{"type":"FeatureCollection","features":[{"type":"Feature","id":149765,"geometry":{"type":"Polygon","coordinates":[[[-73.904001422158046,40.816522281194509],[-73.90442642140718,40.815281279889028],[-73.903471421530313,40.815083280182627],[-73.902580422125851,40.817378280062535],[-73.903594421553962,40.81758728020997],[-73.904001422158046,40.816522281194509]]]},"properties":{"OBJECTID":149765,"GEOID20":"360050079002","GEOID10":"360050079002","STATEFP":"36","COUNTYFP":"005","D1C":10.029384336565023,"D1C5_RET":0.87977055583903718,"D2B_E5MIXA":0.29219727731289624,"D3A":47.412449983302409,"D3AAO":0,"D3B":75.111290975313636,"D4A":238.72,"D4C":92.329999999999998,"D4D":10397.3395738,"D5AR":925175,"D5BR":1503396}},{"type":"Feature","id":149773,"geometry":{"type":"Polygon","coordinates":[[[-73.884287419835886,40.881263293469765],[-73.883831418827995,40.880474292818882],[-73.881245417958354,40.882718293732573],[-73.882088419478848,40.883141294345954],[-73.884287419835886,40.881263293469765]]]},"properties":{"OBJECTID":149773,"GEOID20":"360050421002","GEOID10":"360050421002","STATEFP":"36","COUNTYFP":"005","D1C":30.22768421835859,"D1C5_RET":17.051514174458692,"D2B_E5MIXA":0.70080403421814086,"D3A":38.572927356543929,"D3AAO":0,"D3B":396.9344662380546,"D4A":174.34999999999999,"D4C":102.33,"D4D":10152.037973,"D5AR":535369,"D5BR":2593234}},{"type":"Feature","id":149774,"geometry":{"type":"Polygon","coordinates":[[[-73.890437420119952,40.846235286916958],[-73.891126418959715,40.845418286419921],[-73.889018418839271,40.844378286359444],[-73.888320417982058,40.845187286340959],[-73.88723441858393,40.844644286744234],[-73.885604418314372,40.846551286764296],[-73.886698418108423,40.847090286607326],[-73.887837419006615,40.845751287102395],[-73.889966419941757,40.846801286122094],[-73.890437420119952,40.846235286916958]]]},"properties":{"OBJECTID":149774,"GEOID20":"360050371002","GEOID10":"360050371002","STATEFP":"36","COUNTYFP":"005","D1C":25.386714768285511,"D1C5_RET":3.5662289793543933,"D2B_E5MIXA":0.42608780254996242,"D3A":37.526715843261023,"D3AAO":0,"D3B":77.369035484298692,"D4A":246.77000000000001,"D4C":50.329999999999998,"D4D":1946.99177796,"D5AR":705373,"D5BR":1281992}},{"type":"Feature","id":149775,"geometry":{"type":"Polygon","coordinates":[[[-73.889651417602551,40.825144282458453],[-73.889302417623085,40.821440282632373],[-73.887545418030243,40.822569282347644],[-73.887075416778643,40.823315281276493],[-73.888549417412577,40.823246282077619],[-73.888712417619217,40.825189282045422],[-73.889651417602551,40.825144282458453]]]},"properties":{"OBJECTID":149775,"GEOID20":"360050119002","GEOID10":"360050119002","STATEFP":"36","COUNTYFP":"005","D1C":10.427506624219763,"D1C5_RET":0,"D2B_E5MIXA":0.17937911212580426,"D3A":31.695298075980041,"D3AAO":0,"D3B":0,"D4A":321.87,"D4C":151.33000000000001,"D4D":9438.4722389100007,"D5AR":866487,"D5BR":1365116}},{"type":"Feature","id":149776,"geometry":{"type":"Polygon","coordinates":[[[-73.906889427643065,40.907113298063429],[-73.9067764294618,40.906399297379281],[-73.906097427972824,40.90622129756386],[-73.90576542861011,40.906330298465058],[-73.905319427647967,40.906944297263841],[-73.905089427494204,40.90702329742625],[-73.905562427322209,40.907281297703079],[-73.905324426772523,40.90773729748318],[-73.905251427875911,40.908143298443662],[-73.905034428140922,40.908260299167409],[-73.904915428315235,40.909389299077084],[-73.905287427860927,40.90980029877533],[-73.905946428360082,40.909999297954073],[-73.906728427984589,40.909330298033645],[-73.906545428584792,40.908933297790078],[-73.906473427716463,40.908460297580966],[-73.906567428326113,40.907955297502802],[-73.906889427643065,40.907113298063429]]]},"properties":{"OBJECTID":149776,"GEOID20":"360050323002","GEOID10":"360050323002","STATEFP":"36","COUNTYFP":"005","D1C":1.3586619856005946,"D1C5_RET":0.42458187050018581,"D2B_E5MIXA":0.58843969373766458,"D3A":13.214416475745255,"D3AAO":0,"D3B":36.249101775823867,"D4A":296.38999999999999,"D4C":24.329999999999998,"D4D":1322.2498443899999,"D5AR":563428,"D5BR":1541171}},{"type":"Feature","id":149777,"geometry":{"type":"Polygon","coordinates":[[[-73.912547426934211,40.860048288855531],[-73.913285427076104,40.859627288293709],[-73.910905426969094,40.858786288757273],[-73.910082426438407,40.859712289098795],[-73.909966426985747,40.860101288513896],[-73.909450427500033,40.860336288552126],[-73.907587425805346,40.862824289069955],[-73.908609426527676,40.862804289590223],[-73.909041426347798,40.862687289319794],[-73.90917242676737,40.862232288869833],[-73.909555427082026,40.861730289364999],[-73.9105324267002,40.860886289140915],[-73.911251427473815,40.860485287976807],[-73.912259427952463,40.860198288330047],[-73.912547426934211,40.860048288855531]]]},"properties":{"OBJECTID":149777,"GEOID20":"360050255003","GEOID10":"360050255003","STATEFP":"36","COUNTYFP":"005","D1C":2.2952144123726486,"D1C5_RET":0.45904288247452968,"D2B_E5MIXA":0.94323260740048886,"D3A":23.708121219034595,"D3AAO":0,"D3B":55.88456935374159,"D4A":269.56999999999999,"D4C":33.670000000000002,"D4D":1410.5198276900001,"D5AR":629096,"D5BR":2741463}},{"type":"Feature","id":149778,"geometry":{"type":"Polygon","coordinates":[[[-73.903436423166838,40.832224284207207],[-73.901865422448509,40.831728283337405],[-73.900184422125321,40.834200284172987],[-73.899000421919624,40.8339002840695],[-73.898454422296666,40.834729283291004],[-73.901213421622046,40.835506283893636],[-73.903436423166838,40.832224284207207]]]},"properties":{"OBJECTID":149778,"GEOID20":"360050149001","GEOID10":"360050149001","STATEFP":"36","COUNTYFP":"005","D1C":13.047611712271998,"D1C5_RET":0.80469851969959461,"D2B_E5MIXA":0.2545142275239124,"D3A":21.038716642324857,"D3AAO":0,"D3B":36.786224809540471,"D4A":409.04000000000002,"D4C":49.670000000000002,"D4D":1827.17178629,"D5AR":824756,"D5BR":794689}},{"type":"Feature","id":149854,"geometry":{"type":"Polygon","coordinates":[[[-73.864466411095407,40.841096286216512],[-73.863939410840715,40.840053285818612],[-73.863556410526073,40.837873286232686],[-73.862754409911773,40.837935285640135],[-73.862627409690162,40.838021285467683],[-73.862671410969412,40.838123285703254],[-73.862899410575039,40.838149286284569],[-73.862975409844722,40.838044285521178],[-73.863071410104169,40.838376286143188],[-73.863313410851831,40.840236286796085],[-73.862675410269063,40.840417285828671],[-73.863581410640435,40.84128628620352],[-73.864466411095407,40.841096286216512]]]},"properties":{"OBJECTID":149854,"GEOID20":"360050216021","GEOID10":"360050216021","STATEFP":"36","COUNTYFP":"005","D1C":4.4255772796763226,"D1C5_RET":0.49173080885292481,"D2B_E5MIXA":0.59185845942352122,"D3A":35.119517745843787,"D3AAO":0,"D3B":279.88006357751533,"D4A":223.97,"D4C":36.670000000000002,"D4D":3846.7773355999998,"D5AR":611907,"D5BR":1744404}},{"type":"Feature","id":149860,"geometry":{"type":"Polygon","coordinates":[[[-73.866344411062087,40.847598287243386],[-73.866948412207975,40.847510287743802],[-73.866120412552718,40.845231286968193],[-73.863452409870675,40.845786287383056],[-73.864245411162486,40.847989287653007],[-73.866344411062087,40.847598287243386]]]},"properties":{"OBJECTID":149860,"GEOID20":"360050232002","GEOID10":"360050232002","STATEFP":"36","COUNTYFP":"005","D1C":5.2121689171074665,"D1C5_RET":0,"D2B_E5MIXA":0.5081343068629004,"D3A":31.336238740697567,"D3AAO":0,"D3B":115.53956988613496,"D4A":0,"D4C":53,"D4D":2296.0619437400001,"D5AR":620293,"D5BR":2829616}},{"type":"Feature","id":149861,"geometry":{"type":"Polygon","coordinates":[[[-73.860584410765355,40.853629289247522],[-73.860149410572177,40.853043288861286],[-73.860122409909692,40.851635288465637],[-73.854409408570305,40.854208289363193],[-73.855352408751614,40.855441290026569],[-73.859487410598263,40.853603288623695],[-73.860584410765355,40.853629289247522]]]},"properties":{"OBJECTID":149861,"GEOID20":"360050248003","GEOID10":"360050248003","STATEFP":"36","COUNTYFP":"005","D1C":2.9739662971623866,"D1C5_RET":1.1512127601918916,"D2B_E5MIXA":0.82305089560612044,"D3A":35.67283696537622,"D3AAO":0,"D3B":112.57325844329777,"D4A":423.79000000000002,"D4C":47,"D4D":1442.8533261099999,"D5AR":598753,"D5BR":2758188}},{"type":"Feature","id":149862,"geometry":{"type":"Polygon","coordinates":[[[-73.921487428302413,40.811043279045123],[-73.921951427909605,40.81041327891252],[-73.918432426006092,40.808932278799546],[-73.918050426414666,40.809583278790655],[-73.921487428302413,40.811043279045123]]]},"properties":{"OBJECTID":149862,"GEOID20":"360050039004","GEOID10":"360050039004","STATEFP":"36","COUNTYFP":"005","D1C":2.4249536705023274,"D1C5_RET":1.0609172308447681,"D2B_E5MIXA":0.54772678981753442,"D3A":24.022062459625158,"D3AAO":0,"D3B":0,"D4A":340.63999999999999,"D4C":89,"D4D":8632.8350669899992,"D5AR":900313,"D5BR":1798136}},{"type":"Feature","id":149863,"geometry":{"type":"Polygon","coordinates":[[[-73.880462415814009,40.843917286628368],[-73.881417416589187,40.842855285367442],[-73.878846415788132,40.841531285937251],[-73.878172416118673,40.842633286270718],[-73.880462415814009,40.843917286628368]]]},"properties":{"OBJECTID":149863,"GEOID20":"360050361001","GEOID10":"360050361001","STATEFP":"36","COUNTYFP":"005","D1C":7.5025911488040258,"D1C5_RET":0,"D2B_E5MIXA":0.3264004876839911,"D3A":30.982004660834711,"D3AAO":0,"D3B":50.042282962522847,"D4A":170.31999999999999,"D4C":92,"D4D":6902.3838569,"D5AR":729743,"D5BR":2875565}},{"type":"Feature","id":149864,"geometry":{"type":"Polygon","coordinates":[[[-73.921785427329937,40.819535280157403],[-73.922119428139098,40.818804280579329],[-73.918900426709541,40.817975279411108],[-73.918571426821586,40.818699279771842],[-73.916791426764192,40.818237280226811],[-73.916499426686158,40.818886280647668],[-73.921479428804815,40.820208280243556],[-73.921785427329937,40.819535280157403]]]},"properties":{"OBJECTID":149864,"GEOID20":"360050067002","GEOID10":"360050067002","STATEFP":"36","COUNTYFP":"005","D1C":25.684774382908724,"D1C5_RET":2.6430242768692356,"D2B_E5MIXA":0.37527906804673622,"D3A":27.516063264566458,"D3AAO":0,"D3B":86.745412163913372,"D4A":221.28,"D4C":112,"D4D":4857.7430811800004,"D5AR":939562,"D5BR":1726076}},{"type":"Feature","id":149865,"geometry":{"type":"Polygon","coordinates":[[[-73.86822441157689,40.827434283477771],[-73.868302412293019,40.827290283992902],[-73.867879410897075,40.825186282934915],[-73.864911410436022,40.825604283669989],[-73.865421410073964,40.827810284170482],[-73.86822441157689,40.827434283477771]]]},"properties":{"OBJECTID":149865,"GEOID20":"360050044001","GEOID10":"360050044001","STATEFP":"36","COUNTYFP":"005","D1C":3.001900100571318,"D1C5_RET":0,"D2B_E5MIXA":0,"D3A":22.015912529426345,"D3AAO":0,"D3B":0,"D4A":136.78999999999999,"D4C":21.329999999999998,"D4D":871.90507772199999,"D5AR":889291,"D5BR":2196237}},{"type":"Feature","id":149866,"geometry":{"type":"Polygon","coordinates":[[[-73.91641142682262,40.829298282687823],[-73.916907426216838,40.828397282573292],[-73.914761425563242,40.827564282092773],[-73.915317427028555,40.826554281289233],[-73.914611425775405,40.826303281783552],[-73.913632425609109,40.826932282700675],[-73.912963425962502,40.828168282761979],[-73.91641142682262,40.829298282687823]]]},"properties":{"OBJECTID":149866,"GEOID20":"360050173001","GEOID10":"360050173001","STATEFP":"36","COUNTYFP":"005","D1C":13.577572671432629,"D1C5_RET":0.57953054085383171,"D2B_E5MIXA":0.33323344453078418,"D3A":27.472665475040476,"D3AAO":0,"D3B":141.36571273124781,"D4A":272.25,"D4C":61.670000000000002,"D4D":3267.62500155,"D5AR":922810,"D5BR":2192017}},{"type":"Feature","id":149867,"geometry":{"type":"Polygon","coordinates":[[[-73.83113340109368,40.845315288269873],[-73.830625401105564,40.844539288114767],[-73.830433400586614,40.843866288269865],[-73.827576399555326,40.844740288490961],[-73.826114398616937,40.845347288543557],[-73.826348398968676,40.846091288852243],[-73.826884399444197,40.846911288693846],[-73.83113340109368,40.845315288269873]]]},"properties":{"OBJECTID":149867,"GEOID20":"360050266021","GEOID10":"360050266021","STATEFP":"36","COUNTYFP":"005","D1C":21.727896860985044,"D1C5_RET":0.38505133677695014,"D2B_E5MIXA":0.23589093105450332,"D3A":27.663211498124614,"D3AAO":0,"D3B":199.54020359787455,"D4A":274.93000000000001,"D4C":59,"D4D":2077.07692524,"D5AR":612539,"D5BR":1762074}},{"type":"Feature","id":149868,"geometry":{"type":"Polygon","coordinates":[[[-73.86705441430982,40.882263294405959],[-73.865348413872283,40.88179229518915],[-73.864254413179935,40.884037295284251],[-73.865661412968407,40.884496294856064],[-73.86598341408201,40.884399295315426],[-73.86705441430982,40.882263294405959]]]},"properties":{"OBJECTID":149868,"GEOID20":"360050392001","GEOID10":"360050392001","STATEFP":"36","COUNTYFP":"005","D1C":1.0918908541931638,"D1C5_RET":0,"D2B_E5MIXA":0.67729214671113769,"D3A":16.677298846319058,"D3AAO":0,"D3B":0,"D4A":496.20999999999998,"D4C":42,"D4D":2668.1841964300002,"D5AR":520449,"D5BR":3224113}},{"type":"Feature","id":149869,"geometry":{"type":"Polygon","coordinates":[[[-73.827883397905353,40.823184283888978],[-73.826718397067893,40.821827284468242],[-73.82283439618972,40.823753284683981],[-73.822250396931935,40.823927284210477],[-73.824639397259759,40.824774285301331],[-73.827883397905353,40.823184283888978]]]},"properties":{"OBJECTID":149869,"GEOID20":"360050144002","GEOID10":"360050144002","STATEFP":"36","COUNTYFP":"005","D1C":2.3059176243684552,"D1C5_RET":0,"D2B_E5MIXA":0,"D3A":25.911224872937396,"D3AAO":4.2784196610860246,"D3B":37.840699476815672,"D4A":238.72,"D4C":12.67,"D4D":479.44166237100001,"D5AR":835359,"D5BR":1117817}},{"type":"Feature","id":149870,"geometry":{"type":"Polygon","coordinates":[[[-73.818890395935384,40.821863284445172],[-73.817235393754842,40.819053283947071],[-73.815973393731312,40.819500283691504],[-73.815451393499501,40.81771128359361],[-73.814453393066614,40.817777283666238],[-73.810977392617417,40.818295284263435],[-73.810061392200311,40.818552284344598],[-73.810023391667173,40.818645283681612],[-73.816594393697329,40.820755284207628],[-73.818890395935384,40.821863284445172]]]},"properties":{"OBJECTID":149870,"GEOID20":"360050130001","GEOID10":"360050130001","STATEFP":"36","COUNTYFP":"005","D1C":5.540227515331587,"D1C5_RET":0.10453259462889787,"D2B_E5MIXA":0.68429380346028201,"D3A":34.951123447291742,"D3AAO":0,"D3B":230.473464637794,"D4A":388.92000000000002,"D4C":19.329999999999998,"D4D":431.06454489100003,"D5AR":733686,"D5BR":916281}},{"type":"Feature","id":149871,"geometry":{"type":"Polygon","coordinates":[[[-73.914341429031921,40.862529288998203],[-73.912940428192925,40.861972288082832],[-73.910757427729393,40.861659288585216],[-73.90986842617815,40.862318288419516],[-73.909041426347798,40.862687289319794],[-73.909108426294949,40.863563289321348],[-73.909028426827334,40.864224289953803],[-73.90882742698588,40.864862289854301],[-73.908489425978757,40.865353290038144],[-73.908528426336829,40.866545290377672],[-73.908369427226489,40.867255289924223],[-73.907931426660241,40.868459290833933],[-73.90722342575728,40.868859289961279],[-73.906320425758949,40.869580290528795],[-73.905893425961693,40.870550290878427],[-73.904663425725218,40.872653290860775],[-73.905715425686452,40.873146291466369],[-73.907001425999411,40.873463291218691],[-73.907105425756498,40.87298629118856],[-73.907906427444203,40.872686291408634],[-73.908606427052959,40.871686291155235],[-73.909106427543449,40.871684290660014],[-73.909204426554425,40.869784290831284],[-73.909805427327285,40.868290290466362],[-73.910852427265638,40.866536289827444],[-73.914341429031921,40.862529288998203]]]},"properties":{"OBJECTID":149871,"GEOID20":"360050269001","GEOID10":"360050269001","STATEFP":"36","COUNTYFP":"005","D1C":12.947503864823318,"D1C5_RET":7.850165110309967,"D2B_E5MIXA":0.61467814446622737,"D3A":29.464780413147345,"D3AAO":16.474555603129435,"D3B":44.980919699327302,"D4A":320.52999999999997,"D4C":103.67,"D4D":873.907785838,"D5AR":619907,"D5BR":2370401}},{"type":"Feature","id":149872,"geometry":{"type":"Polygon","coordinates":[[[-73.926460430748406,40.840187283653762],[-73.925961430082793,40.840133284670351],[-73.925269430869989,40.840184283862421],[-73.925014430601877,40.841253284960786],[-73.923816430152428,40.842894283791182],[-73.923598430592548,40.844248284694707],[-73.924695430759641,40.843461284002125],[-73.924789429572655,40.842767285006317],[-73.926460430748406,40.840187283653762]]]},"properties":{"OBJECTID":149872,"GEOID20":"360050201002","GEOID10":"360050201002","STATEFP":"36","COUNTYFP":"005","D1C":16.714016504660787,"D1C5_RET":3.7986401146956337,"D2B_E5MIXA":0.82131194898134707,"D3A":35.072487511605779,"D3AAO":0,"D3B":243.19400499630069,"D4A":168.97999999999999,"D4C":60.329999999999998,"D4D":4889.0017732200004,"D5AR":916433,"D5BR":1851506}},{"type":"Feature","id":149873,"geometry":{"type":"Polygon","coordinates":[[[-73.90841942655689,40.852652287697573],[-73.909216426249998,40.85180928616802],[-73.90764942483132,40.850868287535619],[-73.906994426326733,40.8503792871158],[-73.906051424348803,40.851409287346854],[-73.90841942655689,40.852652287697573]]]},"properties":{"OBJECTID":149873,"GEOID20":"360050241001","GEOID10":"360050241001","STATEFP":"36","COUNTYFP":"005","D1C":13.997732927175116,"D1C5_RET":1.4664291637992979,"D2B_E5MIXA":0.62532451290636937,"D3A":29.086584901053271,"D3AAO":0,"D3B":85.319514984686421,"D4A":0,"D4C":106.33,"D4D":9072.0240283200001,"D5AR":720265,"D5BR":2211157}},{"type":"Feature","id":149874,"geometry":{"type":"Polygon","coordinates":[[[-73.870502411576652,40.820372281566286],[-73.869970410400782,40.818276281575258],[-73.869546411874879,40.816103280941874],[-73.865706410479305,40.816631281605282],[-73.866199410398806,40.818753281936587],[-73.868097410456983,40.818506282263222],[-73.868577410855991,40.820632282434254],[-73.870502411576652,40.820372281566286]]]},"properties":{"OBJECTID":149874,"GEOID20":"360050020003","GEOID10":"360050020003","STATEFP":"36","COUNTYFP":"005","D1C":6.5203734069503039,"D1C5_RET":0,"D2B_E5MIXA":0.31182682046584598,"D3A":16.337429981812814,"D3AAO":0,"D3B":29.454152720382144,"D4A":447.93000000000001,"D4C":19,"D4D":419.51192030499999,"D5AR":807914,"D5BR":335478}},{"type":"Feature","id":149875,"geometry":{"type":"Polygon","coordinates":[[[-73.895610421684154,40.854579287534307],[-73.895150421376627,40.85463728831882],[-73.893985422335788,40.854255287911336],[-73.894206421370399,40.853863288287627],[-73.89216841977354,40.852778288409716],[-73.89090342117359,40.854125288636361],[-73.892501420757782,40.854983288921282],[-73.89477742200603,40.855938288904781],[-73.895610421684154,40.854579287534307]]]},"properties":{"OBJECTID":149875,"GEOID20":"360050385004","GEOID10":"360050385004","STATEFP":"36","COUNTYFP":"005","D1C":4.1468642380233725,"D1C5_RET":1.1189951118475767,"D2B_E5MIXA":0.89560767401973218,"D3A":28.281624761700943,"D3AAO":0,"D3B":140.45100057975796,"D4A":284.31999999999999,"D4C":41,"D4D":1727.20186676,"D5AR":660683,"D5BR":769307}},{"type":"Feature","id":149888,"geometry":{"type":"Polygon","coordinates":[[[-73.850938405449043,40.818563282635523],[-73.851081405564187,40.818626282453373],[-73.850600405340245,40.816506282940416],[-73.847540403919368,40.816913282710168],[-73.848009403549412,40.818940283340005],[-73.850938405449043,40.818563282635523]]]},"properties":{"OBJECTID":149888,"GEOID20":"360050086002","GEOID10":"360050086002","STATEFP":"36","COUNTYFP":"005","D1C":0.067342450401190967,"D1C5_RET":0,"D2B_E5MIXA":0,"D3A":13.303820979609478,"D3AAO":0,"D3B":100.59345871128302,"D4A":236.03999999999999,"D4C":22,"D4D":948.18170164900005,"D5AR":644865,"D5BR":669379}},{"type":"Feature","id":150179,"geometry":{"type":"Polygon","coordinates":[[[-73.835401403908051,40.885636296391276],[-73.835914404817345,40.884703296551102],[-73.834603403491698,40.88416929573134],[-73.834347403398667,40.883858296011859],[-73.834048403647913,40.88399829595069],[-73.832575403737195,40.885773296879151],[-73.832469403431986,40.886823296510599],[-73.834790403987768,40.887096297366689],[-73.835401403908051,40.885636296391276]]]},"properties":{"OBJECTID":150179,"GEOID20":"360050484001","GEOID10":"360050484001","STATEFP":"36","COUNTYFP":"005","D1C":3.0828397578429372,"D1C5_RET":0,"D2B_E5MIXA":0,"D3A":30.960219838704148,"D3AAO":0,"D3B":163.91805415661079,"D4A":402.33999999999997,"D4C":54.329999999999998,"D4D":2225.3043184200001,"D5AR":518581,"D5BR":605926}},{"type":"Feature","id":150184,"geometry":{"type":"Polygon","coordinates":[[[-73.84657740813816,40.882219295282951],[-73.847027408399967,40.881601294785128],[-73.844264406181665,40.880428294992349],[-73.844774406717917,40.879764295105311],[-73.843242406357675,40.879117294595645],[-73.842016407217471,40.879880295303913],[-73.842688406338809,40.880581295169719],[-73.84657740813816,40.882219295282951]]]},"properties":{"OBJECTID":150184,"GEOID20":"360050460002","GEOID10":"360050460002","STATEFP":"36","COUNTYFP":"005","D1C":1.0943831098365906,"D1C5_RET":0,"D2B_E5MIXA":0.49102109622818302,"D3A":27.236340693378445,"D3AAO":0,"D3B":53.877322330416767,"D4A":226.65000000000001,"D4C":50.670000000000002,"D4D":2729.9639224799998,"D5AR":535091,"D5BR":2714283}},{"type":"Feature","id":150185,"geometry":{"type":"Polygon","coordinates":[[[-73.832731402474494,40.868465293291052],[-73.833161403543116,40.868328292982312],[-73.832050402234032,40.86640029298831],[-73.830906401312959,40.864856291826101],[-73.829595400885637,40.862181291699009],[-73.828373400146759,40.860955291288782],[-73.828125399551325,40.86125729135621],[-73.82785340046307,40.861360291901185],[-73.824422399321421,40.86534729273378],[-73.821459398883221,40.868414293447245],[-73.821165398257037,40.868591293136369],[-73.820874398003909,40.868915293287444],[-73.821268399985826,40.869079293682105],[-73.823297400463559,40.87310629398042],[-73.819927399421275,40.882128296340113],[-73.819815399268279,40.885582297097628],[-73.820761399822629,40.885312295893584],[-73.820907399412491,40.885718297322114],[-73.821189400343115,40.885988296869755],[-73.821459400679842,40.886123296569977],[-73.822059400729472,40.886116296023829],[-73.826613401977482,40.884657296230394],[-73.826064401083187,40.884161295938171],[-73.829862402645929,40.882183295484772],[-73.831445403059831,40.881115295734276],[-73.832452402815235,40.880224294884854],[-73.830835402066157,40.878710294981829],[-73.83040440207094,40.878464295041546],[-73.829556402324187,40.878272294734558],[-73.829107401887313,40.878267295012726],[-73.828659402173656,40.87836029480286],[-73.823621399430351,40.879975295789386],[-73.823035400522741,40.879884296478195],[-73.822781400079521,40.879773295215855],[-73.822572400740469,40.879539294661669],[-73.822520399963622,40.879037294588805],[-73.822885400734918,40.878194295363464],[-73.824128400491858,40.876648295813638],[-73.824382400036754,40.876127294502361],[-73.824503400410578,40.875636294735024],[-73.824525401050209,40.874932295226287],[-73.82435439954935,40.873469294580708],[-73.82437239999102,40.872709294374339],[-73.82468440016055,40.871754294370923],[-73.825261399745642,40.870954294032906],[-73.825887400632851,40.870404293500428],[-73.826429400057833,40.870641294190001],[-73.82730140099234,40.870893294190438],[-73.82941140166092,40.87112029396544],[-73.830563402079591,40.871481293405203],[-73.830900402363497,40.870972293931089],[-73.830990401876861,40.870524293499898],[-73.830972402333501,40.87030429322153],[-73.830476402040958,40.86912529260146],[-73.832731402474494,40.868465293291052]]]},"properties":{"OBJECTID":150185,"GEOID20":"360050462011","GEOID10":"360050462011","STATEFP":"36","COUNTYFP":"005","D1C":21.40526163101357,"D1C5_RET":10.637035761643318,"D2B_E5MIXA":0.83032208859226375,"D3A":27.498807688440113,"D3AAO":8.1458332824697663,"D3B":68.219423549686908,"D4A":124.72,"D4C":89.329999999999998,"D4D":192.38062650200001,"D5AR":505458,"D5BR":483527}},{"type":"Feature","id":150186,"geometry":{"type":"Polygon","coordinates":[[[-73.825434400896327,40.879392294900597],[-73.824959399621847,40.878640295229921],[-73.824221399479967,40.878375295304558],[-73.823968400658288,40.878874294886927],[-73.823838400063622,40.87882129530994],[-73.823810400474557,40.878892296027985],[-73.823356400913099,40.878737295739619],[-73.823352399816827,40.878383295797143],[-73.822885400734918,40.878194295363464],[-73.822520399963622,40.879037294588805],[-73.822572400740469,40.879539294661669],[-73.822781400079521,40.879773295215855],[-73.823035400522741,40.879884296478195],[-73.823621399430351,40.879975295789386],[-73.825434400896327,40.879392294900597]]]},"properties":{"OBJECTID":150186,"GEOID20":"360050462012","GEOID10":"360050462012","STATEFP":"36","COUNTYFP":"005","D1C":3.4577902884767941,"D1C5_RET":0,"D2B_E5MIXA":0,"D3A":13.710889819382924,"D3AAO":0,"D3B":113.54319371884414,"D4A":124.72,"D4C":31.329999999999998,"D4D":2666.6478704699998,"D5AR":485514,"D5BR":333008}},{"type":"Feature","id":150187,"geometry":{"type":"Polygon","coordinates":[[[-73.833808404346726,40.882965295938092],[-73.833685403424752,40.88246129587062],[-73.833361402661353,40.882077295474765],[-73.833080404250595,40.882028296111152],[-73.832803403342837,40.882240296118354],[-73.832232401808895,40.882057295697308],[-73.832422403576317,40.88112429566111],[-73.832317403096013,40.880843295784111],[-73.831445403059831,40.881115295734276],[-73.829862402645929,40.882183295484772],[-73.826064401083187,40.884161295938171],[-73.826613401977482,40.884657296230394],[-73.822059400729472,40.886116296023829],[-73.821459400679842,40.886123296569977],[-73.821189400343115,40.885988296869755],[-73.820907399412491,40.885718297322114],[-73.820761399822629,40.885312295893584],[-73.819815399268279,40.885582297097628],[-73.820775400066324,40.886718296821755],[-73.823542400685952,40.88750829673031],[-73.823753400573139,40.887840297370879],[-73.824493400364844,40.887386296935539],[-73.824408400874347,40.887267296612848],[-73.825249400948394,40.886824296869015],[-73.826964401606773,40.886306296614428],[-73.83065540303943,40.88486129625759],[-73.832811403738759,40.884480296026908],[-73.833619403302521,40.884194296182564],[-73.83328440266844,40.883175296191766],[-73.833717403211807,40.883083296110875],[-73.833808404346726,40.882965295938092]]]},"properties":{"OBJECTID":150187,"GEOID20":"360050462021","GEOID10":"360050462021","STATEFP":"36","COUNTYFP":"005","D1C":12.740697842768206,"D1C5_RET":1.2678089990960992,"D2B_E5MIXA":0.81618121047094794,"D3A":24.342850056272134,"D3AAO":0.96064477887402389,"D3B":106.9502446962026,"D4A":293.70999999999998,"D4C":71,"D4D":690.06428330000006,"D5AR":542640,"D5BR":579718}},{"type":"Feature","id":150188,"geometry":{"type":"Polygon","coordinates":[[[-73.842998405960188,40.879270294407405],[-73.843242406357675,40.879117294595645],[-73.839439404772008,40.877454294197634],[-73.835824404405656,40.875997294683245],[-73.836163404339374,40.876784294698815],[-73.838744404287837,40.881274294940276],[-73.841278406177267,40.880325294900103],[-73.842998405960188,40.879270294407405]]]},"properties":{"OBJECTID":150188,"GEOID20":"360050462022","GEOID10":"360050462022","STATEFP":"36","COUNTYFP":"005","D1C":8.6258721468781836,"D1C5_RET":3.9874314641229338,"D2B_E5MIXA":0.66723551746415888,"D3A":26.164893967826345,"D3AAO":0,"D3B":190.99742462380635,"D4A":358.07999999999998,"D4C":67.329999999999998,"D4D":1168.8653517499999,"D5AR":518875,"D5BR":2210611}},{"type":"Feature","id":150189,"geometry":{"type":"Polygon","coordinates":[[[-73.83442240374174,40.887998297058026],[-73.834790403987768,40.887096297366689],[-73.832469403431986,40.886823296510599],[-73.832575403737195,40.885773296879151],[-73.834048403647913,40.88399829595069],[-73.832811403738759,40.884480296026908],[-73.83065540303943,40.88486129625759],[-73.826964401606773,40.886306296614428],[-73.825249400948394,40.886824296869015],[-73.824408400874347,40.887267296612848],[-73.82492140088533,40.887858296752519],[-73.827329402378069,40.888193297329479],[-73.827729401512826,40.888337296910365],[-73.828571402310104,40.888870297046601],[-73.829048403234381,40.889036296874821],[-73.829474403206731,40.889091297069676],[-73.834675404360041,40.889340296503271],[-73.834453404602172,40.888631296439812],[-73.83442240374174,40.887998297058026]]]},"properties":{"OBJECTID":150189,"GEOID20":"360050484002","GEOID10":"360050484002","STATEFP":"36","COUNTYFP":"005","D1C":15.94869628132164,"D1C5_RET":1.4701312214626092,"D2B_E5MIXA":0.648261852851575,"D3A":28.871022711981887,"D3AAO":0,"D3B":215.47193569616343,"D4A":114,"D4C":54.329999999999998,"D4D":516.34572452199995,"D5AR":539118,"D5BR":1208586}},{"type":"Feature","id":150190,"geometry":{"type":"MultiPolygon","coordinates":[[[[-73.772504382460085,40.852031292578005],[-73.772511383031087,40.851687291927256],[-73.772081381962465,40.851603291907907],[-73.771984381878099,40.851505292203719],[-73.771016381582442,40.849903291603447],[-73.771041381696804,40.84924829223722],[-73.771361382262242,40.847812290666155],[-73.771579381822136,40.847594290913428],[-73.771629381152536,40.847376291123034],[-73.771478381539808,40.847073290690872],[-73.77093238101854,40.846779290070849],[-73.770059380259127,40.845755290339035],[-73.769127380846797,40.844907289881561],[-73.768749381453333,40.845041290815139],[-73.767822380267248,40.845134291060376],[-73.767858380252264,40.845549290849043],[-73.769352381876004,40.847104291195663],[-73.769627381337315,40.84766729100086],[-73.76954738097136,40.848175291290801],[-73.768990380579439,40.849466290625642],[-73.769009379947704,40.849779290657878],[-73.768635380752215,40.850642291954678],[-73.769156381159107,40.852080291039968],[-73.769260380916194,40.852509291544173],[-73.769235381700156,40.852851292298837],[-73.769162381006893,40.85304729165734],[-73.768525381147356,40.853329292143854],[-73.767980380450993,40.854253291645769],[-73.767215379646615,40.854510293013234],[-73.766817381059994,40.854559291680218],[-73.766340380135688,40.854792292708233],[-73.765905379044199,40.854896292596351],[-73.76532438015947,40.8549082918151],[-73.765195379389709,40.85530629230265],[-73.768329380430444,40.85773029278166],[-73.768280381823288,40.858354293241263],[-73.768452381352418,40.858587293830695],[-73.769731381094374,40.859621293188461],[-73.771005381711788,40.860117293235177],[-73.772268382458535,40.859904293633143],[-73.772437382512948,40.859780293740783],[-73.772461381904066,40.859658293795469],[-73.772088382533482,40.858862293124872],[-73.772192382290555,40.858483293622214],[-73.7721123819246,40.85765629279026],[-73.771726382135228,40.856922292512152],[-73.771714382439669,40.856059292160374],[-73.771598382987037,40.855563292302996],[-73.771659381289766,40.85492029239056],[-73.772394381956914,40.853892292736681],[-73.772296382047628,40.852986292307413],[-73.771916382106028,40.852913291964441],[-73.771831382615531,40.852821291278076],[-73.771867381702222,40.852539292026719],[-73.772424381195833,40.852447292179953],[-73.772504382460085,40.852031292578005]]],[[[-73.78156438527553,40.855752292111234],[-73.781565384202125,40.855009291721352],[-73.780906384601266,40.854976292555989],[-73.780619384546085,40.855743292132622],[-73.781228384816544,40.856096292039219],[-73.78156438527553,40.855752292111234]]],[[[-73.783948385580487,40.855638292064938],[-73.783679385966991,40.855182291956467],[-73.783025385490674,40.855101292766676],[-73.782833384971752,40.855879292509947],[-73.783436386292749,40.856371292162436],[-73.783948385580487,40.855638292064938]]],[[[-73.787552386974511,40.859893293367179],[-73.787496386898013,40.858810291898116],[-73.786708387425719,40.858785293410399],[-73.785851386559855,40.859152293416763],[-73.78485538667509,40.859049292835309],[-73.784311385803647,40.859659293205588],[-73.784869386918814,40.860280292917729],[-73.787552386974511,40.859893293367179]]],[[[-73.789511386233727,40.835372287470449],[-73.789313386765301,40.834473287913056],[-73.788334385700693,40.834676287804399],[-73.788458385549248,40.83531828796287],[-73.789511386233727,40.835372287470449]]]]},"properties":{"OBJECTID":150190,"GEOID20":"360050516005","GEOID10":"360050516005","STATEFP":"36","COUNTYFP":"005","D1C":0,"D1C5_RET":0,"D2B_E5MIXA":0,"D3A":9.9385348682741288,"D3AAO":0,"D3B":30.600047690713385,"D4A":-99999,"D4C":-99999,"D4D":-99999,"D5AR":0,"D5BR":-99999}},{"type":"Feature","id":150191,"geometry":{"type":"Polygon","coordinates":[[[-73.792561388507181,40.855981291080909],[-73.79036838799793,40.852418291175162],[-73.789429387116272,40.851193291029162],[-73.789878387553145,40.850488290314971],[-73.790083387592574,40.849314290141812],[-73.791166387515943,40.847683290571808],[-73.791193388178456,40.846966290590757],[-73.790865388115392,40.846331289756698],[-73.790278387586241,40.845512289837004],[-73.789766387400164,40.844970289816658],[-73.78937938688756,40.844322289468728],[-73.785704385348424,40.845146290008351],[-73.787429386950848,40.849697291417648],[-73.791505389246296,40.855464291508824],[-73.792561388507181,40.855981291080909]]]},"properties":{"OBJECTID":150191,"GEOID20":"360050516002","GEOID10":"360050516002","STATEFP":"36","COUNTYFP":"005","D1C":4.5646889926764658,"D1C5_RET":0.33746727961421341,"D2B_E5MIXA":0.57668485320523499,"D3A":21.875659841554977,"D3AAO":0,"D3B":70.765360119385491,"D4A":245.41999999999999,"D4C":4.6699999999999999,"D4D":47.190380088200001,"D5AR":417623,"D5BR":87476}},{"type":"Feature","id":150193,"geometry":{"type":"Polygon","coordinates":[[[-73.787429386950848,40.849697291417648],[-73.782885384850289,40.837569289504508],[-73.781712383616892,40.838531288474194],[-73.781459384795227,40.839281288845804],[-73.78158038427074,40.840106288560179],[-73.782481383720906,40.840601289576455],[-73.781315383956866,40.841133289694071],[-73.781561384004164,40.841929289984456],[-73.782227385074336,40.842743289644602],[-73.782953384622346,40.842714289829267],[-73.783306384799758,40.844532289287528],[-73.782397384953654,40.844736289949978],[-73.782428384915789,40.845227290495536],[-73.78307938501905,40.845172289873474],[-73.783080384843956,40.845419290122216],[-73.782227385074336,40.8465132907805],[-73.782084384959205,40.846871290992176],[-73.78276238482664,40.847074290290905],[-73.782519386050708,40.847454290781293],[-73.782710385846414,40.848102290403915],[-73.783356385926794,40.849343291146184],[-73.783591386103438,40.850055291415664],[-73.784364385507104,40.850444290460253],[-73.787429386950848,40.849697291417648]]]},"properties":{"OBJECTID":150193,"GEOID20":"360050516003","GEOID10":"360050516003","STATEFP":"36","COUNTYFP":"005","D1C":5.8050177467685398,"D1C5_RET":0.31591933315747156,"D2B_E5MIXA":0.83288926263904284,"D3A":20.678398622731187,"D3AAO":0,"D3B":167.30800501781158,"D4A":194.46000000000001,"D4C":4.6699999999999999,"D4D":37.193715591599997,"D5AR":405134,"D5BR":87593}},{"type":"Feature","id":150831,"geometry":{"type":"Polygon","coordinates":[[[-73.836437401280818,40.828403285261814],[-73.835337399842373,40.828200285196338],[-73.831499399893247,40.826814285113272],[-73.831107399357776,40.826827283884228],[-73.828585398062231,40.828069285222583],[-73.829743399226999,40.829431286083306],[-73.830528400122859,40.829042285372232],[-73.831911400520227,40.830653285200725],[-73.833666401361555,40.829557284725254],[-73.836114401240607,40.828456285082865],[-73.836437401280818,40.828403285261814]]]},"properties":{"OBJECTID":150831,"GEOID20":"360050166002","GEOID10":"360050166002","STATEFP":"36","COUNTYFP":"005","D1C":8.9371100540792821,"D1C5_RET":8.077181938910142,"D2B_E5MIXA":0.24796733745485966,"D3A":38.754545953082136,"D3AAO":14.003912294654967,"D3B":117.95265415154313,"D4A":211.90000000000001,"D4C":32.670000000000002,"D4D":642.14517765899996,"D5AR":858296,"D5BR":900758}},{"type":"Feature","id":150835,"geometry":{"type":"Polygon","coordinates":[[[-73.860620413445318,40.893675297928787],[-73.86100441358488,40.892975296455155],[-73.858128411388677,40.892052296948833],[-73.85736941133041,40.893402297732543],[-73.860262412346714,40.894323296928683],[-73.860620413445318,40.893675297928787]]]},"properties":{"OBJECTID":150835,"GEOID20":"360050420002","GEOID10":"360050420002","STATEFP":"36","COUNTYFP":"005","D1C":14.442248436067324,"D1C5_RET":12.36558526225372,"D2B_E5MIXA":0.35600512940077317,"D3A":19.863191582653606,"D3AAO":0,"D3B":0,"D4A":150.21000000000001,"D4C":60.329999999999998,"D4D":3644.6571425799998,"D5AR":528110,"D5BR":3594362}},{"type":"Feature","id":150860,"geometry":{"type":"Polygon","coordinates":[[[-73.910538427446298,40.880577292679213],[-73.91030642854102,40.880060292890967],[-73.909679427828891,40.87952329191738],[-73.910311427665562,40.879055291610264],[-73.909506427576545,40.878886292478526],[-73.90919042720904,40.878176291994954],[-73.908555427897639,40.877720292872368],[-73.905451426994119,40.880975292413694],[-73.908013426676021,40.882408293053196],[-73.909337428420443,40.881354292243479],[-73.910538427446298,40.880577292679213]]]},"properties":{"OBJECTID":150860,"GEOID20":"360050289003","GEOID10":"360050289003","STATEFP":"36","COUNTYFP":"005","D1C":25.18918765118169,"D1C5_RET":1.2771982471021703,"D2B_E5MIXA":0.54974986868178799,"D3A":24.549001643494293,"D3AAO":0,"D3B":158.96293205266301,"D4A":190.44,"D4C":78.670000000000002,"D4D":1786.26108621,"D5AR":637916,"D5BR":2367796}},{"type":"Feature","id":150869,"geometry":{"type":"Polygon","coordinates":[[[-73.899673422662488,40.855677288401687],[-73.900259422468409,40.854302287105554],[-73.89931842283525,40.854078287957627],[-73.898777422336849,40.855372288249796],[-73.899673422662488,40.855677288401687]]]},"properties":{"OBJECTID":150869,"GEOID20":"360050381001","GEOID10":"360050381001","STATEFP":"36","COUNTYFP":"005","D1C":15.718731285867985,"D1C5_RET":0.94312387715207913,"D2B_E5MIXA":0.24380197400652465,"D3A":41.503579068578034,"D3AAO":0,"D3B":0,"D4A":402.33999999999997,"D4C":82,"D4D":16498.380357599999,"D5AR":668797,"D5BR":2276215}},{"type":"Feature","id":150887,"geometry":{"type":"Polygon","coordinates":[[[-73.900477424723249,40.874957291015491],[-73.900453424433792,40.874710291530263],[-73.900148424835265,40.874287292056252],[-73.899666424786417,40.874146292083815],[-73.899202424280929,40.874170291695627],[-73.898579422868451,40.87388829163136],[-73.89843442400182,40.873750291118789],[-73.8981804235586,40.87315329134659],[-73.897721423974275,40.871126292105579],[-73.897791424294482,40.870865290992228],[-73.898919424423696,40.869666291405579],[-73.896562422086305,40.868573291232245],[-73.895453423121936,40.869940291637505],[-73.894851421625873,40.870459290838305],[-73.88965942159173,40.876983292004688],[-73.889115421618598,40.878428292521789],[-73.887197420570644,40.880072293663545],[-73.885937420196939,40.880489293520668],[-73.88701242062271,40.882480293743569],[-73.886968420241786,40.882822293915645],[-73.887833420605276,40.882914293680173],[-73.891957422581285,40.882335293216556],[-73.892843421962851,40.882711294184602],[-73.893295422772795,40.882754294598115],[-73.893852424063027,40.882977293467299],[-73.89422642325853,40.883028293639128],[-73.894811423239531,40.882868293474296],[-73.895726424730057,40.88241629373745],[-73.896127423689734,40.882170293307752],[-73.896435424559613,40.881865292907925],[-73.896691422856037,40.880164293175469],[-73.896945423299243,40.879535292787374],[-73.897470423005799,40.878917291680416],[-73.89806642465409,40.878509292390348],[-73.898250423878793,40.878119292616006],[-73.899581423499299,40.876616292319532],[-73.900055424948846,40.876192292278482],[-73.900477424723249,40.874957291015491]]]},"properties":{"OBJECTID":150887,"GEOID20":"360050409001","GEOID10":"360050409001","STATEFP":"36","COUNTYFP":"005","D1C":13.81732423272909,"D1C5_RET":0.099452909544595181,"D2B_E5MIXA":0.22786367516657541,"D3A":20.862417294793076,"D3AAO":0,"D3B":166.97056703179663,"D4A":418.43000000000001,"D4C":177.33000000000001,"D4D":752.468694293,"D5AR":534601,"D5BR":1463789}},{"type":"Feature","id":150888,"geometry":{"type":"Polygon","coordinates":[[[-73.886182420419317,40.875392291905221],[-73.883441417942336,40.874802292381261],[-73.883425418947141,40.87575029296508],[-73.885898419838881,40.876026292836279],[-73.886182420419317,40.875392291905221]]]},"properties":{"OBJECTID":150888,"GEOID20":"360050413003","GEOID10":"360050413003","STATEFP":"36","COUNTYFP":"005","D1C":1.2308225537894073,"D1C5_RET":0.41027418459646908,"D2B_E5MIXA":0.62842080262525457,"D3A":45.145177652261637,"D3AAO":0,"D3B":262.70676588081108,"D4A":253.47,"D4C":124.33,"D4D":16323.004598699999,"D5AR":565416,"D5BR":2581519}},{"type":"Feature","id":150889,"geometry":{"type":"Polygon","coordinates":[[[-73.885898419838881,40.876026292836279],[-73.883425418947141,40.87575029296508],[-73.883831418827995,40.876791292835904],[-73.884783420128457,40.878427292715635],[-73.885898419838881,40.876026292836279]]]},"properties":{"OBJECTID":150889,"GEOID20":"360050413004","GEOID10":"360050413004","STATEFP":"36","COUNTYFP":"005","D1C":6.884105065107593,"D1C5_RET":0,"D2B_E5MIXA":0.099836446501085779,"D3A":62.274176453901887,"D3AAO":0,"D3B":360.36341684216052,"D4A":181.05000000000001,"D4C":143.33000000000001,"D4D":11914.8531802,"D5AR":590007,"D5BR":2584516}},{"type":"Feature","id":150890,"geometry":{"type":"Polygon","coordinates":[[[-73.856998411609652,40.899512298239266],[-73.854300410587001,40.898458298251462],[-73.853005410951511,40.899999298139029],[-73.851552410233964,40.90205329863911],[-73.854054411438028,40.903202298784478],[-73.856998411609652,40.899512298239266]]]},"properties":{"OBJECTID":150890,"GEOID20":"360050414001","GEOID10":"360050414001","STATEFP":"36","COUNTYFP":"005","D1C":6.6099543599176336,"D1C5_RET":1.0791762220273686,"D2B_E5MIXA":0.4044163663275237,"D3A":29.106662840548157,"D3AAO":0,"D3B":86.334097762189487,"D4A":155.56999999999999,"D4C":67.670000000000002,"D4D":1460.5570988899999,"D5AR":527191,"D5BR":3487759}},{"type":"Feature","id":150891,"geometry":{"type":"Polygon","coordinates":[[[-73.85292541058557,40.904608299085787],[-73.851384410004471,40.903899299014917],[-73.849928409812193,40.905886299331407],[-73.849391410410064,40.905743299998726],[-73.84868441112863,40.906751299417913],[-73.850226409738013,40.907376300264531],[-73.851058410489557,40.906466299493289],[-73.85150741092643,40.90665329985633],[-73.85292541058557,40.904608299085787]]]},"properties":{"OBJECTID":150891,"GEOID20":"360050414003","GEOID10":"360050414003","STATEFP":"36","COUNTYFP":"005","D1C":4.7103534702491547,"D1C5_RET":0.27306396928980609,"D2B_E5MIXA":0.13753112649660415,"D3A":34.482844472446097,"D3AAO":0,"D3B":335.06041287736366,"D4A":214.58000000000001,"D4C":47,"D4D":2053.4410490599998,"D5AR":496401,"D5BR":3505789}},{"type":"Feature","id":150892,"geometry":{"type":"Polygon","coordinates":[[[-73.884966419528226,40.869546291889087],[-73.884710418536883,40.868713291572007],[-73.881977419150772,40.870395290757521],[-73.882221417751609,40.87123529105579],[-73.884966419528226,40.869546291889087]]]},"properties":{"OBJECTID":150892,"GEOID20":"360050415001","GEOID10":"360050415001","STATEFP":"36","COUNTYFP":"005","D1C":2.6854310264496162,"D1C5_RET":0,"D2B_E5MIXA":0.66693074149914156,"D3A":36.151925747100748,"D3AAO":0,"D3B":168.53133255873917,"D4A":215.91999999999999,"D4C":50.670000000000002,"D4D":5122.6650394400003,"D5AR":568697,"D5BR":2454164}},{"type":"Feature","id":150893,"geometry":{"type":"Polygon","coordinates":[[[-73.88551841899897,40.870193291519172],[-73.885183419263214,40.86996129161345],[-73.884966419528226,40.869546291889087],[-73.883259419265784,40.870601291794266],[-73.88378241842419,40.87139029124814],[-73.88551841899897,40.870193291519172]]]},"properties":{"OBJECTID":150893,"GEOID20":"360050415003","GEOID10":"360050415003","STATEFP":"36","COUNTYFP":"005","D1C":0.725388879164648,"D1C5_RET":0,"D2B_E5MIXA":0,"D3A":9.0849809458315409,"D3AAO":0,"D3B":0,"D4A":0,"D4C":79,"D4D":12225.220576899999,"D5AR":587035,"D5BR":2651624}},{"type":"Feature","id":150894,"geometry":{"type":"Polygon","coordinates":[[[-73.882686418082017,40.880294293640873],[-73.881443419223373,40.878195292456219],[-73.879347417001867,40.877771293019599],[-73.877687418391716,40.879002293536587],[-73.87803641747287,40.879415294177804],[-73.882686418082017,40.880294293640873]]]},"properties":{"OBJECTID":150894,"GEOID20":"360050419001","GEOID10":"360050419001","STATEFP":"36","COUNTYFP":"005","D1C":6.7788016027798514,"D1C5_RET":0,"D2B_E5MIXA":0.29169961071895678,"D3A":28.744974722876652,"D3AAO":0,"D3B":26.548025946740029,"D4A":272.25,"D4C":118,"D4D":4696.6522664399999,"D5AR":578354,"D5BR":2820397}},{"type":"Feature","id":150895,"geometry":{"type":"Polygon","coordinates":[[[-73.881482417784824,40.874820291912584],[-73.881414418012753,40.87403529206766],[-73.880937418885111,40.873416292714069],[-73.880694417414219,40.872899292017252],[-73.879231417549235,40.873680292235385],[-73.879456417680132,40.874984292624823],[-73.881482417784824,40.874820291912584]]]},"properties":{"OBJECTID":150895,"GEOID20":"360050419003","GEOID10":"360050419003","STATEFP":"36","COUNTYFP":"005","D1C":3.5777316733312081,"D1C5_RET":0.26501716098749689,"D2B_E5MIXA":0.61223005654664575,"D3A":29.787906139856208,"D3AAO":0,"D3B":0,"D4A":0,"D4C":77,"D4D":6530.0228467300003,"D5AR":541372,"D5BR":2809224}},{"type":"Feature","id":150896,"geometry":{"type":"Polygon","coordinates":[[[-73.885266419103885,40.879236293951507],[-73.883831418827995,40.876791292835904],[-73.883425418947141,40.87575029296508],[-73.883401418657684,40.87395529271167],[-73.882471417996868,40.872136292357126],[-73.881755418494606,40.872357292559677],[-73.880694417414219,40.872899292017252],[-73.880937418885111,40.873416292714069],[-73.881458418393677,40.874153292537528],[-73.881508419520699,40.876175292960312],[-73.881656418760414,40.876715292742233],[-73.882892418844676,40.878835293190349],[-73.882063419364485,40.879146294098824],[-73.882686418082017,40.880294293640873],[-73.883465419130104,40.880791292799778],[-73.885266419103885,40.879236293951507]]]},"properties":{"OBJECTID":150896,"GEOID20":"360050419004","GEOID10":"360050419004","STATEFP":"36","COUNTYFP":"005","D1C":1.8305753960690132,"D1C5_RET":0.3813698741810444,"D2B_E5MIXA":0.72164248288198196,"D3A":46.282613326007677,"D3AAO":4.8028205700352622,"D3B":271.2505942441818,"D4A":142.16,"D4C":150,"D4D":2440.7671947600002,"D5AR":587499,"D5BR":2593445}},{"type":"Feature","id":150897,"geometry":{"type":"Polygon","coordinates":[[[-73.883465419130104,40.880791292799778],[-73.882686418082017,40.880294293640873],[-73.881757419042742,40.880130293178787],[-73.881373418903195,40.881371293627602],[-73.88045741848606,40.882228293022102],[-73.881245417958354,40.882718293732573],[-73.883465419130104,40.880791292799778]]]},"properties":{"OBJECTID":150897,"GEOID20":"360050421003","GEOID10":"360050421003","STATEFP":"36","COUNTYFP":"005","D1C":150.31057478684897,"D1C5_RET":16.832680291090696,"D2B_E5MIXA":0.42293724553813361,"D3A":20.31475957231342,"D3AAO":0,"D3B":56.136988770787475,"D4A":198.49000000000001,"D4C":102,"D4D":8584.6669484600006,"D5AR":579696,"D5BR":2808382}},{"type":"Feature","id":150898,"geometry":{"type":"Polygon","coordinates":[[[-73.884693419716754,40.881976294057857],[-73.884287419835886,40.881263293469765],[-73.882088419478848,40.883141294345954],[-73.882674420183093,40.883391294845502],[-73.882923418806797,40.88339129416638],[-73.883191419493713,40.883293294631827],[-73.884693419716754,40.881976294057857]]]},"properties":{"OBJECTID":150898,"GEOID20":"360050421004","GEOID10":"360050421004","STATEFP":"36","COUNTYFP":"005","D1C":3.0609308903023584,"D1C5_RET":0,"D2B_E5MIXA":0.39548848910372325,"D3A":32.68593788749682,"D3AAO":0,"D3B":0,"D4A":301.75,"D4C":90.670000000000002,"D4D":11839.643877,"D5AR":549050,"D5BR":2038048}},{"type":"Feature","id":150899,"geometry":{"type":"Polygon","coordinates":[[[-73.85736941133041,40.893402297732543],[-73.857733412276787,40.892762296615018],[-73.854855410430787,40.891846296115105],[-73.8560314111389,40.88972129591744],[-73.853154410016117,40.88880829640668],[-73.85198240950595,40.890930296515165],[-73.851800410829384,40.891389297171109],[-73.851830410068317,40.891638296785068],[-73.85736941133041,40.893402297732543]]]},"properties":{"OBJECTID":150899,"GEOID20":"360050422001","GEOID10":"360050422001","STATEFP":"36","COUNTYFP":"005","D1C":11.245169113898163,"D1C5_RET":1.2034963600158568,"D2B_E5MIXA":0.71069509006995935,"D3A":31.174456437418126,"D3AAO":0,"D3B":72.209781600951402,"D4A":262.86000000000001,"D4C":56,"D4D":1347.91592322,"D5AR":479923,"D5BR":3481057}},{"type":"Feature","id":150900,"geometry":{"type":"Polygon","coordinates":[[[-73.849881409058213,40.888594296402232],[-73.850272408870453,40.887889295147929],[-73.847445407976394,40.886986296331337],[-73.845907407768337,40.889749296572106],[-73.848743409781548,40.890656296915346],[-73.849881409058213,40.888594296402232]]]},"properties":{"OBJECTID":150900,"GEOID20":"360050424001","GEOID10":"360050424001","STATEFP":"36","COUNTYFP":"005","D1C":43.231176936907943,"D1C5_RET":1.5942082601462799,"D2B_E5MIXA":0.40176650816396137,"D3A":22.525603333899667,"D3AAO":0,"D3B":120.03450429336696,"D4A":221.28,"D4C":18.329999999999998,"D4D":550.05811592400005,"D5AR":470256,"D5BR":1175761}},{"type":"Feature","id":150901,"geometry":{"type":"Polygon","coordinates":[[[-73.8527674095035,40.88951529665453],[-73.853154410016117,40.88880829640668],[-73.850272408870453,40.887889295147929],[-73.848743409781548,40.890656296915346],[-73.851830410068317,40.891638296785068],[-73.851800410829384,40.891389297171109],[-73.85198240950595,40.890930296515165],[-73.8527674095035,40.88951529665453]]]},"properties":{"OBJECTID":150901,"GEOID20":"360050424002","GEOID10":"360050424002","STATEFP":"36","COUNTYFP":"005","D1C":1.7778347738437126,"D1C5_RET":0.54702608425960386,"D2B_E5MIXA":0.73877267160339077,"D3A":28.60279699551311,"D3AAO":0,"D3B":87.524173481536621,"D4A":506.94,"D4C":12.33,"D4D":359.72435300900003,"D5AR":461833,"D5BR":3205716}},{"type":"Feature","id":150902,"geometry":{"type":"Polygon","coordinates":[[[-73.880235418728219,40.871297291855534],[-73.880008418947497,40.870478292155866],[-73.877497417522605,40.871843292140802],[-73.878065416886855,40.872459291568319],[-73.880235418728219,40.871297291855534]]]},"properties":{"OBJECTID":150902,"GEOID20":"360050425002","GEOID10":"360050425002","STATEFP":"36","COUNTYFP":"005","D1C":19.816592678775692,"D1C5_RET":1.5853274143020553,"D2B_E5MIXA":0.66568423145028788,"D3A":13.178182250547163,"D3AAO":0,"D3B":0,"D4A":333.94,"D4C":62.670000000000002,"D4D":7948.1975243400002,"D5AR":553439,"D5BR":2341641}},{"type":"Feature","id":150903,"geometry":{"type":"Polygon","coordinates":[[[-73.883626418788594,40.867266291005492],[-73.883080418267312,40.866601290905486],[-73.87986141773608,40.868282292150631],[-73.877728416602977,40.869563291550762],[-73.876293416327101,40.870534291395536],[-73.876337416708026,40.870596291493136],[-73.876828416977702,40.87112729202201],[-73.879720417270761,40.869554290731465],[-73.880694417414219,40.872899292017252],[-73.881755418494606,40.872357292559677],[-73.882471417996868,40.872136292357126],[-73.881470418089236,40.868581290871425],[-73.883626418788594,40.867266291005492]]]},"properties":{"OBJECTID":150903,"GEOID20":"360050425003","GEOID10":"360050425003","STATEFP":"36","COUNTYFP":"005","D1C":27.53003255764834,"D1C5_RET":0,"D2B_E5MIXA":0.39958152270654135,"D3A":36.930418848196169,"D3AAO":0,"D3B":237.56099503892003,"D4A":305.77999999999997,"D4C":73.329999999999998,"D4D":1412.0408337700001,"D5AR":627286,"D5BR":2362264}},{"type":"Feature","id":150904,"geometry":{"type":"Polygon","coordinates":[[[-73.844543407637573,40.892716297821998],[-73.8454274073693,40.892524298115283],[-73.843766407137622,40.888176296339623],[-73.841054406769572,40.888561296993728],[-73.842789406621137,40.893102298128085],[-73.844543407637573,40.892716297821998]]]},"properties":{"OBJECTID":150904,"GEOID20":"360050426001","GEOID10":"360050426001","STATEFP":"36","COUNTYFP":"005","D1C":6.506524408834566,"D1C5_RET":3.0999671267222277,"D2B_E5MIXA":0.7276259225855698,"D3A":27.369793175083291,"D3AAO":0,"D3B":123.5461587957015,"D4A":119.36,"D4C":13,"D4D":283.36274953100002,"D5AR":488801,"D5BR":178970}},{"type":"Feature","id":150906,"geometry":{"type":"Polygon","coordinates":[[[-73.875886417519638,40.873419292359436],[-73.874368415606426,40.872709293015767],[-73.87255441611218,40.875183293303834],[-73.871606415009708,40.876930292951322],[-73.870945414860699,40.878519293834721],[-73.871597415687177,40.8786542931486],[-73.872117415370852,40.876969293053456],[-73.872921416533302,40.876035292775803],[-73.873693416112047,40.876360293016873],[-73.875886417519638,40.873419292359436]]]},"properties":{"OBJECTID":150906,"GEOID20":"360050429011","GEOID10":"360050429011","STATEFP":"36","COUNTYFP":"005","D1C":3.1807698467482766,"D1C5_RET":0,"D2B_E5MIXA":0.67959778926478276,"D3A":32.936969046578561,"D3AAO":0,"D3B":95.284724217876715,"D4A":281.63999999999999,"D4C":69.670000000000002,"D4D":2488.1884318799998,"D5AR":558353,"D5BR":2901843}},{"type":"Feature","id":150907,"geometry":{"type":"Polygon","coordinates":[[[-73.875593416718345,40.875262292680489],[-73.874701415692357,40.875010293006909],[-73.873693416112047,40.876360293016873],[-73.872921416533302,40.876035292775803],[-73.872117415370852,40.876969293053456],[-73.871597415687177,40.8786542931486],[-73.873484415874671,40.87886329301746],[-73.873883416981158,40.877598293372891],[-73.875593416718345,40.875262292680489]]]},"properties":{"OBJECTID":150907,"GEOID20":"360050429021","GEOID10":"360050429021","STATEFP":"36","COUNTYFP":"005","D1C":5.0063340612114589,"D1C5_RET":1.4207164227762248,"D2B_E5MIXA":0.72487672251377167,"D3A":27.839243444848307,"D3AAO":0,"D3B":129.93737096385371,"D4A":405.01999999999998,"D4C":67.670000000000002,"D4D":2929.9773052700002,"D5AR":543580,"D5BR":2902252}},{"type":"Feature","id":150909,"geometry":{"type":"Polygon","coordinates":[[[-73.91544842744814,40.843376285451754],[-73.9161854277651,40.842343285026402],[-73.915297427835398,40.841970284909145],[-73.913859427186452,40.843987285031005],[-73.914746427291263,40.844351285862153],[-73.91544842744814,40.843376285451754]]]},"properties":{"OBJECTID":150909,"GEOID20":"360050209002","GEOID10":"360050209002","STATEFP":"36","COUNTYFP":"005","D1C":6.3341212048623774,"D1C5_RET":1.4903814599676182,"D2B_E5MIXA":0.41645576833240944,"D3A":18.961776031562355,"D3AAO":0,"D3B":119.23051679740945,"D4A":178.37,"D4C":91,"D4D":10849.9770286,"D5AR":1004535,"D5BR":2175984}},{"type":"Feature","id":150910,"geometry":{"type":"Polygon","coordinates":[[[-73.859137408997285,40.838247286711066],[-73.858867409558854,40.83773428569507],[-73.855859408016499,40.835905285825902],[-73.855766409028405,40.836514286112546],[-73.856633408143381,40.836831285168216],[-73.857174407743472,40.837303285871627],[-73.857423409062136,40.837690285527728],[-73.857443409153618,40.83843628561965],[-73.859137408997285,40.838247286711066]]]},"properties":{"OBJECTID":150910,"GEOID20":"360050210021","GEOID10":"360050210021","STATEFP":"36","COUNTYFP":"005","D1C":3.6125753748799574,"D1C5_RET":0,"D2B_E5MIXA":0.23642180635730242,"D3A":38.39495219436818,"D3AAO":0,"D3B":0,"D4A":80.469999999999999,"D4C":32,"D4D":3523.1211275000001,"D5AR":753576,"D5BR":1713258}},{"type":"Feature","id":150912,"geometry":{"type":"Polygon","coordinates":[[[-73.856917408723845,40.842070287192577],[-73.856764407664642,40.841039287541385],[-73.856403407989632,40.840801286570262],[-73.855832407354015,40.840858287488892],[-73.85567340734535,40.840943286550036],[-73.855504407290937,40.841169287345444],[-73.855430408569418,40.841565286724688],[-73.855466408554435,40.842235287130507],[-73.856917408723845,40.842070287192577]]]},"properties":{"OBJECTID":150912,"GEOID20":"360050210013","GEOID10":"360050210013","STATEFP":"36","COUNTYFP":"005","D1C":2.2184493246276125,"D1C5_RET":1.7254605858214762,"D2B_E5MIXA":0.32912496652730849,"D3A":6.2770473435720069,"D3AAO":0,"D3B":0,"D4A":166.30000000000001,"D4C":19,"D4D":2997.3715319399998,"D5AR":817985,"D5BR":1673245}},{"type":"Feature","id":150913,"geometry":{"type":"Polygon","coordinates":[[[-73.857147408877609,40.838499286268807],[-73.857131408984074,40.838257285401092],[-73.856741408996754,40.837944285319132],[-73.856680408897375,40.837715285858117],[-73.856337406969061,40.837753286206244],[-73.855448408112764,40.837471286036717],[-73.854459407900706,40.837578286514614],[-73.854562407832873,40.838155286051297],[-73.855423407100091,40.83802428603655],[-73.855543407649009,40.838565285363558],[-73.855775408350908,40.838273285884519],[-73.855981408215229,40.838367286522832],[-73.856135408201027,40.838616285762079],[-73.85614440752353,40.838891286395061],[-73.857091408801111,40.838910286574595],[-73.857147408877609,40.838499286268807]]]},"properties":{"OBJECTID":150913,"GEOID20":"360050210026","GEOID10":"360050210026","STATEFP":"36","COUNTYFP":"005","D1C":1.0312788738748206,"D1C5_RET":0,"D2B_E5MIXA":0.4181656600790517,"D3A":11.517228162256139,"D3AAO":0,"D3B":176.09293027187337,"D4A":305.77999999999997,"D4C":25.329999999999998,"D4D":3343.6536160300002,"D5AR":749794,"D5BR":1714146}},{"type":"Feature","id":150914,"geometry":{"type":"Polygon","coordinates":[[[-73.857327408802675,40.840019286294364],[-73.857665408013148,40.839891286370005],[-73.857037408374438,40.839317286823416],[-73.857091408801111,40.838910286574595],[-73.85614440752353,40.838891286395061],[-73.856072408451837,40.839058286212804],[-73.855845408671115,40.83921728582331],[-73.85592740778857,40.8397352861492],[-73.856326407996747,40.840323286738212],[-73.857327408802675,40.840019286294364]]]},"properties":{"OBJECTID":150914,"GEOID20":"360050210028","GEOID10":"360050210028","STATEFP":"36","COUNTYFP":"005","D1C":0,"D1C5_RET":0,"D2B_E5MIXA":0,"D3A":26.917279949781353,"D3AAO":0,"D3B":0,"D4A":114,"D4C":22,"D4D":3695.74389419,"D5AR":759160,"D5BR":1727855}},{"type":"Feature","id":150915,"geometry":{"type":"Polygon","coordinates":[[[-73.922634429596542,40.84473528487819],[-73.922686429475078,40.844576284913124],[-73.919811429798742,40.844773285279217],[-73.91889742903146,40.844951285258219],[-73.918479428556694,40.845125284882478],[-73.918426428853252,40.84531628517815],[-73.919307428211951,40.845318285790334],[-73.919185428911547,40.846106285791329],[-73.919706429318438,40.846120285830807],[-73.920600429095927,40.846294285783529],[-73.921045429334868,40.846528285585428],[-73.921815430162113,40.845980285302865],[-73.922307430256723,40.845501285142575],[-73.922634429596542,40.84473528487819]]]},"properties":{"OBJECTID":150915,"GEOID20":"360050213012","GEOID10":"360050213012","STATEFP":"36","COUNTYFP":"005","D1C":14.098689407113756,"D1C5_RET":6.0296281741115436,"D2B_E5MIXA":0.7798957431242417,"D3A":71.762523273178985,"D3AAO":39.647067527315123,"D3B":132.4531967847185,"D4A":217.25999999999999,"D4C":84,"D4D":4766.95309765,"D5AR":909760,"D5BR":3148728}},{"type":"Feature","id":150916,"geometry":{"type":"Polygon","coordinates":[[[-73.866966411751335,40.840431287069926],[-73.86724941160854,40.840352286920087],[-73.866683411894115,40.839244285693653],[-73.865799411264035,40.83949728661235],[-73.866362411503758,40.840600285801195],[-73.866966411751335,40.840431287069926]]]},"properties":{"OBJECTID":150916,"GEOID20":"360050216013","GEOID10":"360050216013","STATEFP":"36","COUNTYFP":"005","D1C":4.242888879665963,"D1C5_RET":1.5428686835148957,"D2B_E5MIXA":0.78515264373942584,"D3A":38.075774473301742,"D3AAO":0,"D3B":164.65494590470965,"D4A":93.879999999999995,"D4C":30.670000000000002,"D4D":7571.1652037399999,"D5AR":658132,"D5BR":2359594}},{"type":"Feature","id":150917,"geometry":{"type":"Polygon","coordinates":[[[-73.917849427471538,40.837164284138851],[-73.918413428434476,40.836448283616448],[-73.91646842762232,40.835786284046179],[-73.915329426724128,40.836962284822036],[-73.917384428039455,40.837753283487707],[-73.917849427471538,40.837164284138851]]]},"properties":{"OBJECTID":150917,"GEOID20":"360050221023","GEOID10":"360050221023","STATEFP":"36","COUNTYFP":"005","D1C":19.288150207341669,"D1C5_RET":0.26422123571700917,"D2B_E5MIXA":0.13232943062713259,"D3A":36.868254843201242,"D3AAO":0,"D3B":197.3415565323198,"D4A":0,"D4C":101,"D4D":8539.6303383699997,"D5AR":698201,"D5BR":2186735}},{"type":"Feature","id":150918,"geometry":{"type":"Polygon","coordinates":[[[-73.904753425238582,40.852834287667818],[-73.903682424112446,40.852397286995398],[-73.90271942383967,40.853530287601636],[-73.903769425049404,40.853921286981056],[-73.904753425238582,40.852834287667818]]]},"properties":{"OBJECTID":150918,"GEOID20":"360050235013","GEOID10":"360050235013","STATEFP":"36","COUNTYFP":"005","D1C":1.6414295505412984,"D1C5_RET":0.54714318351376612,"D2B_E5MIXA":0.39548848910372325,"D3A":36.796932393977556,"D3AAO":0,"D3B":0,"D4A":152.88999999999999,"D4C":97,"D4D":16983.324416300002,"D5AR":688339,"D5BR":2270002}},{"type":"Feature","id":150919,"geometry":{"type":"Polygon","coordinates":[[[-73.917300427475553,40.840774283936121],[-73.9176844276151,40.84023328428853],[-73.916784427989825,40.839889284914427],[-73.915297427835398,40.841970284909145],[-73.9161854277651,40.842343285026402],[-73.917300427475553,40.840774283936121]]]},"properties":{"OBJECTID":150919,"GEOID20":"360050223001","GEOID10":"360050223001","STATEFP":"36","COUNTYFP":"005","D1C":19.94453872980564,"D1C5_RET":15.991567089663981,"D2B_E5MIXA":0.45516133828131061,"D3A":39.306839950458695,"D3AAO":0,"D3B":345.10161140553066,"D4A":185.06999999999999,"D4C":94.329999999999998,"D4D":10847.529158200001,"D5AR":752395,"D5BR":2175698}},{"type":"Feature","id":150920,"geometry":{"type":"Polygon","coordinates":[[[-73.864815411973183,40.854451289231548],[-73.864881411197089,40.852366288966799],[-73.863927412043452,40.852347289247348],[-73.863874411441685,40.854433288919552],[-73.864815411973183,40.854451289231548]]]},"properties":{"OBJECTID":150920,"GEOID20":"360050228004","GEOID10":"360050228004","STATEFP":"36","COUNTYFP":"005","D1C":3.2788251243866031,"D1C5_RET":0.87435336650309414,"D2B_E5MIXA":0.67426559582309109,"D3A":50.385760508041351,"D3AAO":0,"D3B":0,"D4A":368.81,"D4C":72.670000000000002,"D4D":10166.281462999999,"D5AR":654487,"D5BR":2643961}},{"type":"Feature","id":150921,"geometry":{"type":"Polygon","coordinates":[[[-73.90648342506725,40.846741286063249],[-73.906621424261189,40.845128285809281],[-73.905732424506567,40.845084285793234],[-73.905523424269219,40.847496285279853],[-73.906324424160289,40.847587286293027],[-73.90648342506725,40.846741286063249]]]},"properties":{"OBJECTID":150921,"GEOID20":"360050229014","GEOID10":"360050229014","STATEFP":"36","COUNTYFP":"005","D1C":0,"D1C5_RET":0,"D2B_E5MIXA":0,"D3A":33.762888228434733,"D3AAO":0,"D3B":0,"D4A":258.83999999999997,"D4C":87,"D4D":11191.1533611,"D5AR":695551,"D5BR":2211904}},{"type":"Feature","id":150922,"geometry":{"type":"Polygon","coordinates":[[[-73.868020412260705,40.844849286695478],[-73.868893412121807,40.844418286924949],[-73.867298412012332,40.842927286935165],[-73.86642641197615,40.843471287342183],[-73.865912412140261,40.843205287006484],[-73.865168411252284,40.842474286699407],[-73.866120412552718,40.845231286968193],[-73.868020412260705,40.844849286695478]]]},"properties":{"OBJECTID":150922,"GEOID20":"360050236002","GEOID10":"360050236002","STATEFP":"36","COUNTYFP":"005","D1C":8.5710085920075638,"D1C5_RET":0.89281339500078782,"D2B_E5MIXA":0.67983244387011421,"D3A":35.423379387238796,"D3AAO":0,"D3B":152.39253276589446,"D4A":127.41,"D4C":35.670000000000002,"D4D":2038.1858431799999,"D5AR":655847,"D5BR":2831773}},{"type":"Feature","id":151045,"geometry":{"type":"Polygon","coordinates":[[[-73.870851416945996,40.898595297994149],[-73.870488415824511,40.896648296855872],[-73.866918414765706,40.896091297780657],[-73.867448415393426,40.898961297169166],[-73.870851416945996,40.898595297994149]]]},"properties":{"OBJECTID":151045,"GEOID20":"360050449022","GEOID10":"360050449022","STATEFP":"36","COUNTYFP":"005","D1C":9.0911054587870019,"D1C5_RET":2.4416111803599376,"D2B_E5MIXA":0.70310508945506855,"D3A":30.369395151820477,"D3AAO":0,"D3B":88.671006202824884,"D4A":336.62,"D4C":22,"D4D":731.44437062700001,"D5AR":511380,"D5BR":1347136}},{"type":"Feature","id":151059,"geometry":{"type":"Polygon","coordinates":[[[-73.874735416925859,40.877908292807781],[-73.875269416853257,40.877148292617825],[-73.874449416695612,40.876795292838416],[-73.873883416981158,40.877598293372891],[-73.873484415874671,40.87886329301746],[-73.874388416596233,40.879063293379048],[-73.874735416925859,40.877908292807781]]]},"properties":{"OBJECTID":151059,"GEOID20":"360050429022","GEOID10":"360050429022","STATEFP":"36","COUNTYFP":"005","D1C":27.547942258732139,"D1C5_RET":3.9044327610801455,"D2B_E5MIXA":0.25356409193761692,"D3A":27.296465872166785,"D3AAO":0,"D3B":277.64855189903255,"D4A":266.88,"D4C":53.329999999999998,"D4D":7403.4986363899998,"D5AR":496356,"D5BR":3017787}},{"type":"Feature","id":151060,"geometry":{"type":"Polygon","coordinates":[[[-73.852345410627436,40.892981297368451],[-73.851830410068317,40.891638296785068],[-73.850692409893341,40.891311296960232],[-73.847182408210656,40.892136296597037],[-73.848064409190911,40.894445296835237],[-73.851492409959505,40.8934122969263],[-73.852023411310469,40.893227296317782],[-73.852345410627436,40.892981297368451]]]},"properties":{"OBJECTID":151060,"GEOID20":"360050430001","GEOID10":"360050430001","STATEFP":"36","COUNTYFP":"005","D1C":0.17017733069224356,"D1C5_RET":0.12763299801918268,"D2B_E5MIXA":0.34939847028229709,"D3A":20.99227980903316,"D3AAO":0,"D3B":72.618070552994169,"D4A":297.73000000000002,"D4C":12.67,"D4D":344.98348477899998,"D5AR":456973,"D5BR":3204633}},{"type":"Feature","id":151072,"geometry":{"type":"Polygon","coordinates":[[[-73.875957416766425,40.879873293418164],[-73.874388416596233,40.879063293379048],[-73.874068416030781,40.88004729369289],[-73.874947416637966,40.879956293801463],[-73.874793416652196,40.880083293294476],[-73.874676417374644,40.881571293882175],[-73.875338416450219,40.88168029465281],[-73.875957416766425,40.879873293418164]]]},"properties":{"OBJECTID":151072,"GEOID20":"360050431002","GEOID10":"360050431002","STATEFP":"36","COUNTYFP":"005","D1C":37.334425618346962,"D1C5_RET":2.1436033847854716,"D2B_E5MIXA":0.34394884066756798,"D3A":33.651525154180732,"D3AAO":0,"D3B":228.65102771045031,"D4A":105.95,"D4C":53.329999999999998,"D4D":6096.9796538999999,"D5AR":595087,"D5BR":3019566}},{"type":"Feature","id":151073,"geometry":{"type":"Polygon","coordinates":[[[-73.881245417958354,40.882718293732573],[-73.88045741848606,40.882228293022102],[-73.879090417982255,40.884025293872234],[-73.879975418437226,40.884403294179023],[-73.881245417958354,40.882718293732573]]]},"properties":{"OBJECTID":151073,"GEOID20":"360050431003","GEOID10":"360050431003","STATEFP":"36","COUNTYFP":"005","D1C":6.3942874970130683,"D1C5_RET":1.2788574994026136,"D2B_E5MIXA":0.95615017939589741,"D3A":1.3796856809958653,"D3AAO":0,"D3B":0,"D4A":151.55000000000001,"D4C":85.329999999999998,"D4D":11639.990445199999,"D5AR":576381,"D5BR":2245911}},{"type":"Feature","id":151074,"geometry":{"type":"Polygon","coordinates":[[[-73.879364418516943,40.88522629496682],[-73.879975418437226,40.884403294179023],[-73.879090417982255,40.884025293872234],[-73.878472417490954,40.884867294511025],[-73.877608417850695,40.884531294361366],[-73.877919418195319,40.887220295684543],[-73.879364418516943,40.88522629496682]]]},"properties":{"OBJECTID":151074,"GEOID20":"360050431004","GEOID10":"360050431004","STATEFP":"36","COUNTYFP":"005","D1C":55.620365244802272,"D1C5_RET":2.1138381090661196,"D2B_E5MIXA":0.19043470394560935,"D3A":19.745513483433253,"D3AAO":0,"D3B":140.95077725327565,"D4A":237.38,"D4C":84.329999999999998,"D4D":7130.4013471899998,"D5AR":570699,"D5BR":2328309}},{"type":"Feature","id":151075,"geometry":{"type":"Polygon","coordinates":[[[-73.848966409364309,40.90643729974181],[-73.849391410410064,40.905743299998726],[-73.847512409720167,40.905231299657871],[-73.847072408605797,40.906181299698261],[-73.84868441112863,40.906751299417913],[-73.848966409364309,40.90643729974181]]]},"properties":{"OBJECTID":151075,"GEOID20":"360050442001","GEOID10":"360050442001","STATEFP":"36","COUNTYFP":"005","D1C":9.2795643598843665,"D1C5_RET":0,"D2B_E5MIXA":0.60749707036503253,"D3A":32.677800019768128,"D3AAO":0,"D3B":0,"D4A":124.72,"D4C":43,"D4D":5803.9457087299998,"D5AR":494084,"D5BR":3506044}},{"type":"Feature","id":151076,"geometry":{"type":"Polygon","coordinates":[[[-73.849578410007823,40.90503529995808],[-73.849858411288622,40.904095299365643],[-73.846072408523085,40.903797298893515],[-73.846050408781778,40.904116298689821],[-73.845434408838642,40.904287298758078],[-73.845725408193459,40.904804300051097],[-73.849391410410064,40.905743299998726],[-73.849578410007823,40.90503529995808]]]},"properties":{"OBJECTID":151076,"GEOID20":"360050442002","GEOID10":"360050442002","STATEFP":"36","COUNTYFP":"005","D1C":82.221179400514771,"D1C5_RET":0.24691044865019449,"D2B_E5MIXA":0.43322896956887874,"D3A":32.081228290230854,"D3AAO":0,"D3B":158.07536136516984,"D4A":260.18000000000001,"D4C":45,"D4D":2370.34030704,"D5AR":524720,"D5BR":3685519}},{"type":"Feature","id":151077,"geometry":{"type":"Polygon","coordinates":[[[-73.842481407547865,40.897275297838945],[-73.841035406503025,40.893490298055646],[-73.838408405625486,40.89406929802675],[-73.839656407201943,40.897257298981948],[-73.839725405900595,40.897641297527329],[-73.839650406455846,40.897899298417293],[-73.842481407547865,40.897275297838945]]]},"properties":{"OBJECTID":151077,"GEOID20":"360050448001","GEOID10":"360050448001","STATEFP":"36","COUNTYFP":"005","D1C":0.40012107183488438,"D1C5_RET":0,"D2B_E5MIXA":0.31091750708257115,"D3A":27.267152477952514,"D3AAO":0,"D3B":128.03874298716298,"D4A":288.33999999999997,"D4C":9,"D4D":230.469737377,"D5AR":486275,"D5BR":161197}},{"type":"Feature","id":151078,"geometry":{"type":"Polygon","coordinates":[[[-73.874821418037897,40.898453297338556],[-73.875896417565372,40.897567297323256],[-73.874112417310016,40.897566297127206],[-73.870721417249669,40.897916297587876],[-73.871099415744794,40.899955297228871],[-73.871365416781913,40.900047298296158],[-73.873891417377095,40.898973297909251],[-73.874821418037897,40.898453297338556]]]},"properties":{"OBJECTID":151078,"GEOID20":"360050449011","GEOID10":"360050449011","STATEFP":"36","COUNTYFP":"005","D1C":1.8503612830405138,"D1C5_RET":0,"D2B_E5MIXA":0.58696826147032111,"D3A":37.781233469394081,"D3AAO":0,"D3B":143.58906467540743,"D4A":249.44999999999999,"D4C":18,"D4D":704.63554093699997,"D5AR":579382,"D5BR":1375075}},{"type":"Feature","id":151079,"geometry":{"type":"Polygon","coordinates":[[[-73.868043415420189,40.90265029845996],[-73.868082414879936,40.902358297650245],[-73.867448415393426,40.898961297169166],[-73.865093415400793,40.899214297487354],[-73.865636414650695,40.90209429844996],[-73.866953415824113,40.902483298719737],[-73.867877416637157,40.902991298831672],[-73.868043415420189,40.90265029845996]]]},"properties":{"OBJECTID":151079,"GEOID20":"360050451021","GEOID10":"360050451021","STATEFP":"36","COUNTYFP":"005","D1C":7.2200990270837506,"D1C5_RET":0.36891016926705295,"D2B_E5MIXA":0.67243558204403209,"D3A":28.581514996557672,"D3AAO":0,"D3B":67.457859523118245,"D4A":114,"D4C":26,"D4D":876.95217380099996,"D5AR":521506,"D5BR":1515376}},{"type":"Feature","id":151179,"geometry":{"type":"Polygon","coordinates":[[[-73.926995430500696,40.835340283739946],[-73.925266430496933,40.834782282813258],[-73.924299429127871,40.836028283739928],[-73.926114430243672,40.836622283814933],[-73.926995430500696,40.835340283739946]]]},"properties":{"OBJECTID":151179,"GEOID20":"360050199003","GEOID10":"360050199003","STATEFP":"36","COUNTYFP":"005","D1C":6.536617751340307,"D1C5_RET":0.93380253590575812,"D2B_E5MIXA":0.32241935185697124,"D3A":29.391234678459732,"D3AAO":0,"D3B":0,"D4A":289.68000000000001,"D4C":57.329999999999998,"D4D":5710.3892675699999,"D5AR":891906,"D5BR":2158771}},{"type":"Feature","id":151184,"geometry":{"type":"Polygon","coordinates":[[[-73.876595414654247,40.833890284722322],[-73.876068414399569,40.831646284192786],[-73.873695413066926,40.83197228458527],[-73.873925414119014,40.833366284060872],[-73.873913413525131,40.835208285179952],[-73.874061413663128,40.835214284533194],[-73.873944412588969,40.835988285587135],[-73.875078414362605,40.836107284965216],[-73.874743414626835,40.834138283990995],[-73.876595414654247,40.833890284722322]]]},"properties":{"OBJECTID":151184,"GEOID20":"360050062001","GEOID10":"360050062001","STATEFP":"36","COUNTYFP":"005","D1C":2.7824011849782915,"D1C5_RET":0.23186676541485762,"D2B_E5MIXA":0.70120792719598302,"D3A":52.562062091575378,"D3AAO":31.323673446280839,"D3B":74.197364932754439,"D4A":168.97999999999999,"D4C":73.670000000000002,"D4D":2733.0599373,"D5AR":820327,"D5BR":1990078}},{"type":"Feature","id":151185,"geometry":{"type":"Polygon","coordinates":[[[-73.889168417728783,40.818626281773533],[-73.887997417043536,40.816672280615741],[-73.886162416734578,40.816938279997174],[-73.886701415786519,40.818999282026518],[-73.889168417728783,40.818626281773533]]]},"properties":{"OBJECTID":151185,"GEOID20":"360050115022","GEOID10":"360050115022","STATEFP":"36","COUNTYFP":"005","D1C":12.488251184740671,"D1C5_RET":0.46948312724588992,"D2B_E5MIXA":0.60866315347758448,"D3A":27.134491550490541,"D3AAO":0,"D3B":80.165182943490194,"D4A":111.31,"D4C":81.329999999999998,"D4D":4887.4320305800002,"D5AR":868648,"D5BR":1368132}},{"type":"Feature","id":151186,"geometry":{"type":"Polygon","coordinates":[[[-73.890715418157669,40.832417283938909],[-73.88893741864841,40.83180628373924],[-73.886964417348878,40.835104284296342],[-73.888743418479663,40.835715285367073],[-73.890715418157669,40.832417283938909]]]},"properties":{"OBJECTID":151186,"GEOID20":"360050157002","GEOID10":"360050157002","STATEFP":"36","COUNTYFP":"005","D1C":9.8336513878232203,"D1C5_RET":4.7641292437901317,"D2B_E5MIXA":0.68019560595167639,"D3A":28.600960598084832,"D3AAO":0,"D3B":156.36116492439405,"D4A":111.31,"D4C":74,"D4D":2892.6815511,"D5AR":897650,"D5BR":1379443}},{"type":"Feature","id":151187,"geometry":{"type":"Polygon","coordinates":[[[-73.901745422797916,40.838468284457377],[-73.899969422040172,40.837663284344821],[-73.899032421706664,40.839339285351343],[-73.900916422419428,40.83994328545586],[-73.901745422797916,40.838468284457377]]]},"properties":{"OBJECTID":151187,"GEOID20":"360050167001","GEOID10":"360050167001","STATEFP":"36","COUNTYFP":"005","D1C":49.010587074918128,"D1C5_RET":0.61571089290098147,"D2B_E5MIXA":0.58225313256283007,"D3A":16.447001054665332,"D3AAO":0,"D3B":0,"D4A":265.54000000000002,"D4C":45.329999999999998,"D4D":3572.5023712299999,"D5AR":890911,"D5BR":528167}},{"type":"Feature","id":151188,"geometry":{"type":"Polygon","coordinates":[[[-73.925266430496933,40.834782282813258],[-73.924395429387346,40.834492282562209],[-73.92352942919895,40.835780282705763],[-73.923352429646954,40.836501283123766],[-73.923303429243148,40.837325283708637],[-73.925266430496933,40.834782282813258]]]},"properties":{"OBJECTID":151188,"GEOID20":"360050199002","GEOID10":"360050199002","STATEFP":"36","COUNTYFP":"005","D1C":5.6479134218317926,"D1C5_RET":1.7378195144097823,"D2B_E5MIXA":0.63766759428149455,"D3A":22.158711382252857,"D3AAO":0,"D3B":0,"D4A":323.20999999999998,"D4C":57.329999999999998,"D4D":7970.3302267700001,"D5AR":932052,"D5BR":2173163}},{"type":"Feature","id":151189,"geometry":{"type":"Polygon","coordinates":[[[-73.910095425060561,40.84020528375823],[-73.910725425247392,40.839006285073474],[-73.90891142485485,40.838384283992312],[-73.909064425015714,40.839955284664072],[-73.909580425399753,40.842035285629024],[-73.909629425803558,40.842404285339647],[-73.909548425612698,40.843053284393655],[-73.910455424910666,40.843125285746282],[-73.910537425824756,40.841722285037655],[-73.910095425060561,40.84020528375823]]]},"properties":{"OBJECTID":151189,"GEOID20":"360050225002","GEOID10":"360050225002","STATEFP":"36","COUNTYFP":"005","D1C":1.3848952932602341,"D1C5_RET":0.08655595582876463,"D2B_E5MIXA":0.59073352237180154,"D3A":32.520025403693396,"D3AAO":0,"D3B":183.67703438718394,"D4A":0,"D4C":105.33,"D4D":5802.8500395900001,"D5AR":658363,"D5BR":2187401}},{"type":"Feature","id":151190,"geometry":{"type":"Polygon","coordinates":[[[-73.906634424679993,40.845021285286926],[-73.906654424771489,40.844857285802284],[-73.904852424074477,40.844734285242879],[-73.904622423920699,40.847400286166412],[-73.905523424269219,40.847496285279853],[-73.905732424506567,40.845084285793234],[-73.906621424261189,40.845128285809281],[-73.906634424679993,40.845021285286926]]]},"properties":{"OBJECTID":151190,"GEOID20":"360050229012","GEOID10":"360050229012","STATEFP":"36","COUNTYFP":"005","D1C":0.32204229951534408,"D1C5_RET":0,"D2B_E5MIXA":0.43067655807339306,"D3A":38.209817509178635,"D3AAO":17.756019628966037,"D3B":103.0535358449101,"D4A":464.02999999999997,"D4C":88,"D4D":9068.7111543499996,"D5AR":706462,"D5BR":2212068}},{"type":"Feature","id":151191,"geometry":{"type":"Polygon","coordinates":[[[-73.861058410418281,40.854389288966729],[-73.861059411141511,40.854216289378648],[-73.860584410765355,40.853629289247522],[-73.859487410598263,40.853603288623695],[-73.857881408821541,40.854304289484816],[-73.858661409694534,40.855856289812856],[-73.859380409569837,40.855275289520051],[-73.86012841065579,40.856822289539849],[-73.860972411102892,40.856815289971621],[-73.861058410418281,40.854389288966729]]]},"properties":{"OBJECTID":151191,"GEOID20":"360050248002","GEOID10":"360050248002","STATEFP":"36","COUNTYFP":"005","D1C":16.825428995323811,"D1C5_RET":0.13196414898293185,"D2B_E5MIXA":0.13713341774096979,"D3A":42.008617576264726,"D3AAO":0,"D3B":154.89423951020609,"D4A":89.859999999999999,"D4C":47,"D4D":1984.7408006999999,"D5AR":653859,"D5BR":2644087}},{"type":"Feature","id":151192,"geometry":{"type":"Polygon","coordinates":[[[-73.893129423091438,40.883687294069304],[-73.892720423735852,40.882672293390478],[-73.891957422581285,40.882335293216556],[-73.891651423157839,40.882339294242435],[-73.889848421737625,40.884693294003711],[-73.89176742350881,40.885058293639567],[-73.89217542303949,40.884540293823655],[-73.893129423091438,40.883687294069304]]]},"properties":{"OBJECTID":151192,"GEOID20":"360050281001","GEOID10":"360050281001","STATEFP":"36","COUNTYFP":"005","D1C":35.795208771336121,"D1C5_RET":0,"D2B_E5MIXA":0.47266437405588396,"D3A":32.413111514876832,"D3AAO":0,"D3B":0,"D4A":234.69999999999999,"D4C":27.329999999999998,"D4D":1517.05779325,"D5AR":571651,"D5BR":2591383}},{"type":"Feature","id":151193,"geometry":{"type":"Polygon","coordinates":[[[-73.850097407171631,40.856355289933262],[-73.848289405728536,40.854739290160992],[-73.848032405810599,40.85441228945529],[-73.848215406108693,40.851099289555364],[-73.847299406589883,40.851095289359591],[-73.846705405489743,40.851249288908932],[-73.844452404706018,40.851252289558467],[-73.84436340501756,40.851127288880633],[-73.843190404682488,40.852981289996755],[-73.843865405075192,40.855405289935661],[-73.843947405090944,40.856157289884607],[-73.843737404130337,40.857278290589562],[-73.845961405500063,40.85754429014861],[-73.845958406025332,40.85740928991585],[-73.84768440655435,40.857517290939413],[-73.849360406854672,40.857505290154947],[-73.849387407517156,40.856865289783308],[-73.850097407171631,40.856355289933262]]]},"properties":{"OBJECTID":151193,"GEOID20":"360050296002","GEOID10":"360050296002","STATEFP":"36","COUNTYFP":"005","D1C":61.02848717118632,"D1C5_RET":0.027994718885865286,"D2B_E5MIXA":0.31756782122173599,"D3A":23.886757736147171,"D3AAO":0,"D3B":125.46113215889386,"D4A":434.51999999999998,"D4C":48.329999999999998,"D4D":432.95512440099998,"D5AR":608385,"D5BR":738195}},{"type":"Feature","id":151194,"geometry":{"type":"Polygon","coordinates":[[[-73.847361406514153,40.859802290232004],[-73.847398406324089,40.858691290478788],[-73.843296404987697,40.858298290495974],[-73.842964404726672,40.859191291081963],[-73.843199405801641,40.860905291167214],[-73.84732240615611,40.860981290385887],[-73.847361406514153,40.859802290232004]]]},"properties":{"OBJECTID":151194,"GEOID20":"360050314002","GEOID10":"360050314002","STATEFP":"36","COUNTYFP":"005","D1C":12.003930709955826,"D1C5_RET":0,"D2B_E5MIXA":0.42055260972412345,"D3A":27.253683631331217,"D3AAO":0,"D3B":124.06332373340088,"D4A":225.31,"D4C":31,"D4D":824.07607365199999,"D5AR":561743,"D5BR":2346806}},{"type":"Feature","id":151376,"geometry":{"type":"Polygon","coordinates":[[[-73.855720410794277,40.878859293819133],[-73.856079410819476,40.878219293996338],[-73.853739409997118,40.877470293366798],[-73.852034409384487,40.880148294657438],[-73.854555410855127,40.880955294340843],[-73.855720410794277,40.878859293819133]]]},"properties":{"OBJECTID":151376,"GEOID20":"360050388001","GEOID10":"360050388001","STATEFP":"36","COUNTYFP":"005","D1C":0.27889958628704731,"D1C5_RET":0,"D2B_E5MIXA":0.31091750708257115,"D3A":20.82602048843847,"D3AAO":0,"D3B":71.398294089484111,"D4A":529.74000000000001,"D4C":29.670000000000002,"D4D":1059.19369282,"D5AR":498770,"D5BR":742577}},{"type":"Feature","id":151429,"geometry":{"type":"Polygon","coordinates":[[[-73.869311414393181,40.878436293687194],[-73.869436414964966,40.878137293962382],[-73.868051414019476,40.877807293179799],[-73.868044414346784,40.878365293838442],[-73.867266414021927,40.879833293883671],[-73.868120414514763,40.880070293421767],[-73.868847414785989,40.878594294091279],[-73.869225414179454,40.878532293332817],[-73.869311414393181,40.878436293687194]]]},"properties":{"OBJECTID":151429,"GEOID20":"360050378002","GEOID10":"360050378002","STATEFP":"36","COUNTYFP":"005","D1C":0.20507472164080123,"D1C5_RET":0,"D2B_E5MIXA":0,"D3A":29.240620905277758,"D3AAO":0,"D3B":218.79011902413802,"D4A":232.00999999999999,"D4C":70.329999999999998,"D4D":9230.6593107200006,"D5AR":592316,"D5BR":3224444}},{"type":"Feature","id":151430,"geometry":{"type":"Polygon","coordinates":[[[-73.893123420548719,40.85761228886318],[-73.893553421617341,40.857015287633139],[-73.891518420393524,40.856112288895396],[-73.891088420223184,40.856606287768258],[-73.891168419690828,40.860113289507467],[-73.890330419989837,40.861279290074499],[-73.890696420586025,40.861259289448881],[-73.890888421104975,40.861353289415511],[-73.891049420763451,40.861154289292301],[-73.892994421575594,40.858394288767279],[-73.892650420720699,40.858260289698023],[-73.893123420548719,40.85761228886318]]]},"properties":{"OBJECTID":151430,"GEOID20":"360050385001","GEOID10":"360050385001","STATEFP":"36","COUNTYFP":"005","D1C":12.612689095101022,"D1C5_RET":0.25609521005281261,"D2B_E5MIXA":0.29966912818802499,"D3A":37.026803395934884,"D3AAO":0,"D3B":109.28094803373619,"D4A":198.49000000000001,"D4C":97.670000000000002,"D4D":4002.0510665400002,"D5AR":626078,"D5BR":2094434}},{"type":"Feature","id":151431,"geometry":{"type":"Polygon","coordinates":[[[-73.89477742200603,40.855938288904781],[-73.893137420792414,40.855252288651641],[-73.892122420641101,40.856412287665393],[-73.893553421617341,40.857015287633139],[-73.892650420720699,40.858260289698023],[-73.892994421575594,40.858394288767279],[-73.89477742200603,40.855938288904781]]]},"properties":{"OBJECTID":151431,"GEOID20":"360050385002","GEOID10":"360050385002","STATEFP":"36","COUNTYFP":"005","D1C":4.7735912204110278,"D1C5_RET":0,"D2B_E5MIXA":0,"D3A":32.214159912104464,"D3AAO":0,"D3B":282.93605562400649,"D4A":261.51999999999998,"D4C":81,"D4D":6873.9713573899999,"D5AR":663404,"D5BR":2098819}},{"type":"Feature","id":151432,"geometry":{"type":"Polygon","coordinates":[[[-73.848749408731024,40.881447295167483],[-73.846369406827378,40.87704329388071],[-73.845462407529411,40.877355293521696],[-73.843242406357675,40.879117294595645],[-73.848749408731024,40.881447295167483]]]},"properties":{"OBJECTID":151432,"GEOID20":"360050386002","GEOID10":"360050386002","STATEFP":"36","COUNTYFP":"005","D1C":7.6173842993407295,"D1C5_RET":1.7612449247030588,"D2B_E5MIXA":0.72647863372641042,"D3A":35.563420024179059,"D3AAO":0,"D3B":216.1117972407641,"D4A":123.38,"D4C":29,"D4D":817.21764506199997,"D5AR":528372,"D5BR":2407750}},{"type":"Feature","id":151433,"geometry":{"type":"Polygon","coordinates":[[[-73.852113409925536,40.877306294737799],[-73.85254940994362,40.877100293506921],[-73.851724408864783,40.876852294036617],[-73.85069040844688,40.875495293560206],[-73.849885408357849,40.875883294161518],[-73.850920408600658,40.877901294109549],[-73.852113409925536,40.877306294737799]]]},"properties":{"OBJECTID":151433,"GEOID20":"360050386003","GEOID10":"360050386003","STATEFP":"36","COUNTYFP":"005","D1C":4.1347670081118677,"D1C5_RET":2.4808602048671204,"D2B_E5MIXA":0.4181656600790517,"D3A":33.345802662955279,"D3AAO":0,"D3B":176.45200902457555,"D4A":246.77000000000001,"D4C":39,"D4D":4128.1513808999998,"D5AR":528696,"D5BR":2334229}},{"type":"Feature","id":151434,"geometry":{"type":"Polygon","coordinates":[[[-73.891107419591449,40.857435289045974],[-73.891088420223184,40.856606287768258],[-73.890444419792644,40.855055288183223],[-73.890390420264282,40.854697288702056],[-73.890031420239083,40.85422928821265],[-73.888450420373331,40.856032288948647],[-73.891107419591449,40.857435289045974]]]},"properties":{"OBJECTID":151434,"GEOID20":"360050387002","GEOID10":"360050387002","STATEFP":"36","COUNTYFP":"005","D1C":9.6086374219743949,"D1C5_RET":0.74733846615356403,"D2B_E5MIXA":0.65776312740849052,"D3A":35.453130332507236,"D3AAO":0,"D3B":113.9029232528449,"D4A":250.78999999999999,"D4C":64,"D4D":4372.99765338,"D5AR":606076,"D5BR":1398563}},{"type":"Feature","id":151435,"geometry":{"type":"Polygon","coordinates":[[[-73.858223411823246,40.879645294661081],[-73.858601411216711,40.87896229415496],[-73.856079410819476,40.878219293996338],[-73.854555410855127,40.880955294340843],[-73.857057410262556,40.881753294532686],[-73.858223411823246,40.879645294661081]]]},"properties":{"OBJECTID":151435,"GEOID20":"360050388002","GEOID10":"360050388002","STATEFP":"36","COUNTYFP":"005","D1C":0.42539525214338458,"D1C5_RET":0.10634881303584615,"D2B_E5MIXA":0.34939847028229709,"D3A":30.77101032435419,"D3AAO":0,"D3B":90.762330997312532,"D4A":168.97999999999999,"D4C":6,"D4D":204.189721029,"D5AR":491551,"D5BR":3243220}},{"type":"Feature","id":151436,"geometry":{"type":"Polygon","coordinates":[[[-73.886874417835514,40.855210288197362],[-73.886187419543873,40.854878288328507],[-73.883523417958116,40.858007289068475],[-73.884409418238008,40.858128289224254],[-73.886874417835514,40.855210288197362]]]},"properties":{"OBJECTID":151436,"GEOID20":"360050389002","GEOID10":"360050389002","STATEFP":"36","COUNTYFP":"005","D1C":6.2085572337400734,"D1C5_RET":0.73911395639762789,"D2B_E5MIXA":0.54620500925062354,"D3A":56.786995350895921,"D3AAO":0,"D3B":157.70917956030024,"D4A":341.99000000000001,"D4C":79.329999999999998,"D4D":7505.1405006100003,"D5AR":653998,"D5BR":919960}},{"type":"Feature","id":151486,"geometry":{"type":"Polygon","coordinates":[[[-73.917422428572593,40.846352285666235],[-73.917195428791871,40.846084285432092],[-73.917158428981963,40.845426285457997],[-73.917403428306017,40.845044284950191],[-73.914200427668305,40.845123284944037],[-73.911974425750458,40.848238286080623],[-73.912979426754347,40.848441285948404],[-73.914389427814186,40.846462284906032],[-73.915268426624749,40.846820285393257],[-73.917422428572593,40.846352285666235]]]},"properties":{"OBJECTID":151486,"GEOID20":"360050217001","GEOID10":"360050217001","STATEFP":"36","COUNTYFP":"005","D1C":12.163647785084711,"D1C5_RET":0.98938761888248838,"D2B_E5MIXA":0.74482912750054242,"D3A":37.661926302918786,"D3AAO":10.508384496167006,"D3B":211.15626960733465,"D4A":244.08000000000001,"D4C":102,"D4D":3799.2484565099999,"D5AR":713834,"D5BR":2238883}},{"type":"Feature","id":151501,"geometry":{"type":"Polygon","coordinates":[[[-73.883629418263311,40.853917288314577],[-73.881669417382554,40.85335628830363],[-73.88071541733062,40.856806288778522],[-73.880765416661006,40.857000289086407],[-73.881831417764261,40.857463288411338],[-73.883629418263311,40.853917288314577]]]},"properties":{"OBJECTID":151501,"GEOID20":"360050393001","GEOID10":"360050393001","STATEFP":"36","COUNTYFP":"005","D1C":27.505171723045443,"D1C5_RET":0.47775732521418884,"D2B_E5MIXA":0.33562726893569744,"D3A":21.325951802999636,"D3AAO":0,"D3B":87.361312636482864,"D4A":284.31999999999999,"D4C":66,"D4D":2882.9233170000002,"D5AR":682429,"D5BR":602554}},{"type":"Feature","id":151503,"geometry":{"type":"Polygon","coordinates":[[[-73.863951413231234,40.881442294327123],[-73.864467412716948,40.880553294031721],[-73.861481411814211,40.879826294709808],[-73.859942411781276,40.882673294490829],[-73.862804412835445,40.883582294838021],[-73.863951413231234,40.881442294327123]]]},"properties":{"OBJECTID":151503,"GEOID20":"360050390002","GEOID10":"360050390002","STATEFP":"36","COUNTYFP":"005","D1C":4.8942640143426406,"D1C5_RET":1.3983611469550401,"D2B_E5MIXA":0.88769325882333838,"D3A":28.275377608161261,"D3AAO":0,"D3B":55.934445878201608,"D4A":245.41999999999999,"D4C":70.670000000000002,"D4D":1976.44364511,"D5AR":479310,"D5BR":3460572}},{"type":"Feature","id":151504,"geometry":{"type":"Polygon","coordinates":[[[-73.886931419533539,40.851158288168357],[-73.887519418090974,40.850957288232642],[-73.886437418890807,40.850317287796933],[-73.88545341870163,40.851048287890308],[-73.884716418384656,40.851767287607963],[-73.883629418263311,40.853917288314577],[-73.88446241883976,40.854160288570796],[-73.885952418468918,40.851192287414328],[-73.886475418525649,40.851273287985812],[-73.886931419533539,40.851158288168357]]]},"properties":{"OBJECTID":151504,"GEOID20":"360050391001","GEOID10":"360050391001","STATEFP":"36","COUNTYFP":"005","D1C":10.008445950918345,"D1C5_RET":0.70647853771188318,"D2B_E5MIXA":0.44699953344223531,"D3A":54.164580190926785,"D3AAO":0,"D3B":276.33672509754405,"D4A":0,"D4C":42,"D4D":3165.0238489499998,"D5AR":627128,"D5BR":675265}},{"type":"Feature","id":151505,"geometry":{"type":"Polygon","coordinates":[[[-73.889608419741478,40.853246288277383],[-73.887231419109199,40.852496287616397],[-73.886452418959436,40.854049287666761],[-73.886852418992518,40.854103288221637],[-73.888238420661224,40.854770288438225],[-73.889608419741478,40.853246288277383]]]},"properties":{"OBJECTID":151505,"GEOID20":"360050391004","GEOID10":"360050391004","STATEFP":"36","COUNTYFP":"005","D1C":31.588476905319038,"D1C5_RET":6.6906149000849355,"D2B_E5MIXA":0.94742525645815279,"D3A":34.634965529073931,"D3AAO":0,"D3B":374.49894286639346,"D4A":362.10000000000002,"D4C":21,"D4D":1474.12892225,"D5AR":656405,"D5BR":638062}},{"type":"Feature","id":151506,"geometry":{"type":"Polygon","coordinates":[[[-73.890031420239083,40.85422928821265],[-73.889623419810093,40.85360328794421],[-73.889608419741478,40.853246288277383],[-73.887569419218011,40.855564289057149],[-73.888450420373331,40.856032288948647],[-73.890031420239083,40.85422928821265]]]},"properties":{"OBJECTID":151506,"GEOID20":"360050391005","GEOID10":"360050391005","STATEFP":"36","COUNTYFP":"005","D1C":27.374304080464885,"D1C5_RET":5.7716906193751267,"D2B_E5MIXA":0.69097295972465222,"D3A":32.289491699747458,"D3AAO":0,"D3B":0,"D4A":236.03999999999999,"D4C":58.329999999999998,"D4D":6156.1181957099998,"D5AR":649725,"D5BR":644338}},{"type":"Feature","id":151507,"geometry":{"type":"Polygon","coordinates":[[[-73.882734417762606,40.853658288363278],[-73.883282417933685,40.852572288329036],[-73.882004417118324,40.852197287623149],[-73.881669417382554,40.85335628830363],[-73.882734417762606,40.853658288363278]]]},"properties":{"OBJECTID":151507,"GEOID20":"360050393003","GEOID10":"360050393003","STATEFP":"36","COUNTYFP":"005","D1C":2.6560581735763527,"D1C5_RET":0.885352724525451,"D2B_E5MIXA":0.39548848910372325,"D3A":36.656685544854049,"D3AAO":0,"D3B":251.95940967435484,"D4A":215.91999999999999,"D4C":63,"D4D":11899.132540799999,"D5AR":640905,"D5BR":530983}},{"type":"Feature","id":151508,"geometry":{"type":"Polygon","coordinates":[[[-73.864601414407872,40.888308296001284],[-73.865381415280879,40.886892294721321],[-73.864506413973317,40.88661629465544],[-73.863729412575069,40.888025295385091],[-73.864601414407872,40.888308296001284]]]},"properties":{"OBJECTID":151508,"GEOID20":"360050394001","GEOID10":"360050394001","STATEFP":"36","COUNTYFP":"005","D1C":1.78646757954366,"D1C5_RET":0,"D2B_E5MIXA":0.43067655807339306,"D3A":28.259321277552186,"D3AAO":0,"D3B":0,"D4A":406.36000000000001,"D4C":42.329999999999998,"D4D":8066.2584151600004,"D5AR":514350,"D5BR":3201396}},{"type":"Feature","id":151509,"geometry":{"type":"Polygon","coordinates":[[[-73.864449414071913,40.886718295463474],[-73.864506413973317,40.88661629465544],[-73.861641413444417,40.885701295017242],[-73.860453412142434,40.88781229590839],[-73.863337412937895,40.888728295210328],[-73.864449414071913,40.886718295463474]]]},"properties":{"OBJECTID":151509,"GEOID20":"360050394002","GEOID10":"360050394002","STATEFP":"36","COUNTYFP":"005","D1C":11.142601880381893,"D1C5_RET":5.2079552267002329,"D2B_E5MIXA":0.7700363955093078,"D3A":29.194347436733604,"D3AAO":0,"D3B":77.513752211352298,"D4A":250.78999999999999,"D4C":42.329999999999998,"D4D":1640.5785655499999,"D5AR":472453,"D5BR":3175472}},{"type":"Feature","id":151510,"geometry":{"type":"Polygon","coordinates":[[[-73.897069423147812,40.862542289597862],[-73.89482642151151,40.862073289447864],[-73.893560421290033,40.861934289392615],[-73.894058421232401,40.862358289025188],[-73.894324421371195,40.864298290080598],[-73.894592422058111,40.863972290389079],[-73.895778422811958,40.864235290179906],[-73.897069423147812,40.862542289597862]]]},"properties":{"OBJECTID":151510,"GEOID20":"360050399011","GEOID10":"360050399011","STATEFP":"36","COUNTYFP":"005","D1C":28.235453564914248,"D1C5_RET":15.435381282153122,"D2B_E5MIXA":0.67136046451744946,"D3A":39.691858351440558,"D3AAO":0,"D3B":279.76508243495715,"D4A":0,"D4C":178.33000000000001,"D4D":10687.769312500001,"D5AR":608688,"D5BR":2598767}},{"type":"Feature","id":151511,"geometry":{"type":"Polygon","coordinates":[[[-73.859556411991889,40.883378294943327],[-73.859942411781276,40.882673294490829],[-73.857057410262556,40.881753294532686],[-73.855885411549025,40.883869295013568],[-73.858761411948578,40.884785294563144],[-73.859556411991889,40.883378294943327]]]},"properties":{"OBJECTID":151511,"GEOID20":"360050396002","GEOID10":"360050396002","STATEFP":"36","COUNTYFP":"005","D1C":0.72272244485921355,"D1C5_RET":0.60226870404934463,"D2B_E5MIXA":0.35172884557161055,"D3A":19.964895931722619,"D3AAO":0,"D3B":77.090394118316098,"D4A":260.18000000000001,"D4C":42.329999999999998,"D4D":1631.6181915100001,"D5AR":477484,"D5BR":3208479}},{"type":"Feature","id":151512,"geometry":{"type":"Polygon","coordinates":[[[-73.861460412796134,40.886024295956467],[-73.861641413444417,40.885701295017242],[-73.858761411948578,40.884785294563144],[-73.857987410923371,40.886199296048673],[-73.860863412221264,40.887105295121934],[-73.861460412796134,40.886024295956467]]]},"properties":{"OBJECTID":151512,"GEOID20":"360050396004","GEOID10":"360050396004","STATEFP":"36","COUNTYFP":"005","D1C":6.9925215617580783,"D1C5_RET":4.2681625117224637,"D2B_E5MIXA":0.58861863780323875,"D3A":30.85878244161,"D3AAO":0,"D3B":116.23931946818624,"D4A":260.18000000000001,"D4C":42.329999999999998,"D4D":2460.2051965400001,"D5AR":466821,"D5BR":3469778}},{"type":"Feature","id":151513,"geometry":{"type":"Polygon","coordinates":[[[-73.891293421160924,40.861773289140011],[-73.891448420971628,40.861642289612028],[-73.890696420586025,40.861259289448881],[-73.890330419989837,40.861279290074499],[-73.888157420470364,40.860165289711297],[-73.887161419687317,40.859604288936346],[-73.886786419768583,40.859205289715611],[-73.885167419369679,40.858386288576931],[-73.884409418238008,40.858128289224254],[-73.883523417958116,40.858007289068475],[-73.882663417617493,40.857751289835306],[-73.880765416661006,40.857000289086407],[-73.881009417058479,40.858252289491482],[-73.880516416240667,40.860354289298414],[-73.880544417626396,40.860754290503145],[-73.880898417628728,40.8612982906293],[-73.88235141744795,40.862457289706988],[-73.8839574192247,40.864456290258211],[-73.883990418836646,40.864827290818781],[-73.883859419315414,40.865199290665636],[-73.882690418279978,40.866160290731933],[-73.883626418788594,40.867266291005492],[-73.886834420347483,40.865398290863553],[-73.88945441975568,40.863100289833447],[-73.891293421160924,40.861773289140011]]]},"properties":{"OBJECTID":151513,"GEOID20":"360050397001","GEOID10":"360050397001","STATEFP":"36","COUNTYFP":"005","D1C":19.637933115355292,"D1C5_RET":0.69929799531009629,"D2B_E5MIXA":0.30196179040739562,"D3A":33.8635929970539,"D3AAO":0,"D3B":279.17687931084112,"D4A":341.99000000000001,"D4C":118.67,"D4D":624.83347040499996,"D5AR":633160,"D5BR":814985}},{"type":"Feature","id":151514,"geometry":{"type":"Polygon","coordinates":[[[-73.893137420792414,40.862719290035606],[-73.893560421290033,40.861934289392615],[-73.892853422008599,40.861841289627797],[-73.891792420029901,40.863658290802832],[-73.89131342125242,40.864140290205476],[-73.892133421410051,40.864641289772074],[-73.893137420792414,40.862719290035606]]]},"properties":{"OBJECTID":151514,"GEOID20":"360050399012","GEOID10":"360050399012","STATEFP":"36","COUNTYFP":"005","D1C":12.390645062977452,"D1C5_RET":9.592757468111575,"D2B_E5MIXA":0.47095008644386976,"D3A":28.070198034088826,"D3AAO":0,"D3B":255.80686581630866,"D4A":173,"D4C":150.33000000000001,"D4D":19227.7230691,"D5AR":616271,"D5BR":2288580}},{"type":"Feature","id":151515,"geometry":{"type":"Polygon","coordinates":[[[-73.89482642151151,40.862073289447864],[-73.895377422055645,40.860752289677656],[-73.89463242224106,40.86056128903617],[-73.893216420435138,40.85988228834352],[-73.891448420971628,40.861642289612028],[-73.891816421217669,40.861825290078819],[-73.892853422008599,40.861841289627797],[-73.89482642151151,40.862073289447864]]]},"properties":{"OBJECTID":151515,"GEOID20":"360050399021","GEOID10":"360050399021","STATEFP":"36","COUNTYFP":"005","D1C":37.450235101151925,"D1C5_RET":26.799250806328899,"D2B_E5MIXA":0.46760474798011992,"D3A":29.010546761721205,"D3AAO":0,"D3B":128.30656693737774,"D4A":101.93000000000001,"D4C":150.33000000000001,"D4D":8264.0643563400008,"D5AR":611660,"D5BR":2288918}},{"type":"Feature","id":151516,"geometry":{"type":"Polygon","coordinates":[[[-73.894043421163786,40.860287289402216],[-73.894695421091939,40.859434288298765],[-73.893809420812076,40.858950288418342],[-73.893216420435138,40.85988228834352],[-73.894043421163786,40.860287289402216]]]},"properties":{"OBJECTID":151516,"GEOID20":"360050399022","GEOID10":"360050399022","STATEFP":"36","COUNTYFP":"005","D1C":69.746274677103813,"D1C5_RET":0,"D2B_E5MIXA":0.56213157145753756,"D3A":51.580749165335114,"D3AAO":0,"D3B":177.2219627033457,"D4A":87.170000000000002,"D4C":145.66999999999999,"D4D":38704.532694100002,"D5AR":628141,"D5BR":2294031}},{"type":"Feature","id":151517,"geometry":{"type":"Polygon","coordinates":[[[-73.895791422332437,40.859756288913182],[-73.896364422617879,40.858384289038774],[-73.895741423002036,40.858147288644687],[-73.894043421163786,40.860287289402216],[-73.89463242224106,40.86056128903617],[-73.895377422055645,40.860752289677656],[-73.895791422332437,40.859756288913182]]]},"properties":{"OBJECTID":151517,"GEOID20":"360050399023","GEOID10":"360050399023","STATEFP":"36","COUNTYFP":"005","D1C":5.9770645248810172,"D1C5_RET":0.94374703024437123,"D2B_E5MIXA":0.69268071607829851,"D3A":27.30425109790913,"D3AAO":0,"D3B":167.81080527118579,"D4A":147.52000000000001,"D4C":150.33000000000001,"D4D":15133.172379400001,"D5AR":677215,"D5BR":2295089}},{"type":"Feature","id":151518,"geometry":{"type":"Polygon","coordinates":[[[-73.896000422569799,40.865842289986055],[-73.896833423146262,40.864683289681558],[-73.895778422811958,40.864235290179906],[-73.894923422494216,40.865358290055902],[-73.896000422569799,40.865842289986055]]]},"properties":{"OBJECTID":151518,"GEOID20":"360050401001","GEOID10":"360050401001","STATEFP":"36","COUNTYFP":"005","D1C":1.3502055012772944,"D1C5_RET":0,"D2B_E5MIXA":0.4181656600790517,"D3A":39.48835754394878,"D3AAO":0,"D3B":0,"D4A":191.78,"D4C":125,"D4D":21487.7257947,"D5AR":621781,"D5BR":2614005}},{"type":"Feature","id":151519,"geometry":{"type":"Polygon","coordinates":[[[-73.894304421279699,40.866171289957109],[-73.894377422871258,40.866075290729114],[-73.893856421566042,40.86574629028113],[-73.893717422547184,40.865301289831308],[-73.893460421730921,40.865352290034537],[-73.89330042099904,40.865302289835633],[-73.892497421458131,40.866700291358775],[-73.89127942181554,40.868024291265094],[-73.892422422013382,40.868632290586611],[-73.894304421279699,40.866171289957109]]]},"properties":{"OBJECTID":151519,"GEOID20":"360050403021","GEOID10":"360050403021","STATEFP":"36","COUNTYFP":"005","D1C":2.8077533950193154,"D1C5_RET":0,"D2B_E5MIXA":0.59560231202001013,"D3A":36.788093448801916,"D3AAO":0,"D3B":69.113929723552374,"D4A":120.7,"D4C":124,"D4D":8570.1272857200001,"D5AR":590089,"D5BR":2856714}},{"type":"Feature","id":151520,"geometry":{"type":"Polygon","coordinates":[[[-73.85193241017555,40.885097295065073],[-73.852372410391595,40.88440629604321],[-73.849736408394932,40.883563294564759],[-73.847445407976394,40.886986296331337],[-73.850272408870453,40.887889295147929],[-73.85193241017555,40.885097295065073]]]},"properties":{"OBJECTID":151520,"GEOID20":"360050404001","GEOID10":"360050404001","STATEFP":"36","COUNTYFP":"005","D1C":2.2340083022219432,"D1C5_RET":0.96293461302669958,"D2B_E5MIXA":0.69520528776442803,"D3A":30.47776475036973,"D3AAO":0,"D3B":73.97802940654401,"D4A":497.56,"D4C":12.67,"D4D":312.32976760399998,"D5AR":469136,"D5BR":2806673}},{"type":"Feature","id":151521,"geometry":{"type":"Polygon","coordinates":[[[-73.854717410338523,40.885984295385327],[-73.855105411574357,40.885279295527504],[-73.852372410391595,40.88440629604321],[-73.851495409434236,40.885785295936763],[-73.854324410876444,40.886690296242719],[-73.854717410338523,40.885984295385327]]]},"properties":{"OBJECTID":151521,"GEOID20":"360050404002","GEOID10":"360050404002","STATEFP":"36","COUNTYFP":"005","D1C":1.9660814253933048,"D1C5_RET":0.093622925018728806,"D2B_E5MIXA":0.60347879952940242,"D3A":18.106348338174751,"D3AAO":0,"D3B":59.918672011986423,"D4A":386.24000000000001,"D4C":12.67,"D4D":759.16957439199996,"D5AR":473492,"D5BR":2821301}},{"type":"Feature","id":151522,"geometry":{"type":"Polygon","coordinates":[[[-73.892911421734922,40.871494291568219],[-73.893072423190034,40.87140429137915],[-73.890977420793433,40.870167291283231],[-73.890423419876242,40.870499291961224],[-73.891103421190124,40.871182291476458],[-73.890988420664087,40.871772291334509],[-73.891930421918786,40.871794292673592],[-73.892911421734922,40.871494291568219]]]},"properties":{"OBJECTID":151522,"GEOID20":"360050407011","GEOID10":"360050407011","STATEFP":"36","COUNTYFP":"005","D1C":7.0651965028972956,"D1C5_RET":0.20186275722563701,"D2B_E5MIXA":0.50387859044472993,"D3A":21.790401099148397,"D3AAO":0,"D3B":129.19216462440767,"D4A":138.13999999999999,"D4C":150.33000000000001,"D4D":19421.458107999999,"D5AR":628039,"D5BR":2832344}},{"type":"Feature","id":151523,"geometry":{"type":"Polygon","coordinates":[[[-73.885739419830216,40.867096290333237],[-73.885141418532115,40.866391291739063],[-73.883626418788594,40.867266291005492],[-73.884710418536883,40.868713291572007],[-73.885557419357042,40.868151291231577],[-73.88502741872928,40.867526290030632],[-73.885739419830216,40.867096290333237]]]},"properties":{"OBJECTID":151523,"GEOID20":"360050407021","GEOID10":"360050407021","STATEFP":"36","COUNTYFP":"005","D1C":18.489752401414375,"D1C5_RET":4.9780102619192546,"D2B_E5MIXA":0.94782715314245514,"D3A":40.989920427648215,"D3AAO":0,"D3B":151.7866443291494,"D4A":120.7,"D4C":28.329999999999998,"D4D":3223.4749878900002,"D5AR":638594,"D5BR":2417326}},{"type":"Feature","id":151525,"geometry":{"type":"Polygon","coordinates":[[[-73.890977420793433,40.870167291283231],[-73.889893421045144,40.869530291484239],[-73.887787420574526,40.870749291299326],[-73.88691741928983,40.871352291168819],[-73.887852420871852,40.872129291690136],[-73.888674419780997,40.871505290586697],[-73.890977420793433,40.870167291283231]]]},"properties":{"OBJECTID":151525,"GEOID20":"360050407023","GEOID10":"360050407023","STATEFP":"36","COUNTYFP":"005","D1C":4.0921738467446431,"D1C5_RET":0.32306635632194552,"D2B_E5MIXA":0.59150323054737142,"D3A":50.810543360433329,"D3AAO":0,"D3B":137.84164536403009,"D4A":135.44999999999999,"D4C":144.66999999999999,"D4D":9970.7754174099991,"D5AR":602799,"D5BR":2654285}},{"type":"Feature","id":151526,"geometry":{"type":"Polygon","coordinates":[[[-73.861789412684104,40.891558296293979],[-73.862167412975879,40.890848295931079],[-73.860299412156621,40.890252296516103],[-73.859911411819112,40.890956296066285],[-73.861789412684104,40.891558296293979]]]},"properties":{"OBJECTID":151526,"GEOID20":"360050408001","GEOID10":"360050408001","STATEFP":"36","COUNTYFP":"005","D1C":0.55666362542772641,"D1C5_RET":0,"D2B_E5MIXA":0.43067655807339306,"D3A":24.062980061647931,"D3AAO":0,"D3B":178.13236013687245,"D4A":189.09999999999999,"D4C":56.329999999999998,"D4D":10034.195846500001,"D5AR":487608,"D5BR":3477244}},{"type":"Feature","id":151527,"geometry":{"type":"Polygon","coordinates":[[[-73.862167412975879,40.890848295931079],[-73.862555413313402,40.890143296281657],[-73.86069141269212,40.889550295542691],[-73.86108741252724,40.888840295364069],[-73.860082412421662,40.888519296611392],[-73.858909411188279,40.890640296179932],[-73.859911411819112,40.890956296066285],[-73.860299412156621,40.890252296516103],[-73.862167412975879,40.890848295931079]]]},"properties":{"OBJECTID":151527,"GEOID20":"360050408002","GEOID10":"360050408002","STATEFP":"36","COUNTYFP":"005","D1C":9.3060257029862736,"D1C5_RET":1.1766239394580347,"D2B_E5MIXA":0.30188341294602061,"D3A":32.756248419943077,"D3AAO":0,"D3B":45.661566115985984,"D4A":229.33000000000001,"D4C":56.670000000000002,"D4D":3879.5216668600001,"D5AR":504951,"D5BR":3477100}},{"type":"Feature","id":153494,"geometry":{"type":"Polygon","coordinates":[[[-73.85647940636099,40.805417279954305],[-73.856531405341201,40.804802279607514],[-73.85542740550143,40.804514279293535],[-73.855257405622112,40.804616278711883],[-73.854407405327237,40.804599279386359],[-73.854312404892667,40.804442279529731],[-73.85170540500495,40.804734279749979],[-73.850584404548414,40.804429279771846],[-73.850176403221084,40.804497279261902],[-73.849955405084799,40.805295279210917],[-73.84976840458873,40.805312280398056],[-73.848433403871951,40.804998280287009],[-73.84764340295321,40.805138280320804],[-73.84769040280888,40.806073280842099],[-73.848021403244985,40.806001279369831],[-73.848441403369549,40.806137280498604],[-73.848577403812001,40.80637528010341],[-73.848452404138527,40.806841280126264],[-73.848486404473718,40.807136280597042],[-73.848713403356129,40.807510281053581],[-73.849235404486251,40.807806280782387],[-73.849314404128961,40.808055280553937],[-73.850288404272405,40.808483280236302],[-73.850259404858406,40.809617281003305],[-73.850019404658894,40.810015280811591],[-73.85019440456108,40.810058280827349],[-73.85531340659692,40.809337280500401],[-73.855160406436042,40.808326280049087],[-73.85441840519789,40.805788279231813],[-73.856499405554146,40.805690279791001],[-73.85647940636099,40.805417279954305]]]},"properties":{"OBJECTID":153494,"GEOID20":"360050004003","GEOID10":"360050004003","STATEFP":"36","COUNTYFP":"005","D1C":0.93530799895733485,"D1C5_RET":0.24399339103234824,"D2B_E5MIXA":0.54839366852997384,"D3A":26.628476886383282,"D3AAO":0,"D3B":125.94666341281761,"D4A":116.68000000000001,"D4C":21.670000000000002,"D4D":190.33853101,"D5AR":554447,"D5BR":200325}},{"type":"Feature","id":153495,"geometry":{"type":"Polygon","coordinates":[[[-73.869034411688801,40.835494285239406],[-73.868992411856013,40.834805284670217],[-73.868151412680277,40.83136828458094],[-73.866356411655957,40.831882284391071],[-73.866807410844345,40.834845284896112],[-73.869034411688801,40.835494285239406]]]},"properties":{"OBJECTID":153495,"GEOID20":"360050076004","GEOID10":"360050076004","STATEFP":"36","COUNTYFP":"005","D1C":17.052407331574454,"D1C5_RET":0.78056794123404183,"D2B_E5MIXA":0.41478073761986128,"D3A":34.655052373352973,"D3AAO":0,"D3B":153.71184073531899,"D4A":227.99000000000001,"D4C":71.670000000000002,"D4D":2754.1319063800001,"D5AR":810309,"D5BR":1975153}},{"type":"Feature","id":153496,"geometry":{"type":"Polygon","coordinates":[[[-73.929193429236207,40.812528279437998],[-73.927122428925685,40.810957278222624],[-73.92644442905825,40.811515278380554],[-73.922876427649243,40.81332327903035],[-73.924260427871516,40.815059279559975],[-73.92400142920205,40.81544727926984],[-73.926628429181264,40.816127279827114],[-73.929193429236207,40.812528279437998]]]},"properties":{"OBJECTID":153496,"GEOID20":"360050051002","GEOID10":"360050051002","STATEFP":"36","COUNTYFP":"005","D1C":31.837148409901779,"D1C5_RET":4.9167461611622016,"D2B_E5MIXA":0.67385140555050516,"D3A":31.633129030043271,"D3AAO":0,"D3B":186.98044886314423,"D4A":143.5,"D4C":167.33000000000001,"D4D":2606.6348836299999,"D5AR":1000065,"D5BR":1904954}},{"type":"Feature","id":153497,"geometry":{"type":"Polygon","coordinates":[[[-73.924026428418088,40.819293280091706],[-73.925186429232681,40.818021280501036],[-73.92275942747338,40.817396279561187],[-73.920892427377368,40.821502280411877],[-73.920666427421551,40.821845281400066],[-73.921949429158104,40.821040279995302],[-73.924026428418088,40.819293280091706]]]},"properties":{"OBJECTID":153497,"GEOID20":"360050065002","GEOID10":"360050065002","STATEFP":"36","COUNTYFP":"005","D1C":15.771607278076857,"D1C5_RET":2.8052265909622869,"D2B_E5MIXA":0.54531345678174425,"D3A":25.540628890020507,"D3AAO":0,"D3B":133.01511757181532,"D4A":178.37,"D4C":103,"D4D":4109.3452639200004,"D5AR":924907,"D5BR":2269973}},{"type":"Feature","id":153498,"geometry":{"type":"Polygon","coordinates":[[[-73.918338427193078,40.823393280698205],[-73.91657042593296,40.822836281160598],[-73.917714426854019,40.820655281042242],[-73.91590342683449,40.820183280789749],[-73.914507426018346,40.822950280532581],[-73.916217425755534,40.823476281167345],[-73.915878425821802,40.824112281331146],[-73.916774427045766,40.824395281843913],[-73.918338427193078,40.823393280698205]]]},"properties":{"OBJECTID":153498,"GEOID20":"360050069002","GEOID10":"360050069002","STATEFP":"36","COUNTYFP":"005","D1C":2.7685130367894648,"D1C5_RET":0.28250133028463925,"D2B_E5MIXA":0.64633442499239213,"D3A":38.346521246302565,"D3AAO":0,"D3B":108.48051082930147,"D4A":185.06999999999999,"D4C":58,"D4D":2097.28987603,"D5AR":945872,"D5BR":2010042}},{"type":"Feature","id":153499,"geometry":{"type":"Polygon","coordinates":[[[-73.866807410844345,40.834845284896112],[-73.866356411655957,40.831882284391071],[-73.86365841063332,40.832660284193182],[-73.862722410124718,40.833029284437004],[-73.86283840957735,40.833696284718982],[-73.864884411570145,40.834239284970316],[-73.866807410844345,40.834845284896112]]]},"properties":{"OBJECTID":153499,"GEOID20":"360050076005","GEOID10":"360050076005","STATEFP":"36","COUNTYFP":"005","D1C":6.4703786711472748,"D1C5_RET":0.86271715615296996,"D2B_E5MIXA":0.84936506201096817,"D3A":31.658702731967104,"D3AAO":0,"D3B":131.48795422235438,"D4A":103.27,"D4C":90.329999999999998,"D4D":3562.4795755599998,"D5AR":782145,"D5BR":2003722}},{"type":"Feature","id":153500,"geometry":{"type":"Polygon","coordinates":[[[-73.906967422969288,40.813660279535952],[-73.907246423526857,40.812863278990804],[-73.905414422692644,40.812484279541522],[-73.90442642140718,40.815281279889028],[-73.906239421974831,40.81566927966022],[-73.906967422969288,40.813660279535952]]]},"properties":{"OBJECTID":153500,"GEOID20":"360050079004","GEOID10":"360050079004","STATEFP":"36","COUNTYFP":"005","D1C":14.882504273667761,"D1C5_RET":0.15665793972281855,"D2B_E5MIXA":0.36865512500200537,"D3A":32.182059906012469,"D3AAO":0,"D3B":133.69815207704227,"D4A":236.03999999999999,"D4C":92.329999999999998,"D4D":4628.5528238699999,"D5AR":964090,"D5BR":1471331}},{"type":"Feature","id":153501,"geometry":{"type":"Polygon","coordinates":[[[-73.897787420503263,40.817254280135487],[-73.897046420886653,40.816810280381937],[-73.894932419121787,40.818855281222383],[-73.894919419601294,40.820015281686885],[-73.897787420503263,40.817254280135487]]]},"properties":{"OBJECTID":153501,"GEOID20":"360050087003","GEOID10":"360050087003","STATEFP":"36","COUNTYFP":"005","D1C":1.0517007684146495,"D1C5_RET":0,"D2B_E5MIXA":0.42431466254429612,"D3A":42.557547582228878,"D3AAO":0,"D3B":96.15549882648223,"D4A":223.97,"D4C":130.66999999999999,"D4D":12564.6390317,"D5AR":877975,"D5BR":1484864}},{"type":"Feature","id":153502,"geometry":{"type":"Polygon","coordinates":[[[-73.849019405474507,40.823268283898912],[-73.848342404533682,40.820371282243414],[-73.845290403508699,40.820792283403129],[-73.845956404578885,40.823679284137533],[-73.849019405474507,40.823268283898912]]]},"properties":{"OBJECTID":153502,"GEOID20":"360050090004","GEOID10":"360050090004","STATEFP":"36","COUNTYFP":"005","D1C":3.9317398424401206,"D1C5_RET":1.0895182695918406,"D2B_E5MIXA":0.83268316545965049,"D3A":25.255053242040237,"D3AAO":0,"D3B":80.855519304387869,"D4A":202.50999999999999,"D4C":28,"D4D":848.87684309099996,"D5AR":715254,"D5BR":1108997}},{"type":"Feature","id":153503,"geometry":{"type":"Polygon","coordinates":[[[-73.887085416824377,40.816798281063946],[-73.887997417043536,40.816672280615741],[-73.885895416770879,40.814601280178387],[-73.882801414116486,40.815069280387014],[-73.883381415871241,40.817359281870594],[-73.887085416824377,40.816798281063946]]]},"properties":{"OBJECTID":153503,"GEOID20":"360050117001","GEOID10":"360050117001","STATEFP":"36","COUNTYFP":"005","D1C":40.955171076308993,"D1C5_RET":1.6927510433376853,"D2B_E5MIXA":0.56450041071708834,"D3A":25.162233505942762,"D3AAO":0,"D3B":120.3734075262354,"D4A":248.11000000000001,"D4C":12,"D4D":361.12022257900003,"D5AR":785446,"D5BR":1198567}},{"type":"Feature","id":153504,"geometry":{"type":"Polygon","coordinates":[[[-73.893324418593537,40.817886281335078],[-73.892032417534452,40.817116280613064],[-73.891807419200205,40.816370281308146],[-73.887997417043536,40.816672280615741],[-73.889714418250051,40.819441280691819],[-73.890825418660839,40.820315281388829],[-73.893324418593537,40.817886281335078]]]},"properties":{"OBJECTID":153504,"GEOID20":"360050093002","GEOID10":"360050093002","STATEFP":"36","COUNTYFP":"005","D1C":40.723118227424585,"D1C5_RET":0.26345825100921638,"D2B_E5MIXA":0.45105965089485134,"D3A":57.730783500561216,"D3AAO":17.296982604214527,"D3B":176.68263050538076,"D4A":112.65000000000001,"D4C":83.670000000000002,"D4D":2015.4104559499999,"D5AR":777599,"D5BR":1367109}},{"type":"Feature","id":153505,"geometry":{"type":"Polygon","coordinates":[[[-73.888327416756425,40.814234280243113],[-73.887729417254945,40.811944280351902],[-73.883766415835737,40.812544280011188],[-73.885895416770879,40.814601280178387],[-73.888327416756425,40.814234280243113]]]},"properties":{"OBJECTID":153505,"GEOID20":"360050093005","GEOID10":"360050093005","STATEFP":"36","COUNTYFP":"005","D1C":15.65198141438359,"D1C5_RET":0.17013023276503902,"D2B_E5MIXA":0.63556512764144268,"D3A":30.185688207397938,"D3AAO":0,"D3B":193.5945944679932,"D4A":371.49000000000001,"D4C":14,"D4D":508.12229519200002,"D5AR":692774,"D5BR":1058348}},{"type":"Feature","id":153506,"geometry":{"type":"Polygon","coordinates":[[[-73.890527417836694,40.811520279741245],[-73.889147416914071,40.80612627946774],[-73.889403417007102,40.805305278789788],[-73.88910241580993,40.80497627852575],[-73.888745417231178,40.80475627819159],[-73.888362416018197,40.804784278732058],[-73.888060416792726,40.804948278746281],[-73.887704417140583,40.804839278180808],[-73.887512416621632,40.804565278682283],[-73.887571416172861,40.804193278441169],[-73.886936415963149,40.803715278539713],[-73.886278415288885,40.803386277873365],[-73.885895415872554,40.802783277560614],[-73.885511414834696,40.802372278416328],[-73.885264414962492,40.802344278898218],[-73.884819414723566,40.801910278057271],[-73.883893415159022,40.801754278243003],[-73.883542414631421,40.802137277528693],[-73.87835641354674,40.802960278487717],[-73.878114412799079,40.802303278513989],[-73.877907412211542,40.80228027830394],[-73.878360413744701,40.801310278124845],[-73.875669411496446,40.800978278252195],[-73.875641411907353,40.801426278344323],[-73.874737411185805,40.801180277696609],[-73.874707411048576,40.800939278295374],[-73.873425410933564,40.800819278755355],[-73.871691410906934,40.801542278361083],[-73.871571410358015,40.801768278128009],[-73.871721410145838,40.801814278214955],[-73.87163141063246,40.801934278676157],[-73.873621411650447,40.802809279078652],[-73.873744411674096,40.803426278690459],[-73.874266411905907,40.803506278212346],[-73.874808412229228,40.803710278630632],[-73.87664041306347,40.805484279564901],[-73.877030412152479,40.805712279275632],[-73.877479413487677,40.805834278572512],[-73.878080413362227,40.805873279052818],[-73.879358413279277,40.80566627849047],[-73.879796413845511,40.807546279280984],[-73.880414414336784,40.80940127972876],[-73.881622413933641,40.81045828033448],[-73.881860415381638,40.810860279762259],[-73.882093415010146,40.810930279072004],[-73.883766415835737,40.812544280011188],[-73.890527417836694,40.811520279741245]]]},"properties":{"OBJECTID":153506,"GEOID20":"360050093006","GEOID10":"360050093006","STATEFP":"36","COUNTYFP":"005","D1C":27.394021842582177,"D1C5_RET":2.083639834481104,"D2B_E5MIXA":0.62974394705427339,"D3A":18.405644343916371,"D3AAO":0,"D3B":63.498818708360695,"D4A":478.77999999999997,"D4C":14,"D4D":36.0335398613,"D5AR":712585,"D5BR":620200}},{"type":"Feature","id":153507,"geometry":{"type":"Polygon","coordinates":[[[-73.899800421087463,40.824066281746205],[-73.900040420388663,40.823490281228011],[-73.898889420693209,40.823222281009457],[-73.89898642077759,40.821046281990164],[-73.893201419468198,40.824016282338555],[-73.896862420763611,40.823856281669386],[-73.898875421347824,40.823858281569692],[-73.899800421087463,40.824066281746205]]]},"properties":{"OBJECTID":153507,"GEOID20":"360050129011","GEOID10":"360050129011","STATEFP":"36","COUNTYFP":"005","D1C":29.187874445724049,"D1C5_RET":1.5254986644106645,"D2B_E5MIXA":0.38456076805765715,"D3A":30.121995166923021,"D3AAO":0,"D3B":108.50160100576332,"D4A":238.72,"D4C":109.67,"D4D":3569.0973552199998,"D5AR":916142,"D5BR":1434417}},{"type":"Feature","id":153508,"geometry":{"type":"Polygon","coordinates":[[[-73.823191395666768,40.816681283180827],[-73.82408239596954,40.816359282653636],[-73.822380395729951,40.813421282836003],[-73.820529394629148,40.814039282465636],[-73.8196383952247,40.814251282539466],[-73.819004395738204,40.814300283095115],[-73.818600394608836,40.814239283438503],[-73.820568394987205,40.817600282828941],[-73.823191395666768,40.816681283180827]]]},"properties":{"OBJECTID":153508,"GEOID20":"360050132005","GEOID10":"360050132005","STATEFP":"36","COUNTYFP":"005","D1C":1.4087295400817363,"D1C5_RET":0,"D2B_E5MIXA":0.069910080563139673,"D3A":31.113646042964238,"D3AAO":0,"D3B":236.17283657111258,"D4A":203.84999999999999,"D4C":13,"D4D":279.06261365400002,"D5AR":772239,"D5BR":916260}},{"type":"Feature","id":153509,"geometry":{"type":"Polygon","coordinates":[[[-73.904910423800786,40.827285283141364],[-73.90508142350501,40.827122281819591],[-73.901652422911496,40.826225281705725],[-73.900936421612599,40.827936281814203],[-73.903462422207795,40.828541282373216],[-73.904910423800786,40.827285283141364]]]},"properties":{"OBJECTID":153509,"GEOID20":"360050135001","GEOID10":"360050135001","STATEFP":"36","COUNTYFP":"005","D1C":23.124501603300086,"D1C5_RET":0.47032884616881532,"D2B_E5MIXA":0.06173301769043512,"D3A":28.018872332992757,"D3AAO":0,"D3B":100.38698892627193,"D4A":303.08999999999997,"D4C":39,"D4D":1956.56800006,"D5AR":834623,"D5BR":1284000}},{"type":"Feature","id":153510,"geometry":{"type":"Polygon","coordinates":[[[-73.822594396888505,40.82382528456683],[-73.82283439618972,40.823753284683981],[-73.822566396401101,40.823588284289315],[-73.820986396360254,40.821741284028818],[-73.822743396851422,40.821125284071577],[-73.82159139553444,40.819289284094751],[-73.818086394772948,40.820490283817421],[-73.819141395107238,40.822355285117467],[-73.822250396931935,40.823927284210477],[-73.822594396888505,40.82382528456683]]]},"properties":{"OBJECTID":153510,"GEOID20":"360050144006","GEOID10":"360050144006","STATEFP":"36","COUNTYFP":"005","D1C":1.2219749601878587,"D1C5_RET":0.078837094205668312,"D2B_E5MIXA":0.62481648963466185,"D3A":30.36812165104536,"D3AAO":2.0030988401105243,"D3B":193.42208040795484,"D4A":154.22999999999999,"D4C":13,"D4D":327.96231189600002,"D5AR":772434,"D5BR":1122656}},{"type":"Feature","id":153511,"geometry":{"type":"Polygon","coordinates":[[[-73.901865422448509,40.831728283337405],[-73.900743421268757,40.831277283048934],[-73.899000421919624,40.8339002840695],[-73.900184422125321,40.834200284172987],[-73.901865422448509,40.831728283337405]]]},"properties":{"OBJECTID":153511,"GEOID20":"360050149002","GEOID10":"360050149002","STATEFP":"36","COUNTYFP":"005","D1C":2.1740882833961761,"D1C5_RET":0.24156536482179736,"D2B_E5MIXA":0.52731798547163111,"D3A":32.109040005771625,"D3AAO":0,"D3B":0,"D4A":297.73000000000002,"D4C":49.329999999999998,"D4D":3813.2542229300002,"D5AR":871603,"D5BR":1281868}},{"type":"Feature","id":153512,"geometry":{"type":"Polygon","coordinates":[[[-73.904209423468828,40.831075283466774],[-73.904507422496351,40.830633282806659],[-73.903542423472061,40.830444283402748],[-73.902276422352259,40.829645283591631],[-73.900253421722311,40.831203282741804],[-73.900743421268757,40.831277283048934],[-73.901865422448509,40.831728283337405],[-73.903436423166838,40.832224284207207],[-73.904209423468828,40.831075283466774]]]},"properties":{"OBJECTID":153512,"GEOID20":"360050149003","GEOID10":"360050149003","STATEFP":"36","COUNTYFP":"005","D1C":137.77600004654744,"D1C5_RET":1.8819715430376429,"D2B_E5MIXA":0.13440965099833518,"D3A":28.570845155874661,"D3AAO":0,"D3B":66.948001024325748,"D4A":77.780000000000001,"D4C":39,"D4D":1957.25040476,"D5AR":922195,"D5BR":1263773}},{"type":"Feature","id":153513,"geometry":{"type":"Polygon","coordinates":[[[-73.902276422352259,40.829645283591631],[-73.900429421449402,40.829159283203296],[-73.899732422213717,40.830814282910346],[-73.898507422000122,40.829954283320475],[-73.89884342156077,40.83175928286326],[-73.899021421836011,40.832009283640325],[-73.89801342045908,40.832742283443089],[-73.899450421283092,40.833226283100011],[-73.900743421268757,40.831277283048934],[-73.900253421722311,40.831203282741804],[-73.902276422352259,40.829645283591631]]]},"properties":{"OBJECTID":153513,"GEOID20":"360050151003","GEOID10":"360050151003","STATEFP":"36","COUNTYFP":"005","D1C":11.276823924778418,"D1C5_RET":2.9388086591846787,"D2B_E5MIXA":0.4573809597531357,"D3A":32.295545709850174,"D3AAO":0,"D3B":277.09548436740374,"D4A":101.93000000000001,"D4C":50,"D4D":2187.0203975300001,"D5AR":888483,"D5BR":1285439}},{"type":"Feature","id":153514,"geometry":{"type":"Polygon","coordinates":[[[-73.896474420426088,40.833055284297537],[-73.896693420709227,40.831974282881411],[-73.894001419534362,40.832250283703722],[-73.894192420228393,40.833299283380597],[-73.896474420426088,40.833055284297537]]]},"properties":{"OBJECTID":153514,"GEOID20":"360050153002","GEOID10":"360050153002","STATEFP":"36","COUNTYFP":"005","D1C":9.5918422389713847,"D1C5_RET":0.97544158362420863,"D2B_E5MIXA":0.87134351986914615,"D3A":32.298970885124888,"D3AAO":0,"D3B":0,"D4A":260.18000000000001,"D4C":77.329999999999998,"D4D":8045.9624172399999,"D5AR":843998,"D5BR":1275084}},{"type":"Feature","id":153515,"geometry":{"type":"Polygon","coordinates":[[[-73.922610428408774,40.826978281657205],[-73.922670429581558,40.826862281922104],[-73.921153429289902,40.826406281606268],[-73.92020242781436,40.828108282149323],[-73.921743428395459,40.82860828174401],[-73.922610428408774,40.826978281657205]]]},"properties":{"OBJECTID":153515,"GEOID20":"360050183011","GEOID10":"360050183011","STATEFP":"36","COUNTYFP":"005","D1C":56.604523033209972,"D1C5_RET":0.97594005229672365,"D2B_E5MIXA":0.52183970333114893,"D3A":40.798395084631359,"D3AAO":0,"D3B":59.515612789203637,"D4A":211.90000000000001,"D4C":103.67,"D4D":9250.3501916900004,"D5AR":839675,"D5BR":2179405}},{"type":"Feature","id":153516,"geometry":{"type":"Polygon","coordinates":[[[-73.893902418901845,40.823651281373841],[-73.893875419137672,40.820987281725273],[-73.891616418506175,40.820993281685482],[-73.891908418584208,40.824419282487582],[-73.892006418493523,40.824731282587692],[-73.89239041863307,40.82444128256018],[-73.893902418901845,40.823651281373841]]]},"properties":{"OBJECTID":153516,"GEOID20":"360050159001","GEOID10":"360050159001","STATEFP":"36","COUNTYFP":"005","D1C":42.547867559389189,"D1C5_RET":28.68324106021603,"D2B_E5MIXA":0.59319533021884241,"D3A":15.586453078212893,"D3AAO":0,"D3B":81.406981279548816,"D4A":175.69,"D4C":151.33000000000001,"D4D":6159.6592385200001,"D5AR":922769,"D5BR":1497609}},{"type":"Feature","id":153517,"geometry":{"type":"Polygon","coordinates":[[[-73.920666427421551,40.821845281400066],[-73.916089425709018,40.824846281356699],[-73.918460427391821,40.825582281264175],[-73.920064428620421,40.822675281075739],[-73.920666427421551,40.821845281400066]]]},"properties":{"OBJECTID":153517,"GEOID20":"360050173004","GEOID10":"360050173004","STATEFP":"36","COUNTYFP":"005","D1C":12.369538542784669,"D1C5_RET":0,"D2B_E5MIXA":0.38196479912153974,"D3A":19.400466282449361,"D3AAO":0,"D3B":74.897994512679702,"D4A":244.08000000000001,"D4C":53,"D4D":2975.7074281599998,"D5AR":917244,"D5BR":2232966}},{"type":"Feature","id":153518,"geometry":{"type":"Polygon","coordinates":[[[-73.913845426044432,40.833702283529412],[-73.914080426221076,40.833294283661921],[-73.913280426154927,40.831196282506404],[-73.912396426423157,40.830944283055508],[-73.911286425837275,40.832837282903128],[-73.913845426044432,40.833702283529412]]]},"properties":{"OBJECTID":153518,"GEOID20":"360050175004","GEOID10":"360050175004","STATEFP":"36","COUNTYFP":"005","D1C":12.152388400533319,"D1C5_RET":1.2949266328437143,"D2B_E5MIXA":0.442334723321542,"D3A":36.871989662131085,"D3AAO":0,"D3B":127.50046846461184,"D4A":187.75999999999999,"D4C":74.329999999999998,"D4D":4738.5549104900001,"D5AR":886795,"D5BR":2191935}},{"type":"Feature","id":153519,"geometry":{"type":"Polygon","coordinates":[[[-73.919738428207182,40.827093282647567],[-73.920259428614088,40.826161281712842],[-73.918460427391821,40.825582281264175],[-73.916907426216838,40.828397282573292],[-73.91862742779638,40.829116282653345],[-73.919738428207182,40.827093282647567]]]},"properties":{"OBJECTID":153519,"GEOID20":"360050183022","GEOID10":"360050183022","STATEFP":"36","COUNTYFP":"005","D1C":20.5313656185801,"D1C5_RET":0,"D2B_E5MIXA":0.045221682809213945,"D3A":35.630303646236328,"D3AAO":0,"D3B":151.06554035276366,"D4A":191.78,"D4C":40.329999999999998,"D4D":1827.37649743,"D5AR":861073,"D5BR":2191910}},{"type":"Feature","id":153520,"geometry":{"type":"Polygon","coordinates":[[[-73.911695425192889,40.827767281386301],[-73.911795425650325,40.826436280989995],[-73.911311425053341,40.824857281323112],[-73.908710424115085,40.824075280588758],[-73.906572423857398,40.829460282873498],[-73.908961425083547,40.830234283131162],[-73.910308425495899,40.828781282251178],[-73.911695425192889,40.827767281386301]]]},"properties":{"OBJECTID":153520,"GEOID20":"360050185001","GEOID10":"360050185001","STATEFP":"36","COUNTYFP":"005","D1C":15.455247845894602,"D1C5_RET":3.7813693164919937,"D2B_E5MIXA":0.92692659029542757,"D3A":27.070738855777339,"D3AAO":0,"D3B":131.37356393706324,"D4A":264.19999999999999,"D4C":61.670000000000002,"D4D":867.70993766699996,"D5AR":907053,"D5BR":962386}},{"type":"Feature","id":153521,"geometry":{"type":"Polygon","coordinates":[[[-73.908213423997623,40.8253222821265],[-73.908462423519637,40.82463228195671],[-73.907032424164939,40.825818281972793],[-73.905381423080669,40.82688328195951],[-73.903853422918374,40.828202282246671],[-73.905091422652447,40.829022283171867],[-73.906572423857398,40.829460282873498],[-73.908213423997623,40.8253222821265]]]},"properties":{"OBJECTID":153521,"GEOID20":"360050185003","GEOID10":"360050185003","STATEFP":"36","COUNTYFP":"005","D1C":35.658695976407657,"D1C5_RET":1.7988066219552825,"D2B_E5MIXA":0.20255109820936032,"D3A":28.191916562030869,"D3AAO":0,"D3B":158.05796350658372,"D4A":297.73000000000002,"D4C":57.670000000000002,"D4D":1952.6998190700001,"D5AR":884277,"D5BR":919129}},{"type":"Feature","id":153718,"geometry":{"type":"Polygon","coordinates":[[[-73.925843430082026,40.827972281873834],[-73.925928430470847,40.827820281715638],[-73.922670429581558,40.826862281922104],[-73.920462427207056,40.830923282265054],[-73.921662429102923,40.831345282890943],[-73.922414428590216,40.830061282336573],[-73.924262428419652,40.830689282425851],[-73.925843430082026,40.827972281873834]]]},"properties":{"OBJECTID":153718,"GEOID20":"360050195002","GEOID10":"360050195002","STATEFP":"36","COUNTYFP":"005","D1C":25.29282054987959,"D1C5_RET":3.271465206258557,"D2B_E5MIXA":0.67336741998689309,"D3A":50.179101948136989,"D3AAO":0,"D3B":339.90649759447018,"D4A":171.66,"D4C":103.33,"D4D":2290.0527089000002,"D5AR":913217,"D5BR":2164037}},{"type":"Feature","id":153726,"geometry":{"type":"Polygon","coordinates":[[[-73.922373428582318,40.83611728329835],[-73.923181429942716,40.834525283772713],[-73.921224428536703,40.833841283005796],[-73.920305428644852,40.835405282805596],[-73.921286429359284,40.835732283516549],[-73.920480428547023,40.837148283387741],[-73.92012642764638,40.837596283929393],[-73.922373428582318,40.83611728329835]]]},"properties":{"OBJECTID":153726,"GEOID20":"360050197003","GEOID10":"360050197003","STATEFP":"36","COUNTYFP":"005","D1C":25.505769584144414,"D1C5_RET":10.132429012879287,"D2B_E5MIXA":0.67263322983451534,"D3A":34.132225057551338,"D3AAO":0,"D3B":204.99650863574263,"D4A":114,"D4C":94.670000000000002,"D4D":5292.3423704799998,"D5AR":986056,"D5BR":2174883}},{"type":"Feature","id":153727,"geometry":{"type":"Polygon","coordinates":[[[-73.848070405445412,40.843080288138054],[-73.848547406369704,40.843015287083908],[-73.843612404456877,40.839356287328876],[-73.842042403563468,40.840654286442991],[-73.84285340439861,40.841141286530942],[-73.844164404825918,40.842204287746021],[-73.846236404961346,40.84449828798347],[-73.848070405445412,40.843080288138054]]]},"properties":{"OBJECTID":153727,"GEOID20":"360050200001","GEOID10":"360050200001","STATEFP":"36","COUNTYFP":"005","D1C":22.507381463175392,"D1C5_RET":9.8383492592101014,"D2B_E5MIXA":0.77721621865562551,"D3A":38.150694675201905,"D3AAO":0,"D3B":272.54091556292673,"D4A":115.34,"D4C":75.329999999999998,"D4D":1664.275873,"D5AR":791026,"D5BR":1668541}},{"type":"Feature","id":153728,"geometry":{"type":"Polygon","coordinates":[[[-73.919842428862566,40.850402286278474],[-73.920320429611778,40.849812286296178],[-73.919372428509277,40.849629285937951],[-73.918949428909983,40.850190286249166],[-73.916448428429163,40.851913286661841],[-73.917407429402289,40.852154287067712],[-73.918168430008706,40.85299128714346],[-73.919097429047994,40.85268328695129],[-73.9186264288698,40.85239428707721],[-73.918290429309138,40.852006286096241],[-73.918224429186907,40.851874287430071],[-73.91832742911906,40.851551287021358],[-73.919593429340551,40.850688286691927],[-73.919842428862566,40.850402286278474]]]},"properties":{"OBJECTID":153728,"GEOID20":"360050205021","GEOID10":"360050205021","STATEFP":"36","COUNTYFP":"005","D1C":7.0232781506321542,"D1C5_RET":0.65843232662176443,"D2B_E5MIXA":0.49293031165493623,"D3A":29.241683854795625,"D3AAO":0,"D3B":93.69053052943292,"D4A":203.84999999999999,"D4C":37.670000000000002,"D4D":2645.6688793399999,"D5AR":901742,"D5BR":1130654}},{"type":"Feature","id":153729,"geometry":{"type":"Polygon","coordinates":[[[-73.923708430197408,40.838210284340931],[-73.922217428946695,40.83799428373991],[-73.921641429186522,40.838896283652794],[-73.921436429147121,40.839249283604389],[-73.921299428879763,40.83996228397465],[-73.921358429329317,40.840197284769573],[-73.921946429683373,40.84105328457364],[-73.922388428650933,40.840434284811295],[-73.922560429976699,40.839279283973767],[-73.923186429965597,40.838496283682566],[-73.923708430197408,40.838210284340931]]]},"properties":{"OBJECTID":153729,"GEOID20":"360050211004","GEOID10":"360050211004","STATEFP":"36","COUNTYFP":"005","D1C":3.8222794639244562,"D1C5_RET":0.84939543642765691,"D2B_E5MIXA":0.85581663508764416,"D3A":35.208234561594907,"D3AAO":0,"D3B":120.86330796741274,"D4A":0,"D4C":61.329999999999998,"D4D":5556.6316923799995,"D5AR":951107,"D5BR":2175344}},{"type":"Feature","id":153730,"geometry":{"type":"Polygon","coordinates":[[[-73.916918427884127,40.838344284542551],[-73.917384428039455,40.837753283487707],[-73.915329426724128,40.836962284822036],[-73.914781426553034,40.837525283790562],[-73.916918427884127,40.838344284542551]]]},"properties":{"OBJECTID":153730,"GEOID20":"360050221022","GEOID10":"360050221022","STATEFP":"36","COUNTYFP":"005","D1C":24.322829051860577,"D1C5_RET":0.53456767146946327,"D2B_E5MIXA":0.28546252251931609,"D3A":21.143926097352008,"D3AAO":0,"D3B":0,"D4A":191.78,"D4C":100.67,"D4D":17220.7767958,"D5AR":682293,"D5BR":2186553}},{"type":"Feature","id":153731,"geometry":{"type":"Polygon","coordinates":[[[-73.866520411687489,40.834977284858539],[-73.866807410844345,40.834845284896112],[-73.864884411570145,40.834239284970316],[-73.86283840957735,40.833696284718982],[-73.863556410526073,40.837873286232686],[-73.865473410850811,40.837684285718915],[-73.865075410467554,40.835350285587062],[-73.865980411014021,40.835213284754289],[-73.866520411687489,40.834977284858539]]]},"properties":{"OBJECTID":153731,"GEOID20":"360050216012","GEOID10":"360050216012","STATEFP":"36","COUNTYFP":"005","D1C":1.9202104356595167,"D1C5_RET":0.40425482855989825,"D2B_E5MIXA":0.86290619243456834,"D3A":62.235116796067608,"D3AAO":22.275532783227785,"D3B":129.39388552545225,"D4A":217.25999999999999,"D4C":106.67,"D4D":3449.7490050000001,"D5AR":587652,"D5BR":1989834}},{"type":"Feature","id":153732,"geometry":{"type":"Polygon","coordinates":[[[-73.918138428074855,40.839615284736219],[-73.918593428359529,40.838990284087338],[-73.916918427884127,40.838344284542551],[-73.915941427367642,40.839560283534652],[-73.9176844276151,40.84023328428853],[-73.918138428074855,40.839615284736219]]]},"properties":{"OBJECTID":153732,"GEOID20":"360050221012","GEOID10":"360050221012","STATEFP":"36","COUNTYFP":"005","D1C":29.966796789157616,"D1C5_RET":20.770636927934643,"D2B_E5MIXA":0.64043853860034705,"D3A":33.89756087097804,"D3AAO":0,"D3B":0,"D4A":164.96000000000001,"D4C":94.670000000000002,"D4D":9606.6256999899997,"D5AR":692794,"D5BR":2172501}},{"type":"Feature","id":153733,"geometry":{"type":"Polygon","coordinates":[[[-73.919385427131445,40.838085284207942],[-73.919697428199285,40.837880284403816],[-73.917849427471538,40.837164284138851],[-73.916918427884127,40.838344284542551],[-73.918593428359529,40.838990284087338],[-73.919018427608648,40.838389284006823],[-73.919385427131445,40.838085284207942]]]},"properties":{"OBJECTID":153733,"GEOID20":"360050221013","GEOID10":"360050221013","STATEFP":"36","COUNTYFP":"005","D1C":11.246106655760149,"D1C5_RET":2.9769105853482745,"D2B_E5MIXA":0.9678947190064201,"D3A":27.642534194734967,"D3AAO":0,"D3B":105.84570970127197,"D4A":348.69,"D4C":95,"D4D":10055.3424216,"D5AR":701603,"D5BR":2176106}},{"type":"Feature","id":153734,"geometry":{"type":"Polygon","coordinates":[[[-73.855448408112764,40.837471286036717],[-73.855126407897501,40.8360572851212],[-73.852208406766806,40.836355286815063],[-73.853036408218713,40.840743287266335],[-73.854152407754043,40.840625286393255],[-73.853878407219341,40.839749286854939],[-73.853489407056927,40.837684286398556],[-73.855448408112764,40.837471286036717]]]},"properties":{"OBJECTID":153734,"GEOID20":"360050222001","GEOID10":"360050222001","STATEFP":"36","COUNTYFP":"005","D1C":25.371588497008062,"D1C5_RET":0.8809579339238911,"D2B_E5MIXA":0.24704139113263746,"D3A":31.329887112005526,"D3AAO":0,"D3B":200.49193043413482,"D4A":214.58000000000001,"D4C":59.329999999999998,"D4D":2230.0686600399999,"D5AR":617399,"D5BR":1713890}},{"type":"Feature","id":153735,"geometry":{"type":"Polygon","coordinates":[[[-73.867638413567605,40.856798289075826],[-73.867646412166906,40.856632289251834],[-73.865686412184459,40.856678289342959],[-73.865754411956516,40.854468288691223],[-73.864815411973183,40.854451289231548],[-73.864742412178259,40.856699290127203],[-73.861921410233634,40.856791290184461],[-73.861785410689521,40.857394290099492],[-73.861792411260538,40.857991289272768],[-73.867589412265488,40.857838289205276],[-73.867638413567605,40.856798289075826]]]},"properties":{"OBJECTID":153735,"GEOID20":"360050224031","GEOID10":"360050224031","STATEFP":"36","COUNTYFP":"005","D1C":4.74909881694487,"D1C5_RET":4.6066258524365242,"D2B_E5MIXA":0.095584670921507298,"D3A":39.052366330881583,"D3AAO":0,"D3B":141.88027697599136,"D4A":392.94999999999999,"D4C":87,"D4D":2644.2982212699999,"D5AR":583472,"D5BR":2597483}},{"type":"Feature","id":153736,"geometry":{"type":"Polygon","coordinates":[[[-73.863801412545087,40.85672528953598],[-73.863874411441685,40.854433288919552],[-73.861997410401628,40.854400288787801],[-73.861921410233634,40.856791290184461],[-73.863801412545087,40.85672528953598]]]},"properties":{"OBJECTID":153736,"GEOID20":"360050228002","GEOID10":"360050228002","STATEFP":"36","COUNTYFP":"005","D1C":51.834818572686451,"D1C5_RET":0.4908600243625611,"D2B_E5MIXA":0.10904816238264906,"D3A":25.273989025527605,"D3AAO":0,"D3B":0,"D4A":260.18000000000001,"D4C":76.329999999999998,"D4D":4795.8202444299995,"D5AR":573884,"D5BR":2595272}},{"type":"Feature","id":153737,"geometry":{"type":"Polygon","coordinates":[[[-73.903515423707873,40.855622288299841],[-73.903952425347512,40.854982288081622],[-73.902989423278086,40.854781287516573],[-73.901763424137897,40.856396288843342],[-73.900940423607196,40.857767288330109],[-73.90191442375064,40.858102289007299],[-73.903515423707873,40.855622288299841]]]},"properties":{"OBJECTID":153737,"GEOID20":"360050237042","GEOID10":"360050237042","STATEFP":"36","COUNTYFP":"005","D1C":31.26201076349842,"D1C5_RET":1.6641374550911707,"D2B_E5MIXA":0.15996607781951702,"D3A":21.628215371362721,"D3AAO":0,"D3B":0,"D4A":203.84999999999999,"D4C":83,"D4D":6314.2129724599999,"D5AR":677997,"D5BR":2203594}},{"type":"Feature","id":153738,"geometry":{"type":"Polygon","coordinates":[[[-73.900789423994468,40.859985288988469],[-73.898833422413347,40.859313289849197],[-73.897069423147812,40.862542289597862],[-73.899619423134126,40.862167289617993],[-73.900789423994468,40.859985288988469]]]},"properties":{"OBJECTID":153738,"GEOID20":"360050237031","GEOID10":"360050237031","STATEFP":"36","COUNTYFP":"005","D1C":20.182207855693754,"D1C5_RET":8.9927524799179661,"D2B_E5MIXA":0.83874459121700207,"D3A":41.358814833180929,"D3AAO":0,"D3B":248.97430621652575,"D4A":0,"D4C":125,"D4D":5491.7572396400001,"D5AR":618168,"D5BR":2293730}},{"type":"Feature","id":153739,"geometry":{"type":"Polygon","coordinates":[[[-73.864302411063861,40.842936286615945],[-73.865168411252284,40.842474286699407],[-73.863581410640435,40.84128628620352],[-73.853336407794373,40.842478286735997],[-73.85430040789204,40.842679287246618],[-73.857322409678105,40.843704287267514],[-73.857485408088095,40.843802286956382],[-73.858655408948437,40.845294286595298],[-73.861196409612248,40.844722287579401],[-73.861006410539744,40.844182287181127],[-73.864302411063861,40.842936286615945]]]},"properties":{"OBJECTID":153739,"GEOID20":"360050238001","GEOID10":"360050238001","STATEFP":"36","COUNTYFP":"005","D1C":61.291965077186163,"D1C5_RET":2.7714974449345728,"D2B_E5MIXA":0.39529626661565676,"D3A":15.446937549123254,"D3AAO":0,"D3B":34.045951922120011,"D4A":645.08000000000004,"D4C":41.670000000000002,"D4D":531.74468388100001,"D5AR":679791,"D5BR":805981}},{"type":"Feature","id":153740,"geometry":{"type":"Polygon","coordinates":[[[-73.866120412552718,40.845231286968193],[-73.865168411252284,40.842474286699407],[-73.864302411063861,40.842936286615945],[-73.862658409652298,40.843585286576747],[-73.863452409870675,40.845786287383056],[-73.866120412552718,40.845231286968193]]]},"properties":{"OBJECTID":153740,"GEOID20":"360050238003","GEOID10":"360050238003","STATEFP":"36","COUNTYFP":"005","D1C":5.0014877573675296,"D1C5_RET":0.67921438680299784,"D2B_E5MIXA":0.7170171570150663,"D3A":37.780830194031815,"D3AAO":0,"D3B":105.39431386784555,"D4A":150.21000000000001,"D4C":35.670000000000002,"D4D":1409.6044903100001,"D5AR":674513,"D5BR":2830174}},{"type":"Feature","id":153741,"geometry":{"type":"Polygon","coordinates":[[[-73.905223424693546,40.856212288183379],[-73.905571425746416,40.855795287613653],[-73.903952425347512,40.854982288081622],[-73.902780423939035,40.856742288412207],[-73.904522426158223,40.857335288206976],[-73.905223424693546,40.856212288183379]]]},"properties":{"OBJECTID":153741,"GEOID20":"360050239003","GEOID10":"360050239003","STATEFP":"36","COUNTYFP":"005","D1C":15.900823825380259,"D1C5_RET":4.1909148066893707,"D2B_E5MIXA":0.53192479933486381,"D3A":30.105246235109792,"D3AAO":0,"D3B":78.887808125917559,"D4A":175.69,"D4C":92,"D4D":7257.6783475800003,"D5AR":722721,"D5BR":2201593}},{"type":"Feature","id":153742,"geometry":{"type":"Polygon","coordinates":[[[-73.90841942655689,40.852652287697573],[-73.907597424952769,40.852225287163876],[-73.904728425124233,40.855378287136872],[-73.905571425746416,40.855795287613653],[-73.90841942655689,40.852652287697573]]]},"properties":{"OBJECTID":153742,"GEOID20":"360050241002","GEOID10":"360050241002","STATEFP":"36","COUNTYFP":"005","D1C":22.989476658107183,"D1C5_RET":9.2185525213202073,"D2B_E5MIXA":0.79923376252552103,"D3A":8.3300426113474053,"D3AAO":0,"D3B":72.837945847468305,"D4A":154.22999999999999,"D4C":106,"D4D":7720.8222598299999,"D5AR":711859,"D5BR":2199162}},{"type":"Feature","id":153743,"geometry":{"type":"Polygon","coordinates":[[[-73.907597424952769,40.852225287163876],[-73.906822425000968,40.851816286944661],[-73.903952425347512,40.854982288081622],[-73.904728425124233,40.855378287136872],[-73.907597424952769,40.852225287163876]]]},"properties":{"OBJECTID":153743,"GEOID20":"360050241003","GEOID10":"360050241003","STATEFP":"36","COUNTYFP":"005","D1C":36.696646547710216,"D1C5_RET":5.996184076423237,"D2B_E5MIXA":0.52075392895654293,"D3A":31.881780519931084,"D3AAO":0,"D3B":76.751156178217428,"D4A":128.75,"D4C":97.329999999999998,"D4D":7470.1900308300001,"D5AR":733509,"D5BR":2199679}},{"type":"Feature","id":153744,"geometry":{"type":"Polygon","coordinates":[[[-73.855259408865194,40.846791288041437],[-73.856065408779131,40.846428287989902],[-73.85461640825956,40.844573286679534],[-73.854015407486699,40.843647287437321],[-73.853030407472616,40.843935287078992],[-73.852211407139862,40.844272286986744],[-73.852058406978998,40.844113287949561],[-73.851153407330841,40.844330287959508],[-73.853637408991545,40.847519287481774],[-73.855259408865194,40.846791288041437]]]},"properties":{"OBJECTID":153744,"GEOID20":"360050252002","GEOID10":"360050252002","STATEFP":"36","COUNTYFP":"005","D1C":0.94025441654737452,"D1C5_RET":0.40296617852030336,"D2B_E5MIXA":0.62530257429950209,"D3A":30.461116508529422,"D3AAO":0,"D3B":47.768506282193471,"D4A":529.74000000000001,"D4C":31,"D4D":888.31655353799999,"D5AR":612802,"D5BR":698323}},{"type":"Feature","id":153748,"geometry":{"type":"Polygon","coordinates":[[[-73.915712428835405,40.855868286819408],[-73.916191428511212,40.854590287323838],[-73.915422428407169,40.854183287779911],[-73.914939427635105,40.85570928706867],[-73.912762427019373,40.855259287026144],[-73.911197426148846,40.854830287342068],[-73.910735426191479,40.855238287144275],[-73.910414425801108,40.855737287842963],[-73.913941428100543,40.856329288340916],[-73.915449428171357,40.856506287036673],[-73.915712428835405,40.855868286819408]]]},"properties":{"OBJECTID":153748,"GEOID20":"360050245021","GEOID10":"360050245021","STATEFP":"36","COUNTYFP":"005","D1C":1.1968251484176884,"D1C5_RET":0,"D2B_E5MIXA":0.39001520490331576,"D3A":35.315039101378275,"D3AAO":0,"D3B":102.18014387130856,"D4A":195.80000000000001,"D4C":65,"D4D":3319.19507828,"D5AR":672369,"D5BR":2238411}},{"type":"Feature","id":153749,"geometry":{"type":"Polygon","coordinates":[[[-73.909811426276733,40.857356288103496],[-73.909314426159284,40.85711928742866],[-73.907300425750179,40.856412286985936],[-73.90611642554444,40.858352288266786],[-73.907360426024624,40.85879828863024],[-73.906799425434755,40.85938228887985],[-73.907259424843957,40.859362288360771],[-73.907774426301401,40.859616288661165],[-73.909811426276733,40.857356288103496]]]},"properties":{"OBJECTID":153749,"GEOID20":"360050251005","GEOID10":"360050251005","STATEFP":"36","COUNTYFP":"005","D1C":9.9374230532911216,"D1C5_RET":0,"D2B_E5MIXA":0.14456018886060798,"D3A":30.390001704044952,"D3AAO":0,"D3B":151.45768438707472,"D4A":288.33999999999997,"D4C":63.670000000000002,"D4D":2892.4147465299998,"D5AR":691121,"D5BR":2410735}},{"type":"Feature","id":153750,"geometry":{"type":"Polygon","coordinates":[[[-73.836869402897591,40.843481287282899],[-73.832966401752813,40.84352628801674],[-73.830433400586614,40.843866288269865],[-73.830625401105564,40.844539288114767],[-73.832236401108545,40.847030288169194],[-73.836869402897591,40.843481287282899]]]},"properties":{"OBJECTID":153750,"GEOID20":"360050266023","GEOID10":"360050266023","STATEFP":"36","COUNTYFP":"005","D1C":10.694091891712512,"D1C5_RET":0.93807823611513264,"D2B_E5MIXA":0.85072806395778278,"D3A":34.6299224967402,"D3AAO":0,"D3B":184.14550821198938,"D4A":210.56,"D4C":74,"D4D":1777.0954105000001,"D5AR":613635,"D5BR":1746181}},{"type":"Feature","id":153751,"geometry":{"type":"Polygon","coordinates":[[[-73.896641424423947,40.882773293745267],[-73.897275423012132,40.882378293874353],[-73.896435424559613,40.881865292907925],[-73.896127423689734,40.882170293307752],[-73.895726424730057,40.88241629373745],[-73.894811423239531,40.882868293474296],[-73.894349423282165,40.883014293249651],[-73.893973422640229,40.883010292943766],[-73.893295422772795,40.882754294598115],[-73.892720423735852,40.882672293390478],[-73.893129423091438,40.883687294069304],[-73.894505423816099,40.883894293540607],[-73.89496442340041,40.884325293882867],[-73.895209423622802,40.884429294257309],[-73.895507423548636,40.8844422939531],[-73.895845422759109,40.884374292904198],[-73.896515424027243,40.8838072944421],[-73.896941423101282,40.883019293292058],[-73.896641424423947,40.882773293745267]]]},"properties":{"OBJECTID":153751,"GEOID20":"360050279004","GEOID10":"360050279004","STATEFP":"36","COUNTYFP":"005","D1C":49.836909884118406,"D1C5_RET":3.0464568737940718,"D2B_E5MIXA":0.25677815720266706,"D3A":22.381380745154114,"D3AAO":0,"D3B":66.690846681292982,"D4A":95.219999999999999,"D4C":76.670000000000002,"D4D":3832.97392433,"D5AR":605921,"D5BR":2023514}},{"type":"Feature","id":153752,"geometry":{"type":"Polygon","coordinates":[[[-73.902128424010883,40.869417289958577],[-73.902359423989566,40.868704290637119],[-73.901141425245271,40.868288290547859],[-73.899687423804494,40.870049291181488],[-73.901524423763306,40.870401290321972],[-73.902128424010883,40.869417289958577]]]},"properties":{"OBJECTID":153752,"GEOID20":"360050267011","GEOID10":"360050267011","STATEFP":"36","COUNTYFP":"005","D1C":20.09829396763017,"D1C5_RET":1.3310128455384218,"D2B_E5MIXA":0.67472062291470436,"D3A":33.959611856044475,"D3AAO":0,"D3B":198.82137481514729,"D4A":249.44999999999999,"D4C":62.670000000000002,"D4D":5338.5328019099998,"D5AR":616529,"D5BR":2422398}},{"type":"Feature","id":153753,"geometry":{"type":"Polygon","coordinates":[[[-73.901749425690824,40.873683291868794],[-73.902147424277459,40.872510291013704],[-73.900955424574121,40.872301291465483],[-73.900317424889664,40.874434291606605],[-73.900453424433792,40.874710291530263],[-73.900430424867565,40.875227290990743],[-73.900097424781649,40.875898291828264],[-73.900055424948846,40.876192292278482],[-73.900917424040969,40.875497292581763],[-73.901170424659298,40.875186292189916],[-73.901376424523605,40.874834292676788],[-73.901749425690824,40.873683291868794]]]},"properties":{"OBJECTID":153753,"GEOID20":"360050267023","GEOID10":"360050267023","STATEFP":"36","COUNTYFP":"005","D1C":1.1976752165905804,"D1C5_RET":0,"D2B_E5MIXA":0.6765715949230876,"D3A":26.874403145768024,"D3AAO":0,"D3B":153.37907893745609,"D4A":299.06999999999999,"D4C":59.670000000000002,"D4D":4573.7779311300001,"D5AR":569173,"D5BR":2993368}},{"type":"Feature","id":153754,"geometry":{"type":"Polygon","coordinates":[[[-73.825181399379701,40.842708288436455],[-73.825190398702219,40.841186288173986],[-73.824921397292073,40.838909286851433],[-73.824752398135999,40.8388252876249],[-73.8230213975841,40.838558287944323],[-73.822704397391689,40.838451287009427],[-73.820691395909165,40.837054287137533],[-73.818774395584441,40.837186286779449],[-73.81918139618854,40.837812287866171],[-73.820462396478632,40.842557288429425],[-73.822394397770282,40.843227288321465],[-73.823190397638498,40.843631288251068],[-73.824100398207833,40.844258288595555],[-73.825080398199049,40.844312288975324],[-73.825181399379701,40.842708288436455]]]},"properties":{"OBJECTID":153754,"GEOID20":"360050274013","GEOID10":"360050274013","STATEFP":"36","COUNTYFP":"005","D1C":1.0636618305047854,"D1C5_RET":0.045585507021633657,"D2B_E5MIXA":0.48638173294240639,"D3A":27.019123332246501,"D3AAO":0,"D3B":168.62990757442725,"D4A":232.00999999999999,"D4C":29.329999999999998,"D4D":285.23155646800001,"D5AR":562393,"D5BR":834801}},{"type":"Feature","id":153755,"geometry":{"type":"Polygon","coordinates":[[[-73.852025406468712,40.852658289548913],[-73.852898408126435,40.852272289157163],[-73.851369407240909,40.850312288682261],[-73.849690405669236,40.851067288661774],[-73.848215406108693,40.851099289555364],[-73.848012406617414,40.853959288909103],[-73.848081406214391,40.854518288915436],[-73.848289405728536,40.854739290160992],[-73.850409406442864,40.853390288460098],[-73.852025406468712,40.852658289548913]]]},"properties":{"OBJECTID":153755,"GEOID20":"360050288002","GEOID10":"360050288002","STATEFP":"36","COUNTYFP":"005","D1C":3.2574259437444986,"D1C5_RET":0.66629167031137471,"D2B_E5MIXA":0.78243384237820401,"D3A":30.051177575650364,"D3AAO":0,"D3B":150.07849711724651,"D4A":218.59999999999999,"D4C":34.329999999999998,"D4D":813.29041926399998,"D5AR":623772,"D5BR":747601}},{"type":"Feature","id":153756,"geometry":{"type":"Polygon","coordinates":[[[-73.924975432938737,40.879152291511822],[-73.924504432760557,40.878982291471573],[-73.922603431431043,40.878787291906562],[-73.921450431187438,40.878259291789249],[-73.920951431420164,40.87859329157078],[-73.922576431666855,40.879512292193432],[-73.921873431685071,40.879431292193786],[-73.921405430981608,40.879226291936298],[-73.920972431336565,40.879539291944859],[-73.921129431695391,40.879825292887183],[-73.921574431036007,40.879983292013371],[-73.922219432189792,40.880019293008189],[-73.922434431376615,40.880241291804865],[-73.922420432929556,40.880614291765639],[-73.922033432416953,40.881159291516106],[-73.921280431308134,40.881934292892026],[-73.920231431719941,40.882718291695063],[-73.919808431222322,40.883947293130525],[-73.91876243110886,40.885578293551234],[-73.918697431709845,40.886893293041325],[-73.920957432166261,40.887296293903397],[-73.924975432938737,40.879152291511822]]]},"properties":{"OBJECTID":153756,"GEOID20":"360050293011","GEOID10":"360050293011","STATEFP":"36","COUNTYFP":"005","D1C":1.9163156772839229,"D1C5_RET":0.047316436476146244,"D2B_E5MIXA":0.72808905958908976,"D3A":10.619227643532467,"D3AAO":0.9947397337274867,"D3B":24.530489065420142,"D4A":520.35000000000002,"D4C":24,"D4D":294.21875940500001,"D5AR":591568,"D5BR":1226975}},{"type":"Feature","id":153951,"geometry":{"type":"Polygon","coordinates":[[[-73.930215431755158,40.833195282900711],[-73.930935431455381,40.831922282982042],[-73.930110430376544,40.831649281651771],[-73.929386431376685,40.832926283347],[-73.928041431512483,40.832522282060246],[-73.92700943074442,40.833925283110446],[-73.929381432252114,40.834678283300391],[-73.930215431755158,40.833195282900711]]]},"properties":{"OBJECTID":153951,"GEOID20":"360050189004","GEOID10":"360050189004","STATEFP":"36","COUNTYFP":"005","D1C":6.5197426431450971,"D1C5_RET":1.8981529214219903,"D2B_E5MIXA":0.78987383271246447,"D3A":37.139576726335392,"D3AAO":0,"D3B":176.09577293971242,"D4A":162.28,"D4C":21.329999999999998,"D4D":1126.61152874,"D5AR":940298,"D5BR":3087706}},{"type":"Feature","id":153952,"geometry":{"type":"Polygon","coordinates":[[[-73.859614410819887,40.865520291105717],[-73.858713410471381,40.86426029204555],[-73.85806241036812,40.863050291331199],[-73.857805410450183,40.863045290459809],[-73.85735440946516,40.859720290487793],[-73.856639409787817,40.858127289790971],[-73.855908409318616,40.858176290538779],[-73.855968409593075,40.859741290307689],[-73.855782409820236,40.865448291669324],[-73.859614410819887,40.865520291105717]]]},"properties":{"OBJECTID":153952,"GEOID20":"360050326001","GEOID10":"360050326001","STATEFP":"36","COUNTYFP":"005","D1C":9.2206624267586026,"D1C5_RET":1.8561073716202383,"D2B_E5MIXA":0.58367378102338785,"D3A":32.334543906856631,"D3AAO":0,"D3B":242.72866056253653,"D4A":100.58,"D4C":64.329999999999998,"D4D":1232.5151735699999,"D5AR":616973,"D5BR":2558769}},{"type":"Feature","id":153953,"geometry":{"type":"Polygon","coordinates":[[[-73.920099431475464,40.879226291257091],[-73.920403431249085,40.879040291941877],[-73.919701431092207,40.878502292397258],[-73.919007430432956,40.877509291113093],[-73.918899430477907,40.876749291096822],[-73.91884243057649,40.876677290964572],[-73.918598431077342,40.87663429067841],[-73.918118429779994,40.876971292030511],[-73.917795430638122,40.877774291788462],[-73.917106429103413,40.878334291661226],[-73.916694429374772,40.878945291472846],[-73.916913429657882,40.879696291966802],[-73.917157430953651,40.879983292013371],[-73.917405429752463,40.880131292280005],[-73.918332430040238,40.880493291941313],[-73.91936643045814,40.879671292533345],[-73.920099431475464,40.879226291257091]]]},"properties":{"OBJECTID":153953,"GEOID20":"360050293022","GEOID10":"360050293022","STATEFP":"36","COUNTYFP":"005","D1C":6.4035620562017304,"D1C5_RET":2.9923187178512758,"D2B_E5MIXA":0.79808703141650583,"D3A":25.550318315408258,"D3AAO":9.1047147947089897,"D3B":49.941739804062088,"D4A":222.63,"D4C":24,"D4D":898.50206544000002,"D5AR":598627,"D5BR":1540937}},{"type":"Feature","id":153954,"geometry":{"type":"Polygon","coordinates":[[[-73.918992431262652,40.880779292836714],[-73.91922243051809,40.880776292166431],[-73.917831429724828,40.880342292473394],[-73.917157430953651,40.879983292013371],[-73.916798430030141,40.879488291801366],[-73.916768430791251,40.879183291947534],[-73.916569429701298,40.878750291798887],[-73.916220430620157,40.878522291890469],[-73.915909429377209,40.878578292476931],[-73.915493429450606,40.878807291992885],[-73.913654428943673,40.880355292971892],[-73.913700428974437,40.879960292933525],[-73.913877429424758,40.879540292413388],[-73.913078429183486,40.879870292027597],[-73.912019427752938,40.880832292883504],[-73.913759429423976,40.881564293533707],[-73.913103428399538,40.882819292658795],[-73.915167430834003,40.883481293001168],[-73.914866429636803,40.884174293649082],[-73.914528428629694,40.88453829303775],[-73.914893429400976,40.884633292949886],[-73.91515942953977,40.884372294150708],[-73.916169429668216,40.882593293348528],[-73.918254429324122,40.880736292498412],[-73.918447430566289,40.880643292650532],[-73.918992431262652,40.880779292836714]]]},"properties":{"OBJECTID":153954,"GEOID20":"360050293024","GEOID10":"360050293024","STATEFP":"36","COUNTYFP":"005","D1C":4.1949129457986425,"D1C5_RET":0,"D2B_E5MIXA":0.39430392610915449,"D3A":44.657190492592797,"D3AAO":14.935623784791003,"D3B":100.08593292197148,"D4A":244.08000000000001,"D4C":41.329999999999998,"D4D":689.19553609900004,"D5AR":598717,"D5BR":1541157}},{"type":"Feature","id":153955,"geometry":{"type":"Polygon","coordinates":[[[-73.833907401385972,40.854476290713691],[-73.833705401719627,40.85257228968802],[-73.833758401423054,40.851862289700307],[-73.829693401693234,40.851616289216075],[-73.829309399757051,40.85193429031559],[-73.830833401518035,40.853805290222837],[-73.831576401682767,40.855388290036942],[-73.833907401385972,40.854476290713691]]]},"properties":{"OBJECTID":153955,"GEOID20":"360050300002","GEOID10":"360050300002","STATEFP":"36","COUNTYFP":"005","D1C":1.3772211099019416,"D1C5_RET":0.078698349137253806,"D2B_E5MIXA":0.91262404255558904,"D3A":30.194046374982836,"D3AAO":0,"D3B":92.372974283343027,"D4A":337.95999999999998,"D4C":95.329999999999998,"D4D":2400.7403594399998,"D5AR":602625,"D5BR":1722050}},{"type":"Feature","id":153956,"geometry":{"type":"Polygon","coordinates":[[[-73.855946408953457,40.860418290930774],[-73.855908409318616,40.858176290538779],[-73.853110408736882,40.858418290011926],[-73.853031408195832,40.861081291155841],[-73.855919409189283,40.861142291204921],[-73.855946408953457,40.860418290930774]]]},"properties":{"OBJECTID":153956,"GEOID20":"360050326003","GEOID10":"360050326003","STATEFP":"36","COUNTYFP":"005","D1C":7.641087864992258,"D1C5_RET":0.053434180874071736,"D2B_E5MIXA":0.21051770356215216,"D3A":30.242483173915499,"D3AAO":0,"D3B":148.24779141702462,"D4A":140.81999999999999,"D4C":47.670000000000002,"D4D":1630.2127374500001,"D5AR":608283,"D5BR":2802693}},{"type":"Feature","id":153957,"geometry":{"type":"Polygon","coordinates":[[[-73.871084413879558,40.857385288985064],[-73.870899413931625,40.85727828991012],[-73.869550413869462,40.857734289179724],[-73.867589412265488,40.857838289205276],[-73.867596413734816,40.858997290396502],[-73.867836413036002,40.858528289603669],[-73.868577413550938,40.85883628979893],[-73.87088541368793,40.858903290483404],[-73.871084413879558,40.857385288985064]]]},"properties":{"OBJECTID":153957,"GEOID20":"360050332011","GEOID10":"360050332011","STATEFP":"36","COUNTYFP":"005","D1C":16.337328655223775,"D1C5_RET":0,"D2B_E5MIXA":0.21569834262782514,"D3A":44.259775126718701,"D3AAO":0,"D3B":163.42255957542523,"D4A":248.11000000000001,"D4C":73,"D4D":5111.3311264000004,"D5AR":639397,"D5BR":2802964}},{"type":"Feature","id":153958,"geometry":{"type":"Polygon","coordinates":[[[-73.909065428433877,40.889516294934964],[-73.908000428053853,40.88891529411201],[-73.907389426336962,40.887828293252937],[-73.905336426468082,40.887363293636874],[-73.904360426674813,40.889777293819471],[-73.903941426375169,40.889606294268511],[-73.903607425566008,40.889091295032372],[-73.903799426084959,40.888479294152823],[-73.904237426651179,40.88782629392464],[-73.904158426110158,40.887632294276102],[-73.903820426899671,40.887487294170917],[-73.902860426101611,40.88917329439839],[-73.902925426398937,40.889749295213932],[-73.902788426131593,40.890301295223495],[-73.901723426649866,40.892029295272295],[-73.901081425869137,40.893422294760441],[-73.901208425192436,40.89357829486638],[-73.901516426062315,40.893737294687234],[-73.902033425372949,40.89373629511234],[-73.903625426906004,40.893210294584108],[-73.903811426678828,40.893237295537993],[-73.904408427253728,40.893562295516688],[-73.905336427366393,40.893619294497974],[-73.905488427702366,40.893752296457123],[-73.905702427962609,40.893619295177054],[-73.908501428369277,40.893594295570303],[-73.908532428331412,40.89091729469849],[-73.908676428271448,40.890263293776037],[-73.909065428433877,40.889516294934964]]]},"properties":{"OBJECTID":153958,"GEOID20":"360050335002","GEOID10":"360050335002","STATEFP":"36","COUNTYFP":"005","D1C":7.2202745091996201,"D1C5_RET":0.090092551808194907,"D2B_E5MIXA":0.45394322147779342,"D3A":32.372573666819299,"D3AAO":5.5166725246140329,"D3B":129.09902303907097,"D4A":520.35000000000002,"D4C":102.33,"D4D":842.89561842600006,"D5AR":601510,"D5BR":2709296}},{"type":"Feature","id":153959,"geometry":{"type":"Polygon","coordinates":[[[-73.905336426468082,40.887363293636874],[-73.904136426368837,40.887097294325393],[-73.903820426899671,40.887487294170917],[-73.904158426110158,40.887632294276102],[-73.904237426651179,40.88782629392464],[-73.903799426084959,40.888479294152823],[-73.903607425566008,40.889091295032372],[-73.903941426375169,40.889606294268511],[-73.904360426674813,40.889777293819471],[-73.905336426468082,40.887363293636874]]]},"properties":{"OBJECTID":153959,"GEOID20":"360050335003","GEOID10":"360050335003","STATEFP":"36","COUNTYFP":"005","D1C":3.4718350764462498,"D1C5_RET":0,"D2B_E5MIXA":0.55792504819197042,"D3A":29.392206360116315,"D3AAO":0,"D3B":259.30441818961754,"D4A":446.58999999999997,"D4C":77,"D4D":8554.6016283600002,"D5AR":595190,"D5BR":2710029}},{"type":"Feature","id":153960,"geometry":{"type":"Polygon","coordinates":[[[-73.855651410298989,40.869505292287464],[-73.855708409302068,40.867686291954172],[-73.850004408183551,40.867583292416086],[-73.849962407452438,40.869400292297343],[-73.85461640915787,40.869488292610896],[-73.85457040912712,40.871217293266895],[-73.855573411379495,40.871230292161087],[-73.855651410298989,40.869505292287464]]]},"properties":{"OBJECTID":153960,"GEOID20":"360050348003","GEOID10":"360050348003","STATEFP":"36","COUNTYFP":"005","D1C":2.4957590190928309,"D1C5_RET":0.071307400545509464,"D2B_E5MIXA":0.2992363825116392,"D3A":23.748877706919483,"D3AAO":0,"D3B":136.91020904737815,"D4A":406.36000000000001,"D4C":55.329999999999998,"D4D":1262.5403111000001,"D5AR":563606,"D5BR":2710728}},{"type":"Feature","id":153961,"geometry":{"type":"Polygon","coordinates":[[[-73.855708409302068,40.867686291954172],[-73.855782409820236,40.865448291669324],[-73.850085407476072,40.86534329136024],[-73.850004408183551,40.867583292416086],[-73.855708409302068,40.867686291954172]]]},"properties":{"OBJECTID":153961,"GEOID20":"360050348004","GEOID10":"360050348004","STATEFP":"36","COUNTYFP":"005","D1C":5.8202639222362658,"D1C5_RET":0.067677487467863562,"D2B_E5MIXA":0.14478585741981248,"D3A":25.409485078795345,"D3AAO":0,"D3B":144.38585886343881,"D4A":209.21000000000001,"D4C":44.670000000000002,"D4D":967.40907686100002,"D5AR":544080,"D5BR":2338518}},{"type":"Feature","id":153962,"geometry":{"type":"Polygon","coordinates":[[[-73.894074420227611,40.850721287313576],[-73.894947420088712,40.849112287081589],[-73.894001420432673,40.848783286635701],[-73.892422420216761,40.848011286700327],[-73.890937420610456,40.850485286912829],[-73.892798420858696,40.851106287009536],[-73.893796420393272,40.851016287651596],[-73.894074420227611,40.850721287313576]]]},"properties":{"OBJECTID":153962,"GEOID20":"360050375042","GEOID10":"360050375042","STATEFP":"36","COUNTYFP":"005","D1C":17.936498631745078,"D1C5_RET":0.88212288352844648,"D2B_E5MIXA":0.17329689921562,"D3A":18.18965756511232,"D3AAO":0,"D3B":100.37852716246897,"D4A":167.63999999999999,"D4C":57,"D4D":2145.3228527400001,"D5AR":695428,"D5BR":609329}},{"type":"Feature","id":153964,"geometry":{"type":"Polygon","coordinates":[[[-73.847199406132475,40.867563291656175],[-73.843214405870256,40.867453292124026],[-73.842837406301712,40.867497292230524],[-73.8424074061314,40.868483292507264],[-73.845174406751013,40.869923292072642],[-73.847199406132475,40.867563291656175]]]},"properties":{"OBJECTID":153964,"GEOID20":"360050360001","GEOID10":"360050360001","STATEFP":"36","COUNTYFP":"005","D1C":4.3532674313227924,"D1C5_RET":0.42919538055295131,"D2B_E5MIXA":0.27794039102544366,"D3A":33.32198760826811,"D3AAO":0,"D3B":183.13644260942846,"D4A":350.02999999999997,"D4C":49.670000000000002,"D4D":1949.08658762,"D5AR":529451,"D5BR":2706614}},{"type":"Feature","id":153965,"geometry":{"type":"Polygon","coordinates":[[[-73.882066417042594,40.842129286369087],[-73.882788417290953,40.841303286322479],[-73.881512416125418,40.840673284758005],[-73.88071841590704,40.841540285807575],[-73.879378416065691,40.840961286449215],[-73.878846415788132,40.841531285937251],[-73.881417416589187,40.842855285367442],[-73.882066417042594,40.842129286369087]]]},"properties":{"OBJECTID":153965,"GEOID20":"360050361002","GEOID10":"360050361002","STATEFP":"36","COUNTYFP":"005","D1C":12.908914056968328,"D1C5_RET":0,"D2B_E5MIXA":0,"D3A":21.941471927765136,"D3AAO":0,"D3B":45.921310271988666,"D4A":142.16,"D4C":92,"D4D":6333.9738306199997,"D5AR":763592,"D5BR":2875930}},{"type":"Feature","id":153966,"geometry":{"type":"Polygon","coordinates":[[[-73.88071841590704,40.841540285807575],[-73.881512416125418,40.840673284758005],[-73.880424416179167,40.840079286322528],[-73.880164415888174,40.840006286031958],[-73.878365415564204,40.840005286325322],[-73.876857414595065,40.842238286149474],[-73.878172416118673,40.842633286270718],[-73.878846415788132,40.841531285937251],[-73.879378416065691,40.840961286449215],[-73.88071841590704,40.841540285807575]]]},"properties":{"OBJECTID":153966,"GEOID20":"360050361003","GEOID10":"360050361003","STATEFP":"36","COUNTYFP":"005","D1C":10.322071747642292,"D1C5_RET":3.543397764116011,"D2B_E5MIXA":0.71901596488026831,"D3A":28.136764041863938,"D3AAO":0,"D3B":98.598873799041655,"D4A":0,"D4C":102,"D4D":5028.5425637500002,"D5AR":757933,"D5BR":2875618}},{"type":"Feature","id":153967,"geometry":{"type":"Polygon","coordinates":[[[-73.885193418410637,40.845203286510667],[-73.885293417969734,40.844616286038651],[-73.884883417890933,40.844608286902762],[-73.883384416244311,40.843871285832144],[-73.882430417090674,40.844989286214968],[-73.884466418139397,40.845993287111753],[-73.885193418410637,40.845203286510667]]]},"properties":{"OBJECTID":153967,"GEOID20":"360050363005","GEOID10":"360050363005","STATEFP":"36","COUNTYFP":"005","D1C":4.2344513559659376,"D1C5_RET":1.455592653613291,"D2B_E5MIXA":0.78951141684002024,"D3A":29.892654978318465,"D3AAO":0,"D3B":56.487581088585614,"D4A":0,"D4C":42.670000000000002,"D4D":3613.6807871800002,"D5AR":661183,"D5BR":1815867}},{"type":"Feature","id":153968,"geometry":{"type":"Polygon","coordinates":[[[-73.884466418139397,40.845993287111753],[-73.882430417090674,40.844989286214968],[-73.881057417637379,40.846602286454377],[-73.882845417192371,40.847826287627093],[-73.882782417443181,40.84807828746041],[-73.88311041660792,40.848281286459326],[-73.883446417066892,40.847161287373083],[-73.884466418139397,40.845993287111753]]]},"properties":{"OBJECTID":153968,"GEOID20":"360050363006","GEOID10":"360050363006","STATEFP":"36","COUNTYFP":"005","D1C":1.8206374217125909,"D1C5_RET":0,"D2B_E5MIXA":0.40727372509204013,"D3A":52.177198891855475,"D3AAO":0,"D3B":247.18289145623319,"D4A":134.11000000000001,"D4C":50.329999999999998,"D4D":2665.6770788499998,"D5AR":694779,"D5BR":1925593}},{"type":"Feature","id":153969,"geometry":{"type":"Polygon","coordinates":[[[-73.894319421348314,40.851899287166752],[-73.894789421701603,40.851090286906121],[-73.894074420227611,40.850721287313576],[-73.893796420393272,40.851016287651596],[-73.892798420858696,40.851106287009536],[-73.890937420610456,40.850485286912829],[-73.889901419644431,40.849877286799376],[-73.88933341938187,40.850840287421377],[-73.890500420767466,40.851232287943795],[-73.889972419789544,40.852111287843329],[-73.88988041972803,40.852078288593482],[-73.889941418929098,40.852599287515183],[-73.889608419741478,40.853246288277383],[-73.889623419810093,40.85360328794421],[-73.890390420264282,40.854697288702056],[-73.89216841977354,40.852778288409716],[-73.893072420495088,40.853258288474422],[-73.894319421348314,40.851899287166752]]]},"properties":{"OBJECTID":153969,"GEOID20":"360050375041","GEOID10":"360050375041","STATEFP":"36","COUNTYFP":"005","D1C":101.10342820237406,"D1C5_RET":0.3959194411627322,"D2B_E5MIXA":0.071068394368762999,"D3A":33.755478776262017,"D3AAO":0,"D3B":222.751476133447,"D4A":303.08999999999997,"D4C":48.670000000000002,"D4D":1121.1286808100001,"D5AR":680293,"D5BR":796031}},{"type":"Feature","id":153970,"geometry":{"type":"Polygon","coordinates":[[[-73.854086410326758,40.876834293699275],[-73.854447409103457,40.876191293797049],[-73.851202409531282,40.875162293625621],[-73.85069040844688,40.875495293560206],[-73.851724408864783,40.876852294036617],[-73.85254940994362,40.877100293506921],[-73.850920408600658,40.877901294109549],[-73.851866410053333,40.879067295281892],[-73.852198409416019,40.879365293730771],[-73.852484409646294,40.879471294688038],[-73.85338441016988,40.878111294129198],[-73.854086410326758,40.876834293699275]]]},"properties":{"OBJECTID":153970,"GEOID20":"360050382002","GEOID10":"360050382002","STATEFP":"36","COUNTYFP":"005","D1C":0.42737751742319313,"D1C5_RET":0.10684437935579828,"D2B_E5MIXA":0.64601483711008956,"D3A":29.716924156015281,"D3AAO":0,"D3B":193.7900615003727,"D4A":270.91000000000003,"D4C":34.670000000000002,"D4D":1185.37428232,"D5AR":557413,"D5BR":2341557}},{"type":"Feature","id":153971,"geometry":{"type":"Polygon","coordinates":[[[-73.9007804228753,40.856055288866784],[-73.898777422336849,40.855372288249796],[-73.898173422089272,40.856820288595593],[-73.899950423570232,40.857428288183634],[-73.9007804228753,40.856055288866784]]]},"properties":{"OBJECTID":153971,"GEOID20":"360050383011","GEOID10":"360050383011","STATEFP":"36","COUNTYFP":"005","D1C":24.029769072261992,"D1C5_RET":1.9334296954693555,"D2B_E5MIXA":0.56853042863749148,"D3A":44.206457668540047,"D3AAO":0,"D3B":0,"D4A":139.47999999999999,"D4C":97.329999999999998,"D4D":8602.5468461700002,"D5AR":636568,"D5BR":2232647}},{"type":"Feature","id":153972,"geometry":{"type":"Polygon","coordinates":[[[-73.898173422089272,40.856820288595593],[-73.898777422336849,40.855372288249796],[-73.89816642241658,40.855154288229727],[-73.897308421725768,40.856518288002114],[-73.896364422617879,40.858384289038774],[-73.897359423576034,40.85877128857328],[-73.898173422089272,40.856820288595593]]]},"properties":{"OBJECTID":153972,"GEOID20":"360050383012","GEOID10":"360050383012","STATEFP":"36","COUNTYFP":"005","D1C":6.2796062174067178,"D1C5_RET":0,"D2B_E5MIXA":0.12556330238727539,"D3A":27.393296394186638,"D3AAO":0,"D3B":55.846631293470416,"D4A":327.23000000000002,"D4C":72.329999999999998,"D4D":6056.0522360699997,"D5AR":647466,"D5BR":2294521}},{"type":"Feature","id":153973,"geometry":{"type":"Polygon","coordinates":[[[-73.887703420010624,40.856883288075657],[-73.888450420373331,40.856032288948647],[-73.886874417835514,40.855210288197362],[-73.884409418238008,40.858128289224254],[-73.885167419369679,40.858386288576931],[-73.885992419550206,40.858814288910402],[-73.887703420010624,40.856883288075657]]]},"properties":{"OBJECTID":153973,"GEOID20":"360050389003","GEOID10":"360050389003","STATEFP":"36","COUNTYFP":"005","D1C":56.090045621814383,"D1C5_RET":3.4118032616675418,"D2B_E5MIXA":0.60724253967325903,"D3A":36.439499957416878,"D3AAO":0,"D3B":87.342163498689075,"D4A":254.81,"D4C":78.670000000000002,"D4D":3435.6040012200001,"D5AR":648724,"D5BR":838926}},{"type":"Feature","id":153974,"geometry":{"type":"Polygon","coordinates":[[[-73.897088421617752,40.851977288295856],[-73.895564421653404,40.851477287602194],[-73.894789421701603,40.851090286906121],[-73.894319421348314,40.851899287166752],[-73.893072420495088,40.853258288474422],[-73.894206421370399,40.853863288287627],[-73.893985422335788,40.854255287911336],[-73.895150421376627,40.85463728831882],[-73.895610421684154,40.854579287534307],[-73.897088421617752,40.851977288295856]]]},"properties":{"OBJECTID":153974,"GEOID20":"360050395001","GEOID10":"360050395001","STATEFP":"36","COUNTYFP":"005","D1C":17.479110327133611,"D1C5_RET":0.11168760592417644,"D2B_E5MIXA":0.29367460886491087,"D3A":31.740603484015448,"D3AAO":0,"D3B":95.318670399929147,"D4A":164.96000000000001,"D4C":49.329999999999998,"D4D":1763.05587208,"D5AR":665095,"D5BR":2092560}},{"type":"Feature","id":153975,"geometry":{"type":"Polygon","coordinates":[[[-73.898087421875559,40.850221287334307],[-73.897761422360617,40.850029288030285],[-73.895753420900974,40.849381287545896],[-73.896506422009779,40.848053286961594],[-73.895571420427785,40.847810286731651],[-73.894074420227611,40.850721287313576],[-73.895564421653404,40.851477287602194],[-73.897088421617752,40.851977288295856],[-73.898087421875559,40.850221287334307]]]},"properties":{"OBJECTID":153975,"GEOID20":"360050395002","GEOID10":"360050395002","STATEFP":"36","COUNTYFP":"005","D1C":5.1242327156550518,"D1C5_RET":0.27256556998165166,"D2B_E5MIXA":0.3596735781171842,"D3A":29.879517878946217,"D3AAO":0,"D3B":127.93573697570773,"D4A":308.45999999999998,"D4C":53.670000000000002,"D4D":1872.4600500399999,"D5AR":679024,"D5BR":974301}},{"type":"Feature","id":153976,"geometry":{"type":"Polygon","coordinates":[[[-73.899672421939243,40.847446285872202],[-73.899313422812369,40.847290285765474],[-73.896178421946729,40.846667286708623],[-73.895571420427785,40.847810286731651],[-73.896506422009779,40.848053286961594],[-73.895753420900974,40.849381287545896],[-73.897761422360617,40.850029288030285],[-73.898087421875559,40.850221287334307],[-73.899672421939243,40.847446285872202]]]},"properties":{"OBJECTID":153976,"GEOID20":"360050395003","GEOID10":"360050395003","STATEFP":"36","COUNTYFP":"005","D1C":15.027073206559356,"D1C5_RET":1.1902632242819291,"D2B_E5MIXA":0.65933831848890723,"D3A":35.790382566822217,"D3AAO":0,"D3B":84.651520510930794,"D4A":211.90000000000001,"D4C":53.670000000000002,"D4D":1703.50472659,"D5AR":728204,"D5BR":2271170}},{"type":"Feature","id":153977,"geometry":{"type":"Polygon","coordinates":[[[-73.855692411205183,40.884220294305514],[-73.855885411549025,40.883869295013568],[-73.853244409529481,40.883028294318308],[-73.852372410391595,40.88440629604321],[-73.855105411574357,40.885279295527504],[-73.855692411205183,40.884220294305514]]]},"properties":{"OBJECTID":153977,"GEOID20":"360050398003","GEOID10":"360050398003","STATEFP":"36","COUNTYFP":"005","D1C":0.77629915969012275,"D1C5_RET":0,"D2B_E5MIXA":0,"D3A":20.594769185285529,"D3AAO":0,"D3B":62.10393277520982,"D4A":405.01999999999998,"D4C":12.67,"D4D":786.85682826200002,"D5AR":480167,"D5BR":2828005}},{"type":"Feature","id":153978,"geometry":{"type":"Polygon","coordinates":[[[-73.867318413002153,40.866585291147707],[-73.867361413558186,40.865437290965396],[-73.865401413575739,40.865479290370054],[-73.865282413750037,40.869143291638274],[-73.866210412964406,40.869514291754825],[-73.86620641366477,40.869702291897411],[-73.867223414364219,40.869703291835336],[-73.867318413002153,40.866585291147707]]]},"properties":{"OBJECTID":153978,"GEOID20":"360050338004","GEOID10":"360050338004","STATEFP":"36","COUNTYFP":"005","D1C":5.5478576009633258,"D1C5_RET":2.5019749965128724,"D2B_E5MIXA":0.78499171537784851,"D3A":37.25435503867282,"D3AAO":0,"D3B":232.07884941567056,"D4A":155.56999999999999,"D4C":59.329999999999998,"D4D":2065.28245625,"D5AR":625151,"D5BR":3146685}},{"type":"Feature","id":153991,"geometry":{"type":"Polygon","coordinates":[[[-73.90194642533433,40.864561289256194],[-73.90027742380839,40.863796290609599],[-73.89887442331954,40.865592289784423],[-73.900587424328094,40.866350290863309],[-73.90194642533433,40.864561289256194]]]},"properties":{"OBJECTID":153991,"GEOID20":"360050265004","GEOID10":"360050265004","STATEFP":"36","COUNTYFP":"005","D1C":7.391193709460623,"D1C5_RET":1.795004186583294,"D2B_E5MIXA":0.47031209408350977,"D3A":33.772924333918112,"D3AAO":0,"D3B":112.41711690114667,"D4A":209.21000000000001,"D4C":126,"D4D":8497.0346308000007,"D5AR":634222,"D5BR":2389391}},{"type":"Feature","id":153994,"geometry":{"type":"Polygon","coordinates":[[[-73.86049340873214,40.83549928615151],[-73.859887408834709,40.835183285263447],[-73.857741407282816,40.835634286168478],[-73.857538408689862,40.83559428573902],[-73.857630408751362,40.835908285810888],[-73.857170408443821,40.836356285897089],[-73.858077408640114,40.836925285812491],[-73.858368407994931,40.83660028574463],[-73.858682409610935,40.836641285324482],[-73.859002409278062,40.836327285326227],[-73.859077409621136,40.836088285341589],[-73.859650409008253,40.836089285107306],[-73.860014409056348,40.835482285903332],[-73.86049340873214,40.83549928615151]]]},"properties":{"OBJECTID":153994,"GEOID20":"360050212005","GEOID10":"360050212005","STATEFP":"36","COUNTYFP":"005","D1C":0,"D1C5_RET":0,"D2B_E5MIXA":0,"D3A":7.5822520709770558,"D3AAO":0,"D3B":0,"D4A":289.68000000000001,"D4C":98.670000000000002,"D4D":10898.5326637,"D5AR":758337,"D5BR":1989711}},{"type":"Feature","id":153995,"geometry":{"type":"Polygon","coordinates":[[[-73.921216429039092,40.854701287321454],[-73.921137430294678,40.854223287183103],[-73.919596429713593,40.853347286640542],[-73.918616428824066,40.852852287055327],[-73.918168430008706,40.85299128714346],[-73.916791428560842,40.854881288134209],[-73.91679842823352,40.855673287802809],[-73.917365428671189,40.856103286927315],[-73.917457429631014,40.856324287641534],[-73.917426428770554,40.856782287629251],[-73.919291429216742,40.857483287465463],[-73.920006429792409,40.856687287156255],[-73.921216429039092,40.854701287321454]]]},"properties":{"OBJECTID":153995,"GEOID20":"360050247002","GEOID10":"360050247002","STATEFP":"36","COUNTYFP":"005","D1C":9.06588258058318,"D1C5_RET":0.4059350409216349,"D2B_E5MIXA":0.53828461726792443,"D3A":38.855243265033181,"D3AAO":14.181265543681196,"D3B":180.50290177169623,"D4A":207.87,"D4C":53.670000000000002,"D4D":1161.99960874,"D5AR":681137,"D5BR":1153340}},{"type":"Feature","id":153996,"geometry":{"type":"Polygon","coordinates":[[[-73.910073426217565,40.854477288163629],[-73.909431426335146,40.853968288450652],[-73.908502425499236,40.853825287663419],[-73.90764942572963,40.854773287569351],[-73.909115425967656,40.855522288121257],[-73.910073426217565,40.854477288163629]]]},"properties":{"OBJECTID":153996,"GEOID20":"360050251007","GEOID10":"360050251007","STATEFP":"36","COUNTYFP":"005","D1C":12.169896109048082,"D1C5_RET":4.3593657704052831,"D2B_E5MIXA":0.80934017231641142,"D3A":19.082983187344901,"D3AAO":0,"D3B":116.24975387747422,"D4A":158.25,"D4C":59,"D4D":6858.7354787699996,"D5AR":703770,"D5BR":2199331}},{"type":"Feature","id":153997,"geometry":{"type":"Polygon","coordinates":[[[-73.907072426144538,40.859370289112675],[-73.906799425434755,40.85938228887985],[-73.905709425838666,40.86057528941852],[-73.904935424813459,40.860297288843441],[-73.903320424612531,40.862743289713094],[-73.904039424487834,40.862749288612051],[-73.907072426144538,40.859370289112675]]]},"properties":{"OBJECTID":153997,"GEOID20":"360050253004","GEOID10":"360050253004","STATEFP":"36","COUNTYFP":"005","D1C":3.2346954936827164,"D1C5_RET":1.0214827874787527,"D2B_E5MIXA":0.68091297324737621,"D3A":39.133242828148099,"D3AAO":0,"D3B":72.675095386488323,"D4A":245.41999999999999,"D4C":56.329999999999998,"D4D":6137.6133779900001,"D5AR":694578,"D5BR":2426795}},{"type":"Feature","id":153998,"geometry":{"type":"Polygon","coordinates":[[[-73.907540425949691,40.863568288794859],[-73.906506426430084,40.86342128957746],[-73.905714424963236,40.863704288732279],[-73.904740424819792,40.864177289646761],[-73.903994425180315,40.864256289247642],[-73.903323424985558,40.865319289907518],[-73.904106425333296,40.865753289584966],[-73.904547425374261,40.865031289459544],[-73.906409425447407,40.864226289315717],[-73.906806425107447,40.864434289877707],[-73.907540425949691,40.863568288794859]]]},"properties":{"OBJECTID":153998,"GEOID20":"360050263003","GEOID10":"360050263003","STATEFP":"36","COUNTYFP":"005","D1C":12.131756032967402,"D1C5_RET":1.5487348127192428,"D2B_E5MIXA":0.57978622437906624,"D3A":24.748142169845259,"D3AAO":0,"D3B":110.13736842511963,"D4A":291.01999999999998,"D4C":71,"D4D":5861.8839266699997,"D5AR":615985,"D5BR":2349819}},{"type":"Feature","id":153999,"geometry":{"type":"Polygon","coordinates":[[[-73.904392424665247,40.865913289678247],[-73.903323424985558,40.865319289907518],[-73.901141425245271,40.868288290547859],[-73.902359423989566,40.868704290637119],[-73.904392424665247,40.865913289678247]]]},"properties":{"OBJECTID":153999,"GEOID20":"360050263005","GEOID10":"360050263005","STATEFP":"36","COUNTYFP":"005","D1C":8.0527307123007166,"D1C5_RET":0,"D2B_E5MIXA":0.13946688889396378,"D3A":20.966445500466975,"D3AAO":0,"D3B":106.0653992881406,"D4A":317.85000000000002,"D4C":81.670000000000002,"D4D":5196.3774204299998,"D5AR":603219,"D5BR":2352916}},{"type":"Feature","id":154000,"geometry":{"type":"Polygon","coordinates":[[[-73.903320424612531,40.862743289713094],[-73.902567424402022,40.862710289644774],[-73.90156742431931,40.862814289330842],[-73.901081424072515,40.862764289933295],[-73.90027742380839,40.863796290609599],[-73.90194642533433,40.864561289256194],[-73.903320424612531,40.862743289713094]]]},"properties":{"OBJECTID":154000,"GEOID20":"360050265003","GEOID10":"360050265003","STATEFP":"36","COUNTYFP":"005","D1C":19.64469968608725,"D1C5_RET":16.370583071739375,"D2B_E5MIXA":0.36527519353679322,"D3A":36.142870472445459,"D3AAO":0,"D3B":87.309776382609982,"D4A":219.94,"D4C":104,"D4D":9080.2167437900007,"D5AR":592161,"D5BR":2440564}},{"type":"Feature","id":154001,"geometry":{"type":"Polygon","coordinates":[[[-73.83593440221388,40.848414288465555],[-73.836070403554643,40.847173287992703],[-73.835165402109865,40.847117288706841],[-73.834242401121742,40.847383288970427],[-73.833347401519319,40.847256289274128],[-73.833106401494902,40.849487288939521],[-73.835802401969403,40.849685289216602],[-73.83593440221388,40.848414288465555]]]},"properties":{"OBJECTID":154001,"GEOID20":"360050266013","GEOID10":"360050266013","STATEFP":"36","COUNTYFP":"005","D1C":1.0823420461304327,"D1C5_RET":0.067646377883152045,"D2B_E5MIXA":0.43674808785287145,"D3A":38.295624674056505,"D3AAO":0,"D3B":101.04745342673721,"D4A":433.18000000000001,"D4C":58,"D4D":2511.0335470199998,"D5AR":645548,"D5BR":1746064}},{"type":"Feature","id":154002,"geometry":{"type":"Polygon","coordinates":[[[-73.830431400936803,40.8491722897503],[-73.828571399615157,40.84627728898343],[-73.82773039954111,40.846595289204068],[-73.828847400697995,40.84830328880733],[-73.82799839843139,40.848632288918289],[-73.828856399122202,40.849698289619049],[-73.830431400936803,40.8491722897503]]]},"properties":{"OBJECTID":154002,"GEOID20":"360050266025","GEOID10":"360050266025","STATEFP":"36","COUNTYFP":"005","D1C":2.6425056526102666,"D1C5_RET":0,"D2B_E5MIXA":0.68892208155091694,"D3A":13.386406090881611,"D3AAO":0,"D3B":67.648144706822819,"D4A":151.55000000000001,"D4C":94,"D4D":6358.9256024400001,"D5AR":663824,"D5BR":1762470}},{"type":"Feature","id":154003,"geometry":{"type":"Polygon","coordinates":[[[-73.900410423877773,40.869126289830866],[-73.901141425245271,40.868288290547859],[-73.899531423270588,40.867889290653892],[-73.899645424870016,40.868476290774709],[-73.899601424489092,40.868935290921691],[-73.898919424423696,40.869666291405579],[-73.899687423804494,40.870049291181488],[-73.900410423877773,40.869126289830866]]]},"properties":{"OBJECTID":154003,"GEOID20":"360050267013","GEOID10":"360050267013","STATEFP":"36","COUNTYFP":"005","D1C":9.8618963121480725,"D1C5_RET":2.7277585544239349,"D2B_E5MIXA":0.86240713598298135,"D3A":43.361131930706833,"D3AAO":0,"D3B":89.571197824037654,"D4A":104.61,"D4C":62.670000000000002,"D4D":8415.9324852099999,"D5AR":624054,"D5BR":2423037}},{"type":"Feature","id":154004,"geometry":{"type":"Polygon","coordinates":[[[-73.899304423489852,40.87125229028382],[-73.899687423804494,40.870049291181488],[-73.898919424423696,40.869666291405579],[-73.897791424294482,40.870865290992228],[-73.898285424038903,40.871062290631706],[-73.899304423489852,40.87125229028382]]]},"properties":{"OBJECTID":154004,"GEOID20":"360050267022","GEOID10":"360050267022","STATEFP":"36","COUNTYFP":"005","D1C":0.25220893411813355,"D1C5_RET":0,"D2B_E5MIXA":0,"D3A":21.960433359559858,"D3AAO":0,"D3B":0,"D4A":182.38999999999999,"D4C":62.670000000000002,"D4D":10115.7976968,"D5AR":633430,"D5BR":2515197}},{"type":"Feature","id":154005,"geometry":{"type":"Polygon","coordinates":[[[-73.902539424812929,40.87079129141069],[-73.902651424965924,40.870593291040507],[-73.901524423763306,40.870401290321972],[-73.900955424574121,40.872301291465483],[-73.902147424277459,40.872510291013704],[-73.902539424812929,40.87079129141069]]]},"properties":{"OBJECTID":154005,"GEOID20":"360050267024","GEOID10":"360050267024","STATEFP":"36","COUNTYFP":"005","D1C":0.5788240129000578,"D1C5_RET":0,"D2B_E5MIXA":0.39548848910372325,"D3A":29.225701122022478,"D3AAO":0,"D3B":0,"D4A":101.93000000000001,"D4C":35.329999999999998,"D4D":4362.6351734999998,"D5AR":585447,"D5BR":2265086}},{"type":"Feature","id":154006,"geometry":{"type":"Polygon","coordinates":[[[-73.90004042398192,40.872144290886617],[-73.900607424419576,40.870241290882852],[-73.899687423804494,40.870049291181488],[-73.899304423489852,40.87125229028382],[-73.898285424038903,40.871062290631706],[-73.897791424294482,40.870865290992228],[-73.897715423228192,40.871349291429759],[-73.897801423441905,40.871690291466201],[-73.90004042398192,40.872144290886617]]]},"properties":{"OBJECTID":154006,"GEOID20":"360050267026","GEOID10":"360050267026","STATEFP":"36","COUNTYFP":"005","D1C":0.86062477284884908,"D1C5_RET":0.28687492428294969,"D2B_E5MIXA":0.39548848910372325,"D3A":32.579262667276282,"D3AAO":0,"D3B":244.8305353800406,"D4A":194.46000000000001,"D4C":62.670000000000002,"D4D":5753.1044815400001,"D5AR":629612,"D5BR":2514957}},{"type":"Feature","id":154007,"geometry":{"type":"Polygon","coordinates":[[[-73.906320425758949,40.869580290528795],[-73.905586425815017,40.870143290220348],[-73.905056426085622,40.870316290328425],[-73.904398425411344,40.870356290179103],[-73.904495426394035,40.870844291303001],[-73.904460425335643,40.872431291749535],[-73.904663425725218,40.872653290860775],[-73.905893425961693,40.870550290878427],[-73.906320425758949,40.869580290528795]]]},"properties":{"OBJECTID":154007,"GEOID20":"360050269003","GEOID10":"360050269003","STATEFP":"36","COUNTYFP":"005","D1C":27.085700254185095,"D1C5_RET":0.37882098257601532,"D2B_E5MIXA":0.045732611486079482,"D3A":21.203167385909147,"D3AAO":0,"D3B":121.22271442432488,"D4A":266.88,"D4C":29.329999999999998,"D4D":3555.4622140699998,"D5AR":621352,"D5BR":2370658}},{"type":"Feature","id":154008,"geometry":{"type":"Polygon","coordinates":[[[-73.904398425411344,40.870356290179103],[-73.903669424591968,40.869503290367753],[-73.903477425869667,40.869851290630343],[-73.902933424998224,40.870245291281115],[-73.902539424812929,40.87079129141069],[-73.902147424277459,40.872510291013704],[-73.901749425690824,40.873683291868794],[-73.902714424715114,40.873993291976298],[-73.903698425802602,40.871161291208466],[-73.903990424982354,40.870721291436702],[-73.904398425411344,40.870356290179103]]]},"properties":{"OBJECTID":154008,"GEOID20":"360050273003","GEOID10":"360050273003","STATEFP":"36","COUNTYFP":"005","D1C":17.484728335472617,"D1C5_RET":0.54356668400433006,"D2B_E5MIXA":0.3575497610726065,"D3A":8.4247286026366854,"D3AAO":0,"D3B":38.672957677961406,"D4A":101.93000000000001,"D4C":43.670000000000002,"D4D":2532.0060896499999,"D5AR":579939,"D5BR":2264911}},{"type":"Feature","id":154009,"geometry":{"type":"Polygon","coordinates":[[[-73.825086398945132,40.844706288652716],[-73.825080398199049,40.844312288975324],[-73.824100398207833,40.844258288595555],[-73.823190397638498,40.843631288251068],[-73.822394397770282,40.843227288321465],[-73.822039397943058,40.847698289189189],[-73.824958398898616,40.846113288529658],[-73.825086398945132,40.844706288652716]]]},"properties":{"OBJECTID":154009,"GEOID20":"360050274011","GEOID10":"360050274011","STATEFP":"36","COUNTYFP":"005","D1C":0.15286873467490933,"D1C5_RET":0,"D2B_E5MIXA":0.39548848910372325,"D3A":33.835980820514031,"D3AAO":0,"D3B":184.81216663791037,"D4A":195.80000000000001,"D4C":18,"D4D":587.01588132699999,"D5AR":543556,"D5BR":1721693}},{"type":"Feature","id":154010,"geometry":{"type":"Polygon","coordinates":[[[-73.826242398663453,40.843002288768211],[-73.825963398105884,40.839985288111912],[-73.825841398805466,40.837067286619636],[-73.825409397188693,40.835896285870085],[-73.825391397645362,40.835527286630743],[-73.825610397928472,40.835018286121816],[-73.826221398747066,40.834363286446667],[-73.826014398159501,40.834029286523268],[-73.825189397978988,40.834596286444921],[-73.824671397046814,40.833888286483919],[-73.823817397452288,40.834338286211519],[-73.822478397435873,40.83450328704555],[-73.818047396211512,40.835551287323376],[-73.818774395584441,40.837186286779449],[-73.820691395909165,40.837054287137533],[-73.822704397391689,40.838451287009427],[-73.8230213975841,40.838558287944323],[-73.824752398135999,40.8388252876249],[-73.824921397292073,40.838909286851433],[-73.825190398702219,40.841186288173986],[-73.825181399379701,40.842708288436455],[-73.826242398663453,40.843002288768211]]]},"properties":{"OBJECTID":154010,"GEOID20":"360050274014","GEOID10":"360050274014","STATEFP":"36","COUNTYFP":"005","D1C":0.43313602327118572,"D1C5_RET":0.15469143688256634,"D2B_E5MIXA":0.67187734294595858,"D3A":53.214881587528311,"D3AAO":21.539077997796397,"D3B":204.63820802320936,"D4A":264.19999999999999,"D4C":37.329999999999998,"D4D":369.576405685,"D5AR":621300,"D5BR":835105}},{"type":"Feature","id":154013,"geometry":{"type":"Polygon","coordinates":[[[-73.820366397117482,40.844142288511868],[-73.820420396645829,40.843336289014402],[-73.819158395723989,40.842910289271522],[-73.816280395674596,40.842810288935034],[-73.817374396366958,40.843773288963583],[-73.818501395772955,40.844155289322252],[-73.816416395218724,40.843971288645157],[-73.815937395542946,40.844212288715539],[-73.81508139540027,40.843602288824329],[-73.81479839554305,40.843515289108709],[-73.813452394955632,40.843795288730895],[-73.813600395093644,40.844307288728089],[-73.813858395734812,40.844492289470409],[-73.814727394499613,40.84438728924102],[-73.814770395953957,40.845134289021665],[-73.814977395643183,40.845253288969744],[-73.813996394928765,40.845817289849023],[-73.814181394876684,40.845991289238192],[-73.815015395278039,40.845500289596153],[-73.815173395461784,40.845717289141959],[-73.814745394941284,40.845970289136964],[-73.814693395961072,40.846107289483257],[-73.814767395580915,40.846266289852394],[-73.815062396032005,40.846503289258663],[-73.815667396104502,40.846254289068575],[-73.815481394535041,40.846521288327352],[-73.815904395930971,40.848021290033131],[-73.815675395602128,40.848863289899619],[-73.816313396184896,40.848559289893863],[-73.816452397000361,40.846091289531799],[-73.820233397048071,40.846226289043237],[-73.820366397117482,40.844142288511868]]]},"properties":{"OBJECTID":154013,"GEOID20":"360050274023","GEOID10":"360050274023","STATEFP":"36","COUNTYFP":"005","D1C":1.7175221335441613,"D1C5_RET":0.081786768264007687,"D2B_E5MIXA":0.76803115058095528,"D3A":21.479072767982185,"D3AAO":0,"D3B":104.57615200043628,"D4A":249.44999999999999,"D4C":2.3300000000000001,"D4D":34.798976601100001,"D5AR":581675,"D5BR":809587}},{"type":"Feature","id":154021,"geometry":{"type":"Polygon","coordinates":[[[-73.832822401812777,40.856132290395749],[-73.832776400883702,40.855999289613443],[-73.83230940180178,40.855768290409344],[-73.831786401745063,40.855533289792547],[-73.831292401102345,40.855442290859287],[-73.828603400300523,40.855726290961719],[-73.827219400078263,40.853259290699043],[-73.827356398548972,40.852838290476555],[-73.827186399567992,40.851719289803434],[-73.827660399220917,40.850282289909387],[-73.82799839843139,40.848632288918289],[-73.826230398967894,40.845850288819257],[-73.826114398616937,40.845347288543557],[-73.826242398663453,40.843002288768211],[-73.825181399379701,40.842708288436455],[-73.824958398898616,40.846113288529658],[-73.820485397841466,40.848509289929275],[-73.820142396811491,40.848028289171445],[-73.816313396184896,40.848559289893863],[-73.815675395602128,40.848863289899619],[-73.815903396106066,40.850975289489043],[-73.817011396143798,40.851223290069129],[-73.817362396671399,40.852217289625997],[-73.816635396400159,40.853754290640765],[-73.81863939676353,40.856786290878858],[-73.81485839581751,40.858378291103286],[-73.81486039636566,40.861144292018622],[-73.816415396292129,40.861188291561163],[-73.817240396472656,40.861008292259569],[-73.818006397101954,40.861090291768043],[-73.820028397906981,40.859742292434234],[-73.82076739787378,40.860089292274004],[-73.820090397831265,40.860407291429539],[-73.818340397012804,40.861842292401967],[-73.818808397716253,40.862490292618894],[-73.820555398161673,40.860975291326795],[-73.824303398597422,40.859788291724527],[-73.824195398642388,40.859387292066017],[-73.826965398736732,40.859112291554325],[-73.827240399994665,40.859202290785078],[-73.82758440084956,40.860081291608957],[-73.828373400146759,40.860955291288782],[-73.831433401567651,40.857295290682714],[-73.83199440215752,40.856753290560349],[-73.832822401812777,40.856132290395749]]]},"properties":{"OBJECTID":154021,"GEOID20":"360050276001","GEOID10":"360050276001","STATEFP":"36","COUNTYFP":"005","D1C":0.12342764204361616,"D1C5_RET":0,"D2B_E5MIXA":0.3717257956726267,"D3A":31.734305832453696,"D3AAO":10.61337024277845,"D3B":151.59369367810621,"D4A":702.75,"D4C":128.66999999999999,"D4D":218.27089841099999,"D5AR":620852,"D5BR":1720443}},{"type":"Feature","id":154022,"geometry":{"type":"Polygon","coordinates":[[[-73.904709426654293,40.876570292491223],[-73.903947426222956,40.87626629193656],[-73.901129424651401,40.879637292962641],[-73.900608425142806,40.880479293053163],[-73.901577426161694,40.881003292014825],[-73.903396425678821,40.879098292361405],[-73.903811425780518,40.878554292425477],[-73.904709426654293,40.876570292491223]]]},"properties":{"OBJECTID":154022,"GEOID20":"360050277002","GEOID10":"360050277002","STATEFP":"36","COUNTYFP":"005","D1C":29.607100320967884,"D1C5_RET":0.64084632729367719,"D2B_E5MIXA":0.67150041825943274,"D3A":52.993722361615148,"D3AAO":21.402578863590946,"D3B":177.75539087941098,"D4A":0,"D4C":97.670000000000002,"D4D":4005.8534903499999,"D5AR":643676,"D5BR":2906091}},{"type":"Feature","id":154023,"geometry":{"type":"Polygon","coordinates":[[[-73.902011425631642,40.878510292874495],[-73.901245425900669,40.878118292125997],[-73.900898424672718,40.878450292328189],[-73.900584423955053,40.878618292769815],[-73.900087424735901,40.878751292279347],[-73.899614424907881,40.878764292411155],[-73.899488425409501,40.879742293018822],[-73.899151424227298,40.88085829300632],[-73.89904142552075,40.881552293031582],[-73.900108424652302,40.880746292247878],[-73.900414424974059,40.880878293146083],[-73.901129424651401,40.879637292962641],[-73.902011425631642,40.878510292874495]]]},"properties":{"OBJECTID":154023,"GEOID20":"360050277004","GEOID10":"360050277004","STATEFP":"36","COUNTYFP":"005","D1C":5.6043395766763124,"D1C5_RET":0,"D2B_E5MIXA":0.85780237578315388,"D3A":20.990691772114825,"D3AAO":0,"D3B":217.48913440832581,"D4A":71.079999999999998,"D4C":89.329999999999998,"D4D":5825.5785237500004,"D5AR":641431,"D5BR":2906044}},{"type":"Feature","id":154024,"geometry":{"type":"Polygon","coordinates":[[[-73.897968424744803,40.88404229321192],[-73.897643424156485,40.883704293495796],[-73.897949424478227,40.882603293496622],[-73.896941423101282,40.883019293292058],[-73.896515424027243,40.8838072944421],[-73.896150423255946,40.884181293042325],[-73.895845422759109,40.884374292904198],[-73.895507423548636,40.8844422939531],[-73.896597424043009,40.885017293457075],[-73.897968424744803,40.88404229321192]]]},"properties":{"OBJECTID":154024,"GEOID20":"360050279006","GEOID10":"360050279006","STATEFP":"36","COUNTYFP":"005","D1C":0.85566317592599195,"D1C5_RET":0,"D2B_E5MIXA":0.31091750708257115,"D3A":26.059973818044764,"D3AAO":0,"D3B":255.63108513424191,"D4A":207.87,"D4C":76.329999999999998,"D4D":8360.0345879600009,"D5AR":562865,"D5BR":2442169}},{"type":"Feature","id":154025,"geometry":{"type":"Polygon","coordinates":[[[-73.844941406224194,40.848218288312793],[-73.844621404760417,40.846369287883512],[-73.844672404814048,40.845943287929217],[-73.844911404290329,40.845435288197208],[-73.843277403822825,40.843550287851969],[-73.841506403087948,40.841024287416914],[-73.842042403563468,40.840654286442991],[-73.841321403140014,40.840619286850078],[-73.839365403355529,40.840886287063732],[-73.838322402716813,40.840657286892679],[-73.837631402430603,40.84030128717766],[-73.837665401867469,40.840943286550036],[-73.837147401833604,40.842736288588966],[-73.836869402897591,40.843481287282899],[-73.836694402097081,40.843648288448144],[-73.836544401410947,40.844611287173443],[-73.836178401713042,40.84592528870354],[-73.83556040212008,40.851972289306424],[-73.834810402282628,40.85352228954175],[-73.833907401385972,40.854476290713691],[-73.833413401641579,40.854715289621737],[-73.831292401102345,40.855442290859287],[-73.831786401745063,40.855533289792547],[-73.83230940180178,40.855768290409344],[-73.832776400883702,40.855999289613443],[-73.832822401812777,40.856132290395749],[-73.83199440215752,40.856753290560349],[-73.831433401567651,40.857295290682714],[-73.828522401007973,40.860754291861959],[-73.829610400954238,40.859897292352322],[-73.830173401193946,40.859642291680906],[-73.833234401541418,40.858634290631031],[-73.836820403392082,40.857285290788319],[-73.837001403142054,40.857071289424816],[-73.836814402645999,40.856841290014316],[-73.836396403069557,40.856668290034868],[-73.835247402125631,40.856502290564571],[-73.836468402141264,40.856106290754248],[-73.839630403669403,40.854758289194478],[-73.841391404358532,40.853120289814257],[-73.844941406224194,40.848218288312793]]]},"properties":{"OBJECTID":154025,"GEOID20":"360050284001","GEOID10":"360050284001","STATEFP":"36","COUNTYFP":"005","D1C":23.069432328657321,"D1C5_RET":0.81834746606130193,"D2B_E5MIXA":0.29165621201709729,"D3A":26.293559286999518,"D3AAO":8.721985088366015,"D3B":63.74411479568937,"D4A":529.74000000000001,"D4C":148,"D4D":340.82835945699998,"D5AR":641603,"D5BR":911995}},{"type":"Feature","id":154035,"geometry":{"type":"Polygon","coordinates":[[[-73.921450431187438,40.878259291789249],[-73.921631431835735,40.878329291264848],[-73.919809431945552,40.876585292040076],[-73.915201429372573,40.875589291659821],[-73.914906428921455,40.876586291874055],[-73.912206428249007,40.878186292810398],[-73.911406428182829,40.879286292458382],[-73.910311427665562,40.879055291610264],[-73.909679427828891,40.87952329191738],[-73.91030642854102,40.880060292890967],[-73.910538427446298,40.880577292679213],[-73.911301427702526,40.880232292437171],[-73.912557428776594,40.87925029174415],[-73.914360429298512,40.878205291910341],[-73.915256429624137,40.8779822919061],[-73.916490430956884,40.877954292385503],[-73.918010430723285,40.877127291525277],[-73.918225430808434,40.876871291481798],[-73.918598431077342,40.87663429067841],[-73.91884243057649,40.876677290964572],[-73.918899430477907,40.876749291096822],[-73.919007430432956,40.877509291113093],[-73.919701431092207,40.878502292397258],[-73.920403431249085,40.879040291941877],[-73.921450431187438,40.878259291789249]]]},"properties":{"OBJECTID":154035,"GEOID20":"360050293021","GEOID10":"360050293021","STATEFP":"36","COUNTYFP":"005","D1C":4.3155670495267264,"D1C5_RET":0,"D2B_E5MIXA":0.33479292816482858,"D3A":11.251418253943349,"D3AAO":0.56913297440686028,"D3B":11.742441204397835,"D4A":651.77999999999997,"D4C":53,"D4D":933.05754697600003,"D5AR":557902,"D5BR":2265938}},{"type":"Feature","id":154036,"geometry":{"type":"Polygon","coordinates":[[[-73.904722426174757,40.885250293957391],[-73.902569425848469,40.883847292933353],[-73.901588425134022,40.883490293285455],[-73.899841425586914,40.886545294073422],[-73.90236842600703,40.887262294174882],[-73.904722426174757,40.885250293957391]]]},"properties":{"OBJECTID":154036,"GEOID20":"360050285004","GEOID10":"360050285004","STATEFP":"36","COUNTYFP":"005","D1C":15.857288081306574,"D1C5_RET":7.7120144220562024,"D2B_E5MIXA":0.69979163539117428,"D3A":34.369921504275688,"D3AAO":0,"D3B":268.08001953236624,"D4A":186.41999999999999,"D4C":88.329999999999998,"D4D":2449.2664589699998,"D5AR":619615,"D5BR":2744702}},{"type":"Feature","id":154037,"geometry":{"type":"Polygon","coordinates":[[[-73.904835426152673,40.881609292171063],[-73.905451426994119,40.880975292413694],[-73.903938425103803,40.880142291901095],[-73.90282342629169,40.881695293043748],[-73.904074425546256,40.882391292614635],[-73.904835426152673,40.881609292171063]]]},"properties":{"OBJECTID":154037,"GEOID20":"360050287003","GEOID10":"360050287003","STATEFP":"36","COUNTYFP":"005","D1C":34.85283269481414,"D1C5_RET":21.370666961017726,"D2B_E5MIXA":0.67488849601048839,"D3A":33.555548790258591,"D3AAO":0,"D3B":244.90497482736231,"D4A":269.56999999999999,"D4C":86.670000000000002,"D4D":7955.7399431399999,"D5AR":625080,"D5BR":2367946}},{"type":"Feature","id":154038,"geometry":{"type":"Polygon","coordinates":[[[-73.854698408275326,40.857073289002599],[-73.854508408304511,40.855840289497664],[-73.853538408359029,40.854600289663431],[-73.851119407893975,40.855691289816264],[-73.850097407171631,40.856355289933262],[-73.849387407517156,40.856865289783308],[-73.849360406854672,40.857505290154947],[-73.854698408275326,40.857073289002599]]]},"properties":{"OBJECTID":154038,"GEOID20":"360050288004","GEOID10":"360050288004","STATEFP":"36","COUNTYFP":"005","D1C":1.6504860169669304,"D1C5_RET":0,"D2B_E5MIXA":0.21564474346817691,"D3A":31.666430101824172,"D3AAO":0,"D3B":110.67121781426712,"D4A":284.31999999999999,"D4C":48,"D4D":1448.6551554600001,"D5AR":607506,"D5BR":2339575}},{"type":"Feature","id":154039,"geometry":{"type":"Polygon","coordinates":[[[-73.906122425392226,40.880279292215675],[-73.906576426750306,40.879816292783758],[-73.905794426227487,40.879426291880272],[-73.904711426304104,40.880562292676522],[-73.905451426994119,40.880975292413694],[-73.906122425392226,40.880279292215675]]]},"properties":{"OBJECTID":154039,"GEOID20":"360050289004","GEOID10":"360050289004","STATEFP":"36","COUNTYFP":"005","D1C":6.3384672805483353,"D1C5_RET":0,"D2B_E5MIXA":0.51238964696641365,"D3A":36.844739629723875,"D3AAO":0,"D3B":142.408679616867,"D4A":115.34,"D4C":77.670000000000002,"D4D":16583.0317029,"D5AR":632782,"D5BR":2599702}},{"type":"Feature","id":154040,"geometry":{"type":"Polygon","coordinates":[[[-73.92251543156749,40.879524291027764],[-73.922576431666855,40.879512292193432],[-73.920951431420164,40.87859329157078],[-73.920403431249085,40.879040291941877],[-73.918726430225547,40.880131292280005],[-73.918332430040238,40.880493291941313],[-73.919480430260947,40.8808652920711],[-73.919645431015724,40.880980291930939],[-73.919753430970744,40.88126729252285],[-73.919760430643436,40.881998292005839],[-73.920231431719941,40.882718291695063],[-73.921280431308134,40.881934292892026],[-73.922033432416953,40.881159291516106],[-73.922420432929556,40.880614291765639],[-73.922434431376615,40.880241291804865],[-73.922219432189792,40.880019293008189],[-73.921574431036007,40.879983292013371],[-73.921129431695391,40.879825292887183],[-73.920972431336565,40.879539291944859],[-73.921405430981608,40.879226291936298],[-73.921873431685071,40.879431292193786],[-73.92251543156749,40.879524291027764]]]},"properties":{"OBJECTID":154040,"GEOID20":"360050293012","GEOID10":"360050293012","STATEFP":"36","COUNTYFP":"005","D1C":18.526965198459532,"D1C5_RET":0,"D2B_E5MIXA":0.068744532600167468,"D3A":49.092932659501045,"D3AAO":5.730791874308796,"D3B":377.41471818365562,"D4A":160.93000000000001,"D4C":24,"D4D":823.150966595,"D5AR":619717,"D5BR":1510141}},{"type":"Feature","id":154041,"geometry":{"type":"Polygon","coordinates":[[[-73.91922243051809,40.880776292166431],[-73.918447430566289,40.880643292650532],[-73.918347431007163,40.880679292607127],[-73.917372431038828,40.881502292840445],[-73.916169429668216,40.882593293348528],[-73.91515942953977,40.884372294150708],[-73.914893429400976,40.884633292949886],[-73.916038430146969,40.884875293539757],[-73.916770429542751,40.883994292987644],[-73.917943430776134,40.881880292615328],[-73.91922243051809,40.880776292166431]]]},"properties":{"OBJECTID":154041,"GEOID20":"360050301002","GEOID10":"360050301002","STATEFP":"36","COUNTYFP":"005","D1C":6.4416671740582592,"D1C5_RET":0,"D2B_E5MIXA":0.42781558587456381,"D3A":21.069647070346811,"D3AAO":0,"D3B":56.174648456636199,"D4A":126.06999999999999,"D4C":24,"D4D":1348.1915629600001,"D5AR":661868,"D5BR":1541469}},{"type":"Feature","id":154042,"geometry":{"type":"Polygon","coordinates":[[[-73.912455429567657,40.87962829215445],[-73.912557428776594,40.87925029174415],[-73.911301427702526,40.880232292437171],[-73.910538427446298,40.880577292679213],[-73.909337428420443,40.881354292243479],[-73.908624427494601,40.88246329264431],[-73.909117428312427,40.882810292962482],[-73.909308428108133,40.883677293405867],[-73.909567428574221,40.883740293824999],[-73.909034428471742,40.885492292970198],[-73.909983428500823,40.885666293414175],[-73.91043142821448,40.884278292902479],[-73.910427428016533,40.883478293132555],[-73.911016428195495,40.882099292030844],[-73.911726427849985,40.88074729269816],[-73.912455429567657,40.87962829215445]]]},"properties":{"OBJECTID":154042,"GEOID20":"360050295004","GEOID10":"360050295004","STATEFP":"36","COUNTYFP":"005","D1C":17.490582190905101,"D1C5_RET":10.126126531576638,"D2B_E5MIXA":0.66036820746128355,"D3A":35.386314766115753,"D3AAO":0,"D3B":125.03004956463177,"D4A":265.54000000000002,"D4C":37.670000000000002,"D4D":1284.0463378100001,"D5AR":602404,"D5BR":2567028}},{"type":"Feature","id":154043,"geometry":{"type":"Polygon","coordinates":[[[-73.831292401102345,40.855442290859287],[-73.831576401682767,40.855388290036942],[-73.830833401518035,40.853805290222837],[-73.828881401033186,40.854443289923893],[-73.827817400478054,40.852611290547365],[-73.827356398548972,40.852838290476555],[-73.827219400078263,40.853259290699043],[-73.828603400300523,40.855726290961719],[-73.831292401102345,40.855442290859287]]]},"properties":{"OBJECTID":154043,"GEOID20":"360050300004","GEOID10":"360050300004","STATEFP":"36","COUNTYFP":"005","D1C":4.6933999796130434,"D1C5_RET":0.6600093721330843,"D2B_E5MIXA":0.85732611541072445,"D3A":20.091176345790156,"D3AAO":0,"D3B":46.629660930599073,"D4A":323.20999999999998,"D4C":95.329999999999998,"D4D":4445.2055765100004,"D5AR":618559,"D5BR":1721679}},{"type":"Feature","id":154044,"geometry":{"type":"Polygon","coordinates":[[[-73.833758401423054,40.851862289700307],[-73.834002401820541,40.849569289119152],[-73.831310401543988,40.849316289274192],[-73.831055401275876,40.85169529020861],[-73.833758401423054,40.851862289700307]]]},"properties":{"OBJECTID":154044,"GEOID20":"360050300006","GEOID10":"360050300006","STATEFP":"36","COUNTYFP":"005","D1C":5.8573390984352338,"D1C5_RET":0,"D2B_E5MIXA":0.1168811334449512,"D3A":27.534219107921061,"D3AAO":0,"D3B":116.25319721322246,"D4A":300.41000000000003,"D4C":102,"D4D":4446.1290272799997,"D5AR":668676,"D5BR":1722259}},{"type":"Feature","id":154045,"geometry":{"type":"Polygon","coordinates":[[[-73.825988400016882,40.862828291275029],[-73.825808400091802,40.862491292665723],[-73.82432639996027,40.861645291828985],[-73.823424399786859,40.861934292110206],[-73.823564399528934,40.86227629176593],[-73.825166399311072,40.862957292454027],[-73.825196399448316,40.863194292622254],[-73.824604399794609,40.863545292844037],[-73.8246883994602,40.863651292636284],[-73.824537398949147,40.863807292265484],[-73.824891399849776,40.86406029248117],[-73.825988400016882,40.862828291275029]]]},"properties":{"OBJECTID":154045,"GEOID20":"360050302002","GEOID10":"360050302002","STATEFP":"36","COUNTYFP":"005","D1C":1.4796872237146512,"D1C5_RET":0,"D2B_E5MIXA":0,"D3A":29.993266242610314,"D3AAO":0,"D3B":78.956110257413798,"D4A":0,"D4C":66,"D4D":7812.7485412100004,"D5AR":569761,"D5BR":324545}},{"type":"Feature","id":154046,"geometry":{"type":"Polygon","coordinates":[[[-73.828373400146759,40.860955291288782],[-73.82758440084956,40.860081291608957],[-73.827240399994665,40.859202290785078],[-73.824732398942814,40.860039290819344],[-73.824585398629722,40.860282291719287],[-73.82257739806839,40.860949291547932],[-73.823197399107812,40.862010292186312],[-73.82432639996027,40.861645291828985],[-73.825808400091802,40.862491292665723],[-73.825988400016882,40.862828291275029],[-73.826611400531036,40.862137292136715],[-73.826417401260585,40.863042291703195],[-73.82785340046307,40.861360291901185],[-73.828125399551325,40.86125729135621],[-73.828373400146759,40.860955291288782]]]},"properties":{"OBJECTID":154046,"GEOID20":"360050302003","GEOID10":"360050302003","STATEFP":"36","COUNTYFP":"005","D1C":0.60160319068514201,"D1C5_RET":0,"D2B_E5MIXA":0.15218358217012873,"D3A":45.591783043723808,"D3AAO":18.853407441285707,"D3B":231.09263043150219,"D4A":152.88999999999999,"D4C":71.329999999999998,"D4D":1830.92717191,"D5AR":615220,"D5BR":583531}},{"type":"Feature","id":154047,"geometry":{"type":"Polygon","coordinates":[[[-73.825196399448316,40.863194292622254],[-73.825166399311072,40.862957292454027],[-73.823564399528934,40.86227629176593],[-73.823424399786859,40.861934292110206],[-73.823197399107812,40.862010292186312],[-73.822785399379171,40.861305291762044],[-73.821627398214403,40.861659291982157],[-73.820723398391166,40.862269292094624],[-73.820447398206625,40.861964291721556],[-73.819885398690161,40.861762291901982],[-73.818808397716253,40.862490292618894],[-73.817558398286607,40.863596293040835],[-73.816753397299252,40.864552292512492],[-73.816680397504328,40.865288292490625],[-73.816342396497205,40.866108292517474],[-73.820874398003909,40.868915293287444],[-73.821165398257037,40.868591293136369],[-73.821459398883221,40.868414293447245],[-73.821136397944713,40.868193292990874],[-73.820853398087507,40.867851293999927],[-73.820796399084401,40.867662293388591],[-73.820870397805948,40.867390292507302],[-73.821188399619885,40.867141292691556],[-73.821851399418691,40.867055293969997],[-73.821814398710458,40.866890292658162],[-73.820349399195663,40.866359292797519],[-73.820580398276036,40.865924293020527],[-73.821704399105599,40.866434292563987],[-73.821885399753896,40.8666192933457],[-73.822428399003783,40.866076293439129],[-73.822465398813719,40.865844293375154],[-73.821389397664703,40.865338292700088],[-73.821326398813852,40.865196292685908],[-73.82159739897547,40.864910293082303],[-73.821013398819389,40.864728293000283],[-73.821061398499978,40.864482291377833],[-73.820653398070959,40.864352292471168],[-73.820622399007135,40.863074292926854],[-73.820811398254705,40.862835292246032],[-73.821042398233388,40.862770291547847],[-73.821542398723906,40.863029292560448],[-73.82240539853926,40.862937292335111],[-73.823105398148002,40.863397292183798],[-73.824537398949147,40.863807292265484],[-73.8246883994602,40.863651292636284],[-73.824604399794609,40.863545292844037],[-73.825196399448316,40.863194292622254]]]},"properties":{"OBJECTID":154047,"GEOID20":"360050302004","GEOID10":"360050302004","STATEFP":"36","COUNTYFP":"005","D1C":0.047416601310784533,"D1C5_RET":0,"D2B_E5MIXA":0,"D3A":4.8940360196401329,"D3AAO":0.75884946771765538,"D3B":0,"D4A":382.22000000000003,"D4C":71,"D4D":1408.0316735700001,"D5AR":600186,"D5BR":467934}},{"type":"Feature","id":154048,"geometry":{"type":"Polygon","coordinates":[[[-73.826417401260585,40.863042291703195],[-73.826611400531036,40.862137292136715],[-73.82424539976941,40.86477029285458],[-73.821927398688374,40.863746291953383],[-73.822044398864236,40.863437292817139],[-73.821807398139455,40.863033292035645],[-73.821542398723906,40.863029292560448],[-73.821042398233388,40.862770291547847],[-73.820811398254705,40.862835292246032],[-73.820622399007135,40.863074292926854],[-73.820653398070959,40.864352292471168],[-73.821061398499978,40.864482291377833],[-73.821013398819389,40.864728293000283],[-73.82159739897547,40.864910293082303],[-73.821326398813852,40.865196292685908],[-73.821389397664703,40.865338292700088],[-73.822465398813719,40.865844293375154],[-73.822428399003783,40.866076293439129],[-73.821885399753896,40.8666192933457],[-73.821704399105599,40.866434292563987],[-73.820580398276036,40.865924293020527],[-73.820349399195663,40.866359292797519],[-73.821814398710458,40.866890292658162],[-73.821851399418691,40.867055293969997],[-73.821398398783856,40.86708629327719],[-73.821091398637208,40.867187292957226],[-73.820801399107282,40.867565292955241],[-73.820901398666393,40.86792229289685],[-73.821459398883221,40.868414293447245],[-73.824422399321421,40.86534729273378],[-73.826417401260585,40.863042291703195]]]},"properties":{"OBJECTID":154048,"GEOID20":"360050302005","GEOID10":"360050302005","STATEFP":"36","COUNTYFP":"005","D1C":11.356407056958608,"D1C5_RET":2.013008608758549,"D2B_E5MIXA":0.56227523507930899,"D3A":32.588140900569968,"D3AAO":12.338060926502674,"D3B":80.638160366708391,"D4A":155.56999999999999,"D4C":66.329999999999998,"D4D":1603.8168447099999,"D5AR":566030,"D5BR":582606}},{"type":"Feature","id":154050,"geometry":{"type":"Polygon","coordinates":[[[-73.912144430121359,40.904451297062209],[-73.91260442953056,40.903586296765283],[-73.910955429892752,40.903180297022054],[-73.910201428959041,40.903071297718533],[-73.910840430265026,40.900039296348545],[-73.908813428538807,40.899604295848761],[-73.907464428476644,40.899402296117501],[-73.906113427866345,40.90167829635773],[-73.905008428201668,40.904148297032918],[-73.90714242826138,40.904515297482355],[-73.907112428124151,40.905493297725812],[-73.906776428563475,40.906290297949653],[-73.906875428297681,40.907197297597172],[-73.906567428326113,40.907955297502802],[-73.906473427716463,40.908460297580966],[-73.906545428584792,40.908933297790078],[-73.906728427984589,40.909330298033645],[-73.907559428911213,40.908998297969177],[-73.907647428774752,40.908102298309338],[-73.908060429226623,40.90756029859854],[-73.90821042901446,40.907599298301442],[-73.908233429478997,40.907755298240765],[-73.908482428102701,40.908027297550717],[-73.908749429863036,40.907622297279829],[-73.908988428440992,40.907501297959783],[-73.908847429772308,40.90799829780488],[-73.908991429712344,40.908215298286869],[-73.910244429515046,40.90720529799983],[-73.910597428794148,40.9067822971083],[-73.911548429371379,40.905136297409541],[-73.911768429479395,40.904881297167655],[-73.911965430021212,40.904782297463761],[-73.912144430121359,40.904451297062209]]]},"properties":{"OBJECTID":154050,"GEOID20":"360050323004","GEOID10":"360050323004","STATEFP":"36","COUNTYFP":"005","D1C":7.8413024249876884,"D1C5_RET":0,"D2B_E5MIXA":0.16431349062345199,"D3A":18.230225531277647,"D3AAO":0.0045630060450215643,"D3B":79.222129659353371,"D4A":227.99000000000001,"D4C":28.670000000000002,"D4D":206.42538010800001,"D5AR":604033,"D5BR":1732964}},{"type":"Feature","id":154051,"geometry":{"type":"Polygon","coordinates":[[[-73.920957432166261,40.887296293903397],[-73.918697431709845,40.886893293041325],[-73.918267431539547,40.889497293648986],[-73.916874431096446,40.892204295102381],[-73.915891431630499,40.894479295589086],[-73.915222430187285,40.896341295530654],[-73.914918430413664,40.896898295217071],[-73.91260442953056,40.903586296765283],[-73.911965430021212,40.904782297463761],[-73.911768429479395,40.904881297167655],[-73.911548429371379,40.905136297409541],[-73.910458429775289,40.906996297346964],[-73.908639428461541,40.908578297094401],[-73.907387429382069,40.910434298651666],[-73.906738429826945,40.911203298678053],[-73.90647642898783,40.911391298530731],[-73.90643142968031,40.911505298303851],[-73.906595428813503,40.911648298753668],[-73.907991429629647,40.912169298744807],[-73.909479429608993,40.912392298946955],[-73.910773430317874,40.91290429815124],[-73.911190430069396,40.91262529943846],[-73.911819429533011,40.912950298519426],[-73.914295430797807,40.90424729700694],[-73.915125431001201,40.903133297892573],[-73.917986430433842,40.894900295927421],[-73.918359430702736,40.894594294879688],[-73.918151431188591,40.894120294403663],[-73.919762431191586,40.891138293996455],[-73.920957432166261,40.887296293903397]]]},"properties":{"OBJECTID":154051,"GEOID20":"360050309001","GEOID10":"360050309001","STATEFP":"36","COUNTYFP":"005","D1C":12.195180708701674,"D1C5_RET":0,"D2B_E5MIXA":0.16165069819023861,"D3A":8.1683606149988304,"D3AAO":0,"D3B":36.019878673053256,"D4A":866.36000000000001,"D4C":34.670000000000002,"D4D":133.73411796900001,"D5AR":531557,"D5BR":1540191}},{"type":"Feature","id":154052,"geometry":{"type":"Polygon","coordinates":[[[-73.918697431709845,40.886893293041325],[-73.91876243110886,40.885578293551234],[-73.916038430146969,40.884875293539757],[-73.913979430430317,40.88638229316642],[-73.916688431323607,40.88690929332455],[-73.916797431103547,40.887080293733028],[-73.916882430594043,40.888755293918635],[-73.916345430293617,40.891295295025024],[-73.914183429746501,40.890599294023161],[-73.913565430153525,40.890645294288007],[-73.9126984292419,40.890577294180424],[-73.911998428734847,40.892247295459313],[-73.911525428906842,40.893886295684368],[-73.911401429058287,40.894817295272688],[-73.911319429940832,40.894997295693344],[-73.911117428477837,40.894913294924194],[-73.910771428871428,40.895257295134471],[-73.911026429139554,40.89554829515145],[-73.911817428984875,40.895789295664194],[-73.911872429236467,40.896017295163617],[-73.911113430076512,40.898759296832253],[-73.910201428959041,40.903071297718533],[-73.910955429892752,40.903180297022054],[-73.91260442953056,40.903586296765283],[-73.914918430413664,40.896898295217071],[-73.915222430187285,40.896341295530654],[-73.915891431630499,40.894479295589086],[-73.916874431096446,40.892204295102381],[-73.918267431539547,40.889497293648986],[-73.918697431709845,40.886893293041325]]]},"properties":{"OBJECTID":154052,"GEOID20":"360050309002","GEOID10":"360050309002","STATEFP":"36","COUNTYFP":"005","D1C":1.3057466103207771,"D1C5_RET":0,"D2B_E5MIXA":0.52637485554325802,"D3A":18.645992700023204,"D3AAO":0,"D3B":80.100779153734535,"D4A":678.61000000000001,"D4C":32.329999999999998,"D4D":152.27908914700001,"D5AR":606693,"D5BR":1540632}},{"type":"Feature","id":154054,"geometry":{"type":"Polygon","coordinates":[[[-73.867423413482456,40.863221290876275],[-73.867487413954876,40.861354290158864],[-73.865533412921891,40.861322290821704],[-73.865586412625348,40.859602290114381],[-73.864632412573386,40.859617290789551],[-73.864534412664099,40.863170291070084],[-73.867423413482456,40.863221290876275]]]},"properties":{"OBJECTID":154054,"GEOID20":"360050330004","GEOID10":"360050330004","STATEFP":"36","COUNTYFP":"005","D1C":18.01823326730597,"D1C5_RET":3.5172578638234255,"D2B_E5MIXA":0.72434054635820844,"D3A":28.011915621985473,"D3AAO":0,"D3B":65.833194206244499,"D4A":195.80000000000001,"D4C":71.670000000000002,"D4D":2830.3929386700001,"D5AR":673733,"D5BR":2495037}},{"type":"Feature","id":154055,"geometry":{"type":"Polygon","coordinates":[[[-73.869375414865601,40.863254290010659],[-73.869437413891561,40.861390290413773],[-73.868497413184997,40.861371290564769],[-73.868370412963401,40.865416290913402],[-73.869128413196762,40.865402290875039],[-73.869352414401064,40.864374290840843],[-73.869375414865601,40.863254290010659]]]},"properties":{"OBJECTID":154055,"GEOID20":"360050332021","GEOID10":"360050332021","STATEFP":"36","COUNTYFP":"005","D1C":10.469545261932261,"D1C5_RET":0,"D2B_E5MIXA":0.22291333567400465,"D3A":27.484701848152525,"D3AAO":0,"D3B":74.450099640407174,"D4A":131.43000000000001,"D4C":52.329999999999998,"D4D":3895.9737141800001,"D5AR":643235,"D5BR":3187168}},{"type":"Feature","id":154056,"geometry":{"type":"Polygon","coordinates":[[[-73.84553840769739,40.886375296043347],[-73.846142407046656,40.885315295679064],[-73.84533540640949,40.884993296419488],[-73.84445440705079,40.885909296032018],[-73.84553840769739,40.886375296043347]]]},"properties":{"OBJECTID":154056,"GEOID20":"360050458003","GEOID10":"360050458003","STATEFP":"36","COUNTYFP":"005","D1C":0,"D1C5_RET":0,"D2B_E5MIXA":0,"D3A":28.080858758167711,"D3AAO":0,"D3B":0,"D4A":0,"D4C":12.67,"D4D":2858.27576193,"D5AR":493460,"D5BR":134751}},{"type":"Feature","id":154057,"geometry":{"type":"Polygon","coordinates":[[[-73.836219405314182,40.882401295509943],[-73.83664240401518,40.882128295660927],[-73.835800404116213,40.881623296253679],[-73.834883403874187,40.87998729521901],[-73.832317403096013,40.880843295784111],[-73.832422403576317,40.88112429566111],[-73.832232401808895,40.882057295697308],[-73.832803403342837,40.882240296118354],[-73.833004403184276,40.882057295697308],[-73.833243403558896,40.882023295314688],[-73.833685403424752,40.88246129587062],[-73.833808403448415,40.883004295880333],[-73.833648403614845,40.883110295084869],[-73.83328440266844,40.883175296191766],[-73.833619403302521,40.884194296182564],[-73.834347403398667,40.883858296011859],[-73.835610404145413,40.882953295010822],[-73.836219405314182,40.882401295509943]]]},"properties":{"OBJECTID":154057,"GEOID20":"360050462026","GEOID10":"360050462026","STATEFP":"36","COUNTYFP":"005","D1C":0.65534531422529896,"D1C5_RET":0.32767265711264948,"D2B_E5MIXA":0.43067655807339306,"D3A":17.025267114016398,"D3AAO":0,"D3B":109.88830228929812,"D4A":209.21000000000001,"D4C":67.329999999999998,"D4D":2017.1154288800001,"D5AR":551629,"D5BR":1689333}},{"type":"Feature","id":154059,"geometry":{"type":"Polygon","coordinates":[[[-73.840885404918552,40.860862291508099],[-73.840933403700816,40.859340291044013],[-73.838121403773684,40.859108290483519],[-73.838003403772902,40.862661291571705],[-73.837071402563936,40.862659291483205],[-73.8369904032714,40.865103292066657],[-73.840748404651194,40.865170291846567],[-73.840885404918552,40.860862291508099]]]},"properties":{"OBJECTID":154059,"GEOID20":"360050310003","GEOID10":"360050310003","STATEFP":"36","COUNTYFP":"005","D1C":0.86468798340538156,"D1C5_RET":0,"D2B_E5MIXA":0.42981558562032601,"D3A":26.108673370360286,"D3AAO":0,"D3B":194.18525592803968,"D4A":356.74000000000001,"D4C":48,"D4D":699.031969742,"D5AR":610300,"D5BR":247096}},{"type":"Feature","id":154261,"geometry":{"type":"Polygon","coordinates":[[[-73.882063419364485,40.879146294098824],[-73.882892418844676,40.878835293190349],[-73.881840418883428,40.877003291956832],[-73.881443419223373,40.878195292456219],[-73.882063419364485,40.879146294098824]]]},"properties":{"OBJECTID":154261,"GEOID20":"360050419006","GEOID10":"360050419006","STATEFP":"36","COUNTYFP":"005","D1C":2.0431743164815721,"D1C5_RET":0,"D2B_E5MIXA":0.42431466254429612,"D3A":31.282943815314795,"D3AAO":0,"D3B":0,"D4A":287,"D4C":117.67,"D4D":21981.286566399998,"D5AR":574049,"D5BR":2586176}},{"type":"Feature","id":154269,"geometry":{"type":"Polygon","coordinates":[[[-73.920480428547023,40.837148283387741],[-73.921286429359284,40.835732283516549],[-73.920305428644852,40.835405282805596],[-73.921224428536703,40.833841283005796],[-73.920366427845906,40.833551284075988],[-73.919447428852365,40.835118283261508],[-73.918413428434476,40.836448283616448],[-73.920480428547023,40.837148283387741]]]},"properties":{"OBJECTID":154269,"GEOID20":"360050197002","GEOID10":"360050197002","STATEFP":"36","COUNTYFP":"005","D1C":74.511297371087636,"D1C5_RET":2.2980945808401878,"D2B_E5MIXA":0.45520947063824219,"D3A":26.781576293054687,"D3AAO":0,"D3B":56.568481989912314,"D4A":182.38999999999999,"D4C":90.329999999999998,"D4D":5109.8309781500002,"D5AR":964856,"D5BR":2179871}},{"type":"Feature","id":154272,"geometry":{"type":"Polygon","coordinates":[[[-73.908479429526281,40.894332295059272],[-73.908501428369277,40.893594295570303],[-73.905702427962609,40.893619295177054],[-73.905488427702366,40.893752296457123],[-73.905313427800181,40.894316295212853],[-73.904757427233179,40.89497829598141],[-73.9042874277782,40.895360295074461],[-73.903263426507735,40.895860295154741],[-73.902413427111171,40.896494296265253],[-73.901069427071889,40.89862729629229],[-73.90102542669095,40.898835296056561],[-73.901192425298902,40.899490296607354],[-73.901961427199566,40.900564296747611],[-73.90195942665143,40.901302295884491],[-73.903971427410724,40.901179296939681],[-73.904721426349838,40.901002297477078],[-73.90575142746809,40.900588296965005],[-73.906364427936509,40.900177296368312],[-73.907223428452227,40.899345296007738],[-73.907464428476644,40.899402296117501],[-73.907953428198184,40.898547296104361],[-73.908157427514382,40.897849295638949],[-73.908479429526281,40.894332295059272]]]},"properties":{"OBJECTID":154272,"GEOID20":"360050335001","GEOID10":"360050335001","STATEFP":"36","COUNTYFP":"005","D1C":2.2783103095658532,"D1C5_RET":0,"D2B_E5MIXA":0.13782911906410367,"D3A":32.766978454488829,"D3AAO":10.074906843699013,"D3B":72.205744242652614,"D4A":446.58999999999997,"D4C":64,"D4D":461.978169702,"D5AR":608761,"D5BR":1540985}},{"type":"Feature","id":154273,"geometry":{"type":"Polygon","coordinates":[[[-73.870493413152445,40.867959291583844],[-73.870456414240849,40.866641291641692],[-73.869160413882128,40.866616290674919],[-73.86924841374568,40.867936291043861],[-73.870493413152445,40.867959291583844]]]},"properties":{"OBJECTID":154273,"GEOID20":"360050336005","GEOID10":"360050336005","STATEFP":"36","COUNTYFP":"005","D1C":0,"D1C5_RET":0,"D2B_E5MIXA":0,"D3A":27.001370033785527,"D3AAO":0,"D3B":0,"D4A":274.93000000000001,"D4C":42.329999999999998,"D4D":6994.3594499999999,"D5AR":612951,"D5BR":2741571}},{"type":"Feature","id":154274,"geometry":{"type":"Polygon","coordinates":[[[-73.866721413325578,40.853651289140224],[-73.8667584131355,40.852401288471548],[-73.864881411197089,40.852366288966799],[-73.864815411973183,40.854451289231548],[-73.866695411589674,40.854485288826069],[-73.866721413325578,40.853651289140224]]]},"properties":{"OBJECTID":154274,"GEOID20":"360050224042","GEOID10":"360050224042","STATEFP":"36","COUNTYFP":"005","D1C":28.236292457443252,"D1C5_RET":0.99268215670698934,"D2B_E5MIXA":0.2932184084839099,"D3A":24.125593650868225,"D3AAO":0,"D3B":70.590731143608124,"D4A":287,"D4C":84.329999999999998,"D4D":5952.9163573400001,"D5AR":653012,"D5BR":2643904}},{"type":"Feature","id":154275,"geometry":{"type":"Polygon","coordinates":[[[-73.878065416886855,40.872459291568319],[-73.877497417522605,40.871843292140802],[-73.875886417519638,40.873419292359436],[-73.876685416862557,40.873800293090063],[-73.878065416886855,40.872459291568319]]]},"properties":{"OBJECTID":154275,"GEOID20":"360050425004","GEOID10":"360050425004","STATEFP":"36","COUNTYFP":"005","D1C":4.4660046608713309,"D1C5_RET":1.9848909603872582,"D2B_E5MIXA":0.84816985670897449,"D3A":28.320714752670153,"D3AAO":0,"D3B":0,"D4A":295.05000000000001,"D4C":62.670000000000002,"D4D":9951.4493189999994,"D5AR":541757,"D5BR":2325237}},{"type":"Feature","id":154276,"geometry":{"type":"Polygon","coordinates":[[[-73.880650418829916,40.876491293316995],[-73.880427418348845,40.874908292494375],[-73.879456417680132,40.874984292624823],[-73.879731418039739,40.876873292499482],[-73.880019418818151,40.876819292848417],[-73.880650418829916,40.876491293316995]]]},"properties":{"OBJECTID":154276,"GEOID20":"360050419005","GEOID10":"360050419005","STATEFP":"36","COUNTYFP":"005","D1C":40.24338703647723,"D1C5_RET":18.879613671433763,"D2B_E5MIXA":0.68435072254641183,"D3A":29.925125661392574,"D3AAO":0,"D3B":265.03002939183227,"D4A":119.36,"D4C":63.670000000000002,"D4D":10122.652652299999,"D5AR":563412,"D5BR":2810247}},{"type":"Feature","id":154277,"geometry":{"type":"Polygon","coordinates":[[[-73.922887428418221,40.809114278467867],[-73.923376428139761,40.808440277840056],[-73.920540427024861,40.807243278348601],[-73.92004742620702,40.807915277834582],[-73.922887428418221,40.809114278467867]]]},"properties":{"OBJECTID":154277,"GEOID20":"360050025003","GEOID10":"360050025003","STATEFP":"36","COUNTYFP":"005","D1C":6.7423143969209827,"D1C5_RET":1.7287985633130725,"D2B_E5MIXA":0.79326203881914492,"D3A":27.956574168462328,"D3AAO":0,"D3B":73.798953070708436,"D4A":277.61000000000001,"D4C":88.329999999999998,"D4D":9773.1057342399999,"D5AR":1035238,"D5BR":1840564}},{"type":"Feature","id":154278,"geometry":{"type":"Polygon","coordinates":[[[-73.880694417414219,40.872899292017252],[-73.880471417831473,40.872124292862935],[-73.87863441697435,40.87306729160256],[-73.87751541616764,40.874147291954571],[-73.878605417560351,40.874223292279417],[-73.879231417549235,40.873680292235385],[-73.880694417414219,40.872899292017252]]]},"properties":{"OBJECTID":154278,"GEOID20":"360050425006","GEOID10":"360050425006","STATEFP":"36","COUNTYFP":"005","D1C":22.952508443132398,"D1C5_RET":11.997902140728298,"D2B_E5MIXA":0.61879033172631526,"D3A":24.760756901976201,"D3AAO":0,"D3B":222.56977884249596,"D4A":0,"D4C":64,"D4D":7122.23292296,"D5AR":574931,"D5BR":2576511}},{"type":"Feature","id":154279,"geometry":{"type":"Polygon","coordinates":[[[-73.84174240758108,40.890362296196813],[-73.841054406769572,40.888561296993728],[-73.8397744063044,40.888746296387737],[-73.838228404802109,40.88865229659875],[-73.839101406459832,40.890943297650175],[-73.84174240758108,40.890362296196813]]]},"properties":{"OBJECTID":154279,"GEOID20":"360050426005","GEOID10":"360050426005","STATEFP":"36","COUNTYFP":"005","D1C":8.4420632709618353,"D1C5_RET":3.9907935462728674,"D2B_E5MIXA":0.45828673237995393,"D3A":39.856892079562193,"D3AAO":0,"D3B":114.47222824243129,"D4A":146.18000000000001,"D4C":12.67,"D4D":621.40665459800005,"D5AR":473958,"D5BR":626335}},{"type":"Feature","id":154280,"geometry":{"type":"Polygon","coordinates":[[[-73.876685416862557,40.873800293090063],[-73.875886417519638,40.873419292359436],[-73.874701415692357,40.875010293006909],[-73.875593416718345,40.875262292680489],[-73.876685416862557,40.873800293090063]]]},"properties":{"OBJECTID":154280,"GEOID20":"360050429013","GEOID10":"360050429013","STATEFP":"36","COUNTYFP":"005","D1C":0.52370683362789661,"D1C5_RET":0,"D2B_E5MIXA":0.43067655807339306,"D3A":44.126550314263774,"D3AAO":0,"D3B":167.58618676092692,"D4A":468.05000000000001,"D4C":62.670000000000002,"D4D":10502.626324299999,"D5AR":530747,"D5BR":2325755}},{"type":"Feature","id":154281,"geometry":{"type":"Polygon","coordinates":[[[-73.879090417982255,40.884025293872234],[-73.877730418049424,40.88346229405726],[-73.877608417850695,40.884531294361366],[-73.878472417490954,40.884867294511025],[-73.879090417982255,40.884025293872234]]]},"properties":{"OBJECTID":154281,"GEOID20":"360050431001","GEOID10":"360050431001","STATEFP":"36","COUNTYFP":"005","D1C":2.1048602064110113,"D1C5_RET":0,"D2B_E5MIXA":0,"D3A":27.111884416413762,"D3AAO":0,"D3B":299.50757497091081,"D4A":136.78999999999999,"D4C":84.329999999999998,"D4D":18933.638528700001,"D5AR":563827,"D5BR":2873798}},{"type":"Feature","id":154282,"geometry":{"type":"Polygon","coordinates":[[[-73.878574417598216,40.883806294717246],[-73.879354418471195,40.881515293790301],[-73.877615416625076,40.880668293075281],[-73.877171417109366,40.882002293731276],[-73.878127417709464,40.882162293952085],[-73.877730418049424,40.88346229405726],[-73.878574417598216,40.883806294717246]]]},"properties":{"OBJECTID":154282,"GEOID20":"360050431007","GEOID10":"360050431007","STATEFP":"36","COUNTYFP":"005","D1C":64.241099759661196,"D1C5_RET":0.85654799679548266,"D2B_E5MIXA":0.1356194978098495,"D3A":21.816608773820544,"D3AAO":0,"D3B":208.86066353861048,"D4A":164.96000000000001,"D4C":85.329999999999998,"D4D":6682.4448517999999,"D5AR":579078,"D5BR":2893117}},{"type":"Feature","id":154296,"geometry":{"type":"Polygon","coordinates":[[[-73.831055401275876,40.85169529020861],[-73.831310401543988,40.849316289274192],[-73.830431400936803,40.8491722897503],[-73.828856399122202,40.849698289619049],[-73.82799839843139,40.848632288918289],[-73.827660399220917,40.850282289909387],[-73.827186399567992,40.851719289803434],[-73.827356398548972,40.852838290476555],[-73.829309399757051,40.85193429031559],[-73.829693401693234,40.851616289216075],[-73.831055401275876,40.85169529020861]]]},"properties":{"OBJECTID":154296,"GEOID20":"360050300001","GEOID10":"360050300001","STATEFP":"36","COUNTYFP":"005","D1C":25.526686327220371,"D1C5_RET":5.8346711605075132,"D2B_E5MIXA":0.37925431315833485,"D3A":28.616880836760725,"D3AAO":0,"D3B":146.48454887036274,"D4A":154.22999999999999,"D4C":102,"D4D":2800.6417965800001,"D5AR":665675,"D5BR":1721828}},{"type":"Feature","id":154297,"geometry":{"type":"Polygon","coordinates":[[[-73.915091430666024,40.883767293889271],[-73.915167430834003,40.883481293001168],[-73.913103428399538,40.882819292658795],[-73.912522428616484,40.884019293504977],[-73.911849428771944,40.886013293238072],[-73.912525428989539,40.886141293702138],[-73.913160430097577,40.885518293299803],[-73.914528428629694,40.88453829303775],[-73.914866429636803,40.884174293649082],[-73.915091430666024,40.883767293889271]]]},"properties":{"OBJECTID":154297,"GEOID20":"360050297003","GEOID10":"360050297003","STATEFP":"36","COUNTYFP":"005","D1C":23.9843563104575,"D1C5_RET":0,"D2B_E5MIXA":0.10356625905917451,"D3A":21.54293993371823,"D3AAO":0,"D3B":151.98007959101781,"D4A":207.87,"D4C":31.670000000000002,"D4D":1604.4030402200001,"D5AR":643117,"D5BR":2565704}},{"type":"Feature","id":154750,"geometry":{"type":"Polygon","coordinates":[[[-73.914781426553034,40.837525283790562],[-73.913727425145353,40.837118284092824],[-73.912709426417607,40.838368284894955],[-73.913756426355988,40.838751284868479],[-73.914781426553034,40.837525283790562]]]},"properties":{"OBJECTID":154750,"GEOID20":"360050179023","GEOID10":"360050179023","STATEFP":"36","COUNTYFP":"005","D1C":15.212138688501192,"D1C5_RET":9.0241500694498598,"D2B_E5MIXA":0.59412612373958307,"D3A":63.104334793765936,"D3AAO":0,"D3B":275.07672074556189,"D4A":75.099999999999994,"D4C":92.329999999999998,"D4D":15235.6530453,"D5AR":819703,"D5BR":2176350}},{"type":"Feature","id":155070,"geometry":{"type":"Polygon","coordinates":[[[-73.888315419755799,40.868555291361169],[-73.886908419967327,40.867236291078399],[-73.885938419123534,40.865932290262357],[-73.885141418532115,40.866391291739063],[-73.885739419830216,40.867096290333237],[-73.88502741872928,40.867526290030632],[-73.885557419357042,40.868151291231577],[-73.884710418536883,40.868713291572007],[-73.885051419917048,40.869792291003485],[-73.88551841899897,40.870193291519172],[-73.886251419117983,40.869483291546395],[-73.888315419755799,40.868555291361169]]]},"properties":{"OBJECTID":155070,"GEOID20":"360050407022","GEOID10":"360050407022","STATEFP":"36","COUNTYFP":"005","D1C":3.175990295150886,"D1C5_RET":0.18323020933562803,"D2B_E5MIXA":0.4272063453479133,"D3A":20.369480375085384,"D3AAO":0,"D3B":117.30642308612684,"D4A":189.09999999999999,"D4C":75,"D4D":2931.6833493700001,"D5AR":640136,"D5BR":2612363}},{"type":"Feature","id":155072,"geometry":{"type":"Polygon","coordinates":[[[-73.900385427356682,40.906755298288488],[-73.900718426544287,40.905476297786784],[-73.899191426206897,40.905690297499262],[-73.898625425594162,40.9056702973905],[-73.897458425106862,40.905354298535457],[-73.8964124249934,40.904513297979371],[-73.896547424712608,40.907515298599428],[-73.897558425564299,40.907480298352652],[-73.89920142535432,40.907720298121028],[-73.900008426889826,40.908137298226883],[-73.900385427356682,40.906755298288488]]]},"properties":{"OBJECTID":155072,"GEOID20":"360050345001","GEOID10":"360050345001","STATEFP":"36","COUNTYFP":"005","D1C":3.3509768836802003,"D1C5_RET":0,"D2B_E5MIXA":0.5296171193929603,"D3A":35.980004183993543,"D3AAO":0,"D3B":210.2993903691945,"D4A":227.99000000000001,"D4C":60.329999999999998,"D4D":1902.72378839,"D5AR":592543,"D5BR":1948071}},{"type":"Feature","id":155073,"geometry":{"type":"Polygon","coordinates":[[[-73.850061407186644,40.865744292323825],[-73.850085407476072,40.86534329136024],[-73.847186407510307,40.86529129182486],[-73.847199406132475,40.867563291656175],[-73.848096408079627,40.866522292743255],[-73.848487407891881,40.866536291186144],[-73.848595406948604,40.866471291403002],[-73.849075408245952,40.865910291730842],[-73.849177406556564,40.866241291344444],[-73.849198407371276,40.866621292635294],[-73.84904140701245,40.866884292096302],[-73.848915408412381,40.871574293218607],[-73.849928408015558,40.871337292472226],[-73.850061407186644,40.865744292323825]]]},"properties":{"OBJECTID":155073,"GEOID20":"360050350002","GEOID10":"360050350002","STATEFP":"36","COUNTYFP":"005","D1C":1.3135493668025173,"D1C5_RET":0,"D2B_E5MIXA":0.66186024403130128,"D3A":32.970720220177775,"D3AAO":0,"D3B":258.70051652398627,"D4A":295.05000000000001,"D4C":62,"D4D":2004.6784182599999,"D5AR":576720,"D5BR":2708364}},{"type":"Feature","id":155074,"geometry":{"type":"Polygon","coordinates":[[[-73.861366411288174,40.871827292291066],[-73.861380411531883,40.871344292543661],[-73.858489411063701,40.871292291606956],[-73.858433410987217,40.873075293415887],[-73.861322411805574,40.873131293176179],[-73.861366411288174,40.871827292291066]]]},"properties":{"OBJECTID":155074,"GEOID20":"360050370002","GEOID10":"360050370002","STATEFP":"36","COUNTYFP":"005","D1C":1.0893525052111901,"D1C5_RET":0,"D2B_E5MIXA":0.26675339173619422,"D3A":24.669749606430852,"D3AAO":0,"D3B":196.6599698023106,"D4A":214.58000000000001,"D4C":33,"D4D":1769.77883924,"D5AR":535623,"D5BR":2465907}},{"type":"Feature","id":155075,"geometry":{"type":"Polygon","coordinates":[[[-73.892422422013382,40.868632290586611],[-73.89127942181554,40.868024291265094],[-73.890547420623122,40.868814290808437],[-73.89173842139985,40.869519291458403],[-73.892422422013382,40.868632290586611]]]},"properties":{"OBJECTID":155075,"GEOID20":"360050403022","GEOID10":"360050403022","STATEFP":"36","COUNTYFP":"005","D1C":0.89838934960623895,"D1C5_RET":0,"D2B_E5MIXA":0.39548848910372325,"D3A":50.571354213847798,"D3AAO":0,"D3B":0,"D4A":229.33000000000001,"D4C":78.670000000000002,"D4D":15077.6085618,"D5AR":590530,"D5BR":2665355}},{"type":"Feature","id":155076,"geometry":{"type":"Polygon","coordinates":[[[-73.876991417184314,40.874829292695289],[-73.87751541616764,40.874147291954571],[-73.876685416862557,40.873800293090063],[-73.875593416718345,40.875262292680489],[-73.876492417417026,40.87550729244343],[-73.876991417184314,40.874829292695289]]]},"properties":{"OBJECTID":155076,"GEOID20":"360050429012","GEOID10":"360050429012","STATEFP":"36","COUNTYFP":"005","D1C":1.1336773042536792,"D1C5_RET":1.1336773042536792,"D2B_E5MIXA":0,"D3A":15.402719438882142,"D3AAO":0,"D3B":181.38836868058866,"D4A":237.38,"D4C":64,"D4D":11608.8555956,"D5AR":552521,"D5BR":2576513}},{"type":"Feature","id":155077,"geometry":{"type":"Polygon","coordinates":[[[-73.862292412649367,40.892622297561267],[-73.862653413222688,40.891830297025656],[-73.861789412684104,40.891558296293979],[-73.860262412346714,40.894323296928683],[-73.85736941133041,40.893402297732543],[-73.856957412500066,40.894176296731303],[-73.860712413506832,40.8953792973929],[-73.861361413960239,40.894671297091826],[-73.862292412649367,40.892622297561267]]]},"properties":{"OBJECTID":155077,"GEOID20":"360050420001","GEOID10":"360050420001","STATEFP":"36","COUNTYFP":"005","D1C":165.37622471930288,"D1C5_RET":0.38699584567699585,"D2B_E5MIXA":0.22446008419628782,"D3A":36.746921813277091,"D3AAO":0,"D3B":192.69297147948976,"D4A":211.90000000000001,"D4C":66.329999999999998,"D4D":2738.0730073300001,"D5AR":493015,"D5BR":3592435}},{"type":"Feature","id":155078,"geometry":{"type":"Polygon","coordinates":[[[-73.861398413770175,40.892261297290851],[-73.861789412684104,40.891558296293979],[-73.858909411188279,40.890640296179932],[-73.858128411388677,40.892052296948833],[-73.86100441358488,40.892975296455155],[-73.861398413770175,40.892261297290851]]]},"properties":{"OBJECTID":155078,"GEOID20":"360050420003","GEOID10":"360050420003","STATEFP":"36","COUNTYFP":"005","D1C":50.67697952217199,"D1C5_RET":0.36069024570940916,"D2B_E5MIXA":0.071025023606897178,"D3A":33.866803352139755,"D3AAO":0,"D3B":57.710439313505468,"D4A":258.83999999999997,"D4C":66.329999999999998,"D4D":3827.9334396600002,"D5AR":498503,"D5BR":3594903}},{"type":"Feature","id":155079,"geometry":{"type":"Polygon","coordinates":[[[-73.84720440885026,40.894709296686578],[-73.848064409190911,40.894445296835237],[-73.847182408210656,40.892136296597037],[-73.843656407532762,40.892914297890897],[-73.844623408003514,40.895437297753112],[-73.84550640880866,40.895239297086512],[-73.84720440885026,40.894709296686578]]]},"properties":{"OBJECTID":155079,"GEOID20":"360050428002","GEOID10":"360050428002","STATEFP":"36","COUNTYFP":"005","D1C":0.64802214084288179,"D1C5_RET":0,"D2B_E5MIXA":0.77024368723831982,"D3A":27.548673046934425,"D3AAO":0,"D3B":148.11934647837296,"D4A":407.69999999999999,"D4C":12.67,"D4D":375.33442397599998,"D5AR":450869,"D5BR":311799}},{"type":"Feature","id":155080,"geometry":{"type":"Polygon","coordinates":[[[-73.867448415393426,40.898961297169166],[-73.867196415498356,40.897600296993218],[-73.862429413815008,40.898099298288493],[-73.862221413402551,40.898824297505492],[-73.863770414379573,40.898665298367767],[-73.863484414149326,40.899381298012571],[-73.867448415393426,40.898961297169166]]]},"properties":{"OBJECTID":155080,"GEOID20":"360050451011","GEOID10":"360050451011","STATEFP":"36","COUNTYFP":"005","D1C":8.5293897181518368,"D1C5_RET":1.1468087016002468,"D2B_E5MIXA":0.81060419692688424,"D3A":31.072625814430712,"D3AAO":0,"D3B":152.93840844540892,"D4A":315.16000000000003,"D4C":30,"D4D":1376.17044192,"D5AR":558606,"D5BR":2854082}},{"type":"Feature","id":155081,"geometry":{"type":"Polygon","coordinates":[[[-73.867196415498356,40.897600296993218],[-73.866918414765706,40.896091297780657],[-73.864918414600282,40.89575829757468],[-73.862876413703759,40.895162296214551],[-73.861114413189725,40.897597297085632],[-73.861424412811118,40.898547298141374],[-73.861458414044634,40.899535297993125],[-73.861336413845891,40.900198297615503],[-73.861917413628944,40.898838297945055],[-73.862221413402551,40.898824297505492],[-73.862429413815008,40.898099298288493],[-73.867196415498356,40.897600296993218]]]},"properties":{"OBJECTID":155081,"GEOID20":"360050451012","GEOID10":"360050451012","STATEFP":"36","COUNTYFP":"005","D1C":8.1249671129260843,"D1C5_RET":0.067708059274384044,"D2B_E5MIXA":0.79009199173049383,"D3A":33.792930186826595,"D3AAO":8.4406304793208182,"D3B":86.709649029147187,"D4A":226.65000000000001,"D4C":30,"D4D":649.99736903400003,"D5AR":596336,"D5BR":3335871}},{"type":"Feature","id":155225,"geometry":{"type":"Polygon","coordinates":[[[-73.911589430277573,40.914037298657995],[-73.911819429533011,40.912950298519426],[-73.911190430069396,40.91262529943846],[-73.910773430317874,40.91290429815124],[-73.909479429608993,40.912392298946955],[-73.907991429629647,40.912169298744807],[-73.906595428813503,40.911648298753668],[-73.90643142968031,40.911505298303851],[-73.906560427755096,40.911335299237209],[-73.903216426652094,40.910137298916048],[-73.902455426943959,40.912987299190767],[-73.910007429688577,40.915084299305612],[-73.910517430224843,40.915290299726799],[-73.911589430277573,40.914037298657995]]]},"properties":{"OBJECTID":155225,"GEOID20":"360050319001","GEOID10":"360050319001","STATEFP":"36","COUNTYFP":"005","D1C":11.960290241692217,"D1C5_RET":0,"D2B_E5MIXA":0.13331309864069726,"D3A":17.631001420537565,"D3AAO":0,"D3B":68.879121656028616,"D4A":437.20999999999998,"D4C":33.670000000000002,"D4D":409.09508311100001,"D5AR":490585,"D5BR":1744765}},{"type":"Feature","id":155232,"geometry":{"type":"Polygon","coordinates":[[[-73.902860426101611,40.88917329439839],[-73.903012426437584,40.888831295128305],[-73.90236842600703,40.887262294174882],[-73.899841425586914,40.886545294073422],[-73.898388424869381,40.889399295686324],[-73.897941424082319,40.890498294067598],[-73.898448424245515,40.890503294902764],[-73.900915425289469,40.888916295117923],[-73.901293426479555,40.888938294154677],[-73.901838426277592,40.889156295018495],[-73.902441425801953,40.889113294010947],[-73.902860426101611,40.88917329439839]]]},"properties":{"OBJECTID":155232,"GEOID20":"360050285003","GEOID10":"360050285003","STATEFP":"36","COUNTYFP":"005","D1C":15.960997185734495,"D1C5_RET":0.94417166450823775,"D2B_E5MIXA":0.83115355484598974,"D3A":16.839452844992508,"D3AAO":0,"D3B":105.54580313649421,"D4A":300.41000000000003,"D4C":94.329999999999998,"D4D":2714.32268535,"D5AR":619491,"D5BR":2743786}},{"type":"Feature","id":155233,"geometry":{"type":"Polygon","coordinates":[[[-73.916847431332272,40.88761329312824],[-73.916797431103547,40.887080293733028],[-73.916688431323607,40.88690929332455],[-73.913979430430317,40.88638229316642],[-73.913466429521009,40.886807294169152],[-73.913308429337278,40.887108293467911],[-73.912905429829451,40.889757294331652],[-73.915377430896285,40.88991029399466],[-73.915809429818111,40.887365292979155],[-73.916847431332272,40.88761329312824]]]},"properties":{"OBJECTID":155233,"GEOID20":"360050309004","GEOID10":"360050309004","STATEFP":"36","COUNTYFP":"005","D1C":20.512109226004863,"D1C5_RET":0,"D2B_E5MIXA":0.15605972462221565,"D3A":15.227017098820317,"D3AAO":0,"D3B":145.78076569010798,"D4A":402.33999999999997,"D4C":26.329999999999998,"D4D":822.28096842800005,"D5AR":573718,"D5BR":1498940}},{"type":"Feature","id":155234,"geometry":{"type":"Polygon","coordinates":[[[-73.83806240332413,40.860812291316371],[-73.838121403773684,40.859108290483519],[-73.834372402614704,40.85880829033448],[-73.834308403040595,40.860739290764819],[-73.832433401650349,40.860681290567072],[-73.831813402407562,40.8607622910869],[-73.8309574022649,40.861032291877649],[-73.830173401193946,40.859642291680906],[-73.829610400954238,40.859897292352322],[-73.828522401007973,40.860754291861959],[-73.828373400146759,40.860955291288782],[-73.829648401487376,40.861921292070548],[-73.830918401008518,40.862233292317484],[-73.836972402829744,40.865651293153483],[-73.837071402563936,40.862659291483205],[-73.838003403772902,40.862661291571705],[-73.83806240332413,40.860812291316371]]]},"properties":{"OBJECTID":155234,"GEOID20":"360050310002","GEOID10":"360050310002","STATEFP":"36","COUNTYFP":"005","D1C":22.701087381147495,"D1C5_RET":5.199540675256924,"D2B_E5MIXA":0.49455707467285126,"D3A":37.891424005312061,"D3AAO":2.3810024735921003,"D3B":225.91521802382289,"D4A":611.54999999999995,"D4C":73.329999999999998,"D4D":628.91928695499996,"D5AR":627506,"D5BR":313914}},{"type":"Feature","id":155235,"geometry":{"type":"Polygon","coordinates":[[[-73.869488413945191,40.859778290168251],[-73.869517413359191,40.858877289891161],[-73.868577413550938,40.85883628979893],[-73.867836413036002,40.858528289603669],[-73.867596413734816,40.858997290396502],[-73.867521413391728,40.859576289796571],[-73.867487413954876,40.861354290158864],[-73.869437413891561,40.861390290413773],[-73.869488413945191,40.859778290168251]]]},"properties":{"OBJECTID":155235,"GEOID20":"360050332013","GEOID10":"360050332013","STATEFP":"36","COUNTYFP":"005","D1C":104.42792918401986,"D1C5_RET":0.17049457825962425,"D2B_E5MIXA":0.024001966009001067,"D3A":14.012923161349928,"D3AAO":0,"D3B":36.390362783734197,"D4A":217.25999999999999,"D4C":73,"D4D":3982.7533481400001,"D5AR":644551,"D5BR":2493762}},{"type":"Feature","id":155236,"geometry":{"type":"Polygon","coordinates":[[[-73.864595411865153,40.861302290209075],[-73.864632412573386,40.859617290789551],[-73.861757410202102,40.859653289950344],[-73.861708411594947,40.861250290218408],[-73.864595411865153,40.861302290209075]]]},"properties":{"OBJECTID":155236,"GEOID20":"360050328003","GEOID10":"360050328003","STATEFP":"36","COUNTYFP":"005","D1C":0.9164484152402842,"D1C5_RET":0.18328968304805685,"D2B_E5MIXA":0.75840593484403585,"D3A":25.381564999008265,"D3AAO":0,"D3B":78.242699899554509,"D4A":354.06,"D4C":70.670000000000002,"D4D":4144.9862083199996,"D5AR":606422,"D5BR":2568749}},{"type":"Feature","id":155237,"geometry":{"type":"Polygon","coordinates":[[[-73.864534412664099,40.863170291070084],[-73.864595411865153,40.861302290209075],[-73.861708411594947,40.861250290218408],[-73.861646410772337,40.863114291037839],[-73.864534412664099,40.863170291070084]]]},"properties":{"OBJECTID":155237,"GEOID20":"360050328004","GEOID10":"360050328004","STATEFP":"36","COUNTYFP":"005","D1C":4.8094890449338301,"D1C5_RET":0,"D2B_E5MIXA":0.21306835510146252,"D3A":28.196707905299245,"D3AAO":0,"D3B":153.90364943788256,"D4A":303.08999999999997,"D4C":58.670000000000002,"D4D":3009.8423708400001,"D5AR":616174,"D5BR":2465121}},{"type":"Feature","id":155238,"geometry":{"type":"Polygon","coordinates":[[[-73.870772414608339,40.859832290129631],[-73.87088541368793,40.858903290483404],[-73.869517413359191,40.858877289891161],[-73.869437413891561,40.861390290413773],[-73.870580414089389,40.861413289830338],[-73.870772414608339,40.859832290129631]]]},"properties":{"OBJECTID":155238,"GEOID20":"360050332012","GEOID10":"360050332012","STATEFP":"36","COUNTYFP":"005","D1C":4.7900933205980722,"D1C5_RET":0,"D2B_E5MIXA":0.5213203161420471,"D3A":29.504637933352537,"D3AAO":0,"D3B":0,"D4A":320.52999999999997,"D4C":73,"D4D":6394.0902839500004,"D5AR":644648,"D5BR":2487493}},{"type":"Feature","id":155239,"geometry":{"type":"Polygon","coordinates":[[[-73.870463413913527,40.863280290243424],[-73.870580414089389,40.861413289830338],[-73.869437413891561,40.861390290413773],[-73.869375414865601,40.863254290010659],[-73.870463413913527,40.863280290243424]]]},"properties":{"OBJECTID":155239,"GEOID20":"360050332023","GEOID10":"360050332023","STATEFP":"36","COUNTYFP":"005","D1C":9.7347181150124502,"D1C5_RET":0,"D2B_E5MIXA":0.24398236439806156,"D3A":31.888567265340789,"D3AAO":0,"D3B":0,"D4A":431.83999999999997,"D4C":52,"D4D":6905.3688911099998,"D5AR":603057,"D5BR":2459034}},{"type":"Feature","id":155240,"geometry":{"type":"Polygon","coordinates":[[[-73.8705384142566,40.869682291777522],[-73.870493413152445,40.867959291583844],[-73.86924841374568,40.867936291043861],[-73.869339414880585,40.868263291561512],[-73.86924841374568,40.869178292468668],[-73.868801413856914,40.869278292410144],[-73.868673413810413,40.869209291461289],[-73.868246414911454,40.869191291763094],[-73.868230414119608,40.869692291158927],[-73.8705384142566,40.869682291777522]]]},"properties":{"OBJECTID":155240,"GEOID20":"360050336004","GEOID10":"360050336004","STATEFP":"36","COUNTYFP":"005","D1C":1.9299765893839709,"D1C5_RET":0,"D2B_E5MIXA":0,"D3A":12.87118854436164,"D3AAO":0,"D3B":140.39493640245539,"D4A":427.81999999999999,"D4C":42.670000000000002,"D4D":4490.7435804300003,"D5AR":605175,"D5BR":2741053}},{"type":"Feature","id":155241,"geometry":{"type":"Polygon","coordinates":[[[-73.881840418883428,40.877003291956832],[-73.881656418760414,40.876715292742233],[-73.881508419520699,40.876175292960312],[-73.881086418848,40.876273292845397],[-73.880284418233714,40.876707293406497],[-73.879731418039739,40.876873292499482],[-73.879722417818925,40.877518292888659],[-73.879580417528686,40.877835293441798],[-73.881443419223373,40.878195292456219],[-73.881840418883428,40.877003291956832]]]},"properties":{"OBJECTID":155241,"GEOID20":"360050419007","GEOID10":"360050419007","STATEFP":"36","COUNTYFP":"005","D1C":21.250679948982068,"D1C5_RET":0.14555260239028814,"D2B_E5MIXA":0.087596683089275221,"D3A":43.574315740493169,"D3AAO":0,"D3B":186.30733105956881,"D4A":0,"D4C":117.67,"D4D":10961.391822899999,"D5AR":555673,"D5BR":2818425}},{"type":"Feature","id":155242,"geometry":{"type":"Polygon","coordinates":[[[-73.86924841374568,40.867936291043861],[-73.869160413882128,40.866616290674919],[-73.867318413002153,40.866585291147707],[-73.867276413169364,40.867898291020232],[-73.86924841374568,40.867936291043861]]]},"properties":{"OBJECTID":155242,"GEOID20":"360050336006","GEOID10":"360050336006","STATEFP":"36","COUNTYFP":"005","D1C":1.2031689062653217,"D1C5_RET":1.2031689062653217,"D2B_E5MIXA":0,"D3A":25.540305769729127,"D3AAO":0,"D3B":0,"D4A":156.91,"D4C":53,"D4D":5830.2127572199997,"D5AR":603745,"D5BR":3146241}},{"type":"Feature","id":155243,"geometry":{"type":"Polygon","coordinates":[[[-73.902589427736601,40.912477299212675],[-73.903216426652094,40.910137298916048],[-73.902287427612791,40.909960298308917],[-73.901675426969291,40.912231299214412],[-73.900785426491439,40.912088298667776],[-73.899994427544414,40.912025299444437],[-73.899790426431608,40.912080298855919],[-73.902455426943959,40.912987299190767],[-73.902589427736601,40.912477299212675]]]},"properties":{"OBJECTID":155243,"GEOID20":"360050337001","GEOID10":"360050337001","STATEFP":"36","COUNTYFP":"005","D1C":5.001915536206333,"D1C5_RET":0,"D2B_E5MIXA":0.64462043422709792,"D3A":41.30851746047221,"D3AAO":0,"D3B":393.16109149431497,"D4A":144.84,"D4C":73.329999999999998,"D4D":6177.52364244,"D5AR":523485,"D5BR":1952299}},{"type":"Feature","id":155244,"geometry":{"type":"Polygon","coordinates":[[[-73.903216426652094,40.910137298916048],[-73.903674427309795,40.908445297788788],[-73.901241426601018,40.908056298641682],[-73.900784426666547,40.908071297843129],[-73.900236426495454,40.908204299258834],[-73.900008426889826,40.908137298226883],[-73.899227426191914,40.911052298687316],[-73.900088426357442,40.911247298214846],[-73.899994427544414,40.912025299444437],[-73.901298426502436,40.91213429892484],[-73.901675426969291,40.912231299214412],[-73.902287427612791,40.909960298308917],[-73.903216426652094,40.910137298916048]]]},"properties":{"OBJECTID":155244,"GEOID20":"360050337002","GEOID10":"360050337002","STATEFP":"36","COUNTYFP":"005","D1C":14.178837401476242,"D1C5_RET":0,"D2B_E5MIXA":0.1180210630671128,"D3A":21.685411128890191,"D3AAO":0,"D3B":134.62026647818362,"D4A":187.75999999999999,"D4C":73.670000000000002,"D4D":1750.0397091,"D5AR":564729,"D5BR":1952248}},{"type":"Feature","id":155245,"geometry":{"type":"Polygon","coordinates":[[[-73.887048420607726,40.884366294494079],[-73.88701242062271,40.882480293743569],[-73.885937420196939,40.880489293520668],[-73.88565741981445,40.878898292784783],[-73.883831418827995,40.880474292818882],[-73.884693419716754,40.881976294057857],[-73.883191419493713,40.883293294631827],[-73.883865419163186,40.88315929432656],[-73.884380419722319,40.883256293647136],[-73.886570419858529,40.8842502940077],[-73.887048420607726,40.884366294494079]]]},"properties":{"OBJECTID":155245,"GEOID20":"360050421005","GEOID10":"360050421005","STATEFP":"36","COUNTYFP":"005","D1C":0.85556299895364651,"D1C5_RET":0,"D2B_E5MIXA":0.55792504819197053,"D3A":42.315594744914456,"D3AAO":0.089803772611244642,"D3B":328.59774789111691,"D4A":280.29000000000002,"D4C":79.670000000000002,"D4D":2181.0699470499999,"D5AR":546586,"D5BR":2582122}},{"type":"Feature","id":155246,"geometry":{"type":"Polygon","coordinates":[[[-73.877497417522605,40.871843292140802],[-73.876293416327101,40.870534291395536],[-73.874368415606426,40.872709293015767],[-73.875886417519638,40.873419292359436],[-73.877497417522605,40.871843292140802]]]},"properties":{"OBJECTID":155246,"GEOID20":"360050425005","GEOID10":"360050425005","STATEFP":"36","COUNTYFP":"005","D1C":23.149607540270466,"D1C5_RET":1.9701793651294013,"D2B_E5MIXA":0.73519375823359256,"D3A":25.937114527185972,"D3AAO":0,"D3B":126.09145204177622,"D4A":84.489999999999995,"D4C":62.329999999999998,"D4D":3929.6401028800001,"D5AR":577675,"D5BR":2727761}},{"type":"Feature","id":155247,"geometry":{"type":"Polygon","coordinates":[[[-73.880471417831473,40.872124292862935],[-73.880235418728219,40.871297291855534],[-73.878065416886855,40.872459291568319],[-73.876685416862557,40.873800293090063],[-73.87751541616764,40.874147291954571],[-73.87863441697435,40.87306729160256],[-73.880471417831473,40.872124292862935]]]},"properties":{"OBJECTID":155247,"GEOID20":"360050425007","GEOID10":"360050425007","STATEFP":"36","COUNTYFP":"005","D1C":19.88477687546969,"D1C5_RET":7.8492540297906661,"D2B_E5MIXA":0.83195283120542751,"D3A":28.917456176854106,"D3AAO":0,"D3B":167.4507526355342,"D4A":140.81999999999999,"D4C":64,"D4D":5358.4240843400003,"D5AR":591693,"D5BR":1796355}},{"type":"Feature","id":155248,"geometry":{"type":"Polygon","coordinates":[[[-73.83823240500007,40.891134296897981],[-73.839101406459832,40.890943297650175],[-73.838228404802109,40.88865229659875],[-73.837323405153981,40.888750297026029],[-73.835550403870968,40.889141296281089],[-73.836460405338613,40.891524297397176],[-73.83823240500007,40.891134296897981]]]},"properties":{"OBJECTID":155248,"GEOID20":"360050426003","GEOID10":"360050426003","STATEFP":"36","COUNTYFP":"005","D1C":2.0401410502518615,"D1C5_RET":0,"D2B_E5MIXA":0.23039245889808169,"D3A":20.131406116166808,"D3AAO":0,"D3B":122.40702363323464,"D4A":455.98000000000002,"D4C":12.33,"D4D":502.92522539100003,"D5AR":440828,"D5BR":691640}},{"type":"Feature","id":155249,"geometry":{"type":"Polygon","coordinates":[[[-73.839280405661668,40.893877297493063],[-73.840148405499889,40.893685297760349],[-73.839101406459832,40.890943297650175],[-73.836460405338613,40.891524297397176],[-73.837338406120892,40.893822298560295],[-73.838408405625486,40.89406929802675],[-73.839280405661668,40.893877297493063]]]},"properties":{"OBJECTID":155249,"GEOID20":"360050426004","GEOID10":"360050426004","STATEFP":"36","COUNTYFP":"005","D1C":6.1175731281521966,"D1C5_RET":0,"D2B_E5MIXA":0.057297057950949484,"D3A":19.602249875309994,"D3AAO":0,"D3B":72.504570407729744,"D4A":692.01999999999998,"D4C":6.3300000000000001,"D4D":229.47696533999999,"D5AR":424601,"D5BR":177955}},{"type":"Feature","id":155250,"geometry":{"type":"Polygon","coordinates":[[[-73.841922405709511,40.893293297254928],[-73.842789406621137,40.893102298128085],[-73.84174240758108,40.890362296196813],[-73.839101406459832,40.890943297650175],[-73.840148405499889,40.893685297760349],[-73.841922405709511,40.893293297254928]]]},"properties":{"OBJECTID":155250,"GEOID20":"360050426006","GEOID10":"360050426006","STATEFP":"36","COUNTYFP":"005","D1C":0,"D1C5_RET":0,"D2B_E5MIXA":0,"D3A":23.608943014461346,"D3AAO":0,"D3B":105.7967097267357,"D4A":321.87,"D4C":12.67,"D4D":446.81477074600002,"D5AR":438770,"D5BR":186435}},{"type":"Feature","id":155251,"geometry":{"type":"Polygon","coordinates":[[[-73.875896415768736,40.876310292979099],[-73.876492417417026,40.87550729244343],[-73.875593416718345,40.875262292680489],[-73.874449416695612,40.876795292838416],[-73.875269416853257,40.877148292617825],[-73.875896415768736,40.876310292979099]]]},"properties":{"OBJECTID":155251,"GEOID20":"360050429023","GEOID10":"360050429023","STATEFP":"36","COUNTYFP":"005","D1C":0.50272603190802123,"D1C5_RET":0,"D2B_E5MIXA":0.43067655807339306,"D3A":17.84955161133772,"D3AAO":0,"D3B":160.87233021056679,"D4A":433.18000000000001,"D4C":69,"D4D":11100.190784500001,"D5AR":559654,"D5BR":1542944}},{"type":"Feature","id":155252,"geometry":{"type":"Polygon","coordinates":[[[-73.852156410481527,40.895145297015269],[-73.851492409959505,40.8934122969263],[-73.848064409190911,40.894445296835237],[-73.848630409803661,40.895922297335026],[-73.852156410481527,40.895145297015269]]]},"properties":{"OBJECTID":155252,"GEOID20":"360050430002","GEOID10":"360050430002","STATEFP":"36","COUNTYFP":"005","D1C":0,"D1C5_RET":0,"D2B_E5MIXA":0,"D3A":30.371090810148829,"D3AAO":0,"D3B":135.84862054251755,"D4A":569.98000000000002,"D4C":39,"D4D":1766.03206705,"D5AR":496843,"D5BR":3480800}},{"type":"Feature","id":155253,"geometry":{"type":"Polygon","coordinates":[[[-73.854068411681723,40.893257297369246],[-73.854493410930843,40.892487296859287],[-73.851830410068317,40.891638296785068],[-73.852345410627436,40.892981297368451],[-73.852023411310469,40.893227296317782],[-73.851492409959505,40.8934122969263],[-73.852156410481527,40.895145297015269],[-73.853137410297677,40.894930297578291],[-73.854068411681723,40.893257297369246]]]},"properties":{"OBJECTID":155253,"GEOID20":"360050430003","GEOID10":"360050430003","STATEFP":"36","COUNTYFP":"005","D1C":3.8332591497471937,"D1C5_RET":0,"D2B_E5MIXA":0.41026645554169583,"D3A":42.448011637674817,"D3AAO":0,"D3B":272.6514555076655,"D4A":242.74000000000001,"D4C":64.329999999999998,"D4D":3094.50743345,"D5AR":524918,"D5BR":3481395}},{"type":"Feature","id":155254,"geometry":{"type":"Polygon","coordinates":[[[-73.88045741848606,40.882228293022102],[-73.879354418471195,40.881515293790301],[-73.878574417598216,40.883806294717246],[-73.879090417982255,40.884025293872234],[-73.88045741848606,40.882228293022102]]]},"properties":{"OBJECTID":155254,"GEOID20":"360050431006","GEOID10":"360050431006","STATEFP":"36","COUNTYFP":"005","D1C":12.841710131340799,"D1C5_RET":1.2039103248131997,"D2B_E5MIXA":0.62773690572049279,"D3A":36.531329327900238,"D3AAO":0,"D3B":85.654206576043123,"D4A":160.93000000000001,"D4C":85.329999999999998,"D4D":10957.8312551,"D5AR":532475,"D5BR":2800969}},{"type":"Feature","id":155255,"geometry":{"type":"Polygon","coordinates":[[[-73.877171417109366,40.882002293731276],[-73.877615416625076,40.880668293075281],[-73.875957416766425,40.879873293418164],[-73.875338416450219,40.88168029465281],[-73.877171417109366,40.882002293731276]]]},"properties":{"OBJECTID":155255,"GEOID20":"360050431008","GEOID10":"360050431008","STATEFP":"36","COUNTYFP":"005","D1C":37.432173399946095,"D1C5_RET":0.42698296653930906,"D2B_E5MIXA":0.36770708314874828,"D3A":40.030202890083316,"D3AAO":0,"D3B":60.756829585433415,"D4A":131.43000000000001,"D4C":66.670000000000002,"D4D":6072.9502675599997,"D5AR":572894,"D5BR":2335317}},{"type":"Feature","id":155256,"geometry":{"type":"Polygon","coordinates":[[[-73.854936411519944,40.897732297545559],[-73.855250412237623,40.897260297546929],[-73.853511410391505,40.896704297043513],[-73.852436409965705,40.896258297362948],[-73.85196640961243,40.897103297772013],[-73.851224411069225,40.898123297363213],[-73.852617410614002,40.897820298220111],[-73.854300410587001,40.898458298251462],[-73.854936411519944,40.897732297545559]]]},"properties":{"OBJECTID":155256,"GEOID20":"360050434002","GEOID10":"360050434002","STATEFP":"36","COUNTYFP":"005","D1C":5.7301170397152337,"D1C5_RET":2.7662633984832161,"D2B_E5MIXA":0.71888900385204901,"D3A":32.277607374306307,"D3AAO":0,"D3B":274.03395586345738,"D4A":0,"D4C":57,"D4D":3604.0460277400002,"D5AR":519254,"D5BR":3739440}},{"type":"Feature","id":155376,"geometry":{"type":"Polygon","coordinates":[[[-73.856957412500066,40.894176296731303],[-73.85736941133041,40.893402297732543],[-73.854493410930843,40.892487296859287],[-73.852789411041442,40.895571296962665],[-73.853961410653284,40.895944297437573],[-73.854436411029454,40.895081296355777],[-73.856161411733567,40.895605297853997],[-73.856957412500066,40.894176296731303]]]},"properties":{"OBJECTID":155376,"GEOID20":"360050434004","GEOID10":"360050434004","STATEFP":"36","COUNTYFP":"005","D1C":9.4234946051683721,"D1C5_RET":0.14879202008160589,"D2B_E5MIXA":0.68368160581138282,"D3A":35.732991820749923,"D3AAO":0,"D3B":201.0557131086702,"D4A":197.13999999999999,"D4C":64.670000000000002,"D4D":2052.7743869199999,"D5AR":523200,"D5BR":3481115}},{"type":"Feature","id":155379,"geometry":{"type":"Polygon","coordinates":[[[-73.854300410587001,40.898458298251462],[-73.852617410614002,40.897820298220111],[-73.851224411069225,40.898123297363213],[-73.850048410361097,40.899631298266939],[-73.849087409738132,40.899648298350442],[-73.848220409724831,40.899836298463057],[-73.847425409681534,40.900282298463594],[-73.846937408886589,40.901528299195292],[-73.84713040833212,40.901844299357222],[-73.847474409187015,40.902104299045853],[-73.850376410424161,40.903436299177322],[-73.851552410233964,40.90205329863911],[-73.853005410951511,40.899999298139029],[-73.854300410587001,40.898458298251462]]]},"properties":{"OBJECTID":155379,"GEOID20":"360050434001","GEOID10":"360050434001","STATEFP":"36","COUNTYFP":"005","D1C":7.4367471820859192,"D1C5_RET":0.25792186758679492,"D2B_E5MIXA":0.76247783611763664,"D3A":19.625943425443978,"D3AAO":0,"D3B":110.06041933663712,"D4A":123.38,"D4C":64,"D4D":880.37330802999998,"D5AR":525517,"D5BR":3739185}},{"type":"Feature","id":155380,"geometry":{"type":"Polygon","coordinates":[[[-73.848220409724831,40.899836298463057],[-73.846876408787224,40.896308298627808],[-73.845106407877253,40.896698297825949],[-73.846937408886589,40.901528299195292],[-73.847425409681534,40.900282298463594],[-73.848220409724831,40.899836298463057]]]},"properties":{"OBJECTID":155380,"GEOID20":"360050444001","GEOID10":"360050444001","STATEFP":"36","COUNTYFP":"005","D1C":0.11381089069728959,"D1C5_RET":0,"D2B_E5MIXA":0.43067655807339306,"D3A":24.312996108757236,"D3AAO":0,"D3B":109.258455069398,"D4A":174.34999999999999,"D4C":48.670000000000002,"D4D":1772.53633608,"D5AR":500738,"D5BR":3645079}},{"type":"Feature","id":155381,"geometry":{"type":"Polygon","coordinates":[[[-73.846803408992287,40.901560299469473],[-73.846937408886589,40.901528299195292],[-73.846082407670522,40.899257298040986],[-73.843458408064365,40.899832299174101],[-73.844570408300058,40.902045298971139],[-73.846803408992287,40.901560299469473]]]},"properties":{"OBJECTID":155381,"GEOID20":"360050444002","GEOID10":"360050444002","STATEFP":"36","COUNTYFP":"005","D1C":2.0310009889924299,"D1C5_RET":0,"D2B_E5MIXA":0.31676630433705127,"D3A":31.260069065528473,"D3AAO":0,"D3B":179.33318525701986,"D4A":245.41999999999999,"D4C":51.329999999999998,"D4D":2300.7179203300002,"D5AR":498360,"D5BR":3668138}},{"type":"Feature","id":155382,"geometry":{"type":"Polygon","coordinates":[[[-73.843664407030374,40.902241298705675],[-73.844570408300058,40.902045298971139],[-73.843458408064365,40.899832299174101],[-73.842481407547865,40.897275297838945],[-73.839650406455846,40.897899298417293],[-73.839209406414881,40.898827298036437],[-73.839186406848654,40.899368298535727],[-73.839364407123895,40.899721298779056],[-73.840651406363463,40.901422298940346],[-73.84087440684452,40.901987298972969],[-73.841000407241225,40.902820299486258],[-73.843664407030374,40.902241298705675]]]},"properties":{"OBJECTID":155382,"GEOID20":"360050444004","GEOID10":"360050444004","STATEFP":"36","COUNTYFP":"005","D1C":3.105940802073289,"D1C5_RET":0,"D2B_E5MIXA":0.096719915387538033,"D3A":27.272139318677954,"D3AAO":0,"D3B":195.25147734856756,"D4A":178.37,"D4C":19.329999999999998,"D4D":297.86213062500002,"D5AR":451863,"D5BR":3484746}},{"type":"Feature","id":155383,"geometry":{"type":"Polygon","coordinates":[[[-73.865636414650695,40.90209429844996],[-73.865093415400793,40.899214297487354],[-73.863484414149326,40.899381298012571],[-73.863770414379573,40.898665298367767],[-73.861917413628944,40.898838297945055],[-73.861336413845891,40.900198297615503],[-73.861458414044634,40.899535297993125],[-73.861424412811118,40.898547298141374],[-73.861114413189725,40.897597297085632],[-73.859259412789271,40.900346298165189],[-73.861591413215706,40.901059298874792],[-73.862644414798496,40.90148229767069],[-73.864670414903159,40.901801298448447],[-73.865636414650695,40.90209429844996]]]},"properties":{"OBJECTID":155383,"GEOID20":"360050451022","GEOID10":"360050451022","STATEFP":"36","COUNTYFP":"005","D1C":2.8502035823682634,"D1C5_RET":0.031320918487563333,"D2B_E5MIXA":0.8121855130467579,"D3A":27.185786782308725,"D3AAO":8.5443132056217195,"D3B":26.740547367942071,"D4A":305.77999999999997,"D4C":30,"D4D":601.36163496100005,"D5AR":564294,"D5BR":3336393}},{"type":"Feature","id":155384,"geometry":{"type":"Polygon","coordinates":[[[-73.837338406120892,40.893822298560295],[-73.835550403870968,40.889141296281089],[-73.834453403703876,40.889371296920835],[-73.833596403736308,40.892714297962314],[-73.837338406120892,40.893822298560295]]]},"properties":{"OBJECTID":155384,"GEOID20":"360050456001","GEOID10":"360050456001","STATEFP":"36","COUNTYFP":"005","D1C":0.18186062808877773,"D1C5_RET":0.13639547106658331,"D2B_E5MIXA":0.34939847028229709,"D3A":31.842200611953878,"D3AAO":0,"D3B":174.61530066572084,"D4A":426.48000000000002,"D4C":34.670000000000002,"D4D":1008.81727613,"D5AR":503966,"D5BR":627612}},{"type":"Feature","id":155385,"geometry":{"type":"Polygon","coordinates":[[[-73.838412404026812,40.876876294705184],[-73.839249405699533,40.876627294562411],[-73.837462404172811,40.873231293940272],[-73.838293404201124,40.872959294198495],[-73.837403404621583,40.871117292857313],[-73.834905402717183,40.871920292977059],[-73.835819403484479,40.873806293025197],[-73.835357404425437,40.874109294136893],[-73.835254402696648,40.874501294172148],[-73.835406403930918,40.875131293344538],[-73.835824404405656,40.875997294683245],[-73.838149404261088,40.876962294255954],[-73.838412404026812,40.876876294705184]]]},"properties":{"OBJECTID":155385,"GEOID20":"360050462025","GEOID10":"360050462025","STATEFP":"36","COUNTYFP":"005","D1C":15.777451540246901,"D1C5_RET":0,"D2B_E5MIXA":0.26390746731708298,"D3A":28.803174572365215,"D3AAO":0.010977079318148677,"D3B":150.25856404578681,"D4A":751.02999999999997,"D4C":65,"D4D":1273.8759179599999,"D5AR":551715,"D5BR":2233687}},{"type":"Feature","id":155386,"geometry":{"type":"Polygon","coordinates":[[[-73.78937938688756,40.844322289468728],[-73.788757387096638,40.843015289122626],[-73.787487386677185,40.841240289017975],[-73.786840386771885,40.83995228893987],[-73.78597638533499,40.839618288631016],[-73.785434385011698,40.839155288974126],[-73.785254385984956,40.838530288745368],[-73.785681385782212,40.83809228915301],[-73.784029384873037,40.836596288071839],[-73.782885384850289,40.837569289504508],[-73.785704385348424,40.845146290008351],[-73.78937938688756,40.844322289468728]]]},"properties":{"OBJECTID":155386,"GEOID20":"360050516004","GEOID10":"360050516004","STATEFP":"36","COUNTYFP":"005","D1C":5.2137573427165949,"D1C5_RET":0.018554296593297492,"D2B_E5MIXA":0.35598390237908578,"D3A":22.613055040681783,"D3AAO":0,"D3B":46.8692010336338,"D4A":414.41000000000003,"D4C":4.6699999999999999,"D4D":54.692445983799999,"D5AR":324354,"D5BR":97689}},{"type":"Feature","id":155395,"geometry":{"type":"Polygon","coordinates":[[[-73.91744742689032,40.831138282954981],[-73.918111427412356,40.830013282405467],[-73.91641142682262,40.829298282687823],[-73.915009427057001,40.831731282831683],[-73.916753427129379,40.832330283136294],[-73.91744742689032,40.831138282954981]]]},"properties":{"OBJECTID":155395,"GEOID20":"360050181011","GEOID10":"360050181011","STATEFP":"36","COUNTYFP":"005","D1C":5.8072280591461158,"D1C5_RET":3.1203016437203011,"D2B_E5MIXA":0.58250670128751847,"D3A":42.936771028337596,"D3AAO":0,"D3B":166.41608766508273,"D4A":95.219999999999999,"D4C":62.670000000000002,"D4D":3476.43207132,"D5AR":928929,"D5BR":2192381}},{"type":"Feature","id":155398,"geometry":{"type":"Polygon","coordinates":[[[-73.919781426966566,40.803600276456372],[-73.92028442603349,40.802923276826967],[-73.916950424976221,40.801528277068428],[-73.916288425002335,40.80239027722601],[-73.915813424626165,40.802813277428235],[-73.915280424523687,40.803118277352972],[-73.91484942452847,40.803259277533307],[-73.918820426343601,40.804913277985342],[-73.919781426966566,40.803600276456372]]]},"properties":{"OBJECTID":155398,"GEOID20":"360050019002","GEOID10":"360050019002","STATEFP":"36","COUNTYFP":"005","D1C":8.9135570632363219,"D1C5_RET":2.6551021039427338,"D2B_E5MIXA":0.41267751440344963,"D3A":78.164535535439569,"D3AAO":39.850442517758651,"D3B":121.40644020428434,"D4A":315.16000000000003,"D4C":45.670000000000002,"D4D":1385.8115781399999,"D5AR":1107515,"D5BR":1489383}},{"type":"Feature","id":155399,"geometry":{"type":"Polygon","coordinates":[[[-73.879770415702851,40.819189281438419],[-73.880547415304505,40.818476282011801],[-73.877514413647773,40.816594281448502],[-73.871099410354915,40.814645280710508],[-73.867462410247242,40.810657280394508],[-73.862490409422819,40.810302280895115],[-73.862311408424347,40.809928280536347],[-73.861166408576693,40.811135280608021],[-73.863325408750768,40.812273281425107],[-73.867081409582426,40.814449281329573],[-73.869546411874879,40.816103280941874],[-73.869970410400782,40.818276281575258],[-73.871516411903059,40.824723282411739],[-73.873555412426526,40.824418282545899],[-73.873433413126108,40.82435128302042],[-73.872469412130101,40.820159282012263],[-73.879770415702851,40.819189281438419]]]},"properties":{"OBJECTID":155399,"GEOID20":"360050024001","GEOID10":"360050024001","STATEFP":"36","COUNTYFP":"005","D1C":5.9555602950590369,"D1C5_RET":3.4610847788039427,"D2B_E5MIXA":0.59462501666176315,"D3A":20.964122561912607,"D3AAO":3.0388166351314623,"D3B":144.39483521737731,"D4A":553.88,"D4C":31.329999999999998,"D4D":120.05440760499999,"D5AR":688168,"D5BR":335825}},{"type":"Feature","id":155401,"geometry":{"type":"Polygon","coordinates":[[[-73.903075421695178,40.809888279558706],[-73.90229542172051,40.805943278183733],[-73.901893421139292,40.805015278150378],[-73.901933421322269,40.806013278600709],[-73.899449420559861,40.80621127749594],[-73.898970419985758,40.805360278486745],[-73.898066420162522,40.805606279280916],[-73.898338420149088,40.80630027831446],[-73.897380419000839,40.806511278425887],[-73.897079419600288,40.806182278700888],[-73.896092419038055,40.80615527828725],[-73.89639441826354,40.806621278495022],[-73.895708418000183,40.80681227888666],[-73.895473418721849,40.806529278832905],[-73.894996418695897,40.806922279136835],[-73.894721418336289,40.806209279103498],[-73.894351419338733,40.806389278333711],[-73.894612418556335,40.807141278888096],[-73.89439241934663,40.807224279294225],[-73.893680417347383,40.805524278437538],[-73.893570417742509,40.805606278600941],[-73.893735418497272,40.806429278020772],[-73.8920904181591,40.806296278815061],[-73.891870417152745,40.805963278504677],[-73.890637416543228,40.805935279141615],[-73.890198416152089,40.805688278663027],[-73.889719417374621,40.806089278892117],[-73.889243416275221,40.805945278624051],[-73.889147416914071,40.80612627946774],[-73.892032417534452,40.817116280613064],[-73.893324418593537,40.817886281335078],[-73.896851419994661,40.814468279675005],[-73.898449420477164,40.813185279489346],[-73.903075421695178,40.809888279558706]]]},"properties":{"OBJECTID":155401,"GEOID20":"360050093001","GEOID10":"360050093001","STATEFP":"36","COUNTYFP":"005","D1C":21.392371802409222,"D1C5_RET":0.39655853208784664,"D2B_E5MIXA":0.30218467976739766,"D3A":22.985947858447584,"D3AAO":6.3515655307510839,"D3B":78.641646103151231,"D4A":142.16,"D4C":72.670000000000002,"D4D":197.03114712300001,"D5AR":901287,"D5BR":1447972}},{"type":"Feature","id":155402,"geometry":{"type":"Polygon","coordinates":[[[-73.896901421121697,40.831042283257858],[-73.897173420209938,40.830376283316419],[-73.894693420543803,40.830627283038829],[-73.893361420200094,40.830160283019389],[-73.892686418909079,40.832352283982864],[-73.896693420709227,40.831974282881411],[-73.896901421121697,40.831042283257858]]]},"properties":{"OBJECTID":155402,"GEOID20":"360050153003","GEOID10":"360050153003","STATEFP":"36","COUNTYFP":"005","D1C":13.876884256691831,"D1C5_RET":0.13091400242162105,"D2B_E5MIXA":0.066282899831958605,"D3A":18.330918622925086,"D3AAO":0,"D3B":153.6616194824019,"D4A":233.34999999999999,"D4C":77.670000000000002,"D4D":3253.78898179,"D5AR":845953,"D5BR":1368615}},{"type":"Feature","id":155403,"geometry":{"type":"Polygon","coordinates":[[[-73.820420396645829,40.843336289014402],[-73.820462396478632,40.842557288429425],[-73.820250396766525,40.84159028831197],[-73.81918139618854,40.837812287866171],[-73.818508396343958,40.836665287652721],[-73.818047396211512,40.835551287323376],[-73.816409395546046,40.835940286548521],[-73.8163433954238,40.838039287519578],[-73.815502395349753,40.838972288410304],[-73.814738395268591,40.839098287270623],[-73.815676395427033,40.842429287969601],[-73.816280395674596,40.842810288935034],[-73.819158395723989,40.842910289271522],[-73.820420396645829,40.843336289014402]]]},"properties":{"OBJECTID":155403,"GEOID20":"360050274021","GEOID10":"360050274021","STATEFP":"36","COUNTYFP":"005","D1C":8.3734279322941969,"D1C5_RET":0,"D2B_E5MIXA":0.1502717633398456,"D3A":17.76748115323694,"D3AAO":0,"D3B":88.011664984755868,"D4A":0,"D4C":23.329999999999998,"D4D":236.85686285599999,"D5AR":596897,"D5BR":811802}},{"type":"Feature","id":155404,"geometry":{"type":"Polygon","coordinates":[[[-73.874068416030781,40.88004729369289],[-73.874388416596233,40.879063293379048],[-73.873484415874671,40.87886329301746],[-73.871597415687177,40.8786542931486],[-73.870945414860699,40.878519293834721],[-73.870242414878916,40.880238294506142],[-73.871919415004129,40.880245294315692],[-73.874068416030781,40.88004729369289]]]},"properties":{"OBJECTID":155404,"GEOID20":"360050431005","GEOID10":"360050431005","STATEFP":"36","COUNTYFP":"005","D1C":16.405078484698347,"D1C5_RET":5.0286923998321571,"D2B_E5MIXA":0.48771203233541321,"D3A":25.969688520067745,"D3AAO":0,"D3B":105.5201367415667,"D4A":181.05000000000001,"D4C":55.329999999999998,"D4D":2919.2145829599999,"D5AR":602387,"D5BR":3355010}},{"type":"Feature","id":155406,"geometry":{"type":"Polygon","coordinates":[[[-73.89265741769843,40.793832275659987],[-73.892767416404979,40.792844276453366],[-73.892608416396342,40.792441276287008],[-73.892352417201607,40.790781275889536],[-73.892183417147209,40.790402276151269],[-73.891975416734738,40.790244274903706],[-73.891607416488711,40.790169275970612],[-73.89080141657476,40.790216275710961],[-73.890302416807486,40.789885276585885],[-73.890128416730207,40.7896442749459],[-73.889406416481862,40.787799275438282],[-73.889053415406124,40.787381275243177],[-73.888308415591538,40.787014275087998],[-73.887154415523042,40.786834275008196],[-73.886923414646049,40.786741275297253],[-73.885963413847989,40.786761275282643],[-73.885771414227378,40.786686275136297],[-73.88530441514547,40.786693275307719],[-73.878308412069529,40.785365274762377],[-73.877372411560941,40.785698275022895],[-73.876532412210096,40.785845275893429],[-73.875080411317469,40.785880275826038],[-73.873511410248966,40.78572927497445],[-73.872886410084988,40.785971275020323],[-73.872810409916994,40.785911275012459],[-73.872873409666184,40.785983275151402],[-73.872789410898918,40.786086274997189],[-73.871632410457394,40.786806275737888],[-73.871375409641118,40.787279275186762],[-73.870810408853274,40.787905275303849],[-73.870951410216904,40.788476275602385],[-73.870948409843862,40.788962276147934],[-73.871165409578822,40.789768276138851],[-73.871409409077984,40.790293276183149],[-73.871958409972308,40.790818276157182],[-73.872580409763245,40.791233277195644],[-73.873471410964314,40.791672276569003],[-73.873886411065996,40.79181927577708],[-73.874362411267086,40.791867276822131],[-73.87530241107531,40.792404276243602],[-73.875449411388402,40.792685276516224],[-73.875924411764572,40.793161277492999],[-73.878182412571149,40.794418276466104],[-73.879659412679828,40.794858276930341],[-73.882930413987921,40.795297276818076],[-73.883845414580122,40.795736277203304],[-73.886835414782496,40.798045277073363],[-73.887891415840016,40.798412276782756],[-73.888788415990561,40.797884276668043],[-73.889142415992907,40.797799277496139],[-73.889874416287,40.797897277707861],[-73.890121416159204,40.798012277431809],[-73.890887417686812,40.797787276780213],[-73.891937417099896,40.796713277705756],[-73.89265741769843,40.793832275659987]]]},"properties":{"OBJECTID":155406,"GEOID20":"360050001001","GEOID10":"360050001001","STATEFP":"36","COUNTYFP":"005","D1C":17.493594173013758,"D1C5_RET":0,"D2B_E5MIXA":0,"D3A":3.3277892113666852,"D3AAO":0,"D3B":3.0900597285352709,"D4A":1170.8,"D4C":4.6699999999999999,"D4D":7.21168362432,"D5AR":674542,"D5BR":623541}},{"type":"Feature","id":155407,"geometry":{"type":"Polygon","coordinates":[[[-73.841956406943012,40.888462296632014],[-73.840441405402856,40.884742296148374],[-73.838189405342376,40.88531429597699],[-73.837601404089995,40.88530929610792],[-73.835914404817345,40.884703296551102],[-73.835046404979124,40.88641929647823],[-73.83442240374174,40.887998297058026],[-73.834453404602172,40.888631296439812],[-73.834675404360041,40.889340296503271],[-73.837323405153981,40.888750297026029],[-73.838228404802109,40.88865229659875],[-73.8397744063044,40.888746296387737],[-73.841956406943012,40.888462296632014]]]},"properties":{"OBJECTID":155407,"GEOID20":"360050484003","GEOID10":"360050484003","STATEFP":"36","COUNTYFP":"005","D1C":23.948383367585546,"D1C5_RET":0,"D2B_E5MIXA":0,"D3A":19.141836900593663,"D3AAO":0,"D3B":83.98077592492325,"D4A":232.00999999999999,"D4C":58.329999999999998,"D4D":667.74790890099996,"D5AR":456310,"D5BR":625755}},{"type":"Feature","id":155408,"geometry":{"type":"Polygon","coordinates":[[[-73.858666407022454,40.806841279446296],[-73.858027406614781,40.805658280094889],[-73.858026407688172,40.805414279269918],[-73.856531405341201,40.804802279607514],[-73.856499405554146,40.805690279791001],[-73.85441840519789,40.805788279231813],[-73.855160406436042,40.808326280049087],[-73.855619406020352,40.81061628106648],[-73.856134407477796,40.811423280744087],[-73.858653407501961,40.811077280509622],[-73.85796040666763,40.807804279718169],[-73.857510406405822,40.806889280508855],[-73.858666407022454,40.806841279446296]]]},"properties":{"OBJECTID":155408,"GEOID20":"360050002003","GEOID10":"360050002003","STATEFP":"36","COUNTYFP":"005","D1C":0.8579188050503157,"D1C5_RET":0.15139743618534984,"D2B_E5MIXA":0.52963584858765755,"D3A":35.566259219433917,"D3AAO":0,"D3B":307.81260403821443,"D4A":213.24000000000001,"D4C":18.329999999999998,"D4D":282.01154755900001,"D5AR":586088,"D5BR":275872}},{"type":"Feature","id":155410,"geometry":{"type":"Polygon","coordinates":[[[-73.856784405959502,40.815670281093503],[-73.85531340659692,40.809337280500401],[-73.85019440456108,40.810058280827349],[-73.850019404658894,40.810015280811591],[-73.849703405189715,40.810225281873464],[-73.849209403648658,40.810965281418781],[-73.849525404016163,40.811336281635043],[-73.849237404136076,40.811802281494678],[-73.849360404159711,40.812322281401933],[-73.849804404573746,40.812765281839646],[-73.850398404775575,40.813099281443215],[-73.850936404900921,40.813529280757294],[-73.852170405335343,40.813803281317242],[-73.853003405911792,40.813702281165604],[-73.852944405462253,40.813892282151407],[-73.852650404836055,40.814015280785462],[-73.852677405498568,40.814337281811852],[-73.852800405522217,40.814317281295345],[-73.852855405773795,40.81446128107244],[-73.852561405147611,40.81450228142392],[-73.852362404955983,40.814433281215805],[-73.852451406441048,40.814262282223346],[-73.852197405997842,40.814378282239971],[-73.85170440518003,40.814323281858819],[-73.851512405559419,40.814262282223346],[-73.851402405056234,40.814118282014313],[-73.851146404963202,40.814404281254689],[-73.851630405560186,40.816362282163226],[-73.856784405959502,40.815670281093503]]]},"properties":{"OBJECTID":155410,"GEOID20":"360050004002","GEOID10":"360050004002","STATEFP":"36","COUNTYFP":"005","D1C":9.0326048308796363,"D1C5_RET":0.12766932623151428,"D2B_E5MIXA":0.098209679561165941,"D3A":24.866379052917338,"D3AAO":0,"D3B":107.68711631933641,"D4A":399.64999999999998,"D4C":36.670000000000002,"D4D":288.87246199200001,"D5AR":597548,"D5BR":360408}},{"type":"Feature","id":155411,"geometry":{"type":"Polygon","coordinates":[[[-73.840441405402856,40.884742296148374],[-73.839511405640366,40.882638295361353],[-73.838744404287837,40.881274294940276],[-73.83664240401518,40.882128295660927],[-73.834347403398667,40.883858296011859],[-73.834704404672365,40.884222295780205],[-73.837020405205251,40.885149296024402],[-73.837601404089995,40.88530929610792],[-73.838189405342376,40.88531429597699],[-73.840441405402856,40.884742296148374]]]},"properties":{"OBJECTID":155411,"GEOID20":"360050484004","GEOID10":"360050484004","STATEFP":"36","COUNTYFP":"005","D1C":0.65900898229242866,"D1C5_RET":0,"D2B_E5MIXA":0.50691602259489099,"D3A":26.312455661092635,"D3AAO":0,"D3B":198.03878251107488,"D4A":233.34999999999999,"D4C":57.670000000000002,"D4D":1105.06981978,"D5AR":514592,"D5BR":1714669}},{"type":"Feature","id":155424,"geometry":{"type":"MultiPolygon","coordinates":[[[[-73.767602381057529,40.867505294717056],[-73.767795382299695,40.866789294563134],[-73.767100380917199,40.866713294536368],[-73.766690381736709,40.86710629486047],[-73.767602381057529,40.867505294717056]]],[[[-73.770070381926416,40.865534295195197],[-73.770230382658283,40.865147293734637],[-73.769793381916969,40.865136294339386],[-73.769651381626744,40.865494295149055],[-73.770070381926416,40.865534295195197]]],[[[-73.77351438258853,40.861250293615377],[-73.773232383454555,40.860755293973178],[-73.772903382668247,40.861217294161975],[-73.773108382707676,40.861623293911613],[-73.77351438258853,40.861250293615377]]],[[[-73.774610383829014,40.874211296559729],[-73.774481383957593,40.874086295733129],[-73.77403338514226,40.874402295872514],[-73.773977384167452,40.874607296125745],[-73.774152384069623,40.87470129548619],[-73.77409738291972,40.874904295774115],[-73.77453738403409,40.874718296541339],[-73.774610383829014,40.874211296559729]]],[[[-73.775177383368373,40.862138293547616],[-73.77543238453481,40.861537293459527],[-73.774277382844787,40.861787294021859],[-73.774356383385808,40.862270293503521],[-73.775177383368373,40.862138293547616]]],[[[-73.781328387070602,40.876369296986383],[-73.781207385798467,40.876293296408235],[-73.781034386444404,40.876492296548527],[-73.781128386155757,40.876661296358414],[-73.781328387070602,40.876369296986383]]],[[[-73.7853063876601,40.862038293694127],[-73.784848387002413,40.861674292870887],[-73.784576386117521,40.862180294365018],[-73.7853063876601,40.862038293694127]]],[[[-73.785775386391862,40.862887293709811],[-73.78543438770663,40.862478293414782],[-73.785121385915545,40.862924293171709],[-73.785775386391862,40.862887293709811]]],[[[-73.786329387309053,40.873813295552686],[-73.786334388230216,40.873685295699943],[-73.7861913881151,40.873607295678937],[-73.786055386774336,40.873791294884469],[-73.78619538741475,40.873894294954837],[-73.786329387309053,40.873813295552686]]],[[[-73.786656387547183,40.873402295725569],[-73.786728387517215,40.873082294662133],[-73.786626388308264,40.873043295666491],[-73.786263388085104,40.873402295046333],[-73.786500387013263,40.87348929559446],[-73.786656387547183,40.873402295725569]]],[[[-73.806809392057119,40.842497288605713],[-73.806947392149382,40.841470287538954],[-73.805296391963424,40.841143288628324],[-73.80263939094867,40.841089288384914],[-73.802223391022068,40.841643289144827],[-73.803677391564534,40.842266288539292],[-73.803931392906051,40.842602289111113],[-73.806809392057119,40.842497288605713]]],[[[-73.823297400463559,40.87310629398042],[-73.821268399985826,40.869079293682105],[-73.820874398003909,40.868915293287444],[-73.816342396497205,40.866108292517474],[-73.816680397504328,40.865288292490625],[-73.816753397299252,40.864552292512492],[-73.815090396519437,40.865252292316384],[-73.815171396710269,40.864134292791199],[-73.815105396588024,40.863065291904881],[-73.813846396039239,40.864038291969123],[-73.81096939581478,40.862722292883127],[-73.807591394376573,40.858671291109943],[-73.807580393607608,40.860393292370553],[-73.806649393121859,40.860985292702367],[-73.805656392711867,40.861239292214137],[-73.804576393161511,40.861199292291467],[-73.805631392597505,40.854718290793762],[-73.804802393117342,40.854729291239636],[-73.804386392292415,40.853306291279317],[-73.804994392737953,40.853245291488371],[-73.801832391209814,40.850139290679508],[-73.800207390963138,40.847935290269376],[-73.799322390508138,40.849921290428156],[-73.798494389056259,40.850667290797176],[-73.798197389853655,40.851970290933664],[-73.798167390614751,40.853759290854661],[-73.798376389953788,40.854253291645769],[-73.798764391189621,40.853829291771191],[-73.798418389786605,40.854971291075053],[-73.797986389966468,40.854857291723171],[-73.796473389872773,40.856215291325903],[-73.794033388592993,40.856559291567415],[-73.793688389709814,40.859184291764002],[-73.791905388381053,40.860837292436038],[-73.790181389298482,40.868156293755305],[-73.785829387716845,40.869054294994378],[-73.784082386373115,40.870161295094157],[-73.782515387649369,40.871666295031062],[-73.782728387186395,40.872432296401179],[-73.783055386526215,40.872688295949196],[-73.783672386294285,40.872688295269953],[-73.783825386455149,40.872813295339654],[-73.78343338681799,40.873187294926836],[-73.783341385858179,40.873521295166142],[-73.783588387527004,40.873789295811399],[-73.784023386821872,40.873701295779959],[-73.78467938784631,40.87311329590267],[-73.785390387325705,40.872056295461512],[-73.78556138792824,40.872161295994793],[-73.785682387403753,40.872395296137874],[-73.78578138803627,40.872828295739744],[-73.785639387746045,40.873642296187398],[-73.785724387236542,40.873709294799653],[-73.786354388321726,40.872819295364231],[-73.787234388753816,40.872382294755354],[-73.787563387743475,40.872563294964209],[-73.78757738798717,40.8728472956982],[-73.787704388208795,40.873005295177329],[-73.787339387437484,40.873409295578718],[-73.786907387617347,40.874318295449577],[-73.786091387657663,40.875231295163218],[-73.785301387637247,40.876642296136076],[-73.785184387461385,40.877758296768171],[-73.785777386939998,40.878892296707214],[-73.786426388291744,40.879158296395559],[-73.788108388439838,40.878954295769979],[-73.78924538968819,40.878987296573079],[-73.789798388983854,40.879231296340144],[-73.790009388871042,40.879523295992634],[-73.789960389365547,40.879702296801185],[-73.789473390192157,40.879767296500695],[-73.789083389306484,40.879994296413479],[-73.789083388408173,40.880368296863828],[-73.7892613886834,40.880791296874904],[-73.789603388990173,40.881051297125047],[-73.790074389168367,40.881083296437424],[-73.790903389546855,40.880904296646733],[-73.79093538933391,40.880693296886562],[-73.790675389941214,40.880482296453692],[-73.790724389446694,40.880238296543709],[-73.791114390332353,40.880059297184665],[-73.791553388926872,40.880076296863798],[-73.792170390491563,40.879686296813105],[-73.792576390372432,40.879669297033814],[-73.793096390056107,40.879393296729781],[-73.793291390049774,40.878824296068856],[-73.793665391041912,40.878743295906538],[-73.794023391242206,40.878386296575918],[-73.794526391207441,40.877508296726845],[-73.79436439082572,40.877281295760127],[-73.793438390362866,40.877021296323612],[-73.793698390653873,40.876728296670024],[-73.793633390356547,40.876306295664236],[-73.793974389940075,40.875119295751688],[-73.794023390343881,40.874339295395501],[-73.794673390622208,40.87313729520973],[-73.795193391204208,40.872893294717009],[-73.795225390092952,40.872324294564955],[-73.795908390881578,40.872097295521378],[-73.797175390927976,40.872454295483124],[-73.797581391707126,40.872422294716507],[-73.797998391458648,40.872142295160224],[-73.801449391793497,40.866864293842596],[-73.801806393067181,40.865906293108694],[-73.802326392750857,40.865597293180869],[-73.802830393439322,40.865597293180869],[-73.803090393730329,40.865711293071463],[-73.803139392337499,40.866166294076812],[-73.80298339270189,40.866621293993951],[-73.803074392938484,40.866994293932272],[-73.803903392418647,40.867124293766786],[-73.804796393269555,40.866604294256341],[-73.80473139387054,40.867612293575121],[-73.804910393072362,40.868262294319123],[-73.805869393147177,40.868376293697928],[-73.806714394317524,40.868749294619953],[-73.806656394591187,40.869538293725078],[-73.80783539387572,40.869871294095724],[-73.807478395296968,40.87022829451174],[-73.807878394431754,40.870528293881065],[-73.808485395052372,40.87045629445528],[-73.808347394960109,40.870886294750584],[-73.808817395313397,40.871257294611169],[-73.807877394606834,40.871039293886653],[-73.805771393237904,40.869529294260964],[-73.80573939345085,40.869302293786617],[-73.805934394342827,40.869139293890662],[-73.805820394540021,40.868912293437965],[-73.805474393136976,40.868860293308515],[-73.805235393660695,40.86912329338751],[-73.804894394077152,40.86917229347273],[-73.804553393595299,40.868814294205016],[-73.802976393029198,40.868912293437965],[-73.802554392356498,40.870472294636322],[-73.801384391496157,40.871317294884051],[-73.800961392795173,40.871382294665459],[-73.799710392642297,40.873673295127936],[-73.799710392642297,40.873933295487006],[-73.79899539206663,40.874486294151119],[-73.798638391691242,40.874209295461526],[-73.79800439220476,40.874307295539921],[-73.796850392136278,40.876143296029944],[-73.796915390636968,40.876468295740786],[-73.796103390875231,40.877021295644376],[-73.795225390991263,40.878824296068856],[-73.794998390312216,40.879686296813105],[-73.795241390884783,40.880433297267693],[-73.795063390609556,40.880563296525608],[-73.794689390515742,40.880628296737967],[-73.79436439082572,40.88135929648643],[-73.793665390143602,40.881912296960344],[-73.793703391575065,40.882905297392639],[-73.794494390522061,40.883076297280681],[-73.799252393781217,40.884638297624079],[-73.803396394052086,40.885454297589803],[-73.805299394133115,40.886006297434285],[-73.8063203941322,40.885810297814928],[-73.80757939557931,40.885781297156619],[-73.813130397435302,40.886730297066258],[-73.815590397908238,40.886637296812133],[-73.819815399268279,40.885582297097628],[-73.819927399421275,40.882128296340113],[-73.823297400463559,40.87310629398042]]]]},"properties":{"OBJECTID":155424,"GEOID20":"360050504001","GEOID10":"360050504001","STATEFP":"36","COUNTYFP":"005","D1C":7.6766562572201567,"D1C5_RET":2.161388654945481,"D2B_E5MIXA":0.42479554564359412,"D3A":7.025033689842398,"D3AAO":1.9115802876377632,"D3B":10.969412014623273,"D4A":-99999,"D4C":58.670000000000002,"D4D":20.978401554800001,"D5AR":122997,"D5BR":-99999}},{"type":"Feature","id":155575,"geometry":{"type":"Polygon","coordinates":[[[-73.861717408222503,40.817183282008266],[-73.861983408361283,40.817143282005347],[-73.861483407870793,40.815037281814419],[-73.857781406567469,40.815538281449008],[-73.85827340756039,40.817637282424627],[-73.861717408222503,40.817183282008266]]]},"properties":{"OBJECTID":155575,"GEOID20":"360050016002","GEOID10":"360050016002","STATEFP":"36","COUNTYFP":"005","D1C":11.152891259712366,"D1C5_RET":0.69705570373202286,"D2B_E5MIXA":0.30891301483870759,"D3A":31.441873638740599,"D3AAO":0,"D3B":263.10528396373752,"D4A":135.44999999999999,"D4C":28,"D4D":960.86447776,"D5AR":673275,"D5BR":367533}},{"type":"Feature","id":155576,"geometry":{"type":"Polygon","coordinates":[[[-73.91484842470355,40.811002278595765],[-73.915179425139684,40.810435278871196],[-73.913587425403264,40.810127278786311],[-73.913416423902405,40.810025278999355],[-73.913303424822828,40.809664277854004],[-73.91069442348865,40.808817278957214],[-73.909597423321557,40.8117852792506],[-73.910239423203976,40.811937278763509],[-73.910309424422493,40.812313279605078],[-73.910949424655087,40.813629279708238],[-73.912955424668283,40.814277279564294],[-73.91484842470355,40.811002278595765]]]},"properties":{"OBJECTID":155576,"GEOID20":"360050037001","GEOID10":"360050037001","STATEFP":"36","COUNTYFP":"005","D1C":0.51204615024161149,"D1C5_RET":0,"D2B_E5MIXA":0.19540499130269356,"D3A":43.087316200859675,"D3AAO":0,"D3B":478.70560624187965,"D4A":273.58999999999997,"D4C":58,"D4D":905.10252842700004,"D5AR":839715,"D5BR":1527896}},{"type":"Feature","id":155577,"geometry":{"type":"Polygon","coordinates":[[[-73.862465408410145,40.819255282079986],[-73.861983408361283,40.817143282005347],[-73.85827340756039,40.817637282424627],[-73.857781406567469,40.815538281449008],[-73.853621406403093,40.816096281831932],[-73.855137406869815,40.822444282635843],[-73.858265407164453,40.822021283168738],[-73.85776940687191,40.81988728257042],[-73.862465408410145,40.819255282079986]]]},"properties":{"OBJECTID":155577,"GEOID20":"360050016004","GEOID10":"360050016004","STATEFP":"36","COUNTYFP":"005","D1C":14.990967104166627,"D1C5_RET":0,"D2B_E5MIXA":0,"D3A":19.598270177689646,"D3AAO":0,"D3B":97.828966140110595,"D4A":257.5,"D4C":41,"D4D":343.75965133199998,"D5AR":684845,"D5BR":615213}},{"type":"Feature","id":155579,"geometry":{"type":"Polygon","coordinates":[[[-73.916950424976221,40.801528277068428],[-73.913368425120154,40.800023276608634],[-73.910884422561125,40.79858327649918],[-73.905471422594033,40.803939277886563],[-73.908807423301127,40.805874278594089],[-73.909128422793174,40.806174277647678],[-73.909673423489551,40.806002277549283],[-73.912279424450688,40.804824278026594],[-73.91241142379684,40.804699277516221],[-73.914942424414889,40.80363127824976],[-73.915450425301316,40.803549277006027],[-73.91484942452847,40.803259277533307],[-73.915280424523687,40.803118277352972],[-73.915813424626165,40.802813277428235],[-73.916288425002335,40.80239027722601],[-73.916950424976221,40.801528277068428]]]},"properties":{"OBJECTID":155579,"GEOID20":"360050019003","GEOID10":"360050019003","STATEFP":"36","COUNTYFP":"005","D1C":22.777787772422514,"D1C5_RET":0.55531817922501414,"D2B_E5MIXA":0.54499754288541036,"D3A":41.367065562085223,"D3AAO":9.5125229630091201,"D3B":147.59227082594032,"D4A":201.16999999999999,"D4C":45.329999999999998,"D4D":282.63941686200002,"D5AR":1070431,"D5BR":1443931}},{"type":"Feature","id":155583,"geometry":{"type":"Polygon","coordinates":[[[-73.868577410855991,40.820632282434254],[-73.868097410456983,40.818506282263222],[-73.867165410146342,40.818624282395305],[-73.867657411139234,40.820759282155727],[-73.868577410855991,40.820632282434254]]]},"properties":{"OBJECTID":155583,"GEOID20":"360050020005","GEOID10":"360050020005","STATEFP":"36","COUNTYFP":"005","D1C":4.8858183196561926,"D1C5_RET":0,"D2B_E5MIXA":0,"D3A":17.455612975805,"D3AAO":0,"D3B":90.680788012818951,"D4A":285.66000000000003,"D4C":19,"D4D":2583.1109029099998,"D5AR":831785,"D5BR":501496}},{"type":"Feature","id":155584,"geometry":{"type":"Polygon","coordinates":[[[-73.926084428309821,40.808775278314762],[-73.926525428350786,40.80817027763721],[-73.924266427719289,40.807183278524938],[-73.923376428139761,40.808440277840056],[-73.923852428340822,40.808632277255469],[-73.924055428730398,40.808601277798225],[-73.924659428978003,40.808856278364374],[-73.924695428962991,40.808976278331734],[-73.925639429867545,40.809388278222571],[-73.926084428309821,40.808775278314762]]]},"properties":{"OBJECTID":155584,"GEOID20":"360050023003","GEOID10":"360050023003","STATEFP":"36","COUNTYFP":"005","D1C":24.843570449259804,"D1C5_RET":0,"D2B_E5MIXA":0,"D3A":5.808509924159531,"D3AAO":0,"D3B":0,"D4A":269.56999999999999,"D4C":94.670000000000002,"D4D":7378.6378492000003,"D5AR":1003857,"D5BR":2093489}},{"type":"Feature","id":155587,"geometry":{"type":"Polygon","coordinates":[[[-73.876635413938899,40.821810282074196],[-73.876127413950798,40.819638282333401],[-73.872469412130101,40.820159282012263],[-73.872992412186832,40.82231028224804],[-73.876635413938899,40.821810282074196]]]},"properties":{"OBJECTID":155587,"GEOID20":"360050028002","GEOID10":"360050028002","STATEFP":"36","COUNTYFP":"005","D1C":0.63588725083155506,"D1C5_RET":0,"D2B_E5MIXA":0,"D3A":14.184048795362189,"D3AAO":0,"D3B":67.861872664972836,"D4A":262.86000000000001,"D4C":9.3300000000000001,"D4D":316.41742726799998,"D5AR":841421,"D5BR":470803}},{"type":"Feature","id":155588,"geometry":{"type":"Polygon","coordinates":[[[-73.878486415039703,40.821563282227508],[-73.878620414934005,40.821544281835202],[-73.878440415008953,40.820710281612186],[-73.878118413895379,40.820754282171286],[-73.877845413185582,40.819426281798989],[-73.876127413950798,40.819638282333401],[-73.876635413938899,40.821810282074196],[-73.878486415039703,40.821563282227508]]]},"properties":{"OBJECTID":155588,"GEOID20":"360050028004","GEOID10":"360050028004","STATEFP":"36","COUNTYFP":"005","D1C":0,"D1C5_RET":0,"D2B_E5MIXA":0,"D3A":13.447402915794354,"D3AAO":0,"D3B":45.625388031698023,"D4A":390.26999999999998,"D4C":9.3300000000000001,"D4D":638.20820140299998,"D5AR":843216,"D5BR":614009}},{"type":"Feature","id":155589,"geometry":{"type":"Polygon","coordinates":[[[-73.909076423812962,40.813241279564309],[-73.909597423321557,40.8117852792506],[-73.906853423166481,40.811217279277322],[-73.906331422036345,40.812675279374943],[-73.909076423812962,40.813241279564309]]]},"properties":{"OBJECTID":155589,"GEOID20":"360050035003","GEOID10":"360050035003","STATEFP":"36","COUNTYFP":"005","D1C":14.906717188351408,"D1C5_RET":5.0360531041727734,"D2B_E5MIXA":0.70978576044262776,"D3A":38.38468910437529,"D3AAO":0,"D3B":128.78105192870549,"D4A":272.25,"D4C":91,"D4D":5859.5378627600003,"D5AR":903229,"D5BR":1463297}},{"type":"Feature","id":155590,"geometry":{"type":"Polygon","coordinates":[[[-73.923274428032514,40.812607279426061],[-73.923727428667362,40.811987278437712],[-73.921487428302413,40.811043279045123],[-73.920120427798608,40.8129022787395],[-73.922089428001868,40.813739278856083],[-73.922876427649243,40.81332327903035],[-73.922842427314052,40.813203278765862],[-73.923274428032514,40.812607279426061]]]},"properties":{"OBJECTID":155590,"GEOID20":"360050041004","GEOID10":"360050041004","STATEFP":"36","COUNTYFP":"005","D1C":11.104153129818599,"D1C5_RET":2.7161237871498733,"D2B_E5MIXA":0.52563542518298745,"D3A":18.941025991861732,"D3AAO":0,"D3B":68.203466015208107,"D4A":221.28,"D4C":114.33,"D4D":5845.3540251300001,"D5AR":987717,"D5BR":1908432}},{"type":"Feature","id":155591,"geometry":{"type":"Polygon","coordinates":[[[-73.869500410945804,40.824573282842429],[-73.867766410020849,40.823000282783255],[-73.865735409893318,40.823285283200079],[-73.865736409718224,40.823697283285938],[-73.865546409747424,40.824137283382697],[-73.865789411218302,40.824357282676317],[-73.86581941045722,40.824669283747888],[-73.866267410170877,40.824752283299915],[-73.866388410544687,40.824941282612954],[-73.869500410945804,40.824573282842429]]]},"properties":{"OBJECTID":155591,"GEOID20":"360050042001","GEOID10":"360050042001","STATEFP":"36","COUNTYFP":"005","D1C":17.085546008618415,"D1C5_RET":0.60403445485014606,"D2B_E5MIXA":0.32009252585225018,"D3A":10.228827647506854,"D3AAO":0,"D3B":36.835746869490045,"D4A":152.88999999999999,"D4C":19.329999999999998,"D4D":1067.51872112,"D5AR":902426,"D5BR":2128195}},{"type":"Feature","id":155592,"geometry":{"type":"Polygon","coordinates":[[[-73.869843411975779,40.824931283954001],[-73.869500410945804,40.824573282842429],[-73.867614410583215,40.824826283328854],[-73.86388140931777,40.82517828417339],[-73.863509410670403,40.823581283929798],[-73.860702408071191,40.823959283253281],[-73.861036407982041,40.825425283472853],[-73.85940840826062,40.825629283799579],[-73.85970440943494,40.826285283342358],[-73.869843411975779,40.824931283954001]]]},"properties":{"OBJECTID":155592,"GEOID20":"360050042003","GEOID10":"360050042003","STATEFP":"36","COUNTYFP":"005","D1C":4.2860909368892699,"D1C5_RET":4.0236772060593147,"D2B_E5MIXA":0.16024782255842976,"D3A":73.360670454223936,"D3AAO":39.340739319845945,"D3B":111.99118261873612,"D4A":170.31999999999999,"D4C":46.670000000000002,"D4D":1306.33054057,"D5AR":904221,"D5BR":1257960}},{"type":"Feature","id":155593,"geometry":{"type":"Polygon","coordinates":[[[-73.85970440943494,40.826285283342358],[-73.85879040866763,40.824217283086682],[-73.858446406914425,40.822782282999754],[-73.85531340659692,40.823200282571825],[-73.855973406921009,40.826072283744232],[-73.856163406891795,40.826050283532972],[-73.856301406984059,40.826765284284917],[-73.85970440943494,40.826285283342358]]]},"properties":{"OBJECTID":155593,"GEOID20":"360050042006","GEOID10":"360050042006","STATEFP":"36","COUNTYFP":"005","D1C":15.126256029708346,"D1C5_RET":13.929214185630707,"D2B_E5MIXA":0.20595564583092824,"D3A":61.171793137577232,"D3AAO":10.333112410706944,"D3B":565.1314348680138,"D4A":173,"D4C":37,"D4D":858.96820811400005,"D5AR":918772,"D5BR":1334967}},{"type":"Feature","id":155594,"geometry":{"type":"Polygon","coordinates":[[[-73.866388410544687,40.824941282612954],[-73.866267410170877,40.824752283299915],[-73.86581941045722,40.824669283747888],[-73.865789411218302,40.824357282676317],[-73.865546409747424,40.824137283382697],[-73.865736409718224,40.823697283285938],[-73.865735409893318,40.823285283200079],[-73.863509410670403,40.823581283929798],[-73.86388140931777,40.82517828417339],[-73.866388410544687,40.824941282612954]]]},"properties":{"OBJECTID":155594,"GEOID20":"360050042007","GEOID10":"360050042007","STATEFP":"36","COUNTYFP":"005","D1C":1.3310327440710206,"D1C5_RET":0,"D2B_E5MIXA":0,"D3A":1.4349402814022696,"D3AAO":0,"D3B":77.441905109586656,"D4A":185.06999999999999,"D4C":37,"D4D":2865.3504890499999,"D5AR":899150,"D5BR":2127369}},{"type":"Feature","id":155595,"geometry":{"type":"Polygon","coordinates":[[[-73.930109429653314,40.808885278030758],[-73.930939430755032,40.80826127687893],[-73.92954642941362,40.807712278296378],[-73.930032429660429,40.807056277291437],[-73.92028442603349,40.802923276826967],[-73.918820426343601,40.804913277985342],[-73.928557429201561,40.809054277616184],[-73.929220429898692,40.809572277651114],[-73.930109429653314,40.808885278030758]]]},"properties":{"OBJECTID":155595,"GEOID20":"360050019001","GEOID10":"360050019001","STATEFP":"36","COUNTYFP":"005","D1C":26.182674816690088,"D1C5_RET":1.2001708601136589,"D2B_E5MIXA":0.68888104898267388,"D3A":48.68198597310068,"D3AAO":21.235506488304722,"D3B":111.19393518290927,"D4A":437.20999999999998,"D4C":102,"D4D":1030.88360195,"D5AR":1091174,"D5BR":1771288}},{"type":"Feature","id":155596,"geometry":{"type":"Polygon","coordinates":[[[-73.866199410398806,40.818753281936587],[-73.865706410479305,40.816631281605282],[-73.861983408361283,40.817143282005347],[-73.862465408410145,40.819255282079986],[-73.866199410398806,40.818753281936587]]]},"properties":{"OBJECTID":155596,"GEOID20":"360050020001","GEOID10":"360050020001","STATEFP":"36","COUNTYFP":"005","D1C":5.1149585604439318,"D1C5_RET":2.6640409168978811,"D2B_E5MIXA":0.73173729711017788,"D3A":30.396493353909367,"D3AAO":0,"D3B":215.98765014567911,"D4A":315.16000000000003,"D4C":18,"D4D":613.79502725299994,"D5AR":713664,"D5BR":534201}},{"type":"Feature","id":155597,"geometry":{"type":"Polygon","coordinates":[[[-73.92644442905825,40.811515278380554],[-73.927122428925685,40.810957278222624],[-73.925143428676662,40.810058278107682],[-73.923727428667362,40.811987278437712],[-73.924684428194041,40.812392279169288],[-73.92644442905825,40.811515278380554]]]},"properties":{"OBJECTID":155597,"GEOID20":"360050039003","GEOID10":"360050039003","STATEFP":"36","COUNTYFP":"005","D1C":112.10801498895218,"D1C5_RET":1.2161618983022424,"D2B_E5MIXA":0.40105558818204146,"D3A":35.157622834103378,"D3AAO":0,"D3B":212.27553134002778,"D4A":0,"D4C":139.66999999999999,"D4D":9882.8411540899997,"D5AR":1010646,"D5BR":2112282}},{"type":"Feature","id":155598,"geometry":{"type":"Polygon","coordinates":[[[-73.865706410479305,40.816631281605282],[-73.86521940950928,40.814537281886381],[-73.861483407870793,40.815037281814419],[-73.861983408361283,40.817143282005347],[-73.865706410479305,40.816631281605282]]]},"properties":{"OBJECTID":155598,"GEOID20":"360050020002","GEOID10":"360050020002","STATEFP":"36","COUNTYFP":"005","D1C":1.5447979801627911,"D1C5_RET":0.585957854544507,"D2B_E5MIXA":0.73969665710605326,"D3A":27.728464810862519,"D3AAO":0,"D3B":125.01570633394658,"D4A":168.97999999999999,"D4C":18,"D4D":613.65768039600005,"D5AR":679587,"D5BR":557406}},{"type":"Feature","id":155599,"geometry":{"type":"Polygon","coordinates":[[[-73.928807430345131,40.809907277850364],[-73.929220429898692,40.809572277651114],[-73.928557429201561,40.809054277616184],[-73.926525428350786,40.80817027763721],[-73.925143428676662,40.810058278107682],[-73.927122428925685,40.810957278222624],[-73.928136430150388,40.809630277705189],[-73.928807430345131,40.809907277850364]]]},"properties":{"OBJECTID":155599,"GEOID20":"360050023001","GEOID10":"360050023001","STATEFP":"36","COUNTYFP":"005","D1C":7.5620508565694822,"D1C5_RET":0.70163358463015812,"D2B_E5MIXA":0.72441582745050859,"D3A":11.562622236800939,"D3AAO":0,"D3B":49.893943795922354,"D4A":118.02,"D4C":139.66999999999999,"D4D":6968.6871299799996,"D5AR":1042096,"D5BR":2086807}},{"type":"Feature","id":155600,"geometry":{"type":"Polygon","coordinates":[[[-73.910367424148802,40.809653278767634],[-73.91069442348865,40.808817278957214],[-73.907840421932065,40.808214278354605],[-73.906853423166481,40.811217279277322],[-73.909597423321557,40.8117852792506],[-73.910367424148802,40.809653278767634]]]},"properties":{"OBJECTID":155600,"GEOID20":"360050035001","GEOID10":"360050035001","STATEFP":"36","COUNTYFP":"005","D1C":13.253848797201172,"D1C5_RET":0.19278325523201706,"D2B_E5MIXA":0.50391517258366358,"D3A":32.63489352512849,"D3AAO":0,"D3B":236.00988004710115,"D4A":328.56999999999999,"D4C":51,"D4D":1569.91051029,"D5AR":978907,"D5BR":1427049}},{"type":"Feature","id":155601,"geometry":{"type":"Polygon","coordinates":[[[-73.861625409059315,40.823834283442096],[-73.861115408523062,40.821640282366488],[-73.858265407164453,40.822021283168738],[-73.85879040866763,40.824217283086682],[-73.85940840826062,40.825629283799579],[-73.861036407982041,40.825425283472853],[-73.860702408071191,40.823959283253281],[-73.861625409059315,40.823834283442096]]]},"properties":{"OBJECTID":155601,"GEOID20":"360050042005","GEOID10":"360050042005","STATEFP":"36","COUNTYFP":"005","D1C":29.345589704864661,"D1C5_RET":15.884310023734082,"D2B_E5MIXA":0.52368992916725776,"D3A":26.494283650876696,"D3AAO":0,"D3B":152.06936880222383,"D4A":103.27,"D4C":36.670000000000002,"D4D":1115.05374005,"D5AR":912248,"D5BR":1329666}},{"type":"Feature","id":155602,"geometry":{"type":"Polygon","coordinates":[[[-73.880113414936233,40.82851928434048],[-73.879502415015949,40.825913283196144],[-73.877656413938013,40.826159283921228],[-73.878236413896133,40.828668283943415],[-73.880113414936233,40.82851928434048]]]},"properties":{"OBJECTID":155602,"GEOID20":"360050050021","GEOID10":"360050050021","STATEFP":"36","COUNTYFP":"005","D1C":14.979163584600354,"D1C5_RET":8.420239884834519,"D2B_E5MIXA":0.70470023152224415,"D3A":14.779210288272022,"D3AAO":0,"D3B":56.725826592569383,"D4A":138.13999999999999,"D4C":50,"D4D":2836.2913296299998,"D5AR":828874,"D5BR":1404023}},{"type":"Feature","id":155603,"geometry":{"type":"Polygon","coordinates":[[[-73.932631430050549,40.810614278727208],[-73.932478430787981,40.808872277783301],[-73.932113430914995,40.808190277286975],[-73.931802431468682,40.807884278042394],[-73.930939430755032,40.80826127687893],[-73.928807430345131,40.809907277850364],[-73.928136430150388,40.809630277705189],[-73.927122428925685,40.810957278222624],[-73.929193429236207,40.812528279437998],[-73.926445427984845,40.816466279809838],[-73.925186429232681,40.818021280501036],[-73.927314430342918,40.818568280065804],[-73.928858430398762,40.814888280141474],[-73.930277430781132,40.813264278695122],[-73.931273430665854,40.813715279107008],[-73.93135443175504,40.813841279052518],[-73.932159430945745,40.814162279467396],[-73.932402431518312,40.814159278498558],[-73.93260343135978,40.811996278918969],[-73.932631430050549,40.810614278727208]]]},"properties":{"OBJECTID":155603,"GEOID20":"360050051001","GEOID10":"360050051001","STATEFP":"36","COUNTYFP":"005","D1C":23.690675101066624,"D1C5_RET":1.2599864308545019,"D2B_E5MIXA":0.73930691602679333,"D3A":42.473576654082294,"D3AAO":15.56865167627349,"D3B":106.30300403049296,"D4A":221.28,"D4C":184.66999999999999,"D4D":1731.5847009199999,"D5AR":1076931,"D5BR":2117070}},{"type":"Feature","id":155899,"geometry":{"type":"Polygon","coordinates":[[[-73.861543411738495,40.866162291394062],[-73.861563410931666,40.865558291135216],[-73.858674410113323,40.865503291764796],[-73.858542410767157,40.869559291790601],[-73.861434411958555,40.86961129205045],[-73.861543411738495,40.866162291394062]]]},"properties":{"OBJECTID":155899,"GEOID20":"360050342002","GEOID10":"360050342002","STATEFP":"36","COUNTYFP":"005","D1C":14.400889357676101,"D1C5_RET":2.8359807686472118,"D2B_E5MIXA":0.78474806133443764,"D3A":33.070233049571129,"D3AAO":0,"D3B":227.86847659646833,"D4A":0,"D4C":23,"D4D":542.15112876000001,"D5AR":625000,"D5BR":2454195}},{"type":"Feature","id":155900,"geometry":{"type":"Polygon","coordinates":[[[-73.899994427544414,40.912025299444437],[-73.900088426357442,40.911247298214846],[-73.899227426191914,40.911052298687316],[-73.899612426156381,40.909604299039664],[-73.896597425839644,40.909636298121789],[-73.896635425474472,40.91133229927371],[-73.897425425494916,40.911701299193112],[-73.899506426749483,40.911986298957693],[-73.899790426431608,40.912080298855919],[-73.899994427544414,40.912025299444437]]]},"properties":{"OBJECTID":155900,"GEOID20":"360050343002","GEOID10":"360050343002","STATEFP":"36","COUNTYFP":"005","D1C":45.244359403651437,"D1C5_RET":0,"D2B_E5MIXA":0.026181999757110774,"D3A":31.889480360875119,"D3AAO":0,"D3B":184.28337028277716,"D4A":103.27,"D4C":73.329999999999998,"D4D":3118.02019909,"D5AR":556667,"D5BR":2053635}},{"type":"Feature","id":155901,"geometry":{"type":"Polygon","coordinates":[[[-73.843964406606034,40.872362293407114],[-73.843545406306362,40.87126329341821],[-73.839961405003834,40.872422293357928],[-73.84133540607867,40.875011294223206],[-73.840716405762464,40.875739293972607],[-73.840841405435938,40.875996293481919],[-73.843964406606034,40.872362293407114]]]},"properties":{"OBJECTID":155901,"GEOID20":"360050358004","GEOID10":"360050358004","STATEFP":"36","COUNTYFP":"005","D1C":1.1042472504243466,"D1C5_RET":0,"D2B_E5MIXA":0,"D3A":20.600591333305321,"D3AAO":0,"D3B":157.04887431130749,"D4A":492.19,"D4C":60,"D4D":2019.05559432,"D5AR":490237,"D5BR":2355176}},{"type":"Feature","id":155902,"geometry":{"type":"Polygon","coordinates":[[[-73.901680426093861,40.902297296874167],[-73.901838427175903,40.901564297295963],[-73.899756425198106,40.901384297090907],[-73.899566426125617,40.902681298072615],[-73.899696426720283,40.903814297906266],[-73.900386427181573,40.903853297781474],[-73.900971426264292,40.903395297482504],[-73.901271425839951,40.903047297044189],[-73.901680426093861,40.902297296874167]]]},"properties":{"OBJECTID":155902,"GEOID20":"360050345003","GEOID10":"360050345003","STATEFP":"36","COUNTYFP":"005","D1C":1.2505687091472419,"D1C5_RET":0,"D2B_E5MIXA":0.59624219517777843,"D3A":5.0196519567520275,"D3AAO":0,"D3B":0,"D4A":489.50999999999999,"D4C":59.670000000000002,"D4D":3979.8098599899999,"D5AR":623348,"D5BR":1741424}},{"type":"Feature","id":155903,"geometry":{"type":"Polygon","coordinates":[[[-73.905518426941271,40.893837295557525],[-73.905336427366393,40.893619294497974],[-73.904408427253728,40.893562295516688],[-73.903765425749754,40.893217295737905],[-73.903327426980155,40.893270295330751],[-73.902033425372949,40.89373629511234],[-73.901762426109627,40.893771295842136],[-73.901516426062315,40.893737294687234],[-73.901208425192436,40.89357829486638],[-73.901081425869137,40.893422294760441],[-73.900884426225645,40.894265295591737],[-73.900091425832173,40.894463295099207],[-73.899978425854272,40.894596295361602],[-73.899998425047428,40.89630829591168],[-73.899664426034903,40.896726296206957],[-73.898690425891473,40.897498295305759],[-73.897903425345788,40.895722296314176],[-73.896708425269409,40.895813296256073],[-73.897184425470471,40.899355296340275],[-73.897036424434162,40.900296297236608],[-73.898311424876468,40.900702297029973],[-73.899825425693408,40.901050296906291],[-73.90077342679588,40.901213296306544],[-73.90195942665143,40.901302295884491],[-73.901961427199566,40.900564296747611],[-73.90109142501656,40.899278296864289],[-73.901069427071889,40.89862729629229],[-73.902413427111171,40.896494296265253],[-73.903263426507735,40.895860295154741],[-73.9042874277782,40.895360295074461],[-73.904757427233179,40.89497829598141],[-73.905313427800181,40.894316295212853],[-73.905518426941271,40.893837295557525]]]},"properties":{"OBJECTID":155903,"GEOID20":"360050351003","GEOID10":"360050351003","STATEFP":"36","COUNTYFP":"005","D1C":6.1665702254067476,"D1C5_RET":0,"D2B_E5MIXA":0.35086720273347499,"D3A":24.804668397078334,"D3AAO":3.2176099765985846,"D3B":127.62673793449748,"D4A":264.19999999999999,"D4C":64.670000000000002,"D4D":550.05805679599996,"D5AR":604914,"D5BR":2918916}},{"type":"Feature","id":155904,"geometry":{"type":"Polygon","coordinates":[[[-73.840722404711954,40.868017292880573],[-73.841225404677189,40.867866292806823],[-73.835908404071262,40.865085293290456],[-73.830918401008518,40.862233292317484],[-73.829648401487376,40.861921292070548],[-73.828373400146759,40.860955291288782],[-73.829595400885637,40.862181291699009],[-73.830906401312959,40.864856291826101],[-73.831460402230135,40.865686292432891],[-73.831764401105445,40.865927291646649],[-73.833161403543116,40.868328292982312],[-73.835659403650908,40.867521293573212],[-73.837403404621583,40.871117292857313],[-73.838236404299721,40.87084729310282],[-73.837390404202807,40.869091293048825],[-73.840722404711954,40.868017292880573]]]},"properties":{"OBJECTID":155904,"GEOID20":"360050356002","GEOID10":"360050356002","STATEFP":"36","COUNTYFP":"005","D1C":1.0044829893179992,"D1C5_RET":0.1565428035300778,"D2B_E5MIXA":0.80159440743334431,"D3A":23.429170454252407,"D3AAO":3.5445042703864194,"D3B":111.34159082011294,"D4A":0,"D4C":78,"D4D":651.21806268499995,"D5AR":552077,"D5BR":404368}},{"type":"Feature","id":155905,"geometry":{"type":"Polygon","coordinates":[[[-73.847299408386519,40.876741294482159],[-73.848167407326429,40.876460292979004],[-73.846023407220969,40.872498292945821],[-73.844231406569705,40.873078293756031],[-73.846369406827378,40.87704329388071],[-73.847299408386519,40.876741294482159]]]},"properties":{"OBJECTID":155905,"GEOID20":"360050358006","GEOID10":"360050358006","STATEFP":"36","COUNTYFP":"005","D1C":7.9915966762629767,"D1C5_RET":0.36091081763768285,"D2B_E5MIXA":0.50880093900192236,"D3A":18.071651615461786,"D3AAO":0,"D3B":121.00205424250358,"D4A":150.21000000000001,"D4C":60.329999999999998,"D4D":1990.7428231399999,"D5AR":539358,"D5BR":2776438}},{"type":"Feature","id":155906,"geometry":{"type":"Polygon","coordinates":[[[-73.846892406884109,40.872226292909808],[-73.845997407281715,40.87056829224511],[-73.84609140699304,40.870398293257004],[-73.843587405240839,40.869096292784334],[-73.842636405561933,40.869422293065981],[-73.843170405489332,40.870298292289782],[-73.844231406569705,40.873078293756031],[-73.846892406884109,40.872226292909808]]]},"properties":{"OBJECTID":155906,"GEOID20":"360050358007","GEOID10":"360050358007","STATEFP":"36","COUNTYFP":"005","D1C":4.9689234273018785,"D1C5_RET":1.2178733890445781,"D2B_E5MIXA":0.68320013635108934,"D3A":23.829941925167518,"D3AAO":0,"D3B":187.12770767476627,"D4A":206.53,"D4C":43,"D4D":1340.63502666,"D5AR":540732,"D5BR":2706810}},{"type":"Feature","id":155907,"geometry":{"type":"Polygon","coordinates":[[[-73.849030408040093,40.876181294717902],[-73.849885408357849,40.875883294161518],[-73.84866140707085,40.873619292866628],[-73.846924407569475,40.874162294090183],[-73.848167407326429,40.876460292979004],[-73.849030408040093,40.876181294717902]]]},"properties":{"OBJECTID":155907,"GEOID20":"360050364002","GEOID10":"360050364002","STATEFP":"36","COUNTYFP":"005","D1C":2.2353663835357813,"D1C5_RET":0,"D2B_E5MIXA":0.57111481112795937,"D3A":24.063120799857799,"D3AAO":0,"D3B":178.82931068286254,"D4A":151.55000000000001,"D4C":39,"D4D":2324.7810388799999,"D5AR":540276,"D5BR":2703029}},{"type":"Feature","id":155908,"geometry":{"type":"Polygon","coordinates":[[[-73.85363840971479,40.8733092930457],[-73.851663409663715,40.872693292016727],[-73.84866140707085,40.873619292866628],[-73.849885408357849,40.875883294161518],[-73.851202409531282,40.875162293625621],[-73.85363840971479,40.8733092930457]]]},"properties":{"OBJECTID":155908,"GEOID20":"360050364003","GEOID10":"360050364003","STATEFP":"36","COUNTYFP":"005","D1C":7.6041195542595785,"D1C5_RET":1.7671545442997614,"D2B_E5MIXA":0.84170547747697233,"D3A":30.153815232394326,"D3AAO":0,"D3B":228.52628366333687,"D4A":189.09999999999999,"D4C":39.329999999999998,"D4D":1347.92122623,"D5AR":533504,"D5BR":2334078}},{"type":"Feature","id":155909,"geometry":{"type":"Polygon","coordinates":[[[-73.8934754200029,40.84287028575713],[-73.894102419816704,40.842198285627425],[-73.892170419423366,40.8410582864256],[-73.890555419222409,40.84268628626954],[-73.891621419427352,40.843222285953658],[-73.892908419565245,40.84342428590174],[-73.8934754200029,40.84287028575713]]]},"properties":{"OBJECTID":155909,"GEOID20":"360050369022","GEOID10":"360050369022","STATEFP":"36","COUNTYFP":"005","D1C":13.938642097486863,"D1C5_RET":0.65046996454938688,"D2B_E5MIXA":0.35099804910272897,"D3A":35.651414027773711,"D3AAO":7.3926734693368594,"D3B":59.471528010611138,"D4A":166.30000000000001,"D4C":24.329999999999998,"D4D":1446.9422764999999,"D5AR":700982,"D5BR":1375663}},{"type":"Feature","id":155910,"geometry":{"type":"Polygon","coordinates":[[[-73.866142414090675,40.875282293152566],[-73.86607941344316,40.875098293336194],[-73.86497641252997,40.874938293021032],[-73.864621413601057,40.876812293355805],[-73.865519412678182,40.877097294028289],[-73.866142414090675,40.875282293152566]]]},"properties":{"OBJECTID":155910,"GEOID20":"360050374003","GEOID10":"360050374003","STATEFP":"36","COUNTYFP":"005","D1C":3.8023907912338961,"D1C5_RET":0,"D2B_E5MIXA":0,"D3A":15.456667537914276,"D3AAO":0,"D3B":85.429714787469777,"D4A":183.72999999999999,"D4C":72.670000000000002,"D4D":9307.6122542800003,"D5AR":596787,"D5BR":3224742}},{"type":"Feature","id":155911,"geometry":{"type":"Polygon","coordinates":[[[-73.870314415747245,40.875349292822094],[-73.870378414423044,40.873293292191661],[-73.868209414203235,40.873243291875326],[-73.868051414019476,40.877807293179799],[-73.869436414964966,40.878137293962382],[-73.869422414721257,40.877995294226587],[-73.870030414268498,40.876498292843543],[-73.870314415747245,40.875349292822094]]]},"properties":{"OBJECTID":155911,"GEOID20":"360050376002","GEOID10":"360050376002","STATEFP":"36","COUNTYFP":"005","D1C":2.0820196780602713,"D1C5_RET":0,"D2B_E5MIXA":0.069910080563139673,"D3A":34.637675108762075,"D3AAO":0,"D3B":98.636241720291935,"D4A":223.97,"D4C":71,"D4D":2100.5318422700002,"D5AR":591127,"D5BR":3231650}},{"type":"Feature","id":155912,"geometry":{"type":"Polygon","coordinates":[[[-73.89931842283525,40.854078287957627],[-73.900004422200269,40.852525287907554],[-73.899273423527717,40.852257287498169],[-73.89816642241658,40.855154288229727],[-73.898777422336849,40.855372288249796],[-73.89931842283525,40.854078287957627]]]},"properties":{"OBJECTID":155912,"GEOID20":"360050379004","GEOID10":"360050379004","STATEFP":"36","COUNTYFP":"005","D1C":4.1403992835453085,"D1C5_RET":1.774456835805132,"D2B_E5MIXA":0.79346599803577589,"D3A":30.940982445426162,"D3AAO":0,"D3B":0,"D4A":295.05000000000001,"D4C":82.329999999999998,"D4D":10388.6955585,"D5AR":697382,"D5BR":2294939}},{"type":"Feature","id":155913,"geometry":{"type":"Polygon","coordinates":[[[-73.898657422686256,40.853860287756348],[-73.899273423527717,40.852257287498169],[-73.898366421534817,40.851921287633914],[-73.896441422610778,40.854916287669255],[-73.897100421313311,40.855180287565403],[-73.898312422904766,40.854069287072122],[-73.898657422686256,40.853860287756348]]]},"properties":{"OBJECTID":155913,"GEOID20":"360050379005","GEOID10":"360050379005","STATEFP":"36","COUNTYFP":"005","D1C":2.2032707693725277,"D1C5_RET":1.0436545749659343,"D2B_E5MIXA":0.6564874582905329,"D3A":32.219719398446806,"D3AAO":0,"D3B":99.003392213657335,"D4A":171.66,"D4C":96,"D4D":7124.6818984299998,"D5AR":685516,"D5BR":2289438}},{"type":"Feature","id":155914,"geometry":{"type":"Polygon","coordinates":[[[-73.850166409463554,40.878264294228565],[-73.850920408600658,40.877901294109549],[-73.849885408357849,40.875883294161518],[-73.848167407326429,40.876460292979004],[-73.849042407735666,40.878069293906876],[-73.849461408933635,40.878622294020381],[-73.850166409463554,40.878264294228565]]]},"properties":{"OBJECTID":155914,"GEOID20":"360050386007","GEOID10":"360050386007","STATEFP":"36","COUNTYFP":"005","D1C":8.101783158848276,"D1C5_RET":1.4541662079984086,"D2B_E5MIXA":0.64478878759078695,"D3A":22.280843486671831,"D3AAO":0,"D3B":132.95233901699734,"D4A":376.85000000000002,"D4C":39,"D4D":2592.5706108300001,"D5AR":489290,"D5BR":809237}},{"type":"Feature","id":155915,"geometry":{"type":"Polygon","coordinates":[[[-73.86595341394478,40.877887293993986],[-73.866272413787016,40.877335292996669],[-73.862131412092552,40.876019293939066],[-73.861645411845757,40.876865292503645],[-73.861625411754261,40.878261293444261],[-73.865238414267438,40.879156294088503],[-73.86595341394478,40.877887293993986]]]},"properties":{"OBJECTID":155915,"GEOID20":"360050380004","GEOID10":"360050380004","STATEFP":"36","COUNTYFP":"005","D1C":32.058227847289665,"D1C5_RET":3.3015189872581892,"D2B_E5MIXA":0.41003108992416459,"D3A":30.779716402197263,"D3AAO":0,"D3B":91.898977212863301,"D4A":244.08000000000001,"D4C":72.670000000000002,"D4D":2225.3577721000001,"D5AR":533593,"D5BR":3240469}},{"type":"Feature","id":155916,"geometry":{"type":"Polygon","coordinates":[[[-73.900924422815365,40.85287128798889],[-73.901400423914737,40.850785287380965],[-73.900695423384818,40.850261287770451],[-73.900004422200269,40.852525287907554],[-73.89931842283525,40.854078287957627],[-73.900259422468409,40.854302287105554],[-73.900924422815365,40.85287128798889]]]},"properties":{"OBJECTID":155916,"GEOID20":"360050381004","GEOID10":"360050381004","STATEFP":"36","COUNTYFP":"005","D1C":90.379992054242393,"D1C5_RET":1.3202920486011505,"D2B_E5MIXA":0.10359782280873529,"D3A":22.510046325590768,"D3AAO":0,"D3B":153.56602136784804,"D4A":248.11000000000001,"D4C":86.329999999999998,"D4D":6628.6773123399998,"D5AR":712774,"D5BR":2276956}},{"type":"Feature","id":155917,"geometry":{"type":"Polygon","coordinates":[[[-73.903031424009185,40.849410285802897],[-73.903282423181068,40.848700287266965],[-73.902401423822354,40.848523286742989],[-73.901941423514813,40.848207286785822],[-73.901668423703342,40.848120286320196],[-73.9014904234281,40.848117286887906],[-73.90095042365293,40.84843328659472],[-73.900987423462865,40.848729286501516],[-73.900695423384818,40.850261287770451],[-73.902791423809703,40.851807286431296],[-73.902880424396471,40.851406287383938],[-73.902802424578667,40.850074286356318],[-73.903031424009185,40.849410285802897]]]},"properties":{"OBJECTID":155917,"GEOID20":"360050381006","GEOID10":"360050381006","STATEFP":"36","COUNTYFP":"005","D1C":6.5389813036420845,"D1C5_RET":1.6667991558303352,"D2B_E5MIXA":0.64577402331726985,"D3A":48.54509618607117,"D3AAO":0,"D3B":351.92985937652742,"D4A":222.63,"D4C":86.670000000000002,"D4D":4157.2524072699998,"D5AR":711120,"D5BR":2269650}},{"type":"Feature","id":155918,"geometry":{"type":"Polygon","coordinates":[[[-73.898636421871544,40.853915287282568],[-73.898312422904766,40.854069287072122],[-73.897100421313311,40.855180287565403],[-73.896441422610778,40.854916287669255],[-73.895264421179434,40.856751288255154],[-73.895827422317453,40.857034288052198],[-73.896127421893112,40.856923287886964],[-73.896198422038225,40.856801288115143],[-73.896875422979036,40.857069289167526],[-73.897264423141465,40.856338288239975],[-73.897308421725768,40.856518288002114],[-73.89816642241658,40.855154288229727],[-73.898636421871544,40.853915287282568]]]},"properties":{"OBJECTID":155918,"GEOID20":"360050383022","GEOID10":"360050383022","STATEFP":"36","COUNTYFP":"005","D1C":20.696162739249488,"D1C5_RET":0.21118533407397438,"D2B_E5MIXA":0.2936858524193946,"D3A":25.429097361673861,"D3AAO":0,"D3B":180.23401151209265,"D4A":336.62,"D4C":78.329999999999998,"D4D":5293.4871097599998,"D5AR":688879,"D5BR":2293744}},{"type":"Feature","id":155919,"geometry":{"type":"Polygon","coordinates":[[[-73.848612408463666,40.879047294594955],[-73.848359407845379,40.878732294694515],[-73.847299408386519,40.876741294482159],[-73.846369406827378,40.87704329388071],[-73.847693408571814,40.87949629487624],[-73.848612408463666,40.879047294594955]]]},"properties":{"OBJECTID":155919,"GEOID20":"360050386006","GEOID10":"360050386006","STATEFP":"36","COUNTYFP":"005","D1C":9.3090529958568897,"D1C5_RET":1.4960978029055716,"D2B_E5MIXA":0.59484099959668768,"D3A":29.886639354866393,"D3AAO":0,"D3B":106.38917709550731,"D4A":0,"D4C":29,"D4D":3085.2861357699999,"D5AR":496493,"D5BR":809280}},{"type":"Feature","id":155920,"geometry":{"type":"Polygon","coordinates":[[[-73.889919419187791,40.856806288778522],[-73.888450420373331,40.856032288948647],[-73.886874418733825,40.857835288854083],[-73.888346419717934,40.858608289253823],[-73.889919419187791,40.856806288778522]]]},"properties":{"OBJECTID":155920,"GEOID20":"360050387003","GEOID10":"360050387003","STATEFP":"36","COUNTYFP":"005","D1C":5.4683915640217018,"D1C5_RET":0.44639931134871036,"D2B_E5MIXA":0.575128819141147,"D3A":20.611773374517114,"D3AAO":0,"D3B":142.84777963158731,"D4A":307.12,"D4C":80.670000000000002,"D4D":5761.7651914400003,"D5AR":640612,"D5BR":2094661}},{"type":"Feature","id":155921,"geometry":{"type":"Polygon","coordinates":[[[-73.88400341925545,40.855065288414252],[-73.88446241883976,40.854160288570796],[-73.883629418263311,40.853917288314577],[-73.882520418400674,40.85612028800147],[-73.883012417596944,40.85624528945084],[-73.883271418063032,40.85603628952579],[-73.88400341925545,40.855065288414252]]]},"properties":{"OBJECTID":155921,"GEOID20":"360050389004","GEOID10":"360050389004","STATEFP":"36","COUNTYFP":"005","D1C":13.712258493989962,"D1C5_RET":6.8561292469949811,"D2B_E5MIXA":0.76432122535469582,"D3A":35.058182363162132,"D3AAO":0,"D3B":146.26409060255958,"D4A":250.78999999999999,"D4C":66,"D4D":9653.4299797700005,"D5AR":652215,"D5BR":640776}},{"type":"Feature","id":155922,"geometry":{"type":"Polygon","coordinates":[[[-73.887569419218011,40.855564289057149],[-73.888238420661224,40.854770288438225],[-73.886852418992518,40.854103288221637],[-73.886452418959436,40.854049287666761],[-73.885356417718938,40.854311288638883],[-73.885422418739495,40.854506288946624],[-73.887569419218011,40.855564289057149]]]},"properties":{"OBJECTID":155922,"GEOID20":"360050391006","GEOID10":"360050391006","STATEFP":"36","COUNTYFP":"005","D1C":35.733302346045292,"D1C5_RET":11.845293595374129,"D2B_E5MIXA":0.96099417492107497,"D3A":44.956973242939107,"D3AAO":0,"D3B":0,"D4A":379.54000000000002,"D4C":64,"D4D":8086.3870944399996,"D5AR":639656,"D5BR":620890}},{"type":"Feature","id":155923,"geometry":{"type":"Polygon","coordinates":[[[-73.865279414275307,40.885201294905492],[-73.865661412968407,40.884496294856064],[-73.864254413179935,40.884037295284251],[-73.865348413872283,40.88179229518915],[-73.863951413231234,40.881442294327123],[-73.862417413221138,40.884289295230225],[-73.865279414275307,40.885201294905492]]]},"properties":{"OBJECTID":155923,"GEOID20":"360050392002","GEOID10":"360050392002","STATEFP":"36","COUNTYFP":"005","D1C":7.6020922244309554,"D1C5_RET":0.21929112185858526,"D2B_E5MIXA":0.45320750135150073,"D3A":32.924010317330527,"D3AAO":0,"D3B":109.18943539582676,"D4A":174.34999999999999,"D4C":42,"D4D":1964.8484518499999,"D5AR":522582,"D5BR":3460638}},{"type":"Feature","id":155924,"geometry":{"type":"Polygon","coordinates":[[[-73.883282417933685,40.852572288329036],[-73.883821417883951,40.851507288552042],[-73.882323416960546,40.851069287061812],[-73.882004417118324,40.852197287623149],[-73.883282417933685,40.852572288329036]]]},"properties":{"OBJECTID":155924,"GEOID20":"360050393005","GEOID10":"360050393005","STATEFP":"36","COUNTYFP":"005","D1C":0,"D1C5_RET":0,"D2B_E5MIXA":0,"D3A":38.40354826111291,"D3AAO":0,"D3B":217.50830247808798,"D4A":246.77000000000001,"D4C":28.329999999999998,"D4D":4619.1980578700004,"D5AR":674659,"D5BR":504298}},{"type":"Feature","id":155925,"geometry":{"type":"Polygon","coordinates":[[[-73.884200418000617,40.850713287555571],[-73.884479417659875,40.850052287314433],[-73.882884417550414,40.849082287085871],[-73.882323416960546,40.851069287061812],[-73.883821417883951,40.851507288552042],[-73.884200418000617,40.850713287555571]]]},"properties":{"OBJECTID":155925,"GEOID20":"360050393006","GEOID10":"360050393006","STATEFP":"36","COUNTYFP":"005","D1C":12.526218070322189,"D1C5_RET":0,"D2B_E5MIXA":0.25658033854800494,"D3A":29.130710868589794,"D3AAO":0,"D3B":89.075369411910629,"D4A":198.49000000000001,"D4C":40.670000000000002,"D4D":3622.6952739799999,"D5AR":684859,"D5BR":554480}},{"type":"Feature","id":155926,"geometry":{"type":"Polygon","coordinates":[[[-73.864895413237434,40.885905294542816],[-73.865279414275307,40.885201294905492],[-73.862417413221138,40.884289295230225],[-73.861641413444417,40.885701295017242],[-73.864506413973317,40.88661629465544],[-73.864895413237434,40.885905294542816]]]},"properties":{"OBJECTID":155926,"GEOID20":"360050394004","GEOID10":"360050394004","STATEFP":"36","COUNTYFP":"005","D1C":2.0917732214429892,"D1C5_RET":0,"D2B_E5MIXA":0.24058857579708925,"D3A":36.058731716868635,"D3AAO":0,"D3B":0,"D4A":252.13,"D4C":42.329999999999998,"D4D":2463.8542042099998,"D5AR":494143,"D5BR":3224235}},{"type":"Feature","id":155927,"geometry":{"type":"Polygon","coordinates":[[[-73.901261423997568,40.844580286182016],[-73.901305422581871,40.844485285881269],[-73.901097423067711,40.84445428551043],[-73.894810420719665,40.843769286286815],[-73.893568420787631,40.845146285930994],[-73.892902420615783,40.846277286265256],[-73.893845419898739,40.84649728684979],[-73.895360421438895,40.846526285689372],[-73.896178421946729,40.846667286708623],[-73.899313422812369,40.847290285765474],[-73.899672421939243,40.847446285872202],[-73.901261423997568,40.844580286182016]]]},"properties":{"OBJECTID":155927,"GEOID20":"360050395004","GEOID10":"360050395004","STATEFP":"36","COUNTYFP":"005","D1C":47.508202467966562,"D1C5_RET":0.30749645610334342,"D2B_E5MIXA":0.551107271266706,"D3A":52.620307532642698,"D3AAO":4.4694586387808224,"D3B":567.51171441549786,"D4A":257.5,"D4C":61.329999999999998,"D4D":877.15457270900004,"D5AR":768292,"D5BR":2015518}},{"type":"Feature","id":155928,"geometry":{"type":"Polygon","coordinates":[[[-73.892234420794082,40.862893289878166],[-73.892853422008599,40.861841289627797],[-73.891816421217669,40.861825290078819],[-73.890162420658655,40.863485290284359],[-73.89131342125242,40.864140290205476],[-73.891792420029901,40.863658290802832],[-73.892234420794082,40.862893289878166]]]},"properties":{"OBJECTID":155928,"GEOID20":"360050399013","GEOID10":"360050399013","STATEFP":"36","COUNTYFP":"005","D1C":16.139360146997294,"D1C5_RET":7.1730489542210192,"D2B_E5MIXA":0.80590296890936575,"D3A":39.883580356695568,"D3AAO":0,"D3B":95.640652722946925,"D4A":241.40000000000001,"D4C":149.66999999999999,"D4D":14314.536493,"D5AR":623955,"D5BR":2288028}},{"type":"Feature","id":155988,"geometry":{"type":"Polygon","coordinates":[[[-73.908149424423499,40.834912284013967],[-73.908692424571711,40.833946282950052],[-73.907086424591625,40.833425283508227],[-73.905785424210023,40.835732284196212],[-73.907403425682332,40.836240284217297],[-73.908149424423499,40.834912284013967]]]},"properties":{"OBJECTID":155988,"GEOID20":"360050147011","GEOID10":"360050147011","STATEFP":"36","COUNTYFP":"005","D1C":0.49070527656169016,"D1C5_RET":0,"D2B_E5MIXA":0,"D3A":25.790194273292215,"D3AAO":0,"D3B":41.89445369173086,"D4A":89.859999999999999,"D4C":53.329999999999998,"D4D":3349.6719870799998,"D5AR":939042,"D5BR":880048}},{"type":"Feature","id":155989,"geometry":{"type":"Polygon","coordinates":[[[-73.911311425053341,40.824857281323112],[-73.910591424454793,40.823872281549768],[-73.910520425208006,40.822806281508001],[-73.910701424957963,40.822332281660664],[-73.909852424487994,40.822561281231096],[-73.908419423861929,40.82218928126958],[-73.907742423819414,40.823823281266698],[-73.911311425053341,40.824857281323112]]]},"properties":{"OBJECTID":155989,"GEOID20":"360050141002","GEOID10":"360050141002","STATEFP":"36","COUNTYFP":"005","D1C":8.3182238942061879,"D1C5_RET":1.9723623666674466,"D2B_E5MIXA":0.91765549353914799,"D3A":40.605871613193287,"D3AAO":0,"D3B":237.86347122467379,"D4A":226.65000000000001,"D4C":52.329999999999998,"D4D":2872.0340215000001,"D5AR":875305,"D5BR":1284471}},{"type":"Feature","id":155990,"geometry":{"type":"Polygon","coordinates":[[[-73.826718397067893,40.821827284468242],[-73.82537039683065,40.820220283703449],[-73.823929396706973,40.820716283636862],[-73.824543397000298,40.821646284307008],[-73.823956396471161,40.821852283302427],[-73.823276396953901,40.822285283586474],[-73.823545396567425,40.822748284135152],[-73.823702396926265,40.823322284383195],[-73.826718397067893,40.821827284468242]]]},"properties":{"OBJECTID":155990,"GEOID20":"360050144003","GEOID10":"360050144003","STATEFP":"36","COUNTYFP":"005","D1C":0,"D1C5_RET":0,"D2B_E5MIXA":0,"D3A":0,"D3AAO":0,"D3B":35.486621183028916,"D4A":201.16999999999999,"D4C":12.67,"D4D":674.08619248699995,"D5AR":852683,"D5BR":1117848}},{"type":"Feature","id":155991,"geometry":{"type":"Polygon","coordinates":[[[-73.824543397000298,40.821646284307008],[-73.823929396706973,40.820716283636862],[-73.820986396360254,40.821741284028818],[-73.822566396401101,40.823588284289315],[-73.82283439618972,40.823753284683981],[-73.823702396926265,40.823322284383195],[-73.823545396567425,40.822748284135152],[-73.823276396953901,40.822285283586474],[-73.823956396471161,40.821852283302427],[-73.824543397000298,40.821646284307008]]]},"properties":{"OBJECTID":155991,"GEOID20":"360050144004","GEOID10":"360050144004","STATEFP":"36","COUNTYFP":"005","D1C":0,"D1C5_RET":0,"D2B_E5MIXA":0,"D3A":7.3012131373620495,"D3AAO":0,"D3B":71.198470673929009,"D4A":151.55000000000001,"D4C":13,"D4D":693.83816998600003,"D5AR":775854,"D5BR":1117989}},{"type":"Feature","id":155992,"geometry":{"type":"Polygon","coordinates":[[[-73.907086424591625,40.833425283508227],[-73.90591642373127,40.833063283468313],[-73.904635424339489,40.835344284886787],[-73.905785424210023,40.835732284196212],[-73.907086424591625,40.833425283508227]]]},"properties":{"OBJECTID":155992,"GEOID20":"360050147013","GEOID10":"360050147013","STATEFP":"36","COUNTYFP":"005","D1C":6.1816872049789779,"D1C5_RET":0,"D2B_E5MIXA":0,"D3A":9.4597144962758293,"D3AAO":0,"D3B":0,"D4A":313.81999999999999,"D4C":47.670000000000002,"D4D":4191.0190799800002,"D5AR":865440,"D5BR":962787}},{"type":"Feature","id":155993,"geometry":{"type":"Polygon","coordinates":[[[-73.904510423767718,40.838026284150288],[-73.90535142294344,40.83651628495145],[-73.904160423065022,40.836189284029743],[-73.903339423082457,40.837650283620299],[-73.904510423767718,40.838026284150288]]]},"properties":{"OBJECTID":155993,"GEOID20":"360050147021","GEOID10":"360050147021","STATEFP":"36","COUNTYFP":"005","D1C":0,"D1C5_RET":0,"D2B_E5MIXA":0,"D3A":17.502603709168035,"D3AAO":0,"D3B":0,"D4A":409.04000000000002,"D4C":38.329999999999998,"D4D":5178.1977004600003,"D5AR":911800,"D5BR":814460}},{"type":"Feature","id":155995,"geometry":{"type":"Polygon","coordinates":[[[-73.906941423928345,40.836977283826847],[-73.907403425682332,40.836240284217297],[-73.905785424210023,40.835732284196212],[-73.90535142294344,40.83651628495145],[-73.905796424080677,40.836664284497473],[-73.90590142456098,40.836573284797353],[-73.906355425020735,40.836733284007593],[-73.906403423802985,40.836850283899288],[-73.906907424491465,40.837031284021982],[-73.906941423928345,40.836977283826847]]]},"properties":{"OBJECTID":155995,"GEOID20":"360050147023","GEOID10":"360050147023","STATEFP":"36","COUNTYFP":"005","D1C":11.374730219067468,"D1C5_RET":0,"D2B_E5MIXA":0,"D3A":25.410204374493738,"D3AAO":0,"D3B":0,"D4A":119.36,"D4C":44,"D4D":8657.0919721299997,"D5AR":886205,"D5BR":790027}},{"type":"Feature","id":155996,"geometry":{"type":"Polygon","coordinates":[[[-73.906907424491465,40.837031284021982],[-73.906403423802985,40.836850283899288],[-73.906355425020735,40.836733284007593],[-73.906035423556972,40.836613284636108],[-73.905863424027828,40.836573284797353],[-73.905796424080677,40.836664284497473],[-73.90535142294344,40.83651628495145],[-73.904510423767718,40.838026284150288],[-73.905980425102015,40.838513284517056],[-73.906907424491465,40.837031284021982]]]},"properties":{"OBJECTID":155996,"GEOID20":"360050147024","GEOID10":"360050147024","STATEFP":"36","COUNTYFP":"005","D1C":2.6295936041972525,"D1C5_RET":0,"D2B_E5MIXA":0,"D3A":43.348434476794722,"D3AAO":0,"D3B":330.15321110580089,"D4A":197.13999999999999,"D4C":44,"D4D":4355.8444643599996,"D5AR":948260,"D5BR":776299}},{"type":"Feature","id":155997,"geometry":{"type":"Polygon","coordinates":[[[-73.826215398000954,40.829231285373666],[-73.82700639784629,40.828843285403423],[-73.823868396607608,40.82515428516389],[-73.824639397259759,40.824774285301331],[-73.822250396931935,40.823927284210477],[-73.819141395107238,40.822355285117467],[-73.819473396266574,40.822847284179524],[-73.820690395185935,40.82531328481268],[-73.820978395066035,40.825602285181887],[-73.823580397625832,40.827875285180504],[-73.825295397385887,40.829697285276765],[-73.826215398000954,40.829231285373666]]]},"properties":{"OBJECTID":155997,"GEOID20":"360050152002","GEOID10":"360050152002","STATEFP":"36","COUNTYFP":"005","D1C":9.2019629154891085,"D1C5_RET":2.3620011761683273,"D2B_E5MIXA":0.78670952292418239,"D3A":36.477583100264063,"D3AAO":10.78301438674981,"D3B":110.24246822902971,"D4A":262.86000000000001,"D4C":13,"D4D":204.70676860099999,"D5AR":860414,"D5BR":960364}},{"type":"Feature","id":155998,"geometry":{"type":"Polygon","coordinates":[[[-73.819776397113586,40.835141287040862],[-73.818710396010331,40.832605286056861],[-73.816466395447449,40.833407287000099],[-73.816658395966371,40.834355286753052],[-73.817205395414234,40.835748287328052],[-73.819776397113586,40.835141287040862]]]},"properties":{"OBJECTID":155998,"GEOID20":"360050160004","GEOID10":"360050160004","STATEFP":"36","COUNTYFP":"005","D1C":1.0336363085012634,"D1C5_RET":0,"D2B_E5MIXA":0.61144732299402005,"D3A":33.913737844623647,"D3AAO":0,"D3B":151.61377373096531,"D4A":201.16999999999999,"D4C":13,"D4D":537.49088042100004,"D5AR":752594,"D5BR":834927}},{"type":"Feature","id":155999,"geometry":{"type":"Polygon","coordinates":[[[-73.887838418831507,40.83729728466848],[-73.888743418479663,40.835715285367073],[-73.886964417348878,40.835104284296342],[-73.885965417989397,40.836777284810154],[-73.887760418115391,40.837376285061197],[-73.887838418831507,40.83729728466848]]]},"properties":{"OBJECTID":155999,"GEOID20":"360050161004","GEOID10":"360050161004","STATEFP":"36","COUNTYFP":"005","D1C":29.65495361367373,"D1C5_RET":2.7502577948165152,"D2B_E5MIXA":0.3442417703399378,"D3A":18.921277441640324,"D3AAO":0,"D3B":76.52891255141607,"D4A":124.72,"D4C":71.670000000000002,"D4D":5484.82716256,"D5AR":795504,"D5BR":1962555}},{"type":"Feature","id":156000,"geometry":{"type":"Polygon","coordinates":[[[-73.825295397385887,40.829697285276765],[-73.823580397625832,40.827875285180504],[-73.819885395995215,40.829696285414656],[-73.821483397376042,40.831581286879384],[-73.825295397385887,40.829697285276765]]]},"properties":{"OBJECTID":156000,"GEOID20":"360050162002","GEOID10":"360050162002","STATEFP":"36","COUNTYFP":"005","D1C":4.2901533502873619,"D1C5_RET":0.21450766751436809,"D2B_E5MIXA":0.62814294329776255,"D3A":25.346169416754144,"D3AAO":0,"D3B":155.6261708123441,"D4A":307.12,"D4C":19,"D4D":521.682647395,"D5AR":771124,"D5BR":835583}},{"type":"Feature","id":156001,"geometry":{"type":"Polygon","coordinates":[[[-73.900568421366572,40.83660028438532],[-73.901213421622046,40.835506283893636],[-73.899635422129336,40.835024284132956],[-73.896967421243914,40.834351284866905],[-73.895140420432554,40.835437284465705],[-73.894631421517857,40.836000284151957],[-73.893947420006015,40.836439283734357],[-73.893641419684258,40.836520283988342],[-73.890844418927415,40.836786284646365],[-73.888742419553068,40.837976285753598],[-73.888413419665085,40.838561285090748],[-73.887290417762102,40.838143285158012],[-73.886599419272514,40.839287285112036],[-73.888139419130397,40.839870286374712],[-73.888692417527722,40.839166285887231],[-73.890175418382498,40.839882285596147],[-73.894102419816704,40.842198285627425],[-73.896640421904081,40.843508286095862],[-73.900568421366572,40.83660028438532]]]},"properties":{"OBJECTID":156001,"GEOID20":"360050163001","GEOID10":"360050163001","STATEFP":"36","COUNTYFP":"005","D1C":0,"D1C5_RET":0,"D2B_E5MIXA":0,"D3A":41.089387672865243,"D3AAO":0.051002248212201895,"D3B":484.89995072993946,"D4A":371.49000000000001,"D4C":103,"D4D":455.23041868500002,"D5AR":805041,"D5BR":1281970}},{"type":"Feature","id":156002,"geometry":{"type":"Polygon","coordinates":[[[-73.912396426423157,40.830944283055508],[-73.913125425445912,40.829708283079079],[-73.912256424884461,40.829427282540472],[-73.911385425571495,40.83099628304219],[-73.912396426423157,40.830944283055508]]]},"properties":{"OBJECTID":156002,"GEOID20":"360050175006","GEOID10":"360050175006","STATEFP":"36","COUNTYFP":"005","D1C":1.2256968446610348,"D1C5_RET":0.3064242111652587,"D2B_E5MIXA":0.34939847028229709,"D3A":20.357221171310055,"D3AAO":0,"D3B":0,"D4A":191.78,"D4C":28,"D4D":5491.1218640799998,"D5AR":935889,"D5BR":2191177}},{"type":"Feature","id":156003,"geometry":{"type":"Polygon","coordinates":[[[-73.910516424111719,40.832580283119746],[-73.909622425232541,40.832289282929395],[-73.908692424571711,40.833946282950052],[-73.909575424478575,40.834196282957109],[-73.910516424111719,40.832580283119746]]]},"properties":{"OBJECTID":156003,"GEOID20":"360050177012","GEOID10":"360050177012","STATEFP":"36","COUNTYFP":"005","D1C":12.148426437101902,"D1C5_RET":5.314936566232082,"D2B_E5MIXA":0.60830918670056766,"D3A":13.287088808748683,"D3AAO":0,"D3B":161.97901916135871,"D4A":177.03,"D4C":53.329999999999998,"D4D":8638.34109188,"D5AR":868513,"D5BR":1525434}},{"type":"Feature","id":156004,"geometry":{"type":"Polygon","coordinates":[[[-73.912396426423157,40.830944283055508],[-73.911385425571495,40.83099628304219],[-73.910491423997371,40.830745282677519],[-73.909622425232541,40.832289282929395],[-73.910516424111719,40.832580283119746],[-73.909575424478575,40.834196282957109],[-73.91034342475767,40.834439283487797],[-73.912396426423157,40.830944283055508]]]},"properties":{"OBJECTID":156004,"GEOID20":"360050177013","GEOID10":"360050177013","STATEFP":"36","COUNTYFP":"005","D1C":54.413463289761687,"D1C5_RET":3.6336202530725665,"D2B_E5MIXA":0.28966903221408158,"D3A":29.632756567749713,"D3AAO":0,"D3B":232.55169619664426,"D4A":156.91,"D4C":53.329999999999998,"D4D":3100.4954895400001,"D5AR":934750,"D5BR":2191910}},{"type":"Feature","id":156005,"geometry":{"type":"Polygon","coordinates":[[[-73.909575424478575,40.834196282957109],[-73.908692424571711,40.833946282950052],[-73.907403425682332,40.836240284217297],[-73.905980425102015,40.838513284517056],[-73.905384424352036,40.839777284859423],[-73.905608423759702,40.839852284820068],[-73.906786424117655,40.838262284745532],[-73.907474424929134,40.837771284253151],[-73.907981425092331,40.837186284060898],[-73.909575424478575,40.834196282957109]]]},"properties":{"OBJECTID":156005,"GEOID20":"360050177022","GEOID10":"360050177022","STATEFP":"36","COUNTYFP":"005","D1C":17.262717082961526,"D1C5_RET":3.2635982544902391,"D2B_E5MIXA":0.90354251533121821,"D3A":40.838637263511188,"D3AAO":0,"D3B":253.90887200591044,"D4A":48.280000000000001,"D4C":53.329999999999998,"D4D":2900.18422448,"D5AR":951991,"D5BR":624865}},{"type":"Feature","id":156006,"geometry":{"type":"Polygon","coordinates":[[[-73.917631427013333,40.834596283726263],[-73.917707427181313,40.834518283888045],[-73.915858426628645,40.833847283162477],[-73.915026426775441,40.835275283251285],[-73.91646842762232,40.835786284046179],[-73.917631427013333,40.834596283726263]]]},"properties":{"OBJECTID":156006,"GEOID20":"360050179013","GEOID10":"360050179013","STATEFP":"36","COUNTYFP":"005","D1C":4.7048671015430976,"D1C5_RET":2.883628223526415,"D2B_E5MIXA":0.55085173791274877,"D3A":58.918996433740517,"D3AAO":0,"D3B":161.92027784820323,"D4A":130.09,"D4C":101,"D4D":9810.4067562500004,"D5AR":852476,"D5BR":2187337}},{"type":"Feature","id":156007,"geometry":{"type":"Polygon","coordinates":[[[-73.915872427770665,40.83640128331264],[-73.914818427261295,40.835998283938174],[-73.913727425145353,40.837118284092824],[-73.914781426553034,40.837525283790562],[-73.915872427770665,40.83640128331264]]]},"properties":{"OBJECTID":156007,"GEOID20":"360050179022","GEOID10":"360050179022","STATEFP":"36","COUNTYFP":"005","D1C":2.1267527067514003,"D1C5_RET":0,"D2B_E5MIXA":0.41105235128793471,"D3A":38.83686031158539,"D3AAO":0,"D3B":170.14021654011202,"D4A":0,"D4C":101.33,"D4D":17240.308142000002,"D5AR":877096,"D5BR":2186717}},{"type":"Feature","id":156008,"geometry":{"type":"Polygon","coordinates":[[[-73.921172428658167,40.829636282106343],[-73.919643427772627,40.829122282557847],[-73.918945428712021,40.830343282079888],[-73.920462427207056,40.830923282265054],[-73.921172428658167,40.829636282106343]]]},"properties":{"OBJECTID":156008,"GEOID20":"360050183013","GEOID10":"360050183013","STATEFP":"36","COUNTYFP":"005","D1C":29.202812211975491,"D1C5_RET":0.37681048015452245,"D2B_E5MIXA":0.34942416788291181,"D3A":36.988702624565398,"D3AAO":0,"D3B":80.426428884181277,"D4A":182.38999999999999,"D4C":66,"D4D":7958.2373408599997,"D5AR":867064,"D5BR":2179555}},{"type":"Feature","id":156009,"geometry":{"type":"Polygon","coordinates":[[[-73.915893426788742,40.832034282714638],[-73.915009427057001,40.831731282831683],[-73.914080426221076,40.833294283661921],[-73.914971426523849,40.833596282715746],[-73.915893426788742,40.832034282714638]]]},"properties":{"OBJECTID":156009,"GEOID20":"360050181012","GEOID10":"360050181012","STATEFP":"36","COUNTYFP":"005","D1C":12.183345770714824,"D1C5_RET":7.2581634378726614,"D2B_E5MIXA":0.71167698272586211,"D3A":24.001529693061133,"D3AAO":0,"D3B":110.65588601282435,"D4A":217.25999999999999,"D4C":75.329999999999998,"D4D":12497.3131834,"D5AR":858070,"D5BR":2187144}},{"type":"Feature","id":156010,"geometry":{"type":"Polygon","coordinates":[[[-73.916753427129379,40.832330283136294],[-73.915893426788742,40.832034282714638],[-73.914971426523849,40.833596282715746],[-73.915858426628645,40.833847283162477],[-73.916753427129379,40.832330283136294]]]},"properties":{"OBJECTID":156010,"GEOID20":"360050181013","GEOID10":"360050181013","STATEFP":"36","COUNTYFP":"005","D1C":1.8983188298610869,"D1C5_RET":0,"D2B_E5MIXA":0,"D3A":42.543418163732397,"D3AAO":0,"D3B":0,"D4A":242.74000000000001,"D4C":62.670000000000002,"D4D":10877.041469,"D5AR":864388,"D5BR":2187341}},{"type":"Feature","id":156011,"geometry":{"type":"Polygon","coordinates":[[[-73.921743428395459,40.82860828174401],[-73.92020242781436,40.828108282149323],[-73.919643427772627,40.829122282557847],[-73.921172428658167,40.829636282106343],[-73.921743428395459,40.82860828174401]]]},"properties":{"OBJECTID":156011,"GEOID20":"360050183012","GEOID10":"360050183012","STATEFP":"36","COUNTYFP":"005","D1C":0.93220721148507257,"D1C5_RET":0.69915540861380443,"D2B_E5MIXA":0.34939847028229709,"D3A":35.275328203710188,"D3AAO":0,"D3B":0,"D4A":198.49000000000001,"D4C":103.33,"D4D":15411.995386000001,"D5AR":846579,"D5BR":2163841}},{"type":"Feature","id":156012,"geometry":{"type":"Polygon","coordinates":[[[-73.908462423519637,40.82463228195671],[-73.908710424115085,40.824075280588758],[-73.906748422686192,40.823589281524413],[-73.905381423080669,40.82688328195951],[-73.907032424164939,40.825818281972793],[-73.908462423519637,40.82463228195671]]]},"properties":{"OBJECTID":156012,"GEOID20":"360050185004","GEOID10":"360050185004","STATEFP":"36","COUNTYFP":"005","D1C":5.6178816819121682,"D1C5_RET":0.78847462202276042,"D2B_E5MIXA":0.61677512595511219,"D3A":25.320987549214824,"D3AAO":0,"D3B":105.15097559295535,"D4A":190.44,"D4C":35.329999999999998,"D4D":2228.5446716900001,"D5AR":915574,"D5BR":1284830}},{"type":"Feature","id":156013,"geometry":{"type":"Polygon","coordinates":[[[-73.907742423819414,40.823823281266698],[-73.908419423861929,40.82218928126958],[-73.906458422257955,40.821723280950593],[-73.904294422061014,40.826928281725948],[-73.90508142350501,40.827122281819591],[-73.905381423080669,40.82688328195951],[-73.906748422686192,40.823589281524413],[-73.907742423819414,40.823823281266698]]]},"properties":{"OBJECTID":156013,"GEOID20":"360050185005","GEOID10":"360050185005","STATEFP":"36","COUNTYFP":"005","D1C":14.517773404253731,"D1C5_RET":0,"D2B_E5MIXA":0.076575542925664555,"D3A":22.200355852612308,"D3AAO":0,"D3B":122.92636578992239,"D4A":177.03,"D4C":44.329999999999998,"D4D":1634.47084447,"D5AR":908635,"D5BR":1284828}},{"type":"Feature","id":156014,"geometry":{"type":"Polygon","coordinates":[[[-73.926192430959802,40.838520283979896],[-73.927124431270443,40.836937283528073],[-73.925168430587647,40.836314283660094],[-73.923708430197408,40.838210284340931],[-73.926192430959802,40.838520283979896]]]},"properties":{"OBJECTID":156014,"GEOID20":"360050199006","GEOID10":"360050199006","STATEFP":"36","COUNTYFP":"005","D1C":8.6253268668081642,"D1C5_RET":0.68610554622337672,"D2B_E5MIXA":0.40567976483320362,"D3A":34.780088477637001,"D3AAO":0,"D3B":125.45929988084602,"D4A":146.18000000000001,"D4C":57,"D4D":3575.5900465999998,"D5AR":946973,"D5BR":1300648}},{"type":"Feature","id":156015,"geometry":{"type":"Polygon","coordinates":[[[-73.930138430863948,40.836074283182988],[-73.930082431685776,40.835853283572376],[-73.929722430937346,40.835631283452486],[-73.928083430446947,40.83726928289795],[-73.928349431484051,40.837536283012973],[-73.9283454321844,40.838256283629207],[-73.92858543058729,40.838444284141168],[-73.929012432181182,40.838420284495925],[-73.9294664308443,40.838128283698516],[-73.929791431432633,40.836887282950755],[-73.930138430863948,40.836074283182988]]]},"properties":{"OBJECTID":156015,"GEOID20":"360050193002","GEOID10":"360050193002","STATEFP":"36","COUNTYFP":"005","D1C":3.0711548896485188,"D1C5_RET":0,"D2B_E5MIXA":0,"D3A":11.810734633547478,"D3AAO":0,"D3B":0,"D4A":320.52999999999997,"D4C":26,"D4D":2322.9098801700002,"D5AR":935020,"D5BR":1457329}},{"type":"Feature","id":156016,"geometry":{"type":"Polygon","coordinates":[[[-73.922517429420679,40.831641282310336],[-73.921662429102923,40.831345282890943],[-73.920366427845906,40.833551284075988],[-73.921224428536703,40.833841283005796],[-73.922517429420679,40.831641282310336]]]},"properties":{"OBJECTID":156016,"GEOID20":"360050195003","GEOID10":"360050195003","STATEFP":"36","COUNTYFP":"005","D1C":24.391811615483597,"D1C5_RET":1.1433661694757937,"D2B_E5MIXA":0.24192806569278721,"D3A":36.320598099103684,"D3AAO":0,"D3B":0,"D4A":274.93000000000001,"D4C":79.329999999999998,"D4D":9675.0120772800001,"D5AR":925699,"D5BR":2179999}},{"type":"Feature","id":156017,"geometry":{"type":"Polygon","coordinates":[[[-73.919447428852365,40.835118283261508],[-73.919908428984812,40.834331283588448],[-73.918390427969925,40.833817283053456],[-73.917707427181313,40.834518283888045],[-73.919447428852365,40.835118283261508]]]},"properties":{"OBJECTID":156017,"GEOID20":"360050197004","GEOID10":"360050197004","STATEFP":"36","COUNTYFP":"005","D1C":2.5342680915485762,"D1C5_RET":0,"D2B_E5MIXA":0.52731798547163111,"D3A":36.769745836472296,"D3AAO":0,"D3B":180.21461984345433,"D4A":199.83000000000001,"D4C":85.329999999999998,"D4D":15377.7135112,"D5AR":959934,"D5BR":2180205}},{"type":"Feature","id":156097,"geometry":{"type":"Polygon","coordinates":[[[-73.924319430117691,40.847911285906349],[-73.923905430739211,40.847815285355559],[-73.923858429985231,40.847532285591036],[-73.923761429900864,40.847520285036495],[-73.923593430569682,40.847319286296631],[-73.923278430925407,40.8472402862024],[-73.922229429540593,40.848847285856969],[-73.921340428887646,40.849930286441129],[-73.922138430202295,40.850461286191567],[-73.922577430593449,40.849900286136283],[-73.92327243017931,40.849281286101359],[-73.924319430117691,40.847911285906349]]]},"properties":{"OBJECTID":156097,"GEOID20":"360050205013","GEOID10":"360050205013","STATEFP":"36","COUNTYFP":"005","D1C":4.0860019282323812,"D1C5_RET":0.24035305460190476,"D2B_E5MIXA":0.51530859213795888,"D3A":8.9990636721814976,"D3AAO":0,"D3B":0,"D4A":191.78,"D4C":68.329999999999998,"D4D":5255.4637506999998,"D5AR":914787,"D5BR":1011469}},{"type":"Feature","id":156104,"geometry":{"type":"Polygon","coordinates":[[[-73.847886406220724,40.845997287615582],[-73.846236404961346,40.84449828798347],[-73.844164404825918,40.842204287746021],[-73.84285340439861,40.841141286530942],[-73.842042403563468,40.840654286442991],[-73.841506403087948,40.841024287416914],[-73.843277403822825,40.843550287851969],[-73.844911404290329,40.845435288197208],[-73.844672404814048,40.845943287929217],[-73.844621404760417,40.846369287883512],[-73.845031405737572,40.848655288007798],[-73.844930405455216,40.850152288954369],[-73.845253405495413,40.849640289267349],[-73.845359404902297,40.848685289555853],[-73.845747405239834,40.848033288458446],[-73.846571405595427,40.847076288131817],[-73.847886406220724,40.845997287615582]]]},"properties":{"OBJECTID":156104,"GEOID20":"360050200002","GEOID10":"360050200002","STATEFP":"36","COUNTYFP":"005","D1C":32.802978688653951,"D1C5_RET":0.9835108248802773,"D2B_E5MIXA":0.77801975906192544,"D3A":31.154944637430702,"D3AAO":0,"D3B":228.41518225643031,"D4A":92.540000000000006,"D4C":79.670000000000002,"D4D":1474.9422572799999,"D5AR":764253,"D5BR":1606769}},{"type":"Feature","id":156105,"geometry":{"type":"Polygon","coordinates":[[[-73.849993407414573,40.842860287083411],[-73.850524406070591,40.842798286845806],[-73.84779940528378,40.840705286593433],[-73.846480405358832,40.839817286842553],[-73.845436404895196,40.840706287648693],[-73.848547406369704,40.843015287083908],[-73.849993407414573,40.842860287083411]]]},"properties":{"OBJECTID":156105,"GEOID20":"360050200003","GEOID10":"360050200003","STATEFP":"36","COUNTYFP":"005","D1C":4.9943173110100387,"D1C5_RET":0,"D2B_E5MIXA":0.67799664181273744,"D3A":28.928328027725414,"D3AAO":0,"D3B":105.07480882386415,"D4A":270.91000000000003,"D4C":75.670000000000002,"D4D":3406.6027350899999,"D5AR":801131,"D5BR":1036288}},{"type":"Feature","id":156106,"geometry":{"type":"Polygon","coordinates":[[[-73.851684406885184,40.839269286117528],[-73.850679405881294,40.838583286588076],[-73.850042405123418,40.839102286831377],[-73.849841405281964,40.83896628667862],[-73.84779940528378,40.840705286593433],[-73.848987405687453,40.84160828667617],[-73.851684406885184,40.839269286117528]]]},"properties":{"OBJECTID":156106,"GEOID20":"360050204002","GEOID10":"360050204002","STATEFP":"36","COUNTYFP":"005","D1C":35.592333873022142,"D1C5_RET":0.26235135532940151,"D2B_E5MIXA":0.17185570352173599,"D3A":33.917750849191521,"D3AAO":0,"D3B":111.99254656301493,"D4A":435.86000000000001,"D4C":82.670000000000002,"D4D":4626.8984629500001,"D5AR":779481,"D5BR":1034999}},{"type":"Feature","id":156107,"geometry":{"type":"Polygon","coordinates":[[[-73.853096407594848,40.841055287353299],[-73.852915406946565,40.840094285981237],[-73.851684406885184,40.839269286117528],[-73.848987405687453,40.84160828667617],[-73.850524406070591,40.842798286845806],[-73.851209406509014,40.842723287500228],[-73.851113406249567,40.84226228781025],[-73.850836405341809,40.84202728686121],[-73.852236407254225,40.840625287072868],[-73.85290140760118,40.84108028641451],[-73.853096407594848,40.841055287353299]]]},"properties":{"OBJECTID":156107,"GEOID20":"360050204003","GEOID10":"360050204003","STATEFP":"36","COUNTYFP":"005","D1C":4.8977299334077671,"D1C5_RET":1.4196318647558746,"D2B_E5MIXA":0.46178482264593151,"D3A":32.230171195041308,"D3AAO":0,"D3B":196.93133227893492,"D4A":429.16000000000003,"D4C":35,"D4D":1589.98768853,"D5AR":732307,"D5BR":1654839}},{"type":"Feature","id":156108,"geometry":{"type":"Polygon","coordinates":[[[-73.928151432015653,40.845515285309858],[-73.926739431305975,40.845177284619005],[-73.924735430044294,40.844821285396982],[-73.924389430437884,40.845230285301703],[-73.923278430925407,40.8472402862024],[-73.923593430569682,40.847319286296631],[-73.923761429900864,40.847520285036495],[-73.923858429985231,40.847532285591036],[-73.923905430739211,40.847815285355559],[-73.924319430117691,40.847911285906349],[-73.92327243017931,40.849281286101359],[-73.922577430593449,40.849900286136283],[-73.922421430059515,40.850131286094708],[-73.923905430739211,40.850496286023102],[-73.928151432015653,40.845515285309858]]]},"properties":{"OBJECTID":156108,"GEOID20":"360050205011","GEOID10":"360050205011","STATEFP":"36","COUNTYFP":"005","D1C":0.53320062562206738,"D1C5_RET":0.17773354187402246,"D2B_E5MIXA":0.53014542776946971,"D3A":64.865659839107735,"D3AAO":48.545075753690135,"D3B":0,"D4A":288.33999999999997,"D4C":82,"D4D":1640.12950873,"D5AR":924814,"D5BR":550532}},{"type":"Feature","id":156109,"geometry":{"type":"Polygon","coordinates":[[[-73.922138430202295,40.850461286191567],[-73.921340428887646,40.849930286441129],[-73.919097429047994,40.85268328695129],[-73.918616428824066,40.852852287055327],[-73.919596429713593,40.853347286640542],[-73.922138430202295,40.850461286191567]]]},"properties":{"OBJECTID":156109,"GEOID20":"360050205023","GEOID10":"360050205023","STATEFP":"36","COUNTYFP":"005","D1C":4.5020128864643452,"D1C5_RET":0,"D2B_E5MIXA":0.76704578200088536,"D3A":31.897159320307576,"D3AAO":0,"D3B":129.81371644084001,"D4A":0,"D4C":37.670000000000002,"D4D":2933.4629264099999,"D5AR":949365,"D5BR":1153206}},{"type":"Feature","id":156110,"geometry":{"type":"Polygon","coordinates":[[[-73.852915406946565,40.840094285981237],[-73.852071407397787,40.835633285716291],[-73.85053640666446,40.835802285805705],[-73.848782405648038,40.837279286492929],[-73.852915406946565,40.840094285981237]]]},"properties":{"OBJECTID":156110,"GEOID20":"360050206012","GEOID10":"360050206012","STATEFP":"36","COUNTYFP":"005","D1C":1.6722713957342299,"D1C5_RET":0.43001264461737337,"D2B_E5MIXA":0.82144477587468001,"D3A":31.823077184999555,"D3AAO":0,"D3B":112.16258705468624,"D4A":307.12,"D4C":60,"D4D":1834.7206170300001,"D5AR":826218,"D5BR":2001198}},{"type":"Feature","id":156111,"geometry":{"type":"Polygon","coordinates":[[[-73.917956428499963,40.843110284734763],[-73.91795042865219,40.842237284437708],[-73.9161854277651,40.842343285026402],[-73.914746427291263,40.844351285862153],[-73.91586842757269,40.844802285552717],[-73.916727428088421,40.845058285214016],[-73.917403428306017,40.845044284950191],[-73.917509428611226,40.84474228572266],[-73.917459428382514,40.843795284653453],[-73.917956428499963,40.843110284734763]]]},"properties":{"OBJECTID":156111,"GEOID20":"360050209001","GEOID10":"360050209001","STATEFP":"36","COUNTYFP":"005","D1C":23.615462708947131,"D1C5_RET":1.0235804270131883,"D2B_E5MIXA":0.26589748689950088,"D3A":34.475971237933692,"D3AAO":1.5279359284060341,"D3B":31.210429477384988,"D4A":123.38,"D4C":86,"D4D":4024.1333359099999,"D5AR":1003097,"D5BR":2234209}},{"type":"Feature","id":156112,"geometry":{"type":"Polygon","coordinates":[[[-73.915297427835398,40.841970284909145],[-73.914473427479777,40.84162828439991],[-73.913028426259842,40.843653285347223],[-73.913859427186452,40.843987285031005],[-73.915297427835398,40.841970284909145]]]},"properties":{"OBJECTID":156112,"GEOID20":"360050209003","GEOID10":"360050209003","STATEFP":"36","COUNTYFP":"005","D1C":44.56195122356727,"D1C5_RET":0.79931751073663271,"D2B_E5MIXA":0.11151088067661843,"D3A":9.660334019453316,"D3AAO":0,"D3B":298.49713120948809,"D4A":281.63999999999999,"D4C":91.329999999999998,"D4D":11680.2669209,"D5AR":951173,"D5BR":2179672}},{"type":"Feature","id":156113,"geometry":{"type":"Polygon","coordinates":[[[-73.85567340734535,40.840943286550036],[-73.855312408568651,40.840830286543003],[-73.855145407265738,40.840515286300139],[-73.853036408218713,40.840743287266335],[-73.853336407794373,40.842478286735997],[-73.855466408554435,40.842235287130507],[-73.855430408569418,40.841565286724688],[-73.855504407290937,40.841169287345444],[-73.85567340734535,40.840943286550036]]]},"properties":{"OBJECTID":156113,"GEOID20":"360050210011","GEOID10":"360050210011","STATEFP":"36","COUNTYFP":"005","D1C":20.234722784297855,"D1C5_RET":0.87977055583903718,"D2B_E5MIXA":0.23119510745407845,"D3A":16.825209647646489,"D3AAO":0,"D3B":0,"D4A":116.68000000000001,"D4C":11.33,"D4D":797.42403181300006,"D5AR":806634,"D5BR":1674615}},{"type":"Feature","id":156114,"geometry":{"type":"Polygon","coordinates":[[[-73.859709408559496,40.840151286828252],[-73.859737409945211,40.839984286366146],[-73.858958408897138,40.839157286374139],[-73.857753408775025,40.839846286566178],[-73.857884409194583,40.840095287045777],[-73.857991410223008,40.840926286338799],[-73.858177409097536,40.841078287713231],[-73.858449409084116,40.841107286885219],[-73.858890408226756,40.840824287018336],[-73.858952409049351,40.84063228631269],[-73.859229409957095,40.840705286593433],[-73.859438409296146,40.840643286378736],[-73.859585409609252,40.84051928645502],[-73.859709408559496,40.840151286828252]]]},"properties":{"OBJECTID":156114,"GEOID20":"360050210012","GEOID10":"360050210012","STATEFP":"36","COUNTYFP":"005","D1C":10.300327740165017,"D1C5_RET":8.4932526980308047,"D2B_E5MIXA":0.28855158502741446,"D3A":16.662661814841893,"D3AAO":0,"D3B":0,"D4A":182.38999999999999,"D4C":28,"D4D":3238.2784754999998,"D5AR":735312,"D5BR":1744162}},{"type":"Feature","id":156115,"geometry":{"type":"Polygon","coordinates":[[[-73.863581410640435,40.84128628620352],[-73.862438409544282,40.840182287172972],[-73.860941409344107,40.838934286722079],[-73.860691409098848,40.838518285881051],[-73.860302409834745,40.838837285676242],[-73.859832408583145,40.838825286265632],[-73.858958408897138,40.839157286374139],[-73.859737409945211,40.839984286366146],[-73.85965740957927,40.840362286651775],[-73.860498410551628,40.841174287149826],[-73.861763410049889,40.841521286381912],[-73.863581410640435,40.84128628620352]]]},"properties":{"OBJECTID":156115,"GEOID20":"360050210014","GEOID10":"360050210014","STATEFP":"36","COUNTYFP":"005","D1C":13.98166636764326,"D1C5_RET":3.7717983689456238,"D2B_E5MIXA":0.58252319992879353,"D3A":19.902744147065306,"D3AAO":0,"D3B":55.520871990879577,"D4A":195.80000000000001,"D4C":28.329999999999998,"D4D":1179.09018253,"D5AR":822695,"D5BR":1743524}},{"type":"Feature","id":156116,"geometry":{"type":"Polygon","coordinates":[[[-73.857937408898039,40.84080028687562],[-73.857884409194583,40.840095287045777],[-73.857753408775025,40.839846286566178],[-73.856687408570068,40.840234286710164],[-73.855145407265738,40.840515286300139],[-73.855221409230353,40.840739286445363],[-73.855413407952668,40.840909286123143],[-73.85567340734535,40.840943286550036],[-73.855832407354015,40.840858287488892],[-73.856403407989632,40.840801286570262],[-73.856764407664642,40.841039287541385],[-73.856832408335023,40.841177287575974],[-73.857937408898039,40.84080028687562]]]},"properties":{"OBJECTID":156116,"GEOID20":"360050210015","GEOID10":"360050210015","STATEFP":"36","COUNTYFP":"005","D1C":3.2364460068567351,"D1C5_RET":0.69352414432644316,"D2B_E5MIXA":0.32283310534465243,"D3A":40.257390836743852,"D3AAO":0,"D3B":197.36772448671474,"D4A":104.61,"D4C":22,"D4D":3254.9399840400001,"D5AR":744782,"D5BR":1744774}},{"type":"Feature","id":156117,"geometry":{"type":"Polygon","coordinates":[[[-73.861763410049889,40.841521286381912],[-73.860498410551628,40.841174287149826],[-73.85965740957927,40.840362286651775],[-73.859438409296146,40.840643286378736],[-73.859229409957095,40.840705286593433],[-73.858952409049351,40.84063228631269],[-73.858890408226756,40.840824287018336],[-73.858449409084116,40.841107286885219],[-73.858177409097536,40.841078287713231],[-73.857937408898039,40.84080028687562],[-73.856832408335023,40.841177287575974],[-73.856815408616598,40.841254287366986],[-73.856917408723845,40.842070287192577],[-73.861763410049889,40.841521286381912]]]},"properties":{"OBJECTID":156117,"GEOID20":"360050210016","GEOID10":"360050210016","STATEFP":"36","COUNTYFP":"005","D1C":58.103700120075885,"D1C5_RET":0,"D2B_E5MIXA":0.35319532575745888,"D3A":0.183288015381152,"D3AAO":0,"D3B":46.622758472289462,"D4A":244.08000000000001,"D4C":28,"D4D":1957.1772672,"D5AR":828218,"D5BR":1741673}},{"type":"Feature","id":156118,"geometry":{"type":"Polygon","coordinates":[[[-73.860691409098848,40.838518285881051],[-73.860536409288159,40.838141285688579],[-73.859967409200664,40.83778728553353],[-73.858867409558854,40.83773428569507],[-73.859137408997285,40.838247286711066],[-73.857147408877609,40.838499286268807],[-73.857080408930457,40.838988286682302],[-73.857902408737942,40.838993285971561],[-73.85879140849255,40.838795286370427],[-73.858944409551754,40.838932286596865],[-73.859084409293828,40.838850286847546],[-73.859229409058784,40.838497286130419],[-73.859832408583145,40.838825286265632],[-73.860302409834745,40.838837285676242],[-73.860691409098848,40.838518285881051]]]},"properties":{"OBJECTID":156118,"GEOID20":"360050210025","GEOID10":"360050210025","STATEFP":"36","COUNTYFP":"005","D1C":14.119680785045885,"D1C5_RET":0,"D2B_E5MIXA":0.54057955398231106,"D3A":26.382841454132191,"D3AAO":0,"D3B":74.41246090765911,"D4A":131.43000000000001,"D4C":28.329999999999998,"D4D":3160.5772376499999,"D5AR":767129,"D5BR":2031523}},{"type":"Feature","id":156119,"geometry":{"type":"Polygon","coordinates":[[[-73.855323408439304,40.839888287244897],[-73.855191408194827,40.839603286146122],[-73.854737407735058,40.839303286706063],[-73.854788408687,40.839054285969809],[-73.854459407900706,40.837578286514614],[-73.853489407056927,40.837684286398556],[-73.853878407219341,40.839749286854939],[-73.854152407754043,40.840625286393255],[-73.855145407265738,40.840515286300139],[-73.855323408439304,40.839888287244897]]]},"properties":{"OBJECTID":156119,"GEOID20":"360050210022","GEOID10":"360050210022","STATEFP":"36","COUNTYFP":"005","D1C":1.4774772693480014,"D1C5_RET":0,"D2B_E5MIXA":0.40727372509204013,"D3A":48.837532899411265,"D3AAO":0,"D3B":315.30976721271088,"D4A":461.35000000000002,"D4C":19.670000000000002,"D4D":1690.8787134900001,"D5AR":756922,"D5BR":1637032}},{"type":"Feature","id":156120,"geometry":{"type":"Polygon","coordinates":[[[-73.857443409153618,40.83843628561965],[-73.857423409062136,40.837690285527728],[-73.857174407743472,40.837303285871627],[-73.856633408143381,40.836831285168216],[-73.855766409028405,40.836514286112546],[-73.855859408016499,40.835905285825902],[-73.855126407897501,40.8360572851212],[-73.855448408112764,40.837471286036717],[-73.856337406969061,40.837753286206244],[-73.856680408897375,40.837715285858117],[-73.856741408996754,40.837944285319132],[-73.857131408984074,40.838257285401092],[-73.857147408877609,40.838499286268807],[-73.857443409153618,40.83843628561965]]]},"properties":{"OBJECTID":156120,"GEOID20":"360050210023","GEOID10":"360050210023","STATEFP":"36","COUNTYFP":"005","D1C":5.9813995363078343,"D1C5_RET":5.453628988986555,"D2B_E5MIXA":0.2203246393123402,"D3A":7.0497435608739485,"D3AAO":0,"D3B":0,"D4A":299.06999999999999,"D4C":62,"D4D":6980.6451059000001,"D5AR":761696,"D5BR":1714061}},{"type":"Feature","id":156121,"geometry":{"type":"Polygon","coordinates":[[[-73.85603540774359,40.840385286572612],[-73.856326407996747,40.840323286738212],[-73.85592740778857,40.8397352861492],[-73.855845408671115,40.83921728582331],[-73.856072408451837,40.839058286212804],[-73.85614440752353,40.838891286395061],[-73.856135408201027,40.838616285762079],[-73.855981408215229,40.838367286522832],[-73.855775408350908,40.838273285884519],[-73.855543407649009,40.838565285363558],[-73.855423407100091,40.83802428603655],[-73.854562407832873,40.838155286051297],[-73.854788408687,40.839054285969809],[-73.854737407735058,40.839303286706063],[-73.855191408194827,40.839603286146122],[-73.855303407449483,40.839783286517623],[-73.855145407265738,40.840515286300139],[-73.85603540774359,40.840385286572612]]]},"properties":{"OBJECTID":156121,"GEOID20":"360050210024","GEOID10":"360050210024","STATEFP":"36","COUNTYFP":"005","D1C":2.9294467731152953,"D1C5_RET":2.412485577859655,"D2B_E5MIXA":0.28954161782871718,"D3A":14.888675635038116,"D3AAO":0,"D3B":0,"D4A":132.77000000000001,"D4C":22,"D4D":2426.27120973,"D5AR":755597,"D5BR":1672934}},{"type":"Feature","id":156122,"geometry":{"type":"Polygon","coordinates":[[[-73.859832408583145,40.838825286265632],[-73.859229409058784,40.838497286130419],[-73.859084409293828,40.838850286847546],[-73.858944409551754,40.838932286596865],[-73.85879140849255,40.838795286370427],[-73.857902408737942,40.838993285971561],[-73.857080408930457,40.838988286682302],[-73.857037408374438,40.839317286823416],[-73.857665408013148,40.839891286370005],[-73.858958408897138,40.839157286374139],[-73.859832408583145,40.838825286265632]]]},"properties":{"OBJECTID":156122,"GEOID20":"360050210027","GEOID10":"360050210027","STATEFP":"36","COUNTYFP":"005","D1C":5.3350667953326703,"D1C5_RET":2.9639259974070393,"D2B_E5MIXA":0.60952316014581431,"D3A":25.967608884968197,"D3AAO":0,"D3B":0,"D4A":0,"D4C":28,"D4D":5311.3553873499995,"D5AR":743260,"D5BR":1749103}},{"type":"Feature","id":156128,"geometry":{"type":"Polygon","coordinates":[[[-73.861116409246293,40.835528285045584],[-73.861013410212436,40.834605285217862],[-73.858131408168475,40.835010285827614],[-73.857532408842076,40.835183285943124],[-73.857480408065243,40.835391285939977],[-73.857538408689862,40.83559428573902],[-73.857741407282816,40.835634286168478],[-73.859887408834709,40.835183285263447],[-73.86049340873214,40.83549928615151],[-73.861116409246293,40.835528285045584]]]},"properties":{"OBJECTID":156128,"GEOID20":"360050212004","GEOID10":"360050212004","STATEFP":"36","COUNTYFP":"005","D1C":20.524974955384096,"D1C5_RET":9.1222110912818195,"D2B_E5MIXA":0.69143632573121472,"D3A":20.197695177072685,"D3AAO":0,"D3B":0,"D4A":234.69999999999999,"D4C":98.329999999999998,"D4D":13047.083877900001,"D5AR":778064,"D5BR":1990009}},{"type":"Feature","id":156132,"geometry":{"type":"Polygon","coordinates":[[[-73.860437409553938,40.837524286085454],[-73.860526410140722,40.837432286461144],[-73.859644410058792,40.837138285889743],[-73.859489409349777,40.837002285785374],[-73.859650409008253,40.836089285107306],[-73.859077409621136,40.836088285341589],[-73.859002409278062,40.836327285326227],[-73.858682409610935,40.836641285324482],[-73.858368407994931,40.83660028574463],[-73.858077408640114,40.836925285812491],[-73.858641409603038,40.837257285922107],[-73.858728409641685,40.837408286449502],[-73.858653409298611,40.837597285711247],[-73.858867409558854,40.83773428569507],[-73.859967409200664,40.83778728553353],[-73.860437409553938,40.837524286085454]]]},"properties":{"OBJECTID":156132,"GEOID20":"360050212002","GEOID10":"360050212002","STATEFP":"36","COUNTYFP":"005","D1C":0,"D1C5_RET":0,"D2B_E5MIXA":0,"D3A":28.301488900457429,"D3AAO":0,"D3B":189.03158906140862,"D4A":203.84999999999999,"D4C":83.329999999999998,"D4D":11808.0976885,"D5AR":727811,"D5BR":1713005}},{"type":"Feature","id":156133,"geometry":{"type":"Polygon","coordinates":[[[-73.858728409641685,40.837408286449502],[-73.858641409603038,40.837257285922107],[-73.857170408443821,40.836356285897089],[-73.857665408013148,40.835833286145345],[-73.857480408963539,40.835519286397911],[-73.857532408842076,40.835183285943124],[-73.855647408304392,40.835728285791454],[-73.858653409298611,40.837597285711247],[-73.858728409641685,40.837408286449502]]]},"properties":{"OBJECTID":156133,"GEOID20":"360050212003","GEOID10":"360050212003","STATEFP":"36","COUNTYFP":"005","D1C":20.788349351230629,"D1C5_RET":14.22360745084201,"D2B_E5MIXA":0.47590362489977839,"D3A":15.026725825800767,"D3AAO":0,"D3B":0,"D4A":115.34,"D4C":77.329999999999998,"D4D":10829.898477999999,"D5AR":789959,"D5BR":1713254}},{"type":"Feature","id":156181,"geometry":{"type":"Polygon","coordinates":[[[-73.863556410526073,40.837873286232686],[-73.863157410317896,40.835539285958667],[-73.862293409779326,40.835581285288413],[-73.862242410624006,40.836205285691996],[-73.862318410792,40.836867286515222],[-73.862052409754895,40.837376285061197],[-73.861661409044331,40.837657285892796],[-73.86178440996629,40.838024285356916],[-73.861897409944206,40.838123286382896],[-73.862230409131826,40.838210285700221],[-73.862754409911773,40.837935285640135],[-73.863556410526073,40.837873286232686]]]},"properties":{"OBJECTID":156181,"GEOID20":"360050216024","GEOID10":"360050216024","STATEFP":"36","COUNTYFP":"005","D1C":2.0192174987003813,"D1C5_RET":0.288459642671483,"D2B_E5MIXA":0.8506318678887369,"D3A":7.7988532213864641,"D3AAO":0,"D3B":61.568826131801345,"D4A":238.72,"D4C":106.67,"D4D":9846.3968268099998,"D5AR":604631,"D5BR":1989603}},{"type":"Feature","id":156185,"geometry":{"type":"Polygon","coordinates":[[[-73.921946429683373,40.84105328457364],[-73.921496428523255,40.840357284067672],[-73.919183428363397,40.843315284673984],[-73.920036429031327,40.843669285207703],[-73.921946429683373,40.84105328457364]]]},"properties":{"OBJECTID":156185,"GEOID20":"360050213024","GEOID10":"360050213024","STATEFP":"36","COUNTYFP":"005","D1C":3.6625258442473676,"D1C5_RET":1.3185093039290523,"D2B_E5MIXA":0.68162454846917608,"D3A":28.059498231095041,"D3AAO":0,"D3B":62.538361295692653,"D4A":227.99000000000001,"D4C":84,"D4D":7875.89557547,"D5AR":853625,"D5BR":1589025}},{"type":"Feature","id":156186,"geometry":{"type":"Polygon","coordinates":[[[-73.921346430532068,40.847188286045977],[-73.920543429194524,40.846902286155157],[-73.919610429058977,40.84758628602119],[-73.919681428305779,40.847910285639465],[-73.918410428061421,40.849448285561763],[-73.919372428509277,40.849629285937951],[-73.921346430532068,40.847188286045977]]]},"properties":{"OBJECTID":156186,"GEOID20":"360050215013","GEOID10":"360050215013","STATEFP":"36","COUNTYFP":"005","D1C":17.578570923559944,"D1C5_RET":6.7036923013576057,"D2B_E5MIXA":0.86337426147211538,"D3A":41.193757857810226,"D3AAO":0,"D3B":63.592714880078546,"D4A":262.86000000000001,"D4C":67.670000000000002,"D4D":6451.7526475799996,"D5AR":920171,"D5BR":1127208}},{"type":"Feature","id":156187,"geometry":{"type":"Polygon","coordinates":[[[-73.921045429334868,40.846528285585428],[-73.920600429095927,40.846294285783529],[-73.919706429318438,40.846120285830807],[-73.917645428155367,40.84773828639171],[-73.918415428084302,40.8483362858601],[-73.919412428692254,40.847643286540752],[-73.919610429058977,40.84758628602119],[-73.921045429334868,40.846528285585428]]]},"properties":{"OBJECTID":156187,"GEOID20":"360050215025","GEOID10":"360050215025","STATEFP":"36","COUNTYFP":"005","D1C":18.062995000746557,"D1C5_RET":0.97262280773250698,"D2B_E5MIXA":0.29324170642515324,"D3A":38.534102002944159,"D3AAO":0,"D3B":207.55214932550138,"D4A":217.25999999999999,"D4C":60.329999999999998,"D4D":5364.8762505599998,"D5AR":699107,"D5BR":1105856}},{"type":"Feature","id":156188,"geometry":{"type":"Polygon","coordinates":[[[-73.866362411503758,40.840600285801195],[-73.865799411264035,40.83949728661235],[-73.863939410840715,40.840053285818612],[-73.864466411095407,40.841096286216512],[-73.866362411503758,40.840600285801195]]]},"properties":{"OBJECTID":156188,"GEOID20":"360050216014","GEOID10":"360050216014","STATEFP":"36","COUNTYFP":"005","D1C":10.422594517298382,"D1C5_RET":2.7917663885620665,"D2B_E5MIXA":0.56708050789288666,"D3A":35.148328416835909,"D3AAO":0,"D3B":238.230731823963,"D4A":155.56999999999999,"D4C":28,"D4D":3335.2302455399999,"D5AR":686381,"D5BR":2376578}},{"type":"Feature","id":156189,"geometry":{"type":"Polygon","coordinates":[[[-73.863157410317896,40.835539285958667],[-73.862722410124718,40.833029284437004],[-73.861635410003373,40.833336285773221],[-73.861097408979731,40.833640285600403],[-73.860852409655649,40.833622285752305],[-73.861013410212436,40.834605285217862],[-73.861855410111417,40.834531285226745],[-73.862027409640547,40.835567285061671],[-73.863157410317896,40.835539285958667]]]},"properties":{"OBJECTID":156189,"GEOID20":"360050216025","GEOID10":"360050216025","STATEFP":"36","COUNTYFP":"005","D1C":7.0154457617865722,"D1C5_RET":0.60477980705056655,"D2B_E5MIXA":0.57348822431321278,"D3A":48.645681606174996,"D3AAO":13.107590747300097,"D3B":51.633680806749176,"D4A":170.31999999999999,"D4C":98.329999999999998,"D4D":7611.9037986900003,"D5AR":644684,"D5BR":2004621}},{"type":"Feature","id":156190,"geometry":{"type":"Polygon","coordinates":[[[-73.913969427689636,40.84861728643515],[-73.912979426754347,40.848441285948404],[-73.9116184260983,40.850141286389508],[-73.911989427615694,40.850200286535021],[-73.912127426809647,40.850291286552874],[-73.91215342674893,40.850430286577755],[-73.912001427311282,40.850624286530788],[-73.912102426695284,40.850775286503904],[-73.912213427023374,40.850789286915983],[-73.912483426461804,40.850386286684518],[-73.91287642682218,40.850133285882016],[-73.913969427689636,40.84861728643515]]]},"properties":{"OBJECTID":156190,"GEOID20":"360050217002","GEOID10":"360050217002","STATEFP":"36","COUNTYFP":"005","D1C":1.3958419264851933,"D1C5_RET":0,"D2B_E5MIXA":0,"D3A":31.491863472447875,"D3AAO":0,"D3B":0,"D4A":95.219999999999999,"D4C":104.33,"D4D":13314.577206,"D5AR":727003,"D5BR":2236987}},{"type":"Feature","id":156191,"geometry":{"type":"Polygon","coordinates":[[[-73.912979426754347,40.848441285948404],[-73.911974425750458,40.848238286080623],[-73.910021426339028,40.850969286805793],[-73.909216426249998,40.85180928616802],[-73.910176427048043,40.851991287094954],[-73.911026427342918,40.851914287547807],[-73.911537426805779,40.851700287180435],[-73.911948426709515,40.851361286565016],[-73.912213427023374,40.850789286915983],[-73.912001427311282,40.850668286265972],[-73.912146427076223,40.850324286013212],[-73.911989427615694,40.850200286535021],[-73.9116184260983,40.850141286389508],[-73.912979426754347,40.848441285948404]]]},"properties":{"OBJECTID":156191,"GEOID20":"360050217003","GEOID10":"360050217003","STATEFP":"36","COUNTYFP":"005","D1C":30.78146614726047,"D1C5_RET":1.1689164359719166,"D2B_E5MIXA":0.34589251302484525,"D3A":18.92408474622394,"D3AAO":0,"D3B":216.20278399736566,"D4A":108.63,"D4C":109,"D4D":5436.2407048900004,"D5AR":763431,"D5BR":2198964}},{"type":"Feature","id":156192,"geometry":{"type":"Polygon","coordinates":[[[-73.92012642764638,40.837596283929393],[-73.920480428547023,40.837148283387741],[-73.918413428434476,40.836448283616448],[-73.917849427471538,40.837164284138851],[-73.919697428199285,40.837880284403816],[-73.92012642764638,40.837596283929393]]]},"properties":{"OBJECTID":156192,"GEOID20":"360050221011","GEOID10":"360050221011","STATEFP":"36","COUNTYFP":"005","D1C":165.0036980700261,"D1C5_RET":0.44655939937760791,"D2B_E5MIXA":0.023237218564531956,"D3A":29.166310309673893,"D3AAO":0,"D3B":285.79801560166902,"D4A":351.37,"D4C":95,"D4D":13575.405741099999,"D5AR":702921,"D5BR":2175882}},{"type":"Feature","id":156194,"geometry":{"type":"Polygon","coordinates":[[[-73.858131408168475,40.835010285827614],[-73.857733408683529,40.833566285211894],[-73.853472406440162,40.834023285703431],[-73.853871407546663,40.834391285366713],[-73.854193406863615,40.836159285660173],[-73.855859408016499,40.835905285825902],[-73.855647408304392,40.835728285791454],[-73.858131408168475,40.835010285827614]]]},"properties":{"OBJECTID":156194,"GEOID20":"360050222003","GEOID10":"360050222003","STATEFP":"36","COUNTYFP":"005","D1C":12.289263165601785,"D1C5_RET":1.9166740716993609,"D2B_E5MIXA":0.70268879565119635,"D3A":31.48473218157238,"D3AAO":0,"D3B":120.28595491850672,"D4A":190.44,"D4C":77.329999999999998,"D4D":2789.9558769800001,"D5AR":682317,"D5BR":2008156}},{"type":"Feature","id":156195,"geometry":{"type":"Polygon","coordinates":[[[-73.854193406863615,40.836159285660173],[-73.853871407546663,40.834391285366713],[-73.853472406440162,40.834023285703431],[-73.851685405811764,40.834209285718359],[-73.852208406766806,40.836355286815063],[-73.854193406863615,40.836159285660173]]]},"properties":{"OBJECTID":156195,"GEOID20":"360050222004","GEOID10":"360050222004","STATEFP":"36","COUNTYFP":"005","D1C":11.530591759252189,"D1C5_RET":2.7360726208395025,"D2B_E5MIXA":0.78957318821495304,"D3A":36.994136867702942,"D3AAO":0,"D3B":271.10570997346844,"D4A":0,"D4C":56.329999999999998,"D4D":3522.8107595900001,"D5AR":607651,"D5BR":1992662}},{"type":"Feature","id":156196,"geometry":{"type":"Polygon","coordinates":[[[-73.914352426207643,40.840300284077429],[-73.915089428321252,40.839233284036176],[-73.913756426355988,40.838751284868479],[-73.913138426763027,40.839822284710088],[-73.912699426371873,40.84093828468945],[-73.913647426576048,40.841291285319521],[-73.914352426207643,40.840300284077429]]]},"properties":{"OBJECTID":156196,"GEOID20":"360050223004","GEOID10":"360050223004","STATEFP":"36","COUNTYFP":"005","D1C":12.695190314303291,"D1C5_RET":2.821153403178509,"D2B_E5MIXA":0.67621701096273035,"D3A":37.201108142721246,"D3AAO":0,"D3B":210.7063053765965,"D4A":136.78999999999999,"D4C":92,"D4D":8305.4756189599993,"D5AR":644964,"D5BR":2176561}},{"type":"Feature","id":156203,"geometry":{"type":"Polygon","coordinates":[[[-73.909452426251548,40.84908728629334],[-73.909750425279057,40.848264286771226],[-73.908583424791772,40.848031286569189],[-73.908014424704305,40.849677287295002],[-73.90917642606702,40.849907286435112],[-73.909452426251548,40.84908728629334]]]},"properties":{"OBJECTID":156203,"GEOID20":"360050233014","GEOID10":"360050233014","STATEFP":"36","COUNTYFP":"005","D1C":55.909356435051073,"D1C5_RET":0.85033241726313424,"D2B_E5MIXA":0.048933941608308419,"D3A":31.002373035388683,"D3AAO":0,"D3B":136.05318676210146,"D4A":232.00999999999999,"D4C":89.329999999999998,"D4D":12153.6311735,"D5AR":711607,"D5BR":2199242}},{"type":"Feature","id":156206,"geometry":{"type":"Polygon","coordinates":[[[-73.867646412166906,40.856632289251834],[-73.8677044118932,40.854501288109631],[-73.865754411956516,40.854468288691223],[-73.865686412184459,40.856678289342959],[-73.867646412166906,40.856632289251834]]]},"properties":{"OBJECTID":156206,"GEOID20":"360050224032","GEOID10":"360050224032","STATEFP":"36","COUNTYFP":"005","D1C":26.743498219214761,"D1C5_RET":14.902865419867769,"D2B_E5MIXA":0.72306960425704436,"D3A":31.471389237513502,"D3AAO":0,"D3B":65.32762923777652,"D4A":206.53,"D4C":73,"D4D":4768.9169343599997,"D5AR":599305,"D5BR":2595408}},{"type":"Feature","id":156207,"geometry":{"type":"Polygon","coordinates":[[[-73.912699426371873,40.84093828468945],[-73.911516425991067,40.840611285192978],[-73.911142425897239,40.841656285008682],[-73.91096942654319,40.84314428539173],[-73.91175942656362,40.843198285320064],[-73.91192842751633,40.843275284801933],[-73.912699426371873,40.84093828468945]]]},"properties":{"OBJECTID":156207,"GEOID20":"360050225006","GEOID10":"360050225006","STATEFP":"36","COUNTYFP":"005","D1C":3.5037217042902387,"D1C5_RET":1.0219188304179863,"D2B_E5MIXA":0.53447421373567539,"D3A":43.733860926522411,"D3AAO":0,"D3B":155.75210882804873,"D4A":209.21000000000001,"D4C":91.670000000000002,"D4D":8564.9644968600005,"D5AR":652491,"D5BR":2178122}},{"type":"Feature","id":156208,"geometry":{"type":"Polygon","coordinates":[[[-73.908633425918808,40.846973285763241],[-73.908299426007972,40.846820285393257],[-73.90648342506725,40.846741286063249],[-73.906324424160289,40.847587286293027],[-73.907488424274518,40.847812285909463],[-73.908117425534783,40.847284285466529],[-73.908633425918808,40.846973285763241]]]},"properties":{"OBJECTID":156208,"GEOID20":"360050229013","GEOID10":"360050229013","STATEFP":"36","COUNTYFP":"005","D1C":579.96170760866869,"D1C5_RET":15.451437318007709,"D2B_E5MIXA":0.13656109060759372,"D3A":45.257895500315875,"D3AAO":0,"D3B":284.22119734200112,"D4A":170.31999999999999,"D4C":89,"D4D":15174.377062699999,"D5AR":708544,"D5BR":2210191}},{"type":"Feature","id":156209,"geometry":{"type":"Polygon","coordinates":[[[-73.866108411958848,40.84854528833111],[-73.866344411062087,40.847598287243386],[-73.862510410412611,40.848370288592641],[-73.862790409896789,40.849246289025622],[-73.863041410865264,40.850619288118779],[-73.865222412577282,40.850186288716543],[-73.865652411849268,40.850343287671762],[-73.866108411958848,40.84854528833111]]]},"properties":{"OBJECTID":156209,"GEOID20":"360050230002","GEOID10":"360050230002","STATEFP":"36","COUNTYFP":"005","D1C":3.7874486280632933,"D1C5_RET":0.27848886971053627,"D2B_E5MIXA":0.61082118557610776,"D3A":34.213597753558545,"D3AAO":0,"D3B":166.3625670322013,"D4A":508.27999999999997,"D4C":53,"D4D":1889.26849212,"D5AR":617135,"D5BR":2641018}},{"type":"Feature","id":156210,"geometry":{"type":"Polygon","coordinates":[[[-73.911123426528988,40.849426286311989],[-73.911681425847505,40.848647285961853],[-73.909750425279057,40.848264286771226],[-73.90917642606702,40.849907286435112],[-73.910583426753803,40.850190286249166],[-73.911123426528988,40.849426286311989]]]},"properties":{"OBJECTID":156210,"GEOID20":"360050233013","GEOID10":"360050233013","STATEFP":"36","COUNTYFP":"005","D1C":18.645454696940526,"D1C5_RET":1.3213314352162577,"D2B_E5MIXA":0.47765340313262511,"D3A":22.161043179660403,"D3AAO":0,"D3B":62.672218118346223,"D4A":174.34999999999999,"D4C":102.67,"D4D":9647.0114455900002,"D5AR":719489,"D5BR":2182287}},{"type":"Feature","id":156211,"geometry":{"type":"Polygon","coordinates":[[[-73.905134424106777,40.850538286068272],[-73.902802424578667,40.850074286356318],[-73.902823423596757,40.850741287043959],[-73.904675425420777,40.851109286306574],[-73.905134424106777,40.850538286068272]]]},"properties":{"OBJECTID":156211,"GEOID20":"360050235022","GEOID10":"360050235022","STATEFP":"36","COUNTYFP":"005","D1C":13.713173700563816,"D1C5_RET":0.62332607729835521,"D2B_E5MIXA":0.46971859535809618,"D3A":42.35551481558165,"D3AAO":0,"D3B":0,"D4A":0,"D4C":111,"D4D":22140.542265600001,"D5AR":678445,"D5BR":2211004}},{"type":"Feature","id":156212,"geometry":{"type":"Polygon","coordinates":[[[-73.902989423278086,40.854781287516573],[-73.901861424047183,40.854594288667535],[-73.9007804228753,40.856055288866784],[-73.901763424137897,40.856396288843342],[-73.902989423278086,40.854781287516573]]]},"properties":{"OBJECTID":156212,"GEOID20":"360050237043","GEOID10":"360050237043","STATEFP":"36","COUNTYFP":"005","D1C":11.170147824619297,"D1C5_RET":0,"D2B_E5MIXA":0.58835071825900997,"D3A":53.361279439845141,"D3AAO":0,"D3B":142.97789215512699,"D4A":178.37,"D4C":87.329999999999998,"D4D":12486.259321899999,"D5AR":691293,"D5BR":2215463}},{"type":"Feature","id":156213,"geometry":{"type":"Polygon","coordinates":[[[-73.904675425420777,40.851109286306574],[-73.902823423596757,40.850741287043959],[-73.902880424396471,40.851406287383938],[-73.902791423809703,40.851807286431296],[-73.903682424112446,40.852397286995398],[-73.904675425420777,40.851109286306574]]]},"properties":{"OBJECTID":156213,"GEOID20":"360050235023","GEOID10":"360050235023","STATEFP":"36","COUNTYFP":"005","D1C":4.775155819303329,"D1C5_RET":1.4325467457909986,"D2B_E5MIXA":0.84099253543826136,"D3A":70.189487513974115,"D3AAO":0,"D3B":356.64683783212706,"D4A":146.18000000000001,"D4C":111,"D4D":16961.3534702,"D5AR":709957,"D5BR":2211254}},{"type":"Feature","id":156214,"geometry":{"type":"Polygon","coordinates":[[[-73.903592424599069,40.852503288320456],[-73.903682424112446,40.852397286995398],[-73.902791423809703,40.851807286431296],[-73.901697424015651,40.853150287302192],[-73.900853424466888,40.855945287886222],[-73.903592424599069,40.852503288320456]]]},"properties":{"OBJECTID":156214,"GEOID20":"360050235024","GEOID10":"360050235024","STATEFP":"36","COUNTYFP":"005","D1C":9.2516694637547356,"D1C5_RET":4.7580014385024354,"D2B_E5MIXA":0.76171588227016052,"D3A":64.395443160551537,"D3AAO":0,"D3B":282.01203192830434,"D4A":170.31999999999999,"D4C":110.67,"D4D":9361.2092302100009,"D5AR":671739,"D5BR":2269860}},{"type":"Feature","id":156215,"geometry":{"type":"Polygon","coordinates":[[[-73.901763424137897,40.856396288843342],[-73.9007804228753,40.856055288866784],[-73.899950423570232,40.857428288183634],[-73.900940423607196,40.857767288330109],[-73.901763424137897,40.856396288843342]]]},"properties":{"OBJECTID":156215,"GEOID20":"360050237041","GEOID10":"360050237041","STATEFP":"36","COUNTYFP":"005","D1C":16.394025646866606,"D1C5_RET":10.576790739913939,"D2B_E5MIXA":0.63637332952809667,"D3A":50.210997345628435,"D3AAO":0,"D3B":0,"D4A":140.81999999999999,"D4C":75.329999999999998,"D4D":12747.994343,"D5AR":660200,"D5BR":2206941}},{"type":"Feature","id":156216,"geometry":{"type":"Polygon","coordinates":[[[-73.900193423244488,40.859024288323056],[-73.900940423607196,40.857767288330109],[-73.899950423570232,40.857428288183634],[-73.898833422413347,40.859313289849197],[-73.899821423698796,40.859653288591502],[-73.900193423244488,40.859024288323056]]]},"properties":{"OBJECTID":156216,"GEOID20":"360050237032","GEOID10":"360050237032","STATEFP":"36","COUNTYFP":"005","D1C":11.170892075854518,"D1C5_RET":0,"D2B_E5MIXA":0.43557049733910008,"D3A":48.237281703435983,"D3AAO":0,"D3B":123.26501600942916,"D4A":166.30000000000001,"D4C":97.329999999999998,"D4D":11997.384008200001,"D5AR":661495,"D5BR":2295017}},{"type":"Feature","id":156217,"geometry":{"type":"Polygon","coordinates":[[[-73.902780423939035,40.858398287842917],[-73.90191442375064,40.858102289007299],[-73.900789423994468,40.859985288988469],[-73.901634424266462,40.860274288359946],[-73.902780423939035,40.858398287842917]]]},"properties":{"OBJECTID":156217,"GEOID20":"360050239006","GEOID10":"360050239006","STATEFP":"36","COUNTYFP":"005","D1C":3.7834391479659435,"D1C5_RET":2.2255524399799667,"D2B_E5MIXA":0.57401450437666346,"D3A":7.1882133642604549,"D3AAO":0,"D3B":0,"D4A":256.14999999999998,"D4C":101,"D4D":14385.970971999999,"D5AR":665012,"D5BR":2291130}},{"type":"Feature","id":156218,"geometry":{"type":"Polygon","coordinates":[[[-73.869596412103576,40.843989287042369],[-73.87030241335674,40.843557286103326],[-73.86869841212814,40.8420632867454],[-73.867298412012332,40.842927286935165],[-73.868893412121807,40.844418286924949],[-73.869596412103576,40.843989287042369]]]},"properties":{"OBJECTID":156218,"GEOID20":"360050240002","GEOID10":"360050240002","STATEFP":"36","COUNTYFP":"005","D1C":0.87047111289383594,"D1C5_RET":0.12435301612769085,"D2B_E5MIXA":0.49477624083645322,"D3A":21.731063541126673,"D3AAO":0,"D3B":0,"D4A":340.63999999999999,"D4C":76,"D4D":6048.5307044499996,"D5AR":653183,"D5BR":2359706}},{"type":"Feature","id":156219,"geometry":{"type":"Polygon","coordinates":[[[-73.87326941309459,40.840228285772362],[-73.873562413895854,40.839802285761898],[-73.871207413004882,40.839683285540929],[-73.870091412571227,40.841185286446361],[-73.86869841212814,40.8420632867454],[-73.87030241335674,40.843557286103326],[-73.870996413117695,40.843120286768666],[-73.871535413067946,40.842522287123046],[-73.87326941309459,40.840228285772362]]]},"properties":{"OBJECTID":156219,"GEOID20":"360050240003","GEOID10":"360050240003","STATEFP":"36","COUNTYFP":"005","D1C":1.7061529248853078,"D1C5_RET":0.85307646244265389,"D2B_E5MIXA":0.60017504253000431,"D3A":37.91613359142309,"D3AAO":6.8809265549094922,"D3B":117.76871106925974,"D4A":155.56999999999999,"D4C":95.329999999999998,"D4D":3061.6010979600001,"D5AR":697815,"D5BR":2886078}},{"type":"Feature","id":156220,"geometry":{"type":"Polygon","coordinates":[[[-73.913821427551625,40.850619286759802],[-73.914157427112286,40.849976285749641],[-73.913465427001157,40.85002628664585],[-73.912732427780469,40.850178286175925],[-73.912292426666085,40.850618285854225],[-73.912114426390872,40.851100287056184],[-73.911845426777347,40.851453287240254],[-73.912579426721265,40.851838287439378],[-73.913285427076104,40.85129028690195],[-73.913821427551625,40.850619286759802]]]},"properties":{"OBJECTID":156220,"GEOID20":"360050243003","GEOID10":"360050243003","STATEFP":"36","COUNTYFP":"005","D1C":5.6505244173773503,"D1C5_RET":1.1690740173884173,"D2B_E5MIXA":0.57478068719602315,"D3A":11.241427392796066,"D3AAO":0,"D3B":166.35143884758918,"D4A":219.94,"D4C":63.670000000000002,"D4D":7939.7272199600002,"D5AR":737299,"D5BR":2236683}},{"type":"Feature","id":156221,"geometry":{"type":"Polygon","coordinates":[[[-73.912579426721265,40.851838287439378],[-73.911845426777347,40.851453287240254],[-73.911323427443847,40.851813286320677],[-73.910778426747484,40.851947286199874],[-73.910738426564521,40.852377286405826],[-73.910590426426523,40.852690286956104],[-73.909431426335146,40.853968288450652],[-73.910073426217565,40.854477288163629],[-73.910620426563739,40.853531287104261],[-73.911221426438274,40.852799287032923],[-73.912579426721265,40.851838287439378]]]},"properties":{"OBJECTID":156221,"GEOID20":"360050243004","GEOID10":"360050243004","STATEFP":"36","COUNTYFP":"005","D1C":11.769908466979635,"D1C5_RET":6.7503886795912615,"D2B_E5MIXA":0.6869295531892361,"D3A":44.501427803992009,"D3AAO":0,"D3B":147.77466254071373,"D4A":138.13999999999999,"D4C":63.670000000000002,"D4D":7053.0830314599998,"D5AR":705672,"D5BR":2198913}},{"type":"Feature","id":156222,"geometry":{"type":"Polygon","coordinates":[[[-73.916448428429163,40.851913286661841],[-73.916115428343218,40.851801287220873],[-73.915976427527738,40.85133328665912],[-73.91389842754451,40.853430286983148],[-73.913849427140718,40.853819287276806],[-73.91467642697107,40.853951286824241],[-73.916448428429163,40.851913286661841]]]},"properties":{"OBJECTID":156222,"GEOID20":"360050245013","GEOID10":"360050245013","STATEFP":"36","COUNTYFP":"005","D1C":4.0937557640748619,"D1C5_RET":1.2459256673271319,"D2B_E5MIXA":0.80716703978603133,"D3A":30.673603375673473,"D3AAO":0,"D3B":113.9132038699092,"D4A":201.16999999999999,"D4C":37.670000000000002,"D4D":4291.1103897800003,"D5AR":656012,"D5BR":1653279}},{"type":"Feature","id":156223,"geometry":{"type":"Polygon","coordinates":[[[-73.917407429402289,40.852154287067712],[-73.916448428429163,40.851913286661841],[-73.91467642697107,40.853951286824241],[-73.915569427821964,40.854252287397806],[-73.917407429402289,40.852154287067712]]]},"properties":{"OBJECTID":156223,"GEOID20":"360050245014","GEOID10":"360050245014","STATEFP":"36","COUNTYFP":"005","D1C":1.0783704463808423,"D1C5_RET":0,"D2B_E5MIXA":0.27994941922604499,"D3A":6.7237722659390702,"D3AAO":0,"D3B":76.722462691842324,"D4A":234.69999999999999,"D4C":37.670000000000002,"D4D":4333.0362362799997,"D5AR":697132,"D5BR":1158938}},{"type":"Feature","id":156224,"geometry":{"type":"Polygon","coordinates":[[[-73.915422428407169,40.854183287779911],[-73.915051427788114,40.854037287612996],[-73.913849427140718,40.853819287276806],[-73.912762427019373,40.855259287026144],[-73.914939427635105,40.85570928706867],[-73.915422428407169,40.854183287779911]]]},"properties":{"OBJECTID":156224,"GEOID20":"360050245023","GEOID10":"360050245023","STATEFP":"36","COUNTYFP":"005","D1C":7.5067266071052039,"D1C5_RET":4.5040359642631227,"D2B_E5MIXA":0.6491972970336054,"D3A":25.596719309363163,"D3AAO":0,"D3B":87.351000519042373,"D4A":260.18000000000001,"D4C":36.670000000000002,"D4D":3203.1611890300001,"D5AR":638308,"D5BR":1680721}},{"type":"Feature","id":159326,"geometry":{"type":"Polygon","coordinates":[[[-73.891503419426584,40.841707285067685],[-73.892170419423366,40.8410582864256],[-73.890175418382498,40.839882285596147],[-73.888692417527722,40.839166285887231],[-73.888139419130397,40.839870286374712],[-73.888963418587693,40.840216285254371],[-73.891503419426584,40.841707285067685]]]},"properties":{"OBJECTID":159326,"GEOID20":"360050367002","GEOID10":"360050367002","STATEFP":"36","COUNTYFP":"005","D1C":5.4596241747079732,"D1C5_RET":0,"D2B_E5MIXA":0.1168811334449512,"D3A":30.149998354914441,"D3AAO":0,"D3B":107.95898590377539,"D4A":468.05000000000001,"D4C":78,"D4D":6312.4444531400004,"D5AR":662474,"D5BR":1432540}},{"type":"Feature","id":159352,"geometry":{"type":"Polygon","coordinates":[[[-73.901838427175903,40.901564297295963],[-73.90195942665143,40.901302295884491],[-73.90077342679588,40.901213296306544],[-73.899825425693408,40.901050296906291],[-73.898311424876468,40.900702297029973],[-73.897036424434162,40.900296297236608],[-73.896410424445264,40.902969297678077],[-73.8964124249934,40.904513297979371],[-73.897458425106862,40.905354298535457],[-73.898625425594162,40.9056702973905],[-73.899191426206897,40.905690297499262],[-73.900718426544287,40.905476297786784],[-73.900708426498554,40.905289297490128],[-73.900289426198896,40.90478829798495],[-73.900218426053783,40.904558297305549],[-73.900275425955186,40.904044297778391],[-73.900386427181573,40.903853297781474],[-73.899696426720283,40.903814297906266],[-73.899566426125617,40.902681298072615],[-73.899756425198106,40.901384297090907],[-73.901838427175903,40.901564297295963]]]},"properties":{"OBJECTID":159352,"GEOID20":"360050345002","GEOID10":"360050345002","STATEFP":"36","COUNTYFP":"005","D1C":8.6115858748923557,"D1C5_RET":0.47403224999407462,"D2B_E5MIXA":0.6490065847577271,"D3A":33.816989892519523,"D3AAO":7.3613455533927281,"D3B":151.74086705403295,"D4A":394.29000000000002,"D4C":60,"D4D":1011.2686907999999,"D5AR":595541,"D5BR":1947714}},{"type":"Feature","id":159353,"geometry":{"type":"Polygon","coordinates":[[[-73.849198407371276,40.866621292635294],[-73.849075408245952,40.865910291730842],[-73.848595406948604,40.866471291403002],[-73.848487407891881,40.866536291186144],[-73.848096408079627,40.866522292743255],[-73.845174406751013,40.869923292072642],[-73.84859840732166,40.871678292570422],[-73.848915408412381,40.871574293218607],[-73.84904140701245,40.866884292096302],[-73.849198407371276,40.866621292635294]]]},"properties":{"OBJECTID":159353,"GEOID20":"360050350001","GEOID10":"360050350001","STATEFP":"36","COUNTYFP":"005","D1C":5.4069577210960711,"D1C5_RET":0.47174798908891896,"D2B_E5MIXA":0.73042303320232038,"D3A":29.068512454840128,"D3AAO":0,"D3B":201.35655706589182,"D4A":199.83000000000001,"D4C":49.670000000000002,"D4D":1153.56172889,"D5AR":566530,"D5BR":2706842}},{"type":"Feature","id":159354,"geometry":{"type":"Polygon","coordinates":[[[-73.902925426398937,40.889749295213932],[-73.902860426101611,40.88917329439839],[-73.902441425801953,40.889113294010947],[-73.901838426277592,40.889156295018495],[-73.901102425785538,40.888903294263748],[-73.900724424595438,40.888982294243618],[-73.898448424245515,40.890503294902764],[-73.89839942474002,40.891329295397696],[-73.898086425643896,40.89215429616825],[-73.89788942600039,40.892378295553279],[-73.898779425579932,40.892510294981236],[-73.89906342436376,40.892614295394544],[-73.899435424807749,40.892925295387414],[-73.899654425090858,40.893005295583706],[-73.900741425212189,40.893084295419499],[-73.901081425869137,40.893422294760441],[-73.901723426649866,40.892029295272295],[-73.902788426131593,40.890301295223495],[-73.902925426398937,40.889749295213932]]]},"properties":{"OBJECTID":159354,"GEOID20":"360050351001","GEOID10":"360050351001","STATEFP":"36","COUNTYFP":"005","D1C":45.459808855294945,"D1C5_RET":0,"D2B_E5MIXA":0.24245048673125305,"D3A":19.538865130663623,"D3AAO":0,"D3B":68.118203471259932,"D4A":631.66999999999996,"D4C":65.670000000000002,"D4D":1341.7283809099999,"D5AR":581308,"D5BR":2707897}},{"type":"Feature","id":159355,"geometry":{"type":"Polygon","coordinates":[[[-73.901081425869137,40.893422294760441],[-73.900741425212189,40.893084295419499],[-73.899654425090858,40.893005295583706],[-73.899435424807749,40.892925295387414],[-73.89906342436376,40.892614295394544],[-73.898779425579932,40.892510294981236],[-73.89788942600039,40.892378295553279],[-73.898086425643896,40.89215429616825],[-73.89839942474002,40.891329295397696],[-73.898448424245515,40.890503294902764],[-73.897941424082319,40.890498294067598],[-73.897116424800103,40.892094295088597],[-73.89645942484907,40.89371429631268],[-73.896586424172355,40.895166295106797],[-73.896708425269409,40.895813296256073],[-73.897903425345788,40.895722296314176],[-73.898690425891473,40.897498295305759],[-73.899664426034903,40.896726296206957],[-73.899998425047428,40.89630829591168],[-73.899978425854272,40.894596295361602],[-73.900091425832173,40.894463295099207],[-73.900884426225645,40.894265295591737],[-73.901081425869137,40.893422294760441]]]},"properties":{"OBJECTID":159355,"GEOID20":"360050351002","GEOID10":"360050351002","STATEFP":"36","COUNTYFP":"005","D1C":17.252206370024563,"D1C5_RET":0.18988277451284899,"D2B_E5MIXA":0.41183635591298484,"D3A":26.258381033083474,"D3AAO":0,"D3B":150.51736682822167,"D4A":468.05000000000001,"D4C":65.670000000000002,"D4D":1140.0779099900001,"D5AR":575941,"D5BR":2914613}},{"type":"Feature","id":159356,"geometry":{"type":"Polygon","coordinates":[[[-73.843587405240839,40.869096292784334],[-73.841225404677189,40.867866292806823],[-73.837390404202807,40.869091293048825],[-73.838236404299721,40.87084729310282],[-73.843587405240839,40.869096292784334]]]},"properties":{"OBJECTID":159356,"GEOID20":"360050356001","GEOID10":"360050356001","STATEFP":"36","COUNTYFP":"005","D1C":0.9288906999161235,"D1C5_RET":0.092889069991612352,"D2B_E5MIXA":0.2019854079986195,"D3A":30.017745064007649,"D3AAO":0,"D3B":198.17325748290546,"D4A":380.88,"D4C":66.329999999999998,"D4D":1971.6262440099999,"D5AR":525518,"D5BR":1844732}},{"type":"Feature","id":159357,"geometry":{"type":"Polygon","coordinates":[[[-73.846369406827378,40.87704329388071],[-73.845115407199785,40.874723293134942],[-73.840901405710397,40.876108294126695],[-73.842396406260747,40.878759294084929],[-73.843242406357675,40.879117294595645],[-73.845462407529411,40.877355293521696],[-73.846369406827378,40.87704329388071]]]},"properties":{"OBJECTID":159357,"GEOID20":"360050358001","GEOID10":"360050358001","STATEFP":"36","COUNTYFP":"005","D1C":0.96618071834492947,"D1C5_RET":0.096618071834492947,"D2B_E5MIXA":0.34964369590588695,"D3A":36.284505749022344,"D3AAO":0,"D3B":247.38348760695132,"D4A":230.66999999999999,"D4C":50.670000000000002,"D4D":1044.4027093,"D5AR":510229,"D5BR":2703233}},{"type":"Feature","id":159358,"geometry":{"type":"Polygon","coordinates":[[[-73.84133540607867,40.875011294223206],[-73.839069404876156,40.870577292926576],[-73.837403404621583,40.871117292857313],[-73.838293404201124,40.872959294198495],[-73.837462404172811,40.873231293940272],[-73.839249405699533,40.876627294562411],[-73.838149404261088,40.876962294255954],[-73.839439404772008,40.877454294197634],[-73.840841405435938,40.875996293481919],[-73.840716405762464,40.875739293972607],[-73.84133540607867,40.875011294223206]]]},"properties":{"OBJECTID":159358,"GEOID20":"360050358002","GEOID10":"360050358002","STATEFP":"36","COUNTYFP":"005","D1C":3.4838183794804052,"D1C5_RET":0.23861769722468529,"D2B_E5MIXA":0.55533826108265727,"D3A":42.514896690431357,"D3AAO":0,"D3B":512.40569732907136,"D4A":694.70000000000005,"D4C":71.670000000000002,"D4D":1412.0315413599999,"D5AR":538236,"D5BR":2233946}},{"type":"Feature","id":159359,"geometry":{"type":"Polygon","coordinates":[[[-73.844235406767666,40.875003293323083],[-73.845115407199785,40.874723293134942],[-73.844231406569705,40.873078293756031],[-73.843964406606034,40.872362293407114],[-73.840841405435938,40.875996293481919],[-73.839439404772008,40.877454294197634],[-73.842396406260747,40.878759294084929],[-73.840901405710397,40.876108294126695],[-73.844235406767666,40.875003293323083]]]},"properties":{"OBJECTID":159359,"GEOID20":"360050358003","GEOID10":"360050358003","STATEFP":"36","COUNTYFP":"005","D1C":0.58151325177597057,"D1C5_RET":0,"D2B_E5MIXA":0.34939847028229709,"D3A":24.96617313249374,"D3AAO":0,"D3B":103.40080967579124,"D4A":289.68000000000001,"D4C":60.329999999999998,"D4D":1871.0770389100001,"D5AR":529092,"D5BR":2704424}},{"type":"Feature","id":159360,"geometry":{"type":"Polygon","coordinates":[[[-73.881507417000861,40.846075286178795],[-73.881765416743718,40.845772286593458],[-73.879762416205253,40.84468928600883],[-73.879195416665908,40.845329287117316],[-73.881057417637379,40.846602286454377],[-73.881507417000861,40.846075286178795]]]},"properties":{"OBJECTID":159360,"GEOID20":"360050363001","GEOID10":"360050363001","STATEFP":"36","COUNTYFP":"005","D1C":0,"D1C5_RET":0,"D2B_E5MIXA":0,"D3A":36.489457544800608,"D3AAO":0,"D3B":0,"D4A":186.41999999999999,"D4C":43,"D4D":5489.8168385999998,"D5AR":674542,"D5BR":2060018}},{"type":"Feature","id":159361,"geometry":{"type":"Polygon","coordinates":[[[-73.883384416244311,40.843871285832144],[-73.881417416589187,40.842855285367442],[-73.880462415814009,40.843917286628368],[-73.881662416811551,40.844602286361024],[-73.881071416982763,40.845401286676868],[-73.881765416743718,40.845772286593458],[-73.883384416244311,40.843871285832144]]]},"properties":{"OBJECTID":159361,"GEOID20":"360050363003","GEOID10":"360050363003","STATEFP":"36","COUNTYFP":"005","D1C":3.7975028684437921,"D1C5_RET":0.54250040977768454,"D2B_E5MIXA":0.7022529667722005,"D3A":27.749492197466566,"D3AAO":0,"D3B":69.440052451543622,"D4A":0,"D4C":92,"D4D":6388.4848255400002,"D5AR":711049,"D5BR":2060167}},{"type":"Feature","id":159362,"geometry":{"type":"Polygon","coordinates":[[[-73.885455418351455,40.843775286224435],[-73.885661418215776,40.84271828577392],[-73.882788417290953,40.841303286322479],[-73.881417416589187,40.842855285367442],[-73.884883417890933,40.844608286902762],[-73.885293417969734,40.844616286038651],[-73.885455418351455,40.843775286224435]]]},"properties":{"OBJECTID":159362,"GEOID20":"360050363004","GEOID10":"360050363004","STATEFP":"36","COUNTYFP":"005","D1C":22.931449881704808,"D1C5_RET":2.6810401602988208,"D2B_E5MIXA":0.74627035872991243,"D3A":41.930614059528466,"D3AAO":0,"D3B":170.38181348922001,"D4A":253.47,"D4C":92,"D4D":3358.7158433700001,"D5AR":747154,"D5BR":2441313}},{"type":"Feature","id":159363,"geometry":{"type":"Polygon","coordinates":[[[-73.851260408359281,40.872788293986034],[-73.851663409663715,40.872693292016727],[-73.84859840732166,40.871678292570422],[-73.84609140699304,40.870398293257004],[-73.845997407281715,40.87056829224511],[-73.846892406884109,40.872226292909808],[-73.846023407220969,40.872498292945821],[-73.846924407569475,40.874162294090183],[-73.851260408359281,40.872788293986034]]]},"properties":{"OBJECTID":159363,"GEOID20":"360050364001","GEOID10":"360050364001","STATEFP":"36","COUNTYFP":"005","D1C":1.1950580430131028,"D1C5_RET":0.23901160860262055,"D2B_E5MIXA":0.82272501757290617,"D3A":39.405705553660404,"D3AAO":0,"D3B":265.21492927694305,"D4A":173,"D4C":61,"D4D":1866.2026399700001,"D5AR":532890,"D5BR":2706772}},{"type":"Feature","id":159364,"geometry":{"type":"Polygon","coordinates":[[[-73.884925416825411,40.847348286815084],[-73.885604418314372,40.846551286764296],[-73.884466418139397,40.845993287111753],[-73.883446417066892,40.847161287373083],[-73.88311041660792,40.848281286459326],[-73.883779417152837,40.848690287434216],[-73.884925416825411,40.847348286815084]]]},"properties":{"OBJECTID":159364,"GEOID20":"360050365011","GEOID10":"360050365011","STATEFP":"36","COUNTYFP":"005","D1C":6.276871320235359,"D1C5_RET":0.81872234611765549,"D2B_E5MIXA":0.59039832805397963,"D3A":24.513052220046813,"D3AAO":0,"D3B":87.33038358588324,"D4A":179.71000000000001,"D4C":50.329999999999998,"D4D":4395.3382058799998,"D5AR":682333,"D5BR":1353337}},{"type":"Feature","id":159365,"geometry":{"type":"Polygon","coordinates":[[[-73.888342418621676,40.841661286135533],[-73.888524419094864,40.84149128566812],[-73.886186417922346,40.840113285136376],[-73.885661418215776,40.84271828577392],[-73.886844418596596,40.843306286403802],[-73.888342418621676,40.841661286135533]]]},"properties":{"OBJECTID":159365,"GEOID20":"360050365021","GEOID10":"360050365021","STATEFP":"36","COUNTYFP":"005","D1C":4.5892730772368919,"D1C5_RET":0.70604201188259885,"D2B_E5MIXA":0.9784922923088597,"D3A":41.287787883423391,"D3AAO":15.942148855662342,"D3B":207.12448460587919,"D4A":185.06999999999999,"D4C":83,"D4D":4688.1189588999996,"D5AR":660742,"D5BR":1432506}},{"type":"Feature","id":159366,"geometry":{"type":"Polygon","coordinates":[[[-73.890426419350987,40.84274928627719],[-73.890555419222409,40.84268628626954],[-73.888524419094864,40.84149128566812],[-73.887858418024692,40.842128286014926],[-73.886844418596596,40.843306286403802],[-73.889018418839271,40.844378286359444],[-73.890426419350987,40.84274928627719]]]},"properties":{"OBJECTID":159366,"GEOID20":"360050365022","GEOID10":"360050365022","STATEFP":"36","COUNTYFP":"005","D1C":6.4839857582299514,"D1C5_RET":3.6716545859856353,"D2B_E5MIXA":0.50250460416299259,"D3A":34.870478720091718,"D3AAO":13.932854036523738,"D3B":49.996998617676731,"D4A":197.13999999999999,"D4C":50.329999999999998,"D4D":2516.3489404299999,"D5AR":662555,"D5BR":1278410}},{"type":"Feature","id":159367,"geometry":{"type":"Polygon","coordinates":[[[-73.890555419222409,40.84268628626954],[-73.891503419426584,40.841707285067685],[-73.888779418464679,40.840117285995078],[-73.886599419272514,40.839287285112036],[-73.886186417922346,40.840113285136376],[-73.890555419222409,40.84268628626954]]]},"properties":{"OBJECTID":159367,"GEOID20":"360050367001","GEOID10":"360050367001","STATEFP":"36","COUNTYFP":"005","D1C":4.0431329375481777,"D1C5_RET":0.19884260348597596,"D2B_E5MIXA":0.21045408530064524,"D3A":34.320078265258104,"D3AAO":0,"D3B":99.005288348229641,"D4A":363.44,"D4C":77.670000000000002,"D4D":3294.6618448999998,"D5AR":650785,"D5BR":1428318}},{"type":"Feature","id":159368,"geometry":{"type":"Polygon","coordinates":[[[-73.857184410484166,40.876204293073123],[-73.857578411567772,40.875491294158401],[-73.855247409169621,40.874746293355109],[-73.855519410054498,40.873912292695259],[-73.85363840971479,40.8733092930457],[-73.851202409531282,40.875162293625621],[-73.856783410626178,40.876934293624686],[-73.857184410484166,40.876204293073123]]]},"properties":{"OBJECTID":159368,"GEOID20":"360050368001","GEOID10":"360050368001","STATEFP":"36","COUNTYFP":"005","D1C":9.9934427026362389,"D1C5_RET":6.6756197253610079,"D2B_E5MIXA":0.64550986268082344,"D3A":29.716351256565279,"D3AAO":0,"D3B":213.236083011771,"D4A":230.66999999999999,"D4C":33.329999999999998,"D4D":852.68849991399998,"D5AR":572527,"D5BR":2592331}},{"type":"Feature","id":159369,"geometry":{"type":"Polygon","coordinates":[[[-73.860078411325389,40.876286292784563],[-73.860513411518568,40.875502293192071],[-73.855519410054498,40.873912292695259],[-73.855247409169621,40.874746293355109],[-73.857578411567772,40.875491294158401],[-73.856878411060734,40.876774293671559],[-73.859753411635381,40.876869293180938],[-73.860078411325389,40.876286292784563]]]},"properties":{"OBJECTID":159369,"GEOID20":"360050368002","GEOID10":"360050368002","STATEFP":"36","COUNTYFP":"005","D1C":7.5261672092717173,"D1C5_RET":2.0741405694843316,"D2B_E5MIXA":0.39279308611046543,"D3A":34.464086367198561,"D3AAO":0,"D3B":189.67363635183801,"D4A":190.44,"D4C":33.670000000000002,"D4D":1277.00686582,"D5AR":545764,"D5BR":2775585}},{"type":"Feature","id":159370,"geometry":{"type":"Polygon","coordinates":[[[-73.894674420277227,40.843923285873018],[-73.894810420719665,40.843769286286815],[-73.894117419885333,40.843548285827296],[-73.891621419427352,40.843222285953658],[-73.890555419222409,40.84268628626954],[-73.890343420408641,40.842839285310454],[-73.889018418839271,40.844378286359444],[-73.891126418959715,40.845418286419921],[-73.892485419965951,40.843833285593455],[-73.893986420364058,40.84471228578726],[-73.894674420277227,40.843923285873018]]]},"properties":{"OBJECTID":159370,"GEOID20":"360050369011","GEOID10":"360050369011","STATEFP":"36","COUNTYFP":"005","D1C":25.195275329841994,"D1C5_RET":1.9237771803573938,"D2B_E5MIXA":0.33216782335372863,"D3A":30.861309237466283,"D3AAO":5.827355252127016,"D3B":92.698754868730987,"D4A":139.47999999999999,"D4C":52.329999999999998,"D4D":2078.3743968600002,"D5AR":702333,"D5BR":1282088}},{"type":"Feature","id":159371,"geometry":{"type":"Polygon","coordinates":[[[-73.894895420210176,40.843644285763816],[-73.895368420936521,40.842903286194755],[-73.894102419816704,40.842198285627425],[-73.892908419565245,40.84342428590174],[-73.894117419885333,40.843548285827296],[-73.894810420719665,40.843769286286815],[-73.894895420210176,40.843644285763816]]]},"properties":{"OBJECTID":159371,"GEOID20":"360050369021","GEOID10":"360050369021","STATEFP":"36","COUNTYFP":"005","D1C":2.5767495592684608,"D1C5_RET":0,"D2B_E5MIXA":0,"D3A":63.914214806949779,"D3AAO":28.734077587322219,"D3B":274.87027723662908,"D4A":128.75,"D4C":29.670000000000002,"D4D":4075.6627314399998,"D5AR":690794,"D5BR":1281731}},{"type":"Feature","id":159372,"geometry":{"type":"Polygon","coordinates":[[[-73.858433410987217,40.873075293415887],[-73.858489411063701,40.871292291606956],[-73.85661540949836,40.87125829248771],[-73.856514410114343,40.874226293926029],[-73.85803041147939,40.874712293292582],[-73.858391411154429,40.874085293144404],[-73.858433410987217,40.873075293415887]]]},"properties":{"OBJECTID":159372,"GEOID20":"360050370001","GEOID10":"360050370001","STATEFP":"36","COUNTYFP":"005","D1C":1.5927437029447855,"D1C5_RET":0,"D2B_E5MIXA":0.50901621825412102,"D3A":27.6009211083176,"D3AAO":0,"D3B":139.00308680245399,"D4A":233.34999999999999,"D4C":33.329999999999998,"D4D":1544.3242943800001,"D5AR":580217,"D5BR":2453330}},{"type":"Feature","id":159373,"geometry":{"type":"Polygon","coordinates":[[[-73.888156419747148,40.848937287481533],[-73.888838419812544,40.848142287362577],[-73.887790418252621,40.847626287368527],[-73.885816418026479,40.849939287209416],[-73.886437418890807,40.850317287796933],[-73.888156419747148,40.848937287481533]]]},"properties":{"OBJECTID":159373,"GEOID20":"360050371004","GEOID10":"360050371004","STATEFP":"36","COUNTYFP":"005","D1C":3.8137413366098367,"D1C5_RET":2.6837439035402553,"D2B_E5MIXA":0.56899295734134203,"D3A":25.880743423757036,"D3AAO":0,"D3B":90.399794645566502,"D4A":128.75,"D4C":50,"D4D":4519.9897322799998,"D5AR":672982,"D5BR":564017}},{"type":"Feature","id":159374,"geometry":{"type":"Polygon","coordinates":[[[-73.863183412952111,40.87218329312897],[-73.863333412739934,40.871383293219417],[-73.861380411531883,40.871344292543661],[-73.861307411736945,40.873681293471741],[-73.861136412032721,40.874485293606206],[-73.860513411518568,40.875502293192071],[-73.862131412092552,40.876019293939066],[-73.862560412437958,40.875268292483113],[-73.863183412952111,40.87218329312897]]]},"properties":{"OBJECTID":159374,"GEOID20":"360050372001","GEOID10":"360050372001","STATEFP":"36","COUNTYFP":"005","D1C":27.943309086805968,"D1C5_RET":0,"D2B_E5MIXA":0.040586322283884549,"D3A":29.802979425068646,"D3AAO":0,"D3B":167.97021079077376,"D4A":52.299999999999997,"D4C":82,"D4D":2950.6335228900002,"D5AR":588705,"D5BR":2465714}},{"type":"Feature","id":159375,"geometry":{"type":"Polygon","coordinates":[[[-73.866170413679754,40.873343292470246],[-73.86629841462458,40.873220292491453],[-73.866138413892713,40.872892292789452],[-73.865179412919574,40.872339292358717],[-73.865210412881709,40.871415292450372],[-73.863333412739934,40.871383293219417],[-73.862560412437958,40.875268292483113],[-73.862131412092552,40.876019293939066],[-73.864621413601057,40.876812293355805],[-73.865295413270516,40.873343293149482],[-73.86551441355364,40.873489293556688],[-73.865727413988964,40.873526293208592],[-73.865941414249221,40.873493292400155],[-73.866170413679754,40.873343292470246]]]},"properties":{"OBJECTID":159375,"GEOID20":"360050372002","GEOID10":"360050372002","STATEFP":"36","COUNTYFP":"005","D1C":4.9460261190241894,"D1C5_RET":0.070657515986059849,"D2B_E5MIXA":0.46882333174787227,"D3A":29.559190373252139,"D3AAO":0,"D3B":248.75967708116175,"D4A":301.75,"D4C":73.329999999999998,"D4D":1658.0210071199999,"D5AR":599720,"D5BR":3248441}},{"type":"Feature","id":159376,"geometry":{"type":"Polygon","coordinates":[[[-73.891335420095416,40.847478285796434],[-73.889966419941757,40.846801286122094],[-73.888156419747148,40.848937287481533],[-73.889901419644431,40.849877286799376],[-73.891335420095416,40.847478285796434]]]},"properties":{"OBJECTID":159376,"GEOID20":"360050373002","GEOID10":"360050373002","STATEFP":"36","COUNTYFP":"005","D1C":16.403365314427909,"D1C5_RET":0.36051352339401993,"D2B_E5MIXA":0.14043476652001941,"D3A":36.801103802150344,"D3AAO":0,"D3B":173.0464912291296,"D4A":147.52000000000001,"D4C":43.329999999999998,"D4D":2499.3681549900002,"D5AR":686662,"D5BR":745220}},{"type":"Feature","id":159377,"geometry":{"type":"Polygon","coordinates":[[[-73.893041419634628,40.846979286090352],[-73.893375420443775,40.846409285888186],[-73.892902420615783,40.846277286265256],[-73.891126418959715,40.845418286419921],[-73.889966419941757,40.846801286122094],[-73.892422420216761,40.848011286700327],[-73.893041419634628,40.846979286090352]]]},"properties":{"OBJECTID":159377,"GEOID20":"360050373003","GEOID10":"360050373003","STATEFP":"36","COUNTYFP":"005","D1C":16.581205000635176,"D1C5_RET":2.4494961932756509,"D2B_E5MIXA":0.80340819161369725,"D3A":38.026547581965104,"D3AAO":0,"D3B":221.1631270630175,"D4A":115.34,"D4C":43.329999999999998,"D4D":2612.5949551899998,"D5AR":724338,"D5BR":863494}},{"type":"Feature","id":159378,"geometry":{"type":"Polygon","coordinates":[[[-73.891545421056009,40.849475287379917],[-73.892422420216761,40.848011286700327],[-73.891335420095416,40.847478285796434],[-73.889901419644431,40.849877286799376],[-73.890937420610456,40.850485286912829],[-73.891545421056009,40.849475287379917]]]},"properties":{"OBJECTID":159378,"GEOID20":"360050373004","GEOID10":"360050373004","STATEFP":"36","COUNTYFP":"005","D1C":1.7687694741519104,"D1C5_RET":0.75804406035081884,"D2B_E5MIXA":0.77024368723831982,"D3A":27.696018468119135,"D3AAO":0,"D3B":80.858033104087326,"D4A":207.87,"D4C":43.329999999999998,"D4D":3503.5785744,"D5AR":678577,"D5BR":729478}},{"type":"Feature","id":159380,"geometry":{"type":"Polygon","coordinates":[[[-73.868209414203235,40.873243291875326],[-73.868259414431947,40.871470292344895],[-73.867160412818393,40.871450292079793],[-73.867097413967514,40.87322129237625],[-73.86629841462458,40.873220292491453],[-73.866026412841393,40.873456292729799],[-73.865727413988964,40.873526293208592],[-73.86551441355364,40.873489293556688],[-73.865295413270516,40.873343293149482],[-73.86497641252997,40.874938293021032],[-73.867055413236415,40.875227292349216],[-73.867011414652126,40.87614129363164],[-73.866272413787016,40.877335292996669],[-73.868051414019476,40.877807293179799],[-73.868209414203235,40.873243291875326]]]},"properties":{"OBJECTID":159380,"GEOID20":"360050374002","GEOID10":"360050374002","STATEFP":"36","COUNTYFP":"005","D1C":13.22636323883957,"D1C5_RET":1.4516740140189772,"D2B_E5MIXA":0.74919278017878077,"D3A":29.427065336567441,"D3AAO":0,"D3B":129.06349767304718,"D4A":132.77000000000001,"D4C":77.329999999999998,"D4D":1995.6969156299999,"D5AR":616274,"D5BR":3248057}},{"type":"Feature","id":159381,"geometry":{"type":"Polygon","coordinates":[[[-73.868120414514763,40.880070293421767],[-73.865177413269748,40.879285293344459],[-73.863951413231234,40.881442294327123],[-73.86705441430982,40.882263294405959],[-73.868120414514763,40.880070293421767]]]},"properties":{"OBJECTID":159381,"GEOID20":"360050378001","GEOID10":"360050378001","STATEFP":"36","COUNTYFP":"005","D1C":2.8881578601929543,"D1C5_RET":0,"D2B_E5MIXA":0.7021829045241853,"D3A":35.472596068715241,"D3AAO":0,"D3B":123.25271431530636,"D4A":438.55000000000001,"D4C":70,"D4D":2587.7894427299998,"D5AR":501295,"D5BR":3224075}},{"type":"Feature","id":160709,"geometry":{"type":"Polygon","coordinates":[[[-73.88947141947412,40.847392286687011],[-73.889966419941757,40.846801286122094],[-73.887837419006615,40.845751287102395],[-73.886698418108423,40.847090286607326],[-73.888838419812544,40.848142287362577],[-73.88947141947412,40.847392286687011]]]},"properties":{"OBJECTID":160709,"GEOID20":"360050371003","GEOID10":"360050371003","STATEFP":"36","COUNTYFP":"005","D1C":3.7390596982758302,"D1C5_RET":0.53415138546797569,"D2B_E5MIXA":0.80795441235341381,"D3A":37.118738596857639,"D3AAO":0,"D3B":0,"D4A":222.63,"D4C":50.329999999999998,"D4D":3441.13142152,"D5AR":704928,"D5BR":537502}},{"type":"Feature","id":160717,"geometry":{"type":"Polygon","coordinates":[[[-73.83146140115673,40.847744288688119],[-73.832236401108545,40.847030288169194],[-73.83113340109368,40.845315288269873],[-73.828571399615157,40.84627728898343],[-73.830431400936803,40.8491722897503],[-73.830543401089798,40.849226288843987],[-73.831153400286837,40.848054289264944],[-73.83146140115673,40.847744288688119]]]},"properties":{"OBJECTID":160717,"GEOID20":"360050266022","GEOID10":"360050266022","STATEFP":"36","COUNTYFP":"005","D1C":16.500066245946119,"D1C5_RET":4.7922986523152327,"D2B_E5MIXA":0.94953672279546575,"D3A":36.337080614957202,"D3AAO":0,"D3B":90.61448145420762,"D4A":233.34999999999999,"D4C":59,"D4D":2290.59743179,"D5AR":639598,"D5BR":1763387}},{"type":"Feature","id":160718,"geometry":{"type":"Polygon","coordinates":[[[-73.900317424889664,40.874434291606605],[-73.900955424574121,40.872301291465483],[-73.897801423441905,40.871690291466201],[-73.8981804235586,40.87315329134659],[-73.89843442400182,40.873750291118789],[-73.899002424264381,40.874111292521022],[-73.899866424802966,40.874175291047635],[-73.900317424889664,40.874434291606605]]]},"properties":{"OBJECTID":160718,"GEOID20":"360050267021","GEOID10":"360050267021","STATEFP":"36","COUNTYFP":"005","D1C":4.5955939783045237,"D1C5_RET":0,"D2B_E5MIXA":0.28354410103140332,"D3A":26.158159970302279,"D3AAO":0,"D3B":120.43358703565198,"D4A":367.47000000000003,"D4C":48.329999999999998,"D4D":2493.811166,"D5AR":554610,"D5BR":2954210}},{"type":"Feature","id":160719,"geometry":{"type":"Polygon","coordinates":[[[-73.891651423157839,40.882339294242435],[-73.887833420605276,40.882914293680173],[-73.886968420241786,40.882822293915645],[-73.887048420607726,40.884366294494079],[-73.887545420725175,40.884274294031329],[-73.889848421737625,40.884693294003711],[-73.891651423157839,40.882339294242435]]]},"properties":{"OBJECTID":160719,"GEOID20":"360050281003","GEOID10":"360050281003","STATEFP":"36","COUNTYFP":"005","D1C":23.969903232321805,"D1C5_RET":0,"D2B_E5MIXA":0.024543254351943152,"D3A":31.126037658775044,"D3AAO":0,"D3B":97.802360479769504,"D4A":278.94999999999999,"D4C":80.670000000000002,"D4D":3380.3412253199999,"D5AR":581900,"D5BR":2225781}},{"type":"Feature","id":160720,"geometry":{"type":"Polygon","coordinates":[[[-73.855861410361257,40.863008291065505],[-73.855919409189283,40.861142291204921],[-73.853569408321192,40.861096290816718],[-73.85203340776296,40.862927290574945],[-73.852962407700545,40.862956291734889],[-73.852892409176974,40.865396292216381],[-73.855782409820236,40.865448291669324],[-73.855861410361257,40.863008291065505]]]},"properties":{"OBJECTID":160720,"GEOID20":"360050326002","GEOID10":"360050326002","STATEFP":"36","COUNTYFP":"005","D1C":1.1441267466571217,"D1C5_RET":0.067301573332771855,"D2B_E5MIXA":0.59843221956045445,"D3A":24.820801273491739,"D3AAO":0,"D3B":114.87570949024163,"D4A":296.38999999999999,"D4C":41,"D4D":882.99664212599998,"D5AR":585166,"D5BR":2714112}},{"type":"Feature","id":160721,"geometry":{"type":"Polygon","coordinates":[[[-73.907464428476644,40.899402296117501],[-73.907223428452227,40.899345296007738],[-73.906364427936509,40.900177296368312],[-73.90575142746809,40.900588296965005],[-73.904721426349838,40.901002297477078],[-73.903971427410724,40.901179296939681],[-73.90195942665143,40.901302295884491],[-73.901523426633332,40.90263829702905],[-73.900971426264292,40.903395297482504],[-73.900386427181573,40.903853297781474],[-73.900275425955186,40.904044297778391],[-73.900218426053783,40.904558297305549],[-73.900289426198896,40.90478829798495],[-73.900708426498554,40.905289297490128],[-73.900718426544287,40.905476297786784],[-73.900008426889826,40.908137298226883],[-73.900236426495454,40.908204299258834],[-73.900784426666547,40.908071297843129],[-73.901241426601018,40.908056298641682],[-73.903674427309795,40.908445297788788],[-73.904340427481657,40.905977297511306],[-73.905476428006807,40.902962296198446],[-73.906113427866345,40.90167829635773],[-73.907464428476644,40.899402296117501]]]},"properties":{"OBJECTID":160721,"GEOID20":"360050337003","GEOID10":"360050337003","STATEFP":"36","COUNTYFP":"005","D1C":8.3284525042490696,"D1C5_RET":0.41286345747559489,"D2B_E5MIXA":0.73728431172633579,"D3A":30.198290366284894,"D3AAO":4.9137330775196704,"D3B":97.219378565839392,"D4A":151.55000000000001,"D4C":60.670000000000002,"D4D":552.79284888400002,"D5AR":574631,"D5BR":1947569}},{"type":"Feature","id":160722,"geometry":{"type":"Polygon","coordinates":[[[-73.843282406540638,40.866356291473551],[-73.843355405437265,40.86521929213955],[-73.8369904032714,40.865103292066657],[-73.836972402829744,40.865651293153483],[-73.8424074061314,40.868483292507264],[-73.843282406540638,40.866356291473551]]]},"properties":{"OBJECTID":160722,"GEOID20":"360050360003","GEOID10":"360050360003","STATEFP":"36","COUNTYFP":"005","D1C":11.632053234349344,"D1C5_RET":0,"D2B_E5MIXA":0.24301601838890385,"D3A":31.68744288805669,"D3AAO":0,"D3B":193.20074239107089,"D4A":175.69,"D4C":50.329999999999998,"D4D":1121.80357228,"D5AR":570619,"D5BR":1844580}},{"type":"Feature","id":160723,"geometry":{"type":"Polygon","coordinates":[[[-73.896119420598865,40.846787286226487],[-73.896178421946729,40.846667286708623],[-73.895360421438895,40.846526285689372],[-73.893845419898739,40.84649728684979],[-73.893375420443775,40.846409285888186],[-73.892422420216761,40.848011286700327],[-73.894001420432673,40.848783286635701],[-73.894947420088712,40.849112287081589],[-73.896119420598865,40.846787286226487]]]},"properties":{"OBJECTID":160723,"GEOID20":"360050375043","GEOID10":"360050375043","STATEFP":"36","COUNTYFP":"005","D1C":14.605410100014872,"D1C5_RET":1.661278873935341,"D2B_E5MIXA":0.90297646042088009,"D3A":25.574032019838118,"D3AAO":0,"D3B":44.300769971609085,"D4A":211.90000000000001,"D4C":47.329999999999998,"D4D":2096.7554427599998,"D5AR":699492,"D5BR":971136}},{"type":"Feature","id":160724,"geometry":{"type":"Polygon","coordinates":[[[-73.899950423570232,40.857428288183634],[-73.898173422089272,40.856820288595593],[-73.897359423576034,40.85877128857328],[-73.898833422413347,40.859313289849197],[-73.899950423570232,40.857428288183634]]]},"properties":{"OBJECTID":160724,"GEOID20":"360050383013","GEOID10":"360050383013","STATEFP":"36","COUNTYFP":"005","D1C":14.411945351449877,"D1C5_RET":3.9837897719454944,"D2B_E5MIXA":0.91998189250770201,"D3A":46.051534488564045,"D3AAO":0,"D3B":274.98460411716007,"D4A":199.83000000000001,"D4C":97,"D4D":7273.9314424200002,"D5AR":650003,"D5BR":2294634}},{"type":"Feature","id":160725,"geometry":{"type":"Polygon","coordinates":[[[-73.856668410998438,40.882456295106877],[-73.857057410262556,40.881753294532686],[-73.854555410855127,40.880955294340843],[-73.853244409529481,40.883028294318308],[-73.855885411549025,40.883869295013568],[-73.856668410998438,40.882456295106877]]]},"properties":{"OBJECTID":160725,"GEOID20":"360050398002","GEOID10":"360050398002","STATEFP":"36","COUNTYFP":"005","D1C":0.94575298038683286,"D1C5_RET":0.13510756862669041,"D2B_E5MIXA":0.59380972930303466,"D3A":25.724660832441078,"D3AAO":0,"D3B":129.70326588162277,"D4A":278.94999999999999,"D4C":12.67,"D4D":547.78012623999996,"D5AR":475234,"D5BR":3224814}},{"type":"Feature","id":160726,"geometry":{"type":"Polygon","coordinates":[[[-73.865325412509435,40.867865292161881],[-73.865401413575739,40.865479290370054],[-73.864462412694081,40.865497291077254],[-73.864357412213778,40.868768292352357],[-73.865282413750037,40.869143291638274],[-73.865325412509435,40.867865292161881]]]},"properties":{"OBJECTID":160726,"GEOID20":"360050338003","GEOID10":"360050338003","STATEFP":"36","COUNTYFP":"005","D1C":3.5852447102801595,"D1C5_RET":1.0622947289718991,"D2B_E5MIXA":0.629575006476501,"D3A":10.883561379991066,"D3AAO":0,"D3B":0,"D4A":270.91000000000003,"D4C":59.329999999999998,"D4D":5042.0757015899999,"D5AR":593781,"D5BR":2769760}},{"type":"Feature","id":160727,"geometry":{"type":"Polygon","coordinates":[[[-73.858572411802683,40.868579291641048],[-73.858603410866536,40.867742292196368],[-73.855708409302068,40.867686291954172],[-73.855573411379495,40.871230292161087],[-73.858489411063701,40.871292291606956],[-73.858572411802683,40.868579291641048]]]},"properties":{"OBJECTID":160727,"GEOID20":"360050344002","GEOID10":"360050344002","STATEFP":"36","COUNTYFP":"005","D1C":2.8558169181466848,"D1C5_RET":0.16798923047921674,"D2B_E5MIXA":0.45742494116570726,"D3A":37.241335876325358,"D3AAO":0,"D3B":188.14793813672273,"D4A":168.97999999999999,"D4C":40.329999999999998,"D4D":1084.0009064400001,"D5AR":608661,"D5BR":2555760}},{"type":"Feature","id":160728,"geometry":{"type":"Polygon","coordinates":[[[-73.868044414346784,40.878365293838442],[-73.868051414019476,40.877807293179799],[-73.866272413787016,40.877335292996669],[-73.865177413269748,40.879285293344459],[-73.867266414021927,40.879833293883671],[-73.868044414346784,40.878365293838442]]]},"properties":{"OBJECTID":160728,"GEOID20":"360050378003","GEOID10":"360050378003","STATEFP":"36","COUNTYFP":"005","D1C":9.9114345005834075,"D1C5_RET":2.5019155050016368,"D2B_E5MIXA":0.49446868625168994,"D3A":33.859180868439303,"D3AAO":0,"D3B":102.66321592215948,"D4A":164.96000000000001,"D4C":70.329999999999998,"D4D":4331.3161222600002,"D5AR":522404,"D5BR":3224473}},{"type":"Feature","id":160729,"geometry":{"type":"Polygon","coordinates":[[[-73.843545406306362,40.87126329341821],[-73.843170405489332,40.870298292289782],[-73.842636405561933,40.869422293065981],[-73.839069404876156,40.870577292926576],[-73.839961405003834,40.872422293357928],[-73.843545406306362,40.87126329341821]]]},"properties":{"OBJECTID":160729,"GEOID20":"360050358005","GEOID10":"360050358005","STATEFP":"36","COUNTYFP":"005","D1C":1.4552317540524007,"D1C5_RET":1.0634385894998313,"D2B_E5MIXA":0.47616134322843845,"D3A":29.600142362295212,"D3AAO":0,"D3B":167.17706601193163,"D4A":320.52999999999997,"D4C":43,"D4D":1540.30722917,"D5AR":503362,"D5BR":2337885}},{"type":"Feature","id":160730,"geometry":{"type":"Polygon","coordinates":[[[-73.880462415814009,40.843917286628368],[-73.878172416118673,40.842633286270718],[-73.877315415252781,40.844015286681866],[-73.87800841518883,40.844492287431734],[-73.878507414956104,40.844007285434749],[-73.879762416205253,40.84468928600883],[-73.880462415814009,40.843917286628368]]]},"properties":{"OBJECTID":160730,"GEOID20":"360050361005","GEOID10":"360050361005","STATEFP":"36","COUNTYFP":"005","D1C":7.159743709252635,"D1C5_RET":0,"D2B_E5MIXA":0.24850220451969487,"D3A":19.706355190127354,"D3AAO":0,"D3B":0,"D4A":248.11000000000001,"D4C":91,"D4D":7874.3168178400001,"D5AR":669383,"D5BR":2340905}},{"type":"Feature","id":160731,"geometry":{"type":"Polygon","coordinates":[[[-73.861307411736945,40.873681293471741],[-73.861322411805574,40.873131293176179],[-73.858433410987217,40.873075293415887],[-73.858391411154429,40.874085293144404],[-73.85803041147939,40.874712293292582],[-73.860513411518568,40.875502293192071],[-73.861136412032721,40.874485293606206],[-73.861307411736945,40.873681293471741]]]},"properties":{"OBJECTID":160731,"GEOID20":"360050370003","GEOID10":"360050370003","STATEFP":"36","COUNTYFP":"005","D1C":2.8118683725048674,"D1C5_RET":0.36998268059274569,"D2B_E5MIXA":0.85716870315854188,"D3A":28.679960302332351,"D3AAO":0,"D3B":205.24863202418686,"D4A":237.38,"D4C":33,"D4D":1562.8068428199999,"D5AR":566885,"D5BR":2781236}},{"type":"Feature","id":160784,"geometry":{"type":"Polygon","coordinates":[[[-73.891697420493657,40.861952289704618],[-73.891816421217669,40.861825290078819],[-73.891448420971628,40.861642289612028],[-73.88945441975568,40.863100289833447],[-73.888123419236877,40.864263290067704],[-73.888897420262083,40.86476229003754],[-73.891697420493657,40.861952289704618]]]},"properties":{"OBJECTID":160784,"GEOID20":"360050397002","GEOID10":"360050397002","STATEFP":"36","COUNTYFP":"005","D1C":35.583289914531093,"D1C5_RET":8.9343325326528298,"D2B_E5MIXA":0.55811150583055558,"D3A":41.869376370873134,"D3AAO":0,"D3B":295.85580061231605,"D4A":115.34,"D4C":102.67,"D4D":10121.797750399999,"D5AR":616865,"D5BR":2288086}},{"type":"Feature","id":160801,"geometry":{"type":"Polygon","coordinates":[[[-73.885434418435068,40.855767288222737],[-73.886187419543873,40.854878288328507],[-73.885422418739495,40.854506288946624],[-73.88446241883976,40.854160288570796],[-73.88400341925545,40.855065288414252],[-73.885434418435068,40.855767288222737]]]},"properties":{"OBJECTID":160801,"GEOID20":"360050389005","GEOID10":"360050389005","STATEFP":"36","COUNTYFP":"005","D1C":14.158140307261789,"D1C5_RET":2.9686423224903749,"D2B_E5MIXA":0.69025328638204264,"D3A":18.569205262532908,"D3AAO":0,"D3B":292.29709021443688,"D4A":222.63,"D4C":79.329999999999998,"D4D":11593.9640834,"D5AR":644317,"D5BR":540387}},{"type":"Feature","id":160802,"geometry":{"type":"Polygon","coordinates":[[[-73.865177413269748,40.879285293344459],[-73.865238414267438,40.879156294088503],[-73.861625411754261,40.878261293444261],[-73.861481411814211,40.879826294709808],[-73.864467412716948,40.880553294031721],[-73.865177413269748,40.879285293344459]]]},"properties":{"OBJECTID":160802,"GEOID20":"360050380003","GEOID10":"360050380003","STATEFP":"36","COUNTYFP":"005","D1C":9.1731845172843052,"D1C5_RET":1.0743369254477113,"D2B_E5MIXA":0.67513971082655733,"D3A":32.27479191678264,"D3AAO":0,"D3B":141.05878548524535,"D4A":233.34999999999999,"D4C":72.329999999999998,"D4D":3825.5650371800002,"D5AR":553599,"D5BR":3224460}},{"type":"Feature","id":160803,"geometry":{"type":"Polygon","coordinates":[[[-73.902730423710324,40.851882287727342],[-73.902791423809703,40.851807286431296],[-73.901400423914737,40.850785287380965],[-73.900924422815365,40.85287128798889],[-73.901697424015651,40.853150287302192],[-73.902730423710324,40.851882287727342]]]},"properties":{"OBJECTID":160803,"GEOID20":"360050381005","GEOID10":"360050381005","STATEFP":"36","COUNTYFP":"005","D1C":5.8450183164608358,"D1C5_RET":0.18265682238940112,"D2B_E5MIXA":0.086403332107683944,"D3A":30.322642584602189,"D3AAO":0,"D3B":77.972544341587565,"D4A":168.97999999999999,"D4C":82.329999999999998,"D4D":9624.4071598800001,"D5AR":687826,"D5BR":2211526}},{"type":"Feature","id":160804,"geometry":{"type":"Polygon","coordinates":[[[-73.897308421725768,40.856518288002114],[-73.897264423141465,40.856338288239975],[-73.896875422979036,40.857069289167526],[-73.896198422038225,40.856801288115143],[-73.896127421893112,40.856923287886964],[-73.895827422317453,40.857034288052198],[-73.895264421179434,40.856751288255154],[-73.893809420812076,40.858950288418342],[-73.894695421091939,40.859434288298765],[-73.895741423002036,40.858147288644687],[-73.896364422617879,40.858384289038774],[-73.897308421725768,40.856518288002114]]]},"properties":{"OBJECTID":160804,"GEOID20":"360050383023","GEOID10":"360050383023","STATEFP":"36","COUNTYFP":"005","D1C":26.748027274377304,"D1C5_RET":0.21313169142930122,"D2B_E5MIXA":0.10831771725063838,"D3A":29.584461891900922,"D3AAO":0,"D3B":159.18379769471653,"D4A":181.05000000000001,"D4C":132,"D4D":9002.6826459700005,"D5AR":676396,"D5BR":2295645}},{"type":"Feature","id":160805,"geometry":{"type":"Polygon","coordinates":[[[-73.849461408933635,40.878622294020381],[-73.849042407735666,40.878069293906876],[-73.848167407326429,40.876460292979004],[-73.847299408386519,40.876741294482159],[-73.848359407845379,40.878732294694515],[-73.848612408463666,40.879047294594955],[-73.849461408933635,40.878622294020381]]]},"properties":{"OBJECTID":160805,"GEOID20":"360050386008","GEOID10":"360050386008","STATEFP":"36","COUNTYFP":"005","D1C":6.2294510563756527,"D1C5_RET":5.313355312790998,"D2B_E5MIXA":0.35584381746800869,"D3A":25.1824111077011,"D3AAO":0,"D3B":0,"D4A":193.12,"D4C":29,"D4D":3400.5474001900002,"D5AR":485336,"D5BR":2334106}},{"type":"Feature","id":160806,"geometry":{"type":"Polygon","coordinates":[[[-73.884716418384656,40.851767287607963],[-73.883821417883951,40.851507288552042],[-73.882734417762606,40.853658288363278],[-73.883629418263311,40.853917288314577],[-73.884716418384656,40.851767287607963]]]},"properties":{"OBJECTID":160806,"GEOID20":"360050393004","GEOID10":"360050393004","STATEFP":"36","COUNTYFP":"005","D1C":13.115913767212852,"D1C5_RET":1.5660792557866092,"D2B_E5MIXA":0.9308055774178654,"D3A":17.163319193638198,"D3AAO":0,"D3B":0,"D4A":266.88,"D4C":63,"D4D":7893.03944916,"D5AR":664085,"D5BR":509024}},{"type":"Feature","id":160807,"geometry":{"type":"Polygon","coordinates":[[[-73.866263413566173,40.885242294973992],[-73.866209414037826,40.884793294960105],[-73.86598341408201,40.884399295315426],[-73.865661412968407,40.884496294856064],[-73.864506413973317,40.88661629465544],[-73.865381415280879,40.886892294721321],[-73.866221413733371,40.885450294714829],[-73.866263413566173,40.885242294973992]]]},"properties":{"OBJECTID":160807,"GEOID20":"360050394003","GEOID10":"360050394003","STATEFP":"36","COUNTYFP":"005","D1C":43.854191828839802,"D1C5_RET":0,"D2B_E5MIXA":0.10111326420895306,"D3A":33.205739589036405,"D3AAO":0,"D3B":170.18615825359211,"D4A":449.27999999999997,"D4C":42.329999999999998,"D4D":5400.2849167000004,"D5AR":525927,"D5BR":3208126}},{"type":"Feature","id":160809,"geometry":{"type":"Polygon","coordinates":[[[-73.8941774219564,40.863192289832377],[-73.894058421232401,40.862358289025188],[-73.893560421290033,40.861934289392615],[-73.892133421410051,40.864641289772074],[-73.892761421048775,40.865029290121939],[-73.893920421140152,40.863250289869384],[-73.8941774219564,40.863192289832377]]]},"properties":{"OBJECTID":160809,"GEOID20":"360050399015","GEOID10":"360050399015","STATEFP":"36","COUNTYFP":"005","D1C":8.376686034234913,"D1C5_RET":0.50260116205409477,"D2B_E5MIXA":0.60519989480987035,"D3A":46.14366874742803,"D3AAO":0,"D3B":71.516794685884008,"D4A":241.40000000000001,"D4C":150.33000000000001,"D4D":16118.620307499999,"D5AR":631033,"D5BR":2287952}},{"type":"Feature","id":160810,"geometry":{"type":"Polygon","coordinates":[[[-73.898577423218612,40.864152289787839],[-73.899199423009563,40.863337290169362],[-73.898041423641416,40.862839290374218],[-73.897496422945082,40.863678290024623],[-73.898577423218612,40.864152289787839]]]},"properties":{"OBJECTID":160810,"GEOID20":"360050401004","GEOID10":"360050401004","STATEFP":"36","COUNTYFP":"005","D1C":6.4327977767107276,"D1C5_RET":0,"D2B_E5MIXA":0,"D3A":29.147987716316997,"D3AAO":0,"D3B":0,"D4A":287,"D4C":124.67,"D4D":28514.734180399999,"D5AR":641693,"D5BR":2457437}},{"type":"Feature","id":160811,"geometry":{"type":"Polygon","coordinates":[[[-73.895379422603781,40.866700290679432],[-73.895444422002797,40.866610289408889],[-73.894377422871258,40.866075290729114],[-73.89299742194865,40.867890290619144],[-73.894154421491876,40.86839429090039],[-73.895379422603781,40.866700290679432]]]},"properties":{"OBJECTID":160811,"GEOID20":"360050403043","GEOID10":"360050403043","STATEFP":"36","COUNTYFP":"005","D1C":7.6989948368776275,"D1C5_RET":0.64158290307313559,"D2B_E5MIXA":0.31998981455001252,"D3A":54.234787695313827,"D3AAO":0,"D3B":205.30652898340338,"D4A":140.81999999999999,"D4C":101.67,"D4D":10436.7574009,"D5AR":599773,"D5BR":2856810}},{"type":"Feature","id":160828,"geometry":{"type":"Polygon","coordinates":[[[-73.887090420440515,40.873384291733096],[-73.885332420124442,40.872947291457088],[-73.8850564199399,40.873602292887767],[-73.886794421062817,40.874028292280684],[-73.887090420440515,40.873384291733096]]]},"properties":{"OBJECTID":160828,"GEOID20":"360050413002","GEOID10":"360050413002","STATEFP":"36","COUNTYFP":"005","D1C":8.5849481477716818,"D1C5_RET":0,"D2B_E5MIXA":0.36842261069313131,"D3A":52.487852302697469,"D3AAO":0,"D3B":0,"D4A":0,"D4C":144.66999999999999,"D4D":31794.801882600001,"D5AR":560628,"D5BR":2581887}},{"type":"Feature","id":160830,"geometry":{"type":"Polygon","coordinates":[[[-73.889129420963982,40.869071290706472],[-73.888315419755799,40.868555291361169],[-73.886251419117983,40.869483291546395],[-73.887158420212586,40.870235291303956],[-73.889129420963982,40.869071290706472]]]},"properties":{"OBJECTID":160830,"GEOID20":"360050407025","GEOID10":"360050407025","STATEFP":"36","COUNTYFP":"005","D1C":6.7445769782474105,"D1C5_RET":4.5625079558732482,"D2B_E5MIXA":0.57903868727460661,"D3A":10.882828793738009,"D3AAO":0,"D3B":0,"D4A":0,"D4C":70.329999999999998,"D4D":8928.8677436300004,"D5AR":592006,"D5BR":2665333}},{"type":"Feature","id":160831,"geometry":{"type":"Polygon","coordinates":[[[-73.891110420862816,40.867040290224033],[-73.890361420850283,40.866621290597259],[-73.88906141939529,40.867937290329067],[-73.888315419755799,40.868555291361169],[-73.889893421045144,40.869530291484239],[-73.890547420623122,40.868814290808437],[-73.889806421006512,40.868376290980656],[-73.891110420862816,40.867040290224033]]]},"properties":{"OBJECTID":160831,"GEOID20":"360050405013","GEOID10":"360050405013","STATEFP":"36","COUNTYFP":"005","D1C":31.549911318011986,"D1C5_RET":0.53474425962732175,"D2B_E5MIXA":0.23144824896311991,"D3A":37.410743478563276,"D3AAO":0,"D3B":142.62698892779926,"D4A":221.28,"D4C":85.329999999999998,"D4D":7300.7564278399996,"D5AR":620186,"D5BR":2609886}},{"type":"Feature","id":160832,"geometry":{"type":"Polygon","coordinates":[[[-73.88921842065244,40.865817290755601],[-73.89005542052854,40.865310290549381],[-73.888897420262083,40.86476229003754],[-73.88759442023067,40.865916290342938],[-73.886462420801806,40.866642290267137],[-73.886908419967327,40.867236291078399],[-73.88921842065244,40.865817290755601]]]},"properties":{"OBJECTID":160832,"GEOID20":"360050405023","GEOID10":"360050405023","STATEFP":"36","COUNTYFP":"005","D1C":1.0389720493661336,"D1C5_RET":0.44527373544262872,"D2B_E5MIXA":0.67041555287194932,"D3A":34.172627573366753,"D3AAO":0,"D3B":0,"D4A":201.16999999999999,"D4C":105.33,"D4D":10005.4789449,"D5AR":602600,"D5BR":2286082}},{"type":"Feature","id":160833,"geometry":{"type":"Polygon","coordinates":[[[-73.88906141939529,40.867937290329067],[-73.889741420709171,40.867243290904092],[-73.888883420018374,40.866759291023307],[-73.888360419961643,40.866335290354328],[-73.886908419967327,40.867236291078399],[-73.888315419755799,40.868555291361169],[-73.88906141939529,40.867937290329067]]]},"properties":{"OBJECTID":160833,"GEOID20":"360050405026","GEOID10":"360050405026","STATEFP":"36","COUNTYFP":"005","D1C":5.9296901197724319,"D1C5_RET":0.13789977022726585,"D2B_E5MIXA":0.18481293275113486,"D3A":19.455457092409706,"D3AAO":0,"D3B":58.866653914615249,"D4A":276.26999999999998,"D4C":96.670000000000002,"D4D":8531.6933042399996,"D5AR":575961,"D5BR":2609943}},{"type":"Feature","id":160834,"geometry":{"type":"Polygon","coordinates":[[[-73.889373420463144,40.873390292385196],[-73.889805420283281,40.872409291980702],[-73.888674419780997,40.871505290586697],[-73.887852420871852,40.872129291690136],[-73.889373420463144,40.873390292385196]]]},"properties":{"OBJECTID":160834,"GEOID20":"360050407012","GEOID10":"360050407012","STATEFP":"36","COUNTYFP":"005","D1C":18.62662422611033,"D1C5_RET":1.9868399174517686,"D2B_E5MIXA":0.89587203325712683,"D3A":50.931132414650136,"D3AAO":0,"D3B":158.94719339614147,"D4A":140.81999999999999,"D4C":149.66999999999999,"D4D":23789.626435599999,"D5AR":579855,"D5BR":2586448}},{"type":"Feature","id":160835,"geometry":{"type":"Polygon","coordinates":[[[-73.878578414202892,40.82603828316747],[-73.878065413293612,40.82384228236571],[-73.877137414977554,40.823966282213377],[-73.877656413938013,40.826159283921228],[-73.878578414202892,40.82603828316747]]]},"properties":{"OBJECTID":160835,"GEOID20":"360050050012","GEOID10":"360050050012","STATEFP":"36","COUNTYFP":"005","D1C":1.6511401700773445,"D1C5_RET":1.0319626062983402,"D2B_E5MIXA":0.559360534701831,"D3A":2.0047964250950847,"D3AAO":0,"D3B":0,"D4A":447.93000000000001,"D4C":59.329999999999998,"D4D":7836.9717032600001,"D5AR":826041,"D5BR":1065951}},{"type":"Feature","id":160836,"geometry":{"type":"Polygon","coordinates":[[[-73.885332420124442,40.872947291457088],[-73.885615419981661,40.872277292534676],[-73.884498418824776,40.871992291490173],[-73.882958418068583,40.87306029239253],[-73.8850564199399,40.873602292887767],[-73.885332420124442,40.872947291457088]]]},"properties":{"OBJECTID":160836,"GEOID20":"360050413006","GEOID10":"360050413006","STATEFP":"36","COUNTYFP":"005","D1C":1.6490469965018399,"D1C5_RET":0,"D2B_E5MIXA":0,"D3A":25.260092436784213,"D3AAO":0,"D3B":0,"D4A":215.91999999999999,"D4C":98.329999999999998,"D4D":11530.7229274,"D5AR":558425,"D5BR":2581463}},{"type":"Feature","id":160837,"geometry":{"type":"Polygon","coordinates":[[[-73.886230419201581,40.870786291123906],[-73.88551841899897,40.870193291519172],[-73.88378241842419,40.87139029124814],[-73.884498418824776,40.871992291490173],[-73.886230419201581,40.870786291123906]]]},"properties":{"OBJECTID":160837,"GEOID20":"360050415002","GEOID10":"360050415002","STATEFP":"36","COUNTYFP":"005","D1C":0.68476219236202562,"D1C5_RET":0,"D2B_E5MIXA":0,"D3A":44.052131831466639,"D3AAO":0,"D3B":292.16520207446428,"D4A":232.00999999999999,"D4C":75,"D4D":10956.195077799999,"D5AR":548337,"D5BR":2581430}},{"type":"Feature","id":160838,"geometry":{"type":"Polygon","coordinates":[[[-73.859874412009205,40.896759296975489],[-73.860712413506832,40.8953792973929],[-73.859835412549458,40.895093297120773],[-73.85944641238703,40.895802296523435],[-73.856562412489865,40.894881297545687],[-73.856161411733567,40.895605297853997],[-73.859874412009205,40.896759296975489]]]},"properties":{"OBJECTID":160838,"GEOID20":"360050418003","GEOID10":"360050418003","STATEFP":"36","COUNTYFP":"005","D1C":7.8255520674637902,"D1C5_RET":0,"D2B_E5MIXA":0.59065096107730097,"D3A":39.140056279672663,"D3AAO":0,"D3B":96.828164248085287,"D4A":325.88999999999999,"D4C":68.670000000000002,"D4D":4984.4003290199998,"D5AR":526105,"D5BR":3595158}},{"type":"Feature","id":160839,"geometry":{"type":"Polygon","coordinates":[[[-73.878236413896133,40.828668283943415],[-73.877656413938013,40.826159283921228],[-73.876726414175494,40.826286282576135],[-73.877300413387545,40.828750284051914],[-73.878236413896133,40.828668283943415]]]},"properties":{"OBJECTID":160839,"GEOID20":"360050050023","GEOID10":"360050050023","STATEFP":"36","COUNTYFP":"005","D1C":12.713105011900103,"D1C5_RET":6.3565525059500514,"D2B_E5MIXA":0.58795533168610414,"D3A":23.140222675165386,"D3AAO":0,"D3B":0,"D4A":158.25,"D4C":50,"D4D":5811.7051482999996,"D5AR":788312,"D5BR":998217}},{"type":"Feature","id":160840,"geometry":{"type":"Polygon","coordinates":[[[-73.876994413964098,40.831523284266247],[-73.876403413237,40.828985283809509],[-73.875508413634591,40.829242284612732],[-73.876068414399569,40.831646284192786],[-73.876994413964098,40.831523284266247]]]},"properties":{"OBJECTID":160840,"GEOID20":"360050054004","GEOID10":"360050054004","STATEFP":"36","COUNTYFP":"005","D1C":15.932131609882017,"D1C5_RET":6.0432223347828335,"D2B_E5MIXA":0.56113649570560964,"D3A":23.142659125788434,"D3AAO":0,"D3B":0,"D4A":179.71000000000001,"D4C":63.329999999999998,"D4D":7422.3955483500004,"D5AR":775209,"D5BR":1056852}},{"type":"Feature","id":160841,"geometry":{"type":"Polygon","coordinates":[[[-73.923022428137429,40.823719280878926],[-73.92307442891429,40.823632280899837],[-73.920064428620421,40.822675281075739],[-73.919340428722236,40.823981281439167],[-73.922275428673032,40.824978280832923],[-73.923022428137429,40.823719280878926]]]},"properties":{"OBJECTID":160841,"GEOID20":"360050061002","GEOID10":"360050061002","STATEFP":"36","COUNTYFP":"005","D1C":16.240189748900644,"D1C5_RET":0,"D2B_E5MIXA":0,"D3A":2.5463342394224746,"D3AAO":0,"D3B":0,"D4A":233.34999999999999,"D4C":36,"D4D":2125.9884762199999,"D5AR":923581,"D5BR":2230954}},{"type":"Feature","id":160842,"geometry":{"type":"Polygon","coordinates":[[[-73.918571426821586,40.818699279771842],[-73.918900426709541,40.817975279411108],[-73.917120426652176,40.817520280582464],[-73.916791426764192,40.818237280226811],[-73.918571426821586,40.818699279771842]]]},"properties":{"OBJECTID":160842,"GEOID20":"360050067005","GEOID10":"360050067005","STATEFP":"36","COUNTYFP":"005","D1C":9.6441931649915311,"D1C5_RET":0.60276207281197069,"D2B_E5MIXA":0.54382895528562614,"D3A":45.360499718564782,"D3AAO":0,"D3B":0,"D4A":215.91999999999999,"D4C":106,"D4D":20445.689509799999,"D5AR":888207,"D5BR":1698694}},{"type":"Feature","id":160843,"geometry":{"type":"Polygon","coordinates":[[[-73.926022429283861,40.827658282281512],[-73.92663143045263,40.826616281085812],[-73.924818428986654,40.826007280966962],[-73.924894429154648,40.825919281351261],[-73.923474428947358,40.825433281524866],[-73.922670429581558,40.826862281922104],[-73.925928430470847,40.827820281715638],[-73.926022429283861,40.827658282281512]]]},"properties":{"OBJECTID":160843,"GEOID20":"360050063003","GEOID10":"360050063003","STATEFP":"36","COUNTYFP":"005","D1C":30.560946166893331,"D1C5_RET":2.2509478763150894,"D2B_E5MIXA":0.70120287382718405,"D3A":25.447309499390798,"D3AAO":0,"D3B":147.77299658171921,"D4A":0,"D4C":106,"D4D":5873.2424588200001,"D5AR":938828,"D5BR":3096619}},{"type":"Feature","id":160844,"geometry":{"type":"Polygon","coordinates":[[[-73.928499430373549,40.823435280923995],[-73.928756431189825,40.822848280066168],[-73.92809543014252,40.821954279862226],[-73.927490430070009,40.823180280648735],[-73.926182430015743,40.825394281665552],[-73.927154430509376,40.825732280590564],[-73.928499430373549,40.823435280923995]]]},"properties":{"OBJECTID":160844,"GEOID20":"360050063005","GEOID10":"360050063005","STATEFP":"36","COUNTYFP":"005","D1C":58.50064398366748,"D1C5_RET":2.2637723741134055,"D2B_E5MIXA":0.11811572711191234,"D3A":22.332601818829602,"D3AAO":0,"D3B":76.251788983134375,"D4A":234.69999999999999,"D4C":109.33,"D4D":8336.6080895300001,"D5AR":1010588,"D5BR":2201054}},{"type":"Feature","id":160845,"geometry":{"type":"Polygon","coordinates":[[[-73.922119428139098,40.818804280579329],[-73.922457428247895,40.818053279673876],[-73.919239427541584,40.817228280198144],[-73.918900426709541,40.817975279411108],[-73.922119428139098,40.818804280579329]]]},"properties":{"OBJECTID":160845,"GEOID20":"360050065003","GEOID10":"360050065003","STATEFP":"36","COUNTYFP":"005","D1C":31.466246157746589,"D1C5_RET":1.1237945056338068,"D2B_E5MIXA":0.358054505355415,"D3A":21.633867018995364,"D3AAO":0,"D3B":0,"D4A":182.38999999999999,"D4C":106.67,"D4D":10960.014620899999,"D5AR":899644,"D5BR":1832765}},{"type":"Feature","id":160846,"geometry":{"type":"Polygon","coordinates":[[[-73.868151412680277,40.83136828458094],[-73.867763410546132,40.829695284193136],[-73.865915410716696,40.829940284624335],[-73.866356411655957,40.831882284391071],[-73.868151412680277,40.83136828458094]]]},"properties":{"OBJECTID":160846,"GEOID20":"360050070002","GEOID10":"360050070002","STATEFP":"36","COUNTYFP":"005","D1C":10.626495546416965,"D1C5_RET":2.750387082602038,"D2B_E5MIXA":0.7727841415116945,"D3A":34.046426180349386,"D3AAO":0,"D3B":0,"D4A":108.63,"D4C":79.329999999999998,"D4D":6347.2933021899998,"D5AR":802442,"D5BR":1978108}},{"type":"Feature","id":160847,"geometry":{"type":"Polygon","coordinates":[[[-73.855137406869815,40.822444282635843],[-73.854638405305906,40.820308282723282],[-73.851581405156381,40.820719283629323],[-73.852079406895399,40.822855283222182],[-73.855137406869815,40.822444282635843]]]},"properties":{"OBJECTID":160847,"GEOID20":"360050074002","GEOID10":"360050074002","STATEFP":"36","COUNTYFP":"005","D1C":8.2008850356688843,"D1C5_RET":0,"D2B_E5MIXA":0.145262924962961,"D3A":26.198024489004634,"D3AAO":0,"D3B":54.69990318791146,"D4A":232.00999999999999,"D4C":39.329999999999998,"D4D":1612.7040422600001,"D5AR":779153,"D5BR":724121}},{"type":"Feature","id":160848,"geometry":{"type":"Polygon","coordinates":[[[-73.870901413581436,40.834653285222998],[-73.870376412078258,40.832413285334219],[-73.868463411951481,40.832700284353855],[-73.868992411856013,40.834805284670217],[-73.869940412958485,40.834778285710549],[-73.870901413581436,40.834653285222998]]]},"properties":{"OBJECTID":160848,"GEOID20":"360050076002","GEOID10":"360050076002","STATEFP":"36","COUNTYFP":"005","D1C":1.6079243334927524,"D1C5_RET":0.40198108337318811,"D2B_E5MIXA":0.82853338349770167,"D3A":19.993282108167708,"D3AAO":0,"D3B":0,"D4A":307.12,"D4C":63.329999999999998,"D4D":4073.1939216000001,"D5AR":790146,"D5BR":1983697}},{"type":"Feature","id":160849,"geometry":{"type":"Polygon","coordinates":[[[-73.856991408343688,40.830393284194166],[-73.856823407215884,40.829673284504111],[-73.851225406402563,40.830422284641934],[-73.852935407038046,40.830940285041699],[-73.856991408343688,40.830393284194166]]]},"properties":{"OBJECTID":160849,"GEOID20":"360050078004","GEOID10":"360050078004","STATEFP":"36","COUNTYFP":"005","D1C":0.60717526208659467,"D1C5_RET":0.36430515725195683,"D2B_E5MIXA":0.4181656600790517,"D3A":43.750565610061656,"D3AAO":8.7433410858569971,"D3B":77.718433547084118,"D4A":386.24000000000001,"D4C":38.329999999999998,"D4D":2978.94755786,"D5AR":860861,"D5BR":2219026}},{"type":"Feature","id":160850,"geometry":{"type":"Polygon","coordinates":[[[-73.903418421826871,40.811515279740334],[-73.903075421695178,40.809888279558706],[-73.898449420477164,40.813185279489346],[-73.899342420429733,40.813497279402256],[-73.901442421052593,40.812905279085292],[-73.901094420898033,40.812188279603362],[-73.903418421826871,40.811515279740334]]]},"properties":{"OBJECTID":160850,"GEOID20":"360050083006","GEOID10":"360050083006","STATEFP":"36","COUNTYFP":"005","D1C":22.563818612505667,"D1C5_RET":5.3973253823933813,"D2B_E5MIXA":0.82964541391014346,"D3A":31.29264144205996,"D3AAO":0,"D3B":79.976368110664595,"D4A":144.84,"D4C":52.329999999999998,"D4D":2510.5958867600002,"D5AR":964383,"D5BR":1420607}},{"type":"Feature","id":160854,"geometry":{"type":"Polygon","coordinates":[[[-73.900695423384818,40.850261287770451],[-73.900885423355604,40.849418287077221],[-73.900098422809918,40.84921728661979],[-73.899214423078178,40.850609287216656],[-73.899649423271356,40.850822286807819],[-73.900463423581215,40.851020287852187],[-73.900695423384818,40.850261287770451]]]},"properties":{"OBJECTID":160854,"GEOID20":"360050379002","GEOID10":"360050379002","STATEFP":"36","COUNTYFP":"005","D1C":2.17189852890073,"D1C5_RET":0.96528823506699102,"D2B_E5MIXA":0.4268332262400657,"D3A":22.808109964954124,"D3AAO":0,"D3B":308.51116597991796,"D4A":158.25,"D4C":86.329999999999998,"D4D":13310.2293648,"D5AR":726727,"D5BR":2271455}},{"type":"Feature","id":160855,"geometry":{"type":"Polygon","coordinates":[[[-73.900004422200269,40.852525287907554],[-73.900463423581215,40.851020287852187],[-73.899649423271356,40.850822286807819],[-73.899214423078178,40.850609287216656],[-73.898366421534817,40.851921287633914],[-73.900004422200269,40.852525287907554]]]},"properties":{"OBJECTID":160855,"GEOID20":"360050379003","GEOID10":"360050379003","STATEFP":"36","COUNTYFP":"005","D1C":17.677935115949019,"D1C5_RET":0.74433411014522177,"D2B_E5MIXA":0.23392627317479367,"D3A":11.327130388970394,"D3AAO":0,"D3B":0,"D4A":222.63,"D4C":69.329999999999998,"D4D":8256.7494170200007,"D5AR":676660,"D5BR":2270386}},{"type":"Feature","id":160856,"geometry":{"type":"Polygon","coordinates":[[[-73.861645411845757,40.876865292503645],[-73.862131412092552,40.876019293939066],[-73.860513411518568,40.875502293192071],[-73.859279411084117,40.877736294014895],[-73.861631411602033,40.878490293377617],[-73.861645411845757,40.876865292503645]]]},"properties":{"OBJECTID":160856,"GEOID20":"360050380001","GEOID10":"360050380001","STATEFP":"36","COUNTYFP":"005","D1C":1.4289112415260541,"D1C5_RET":0,"D2B_E5MIXA":0,"D3A":21.479046989296219,"D3AAO":0,"D3B":76.246703847830261,"D4A":114,"D4C":72.329999999999998,"D4D":4134.12600398,"D5AR":543687,"D5BR":3241360}},{"type":"Feature","id":160857,"geometry":{"type":"Polygon","coordinates":[[[-73.901248422680453,40.854485287467128],[-73.901697424015651,40.853150287302192],[-73.900924422815365,40.85287128798889],[-73.900259422468409,40.854302287105554],[-73.901248422680453,40.854485287467128]]]},"properties":{"OBJECTID":160857,"GEOID20":"360050381003","GEOID10":"360050381003","STATEFP":"36","COUNTYFP":"005","D1C":2.5666367888755803,"D1C5_RET":0.64165919721889508,"D2B_E5MIXA":0.559360534701831,"D3A":32.573276498294035,"D3AAO":0,"D3B":0,"D4A":237.38,"D4C":82,"D4D":16837.137334999999,"D5AR":625782,"D5BR":2276212}},{"type":"Feature","id":160881,"geometry":{"type":"Polygon","coordinates":[[[-73.898469420568659,40.815434280308054],[-73.897647420761174,40.814943280054223],[-73.896214420135109,40.816327280624051],[-73.897046420886653,40.816810280381937],[-73.898469420568659,40.815434280308054]]]},"properties":{"OBJECTID":160881,"GEOID20":"360050085005","GEOID10":"360050085005","STATEFP":"36","COUNTYFP":"005","D1C":6.820164583271012,"D1C5_RET":1.4110685344698646,"D2B_E5MIXA":0.79596804381684727,"D3A":31.523513074436558,"D3AAO":0,"D3B":150.51397701011888,"D4A":0,"D4C":44.329999999999998,"D4D":6672.28460086,"D5AR":884109,"D5BR":1702253}},{"type":"Feature","id":160884,"geometry":{"type":"Polygon","coordinates":[[[-73.848342404533682,40.820371282243414],[-73.848009403549412,40.818940283340005],[-73.845069403575764,40.819358281971482],[-73.844969402220016,40.81943628264753],[-73.845290403508699,40.820792283403129],[-73.848342404533682,40.820371282243414]]]},"properties":{"OBJECTID":160884,"GEOID20":"360050090003","GEOID10":"360050090003","STATEFP":"36","COUNTYFP":"005","D1C":7.6994830923152913,"D1C5_RET":4.7159333940431161,"D2B_E5MIXA":0.66378589960166723,"D3A":18.615666500191068,"D3AAO":0,"D3B":0,"D4A":313.81999999999999,"D4C":28,"D4D":1724.68421268,"D5AR":702248,"D5BR":1052403}},{"type":"Feature","id":160885,"geometry":{"type":"Polygon","coordinates":[[[-73.848009403549412,40.818940283340005],[-73.847540403919368,40.816913282710168],[-73.844487403069493,40.817323282848371],[-73.844969402220016,40.81943628264753],[-73.845069403575764,40.819358281971482],[-73.848009403549412,40.818940283340005]]]},"properties":{"OBJECTID":160885,"GEOID20":"360050090005","GEOID10":"360050090005","STATEFP":"36","COUNTYFP":"005","D1C":0,"D1C5_RET":0,"D2B_E5MIXA":0,"D3A":11.110617745486834,"D3AAO":0,"D3B":57.4006842135203,"D4A":388.92000000000002,"D4C":22,"D4D":946.63797053799999,"D5AR":631436,"D5BR":147045}},{"type":"Feature","id":160886,"geometry":{"type":"Polygon","coordinates":[[[-73.850872406225136,40.831218284408926],[-73.850633405850544,40.830241284827572],[-73.848750404064347,40.829659285068907],[-73.847262405881665,40.829321284408238],[-73.847813404629164,40.831630285508339],[-73.850872406225136,40.831218284408926]]]},"properties":{"OBJECTID":160886,"GEOID20":"360050092005","GEOID10":"360050092005","STATEFP":"36","COUNTYFP":"005","D1C":1.3121590554593621,"D1C5_RET":0.41004970483105063,"D2B_E5MIXA":0.82853338349770156,"D3A":43.549339674680112,"D3AAO":20.680749147948898,"D3B":0,"D4A":156.91,"D4C":68.329999999999998,"D4D":3586.39313038,"D5AR":829378,"D5BR":2216531}},{"type":"Feature","id":160887,"geometry":{"type":"Polygon","coordinates":[[[-73.850031406151089,40.827604283968249],[-73.849699405890064,40.826183283926568],[-73.846638404644281,40.826593284544877],[-73.845956404578885,40.823679284137533],[-73.842899402632725,40.824091283815143],[-73.843918402981998,40.828455285202054],[-73.84455240426513,40.828545284610058],[-73.845256404071819,40.82847128533232],[-73.847000405042508,40.828008284632851],[-73.850031406151089,40.827604283968249]]]},"properties":{"OBJECTID":160887,"GEOID20":"360050098003","GEOID10":"360050098003","STATEFP":"36","COUNTYFP":"005","D1C":2.1413390265889882,"D1C5_RET":0,"D2B_E5MIXA":0.1778841927899785,"D3A":51.504759023420419,"D3AAO":25.253270426305029,"D3B":94.35298361331931,"D4A":254.81,"D4C":32.670000000000002,"D4D":486.66118955600001,"D5AR":785210,"D5BR":1326094}},{"type":"Feature","id":160888,"geometry":{"type":"Polygon","coordinates":[[[-73.888712417619217,40.825189282045422],[-73.888549417412577,40.823246282077619],[-73.887075416778643,40.823315281276493],[-73.886896417576807,40.823725281951532],[-73.886614416646182,40.825337282405101],[-73.888712417619217,40.825189282045422]]]},"properties":{"OBJECTID":160888,"GEOID20":"360050119005","GEOID10":"360050119005","STATEFP":"36","COUNTYFP":"005","D1C":2.1530118231208926,"D1C5_RET":0.2392235359023214,"D2B_E5MIXA":0.2167415674429225,"D3A":22.878067077241663,"D3AAO":0,"D3B":0,"D4A":258.83999999999997,"D4C":151.33000000000001,"D4D":11584.5432602,"D5AR":835646,"D5BR":1364684}},{"type":"Feature","id":160889,"geometry":{"type":"Polygon","coordinates":[[[-73.893361420200094,40.830160283019389],[-73.89087441816632,40.830144283296661],[-73.889792418966167,40.832098283836267],[-73.891628419998369,40.832741283626902],[-73.892686418909079,40.832352283982864],[-73.893361420200094,40.830160283019389]]]},"properties":{"OBJECTID":160889,"GEOID20":"360050123001","GEOID10":"360050123001","STATEFP":"36","COUNTYFP":"005","D1C":15.707612754779257,"D1C5_RET":5.551828646085772,"D2B_E5MIXA":0.5764178713373479,"D3A":31.078316666644088,"D3AAO":0,"D3B":72.233352999219363,"D4A":136.78999999999999,"D4C":77.329999999999998,"D4D":3350.81294987,"D5AR":860878,"D5BR":1384690}},{"type":"Feature","id":160890,"geometry":{"type":"Polygon","coordinates":[[[-73.826653396770553,40.81547428202132],[-73.827510397636459,40.815178283185155],[-73.826392397552965,40.813242282394029],[-73.822971395558739,40.814413282767838],[-73.82408239596954,40.816359282653636],[-73.826653396770553,40.81547428202132]]]},"properties":{"OBJECTID":160890,"GEOID20":"360050132001","GEOID10":"360050132001","STATEFP":"36","COUNTYFP":"005","D1C":0.43519042469656921,"D1C5_RET":0,"D2B_E5MIXA":0.67240588883734187,"D3A":23.549603857933054,"D3AAO":0,"D3B":139.26093590290213,"D4A":352.70999999999998,"D4C":4,"D4D":139.26093590299999,"D5AR":710750,"D5BR":911442}},{"type":"Feature","id":160891,"geometry":{"type":"Polygon","coordinates":[[[-73.904257422251078,40.822990281792329],[-73.904898422308591,40.821379281383372],[-73.90379442246882,40.821099280892874],[-73.903141422715748,40.822723281559931],[-73.904257422251078,40.822990281792329]]]},"properties":{"OBJECTID":160891,"GEOID20":"360050133003","GEOID10":"360050133003","STATEFP":"36","COUNTYFP":"005","D1C":0,"D1C5_RET":0,"D2B_E5MIXA":0,"D3A":15.10946157097332,"D3AAO":0,"D3B":0,"D4A":100.58,"D4C":83.329999999999998,"D4D":11679.658507,"D5AR":926450,"D5BR":1380622}},{"type":"Feature","id":160892,"geometry":{"type":"Polygon","coordinates":[[[-73.90535142294344,40.83651628495145],[-73.905785424210023,40.835732284196212],[-73.903522423380551,40.83501828408285],[-73.901857422950911,40.834630283313302],[-73.901213421622046,40.835506283893636],[-73.902907423262334,40.835935283630754],[-73.901968422380676,40.837180284206454],[-73.903339423082457,40.837650283620299],[-73.904160423065022,40.836189284029743],[-73.90535142294344,40.83651628495145]]]},"properties":{"OBJECTID":160892,"GEOID20":"360050147022","GEOID10":"360050147022","STATEFP":"36","COUNTYFP":"005","D1C":26.113384764706435,"D1C5_RET":6.0207804015140836,"D2B_E5MIXA":0.3632566607014292,"D3A":26.814094024444948,"D3AAO":0,"D3B":74.691281334504012,"D4A":0,"D4C":61.670000000000002,"D4D":2763.1741571100001,"D5AR":917300,"D5BR":723218}},{"type":"Feature","id":160893,"geometry":{"type":"Polygon","coordinates":[[[-73.829460399369779,40.822385283614508],[-73.82833039779409,40.821048284014552],[-73.826718397067893,40.821827284468242],[-73.827883397905353,40.823184283888978],[-73.829460399369779,40.822385283614508]]]},"properties":{"OBJECTID":160893,"GEOID20":"360050144001","GEOID10":"360050144001","STATEFP":"36","COUNTYFP":"005","D1C":0.99409102354693479,"D1C5_RET":0,"D2B_E5MIXA":0,"D3A":3.3250852906491231,"D3AAO":0,"D3B":0,"D4A":0,"D4C":8.3300000000000001,"D4D":757.09972353299997,"D5AR":810952,"D5BR":779161}},{"type":"Feature","id":160894,"geometry":{"type":"Polygon","coordinates":[[[-73.910491423997371,40.830745282677519],[-73.906572423857398,40.829460282873498],[-73.905841424286521,40.831067283376477],[-73.909622425232541,40.832289282929395],[-73.910491423997371,40.830745282677519]]]},"properties":{"OBJECTID":160894,"GEOID20":"360050145004","GEOID10":"360050145004","STATEFP":"36","COUNTYFP":"005","D1C":20.910044272277513,"D1C5_RET":4.5588759314558533,"D2B_E5MIXA":0.67472997753405095,"D3A":28.404971661774631,"D3AAO":0,"D3B":77.804815896846563,"D4A":136.78999999999999,"D4C":49.670000000000002,"D4D":1932.2826027999999,"D5AR":857780,"D5BR":913246}},{"type":"Feature","id":160895,"geometry":{"type":"Polygon","coordinates":[[[-73.90591642373127,40.833063283468313],[-73.9050524231927,40.832716282780105],[-73.903436423166838,40.832224284207207],[-73.901857422950911,40.834630283313302],[-73.904635424339489,40.835344284886787],[-73.90591642373127,40.833063283468313]]]},"properties":{"OBJECTID":160895,"GEOID20":"360050147012","GEOID10":"360050147012","STATEFP":"36","COUNTYFP":"005","D1C":28.175869029069936,"D1C5_RET":1.7795285702570485,"D2B_E5MIXA":0.20821171763957833,"D3A":21.503501448917984,"D3AAO":0,"D3B":37.963276165483698,"D4A":299.06999999999999,"D4C":55.329999999999998,"D4D":2100.5080702400001,"D5AR":898816,"D5BR":934899}},{"type":"Feature","id":160896,"geometry":{"type":"Polygon","coordinates":[[[-73.816536393971006,40.828718285281624],[-73.817338395483631,40.828326285497631],[-73.814384394367963,40.824849285240916],[-73.813805394234734,40.825476285822567],[-73.814168394457894,40.825905285881795],[-73.813790394166119,40.826339285448704],[-73.813856394288351,40.826865285035296],[-73.812870393551037,40.827717286128319],[-73.813278393980042,40.828808285692162],[-73.814142394518612,40.82985528572862],[-73.814245393552468,40.82971628537252],[-73.814425394375832,40.829755286088663],[-73.816536393971006,40.828718285281624]]]},"properties":{"OBJECTID":160896,"GEOID20":"360050160003","GEOID10":"360050160003","STATEFP":"36","COUNTYFP":"005","D1C":0.3405231968658245,"D1C5_RET":0,"D2B_E5MIXA":0.6053757932145416,"D3A":23.19832202074149,"D3AAO":0,"D3B":116.36363228364459,"D4A":155.56999999999999,"D4C":11,"D4D":274.26611423200001,"D5AR":738371,"D5BR":916185}},{"type":"Feature","id":160897,"geometry":{"type":"Polygon","coordinates":[[[-73.909591426168717,40.842761284977435],[-73.909580425399753,40.842035285629024],[-73.909064425015714,40.839955284664072],[-73.90891142485485,40.838384283992312],[-73.909459425025929,40.837065283719539],[-73.909165425298042,40.836990283324035],[-73.907981425092331,40.837186284060898],[-73.907474424929134,40.837771284253151],[-73.906786424117655,40.838262284745532],[-73.905770424141409,40.839565284819649],[-73.905165424967223,40.840875284999179],[-73.905001424037394,40.842543284918939],[-73.908658425134846,40.842728285148652],[-73.908631425370672,40.84301728436759],[-73.909548425612698,40.843053284393655],[-73.909591426168717,40.842761284977435]]]},"properties":{"OBJECTID":160897,"GEOID20":"360050171001","GEOID10":"360050171001","STATEFP":"36","COUNTYFP":"005","D1C":0,"D1C5_RET":0,"D2B_E5MIXA":0,"D3A":42.889124066989552,"D3AAO":0,"D3B":509.55586577028345,"D4A":288.33999999999997,"D4C":82.670000000000002,"D4D":1226.4173583100001,"D5AR":756095,"D5BR":2191639}},{"type":"Feature","id":160898,"geometry":{"type":"Polygon","coordinates":[[[-73.913845426044432,40.833702283529412],[-73.911286425837275,40.832837282903128],[-73.91034342475767,40.834439283487797],[-73.912901426038232,40.835305284059835],[-73.913845426044432,40.833702283529412]]]},"properties":{"OBJECTID":160898,"GEOID20":"360050177011","GEOID10":"360050177011","STATEFP":"36","COUNTYFP":"005","D1C":3.6878210325038401,"D1C5_RET":0.52683157607197717,"D2B_E5MIXA":0.48161489721981421,"D3A":26.627584329077102,"D3AAO":0,"D3B":112.39073622868845,"D4A":177.03,"D4C":92.329999999999998,"D4D":5188.5183379999999,"D5AR":859231,"D5BR":2185821}},{"type":"Feature","id":160899,"geometry":{"type":"Polygon","coordinates":[[[-73.912901426038232,40.835305284059835],[-73.912058425416049,40.835021283428297],[-73.91059642447766,40.837511283974386],[-73.911391424520957,40.837874284612191],[-73.912901426038232,40.835305284059835]]]},"properties":{"OBJECTID":160899,"GEOID20":"360050177024","GEOID10":"360050177024","STATEFP":"36","COUNTYFP":"005","D1C":4.4014288663243057,"D1C5_RET":0.67714290251143161,"D2B_E5MIXA":0.80348013226031301,"D3A":9.6215337782875849,"D3AAO":0,"D3B":0,"D4A":234.69999999999999,"D4C":92,"D4D":9967.5435249700004,"D5AR":868069,"D5BR":2185293}},{"type":"Feature","id":160900,"geometry":{"type":"Polygon","coordinates":[[[-73.917610427096946,40.832616282697145],[-73.916753427129379,40.832330283136294],[-73.915858426628645,40.833847283162477],[-73.916663426717676,40.834135283925917],[-73.917610427096946,40.832616282697145]]]},"properties":{"OBJECTID":160900,"GEOID20":"360050181023","GEOID10":"360050181023","STATEFP":"36","COUNTYFP":"005","D1C":16.423368618657651,"D1C5_RET":11.892784172131401,"D2B_E5MIXA":0.48645012614302813,"D3A":9.6269632914204184,"D3AAO":0,"D3B":0,"D4A":174.34999999999999,"D4C":62.670000000000002,"D4D":11357.269090600001,"D5AR":864396,"D5BR":2185776}},{"type":"Feature","id":160901,"geometry":{"type":"Polygon","coordinates":[[[-73.924641430332954,40.844932285451222],[-73.924735430044294,40.844821285396982],[-73.923968430488401,40.844803285866575],[-73.923058429919067,40.844579285185262],[-73.922686429475078,40.844576284913124],[-73.922307430256723,40.845501285142575],[-73.921815430162113,40.845980285302865],[-73.920543429194524,40.846902286155157],[-73.921346430532068,40.847188286045977],[-73.922306430431789,40.847416286481312],[-73.921279429686606,40.84865628554541],[-73.922229429540593,40.848847285856969],[-73.923137430460088,40.847491285952337],[-73.924389430437884,40.845230285301703],[-73.924641430332954,40.844932285451222]]]},"properties":{"OBJECTID":160901,"GEOID20":"360050205012","GEOID10":"360050205012","STATEFP":"36","COUNTYFP":"005","D1C":1.7227107440467306,"D1C5_RET":0,"D2B_E5MIXA":0.20665240438438526,"D3A":39.48056627727663,"D3AAO":14.200789113800406,"D3B":50.716604304735746,"D4A":248.11000000000001,"D4C":61.329999999999998,"D4D":2331.6711709199999,"D5AR":915397,"D5BR":1114099}},{"type":"Feature","id":160914,"geometry":{"type":"Polygon","coordinates":[[[-73.919314427884657,40.829710282802907],[-73.918933429016477,40.829282281397695],[-73.916907426216838,40.828397282573292],[-73.91641142682262,40.829298282687823],[-73.918945428712021,40.830343282079888],[-73.919314427884657,40.829710282802907]]]},"properties":{"OBJECTID":160914,"GEOID20":"360050183023","GEOID10":"360050183023","STATEFP":"36","COUNTYFP":"005","D1C":8.8492344859092533,"D1C5_RET":0.63208817756494673,"D2B_E5MIXA":0.68796484760382404,"D3A":21.024673572316601,"D3AAO":0,"D3B":101.13410841039148,"D4A":246.77000000000001,"D4C":79,"D4D":7989.5945644200001,"D5AR":902523,"D5BR":2192305}},{"type":"Feature","id":160915,"geometry":{"type":"Polygon","coordinates":[[[-73.928573430891717,40.830151282283737],[-73.927265429939126,40.830573281705625],[-73.925365429332828,40.832633283000597],[-73.926612431084379,40.833030282209819],[-73.926141430906171,40.833644283451456],[-73.92700943074442,40.833925283110446],[-73.928041431512483,40.832522282060246],[-73.927266429764032,40.832179281917504],[-73.928109430386215,40.831005282303764],[-73.928573430891717,40.830151282283737]]]},"properties":{"OBJECTID":160915,"GEOID20":"360050189002","GEOID10":"360050189002","STATEFP":"36","COUNTYFP":"005","D1C":12.818536431138053,"D1C5_RET":0.17680739905018003,"D2B_E5MIXA":0.20963369202496435,"D3A":16.078067708200557,"D3AAO":0,"D3B":37.737771253270431,"D4A":260.18000000000001,"D4C":80.329999999999998,"D4D":4544.9402770200004,"D5AR":994593,"D5BR":3091440}},{"type":"Feature","id":160916,"geometry":{"type":"Polygon","coordinates":[[[-73.921662429102923,40.831345282890943],[-73.920462427207056,40.830923282265054],[-73.91985742803287,40.831957282409043],[-73.919030428202518,40.833098282972706],[-73.920366427845906,40.833551284075988],[-73.921662429102923,40.831345282890943]]]},"properties":{"OBJECTID":160916,"GEOID20":"360050195004","GEOID10":"360050195004","STATEFP":"36","COUNTYFP":"005","D1C":28.880491842127469,"D1C5_RET":0,"D2B_E5MIXA":0.050198327516599833,"D3A":46.64287178177856,"D3AAO":0,"D3B":84.015976268007179,"D4A":140.81999999999999,"D4C":84.670000000000002,"D4D":7113.6327106099998,"D5AR":918046,"D5BR":2177692}},{"type":"Feature","id":160917,"geometry":{"type":"Polygon","coordinates":[[[-73.919908428984812,40.834331283588448],[-73.920366427845906,40.833551284075988],[-73.919030428202518,40.833098282972706],[-73.918390427969925,40.833817283053456],[-73.919908428984812,40.834331283588448]]]},"properties":{"OBJECTID":160917,"GEOID20":"360050197005","GEOID10":"360050197005","STATEFP":"36","COUNTYFP":"005","D1C":5.1780178256499907,"D1C5_RET":0,"D2B_E5MIXA":0.34939847028229709,"D3A":38.445469541119408,"D3AAO":0,"D3B":138.14951558834176,"D4A":119.36,"D4C":85.329999999999998,"D4D":17673.610442500001,"D5AR":902371,"D5BR":2180134}},{"type":"Feature","id":160918,"geometry":{"type":"Polygon","coordinates":[[[-73.846480405358832,40.839817286842553],[-73.84458240440236,40.838544286987073],[-73.843612404456877,40.839356287328876],[-73.845436404895196,40.840706287648693],[-73.846480405358832,40.839817286842553]]]},"properties":{"OBJECTID":160918,"GEOID20":"360050200004","GEOID10":"360050200004","STATEFP":"36","COUNTYFP":"005","D1C":10.701877110731594,"D1C5_RET":1.1890974567479549,"D2B_E5MIXA":0.59713451716583332,"D3A":32.707430832964732,"D3AAO":0,"D3B":63.450240292070873,"D4A":179.71000000000001,"D4C":75.670000000000002,"D4D":7198.3203641700002,"D5AR":800372,"D5BR":1035770}},{"type":"Feature","id":160919,"geometry":{"type":"Polygon","coordinates":[[[-73.921340428887646,40.849930286441129],[-73.920320429611778,40.849812286296178],[-73.919593429340551,40.850688286691927],[-73.91832742911906,40.851551287021358],[-73.918224429186907,40.851874287430071],[-73.918290429309138,40.852006286096241],[-73.9186264288698,40.85239428707721],[-73.919097429047994,40.85268328695129],[-73.921340428887646,40.849930286441129]]]},"properties":{"OBJECTID":160919,"GEOID20":"360050205022","GEOID10":"360050205022","STATEFP":"36","COUNTYFP":"005","D1C":16.279771858894897,"D1C5_RET":0,"D2B_E5MIXA":0,"D3A":15.587363853991624,"D3AAO":0,"D3B":110.30966684325483,"D4A":376.85000000000002,"D4C":37.670000000000002,"D4D":3114.9663793,"D5AR":836292,"D5BR":1123031}},{"type":"Feature","id":160920,"geometry":{"type":"Polygon","coordinates":[[[-73.850376410424161,40.903436299177322],[-73.847474409187015,40.902104299045853],[-73.84713040833212,40.901844299357222],[-73.846937408886589,40.901528299195292],[-73.845472407575159,40.90184629894091],[-73.845986408309372,40.903171299416016],[-73.846072408523085,40.903797298893515],[-73.849858411288622,40.904095299365643],[-73.850376410424161,40.903436299177322]]]},"properties":{"OBJECTID":160920,"GEOID20":"360050442005","GEOID10":"360050442005","STATEFP":"36","COUNTYFP":"005","D1C":33.079599564558279,"D1C5_RET":0.86888254015725308,"D2B_E5MIXA":0.25716688536437693,"D3A":36.65320325377651,"D3AAO":0,"D3B":251.62838362954051,"D4A":190.44,"D4C":51.329999999999998,"D4D":2038.84529309,"D5AR":521881,"D5BR":3685764}},{"type":"Feature","id":160921,"geometry":{"type":"Polygon","coordinates":[[[-73.82827940043542,40.871020293409352],[-73.826990400647716,40.870820293881948],[-73.825887400632851,40.870404293500428],[-73.82493840060377,40.871344294581561],[-73.824477399573013,40.872234294145542],[-73.827228401197416,40.873179294485567],[-73.827929401529374,40.871970294971831],[-73.82827940043542,40.871020293409352]]]},"properties":{"OBJECTID":160921,"GEOID20":"360050462016","GEOID10":"360050462016","STATEFP":"36","COUNTYFP":"005","D1C":2.5610068516762015,"D1C5_RET":0,"D2B_E5MIXA":0.21283300543971478,"D3A":9.737846389051688,"D3AAO":0,"D3B":0,"D4A":371.49000000000001,"D4C":58.329999999999998,"D4D":2583.9313238200002,"D5AR":514536,"D5BR":260215}},{"type":"Feature","id":160922,"geometry":{"type":"Polygon","coordinates":[[[-73.837828404769041,40.88161629523151],[-73.838744404287837,40.881274294940276],[-73.83753840523913,40.879128294385275],[-73.83574340421481,40.879709295308992],[-73.834822403774822,40.87806529466058],[-73.834001403792257,40.878396294642727],[-73.832452402815235,40.880224294884854],[-73.831445403059831,40.881115295734276],[-73.834883403874187,40.87998729521901],[-73.835800404116213,40.881623296253679],[-73.83664240401518,40.882128295660927],[-73.837828404769041,40.88161629523151]]]},"properties":{"OBJECTID":160922,"GEOID20":"360050462024","GEOID10":"360050462024","STATEFP":"36","COUNTYFP":"005","D1C":3.145391873952097,"D1C5_RET":0.18948143818988536,"D2B_E5MIXA":0.74808295979710471,"D3A":20.564490137824173,"D3AAO":0,"D3B":105.13946042280358,"D4A":426.48000000000002,"D4C":61.329999999999998,"D4D":1487.47476534,"D5AR":564440,"D5BR":2233731}},{"type":"Feature","id":160923,"geometry":{"type":"Polygon","coordinates":[[[-73.861563410931666,40.865558291135216],[-73.861646410772337,40.863114291037839],[-73.85806241036812,40.863050291331199],[-73.858713410471381,40.86426029204555],[-73.859614410819887,40.865520291105717],[-73.861563410931666,40.865558291135216]]]},"properties":{"OBJECTID":160923,"GEOID20":"360050324002","GEOID10":"360050324002","STATEFP":"36","COUNTYFP":"005","D1C":9.5263522719723426,"D1C5_RET":0.50138696168275487,"D2B_E5MIXA":0.64709749447855291,"D3A":27.461345068880199,"D3AAO":0,"D3B":93.618966444504636,"D4A":378.19999999999999,"D4C":23,"D4D":922.551940113,"D5AR":562114,"D5BR":2535597}},{"type":"Feature","id":160956,"geometry":{"type":"Polygon","coordinates":[[[-73.901177420738719,40.824397282407695],[-73.901989421398767,40.822448281841687],[-73.900613421572416,40.822117281650065],[-73.90160342160938,40.81970328115581],[-73.89898642077759,40.821046281990164],[-73.898889420693209,40.823222281009457],[-73.900040420388663,40.823490281228011],[-73.899800421087463,40.824066281746205],[-73.901177420738719,40.824397282407695]]]},"properties":{"OBJECTID":160956,"GEOID20":"360050129012","GEOID10":"360050129012","STATEFP":"36","COUNTYFP":"005","D1C":16.072896540688443,"D1C5_RET":1.4228465790117639,"D2B_E5MIXA":0.51335008472673072,"D3A":20.132114466924246,"D3AAO":0,"D3B":101.2139279078946,"D4A":144.84,"D4C":62,"D4D":2091.0574909299999,"D5AR":942441,"D5BR":1453054}},{"type":"Feature","id":160960,"geometry":{"type":"Polygon","coordinates":[[[-73.852789411041442,40.895571296962665],[-73.853137410297677,40.894930297578291],[-73.848630409803661,40.895922297335026],[-73.849608409246741,40.898479297328407],[-73.851224411069225,40.898123297363213],[-73.85196640961243,40.897103297772013],[-73.852789411041442,40.895571296962665]]]},"properties":{"OBJECTID":160960,"GEOID20":"360050436002","GEOID10":"360050436002","STATEFP":"36","COUNTYFP":"005","D1C":6.9909116611396245,"D1C5_RET":0.049580933766947693,"D2B_E5MIXA":0.41095387060084043,"D3A":30.076200720600053,"D3AAO":0,"D3B":200.98920606710186,"D4A":595.46000000000004,"D4C":63.670000000000002,"D4D":2020.3635538799999,"D5AR":474661,"D5BR":3480564}},{"type":"Feature","id":160961,"geometry":{"type":"Polygon","coordinates":[[[-73.845144408410405,40.89946229939622],[-73.846082407670522,40.899257298040986],[-73.845106407877253,40.896698297825949],[-73.842481407547865,40.897275297838945],[-73.843458408064365,40.899832299174101],[-73.845144408410405,40.89946229939622]]]},"properties":{"OBJECTID":160961,"GEOID20":"360050444003","GEOID10":"360050444003","STATEFP":"36","COUNTYFP":"005","D1C":3.3883055191098053,"D1C5_RET":0,"D2B_E5MIXA":0.20907656951774095,"D3A":30.483847334420616,"D3AAO":0,"D3B":76.088264288781588,"D4A":217.25999999999999,"D4C":19.329999999999998,"D4D":735.393074351,"D5AR":455983,"D5BR":3484705}},{"type":"Feature","id":160962,"geometry":{"type":"Polygon","coordinates":[[[-73.792561388507181,40.855981291080909],[-73.791505389246296,40.855464291508824],[-73.787429386950848,40.849697291417648],[-73.784364385507104,40.850444290460253],[-73.784872386393531,40.851035291150225],[-73.783667385373093,40.851440291259124],[-73.785699386223882,40.851465291159563],[-73.786300386996729,40.852039291497327],[-73.787125386278916,40.852472291020938],[-73.788328388547853,40.853613291791774],[-73.78710838656049,40.853980291914247],[-73.7870453868113,40.854059292126458],[-73.787135387223003,40.854181291512219],[-73.787448387217424,40.854223292618812],[-73.788440387802538,40.854051291412567],[-73.788702386845046,40.855069291767677],[-73.788851386807963,40.856324292397666],[-73.788895388087212,40.857985292660572],[-73.789339387602894,40.858825292752698],[-73.790130388346554,40.85896529263831],[-73.790516388135913,40.858147292041814],[-73.79131338872736,40.858149291587118],[-73.791719388608229,40.857321291895857],[-73.792455388201972,40.857010292421023],[-73.7920343891508,40.856148291999332],[-73.792561388507181,40.855981291080909]]]},"properties":{"OBJECTID":160962,"GEOID20":"360050516001","GEOID10":"360050516001","STATEFP":"36","COUNTYFP":"005","D1C":7.0423185157111883,"D1C5_RET":0.18057226963362022,"D2B_E5MIXA":0.4650418789878738,"D3A":23.287547454340729,"D3AAO":0,"D3B":170.69690427397509,"D4A":182.38999999999999,"D4C":4.3300000000000001,"D4D":49.261370001800003,"D5AR":470595,"D5BR":81524}},{"type":"Feature","id":160963,"geometry":{"type":"Polygon","coordinates":[[[-73.896697420907174,40.830422283282502],[-73.896396420608312,40.828771282811694],[-73.895293420593433,40.828151282673197],[-73.895059420241708,40.828396282691642],[-73.894915420301658,40.828314282825069],[-73.892904419367284,40.828475283494996],[-73.892887419648844,40.830156284278587],[-73.893361420200094,40.830160283019389],[-73.894693420543803,40.830627283038829],[-73.896697420907174,40.830422283282502]]]},"properties":{"OBJECTID":160963,"GEOID20":"360050125002","GEOID10":"360050125002","STATEFP":"36","COUNTYFP":"005","D1C":6.0546043249649344,"D1C5_RET":0.11756513252359095,"D2B_E5MIXA":0.41079303236972858,"D3A":39.330700514698343,"D3AAO":0,"D3B":150.52099047260396,"D4A":292.36000000000001,"D4C":86.329999999999998,"D4D":3247.8073250399998,"D5AR":850239,"D5BR":1368674}},{"type":"Feature","id":160964,"geometry":{"type":"Polygon","coordinates":[[[-73.85655240974917,40.873038292832646],[-73.85661540949836,40.87125829248771],[-73.850830408188969,40.871159292735285],[-73.84859840732166,40.871678292570422],[-73.856514410114343,40.874226293926029],[-73.85655240974917,40.873038292832646]]]},"properties":{"OBJECTID":160964,"GEOID20":"360050348001","GEOID10":"360050348001","STATEFP":"36","COUNTYFP":"005","D1C":3.8263148173500561,"D1C5_RET":1.2332750237739851,"D2B_E5MIXA":0.76512916263897723,"D3A":29.595403728032853,"D3AAO":0,"D3B":175.42609897145277,"D4A":143.5,"D4C":61.670000000000002,"D4D":1248.0996220100001,"D5AR":536760,"D5BR":2706887}},{"type":"Feature","id":160966,"geometry":{"type":"Polygon","coordinates":[[[-73.851146404963202,40.814404281254689],[-73.851402405056234,40.814118282014313],[-73.85060440463991,40.813938281993373],[-73.850457405225129,40.813570281684747],[-73.850059404841858,40.813501281867104],[-73.848894404004383,40.813063281469063],[-73.848437403171587,40.81276828083184],[-73.848168403558077,40.812528282157565],[-73.847976403937466,40.811911280821761],[-73.847688404057365,40.811500281095135],[-73.847441403286851,40.811198282040664],[-73.847224404450174,40.811085280971682],[-73.847037403954133,40.810740280482356],[-73.846850403458063,40.810722280537668],[-73.846257403081125,40.811318281172127],[-73.846230404215262,40.811427281294314],[-73.846388403500697,40.811633280749305],[-73.846468402968327,40.812314282448838],[-73.846098403072475,40.813087282133893],[-73.846633403723075,40.813021281474541],[-73.847055403497478,40.814834281629018],[-73.850116404743261,40.814427281342105],[-73.850900404915905,40.814352281855335],[-73.851146404963202,40.814404281254689]]]},"properties":{"OBJECTID":160966,"GEOID20":"360050004004","GEOID10":"360050004004","STATEFP":"36","COUNTYFP":"005","D1C":8.3368866879036023,"D1C5_RET":0,"D2B_E5MIXA":0,"D3A":29.086313135494333,"D3AAO":0,"D3B":174.44651851247988,"D4A":301.75,"D4C":8.3300000000000001,"D4D":256.376058435,"D5AR":644358,"D5BR":135108}},{"type":"Feature","id":160967,"geometry":{"type":"Polygon","coordinates":[[[-73.858446406914425,40.822782282999754],[-73.858265407164453,40.822021283168738],[-73.855137406869815,40.822444282635843],[-73.85531340659692,40.823200282571825],[-73.858446406914425,40.822782282999754]]]},"properties":{"OBJECTID":160967,"GEOID20":"360050016003","GEOID10":"360050016003","STATEFP":"36","COUNTYFP":"005","D1C":1.0570114635711922,"D1C5_RET":0,"D2B_E5MIXA":0,"D3A":40.490638207710731,"D3AAO":0,"D3B":187.95073170913889,"D4A":195.80000000000001,"D4C":37,"D4D":4171.6719095600001,"D5AR":824831,"D5BR":1262311}},{"type":"Feature","id":160968,"geometry":{"type":"MultiPolygon","coordinates":[[[[-73.899562418741141,40.796343276349646],[-73.898712419344591,40.795961275965709],[-73.897329418048926,40.795903276886577],[-73.898136419584404,40.797003277216767],[-73.899562418741141,40.796343276349646]]],[[[-73.900286420435947,40.799850277257654],[-73.900211420092887,40.799272277323823],[-73.898641419199464,40.799109277888064],[-73.896468417883383,40.800799276884234],[-73.89833141867976,40.802421278224564],[-73.899389420285416,40.801943277120976],[-73.899490420567744,40.800909277580701],[-73.900039419665433,40.800917277228592],[-73.900204420420195,40.800480277029571],[-73.900286420435947,40.799850277257654]]]]},"properties":{"OBJECTID":160968,"GEOID20":"360050019005","GEOID10":"360050019005","STATEFP":"36","COUNTYFP":"005","D1C":0,"D1C5_RET":0,"D2B_E5MIXA":0,"D3A":0,"D3AAO":0,"D3B":0,"D4A":-99999,"D4C":-99999,"D4D":-99999,"D5AR":471460,"D5BR":-99999}},{"type":"Feature","id":160969,"geometry":{"type":"Polygon","coordinates":[[[-73.867657411139234,40.820759282155727],[-73.867165410146342,40.818624282395305],[-73.864315409686043,40.819007282213136],[-73.864512410227846,40.819855282242806],[-73.865747410487188,40.82102028285928],[-73.867657411139234,40.820759282155727]]]},"properties":{"OBJECTID":160969,"GEOID20":"360050020006","GEOID10":"360050020006","STATEFP":"36","COUNTYFP":"005","D1C":2.0630133679827889,"D1C5_RET":0.76407902517881077,"D2B_E5MIXA":0.4095544778276623,"D3A":30.589501615719552,"D3AAO":0,"D3B":130.41912064972084,"D4A":0,"D4C":19,"D4D":929.12009461699995,"D5AR":695405,"D5BR":504109}},{"type":"Feature","id":160970,"geometry":{"type":"Polygon","coordinates":[[[-73.923838427198802,40.807817277455101],[-73.924266427719289,40.807183278524938],[-73.920616427192826,40.805659277599531],[-73.919724427065177,40.806882277707096],[-73.920540427024861,40.807243278348601],[-73.920996427134426,40.80661927807509],[-73.923838427198802,40.807817277455101]]]},"properties":{"OBJECTID":160970,"GEOID20":"360050025005","GEOID10":"360050025005","STATEFP":"36","COUNTYFP":"005","D1C":36.354410503464173,"D1C5_RET":0.59209137627791819,"D2B_E5MIXA":0.15293694075883382,"D3A":28.436109055749831,"D3AAO":0.25669689417922181,"D3B":50.550393341103536,"D4A":319.19,"D4C":72.329999999999998,"D4D":5481.7240635099997,"D5AR":1017148,"D5BR":1797583}},{"type":"Feature","id":160971,"geometry":{"type":"Polygon","coordinates":[[[-73.880332415219328,40.821310282209872],[-73.879770415702851,40.819189281438419],[-73.877845413185582,40.819426281798989],[-73.878118413895379,40.820754282171286],[-73.878440415008953,40.820710281612186],[-73.878620414934005,40.821544281835202],[-73.880332415219328,40.821310282209872]]]},"properties":{"OBJECTID":160971,"GEOID20":"360050028003","GEOID10":"360050028003","STATEFP":"36","COUNTYFP":"005","D1C":0.52661679254563398,"D1C5_RET":0,"D2B_E5MIXA":0.4181656600790517,"D3A":8.5554214611994635,"D3AAO":0,"D3B":44.960433386222512,"D4A":155.56999999999999,"D4C":9.3300000000000001,"D4D":628.906811834,"D5AR":900257,"D5BR":955365}},{"type":"Feature","id":160972,"geometry":{"type":"Polygon","coordinates":[[[-73.922401427273101,40.809788277689144],[-73.922887428418221,40.809114278467867],[-73.919225426399564,40.807566278438912],[-73.918432426006092,40.808932278799546],[-73.921951427909605,40.81041327891252],[-73.922401427273101,40.809788277689144]]]},"properties":{"OBJECTID":160972,"GEOID20":"360050039005","GEOID10":"360050039005","STATEFP":"36","COUNTYFP":"005","D1C":32.08263421401746,"D1C5_RET":3.6827747883640356,"D2B_E5MIXA":0.34263899536300124,"D3A":33.249351163799943,"D3AAO":0,"D3B":151.11841408499316,"D4A":237.38,"D4C":89,"D4D":4034.0548451,"D5AR":975754,"D5BR":1774627}},{"type":"Feature","id":160973,"geometry":{"type":"Polygon","coordinates":[[[-73.86720740997913,40.823090282796755],[-73.867766410020849,40.823000282783255],[-73.865747410487188,40.82102028285928],[-73.862981409692495,40.821392283259051],[-73.863509410670403,40.823581283929798],[-73.86720740997913,40.823090282796755]]]},"properties":{"OBJECTID":160973,"GEOID20":"360050042002","GEOID10":"360050042002","STATEFP":"36","COUNTYFP":"005","D1C":2.460547539738704,"D1C5_RET":0,"D2B_E5MIXA":0.43497473354347044,"D3A":17.906888610787448,"D3AAO":0,"D3B":81.67705539911303,"D4A":207.87,"D4C":21.329999999999998,"D4D":746.43170165499998,"D5AR":872051,"D5BR":1255702}},{"type":"Feature","id":160974,"geometry":{"type":"Polygon","coordinates":[[[-73.879369415844877,40.833491284935924],[-73.878846414889836,40.831273283695779],[-73.876068414399569,40.831646284192786],[-73.876595414654247,40.833890284722322],[-73.879369415844877,40.833491284935924]]]},"properties":{"OBJECTID":160974,"GEOID20":"360050056001","GEOID10":"360050056001","STATEFP":"36","COUNTYFP":"005","D1C":19.764635812657758,"D1C5_RET":0,"D2B_E5MIXA":0,"D3A":26.278090066066071,"D3AAO":0,"D3B":144.42804558772815,"D4A":194.46000000000001,"D4C":71.329999999999998,"D4D":3089.99774798,"D5AR":900869,"D5BR":1693353}},{"type":"Feature","id":160975,"geometry":{"type":"Polygon","coordinates":[[[-73.863509410670403,40.823581283929798],[-73.862981409692495,40.821392283259051],[-73.861115408523062,40.821640282366488],[-73.861625409059315,40.823834283442096],[-73.863509410670403,40.823581283929798]]]},"properties":{"OBJECTID":160975,"GEOID20":"360050042004","GEOID10":"360050042004","STATEFP":"36","COUNTYFP":"005","D1C":13.345493692853463,"D1C5_RET":0,"D2B_E5MIXA":0.14284367441411644,"D3A":22.192254990271309,"D3AAO":0,"D3B":173.88668911799786,"D4A":193.12,"D4C":46.329999999999998,"D4D":3020.6862792799998,"D5AR":855577,"D5BR":1247313}},{"type":"Feature","id":160978,"geometry":{"type":"Polygon","coordinates":[[[-73.888033418825174,40.851005288627704],[-73.887519418090974,40.850957288232642],[-73.886475418525649,40.851273287985812],[-73.885952418468918,40.851192287414328],[-73.88446241883976,40.854160288570796],[-73.885422418739495,40.854506288946624],[-73.885356417718938,40.854311288638883],[-73.886452418959436,40.854049287666761],[-73.888033418825174,40.851005288627704]]]},"properties":{"OBJECTID":160978,"GEOID20":"360050391002","GEOID10":"360050391002","STATEFP":"36","COUNTYFP":"005","D1C":16.038183138693306,"D1C5_RET":2.8386164847244788,"D2B_E5MIXA":0.89155147109544319,"D3A":31.190856581669763,"D3AAO":0,"D3B":60.587430249959269,"D4A":394.29000000000002,"D4C":55.329999999999998,"D4D":2512.9704016000001,"D5AR":618020,"D5BR":756884}},{"type":"Feature","id":160979,"geometry":{"type":"Polygon","coordinates":[[[-73.859302412446993,40.889932296096447],[-73.859685412761621,40.889231296124692],[-73.856809411463757,40.888311297009203],[-73.8560314111389,40.88972129591744],[-73.858909411188279,40.890640296179932],[-73.859302412446993,40.889932296096447]]]},"properties":{"OBJECTID":160979,"GEOID20":"360050406002","GEOID10":"360050406002","STATEFP":"36","COUNTYFP":"005","D1C":2.4449554280550543,"D1C5_RET":0.99609295217057758,"D2B_E5MIXA":0.7257584831917081,"D3A":15.585511346888309,"D3AAO":0,"D3B":0,"D4A":270.91000000000003,"D4C":56.329999999999998,"D4D":3264.57693066,"D5AR":466247,"D5BR":3481212}},{"type":"Feature","id":160980,"geometry":{"type":"Polygon","coordinates":[[[-73.858519411200945,40.89134529664554],[-73.858909411188279,40.890640296179932],[-73.8560314111389,40.88972129591744],[-73.854855410430787,40.891846296115105],[-73.857733412276787,40.892762296615018],[-73.858519411200945,40.89134529664554]]]},"properties":{"OBJECTID":160980,"GEOID20":"360050422002","GEOID10":"360050422002","STATEFP":"36","COUNTYFP":"005","D1C":6.4545532372998773,"D1C5_RET":1.2667814764794152,"D2B_E5MIXA":0.67222518040301527,"D3A":27.851608412060326,"D3AAO":0,"D3B":38.606673568896461,"D4A":402.33999999999997,"D4C":56.329999999999998,"D4D":2174.7139221399998,"D5AR":513768,"D5BR":3477331}},{"type":"Feature","id":160981,"geometry":{"type":"Polygon","coordinates":[[[-73.91937142688775,40.822726280781808],[-73.918631427096031,40.822253281016842],[-73.917431426996785,40.822079281177302],[-73.917069426598545,40.821939280857833],[-73.91657042593296,40.822836281160598],[-73.918338427193078,40.823393280698205],[-73.91937142688775,40.822726280781808]]]},"properties":{"OBJECTID":160981,"GEOID20":"360050069004","GEOID10":"360050069004","STATEFP":"36","COUNTYFP":"005","D1C":0,"D1C5_RET":0,"D2B_E5MIXA":0,"D3A":12.375009709523555,"D3AAO":0,"D3B":0,"D4A":295.05000000000001,"D4C":57,"D4D":6764.9973621500003,"D5AR":894141,"D5BR":2009246}},{"type":"Feature","id":160982,"geometry":{"type":"Polygon","coordinates":[[[-73.887113419108431,40.848423287401218],[-73.887790418252621,40.847626287368527],[-73.885604418314372,40.846551286764296],[-73.883779417152837,40.848690287434216],[-73.885816418026479,40.849939287209416],[-73.887113419108431,40.848423287401218]]]},"properties":{"OBJECTID":160982,"GEOID20":"360050371001","GEOID10":"360050371001","STATEFP":"36","COUNTYFP":"005","D1C":0.62557109949600742,"D1C5_RET":0,"D2B_E5MIXA":0.4181656600790517,"D3A":23.22308559783724,"D3AAO":0,"D3B":80.07310073548895,"D4A":221.28,"D4C":50,"D4D":2001.82751839,"D5AR":643341,"D5BR":655909}},{"type":"Feature","id":160983,"geometry":{"type":"Polygon","coordinates":[[[-73.899612420766488,40.814340280053152],[-73.899729420044039,40.814298279507298],[-73.899342420429733,40.813497279402256],[-73.898449420477164,40.813185279489346],[-73.896851419994661,40.814468279675005],[-73.89542942013756,40.815853280706925],[-73.896214420135109,40.816327280624051],[-73.897647420761174,40.814943280054223],[-73.898469420568659,40.815434280308054],[-73.899612420766488,40.814340280053152]]]},"properties":{"OBJECTID":160983,"GEOID20":"360050085001","GEOID10":"360050085001","STATEFP":"36","COUNTYFP":"005","D1C":9.1058713575653201,"D1C5_RET":0.65627901676146461,"D2B_E5MIXA":0.71070590437741454,"D3A":27.467731719218062,"D3AAO":0,"D3B":105.00464268183433,"D4A":0,"D4C":52,"D4D":2730.1207097299998,"D5AR":878229,"D5BR":1459518}},{"type":"Feature","id":160984,"geometry":{"type":"Polygon","coordinates":[[[-73.878846414889836,40.831273283695779],[-73.878236413896133,40.828668283943415],[-73.877300413387545,40.828750284051914],[-73.876403413237,40.828985283809509],[-73.876994413964098,40.831523284266247],[-73.878846414889836,40.831273283695779]]]},"properties":{"OBJECTID":160984,"GEOID20":"360050054001","GEOID10":"360050054001","STATEFP":"36","COUNTYFP":"005","D1C":38.512589661472255,"D1C5_RET":3.0359023381791195,"D2B_E5MIXA":0.46317354058635063,"D3A":33.316627945059196,"D3AAO":0,"D3B":55.513642755275328,"D4A":453.30000000000001,"D4C":63.329999999999998,"D4D":3515.6789956900002,"D5AR":791881,"D5BR":1089330}},{"type":"Feature","id":160985,"geometry":{"type":"Polygon","coordinates":[[[-73.881725415662444,40.831295283533663],[-73.881047414896699,40.828440283589494],[-73.878236413896133,40.828668283943415],[-73.878846414889836,40.831273283695779],[-73.88070041546537,40.83105328491532],[-73.881725415662444,40.831295283533663]]]},"properties":{"OBJECTID":160985,"GEOID20":"360050054002","GEOID10":"360050054002","STATEFP":"36","COUNTYFP":"005","D1C":6.5845300071645463,"D1C5_RET":1.7327710545169859,"D2B_E5MIXA":0.89212008506068796,"D3A":29.677428151900777,"D3AAO":0,"D3B":73.931564992724731,"D4A":191.78,"D4C":63.329999999999998,"D4D":2341.0430054899998,"D5AR":832490,"D5BR":998234}},{"type":"Feature","id":160986,"geometry":{"type":"Polygon","coordinates":[[[-73.899021421836011,40.832009283640325],[-73.89884342156077,40.83175928286326],[-73.898507422000122,40.829954283320475],[-73.8975704216666,40.829431283364443],[-73.896901421121697,40.831042283257858],[-73.896370421567354,40.833518283740077],[-73.89785642010024,40.832866284320986],[-73.899021421836011,40.832009283640325]]]},"properties":{"OBJECTID":160986,"GEOID20":"360050151002","GEOID10":"360050151002","STATEFP":"36","COUNTYFP":"005","D1C":12.836265880963966,"D1C5_RET":0.14670018149673106,"D2B_E5MIXA":0.31843701456115103,"D3A":25.661668938007161,"D3AAO":0,"D3B":187.82317637389471,"D4A":264.19999999999999,"D4C":36.329999999999998,"D4D":1705.47763001,"D5AR":869723,"D5BR":1279141}},{"type":"Feature","id":160987,"geometry":{"type":"Polygon","coordinates":[[[-73.840069402263921,40.813609281697808],[-73.840427401565904,40.81188128234718],[-73.839019400155877,40.80822428089337],[-73.837985399737988,40.80623428042346],[-73.836481399865107,40.80593028007975],[-73.835920399275238,40.805596280427274],[-73.834500399067963,40.805023280703232],[-73.832882398493979,40.804824280746473],[-73.831960397330761,40.804873280104417],[-73.831604398576928,40.805082280206754],[-73.831540399002819,40.805734280792876],[-73.831686397694384,40.806106280555852],[-73.831431398324554,40.806838280866131],[-73.831748398516964,40.807028281789222],[-73.831972398822941,40.807489281001978],[-73.832010399356093,40.808286281505403],[-73.831898398304801,40.808871281686834],[-73.831586399033569,40.809444282182213],[-73.830378397640089,40.810602281688119],[-73.829569397353112,40.811077281869458],[-73.826346396623919,40.811204281526457],[-73.826593397394419,40.811620281720145],[-73.826659396618339,40.811963282134279],[-73.828299396933645,40.814819282374344],[-73.827510397636459,40.815178283185155],[-73.823191395666768,40.816681283180827],[-73.823708394977402,40.817657283979749],[-73.82537039683065,40.820220283703449],[-73.826718397067893,40.821827284468242],[-73.82833039779409,40.821048284014552],[-73.829460399369779,40.822385283614508],[-73.824639397259759,40.824774285301331],[-73.831107399357776,40.826827283884228],[-73.831499399893247,40.826814285113272],[-73.835337399842373,40.828200285196338],[-73.836839401862036,40.828472285212897],[-73.836021401354216,40.823768283957939],[-73.835942399914856,40.819995283562022],[-73.836033399253139,40.817864283167225],[-73.836735401206639,40.817830283141362],[-73.836739399607978,40.817201282919541],[-73.83696240008905,40.81634928270087],[-73.839981401502058,40.816399282449417],[-73.839859401303329,40.81598428237524],[-73.83990840170712,40.814478282630731],[-73.840069402263921,40.813609281697808]]]},"properties":{"OBJECTID":160987,"GEOID20":"360050110001","GEOID10":"360050110001","STATEFP":"36","COUNTYFP":"005","D1C":1.4859707286535362,"D1C5_RET":0,"D2B_E5MIXA":0,"D3A":16.06045551034045,"D3AAO":5.1788801059048808,"D3B":37.56715257158988,"D4A":374.17000000000002,"D4C":37,"D4D":46.311209607099997,"D5AR":818825,"D5BR":911598}},{"type":"Feature","id":160988,"geometry":{"type":"Polygon","coordinates":[[[-73.809127392239844,40.816783282933173],[-73.808180391860603,40.814793282842423],[-73.804972389403375,40.811187282528664],[-73.803726389273379,40.810024282240271],[-73.802671388939089,40.809362282001771],[-73.801661387912318,40.809080282116817],[-73.801752388148927,40.809051283215595],[-73.801460388070879,40.808939282744802],[-73.801233388290143,40.808556282596136],[-73.800120388229558,40.808000282410603],[-73.798907387711509,40.807140282765658],[-73.797845387704513,40.806567281413855],[-73.797050386762919,40.806284281675204],[-73.796427386248752,40.80591628175263],[-73.796364387397887,40.805994282593993],[-73.796025387464155,40.805836281735942],[-73.795800386434962,40.806196281051612],[-73.795307386515461,40.805938281842309],[-73.794353386463499,40.805220281641127],[-73.794491387454087,40.805006281481958],[-73.794932386596727,40.804784282131919],[-73.796605387422304,40.805486282058972],[-73.796663387148612,40.805420281998515],[-73.796965387272408,40.805506281837665],[-73.79464438581833,40.804490281647517],[-73.79454738663226,40.804598281185797],[-73.794669386831004,40.804665282303198],[-73.794555385231547,40.804737281825076],[-73.794619385703953,40.804812281300606],[-73.794344386242685,40.804945282120471],[-73.793961386826339,40.804815282012271],[-73.793438386769608,40.804311281591339],[-73.791631385151419,40.804156281547712],[-73.79086238504739,40.804342281692627],[-73.79057738554036,40.804557281514029],[-73.790211384944129,40.805045281768933],[-73.790106386260462,40.805489282740112],[-73.790372385500945,40.806166282033189],[-73.790860385397579,40.806576282630303],[-73.790810385168854,40.807081283051915],[-73.790888384088348,40.80727028239918],[-73.791071385284766,40.807392282231618],[-73.791282385171954,40.807408282003472],[-73.791165384996091,40.807042282601572],[-73.791382384731079,40.806820282582748],[-73.792375385141085,40.806859281803646],[-73.798165387371654,40.809550282165787],[-73.79870538804515,40.809685282656652],[-73.800070388000833,40.809702282719122],[-73.801358388861942,40.810320282313597],[-73.801205387802767,40.810530282410184],[-73.801420387887902,40.810658282583368],[-73.802117388920223,40.810114282181765],[-73.802446389706503,40.810118282810919],[-73.803185389673303,40.810873281659937],[-73.803296390001393,40.811034282514008],[-73.803249390145723,40.811249283091861],[-73.803441388868038,40.811603282828997],[-73.803932390934335,40.81210828306849],[-73.804063389557285,40.812066282469424],[-73.804100390265518,40.812123282936064],[-73.804388390145604,40.812018283112039],[-73.804539388860036,40.812104282559325],[-73.80481638976778,40.812062282637633],[-73.804987389472004,40.812226282342927],[-73.805046389023232,40.812632283094793],[-73.805421390738573,40.813302283537951],[-73.80539739044913,40.81437028353475],[-73.805487390860819,40.814848283513811],[-73.806454390433245,40.815359283319424],[-73.806817390656406,40.815824284085963],[-73.806862389963953,40.816112283584175],[-73.807055391206106,40.816316283322145],[-73.807078390772318,40.816493283506276],[-73.806427390669072,40.816611283819896],[-73.806063390621006,40.816194284260746],[-73.805040390972067,40.815579283174522],[-73.804590389811963,40.815197283361456],[-73.803392389362529,40.813898283433268],[-73.80311438952819,40.813452282760956],[-73.80346238968275,40.812725282572309],[-73.803036389710385,40.81251628274498],[-73.802804389906797,40.812490283670307],[-73.802448389356329,40.812634282653605],[-73.802339389576389,40.812885282896289],[-73.802104388501434,40.813000282487181],[-73.801632388498319,40.812968283596526],[-73.801536388238873,40.813468283111312],[-73.800287388634118,40.81430828316855],[-73.799076389562529,40.815625283886369],[-73.798616388356692,40.815528284091982],[-73.79818638818638,40.815835283509038],[-73.797727388602055,40.815741284239294],[-73.797577387017597,40.815829283762135],[-73.798419387814874,40.816288284248408],[-73.798730388159484,40.816192284809262],[-73.80224639058828,40.817242283617176],[-73.802553388938307,40.817177283742986],[-73.803444390139404,40.816599283786047],[-73.804475391082548,40.816185283669114],[-73.805125389564253,40.817025283997687],[-73.806050391100527,40.817346284643165],[-73.806977391388301,40.81708828391649],[-73.809127392239844,40.816783282933173]]]},"properties":{"OBJECTID":160988,"GEOID20":"360050118001","GEOID10":"360050118001","STATEFP":"36","COUNTYFP":"005","D1C":5.6736308882011421,"D1C5_RET":0.069284502026879621,"D2B_E5MIXA":0.43357223552669827,"D3A":22.783326624865438,"D3AAO":2.0790983333818676,"D3B":69.701578834995317,"D4A":205.19,"D4C":15,"D4D":68.152250995700001,"D5AR":689005,"D5BR":640915}},{"type":"Feature","id":160990,"geometry":{"type":"Polygon","coordinates":[[[-73.916089425709018,40.824846281356699],[-73.916774427045766,40.824395281843913],[-73.915878425821802,40.824112281331146],[-73.916217425755534,40.823476281167345],[-73.911746425246506,40.822115281697265],[-73.910701424957963,40.822332281660664],[-73.910520425208006,40.822806281508001],[-73.910495424195332,40.823216281930677],[-73.916089425709018,40.824846281356699]]]},"properties":{"OBJECTID":160990,"GEOID20":"360050141003","GEOID10":"360050141003","STATEFP":"36","COUNTYFP":"005","D1C":66.574533633913532,"D1C5_RET":2.7329447304562207,"D2B_E5MIXA":0.56248367248291065,"D3A":29.918991978654891,"D3AAO":0,"D3B":151.61065551100492,"D4A":114,"D4C":58,"D4D":2028.9381678899999,"D5AR":928616,"D5BR":1319756}},{"type":"Feature","id":160991,"geometry":{"type":"Polygon","coordinates":[[[-73.82537039683065,40.820220283703449],[-73.823708394977402,40.817657283979749],[-73.823191395666768,40.816681283180827],[-73.820568394987205,40.817600282828941],[-73.822743396851422,40.821125284071577],[-73.82537039683065,40.820220283703449]]]},"properties":{"OBJECTID":160991,"GEOID20":"360050144005","GEOID10":"360050144005","STATEFP":"36","COUNTYFP":"005","D1C":0.15500486649403725,"D1C5_RET":0.077502433247018623,"D2B_E5MIXA":0.64601483711008956,"D3A":22.205776529536386,"D3AAO":0,"D3B":99.227915334822882,"D4A":415.75,"D4C":13,"D4D":322.41012230799998,"D5AR":798711,"D5BR":911540}},{"type":"Feature","id":160992,"geometry":{"type":"Polygon","coordinates":[[[-73.915452426747777,40.825756281430152],[-73.914752426240725,40.825209281323303],[-73.91351342488511,40.824813282126399],[-73.913168426001917,40.825465281880305],[-73.911311425053341,40.824857281323112],[-73.911795425650325,40.826436280989995],[-73.911695425192889,40.827767281386301],[-73.910308425495899,40.828781282251178],[-73.908961425083547,40.830234283131162],[-73.911385425571495,40.83099628304219],[-73.913632425609109,40.826932282700675],[-73.915452426747777,40.825756281430152]]]},"properties":{"OBJECTID":160992,"GEOID20":"360050143001","GEOID10":"360050143001","STATEFP":"36","COUNTYFP":"005","D1C":5.9279433957283389,"D1C5_RET":0.34319672291058806,"D2B_E5MIXA":0.87272359409776246,"D3A":33.174762263422807,"D3AAO":0,"D3B":133.1453526323084,"D4A":270.91000000000003,"D4C":67.329999999999998,"D4D":1344.4326023900001,"D5AR":919241,"D5BR":1996151}},{"type":"Feature","id":160993,"geometry":{"type":"Polygon","coordinates":[[[-73.899000421919624,40.8339002840695],[-73.899450421283092,40.833226283100011],[-73.89801342045908,40.832742283443089],[-73.896370421567354,40.833518283740077],[-73.897016420749409,40.834399283696627],[-73.898454422296666,40.834729283291004],[-73.899000421919624,40.8339002840695]]]},"properties":{"OBJECTID":160993,"GEOID20":"360050151001","GEOID10":"360050151001","STATEFP":"36","COUNTYFP":"005","D1C":5.7391691117918402,"D1C5_RET":0.47826409264932002,"D2B_E5MIXA":0.34470784511899522,"D3A":46.184144370150818,"D3AAO":0,"D3B":229.64291055889052,"D4A":140.81999999999999,"D4C":44.670000000000002,"D4D":3418.2435237099999,"D5AR":894518,"D5BR":1282827}},{"type":"Feature","id":160994,"geometry":{"type":"Polygon","coordinates":[[[-73.900118422003104,40.829907282491078],[-73.900429421449402,40.829159283203296],[-73.897946421410225,40.828530283017919],[-73.898206420802921,40.827897282067383],[-73.895683419682456,40.828231282293217],[-73.895604420039746,40.828324283692886],[-73.896396420608312,40.828771282811694],[-73.896697420907174,40.830422283282502],[-73.897173420209938,40.830376283316419],[-73.8975704216666,40.829431283364443],[-73.898795420981884,40.830113283015734],[-73.899732422213717,40.830814282910346],[-73.900118422003104,40.829907282491078]]]},"properties":{"OBJECTID":160994,"GEOID20":"360050151004","GEOID10":"360050151004","STATEFP":"36","COUNTYFP":"005","D1C":0.93347431907132372,"D1C5_RET":0,"D2B_E5MIXA":0.84377738816885584,"D3A":22.390016982739887,"D3AAO":0,"D3B":28.462965523226192,"D4A":0,"D4C":66.329999999999998,"D4D":2830.5075009799998,"D5AR":891206,"D5BR":1399327}},{"type":"Feature","id":160995,"geometry":{"type":"Polygon","coordinates":[[[-73.890602418179768,40.836906285063947],[-73.889744418387281,40.836097284591631],[-73.887701418564163,40.837442285274044],[-73.887290417762102,40.838143285158012],[-73.888413419665085,40.838561285090748],[-73.888742419553068,40.837976285753598],[-73.890602418179768,40.836906285063947]]]},"properties":{"OBJECTID":160995,"GEOID20":"360050155001","GEOID10":"360050155001","STATEFP":"36","COUNTYFP":"005","D1C":2.5774923061854662,"D1C5_RET":1.1598715377834596,"D2B_E5MIXA":0.72144492764374302,"D3A":32.198573770882241,"D3AAO":0,"D3B":0,"D4A":0,"D4C":73.670000000000002,"D4D":6033.0913308999998,"D5AR":880076,"D5BR":1962813}},{"type":"Feature","id":160996,"geometry":{"type":"Polygon","coordinates":[[[-73.898740424323563,40.878524292179065],[-73.89806642465409,40.878509292390348],[-73.897656423676949,40.878768292294446],[-73.897175423453021,40.879215292162939],[-73.896773423770099,40.879889292681838],[-73.896435424559613,40.881865292907925],[-73.897275423012132,40.882378293874353],[-73.898342423940292,40.88138029284039],[-73.898613424101953,40.880174293011301],[-73.897851423670616,40.879940293195574],[-73.898740424323563,40.878524292179065]]]},"properties":{"OBJECTID":160996,"GEOID20":"360050279003","GEOID10":"360050279003","STATEFP":"36","COUNTYFP":"005","D1C":36.856664234016399,"D1C5_RET":0,"D2B_E5MIXA":0.38738258719612756,"D3A":25.455758040041705,"D3AAO":0,"D3B":106.06768198797923,"D4A":155.56999999999999,"D4C":47.670000000000002,"D4D":2526.8597703,"D5AR":556977,"D5BR":2704104}},{"type":"Feature","id":160997,"geometry":{"type":"Polygon","coordinates":[[[-73.892159418654387,40.833653283712948],[-73.89173841870489,40.832672284040022],[-73.891628419998369,40.832741283626902],[-73.890715418157669,40.832417283938909],[-73.887701418564163,40.837442285274044],[-73.889744418387281,40.836097284591631],[-73.890602418179768,40.836906285063947],[-73.890844418927415,40.836786284646365],[-73.891482418611858,40.836695284434015],[-73.891388418900533,40.835766284559988],[-73.890824418835919,40.8358172843933],[-73.892159418654387,40.833653283712948]]]},"properties":{"OBJECTID":160997,"GEOID20":"360050155002","GEOID10":"360050155002","STATEFP":"36","COUNTYFP":"005","D1C":32.383718417984959,"D1C5_RET":1.9420520790395777,"D2B_E5MIXA":0.34047814800102816,"D3A":35.823181772520314,"D3AAO":0,"D3B":207.19361800620675,"D4A":155.56999999999999,"D4C":81.329999999999998,"D4D":2527.1531122400002,"D5AR":824722,"D5BR":1356898}},{"type":"Feature","id":160998,"geometry":{"type":"Polygon","coordinates":[[[-73.887949417362961,40.833455283114873],[-73.882355416747586,40.831513283880902],[-73.879984415963108,40.834688284567655],[-73.882223416503109,40.835471284980834],[-73.882638417503145,40.834930284871184],[-73.882979416188348,40.834690284820958],[-73.883506416443041,40.83391228437155],[-73.886964417348878,40.835104284296342],[-73.887949417362961,40.833455283114873]]]},"properties":{"OBJECTID":160998,"GEOID20":"360050157001","GEOID10":"360050157001","STATEFP":"36","COUNTYFP":"005","D1C":13.57420692577794,"D1C5_RET":4.6350950478266135,"D2B_E5MIXA":0.82749145236217947,"D3A":28.212919567179135,"D3AAO":10.336939689009519,"D3B":74.6156495505534,"D4A":181.05000000000001,"D4C":90.329999999999998,"D4D":1555.1526589499999,"D5AR":815716,"D5BR":1378845}},{"type":"Feature","id":160999,"geometry":{"type":"Polygon","coordinates":[[[-73.905384424352036,40.839777284859423],[-73.905980425102015,40.838513284517056],[-73.901968422380676,40.837180284206454],[-73.902907423262334,40.835935283630754],[-73.901213421622046,40.835506283893636],[-73.899969422040172,40.837663284344821],[-73.902648422796247,40.838882284805791],[-73.905384424352036,40.839777284859423]]]},"properties":{"OBJECTID":160999,"GEOID20":"360050169001","GEOID10":"360050169001","STATEFP":"36","COUNTYFP":"005","D1C":16.909399082787793,"D1C5_RET":1.1153957178619915,"D2B_E5MIXA":0.4960794055419272,"D3A":29.477171510111592,"D3AAO":0,"D3B":185.8732910217872,"D4A":170.31999999999999,"D4C":51.329999999999998,"D4D":1430.8452351799999,"D5AR":937883,"D5BR":786857}},{"type":"Feature","id":161000,"geometry":{"type":"Polygon","coordinates":[[[-73.917223427482654,40.827817282724169],[-73.917534427827263,40.827258281799132],[-73.915317427028555,40.826554281289233],[-73.914761425563242,40.827564282092773],[-73.916907426216838,40.828397282573292],[-73.917223427482654,40.827817282724169]]]},"properties":{"OBJECTID":161000,"GEOID20":"360050173002","GEOID10":"360050173002","STATEFP":"36","COUNTYFP":"005","D1C":24.484673175715574,"D1C5_RET":2.1695280029115067,"D2B_E5MIXA":0.31252495137745762,"D3A":26.388637082897727,"D3AAO":0,"D3B":66.152008134490288,"D4A":132.77000000000001,"D4C":48,"D4D":4760.56430353,"D5AR":917552,"D5BR":2191524}},{"type":"Feature","id":161001,"geometry":{"type":"Polygon","coordinates":[[[-73.831175400028144,40.831108286378118],[-73.831911400520227,40.830653285200725],[-73.830528400122859,40.829042285372232],[-73.829743399226999,40.829431286083306],[-73.828585398062231,40.828069285222583],[-73.825295397385887,40.829697285276765],[-73.828190399848651,40.832959286696344],[-73.831175400028144,40.831108286378118]]]},"properties":{"OBJECTID":161001,"GEOID20":"360050166001","GEOID10":"360050166001","STATEFP":"36","COUNTYFP":"005","D1C":26.911409211366049,"D1C5_RET":1.1311736032147997,"D2B_E5MIXA":0.49538138378499347,"D3A":24.178183612792694,"D3AAO":0,"D3B":134.68857787115755,"D4A":219.94,"D4C":30.670000000000002,"D4D":516.36233541399997,"D5AR":814191,"D5BR":900410}},{"type":"Feature","id":161002,"geometry":{"type":"Polygon","coordinates":[[[-73.862338410883467,40.836734285122887],[-73.862242410624006,40.836205285691996],[-73.862293409779326,40.835581285288413],[-73.862027409640547,40.835567285061671],[-73.861855410111417,40.834531285226745],[-73.861013410212436,40.834605285217862],[-73.861116409246293,40.835528285045584],[-73.860940409519202,40.836482284972284],[-73.860526410140722,40.837432286461144],[-73.861320409460774,40.837671285678155],[-73.861762410224983,40.837620285911854],[-73.86214441071472,40.83725828499054],[-73.862338410883467,40.836734285122887]]]},"properties":{"OBJECTID":161002,"GEOID20":"360050216022","GEOID10":"360050216022","STATEFP":"36","COUNTYFP":"005","D1C":44.093049938545313,"D1C5_RET":37.760537447371249,"D2B_E5MIXA":0.34591601629356117,"D3A":42.604920401909069,"D3AAO":0,"D3B":225.23105168608419,"D4A":128.75,"D4C":98.670000000000002,"D4D":7405.3808296799998,"D5AR":612668,"D5BR":2008621}},{"type":"Feature","id":161003,"geometry":{"type":"Polygon","coordinates":[[[-73.863313410851831,40.840236286796085],[-73.863304409732677,40.839719286018664],[-73.862975409844722,40.838044285521178],[-73.862939410758017,40.838127286002482],[-73.86277640965308,40.838174285762207],[-73.862627409690162,40.838021285467683],[-73.862319410616891,40.838192286413275],[-73.862043410432378,40.838177285644505],[-73.86178440996629,40.838024285356916],[-73.861661409044331,40.837657285892796],[-73.861320409460774,40.837671285678155],[-73.860526410140722,40.837432286461144],[-73.859967409200664,40.83778728553353],[-73.860536409288159,40.838141285688579],[-73.860941409344107,40.838934286722079],[-73.862675410269063,40.840417285828671],[-73.863313410851831,40.840236286796085]]]},"properties":{"OBJECTID":161003,"GEOID20":"360050216023","GEOID10":"360050216023","STATEFP":"36","COUNTYFP":"005","D1C":5.4217093156695002,"D1C5_RET":0.72289457542260005,"D2B_E5MIXA":0.59747620397558676,"D3A":17.604052878685142,"D3AAO":0,"D3B":38.573654544549939,"D4A":190.44,"D4C":28.329999999999998,"D4D":1638.36826574,"D5AR":672633,"D5BR":2032976}},{"type":"Feature","id":161005,"geometry":{"type":"Polygon","coordinates":[[[-73.903947426222956,40.87626629193656],[-73.904049425431879,40.876125291424366],[-73.903132425189852,40.87585029249027],[-73.902647426564599,40.87659229155669],[-73.901931425265701,40.876527292135613],[-73.901380424721552,40.876649292250434],[-73.900254423343839,40.877550291871323],[-73.902011425631642,40.878510292874495],[-73.903947426222956,40.87626629193656]]]},"properties":{"OBJECTID":161005,"GEOID20":"360050277001","GEOID10":"360050277001","STATEFP":"36","COUNTYFP":"005","D1C":1.9607289519668465,"D1C5_RET":0.61917756377900413,"D2B_E5MIXA":0.74057152420369909,"D3A":23.189604422648603,"D3AAO":0,"D3B":110.09802654075733,"D4A":147.52000000000001,"D4C":97.670000000000002,"D4D":6450.6744164600004,"D5AR":656351,"D5BR":2681363}},{"type":"Feature","id":161006,"geometry":{"type":"Polygon","coordinates":[[[-73.901577426161694,40.881003292014825],[-73.900608425142806,40.880479293053163],[-73.900414424974059,40.880878293146083],[-73.900108424652302,40.880746292247878],[-73.89904142552075,40.881552293031582],[-73.897949424478227,40.882603293496622],[-73.897643424156485,40.883704293495796],[-73.897968424744803,40.88404229321192],[-73.896429422915205,40.88512529428067],[-73.895755423245745,40.885324294355634],[-73.894923424290837,40.885360294482709],[-73.894725423924115,40.885565293399502],[-73.896840423717251,40.885994293662741],[-73.898605424604341,40.884415293485041],[-73.901577426161694,40.881003292014825]]]},"properties":{"OBJECTID":161006,"GEOID20":"360050279001","GEOID10":"360050279001","STATEFP":"36","COUNTYFP":"005","D1C":8.3865694664881421,"D1C5_RET":0.29086368091866388,"D2B_E5MIXA":0.69929530274227591,"D3A":28.263465904106887,"D3AAO":8.7273613374144858,"D3B":20.278426289231543,"D4A":174.34999999999999,"D4C":89.329999999999998,"D4D":2715.8498057199999,"D5AR":614385,"D5BR":2643763}},{"type":"Feature","id":161007,"geometry":{"type":"Polygon","coordinates":[[[-73.899568425775442,40.879276292488335],[-73.899614424907881,40.878764292411155],[-73.898740424323563,40.878524292179065],[-73.897851423670616,40.879940293195574],[-73.898613424101953,40.880174293011301],[-73.898342423940292,40.88138029284039],[-73.897275423012132,40.882378293874353],[-73.896641424423947,40.882773293745267],[-73.896941423101282,40.883019293292058],[-73.897949424478227,40.882603293496622],[-73.89904142552075,40.881552293031582],[-73.899568425775442,40.879276292488335]]]},"properties":{"OBJECTID":161007,"GEOID20":"360050279002","GEOID10":"360050279002","STATEFP":"36","COUNTYFP":"005","D1C":3.2044771714596862,"D1C5_RET":0.31011069401222768,"D2B_E5MIXA":0.72402374942001746,"D3A":40.766239211942292,"D3AAO":0,"D3B":154.41031676256839,"D4A":312.48000000000002,"D4C":76.329999999999998,"D4D":5049.7598451100002,"D5AR":566631,"D5BR":2899810}},{"type":"Feature","id":161008,"geometry":{"type":"Polygon","coordinates":[[[-73.907199426366134,40.876397291743501],[-73.907106426479743,40.876285291587614],[-73.907001425999411,40.873463291218691],[-73.906163425400123,40.873251291629586],[-73.903811425780518,40.878554292425477],[-73.903396425678821,40.879098292361405],[-73.901577426161694,40.881003292014825],[-73.90282342629169,40.881695293043748],[-73.906099426724325,40.877074291907959],[-73.906377426558677,40.876814291658398],[-73.907199426366134,40.876397291743501]]]},"properties":{"OBJECTID":161008,"GEOID20":"360050283001","GEOID10":"360050283001","STATEFP":"36","COUNTYFP":"005","D1C":70.250914269057759,"D1C5_RET":11.500642769885195,"D2B_E5MIXA":0.56633688080346545,"D3A":22.95267914404192,"D3AAO":8.5279083583992623,"D3B":29.574664973545733,"D4A":142.16,"D4C":95,"D4D":2106.14180846,"D5AR":662785,"D5BR":2596900}},{"type":"Feature","id":161009,"geometry":{"type":"Polygon","coordinates":[[[-73.90282342629169,40.881695293043748],[-73.901577426161694,40.881003292014825],[-73.898605424604341,40.884415293485041],[-73.896840423717251,40.885994293662741],[-73.899841425586914,40.886545294073422],[-73.901588425134022,40.883490293285455],[-73.90282342629169,40.881695293043748]]]},"properties":{"OBJECTID":161009,"GEOID20":"360050283002","GEOID10":"360050283002","STATEFP":"36","COUNTYFP":"005","D1C":15.586992654629713,"D1C5_RET":7.2314653421719575,"D2B_E5MIXA":0.71953597427457772,"D3A":37.942922567197002,"D3AAO":17.048849602624507,"D3B":93.684055454796791,"D4A":215.91999999999999,"D4C":112,"D4D":2622.4979282499999,"D5AR":627855,"D5BR":2744397}},{"type":"Feature","id":161010,"geometry":{"type":"Polygon","coordinates":[[[-73.908624427494601,40.88246329264431],[-73.909337428420443,40.881354292243479],[-73.90315742620254,40.886520293831232],[-73.904136426368837,40.887097294325393],[-73.905730427551688,40.885732294423072],[-73.906010427035866,40.885595293850308],[-73.907466427228158,40.884442293273928],[-73.907990427109794,40.883170292765307],[-73.908624427494601,40.88246329264431]]]},"properties":{"OBJECTID":161010,"GEOID20":"360050285001","GEOID10":"360050285001","STATEFP":"36","COUNTYFP":"005","D1C":2.2274475083487189,"D1C5_RET":0,"D2B_E5MIXA":0.30105581835691825,"D3A":28.817890860197615,"D3AAO":0,"D3B":111.86503439575307,"D4A":480.12,"D4C":86.329999999999998,"D4D":3619.68081686,"D5AR":616711,"D5BR":2644388}},{"type":"Feature","id":161011,"geometry":{"type":"Polygon","coordinates":[[[-73.92400142920205,40.81544727926984],[-73.924260427871516,40.815059279559975],[-73.922876427649243,40.81332327903035],[-73.920483427123457,40.814572279610829],[-73.921289427935704,40.815437278499779],[-73.921584428386808,40.815558278877994],[-73.921246428277996,40.816228280366104],[-73.923094428107447,40.816706279195486],[-73.92400142920205,40.81544727926984]]]},"properties":{"OBJECTID":161011,"GEOID20":"360050051003","GEOID10":"360050051003","STATEFP":"36","COUNTYFP":"005","D1C":9.647208837977141,"D1C5_RET":0.95281074942984101,"D2B_E5MIXA":0.54920893291730155,"D3A":20.902458083301344,"D3AAO":0,"D3B":76.262972384364474,"D4A":164.96000000000001,"D4C":111.67,"D4D":4256.0150555500004,"D5AR":948563,"D5BR":1821912}},{"type":"Feature","id":161012,"geometry":{"type":"Polygon","coordinates":[[[-73.916185425070168,40.808798278313702],[-73.916590426922752,40.808141278338304],[-73.913747423440213,40.806950278763424],[-73.913397424534153,40.807617277522155],[-73.916185425070168,40.808798278313702]]]},"properties":{"OBJECTID":161012,"GEOID20":"360050027024","GEOID10":"360050027024","STATEFP":"36","COUNTYFP":"005","D1C":2.0551401193599226,"D1C5_RET":0,"D2B_E5MIXA":0,"D3A":43.985819519669938,"D3AAO":0,"D3B":0,"D4A":217.25999999999999,"D4C":45.670000000000002,"D4D":5460.8435927999999,"D5AR":996461,"D5BR":1451306}},{"type":"Feature","id":161013,"geometry":{"type":"Polygon","coordinates":[[[-73.924649428033931,40.810736277850943],[-73.925143428676662,40.810058278107682],[-73.922887428418221,40.809114278467867],[-73.921487428302413,40.811043279045123],[-73.923727428667362,40.811987278437712],[-73.924649428033931,40.810736277850943]]]},"properties":{"OBJECTID":161013,"GEOID20":"360050039002","GEOID10":"360050039002","STATEFP":"36","COUNTYFP":"005","D1C":20.284671882354029,"D1C5_RET":1.3726469694826033,"D2B_E5MIXA":0.68460217401092327,"D3A":23.631811654175632,"D3AAO":0,"D3B":48.805225581603679,"D4A":191.78,"D4C":94.670000000000002,"D4D":4620.3907058100003,"D5AR":1059161,"D5BR":2105314}},{"type":"Feature","id":161014,"geometry":{"type":"Polygon","coordinates":[[[-73.865421410073964,40.827810284170482],[-73.864911410436022,40.825604283669989],[-73.85970440943494,40.826285283342358],[-73.860675409205328,40.828427284454989],[-73.865421410073964,40.827810284170482]]]},"properties":{"OBJECTID":161014,"GEOID20":"360050044003","GEOID10":"360050044003","STATEFP":"36","COUNTYFP":"005","D1C":22.097320452925032,"D1C5_RET":2.9055300249520801,"D2B_E5MIXA":0.62646080651753289,"D3A":15.240729493435369,"D3AAO":0.045233119124728001,"D3B":48.935242525508713,"D4A":372.82999999999998,"D4C":46.670000000000002,"D4D":1141.90388433,"D5AR":890131,"D5BR":2193246}},{"type":"Feature","id":161015,"geometry":{"type":"Polygon","coordinates":[[[-73.881982415580381,40.828364283750474],[-73.881353415218442,40.825664283149472],[-73.880428414580493,40.825788283669041],[-73.881047414896699,40.828440283589494],[-73.881982415580381,40.828364283750474]]]},"properties":{"OBJECTID":161015,"GEOID20":"360050052002","GEOID10":"360050052002","STATEFP":"36","COUNTYFP":"005","D1C":11.51528286327102,"D1C5_RET":1.8627663455291357,"D2B_E5MIXA":0.42979759524031658,"D3A":11.230714487110019,"D3AAO":0,"D3B":216.75826566157215,"D4A":264.19999999999999,"D4C":59,"D4D":6394.3688370199998,"D5AR":797784,"D5BR":1065449}},{"type":"Feature","id":161016,"geometry":{"type":"Polygon","coordinates":[[[-73.909522423876808,40.814833279503247],[-73.910020424717473,40.813440280116069],[-73.909076423812962,40.813241279564309],[-73.908081423753146,40.816041279475769],[-73.908226423518087,40.81621128061596],[-73.90913342371438,40.815949279956769],[-73.909522423876808,40.814833279503247]]]},"properties":{"OBJECTID":161016,"GEOID20":"360050073002","GEOID10":"360050073002","STATEFP":"36","COUNTYFP":"005","D1C":15.150765577460607,"D1C5_RET":9.5851782224750774,"D2B_E5MIXA":0.68217741142463761,"D3A":38.903660618370985,"D3AAO":0,"D3B":197.84238346681332,"D4A":223.97,"D4C":57,"D4D":5635.6900837599997,"D5AR":938869,"D5BR":1599884}},{"type":"Feature","id":161017,"geometry":{"type":"Polygon","coordinates":[[[-73.905131421038774,40.813279279661096],[-73.905414422692644,40.812484279541522],[-73.904467422313374,40.812290280144609],[-73.903471421530313,40.815083280182627],[-73.90442642140718,40.815281279889028],[-73.905131421038774,40.813279279661096]]]},"properties":{"OBJECTID":161017,"GEOID20":"360050079003","GEOID10":"360050079003","STATEFP":"36","COUNTYFP":"005","D1C":23.732176184876817,"D1C5_RET":1.3691640106659702,"D2B_E5MIXA":0.7061119642162258,"D3A":34.828537963116169,"D3AAO":0,"D3B":194.72554818360464,"D4A":249.44999999999999,"D4C":92.329999999999998,"D4D":8989.5049319000009,"D5AR":923754,"D5BR":1484679}},{"type":"Feature","id":161018,"geometry":{"type":"Polygon","coordinates":[[[-73.897046420886653,40.816810280381937],[-73.89542942013756,40.815853280706925],[-73.893324418593537,40.817886281335078],[-73.894932419121787,40.818855281222383],[-73.897046420886653,40.816810280381937]]]},"properties":{"OBJECTID":161018,"GEOID20":"360050089002","GEOID10":"360050089002","STATEFP":"36","COUNTYFP":"005","D1C":108.42428444469597,"D1C5_RET":2.6047876142869901,"D2B_E5MIXA":0.4585991016412394,"D3A":14.05310480238394,"D3AAO":0,"D3B":34.747866774588445,"D4A":122.04000000000001,"D4C":72,"D4D":3750.8941645700002,"D5AR":937338,"D5BR":1704266}},{"type":"Feature","id":161019,"geometry":{"type":"Polygon","coordinates":[[[-73.891117417840576,40.813813280973889],[-73.890527417836694,40.811520279741245],[-73.887729417254945,40.811944280351902],[-73.888327416756425,40.814234280243113],[-73.891117417840576,40.813813280973889]]]},"properties":{"OBJECTID":161019,"GEOID20":"360050093004","GEOID10":"360050093004","STATEFP":"36","COUNTYFP":"005","D1C":42.864267663630308,"D1C5_RET":0.12969521229540185,"D2B_E5MIXA":0.21784509457477463,"D3A":30.052951256096996,"D3AAO":0,"D3B":152.1895499159163,"D4A":273.58999999999997,"D4C":14,"D4D":581.034551083,"D5AR":711891,"D5BR":969529}},{"type":"Feature","id":161020,"geometry":{"type":"Polygon","coordinates":[[[-73.890421419328121,40.823152282432858],[-73.890236417583552,40.820957281916165],[-73.889302417623085,40.821440282632373],[-73.889485417921193,40.82319928193202],[-73.890421419328121,40.823152282432858]]]},"properties":{"OBJECTID":161020,"GEOID20":"360050119004","GEOID10":"360050119004","STATEFP":"36","COUNTYFP":"005","D1C":0.4499854958425053,"D1C5_RET":0,"D2B_E5MIXA":0,"D3A":21.167754876167876,"D3AAO":0,"D3B":0,"D4A":346.00999999999999,"D4C":151,"D4D":21743.299159099999,"D5AR":862606,"D5BR":1457910}},{"type":"Feature","id":161021,"geometry":{"type":"Polygon","coordinates":[[[-73.900936421612599,40.827936281814203],[-73.901652422911496,40.826225281705725],[-73.900542422325628,40.825952282070475],[-73.900227421783043,40.826684282309088],[-73.898443421527702,40.826357282515666],[-73.897003421228931,40.82805828239033],[-73.899798421437637,40.827693282599803],[-73.900936421612599,40.827936281814203]]]},"properties":{"OBJECTID":161021,"GEOID20":"360050131001","GEOID10":"360050131001","STATEFP":"36","COUNTYFP":"005","D1C":32.737733088948772,"D1C5_RET":2.3914213087645195,"D2B_E5MIXA":0.16244951034064536,"D3A":31.507264703127671,"D3AAO":0,"D3B":105.55238880064086,"D4A":91.200000000000003,"D4C":25.329999999999998,"D4D":1336.82100416,"D5AR":897514,"D5BR":1384605}},{"type":"Feature","id":161022,"geometry":{"type":"Polygon","coordinates":[[[-73.904923423321279,40.82529528270404],[-73.901177420738719,40.824397282407695],[-73.900542422325628,40.825952282070475],[-73.904294422061014,40.826928281725948],[-73.904923423321279,40.82529528270404]]]},"properties":{"OBJECTID":161022,"GEOID20":"360050135002","GEOID10":"360050135002","STATEFP":"36","COUNTYFP":"005","D1C":0.46125784645722606,"D1C5_RET":0,"D2B_E5MIXA":0.3717257956726267,"D3A":21.091106456150008,"D3AAO":0,"D3B":42.172145961803523,"D4A":415.75,"D4C":52,"D4D":2192.95159001,"D5AR":872065,"D5BR":1282424}},{"type":"Feature","id":161023,"geometry":{"type":"Polygon","coordinates":[[[-73.83094439915115,40.826913285205933],[-73.831107399357776,40.826827283884228],[-73.824639397259759,40.824774285301331],[-73.823868396607608,40.82515428516389],[-73.82700639784629,40.828843285403423],[-73.83094439915115,40.826913285205933]]]},"properties":{"OBJECTID":161023,"GEOID20":"360050152001","GEOID10":"360050152001","STATEFP":"36","COUNTYFP":"005","D1C":8.3419176281362795,"D1C5_RET":0,"D2B_E5MIXA":0.12073881956322804,"D3A":43.100487852255092,"D3AAO":13.767459507305901,"D3B":93.678046316677268,"D4A":238.72,"D4C":24.670000000000002,"D4D":533.23428764000005,"D5AR":873975,"D5BR":985453}},{"type":"Feature","id":161024,"geometry":{"type":"Polygon","coordinates":[[[-73.92700943074442,40.833925283110446],[-73.926141430906171,40.833644283451456],[-73.926612431084379,40.833030282209819],[-73.925365429332828,40.832633283000597],[-73.924395429387346,40.834492282562209],[-73.926137429809899,40.835060283063029],[-73.92700943074442,40.833925283110446]]]},"properties":{"OBJECTID":161024,"GEOID20":"360050193001","GEOID10":"360050193001","STATEFP":"36","COUNTYFP":"005","D1C":1.220540023783687,"D1C5_RET":0.61027001189184349,"D2B_E5MIXA":0.58613531161467858,"D3A":15.221216993228795,"D3AAO":0,"D3B":78.114561522155967,"D4A":304.43000000000001,"D4C":57,"D4D":4452.5300067600001,"D5AR":947334,"D5BR":2158791}},{"type":"Feature","id":161025,"geometry":{"type":"Polygon","coordinates":[[[-73.913989425984497,40.829988282569161],[-73.914723425928415,40.828738282135831],[-73.912963425962502,40.828168282761979],[-73.912256424884461,40.829427282540472],[-73.913989425984497,40.829988282569161]]]},"properties":{"OBJECTID":161025,"GEOID20":"360050175001","GEOID10":"360050175001","STATEFP":"36","COUNTYFP":"005","D1C":0.33261646723593091,"D1C5_RET":0,"D2B_E5MIXA":0,"D3A":38.27118913254894,"D3AAO":0,"D3B":106.43726951549787,"D4A":300.41000000000003,"D4C":32,"D4D":3405.9926245000001,"D5AR":888165,"D5BR":2191120}},{"type":"Feature","id":161026,"geometry":{"type":"Polygon","coordinates":[[[-73.91034342475767,40.834439283487797],[-73.909575424478575,40.834196282957109],[-73.907981425092331,40.837186284060898],[-73.909165425298042,40.836990283324035],[-73.909284425123744,40.836242285103395],[-73.91034342475767,40.834439283487797]]]},"properties":{"OBJECTID":161026,"GEOID20":"360050177021","GEOID10":"360050177021","STATEFP":"36","COUNTYFP":"005","D1C":0.71614769830129765,"D1C5_RET":0.53711077372597327,"D2B_E5MIXA":0.34939847028229709,"D3A":37.90805142512766,"D3AAO":0,"D3B":113.49888327739376,"D4A":134.11000000000001,"D4C":39.670000000000002,"D4D":4502.5006996100001,"D5AR":867716,"D5BR":2185603}},{"type":"Feature","id":161027,"geometry":{"type":"Polygon","coordinates":[[[-73.829675399454928,40.840617287455288],[-73.828930399640356,40.838317287024125],[-73.828067398926692,40.838673287200436],[-73.825909398577522,40.83875328703806],[-73.826085399202938,40.841380288005901],[-73.827914398765813,40.841267288064273],[-73.829675399454928,40.840617287455288]]]},"properties":{"OBJECTID":161027,"GEOID20":"360050184001","GEOID10":"360050184001","STATEFP":"36","COUNTYFP":"005","D1C":1.3495313280127512,"D1C5_RET":0.099965283556500084,"D2B_E5MIXA":0.65231697913924958,"D3A":23.721403036127484,"D3AAO":0,"D3B":138.63985245883885,"D4A":206.53,"D4C":24.329999999999998,"D4D":778.289711657,"D5AR":780745,"D5BR":1695237}},{"type":"Feature","id":161028,"geometry":{"type":"Polygon","coordinates":[[[-73.830303399093651,40.837780286672896],[-73.828799398322474,40.835834285914899],[-73.827809399183835,40.834875286578921],[-73.827082398014284,40.833918286560809],[-73.828357398456589,40.833292286764888],[-73.828190399848651,40.832959286696344],[-73.826014398159501,40.834029286523268],[-73.826221398747066,40.834363286446667],[-73.825916398250229,40.834636286796865],[-73.825496398125651,40.835226287316083],[-73.825391397645362,40.835527286630743],[-73.825409397188693,40.835896285870085],[-73.825841398805466,40.837067286619636],[-73.825909398577522,40.83875328703806],[-73.828067398926692,40.838673287200436],[-73.830303399093651,40.837780286672896]]]},"properties":{"OBJECTID":161028,"GEOID20":"360050184002","GEOID10":"360050184002","STATEFP":"36","COUNTYFP":"005","D1C":0.7907111836272338,"D1C5_RET":0,"D2B_E5MIXA":0.63315611821589712,"D3A":34.517653569386972,"D3AAO":4.8711064787212006,"D3B":174.75168993123938,"D4A":0,"D4C":34,"D4D":614.49554841899999,"D5AR":771461,"D5BR":835330}},{"type":"Feature","id":161029,"geometry":{"type":"Polygon","coordinates":[[[-73.83380740182686,40.836651286975261],[-73.833319401031929,40.835908286490501],[-73.832570401019396,40.8354062859799],[-73.832241401131412,40.835278286663076],[-73.829922399327145,40.834765285779547],[-73.829234399413963,40.834457285832748],[-73.828357398456589,40.833292286764888],[-73.827082398014284,40.833918286560809],[-73.827809399183835,40.834875286578921],[-73.828799398322474,40.835834285914899],[-73.830303399093651,40.837780286672896],[-73.831150399913795,40.837456287143695],[-73.83380740182686,40.836651286975261]]]},"properties":{"OBJECTID":161029,"GEOID20":"360050184003","GEOID10":"360050184003","STATEFP":"36","COUNTYFP":"005","D1C":15.582513022535183,"D1C5_RET":2.5970855037558636,"D2B_E5MIXA":0.67535176270102826,"D3A":34.573550029790283,"D3AAO":0,"D3B":146.24477036705241,"D4A":147.52000000000001,"D4C":30.670000000000002,"D4D":708.02322133500002,"D5AR":781889,"D5BR":833804}},{"type":"Feature","id":161030,"geometry":{"type":"Polygon","coordinates":[[[-73.835008400852715,40.83811528714299],[-73.834518401306255,40.837613286353992],[-73.83380740182686,40.836651286975261],[-73.831150399913795,40.837456287143695],[-73.828930399640356,40.838317287024125],[-73.829675399454928,40.840617287455288],[-73.835008400852715,40.83811528714299]]]},"properties":{"OBJECTID":161030,"GEOID20":"360050184004","GEOID10":"360050184004","STATEFP":"36","COUNTYFP":"005","D1C":4.3044064259651833,"D1C5_RET":0.1823901027951349,"D2B_E5MIXA":0.33993180418190427,"D3A":34.710025580422865,"D3AAO":0,"D3B":287.97208550118256,"D4A":339.30000000000001,"D4C":30.670000000000002,"D4D":716.01976994899996,"D5AR":776972,"D5BR":1722915}},{"type":"Feature","id":161031,"geometry":{"type":"Polygon","coordinates":[[[-73.930110430376544,40.831649281651771],[-73.930712432770932,40.830582282384],[-73.928573430891717,40.830151282283737],[-73.928109430386215,40.831005282303764],[-73.927266429764032,40.832179281917504],[-73.928041431512483,40.832522282060246],[-73.929386431376685,40.832926283347],[-73.930110430376544,40.831649281651771]]]},"properties":{"OBJECTID":161031,"GEOID20":"360050189003","GEOID10":"360050189003","STATEFP":"36","COUNTYFP":"005","D1C":7.0291349255628592,"D1C5_RET":0,"D2B_E5MIXA":0.24293722876820648,"D3A":33.894835788174071,"D3AAO":0,"D3B":85.21867578846026,"D4A":123.38,"D4C":80.329999999999998,"D4D":4106.5484259699997,"D5AR":1023049,"D5BR":3206659}},{"type":"Feature","id":161032,"geometry":{"type":"Polygon","coordinates":[[[-73.933007432489134,40.835687282928291],[-73.933145432581384,40.834823282158162],[-73.930356431322153,40.834513282222254],[-73.929722430937346,40.835631283452486],[-73.930082431685776,40.835853283572376],[-73.930138430863948,40.836074283182988],[-73.929791431432633,40.836887282950755],[-73.9294664308443,40.838128283698516],[-73.929271431748958,40.838303283297471],[-73.928891431807358,40.838462284039331],[-73.928481430830203,40.838395283072188],[-73.928322431719863,40.838198282778002],[-73.928349431484051,40.837536283012973],[-73.928083430446947,40.83726928289795],[-73.927620430664675,40.837729283592282],[-73.928660431828675,40.839810284118606],[-73.929339432419326,40.839944283804179],[-73.930407431375784,40.84028728387009],[-73.930607433188953,40.839687283707185],[-73.933007432489134,40.835687282928291]]]},"properties":{"OBJECTID":161032,"GEOID20":"360050193003","GEOID10":"360050193003","STATEFP":"36","COUNTYFP":"005","D1C":2.9094425159006434,"D1C5_RET":0.029994252741243746,"D2B_E5MIXA":0.035675761448431362,"D3A":24.357907575903234,"D3AAO":13.985410804560756,"D3B":0,"D4A":368.81,"D4C":37,"D4D":710.26390491300003,"D5AR":957673,"D5BR":1337329}},{"type":"Feature","id":161033,"geometry":{"type":"Polygon","coordinates":[[[-73.842840403081496,40.828730284482425],[-73.842813403317322,40.828645284715385],[-73.841235403824598,40.82882028487667],[-73.8375764012807,40.828980285124885],[-73.837018401063872,40.829061284975928],[-73.836839401862036,40.828472285212897],[-73.836437401280818,40.828403285261814],[-73.836114401240607,40.828456285082865],[-73.833666401361555,40.829557284725254],[-73.828190399848651,40.832959286696344],[-73.828637398839078,40.833729285646022],[-73.829234399413963,40.834457285832748],[-73.829922399327145,40.834765285779547],[-73.832241401131412,40.835278286663076],[-73.832906400580043,40.835587286646899],[-73.833453400926231,40.836050286077949],[-73.834518401306255,40.837613286353992],[-73.835008400852715,40.83811528714299],[-73.837631402430603,40.84030128717766],[-73.838322402716813,40.840657286892679],[-73.839365403355529,40.840886287063732],[-73.839568402846808,40.840555287158324],[-73.83960540265673,40.838283286609482],[-73.839324403347661,40.835776285663179],[-73.839333402670164,40.83356228599682],[-73.842280402316533,40.831275284731781],[-73.841916403166763,40.830818285689716],[-73.842332402195069,40.829949284708917],[-73.842309402628842,40.828807284457177],[-73.842840403081496,40.828730284482425]]]},"properties":{"OBJECTID":161033,"GEOID20":"360050194001","GEOID10":"360050194001","STATEFP":"36","COUNTYFP":"005","D1C":1.8135830593791746,"D1C5_RET":0.06217999060728599,"D2B_E5MIXA":0.72668350474258725,"D3A":39.950318305034898,"D3AAO":22.495842172658886,"D3B":82.25172617550416,"D4A":248.11000000000001,"D4C":100.33,"D4D":309.330372861,"D5AR":778156,"D5BR":1722293}},{"type":"Feature","id":161034,"geometry":{"type":"Polygon","coordinates":[[[-73.923489429015973,40.831981283034672],[-73.924262428419652,40.830689282425851],[-73.922414428590216,40.830061282336573],[-73.921662429102923,40.831345282890943],[-73.922517429420679,40.831641282310336],[-73.921224428536703,40.833841283005796],[-73.922218428771615,40.834171283338669],[-73.923489429015973,40.831981283034672]]]},"properties":{"OBJECTID":161034,"GEOID20":"360050195001","GEOID10":"360050195001","STATEFP":"36","COUNTYFP":"005","D1C":1.2717994372287489,"D1C5_RET":0.39743732413398408,"D2B_E5MIXA":0.68022520008380549,"D3A":22.500115281111729,"D3AAO":0,"D3B":50.871968188677265,"D4A":211.90000000000001,"D4C":106.67,"D4D":5426.5128466899996,"D5AR":968791,"D5BR":2177984}},{"type":"Feature","id":161035,"geometry":{"type":"Polygon","coordinates":[[[-73.925168430587647,40.836314283660094],[-73.924299429127871,40.836028283739928],[-73.923303429243148,40.837325283708637],[-73.923232429996347,40.838168283958268],[-73.923708430197408,40.838210284340931],[-73.925168430587647,40.836314283660094]]]},"properties":{"OBJECTID":161035,"GEOID20":"360050199005","GEOID10":"360050199005","STATEFP":"36","COUNTYFP":"005","D1C":9.8091533356371468,"D1C5_RET":0,"D2B_E5MIXA":0.31479285650577332,"D3A":16.113413009616121,"D3AAO":0,"D3B":0,"D4A":195.80000000000001,"D4C":57,"D4D":8132.6798564600003,"D5AR":928911,"D5BR":2174716}},{"type":"Feature","id":161036,"geometry":{"type":"Polygon","coordinates":[[[-73.930369431740942,40.840658283871072],[-73.930407431375784,40.84028728387009],[-73.929339432419326,40.839944283804179],[-73.928660431828675,40.839810284118606],[-73.928140431246675,40.838779283294507],[-73.927093431308322,40.838633283847294],[-73.927397431980239,40.840289284634032],[-73.92666143058986,40.84150228423244],[-73.926232431142765,40.842107284689611],[-73.925488429356463,40.841779284484637],[-73.924789429572655,40.842767285006317],[-73.924695430759641,40.843461284002125],[-73.923598430592548,40.844248284694707],[-73.923541429792834,40.84446528494221],[-73.923058429919067,40.844579285185262],[-73.923968430488401,40.844803285866575],[-73.925170431135783,40.844890285250528],[-73.928160431338156,40.845500285518817],[-73.929007432158315,40.84408728495071],[-73.929504431377467,40.842389283485289],[-73.929696432794699,40.842203284674589],[-73.929580431545432,40.84205528390347],[-73.930369431740942,40.840658283871072]]]},"properties":{"OBJECTID":161036,"GEOID20":"360050201001","GEOID10":"360050201001","STATEFP":"36","COUNTYFP":"005","D1C":3.0774371633158308,"D1C5_RET":0.07645806616933741,"D2B_E5MIXA":0.42801090278408227,"D3A":54.420402995130701,"D3AAO":31.70770620677753,"D3B":81.58381492532979,"D4A":269.56999999999999,"D4C":73.670000000000002,"D4D":901.22651755100003,"D5AR":939691,"D5BR":1850412}},{"type":"Feature","id":161037,"geometry":{"type":"Polygon","coordinates":[[[-73.927397431980239,40.840289284634032],[-73.927093431308322,40.838633283847294],[-73.926192430959802,40.838520283979896],[-73.925269430869989,40.840184283862421],[-73.925961430082793,40.840133284670351],[-73.926460430748406,40.840187283653762],[-73.925488429356463,40.841779284484637],[-73.926232431142765,40.842107284689611],[-73.927397431980239,40.840289284634032]]]},"properties":{"OBJECTID":161037,"GEOID20":"360050201003","GEOID10":"360050201003","STATEFP":"36","COUNTYFP":"005","D1C":12.755590931061072,"D1C5_RET":0,"D2B_E5MIXA":0.10563047725982774,"D3A":29.181435577326006,"D3AAO":0,"D3B":154.90887405838851,"D4A":109.97,"D4C":38.670000000000002,"D4D":2566.5493401200001,"D5AR":966424,"D5BR":1852600}},{"type":"Feature","id":161039,"geometry":{"type":"Polygon","coordinates":[[[-73.850042405123418,40.839102286831377],[-73.850679405881294,40.838583286588076],[-73.848782405648038,40.837279286492929],[-73.848159406032195,40.837804285870213],[-73.848492405219801,40.838034286119445],[-73.846480405358832,40.839817286842553],[-73.84779940528378,40.840705286593433],[-73.849841405281964,40.83896628667862],[-73.850042405123418,40.839102286831377]]]},"properties":{"OBJECTID":161039,"GEOID20":"360050202001","GEOID10":"360050202001","STATEFP":"36","COUNTYFP":"005","D1C":7.1491945463627662,"D1C5_RET":0,"D2B_E5MIXA":0,"D3A":36.105823527821343,"D3AAO":0,"D3B":152.54665355247016,"D4A":386.24000000000001,"D4C":84,"D4D":3843.4069881199998,"D5AR":781973,"D5BR":1097668}},{"type":"Feature","id":161040,"geometry":{"type":"Polygon","coordinates":[[[-73.853336407794373,40.842478286735997],[-73.853096407594848,40.841055287353299],[-73.85290140760118,40.84108028641451],[-73.852236407254225,40.840625287072868],[-73.850836405341809,40.84202728686121],[-73.851113406249567,40.84226228781025],[-73.851209406509014,40.842723287500228],[-73.853336407794373,40.842478286735997]]]},"properties":{"OBJECTID":161040,"GEOID20":"360050204001","GEOID10":"360050204001","STATEFP":"36","COUNTYFP":"005","D1C":2.3505211843268139,"D1C5_RET":0.65292255120189269,"D2B_E5MIXA":0.80865565445708021,"D3A":27.130336498568404,"D3AAO":0,"D3B":0,"D4A":173,"D4C":11.33,"D4D":946.89440065500003,"D5AR":758624,"D5BR":1674318}},{"type":"Feature","id":161041,"geometry":{"type":"Polygon","coordinates":[[[-73.852071407397787,40.835633285716291],[-73.851685405811764,40.834209285718359],[-73.849560405074584,40.834417286052428],[-73.847317404336607,40.836272286153999],[-73.848782405648038,40.837279286492929],[-73.85053640666446,40.835802285805705],[-73.852071407397787,40.835633285716291]]]},"properties":{"OBJECTID":161041,"GEOID20":"360050206011","GEOID10":"360050206011","STATEFP":"36","COUNTYFP":"005","D1C":10.109794180935653,"D1C5_RET":1.3318291735364334,"D2B_E5MIXA":0.96726055316265769,"D3A":31.818099980626005,"D3AAO":0,"D3B":155.01522976928783,"D4A":348.69,"D4C":48.670000000000002,"D4D":1885.6763891200001,"D5AR":795246,"D5BR":2000125}},{"type":"Feature","id":161083,"geometry":{"type":"Polygon","coordinates":[[[-73.906907424491465,40.857059288559562],[-73.907300425750179,40.856412286985936],[-73.905571425746416,40.855795287613653],[-73.904685425466525,40.857069288488077],[-73.906512424481249,40.857707288009649],[-73.906907424491465,40.857059288559562]]]},"properties":{"OBJECTID":161083,"GEOID20":"360050251002","GEOID10":"360050251002","STATEFP":"36","COUNTYFP":"005","D1C":1.3684438312194223,"D1C5_RET":0.15204931457993581,"D2B_E5MIXA":0.7139509316223277,"D3A":37.534094426054118,"D3AAO":0,"D3B":227.12518414692491,"D4A":181.05000000000001,"D4C":90,"D4D":8758.0405198000008,"D5AR":734559,"D5BR":2201361}},{"type":"Feature","id":161084,"geometry":{"type":"Polygon","coordinates":[[[-73.886437418890807,40.850317287796933],[-73.88311041660792,40.848281286459326],[-73.882884417550414,40.849082287085871],[-73.884479417659875,40.850052287314433],[-73.883821417883951,40.851507288552042],[-73.884716418384656,40.851767287607963],[-73.88545341870163,40.851048287890308],[-73.886437418890807,40.850317287796933]]]},"properties":{"OBJECTID":161084,"GEOID20":"360050393002","GEOID10":"360050393002","STATEFP":"36","COUNTYFP":"005","D1C":4.8851180871140185,"D1C5_RET":0.46972289299173259,"D2B_E5MIXA":0.76835431000261245,"D3A":35.741726385622222,"D3AAO":0,"D3B":140.33065372706608,"D4A":265.54000000000002,"D4C":42.329999999999998,"D4D":2545.0713677200001,"D5AR":665159,"D5BR":591885}},{"type":"Feature","id":161085,"geometry":{"type":"Polygon","coordinates":[[[-73.89173842139985,40.869519291458403],[-73.890547420623122,40.868814290808437],[-73.889893421045144,40.869530291484239],[-73.890977420793433,40.870167291283231],[-73.89173842139985,40.869519291458403]]]},"properties":{"OBJECTID":161085,"GEOID20":"360050403023","GEOID10":"360050403023","STATEFP":"36","COUNTYFP":"005","D1C":12.099005679515246,"D1C5_RET":1.7284293827878925,"D2B_E5MIXA":0.66894608893237784,"D3A":43.29483701450777,"D3AAO":0,"D3B":221.23896099685021,"D4A":179.71000000000001,"D4C":92,"D4D":20353.984411699999,"D5AR":597702,"D5BR":2665086}},{"type":"Feature","id":161086,"geometry":{"type":"Polygon","coordinates":[[[-73.890825418660839,40.820315281388829],[-73.889714418250051,40.819441280691819],[-73.889168417728783,40.818626281773533],[-73.88391441597372,40.819428281832877],[-73.883533416207214,40.819559281879982],[-73.882944416028252,40.819634281598454],[-73.883651416207996,40.821528282073025],[-73.884329416075431,40.822622282072743],[-73.884412416814413,40.822978282912459],[-73.886517417460126,40.822744282228186],[-73.88741141723763,40.822545282394039],[-73.889090417012667,40.821584281223679],[-73.890146418070188,40.820884281644069],[-73.890825418660839,40.820315281388829]]]},"properties":{"OBJECTID":161086,"GEOID20":"360050115021","GEOID10":"360050115021","STATEFP":"36","COUNTYFP":"005","D1C":12.824950342673858,"D1C5_RET":1.3013861231518482,"D2B_E5MIXA":0.70713220450732972,"D3A":52.412182076894467,"D3AAO":19.95248088306149,"D3B":143.11423813000087,"D4A":300.41000000000003,"D4C":81.670000000000002,"D4D":1031.0638521599999,"D5AR":791793,"D5BR":1366704}},{"type":"Feature","id":161089,"geometry":{"type":"Polygon","coordinates":[[[-73.86931141349487,40.868512291234197],[-73.86924841374568,40.867936291043861],[-73.867276413169364,40.867898291020232],[-73.867223414364219,40.869703291835336],[-73.868230414119608,40.869692291158927],[-73.868246414911454,40.869191291763094],[-73.868673413810413,40.869209291461289],[-73.868801413856914,40.869278292410144],[-73.86924841374568,40.869178292468668],[-73.86931141349487,40.868512291234197]]]},"properties":{"OBJECTID":161089,"GEOID20":"360050336003","GEOID10":"360050336003","STATEFP":"36","COUNTYFP":"005","D1C":11.088658579606319,"D1C5_RET":1.6632987869409479,"D2B_E5MIXA":0.61396137441269039,"D3A":7.3380780030120629,"D3AAO":0,"D3B":59.169082180779313,"D4A":189.09999999999999,"D4C":43,"D4D":3814.4985513800002,"D5AR":618913,"D5BR":3158346}},{"type":"Feature","id":161090,"geometry":{"type":"Polygon","coordinates":[[[-73.864632412573386,40.859617290789551],[-73.864672412756349,40.857914289904691],[-73.861792411260538,40.857991289272768],[-73.861757410202102,40.859653289950344],[-73.864632412573386,40.859617290789551]]]},"properties":{"OBJECTID":161090,"GEOID20":"360050328002","GEOID10":"360050328002","STATEFP":"36","COUNTYFP":"005","D1C":0.089120117966517753,"D1C5_RET":0,"D2B_E5MIXA":0,"D3A":14.281190520742697,"D3AAO":0,"D3B":0,"D4A":450.62,"D4C":71.329999999999998,"D4D":4068.4403293099999,"D5AR":634793,"D5BR":2568704}},{"type":"Feature","id":161091,"geometry":{"type":"Polygon","coordinates":[[[-73.917940426809821,40.826524281958882],[-73.918460427391821,40.825582281264175],[-73.91661542613879,40.825000281399795],[-73.914611425775405,40.826303281783552],[-73.917534427827263,40.827258281799132],[-73.917940426809821,40.826524281958882]]]},"properties":{"OBJECTID":161091,"GEOID20":"360050173003","GEOID10":"360050173003","STATEFP":"36","COUNTYFP":"005","D1C":23.468519799661351,"D1C5_RET":2.6585432585553872,"D2B_E5MIXA":0.42477392184990032,"D3A":31.589947544098326,"D3AAO":0,"D3B":58.671299499153371,"D4A":182.38999999999999,"D4C":53,"D4D":3109.5788734600001,"D5AR":897882,"D5BR":2190987}},{"type":"Feature","id":161092,"geometry":{"type":"Polygon","coordinates":[[[-73.889373420463144,40.873390292385196],[-73.887852420871852,40.872129291690136],[-73.887378420320616,40.872731291326389],[-73.886494419690536,40.874699293044273],[-73.888558421226676,40.875205292150945],[-73.889373420463144,40.873390292385196]]]},"properties":{"OBJECTID":161092,"GEOID20":"360050411003","GEOID10":"360050411003","STATEFP":"36","COUNTYFP":"005","D1C":12.828025024367513,"D1C5_RET":0.33981523243357653,"D2B_E5MIXA":0.64694167467266428,"D3A":34.810007596317227,"D3AAO":0,"D3B":108.74087437874448,"D4A":114,"D4C":150.66999999999999,"D4D":8191.9937713199997,"D5AR":568221,"D5BR":2586569}},{"type":"Feature","id":161093,"geometry":{"type":"Polygon","coordinates":[[[-73.850152407423224,40.862898291440423],[-73.850213407522588,40.861034290656519],[-73.848260406314537,40.860999290277476],[-73.848202407486539,40.862865290769939],[-73.847262406779976,40.8628482914269],[-73.847186407510307,40.86529129182486],[-73.84952640743434,40.865330291989721],[-73.850097408069956,40.864635292403236],[-73.850152407423224,40.862898291440423]]]},"properties":{"OBJECTID":161093,"GEOID20":"360050316001","GEOID10":"360050316001","STATEFP":"36","COUNTYFP":"005","D1C":1.2334359775455612,"D1C5_RET":0,"D2B_E5MIXA":0.27994941922604499,"D3A":32.544502430153443,"D3AAO":0,"D3B":175.43077679565349,"D4A":323.20999999999998,"D4C":24,"D4D":631.51922050300004,"D5AR":564628,"D5BR":2325260}},{"type":"Feature","id":161094,"geometry":{"type":"Polygon","coordinates":[[[-73.918415428084302,40.8483362858601],[-73.917645428155367,40.84773828639171],[-73.916143427932312,40.848886286190876],[-73.916052428594043,40.850051285720767],[-73.918415428084302,40.8483362858601]]]},"properties":{"OBJECTID":161094,"GEOID20":"360050215024","GEOID10":"360050215024","STATEFP":"36","COUNTYFP":"005","D1C":19.464803097424483,"D1C5_RET":12.526853478540508,"D2B_E5MIXA":0.56447977730599486,"D3A":43.039426586530681,"D3AAO":0,"D3B":246.80599444243262,"D4A":105.95,"D4C":63,"D4D":7770.5035731500002,"D5AR":721256,"D5BR":2212909}},{"type":"Feature","id":161095,"geometry":{"type":"Polygon","coordinates":[[[-73.910784426595256,40.852089286759806],[-73.910778426747484,40.851947286199874],[-73.909865426703433,40.851966286713484],[-73.909216426249998,40.85180928616802],[-73.907334425187045,40.853824288165278],[-73.908856426399879,40.85384128710637],[-73.909431426335146,40.853968288450652],[-73.910590426426523,40.852690286956104],[-73.910784426595256,40.852089286759806]]]},"properties":{"OBJECTID":161095,"GEOID20":"360050243001","GEOID10":"360050243001","STATEFP":"36","COUNTYFP":"005","D1C":25.81900464638808,"D1C5_RET":6.7445563157911721,"D2B_E5MIXA":0.79406681874106511,"D3A":30.771331631432876,"D3AAO":0,"D3B":89.972381252654245,"D4A":207.87,"D4C":106,"D4D":7149.22969474,"D5AR":733737,"D5BR":2199130}},{"type":"Feature","id":161096,"geometry":{"type":"Polygon","coordinates":[[[-73.910021426339028,40.850969286805793],[-73.910583426753803,40.850190286249166],[-73.906060424569631,40.849329286351512],[-73.906000425193497,40.849400286756826],[-73.906994426326733,40.8503792871158],[-73.90764942483132,40.850868287535619],[-73.909216426249998,40.85180928616802],[-73.910021426339028,40.850969286805793]]]},"properties":{"OBJECTID":161096,"GEOID20":"360050233011","GEOID10":"360050233011","STATEFP":"36","COUNTYFP":"005","D1C":19.873388448863967,"D1C5_RET":5.1619190776270045,"D2B_E5MIXA":0.78600453080485932,"D3A":29.071379458150769,"D3AAO":0,"D3B":146.846273920333,"D4A":84.489999999999995,"D4C":106.33,"D4D":5854.5797922600004,"D5AR":761517,"D5BR":2211357}},{"type":"Feature","id":161097,"geometry":{"type":"Polygon","coordinates":[[[-73.911263426271063,40.841227285597007],[-73.911516425991067,40.840611285192978],[-73.910095425060561,40.84020528375823],[-73.910537425824756,40.841722285037655],[-73.910455424910666,40.843125285746282],[-73.91096942654319,40.84314428539173],[-73.911065425006029,40.84204128436442],[-73.911263426271063,40.841227285597007]]]},"properties":{"OBJECTID":161097,"GEOID20":"360050225001","GEOID10":"360050225001","STATEFP":"36","COUNTYFP":"005","D1C":1.3030140778726818,"D1C5_RET":0.65150703893634088,"D2B_E5MIXA":0.62842080262525457,"D3A":55.856359998395689,"D3AAO":0,"D3B":231.69327656680116,"D4A":222.63,"D4C":92,"D4D":12786.9114842,"D5AR":601105,"D5BR":2185336}},{"type":"Feature","id":161098,"geometry":{"type":"Polygon","coordinates":[[[-73.830433400586614,40.843866288269865],[-73.829675399454928,40.840617287455288],[-73.827914398765813,40.841267288064273],[-73.826085399202938,40.841380288005901],[-73.826242398663453,40.843002288768211],[-73.826114398616937,40.845347288543557],[-73.827576399555326,40.844740288490961],[-73.830433400586614,40.843866288269865]]]},"properties":{"OBJECTID":161098,"GEOID20":"360050264001","GEOID10":"360050264001","STATEFP":"36","COUNTYFP":"005","D1C":2.3736487691850994,"D1C5_RET":0.15824325127900662,"D2B_E5MIXA":0.44759638370688376,"D3A":32.084800086734099,"D3AAO":0,"D3B":189.06144095209572,"D4A":262.86000000000001,"D4C":59,"D4D":1195.05303366,"D5AR":615869,"D5BR":1714133}},{"type":"Feature","id":161099,"geometry":{"type":"Polygon","coordinates":[[[-73.856823407215884,40.829673284504111],[-73.856492406779765,40.828233283421014],[-73.848291405378362,40.829352285059436],[-73.847262405881665,40.829321284408238],[-73.848750404064347,40.829659285068907],[-73.851225406402563,40.830422284641934],[-73.856823407215884,40.829673284504111]]]},"properties":{"OBJECTID":161099,"GEOID20":"360050078001","GEOID10":"360050078001","STATEFP":"36","COUNTYFP":"005","D1C":9.5367364686381197,"D1C5_RET":0.12174557194006111,"D2B_E5MIXA":0.10627713396452027,"D3A":34.655550164775093,"D3AAO":4.4910220460113113,"D3B":95.240749291563532,"D4A":262.86000000000001,"D4C":44.329999999999998,"D4D":1151.3559902100001,"D5AR":916541,"D5BR":2219225}},{"type":"Feature","id":161100,"geometry":{"type":"Polygon","coordinates":[[[-73.869546411874879,40.816103280941874],[-73.867081409582426,40.814449281329573],[-73.86521940950928,40.814537281886381],[-73.865706410479305,40.816631281605282],[-73.869546411874879,40.816103280941874]]]},"properties":{"OBJECTID":161100,"GEOID20":"360050020004","GEOID10":"360050020004","STATEFP":"36","COUNTYFP":"005","D1C":0,"D1C5_RET":0,"D2B_E5MIXA":0,"D3A":11.084367517727395,"D3AAO":0,"D3B":47.683865390027528,"D4A":292.36000000000001,"D4C":10,"D4D":476.8386539,"D5AR":685562,"D5BR":307819}},{"type":"Feature","id":161101,"geometry":{"type":"Polygon","coordinates":[[[-73.848159406032195,40.837804285870213],[-73.848782405648038,40.837279286492929],[-73.847317404336607,40.836272286153999],[-73.84458240440236,40.838544286987073],[-73.846480405358832,40.839817286842553],[-73.848492405219801,40.838034286119445],[-73.848159406032195,40.837804285870213]]]},"properties":{"OBJECTID":161101,"GEOID20":"360050202002","GEOID10":"360050202002","STATEFP":"36","COUNTYFP":"005","D1C":16.377183919727308,"D1C5_RET":0.7713890976683152,"D2B_E5MIXA":0.67515553399475181,"D3A":34.098292236011929,"D3AAO":0,"D3B":177.27233515892652,"D4A":282.98000000000002,"D4C":84,"D4D":3189.99060697,"D5AR":790131,"D5BR":1036342}},{"type":"Feature","id":161102,"geometry":{"type":"Polygon","coordinates":[[[-73.889941418929098,40.852599287515183],[-73.88988041972803,40.852078288593482],[-73.888783419560951,40.851349288062863],[-73.888033418825174,40.851005288627704],[-73.887231419109199,40.852496287616397],[-73.889608419741478,40.853246288277383],[-73.889941418929098,40.852599287515183]]]},"properties":{"OBJECTID":161102,"GEOID20":"360050391003","GEOID10":"360050391003","STATEFP":"36","COUNTYFP":"005","D1C":6.6222501933853248,"D1C5_RET":4.1232878562587869,"D2B_E5MIXA":0.54364203393679245,"D3A":36.662069500049121,"D3AAO":0,"D3B":160.01355637088645,"D4A":147.52000000000001,"D4C":35,"D4D":2798.8378175799999,"D5AR":635301,"D5BR":810464}},{"type":"Feature","id":161103,"geometry":{"type":"Polygon","coordinates":[[[-73.881459418218611,40.881092294331019],[-73.881757419042742,40.880130293178787],[-73.87803641747287,40.879415294177804],[-73.877687418391716,40.879002293536587],[-73.877147417718234,40.879172292846249],[-73.876782416946952,40.880267293518209],[-73.879354418471195,40.881515293790301],[-73.88045741848606,40.882228293022102],[-73.881373418903195,40.881371293627602],[-73.881459418218611,40.881092294331019]]]},"properties":{"OBJECTID":161103,"GEOID20":"360050421001","GEOID10":"360050421001","STATEFP":"36","COUNTYFP":"005","D1C":751.79089474183036,"D1C5_RET":0,"D2B_E5MIXA":0.010765659720390522,"D3A":22.91968633466983,"D3AAO":0,"D3B":161.51232085855838,"D4A":148.86000000000001,"D4C":102.67,"D4D":3552.3714615600002,"D5AR":522034,"D5BR":2791497}},{"type":"Feature","id":161104,"geometry":{"type":"Polygon","coordinates":[[[-73.886964417348878,40.835104284296342],[-73.886112418302503,40.834814284774147],[-73.885108418021815,40.836483284732047],[-73.885965417989397,40.836777284810154],[-73.886964417348878,40.835104284296342]]]},"properties":{"OBJECTID":161104,"GEOID20":"360050161003","GEOID10":"360050161003","STATEFP":"36","COUNTYFP":"005","D1C":0,"D1C5_RET":0,"D2B_E5MIXA":0,"D3A":46.624936767174681,"D3AAO":0,"D3B":160.74253809905824,"D4A":199.83000000000001,"D4C":71.670000000000002,"D4D":11520.417705600001,"D5AR":811191,"D5BR":1962848}},{"type":"Feature","id":161105,"geometry":{"type":"Polygon","coordinates":[[[-73.862417413221138,40.884289295230225],[-73.862804412835445,40.883582294838021],[-73.859942411781276,40.882673294490829],[-73.858761411948578,40.884785294563144],[-73.861641413444417,40.885701295017242],[-73.862417413221138,40.884289295230225]]]},"properties":{"OBJECTID":161105,"GEOID20":"360050396003","GEOID10":"360050396003","STATEFP":"36","COUNTYFP":"005","D1C":2.3030159964157799,"D1C5_RET":0.12121136823240947,"D2B_E5MIXA":0.81560091286690695,"D3A":21.70848039623192,"D3AAO":0,"D3B":77.575275668742051,"D4A":257.5,"D4C":42.329999999999998,"D4D":1641.8807095300001,"D5AR":493702,"D5BR":3224287}},{"type":"Feature","id":161106,"geometry":{"type":"Polygon","coordinates":[[[-73.87172241266569,40.838204285258819],[-73.871666412589207,40.837940285008855],[-73.870043412890652,40.837981285119234],[-73.869995412311752,40.835658285463097],[-73.869034411688801,40.835494285239406],[-73.866807410844345,40.834845284896112],[-73.865980411014021,40.835213284754289],[-73.869077411346524,40.83611128470644],[-73.869209412489298,40.839608286068632],[-73.869427412947502,40.839525285402907],[-73.870262413173776,40.839602285753784],[-73.870112412487615,40.83942228557035],[-73.870096413492419,40.839254285592496],[-73.870674412004092,40.839014285565071],[-73.87172241266569,40.838204285258819]]]},"properties":{"OBJECTID":161106,"GEOID20":"360050218004","GEOID10":"360050218004","STATEFP":"36","COUNTYFP":"005","D1C":1.9516828766181802,"D1C5_RET":0.26022438354909067,"D2B_E5MIXA":0.39001520490331576,"D3A":60.887460515421537,"D3AAO":23.44389934573957,"D3B":138.81409516042692,"D4A":249.44999999999999,"D4C":133.33000000000001,"D4D":5551.3147293800002,"D5AR":709291,"D5BR":2922464}},{"type":"Feature","id":161107,"geometry":{"type":"Polygon","coordinates":[[[-73.860940409519202,40.836482284972284],[-73.861116409246293,40.835528285045584],[-73.860014409056348,40.835482285903332],[-73.859650409008253,40.836089285107306],[-73.859466409783565,40.836885286161944],[-73.859545409426289,40.837081286529596],[-73.860526410140722,40.837432286461144],[-73.860940409519202,40.836482284972284]]]},"properties":{"OBJECTID":161107,"GEOID20":"360050212001","GEOID10":"360050212001","STATEFP":"36","COUNTYFP":"005","D1C":23.014536418668428,"D1C5_RET":10.270950137256984,"D2B_E5MIXA":0.77011298160841701,"D3A":40.300411432235229,"D3AAO":0,"D3B":365.31106799298618,"D4A":105.95,"D4C":98.670000000000002,"D4D":12011.0773338,"D5AR":792978,"D5BR":2008721}},{"type":"Feature","id":161108,"geometry":{"type":"Polygon","coordinates":[[[-73.924137430542814,40.842474284660611],[-73.9248494298471,40.841503285275664],[-73.923197429836236,40.840796284019291],[-73.922423430607665,40.841845285070725],[-73.922803429650941,40.842783284401079],[-73.922922429476642,40.843335285280517],[-73.922899429910416,40.844019285266349],[-73.922686429475078,40.844576284913124],[-73.923058429919067,40.844579285185262],[-73.923541429792834,40.84446528494221],[-73.923816430152428,40.842894283791182],[-73.924137430542814,40.842474284660611]]]},"properties":{"OBJECTID":161108,"GEOID20":"360050211002","GEOID10":"360050211002","STATEFP":"36","COUNTYFP":"005","D1C":3.5455803325394046,"D1C5_RET":0.38330598189615184,"D2B_E5MIXA":0.3395324653574987,"D3A":44.222330684710101,"D3AAO":2.8293627311488114,"D3B":122.6579142067686,"D4A":61.689999999999998,"D4C":61.329999999999998,"D4D":3761.3049391499999,"D5AR":954776,"D5BR":2555511}},{"type":"Feature","id":161109,"geometry":{"type":"Polygon","coordinates":[[[-73.919185428911547,40.846106285791329],[-73.919307428211951,40.845318285790334],[-73.918426428853252,40.84531628517815],[-73.918479428556694,40.845125284882478],[-73.917911428294133,40.845159285185282],[-73.917403428306017,40.845044284950191],[-73.917158428981963,40.845426285457997],[-73.917195428791871,40.846084285432092],[-73.917422428572593,40.846352285666235],[-73.919185428911547,40.846106285791329]]]},"properties":{"OBJECTID":161109,"GEOID20":"360050213011","GEOID10":"360050213011","STATEFP":"36","COUNTYFP":"005","D1C":0,"D1C5_RET":0,"D2B_E5MIXA":0,"D3A":49.056312755945974,"D3AAO":7.5390396673028546,"D3B":0,"D4A":104.61,"D4C":83,"D4D":10880.887526500001,"D5AR":930557,"D5BR":2238675}},{"type":"Feature","id":161110,"geometry":{"type":"Polygon","coordinates":[[[-73.922899429910416,40.844019285266349],[-73.922922429476642,40.843335285280517],[-73.922803429650941,40.842783284401079],[-73.922423430607665,40.841845285070725],[-73.92098842943345,40.844073285161279],[-73.919183428363397,40.843315284673984],[-73.918550428701806,40.844178285208621],[-73.918479428556694,40.845125284882478],[-73.91889742903146,40.844951285258219],[-73.919811429798742,40.844773285279217],[-73.922686429475078,40.844576284913124],[-73.922899429910416,40.844019285266349]]]},"properties":{"OBJECTID":161110,"GEOID20":"360050213022","GEOID10":"360050213022","STATEFP":"36","COUNTYFP":"005","D1C":8.2584991994574821,"D1C5_RET":0,"D2B_E5MIXA":0.40451499027868193,"D3A":29.455436540478487,"D3AAO":8.0531099353289406,"D3B":89.583720129708269,"D4A":347.35000000000002,"D4C":84,"D4D":3762.51624545,"D5AR":900723,"D5BR":1347178}},{"type":"Feature","id":161111,"geometry":{"type":"Polygon","coordinates":[[[-73.916143427932312,40.848886286190876],[-73.916175428617677,40.848297285202484],[-73.914427427449027,40.847972285851419],[-73.91287642682218,40.850133285882016],[-73.914157427112286,40.849976285749641],[-73.914899426553816,40.850216286853396],[-73.915453428369318,40.850502286710665],[-73.916052428594043,40.850051285720767],[-73.916143427932312,40.848886286190876]]]},"properties":{"OBJECTID":161111,"GEOID20":"360050215021","GEOID10":"360050215021","STATEFP":"36","COUNTYFP":"005","D1C":15.892913951570844,"D1C5_RET":0,"D2B_E5MIXA":0.036605595161996525,"D3A":31.311857948769383,"D3AAO":0,"D3B":162.36471410609056,"D4A":160.93000000000001,"D4C":63.670000000000002,"D4D":3444.77219165,"D5AR":915024,"D5BR":2237042}},{"type":"Feature","id":161112,"geometry":{"type":"Polygon","coordinates":[[[-73.919220428173332,40.84649028483166],[-73.919706429318438,40.846120285830807],[-73.919185428911547,40.846106285791329],[-73.917029427313878,40.846406285019334],[-73.916331427354976,40.847264286051754],[-73.916225427948078,40.84756728629015],[-73.916143427932312,40.848886286190876],[-73.919220428173332,40.84649028483166]]]},"properties":{"OBJECTID":161112,"GEOID20":"360050215023","GEOID10":"360050215023","STATEFP":"36","COUNTYFP":"005","D1C":12.345088775777949,"D1C5_RET":5.3869478294303779,"D2B_E5MIXA":0.87372979321783295,"D3A":16.546499496447417,"D3AAO":0,"D3B":47.907922696400817,"D4A":203.84999999999999,"D4C":88.670000000000002,"D4D":6368.8088538100001,"D5AR":891389,"D5BR":2212888}},{"type":"Feature","id":161113,"geometry":{"type":"Polygon","coordinates":[[[-73.866683411894115,40.839244285693653],[-73.866386411793187,40.837595285545703],[-73.863556410526073,40.837873286232686],[-73.863939410840715,40.840053285818612],[-73.866683411894115,40.839244285693653]]]},"properties":{"OBJECTID":161113,"GEOID20":"360050216011","GEOID10":"360050216011","STATEFP":"36","COUNTYFP":"005","D1C":22.069120610968422,"D1C5_RET":1.7999637377740203,"D2B_E5MIXA":0.36163918423920882,"D3A":40.034189340000388,"D3AAO":0,"D3B":100.17189497177156,"D4A":257.5,"D4C":44.670000000000002,"D4D":2237.3392741900002,"D5AR":650066,"D5BR":2026965}},{"type":"Feature","id":161114,"geometry":{"type":"Polygon","coordinates":[[[-73.867407412690625,40.84031328700064],[-73.867265411502075,40.837511285333676],[-73.866386411793187,40.837595285545703],[-73.866683411894115,40.839244285693653],[-73.86724941160854,40.840352286920087],[-73.867407412690625,40.84031328700064]]]},"properties":{"OBJECTID":161114,"GEOID20":"360050218001","GEOID10":"360050218001","STATEFP":"36","COUNTYFP":"005","D1C":1.6725873471108814,"D1C5_RET":0.71682314876180631,"D2B_E5MIXA":0.67041555287194932,"D3A":30.310237022555988,"D3AAO":0,"D3B":101.99915524781329,"D4A":292.36000000000001,"D4C":41,"D4D":6269.8131411699997,"D5AR":662993,"D5BR":2379357}},{"type":"Feature","id":161115,"geometry":{"type":"Polygon","coordinates":[[[-73.869209412489298,40.839608286068632],[-73.869077411346524,40.83611128470644],[-73.866889410860111,40.835481286128463],[-73.867265411502075,40.837511285333676],[-73.867407412690625,40.84031328700064],[-73.869209412489298,40.839608286068632]]]},"properties":{"OBJECTID":161115,"GEOID20":"360050218003","GEOID10":"360050218003","STATEFP":"36","COUNTYFP":"005","D1C":4.422770877202602,"D1C5_RET":1.7472675070430033,"D2B_E5MIXA":0.74968838932671977,"D3A":30.359677577915189,"D3AAO":0,"D3B":128.17954431667471,"D4A":281.63999999999999,"D4C":65.670000000000002,"D4D":2294.8611437499999,"D5AR":690856,"D5BR":2378883}},{"type":"Feature","id":161116,"geometry":{"type":"Polygon","coordinates":[[[-73.876938414785926,40.836145285555503],[-73.876624414966571,40.836222285754772],[-73.876126414125878,40.836191284237721],[-73.869995412311752,40.835658285463097],[-73.870043412890652,40.837981285119234],[-73.871666412589207,40.837940285008855],[-73.87172241266569,40.838204285258819],[-73.870674412004092,40.839014285565071],[-73.870096413492419,40.839254285592496],[-73.870200412351167,40.839550285720797],[-73.870719413108262,40.839667285397844],[-73.872701413730312,40.839760285708323],[-73.872821413380919,40.839247285527534],[-73.872945414127784,40.839259285541317],[-73.873230412736518,40.838164285700437],[-73.873674413150539,40.837550284862779],[-73.874189413709658,40.837262285341907],[-73.874910414133112,40.837368285731152],[-73.874623414077917,40.837077286167293],[-73.87465341331685,40.836951284824735],[-73.875030413783705,40.836758285378551],[-73.876400414660594,40.836463285456134],[-73.876938414785926,40.836145285555503]]]},"properties":{"OBJECTID":161116,"GEOID20":"360050218005","GEOID10":"360050218005","STATEFP":"36","COUNTYFP":"005","D1C":43.787283138804483,"D1C5_RET":2.609005384437022,"D2B_E5MIXA":0.18492395982676879,"D3A":54.534328373846115,"D3AAO":39.122967692584638,"D3B":60.373013271868942,"D4A":379.54000000000002,"D4C":97,"D4D":1951.4102923600001,"D5AR":730978,"D5BR":2377730}},{"type":"Feature","id":161117,"geometry":{"type":"Polygon","coordinates":[[[-73.922331428749516,40.8366192831826],[-73.922373428582318,40.83611728329835],[-73.919018427608648,40.838389284006823],[-73.9161854277651,40.842343285026402],[-73.91795042865219,40.842237284437708],[-73.917956428499963,40.843110284734763],[-73.919784429136243,40.840884284279028],[-73.921358429329317,40.840197284769573],[-73.921299428879763,40.83996228397465],[-73.921436429147121,40.839249283604389],[-73.922277429221168,40.837851284499713],[-73.922331428749516,40.8366192831826]]]},"properties":{"OBJECTID":161117,"GEOID20":"360050219001","GEOID10":"360050219001","STATEFP":"36","COUNTYFP":"005","D1C":25.141401342469859,"D1C5_RET":1.1324955559671106,"D2B_E5MIXA":0.29535069387236573,"D3A":35.667717397728666,"D3AAO":0,"D3B":229.57949910565267,"D4A":131.43000000000001,"D4C":109.33,"D4D":1981.05182614,"D5AR":747094,"D5BR":2175375}},{"type":"Feature","id":161118,"geometry":{"type":"Polygon","coordinates":[[[-73.878365415564204,40.840005286325322],[-73.873562413895854,40.839802285761898],[-73.872254412943249,40.841609285679027],[-73.870996413117695,40.843120286768666],[-73.868893412121807,40.844418286924949],[-73.868020412260705,40.844849286695478],[-73.868284412749674,40.844975287295647],[-73.868638412751991,40.845318287149418],[-73.868743411435659,40.845618287905978],[-73.868678412934969,40.846354287606211],[-73.868928413180228,40.846890288204612],[-73.868356412719692,40.847088287407729],[-73.867856412229187,40.848897287605119],[-73.868375412087943,40.848978287584586],[-73.869210412314217,40.849247288592871],[-73.869470413503521,40.848448287760448],[-73.871651413418903,40.844248286733389],[-73.874592414115781,40.84152928521079],[-73.876086414841211,40.842073286898561],[-73.876857414595065,40.842238286149474],[-73.878365415564204,40.840005286325322]]]},"properties":{"OBJECTID":161118,"GEOID20":"360050220001","GEOID10":"360050220001","STATEFP":"36","COUNTYFP":"005","D1C":4.4299065097955586,"D1C5_RET":0.28765626686984147,"D2B_E5MIXA":0.71402134427523978,"D3A":22.612422740739458,"D3AAO":4.9889533726377104,"D3B":128.05864333575315,"D4A":104.61,"D4C":110,"D4D":1242.5201346900001,"D5AR":761464,"D5BR":2894663}},{"type":"Feature","id":161119,"geometry":{"type":"Polygon","coordinates":[[[-73.916010426964618,40.84098428344376],[-73.916784427989825,40.839889284914427],[-73.915941427367642,40.839560283534652],[-73.914473427479777,40.84162828439991],[-73.915297427835398,40.841970284909145],[-73.916010426964618,40.84098428344376]]]},"properties":{"OBJECTID":161119,"GEOID20":"360050223002","GEOID10":"360050223002","STATEFP":"36","COUNTYFP":"005","D1C":23.649338311867975,"D1C5_RET":6.0092580956385833,"D2B_E5MIXA":0.61474875477824009,"D3A":44.577524791147766,"D3AAO":0,"D3B":372.18630785890582,"D4A":252.13,"D4C":86,"D4D":10669.3408253,"D5AR":701862,"D5BR":2177324}},{"type":"Feature","id":161120,"geometry":{"type":"Polygon","coordinates":[[[-73.867732413278929,40.853669288985202],[-73.867771412738676,40.852422288573173],[-73.8667584131355,40.852401288471548],[-73.866695411589674,40.854485288826069],[-73.8677044118932,40.854501288109631],[-73.867732413278929,40.853669288985202]]]},"properties":{"OBJECTID":161120,"GEOID20":"360050224041","GEOID10":"360050224041","STATEFP":"36","COUNTYFP":"005","D1C":35.708334325231512,"D1C5_RET":20.727251533611394,"D2B_E5MIXA":0.62356071620384368,"D3A":43.893947989240928,"D3AAO":0,"D3B":262.68199963388696,"D4A":226.65000000000001,"D4C":70.329999999999998,"D4D":9237.2125171299995,"D5AR":668858,"D5BR":2641135}},{"type":"Feature","id":161121,"geometry":{"type":"Polygon","coordinates":[[[-73.867771412738676,40.852422288573173],[-73.867802411802501,40.851597287922544],[-73.866143411220634,40.850544288111109],[-73.864894412514204,40.851539288553617],[-73.864881411197089,40.852366288966799],[-73.867771412738676,40.852422288573173]]]},"properties":{"OBJECTID":161121,"GEOID20":"360050224043","GEOID10":"360050224043","STATEFP":"36","COUNTYFP":"005","D1C":2.1177103908213351,"D1C5_RET":0.22291688324435108,"D2B_E5MIXA":0.69490512552275696,"D3A":28.1477913699235,"D3AAO":0,"D3B":0,"D4A":256.14999999999998,"D4C":44,"D4D":3138.6697160799999,"D5AR":648407,"D5BR":2641000}},{"type":"Feature","id":161122,"geometry":{"type":"Polygon","coordinates":[[[-73.913717426896241,40.838818283436886],[-73.913756426355988,40.838751284868479],[-73.911391424520957,40.837874284612191],[-73.910095425060561,40.84020528375823],[-73.911516425991067,40.840611285192978],[-73.912080426055681,40.839461284654831],[-73.913138426763027,40.839822284710088],[-73.913717426896241,40.838818283436886]]]},"properties":{"OBJECTID":161122,"GEOID20":"360050225004","GEOID10":"360050225004","STATEFP":"36","COUNTYFP":"005","D1C":23.7899512974342,"D1C5_RET":0.25672609313777917,"D2B_E5MIXA":0.10763461523494638,"D3A":40.376140403828913,"D3AAO":0,"D3B":182.59728949788922,"D4A":67.060000000000002,"D4C":104,"D4D":5695.89625308,"D5AR":673744,"D5BR":2176447}},{"type":"Feature","id":161123,"geometry":{"type":"Polygon","coordinates":[[[-73.911974425750458,40.848238286080623],[-73.912365426461037,40.84769128525933],[-73.910648426152832,40.846988286579986],[-73.909750425279057,40.848264286771226],[-73.911681425847505,40.848647285961853],[-73.911974425750458,40.848238286080623]]]},"properties":{"OBJECTID":161123,"GEOID20":"360050227011","GEOID10":"360050227011","STATEFP":"36","COUNTYFP":"005","D1C":30.139617396832485,"D1C5_RET":7.5349043492081211,"D2B_E5MIXA":0.68415190392002356,"D3A":25.148790767746814,"D3AAO":0,"D3B":112.14741356960924,"D4A":158.25,"D4C":102.33,"D4D":11476.0448306,"D5AR":733106,"D5BR":2198916}},{"type":"Feature","id":161124,"geometry":{"type":"Polygon","coordinates":[[[-73.858603410866536,40.867742292196368],[-73.858674410113323,40.865503291764796],[-73.855782409820236,40.865448291669324],[-73.855708409302068,40.867686291954172],[-73.858603410866536,40.867742292196368]]]},"properties":{"OBJECTID":161124,"GEOID20":"360050344001","GEOID10":"360050344001","STATEFP":"36","COUNTYFP":"005","D1C":3.8701201038393265,"D1C5_RET":0.13345241737376987,"D2B_E5MIXA":0.78548499283414142,"D3A":33.901418089589853,"D3AAO":0,"D3B":128.11432067881907,"D4A":356.74000000000001,"D4C":23,"D4D":982.20979187099999,"D5AR":545845,"D5BR":2555813}},{"type":"Feature","id":161125,"geometry":{"type":"Polygon","coordinates":[[[-73.844166408069,40.896904298490625],[-73.842789406621137,40.893102298128085],[-73.841035406503025,40.893490298055646],[-73.842481407547865,40.897275297838945],[-73.844166408069,40.896904298490625]]]},"properties":{"OBJECTID":161125,"GEOID20":"360050448002","GEOID10":"360050448002","STATEFP":"36","COUNTYFP":"005","D1C":0.60450879169174732,"D1C5_RET":0.30225439584587366,"D2B_E5MIXA":0.58613531161467858,"D3A":25.516167302544659,"D3AAO":0,"D3B":154.75425067308731,"D4A":321.87,"D4C":13,"D4D":502.95131468800002,"D5AR":474561,"D5BR":198444}},{"type":"Feature","id":161130,"geometry":{"type":"Polygon","coordinates":[[[-73.876403413237,40.828985283809509],[-73.875286413876736,40.824216282462217],[-73.872507411764943,40.824599283299648],[-73.872724412398213,40.826827283204516],[-73.874876413797921,40.826536283595971],[-73.875508413634591,40.829242284612732],[-73.876403413237,40.828985283809509]]]},"properties":{"OBJECTID":161130,"GEOID20":"360050048002","GEOID10":"360050048002","STATEFP":"36","COUNTYFP":"005","D1C":10.398839058481927,"D1C5_RET":1.5598258587722891,"D2B_E5MIXA":0.67346474058996486,"D3A":35.359931495983808,"D3AAO":17.556761426827908,"D3B":0,"D4A":199.83000000000001,"D4C":59.670000000000002,"D4D":1805.0872047099999,"D5AR":862452,"D5BR":1067389}},{"type":"Feature","id":161131,"geometry":{"type":"Polygon","coordinates":[[[-73.888244420509011,40.875900292196157],[-73.888558421226676,40.875205292150945],[-73.886494419690536,40.874699293044273],[-73.886182420419317,40.875392291905221],[-73.887291420281969,40.875657291545856],[-73.886576419706302,40.877249292572053],[-73.887737421244125,40.877042292015958],[-73.888244420509011,40.875900292196157]]]},"properties":{"OBJECTID":161131,"GEOID20":"360050411002","GEOID10":"360050411002","STATEFP":"36","COUNTYFP":"005","D1C":38.299608985196478,"D1C5_RET":5.6951091427801455,"D2B_E5MIXA":0.71781599988891354,"D3A":40.51808795778885,"D3AAO":0,"D3B":91.121746284482327,"D4A":100.58,"D4C":146.66999999999999,"D4D":13364.826527499999,"D5AR":633140,"D5BR":2581498}},{"type":"Feature","id":161132,"geometry":{"type":"Polygon","coordinates":[[[-73.844445405931637,40.862794291206868],[-73.84450540620611,40.860929291502018],[-73.843199405801641,40.860905291167214],[-73.842964404726672,40.859191291081963],[-73.843296404987697,40.858298290495974],[-73.840973403883794,40.85795729079814],[-73.840824404819188,40.862727291061347],[-73.844445405931637,40.862794291206868]]]},"properties":{"OBJECTID":161132,"GEOID20":"360050312002","GEOID10":"360050312002","STATEFP":"36","COUNTYFP":"005","D1C":9.8450936303710801,"D1C5_RET":1.4258411464675358,"D2B_E5MIXA":0.55562803533783445,"D3A":23.231561427885651,"D3AAO":0,"D3B":108.63551592133605,"D4A":159.59,"D4C":38,"D4D":825.62992100199995,"D5AR":563327,"D5BR":726233}},{"type":"Feature","id":161133,"geometry":{"type":"Polygon","coordinates":[[[-73.907561425866092,40.844743286037428],[-73.907663424176704,40.843695284972739],[-73.905861424378017,40.84360728572689],[-73.904938423389879,40.843383285080655],[-73.904852424074477,40.844734285242879],[-73.907549424373883,40.844916285895657],[-73.907561425866092,40.844743286037428]]]},"properties":{"OBJECTID":161133,"GEOID20":"360050229022","GEOID10":"360050229022","STATEFP":"36","COUNTYFP":"005","D1C":9.5237365942950643,"D1C5_RET":6.6923554446397748,"D2B_E5MIXA":0.46570123421922976,"D3A":38.953090700604996,"D3AAO":2.5180582522499373,"D3B":164.73490325267136,"D4A":324.55000000000001,"D4C":65.329999999999998,"D4D":5381.0656147500003,"D5AR":703141,"D5BR":2211228}},{"type":"Feature","id":161134,"geometry":{"type":"Polygon","coordinates":[[[-73.92352942919895,40.835780282705763],[-73.92396842959009,40.835090283968874],[-73.922373428582318,40.83611728329835],[-73.922217428946695,40.83799428373991],[-73.923232429996347,40.838168283958268],[-73.923352429646954,40.836501283123766],[-73.92352942919895,40.835780282705763]]]},"properties":{"OBJECTID":161134,"GEOID20":"360050199001","GEOID10":"360050199001","STATEFP":"36","COUNTYFP":"005","D1C":22.986087844469164,"D1C5_RET":7.4878922523649551,"D2B_E5MIXA":0.76612908068419694,"D3A":34.332570356078023,"D3AAO":0,"D3B":148.67122998556056,"D4A":181.05000000000001,"D4C":57,"D4D":6352.5188224699996,"D5AR":931345,"D5BR":2176128}},{"type":"Feature","id":161135,"geometry":{"type":"Polygon","coordinates":[[[-73.921496428523255,40.840357284067672],[-73.921358429329317,40.840197284769573],[-73.919784429136243,40.840884284279028],[-73.917565428687723,40.843595285141099],[-73.917433427544935,40.843971284567722],[-73.917515427560687,40.844548285537961],[-73.917403428306017,40.845044284950191],[-73.917911428294133,40.845159285185282],[-73.918479428556694,40.845125284882478],[-73.918483428754655,40.844506285093914],[-73.918612428626105,40.844065285280315],[-73.921496428523255,40.840357284067672]]]},"properties":{"OBJECTID":161135,"GEOID20":"360050213021","GEOID10":"360050213021","STATEFP":"36","COUNTYFP":"005","D1C":10.953089523530467,"D1C5_RET":4.2184196137921388,"D2B_E5MIXA":0.65223592942061825,"D3A":35.556460538174122,"D3AAO":2.5854599797339959,"D3B":126.36905015688339,"D4A":496.20999999999998,"D4C":84,"D4D":3978.6357620600002,"D5AR":841260,"D5BR":1646411}},{"type":"Feature","id":161136,"geometry":{"type":"Polygon","coordinates":[[[-73.910725425247392,40.839006285073474],[-73.911391424520957,40.837874284612191],[-73.909459425025929,40.837065283719539],[-73.90891142485485,40.838384283992312],[-73.910725425247392,40.839006285073474]]]},"properties":{"OBJECTID":161136,"GEOID20":"360050225003","GEOID10":"360050225003","STATEFP":"36","COUNTYFP":"005","D1C":7.6762390464181083,"D1C5_RET":1.5665793972281854,"D2B_E5MIXA":0.31440104960752774,"D3A":24.559321515897462,"D3AAO":0,"D3B":0,"D4A":167.63999999999999,"D4C":82.670000000000002,"D4D":8288.5836012100008,"D5AR":681032,"D5BR":2185767}},{"type":"Feature","id":161137,"geometry":{"type":"Polygon","coordinates":[[[-73.919659426767822,40.813528279291702],[-73.920120427798608,40.8129022787395],[-73.916839425546442,40.811664278790076],[-73.91484842470355,40.811002278595765],[-73.914475425332981,40.81165927947989],[-73.916471425300429,40.812319278990103],[-73.919659426767822,40.813528279291702]]]},"properties":{"OBJECTID":161137,"GEOID20":"360050043003","GEOID10":"360050043003","STATEFP":"36","COUNTYFP":"005","D1C":19.977428643448917,"D1C5_RET":1.673501875891009,"D2B_E5MIXA":0.17887048574602518,"D3A":31.367156423099342,"D3AAO":0,"D3B":89.298030209460038,"D4A":317.85000000000002,"D4C":106.33,"D4D":7117.7357962300002,"D5AR":996895,"D5BR":1613899}},{"type":"Feature","id":161138,"geometry":{"type":"Polygon","coordinates":[[[-73.918805426274986,40.80827027786561],[-73.919225426399564,40.807566278438912],[-73.917480425603969,40.806831278058979],[-73.916185425070168,40.808798278313702],[-73.918050426414666,40.809583278790655],[-73.918805426274986,40.80827027786561]]]},"properties":{"OBJECTID":161138,"GEOID20":"360050039001","GEOID10":"360050039001","STATEFP":"36","COUNTYFP":"005","D1C":18.768768235031391,"D1C5_RET":10.901052257720252,"D2B_E5MIXA":0.62071247266712792,"D3A":26.762662445036025,"D3AAO":0,"D3B":101.13143158883985,"D4A":238.72,"D4C":54.329999999999998,"D4D":3296.02320229,"D5AR":1003328,"D5BR":1774745}},{"type":"Feature","id":161139,"geometry":{"type":"Polygon","coordinates":[[[-73.911382424300115,40.817381280205957],[-73.911943423991701,40.816055279746088],[-73.909911424039223,40.815944278929884],[-73.908751424122954,40.818767281634599],[-73.910613424196114,40.819232280267293],[-73.911382424300115,40.817381280205957]]]},"properties":{"OBJECTID":161139,"GEOID20":"360050075001","GEOID10":"360050075001","STATEFP":"36","COUNTYFP":"005","D1C":29.92427148125833,"D1C5_RET":0.48713930318327514,"D2B_E5MIXA":0.61304238997045468,"D3A":30.192092326729913,"D3AAO":0,"D3B":103.95274364614986,"D4A":339.30000000000001,"D4C":87,"D4D":3874.8452001800001,"D5AR":835566,"D5BR":1519041}},{"type":"Feature","id":161140,"geometry":{"type":"Polygon","coordinates":[[[-73.902103424794831,40.848327286233094],[-73.90166242295723,40.847754285945499],[-73.900964422998328,40.847705286323041],[-73.899672421939243,40.847446285872202],[-73.895610421684154,40.854579287534307],[-73.896441422610778,40.854916287669255],[-73.900098422809918,40.84921728661979],[-73.900885423355604,40.849418287077221],[-73.90095042365293,40.84843328659472],[-73.9014904234281,40.848117286887906],[-73.901941423514813,40.848207286785822],[-73.902103424794831,40.848327286233094]]]},"properties":{"OBJECTID":161140,"GEOID20":"360050379001","GEOID10":"360050379001","STATEFP":"36","COUNTYFP":"005","D1C":17.05283717618326,"D1C5_RET":6.1972505835397698,"D2B_E5MIXA":0.63999491682438114,"D3A":30.442931916454729,"D3AAO":0,"D3B":159.64315060453106,"D4A":116.68000000000001,"D4C":100.67,"D4D":2678.0996452899999,"D5AR":727586,"D5BR":2271402}},{"type":"Feature","id":161141,"geometry":{"type":"Polygon","coordinates":[[[-73.905591424939573,40.839924284892803],[-73.905608423759702,40.839852284820068],[-73.902648422796247,40.838882284805791],[-73.901745422797916,40.838468284457377],[-73.900916422419428,40.83994328545586],[-73.899032421706664,40.839339285351343],[-73.898271421998558,40.840688284961914],[-73.902293423867306,40.841989285565248],[-73.901959423058159,40.842564284746899],[-73.904938423389879,40.843383285080655],[-73.905165424967223,40.840875284999179],[-73.905591424939573,40.839924284892803]]]},"properties":{"OBJECTID":161141,"GEOID20":"360050167002","GEOID10":"360050167002","STATEFP":"36","COUNTYFP":"005","D1C":28.355815275652468,"D1C5_RET":2.2392372827821982,"D2B_E5MIXA":0.80787590647718543,"D3A":28.814178077847185,"D3AAO":0,"D3B":139.79439337363758,"D4A":232.00999999999999,"D4C":51,"D4D":763.65831855800002,"D5AR":944219,"D5BR":651096}},{"type":"Feature","id":161142,"geometry":{"type":"Polygon","coordinates":[[[-73.886747418512201,40.845212286561946],[-73.88723441858393,40.844644286744234],[-73.885455418351455,40.843775286224435],[-73.885193418410637,40.845203286510667],[-73.884466418139397,40.845993287111753],[-73.885604418314372,40.846551286764296],[-73.886747418512201,40.845212286561946]]]},"properties":{"OBJECTID":161142,"GEOID20":"360050365012","GEOID10":"360050365012","STATEFP":"36","COUNTYFP":"005","D1C":4.7133936053165693,"D1C5_RET":2.9768801717788858,"D2B_E5MIXA":0.65177051777796002,"D3A":25.04412448688889,"D3AAO":0,"D3B":79.383471247436944,"D4A":139.47999999999999,"D4C":50.329999999999998,"D4D":3995.37010788,"D5AR":691158,"D5BR":1339076}},{"type":"Feature","id":161143,"geometry":{"type":"Polygon","coordinates":[[[-73.88893741864841,40.83180628373924],[-73.885634417553291,40.830650283618503],[-73.88566241714237,40.830485283391099],[-73.88508241628594,40.830485284070825],[-73.883888417831102,40.82981728357219],[-73.882355416747586,40.831513283880902],[-73.887949417362961,40.833455283114873],[-73.88893741864841,40.83180628373924]]]},"properties":{"OBJECTID":161143,"GEOID20":"360050157003","GEOID10":"360050157003","STATEFP":"36","COUNTYFP":"005","D1C":12.571670610625382,"D1C5_RET":0.29011547562981654,"D2B_E5MIXA":0.29632124636220802,"D3A":28.429627633554965,"D3AAO":7.014721904958293,"D3B":109.71804255727497,"D4A":182.38999999999999,"D4C":77.670000000000002,"D4D":1966.2668125099999,"D5AR":814546,"D5BR":1378839}},{"type":"Feature","id":161144,"geometry":{"type":"Polygon","coordinates":[[[-73.857594412359632,40.886900296221796],[-73.857987410923371,40.886199296048673],[-73.855105411574357,40.885279295527504],[-73.853154410016117,40.88880829640668],[-73.8560314111389,40.88972129591744],[-73.857594412359632,40.886900296221796]]]},"properties":{"OBJECTID":161144,"GEOID20":"360050406001","GEOID10":"360050406001","STATEFP":"36","COUNTYFP":"005","D1C":2.4668085647506306,"D1C5_RET":0,"D2B_E5MIXA":0.25259530381317619,"D3A":20.167004437119957,"D3AAO":0,"D3B":46.43404357177657,"D4A":282.98000000000002,"D4C":48.670000000000002,"D4D":1129.97245032,"D5AR":464523,"D5BR":3199714}},{"type":"Feature","id":161145,"geometry":{"type":"Polygon","coordinates":[[[-73.919095428499844,40.850007286934904],[-73.919372428509277,40.849629285937951],[-73.918410428061421,40.849448285561763],[-73.918151429391955,40.849758285641528],[-73.915976427527738,40.85133328665912],[-73.916115428343218,40.851801287220873],[-73.916448428429163,40.851913286661841],[-73.918949428909983,40.850190286249166],[-73.919095428499844,40.850007286934904]]]},"properties":{"OBJECTID":161145,"GEOID20":"360050215012","GEOID10":"360050215012","STATEFP":"36","COUNTYFP":"005","D1C":25.318644460279039,"D1C5_RET":0,"D2B_E5MIXA":0.085172737494009637,"D3A":16.908519470187045,"D3AAO":0,"D3B":0,"D4A":182.38999999999999,"D4C":37.670000000000002,"D4D":3744.7983776900001,"D5AR":868292,"D5BR":1124238}},{"type":"Feature","id":161149,"geometry":{"type":"Polygon","coordinates":[[[-73.920695427733875,40.827219281653562],[-73.921153429289902,40.826406281606268],[-73.920259428614088,40.826161281712842],[-73.91862742779638,40.829116282653345],[-73.919191426962698,40.82949728197088],[-73.919314427884657,40.829710282802907],[-73.920695427733875,40.827219281653562]]]},"properties":{"OBJECTID":161149,"GEOID20":"360050183021","GEOID10":"360050183021","STATEFP":"36","COUNTYFP":"005","D1C":166.86876251729961,"D1C5_RET":0.82268905103023648,"D2B_E5MIXA":0.29286297062297167,"D3A":43.54393264235609,"D3AAO":0,"D3B":204.81666614448767,"D4A":227.99000000000001,"D4C":36.329999999999998,"D4D":3188.08461055,"D5AR":897485,"D5BR":2191427}},{"type":"Feature","id":161150,"geometry":{"type":"Polygon","coordinates":[[[-73.912058425416049,40.835021283428297],[-73.91034342475767,40.834439283487797],[-73.909284425123744,40.836242285103395],[-73.909165425298042,40.836990283324035],[-73.91059642447766,40.837511283974386],[-73.912058425416049,40.835021283428297]]]},"properties":{"OBJECTID":161150,"GEOID20":"360050177023","GEOID10":"360050177023","STATEFP":"36","COUNTYFP":"005","D1C":8.6080818585109586,"D1C5_RET":2.1737580450785252,"D2B_E5MIXA":0.54633939234275208,"D3A":27.316934286603118,"D3AAO":0,"D3B":55.636468463689255,"D4A":292.36000000000001,"D4C":92,"D4D":5118.5550986600001,"D5AR":858335,"D5BR":2190151}},{"type":"Feature","id":161151,"geometry":{"type":"Polygon","coordinates":[[[-73.915026426775441,40.835275283251285],[-73.915858426628645,40.833847283162477],[-73.914080426221076,40.833294283661921],[-73.912901426038232,40.835305284059835],[-73.914818427261295,40.835998283938174],[-73.915386426625545,40.835420283522005],[-73.915026426775441,40.835275283251285]]]},"properties":{"OBJECTID":161151,"GEOID20":"360050179011","GEOID10":"360050179011","STATEFP":"36","COUNTYFP":"005","D1C":17.538847704451527,"D1C5_RET":1.8309786065086762,"D2B_E5MIXA":0.68466951766028794,"D3A":38.230784811531777,"D3AAO":0,"D3B":164.48740862513307,"D4A":163.62,"D4C":83.670000000000002,"D4D":5160.3530107500001,"D5AR":930647,"D5BR":2187168}},{"type":"Feature","id":161152,"geometry":{"type":"Polygon","coordinates":[[[-73.914818427261295,40.835998283938174],[-73.912901426038232,40.835305284059835],[-73.911391424520957,40.837874284612191],[-73.912709426417607,40.838368284894955],[-73.913727425145353,40.837118284092824],[-73.914818427261295,40.835998283938174]]]},"properties":{"OBJECTID":161152,"GEOID20":"360050179021","GEOID10":"360050179021","STATEFP":"36","COUNTYFP":"005","D1C":6.1626394324295877,"D1C5_RET":1.2151683387889329,"D2B_E5MIXA":0.49998359967010908,"D3A":41.202729440564568,"D3AAO":0,"D3B":222.20221052140488,"D4A":260.18000000000001,"D4C":92,"D4D":5110.6508419900001,"D5AR":827713,"D5BR":2185590}},{"type":"Feature","id":161153,"geometry":{"type":"Polygon","coordinates":[[[-73.91985742803287,40.831957282409043],[-73.91744742689032,40.831138282954981],[-73.916753427129379,40.832330283136294],[-73.919030428202518,40.833098282972706],[-73.91985742803287,40.831957282409043]]]},"properties":{"OBJECTID":161153,"GEOID20":"360050181021","GEOID10":"360050181021","STATEFP":"36","COUNTYFP":"005","D1C":52.261308565847635,"D1C5_RET":0.25936133283299073,"D2B_E5MIXA":0.16313919242216118,"D3A":36.856130954560065,"D3AAO":0,"D3B":165.99125301311406,"D4A":197.13999999999999,"D4C":85.329999999999998,"D4D":7082.0168098000004,"D5AR":835738,"D5BR":2179487}},{"type":"Feature","id":161154,"geometry":{"type":"Polygon","coordinates":[[[-73.920462427207056,40.830923282265054],[-73.918111427412356,40.830013282405467],[-73.91744742689032,40.831138282954981],[-73.91985742803287,40.831957282409043],[-73.920462427207056,40.830923282265054]]]},"properties":{"OBJECTID":161154,"GEOID20":"360050181022","GEOID10":"360050181022","STATEFP":"36","COUNTYFP":"005","D1C":30.306901868615135,"D1C5_RET":1.1121798850867939,"D2B_E5MIXA":0.3482574577718347,"D3A":42.550162883785461,"D3AAO":0,"D3B":296.64061895034968,"D4A":185.06999999999999,"D4C":62.670000000000002,"D4D":5576.0250718699999,"D5AR":892825,"D5BR":2179850}},{"type":"Feature","id":161155,"geometry":{"type":"Polygon","coordinates":[[[-73.905532423591723,40.829112281810382],[-73.905091422652447,40.829022283171867],[-73.903853422918374,40.828202282246671],[-73.902276422352259,40.829645283591631],[-73.903542423472061,40.830444283402748],[-73.904507422496351,40.830633282806659],[-73.905532423591723,40.829112281810382]]]},"properties":{"OBJECTID":161155,"GEOID20":"360050185002","GEOID10":"360050185002","STATEFP":"36","COUNTYFP":"005","D1C":6.532354818740771,"D1C5_RET":0.40199106576866284,"D2B_E5MIXA":0.55748246030046644,"D3A":27.505670572430791,"D3AAO":0,"D3B":150.11954360064945,"D4A":182.38999999999999,"D4C":38.670000000000002,"D4D":2487.1991221200001,"D5AR":861452,"D5BR":920508}},{"type":"Feature","id":161157,"geometry":{"type":"Polygon","coordinates":[[[-73.849840408152005,40.891551296322803],[-73.850692409893341,40.891311296960232],[-73.845907407768337,40.889749296572106],[-73.847050407966179,40.887680295936384],[-73.843766407137622,40.888176296339623],[-73.8454274073693,40.892524298115283],[-73.849840408152005,40.891551296322803]]]},"properties":{"OBJECTID":161157,"GEOID20":"360050426002","GEOID10":"360050426002","STATEFP":"36","COUNTYFP":"005","D1C":2.7285267679818364,"D1C5_RET":0.12690822176659702,"D2B_E5MIXA":0.56186078164667452,"D3A":34.281986760172884,"D3AAO":0,"D3B":128.63417358262274,"D4A":108.63,"D4C":12.67,"D4D":257.26834716500002,"D5AR":496113,"D5BR":2826900}},{"type":"Feature","id":161158,"geometry":{"type":"Polygon","coordinates":[[[-73.849736408394932,40.883563294564759],[-73.848749408731024,40.881447295167483],[-73.844774406717917,40.879764295105311],[-73.844264406181665,40.880428294992349],[-73.847027408399967,40.881601294785128],[-73.846068408325138,40.882909295667325],[-73.849279408460447,40.884250295365987],[-73.849736408394932,40.883563294564759]]]},"properties":{"OBJECTID":161158,"GEOID20":"360050386001","GEOID10":"360050386001","STATEFP":"36","COUNTYFP":"005","D1C":4.8442615684030246,"D1C5_RET":0.29065569410418152,"D2B_E5MIXA":0.175432110192347,"D3A":19.057043444014798,"D3AAO":0,"D3B":134.36818967973574,"D4A":264.19999999999999,"D4C":29,"D4D":899.09494709600006,"D5AR":503509,"D5BR":744887}},{"type":"Feature","id":161159,"geometry":{"type":"Polygon","coordinates":[[[-73.923830427701205,40.81283227879063],[-73.924684428194041,40.812392279169288],[-73.923727428667362,40.811987278437712],[-73.922842427314052,40.813203278765862],[-73.922876427649243,40.81332327903035],[-73.923830427701205,40.81283227879063]]]},"properties":{"OBJECTID":161159,"GEOID20":"360050041003","GEOID10":"360050041003","STATEFP":"36","COUNTYFP":"005","D1C":274.31131537586549,"D1C5_RET":1.461694398095198,"D2B_E5MIXA":0.06690832540009313,"D3A":26.757604407597231,"D3AAO":0,"D3B":0,"D4A":147.52000000000001,"D4C":94,"D4D":29311.8449965,"D5AR":1035306,"D5BR":1888608}},{"type":"Feature","id":161160,"geometry":{"type":"Polygon","coordinates":[[[-73.896967421243914,40.834351284866905],[-73.896370421567354,40.833518283740077],[-73.896474420426088,40.833055284297537],[-73.894192420228393,40.833299283380597],[-73.894001419534362,40.832250283703722],[-73.892686418909079,40.832352283982864],[-73.89173841870489,40.832672284040022],[-73.892159418654387,40.833653283712948],[-73.890824418835919,40.8358172843933],[-73.891388418900533,40.835766284559988],[-73.891482418611858,40.836695284434015],[-73.893641419684258,40.836520283988342],[-73.894335420343538,40.836234284956902],[-73.895140420432554,40.835437284465705],[-73.896967421243914,40.834351284866905]]]},"properties":{"OBJECTID":161160,"GEOID20":"360050153001","GEOID10":"360050153001","STATEFP":"36","COUNTYFP":"005","D1C":3.7741545893719808,"D1C5_RET":0.70091442374051072,"D2B_E5MIXA":0.48373300915847023,"D3A":26.600084383736355,"D3AAO":0,"D3B":97.791567482458774,"D4A":81.810000000000002,"D4C":89,"D4D":1535.5415501,"D5AR":854477,"D5BR":1363453}},{"type":"Feature","id":161161,"geometry":{"type":"Polygon","coordinates":[[[-73.900966423546478,40.855529287826101],[-73.901248422680453,40.854485287467128],[-73.900259422468409,40.854302287105554],[-73.899673422662488,40.855677288401687],[-73.9007804228753,40.856055288866784],[-73.900966423546478,40.855529287826101]]]},"properties":{"OBJECTID":161161,"GEOID20":"360050381002","GEOID10":"360050381002","STATEFP":"36","COUNTYFP":"005","D1C":5.2671729590363183,"D1C5_RET":1.7557243196787728,"D2B_E5MIXA":0.39548848910372325,"D3A":16.938349467902651,"D3AAO":0,"D3B":0,"D4A":179.71000000000001,"D4C":109.67,"D4D":17604.5975899,"D5AR":651159,"D5BR":2215490}},{"type":"Feature","id":161162,"geometry":{"type":"Polygon","coordinates":[[[-73.867097413967514,40.87322129237625],[-73.867160412818393,40.871450292079793],[-73.865210412881709,40.871415292450372],[-73.865179412919574,40.872339292358717],[-73.866138413892713,40.872892292789452],[-73.86629841462458,40.873220292491453],[-73.867097413967514,40.87322129237625]]]},"properties":{"OBJECTID":161162,"GEOID20":"360050374001","GEOID10":"360050374001","STATEFP":"36","COUNTYFP":"005","D1C":17.643930285905867,"D1C5_RET":0.75401411478230196,"D2B_E5MIXA":0.69205333255634582,"D3A":36.293519070724741,"D3AAO":0,"D3B":289.54142007640394,"D4A":198.49000000000001,"D4C":42.670000000000002,"D4D":4118.24413155,"D5AR":596674,"D5BR":3248351}},{"type":"Feature","id":161163,"geometry":{"type":"Polygon","coordinates":[[[-73.865859411538494,40.850779288757522],[-73.866143411220634,40.850544288111109],[-73.865222412577282,40.850186288716543],[-73.862120410425277,40.850814287741571],[-73.861997410401628,40.854400288787801],[-73.863874411441685,40.854433288919552],[-73.863927412043452,40.852347289247348],[-73.864881411197089,40.852366288966799],[-73.864894412514204,40.851539288553617],[-73.865859411538494,40.850779288757522]]]},"properties":{"OBJECTID":161163,"GEOID20":"360050228001","GEOID10":"360050228001","STATEFP":"36","COUNTYFP":"005","D1C":14.750222425256871,"D1C5_RET":0,"D2B_E5MIXA":0.1018618985737002,"D3A":18.338409540186433,"D3AAO":0,"D3B":74.708782353775803,"D4A":504.25999999999999,"D4C":60.670000000000002,"D4D":1699.5057463099999,"D5AR":666838,"D5BR":2643701}},{"type":"Feature","id":161164,"geometry":{"type":"Polygon","coordinates":[[[-73.910236426424191,40.847564286153293],[-73.910648426152832,40.846988286579986],[-73.909662426313815,40.846613286209148],[-73.909463426122201,40.84640928520863],[-73.908117425534783,40.847284285466529],[-73.907488424274518,40.847812285909463],[-73.909750425279057,40.848264286771226],[-73.910236426424191,40.847564286153293]]]},"properties":{"OBJECTID":161164,"GEOID20":"360050227012","GEOID10":"360050227012","STATEFP":"36","COUNTYFP":"005","D1C":6.6699300127082033,"D1C5_RET":1.277220640731358,"D2B_E5MIXA":0.85290671598292644,"D3A":58.670331774253313,"D3AAO":0,"D3B":242.22915191683782,"D4A":131.43000000000001,"D4C":89.329999999999998,"D4D":8113.3596328200001,"D5AR":758690,"D5BR":2199610}},{"type":"Feature","id":161165,"geometry":{"type":"Polygon","coordinates":[[[-73.929722430937346,40.835631283452486],[-73.930356431322153,40.834513282222254],[-73.929381432252114,40.834678283300391],[-73.92700943074442,40.833925283110446],[-73.926137429809899,40.835060283063029],[-73.929261431703196,40.836102283419315],[-73.929722430937346,40.835631283452486]]]},"properties":{"OBJECTID":161165,"GEOID20":"360050193004","GEOID10":"360050193004","STATEFP":"36","COUNTYFP":"005","D1C":11.074730671702735,"D1C5_RET":4.6678616880730539,"D2B_E5MIXA":0.60599410257356345,"D3A":30.649804096356561,"D3AAO":0,"D3B":175.73126355098555,"D4A":0,"D4C":33.670000000000002,"D4D":1972.2905479200001,"D5AR":906124,"D5BR":2155205}},{"type":"Feature","id":161166,"geometry":{"type":"Polygon","coordinates":[[[-73.922036429196751,40.84772928600399],[-73.922306430431789,40.847416286481312],[-73.921346430532068,40.847188286045977],[-73.919372428509277,40.849629285937951],[-73.921340428887646,40.849930286441129],[-73.922229429540593,40.848847285856969],[-73.921279429686606,40.84865628554541],[-73.922036429196751,40.84772928600399]]]},"properties":{"OBJECTID":161166,"GEOID20":"360050205014","GEOID10":"360050205014","STATEFP":"36","COUNTYFP":"005","D1C":0.54879777560407517,"D1C5_RET":0,"D2B_E5MIXA":0,"D3A":33.394339071191908,"D3AAO":0,"D3B":46.854158889973512,"D4A":262.86000000000001,"D4C":67.670000000000002,"D4D":4753.5546208200003,"D5AR":926092,"D5BR":1159254}},{"type":"Feature","id":161167,"geometry":{"type":"Polygon","coordinates":[[[-73.914022426494753,40.842258284362678],[-73.914473427479777,40.84162828439991],[-73.912699426371873,40.84093828468945],[-73.91192842751633,40.843275284801933],[-73.913028426259842,40.843653285347223],[-73.914022426494753,40.842258284362678]]]},"properties":{"OBJECTID":161167,"GEOID20":"360050209004","GEOID10":"360050209004","STATEFP":"36","COUNTYFP":"005","D1C":3.4549896615192699,"D1C5_RET":1.7274948307596349,"D2B_E5MIXA":0.7188570859336636,"D3A":40.2604661558956,"D3AAO":0,"D3B":98.324399113956389,"D4A":248.11000000000001,"D4C":91.670000000000002,"D4D":6756.66991512,"D5AR":955959,"D5BR":2179804}},{"type":"Feature","id":161168,"geometry":{"type":"Polygon","coordinates":[[[-73.914893428502666,40.847319286296631],[-73.915268426624749,40.846820285393257],[-73.914389427814186,40.846462284906032],[-73.912979426754347,40.848441285948404],[-73.913969427689636,40.84861728643515],[-73.914893428502666,40.847319286296631]]]},"properties":{"OBJECTID":161168,"GEOID20":"360050217004","GEOID10":"360050217004","STATEFP":"36","COUNTYFP":"005","D1C":6.9668918953531866,"D1C5_RET":0.61472575547233999,"D2B_E5MIXA":0.64053363728623181,"D3A":34.946637713700554,"D3AAO":0,"D3B":174.94275366402164,"D4A":205.19,"D4C":97.329999999999998,"D4D":12764.0016598,"D5AR":711724,"D5BR":2237051}},{"type":"Feature","id":161169,"geometry":{"type":"Polygon","coordinates":[[[-73.916430427987493,40.838956284017847],[-73.916918427884127,40.838344284542551],[-73.914781426553034,40.837525283790562],[-73.913756426355988,40.838751284868479],[-73.915941427367642,40.839560283534652],[-73.916430427987493,40.838956284017847]]]},"properties":{"OBJECTID":161169,"GEOID20":"360050221021","GEOID10":"360050221021","STATEFP":"36","COUNTYFP":"005","D1C":20.160675857537147,"D1C5_RET":11.449272709218627,"D2B_E5MIXA":0.77042730512874047,"D3A":47.670888802424102,"D3AAO":0,"D3B":265.54347973937325,"D4A":139.47999999999999,"D4C":92.329999999999998,"D4D":7353.8180816800004,"D5AR":660879,"D5BR":2177009}},{"type":"Feature","id":161170,"geometry":{"type":"Polygon","coordinates":[[[-73.907723425349474,40.842966285996134],[-73.907745425090781,40.842711285395239],[-73.905001424037394,40.842543284918939],[-73.904938423389879,40.843383285080655],[-73.905861424378017,40.84360728572689],[-73.907663424176704,40.843695284972739],[-73.907723425349474,40.842966285996134]]]},"properties":{"OBJECTID":161170,"GEOID20":"360050229023","GEOID10":"360050229023","STATEFP":"36","COUNTYFP":"005","D1C":3.7866502468731325,"D1C5_RET":0.82318483627676786,"D2B_E5MIXA":0.6348352133381393,"D3A":42.515621144786465,"D3AAO":0,"D3B":0,"D4A":341.99000000000001,"D4C":76,"D4D":8007.9485474800003,"D5AR":697194,"D5BR":2191424}},{"type":"Feature","id":161171,"geometry":{"type":"Polygon","coordinates":[[[-73.863452409870675,40.845786287383056],[-73.862658409652298,40.843585286576747],[-73.861006410539744,40.844182287181127],[-73.861196409612248,40.844722287579401],[-73.858655408948437,40.845294286595298],[-73.859441409669202,40.846667288067735],[-73.863452409870675,40.845786287383056]]]},"properties":{"OBJECTID":161171,"GEOID20":"360050238002","GEOID10":"360050238002","STATEFP":"36","COUNTYFP":"005","D1C":8.8872467991341573,"D1C5_RET":0.91151249221888797,"D2B_E5MIXA":0.61408462111547635,"D3A":26.511195179370493,"D3AAO":0,"D3B":121.55930596231087,"D4A":148.86000000000001,"D4C":35.670000000000002,"D4D":1300.5460238999999,"D5AR":677693,"D5BR":1972600}},{"type":"Feature","id":161172,"geometry":{"type":"Polygon","coordinates":[[[-73.905265424526348,40.858055287752947],[-73.905661424361469,40.857407287630437],[-73.904685425466525,40.857069288488077],[-73.902546424485635,40.86058628889181],[-73.903515424606184,40.86092628925261],[-73.905265424526348,40.858055287752947]]]},"properties":{"OBJECTID":161172,"GEOID20":"360050239004","GEOID10":"360050239004","STATEFP":"36","COUNTYFP":"005","D1C":14.783646368133052,"D1C5_RET":6.7103075713511728,"D2B_E5MIXA":0.82518040814620741,"D3A":47.996014453454038,"D3AAO":0,"D3B":313.3042605063863,"D4A":150.21000000000001,"D4C":98.329999999999998,"D4D":6598.2454349099999,"D5AR":688998,"D5BR":2418271}},{"type":"Feature","id":161173,"geometry":{"type":"Polygon","coordinates":[[[-73.915976427527738,40.85133328665912],[-73.915812428394517,40.850832285639306],[-73.915453428369318,40.850502286710665],[-73.914338426862273,40.851665286625995],[-73.913232427372662,40.852592287500755],[-73.912489426309591,40.853395287342551],[-73.912274426224414,40.853767287526978],[-73.913849427140718,40.853819287276806],[-73.91389842754451,40.853430286983148],[-73.915976427527738,40.85133328665912]]]},"properties":{"OBJECTID":161173,"GEOID20":"360050245011","GEOID10":"360050245011","STATEFP":"36","COUNTYFP":"005","D1C":16.262357190349441,"D1C5_RET":2.5895473233040511,"D2B_E5MIXA":0.59379974445258255,"D3A":24.764602933423657,"D3AAO":0,"D3B":44.217038454881333,"D4A":0,"D4C":63.670000000000002,"D4D":4220.8378387100001,"D5AR":679552,"D5BR":2235159}},{"type":"Feature","id":161174,"geometry":{"type":"Polygon","coordinates":[[[-73.909464425048796,40.843787285418465],[-73.909548425612698,40.843053284393655],[-73.908631425370672,40.84301728436759],[-73.908658425134846,40.842728285148652],[-73.907745425090781,40.842711285395239],[-73.907549424373883,40.844916285895657],[-73.909362424941548,40.845014285831027],[-73.909464425048796,40.843787285418465]]]},"properties":{"OBJECTID":161174,"GEOID20":"360050229021","GEOID10":"360050229021","STATEFP":"36","COUNTYFP":"005","D1C":1.2513494666407297,"D1C5_RET":0,"D2B_E5MIXA":0.58080519331406899,"D3A":49.487089367014995,"D3AAO":6.8808216387940009,"D3B":388.34286578847309,"D4A":240.06,"D4C":75,"D4D":5460.3890015300003,"D5AR":714678,"D5BR":2191593}},{"type":"Feature","id":161176,"geometry":{"type":"Polygon","coordinates":[[[-73.914085427142268,40.84528528587564],[-73.914200427668305,40.845123284944037],[-73.913486426917558,40.845274285220817],[-73.911900426130629,40.845239285349322],[-73.911144426445389,40.845071286524231],[-73.910744425513982,40.845467286374308],[-73.909463426122201,40.84640928520863],[-73.909662426313815,40.846613286209148],[-73.912365426461037,40.84769128525933],[-73.914085427142268,40.84528528587564]]]},"properties":{"OBJECTID":161176,"GEOID20":"360050227013","GEOID10":"360050227013","STATEFP":"36","COUNTYFP":"005","D1C":6.1615098947330686,"D1C5_RET":0.90801198448697851,"D2B_E5MIXA":0.727160564511517,"D3A":46.504183788670275,"D3AAO":16.374836673614276,"D3B":0,"D4A":187.75999999999999,"D4C":101.67,"D4D":4220.2321583000003,"D5AR":706442,"D5BR":2182575}},{"type":"Feature","id":161177,"geometry":{"type":"Polygon","coordinates":[[[-73.916335428451248,40.84506228509472],[-73.916727428088421,40.845058285214016],[-73.91586842757269,40.844802285552717],[-73.91192842751633,40.843275284801933],[-73.911144426445389,40.845071286524231],[-73.911900426130629,40.845239285349322],[-73.913486426917558,40.845274285220817],[-73.914200427668305,40.845123284944037],[-73.916335428451248,40.84506228509472]]]},"properties":{"OBJECTID":161177,"GEOID20":"360050227021","GEOID10":"360050227021","STATEFP":"36","COUNTYFP":"005","D1C":10.326288627163635,"D1C5_RET":1.8411212280989426,"D2B_E5MIXA":0.62409577020007434,"D3A":66.416078122653389,"D3AAO":20.989093636405048,"D3B":290.32720694641273,"D4A":356.74000000000001,"D4C":101.67,"D4D":5208.6760420399996,"D5AR":740011,"D5BR":2239111}},{"type":"Feature","id":161178,"geometry":{"type":"Polygon","coordinates":[[[-73.91192842751633,40.843275284801933],[-73.91175942656362,40.843198285320064],[-73.909548425612698,40.843053284393655],[-73.909362424941548,40.845014285831027],[-73.911144426445389,40.845071286524231],[-73.91192842751633,40.843275284801933]]]},"properties":{"OBJECTID":161178,"GEOID20":"360050227031","GEOID10":"360050227031","STATEFP":"36","COUNTYFP":"005","D1C":12.038246871154959,"D1C5_RET":1.7795669287794287,"D2B_E5MIXA":0.50547230397163301,"D3A":55.011986238594659,"D3AAO":6.1680831106509713,"D3B":290.35832731595463,"D4A":175.69,"D4C":75,"D4D":5024.6595636100001,"D5AR":715733,"D5BR":2182109}},{"type":"Feature","id":161179,"geometry":{"type":"Polygon","coordinates":[[[-73.911045426711183,40.8452182850098],[-73.911144426445389,40.845071286524231],[-73.907549424373883,40.844916285895657],[-73.907532424655443,40.845176285669922],[-73.908442424326481,40.845221285252876],[-73.908299426007972,40.846820285393257],[-73.908633425918808,40.846973285763241],[-73.911045426711183,40.8452182850098]]]},"properties":{"OBJECTID":161179,"GEOID20":"360050229011","GEOID10":"360050229011","STATEFP":"36","COUNTYFP":"005","D1C":3.5818196861824503,"D1C5_RET":2.6863647646368376,"D2B_E5MIXA":0.41310336922868657,"D3A":49.659900173763617,"D3AAO":14.802167543952056,"D3B":109.21479911696889,"D4A":120.7,"D4C":89,"D4D":7286.4446187499998,"D5AR":729810,"D5BR":2182663}},{"type":"Feature","id":161180,"geometry":{"type":"Polygon","coordinates":[[[-73.869210412314217,40.849247288592871],[-73.868375412087943,40.848978287584586],[-73.867856412229187,40.848897287605119],[-73.868356412719692,40.847088287407729],[-73.866948412207975,40.847510287743802],[-73.866344411062087,40.847598287243386],[-73.865652411849268,40.850343287671762],[-73.866143411220634,40.850544288111109],[-73.868610413162898,40.852096288865866],[-73.868236413069098,40.850921288423173],[-73.869210412314217,40.849247288592871]]]},"properties":{"OBJECTID":161180,"GEOID20":"360050230001","GEOID10":"360050230001","STATEFP":"36","COUNTYFP":"005","D1C":6.8597027462143307,"D1C5_RET":2.4265615156676543,"D2B_E5MIXA":0.94955986605603993,"D3A":41.36669111215943,"D3AAO":0,"D3B":278.8231124604286,"D4A":0,"D4C":57,"D4D":1702.32620075,"D5AR":673065,"D5BR":2552780}},{"type":"Feature","id":161181,"geometry":{"type":"Polygon","coordinates":[[[-73.90483142415809,40.844895286133358],[-73.904852424074477,40.844734285242879],[-73.904629423593406,40.844896285766232],[-73.901305422581871,40.844485285881269],[-73.899672421939243,40.847446285872202],[-73.900964422998328,40.847705286323041],[-73.90166242295723,40.847754285945499],[-73.901956423583428,40.848067285910254],[-73.902101423348384,40.847847285781093],[-73.902291423319184,40.847747286098716],[-73.903740424737094,40.847336286906717],[-73.904622423920699,40.847400286166412],[-73.90483142415809,40.844895286133358]]]},"properties":{"OBJECTID":161181,"GEOID20":"360050231001","GEOID10":"360050231001","STATEFP":"36","COUNTYFP":"005","D1C":35.134345324314587,"D1C5_RET":2.3491990973976322,"D2B_E5MIXA":0.61198913233277563,"D3A":41.099809435105229,"D3AAO":12.115001568773732,"D3B":169.56242708651712,"D4A":291.01999999999998,"D4C":106,"D4D":2343.6715701100002,"D5AR":726926,"D5BR":2269389}},{"type":"Feature","id":161182,"geometry":{"type":"Polygon","coordinates":[[[-73.906000425193497,40.849400286756826],[-73.906060424569631,40.849329286351512],[-73.9057754250626,40.849183287039885],[-73.903282423181068,40.848700287266965],[-73.902802424578667,40.850074286356318],[-73.905134424106777,40.850538286068272],[-73.906000425193497,40.849400286756826]]]},"properties":{"OBJECTID":161182,"GEOID20":"360050235021","GEOID10":"360050235021","STATEFP":"36","COUNTYFP":"005","D1C":29.712749723895406,"D1C5_RET":5.8971869681013782,"D2B_E5MIXA":0.51938966332511871,"D3A":28.458705079690972,"D3AAO":0,"D3B":193.57289407909386,"D4A":205.19,"D4C":115,"D4D":8346.7877086999997,"D5AR":645552,"D5BR":2210785}},{"type":"Feature","id":161183,"geometry":{"type":"Polygon","coordinates":[[[-73.864245411162486,40.847989287653007],[-73.863452409870675,40.845786287383056],[-73.859441409669202,40.846667288067735],[-73.860388410048458,40.848244287652207],[-73.861194409962422,40.848611287615427],[-73.864245411162486,40.847989287653007]]]},"properties":{"OBJECTID":161183,"GEOID20":"360050232001","GEOID10":"360050232001","STATEFP":"36","COUNTYFP":"005","D1C":80.675341925818515,"D1C5_RET":0.82969196172953097,"D2B_E5MIXA":0.078715124774356646,"D3A":24.745787727137824,"D3AAO":0,"D3B":145.80713702977695,"D4A":209.21000000000001,"D4C":53,"D4D":1655.4794907,"D5AR":631476,"D5BR":2022757}},{"type":"Feature","id":161184,"geometry":{"type":"Polygon","coordinates":[[[-73.906768424574295,40.84854928596274],[-73.903566424659829,40.847916286561215],[-73.903740424737094,40.847336286906717],[-73.902291423319184,40.847747286098716],[-73.902101423348384,40.847847285781093],[-73.901956423583428,40.848067285910254],[-73.902126422564422,40.84836828671363],[-73.902401423822354,40.848523286742989],[-73.9057754250626,40.849183287039885],[-73.906060424569631,40.849329286351512],[-73.906768424574295,40.84854928596274]]]},"properties":{"OBJECTID":161184,"GEOID20":"360050233021","GEOID10":"360050233021","STATEFP":"36","COUNTYFP":"005","D1C":3.9169244265881051,"D1C5_RET":0.54401728147057016,"D2B_E5MIXA":0.49492882909590213,"D3A":52.796283428929577,"D3AAO":0,"D3B":208.97227029672717,"D4A":89.859999999999999,"D4C":92.329999999999998,"D4D":6429.3267965699997,"D5AR":723469,"D5BR":2271061}},{"type":"Feature","id":161185,"geometry":{"type":"Polygon","coordinates":[[[-73.907488424274518,40.847812285909463],[-73.906324424160289,40.847587286293027],[-73.903740424737094,40.847336286906717],[-73.903566424659829,40.847916286561215],[-73.906768424574295,40.84854928596274],[-73.907488424274518,40.847812285909463]]]},"properties":{"OBJECTID":161185,"GEOID20":"360050233022","GEOID10":"360050233022","STATEFP":"36","COUNTYFP":"005","D1C":4.3049209296039876,"D1C5_RET":0,"D2B_E5MIXA":0.4095544778276623,"D3A":38.382283416329741,"D3AAO":0,"D3B":238.16735880760197,"D4A":295.05000000000001,"D4C":115,"D4D":11734.8955711,"D5AR":708460,"D5BR":2270226}},{"type":"Feature","id":161186,"geometry":{"type":"Polygon","coordinates":[[[-73.868928413180228,40.846890288204612],[-73.868654413543823,40.846190286663436],[-73.868743411435659,40.845618287905978],[-73.868638412751991,40.845318287149418],[-73.868284412749674,40.844975287295647],[-73.868020412260705,40.844849286695478],[-73.866120412552718,40.845231286968193],[-73.866948412207975,40.847510287743802],[-73.868928413180228,40.846890288204612]]]},"properties":{"OBJECTID":161186,"GEOID20":"360050236001","GEOID10":"360050236001","STATEFP":"36","COUNTYFP":"005","D1C":34.628485736920624,"D1C5_RET":0.69256971473841256,"D2B_E5MIXA":0.79618214040144974,"D3A":29.051812831034425,"D3AAO":0,"D3B":92.361097157514678,"D4A":190.44,"D4C":53,"D4D":2936.4955904899998,"D5AR":656348,"D5BR":2831185}},{"type":"Feature","id":161187,"geometry":{"type":"Polygon","coordinates":[[[-73.898833422413347,40.859313289849197],[-73.897359423576034,40.85877128857328],[-73.895885422043762,40.862266289905946],[-73.897069423147812,40.862542289597862],[-73.898833422413347,40.859313289849197]]]},"properties":{"OBJECTID":161187,"GEOID20":"360050237021","GEOID10":"360050237021","STATEFP":"36","COUNTYFP":"005","D1C":250.03985934493176,"D1C5_RET":20.026849160104369,"D2B_E5MIXA":0.28760467812440144,"D3A":42.82459618372053,"D3AAO":0,"D3B":162.24282863882019,"D4A":107.29000000000001,"D4C":138,"D4D":7463.1701173900001,"D5AR":656997,"D5BR":2603149}},{"type":"Feature","id":161188,"geometry":{"type":"Polygon","coordinates":[[[-73.90429242420781,40.857716288400887],[-73.904522426158223,40.857335288206976],[-73.902780423939035,40.856742288412207],[-73.90191442375064,40.858102289007299],[-73.903692424158194,40.858717288426369],[-73.90429242420781,40.857716288400887]]]},"properties":{"OBJECTID":161188,"GEOID20":"360050239002","GEOID10":"360050239002","STATEFP":"36","COUNTYFP":"005","D1C":15.365712603168756,"D1C5_RET":6.0576366993261441,"D2B_E5MIXA":0.70769777988848759,"D3A":25.042705562516197,"D3AAO":0,"D3B":0,"D4A":168.97999999999999,"D4C":79,"D4D":7470.1002809299998,"D5AR":662052,"D5BR":2255541}},{"type":"Feature","id":161207,"geometry":{"type":"Polygon","coordinates":[[[-73.851866410053333,40.879067295281892],[-73.850920408600658,40.877901294109549],[-73.847693408571814,40.87949629487624],[-73.848400407853248,40.880780295324058],[-73.849050408131589,40.880469295300927],[-73.849810408014775,40.880929294935342],[-73.850947409263156,40.880371294835832],[-73.850443408574691,40.879775294108228],[-73.851866410053333,40.879067295281892]]]},"properties":{"OBJECTID":161207,"GEOID20":"360050386004","GEOID10":"360050386004","STATEFP":"36","COUNTYFP":"005","D1C":10.204330114717543,"D1C5_RET":0,"D2B_E5MIXA":0,"D3A":35.109745255458002,"D3AAO":0,"D3B":353.46739327239777,"D4A":250.78999999999999,"D4C":29,"D4D":1229.82056448,"D5AR":529383,"D5BR":809284}},{"type":"Feature","id":161208,"geometry":{"type":"Polygon","coordinates":[[[-73.904181422083099,40.812133279446385],[-73.903418421826871,40.811515279740334],[-73.901094420898033,40.812188279603362],[-73.901442421052593,40.812905279085292],[-73.904181422083099,40.812133279446385]]]},"properties":{"OBJECTID":161208,"GEOID20":"360050083005","GEOID10":"360050083005","STATEFP":"36","COUNTYFP":"005","D1C":31.395680735091862,"D1C5_RET":12.599582400267128,"D2B_E5MIXA":0.76531022700580909,"D3A":33.661454852353785,"D3AAO":0,"D3B":132.19233993722887,"D4A":242.74000000000001,"D4C":50.329999999999998,"D4D":6653.2404690399999,"D5AR":948962,"D5BR":1393062}},{"type":"Feature","id":161209,"geometry":{"type":"Polygon","coordinates":[[[-73.871365416781913,40.900047298296158],[-73.871099415744794,40.899955297228871],[-73.870851416945996,40.898595297994149],[-73.867448415393426,40.898961297169166],[-73.868082414879936,40.902358297650245],[-73.868043415420189,40.90265029845996],[-73.868998416195367,40.901567298381607],[-73.870105416408194,40.900750298034886],[-73.871365416781913,40.900047298296158]]]},"properties":{"OBJECTID":161209,"GEOID20":"360050449021","GEOID10":"360050449021","STATEFP":"36","COUNTYFP":"005","D1C":3.8724787581631857,"D1C5_RET":0.10326610021768495,"D2B_E5MIXA":0.73881061776332679,"D3A":31.436725031468772,"D3AAO":0,"D3B":65.740507548355893,"D4A":332.60000000000002,"D4C":24,"D4D":788.88609057999997,"D5AR":514855,"D5BR":1360238}},{"type":"Feature","id":161210,"geometry":{"type":"Polygon","coordinates":[[[-73.870563415269288,40.871519292051936],[-73.8705384142566,40.869682291777522],[-73.867223414364219,40.869703291835336],[-73.867160412818393,40.871450292079793],[-73.870563415269288,40.871519292051936]]]},"properties":{"OBJECTID":161210,"GEOID20":"360050336001","GEOID10":"360050336001","STATEFP":"36","COUNTYFP":"005","D1C":2.3789169635196918,"D1C5_RET":1.381306623979176,"D2B_E5MIXA":0.42255926717123832,"D3A":26.026973670542507,"D3AAO":0,"D3B":61.266413420771833,"D4A":284.31999999999999,"D4C":36.329999999999998,"D4D":1668.5223385100001,"D5AR":621882,"D5BR":3158151}},{"type":"Feature","id":161211,"geometry":{"type":"Polygon","coordinates":[[[-73.861605411662779,40.878964293751054],[-73.861631411602033,40.878490293377617],[-73.859279411084117,40.877736294014895],[-73.858601411216711,40.87896229415496],[-73.861481411814211,40.879826294709808],[-73.861605411662779,40.878964293751054]]]},"properties":{"OBJECTID":161211,"GEOID20":"360050380002","GEOID10":"360050380002","STATEFP":"36","COUNTYFP":"005","D1C":0.1165561060124873,"D1C5_RET":0,"D2B_E5MIXA":0,"D3A":38.010321781353746,"D3AAO":0,"D3B":124.35137838260245,"D4A":394.29000000000002,"D4C":41.670000000000002,"D4D":3108.4114800299999,"D5AR":500253,"D5BR":3240870}},{"type":"Feature","id":161212,"geometry":{"type":"Polygon","coordinates":[[[-73.867265411502075,40.837511285333676],[-73.866889410860111,40.835481286128463],[-73.865980411014021,40.835213284754289],[-73.865075410467554,40.835350285587062],[-73.865473410850811,40.837684285718915],[-73.867265411502075,40.837511285333676]]]},"properties":{"OBJECTID":161212,"GEOID20":"360050218002","GEOID10":"360050218002","STATEFP":"36","COUNTYFP":"005","D1C":2.2003944720516531,"D1C5_RET":0.41912275658126724,"D2B_E5MIXA":0.60724318807575284,"D3A":23.115494922216776,"D3AAO":0,"D3B":0,"D4A":244.08000000000001,"D4C":55.329999999999998,"D4D":3710.4099394599998,"D5AR":690952,"D5BR":2381086}},{"type":"Feature","id":161213,"geometry":{"type":"Polygon","coordinates":[[[-73.909622425232541,40.832289282929395],[-73.908025424574944,40.831776284066102],[-73.907086424591625,40.833425283508227],[-73.908692424571711,40.833946282950052],[-73.909622425232541,40.832289282929395]]]},"properties":{"OBJECTID":161213,"GEOID20":"360050145002","GEOID10":"360050145002","STATEFP":"36","COUNTYFP":"005","D1C":2.9193719107571363,"D1C5_RET":0,"D2B_E5MIXA":0,"D3A":16.17690101644623,"D3AAO":0,"D3B":59.343880060190777,"D4A":242.74000000000001,"D4C":53.329999999999998,"D4D":4744.8412647799996,"D5AR":917103,"D5BR":949194}},{"type":"Feature","id":161214,"geometry":{"type":"Polygon","coordinates":[[[-73.925093431142898,40.841096284857343],[-73.925269430869989,40.840184283862421],[-73.924183429675253,40.83996228397465],[-73.922560429976699,40.839279283973767],[-73.922388428650933,40.840434284811295],[-73.921946429683373,40.84105328457364],[-73.922423430607665,40.841845285070725],[-73.923197429836236,40.840796284019291],[-73.9248494298471,40.841503285275664],[-73.925093431142898,40.841096284857343]]]},"properties":{"OBJECTID":161214,"GEOID20":"360050211001","GEOID10":"360050211001","STATEFP":"36","COUNTYFP":"005","D1C":2.2281590732997292,"D1C5_RET":2.1268791154224687,"D2B_E5MIXA":0.11488942676149792,"D3A":37.860601540053757,"D3AAO":0,"D3B":237.69190754298489,"D4A":123.38,"D4C":77.670000000000002,"D4D":5034.5051701299999,"D5AR":944413,"D5BR":2173992}},{"type":"Feature","id":161215,"geometry":{"type":"Polygon","coordinates":[[[-73.864742412178259,40.856699290127203],[-73.864815411973183,40.854451289231548],[-73.863874411441685,40.854433288919552],[-73.863801412545087,40.85672528953598],[-73.864742412178259,40.856699290127203]]]},"properties":{"OBJECTID":161215,"GEOID20":"360050228003","GEOID10":"360050228003","STATEFP":"36","COUNTYFP":"005","D1C":8.4990085198310901,"D1C5_RET":4.0471469142052809,"D2B_E5MIXA":0.779165899126815,"D3A":26.588899443362717,"D3AAO":0,"D3B":0,"D4A":368.81,"D4C":87,"D4D":11267.2570091,"D5AR":583451,"D5BR":2595003}},{"type":"Feature","id":161216,"geometry":{"type":"Polygon","coordinates":[[[-73.856087409418762,40.853451289476517],[-73.856896409705755,40.85308828921729],[-73.855384408538669,40.851152288899172],[-73.854574408426757,40.851517288639116],[-73.853047408089353,40.849555288449288],[-73.851369407240909,40.850312288682261],[-73.854409408570305,40.854208289363193],[-73.856087409418762,40.853451289476517]]]},"properties":{"OBJECTID":161216,"GEOID20":"360050250001","GEOID10":"360050250001","STATEFP":"36","COUNTYFP":"005","D1C":10.381943039378722,"D1C5_RET":0.11842520577238086,"D2B_E5MIXA":0.66870665278318842,"D3A":21.871990924951746,"D3AAO":0,"D3B":50.528087796215836,"D4A":135.44999999999999,"D4C":60.329999999999998,"D4D":1524.1797683699999,"D5AR":624227,"D5BR":2298990}},{"type":"Feature","id":161217,"geometry":{"type":"Polygon","coordinates":[[[-73.908305425855744,40.848856287451902],[-73.908583424791772,40.848031286569189],[-73.907488424274518,40.847812285909463],[-73.906060424569631,40.849329286351512],[-73.908014424704305,40.849677287295002],[-73.908305425855744,40.848856287451902]]]},"properties":{"OBJECTID":161217,"GEOID20":"360050233012","GEOID10":"360050233012","STATEFP":"36","COUNTYFP":"005","D1C":2.5422502123970609,"D1C5_RET":1.2711251061985305,"D2B_E5MIXA":0.71035682542430856,"D3A":51.841672679616124,"D3AAO":0,"D3B":169.51724416263602,"D4A":103.27,"D4C":97,"D4D":9863.9308240999999,"D5AR":717549,"D5BR":2211356}},{"type":"Feature","id":161218,"geometry":{"type":"Polygon","coordinates":[[[-73.906994426326733,40.8503792871158],[-73.906000425193497,40.849400286756826],[-73.903682424112446,40.852397286995398],[-73.904753425238582,40.852834287667818],[-73.906994426326733,40.8503792871158]]]},"properties":{"OBJECTID":161218,"GEOID20":"360050235011","GEOID10":"360050235011","STATEFP":"36","COUNTYFP":"005","D1C":58.577671738609652,"D1C5_RET":5.5741690969962443,"D2B_E5MIXA":0.31669214457469552,"D3A":60.884212994556577,"D3AAO":0,"D3B":187.82407253429591,"D4A":105.95,"D4C":97.329999999999998,"D4D":6091.6084571000001,"D5AR":735987,"D5BR":2210682}},{"type":"Feature","id":161219,"geometry":{"type":"Polygon","coordinates":[[[-73.857896408890142,40.847372288663927],[-73.858703409527322,40.847008288116704],[-73.857679410053493,40.845700288116532],[-73.858655408948437,40.845294286595298],[-73.857485408088095,40.843802286956382],[-73.855742408738948,40.843151287083906],[-73.854015407486699,40.843647287437321],[-73.85461640825956,40.844573286679534],[-73.857087408603149,40.847737288160779],[-73.857896408890142,40.847372288663927]]]},"properties":{"OBJECTID":161219,"GEOID20":"360050244002","GEOID10":"360050244002","STATEFP":"36","COUNTYFP":"005","D1C":10.699075515976196,"D1C5_RET":0,"D2B_E5MIXA":0.40497828785641665,"D3A":32.154141355565287,"D3AAO":0,"D3B":98.548491831760003,"D4A":341.99000000000001,"D4C":24.670000000000002,"D4D":607.64591189400005,"D5AR":620314,"D5BR":1090838}},{"type":"Feature","id":161220,"geometry":{"type":"Polygon","coordinates":[[[-73.904367424550898,40.861226288641163],[-73.904935424813459,40.860297288843441],[-73.904082425043853,40.859996289239206],[-73.903515424606184,40.86092628925261],[-73.902546424485635,40.86058628889181],[-73.901615423999885,40.862147289260513],[-73.901081424072515,40.862764289933295],[-73.90156742431931,40.862814289330842],[-73.902567424402022,40.862710289644774],[-73.903320424612531,40.862743289713094],[-73.904367424550898,40.861226288641163]]]},"properties":{"OBJECTID":161220,"GEOID20":"360050253001","GEOID10":"360050253001","STATEFP":"36","COUNTYFP":"005","D1C":19.461499098155876,"D1C5_RET":3.4035805597671716,"D2B_E5MIXA":0.81600969167041548,"D3A":34.268825256414786,"D3AAO":0,"D3B":111.70725939748665,"D4A":168.97999999999999,"D4C":101.67,"D4D":5678.6385314700001,"D5AR":607302,"D5BR":2426722}},{"type":"Feature","id":161224,"geometry":{"type":"Polygon","coordinates":[[[-73.910905426969094,40.858786288757273],[-73.910209425761693,40.858297289027021],[-73.906160425925378,40.862787288872802],[-73.907587425805346,40.862824289069955],[-73.909450427500033,40.860336288552126],[-73.909966426985747,40.860101288513896],[-73.910082426438407,40.859712289098795],[-73.910905426969094,40.858786288757273]]]},"properties":{"OBJECTID":161224,"GEOID20":"360050255002","GEOID10":"360050255002","STATEFP":"36","COUNTYFP":"005","D1C":22.831729750749609,"D1C5_RET":1.7185172930671748,"D2B_E5MIXA":0.42011571090410388,"D3A":21.608667492004837,"D3AAO":0,"D3B":0,"D4A":217.25999999999999,"D4C":39,"D4D":2042.58055405,"D5AR":616118,"D5BR":2741327}},{"type":"Feature","id":161225,"geometry":{"type":"Polygon","coordinates":[[[-73.901159424788631,40.878224292363342],[-73.901245425900669,40.878118292125997],[-73.900254423343839,40.877550291871323],[-73.900613425165673,40.87731529178636],[-73.899581423499299,40.876616292319532],[-73.898250423878793,40.878119292616006],[-73.89806642465409,40.878509292390348],[-73.898740424323563,40.878524292179065],[-73.899614424907881,40.878764292411155],[-73.899896424940195,40.878769292774628],[-73.900584423955053,40.878618292769815],[-73.901159424788631,40.878224292363342]]]},"properties":{"OBJECTID":161225,"GEOID20":"360050277003","GEOID10":"360050277003","STATEFP":"36","COUNTYFP":"005","D1C":25.360603235489396,"D1C5_RET":0.35060741800215756,"D2B_E5MIXA":0.12364683010580195,"D3A":38.173746372525869,"D3AAO":0,"D3B":299.33458919352205,"D4A":162.28,"D4C":89.329999999999998,"D4D":6681.5489386899999,"D5AR":595562,"D5BR":2681080}},{"type":"Feature","id":161226,"geometry":{"type":"Polygon","coordinates":[[[-73.850500406679458,40.850704288930906],[-73.851369407240909,40.850312288682261],[-73.850346406693674,40.849001288592596],[-73.848589407100818,40.849658289522502],[-73.846571405595427,40.847076288131817],[-73.846041404967693,40.847636287361787],[-73.845421405724892,40.848548289103093],[-73.845253405495413,40.849640289267349],[-73.84436340501756,40.851127288880633],[-73.844452404706018,40.851252289558467],[-73.846705405489743,40.851249288908932],[-73.847299406589883,40.851095289359591],[-73.849690405669236,40.851067288661774],[-73.850500406679458,40.850704288930906]]]},"properties":{"OBJECTID":161226,"GEOID20":"360050286001","GEOID10":"360050286001","STATEFP":"36","COUNTYFP":"005","D1C":170.24459475406709,"D1C5_RET":0.41378894558280194,"D2B_E5MIXA":0.013368412235500117,"D3A":20.168779050547311,"D3AAO":0,"D3B":56.767114317439479,"D4A":270.91000000000003,"D4C":29,"D4D":548.56591643000002,"D5AR":649352,"D5BR":759742}},{"type":"Feature","id":161227,"geometry":{"type":"Polygon","coordinates":[[[-73.908023426721755,40.878296292171385],[-73.907701426506478,40.878064292132066],[-73.907195426168187,40.877466292725835],[-73.905794426227487,40.879426291880272],[-73.906576426750306,40.879816292783758],[-73.908023426721755,40.878296292171385]]]},"properties":{"OBJECTID":161227,"GEOID20":"360050289002","GEOID10":"360050289002","STATEFP":"36","COUNTYFP":"005","D1C":24.24713941463099,"D1C5_RET":0,"D2B_E5MIXA":0.75872559596199518,"D3A":29.044014854416638,"D3AAO":0,"D3B":82.804950986541428,"D4A":177.03,"D4C":78.670000000000002,"D4D":9766.5149836700002,"D5AR":629538,"D5BR":2599303}},{"type":"Feature","id":161235,"geometry":{"type":"Polygon","coordinates":[[[-73.91719142859391,40.856845287824861],[-73.917218427459773,40.856023286969702],[-73.91679842823352,40.855673287802809],[-73.916791428560842,40.854881288134209],[-73.915609428903238,40.858627288536596],[-73.915418428209222,40.858709287595595],[-73.91541342728803,40.858867288197345],[-73.91508042810041,40.859201287970997],[-73.915389427896912,40.859137288559786],[-73.916160429447373,40.858793288117234],[-73.916923428805305,40.857536288496767],[-73.91719142859391,40.856845287824861]]]},"properties":{"OBJECTID":161235,"GEOID20":"360050247001","GEOID10":"360050247001","STATEFP":"36","COUNTYFP":"005","D1C":2.1585484686640437,"D1C5_RET":0,"D2B_E5MIXA":0.1598810606832699,"D3A":19.38398663547861,"D3AAO":0,"D3B":0,"D4A":311.13999999999999,"D4C":24,"D4D":2362.3710102700002,"D5AR":686876,"D5BR":877855}},{"type":"Feature","id":161236,"geometry":{"type":"Polygon","coordinates":[[[-73.871207413004882,40.839683285540929],[-73.869427412947502,40.839525285402907],[-73.867407412690625,40.84031328700064],[-73.865466411178119,40.840865286024496],[-73.863581410640435,40.84128628620352],[-73.865168411252284,40.842474286699407],[-73.865912412140261,40.843205287006484],[-73.86642641197615,40.843471287342183],[-73.870091412571227,40.841185286446361],[-73.871207413004882,40.839683285540929]]]},"properties":{"OBJECTID":161236,"GEOID20":"360050240001","GEOID10":"360050240001","STATEFP":"36","COUNTYFP":"005","D1C":1.9182104784261504,"D1C5_RET":0.25576139712348672,"D2B_E5MIXA":0.68024038713901647,"D3A":28.163331673759686,"D3AAO":0,"D3B":143.26730421269232,"D4A":352.70999999999998,"D4C":89.670000000000002,"D4D":1834.7299584100001,"D5AR":683243,"D5BR":2359776}},{"type":"Feature","id":161237,"geometry":{"type":"Polygon","coordinates":[[[-73.915453428369318,40.850502286710665],[-73.914899426553816,40.850216286853396],[-73.914157427112286,40.849976285749641],[-73.913821427551625,40.850619286759802],[-73.913285427076104,40.85129028690195],[-73.912905427134518,40.851635286427182],[-73.911221426438274,40.852799287032923],[-73.910620426563739,40.853531287104261],[-73.910073426217565,40.854477288163629],[-73.911197426148846,40.854830287342068],[-73.911579427536878,40.854584287006467],[-73.912144427426398,40.854007287129278],[-73.912489426309591,40.853395287342551],[-73.913232427372662,40.852592287500755],[-73.914338426862273,40.851665286625995],[-73.915453428369318,40.850502286710665]]]},"properties":{"OBJECTID":161237,"GEOID20":"360050243002","GEOID10":"360050243002","STATEFP":"36","COUNTYFP":"005","D1C":4.1137785533568616,"D1C5_RET":0.17885993710247225,"D2B_E5MIXA":0.29309925615293564,"D3A":21.788999323526689,"D3AAO":0,"D3B":63.607363231961855,"D4A":218.59999999999999,"D4C":63.670000000000002,"D4D":2429.4426016699999,"D5AR":714408,"D5BR":2236841}},{"type":"Feature","id":161238,"geometry":{"type":"Polygon","coordinates":[[[-73.861194409962422,40.848611287615427],[-73.860388410048458,40.848244287652207],[-73.858655408948437,40.845294286595298],[-73.857679410053493,40.845700288116532],[-73.858703409527322,40.847008288116704],[-73.857087408603149,40.847737288160779],[-73.858618409138501,40.849695288219628],[-73.861194409962422,40.848611287615427]]]},"properties":{"OBJECTID":161238,"GEOID20":"360050244001","GEOID10":"360050244001","STATEFP":"36","COUNTYFP":"005","D1C":21.277371330918047,"D1C5_RET":2.8102188550269118,"D2B_E5MIXA":0.54764984258227634,"D3A":25.79049291061769,"D3AAO":0,"D3B":73.409798661927482,"D4A":358.07999999999998,"D4C":13.33,"D4D":489.27630808200001,"D5AR":590481,"D5BR":1743253}},{"type":"Feature","id":161239,"geometry":{"type":"Polygon","coordinates":[[[-73.862062411597265,40.852315288277069],[-73.862120410425277,40.850814287741571],[-73.861746411229788,40.850904288732899],[-73.860122409909692,40.851635288465637],[-73.860149410572177,40.853043288861286],[-73.861059411141511,40.854216289378648],[-73.860972411102892,40.856815289971621],[-73.861921410233634,40.856791290184461],[-73.862062411597265,40.852315288277069]]]},"properties":{"OBJECTID":161239,"GEOID20":"360050246001","GEOID10":"360050246001","STATEFP":"36","COUNTYFP":"005","D1C":3.155907802204899,"D1C5_RET":0.056355496467944625,"D2B_E5MIXA":0.30832667965116189,"D3A":39.638826943018401,"D3AAO":0,"D3B":120.24910414344151,"D4A":295.05000000000001,"D4C":46,"D4D":1659.10581602,"D5AR":624846,"D5BR":2644286}},{"type":"Feature","id":161240,"geometry":{"type":"Polygon","coordinates":[[[-73.863041410865264,40.850619288118779],[-73.862790409896789,40.849246289025622],[-73.862510410412611,40.848370288592641],[-73.861194409962422,40.848611287615427],[-73.858618409138501,40.849695288219628],[-73.860122409909692,40.851635288465637],[-73.861746411229788,40.850904288732899],[-73.863041410865264,40.850619288118779]]]},"properties":{"OBJECTID":161240,"GEOID20":"360050246002","GEOID10":"360050246002","STATEFP":"36","COUNTYFP":"005","D1C":4.7182981500130197,"D1C5_RET":0,"D2B_E5MIXA":0.39570283286471347,"D3A":30.987615252046073,"D3AAO":0,"D3B":96.373749447074445,"D4A":667.88,"D4C":49,"D4D":1574.1045743,"D5AR":585302,"D5BR":2002045}},{"type":"Feature","id":161241,"geometry":{"type":"Polygon","coordinates":[[[-73.861890411169824,40.856930289482129],[-73.861921410233634,40.856791290184461],[-73.86012841065579,40.856822289539849],[-73.859380409569837,40.855275289520051],[-73.858661409694534,40.855856289812856],[-73.857881408821541,40.854304289484816],[-73.855352408751614,40.855441290026569],[-73.856639409787817,40.858127289790971],[-73.861792411260538,40.857991289272768],[-73.861785410689521,40.857394290099492],[-73.861890411169824,40.856930289482129]]]},"properties":{"OBJECTID":161241,"GEOID20":"360050248001","GEOID10":"360050248001","STATEFP":"36","COUNTYFP":"005","D1C":12.029810458030932,"D1C5_RET":0.88769593710660821,"D2B_E5MIXA":0.54669605678262634,"D3A":40.1061568894808,"D3AAO":0,"D3B":130.62966088004114,"D4A":238.72,"D4C":47.670000000000002,"D4D":933.88061400000004,"D5AR":621644,"D5BR":2609185}},{"type":"Feature","id":161242,"geometry":{"type":"Polygon","coordinates":[[[-73.916791428560842,40.854881288134209],[-73.916936428325769,40.854617287046565],[-73.916540428490663,40.854723287537603],[-73.916191428511212,40.854590287323838],[-73.915449428171357,40.856506287036673],[-73.913941428100543,40.856329288340916],[-73.910414425801108,40.855737287842963],[-73.909917426581956,40.85665328801236],[-73.909811426276733,40.857356288103496],[-73.910209425761693,40.858297289027021],[-73.910905426969094,40.858786288757273],[-73.913285427076104,40.859627288293709],[-73.915609428903238,40.858627288536596],[-73.916791428560842,40.854881288134209]]]},"properties":{"OBJECTID":161242,"GEOID20":"360050249001","GEOID10":"360050249001","STATEFP":"36","COUNTYFP":"005","D1C":3.1447867653806068,"D1C5_RET":0.11647358390298544,"D2B_E5MIXA":0.43001018240517536,"D3A":16.28460334872717,"D3AAO":0,"D3B":49.720243496506427,"D4A":352.70999999999998,"D4C":64,"D4D":954.15159933300004,"D5AR":632131,"D5BR":2183490}},{"type":"Feature","id":161243,"geometry":{"type":"Polygon","coordinates":[[[-73.90764942572963,40.854773287569351],[-73.908502425499236,40.853825287663419],[-73.907334425187045,40.853824288165278],[-73.905571425746416,40.855795287613653],[-73.907300425750179,40.856412286985936],[-73.908361425932242,40.855148287284024],[-73.90764942572963,40.854773287569351]]]},"properties":{"OBJECTID":161243,"GEOID20":"360050251003","GEOID10":"360050251003","STATEFP":"36","COUNTYFP":"005","D1C":27.59050968565403,"D1C5_RET":1.1215654343761801,"D2B_E5MIXA":0.62190427116576952,"D3A":39.053113248397608,"D3AAO":0,"D3B":71.780187800075524,"D4A":273.58999999999997,"D4C":76.670000000000002,"D4D":5503.3869986299997,"D5AR":685644,"D5BR":2247418}},{"type":"Feature","id":161244,"geometry":{"type":"Polygon","coordinates":[[[-73.909746426877732,40.855868287498858],[-73.908361425932242,40.855148287284024],[-73.907300425750179,40.856412286985936],[-73.908968426552875,40.856998288147516],[-73.909746426877732,40.855868287498858]]]},"properties":{"OBJECTID":161244,"GEOID20":"360050251004","GEOID10":"360050251004","STATEFP":"36","COUNTYFP":"005","D1C":1.2416116715470285,"D1C5_RET":0,"D2B_E5MIXA":0.67041555287194932,"D3A":22.688927071124688,"D3AAO":0,"D3B":0,"D4A":260.18000000000001,"D4C":58,"D4D":6584.08932112,"D5AR":643931,"D5BR":2410972}},{"type":"Feature","id":161245,"geometry":{"type":"Polygon","coordinates":[[[-73.91850142919634,40.858360287102371],[-73.919291429216742,40.857483287465463],[-73.917426428770554,40.856782287629251],[-73.917457429631014,40.856324287641534],[-73.917365428671189,40.856103286927315],[-73.917218427459773,40.856023286969702],[-73.91712842884472,40.857052287657474],[-73.916160429447373,40.858793288117234],[-73.915389427896912,40.859137288559786],[-73.91508042810041,40.859201287970997],[-73.91541342728803,40.858867288197345],[-73.915418428209222,40.858709287595595],[-73.913285427076104,40.859627288293709],[-73.912259427952463,40.860198288330047],[-73.911583426836529,40.860351288381715],[-73.910758427554327,40.860748288705906],[-73.909970427183723,40.861311288753029],[-73.909555427082026,40.861730289364999],[-73.90917242676737,40.862232288869833],[-73.909041426347798,40.862687289319794],[-73.90986842617815,40.862318288419516],[-73.910757427729393,40.861659288585216],[-73.912940428192925,40.861972288082832],[-73.914341429031921,40.862529288998203],[-73.91850142919634,40.858360287102371]]]},"properties":{"OBJECTID":161245,"GEOID20":"360050257001","GEOID10":"360050257001","STATEFP":"36","COUNTYFP":"005","D1C":4.5180119881525282,"D1C5_RET":2.3536948680794607,"D2B_E5MIXA":0.56618741356677427,"D3A":35.94705383899953,"D3AAO":21.59598672409437,"D3B":26.771025420683038,"D4A":222.63,"D4C":53,"D4D":851.14837870199995,"D5AR":679561,"D5BR":2553788}},{"type":"Feature","id":161247,"geometry":{"type":"Polygon","coordinates":[[[-73.906436425211595,40.859773289049819],[-73.906799425434755,40.85938228887985],[-73.904869424691228,40.858701288802145],[-73.904082425043853,40.859996289239206],[-73.905709425838666,40.86057528941852],[-73.906436425211595,40.859773289049819]]]},"properties":{"OBJECTID":161247,"GEOID20":"360050253002","GEOID10":"360050253002","STATEFP":"36","COUNTYFP":"005","D1C":13.286906615634235,"D1C5_RET":1.3904902272175361,"D2B_E5MIXA":0.32186688233058508,"D3A":27.02359088387999,"D3AAO":0,"D3B":197.75861009316068,"D4A":213.24000000000001,"D4C":55.670000000000002,"D4D":5504.6109119399998,"D5AR":722567,"D5BR":2357285}},{"type":"Feature","id":161248,"geometry":{"type":"Polygon","coordinates":[[[-73.857809409749834,40.850059288276732],[-73.858618409138501,40.849695288219628],[-73.856065408779131,40.846428287989902],[-73.853637408991545,40.847519287481774],[-73.856191409175835,40.850787289187018],[-73.857809409749834,40.850059288276732]]]},"properties":{"OBJECTID":161248,"GEOID20":"360050252001","GEOID10":"360050252001","STATEFP":"36","COUNTYFP":"005","D1C":7.9463373272068454,"D1C5_RET":1.8151531965700916,"D2B_E5MIXA":0.89310672015084824,"D3A":26.922230775612167,"D3AAO":0,"D3B":51.631024257993715,"D4A":159.59,"D4C":19.670000000000002,"D4D":507.79112357700001,"D5AR":633368,"D5BR":2686554}},{"type":"Feature","id":161249,"geometry":{"type":"Polygon","coordinates":[[[-73.907774426301401,40.859616288661165],[-73.907259424843957,40.859362288360771],[-73.907072426144538,40.859370289112675],[-73.904039424487834,40.862749288612051],[-73.904935424813459,40.862757289634175],[-73.907774426301401,40.859616288661165]]]},"properties":{"OBJECTID":161249,"GEOID20":"360050253003","GEOID10":"360050253003","STATEFP":"36","COUNTYFP":"005","D1C":8.3468861099482634,"D1C5_RET":4.4612667139378654,"D2B_E5MIXA":0.68056910951867411,"D3A":16.087115939128996,"D3AAO":0,"D3B":0,"D4A":0,"D4C":59,"D4D":5434.1106812400003,"D5AR":647491,"D5BR":2353553}},{"type":"Feature","id":161250,"geometry":{"type":"Polygon","coordinates":[[[-73.855384408538669,40.851152288899172],[-73.856191409175835,40.850787289187018],[-73.853637408991545,40.847519287481774],[-73.850346406693674,40.849001288592596],[-73.851369407240909,40.850312288682261],[-73.853047408089353,40.849555288449288],[-73.854574408426757,40.851517288639116],[-73.855384408538669,40.851152288899172]]]},"properties":{"OBJECTID":161250,"GEOID20":"360050254001","GEOID10":"360050254001","STATEFP":"36","COUNTYFP":"005","D1C":13.7194702892861,"D1C5_RET":0.55561717682467071,"D2B_E5MIXA":0.65220575870957642,"D3A":26.406217241145143,"D3AAO":0,"D3B":54.706922025813732,"D4A":146.18000000000001,"D4C":19.670000000000002,"D4D":538.04257812399999,"D5AR":627942,"D5BR":2573409}},{"type":"Feature","id":161251,"geometry":{"type":"Polygon","coordinates":[[[-73.852831407280974,40.847882288352395],[-73.853637408991545,40.847519287481774],[-73.8521924068733,40.845664287489605],[-73.849074406624396,40.847070287813487],[-73.850346406693674,40.849001288592596],[-73.852831407280974,40.847882288352395]]]},"properties":{"OBJECTID":161251,"GEOID20":"360050254002","GEOID10":"360050254002","STATEFP":"36","COUNTYFP":"005","D1C":7.4230202143471322,"D1C5_RET":4.0880401180462469,"D2B_E5MIXA":0.66963925142722325,"D3A":28.138660328891522,"D3AAO":0,"D3B":68.851201988147309,"D4A":269.56999999999999,"D4C":39.670000000000002,"D4D":1365.66359143,"D5AR":591815,"D5BR":698219}},{"type":"Feature","id":161252,"geometry":{"type":"Polygon","coordinates":[[[-73.910209425761693,40.858297289027021],[-73.909811426276733,40.857356288103496],[-73.904935424813459,40.862757289634175],[-73.906160425925378,40.862787288872802],[-73.910209425761693,40.858297289027021]]]},"properties":{"OBJECTID":161252,"GEOID20":"360050255001","GEOID10":"360050255001","STATEFP":"36","COUNTYFP":"005","D1C":19.307476873461766,"D1C5_RET":0.35361679255424483,"D2B_E5MIXA":0.11907081205139088,"D3A":32.863235687884554,"D3AAO":0,"D3B":135.46730271575677,"D4A":250.78999999999999,"D4C":67.329999999999998,"D4D":3040.3378306200002,"D5AR":614359,"D5BR":2744732}},{"type":"Feature","id":161253,"geometry":{"type":"Polygon","coordinates":[[[-73.855742408738948,40.843151287083906],[-73.855211407387984,40.842983287043332],[-73.851132406516129,40.844114288273822],[-73.850259406655027,40.844372287835569],[-73.847348406095378,40.845511287495199],[-73.849074406624396,40.847070287813487],[-73.8521924068733,40.845664287489605],[-73.851153407330841,40.844330287959508],[-73.852058406978998,40.844113287949561],[-73.852211407139862,40.844272286986744],[-73.853030407472616,40.843935287078992],[-73.855742408738948,40.843151287083906]]]},"properties":{"OBJECTID":161253,"GEOID20":"360050256001","GEOID10":"360050256001","STATEFP":"36","COUNTYFP":"005","D1C":4.0090319828000061,"D1C5_RET":0.29696533205925968,"D2B_E5MIXA":0.26068473289889171,"D3A":30.356860292749857,"D3AAO":0,"D3B":42.256186983152261,"D4A":431.83999999999997,"D4C":35,"D4D":1108.6705730199999,"D5AR":594089,"D5BR":1606067}},{"type":"Feature","id":161254,"geometry":{"type":"Polygon","coordinates":[[[-73.854977407934584,40.84304228744589],[-73.855211407387984,40.842983287043332],[-73.85430040789204,40.842679287246618],[-73.853336407794373,40.842478286735997],[-73.848070405445412,40.843080288138054],[-73.846236404961346,40.84449828798347],[-73.847348406095378,40.845511287495199],[-73.850259406655027,40.844372287835569],[-73.854977407934584,40.84304228744589]]]},"properties":{"OBJECTID":161254,"GEOID20":"360050256002","GEOID10":"360050256002","STATEFP":"36","COUNTYFP":"005","D1C":15.017958316471065,"D1C5_RET":3.1993144283209034,"D2B_E5MIXA":0.69260668310271556,"D3A":24.736762013426738,"D3AAO":0,"D3B":208.87533483648417,"D4A":150.21000000000001,"D4C":35,"D4D":843.11344934600004,"D5AR":646095,"D5BR":1668201}},{"type":"Feature","id":161255,"geometry":{"type":"Polygon","coordinates":[[[-73.832966401752813,40.84352628801674],[-73.832896400534295,40.84143828811164],[-73.83154240044928,40.839755287156478],[-73.829675399454928,40.840617287455288],[-73.830433400586614,40.843866288269865],[-73.832966401752813,40.84352628801674]]]},"properties":{"OBJECTID":161255,"GEOID20":"360050264002","GEOID10":"360050264002","STATEFP":"36","COUNTYFP":"005","D1C":1.9066981049553677,"D1C5_RET":0,"D2B_E5MIXA":0.51041589337813864,"D3A":34.438485900423608,"D3AAO":0,"D3B":340.6019074332923,"D4A":156.91,"D4C":67,"D4D":1901.37708699,"D5AR":639882,"D5BR":1722890}},{"type":"Feature","id":161256,"geometry":{"type":"Polygon","coordinates":[[[-73.909108426294949,40.863563289321348],[-73.909100426797352,40.863009289066355],[-73.908385425323388,40.86340728979674],[-73.907540425949691,40.863568288794859],[-73.906184425316511,40.865101290013875],[-73.905827425839448,40.865293289795822],[-73.905046426039846,40.865434290279005],[-73.904663424826907,40.865624289775944],[-73.902359423989566,40.868704290637119],[-73.903669424591968,40.869503290367753],[-73.904043424685796,40.869552290171825],[-73.90448442472676,40.869396290489377],[-73.907135426792038,40.867930291256066],[-73.90781942650726,40.866629289113611],[-73.907970427018313,40.865973290038198],[-73.90882742698588,40.864862289854301],[-73.909028426827334,40.864224289953803],[-73.909108426294949,40.863563289321348]]]},"properties":{"OBJECTID":161256,"GEOID20":"360050261001","GEOID10":"360050261001","STATEFP":"36","COUNTYFP":"005","D1C":1.4823276435113193,"D1C5_RET":0.069484108289593088,"D2B_E5MIXA":0.26089835221301705,"D3A":24.592532025085617,"D3AAO":0,"D3B":108.74244017763384,"D4A":92.540000000000006,"D4C":57,"D4D":844.91808753099997,"D5AR":600860,"D5BR":2165092}},{"type":"Feature","id":161257,"geometry":{"type":"Polygon","coordinates":[[[-73.909100426797352,40.863009289066355],[-73.909041426347798,40.862687289319794],[-73.908211426144419,40.862836288890769],[-73.903320424612531,40.862743289713094],[-73.902519424721461,40.863806289521058],[-73.903127424268675,40.864111288884565],[-73.903917425187402,40.864378289555482],[-73.903994425180315,40.864256289247642],[-73.904740424819792,40.864177289646761],[-73.906385425157964,40.863452289226977],[-73.906754426127208,40.863413288635556],[-73.907390426161854,40.863563290000677],[-73.907783426522244,40.863548288860407],[-73.908385425323388,40.86340728979674],[-73.909100426797352,40.863009289066355]]]},"properties":{"OBJECTID":161257,"GEOID20":"360050263001","GEOID10":"360050263001","STATEFP":"36","COUNTYFP":"005","D1C":5.6052088663555475,"D1C5_RET":4.5203297309318931,"D2B_E5MIXA":0.42690874079652458,"D3A":58.593708328400638,"D3AAO":0,"D3B":848.68305498715176,"D4A":118.02,"D4C":62,"D4D":2817.8840791100001,"D5AR":612208,"D5BR":2420118}},{"type":"Feature","id":161258,"geometry":{"type":"Polygon","coordinates":[[[-73.903323424985558,40.865319289907518],[-73.903917425187402,40.864378289555482],[-73.903127424268675,40.864111288884565],[-73.902519424721461,40.863806289521058],[-73.90194642533433,40.864561289256194],[-73.903323424985558,40.865319289907518]]]},"properties":{"OBJECTID":161258,"GEOID20":"360050263002","GEOID10":"360050263002","STATEFP":"36","COUNTYFP":"005","D1C":3.1139052969680527,"D1C5_RET":0,"D2B_E5MIXA":0.56943164968284954,"D3A":41.570811744692463,"D3AAO":0,"D3B":120.8421721063384,"D4A":230.66999999999999,"D4C":67.670000000000002,"D4D":12259.9547023,"D5AR":606259,"D5BR":2422181}},{"type":"Feature","id":161259,"geometry":{"type":"Polygon","coordinates":[[[-73.837051402472454,40.840117287354317],[-73.837302401644308,40.840027286663741],[-73.835008400852715,40.83811528714299],[-73.83154240044928,40.839755287156478],[-73.832896400534295,40.84143828811164],[-73.837059402868377,40.841347288169182],[-73.837051402472454,40.840117287354317]]]},"properties":{"OBJECTID":161259,"GEOID20":"360050264003","GEOID10":"360050264003","STATEFP":"36","COUNTYFP":"005","D1C":3.5084195277616601,"D1C5_RET":0.90315750219607094,"D2B_E5MIXA":0.60863785245912105,"D3A":31.488622516272002,"D3AAO":0,"D3B":207.55393084313891,"D4A":289.68000000000001,"D4C":60.670000000000002,"D4D":1348.78930851,"D5AR":654125,"D5BR":1728679}},{"type":"Feature","id":161260,"geometry":{"type":"Polygon","coordinates":[[[-73.837665401867469,40.840943286550036],[-73.837631402430603,40.84030128717766],[-73.837302401644308,40.840027286663741],[-73.837051402472454,40.840117287354317],[-73.837059402868377,40.841347288169182],[-73.832896400534295,40.84143828811164],[-73.832966401752813,40.84352628801674],[-73.836869402897591,40.843481287282899],[-73.837665401867469,40.840943286550036]]]},"properties":{"OBJECTID":161260,"GEOID20":"360050264004","GEOID10":"360050264004","STATEFP":"36","COUNTYFP":"005","D1C":1.9595853426561438,"D1C5_RET":0,"D2B_E5MIXA":0.49240116636050657,"D3A":31.869845846265669,"D3AAO":0,"D3B":180.53837906013115,"D4A":445.25,"D4C":66.670000000000002,"D4D":1900.2989788299999,"D5AR":644643,"D5BR":1728750}},{"type":"Feature","id":161261,"geometry":{"type":"Polygon","coordinates":[[[-73.902075424307426,40.867005289622242],[-73.89887442331954,40.865592289784423],[-73.896562422086305,40.868573291232245],[-73.898919424423696,40.869666291405579],[-73.899601424489092,40.868935290921691],[-73.899645424870016,40.868476290774709],[-73.899531423270588,40.867889290653892],[-73.901141425245271,40.868288290547859],[-73.902075424307426,40.867005289622242]]]},"properties":{"OBJECTID":161261,"GEOID20":"360050265001","GEOID10":"360050265001","STATEFP":"36","COUNTYFP":"005","D1C":8.4232542209642087,"D1C5_RET":1.6290255804694931,"D2B_E5MIXA":0.80019915373940298,"D3A":24.24323561057934,"D3AAO":0,"D3B":101.44558653441366,"D4A":187.75999999999999,"D4C":128.66999999999999,"D4D":3262.4352960199999,"D5AR":603816,"D5BR":2422846}},{"type":"Feature","id":161262,"geometry":{"type":"Polygon","coordinates":[[[-73.933460432225658,40.833192282792957],[-73.933418433291166,40.831385283165247],[-73.933060431294265,40.828164281861817],[-73.930957431196688,40.828343282142889],[-73.929773430990963,40.828688281492383],[-73.928757431014745,40.829194282049571],[-73.927265429939126,40.830573281705625],[-73.928573430891717,40.830151282283737],[-73.930712432770932,40.830582282384],[-73.930110430376544,40.831649281651771],[-73.930935431455381,40.831922282982042],[-73.929381432252114,40.834678283300391],[-73.930356431322153,40.834513282222254],[-73.933145432581384,40.834823282158162],[-73.933460432225658,40.833192282792957]]]},"properties":{"OBJECTID":161262,"GEOID20":"360050189001","GEOID10":"360050189001","STATEFP":"36","COUNTYFP":"005","D1C":2.6586327152847109,"D1C5_RET":1.098130904139337,"D2B_E5MIXA":0.7599849542127417,"D3A":39.959909949835371,"D3AAO":23.501715418753914,"D3B":73.99422717584622,"D4A":174.34999999999999,"D4C":95.670000000000002,"D4D":1179.4448040499999,"D5AR":932652,"D5BR":2513634}},{"type":"Feature","id":161263,"geometry":{"type":"Polygon","coordinates":[[[-73.891168419690828,40.860113289507467],[-73.891107419591449,40.857435289045974],[-73.889919419187791,40.856806288778522],[-73.888346419717934,40.858608289253823],[-73.886874418733825,40.857835288854083],[-73.885992419550206,40.858814288910402],[-73.886786419768583,40.859205289715611],[-73.887161419687317,40.859604288936346],[-73.890330419989837,40.861279290074499],[-73.891168419690828,40.860113289507467]]]},"properties":{"OBJECTID":161263,"GEOID20":"360050387001","GEOID10":"360050387001","STATEFP":"36","COUNTYFP":"005","D1C":62.043057534487815,"D1C5_RET":1.1699547992217703,"D2B_E5MIXA":0.50348877576673468,"D3A":30.132763214406545,"D3AAO":0,"D3B":136.16288485100301,"D4A":264.19999999999999,"D4C":98,"D4D":2223.6231820399998,"D5AR":591010,"D5BR":2092921}},{"type":"Feature","id":161264,"geometry":{"type":"Polygon","coordinates":[[[-73.922423430607665,40.841845285070725],[-73.921946429683373,40.84105328457364],[-73.920036429031327,40.843669285207703],[-73.92098842943345,40.844073285161279],[-73.922423430607665,40.841845285070725]]]},"properties":{"OBJECTID":161264,"GEOID20":"360050213023","GEOID10":"360050213023","STATEFP":"36","COUNTYFP":"005","D1C":4.2363239264609938,"D1C5_RET":0.62760354466088797,"D2B_E5MIXA":0.62664163027754327,"D3A":27.707468687110552,"D3AAO":0,"D3B":0,"D4A":234.69999999999999,"D4C":84,"D4D":8434.9916402399995,"D5AR":846961,"D5BR":1588998}},{"type":"Feature","id":161265,"geometry":{"type":"Polygon","coordinates":[[[-73.869378413442007,40.854274288442525],[-73.868610413162898,40.852096288865866],[-73.867802411802501,40.851597287922544],[-73.867646412166906,40.856632289251834],[-73.868633413627435,40.856622289257345],[-73.868702412326101,40.854375289315399],[-73.869378413442007,40.854274288442525]]]},"properties":{"OBJECTID":161265,"GEOID20":"360050224012","GEOID10":"360050224012","STATEFP":"36","COUNTYFP":"005","D1C":104.73365751853244,"D1C5_RET":8.2706015710490828,"D2B_E5MIXA":0.36632471158548624,"D3A":20.843801263557822,"D3AAO":0,"D3B":0,"D4A":127.41,"D4C":73.329999999999998,"D4D":3843.0619450600002,"D5AR":696060,"D5BR":2613480}},{"type":"Feature","id":161266,"geometry":{"type":"Polygon","coordinates":[[[-73.913138426763027,40.839822284710088],[-73.912080426055681,40.839461284654831],[-73.911516425991067,40.840611285192978],[-73.912699426371873,40.84093828468945],[-73.913138426763027,40.839822284710088]]]},"properties":{"OBJECTID":161266,"GEOID20":"360050225005","GEOID10":"360050225005","STATEFP":"36","COUNTYFP":"005","D1C":0.89739327892517662,"D1C5_RET":0,"D2B_E5MIXA":0.39548848910372325,"D3A":45.926403412001264,"D3AAO":0,"D3B":0,"D4A":131.43000000000001,"D4C":69.329999999999998,"D4D":13272.805552600001,"D5AR":685282,"D5BR":2185571}},{"type":"Feature","id":161267,"geometry":{"type":"Polygon","coordinates":[[[-73.92004742620702,40.807915277834582],[-73.920540427024861,40.807243278348601],[-73.917965426025859,40.806124278352911],[-73.917480425603969,40.806831278058979],[-73.92004742620702,40.807915277834582]]]},"properties":{"OBJECTID":161267,"GEOID20":"360050025001","GEOID10":"360050025001","STATEFP":"36","COUNTYFP":"005","D1C":22.925168355074252,"D1C5_RET":11.369392436256337,"D2B_E5MIXA":0.72015737979009431,"D3A":28.266169261200847,"D3AAO":0,"D3B":0,"D4A":229.33000000000001,"D4C":54.329999999999998,"D4D":6480.7773488499997,"D5AR":1016060,"D5BR":1757019}},{"type":"Feature","id":161268,"geometry":{"type":"Polygon","coordinates":[[[-73.876439418611895,40.896879297409129],[-73.877121418677291,40.895477296684106],[-73.874807416895877,40.895734296962836],[-73.870488415824511,40.896648296855872],[-73.870721417249669,40.897916297587876],[-73.874112417310016,40.897566297127206],[-73.875896417565372,40.897567297323256],[-73.876439418611895,40.896879297409129]]]},"properties":{"OBJECTID":161268,"GEOID20":"360050449012","GEOID10":"360050449012","STATEFP":"36","COUNTYFP":"005","D1C":4.0481768243636882,"D1C5_RET":0.088003844007906271,"D2B_E5MIXA":0.56457318248424293,"D3A":33.365835721358359,"D3AAO":0,"D3B":112.70123683939987,"D4A":215.91999999999999,"D4C":45.329999999999998,"D4D":1276.5484922400001,"D5AR":547258,"D5BR":1372564}},{"type":"Feature","id":161269,"geometry":{"type":"Polygon","coordinates":[[[-73.859874412009205,40.896759296975489],[-73.856161411733567,40.895605297853997],[-73.855250412237623,40.897260297546929],[-73.858652412168638,40.898572297234416],[-73.859874412009205,40.896759296975489]]]},"properties":{"OBJECTID":161269,"GEOID20":"360050418002","GEOID10":"360050418002","STATEFP":"36","COUNTYFP":"005","D1C":3.702073291772856,"D1C5_RET":0.28922447591975436,"D2B_E5MIXA":0.4795958779422233,"D3A":31.664039966457917,"D3AAO":0,"D3B":37.020732917728559,"D4A":281.63999999999999,"D4C":68.670000000000002,"D4D":2542.2137294600002,"D5AR":501669,"D5BR":3487858}},{"type":"Feature","id":161270,"geometry":{"type":"Polygon","coordinates":[[[-73.881071416982763,40.845401286676868],[-73.881662416811551,40.844602286361024],[-73.880462415814009,40.843917286628368],[-73.879762416205253,40.84468928600883],[-73.881071416982763,40.845401286676868]]]},"properties":{"OBJECTID":161270,"GEOID20":"360050363002","GEOID10":"360050363002","STATEFP":"36","COUNTYFP":"005","D1C":5.7164483369512933,"D1C5_RET":3.3095227213928542,"D2B_E5MIXA":0.57001402370052867,"D3A":48.263623515752172,"D3AAO":0,"D3B":0,"D4A":307.12,"D4C":51,"D4D":9820.25651148,"D5AR":675013,"D5BR":2060092}},{"type":"Feature","id":161271,"geometry":{"type":"Polygon","coordinates":[[[-73.894932419121787,40.818855281222383],[-73.893324418593537,40.817886281335078],[-73.890825418660839,40.820315281388829],[-73.891616418506175,40.820993281685482],[-73.892837419420133,40.82098228175802],[-73.894932419121787,40.818855281222383]]]},"properties":{"OBJECTID":161271,"GEOID20":"360050089001","GEOID10":"360050089001","STATEFP":"36","COUNTYFP":"005","D1C":20.377027930170854,"D1C5_RET":2.872826888515891,"D2B_E5MIXA":0.78576373941777466,"D3A":24.030330416638751,"D3AAO":0,"D3B":85.516707379077673,"D4A":179.71000000000001,"D4C":123.33,"D4D":5273.3877605300004,"D5AR":915156,"D5BR":1471309}},{"type":"Feature","id":161272,"geometry":{"type":"Polygon","coordinates":[[[-73.904184422456154,40.813095278954108],[-73.904467422313374,40.812290280144609],[-73.904181422083099,40.812133279446385],[-73.899342420429733,40.813497279402256],[-73.899729420044039,40.814298279507298],[-73.904184422456154,40.813095278954108]]]},"properties":{"OBJECTID":161272,"GEOID20":"360050083004","GEOID10":"360050083004","STATEFP":"36","COUNTYFP":"005","D1C":18.65176416100039,"D1C5_RET":0.87887893952357854,"D2B_E5MIXA":0.37022949303508607,"D3A":24.459380484844989,"D3AAO":0,"D3B":62.49805792167669,"D4A":178.37,"D4C":52.329999999999998,"D4D":3270.5233710399998,"D5AR":931557,"D5BR":1458917}},{"type":"Feature","id":161273,"geometry":{"type":"Polygon","coordinates":[[[-73.861102412595855,40.880553294031721],[-73.861481411814211,40.879826294709808],[-73.858601411216711,40.87896229415496],[-73.857057410262556,40.881753294532686],[-73.859942411781276,40.882673294490829],[-73.861102412595855,40.880553294031721]]]},"properties":{"OBJECTID":161273,"GEOID20":"360050390001","GEOID10":"360050390001","STATEFP":"36","COUNTYFP":"005","D1C":7.9542577996588451,"D1C5_RET":0.31817031198635382,"D2B_E5MIXA":0.18422652564843225,"D3A":26.648461440544228,"D3AAO":0,"D3B":58.179714191790403,"D4A":211.90000000000001,"D4C":42,"D4D":1221.77399803,"D5AR":478399,"D5BR":3243060}},{"type":"Feature","id":161274,"geometry":{"type":"Polygon","coordinates":[[[-73.909567428574221,40.883740293824999],[-73.909308428108133,40.883677293405867],[-73.909117428312427,40.882810292962482],[-73.908624427494601,40.88246329264431],[-73.907990427109794,40.883170292765307],[-73.907227427751863,40.885165293333607],[-73.909034428471742,40.885492292970198],[-73.909567428574221,40.883740293824999]]]},"properties":{"OBJECTID":161274,"GEOID20":"360050295003","GEOID10":"360050295003","STATEFP":"36","COUNTYFP":"005","D1C":3.393206799986427,"D1C5_RET":0,"D2B_E5MIXA":0.42636668798546218,"D3A":34.819177727651827,"D3AAO":0,"D3B":127.70252013839547,"D4A":269.56999999999999,"D4C":37.329999999999998,"D4D":2382.3763502100001,"D5AR":627494,"D5BR":2567336}},{"type":"Feature","id":161275,"geometry":{"type":"Polygon","coordinates":[[[-73.870456414240849,40.866641291641692],[-73.870420413357522,40.865371290779599],[-73.867361413558186,40.865437290965396],[-73.867318413002153,40.866585291147707],[-73.870456414240849,40.866641291641692]]]},"properties":{"OBJECTID":161275,"GEOID20":"360050336002","GEOID10":"360050336002","STATEFP":"36","COUNTYFP":"005","D1C":8.568560726613951,"D1C5_RET":4.8963204152079713,"D2B_E5MIXA":0.65053156054549899,"D3A":31.347635633045368,"D3AAO":0,"D3B":148.11680532926115,"D4A":0,"D4C":52.329999999999998,"D4D":3875.47621144,"D5AR":608323,"D5BR":3156613}},{"type":"Feature","id":161276,"geometry":{"type":"Polygon","coordinates":[[[-73.913103428399538,40.882819292658795],[-73.913759429423976,40.881564293533707],[-73.911726427849985,40.88074729269816],[-73.911016428195495,40.882099292030844],[-73.910427428016533,40.883478293132555],[-73.91043142821448,40.884278292902479],[-73.909983428500823,40.885666293414175],[-73.911849428771944,40.886013293238072],[-73.912522428616484,40.884019293504977],[-73.913103428399538,40.882819292658795]]]},"properties":{"OBJECTID":161276,"GEOID20":"360050297002","GEOID10":"360050297002","STATEFP":"36","COUNTYFP":"005","D1C":12.498690926581901,"D1C5_RET":0.12334234467021613,"D2B_E5MIXA":0.31478070161491289,"D3A":34.43940403381518,"D3AAO":0,"D3B":184.21754774105239,"D4A":327.23000000000002,"D4C":37.329999999999998,"D4D":982.26554166200003,"D5AR":620016,"D5BR":2565961}},{"type":"Feature","id":161277,"geometry":{"type":"Polygon","coordinates":[[[-73.840933403700816,40.859340291044013],[-73.840973403883794,40.85795729079814],[-73.836820403392082,40.857285290788319],[-73.833234401541418,40.858634290631031],[-73.830173401193946,40.859642291680906],[-73.8309574022649,40.861032291877649],[-73.831813402407562,40.8607622910869],[-73.832433401650349,40.860681290567072],[-73.834308403040595,40.860739290764819],[-73.834372402614704,40.85880829033448],[-73.840933403700816,40.859340291044013]]]},"properties":{"OBJECTID":161277,"GEOID20":"360050310001","GEOID10":"360050310001","STATEFP":"36","COUNTYFP":"005","D1C":10.368502266671406,"D1C5_RET":0,"D2B_E5MIXA":0.16188736877420926,"D3A":29.954752109734368,"D3AAO":0,"D3B":89.642658179173466,"D4A":445.25,"D4C":45.329999999999998,"D4D":761.52580495899997,"D5AR":604804,"D5BR":208188}},{"type":"Feature","id":161278,"geometry":{"type":"Polygon","coordinates":[[[-73.866529412806628,40.85959128979821],[-73.866584413058234,40.857864289525899],[-73.864672412756349,40.857914289904691],[-73.864632412573386,40.859617290789551],[-73.866529412806628,40.85959128979821]]]},"properties":{"OBJECTID":161278,"GEOID20":"360050330002","GEOID10":"360050330002","STATEFP":"36","COUNTYFP":"005","D1C":15.638572757054931,"D1C5_RET":1.3253027760216043,"D2B_E5MIXA":0.40142765484239107,"D3A":24.533261550349078,"D3AAO":0,"D3B":141.39390256819291,"D4A":244.08000000000001,"D4C":73,"D4D":6191.8145695699995,"D5AR":615114,"D5BR":2598014}},{"type":"Feature","id":161279,"geometry":{"type":"Polygon","coordinates":[[[-73.886121417625006,40.840432286090525],[-73.886186417922346,40.840113285136376],[-73.884650417364114,40.839183285190671],[-73.884198417452495,40.839356285969622],[-73.883469417531444,40.839065285618091],[-73.882742416361893,40.83865228546005],[-73.883021416021151,40.838684284873089],[-73.882293415925005,40.838083285416346],[-73.88200741569473,40.837468284763219],[-73.881551415585164,40.838219284662237],[-73.880515416415747,40.839245286091348],[-73.880164415888174,40.840006286031958],[-73.880424416179167,40.840079286322528],[-73.885661418215776,40.84271828577392],[-73.886121417625006,40.840432286090525]]]},"properties":{"OBJECTID":161279,"GEOID20":"360050359001","GEOID10":"360050359001","STATEFP":"36","COUNTYFP":"005","D1C":9.1886317368453252,"D1C5_RET":0.96405316583295209,"D2B_E5MIXA":0.66082222441091498,"D3A":35.736543996930358,"D3AAO":6.4111161160975714,"D3B":147.8664745754582,"D4A":195.80000000000001,"D4C":92,"D4D":1773.85782513,"D5AR":730855,"D5BR":2441405}},{"type":"Feature","id":161280,"geometry":{"type":"Polygon","coordinates":[[[-73.888320417982058,40.845187286340959],[-73.889018418839271,40.844378286359444],[-73.885661418215776,40.84271828577392],[-73.885455418351455,40.843775286224435],[-73.888320417982058,40.845187286340959]]]},"properties":{"OBJECTID":161280,"GEOID20":"360050365013","GEOID10":"360050365013","STATEFP":"36","COUNTYFP":"005","D1C":18.701222536319648,"D1C5_RET":12.909876202491628,"D2B_E5MIXA":0.60437401250031708,"D3A":22.882558081422598,"D3AAO":0,"D3B":51.50437339551052,"D4A":0,"D4C":58.329999999999998,"D4D":4504.1230887000002,"D5AR":691825,"D5BR":1432369}},{"type":"Feature","id":161281,"geometry":{"type":"Polygon","coordinates":[[[-73.893568420787631,40.845146285930994],[-73.893986420364058,40.84471228578726],[-73.892485419965951,40.843833285593455],[-73.891126418959715,40.845418286419921],[-73.892902420615783,40.846277286265256],[-73.893568420787631,40.845146285930994]]]},"properties":{"OBJECTID":161281,"GEOID20":"360050369012","GEOID10":"360050369012","STATEFP":"36","COUNTYFP":"005","D1C":39.573624543416273,"D1C5_RET":10.196884851677813,"D2B_E5MIXA":0.63693218191129553,"D3A":36.148278588097632,"D3AAO":0,"D3B":128.81065093894028,"D4A":202.50999999999999,"D4C":43.329999999999998,"D4D":3348.1496731799998,"D5AR":679243,"D5BR":1280884}},{"type":"Feature","id":161282,"geometry":{"type":"Polygon","coordinates":[[[-73.889972419789544,40.852111287843329],[-73.890500420767466,40.851232287943795],[-73.88933341938187,40.850840287421377],[-73.889901419644431,40.849877286799376],[-73.888156419747148,40.848937287481533],[-73.886437418890807,40.850317287796933],[-73.887519418090974,40.850957288232642],[-73.888033418825174,40.851005288627704],[-73.888783419560951,40.851349288062863],[-73.889972419789544,40.852111287843329]]]},"properties":{"OBJECTID":161282,"GEOID20":"360050373001","GEOID10":"360050373001","STATEFP":"36","COUNTYFP":"005","D1C":1.3599873424466942,"D1C5_RET":0,"D2B_E5MIXA":0.59956517461927183,"D3A":29.480890500714647,"D3AAO":0,"D3B":145.11367163315657,"D4A":146.18000000000001,"D4C":55.670000000000002,"D4D":2691.9287236999999,"D5AR":670003,"D5BR":579338}},{"type":"Feature","id":161283,"geometry":{"type":"Polygon","coordinates":[[[-73.892631420454123,40.855831288172084],[-73.893137420792414,40.855252288651641],[-73.89090342117359,40.854125288636361],[-73.890390420264282,40.854697288702056],[-73.890444419792644,40.855055288183223],[-73.891088420223184,40.856606287768258],[-73.891518420393524,40.856112288895396],[-73.892122420641101,40.856412287665393],[-73.892631420454123,40.855831288172084]]]},"properties":{"OBJECTID":161283,"GEOID20":"360050385003","GEOID10":"360050385003","STATEFP":"36","COUNTYFP":"005","D1C":11.908732474647826,"D1C5_RET":3.215357768154913,"D2B_E5MIXA":0.69394221491687624,"D3A":36.691360111246794,"D3AAO":0,"D3B":304.86355135098432,"D4A":295.05000000000001,"D4C":34.329999999999998,"D4D":2616.4914294700002,"D5AR":663585,"D5BR":1395661}},{"type":"Feature","id":161284,"geometry":{"type":"Polygon","coordinates":[[[-73.852484409646294,40.879471294688038],[-73.852198409416019,40.879365293730771],[-73.851866410053333,40.879067295281892],[-73.850443408574691,40.879775294108228],[-73.850947409263156,40.880371294835832],[-73.849810408014775,40.880929294935342],[-73.849050408131589,40.880469295300927],[-73.848400407853248,40.880780295324058],[-73.849736408394932,40.883563294564759],[-73.852484409646294,40.879471294688038]]]},"properties":{"OBJECTID":161284,"GEOID20":"360050386005","GEOID10":"360050386005","STATEFP":"36","COUNTYFP":"005","D1C":0.64339341126543259,"D1C5_RET":0,"D2B_E5MIXA":0.6765715949230876,"D3A":29.910553370369591,"D3AAO":0,"D3B":164.74989046227174,"D4A":222.63,"D4C":23.329999999999998,"D4D":960.66357022900002,"D5AR":520702,"D5BR":809501}},{"type":"Feature","id":161285,"geometry":{"type":"Polygon","coordinates":[[[-73.858668412062173,40.884953295225152],[-73.858761411948578,40.884785294563144],[-73.855885411549025,40.883869295013568],[-73.855105411574357,40.885279295527504],[-73.857987410923371,40.886199296048673],[-73.858668412062173,40.884953295225152]]]},"properties":{"OBJECTID":161285,"GEOID20":"360050396001","GEOID10":"360050396001","STATEFP":"36","COUNTYFP":"005","D1C":1.8110780948555956,"D1C5_RET":0,"D2B_E5MIXA":0.34939847028229709,"D3A":36.500060322053727,"D3AAO":0,"D3B":0,"D4A":183.72999999999999,"D4C":42.329999999999998,"D4D":2453.2139441700001,"D5AR":472891,"D5BR":3181840}},{"type":"Feature","id":161286,"geometry":{"type":"Polygon","coordinates":[[[-73.85412341013668,40.881645294318979],[-73.854555410855127,40.880955294340843],[-73.852034409384487,40.880148294657438],[-73.849736408394932,40.883563294564759],[-73.852372410391595,40.88440629604321],[-73.85412341013668,40.881645294318979]]]},"properties":{"OBJECTID":161286,"GEOID20":"360050398001","GEOID10":"360050398001","STATEFP":"36","COUNTYFP":"005","D1C":4.7235413967595079,"D1C5_RET":0,"D2B_E5MIXA":0,"D3A":23.850495904532245,"D3AAO":0,"D3B":77.514525485284224,"D4A":415.75,"D4C":12.67,"D4D":327.36967929999997,"D5AR":480976,"D5BR":742555}},{"type":"Feature","id":161287,"geometry":{"type":"Polygon","coordinates":[[[-73.887737421244125,40.877042292015958],[-73.886576419706302,40.877249292572053],[-73.887291420281969,40.875657291545856],[-73.886182420419317,40.875392291905221],[-73.884783420128457,40.878427292715635],[-73.885266419103885,40.879236293951507],[-73.887737421244125,40.877042292015958]]]},"properties":{"OBJECTID":161287,"GEOID20":"360050411001","GEOID10":"360050411001","STATEFP":"36","COUNTYFP":"005","D1C":9.8619285578795264,"D1C5_RET":0.71076962579311898,"D2B_E5MIXA":0.48497785404628574,"D3A":31.8517942897255,"D3AAO":0,"D3B":151.64980735921984,"D4A":225.31,"D4C":159.33000000000001,"D4D":9059.7539582099998,"D5AR":588423,"D5BR":2574418}},{"type":"Feature","id":161298,"geometry":{"type":"Polygon","coordinates":[[[-73.873695413066926,40.83197228458527],[-73.873194412751502,40.829913283683467],[-73.87000841093392,40.830828284140786],[-73.870901413581436,40.834653285222998],[-73.871827412247683,40.834533284805111],[-73.871307413462318,40.832289284288791],[-73.873695413066926,40.83197228458527]]]},"properties":{"OBJECTID":161298,"GEOID20":"360050064001","GEOID10":"360050064001","STATEFP":"36","COUNTYFP":"005","D1C":0.6195962525971862,"D1C5_RET":0,"D2B_E5MIXA":0,"D3A":35.567308978293688,"D3AAO":4.648042734049322,"D3B":66.090266943699859,"D4A":242.74000000000001,"D4C":74.329999999999998,"D4D":2456.2447709600001,"D5AR":858075,"D5BR":1977277}},{"type":"Feature","id":161299,"geometry":{"type":"Polygon","coordinates":[[[-73.923063428145312,40.826104281072375],[-73.923474428947358,40.825433281524866],[-73.922275428673032,40.824978280832923],[-73.921153429289902,40.826406281606268],[-73.922670429581558,40.826862281922104],[-73.923063428145312,40.826104281072375]]]},"properties":{"OBJECTID":161299,"GEOID20":"360050059021","GEOID10":"360050059021","STATEFP":"36","COUNTYFP":"005","D1C":19.761722301434812,"D1C5_RET":2.1957469223816455,"D2B_E5MIXA":0.45483666039682025,"D3A":42.016510838506257,"D3AAO":0,"D3B":156.22007437104614,"D4A":112.65000000000001,"D4C":103.33,"D4D":12100.6149061,"D5AR":894237,"D5BR":2222090}},{"type":"Feature","id":161300,"geometry":{"type":"Polygon","coordinates":[[[-73.882223416503109,40.835471284980834],[-73.87925341549392,40.834432284273738],[-73.878410414871738,40.83530028517206],[-73.877526415139982,40.835895284742186],[-73.876400414660594,40.836463285456134],[-73.875030413783705,40.836758285378551],[-73.87465341331685,40.836951284824735],[-73.874623414077917,40.837077286167293],[-73.874910414133112,40.837368285731152],[-73.874189413709658,40.837262285341907],[-73.873674413150539,40.837550284862779],[-73.873230412736518,40.838164285700437],[-73.872945414127784,40.839259285541317],[-73.872821413380919,40.839247285527534],[-73.872701413730312,40.839760285708323],[-73.877416413738487,40.83999628556694],[-73.879731416243118,40.840050285341583],[-73.880164415888174,40.840006286031958],[-73.880515416415747,40.839245286091348],[-73.881551415585164,40.838219284662237],[-73.88200741569473,40.837468284763219],[-73.882173416274412,40.837098285688128],[-73.882073416715301,40.836243285546445],[-73.882223416503109,40.835471284980834]]]},"properties":{"OBJECTID":161300,"GEOID20":"360050060001","GEOID10":"360050060001","STATEFP":"36","COUNTYFP":"005","D1C":3.5631281490522846,"D1C5_RET":0.48704629375534825,"D2B_E5MIXA":0.48404356143960126,"D3A":33.788148650429541,"D3AAO":18.607947411781943,"D3B":51.965276142149577,"D4A":162.28,"D4C":98,"D4D":803.88272485100003,"D5AR":939912,"D5BR":2878454}},{"type":"Feature","id":161301,"geometry":{"type":"Polygon","coordinates":[[[-73.921740428022432,40.825648282341916],[-73.922275428673032,40.824978280832923],[-73.919340428722236,40.823981281439167],[-73.918460427391821,40.825582281264175],[-73.921153429289902,40.826406281606268],[-73.921740428022432,40.825648282341916]]]},"properties":{"OBJECTID":161301,"GEOID20":"360050061001","GEOID10":"360050061001","STATEFP":"36","COUNTYFP":"005","D1C":59.362703898866116,"D1C5_RET":20.229748256038175,"D2B_E5MIXA":0.72200981381818286,"D3A":0.092341870762789921,"D3AAO":0,"D3B":0,"D4A":130.09,"D4C":40,"D4D":2122.4653908,"D5AR":929487,"D5BR":2191187}},{"type":"Feature","id":161302,"geometry":{"type":"Polygon","coordinates":[[[-73.868721411694352,40.829566284182135],[-73.86822441157689,40.827434283477771],[-73.862643409583697,40.828178283651816],[-73.863136409503184,40.830313285143369],[-73.868721411694352,40.829566284182135]]]},"properties":{"OBJECTID":161302,"GEOID20":"360050070001","GEOID10":"360050070001","STATEFP":"36","COUNTYFP":"005","D1C":0.73947667383687898,"D1C5_RET":0.14085269977845316,"D2B_E5MIXA":0.30253587647143193,"D3A":25.114910076594732,"D3AAO":0,"D3B":90.168264290174562,"D4A":406.36000000000001,"D4C":100,"D4D":2253.6431964600001,"D5AR":772081,"D5BR":2202338}},{"type":"Feature","id":161303,"geometry":{"type":"Polygon","coordinates":[[[-73.926445427984845,40.816466279809838],[-73.926628429181264,40.816127279827114],[-73.92400142920205,40.81544727926984],[-73.923094428107447,40.816706279195486],[-73.921246428277996,40.816228280366104],[-73.921584428386808,40.815558278877994],[-73.921289427935704,40.815437278499779],[-73.920483427123457,40.814572279610829],[-73.917626426990452,40.81606327892802],[-73.925186429232681,40.818021280501036],[-73.926445427984845,40.816466279809838]]]},"properties":{"OBJECTID":161303,"GEOID20":"360050065001","GEOID10":"360050065001","STATEFP":"36","COUNTYFP":"005","D1C":179.14285396844579,"D1C5_RET":6.699942738419872,"D2B_E5MIXA":0.19677101291592017,"D3A":25.935110353355693,"D3AAO":0,"D3B":221.75878921329144,"D4A":261.51999999999998,"D4C":137.33000000000001,"D4D":3149.0160813399998,"D5AR":956340,"D5BR":1850304}},{"type":"Feature","id":161304,"geometry":{"type":"Polygon","coordinates":[[[-73.916791426764192,40.818237280226811],[-73.917120426652176,40.817520280582464],[-73.915992426522934,40.817219279746801],[-73.914473425683155,40.818515280500471],[-73.913521425281019,40.819550280385243],[-73.91590342683449,40.820183280789749],[-73.916791426764192,40.818237280226811]]]},"properties":{"OBJECTID":161304,"GEOID20":"360050067001","GEOID10":"360050067001","STATEFP":"36","COUNTYFP":"005","D1C":17.254046651712951,"D1C5_RET":7.4398182810138405,"D2B_E5MIXA":0.74872054327537896,"D3A":32.651246845174725,"D3AAO":0,"D3B":202.71763581696945,"D4A":186.41999999999999,"D4C":100.67,"D4D":5099.3464262099997,"D5AR":877196,"D5BR":1724921}},{"type":"Feature","id":161305,"geometry":{"type":"Polygon","coordinates":[[[-73.920466428303314,40.820868280363108],[-73.92033042786089,40.820652280367113],[-73.919618426759953,40.820452280373104],[-73.919845428337297,40.819788280147328],[-73.918277427093713,40.819386280429306],[-73.91741842657801,40.82128528113202],[-73.919179427267125,40.821778281314742],[-73.919385427131445,40.821126281343702],[-73.920097428232381,40.821323281379826],[-73.920325427838009,40.821231281028574],[-73.920466428303314,40.820868280363108]]]},"properties":{"OBJECTID":161305,"GEOID20":"360050067004","GEOID10":"360050067004","STATEFP":"36","COUNTYFP":"005","D1C":3.7184789190133887,"D1C5_RET":0,"D2B_E5MIXA":0,"D3A":8.0389498948312106,"D3AAO":0,"D3B":0,"D4A":301.75,"D4C":99,"D4D":6544.5228974600004,"D5AR":906314,"D5BR":2271157}},{"type":"Feature","id":161306,"geometry":{"type":"Polygon","coordinates":[[[-73.87090441215787,40.83057128336727],[-73.870606412232036,40.829314283974149],[-73.867763410546132,40.829695284193136],[-73.868151412680277,40.83136828458094],[-73.87090441215787,40.83057128336727]]]},"properties":{"OBJECTID":161306,"GEOID20":"360050068001","GEOID10":"360050068001","STATEFP":"36","COUNTYFP":"005","D1C":1.9105962624010897,"D1C5_RET":0.10055769802110999,"D2B_E5MIXA":0.75256983339805328,"D3A":28.274329780415915,"D3AAO":0,"D3B":64.356926733510377,"D4A":227.99000000000001,"D4C":57.329999999999998,"D4D":3689.5826096300002,"D5AR":851035,"D5BR":1696042}},{"type":"Feature","id":161307,"geometry":{"type":"Polygon","coordinates":[[[-73.915610426033197,40.82083128120999],[-73.91590342683449,40.820183280789749],[-73.913521425281019,40.819550280385243],[-73.911746425246506,40.822115281697265],[-73.914507426018346,40.822950280532581],[-73.915610426033197,40.82083128120999]]]},"properties":{"OBJECTID":161307,"GEOID20":"360050069001","GEOID10":"360050069001","STATEFP":"36","COUNTYFP":"005","D1C":17.660864556664663,"D1C5_RET":3.5108947612646619,"D2B_E5MIXA":0.86016157053635878,"D3A":34.456282046089356,"D3AAO":0,"D3B":181.59624394264927,"D4A":168.97999999999999,"D4C":52.329999999999998,"D4D":1781.5769489199999,"D5AR":944564,"D5BR":1682134}},{"type":"Feature","id":161308,"geometry":{"type":"Polygon","coordinates":[[[-73.862722410124718,40.833029284437004],[-73.860675409205328,40.828427284454989],[-73.859621408695944,40.828556283962925],[-73.860262409651767,40.829955284538094],[-73.856991408343688,40.830393284194166],[-73.85715840695164,40.831110285380021],[-73.860571409448241,40.83065428436867],[-73.861205408934751,40.832049284873456],[-73.861635410003373,40.833336285773221],[-73.862722410124718,40.833029284437004]]]},"properties":{"OBJECTID":161308,"GEOID20":"360050072001","GEOID10":"360050072001","STATEFP":"36","COUNTYFP":"005","D1C":2.6394825868335579,"D1C5_RET":0.22463681590072834,"D2B_E5MIXA":0.48876048974891512,"D3A":24.648484776323613,"D3AAO":0,"D3B":47.946481985851456,"D4A":189.09999999999999,"D4C":96.329999999999998,"D4D":3462.28231611,"D5AR":827237,"D5BR":2219647}},{"type":"Feature","id":161309,"geometry":{"type":"Polygon","coordinates":[[[-73.908580422622109,40.814631280142585],[-73.909076423812962,40.813241279564309],[-73.907246423526857,40.812863278990804],[-73.906239421974831,40.81566927966022],[-73.908081423753146,40.816041279475769],[-73.908580422622109,40.814631280142585]]]},"properties":{"OBJECTID":161309,"GEOID20":"360050073001","GEOID10":"360050073001","STATEFP":"36","COUNTYFP":"005","D1C":20.733461922683034,"D1C5_RET":2.0419318560218138,"D2B_E5MIXA":0.45468019573322332,"D3A":35.029944806405766,"D3AAO":0,"D3B":234.5767078981703,"D4A":246.77000000000001,"D4C":92.329999999999998,"D4D":4640.7686822899996,"D5AR":931598,"D5BR":1598702}},{"type":"Feature","id":161310,"geometry":{"type":"Polygon","coordinates":[[[-73.912580424749549,40.814934279292821],[-73.912955424668283,40.814277279564294],[-73.910949424655087,40.813629279708238],[-73.910020424717473,40.813440280116069],[-73.90913342371438,40.815949279956769],[-73.910134424520308,40.815940280691578],[-73.911943423991701,40.816055279746088],[-73.912580424749549,40.814934279292821]]]},"properties":{"OBJECTID":161310,"GEOID20":"360050073003","GEOID10":"360050073003","STATEFP":"36","COUNTYFP":"005","D1C":2.4637121139427953,"D1C5_RET":2.1395394673713746,"D2B_E5MIXA":0.2828438779298873,"D3A":24.04501785143221,"D3AAO":0,"D3B":110.63744254364484,"D4A":252.13,"D4C":92.329999999999998,"D4D":3830.2043757199999,"D5AR":874159,"D5BR":1513431}},{"type":"Feature","id":161311,"geometry":{"type":"Polygon","coordinates":[[[-73.853569408321192,40.861096290816718],[-73.853031408195832,40.861081291155841],[-73.853110408736882,40.858418290011926],[-73.850283407842809,40.858665291162254],[-73.850152407423224,40.862898291440423],[-73.85203340776296,40.862927290574945],[-73.853569408321192,40.861096290816718]]]},"properties":{"OBJECTID":161311,"GEOID20":"360050318002","GEOID10":"360050318002","STATEFP":"36","COUNTYFP":"005","D1C":6.6409028749222863,"D1C5_RET":0,"D2B_E5MIXA":0.065073923197627476,"D3A":30.991253311476811,"D3AAO":0,"D3B":184.81343966001117,"D4A":465.37,"D4C":54.670000000000002,"D4D":1262.8109919000001,"D5AR":566904,"D5BR":2679384}},{"type":"Feature","id":161312,"geometry":{"type":"Polygon","coordinates":[[[-73.854143405736579,40.818246281899668],[-73.853621406403093,40.816096281831932],[-73.850600405340245,40.816506282940416],[-73.851081405564187,40.818626282453373],[-73.854143405736579,40.818246281899668]]]},"properties":{"OBJECTID":161312,"GEOID20":"360050074001","GEOID10":"360050074001","STATEFP":"36","COUNTYFP":"005","D1C":0.58168957554111667,"D1C5_RET":0,"D2B_E5MIXA":0.39548848910372325,"D3A":27.115314382444996,"D3AAO":0,"D3B":179.31554705024664,"D4A":295.05000000000001,"D4C":30,"D4D":1240.93804187,"D5AR":642633,"D5BR":397195}},{"type":"Feature","id":161313,"geometry":{"type":"Polygon","coordinates":[[[-73.880008418947497,40.870478292155866],[-73.879720417270761,40.869554290731465],[-73.876828416977702,40.87112729202201],[-73.877497417522605,40.871843292140802],[-73.880008418947497,40.870478292155866]]]},"properties":{"OBJECTID":161313,"GEOID20":"360050425001","GEOID10":"360050425001","STATEFP":"36","COUNTYFP":"005","D1C":14.385576884175403,"D1C5_RET":3.7076229082926297,"D2B_E5MIXA":0.85261253420170202,"D3A":17.655061905775998,"D3AAO":0,"D3B":63.30840268367831,"D4A":206.53,"D4C":55.329999999999998,"D4D":5251.65505321,"D5AR":604079,"D5BR":2322574}},{"type":"Feature","id":161314,"geometry":{"type":"Polygon","coordinates":[[[-73.903323424985558,40.865319289907518],[-73.90194642533433,40.864561289256194],[-73.900587424328094,40.866350290863309],[-73.902075424307426,40.867005289622242],[-73.903323424985558,40.865319289907518]]]},"properties":{"OBJECTID":161314,"GEOID20":"360050265002","GEOID10":"360050265002","STATEFP":"36","COUNTYFP":"005","D1C":6.4671984834191303,"D1C5_RET":0,"D2B_E5MIXA":0.10279582381407899,"D3A":22.909019508792021,"D3AAO":0,"D3B":0,"D4A":140.81999999999999,"D4C":81.329999999999998,"D4D":6600.4988568700001,"D5AR":615106,"D5BR":2423348}},{"type":"Feature","id":161315,"geometry":{"type":"Polygon","coordinates":[[[-73.911891425011476,40.820264281188479],[-73.912160425523311,40.819794280895827],[-73.910613424196114,40.819232280267293],[-73.909910424214331,40.821249280841322],[-73.908927424748356,40.820971281148964],[-73.908419423861929,40.82218928126958],[-73.909852424487994,40.822561281231096],[-73.910701424957963,40.822332281660664],[-73.911891425011476,40.820264281188479]]]},"properties":{"OBJECTID":161315,"GEOID20":"360050071001","GEOID10":"360050071001","STATEFP":"36","COUNTYFP":"005","D1C":28.518736810084228,"D1C5_RET":0.37723196838735751,"D2B_E5MIXA":0.091430122197830296,"D3A":32.777671087728407,"D3AAO":0,"D3B":225.44589573127323,"D4A":199.83000000000001,"D4C":88.329999999999998,"D4D":4265.07517026,"D5AR":913501,"D5BR":1518129}},{"type":"Feature","id":161316,"geometry":{"type":"Polygon","coordinates":[[[-73.929261431703196,40.836102283419315],[-73.926995430500696,40.835340283739946],[-73.926114430243672,40.836622283814933],[-73.927124431270443,40.836937283528073],[-73.926192430959802,40.838520283979896],[-73.928140431246675,40.838779283294507],[-73.927620430664675,40.837729283592282],[-73.929261431703196,40.836102283419315]]]},"properties":{"OBJECTID":161316,"GEOID20":"360050199004","GEOID10":"360050199004","STATEFP":"36","COUNTYFP":"005","D1C":26.83164976520721,"D1C5_RET":5.1224058642668311,"D2B_E5MIXA":0.68222506415040374,"D3A":26.967266716413761,"D3AAO":0,"D3B":190.82018848778637,"D4A":83.150000000000006,"D4C":34.670000000000002,"D4D":1804.1276069999999,"D5AR":960972,"D5BR":2122867}},{"type":"Feature","id":161317,"geometry":{"type":"Polygon","coordinates":[[[-73.917029427313878,40.846406285019334],[-73.915268426624749,40.846820285393257],[-73.914427427449027,40.847972285851419],[-73.916175428617677,40.848297285202484],[-73.916225427948078,40.84756728629015],[-73.916331427354976,40.847264286051754],[-73.917029427313878,40.846406285019334]]]},"properties":{"OBJECTID":161317,"GEOID20":"360050215022","GEOID10":"360050215022","STATEFP":"36","COUNTYFP":"005","D1C":3.175832408558958,"D1C5_RET":0.5604410132751102,"D2B_E5MIXA":0.63897722227696097,"D3A":42.670080979426913,"D3AAO":0,"D3B":358.80180924556925,"D4A":136.78999999999999,"D4C":67.329999999999998,"D4D":8050.0252637499998,"D5AR":903284,"D5BR":2238863}},{"type":"Feature","id":161318,"geometry":{"type":"Polygon","coordinates":[[[-73.859320410193703,40.851997289006128],[-73.860122409909692,40.851635288465637],[-73.858618409138501,40.849695288219628],[-73.855384408538669,40.851152288899172],[-73.856896409705755,40.85308828921729],[-73.859320410193703,40.851997289006128]]]},"properties":{"OBJECTID":161318,"GEOID20":"360050250002","GEOID10":"360050250002","STATEFP":"36","COUNTYFP":"005","D1C":3.1684627165714536,"D1C5_RET":0,"D2B_E5MIXA":0.29044779145245775,"D3A":27.453238199028487,"D3AAO":0,"D3B":65.413423825991302,"D4A":439.88999999999999,"D4C":41,"D4D":1340.9751884299999,"D5AR":579401,"D5BR":1991863}},{"type":"Feature","id":161319,"geometry":{"type":"Polygon","coordinates":[[[-73.914893429400976,40.884633292949886],[-73.914528428629694,40.88453829303775],[-73.913160430097577,40.885518293299803],[-73.912525428989539,40.886141293702138],[-73.909983428500823,40.885666293414175],[-73.90966042846064,40.886653294440741],[-73.909298428062385,40.888478293819418],[-73.909068427908636,40.888797294830248],[-73.908419428353511,40.889130294760079],[-73.909065428433877,40.889516294934964],[-73.909376428778515,40.889461295093362],[-73.909742428476392,40.889220293939509],[-73.909951428713782,40.888928294284767],[-73.910839428643484,40.888458293938989],[-73.91125242909537,40.888249294487252],[-73.911732428596082,40.888227293863224],[-73.912273429094455,40.887123294024406],[-73.913025429480058,40.886178293753019],[-73.914893429400976,40.884633292949886]]]},"properties":{"OBJECTID":161319,"GEOID20":"360050297001","GEOID10":"360050297001","STATEFP":"36","COUNTYFP":"005","D1C":23.647562336288072,"D1C5_RET":2.2382466408832333,"D2B_E5MIXA":0.59837727900305082,"D3A":82.174201053880296,"D3AAO":41.878507443129088,"D3B":353.01236759724981,"D4A":159.59,"D4C":28.329999999999998,"D4D":882.219510765,"D5AR":617273,"D5BR":2565798}},{"type":"Feature","id":161320,"geometry":{"type":"Polygon","coordinates":[[[-73.921253427052392,40.811364278719317],[-73.921487428302413,40.811043279045123],[-73.918050426414666,40.809583278790655],[-73.916839425546442,40.811664278790076],[-73.920120427798608,40.8129022787395],[-73.921253427052392,40.811364278719317]]]},"properties":{"OBJECTID":161320,"GEOID20":"360050041002","GEOID10":"360050041002","STATEFP":"36","COUNTYFP":"005","D1C":15.973964897930708,"D1C5_RET":0.36186975496930407,"D2B_E5MIXA":0.16780419792983467,"D3A":21.986734717111212,"D3AAO":0,"D3B":33.085234740050652,"D4A":398.31,"D4C":92,"D4D":3043.8415960799998,"D5AR":978630,"D5BR":1814289}},{"type":"Feature","id":161321,"geometry":{"type":"Polygon","coordinates":[[[-73.903141422715748,40.822723281559931],[-73.90379442246882,40.821099280892874],[-73.901293421987987,40.820483281771281],[-73.900613421572416,40.822117281650065],[-73.901989421398767,40.822448281841687],[-73.901177420738719,40.824397282407695],[-73.902332422428742,40.824674282077638],[-73.903141422715748,40.822723281559931]]]},"properties":{"OBJECTID":161321,"GEOID20":"360050133002","GEOID10":"360050133002","STATEFP":"36","COUNTYFP":"005","D1C":9.637347360171173,"D1C5_RET":0.43244507385383463,"D2B_E5MIXA":0.28716395290433722,"D3A":18.563733639779276,"D3AAO":0,"D3B":65.909571484739871,"D4A":131.43000000000001,"D4C":70.329999999999998,"D4D":2780.69595832,"D5AR":962334,"D5BR":1477316}},{"type":"Feature","id":161322,"geometry":{"type":"Polygon","coordinates":[[[-73.916772426497616,40.81570727972602],[-73.917738426245151,40.815165279411637],[-73.915342425346296,40.814278279658872],[-73.91571942491484,40.813624279186371],[-73.913717425099605,40.812961278716749],[-73.912955424668283,40.814277279564294],[-73.914955425731989,40.81494528022322],[-73.916772426497616,40.81570727972602]]]},"properties":{"OBJECTID":161322,"GEOID20":"360050043001","GEOID10":"360050043001","STATEFP":"36","COUNTYFP":"005","D1C":25.689917488498118,"D1C5_RET":6.2488988485535968,"D2B_E5MIXA":0.69622762168949193,"D3A":24.810185543336694,"D3AAO":0,"D3B":185.18965488525765,"D4A":0,"D4C":108,"D4D":5998.9450292800002,"D5AR":929248,"D5BR":1710003}},{"type":"Feature","id":161323,"geometry":{"type":"Polygon","coordinates":[[[-73.920231431719941,40.882718291695063],[-73.919760430643436,40.881998292005839],[-73.919731431229437,40.881123292499737],[-73.919480430260947,40.8808652920711],[-73.91922243051809,40.880776292166431],[-73.917943430776134,40.881880292615328],[-73.916770429542751,40.883994292987644],[-73.916038430146969,40.884875293539757],[-73.91876243110886,40.885578293551234],[-73.919808431222322,40.883947293130525],[-73.920231431719941,40.882718291695063]]]},"properties":{"OBJECTID":161323,"GEOID20":"360050301001","GEOID10":"360050301001","STATEFP":"36","COUNTYFP":"005","D1C":22.610341004590151,"D1C5_RET":0,"D2B_E5MIXA":0.050204057479231963,"D3A":27.882858159501364,"D3AAO":0,"D3B":354.46426259667248,"D4A":205.19,"D4C":24,"D4D":622.27651980999997,"D5AR":666646,"D5BR":1510112}},{"type":"Feature","id":161324,"geometry":{"type":"Polygon","coordinates":[[[-73.850650410060538,40.898859298938376],[-73.851224411069225,40.898123297363213],[-73.849608409246741,40.898479297328407],[-73.848630409803661,40.895922297335026],[-73.846876408787224,40.896308298627808],[-73.848220409724831,40.899836298463057],[-73.849087409738132,40.899648298350442],[-73.850048410361097,40.899631298266939],[-73.850650410060538,40.898859298938376]]]},"properties":{"OBJECTID":161324,"GEOID20":"360050436001","GEOID10":"360050436001","STATEFP":"36","COUNTYFP":"005","D1C":1.3854085271606682,"D1C5_RET":0,"D2B_E5MIXA":0.44576758499264918,"D3A":27.453391717634585,"D3AAO":0,"D3B":177.3322914765655,"D4A":195.80000000000001,"D4C":57,"D4D":2021.58812283,"D5AR":496932,"D5BR":3668494}},{"type":"Feature","id":161325,"geometry":{"type":"Polygon","coordinates":[[[-73.881508419520699,40.876175292960312],[-73.881482417784824,40.874820291912584],[-73.880427418348845,40.874908292494375],[-73.880650418829916,40.876491293316995],[-73.881086418848,40.876273292845397],[-73.881508419520699,40.876175292960312]]]},"properties":{"OBJECTID":161325,"GEOID20":"360050419002","GEOID10":"360050419002","STATEFP":"36","COUNTYFP":"005","D1C":29.833836602475937,"D1C5_RET":0,"D2B_E5MIXA":0.1261580631130913,"D3A":29.9953097440149,"D3AAO":0,"D3B":0,"D4A":0,"D4C":64.670000000000002,"D4D":12729.759756400001,"D5AR":556738,"D5BR":2817808}},{"type":"Feature","id":161326,"geometry":{"type":"Polygon","coordinates":[[[-73.877147417718234,40.879172292846249],[-73.8762874164793,40.879105293649907],[-73.876013415944598,40.87901529293989],[-73.87564241622384,40.878750293836518],[-73.874388416596233,40.879063293379048],[-73.876782416946952,40.880267293518209],[-73.877147417718234,40.879172292846249]]]},"properties":{"OBJECTID":161326,"GEOID20":"360050423001","GEOID10":"360050423001","STATEFP":"36","COUNTYFP":"005","D1C":8.6736544365856574,"D1C5_RET":2.5107947053274273,"D2B_E5MIXA":0.92474258756500283,"D3A":34.638335932706724,"D3AAO":0,"D3B":97.437094891833837,"D4A":170.31999999999999,"D4C":53.329999999999998,"D4D":7790.5851133200003,"D5AR":543836,"D5BR":3021049}},{"type":"Feature","id":161327,"geometry":{"type":"Polygon","coordinates":[[[-73.8797704174995,40.877132292691648],[-73.879561417262124,40.875738292767387],[-73.876492417417026,40.87550729244343],[-73.874735416925859,40.877908292807781],[-73.874388416596233,40.879063293379048],[-73.87564241622384,40.878750293836518],[-73.876013415944598,40.87901529293989],[-73.876411416327855,40.879133293362862],[-73.876977416940619,40.879182293511228],[-73.877444416920838,40.879105293649907],[-73.877687418391716,40.879002293536587],[-73.879347417001867,40.877771293019599],[-73.879580417528686,40.877835293441798],[-73.8797704174995,40.877132292691648]]]},"properties":{"OBJECTID":161327,"GEOID20":"360050423002","GEOID10":"360050423002","STATEFP":"36","COUNTYFP":"005","D1C":0.7933754218571496,"D1C5_RET":0.31735016874285982,"D2B_E5MIXA":0.60471616432859432,"D3A":18.133849320728356,"D3AAO":0,"D3B":94.808997612266836,"D4A":315.16000000000003,"D4C":69,"D4D":1401.4183451700001,"D5AR":550645,"D5BR":2568037}},{"type":"Feature","id":161328,"geometry":{"type":"Polygon","coordinates":[[[-73.848630409803661,40.895922297335026],[-73.848064409190911,40.894445296835237],[-73.84550640880866,40.895239297086512],[-73.844623408003514,40.895437297753112],[-73.843656407532762,40.892914297890897],[-73.842789406621137,40.893102298128085],[-73.844166408069,40.896904298490625],[-73.848630409803661,40.895922297335026]]]},"properties":{"OBJECTID":161328,"GEOID20":"360050428001","GEOID10":"360050428001","STATEFP":"36","COUNTYFP":"005","D1C":6.9290215972059963,"D1C5_RET":2.3261715362048703,"D2B_E5MIXA":0.39650599367398359,"D3A":33.38042430793336,"D3AAO":0,"D3B":158.37763650756563,"D4A":213.24000000000001,"D4C":16.670000000000002,"D4D":528.03104011599999,"D5AR":514758,"D5BR":3103101}},{"type":"Feature","id":161329,"geometry":{"type":"Polygon","coordinates":[[[-73.886794421062817,40.874028292280684],[-73.882958418068583,40.87306029239253],[-73.883401418657684,40.87395529271167],[-73.883441417942336,40.874802292381261],[-73.886182420419317,40.875392291905221],[-73.886794421062817,40.874028292280684]]]},"properties":{"OBJECTID":161329,"GEOID20":"360050413001","GEOID10":"360050413001","STATEFP":"36","COUNTYFP":"005","D1C":10.396329568914808,"D1C5_RET":1.3861772758553077,"D2B_E5MIXA":0.54714853176711009,"D3A":48.095646560831113,"D3AAO":0,"D3B":184.86060150806384,"D4A":203.84999999999999,"D4C":168.33000000000001,"D4D":9333.4088337899993,"D5AR":628123,"D5BR":2582006}},{"type":"Feature","id":161330,"geometry":{"type":"Polygon","coordinates":[[[-73.846068408325138,40.882909295667325],[-73.84657740813816,40.882219295282951],[-73.842688406338809,40.880581295169719],[-73.842016407217471,40.879880295303913],[-73.841278406177267,40.880325294900103],[-73.838744404287837,40.881274294940276],[-73.839511405640366,40.882638295361353],[-73.841181405194575,40.886416296742738],[-73.846068408325138,40.882909295667325]]]},"properties":{"OBJECTID":161330,"GEOID20":"360050460001","GEOID10":"360050460001","STATEFP":"36","COUNTYFP":"005","D1C":8.7440551945560561,"D1C5_RET":0.084402077167529496,"D2B_E5MIXA":0.2683907160270832,"D3A":19.455793432766317,"D3AAO":0,"D3B":133.2931619959013,"D4A":182.38999999999999,"D4C":52.329999999999998,"D4D":565.34536936699999,"D5AR":523338,"D5BR":161735}},{"type":"Feature","id":161331,"geometry":{"type":"Polygon","coordinates":[[[-73.863330408773621,40.814790281222251],[-73.862848408724787,40.812681280766817],[-73.857721407191349,40.81337028073483],[-73.859718407882013,40.815277281610754],[-73.863330408773621,40.814790281222251]]]},"properties":{"OBJECTID":161331,"GEOID20":"360050002001","GEOID10":"360050002001","STATEFP":"36","COUNTYFP":"005","D1C":1.0002222175514877,"D1C5_RET":0.90929292504680692,"D2B_E5MIXA":0.18928104961098441,"D3A":29.120480376985807,"D3AAO":0,"D3B":164.89481619968814,"D4A":411.72000000000003,"D4C":18,"D4D":523.75272482699995,"D5AR":615315,"D5BR":454205}},{"type":"Feature","id":161332,"geometry":{"type":"Polygon","coordinates":[[[-73.86521940950928,40.814537281886381],[-73.867081409582426,40.814449281329573],[-73.863325408750768,40.812273281425107],[-73.861166408576693,40.811135280608021],[-73.862311408424347,40.809928280536347],[-73.861634407483521,40.809910280371334],[-73.860483407788081,40.809499280488616],[-73.859907408027894,40.809115280680032],[-73.859578408139924,40.808731280689081],[-73.85944140787258,40.808046280218043],[-73.859496407225862,40.808978280720439],[-73.859907407129583,40.809581281179696],[-73.859034407268481,40.809955280094691],[-73.85892040656735,40.809005279985442],[-73.858482406899441,40.808073279862256],[-73.85866940739551,40.807388279398253],[-73.858893406803162,40.807059279941413],[-73.859112407086286,40.806922279816796],[-73.859195406926972,40.807388280078207],[-73.859332407194316,40.807580280497611],[-73.859441406974256,40.807251279952844],[-73.859332407194316,40.806675280291962],[-73.859112407086286,40.806374279889717],[-73.858666407022454,40.806841279446296],[-73.857510406405822,40.806889280508855],[-73.85796040666763,40.807804279718169],[-73.858653407501961,40.811077280509622],[-73.856134407477796,40.811423280744087],[-73.857157406228396,40.812832281510182],[-73.857721407191349,40.81337028073483],[-73.862848408724787,40.812681280766817],[-73.863330408773621,40.814790281222251],[-73.86521940950928,40.814537281886381]]]},"properties":{"OBJECTID":161332,"GEOID20":"360050002002","GEOID10":"360050002002","STATEFP":"36","COUNTYFP":"005","D1C":0.95221484010570978,"D1C5_RET":0,"D2B_E5MIXA":0.42025783808231709,"D3A":20.679110391537201,"D3AAO":0,"D3B":69.980086548901156,"D4A":368.81,"D4C":18.329999999999998,"D4D":213.75353881699999,"D5AR":653625,"D5BR":378543}},{"type":"Feature","id":161333,"geometry":{"type":"Polygon","coordinates":[[[-73.859598407333095,40.815291282042303],[-73.859718407882013,40.815277281610754],[-73.857157406228396,40.812832281510182],[-73.855619406020352,40.81061628106648],[-73.856784405959502,40.815670281093503],[-73.859598407333095,40.815291282042303]]]},"properties":{"OBJECTID":161333,"GEOID20":"360050004001","GEOID10":"360050004001","STATEFP":"36","COUNTYFP":"005","D1C":2.192278280067419,"D1C5_RET":0.5803089564884345,"D2B_E5MIXA":0.67539135157500851,"D3A":37.074340493080072,"D3AAO":0,"D3B":247.20643100259474,"D4A":156.91,"D4C":18.329999999999998,"D4D":755.08979841300004,"D5AR":639780,"D5BR":306802}},{"type":"Feature","id":161334,"geometry":{"type":"Polygon","coordinates":[[[-73.862030408216967,40.821517283593906],[-73.86153240827457,40.819387282486296],[-73.85776940687191,40.81988728257042],[-73.858265407164453,40.822021283168738],[-73.862030408216967,40.821517283593906]]]},"properties":{"OBJECTID":161334,"GEOID20":"360050016001","GEOID10":"360050016001","STATEFP":"36","COUNTYFP":"005","D1C":11.372145945623407,"D1C5_RET":0.88718869079331542,"D2B_E5MIXA":0.64493359100614955,"D3A":13.296750377850685,"D3AAO":0,"D3B":66.684839965730916,"D4A":350.02999999999997,"D4C":40.670000000000002,"D4D":1355.3585414300001,"D5AR":793929,"D5BR":1262352}},{"type":"Feature","id":161335,"geometry":{"type":"Polygon","coordinates":[[[-73.925143428676662,40.810058278107682],[-73.925639429867545,40.809388278222571],[-73.924695428962991,40.808976278331734],[-73.924659428978003,40.808856278364374],[-73.924055428730398,40.808601277798225],[-73.923852428340822,40.808632277255469],[-73.923376428139761,40.808440277840056],[-73.922887428418221,40.809114278467867],[-73.925143428676662,40.810058278107682]]]},"properties":{"OBJECTID":161335,"GEOID20":"360050023002","GEOID10":"360050023002","STATEFP":"36","COUNTYFP":"005","D1C":2.0750369465515925,"D1C5_RET":0,"D2B_E5MIXA":0,"D3A":9.340685602421086,"D3AAO":0,"D3B":88.579177174394388,"D4A":138.13999999999999,"D4C":94.670000000000002,"D4D":12572.399854699999,"D5AR":1084101,"D5BR":2102962}},{"type":"Feature","id":161336,"geometry":{"type":"Polygon","coordinates":[[[-73.920173426603725,40.806274277484135],[-73.920616427192826,40.805659277599531],[-73.918820426343601,40.804913277985342],[-73.917965426025859,40.806124278352911],[-73.919724427065177,40.806882277707096],[-73.920173426603725,40.806274277484135]]]},"properties":{"OBJECTID":161336,"GEOID20":"360050025002","GEOID10":"360050025002","STATEFP":"36","COUNTYFP":"005","D1C":0,"D1C5_RET":0,"D2B_E5MIXA":0,"D3A":36.071845562809244,"D3AAO":0,"D3B":0,"D4A":284.31999999999999,"D4C":54.329999999999998,"D4D":5318.5092817100003,"D5AR":1008125,"D5BR":1783888}},{"type":"Feature","id":161337,"geometry":{"type":"Polygon","coordinates":[[[-73.923376428139761,40.808440277840056],[-73.923838427198802,40.807817277455101],[-73.920996427134426,40.80661927807509],[-73.920540427024861,40.807243278348601],[-73.923376428139761,40.808440277840056]]]},"properties":{"OBJECTID":161337,"GEOID20":"360050025004","GEOID10":"360050025004","STATEFP":"36","COUNTYFP":"005","D1C":2.234132340355838,"D1C5_RET":1.8617769502965318,"D2B_E5MIXA":0.27994941922604499,"D3A":27.769201673978436,"D3AAO":0,"D3B":79.475534454258352,"D4A":320.52999999999997,"D4C":72.329999999999998,"D4D":8618.38891616,"D5AR":1055732,"D5BR":1848492}},{"type":"Feature","id":161339,"geometry":{"type":"Polygon","coordinates":[[[-73.917965426025859,40.806124278352911],[-73.918820426343601,40.804913277985342],[-73.917316424674112,40.804306277647335],[-73.916989425334293,40.80571427768303],[-73.914998425389712,40.804880278358347],[-73.914496425249368,40.805569277055419],[-73.917480425603969,40.806831278058979],[-73.917965426025859,40.806124278352911]]]},"properties":{"OBJECTID":161339,"GEOID20":"360050027012","GEOID10":"360050027012","STATEFP":"36","COUNTYFP":"005","D1C":19.160341674316083,"D1C5_RET":1.7758365454244174,"D2B_E5MIXA":0.58473338271827724,"D3A":25.384714883344021,"D3AAO":0,"D3B":59.817652056401421,"D4A":211.90000000000001,"D4C":45.670000000000002,"D4D":2731.8721694199999,"D5AR":1085049,"D5BR":1803151}},{"type":"Feature","id":161344,"geometry":{"type":"Polygon","coordinates":[[[-73.915634425424344,40.809705278450203],[-73.916185425070168,40.808798278313702],[-73.914333424144445,40.808015277767304],[-73.913303424822828,40.809664277854004],[-73.913416423902405,40.810025278999355],[-73.913587425403264,40.810127278786311],[-73.915179425139684,40.810435278871196],[-73.915634425424344,40.809705278450203]]]},"properties":{"OBJECTID":161344,"GEOID20":"360050033003","GEOID10":"360050033003","STATEFP":"36","COUNTYFP":"005","D1C":4.2503078881567768,"D1C5_RET":1.3476585986838558,"D2B_E5MIXA":0.60858426726635517,"D3A":32.590337590067676,"D3AAO":0,"D3B":175.80173428979202,"D4A":245.41999999999999,"D4C":45.670000000000002,"D4D":3009.31979198,"D5AR":969117,"D5BR":1477220}},{"type":"Feature","id":161345,"geometry":{"type":"Polygon","coordinates":[[[-73.906918423463807,40.818541280613225],[-73.906998422931437,40.81834828060537],[-73.905314423133518,40.817933279806851],[-73.903105421832421,40.818910279885728],[-73.90160342160938,40.81970328115581],[-73.901293421987987,40.820483281771281],[-73.905660422739928,40.821565280837333],[-73.906918423463807,40.818541280613225]]]},"properties":{"OBJECTID":161345,"GEOID20":"360050077001","GEOID10":"360050077001","STATEFP":"36","COUNTYFP":"005","D1C":31.385009680769006,"D1C5_RET":2.0086406195692166,"D2B_E5MIXA":0.41496628158116239,"D3A":33.401588707981112,"D3AAO":0,"D3B":145.40262496401618,"D4A":366.13,"D4C":84.670000000000002,"D4D":1943.6754429600001,"D5AR":937791,"D5BR":1399614}},{"type":"Feature","id":161346,"geometry":{"type":"Polygon","coordinates":[[[-73.909911424039223,40.815944278929884],[-73.90913342371438,40.815949279956769],[-73.908226423518087,40.81621128061596],[-73.90759042258513,40.81660428068448],[-73.908056423638769,40.817098280358621],[-73.908118423563053,40.817263280582075],[-73.907548422752342,40.81847928006605],[-73.908751424122954,40.818767281634599],[-73.909911424039223,40.815944278929884]]]},"properties":{"OBJECTID":161346,"GEOID20":"360050075003","GEOID10":"360050075003","STATEFP":"36","COUNTYFP":"005","D1C":0.11250262862391781,"D1C5_RET":0,"D2B_E5MIXA":0,"D3A":12.771221221668682,"D3AAO":0,"D3B":144.07536632093411,"D4A":455.98000000000002,"D4C":79.329999999999998,"D4D":5711.89345839,"D5AR":875930,"D5BR":1406704}},{"type":"Feature","id":161347,"geometry":{"type":"Polygon","coordinates":[[[-73.906306423718632,40.817379280790213],[-73.905822422223309,40.817002280052066],[-73.904001422158046,40.816522281194509],[-73.903594421553962,40.81758728020997],[-73.902580422125851,40.817378280062535],[-73.90160342160938,40.81970328115581],[-73.903105421832421,40.818910279885728],[-73.905314423133518,40.817933279806851],[-73.906306423718632,40.817379280790213]]]},"properties":{"OBJECTID":161347,"GEOID20":"360050079001","GEOID10":"360050079001","STATEFP":"36","COUNTYFP":"005","D1C":15.425835446302727,"D1C5_RET":2.1035230154049174,"D2B_E5MIXA":0.49176543592231259,"D3A":25.98269854247436,"D3AAO":0,"D3B":182.84133682938858,"D4A":142.16,"D4C":61.670000000000002,"D4D":3074.94552557,"D5AR":946047,"D5BR":1458492}},{"type":"Feature","id":161348,"geometry":{"type":"Polygon","coordinates":[[[-73.914496425249368,40.805569277055419],[-73.914998425389712,40.804880278358347],[-73.913479423651609,40.804271277227762],[-73.91241142379684,40.804699277516221],[-73.912279424450688,40.804824278026594],[-73.911477423836374,40.805179277593815],[-73.914101424340842,40.80628227784532],[-73.914496425249368,40.805569277055419]]]},"properties":{"OBJECTID":161348,"GEOID20":"360050027022","GEOID10":"360050027022","STATEFP":"36","COUNTYFP":"005","D1C":20.965520942878182,"D1C5_RET":6.3495577712716775,"D2B_E5MIXA":0.88598809483820118,"D3A":48.097231236010039,"D3AAO":0,"D3B":230.02171548757775,"D4A":0,"D4C":44.670000000000002,"D4D":3425.0233436100002,"D5AR":1019237,"D5BR":1765174}},{"type":"Feature","id":161349,"geometry":{"type":"Polygon","coordinates":[[[-73.917016425996778,40.807514278439996],[-73.917480425603969,40.806831278058979],[-73.914496425249368,40.805569277055419],[-73.913747423440213,40.806950278763424],[-73.916590426922752,40.808141278338304],[-73.917016425996778,40.807514278439996]]]},"properties":{"OBJECTID":161349,"GEOID20":"360050027023","GEOID10":"360050027023","STATEFP":"36","COUNTYFP":"005","D1C":16.20354383765871,"D1C5_RET":4.7296830661274072,"D2B_E5MIXA":0.56095528997891908,"D3A":12.916708231250862,"D3AAO":0,"D3B":0,"D4A":190.44,"D4C":45.670000000000002,"D4D":2560.0548222799998,"D5AR":1015844,"D5BR":1858776}},{"type":"Feature","id":161350,"geometry":{"type":"Polygon","coordinates":[[[-73.884412416814413,40.822978282912459],[-73.884329416075431,40.822622282072743],[-73.883377415673294,40.821994281722674],[-73.882903415122058,40.820903282225494],[-73.880547415304505,40.818476282011801],[-73.879770415702851,40.819189281438419],[-73.880332415219328,40.821310282209872],[-73.872992412186832,40.82231028224804],[-73.873433413126108,40.82435128302042],[-73.873555412426526,40.824418282545899],[-73.881788415411634,40.823410283366258],[-73.884412416814413,40.822978282912459]]]},"properties":{"OBJECTID":161350,"GEOID20":"360050028001","GEOID10":"360050028001","STATEFP":"36","COUNTYFP":"005","D1C":14.774646334810228,"D1C5_RET":0.20154291957243753,"D2B_E5MIXA":0.75626914917868793,"D3A":38.245191433255854,"D3AAO":15.445639843414394,"D3B":82.429250249602333,"D4A":221.28,"D4C":31,"D4D":306.538718539,"D5AR":890855,"D5BR":998941}},{"type":"Feature","id":161351,"geometry":{"type":"Polygon","coordinates":[[[-73.908208423076431,40.807160278646144],[-73.908444422179656,40.806485278358139],[-73.906351423026138,40.807507278423955],[-73.905617422183909,40.808105278393832],[-73.903075421695178,40.809888279558706],[-73.903418421826871,40.811515279740334],[-73.904467422313374,40.812290280144609],[-73.906331422036345,40.812675279374943],[-73.908208423076431,40.807160278646144]]]},"properties":{"OBJECTID":161351,"GEOID20":"360050031001","GEOID10":"360050031001","STATEFP":"36","COUNTYFP":"005","D1C":17.762262878597369,"D1C5_RET":1.9619583444695181,"D2B_E5MIXA":0.6638290745040607,"D3A":29.495331402849608,"D3AAO":0,"D3B":156.303727820522,"D4A":166.30000000000001,"D4C":54.670000000000002,"D4D":915.28757497300001,"D5AR":931494,"D5BR":1414057}},{"type":"Feature","id":161352,"geometry":{"type":"Polygon","coordinates":[[[-73.91198442399957,40.80830727858504],[-73.912544423866208,40.807251277913018],[-73.909128422793174,40.806174277647678],[-73.908444422179656,40.806485278358139],[-73.907840421932065,40.808214278354605],[-73.91069442348865,40.808817278957214],[-73.911571424446009,40.809078278371366],[-73.91198442399957,40.80830727858504]]]},"properties":{"OBJECTID":161352,"GEOID20":"360050033001","GEOID10":"360050033001","STATEFP":"36","COUNTYFP":"005","D1C":12.158551652631731,"D1C5_RET":4.5529895550280521,"D2B_E5MIXA":0.84644742562556696,"D3A":35.963394921100289,"D3AAO":0,"D3B":198.46083408272972,"D4A":445.25,"D4C":45.329999999999998,"D4D":1499.12174787,"D5AR":1044623,"D5BR":1449940}},{"type":"Feature","id":161353,"geometry":{"type":"Polygon","coordinates":[[[-73.913885424430774,40.808731277969351],[-73.914333424144445,40.808015277767304],[-73.912544423866208,40.807251277913018],[-73.911571424446009,40.809078278371366],[-73.913303424822828,40.809664277854004],[-73.913885424430774,40.808731277969351]]]},"properties":{"OBJECTID":161353,"GEOID20":"360050033002","GEOID10":"360050033002","STATEFP":"36","COUNTYFP":"005","D1C":14.428880283697593,"D1C5_RET":0.11730796978615929,"D2B_E5MIXA":0.10045997395700419,"D3A":25.009897741196291,"D3AAO":0,"D3B":173.90650157517194,"D4A":378.19999999999999,"D4C":45.670000000000002,"D4D":3402.87486158,"D5AR":1001415,"D5BR":1448254}},{"type":"Feature","id":161354,"geometry":{"type":"Polygon","coordinates":[[[-73.913747423440213,40.806950278763424],[-73.914101424340842,40.80628227784532],[-73.911477423836374,40.805179277593815],[-73.909673423489551,40.806002277549283],[-73.909128422793174,40.806174277647678],[-73.912544423866208,40.807251277913018],[-73.913397424534153,40.807617277522155],[-73.913747423440213,40.806950278763424]]]},"properties":{"OBJECTID":161354,"GEOID20":"360050027021","GEOID10":"360050027021","STATEFP":"36","COUNTYFP":"005","D1C":25.472802643532894,"D1C5_RET":3.5316275051505781,"D2B_E5MIXA":0.74275330127251282,"D3A":28.008290805280222,"D3AAO":0,"D3B":96.180493757292339,"D4A":179.71000000000001,"D4C":45.329999999999998,"D4D":2179.9308910099999,"D5AR":1020704,"D5BR":1804806}},{"type":"Feature","id":161355,"geometry":{"type":"Polygon","coordinates":[[[-73.910949424655087,40.813629279708238],[-73.910309424422493,40.812313279605078],[-73.910239423203976,40.811937278763509],[-73.909597423321557,40.8117852792506],[-73.909076423812962,40.813241279564309],[-73.910949424655087,40.813629279708238]]]},"properties":{"OBJECTID":161355,"GEOID20":"360050035002","GEOID10":"360050035002","STATEFP":"36","COUNTYFP":"005","D1C":11.011469799289124,"D1C5_RET":1.1470281040926169,"D2B_E5MIXA":0.33026546138428536,"D3A":24.977104857916633,"D3AAO":0,"D3B":146.81959732385496,"D4A":269.56999999999999,"D4C":91,"D4D":13360.583356499999,"D5AR":937462,"D5BR":1501010}},{"type":"Feature","id":161356,"geometry":{"type":"Polygon","coordinates":[[[-73.864832409895001,40.821147282517622],[-73.865747410487188,40.82102028285928],[-73.864512410227846,40.819855282242806],[-73.864315409686043,40.819007282213136],[-73.86153240827457,40.819387282486296],[-73.862030408216967,40.821517283593906],[-73.864832409895001,40.821147282517622]]]},"properties":{"OBJECTID":161356,"GEOID20":"360050038001","GEOID10":"360050038001","STATEFP":"36","COUNTYFP":"005","D1C":0.51067962923918431,"D1C5_RET":0,"D2B_E5MIXA":0.43067655807339306,"D3A":35.816150024358443,"D3AAO":0,"D3B":272.37608705101138,"D4A":374.17000000000002,"D4C":40.670000000000002,"D4D":1661.54724169,"D5AR":746913,"D5BR":1038253}},{"type":"Feature","id":161357,"geometry":{"type":"Polygon","coordinates":[[[-73.860675409205328,40.828427284454989],[-73.85970440943494,40.826285283342358],[-73.856152407021142,40.826778284424982],[-73.856991408343688,40.830393284194166],[-73.860262409651767,40.829955284538094],[-73.859621408695944,40.828556283962925],[-73.860675409205328,40.828427284454989]]]},"properties":{"OBJECTID":161357,"GEOID20":"360050040011","GEOID10":"360050040011","STATEFP":"36","COUNTYFP":"005","D1C":12.619486863730362,"D1C5_RET":0.29576922336868033,"D2B_E5MIXA":0.55088378279697015,"D3A":23.66597259098134,"D3AAO":0,"D3B":35.061141003064186,"D4A":356.74000000000001,"D4C":103.33,"D4D":2173.28596272,"D5AR":865259,"D5BR":2218272}},{"type":"Feature","id":161358,"geometry":{"type":"Polygon","coordinates":[[[-73.917600426152887,40.810359278797677],[-73.918050426414666,40.809583278790655],[-73.916185425070168,40.808798278313702],[-73.91484842470355,40.811002278595765],[-73.916839425546442,40.811664278790076],[-73.917600426152887,40.810359278797677]]]},"properties":{"OBJECTID":161358,"GEOID20":"360050041001","GEOID10":"360050041001","STATEFP":"36","COUNTYFP":"005","D1C":12.784399623286358,"D1C5_RET":0.34091732328763619,"D2B_E5MIXA":0.24814968030130047,"D3A":22.465962842710763,"D3AAO":0,"D3B":109.09354996062277,"D4A":285.66000000000003,"D4C":63.329999999999998,"D4D":3454.4472595000002,"D5AR":1025826,"D5BR":1860724}},{"type":"Feature","id":161359,"geometry":{"type":"Polygon","coordinates":[[[-73.921212427942805,40.814182279350796],[-73.922089428001868,40.813739278856083],[-73.920120427798608,40.8129022787395],[-73.919202427731662,40.814152279183517],[-73.916090425533909,40.812973279408595],[-73.914099425589342,40.812309279788188],[-73.913717425099605,40.812961278716749],[-73.91571942491484,40.813624279186371],[-73.915342425346296,40.814278279658872],[-73.917738426245151,40.815165279411637],[-73.916772426497616,40.81570727972602],[-73.917626426990452,40.81606327892802],[-73.921212427942805,40.814182279350796]]]},"properties":{"OBJECTID":161359,"GEOID20":"360050043002","GEOID10":"360050043002","STATEFP":"36","COUNTYFP":"005","D1C":115.7936507936508,"D1C5_RET":3.0158730158730158,"D2B_E5MIXA":0.21530373989827628,"D3A":31.055019023421487,"D3AAO":0.3996384793351499,"D3B":67.733335214814872,"D4A":242.74000000000001,"D4C":113.67,"D4D":2886.8572230499999,"D5AR":913061,"D5BR":1711239}},{"type":"Feature","id":161360,"geometry":{"type":"Polygon","coordinates":[[[-73.919659426767822,40.813528279291702],[-73.916471425300429,40.812319278990103],[-73.914475425332981,40.81165927947989],[-73.914099425589342,40.812309279788188],[-73.916090425533909,40.812973279408595],[-73.919202427731662,40.814152279183517],[-73.919659426767822,40.813528279291702]]]},"properties":{"OBJECTID":161360,"GEOID20":"360050043004","GEOID10":"360050043004","STATEFP":"36","COUNTYFP":"005","D1C":1.8062447810814859,"D1C5_RET":0.63749815802875975,"D2B_E5MIXA":0.59402377288430608,"D3A":18.899025294530439,"D3AAO":0,"D3B":0,"D4A":291.01999999999998,"D4C":108,"D4D":7343.9787804899997,"D5AR":976011,"D5BR":1592665}},{"type":"Feature","id":161361,"geometry":{"type":"Polygon","coordinates":[[[-73.870116412685576,40.827179282944556],[-73.869985411367708,40.82664028364475],[-73.869504411143765,40.82666028316482],[-73.86945241216354,40.825803283842241],[-73.868706410727427,40.825869283340559],[-73.868432411091035,40.825690283858684],[-73.868012410966472,40.825675282300381],[-73.868302412293019,40.827290283992902],[-73.86822441157689,40.827434283477771],[-73.870116412685576,40.827179282944556]]]},"properties":{"OBJECTID":161361,"GEOID20":"360050044002","GEOID10":"360050044002","STATEFP":"36","COUNTYFP":"005","D1C":1.2753167918793951,"D1C5_RET":1.2753167918793951,"D2B_E5MIXA":0,"D3A":20.291056582028975,"D3AAO":0,"D3B":0,"D4A":97.900000000000006,"D4C":25.670000000000002,"D4D":2993.1320729200002,"D5AR":900511,"D5BR":2195250}},{"type":"Feature","id":161362,"geometry":{"type":"Polygon","coordinates":[[[-73.872724412398213,40.826827283204516],[-73.872507411764943,40.824599283299648],[-73.867879410897075,40.825186282934915],[-73.868012410966472,40.825675282300381],[-73.868432411091035,40.825690283858684],[-73.868706410727427,40.825869283340559],[-73.86945241216354,40.825803283842241],[-73.869504411143765,40.82666028316482],[-73.869985411367708,40.82664028364475],[-73.870116412685576,40.827179282944556],[-73.872724412398213,40.826827283204516]]]},"properties":{"OBJECTID":161362,"GEOID20":"360050044004","GEOID10":"360050044004","STATEFP":"36","COUNTYFP":"005","D1C":2.838160909500016,"D1C5_RET":0.054580017490384929,"D2B_E5MIXA":0.30276884765746848,"D3A":28.923069701999516,"D3AAO":7.4551004536947945,"D3B":69.897353598886554,"D4A":171.66,"D4C":59,"D4D":2060.9414604399999,"D5AR":961077,"D5BR":2128262}},{"type":"Feature","id":161363,"geometry":{"type":"Polygon","coordinates":[[[-73.871516411903059,40.824723282411739],[-73.870502411576652,40.820372281566286],[-73.865747410487188,40.82102028285928],[-73.867020410381386,40.822311282221506],[-73.869843411975779,40.824931283954001],[-73.871516411903059,40.824723282411739]]]},"properties":{"OBJECTID":161363,"GEOID20":"360050046001","GEOID10":"360050046001","STATEFP":"36","COUNTYFP":"005","D1C":32.055240269275977,"D1C5_RET":5.4422142994479739,"D2B_E5MIXA":0.36660054892448718,"D3A":39.6186058638106,"D3AAO":5.3983478593798297,"D3B":229.70691618994289,"D4A":92.540000000000006,"D4C":19,"D4D":363.61171437199999,"D5AR":934002,"D5BR":1046166}},{"type":"Feature","id":161364,"geometry":{"type":"Polygon","coordinates":[[[-73.84943440557619,40.849345288918691],[-73.850346406693674,40.849001288592596],[-73.849074406624396,40.847070287813487],[-73.847886406220724,40.845997287615582],[-73.846571405595427,40.847076288131817],[-73.848589407100818,40.849658289522502],[-73.84943440557619,40.849345288918691]]]},"properties":{"OBJECTID":161364,"GEOID20":"360050286002","GEOID10":"360050286002","STATEFP":"36","COUNTYFP":"005","D1C":3.3353057604675129,"D1C5_RET":0.25656198157442406,"D2B_E5MIXA":0.76867297453611727,"D3A":24.423187150968751,"D3AAO":0,"D3B":54.760589347245073,"D4A":162.28,"D4C":40.329999999999998,"D4D":1655.5431547000001,"D5AR":627712,"D5BR":1608098}},{"type":"Feature","id":161365,"geometry":{"type":"Polygon","coordinates":[[[-73.875508413634591,40.829242284612732],[-73.874876413797921,40.826536283595971],[-73.872724412398213,40.826827283204516],[-73.872815412634822,40.828081283181383],[-73.873021413397467,40.829374284175245],[-73.873194412751502,40.829913283683467],[-73.875508413634591,40.829242284612732]]]},"properties":{"OBJECTID":161365,"GEOID20":"360050048001","GEOID10":"360050048001","STATEFP":"36","COUNTYFP":"005","D1C":7.2605960860025425,"D1C5_RET":3.0407624633685861,"D2B_E5MIXA":0.78343659453463987,"D3A":31.977448879435205,"D3AAO":8.7084053838354354,"D3B":105.92278843825656,"D4A":0,"D4C":50.329999999999998,"D4D":1998.9103644899999,"D5AR":816632,"D5BR":1056830}},{"type":"Feature","id":161366,"geometry":{"type":"Polygon","coordinates":[[[-73.884532417363332,40.825655281803485],[-73.884569416274942,40.824936282943781],[-73.884412416814413,40.822978282912459],[-73.87993141446303,40.82364928214708],[-73.880428414580493,40.825788283669041],[-73.881353415218442,40.825664283149472],[-73.881982415580381,40.828364283750474],[-73.883833416681185,40.828279283514327],[-73.884532417363332,40.825655281803485]]]},"properties":{"OBJECTID":161366,"GEOID20":"360050052001","GEOID10":"360050052001","STATEFP":"36","COUNTYFP":"005","D1C":19.904551888377334,"D1C5_RET":1.5036729339491199,"D2B_E5MIXA":0.60556310593015028,"D3A":21.267995007577735,"D3AAO":0.037160231762522887,"D3B":27.1904844029091,"D4A":313.81999999999999,"D4C":70.329999999999998,"D4D":1147.15462991,"D5AR":882939,"D5BR":1226463}},{"type":"Feature","id":161367,"geometry":{"type":"Polygon","coordinates":[[[-73.908013426676021,40.882408293053196],[-73.905451426994119,40.880975292413694],[-73.902569425848469,40.883847292933353],[-73.904722426174757,40.885250293957391],[-73.908013426676021,40.882408293053196]]]},"properties":{"OBJECTID":161367,"GEOID20":"360050287001","GEOID10":"360050287001","STATEFP":"36","COUNTYFP":"005","D1C":5.4426519607515882,"D1C5_RET":0,"D2B_E5MIXA":0.34756131083187786,"D3A":32.814526504236881,"D3AAO":0,"D3B":167.07296977188298,"D4A":340.63999999999999,"D4C":86.670000000000002,"D4D":2171.9235473399999,"D5AR":621014,"D5BR":2644971}},{"type":"Feature","id":161368,"geometry":{"type":"Polygon","coordinates":[[[-73.853538408359029,40.854600289663431],[-73.854409408570305,40.854208289363193],[-73.852898408126435,40.852272289157163],[-73.850409406442864,40.853390288460098],[-73.848289405728536,40.854739290160992],[-73.850097407171631,40.856355289933262],[-73.851119407893975,40.855691289816264],[-73.853538408359029,40.854600289663431]]]},"properties":{"OBJECTID":161368,"GEOID20":"360050288001","GEOID10":"360050288001","STATEFP":"36","COUNTYFP":"005","D1C":6.935823357497056,"D1C5_RET":2.3119411191656853,"D2B_E5MIXA":0.6346007332725182,"D3A":31.262640834663461,"D3AAO":0,"D3B":115.62017536947593,"D4A":409.04000000000002,"D4C":45.329999999999998,"D4D":1048.0029093200001,"D5AR":546904,"D5BR":2338844}},{"type":"Feature","id":161369,"geometry":{"type":"Polygon","coordinates":[[[-73.908555427897639,40.877720292872368],[-73.908006427003329,40.877486292532048],[-73.907199426366134,40.876397291743501],[-73.906377426558677,40.876814291658398],[-73.906099426724325,40.877074291907959],[-73.903938425103803,40.880142291901095],[-73.904711426304104,40.880562292676522],[-73.905794426227487,40.879426291880272],[-73.907195426168187,40.877466292725835],[-73.907701426506478,40.878064292132066],[-73.908023426721755,40.878296292171385],[-73.908555427897639,40.877720292872368]]]},"properties":{"OBJECTID":161369,"GEOID20":"360050289001","GEOID10":"360050289001","STATEFP":"36","COUNTYFP":"005","D1C":37.341444783153214,"D1C5_RET":8.3064135689980105,"D2B_E5MIXA":0.86314595611474942,"D3A":29.817819777546816,"D3AAO":0,"D3B":287.40490278951813,"D4A":107.29000000000001,"D4C":91.670000000000002,"D4D":4390.3361837599996,"D5AR":629311,"D5BR":2909715}},{"type":"Feature","id":161370,"geometry":{"type":"Polygon","coordinates":[[[-73.900722420454045,40.81677228094788],[-73.900923422092134,40.816732280017284],[-73.899729420044039,40.814298279507298],[-73.898469420568659,40.815434280308054],[-73.899208420535444,40.815874280151029],[-73.897787420503263,40.817254280135487],[-73.89928642125156,40.818155280715892],[-73.900722420454045,40.81677228094788]]]},"properties":{"OBJECTID":161370,"GEOID20":"360050085002","GEOID10":"360050085002","STATEFP":"36","COUNTYFP":"005","D1C":7.8224140950306502,"D1C5_RET":0.81949100043178236,"D2B_E5MIXA":0.55912535137636166,"D3A":37.261501244613221,"D3AAO":0,"D3B":143.03842916627474,"D4A":252.13,"D4C":103.33,"D4D":4926.7202952500002,"D5AR":929617,"D5BR":1479344}},{"type":"Feature","id":161371,"geometry":{"type":"Polygon","coordinates":[[[-73.852079406895399,40.822855283222182],[-73.851581405156381,40.820719283629323],[-73.8485214046338,40.821131282659678],[-73.849019405474507,40.823268283898912],[-73.852079406895399,40.822855283222182]]]},"properties":{"OBJECTID":161371,"GEOID20":"360050086001","GEOID10":"360050086001","STATEFP":"36","COUNTYFP":"005","D1C":0.70455162897973034,"D1C5_RET":0,"D2B_E5MIXA":0.56943164968284954,"D3A":30.380852984932243,"D3AAO":0,"D3B":163.96837910800997,"D4A":265.54000000000002,"D4C":30.670000000000002,"D4D":1257.2275468099999,"D5AR":684574,"D5BR":1052315}},{"type":"Feature","id":161372,"geometry":{"type":"Polygon","coordinates":[[[-73.90160342160938,40.81970328115581],[-73.901669420833301,40.819542280943999],[-73.897787420503263,40.817254280135487],[-73.896084419540443,40.818898281627433],[-73.89695641957664,40.820484281772295],[-73.897888420785591,40.819511280465626],[-73.897865421219365,40.821606281556875],[-73.90160342160938,40.81970328115581]]]},"properties":{"OBJECTID":161372,"GEOID20":"360050087001","GEOID10":"360050087001","STATEFP":"36","COUNTYFP":"005","D1C":20.797026591235017,"D1C5_RET":2.2775917810867794,"D2B_E5MIXA":0.25087244032232947,"D3A":27.745707187013824,"D3AAO":0,"D3B":143.42406158775449,"D4A":160.93000000000001,"D4C":104,"D4D":2485.1886712999999,"D5AR":881611,"D5BR":1389229}},{"type":"Feature","id":161373,"geometry":{"type":"Polygon","coordinates":[[[-73.89637341924545,40.819749281047464],[-73.896487420844892,40.819643281042346],[-73.896084419540443,40.818898281627433],[-73.894919419601294,40.820015281686885],[-73.894932419121787,40.818855281222383],[-73.892837419420133,40.82098228175802],[-73.895882420772409,40.821000280958565],[-73.895997420400136,40.820304281348925],[-73.89637341924545,40.819749281047464]]]},"properties":{"OBJECTID":161373,"GEOID20":"360050087002","GEOID10":"360050087002","STATEFP":"36","COUNTYFP":"005","D1C":17.51968927991361,"D1C5_RET":0.4146672018914464,"D2B_E5MIXA":0.29201463283077778,"D3A":31.215547331452001,"D3AAO":0,"D3B":110.60003608848658,"D4A":249.44999999999999,"D4C":123.33,"D4D":8182.54496148,"D5AR":924648,"D5BR":1503149}},{"type":"Feature","id":161374,"geometry":{"type":"Polygon","coordinates":[[[-73.855647407406082,40.824641282761696],[-73.855137406869815,40.822444282635843],[-73.852079406895399,40.822855283222182],[-73.852590405459921,40.825052283328787],[-73.855647407406082,40.824641282761696]]]},"properties":{"OBJECTID":161374,"GEOID20":"360050098004","GEOID10":"360050098004","STATEFP":"36","COUNTYFP":"005","D1C":0.9344565800451583,"D1C5_RET":0.12459421067268778,"D2B_E5MIXA":0.47516863723609659,"D3A":29.316122360430054,"D3AAO":0,"D3B":106.33368315649864,"D4A":236.03999999999999,"D4C":45.329999999999998,"D4D":1807.3137823300001,"D5AR":858126,"D5BR":1326185}},{"type":"Feature","id":161375,"geometry":{"type":"Polygon","coordinates":[[[-73.897865421219365,40.821606281556875],[-73.897864420496163,40.821012281555866],[-73.895882420772409,40.821000280958565],[-73.895862420680913,40.822639281539537],[-73.897865421219365,40.821606281556875]]]},"properties":{"OBJECTID":161375,"GEOID20":"360050087005","GEOID10":"360050087005","STATEFP":"36","COUNTYFP":"005","D1C":47.643011149859042,"D1C5_RET":18.205053041003051,"D2B_E5MIXA":0.54059679329683197,"D3A":32.008238731366063,"D3AAO":0,"D3B":371.84789190133887,"D4A":234.69999999999999,"D4C":79.670000000000002,"D4D":9875.0405159300008,"D5AR":909001,"D5BR":1459996}},{"type":"Feature","id":161376,"geometry":{"type":"Polygon","coordinates":[[[-73.86034541039075,40.833302284163196],[-73.860336408373286,40.833137285097933],[-73.854745408130967,40.831485284425156],[-73.854124407266639,40.831601284909262],[-73.854652407346236,40.833896285554204],[-73.86034541039075,40.833302284163196]]]},"properties":{"OBJECTID":161376,"GEOID20":"360050092001","GEOID10":"360050092001","STATEFP":"36","COUNTYFP":"005","D1C":20.087024077843129,"D1C5_RET":1.5575499953407772,"D2B_E5MIXA":0.63079027628277573,"D3A":44.437111192927027,"D3AAO":20.095148084565793,"D3B":80.227789001387578,"D4A":234.69999999999999,"D4C":99,"D4D":3402.9781967200001,"D5AR":842443,"D5BR":2006447}},{"type":"Feature","id":161377,"geometry":{"type":"Polygon","coordinates":[[[-73.854577407901488,40.831523285625671],[-73.854745408130967,40.831485284425156],[-73.850633405850544,40.830241284827572],[-73.851381405139847,40.833376286205741],[-73.851685405811764,40.834209285718359],[-73.854652407346236,40.833896285554204],[-73.854124407266639,40.831601284909262],[-73.854577407901488,40.831523285625671]]]},"properties":{"OBJECTID":161377,"GEOID20":"360050092003","GEOID10":"360050092003","STATEFP":"36","COUNTYFP":"005","D1C":10.074421236060799,"D1C5_RET":1.6515444649279998,"D2B_E5MIXA":0.87122489177444706,"D3A":35.058839935409161,"D3AAO":15.090646117438885,"D3B":52.849422877695993,"D4A":281.63999999999999,"D4C":68.329999999999998,"D4D":1805.60053262,"D5AR":749738,"D5BR":2007803}},{"type":"Feature","id":161378,"geometry":{"type":"Polygon","coordinates":[[[-73.852926405918907,40.826490284332849],[-73.852079406895399,40.822855283222182],[-73.849019405474507,40.823268283898912],[-73.849866405396327,40.826905283933691],[-73.852926405918907,40.826490284332849]]]},"properties":{"OBJECTID":161378,"GEOID20":"360050098001","GEOID10":"360050098001","STATEFP":"36","COUNTYFP":"005","D1C":1.0541859483865288,"D1C5_RET":0.30119598525329394,"D2B_E5MIXA":0.78291930976116264,"D3A":22.684990367181722,"D3AAO":0,"D3B":72.287036460790546,"D4A":394.29000000000002,"D4C":44.670000000000002,"D4D":1076.3539728999999,"D5AR":772432,"D5BR":1328972}},{"type":"Feature","id":161379,"geometry":{"type":"Polygon","coordinates":[[[-73.849699405890064,40.826183283926568],[-73.849019405474507,40.823268283898912],[-73.845956404578885,40.823679284137533],[-73.846638404644281,40.826593284544877],[-73.849699405890064,40.826183283926568]]]},"properties":{"OBJECTID":161379,"GEOID20":"360050098002","GEOID10":"360050098002","STATEFP":"36","COUNTYFP":"005","D1C":15.450117307481102,"D1C5_RET":0,"D2B_E5MIXA":0.061706887606993562,"D3A":21.476661724578353,"D3AAO":0,"D3B":30.054939443124329,"D4A":221.28,"D4C":42.329999999999998,"D4D":1272.22558663,"D5AR":692261,"D5BR":1325923}},{"type":"Feature","id":161380,"geometry":{"type":"Polygon","coordinates":[[[-73.890879418189201,40.828638282850491],[-73.890906418851685,40.826796282732325],[-73.888851417536387,40.826776282573512],[-73.88900141822252,40.828789283297013],[-73.888064416990687,40.828878282377325],[-73.88805641749309,40.829017283130682],[-73.887614417627205,40.829345282589429],[-73.88991341933999,40.830132283672008],[-73.89087441816632,40.830144283296661],[-73.890879418189201,40.828638282850491]]]},"properties":{"OBJECTID":161380,"GEOID20":"360050121012","GEOID10":"360050121012","STATEFP":"36","COUNTYFP":"005","D1C":4.7955972293221212,"D1C5_RET":0.35966979219915907,"D2B_E5MIXA":0.3270788466853648,"D3A":36.001190750224097,"D3AAO":0,"D3B":153.45911133830785,"D4A":219.94,"D4C":121.33,"D4D":4654.7984946699999,"D5AR":864825,"D5BR":1384914}},{"type":"Feature","id":161381,"geometry":{"type":"Polygon","coordinates":[[[-73.883990418836646,40.864827290818781],[-73.8839574192247,40.864456290258211],[-73.883837418675782,40.864248289765307],[-73.88235141744795,40.862457289706988],[-73.880741418168199,40.861134289987696],[-73.880515417314058,40.860620289414072],[-73.881009417058479,40.858252289491482],[-73.88071541733062,40.856806288778522],[-73.88311041660792,40.848281286459326],[-73.882782417443181,40.84807828746041],[-73.882845417192371,40.847826287627093],[-73.877315415252781,40.844015286681866],[-73.878172416118673,40.842633286270718],[-73.876086414841211,40.842073286898561],[-73.874592414115781,40.84152928521079],[-73.871651413418903,40.844248286733389],[-73.869470413503521,40.848448287760448],[-73.869210412314217,40.849247288592871],[-73.868236413069098,40.850921288423173],[-73.869930412912751,40.855868288857728],[-73.868384414105407,40.857820289813567],[-73.869550413869462,40.857734289179724],[-73.870899413931625,40.85727828991012],[-73.871084413879558,40.857385288985064],[-73.870580414089389,40.861413289830338],[-73.870463413913527,40.863280290243424],[-73.870420413357522,40.865371290779599],[-73.870563415269288,40.871519292051936],[-73.870378414423044,40.873293292191661],[-73.870314415747245,40.875349292822094],[-73.870030414268498,40.876498292843543],[-73.869422414721257,40.877995294226587],[-73.869436414964966,40.878137293962382],[-73.870945414860699,40.878519293834721],[-73.871606415009708,40.876930292951322],[-73.87255441611218,40.875183293303834],[-73.874368415606426,40.872709293015767],[-73.876293416327101,40.870534291395536],[-73.877728416602977,40.869563291550762],[-73.87986141773608,40.868282292150631],[-73.883080418267312,40.866601290905486],[-73.882690418279978,40.866160290731933],[-73.883618418392672,40.865461290337329],[-73.883859419315414,40.865199290665636],[-73.883990418836646,40.864827290818781]]]},"properties":{"OBJECTID":161381,"GEOID20":"360050334001","GEOID10":"360050334001","STATEFP":"36","COUNTYFP":"005","D1C":28.229495292731659,"D1C5_RET":0.72214987958150756,"D2B_E5MIXA":0.22333436183927605,"D3A":29.593344480657052,"D3AAO":7.1174696285030929,"D3B":137.59032468542574,"D4A":103.27,"D4C":203.33000000000001,"D4D":172.977937207,"D5AR":655673,"D5BR":2609971}},{"type":"Feature","id":161386,"geometry":{"type":"Polygon","coordinates":[[[-73.890587419009464,40.825090281418341],[-73.890421419328121,40.823152282432858],[-73.889485417921193,40.82319928193202],[-73.889651417602551,40.825144282458453],[-73.890587419009464,40.825090281418341]]]},"properties":{"OBJECTID":161386,"GEOID20":"360050119003","GEOID10":"360050119003","STATEFP":"36","COUNTYFP":"005","D1C":2.6028410293781961,"D1C5_RET":1.183109558808271,"D2B_E5MIXA":0.64382650415643894,"D3A":22.097710313238323,"D3AAO":0,"D3B":0,"D4A":214.58000000000001,"D4C":151.33000000000001,"D4D":22917.116100399999,"D5AR":855560,"D5BR":1365064}},{"type":"Feature","id":161387,"geometry":{"type":"Polygon","coordinates":[[[-73.816372393939488,40.817603282962274],[-73.815621393378805,40.816091282855687],[-73.81407639349807,40.816410283136882],[-73.813623392863207,40.814770283561778],[-73.810239392475538,40.815335284156369],[-73.808554391954402,40.815535283261859],[-73.809127392239844,40.816783282933173],[-73.806977391388301,40.81708828391649],[-73.805892390916782,40.817431283935555],[-73.806516390357515,40.817509283478273],[-73.810023391667173,40.818645283681612],[-73.810061392200311,40.818552284344598],[-73.810977392617417,40.818295284263435],[-73.814453393066614,40.817777283666238],[-73.816372393939488,40.817603282962274]]]},"properties":{"OBJECTID":161387,"GEOID20":"360050118003","GEOID10":"360050118003","STATEFP":"36","COUNTYFP":"005","D1C":5.9378358072941371,"D1C5_RET":0.08246994176797412,"D2B_E5MIXA":0.48301208742552232,"D3A":25.010529367712554,"D3AAO":0.046325449174172341,"D3B":206.75545261437017,"D4A":170.31999999999999,"D4C":19.329999999999998,"D4D":255.06304799500001,"D5AR":754985,"D5BR":916244}},{"type":"Feature","id":161396,"geometry":{"type":"Polygon","coordinates":[[[-73.892006418493523,40.824731282587692],[-73.891908418584208,40.824419282487582],[-73.891616418506175,40.820993281685482],[-73.890825418660839,40.820315281388829],[-73.889647417404589,40.821213281890756],[-73.890236417583552,40.820957281916165],[-73.890587419009464,40.825090281418341],[-73.891065419758661,40.825048282240623],[-73.891875418972262,40.824693282932841],[-73.892006418493523,40.824731282587692]]]},"properties":{"OBJECTID":161396,"GEOID20":"360050119001","GEOID10":"360050119001","STATEFP":"36","COUNTYFP":"005","D1C":31.274576843524663,"D1C5_RET":14.241740942474618,"D2B_E5MIXA":0.78692078827177159,"D3A":37.603709726110296,"D3AAO":0,"D3B":152.70581484127959,"D4A":0,"D4C":151.33000000000001,"D4D":6931.3050269699997,"D5AR":875882,"D5BR":1365695}},{"type":"Feature","id":161397,"geometry":{"type":"Polygon","coordinates":[[[-73.88900141822252,40.828789283297013],[-73.888851417536387,40.826776282573512],[-73.887896417659519,40.826751282196561],[-73.886093418035912,40.827703282881536],[-73.886051417304813,40.828093282497456],[-73.886250416598131,40.828347283032251],[-73.887614417627205,40.829345282589429],[-73.88805641749309,40.829017283130682],[-73.888064416990687,40.828878282377325],[-73.88900141822252,40.828789283297013]]]},"properties":{"OBJECTID":161397,"GEOID20":"360050121011","GEOID10":"360050121011","STATEFP":"36","COUNTYFP":"005","D1C":6.3096798969829502,"D1C5_RET":0.75716158763795405,"D2B_E5MIXA":0.8765130139830386,"D3A":37.013231572093019,"D3AAO":0,"D3B":197.44082075508464,"D4A":160.93000000000001,"D4C":120.67,"D4D":6497.1867577100002,"D5AR":894449,"D5BR":1384736}},{"type":"Feature","id":161409,"geometry":{"type":"Polygon","coordinates":[[[-73.851630405560186,40.816362282163226],[-73.851146404963202,40.814404281254689],[-73.850900404915905,40.814352281855335],[-73.849098405117218,40.814559281157479],[-73.849575404244888,40.816642282934154],[-73.851630405560186,40.816362282163226]]]},"properties":{"OBJECTID":161409,"GEOID20":"360050084001","GEOID10":"360050084001","STATEFP":"36","COUNTYFP":"005","D1C":0.19908717534667672,"D1C5_RET":0,"D2B_E5MIXA":0,"D3A":21.181446022997445,"D3AAO":0,"D3B":0,"D4A":370.14999999999998,"D4C":18.329999999999998,"D4D":1167.7657357099999,"D5AR":649448,"D5BR":488823}},{"type":"Feature","id":161414,"geometry":{"type":"Polygon","coordinates":[[[-73.903066421474364,40.816115281065393],[-73.903471421530313,40.815083280182627],[-73.900507421267207,40.815887280386342],[-73.900923422092134,40.816732280017284],[-73.900722420454045,40.81677228094788],[-73.901537421487134,40.817164280361297],[-73.902580422125851,40.817378280062535],[-73.903066421474364,40.816115281065393]]]},"properties":{"OBJECTID":161414,"GEOID20":"360050083001","GEOID10":"360050083001","STATEFP":"36","COUNTYFP":"005","D1C":36.227276245303116,"D1C5_RET":0.5590629050201098,"D2B_E5MIXA":0.18665210125913193,"D3A":20.081058389041058,"D3AAO":0,"D3B":71.560051842574055,"D4A":237.38,"D4C":91.329999999999998,"D4D":6535.5795347800004,"D5AR":904565,"D5BR":1502403}},{"type":"Feature","id":161415,"geometry":{"type":"Polygon","coordinates":[[[-73.903471421530313,40.815083280182627],[-73.903805421441149,40.814140280064642],[-73.902220422275761,40.814502279384328],[-73.900121420579509,40.81509227956402],[-73.900507421267207,40.815887280386342],[-73.903471421530313,40.815083280182627]]]},"properties":{"OBJECTID":161415,"GEOID20":"360050083002","GEOID10":"360050083002","STATEFP":"36","COUNTYFP":"005","D1C":1.598491512278907,"D1C5_RET":0,"D2B_E5MIXA":0.36407283174867,"D3A":21.412401945118869,"D3AAO":0,"D3B":93.003142532590942,"D4A":250.78999999999999,"D4C":59,"D4D":5487.1854094199998,"D5AR":936761,"D5BR":1478703}},{"type":"Feature","id":161416,"geometry":{"type":"Polygon","coordinates":[[[-73.903805421441149,40.814140280064642],[-73.904184422456154,40.813095278954108],[-73.899729420044039,40.814298279507298],[-73.900121420579509,40.81509227956402],[-73.902220422275761,40.814502279384328],[-73.903805421441149,40.814140280064642]]]},"properties":{"OBJECTID":161416,"GEOID20":"360050083003","GEOID10":"360050083003","STATEFP":"36","COUNTYFP":"005","D1C":1.6249060398082482,"D1C5_RET":0.69638830277496355,"D2B_E5MIXA":0.74394925380248522,"D3A":23.802068243786184,"D3AAO":0,"D3B":0,"D4A":197.13999999999999,"D4C":52.329999999999998,"D4D":3887.1466543199999,"D5AR":911085,"D5BR":1455587}},{"type":"Feature","id":161417,"geometry":{"type":"Polygon","coordinates":[[[-73.891930418325529,40.824896282177946],[-73.892006418493523,40.824731282587692],[-73.891875418972262,40.824693282932841],[-73.887896417659519,40.826751282196561],[-73.891914418432009,40.826802282846792],[-73.891930418325529,40.824896282177946]]]},"properties":{"OBJECTID":161417,"GEOID20":"360050127011","GEOID10":"360050127011","STATEFP":"36","COUNTYFP":"005","D1C":5.0475464025394503,"D1C5_RET":1.3856009732461236,"D2B_E5MIXA":0.60049211104471512,"D3A":34.419535896024286,"D3AAO":0,"D3B":274.52318253936915,"D4A":146.18000000000001,"D4C":121.33,"D4D":7685.2555924099997,"D5AR":890797,"D5BR":1365261}},{"type":"Feature","id":161418,"geometry":{"type":"Polygon","coordinates":[[[-73.814889393983023,40.814585282820751],[-73.814354393332408,40.813430283122784],[-73.812238392816042,40.81313128299022],[-73.811321391675705,40.813209282829526],[-73.810680392516502,40.813029282382097],[-73.810013391621425,40.813113283014275],[-73.809653390872981,40.812959282567235],[-73.808574391147573,40.812266283270858],[-73.807793391347985,40.81163028306559],[-73.807196389874775,40.810884282583778],[-73.806696391180907,40.810458283054132],[-73.80426538922363,40.809028282624418],[-73.804019390074671,40.808821282384265],[-73.803928388939752,40.808536282376735],[-73.803804389091184,40.808523282060911],[-73.803664389349109,40.808914282443936],[-73.803006388674845,40.809251282906139],[-73.801661387912318,40.809080282116817],[-73.802434389112634,40.809274282060201],[-73.803009389047901,40.809557282646246],[-73.803726389273379,40.810024282240271],[-73.804513389819064,40.81072828278613],[-73.808180391860603,40.814793282842423],[-73.808554391954402,40.815535283261859],[-73.810239392475538,40.815335284156369],[-73.814889393983023,40.814585282820751]]]},"properties":{"OBJECTID":161418,"GEOID20":"360050118002","GEOID10":"360050118002","STATEFP":"36","COUNTYFP":"005","D1C":0.58461456756502528,"D1C5_RET":0,"D2B_E5MIXA":0.53982412498529264,"D3A":48.812965759770826,"D3AAO":0,"D3B":529.79870167396564,"D4A":266.88,"D4C":19.329999999999998,"D4D":224.17548986200001,"D5AR":727322,"D5BR":916246}},{"type":"Feature","id":161419,"geometry":{"type":"Polygon","coordinates":[[[-73.889923418487427,40.831860283388529],[-73.89087441816632,40.830144283296661],[-73.88991341933999,40.830132283672008],[-73.888055417668184,40.829511283479412],[-73.888058417142901,40.829835283773562],[-73.887230418385968,40.831209283816889],[-73.889792418966167,40.832098283836267],[-73.889923418487427,40.831860283388529]]]},"properties":{"OBJECTID":161419,"GEOID20":"360050123002","GEOID10":"360050123002","STATEFP":"36","COUNTYFP":"005","D1C":1.159891575655291,"D1C5_RET":0,"D2B_E5MIXA":0.6239709312770374,"D3A":28.797046484922873,"D3AAO":0,"D3B":212.09445954839606,"D4A":289.68000000000001,"D4C":111.33,"D4D":5903.11904538,"D5AR":800449,"D5BR":1384518}},{"type":"Feature","id":161420,"geometry":{"type":"Polygon","coordinates":[[[-73.888058417142901,40.829835283773562],[-73.888055417668184,40.829511283479412],[-73.887614417627205,40.829345282589429],[-73.886250416598131,40.828347283032251],[-73.886051417304813,40.828093282497456],[-73.886896417576807,40.823725281951532],[-73.887364416483635,40.822778282454443],[-73.887971417104282,40.822268281309832],[-73.88741141723763,40.822545282394039],[-73.886988417638307,40.822656281681731],[-73.884412416814413,40.822978282912459],[-73.884569416274942,40.824936282943781],[-73.884532417363332,40.825655281803485],[-73.883833416681185,40.828279283514327],[-73.883558416321577,40.828946283999883],[-73.883579416237964,40.829519283077758],[-73.883888417831102,40.82981728357219],[-73.88508241628594,40.830485284070825],[-73.88566241714237,40.830485283391099],[-73.885634417553291,40.830650283618503],[-73.887230418385968,40.831209283816889],[-73.888058417142901,40.829835283773562]]]},"properties":{"OBJECTID":161420,"GEOID20":"360050123003","GEOID10":"360050123003","STATEFP":"36","COUNTYFP":"005","D1C":8.160790897220668,"D1C5_RET":0.19904368042001627,"D2B_E5MIXA":0.22722706823162664,"D3A":31.95350051300667,"D3AAO":19.228654446778943,"D3B":39.919898482274824,"D4A":229.33000000000001,"D4C":151,"D4D":2008.6320129400001,"D5AR":856838,"D5BR":1378862}},{"type":"Feature","id":161421,"geometry":{"type":"Polygon","coordinates":[[[-73.898443421527702,40.826357282515666],[-73.896840421022318,40.825999282304409],[-73.896862420763611,40.823856281669386],[-73.894872419745653,40.823945281252264],[-73.894837420483853,40.826248282452852],[-73.895133419861537,40.827896282857886],[-73.89506441936625,40.828021283169761],[-73.895604420039746,40.828324283692886],[-73.895683419682456,40.828231282293217],[-73.897003421228931,40.82805828239033],[-73.898443421527702,40.826357282515666]]]},"properties":{"OBJECTID":161421,"GEOID20":"360050131002","GEOID10":"360050131002","STATEFP":"36","COUNTYFP":"005","D1C":7.3734472608837844,"D1C5_RET":0,"D2B_E5MIXA":0.58866905304907191,"D3A":34.127405522180318,"D3AAO":0,"D3B":101.19646729604057,"D4A":303.08999999999997,"D4C":107.33,"D4D":2961.93532448,"D5AR":888393,"D5BR":1385464}},{"type":"Feature","id":161422,"geometry":{"type":"Polygon","coordinates":[[[-73.900542422325628,40.825952282070475],[-73.901177420738719,40.824397282407695],[-73.898875421347824,40.823858281569692],[-73.896862420763611,40.823856281669386],[-73.896840421022318,40.825999282304409],[-73.900227421783043,40.826684282309088],[-73.900542422325628,40.825952282070475]]]},"properties":{"OBJECTID":161422,"GEOID20":"360050131003","GEOID10":"360050131003","STATEFP":"36","COUNTYFP":"005","D1C":6.7114270738609605,"D1C5_RET":6.0678655736277181,"D2B_E5MIXA":0.25543614538242959,"D3A":30.175181576532655,"D3AAO":0,"D3B":49.043063812060147,"D4A":103.27,"D4C":77,"D4D":2265.3364808199999,"D5AR":918803,"D5BR":1388886}},{"type":"Feature","id":161423,"geometry":{"type":"Polygon","coordinates":[[[-73.827510397636459,40.815178283185155],[-73.828299396933645,40.814819282374344],[-73.826659396618339,40.811963282134279],[-73.826593397394419,40.811620281720145],[-73.826346396623919,40.811204281526457],[-73.824581396635139,40.812054282293381],[-73.822918395855297,40.812605282586034],[-73.820468396326405,40.813182282555587],[-73.819991394503788,40.813062282715975],[-73.820529394629148,40.814039282465636],[-73.822380395729951,40.813421282836003],[-73.822971395558739,40.814413282767838],[-73.826392397552965,40.813242282394029],[-73.827510397636459,40.815178283185155]]]},"properties":{"OBJECTID":161423,"GEOID20":"360050132002","GEOID10":"360050132002","STATEFP":"36","COUNTYFP":"005","D1C":0.080377431769760505,"D1C5_RET":0,"D2B_E5MIXA":0,"D3A":24.437408724952068,"D3AAO":0,"D3B":143.00596223328941,"D4A":135.44999999999999,"D4C":4.3300000000000001,"D4D":103.151060548,"D5AR":755638,"D5BR":911400}},{"type":"Feature","id":161424,"geometry":{"type":"Polygon","coordinates":[[[-73.820719395498259,40.81958128424445],[-73.82159139553444,40.819289284094751],[-73.819935395325615,40.816522283913912],[-73.818307394705883,40.817072283759323],[-73.816372393939488,40.817603282962274],[-73.815451393499501,40.81771128359361],[-73.815973393731312,40.819500283691504],[-73.817235393754842,40.819053283947071],[-73.818086394772948,40.820490283817421],[-73.820719395498259,40.81958128424445]]]},"properties":{"OBJECTID":161424,"GEOID20":"360050132004","GEOID10":"360050132004","STATEFP":"36","COUNTYFP":"005","D1C":7.8015814724217911,"D1C5_RET":0.7864497452038095,"D2B_E5MIXA":0.74470388401831311,"D3A":30.089140403776586,"D3AAO":0,"D3B":208.05559467356591,"D4A":181.05000000000001,"D4C":19,"D4D":382.52915606699997,"D5AR":783284,"D5BR":1122499}},{"type":"Feature","id":161425,"geometry":{"type":"Polygon","coordinates":[[[-73.90544342300494,40.824041281707196],[-73.905733422534865,40.823345281378657],[-73.903141422715748,40.822723281559931],[-73.902332422428742,40.824674282077638],[-73.904923423321279,40.82529528270404],[-73.90544342300494,40.824041281707196]]]},"properties":{"OBJECTID":161425,"GEOID20":"360050133001","GEOID10":"360050133001","STATEFP":"36","COUNTYFP":"005","D1C":22.146723222507685,"D1C5_RET":0,"D2B_E5MIXA":0.30925403447810906,"D3A":18.81398841742719,"D3AAO":0,"D3B":49.732992499666373,"D4A":245.41999999999999,"D4C":84.329999999999998,"D4D":4193.9832575,"D5AR":873074,"D5BR":1384069}},{"type":"Feature","id":161426,"geometry":{"type":"Polygon","coordinates":[[[-73.903462422207795,40.828541282373216],[-73.899798421437637,40.827693282599803],[-73.898206420802921,40.827897282067383],[-73.897946421410225,40.828530283017919],[-73.902276422352259,40.829645283591631],[-73.903462422207795,40.828541282373216]]]},"properties":{"OBJECTID":161426,"GEOID20":"360050135003","GEOID10":"360050135003","STATEFP":"36","COUNTYFP":"005","D1C":12.879112016642553,"D1C5_RET":0.37222867100122986,"D2B_E5MIXA":0.30678279347165044,"D3A":33.336198370696025,"D3AAO":0,"D3B":174.71520467987327,"D4A":260.18000000000001,"D4C":39,"D4D":1858.1655256399999,"D5AR":850099,"D5BR":1284108}},{"type":"Feature","id":161428,"geometry":{"type":"Polygon","coordinates":[[[-73.819141395107238,40.822355285117467],[-73.818890395935384,40.821863284445172],[-73.816594393697329,40.820755284207628],[-73.806516390357515,40.817509283478273],[-73.805892390916782,40.817431283935555],[-73.806050391100527,40.817346284643165],[-73.805125389564253,40.817025283997687],[-73.804475391082548,40.816185283669114],[-73.803444390139404,40.816599283786047],[-73.802553388938307,40.817177283742986],[-73.80224639058828,40.817242283617176],[-73.798730388159484,40.816192284809262],[-73.798419387814874,40.816288284248408],[-73.797577387017597,40.815829283762135],[-73.798411388317277,40.81642928499982],[-73.799666388668101,40.816998283237233],[-73.801834389063004,40.817717283850101],[-73.802623390156825,40.81796728453876],[-73.803552390094424,40.818117283411915],[-73.804803390247301,40.818207283932708],[-73.810603391625307,40.820009284357511],[-73.811825393262481,40.820507283830601],[-73.811191391979364,40.820800283373501],[-73.808532391314785,40.821725284314205],[-73.805972391282722,40.821925285228325],[-73.806265390287351,40.822261284209908],[-73.806212390583909,40.822618284916736],[-73.806533390974266,40.824187285418255],[-73.807230391108277,40.825463284747535],[-73.8084703913905,40.82586928537981],[-73.809681393157021,40.825271285096427],[-73.810823391733337,40.824892285838764],[-73.811765392988036,40.82444928480944],[-73.812523393221412,40.824495284808528],[-73.813078393963494,40.824166285206907],[-73.813071393392491,40.823921283835936],[-73.813220392457083,40.82388628424598],[-73.813739393214178,40.824085285494739],[-73.813805394234734,40.825476285822567],[-73.814384394367963,40.824849285240916],[-73.817338395483631,40.828326285497631],[-73.818323395497728,40.827843285308234],[-73.817046395405583,40.82596528576871],[-73.816780395266804,40.824940284718423],[-73.816766394124784,40.823543284975628],[-73.816149394356728,40.821817283980245],[-73.818446394623066,40.822547285053027],[-73.819141395107238,40.822355285117467]]]},"properties":{"OBJECTID":161428,"GEOID20":"360050138001","GEOID10":"360050138001","STATEFP":"36","COUNTYFP":"005","D1C":0.3855662674597567,"D1C5_RET":0.014829471825375258,"D2B_E5MIXA":0.77846892772801168,"D3A":42.438497906278243,"D3AAO":15.18869655492573,"D3B":228.2960701450084,"D4A":237.38,"D4C":19.329999999999998,"D4D":82.202574992600006,"D5AR":737188,"D5BR":915908}},{"type":"Feature","id":161429,"geometry":{"type":"Polygon","coordinates":[[[-73.811191391979364,40.820800283373501],[-73.811825393262481,40.820507283830601],[-73.810603391625307,40.820009284357511],[-73.804803390247301,40.818207283932708],[-73.803552390094424,40.818117283411915],[-73.802623390156825,40.81796728453876],[-73.801834389063004,40.817717283850101],[-73.799666388668101,40.816998283237233],[-73.798411388317277,40.81642928499982],[-73.797577387017597,40.815829283762135],[-73.798066387637462,40.816625283290101],[-73.798065387812542,40.816819284288009],[-73.798371388134299,40.816932284429079],[-73.798661388562522,40.816948284620011],[-73.800549388574936,40.817661283474273],[-73.80052838955686,40.817898283855463],[-73.800688388492119,40.818107283724203],[-73.801300389135619,40.818107283724203],[-73.801863389375328,40.81831628429417],[-73.80221738847932,40.818348284004536],[-73.80349239071829,40.818237284305773],[-73.804625390870385,40.819121284087245],[-73.805729390710155,40.82018528419988],[-73.805724390687288,40.820615284492519],[-73.806024390262948,40.820986284451102],[-73.806018390415161,40.821226285158552],[-73.805820390946749,40.821623284683078],[-73.805972391282722,40.821925285228325],[-73.808532391314785,40.821725284314205],[-73.811191391979364,40.820800283373501]]]},"properties":{"OBJECTID":161429,"GEOID20":"360050138002","GEOID10":"360050138002","STATEFP":"36","COUNTYFP":"005","D1C":0.63379077878457402,"D1C5_RET":0.055112241633441222,"D2B_E5MIXA":0.66667538574400353,"D3A":33.192188814531228,"D3AAO":8.9897231925246253,"D3B":104.97515729916536,"D4A":354.06,"D4C":15,"D4D":248.55996203399999,"D5AR":792320,"D5BR":916004}},{"type":"Feature","id":161430,"geometry":{"type":"Polygon","coordinates":[[[-73.819555396282325,40.832305286212687],[-73.820422396295655,40.831994285550643],[-73.817338395483631,40.828326285497631],[-73.814425394375832,40.829755286088663],[-73.814245393552468,40.82971628537252],[-73.814142394518612,40.82985528572862],[-73.814933393465637,40.83073828647197],[-73.815187394807168,40.831189287028153],[-73.815651395312671,40.833777286965081],[-73.816409395546046,40.835940286548521],[-73.817205395414234,40.835748287328052],[-73.816658395966371,40.834355286753052],[-73.816466395447449,40.833407287000099],[-73.819555396282325,40.832305286212687]]]},"properties":{"OBJECTID":161430,"GEOID20":"360050160001","GEOID10":"360050160001","STATEFP":"36","COUNTYFP":"005","D1C":2.1749187820580902,"D1C5_RET":0,"D2B_E5MIXA":0.57610443749728324,"D3A":21.06592309976795,"D3AAO":0,"D3B":99.178422990240293,"D4A":101.93000000000001,"D4C":13,"D4D":184.188499839,"D5AR":776799,"D5BR":1017281}},{"type":"Feature","id":161436,"geometry":{"type":"Polygon","coordinates":[[[-73.828190399848651,40.832959286696344],[-73.825295397385887,40.829697285276765],[-73.821483397376042,40.831581286879384],[-73.823817397452288,40.834338286211519],[-73.824671397046814,40.833888286483919],[-73.825189397978988,40.834596286444921],[-73.826014398159501,40.834029286523268],[-73.828190399848651,40.832959286696344]]]},"properties":{"OBJECTID":161436,"GEOID20":"360050164001","GEOID10":"360050164001","STATEFP":"36","COUNTYFP":"005","D1C":12.393272835112979,"D1C5_RET":0.78687446572145903,"D2B_E5MIXA":0.6192809211080752,"D3A":33.42301064890502,"D3AAO":0,"D3B":194.12193069348393,"D4A":253.47,"D4C":31.329999999999998,"D4D":493.055540221,"D5AR":795862,"D5BR":835493}},{"type":"Feature","id":161437,"geometry":{"type":"Polygon","coordinates":[[[-73.823336397228346,40.834423286156984],[-73.823817397452288,40.834338286211519],[-73.818323395497728,40.827843285308234],[-73.817338395483631,40.828326285497631],[-73.820422396295655,40.831994285550643],[-73.818710396010331,40.832605286056861],[-73.819776397113586,40.835141287040862],[-73.822478397435873,40.83450328704555],[-73.823336397228346,40.834423286156984]]]},"properties":{"OBJECTID":161437,"GEOID20":"360050160002","GEOID10":"360050160002","STATEFP":"36","COUNTYFP":"005","D1C":0.39027921414079947,"D1C5_RET":0,"D2B_E5MIXA":0.65920172042311587,"D3A":52.35525034236332,"D3AAO":22.959678436253217,"D3B":130.84835458325134,"D4A":206.53,"D4C":37,"D4D":660.12941363200002,"D5AR":763396,"D5BR":835177}},{"type":"Feature","id":161438,"geometry":{"type":"Polygon","coordinates":[[[-73.887701418564163,40.837442285274044],[-73.887760418115391,40.837376285061197],[-73.882223416503109,40.835471284980834],[-73.882073416715301,40.836243285546445],[-73.882173416274412,40.837098285688128],[-73.88200741569473,40.837468284763219],[-73.882293415925005,40.838083285416346],[-73.883021416021151,40.838684284873089],[-73.882742416361893,40.83865228546005],[-73.883469417531444,40.839065285618091],[-73.884198417452495,40.839356285969622],[-73.884650417364114,40.839183285190671],[-73.886186417922346,40.840113285136376],[-73.887701418564163,40.837442285274044]]]},"properties":{"OBJECTID":161438,"GEOID20":"360050161001","GEOID10":"360050161001","STATEFP":"36","COUNTYFP":"005","D1C":18.873645493058579,"D1C5_RET":7.1620054437111875,"D2B_E5MIXA":0.89140810002578541,"D3A":29.36550172662205,"D3AAO":4.6903811747604935,"D3B":162.83349919542195,"D4A":162.28,"D4C":91.329999999999998,"D4D":1715.68798818,"D5AR":837803,"D5BR":1427551}},{"type":"Feature","id":161439,"geometry":{"type":"Polygon","coordinates":[[[-73.821677397544789,40.826210285026733],[-73.820690395185935,40.82531328481268],[-73.819473396266574,40.822847284179524],[-73.819141395107238,40.822355285117467],[-73.818446394623066,40.822547285053027],[-73.816149394356728,40.821817283980245],[-73.816766394124784,40.823543284975628],[-73.816780395266804,40.824940284718423],[-73.817046395405583,40.82596528576871],[-73.818323395497728,40.827843285308234],[-73.821677397544789,40.826210285026733]]]},"properties":{"OBJECTID":161439,"GEOID20":"360050158001","GEOID10":"360050158001","STATEFP":"36","COUNTYFP":"005","D1C":11.603623340936393,"D1C5_RET":2.37063272556765,"D2B_E5MIXA":0.7170462167670667,"D3A":29.594312406363809,"D3AAO":0.1868488025341872,"D3B":143.7671464121936,"D4A":248.11000000000001,"D4C":19.329999999999998,"D4D":308.71127973199998,"D5AR":826301,"D5BR":1122693}},{"type":"Feature","id":161440,"geometry":{"type":"Polygon","coordinates":[[[-73.886112418302503,40.834814284774147],[-73.883506416443041,40.83391228437155],[-73.882979416188348,40.834690284820958],[-73.882638417503145,40.834930284871184],[-73.882223416503109,40.835471284980834],[-73.885108418021815,40.836483284732047],[-73.886112418302503,40.834814284774147]]]},"properties":{"OBJECTID":161440,"GEOID20":"360050161002","GEOID10":"360050161002","STATEFP":"36","COUNTYFP":"005","D1C":13.491393130248893,"D1C5_RET":0.94676443019290468,"D2B_E5MIXA":0.3565589366641938,"D3A":26.00377963049414,"D3AAO":0,"D3B":235.65597843788194,"D4A":300.41000000000003,"D4C":72,"D4D":3635.5754119399999,"D5AR":815021,"D5BR":1427762}},{"type":"Feature","id":161441,"geometry":{"type":"Polygon","coordinates":[[[-73.822397396346702,40.828456285082865],[-73.823580397625832,40.827875285180504],[-73.821677397544789,40.826210285026733],[-73.818323395497728,40.827843285308234],[-73.819885395995215,40.829696285414656],[-73.822397396346702,40.828456285082865]]]},"properties":{"OBJECTID":161441,"GEOID20":"360050162001","GEOID10":"360050162001","STATEFP":"36","COUNTYFP":"005","D1C":16.456902501971957,"D1C5_RET":0.093771524227760444,"D2B_E5MIXA":0.56237898077307469,"D3A":24.998523968542596,"D3AAO":0.0051600293193657552,"D3B":140.04214514270654,"D4A":311.13999999999999,"D4C":19,"D4D":570.13086730500004,"D5AR":752605,"D5BR":1214544}},{"type":"Feature","id":161442,"geometry":{"type":"Polygon","coordinates":[[[-73.904848424774841,40.844598285772989],[-73.904938423389879,40.843383285080655],[-73.901959423058159,40.842564284746899],[-73.902293423867306,40.841989285565248],[-73.898271421998558,40.840688284961914],[-73.896640421904081,40.843508286095862],[-73.895368420936521,40.842903286194755],[-73.894810420719665,40.843769286286815],[-73.904629423593406,40.844896285766232],[-73.904852424074477,40.844734285242879],[-73.904848424774841,40.844598285772989]]]},"properties":{"OBJECTID":161442,"GEOID20":"360050165001","GEOID10":"360050165001","STATEFP":"36","COUNTYFP":"005","D1C":21.210732672199843,"D1C5_RET":0.51834635073802149,"D2B_E5MIXA":0.65233531064608297,"D3A":33.94104393880761,"D3AAO":7.1791335360800064,"D3B":118.448200772924,"D4A":415.75,"D4C":75.670000000000002,"D4D":995.66489141199997,"D5AR":943201,"D5BR":1212985}},{"type":"Feature","id":161469,"geometry":{"type":"Polygon","coordinates":[[[-73.906163425400123,40.873251291629586],[-73.905715425686452,40.873146291466369],[-73.904663425725218,40.872653290860775],[-73.90370742512512,40.874300291026934],[-73.903132425189852,40.87585029249027],[-73.904049425431879,40.876125291424366],[-73.903947426222956,40.87626629193656],[-73.904709426654293,40.876570292491223],[-73.906163425400123,40.873251291629586]]]},"properties":{"OBJECTID":161469,"GEOID20":"360050273001","GEOID10":"360050273001","STATEFP":"36","COUNTYFP":"005","D1C":3.2709049573076965,"D1C5_RET":1.8790305073895277,"D2B_E5MIXA":0.76421723439283828,"D3A":56.400551875374475,"D3AAO":35.602683454576486,"D3B":193.03628371025101,"D4A":189.09999999999999,"D4C":90.670000000000002,"D4D":4038.4402039699999,"D5AR":619365,"D5BR":2681390}},{"type":"Feature","id":161473,"geometry":{"type":"Polygon","coordinates":[[[-73.908528426336829,40.866545290377672],[-73.908489425978757,40.865353290038144],[-73.907970427018313,40.865973290038198],[-73.90781942650726,40.866629289113611],[-73.907135426792038,40.867930291256066],[-73.90448442472676,40.869396290489377],[-73.904043424685796,40.869552290171825],[-73.903669424591968,40.869503290367753],[-73.904398425411344,40.870356290179103],[-73.905056426085622,40.870316290328425],[-73.905586425815017,40.870143290220348],[-73.90722342575728,40.868859289961279],[-73.907931426660241,40.868459290833933],[-73.908369427226489,40.867255289924223],[-73.908528426336829,40.866545290377672]]]},"properties":{"OBJECTID":161473,"GEOID20":"360050269002","GEOID10":"360050269002","STATEFP":"36","COUNTYFP":"005","D1C":4.2340455706090721,"D1C5_RET":0.29200314280062567,"D2B_E5MIXA":0.36118997963491489,"D3A":23.828543874749023,"D3AAO":0,"D3B":77.883078247782876,"D4A":99.239999999999995,"D4C":53,"D4D":2476.1866509500001,"D5AR":607885,"D5BR":2265405}},{"type":"Feature","id":161474,"geometry":{"type":"Polygon","coordinates":[[[-73.836544401410947,40.844611287173443],[-73.836694402097081,40.843648288448144],[-73.8325004015975,40.846856288789901],[-73.832450401368789,40.847043289092532],[-73.834242401121742,40.847383288970427],[-73.835165402109865,40.847117288706841],[-73.836070403554643,40.847173287992703],[-73.836178401713042,40.84592528870354],[-73.836544401410947,40.844611287173443]]]},"properties":{"OBJECTID":161474,"GEOID20":"360050266011","GEOID10":"360050266011","STATEFP":"36","COUNTYFP":"005","D1C":69.339601584528822,"D1C5_RET":3.7810512737385991,"D2B_E5MIXA":0.28382709425690777,"D3A":37.323420197263488,"D3AAO":0,"D3B":91.096502429996264,"D4A":131.43000000000001,"D4C":65,"D4D":2536.9634352799999,"D5AR":682742,"D5BR":1751086}},{"type":"Feature","id":161476,"geometry":{"type":"Polygon","coordinates":[[[-73.902647426564599,40.87659229155669],[-73.903132425189852,40.87585029249027],[-73.902152425198636,40.875594292263123],[-73.902363424187527,40.875174291889998],[-73.902714424715114,40.873993291976298],[-73.901749425690824,40.873683291868794],[-73.901376424523605,40.874834292676788],[-73.901170424659298,40.875186292189916],[-73.900917424040969,40.875497292581763],[-73.899581423499299,40.876616292319532],[-73.900613425165673,40.87731529178636],[-73.901380424721552,40.876649292250434],[-73.901931425265701,40.876527292135613],[-73.902647426564599,40.87659229155669]]]},"properties":{"OBJECTID":161476,"GEOID20":"360050273002","GEOID10":"360050273002","STATEFP":"36","COUNTYFP":"005","D1C":18.427735261857254,"D1C5_RET":2.7148002841128989,"D2B_E5MIXA":0.38685711131237077,"D3A":25.794055153736949,"D3AAO":0,"D3B":175.58999170941127,"D4A":135.44999999999999,"D4C":97.670000000000002,"D4D":5142.3911515,"D5AR":616508,"D5BR":2685156}},{"type":"Feature","id":161477,"geometry":{"type":"Polygon","coordinates":[[[-73.904663425725218,40.872653290860775],[-73.904460425335643,40.872431291749535],[-73.904495426394035,40.870844291303001],[-73.904398425411344,40.870356290179103],[-73.903990424982354,40.870721291436702],[-73.903698425802602,40.871161291208466],[-73.902363424187527,40.875174291889998],[-73.902152425198636,40.875594292263123],[-73.903132425189852,40.87585029249027],[-73.903873425704788,40.873929291235974],[-73.904663425725218,40.872653290860775]]]},"properties":{"OBJECTID":161477,"GEOID20":"360050273004","GEOID10":"360050273004","STATEFP":"36","COUNTYFP":"005","D1C":6.3078277003617211,"D1C5_RET":0,"D2B_E5MIXA":0.32724540712069755,"D3A":37.123344566614676,"D3AAO":0,"D3B":0,"D4A":171.66,"D4C":94,"D4D":4743.4864306700001,"D5AR":606017,"D5BR":2681511}},{"type":"Feature","id":161496,"geometry":{"type":"Polygon","coordinates":[[[-73.864386413424413,40.867847291419011],[-73.864462412694081,40.865497291077254],[-73.863521412162612,40.865516291101301],[-73.863447412542754,40.867829291350638],[-73.864386413424413,40.867847291419011]]]},"properties":{"OBJECTID":161496,"GEOID20":"360050340003","GEOID10":"360050340003","STATEFP":"36","COUNTYFP":"005","D1C":3.3530586541871874,"D1C5_RET":0.39447748872790445,"D2B_E5MIXA":0.73360794550914965,"D3A":50.157544820074442,"D3AAO":0,"D3B":126.2327963929294,"D4A":355.39999999999998,"D4C":58.670000000000002,"D4D":7406.0781643700002,"D5AR":554681,"D5BR":2769661}},{"type":"Feature","id":161562,"geometry":{"type":"Polygon","coordinates":[[[-73.865265413133287,40.869682292456844],[-73.865282413750037,40.869143291638274],[-73.864357412213778,40.868768292352357],[-73.8642674127004,40.871397292672562],[-73.865210412881709,40.871415292450372],[-73.865265413133287,40.869682292456844]]]},"properties":{"OBJECTID":161562,"GEOID20":"360050338002","GEOID10":"360050338002","STATEFP":"36","COUNTYFP":"005","D1C":5.2538226813829745,"D1C5_RET":0.37527304867021249,"D2B_E5MIXA":0.65915673247448903,"D3A":48.171480824212907,"D3AAO":0,"D3B":360.26212672340398,"D4A":262.86000000000001,"D4C":49.329999999999998,"D4D":5923.91023709,"D5AR":571625,"D5BR":3158383}},{"type":"Feature","id":161563,"geometry":{"type":"Polygon","coordinates":[[[-73.864357412213778,40.868768292352357],[-73.864386413424413,40.867847291419011],[-73.861499412255867,40.867790291978146],[-73.861434411958555,40.86961129205045],[-73.864327412974873,40.869664292207965],[-73.864357412213778,40.868768292352357]]]},"properties":{"OBJECTID":161563,"GEOID20":"360050340002","GEOID10":"360050340002","STATEFP":"36","COUNTYFP":"005","D1C":41.615094311194404,"D1C5_RET":0,"D2B_E5MIXA":0.082830140553436349,"D3A":36.460234996472103,"D3AAO":0,"D3B":298.2864688841596,"D4A":245.41999999999999,"D4C":59.329999999999998,"D4D":3122.8756306499999,"D5AR":614988,"D5BR":2769343}},{"type":"Feature","id":161564,"geometry":{"type":"Polygon","coordinates":[[[-73.861380411531883,40.871344292543661],[-73.861434411958555,40.86961129205045],[-73.858542410767157,40.869559291790601],[-73.858489411063701,40.871292291606956],[-73.861380411531883,40.871344292543661]]]},"properties":{"OBJECTID":161564,"GEOID20":"360050342001","GEOID10":"360050342001","STATEFP":"36","COUNTYFP":"005","D1C":0.68950178798587092,"D1C5_RET":0,"D2B_E5MIXA":0.34939847028229709,"D3A":29.711841343028578,"D3AAO":0,"D3B":165.480429116609,"D4A":274.93000000000001,"D4C":33,"D4D":1820.2847202800001,"D5AR":559406,"D5BR":2556373}},{"type":"Feature","id":161604,"geometry":{"type":"Polygon","coordinates":[[[-73.844367405215522,40.865238292243355],[-73.844445405931637,40.862794291206868],[-73.840824404819188,40.862727291061347],[-73.840748404651194,40.865170291846567],[-73.844367405215522,40.865238292243355]]]},"properties":{"OBJECTID":161604,"GEOID20":"360050312001","GEOID10":"360050312001","STATEFP":"36","COUNTYFP":"005","D1C":2.2468643213346562,"D1C5_RET":1.3676565434210952,"D2B_E5MIXA":0.57504735232832682,"D3A":30.487146727621717,"D3AAO":0,"D3B":198.03666748737456,"D4A":135.44999999999999,"D4C":28.329999999999998,"D4D":885.61622571700002,"D5AR":543476,"D5BR":725741}},{"type":"Feature","id":161613,"geometry":{"type":"Polygon","coordinates":[[[-73.827212400405571,40.859212291748946],[-73.826965398736732,40.859112291554325],[-73.824195398642388,40.859387292066017],[-73.824303398597422,40.859788291724527],[-73.820555398161673,40.860975291326795],[-73.818808397716253,40.862490292618894],[-73.819885398690161,40.861762291901982],[-73.820447398206625,40.861964291721556],[-73.820723398391166,40.862269292094624],[-73.821627398214403,40.861659291982157],[-73.822785399379171,40.861305291762044],[-73.82257739806839,40.860949291547932],[-73.824585398629722,40.860282291719287],[-73.824732398942814,40.860039290819344],[-73.827212400405571,40.859212291748946]]]},"properties":{"OBJECTID":161613,"GEOID20":"360050302001","GEOID10":"360050302001","STATEFP":"36","COUNTYFP":"005","D1C":0.37757577473829279,"D1C5_RET":0,"D2B_E5MIXA":0,"D3A":17.740158855265243,"D3AAO":2.6775371457890595,"D3B":0,"D4A":0,"D4C":59,"D4D":3106.07395559,"D5AR":594292,"D5BR":439214}},{"type":"Feature","id":161614,"geometry":{"type":"Polygon","coordinates":[[[-73.911776429875317,40.893016294423255],[-73.911998428734847,40.892247295459313],[-73.909905428683018,40.892653295082994],[-73.908501428369277,40.893594295570303],[-73.908157427514382,40.897849295638949],[-73.907953428198184,40.898547296104361],[-73.907464428476644,40.899402296117501],[-73.908813428538807,40.899604295848761],[-73.910840430265026,40.900039296348545],[-73.911872429236467,40.896017295163617],[-73.911817428984875,40.895789295664194],[-73.911026429139554,40.89554829515145],[-73.910771428871428,40.895257295134471],[-73.911117428477837,40.894913294924194],[-73.911319429940832,40.894997295693344],[-73.911401429058287,40.894817295272688],[-73.911525428906842,40.893886295684368],[-73.911776429875317,40.893016294423255]]]},"properties":{"OBJECTID":161614,"GEOID20":"360050307011","GEOID10":"360050307011","STATEFP":"36","COUNTYFP":"005","D1C":2.4137502788465541,"D1C5_RET":0,"D2B_E5MIXA":0.07079420720908737,"D3A":18.146021580578829,"D3AAO":0,"D3B":116.22984105628365,"D4A":368.81,"D4C":28.329999999999998,"D4D":352.66053305399998,"D5AR":599880,"D5BR":1540595}},{"type":"Feature","id":161615,"geometry":{"type":"Polygon","coordinates":[[[-73.91301442960939,40.88900929420651],[-73.913107428597499,40.888322293912609],[-73.91125242909537,40.888249294487252],[-73.909951428713782,40.888928294284767],[-73.909491428406241,40.88941429368613],[-73.909065428433877,40.889516294934964],[-73.912905429829451,40.889757294331652],[-73.91301442960939,40.88900929420651]]]},"properties":{"OBJECTID":161615,"GEOID20":"360050307013","GEOID10":"360050307013","STATEFP":"36","COUNTYFP":"005","D1C":8.8296972149663375,"D1C5_RET":0,"D2B_E5MIXA":0.6715496228326564,"D3A":35.591613739744844,"D3AAO":0,"D3B":139.60078322684555,"D4A":156.91,"D4C":28.329999999999998,"D4D":1976.45686598,"D5AR":632402,"D5BR":1596629}},{"type":"Feature","id":161616,"geometry":{"type":"Polygon","coordinates":[[[-73.829886400240454,40.854108290447563],[-73.830833401518035,40.853805290222837],[-73.829309399757051,40.85193429031559],[-73.827817400478054,40.852611290547365],[-73.828881401033186,40.854443289923893],[-73.829886400240454,40.854108290447563]]]},"properties":{"OBJECTID":161616,"GEOID20":"360050300003","GEOID10":"360050300003","STATEFP":"36","COUNTYFP":"005","D1C":6.5259495074662643,"D1C5_RET":0.42793111524368949,"D2B_E5MIXA":0.69769474504294338,"D3A":34.913311508214306,"D3AAO":0,"D3B":91.337617237613088,"D4A":209.21000000000001,"D4C":95.329999999999998,"D4D":6527.1477145899999,"D5AR":626583,"D5BR":1722064}},{"type":"Feature","id":161617,"geometry":{"type":"Polygon","coordinates":[[[-73.9126984292419,40.890577294180424],[-73.912905429829451,40.889757294331652],[-73.909065428433877,40.889516294934964],[-73.908676428271448,40.890263293776037],[-73.908532428331412,40.89091729469849],[-73.908501428369277,40.893594295570303],[-73.909905428683018,40.892653295082994],[-73.911998428734847,40.892247295459313],[-73.9126984292419,40.890577294180424]]]},"properties":{"OBJECTID":161617,"GEOID20":"360050307012","GEOID10":"360050307012","STATEFP":"36","COUNTYFP":"005","D1C":5.1637744147981737,"D1C5_RET":0,"D2B_E5MIXA":0.49668696651837707,"D3A":9.8882465888253392,"D3AAO":0,"D3B":62.070023050216236,"D4A":368.81,"D4C":28.329999999999998,"D4D":659.33399063100001,"D5AR":613295,"D5BR":1541099}},{"type":"Feature","id":161618,"geometry":{"type":"Polygon","coordinates":[[[-73.847262406779976,40.8628482914269],[-73.84732240615611,40.860981290385887],[-73.84450540620611,40.860929291502018],[-73.844367405215522,40.865238292243355],[-73.847186407510307,40.86529129182486],[-73.847262406779976,40.8628482914269]]]},"properties":{"OBJECTID":161618,"GEOID20":"360050314001","GEOID10":"360050314001","STATEFP":"36","COUNTYFP":"005","D1C":4.0554111169106655,"D1C5_RET":0,"D2B_E5MIXA":0.094446209861125591,"D3A":23.28489727874539,"D3AAO":0,"D3B":113.83610152731691,"D4A":217.25999999999999,"D4C":44.329999999999998,"D4D":1009.27087614,"D5AR":558117,"D5BR":2325413}},{"type":"Feature","id":161619,"geometry":{"type":"Polygon","coordinates":[[[-73.85025140715743,40.859820291123356],[-73.850283407842809,40.858665291162254],[-73.849310407524271,40.858726291398035],[-73.847398406324089,40.858691290478788],[-73.847262406779976,40.8628482914269],[-73.848202407486539,40.862865290769939],[-73.848260406314537,40.860999290277476],[-73.850213407522588,40.861034290656519],[-73.85025140715743,40.859820291123356]]]},"properties":{"OBJECTID":161619,"GEOID20":"360050316002","GEOID10":"360050316002","STATEFP":"36","COUNTYFP":"005","D1C":0.71955731970223147,"D1C5_RET":0,"D2B_E5MIXA":0.1598810606832699,"D3A":28.972873899889652,"D3AAO":0,"D3B":175.45685683619209,"D4A":423.79000000000002,"D4C":37.670000000000002,"D4D":1239.1188220900001,"D5AR":548422,"D5BR":2311407}},{"type":"Feature","id":161620,"geometry":{"type":"Polygon","coordinates":[[[-73.852892409176974,40.865396292216381],[-73.852962407700545,40.862956291734889],[-73.850152407423224,40.862898291440423],[-73.850097408069956,40.864635292403236],[-73.84952640743434,40.865330291989721],[-73.852892409176974,40.865396292216381]]]},"properties":{"OBJECTID":161620,"GEOID20":"360050318001","GEOID10":"360050318001","STATEFP":"36","COUNTYFP":"005","D1C":0.48878355684702768,"D1C5_RET":0,"D2B_E5MIXA":0.43067655807339306,"D3A":27.287563542357919,"D3AAO":0,"D3B":247.71550661007359,"D4A":197.13999999999999,"D4C":6.6699999999999999,"D4D":260.81490593400002,"D5AR":585732,"D5BR":2340664}},{"type":"Feature","id":161621,"geometry":{"type":"Polygon","coordinates":[[[-73.907152429205425,40.905195297442631],[-73.90714242826138,40.904515297482355],[-73.905008428201668,40.904148297032918],[-73.904101428005376,40.906870298641813],[-73.905215428789205,40.907014298306258],[-73.905572428266268,40.906528297163504],[-73.905918428770988,40.906241298184931],[-73.90629042831668,40.906231297535655],[-73.90657242834898,40.906379297484946],[-73.9067764294618,40.906399297379281],[-73.907152429205425,40.905195297442631]]]},"properties":{"OBJECTID":161621,"GEOID20":"360050323001","GEOID10":"360050323001","STATEFP":"36","COUNTYFP":"005","D1C":18.172782300711035,"D1C5_RET":7.2989043666790216,"D2B_E5MIXA":0.73182675461296365,"D3A":16.441466810597788,"D3AAO":0,"D3B":143.04660900835097,"D4A":261.51999999999998,"D4C":24.329999999999998,"D4D":1159.72142525,"D5AR":586393,"D5BR":1951231}},{"type":"Feature","id":161622,"geometry":{"type":"Polygon","coordinates":[[[-73.861757410202102,40.859653289950344],[-73.861792411260538,40.857991289272768],[-73.856639409787817,40.858127289790971],[-73.85735440946516,40.859720290487793],[-73.857805410450183,40.863045290459809],[-73.861646410772337,40.863114291037839],[-73.861757410202102,40.859653289950344]]]},"properties":{"OBJECTID":161622,"GEOID20":"360050324001","GEOID10":"360050324001","STATEFP":"36","COUNTYFP":"005","D1C":18.826848622173586,"D1C5_RET":0,"D2B_E5MIXA":0.12060678293314481,"D3A":17.530194766662525,"D3AAO":0,"D3B":131.36976838153259,"D4A":354.06,"D4C":64.329999999999998,"D4D":817.55027570699997,"D5AR":616059,"D5BR":2535593}},{"type":"Feature","id":161641,"geometry":{"type":"Polygon","coordinates":[[[-73.864510412374642,40.8639552906508],[-73.864534412664099,40.863170291070084],[-73.861646410772337,40.863114291037839],[-73.861563410931666,40.865558291135216],[-73.864462412694081,40.865497291077254],[-73.864510412374642,40.8639552906508]]]},"properties":{"OBJECTID":161641,"GEOID20":"360050328001","GEOID10":"360050328001","STATEFP":"36","COUNTYFP":"005","D1C":40.531464347117577,"D1C5_RET":5.3248446205641331,"D2B_E5MIXA":0.46480716054072646,"D3A":32.598721909360982,"D3AAO":0,"D3B":320.74358185045133,"D4A":236.03999999999999,"D4C":58.670000000000002,"D4D":2352.2532434,"D5AR":656710,"D5BR":2464606}},{"type":"Feature","id":161642,"geometry":{"type":"Polygon","coordinates":[[[-73.867361413558186,40.865437290965396],[-73.867423413482456,40.863221290876275],[-73.864534412664099,40.863170291070084],[-73.864462412694081,40.865497291077254],[-73.867361413558186,40.865437290965396]]]},"properties":{"OBJECTID":161642,"GEOID20":"360050330001","GEOID10":"360050330001","STATEFP":"36","COUNTYFP":"005","D1C":17.887629098537545,"D1C5_RET":7.168204307869825,"D2B_E5MIXA":0.75593775825890597,"D3A":29.685966296795876,"D3AAO":0,"D3B":126.26561716614736,"D4A":233.34999999999999,"D4C":58.670000000000002,"D4D":2469.33458638,"D5AR":616156,"D5BR":3186528}},{"type":"Feature","id":161643,"geometry":{"type":"Polygon","coordinates":[[[-73.867190413853947,40.870609291867794],[-73.867223414364219,40.869703291835336],[-73.86620641366477,40.869702291897411],[-73.866210412964406,40.869514291754825],[-73.865282413750037,40.869143291638274],[-73.865210412881709,40.871415292450372],[-73.867160412818393,40.871450292079793],[-73.867190413853947,40.870609291867794]]]},"properties":{"OBJECTID":161643,"GEOID20":"360050338001","GEOID10":"360050338001","STATEFP":"36","COUNTYFP":"005","D1C":2.8964676187085394,"D1C5_RET":0.92686963798673261,"D2B_E5MIXA":0.62001383225917417,"D3A":33.35802174433676,"D3AAO":0,"D3B":321.36424088275993,"D4A":178.37,"D4C":42.670000000000002,"D4D":3163.9621962299998,"D5AR":582578,"D5BR":3158463}},{"type":"Feature","id":161694,"geometry":{"type":"Polygon","coordinates":[[[-73.90966042846064,40.886653294440741],[-73.909983428500823,40.885666293414175],[-73.907227427751863,40.885165293333607],[-73.906971426760521,40.886012292867392],[-73.907131427492402,40.887192293280556],[-73.908000428053853,40.88891529411201],[-73.908419428353511,40.889130294760079],[-73.909068427908636,40.888797294830248],[-73.909298428062385,40.888478293819418],[-73.90966042846064,40.886653294440741]]]},"properties":{"OBJECTID":161694,"GEOID20":"360050295001","GEOID10":"360050295001","STATEFP":"36","COUNTYFP":"005","D1C":16.359931757699041,"D1C5_RET":2.6197276344027873,"D2B_E5MIXA":0.86056319581334551,"D3A":33.615015463122525,"D3AAO":0,"D3B":330.84272975726435,"D4A":264.19999999999999,"D4C":28.329999999999998,"D4D":969.36338132399999,"D5AR":627282,"D5BR":2566352}},{"type":"Feature","id":161695,"geometry":{"type":"Polygon","coordinates":[[[-73.907227427751863,40.885165293333607],[-73.907466427228158,40.884442293273928],[-73.906010427035866,40.885595293850308],[-73.905730427551688,40.885732294423072],[-73.904136426368837,40.887097294325393],[-73.907389426336962,40.887828293252937],[-73.907131427492402,40.887192293280556],[-73.906971426760521,40.886012292867392],[-73.907227427751863,40.885165293333607]]]},"properties":{"OBJECTID":161695,"GEOID20":"360050295002","GEOID10":"360050295002","STATEFP":"36","COUNTYFP":"005","D1C":25.267655190436411,"D1C5_RET":2.4718358338470403,"D2B_E5MIXA":0.86177155456594068,"D3A":34.319160541794901,"D3AAO":0,"D3B":0,"D4A":175.69,"D4C":85.670000000000002,"D4D":5019.5478728500002,"D5AR":582572,"D5BR":2585166}},{"type":"Feature","id":161696,"geometry":{"type":"Polygon","coordinates":[[[-73.856639409787817,40.858127289790971],[-73.856098409289416,40.856949289925566],[-73.849360406854672,40.857505290154947],[-73.84768440655435,40.857517290939413],[-73.845958406025332,40.85740928991585],[-73.845961405500063,40.85754429014861],[-73.843737404130337,40.857278290589562],[-73.843947405090944,40.856157289884607],[-73.843865405075192,40.855405289935661],[-73.843190404682488,40.852981289996755],[-73.844930405455216,40.850152288954369],[-73.845052405653959,40.849139288357179],[-73.844941406224194,40.848218288312793],[-73.841391404358532,40.853120289814257],[-73.839630403669403,40.854758289194478],[-73.836468402141264,40.856106290754248],[-73.835247402125631,40.856502290564571],[-73.836396403069557,40.856668290034868],[-73.836814402645999,40.856841290014316],[-73.837001403142054,40.857071289424816],[-73.836820403392082,40.857285290788319],[-73.837242403166485,40.857366290025517],[-73.843296404987697,40.858298290495974],[-73.846459407239067,40.858644290321791],[-73.849310407524271,40.858726291398035],[-73.856639409787817,40.858127289790971]]]},"properties":{"OBJECTID":161696,"GEOID20":"360050296001","GEOID10":"360050296001","STATEFP":"36","COUNTYFP":"005","D1C":17.438945051011942,"D1C5_RET":0.16777178563239711,"D2B_E5MIXA":0.56167015076585047,"D3A":33.018632754538864,"D3AAO":0,"D3B":93.486916266956356,"D4A":236.03999999999999,"D4C":70.329999999999998,"D4D":419.53387066499999,"D5AR":621369,"D5BR":743149}},{"type":"Feature","id":162305,"geometry":{"type":"Polygon","coordinates":[[[-73.870378414423044,40.873293292191661],[-73.870563415269288,40.871519292051936],[-73.868259414431947,40.871470292344895],[-73.868209414203235,40.873243291875326],[-73.870378414423044,40.873293292191661]]]},"properties":{"OBJECTID":162305,"GEOID20":"360050376001","GEOID10":"360050376001","STATEFP":"36","COUNTYFP":"005","D1C":4.0072696586041978,"D1C5_RET":0.23572174462377632,"D2B_E5MIXA":0.44620431514886455,"D3A":29.453351780103649,"D3AAO":0,"D3B":69.589309664153404,"D4A":281.63999999999999,"D4C":41.670000000000002,"D4D":2899.7865337100002,"D5AR":558511,"D5BR":3231495}},{"type":"Feature","id":162372,"geometry":{"type":"Polygon","coordinates":[[[-73.856161411733567,40.895605297853997],[-73.854436411029454,40.895081296355777],[-73.853961410653284,40.895944297437573],[-73.852789411041442,40.895571296962665],[-73.852436409965705,40.896258297362948],[-73.853511410391505,40.896704297043513],[-73.855250412237623,40.897260297546929],[-73.856161411733567,40.895605297853997]]]},"properties":{"OBJECTID":162372,"GEOID20":"360050434003","GEOID10":"360050434003","STATEFP":"36","COUNTYFP":"005","D1C":4.7402281356825959,"D1C5_RET":2.2188301911705768,"D2B_E5MIXA":0.57471967332607798,"D3A":33.200558258863829,"D3AAO":0,"D3B":150.65453574377094,"D4A":273.58999999999997,"D4C":64.670000000000002,"D4D":4174.3054098299999,"D5AR":529953,"D5BR":3488113}},{"type":"Feature","id":162373,"geometry":{"type":"Polygon","coordinates":[[[-73.891391419273589,40.824949282762624],[-73.890852418425027,40.825076282375143],[-73.886614416646182,40.825337282405101],[-73.886093418035912,40.827703282881536],[-73.891391419273589,40.824949282762624]]]},"properties":{"OBJECTID":162373,"GEOID20":"360050121021","GEOID10":"360050121021","STATEFP":"36","COUNTYFP":"005","D1C":8.804262678340022,"D1C5_RET":1.3043352116059292,"D2B_E5MIXA":0.82156905689293969,"D3A":22.988764072584811,"D3AAO":0,"D3B":52.173408464237163,"D4A":191.78,"D4C":121.33,"D4D":6330.1996489700005,"D5AR":923570,"D5BR":1404824}},{"type":"Feature","id":162374,"geometry":{"type":"Polygon","coordinates":[[[-73.877721415133649,40.833876284818167],[-73.877433415253563,40.833768284001678],[-73.874743414626835,40.834138283990995],[-73.875078414362605,40.836107284965216],[-73.876126414125878,40.836191284237721],[-73.87630741387585,40.835944285620158],[-73.876174413806453,40.835874284840273],[-73.877721415133649,40.833876284818167]]]},"properties":{"OBJECTID":162374,"GEOID20":"360050062003","GEOID10":"360050062003","STATEFP":"36","COUNTYFP":"005","D1C":5.384277073841683,"D1C5_RET":0,"D2B_E5MIXA":0.30091386300669604,"D3A":17.00412773708743,"D3AAO":0,"D3B":86.73359235024671,"D4A":168.97999999999999,"D4C":21.329999999999998,"D4D":1386.82723001,"D5AR":906521,"D5BR":2340363}},{"type":"Feature","id":162375,"geometry":{"type":"Polygon","coordinates":[[[-73.907086424591625,40.833425283508227],[-73.908025424574944,40.831776284066102],[-73.905841424286521,40.831067283376477],[-73.9050524231927,40.832716282780105],[-73.907086424591625,40.833425283508227]]]},"properties":{"OBJECTID":162375,"GEOID20":"360050145003","GEOID10":"360050145003","STATEFP":"36","COUNTYFP":"005","D1C":29.153047543604966,"D1C5_RET":0.62694725900225734,"D2B_E5MIXA":0.12874679331608968,"D3A":28.624420294682029,"D3AAO":0,"D3B":133.74874858714821,"D4A":191.78,"D4C":44.670000000000002,"D4D":2987.27829969,"D5AR":877411,"D5BR":873831}},{"type":"Feature","id":162376,"geometry":{"type":"Polygon","coordinates":[[[-73.879561417262124,40.875738292767387],[-73.879231417549235,40.873680292235385],[-73.878605417560351,40.874223292279417],[-73.87751541616764,40.874147291954571],[-73.876492417417026,40.87550729244343],[-73.879561417262124,40.875738292767387]]]},"properties":{"OBJECTID":162376,"GEOID20":"360050423003","GEOID10":"360050423003","STATEFP":"36","COUNTYFP":"005","D1C":35.257951610028435,"D1C5_RET":2.4196633457862649,"D2B_E5MIXA":0.33876718366776187,"D3A":23.466071652421796,"D3AAO":0,"D3B":122.92811573106907,"D4A":167.63999999999999,"D4C":64,"D4D":4719.4957449200001,"D5AR":548901,"D5BR":1796054}},{"type":"Feature","id":162377,"geometry":{"type":"Polygon","coordinates":[[[-73.8642674127004,40.871397292672562],[-73.864327412974873,40.869664292207965],[-73.861434411958555,40.86961129205045],[-73.861380411531883,40.871344292543661],[-73.8642674127004,40.871397292672562]]]},"properties":{"OBJECTID":162377,"GEOID20":"360050340001","GEOID10":"360050340001","STATEFP":"36","COUNTYFP":"005","D1C":1.3794148592861919,"D1C5_RET":0.086213428705386994,"D2B_E5MIXA":0.28793503324745667,"D3A":24.35587295305174,"D3AAO":0,"D3B":165.52978311434302,"D4A":206.53,"D4C":52.670000000000002,"D4D":2906.1512255399998,"D5AR":562416,"D5BR":2769399}},{"type":"Feature","id":162378,"geometry":{"type":"Polygon","coordinates":[[[-73.902035423226138,40.861500289146441],[-73.902546424485635,40.86058628889181],[-73.900789423994468,40.859985288988469],[-73.899619423134126,40.862167289617993],[-73.899963423090725,40.862359289074007],[-73.901081424072515,40.862764289933295],[-73.902035423226138,40.861500289146441]]]},"properties":{"OBJECTID":162378,"GEOID20":"360050239001","GEOID10":"360050239001","STATEFP":"36","COUNTYFP":"005","D1C":35.392371418625018,"D1C5_RET":8.7519179323230354,"D2B_E5MIXA":0.63508681636961828,"D3A":25.705765488761397,"D3AAO":0,"D3B":41.055150845605027,"D4A":177.03,"D4C":117.67,"D4D":7242.8179910099998,"D5AR":647080,"D5BR":2446308}},{"type":"Feature","id":162379,"geometry":{"type":"Polygon","coordinates":[[[-73.900008426889826,40.908137298226883],[-73.89920142535432,40.907720298121028],[-73.897558425564299,40.907480298352652],[-73.896547424712608,40.907515298599428],[-73.896597425839644,40.909636298121789],[-73.899612426156381,40.909604299039664],[-73.900008426889826,40.908137298226883]]]},"properties":{"OBJECTID":162379,"GEOID20":"360050343001","GEOID10":"360050343001","STATEFP":"36","COUNTYFP":"005","D1C":11.180507902522743,"D1C5_RET":0.26620256910768436,"D2B_E5MIXA":0.069910080563139673,"D3A":25.729678450892969,"D3AAO":0,"D3B":156.22896375791782,"D4A":268.22000000000003,"D4C":67,"D4D":2853.6915408300001,"D5AR":576658,"D5BR":1952132}},{"type":"Feature","id":162380,"geometry":{"type":"Polygon","coordinates":[[[-73.906799425434755,40.85938228887985],[-73.907360426024624,40.85879828863024],[-73.90611642554444,40.858352288266786],[-73.906512424481249,40.857707288009649],[-73.905661424361469,40.857407287630437],[-73.904869424691228,40.858701288802145],[-73.906799425434755,40.85938228887985]]]},"properties":{"OBJECTID":162380,"GEOID20":"360050251001","GEOID10":"360050251001","STATEFP":"36","COUNTYFP":"005","D1C":9.6040261921770647,"D1C5_RET":5.3782546676191556,"D2B_E5MIXA":0.77468489551776332,"D3A":40.244912336855521,"D3AAO":0,"D3B":122.93153525986641,"D4A":237.38,"D4C":36.670000000000002,"D4D":4507.8993979799998,"D5AR":722104,"D5BR":2418289}},{"type":"Feature","id":162381,"geometry":{"type":"Polygon","coordinates":[[[-73.899607423438553,40.864654290636537],[-73.90027742380839,40.863796290609599],[-73.899199423009563,40.863337290169362],[-73.898577423218612,40.864152289787839],[-73.897496422945082,40.863678290024623],[-73.896000422569799,40.865842289986055],[-73.894923422494216,40.865358290055902],[-73.894377422871258,40.866075290729114],[-73.896314423287492,40.86704629009246],[-73.897404423781865,40.867482291302018],[-73.899607423438553,40.864654290636537]]]},"properties":{"OBJECTID":162381,"GEOID20":"360050401002","GEOID10":"360050401002","STATEFP":"36","COUNTYFP":"005","D1C":23.319700020203705,"D1C5_RET":4.0206379345178807,"D2B_E5MIXA":0.49349106683414395,"D3A":49.571628880858562,"D3AAO":0,"D3B":566.12471192597286,"D4A":234.69999999999999,"D4C":133.66999999999999,"D4D":3660.1639779000002,"D5AR":654589,"D5BR":2842494}},{"type":"Feature","id":162382,"geometry":{"type":"Polygon","coordinates":[[[-73.910931426908363,40.85503028759905],[-73.911197426148846,40.854830287342068],[-73.910073426217565,40.854477288163629],[-73.909115425967656,40.855522288121257],[-73.909746426877732,40.855868287498858],[-73.908968426552875,40.856998288147516],[-73.909811426276733,40.857356288103496],[-73.909917426581956,40.85665328801236],[-73.9105324267002,40.855529288505565],[-73.910931426908363,40.85503028759905]]]},"properties":{"OBJECTID":162382,"GEOID20":"360050251006","GEOID10":"360050251006","STATEFP":"36","COUNTYFP":"005","D1C":163.59658180473642,"D1C5_RET":0,"D2B_E5MIXA":0,"D3A":51.149746615924727,"D3AAO":0,"D3B":73.66678147764334,"D4A":313.81999999999999,"D4C":59.329999999999998,"D4D":6552.6988681700004,"D5AR":675001,"D5BR":2397865}},{"type":"Feature","id":162384,"geometry":{"type":"Polygon","coordinates":[[[-73.919681428305779,40.847910285639465],[-73.919610429058977,40.84758628602119],[-73.919412428692254,40.847643286540752],[-73.915453428369318,40.850502286710665],[-73.915812428394517,40.850832285639306],[-73.915976427527738,40.85133328665912],[-73.918151429391955,40.849758285641528],[-73.919681428305779,40.847910285639465]]]},"properties":{"OBJECTID":162384,"GEOID20":"360050215011","GEOID10":"360050215011","STATEFP":"36","COUNTYFP":"005","D1C":10.86596359563679,"D1C5_RET":3.2388929948532739,"D2B_E5MIXA":0.8865500445424378,"D3A":38.993951504856717,"D3AAO":0,"D3B":178.33553790500503,"D4A":138.13999999999999,"D4C":63.329999999999998,"D4D":4234.7167662299998,"D5AR":898043,"D5BR":2212823}},{"type":"Feature","id":162410,"geometry":{"type":"Polygon","coordinates":[[[-73.90352042462905,40.85901128839172],[-73.903692424158194,40.858717288426369],[-73.902780423939035,40.858398287842917],[-73.901634424266462,40.860274288359946],[-73.902546424485635,40.86058628889181],[-73.90352042462905,40.85901128839172]]]},"properties":{"OBJECTID":162410,"GEOID20":"360050239005","GEOID10":"360050239005","STATEFP":"36","COUNTYFP":"005","D1C":19.60587477940523,"D1C5_RET":2.9200239033156725,"D2B_E5MIXA":0.85552679472292303,"D3A":18.183957188795123,"D3AAO":0,"D3B":0,"D4A":0,"D4C":100.33,"D4D":13392.731347200001,"D5AR":704580,"D5BR":2260253}},{"type":"Feature","id":162412,"geometry":{"type":"Polygon","coordinates":[[[-73.906822425000968,40.851816286944661],[-73.906051424348803,40.851409287346854],[-73.904753425238582,40.852834287667818],[-73.90560342463516,40.853157286578217],[-73.906822425000968,40.851816286944661]]]},"properties":{"OBJECTID":162412,"GEOID20":"360050241004","GEOID10":"360050241004","STATEFP":"36","COUNTYFP":"005","D1C":4.919300514821197,"D1C5_RET":2.7329447304562207,"D2B_E5MIXA":0.4268332262400657,"D3A":42.582372822924121,"D3AAO":0,"D3B":291.5724074029132,"D4A":197.13999999999999,"D4C":97.329999999999998,"D4D":17023.8406794,"D5AR":722730,"D5BR":2199566}},{"type":"Feature","id":162415,"geometry":{"type":"Polygon","coordinates":[[[-73.90560342463516,40.853157286578217],[-73.904753425238582,40.852834287667818],[-73.902989423278086,40.854781287516573],[-73.903952425347512,40.854982288081622],[-73.90560342463516,40.853157286578217]]]},"properties":{"OBJECTID":162415,"GEOID20":"360050241005","GEOID10":"360050241005","STATEFP":"36","COUNTYFP":"005","D1C":18.038978263452101,"D1C5_RET":12.226418600784202,"D2B_E5MIXA":0.4571176147139655,"D3A":36.694665716330988,"D3AAO":0,"D3B":0,"D4A":222.63,"D4C":97,"D4D":12442.8863399,"D5AR":715752,"D5BR":2272876}},{"type":"Feature","id":162417,"geometry":{"type":"Polygon","coordinates":[[[-73.918168430008706,40.85299128714346],[-73.917407429402289,40.852154287067712],[-73.915569427821964,40.854252287397806],[-73.916540428490663,40.854723287537603],[-73.916936428325769,40.854617287046565],[-73.918168430008706,40.85299128714346]]]},"properties":{"OBJECTID":162417,"GEOID20":"360050245012","GEOID10":"360050245012","STATEFP":"36","COUNTYFP":"005","D1C":0,"D1C5_RET":0,"D2B_E5MIXA":0,"D3A":31.544627678641746,"D3AAO":0,"D3B":60.109940585672014,"D4A":257.5,"D4C":37.670000000000002,"D4D":3394.8147853999999,"D5AR":691857,"D5BR":1159620}},{"type":"Feature","id":162419,"geometry":{"type":"Polygon","coordinates":[[[-73.912762427019373,40.855259287026144],[-73.913849427140718,40.853819287276806],[-73.912274426224414,40.853767287526978],[-73.911829427782152,40.854370287789038],[-73.911197426148846,40.854830287342068],[-73.912762427019373,40.855259287026144]]]},"properties":{"OBJECTID":162419,"GEOID20":"360050245022","GEOID10":"360050245022","STATEFP":"36","COUNTYFP":"005","D1C":24.753831330502891,"D1C5_RET":0,"D2B_E5MIXA":0.09022773381114349,"D3A":28.077416583830868,"D3AAO":0,"D3B":87.329880317066724,"D4A":0,"D4C":63.670000000000002,"D4D":8336.2720836400003,"D5AR":671444,"D5BR":1681359}},{"type":"Feature","id":162420,"geometry":{"type":"Polygon","coordinates":[[[-73.906806425107447,40.864434289877707],[-73.906409425447407,40.864226289315717],[-73.904547425374261,40.865031289459544],[-73.904106425333296,40.865753289584966],[-73.904392424665247,40.865913289678247],[-73.904900425551688,40.865489290386101],[-73.905965425931711,40.865237290200021],[-73.906281425400906,40.865015290001764],[-73.906806425107447,40.864434289877707]]]},"properties":{"OBJECTID":162420,"GEOID20":"360050263004","GEOID10":"360050263004","STATEFP":"36","COUNTYFP":"005","D1C":1.5754017609263238,"D1C5_RET":0,"D2B_E5MIXA":0,"D3A":28.034500568857325,"D3AAO":0,"D3B":0,"D4A":277.61000000000001,"D4C":71,"D4D":11931.0426694,"D5AR":581055,"D5BR":2349927}},{"type":"Feature","id":162421,"geometry":{"type":"Polygon","coordinates":[[[-73.833106401494902,40.849487288939521],[-73.833347401519319,40.847256289274128],[-73.832450401368789,40.847043289092532],[-73.8325004015975,40.846856288789901],[-73.831153400286837,40.848054289264944],[-73.830543401089798,40.849226288843987],[-73.833106401494902,40.849487288939521]]]},"properties":{"OBJECTID":162421,"GEOID20":"360050266012","GEOID10":"360050266012","STATEFP":"36","COUNTYFP":"005","D1C":12.398445822672009,"D1C5_RET":2.2041681462528016,"D2B_E5MIXA":0.81488685933200822,"D3A":24.514869902992817,"D3AAO":0,"D3B":0,"D4A":214.58000000000001,"D4C":59,"D4D":3467.89121677,"D5AR":635450,"D5BR":1763500}},{"type":"Feature","id":162422,"geometry":{"type":"Polygon","coordinates":[[[-73.903477425869667,40.869851290630343],[-73.903669424591968,40.869503290367753],[-73.902359423989566,40.868704290637119],[-73.902063425510178,40.86962229070236],[-73.901728424876126,40.869998290519781],[-73.901524423763306,40.870401290321972],[-73.902651424965924,40.870593291040507],[-73.902933424998224,40.870245291281115],[-73.903477425869667,40.869851290630343]]]},"properties":{"OBJECTID":162422,"GEOID20":"360050267012","GEOID10":"360050267012","STATEFP":"36","COUNTYFP":"005","D1C":14.343495706970948,"D1C5_RET":6.2363024812917169,"D2B_E5MIXA":0.75933732357386885,"D3A":17.803508558387986,"D3AAO":0,"D3B":0,"D4A":81.810000000000002,"D4C":35.329999999999998,"D4D":4700.3427554999998,"D5AR":609495,"D5BR":2491301}},{"type":"Feature","id":162423,"geometry":{"type":"Polygon","coordinates":[[[-73.900955424574121,40.872301291465483],[-73.901524423763306,40.870401290321972],[-73.900607424419576,40.870241290882852],[-73.90004042398192,40.872144290886617],[-73.900955424574121,40.872301291465483]]]},"properties":{"OBJECTID":162423,"GEOID20":"360050267025","GEOID10":"360050267025","STATEFP":"36","COUNTYFP":"005","D1C":0.94400386210860066,"D1C5_RET":0,"D2B_E5MIXA":0.43067655807339306,"D3A":24.808608188550764,"D3AAO":0,"D3B":0,"D4A":219.94,"D4C":35.329999999999998,"D4D":5336.2650317300004,"D5AR":549610,"D5BR":2490482}},{"type":"Feature","id":162425,"geometry":{"type":"Polygon","coordinates":[[[-73.822259398051074,40.844213288358723],[-73.822394397770282,40.843227288321465],[-73.820462396478632,40.842557288429425],[-73.820142396811491,40.848028289171445],[-73.820485397841466,40.848509289929275],[-73.822039397943058,40.847698289189189],[-73.822259398051074,40.844213288358723]]]},"properties":{"OBJECTID":162425,"GEOID20":"360050274012","GEOID10":"360050274012","STATEFP":"36","COUNTYFP":"005","D1C":3.8418587344226656,"D1C5_RET":0.086333904144329565,"D2B_E5MIXA":0.39846832491518086,"D3A":25.500820917985813,"D3AAO":0,"D3B":193.41555459938849,"D4A":154.22999999999999,"D4C":18.329999999999998,"D4D":506.40010224399998,"D5AR":568317,"D5BR":1720489}},{"type":"Feature","id":162427,"geometry":{"type":"Polygon","coordinates":[[[-73.896429422915205,40.88512529428067],[-73.896597424043009,40.885017293457075],[-73.895507423548636,40.8844422939531],[-73.895209423622802,40.884429294257309],[-73.89496442340041,40.884325293882867],[-73.894505423816099,40.883894293540607],[-73.893129423091438,40.883687294069304],[-73.893321422712049,40.884144293233263],[-73.893815423354781,40.884481294383299],[-73.893996422206442,40.884722294459635],[-73.894165423159151,40.88528829488807],[-73.894530423032137,40.885512293747063],[-73.894725423924115,40.885565293399502],[-73.894923424290837,40.885360294482709],[-73.895755423245745,40.885324294355634],[-73.896429422915205,40.88512529428067]]]},"properties":{"OBJECTID":162427,"GEOID20":"360050279005","GEOID10":"360050279005","STATEFP":"36","COUNTYFP":"005","D1C":1.2002910705846168,"D1C5_RET":0,"D2B_E5MIXA":0,"D3A":13.829562315874341,"D3AAO":0,"D3B":95.998684818017992,"D4A":167.63999999999999,"D4C":76.670000000000002,"D4D":7360.2191650000004,"D5AR":581585,"D5BR":2527127}},{"type":"Feature","id":162430,"geometry":{"type":"Polygon","coordinates":[[[-73.903820426899671,40.887487294170917],[-73.904136426368837,40.887097294325393],[-73.90315742620254,40.886520293831232],[-73.90236842600703,40.887262294174882],[-73.903012426437584,40.888831295128305],[-73.903820426899671,40.887487294170917]]]},"properties":{"OBJECTID":162430,"GEOID20":"360050285002","GEOID10":"360050285002","STATEFP":"36","COUNTYFP":"005","D1C":5.9169059963831927,"D1C5_RET":0.21914466653271086,"D2B_E5MIXA":0.35529965771309263,"D3A":27.386080876120062,"D3AAO":0,"D3B":140.25258658093495,"D4A":312.48000000000002,"D4C":80.329999999999998,"D4D":11266.49028,"D5AR":606934,"D5BR":2710305}},{"type":"Feature","id":162437,"geometry":{"type":"Polygon","coordinates":[[[-73.904074425546256,40.882391292614635],[-73.90282342629169,40.881695293043748],[-73.901588425134022,40.883490293285455],[-73.902569425848469,40.883847292933353],[-73.904074425546256,40.882391292614635]]]},"properties":{"OBJECTID":162437,"GEOID20":"360050287002","GEOID10":"360050287002","STATEFP":"36","COUNTYFP":"005","D1C":118.86226269989132,"D1C5_RET":0,"D2B_E5MIXA":0.1038382730948504,"D3A":28.733451026901395,"D3AAO":0,"D3B":109.14181940879548,"D4A":151.55000000000001,"D4C":78.329999999999998,"D4D":8549.0787142900008,"D5AR":651043,"D5BR":2643948}},{"type":"Feature","id":162440,"geometry":{"type":"Polygon","coordinates":[[[-73.856098409289416,40.856949289925566],[-73.855352408751614,40.855441290026569],[-73.854409408570305,40.854208289363193],[-73.853538408359029,40.854600289663431],[-73.854508408304511,40.855840289497664],[-73.854698408275326,40.857073289002599],[-73.856098409289416,40.856949289925566]]]},"properties":{"OBJECTID":162440,"GEOID20":"360050288003","GEOID10":"360050288003","STATEFP":"36","COUNTYFP":"005","D1C":11.995079506804174,"D1C5_RET":1.1158213494701559,"D2B_E5MIXA":0.91333897137253317,"D3A":24.625744685402744,"D3AAO":0,"D3B":89.265707957612463,"D4A":237.38,"D4C":47.670000000000002,"D4D":4255.2962983400002,"D5AR":621593,"D5BR":2668618}},{"type":"Feature","id":162442,"geometry":{"type":"Polygon","coordinates":[[[-73.917874430280847,40.877631291455835],[-73.918010430723285,40.877127291525277],[-73.916490430956884,40.877954292385503],[-73.915256429624137,40.8779822919061],[-73.914360429298512,40.878205291910341],[-73.912557428776594,40.87925029174415],[-73.912455429567657,40.87962829215445],[-73.911726427849985,40.88074729269816],[-73.912019427752938,40.880832292883504],[-73.913078429183486,40.879870292027597],[-73.913877429424758,40.879540292413388],[-73.913700428974437,40.879960292933525],[-73.913654428943673,40.880355292971892],[-73.915493429450606,40.878807291992885],[-73.915909429377209,40.878578292476931],[-73.916220430620157,40.878522291890469],[-73.916569429701298,40.878750291798887],[-73.916694429374772,40.878945291472846],[-73.917106429103413,40.878334291661226],[-73.91769443035578,40.877896291642806],[-73.917874430280847,40.877631291455835]]]},"properties":{"OBJECTID":162442,"GEOID20":"360050293023","GEOID10":"360050293023","STATEFP":"36","COUNTYFP":"005","D1C":20.834080013676818,"D1C5_RET":0,"D2B_E5MIXA":0.44405605028414563,"D3A":36.497699118557428,"D3AAO":0,"D3B":128.89350835128059,"D4A":160.93000000000001,"D4C":41.329999999999998,"D4D":1996.6899175999999,"D5AR":588612,"D5BR":1541520}},{"type":"Feature","id":162443,"geometry":{"type":"Polygon","coordinates":[[[-73.83556040212008,40.851972289306424],[-73.835802401969403,40.849685289216602],[-73.834002401820541,40.849569289119152],[-73.833705401719627,40.85257228968802],[-73.833907401385972,40.854476290713691],[-73.834810402282628,40.85352228954175],[-73.83556040212008,40.851972289306424]]]},"properties":{"OBJECTID":162443,"GEOID20":"360050300005","GEOID10":"360050300005","STATEFP":"36","COUNTYFP":"005","D1C":1.1082624661056395,"D1C5_RET":0,"D2B_E5MIXA":0.63769507687455462,"D3A":25.6035721810353,"D3AAO":0.31102114184610907,"D3B":131.37592870186188,"D4A":653.13,"D4C":67.329999999999998,"D4D":2653.1317574999998,"D5AR":618079,"D5BR":1704567}},{"type":"Feature","id":162445,"geometry":{"type":"Polygon","coordinates":[[[-73.824723399620311,40.864250291843931],[-73.824891399849776,40.86406029248117],[-73.824537398949147,40.863807292265484],[-73.823105398148002,40.863397292183798],[-73.82240539853926,40.862937292335111],[-73.821807398139455,40.863033292035645],[-73.822044398864236,40.863437292817139],[-73.821927398688374,40.863746291953383],[-73.82424539976941,40.86477029285458],[-73.824723399620311,40.864250291843931]]]},"properties":{"OBJECTID":162445,"GEOID20":"360050302006","GEOID10":"360050302006","STATEFP":"36","COUNTYFP":"005","D1C":40.450828032681088,"D1C5_RET":0,"D2B_E5MIXA":0.030048280244416085,"D3A":10.824464915359327,"D3AAO":0,"D3B":0,"D4A":215.91999999999999,"D4C":66,"D4D":7149.1337912199997,"D5AR":566397,"D5BR":324241}},{"type":"Feature","id":162446,"geometry":{"type":"Polygon","coordinates":[[[-73.916882430594043,40.888755293918635],[-73.916847431332272,40.88761329312824],[-73.915809429818111,40.887365292979155],[-73.915377430896285,40.88991029399466],[-73.912905429829451,40.889757294331652],[-73.9126984292419,40.890577294180424],[-73.913565430153525,40.890645294288007],[-73.914183429746501,40.890599294023161],[-73.916345430293617,40.891295295025024],[-73.916882430594043,40.888755293918635]]]},"properties":{"OBJECTID":162446,"GEOID20":"360050309003","GEOID10":"360050309003","STATEFP":"36","COUNTYFP":"005","D1C":3.6150452425212589,"D1C5_RET":0,"D2B_E5MIXA":0.53600538769942396,"D3A":16.318912272162621,"D3AAO":0,"D3B":28.058009329590451,"D4A":264.19999999999999,"D4C":26.329999999999998,"D4D":1107.5972798299999,"D5AR":596157,"D5BR":1541348}},{"type":"Feature","id":162450,"geometry":{"type":"Polygon","coordinates":[[[-73.908991429712344,40.908215298286869],[-73.908847429772308,40.90799829780488],[-73.908988428440992,40.907501297959783],[-73.908749429863036,40.907622297279829],[-73.908482428102701,40.908027297550717],[-73.908233429478997,40.907755298240765],[-73.90821042901446,40.907599298301442],[-73.908060429226623,40.90756029859854],[-73.907647428774752,40.908102298309338],[-73.907492428964062,40.909067298172978],[-73.906728427984589,40.909330298033645],[-73.905946428360082,40.909999297954073],[-73.905599427132145,40.909914298575984],[-73.905287427860927,40.90980029877533],[-73.904915428315235,40.909389299077084],[-73.905034428140922,40.908260299167409],[-73.905251427875911,40.908143298443662],[-73.905324426772523,40.90773729748318],[-73.905562427322209,40.907281297703079],[-73.905089427494204,40.90702329742625],[-73.904101428005376,40.906870298641813],[-73.903216426652094,40.910137298916048],[-73.906560427755096,40.911335299237209],[-73.907387429382069,40.910434298651666],[-73.908639428461541,40.908578297094401],[-73.908991429712344,40.908215298286869]]]},"properties":{"OBJECTID":162450,"GEOID20":"360050323003","GEOID10":"360050323003","STATEFP":"36","COUNTYFP":"005","D1C":4.7606325472810154,"D1C5_RET":0.24413500242466746,"D2B_E5MIXA":0.50290385214903388,"D3A":17.090972397630118,"D3AAO":0,"D3B":69.477566556694697,"D4A":425.13999999999999,"D4C":31,"D4D":807.27307468399999,"D5AR":560006,"D5BR":1540817}},{"type":"Feature","id":162451,"geometry":{"type":"Polygon","coordinates":[[[-73.867596413734816,40.858997290396502],[-73.867589412265488,40.857838289205276],[-73.866584413058234,40.857864289525899],[-73.866529412806628,40.85959128979821],[-73.865586412625348,40.859602290114381],[-73.865533412921891,40.861322290821704],[-73.867487413954876,40.861354290158864],[-73.867596413734816,40.858997290396502]]]},"properties":{"OBJECTID":162451,"GEOID20":"360050330003","GEOID10":"360050330003","STATEFP":"36","COUNTYFP":"005","D1C":9.6850811535910193,"D1C5_RET":1.6698415782053482,"D2B_E5MIXA":0.89182192098920876,"D3A":31.933972067216832,"D3AAO":0,"D3B":249.43425558600205,"D4A":146.18000000000001,"D4C":73,"D4D":3900.7499266899999,"D5AR":643836,"D5BR":2913588}},{"type":"Feature","id":162452,"geometry":{"type":"Polygon","coordinates":[[[-73.868438414532079,40.8632392908385],[-73.868497413184997,40.861371290564769],[-73.867487413954876,40.861354290158864],[-73.867361413558186,40.865437290965396],[-73.868370412963401,40.865416290913402],[-73.868438414532079,40.8632392908385]]]},"properties":{"OBJECTID":162452,"GEOID20":"360050332022","GEOID10":"360050332022","STATEFP":"36","COUNTYFP":"005","D1C":5.462597782076049,"D1C5_RET":1.2605994881713958,"D2B_E5MIXA":0.97375159290921331,"D3A":7.0758658598860285,"D3AAO":0,"D3B":0,"D4A":111.31,"D4C":52.329999999999998,"D4D":3518.24913152,"D5AR":650657,"D5BR":3187202}},{"type":"Feature","id":162453,"geometry":{"type":"Polygon","coordinates":[[[-73.870420413357522,40.865371290779599],[-73.870463413913527,40.863280290243424],[-73.869375414865601,40.863254290010659],[-73.869352414401064,40.864374290840843],[-73.869128413196762,40.865402290875039],[-73.870420413357522,40.865371290779599]]]},"properties":{"OBJECTID":162453,"GEOID20":"360050332024","GEOID10":"360050332024","STATEFP":"36","COUNTYFP":"005","D1C":112.00845406564962,"D1C5_RET":0,"D2B_E5MIXA":0.01458639312037407,"D3A":38.478362486179243,"D3AAO":0,"D3B":77.167985546621409,"D4A":309.80000000000001,"D4C":52.329999999999998,"D4D":6054.2738885400004,"D5AR":621478,"D5BR":2464314}},{"type":"Feature","id":162693,"geometry":{"type":"Polygon","coordinates":[[[-73.894530423032137,40.885512293747063],[-73.894165423159151,40.88528829488807],[-73.893996422206442,40.884722294459635],[-73.893815423354781,40.884481294383299],[-73.893321422712049,40.884144293233263],[-73.893129423091438,40.883687294069304],[-73.89217542303949,40.884540293823655],[-73.89176742350881,40.885058293639567],[-73.894530423032137,40.885512293747063]]]},"properties":{"OBJECTID":162693,"GEOID20":"360050281002","GEOID10":"360050281002","STATEFP":"36","COUNTYFP":"005","D1C":0.20597364773150922,"D1C5_RET":0,"D2B_E5MIXA":0,"D3A":43.382248059597991,"D3AAO":0,"D3B":83.505398899468972,"D4A":254.81,"D4C":36.329999999999998,"D4D":4548.3525367599996,"D5AR":573845,"D5BR":2741817}},{"type":"Feature","id":162695,"geometry":{"type":"Polygon","coordinates":[[[-73.895862420680913,40.822639281539537],[-73.895882420772409,40.821000280958565],[-73.893875419137672,40.820987281725273],[-73.893902418901845,40.823651281373841],[-73.895862420680913,40.822639281539537]]]},"properties":{"OBJECTID":162695,"GEOID20":"360050159002","GEOID10":"360050159002","STATEFP":"36","COUNTYFP":"005","D1C":20.25041685736231,"D1C5_RET":0.40500833714724621,"D2B_E5MIXA":0.36380564587243891,"D3A":24.021590793458827,"D3AAO":0,"D3B":64.801333943559399,"D4A":190.44,"D4C":158.33000000000001,"D4D":10259.995203300001,"D5AR":913188,"D5BR":1366972}},{"type":"Feature","id":162696,"geometry":{"type":"Polygon","coordinates":[[[-73.915009427057001,40.831731282831683],[-73.915700426444886,40.830544283363061],[-73.913989425984497,40.829988282569161],[-73.913280426154927,40.831196282506404],[-73.914080426221076,40.833294283661921],[-73.915009427057001,40.831731282831683]]]},"properties":{"OBJECTID":162696,"GEOID20":"360050175003","GEOID10":"360050175003","STATEFP":"36","COUNTYFP":"005","D1C":18.883038608218065,"D1C5_RET":0.5334191697236742,"D2B_E5MIXA":0.079903894058618419,"D3A":22.233701635543529,"D3AAO":0,"D3B":68.277653724630298,"D4A":219.94,"D4C":76,"D4D":5189.10168307,"D5AR":907034,"D5BR":2192055}},{"type":"Feature","id":162697,"geometry":{"type":"Polygon","coordinates":[[[-73.85457040912712,40.871217293266895],[-73.85461640915787,40.869488292610896],[-73.849962407452438,40.869400292297343],[-73.849928408015558,40.871337292472226],[-73.850830408188969,40.871159292735285],[-73.85457040912712,40.871217293266895]]]},"properties":{"OBJECTID":162697,"GEOID20":"360050348002","GEOID10":"360050348002","STATEFP":"36","COUNTYFP":"005","D1C":1.5893431869220325,"D1C5_RET":0,"D2B_E5MIXA":0.15218358217012873,"D3A":13.721068665126397,"D3AAO":0,"D3B":146.98245792654956,"D4A":355.39999999999998,"D4C":48.670000000000002,"D4D":1650.2044353599999,"D5AR":549476,"D5BR":2706873}},{"type":"Feature","id":162698,"geometry":{"type":"Polygon","coordinates":[[[-73.847199406132475,40.867563291656175],[-73.847186407510307,40.86529129182486],[-73.843355405437265,40.86521929213955],[-73.843282406540638,40.866356291473551],[-73.842837406301712,40.867497292230524],[-73.843214405870256,40.867453292124026],[-73.847199406132475,40.867563291656175]]]},"properties":{"OBJECTID":162698,"GEOID20":"360050360002","GEOID10":"360050360002","STATEFP":"36","COUNTYFP":"005","D1C":0.33736988529120265,"D1C5_RET":0,"D2B_E5MIXA":0.42431466254429612,"D3A":26.797272685994116,"D3AAO":0,"D3B":113.10951948460254,"D4A":362.10000000000002,"D4C":49.670000000000002,"D4D":1532.0834013599999,"D5AR":522325,"D5BR":2706614}},{"type":"Feature","id":162699,"geometry":{"type":"Polygon","coordinates":[[[-73.89600842206741,40.855604288985468],[-73.896441422610778,40.854916287669255],[-73.895610421684154,40.854579287534307],[-73.89477742200603,40.855938288904781],[-73.890888421104975,40.861353289415511],[-73.891448420971628,40.861642289612028],[-73.893216420435138,40.85988228834352],[-73.89600842206741,40.855604288985468]]]},"properties":{"OBJECTID":162699,"GEOID20":"360050383021","GEOID10":"360050383021","STATEFP":"36","COUNTYFP":"005","D1C":169.37361455489062,"D1C5_RET":23.679644459120382,"D2B_E5MIXA":0.33674438009702912,"D3A":30.903942806885087,"D3AAO":0,"D3B":99.552491463998507,"D4A":344.67000000000002,"D4C":159,"D4D":5935.0754191100004,"D5AR":608372,"D5BR":2093633}},{"type":"Feature","id":162700,"geometry":{"type":"Polygon","coordinates":[[[-73.876726414175494,40.826286282576135],[-73.876214413091105,40.824092283081967],[-73.875286413876736,40.824216282462217],[-73.87580341318737,40.826410283292212],[-73.876726414175494,40.826286282576135]]]},"properties":{"OBJECTID":162700,"GEOID20":"360050050014","GEOID10":"360050050014","STATEFP":"36","COUNTYFP":"005","D1C":2.8877280222239547,"D1C5_RET":0.41253257460342213,"D2B_E5MIXA":0.8399106196306878,"D3A":40.821405530095831,"D3AAO":0,"D3B":0,"D4A":402.33999999999997,"D4C":59.329999999999998,"D4D":7832.1784483900001,"D5AR":859922,"D5BR":1130234}},{"type":"Feature","id":162702,"geometry":{"type":"Polygon","coordinates":[[[-73.892816422198678,40.866243289966107],[-73.89330042099904,40.865302289835633],[-73.892133421410051,40.864641289772074],[-73.890361420850283,40.866621290597259],[-73.891815421392735,40.867432290673349],[-73.892816422198678,40.866243289966107]]]},"properties":{"OBJECTID":162702,"GEOID20":"360050405011","GEOID10":"360050405011","STATEFP":"36","COUNTYFP":"005","D1C":5.9099511091907058,"D1C5_RET":0.42213936494219328,"D2B_E5MIXA":0.51010694261868239,"D3A":28.829255087980719,"D3AAO":0,"D3B":67.542298390750915,"D4A":0,"D4C":119.33,"D4D":8059.8224669700003,"D5AR":555194,"D5BR":2596700}},{"type":"Feature","id":162703,"geometry":{"type":"Polygon","coordinates":[[[-73.879195416665908,40.845329287117316],[-73.879762416205253,40.84468928600883],[-73.878507414956104,40.844007285434749],[-73.87800841518883,40.844492287431734],[-73.879195416665908,40.845329287117316]]]},"properties":{"OBJECTID":162703,"GEOID20":"360050361004","GEOID10":"360050361004","STATEFP":"36","COUNTYFP":"005","D1C":1.9854427338752267,"D1C5_RET":0.7941770935500907,"D2B_E5MIXA":0.65545875354128569,"D3A":15.023770402894398,"D3AAO":0,"D3B":0,"D4A":287,"D4C":34,"D4D":8614.0578653299999,"D5AR":640214,"D5BR":2340854}},{"type":"Feature","id":162704,"geometry":{"type":"Polygon","coordinates":[[[-73.867011414652126,40.87614129363164],[-73.867055413236415,40.875227292349216],[-73.86607941344316,40.875098293336194],[-73.866142414090675,40.875282293152566],[-73.865519412678182,40.877097294028289],[-73.866272413787016,40.877335292996669],[-73.867011414652126,40.87614129363164]]]},"properties":{"OBJECTID":162704,"GEOID20":"360050374004","GEOID10":"360050374004","STATEFP":"36","COUNTYFP":"005","D1C":2.6770954223068606,"D1C5_RET":0.41186083420105546,"D2B_E5MIXA":0.26675339173619422,"D3A":33.321499690563456,"D3AAO":0,"D3B":0,"D4A":183.72999999999999,"D4C":66.329999999999998,"D4D":8741.9933224199995,"D5AR":596627,"D5BR":3224743}},{"type":"Feature","id":162705,"geometry":{"type":"Polygon","coordinates":[[[-73.896849422141457,40.859998288728697],[-73.897359423576034,40.85877128857328],[-73.896364422617879,40.858384289038774],[-73.895377422055645,40.860752289677656],[-73.896426422542163,40.86100529001375],[-73.896849422141457,40.859998288728697]]]},"properties":{"OBJECTID":162705,"GEOID20":"360050399025","GEOID10":"360050399025","STATEFP":"36","COUNTYFP":"005","D1C":42.373832765288569,"D1C5_RET":0,"D2B_E5MIXA":0.19712840152184777,"D3A":34.534735105169069,"D3AAO":0,"D3B":103.90518379227848,"D4A":210.56,"D4C":126,"D4D":13092.053157799999,"D5AR":648312,"D5BR":2293509}},{"type":"Feature","id":162706,"geometry":{"type":"Polygon","coordinates":[[[-73.88691741928983,40.871352291168819],[-73.886230419201581,40.870786291123906],[-73.884498418824776,40.871992291490173],[-73.885615419981661,40.872277292534676],[-73.88691741928983,40.871352291168819]]]},"properties":{"OBJECTID":162706,"GEOID20":"360050413005","GEOID10":"360050413005","STATEFP":"36","COUNTYFP":"005","D1C":2.4218698724473793,"D1C5_RET":0,"D2B_E5MIXA":0.65914748183953886,"D3A":26.131733662311582,"D3AAO":0,"D3B":0,"D4A":270.91000000000003,"D4C":91.329999999999998,"D4D":15729.0222543,"D5AR":569970,"D5BR":2586470}},{"type":"Feature","id":162707,"geometry":{"type":"Polygon","coordinates":[[[-73.884710418536883,40.868713291572007],[-73.88424041908192,40.86801429027318],[-73.882380418658599,40.869160292082725],[-73.882820418874644,40.869879291540187],[-73.884710418536883,40.868713291572007]]]},"properties":{"OBJECTID":162707,"GEOID20":"360050415005","GEOID10":"360050415005","STATEFP":"36","COUNTYFP":"005","D1C":0.69899439637162264,"D1C5_RET":0,"D2B_E5MIXA":0,"D3A":28.648483186482324,"D3AAO":0,"D3B":0,"D4A":242.74000000000001,"D4C":32.670000000000002,"D4D":4871.7113449500002,"D5AR":568886,"D5BR":2448037}},{"type":"Feature","id":162708,"geometry":{"type":"Polygon","coordinates":[[[-73.875144413586511,40.831772284063341],[-73.874548413734857,40.829530284308142],[-73.873194412751502,40.829913283683467],[-73.873695413066926,40.83197228458527],[-73.875144413586511,40.831772284063341]]]},"properties":{"OBJECTID":162708,"GEOID20":"360050062005","GEOID10":"360050062005","STATEFP":"36","COUNTYFP":"005","D1C":9.5299104817388809,"D1C5_RET":2.1782652529688873,"D2B_E5MIXA":0.86861912389192963,"D3A":45.885294609017564,"D3AAO":22.791929757934206,"D3B":0,"D4A":277.61000000000001,"D4C":63,"D4D":5489.2284374800001,"D5AR":828535,"D5BR":1665218}},{"type":"Feature","id":162709,"geometry":{"type":"Polygon","coordinates":[[[-73.872750413235806,40.834409285006025],[-73.872229412828887,40.832171283999479],[-73.871307413462318,40.832289284288791],[-73.871827412247683,40.834533284805111],[-73.872750413235806,40.834409285006025]]]},"properties":{"OBJECTID":162709,"GEOID20":"360050064002","GEOID10":"360050064002","STATEFP":"36","COUNTYFP":"005","D1C":0.81125479740594797,"D1C5_RET":0.81125479740594797,"D2B_E5MIXA":0,"D3A":17.576122289572247,"D3AAO":0,"D3B":0,"D4A":198.49000000000001,"D4C":72.329999999999998,"D4D":9388.4895194199999,"D5AR":821469,"D5BR":2002965}},{"type":"Feature","id":162710,"geometry":{"type":"Polygon","coordinates":[[[-73.918033427594565,40.819954280486989],[-73.918277427093713,40.819386280429306],[-73.916499426686158,40.818886280647668],[-73.91590342683449,40.820183280789749],[-73.917714426854019,40.820655281042242],[-73.918033427594565,40.819954280486989]]]},"properties":{"OBJECTID":162710,"GEOID20":"360050067006","GEOID10":"360050067006","STATEFP":"36","COUNTYFP":"005","D1C":4.6721827234596951,"D1C5_RET":1.0011820121699346,"D2B_E5MIXA":0.55965711270570673,"D3A":38.085972141207172,"D3AAO":0,"D3B":106.79274796479302,"D4A":156.91,"D4C":106.33,"D4D":11355.272891099999,"D5AR":896022,"D5BR":1735857}},{"type":"Feature","id":162711,"geometry":{"type":"Polygon","coordinates":[[[-73.860887409815746,40.831352284470036],[-73.860571409448241,40.83065428436867],[-73.85715840695164,40.831110285380021],[-73.857324408429619,40.831830285099244],[-73.860887409815746,40.831352284470036]]]},"properties":{"OBJECTID":162711,"GEOID20":"360050072004","GEOID10":"360050072004","STATEFP":"36","COUNTYFP":"005","D1C":2.3393708987172879,"D1C5_RET":0.8354896066847457,"D2B_E5MIXA":0.67935190858219308,"D3A":29.822366877005557,"D3AAO":0,"D3B":0,"D4A":324.55000000000001,"D4C":90.329999999999998,"D4D":9660.1313499900007,"D5AR":814884,"D5BR":2219151}},{"type":"Feature","id":162712,"geometry":{"type":"Polygon","coordinates":[[[-73.908226423518087,40.81621128061596],[-73.908081423753146,40.816041279475769],[-73.905328421580577,40.815479280364173],[-73.905176422142944,40.815922280797913],[-73.905097421601923,40.816838280595078],[-73.905822422223309,40.817002280052066],[-73.906306423718632,40.817379280790213],[-73.908226423518087,40.81621128061596]]]},"properties":{"OBJECTID":162712,"GEOID20":"360050079006","GEOID10":"360050079006","STATEFP":"36","COUNTYFP":"005","D1C":5.1452718565877698,"D1C5_RET":0,"D2B_E5MIXA":0,"D3A":6.4283968383931178,"D3AAO":0,"D3B":53.571064637565541,"D4A":336.62,"D4C":92.329999999999998,"D4D":7415.6167885900004,"D5AR":921761,"D5BR":1507230}},{"type":"Feature","id":162713,"geometry":{"type":"Polygon","coordinates":[[[-73.913280426154927,40.831196282506404],[-73.913989425984497,40.829988282569161],[-73.913125425445912,40.829708283079079],[-73.912396426423157,40.830944283055508],[-73.913280426154927,40.831196282506404]]]},"properties":{"OBJECTID":162713,"GEOID20":"360050175005","GEOID10":"360050175005","STATEFP":"36","COUNTYFP":"005","D1C":5.1461655097400447,"D1C5_RET":2.058466203896018,"D2B_E5MIXA":0.4181656600790517,"D3A":20.618654494639962,"D3AAO":0,"D3B":0,"D4A":194.46000000000001,"D4C":28,"D4D":6147.9523956399998,"D5AR":904608,"D5BR":2191154}},{"type":"Feature","id":162714,"geometry":{"type":"Polygon","coordinates":[[[-73.91646842762232,40.835786284046179],[-73.915386426625545,40.835420283522005],[-73.914818427261295,40.835998283938174],[-73.915872427770665,40.83640128331264],[-73.91646842762232,40.835786284046179]]]},"properties":{"OBJECTID":162714,"GEOID20":"360050179012","GEOID10":"360050179012","STATEFP":"36","COUNTYFP":"005","D1C":4.5172393664561747,"D1C5_RET":4.0153238812943783,"D2B_E5MIXA":0.2167415674429225,"D3A":56.241167070074127,"D3AAO":0,"D3B":0,"D4A":132.77000000000001,"D4C":78.329999999999998,"D4D":25161.625569700002,"D5AR":893274,"D5BR":2187137}},{"type":"Feature","id":162715,"geometry":{"type":"Polygon","coordinates":[[[-73.919030428202518,40.833098282972706],[-73.917610427096946,40.832616282697145],[-73.916663426717676,40.834135283925917],[-73.917707427181313,40.834518283888045],[-73.919030428202518,40.833098282972706]]]},"properties":{"OBJECTID":162715,"GEOID20":"360050181024","GEOID10":"360050181024","STATEFP":"36","COUNTYFP":"005","D1C":6.1339872485929563,"D1C5_RET":1.4870272117801107,"D2B_E5MIXA":0.62678374594295427,"D3A":55.193980825392387,"D3AAO":0,"D3B":118.96217694240885,"D4A":91.200000000000003,"D4C":85.329999999999998,"D4D":10151.042558499999,"D5AR":860593,"D5BR":2179965}},{"type":"Feature","id":162716,"geometry":{"type":"Polygon","coordinates":[[[-73.861013410212436,40.834605285217862],[-73.860852409655649,40.833622285752305],[-73.86058440896872,40.833570285786116],[-73.86034541039075,40.833302284163196],[-73.857733408683529,40.833566285211894],[-73.858131408168475,40.835010285827614],[-73.861013410212436,40.834605285217862]]]},"properties":{"OBJECTID":162716,"GEOID20":"360050222002","GEOID10":"360050222002","STATEFP":"36","COUNTYFP":"005","D1C":39.249500666609791,"D1C5_RET":9.3204618997226429,"D2B_E5MIXA":0.66242467632547852,"D3A":32.004279306341438,"D3AAO":0,"D3B":110.4868265730677,"D4A":230.66999999999999,"D4C":98.329999999999998,"D4D":6517.1983544900004,"D5AR":606812,"D5BR":1989387}},{"type":"Feature","id":162717,"geometry":{"type":"Polygon","coordinates":[[[-73.915178426213075,40.84064128494586],[-73.915941427367642,40.839560283534652],[-73.915089428321252,40.839233284036176],[-73.913647426576048,40.841291285319521],[-73.914473427479777,40.84162828439991],[-73.915178426213075,40.84064128494586]]]},"properties":{"OBJECTID":162717,"GEOID20":"360050223003","GEOID10":"360050223003","STATEFP":"36","COUNTYFP":"005","D1C":17.420946339081105,"D1C5_RET":6.8509339535712206,"D2B_E5MIXA":0.58626526556893754,"D3A":23.9429809166853,"D3AAO":0,"D3B":125.27422086530231,"D4A":225.31,"D4C":91.670000000000002,"D4D":11483.8878267,"D5AR":723993,"D5BR":2176608}},{"type":"Feature","id":162718,"geometry":{"type":"Polygon","coordinates":[[[-73.908299426007972,40.846820285393257],[-73.908442424326481,40.845221285252876],[-73.907532424655443,40.845176285669922],[-73.907549424373883,40.844916285895657],[-73.906654424771489,40.844857285802284],[-73.90648342506725,40.846741286063249],[-73.908299426007972,40.846820285393257]]]},"properties":{"OBJECTID":162718,"GEOID20":"360050229015","GEOID10":"360050229015","STATEFP":"36","COUNTYFP":"005","D1C":19.285392545609071,"D1C5_RET":1.7655641062881544,"D2B_E5MIXA":0.46986176068611707,"D3A":46.044206779638778,"D3AAO":6.2994509045735985,"D3B":0,"D4A":203.84999999999999,"D4C":94.329999999999998,"D4D":8199.1710595000004,"D5AR":711424,"D5BR":2211730}},{"type":"Feature","id":162719,"geometry":{"type":"Polygon","coordinates":[[[-73.82799839843139,40.848632288918289],[-73.828847400697995,40.84830328880733],[-73.82773039954111,40.846595289204068],[-73.826884399444197,40.846911288693846],[-73.82799839843139,40.848632288918289]]]},"properties":{"OBJECTID":162719,"GEOID20":"360050266024","GEOID10":"360050266024","STATEFP":"36","COUNTYFP":"005","D1C":0.95368081933770976,"D1C5_RET":0,"D2B_E5MIXA":0,"D3A":30.094879304234745,"D3AAO":0,"D3B":0,"D4A":148.86000000000001,"D4C":79.329999999999998,"D4D":12104.879903700001,"D5AR":642384,"D5BR":1722330}},{"type":"Feature","id":162720,"geometry":{"type":"Polygon","coordinates":[[[-73.931802431468682,40.807884278042394],[-73.930407430477459,40.806487276742317],[-73.930348429129609,40.806204277342452],[-73.928402428492561,40.804114277275204],[-73.927526429156714,40.80277227665372],[-73.927251427898781,40.802566276210172],[-73.926563428883938,40.802484277730613],[-73.925082427678987,40.802529277049743],[-73.924070427900702,40.802476276911563],[-73.923634426085982,40.802562277165698],[-73.923023427962335,40.802433276742711],[-73.922341426998628,40.801970276528181],[-73.921743425700512,40.801697277029405],[-73.92162342694823,40.801455276497485],[-73.921205426473506,40.801019276734884],[-73.920729426272416,40.800109275960985],[-73.920358425653333,40.799680276359545],[-73.919862426259115,40.799361276567296],[-73.914463424739111,40.797050276199812],[-73.913625424139781,40.796794275475946],[-73.911411423714114,40.796694275636973],[-73.908531422218303,40.799100276338876],[-73.907801421574021,40.799271276323097],[-73.906512421786317,40.800865277459984],[-73.906306421921983,40.801563277574516],[-73.905376422159492,40.801559277109583],[-73.905422421291931,40.801960277126796],[-73.904906420907892,40.802886277865547],[-73.903284421932568,40.804699278196203],[-73.902498420313464,40.804445278218161],[-73.901893421139292,40.805015278150378],[-73.90229542172051,40.805943278183733],[-73.903075421695178,40.809888279558706],[-73.905617422183909,40.808105278393832],[-73.906351423026138,40.807507278423955],[-73.909128422793174,40.806174277647678],[-73.908807423301127,40.805874278594089],[-73.905471422594033,40.803939277886563],[-73.910884422561125,40.79858327649918],[-73.913368425120154,40.800023276608634],[-73.930032429660429,40.807056277291437],[-73.92954642941362,40.807712278296378],[-73.930939430755032,40.80826127687893],[-73.931802431468682,40.807884278042394]]]},"properties":{"OBJECTID":162720,"GEOID20":"360050019004","GEOID10":"360050019004","STATEFP":"36","COUNTYFP":"005","D1C":5.4954183377315617,"D1C5_RET":0.44759063384238962,"D2B_E5MIXA":0.56607211620857967,"D3A":15.043686266802933,"D3AAO":6.0289151326344292,"D3B":12.501620324999809,"D4A":203.84999999999999,"D4C":134.66999999999999,"D4D":420.79310401599997,"D5AR":1001600,"D5BR":958456}},{"type":"Feature","id":162721,"geometry":{"type":"Polygon","coordinates":[[[-73.820142396811491,40.848028289171445],[-73.820233397048071,40.846226289043237],[-73.816452397000361,40.846091289531799],[-73.816313396184896,40.848559289893863],[-73.820142396811491,40.848028289171445]]]},"properties":{"OBJECTID":162721,"GEOID20":"360050274022","GEOID10":"360050274022","STATEFP":"36","COUNTYFP":"005","D1C":1.3793988897961089,"D1C5_RET":0,"D2B_E5MIXA":0.73784726721036209,"D3A":27.234212081702445,"D3AAO":0,"D3B":101.86331343956969,"D4A":205.19,"D4C":2.3300000000000001,"D4D":79.113840104700003,"D5AR":527171,"D5BR":809580}},{"type":"Feature","id":162723,"geometry":{"type":"Polygon","coordinates":[[[-73.916038430146969,40.884875293539757],[-73.914893429400976,40.884633292949886],[-73.913025429480058,40.886178293753019],[-73.912273429094455,40.887123294024406],[-73.911732428596082,40.888227293863224],[-73.913107428597499,40.888322293912609],[-73.913308429337278,40.887108293467911],[-73.913466429521009,40.886807294169152],[-73.916038430146969,40.884875293539757]]]},"properties":{"OBJECTID":162723,"GEOID20":"360050307014","GEOID10":"360050307014","STATEFP":"36","COUNTYFP":"005","D1C":20.113287838505613,"D1C5_RET":0,"D2B_E5MIXA":0.65194475901207771,"D3A":27.614272708766279,"D3AAO":0,"D3B":150.15683204387972,"D4A":193.12,"D4C":28.329999999999998,"D4D":1822.5977085699999,"D5AR":636401,"D5BR":1541323}},{"type":"Feature","id":162724,"geometry":{"type":"Polygon","coordinates":[[[-73.86365841063332,40.832660284193182],[-73.862643409583697,40.828178283651816],[-73.860675409205328,40.828427284454989],[-73.862722410124718,40.833029284437004],[-73.86365841063332,40.832660284193182]]]},"properties":{"OBJECTID":162724,"GEOID20":"360050072002","GEOID10":"360050072002","STATEFP":"36","COUNTYFP":"005","D1C":4.9818767626502725,"D1C5_RET":1.2915976792056263,"D2B_E5MIXA":0.82947383358638116,"D3A":23.766574245375452,"D3AAO":0,"D3B":78.725953780152452,"D4A":140.81999999999999,"D4C":96.329999999999998,"D4D":3791.8355638200001,"D5AR":876617,"D5BR":2218203}},{"type":"Feature","id":162725,"geometry":{"type":"Polygon","coordinates":[[[-73.902989423278086,40.854781287516573],[-73.903769425049404,40.853921286981056],[-73.90271942383967,40.853530287601636],[-73.901861424047183,40.854594288667535],[-73.902989423278086,40.854781287516573]]]},"properties":{"OBJECTID":162725,"GEOID20":"360050235012","GEOID10":"360050235012","STATEFP":"36","COUNTYFP":"005","D1C":5.7217279995519554,"D1C5_RET":0,"D2B_E5MIXA":0.46784947524138781,"D3A":70.15543285831464,"D3AAO":0,"D3B":0,"D4A":103.27,"D4C":83,"D4D":17878.717137399999,"D5AR":699143,"D5BR":2273375}},{"type":"Feature","id":162726,"geometry":{"type":"Polygon","coordinates":[[[-73.901162423365037,40.859357288569775],[-73.90191442375064,40.858102289007299],[-73.900940423607196,40.857767288330109],[-73.899821423698796,40.859653288591502],[-73.900789423994468,40.859985288988469],[-73.901162423365037,40.859357288569775]]]},"properties":{"OBJECTID":162726,"GEOID20":"360050237033","GEOID10":"360050237033","STATEFP":"36","COUNTYFP":"005","D1C":24.719556630032283,"D1C5_RET":1.1771217442872517,"D2B_E5MIXA":0.22144465404062708,"D3A":31.921427552763031,"D3AAO":0,"D3B":0,"D4A":281.63999999999999,"D4C":92.329999999999998,"D4D":11592.922736,"D5AR":645766,"D5BR":2290109}},{"type":"Feature","id":162727,"geometry":{"type":"Polygon","coordinates":[[[-73.828773401976463,40.876012294361871],[-73.828645401929933,40.875955294478082],[-73.828712401877084,40.875841294563287],[-73.828425401821917,40.875743294717942],[-73.828250401919732,40.875821294260085],[-73.827728400789596,40.875709295167461],[-73.82764840132198,40.875389293707713],[-73.828211401561674,40.8749362939826],[-73.827394400878759,40.874204294074325],[-73.826104401266136,40.873779295010948],[-73.826048400291327,40.873876294492469],[-73.827260400984457,40.874272294024493],[-73.826947400091711,40.874558293949306],[-73.826641400668251,40.875079294023728],[-73.826003400983808,40.875437294738482],[-73.825619400844261,40.875528294729179],[-73.825046400558804,40.875522294270901],[-73.824845399819026,40.875710295014613],[-73.824503400410578,40.875636294735024],[-73.824128400491858,40.876648295813638],[-73.822885400734918,40.878194295363464],[-73.823352399816827,40.878383295797143],[-73.823356400913099,40.878737295739619],[-73.823810400474557,40.878892296027985],[-73.823838400063622,40.87882129530994],[-73.823968400658288,40.878874294886927],[-73.824221399479967,40.878375295304558],[-73.824959399621847,40.878640295229921],[-73.825434400896327,40.879392294900597],[-73.828263402338536,40.878475295618877],[-73.828073401469425,40.877834294985156],[-73.828116401127104,40.877264294683954],[-73.828773401976463,40.876012294361871]]]},"properties":{"OBJECTID":162727,"GEOID20":"360050462014","GEOID10":"360050462014","STATEFP":"36","COUNTYFP":"005","D1C":13.065471033455353,"D1C5_RET":0,"D2B_E5MIXA":0.41196326317114729,"D3A":13.156101787701104,"D3AAO":0,"D3B":39.111579180228986,"D4A":363.44,"D4C":43,"D4D":720.564654991,"D5AR":522508,"D5BR":235480}},{"type":"Feature","id":162728,"geometry":{"type":"Polygon","coordinates":[[[-73.899841425586914,40.886545294073422],[-73.895711423763117,40.885789294716616],[-73.894530423032137,40.885512293747063],[-73.892887423242101,40.885272294212918],[-73.887545420725175,40.884274294031329],[-73.886864420484713,40.884355293537467],[-73.884380419722319,40.883256293647136],[-73.883865419163186,40.88315929432656],[-73.883509419511043,40.883191293978086],[-73.882923418806797,40.88339129416638],[-73.882674420183093,40.883391294845502],[-73.881245417958354,40.882718293732573],[-73.877919418195319,40.887220295684543],[-73.877608417850695,40.884531294361366],[-73.877730418049424,40.88346229405726],[-73.878127417709464,40.882162293952085],[-73.874676417374644,40.881571293882175],[-73.874793416652196,40.880083293294476],[-73.874947416637966,40.879956293801463],[-73.871919415004129,40.880245294315692],[-73.870242414878916,40.880238294506142],[-73.870945414860699,40.878519293834721],[-73.869436414964966,40.878137293962382],[-73.869225414179454,40.878532293332817],[-73.868847414785989,40.878594294091279],[-73.86598341408201,40.884399295315426],[-73.866249414220789,40.884939294563736],[-73.866221413733371,40.885450294714829],[-73.862653413222688,40.891830297025656],[-73.861361413960239,40.894671297091826],[-73.864918414600282,40.89575829757468],[-73.870488415824511,40.896648296855872],[-73.874807416895877,40.895734296962836],[-73.877121418677291,40.895477296684106],[-73.876439418611895,40.896879297409129],[-73.875896417565372,40.897567297323256],[-73.874821418037897,40.898453297338556],[-73.873891417377095,40.898973297909251],[-73.871365416781913,40.900047298296158],[-73.870105416408194,40.900750298034886],[-73.868998416195367,40.901567298381607],[-73.868248416357915,40.902337298446859],[-73.867877416637157,40.902991298831672],[-73.87785641934444,40.905930299011601],[-73.878351418913766,40.905991298473559],[-73.879240419566699,40.906373298465979],[-73.88182642043634,40.907142298876323],[-73.882994420748531,40.907431298790755],[-73.884247420551233,40.907520298827151],[-73.88540242224127,40.907985299342734],[-73.886011422511714,40.907987299419624],[-73.892800424101793,40.910066298457124],[-73.896635425474472,40.91133229927371],[-73.896410424445264,40.902969297678077],[-73.897184425470471,40.899355296340275],[-73.89645942484907,40.89371429631268],[-73.897116424800103,40.892094295088597],[-73.899841425586914,40.886545294073422]]]},"properties":{"OBJECTID":162728,"GEOID20":"360050435001","GEOID10":"360050435001","STATEFP":"36","COUNTYFP":"005","D1C":0.61863658266062616,"D1C5_RET":0.011385949374121953,"D2B_E5MIXA":0.63285608214676159,"D3A":19.21154785738036,"D3AAO":5.9493824073165822,"D3B":62.516903218732693,"D4A":970.97000000000003,"D4C":269.67000000000002,"D4D":104.02896020599999,"D5AR":565267,"D5BR":608101}},{"type":"Feature","id":162729,"geometry":{"type":"Polygon","coordinates":[[[-73.847207408325019,40.905887300080543],[-73.847512409720167,40.905231299657871],[-73.845725408193459,40.904804300051097],[-73.845434408838642,40.904287298758078],[-73.846050408781778,40.904116298689821],[-73.845986408309372,40.903171299416016],[-73.842303408170949,40.903978300099077],[-73.842375407242656,40.904174299536763],[-73.84470340836944,40.904191299131568],[-73.844848408134396,40.905318299102937],[-73.845321408860727,40.90559030028961],[-73.84610540903337,40.905785299630629],[-73.847072408605797,40.906181299698261],[-73.847207408325019,40.905887300080543]]]},"properties":{"OBJECTID":162729,"GEOID20":"360050442003","GEOID10":"360050442003","STATEFP":"36","COUNTYFP":"005","D1C":0,"D1C5_RET":0,"D2B_E5MIXA":0,"D3A":39.21069549105956,"D3AAO":0,"D3B":312.49462128867196,"D4A":352.70999999999998,"D4C":45.670000000000002,"D4D":2517.9303730199999,"D5AR":517355,"D5BR":3505083}},{"type":"Feature","id":162733,"geometry":{"type":"Polygon","coordinates":[[[-73.845986408309372,40.903171299416016],[-73.845472407575159,40.90184629894091],[-73.841000407241225,40.902820299486258],[-73.841387407753842,40.904182299626186],[-73.842375407242656,40.904174299536763],[-73.842303408170949,40.903978300099077],[-73.845986408309372,40.903171299416016]]]},"properties":{"OBJECTID":162733,"GEOID20":"360050442004","GEOID10":"360050442004","STATEFP":"36","COUNTYFP":"005","D1C":0.064923549858176458,"D1C5_RET":0,"D2B_E5MIXA":0,"D3A":26.644932651083675,"D3AAO":0,"D3B":290.85750336463053,"D4A":380.88,"D4C":51.329999999999998,"D4D":2132.8165211,"D5AR":476348,"D5BR":3504326}},{"type":"Feature","id":162734,"geometry":{"type":"Polygon","coordinates":[[[-73.834154404851446,40.890560297198547],[-73.834453403703876,40.889371296920835],[-73.829048403234381,40.889036296874821],[-73.828571402310104,40.888870297046601],[-73.827729401512826,40.888337296910365],[-73.827329402378069,40.888193297329479],[-73.82492140088533,40.887858296752519],[-73.824493400364844,40.887386296935539],[-73.823753400573139,40.887840297370879],[-73.824016401237188,40.887822296626098],[-73.824235400621987,40.888574297235991],[-73.82401040049109,40.889986297952326],[-73.824404401574711,40.889986297273218],[-73.827225401722671,40.890793296517565],[-73.827944401597989,40.890936297613941],[-73.82871740279829,40.891282297354607],[-73.830023403202745,40.891694297818205],[-73.833596403736308,40.892714297962314],[-73.834154404851446,40.890560297198547]]]},"properties":{"OBJECTID":162734,"GEOID20":"360050456002","GEOID10":"360050456002","STATEFP":"36","COUNTYFP":"005","D1C":9.2208863320850991,"D1C5_RET":0.097575516741641263,"D2B_E5MIXA":0.29507799233596077,"D3A":19.523498779939288,"D3AAO":0,"D3B":97.169602591996039,"D4A":244.08000000000001,"D4C":51.670000000000002,"D4D":537.78420800399999,"D5AR":520504,"D5BR":596316}},{"type":"Feature","id":162735,"geometry":{"type":"Polygon","coordinates":[[[-73.824048401024228,40.889874297021898],[-73.824235400621987,40.888574297235991],[-73.824016401237188,40.887822296626098],[-73.823753400573139,40.887840297370879],[-73.823542400685952,40.88750829673031],[-73.820775400066324,40.886718296821755],[-73.819815399268279,40.885582297097628],[-73.815590397908238,40.886637296812133],[-73.813130397435302,40.886730297066258],[-73.807912395665255,40.885808297067356],[-73.806611394385357,40.885787297364132],[-73.805299394133115,40.886006297434285],[-73.803396394052086,40.885454297589803],[-73.799252393781217,40.884638297624079],[-73.794494390522061,40.883076297280681],[-73.793703391575065,40.882905297392639],[-73.792943390793553,40.883419296820392],[-73.796263391607113,40.884317296825117],[-73.797349391903552,40.88449829700162],[-73.804790395218404,40.886513298080992],[-73.806396395198504,40.88680929760303],[-73.808721395952247,40.88748929826334],[-73.809924395526224,40.887692297364708],[-73.813660398063021,40.88871429806396],[-73.815049397409851,40.888959297611734],[-73.816612397732257,40.889487297938182],[-73.818504397942633,40.889886298052296],[-73.822960401077978,40.891064297383458],[-73.823245399686712,40.891207297894127],[-73.823303401209657,40.890997298001878],[-73.823133400432027,40.890879297679326],[-73.823121400736468,40.890656296915346],[-73.823304400136252,40.890429297579608],[-73.823635400572357,40.890399297962155],[-73.823690399925638,40.890084297762058],[-73.823561400952514,40.889865298284995],[-73.824018401785324,40.889758297362121],[-73.824048401024228,40.889874297021898]]]},"properties":{"OBJECTID":162735,"GEOID20":"360050456003","GEOID10":"360050456003","STATEFP":"36","COUNTYFP":"005","D1C":1.2598318898819088,"D1C5_RET":0.023116181465723095,"D2B_E5MIXA":0.20425522466102974,"D3A":24.437607396489433,"D3AAO":9.0161123211521446,"D3B":75.982015836385244,"D4A":225.31,"D4C":21,"D4D":111.286255584,"D5AR":497649,"D5BR":160898}},{"type":"Feature","id":162736,"geometry":{"type":"Polygon","coordinates":[[[-73.846050407883467,40.887072296329109],[-73.846296407930765,40.88662029542251],[-73.84445440705079,40.885909296032018],[-73.843742406848165,40.885490295608747],[-73.843206407270969,40.885950295661878],[-73.84317740695866,40.886224296412173],[-73.843385406472791,40.886470296035007],[-73.843760406391524,40.886775296266023],[-73.844381407255867,40.887100296746453],[-73.845073407366996,40.887295296947691],[-73.845612407317233,40.887355296267145],[-73.845879408179243,40.887282295775023],[-73.846050407883467,40.887072296329109]]]},"properties":{"OBJECTID":162736,"GEOID20":"360050458002","GEOID10":"360050458002","STATEFP":"36","COUNTYFP":"005","D1C":6.3540178311531594,"D1C5_RET":0,"D2B_E5MIXA":0,"D3A":29.390482757529035,"D3AAO":0,"D3B":180.82687545084406,"D4A":328.56999999999999,"D4C":12.67,"D4D":1144.9657730900001,"D5AR":500258,"D5BR":149020}},{"type":"Feature","id":162737,"geometry":{"type":"Polygon","coordinates":[[[-73.848821407802731,40.884928295739812],[-73.849279408460447,40.884250295365987],[-73.846068408325138,40.882909295667325],[-73.843147407719727,40.885039295148374],[-73.84445440705079,40.885909296032018],[-73.84533540640949,40.884993296419488],[-73.846142407046656,40.885315295679064],[-73.84553840769739,40.886375296043347],[-73.847445407976394,40.886986296331337],[-73.848821407802731,40.884928295739812]]]},"properties":{"OBJECTID":162737,"GEOID20":"360050458004","GEOID10":"360050458004","STATEFP":"36","COUNTYFP":"005","D1C":2.6267414773238542,"D1C5_RET":0,"D2B_E5MIXA":0,"D3A":18.776695941583913,"D3AAO":0,"D3B":51.627912489043162,"D4A":316.5,"D4C":12.67,"D4D":280.259490675,"D5AR":531540,"D5BR":150717}},{"type":"Feature","id":162738,"geometry":{"type":"Polygon","coordinates":[[[-73.83382340351703,40.876537294558638],[-73.833894402763818,40.87603629465579],[-73.833149402949232,40.875988294059297],[-73.83235740238068,40.87569329489348],[-73.830133402807604,40.875338294442265],[-73.830079402380917,40.874942294494033],[-73.829825401937711,40.874350293941291],[-73.829500401349378,40.874272293345271],[-73.829129400730309,40.874376293893107],[-73.828616401617637,40.874380294041543],[-73.828477401700454,40.874473293858429],[-73.828211401561674,40.8749362939826],[-73.82764840132198,40.875389293707713],[-73.827728400789596,40.875709295167461],[-73.828250401919732,40.875821294260085],[-73.828425401821917,40.875743294717942],[-73.828712401877084,40.875841294563287],[-73.828645401929933,40.875955294478082],[-73.828773401976463,40.876012294361871],[-73.828116401127104,40.877264294683954],[-73.828073401469425,40.877834294985156],[-73.828263402338536,40.878475295618877],[-73.829107401887313,40.878267295012726],[-73.830015401908497,40.878341295068182],[-73.83040440207094,40.878464295041546],[-73.830835402066157,40.878710294981829],[-73.831952402324717,40.879827295853211],[-73.832597402580191,40.879182295548837],[-73.833243403558896,40.878237294636236],[-73.83352140249491,40.877661295503088],[-73.83382340351703,40.876537294558638]]]},"properties":{"OBJECTID":162738,"GEOID20":"360050462013","GEOID10":"360050462013","STATEFP":"36","COUNTYFP":"005","D1C":16.306128425944021,"D1C5_RET":0.90968638359520337,"D2B_E5MIXA":0.40936078223821265,"D3A":12.351672250084514,"D3AAO":0,"D3B":63.0958475661633,"D4A":105.95,"D4C":49.329999999999998,"D4D":717.99726884400002,"D5AR":528772,"D5BR":306167}},{"type":"Feature","id":162739,"geometry":{"type":"Polygon","coordinates":[[[-73.827260400984457,40.874272294024493],[-73.826048400291327,40.873876294492469],[-73.826595400637501,40.872947293494896],[-73.824477399573013,40.872234294145542],[-73.824339400379074,40.873199293549149],[-73.824525401050209,40.874932295226287],[-73.824503400410578,40.875636294735024],[-73.824845399819026,40.875710295014613],[-73.825046400558804,40.875522294270901],[-73.825619400844261,40.875528294729179],[-73.826003400983808,40.875437294738482],[-73.826641400668251,40.875079294023728],[-73.826947400091711,40.874558293949306],[-73.827260400984457,40.874272294024493]]]},"properties":{"OBJECTID":162739,"GEOID20":"360050462015","GEOID10":"360050462015","STATEFP":"36","COUNTYFP":"005","D1C":4.8574554720306589,"D1C5_RET":0,"D2B_E5MIXA":0.39747970227882679,"D3A":24.692290430495465,"D3AAO":0,"D3B":43.785514114079177,"D4A":273.58999999999997,"D4C":47.670000000000002,"D4D":2087.2554578200002,"D5AR":520388,"D5BR":241794}},{"type":"Feature","id":162740,"geometry":{"type":"Polygon","coordinates":[[[-73.83149140129396,40.872325293783987],[-73.831627401736398,40.871947294466509],[-73.831067401869745,40.871705294158552],[-73.831112402075604,40.871614293667903],[-73.830916402257003,40.871539293654784],[-73.830855402157638,40.871713294098655],[-73.830521401348477,40.871569293670248],[-73.830563402079591,40.871481293405203],[-73.829692401868314,40.871182294193616],[-73.82827940043542,40.871020293409352],[-73.827929401529374,40.871970294971831],[-73.827460401000991,40.872761293518856],[-73.827611400613748,40.87273629418344],[-73.828209401911849,40.873025293614191],[-73.828427400573418,40.872744294678242],[-73.828960401574207,40.872600293775093],[-73.829245401979563,40.872705294124941],[-73.829564401821798,40.872962294543903],[-73.829692401868314,40.873285294480276],[-73.829961401481839,40.873278293934725],[-73.830253401559887,40.87322329350431],[-73.830724401738081,40.87295129372967],[-73.83149140129396,40.872325293783987]]]},"properties":{"OBJECTID":162740,"GEOID20":"360050462017","GEOID10":"360050462017","STATEFP":"36","COUNTYFP":"005","D1C":4.2287032855808775,"D1C5_RET":0.37756279335543552,"D2B_E5MIXA":0.57906307255212597,"D3A":10.954899608711484,"D3AAO":0,"D3B":32.234801045513663,"D4A":100.58,"D4C":58,"D4D":2803.0261778700001,"D5AR":574862,"D5BR":391447}},{"type":"Feature","id":162741,"geometry":{"type":"Polygon","coordinates":[[[-73.834882403150957,40.87551329426163],[-73.834882403150957,40.874437293922931],[-73.834495402638353,40.87256629396898],[-73.83363240372131,40.870154293539031],[-73.833386402775702,40.868955293305135],[-73.833161403543116,40.868328292982312],[-73.831674402490378,40.868800292847091],[-73.833439402479158,40.871832293857821],[-73.832535403554232,40.872859293702845],[-73.832145402668573,40.872785293632788],[-73.831452401834227,40.872416293976656],[-73.830253401559887,40.87322329350431],[-73.829692401868314,40.873285294480276],[-73.829564401821798,40.872962294543903],[-73.829245401979563,40.872705294124941],[-73.828960401574207,40.872600293775093],[-73.828427400573418,40.872744294678242],[-73.828209401911849,40.873025293614191],[-73.827611400613748,40.87273629418344],[-73.827460401000991,40.872761293518856],[-73.827228401197416,40.873179294485567],[-73.826595400637501,40.872947293494896],[-73.826104401266136,40.873779295010948],[-73.827394400878759,40.874204294074325],[-73.828211401561674,40.8749362939826],[-73.828477401700454,40.874473293858429],[-73.828616401617637,40.874380294041543],[-73.829129400730309,40.874376293893107],[-73.829500401349378,40.874272293345271],[-73.829825401937711,40.874350293941291],[-73.830079402380917,40.874942294494033],[-73.830133402807604,40.875338294442265],[-73.83235740238068,40.87569329489348],[-73.833149402949232,40.875988294059297],[-73.833894402763818,40.87603629465579],[-73.83366640315819,40.877188294454037],[-73.833243403558896,40.878237294636236],[-73.832597402580191,40.879182295548837],[-73.831952402324717,40.879827295853211],[-73.832452402815235,40.880224294884854],[-73.834001403792257,40.878396294642727],[-73.834503403932601,40.87723529571474],[-73.834882403150957,40.87551329426163]]]},"properties":{"OBJECTID":162741,"GEOID20":"360050462018","GEOID10":"360050462018","STATEFP":"36","COUNTYFP":"005","D1C":14.172794136097659,"D1C5_RET":0.12391513998773909,"D2B_E5MIXA":0.031155556974895967,"D3A":46.04990345147008,"D3AAO":20.549581239812721,"D3B":92.559652965241582,"D4A":458.66000000000003,"D4C":94,"D4D":931.84185270800003,"D5AR":503609,"D5BR":265129}},{"type":"Feature","id":162743,"geometry":{"type":"Polygon","coordinates":[[[-73.833439402479158,40.871832293857821],[-73.831674402490378,40.868800292847091],[-73.830476402040958,40.86912529260146],[-73.830972402333501,40.87030429322153],[-73.830990401876861,40.870524293499898],[-73.830900402363497,40.870972293931089],[-73.830521401348477,40.871569293670248],[-73.830855402157638,40.871713294098655],[-73.830916402257003,40.871539293654784],[-73.831112402075604,40.871614293667903],[-73.831067401869745,40.871705294158552],[-73.831627401736398,40.871947294466509],[-73.831452401834227,40.872416293976656],[-73.832145402668573,40.872785293632788],[-73.832535403554232,40.872859293702845],[-73.833439402479158,40.871832293857821]]]},"properties":{"OBJECTID":162743,"GEOID20":"360050462019","GEOID10":"360050462019","STATEFP":"36","COUNTYFP":"005","D1C":2.2975727017483658,"D1C5_RET":1.115963883706349,"D2B_E5MIXA":0.43042291746215211,"D3A":17.84912184094496,"D3AAO":0,"D3B":126.0802866824566,"D4A":846.25,"D4C":66,"D4D":2772.8420263399998,"D5AR":520772,"D5BR":234741}},{"type":"Feature","id":162744,"geometry":{"type":"Polygon","coordinates":[[[-73.83660740475338,40.879429294649412],[-73.83753840523913,40.879128294385275],[-73.836163404339374,40.876784294698815],[-73.835406403930918,40.875131293344538],[-73.835268403838654,40.874288293962692],[-73.835502403292068,40.873961293312028],[-73.835819403484479,40.873806293025197],[-73.834905402717183,40.871920292977059],[-73.837403404621583,40.871117292857313],[-73.835659403650908,40.867521293573212],[-73.833161403543116,40.868328292982312],[-73.833386402775702,40.868955293305135],[-73.83363240372131,40.870154293539031],[-73.834495402638353,40.87256629396898],[-73.834882403150957,40.874437293922931],[-73.834882403150957,40.87551329426163],[-73.834790403089457,40.876087294062721],[-73.834503403932601,40.87723529571474],[-73.834001403792257,40.878396294642727],[-73.834822403774822,40.87806529466058],[-73.83574340421481,40.879709295308992],[-73.83660740475338,40.879429294649412]]]},"properties":{"OBJECTID":162744,"GEOID20":"360050462023","GEOID10":"360050462023","STATEFP":"36","COUNTYFP":"005","D1C":6.8726740727051139,"D1C5_RET":0.22433060771441024,"D2B_E5MIXA":0.26938435391819787,"D3A":38.146149990077774,"D3AAO":9.2103458434270831,"D3B":121.8400711571793,"D4A":653.13,"D4C":100,"D4D":1305.19626307,"D5AR":578839,"D5BR":2396611}},{"type":"Feature","id":162956,"geometry":{"type":"Polygon","coordinates":[[[-73.901081424072515,40.862764289933295],[-73.899963423090725,40.862359289074007],[-73.899619423134126,40.862167289617993],[-73.898388423072731,40.862352290090818],[-73.898041423641416,40.862839290374218],[-73.90027742380839,40.863796290609599],[-73.901081424072515,40.862764289933295]]]},"properties":{"OBJECTID":162956,"GEOID20":"360050401003","GEOID10":"360050401003","STATEFP":"36","COUNTYFP":"005","D1C":142.92271636920461,"D1C5_RET":34.345769049963899,"D2B_E5MIXA":0.58952626556078402,"D3A":13.503336173718573,"D3AAO":0,"D3B":168.86089439643081,"D4A":277.61000000000001,"D4C":133.66999999999999,"D4D":13540.273397700001,"D5AR":660060,"D5BR":2456764}},{"type":"Feature","id":162957,"geometry":{"type":"Polygon","coordinates":[[[-73.863447412542754,40.867829291350638],[-73.863521412162612,40.865516291101301],[-73.861563410931666,40.865558291135216],[-73.861499412255867,40.867790291978146],[-73.863447412542754,40.867829291350638]]]},"properties":{"OBJECTID":162957,"GEOID20":"360050340004","GEOID10":"360050340004","STATEFP":"36","COUNTYFP":"005","D1C":13.598277642153844,"D1C5_RET":2.622524973843956,"D2B_E5MIXA":0.46475084792195276,"D3A":22.954576567859384,"D3AAO":0,"D3B":62.163554935560434,"D4A":136.78999999999999,"D4C":58.670000000000002,"D4D":3647.1357680699998,"D5AR":599627,"D5BR":2457583}},{"type":"Feature","id":162958,"geometry":{"type":"Polygon","coordinates":[[[-73.895778422811958,40.864235290179906],[-73.894592422058111,40.863972290389079],[-73.894324421371195,40.864298290080598],[-73.8941774219564,40.863192289832377],[-73.894046422435153,40.863196289297775],[-73.893829422700179,40.86337228931292],[-73.892761421048775,40.865029290121939],[-73.893460421730921,40.865352290034537],[-73.893717422547184,40.865301289831308],[-73.893856421566042,40.86574629028113],[-73.894377422871258,40.866075290729114],[-73.895778422811958,40.864235290179906]]]},"properties":{"OBJECTID":162958,"GEOID20":"360050399014","GEOID10":"360050399014","STATEFP":"36","COUNTYFP":"005","D1C":393.00558550537039,"D1C5_RET":3.1799595209858622,"D2B_E5MIXA":0.068831148751340443,"D3A":62.552635523310244,"D3AAO":0,"D3B":607.64514932169629,"D4A":244.08000000000001,"D4C":149,"D4D":10444.010525899999,"D5AR":585396,"D5BR":2596712}},{"type":"Feature","id":162959,"geometry":{"type":"Polygon","coordinates":[[[-73.895885422043762,40.862266289905946],[-73.896426422542163,40.86100529001375],[-73.895377422055645,40.860752289677656],[-73.89482642151151,40.862073289447864],[-73.895885422043762,40.862266289905946]]]},"properties":{"OBJECTID":162959,"GEOID20":"360050399024","GEOID10":"360050399024","STATEFP":"36","COUNTYFP":"005","D1C":34.696426676245601,"D1C5_RET":31.780760568998073,"D2B_E5MIXA":0.196236135739877,"D3A":49.074932497698207,"D3AAO":0,"D3B":0,"D4A":181.05000000000001,"D4C":140.33000000000001,"D4D":26185.947189099999,"D5AR":638231,"D5BR":2602176}},{"type":"Feature","id":162960,"geometry":{"type":"Polygon","coordinates":[[[-73.898041423641416,40.862839290374218],[-73.898388423072731,40.862352290090818],[-73.897069423147812,40.862542289597862],[-73.895778422811958,40.864235290179906],[-73.896833423146262,40.864683289681558],[-73.898041423641416,40.862839290374218]]]},"properties":{"OBJECTID":162960,"GEOID20":"360050401005","GEOID10":"360050401005","STATEFP":"36","COUNTYFP":"005","D1C":65.128633301987691,"D1C5_RET":32.989438278291416,"D2B_E5MIXA":0.66701674905813357,"D3A":42.025544079156177,"D3AAO":0,"D3B":108.46082564447761,"D4A":160.93000000000001,"D4C":124.67,"D4D":13521.8111331,"D5AR":629337,"D5BR":2597811}},{"type":"Feature","id":162961,"geometry":{"type":"Polygon","coordinates":[[[-73.896562422086305,40.868573291232245],[-73.897404423781865,40.867482291302018],[-73.896314423287492,40.86704629009246],[-73.894964422502085,40.868757290841295],[-73.896038423102965,40.869238291228925],[-73.896562422086305,40.868573291232245]]]},"properties":{"OBJECTID":162961,"GEOID20":"360050403041","GEOID10":"360050403041","STATEFP":"36","COUNTYFP":"005","D1C":32.796735585554217,"D1C5_RET":17.606668577508053,"D2B_E5MIXA":0.59532051037541867,"D3A":27.013464546868502,"D3AAO":0,"D3B":73.685634140849388,"D4A":158.25,"D4C":110.33,"D4D":12188.5097673,"D5AR":651363,"D5BR":2911303}},{"type":"Feature","id":162962,"geometry":{"type":"Polygon","coordinates":[[[-73.896314423287492,40.86704629009246],[-73.895444422002797,40.866610289408889],[-73.894154421491876,40.86839429090039],[-73.894964422502085,40.868757290841295],[-73.896314423287492,40.86704629009246]]]},"properties":{"OBJECTID":162962,"GEOID20":"360050403042","GEOID10":"360050403042","STATEFP":"36","COUNTYFP":"005","D1C":10.616215176728893,"D1C5_RET":5.4164363146575987,"D2B_E5MIXA":0.64149077850583491,"D3A":32.115180420247555,"D3AAO":0,"D3B":0,"D4A":230.66999999999999,"D4C":101.67,"D4D":14097.6404508,"D5AR":591488,"D5BR":2856881}},{"type":"Feature","id":162977,"geometry":{"type":"Polygon","coordinates":[[[-73.89131342125242,40.864140290205476],[-73.890162420658655,40.863485290284359],[-73.888897420262083,40.86476229003754],[-73.89005542052854,40.865310290549381],[-73.89131342125242,40.864140290205476]]]},"properties":{"OBJECTID":162977,"GEOID20":"360050405021","GEOID10":"360050405021","STATEFP":"36","COUNTYFP":"005","D1C":3.7823772236869422,"D1C5_RET":0,"D2B_E5MIXA":0.51238964696641365,"D3A":21.648959305737993,"D3AAO":0,"D3B":0,"D4A":367.47000000000003,"D4C":149,"D4D":18983.552213200001,"D5AR":616072,"D5BR":2286165}},{"type":"Feature","id":162978,"geometry":{"type":"Polygon","coordinates":[[[-73.894154421491876,40.86839429090039],[-73.89299742194865,40.867890290619144],[-73.89173842139985,40.869519291458403],[-73.890977420793433,40.870167291283231],[-73.891931421743706,40.870737290874466],[-73.894154421491876,40.86839429090039]]]},"properties":{"OBJECTID":162978,"GEOID20":"360050403031","GEOID10":"360050403031","STATEFP":"36","COUNTYFP":"005","D1C":33.433310707603155,"D1C5_RET":0.75698061979478837,"D2B_E5MIXA":0.57197598986310427,"D3A":47.228075227756918,"D3AAO":0,"D3B":269.2024945488879,"D4A":189.09999999999999,"D4C":169.33000000000001,"D4D":13672.483023999999,"D5AR":600721,"D5BR":2665323}},{"type":"Feature","id":162979,"geometry":{"type":"Polygon","coordinates":[[[-73.894964422502085,40.868757290841295],[-73.894154421491876,40.86839429090039],[-73.891931421743706,40.870737290874466],[-73.893072423190034,40.87140429137915],[-73.893915422015581,40.87097729080741],[-73.893262422262509,40.87061729126102],[-73.894964422502085,40.868757290841295]]]},"properties":{"OBJECTID":162979,"GEOID20":"360050403032","GEOID10":"360050403032","STATEFP":"36","COUNTYFP":"005","D1C":5.4925593972406377,"D1C5_RET":3.3491215836833157,"D2B_E5MIXA":0.62525966641144037,"D3A":38.036975834413518,"D3AAO":0,"D3B":200.11135427371158,"D4A":131.43000000000001,"D4C":169,"D4D":14489.639619600001,"D5AR":609913,"D5BR":2901061}},{"type":"Feature","id":162980,"geometry":{"type":"Polygon","coordinates":[[[-73.896038423102965,40.869238291228925],[-73.894964422502085,40.868757290841295],[-73.893262422262509,40.87061729126102],[-73.893915422015581,40.87097729080741],[-73.895003422860157,40.870369291280213],[-73.896038423102965,40.869238291228925]]]},"properties":{"OBJECTID":162980,"GEOID20":"360050403033","GEOID10":"360050403033","STATEFP":"36","COUNTYFP":"005","D1C":4.1648416117142517,"D1C5_RET":0,"D2B_E5MIXA":0.26783953516841708,"D3A":20.015464999194851,"D3AAO":0,"D3B":0,"D4A":174.34999999999999,"D4C":101.67,"D4D":10423.1248409,"D5AR":609164,"D5BR":2901095}},{"type":"Feature","id":162981,"geometry":{"type":"Polygon","coordinates":[[[-73.85393640964061,40.887395296009579],[-73.854324410876444,40.886690296242719],[-73.851495409434236,40.885785295936763],[-73.850272408870453,40.887889295147929],[-73.853154410016117,40.88880829640668],[-73.85393640964061,40.887395296009579]]]},"properties":{"OBJECTID":162981,"GEOID20":"360050404003","GEOID10":"360050404003","STATEFP":"36","COUNTYFP":"005","D1C":10.02750647718022,"D1C5_RET":0.1208133310503641,"D2B_E5MIXA":0.2110493648919706,"D3A":31.738793975387757,"D3AAO":0,"D3B":77.320531872233019,"D4A":359.42000000000002,"D4C":12.67,"D4D":489.825569411,"D5AR":455296,"D5BR":2822594}},{"type":"Feature","id":162982,"geometry":{"type":"Polygon","coordinates":[[[-73.89127942181554,40.868024291265094],[-73.891815421392735,40.867432290673349],[-73.891110420862816,40.867040290224033],[-73.889806421006512,40.868376290980656],[-73.890547420623122,40.868814290808437],[-73.89127942181554,40.868024291265094]]]},"properties":{"OBJECTID":162982,"GEOID20":"360050405012","GEOID10":"360050405012","STATEFP":"36","COUNTYFP":"005","D1C":1.7050535314344097,"D1C5_RET":0,"D2B_E5MIXA":0.27994941922604499,"D3A":41.010020356359981,"D3AAO":0,"D3B":181.87237668633702,"D4A":148.86000000000001,"D4C":73,"D4D":13276.683498099999,"D5AR":613048,"D5BR":2610860}},{"type":"Feature","id":162983,"geometry":{"type":"Polygon","coordinates":[[[-73.892133421410051,40.864641289772074],[-73.89131342125242,40.864140290205476],[-73.89005542052854,40.865310290549381],[-73.88921842065244,40.865817290755601],[-73.890361420850283,40.866621290597259],[-73.892133421410051,40.864641289772074]]]},"properties":{"OBJECTID":162983,"GEOID20":"360050405022","GEOID10":"360050405022","STATEFP":"36","COUNTYFP":"005","D1C":2.2470541681618941,"D1C5_RET":1.1984288896863435,"D2B_E5MIXA":0.62730829836554991,"D3A":14.080483377668921,"D3AAO":0,"D3B":63.948165553663287,"D4A":313.81999999999999,"D4C":134,"D4D":12847.1576974,"D5AR":598204,"D5BR":2597514}},{"type":"Feature","id":162984,"geometry":{"type":"Polygon","coordinates":[[[-73.888897420262083,40.86476229003754],[-73.888123419236877,40.864263290067704],[-73.886834420347483,40.865398290863553],[-73.885938419123534,40.865932290262357],[-73.886462420801806,40.866642290267137],[-73.88759442023067,40.865916290342938],[-73.888897420262083,40.86476229003754]]]},"properties":{"OBJECTID":162984,"GEOID20":"360050405024","GEOID10":"360050405024","STATEFP":"36","COUNTYFP":"005","D1C":25.372166414191209,"D1C5_RET":1.0081655528817699,"D2B_E5MIXA":0.74606391041545028,"D3A":33.528023408314375,"D3AAO":0,"D3B":71.727618535694987,"D4A":92.540000000000006,"D4C":74,"D4D":7957.7867640799996,"D5AR":615882,"D5BR":2285617}},{"type":"Feature","id":162985,"geometry":{"type":"Polygon","coordinates":[[[-73.889741420709171,40.867243290904092],[-73.890361420850283,40.866621290597259],[-73.88921842065244,40.865817290755601],[-73.888360419961643,40.866335290354328],[-73.888883420018374,40.866759291023307],[-73.889741420709171,40.867243290904092]]]},"properties":{"OBJECTID":162985,"GEOID20":"360050405025","GEOID10":"360050405025","STATEFP":"36","COUNTYFP":"005","D1C":0.30716846731381947,"D1C5_RET":0,"D2B_E5MIXA":0,"D3A":28.504514699156019,"D3AAO":0,"D3B":0,"D4A":245.41999999999999,"D4C":85,"D4D":16709.964621899999,"D5AR":596639,"D5BR":2610025}},{"type":"Feature","id":162986,"geometry":{"type":"Polygon","coordinates":[[[-73.860453412142434,40.88781229590839],[-73.860863412221264,40.887105295121934],[-73.857987410923371,40.886199296048673],[-73.856809411463757,40.888311297009203],[-73.859685412761621,40.889231296124692],[-73.860453412142434,40.88781229590839]]]},"properties":{"OBJECTID":162986,"GEOID20":"360050406003","GEOID10":"360050406003","STATEFP":"36","COUNTYFP":"005","D1C":11.523396797164169,"D1C5_RET":1.6892937713120248,"D2B_E5MIXA":0.71015972818270767,"D3A":33.955682219766004,"D3AAO":0,"D3B":77.22485811712113,"D4A":317.85000000000002,"D4C":42.329999999999998,"D4D":1634.46412205,"D5AR":468833,"D5BR":3469544}},{"type":"Feature","id":162987,"geometry":{"type":"Polygon","coordinates":[[[-73.890988420664087,40.871772291334509],[-73.891103421190124,40.871182291476458],[-73.890423419876242,40.870499291961224],[-73.888674419780997,40.871505290586697],[-73.889805420283281,40.872409291980702],[-73.889980421083777,40.872132292073111],[-73.890302420400744,40.871902291977996],[-73.890988420664087,40.871772291334509]]]},"properties":{"OBJECTID":162987,"GEOID20":"360050407013","GEOID10":"360050407013","STATEFP":"36","COUNTYFP":"005","D1C":7.5785478592875863,"D1C5_RET":0.55452789214299414,"D2B_E5MIXA":0.43774779037470574,"D3A":35.425527222980755,"D3AAO":0,"D3B":157.81124439866755,"D4A":173,"D4C":149.66999999999999,"D4D":17705.853784999999,"D5AR":586760,"D5BR":2654119}},{"type":"Feature","id":162988,"geometry":{"type":"Polygon","coordinates":[[[-73.889893421045144,40.869530291484239],[-73.889129420963982,40.869071290706472],[-73.887158420212586,40.870235291303956],[-73.886251419117983,40.869483291546395],[-73.88551841899897,40.870193291519172],[-73.88691741928983,40.871352291168819],[-73.887787420574526,40.870749291299326],[-73.889893421045144,40.869530291484239]]]},"properties":{"OBJECTID":162988,"GEOID20":"360050407024","GEOID10":"360050407024","STATEFP":"36","COUNTYFP":"005","D1C":22.789960815079496,"D1C5_RET":4.9493349244869611,"D2B_E5MIXA":0.63099474740095562,"D3A":35.581136656960865,"D3AAO":0,"D3B":0,"D4A":116.68000000000001,"D4C":104.67,"D4D":7710.4652881299999,"D5AR":615843,"D5BR":2654463}},{"type":"Feature","id":162989,"geometry":{"type":"Polygon","coordinates":[[[-73.863045412859847,40.891124296680843],[-73.863864414090898,40.889758295324839],[-73.862949413498683,40.889436295952834],[-73.861789412684104,40.891558296293979],[-73.862653413222688,40.891830297025656],[-73.863045412859847,40.891124296680843]]]},"properties":{"OBJECTID":162989,"GEOID20":"360050408003","GEOID10":"360050408003","STATEFP":"36","COUNTYFP":"005","D1C":1.1748435911146424,"D1C5_RET":0,"D2B_E5MIXA":0,"D3A":32.377277903770583,"D3AAO":0,"D3B":83.586205362503094,"D4A":406.36000000000001,"D4C":48.329999999999998,"D4D":6056.5536809100004,"D5AR":544580,"D5BR":3337150}},{"type":"Feature","id":162990,"geometry":{"type":"Polygon","coordinates":[[[-73.863864414090898,40.889758295324839],[-73.864601414407872,40.888308296001284],[-73.863729412575069,40.888025295385091],[-73.863337412937895,40.888728295210328],[-73.860453412142434,40.88781229590839],[-73.860082412421662,40.888519296611392],[-73.86108741252724,40.888840295364069],[-73.86069141269212,40.889550295542691],[-73.862555413313402,40.890143296281657],[-73.862949413498683,40.889436295952834],[-73.863864414090898,40.889758295324839]]]},"properties":{"OBJECTID":162990,"GEOID20":"360050408004","GEOID10":"360050408004","STATEFP":"36","COUNTYFP":"005","D1C":0.63516354969152811,"D1C5_RET":0.15879088742288203,"D2B_E5MIXA":0.559360534701831,"D3A":25.453213451015863,"D3AAO":0,"D3B":84.705410986862177,"D4A":254.81,"D4C":42,"D4D":2134.14952696,"D5AR":480260,"D5BR":3476805}},{"type":"Feature","id":162991,"geometry":{"type":"Polygon","coordinates":[[[-73.894851421625873,40.870459290838305],[-73.892547422585167,40.871651291650572],[-73.891712421460582,40.871814292155527],[-73.890678420144383,40.871788291876832],[-73.890302420400744,40.871902291977996],[-73.889980421083777,40.872132292073111],[-73.887737421244125,40.877042292015958],[-73.88565741981445,40.878898292784783],[-73.885937420196939,40.880489293520668],[-73.887197420570644,40.880072293663545],[-73.889115421618598,40.878428292521789],[-73.88965942159173,40.876983292004688],[-73.894851421625873,40.870459290838305]]]},"properties":{"OBJECTID":162991,"GEOID20":"360050409002","GEOID10":"360050409002","STATEFP":"36","COUNTYFP":"005","D1C":1.1652806611739321,"D1C5_RET":0.15035879499018479,"D2B_E5MIXA":0.5124845357367005,"D3A":19.259249299956405,"D3AAO":0,"D3B":108.30644720732991,"D4A":337.95999999999998,"D4C":168.66999999999999,"D4D":2028.88143608,"D5AR":549809,"D5BR":2589714}},{"type":"Feature","id":162992,"geometry":{"type":"Polygon","coordinates":[[[-73.887787420574526,40.872211291694043],[-73.887852420871852,40.872129291690136],[-73.88691741928983,40.871352291168819],[-73.885615419981661,40.872277292534676],[-73.885332420124442,40.872947291457088],[-73.887090420440515,40.873384291733096],[-73.887378420320616,40.872731291326389],[-73.887787420574526,40.872211291694043]]]},"properties":{"OBJECTID":162992,"GEOID20":"360050413007","GEOID10":"360050413007","STATEFP":"36","COUNTYFP":"005","D1C":4.2202773777306515,"D1C5_RET":0,"D2B_E5MIXA":0.5529399584156921,"D3A":47.039303995804552,"D3AAO":0,"D3B":192.9269658391155,"D4A":114,"D4C":144.66999999999999,"D4D":13955.372074000001,"D5AR":573654,"D5BR":2586437}},{"type":"Feature","id":162993,"geometry":{"type":"Polygon","coordinates":[[[-73.854054411438028,40.903202298784478],[-73.851552410233964,40.90205329863911],[-73.849858411288622,40.904095299365643],[-73.849391410410064,40.905743299998726],[-73.849928409812193,40.905886299331407],[-73.851384410004471,40.903899299014917],[-73.85292541058557,40.904608299085787],[-73.854054411438028,40.903202298784478]]]},"properties":{"OBJECTID":162993,"GEOID20":"360050414002","GEOID10":"360050414002","STATEFP":"36","COUNTYFP":"005","D1C":6.2152070221798477,"D1C5_RET":0.66375997324250802,"D2B_E5MIXA":0.81697846611321379,"D3A":24.329291068775152,"D3AAO":0,"D3B":64.377476386633361,"D4A":139.47999999999999,"D4C":46.329999999999998,"D4D":1789.2072471500001,"D5AR":533588,"D5BR":3528414}},{"type":"Feature","id":162994,"geometry":{"type":"Polygon","coordinates":[[[-73.85944641238703,40.895802296523435],[-73.859835412549458,40.895093297120773],[-73.856957412500066,40.894176296731303],[-73.856562412489865,40.894881297545687],[-73.85944641238703,40.895802296523435]]]},"properties":{"OBJECTID":162994,"GEOID20":"360050418004","GEOID10":"360050418004","STATEFP":"36","COUNTYFP":"005","D1C":6.3140489230189898,"D1C5_RET":4.5100349450135644,"D2B_E5MIXA":0.55451419227631771,"D3A":31.377127867851925,"D3AAO":0,"D3B":0,"D4A":399.64999999999998,"D4C":60.329999999999998,"D4D":6965.5144507599998,"D5AR":484176,"D5BR":3595011}},{"type":"Feature","id":162995,"geometry":{"type":"Polygon","coordinates":[[[-73.859946412877534,40.900569298179917],[-73.860007412976913,40.900573298103261],[-73.8586274129526,40.900144297983957],[-73.856998411609652,40.899512298239266],[-73.85292541058557,40.904608299085787],[-73.85150741092643,40.90665329985633],[-73.852602411443698,40.906985299474037],[-73.853529411731458,40.907473300066265],[-73.852370411640109,40.908888300083149],[-73.852079411386967,40.908895300256482],[-73.851124411510099,40.91001730081144],[-73.851380411603131,40.910052300394277],[-73.852185410793865,40.909523299893713],[-73.852679411436583,40.909907299868344],[-73.852936412252859,40.909927300053397],[-73.85399841136153,40.909284299899113],[-73.854343412041331,40.9089822996335],[-73.854882412889907,40.908225299314971],[-73.85380541101766,40.907689300191393],[-73.853803411367849,40.907187300487138],[-73.85410541238997,40.906687299803806],[-73.854705412439586,40.906586299289678],[-73.855688411905547,40.9060682996396],[-73.856109412753341,40.906068298960648],[-73.85632541176507,40.90617429923757],[-73.856327412313235,40.905809299311343],[-73.856119412799075,40.905176299301921],[-73.856698412932303,40.904918298959778],[-73.857322412373051,40.905025299126486],[-73.857588411613506,40.904677298438791],[-73.857005412180641,40.904386299202983],[-73.857001411982694,40.903587298907162],[-73.857200412174308,40.902886299000137],[-73.858201412980236,40.902387299190423],[-73.858303412189187,40.902085298659287],[-73.859098413130795,40.902479298232883],[-73.859605413293991,40.902186297899981],[-73.85900441341947,40.901486298217812],[-73.859405412379147,40.90138629872542],[-73.859205412362599,40.900886298995538],[-73.859311413566118,40.900487298679025],[-73.859946412877534,40.900569298179917]]]},"properties":{"OBJECTID":162995,"GEOID20":"360050414004","GEOID10":"360050414004","STATEFP":"36","COUNTYFP":"005","D1C":7.0513435770493409,"D1C5_RET":0,"D2B_E5MIXA":0.20086753676661101,"D3A":21.236159988943896,"D3AAO":0.59022994846259857,"D3B":62.440378841947947,"D4A":386.24000000000001,"D4C":75.670000000000002,"D4D":708.48155150299999,"D5AR":501463,"D5BR":3482868}},{"type":"Feature","id":162996,"geometry":{"type":"Polygon","coordinates":[[[-73.884498418824776,40.871992291490173],[-73.88378241842419,40.87139029124814],[-73.883259419265784,40.870601291794266],[-73.882221417751609,40.87123529105579],[-73.882471417996868,40.872136292357126],[-73.882958418068583,40.87306029239253],[-73.884498418824776,40.871992291490173]]]},"properties":{"OBJECTID":162996,"GEOID20":"360050415004","GEOID10":"360050415004","STATEFP":"36","COUNTYFP":"005","D1C":26.026328832553421,"D1C5_RET":0,"D2B_E5MIXA":0.021983030723082608,"D3A":31.883681596214068,"D3AAO":0,"D3B":0,"D4A":0,"D4C":100.33,"D4D":9604.49313755,"D5AR":587957,"D5BR":2581395}},{"type":"Feature","id":162997,"geometry":{"type":"Polygon","coordinates":[[[-73.88424041908192,40.86801429027318],[-73.883626418788594,40.867266291005492],[-73.881470418089236,40.868581290871425],[-73.881977419150772,40.870395290757521],[-73.882820418874644,40.869879291540187],[-73.882380418658599,40.869160292082725],[-73.88424041908192,40.86801429027318]]]},"properties":{"OBJECTID":162997,"GEOID20":"360050415006","GEOID10":"360050415006","STATEFP":"36","COUNTYFP":"005","D1C":6.4550747389855028,"D1C5_RET":3.7439433486115914,"D2B_E5MIXA":0.7273316982785899,"D3A":39.268238581531961,"D3AAO":0,"D3B":192.8466488421397,"D4A":154.22999999999999,"D4C":32.670000000000002,"D4D":2699.3573340500002,"D5AR":630186,"D5BR":2472116}},{"type":"Feature","id":162998,"geometry":{"type":"Polygon","coordinates":[[[-73.880428414580493,40.825788283669041],[-73.87993141446303,40.82364928214708],[-73.878065413293612,40.82384228236571],[-73.878578414202892,40.82603828316747],[-73.880428414580493,40.825788283669041]]]},"properties":{"OBJECTID":162998,"GEOID20":"360050050011","GEOID10":"360050050011","STATEFP":"36","COUNTYFP":"005","D1C":0.31120767124419957,"D1C5_RET":0,"D2B_E5MIXA":0,"D3A":41.847461361817146,"D3AAO":0,"D3B":88.565553800482618,"D4A":532.41999999999996,"D4C":59.329999999999998,"D4D":3938.9762421199998,"D5AR":793846,"D5BR":1229885}},{"type":"Feature","id":163178,"geometry":{"type":"Polygon","coordinates":[[[-73.92270743028979,40.852487287195402],[-73.922979430276342,40.852030286937364],[-73.922608429657259,40.851889285778327],[-73.921955430802527,40.852548286325316],[-73.921335428864779,40.852348286729374],[-73.920814430254495,40.852028286527862],[-73.919596429713593,40.853347286640542],[-73.921137430294678,40.854223287183103],[-73.921216429039092,40.854701287321454],[-73.922200430126594,40.853120286416868],[-73.92270743028979,40.852487287195402]]]},"properties":{"OBJECTID":163178,"GEOID20":"360050053002","GEOID10":"360050053002","STATEFP":"36","COUNTYFP":"005","D1C":7.0979703476169789,"D1C5_RET":0,"D2B_E5MIXA":0,"D3A":51.476729249544128,"D3AAO":17.248065976649027,"D3B":391.76880676716587,"D4A":164.96000000000001,"D4C":23.329999999999998,"D4D":1827.26234744,"D5AR":898648,"D5BR":869824}},{"type":"Feature","id":163179,"geometry":{"type":"Polygon","coordinates":[[[-73.881047414896699,40.828440283589494],[-73.880428414580493,40.825788283669041],[-73.879502415015949,40.825913283196144],[-73.880113414936233,40.82851928434048],[-73.881047414896699,40.828440283589494]]]},"properties":{"OBJECTID":163179,"GEOID20":"360050050022","GEOID10":"360050050022","STATEFP":"36","COUNTYFP":"005","D1C":2.7564221578371773,"D1C5_RET":0.51682915459447076,"D2B_E5MIXA":0.79658011666563111,"D3A":31.45706680262213,"D3AAO":0,"D3B":0,"D4A":351.37,"D4C":59,"D4D":6505.1562924999998,"D5AR":754446,"D5BR":1108713}},{"type":"Feature","id":163180,"geometry":{"type":"Polygon","coordinates":[[[-73.877300413387545,40.828750284051914],[-73.876726414175494,40.826286282576135],[-73.87580341318737,40.826410283292212],[-73.876403413237,40.828985283809509],[-73.877300413387545,40.828750284051914]]]},"properties":{"OBJECTID":163180,"GEOID20":"360050050024","GEOID10":"360050050024","STATEFP":"36","COUNTYFP":"005","D1C":9.1857302238567868,"D1C5_RET":3.4221347892799794,"D2B_E5MIXA":0.66818165634981164,"D3A":22.233402328566196,"D3AAO":0,"D3B":0,"D4A":344.67000000000002,"D4C":50,"D4D":5763.5954345800001,"D5AR":769386,"D5BR":1067375}},{"type":"Feature","id":163181,"geometry":{"type":"Polygon","coordinates":[[[-73.923648429922963,40.850910285306504],[-73.923905430739211,40.850496286023102],[-73.922421430059515,40.850131286094708],[-73.920814430254495,40.852028286527862],[-73.921335428864779,40.852348286729374],[-73.921955430802527,40.852548286325316],[-73.922608429657259,40.851889285778327],[-73.922979430276342,40.852030286937364],[-73.923648429922963,40.850910285306504]]]},"properties":{"OBJECTID":163181,"GEOID20":"360050053001","GEOID10":"360050053001","STATEFP":"36","COUNTYFP":"005","D1C":11.18365297870384,"D1C5_RET":1.3668909196193584,"D2B_E5MIXA":0.53159351401548705,"D3A":53.987478054083596,"D3AAO":34.662251027476955,"D3B":0,"D4A":422.44999999999999,"D4C":44.670000000000002,"D4D":3243.0005759400001,"D5AR":879077,"D5BR":976241}},{"type":"Feature","id":163182,"geometry":{"type":"Polygon","coordinates":[[[-73.879838414576611,40.83370728457669],[-73.880249415378657,40.833195284260093],[-73.879770415702851,40.83114728423638],[-73.878846414889836,40.831273283695779],[-73.879369415844877,40.833491284935924],[-73.879838414576611,40.83370728457669]]]},"properties":{"OBJECTID":163182,"GEOID20":"360050056002","GEOID10":"360050056002","STATEFP":"36","COUNTYFP":"005","D1C":32.29364087801526,"D1C5_RET":0,"D2B_E5MIXA":0.071245545613802377,"D3A":15.05704419506346,"D3AAO":0,"D3B":0,"D4A":274.93000000000001,"D4C":63.329999999999998,"D4D":7981.0976655799996,"D5AR":882681,"D5BR":1444435}},{"type":"Feature","id":163183,"geometry":{"type":"Polygon","coordinates":[[[-73.882355416747586,40.831513283880902],[-73.88070041546537,40.83105328491532],[-73.879770415702851,40.83114728423638],[-73.880249415378657,40.833195284260093],[-73.879838414576611,40.83370728457669],[-73.879369415844877,40.833491284935924],[-73.877433415253563,40.833768284001678],[-73.879984415963108,40.834688284567655],[-73.882355416747586,40.831513283880902]]]},"properties":{"OBJECTID":163183,"GEOID20":"360050056003","GEOID10":"360050056003","STATEFP":"36","COUNTYFP":"005","D1C":3.2609183135831956,"D1C5_RET":1.6666915824980777,"D2B_E5MIXA":0.76380250061343258,"D3A":25.238274839781912,"D3AAO":0,"D3B":216.49019289324593,"D4A":244.08000000000001,"D4C":74.329999999999998,"D4D":3447.2399395399998,"D5AR":920994,"D5BR":2068796}},{"type":"Feature","id":163184,"geometry":{"type":"Polygon","coordinates":[[[-73.92515042924768,40.821902280942531],[-73.925646429540222,40.821139279869897],[-73.92464542873428,40.821029280755496],[-73.922275428673032,40.824978280832923],[-73.923474428947358,40.825433281524866],[-73.924305428975671,40.823917281319979],[-73.924738429519024,40.822649281223846],[-73.92515042924768,40.821902280942531]]]},"properties":{"OBJECTID":163184,"GEOID20":"360050059022","GEOID10":"360050059022","STATEFP":"36","COUNTYFP":"005","D1C":7.5351175007385276,"D1C5_RET":2.4831637218342877,"D2B_E5MIXA":0.82393850215264364,"D3A":24.408914114307269,"D3AAO":0,"D3B":163.56741569206159,"D4A":91.200000000000003,"D4C":153.66999999999999,"D4D":8375.6763643400009,"D5AR":894929,"D5BR":2206161}},{"type":"Feature","id":163185,"geometry":{"type":"Polygon","coordinates":[[[-73.926879429251414,40.81948728008534],[-73.927314430342918,40.818568280065804],[-73.925186429232681,40.818021280501036],[-73.924026428418088,40.819293280091706],[-73.922653428066496,40.820502280428165],[-73.921949429158104,40.821040279995302],[-73.920666427421551,40.821845281400066],[-73.920064428620421,40.822675281075739],[-73.92307442891429,40.823632280899837],[-73.92464542873428,40.821029280755496],[-73.925646429540222,40.821139279869897],[-73.926322429757832,40.820576280440427],[-73.926879429251414,40.81948728008534]]]},"properties":{"OBJECTID":163185,"GEOID20":"360050061003","GEOID10":"360050061003","STATEFP":"36","COUNTYFP":"005","D1C":16.923999229044249,"D1C5_RET":0.081105427615228029,"D2B_E5MIXA":0.19880663168360271,"D3A":21.015986539066482,"D3AAO":0.021098736263177115,"D3B":86.529758614134465,"D4A":198.49000000000001,"D4C":117.67,"D4D":2035.9841424000001,"D5AR":905543,"D5BR":2495986}},{"type":"Feature","id":163186,"geometry":{"type":"Polygon","coordinates":[[[-73.87925341549392,40.834432284273738],[-73.877721415133649,40.833876284818167],[-73.876174413806453,40.835874284840273],[-73.87630741387585,40.835944285620158],[-73.876126414125878,40.836191284237721],[-73.876624414966571,40.836222285754772],[-73.877526415139982,40.835895284742186],[-73.878410414871738,40.83530028517206],[-73.87925341549392,40.834432284273738]]]},"properties":{"OBJECTID":163186,"GEOID20":"360050062002","GEOID10":"360050062002","STATEFP":"36","COUNTYFP":"005","D1C":1.5201694948448901,"D1C5_RET":0,"D2B_E5MIXA":0,"D3A":10.013979528182688,"D3AAO":0,"D3B":54.07749616328222,"D4A":173,"D4C":21.329999999999998,"D4D":1729.34481734,"D5AR":938491,"D5BR":2345258}},{"type":"Feature","id":163187,"geometry":{"type":"Polygon","coordinates":[[[-73.876068414399569,40.831646284192786],[-73.875508413634591,40.829242284612732],[-73.874548413734857,40.829530284308142],[-73.875144413586511,40.831772284063341],[-73.876068414399569,40.831646284192786]]]},"properties":{"OBJECTID":163187,"GEOID20":"360050062004","GEOID10":"360050062004","STATEFP":"36","COUNTYFP":"005","D1C":10.295663565718877,"D1C5_RET":5.054234841352903,"D2B_E5MIXA":0.81004783411042314,"D3A":45.312813949477444,"D3AAO":0,"D3B":239.6081702567302,"D4A":308.45999999999998,"D4C":63.329999999999998,"D4D":7587.1927111799996,"D5AR":799802,"D5BR":1050716}},{"type":"Feature","id":163188,"geometry":{"type":"Polygon","coordinates":[[[-73.931144430794433,40.828324282333455],[-73.930941432201479,40.827370281252975],[-73.930989430983743,40.826573280926098],[-73.930500431262189,40.826951280869729],[-73.929753430899481,40.826593281146131],[-73.927154430509376,40.825732280590564],[-73.922218428771615,40.834171283338669],[-73.923181429942716,40.834525283772713],[-73.922373428582318,40.83611728329835],[-73.92396842959009,40.835090283968874],[-73.924395429387346,40.834492282562209],[-73.925365429332828,40.832633283000597],[-73.927265429939126,40.830573281705625],[-73.928757431014745,40.829194282049571],[-73.929773430990963,40.828688281492383],[-73.931144430794433,40.828324282333455]]]},"properties":{"OBJECTID":163188,"GEOID20":"360050063001","GEOID10":"360050063001","STATEFP":"36","COUNTYFP":"005","D1C":17.347469433151506,"D1C5_RET":0,"D2B_E5MIXA":0.38818911996501021,"D3A":43.200016242015487,"D3AAO":3.7319586766772241,"D3B":301.28454817063232,"D4A":364.77999999999997,"D4C":127.33,"D4D":1237.0231368,"D5AR":947652,"D5BR":3206630}},{"type":"Feature","id":163189,"geometry":{"type":"Polygon","coordinates":[[[-73.873955414256244,40.83424528509093],[-73.873842413380018,40.832557284568963],[-73.873695413066926,40.83197228458527],[-73.872229412828887,40.832171283999479],[-73.872750413235806,40.834409285006025],[-73.873955414256244,40.83424528509093]]]},"properties":{"OBJECTID":163189,"GEOID20":"360050064003","GEOID10":"360050064003","STATEFP":"36","COUNTYFP":"005","D1C":0.1349791393789464,"D1C5_RET":0,"D2B_E5MIXA":0,"D3A":32.690370281557428,"D3AAO":1.1954100963404612,"D3B":86.386649202525689,"D4A":284.31999999999999,"D4C":73,"D4D":6306.2253917799999,"D5AR":854032,"D5BR":2002969}},{"type":"Feature","id":163190,"geometry":{"type":"Polygon","coordinates":[[[-73.933060431294265,40.828164281861817],[-73.932402432416623,40.821201280650008],[-73.932264431426063,40.818010278721069],[-73.932402431518312,40.814159278498558],[-73.932159430945745,40.814162279467396],[-73.93135443175504,40.813841279052518],[-73.931273430665854,40.813715279107008],[-73.930277430781132,40.813264278695122],[-73.928858430398762,40.814888280141474],[-73.928219429092763,40.816543279747037],[-73.926649429995962,40.82006128000252],[-73.926322429757832,40.820576280440427],[-73.925646429540222,40.821139279869897],[-73.926543429690781,40.820771280757228],[-73.92694742992181,40.820390279572678],[-73.928756431189825,40.822848280066168],[-73.928499430373549,40.823435280923995],[-73.927154430509376,40.825732280590564],[-73.929753430899481,40.826593281146131],[-73.930500431262189,40.826951280869729],[-73.930989430983743,40.826573280926098],[-73.930941432201479,40.827370281252975],[-73.931144430794433,40.828324282333455],[-73.933060431294265,40.828164281861817]]]},"properties":{"OBJECTID":163190,"GEOID20":"360050063002","GEOID10":"360050063002","STATEFP":"36","COUNTYFP":"005","D1C":20.793174213651369,"D1C5_RET":8.8396102937261869,"D2B_E5MIXA":0.88245481642773294,"D3A":39.740644053774538,"D3AAO":16.812250966148529,"D3B":78.37584809843456,"D4A":199.83000000000001,"D4C":232,"D4D":1069.4110897400001,"D5AR":1059829,"D5BR":2701403}},{"type":"Feature","id":163191,"geometry":{"type":"Polygon","coordinates":[[[-73.92663143045263,40.826616281085812],[-73.927154430509376,40.825732280590564],[-73.92540142931783,40.825123281870361],[-73.924818428986654,40.826007280966962],[-73.92663143045263,40.826616281085812]]]},"properties":{"OBJECTID":163191,"GEOID20":"360050063004","GEOID10":"360050063004","STATEFP":"36","COUNTYFP":"005","D1C":4.0740573084061387,"D1C5_RET":0.67900955140102304,"D2B_E5MIXA":0.84183741574528759,"D3A":36.466677331352493,"D3AAO":0,"D3B":193.16371581955764,"D4A":202.50999999999999,"D4C":100.33,"D4D":14527.8227947,"D5AR":966541,"D5BR":2202096}},{"type":"Feature","id":163192,"geometry":{"type":"Polygon","coordinates":[[[-73.927842430422544,40.82254128047488],[-73.92809543014252,40.821954279862226],[-73.92694742992181,40.820390279572678],[-73.926543429690781,40.820771280757228],[-73.925646429540222,40.821139279869897],[-73.924738429519024,40.822649281223846],[-73.924305428975671,40.823917281319979],[-73.923474428947358,40.825433281524866],[-73.924894429154648,40.825919281351261],[-73.92540142931783,40.825123281870361],[-73.926182430015743,40.825394281665552],[-73.927842430422544,40.82254128047488]]]},"properties":{"OBJECTID":163192,"GEOID20":"360050063006","GEOID10":"360050063006","STATEFP":"36","COUNTYFP":"005","D1C":1.7045084247835527,"D1C5_RET":0.90238681312070435,"D2B_E5MIXA":0.74602726396903307,"D3A":40.946012808797093,"D3AAO":0,"D3B":246.46387906596982,"D4A":421.11000000000001,"D4C":156.33000000000001,"D4D":3398.2799624600002,"D5AR":949622,"D5BR":2201215}},{"type":"Feature","id":163193,"geometry":{"type":"Polygon","coordinates":[[[-73.873944412588969,40.835988285587135],[-73.874061413663128,40.835214284533194],[-73.873913413525131,40.835208285179952],[-73.873955414256244,40.83424528509093],[-73.870901413581436,40.834653285222998],[-73.871103412349498,40.835763285248248],[-73.873944412588969,40.835988285587135]]]},"properties":{"OBJECTID":163193,"GEOID20":"360050064004","GEOID10":"360050064004","STATEFP":"36","COUNTYFP":"005","D1C":0.70938578399401508,"D1C5_RET":0.30402247885457789,"D2B_E5MIXA":0.42431466254429612,"D3A":26.298653199973174,"D3AAO":6.5622079921992356,"D3B":172.97662956910062,"D4A":219.94,"D4C":23.670000000000002,"D4D":1535.1919092200001,"D5AR":821519,"D5BR":2372551}},{"type":"Feature","id":163194,"geometry":{"type":"Polygon","coordinates":[[[-73.861635410003373,40.833336285773221],[-73.860887409815746,40.831352284470036],[-73.857324408429619,40.831830285099244],[-73.857382408155928,40.832143285501303],[-73.856276407768021,40.831844284755718],[-73.855978408740512,40.831839284927327],[-73.860336408373286,40.833137285097933],[-73.860436409729047,40.833469285146997],[-73.86058440896872,40.833570285786116],[-73.861097408979731,40.833640285600403],[-73.861635410003373,40.833336285773221]]]},"properties":{"OBJECTID":163194,"GEOID20":"360050072003","GEOID10":"360050072003","STATEFP":"36","COUNTYFP":"005","D1C":6.5106818454480058,"D1C5_RET":2.2231596545432217,"D2B_E5MIXA":0.84305253323580143,"D3A":40.105757543908027,"D3AAO":17.888488110990824,"D3B":67.787313809386461,"D4A":237.38,"D4C":90.329999999999998,"D4D":4590.1259793099998,"D5AR":857263,"D5BR":2008417}},{"type":"Feature","id":163195,"geometry":{"type":"Polygon","coordinates":[[[-73.859279411084117,40.877736294014895],[-73.859753411635381,40.876869293180938],[-73.856878411060734,40.876774293671559],[-73.856783410626178,40.876934293624686],[-73.854447409103457,40.876191293797049],[-73.853739409997118,40.877470293366798],[-73.858601411216711,40.87896229415496],[-73.859279411084117,40.877736294014895]]]},"properties":{"OBJECTID":163195,"GEOID20":"360050382001","GEOID10":"360050382001","STATEFP":"36","COUNTYFP":"005","D1C":1.192997142563069,"D1C5_RET":0.14912464282038362,"D2B_E5MIXA":0.72879765566228238,"D3A":26.579950100903787,"D3AAO":0,"D3B":106.0653992881406,"D4A":284.31999999999999,"D4C":33,"D4D":1049.8374854599999,"D5AR":544385,"D5BR":2487146}},{"type":"Feature","id":163196,"geometry":{"type":"Polygon","coordinates":[[[-73.922457428247895,40.818053279673876],[-73.92275942747338,40.817396279561187],[-73.917626426990452,40.81606327892802],[-73.916765425926613,40.816565280392474],[-73.915992426522934,40.817219279746801],[-73.918900426709541,40.817975279411108],[-73.919239427541584,40.817228280198144],[-73.922457428247895,40.818053279673876]]]},"properties":{"OBJECTID":163196,"GEOID20":"360050065004","GEOID10":"360050065004","STATEFP":"36","COUNTYFP":"005","D1C":300.36320381656827,"D1C5_RET":20.189589061310965,"D2B_E5MIXA":0.35756533515844552,"D3A":28.7654994312282,"D3AAO":0,"D3B":132.30037883179881,"D4A":0,"D4C":106.67,"D4D":4704.1604699999998,"D5AR":941761,"D5BR":1829142}},{"type":"Feature","id":163197,"geometry":{"type":"Polygon","coordinates":[[[-73.921191428026418,40.820841280487059],[-73.921479428804815,40.820208280243556],[-73.919845428337297,40.819788280147328],[-73.919618426759953,40.820452280373104],[-73.92033042786089,40.820652280367113],[-73.920466428303314,40.820868280363108],[-73.920325427838009,40.821231281028574],[-73.920097428232381,40.821323281379826],[-73.919385427131445,40.821126281343702],[-73.919179427267125,40.821778281314742],[-73.920341426833218,40.822103281299526],[-73.920666427421551,40.821845281400066],[-73.921191428026418,40.820841280487059]]]},"properties":{"OBJECTID":163197,"GEOID20":"360050067003","GEOID10":"360050067003","STATEFP":"36","COUNTYFP":"005","D1C":3.601503994616341,"D1C5_RET":0,"D2B_E5MIXA":0,"D3A":7.4958866600899192,"D3AAO":0,"D3B":0,"D4A":167.63999999999999,"D4C":40.670000000000002,"D4D":4261.0375988699998,"D5AR":961918,"D5BR":2011697}},{"type":"Feature","id":163198,"geometry":{"type":"Polygon","coordinates":[[[-73.873194412751502,40.829913283683467],[-73.873021413397467,40.829374284175245],[-73.872815412634822,40.828081283181383],[-73.872724412398213,40.826827283204516],[-73.871038412052172,40.82706128307769],[-73.871533411621499,40.829190283930181],[-73.870606412232036,40.829314283974149],[-73.87090441215787,40.83057128336727],[-73.873194412751502,40.829913283683467]]]},"properties":{"OBJECTID":163198,"GEOID20":"360050068002","GEOID10":"360050068002","STATEFP":"36","COUNTYFP":"005","D1C":13.46150044705859,"D1C5_RET":8.1344895749605381,"D2B_E5MIXA":0.43466514913551296,"D3A":38.781285229803323,"D3AAO":14.463219822393178,"D3B":153.60219889794513,"D4A":152.88999999999999,"D4C":50.670000000000002,"D4D":2334.4401374200002,"D5AR":878333,"D5BR":1073181}},{"type":"Feature","id":163199,"geometry":{"type":"Polygon","coordinates":[[[-73.871533411621499,40.829190283930181],[-73.871038412052172,40.82706128307769],[-73.86822441157689,40.827434283477771],[-73.868721411694352,40.829566284182135],[-73.871533411621499,40.829190283930181]]]},"properties":{"OBJECTID":163199,"GEOID20":"360050068003","GEOID10":"360050068003","STATEFP":"36","COUNTYFP":"005","D1C":1.6072891990773797,"D1C5_RET":0.20964641727096256,"D2B_E5MIXA":0.5858518964033933,"D3A":25.644576896836469,"D3AAO":0,"D3B":119.28042557048686,"D4A":127.41,"D4C":50.329999999999998,"D4D":2250.98755867,"D5AR":805897,"D5BR":1970301}},{"type":"Feature","id":163200,"geometry":{"type":"Polygon","coordinates":[[[-73.92020542728909,40.822190280565067],[-73.920341426833218,40.822103281299526],[-73.91741842657801,40.82128528113202],[-73.917069426598545,40.821939280857833],[-73.917431426996785,40.822079281177302],[-73.918631427096031,40.822253281016842],[-73.91937142688775,40.822726280781808],[-73.92020542728909,40.822190280565067]]]},"properties":{"OBJECTID":163200,"GEOID20":"360050069003","GEOID10":"360050069003","STATEFP":"36","COUNTYFP":"005","D1C":18.20576684115688,"D1C5_RET":0,"D2B_E5MIXA":0.29357322179745909,"D3A":25.257484722523124,"D3AAO":0,"D3B":0,"D4A":276.26999999999998,"D4C":65,"D4D":9124.8180794199998,"D5AR":898075,"D5BR":1989435}},{"type":"Feature","id":163201,"geometry":{"type":"Polygon","coordinates":[[[-73.866356411655957,40.831882284391071],[-73.865915410716696,40.829940284624335],[-73.863136409503184,40.830313285143369],[-73.86365841063332,40.832660284193182],[-73.866356411655957,40.831882284391071]]]},"properties":{"OBJECTID":163201,"GEOID20":"360050070003","GEOID10":"360050070003","STATEFP":"36","COUNTYFP":"005","D1C":3.8647396493892732,"D1C5_RET":0.35133996812629753,"D2B_E5MIXA":0.52476119020127698,"D3A":25.624312572408332,"D3AAO":0,"D3B":44.971515920166084,"D4A":189.09999999999999,"D4C":99,"D4D":4452.1800761000004,"D5AR":799403,"D5BR":2003683}},{"type":"Feature","id":163202,"geometry":{"type":"Polygon","coordinates":[[[-73.854638405305906,40.820308282723282],[-73.854143405736579,40.818246281899668],[-73.851081405564187,40.818626282453373],[-73.851581405156381,40.820719283629323],[-73.854638405305906,40.820308282723282]]]},"properties":{"OBJECTID":163202,"GEOID20":"360050074003","GEOID10":"360050074003","STATEFP":"36","COUNTYFP":"005","D1C":1.1208181138870141,"D1C5_RET":0,"D2B_E5MIXA":0,"D3A":11.216139283333627,"D3AAO":0,"D3B":0,"D4A":206.53,"D4C":38.670000000000002,"D4D":1631.7001962899999,"D5AR":709728,"D5BR":711494}},{"type":"Feature","id":163203,"geometry":{"type":"Polygon","coordinates":[[[-73.908118423563053,40.817263280582075],[-73.908056423638769,40.817098280358621],[-73.90759042258513,40.81660428068448],[-73.905314423133518,40.817933279806851],[-73.907548422752342,40.81847928006605],[-73.908118423563053,40.817263280582075]]]},"properties":{"OBJECTID":163203,"GEOID20":"360050075004","GEOID10":"360050075004","STATEFP":"36","COUNTYFP":"005","D1C":5.1342451918414866,"D1C5_RET":2.981174627520863,"D2B_E5MIXA":0.64631263739135092,"D3A":26.816149420432033,"D3AAO":0,"D3B":70.70021249978366,"D4A":370.14999999999998,"D4C":58,"D4D":6147.8445652,"D5AR":935913,"D5BR":1393936}},{"type":"Feature","id":163204,"geometry":{"type":"Polygon","coordinates":[[[-73.871103412349498,40.835763285248248],[-73.870901413581436,40.834653285222998],[-73.869940412958485,40.834778285710549],[-73.868992411856013,40.834805284670217],[-73.869034411688801,40.835494285239406],[-73.871103412349498,40.835763285248248]]]},"properties":{"OBJECTID":163204,"GEOID20":"360050076001","GEOID10":"360050076001","STATEFP":"36","COUNTYFP":"005","D1C":7.5411926702721024,"D1C5_RET":5.595078432782528,"D2B_E5MIXA":0.44496370590539402,"D3A":33.388469775533935,"D3AAO":0,"D3B":259.53379471160969,"D4A":112.65000000000001,"D4C":63.329999999999998,"D4D":9859.7931728200001,"D5AR":894036,"D5BR":2377561}},{"type":"Feature","id":163205,"geometry":{"type":"Polygon","coordinates":[[[-73.870376412078258,40.832413285334219],[-73.87000841093392,40.830828284140786],[-73.868151412680277,40.83136828458094],[-73.868463411951481,40.832700284353855],[-73.870376412078258,40.832413285334219]]]},"properties":{"OBJECTID":163205,"GEOID20":"360050076003","GEOID10":"360050076003","STATEFP":"36","COUNTYFP":"005","D1C":1.040040087305125,"D1C5_RET":0.29715431065860715,"D2B_E5MIXA":0.67041555287194932,"D3A":36.011123114470507,"D3AAO":0,"D3B":190.17875882150855,"D4A":109.97,"D4C":72,"D4D":6846.4353175699998,"D5AR":847360,"D5BR":1980576}},{"type":"Feature","id":163206,"geometry":{"type":"Polygon","coordinates":[[[-73.856492406779765,40.828233283421014],[-73.856152407021142,40.826778284424982],[-73.847000405042508,40.828008284632851],[-73.845256404071819,40.82847128533232],[-73.845046404009551,40.828808285012428],[-73.845851404098582,40.828923284868331],[-73.847262405881665,40.829321284408238],[-73.848291405378362,40.829352285059436],[-73.856492406779765,40.828233283421014]]]},"properties":{"OBJECTID":163206,"GEOID20":"360050078002","GEOID10":"360050078002","STATEFP":"36","COUNTYFP":"005","D1C":3.3937116299539376,"D1C5_RET":0.16968558149769689,"D2B_E5MIXA":0.52921093599012936,"D3A":25.666454633673176,"D3AAO":3.6927694742277812,"D3B":48.272154224464799,"D4A":372.82999999999998,"D4C":57.329999999999998,"D4D":1037.6612679699999,"D5AR":781927,"D5BR":2218813}},{"type":"Feature","id":163207,"geometry":{"type":"Polygon","coordinates":[[[-73.857382408155928,40.832143285501303],[-73.856991408343688,40.830393284194166],[-73.852935407038046,40.830940285041699],[-73.855978408740512,40.831839284927327],[-73.856276407768021,40.831844284755718],[-73.857382408155928,40.832143285501303]]]},"properties":{"OBJECTID":163207,"GEOID20":"360050078003","GEOID10":"360050078003","STATEFP":"36","COUNTYFP":"005","D1C":3.284489873192868,"D1C5_RET":1.8121323438305479,"D2B_E5MIXA":0.74960111685173869,"D3A":66.381063172141339,"D3AAO":29.340643106860558,"D3B":241.66596937324186,"D4A":99.239999999999995,"D4C":93,"D4D":6741.1323190499998,"D5AR":841668,"D5BR":2008234}},{"type":"Feature","id":163300,"geometry":{"type":"Polygon","coordinates":[[[-73.849575404244888,40.816642282934154],[-73.849098405117218,40.814559281157479],[-73.847055403497478,40.814834281629018],[-73.846633403723075,40.813021281474541],[-73.846098403072475,40.813087282133893],[-73.845072403050494,40.815427281807395],[-73.843882402996996,40.817399282423125],[-73.849575404244888,40.816642282934154]]]},"properties":{"OBJECTID":163300,"GEOID20":"360050084002","GEOID10":"360050084002","STATEFP":"36","COUNTYFP":"005","D1C":1.0802631551711532,"D1C5_RET":0.13938879421563269,"D2B_E5MIXA":0.40961065160354382,"D3A":29.607356424292348,"D3AAO":0,"D3B":104.08440041669722,"D4A":119.36,"D4C":18.329999999999998,"D4D":408.79945567599998,"D5AR":612636,"D5BR":596760}},{"type":"Feature","id":163304,"geometry":{"type":"Polygon","coordinates":[[[-73.877656413938013,40.826159283921228],[-73.877137414977554,40.823966282213377],[-73.876214413091105,40.824092283081967],[-73.876726414175494,40.826286282576135],[-73.877656413938013,40.826159283921228]]]},"properties":{"OBJECTID":163304,"GEOID20":"360050050013","GEOID10":"360050050013","STATEFP":"36","COUNTYFP":"005","D1C":5.1490464614733211,"D1C5_RET":0.82384743383573134,"D2B_E5MIXA":0.73182134274950916,"D3A":24.015085634975808,"D3AAO":0,"D3B":0,"D4A":455.98000000000002,"D4C":59.329999999999998,"D4D":7820.6189199199998,"D5AR":802412,"D5BR":1067229}},{"type":"Feature","id":163305,"geometry":{"type":"Polygon","coordinates":[[[-73.905176422142944,40.815922280797913],[-73.905328421580577,40.815479280364173],[-73.90442642140718,40.815281279889028],[-73.904001422158046,40.816522281194509],[-73.905097421601923,40.816838280595078],[-73.905176422142944,40.815922280797913]]]},"properties":{"OBJECTID":163305,"GEOID20":"360050079005","GEOID10":"360050079005","STATEFP":"36","COUNTYFP":"005","D1C":0,"D1C5_RET":0,"D2B_E5MIXA":0,"D3A":19.657861525092855,"D3AAO":0,"D3B":0,"D4A":261.51999999999998,"D4C":92.329999999999998,"D4D":19178.667912299999,"D5AR":923206,"D5BR":1606824}},{"type":"Feature","id":163306,"geometry":{"type":"Polygon","coordinates":[[[-73.90210842122444,40.818513281118904],[-73.902580422125851,40.817378280062535],[-73.901537421487134,40.817164280361297],[-73.900722420454045,40.81677228094788],[-73.89928642125156,40.818155280715892],[-73.901669420833301,40.819542280943999],[-73.90210842122444,40.818513281118904]]]},"properties":{"OBJECTID":163306,"GEOID20":"360050085003","GEOID10":"360050085003","STATEFP":"36","COUNTYFP":"005","D1C":9.5478373554996168,"D1C5_RET":0,"D2B_E5MIXA":0.057723491292928163,"D3A":26.322934927678983,"D3AAO":0,"D3B":209.47419765217251,"D4A":219.94,"D4C":103.33,"D4D":5901.0274927500004,"D5AR":940204,"D5BR":1598126}},{"type":"Feature","id":163307,"geometry":{"type":"Polygon","coordinates":[[[-73.851211406158839,40.832655285105965],[-73.850872406225136,40.831218284408926],[-73.847813404629164,40.831630285508339],[-73.848148405263231,40.833068285243492],[-73.851211406158839,40.832655285105965]]]},"properties":{"OBJECTID":163307,"GEOID20":"360050092002","GEOID10":"360050092002","STATEFP":"36","COUNTYFP":"005","D1C":16.752804638425168,"D1C5_RET":0,"D2B_E5MIXA":0.60632491848011527,"D3A":24.956114970221698,"D3AAO":0,"D3B":0,"D4A":150.21000000000001,"D4C":56.670000000000002,"D4D":3452.2961413100002,"D5AR":731454,"D5BR":2217564}},{"type":"Feature","id":163308,"geometry":{"type":"Polygon","coordinates":[[[-73.899208420535444,40.815874280151029],[-73.898469420568659,40.815434280308054],[-73.897046420886653,40.816810280381937],[-73.897787420503263,40.817254280135487],[-73.899208420535444,40.815874280151029]]]},"properties":{"OBJECTID":163308,"GEOID20":"360050085004","GEOID10":"360050085004","STATEFP":"36","COUNTYFP":"005","D1C":4.9790809156466915,"D1C5_RET":2.3585120126747485,"D2B_E5MIXA":0.6564874582905329,"D3A":33.241435685334267,"D3AAO":0,"D3B":0,"D4A":238.72,"D4C":52,"D4D":8721.2533090899997,"D5AR":866992,"D5BR":1453341}},{"type":"Feature","id":163309,"geometry":{"type":"Polygon","coordinates":[[[-73.851581405156381,40.820719283629323],[-73.851081405564187,40.818626282453373],[-73.850938405449043,40.818563282635523],[-73.848009403549412,40.818940283340005],[-73.8485214046338,40.821131282659678],[-73.851581405156381,40.820719283629323]]]},"properties":{"OBJECTID":163309,"GEOID20":"360050086003","GEOID10":"360050086003","STATEFP":"36","COUNTYFP":"005","D1C":2.7658950978086199,"D1C5_RET":0,"D2B_E5MIXA":0,"D3A":10.864779977027469,"D3AAO":0,"D3B":0,"D4A":260.18000000000001,"D4C":28,"D4D":1126.4736398299999,"D5AR":706705,"D5BR":695206}},{"type":"Feature","id":163310,"geometry":{"type":"Polygon","coordinates":[[[-73.897864420496163,40.821012281555866],[-73.897888420785591,40.819511280465626],[-73.89695641957664,40.820484281772295],[-73.896487420844892,40.819643281042346],[-73.895997420400136,40.820304281348925],[-73.895882420772409,40.821000280958565],[-73.897864420496163,40.821012281555866]]]},"properties":{"OBJECTID":163310,"GEOID20":"360050087004","GEOID10":"360050087004","STATEFP":"36","COUNTYFP":"005","D1C":9.0590045223434377,"D1C5_RET":0,"D2B_E5MIXA":0.77059611958555618,"D3A":37.7490387500034,"D3AAO":0,"D3B":188.63940734136423,"D4A":71.079999999999998,"D4C":112.67,"D4D":15932.535251200001,"D5AR":938266,"D5BR":1600671}},{"type":"Feature","id":163311,"geometry":{"type":"Polygon","coordinates":[[[-73.846468402968327,40.812314282448838],[-73.846388403500697,40.811633280749305],[-73.845477403106457,40.811986281708094],[-73.844596402849433,40.813474281711954],[-73.844631403009529,40.813705282155155],[-73.844381401865959,40.814216281926186],[-73.844334402908615,40.814858282333027],[-73.843154402900851,40.81627628211659],[-73.842265402247918,40.817619282991373],[-73.84204840251293,40.818634282684926],[-73.841445402090258,40.819155283451359],[-73.840639401278011,40.81949128354843],[-73.840211400757511,40.819950283170201],[-73.840074401388478,40.821238283675569],[-73.840266401907414,40.822061284308973],[-73.841280402233821,40.824912285206253],[-73.842651403833912,40.827917284607032],[-73.842668402654056,40.82835028471866],[-73.842813403317322,40.828645284715385],[-73.843918402981998,40.828455285202054],[-73.842899402632725,40.824091283815143],[-73.845956404578885,40.823679284137533],[-73.844487403069493,40.817323282848371],[-73.843882402996996,40.817399282423125],[-73.845072403050494,40.815427281807395],[-73.846468402968327,40.812314282448838]]]},"properties":{"OBJECTID":163311,"GEOID20":"360050090001","GEOID10":"360050090001","STATEFP":"36","COUNTYFP":"005","D1C":25.258661944022556,"D1C5_RET":0.32786425160984628,"D2B_E5MIXA":0.28578288996767709,"D3A":16.01523577357343,"D3AAO":2.1449494881302082,"D3B":60.546057272024122,"D4A":442.56999999999999,"D4C":26.670000000000002,"D4D":172.94241699099999,"D5AR":750863,"D5BR":1046312}},{"type":"Feature","id":163312,"geometry":{"type":"Polygon","coordinates":[[[-73.842813403317322,40.828645284715385],[-73.842668402654056,40.82835028471866],[-73.842671402128772,40.828048284881056],[-73.842077402825254,40.82813328473361],[-73.841192402370268,40.826286284615421],[-73.839082401701702,40.823115283874024],[-73.838649401158321,40.821979284086886],[-73.838868401441445,40.820389282969359],[-73.838731401174087,40.819566284023665],[-73.839589400966574,40.81852928296798],[-73.840226401724451,40.817229282967602],[-73.839981401502058,40.816399282449417],[-73.83696240008905,40.81634928270087],[-73.836739399607978,40.817201282919541],[-73.836735401206639,40.817830283141362],[-73.836033399253139,40.817864283167225],[-73.835942399914856,40.819995283562022],[-73.836021401354216,40.823768283957939],[-73.836747401800523,40.828206285863452],[-73.837018401063872,40.829061284975928],[-73.8375764012807,40.828980285124885],[-73.841235403824598,40.82882028487667],[-73.842813403317322,40.828645284715385]]]},"properties":{"OBJECTID":163312,"GEOID20":"360050090002","GEOID10":"360050090002","STATEFP":"36","COUNTYFP":"005","D1C":19.355966335207253,"D1C5_RET":3.0105086596446191,"D2B_E5MIXA":0.80356414386375696,"D3A":25.635349345703339,"D3AAO":8.8025881659874479,"D3B":49.346413792881997,"D4A":591.42999999999995,"D4C":24.670000000000002,"D4D":146.02087420800001,"D5AR":838352,"D5BR":793678}},{"type":"Feature","id":163313,"geometry":{"type":"Polygon","coordinates":[[[-73.851685405811764,40.834209285718359],[-73.851211406158839,40.832655285105965],[-73.848148405263231,40.833068285243492],[-73.848487405196948,40.834533285484795],[-73.851685405811764,40.834209285718359]]]},"properties":{"OBJECTID":163313,"GEOID20":"360050092004","GEOID10":"360050092004","STATEFP":"36","COUNTYFP":"005","D1C":16.994197626382853,"D1C5_RET":1.3416471810302253,"D2B_E5MIXA":0.62453226203211165,"D3A":22.975499135502638,"D3AAO":0,"D3B":57.243613057289608,"D4A":215.91999999999999,"D4C":56.670000000000002,"D4D":3243.9955519599998,"D5AR":818894,"D5BR":2024391}},{"type":"Feature","id":163315,"geometry":{"type":"Polygon","coordinates":[[[-73.891807419200205,40.816370281308146],[-73.891117417840576,40.813813280973889],[-73.885895416770879,40.814601280178387],[-73.887997417043536,40.816672280615741],[-73.891807419200205,40.816370281308146]]]},"properties":{"OBJECTID":163315,"GEOID20":"360050093003","GEOID10":"360050093003","STATEFP":"36","COUNTYFP":"005","D1C":6.1038139693176801,"D1C5_RET":0.46358080779627953,"D2B_E5MIXA":0.35086056309563685,"D3A":24.013366270353885,"D3AAO":0,"D3B":164.86169740723156,"D4A":276.26999999999998,"D4C":56.329999999999998,"D4D":1392.72036817,"D5AR":749873,"D5BR":1186168}},{"type":"Feature","id":163316,"geometry":{"type":"Polygon","coordinates":[[[-73.848487405196948,40.834533285484795],[-73.847262405881665,40.829321284408238],[-73.845851404098582,40.828923284868331],[-73.845046404009551,40.828808285012428],[-73.845256404071819,40.82847128533232],[-73.84455240426513,40.828545284610058],[-73.843918402981998,40.828455285202054],[-73.845428404499287,40.83494528637469],[-73.848487405196948,40.834533285484795]]]},"properties":{"OBJECTID":163316,"GEOID20":"360050096001","GEOID10":"360050096001","STATEFP":"36","COUNTYFP":"005","D1C":7.1043831931560364,"D1C5_RET":0.39468795517533534,"D2B_E5MIXA":0.44046999890805977,"D3A":34.164888887964274,"D3AAO":7.3380470644140319,"D3B":99.063890716384407,"D4A":592.77999999999997,"D4C":73,"D4D":1084.6953685799999,"D5AR":754603,"D5BR":2004734}},{"type":"Feature","id":163317,"geometry":{"type":"Polygon","coordinates":[[[-73.848702406180408,40.835111286837765],[-73.849560405074584,40.834417286052428],[-73.845428404499287,40.83494528637469],[-73.843918402981998,40.828455285202054],[-73.842813403317322,40.828645284715385],[-73.842840403081496,40.828730284482425],[-73.842309402628842,40.828807284457177],[-73.842332402195069,40.829949284708917],[-73.841916403166763,40.830818285689716],[-73.842280402316533,40.831275284731781],[-73.839333402670164,40.83356228599682],[-73.839324403347661,40.835776285663179],[-73.83960540265673,40.838283286609482],[-73.839568402846808,40.840555287158324],[-73.839365403355529,40.840886287063732],[-73.841321403140014,40.840619286850078],[-73.842042403563468,40.840654286442991],[-73.848702406180408,40.835111286837765]]]},"properties":{"OBJECTID":163317,"GEOID20":"360050096002","GEOID10":"360050096002","STATEFP":"36","COUNTYFP":"005","D1C":50.263281190815427,"D1C5_RET":1.7790212785800645,"D2B_E5MIXA":0.62443936361881036,"D3A":19.427773967454943,"D3AAO":1.75901628522969,"D3B":94.655115059109036,"D4A":240.06,"D4C":103,"D4D":504.16159122400001,"D5AR":824335,"D5BR":1096578}},{"type":"Feature","id":163318,"geometry":{"type":"Polygon","coordinates":[[[-73.856301406984059,40.826765284284917],[-73.856163406891795,40.826050283532972],[-73.855973406921009,40.826072283744232],[-73.855647407406082,40.824641282761696],[-73.852590405459921,40.825052283328787],[-73.852926405918907,40.826490284332849],[-73.849866405396327,40.826905283933691],[-73.850031406151089,40.827604283968249],[-73.856301406984059,40.826765284284917]]]},"properties":{"OBJECTID":163318,"GEOID20":"360050098005","GEOID10":"360050098005","STATEFP":"36","COUNTYFP":"005","D1C":0.28583817750835711,"D1C5_RET":0,"D2B_E5MIXA":0.27994941922604499,"D3A":61.346281049010933,"D3AAO":30.432708127536991,"D3B":152.477517410058,"D4A":474.75999999999999,"D4C":53,"D4D":1615.9384968500001,"D5AR":821795,"D5BR":1326112}},{"type":"Feature","id":163319,"geometry":{"type":"Polygon","coordinates":[[[-73.885564415436463,40.814650281155423],[-73.885895416770879,40.814601280178387],[-73.882093415010146,40.810930279072004],[-73.881860415381638,40.810860279762259],[-73.881622413933641,40.81045828033448],[-73.881213413679717,40.81006828036849],[-73.880414414336784,40.80940127972876],[-73.879796413845511,40.807546279280984],[-73.879358413279277,40.80566627849047],[-73.878080413362227,40.805873279052818],[-73.877479413487677,40.805834278572512],[-73.877030412152479,40.805712279275632],[-73.87664041306347,40.805484279564901],[-73.874808412229228,40.803710278630632],[-73.874266411905907,40.803506278212346],[-73.873744411674096,40.803426278690459],[-73.873621411650447,40.802809279078652],[-73.87163141063246,40.801934278676157],[-73.871103410552877,40.802613278734434],[-73.870982410179039,40.80258327945635],[-73.868314410191942,40.806322279636774],[-73.86813340954366,40.806880279334806],[-73.870771411190162,40.811871280359718],[-73.871999411776827,40.813751280767001],[-73.876834412333892,40.81527628153124],[-73.878759414851189,40.816075281098371],[-73.879355414702843,40.816379281194813],[-73.880220415066347,40.817173280820093],[-73.881409415294925,40.818001281775011],[-73.882347415453367,40.81742428156651],[-73.883381415871241,40.817359281870594],[-73.882801414116486,40.815069280387014],[-73.885564415436463,40.814650281155423]]]},"properties":{"OBJECTID":163319,"GEOID20":"360050117002","GEOID10":"360050117002","STATEFP":"36","COUNTYFP":"005","D1C":17.894706002594127,"D1C5_RET":5.6677781230020878,"D2B_E5MIXA":0.47084218564219282,"D3A":10.645009161995052,"D3AAO":0,"D3B":27.154756668791293,"D4A":160.93000000000001,"D4C":23,"D4D":46.836100741099997,"D5AR":756226,"D5BR":1198630}},{"type":"Feature","id":163321,"geometry":{"type":"Polygon","coordinates":[[[-73.886701415786519,40.818999282026518],[-73.886162416734578,40.816938279997174],[-73.883381415871241,40.817359281870594],[-73.882347415453367,40.81742428156651],[-73.881409415294925,40.818001281775011],[-73.882944416028252,40.819634281598454],[-73.886701415786519,40.818999282026518]]]},"properties":{"OBJECTID":163321,"GEOID20":"360050115023","GEOID10":"360050115023","STATEFP":"36","COUNTYFP":"005","D1C":7.0760485255461969,"D1C5_RET":0,"D2B_E5MIXA":0.70801202985673983,"D3A":19.491014540779151,"D3AAO":0,"D3B":88.257857871742942,"D4A":391.61000000000001,"D4C":72.329999999999998,"D4D":2127.8969532900001,"D5AR":840726,"D5BR":1283649}},{"type":"Feature","id":163325,"geometry":{"type":"Polygon","coordinates":[[[-73.820529394629148,40.814039282465636],[-73.819991394503788,40.813062282715975],[-73.816862393485948,40.813696283265472],[-73.814354393332408,40.813430283122784],[-73.814889393983023,40.814585282820751],[-73.813623392863207,40.814770283561778],[-73.81407639349807,40.816410283136882],[-73.815621393378805,40.816091282855687],[-73.816372393939488,40.817603282962274],[-73.818307394705883,40.817072283759323],[-73.819935395325615,40.816522283913912],[-73.818600394608836,40.814239283438503],[-73.81935339571767,40.814300283095115],[-73.820529394629148,40.814039282465636]]]},"properties":{"OBJECTID":163325,"GEOID20":"360050132003","GEOID10":"360050132003","STATEFP":"36","COUNTYFP":"005","D1C":4.5500094315436526,"D1C5_RET":0,"D2B_E5MIXA":0.49841955510528191,"D3A":25.131656088617827,"D3AAO":0,"D3B":145.72758892385829,"D4A":0,"D4C":13,"D4D":195.931187921,"D5AR":777191,"D5BR":1122422}},{"type":"Feature","id":163326,"geometry":{"type":"Polygon","coordinates":[[[-73.905733422534865,40.823345281378657],[-73.906458422257955,40.821723280950593],[-73.904898422308591,40.821379281383372],[-73.904257422251078,40.822990281792329],[-73.905733422534865,40.823345281378657]]]},"properties":{"OBJECTID":163326,"GEOID20":"360050133004","GEOID10":"360050133004","STATEFP":"36","COUNTYFP":"005","D1C":1.6127782875142753,"D1C5_RET":0,"D2B_E5MIXA":0.31091750708257115,"D3A":20.990308159660209,"D3AAO":0,"D3B":68.846279537409387,"D4A":371.49000000000001,"D4C":84,"D4D":8670.2960736799996,"D5AR":906507,"D5BR":1367993}},{"type":"Feature","id":164251,"geometry":{"type":"Polygon","coordinates":[[[-73.916989425334293,40.80571427768303],[-73.917316424674112,40.804306277647335],[-73.915450425301316,40.803549277006027],[-73.914942424414889,40.80363127824976],[-73.913479423651609,40.804271277227762],[-73.916989425334293,40.80571427768303]]]},"properties":{"OBJECTID":164251,"GEOID20":"360050027011","GEOID10":"360050027011","STATEFP":"36","COUNTYFP":"005","D1C":4.0117644684439853,"D1C5_RET":0.20573151120225569,"D2B_E5MIXA":0.52887104143216634,"D3A":26.038670005145995,"D3AAO":3.3233161173338619,"D3B":131.73400125302834,"D4A":160.93000000000001,"D4C":45.670000000000002,"D4D":3006.6425973099999,"D5AR":1107516,"D5BR":1780003}},{"type":"Feature","id":164259,"geometry":{"type":"Polygon","coordinates":[[[-73.915700426444886,40.830544283363061],[-73.91641142682262,40.829298282687823],[-73.914723425928415,40.828738282135831],[-73.913989425984497,40.829988282569161],[-73.915700426444886,40.830544283363061]]]},"properties":{"OBJECTID":164259,"GEOID20":"360050175002","GEOID10":"360050175002","STATEFP":"36","COUNTYFP":"005","D1C":4.2700098726044269,"D1C5_RET":0.85400197452088533,"D2B_E5MIXA":0.52103264581032194,"D3A":25.339038138436305,"D3AAO":0,"D3B":109.31225273867331,"D4A":166.30000000000001,"D4C":50,"D4D":5465.61263693,"D5AR":882161,"D5BR":1996529}},{"type":"Feature","id":164260,"geometry":{"type":"Polygon","coordinates":[[[-73.91661542613879,40.825000281399795],[-73.910495424195332,40.823216281930677],[-73.910591424454793,40.823872281549768],[-73.911311425053341,40.824857281323112],[-73.913168426001917,40.825465281880305],[-73.91351342488511,40.824813282126399],[-73.914752426240725,40.825209281323303],[-73.915452426747777,40.825756281430152],[-73.91661542613879,40.825000281399795]]]},"properties":{"OBJECTID":164260,"GEOID20":"360050141001","GEOID10":"360050141001","STATEFP":"36","COUNTYFP":"005","D1C":10.49124775614821,"D1C5_RET":0.28941373120408859,"D2B_E5MIXA":0.21005459504707005,"D3A":29.216498626908344,"D3AAO":0,"D3B":138.96489717495513,"D4A":93.879999999999995,"D4C":58,"D4D":2685.7594255700001,"D5AR":902538,"D5BR":2192217}},{"type":"Feature","id":164261,"geometry":{"type":"Polygon","coordinates":[[[-73.905841424286521,40.831067283376477],[-73.906572423857398,40.829460282873498],[-73.905532423591723,40.829112281810382],[-73.903436423166838,40.832224284207207],[-73.9050524231927,40.832716282780105],[-73.905841424286521,40.831067283376477]]]},"properties":{"OBJECTID":164261,"GEOID20":"360050145001","GEOID10":"360050145001","STATEFP":"36","COUNTYFP":"005","D1C":50.343694249199366,"D1C5_RET":3.184131089265601,"D2B_E5MIXA":0.26905427934429232,"D3A":25.046297379504995,"D3AAO":0,"D3B":91.813129095018496,"D4A":97.900000000000006,"D4C":45,"D4D":2478.4587938099999,"D5AR":909281,"D5BR":755454}},{"type":"Feature","id":164262,"geometry":{"type":"Polygon","coordinates":[[[-73.910349424605457,40.819955281175815],[-73.910613424196114,40.819232280267293],[-73.906998422931437,40.81834828060537],[-73.905660422739928,40.821565280837333],[-73.908419423861929,40.82218928126958],[-73.908927424748356,40.820971281148964],[-73.909910424214331,40.821249280841322],[-73.910349424605457,40.819955281175815]]]},"properties":{"OBJECTID":164262,"GEOID20":"360050075002","GEOID10":"360050075002","STATEFP":"36","COUNTYFP":"005","D1C":6.7165816793961231,"D1C5_RET":0.66794734933221112,"D2B_E5MIXA":0.27521675337957602,"D3A":28.035619288676372,"D3AAO":0,"D3B":126.70219053110563,"D4A":398.31,"D4C":84.670000000000002,"D4D":2010.84807353,"D5AR":881597,"D5BR":1367135}},{"type":"Feature","id":164263,"geometry":{"type":"Polygon","coordinates":[[[-73.862876413703759,40.895162296214551],[-73.861361413960239,40.894671297091826],[-73.860712413506832,40.8953792973929],[-73.858652412168638,40.898572297234416],[-73.855250412237623,40.897260297546929],[-73.854300410587001,40.898458298251462],[-73.859259412789271,40.900346298165189],[-73.862876413703759,40.895162296214551]]]},"properties":{"OBJECTID":164263,"GEOID20":"360050418001","GEOID10":"360050418001","STATEFP":"36","COUNTYFP":"005","D1C":17.907470250108403,"D1C5_RET":0.45990292777164443,"D2B_E5MIXA":0.57782463107967386,"D3A":30.262179289700281,"D3AAO":8.6084757524984745,"D3B":110.37670266519466,"D4A":179.71000000000001,"D4C":68.670000000000002,"D4D":1263.261362,"D5AR":516145,"D5BR":3739267}},{"type":"Feature","id":164264,"geometry":{"type":"Polygon","coordinates":[[[-73.89522741957289,40.828221283450546],[-73.895293420593433,40.828151282673197],[-73.89506441936625,40.828021283169761],[-73.895133419861537,40.827896282857886],[-73.894837420483853,40.826248282452852],[-73.892934419504527,40.826795282826474],[-73.890906418851685,40.826796282732325],[-73.89087441816632,40.830144283296661],[-73.892887419648844,40.830156284278587],[-73.892904419367284,40.828475283494996],[-73.894915420301658,40.828314282825069],[-73.895059420241708,40.828396282691642],[-73.89522741957289,40.828221283450546]]]},"properties":{"OBJECTID":164264,"GEOID20":"360050125001","GEOID10":"360050125001","STATEFP":"36","COUNTYFP":"005","D1C":8.6323896236364046,"D1C5_RET":0.64241039059619753,"D2B_E5MIXA":0.69945322839471902,"D3A":25.889234032354768,"D3AAO":0,"D3B":102.78566249539161,"D4A":89.859999999999999,"D4C":129,"D4D":3314.8376154799998,"D5AR":892043,"D5BR":1385201}},{"type":"Feature","id":164265,"geometry":{"type":"Polygon","coordinates":[[[-73.894837420483853,40.826248282452852],[-73.894872419745653,40.823945281252264],[-73.893201419468198,40.824016282338555],[-73.89211641989499,40.824611282565989],[-73.891930418325529,40.824896282177946],[-73.891914418432009,40.826802282846792],[-73.892934419504527,40.826795282826474],[-73.894837420483853,40.826248282452852]]]},"properties":{"OBJECTID":164265,"GEOID20":"360050127012","GEOID10":"360050127012","STATEFP":"36","COUNTYFP":"005","D1C":49.700784570738087,"D1C5_RET":2.6849163333531982,"D2B_E5MIXA":0.17190781702118935,"D3A":28.0234293453655,"D3AAO":0,"D3B":101.84066646830905,"D4A":311.13999999999999,"D4C":108,"D4D":4124.0314880300002,"D5AR":796336,"D5BR":1445086}},{"type":"Feature","id":164266,"geometry":{"type":"Polygon","coordinates":[[[-73.883888417831102,40.82981728357219],[-73.883579416237964,40.829519283077758],[-73.883558416321577,40.828946283999883],[-73.883833416681185,40.828279283514327],[-73.881047414896699,40.828440283589494],[-73.881725415662444,40.831295283533663],[-73.882355416747586,40.831513283880902],[-73.883888417831102,40.82981728357219]]]},"properties":{"OBJECTID":164266,"GEOID20":"360050054003","GEOID10":"360050054003","STATEFP":"36","COUNTYFP":"005","D1C":1.1223002497573991,"D1C5_RET":0.4910063592688621,"D2B_E5MIXA":0.64827193325173493,"D3A":20.079427193744436,"D3AAO":0,"D3B":74.834980653823365,"D4A":201.16999999999999,"D4C":61,"D4D":2738.4126094100002,"D5AR":933401,"D5BR":1417433}},{"type":"Feature","id":164267,"geometry":{"type":"Polygon","coordinates":[[[-73.847050407966179,40.887680295936384],[-73.847445407976394,40.886986296331337],[-73.846296407930765,40.88662029542251],[-73.846001407479676,40.887176296461398],[-73.845612407317233,40.887355296267145],[-73.844609407759805,40.887181296189354],[-73.843760406391524,40.886775296266023],[-73.843239406882915,40.886314296148363],[-73.843152406844297,40.886094295369787],[-73.843262407347467,40.88589029642683],[-73.843742406848165,40.885490295608747],[-73.843147407719727,40.885039295148374],[-73.841181405194575,40.886416296742738],[-73.841942406699303,40.88842629683414],[-73.847050407966179,40.887680295936384]]]},"properties":{"OBJECTID":164267,"GEOID20":"360050458001","GEOID10":"360050458001","STATEFP":"36","COUNTYFP":"005","D1C":0,"D1C5_RET":0,"D2B_E5MIXA":0,"D3A":12.254305859198123,"D3AAO":0,"D3B":94.273109360777781,"D4A":274.93000000000001,"D4C":13,"D4D":408.380680337,"D5AR":503286,"D5BR":150522}},{"type":"Feature","id":164268,"geometry":{"type":"Polygon","coordinates":[[[-73.869930412912751,40.855868288857728],[-73.869378413442007,40.854274288442525],[-73.868702412326101,40.854375289315399],[-73.868633413627435,40.856622289257345],[-73.867646412166906,40.856632289251834],[-73.867589412265488,40.857838289205276],[-73.868384414105407,40.857820289813567],[-73.869930412912751,40.855868288857728]]]},"properties":{"OBJECTID":164268,"GEOID20":"360050224011","GEOID10":"360050224011","STATEFP":"36","COUNTYFP":"005","D1C":4.4425303171843238,"D1C5_RET":0.12340361992178678,"D2B_E5MIXA":0.46723411963764605,"D3A":32.795229895407154,"D3AAO":0,"D3B":96.966754177829699,"D4A":189.09999999999999,"D4C":73,"D4D":5306.2766529099999,"D5AR":698447,"D5BR":2609808}},{"type":"Feature","id":164274,"geometry":{"type":"Polygon","coordinates":[[[-73.885434418435068,40.855767288222737],[-73.88400341925545,40.855065288414252],[-73.883271418063032,40.85603628952579],[-73.883012417596944,40.85624528945084],[-73.882520418400674,40.85612028800147],[-73.881831417764261,40.857463288411338],[-73.883523417958116,40.858007289068475],[-73.885434418435068,40.855767288222737]]]},"properties":{"OBJECTID":164274,"GEOID20":"360050389001","GEOID10":"360050389001","STATEFP":"36","COUNTYFP":"005","D1C":2.2655505501805604,"D1C5_RET":0.083909279636317058,"D2B_E5MIXA":0.35529965771309263,"D3A":36.581653980225923,"D3AAO":0,"D3B":179.0422645167879,"D4A":195.80000000000001,"D4C":66,"D4D":3544.3279718399999,"D5AR":679701,"D5BR":785210}},{"type":"Feature","id":164275,"geometry":{"type":"Polygon","coordinates":[[[-73.917626426990452,40.81606327892802],[-73.914955425731989,40.81494528022322],[-73.912955424668283,40.814277279564294],[-73.911943423991701,40.816055279746088],[-73.910613424196114,40.819232280267293],[-73.912160425523311,40.819794280895827],[-73.910701424957963,40.822332281660664],[-73.911746425246506,40.822115281697265],[-73.913064424448223,40.820141280544064],[-73.914032425642191,40.818964280519076],[-73.914954425907084,40.818085280870818],[-73.916765425926613,40.816565280392474],[-73.917626426990452,40.81606327892802]]]},"properties":{"OBJECTID":164275,"GEOID20":"360050071002","GEOID10":"360050071002","STATEFP":"36","COUNTYFP":"005","D1C":25.439670129715417,"D1C5_RET":9.3573409011868645,"D2B_E5MIXA":0.6825597185612915,"D3A":25.903105243394982,"D3AAO":0,"D3B":131.19799899994419,"D4A":387.57999999999998,"D4C":121.67,"D4D":1496.19088371,"D5AR":938959,"D5BR":1430699}},{"type":"Feature","id":164276,"geometry":{"type":"Polygon","coordinates":[[[-73.925781430157741,40.839241284500375],[-73.926192430959802,40.838520283979896],[-73.923708430197408,40.838210284340931],[-73.923186429965597,40.838496283682566],[-73.922560429976699,40.839279283973767],[-73.924183429675253,40.83996228397465],[-73.925269430869989,40.840184283862421],[-73.925781430157741,40.839241284500375]]]},"properties":{"OBJECTID":164276,"GEOID20":"360050211003","GEOID10":"360050211003","STATEFP":"36","COUNTYFP":"005","D1C":10.919307933113799,"D1C5_RET":0,"D2B_E5MIXA":0.14284850424617682,"D3A":21.128667370844148,"D3AAO":0,"D3B":61.301377870112546,"D4A":142.16,"D4C":61.329999999999998,"D4D":3759.61350477,"D5AR":930982,"D5BR":1319525}},{"type":"Feature","id":164277,"geometry":{"type":"Polygon","coordinates":[[[-73.918413428434476,40.836448283616448],[-73.919447428852365,40.835118283261508],[-73.917707427181313,40.834518283888045],[-73.91646842762232,40.835786284046179],[-73.918413428434476,40.836448283616448]]]},"properties":{"OBJECTID":164277,"GEOID20":"360050197001","GEOID10":"360050197001","STATEFP":"36","COUNTYFP":"005","D1C":5.4248586553077365,"D1C5_RET":0.69549469939842778,"D2B_E5MIXA":0.81904832286405627,"D3A":49.141457879951012,"D3AAO":0,"D3B":148.40187697883891,"D4A":210.56,"D4C":101,"D4D":8991.35547382,"D5AR":893036,"D5BR":2178288}}]}