{"type":"FeatureCollection","features":[{"type":"Feature","id":148897,"geometry":{"type":"Polygon","coordinates":[[[-77.574019763857905,43.16859258005902],[-77.575102764679571,43.167971579649311],[-77.566618761624326,43.168188580576569],[-77.566656761259168,43.168829580060581],[-77.565595761077077,43.168851580282244],[-77.564963761240421,43.168958579907169],[-77.561216760629577,43.169080580897941],[-77.560005760659678,43.171313579681964],[-77.559633760215689,43.170595580562512],[-77.559348759810334,43.170606580683859],[-77.559504759445929,43.171488580213641],[-77.559886759935665,43.171536580384171],[-77.571684763956711,43.171244579746286],[-77.571616763286343,43.169973580424099],[-77.574019763857905,43.16859258005902]]]},"properties":{"OBJECTID":148897,"GEOID20":"360550058001","GEOID10":"360550058001","STATEFP":"36","COUNTYFP":"055","D1C":0.55667787136666291,"D1C5_RET":0.077675982051162273,"D2B_E5MIXA":0.36351809610404257,"D3A":26.21678767087425,"D3AAO":0,"D3B":187.88887946391537,"D4A":311.13999999999999,"D4C":5.6699999999999999,"D4D":46.978433944499997,"D5AR":94513,"D5BR":86667}},{"type":"Feature","id":148898,"geometry":{"type":"Polygon","coordinates":[[[-77.581006766712989,43.16687657887158],[-77.581222766623057,43.166475578698964],[-77.580174765961445,43.166502578968057],[-77.579081765094003,43.166175578691472],[-77.578765765624837,43.165884579792539],[-77.577811764674564,43.166433579494196],[-77.573950764260914,43.166511579491917],[-77.573966764154434,43.167105579029432],[-77.575909765316766,43.16705857913859],[-77.576453764391573,43.167189579106754],[-77.574019763857905,43.16859258005902],[-77.574168763820808,43.171047580402991],[-77.574107764619754,43.171179580096386],[-77.578711766096461,43.171045579561685],[-77.581006766712989,43.16687657887158]]]},"properties":{"OBJECTID":148898,"GEOID20":"360550056001","GEOID10":"360550056001","STATEFP":"36","COUNTYFP":"055","D1C":2.5469582433182936,"D1C5_RET":1.4283617175366106,"D2B_E5MIXA":0.73011972245692325,"D3A":17.644449933290648,"D3AAO":0,"D3B":99.146889108546063,"D4A":261.51999999999998,"D4C":5.6699999999999999,"D4D":62.4486626578,"D5AR":99975,"D5BR":87244}},{"type":"Feature","id":148899,"geometry":{"type":"Polygon","coordinates":[[[-77.582542767271207,43.170954579867022],[-77.582320766615027,43.166445578895519],[-77.581222766623057,43.166475578698964],[-77.57736876498376,43.173574580171469],[-77.582053766651356,43.173414580864751],[-77.582095767382455,43.170964580156884],[-77.582542767271207,43.170954579867022]]]},"properties":{"OBJECTID":148899,"GEOID20":"360550056002","GEOID10":"360550056002","STATEFP":"36","COUNTYFP":"055","D1C":0.49005320055897256,"D1C5_RET":0.042613321787736747,"D2B_E5MIXA":0.5858518964033933,"D3A":33.199254556059955,"D3AAO":0,"D3B":213.72114956134337,"D4A":101.93000000000001,"D4C":8.6699999999999999,"D4D":118.226399968,"D5AR":100405,"D5BR":86741}},{"type":"Feature","id":148900,"geometry":{"type":"Polygon","coordinates":[[[-77.591267769452571,43.165153578274072],[-77.591319770229433,43.165064578701006],[-77.588840768591581,43.163721578325543],[-77.588712768545065,43.163768578162966],[-77.585159767204672,43.16184357859985],[-77.583536766607821,43.162201578323604],[-77.58280576613862,43.163505579109646],[-77.582520766631589,43.163821578577583],[-77.582462766905266,43.164138578255184],[-77.581222766623057,43.166475578698964],[-77.590621770270502,43.166243577957445],[-77.591267769452571,43.165153578274072]]]},"properties":{"OBJECTID":148900,"GEOID20":"360550056003","GEOID10":"360550056003","STATEFP":"36","COUNTYFP":"055","D1C":6.1597409545692967,"D1C5_RET":0.15794207575818711,"D2B_E5MIXA":0.50859534408632279,"D3A":25.246095319185642,"D3AAO":0,"D3B":134.61886517651141,"D4A":234.69999999999999,"D4C":9,"D4D":88.616865607700007,"D5AR":106516,"D5BR":89493}},{"type":"Feature","id":148901,"geometry":{"type":"Polygon","coordinates":[[[-77.575385764536819,43.164617579149315],[-77.57533976450604,43.163732578374386],[-77.569655762580666,43.1637995791652],[-77.569754763213197,43.165781579431282],[-77.569518762313336,43.165788579703083],[-77.56958676298369,43.167406579536156],[-77.571600763392809,43.167343579385204],[-77.571690762906201,43.167162579141269],[-77.573966764154434,43.167105579029432],[-77.573950764260914,43.166511579491917],[-77.572928763538599,43.166528579385783],[-77.572928763538599,43.164678579096162],[-77.575385764536819,43.164617579149315]]]},"properties":{"OBJECTID":148901,"GEOID20":"360550057001","GEOID10":"360550057001","STATEFP":"36","COUNTYFP":"055","D1C":0.21702925708476278,"D1C5_RET":0.21702925708476278,"D2B_E5MIXA":0,"D3A":23.356786550826023,"D3AAO":0,"D3B":205.07404543735069,"D4A":272.25,"D4C":6,"D4D":119.056049601,"D5AR":90491,"D5BR":86679}},{"type":"Feature","id":148902,"geometry":{"type":"Polygon","coordinates":[[[-77.58280576613862,43.163505579109646],[-77.58312376615595,43.162928578223813],[-77.581244765466025,43.162702578494731],[-77.5777987651541,43.162786578729381],[-77.577918764804679,43.165590579287802],[-77.579337766085359,43.165556578973238],[-77.578765765624837,43.165884579792539],[-77.579081765094003,43.166175578691472],[-77.580174765961445,43.166502578968057],[-77.581222766623057,43.166475578698964],[-77.582462766905266,43.164138578255184],[-77.582520766631589,43.163821578577583],[-77.58280576613862,43.163505579109646]]]},"properties":{"OBJECTID":148902,"GEOID20":"360550057003","GEOID10":"360550057003","STATEFP":"36","COUNTYFP":"055","D1C":4.1744917990952368,"D1C5_RET":0,"D2B_E5MIXA":0.35062082804332872,"D3A":22.245924792513183,"D3AAO":0,"D3B":115.36253135272338,"D4A":0,"D4C":8.3300000000000001,"D4D":160.10827826900001,"D5AR":93281,"D5BR":91703}},{"type":"Feature","id":148903,"geometry":{"type":"Polygon","coordinates":[[[-77.577540764512904,43.16279057767683],[-77.577899765436413,43.161395578490605],[-77.570022763001802,43.160274577336622],[-77.569313761375597,43.162823578975548],[-77.569334762190309,43.163807578237616],[-77.57533976450604,43.163732578374386],[-77.575304764345944,43.162846577983856],[-77.577540764512904,43.16279057767683]]]},"properties":{"OBJECTID":148903,"GEOID20":"360550059001","GEOID10":"360550059001","STATEFP":"36","COUNTYFP":"055","D1C":14.591511853556886,"D1C5_RET":0,"D2B_E5MIXA":0,"D3A":22.933639724710723,"D3AAO":0,"D3B":135.40268121588429,"D4A":402.33999999999997,"D4C":6,"D4D":78.585421483399998,"D5AR":94162,"D5BR":91539}},{"type":"Feature","id":148904,"geometry":{"type":"Polygon","coordinates":[[[-77.584227766894031,43.162049577357386],[-77.585159767204672,43.16184357859985],[-77.584151766726066,43.161297578049286],[-77.583656767156739,43.160913578095034],[-77.583765766936679,43.160919577682833],[-77.584070767433502,43.16119757759742],[-77.584260766506006,43.161239578436202],[-77.582530765779012,43.159824577619013],[-77.580454765445623,43.158426576978314],[-77.580009765206697,43.158172577650561],[-77.577365763712422,43.157054576979277],[-77.575203764063602,43.156205577709002],[-77.574984763780492,43.156223577202304],[-77.574762764022637,43.156120576935621],[-77.569675761773851,43.153365576975183],[-77.566275760594337,43.159723578081767],[-77.577899765436413,43.161395578490605],[-77.577540764512904,43.16279057767683],[-77.581244765466025,43.162702578494731],[-77.58312376615595,43.162928578223813],[-77.583536766607821,43.162201578323604],[-77.584227766894031,43.162049577357386]]]},"properties":{"OBJECTID":148904,"GEOID20":"360550059002","GEOID10":"360550059002","STATEFP":"36","COUNTYFP":"055","D1C":6.8120255305836528,"D1C5_RET":0.1967169088864916,"D2B_E5MIXA":0.65064626373570011,"D3A":12.861993920174553,"D3AAO":0,"D3B":68.370254394615714,"D4A":328.56999999999999,"D4C":12.33,"D4D":44.352356325899997,"D5AR":96441,"D5BR":95176}},{"type":"Feature","id":148905,"geometry":{"type":"Polygon","coordinates":[[[-77.562907760998513,43.165930579427027],[-77.563116760337564,43.165540579319696],[-77.556664759031392,43.165445579857256],[-77.556135758228564,43.164572580363242],[-77.555593757905257,43.16408057937349],[-77.554472757448721,43.164829580206366],[-77.55338275785266,43.166879580993573],[-77.557032758379108,43.166766579368911],[-77.557653759243451,43.167490579854707],[-77.558102758781999,43.168360580806116],[-77.558596759424731,43.169022580811742],[-77.559348759810334,43.170606580683859],[-77.559633760215689,43.170595580562512],[-77.560005760659678,43.171313579681964],[-77.562907760998513,43.165930579427027]]]},"properties":{"OBJECTID":148905,"GEOID20":"360550060001","GEOID10":"360550060001","STATEFP":"36","COUNTYFP":"055","D1C":1.4024039896313842,"D1C5_RET":0.068409950713726062,"D2B_E5MIXA":0.35664706668573187,"D3A":19.808644467782695,"D3AAO":0,"D3B":120.45624121672886,"D4A":433.18000000000001,"D4C":8.3300000000000001,"D4D":91.176782311300002,"D5AR":85255,"D5BR":86584}},{"type":"Feature","id":148906,"geometry":{"type":"Polygon","coordinates":[[[-77.55647175868755,43.163271579752497],[-77.557455757978417,43.161387579102374],[-77.555861758592187,43.161013579011737],[-77.554012757141209,43.161065579266499],[-77.553434756832871,43.160914579992138],[-77.552771756135741,43.162204579364882],[-77.552616756325051,43.162129578844201],[-77.552472757283326,43.162379578474365],[-77.550096756475952,43.166987580628948],[-77.55338275785266,43.166879580993573],[-77.554472757448721,43.164829580206366],[-77.554788757816226,43.16455958072234],[-77.556195757604698,43.163712579356336],[-77.55647175868755,43.163271579752497]]]},"properties":{"OBJECTID":148906,"GEOID20":"360550060003","GEOID10":"360550060003","STATEFP":"36","COUNTYFP":"055","D1C":0.37924324210648458,"D1C5_RET":0.099800853185916999,"D2B_E5MIXA":0.59597355254500772,"D3A":26.093266024000272,"D3AAO":0,"D3B":174.65308988900571,"D4A":214.58000000000001,"D4C":3,"D4D":38.323527623399997,"D5AR":96426,"D5BR":86848}},{"type":"Feature","id":148907,"geometry":{"type":"Polygon","coordinates":[[[-77.639526783769981,43.144791572645531],[-77.639535783092512,43.143884572419289],[-77.636681782434252,43.143894571896801],[-77.636056783168584,43.143793571593093],[-77.636079782734811,43.150251573163359],[-77.637203782666063,43.149997573279705],[-77.639512784424596,43.149206573568094],[-77.639526783769981,43.144791572645531]]]},"properties":{"OBJECTID":148907,"GEOID20":"360550063001","GEOID10":"360550063001","STATEFP":"36","COUNTYFP":"055","D1C":22.044961759955694,"D1C5_RET":0.066002879520825439,"D2B_E5MIXA":0.012667870572910658,"D3A":26.153597648270267,"D3AAO":0,"D3B":164.34893008364259,"D4A":160.93000000000001,"D4C":9.3300000000000001,"D4D":131.37213139799999,"D5AR":112815,"D5BR":130314}},{"type":"Feature","id":148908,"geometry":{"type":"Polygon","coordinates":[[[-77.565153762109517,43.16180257874835],[-77.566275760594337,43.159723578081767],[-77.552869756045027,43.1601815787457],[-77.55160375582355,43.159845578513966],[-77.550810755430092,43.161287578797776],[-77.552771756135741,43.162204579364882],[-77.553434756832871,43.160914579992138],[-77.554012757141209,43.161065579266499],[-77.555861758592187,43.161013579011737],[-77.564438759737243,43.162942579420431],[-77.564534760895015,43.16294157952229],[-77.565153762109517,43.16180257874835]]]},"properties":{"OBJECTID":148908,"GEOID20":"360550060004","GEOID10":"360550060004","STATEFP":"36","COUNTYFP":"055","D1C":3.7651372450736837,"D1C5_RET":0.14862383862132961,"D2B_E5MIXA":0.83311854100686222,"D3A":25.896465774430833,"D3AAO":0,"D3B":172.68372616774431,"D4A":206.53,"D4C":6,"D4D":63.412837811800003,"D5AR":95451,"D5BR":86747}},{"type":"Feature","id":148909,"geometry":{"type":"Polygon","coordinates":[[[-77.547613755538464,43.159582578954605],[-77.543172753370058,43.157259578786238],[-77.538919752420924,43.157449578776067],[-77.533547750665093,43.167615581277126],[-77.534496751592485,43.167628580922901],[-77.53440275188116,43.168615581481724],[-77.533866750507329,43.169015581565745],[-77.533602750916685,43.169083581601292],[-77.533431751212461,43.16967158164114],[-77.533683751107532,43.169967581725409],[-77.535692752392094,43.170835582581539],[-77.535743753344036,43.171720581343486],[-77.537854752040886,43.167481580785513],[-77.538713752556603,43.167473580883758],[-77.538667753424164,43.165854581009292],[-77.544485754345516,43.165521580094236],[-77.546583755318537,43.161587579875771],[-77.546277754098469,43.161532579646419],[-77.544236753026865,43.16235957966861],[-77.543172754268369,43.162390579420062],[-77.543073753635852,43.160780578561749],[-77.545111754334428,43.160712579767484],[-77.545950754758636,43.160558579153999],[-77.547128755116589,43.160508578999021],[-77.547613755538464,43.159582578954605]]]},"properties":{"OBJECTID":148909,"GEOID20":"360550061001","GEOID10":"360550061001","STATEFP":"36","COUNTYFP":"055","D1C":0.48052385337569725,"D1C5_RET":0,"D2B_E5MIXA":0.78814140473303251,"D3A":13.607402806069825,"D3AAO":5.7746199254274195,"D3B":44.208048124350256,"D4A":316.5,"D4C":5,"D4D":16.167366926700002,"D5AR":94351,"D5BR":86689}},{"type":"Feature","id":148910,"geometry":{"type":"Polygon","coordinates":[[[-77.662599790857044,43.141386571605565],[-77.660173788922648,43.137964570392995],[-77.65841378895675,43.138554570952337],[-77.658085788893686,43.139712571160914],[-77.658017789121629,43.140590571231328],[-77.658083789243861,43.141195571238782],[-77.658327788743023,43.14194657122863],[-77.657022789960109,43.142121570673417],[-77.653886788371224,43.142191571622007],[-77.653917788333388,43.144349571955154],[-77.662599790857044,43.141386571605565]]]},"properties":{"OBJECTID":148910,"GEOID20":"360550062003","GEOID10":"360550062003","STATEFP":"36","COUNTYFP":"055","D1C":0.64062944343481365,"D1C5_RET":0.044181340926538873,"D2B_E5MIXA":0.76134641829037697,"D3A":19.298029425372501,"D3AAO":0,"D3B":47.150327036802288,"D4A":34.869999999999997,"D4C":6.6699999999999999,"D4D":94.300654073600001,"D5AR":109748,"D5BR":158953}},{"type":"Feature","id":148911,"geometry":{"type":"Polygon","coordinates":[[[-77.64803078601841,43.142244571743817],[-77.647981785614618,43.138716571034102],[-77.645394784021747,43.138742570821158],[-77.645387783450744,43.138456571244852],[-77.64335778314809,43.138448571475799],[-77.643350785272034,43.142229572122112],[-77.642144784426691,43.142229572122112],[-77.642144784426691,43.143880572234579],[-77.643342784876111,43.143877572259733],[-77.643327784807497,43.147913572652001],[-77.646951785394691,43.146684572622441],[-77.646974784960904,43.142244571743817],[-77.64803078601841,43.142244571743817]]]},"properties":{"OBJECTID":148911,"GEOID20":"360550063003","GEOID10":"360550063003","STATEFP":"36","COUNTYFP":"055","D1C":0.56778795736554288,"D1C5_RET":0.049372865857873295,"D2B_E5MIXA":0.59685101879839142,"D3A":23.94717831598653,"D3AAO":0,"D3B":79.625062204973588,"D4A":0,"D4C":6.6699999999999999,"D4D":51.378462310800003,"D5AR":103085,"D5BR":129043}},{"type":"Feature","id":148912,"geometry":{"type":"Polygon","coordinates":[[[-77.632836781015826,43.142336572489235],[-77.632836781015826,43.141637572446633],[-77.628960779635236,43.141657572135081],[-77.628953779962544,43.139886572136284],[-77.624343778638035,43.139873571831892],[-77.62418477862937,43.139822572174133],[-77.623045777731193,43.140866572653401],[-77.623055777776926,43.142805572912039],[-77.62897577970385,43.14280557225657],[-77.628983780099773,43.143785572522376],[-77.632836781015826,43.143785572522376],[-77.632836781015826,43.142336572489235]]]},"properties":{"OBJECTID":148912,"GEOID20":"360550064003","GEOID10":"360550064003","STATEFP":"36","COUNTYFP":"055","D1C":0.12525694583584035,"D1C5_RET":0.053681548215360156,"D2B_E5MIXA":0.42431466254429612,"D3A":24.829985106416672,"D3AAO":0,"D3B":125.99560393928371,"D4A":170.31999999999999,"D4C":10,"D4D":114.520636193,"D5AR":106061,"D5BR":87817}},{"type":"Feature","id":149658,"geometry":{"type":"Polygon","coordinates":[[[-77.599967763434734,43.060918559097793],[-77.599948763168172,43.059414558791424],[-77.593008761965379,43.059542559485742],[-77.590696761630426,43.063918559621385],[-77.589826760345744,43.063675559918998],[-77.589066760462543,43.063599560416669],[-77.589717761464115,43.06190755918832],[-77.589712760542938,43.061280559951307],[-77.590398760806295,43.061271559689487],[-77.590439760814164,43.060970559141516],[-77.590891761624107,43.060076559571286],[-77.590944760429224,43.059562559098339],[-77.573135755142985,43.059819559873439],[-77.568259753679698,43.068879561516994],[-77.570189755321536,43.06902256199308],[-77.59751576425603,43.068676559671644],[-77.5975147635328,43.067856560193583],[-77.597651762901847,43.067305561018479],[-77.598547763227472,43.066186560054483],[-77.599842763761288,43.063713559962999],[-77.59972076356253,43.063219558866372],[-77.598847763701443,43.061922559468343],[-77.599617763630377,43.061576558419048],[-77.5998307640657,43.061348559699141],[-77.599967763434734,43.060918559097793]]]},"properties":{"OBJECTID":149658,"GEOID20":"360550132031","GEOID10":"360550132031","STATEFP":"36","COUNTYFP":"055","D1C":0.46358833837295155,"D1C5_RET":0,"D2B_E5MIXA":0.13809344994631051,"D3A":9.4230851410629501,"D3AAO":0,"D3B":39.258077444749027,"D4A":-99999,"D4C":-99999,"D4D":-99999,"D5AR":65391,"D5BR":-99999}},{"type":"Feature","id":149669,"geometry":{"type":"Polygon","coordinates":[[[-77.451664732381033,43.261902602208913],[-77.451267731822668,43.26070260190658],[-77.450937732109793,43.260076601911635],[-77.45091273199543,43.259673601208782],[-77.446703729630599,43.260345601858965],[-77.44678772929619,43.250759599230335],[-77.44390372939904,43.250894599859564],[-77.443279728161656,43.251310599921574],[-77.443326729813947,43.252341600106718],[-77.443124728350952,43.252561599940911],[-77.442541728918087,43.252862601022933],[-77.441345728118478,43.253111600302368],[-77.439086727486981,43.253891601017472],[-77.438739728055666,43.253935600974891],[-77.438192726811167,43.253788600650878],[-77.435368727188461,43.252479599720886],[-77.434651726064658,43.252237600645948],[-77.433899725679055,43.252168600603802],[-77.428805724655902,43.252271600438874],[-77.428551723314371,43.232369597140249],[-77.419359720254462,43.232495597989221],[-77.420121722482406,43.265323603961939],[-77.419162722407592,43.265493603490832],[-77.418472721946287,43.265700603876901],[-77.419573723209638,43.266417604332545],[-77.420429723352299,43.266746604204648],[-77.421067723036757,43.266768603794631],[-77.422081723363178,43.266587604076918],[-77.423147722669796,43.266818603249568],[-77.424348724390569,43.266741603404682],[-77.424506724574329,43.266785604542768],[-77.42515972342909,43.267372603645448],[-77.426022725041079,43.26757560359799],[-77.427426725354806,43.267394603009244],[-77.427862725372918,43.267048603353025],[-77.428200725481716,43.266944604153302],[-77.429469725177952,43.267027603365413],[-77.429942725904255,43.267312603794082],[-77.430677726571417,43.267422603912486],[-77.430902726702314,43.267297603494939],[-77.431030726748844,43.266884603225975],[-77.431135726330822,43.266802603977929],[-77.432380726635913,43.266297603996279],[-77.432759725854282,43.266323603107978],[-77.432817726478916,43.266447603398426],[-77.433748726964637,43.266901603287572],[-77.43454272808134,43.267752603074982],[-77.437970728849947,43.265840603002736],[-77.445429730809821,43.263377602053986],[-77.451664732381033,43.261902602208913]]]},"properties":{"OBJECTID":149669,"GEOID20":"360550113012","GEOID10":"360550113012","STATEFP":"36","COUNTYFP":"055","D1C":0.22298282536626982,"D1C5_RET":0.010833173702005011,"D2B_E5MIXA":0.75507164451652142,"D3A":7.760130714648219,"D3AAO":0.042245104928092657,"D3B":22.145545388495862,"D4A":-99999,"D4C":-99999,"D4D":-99999,"D5AR":38982,"D5BR":-99999}},{"type":"Feature","id":149670,"geometry":{"type":"Polygon","coordinates":[[[-77.470107735357132,43.230545595127815],[-77.470499735892616,43.230536594881343],[-77.46131373178217,43.227123594620515],[-77.446646727034249,43.221820594789556],[-77.446642727734613,43.222077594559984],[-77.439623724194149,43.21952759431155],[-77.419163719537551,43.219807595703053],[-77.419359720254462,43.232495597989221],[-77.439609725747076,43.232212597058101],[-77.440822726265111,43.231990596226595],[-77.443173726059797,43.231052595957024],[-77.444088726652012,43.230830596136208],[-77.444766728316068,43.23077759629529],[-77.454788730681074,43.230731595778529],[-77.470107735357132,43.230545595127815]]]},"properties":{"OBJECTID":149670,"GEOID20":"360550113023","GEOID10":"360550113023","STATEFP":"36","COUNTYFP":"055","D1C":0.30789449084756826,"D1C5_RET":0.060755100200690734,"D2B_E5MIXA":0.59858055580583769,"D3A":10.725254665509802,"D3AAO":0,"D3B":30.009551653165317,"D4A":-99999,"D4C":1.3300000000000001,"D4D":0.86727154339800006,"D5AR":44005,"D5BR":-99999}},{"type":"Feature","id":149671,"geometry":{"type":"Polygon","coordinates":[[[-77.446640727186477,43.210978591994269],[-77.4466507263339,43.210362592716962],[-77.441987724407625,43.210599592956328],[-77.437773723816562,43.211360593195117],[-77.427919720782739,43.212557593450057],[-77.421406719377217,43.213568595013491],[-77.419075717877377,43.214014594619769],[-77.419163719537551,43.219807595703053],[-77.439492725571213,43.219509595145986],[-77.446642727734613,43.222077594559984],[-77.446640727186477,43.210978591994269]]]},"properties":{"OBJECTID":149671,"GEOID20":"360550114001","GEOID10":"360550114001","STATEFP":"36","COUNTYFP":"055","D1C":3.9927747911644986,"D1C5_RET":1.4482904445317435,"D2B_E5MIXA":0.84667403752555281,"D3A":19.834487206371854,"D3AAO":5.814691946512605,"D3B":43.759221066079469,"D4A":419.76999999999998,"D4C":1.3300000000000001,"D4D":1.81794727363,"D5AR":49715,"D5BR":10737}},{"type":"Feature","id":149672,"geometry":{"type":"Polygon","coordinates":[[[-77.443150725595274,43.198615590063341],[-77.443156724544735,43.196544590394673],[-77.440425723910138,43.196672589976338],[-77.430371719961457,43.196552591072233],[-77.430321720631056,43.212227593754669],[-77.437773723816562,43.211360593195117],[-77.441688724656885,43.210634592187084],[-77.443085725297934,43.210543593228699],[-77.443150725595274,43.198615590063341]]]},"properties":{"OBJECTID":149672,"GEOID20":"360550114002","GEOID10":"360550114002","STATEFP":"36","COUNTYFP":"055","D1C":2.2382303008931181,"D1C5_RET":0.045678169405982003,"D2B_E5MIXA":0.31030839429236678,"D3A":9.3723216916968592,"D3AAO":0,"D3B":28.254673458173801,"D4A":843.55999999999995,"D4C":1.3300000000000001,"D4D":2.01235491589,"D5AR":45572,"D5BR":14533}},{"type":"Feature","id":149673,"geometry":{"type":"Polygon","coordinates":[[[-77.430328720303763,43.19925359180688],[-77.430371719961457,43.196552591072233],[-77.416918716454816,43.19640559179836],[-77.414744715313816,43.196305591853886],[-77.411480714576754,43.1963685915957],[-77.411324715839442,43.203795593110101],[-77.412946714814765,43.203740593568725],[-77.414083715164821,43.203548591780958],[-77.415773715708838,43.202870591846917],[-77.418545717249643,43.202159592566623],[-77.418902717625002,43.202941591853296],[-77.419021717450704,43.203499592660272],[-77.418956718051689,43.210821593778931],[-77.419075717877377,43.214014594619769],[-77.423580719619892,43.213226594215691],[-77.423628719300467,43.211777593197077],[-77.424366720340672,43.211776593443844],[-77.424511720105627,43.211686593979984],[-77.424470718301123,43.206945592493348],[-77.424589719025121,43.206580592980117],[-77.424988719233284,43.206254593059214],[-77.426372719455543,43.205309591957636],[-77.426898719885344,43.205170591720517],[-77.427877720051626,43.205173592614599],[-77.427884720622643,43.206208593026538],[-77.430345720920513,43.206227592033592],[-77.430328720303763,43.19925359180688]]]},"properties":{"OBJECTID":149673,"GEOID20":"360550114004","GEOID10":"360550114004","STATEFP":"36","COUNTYFP":"055","D1C":0.19619631209099705,"D1C5_RET":0,"D2B_E5MIXA":0.19383315921256858,"D3A":11.978886163695433,"D3AAO":0,"D3B":40.021080850220841,"D4A":364.77999999999997,"D4C":1.3300000000000001,"D4D":1.92304770876,"D5AR":46309,"D5BR":9784}},{"type":"Feature","id":149674,"geometry":{"type":"Polygon","coordinates":[[[-77.526595750665052,43.176050582597945],[-77.522472748513948,43.175601582171545],[-77.521180747454878,43.175222582832809],[-77.518902746556819,43.174349582877554],[-77.517982746840033,43.174188582611642],[-77.516308746189551,43.174214583688347],[-77.51427474479064,43.174588582884269],[-77.513353745248978,43.174884582722548],[-77.512800745953328,43.175154582425996],[-77.511522744239642,43.17619058334116],[-77.509692743953536,43.178970583942593],[-77.507914743545982,43.182427584921975],[-77.502165742221607,43.182431584548588],[-77.502862743253928,43.186122586538751],[-77.503930743108697,43.189939586463069],[-77.500350742902427,43.196723587376248],[-77.50886674574474,43.196813587306579],[-77.514019748115771,43.196791587990731],[-77.518172748607469,43.196512587019178],[-77.522323750347667,43.196771587355599],[-77.521323748468333,43.185771585484424],[-77.522123748534497,43.182571583762083],[-77.52633974967371,43.176553583178809],[-77.526595750665052,43.176050582597945]]]},"properties":{"OBJECTID":149674,"GEOID20":"360550115011","GEOID10":"360550115011","STATEFP":"36","COUNTYFP":"055","D1C":3.2141420784224533,"D1C5_RET":0.17652563483489936,"D2B_E5MIXA":0.67533503430310204,"D3A":14.14286661459195,"D3AAO":0.069317631753244555,"D3B":110.98107126211205,"D4A":474.75999999999999,"D4C":4.3300000000000001,"D4D":4.4475833532199998,"D5AR":64430,"D5BR":5734}},{"type":"Feature","id":149675,"geometry":{"type":"Polygon","coordinates":[[[-77.644558780377309,43.072711558523352],[-77.647094780119929,43.067937558395826],[-77.620802771603309,43.068513559733411],[-77.621029771384045,43.069894560002844],[-77.621259772436133,43.070526559560221],[-77.620127772108944,43.070543560549602],[-77.619945770737445,43.070637559720275],[-77.619823771437012,43.071427560219995],[-77.618427770620869,43.074096560164563],[-77.618633770485189,43.074342561313017],[-77.620750771724786,43.074953560421427],[-77.622785771151982,43.07117355914815],[-77.622933773086629,43.070457560051096],[-77.625014773442885,43.070427560382925],[-77.626242773131224,43.070657559650918],[-77.62529777240178,43.072411560402003],[-77.625129773070597,43.073274560255655],[-77.625331773635281,43.074037559822301],[-77.625622773888423,43.074682560346488],[-77.62681077429211,43.076211560864813],[-77.630161774169508,43.074213559985687],[-77.632384774815989,43.072709559713161],[-77.633280775141614,43.074710559843176],[-77.634545775538214,43.076665561076709],[-77.635302776844981,43.077595560850796],[-77.63961377841872,43.08193156182886],[-77.644558780377309,43.072711558523352]]]},"properties":{"OBJECTID":149675,"GEOID20":"360550131042","GEOID10":"360550131042","STATEFP":"36","COUNTYFP":"055","D1C":1.6583404986629879,"D1C5_RET":0.6843152057735824,"D2B_E5MIXA":0.71465976565814304,"D3A":11.24402307931504,"D3AAO":3.0719446926608374,"D3B":29.042601638523728,"D4A":396.97000000000003,"D4C":2.6699999999999999,"D4D":4.0795321114699998,"D5AR":66679,"D5BR":477}},{"type":"Feature","id":149677,"geometry":{"type":"Polygon","coordinates":[[[-77.611533767652205,43.061048558468102],[-77.612441768571713,43.059402558076826],[-77.610650767745355,43.059246558418167],[-77.602380764950354,43.05937355852793],[-77.602418764585181,43.059112558688973],[-77.602736763704172,43.058552558366003],[-77.601218764485935,43.058161557692749],[-77.600535763697309,43.058181558412173],[-77.599584763120106,43.058400558380377],[-77.599159762972647,43.058359558095212],[-77.598818762490808,43.059028559130674],[-77.598800762947462,43.059432558546298],[-77.599948763168172,43.059414558791424],[-77.599967763434734,43.060918559097793],[-77.5998307640657,43.061348559699141],[-77.599617763630377,43.061576558419048],[-77.598847763701443,43.061922559468343],[-77.59972076356253,43.063219558866372],[-77.599842763761288,43.063713559962999],[-77.598547763227472,43.066186560054483],[-77.597651762901847,43.067305561018479],[-77.5975147635328,43.067856560193583],[-77.59751576425603,43.068676559671644],[-77.605106766460395,43.068564560424981],[-77.607745767931789,43.068715560023357],[-77.608330767014493,43.067122559638186],[-77.610516766952756,43.063267559378687],[-77.611533767652205,43.061048558468102]]]},"properties":{"OBJECTID":149677,"GEOID20":"360550132032","GEOID10":"360550132032","STATEFP":"36","COUNTYFP":"055","D1C":0.58867155687706174,"D1C5_RET":0.096710327201231572,"D2B_E5MIXA":0.8001256741656656,"D3A":16.803190974881002,"D3AAO":0,"D3B":80.767083138520007,"D4A":899.88999999999999,"D4C":1.6699999999999999,"D4D":4.4940868570700001,"D5AR":76343,"D5BR":12243}},{"type":"Feature","id":149678,"geometry":{"type":"Polygon","coordinates":[[[-77.59699576367403,43.059462559001091],[-77.596942763072278,43.058303558589884],[-77.595143762748307,43.058324558902655],[-77.593821761552007,43.057963559276438],[-77.596505762330949,43.052834558634409],[-77.595283762490382,43.052439558005602],[-77.594655761953376,43.052402557931039],[-77.594662761626068,43.0517055586363],[-77.594552762021209,43.051414557229123],[-77.594279761311412,43.051110556941822],[-77.593760760554332,43.050865557500984],[-77.593252761464527,43.050799558124652],[-77.590031759486848,43.050861557799443],[-77.589242759291324,43.051044557172688],[-77.588854759852126,43.051368558102958],[-77.588592759911307,43.051879558445854],[-77.587764758459429,43.053940558938514],[-77.587736759768646,43.054098559041613],[-77.587855759594348,43.054253558963275],[-77.586892759321557,43.054480558764041],[-77.586513759204877,43.054903558730373],[-77.584486758376968,43.058881559790848],[-77.584454758589914,43.059655559738147],[-77.590944760429224,43.059562559098339],[-77.590891761624107,43.060076559571286],[-77.590439760814164,43.060970559141516],[-77.590398760806295,43.061271559689487],[-77.589712760542938,43.061280559951307],[-77.589717761464115,43.06190755918832],[-77.589066760462543,43.063599560416669],[-77.589826760345744,43.063675559918998],[-77.590696761630426,43.063918559621385],[-77.593008761965379,43.059542559485742],[-77.59699576367403,43.059462559001091]]]},"properties":{"OBJECTID":149678,"GEOID20":"360550132034","GEOID10":"360550132034","STATEFP":"36","COUNTYFP":"055","D1C":0.039356121207210069,"D1C5_RET":0.005622303029601438,"D2B_E5MIXA":0.25481959578555757,"D3A":15.527235242570651,"D3AAO":0,"D3B":63.963429393037551,"D4A":-99999,"D4C":-99999,"D4D":-99999,"D5AR":62263,"D5BR":-99999}},{"type":"Feature","id":149681,"geometry":{"type":"Polygon","coordinates":[[[-77.751106809078109,43.021335545717172],[-77.751028809260305,43.019657544777125],[-77.748307807773131,43.019723546129832],[-77.748188807947443,43.019203544734694],[-77.747236808443631,43.019281544633586],[-77.745525807084903,43.019094545290962],[-77.744388806734847,43.019067544977048],[-77.743799807454195,43.019187545551496],[-77.742851806351695,43.019212545915337],[-77.742378805625378,43.019309545785674],[-77.742259806698002,43.019478545478073],[-77.742580806190063,43.019861545624224],[-77.742519806989009,43.019989546105904],[-77.742130806826566,43.020038545249868],[-77.74075580592681,43.019947544838146],[-77.740416805993121,43.01999854520102],[-77.73966980652871,43.020568545407713],[-77.73931180543012,43.020685545573315],[-77.738529804907287,43.020644545692249],[-77.73794180455323,43.021113545997252],[-77.737274804556449,43.021061546313675],[-77.737055805171664,43.020887545789208],[-77.736945803770169,43.020684545320243],[-77.737324804785175,43.019987545577067],[-77.737232805621971,43.019687544982837],[-77.737111804349837,43.019588544511031],[-77.736856804081725,43.01955454579825],[-77.736430805007686,43.019792545587435],[-77.736217805470659,43.020064545530396],[-77.736112804990356,43.020344545681105],[-77.736296804215058,43.02089654606619],[-77.736055805088938,43.020984546297136],[-77.735674804424121,43.021083546488299],[-77.735163804961289,43.021052546060872],[-77.733768803071726,43.02076554606343],[-77.733339803624659,43.020771546260157],[-77.73293180319564,43.020943545958957],[-77.732757803118375,43.021319547089568],[-77.732791802555241,43.021625546390496],[-77.732933803743776,43.021895546284227],[-77.733299803441682,43.022102546296182],[-77.733377803259486,43.02231654719607],[-77.733283803548147,43.022455545683876],[-77.732289803313222,43.022638546383412],[-77.732236802711455,43.022777546112408],[-77.732365802582891,43.022901546871303],[-77.73266080303398,43.022972546472793],[-77.733898803666378,43.022952546750616],[-77.73392480360566,43.023245546987518],[-77.733796804457455,43.023409545967297],[-77.733431803686159,43.023514546773995],[-77.732089802398363,43.023417546322783],[-77.731782802251715,43.023486546882879],[-77.731226803481334,43.023997546989442],[-77.730387803057113,43.024237547021194],[-77.729838802162789,43.024255546591718],[-77.729741802976733,43.023824546450321],[-77.729522802693609,43.024514547270627],[-77.728681801721265,43.025643546615008],[-77.727306802618131,43.026649546859069],[-77.725221801165603,43.027579548204876],[-77.724487801221684,43.028240547711377],[-77.721770801729093,43.033190549528399],[-77.721875800412747,43.033804548502538],[-77.722871801195822,43.034338549442921],[-77.724024801439398,43.034713549270123],[-77.729354804260751,43.032986547664827],[-77.730172803870261,43.0332375492018],[-77.730636803477452,43.033828548128092],[-77.729890803837961,43.035191548613319],[-77.729329803248078,43.035871548329204],[-77.736729805656722,43.036071548472421],[-77.738654806377397,43.035953548079362],[-77.749138809598051,43.036200548642519],[-77.749402810087005,43.030988547201346],[-77.75030580918704,43.02836354650124],[-77.751106809078109,43.021335545717172]]]},"properties":{"OBJECTID":149681,"GEOID20":"360550147001","GEOID10":"360550147001","STATEFP":"36","COUNTYFP":"055","D1C":0.21562586555961619,"D1C5_RET":0.041317531125195921,"D2B_E5MIXA":0.88432251754600588,"D3A":7.3529036687615656,"D3AAO":0,"D3B":23.080085871707219,"D4A":-99999,"D4C":-99999,"D4D":-99999,"D5AR":48850,"D5BR":-99999}},{"type":"Feature","id":149692,"geometry":{"type":"Polygon","coordinates":[[[-77.656685777099796,43.004396545859755],[-77.657388777979904,43.002990546534434],[-77.653086776626978,43.002963545709648],[-77.652373776599447,43.002830546437231],[-77.651724776146025,43.002569546484835],[-77.651158774634951,43.00209254726343],[-77.64918477530712,42.999408545020579],[-77.647234773573786,42.997415544904271],[-77.646252773034433,42.996539544732052],[-77.645133773126048,42.995960545557686],[-77.625772766489732,42.995144546419453],[-77.620122764899548,42.994332545745536],[-77.616761763179795,42.993923545888919],[-77.613435763416746,42.99334854654272],[-77.608196760832001,42.993204545690396],[-77.602928760629851,43.002956547829712],[-77.595224759345911,43.017571551406625],[-77.615016765079133,43.018019550571751],[-77.625325769295912,43.018071549547727],[-77.649525776687298,43.017840549124713],[-77.656685777099796,43.004396545859755]]]},"properties":{"OBJECTID":149692,"GEOID20":"360550133001","GEOID10":"360550133001","STATEFP":"36","COUNTYFP":"055","D1C":0.060856622621659237,"D1C5_RET":0.010078166803586881,"D2B_E5MIXA":0.65482615387124221,"D3A":3.3515067905280844,"D3AAO":0.42369711195296766,"D3B":5.0874350205692105,"D4A":-99999,"D4C":0.33000000000000002,"D4D":0.081198179376499993,"D5AR":35983,"D5BR":-99999}},{"type":"Feature","id":149712,"geometry":{"type":"Polygon","coordinates":[[[-77.433009718913013,43.154041582809171],[-77.433699717577696,43.152902582580204],[-77.425882715417515,43.152771582777874],[-77.426711713999381,43.130542579224532],[-77.425845713810972,43.130508579732378],[-77.425262713479782,43.13033557938202],[-77.420942711685186,43.127922578475228],[-77.420397710988837,43.127728578555462],[-77.419577710831192,43.127621579505707],[-77.418894710042565,43.127667578440011],[-77.418281711370781,43.127809578894144],[-77.409436708640499,43.130479579090114],[-77.400482704333641,43.130573580036952],[-77.400401705041119,43.123669578664689],[-77.400633704844708,43.122882579508392],[-77.38329869921138,43.122821579805887],[-77.376235697984939,43.122969579742055],[-77.373246695810849,43.122812579403892],[-77.373951697239079,43.138352582032056],[-77.374328699502584,43.149609584424162],[-77.374398698924452,43.158661586341758],[-77.374575699374788,43.160366586985226],[-77.375813699108861,43.159988586101029],[-77.377566701198688,43.159771586842453],[-77.386354704027568,43.159696585956162],[-77.400551707523888,43.159659585782094],[-77.412263710432882,43.159731584895916],[-77.431573717913906,43.16001358410297],[-77.431676717846059,43.156592583667305],[-77.431870718014835,43.156054584117364],[-77.433009718913013,43.154041582809171]]]},"properties":{"OBJECTID":149712,"GEOID20":"360550115052","GEOID10":"360550115052","STATEFP":"36","COUNTYFP":"055","D1C":0.021447485834152201,"D1C5_RET":0.00049877874032912099,"D2B_E5MIXA":0.63210448932516483,"D3A":2.6588029260626245,"D3AAO":0,"D3B":2.3416265277979309,"D4A":-99999,"D4C":-99999,"D4D":-99999,"D5AR":33952,"D5BR":-99999}},{"type":"Feature","id":149713,"geometry":{"type":"Polygon","coordinates":[[[-77.505553741908912,43.159158581626592],[-77.505579740949869,43.158110579749234],[-77.500044739885723,43.15802658094907],[-77.499950739276088,43.161353581690634],[-77.494442737077819,43.161323581337641],[-77.494376738752209,43.167859581828026],[-77.484743735651335,43.167772583214877],[-77.484681735727037,43.174621584360366],[-77.490955737656293,43.174630583687851],[-77.490966737526946,43.17331958382141],[-77.490061736980479,43.173311584029143],[-77.490040737962403,43.169316583798434],[-77.490070737201322,43.169171582729582],[-77.490234737232853,43.169097584007929],[-77.491764737943299,43.169109582885923],[-77.491775737813938,43.173327583612618],[-77.49526473958025,43.173357583311621],[-77.495291739344424,43.174951585038663],[-77.495426739063632,43.175104584390731],[-77.501149742245374,43.175108584497117],[-77.501319741226368,43.175043583063648],[-77.501399741592309,43.174894583679155],[-77.501510741022088,43.173855583892703],[-77.503493741469057,43.173908583416868],[-77.503529741454074,43.172799583353431],[-77.503241741573973,43.172509582996092],[-77.505267742576962,43.172484582900815],[-77.505356742265434,43.172426582771422],[-77.505553741908912,43.159158581626592]]]},"properties":{"OBJECTID":149713,"GEOID20":"360550115031","GEOID10":"360550115031","STATEFP":"36","COUNTYFP":"055","D1C":0.11341727694976622,"D1C5_RET":0.0043622029596063934,"D2B_E5MIXA":0.67826207842158293,"D3A":10.815036033634934,"D3AAO":0,"D3B":33.324641196892543,"D4A":-99999,"D4C":-99999,"D4D":-99999,"D5AR":64951,"D5BR":-99999}},{"type":"Feature","id":149714,"geometry":{"type":"Polygon","coordinates":[[[-77.532917751376573,43.167152581504901],[-77.532741751649453,43.166643581781095],[-77.531918751118781,43.166105580312326],[-77.531390751039154,43.165250580532273],[-77.529729749909151,43.1641255804876],[-77.529127749311399,43.163553580311877],[-77.528584750061498,43.163361580518576],[-77.526983749205939,43.163363580301137],[-77.526058748567976,43.162605581364026],[-77.526052748720204,43.162380580347438],[-77.526374748037171,43.161716579945363],[-77.528023748573304,43.16184658031392],[-77.528478748857978,43.161732580600429],[-77.528588749361134,43.161606579669467],[-77.528494747853173,43.161412580463455],[-77.527812748686088,43.161269579485669],[-77.527646749004759,43.161109580052319],[-77.527875748435278,43.160508579654298],[-77.528375748925811,43.159939580184698],[-77.527825749104892,43.159245579401869],[-77.527384748165602,43.158983579843976],[-77.527261748141967,43.158789580172758],[-77.527176748651485,43.156896580263748],[-77.526909748687771,43.156513578865592],[-77.526479747619149,43.156476578729972],[-77.526075747388106,43.156671579192597],[-77.52549074650878,43.157131580439774],[-77.524917748019959,43.157194579326649],[-77.523432746617061,43.155914579158107],[-77.521181745483162,43.154930578596101],[-77.519822746273562,43.154587579390586],[-77.519068746238162,43.154530579997108],[-77.516817744205952,43.154698578574212],[-77.516062745243929,43.154672579675022],[-77.514828743911181,43.154476580005344],[-77.512891743494976,43.153850579384653],[-77.511661742360189,43.153631579197558],[-77.505998741249527,43.153669579794979],[-77.50565974131581,43.154283579826682],[-77.505356742265434,43.172426582771422],[-77.505267742576962,43.172484582900815],[-77.503241741573973,43.172509582996092],[-77.503529741454074,43.172799583353431],[-77.503493741469057,43.173908583416868],[-77.501510741022088,43.173855583892703],[-77.501399741592309,43.174894583679155],[-77.501237742108913,43.175087584263288],[-77.495501739406706,43.175129584723727],[-77.495291739344424,43.174951585038663],[-77.49526473958025,43.173357583311621],[-77.491775737813938,43.173327583612618],[-77.491764737943299,43.169109582885923],[-77.490160736714685,43.169111582480319],[-77.490040737962403,43.169316583798434],[-77.490061736980479,43.173311584029143],[-77.490966737526946,43.17331958382141],[-77.490955737656293,43.174630583687851],[-77.484681735727037,43.174621584360366],[-77.484621737249213,43.182385586206117],[-77.507914743545982,43.182427584921975],[-77.509692743953536,43.178970583942593],[-77.511522744239642,43.17619058334116],[-77.512800745953328,43.175154582425996],[-77.513669746514779,43.174768583036553],[-77.51427474479064,43.174588582884269],[-77.516308746189551,43.174214583688347],[-77.517982746840033,43.174188582611642],[-77.518902746556819,43.174349582877554],[-77.521180747454878,43.175222582832809],[-77.522472748513948,43.175601582171545],[-77.526595750665052,43.176050582597945],[-77.526850749136557,43.174850582995568],[-77.528716750305975,43.172544582457178],[-77.529170750765715,43.172238582334693],[-77.529643749695424,43.172153581591836],[-77.530553751163069,43.172404581872073],[-77.531328751114884,43.172121581805655],[-77.532092751196032,43.171072581741655],[-77.530578749480796,43.170813582419335],[-77.528221748940013,43.170705581031683],[-77.527993749334385,43.170509582999983],[-77.528149748969994,43.169862582127521],[-77.528149749868319,43.16896358218127],[-77.528341749488916,43.168731582371997],[-77.528881749264087,43.168947581454539],[-77.529768749368898,43.169142581426222],[-77.530099749805004,43.169148581516268],[-77.530074749690641,43.168116580946176],[-77.530343751100787,43.167976580693846],[-77.531742750493336,43.168119581696821],[-77.532268750923137,43.168000580853466],[-77.532789750431718,43.167732581265511],[-77.532917751376573,43.167152581504901]]]},"properties":{"OBJECTID":149714,"GEOID20":"360550115032","GEOID10":"360550115032","STATEFP":"36","COUNTYFP":"055","D1C":0.62627072350026347,"D1C5_RET":0.015151711052425729,"D2B_E5MIXA":0.53708317498223201,"D3A":6.6271721795483849,"D3AAO":0.11761697069419488,"D3B":18.462796360938899,"D4A":-99999,"D4C":2,"D4D":0.86505160291100003,"D5AR":69495,"D5BR":-99999}},{"type":"Feature","id":149715,"geometry":{"type":"Polygon","coordinates":[[[-77.43131371852121,43.167121585480253],[-77.431573717913906,43.16001358410297],[-77.412263710432882,43.159731584895916],[-77.393110706005658,43.159656585926385],[-77.377871700797215,43.159762586636091],[-77.376473701229571,43.159873586248722],[-77.375371699242976,43.160090586455603],[-77.374575699374788,43.160366586985226],[-77.374550700158736,43.172949588894099],[-77.374708701240806,43.177751589964295],[-77.374712700540456,43.182735590779338],[-77.377109701264203,43.181785590354586],[-77.37853470239267,43.18168159036054],[-77.401141710222703,43.181632589401204],[-77.430709720070254,43.181926588016651],[-77.43131371852121,43.167121585480253]]]},"properties":{"OBJECTID":149715,"GEOID20":"360550115051","GEOID10":"360550115051","STATEFP":"36","COUNTYFP":"055","D1C":0.053457249030051619,"D1C5_RET":0,"D2B_E5MIXA":0.4083968640458242,"D3A":3.2571500440877208,"D3AAO":0,"D3B":3.0060889357266651,"D4A":-99999,"D4C":-99999,"D4D":-99999,"D5AR":33007,"D5BR":-99999}},{"type":"Feature","id":149716,"geometry":{"type":"Polygon","coordinates":[[[-77.46410072530675,43.124439576424372],[-77.464075725192387,43.123907575752604],[-77.463614724161602,43.123439575827717],[-77.458179723554906,43.123350576481975],[-77.457990724307336,43.129075577800293],[-77.459425723684902,43.129127577694319],[-77.45935972356267,43.131185577843006],[-77.457252723267132,43.13112257837092],[-77.45722972459923,43.132392577820497],[-77.45207872187801,43.132272577797991],[-77.451816721937192,43.132317578079864],[-77.451668721799194,43.132524578425588],[-77.451625722141486,43.133534578522259],[-77.455018722749998,43.133609578737151],[-77.45556072307329,43.133545578105021],[-77.456075723632409,43.135632578579759],[-77.459433724979149,43.13518857914454],[-77.459676725551702,43.136144578709946],[-77.461357725874876,43.135927578694215],[-77.46177872582436,43.137547578666442],[-77.462080725948169,43.137809578351145],[-77.462482725631062,43.137912579323384],[-77.463750725502379,43.137920579162568],[-77.46410072530675,43.124439576424372]]]},"properties":{"OBJECTID":149716,"GEOID20":"360550116011","GEOID10":"360550116011","STATEFP":"36","COUNTYFP":"055","D1C":0.20851861600370281,"D1C5_RET":0,"D2B_E5MIXA":0.44716591938372308,"D3A":13.621276678838777,"D3AAO":0,"D3B":51.017690337436683,"D4A":0,"D4C":1,"D4D":3.2549247376200001,"D5AR":61296,"D5BR":9437}},{"type":"Feature","id":149718,"geometry":{"type":"Polygon","coordinates":[[[-77.485085732364823,43.127864576035869],[-77.48496873218896,43.127541576117316],[-77.484570732704015,43.127205576084954],[-77.485080732341956,43.126604576001625],[-77.484176731620408,43.12703857651789],[-77.483053730615737,43.126894575920488],[-77.482560732492871,43.126664576029832],[-77.481954731697158,43.126108575481354],[-77.481946731301221,43.125659575826319],[-77.483039731270352,43.123771575375713],[-77.481320731312337,43.123671575156386],[-77.477719729393058,43.123671575812061],[-77.476023729001255,43.123773575798062],[-77.468655727277977,43.123504576432062],[-77.463614724161602,43.123439575827717],[-77.464019725115875,43.123808576294046],[-77.46411272590062,43.124051576169258],[-77.463958725914836,43.131251578500361],[-77.469752726546744,43.131390577257918],[-77.4711697281776,43.131404577813292],[-77.471908728144399,43.131342577670793],[-77.475889730005264,43.130085576506723],[-77.479225730712372,43.129128576178921],[-77.483985732723013,43.128476576034906],[-77.484042731726106,43.128269577067627],[-77.485085732364823,43.127864576035869]]]},"properties":{"OBJECTID":149718,"GEOID20":"360550116012","GEOID10":"360550116012","STATEFP":"36","COUNTYFP":"055","D1C":1.7207777870805123,"D1C5_RET":0.085852254019201268,"D2B_E5MIXA":0.72510241487401605,"D3A":14.647809265341021,"D3AAO":0,"D3B":55.328966770309833,"D4A":600.82000000000005,"D4C":1.6699999999999999,"D4D":3.7443520081999999,"D5AR":65566,"D5BR":21989}},{"type":"Feature","id":149723,"geometry":{"type":"Polygon","coordinates":[[[-77.803308839096289,43.195181574498612],[-77.80340184077933,43.195041575389631],[-77.8025128392281,43.194575573880527],[-77.801388839296834,43.193840574389249],[-77.800364838924679,43.193344574499754],[-77.798568838973765,43.191994574587738],[-77.795100837123869,43.190054573591745],[-77.793533836603501,43.18987057482628],[-77.793220835710741,43.189772574225088],[-77.788533835291659,43.189770573997329],[-77.786985834139557,43.190075573917476],[-77.777956831286261,43.191472575802464],[-77.776054831030152,43.191196575671739],[-77.773519830214127,43.190944575259607],[-77.773341830837197,43.194708576447667],[-77.784115833587776,43.194955574926375],[-77.799640839026495,43.19544557534995],[-77.800340838635222,43.193479574616759],[-77.803308839096289,43.195181574498612]]]},"properties":{"OBJECTID":149723,"GEOID20":"360550149011","GEOID10":"360550149011","STATEFP":"36","COUNTYFP":"055","D1C":4.3804813575546762,"D1C5_RET":0.038091142239605878,"D2B_E5MIXA":0.17501557524378189,"D3A":14.584190096261947,"D3AAO":0,"D3B":47.029847098646904,"D4A":-99999,"D4C":0.67000000000000004,"D4D":1.7497777407899999,"D5AR":52810,"D5BR":-99999}},{"type":"Feature","id":149724,"geometry":{"type":"Polygon","coordinates":[[[-77.846323858890912,43.258100583513247],[-77.845201858609471,43.258008584446166],[-77.803025844628976,43.258680585809024],[-77.750863828268479,43.259089587602986],[-77.750246829398733,43.27361359103643],[-77.78014783933223,43.273456589978629],[-77.81355284930396,43.273007588904711],[-77.813997851339522,43.287695590135435],[-77.832579857826076,43.287258589995368],[-77.837370857103934,43.27692858757473],[-77.846323858890912,43.258100583513247]]]},"properties":{"OBJECTID":149724,"GEOID20":"360550148022","GEOID10":"360550148022","STATEFP":"36","COUNTYFP":"055","D1C":0.016429469185941507,"D1C5_RET":0.0026933556042527057,"D2B_E5MIXA":0.56062410241506055,"D3A":2.6973310041922614,"D3AAO":0.16029507099414858,"D3B":1.5520623270842473,"D4A":-99999,"D4C":0.67000000000000004,"D4D":0.11549108831,"D5AR":23782,"D5BR":-99999}},{"type":"Feature","id":149725,"geometry":{"type":"Polygon","coordinates":[[[-77.777448840281295,43.292717593584356],[-77.775987839167826,43.292437593127524],[-77.775045839709747,43.292090592916324],[-77.774481838746823,43.291736592480959],[-77.771539837326713,43.289306592912695],[-77.770540837068921,43.288760593095972],[-77.769564837275652,43.288452593015585],[-77.768664836752066,43.288355593062256],[-77.749577830650452,43.288356593520945],[-77.748978830425742,43.300293594845819],[-77.748530831610395,43.312404597729881],[-77.748443834266709,43.334929602186456],[-77.748890835053757,43.342888603497812],[-77.770744840876674,43.34395360320778],[-77.774319841958388,43.344007602066007],[-77.774440842332211,43.339711600958758],[-77.773602842631192,43.333259601015484],[-77.776502842421891,43.333083600411321],[-77.775811841237356,43.325962599049696],[-77.774934840279982,43.314678597948223],[-77.774258838265752,43.298954594285185],[-77.774784838695538,43.297104593814268],[-77.774755839281525,43.295978593743008],[-77.774921838962868,43.295566593625665],[-77.776137839853973,43.293589593267974],[-77.777372840113316,43.293065593214784],[-77.777448840281295,43.292717593584356]]]},"properties":{"OBJECTID":149725,"GEOID20":"360550148032","GEOID10":"360550148032","STATEFP":"36","COUNTYFP":"055","D1C":0.044895626458971098,"D1C5_RET":0,"D2B_E5MIXA":0.52944446126122835,"D3A":3.1540654742631715,"D3AAO":0.58875903522837758,"D3B":2.5017841403407926,"D4A":-99999,"D4C":-99999,"D4D":-99999,"D5AR":34786,"D5BR":-99999}},{"type":"Feature","id":149726,"geometry":{"type":"Polygon","coordinates":[[[-77.813147851942958,43.302240593926307],[-77.8122438503231,43.287741590139625],[-77.792924844417882,43.288100591948115],[-77.793817845268791,43.302905594389635],[-77.813147851942958,43.302240593926307]]]},"properties":{"OBJECTID":149726,"GEOID20":"360550148041","GEOID10":"360550148041","STATEFP":"36","COUNTYFP":"055","D1C":0.28145782900942756,"D1C5_RET":0.04585548899591798,"D2B_E5MIXA":0.84161617326518279,"D3A":9.3378362982819691,"D3AAO":0.23218993090442064,"D3B":30.371639961279783,"D4A":1193.5999999999999,"D4C":0.67000000000000004,"D4D":0.67802874763599996,"D5AR":30700,"D5BR":3610}},{"type":"Feature","id":149727,"geometry":{"type":"Polygon","coordinates":[[[-77.794341846048738,43.310390596168943],[-77.792924844417882,43.288100591948115],[-77.791572843982678,43.288113591425635],[-77.778795838897011,43.292557592920758],[-77.778042838686503,43.292676593397211],[-77.777460839976854,43.292686594003577],[-77.777372840113316,43.293065593214784],[-77.776097838772685,43.293639593571164],[-77.774921838962868,43.295566593625665],[-77.774755839281525,43.295978593743008],[-77.774784838695538,43.297104593814268],[-77.774258838265752,43.298954594285185],[-77.774729840240568,43.31112559642056],[-77.794341846048738,43.310390596168943]]]},"properties":{"OBJECTID":149727,"GEOID20":"360550148042","GEOID10":"360550148042","STATEFP":"36","COUNTYFP":"055","D1C":0.30535136790838791,"D1C5_RET":0.0059176621687672066,"D2B_E5MIXA":0.82195090293144224,"D3A":5.6147794184271316,"D3AAO":0.40586168353898466,"D3B":26.709287438967529,"D4A":-99999,"D4C":0.67000000000000004,"D4D":0.50625841869699995,"D5AR":30742,"D5BR":-99999}},{"type":"Feature","id":149728,"geometry":{"type":"Polygon","coordinates":[[[-77.791572843982678,43.288113591425635],[-77.791072842593849,43.273350589197882],[-77.750246829398733,43.27361359103643],[-77.749577830650452,43.288356593520945],[-77.769210836375024,43.288397592697031],[-77.770150837081573,43.288623592475766],[-77.771227837157184,43.289105592450831],[-77.774481838746823,43.291736592480959],[-77.775178837982523,43.292159593481585],[-77.776221839519565,43.29248959385162],[-77.777650839947668,43.29268859281698],[-77.778795838897011,43.292557592920758],[-77.791572843982678,43.288113591425635]]]},"properties":{"OBJECTID":149728,"GEOID20":"360550148043","GEOID10":"360550148043","STATEFP":"36","COUNTYFP":"055","D1C":0.60819685459150463,"D1C5_RET":0.033149772942139853,"D2B_E5MIXA":0.42109384731027633,"D3A":3.7051208309401034,"D3AAO":0,"D3B":11.085980613943592,"D4A":804.66999999999996,"D4C":0.67000000000000004,"D4D":0.28924829671500002,"D5AR":33607,"D5BR":1816}},{"type":"Feature","id":149729,"geometry":{"type":"Polygon","coordinates":[[[-77.872517863006635,43.203009572441879],[-77.872633863357606,43.202774573289183],[-77.868454861130004,43.201084572824698],[-77.866482860553688,43.200102572932636],[-77.864394859626401,43.19941057264743],[-77.859798858545616,43.197427572156556],[-77.856987857545064,43.196298572159272],[-77.85401285561467,43.195753572498411],[-77.852539855703938,43.195670571780482],[-77.850686854953338,43.19583057236126],[-77.849243854281511,43.196364573235726],[-77.848263854290295,43.196638572912839],[-77.843731853681902,43.199845573535626],[-77.842924853044735,43.200147574351547],[-77.840772851645042,43.200304573846886],[-77.838661852049881,43.200007574193833],[-77.838463851683159,43.199891574437274],[-77.8367208514357,43.199513573259914],[-77.832883849514843,43.198013573693402],[-77.831357849002373,43.197308573417764],[-77.82974284880143,43.196670573602695],[-77.827480847796878,43.196314572922915],[-77.825710846886921,43.196339573084465],[-77.824723847222998,43.196188573917553],[-77.823636846203343,43.196196573331996],[-77.823480845669437,43.196041573766806],[-77.823477847093002,43.196309574199141],[-77.821734845947233,43.196282574010958],[-77.821427845800571,43.196319574265821],[-77.821279846560884,43.196411574147319],[-77.817268844562761,43.196258573833695],[-77.816831843821461,43.196141574143994],[-77.799640839026495,43.19544557534995],[-77.797406838509346,43.20160557590922],[-77.796905839092233,43.204316576317325],[-77.82241684691094,43.205146574740752],[-77.829134849254189,43.205569575760748],[-77.870974862775739,43.20628557314793],[-77.872517863006635,43.203009572441879]]]},"properties":{"OBJECTID":149729,"GEOID20":"360550149031","GEOID10":"360550149031","STATEFP":"36","COUNTYFP":"055","D1C":0.094945103384918461,"D1C5_RET":0.0048277171212670403,"D2B_E5MIXA":0.68298225319679162,"D3A":6.4086779221058894,"D3AAO":0,"D3B":11.089630861484522,"D4A":-99999,"D4C":0.67000000000000004,"D4D":0.32766152219099998,"D5AR":44467,"D5BR":-99999}},{"type":"Feature","id":149730,"geometry":{"type":"Polygon","coordinates":[[[-77.823480845669437,43.196041573766806],[-77.823468846872188,43.195581574112374],[-77.823078845986515,43.19383157330882],[-77.823100846626147,43.193509572928534],[-77.820672845940251,43.193304574237906],[-77.812733842683031,43.19217057421308],[-77.803758839358096,43.190771573701248],[-77.803911840417271,43.190014573138448],[-77.804784840278373,43.190177573806245],[-77.805108839245165,43.188631573141905],[-77.805426840160791,43.188430573674175],[-77.805669839835033,43.188412573845916],[-77.805547840534601,43.187914572782127],[-77.805627840002245,43.186290572255302],[-77.803889839777668,43.186217573489174],[-77.800932838288929,43.190369573134411],[-77.79923383842241,43.190070573372772],[-77.79923283859749,43.190866574375413],[-77.79839983712273,43.191904574099432],[-77.800364838924679,43.193344574499754],[-77.801388839296834,43.193840574389249],[-77.8025128392281,43.194575573880527],[-77.80340184077933,43.195041575389631],[-77.803308839096289,43.195181574498612],[-77.803233840549851,43.19517057487495],[-77.800340838635222,43.193479574616759],[-77.799640839026495,43.19544557534995],[-77.816831843821461,43.196141574143994],[-77.817268844562761,43.196258573833695],[-77.821279846560884,43.196411574147319],[-77.821427845800571,43.196319574265821],[-77.821734845947233,43.196282574010958],[-77.823477847093002,43.196309574199141],[-77.823480845669437,43.196041573766806]]]},"properties":{"OBJECTID":149730,"GEOID20":"360550149012","GEOID10":"360550149012","STATEFP":"36","COUNTYFP":"055","D1C":1.9972827058754254,"D1C5_RET":0.17093860996231119,"D2B_E5MIXA":0.85828774539151487,"D3A":16.721561558934027,"D3AAO":0,"D3B":58.561048045550848,"D4A":341.99000000000001,"D4C":0.67000000000000004,"D4D":1.9289072410699999,"D5AR":60698,"D5BR":950}},{"type":"Feature","id":149731,"geometry":{"type":"Polygon","coordinates":[[[-77.854401855777098,43.18379457013107],[-77.854629856281036,43.179106569630953],[-77.838485850526141,43.178522569911145],[-77.82422884585705,43.177816570828],[-77.804510839743685,43.177057571422317],[-77.803973839443259,43.185902572168736],[-77.803889839777668,43.186217573489174],[-77.805627840002245,43.186290572255302],[-77.805547840534601,43.187914572782127],[-77.805669839835033,43.188412573845916],[-77.805426840160791,43.188430573674175],[-77.805108839245165,43.188631573141905],[-77.804784840278373,43.190177573806245],[-77.803911840417271,43.190014573138448],[-77.803758839358096,43.190771573701248],[-77.812733842683031,43.19217057421308],[-77.820672845940251,43.193304574237906],[-77.823100846626147,43.193509572928534],[-77.823568845532989,43.187043572521482],[-77.841519851109439,43.18781257107652],[-77.85418485604211,43.188261570784249],[-77.854401855777098,43.18379457013107]]]},"properties":{"OBJECTID":149731,"GEOID20":"360550149013","GEOID10":"360550149013","STATEFP":"36","COUNTYFP":"055","D1C":0.42123052521428916,"D1C5_RET":0.017419307433673613,"D2B_E5MIXA":0.77049715947023778,"D3A":8.1915974863877761,"D3AAO":2.8885409912162858,"D3B":16.221872562792694,"D4A":116.68000000000001,"D4C":1,"D4D":0.506743488779,"D5AR":62379,"D5BR":5309}},{"type":"Feature","id":149732,"geometry":{"type":"Polygon","coordinates":[[[-77.804172838736577,43.182671572148976],[-77.804200839223952,43.181718572610741],[-77.802806838955959,43.181600572310678],[-77.788468833197697,43.18125057236616],[-77.773891829759791,43.180987573254825],[-77.773582829963317,43.18837057531772],[-77.773653829210105,43.190323574878569],[-77.773519830214127,43.190944575259607],[-77.776054831030152,43.191196575671739],[-77.777956831286261,43.191472575802464],[-77.786985834139557,43.190075573917476],[-77.788533835291659,43.189770573997329],[-77.793220835710741,43.189772574225088],[-77.793533836603501,43.18987057482628],[-77.795100837123869,43.190054573591745],[-77.79839983712273,43.191904574099432],[-77.79923283859749,43.190866574375413],[-77.79923383842241,43.190070573372772],[-77.800932838288929,43.190369573134411],[-77.803889839777668,43.186217573489174],[-77.804172838736577,43.182671572148976]]]},"properties":{"OBJECTID":149732,"GEOID20":"360550149014","GEOID10":"360550149014","STATEFP":"36","COUNTYFP":"055","D1C":1.9436620294820839,"D1C5_RET":0.039737090380522602,"D2B_E5MIXA":0.28220264683481971,"D3A":10.640494461081648,"D3AAO":0,"D3B":39.112004456140617,"D4A":698.72000000000003,"D4C":1,"D4D":1.0760132178599999,"D5AR":61252,"D5BR":1629}},{"type":"Feature","id":149734,"geometry":{"type":"Polygon","coordinates":[[[-77.889660865426094,43.167538566132251],[-77.890362866481269,43.166069564865531],[-77.870911859433264,43.165731566515319],[-77.846076850933869,43.165061567316748],[-77.820378842619121,43.163935568496015],[-77.805151838004548,43.163427568721339],[-77.804510839743685,43.177057571422317],[-77.82422884585705,43.177816570828],[-77.838485850526141,43.178522569911145],[-77.854629856281036,43.179106569630953],[-77.85418485604211,43.188261570784249],[-77.841519851109439,43.18781257107652],[-77.823568845532989,43.187043572521482],[-77.823078845986515,43.19383157330882],[-77.823468846872188,43.195581574112374],[-77.823480845669437,43.196041573766806],[-77.823636846203343,43.196196573331996],[-77.824723847222998,43.196188573917553],[-77.825710846886921,43.196339573084465],[-77.827480847796878,43.196314572922915],[-77.82974284880143,43.196670573602695],[-77.831357849002373,43.197308573417764],[-77.832883849514843,43.198013573693402],[-77.8367208514357,43.199513573259914],[-77.838463851683159,43.199891574437274],[-77.838661852049881,43.200007574193833],[-77.840772851645042,43.200304573846886],[-77.842924853044735,43.200147574351547],[-77.843731853681902,43.199845573535626],[-77.848263854290295,43.196638572912839],[-77.849243854281511,43.196364573235726],[-77.850686854953338,43.19583057236126],[-77.852539855703938,43.195670571780482],[-77.85401285561467,43.195753572498411],[-77.856987857545064,43.196298572159272],[-77.859798858545616,43.197427572156556],[-77.864394859626401,43.19941057264743],[-77.866482860553688,43.200102572932636],[-77.868454861130004,43.201084572824698],[-77.872633863357606,43.202774573289183],[-77.879435864468121,43.188879570800843],[-77.88026786432134,43.187592570657387],[-77.88373686419952,43.17985556831713],[-77.888260864411976,43.171416566784153],[-77.889660865426094,43.167538566132251]]]},"properties":{"OBJECTID":149734,"GEOID20":"360550149032","GEOID10":"360550149032","STATEFP":"36","COUNTYFP":"055","D1C":0.011693872221196441,"D1C5_RET":0.00053153964641801995,"D2B_E5MIXA":0.44042267335577318,"D3A":2.6956691159392774,"D3AAO":0.45187797775205102,"D3B":1.7476896847979684,"D4A":-99999,"D4C":1,"D4D":0.14974635290900001,"D5AR":47780,"D5BR":-99999}},{"type":"Feature","id":149748,"geometry":{"type":"Polygon","coordinates":[[[-77.463712725867538,43.139212578779919],[-77.463750725502379,43.137920579162568],[-77.462482725631062,43.137912579323384],[-77.462206725446535,43.137860579687938],[-77.461892726525491,43.137682579567411],[-77.461714726250264,43.137410578802161],[-77.461357725874876,43.135927578694215],[-77.459676725551702,43.136144578709946],[-77.459433724979149,43.13518857914454],[-77.456075723632409,43.135632578579759],[-77.45556072307329,43.133545578105021],[-77.455018722749998,43.133609578737151],[-77.451625722141486,43.133534578522259],[-77.451668721799194,43.132524578425588],[-77.451889721732115,43.132293578327008],[-77.45722972459923,43.132392577820497],[-77.457252723267132,43.13112257837092],[-77.453761722749334,43.130981577506525],[-77.441278719188176,43.130744578864253],[-77.441901719702329,43.134598578884528],[-77.441790719374254,43.138408579825601],[-77.441563719593532,43.13975458021168],[-77.440882719353041,43.141189580857507],[-77.442952720736969,43.141312580525572],[-77.444353721575979,43.141311580273488],[-77.451022722617139,43.140939579746401],[-77.460525726021672,43.142068579621501],[-77.463614725958237,43.142240579317352],[-77.463712725867538,43.139212578779919]]]},"properties":{"OBJECTID":149748,"GEOID20":"360550116013","GEOID10":"360550116013","STATEFP":"36","COUNTYFP":"055","D1C":1.3395217608434693,"D1C5_RET":0.11411747252621848,"D2B_E5MIXA":0.66652239473101005,"D3A":11.18446608719958,"D3AAO":0,"D3B":31.130423677159108,"D4A":1131.9100000000001,"D4C":5,"D4D":7.6517608094499998,"D5AR":58608,"D5BR":17441}},{"type":"Feature","id":149749,"geometry":{"type":"Polygon","coordinates":[[[-77.511435740607737,43.129205575485692],[-77.511274740050951,43.12708557506415],[-77.510302739557332,43.126529575064112],[-77.510774740458743,43.125858574342374],[-77.510997740939828,43.124752574380594],[-77.510409740585771,43.124629574184944],[-77.51029374113314,43.125151573904667],[-77.510090739845225,43.125251574327315],[-77.510042741062975,43.125594574889085],[-77.509721739774292,43.125885574855552],[-77.50911373932874,43.1262065746525],[-77.509115740775187,43.126711574207803],[-77.509029739663163,43.12679557539515],[-77.507031740045875,43.126838575450975],[-77.50679673986923,43.126655574881987],[-77.506777739602668,43.125630575507472],[-77.506509738915753,43.125543574468551],[-77.506445739341643,43.125435575018841],[-77.506445739341643,43.124919574287773],[-77.506651738307653,43.12401957413902],[-77.506752738589995,43.12393357462355],[-77.483039731270352,43.123771575375713],[-77.481917731887222,43.12573657556613],[-77.481919731537033,43.126026576321827],[-77.482073731522831,43.126266575726682],[-77.48269973241004,43.126756575958723],[-77.483053730615737,43.126894575920488],[-77.484176731620408,43.12703857651789],[-77.485080732341956,43.126604576001625],[-77.484570732704015,43.127205576084954],[-77.48496873218896,43.127541576117316],[-77.485085732364823,43.127864576035869],[-77.484042731726106,43.128269577067627],[-77.483985732723013,43.128476576034906],[-77.483671732005334,43.128516576802937],[-77.483885732265577,43.12873257708906],[-77.48466773368672,43.128701575999187],[-77.485411733676386,43.12892457684876],[-77.486662732930952,43.129902577129258],[-77.493891735635373,43.134057577353332],[-77.495376737038285,43.134738576950298],[-77.496678736346453,43.13505057691826],[-77.49789673688737,43.135155576688121],[-77.498612737287957,43.135145576436862],[-77.498790737563183,43.134574576749067],[-77.499469738153834,43.133789575730894],[-77.499525737332036,43.132801576658416],[-77.499397736387181,43.132677575209534],[-77.499856737768127,43.13243857710021],[-77.499894738301279,43.131834576733745],[-77.500420737832741,43.130935575819819],[-77.500600737757793,43.130770575484952],[-77.501151737403617,43.130565575958727],[-77.501669738335792,43.130645576047463],[-77.50163373745248,43.129154575453335],[-77.503853738624215,43.129137575651626],[-77.503853737725905,43.12937857640987],[-77.506208738616863,43.129360576222837],[-77.506161739659518,43.131250576116912],[-77.506899740699708,43.131037576149808],[-77.507791739929075,43.130505575167867],[-77.50846673942344,43.130253575399458],[-77.508541739766528,43.130088575191529],[-77.508429740511858,43.129808576462324],[-77.509028740736568,43.129413575665737],[-77.509523740305895,43.129304574732899],[-77.510459740814468,43.129255575026178],[-77.511186741085723,43.129096575493421],[-77.511435740607737,43.129205575485692]]]},"properties":{"OBJECTID":149749,"GEOID20":"360550116031","GEOID10":"360550116031","STATEFP":"36","COUNTYFP":"055","D1C":5.9628853317101456,"D1C5_RET":1.4600577612059256,"D2B_E5MIXA":0.84048572136106381,"D3A":15.605053141651018,"D3AAO":4.3013710224811135,"D3B":68.996857368236363,"D4A":591.42999999999995,"D4C":1.6699999999999999,"D4D":2.4680264699999999,"D5AR":74670,"D5BR":14747}},{"type":"Feature","id":149750,"geometry":{"type":"Polygon","coordinates":[[[-77.517214742069356,43.12411957378945],[-77.517221741742063,43.12402557407016],[-77.506752738589995,43.12393357462355],[-77.506651738307653,43.12401957413902],[-77.506445739341643,43.124919574287773],[-77.506445739341643,43.125435575018841],[-77.506509738915753,43.125543574468551],[-77.506777739602668,43.125630575507472],[-77.50679673986923,43.126655574881987],[-77.506922738469314,43.126796574573405],[-77.507162738668825,43.126863575210301],[-77.509029739663163,43.12679557539515],[-77.509115740775187,43.126711574207803],[-77.50911373932874,43.1262065746525],[-77.509721739774292,43.125885574855552],[-77.510042741062975,43.125594574889085],[-77.510090739845225,43.125251574327315],[-77.51029374113314,43.125151573904667],[-77.510409740585771,43.124629574184944],[-77.510997740939828,43.124752574380594],[-77.510774740458743,43.125858574342374],[-77.510302739557332,43.126529575064112],[-77.511274740050951,43.12708557506415],[-77.511337740698451,43.128396575075989],[-77.511515741872003,43.12929457549172],[-77.512022741136903,43.129622575581756],[-77.513567741915949,43.129931574767127],[-77.514601742333838,43.130667575594622],[-77.515155741454393,43.130766574442262],[-77.516068743295094,43.131227575706873],[-77.516758742858087,43.131162574786146],[-77.516996743407773,43.131413574984386],[-77.517214742069356,43.12411957378945]]]},"properties":{"OBJECTID":149750,"GEOID20":"360550116032","GEOID10":"360550116032","STATEFP":"36","COUNTYFP":"055","D1C":6.5869084034179464,"D1C5_RET":0,"D2B_E5MIXA":0.012039870074479564,"D3A":20.331657972122599,"D3AAO":0,"D3B":111.03911199985674,"D4A":-99999,"D4C":-99999,"D4D":-99999,"D5AR":83534,"D5BR":-99999}},{"type":"Feature","id":149751,"geometry":{"type":"Polygon","coordinates":[[[-77.502245739892601,43.151268579271083],[-77.502184738894911,43.150918579820008],[-77.501857738656767,43.150551579272758],[-77.501259739155273,43.150224579475179],[-77.50030473927842,43.149963579361277],[-77.499750738361229,43.149537579282324],[-77.49962873906081,43.149131579376075],[-77.49970473922879,43.147864579335447],[-77.499619737941671,43.147458579458444],[-77.499261738639689,43.146889579067313],[-77.497561738049939,43.145004578452301],[-77.496893737329927,43.1428605781988],[-77.496427738072924,43.141955578647163],[-77.495877737353695,43.141417578064029],[-77.494219736596733,43.14056657734713],[-77.494023736778175,43.141975578887056],[-77.492300735723873,43.144272579262079],[-77.491978736406921,43.145121578482822],[-77.491581734950259,43.145433578561807],[-77.491246736112799,43.145879579333851],[-77.490188735405468,43.145554578502185],[-77.48491673410706,43.145292579233818],[-77.485047733628321,43.145809579330958],[-77.484904735309811,43.153549580897582],[-77.490017735701244,43.153534580117714],[-77.494552737581003,43.153652580254963],[-77.502091739906817,43.153661579395248],[-77.502245739892601,43.151268579271083]]]},"properties":{"OBJECTID":149751,"GEOID20":"360550116041","GEOID10":"360550116041","STATEFP":"36","COUNTYFP":"055","D1C":0.068445160441662808,"D1C5_RET":0,"D2B_E5MIXA":0.77088049335000164,"D3A":8.4110370152653449,"D3AAO":0,"D3B":29.880917025397345,"D4A":-99999,"D4C":-99999,"D4D":-99999,"D5AR":68457,"D5BR":-99999}},{"type":"Feature","id":149752,"geometry":{"type":"Polygon","coordinates":[[[-77.516991742486596,43.131847575469415],[-77.516996743407773,43.131413574984386],[-77.516758742858087,43.131162574786146],[-77.516293742527694,43.131238575048968],[-77.516009742845554,43.131205575705543],[-77.515155741454393,43.130766574442262],[-77.514481741784934,43.130607576215027],[-77.513567741915949,43.129931574767127],[-77.512022741136903,43.129622575581756],[-77.51122374089563,43.129096574837803],[-77.510459740814468,43.129255575026178],[-77.509523740305895,43.129304574732899],[-77.509028740736568,43.129413575665737],[-77.508429740511858,43.129808576462324],[-77.508541739766528,43.130088575191529],[-77.50846673942344,43.130253575399458],[-77.507791739929075,43.130505575167867],[-77.506899740699708,43.131037576149808],[-77.506161739659518,43.131250576116912],[-77.506208738616863,43.129360576222837],[-77.503853737725905,43.12937857640987],[-77.503853738624215,43.129137575651626],[-77.50163373745248,43.129154575453335],[-77.501669738335792,43.130645576047463],[-77.501151737403617,43.130565575958727],[-77.500465738936896,43.130874575624716],[-77.499894738301279,43.131834576733745],[-77.499856737768127,43.13243857710021],[-77.499397736387181,43.132677575209534],[-77.499525737332036,43.132801576658416],[-77.499469738153834,43.133789575730894],[-77.498790737563183,43.134574576749067],[-77.498612737287957,43.135145576436862],[-77.497370737355908,43.135120576129331],[-77.497358737660335,43.135457576950458],[-77.499010737671213,43.136101577330081],[-77.499736737219223,43.136539576677407],[-77.500312737877707,43.137074577266063],[-77.500894738383991,43.137474576700399],[-77.501437738532189,43.137757576661592],[-77.501946738345239,43.137859577412868],[-77.502809738160579,43.137852577218929],[-77.503271739016256,43.137729576489875],[-77.503884739484661,43.136942576649105],[-77.504156739471227,43.135784577078745],[-77.504572739397844,43.135545576034332],[-77.505815739154798,43.135320576992434],[-77.508124740015006,43.135325576120636],[-77.515425741791148,43.13586057618658],[-77.516876742858855,43.136268575751103],[-77.516991742486596,43.131847575469415]]]},"properties":{"OBJECTID":149752,"GEOID20":"360550116042","GEOID10":"360550116042","STATEFP":"36","COUNTYFP":"055","D1C":0.10983127634841759,"D1C5_RET":0.067588477752872356,"D2B_E5MIXA":0.62856862941311464,"D3A":14.724335689974147,"D3AAO":0,"D3B":45.081514280291998,"D4A":341.99000000000001,"D4C":1.6699999999999999,"D4D":4.5149102757500001,"D5AR":81539,"D5BR":87947}},{"type":"Feature","id":149753,"geometry":{"type":"Polygon","coordinates":[[[-77.525784747134978,43.153443579895168],[-77.52567974845131,43.153012579520947],[-77.524889747532555,43.152275579526112],[-77.524101747161964,43.151309578981994],[-77.523400747728317,43.150870578521889],[-77.522492745910498,43.150737578100461],[-77.522011746584866,43.150858578027616],[-77.521920746348272,43.150987579121427],[-77.52185074692639,43.152356578153373],[-77.521761746339607,43.152506579502621],[-77.52139974594138,43.152569578570159],[-77.521048745413765,43.152365579450539],[-77.521119746457202,43.150681577836458],[-77.521657745684237,43.150331578300758],[-77.522619747030419,43.150113578063838],[-77.522969745936464,43.149899578151292],[-77.523224747102901,43.149555578773416],[-77.522975745784251,43.148958578624068],[-77.522664745439627,43.148658577803388],[-77.522257745733853,43.148455577561904],[-77.521241744859296,43.148367578051662],[-77.520222744510022,43.148561578040081],[-77.519100745126892,43.148598578380088],[-77.518899745285438,43.148748577810942],[-77.518301745783958,43.149978578396144],[-77.518114745287889,43.150198578017196],[-77.517431744499291,43.150480579275005],[-77.517179745502517,43.150509578296386],[-77.516991744283231,43.150433579046471],[-77.516902744594773,43.150171578407218],[-77.516918744488279,43.149701578673472],[-77.517424743928274,43.149104578639353],[-77.517170745281689,43.148586578750539],[-77.516976744214617,43.148691578214788],[-77.516776744198069,43.148954578771388],[-77.51654374456956,43.149025578575646],[-77.516876742858855,43.136268575751103],[-77.515425741791148,43.13586057618658],[-77.508124740015006,43.135325576120636],[-77.505815739154798,43.135320576992434],[-77.504572739397844,43.135545576034332],[-77.504156739471227,43.135784577078745],[-77.503884739484661,43.136942576649105],[-77.503271739016256,43.137729576489875],[-77.502809738160579,43.137852577218929],[-77.501843738413072,43.137854576525264],[-77.501437738532189,43.137757576661592],[-77.500754738641902,43.137389577408243],[-77.499736737219223,43.136539576677407],[-77.499010737671213,43.136101577330081],[-77.497358737660335,43.135457576950458],[-77.497370737355908,43.135120576129331],[-77.496006737225144,43.134921576935405],[-77.494722735663686,43.134488577650963],[-77.492271735411549,43.133166576799375],[-77.491625735331183,43.134134577010293],[-77.491449735604093,43.134716576900843],[-77.491422734043269,43.135198577422166],[-77.492685736586665,43.139308577361525],[-77.493096735592076,43.139844578252458],[-77.493516735716625,43.140167577435136],[-77.495877737353695,43.141417578064029],[-77.496427738072924,43.141955578647163],[-77.496893737329927,43.1428605781988],[-77.497561738049939,43.145004578452301],[-77.499261738639689,43.146889579067313],[-77.499619737941671,43.147458579458444],[-77.49970473922879,43.147864579335447],[-77.49962873906081,43.149131579376075],[-77.499750738361229,43.149537579282324],[-77.50030473927842,43.149963579361277],[-77.501511739948668,43.150336579478541],[-77.501996739472247,43.150666579629544],[-77.502184738894911,43.150918579820008],[-77.502245739892601,43.151268579271083],[-77.502091739906817,43.153661579395248],[-77.511661742360189,43.153631579197558],[-77.512891743494976,43.153850579384653],[-77.514828743911181,43.154476580005344],[-77.516062745243929,43.154672579675022],[-77.516817744205952,43.154698578574212],[-77.519068746238162,43.154530579997108],[-77.520149746511734,43.154636579114104],[-77.521181745483162,43.154930578596101],[-77.523432746617061,43.155914579158107],[-77.52334874695147,43.15540457949016],[-77.523449747233812,43.155259580130966],[-77.524845746253305,43.155345578847829],[-77.52526774782433,43.155231579455815],[-77.525533747064799,43.154547579292931],[-77.525784747134978,43.153443579895168]]]},"properties":{"OBJECTID":149753,"GEOID20":"360550116043","GEOID10":"360550116043","STATEFP":"36","COUNTYFP":"055","D1C":0.64090911395399119,"D1C5_RET":0.081309365203118295,"D2B_E5MIXA":0.92619485776811816,"D3A":6.3243070087979882,"D3AAO":0.30363327253323469,"D3B":13.468894198856312,"D4A":867.70000000000005,"D4C":1.6699999999999999,"D4D":1.3225761928699999,"D5AR":60662,"D5BR":15880}},{"type":"Feature","id":150655,"geometry":{"type":"Polygon","coordinates":[[[-77.523260745291282,43.124094574219988],[-77.522409743374865,43.123363573742353],[-77.520832742808764,43.12234557363174],[-77.518099742524328,43.120682573802512],[-77.516749741738963,43.120026573031957],[-77.515644741175947,43.11965157300034],[-77.514317740855091,43.119323573212881],[-77.511109741092838,43.118864573958859],[-77.510128739480066,43.118607573605743],[-77.508690739729445,43.11796257330041],[-77.507456738396698,43.116929572576126],[-77.507077738280003,43.11643457296158],[-77.506772738681491,43.11583557331948],[-77.506465738534814,43.114708573147375],[-77.507234736842207,43.109463572193519],[-77.507221737321728,43.108267571856658],[-77.507061738386483,43.107279571117637],[-77.506350738008777,43.105570570650698],[-77.504844736689464,43.103192570048719],[-77.499858735621331,43.108222571590112],[-77.502817736759866,43.109133572639749],[-77.49887473633045,43.116789573091275],[-77.498172735275261,43.118457574324438],[-77.497557735157031,43.119584573644445],[-77.486933731295963,43.118731575383045],[-77.486623732572866,43.119325574436346],[-77.487467732121658,43.119329574916009],[-77.487456733149301,43.119432574882623],[-77.487872732177621,43.119480573980255],[-77.487903732139742,43.118960574974778],[-77.488150732910285,43.118959574357035],[-77.488158733306207,43.11967357387875],[-77.48865673235025,43.119649575066077],[-77.48860673301985,43.119006573864482],[-77.48898673296145,43.11903957454345],[-77.488955732999315,43.119659573916785],[-77.489645732562295,43.119621575127915],[-77.489406733984325,43.121889575153304],[-77.486706732413552,43.120937574104751],[-77.486815733091817,43.120521575062327],[-77.486225733087934,43.120277574339433],[-77.486471732236922,43.119733574147816],[-77.486034733292215,43.119524574540691],[-77.485488731872636,43.120108574988272],[-77.485339731909718,43.122827575264843],[-77.48586873181425,43.123779575097714],[-77.523260745291282,43.124094574219988]]]},"properties":{"OBJECTID":150655,"GEOID20":"360550122011","GEOID10":"360550122011","STATEFP":"36","COUNTYFP":"055","D1C":5.0601474679971261,"D1C5_RET":0.22778798891305391,"D2B_E5MIXA":0.7524130633991214,"D3A":14.881345876913356,"D3AAO":6.7841316570133774,"D3B":18.344368981601018,"D4A":760.41999999999996,"D4C":3.6699999999999999,"D4D":4.2058995541000002,"D5AR":76691,"D5BR":12223}},{"type":"Feature","id":150656,"geometry":{"type":"Polygon","coordinates":[[[-77.52499074511995,43.124120573667135],[-77.520176742682622,43.120162573209889],[-77.520812743615579,43.119731572937653],[-77.521297743139172,43.119578573277714],[-77.524945744015795,43.119605573284105],[-77.524979745249297,43.117935571913286],[-77.524763744440918,43.116344571945696],[-77.524383744499318,43.115270571859931],[-77.523826743209099,43.114728571806253],[-77.523131742724914,43.114383571892446],[-77.522415744120963,43.114274571720635],[-77.518905742438292,43.114482572175021],[-77.517220741917143,43.114449572317227],[-77.517106741215997,43.116516572518719],[-77.516810741838313,43.116888572760161],[-77.514823741193382,43.115399571976084],[-77.507064737861214,43.110825572357051],[-77.506477738230373,43.114429572255624],[-77.506508738192508,43.114975572443008],[-77.506772738681491,43.11583557331948],[-77.507077738280003,43.11643457296158],[-77.507456738396698,43.116929572576126],[-77.508329738257771,43.117712572970085],[-77.509484739049512,43.118369573604504],[-77.510446739497397,43.118708572888401],[-77.511109741092838,43.118864573958859],[-77.514317740855091,43.119323573212881],[-77.515644741175947,43.11965157300034],[-77.516749741738963,43.120026573031957],[-77.518099742524328,43.120682573802512],[-77.520832742808764,43.12234557363174],[-77.522409743374865,43.123363573742353],[-77.523260745291282,43.124094574219988],[-77.52499074511995,43.124120573667135]]]},"properties":{"OBJECTID":150656,"GEOID20":"360550122012","GEOID10":"360550122012","STATEFP":"36","COUNTYFP":"055","D1C":6.8256084827038839,"D1C5_RET":0,"D2B_E5MIXA":0.32231284913744057,"D3A":25.283563599894006,"D3AAO":4.153174046399446,"D3B":134.97873565569827,"D4A":347.35000000000002,"D4C":4.3300000000000001,"D4D":12.171895899100001,"D5AR":84060,"D5BR":87075}},{"type":"Feature","id":150657,"geometry":{"type":"Polygon","coordinates":[[[-77.519139741891678,43.10859457043869],[-77.519015742043152,43.108464570928845],[-77.518102741100748,43.108453571426786],[-77.516763741084347,43.108737570695588],[-77.515779740895155,43.105158571515211],[-77.514003739239101,43.101567570012641],[-77.51415973887471,43.096811569517612],[-77.511393738080002,43.097021569610618],[-77.508621736539212,43.099457569744608],[-77.504844736689464,43.103192570048719],[-77.506350738008777,43.105570570650698],[-77.507061738386483,43.107279571117637],[-77.507255737656919,43.108967571086708],[-77.507064737861214,43.110825572357051],[-77.514823741193382,43.115399571976084],[-77.516810741838313,43.116888572760161],[-77.517106741215997,43.116516572518719],[-77.517284741491252,43.112320572061918],[-77.517275742168721,43.110945571825823],[-77.517019742075689,43.109502571504528],[-77.517781741608701,43.10940157145518],[-77.519079741617233,43.109385571529479],[-77.519139741891678,43.10859457043869]]]},"properties":{"OBJECTID":150657,"GEOID20":"360550122013","GEOID10":"360550122013","STATEFP":"36","COUNTYFP":"055","D1C":0.84034348634372413,"D1C5_RET":0.70983559641913063,"D2B_E5MIXA":0.35541790202199797,"D3A":13.377930073591489,"D3AAO":2.3922594794164249,"D3B":56.839312146515567,"D4A":705.42999999999995,"D4C":5,"D4D":9.9095700942399993,"D5AR":79963,"D5BR":38908}},{"type":"Feature","id":150658,"geometry":{"type":"Polygon","coordinates":[[[-77.76064580617944,42.943092530340877],[-77.760738806065859,42.943006530087573],[-77.760617806590361,42.942581530038929],[-77.759054805369644,42.94047052997287],[-77.70031978732915,42.940270532869967],[-77.699412786234547,42.94559253373545],[-77.698922786688101,42.947801534846548],[-77.697364786388562,42.949748534816777],[-77.684826783474122,42.963585537608836],[-77.680400783170967,42.971552539610009],[-77.669725780154565,42.991775543657702],[-77.666888780113084,43.000998545581943],[-77.666446780247199,43.003033545487654],[-77.692762789053248,43.003278545396569],[-77.720680797641435,43.00325954373853],[-77.72384379899448,43.00369854334263],[-77.73035280020207,43.004879543394637],[-77.731652801657049,43.00366454371585],[-77.732878801695563,43.001427543193188],[-77.733055802145898,43.000807542131952],[-77.732846801908522,43.000045542625308],[-77.732217801546568,42.99884154208106],[-77.73154780117676,42.997967541802915],[-77.730684800463095,42.997147541803315],[-77.728677798828343,42.996049541439504],[-77.727773799903417,42.995382542250105],[-77.727870799987812,42.994000541726017],[-77.728144800522514,42.993174541747031],[-77.729314800484531,42.990930541157333],[-77.730072799819581,42.989614540593308],[-77.731321800322618,42.987884540185959],[-77.731555800674357,42.987040539533531],[-77.731877799991324,42.984561539604272],[-77.731942800288635,42.984568538921984],[-77.732321800405344,42.983333539658602],[-77.732943800196267,42.981920538492318],[-77.732459799599283,42.98134953820778],[-77.731476799234997,42.980760538708793],[-77.724944797562898,42.979431539068095],[-77.722742796832819,42.979579538417546],[-77.721637796269817,42.97947353912393],[-77.720750796164992,42.979201538848145],[-77.71986879518478,42.978101539329501],[-77.719354795348863,42.977277539237889],[-77.718152794701481,42.974448538536315],[-77.717830795384515,42.973373538080985],[-77.717886794562702,42.972624537896728],[-77.718839795688055,42.971449537531335],[-77.719927795634305,42.971225538126582],[-77.722451795681351,42.972104537421743],[-77.723411796479411,42.97221653792591],[-77.724330796371262,42.971756537206559],[-77.72458879701243,42.971301537018419],[-77.724508796646489,42.969902536732867],[-77.724645796015537,42.969182536460671],[-77.725096797000546,42.96804953669816],[-77.725766797370369,42.966945536298923],[-77.726201796665237,42.965976536559786],[-77.726201796665237,42.965439536539662],[-77.725556795511466,42.963597536681696],[-77.725034796177951,42.959231535347946],[-77.725749795855307,42.957315535968547],[-77.726982795566514,42.955479534820142],[-77.728409796344806,42.953041534383559],[-77.729127796395204,42.953183534555258],[-77.729598796573399,42.953794533148852],[-77.729906797443263,42.95468453445622],[-77.730304797826548,42.955100534391072],[-77.732570799029048,42.955939533660555],[-77.733006797250511,42.95591553384039],[-77.733893798253632,42.955620535286087],[-77.73447179766363,42.954779534275033],[-77.733676797620333,42.953305533042759],[-77.73313079799739,42.951183533720261],[-77.732905797866493,42.950712533329174],[-77.731663797036134,42.949095533146149],[-77.730909797000706,42.9484255331258],[-77.730860796596914,42.948031533473149],[-77.731183797535422,42.946909532357957],[-77.731673797980193,42.946086532101312],[-77.732380797261612,42.945293531725824],[-77.733126796901104,42.945194532378785],[-77.733752797788313,42.945288532214271],[-77.735228798072086,42.94678853185404],[-77.737556798300545,42.947877532429374],[-77.738495798283893,42.947748532825521],[-77.739989799009336,42.946303531914019],[-77.741242800608646,42.945239531982203],[-77.742648800572226,42.94475253198376],[-77.744639801415119,42.944813532709084],[-77.745426801960804,42.944549531818957],[-77.746373801441749,42.944080531667439],[-77.747722801503897,42.944139531375399],[-77.750192802920907,42.944372531073888],[-77.752547802913568,42.945648532173415],[-77.753186805117878,42.945656531476402],[-77.755468805315601,42.944424531219276],[-77.758451805845269,42.944544531589393],[-77.759420805067535,42.944499530820451],[-77.760392805561139,42.943792530319712],[-77.76064580617944,42.943092530340877]]]},"properties":{"OBJECTID":150658,"GEOID20":"360550133004","GEOID10":"360550133004","STATEFP":"36","COUNTYFP":"055","D1C":0.010426833919124733,"D1C5_RET":0,"D2B_E5MIXA":0.18174573011642919,"D3A":3.0891054598879109,"D3AAO":1.4767815242417961,"D3B":1.7801167521994619,"D4A":-99999,"D4C":0.33000000000000002,"D4D":0.031459247481700002,"D5AR":37694,"D5BR":-99999}},{"type":"Feature","id":150659,"geometry":{"type":"Polygon","coordinates":[[[-77.640774792532952,43.259985592363009],[-77.640980792397286,43.259886592927479],[-77.639087792361991,43.258805592799057],[-77.637207791847175,43.257893593267475],[-77.635153790356782,43.257086592689411],[-77.63111779004096,43.256110593130146],[-77.625672786693556,43.255192592353175],[-77.623749787419342,43.254548592688266],[-77.622256786518832,43.253848592894677],[-77.620310784983459,43.253058593015545],[-77.619343785411033,43.253057592630753],[-77.619313786172128,43.255840593106704],[-77.617713784243165,43.255840593760908],[-77.617902786185681,43.253134593426275],[-77.616902785204672,43.253034593589298],[-77.615511784411396,43.25434359371274],[-77.615398784433467,43.258676594452233],[-77.615849785418519,43.260696595117267],[-77.616664785553283,43.261350594396511],[-77.618260785487649,43.262433594285454],[-77.618981785012792,43.262826594756298],[-77.61982178616023,43.263477594064177],[-77.622431787319343,43.264932595132429],[-77.624298788313666,43.266199594715353],[-77.624097787573902,43.266379595420901],[-77.624332788648857,43.266436595696874],[-77.624139787406705,43.266563594937814],[-77.624035787649618,43.266502594779183],[-77.623939788288467,43.266594595402452],[-77.623830787610203,43.266537594620274],[-77.623742787746664,43.266637595176832],[-77.62379078832555,43.266808595774016],[-77.623546787928078,43.266845595755825],[-77.623374788398934,43.266999595739208],[-77.62525478801544,43.268067595106125],[-77.625906788841903,43.26886259581002],[-77.626458789210943,43.269324596288918],[-77.628868789455197,43.268369594895823],[-77.631188790186059,43.266171594557804],[-77.634409791265441,43.264573593985418],[-77.637136791702076,43.263722594237606],[-77.640328792469134,43.261570593085132],[-77.64055179295022,43.26006759294323],[-77.640774792532952,43.259985592363009]]]},"properties":{"OBJECTID":150659,"GEOID20":"360550134011","GEOID10":"360550134011","STATEFP":"36","COUNTYFP":"055","D1C":0.22916062923331462,"D1C5_RET":0.03160836265287098,"D2B_E5MIXA":0.90546915643494574,"D3A":10.089602018923994,"D3AAO":1.9736590852043632,"D3B":21.705912978479247,"D4A":252.13,"D4C":4.3300000000000001,"D4D":5.4199067641300003,"D5AR":57402,"D5BR":10237}},{"type":"Feature","id":150660,"geometry":{"type":"Polygon","coordinates":[[[-77.656933798356491,43.265584593031392],[-77.657298799127773,43.265237594022558],[-77.655407797844006,43.26424359328842],[-77.652677796136004,43.263146593094405],[-77.649384795984929,43.26227859363852],[-77.644076794701505,43.261227593787062],[-77.642652794296268,43.260724593213801],[-77.640980792397286,43.259886592927479],[-77.64055179295022,43.26006759294323],[-77.640328792469134,43.261570593085132],[-77.637136791702076,43.263722594237606],[-77.634409791265441,43.264573593985418],[-77.631188790186059,43.266171594557804],[-77.628868789455197,43.268369594895823],[-77.626458789210943,43.269324596288918],[-77.625906788841903,43.26886259581002],[-77.62525478801544,43.268067595106125],[-77.623374788398934,43.266999595739208],[-77.622427788918017,43.267770595187891],[-77.620446787222534,43.269053595217045],[-77.634048791590416,43.275175595517467],[-77.643120795898042,43.278684597039707],[-77.644127795653446,43.276951595903114],[-77.644647795337136,43.276388595698229],[-77.6454627954719,43.275261595992355],[-77.64743279550008,43.272323595082703],[-77.650228797330328,43.270770594117685],[-77.651109797587353,43.269777594232792],[-77.651743797073848,43.269583594141388],[-77.65195279731121,43.269313594340417],[-77.65185979652648,43.268021593962672],[-77.652184797114813,43.267626594686085],[-77.653182798446011,43.267356593399384],[-77.654079798596555,43.267394593197416],[-77.654504798744,43.267712594054657],[-77.654752798441123,43.268253593061559],[-77.654899798754215,43.268346593788479],[-77.655409797493832,43.268013594158397],[-77.655641799094042,43.267998594031987],[-77.656299799768306,43.268400594440749],[-77.657003799575008,43.268176593723702],[-77.657126797802022,43.267936594516925],[-77.65675579808125,43.267727593597456],[-77.656701799451213,43.267170593357108],[-77.65681779800552,43.26666059300522],[-77.656685798659367,43.266404593023765],[-77.656933798356491,43.265584593031392]]]},"properties":{"OBJECTID":150660,"GEOID20":"360550134012","GEOID10":"360550134012","STATEFP":"36","COUNTYFP":"055","D1C":0.27708874233649106,"D1C5_RET":0.0036459045044275138,"D2B_E5MIXA":0.81910632422467922,"D3A":10.117901759411147,"D3AAO":1.1590666789314428,"D3B":21.707834187672777,"D4A":431.83999999999997,"D4C":1,"D4D":1.1033767504200001,"D5AR":42606,"D5BR":455}},{"type":"Feature","id":150661,"geometry":{"type":"Polygon","coordinates":[[[-77.748890835053757,43.342888603497812],[-77.748443834266709,43.334929602186456],[-77.748464833284785,43.332730601211331],[-77.745636832565822,43.332215601613591],[-77.742640831617351,43.331456601756763],[-77.739160830071881,43.330262602250684],[-77.736482829140712,43.329081600702835],[-77.734549828024157,43.328067601410119],[-77.732457828695544,43.326638601449467],[-77.730980826790244,43.32518860102924],[-77.729986826555304,43.323883600858402],[-77.729192827235252,43.322427600641539],[-77.728668826455291,43.320880600653929],[-77.727877824813319,43.315566598551271],[-77.727424825975106,43.313306599556967],[-77.726714824524009,43.310831598432344],[-77.725642823572954,43.307940598029155],[-77.723899823325496,43.304389597174428],[-77.722412823171084,43.301946597417185],[-77.721097822545786,43.300005596408262],[-77.718929820354262,43.297339596074309],[-77.717611820254234,43.298166597189621],[-77.716049819756734,43.299295596807617],[-77.715292821144899,43.300114597309886],[-77.713914818973805,43.30193859684298],[-77.713210820065413,43.30254059755746],[-77.712405819976382,43.303030597493581],[-77.711390818926745,43.303482597937951],[-77.709510818411928,43.30405759757025],[-77.702794816616802,43.305001598348426],[-77.699037815960224,43.307331599428714],[-77.694097814024545,43.30996260054691],[-77.699987817610861,43.314501600993673],[-77.711325820426055,43.323782601067506],[-77.720914824044314,43.329727602505095],[-77.734503829790029,43.335915602495007],[-77.748890835053757,43.342888603497812]]]},"properties":{"OBJECTID":150661,"GEOID20":"360550134021","GEOID10":"360550134021","STATEFP":"36","COUNTYFP":"055","D1C":0.13878696720984415,"D1C5_RET":0,"D2B_E5MIXA":0.4192193201155559,"D3A":5.2094676622945801,"D3AAO":0.90717873285203754,"D3B":13.768812717583577,"D4A":-99999,"D4C":-99999,"D4D":-99999,"D5AR":36313,"D5BR":-99999}},{"type":"Feature","id":150662,"geometry":{"type":"Polygon","coordinates":[[[-77.71503281815896,43.270298592480138],[-77.715053818075361,43.269616591985418],[-77.706707815112352,43.267420591186507],[-77.700546813161026,43.265978591649422],[-77.699832812410264,43.265597591432623],[-77.696322811625905,43.264657592045559],[-77.696094812020263,43.278892594380878],[-77.695825812406753,43.280015593776994],[-77.695384812365774,43.280879594339126],[-77.696190812279738,43.281473594924684],[-77.697024812681065,43.281946594161923],[-77.701938814677504,43.284314594964066],[-77.705143814965041,43.286059594405025],[-77.708493816814155,43.288165594538945],[-77.711061819038775,43.289989595488272],[-77.713692819215964,43.288829594169719],[-77.714269818801043,43.288310595289623],[-77.714541818787595,43.287736594988225],[-77.71503281815896,43.270298592480138]]]},"properties":{"OBJECTID":150662,"GEOID20":"360550135031","GEOID10":"360550135031","STATEFP":"36","COUNTYFP":"055","D1C":0.10384914734809859,"D1C5_RET":0,"D2B_E5MIXA":0.51037791586522119,"D3A":12.425614236202049,"D3AAO":1.9596506377825937,"D3B":29.67845573973036,"D4A":-99999,"D4C":-99999,"D4D":-99999,"D5AR":50525,"D5BR":-99999}},{"type":"Feature","id":150664,"geometry":{"type":"Polygon","coordinates":[[[-77.749660829592813,43.286566592902908],[-77.749997828978394,43.279219592310007],[-77.7439328272865,43.277069591604501],[-77.715053818075361,43.269616591985418],[-77.714541818787595,43.287736594988225],[-77.714269818801043,43.288310595289623],[-77.713692819215964,43.288829594169719],[-77.711061819038775,43.289989595488272],[-77.713722819353166,43.292067595543877],[-77.715813819755198,43.293959595322576],[-77.717481819659582,43.295699596215741],[-77.71987982200487,43.298461596578889],[-77.721097822545786,43.300005596408262],[-77.722412823171084,43.301946597417185],[-77.723899823325496,43.304389597174428],[-77.725642823572954,43.307940598029155],[-77.726928824784252,43.311507598592165],[-77.727424825975106,43.313306599556967],[-77.727826825658013,43.315280599296699],[-77.728495827101256,43.3199556002495],[-77.728951825414185,43.32184760010427],[-77.729986826555304,43.323883600858402],[-77.730980826790244,43.32518860102924],[-77.732457828695544,43.326638601449467],[-77.733741829358692,43.327563600737939],[-77.735412828737822,43.328543601617604],[-77.737262829115409,43.329454601735051],[-77.739160830071881,43.330262602250684],[-77.742640831617351,43.331456601756763],[-77.745636832565822,43.332215601613591],[-77.748464833284785,43.332730601211331],[-77.748608830529889,43.30935359736587],[-77.749660829592813,43.286566592902908]]]},"properties":{"OBJECTID":150664,"GEOID20":"360550135032","GEOID10":"360550135032","STATEFP":"36","COUNTYFP":"055","D1C":0.060706018277287041,"D1C5_RET":0.0077568801132088996,"D2B_E5MIXA":0.8186161748149543,"D3A":5.4436823948974906,"D3AAO":1.4089811377019263,"D3B":8.0132603202832513,"D4A":-99999,"D4C":-99999,"D4D":-99999,"D5AR":43173,"D5BR":-99999}},{"type":"Feature","id":150683,"geometry":{"type":"Polygon","coordinates":[[[-77.649319787602749,43.152228573469053],[-77.649642786744622,43.152095574036728],[-77.638876783491639,43.154035573371296],[-77.638864783796095,43.155241574455843],[-77.641145784168899,43.155244574528304],[-77.641142784694154,43.156427574584029],[-77.643974785611107,43.156764574606932],[-77.643984785656841,43.157199574700407],[-77.649251786932368,43.15722757447385],[-77.649286787092478,43.155810573768484],[-77.649180786787269,43.155264574352294],[-77.649266787000983,43.155264573696961],[-77.648962787227362,43.154625573495572],[-77.648411786683241,43.153896573007216],[-77.648341786363034,43.153560574258329],[-77.648709786609075,43.152683574408499],[-77.649319787602749,43.152228573469053]]]},"properties":{"OBJECTID":150683,"GEOID20":"360550096022","GEOID10":"360550096022","STATEFP":"36","COUNTYFP":"055","D1C":4.2035292345540762,"D1C5_RET":0.16711278302508561,"D2B_E5MIXA":0.34432822119586598,"D3A":24.961349582763983,"D3AAO":4.7433513047811884,"D3B":123.44749830357709,"D4A":0,"D4C":3.3300000000000001,"D4D":27.3962125525,"D5AR":120232,"D5BR":129143}},{"type":"Feature","id":150684,"geometry":{"type":"Polygon","coordinates":[[[-77.613085776188782,43.160601576436946],[-77.612079775359973,43.159058576363186],[-77.61045077491535,43.156206575751455],[-77.60435577218793,43.157613575940083],[-77.604805773348033,43.1580645768477],[-77.603661773325271,43.160127577194906],[-77.603710773729077,43.160204576782775],[-77.604941773790472,43.160606576119022],[-77.603374773270104,43.161238577199647],[-77.602935772878951,43.161299577244144],[-77.602454773553347,43.162269577426393],[-77.603451773263004,43.162078576786314],[-77.602908773114777,43.162039577573687],[-77.603767772732184,43.161814576438317],[-77.604629773620928,43.161479577901311],[-77.605600775187952,43.161255577250373],[-77.606720774022946,43.161248577114456],[-77.609062775393426,43.161681576900641],[-77.610524775433504,43.161480577823383],[-77.612743775882024,43.160848576625071],[-77.613085776188782,43.160601576436946]]]},"properties":{"OBJECTID":150684,"GEOID20":"360550094004","GEOID10":"360550094004","STATEFP":"36","COUNTYFP":"055","D1C":32.644612452982784,"D1C5_RET":0.34870991116579803,"D2B_E5MIXA":0.59556169967076533,"D3A":32.108521448666515,"D3AAO":5.1029424249678978,"D3B":211.32270205240346,"D4A":308.45999999999998,"D4C":80.670000000000002,"D4D":681.65070073000004,"D5AR":115653,"D5BR":151016}},{"type":"Feature","id":150685,"geometry":{"type":"Polygon","coordinates":[[[-77.617254776574015,43.151258575101501],[-77.617226776086611,43.14882157418063],[-77.614526776312459,43.148791574228667],[-77.613426775772311,43.148405574057378],[-77.612984775906455,43.148965574269475],[-77.61177377503823,43.148474574229589],[-77.613484774600337,43.145386573796983],[-77.614171775586897,43.144420573175672],[-77.614845774358059,43.143717573168985],[-77.616204776262578,43.142735572666481],[-77.615880775499178,43.142612572583921],[-77.6151287760119,43.14210057286401],[-77.61174077542627,43.146567573617162],[-77.610448774367214,43.148821574836035],[-77.60933277483187,43.151225574765299],[-77.611059775185794,43.151295575119633],[-77.611826775639997,43.151393575218862],[-77.613964775897671,43.151846575661693],[-77.614118775883469,43.151715574906511],[-77.614521775391268,43.151761574723416],[-77.615391775777638,43.151976575403125],[-77.615781775764972,43.15198057505804],[-77.616982776587449,43.152332575124589],[-77.61698777661033,43.152232575073576],[-77.617194776299556,43.152224575141048],[-77.617176777654521,43.151258575101501],[-77.617254776574015,43.151258575101501]]]},"properties":{"OBJECTID":150685,"GEOID20":"360550095001","GEOID10":"360550095001","STATEFP":"36","COUNTYFP":"055","D1C":7.3699270062695108,"D1C5_RET":0.018197350632764224,"D2B_E5MIXA":0.67877244236980494,"D3A":46.3982291495022,"D3AAO":7.268013756736603,"D3B":297.78651807413036,"D4A":64.370000000000005,"D4C":38.329999999999998,"D4D":444.54577184099998,"D5AR":123618,"D5BR":112847}},{"type":"Feature","id":150686,"geometry":{"type":"Polygon","coordinates":[[[-77.621483777233692,43.148340573045083],[-77.621496777652482,43.147864574092232],[-77.620385776343383,43.147875573718849],[-77.619364777242595,43.145315572387545],[-77.619008776692127,43.144648573408027],[-77.618318776230822,43.143848573369134],[-77.61824677626079,43.14366057281412],[-77.617531775685137,43.1434455730327],[-77.616204776262578,43.142735572666481],[-77.614845774358059,43.143717573168985],[-77.614171775586897,43.144420573175672],[-77.613484774600337,43.145386573796983],[-77.61177377503823,43.148474574229589],[-77.612984775906455,43.148965574269475],[-77.613426775772311,43.148405574057378],[-77.614244774483524,43.148731573625163],[-77.614838776482003,43.14881757431899],[-77.621483778132017,43.148836574806495],[-77.621483777233692,43.148340573045083]]]},"properties":{"OBJECTID":150686,"GEOID20":"360550095002","GEOID10":"360550095002","STATEFP":"36","COUNTYFP":"055","D1C":7.8843293084832844,"D1C5_RET":0.025109329007908548,"D2B_E5MIXA":0.43844602381700709,"D3A":32.040031021149581,"D3AAO":0,"D3B":215.14935104287571,"D4A":14.75,"D4C":9,"D4D":71.689898533399997,"D5AR":119355,"D5BR":113169}},{"type":"Feature","id":150687,"geometry":{"type":"Polygon","coordinates":[[[-77.624686779668025,43.157632575658965],[-77.624141778971691,43.156500575543937],[-77.624260778797364,43.156349576128086],[-77.624253779124672,43.153036575073806],[-77.622155779049962,43.153524574353042],[-77.622010778386695,43.152460574348268],[-77.621982777899291,43.150804574135854],[-77.621495776929265,43.149523575013959],[-77.621483778132017,43.148836574806495],[-77.617226776086611,43.14882157418063],[-77.617187775728553,43.152242575151568],[-77.61698777661033,43.152232575073576],[-77.616982776587449,43.152332575124589],[-77.615781775764972,43.15198057505804],[-77.615391775777638,43.151976575403125],[-77.614521775391268,43.151761574723416],[-77.614868775720907,43.151909574754256],[-77.614728775080508,43.152033575212606],[-77.617785777924979,43.152802575597626],[-77.618841778084189,43.153253574658322],[-77.619710777747329,43.154066576035405],[-77.620424777599752,43.15577957526574],[-77.620767778629755,43.156259574862339],[-77.621083778997246,43.156538575667966],[-77.62196677800577,43.1571275758795],[-77.622567778778631,43.157334575455586],[-77.623611779242253,43.157565575313285],[-77.624686779668025,43.157632575658965]]]},"properties":{"OBJECTID":150687,"GEOID20":"360550095003","GEOID10":"360550095003","STATEFP":"36","COUNTYFP":"055","D1C":3.1715961665901427,"D1C5_RET":0.49822008747201474,"D2B_E5MIXA":0.59225072967064962,"D3A":32.827744433589125,"D3AAO":10.178257211937147,"D3B":132.24948429208365,"D4A":93.879999999999995,"D4C":26.670000000000002,"D4D":207.415098269,"D5AR":126887,"D5BR":136141}},{"type":"Feature","id":150688,"geometry":{"type":"Polygon","coordinates":[[[-77.643984785656841,43.157199574700407],[-77.643974785611107,43.156764574606932],[-77.641142784694154,43.156427574584029],[-77.641145784168899,43.155244574528304],[-77.638864783796095,43.155241574455843],[-77.63889478393331,43.151739573590099],[-77.637521783581704,43.151743573915901],[-77.637528783254396,43.149999573499628],[-77.637203782666063,43.149997573279705],[-77.636079782734811,43.150251573163359],[-77.62602778023259,43.157535575066255],[-77.629071780861636,43.156856575124458],[-77.630807782334728,43.15669457461896],[-77.638877784214884,43.156700575276403],[-77.640450784583024,43.156784574588769],[-77.643984785656841,43.157199574700407]]]},"properties":{"OBJECTID":150688,"GEOID20":"360550096021","GEOID10":"360550096021","STATEFP":"36","COUNTYFP":"055","D1C":0.94009388976646358,"D1C5_RET":0.09755691308897263,"D2B_E5MIXA":0.62186503048358321,"D3A":31.058248713045813,"D3AAO":8.2153613486628334,"D3B":124.91825706252274,"D4A":403.68000000000001,"D4C":16,"D4D":90.816617275599995,"D5AR":106210,"D5BR":129048}},{"type":"Feature","id":150689,"geometry":{"type":"Polygon","coordinates":[[[-77.64218878570594,43.163001576003573],[-77.642160785218522,43.159341575357146],[-77.638871783468787,43.159326574688514],[-77.638871784367097,43.159437575093193],[-77.636712783294726,43.15943357461574],[-77.636712783294726,43.164636576690235],[-77.638833784732256,43.164644576308291],[-77.638842784953084,43.163095576750067],[-77.641627785116057,43.162971575804562],[-77.64218878570594,43.163001576003573]]]},"properties":{"OBJECTID":150689,"GEOID20":"360550096031","GEOID10":"360550096031","STATEFP":"36","COUNTYFP":"055","D1C":1.5754940069053365,"D1C5_RET":0.46112019714302532,"D2B_E5MIXA":0.60227826347377944,"D3A":27.889833814809933,"D3AAO":0,"D3B":155.8217370185711,"D4A":379.54000000000002,"D4C":8.3300000000000001,"D4D":102.43016645900001,"D5AR":109591,"D5BR":158884}},{"type":"Feature","id":150690,"geometry":{"type":"Polygon","coordinates":[[[-77.654146788662246,43.164663574496096],[-77.654146788662246,43.163867575834118],[-77.653050788320058,43.163330575362693],[-77.650923787933053,43.162610575640208],[-77.649963788033304,43.161936575316268],[-77.649562787276992,43.161429575223757],[-77.649316787229708,43.160871575721593],[-77.64923978813512,43.159372575329336],[-77.642160785218522,43.159341575357146],[-77.64218878570594,43.163001576003573],[-77.641627785116057,43.162971575804562],[-77.638842784953084,43.163095576750067],[-77.638833784732256,43.164644576308291],[-77.654146788662246,43.164663574496096]]]},"properties":{"OBJECTID":150690,"GEOID20":"360550096033","GEOID10":"360550096033","STATEFP":"36","COUNTYFP":"055","D1C":5.6810784548104047,"D1C5_RET":0.76377036628115713,"D2B_E5MIXA":0.62922267155352229,"D3A":15.170203765840903,"D3AAO":0,"D3B":78.759313635752235,"D4A":265.54000000000002,"D4C":8.3300000000000001,"D4D":45.750703109200003,"D5AR":116956,"D5BR":158873}},{"type":"Feature","id":150691,"geometry":{"type":"Polygon","coordinates":[[[-77.64207778537785,43.157170575576913],[-77.641097785386634,43.156958574154459],[-77.641531784856582,43.156919573639541],[-77.639800785203008,43.156746573962387],[-77.632304781636563,43.156680575267075],[-77.632317782055367,43.159422575758718],[-77.638871784367097,43.159437575093193],[-77.638871783468787,43.159326574688514],[-77.641206785166574,43.159338574830528],[-77.641198784770665,43.157400574755151],[-77.64207778537785,43.157170575576913]]]},"properties":{"OBJECTID":150691,"GEOID20":"360550096041","GEOID10":"360550096041","STATEFP":"36","COUNTYFP":"055","D1C":0.019825266955179922,"D1C5_RET":0,"D2B_E5MIXA":0,"D3A":28.314711887171779,"D3AAO":8.4881137610225554,"D3B":79.262453980188795,"D4A":168.97999999999999,"D4C":4,"D4D":47.5479627956,"D5AR":114287,"D5BR":129007}},{"type":"Feature","id":150692,"geometry":{"type":"Polygon","coordinates":[[[-77.545964751409073,43.110772570582164],[-77.546183750793901,43.110323570520336],[-77.540544748176032,43.106452568968692],[-77.533368745175068,43.103115568829203],[-77.530452744592537,43.102380569963501],[-77.519311741420822,43.096822569143654],[-77.514160739597926,43.096761569045746],[-77.514003739239101,43.101567570012641],[-77.515779740895155,43.105158571515211],[-77.516763741084347,43.108737570695588],[-77.518011741762464,43.108459570261111],[-77.518969742012402,43.108459570916949],[-77.519129742744269,43.10853257144344],[-77.519079741617233,43.109385571529479],[-77.517781741608701,43.10940157145518],[-77.517019742075689,43.109502571504528],[-77.517285741316158,43.111133571963215],[-77.517220741917143,43.114449572317227],[-77.518905742438292,43.114482572175021],[-77.522646743201335,43.114288570947366],[-77.523131742724914,43.114383571892446],[-77.523622743892901,43.114599571587171],[-77.524274743821053,43.115113572093861],[-77.5246477449883,43.115914572332585],[-77.524933744320236,43.117385572612044],[-77.524945744015795,43.119605573284105],[-77.521297743139172,43.119578573277714],[-77.520812743615579,43.119731572937653],[-77.520176742682622,43.120162573209889],[-77.52499074511995,43.124120573667135],[-77.530241746501957,43.124208573327792],[-77.538635749145541,43.12422357343614],[-77.543451750334384,43.115299571843636],[-77.544648750958871,43.113154570741393],[-77.544766750959653,43.113107571329508],[-77.544845751500674,43.112805570229114],[-77.545964751409073,43.110772570582164]]]},"properties":{"OBJECTID":150692,"GEOID20":"360550122014","GEOID10":"360550122014","STATEFP":"36","COUNTYFP":"055","D1C":1.2634005700004107,"D1C5_RET":0.010093746231694361,"D2B_E5MIXA":0.32258677356930898,"D3A":7.6635578478629709,"D3AAO":0,"D3B":34.289128865481189,"D4A":1067.53,"D4C":5,"D4D":2.6916656617900001,"D5AR":73379,"D5BR":40164}},{"type":"Feature","id":150693,"geometry":{"type":"Polygon","coordinates":[[[-77.632317782055367,43.159422575758718],[-77.632304781636563,43.156680575267075],[-77.629610780811888,43.156777575251141],[-77.62602778023259,43.157535575066255],[-77.624686779668025,43.157632575658965],[-77.625090779899082,43.158013575328248],[-77.627007781122117,43.159399576116698],[-77.632317782055367,43.159422575758718]]]},"properties":{"OBJECTID":150693,"GEOID20":"360550096042","GEOID10":"360550096042","STATEFP":"36","COUNTYFP":"055","D1C":1.3242343034246518,"D1C5_RET":0.39445277123287498,"D2B_E5MIXA":0.67092470085877765,"D3A":31.879847663780836,"D3AAO":4.0600557599454659,"D3B":102.20609405019133,"D4A":195.80000000000001,"D4C":7.6699999999999999,"D4D":138.30641167300001,"D5AR":113779,"D5BR":131131}},{"type":"Feature","id":150694,"geometry":{"type":"Polygon","coordinates":[[[-77.597026778907519,43.252970593110255],[-77.59676577789331,43.247270591959257],[-77.594972777417127,43.24767259379086],[-77.594379777040217,43.247690592492376],[-77.588546774253601,43.245657592868696],[-77.587799773890893,43.246316592561463],[-77.579364772137751,43.243285592748457],[-77.57764677110633,43.242812592755051],[-77.577402770708858,43.243174592317487],[-77.574491771047519,43.245384593391918],[-77.588315776071568,43.252504593871272],[-77.590047775550048,43.250693594204648],[-77.590177776144714,43.250713594168779],[-77.590660776018453,43.25128359463892],[-77.590982776233744,43.2514985942801],[-77.592256776851144,43.251809593547179],[-77.59511077750939,43.252829593442968],[-77.596072778855586,43.25308659396994],[-77.597026778907519,43.252970593110255]]]},"properties":{"OBJECTID":150694,"GEOID20":"360550101001","GEOID10":"360550101001","STATEFP":"36","COUNTYFP":"055","D1C":0.57067866881025908,"D1C5_RET":0,"D2B_E5MIXA":0.60904410594103942,"D3A":15.812995566917534,"D3AAO":0,"D3B":59.24693269167912,"D4A":525.72000000000003,"D4C":1.6699999999999999,"D4D":8.2424506493800003,"D5AR":51854,"D5BR":86834}},{"type":"Feature","id":150695,"geometry":{"type":"Polygon","coordinates":[[[-77.592320775526929,43.243170592746239],[-77.592186775632626,43.239945591202847],[-77.586064774039357,43.24012759284205],[-77.585560774249188,43.240211591905044],[-77.585074773104068,43.240548591515697],[-77.584633773063103,43.241377592926973],[-77.584318774317154,43.241700592487419],[-77.582424773558643,43.242445592172459],[-77.581804773417531,43.243278592856939],[-77.579419771491033,43.242453592064273],[-77.578481772230916,43.242259592591424],[-77.57764677110633,43.242812592755051],[-77.579364772137751,43.243285592748457],[-77.587799773890893,43.246316592561463],[-77.588546774253601,43.245657592868696],[-77.592312776029331,43.246977591983558],[-77.592114776560919,43.243574591960794],[-77.592320775526929,43.243170592746239]]]},"properties":{"OBJECTID":150695,"GEOID20":"360550101002","GEOID10":"360550101002","STATEFP":"36","COUNTYFP":"055","D1C":0.05673297184164304,"D1C5_RET":0,"D2B_E5MIXA":0.3717257956726267,"D3A":16.076015659819095,"D3AAO":0,"D3B":74.376217009658859,"D4A":822.11000000000001,"D4C":-99999,"D4D":-99999,"D5AR":52836,"D5BR":86805}},{"type":"Feature","id":150696,"geometry":{"type":"Polygon","coordinates":[[[-77.599043777893073,43.240012591459617],[-77.599121778609188,43.239742591401139],[-77.592186775632626,43.239945591202847],[-77.592329775747757,43.243119591645851],[-77.592114776560919,43.243574591960794],[-77.592312776029331,43.246977591983558],[-77.594379777040217,43.247690592492376],[-77.595300778378501,43.247607592437475],[-77.595103776938387,43.243986592767428],[-77.596618777580218,43.243941592285971],[-77.596618776681908,43.244012591590831],[-77.598773779352953,43.243772592667625],[-77.599043777893073,43.240012591459617]]]},"properties":{"OBJECTID":150696,"GEOID20":"360550101003","GEOID10":"360550101003","STATEFP":"36","COUNTYFP":"055","D1C":1.5215428482819668,"D1C5_RET":0,"D2B_E5MIXA":0.078819279150318361,"D3A":18.660641711488243,"D3AAO":0,"D3B":84.366795387194855,"D4A":445.25,"D4C":1.6699999999999999,"D4D":12.8049212303,"D5AR":55481,"D5BR":86897}},{"type":"Feature","id":150697,"geometry":{"type":"Polygon","coordinates":[[[-77.610016782631888,43.248721592449989],[-77.608608781221889,43.248269592054747],[-77.608330781387536,43.247965593040838],[-77.608278781509,43.247499592149381],[-77.608623782188801,43.246588591950776],[-77.608659781275506,43.245503591904878],[-77.602474779933047,43.244016591761174],[-77.601688778313942,43.244277592329972],[-77.598726778598973,43.244587592608205],[-77.598773779352953,43.243772592667625],[-77.596618776681908,43.244012591590831],[-77.596618777580218,43.243941592285971],[-77.595103776938387,43.243986592767428],[-77.595300778378501,43.247607592437475],[-77.597092778131469,43.247241592430996],[-77.597622778759188,43.249836592809878],[-77.606793781902724,43.253004593148212],[-77.610016782631888,43.248721592449989]]]},"properties":{"OBJECTID":150697,"GEOID20":"360550101004","GEOID10":"360550101004","STATEFP":"36","COUNTYFP":"055","D1C":1.2635530483417619,"D1C5_RET":0.62651171980279019,"D2B_E5MIXA":0.76464394746203512,"D3A":14.88132003371094,"D3AAO":0,"D3B":74.155401301081326,"D4A":624.96000000000004,"D4C":5.3300000000000001,"D4D":17.9593006604,"D5AR":53671,"D5BR":86960}},{"type":"Feature","id":150698,"geometry":{"type":"Polygon","coordinates":[[[-77.501509735807275,43.106579571603042],[-77.50020373540282,43.105901571225132],[-77.500828735566799,43.105258570509569],[-77.500873735772643,43.105106570924221],[-77.500801735802611,43.10502257144023],[-77.498931735333542,43.104272570797825],[-77.497963735037899,43.104252571345761],[-77.497956734466882,43.103493571799667],[-77.49853173440215,43.101253570612251],[-77.498576734607994,43.098525570660755],[-77.498464734454998,43.098331570017798],[-77.496463734464683,43.098427570446574],[-77.488142730717712,43.099336571085054],[-77.488221731258761,43.09975057125429],[-77.488184730550515,43.100336571379138],[-77.488022731067119,43.100901570995077],[-77.488087730466134,43.101389571189451],[-77.488261731441739,43.101577571161869],[-77.488631731337577,43.101742570867884],[-77.489625731572502,43.101891571524149],[-77.489596732158489,43.102352570650545],[-77.488360732074227,43.104558570839437],[-77.491266732611024,43.10540657160719],[-77.491232732275847,43.105613571195029],[-77.499858735621331,43.108222571590112],[-77.501509735807275,43.106579571603042]]]},"properties":{"OBJECTID":150698,"GEOID20":"360550122021","GEOID10":"360550122021","STATEFP":"36","COUNTYFP":"055","D1C":0.099221972839063158,"D1C5_RET":0,"D2B_E5MIXA":0.32912496652730849,"D3A":15.955725773917671,"D3AAO":0,"D3B":44.705452082368296,"D4A":740.29999999999995,"D4C":2.6699999999999999,"D4D":9.4194726215200006,"D5AR":70606,"D5BR":4206}},{"type":"Feature","id":150699,"geometry":{"type":"Polygon","coordinates":[[[-77.615925782891551,43.233370589063064],[-77.614427782866471,43.230870588810724],[-77.613127781411492,43.225170588856109],[-77.601740777294154,43.225317588201762],[-77.600244776918899,43.225453588447358],[-77.598978777595732,43.225390588631221],[-77.599416777263642,43.226035589093335],[-77.599749778247897,43.227599589213938],[-77.599736777829122,43.228245589349235],[-77.599323777377236,43.230433590366175],[-77.603355778393421,43.233134590336668],[-77.604056779623704,43.232500590475269],[-77.605166779311261,43.233138589912272],[-77.607005779818195,43.234381589786416],[-77.606156779348225,43.235044589826003],[-77.609543781007261,43.237374590638204],[-77.60996278220523,43.237941590996563],[-77.610146781429933,43.238649590757639],[-77.610108781795105,43.239019589875831],[-77.608753781885142,43.242448591232247],[-77.608640781907241,43.246458592095905],[-77.608278781509,43.247596592453228],[-77.608330781387536,43.247965593040838],[-77.608608781221889,43.248269592054747],[-77.610016782631888,43.248721592449989],[-77.611839783245316,43.245650591286683],[-77.611527783075772,43.245170592313841],[-77.611759782879375,43.244470591394553],[-77.612190782874592,43.244389591278427],[-77.61295878225539,43.241288590617849],[-77.612897782156011,43.239115591289206],[-77.613909782832607,43.236170590608246],[-77.615925782891551,43.233370589063064]]]},"properties":{"OBJECTID":150699,"GEOID20":"360550102004","GEOID10":"360550102004","STATEFP":"36","COUNTYFP":"055","D1C":0.063796496321940593,"D1C5_RET":0.0025518598528776236,"D2B_E5MIXA":0.46440804171443328,"D3A":7.9231480706247153,"D3AAO":0,"D3B":29.31532384038276,"D4A":-99999,"D4C":4,"D4D":6.5123456271000002,"D5AR":51381,"D5BR":-99999}},{"type":"Feature","id":150700,"geometry":{"type":"Polygon","coordinates":[[[-77.497128733015018,43.076356565235095],[-77.497193732414019,43.07628956704604],[-77.493322731056296,43.073772566459922],[-77.487745728362739,43.065880565054293],[-77.486799727808389,43.06500256460297],[-77.486146728055317,43.06462156433674],[-77.486339728399173,43.064995565261938],[-77.486487727638874,43.067251564734725],[-77.486488728362076,43.069135565116241],[-77.486305728962307,43.071406565707804],[-77.486558728682297,43.073732566000388],[-77.486147728778548,43.077293566980146],[-77.486065728762782,43.078936567413578],[-77.486220728573485,43.08028656703204],[-77.486094730871741,43.087780569325176],[-77.486158730445851,43.092892570016971],[-77.494748732009683,43.080154567244051],[-77.495803732343973,43.078714566771893],[-77.495772731483513,43.078372566550122],[-77.495614731299767,43.078179566998337],[-77.496630732174324,43.077299566898958],[-77.496924731003872,43.076569566561638],[-77.497128733015018,43.076356565235095]]]},"properties":{"OBJECTID":150700,"GEOID20":"360550122022","GEOID10":"360550122022","STATEFP":"36","COUNTYFP":"055","D1C":0.055448902671761009,"D1C5_RET":0.014786374045802936,"D2B_E5MIXA":0.3603215550831918,"D3A":15.801266612079985,"D3AAO":2.2078822490128407,"D3B":37.269368838598766,"D4A":-99999,"D4C":-99999,"D4D":-99999,"D5AR":63543,"D5BR":-99999}},{"type":"Feature","id":150701,"geometry":{"type":"Polygon","coordinates":[[[-77.521004739642933,43.080966566146046],[-77.521414740620088,43.080082564973232],[-77.520109740040539,43.07972956575631],[-77.520283739219508,43.079256565492742],[-77.520023739826811,43.078831565649772],[-77.519713740205418,43.078707565715931],[-77.518738740237069,43.078614565764916],[-77.517684739727699,43.078182565602141],[-77.516149738096061,43.078017564749807],[-77.515447737939198,43.078012566188427],[-77.514133738935442,43.078318566237044],[-77.509267735721266,43.080885566135159],[-77.508463736355452,43.081583566286369],[-77.507103735524325,43.082032567173009],[-77.505472735429862,43.081001566190501],[-77.502985733396102,43.079807566802913],[-77.501399733507469,43.078848566959884],[-77.501411734101353,43.07916456698716],[-77.501249732821321,43.079311566901211],[-77.503338734471839,43.080888567231007],[-77.504659735843205,43.081772567272488],[-77.50621973669088,43.083095567035471],[-77.50776273602348,43.082557567103706],[-77.509224736961883,43.08372356739676],[-77.509596736507561,43.084233567861446],[-77.512518737836189,43.086875567698655],[-77.513109737664962,43.087582568169935],[-77.513170738662652,43.088354568241918],[-77.516318739048785,43.08923456766415],[-77.519390739266925,43.084607566553558],[-77.521004739642933,43.080966566146046]]]},"properties":{"OBJECTID":150701,"GEOID20":"360550123012","GEOID10":"360550123012","STATEFP":"36","COUNTYFP":"055","D1C":0.68139000742407452,"D1C5_RET":0,"D2B_E5MIXA":0.20761458942012517,"D3A":15.660334821095322,"D3AAO":0.10393703585952385,"D3B":61.390866823201975,"D4A":427.81999999999999,"D4C":5,"D4D":15.0896831244,"D5AR":73892,"D5BR":39099}},{"type":"Feature","id":150702,"geometry":{"type":"Polygon","coordinates":[[[-77.529654742379563,43.077753565611488],[-77.529665742250216,43.077184565072415],[-77.529275742262868,43.077099564696269],[-77.525717741797934,43.077091565434486],[-77.522258740168866,43.076569565905459],[-77.519497739397039,43.073540565005963],[-77.518956738000327,43.073671565216465],[-77.518176738025659,43.073587563951605],[-77.507323735632355,43.073538564910436],[-77.503788734733618,43.074649565282279],[-77.500976733009864,43.075056565503772],[-77.500514733052498,43.075336566060031],[-77.500307733363258,43.075841566078488],[-77.500333733302526,43.076224566166978],[-77.50061473350992,43.076985566422877],[-77.501200733315855,43.078067566745077],[-77.501845734469626,43.078873566639331],[-77.502579734413558,43.079395566881274],[-77.502666735350502,43.079614566522046],[-77.502985733396102,43.079807566802913],[-77.505472735429862,43.081001566190501],[-77.507103735524325,43.082032567173009],[-77.508463736355452,43.081583566286369],[-77.509267735721266,43.080885566135159],[-77.514038738500872,43.078363566173195],[-77.515447737939198,43.078012566188427],[-77.516149738096061,43.078017564749807],[-77.517684739727699,43.078182565602141],[-77.518738740237069,43.078614565764916],[-77.51987673951372,43.078753566641367],[-77.52014773967538,43.078962565704153],[-77.520275739721896,43.079189565881521],[-77.520109740040539,43.07972956575631],[-77.521414740620088,43.080082564973232],[-77.519390739266925,43.084607566553558],[-77.516318739048785,43.08923456766415],[-77.513170738662652,43.088354568241918],[-77.513109737664962,43.087582568169935],[-77.512518737836189,43.086875567698655],[-77.509596736507561,43.084233567861446],[-77.509224736961883,43.08372356739676],[-77.50776273602348,43.082557567103706],[-77.50621973669088,43.083095567035471],[-77.512428738322811,43.090942568439679],[-77.513881739040357,43.092129568425889],[-77.516107740958219,43.093460567955006],[-77.517769740116506,43.09386456871038],[-77.517943739295461,43.094015568941757],[-77.519509740889234,43.093960568270646],[-77.521980741232838,43.093378568340121],[-77.519505740691272,43.092339568174907],[-77.523143741522162,43.087374568155617],[-77.527869742299302,43.08734056632612],[-77.527838743235478,43.08515256651711],[-77.527944743540701,43.084787565994311],[-77.528253743337174,43.08426956656831],[-77.528356741472706,43.083741566574638],[-77.528354742721191,43.082447565472478],[-77.528261742834786,43.082136566168124],[-77.527915743228377,43.081828566334913],[-77.527534742563546,43.081716566190558],[-77.523845741679025,43.081699566332368],[-77.523851740628501,43.08045056643212],[-77.526263742319188,43.080440565113044],[-77.526929741592753,43.080267566245034],[-77.529449742340162,43.078892565234113],[-77.529629742265215,43.078553565903817],[-77.529654742379563,43.077753565611488]]]},"properties":{"OBJECTID":150702,"GEOID20":"360550123013","GEOID10":"360550123013","STATEFP":"36","COUNTYFP":"055","D1C":2.4521942897638294,"D1C5_RET":0.17094623654603619,"D2B_E5MIXA":0.72644041982414687,"D3A":12.42552031312143,"D3AAO":0,"D3B":49.144800264052826,"D4A":425.13999999999999,"D4C":5,"D4D":5.5822258870099999,"D5AR":75725,"D5BR":39529}},{"type":"Feature","id":150703,"geometry":{"type":"Polygon","coordinates":[[[-77.558115752014288,43.087421565675257],[-77.542685747908436,43.087378566131299],[-77.542515747130807,43.086315565795054],[-77.542599746796398,43.085677565953866],[-77.542868747308233,43.084938564986032],[-77.541426747359665,43.084653565673669],[-77.539490745870026,43.084429565667925],[-77.538992745927644,43.084241565534725],[-77.537861745425374,43.083586565753421],[-77.535867745107765,43.081990566380576],[-77.535168744425619,43.081323565792651],[-77.533010744076449,43.078919564815621],[-77.531346743471701,43.077734564695092],[-77.530790743803038,43.077424565073436],[-77.530466742141286,43.077285565119055],[-77.529665742250216,43.077184565072415],[-77.529629742265215,43.078553565903817],[-77.529513742812554,43.078826565842483],[-77.529297742004189,43.079001565415815],[-77.526929741592753,43.080267566245034],[-77.526566741369592,43.0803945654541],[-77.523851740628501,43.08045056643212],[-77.523845741679025,43.081699566332368],[-77.527534742563546,43.081716566190558],[-77.527915743228377,43.081828566334913],[-77.528261742834786,43.082136566168124],[-77.528354742721191,43.082447565472478],[-77.528356741472706,43.083741566574638],[-77.528253743337174,43.08426956656831],[-77.527944743540701,43.084787565994311],[-77.527838743235478,43.08515256651711],[-77.527869742299302,43.08734056632612],[-77.523143741522162,43.087374568155617],[-77.519505740691272,43.092339568174907],[-77.525526743798835,43.094893568970797],[-77.527424742958701,43.095840568085926],[-77.535483746764825,43.100483568370279],[-77.537886747336387,43.099879568662743],[-77.541430748455923,43.099954568159838],[-77.543550749170251,43.10020256899994],[-77.549287750799067,43.10029256817301],[-77.551844751356384,43.09976156838465],[-77.553437751816034,43.096864567638043],[-77.552842751789285,43.096884567535696],[-77.556698753078365,43.090102566955473],[-77.558115752014288,43.087421565675257]]]},"properties":{"OBJECTID":150703,"GEOID20":"360550123014","GEOID10":"360550123014","STATEFP":"36","COUNTYFP":"055","D1C":0.73892084765226429,"D1C5_RET":0.032566420337257852,"D2B_E5MIXA":0.56141485906976718,"D3A":10.963652130612804,"D3AAO":0,"D3B":38.090220515025244,"D4A":-99999,"D4C":2.6699999999999999,"D4D":1.71331876843,"D5AR":61080,"D5BR":-99999}},{"type":"Feature","id":150709,"geometry":{"type":"Polygon","coordinates":[[[-77.718170814007777,43.212267580956699],[-77.718208813642605,43.212142581253211],[-77.712192811456219,43.211178581595689],[-77.703422809069011,43.210038582454395],[-77.703290808824519,43.211334581095777],[-77.703216810103001,43.218302583661007],[-77.703648809923124,43.21960258324907],[-77.703598809694412,43.223735583325549],[-77.7164898145829,43.223819583382685],[-77.716651814066296,43.216438581500057],[-77.718170814007777,43.212267580956699]]]},"properties":{"OBJECTID":150709,"GEOID20":"360550135052","GEOID10":"360550135052","STATEFP":"36","COUNTYFP":"055","D1C":1.7217701370402079,"D1C5_RET":0.9189657702943238,"D2B_E5MIXA":0.68691722937811606,"D3A":14.30030568168077,"D3AAO":0,"D3B":48.481742912462423,"D4A":-99999,"D4C":2,"D4D":3.3041465898200002,"D5AR":59811,"D5BR":-99999}},{"type":"Feature","id":150710,"geometry":{"type":"Polygon","coordinates":[[[-77.723411815344036,43.212881581819303],[-77.723485815862205,43.212837581018391],[-77.722031815319738,43.212581580668761],[-77.718208813642605,43.212142581253211],[-77.716651814066296,43.216438581500057],[-77.7164898145829,43.223819583382685],[-77.696803808256561,43.223701583970879],[-77.696651809717238,43.238480586275884],[-77.719395816916304,43.238815586370222],[-77.719939815991125,43.234536585520857],[-77.721047816927182,43.231472584596631],[-77.720953816317547,43.230968584267977],[-77.720716817389388,43.230804585142671],[-77.719734815951711,43.229410584251525],[-77.719638816590546,43.228931584439316],[-77.718955815801948,43.228090584160604],[-77.718577814611848,43.22520258374329],[-77.718522815258581,43.223854583535925],[-77.718360814876874,43.223021583076502],[-77.718319814868991,43.221101582621117],[-77.718497814245907,43.219313582285622],[-77.718604814376036,43.218805583027844],[-77.719726815555788,43.218465581428354],[-77.720463815872762,43.216474582293543],[-77.721798814792919,43.216339580681392],[-77.723054815866973,43.215620581128519],[-77.723411815344036,43.212881581819303]]]},"properties":{"OBJECTID":150710,"GEOID20":"360550135061","GEOID10":"360550135061","STATEFP":"36","COUNTYFP":"055","D1C":0.34723000804593024,"D1C5_RET":0.10711162960060898,"D2B_E5MIXA":0.7156774066254602,"D3A":10.948255105416825,"D3AAO":0,"D3B":38.686366509990506,"D4A":-99999,"D4C":1.3300000000000001,"D4D":1.0019057045699999,"D5AR":60002,"D5BR":-99999}},{"type":"Feature","id":150711,"geometry":{"type":"Polygon","coordinates":[[[-77.752580824983411,43.221127581389808],[-77.752695825509448,43.217404581131888],[-77.737470820544715,43.215661580852945],[-77.7338808193944,43.215002580889596],[-77.73179981903813,43.214492580996961],[-77.731808819258958,43.215619580783596],[-77.732156819413518,43.216423581763294],[-77.733318818979598,43.21737558179138],[-77.733852818906996,43.218253580680532],[-77.733573820146049,43.231664584217683],[-77.721047816927182,43.231472584596631],[-77.719939815991125,43.234536585520857],[-77.719395816916304,43.238815586370222],[-77.73335482165956,43.239021584562373],[-77.733231821635925,43.243404586854723],[-77.738978822412165,43.243525585737714],[-77.745558825561474,43.244266585200684],[-77.751488827534146,43.244375585204644],[-77.752580824983411,43.221127581389808]]]},"properties":{"OBJECTID":150711,"GEOID20":"360550135062","GEOID10":"360550135062","STATEFP":"36","COUNTYFP":"055","D1C":0.30001402731604881,"D1C5_RET":0.19879570256621681,"D2B_E5MIXA":0.61282871707548381,"D3A":6.396273850222518,"D3AAO":0,"D3B":17.251447377333093,"D4A":-99999,"D4C":2,"D4D":0.93208241496199995,"D5AR":53961,"D5BR":-99999}},{"type":"Feature","id":150712,"geometry":{"type":"Polygon","coordinates":[[[-77.659236798470602,43.252906590601086],[-77.659126797069121,43.240362589415277],[-77.657749796519553,43.240350588838041],[-77.657736797897371,43.241178589091518],[-77.657621796473023,43.241326589016772],[-77.654526796688671,43.241325589748058],[-77.654535795112864,43.238366588955273],[-77.650861795195283,43.238360589124831],[-77.650860795370363,43.239331588680862],[-77.646861793966153,43.23934058959172],[-77.646841794772982,43.243485589589305],[-77.648459794448655,43.243455590334079],[-77.648487794037734,43.244865590401552],[-77.64962379546121,43.244568590502432],[-77.650699794813576,43.244543589823564],[-77.650702795186632,43.246132590091911],[-77.652300796567445,43.246135590278868],[-77.652453795829999,43.246279590573238],[-77.652456796203055,43.247032590480785],[-77.653776796851218,43.247025590365446],[-77.653844795724964,43.248715590367667],[-77.654157796617724,43.249137590996121],[-77.655044796722521,43.249790590977014],[-77.655179796441743,43.250065590550356],[-77.65521779607657,43.252940591329065],[-77.659236798470602,43.252906590601086]]]},"properties":{"OBJECTID":150712,"GEOID20":"360550136012","GEOID10":"360550136012","STATEFP":"36","COUNTYFP":"055","D1C":0.68191462244166767,"D1C5_RET":0.042887712103249542,"D2B_E5MIXA":0.68031950903377181,"D3A":15.490556515779721,"D3AAO":0,"D3B":63.1581603517294,"D4A":877.09000000000003,"D4C":10.33,"D4D":28.353924225699998,"D5AR":57919,"D5BR":10285}},{"type":"Feature","id":150713,"geometry":{"type":"Polygon","coordinates":[[[-77.696436810530386,43.255046590181557],[-77.696455810796962,43.253021589888718],[-77.667983801291598,43.252906590601086],[-77.667683801715938,43.255289590873424],[-77.6675628013421,43.26251559287698],[-77.667436801843735,43.263295592848536],[-77.667160801659207,43.264186592921419],[-77.666774801869821,43.26499759238601],[-77.663783800944245,43.269702593775122],[-77.664722800927564,43.270342593009204],[-77.665800802624702,43.270934594239954],[-77.66765380337533,43.271788594123855],[-77.669000802889357,43.272220594500794],[-77.671691804239316,43.272756594339533],[-77.674003804574255,43.272890594542723],[-77.675567805619906,43.272858593954822],[-77.681370807370939,43.272090594419247],[-77.682800807623948,43.271968593345427],[-77.684631807734974,43.272020593253998],[-77.687459809352262,43.27257659352415],[-77.688944809856864,43.273170593409645],[-77.689633809594952,43.273565593334723],[-77.690449811351257,43.274098593637291],[-77.691635811206822,43.275136593360799],[-77.692169810235882,43.275816594111056],[-77.692607810802102,43.27656359309389],[-77.693718811212889,43.278983594629082],[-77.694046811275967,43.27948959394346],[-77.694892812271178,43.280464594153969],[-77.695384812365774,43.280879594339126],[-77.695926812689095,43.279724593639074],[-77.696111811738689,43.278575593696871],[-77.696436810530386,43.255046590181557]]]},"properties":{"OBJECTID":150713,"GEOID20":"360550136032","GEOID10":"360550136032","STATEFP":"36","COUNTYFP":"055","D1C":0.38360459409107311,"D1C5_RET":0.011371677690446832,"D2B_E5MIXA":0.70950390987001566,"D3A":11.851612553494055,"D3AAO":1.9972719792019404,"D3B":33.105385748004629,"D4A":-99999,"D4C":0.67000000000000004,"D4D":0.31672104825199998,"D5AR":60479,"D5BR":-99999}},{"type":"Feature","id":150714,"geometry":{"type":"Polygon","coordinates":[[[-77.671079801799166,43.238834588307107],[-77.671295800810924,43.238355587956804],[-77.659114796475237,43.23837058818745],[-77.659181797320699,43.248393590510936],[-77.66067979824409,43.24839659058653],[-77.660692798662893,43.247953590035294],[-77.660866798740159,43.247880590457946],[-77.666959800021132,43.247837589868233],[-77.666977800462789,43.250397589779894],[-77.666856800088965,43.250813590619487],[-77.663992799384971,43.250811591084641],[-77.663992800283282,43.252898591427716],[-77.667983801291598,43.252906590601086],[-77.668407800715812,43.249902590258316],[-77.668314800829378,43.245602589203919],[-77.668559801051757,43.243803588377403],[-77.669255799564212,43.242004588738723],[-77.671079801799166,43.238834588307107]]]},"properties":{"OBJECTID":150714,"GEOID20":"360550136041","GEOID10":"360550136041","STATEFP":"36","COUNTYFP":"055","D1C":0.086429729851532244,"D1C5_RET":0.024694208529009214,"D2B_E5MIXA":0.59380972930303466,"D3A":20.443429353360536,"D3AAO":6.1451282667210849,"D3B":58.855189469498406,"D4A":1148,"D4C":2.6699999999999999,"D4D":7.0329106643200001,"D5AR":63157,"D5BR":40635}},{"type":"Feature","id":150716,"geometry":{"type":"Polygon","coordinates":[[[-77.637282791291952,43.246993591230293],[-77.637091790597921,43.246133591244806],[-77.637092790422827,43.245544590508395],[-77.633408789561187,43.245490591176832],[-77.633517789341141,43.241871589829216],[-77.628643787527679,43.241759590832366],[-77.627347788067283,43.244485590774097],[-77.622556786094492,43.249237592651568],[-77.621862787231848,43.252567593138608],[-77.622120786076394,43.253044592206422],[-77.620310784983459,43.253058593015545],[-77.622256786518832,43.253848592894677],[-77.623749787419342,43.254548592688266],[-77.624872787525703,43.254959592848216],[-77.625672786693556,43.255192592353175],[-77.62835978874385,43.255688593056277],[-77.628504788508806,43.252722592336049],[-77.630104788641148,43.252761592498331],[-77.630270788322491,43.249839592160136],[-77.635187790691973,43.249963590691671],[-77.635572791554765,43.250035591918234],[-77.635714790048354,43.248383591130249],[-77.637045790567171,43.247374591395115],[-77.637282791291952,43.246993591230293]]]},"properties":{"OBJECTID":150716,"GEOID20":"360550137011","GEOID10":"360550137011","STATEFP":"36","COUNTYFP":"055","D1C":0.036630655340739372,"D1C5_RET":0,"D2B_E5MIXA":0.2167415674429225,"D3A":16.601071398559476,"D3AAO":1.4671419953848042,"D3B":60.949332893321433,"D4A":508.27999999999997,"D4C":2.6699999999999999,"D4D":6.7789185547399997,"D5AR":55729,"D5BR":10164}},{"type":"Feature","id":150722,"geometry":{"type":"Polygon","coordinates":[[[-77.606747780973649,43.253117594100218],[-77.606793781902724,43.253004593148212],[-77.597622778759188,43.249836592809878],[-77.597092778131469,43.247241592430996],[-77.59676577789331,43.247270591959257],[-77.597026778907519,43.252970593110255],[-77.596072778855586,43.25308659396994],[-77.59511077750939,43.252829593442968],[-77.592256776851144,43.251809593547179],[-77.590982776233744,43.2514985942801],[-77.590660776018453,43.25128359463892],[-77.590177776144714,43.250713594168779],[-77.590047775550048,43.250693594204648],[-77.588315776071568,43.252504593871272],[-77.600151780625751,43.258600594415853],[-77.602040779564774,43.257092594600977],[-77.603419780662477,43.255585594420538],[-77.603800781327294,43.254417593757609],[-77.604303781292529,43.253739594139454],[-77.605987781090462,43.254137593025753],[-77.606747780973649,43.253117594100218]]]},"properties":{"OBJECTID":150722,"GEOID20":"360550101005","GEOID10":"360550101005","STATEFP":"36","COUNTYFP":"055","D1C":0.93267356918368582,"D1C5_RET":0,"D2B_E5MIXA":0.55634640766490318,"D3A":22.523900121337427,"D3AAO":0,"D3B":140.21426856609625,"D4A":67.060000000000002,"D4C":3,"D4D":22.525586681899998,"D5AR":55137,"D5BR":86851}},{"type":"Feature","id":150723,"geometry":{"type":"Polygon","coordinates":[[[-77.599752776824317,43.228079589161567],[-77.599721777760493,43.227384589661682],[-77.599416777263642,43.226035589093335],[-77.59864177641353,43.22611958925409],[-77.589744773804725,43.226377588743468],[-77.589353773992471,43.226418589089448],[-77.588672773751995,43.226672589277371],[-77.588077773725232,43.226994590045493],[-77.585604771935181,43.22893559018155],[-77.584880772036996,43.231438590211695],[-77.584424772825727,43.232072591303478],[-77.58825977419842,43.232306590727624],[-77.584169772557615,43.236852591409104],[-77.581450772516888,43.238102591930208],[-77.578481772230916,43.242259592591424],[-77.579419771491033,43.242453592064273],[-77.581804773417531,43.243278592856939],[-77.582424773558643,43.242445592172459],[-77.584318774317154,43.241700592487419],[-77.584633773063103,43.241377592926973],[-77.585074773104068,43.240548591515697],[-77.585560774249188,43.240211591905044],[-77.586064774039357,43.24012759284205],[-77.591516775262804,43.239964591478518],[-77.591521775285671,43.238972591691905],[-77.591697775012776,43.238211591837057],[-77.592084775525393,43.237469590730299],[-77.592599776084512,43.23695559096543],[-77.593186776613635,43.236791590935312],[-77.596332776451632,43.236703591088336],[-77.596222775948448,43.234551591272925],[-77.593875776351723,43.234615590162058],[-77.596030776327851,43.232823589970401],[-77.596796776957135,43.231645590517012],[-77.599298778161184,43.231582589900903],[-77.59928977704206,43.230690590479412],[-77.599752776824317,43.228079589161567]]]},"properties":{"OBJECTID":150723,"GEOID20":"360550102001","GEOID10":"360550102001","STATEFP":"36","COUNTYFP":"055","D1C":0.079296099683303117,"D1C5_RET":0,"D2B_E5MIXA":0.69589476014945972,"D3A":9.9407091006307535,"D3AAO":0,"D3B":36.505662550471257,"D4A":-99999,"D4C":1.6699999999999999,"D4D":2.8564145836699999,"D5AR":51207,"D5BR":-99999}},{"type":"Feature","id":150724,"geometry":{"type":"Polygon","coordinates":[[[-77.60272077908202,43.233563589954606],[-77.602922778748379,43.232836590783528],[-77.599323777377236,43.230433590366175],[-77.599298778161184,43.231582589900903],[-77.596796776957135,43.231645590517012],[-77.596030776327851,43.232823589970401],[-77.593875776351723,43.234615590162058],[-77.596222775948448,43.234551591272925],[-77.596332776451632,43.236703591088336],[-77.593186776613635,43.236791590935312],[-77.592599776084512,43.23695559096543],[-77.592084775525393,43.237469590730299],[-77.591697775012776,43.238211591837057],[-77.591521775285671,43.238972591691905],[-77.591516775262804,43.239964591478518],[-77.599121778609188,43.239742591401139],[-77.599409778489274,43.238694590567043],[-77.599501778550788,43.237939591039229],[-77.5993637775602,43.233616590645205],[-77.60272077908202,43.233563589954606]]]},"properties":{"OBJECTID":150724,"GEOID20":"360550102002","GEOID10":"360550102002","STATEFP":"36","COUNTYFP":"055","D1C":0.21260932534432656,"D1C5_RET":0,"D2B_E5MIXA":0.11112259213924196,"D3A":15.851729430679628,"D3AAO":0,"D3B":33.532373037958763,"D4A":285.66000000000003,"D4C":1.6699999999999999,"D4D":9.8798629099100008,"D5AR":60891,"D5BR":86804}},{"type":"Feature","id":150725,"geometry":{"type":"Polygon","coordinates":[[[-77.643194792822953,43.246334590354984],[-77.643047791611536,43.246168590362757],[-77.64162079262988,43.246153590743248],[-77.64173779100912,43.242003589481122],[-77.640018791051105,43.241981590104331],[-77.640084791173336,43.239436589190468],[-77.637181789212974,43.23939758965804],[-77.637184790484341,43.240665589791156],[-77.638516790828049,43.240716589673887],[-77.63848879123897,43.24196658945386],[-77.633517789341141,43.241871589829216],[-77.633408789561187,43.245490591176832],[-77.638928791455015,43.245570591284292],[-77.639239791799639,43.246168591017124],[-77.638866791530745,43.246562590955037],[-77.638812791104058,43.247668591243276],[-77.639535791177352,43.247414590879224],[-77.640160791341316,43.246994591714689],[-77.640591792234858,43.247384591595775],[-77.64058679131368,43.250262591320542],[-77.641108793342113,43.250203591395845],[-77.643139793469672,43.250202590964157],[-77.643194792822953,43.246334590354984]]]},"properties":{"OBJECTID":150725,"GEOID20":"360550137023","GEOID10":"360550137023","STATEFP":"36","COUNTYFP":"055","D1C":0.0091502073506984759,"D1C5_RET":0,"D2B_E5MIXA":0,"D3A":20.11079665653763,"D3AAO":0,"D3B":97.633444448540786,"D4A":973.64999999999998,"D4C":10.33,"D4D":60.493850836900002,"D5AR":52194,"D5BR":10171}},{"type":"Feature","id":150726,"geometry":{"type":"Polygon","coordinates":[[[-77.620927782954894,43.208670584822144],[-77.620293782570073,43.208384584509218],[-77.619471781864291,43.209243585148094],[-77.615766781086265,43.211390585334868],[-77.615333780542898,43.212483585769526],[-77.615001781180183,43.213051585657176],[-77.615029780769291,43.21391458621941],[-77.614466781427893,43.214373586082253],[-77.613980781181098,43.215131585963164],[-77.61285078050372,43.215780586347854],[-77.612883781014006,43.216694586608057],[-77.61176378038239,43.216716587257729],[-77.611811780062979,43.217548585824986],[-77.608592779531733,43.217640587081419],[-77.607395778907218,43.21970558708265],[-77.607016779688848,43.220210587852655],[-77.605874778417601,43.220145587313986],[-77.60483377832702,43.219861587682708],[-77.604589777929547,43.219917587364321],[-77.604272778635462,43.220175587571205],[-77.60409277871041,43.220224587043113],[-77.603419777069206,43.220053587218686],[-77.606071778959404,43.217390587185882],[-77.604763778006827,43.216664586602121],[-77.604397778308922,43.216579586832339],[-77.60297477683028,43.216607587532096],[-77.602710777239636,43.216464586839791],[-77.602639777094524,43.216148586153324],[-77.598540777029513,43.21622958714832],[-77.598867777267657,43.222764588594565],[-77.598890776833883,43.223911588268585],[-77.598740777046046,43.224711589098746],[-77.598978777595732,43.225390588631221],[-77.600244776918899,43.225453588447358],[-77.601740777294154,43.225317588201762],[-77.613127781411492,43.225170588856109],[-77.612826780214277,43.22167058758383],[-77.616567781875645,43.212005585610243],[-77.620927782954894,43.208670584822144]]]},"properties":{"OBJECTID":150726,"GEOID20":"360550103001","GEOID10":"360550103001","STATEFP":"36","COUNTYFP":"055","D1C":0.52708301572037819,"D1C5_RET":0.047255718650792526,"D2B_E5MIXA":0.93490311601421439,"D3A":9.5996593715673271,"D3AAO":0,"D3B":30.64131521221222,"D4A":328.56999999999999,"D4C":5,"D4D":11.485611819600001,"D5AR":67319,"D5BR":86886}},{"type":"Feature","id":150727,"geometry":{"type":"Polygon","coordinates":[[[-77.603747777132284,43.216597586862825],[-77.603446776833394,43.210552585951312],[-77.598273775269192,43.210696586528719],[-77.598540777029513,43.21622958714832],[-77.602639777094524,43.216148586153324],[-77.602686776950193,43.216424587332355],[-77.602876776920994,43.216579586832339],[-77.603747777132284,43.216597586862825]]]},"properties":{"OBJECTID":150727,"GEOID20":"360550103002","GEOID10":"360550103002","STATEFP":"36","COUNTYFP":"055","D1C":1.3683490359656363,"D1C5_RET":0.098916797780648408,"D2B_E5MIXA":0.59476989929105595,"D3A":21.571562830558715,"D3AAO":0,"D3B":120.6702837455455,"D4A":399.64999999999998,"D4C":16,"D4D":156.47333981099999,"D5AR":67990,"D5BR":87160}},{"type":"Feature","id":150728,"geometry":{"type":"Polygon","coordinates":[[[-77.61269678051795,43.201987583425392],[-77.612533778514688,43.199006583221347],[-77.60926377792984,43.199093583175348],[-77.609041778171999,43.195626583449886],[-77.607729777021419,43.19598558294058],[-77.607820777258041,43.195327582592256],[-77.607763778254935,43.194412582993884],[-77.604266776991025,43.194616582512381],[-77.602419776088198,43.194918583667956],[-77.600099775357322,43.195168583337725],[-77.60059777529969,43.203887584993538],[-77.601795775749125,43.203861584112822],[-77.601751776266497,43.201543584114638],[-77.605580776893092,43.201388583725674],[-77.606278777750333,43.201162584222914],[-77.609363778387248,43.201085584540159],[-77.609406778044971,43.202080584495526],[-77.61269678051795,43.201987583425392]]]},"properties":{"OBJECTID":150728,"GEOID20":"360550104002","GEOID10":"360550104002","STATEFP":"36","COUNTYFP":"055","D1C":3.3129272897347293,"D1C5_RET":0.26121157476754597,"D2B_E5MIXA":0.65992115774072035,"D3A":18.789342422587602,"D3AAO":0,"D3B":58.458385911294535,"D4A":493.52999999999997,"D4C":12.33,"D4D":50.274945824500001,"D5AR":82338,"D5BR":86661}},{"type":"Feature","id":150729,"geometry":{"type":"Polygon","coordinates":[[[-77.617778781845558,43.20479158474933],[-77.618192782122321,43.204326584238906],[-77.612825779491047,43.20452658451967],[-77.612750780046298,43.202979584038751],[-77.609455778448762,43.20307258490633],[-77.609363778387248,43.201085584540159],[-77.606278777750333,43.201162584222914],[-77.605580776893092,43.201388583725674],[-77.603774775998133,43.201464583758565],[-77.604062775878234,43.204883584952746],[-77.609260778455095,43.204724584407124],[-77.608641778138903,43.206499585062112],[-77.616407781143749,43.206276584379673],[-77.617778781845558,43.20479158474933]]]},"properties":{"OBJECTID":150729,"GEOID20":"360550104003","GEOID10":"360550104003","STATEFP":"36","COUNTYFP":"055","D1C":1.2130595003236533,"D1C5_RET":0,"D2B_E5MIXA":0,"D3A":20.387073152132185,"D3AAO":0,"D3B":83.120172440525693,"D4A":359.42000000000002,"D4C":6.3300000000000001,"D4D":45.085749061599998,"D5AR":81806,"D5BR":87081}},{"type":"Feature","id":150730,"geometry":{"type":"Polygon","coordinates":[[[-77.623427783610822,43.20587058375115],[-77.623227783594274,43.204970583729235],[-77.623011783684206,43.204606584055526],[-77.617778781845558,43.20479158474933],[-77.616407781143749,43.206276584379673],[-77.608641778138903,43.206499585062112],[-77.608499778746989,43.207466584810959],[-77.608643778687025,43.210385585606112],[-77.612703779292318,43.210288585646538],[-77.614264779964884,43.208569584876244],[-77.620293782570073,43.208384584509218],[-77.620927782954894,43.208670584822144],[-77.623427783610822,43.20587058375115]]]},"properties":{"OBJECTID":150730,"GEOID20":"360550104005","GEOID10":"360550104005","STATEFP":"36","COUNTYFP":"055","D1C":0.22640469253912579,"D1C5_RET":0,"D2B_E5MIXA":0.10761844580088401,"D3A":20.441153952112195,"D3AAO":0,"D3B":59.986075472145465,"D4A":0,"D4C":5.3300000000000001,"D4D":31.959794308900001,"D5AR":78505,"D5BR":87013}},{"type":"Feature","id":150731,"geometry":{"type":"Polygon","coordinates":[[[-77.585901772934406,43.216294587278952],[-77.585552771158319,43.211040586640983],[-77.563596763431519,43.21180758840535],[-77.562357763872541,43.21144758797174],[-77.560071762578545,43.211529588421101],[-77.558286763396609,43.215091588200082],[-77.557401762941637,43.216142589372936],[-77.555922763183119,43.217579589636749],[-77.558802763780633,43.21861658961425],[-77.558304763838279,43.220206589392575],[-77.556250763246197,43.222496590477185],[-77.556309762797412,43.224271590399567],[-77.559211763136247,43.224265589835944],[-77.559794763467409,43.226434591116828],[-77.559983765409953,43.226552591129561],[-77.560134764124371,43.226436590797221],[-77.560392765663863,43.226464590243076],[-77.561923764402579,43.226766590836071],[-77.563322765591778,43.226566590827424],[-77.563421765325984,43.227366590852114],[-77.565392766077395,43.227411591138875],[-77.570689768388462,43.226711591062767],[-77.571827768563438,43.226652590584273],[-77.571808768296862,43.227469590077646],[-77.572338768924595,43.227466590280585],[-77.571653767587847,43.231673591497099],[-77.575339769895947,43.23148759175767],[-77.575754769099319,43.231523590864818],[-77.576093770829672,43.231121589810627],[-77.577010770173388,43.231430590837142],[-77.578646771189042,43.231189590696289],[-77.579428770813536,43.230956590349273],[-77.579514770128952,43.230857590196251],[-77.579589771370337,43.230303590074421],[-77.579228771695313,43.22997459031258],[-77.579228771695313,43.229848590142382],[-77.580203771663648,43.228783589752673],[-77.580413771725944,43.228388590556094],[-77.580697770509744,43.226621590077045],[-77.581275771716392,43.22562858955871],[-77.581417771108278,43.22509658862834],[-77.581560771223423,43.224898590071646],[-77.581544771329902,43.224355589063499],[-77.581769771460799,43.223165588904628],[-77.581716770859046,43.222589589080492],[-77.581791771202106,43.222375588457112],[-77.582181770291129,43.22221558876047],[-77.582451771526166,43.221979588736133],[-77.582616770484321,43.221508588813521],[-77.582578771747805,43.221354589001542],[-77.582856771582144,43.220695588374966],[-77.583193770967711,43.219121588929667],[-77.583147770936975,43.218808588488223],[-77.583237771348649,43.218402588792998],[-77.583275770983477,43.218331587797813],[-77.584019770973143,43.218409587614225],[-77.584227770487303,43.218352588211424],[-77.584568771867453,43.216998588454643],[-77.584807772242073,43.21649958728743],[-77.585044772068528,43.216340586906519],[-77.585901772934406,43.216294587278952]]]},"properties":{"OBJECTID":150731,"GEOID20":"360550105001","GEOID10":"360550105001","STATEFP":"36","COUNTYFP":"055","D1C":0.4948096602999365,"D1C5_RET":0.0027565997788297296,"D2B_E5MIXA":0.45409815674933962,"D3A":8.2801247066452621,"D3AAO":0,"D3B":28.512544235123546,"D4A":-99999,"D4C":4.3300000000000001,"D4D":2.8923349312000002,"D5AR":65366,"D5BR":-99999}},{"type":"Feature","id":150732,"geometry":{"type":"Polygon","coordinates":[[[-77.527893741690434,43.068675563481982],[-77.527367742158972,43.068333563670279],[-77.527155740650244,43.067733563132052],[-77.526866740945252,43.067526563470473],[-77.524852739637794,43.066710563026732],[-77.522588739881741,43.066279563115756],[-77.52233873963651,43.067153563044769],[-77.521964739542682,43.067521563397079],[-77.521672739464634,43.067602563354484],[-77.51981573851603,43.067775564509361],[-77.519278739113915,43.067686563634801],[-77.51934173976143,43.067520564563587],[-77.519068738153322,43.06781756323285],[-77.518843738022426,43.067760563036344],[-77.517859738731545,43.067430563171364],[-77.518013738717357,43.067106563759076],[-77.518143737515373,43.066019563969768],[-77.518016738192074,43.06584456341885],[-77.517036738200858,43.065818563500628],[-77.516358737435127,43.065907563149707],[-77.515779737301884,43.066155564034148],[-77.515287738105613,43.066539563784019],[-77.514990737106388,43.06635556323333],[-77.514806736983374,43.066049563826525],[-77.514799737310682,43.064465563518624],[-77.510601735714815,43.064513563711657],[-77.510530735569702,43.064659563794343],[-77.510542735265261,43.066850563498434],[-77.508497735792332,43.066835563767881],[-77.507031734655996,43.06662156388721],[-77.504939733530762,43.0666245643691],[-77.504754734481153,43.066776564310828],[-77.504816733507099,43.06867856451958],[-77.50910673606279,43.068716564087381],[-77.509142736047806,43.068961565052398],[-77.509358735957861,43.069222564306699],[-77.510710735494754,43.069803564612599],[-77.510537736140719,43.070142565100014],[-77.51052573644516,43.071877564732489],[-77.508783735124283,43.07226256479656],[-77.507528734773459,43.07226656507089],[-77.507536735169381,43.070237564331109],[-77.507369734764794,43.069944564688832],[-77.507112734846842,43.069868564427388],[-77.505706734883276,43.069876565288283],[-77.505215733715275,43.069992565185288],[-77.50496673419326,43.070131565276228],[-77.504885734900725,43.07026756540472],[-77.504930735106555,43.07049056459082],[-77.506153735670324,43.071754564583998],[-77.506487734682864,43.072307565242724],[-77.50624073481066,43.072455565266793],[-77.505788734899042,43.072960566059336],[-77.505794733848504,43.07327356545315],[-77.506043735167182,43.073915565362924],[-77.507455734978535,43.073528565087905],[-77.518176738025659,43.073587563951605],[-77.518956738000327,43.073671565216465],[-77.519497739397039,43.073540565005963],[-77.522258740168866,43.076569565905459],[-77.522593739904622,43.075281565676747],[-77.522921739967686,43.074658565548525],[-77.524246740638716,43.07281456474918],[-77.525351741201732,43.071473563985641],[-77.527893741690434,43.068675563481982]]]},"properties":{"OBJECTID":150732,"GEOID20":"360550123041","GEOID10":"360550123041","STATEFP":"36","COUNTYFP":"055","D1C":0.33295661843587476,"D1C5_RET":0,"D2B_E5MIXA":0.20697036103627522,"D3A":13.569712609423195,"D3AAO":0,"D3B":52.466494879659791,"D4A":540.47000000000003,"D4C":-99999,"D4D":-99999,"D5AR":64898,"D5BR":85}},{"type":"Feature","id":150733,"geometry":{"type":"Polygon","coordinates":[[[-77.532038742684534,43.060952561807184],[-77.532827741981706,43.059207561230984],[-77.522024738918816,43.059121561893164],[-77.52052773871867,43.060434562380991],[-77.520093737452072,43.060604561985826],[-77.519686738644609,43.060613563001901],[-77.519763737739197,43.062941563117803],[-77.519300738855222,43.062960562057604],[-77.518407738004328,43.063294563219038],[-77.515285737557477,43.063319562680626],[-77.514279736728668,43.063444563773402],[-77.513398735573347,43.063412562872116],[-77.512108735960723,43.063154562501758],[-77.511279735582249,43.062507563589662],[-77.51077573579208,43.062250563580626],[-77.510200734958502,43.062128563380575],[-77.509253734579246,43.062111562682517],[-77.509260735150249,43.063281563048733],[-77.509111734289021,43.064050563536682],[-77.509115735385294,43.066847564340122],[-77.510542735265261,43.066850563498434],[-77.510530735569702,43.064659563794343],[-77.510645736095753,43.064492563549791],[-77.514799737310682,43.064465563518624],[-77.514806736983374,43.066049563826525],[-77.514990737106388,43.06635556323333],[-77.515287738105613,43.066539563784019],[-77.515779737301884,43.066155564034148],[-77.516358737435127,43.065907563149707],[-77.517036738200858,43.065818563500628],[-77.518016738192074,43.06584456341885],[-77.518143737515373,43.066019563969768],[-77.518013738717357,43.067106563759076],[-77.517859738731545,43.067430563171364],[-77.518843738022426,43.067760563036344],[-77.519068738153322,43.06781756323285],[-77.51934173976143,43.067520564563587],[-77.519278739113915,43.067686563634801],[-77.51981573851603,43.067775564509361],[-77.521672739464634,43.067602563354484],[-77.521964739542682,43.067521563397079],[-77.52233873963651,43.067153563044769],[-77.522588739881741,43.066279563115756],[-77.524852739637794,43.066710563026732],[-77.526866740945252,43.067526563470473],[-77.527155740650244,43.067733563132052],[-77.527367742158972,43.068333563670279],[-77.527893741690434,43.068675563481982],[-77.529195740998603,43.067074562800578],[-77.532038742684534,43.060952561807184]]]},"properties":{"OBJECTID":150733,"GEOID20":"360550123042","GEOID10":"360550123042","STATEFP":"36","COUNTYFP":"055","D1C":0.14203048703597537,"D1C5_RET":0.0076773236235662358,"D2B_E5MIXA":0.53589144384179965,"D3A":15.81362439075761,"D3AAO":0,"D3B":50.829162738563774,"D4A":387.57999999999998,"D4C":-99999,"D4D":-99999,"D5AR":65505,"D5BR":27}},{"type":"Feature","id":150734,"geometry":{"type":"Polygon","coordinates":[[[-77.523190739581196,43.057441561580347],[-77.523039738171818,43.054225561280568],[-77.511822734832137,43.054254561294918],[-77.510664735464005,43.054333562305636],[-77.508400734809641,43.054354562008832],[-77.492753729172179,43.054262562224501],[-77.491586728684908,43.05430256226181],[-77.489569727902747,43.054601562010014],[-77.487146728138029,43.055125562261011],[-77.486674728134929,43.055432562711822],[-77.486387726283112,43.055879563521565],[-77.486290726198746,43.056264562984559],[-77.48625672676188,43.059070563190502],[-77.486011728336123,43.059677563799895],[-77.485949727513514,43.060197564245506],[-77.486146728055317,43.06462156433674],[-77.486799727808389,43.06500256460297],[-77.487745728362739,43.065880565054293],[-77.493322731056296,43.073772566459922],[-77.497321732460534,43.0763725665742],[-77.499681733374373,43.078206566894018],[-77.501249732821321,43.079311566901211],[-77.501411734101353,43.07916456698716],[-77.501399733507469,43.078848566959884],[-77.502666735350502,43.079614566522046],[-77.502579734413558,43.079395566881274],[-77.501633733859194,43.078654566318519],[-77.500957732743288,43.077648566413501],[-77.500374733310409,43.076365565906826],[-77.500349734094371,43.075617566006962],[-77.500621733182626,43.075240566838339],[-77.501124733147861,43.075010566396124],[-77.503788734733618,43.074649565282279],[-77.506043735167182,43.073915565362924],[-77.505794733848504,43.07327356545315],[-77.505788734899042,43.072960566059336],[-77.50624073481066,43.072455565266793],[-77.506487734682864,43.072307565242724],[-77.506153735670324,43.071754564583998],[-77.504930735106555,43.07049056459082],[-77.504885734900725,43.07026756540472],[-77.50496673419326,43.070131565276228],[-77.505341735010276,43.069949565220782],[-77.505870734016497,43.06986456399656],[-77.507112734846842,43.069868564427388],[-77.507431734689064,43.069995564845918],[-77.507536735169381,43.070237564331109],[-77.507528734773459,43.07226656507089],[-77.508906736046242,43.072248564490586],[-77.51052573644516,43.071877564732489],[-77.510537736140719,43.070142565100014],[-77.510710735494754,43.069803564612599],[-77.509358735957861,43.069222564306699],[-77.509142736047806,43.068961565052398],[-77.50910673606279,43.068716564087381],[-77.504816733507099,43.06867856451958],[-77.504794733765806,43.066683563972454],[-77.504939733530762,43.0666245643691],[-77.507031734655996,43.06662156388721],[-77.508233735303378,43.066809563613702],[-77.509115735385294,43.066847564340122],[-77.509111734289021,43.064050563536682],[-77.509260735150249,43.063281563048733],[-77.509253734579246,43.062111562682517],[-77.510045735147813,43.0621175634313],[-77.510641734999467,43.062209563244593],[-77.511150735710828,43.062425563233909],[-77.512200736022237,43.063192564181328],[-77.513643736694036,43.063437563598221],[-77.514535736821699,43.063426563227495],[-77.515285737557477,43.063319562680626],[-77.518278738132892,43.063318563122401],[-77.519300738855222,43.062960562057604],[-77.519763737739197,43.062941563117803],[-77.519686738644609,43.060613563001901],[-77.520093737452072,43.060604561985826],[-77.52052773871867,43.060434562380991],[-77.522024738918816,43.059121561893164],[-77.522983738993645,43.05806156187424],[-77.523190739581196,43.057441561580347]]]},"properties":{"OBJECTID":150734,"GEOID20":"360550123043","GEOID10":"360550123043","STATEFP":"36","COUNTYFP":"055","D1C":0.39463335496404889,"D1C5_RET":0.0020032149998175071,"D2B_E5MIXA":0.44859145394633482,"D3A":8.3097848397216119,"D3AAO":0.70484584760250402,"D3B":25.797959373527728,"D4A":-99999,"D4C":-99999,"D4D":-99999,"D5AR":57412,"D5BR":-99999}},{"type":"Feature","id":150736,"geometry":{"type":"Polygon","coordinates":[[[-77.640630791694605,43.247585591158348],[-77.640538792531416,43.247296590689807],[-77.640160791341316,43.246994591714689],[-77.639535791177352,43.247414590879224],[-77.638812791104058,43.247668591243276],[-77.638866791530745,43.246562590955037],[-77.639239791799639,43.246168591017124],[-77.638928791455015,43.245570591284292],[-77.637092790422827,43.245544590508395],[-77.637091790597921,43.246133591244806],[-77.637288791139724,43.246903590096302],[-77.637202790926011,43.247187591332072],[-77.635714790048354,43.248383591130249],[-77.635572791554765,43.250035591918234],[-77.635187790691973,43.249963590691671],[-77.634151790624259,43.249940591136124],[-77.632312789219014,43.25282059190787],[-77.632159789956447,43.254505592226323],[-77.634678790878951,43.254789592691814],[-77.634701790445163,43.253924592319521],[-77.636068790948997,43.253926592406387],[-77.636087791215559,43.254296592302445],[-77.636231791155623,43.254639593352799],[-77.636655790579809,43.255053591992002],[-77.63710179154198,43.254889592264021],[-77.637430791429949,43.25486059243773],[-77.639973791743571,43.254885592153428],[-77.639912791644207,43.254018591752356],[-77.63973579209221,43.253942591790597],[-77.638700791849388,43.253932592666636],[-77.638724792138831,43.25292259221608],[-77.639262792264191,43.25293059138636],[-77.639372792767361,43.250498591102144],[-77.64058679131368,43.250262591320542],[-77.640630791694605,43.247585591158348]]]},"properties":{"OBJECTID":150736,"GEOID20":"360550137022","GEOID10":"360550137022","STATEFP":"36","COUNTYFP":"055","D1C":0.11671662035890985,"D1C5_RET":0,"D2B_E5MIXA":0,"D3A":16.490145841102574,"D3AAO":0,"D3B":58.121764495527543,"D4A":606.19000000000005,"D4C":2.6699999999999999,"D4D":16.6204467391,"D5AR":54641,"D5BR":10203}},{"type":"Feature","id":150737,"geometry":{"type":"Polygon","coordinates":[[[-77.646883792809149,43.236681588488963],[-77.64688679318219,43.236615588496477],[-77.64557579365318,43.236527588395319],[-77.635473790023937,43.23641858940281],[-77.635687789385855,43.237315590010439],[-77.637235789639647,43.237329589199547],[-77.637181789212974,43.23939758965804],[-77.640084791173336,43.239436589190468],[-77.640018791051105,43.241981590104331],[-77.64173779100912,43.242003589481122],[-77.641627792302586,43.245216590437998],[-77.642086792785207,43.245216590437998],[-77.643020792745673,43.244383590078009],[-77.644085792227386,43.243869590399491],[-77.646838793501601,43.243837589606471],[-77.646883792809149,43.236681588488963]]]},"properties":{"OBJECTID":150737,"GEOID20":"360550137024","GEOID10":"360550137024","STATEFP":"36","COUNTYFP":"055","D1C":4.3849698694295025,"D1C5_RET":2.5942491897671927,"D2B_E5MIXA":0.61306477201508192,"D3A":15.143238965619421,"D3AAO":0,"D3B":80.028378545455439,"D4A":419.76999999999998,"D4C":10.33,"D4D":50.593216057200003,"D5AR":60617,"D5BR":86701}},{"type":"Feature","id":150738,"geometry":{"type":"Polygon","coordinates":[[[-77.646830793105693,43.245615589908063],[-77.646838793501601,43.243837589606471],[-77.644085792227386,43.243869590399491],[-77.643020792745673,43.244383590078009],[-77.642086792785207,43.245216590437998],[-77.641627792302586,43.245216590437998],[-77.64162079262988,43.246153590743248],[-77.643047791611536,43.246168590362757],[-77.643183792053975,43.246268591003513],[-77.643139793469672,43.250202590964157],[-77.641108793342113,43.250203591395845],[-77.639372792767361,43.250498591102144],[-77.639262792264191,43.25293059138636],[-77.646829794179112,43.252970591801684],[-77.646830793105693,43.245615589908063]]]},"properties":{"OBJECTID":150738,"GEOID20":"360550137025","GEOID10":"360550137025","STATEFP":"36","COUNTYFP":"055","D1C":0.59260580609252189,"D1C5_RET":0.27654937617651021,"D2B_E5MIXA":0.75688447039847828,"D3A":15.619551363053775,"D3AAO":0,"D3B":40.050670798957,"D4A":834.17999999999995,"D4C":2.6699999999999999,"D4D":16.8774133575,"D5AR":52754,"D5BR":10214}},{"type":"Feature","id":150739,"geometry":{"type":"Polygon","coordinates":[[[-77.646298792828134,43.225580586756685],[-77.646308791975571,43.223731586405847],[-77.645241791945708,43.223722586462422],[-77.645239792295868,43.221766585561028],[-77.644830792041958,43.221293585453033],[-77.644658791614518,43.221386586546039],[-77.644689790678328,43.217624586018978],[-77.641288790572233,43.217600585726792],[-77.641299790442886,43.22327058715765],[-77.642450791036637,43.224750586902196],[-77.643318790874872,43.22556858719576],[-77.646298792828134,43.225580586756685]]]},"properties":{"OBJECTID":150739,"GEOID20":"360550139012","GEOID10":"360550139012","STATEFP":"36","COUNTYFP":"055","D1C":3.1298755906830729,"D1C5_RET":0.90966827512463699,"D2B_E5MIXA":0.83315096617453765,"D3A":24.543609307503257,"D3AAO":0,"D3B":144.77725215054832,"D4A":351.37,"D4C":5.3300000000000001,"D4D":52.594244408599998,"D5AR":69618,"D5BR":86643}},{"type":"Feature","id":150740,"geometry":{"type":"Polygon","coordinates":[[[-77.641292790770194,43.221749585991603],[-77.641288790572233,43.217600585726792],[-77.636485788005558,43.217551584800759],[-77.63085178720722,43.224098587767983],[-77.629923786196244,43.225576587994254],[-77.629434785576379,43.226908588152924],[-77.629547787350916,43.226843588209881],[-77.630243786761682,43.226845588531418],[-77.630595787114189,43.225852587734607],[-77.631348787324697,43.224647586355239],[-77.635412788127937,43.219916586435303],[-77.636184788605007,43.220234587117517],[-77.637099788298897,43.220273586475642],[-77.637084788230283,43.221736586741265],[-77.641292790770194,43.221749585991603]]]},"properties":{"OBJECTID":150740,"GEOID20":"360550138004","GEOID10":"360550138004","STATEFP":"36","COUNTYFP":"055","D1C":0.78176240836428335,"D1C5_RET":0.36694970188527587,"D2B_E5MIXA":0.76326456488431349,"D3A":22.394510409702455,"D3AAO":0,"D3B":57.884877919937949,"D4A":388.92000000000002,"D4C":8,"D4D":81.686192160800005,"D5AR":71131,"D5BR":86569}},{"type":"Feature","id":150741,"geometry":{"type":"Polygon","coordinates":[[[-77.641299790442886,43.22327058715765],[-77.641292790770194,43.221749585991603],[-77.637084788230283,43.221736586741265],[-77.637099788298897,43.220273586475642],[-77.636184788605007,43.220234587117517],[-77.635412788127937,43.219916586435303],[-77.633108787290595,43.222596587421101],[-77.6339407871438,43.22261658744484],[-77.635646788479661,43.225448586874663],[-77.636422788256368,43.226187586556485],[-77.63820978978309,43.225006586567282],[-77.641299790442886,43.22327058715765]]]},"properties":{"OBJECTID":150741,"GEOID20":"360550138005","GEOID10":"360550138005","STATEFP":"36","COUNTYFP":"055","D1C":0.85891371315493581,"D1C5_RET":0.4294568565774679,"D2B_E5MIXA":0.71095532556570706,"D3A":20.221570543410866,"D3AAO":0,"D3B":70.40580486136524,"D4A":453.30000000000001,"D4C":5.3300000000000001,"D4D":59.236454603200002,"D5AR":68005,"D5BR":86541}},{"type":"Feature","id":150742,"geometry":{"type":"Polygon","coordinates":[[[-77.640855790927191,43.233478588874299],[-77.640848791254498,43.233346588424553],[-77.640546791130703,43.23342958892912],[-77.640583790940624,43.231080588700983],[-77.638202791008695,43.231037588034305],[-77.638254789988935,43.227996587261828],[-77.636475788858135,43.226151586915947],[-77.634775787370074,43.227357587518021],[-77.63557678815944,43.228162587675556],[-77.635535789049882,43.230987587342796],[-77.633489787057087,43.230945588667566],[-77.633308789103765,43.236322589630255],[-77.63748278951185,43.236435588808185],[-77.637435789656195,43.23521158873821],[-77.637728790457473,43.234611589374474],[-77.640064790183544,43.233958588337501],[-77.640855790927191,43.233478588874299]]]},"properties":{"OBJECTID":150742,"GEOID20":"360550138006","GEOID10":"360550138006","STATEFP":"36","COUNTYFP":"055","D1C":0.041149021661332615,"D1C5_RET":0,"D2B_E5MIXA":0.43067655807339306,"D3A":14.226474305185198,"D3AAO":0,"D3B":37.317224764229323,"D4A":1019.25,"D4C":2,"D4D":13.1676869316,"D5AR":58549,"D5BR":86596}},{"type":"Feature","id":150743,"geometry":{"type":"Polygon","coordinates":[[[-77.651581793098885,43.218374584989661],[-77.651408793744821,43.217890585297312],[-77.651446793379662,43.216018584856833],[-77.651568791781784,43.215249583630602],[-77.648847791192892,43.213024584366813],[-77.645491790394331,43.211216583709891],[-77.645319790865187,43.211749584387121],[-77.645248790720089,43.217648584337766],[-77.644689790678328,43.217624586018978],[-77.644658791614518,43.221386586546039],[-77.647206791052696,43.219979585362061],[-77.651581793098885,43.218374584989661]]]},"properties":{"OBJECTID":150743,"GEOID20":"360550139013","GEOID10":"360550139013","STATEFP":"36","COUNTYFP":"055","D1C":0.14415055845439925,"D1C5_RET":0,"D2B_E5MIXA":0,"D3A":19.147010023382581,"D3AAO":0,"D3B":94.483689468305201,"D4A":781.87,"D4C":5.3300000000000001,"D4D":35.123313214299998,"D5AR":77217,"D5BR":86570}},{"type":"Feature","id":150744,"geometry":{"type":"Polygon","coordinates":[[[-77.659438796340325,43.215012585093874],[-77.659459796256726,43.214483584927201],[-77.657592795262389,43.214470584127739],[-77.65641779437918,43.214609584122144],[-77.651574793426192,43.214591584814229],[-77.651608791964748,43.211062583437915],[-77.645491790394331,43.210999584464531],[-77.645491790394331,43.211216583709891],[-77.648847791192892,43.213024584366813],[-77.651568791781784,43.215249583630602],[-77.653767793935444,43.217592584536149],[-77.65928579528115,43.215675584361215],[-77.659438796340325,43.215012585093874]]]},"properties":{"OBJECTID":150744,"GEOID20":"360550139021","GEOID10":"360550139021","STATEFP":"36","COUNTYFP":"055","D1C":0.080991373547250042,"D1C5_RET":0,"D2B_E5MIXA":0,"D3A":21.159410199170463,"D3AAO":0,"D3B":48.392669659976093,"D4A":1095.7,"D4C":-99999,"D4D":-99999,"D5AR":75174,"D5BR":23240}},{"type":"Feature","id":150745,"geometry":{"type":"Polygon","coordinates":[[[-77.65162979277946,43.208945584034616],[-77.651632792254176,43.208700582867912],[-77.649216792162179,43.208683584239019],[-77.649283791211005,43.204479582656255],[-77.647223789872825,43.203822582116111],[-77.642468789681686,43.210450583454254],[-77.64310878991428,43.210492584464582],[-77.645491790394331,43.210999584464531],[-77.651608791964748,43.211062583437915],[-77.65162979277946,43.208945584034616]]]},"properties":{"OBJECTID":150745,"GEOID20":"360550139022","GEOID10":"360550139022","STATEFP":"36","COUNTYFP":"055","D1C":0.012112176261543902,"D1C5_RET":0,"D2B_E5MIXA":0,"D3A":21.203434550628902,"D3AAO":0,"D3B":118.92025345814078,"D4A":781.87,"D4C":6.3300000000000001,"D4D":49.068848470799999,"D5AR":81037,"D5BR":88711}},{"type":"Feature","id":150746,"geometry":{"type":"Polygon","coordinates":[[[-77.573145767765155,43.211463587381424],[-77.572433766664204,43.200352585415757],[-77.565634764130095,43.202341585241811],[-77.565987765205833,43.209379587202577],[-77.565557764137196,43.209399586978442],[-77.565401765399898,43.209486587825893],[-77.565441765582861,43.210398587931145],[-77.565244765041058,43.210839586997551],[-77.565304764417192,43.211735588488651],[-77.573145767765155,43.211463587381424]]]},"properties":{"OBJECTID":150746,"GEOID20":"360550106013","GEOID10":"360550106013","STATEFP":"36","COUNTYFP":"055","D1C":2.613445280895875,"D1C5_RET":0.25766361924325526,"D2B_E5MIXA":0.70426099618221116,"D3A":16.919563931760369,"D3AAO":0,"D3B":85.106538829970305,"D4A":818.08000000000004,"D4C":4,"D4D":15.7052110777,"D5AR":78412,"D5BR":38971}},{"type":"Feature","id":150747,"geometry":{"type":"Polygon","coordinates":[[[-77.65947479452872,43.208887583187263],[-77.65947479452872,43.206567583293484],[-77.659084794541386,43.206662582948816],[-77.659085795264588,43.204801582771083],[-77.658486794141581,43.204608581832609],[-77.656961793453988,43.204566582663702],[-77.656991794489542,43.2093115835943],[-77.651627792231324,43.209277584053318],[-77.651574793426192,43.214591584814229],[-77.65641779437918,43.214609584122144],[-77.657592795262389,43.214470584127739],[-77.659459796256726,43.214483584927201],[-77.65947479452872,43.208887583187263]]]},"properties":{"OBJECTID":150747,"GEOID20":"360550139024","GEOID10":"360550139024","STATEFP":"36","COUNTYFP":"055","D1C":0.19652447403499931,"D1C5_RET":0,"D2B_E5MIXA":0.5261553578366055,"D3A":23.02954520871069,"D3AAO":2.5416101987380135,"D3B":84.085270808578827,"D4A":840.88,"D4C":1,"D4D":5.4817961280800001,"D5AR":84071,"D5BR":88701}},{"type":"Feature","id":150748,"geometry":{"type":"Polygon","coordinates":[[[-77.696773809017657,43.228264585418579],[-77.696803808256561,43.223701583970879],[-77.6748898021592,43.223688585791308],[-77.674667801503034,43.224735585282716],[-77.672563800682227,43.230342585609449],[-77.672369800513465,43.23110758657733],[-77.682664804486578,43.23117858643861],[-77.685789806204809,43.23101358582251],[-77.689923807328228,43.230966585390739],[-77.693490808013991,43.231140586292689],[-77.696737808134344,43.231174585425336],[-77.696773809017657,43.228264585418579]]]},"properties":{"OBJECTID":150748,"GEOID20":"360550140011","GEOID10":"360550140011","STATEFP":"36","COUNTYFP":"055","D1C":0.40769888113314368,"D1C5_RET":0.047042178592285808,"D2B_E5MIXA":0.70838128808212764,"D3A":10.07107255496598,"D3AAO":0.87509495213129507,"D3B":21.753976082832185,"D4A":541.80999999999995,"D4C":-99999,"D4D":-99999,"D5AR":64582,"D5BR":124}},{"type":"Feature","id":150749,"geometry":{"type":"Polygon","coordinates":[[[-77.685430804382946,43.220330584082639],[-77.685444803728359,43.219357583651046],[-77.681730803627801,43.219330584498145],[-77.681749802996066,43.216543583482185],[-77.677776801531081,43.216536583792148],[-77.677785801751924,43.22366758525181],[-77.685401803172326,43.223666585038963],[-77.685430804382946,43.220330584082639]]]},"properties":{"OBJECTID":150749,"GEOID20":"360550140031","GEOID10":"360550140031","STATEFP":"36","COUNTYFP":"055","D1C":0.58936184433985106,"D1C5_RET":0.16258257774892443,"D2B_E5MIXA":0.63514864360172429,"D3A":19.411733430141904,"D3AAO":0,"D3B":84.575456944990478,"D4A":490.85000000000002,"D4C":-99999,"D4D":-99999,"D5AR":73482,"D5BR":50}},{"type":"Feature","id":150750,"geometry":{"type":"Polygon","coordinates":[[[-77.68936780496459,43.216483583306918],[-77.68937980645677,43.215531583100947],[-77.685312804382193,43.215506582947519],[-77.684814803541499,43.215660583127395],[-77.68176380234145,43.215648583577959],[-77.681817801869784,43.211012582730312],[-77.677449801292951,43.210976581985953],[-77.677776801531081,43.216536583792148],[-77.681749802996066,43.216543583482185],[-77.681733803102517,43.21747358323217],[-77.684670803601463,43.217498583888499],[-77.68927180560344,43.217462583699579],[-77.689356805093936,43.217354583005232],[-77.68936780496459,43.216483583306918]]]},"properties":{"OBJECTID":150750,"GEOID20":"360550140032","GEOID10":"360550140032","STATEFP":"36","COUNTYFP":"055","D1C":0.15495031142807536,"D1C5_RET":0,"D2B_E5MIXA":0,"D3A":21.896473460825188,"D3AAO":0,"D3B":94.102992825931693,"D4A":934.75999999999999,"D4C":1,"D4D":7.6283230241500002,"D5AR":80583,"D5BR":89998}},{"type":"Feature","id":150751,"geometry":{"type":"Polygon","coordinates":[[[-77.686538803522382,43.208464581604588],[-77.686540804070518,43.20832758228341],[-77.679214802180027,43.207184582095472],[-77.67860980210753,43.207787582435458],[-77.677823801386765,43.208323583044177],[-77.677506800296044,43.208807583372916],[-77.677373801124958,43.209489582614971],[-77.677449801292951,43.210976581985953],[-77.681817801869784,43.211012582730312],[-77.681787801732582,43.213863582893374],[-77.68407680339962,43.213877583541091],[-77.684117803407489,43.211026582723072],[-77.686516802882764,43.211034582811024],[-77.686538803522382,43.208464581604588]]]},"properties":{"OBJECTID":150751,"GEOID20":"360550140033","GEOID10":"360550140033","STATEFP":"36","COUNTYFP":"055","D1C":2.5323264349355705,"D1C5_RET":0.74847086746864155,"D2B_E5MIXA":0.67969534372480744,"D3A":23.084926782013429,"D3AAO":0,"D3B":103.81191135674395,"D4A":600.82000000000005,"D4C":6.3300000000000001,"D4D":50.5367529715,"D5AR":74946,"D5BR":92646}},{"type":"Feature","id":150755,"geometry":{"type":"Polygon","coordinates":[[[-77.5950717744564,43.213670586403531],[-77.594921773770238,43.210783586180845],[-77.585552771158319,43.211040586640983],[-77.585901772934406,43.216294587278952],[-77.585044772068528,43.216340586906519],[-77.584807772242073,43.21649958728743],[-77.584568771867453,43.216998588454643],[-77.584227770487303,43.218352588211424],[-77.584019770973143,43.218409587614225],[-77.583275770983477,43.218331587797813],[-77.583237771348649,43.218402588792998],[-77.583147770936975,43.218808588488223],[-77.583193770967711,43.219121588929667],[-77.582856771582144,43.220695588374966],[-77.582578771747805,43.221354589001542],[-77.582616770484321,43.221508588813521],[-77.582451771526166,43.221979588736133],[-77.582181770291129,43.22221558876047],[-77.581791771202106,43.222375588457112],[-77.581716770859046,43.222589589080492],[-77.581769771460799,43.223165588904628],[-77.581544771329902,43.224355589063499],[-77.581560771223423,43.224898590071646],[-77.581417771108278,43.22509658862834],[-77.581275771716392,43.22562858955871],[-77.580697770509744,43.226621590077045],[-77.580413771725944,43.228388590556094],[-77.580203771663648,43.228783589752673],[-77.579228771695313,43.229848590142382],[-77.579228771695313,43.22997459031258],[-77.579589771370337,43.230303590074421],[-77.579514770128952,43.230857590196251],[-77.579428770813536,43.230956590349273],[-77.578646771189042,43.231189590696289],[-77.577010770173388,43.231430590837142],[-77.578387771621252,43.231662591253851],[-77.580341771755911,43.231598591227133],[-77.58112977212653,43.23190959064506],[-77.584424772825727,43.232072591303478],[-77.584880772036996,43.231438590211695],[-77.585604771935181,43.22893559018155],[-77.588077773725232,43.226994590045493],[-77.588672773751995,43.226672589277371],[-77.589353773992471,43.226418589089448],[-77.59298877534863,43.226277589492135],[-77.592783775309201,43.22227458829655],[-77.592887774167977,43.222240588781652],[-77.592369774134113,43.213748586944561],[-77.5950717744564,43.213670586403531]]]},"properties":{"OBJECTID":150755,"GEOID20":"360550105002","GEOID10":"360550105002","STATEFP":"36","COUNTYFP":"055","D1C":0.041059518587702723,"D1C5_RET":0,"D2B_E5MIXA":0.61653945590970627,"D3A":9.5604783353406582,"D3AAO":0,"D3B":34.000132922789255,"D4A":1101.0599999999999,"D4C":6,"D4D":9.5582063222899993,"D5AR":59888,"D5BR":954}},{"type":"Feature","id":150756,"geometry":{"type":"Polygon","coordinates":[[[-77.598695775941891,43.219018587382692],[-77.598273775269192,43.210696586528719],[-77.594921773770238,43.210783586180845],[-77.5950717744564,43.213670586403531],[-77.592369774134113,43.213748586944561],[-77.59271877411355,43.219189588145923],[-77.598695775941891,43.219018587382692]]]},"properties":{"OBJECTID":150756,"GEOID20":"360550105003","GEOID10":"360550105003","STATEFP":"36","COUNTYFP":"055","D1C":7.6010457527192203,"D1C5_RET":0.031671023969663419,"D2B_E5MIXA":0.096101166073439173,"D3A":23.898087409492284,"D3AAO":0,"D3B":202.77563122720824,"D4A":324.55000000000001,"D4C":16,"D4D":108.103761816,"D5AR":71341,"D5BR":86769}},{"type":"Feature","id":150757,"geometry":{"type":"Polygon","coordinates":[[[-77.577023767897231,43.199053585372148],[-77.57681876606118,43.196461584858774],[-77.568081763285946,43.196372584414995],[-77.561409763668379,43.196038584866379],[-77.562107763627282,43.207087587521507],[-77.560071762578545,43.211529588421101],[-77.562357763872541,43.21144758797174],[-77.563596763431519,43.21180758840535],[-77.565304764417192,43.211735588488651],[-77.565244765041058,43.210839586997551],[-77.565441765582861,43.210398587931145],[-77.565386765331283,43.209530588425451],[-77.565557764137196,43.209399586978442],[-77.565987765205833,43.209379587202577],[-77.565634764130095,43.202341585241811],[-77.577023767897231,43.199053585372148]]]},"properties":{"OBJECTID":150757,"GEOID20":"360550106012","GEOID10":"360550106012","STATEFP":"36","COUNTYFP":"055","D1C":7.0247355733936683,"D1C5_RET":0.78898113338571996,"D2B_E5MIXA":0.6029591374832407,"D3A":24.331822371716363,"D3AAO":0.52926351714403552,"D3B":90.603549572932963,"D4A":173,"D4C":4.3300000000000001,"D4D":11.098601608299999,"D5AR":78140,"D5BR":87254}},{"type":"Feature","id":150758,"geometry":{"type":"Polygon","coordinates":[[[-77.585452771599208,43.209148585584018],[-77.584599769134641,43.195419583314418],[-77.580326768094039,43.196255584288998],[-77.57681876606118,43.196461584858774],[-77.57728776748786,43.203383585791975],[-77.579958768746323,43.209309585971191],[-77.585452771599208,43.209148585584018]]]},"properties":{"OBJECTID":150758,"GEOID20":"360550106021","GEOID10":"360550106021","STATEFP":"36","COUNTYFP":"055","D1C":3.0924991873861876,"D1C5_RET":0.68774187677120968,"D2B_E5MIXA":0.86259161273108931,"D3A":12.73527545091668,"D3AAO":0.47193465909758603,"D3B":44.931720719798733,"D4A":877.09000000000003,"D4C":6,"D4D":17.965502087099999,"D5AR":83336,"D5BR":86993}},{"type":"Feature","id":150759,"geometry":{"type":"Polygon","coordinates":[[[-77.551646761769462,43.229152591054188],[-77.551787762234781,43.227906590791513],[-77.547669761004855,43.227985590936726],[-77.546594759680787,43.228065591774744],[-77.546819759811669,43.227607591709486],[-77.544231758393877,43.227334591209789],[-77.543647759136107,43.228238591657124],[-77.541105759545715,43.231477592220081],[-77.539794758220054,43.232907592557503],[-77.539758758235052,43.233385592484353],[-77.540035759142796,43.233958592918881],[-77.539992759485088,43.234706593774156],[-77.541077759058297,43.234806593595223],[-77.542266759286889,43.23478759236562],[-77.543194759399569,43.234526593028228],[-77.543629760491072,43.234220592765219],[-77.543901758681002,43.233914592274623],[-77.544857760179411,43.231447592942992],[-77.547709761187818,43.231346592104778],[-77.547596761209917,43.230019591946544],[-77.551304762361013,43.229906591998464],[-77.551256761782128,43.229236591501234],[-77.551646761769462,43.229152591054188]]]},"properties":{"OBJECTID":150759,"GEOID20":"360550107002","GEOID10":"360550107002","STATEFP":"36","COUNTYFP":"055","D1C":1.5075201452297302,"D1C5_RET":0.056673689670290607,"D2B_E5MIXA":0.65681824720858883,"D3A":30.673043032788886,"D3AAO":4.7404489683164774,"D3B":119.65125271331277,"D4A":301.75,"D4C":4,"D4D":28.705392602,"D5AR":60988,"D5BR":38553}},{"type":"Feature","id":150760,"geometry":{"type":"Polygon","coordinates":[[[-77.600764774805953,43.207153586094137],[-77.600099775357322,43.195168583337725],[-77.595255773681089,43.195931583575359],[-77.594674772999738,43.195914584007816],[-77.592390772253864,43.196398583903175],[-77.592713772294047,43.202226585248795],[-77.596476773696736,43.202087584535114],[-77.596536773971181,43.204110585896935],[-77.595009773633791,43.204145584922315],[-77.595137774578632,43.207284585817355],[-77.596356774046129,43.20722758583743],[-77.596345774175475,43.206790585531188],[-77.598687774647644,43.206704585258052],[-77.598933774694956,43.206763585397596],[-77.598983774923653,43.207200585242489],[-77.600764774805953,43.207153586094137]]]},"properties":{"OBJECTID":150760,"GEOID20":"360550106023","GEOID10":"360550106023","STATEFP":"36","COUNTYFP":"055","D1C":6.3291156446495682,"D1C5_RET":1.3350004236077708,"D2B_E5MIXA":0.76616394727421033,"D3A":16.857177307976865,"D3AAO":0,"D3B":68.639410870818153,"D4A":811.38,"D4C":21.670000000000002,"D4D":84.158426704199996,"D5AR":79538,"D5BR":87009}},{"type":"Feature","id":150761,"geometry":{"type":"Polygon","coordinates":[[[-77.600932776832067,43.210623586837755],[-77.600764774805953,43.207153586094137],[-77.598983774923653,43.207200585242489],[-77.598933774694956,43.206763585397596],[-77.598687774647644,43.206704585258052],[-77.596345774175475,43.206790585531188],[-77.596356774046129,43.20722758583743],[-77.595137774578632,43.207284585817355],[-77.595009773633791,43.204145584922315],[-77.596536773971181,43.204110585896935],[-77.596476773696736,43.202087584535114],[-77.592713772294047,43.202226585248795],[-77.592680773580412,43.201413584427598],[-77.591321773472501,43.201462584568844],[-77.591435773275322,43.202944584999258],[-77.588628771574406,43.203050585227885],[-77.58878477210834,43.205806586111763],[-77.589382772508145,43.205786585812589],[-77.58943077218872,43.206666584916029],[-77.590474772652371,43.206637585707419],[-77.590196772818018,43.207299585837681],[-77.59015777245996,43.207633585946027],[-77.590234771554549,43.208617585357587],[-77.59070577263104,43.209622586064825],[-77.590772772578205,43.210900585946291],[-77.600932776832067,43.210623586837755]]]},"properties":{"OBJECTID":150761,"GEOID20":"360550106024","GEOID10":"360550106024","STATEFP":"36","COUNTYFP":"055","D1C":1.2506876772190938,"D1C5_RET":0.31267191930477345,"D2B_E5MIXA":0.71746190860798631,"D3A":15.504663148087477,"D3AAO":0,"D3B":65.370637222027867,"D4A":686.64999999999998,"D4C":16,"D4D":65.342050075100005,"D5AR":73317,"D5BR":87123}},{"type":"Feature","id":150762,"geometry":{"type":"Polygon","coordinates":[[[-77.590772772578205,43.210900585946291],[-77.59070577263104,43.209622586064825],[-77.590234771554549,43.208617585357587],[-77.59015777245996,43.207633585946027],[-77.590196772818018,43.207299585837681],[-77.590474772652371,43.206637585707419],[-77.58943077218872,43.206666584916029],[-77.589382772508145,43.205786585812589],[-77.58878477210834,43.205806586111763],[-77.588628771574406,43.203050585227885],[-77.585073770584216,43.203178585567379],[-77.585452771599208,43.209148585584018],[-77.579958768746323,43.209309585971191],[-77.580190769448237,43.211202587034371],[-77.590772772578205,43.210900585946291]]]},"properties":{"OBJECTID":150762,"GEOID20":"360550106025","GEOID10":"360550106025","STATEFP":"36","COUNTYFP":"055","D1C":0.14899543804079193,"D1C5_RET":0,"D2B_E5MIXA":0.39548848910372325,"D3A":19.50506535085016,"D3AAO":0,"D3B":76.323807109023917,"D4A":752.37,"D4C":2.3300000000000001,"D4D":14.812133147100001,"D5AR":82998,"D5BR":86639}},{"type":"Feature","id":150763,"geometry":{"type":"Polygon","coordinates":[[[-77.548898761416439,43.224483590514389],[-77.549634761010168,43.22378959080983],[-77.544907759509812,43.223917591485339],[-77.54524775837011,43.218741589795435],[-77.542404758480828,43.218845590138386],[-77.541764758248249,43.218955590081549],[-77.541250757514021,43.219154589896966],[-77.540447757074801,43.219689590489864],[-77.539902757276778,43.220317590421338],[-77.535180755799274,43.220015590611226],[-77.536921756396936,43.227176591747835],[-77.536619757171451,43.228476591283098],[-77.533819756041552,43.232072593266963],[-77.534213757125158,43.233932593077483],[-77.534261756805734,43.234726593751496],[-77.537167758240855,43.234528593097629],[-77.539992759485088,43.234706593774156],[-77.540035759142796,43.233958592918881],[-77.539758758235052,43.233385592484353],[-77.539794758220054,43.232907592557503],[-77.541105759545715,43.231477592220081],[-77.543647759136107,43.228238591657124],[-77.544231758393877,43.227334591209789],[-77.546819759811669,43.227607591709486],[-77.547466760615265,43.226287591191948],[-77.54821175953154,43.225212590201465],[-77.548898761416439,43.224483590514389]]]},"properties":{"OBJECTID":150763,"GEOID20":"360550107003","GEOID10":"360550107003","STATEFP":"36","COUNTYFP":"055","D1C":1.1885753787564621,"D1C5_RET":0.086757326916530084,"D2B_E5MIXA":0.67552377798989893,"D3A":23.319383338801963,"D3AAO":3.3058723973851047,"D3B":80.872614776372615,"D4A":460,"D4C":4,"D4D":19.021018351599999,"D5AR":63425,"D5BR":38551}},{"type":"Feature","id":150765,"geometry":{"type":"Polygon","coordinates":[[[-77.546240752491926,43.14460957683513],[-77.546310753710429,43.144461576169277],[-77.539121750290661,43.142098575662899],[-77.536762749201742,43.141136576543801],[-77.53426574891887,43.139811576342424],[-77.53282974881806,43.138868576288289],[-77.531415748458585,43.137814575309363],[-77.5297787467197,43.137854575869746],[-77.530354748276508,43.139931576647733],[-77.529935747976836,43.140966575568541],[-77.528627748820881,43.143118577168373],[-77.528324747075544,43.144940577293262],[-77.52821774784374,43.14738157691751],[-77.528296746588154,43.149502578436113],[-77.535230749739796,43.149191578276124],[-77.541512752963271,43.149311578521178],[-77.538939752512405,43.153750578540738],[-77.538371751351519,43.154510578622265],[-77.539248752308907,43.154469578437372],[-77.541798752295236,43.150009577875288],[-77.543111752372383,43.150025578319124],[-77.546240752491926,43.14460957683513]]]},"properties":{"OBJECTID":150765,"GEOID20":"360550125002","GEOID10":"360550125002","STATEFP":"36","COUNTYFP":"055","D1C":0.67375306601970897,"D1C5_RET":0.058026579848587376,"D2B_E5MIXA":0.24008702415468103,"D3A":17.313776726184198,"D3AAO":3.9093550661295549,"D3B":81.876794094617409,"D4A":576.67999999999995,"D4C":5.6699999999999999,"D4D":11.6981585616,"D5AR":80617,"D5BR":81314}},{"type":"Feature","id":150766,"geometry":{"type":"Polygon","coordinates":[[[-77.536266750705821,43.157559579327909],[-77.536008750064639,43.153891578674127],[-77.535315751026914,43.152946578103489],[-77.535117749761895,43.152338578176412],[-77.535230749739796,43.149191578276124],[-77.528296746588154,43.149502578436113],[-77.52821774784374,43.14738157691751],[-77.528324747075544,43.144940577293262],[-77.528627748820881,43.143118577168373],[-77.528884746942197,43.142701576675762],[-77.526910746716055,43.142037576770562],[-77.5268157462815,43.141916576423618],[-77.526809747332038,43.14143157697935],[-77.525072746932352,43.14140157733334],[-77.525124746810889,43.138708575887655],[-77.525448746675991,43.137787575473546],[-77.522520746397888,43.13765357577185],[-77.521002745383015,43.137437576182442],[-77.516876742858855,43.136268575751103],[-77.51654374456956,43.149025578575646],[-77.516776744198069,43.148954578771388],[-77.516976744214617,43.148691578214788],[-77.517170745281689,43.148586578750539],[-77.517424743928274,43.149104578639353],[-77.516918744488279,43.149701578673472],[-77.516902744594773,43.150171578407218],[-77.516991744283231,43.150433579046471],[-77.517179745502517,43.150509578296386],[-77.517431744499291,43.150480579275005],[-77.518114745287889,43.150198578017196],[-77.518301745783958,43.149978578396144],[-77.518899745285438,43.148748577810942],[-77.519100745126892,43.148598578380088],[-77.520222744510022,43.148561578040081],[-77.521241744859296,43.148367578051662],[-77.522257745733853,43.148455577561904],[-77.522664745439627,43.148658577803388],[-77.522975745784251,43.148958578624068],[-77.523224747102901,43.149555578773416],[-77.522969745936464,43.149899578151292],[-77.522619747030419,43.150113578063838],[-77.521657745684237,43.150331578300758],[-77.521119746457202,43.150681577836458],[-77.521048745413765,43.152365579450539],[-77.52139974594138,43.152569578570159],[-77.521761746339607,43.152506579502621],[-77.52185074692639,43.152356578153373],[-77.521931746218925,43.15093257852579],[-77.522298745741736,43.150750578716163],[-77.522832746567445,43.150762579231646],[-77.523400747728317,43.150870578521889],[-77.524043747435641,43.151262578080249],[-77.524889747532555,43.152275579526112],[-77.525704746769037,43.153041578651624],[-77.525784747134978,43.153443579895168],[-77.525533747064799,43.154547579292931],[-77.52526774782433,43.155231579455815],[-77.524845746253305,43.155345578847829],[-77.523449747233812,43.155259580130966],[-77.52334874695147,43.15540457949016],[-77.523383747111566,43.155808578981279],[-77.523503746762159,43.15600557963301],[-77.524767747333826,43.157103579311766],[-77.524917748019959,43.157194579326649],[-77.525404747193377,43.15716157957457],[-77.52617074692435,43.156613579120013],[-77.526662747018932,43.156453579289682],[-77.526983748307615,43.156566578365478],[-77.527158749108111,43.156841579088201],[-77.527240748225566,43.157559579983229],[-77.528819749339831,43.157805579380735],[-77.533747750681641,43.157774579924087],[-77.536266750705821,43.157559579327909]]]},"properties":{"OBJECTID":150766,"GEOID20":"360550125003","GEOID10":"360550125003","STATEFP":"36","COUNTYFP":"055","D1C":0.39999259122003011,"D1C5_RET":0.030572682131467271,"D2B_E5MIXA":0.56720760753048705,"D3A":11.831705298422865,"D3AAO":0.52432623644998888,"D3B":42.253102854447029,"D4A":344.67000000000002,"D4C":6.3300000000000001,"D4D":8.4426180892900007,"D5AR":82908,"D5BR":78016}},{"type":"Feature","id":150773,"geometry":{"type":"Polygon","coordinates":[[[-77.531415748458585,43.137814575309363],[-77.517137742974782,43.127006574083318],[-77.516876742858855,43.136268575751103],[-77.521002745383015,43.137437576182442],[-77.522520746397888,43.13765357577185],[-77.525448746675991,43.137787575473546],[-77.525124746810889,43.138708575887655],[-77.525072746932352,43.14140157733334],[-77.526809747332038,43.14143157697935],[-77.5268157462815,43.141916576423618],[-77.526910746716055,43.142037576770562],[-77.528884746942197,43.142701576675762],[-77.529935747976836,43.140966575568541],[-77.530354748276508,43.139931576647733],[-77.5297787467197,43.137854575869746],[-77.531415748458585,43.137814575309363]]]},"properties":{"OBJECTID":150773,"GEOID20":"360550125004","GEOID10":"360550125004","STATEFP":"36","COUNTYFP":"055","D1C":0.67914870043309372,"D1C5_RET":0,"D2B_E5MIXA":0.11218732197905555,"D3A":11.148717782899565,"D3AAO":0,"D3B":29.38874414005339,"D4A":0,"D4C":1.6699999999999999,"D4D":5.0748839534599997,"D5AR":85713,"D5BR":69491}},{"type":"Feature","id":150774,"geometry":{"type":"Polygon","coordinates":[[[-77.547427753969018,43.142615575898141],[-77.547320752940564,43.142182576036596],[-77.547002752923248,43.141968575886999],[-77.542104751718668,43.139448575787597],[-77.539455751099808,43.137488575207456],[-77.531415748458585,43.137814575309363],[-77.53282974881806,43.138868576288289],[-77.53426574891887,43.139811576342424],[-77.535799750725587,43.140667576427241],[-77.537421750599222,43.14143157697935],[-77.539820750972794,43.14233757665734],[-77.546310753710429,43.144461576169277],[-77.547427753969018,43.142615575898141]]]},"properties":{"OBJECTID":150774,"GEOID20":"360550126001","GEOID10":"360550126001","STATEFP":"36","COUNTYFP":"055","D1C":0.83958602196180721,"D1C5_RET":0,"D2B_E5MIXA":0.41522458102609849,"D3A":31.637021339786422,"D3AAO":18.823817156095263,"D3B":53.757386963513696,"D4A":449.27999999999997,"D4C":2.6699999999999999,"D4D":15.940939937,"D5AR":91932,"D5BR":86521}},{"type":"Feature","id":150775,"geometry":{"type":"Polygon","coordinates":[[[-77.549162754718864,43.14177557553846],[-77.54913275368331,43.137163574342949],[-77.540876750233693,43.137461575227647],[-77.541576752537381,43.136222575418984],[-77.539644750347392,43.135637575715876],[-77.539482749965686,43.135519575543448],[-77.541842751777835,43.131284574541048],[-77.541495751448196,43.130944573715453],[-77.542242750912607,43.13052257393376],[-77.542804751327395,43.129956573917987],[-77.543140750888071,43.129331573725018],[-77.543203750637261,43.128642573839144],[-77.542449751500143,43.128658574630556],[-77.541725750703648,43.128782573738199],[-77.53963575012655,43.129716573912162],[-77.538986750571453,43.129935573897676],[-77.537126750148119,43.1300785741117],[-77.536743748935166,43.130174574576664],[-77.536512748956497,43.130415573871282],[-77.534824748960602,43.133961575116622],[-77.542104751718668,43.139448575787597],[-77.547002752923248,43.141968575886999],[-77.547320752940564,43.142182576036596],[-77.547427753969018,43.142615575898141],[-77.548028753843525,43.141481575701128],[-77.549161754893959,43.141825575289865],[-77.549162754718864,43.14177557553846]]]},"properties":{"OBJECTID":150775,"GEOID20":"360550126002","GEOID10":"360550126002","STATEFP":"36","COUNTYFP":"055","D1C":0.4565050991109359,"D1C5_RET":0,"D2B_E5MIXA":0.67159919278706892,"D3A":13.312732102607589,"D3AAO":0,"D3B":40.112297461644218,"D4A":418.43000000000001,"D4C":1,"D4D":4.2965185798699999,"D5AR":101104,"D5BR":86575}},{"type":"Feature","id":150776,"geometry":{"type":"Polygon","coordinates":[[[-77.543203750637261,43.128642573839144],[-77.543144751086018,43.127140572856781],[-77.539278748852865,43.127297572577703],[-77.536397749328756,43.127603574212287],[-77.530298746403361,43.127974574760174],[-77.52961974760936,43.128110574316096],[-77.528909746158234,43.128447573773499],[-77.528076745581799,43.127295574237486],[-77.528291746565273,43.128729574404154],[-77.527174746306699,43.129062574541841],[-77.526031746108856,43.129291574145583],[-77.525967745636436,43.129180575372317],[-77.525287745220879,43.128925574681062],[-77.525470745518973,43.129303574284378],[-77.524949745112082,43.129293574387432],[-77.523891744404736,43.129150574960498],[-77.522931745403298,43.12890757436071],[-77.522305744516117,43.12865657502357],[-77.521676744154178,43.128251574587345],[-77.522506744357557,43.1281095751593],[-77.521772744413639,43.128038574665979],[-77.520820744011502,43.12815857512846],[-77.518914743557431,43.127771574677332],[-77.518556743357124,43.127653574406736],[-77.517471742885633,43.126899574426226],[-77.517140742449513,43.126865574220268],[-77.517137742974782,43.127006574083318],[-77.517279743264993,43.127115574521888],[-77.531415748458585,43.137814575309363],[-77.539455751099808,43.137488575207456],[-77.534824748960602,43.133961575116622],[-77.536512748956497,43.130415573871282],[-77.536743748935166,43.130174574576664],[-77.537126750148119,43.1300785741117],[-77.538986750571453,43.129935573897676],[-77.53963575012655,43.129716573912162],[-77.541725750703648,43.128782573738199],[-77.542449751500143,43.128658574630556],[-77.543203750637261,43.128642573839144]]]},"properties":{"OBJECTID":150776,"GEOID20":"360550126003","GEOID10":"360550126003","STATEFP":"36","COUNTYFP":"055","D1C":0.66588065918526573,"D1C5_RET":0,"D2B_E5MIXA":0.65300673952086474,"D3A":17.539591896341495,"D3AAO":5.3202715953544626,"D3B":42.16678267380879,"D4A":170.31999999999999,"D4C":2.6699999999999999,"D4D":6.2519607807100002,"D5AR":96937,"D5BR":86726}},{"type":"Feature","id":150777,"geometry":{"type":"Polygon","coordinates":[[[-77.548367751980635,43.123946572415733],[-77.548031751521648,43.11670557127939],[-77.542731749735836,43.116897572066399],[-77.542558750381772,43.116948571170099],[-77.538635749145541,43.12422357343614],[-77.530241746501957,43.124208573327792],[-77.517221741742063,43.12402557407016],[-77.517140742449513,43.126865574220268],[-77.517471742885633,43.126899574426226],[-77.518556743357124,43.127653574406736],[-77.518914743557431,43.127771574677332],[-77.520820744011502,43.12815857512846],[-77.521772744413639,43.128038574665979],[-77.522506744357557,43.1281095751593],[-77.521676744154178,43.128251574587345],[-77.522305744516117,43.12865657502357],[-77.523342746205373,43.129021574333315],[-77.524483744956754,43.129244575327455],[-77.525470745518973,43.129303574284378],[-77.525287745220879,43.128925574681062],[-77.525967745636436,43.129180575372317],[-77.526031746108856,43.129291574145583],[-77.527174746306699,43.129062574541841],[-77.528291746565273,43.128729574404154],[-77.528076745581799,43.127295574237486],[-77.528909746158234,43.128447573773499],[-77.52961974760936,43.128110574316096],[-77.530298746403361,43.127974574760174],[-77.536397749328756,43.127603574212287],[-77.539278748852865,43.127297572577703],[-77.546768751673213,43.127029573458167],[-77.548125752131284,43.124652573142228],[-77.548367751980635,43.123946572415733]]]},"properties":{"OBJECTID":150777,"GEOID20":"360550126004","GEOID10":"360550126004","STATEFP":"36","COUNTYFP":"055","D1C":2.0305339058467768,"D1C5_RET":0.0026612502042552776,"D2B_E5MIXA":0.38217969076750058,"D3A":10.726505397612751,"D3AAO":2.2264789532558145,"D3B":23.85502103091163,"D4A":493.52999999999997,"D4C":1,"D4D":1.70320013072,"D5AR":91584,"D5BR":87011}},{"type":"Feature","id":150997,"geometry":{"type":"Polygon","coordinates":[[[-77.484253740596458,43.239932596487279],[-77.47981773934923,43.237967595671819],[-77.479431739559843,43.237619596360851],[-77.479409738920211,43.237062596210194],[-77.481159739738672,43.233553595993484],[-77.470499735892616,43.230536594881343],[-77.446684728465712,43.230767596641215],[-77.446806729562766,43.243687598629826],[-77.446703729630599,43.260345601858965],[-77.45091273199543,43.259673601208782],[-77.450937732109793,43.260076601911635],[-77.451267731822668,43.26070260190658],[-77.451664732381033,43.261902602208913],[-77.465050735940522,43.258736600198581],[-77.464297736628325,43.257649600694833],[-77.463979735712684,43.257756600995478],[-77.463395735556603,43.257450599641786],[-77.4632617356623,43.257268600690089],[-77.467831736803831,43.256207600001709],[-77.470568738184525,43.255752599184092],[-77.473952739470505,43.254976598856913],[-77.474818739658929,43.254632599345811],[-77.477150740085349,43.253477599058549],[-77.484253740596458,43.239932596487279]]]},"properties":{"OBJECTID":150997,"GEOID20":"360550113021","GEOID10":"360550113021","STATEFP":"36","COUNTYFP":"055","D1C":0.16116388460316317,"D1C5_RET":0,"D2B_E5MIXA":0.64854131691842687,"D3A":6.8035663799263109,"D3AAO":0,"D3B":16.808545453392163,"D4A":-99999,"D4C":-99999,"D4D":-99999,"D5AR":42558,"D5BR":-99999}},{"type":"Feature","id":151000,"geometry":{"type":"Polygon","coordinates":[[[-77.419528721207158,43.24053359967413],[-77.419239718807219,43.227098597256322],[-77.419149718395531,43.21691259471875],[-77.418956718051689,43.210821593778931],[-77.419021717450704,43.203499592660272],[-77.418902717625002,43.202941591853296],[-77.418545717249643,43.202159592566623],[-77.415773715708838,43.202870591846917],[-77.414083715164821,43.203548591780958],[-77.412946714814765,43.203740593568725],[-77.411324715839442,43.203795593110101],[-77.411480714576754,43.1963685915957],[-77.400364711519387,43.19630459184706],[-77.375050703344201,43.196395593055563],[-77.375307704160463,43.224496598343137],[-77.40008771330659,43.221456596172281],[-77.400515714725401,43.240801600290268],[-77.417773719467519,43.240748599304773],[-77.419528721207158,43.24053359967413]]]},"properties":{"OBJECTID":151000,"GEOID20":"360550114005","GEOID10":"360550114005","STATEFP":"36","COUNTYFP":"055","D1C":1.2849012787262337,"D1C5_RET":0.011853908373779287,"D2B_E5MIXA":0.46182306507849347,"D3A":5.3437162361088495,"D3AAO":1.1296158132334615,"D3B":8.8144927332647356,"D4A":-99999,"D4C":2,"D4D":0.39452567958399998,"D5AR":42177,"D5BR":-99999}},{"type":"Feature","id":151316,"geometry":{"type":"Polygon","coordinates":[[[-77.485736727078191,43.048936561680812],[-77.485622726377059,43.042006560462845],[-77.485491725059163,43.038940560425353],[-77.485220724897516,43.035776559539826],[-77.485420724914064,43.034572558786053],[-77.48425672479982,43.0344615596509],[-77.457318715304524,43.034670560677235],[-77.444918712482362,43.034672560727614],[-77.44491071208644,43.034895561338431],[-77.445212712210235,43.035138560837019],[-77.445752712883731,43.035806561717578],[-77.44616871370863,43.03618056176591],[-77.446528712660438,43.036380561558602],[-77.450094714419606,43.037277560490097],[-77.450587713440797,43.037322561009027],[-77.451043715347012,43.03864556164816],[-77.451021714707366,43.039827561917285],[-77.450834714211311,43.040383561480319],[-77.449975713695608,43.041917562230317],[-77.449579714758812,43.043861562889639],[-77.447807714199016,43.046740563384475],[-77.446193714721304,43.0504125642017],[-77.445751713957108,43.051019564522107],[-77.445308714266318,43.051447564144283],[-77.44271871319873,43.053227564494271],[-77.442421712199476,43.053758563981951],[-77.44234271255678,43.054410564464156],[-77.444236714213602,43.054566564610944],[-77.447495714927797,43.054967564147532],[-77.448714714395308,43.055040564768099],[-77.457087717122477,43.054932564331686],[-77.458265719277051,43.054789563151246],[-77.460031719090722,43.054275564307147],[-77.461373718581896,43.053796563608337],[-77.462692719405126,43.053204564302511],[-77.463338719485506,43.053135563019197],[-77.466391720335395,43.053118563109685],[-77.467395720616068,43.052994562352957],[-77.468319721429097,43.052741562746945],[-77.469237721496043,43.052293562300846],[-77.470273722462068,43.051644563501888],[-77.468901721037057,43.048220561510163],[-77.471302721958793,43.047783562073775],[-77.472021722732407,43.047879562282894],[-77.473027722662906,43.04830756280947],[-77.474953723208458,43.048373561584981],[-77.476608723592378,43.047925562056335],[-77.476960723046574,43.04772056210102],[-77.477407722935311,43.047305561695424],[-77.477875723638761,43.047056561548565],[-77.479634723779768,43.046973561712655],[-77.480633725834196,43.047174561596506],[-77.481789724654178,43.047168561354781],[-77.482344725396274,43.047277561497317],[-77.484419725006447,43.048135561668353],[-77.485736727078191,43.048936561680812]]]},"properties":{"OBJECTID":151316,"GEOID20":"360550117082","GEOID10":"360550117082","STATEFP":"36","COUNTYFP":"055","D1C":5.0053564785001265,"D1C5_RET":0,"D2B_E5MIXA":0.67354956452012837,"D3A":9.0429233715606472,"D3AAO":1.7874086509427465,"D3B":22.274816251282562,"D4A":1172.1400000000001,"D4C":1,"D4D":0.44829367757400002,"D5AR":50167,"D5BR":14610}},{"type":"Feature","id":151326,"geometry":{"type":"Polygon","coordinates":[[[-77.570548764329899,43.187837583235627],[-77.571120765688732,43.187818583086667],[-77.564986762603269,43.183164582780037],[-77.563105763161843,43.184157583059559],[-77.563185761731162,43.185482584036244],[-77.560312761704651,43.185550583421254],[-77.56038876097432,43.188676583675488],[-77.56182476107513,43.188671583671095],[-77.56347776180921,43.188467583929395],[-77.564630762052786,43.188463584043255],[-77.565777764245226,43.188552582922178],[-77.570564764223406,43.188343583406485],[-77.570548764329899,43.187837583235627]]]},"properties":{"OBJECTID":151326,"GEOID20":"360550083011","GEOID10":"360550083011","STATEFP":"36","COUNTYFP":"055","D1C":3.6473358361569299,"D1C5_RET":0.51892989538818113,"D2B_E5MIXA":0.60310341252805011,"D3A":27.909949836049208,"D3AAO":0,"D3B":203.29407242384605,"D4A":189.09999999999999,"D4C":2.6699999999999999,"D4D":21.7031256846,"D5AR":96570,"D5BR":86949}},{"type":"Feature","id":151327,"geometry":{"type":"Polygon","coordinates":[[[-77.573523765361969,43.188239582794836],[-77.573500766694053,43.187734583219026],[-77.573317765497634,43.187741583594494],[-77.572966764071737,43.181806581734499],[-77.563711762160935,43.182180582904465],[-77.571120765688732,43.187818583086667],[-77.570548764329899,43.187837583235627],[-77.570564764223406,43.188343583406485],[-77.573523765361969,43.188239582794836]]]},"properties":{"OBJECTID":151327,"GEOID20":"360550083012","GEOID10":"360550083012","STATEFP":"36","COUNTYFP":"055","D1C":0.22603998567479128,"D1C5_RET":0,"D2B_E5MIXA":0.4268332262400657,"D3A":30.246569367908982,"D3AAO":0,"D3B":217.04660811141025,"D4A":297.73000000000002,"D4C":5,"D4D":40.184886342200002,"D5AR":92911,"D5BR":86952}},{"type":"Feature","id":151328,"geometry":{"type":"Polygon","coordinates":[[[-77.575667764569104,43.176767581458456],[-77.576178764930276,43.175813581792127],[-77.560318760654113,43.176302580953184],[-77.560507760800007,43.179251581830783],[-77.566969762151928,43.179044581838085],[-77.567153763173252,43.182047582512709],[-77.572966764071737,43.181806581734499],[-77.575942765827023,43.181486582606787],[-77.575667764569104,43.176767581458456]]]},"properties":{"OBJECTID":151328,"GEOID20":"360550083013","GEOID10":"360550083013","STATEFP":"36","COUNTYFP":"055","D1C":9.1087487027487146,"D1C5_RET":0.01260726464048265,"D2B_E5MIXA":0.26479572026167358,"D3A":19.219619793260545,"D3AAO":0,"D3B":126.45994157458212,"D4A":249.44999999999999,"D4C":9.3300000000000001,"D4D":37.640249310599998,"D5AR":97560,"D5BR":87090}},{"type":"Feature","id":151329,"geometry":{"type":"Polygon","coordinates":[[[-77.580482766831338,43.181329581860531],[-77.580115766410216,43.175722580030396],[-77.576178764930276,43.175813581792127],[-77.575667764569104,43.176767581458456],[-77.575942765827023,43.181486582606787],[-77.580482766831338,43.181329581860531]]]},"properties":{"OBJECTID":151329,"GEOID20":"360550084001","GEOID10":"360550084001","STATEFP":"36","COUNTYFP":"055","D1C":0.65517777147421996,"D1C5_RET":0.28332011739425728,"D2B_E5MIXA":0.66581314914108747,"D3A":23.875368418172162,"D3AAO":0,"D3B":98.244083907632643,"D4A":222.63,"D4C":5.6699999999999999,"D4D":64.257002624999998,"D5AR":101438,"D5BR":86871}},{"type":"Feature","id":151330,"geometry":{"type":"Polygon","coordinates":[[[-77.584220769017975,43.180677580979726],[-77.584107769040074,43.180032580946289],[-77.583824768284529,43.175628580371814],[-77.580115766410216,43.175722580030396],[-77.580482766831338,43.181329581860531],[-77.582343767977903,43.181261581049043],[-77.582313768738985,43.180868581107887],[-77.584220769017975,43.180677580979726]]]},"properties":{"OBJECTID":151330,"GEOID20":"360550084002","GEOID10":"360550084002","STATEFP":"36","COUNTYFP":"055","D1C":0.65022323262228976,"D1C5_RET":0,"D2B_E5MIXA":0,"D3A":26.505350408636044,"D3AAO":0,"D3B":114.82673230220276,"D4A":317.85000000000002,"D4C":9,"D4D":129.14778689299999,"D5AR":99566,"D5BR":86660}},{"type":"Feature","id":151331,"geometry":{"type":"Polygon","coordinates":[[[-77.618356783950503,43.244382590859438],[-77.618759784356612,43.243510590702407],[-77.616624783573684,43.24252759150481],[-77.615897783302444,43.242538591095624],[-77.613919782878355,43.242787591355501],[-77.613293782889457,43.240876590542982],[-77.613156783520424,43.242381591036747],[-77.612825782186007,43.243491591532582],[-77.612632782740477,43.24513259173191],[-77.611422782595469,43.248633592821278],[-77.610466781995385,43.250044592556321],[-77.607807782229116,43.253435592984836],[-77.604638781028299,43.256774593877147],[-77.60531778161895,43.256925594166646],[-77.607881782747285,43.257969594186314],[-77.610703782720165,43.259793594322154],[-77.61186878355764,43.259483594237999],[-77.613437784626129,43.258068594121895],[-77.613401783742802,43.257758594414284],[-77.61503578421032,43.257340593280475],[-77.615171784652773,43.257686593813141],[-77.612628784339137,43.259952594531647],[-77.613420784907689,43.260427594758163],[-77.615398784433467,43.258676594452233],[-77.615515784609357,43.256047593602482],[-77.611351783348681,43.254527592968579],[-77.617124784962513,43.246425591514758],[-77.617915784807849,43.245236591546245],[-77.618356783950503,43.244382590859438]]]},"properties":{"OBJECTID":151331,"GEOID20":"360550085001","GEOID10":"360550085001","STATEFP":"36","COUNTYFP":"055","D1C":2.0435920143613262,"D1C5_RET":0.11981972722639697,"D2B_E5MIXA":0.41038709959921732,"D3A":28.283883983809986,"D3AAO":0.012861590094296854,"D3B":167.83512684946299,"D4A":116.68000000000001,"D4C":8,"D4D":29.1792027555,"D5AR":60974,"D5BR":86604}},{"type":"Feature","id":151332,"geometry":{"type":"Polygon","coordinates":[[[-77.628643787527679,43.241759590832366],[-77.617167783721897,43.24154559076247],[-77.617020784307115,43.241652590564179],[-77.616638783817379,43.242556590659731],[-77.618759784356612,43.243510590702407],[-77.617915784807849,43.245236591546245],[-77.617124784962513,43.246425591514758],[-77.611351783348681,43.254527592968579],[-77.615515784609357,43.256047593602482],[-77.615511784411396,43.25434359371274],[-77.616902785204672,43.253034593589298],[-77.617902786185681,43.253134593426275],[-77.617713784243165,43.255840593760908],[-77.619313786172128,43.255840593106704],[-77.619343785411033,43.253057592630753],[-77.622120786076394,43.253044592206422],[-77.621862787231848,43.252567593138608],[-77.622556786094492,43.249237592651568],[-77.627347788067283,43.244485590774097],[-77.628643787527679,43.241759590832366]]]},"properties":{"OBJECTID":151332,"GEOID20":"360550085002","GEOID10":"360550085002","STATEFP":"36","COUNTYFP":"055","D1C":0.25251137416376551,"D1C5_RET":0.01972745110654418,"D2B_E5MIXA":0.86058436316940723,"D3A":16.147243860543579,"D3AAO":2.9898460772950251,"D3B":59.78459294701311,"D4A":217.25999999999999,"D4C":4.6699999999999999,"D4D":11.792281173399999,"D5AR":62769,"D5BR":86614}},{"type":"Feature","id":151333,"geometry":{"type":"Polygon","coordinates":[[[-77.629869785769557,43.209059584658881],[-77.628968784522741,43.205690584940022],[-77.626687783251626,43.20599958456954],[-77.626671784256402,43.209145584230718],[-77.624985783910361,43.212185584773145],[-77.620671782861862,43.213891585494956],[-77.61965578288563,43.214535585478629],[-77.615269780968802,43.217811586472024],[-77.614825781453092,43.220940587833432],[-77.61544678231742,43.223827588338231],[-77.615648782882104,43.23065758855688],[-77.61579378264706,43.23154958977041],[-77.616704783939639,43.233137589200275],[-77.616640782568894,43.234347589824878],[-77.616059782785854,43.235333590824681],[-77.614019782437452,43.237942590975223],[-77.613204783200999,43.239205590840783],[-77.613293782889457,43.240876590542982],[-77.613919782878355,43.242787591355501],[-77.615897783302444,43.242538591095624],[-77.616624783573684,43.24252759150481],[-77.616977783751096,43.241707591251441],[-77.617167783721897,43.24154559076247],[-77.620317785554477,43.241635590651043],[-77.622813785114118,43.238058590351528],[-77.626452785769928,43.230042587896328],[-77.626739785825094,43.226190587725583],[-77.62470778587263,43.227157588139377],[-77.624612786336399,43.227582588652844],[-77.62259878502897,43.227495588094357],[-77.622651784732412,43.225277587301697],[-77.619402784063951,43.22522658824343],[-77.619292783560766,43.224861587512912],[-77.619441783523683,43.223810586725143],[-77.622666783902716,43.22385258704378],[-77.622770784558099,43.220591585950515],[-77.628425785272839,43.220630586389497],[-77.629455785492766,43.21819058651689],[-77.629768785487201,43.216600585885374],[-77.629869785769557,43.209059584658881]]]},"properties":{"OBJECTID":151333,"GEOID20":"360550086001","GEOID10":"360550086001","STATEFP":"36","COUNTYFP":"055","D1C":0.58973815693102782,"D1C5_RET":0.029150555285564109,"D2B_E5MIXA":0.55210094424949618,"D3A":15.990409497713324,"D3AAO":0,"D3B":74.524000433425613,"D4A":-99999,"D4C":4,"D4D":4.6800534065999999,"D5AR":61705,"D5BR":-99999}},{"type":"Feature","id":151334,"geometry":{"type":"Polygon","coordinates":[[[-77.628054785552067,43.221517587119962],[-77.628425785272839,43.220630586389497],[-77.622770784558099,43.220591585950515],[-77.622666783902716,43.22385258704378],[-77.619441783523683,43.223810586725143],[-77.619298783408553,43.224735587901087],[-77.619360783332837,43.225184587562261],[-77.619491783752409,43.225242587310802],[-77.622651784732412,43.225277587301697],[-77.62259878502897,43.227495588094357],[-77.624612786336399,43.227582588652844],[-77.62470778587263,43.227157588139377],[-77.626739785825094,43.226190587725583],[-77.627173785295057,43.223558587478578],[-77.628054785552067,43.221517587119962]]]},"properties":{"OBJECTID":151334,"GEOID20":"360550086002","GEOID10":"360550086002","STATEFP":"36","COUNTYFP":"055","D1C":0.86250369090432066,"D1C5_RET":0,"D2B_E5MIXA":0.18733288125179579,"D3A":23.502574472539742,"D3AAO":0,"D3B":85.148424076381161,"D4A":392.94999999999999,"D4C":3,"D4D":24.716523679600002,"D5AR":68103,"D5BR":86487}},{"type":"Feature","id":151335,"geometry":{"type":"Polygon","coordinates":[[[-77.639391788542355,43.21374758460486],[-77.63878978974121,43.212956584822521],[-77.638592788301096,43.212398584754936],[-77.63866678792094,43.205724583206496],[-77.628968784522741,43.205690584940022],[-77.629869785769557,43.209059584658881],[-77.629768785487201,43.216600585885374],[-77.629635786316143,43.217520586212046],[-77.629206785970723,43.218886586385139],[-77.627173785295057,43.223558587478578],[-77.626739785825094,43.226190587725583],[-77.626514785694184,43.229834588580154],[-77.626155785668999,43.230805589165548],[-77.629270786443158,43.230871588250899],[-77.629159786115082,43.230759588015388],[-77.629314786824096,43.227474587557218],[-77.62965778605745,43.226197588271063],[-77.630250787332699,43.224970586883927],[-77.63085178720722,43.224098587767983],[-77.636485788005558,43.217551584800759],[-77.63614778699845,43.217560585655207],[-77.639391788542355,43.21374758460486]]]},"properties":{"OBJECTID":151335,"GEOID20":"360550086004","GEOID10":"360550086004","STATEFP":"36","COUNTYFP":"055","D1C":0.10556415553920254,"D1C5_RET":0.011412341139373247,"D2B_E5MIXA":0.85757145087950171,"D3A":30.264842877187853,"D3AAO":0,"D3B":259.97860907866948,"D4A":277.61000000000001,"D4C":8,"D4D":14.6077966584,"D5AR":70839,"D5BR":86505}},{"type":"Feature","id":151336,"geometry":{"type":"Polygon","coordinates":[[[-77.658872791235993,43.166929575279319],[-77.658935790985183,43.166682576089144],[-77.657627790930917,43.166163575305852],[-77.656525790740957,43.165573575856811],[-77.654146788662246,43.163867575834118],[-77.654121790344519,43.173853577247286],[-77.657427790914383,43.173868576969426],[-77.657434791485386,43.169971576271784],[-77.658014790545195,43.169965575607407],[-77.658027790065688,43.166730575450231],[-77.658872791235993,43.166929575279319]]]},"properties":{"OBJECTID":151336,"GEOID20":"360550087011","GEOID10":"360550087011","STATEFP":"36","COUNTYFP":"055","D1C":0.58622237981569802,"D1C5_RET":0.15843848103126973,"D2B_E5MIXA":0.3625660034908012,"D3A":26.280022662455256,"D3AAO":0,"D3B":145.47033293734259,"D4A":191.78,"D4C":5.3300000000000001,"D4D":48.444665701700004,"D5AR":102718,"D5BR":159415}},{"type":"Feature","id":151337,"geometry":{"type":"Polygon","coordinates":[[[-77.655939790036712,43.159391574501313],[-77.655939789138415,43.157419574540263],[-77.654123789096019,43.157422574505802],[-77.654122788372788,43.157139573832175],[-77.649251786932368,43.15722757447385],[-77.649270788097269,43.160678574772191],[-77.649462787717894,43.161247574567511],[-77.649813788245481,43.161774574518873],[-77.650706789096375,43.162496575386513],[-77.651388789161771,43.162804575628854],[-77.653383788405989,43.163473575447846],[-77.654419790270339,43.164033575189471],[-77.65526178927098,43.164660574230844],[-77.655603789577739,43.164659576326478],[-77.655580790011527,43.159391574501313],[-77.655939790036712,43.159391574501313]]]},"properties":{"OBJECTID":151337,"GEOID20":"360550087012","GEOID10":"360550087012","STATEFP":"36","COUNTYFP":"055","D1C":10.712076510899005,"D1C5_RET":0,"D2B_E5MIXA":0.67150129693343807,"D3A":22.197180165241495,"D3AAO":1.8245679064267097,"D3B":88.209875462626798,"D4A":195.80000000000001,"D4C":6.3300000000000001,"D4D":47.846487718799999,"D5AR":107497,"D5BR":160359}},{"type":"Feature","id":151339,"geometry":{"type":"Polygon","coordinates":[[[-77.441869716322017,43.104816573326382],[-77.441892716786555,43.103544573546934],[-77.440971715448256,43.103707573432224],[-77.440264717065148,43.103452574132298],[-77.439855715912913,43.10316957351916],[-77.439189715741037,43.102900573429345],[-77.438799715753703,43.102554573511945],[-77.437594715631576,43.102324573292428],[-77.437287714586589,43.1020615735424],[-77.436822715154506,43.101391572999397],[-77.436824714804331,43.101229573102671],[-77.434054713811662,43.100088573705463],[-77.432423712818874,43.099026572544581],[-77.432182713692768,43.100882573978737],[-77.432122713418323,43.102456573843448],[-77.432136713662018,43.10832857426373],[-77.438113716388671,43.108369574568052],[-77.438153714775012,43.105655574153147],[-77.441852716603591,43.105692574221166],[-77.441869716322017,43.104816573326382]]]},"properties":{"OBJECTID":151339,"GEOID20":"360550118001","GEOID10":"360550118001","STATEFP":"36","COUNTYFP":"055","D1C":1.7749296818645164,"D1C5_RET":1.1456364310216425,"D2B_E5MIXA":0.63041727484181032,"D3A":13.768068124510291,"D3AAO":0,"D3B":44.761790289697437,"D4A":539.13,"D4C":1.6699999999999999,"D4D":8.6229311089900005,"D5AR":44044,"D5BR":6210}},{"type":"Feature","id":151340,"geometry":{"type":"Polygon","coordinates":[[[-77.442005714967834,43.095627572096667],[-77.442013716262053,43.095087571978553],[-77.432111712649345,43.094207572030264],[-77.432120711971876,43.095050572716936],[-77.432276712505796,43.095566572120255],[-77.43258371355077,43.096175572095561],[-77.433126713698982,43.096788572559156],[-77.433041713310161,43.097249572719392],[-77.432690713680884,43.097599573031808],[-77.432602712919035,43.097860572968983],[-77.432423712818874,43.099026572544581],[-77.434054713811662,43.100088573705463],[-77.436824714804331,43.101229573102671],[-77.436822715154506,43.101391572999397],[-77.437287714586589,43.1020615735424],[-77.437594715631576,43.102324573292428],[-77.438799715753703,43.102554573511945],[-77.439189715741037,43.102900573429345],[-77.439855715912913,43.10316957351916],[-77.440264717065148,43.103452574132298],[-77.440971715448256,43.103707573432224],[-77.441892716786555,43.103544573546934],[-77.442005714967834,43.095627572096667]]]},"properties":{"OBJECTID":151340,"GEOID20":"360550118002","GEOID10":"360550118002","STATEFP":"36","COUNTYFP":"055","D1C":4.2358620109682157,"D1C5_RET":0.39711206352827022,"D2B_E5MIXA":0.89975183905882905,"D3A":18.126737848146508,"D3AAO":0,"D3B":79.649997881888723,"D4A":740.29999999999995,"D4C":1.3300000000000001,"D4D":5.9938042991399998,"D5AR":42556,"D5BR":4370}},{"type":"Feature","id":151341,"geometry":{"type":"Polygon","coordinates":[[[-77.455958720761615,43.09993657177835],[-77.45586172067722,43.098841572170528],[-77.455325720201714,43.095912572170668],[-77.455396720346826,43.0904745702898],[-77.454272719517235,43.090054571058609],[-77.4534547190094,43.089977570373279],[-77.452719719240591,43.08980857132417],[-77.452445719604185,43.090135571410954],[-77.452502719505603,43.090474570945815],[-77.452918719432205,43.090771570552143],[-77.452255719633399,43.091805571017964],[-77.451543718532463,43.092150571582003],[-77.451290718812487,43.092560571531457],[-77.448489717857669,43.091412570397793],[-77.446310717592127,43.090615570693309],[-77.442069715440226,43.090590571213049],[-77.442102715052201,43.086252569984183],[-77.436781713349987,43.086227570691321],[-77.436500714040903,43.086161570672218],[-77.436260713841406,43.085960571309272],[-77.435269713979523,43.086285570609625],[-77.434410713463805,43.086300570828442],[-77.433829713680765,43.086077570783658],[-77.433552711874697,43.085767570729061],[-77.433286711735917,43.085621570409678],[-77.432100711880381,43.085588570738643],[-77.432111712649345,43.094207572030264],[-77.442013716262053,43.095087571978553],[-77.441985715774649,43.098560572479606],[-77.446990718007683,43.098640572438889],[-77.446998717505295,43.094717571796679],[-77.447692718164546,43.093162571165045],[-77.452656719491401,43.094367571410963],[-77.452126718863653,43.098990572671568],[-77.455958720761615,43.09993657177835]]]},"properties":{"OBJECTID":151341,"GEOID20":"360550118003","GEOID10":"360550118003","STATEFP":"36","COUNTYFP":"055","D1C":0.25853441493791168,"D1C5_RET":0.008617813831263723,"D2B_E5MIXA":0.68381003025194609,"D3A":17.10245355524675,"D3AAO":0,"D3B":78.512393608471982,"D4A":756.38999999999999,"D4C":1.3300000000000001,"D4D":2.3368875548100001,"D5AR":46482,"D5BR":4733}},{"type":"Feature","id":151342,"geometry":{"type":"Polygon","coordinates":[[[-77.48613473015638,43.10408457188646],[-77.481890729428102,43.10287957199256],[-77.481265729264123,43.102078572340908],[-77.480200728884085,43.102502572020846],[-77.479488728681474,43.102421572284129],[-77.479761728492946,43.100151571027723],[-77.479438728452763,43.100141570957348],[-77.479452727798147,43.099417570967695],[-77.477816728579114,43.099567571657765],[-77.471277725437673,43.100709572497557],[-77.464909723797106,43.10208757185719],[-77.465708724936675,43.102256571784487],[-77.470885725800514,43.102297572220436],[-77.47076572525161,43.102576572010513],[-77.470825725526055,43.102795572076353],[-77.471035726486662,43.102894572738492],[-77.471469725058299,43.102932572075623],[-77.471694726087506,43.103371572373121],[-77.472398726792534,43.10353557227716],[-77.472773727609564,43.103853573270861],[-77.473020726583457,43.103919571933581],[-77.473312726661504,43.104303571804842],[-77.473350727194656,43.104632572279158],[-77.473148726629972,43.105516572013947],[-77.473059727839839,43.105571572143191],[-77.47275172696996,43.10536257204501],[-77.472527725765644,43.105351572641446],[-77.472362727705828,43.105703572907643],[-77.472528726488875,43.106427573330237],[-77.473172726919429,43.106684573024303],[-77.473344726448573,43.106876572459093],[-77.473277726501422,43.107079572354216],[-77.472875726818501,43.107330572334078],[-77.47288872723729,43.108144573279588],[-77.473749727402833,43.108663573562445],[-77.476182729009921,43.108142573002091],[-77.47624872733553,43.108255572838104],[-77.477106727128017,43.107747572661658],[-77.477310729139148,43.108004572716297],[-77.479013729203629,43.106739573415794],[-77.480320729433004,43.106067571911268],[-77.480904729589099,43.106092572287707],[-77.480897729018082,43.106255571947209],[-77.485936730687996,43.107559571961303],[-77.48613473015638,43.10408457188646]]]},"properties":{"OBJECTID":151342,"GEOID20":"360550119012","GEOID10":"360550119012","STATEFP":"36","COUNTYFP":"055","D1C":0.87843602588060887,"D1C5_RET":0.20939463407619166,"D2B_E5MIXA":0.87726011992254249,"D3A":16.2708835816141,"D3AAO":0,"D3B":67.581556357609173,"D4A":415.75,"D4C":2.6699999999999999,"D4D":8.7271597734000004,"D5AR":68340,"D5BR":4893}},{"type":"Feature","id":151346,"geometry":{"type":"Polygon","coordinates":[[[-77.70031978732915,42.940270532869967],[-77.692026784069611,42.940270533527595],[-77.691526783579107,42.940169532839924],[-77.691226783105137,42.940271533774471],[-77.670258776663786,42.940173534491564],[-77.665993776019093,42.940066534116674],[-77.650978771116641,42.940069535524906],[-77.637524765988445,42.939972535514634],[-77.617811762592879,42.975468543363327],[-77.616378762865139,42.978247543278002],[-77.610524761958771,42.988772546184755],[-77.608196760832001,42.993204545690396],[-77.613435763416746,42.99334854654272],[-77.616761763179795,42.993923545888919],[-77.620122764899548,42.994332545745536],[-77.625772766489732,42.995144546419453],[-77.644851773992059,42.995914545598168],[-77.645133773126048,42.995960545557686],[-77.645702774111854,42.996212544724997],[-77.645387772670958,42.992695544390486],[-77.644668771897315,42.991284544356816],[-77.644411771979378,42.991070544396337],[-77.648265773618647,42.990305544773236],[-77.654395774709528,42.988060543785444],[-77.65551877661251,42.987764542849078],[-77.654425775745068,42.982150541684724],[-77.654343774830991,42.980696542643216],[-77.65442077482389,42.979961541299851],[-77.654757775107782,42.978748541722453],[-77.655798775198377,42.976532541197415],[-77.656822775570532,42.975030540915853],[-77.658209776165847,42.972410541332948],[-77.659092776072669,42.971492540806757],[-77.659295775563947,42.971109540121347],[-77.659640775345451,42.969530539408368],[-77.659636776944112,42.969090539809976],[-77.659431776006386,42.968570539692557],[-77.658616774973297,42.967227538917456],[-77.659223775593915,42.964869539513003],[-77.661388776514102,42.963319539262656],[-77.663897775594222,42.961738538626619],[-77.664058776151009,42.961521538010906],[-77.667788777941709,42.961541538669181],[-77.668193777997672,42.961632537506581],[-77.670183779015659,42.962424538507719],[-77.67500678077549,42.964126538130664],[-77.679656782282962,42.966500538826246],[-77.682468783108433,42.967788538904848],[-77.684826783474122,42.963585537608836],[-77.697364786388562,42.949748534816777],[-77.698922786688101,42.947801534846548],[-77.699412786234547,42.94559253373545],[-77.70031978732915,42.940270532869967]]]},"properties":{"OBJECTID":151346,"GEOID20":"360550133003","GEOID10":"360550133003","STATEFP":"36","COUNTYFP":"055","D1C":0.030022982318468949,"D1C5_RET":0.00068623959585071886,"D2B_E5MIXA":0.79478037267029111,"D3A":2.7966803678333498,"D3AAO":1.0795149997629161,"D3B":1.0956616543581075,"D4A":-99999,"D4C":0.33000000000000002,"D4D":0.034978073516300001,"D5AR":32641,"D5BR":-99999}},{"type":"Feature","id":151352,"geometry":{"type":"Polygon","coordinates":[[[-77.502758736310312,43.109242571474894],[-77.502817736759866,43.109133572639749],[-77.491232732275847,43.105613571195029],[-77.491266732611024,43.10540657160719],[-77.487846732238353,43.104408571227303],[-77.488696731634903,43.102886570941912],[-77.488864730966085,43.102856571410136],[-77.488854731818662,43.102372570723304],[-77.487489730964668,43.101470571635637],[-77.487661731392109,43.100104571469849],[-77.486169730316504,43.100028571229231],[-77.486115729889818,43.098800571387962],[-77.484666730268543,43.098941570332528],[-77.483481730237912,43.10056057093238],[-77.483428729636145,43.101330571550072],[-77.481922728316832,43.10118857063965],[-77.483363731135441,43.099062570428607],[-77.479452727798147,43.099417570967695],[-77.479438728452763,43.100141570957348],[-77.479761728492946,43.100151571027723],[-77.479488728681474,43.102421572284129],[-77.480200728884085,43.102502572020846],[-77.481265729264123,43.102078572340908],[-77.481890729428102,43.10287957199256],[-77.48613473015638,43.10408457188646],[-77.485936730687996,43.107559571961303],[-77.483428730534456,43.10690457232635],[-77.483642730794699,43.107363572751339],[-77.49114473420893,43.109441572234921],[-77.490609732660005,43.110143572678744],[-77.495474734252625,43.111487572594022],[-77.494485733142255,43.112059573435701],[-77.500471736988061,43.113709572898635],[-77.502758736310312,43.109242571474894]]]},"properties":{"OBJECTID":151352,"GEOID20":"360550121004","GEOID10":"360550121004","STATEFP":"36","COUNTYFP":"055","D1C":3.2215255586377456,"D1C5_RET":1.6545221821205498,"D2B_E5MIXA":0.6416439799597583,"D3A":15.801207427123241,"D3AAO":0,"D3B":66.702332163356118,"D4A":683.97000000000003,"D4C":2.6699999999999999,"D4D":7.1215301853900002,"D5AR":80033,"D5BR":5010}},{"type":"Feature","id":151364,"geometry":{"type":"Polygon","coordinates":[[[-77.654161789629171,43.166425575524002],[-77.654146788662246,43.164663574496096],[-77.64872178810127,43.164659575671244],[-77.648729788497178,43.17038557744899],[-77.648879787386704,43.170672576784263],[-77.648842788475093,43.171203577032017],[-77.649061788758203,43.172602577233413],[-77.649044789938088,43.179262579082859],[-77.650850789934736,43.179254578759021],[-77.650888789569592,43.173864576781874],[-77.652819790137997,43.173868576969426],[-77.652811790640399,43.169969576050406],[-77.65237678954891,43.16996957670554],[-77.652383789221602,43.166425575524002],[-77.654161789629171,43.166425575524002]]]},"properties":{"OBJECTID":151364,"GEOID20":"360550088001","GEOID10":"360550088001","STATEFP":"36","COUNTYFP":"055","D1C":2.8731965213616175,"D1C5_RET":0.10396434781242694,"D2B_E5MIXA":0.31231811877184984,"D3A":20.593960437372115,"D3AAO":0,"D3B":100.84617348240187,"D4A":264.19999999999999,"D4C":6.3300000000000001,"D4D":38.289124168900003,"D5AR":102441,"D5BR":158822}},{"type":"Feature","id":151365,"geometry":{"type":"Polygon","coordinates":[[[-77.683441800494933,43.179272576702189],[-77.683394799740952,43.178749576256052],[-77.682967799943697,43.177331576545768],[-77.682788798945239,43.175345576247132],[-77.682829799851447,43.173453576746297],[-77.68129479911812,43.172599575392702],[-77.680688798322407,43.172181575822314],[-77.680697799441546,43.173925576011051],[-77.654121790344519,43.173853577247286],[-77.654161789629171,43.166425575524002],[-77.652383789221602,43.166425575524002],[-77.65237678954891,43.16996957670554],[-77.652811790640399,43.169969576050406],[-77.652819790137997,43.173868576969426],[-77.650888789569592,43.173864576781874],[-77.650850789934736,43.179254578759021],[-77.672980795942181,43.179209576344697],[-77.67292979678686,43.179738577140789],[-77.674962797462555,43.179744576844911],[-77.682682799538355,43.179716576255451],[-77.682682800436666,43.179275576904736],[-77.683441800494933,43.179272576702189]]]},"properties":{"OBJECTID":151365,"GEOID20":"360550088002","GEOID10":"360550088002","STATEFP":"36","COUNTYFP":"055","D1C":6.8613807760818721,"D1C5_RET":0.17093264389537294,"D2B_E5MIXA":0.32326938665433363,"D3A":9.2932659250791332,"D3AAO":1.3385577353547842,"D3B":27.191759248996469,"D4A":187.75999999999999,"D4C":6,"D4D":9.06089944985,"D5AR":104019,"D5BR":129876}},{"type":"Feature","id":151366,"geometry":{"type":"Polygon","coordinates":[[[-77.62544078060175,43.173348577900363],[-77.626147780781508,43.173252577749331],[-77.624020781292813,43.172716577626616],[-77.622930779900088,43.171242578256276],[-77.622443779828373,43.170050577429961],[-77.622636780172229,43.168650577932823],[-77.622269779751107,43.167566576892256],[-77.621948779360736,43.167207577329854],[-77.618627778722256,43.164444577679724],[-77.616580776904541,43.163197575849061],[-77.614005777702189,43.162122577497897],[-77.613619776116167,43.160962576022222],[-77.613222776456141,43.160827576730142],[-77.613085776188782,43.160601576436946],[-77.612743775882024,43.160848576625071],[-77.610524775433504,43.161480577823383],[-77.609062775393426,43.161681576900641],[-77.608226774443949,43.161570577296366],[-77.609474775122081,43.164625576804156],[-77.612816775676947,43.163552576492307],[-77.615105777343999,43.165678576930738],[-77.614239777155603,43.166182576952473],[-77.614193777124839,43.166311577802894],[-77.618911779302707,43.170664577955606],[-77.617920778542512,43.171239577659044],[-77.617554778844621,43.170912577845556],[-77.617226777883232,43.170923577909797],[-77.61736377815059,43.173208577848037],[-77.619492779085761,43.173147577902689],[-77.619553779185097,43.173975578942368],[-77.620838778774853,43.173920578729238],[-77.622849779709256,43.17283457806235],[-77.624001780127912,43.173894578182434],[-77.622746779777088,43.174609578048717],[-77.621537779457,43.174681579196779],[-77.621578779464869,43.175582578214261],[-77.622578780445906,43.175564578528316],[-77.623029780532605,43.175488578995299],[-77.624718781251715,43.174551577972082],[-77.624367780724114,43.174215578161061],[-77.62544078060175,43.173348577900363]]]},"properties":{"OBJECTID":151366,"GEOID20":"360550092001","GEOID10":"360550092001","STATEFP":"36","COUNTYFP":"055","D1C":12.82472667256696,"D1C5_RET":0.019821834115250327,"D2B_E5MIXA":0.53515840980396012,"D3A":16.977688059315749,"D3AAO":1.8104912732200278,"D3B":64.429847511741087,"D4A":203.84999999999999,"D4C":78.670000000000002,"D4D":323.40305645000001,"D5AR":107343,"D5BR":72402}},{"type":"Feature","id":151367,"geometry":{"type":"Polygon","coordinates":[[[-77.601082772128336,43.164720576886623],[-77.601555771956342,43.163885577656991],[-77.600029772342168,43.163431577455349],[-77.599556771615852,43.164270577809532],[-77.59293376970713,43.162267577608077],[-77.591319770229433,43.165064578701006],[-77.59320077056914,43.166083577791184],[-77.594568769999569,43.166535578261559],[-77.594653770388391,43.166389577956345],[-77.599337772231053,43.166241577613938],[-77.60011377290607,43.166448578417878],[-77.601082772128336,43.164720576886623]]]},"properties":{"OBJECTID":151367,"GEOID20":"360550093013","GEOID10":"360550093013","STATEFP":"36","COUNTYFP":"055","D1C":1.0320180415307696,"D1C5_RET":0,"D2B_E5MIXA":0.43353400981761631,"D3A":28.871036640723723,"D3AAO":0,"D3B":143.51655620063684,"D4A":347.35000000000002,"D4C":19.329999999999998,"D4D":207.990330736,"D5AR":112443,"D5BR":92676}},{"type":"Feature","id":151368,"geometry":{"type":"Polygon","coordinates":[[[-77.607220772716815,43.151214575086215],[-77.607065773804436,43.151015575187422],[-77.605734773285619,43.150284575336187],[-77.604273772172164,43.149275574802232],[-77.604323772400875,43.149551574372083],[-77.602724771195142,43.148726574937619],[-77.602377771763813,43.148409575256807],[-77.600792770801803,43.146449574875312],[-77.598465770398235,43.147431574705642],[-77.595517770926961,43.152914575464273],[-77.597930770645945,43.153589575095033],[-77.598302771089919,43.152978575483168],[-77.598219771249248,43.153362575499763],[-77.599114771749967,43.152008575256716],[-77.599645771304296,43.151642575439489],[-77.600437771872862,43.151362575130918],[-77.604541772859079,43.150976575467233],[-77.604547771808541,43.151140574929478],[-77.605938772601803,43.151090574932226],[-77.607220772716815,43.151214575086215]]]},"properties":{"OBJECTID":151368,"GEOID20":"360550093022","GEOID10":"360550093022","STATEFP":"36","COUNTYFP":"055","D1C":10.679992333446114,"D1C5_RET":0.58279145982002911,"D2B_E5MIXA":0.61814019244055773,"D3A":38.077565353025058,"D3AAO":9.9475534028252266,"D3B":190.89971271023924,"D4A":143.5,"D4C":20.670000000000002,"D4D":179.29375962,"D5AR":119209,"D5BR":142636}},{"type":"Feature","id":151369,"geometry":{"type":"Polygon","coordinates":[[[-77.604941773790472,43.160606576119022],[-77.603710773729077,43.160204576782775],[-77.603661773325271,43.160127577194906],[-77.604805773348033,43.1580645768477],[-77.604308773230571,43.15757857644239],[-77.596932770213044,43.155693575848979],[-77.595778770144548,43.15788657723148],[-77.595589770896979,43.158779577234355],[-77.595709770547586,43.159523577104068],[-77.596005771721906,43.160099576784539],[-77.596381770567234,43.160526576569531],[-77.59697677149228,43.160981577320825],[-77.59762877142046,43.1613785771683],[-77.600270772366599,43.162151577547434],[-77.601642771994989,43.162317577634049],[-77.602454773553347,43.162269577426393],[-77.602935772878951,43.161299577244144],[-77.603374773270104,43.161238577199647],[-77.604941773790472,43.160606576119022]]]},"properties":{"OBJECTID":151369,"GEOID20":"360550094001","GEOID10":"360550094001","STATEFP":"36","COUNTYFP":"055","D1C":23.385570461592408,"D1C5_RET":1.1242042942987733,"D2B_E5MIXA":0.70646154689839102,"D3A":40.471121929283058,"D3AAO":6.9495388533045537,"D3B":267.07360825825714,"D4A":128.75,"D4C":78.670000000000002,"D4D":533.98431295099999,"D5AR":108423,"D5BR":123032}},{"type":"Feature","id":151370,"geometry":{"type":"Polygon","coordinates":[[[-77.610217775286841,43.15626857623996],[-77.61045077491535,43.156206575751455],[-77.609476775670217,43.154619575255737],[-77.609193774914687,43.153440575146902],[-77.60915777403136,43.152064574960214],[-77.60933277483187,43.151225574765299],[-77.607457773441595,43.151181574726259],[-77.607466773662438,43.151226574855222],[-77.605938772601803,43.151090574932226],[-77.604547771808541,43.151140574929478],[-77.604541772859079,43.150976575467233],[-77.600741770748158,43.151307575528108],[-77.599890770628363,43.151534575547316],[-77.599410771127665,43.151776575283115],[-77.598751771526807,43.152465575351833],[-77.596932770213044,43.155693575848979],[-77.60435577218793,43.157613575940083],[-77.610217775286841,43.15626857623996]]]},"properties":{"OBJECTID":151370,"GEOID20":"360550094002","GEOID10":"360550094002","STATEFP":"36","COUNTYFP":"055","D1C":62.409323233112303,"D1C5_RET":0.023318964964421086,"D2B_E5MIXA":0.62181315573307772,"D3A":32.245424523371668,"D3AAO":6.1535853829859644,"D3B":139.70748267185937,"D4A":256.14999999999998,"D4C":79.670000000000002,"D4D":370.89287385799997,"D5AR":113874,"D5BR":142134}},{"type":"Feature","id":151371,"geometry":{"type":"Polygon","coordinates":[[[-77.620185778123471,43.15515057480912],[-77.619860777535152,43.154310574343455],[-77.619507777357725,43.153827575679315],[-77.618841778084189,43.153253574658322],[-77.618088777873695,43.152899575183945],[-77.614728775080508,43.152033575212606],[-77.614868775720907,43.151909574754256],[-77.614521775391268,43.151761574723416],[-77.614118775883469,43.151715574906511],[-77.613964775897671,43.151846575661693],[-77.611826775639997,43.151393575218862],[-77.611059775185794,43.151295575119633],[-77.60933277483187,43.151225574765299],[-77.60915777403136,43.152064574960214],[-77.609193774914687,43.153440575146902],[-77.609476775670217,43.154619575255737],[-77.612079775359973,43.159058576363186],[-77.613085776188782,43.160601576436946],[-77.615801775856454,43.158728576311702],[-77.619373776565112,43.156527574979187],[-77.619961777817494,43.155855575731572],[-77.620185778123471,43.15515057480912]]]},"properties":{"OBJECTID":151371,"GEOID20":"360550094003","GEOID10":"360550094003","STATEFP":"36","COUNTYFP":"055","D1C":174.73191641635268,"D1C5_RET":0.27443982564047492,"D2B_E5MIXA":0.47993509407040347,"D3A":40.110070551789747,"D3AAO":7.5199622196710889,"D3B":256.0100151780357,"D4A":197.13999999999999,"D4C":79.329999999999998,"D4D":398.10397930200003,"D5AR":106437,"D5BR":132635}},{"type":"Feature","id":151372,"geometry":{"type":"Polygon","coordinates":[[[-77.476167727144656,43.089197569458619],[-77.475771726411224,43.088375568756319],[-77.475507725023959,43.088260569349949],[-77.468578724590131,43.088167570122742],[-77.467169723355198,43.08826957024116],[-77.465715721914435,43.088134570511201],[-77.464434722522626,43.088108569552226],[-77.463291722324797,43.088495569589583],[-77.462164722918786,43.088501570379528],[-77.462157722347797,43.089792570869854],[-77.461155720818638,43.08980357044463],[-77.460357721300596,43.090128570348071],[-77.459367721263646,43.090123570806675],[-77.458503720725062,43.090030569815944],[-77.457582721183385,43.090024570487856],[-77.457449720215678,43.090076570768055],[-77.457371720397859,43.090789570283199],[-77.457047720532771,43.091084570151288],[-77.45699972085221,43.092575570869563],[-77.462135721708165,43.092606570583378],[-77.461921722346233,43.101416571350072],[-77.464909723797106,43.10208757185719],[-77.468456724391388,43.101319572077927],[-77.46800972450265,43.10016257202151],[-77.468402725761351,43.099132572120496],[-77.468627724993937,43.098814572186193],[-77.469069725758118,43.098384571414172],[-77.469706725617669,43.098734571798346],[-77.469985725276928,43.098998571041818],[-77.470273726055339,43.098890571310001],[-77.472199724804256,43.097055571313383],[-77.473196726310547,43.096616570988516],[-77.47323772542012,43.096487569985499],[-77.473139726409158,43.096339570940749],[-77.472677725553481,43.096072570376457],[-77.472035725671063,43.095989571297885],[-77.471386726115938,43.096148570935661],[-77.470894725123046,43.095734571338618],[-77.472439725902092,43.094206570351872],[-77.473673726336528,43.093214570093004],[-77.47440472680573,43.092314570054356],[-77.474535726326977,43.09182656969319],[-77.474538725801708,43.089350569623804],[-77.475969726777961,43.089349569178061],[-77.476167727144656,43.089197569458619]]]},"properties":{"OBJECTID":151372,"GEOID20":"360550119021","GEOID10":"360550119021","STATEFP":"36","COUNTYFP":"055","D1C":0.21238998351415786,"D1C5_RET":0.02093985752956486,"D2B_E5MIXA":0.62712305817437042,"D3A":14.807530978965625,"D3AAO":0,"D3B":51.078893612689413,"D4A":-99999,"D4C":1.3300000000000001,"D4D":2.5462866756000002,"D5AR":50333,"D5BR":-99999}},{"type":"Feature","id":151373,"geometry":{"type":"Polygon","coordinates":[[[-77.46068472064043,43.079043568913391],[-77.432103711355111,43.079151569526431],[-77.432100711880381,43.085588570738643],[-77.433286711735917,43.085621570409678],[-77.433552711874697,43.085767570729061],[-77.433829713680765,43.086077570783658],[-77.434410713463805,43.086300570828442],[-77.435269713979523,43.086285570609625],[-77.436260713841406,43.085960571309272],[-77.436500714040903,43.086161570672218],[-77.436781713349987,43.086227570691321],[-77.442102715052201,43.086252569984183],[-77.442069715440226,43.090590571213049],[-77.446310717592127,43.090615570693309],[-77.448489717857669,43.091412570397793],[-77.451290718812487,43.092560571531457],[-77.451543718532463,43.092150571582003],[-77.452255719633399,43.091805571017964],[-77.452918719432205,43.090771570552143],[-77.452502719505603,43.090474570945815],[-77.452445719604185,43.090135571410954],[-77.452719719240591,43.08980857132417],[-77.454452720340626,43.090119571042109],[-77.454651719633929,43.088621570965991],[-77.45569471937435,43.086893569886783],[-77.45830772000815,43.085083569698206],[-77.45910871989922,43.084069569402402],[-77.459341720426039,43.083387568869263],[-77.459598719445694,43.081222568465272],[-77.459791720687861,43.080353569380485],[-77.46068472064043,43.079043568913391]]]},"properties":{"OBJECTID":151373,"GEOID20":"360550119023","GEOID10":"360550119023","STATEFP":"36","COUNTYFP":"055","D1C":0.11077098109240489,"D1C5_RET":0,"D2B_E5MIXA":0.38399516377947751,"D3A":11.573074385755568,"D3AAO":0,"D3B":39.752503405921495,"D4A":-99999,"D4C":-99999,"D4D":-99999,"D5AR":43855,"D5BR":-99999}},{"type":"Feature","id":151374,"geometry":{"type":"Polygon","coordinates":[[[-77.485066731199936,43.112941573341118],[-77.485452730989309,43.112196573031781],[-77.479555728628625,43.110582572417158],[-77.479625728948818,43.109693572479827],[-77.480315728511812,43.106096571664935],[-77.479013729203629,43.106739573415794],[-77.477310729139148,43.108004572716297],[-77.477106727128017,43.107747572661658],[-77.47624872733553,43.108255572838104],[-77.476182729009921,43.108142573002091],[-77.473749727402833,43.108663573562445],[-77.473681726732451,43.109218573161961],[-77.47375672797385,43.109633573514948],[-77.473638727074743,43.110318573283514],[-77.472996727192324,43.11156957353365],[-77.471689726962964,43.111206573235314],[-77.471620726467677,43.111371573876298],[-77.470276727326691,43.110976573388186],[-77.469820725420476,43.112071574331623],[-77.471520726908551,43.113071574490327],[-77.471946726880901,43.113403573902055],[-77.471948726530727,43.113494573392742],[-77.471277727234309,43.11399557409635],[-77.471198726693288,43.114175574380354],[-77.471230727378654,43.114567574449268],[-77.471637727084428,43.1149905741593],[-77.472546727828842,43.115452574334149],[-77.472829728584387,43.115461573851569],[-77.473426728260961,43.115065574816605],[-77.47455972751473,43.114711574553226],[-77.474527728626001,43.114543573633924],[-77.474401727330985,43.114527574396647],[-77.474072728341326,43.11468457369886],[-77.473916727807392,43.114543573633924],[-77.473775727342101,43.114809574931151],[-77.473595726518724,43.114833573674879],[-77.473604727637877,43.114648573852698],[-77.473384726631537,43.114668573842728],[-77.473368727636327,43.114488573697251],[-77.473090726903649,43.114544573668098],[-77.473066727512531,43.114363574432311],[-77.473152726827934,43.114272574266522],[-77.473070727710493,43.114069574619627],[-77.473432728108733,43.113762574097365],[-77.473583727721476,43.11334457469323],[-77.473931726977696,43.113250574813662],[-77.47451272676075,43.113228574248971],[-77.475231729331014,43.112872573728765],[-77.475663728252826,43.11277657365396],[-77.476595729461792,43.11301557448315],[-77.476916728953839,43.113219573747386],[-77.476994727873318,43.113344574037441],[-77.476978728878123,43.113783573767748],[-77.476638729119486,43.11470157423819],[-77.476750728374171,43.115017574222883],[-77.47712472846797,43.115204573632134],[-77.477039728977488,43.115483574269255],[-77.476451728623431,43.115927573795609],[-77.476496729727586,43.116135575189013],[-77.47637172825749,43.116506574465852],[-77.477685729057853,43.116797575037651],[-77.477902729691166,43.117020574036765],[-77.477925729257379,43.117472574105186],[-77.477871728830692,43.117990575309129],[-77.477681729758217,43.118360575170442],[-77.477479729193547,43.118547574855356],[-77.476552728905759,43.118987574598087],[-77.476106729740252,43.119360574854184],[-77.475990728490984,43.119701574448783],[-77.476379729551724,43.120731575131039],[-77.476349729414494,43.120889574838756],[-77.476837729311114,43.120828575116136],[-77.476881728793728,43.121174574682392],[-77.478180729525505,43.120666574858951],[-77.477730729263712,43.119476574821853],[-77.478509729413474,43.118387574402888],[-77.478689729338541,43.117961573977816],[-77.478283728559347,43.115503573330635],[-77.478408730029443,43.114619573560475],[-77.47883973002466,43.113771573863318],[-77.479308728756422,43.113429573301929],[-77.47931672915233,43.113323574216416],[-77.484174731072272,43.11467157459478],[-77.485066731199936,43.112941573341118]]]},"properties":{"OBJECTID":151374,"GEOID20":"360550120003","GEOID10":"360550120003","STATEFP":"36","COUNTYFP":"055","D1C":7.8801003291998848,"D1C5_RET":0.2120586740904167,"D2B_E5MIXA":0.64858285236382951,"D3A":15.048479734622306,"D3AAO":0,"D3B":49.117782532760437,"D4A":572.65999999999997,"D4C":1.3300000000000001,"D4D":5.5973481936900003,"D5AR":76536,"D5BR":5380}},{"type":"Feature","id":151375,"geometry":{"type":"Polygon","coordinates":[[[-77.500087735950189,43.114451572388603],[-77.500471736988061,43.113709572898635],[-77.494485733142255,43.112059573435701],[-77.49081073429808,43.114172572948206],[-77.49053073301728,43.114427572839304],[-77.49887473633045,43.116789573091275],[-77.500087735950189,43.114451572388603]]]},"properties":{"OBJECTID":151375,"GEOID20":"360550121001","GEOID10":"360550121001","STATEFP":"36","COUNTYFP":"055","D1C":1.711584532155666,"D1C5_RET":0.091041730433812015,"D2B_E5MIXA":0.77511192030298237,"D3A":28.466744493384954,"D3AAO":0,"D3B":219.17121407631856,"D4A":260.18000000000001,"D4C":1.3300000000000001,"D4D":15.074609025299999,"D5AR":79563,"D5BR":5476}},{"type":"Feature","id":151605,"geometry":{"type":"Polygon","coordinates":[[[-77.655112795596281,43.23355858839286],[-77.655117794720823,43.232773588126157],[-77.646923792992112,43.232761588017731],[-77.646883792809149,43.236681588488963],[-77.655102795550533,43.236699588474494],[-77.655112795596281,43.23355858839286]]]},"properties":{"OBJECTID":151605,"GEOID20":"360550136014","GEOID10":"360550136014","STATEFP":"36","COUNTYFP":"055","D1C":0.013944546862725378,"D1C5_RET":0,"D2B_E5MIXA":0,"D3A":25.259276203808042,"D3AAO":0,"D3B":130.92256158475601,"D4A":367.47000000000003,"D4C":10.33,"D4D":92.190188218900005,"D5AR":68685,"D5BR":86535}},{"type":"Feature","id":151606,"geometry":{"type":"Polygon","coordinates":[[[-77.658045788710709,43.137037570606438],[-77.655107787488546,43.132890569465076],[-77.654418786852176,43.133139569666753],[-77.650949786075685,43.133173569663043],[-77.650972786540208,43.137083570980948],[-77.658045788710709,43.137037570606438]]]},"properties":{"OBJECTID":151606,"GEOID20":"360550068001","GEOID10":"360550068001","STATEFP":"36","COUNTYFP":"055","D1C":0.65822463257167985,"D1C5_RET":0.099731004935103007,"D2B_E5MIXA":0.62429588948822368,"D3A":24.160631264784019,"D3AAO":0,"D3B":114.92841439113374,"D4A":319.19,"D4C":7,"D4D":89.3589804219,"D5AR":98653,"D5BR":68136}},{"type":"Feature","id":151607,"geometry":{"type":"Polygon","coordinates":[[[-77.584599769134641,43.195419583314418],[-77.584302769932052,43.190540582834153],[-77.583702768984125,43.190617583379996],[-77.583726768375243,43.187912582318049],[-77.579785767595652,43.188024582662585],[-77.579957768023107,43.190778582897551],[-77.576488766348305,43.190856582584345],[-77.576637767209519,43.193615583654811],[-77.574727767455798,43.193674584009472],[-77.574819766619015,43.195393584718921],[-77.57672476724818,43.195345584310481],[-77.57681876606118,43.196461584858774],[-77.580326768094039,43.196255584288998],[-77.584599769134641,43.195419583314418]]]},"properties":{"OBJECTID":151607,"GEOID20":"360550109014","GEOID10":"360550109014","STATEFP":"36","COUNTYFP":"055","D1C":10.573252565156839,"D1C5_RET":0,"D2B_E5MIXA":0.0070711736740726294,"D3A":22.269645596437908,"D3AAO":5.1222378484867059,"D3B":48.010922407717644,"D4A":429.16000000000003,"D4C":6.3300000000000001,"D4D":32.5489063769,"D5AR":91105,"D5BR":86873}},{"type":"Feature","id":151608,"geometry":{"type":"Polygon","coordinates":[[[-77.588180768267506,43.170811579604866],[-77.587936767870033,43.166307578430754],[-77.582320766615027,43.166445578895519],[-77.582424767270439,43.168441579733226],[-77.585788767566626,43.168353578863531],[-77.585914767963317,43.170862578957944],[-77.588180768267506,43.170811579604866]]]},"properties":{"OBJECTID":151608,"GEOID20":"360550055002","GEOID10":"360550055002","STATEFP":"36","COUNTYFP":"055","D1C":0.22573883516452464,"D1C5_RET":0.056434708791131161,"D2B_E5MIXA":0.82071407225123805,"D3A":22.375663202453826,"D3AAO":0,"D3B":79.350749725881556,"D4A":341.99000000000001,"D4C":6.3300000000000001,"D4D":107.625936526,"D5AR":102213,"D5BR":93181}},{"type":"Feature","id":151609,"geometry":{"type":"Polygon","coordinates":[[[-77.631570781692631,43.153555573999711],[-77.632317782953677,43.153013574338807],[-77.63150978159328,43.152399574654417],[-77.631096781141409,43.151453574519898],[-77.631234782131969,43.151418573460191],[-77.630807781436417,43.150411573502836],[-77.628999780891604,43.150820574371565],[-77.629029781028834,43.149824573668035],[-77.626786780290871,43.150331574368529],[-77.627167780057377,43.151208573890074],[-77.622002777990787,43.15123157464901],[-77.622010778386695,43.152460574348268],[-77.622155779049962,43.153524574353042],[-77.624253779124672,43.153036575073806],[-77.624260778797364,43.156349576128086],[-77.624141778971691,43.156500575543937],[-77.624686779668025,43.157632575658965],[-77.62602778023259,43.157535575066255],[-77.631570781692631,43.153555573999711]]]},"properties":{"OBJECTID":151609,"GEOID20":"360550096012","GEOID10":"360550096012","STATEFP":"36","COUNTYFP":"055","D1C":5.238831386395991,"D1C5_RET":1.2854039896517997,"D2B_E5MIXA":0.83730686637542517,"D3A":30.838203071477345,"D3AAO":1.0265138605595281,"D3B":242.6081143694463,"D4A":277.61000000000001,"D4C":18.670000000000002,"D4D":123.49010319999999,"D5AR":116118,"D5BR":130309}},{"type":"Feature","id":152530,"geometry":{"type":"Polygon","coordinates":[[[-77.63460377885778,43.117714567689013],[-77.63289977986669,43.116738567953426],[-77.632652778197851,43.11673956795169],[-77.627760776841058,43.114355567577284],[-77.62571677719302,43.113586567551806],[-77.623305776225564,43.112850567126145],[-77.622590774751586,43.114487567760307],[-77.626667775973601,43.114374566970412],[-77.627562777372646,43.114672568069267],[-77.627746776597348,43.114826567566688],[-77.62789277708552,43.115133567341616],[-77.627396776792978,43.11679356849082],[-77.621299774415732,43.116993568955323],[-77.618964774514566,43.12154856939393],[-77.618181774166843,43.123384568806628],[-77.617497774451621,43.124710569448204],[-77.624862776700184,43.124371568669353],[-77.626604777122736,43.124021569307942],[-77.629486778268387,43.122963569216594],[-77.630186778775439,43.123234568778742],[-77.633164778383929,43.119356569130893],[-77.63460377885778,43.117714567689013]]]},"properties":{"OBJECTID":152530,"GEOID20":"360550038054","GEOID10":"360550038054","STATEFP":"36","COUNTYFP":"055","D1C":109.84616712882129,"D1C5_RET":0.28770604276799711,"D2B_E5MIXA":0.063841883773275432,"D3A":26.82138647402736,"D3AAO":0,"D3B":163.9923928250646,"D4A":277.61000000000001,"D4C":28,"D4D":76.932396191799995,"D5AR":89963,"D5BR":70895}},{"type":"Feature","id":152531,"geometry":{"type":"Polygon","coordinates":[[[-77.58825977419842,43.232306590727624],[-77.58112977212653,43.23190959064506],[-77.580341771755911,43.231598591227133],[-77.578387771621252,43.231662591253851],[-77.577010770173388,43.231430590837142],[-77.576093770829672,43.231121589810627],[-77.575754769099319,43.231523590864818],[-77.575339769895947,43.23148759175767],[-77.571653767587847,43.231673591497099],[-77.572338768924595,43.227466590280585],[-77.571808768296862,43.227469590077646],[-77.571827768563438,43.226652590584273],[-77.570689768388462,43.226711591062767],[-77.565392766077395,43.227411591138875],[-77.563421765325984,43.227366590852114],[-77.563322765591778,43.226566590827424],[-77.561923764402579,43.226766590836071],[-77.560392765663863,43.226464590243076],[-77.560134764124371,43.226436590797221],[-77.559983765409953,43.226552591129561],[-77.559794763467409,43.226434591116828],[-77.559211763136247,43.224265589835944],[-77.556309762797412,43.224271590399567],[-77.556328763063973,43.223783590198764],[-77.556236763002474,43.223605591004365],[-77.555524762799863,43.223271590650022],[-77.553915762446692,43.22318159047672],[-77.553767762308695,43.223483590314885],[-77.553797762445939,43.224179589984452],[-77.554655762238426,43.224109590030963],[-77.554852762780229,43.224427590444542],[-77.555123762043564,43.225275590201569],[-77.555123762043564,43.226110590972311],[-77.554964762933224,43.22680159126103],[-77.547151760971005,43.226956591218325],[-77.546594759680787,43.228065591774744],[-77.547669761004855,43.227985590936726],[-77.551787762234781,43.227906590791513],[-77.551646761769462,43.229152591054188],[-77.551519762446162,43.234468592950968],[-77.550528761685982,43.235372593612752],[-77.549806760539312,43.23658559305742],[-77.558152766197239,43.238711592609612],[-77.564450767517641,43.240444592205606],[-77.574491771047519,43.245384593391918],[-77.577402770708858,43.243174592317487],[-77.57764677110633,43.242812592755051],[-77.578481772230916,43.242259592591424],[-77.581450772516888,43.238102591930208],[-77.584169772557615,43.236852591409104],[-77.58825977419842,43.232306590727624]]]},"properties":{"OBJECTID":152531,"GEOID20":"360559801001","GEOID10":"360559801001","STATEFP":"36","COUNTYFP":"055","D1C":0.33119596020415581,"D1C5_RET":0,"D2B_E5MIXA":0,"D3A":10.190716858501855,"D3AAO":0,"D3B":22.802253764847734,"D4A":-99999,"D4C":2,"D4D":1.66768476303,"D5AR":39909,"D5BR":-99999}},{"type":"Feature","id":152532,"geometry":{"type":"Polygon","coordinates":[[[-77.634522782260177,43.159527575609808],[-77.634522782260177,43.159422575758718],[-77.627007781122117,43.159399576116698],[-77.630291781950689,43.161800576293686],[-77.632208782275427,43.162486576331226],[-77.633219783127089,43.163388576266968],[-77.633841782019715,43.16416257664666],[-77.633947783223235,43.164647576574325],[-77.63451578348581,43.164648576444542],[-77.634522782260177,43.159527575609808]]]},"properties":{"OBJECTID":152532,"GEOID20":"360550041001","GEOID10":"360550041001","STATEFP":"36","COUNTYFP":"055","D1C":0.35527561731714263,"D1C5_RET":0.16579528808133323,"D2B_E5MIXA":0.61564063999543672,"D3A":21.584964926458245,"D3AAO":0,"D3B":111.17189876923408,"D4A":202.50999999999999,"D4C":13.33,"D4D":202.061823097,"D5AR":109999,"D5BR":130032}},{"type":"Feature","id":152533,"geometry":{"type":"Polygon","coordinates":[[[-77.617977769460765,43.048988556787123],[-77.618777768628604,43.04748855526644],[-77.616706768318082,43.047317556243179],[-77.614091767136131,43.047221555154479],[-77.611970766596883,43.047221555154479],[-77.606241764465679,43.047422556195137],[-77.586566758908333,43.048226557053724],[-77.58154775643159,43.048109557522707],[-77.579418756394759,43.047939558070219],[-77.573135755142985,43.059819559873439],[-77.584454758589914,43.059655559738147],[-77.584486758376968,43.058881559790848],[-77.586635759403606,43.054707558380962],[-77.586975759162243,43.054444558310976],[-77.587855759594348,43.054253558963275],[-77.587736759768646,43.054098559041613],[-77.587830760378296,43.053739558252282],[-77.588592759911307,43.051879558445854],[-77.588975759327653,43.051217558445629],[-77.589394760525607,43.05097655715722],[-77.589882760422256,43.050867557679915],[-77.593252761464527,43.050799558124652],[-77.593760760554332,43.050865557500984],[-77.594376762294118,43.051185557070681],[-77.594662761626068,43.0517055586363],[-77.594655761953376,43.052402557931039],[-77.595283762490382,43.052439558005602],[-77.596505762330949,43.052834558634409],[-77.593821761552007,43.057963559276438],[-77.595143762748307,43.058324558902655],[-77.596942763072278,43.058303558589884],[-77.59699576367403,43.059462559001091],[-77.598800762947462,43.059432558546298],[-77.598818762490808,43.059028559130674],[-77.599159762972647,43.058359558095212],[-77.599666763135858,43.058391559008484],[-77.600341763528562,43.058215558701306],[-77.600976763738274,43.05815255828584],[-77.601638763712188,43.058226558694265],[-77.602736763704172,43.058552558366003],[-77.602418764585181,43.059112558688973],[-77.602380764950354,43.05937355852793],[-77.610650767745355,43.059246558418167],[-77.612441768571713,43.059402558076826],[-77.617977769460765,43.048988556787123]]]},"properties":{"OBJECTID":152533,"GEOID20":"360550132033","GEOID10":"360550132033","STATEFP":"36","COUNTYFP":"055","D1C":0.42734687754378148,"D1C5_RET":0,"D2B_E5MIXA":0.19584140539801725,"D3A":9.4389729687411688,"D3AAO":1.4926531331686048,"D3B":25.491543303363645,"D4A":-99999,"D4C":0.33000000000000002,"D4D":0.247301543101,"D5AR":65719,"D5BR":-99999}},{"type":"Feature","id":152534,"geometry":{"type":"Polygon","coordinates":[[[-77.591874768276568,43.159957577267541],[-77.592750768510712,43.158274577105004],[-77.584749767125857,43.155866576541349],[-77.583693766068336,43.157774577958172],[-77.582021765965976,43.157419577816768],[-77.579594765105,43.157463577951823],[-77.579211765688655,43.157237577011017],[-77.57913876499542,43.156080576530812],[-77.575203764063602,43.156205577709002],[-77.580009765206697,43.158172577650561],[-77.581315766509462,43.158961578034223],[-77.582530765779012,43.159824577619013],[-77.584260766506006,43.161239578436202],[-77.584070767433502,43.16119757759742],[-77.583765766936679,43.160919577682833],[-77.583656767156739,43.160913578095034],[-77.584151766726066,43.161297578049286],[-77.585159767204672,43.16184357859985],[-77.591621769454903,43.160444577692488],[-77.591874768276568,43.159957577267541]]]},"properties":{"OBJECTID":152534,"GEOID20":"360550010003","GEOID10":"360550010003","STATEFP":"36","COUNTYFP":"055","D1C":20.567948694983865,"D1C5_RET":0.15471893705676629,"D2B_E5MIXA":0.78246018406449891,"D3A":20.537217151949026,"D3AAO":0,"D3B":150.65292339091445,"D4A":287,"D4C":14.67,"D4D":90.7890722649,"D5AR":107870,"D5BR":90403}},{"type":"Feature","id":152535,"geometry":{"type":"Polygon","coordinates":[[[-77.649291790708617,43.19896658077711],[-77.649323790495671,43.19389858102921],[-77.645279788885603,43.193889581922043],[-77.645334789137181,43.197152581268384],[-77.638818787358588,43.197164581837242],[-77.638742788088919,43.200429582094593],[-77.641517789104455,43.201487582621183],[-77.643475788538765,43.202136582825382],[-77.644358789343926,43.202352582917982],[-77.647835791414636,43.202751582769515],[-77.648581791952438,43.201695581735223],[-77.648957791696077,43.200965581872808],[-77.649241790479905,43.199946581377631],[-77.649291790708617,43.19896658077711]]]},"properties":{"OBJECTID":152535,"GEOID20":"360550018005","GEOID10":"360550018005","STATEFP":"36","COUNTYFP":"055","D1C":1.8498327270402202,"D1C5_RET":0.10796689068328133,"D2B_E5MIXA":0.64032186516948764,"D3A":8.4114942494420681,"D3AAO":0,"D3B":30.716724355247781,"D4A":406.36000000000001,"D4C":8,"D4D":36.8526986866,"D5AR":84539,"D5BR":86653}},{"type":"Feature","id":152536,"geometry":{"type":"Polygon","coordinates":[[[-77.622590774751586,43.114487567760307],[-77.623305776225564,43.112850567126145],[-77.616002773002961,43.110601567079343],[-77.616191773148856,43.114702568367967],[-77.622590774751586,43.114487567760307]]]},"properties":{"OBJECTID":152536,"GEOID20":"360550038052","GEOID10":"360550038052","STATEFP":"36","COUNTYFP":"055","D1C":25.562241013300294,"D1C5_RET":0,"D2B_E5MIXA":0.050062742092704567,"D3A":31.432284537010545,"D3AAO":1.9931116120516725,"D3B":164.15102125623241,"D4A":289.68000000000001,"D4C":12,"D4D":173.750750205,"D5AR":99194,"D5BR":93775}},{"type":"Feature","id":152537,"geometry":{"type":"Polygon","coordinates":[[[-77.6151287760119,43.14210057286401],[-77.613922775166557,43.141360572287375],[-77.613276775086177,43.141148572392034],[-77.611259773405706,43.143781573642052],[-77.604911771856607,43.143980573496997],[-77.60621677243617,43.148668573878425],[-77.606442772391972,43.149256573795789],[-77.606850772820962,43.149609574593377],[-77.60709977324133,43.150003574594699],[-77.607457773441595,43.151181574726259],[-77.60933277483187,43.151225574765299],[-77.610448774367214,43.148821574836035],[-77.61174077542627,43.146567573617162],[-77.6151287760119,43.14210057286401]]]},"properties":{"OBJECTID":152537,"GEOID20":"360550032002","GEOID10":"360550032002","STATEFP":"36","COUNTYFP":"055","D1C":9.8919196807826797,"D1C5_RET":0,"D2B_E5MIXA":0.40596479647049644,"D3A":31.361937247173213,"D3AAO":1.2846449005641591,"D3B":264.55206928589786,"D4A":134.11000000000001,"D4C":20.329999999999998,"D4D":171.585374656,"D5AR":106103,"D5BR":127588}},{"type":"Feature","id":152538,"geometry":{"type":"Polygon","coordinates":[[[-77.610283772714126,43.131021571391678],[-77.610885772413582,43.130152570918654],[-77.608471771971381,43.12980457076749],[-77.606888771557479,43.12925057081258],[-77.6064057707854,43.129146571844984],[-77.605395771555294,43.129203571307329],[-77.60279876991666,43.129935570619736],[-77.601114770118741,43.130146570932801],[-77.600728769431058,43.13084057172798],[-77.600600770282853,43.131867571804321],[-77.600106769640121,43.132484571756372],[-77.599059769701753,43.134496572038124],[-77.607032772395854,43.136911572509916],[-77.607559772650532,43.135938571946774],[-77.608268772480116,43.132671571538026],[-77.609710773327009,43.131819571280388],[-77.610283772714126,43.131021571391678]]]},"properties":{"OBJECTID":152538,"GEOID20":"360550035001","GEOID10":"360550035001","STATEFP":"36","COUNTYFP":"055","D1C":30.186662783725438,"D1C5_RET":0,"D2B_E5MIXA":0.011922441798066181,"D3A":22.874870113895632,"D3AAO":0,"D3B":109.93852095477986,"D4A":248.11000000000001,"D4C":9.3300000000000001,"D4D":51.265813699900001,"D5AR":102932,"D5BR":95218}},{"type":"Feature","id":152644,"geometry":{"type":"Polygon","coordinates":[[[-77.607407776806156,43.188970581771564],[-77.60723177618074,43.186571580992975],[-77.599579773877011,43.186822581613271],[-77.599838774343098,43.191034583058084],[-77.603003775345968,43.19092358243725],[-77.603519775729993,43.190795582585892],[-77.604263775719687,43.190751582227072],[-77.60416477508717,43.189084581734981],[-77.607407776806156,43.188970581771564]]]},"properties":{"OBJECTID":152644,"GEOID20":"360550047022","GEOID10":"360550047022","STATEFP":"36","COUNTYFP":"055","D1C":0.64546737555472233,"D1C5_RET":0.033971967134459068,"D2B_E5MIXA":0.65873203330558217,"D3A":28.650599768003342,"D3AAO":0,"D3B":195.72201481241632,"D4A":291.01999999999998,"D4C":9.3300000000000001,"D4D":101.42670507699999,"D5AR":92057,"D5BR":86499}},{"type":"Feature","id":152648,"geometry":{"type":"Polygon","coordinates":[[[-77.626671784256402,43.209145584230718],[-77.626687783251626,43.20599958456954],[-77.625631783092416,43.203383583827573],[-77.622405781990167,43.200638583441723],[-77.621127781174792,43.199071583371826],[-77.619712780990398,43.19657758262278],[-77.619680781203343,43.194068582107199],[-77.62038478101006,43.192643582111529],[-77.617986779563054,43.191628582471608],[-77.616812780301402,43.191443581815427],[-77.615287778715512,43.191450582420416],[-77.614876779710087,43.193304582096935],[-77.610558777565331,43.194853582367926],[-77.607820777258041,43.195327582592256],[-77.607729777021419,43.19598558294058],[-77.609041778171999,43.195626583449886],[-77.60926377792984,43.199093583175348],[-77.618189779952658,43.198869582304631],[-77.622377782401088,43.203020583093888],[-77.623149782878158,43.20406258383337],[-77.623427783610822,43.20587058375115],[-77.620927782954894,43.208670584822144],[-77.616567781875645,43.212005585610243],[-77.612826780214277,43.22167058758383],[-77.613127781411492,43.225170588856109],[-77.614427782866471,43.230870588810724],[-77.615925782891551,43.233370589063064],[-77.613909782832607,43.236170590608246],[-77.612897782156011,43.239115591289206],[-77.61295878225539,43.241288590617849],[-77.612190782874592,43.244389591278427],[-77.611759782879375,43.244470591394553],[-77.611527783075772,43.245170592313841],[-77.611839783245316,43.245650591286683],[-77.610016782631888,43.248721592449989],[-77.605987781090462,43.254137593025753],[-77.604303781292529,43.253739594139454],[-77.603800781327294,43.254417593757609],[-77.603419780662477,43.255585594420538],[-77.602040779564774,43.257092594600977],[-77.600151780625751,43.258600594415853],[-77.60109178043399,43.259084595332943],[-77.598019779317539,43.262528595204415],[-77.598496780241845,43.263324595199322],[-77.601953780424438,43.259528595012874],[-77.607807782229116,43.253435592984836],[-77.610466781995385,43.250044592556321],[-77.611422782595469,43.248633592821278],[-77.612632782740477,43.24513259173191],[-77.612825782186007,43.243491591532582],[-77.613156783520424,43.242381591036747],[-77.613293782889457,43.240876590542982],[-77.613204783200999,43.239205590840783],[-77.614019782437452,43.237942590975223],[-77.616059782785854,43.235333590824681],[-77.616640782568894,43.234347589824878],[-77.616704783939639,43.233137589200275],[-77.61579378264706,43.23154958977041],[-77.615648782882104,43.23065758855688],[-77.61544678231742,43.223827588338231],[-77.614825781453092,43.220940587833432],[-77.615269780968802,43.217811586472024],[-77.61965578288563,43.214535585478629],[-77.620671782861862,43.213891585494956],[-77.624985783910361,43.212185584773145],[-77.626671784256402,43.209145584230718]]]},"properties":{"OBJECTID":152648,"GEOID20":"360550047012","GEOID10":"360550047012","STATEFP":"36","COUNTYFP":"055","D1C":1.4600575901810082,"D1C5_RET":0,"D2B_E5MIXA":0.41558085280353274,"D3A":13.177758595961363,"D3AAO":0.42556601518645215,"D3B":47.451333362203883,"D4A":0,"D4C":12.67,"D4D":21.7230955954,"D5AR":83487,"D5BR":87028}},{"type":"Feature","id":152649,"geometry":{"type":"Polygon","coordinates":[[[-77.613280778877396,43.189181581352372],[-77.613376779136871,43.188642581803734],[-77.60850577769645,43.188726581076807],[-77.608516776668807,43.188928581662402],[-77.60416477508717,43.189084581734981],[-77.604263775719687,43.190751582227072],[-77.603519775729993,43.190795582585892],[-77.603003775345968,43.19092358243725],[-77.599838774343098,43.191034583058084],[-77.599898773719232,43.192079582422345],[-77.607316777467872,43.19158558279748],[-77.612819778744949,43.19149558170605],[-77.613280778877396,43.189181581352372]]]},"properties":{"OBJECTID":152649,"GEOID20":"360550047021","GEOID10":"360550047021","STATEFP":"36","COUNTYFP":"055","D1C":1.0395558962595706,"D1C5_RET":0.41892551043296128,"D2B_E5MIXA":0.64550397356497524,"D3A":36.154835454365141,"D3AAO":15.480937961947859,"D3B":76.163760948641496,"D4A":0,"D4C":12.33,"D4D":122.437962516,"D5AR":93710,"D5BR":87050}},{"type":"Feature","id":152650,"geometry":{"type":"Polygon","coordinates":[[[-77.613671778689664,43.18174957956856],[-77.613533777699089,43.179130579173432],[-77.610703777330272,43.179220579499933],[-77.61068077596741,43.178846579849818],[-77.607857776169638,43.17893058015639],[-77.60802577550082,43.181295580481674],[-77.610866776638588,43.181200579977272],[-77.610906776821551,43.181851580269637],[-77.613671778689664,43.18174957956856]]]},"properties":{"OBJECTID":152650,"GEOID20":"360550051001","GEOID10":"360550051001","STATEFP":"36","COUNTYFP":"055","D1C":0.73318255423479672,"D1C5_RET":0.063755004716069277,"D2B_E5MIXA":0.77093275227842151,"D3A":28.634364720264752,"D3AAO":0,"D3B":204.09762149745825,"D4A":256.14999999999998,"D4C":5.3300000000000001,"D4D":108.740536044,"D5AR":102858,"D5BR":86893}},{"type":"Feature","id":152651,"geometry":{"type":"Polygon","coordinates":[[[-77.616341779224882,43.186243581233668],[-77.616295778295807,43.184454580598903],[-77.613739778461735,43.184492581020073],[-77.613701778826893,43.183180581091968],[-77.61099577740832,43.183266579806961],[-77.611222777189042,43.186491580734916],[-77.60723177618074,43.186571580992975],[-77.607407776806156,43.188970581771564],[-77.608516776668807,43.188928581662402],[-77.60850577769645,43.188726581076807],[-77.613376779136871,43.188642581803734],[-77.612819778744949,43.19149558170605],[-77.613617778262991,43.191480581729529],[-77.613773777898587,43.191343581598943],[-77.615339778594048,43.191251581936221],[-77.616341779224882,43.186243581233668]]]},"properties":{"OBJECTID":152651,"GEOID20":"360550047023","GEOID10":"360550047023","STATEFP":"36","COUNTYFP":"055","D1C":6.7497743205655834,"D1C5_RET":1.1680141919115152,"D2B_E5MIXA":0.76549221193808703,"D3A":18.400789164059162,"D3AAO":1.5019741887037317,"D3B":83.89576398763819,"D4A":257.5,"D4C":7.3300000000000001,"D4D":52.686424779799999,"D5AR":92116,"D5BR":87257}},{"type":"Feature","id":152652,"geometry":{"type":"Polygon","coordinates":[[[-77.61068077596741,43.178846579849818],[-77.610642776332583,43.178262580263635],[-77.59902977225947,43.178583580209285],[-77.599350773548153,43.183355581023058],[-77.603248775568346,43.183199581374481],[-77.603088774836479,43.180746580738287],[-77.603538775098258,43.18073058047846],[-77.603477774998893,43.179197580105999],[-77.607865775667236,43.179071579826314],[-77.607857776169638,43.17893058015639],[-77.61068077596741,43.178846579849818]]]},"properties":{"OBJECTID":152652,"GEOID20":"360550049001","GEOID10":"360550049001","STATEFP":"36","COUNTYFP":"055","D1C":0.1280939246140354,"D1C5_RET":0.073196528350877366,"D2B_E5MIXA":0.42431466254429612,"D3A":22.529539440608744,"D3AAO":0,"D3B":124.97282464515399,"D4A":400.99000000000001,"D4C":8,"D4D":93.691556289100006,"D5AR":95715,"D5BR":86644}},{"type":"Feature","id":152653,"geometry":{"type":"Polygon","coordinates":[[[-77.617890779303593,43.177816579999153],[-77.617684778540948,43.174798578752103],[-77.613266776837079,43.174932579568853],[-77.613533777699089,43.179130579173432],[-77.616356778395186,43.179052578914131],[-77.616288778623129,43.177862578508531],[-77.617890779303593,43.177816579999153]]]},"properties":{"OBJECTID":152653,"GEOID20":"360550050003","GEOID10":"360550050003","STATEFP":"36","COUNTYFP":"055","D1C":0.26791908407488674,"D1C5_RET":0.026791908407488671,"D2B_E5MIXA":0.49819787787319719,"D3A":24.784511965707491,"D3AAO":0,"D3B":80.058509026921357,"D4A":439.88999999999999,"D4C":3.3300000000000001,"D4D":57.098915198,"D5AR":95086,"D5BR":86966}},{"type":"Feature","id":152654,"geometry":{"type":"Polygon","coordinates":[[[-77.586799769316613,43.173174579808418],[-77.586373767547627,43.17309957965346],[-77.582053767549667,43.173189579697343],[-77.582053766651356,43.173414580864751],[-77.57736876498376,43.173574580171469],[-77.576178764930276,43.175813581792127],[-77.585342768401091,43.175585580563414],[-77.586799769316613,43.173174579808418]]]},"properties":{"OBJECTID":152654,"GEOID20":"360550053001","GEOID10":"360550053001","STATEFP":"36","COUNTYFP":"055","D1C":0.3706012038292435,"D1C5_RET":0.061766867304873921,"D2B_E5MIXA":0.27994941922604499,"D3A":17.737538547729827,"D3AAO":0,"D3B":96.679147822050126,"D4A":254.81,"D4C":6.3300000000000001,"D4D":83.4099776085,"D5AR":100574,"D5BR":91176}},{"type":"Feature","id":152665,"geometry":{"type":"Polygon","coordinates":[[[-77.594268771322234,43.17103857858207],[-77.594531770189661,43.170644579241475],[-77.586364768225096,43.170858579883728],[-77.586322769290632,43.172324579428171],[-77.58583076829774,43.173109578936952],[-77.586373767547627,43.17309957965346],[-77.586799769316613,43.173174579808418],[-77.585342768401091,43.175585580563414],[-77.591228770891135,43.175460580384737],[-77.594268771322234,43.17103857858207]]]},"properties":{"OBJECTID":152665,"GEOID20":"360550053002","GEOID10":"360550053002","STATEFP":"36","COUNTYFP":"055","D1C":5.5616073952733061,"D1C5_RET":0.15527330291372174,"D2B_E5MIXA":0.18829327002366494,"D3A":18.796914743676634,"D3AAO":0,"D3B":72.299766878168157,"D4A":419.76999999999998,"D4C":8,"D4D":72.272664628900003,"D5AR":92611,"D5BR":86779}},{"type":"Feature","id":152666,"geometry":{"type":"Polygon","coordinates":[[[-77.571845763615201,43.171240580041967],[-77.564307761114279,43.171427580515761],[-77.564443760658406,43.174047581492999],[-77.564368762111968,43.174327581360686],[-77.570387763773113,43.174158580700379],[-77.570463763042753,43.173803581422483],[-77.571845763615201,43.171240580041967]]]},"properties":{"OBJECTID":152666,"GEOID20":"360550054002","GEOID10":"360550054002","STATEFP":"36","COUNTYFP":"055","D1C":0.09260424829489998,"D1C5_RET":0,"D2B_E5MIXA":0,"D3A":21.932315590182011,"D3AAO":0,"D3B":24.699405105215721,"D4A":272.25,"D4C":8.6699999999999999,"D4D":128.46061323500001,"D5AR":96588,"D5BR":86849}},{"type":"Feature","id":152667,"geometry":{"type":"Polygon","coordinates":[[[-77.571532762722441,43.175962580899665],[-77.572608764769754,43.173971580071978],[-77.571448764853486,43.173990581255033],[-77.571372764685492,43.174135581365135],[-77.564368762111968,43.174327581360686],[-77.56333476169408,43.176214581583345],[-77.571532762722441,43.175962580899665]]]},"properties":{"OBJECTID":152667,"GEOID20":"360550054005","GEOID10":"360550054005","STATEFP":"36","COUNTYFP":"055","D1C":0,"D1C5_RET":0,"D2B_E5MIXA":0,"D3A":26.734061522584735,"D3AAO":0,"D3B":112.82401569882714,"D4A":315.16000000000003,"D4C":7.6699999999999999,"D4D":144.22670006800001,"D5AR":89728,"D5BR":87045}},{"type":"Feature","id":152690,"geometry":{"type":"Polygon","coordinates":[[[-77.628179783428919,43.175696578940631],[-77.628203781921727,43.175017577754097],[-77.627493781368912,43.17407357804391],[-77.626147780781508,43.173252577749331],[-77.62544078060175,43.173348577900363],[-77.624367780724114,43.174215578161061],[-77.624718781251715,43.174551577972082],[-77.623029780532605,43.175488578995299],[-77.622578780445906,43.175564578528316],[-77.621578779464869,43.175582578214261],[-77.62159878045469,43.176157579437422],[-77.620644779504417,43.176187578401311],[-77.620743779238609,43.177755579415937],[-77.621667780949963,43.177736579404424],[-77.621735779823723,43.179384578487408],[-77.625118782183108,43.179279580013223],[-77.625184781407043,43.181142579610423],[-77.628203781921727,43.181025579764359],[-77.627959782422565,43.179465579170866],[-77.627493782267237,43.178359578735396],[-77.627372780995103,43.17643457911511],[-77.627880781881544,43.176375579128248],[-77.628179783428919,43.175696578940631]]]},"properties":{"OBJECTID":152690,"GEOID20":"360550039001","GEOID10":"360550039001","STATEFP":"36","COUNTYFP":"055","D1C":0.26761612443027943,"D1C5_RET":0.040142418664541914,"D2B_E5MIXA":0.45393988530206003,"D3A":20.453460573712601,"D3AAO":0,"D3B":82.811133543705637,"D4A":375.50999999999999,"D4C":8.6699999999999999,"D4D":74.247417561899994,"D5AR":92421,"D5BR":86795}},{"type":"Feature","id":152691,"geometry":{"type":"Polygon","coordinates":[[[-77.6396657854838,43.165105576363381],[-77.639665784585475,43.164644575653064],[-77.636712783294726,43.164636576690235],[-77.636712783294726,43.15943357461574],[-77.634522782260177,43.159422575758718],[-77.63451578348581,43.164648576444542],[-77.635385783872167,43.164644575653064],[-77.638751785614815,43.169007577933876],[-77.639632784973514,43.169007576623507],[-77.6396657854838,43.165105576363381]]]},"properties":{"OBJECTID":152691,"GEOID20":"360550041002","GEOID10":"360550041002","STATEFP":"36","COUNTYFP":"055","D1C":1.3626607900728591,"D1C5_RET":0.29623060653757805,"D2B_E5MIXA":0.97445538414843758,"D3A":21.786421797115114,"D3AAO":0,"D3B":164.37243895557128,"D4A":88.510000000000005,"D4C":13,"D4D":164.30924309299999,"D5AR":114681,"D5BR":159433}},{"type":"Feature","id":152692,"geometry":{"type":"Polygon","coordinates":[[[-77.620034780307364,43.18894758146584],[-77.619602781385538,43.188704582120451],[-77.619355780615024,43.188688580671453],[-77.619118780788554,43.186334581069943],[-77.616341780123207,43.186399580963517],[-77.615287778715512,43.191450582420416],[-77.616812780301402,43.191443581815427],[-77.617986779563054,43.191628582471608],[-77.618284779488889,43.190848581815011],[-77.618542781028395,43.1904585823331],[-77.618973781023598,43.189931581643798],[-77.620034780307364,43.18894758146584]]]},"properties":{"OBJECTID":152692,"GEOID20":"360550046021","GEOID10":"360550046021","STATEFP":"36","COUNTYFP":"055","D1C":0.053934450910708684,"D1C5_RET":0.053934450910708684,"D2B_E5MIXA":0,"D3A":24.035436091372315,"D3AAO":7.3055860059909978,"D3B":97.841408708098413,"D4A":227.99000000000001,"D4C":5.3300000000000001,"D4D":91.990599473299994,"D5AR":95416,"D5BR":87209}},{"type":"Feature","id":152693,"geometry":{"type":"Polygon","coordinates":[[[-77.628203781921727,43.181025579764359],[-77.625184781407043,43.181142579610423],[-77.624757780711462,43.184255580230577],[-77.620949780001254,43.183874580473827],[-77.619828779544719,43.183591580506253],[-77.618271779968424,43.185274580091544],[-77.618312779976307,43.186355580710611],[-77.619118780788554,43.186334581069943],[-77.619355780615024,43.188688580671453],[-77.619602781385538,43.188704582120451],[-77.620034780307364,43.18894758146584],[-77.618973781023598,43.189931581643798],[-77.618542781028395,43.1904585823331],[-77.618284779488889,43.190848581815011],[-77.617986779563054,43.191628582471608],[-77.62038478101006,43.192643582111529],[-77.627227783925079,43.185520581197508],[-77.62767978204009,43.184327579829805],[-77.628203781921727,43.181025579764359]]]},"properties":{"OBJECTID":152693,"GEOID20":"360550046022","GEOID10":"360550046022","STATEFP":"36","COUNTYFP":"055","D1C":2.5281253950195928,"D1C5_RET":0.035112852708605459,"D2B_E5MIXA":0.38207260102904167,"D3A":14.846464853386435,"D3AAO":1.5610724859483123,"D3B":62.198596669772577,"D4A":0,"D4C":13.33,"D4D":75.339145262000002,"D5AR":92503,"D5BR":87078}},{"type":"Feature","id":153220,"geometry":{"type":"Polygon","coordinates":[[[-77.432136713662018,43.10832857426373],[-77.432121713593418,43.103341573734845],[-77.423391710490861,43.103340574173551],[-77.422417710347418,43.103288574005916],[-77.417813708870696,43.100732574542491],[-77.417273708197214,43.100489574544717],[-77.416801709092425,43.100385573257668],[-77.407279705421317,43.100567574082262],[-77.407425705909489,43.108505576388666],[-77.402494704194623,43.108546575918588],[-77.402545705146565,43.115695576577629],[-77.423019710945169,43.115529577084381],[-77.422548710766975,43.108388575163666],[-77.432136713662018,43.10832857426373]]]},"properties":{"OBJECTID":153220,"GEOID20":"360550117034","GEOID10":"360550117034","STATEFP":"36","COUNTYFP":"055","D1C":0.11116557086424109,"D1C5_RET":0,"D2B_E5MIXA":0.1507413574509783,"D3A":9.1068245174962339,"D3AAO":0,"D3B":32.154231655206075,"D4A":-99999,"D4C":-99999,"D4D":-99999,"D5AR":41253,"D5BR":-99999}},{"type":"Feature","id":153221,"geometry":{"type":"Polygon","coordinates":[[[-77.629503778885137,43.124138569495258],[-77.630186778775439,43.123234568778742],[-77.629486778268387,43.122963569216594],[-77.626604777122736,43.124021569307942],[-77.625464777297935,43.124280569618143],[-77.624282776742035,43.124430569703904],[-77.602921769940323,43.125282570609293],[-77.600678769202347,43.129724571545502],[-77.596989768317826,43.130126571412845],[-77.596773768407772,43.130609572480289],[-77.602602770098088,43.129973571525255],[-77.605243771219307,43.129240570906916],[-77.605956771246838,43.129133571224074],[-77.606715771305133,43.129201571062545],[-77.608743771957947,43.129863571151034],[-77.610885772413582,43.130152570918654],[-77.609710773327009,43.131819571280388],[-77.608353771970599,43.13257457197507],[-77.608154772677295,43.133070571852862],[-77.609242773521856,43.133309571425734],[-77.610503772822156,43.133917571828633],[-77.611868773676164,43.134192572192752],[-77.612686773285674,43.134576571573781],[-77.613641774060852,43.134574572160268],[-77.614432775702824,43.137179572249615],[-77.61452877506396,43.138410571903179],[-77.614464775489878,43.138694572415844],[-77.613276775086177,43.141148572392034],[-77.613922775166557,43.141360572287375],[-77.6151287760119,43.14210057286401],[-77.617926775695352,43.138971572854594],[-77.618526775744968,43.13797157188511],[-77.621630777546784,43.133432571867736],[-77.622229777771494,43.13317157085924],[-77.623426777497684,43.132971570179059],[-77.623689778161747,43.132339571125478],[-77.624902777781472,43.130147570056373],[-77.629503778885137,43.124138569495258]]]},"properties":{"OBJECTID":153221,"GEOID20":"360550038051","GEOID10":"360550038051","STATEFP":"36","COUNTYFP":"055","D1C":3.3063590545317969,"D1C5_RET":0,"D2B_E5MIXA":0.42984752549095662,"D3A":25.088564956418956,"D3AAO":0,"D3B":139.36989811223506,"D4A":214.58000000000001,"D4C":31,"D4D":41.930810395000002,"D5AR":97326,"D5BR":99493}},{"type":"Feature","id":153320,"geometry":{"type":"Polygon","coordinates":[[[-77.54087775365187,43.181512583196202],[-77.540628754129841,43.176950582710745],[-77.537329753232655,43.177097582986555],[-77.536598752763467,43.17704958260115],[-77.536566752976398,43.177312582953199],[-77.532362751532787,43.178630583022837],[-77.531949751080916,43.178920583136133],[-77.531747752312853,43.179228582448538],[-77.531652750979973,43.179645583289123],[-77.531762752381468,43.181125583129081],[-77.535775753131077,43.180899583912016],[-77.535837753055361,43.181812583855603],[-77.535257753995538,43.181849583712506],[-77.535329753067245,43.182756584452783],[-77.540590754495,43.182422583750665],[-77.54087775365187,43.181512583196202]]]},"properties":{"OBJECTID":153320,"GEOID20":"360550110002","GEOID10":"360550110002","STATEFP":"36","COUNTYFP":"055","D1C":0.2858375045457453,"D1C5_RET":0,"D2B_E5MIXA":0,"D3A":20.802053133388441,"D3AAO":0,"D3B":73.196353484059912,"D4A":728.23000000000002,"D4C":2.6699999999999999,"D4D":19.537565110700001,"D5AR":76723,"D5BR":9829}},{"type":"Feature","id":153351,"geometry":{"type":"Polygon","coordinates":[[[-77.696832807670575,43.220632583641788],[-77.696796807685558,43.218334583461889],[-77.6965198067778,43.217363582579424],[-77.696068807589413,43.216302582093164],[-77.695914807603629,43.21558958286748],[-77.695948807040509,43.209882582258437],[-77.692403804299403,43.209269581770634],[-77.692198806056624,43.210276582421123],[-77.692154805675685,43.212636582714239],[-77.691073806300437,43.213593582867475],[-77.691062804633162,43.214234582276475],[-77.690519805383261,43.214318582329938],[-77.6899668051893,43.214312582750829],[-77.689900805067069,43.215085583459576],[-77.689696804852559,43.215339583073913],[-77.68937980645677,43.215531583100947],[-77.689323804583665,43.217434583392432],[-77.681733803102517,43.21747358323217],[-77.681730803627801,43.219330584498145],[-77.685444803728359,43.219357583651046],[-77.685401803172326,43.223666585038963],[-77.696803808256561,43.223701583970879],[-77.696832807670575,43.220632583641788]]]},"properties":{"OBJECTID":153351,"GEOID20":"360550140035","GEOID10":"360550140035","STATEFP":"36","COUNTYFP":"055","D1C":1.5375420559489683,"D1C5_RET":0.084144092614122645,"D2B_E5MIXA":0.59300234417934516,"D3A":14.07544341218397,"D3AAO":0,"D3B":48.161018827137838,"D4A":869.04999999999995,"D4C":6.3300000000000001,"D4D":15.494752181699999,"D5AR":66741,"D5BR":263}},{"type":"Feature","id":153352,"geometry":{"type":"Polygon","coordinates":[[[-77.679093800907879,43.207317582059595],[-77.679214802180027,43.207184582095472],[-77.677814800267612,43.206908581658169],[-77.670242798329824,43.205699582306799],[-77.67021479874073,43.212242584048141],[-77.665044795752948,43.212243583793736],[-77.66504879684922,43.212846583878033],[-77.665147797481751,43.213104583232912],[-77.664461796320083,43.213428584409101],[-77.664077797078832,43.214094584330851],[-77.663562795621388,43.214435583824866],[-77.663238796654625,43.214810583779773],[-77.662457795956712,43.214606584346981],[-77.661935796623212,43.21429558372192],[-77.660868795695023,43.215076583549191],[-77.65928579528115,43.215675584361215],[-77.658933795826954,43.216744584621196],[-77.659053795477533,43.223758585573613],[-77.677785801751924,43.22366758525181],[-77.677776801531081,43.216536583792148],[-77.677382800447475,43.209268582631047],[-77.677685801294501,43.208467581681859],[-77.67860980210753,43.207787582435458],[-77.679093800907879,43.207317582059595]]]},"properties":{"OBJECTID":153352,"GEOID20":"360550140041","GEOID10":"360550140041","STATEFP":"36","COUNTYFP":"055","D1C":1.425605370695834,"D1C5_RET":0.021932390318397447,"D2B_E5MIXA":0.50891396908378728,"D3A":22.435164346481574,"D3AAO":4.1274848700747802,"D3B":84.256640374639275,"D4A":-99999,"D4C":3,"D4D":3.50918245094,"D5AR":77873,"D5BR":-99999}},{"type":"Feature","id":153353,"geometry":{"type":"Polygon","coordinates":[[[-77.670240798680013,43.205857581770438],[-77.670242798329824,43.205699582306799],[-77.666277796362479,43.205102582110101],[-77.66355579594871,43.20460658209111],[-77.660838794659497,43.20444458185812],[-77.660574795967179,43.204179582740281],[-77.660525795563359,43.204302582642015],[-77.66034379419186,43.204399582953904],[-77.660428794580667,43.20476158281673],[-77.660305794557019,43.205013582484106],[-77.659824794333076,43.205053582273223],[-77.659085795264588,43.204801582771083],[-77.659084794541386,43.206662582948816],[-77.65947479452872,43.206567583293484],[-77.659459796256726,43.214483584927201],[-77.65928579528115,43.215675584361215],[-77.660868795695023,43.215076583549191],[-77.661935796623212,43.21429558372192],[-77.662457795956712,43.214606584346981],[-77.663238796654625,43.214810583779773],[-77.663562795621388,43.214435583824866],[-77.664077797078832,43.214094584330851],[-77.664461796320083,43.213428584409101],[-77.665147797481751,43.213104583232912],[-77.66504879684922,43.212846583878033],[-77.665044795752948,43.212243583793736],[-77.67021479874073,43.212242584048141],[-77.670240798680013,43.205857581770438]]]},"properties":{"OBJECTID":153353,"GEOID20":"360550140042","GEOID10":"360550140042","STATEFP":"36","COUNTYFP":"055","D1C":2.9556837262185343,"D1C5_RET":0.74987692559745345,"D2B_E5MIXA":0.78230754122292745,"D3A":21.958981794724437,"D3AAO":1.3148764978958374,"D3B":98.72976989029786,"D4A":819.41999999999996,"D4C":1,"D4D":3.11637163885,"D5AR":79682,"D5BR":90054}},{"type":"Feature","id":153354,"geometry":{"type":"Polygon","coordinates":[[[-77.680259800671948,43.197932580593914],[-77.680268801791101,43.197151579310834],[-77.680009800426703,43.194457580095509],[-77.68009480081551,43.192610579242512],[-77.669424797822003,43.195038580546147],[-77.666648796083251,43.195981580272644],[-77.664900796711223,43.195569581090872],[-77.660463793842439,43.195320580467275],[-77.660473795684823,43.203435582711371],[-77.66034379419186,43.204399582953904],[-77.660525795563359,43.204302582642015],[-77.660574795967179,43.204179582740281],[-77.660838794659497,43.20444458185812],[-77.66355579594871,43.20460658209111],[-77.666277796362479,43.205102582110101],[-77.675020800782136,43.206442581729554],[-77.679214802180027,43.207184582095472],[-77.679949801050554,43.205301581297007],[-77.680122801302915,43.20463558226529],[-77.680259800671948,43.197932580593914]]]},"properties":{"OBJECTID":153354,"GEOID20":"360550141021","GEOID10":"360550141021","STATEFP":"36","COUNTYFP":"055","D1C":3.8700778001728153,"D1C5_RET":0.75539517477402685,"D2B_E5MIXA":0.90054984142761096,"D3A":11.459246545919694,"D3AAO":2.6213285185702504,"D3B":33.323478864271728,"D4A":575.34000000000003,"D4C":2,"D4D":2.62969372351,"D5AR":79129,"D5BR":90945}},{"type":"Feature","id":153355,"geometry":{"type":"Polygon","coordinates":[[[-77.70143580662743,43.195467579080386],[-77.701442807198447,43.194338578839442],[-77.690572804188406,43.194247578492742],[-77.68613080219508,43.195630579592191],[-77.680155799118253,43.195953579926815],[-77.680268801791101,43.197151579310834],[-77.680191801798202,43.203890582021906],[-77.679949801050554,43.205301581297007],[-77.679214802180027,43.207184582095472],[-77.684175803133812,43.207914581531057],[-77.695948807040509,43.209882582258437],[-77.696026805959988,43.20591658076485],[-77.697414805481898,43.203017580784298],[-77.701200807349096,43.198036579750628],[-77.701371807951645,43.197426579371736],[-77.70143580662743,43.195467579080386]]]},"properties":{"OBJECTID":153355,"GEOID20":"360550141022","GEOID10":"360550141022","STATEFP":"36","COUNTYFP":"055","D1C":4.2980280908247446,"D1C5_RET":2.5477637779765727,"D2B_E5MIXA":0.68150417109914385,"D3A":16.553364447864201,"D3AAO":0.40969682725194734,"D3B":62.887561328738805,"D4A":-99999,"D4C":6.3300000000000001,"D4D":7.1478536093300002,"D5AR":69003,"D5BR":-99999}},{"type":"Feature","id":153356,"geometry":{"type":"Polygon","coordinates":[[[-77.717596813897401,43.208799581028622],[-77.717483813021175,43.208714580117608],[-77.716237811992883,43.208692581164343],[-77.716324813828152,43.205409580419449],[-77.712298810863103,43.205375580667813],[-77.712330811548483,43.204539580890916],[-77.71356281143477,43.204549579608781],[-77.713577811503384,43.202388579584948],[-77.713382812408028,43.20228457933343],[-77.712361811510604,43.202272580426332],[-77.712370811731446,43.200836578922242],[-77.712513810948266,43.200581579216305],[-77.714047811856673,43.199430579620937],[-77.714112811255688,43.197816578202158],[-77.701275807692184,43.197824579367776],[-77.70116780773715,43.198097579715089],[-77.699983807531424,43.199710579643536],[-77.697414805481898,43.203017580784298],[-77.696026805959988,43.20591658076485],[-77.695948807040509,43.209882582258437],[-77.69891580767667,43.210208581777124],[-77.701535808881488,43.209950581956413],[-77.702534809139294,43.209950581956413],[-77.712192811456219,43.211178581595689],[-77.717135813764955,43.211962581308605],[-77.717557813539344,43.210254580757564],[-77.717596813897401,43.208799581028622]]]},"properties":{"OBJECTID":153356,"GEOID20":"360550141031","GEOID10":"360550141031","STATEFP":"36","COUNTYFP":"055","D1C":2.1864822520291058,"D1C5_RET":1.1632002047566494,"D2B_E5MIXA":0.69023088268835087,"D3A":12.56164796780587,"D3AAO":0.15153073094824571,"D3B":45.709562997641569,"D4A":1080.9400000000001,"D4C":5,"D4D":6.5273266404400001,"D5AR":67050,"D5BR":69990}},{"type":"Feature","id":153357,"geometry":{"type":"Polygon","coordinates":[[[-77.732028817570367,43.20002857829801],[-77.732040817265926,43.198040578354565],[-77.724078814442493,43.197998577938371],[-77.721785813475805,43.197794578593033],[-77.714112811255688,43.197816578202158],[-77.714047811856673,43.199430579620937],[-77.712513810948266,43.200581579216305],[-77.712370811731446,43.200836578922242],[-77.712361811510604,43.202272580426332],[-77.713382812408028,43.20228457933343],[-77.713577811503384,43.202388579584948],[-77.71356281143477,43.204549579608781],[-77.712330811548483,43.204539580890916],[-77.712298810863103,43.205375580667813],[-77.716324813828152,43.205409580419449],[-77.716237811992883,43.208692581164343],[-77.717483813021175,43.208714580117608],[-77.717596813897401,43.208799581028622],[-77.717557813539344,43.210254580757564],[-77.717135813764955,43.211962581308605],[-77.722031815319738,43.212581580668761],[-77.729281817042221,43.213892581285329],[-77.73179981903813,43.214492580996961],[-77.732028817570367,43.20002857829801]]]},"properties":{"OBJECTID":153357,"GEOID20":"360550141032","GEOID10":"360550141032","STATEFP":"36","COUNTYFP":"055","D1C":0.52197281341384649,"D1C5_RET":0.12611423679797634,"D2B_E5MIXA":0.85439662279950956,"D3A":9.4564079149056166,"D3AAO":0,"D3B":24.673549816484126,"D4A":-99999,"D4C":1.3300000000000001,"D4D":1.49095053412,"D5AR":65050,"D5BR":-99999}},{"type":"Feature","id":153358,"geometry":{"type":"Polygon","coordinates":[[[-77.711760808941122,43.179361575879923],[-77.711733809176948,43.177524575323538],[-77.701590804641498,43.175589575397453],[-77.701550806255156,43.179370575818965],[-77.711760808941122,43.179361575879923]]]},"properties":{"OBJECTID":153358,"GEOID20":"360550142031","GEOID10":"360550142031","STATEFP":"36","COUNTYFP":"055","D1C":0.20313398137854854,"D1C5_RET":0,"D2B_E5MIXA":0,"D3A":26.987627143938276,"D3AAO":0,"D3B":130.04574985091176,"D4A":411.72000000000003,"D4C":2.6699999999999999,"D4D":26.7011805677,"D5AR":80237,"D5BR":158458}},{"type":"Feature","id":153364,"geometry":{"type":"Polygon","coordinates":[[[-77.549747760089758,43.212392588915222],[-77.549771760379201,43.211964588665566],[-77.549293759630004,43.21014058760467],[-77.548787759291699,43.210174588628767],[-77.54775375887381,43.209747587659429],[-77.54764475909387,43.209585588639271],[-77.547700758272043,43.209443588295528],[-77.548387759258631,43.208815587680384],[-77.548930759406844,43.208699587647523],[-77.548681758986518,43.207080587400846],[-77.548602758445469,43.204677586625031],[-77.543396758167631,43.20489358688814],[-77.542443756143953,43.204157586735036],[-77.541206756234786,43.203387587974369],[-77.540749756300286,43.203197587482578],[-77.539413755758616,43.202849587411535],[-77.537712755343918,43.202689586900888],[-77.537018754684667,43.202415586238722],[-77.535836754128766,43.201647587593818],[-77.534510753632816,43.200113587383512],[-77.531161753405257,43.200102587339181],[-77.529597752359621,43.200857587324862],[-77.525223751934988,43.203571587238699],[-77.532022754469097,43.208588588385972],[-77.533522755940638,43.211847589631795],[-77.533822755516297,43.212761589916447],[-77.535180755799274,43.220015590611226],[-77.539902757276778,43.220317590421338],[-77.540447757074801,43.219689590489864],[-77.541250757514021,43.219154589896966],[-77.541764758248249,43.218955590081549],[-77.542404758480828,43.218845590138386],[-77.54524775837011,43.218741589795435],[-77.545426759368581,43.21798558957471],[-77.545764759477379,43.217338589068987],[-77.549580759685185,43.2129785887849],[-77.549735759495874,43.212681588636279],[-77.549747760089758,43.212392588915222]]]},"properties":{"OBJECTID":153364,"GEOID20":"360550108001","GEOID10":"360550108001","STATEFP":"36","COUNTYFP":"055","D1C":0.76294853898340975,"D1C5_RET":0,"D2B_E5MIXA":0.1792126776742656,"D3A":14.796305589212471,"D3AAO":5.1496476026305391,"D3B":28.660497564268937,"D4A":-99999,"D4C":-99999,"D4D":-99999,"D5AR":65404,"D5BR":-99999}},{"type":"Feature","id":153365,"geometry":{"type":"Polygon","coordinates":[[[-77.562097763581548,43.207168587456231],[-77.561870763800812,43.203476586043685],[-77.560473763159763,43.203960586853043],[-77.558996762152773,43.204194586798138],[-77.548602758445469,43.204677586625031],[-77.548681758986518,43.207080587400846],[-77.548930759406844,43.208699587647523],[-77.548387759258631,43.208815587680384],[-77.547700758272043,43.209443588295528],[-77.547653759314713,43.209637588129162],[-77.5478147598715,43.209777588449221],[-77.548787759291699,43.210174588628767],[-77.549293759630004,43.21014058760467],[-77.549771760379201,43.211964588665566],[-77.550099758645644,43.21190758913076],[-77.549828760280604,43.210845588227755],[-77.560580763289892,43.210419587803116],[-77.562097763581548,43.207168587456231]]]},"properties":{"OBJECTID":153365,"GEOID20":"360550108002","GEOID10":"360550108002","STATEFP":"36","COUNTYFP":"055","D1C":2.7878657024611622,"D1C5_RET":1.712625252605366,"D2B_E5MIXA":0.56188210061404631,"D3A":18.285955916428929,"D3AAO":3.5570960566761407,"D3B":26.022149080881221,"D4A":496.20999999999998,"D4C":2,"D4D":7.0943699784299996,"D5AR":72031,"D5BR":39017}},{"type":"Feature","id":153366,"geometry":{"type":"Polygon","coordinates":[[[-77.560580763289892,43.210419587803116],[-77.549828760280604,43.210845588227755],[-77.550099758645644,43.21190758913076],[-77.549771760379201,43.211964588665566],[-77.549683760515649,43.212824588379206],[-77.546522758812429,43.216429589645394],[-77.549203760116626,43.216324588776288],[-77.549082760641127,43.214555589455962],[-77.558752763551936,43.2141775881367],[-77.560580763289892,43.210419587803116]]]},"properties":{"OBJECTID":153366,"GEOID20":"360550108003","GEOID10":"360550108003","STATEFP":"36","COUNTYFP":"055","D1C":0.065651501367170087,"D1C5_RET":0,"D2B_E5MIXA":0.39548848910372325,"D3A":19.813279519271269,"D3AAO":3.3052166408669392,"D3B":42.03096652861386,"D4A":540.47000000000003,"D4C":2,"D4D":14.005653625000001,"D5AR":69174,"D5BR":38428}},{"type":"Feature","id":153367,"geometry":{"type":"Polygon","coordinates":[[[-77.57681876606118,43.196461584858774],[-77.57672476724818,43.195345584310481],[-77.569498764916787,43.195554584080369],[-77.569380764916019,43.19383458327443],[-77.570887766060252,43.193782584066902],[-77.570811764095623,43.192484584377965],[-77.567492764005266,43.192592584576552],[-77.567397762672414,43.190903583808492],[-77.565920763462046,43.190957583693226],[-77.565777764245226,43.188552582922178],[-77.564630762052786,43.188463584043255],[-77.56347776180921,43.188467583929395],[-77.56182476107513,43.188671583671095],[-77.561030761755063,43.188664584057257],[-77.561409763668379,43.196038584866379],[-77.568081763285946,43.196372584414995],[-77.57681876606118,43.196461584858774]]]},"properties":{"OBJECTID":153367,"GEOID20":"360550109011","GEOID10":"360550109011","STATEFP":"36","COUNTYFP":"055","D1C":1.4204607824594164,"D1C5_RET":0.029592932967904509,"D2B_E5MIXA":0.53161107168977406,"D3A":24.729807843681304,"D3AAO":9.6226878435365233,"D3B":60.000263451085743,"D4A":796.63,"D4C":7,"D4D":33.1440849241,"D5AR":85384,"D5BR":86633}},{"type":"Feature","id":153368,"geometry":{"type":"Polygon","coordinates":[[[-77.558802762882323,43.218652589121845],[-77.558755763924978,43.218561589689017],[-77.555922763183119,43.217579589636749],[-77.54821175953154,43.225212590201465],[-77.547466760615265,43.226287591191948],[-77.547151760971005,43.226956591218325],[-77.554964762933224,43.22680159126103],[-77.555123762043564,43.226110590972311],[-77.555123762043564,43.225275590201569],[-77.554852762780229,43.224427590444542],[-77.554655762238426,43.224109590030963],[-77.553797762445939,43.224179589984452],[-77.553767762308695,43.223483590314885],[-77.553915762446692,43.22318159047672],[-77.555524762799863,43.223271590650022],[-77.556236763002474,43.223605591004365],[-77.556250763246197,43.222496590477185],[-77.558304763838279,43.220206589392575],[-77.558802762882323,43.218652589121845]]]},"properties":{"OBJECTID":153368,"GEOID20":"360550107005","GEOID10":"360550107005","STATEFP":"36","COUNTYFP":"055","D1C":0.11846316550755395,"D1C5_RET":0,"D2B_E5MIXA":0.17822121676154154,"D3A":19.011028668783272,"D3AAO":0,"D3B":111.41150332049347,"D4A":327.23000000000002,"D4C":2,"D4D":11.9316201682,"D5AR":63090,"D5BR":38469}},{"type":"Feature","id":153369,"geometry":{"type":"Polygon","coordinates":[[[-77.572729766041917,43.190966583887686],[-77.572589765401489,43.188278582308108],[-77.565777764245226,43.188552582922178],[-77.565920763462046,43.190957583693226],[-77.567397762672414,43.190903583808492],[-77.567446763974516,43.191797584552795],[-77.571814765449702,43.191676583838863],[-77.571784765312458,43.190986584460553],[-77.572729766041917,43.190966583887686]]]},"properties":{"OBJECTID":153369,"GEOID20":"360550109012","GEOID10":"360550109012","STATEFP":"36","COUNTYFP":"055","D1C":0.17189952455599752,"D1C5_RET":0,"D2B_E5MIXA":0.64601483711008956,"D3A":23.99500574928566,"D3AAO":0,"D3B":87.132431006944017,"D4A":309.80000000000001,"D4C":5,"D4D":68.759809822400001,"D5AR":92253,"D5BR":86565}},{"type":"Feature","id":153370,"geometry":{"type":"Polygon","coordinates":[[[-77.579957768023107,43.190778582897551],[-77.579785767595652,43.188024582662585],[-77.572589765401489,43.188278582308108],[-77.572729766041917,43.190966583887686],[-77.579957768023107,43.190778582897551]]]},"properties":{"OBJECTID":153370,"GEOID20":"360550109013","GEOID10":"360550109013","STATEFP":"36","COUNTYFP":"055","D1C":0.59202807914492772,"D1C5_RET":0.4098655932541807,"D2B_E5MIXA":0.49102109622818302,"D3A":26.931181914801783,"D3AAO":0,"D3B":136.02437146433857,"D4A":0,"D4C":8.6699999999999999,"D4D":126.34790021400001,"D5AR":99047,"D5BR":88061}},{"type":"Feature","id":153371,"geometry":{"type":"Polygon","coordinates":[[[-77.561771762269998,43.203509586310162],[-77.561870763800812,43.203476586043685],[-77.561409763668379,43.196038584866379],[-77.559009761673238,43.196143584641099],[-77.557743761451761,43.196303585291382],[-77.558255760739527,43.195933584910946],[-77.551526758525611,43.196814585340434],[-77.550403759317575,43.196994585454767],[-77.549395759737266,43.197265586259022],[-77.548749758758561,43.19758658582608],[-77.548042758578802,43.198130585510484],[-77.547623758279158,43.19817758637155],[-77.547721757290134,43.198493585870331],[-77.547338758772128,43.199182586198965],[-77.547208759075787,43.19977558624737],[-77.547645758020465,43.204714587682361],[-77.558996762152773,43.204194586798138],[-77.560124762281987,43.204047586945833],[-77.561771762269998,43.203509586310162]]]},"properties":{"OBJECTID":153371,"GEOID20":"360550109021","GEOID10":"360550109021","STATEFP":"36","COUNTYFP":"055","D1C":1.1233964767455693,"D1C5_RET":0.50289228561895527,"D2B_E5MIXA":0.85489339674756004,"D3A":20.804537520863523,"D3AAO":8.4731488051285382,"D3B":47.605405989869709,"D4A":535.11000000000001,"D4C":2,"D4D":5.19114617413,"D5AR":83350,"D5BR":38602}},{"type":"Feature","id":153372,"geometry":{"type":"Polygon","coordinates":[[[-77.561409763668379,43.196038584866379],[-77.561278762350483,43.193803585074605],[-77.556429760651383,43.193958585085028],[-77.55634175988952,43.192348585262941],[-77.556756759991217,43.192329584553399],[-77.556500759898171,43.188313583865437],[-77.55455975928399,43.188377584134841],[-77.554313759236692,43.188910583945919],[-77.554035760300664,43.189058583715479],[-77.552822759782629,43.189151584188046],[-77.552078757996341,43.189118584015432],[-77.550923758102925,43.189299584683127],[-77.550046758942187,43.189634585208417],[-77.549761757638521,43.189925584905623],[-77.549424757354615,43.189936584164727],[-77.549101758212771,43.190413584902721],[-77.54880975903302,43.190632584878486],[-77.54780475802913,43.19094558517839],[-77.547349756846131,43.191376585153108],[-77.54670275694086,43.191285584319317],[-77.545911757095539,43.191405585066441],[-77.545007757272302,43.19182858442646],[-77.547623758279158,43.19817758637155],[-77.548042758578802,43.198130585510484],[-77.548749758758561,43.19758658582608],[-77.549395759737266,43.197265586259022],[-77.550403759317575,43.196994585454767],[-77.551526758525611,43.196814585340434],[-77.558255760739527,43.195933584910946],[-77.557743761451761,43.196303585291382],[-77.559009761673238,43.196143584641099],[-77.561409763668379,43.196038584866379]]]},"properties":{"OBJECTID":153372,"GEOID20":"360550109023","GEOID10":"360550109023","STATEFP":"36","COUNTYFP":"055","D1C":0.43111076799484105,"D1C5_RET":0.020529084190230525,"D2B_E5MIXA":0.22770536087012777,"D3A":15.696583857621498,"D3AAO":6.2428038909213841,"D3B":30.668809453469187,"D4A":1160.0699999999999,"D4C":-99999,"D4D":-99999,"D5AR":78186,"D5BR":38522}},{"type":"Feature","id":153373,"geometry":{"type":"Polygon","coordinates":[[[-77.561278762350483,43.193803585074605],[-77.561030761755063,43.188664584057257],[-77.56038876097432,43.188676583675488],[-77.560311760981421,43.184415582572484],[-77.558992760158176,43.184742583442571],[-77.557957760813693,43.185250583445239],[-77.557604761534577,43.185728583648974],[-77.558137760738745,43.186326582982801],[-77.558089760159859,43.186673583462337],[-77.557109761066954,43.187094583207895],[-77.555647760128579,43.187176583643449],[-77.554802758958232,43.187844584254265],[-77.55455975928399,43.188377584134841],[-77.556500759898171,43.188313583865437],[-77.556756759991217,43.192329584553399],[-77.55634175988952,43.192348585262941],[-77.556429760651383,43.193958585085028],[-77.561278762350483,43.193803585074605]]]},"properties":{"OBJECTID":153373,"GEOID20":"360550109024","GEOID10":"360550109024","STATEFP":"36","COUNTYFP":"055","D1C":0.96777696160991411,"D1C5_RET":0.0836350460650543,"D2B_E5MIXA":0.55536050433552508,"D3A":17.201884434016844,"D3AAO":0,"D3B":76.496914362039163,"D4A":548.51999999999998,"D4C":2.6699999999999999,"D4D":20.416509530900001,"D5AR":91359,"D5BR":86683}},{"type":"Feature","id":153374,"geometry":{"type":"Polygon","coordinates":[[[-77.552849757750181,43.180756582699956],[-77.552590758182419,43.176557581880068],[-77.542547755002715,43.17686758262596],[-77.543107755767664,43.18310058359522],[-77.543682756601257,43.186183584002499],[-77.543872756572057,43.185975583756417],[-77.543728755733696,43.186434584908255],[-77.544031756580708,43.188117584710611],[-77.544758756851934,43.188176584485653],[-77.545590756705167,43.188445584879702],[-77.54530075627693,43.183268583522974],[-77.546403756291795,43.183237583886921],[-77.546375755804391,43.182798582913371],[-77.546453756520506,43.182632583464013],[-77.548771757601557,43.180883583037229],[-77.552849757750181,43.180756582699956]]]},"properties":{"OBJECTID":153374,"GEOID20":"360550110003","GEOID10":"360550110003","STATEFP":"36","COUNTYFP":"055","D1C":1.8719206913875297,"D1C5_RET":0.26636025648202005,"D2B_E5MIXA":0.68839789287663655,"D3A":20.184047768210601,"D3AAO":8.0671199341958832,"D3B":44.21343492929104,"D4A":565.95000000000005,"D4C":2.6699999999999999,"D4D":12.6432335077,"D5AR":92126,"D5BR":78056}},{"type":"Feature","id":153375,"geometry":{"type":"Polygon","coordinates":[[[-77.565024758644824,43.127703573249043],[-77.565372757002748,43.127080571984195],[-77.55935775643789,43.121723571481439],[-77.558690755542813,43.122976571804585],[-77.557394754285781,43.123023572160328],[-77.55740775470457,43.123520572010833],[-77.556499754683372,43.125182572859899],[-77.556261755032011,43.125437573419816],[-77.556056754094271,43.125497573281372],[-77.555885755288372,43.126126572035915],[-77.555898754808851,43.126721572560015],[-77.556860756155032,43.126704572737793],[-77.556909755660513,43.127573573027028],[-77.559835756288791,43.127482572838325],[-77.560404756376272,43.127631572464225],[-77.564213757809711,43.12751957282331],[-77.565024758644824,43.127703573249043]]]},"properties":{"OBJECTID":153375,"GEOID20":"360550127005","GEOID10":"360550127005","STATEFP":"36","COUNTYFP":"055","D1C":4.5509235638556058,"D1C5_RET":0.97315346648484657,"D2B_E5MIXA":0.75042299636772336,"D3A":16.711221625794895,"D3AAO":0,"D3B":91.627550858488505,"D4A":329.92000000000002,"D4C":4.3300000000000001,"D4D":39.658865975300003,"D5AR":91590,"D5BR":86712}},{"type":"Feature","id":153376,"geometry":{"type":"Polygon","coordinates":[[[-77.55379975401091,43.121628571440695],[-77.553755753629986,43.121014572575447],[-77.553406754548831,43.120030572154413],[-77.552202753353313,43.117660571241295],[-77.552017752507069,43.11665957131558],[-77.551701753037904,43.116587571958533],[-77.551841752779978,43.114512570599594],[-77.550237751551379,43.112858570243382],[-77.54636675019367,43.110054570387931],[-77.544845751500674,43.112805570229114],[-77.544766750959653,43.113107571329508],[-77.544648750958871,43.113154570741393],[-77.542558750381772,43.116948571170099],[-77.548031751521648,43.11670557127939],[-77.548367751980635,43.123946572415733],[-77.548125752131284,43.124652573142228],[-77.546768751673213,43.127029573458167],[-77.55326475425862,43.1268375729952],[-77.553541754268053,43.121356571398636],[-77.55379975401091,43.121628571440695]]]},"properties":{"OBJECTID":153376,"GEOID20":"360550126005","GEOID10":"360550126005","STATEFP":"36","COUNTYFP":"055","D1C":4.3495344347759124,"D1C5_RET":0.24769558284600868,"D2B_E5MIXA":0.55197892546141714,"D3A":16.724918849628775,"D3AAO":4.2653215394104489,"D3B":47.576574927196241,"D4A":1054.1199999999999,"D4C":2.3300000000000001,"D4D":7.3872730628000003,"D5AR":95823,"D5BR":86965}},{"type":"Feature","id":153377,"geometry":{"type":"Polygon","coordinates":[[[-77.553228754273604,43.127462573758521],[-77.55326475425862,43.1268375729952],[-77.543144751086018,43.127140572856781],[-77.543209750485033,43.128723573623098],[-77.543099750880174,43.129449574036535],[-77.542572750625496,43.130235574158718],[-77.542118751962363,43.130607574903877],[-77.541495751448196,43.130944573715453],[-77.541842751777835,43.131284574541048],[-77.539470751168437,43.1354665748364],[-77.539644750347392,43.135637575715876],[-77.541576752537381,43.136222575418984],[-77.540876750233693,43.137461575227647],[-77.54913275368331,43.137163574342949],[-77.549125753112321,43.136696574560169],[-77.552857754552846,43.136581574797709],[-77.553228754273604,43.127462573758521]]]},"properties":{"OBJECTID":153377,"GEOID20":"360550126006","GEOID10":"360550126006","STATEFP":"36","COUNTYFP":"055","D1C":0.83305328971501214,"D1C5_RET":0,"D2B_E5MIXA":0.15780534237092464,"D3A":14.165890906643442,"D3AAO":1.6574519784742128,"D3B":36.372106847902266,"D4A":1130.5599999999999,"D4C":1,"D4D":2.4788459652400001,"D5AR":91831,"D5BR":86616}},{"type":"Feature","id":153378,"geometry":{"type":"Polygon","coordinates":[[[-77.56194275748264,43.133319574599469],[-77.562428757729435,43.132413573719347],[-77.561754758059976,43.132239573112336],[-77.554092754812189,43.132478573966033],[-77.554134755543288,43.13167257349788],[-77.554406755529868,43.131625573887078],[-77.554525755355542,43.13104357342592],[-77.556253754636074,43.127872573255743],[-77.556501755231523,43.127644574060049],[-77.556909755660513,43.127573573027028],[-77.556860756155032,43.126704572737793],[-77.55326475425862,43.1268375729952],[-77.552857754552846,43.136581574797709],[-77.560286757273801,43.136326574153927],[-77.56194275748264,43.133319574599469]]]},"properties":{"OBJECTID":153378,"GEOID20":"360550127001","GEOID10":"360550127001","STATEFP":"36","COUNTYFP":"055","D1C":0.32295084702641047,"D1C5_RET":0,"D2B_E5MIXA":0.22505407281455472,"D3A":27.755730002965166,"D3AAO":8.3541217568583459,"D3B":72.973213509741782,"D4A":643.74000000000001,"D4C":2,"D4D":12.1581495351,"D5AR":88563,"D5BR":86533}},{"type":"Feature","id":153379,"geometry":{"type":"Polygon","coordinates":[[[-77.571559760689993,43.132832573703517],[-77.571801760539316,43.132906573078586],[-77.565372757002748,43.127080571984195],[-77.56194275748264,43.133319574599469],[-77.564506758610975,43.133982574410091],[-77.565667759250474,43.134110573381648],[-77.567016760210947,43.134109573667253],[-77.567572758981342,43.133088573570291],[-77.569967760953588,43.132978573553956],[-77.570845760837543,43.132741573472202],[-77.571559760689993,43.132832573703517]]]},"properties":{"OBJECTID":153379,"GEOID20":"360550127003","GEOID10":"360550127003","STATEFP":"36","COUNTYFP":"055","D1C":3.1561705254741583,"D1C5_RET":0.75532286079723443,"D2B_E5MIXA":0.82275684237098301,"D3A":23.483904602807165,"D3AAO":0,"D3B":109.05205991559623,"D4A":363.44,"D4C":4.3300000000000001,"D4D":37.265836905900002,"D5AR":94633,"D5BR":107890}},{"type":"Feature","id":153380,"geometry":{"type":"Polygon","coordinates":[[[-77.565024758644824,43.127703573249043],[-77.564213757809711,43.12751957282331],[-77.560404756376272,43.127631572464225],[-77.559835756288791,43.127482572838325],[-77.556816755774094,43.127570572907665],[-77.556501755231523,43.127644574060049],[-77.556253754636074,43.127872573255743],[-77.554525755355542,43.13104357342592],[-77.554406755529868,43.131625573887078],[-77.554134755543288,43.13167257349788],[-77.554092754812189,43.132478573966033],[-77.561502757266595,43.132228572639136],[-77.562428757729435,43.132413573719347],[-77.565024758644824,43.127703573249043]]]},"properties":{"OBJECTID":153380,"GEOID20":"360550127004","GEOID10":"360550127004","STATEFP":"36","COUNTYFP":"055","D1C":0.29231854550398728,"D1C5_RET":0,"D2B_E5MIXA":0.37516042678651496,"D3A":17.093512897918799,"D3AAO":0,"D3B":53.145676895184174,"D4A":405.01999999999998,"D4C":4.3300000000000001,"D4D":30.002709381500001,"D5AR":97819,"D5BR":86587}},{"type":"Feature","id":153381,"geometry":{"type":"Polygon","coordinates":[[[-77.592387767389241,43.126701571264569],[-77.592853766646243,43.125628571212026],[-77.581314763091299,43.125954570940522],[-77.581232763973844,43.127424571948588],[-77.580281763396627,43.130229572869858],[-77.579778763431378,43.132456572448021],[-77.57939476329183,43.133142573446307],[-77.578722763272182,43.133671573959269],[-77.579254762651416,43.13417657350459],[-77.579737763423495,43.134873573564114],[-77.584996764303114,43.133095572998506],[-77.587791765410145,43.132277572586389],[-77.589918766695462,43.131761571880901],[-77.592387767389241,43.126701571264569]]]},"properties":{"OBJECTID":153381,"GEOID20":"360550128003","GEOID10":"360550128003","STATEFP":"36","COUNTYFP":"055","D1C":0.52648299236773799,"D1C5_RET":0.022644429779257548,"D2B_E5MIXA":0.56359345113762949,"D3A":13.324264164447946,"D3AAO":0,"D3B":26.579125897701338,"D4A":386.24000000000001,"D4C":6.6699999999999999,"D4D":24.1661354604,"D5AR":104882,"D5BR":86529}},{"type":"Feature","id":153382,"geometry":{"type":"Polygon","coordinates":[[[-77.559209755401596,43.121979571291625],[-77.55935775643789,43.121723571481439],[-77.554325754440683,43.117165570982749],[-77.553260752264023,43.115944571366654],[-77.551841752779978,43.114512570599594],[-77.551701753037904,43.116587571958533],[-77.552017752507069,43.11665957131558],[-77.552202753353313,43.117660571241295],[-77.553406754548831,43.120030572154413],[-77.553755753629986,43.121014572575447],[-77.55379975401091,43.121628571440695],[-77.553541754268053,43.121356571398636],[-77.55326475425862,43.1268375729952],[-77.555898754808851,43.126721572560015],[-77.555885755288372,43.126126572035915],[-77.556056754094271,43.125497573281372],[-77.556261755032011,43.125437573419816],[-77.556499754683372,43.125182572859899],[-77.55740775470457,43.123520572010833],[-77.557394754285781,43.123023572160328],[-77.558690755542813,43.122976571804585],[-77.559209755401596,43.121979571291625]]]},"properties":{"OBJECTID":153382,"GEOID20":"360550127006","GEOID10":"360550127006","STATEFP":"36","COUNTYFP":"055","D1C":3.2147855546324067,"D1C5_RET":0.7392886641314943,"D2B_E5MIXA":0.71986809374764971,"D3A":25.11627836679239,"D3AAO":7.8633434787673622,"D3B":57.372384766490654,"D4A":670.55999999999995,"D4C":2.3300000000000001,"D4D":16.703443272000001,"D5AR":88743,"D5BR":86754}},{"type":"Feature","id":153383,"geometry":{"type":"Polygon","coordinates":[[[-77.602921769940323,43.125282570609293],[-77.592853766646243,43.125628571212026],[-77.589918766695462,43.131761571880901],[-77.586886765761989,43.13252757240182],[-77.582755765011584,43.13384557376984],[-77.583053764937432,43.134431573280743],[-77.584959765391503,43.134170572602436],[-77.584260765607681,43.135086573282287],[-77.582907764449232,43.135541573337377],[-77.582406765032133,43.13607357312241],[-77.589370766524368,43.135802573408569],[-77.591330766506815,43.132981572752492],[-77.591769767796279,43.133692572041234],[-77.593436767875744,43.133160572520296],[-77.595645767380219,43.13308557241033],[-77.596989768317826,43.130126571412845],[-77.600678769202347,43.129724571545502],[-77.602921769940323,43.125282570609293]]]},"properties":{"OBJECTID":153383,"GEOID20":"360550128001","GEOID10":"360550128001","STATEFP":"36","COUNTYFP":"055","D1C":0.43929215066743482,"D1C5_RET":0.12080534143354457,"D2B_E5MIXA":0.73714813396615086,"D3A":14.82125333135493,"D3AAO":0,"D3B":98.520517568605271,"D4A":510.97000000000003,"D4C":7.6699999999999999,"D4D":25.463417231099999,"D5AR":99025,"D5BR":86510}},{"type":"Feature","id":153384,"geometry":{"type":"Polygon","coordinates":[[[-77.581309763068418,43.126901571468153],[-77.581314763091299,43.125954570940522],[-77.564633757934274,43.126460572415674],[-77.575440762093436,43.136169573354628],[-77.575899762576057,43.135393573663599],[-77.578892763151487,43.134404573262202],[-77.579259763572608,43.135025573294186],[-77.579737763423495,43.134873573564114],[-77.579254762651416,43.13417657350459],[-77.578722763272182,43.133671573959269],[-77.57939476329183,43.133142573446307],[-77.579778763431378,43.132456572448021],[-77.580281763396627,43.130229572869858],[-77.581065764467567,43.128011571825084],[-77.581309763068418,43.126901571468153]]]},"properties":{"OBJECTID":153384,"GEOID20":"360550128002","GEOID10":"360550128002","STATEFP":"36","COUNTYFP":"055","D1C":3.2266078311953228,"D1C5_RET":0.13788922355535568,"D2B_E5MIXA":0.71140259545745166,"D3A":19.371179975550515,"D3AAO":0,"D3B":93.64842468761907,"D4A":603.5,"D4C":4.3300000000000001,"D4D":12.667843764400001,"D5AR":95590,"D5BR":86805}},{"type":"Feature","id":153385,"geometry":{"type":"Polygon","coordinates":[[[-77.579604761557462,43.116120569818939],[-77.579580761268033,43.115766569756815],[-77.563044756774289,43.116243570072449],[-77.563336757750648,43.121685571351691],[-77.561671756422669,43.123818571842435],[-77.564633757934274,43.126460572415674],[-77.565714759106129,43.126406572540681],[-77.569490759130971,43.119507571407013],[-77.570232758572502,43.119639570968047],[-77.574266760136823,43.119517570936644],[-77.574315760540628,43.120485571437392],[-77.578216762933891,43.120344570313684],[-77.578409762379422,43.120195571298289],[-77.578506761565492,43.119827570626121],[-77.578378761518962,43.118793570603891],[-77.578713761254718,43.118142570440227],[-77.578788760699467,43.117726570098945],[-77.579604761557462,43.116120569818939]]]},"properties":{"OBJECTID":153385,"GEOID20":"360550129002","GEOID10":"360550129002","STATEFP":"36","COUNTYFP":"055","D1C":3.2957406259872828,"D1C5_RET":0,"D2B_E5MIXA":0.11434555031559562,"D3A":17.303365759989767,"D3AAO":0,"D3B":103.31687219118734,"D4A":84.489999999999995,"D4C":4.6699999999999999,"D4D":14.6147026453,"D5AR":97139,"D5BR":86859}},{"type":"Feature","id":153387,"geometry":{"type":"Polygon","coordinates":[[[-77.608570771705587,43.116771569199862],[-77.609573771263015,43.114935568066805],[-77.59700476748813,43.115347568937402],[-77.579580761268033,43.115766569756815],[-77.579559762249943,43.116307569792056],[-77.578788760699467,43.117726570098945],[-77.578713761254718,43.118142570440227],[-77.578378761518962,43.118793570603891],[-77.578506761565492,43.119827570626121],[-77.578409762379422,43.120195571298289],[-77.578062762049768,43.120376570332148],[-77.575877761038143,43.120439571036741],[-77.575912762096536,43.12168057110857],[-77.574681760238533,43.123946571104447],[-77.57471776112186,43.124816571756689],[-77.575050761207791,43.125097571562883],[-77.575812761639128,43.125346571364773],[-77.575839762301612,43.126098572439467],[-77.592853766646243,43.125628571212026],[-77.603986770320347,43.125236570537197],[-77.608570771705587,43.116771569199862]]]},"properties":{"OBJECTID":153387,"GEOID20":"360550129004","GEOID10":"360550129004","STATEFP":"36","COUNTYFP":"055","D1C":4.3374603399395664,"D1C5_RET":0.057773549609850774,"D2B_E5MIXA":0.1983734548243288,"D3A":11.358566859347597,"D3AAO":0,"D3B":57.333966684981277,"D4A":148.86000000000001,"D4C":6.3300000000000001,"D4D":5.9795697946399997,"D5AR":93031,"D5BR":87709}},{"type":"Feature","id":153392,"geometry":{"type":"Polygon","coordinates":[[[-77.71178580995381,43.176330574591979],[-77.711759810014541,43.173106573845494],[-77.70159580556269,43.173160575060798],[-77.701590804641498,43.175589575397453],[-77.711733809176948,43.177524575323538],[-77.71178580995381,43.176330574591979]]]},"properties":{"OBJECTID":153392,"GEOID20":"360550142032","GEOID10":"360550142032","STATEFP":"36","COUNTYFP":"055","D1C":0.18014614554217873,"D1C5_RET":0,"D2B_E5MIXA":0.65920172042311587,"D3A":20.884550681361102,"D3AAO":0,"D3B":82.385464685895116,"D4A":616.91999999999996,"D4C":2.6699999999999999,"D4D":21.988123821599999,"D5AR":81296,"D5BR":158457}},{"type":"Feature","id":153393,"geometry":{"type":"Polygon","coordinates":[[[-77.732357816560011,43.177758574452419],[-77.732352815638833,43.174789573553355],[-77.728262813998015,43.175229574816385],[-77.726913813935852,43.175157573659376],[-77.722879812371517,43.174329574888176],[-77.711743809222696,43.171793574513401],[-77.711760808941122,43.179361575879923],[-77.720906811970295,43.179338575228954],[-77.724492812922634,43.179543574317101],[-77.72728181508019,43.179589574800801],[-77.732194816353399,43.179341574773225],[-77.732357816560011,43.177758574452419]]]},"properties":{"OBJECTID":153393,"GEOID20":"360550142033","GEOID10":"360550142033","STATEFP":"36","COUNTYFP":"055","D1C":0.56574727556941873,"D1C5_RET":0.25320157787722236,"D2B_E5MIXA":0.64769168459395632,"D3A":12.03944745272134,"D3AAO":0,"D3B":32.085703948601619,"D4A":1178.8399999999999,"D4C":0.67000000000000004,"D4D":1.69645057178,"D5AR":78321,"D5BR":107}},{"type":"Feature","id":153394,"geometry":{"type":"Polygon","coordinates":[[[-77.713415809325056,43.172167574777859],[-77.713251808395199,43.164580572782242],[-77.701543804785842,43.164655573570059],[-77.70159580556269,43.173160575060798],[-77.711759810014541,43.173106573845494],[-77.711743809222696,43.171793574513401],[-77.713415809325056,43.172167574777859]]]},"properties":{"OBJECTID":153394,"GEOID20":"360550142034","GEOID10":"360550142034","STATEFP":"36","COUNTYFP":"055","D1C":0.91949114850025127,"D1C5_RET":0.26856424634413278,"D2B_E5MIXA":0.77790527565088474,"D3A":17.853818454296281,"D3AAO":0,"D3B":87.437963821264276,"D4A":633.00999999999999,"D4C":2.6699999999999999,"D4D":7.7783488839499997,"D5AR":90185,"D5BR":158572}},{"type":"Feature","id":153395,"geometry":{"type":"Polygon","coordinates":[[[-77.732429814733422,43.167238572655712],[-77.732405814443965,43.164490572501528],[-77.713251808395199,43.164580572782242],[-77.713415809325056,43.172167574777859],[-77.722879812371517,43.174329574888176],[-77.726913813935852,43.175157573659376],[-77.728262813998015,43.175229574816385],[-77.732352815638833,43.174789573553355],[-77.732429814733422,43.167238572655712]]]},"properties":{"OBJECTID":153395,"GEOID20":"360550142035","GEOID10":"360550142035","STATEFP":"36","COUNTYFP":"055","D1C":0.21921402273738536,"D1C5_RET":0,"D2B_E5MIXA":0.79139862819323947,"D3A":13.952898935343349,"D3AAO":0,"D3B":44.683798209538338,"D4A":-99999,"D4C":0.67000000000000004,"D4D":1.0561682353899999,"D5AR":77258,"D5BR":-99999}},{"type":"Feature","id":153396,"geometry":{"type":"Polygon","coordinates":[[[-77.701603805958598,43.172353575289776],[-77.701543804785842,43.164655573570059],[-77.691651802117178,43.164732574658778],[-77.691328801178685,43.164742573346459],[-77.691162801497327,43.164863573718115],[-77.689909800796315,43.164731574134706],[-77.688738800111068,43.164705573607293],[-77.676220796389799,43.164701574785234],[-77.677300797736777,43.167850574950897],[-77.678007797916507,43.169484575135755],[-77.678454797805273,43.170120574564208],[-77.67905579767978,43.170892575281677],[-77.679575799160119,43.171346575721209],[-77.68129479911812,43.172599575392702],[-77.682829799851447,43.173453576746297],[-77.682788798945239,43.175345576247132],[-77.682967799943697,43.177331576545768],[-77.683394799740952,43.178749576256052],[-77.683441800494933,43.179272576702189],[-77.693229803406524,43.17947057599892],[-77.701550806255156,43.179370575818965],[-77.701603805958598,43.172353575289776]]]},"properties":{"OBJECTID":153396,"GEOID20":"360550143011","GEOID10":"360550143011","STATEFP":"36","COUNTYFP":"055","D1C":2.4366766949412102,"D1C5_RET":0.30500820938067996,"D2B_E5MIXA":0.87516891016298604,"D3A":18.420439942709514,"D3AAO":3.0499739467183673,"D3B":55.027415175206407,"D4A":721.51999999999998,"D4C":5,"D4D":4.6879719863,"D5AR":85547,"D5BR":159336}},{"type":"Feature","id":153397,"geometry":{"type":"Polygon","coordinates":[[[-77.711562807676103,43.164589572934055],[-77.711485807683189,43.158054571824685],[-77.709411806999626,43.158012571417657],[-77.699655804773428,43.157218571926855],[-77.696090802839151,43.157155571754096],[-77.689994800286826,43.157529572524929],[-77.684277798749477,43.158244572619004],[-77.682356798226792,43.158374573166981],[-77.681878797477594,43.156525573006952],[-77.68112179796745,43.154330572507142],[-77.678677796489708,43.149956571377892],[-77.671501794387041,43.149962572041581],[-77.673733796152689,43.157133573217898],[-77.676220796389799,43.164701574785234],[-77.688738800111068,43.164705573607293],[-77.689909800796315,43.164731574134706],[-77.691162801497327,43.164863573718115],[-77.691328801178685,43.164742573346459],[-77.691651802117178,43.164732574658778],[-77.711562807676103,43.164589572934055]]]},"properties":{"OBJECTID":153397,"GEOID20":"360550143022","GEOID10":"360550143022","STATEFP":"36","COUNTYFP":"055","D1C":1.29299880531369,"D1C5_RET":0.6138028811431655,"D2B_E5MIXA":0.82364116971623691,"D3A":17.226389035566775,"D3AAO":5.5275901416611521,"D3B":30.962887241103218,"D4A":375.50999999999999,"D4C":6,"D4D":5.4617899525700002,"D5AR":96795,"D5BR":178860}},{"type":"Feature","id":153398,"geometry":{"type":"Polygon","coordinates":[[[-77.691043798976693,43.144061570663595],[-77.690987798900196,43.138881568940342],[-77.681782796319794,43.138945569887461],[-77.678903796445525,43.138844569929276],[-77.678874795234876,43.13808256978038],[-77.674683793311729,43.137893569540843],[-77.674673794164278,43.137280569058397],[-77.665946791434791,43.140230570211514],[-77.669344792964466,43.144612570875125],[-77.669990793943157,43.145899571080328],[-77.671501794387041,43.149962572041581],[-77.69098179995072,43.14989057124783],[-77.691043798976693,43.144061570663595]]]},"properties":{"OBJECTID":153398,"GEOID20":"360550144001","GEOID10":"360550144001","STATEFP":"36","COUNTYFP":"055","D1C":0.73446016050928187,"D1C5_RET":0.017721558832663638,"D2B_E5MIXA":0.68887822974143709,"D3A":10.022196519740866,"D3AAO":3.3107825916015257,"D3B":16.976474782350444,"D4A":454.63999999999999,"D4C":5.6699999999999999,"D4D":6.56011804102,"D5AR":87820,"D5BR":67550}},{"type":"Feature","id":153399,"geometry":{"type":"Polygon","coordinates":[[[-77.687179797291677,43.131705567344738],[-77.687351797719131,43.131619568801128],[-77.686333798093074,43.131114568464298],[-77.68559979635252,43.130851567206214],[-77.684661796194092,43.130663567989302],[-77.664455791082403,43.130774568660371],[-77.658305789001702,43.130892569465921],[-77.665946791434791,43.140230570211514],[-77.674673794164278,43.137280569058397],[-77.674683793311729,43.137893569540843],[-77.678874795234876,43.13808256978038],[-77.678903796445525,43.138844569929276],[-77.680288796492675,43.138910569531419],[-77.680255795084094,43.135377569389846],[-77.681629797057241,43.134809568354918],[-77.687179797291677,43.131705567344738]]]},"properties":{"OBJECTID":153399,"GEOID20":"360550144002","GEOID10":"360550144002","STATEFP":"36","COUNTYFP":"055","D1C":15.694321164159534,"D1C5_RET":0.26976809879307345,"D2B_E5MIXA":0.53420988550619875,"D3A":12.311955792072412,"D3AAO":3.5658665939928369,"D3B":26.543447592776936,"D4A":209.21000000000001,"D4C":13.33,"D4D":23.0669637142,"D5AR":94059,"D5BR":68113}},{"type":"Feature","id":153400,"geometry":{"type":"Polygon","coordinates":[[[-77.690987798900196,43.138881568940342],[-77.690818799744122,43.132612568618676],[-77.690658799012226,43.131958567435937],[-77.690380798279577,43.131472567915601],[-77.689751797019298,43.130778567735796],[-77.688652798100719,43.130121568581679],[-77.686945797838263,43.129367566899234],[-77.686236797110382,43.128704567540126],[-77.685839796552045,43.12787256735519],[-77.685802795843784,43.125893566433412],[-77.677567794107205,43.125845567777482],[-77.673825792620931,43.13012656813487],[-77.67380479270453,43.130292568017111],[-77.673404793569759,43.130750567646416],[-77.684661796194092,43.130663567989302],[-77.685873797785547,43.130930567810111],[-77.687351797719131,43.131619568801128],[-77.681629797057241,43.134809568354918],[-77.680255795084094,43.135377569389846],[-77.680288796492675,43.138910569531419],[-77.690987798900196,43.138881568940342]]]},"properties":{"OBJECTID":153400,"GEOID20":"360550144003","GEOID10":"360550144003","STATEFP":"36","COUNTYFP":"055","D1C":3.5290071530457978,"D1C5_RET":2.1055420829096776,"D2B_E5MIXA":0.74580606704091523,"D3A":14.131759901398933,"D3AAO":0,"D3B":47.46544276368892,"D4A":0,"D4C":9.6699999999999999,"D4D":22.941512047,"D5AR":91302,"D5BR":179944}},{"type":"Feature","id":153408,"geometry":{"type":"Polygon","coordinates":[[[-77.710787805927666,43.128777566207823],[-77.710881804740666,43.127167566247792],[-77.71078680430611,43.125699565323686],[-77.702965802846307,43.125848567325804],[-77.692151798116114,43.125871566480448],[-77.687749797204063,43.126057566966026],[-77.685802795843784,43.125893566433412],[-77.685839796552045,43.12787256735519],[-77.686236797110382,43.128704567540126],[-77.686945797838263,43.129367566899234],[-77.688652798100719,43.130121568581679],[-77.689751797019298,43.130778567735796],[-77.692186799174536,43.13040056741422],[-77.692761799109803,43.131085567453731],[-77.693263799250133,43.131348568361176],[-77.695136800092243,43.131189568369003],[-77.695510801084382,43.131463567475279],[-77.695990800585093,43.131595568118776],[-77.696244800130003,43.131342567837116],[-77.69621480089107,43.131030567307931],[-77.696761800338933,43.130898567411805],[-77.697023801178076,43.130920568179157],[-77.697188800136203,43.131035568098007],[-77.697121801087363,43.131386567733237],[-77.697690800276533,43.131578567028789],[-77.697840800962666,43.131573567594231],[-77.697967801184276,43.131326567747834],[-77.698746800435728,43.131156567032413],[-77.700491803027973,43.131358567922163],[-77.701211802728196,43.131583567774065],[-77.701533802045148,43.131814567276521],[-77.701900801567959,43.131847566946945],[-77.702184803046705,43.131693567677146],[-77.702664801649107,43.131638567422563],[-77.702754802959106,43.131402567806823],[-77.702888802853408,43.131320567221564],[-77.703338803115201,43.131314566694748],[-77.703907803202696,43.131599567140519],[-77.704187803585171,43.131566567336286],[-77.704409803343026,43.131660567268092],[-77.704394803274411,43.131808567453767],[-77.704259802656878,43.131907567076823],[-77.704304802862737,43.132252567828537],[-77.704117804163289,43.13243356790251],[-77.704125802762576,43.132565567763507],[-77.704687803177364,43.132713567725844],[-77.705061803271178,43.132993567578403],[-77.705795803215111,43.133102567836907],[-77.705878803055782,43.133239567519475],[-77.705848803816878,43.133591567995289],[-77.706178803529752,43.13373956744136],[-77.706672803274174,43.133722567602938],[-77.706912803473685,43.133475567913315],[-77.707568804498109,43.133209567787489],[-77.707537803637663,43.132909567691677],[-77.707774803464133,43.132184568104165],[-77.708165804174669,43.131482567456359],[-77.710096804743117,43.130469566929172],[-77.710412804212297,43.1302365673805],[-77.71066180463265,43.12981056619769],[-77.710787805927666,43.128777566207823]]]},"properties":{"OBJECTID":153408,"GEOID20":"360550144004","GEOID10":"360550144004","STATEFP":"36","COUNTYFP":"055","D1C":1.5291514234635346,"D1C5_RET":0.077297764262991855,"D2B_E5MIXA":0.319529722363877,"D3A":12.642708951344273,"D3AAO":1.7893752029313479,"D3B":31.560071774683426,"D4A":262.86000000000001,"D4C":7.3300000000000001,"D4D":15.766055074500001,"D5AR":87388,"D5BR":158771}},{"type":"Feature","id":153419,"geometry":{"type":"Polygon","coordinates":[[[-77.55450075883445,43.188476583836056],[-77.55455975928399,43.188377584134841],[-77.553294759785729,43.188421584240196],[-77.552849757750181,43.180756582699956],[-77.548771757601557,43.180883583037229],[-77.546453756520506,43.182632583464013],[-77.546375755804391,43.182798582913371],[-77.546403756291795,43.183237583886921],[-77.54530075627693,43.183268583522974],[-77.545590756705167,43.188445584879702],[-77.544758756851934,43.188176584485653],[-77.544031756580708,43.188117584710611],[-77.544440756834618,43.19018158536916],[-77.545007757272302,43.19182858442646],[-77.545911757095539,43.191405585066441],[-77.54670275694086,43.191285584319317],[-77.547349756846131,43.191376585153108],[-77.54780475802913,43.19094558517839],[-77.54880975903302,43.190632584878486],[-77.549101758212771,43.190413584902721],[-77.549424757354615,43.189936584164727],[-77.549761757638521,43.189925584905623],[-77.550046758942187,43.189634585208417],[-77.550279757672385,43.189595584596645],[-77.55069875887034,43.189376584174781],[-77.551771758747989,43.189146584877534],[-77.553060760332329,43.18914058413246],[-77.554159759250922,43.189032584374957],[-77.554343760272246,43.188866584193057],[-77.55450075883445,43.188476583836056]]]},"properties":{"OBJECTID":153419,"GEOID20":"360550110005","GEOID10":"360550110005","STATEFP":"36","COUNTYFP":"055","D1C":0.7241602447709572,"D1C5_RET":0,"D2B_E5MIXA":0.22276630267850492,"D3A":18.062445180761181,"D3AAO":1.4716049237559703,"D3B":61.288927750546115,"D4A":-99999,"D4C":-99999,"D4D":-99999,"D5AR":81615,"D5BR":-99999}},{"type":"Feature","id":153420,"geometry":{"type":"Polygon","coordinates":[[[-77.548133756120478,43.167332579986628],[-77.548114755853902,43.167063580257874],[-77.537854752040886,43.167481580785513],[-77.535743753344036,43.171720581343486],[-77.535692752392094,43.170835582581539],[-77.533683751107532,43.169967581725409],[-77.533431751212461,43.16967158164114],[-77.533602750916685,43.169083581601292],[-77.533866750507329,43.169015581565745],[-77.53440275188116,43.168615581481724],[-77.534496751592485,43.167628580922901],[-77.532797751725965,43.167623581815427],[-77.532789750431718,43.167732581265511],[-77.532268750923137,43.168000580853466],[-77.531742750493336,43.168119581696821],[-77.530343751100787,43.167976580693846],[-77.530074749690641,43.168116580946176],[-77.530099749805004,43.169148581516268],[-77.529768749368898,43.169142581426222],[-77.528881749264087,43.168947581454539],[-77.528341749488916,43.168731582371997],[-77.528149749868319,43.16896358218127],[-77.528149748969994,43.169862582127521],[-77.527993749334385,43.170509582999983],[-77.528221748940013,43.170705581031683],[-77.530578749480796,43.170813582419335],[-77.532092751196032,43.171072581741655],[-77.531328751114884,43.172121581805655],[-77.530553751163069,43.172404581872073],[-77.529643749695424,43.172153581591836],[-77.529170750765715,43.172238582334693],[-77.528716750305975,43.172544582457178],[-77.526850749136557,43.174850582995568],[-77.526595750665052,43.176050582597945],[-77.531097751136201,43.177204582577069],[-77.531972750647128,43.177309583309253],[-77.532680752448428,43.177276583285746],[-77.534758752431628,43.176903583844698],[-77.537329753232655,43.177097582986555],[-77.542547755002715,43.17686758262596],[-77.542448754370184,43.17632258174514],[-77.541739754540629,43.174647581322056],[-77.540466752849824,43.17296458228698],[-77.541831752805493,43.170433581107012],[-77.548071755297869,43.170228580917282],[-77.548022755792402,43.169423580643219],[-77.548133756120478,43.167332579986628]]]},"properties":{"OBJECTID":153420,"GEOID20":"360550111002","GEOID10":"360550111002","STATEFP":"36","COUNTYFP":"055","D1C":0.35402913003745057,"D1C5_RET":0.015618932207534584,"D2B_E5MIXA":0.24965058513171795,"D3A":13.737041423026753,"D3AAO":3.2049290804057438,"D3B":43.996494866144182,"D4A":254.81,"D4C":4.3300000000000001,"D4D":12.154193107699999,"D5AR":91007,"D5BR":86603}},{"type":"Feature","id":153421,"geometry":{"type":"Polygon","coordinates":[[[-77.557778759815221,43.168373580293391],[-77.558102758781999,43.168360580806116],[-77.557653759243451,43.167490579854707],[-77.557032758379108,43.166766579368911],[-77.548114755853902,43.167063580257874],[-77.548071755297869,43.170228580917282],[-77.552130757874878,43.170092580699396],[-77.552703757262009,43.168553580418489],[-77.557778759815221,43.168373580293391]]]},"properties":{"OBJECTID":153421,"GEOID20":"360550111003","GEOID10":"360550111003","STATEFP":"36","COUNTYFP":"055","D1C":0.040059437228561388,"D1C5_RET":0,"D2B_E5MIXA":0.43067655807339306,"D3A":25.413063346201831,"D3AAO":0,"D3B":102.57779734494343,"D4A":512.30999999999995,"D4C":6.6699999999999999,"D4D":85.502862820600001,"D5AR":89926,"D5BR":86570}},{"type":"Feature","id":153422,"geometry":{"type":"Polygon","coordinates":[[[-77.536619757171451,43.228476591283098],[-77.536921756396936,43.227176591747835],[-77.535180755799274,43.220015590611226],[-77.533822755516297,43.212761589916447],[-77.533522755940638,43.211847589631795],[-77.524539751321456,43.213698590403112],[-77.522461751338241,43.213931589937367],[-77.51858075173142,43.221682591185086],[-77.519591750786475,43.22187659136268],[-77.527938753574375,43.221629590590531],[-77.528085752989156,43.223199591176645],[-77.524380752211115,43.223305591553704],[-77.523932752497458,43.223671591339965],[-77.523687752275066,43.223740591584701],[-77.518740749768355,43.223878591839814],[-77.51828075125745,43.223859592439901],[-77.517577750377356,43.223684591486929],[-77.517136751234702,43.224579592571665],[-77.518594751076805,43.224945592564261],[-77.523880751720611,43.224785591757581],[-77.524446752333347,43.225015592212387],[-77.524889752922462,43.224672591270348],[-77.525522752584038,43.224513591255352],[-77.525973753569048,43.22452659187735],[-77.526855752752681,43.224808591645747],[-77.527966753163454,43.224630591516657],[-77.528690754858289,43.224602591882991],[-77.529075754822756,43.224718592432438],[-77.529197754123174,43.224865590904265],[-77.529299754230408,43.225831592522574],[-77.523345751968307,43.22607759180643],[-77.5231337522562,43.226211591977851],[-77.522606752001522,43.227141592847317],[-77.521795752064705,43.227577592491194],[-77.521321752411779,43.228475592458146],[-77.521014752265117,43.228680592747502],[-77.51494375072545,43.228958592431063],[-77.512894750156235,43.233109594128663],[-77.510015749383626,43.23321059335418],[-77.511078748317203,43.236565594344654],[-77.511385749362191,43.237024595151951],[-77.51186875103258,43.237503594185519],[-77.514608750989694,43.239607594849744],[-77.514979751608763,43.24004959529119],[-77.519326751370912,43.238817594151953],[-77.522316752471596,43.237358594100805],[-77.522952753404539,43.237219593614412],[-77.523926753547983,43.237235594114992],[-77.524642753948569,43.237169593413689],[-77.533086756820865,43.234948593124649],[-77.534261756805734,43.234726593751496],[-77.534213757125158,43.233932593077483],[-77.533819756041552,43.232072593266963],[-77.536619757171451,43.228476591283098]]]},"properties":{"OBJECTID":153422,"GEOID20":"360550112011","GEOID10":"360550112011","STATEFP":"36","COUNTYFP":"055","D1C":0.1786214803886858,"D1C5_RET":0,"D2B_E5MIXA":0.73522502264308642,"D3A":8.5810230774280711,"D3AAO":0.67168503072193453,"D3B":21.526075098680593,"D4A":-99999,"D4C":-99999,"D4D":-99999,"D5AR":57045,"D5BR":-99999}},{"type":"Feature","id":153423,"geometry":{"type":"Polygon","coordinates":[[[-77.528085752989156,43.223199591176645],[-77.527938753574375,43.221629590590531],[-77.519591750786475,43.22187659136268],[-77.51858075173142,43.221682591185086],[-77.519692751967128,43.219480590914884],[-77.519504750747814,43.21954159104029],[-77.518679750567316,43.219409590520328],[-77.51570174916219,43.219500591306108],[-77.51482074890518,43.219319591192274],[-77.515213748367245,43.218626591261696],[-77.515784749002862,43.218363591511363],[-77.516384749052492,43.217212591584797],[-77.514344749602429,43.217261590164568],[-77.510717748642179,43.224320591816223],[-77.512821749462987,43.2248445920794],[-77.515042749561331,43.224804592178138],[-77.515337750012421,43.224694591659691],[-77.515530750356263,43.224474591991111],[-77.516992750396341,43.224872591601908],[-77.517577750377356,43.223684591486929],[-77.51828075125745,43.223859592439901],[-77.518740749768355,43.223878591839814],[-77.523687752275066,43.223740591584701],[-77.523932752497458,43.223671591339965],[-77.524380752211115,43.223305591553704],[-77.528085752989156,43.223199591176645]]]},"properties":{"OBJECTID":153423,"GEOID20":"360550112012","GEOID10":"360550112012","STATEFP":"36","COUNTYFP":"055","D1C":0.087176615748395719,"D1C5_RET":0,"D2B_E5MIXA":0.36407283174867,"D3A":19.886554474296357,"D3AAO":0,"D3B":65.962582563367931,"D4A":-99999,"D4C":-99999,"D4D":-99999,"D5AR":60357,"D5BR":-99999}},{"type":"Feature","id":153424,"geometry":{"type":"Polygon","coordinates":[[[-77.533522755940638,43.211847589631795],[-77.532022754469097,43.208588588385972],[-77.525223751934988,43.203571587238699],[-77.522323750347667,43.196771587355599],[-77.518172748607469,43.196512587019178],[-77.514019748115771,43.196791587990731],[-77.50886674574474,43.196813587306579],[-77.511131747122334,43.20042958798814],[-77.511932747013404,43.202012587810813],[-77.512194746954236,43.203207588384799],[-77.513157747227012,43.205657588472469],[-77.513810746980084,43.206956589339555],[-77.514126748245886,43.20684658935928],[-77.514351748376797,43.206919589642162],[-77.513904747589734,43.207108589188216],[-77.514995749705662,43.208874589051824],[-77.515108749683577,43.209215589578818],[-77.515451748916931,43.21235158961187],[-77.515524748711854,43.214562591337483],[-77.515341749312071,43.215332590447112],[-77.514344749602429,43.217261590164568],[-77.516384749052492,43.217212591584797],[-77.515784749002862,43.218363591511363],[-77.515213748367245,43.218626591261696],[-77.51482074890518,43.219319591192274],[-77.51570174916219,43.219500591306108],[-77.518679750567316,43.219409590520328],[-77.519504750747814,43.21954159104029],[-77.519692751967128,43.219480590914884],[-77.522461751338241,43.213931589937367],[-77.524539751321456,43.213698590403112],[-77.533522755940638,43.211847589631795]]]},"properties":{"OBJECTID":153424,"GEOID20":"360550112013","GEOID10":"360550112013","STATEFP":"36","COUNTYFP":"055","D1C":0.12599517977125232,"D1C5_RET":0.018326571603091247,"D2B_E5MIXA":0.48115322879727307,"D3A":12.404127700487566,"D3AAO":2.3174999842521022,"D3B":47.424768931615411,"D4A":539.13,"D4C":1,"D4D":1.46612572825,"D5AR":64873,"D5BR":2509}},{"type":"Feature","id":153425,"geometry":{"type":"Polygon","coordinates":[[[-77.560311760981421,43.184415582572484],[-77.560175761437307,43.181031582617258],[-77.560008760134409,43.18000658234677],[-77.557322759705642,43.177308582336089],[-77.556869759070807,43.176403581249836],[-77.552590758182419,43.176557581880068],[-77.553294759785729,43.188421584240196],[-77.55455975928399,43.188377584134841],[-77.554802758958232,43.187844584254265],[-77.555647760128579,43.187176583643449],[-77.557109761066954,43.187094583207895],[-77.557867760402004,43.186820583253777],[-77.558114759375897,43.186644583920653],[-77.55815276080736,43.18638158315634],[-77.557604761534577,43.185706583612131],[-77.557957760813693,43.185250583445239],[-77.558992760158176,43.184742583442571],[-77.560311760981421,43.184415582572484]]]},"properties":{"OBJECTID":153425,"GEOID20":"360550110004","GEOID10":"360550110004","STATEFP":"36","COUNTYFP":"055","D1C":3.1251764201816012,"D1C5_RET":0,"D2B_E5MIXA":0.030363455164977786,"D3A":15.019952801696887,"D3AAO":0,"D3B":86.204018868819404,"D4A":532.41999999999996,"D4C":7,"D4D":29.6626914458,"D5AR":88290,"D5BR":86752}},{"type":"Feature","id":153426,"geometry":{"type":"Polygon","coordinates":[[[-77.529299754230408,43.225831592522574],[-77.529197754123174,43.224865590904265],[-77.529075754822756,43.224718592432438],[-77.528690754858289,43.224602591882991],[-77.527966753163454,43.224630591516657],[-77.526855752752681,43.224808591645747],[-77.525973753569048,43.22452659187735],[-77.525522752584038,43.224513591255352],[-77.524889752922462,43.224672591270348],[-77.524446752333347,43.225015592212387],[-77.523880751720611,43.224785591757581],[-77.518683750765277,43.224950592214512],[-77.517136751234702,43.224579592571665],[-77.516992750396341,43.224872591601908],[-77.515530750356263,43.224474591991111],[-77.515337750012421,43.224694591659691],[-77.515042749561331,43.224804592178138],[-77.512821749462987,43.2248445920794],[-77.510717748642179,43.224320591816223],[-77.509398748717246,43.226899593260399],[-77.509073748128927,43.227864592611482],[-77.508964748348987,43.228593592447105],[-77.509002747983814,43.229608593679252],[-77.509190748304789,43.230623593062887],[-77.510015749383626,43.23321059335418],[-77.512894750156235,43.233109594128663],[-77.51494375072545,43.228958592431063],[-77.521014752265117,43.228680592747502],[-77.521321752411779,43.228475592458146],[-77.521795752064705,43.227577592491194],[-77.522606752001522,43.227141592847317],[-77.5231337522562,43.226211591977851],[-77.523345751968307,43.22607759180643],[-77.529299754230408,43.225831592522574]]]},"properties":{"OBJECTID":153426,"GEOID20":"360550112014","GEOID10":"360550112014","STATEFP":"36","COUNTYFP":"055","D1C":0.93279162400053428,"D1C5_RET":0,"D2B_E5MIXA":0.18148642024103748,"D3A":14.712428425982006,"D3AAO":0,"D3B":55.16731956498581,"D4A":-99999,"D4C":-99999,"D4D":-99999,"D5AR":59036,"D5BR":-99999}},{"type":"Feature","id":153427,"geometry":{"type":"Polygon","coordinates":[[[-77.680525792725888,43.092046561379192],[-77.670724789395521,43.092325561960195],[-77.670278789331689,43.092402561661658],[-77.65884478535871,43.092862562308461],[-77.649966783914763,43.093305562862689],[-77.649621782336666,43.093516563548995],[-77.643927781263855,43.103757564296799],[-77.627788777328433,43.104261565951411],[-77.627321776449904,43.105161565519097],[-77.626210776937427,43.104812565995218],[-77.625890775473664,43.104869565173871],[-77.624684775526632,43.107150565690709],[-77.623950776481024,43.108000566905467],[-77.623548775001481,43.108722567446499],[-77.623572775290938,43.108907566819397],[-77.623784775003031,43.108994567249354],[-77.625434775364084,43.108911566668532],[-77.623305776225564,43.112850567126145],[-77.62571677719302,43.113586567551806],[-77.627760776841058,43.114355567577284],[-77.632652778197851,43.11673956795169],[-77.63289977986669,43.116738567953426],[-77.634760780114931,43.1177925675739],[-77.635194780483204,43.117113568133348],[-77.637647780385151,43.113975566672963],[-77.647917784243887,43.113604566478365],[-77.648238783735934,43.112969566499331],[-77.645801782829196,43.113051566764852],[-77.64591078260915,43.112847565629011],[-77.645682782105197,43.112857566247023],[-77.647983783467822,43.108555565302552],[-77.64484178113284,43.108701566039507],[-77.645699781823637,43.107118565314138],[-77.647302783227317,43.10706556557593],[-77.649151782881688,43.103599565609791],[-77.650682783417039,43.103582563954213],[-77.65073278274744,43.104523565234892],[-77.651139783351525,43.104519563787314],[-77.651082783450107,43.103578564412793],[-77.652162783898774,43.103570564017339],[-77.652200785330251,43.104644564793311],[-77.652634783901888,43.10463756407735],[-77.653255784766216,43.103561563407268],[-77.662748788125015,43.103315563490824],[-77.660074787391807,43.108094565011008],[-77.662101787321404,43.110736565811571],[-77.667714789101666,43.109888565430403],[-77.671591791205458,43.108604564537607],[-77.674771792276957,43.107201564391282],[-77.675474793157065,43.106598564228264],[-77.67583679265698,43.106120563987517],[-77.676342792995285,43.104481563467637],[-77.676451791876914,43.103509563427338],[-77.676361792363551,43.101736563504538],[-77.676734791734134,43.099753562898989],[-77.677197792414717,43.098549562014938],[-77.678606792751339,43.095932562539836],[-77.680525792725888,43.092046561379192]]]},"properties":{"OBJECTID":153427,"GEOID20":"360550130011","GEOID10":"360550130011","STATEFP":"36","COUNTYFP":"055","D1C":0.28194253573823025,"D1C5_RET":0.013151838401783337,"D2B_E5MIXA":0.60979941394717496,"D3A":6.866449175487439,"D3AAO":1.2015887470127569,"D3B":9.3562239301947319,"D4A":-99999,"D4C":10.33,"D4D":4.6003995049200004,"D5AR":66365,"D5BR":-99999}},{"type":"Feature","id":153428,"geometry":{"type":"Polygon","coordinates":[[[-77.562275754873625,43.107396568559921],[-77.562137755679672,43.107337569462857],[-77.55576975403909,43.107571569804605],[-77.555209753274127,43.10770656997321],[-77.554471753132248,43.108101569922404],[-77.553857752838908,43.108235569440687],[-77.547575751412069,43.108660569892514],[-77.547511750939648,43.107947569898357],[-77.54636675019367,43.110054570387931],[-77.550237751551379,43.112858570243382],[-77.553260752264023,43.115944571366654],[-77.553708753774316,43.116528571884892],[-77.555057753836479,43.116482571788033],[-77.554973755069199,43.114774569942853],[-77.555257753853013,43.113653570196398],[-77.55553075456281,43.113481570757024],[-77.555845753308773,43.113436570389275],[-77.558393755441884,43.113376570503277],[-77.558954754235145,43.113482570808557],[-77.562275754873625,43.107396568559921]]]},"properties":{"OBJECTID":153428,"GEOID20":"360550130021","GEOID10":"360550130021","STATEFP":"36","COUNTYFP":"055","D1C":1.4625958899935527,"D1C5_RET":0.29135376294692283,"D2B_E5MIXA":0.80108298370880926,"D3A":21.388911879456764,"D3AAO":8.7844300263973452,"D3B":48.499912795196565,"D4A":887.82000000000005,"D4C":2.3300000000000001,"D4D":8.68933462613,"D5AR":90580,"D5BR":86621}},{"type":"Feature","id":153429,"geometry":{"type":"Polygon","coordinates":[[[-77.566124757388337,43.110192568675096],[-77.566381758204585,43.109703569678317],[-77.565218757016964,43.109393569197536],[-77.564534755505122,43.109330569580578],[-77.563451756480063,43.109557569364021],[-77.562804756574764,43.109590568580586],[-77.562104755169401,43.109545569286745],[-77.561209756465303,43.109366569931744],[-77.558954754235145,43.113482570808557],[-77.558393755441884,43.113376570503277],[-77.555845753308773,43.113436570389275],[-77.55553075456281,43.113481570757024],[-77.555257753853013,43.113653570196398],[-77.554973755069199,43.114774569942853],[-77.555057753836479,43.116482571788033],[-77.560748755434531,43.116301570415473],[-77.561091755566224,43.115119570275432],[-77.562154756296422,43.114529569875167],[-77.562604756558216,43.113900569925882],[-77.563480756792373,43.113879569639863],[-77.564022756217369,43.113986570428722],[-77.565392757094244,43.11155356958411],[-77.565656756684874,43.1113405698908],[-77.566134757434071,43.111141570058621],[-77.566014756885153,43.110622569145995],[-77.566124757388337,43.110192568675096]]]},"properties":{"OBJECTID":153429,"GEOID20":"360550130022","GEOID10":"360550130022","STATEFP":"36","COUNTYFP":"055","D1C":0.1829326891508618,"D1C5_RET":0,"D2B_E5MIXA":0,"D3A":16.031430213704926,"D3AAO":0,"D3B":68.903211480635193,"D4A":843.55999999999995,"D4C":2.3300000000000001,"D4D":16.046425062499999,"D5AR":86645,"D5BR":86623}},{"type":"Feature","id":153430,"geometry":{"type":"Polygon","coordinates":[[[-77.575639760488443,43.108196568666557],[-77.575767760534958,43.10792856851004],[-77.574726760444378,43.107926568881332],[-77.569244758185363,43.108130568712461],[-77.561593755706539,43.108616568734277],[-77.561209756465303,43.109366569931744],[-77.562104755169401,43.109545569286745],[-77.562804756574764,43.109590568580586],[-77.563451756480063,43.109557569364021],[-77.56465375622912,43.109329570117069],[-77.565380756500346,43.109421569880865],[-77.566381758204585,43.109703569678317],[-77.566028758027187,43.110495570309553],[-77.566134757434071,43.111141570058621],[-77.565656756684874,43.1113405698908],[-77.565392757094244,43.11155356958411],[-77.564022756217369,43.113986570428722],[-77.563480756792373,43.113879569639863],[-77.562604756558216,43.113900569925882],[-77.562154756296422,43.114529569875167],[-77.561091755566224,43.115119570275432],[-77.560748755434531,43.116301570415473],[-77.571376758595264,43.115965570288289],[-77.575639760488443,43.108196568666557]]]},"properties":{"OBJECTID":153430,"GEOID20":"360550130023","GEOID10":"360550130023","STATEFP":"36","COUNTYFP":"055","D1C":2.6460897300530206,"D1C5_RET":0,"D2B_E5MIXA":0.43406620324465012,"D3A":10.569063211637676,"D3AAO":2.4002772469558389,"D3B":20.825242765703184,"D4A":873.07000000000005,"D4C":1.6699999999999999,"D4D":6.1347954522399997,"D5AR":91304,"D5BR":319}},{"type":"Feature","id":153431,"geometry":{"type":"Polygon","coordinates":[[[-77.580260760785293,43.099374566727207],[-77.580324760359389,43.099239566549826],[-77.580174760571552,43.099189566748706],[-77.573405758174673,43.09714456692236],[-77.572233757664506,43.09620156700614],[-77.553437751816034,43.096864567638043],[-77.551844751356384,43.09976156838465],[-77.564891754982185,43.099315567769779],[-77.563713755522571,43.101429568678114],[-77.563907755691304,43.1015265684319],[-77.565013756079225,43.101497567825106],[-77.565419756858418,43.101607568696771],[-77.566677755785662,43.099269567853938],[-77.575083758124805,43.099056566081948],[-77.576706758721656,43.099080567066935],[-77.576869759826607,43.099177565950733],[-77.576929760101052,43.099404567309229],[-77.575907760277033,43.105112568118997],[-77.576064759737562,43.105571568208077],[-77.576784760336096,43.105910568211897],[-77.580260760785293,43.099374566727207]]]},"properties":{"OBJECTID":153431,"GEOID20":"360550130024","GEOID10":"360550130024","STATEFP":"36","COUNTYFP":"055","D1C":0.26177188468289009,"D1C5_RET":0,"D2B_E5MIXA":0.65266476330495793,"D3A":16.34574566067247,"D3AAO":0,"D3B":72.13434765387511,"D4A":0,"D4C":1.6699999999999999,"D4D":6.02050880014,"D5AR":91887,"D5BR":2698}},{"type":"Feature","id":153432,"geometry":{"type":"Polygon","coordinates":[[[-77.565419756858418,43.101607568696771],[-77.565013756079225,43.101497567825106],[-77.563907755691304,43.1015265684319],[-77.563713755522571,43.101429568678114],[-77.564891754982185,43.099315567769779],[-77.551844751356384,43.09976156838465],[-77.547511750939648,43.107947569898357],[-77.547575751412069,43.108660569892514],[-77.553857752838908,43.108235569440687],[-77.554471753132248,43.108101569922404],[-77.555209753274127,43.10770656997321],[-77.55576975403909,43.107571569804605],[-77.562137755679672,43.107337569462857],[-77.562275754873625,43.107396568559921],[-77.565419756858418,43.101607568696771]]]},"properties":{"OBJECTID":153432,"GEOID20":"360550130025","GEOID10":"360550130025","STATEFP":"36","COUNTYFP":"055","D1C":0.10556787679299781,"D1C5_RET":0,"D2B_E5MIXA":0,"D3A":12.02045428789526,"D3AAO":0,"D3B":25.748910017327535,"D4A":968.28999999999996,"D4C":3,"D4D":7.2389401229499999,"D5AR":85058,"D5BR":9729}},{"type":"Feature","id":153433,"geometry":{"type":"Polygon","coordinates":[[[-77.582007760332388,43.094287565213079],[-77.582000761558007,43.093693565861443],[-77.572736757629755,43.094005565901291],[-77.57114775646977,43.093905566894193],[-77.569774757016475,43.093684565767326],[-77.570408757401282,43.092520566281273],[-77.571926757517843,43.092959565794224],[-77.57230875800758,43.092988566508986],[-77.574602757900863,43.092321565619379],[-77.574818758709242,43.092184566149385],[-77.575579759315673,43.090651565649729],[-77.575599758508844,43.090360565413285],[-77.575377757852678,43.089660565322333],[-77.57541475856091,43.089330565297551],[-77.575773757687799,43.088740564957241],[-77.576872759301324,43.087740565545012],[-77.576956758966915,43.087249565350206],[-77.558115752014288,43.087421565675257],[-77.556698753078365,43.090102566955473],[-77.552842751789285,43.096884567535696],[-77.58196676122283,43.095897565778316],[-77.582007760332388,43.094287565213079]]]},"properties":{"OBJECTID":153433,"GEOID20":"360550131011","GEOID10":"360550131011","STATEFP":"36","COUNTYFP":"055","D1C":3.4035600436114848,"D1C5_RET":0.58254276499214008,"D2B_E5MIXA":0.94222616595057151,"D3A":9.0056312493703849,"D3AAO":0,"D3B":29.473928306173079,"D4A":1161.4100000000001,"D4C":1,"D4D":1.5506880783999999,"D5AR":81052,"D5BR":4669}},{"type":"Feature","id":153445,"geometry":{"type":"Polygon","coordinates":[[[-77.746217814382547,43.107121561189665],[-77.748651814916229,43.105914561042468],[-77.745075814907935,43.107399561798495],[-77.744588814836206,43.107391560590756],[-77.744041813591721,43.107210561186982],[-77.743384813640702,43.107185561922996],[-77.736301810526143,43.107217561608685],[-77.728669809212207,43.106109561440896],[-77.725240807720382,43.106191562371357],[-77.725678808286617,43.112460562753249],[-77.725891807823629,43.112645563287771],[-77.726813808986847,43.112631562373608],[-77.727331808122386,43.112737562657706],[-77.727214808844835,43.113138562615916],[-77.727224808890583,43.113690563462541],[-77.725287808474349,43.113789562898923],[-77.725178808694409,43.113970563832432],[-77.725246807568169,43.114667563318456],[-77.725329808307151,43.114774562729536],[-77.725486807767666,43.114807563723616],[-77.72732280969818,43.114715563530901],[-77.727446808648438,43.116151563514009],[-77.728119808492977,43.116013563580907],[-77.746217814382547,43.107121561189665]]]},"properties":{"OBJECTID":153445,"GEOID20":"360550145042","GEOID10":"360550145042","STATEFP":"36","COUNTYFP":"055","D1C":2.3561475809232832,"D1C5_RET":2.1056742344827901,"D2B_E5MIXA":0.26951770664967228,"D3A":15.78819725164997,"D3AAO":0,"D3B":60.703191931373553,"D4A":545.84000000000003,"D4C":2,"D4D":5.4339980244700001,"D5AR":64420,"D5BR":59121}},{"type":"Feature","id":153446,"geometry":{"type":"Polygon","coordinates":[[[-77.709322806412843,43.147618570068765],[-77.709086805512996,43.142532568485983],[-77.707568804498109,43.133209567787489],[-77.706912803473685,43.133475567913315],[-77.706672803274174,43.133722567602938],[-77.7059988036047,43.133700567188015],[-77.705848803816878,43.133591567995289],[-77.705878803055782,43.133239567519475],[-77.705795803215111,43.133102567836907],[-77.705061803271178,43.132993567578403],[-77.704687803177364,43.132713567725844],[-77.704125802762576,43.132565567763507],[-77.704117804163289,43.13243356790251],[-77.704304802862737,43.132252567828537],[-77.704259802656878,43.131907567076823],[-77.704394803274411,43.131808567453767],[-77.704409803343026,43.131660567268092],[-77.704187803585171,43.131566567336286],[-77.703907803202696,43.131599567140519],[-77.703338803115201,43.131314566694748],[-77.702888802853408,43.131320567221564],[-77.702754802959106,43.131402567806823],[-77.702664801649107,43.131638567422563],[-77.702184803046705,43.131693567677146],[-77.701900801567959,43.131847566946945],[-77.701533802045148,43.131814567276521],[-77.701211802728196,43.131583567774065],[-77.700491803027973,43.131358567922163],[-77.698746800435728,43.131156567032413],[-77.697967801184276,43.131326567747834],[-77.697840800962666,43.131573567594231],[-77.697690800276533,43.131578567028789],[-77.697121801087363,43.131386567733237],[-77.697188800136203,43.131035568098007],[-77.697023801178076,43.130920568179157],[-77.696761800338933,43.130898567411805],[-77.69621480089107,43.131030567307931],[-77.696244800130003,43.131342567837116],[-77.695990800585093,43.131595568118776],[-77.695510801084382,43.131463567475279],[-77.695136800092243,43.131189568369003],[-77.693263799250133,43.131348568361176],[-77.692761799109803,43.131085567453731],[-77.692186799174536,43.13040056741422],[-77.689751797019298,43.130778567735796],[-77.69052779949098,43.131690567759904],[-77.690818799744122,43.132612568618676],[-77.691065800514636,43.142769569949223],[-77.69098179995072,43.14989057124783],[-77.699989802887629,43.149831570525109],[-77.701113802818895,43.149757570660022],[-77.702029804134327,43.149576570745332],[-77.709322806412843,43.147618570068765]]]},"properties":{"OBJECTID":153446,"GEOID20":"360550144005","GEOID10":"360550144005","STATEFP":"36","COUNTYFP":"055","D1C":1.9146895543253406,"D1C5_RET":0.079849520011793268,"D2B_E5MIXA":0.92735778336694796,"D3A":6.8032274536602859,"D3AAO":0,"D3B":24.427385112961375,"D4A":678.61000000000001,"D4C":9.3300000000000001,"D4D":8.5432208683099997,"D5AR":80636,"D5BR":159245}},{"type":"Feature","id":153447,"geometry":{"type":"Polygon","coordinates":[[[-77.765729819733295,43.109012560968189],[-77.765768820091353,43.107181560649408],[-77.750436815894801,43.107142561171223],[-77.750048816455589,43.107075560580292],[-77.749510815431947,43.106840560805765],[-77.748651814916229,43.105914561042468],[-77.745052814443397,43.107700561227617],[-77.745479814240667,43.10810556129838],[-77.745595813693299,43.108427561387302],[-77.745668814386562,43.116222562065822],[-77.750437816618032,43.116226562748359],[-77.753207817610701,43.114917561662644],[-77.761109820159675,43.112628561521539],[-77.765344820667138,43.10968556042311],[-77.765602820409995,43.109370561225283],[-77.765729819733295,43.109012560968189]]]},"properties":{"OBJECTID":153447,"GEOID20":"360550145011","GEOID10":"360550145011","STATEFP":"36","COUNTYFP":"055","D1C":0.39472273254104023,"D1C5_RET":0.1893385465034258,"D2B_E5MIXA":0.77059646236936541,"D3A":14.762621811960729,"D3AAO":0,"D3B":63.697851457705738,"D4A":997.78999999999996,"D4C":2,"D4D":4.1076837207499999,"D5AR":65523,"D5BR":4690}},{"type":"Feature","id":153448,"geometry":{"type":"Polygon","coordinates":[[[-77.789212828695796,43.111881560525475],[-77.78670882784192,43.110292559445881],[-77.78511782703211,43.108672559650103],[-77.784430826943847,43.108121559591218],[-77.783214826951081,43.107646559223106],[-77.782619826025993,43.107558560008009],[-77.780462825501758,43.107475560103232],[-77.765768820091353,43.107181560649408],[-77.765729819733295,43.109012560968189],[-77.765492821703461,43.10953056033339],[-77.761109820159675,43.112628561521539],[-77.753207817610701,43.114917561662644],[-77.750437816618032,43.116226562748359],[-77.745668814386562,43.116222562065822],[-77.745633816023073,43.125423564286514],[-77.75458881925654,43.125472564440415],[-77.765691821895089,43.125661563729743],[-77.781114828124871,43.126187563197966],[-77.781213826062441,43.124532562523548],[-77.781488826422049,43.123913563237281],[-77.781759826583695,43.11832756101095],[-77.781080826891355,43.118160562125283],[-77.779839825885915,43.116824561189276],[-77.778352825731488,43.116386561638414],[-77.777260824688966,43.115128560661255],[-77.777179825396431,43.114661561158002],[-77.777561825886153,43.114498561587631],[-77.777752825681873,43.114711561438085],[-77.778095824915226,43.114836560647944],[-77.778201825220435,43.115265560600484],[-77.778470825732271,43.115726561963186],[-77.778882826359222,43.116039561871993],[-77.779669826006597,43.115973561194764],[-77.780739826409501,43.115666561699371],[-77.78092782673049,43.115337560857249],[-77.780980825535622,43.114575560947998],[-77.781197826168906,43.114679560424158],[-77.78187182583838,43.114772561357178],[-77.782426826580476,43.114941561019783],[-77.78388682607239,43.11306756048603],[-77.787076828087947,43.111997560899752],[-77.787253828538269,43.112090560006472],[-77.787570828730679,43.112113560398427],[-77.789212828695796,43.111881560525475]]]},"properties":{"OBJECTID":153448,"GEOID20":"360550145012","GEOID10":"360550145012","STATEFP":"36","COUNTYFP":"055","D1C":0.070866722279292013,"D1C5_RET":0,"D2B_E5MIXA":0.51728334601602211,"D3A":8.8045820705734936,"D3AAO":2.4791206025240284,"D3B":19.060306381042111,"D4A":-99999,"D4C":-99999,"D4D":-99999,"D5AR":34628,"D5BR":-99999}},{"type":"Feature","id":153449,"geometry":{"type":"Polygon","coordinates":[[[-77.724420808461048,43.123682565366714],[-77.724300808810455,43.122939565137692],[-77.723002807903597,43.121366564069191],[-77.720963807380116,43.117573564113947],[-77.715051804950804,43.120024564618674],[-77.702965802846307,43.125848567325804],[-77.715228806299436,43.125623565390356],[-77.724275809594417,43.125567565068522],[-77.724279807995728,43.124296564994026],[-77.724420808461048,43.123682565366714]]]},"properties":{"OBJECTID":153449,"GEOID20":"360550145031","GEOID10":"360550145031","STATEFP":"36","COUNTYFP":"055","D1C":0.21292742997226194,"D1C5_RET":0,"D2B_E5MIXA":0.27603963542144971,"D3A":14.70332010457474,"D3AAO":0,"D3B":52.406039593930331,"D4A":702.75,"D4C":2,"D4D":6.2859589293399996,"D5AR":73443,"D5BR":61916}},{"type":"Feature","id":153450,"geometry":{"type":"Polygon","coordinates":[[[-77.745668814386562,43.116222562065822],[-77.745595813693299,43.108427561387302],[-77.745479814240667,43.10810556129838],[-77.745052814443397,43.107700561227617],[-77.729317810739047,43.115428563373904],[-77.72987581005755,43.115980563892954],[-77.730281809938418,43.116131563352894],[-77.732690812154374,43.116299562535637],[-77.745668814386562,43.116222562065822]]]},"properties":{"OBJECTID":153450,"GEOID20":"360550145033","GEOID10":"360550145033","STATEFP":"36","COUNTYFP":"055","D1C":0.9906185987695707,"D1C5_RET":0.13663704810614768,"D2B_E5MIXA":0.57472809258504254,"D3A":12.287319167697701,"D3AAO":0,"D3B":59.53367277350258,"D4A":350.02999999999997,"D4C":2,"D4D":7.2873092323300002,"D5AR":66988,"D5BR":58580}},{"type":"Feature","id":153452,"geometry":{"type":"Polygon","coordinates":[[[-77.715051804950804,43.120024564618674],[-77.71447080516775,43.113612563595076],[-77.713794804950155,43.112368563622709],[-77.713230803088905,43.106726562130703],[-77.704506801630771,43.107074562391617],[-77.704493801211967,43.107823563320181],[-77.703900800835044,43.108464563058902],[-77.703569801297263,43.109328564095321],[-77.703267800275157,43.109667562967218],[-77.702867801140371,43.109826563155153],[-77.700479800637439,43.109879563781845],[-77.700161800620137,43.109977563371928],[-77.699999799340119,43.110203563929787],[-77.700047799919005,43.111299563707078],[-77.700933800198897,43.112610564275258],[-77.701294800772231,43.113486564456714],[-77.701542801367665,43.116232564755308],[-77.701710800698848,43.116466565188837],[-77.702301800527621,43.116669564097506],[-77.70212580080053,43.117761564874144],[-77.702062801051341,43.119066564951979],[-77.702300802499366,43.121806565833296],[-77.702391801837635,43.122274565792544],[-77.702607801747689,43.12267556554508],[-77.703123802131728,43.123146565750027],[-77.703561801799651,43.123357565222584],[-77.704344802147361,43.123899566868147],[-77.705105802753806,43.124814566123248],[-77.715051804950804,43.120024564618674]]]},"properties":{"OBJECTID":153452,"GEOID20":"360550145043","GEOID10":"360550145043","STATEFP":"36","COUNTYFP":"055","D1C":0.2039113561736208,"D1C5_RET":0.083963499600902686,"D2B_E5MIXA":0.65006617286333668,"D3A":16.436500343689541,"D3AAO":0,"D3B":63.835770802694057,"D4A":918.66999999999996,"D4C":2,"D4D":2.9449977303299999,"D5AR":69234,"D5BR":64}},{"type":"Feature","id":153453,"geometry":{"type":"Polygon","coordinates":[[[-77.727446808648438,43.116151563514009],[-77.72732280969818,43.114715563530901],[-77.725486807767666,43.114807563723616],[-77.725329808307151,43.114774562729536],[-77.725246807568169,43.114667563318456],[-77.725178808694409,43.113970563832432],[-77.725287808474349,43.113789562898923],[-77.727224808890583,43.113690563462541],[-77.727214808844835,43.113138562615916],[-77.727331808122386,43.112737562657706],[-77.726813808986847,43.112631562373608],[-77.725891807823629,43.112645563287771],[-77.725678808286617,43.112460562753249],[-77.725240807720382,43.106191562371357],[-77.713230803088905,43.106726562130703],[-77.713794804950155,43.112368563622709],[-77.71447080516775,43.113612563595076],[-77.715051804950804,43.120024564618674],[-77.723836808304952,43.116406564339087],[-77.727446808648438,43.116151563514009]]]},"properties":{"OBJECTID":153453,"GEOID20":"360550145044","GEOID10":"360550145044","STATEFP":"36","COUNTYFP":"055","D1C":0.098693447583710625,"D1C5_RET":0,"D2B_E5MIXA":0.55266774027242394,"D3A":15.828516948556256,"D3AAO":0,"D3B":67.404203326824785,"D4A":1097.04,"D4C":2,"D4D":4.2109204302399998,"D5AR":62988,"D5BR":22}},{"type":"Feature","id":153455,"geometry":{"type":"Polygon","coordinates":[[[-77.490415741474393,43.215726591409137],[-77.491011741326048,43.214592591722891],[-77.490306741694454,43.214342591770148],[-77.48881274096901,43.214335591827471],[-77.481515737594222,43.213781591474458],[-77.4750177362573,43.213803592520392],[-77.475827736369183,43.217502593000596],[-77.475967737907922,43.230419594174471],[-77.482547740158907,43.230281594982024],[-77.484645741131928,43.230372594593689],[-77.487384741264151,43.230613594692549],[-77.486820740301212,43.224882592877698],[-77.486614740436892,43.223688593646415],[-77.486674740711337,43.223012592847184],[-77.486802739859556,43.22260759257361],[-77.490415741474393,43.215726591409137]]]},"properties":{"OBJECTID":153455,"GEOID20":"360550112051","GEOID10":"360550112051","STATEFP":"36","COUNTYFP":"055","D1C":0.082518927884462398,"D1C5_RET":0.0022302412941746595,"D2B_E5MIXA":0.66184073626677198,"D3A":12.296085772439792,"D3AAO":2.3671212354739111,"D3B":28.561362109718356,"D4A":-99999,"D4C":-99999,"D4D":-99999,"D5AR":51754,"D5BR":-99999}},{"type":"Feature","id":153461,"geometry":{"type":"Polygon","coordinates":[[[-77.534259757155908,43.23478559361368],[-77.534261756805734,43.234726593751496],[-77.534166755472867,43.234735593379206],[-77.533086756820865,43.234948593124649],[-77.524642753948569,43.237169593413689],[-77.523926753547983,43.237235594114992],[-77.522952753404539,43.237219593614412],[-77.522316752471596,43.237358594100805],[-77.519326751370912,43.238817594151953],[-77.514979751608763,43.24004959529119],[-77.514608750989694,43.239607594849744],[-77.51186875103258,43.237503594185519],[-77.511300749871694,43.236914594435149],[-77.510928749427691,43.236226594942089],[-77.509636748368607,43.232025593651869],[-77.507581747951633,43.232119593500336],[-77.506773747489547,43.233615594522462],[-77.506777748585804,43.234227594351857],[-77.50563374766476,43.234267593959949],[-77.504198746490545,43.233907594578874],[-77.503621746905466,43.233902594354348],[-77.501953745204446,43.235240593993133],[-77.501907746970303,43.235850595147937],[-77.504873747781559,43.235781594867632],[-77.501393747134415,43.24277859684333],[-77.497391745357135,43.242797596235512],[-77.498650746804259,43.245894596599676],[-77.499274747143318,43.24643059660076],[-77.500508745781133,43.246986596999541],[-77.501903748568978,43.247582596931807],[-77.502980747746264,43.247783596495331],[-77.505499748668754,43.247742596781443],[-77.507123749090539,43.247471596478377],[-77.508194749318363,43.248856597596486],[-77.514930751204986,43.244154595187275],[-77.533833757183572,43.236405594589449],[-77.534259757155908,43.23478559361368]]]},"properties":{"OBJECTID":153461,"GEOID20":"360550112031","GEOID10":"360550112031","STATEFP":"36","COUNTYFP":"055","D1C":0.070432526169694032,"D1C5_RET":0,"D2B_E5MIXA":0.67096426823773059,"D3A":11.257385519485762,"D3AAO":0,"D3B":42.678796885729717,"D4A":-99999,"D4C":-99999,"D4D":-99999,"D5AR":55558,"D5BR":-99999}},{"type":"Feature","id":153462,"geometry":{"type":"Polygon","coordinates":[[[-77.509313749226763,43.232049593501628],[-77.509636748368607,43.232025593651869],[-77.509141748799294,43.230383593760756],[-77.501564745042003,43.230910593240168],[-77.494163743706778,43.231217594503953],[-77.485359740086068,43.230425594786787],[-77.48281173974955,43.230286594194631],[-77.470499735892616,43.230536594881343],[-77.481159739738672,43.233553595993484],[-77.492201743176196,43.23636859508936],[-77.496353744741285,43.238817595460795],[-77.497391745357135,43.242797596235512],[-77.501393747134415,43.24277859684333],[-77.504873747781559,43.235781594867632],[-77.501907746970303,43.235850595147937],[-77.501953745204446,43.235240593993133],[-77.503621746905466,43.233902594354348],[-77.504198746490545,43.233907594578874],[-77.50563374766476,43.234267593959949],[-77.506777748585804,43.234227594351857],[-77.506773747489547,43.233615594522462],[-77.507526748598352,43.232151593903026],[-77.507756747853804,43.232092593454233],[-77.509313749226763,43.232049593501628]]]},"properties":{"OBJECTID":153462,"GEOID20":"360550112032","GEOID10":"360550112032","STATEFP":"36","COUNTYFP":"055","D1C":0.060486703152427261,"D1C5_RET":0.007258404378291272,"D2B_E5MIXA":0.60697868654530107,"D3A":8.0125781817338613,"D3AAO":0,"D3B":28.836262329471491,"D4A":-99999,"D4C":-99999,"D4D":-99999,"D5AR":52673,"D5BR":-99999}},{"type":"Feature","id":153464,"geometry":{"type":"Polygon","coordinates":[[[-77.475967737907922,43.230419594174471],[-77.475827736369183,43.217502593000596],[-77.4750177362573,43.213803592520392],[-77.472167735797015,43.213604592263742],[-77.473548736544529,43.21378359222458],[-77.467532733459834,43.213608592466123],[-77.466073732894486,43.213647592788753],[-77.45917373097636,43.214321593249004],[-77.449888728030018,43.215394593106808],[-77.446638726638326,43.215423593389467],[-77.446646727034249,43.221820594789556],[-77.46131373178217,43.227123594620515],[-77.470499735892616,43.230536594881343],[-77.475967737907922,43.230419594174471]]]},"properties":{"OBJECTID":153464,"GEOID20":"360550112052","GEOID10":"360550112052","STATEFP":"36","COUNTYFP":"055","D1C":2.1598895928487902,"D1C5_RET":0.01152965974830315,"D2B_E5MIXA":0.70740193457316047,"D3A":11.304565540847113,"D3AAO":2.6570454746021666,"D3B":28.389591432227295,"D4A":-99999,"D4C":-99999,"D4D":-99999,"D5AR":50169,"D5BR":-99999}},{"type":"Feature","id":153465,"geometry":{"type":"Polygon","coordinates":[[[-77.43454272808134,43.267752603074982],[-77.433748726964637,43.266901603287572],[-77.432817726478916,43.266447603398426],[-77.432759725854282,43.266323603107978],[-77.432380726635913,43.266297603996279],[-77.431135726330822,43.266802603977929],[-77.431030726748844,43.266884603225975],[-77.430902726702314,43.267297603494939],[-77.430677726571417,43.267422603912486],[-77.429942725904255,43.267312603794082],[-77.429469725177952,43.267027603365413],[-77.428200725481716,43.266944604153302],[-77.427862725372918,43.267048603353025],[-77.427426725354806,43.267394603009244],[-77.426022725041079,43.26757560359799],[-77.42515972342909,43.267372603645448],[-77.424506724574329,43.266785604542768],[-77.424348724390569,43.266741603404682],[-77.423147722669796,43.266818603249568],[-77.422081723363178,43.266587604076918],[-77.421067723036757,43.266768603794631],[-77.420429723352299,43.266746604204648],[-77.419573723209638,43.266417604332545],[-77.418472721946287,43.265700603876901],[-77.419162722407592,43.265493603490832],[-77.420121722482406,43.265323603961939],[-77.419528721207158,43.24053359967413],[-77.417773719467519,43.240748599304773],[-77.400515714725401,43.240801600290268],[-77.40008771330659,43.221456596172281],[-77.375307704160463,43.224496598343137],[-77.37606570888542,43.270046605605636],[-77.376048709166966,43.276781607446985],[-77.391486714567051,43.276904606713373],[-77.414460721919895,43.270154605153998],[-77.421176721918386,43.271173605085274],[-77.430746727066705,43.269869604950308],[-77.43454272808134,43.267752603074982]]]},"properties":{"OBJECTID":153465,"GEOID20":"360550113011","GEOID10":"360550113011","STATEFP":"36","COUNTYFP":"055","D1C":0.44184327299687987,"D1C5_RET":0.00024091781515642305,"D2B_E5MIXA":0.50253497359109633,"D3A":3.9985625760521053,"D3AAO":0.2284509785529657,"D3B":6.7457567775130993,"D4A":-99999,"D4C":-99999,"D4D":-99999,"D5AR":32745,"D5BR":-99999}},{"type":"Feature","id":153466,"geometry":{"type":"Polygon","coordinates":[[[-77.607436768135329,43.08273756207015],[-77.606122768233249,43.079312562261805],[-77.606129767007616,43.078436561902052],[-77.606316767503685,43.077281561891546],[-77.604961766695439,43.077159561423052],[-77.6047627656055,43.076762561342036],[-77.604387767483402,43.076407562025068],[-77.60395676658986,43.076139561834495],[-77.60370276614664,43.076071560777081],[-77.60232076557422,43.076203561487056],[-77.600059765292883,43.075991561520759],[-77.594023763015002,43.076153561907766],[-77.592411763187116,43.076049561943442],[-77.586417759843727,43.076136562474581],[-77.586091760328799,43.076262561712447],[-77.585895761408523,43.076478562052991],[-77.585862760898266,43.077335561806223],[-77.585679760600158,43.077537563203705],[-77.584514759762683,43.07759356285608],[-77.58355775933768,43.077392562284238],[-77.582435759954564,43.079451562867156],[-77.581871759889964,43.080734563714856],[-77.581900760202259,43.082691564135821],[-77.600142765133569,43.082430563192659],[-77.606846768131433,43.082761562889971],[-77.607436768135329,43.08273756207015]]]},"properties":{"OBJECTID":153466,"GEOID20":"360550131012","GEOID10":"360550131012","STATEFP":"36","COUNTYFP":"055","D1C":1.6625763752987253,"D1C5_RET":0,"D2B_E5MIXA":0.16447307231863315,"D3A":13.778453819449501,"D3AAO":0,"D3B":50.510687923453943,"D4A":0,"D4C":2.6699999999999999,"D4D":5.1189378560499996,"D5AR":62909,"D5BR":894}},{"type":"Feature","id":153468,"geometry":{"type":"Polygon","coordinates":[[[-77.611320769911813,43.094860565111375],[-77.611800771209161,43.094844564008966],[-77.610726769709984,43.09216956409152],[-77.610459769746285,43.090414564296921],[-77.607436768135329,43.08273756207015],[-77.606846768131433,43.082761562889971],[-77.600142765133569,43.082430563192659],[-77.581900760202259,43.082691564135821],[-77.581883760483834,43.081226563561913],[-77.581776759455394,43.08121856352664],[-77.581407759384447,43.081334563607641],[-77.578229758861085,43.08724056430912],[-77.576956758966915,43.087249565350206],[-77.576872759301324,43.087740565545012],[-77.576068758138888,43.088419564781191],[-77.575615758402364,43.088987565496637],[-77.575367758705255,43.089502565027374],[-77.575599758508844,43.090360565413285],[-77.575579759315673,43.090651565649729],[-77.574926758664276,43.092086565626985],[-77.574602757900863,43.092321565619379],[-77.57230875800758,43.092988566508986],[-77.571926757517843,43.092959565794224],[-77.570408757401282,43.092520566281273],[-77.569774757016475,43.093684565767326],[-77.57114775646977,43.093905566894193],[-77.572736757629755,43.094005565901291],[-77.582000761558007,43.093693565861443],[-77.58196676122283,43.095897565778316],[-77.611320769911813,43.094860565111375]]]},"properties":{"OBJECTID":153468,"GEOID20":"360550131013","GEOID10":"360550131013","STATEFP":"36","COUNTYFP":"055","D1C":8.9058509536400976,"D1C5_RET":0.54879880573883899,"D2B_E5MIXA":0.83854356760314364,"D3A":9.6476045708032885,"D3AAO":2.6498970693513701,"D3B":18.552961414712932,"D4A":476.10000000000002,"D4C":4.6699999999999999,"D4D":3.2076683501800001,"D5AR":70995,"D5BR":6640}},{"type":"Feature","id":153469,"geometry":{"type":"Polygon","coordinates":[[[-77.60760976659104,43.069152560585245],[-77.607745767931789,43.068715560023357],[-77.605106766460395,43.068564560424981],[-77.598648764408125,43.068654560152162],[-77.598541764277996,43.069210560261936],[-77.595831763559787,43.074036561095042],[-77.594840763697931,43.073778561473873],[-77.592706763638205,43.073848561224139],[-77.592364762433149,43.074005561826191],[-77.592117762560918,43.074241561665225],[-77.592009762605898,43.074532561700217],[-77.59201576245367,43.07508956166123],[-77.586076761158495,43.075170562116291],[-77.58487976053398,43.074900562370367],[-77.58355775933768,43.077392562284238],[-77.584514759762683,43.07759356285608],[-77.585679760600158,43.077537563203705],[-77.585862760898266,43.077335561806223],[-77.585924760822536,43.076428562698034],[-77.586192760611127,43.076206561499923],[-77.586606760887918,43.076116563019589],[-77.592411763187116,43.076049561943442],[-77.594023763015002,43.076153561907766],[-77.600059765292883,43.075991561520759],[-77.600935765527026,43.076031561161969],[-77.602188765329728,43.076202561482773],[-77.603829766368264,43.076095561583465],[-77.604387767483402,43.076407562025068],[-77.604686767234142,43.076679561685943],[-77.604961766695439,43.077159561423052],[-77.606316767503685,43.077281561891546],[-77.60760976659104,43.069152560585245]]]},"properties":{"OBJECTID":153469,"GEOID20":"360550131014","GEOID10":"360550131014","STATEFP":"36","COUNTYFP":"055","D1C":0.41536755579178014,"D1C5_RET":0.1061494864801216,"D2B_E5MIXA":0.62682075295807815,"D3A":14.496318928277429,"D3AAO":0,"D3B":48.266817629820295,"D4A":922.69000000000005,"D4C":1.3300000000000001,"D4D":3.92845403878,"D5AR":74527,"D5BR":2880}},{"type":"Feature","id":153470,"geometry":{"type":"Polygon","coordinates":[[[-77.598631764689699,43.068735559924896],[-77.598648764408125,43.068654560152162],[-77.585947760388748,43.068840561269624],[-77.585957760434496,43.069375560546867],[-77.585515759670301,43.070248561510944],[-77.58485375879809,43.070116561098693],[-77.584101760209137,43.070114561547619],[-77.583658759620022,43.070190561503978],[-77.583297759046687,43.07043156077701],[-77.58140075881343,43.074002562361812],[-77.5813557586076,43.074241562321376],[-77.581451758867075,43.074449562304629],[-77.582122759061804,43.075069561864538],[-77.582402758545953,43.075157562496017],[-77.582774759888281,43.07511956232829],[-77.583049760247889,43.074897562293557],[-77.583570759756483,43.073939561764213],[-77.583815759978862,43.073719562137875],[-77.585253760627793,43.074155561762375],[-77.58487976053398,43.074900562370367],[-77.585865760372982,43.075149561668333],[-77.59201576245367,43.07508956166123],[-77.592009762605898,43.074532561700217],[-77.592117762560918,43.074241561665225],[-77.592364762433149,43.074005561826191],[-77.592706763638205,43.073848561224139],[-77.594840763697931,43.073778561473873],[-77.595831763559787,43.074036561095042],[-77.598541764277996,43.069210560261936],[-77.598631764689699,43.068735559924896]]]},"properties":{"OBJECTID":153470,"GEOID20":"360550131015","GEOID10":"360550131015","STATEFP":"36","COUNTYFP":"055","D1C":0.1143193912541192,"D1C5_RET":0,"D2B_E5MIXA":0.42997183021821528,"D3A":16.888263258029021,"D3AAO":0,"D3B":48.800661738558411,"D4A":1071.55,"D4C":-99999,"D4D":-99999,"D5AR":70858,"D5BR":15}},{"type":"Feature","id":153471,"geometry":{"type":"Polygon","coordinates":[[[-77.585979760175803,43.069192561409075],[-77.585947760388748,43.068840561269624],[-77.570189755321536,43.06902256199308],[-77.568259753679698,43.068879561516994],[-77.564235753957746,43.075991563489261],[-77.564492752977372,43.076064563356184],[-77.563417753449926,43.078156563043692],[-77.558115752014288,43.087421565675257],[-77.578229758861085,43.08724056430912],[-77.581407759384447,43.081334563607641],[-77.58160475902794,43.08122756414037],[-77.581883760483834,43.081226563561913],[-77.581871759889964,43.080734563714856],[-77.582255760927822,43.079824563249311],[-77.585253760627793,43.074155561762375],[-77.583815759978862,43.073719562137875],[-77.583570759756483,43.073939561764213],[-77.582994760894621,43.07496556202905],[-77.582774759888281,43.07511956232829],[-77.582485759284964,43.075163562623928],[-77.582122759061804,43.075069561864538],[-77.581670759150185,43.074701562209256],[-77.581387759292966,43.074333562312709],[-77.58140075881343,43.074002562361812],[-77.583297759046687,43.07043156077701],[-77.583658759620022,43.070190561503978],[-77.584101760209137,43.070114561547619],[-77.58485375879809,43.070116561098693],[-77.585515759670301,43.070248561510944],[-77.585894759786981,43.069563561014228],[-77.585979760175803,43.069192561409075]]]},"properties":{"OBJECTID":153471,"GEOID20":"360550131016","GEOID10":"360550131016","STATEFP":"36","COUNTYFP":"055","D1C":0.098738329559686866,"D1C5_RET":0,"D2B_E5MIXA":0.57614945822565489,"D3A":8.511548065908686,"D3AAO":0,"D3B":28.404977046402841,"D4A":-99999,"D4C":1,"D4D":0.82695208146999999,"D5AR":70887,"D5BR":-99999}},{"type":"Feature","id":153472,"geometry":{"type":"Polygon","coordinates":[[[-77.63922077895667,43.082667561320292],[-77.63961377841872,43.08193156182886],[-77.635302776844981,43.077595560850796],[-77.634545775538214,43.076665561076709],[-77.633280775141614,43.074710559843176],[-77.632384774815989,43.072709559713161],[-77.630161774169508,43.074213559985687],[-77.62681077429211,43.076211560864813],[-77.625622773888423,43.074682560346488],[-77.625331773635281,43.074037559822301],[-77.625129773070597,43.073274560255655],[-77.62529777240178,43.072411560402003],[-77.626242773131224,43.070657559650918],[-77.625712772503476,43.070525558807013],[-77.624804772482292,43.070418559495252],[-77.622933773086629,43.070457560051096],[-77.622785771151982,43.07117355914815],[-77.620750771724786,43.074953560421427],[-77.618498770765967,43.074257560275626],[-77.618455770209962,43.073953561027686],[-77.619823771437012,43.071427560219995],[-77.619945770737445,43.070637559720275],[-77.620127772108944,43.070543560549602],[-77.621259772436133,43.070526559560221],[-77.621029771384045,43.069894560002844],[-77.620802771603309,43.068513559733411],[-77.611240767749251,43.068716559493595],[-77.607745767931789,43.068715560023357],[-77.607522766552393,43.069535560478514],[-77.606129767007616,43.078436561902052],[-77.606122768233249,43.079312562261805],[-77.607778767543763,43.083697562597209],[-77.610274768900041,43.089850564132526],[-77.610564770226574,43.090808563214807],[-77.610726769709984,43.09216956409152],[-77.611800771209161,43.094844564008966],[-77.613505770923467,43.094783564564494],[-77.613549771304392,43.093987563835491],[-77.614274771925807,43.092567563788407],[-77.620358772985938,43.081455562406006],[-77.624660773440553,43.081362561377063],[-77.62474677365428,43.087110562099014],[-77.629704776031645,43.087070562473698],[-77.631890775969893,43.087170562800104],[-77.633216776465829,43.087108562446375],[-77.634088776502011,43.087195562364137],[-77.636534777629592,43.08767756267099],[-77.63922077895667,43.082667561320292]]]},"properties":{"OBJECTID":153472,"GEOID20":"360550131041","GEOID10":"360550131041","STATEFP":"36","COUNTYFP":"055","D1C":5.5993626694008753,"D1C5_RET":3.0498448326701801,"D2B_E5MIXA":0.75206264268734058,"D3A":13.617815678347011,"D3AAO":2.4511383030318057,"D3B":47.39827526823904,"D4A":1019.25,"D4C":10.67,"D4D":6.5653182717799998,"D5AR":81637,"D5BR":2789}},{"type":"Feature","id":153540,"geometry":{"type":"Polygon","coordinates":[[[-77.73035280020207,43.004879543394637],[-77.72384379899448,43.00369854334263],[-77.720680797641435,43.00325954373853],[-77.692762789053248,43.003278545396569],[-77.666446780247199,43.003033545487654],[-77.666888780113084,43.000998545581943],[-77.669725780154565,42.991775543657702],[-77.672598781079387,42.986227542685228],[-77.682468783108433,42.967788538904848],[-77.679656782282962,42.966500538826246],[-77.67500678077549,42.964126538130664],[-77.670183779015659,42.962424538507719],[-77.668193777997672,42.961632537506581],[-77.667788777941709,42.961541538669181],[-77.664058776151009,42.961521538010906],[-77.663897775594222,42.961738538626619],[-77.661388776514102,42.963319539262656],[-77.659223775593915,42.964869539513003],[-77.658616774973297,42.967227538917456],[-77.659431776006386,42.968570539692557],[-77.659636776944112,42.969090539809976],[-77.659640775345451,42.969530539408368],[-77.659295775563947,42.971109540121347],[-77.659092776072669,42.971492540806757],[-77.658209776165847,42.972410541332948],[-77.656822775570532,42.975030540915853],[-77.655798775198377,42.976532541197415],[-77.654757775107782,42.978748541722453],[-77.65442077482389,42.979961541299851],[-77.654343774830991,42.980696542643216],[-77.654425775745068,42.982150541684724],[-77.65551877661251,42.987764542849078],[-77.654395774709528,42.988060543785444],[-77.648265773618647,42.990305544773236],[-77.644411771979378,42.991070544396337],[-77.644668771897315,42.991284544356816],[-77.645387772670958,42.992695544390486],[-77.645702774111854,42.996212544724997],[-77.646252773034433,42.996539544732052],[-77.647234773573786,42.997415544904271],[-77.64918477530712,42.999408545020579],[-77.651341775831369,43.002309545975976],[-77.651985776261924,43.002703545554311],[-77.653086776626978,43.002963545709648],[-77.657388777979904,43.002990546534434],[-77.649525776687298,43.017840549124713],[-77.667695782546872,43.017754547616484],[-77.718691798245004,43.017232546004315],[-77.723088800032471,43.016970546504581],[-77.72191979899705,43.015223545898209],[-77.721484798803885,43.014042545701244],[-77.72132179949557,43.012479545056145],[-77.72129079863511,43.011893544871654],[-77.721589799284175,43.010973544522855],[-77.722669797936206,43.009113544891378],[-77.72323479872405,43.008517544208395],[-77.723596799122276,43.008275544224517],[-77.727636800534398,43.006539543989952],[-77.729177801115483,43.005748543378886],[-77.73035280020207,43.004879543394637]]]},"properties":{"OBJECTID":153540,"GEOID20":"360550133002","GEOID10":"360550133002","STATEFP":"36","COUNTYFP":"055","D1C":0.098539529133343587,"D1C5_RET":0,"D2B_E5MIXA":0.67069030885696956,"D3A":3.8145023822880026,"D3AAO":1.4509682264851484,"D3B":3.1020243771176563,"D4A":-99999,"D4C":0.33000000000000002,"D4D":0.052028871382399998,"D5AR":26586,"D5BR":-99999}},{"type":"Feature","id":153541,"geometry":{"type":"Polygon","coordinates":[[[-77.705431815743452,43.286370594998424],[-77.705600815797837,43.286329595763931],[-77.703683814574802,43.285230595682165],[-77.701938814677504,43.284314594964066],[-77.697024812681065,43.281946594161923],[-77.696190812279738,43.281473594924684],[-77.695384812365774,43.280879594339126],[-77.694892812271178,43.280464594153969],[-77.694046811275967,43.27948959394346],[-77.693718811212889,43.278983594629082],[-77.692607810802102,43.27656359309389],[-77.692169810235882,43.275816594111056],[-77.691635811206822,43.275136593360799],[-77.690449811351257,43.274098593637291],[-77.688944809856864,43.273170593409645],[-77.687459809352262,43.27257659352415],[-77.685437808547235,43.272136593141497],[-77.684006808469306,43.27197759270387],[-77.682118807558567,43.272007593608073],[-77.676745805079506,43.272732594174371],[-77.674740804891229,43.272894594124452],[-77.672750804771567,43.272851594845939],[-77.671691804239316,43.272756594339533],[-77.669000802889357,43.272220594500794],[-77.66765380337533,43.271788594123855],[-77.66658580172394,43.271320594179606],[-77.664722800927564,43.270342593009204],[-77.657298799127773,43.265237594022558],[-77.656933798356491,43.265584593031392],[-77.656685798659367,43.266404593023765],[-77.65681779800552,43.26666059300522],[-77.656701799451213,43.267170593357108],[-77.65675579808125,43.267727593597456],[-77.657126797802022,43.267936594516925],[-77.657003799575008,43.268176593723702],[-77.656299799768306,43.268400594440749],[-77.655641799094042,43.267998594031987],[-77.655409797493832,43.268013594158397],[-77.654899798754215,43.268346593788479],[-77.654752798441123,43.268253593061559],[-77.654504798744,43.267712594054657],[-77.654079798596555,43.267394593197416],[-77.653182798446011,43.267356593399384],[-77.652184797114813,43.267626594686085],[-77.65185979652648,43.268021593962672],[-77.65195279731121,43.269313594340417],[-77.651743797073848,43.269583594141388],[-77.651109797587353,43.269777594232792],[-77.650228797330328,43.270770594117685],[-77.64743279550008,43.272323595082703],[-77.6454627954719,43.275261595992355],[-77.644647795337136,43.276388595698229],[-77.644127795653446,43.276951595903114],[-77.643120795898042,43.278684597039707],[-77.651245798029791,43.281826596322588],[-77.665831803485162,43.290084597206295],[-77.681055809523301,43.300305598646453],[-77.6837308100814,43.298370598008106],[-77.684038809154657,43.298257598680863],[-77.684438810086078,43.297941597867954],[-77.685031809564677,43.297768597846591],[-77.68403080965706,43.297270598117301],[-77.684212809231937,43.295031596962986],[-77.68530980939903,43.29379359767271],[-77.687555810510034,43.292539597020721],[-77.693352812413323,43.290027596847168],[-77.695860812566835,43.28934059619781],[-77.700558814653206,43.288544595767569],[-77.703901815033007,43.287396595472345],[-77.705377816215076,43.286727594772799],[-77.705431815743452,43.286370594998424]]]},"properties":{"OBJECTID":153541,"GEOID20":"360550134023","GEOID10":"360550134023","STATEFP":"36","COUNTYFP":"055","D1C":0.29558385734004622,"D1C5_RET":0.01331458816847055,"D2B_E5MIXA":0.74384557680066887,"D3A":5.2113204238664599,"D3AAO":1.1062927801117561,"D3B":3.9876981858235263,"D4A":-99999,"D4C":-99999,"D4D":-99999,"D5AR":35180,"D5BR":-99999}},{"type":"Feature","id":153550,"geometry":{"type":"Polygon","coordinates":[[[-77.703615810311163,43.222026584314797],[-77.703648809923124,43.21960258324907],[-77.703216810103001,43.218302583661007],[-77.703290808824519,43.211334581095777],[-77.703422809069011,43.210038582454395],[-77.702534809139294,43.209950581956413],[-77.701535808881488,43.209950581956413],[-77.69891580767667,43.210208581777124],[-77.695948807040509,43.209882582258437],[-77.695914807603629,43.21558958286748],[-77.696068807589413,43.216302582093164],[-77.696666807989217,43.217792583217403],[-77.696853807586962,43.218694583828942],[-77.696803808256561,43.223701583970879],[-77.703598809694412,43.223735583325549],[-77.703615810311163,43.222026584314797]]]},"properties":{"OBJECTID":153550,"GEOID20":"360550135051","GEOID10":"360550135051","STATEFP":"36","COUNTYFP":"055","D1C":2.0130706350325296,"D1C5_RET":0.52311812325671303,"D2B_E5MIXA":0.95217919364869963,"D3A":13.827286955802641,"D3AAO":0,"D3B":43.861212700261426,"D4A":871.73000000000002,"D4C":2,"D4D":5.9784928372200001,"D5AR":61765,"D5BR":90052}},{"type":"Feature","id":153552,"geometry":{"type":"Polygon","coordinates":[[[-77.751293827540479,43.248988586039488],[-77.751488827534146,43.244375585204644],[-77.745558825561474,43.244266585200684],[-77.738978822412165,43.243525585737714],[-77.733231821635925,43.243404586854723],[-77.73335482165956,43.239021584562373],[-77.723818818643068,43.238877586089963],[-77.723781817934835,43.240394585489504],[-77.723281818342628,43.241487586895644],[-77.723194818304009,43.244178586988347],[-77.722807817791391,43.244448587019299],[-77.721833817647948,43.244449586891164],[-77.721860818310446,43.24316058661875],[-77.720868817725346,43.243143586472051],[-77.720625817152794,43.243234586509267],[-77.72051981774591,43.243407586521698],[-77.720459818369747,43.244247586921055],[-77.720340817645749,43.244410586641351],[-77.72009281794864,43.244515586904669],[-77.717103816672861,43.244463586404265],[-77.717011816611333,43.247068588256695],[-77.716637815619222,43.247783587989034],[-77.715901816025465,43.248741587827119],[-77.715655815978181,43.249206587274735],[-77.715555815520744,43.250888588176892],[-77.715620816716381,43.253267589336858],[-77.715053818075361,43.269616591985418],[-77.7439328272865,43.277069591604501],[-77.749997828978394,43.279219592310007],[-77.751293827540479,43.248988586039488]]]},"properties":{"OBJECTID":153552,"GEOID20":"360550135081","GEOID10":"360550135081","STATEFP":"36","COUNTYFP":"055","D1C":0.42641722439887031,"D1C5_RET":0.036081457449135178,"D2B_E5MIXA":0.47937122141068045,"D3A":4.7043488803609579,"D3AAO":0,"D3B":12.611663112133801,"D4A":749.69000000000005,"D4C":0.67000000000000004,"D4D":0.17236428380800001,"D5AR":49447,"D5BR":1245}},{"type":"Feature","id":153553,"geometry":{"type":"Polygon","coordinates":[[[-77.667770800856246,43.254127591316767],[-77.667983801291598,43.252906590601086],[-77.663992800283282,43.252898591427716],[-77.663992799384971,43.250811591084641],[-77.666856800088965,43.250813590619487],[-77.666977800462789,43.250397589779894],[-77.666959800021132,43.247837589868233],[-77.660866798740159,43.247880590457946],[-77.660692798662893,43.247953590035294],[-77.66067979824409,43.24839659058653],[-77.659181797320699,43.248393590510936],[-77.659236798470602,43.252906590601086],[-77.646829794179112,43.252970591801684],[-77.646735794467759,43.261762593372467],[-77.649384795984929,43.26227859363852],[-77.651628796547811,43.262832592177084],[-77.653486797321307,43.263435592926193],[-77.655407797844006,43.26424359328842],[-77.657298799127773,43.265237594022558],[-77.663783800944245,43.269702593775122],[-77.666774801869821,43.26499759238601],[-77.667160801659207,43.264186592921419],[-77.667436801843735,43.263295592848536],[-77.6675628013421,43.26251559287698],[-77.667770800856246,43.254127591316767]]]},"properties":{"OBJECTID":153553,"GEOID20":"360550136031","GEOID10":"360550136031","STATEFP":"36","COUNTYFP":"055","D1C":2.6398437047783001,"D1C5_RET":0.068851880859659279,"D2B_E5MIXA":0.29026384035259267,"D3A":14.273339886878007,"D3AAO":4.4241160709735299,"D3B":42.748255047193545,"D4A":-99999,"D4C":4.3300000000000001,"D4D":4.3364166417799996,"D5AR":60833,"D5BR":-99999}},{"type":"Feature","id":153575,"geometry":{"type":"Polygon","coordinates":[[[-77.747049815134076,43.125425563999194],[-77.737268813691827,43.125426565166791],[-77.730595811554394,43.125554564998183],[-77.71078680430611,43.125699565323686],[-77.710881804740666,43.127167566247792],[-77.710787805927666,43.128777566207823],[-77.71057780586537,43.130035566499586],[-77.710096804743117,43.130469566929172],[-77.708165804174669,43.131482567456359],[-77.707774803464133,43.132184568104165],[-77.707537803637663,43.132909567691677],[-77.709086805512996,43.142532568485983],[-77.709322806412843,43.147618570068765],[-77.717953807984586,43.145236569393049],[-77.718124808587106,43.138304567588449],[-77.718295808291344,43.137299567232276],[-77.718844808287344,43.135757567824612],[-77.747049815134076,43.125425563999194]]]},"properties":{"OBJECTID":153575,"GEOID20":"360550142022","GEOID10":"360550142022","STATEFP":"36","COUNTYFP":"055","D1C":1.2870305122626557,"D1C5_RET":0.24181374101033468,"D2B_E5MIXA":0.79192137373466476,"D3A":16.79128631446325,"D3AAO":5.4735196196425049,"D3B":63.734385232796896,"D4A":-99999,"D4C":4,"D4D":3.38274960102,"D5AR":56790,"D5BR":-99999}},{"type":"Feature","id":153597,"geometry":{"type":"Polygon","coordinates":[[[-77.754285819307825,43.140874566862237],[-77.754329819688763,43.139350566369536],[-77.754219819185579,43.138702566908663],[-77.746168816673702,43.140955566833],[-77.736033814330796,43.143144567873527],[-77.732310813111098,43.14387856853714],[-77.732429814733422,43.167238572655712],[-77.732352815638833,43.174789573553355],[-77.735703817312853,43.174355573939522],[-77.73697681630874,43.17452357369099],[-77.742411817813746,43.175947573830641],[-77.747638820702932,43.176866573784459],[-77.75354382166293,43.178408573150499],[-77.753835821740992,43.160222570511202],[-77.754285819307825,43.140874566862237]]]},"properties":{"OBJECTID":153597,"GEOID20":"360550142023","GEOID10":"360550142023","STATEFP":"36","COUNTYFP":"055","D1C":2.2561454240532006,"D1C5_RET":0.041316758598088581,"D2B_E5MIXA":0.49488495748841044,"D3A":9.3623215973707712,"D3AAO":1.38485021216208,"D3B":22.55711619448256,"D4A":1161.4100000000001,"D4C":3.6699999999999999,"D4D":1.4185893112000001,"D5AR":59625,"D5BR":2538}},{"type":"Feature","id":153598,"geometry":{"type":"Polygon","coordinates":[[[-77.807388835301481,43.124237561863275],[-77.807187836358338,43.123470561881469],[-77.805700835305601,43.12066256135283],[-77.805195834792229,43.119343561183612],[-77.802880832287613,43.110379559218835],[-77.802684832469012,43.108045559465232],[-77.799855831925143,43.10843255877851],[-77.793509830025855,43.109587559053836],[-77.788619828318872,43.110697560073042],[-77.787692827132773,43.110946560114378],[-77.789212828695796,43.111881560525475],[-77.787570828730679,43.112113560398427],[-77.787253828538269,43.112090560006472],[-77.787076828087947,43.111997560899752],[-77.78388682607239,43.11306756048603],[-77.782426826580476,43.114941561019783],[-77.782412826336767,43.115129560685837],[-77.78700482901624,43.115258561099246],[-77.787260827312636,43.114278560726795],[-77.788289829504308,43.114467560497765],[-77.790447828955138,43.11453856100345],[-77.791156829683018,43.114641560509952],[-77.791556829716114,43.114445560370584],[-77.791680830462994,43.11383855991118],[-77.791899829847779,43.113636560185142],[-77.792141829697115,43.113577559889414],[-77.793182830686021,43.113612559660439],[-77.793080829680449,43.114716559627709],[-77.792994829466721,43.114868560923995],[-77.791599829373808,43.115617560248999],[-77.791395829159299,43.115853560436896],[-77.791317830239834,43.116982560494343],[-77.791530829776832,43.117584561321237],[-77.791518830081273,43.118467560911327],[-77.791662830021309,43.118677560817048],[-77.791859830563126,43.118769561610314],[-77.794243830868083,43.118858561062993],[-77.79451683157788,43.118719561367406],[-77.79459583032228,43.118298561150766],[-77.794917831435868,43.118171561194224],[-77.800321832978767,43.118334560816827],[-77.800186834157856,43.120765561042546],[-77.800565833376226,43.120740561413918],[-77.800908834406229,43.120628560958828],[-77.80157683243128,43.121466561499403],[-77.789456829991593,43.126486562334037],[-77.807178835239213,43.127088562094762],[-77.807388835301481,43.124237561863275]]]},"properties":{"OBJECTID":153598,"GEOID20":"360550145051","GEOID10":"360550145051","STATEFP":"36","COUNTYFP":"055","D1C":0.5252180433365089,"D1C5_RET":0.089266307760750521,"D2B_E5MIXA":0.95646868604547541,"D3A":14.483179163224296,"D3AAO":0,"D3B":100.46064809405671,"D4A":-99999,"D4C":-99999,"D4D":-99999,"D5AR":50113,"D5BR":-99999}},{"type":"Feature","id":153599,"geometry":{"type":"Polygon","coordinates":[[[-77.778045823788204,43.094177557750342],[-77.778049823986152,43.093752557116147],[-77.767153820138532,43.096827558298941],[-77.766731820364129,43.096766558205999],[-77.763490819193294,43.095635557786927],[-77.76177481781167,43.095298557997459],[-77.760038818135229,43.095252558999675],[-77.754208816619993,43.095677558407381],[-77.752397814803828,43.095718559313198],[-77.738961811015628,43.095358559205167],[-77.737871810521227,43.09528955945116],[-77.736004810425214,43.094959559581014],[-77.734700809670585,43.094513558755501],[-77.733351809608436,43.093926559601513],[-77.73301480932453,43.094413559921925],[-77.732865809361599,43.094869559784861],[-77.732863809711787,43.096321559721702],[-77.732319809738669,43.101971561228183],[-77.732356810446902,43.106687561706806],[-77.736301810526143,43.107217561608685],[-77.743384813640702,43.107185561922996],[-77.744041813591721,43.107210561186982],[-77.744588814836206,43.107391560590756],[-77.745075814907935,43.107399561798495],[-77.748651814916229,43.105914561042468],[-77.758927818622738,43.100865559762298],[-77.773508823156945,43.10118155903406],[-77.775496823626796,43.099565558637558],[-77.778025823696709,43.096668557800371],[-77.778045823788204,43.094177557750342]]]},"properties":{"OBJECTID":153599,"GEOID20":"360550146021","GEOID10":"360550146021","STATEFP":"36","COUNTYFP":"055","D1C":0.73006883560484881,"D1C5_RET":0.16984240272751691,"D2B_E5MIXA":0.94512672247531071,"D3A":7.2127127712875847,"D3AAO":0.012715599519783568,"D3B":29.311399430442389,"D4A":470.73000000000002,"D4C":3,"D4D":2.3334624321000002,"D5AR":58669,"D5BR":4010}},{"type":"Feature","id":153600,"geometry":{"type":"Polygon","coordinates":[[[-77.783586822903487,43.054813549317444],[-77.783564822263855,43.053991549436041],[-77.783289821904248,43.052920549066364],[-77.782955821993397,43.052576549855395],[-77.782615823133099,43.052395549274451],[-77.782626821207117,43.051638549912319],[-77.782423820817542,43.050919549836387],[-77.780228820658451,43.046660548167743],[-77.779348820226332,43.044376548431067],[-77.778913820033168,43.042544547390833],[-77.779142820362026,43.038211546431015],[-77.778788819461383,43.037167547191196],[-77.778142819381003,43.036391547739726],[-77.753235810911576,43.036313547912073],[-77.738654806377397,43.035953548079362],[-77.736729805656722,43.036071548472421],[-77.729329803248078,43.035871548329204],[-77.728733804294734,43.036853548625665],[-77.726273803821798,43.043214550142217],[-77.725354803031621,43.044445551033867],[-77.724637803704439,43.044994551765825],[-77.722322802098134,43.046009551792807],[-77.719500801226943,43.046930551510812],[-77.712807798998028,43.049374551375479],[-77.709558798329581,43.049498552886796],[-77.70738079699062,43.049062552499073],[-77.705808796447386,43.049304552560969],[-77.704921796342575,43.049734552550625],[-77.699542794914038,43.054428553216212],[-77.698607795128666,43.055030554050987],[-77.697002794973457,43.056512554305513],[-77.696027795005122,43.057934554452409],[-77.695970795103719,43.058938555116171],[-77.696575796074526,43.060136554585242],[-77.698438795972592,43.061996554670522],[-77.699075794933805,43.063153555721442],[-77.699147795802162,43.064416555215821],[-77.698728796400815,43.065792555696014],[-77.698091795642952,43.066459555366208],[-77.695793795551708,43.0680945564213],[-77.695528795237848,43.069071556769856],[-77.696559795282681,43.070184556951745],[-77.697688795236814,43.070721555841381],[-77.69942179633685,43.070946556837022],[-77.701542797774394,43.070875557618237],[-77.703203798006101,43.070934556411046],[-77.70490579824569,43.07135955655874],[-77.70546979831029,43.071884556725514],[-77.706529799565772,43.07367155602968],[-77.706518799695118,43.07467755691976],[-77.706057798664361,43.075583556995852],[-77.705671799773299,43.076117557775902],[-77.70517179928278,43.076577557361404],[-77.704090799009222,43.077079557681614],[-77.702300798007769,43.077528556798711],[-77.6953287952213,43.078471558142589],[-77.692825795090641,43.078927558589648],[-77.691963794201882,43.079541558417688],[-77.685931793020288,43.086147559764427],[-77.684657794199509,43.087410560424317],[-77.684843793074023,43.087448560186125],[-77.684749793362698,43.087825559687595],[-77.687324794361686,43.087862560033926],[-77.687220793706302,43.091046560837022],[-77.687085794885405,43.092258561553372],[-77.691451795812441,43.092521561427262],[-77.690543795791243,43.093428561078483],[-77.698754798136704,43.093913560680832],[-77.722316805843619,43.089174559144347],[-77.723931806044561,43.088876558556855],[-77.725340807279508,43.088934559247143],[-77.726963806978048,43.089287558565303],[-77.727844807235059,43.089642558699246],[-77.728578807178977,43.090057559240861],[-77.729118807852458,43.090478558222898],[-77.73129980776784,43.092553559593853],[-77.732234808451537,43.09329055911148],[-77.734161808822009,43.094303559245297],[-77.735269809758066,43.094727559633462],[-77.736757809737398,43.095127559808681],[-77.737871810521227,43.09528955945116],[-77.738961811015628,43.095358559205167],[-77.752397814803828,43.095718559313198],[-77.754208816619993,43.095677558407381],[-77.760038818135229,43.095252558999675],[-77.761180818508151,43.095260558514127],[-77.762060818940256,43.095337558461189],[-77.763490819193294,43.095635557786927],[-77.766731820364129,43.096766558205999],[-77.767153820138532,43.096827558298941],[-77.780622824437017,43.093006557060612],[-77.781742824170323,43.092773557196402],[-77.78099082468303,43.090477556483521],[-77.780146823337617,43.08895855567097],[-77.780054824174428,43.088409555578409],[-77.780106824052979,43.088191556350395],[-77.78039482303474,43.087785555936861],[-77.781117823108019,43.087095555518047],[-77.781375824647512,43.08642755556351],[-77.781805823021202,43.080104554485402],[-77.781910824399816,43.072466552861698],[-77.782218822574762,43.070365552928664],[-77.783385822163723,43.059525551507114],[-77.783586822903487,43.054813549317444]]]},"properties":{"OBJECTID":153600,"GEOID20":"360550146023","GEOID10":"360550146023","STATEFP":"36","COUNTYFP":"055","D1C":0.054323551095641472,"D1C5_RET":0.00031644787046004739,"D2B_E5MIXA":0.55435605837789537,"D3A":2.9919146678016881,"D3AAO":0.68123810837207133,"D3B":2.3393671172926735,"D4A":-99999,"D4C":3,"D4D":0.191327972298,"D5AR":45121,"D5BR":-99999}},{"type":"Feature","id":153745,"geometry":{"type":"Polygon","coordinates":[[[-77.819343836986434,43.093237555929853],[-77.819048836535316,43.087853555146616],[-77.819075836299504,43.083691552807473],[-77.818553835169368,43.08370555443566],[-77.818060835249867,43.083625553992626],[-77.816626835697207,43.08421655295561],[-77.814294834372461,43.084422553455539],[-77.813477833689532,43.08442255411164],[-77.813211834449078,43.084492553512312],[-77.81315083524801,43.084644553753805],[-77.812504834269333,43.084745553969043],[-77.810426833387794,43.084691554024083],[-77.809258833075603,43.084546554944815],[-77.807979832435322,43.084540555079606],[-77.807305833664174,43.084421554241445],[-77.807014831614396,43.084514553907269],[-77.806140831928403,43.084838554455175],[-77.805115831731328,43.085570554389527],[-77.804841831196626,43.086300555738994],[-77.804494831765311,43.086625554547702],[-77.804560830989246,43.087293554967253],[-77.804425831270024,43.08771955497221],[-77.803629831401821,43.087879555557777],[-77.801068829748218,43.088014555193723],[-77.800082830807526,43.088159555248851],[-77.798378829121489,43.089670555951912],[-77.7968228293701,43.090192556044592],[-77.795838830079234,43.090900556043607],[-77.79531082999965,43.091577556167636],[-77.795242829329254,43.092317556814379],[-77.794742829737061,43.092817555966086],[-77.794325829087228,43.093019556173864],[-77.79382782914486,43.093128556148862],[-77.79311682876714,43.093179556690423],[-77.792623827949328,43.093087556788873],[-77.792111828661575,43.093092556088315],[-77.790719828043393,43.093323556601142],[-77.790071827414877,43.093503556669418],[-77.789824828440985,43.093824556440175],[-77.788724826104215,43.093912556373667],[-77.787867826136662,43.09384555770302],[-77.787460827329198,43.093625556735546],[-77.786927826328409,43.093165557227714],[-77.786798826456959,43.09205055708194],[-77.787060826397777,43.091652556649201],[-77.787195827015324,43.091046556244912],[-77.787227826802379,43.089787556212485],[-77.786581824925364,43.088560556138646],[-77.786265825456169,43.087693555805245],[-77.785417825709445,43.086617555217437],[-77.784533824181068,43.086317556288648],[-77.784352824431096,43.086314556114807],[-77.783479824569994,43.086558555778161],[-77.781301824129343,43.087524556358666],[-77.780512823035522,43.088082556117428],[-77.780380824587681,43.088373555368186],[-77.780412825273046,43.088741556228456],[-77.780642824528499,43.089136555861089],[-77.780379823864436,43.089353555872329],[-77.78099082468303,43.090477556483521],[-77.781742824170323,43.092773557196402],[-77.780622824437017,43.093006557060612],[-77.778049823986152,43.093752557116147],[-77.778025823696709,43.096668557800371],[-77.775496823626796,43.099565558637558],[-77.773508823156945,43.10118155903406],[-77.789357827562441,43.101522558261735],[-77.791258827993659,43.100085557808306],[-77.793189828562078,43.098792557249581],[-77.795747829842639,43.097424557710987],[-77.796116829015261,43.096572557237543],[-77.798884830358105,43.095478556852491],[-77.800912831010919,43.094830556399202],[-77.802649831410605,43.094352556112298],[-77.805388832441125,43.093786556042204],[-77.809317833525157,43.09328055660859],[-77.812276835562017,43.093124555924547],[-77.819343836986434,43.093237555929853]]]},"properties":{"OBJECTID":153745,"GEOID20":"360550146012","GEOID10":"360550146012","STATEFP":"36","COUNTYFP":"055","D1C":0.15272479837193798,"D1C5_RET":0.024801462983477109,"D2B_E5MIXA":0.88197580845000001,"D3A":9.989750032618355,"D3AAO":2.1988215802612197,"D3B":37.796617108244114,"D4A":-99999,"D4C":-99999,"D4D":-99999,"D5AR":54952,"D5BR":-99999}},{"type":"Feature","id":153746,"geometry":{"type":"Polygon","coordinates":[[[-77.820243833916749,43.062319550013399],[-77.820081831738406,43.037709545593593],[-77.808364828806532,43.037409546248121],[-77.79679582511433,43.037664547328241],[-77.794123824030976,43.037402546383753],[-77.778142819381003,43.036391547739726],[-77.778788819461383,43.037167547191196],[-77.779142820362026,43.038211546431015],[-77.778913820033168,43.042544547390833],[-77.779348820226332,43.044376548431067],[-77.780228820658451,43.046660548167743],[-77.782423820817542,43.050919549836387],[-77.782626821207117,43.051638549912319],[-77.782615823133099,43.052395549274451],[-77.782955821993397,43.052576549855395],[-77.783289821904248,43.052920549066364],[-77.783604822446833,43.054353550489154],[-77.783385822163723,43.059525551507114],[-77.782218822574762,43.070365552928664],[-77.781910824399816,43.072466552861698],[-77.781805823021202,43.080104554485402],[-77.781375824647512,43.08642755556351],[-77.781117823108019,43.087095555518047],[-77.78039482303474,43.087785555936861],[-77.780106824052979,43.088191556350395],[-77.78005082307817,43.088653556737285],[-77.780379823864436,43.089353555872329],[-77.780642824528499,43.089136555861089],[-77.780412825273046,43.088741556228456],[-77.780380824587681,43.088373555368186],[-77.780512823035522,43.088082556117428],[-77.781301824129343,43.087524556358666],[-77.783479824569994,43.086558555778161],[-77.783886824275768,43.086460555438613],[-77.783904824717425,43.086399556172381],[-77.784533824181068,43.086317556288648],[-77.785417825709445,43.086617555217437],[-77.786265825456169,43.087693555805245],[-77.786581824925364,43.088560556138646],[-77.787227826802379,43.089787556212485],[-77.787195827015324,43.091046556244912],[-77.787060826397777,43.091652556649201],[-77.786798826456959,43.09205055708194],[-77.786927826328409,43.093165557227714],[-77.787460827329198,43.093625556735546],[-77.787867826136662,43.09384555770302],[-77.788724826104215,43.093912556373667],[-77.789824828440985,43.093824556440175],[-77.790071827414877,43.093503556669418],[-77.790719828043393,43.093323556601142],[-77.792111828661575,43.093092556088315],[-77.792623827949328,43.093087556788873],[-77.79311682876714,43.093179556690423],[-77.79382782914486,43.093128556148862],[-77.794325829087228,43.093019556173864],[-77.794742829737061,43.092817555966086],[-77.795242829329254,43.092317556814379],[-77.79531082999965,43.091577556167636],[-77.795838830079234,43.090900556043607],[-77.7968228293701,43.090192556044592],[-77.798378829121489,43.089670555951912],[-77.800082830807526,43.088159555248851],[-77.801068829748218,43.088014555193723],[-77.803629831401821,43.087879555557777],[-77.804425831270024,43.08771955497221],[-77.804560830989246,43.087293554967253],[-77.804494831765311,43.086625554547702],[-77.804841831196626,43.086300555738994],[-77.805115831731328,43.085570554389527],[-77.806140831928403,43.084838554455175],[-77.807014831614396,43.084514553907269],[-77.807305833664174,43.084421554241445],[-77.807979832435322,43.084540555079606],[-77.809258833075603,43.084546554944815],[-77.810426833387794,43.084691554024083],[-77.812504834269333,43.084745553969043],[-77.81315083524801,43.084644553753805],[-77.813211834449078,43.084492553512312],[-77.813477833689532,43.08442255411164],[-77.814294834372461,43.084422553455539],[-77.816626835697207,43.08421655295561],[-77.818060835249867,43.083625553992626],[-77.818553835169368,43.08370555443566],[-77.819075836299504,43.083691552807473],[-77.819355835783682,43.081073553602856],[-77.820097835225198,43.070023551390527],[-77.820243833916749,43.062319550013399]]]},"properties":{"OBJECTID":153746,"GEOID20":"360550146013","GEOID10":"360550146013","STATEFP":"36","COUNTYFP":"055","D1C":0.048489299424696972,"D1C5_RET":0,"D2B_E5MIXA":0.61374337073187135,"D3A":3.3418294928622889,"D3AAO":0.57756244899516973,"D3B":6.3372653035349673,"D4A":-99999,"D4C":-99999,"D4D":-99999,"D5AR":45816,"D5BR":-99999}},{"type":"Feature","id":154238,"geometry":{"type":"Polygon","coordinates":[[[-77.632882781944886,43.147258573074502],[-77.632874781548963,43.146608572549049],[-77.626099778405973,43.146619573712478],[-77.626142779860302,43.14883157350598],[-77.62462677939358,43.148827572989582],[-77.624619777924252,43.151220574971013],[-77.627167780057377,43.151208573890074],[-77.626786780290871,43.150331574368529],[-77.632829781343119,43.148935573732786],[-77.632882781944886,43.147258573074502]]]},"properties":{"OBJECTID":154238,"GEOID20":"360550027002","GEOID10":"360550027002","STATEFP":"36","COUNTYFP":"055","D1C":0.17842018846842095,"D1C5_RET":0.14273615077473675,"D2B_E5MIXA":0.31091750708257115,"D3A":29.448173370770554,"D3AAO":0,"D3B":167.53798433335504,"D4A":170.31999999999999,"D4C":12,"D4D":137.026704744,"D5AR":114752,"D5BR":130534}},{"type":"Feature","id":154241,"geometry":{"type":"Polygon","coordinates":[[[-77.674831800636255,43.223972585269927],[-77.6748898021592,43.223688585791308],[-77.659053795477533,43.223758585573613],[-77.659114796475237,43.23837058818745],[-77.671295800810924,43.238355587956804],[-77.671771801011985,43.23655358778398],[-77.671981801972592,43.233092585941606],[-77.672285800847888,43.231440586455392],[-77.672563800682227,43.230342585609449],[-77.673988801810694,43.226657585512655],[-77.674667801503034,43.224735585282716],[-77.674831800636255,43.223972585269927]]]},"properties":{"OBJECTID":154241,"GEOID20":"360550140012","GEOID10":"360550140012","STATEFP":"36","COUNTYFP":"055","D1C":1.7308664178348654,"D1C5_RET":1.0734055304402266,"D2B_E5MIXA":0.55918900908710933,"D3A":16.958950319140278,"D3AAO":3.7228186774022474,"D3B":54.408779137602984,"D4A":1162.75,"D4C":2,"D4D":2.86241472736,"D5AR":70069,"D5BR":33526}},{"type":"Feature","id":154242,"geometry":{"type":"Polygon","coordinates":[[[-77.927706882972686,43.233136575398518],[-77.923053881092159,43.231775576165241],[-77.916790878135259,43.230560575027475],[-77.910641876777802,43.229466575816545],[-77.904390874414759,43.228856576213367],[-77.903469874873096,43.228702576636003],[-77.901622874868551,43.228241575707187],[-77.893449871259591,43.225911575896077],[-77.891394870842618,43.225500576766045],[-77.890134869570588,43.225393575438993],[-77.879836869716016,43.254094581151094],[-77.876704870121728,43.262494583475508],[-77.921593883396866,43.262792580577248],[-77.922031882166479,43.244581577685594],[-77.922188882525319,43.241464577595686],[-77.922344883059225,43.240890577789074],[-77.9227728826814,43.240122577421971],[-77.927706882972686,43.233136575398518]]]},"properties":{"OBJECTID":154242,"GEOID20":"360550152001","GEOID10":"360550152001","STATEFP":"36","COUNTYFP":"055","D1C":0.041738838377310947,"D1C5_RET":0.0046376487085901053,"D2B_E5MIXA":0.8013455017351433,"D3A":2.4135704391698458,"D3AAO":0.26639738613924047,"D3B":3.9500151767402487,"D4A":-99999,"D4C":1.3300000000000001,"D4D":0.28131299518399999,"D5AR":25917,"D5BR":-99999}},{"type":"Feature","id":154243,"geometry":{"type":"Polygon","coordinates":[[[-77.616794773571527,43.117816569082137],[-77.616811773289967,43.117173568289857],[-77.610403772364734,43.116775569190757],[-77.608570771705587,43.116771569199862],[-77.603986770320347,43.125236570537197],[-77.614284772869865,43.12486956989158],[-77.61676977435549,43.11889756881299],[-77.616794773571527,43.117816569082137]]]},"properties":{"OBJECTID":154243,"GEOID20":"360550038056","GEOID10":"360550038056","STATEFP":"36","COUNTYFP":"055","D1C":7.1642257016279531,"D1C5_RET":0,"D2B_E5MIXA":0.31865463398820926,"D3A":12.762516953951542,"D3AAO":0,"D3B":59.14082581764081,"D4A":240.06,"D4C":21.329999999999998,"D4D":78.807635077800001,"D5AR":94071,"D5BR":89266}},{"type":"Feature","id":154244,"geometry":{"type":"Polygon","coordinates":[[[-77.623101780502637,43.174428578372776],[-77.624001780127912,43.173894578182434],[-77.622849779709256,43.17283457806235],[-77.620902780145599,43.173913578734307],[-77.619553779185097,43.173975578942368],[-77.619606778888553,43.174741579215102],[-77.617684778540948,43.174798578752103],[-77.617890779303593,43.177816579999153],[-77.620743779238609,43.177755579415937],[-77.620644779504417,43.176187578401311],[-77.62159878045469,43.176157579437422],[-77.621537779457,43.174681579196779],[-77.622680780553154,43.174629578740102],[-77.623101780502637,43.174428578372776]]]},"properties":{"OBJECTID":154244,"GEOID20":"360550050001","GEOID10":"360550050001","STATEFP":"36","COUNTYFP":"055","D1C":2.1407065431915693,"D1C5_RET":0.030581522045593848,"D2B_E5MIXA":0.12687630146000506,"D3A":20.243714491000016,"D3AAO":0,"D3B":124.00929515576487,"D4A":575.34000000000003,"D4C":5,"D4D":97.860870545899999,"D5AR":92111,"D5BR":86917}},{"type":"Feature","id":154245,"geometry":{"type":"Polygon","coordinates":[[[-77.559342759064222,43.156726577899981],[-77.548963755425547,43.15704957962771],[-77.548032754939825,43.158804579662629],[-77.552785757277775,43.160175578430099],[-77.557684758307275,43.159990578786022],[-77.559342759064222,43.156726577899981]]]},"properties":{"OBJECTID":154245,"GEOID20":"360550076002","GEOID10":"360550076002","STATEFP":"36","COUNTYFP":"055","D1C":1.9916215370547496,"D1C5_RET":0.15203217840112593,"D2B_E5MIXA":0.81649014316611102,"D3A":22.951771188346676,"D3AAO":0,"D3B":120.05920315465553,"D4A":533.76999999999998,"D4C":5,"D4D":48.650297088400002,"D5AR":95048,"D5BR":86944}},{"type":"Feature","id":154246,"geometry":{"type":"Polygon","coordinates":[[[-77.584153768172513,43.184382581804485],[-77.584251768081785,43.184305581908099],[-77.578940767323644,43.184477581942609],[-77.579047767453758,43.186125583129716],[-77.576217766186645,43.186208583074333],[-77.576339766385388,43.188138583737889],[-77.583726768375243,43.187912582318049],[-77.583726769273568,43.188321582347207],[-77.584182769383133,43.188307582383523],[-77.583961769450198,43.184637582392611],[-77.584153768172513,43.184382581804485]]]},"properties":{"OBJECTID":154246,"GEOID20":"360550082002","GEOID10":"360550082002","STATEFP":"36","COUNTYFP":"055","D1C":0.90881731204885963,"D1C5_RET":0.094668470005089544,"D2B_E5MIXA":0.59207325026575641,"D3A":24.757268002373891,"D3AAO":0,"D3B":165.67133720442678,"D4A":392.94999999999999,"D4C":6.3300000000000001,"D4D":76.704181136900004,"D5AR":93306,"D5BR":88269}},{"type":"Feature","id":154247,"geometry":{"type":"Polygon","coordinates":[[[-77.67091979298246,43.148302571100324],[-77.669990793943157,43.145899571080328],[-77.669344792964466,43.144612570875125],[-77.665946791434791,43.140230570211514],[-77.655817788041347,43.143705571925793],[-77.655801788147841,43.14996957281511],[-77.652285788414005,43.149974572711727],[-77.652574789017308,43.151557573562123],[-77.67091979298246,43.148302571100324]]]},"properties":{"OBJECTID":154247,"GEOID20":"360550087022","GEOID10":"360550087022","STATEFP":"36","COUNTYFP":"055","D1C":4.8411492980983777,"D1C5_RET":0.1132677912033416,"D2B_E5MIXA":0.64019377106332886,"D3A":8.4744005546728367,"D3AAO":0,"D3B":25.802152477882451,"D4A":375.50999999999999,"D4C":6.6699999999999999,"D4D":17.203154440999999,"D5AR":99931,"D5BR":159177}},{"type":"Feature","id":154249,"geometry":{"type":"Polygon","coordinates":[[[-77.649289786567209,43.157445574236682],[-77.649251786932368,43.15722757447385],[-77.643984785656841,43.157199574700407],[-77.641531784856582,43.156919573639541],[-77.641097785386634,43.156958574154459],[-77.64207778537785,43.157170575576913],[-77.641198784770665,43.157400574755151],[-77.641206785166574,43.159338574830528],[-77.64923978813512,43.159372575329336],[-77.649289786567209,43.157445574236682]]]},"properties":{"OBJECTID":154249,"GEOID20":"360550096032","GEOID10":"360550096032","STATEFP":"36","COUNTYFP":"055","D1C":1.1075678264812678,"D1C5_RET":0,"D2B_E5MIXA":0.33127332009406074,"D3A":29.078547022393835,"D3AAO":6.3561969341912876,"D3B":114.81978697398273,"D4A":367.47000000000003,"D4C":2.3300000000000001,"D4D":38.202213858299999,"D5AR":103158,"D5BR":129121}},{"type":"Feature","id":154726,"geometry":{"type":"Polygon","coordinates":[[[-77.632874781548963,43.146608572549049],[-77.632836781015826,43.143785572522376],[-77.626076778839746,43.14378157298659],[-77.626099778405973,43.146619573712478],[-77.632874781548963,43.146608572549049]]]},"properties":{"OBJECTID":154726,"GEOID20":"360550064001","GEOID10":"360550064001","STATEFP":"36","COUNTYFP":"055","D1C":0.25696517600225866,"D1C5_RET":0.093441882182639505,"D2B_E5MIXA":0.40727372509204013,"D3A":32.116737970649481,"D3AAO":0,"D3B":84.725623412642904,"D4A":93.879999999999995,"D4C":8,"D4D":119.605609194,"D5AR":113483,"D5BR":87537}},{"type":"Feature","id":154727,"geometry":{"type":"Polygon","coordinates":[[[-77.584539766165264,43.153559577483364],[-77.584968766510642,43.15265857668453],[-77.581160765800448,43.151682576127811],[-77.571699762228704,43.149519576508986],[-77.569675761773851,43.153365576975183],[-77.574984763780492,43.156223577202304],[-77.57913876499542,43.156080576530812],[-77.579211765688655,43.157237577011017],[-77.579594765105,43.157463577951823],[-77.582021765965976,43.157419577816768],[-77.583693766068336,43.157774577958172],[-77.584749767125857,43.155866576541349],[-77.583602766730053,43.155504576972199],[-77.584539766165264,43.153559577483364]]]},"properties":{"OBJECTID":154727,"GEOID20":"360550010001","GEOID10":"360550010001","STATEFP":"36","COUNTYFP":"055","D1C":18.512297796676361,"D1C5_RET":0.14505228440099008,"D2B_E5MIXA":0.72508665601075595,"D3A":14.105471052216867,"D3AAO":0,"D3B":90.07672709002054,"D4A":328.56999999999999,"D4C":7.6699999999999999,"D4D":29.597245289,"D5AR":101005,"D5BR":87795}},{"type":"Feature","id":154738,"geometry":{"type":"Polygon","coordinates":[[[-77.620209780209549,43.183130580458062],[-77.619996780672537,43.180250579248948],[-77.616459779225664,43.180369580461019],[-77.616356778395186,43.179052578914131],[-77.613533777699089,43.179130579173432],[-77.613739778461735,43.184492581020073],[-77.616295778295807,43.184454580598903],[-77.616341780123207,43.186399580963517],[-77.618312779976307,43.186355580710611],[-77.618271779968424,43.185274580091544],[-77.620209780209549,43.183130580458062]]]},"properties":{"OBJECTID":154738,"GEOID20":"360550051002","GEOID10":"360550051002","STATEFP":"36","COUNTYFP":"055","D1C":9.0121941128601541,"D1C5_RET":0.22565744257552814,"D2B_E5MIXA":0.10561992063588881,"D3A":16.728974032525983,"D3AAO":0,"D3B":139.42796814514401,"D4A":268.22000000000003,"D4C":5.3300000000000001,"D4D":45.477698440300003,"D5AR":96821,"D5BR":87278}},{"type":"Feature","id":155143,"geometry":{"type":"Polygon","coordinates":[[[-77.805634836980005,43.151182566297074],[-77.805717836820676,43.149747566243107],[-77.774692826955913,43.149002567155662],[-77.774492827837705,43.158228569084621],[-77.757746822383353,43.157815568717332],[-77.757000822743848,43.157679569695887],[-77.755472820784917,43.157044569824983],[-77.754965821520017,43.156949569601935],[-77.753913820660458,43.156915570376],[-77.753734822356961,43.166346571642812],[-77.754723822569019,43.166786571490405],[-77.755674822247897,43.167018572135227],[-77.774228829145372,43.167319570449919],[-77.774106828946643,43.171592572018511],[-77.774663828440239,43.171629571516988],[-77.775699829406264,43.171877571419444],[-77.793387834318708,43.172196570714007],[-77.804711839585138,43.172489570473083],[-77.805634836980005,43.151182566297074]]]},"properties":{"OBJECTID":155143,"GEOID20":"360550149063","GEOID10":"360550149063","STATEFP":"36","COUNTYFP":"055","D1C":0.32785569162328349,"D1C5_RET":0,"D2B_E5MIXA":0.39223806885807266,"D3A":3.6490513561708333,"D3AAO":0.66855798157289281,"D3B":4.0781225268714092,"D4A":-99999,"D4C":-99999,"D4D":-99999,"D5AR":29526,"D5BR":-99999}},{"type":"Feature","id":155155,"geometry":{"type":"Polygon","coordinates":[[[-77.650956786646702,43.135000569659837],[-77.650920785763361,43.130950569689503],[-77.647689783739949,43.130983569170517],[-77.64768978463826,43.132423569172815],[-77.647905784548314,43.132814569288477],[-77.647928785012851,43.135009570235177],[-77.650956786646702,43.135000569659837]]]},"properties":{"OBJECTID":155155,"GEOID20":"360550071003","GEOID10":"360550071003","STATEFP":"36","COUNTYFP":"055","D1C":2.1289063662166661,"D1C5_RET":0.7805990009461109,"D2B_E5MIXA":0.45620251073639562,"D3A":26.397122776272898,"D3AAO":0,"D3B":136.31813244158556,"D4A":262.86000000000001,"D4C":7,"D4D":158.95834201100001,"D5AR":101364,"D5BR":60444}},{"type":"Feature","id":155156,"geometry":{"type":"Polygon","coordinates":[[[-77.785810829663092,43.136202564775374],[-77.785833830127629,43.135623564329904],[-77.7755508267484,43.135255564033436],[-77.771884824531796,43.136581565620368],[-77.771191824595761,43.136766565331918],[-77.765286822737451,43.137293565325514],[-77.765691821895089,43.125661563729743],[-77.754248818599606,43.125470564073623],[-77.754231818881166,43.130165564767076],[-77.754336819361455,43.132944565582569],[-77.754219819185579,43.138702566908663],[-77.754329819688763,43.139350566369536],[-77.753913820660458,43.156915570376],[-77.754965821520017,43.156949569601935],[-77.755472820784917,43.157044569824983],[-77.757000822743848,43.157679569695887],[-77.757746822383353,43.157815568717332],[-77.774492827837705,43.158228569084621],[-77.774692826955913,43.149002567155662],[-77.785087831386448,43.149222567012885],[-77.785810829663092,43.136202564775374]]]},"properties":{"OBJECTID":155156,"GEOID20":"360550149051","GEOID10":"360550149051","STATEFP":"36","COUNTYFP":"055","D1C":0.76518667992005585,"D1C5_RET":0.030658564804810249,"D2B_E5MIXA":0.60983617473561758,"D3A":5.5930544175139802,"D3AAO":0.31513968721625374,"D3B":13.536726093336179,"D4A":-99999,"D4C":-99999,"D4D":-99999,"D5AR":59338,"D5BR":-99999}},{"type":"Feature","id":155157,"geometry":{"type":"Polygon","coordinates":[[[-77.949185887080262,43.207259570497392],[-77.949338887241126,43.205469569881984],[-77.942838885356068,43.205569571177229],[-77.941511885035212,43.205523569973195],[-77.922359878636271,43.20555857080705],[-77.922368879755425,43.207792571707003],[-77.932751882693736,43.20975257087801],[-77.936079883903233,43.210201571538917],[-77.940021885406054,43.210536571243836],[-77.945500886393702,43.210645570690509],[-77.945490887246279,43.209154570611986],[-77.947808887428991,43.209143570888308],[-77.947864887505489,43.207254570051283],[-77.949185887080262,43.207259570497392]]]},"properties":{"OBJECTID":155157,"GEOID20":"360550153032","GEOID10":"360550153032","STATEFP":"36","COUNTYFP":"055","D1C":3.7754313004730276,"D1C5_RET":0,"D2B_E5MIXA":0.096632223735303738,"D3A":14.369315740173574,"D3AAO":0,"D3B":58.777067030448407,"D4A":124.72,"D4C":1.3300000000000001,"D4D":3.6067868944599999,"D5AR":33987,"D5BR":5577}},{"type":"Feature","id":155170,"geometry":{"type":"Polygon","coordinates":[[[-77.662748788125015,43.103315563490824],[-77.653255784766216,43.103561563407268],[-77.652634783901888,43.10463756407735],[-77.652200785330251,43.104644564793311],[-77.652162783898774,43.103570564017339],[-77.651082783450107,43.103578564412793],[-77.651139783351525,43.104519563787314],[-77.65073278274744,43.104523565234892],[-77.650682783417039,43.103582563954213],[-77.649151782881688,43.103599565609791],[-77.647302783227317,43.10706556557593],[-77.645699781823637,43.107118565314138],[-77.64484178113284,43.108701566039507],[-77.647983783467822,43.108555565302552],[-77.645682782105197,43.112857566247023],[-77.64591078260915,43.112847565629011],[-77.645801782829196,43.113051566764852],[-77.648238783735934,43.112969566499331],[-77.647917784243887,43.113604566478365],[-77.637647780385151,43.113975566672963],[-77.635194780483204,43.117113568133348],[-77.634936779842022,43.117617568012903],[-77.634760780114931,43.1177925675739],[-77.63460377885778,43.117714567689013],[-77.633164778383929,43.119356569130893],[-77.630186778775439,43.123234568778742],[-77.631398779468569,43.123713569000316],[-77.631425780131067,43.125606569196812],[-77.631547779431472,43.126312569123591],[-77.631867779996924,43.126998570193898],[-77.632765779972388,43.128135569621904],[-77.632857780033902,43.128386570441428],[-77.63306978064432,43.130090570162565],[-77.632562779582798,43.130992570337014],[-77.630442779766796,43.131612570515159],[-77.629161779476689,43.131857571670928],[-77.625669778235661,43.131956570559133],[-77.623910778094682,43.131920570385979],[-77.623426777497684,43.132971570179059],[-77.631142780273848,43.132449570324454],[-77.633558780365846,43.131737571254227],[-77.634226780187547,43.130871570422585],[-77.634598780631535,43.128838569805602],[-77.633851780268827,43.127598569207862],[-77.633499780814631,43.126769569217359],[-77.632828778823253,43.125596569351046],[-77.632921780506308,43.124278569212372],[-77.633717780374525,43.123213569073336],[-77.634858780024217,43.122440568625073],[-77.641182782182184,43.122096568827409],[-77.642541782290081,43.121669568080591],[-77.644580782813549,43.120850568358712],[-77.649080784533211,43.118020566768259],[-77.650612783995172,43.11670956668442],[-77.651757784741136,43.115452567120919],[-77.652813785798656,43.1149145661687],[-77.654797785172221,43.114525566458646],[-77.657515785388043,43.113784565945146],[-77.658813787193196,43.11274856532453],[-77.660216787682032,43.110876565372514],[-77.661949787883742,43.110542565825106],[-77.660074787391807,43.108094565011008],[-77.662748788125015,43.103315563490824]]]},"properties":{"OBJECTID":155170,"GEOID20":"360550038055","GEOID10":"360550038055","STATEFP":"36","COUNTYFP":"055","D1C":0,"D1C5_RET":0,"D2B_E5MIXA":0,"D3A":10.806775943610189,"D3AAO":1.3355198883700234,"D3B":48.037191892038138,"D4A":-99999,"D4C":18.670000000000002,"D4D":21.345543902900001,"D5AR":80578,"D5BR":-99999}},{"type":"Feature","id":155171,"geometry":{"type":"Polygon","coordinates":[[[-77.564534760895015,43.16294157952229],[-77.557455757978417,43.161387579102374],[-77.556281757818425,43.16362857908441],[-77.555593757905257,43.16408057937349],[-77.556135758228564,43.164572580363242],[-77.556664759031392,43.165445579857256],[-77.563116760337564,43.165540579319696],[-77.564534760895015,43.16294157952229]]]},"properties":{"OBJECTID":155171,"GEOID20":"360550060002","GEOID10":"360550060002","STATEFP":"36","COUNTYFP":"055","D1C":1.1642786995947521,"D1C5_RET":0.38809289986491741,"D2B_E5MIXA":0.78222104670450232,"D3A":23.166812003844456,"D3AAO":0,"D3B":120.47532609333915,"D4A":447.93000000000001,"D4C":6,"D4D":67.739851612799995,"D5AR":96937,"D5BR":86800}},{"type":"Feature","id":155172,"geometry":{"type":"Polygon","coordinates":[[[-77.63306978064432,43.130090570162565],[-77.632989779380068,43.12899556910196],[-77.632765779972388,43.128135569621904],[-77.631867779996924,43.126998570193898],[-77.631547779431472,43.126312569123591],[-77.631425780131067,43.125606569196812],[-77.631398779468569,43.123713569000316],[-77.630186778775439,43.123234568778742],[-77.625469777320816,43.1293285697583],[-77.624902777781472,43.130147570056373],[-77.623910778094682,43.131920570385979],[-77.628373779106099,43.131902570947041],[-77.629644779350457,43.1317935705165],[-77.632562779582798,43.130992570337014],[-77.63306978064432,43.130090570162565]]]},"properties":{"OBJECTID":155172,"GEOID20":"360550038021","GEOID10":"360550038021","STATEFP":"36","COUNTYFP":"055","D1C":0.85338916394885922,"D1C5_RET":0,"D2B_E5MIXA":0.33408892414584052,"D3A":32.879481626749119,"D3AAO":0,"D3B":240.55891503295186,"D4A":185.06999999999999,"D4C":18.670000000000002,"D4D":121.345372951,"D5AR":86737,"D5BR":97279}},{"type":"Feature","id":155173,"geometry":{"type":"Polygon","coordinates":[[[-77.551199756490817,43.16482757981656],[-77.5516187576888,43.164019579484723],[-77.54514475574301,43.164282580256646],[-77.544485754345516,43.165521580094236],[-77.538667753424164,43.165854581009292],[-77.538713752556603,43.167473580883758],[-77.550096756475952,43.166987580628948],[-77.551199756490817,43.16482757981656]]]},"properties":{"OBJECTID":155173,"GEOID20":"360550061003","GEOID10":"360550061003","STATEFP":"36","COUNTYFP":"055","D1C":0.32341014000748369,"D1C5_RET":0,"D2B_E5MIXA":0.40228121509542403,"D3A":24.037188026780655,"D3AAO":2.3577905090341749,"D3B":72.464574649329165,"D4A":232.00999999999999,"D4C":3,"D4D":31.0473755995,"D5AR":83702,"D5BR":86629}},{"type":"Feature","id":155174,"geometry":{"type":"Polygon","coordinates":[[[-77.62789277708552,43.115133567341616],[-77.627746776597348,43.114826567566688],[-77.627562777372646,43.114672568069267],[-77.626667775973601,43.114374566970412],[-77.616191773148856,43.114702568367967],[-77.616002773002961,43.110601567079343],[-77.61251877215787,43.109495566753473],[-77.611209771380359,43.111916567168578],[-77.612041772131889,43.11189056712594],[-77.611253772659609,43.114406567488004],[-77.609841771051634,43.114447568311206],[-77.608570771705587,43.116771569199862],[-77.610403772364734,43.116775569190757],[-77.616811773289967,43.117173568289857],[-77.61676977435549,43.11889756881299],[-77.614284772869865,43.12486956989158],[-77.617497774451621,43.124710569448204],[-77.618181774166843,43.123384568806628],[-77.618964774514566,43.12154856939393],[-77.621299774415732,43.116993568955323],[-77.627396776792978,43.11679356849082],[-77.62789277708552,43.115133567341616]]]},"properties":{"OBJECTID":155174,"GEOID20":"360550038053","GEOID10":"360550038053","STATEFP":"36","COUNTYFP":"055","D1C":4.1336635780423094,"D1C5_RET":0.72339112615740409,"D2B_E5MIXA":0.71477769271229674,"D3A":19.589235806650624,"D3AAO":0,"D3B":88.386408837192462,"D4A":0,"D4C":30,"D4D":93.547089967000005,"D5AR":108272,"D5BR":111306}},{"type":"Feature","id":155175,"geometry":{"type":"Polygon","coordinates":[[[-77.636048781874365,43.144720572511353],[-77.636025781409813,43.139894571061696],[-77.628953779962544,43.139886572136284],[-77.628960779635236,43.141657572135081],[-77.632836781015826,43.141637572446633],[-77.632874781548963,43.146608572549049],[-77.636056783168584,43.146600573191236],[-77.636048781874365,43.144720572511353]]]},"properties":{"OBJECTID":155175,"GEOID20":"360550064002","GEOID10":"360550064002","STATEFP":"36","COUNTYFP":"055","D1C":1.2171784780448998,"D1C5_RET":0.047422538105645444,"D2B_E5MIXA":0.14503443261143048,"D3A":21.922462738610395,"D3AAO":0,"D3B":145.04467814840291,"D4A":366.13,"D4C":12,"D4D":121.40169754999999,"D5AR":106599,"D5BR":83508}},{"type":"Feature","id":155176,"geometry":{"type":"Polygon","coordinates":[[[-77.628983780099773,43.143785572522376],[-77.62897577970385,43.14280557225657],[-77.623055777776926,43.142805572912039],[-77.623045777731193,43.140866572653401],[-77.62418477862937,43.139822572174133],[-77.623001777350268,43.139139572246719],[-77.621109777139893,43.140863572530655],[-77.619469775926262,43.139902571952462],[-77.618651776316753,43.13928357285652],[-77.617926775695352,43.138971572854594],[-77.6151287760119,43.14210057286401],[-77.615880775499178,43.142612572583921],[-77.617531775685137,43.1434455730327],[-77.61824677626079,43.14366057281412],[-77.61829677559119,43.143773572603394],[-77.618345776893321,43.143596574180712],[-77.619367776717326,43.142541573196347],[-77.619473777022534,43.142679573592147],[-77.619675777587219,43.142751573048052],[-77.620239777651818,43.142801572656737],[-77.620262777218045,43.143289573034977],[-77.626069779167068,43.143293572602936],[-77.626076778839746,43.14378157298659],[-77.628983780099773,43.143785572522376]]]},"properties":{"OBJECTID":155176,"GEOID20":"360550065002","GEOID10":"360550065002","STATEFP":"36","COUNTYFP":"055","D1C":3.5602132949165552,"D1C5_RET":0.27386256114742735,"D2B_E5MIXA":0.39033467032309482,"D3A":26.009680944859099,"D3AAO":0,"D3B":149.32881535026797,"D4A":139.47999999999999,"D4C":9,"D4D":98.300127132300005,"D5AR":114520,"D5BR":94642}},{"type":"Feature","id":155177,"geometry":{"type":"Polygon","coordinates":[[[-77.574806763505251,43.144014575330942],[-77.575115763301739,43.143481574941958],[-77.569929761318761,43.14378057539669],[-77.563094758799622,43.144634575229375],[-77.562544758080392,43.145693575554226],[-77.564063758920184,43.146063575644554],[-77.570082761479625,43.145918575752027],[-77.573210762672574,43.146822575463595],[-77.574806763505251,43.144014575330942]]]},"properties":{"OBJECTID":155177,"GEOID20":"360550078011","GEOID10":"360550078011","STATEFP":"36","COUNTYFP":"055","D1C":1.2892699042451505,"D1C5_RET":0,"D2B_E5MIXA":0.64203353406254438,"D3A":28.686153381981399,"D3AAO":4.7437991813627693,"D3B":125.79737982266739,"D4A":372.82999999999998,"D4C":6.6699999999999999,"D4D":78.623362389199997,"D5AR":100823,"D5BR":87573}},{"type":"Feature","id":155178,"geometry":{"type":"Polygon","coordinates":[[[-77.51554175022693,43.214201589776188],[-77.515542749153525,43.213887590548687],[-77.514718749696229,43.213887589893979],[-77.50794774764951,43.214353589901535],[-77.495075743027613,43.214621591732254],[-77.491011741326048,43.214592591722891],[-77.486802739859556,43.22260759257361],[-77.486674740711337,43.223012592847184],[-77.486614740436892,43.223688593646415],[-77.486820740301212,43.224882592877698],[-77.487384741264151,43.230613594692549],[-77.494163743706778,43.231217594503953],[-77.501564745042003,43.230910593240168],[-77.509141748799294,43.230383593760756],[-77.509002747983814,43.229608593679252],[-77.508964748348987,43.228593592447105],[-77.509073748128927,43.227864592611482],[-77.509398748717246,43.226899593260399],[-77.515341749312071,43.215332590447112],[-77.515489749450083,43.214882589886514],[-77.51554175022693,43.214201589776188]]]},"properties":{"OBJECTID":155178,"GEOID20":"360550112053","GEOID10":"360550112053","STATEFP":"36","COUNTYFP":"055","D1C":0.06195692920338447,"D1C5_RET":0.0011914794077573937,"D2B_E5MIXA":0.7262629891268656,"D3A":10.103350617844596,"D3AAO":1.0301324542770927,"D3B":21.987050512242639,"D4A":-99999,"D4C":-99999,"D4D":-99999,"D5AR":58129,"D5BR":-99999}},{"type":"Feature","id":155179,"geometry":{"type":"Polygon","coordinates":[[[-77.732145815949593,43.179664574845894],[-77.732194816353399,43.179341574773225],[-77.72728181508019,43.179589574800801],[-77.724492812922634,43.179543574317101],[-77.720906811970295,43.179338575228954],[-77.701550806255156,43.179370575818965],[-77.693229803406524,43.17947057599892],[-77.682760800254471,43.179264577689764],[-77.682682800436666,43.179275576904736],[-77.682682799538355,43.179716576255451],[-77.670625795949519,43.179786577377548],[-77.660771792017385,43.179750577858591],[-77.660681793402333,43.186792579359697],[-77.661201793086008,43.1874275798111],[-77.665404795603052,43.193939580292394],[-77.66686479599332,43.195023580785559],[-77.670227797362898,43.194207580132641],[-77.680351799835137,43.192147579042803],[-77.701509806247273,43.187584577319896],[-77.70151680681829,43.186885578044979],[-77.728457815788317,43.186977576428916],[-77.729310815557909,43.187230575690869],[-77.729939815919863,43.187588577263632],[-77.730562816434031,43.188234576859912],[-77.731315816644525,43.189750576955667],[-77.731594817202094,43.189922576712014],[-77.732045817288792,43.189983576928078],[-77.732190816155452,43.186963576156934],[-77.732085816573459,43.185830575737107],[-77.732029816496947,43.182383575255727],[-77.732145815949593,43.179664574845894]]]},"properties":{"OBJECTID":155179,"GEOID20":"360550141041","GEOID10":"360550141041","STATEFP":"36","COUNTYFP":"055","D1C":4.2793346782433099,"D1C5_RET":0.10775539493810884,"D2B_E5MIXA":0.6144542610004865,"D3A":9.2094803094331432,"D3AAO":0.99792709641358313,"D3B":29.501610223172861,"D4A":477.44,"D4C":7,"D4D":2.8804942122999999,"D5AR":82949,"D5BR":162560}},{"type":"Feature","id":155180,"geometry":{"type":"Polygon","coordinates":[[[-77.753485822834932,43.184880575003433],[-77.753535823063643,43.179420574291754],[-77.741612819369124,43.179392574208727],[-77.737659817995649,43.179666574094668],[-77.732194816353399,43.179341574773225],[-77.732029816496947,43.182383575255727],[-77.732085816573459,43.185830575737107],[-77.732190816155452,43.186963576156934],[-77.732045817288792,43.189983576928078],[-77.731594817202094,43.189922576712014],[-77.731315816644525,43.189750576955667],[-77.730562816434031,43.188234576859912],[-77.729939815919863,43.187588577263632],[-77.729310815557909,43.187230575690869],[-77.728457815788317,43.186977576428916],[-77.70151680681829,43.186885578044979],[-77.701509806247273,43.187584577319896],[-77.701590805539809,43.187571577992053],[-77.701634806819058,43.188357576812251],[-77.701501806749675,43.18838757829662],[-77.701431807327793,43.196267579140361],[-77.701275807692184,43.197824579367776],[-77.721785813475805,43.197794578593033],[-77.724078814442493,43.197998577938371],[-77.732040817265926,43.198040578354565],[-77.73179981903813,43.214492580996961],[-77.7338808193944,43.215002580889596],[-77.737470820544715,43.215661580852945],[-77.752695825509448,43.217404581131888],[-77.753189823457234,43.201437577993495],[-77.753485822834932,43.184880575003433]]]},"properties":{"OBJECTID":155180,"GEOID20":"360550141042","GEOID10":"360550141042","STATEFP":"36","COUNTYFP":"055","D1C":2.1200727692519648,"D1C5_RET":0.21447770070292652,"D2B_E5MIXA":0.4578869093465513,"D3A":6.0467533541811811,"D3AAO":0,"D3B":19.721436791148527,"D4A":-99999,"D4C":6.6699999999999999,"D4D":1.7376977687499999,"D5AR":61629,"D5BR":-99999}},{"type":"Feature","id":155181,"geometry":{"type":"Polygon","coordinates":[[[-77.732405814443965,43.164490572501528],[-77.732310813111098,43.14387856853714],[-77.730108812381005,43.144107568375588],[-77.720259809370063,43.144717568645092],[-77.717953807984586,43.145236569393049],[-77.711248806958423,43.147098569724584],[-77.711562807676103,43.164589572934055],[-77.732405814443965,43.164490572501528]]]},"properties":{"OBJECTID":155181,"GEOID20":"360550142041","GEOID10":"360550142041","STATEFP":"36","COUNTYFP":"055","D1C":1.9351773532644938,"D1C5_RET":0.028426334002755276,"D2B_E5MIXA":0.6523857663499133,"D3A":12.42042180053344,"D3AAO":5.229149232472766,"D3B":21.2352586745941,"D4A":-99999,"D4C":3,"D4D":2.09917543244,"D5AR":78404,"D5BR":-99999}},{"type":"Feature","id":155182,"geometry":{"type":"Polygon","coordinates":[[[-77.711485807683189,43.158054571824685],[-77.711248806958423,43.147098569724584],[-77.702029804134327,43.149576570745332],[-77.70068780374487,43.149797571271307],[-77.678677796489708,43.149956571377892],[-77.68112179796745,43.154330572507142],[-77.681878797477594,43.156525573006952],[-77.682356798226792,43.158374573166981],[-77.684277798749477,43.158244572619004],[-77.689994800286826,43.157529572524929],[-77.696090802839151,43.157155571754096],[-77.699655804773428,43.157218571926855],[-77.709411806999626,43.158012571417657],[-77.711485807683189,43.158054571824685]]]},"properties":{"OBJECTID":155182,"GEOID20":"360550143021","GEOID10":"360550143021","STATEFP":"36","COUNTYFP":"055","D1C":2.1895793129682111,"D1C5_RET":0.20582755292083671,"D2B_E5MIXA":0.49308260597197517,"D3A":18.410748617226208,"D3AAO":3.724891559910068,"D3B":68.900401393170881,"D4A":543.14999999999998,"D4C":3.6699999999999999,"D4D":4.1666305219000002,"D5AR":80344,"D5BR":179060}},{"type":"Feature","id":155183,"geometry":{"type":"Polygon","coordinates":[[[-77.819430837923363,43.094109555721673],[-77.819343836986434,43.093237555929853],[-77.812276835562017,43.093124555924547],[-77.810535834066044,43.09318555570951],[-77.80828983295504,43.093369555735983],[-77.805388832441125,43.093786556042204],[-77.802649831410605,43.094352556112298],[-77.798884830358105,43.095478556852491],[-77.796116829015261,43.096572557237543],[-77.795747829842639,43.097424557710987],[-77.793189828562078,43.098792557249581],[-77.791258827993659,43.100085557808306],[-77.789357827562441,43.101522558261735],[-77.758927818622738,43.100865559762298],[-77.748651814916229,43.105914561042468],[-77.749510815431947,43.106840560805765],[-77.750048816455589,43.107075560580292],[-77.750845817047022,43.107163561145562],[-77.766373820163849,43.107185561267137],[-77.780462825501758,43.107475560103232],[-77.782868826446347,43.107582558971778],[-77.783611826611093,43.107762559753965],[-77.784430826943847,43.108121559591218],[-77.78511782703211,43.108672559650103],[-77.78670882784192,43.110292559445881],[-77.787692827132773,43.110946560114378],[-77.790559829108147,43.11021755949713],[-77.793509830025855,43.109587559053836],[-77.799855831925143,43.10843255877851],[-77.802905832401947,43.108020558574736],[-77.806767834437139,43.107780558425787],[-77.81849183794003,43.107622557661045],[-77.818640837004637,43.100018556708626],[-77.819430837923363,43.094109555721673]]]},"properties":{"OBJECTID":155183,"GEOID20":"360550146011","GEOID10":"360550146011","STATEFP":"36","COUNTYFP":"055","D1C":0.48740852048701533,"D1C5_RET":0.056382111958924147,"D2B_E5MIXA":0.90315041776989091,"D3A":6.2275300774530935,"D3AAO":1.9761736053599719,"D3B":10.820529273385244,"D4A":-99999,"D4C":2,"D4D":0.91401184891499998,"D5AR":56865,"D5BR":-99999}},{"type":"Feature","id":155184,"geometry":{"type":"Polygon","coordinates":[[[-77.862339842141424,42.995668536031665],[-77.862241843130448,42.995189536431504],[-77.860529841946814,42.992444535456414],[-77.859624841400333,42.990697535078397],[-77.858440840296311,42.987877534017514],[-77.838064834406978,42.988106535824386],[-77.824585829164434,42.988066536663553],[-77.80691682362027,42.988170536661798],[-77.79167282018561,42.988163537754161],[-77.771648812852163,42.988338539117834],[-77.743165803476103,42.988471540188954],[-77.730959799026067,42.988380540974291],[-77.730072799819581,42.989614540593308],[-77.728144800522514,42.993174541747031],[-77.727870799987812,42.994000541726017],[-77.727773799903417,42.995382542250105],[-77.728677798828343,42.996049541439504],[-77.730684800463095,42.997147541803315],[-77.73154780117676,42.997967541802915],[-77.732217801546568,42.99884154208106],[-77.732846801908522,43.000045542625308],[-77.733055802145898,43.000807542131952],[-77.732878801695563,43.001427543193188],[-77.731652801657049,43.00366454371585],[-77.73035280020207,43.004879543394637],[-77.732133801880991,43.005090543673433],[-77.752780807931956,43.005540542261045],[-77.766096812967888,43.006126542622042],[-77.769102813063782,43.006128541631661],[-77.773486815330799,43.005839541183008],[-77.77909881728614,43.005598541658188],[-77.782243818197529,43.005544541632268],[-77.791630821251118,43.006126540651252],[-77.791650819545978,42.999552539876184],[-77.797635822668539,42.999519539866739],[-77.798549823435835,42.999577539692332],[-77.810025826343292,43.002789539890671],[-77.81075482716264,43.0029375388456],[-77.811941827741421,43.00342053865414],[-77.813907828469965,43.003929539149652],[-77.815887828543879,43.004298538993865],[-77.816488829316739,43.004248539251599],[-77.82141783138178,43.00258653872006],[-77.821481830955889,43.006902539743741],[-77.821360830582066,43.007588540331902],[-77.821082830747713,43.008155540062383],[-77.819761830274643,43.009576540672313],[-77.819371830287309,43.010240540189329],[-77.816445830557342,43.019374541327039],[-77.816455829704765,43.019586542655595],[-77.821617831398314,43.019016541870542],[-77.825269833371237,43.018462541738195],[-77.826849832513759,43.018297541730959],[-77.833846836312901,43.017874540905083],[-77.836848836210848,43.017186540953738],[-77.837862836537255,43.017046541390599],[-77.849930840895041,43.016925540258399],[-77.851288841178032,43.014445540216748],[-77.854072840617761,43.009936538871678],[-77.860854842535133,42.999883536959707],[-77.860508842928738,42.999256536470291],[-77.860808843402708,42.998300536177112],[-77.860728843036753,42.997932537066887],[-77.86128384377885,42.997625536681738],[-77.861936842633597,42.99701953641879],[-77.862287842262887,42.996361535862206],[-77.862339842141424,42.995668536031665]]]},"properties":{"OBJECTID":155184,"GEOID20":"360550147004","GEOID10":"360550147004","STATEFP":"36","COUNTYFP":"055","D1C":0.044011277780783356,"D1C5_RET":0,"D2B_E5MIXA":0.11965899140894262,"D3A":3.230266288181189,"D3AAO":0.84127425492878538,"D3B":3.043411547679149,"D4A":-99999,"D4C":-99999,"D4D":-99999,"D5AR":28160,"D5BR":-99999}},{"type":"Feature","id":155185,"geometry":{"type":"Polygon","coordinates":[[[-77.831186856484678,43.290375590945814],[-77.832579857826076,43.287258589995368],[-77.8122438503231,43.287741590139625],[-77.813147851942958,43.302240593926307],[-77.793817845268791,43.302905594389635],[-77.794341846048738,43.310390596168943],[-77.774729840240568,43.31112559642056],[-77.775189840548123,43.318310598255003],[-77.776502842421891,43.333083600411321],[-77.773602842631192,43.333259601015484],[-77.774440842332211,43.339711600958758],[-77.774319841958388,43.344007602066007],[-77.807562853345061,43.344527600590133],[-77.809080853461623,43.341697600147619],[-77.814143853624344,43.329524598229312],[-77.82285685611015,43.309233594113188],[-77.831186856484678,43.290375590945814]]]},"properties":{"OBJECTID":155185,"GEOID20":"360550148031","GEOID10":"360550148031","STATEFP":"36","COUNTYFP":"055","D1C":0.023894716979673974,"D1C5_RET":0,"D2B_E5MIXA":0.32218401053304069,"D3A":3.5913911977737141,"D3AAO":1.3507848336402364,"D3B":1.8162905945260328,"D4A":-99999,"D4C":0.67000000000000004,"D4D":0.114050112309,"D5AR":17695,"D5BR":-99999}},{"type":"Feature","id":155186,"geometry":{"type":"Polygon","coordinates":[[[-77.799449839230775,43.19597857499712],[-77.799640839026495,43.19544557534995],[-77.784115833587776,43.194955574926375],[-77.773341830837197,43.194708576447667],[-77.773519830214127,43.190944575259607],[-77.769123828251551,43.190132574858765],[-77.765281827206152,43.18828557541655],[-77.7627378261693,43.18766557498391],[-77.758142824015096,43.187504574459567],[-77.755744823466415,43.18714357585327],[-77.753453823946188,43.187563574827131],[-77.753135824827197,43.203415578360797],[-77.772970831116425,43.203707577057138],[-77.796905839092233,43.204316576317325],[-77.797406838509346,43.20160557590922],[-77.799449839230775,43.19597857499712]]]},"properties":{"OBJECTID":155186,"GEOID20":"360550149061","GEOID10":"360550149061","STATEFP":"36","COUNTYFP":"055","D1C":0.031400260451256691,"D1C5_RET":0,"D2B_E5MIXA":0.32912496652730849,"D3A":4.9176561184382486,"D3AAO":0,"D3B":9.3933240195262115,"D4A":-99999,"D4C":-99999,"D4D":-99999,"D5AR":38486,"D5BR":-99999}},{"type":"Feature","id":155187,"geometry":{"type":"Polygon","coordinates":[[[-77.804510839743685,43.177057571422317],[-77.804711839585138,43.172489570473083],[-77.793387834318708,43.172196570714007],[-77.775699829406264,43.171877571419444],[-77.774663828440239,43.171629571516988],[-77.774106828946643,43.171592572018511],[-77.774228829145372,43.167319570449919],[-77.755674822247897,43.167018572135227],[-77.754723822569019,43.166786571490405],[-77.753734822356961,43.166346571642812],[-77.753453823946188,43.187563574827131],[-77.755744823466415,43.18714357585327],[-77.758142824015096,43.187504574459567],[-77.7627378261693,43.18766557498391],[-77.765281827206152,43.18828557541655],[-77.769123828251551,43.190132574858765],[-77.773519830214127,43.190944575259607],[-77.773653829210105,43.190323574878569],[-77.773582829963317,43.18837057531772],[-77.773891829759791,43.180987573254825],[-77.788468833197697,43.18125057236616],[-77.802806838955959,43.181600572310678],[-77.804200839223952,43.181718572610741],[-77.804510839743685,43.177057571422317]]]},"properties":{"OBJECTID":155187,"GEOID20":"360550149062","GEOID10":"360550149062","STATEFP":"36","COUNTYFP":"055","D1C":0.2370425096354361,"D1C5_RET":0.020445715116803116,"D2B_E5MIXA":0.55802804945514994,"D3A":5.7632307688093789,"D3AAO":2.2794335432866575,"D3B":8.5079567259821669,"D4A":898.54999999999995,"D4C":1,"D4D":0.404967239087,"D5AR":47527,"D5BR":1101}},{"type":"Feature","id":155196,"geometry":{"type":"Polygon","coordinates":[[[-77.938053885027699,43.21704457249394],[-77.938111884754008,43.216852571993329],[-77.93608588464933,43.21592357293202],[-77.932019882399644,43.21435957245469],[-77.925393880117895,43.21524857280469],[-77.924871879886069,43.215274573414476],[-77.922007880080386,43.215081572879186],[-77.912398876370645,43.213786572399364],[-77.902922872730272,43.212038573406176],[-77.898258872775727,43.211979573131259],[-77.896791871814486,43.211902574007169],[-77.894853870675036,43.2116705736778],[-77.892128870786536,43.21981057427417],[-77.937108885196579,43.22011457302365],[-77.938053885027699,43.21704457249394]]]},"properties":{"OBJECTID":155196,"GEOID20":"360550153041","GEOID10":"360550153041","STATEFP":"36","COUNTYFP":"055","D1C":0.21747778758723971,"D1C5_RET":0,"D2B_E5MIXA":0.68058506878355007,"D3A":9.7744640214990941,"D3AAO":0.89277162142345823,"D3B":23.76872261537607,"D4A":976.34000000000003,"D4C":0.67000000000000004,"D4D":0.72356963752600001,"D5AR":29659,"D5BR":2744}},{"type":"Feature","id":155197,"geometry":{"type":"Polygon","coordinates":[[[-77.96786989457236,43.214243570526698],[-77.967954894961181,43.214069570494487],[-77.955758889658554,43.214553571054601],[-77.952654889653374,43.214528571154929],[-77.947701888197187,43.214897571016515],[-77.944285886225828,43.21605757185413],[-77.940081885680513,43.217086572236433],[-77.939555885250741,43.217110572730938],[-77.938111884754008,43.216852571993329],[-77.937108885196579,43.22011457302365],[-77.967011893881576,43.220009571953774],[-77.966985893942308,43.216544570718646],[-77.967054894437581,43.216001570591374],[-77.96786989457236,43.214243570526698]]]},"properties":{"OBJECTID":155197,"GEOID20":"360550153042","GEOID10":"360550153042","STATEFP":"36","COUNTYFP":"055","D1C":0.81879669831396817,"D1C5_RET":0.11974497169018507,"D2B_E5MIXA":0.60470706645333938,"D3A":13.988238896668479,"D3AAO":0,"D3B":46.076475053542978,"D4A":512.30999999999995,"D4C":1.3300000000000001,"D4D":2.70261132618,"D5AR":26486,"D5BR":2212}},{"type":"Feature","id":155202,"geometry":{"type":"Polygon","coordinates":[[[-77.699159799090978,43.101137562338359],[-77.700479799739142,43.099582562064555],[-77.693697797821784,43.099431561786034],[-77.69009379642776,43.099148562263586],[-77.686066793637806,43.098702562430894],[-77.679661793085629,43.105034563222155],[-77.679254793379855,43.105273564113972],[-77.678827793582599,43.10532356419349],[-77.679007793507651,43.10619356468014],[-77.679283792793854,43.106220563377953],[-77.679466793091962,43.105917564191273],[-77.679428792558809,43.10629156361334],[-77.679691793222858,43.106421563803181],[-77.67761779253928,43.107936564400958],[-77.678394793039232,43.110134563853791],[-77.678506794090552,43.112388565013624],[-77.677224793975526,43.11241356543151],[-77.676937792123709,43.112532564342835],[-77.676724792586711,43.1127445650704],[-77.675626791696388,43.112167565019746],[-77.675383792022146,43.112341565013466],[-77.675061791806868,43.112427565084005],[-77.670618790886948,43.112489566035954],[-77.669691790599174,43.11294556505726],[-77.65972378776253,43.117213566612875],[-77.647216784810226,43.122444567589746],[-77.645435784029615,43.123250568362131],[-77.648485784506448,43.125061568663881],[-77.648929784920469,43.125104568627314],[-77.651573786414758,43.126339568125097],[-77.652007785884706,43.126565568575913],[-77.652074785831857,43.126702568477491],[-77.652292786290062,43.12683356907268],[-77.653639785804089,43.127520568711681],[-77.653976786986291,43.127547569146856],[-77.654679786968074,43.127922568640997],[-77.654696786686515,43.12781056887723],[-77.656294788067342,43.12880256845277],[-77.658305789001702,43.130892569465921],[-77.664455791082403,43.130774568660371],[-77.673404793569759,43.130750567646416],[-77.67380479270453,43.130292568017111],[-77.673825792620931,43.13012656813487],[-77.677567794107205,43.125845567777482],[-77.680949794845048,43.121658567017732],[-77.681267793964068,43.121407566130195],[-77.683035795224185,43.119009565223877],[-77.682716794483639,43.118356566103124],[-77.682602795579143,43.117780565832696],[-77.682634795366198,43.117147565890512],[-77.682931794568802,43.116453565151829],[-77.690929797377251,43.106851563220999],[-77.693835797015723,43.107190562694754],[-77.699159799090978,43.101137562338359]]]},"properties":{"OBJECTID":155202,"GEOID20":"360559800001","GEOID10":"360559800001","STATEFP":"36","COUNTYFP":"055","D1C":0.52311690447770953,"D1C5_RET":0.012596299399604903,"D2B_E5MIXA":0.67877473971693514,"D3A":8.5322869956369676,"D3AAO":1.6732717541246809,"D3B":36.483032600557699,"D4A":-99999,"D4C":8.3300000000000001,"D4D":3.86164402606,"D5AR":55141,"D5BR":-99999}},{"type":"Feature","id":155204,"geometry":{"type":"Polygon","coordinates":[[[-77.939618884999916,43.211849571458558],[-77.940021885406054,43.210536571243836],[-77.936079883903233,43.210201571538917],[-77.932751882693736,43.20975257087801],[-77.922368879755425,43.207792571707003],[-77.922373878879966,43.215106573206853],[-77.924871879886069,43.215274573414476],[-77.925393880117895,43.21524857280469],[-77.932019882399644,43.21435957245469],[-77.935273883989282,43.215586572665721],[-77.938111884754008,43.216852571993329],[-77.939618884999916,43.211849571458558]]]},"properties":{"OBJECTID":155204,"GEOID20":"360550153043","GEOID10":"360550153043","STATEFP":"36","COUNTYFP":"055","D1C":4.1239118292805799,"D1C5_RET":0.55367334744970753,"D2B_E5MIXA":0.87398328873504627,"D3A":11.80711238888329,"D3AAO":0,"D3B":44.690651202925039,"D4A":386.24000000000001,"D4C":1,"D4D":2.9781854726699999,"D5AR":33155,"D5BR":6482}},{"type":"Feature","id":155205,"geometry":{"type":"Polygon","coordinates":[[[-77.613533777699089,43.179130579173432],[-77.613266776837079,43.174932579568853],[-77.604538775180984,43.175203579412653],[-77.604713775083155,43.178434580291338],[-77.610642776332583,43.178262580263635],[-77.610703777330272,43.179220579499933],[-77.613533777699089,43.179130579173432]]]},"properties":{"OBJECTID":155205,"GEOID20":"360550052002","GEOID10":"360550052002","STATEFP":"36","COUNTYFP":"055","D1C":1.223903391920101,"D1C5_RET":0.6911454448489982,"D2B_E5MIXA":0.60806045203749737,"D3A":31.55544018662043,"D3AAO":0,"D3B":270.41295911532006,"D4A":374.17000000000002,"D4C":5.3300000000000001,"D4D":49.1174029473,"D5AR":97505,"D5BR":86801}},{"type":"Feature","id":155206,"geometry":{"type":"Polygon","coordinates":[[[-77.705105802753806,43.124814566123248],[-77.704344802147361,43.123899566868147],[-77.702891803226464,43.12297556600717],[-77.702607801747689,43.12267556554508],[-77.702391801837635,43.122274565792544],[-77.702062801051341,43.119066564951979],[-77.70212580080053,43.117761564874144],[-77.702301800527621,43.116669564097506],[-77.701819801377098,43.116528565327549],[-77.701571800781664,43.116305564535416],[-77.701294800772231,43.113486564456714],[-77.700933800198897,43.112610564275258],[-77.700129799036461,43.11146256392832],[-77.700013799583814,43.111097564125998],[-77.699999799340119,43.110203563929787],[-77.700161800620137,43.109977563371928],[-77.700642799945769,43.109867563111877],[-77.702867801140371,43.109826563155153],[-77.703091800548037,43.109763562672271],[-77.703440800527517,43.109516562641481],[-77.703900800835044,43.108464563058902],[-77.704493801211967,43.107823563320181],[-77.704506801630771,43.107074562391617],[-77.695817797637787,43.107363563569606],[-77.690929797377251,43.106851563220999],[-77.68319379450962,43.116064565388591],[-77.682742794422921,43.116824565779403],[-77.682607794703699,43.117431565472785],[-77.682639795389079,43.118073565544691],[-77.683035795224185,43.119009565223877],[-77.681267793964068,43.121407566130195],[-77.680949794845048,43.121658567017732],[-77.677567794107205,43.125845567777482],[-77.685802795843784,43.125893566433412],[-77.687749797204063,43.126057566966026],[-77.692151798116114,43.125871566480448],[-77.702965802846307,43.125848567325804],[-77.705105802753806,43.124814566123248]]]},"properties":{"OBJECTID":155206,"GEOID20":"360550145041","GEOID10":"360550145041","STATEFP":"36","COUNTYFP":"055","D1C":1.4586445050897345,"D1C5_RET":0,"D2B_E5MIXA":0.22812849072513242,"D3A":6.6730388252947472,"D3AAO":0.0012809016472736295,"D3B":13.278710128427029,"D4A":-99999,"D4C":2,"D4D":1.6592165598399999,"D5AR":66264,"D5BR":-99999}},{"type":"Feature","id":155208,"geometry":{"type":"Polygon","coordinates":[[[-77.73301480932453,43.094413559921925],[-77.733351809608436,43.093926559601513],[-77.732234808451537,43.09329055911148],[-77.73129980776784,43.092553559593853],[-77.729118807852458,43.090478558222898],[-77.728578807178977,43.090057559240861],[-77.727844807235059,43.089642558699246],[-77.726963806978048,43.089287558565303],[-77.72625680679829,43.08909755866474],[-77.725340807279508,43.088934559247143],[-77.723931806044561,43.088876558556855],[-77.711598801372915,43.091304559910434],[-77.698978798442695,43.093891560381635],[-77.698115798627342,43.093914561052017],[-77.690543795791243,43.093428561078483],[-77.691451795812441,43.092521561427262],[-77.687085794885405,43.092258561553372],[-77.687220793706302,43.091046560837022],[-77.687324794361686,43.087862560033926],[-77.684749793362698,43.087825559687595],[-77.684843793074023,43.087448560186125],[-77.684657794199509,43.087410560424317],[-77.68179279367061,43.090365560999203],[-77.680784791395354,43.091947561544629],[-77.680525792725888,43.092046561379192],[-77.678606792751339,43.095932562539836],[-77.677197792414717,43.098549562014938],[-77.676734791734134,43.099753562898989],[-77.676481792014144,43.100906563753462],[-77.676361792363551,43.101736563504538],[-77.676451791876914,43.103509563427338],[-77.676281791099285,43.104810563641216],[-77.67583679265698,43.106120563987517],[-77.675088790672717,43.106978563715835],[-77.67437179134555,43.107406563510281],[-77.671591791205458,43.108604564537607],[-77.668159789340592,43.109777564898351],[-77.662101787321404,43.110736565811571],[-77.661949787883742,43.110542565825106],[-77.660216787682032,43.110876565372514],[-77.658813787193196,43.11274856532453],[-77.657515785388043,43.113784565945146],[-77.654797785172221,43.114525566458646],[-77.652813785798656,43.1149145661687],[-77.651757784741136,43.115452567120919],[-77.650612783995172,43.11670956668442],[-77.649080784533211,43.118020566768259],[-77.644718783804137,43.120787567421623],[-77.642541782290081,43.121669568080591],[-77.642717782017172,43.122089568140531],[-77.643185782720636,43.12209656817177],[-77.645435784029615,43.123250568362131],[-77.647216784810226,43.122444567589746],[-77.65972378776253,43.117213566612875],[-77.669691790599174,43.11294556505726],[-77.670618790886948,43.112489566035954],[-77.675061791806868,43.112427565084005],[-77.675383792022146,43.112341565013466],[-77.675626791696388,43.112167565019746],[-77.676724792586711,43.1127445650704],[-77.676937792123709,43.112532564342835],[-77.677224793975526,43.11241356543151],[-77.678506794090552,43.112388565013624],[-77.678394793039232,43.110134563853791],[-77.67761779253928,43.107936564400958],[-77.679691793222858,43.106421563803181],[-77.679428792558809,43.10629156361334],[-77.679466793091962,43.105917564191273],[-77.679283792793854,43.106220563377953],[-77.679007793507651,43.10619356468014],[-77.678827793582599,43.10532356419349],[-77.679254793379855,43.105273564113972],[-77.679661793085629,43.105034563222155],[-77.686066793637806,43.098702562430894],[-77.69009379642776,43.099148562263586],[-77.693697797821784,43.099431561786034],[-77.700479799739142,43.099582562064555],[-77.693835797015723,43.107190562694754],[-77.695817797637787,43.107363563569606],[-77.697238799466604,43.107346562959428],[-77.728303808616005,43.106078561348447],[-77.732356810446902,43.106687561706806],[-77.732319809738669,43.101971561228183],[-77.732863809711787,43.096321559721702],[-77.732865809361599,43.094869559784861],[-77.73301480932453,43.094413559921925]]]},"properties":{"OBJECTID":155208,"GEOID20":"360550146022","GEOID10":"360550146022","STATEFP":"36","COUNTYFP":"055","D1C":1.5075163447324822,"D1C5_RET":0.10352756388724721,"D2B_E5MIXA":0.74742721593247297,"D3A":5.8317333641573965,"D3AAO":0.14496884738946642,"D3B":13.278794039297912,"D4A":-99999,"D4C":2.3300000000000001,"D4D":0.79982395655899996,"D5AR":48356,"D5BR":-99999}},{"type":"Feature","id":155210,"geometry":{"type":"Polygon","coordinates":[[[-77.599225773874679,43.181485581047049],[-77.599037772655379,43.178739580516336],[-77.595353771793739,43.178856580812578],[-77.595409771870237,43.180086579967359],[-77.59140077131859,43.18016658075836],[-77.591527770641903,43.182191580939076],[-77.595504772304793,43.182131581690626],[-77.595474773065902,43.181562580569981],[-77.599225773874679,43.181485581047049]]]},"properties":{"OBJECTID":155210,"GEOID20":"360550079002","GEOID10":"360550079002","STATEFP":"36","COUNTYFP":"055","D1C":10.766857314642955,"D1C5_RET":0.21170786854635026,"D2B_E5MIXA":0.060098217138769866,"D3A":23.784458197855088,"D3AAO":0,"D3B":94.229401825175017,"D4A":343.32999999999998,"D4C":7,"D4D":109.91598279900001,"D5AR":103035,"D5BR":86726}},{"type":"Feature","id":155211,"geometry":{"type":"Polygon","coordinates":[[[-77.624332788648857,43.266436595696874],[-77.624097787573902,43.266379595420901],[-77.624298788313666,43.266199594715353],[-77.622431787319343,43.264932595132429],[-77.61982178616023,43.263477594064177],[-77.618981785012792,43.262826594756298],[-77.618260785487649,43.262433594285454],[-77.616664785553283,43.261350594396511],[-77.615849785418519,43.260696595117267],[-77.615398784433467,43.258676594452233],[-77.613420784907689,43.260427594758163],[-77.612628784339137,43.259952594531647],[-77.615171784652773,43.257686593813141],[-77.61503578421032,43.257340593280475],[-77.613401783742802,43.257758594414284],[-77.613437784626129,43.258068594121895],[-77.61186878355764,43.259483594237999],[-77.610703782720165,43.259793594322154],[-77.607881782747285,43.257969594186314],[-77.60531778161895,43.256925594166646],[-77.604638781028299,43.256774593877147],[-77.601953780424438,43.259528595012874],[-77.598496780241845,43.263324595199322],[-77.598915779643178,43.264039596411031],[-77.602665780627063,43.259895594726487],[-77.620446787222534,43.269053595217045],[-77.622427788918017,43.267770595187891],[-77.623546787928078,43.266845595755825],[-77.62379078832555,43.266808595774016],[-77.623742787746664,43.266637595176832],[-77.623830787610203,43.266537594620274],[-77.623939788288467,43.266594595402452],[-77.624035787649618,43.266502594779183],[-77.624139787406705,43.266563594937814],[-77.624332788648857,43.266436595696874]]]},"properties":{"OBJECTID":155211,"GEOID20":"360550085003","GEOID10":"360550085003","STATEFP":"36","COUNTYFP":"055","D1C":3.0282740931688257,"D1C5_RET":0,"D2B_E5MIXA":0.040812919514163805,"D3A":25.636347837954172,"D3AAO":0,"D3B":226.94116228416857,"D4A":42.920000000000002,"D4C":8,"D4D":41.248904854700001,"D5AR":49821,"D5BR":86561}},{"type":"Feature","id":155212,"geometry":{"type":"Polygon","coordinates":[[[-77.629102786213664,43.236219589003959],[-77.629270786443158,43.230871588250899],[-77.626155785668999,43.230805589165548],[-77.622813785114118,43.238058590351528],[-77.620317785554477,43.241635590651043],[-77.628643787527679,43.241759590832366],[-77.629102786213664,43.236219589003959]]]},"properties":{"OBJECTID":155212,"GEOID20":"360550086003","GEOID10":"360550086003","STATEFP":"36","COUNTYFP":"055","D1C":1.1559374747781901,"D1C5_RET":0.096949594658815946,"D2B_E5MIXA":0.27865841681767967,"D3A":20.483660763914024,"D3AAO":0,"D3B":109.81972792638504,"D4A":355.39999999999998,"D4C":5,"D4D":23.8645156083,"D5AR":61442,"D5BR":86511}},{"type":"Feature","id":155213,"geometry":{"type":"Polygon","coordinates":[[[-77.664120794041594,43.168030575962078],[-77.664198792961088,43.167810575673357],[-77.659499791948136,43.166858575309313],[-77.659550790205117,43.157387572932862],[-77.656153789398658,43.157166573640403],[-77.654122788372788,43.157139573832175],[-77.654123789096019,43.157422574505802],[-77.655939789138415,43.157419574540263],[-77.655939790036712,43.159391574501313],[-77.655580790011527,43.159391574501313],[-77.655603789577739,43.164659576326478],[-77.65526178927098,43.164660574230844],[-77.656881791291411,43.165781575500056],[-77.658016791991656,43.166336576493705],[-77.658935790985183,43.166682576089144],[-77.658872791235993,43.166929575279319],[-77.658027790065688,43.166730575450231],[-77.658014790545195,43.169965575607407],[-77.657434791485386,43.169971576271784],[-77.657427790914383,43.173868576969426],[-77.6619687926419,43.173853577247286],[-77.662308792400538,43.173135577197442],[-77.664120794041594,43.168030575962078]]]},"properties":{"OBJECTID":155213,"GEOID20":"360550087013","GEOID10":"360550087013","STATEFP":"36","COUNTYFP":"055","D1C":1.3038907210841597,"D1C5_RET":0.58298960125397525,"D2B_E5MIXA":0.67391147985161814,"D3A":20.761271947900077,"D3AAO":5.599894005596985,"D3B":58.863645106913197,"D4A":199.83000000000001,"D4C":6.3300000000000001,"D4D":25.395779275300001,"D5AR":95223,"D5BR":160153}},{"type":"Feature","id":155214,"geometry":{"type":"Polygon","coordinates":[[[-77.680697799441546,43.173925576011051],[-77.680688798322407,43.172181575822314],[-77.67905579767978,43.170892575281677],[-77.678007797916507,43.169484575135755],[-77.677300797736777,43.167850574950897],[-77.673733796152689,43.157133573217898],[-77.670993794398925,43.157436573032435],[-77.66559479198061,43.157504572851394],[-77.668822794529291,43.157711573116281],[-77.661493790469123,43.157691574093164],[-77.660886791645112,43.157486573735454],[-77.659550790205117,43.157387572932862],[-77.659499791948136,43.166858575309313],[-77.664198792961088,43.167810575673357],[-77.662308792400538,43.173135577197442],[-77.6619687926419,43.173853577247286],[-77.680697799441546,43.173925576011051]]]},"properties":{"OBJECTID":155214,"GEOID20":"360550087014","GEOID10":"360550087014","STATEFP":"36","COUNTYFP":"055","D1C":10.539268767159255,"D1C5_RET":0.36455443677479266,"D2B_E5MIXA":0.63155086947687145,"D3A":10.565314104289529,"D3AAO":1.1679167353161477,"D3B":31.431114830990147,"D4A":430.5,"D4C":7.3300000000000001,"D4D":8.1286409946399996,"D5AR":105529,"D5BR":160705}},{"type":"Feature","id":155215,"geometry":{"type":"Polygon","coordinates":[[[-77.673678795901097,43.157139573176913],[-77.671501794387041,43.149962572041581],[-77.67091979298246,43.148302571100324],[-77.652574789017308,43.151557573562123],[-77.652553788202596,43.15148757350785],[-77.649597787437116,43.152030573016454],[-77.649642786744622,43.152095574036728],[-77.649166787441885,43.152308573397129],[-77.648709786609075,43.152683574408499],[-77.648355786606757,43.153447573556029],[-77.648411786683241,43.153896573007216],[-77.648962787227362,43.154625573495572],[-77.649266787000983,43.155264573696961],[-77.649180786787269,43.155264574352294],[-77.649286787092478,43.155810573768484],[-77.649251786932368,43.15722757447385],[-77.654122788372788,43.157139573832175],[-77.656153789398658,43.157166573640403],[-77.660886791645112,43.157486573735454],[-77.661493790469123,43.157691574093164],[-77.668822794529291,43.157711573116281],[-77.66559479198061,43.157504572851394],[-77.670993794398925,43.157436573032435],[-77.673678795901097,43.157139573176913]]]},"properties":{"OBJECTID":155215,"GEOID20":"360550087021","GEOID10":"360550087021","STATEFP":"36","COUNTYFP":"055","D1C":7.3072563352798561,"D1C5_RET":0.14427799965128635,"D2B_E5MIXA":0.50412890814299172,"D3A":13.261712049998723,"D3AAO":4.7418721410906244,"D3B":32.610035933782555,"D4A":285.66000000000003,"D4C":4.6699999999999999,"D4D":7.8742951298200001,"D5AR":108858,"D5BR":90290}},{"type":"Feature","id":155216,"geometry":{"type":"Polygon","coordinates":[[[-77.610133781011143,43.23884359125465],[-77.610043781497765,43.238138590401995],[-77.609836780910229,43.237695590512601],[-77.609543781007261,43.237374590638204],[-77.606156779348225,43.235044589826003],[-77.607005779818195,43.234381589786416],[-77.605166779311261,43.233138589912272],[-77.604056779623704,43.232500590475269],[-77.603355778393421,43.233134590336668],[-77.602922778748379,43.232836590783528],[-77.60272077908202,43.233563589954606],[-77.5993637775602,43.233616590645205],[-77.599501778550788,43.237939591039229],[-77.599409778489274,43.238694590567043],[-77.598960778052401,43.240460591859318],[-77.598726778598973,43.244587592608205],[-77.601688778313942,43.244277592329972],[-77.602474779933047,43.244016591761174],[-77.608659781275506,43.245503591904878],[-77.608753781885142,43.242448591232247],[-77.609940781565612,43.239521591122113],[-77.610133781011143,43.23884359125465]]]},"properties":{"OBJECTID":155216,"GEOID20":"360550102003","GEOID10":"360550102003","STATEFP":"36","COUNTYFP":"055","D1C":0.084340776351321992,"D1C5_RET":0,"D2B_E5MIXA":0.49819787787319719,"D3A":11.929332257496361,"D3AAO":0,"D3B":45.900274669021861,"D4A":-99999,"D4C":1.6699999999999999,"D4D":4.5071710882099998,"D5AR":55147,"D5BR":-99999}},{"type":"Feature","id":155217,"geometry":{"type":"Polygon","coordinates":[[[-77.599416777263642,43.226035589093335],[-77.598872776392213,43.225209589638801],[-77.598748777441955,43.224847588078013],[-77.598890776833883,43.223911588268585],[-77.598695775941891,43.219018587382692],[-77.59271877411355,43.219189588145923],[-77.59298877534863,43.226277589492135],[-77.59864177641353,43.22611958925409],[-77.599416777263642,43.226035589093335]]]},"properties":{"OBJECTID":155217,"GEOID20":"360550105004","GEOID10":"360550105004","STATEFP":"36","COUNTYFP":"055","D1C":0.15802081033570886,"D1C5_RET":0,"D2B_E5MIXA":0.39001520490331576,"D3A":25.523152384477086,"D3AAO":0,"D3B":175.37865892063826,"D4A":425.13999999999999,"D4C":4.3300000000000001,"D4D":29.1938179735,"D5AR":65376,"D5BR":86806}},{"type":"Feature","id":155218,"geometry":{"type":"Polygon","coordinates":[[[-77.580190769448237,43.211202587034371],[-77.579958768746323,43.209309585971191],[-77.57728776748786,43.203383585791975],[-77.577023767897231,43.199053585372148],[-77.572433766664204,43.200352585415757],[-77.573145767765155,43.211463587381424],[-77.580190769448237,43.211202587034371]]]},"properties":{"OBJECTID":155218,"GEOID20":"360550106011","GEOID10":"360550106011","STATEFP":"36","COUNTYFP":"055","D1C":1.2470042800512238,"D1C5_RET":0,"D2B_E5MIXA":0.31408913334395133,"D3A":11.932320666692599,"D3AAO":0,"D3B":50.89848988844706,"D4A":378.19999999999999,"D4C":4.3300000000000001,"D4D":18.883597053999999,"D5AR":82220,"D5BR":86566}},{"type":"Feature","id":155219,"geometry":{"type":"Polygon","coordinates":[[[-77.618401778766454,43.170961578235655],[-77.618911779302707,43.170664577955606],[-77.614239777155603,43.166368577345253],[-77.614239777155603,43.166182576952473],[-77.615105777343999,43.165678576930738],[-77.612816775676947,43.163552576492307],[-77.609474775122081,43.164625576804156],[-77.611778776857733,43.170175578199519],[-77.612434776983847,43.172174578248622],[-77.614674777348782,43.172095578527482],[-77.614607777401631,43.171010577931277],[-77.617554778844621,43.170912577845556],[-77.617920778542512,43.171239577659044],[-77.618401778766454,43.170961578235655]]]},"properties":{"OBJECTID":155219,"GEOID20":"360550092002","GEOID10":"360550092002","STATEFP":"36","COUNTYFP":"055","D1C":4.5515605267669388,"D1C5_RET":0.011853022205122236,"D2B_E5MIXA":0.32330963746687225,"D3A":27.199320449013648,"D3AAO":0,"D3B":149.60285751882697,"D4A":360.75999999999999,"D4C":7.6699999999999999,"D4D":56.408117056800002,"D5AR":104482,"D5BR":88075}},{"type":"Feature","id":155220,"geometry":{"type":"Polygon","coordinates":[[[-77.610558775768681,43.167234577930664],[-77.608226774443949,43.161570577296366],[-77.606720774022946,43.161248577114456],[-77.605600775187952,43.161255577250373],[-77.604629773620928,43.161479577901311],[-77.603767772732184,43.161814576438317],[-77.602908773114777,43.162039577573687],[-77.603451773263004,43.162078576786314],[-77.602454773553347,43.162269577426393],[-77.59876277139746,43.168855578177492],[-77.601699773693028,43.168783578678131],[-77.602051773147224,43.167574578092172],[-77.610558775768681,43.167234577930664]]]},"properties":{"OBJECTID":155220,"GEOID20":"360550093011","GEOID10":"360550093011","STATEFP":"36","COUNTYFP":"055","D1C":9.7207397137487206,"D1C5_RET":0.20664105680245287,"D2B_E5MIXA":0.3527409416031313,"D3A":26.319764135955921,"D3AAO":3.3809991422158787,"D3B":139.64527097300694,"D4A":111.31,"D4C":77,"D4D":424.30296996800001,"D5AR":114734,"D5BR":118933}},{"type":"Feature","id":155221,"geometry":{"type":"Polygon","coordinates":[[[-77.636079782734811,43.150251573163359],[-77.636056783168584,43.146600573191236],[-77.632874781548963,43.146608572549049],[-77.632829781343119,43.148935573732786],[-77.629029781028834,43.149824573668035],[-77.628999780891604,43.150820574371565],[-77.630807781436417,43.150411573502836],[-77.631234782131969,43.151418573460191],[-77.631096781141409,43.151453574519898],[-77.63150978159328,43.152399574654417],[-77.632317782953677,43.153013574338807],[-77.636079782734811,43.150251573163359]]]},"properties":{"OBJECTID":155221,"GEOID20":"360550096011","GEOID10":"360550096011","STATEFP":"36","COUNTYFP":"055","D1C":3.7415477707291509,"D1C5_RET":1.7297607784275473,"D2B_E5MIXA":0.56991169153593779,"D3A":22.023700680416027,"D3AAO":0,"D3B":148.47664866099134,"D4A":195.80000000000001,"D4C":12,"D4D":144.39742150399999,"D5AR":117379,"D5BR":130513}},{"type":"Feature","id":155222,"geometry":{"type":"Polygon","coordinates":[[[-77.515542749153525,43.213887590548687],[-77.51538574969301,43.211507589173678],[-77.515108749683577,43.209215589578818],[-77.514995749705662,43.208874589051824],[-77.513904747589734,43.207108589188216],[-77.514351748376797,43.206919589642162],[-77.514126748245886,43.20684658935928],[-77.513810746980084,43.206956589339555],[-77.513157747227012,43.205657588472469],[-77.512194746954236,43.203207588384799],[-77.511932747013404,43.202012587810813],[-77.511131747122334,43.20042958798814],[-77.50886674574474,43.196813587306579],[-77.500350742902427,43.196723587376248],[-77.498290742462572,43.200524588034369],[-77.49792074256672,43.201374588723858],[-77.491011741326048,43.214592591722891],[-77.495075743027613,43.214621591732254],[-77.50794774764951,43.214353589901535],[-77.514532749025079,43.213896590634555],[-77.515542749153525,43.213887590548687]]]},"properties":{"OBJECTID":155222,"GEOID20":"360550112071","GEOID10":"360550112071","STATEFP":"36","COUNTYFP":"055","D1C":0.27775801548276086,"D1C5_RET":0.0058784765181536689,"D2B_E5MIXA":0.71752188216630663,"D3A":9.8143142172616642,"D3AAO":1.8089486300687547,"D3B":24.465748893354721,"D4A":278.94999999999999,"D4C":2,"D4D":1.8811124783399999,"D5AR":65329,"D5BR":12399}},{"type":"Feature","id":155223,"geometry":{"type":"Polygon","coordinates":[[[-77.499220742225063,43.198787587755788],[-77.500350742902427,43.196723587376248],[-77.484585737264197,43.196472587524099],[-77.474637734519064,43.196567589147207],[-77.474627735371641,43.205093590548373],[-77.477892735933622,43.20458059002916],[-77.482912739133582,43.204176589654871],[-77.487521738836534,43.203951589884589],[-77.492021741454508,43.203969589713381],[-77.496211742654452,43.204645589479732],[-77.499220742225063,43.198787587755788]]]},"properties":{"OBJECTID":155223,"GEOID20":"360550112072","GEOID10":"360550112072","STATEFP":"36","COUNTYFP":"055","D1C":4.0568599799880811,"D1C5_RET":0.43280867496316655,"D2B_E5MIXA":0.7382445371752574,"D3A":8.871697355554657,"D3AAO":0,"D3B":26.631185991489211,"D4A":1047.4100000000001,"D4C":2,"D4D":3.1317911438200001,"D5AR":55814,"D5BR":16458}},{"type":"Feature","id":155224,"geometry":{"type":"Polygon","coordinates":[[[-77.495674741455687,43.205652589204526],[-77.496211742654452,43.204645589479732],[-77.492021741454508,43.203969589713381],[-77.487521738836534,43.203951589884589],[-77.482912739133582,43.204176589654871],[-77.477415735907655,43.204629590900772],[-77.474627735371641,43.205093590548373],[-77.474641736513661,43.211583591004207],[-77.4750177362573,43.213803592520392],[-77.482570737928498,43.213823590845571],[-77.48881274096901,43.214335591827471],[-77.490306741694454,43.214342591770148],[-77.491011741326048,43.214592591722891],[-77.495674741455687,43.205652589204526]]]},"properties":{"OBJECTID":155224,"GEOID20":"360550112073","GEOID10":"360550112073","STATEFP":"36","COUNTYFP":"055","D1C":0.69029621782526807,"D1C5_RET":0.32710900914368107,"D2B_E5MIXA":0.74819562515618743,"D3A":12.675316829379458,"D3AAO":0.6840923206597419,"D3B":31.828861092065381,"D4A":-99999,"D4C":2,"D4D":3.0786730272299998,"D5AR":54614,"D5BR":-99999}},{"type":"Feature","id":155226,"geometry":{"type":"Polygon","coordinates":[[[-77.649038789191991,43.183193578734752],[-77.649041789565047,43.180891577907239],[-77.647371789112512,43.180898578412389],[-77.647394788678739,43.182592579456994],[-77.645502788468363,43.182592579456994],[-77.645494788970751,43.185275579624133],[-77.642305786780099,43.185277578689174],[-77.64232078864535,43.186185580417884],[-77.638879786559642,43.186197579868413],[-77.638881786209467,43.189204580914947],[-77.649031789519299,43.189191580622172],[-77.649038789191991,43.183193578734752]]]},"properties":{"OBJECTID":155226,"GEOID20":"360550021004","GEOID10":"360550021004","STATEFP":"36","COUNTYFP":"055","D1C":1.2333844634842177,"D1C5_RET":0,"D2B_E5MIXA":0,"D3A":17.190010829315792,"D3AAO":0,"D3B":42.894736232866229,"D4A":616.91999999999996,"D4C":7,"D4D":40.930091825300003,"D5AR":90747,"D5BR":86603}},{"type":"Feature","id":155227,"geometry":{"type":"Polygon","coordinates":[[[-77.552472757283326,43.162379578474365],[-77.552616756325051,43.162129578844201],[-77.550810755430092,43.161287578797776],[-77.55160375582355,43.159845578513966],[-77.548032754939825,43.158804579662629],[-77.548963755425547,43.15704957962771],[-77.543172753370058,43.157259578786238],[-77.547613755538464,43.159582578954605],[-77.547128755116589,43.160508578999021],[-77.545950754758636,43.160558579153999],[-77.545111754334428,43.160712579767484],[-77.543073753635852,43.160780578561749],[-77.543172754268369,43.162390579420062],[-77.544236753026865,43.16235957966861],[-77.546277754098469,43.161532579646419],[-77.546583755318537,43.161587579875771],[-77.54514475574301,43.164282580256646],[-77.5516187576888,43.164019579484723],[-77.552472757283326,43.162379578474365]]]},"properties":{"OBJECTID":155227,"GEOID20":"360550061002","GEOID10":"360550061002","STATEFP":"36","COUNTYFP":"055","D1C":4.3432678977868111,"D1C5_RET":0.61021119225103959,"D2B_E5MIXA":0.61765912131513545,"D3A":23.923085371538676,"D3AAO":0,"D3B":81.706082149880388,"D4A":156.91,"D4C":3,"D4D":22.972656649499999,"D5AR":98002,"D5BR":86709}},{"type":"Feature","id":155228,"geometry":{"type":"Polygon","coordinates":[[[-77.563336757750648,43.121685571351691],[-77.563044756774289,43.116243570072449],[-77.553708753774316,43.116528571884892],[-77.554585752935054,43.117404571064434],[-77.561671756422669,43.123818571842435],[-77.563336757750648,43.121685571351691]]]},"properties":{"OBJECTID":155228,"GEOID20":"360550129001","GEOID10":"360550129001","STATEFP":"36","COUNTYFP":"055","D1C":3.8376751363139445,"D1C5_RET":0.44238330101601664,"D2B_E5MIXA":0.85220979833840926,"D3A":23.571120685178546,"D3AAO":0,"D3B":122.73482303388364,"D4A":331.25999999999999,"D4C":2.3300000000000001,"D4D":16.492049461899999,"D5AR":98092,"D5BR":86732}},{"type":"Feature","id":155229,"geometry":{"type":"Polygon","coordinates":[[[-77.645517789435274,43.184819579512663],[-77.645502788468363,43.182592579456994],[-77.638849787320723,43.182607578997604],[-77.638877786011506,43.18529257953513],[-77.637018785413105,43.185297579161293],[-77.637025785085797,43.186201579903091],[-77.64232078864535,43.186185580417884],[-77.642305786780099,43.185277578689174],[-77.645494788970751,43.185275579624133],[-77.645517789435274,43.184819579512663]]]},"properties":{"OBJECTID":155229,"GEOID20":"360550021003","GEOID10":"360550021003","STATEFP":"36","COUNTYFP":"055","D1C":0.099174260823291713,"D1C5_RET":0,"D2B_E5MIXA":0.59043628330840892,"D3A":19.547847626259529,"D3AAO":0,"D3B":84.645628309722753,"D4A":328.56999999999999,"D4C":5.6699999999999999,"D4D":71.976711535099994,"D5AR":96810,"D5BR":86594}},{"type":"Feature","id":155230,"geometry":{"type":"Polygon","coordinates":[[[-77.608962778529261,43.205541584398212],[-77.609260778455095,43.204724584407124],[-77.604062775878234,43.204883584952746],[-77.603774775998133,43.201464583758565],[-77.601751776266497,43.201543584114638],[-77.601795775749125,43.203861584112822],[-77.60059777529969,43.203887584993538],[-77.600932776832067,43.210623586837755],[-77.608643778687025,43.210385585606112],[-77.608499778746989,43.207466584810959],[-77.608641778138903,43.206499585062112],[-77.608962778529261,43.205541584398212]]]},"properties":{"OBJECTID":155230,"GEOID20":"360550104001","GEOID10":"360550104001","STATEFP":"36","COUNTYFP":"055","D1C":8.0409221528117545,"D1C5_RET":4.2761482939843205,"D2B_E5MIXA":0.60277884913706359,"D3A":19.167758377312982,"D3AAO":0,"D3B":64.711220954149951,"D4A":458.66000000000003,"D4C":16,"D4D":86.252876979899995,"D5AR":80130,"D5BR":87171}},{"type":"Feature","id":155231,"geometry":{"type":"Polygon","coordinates":[[[-77.430338721247807,43.207273592304112],[-77.430345720920513,43.206227592033592],[-77.427884720622643,43.206208593026538],[-77.427877720051626,43.205173592614599],[-77.426836719961045,43.205173591959799],[-77.426498718953923,43.205251592236372],[-77.424691719132355,43.206468593296144],[-77.424532719123704,43.206702593442515],[-77.424461718978591,43.207069592541337],[-77.424524720524417,43.211619594009129],[-77.424366720340672,43.211776593443844],[-77.423628719300467,43.211777593197077],[-77.423580719619892,43.213226594215691],[-77.430321720631056,43.212227593754669],[-77.430338721247807,43.207273592304112]]]},"properties":{"OBJECTID":155231,"GEOID20":"360550114003","GEOID10":"360550114003","STATEFP":"36","COUNTYFP":"055","D1C":1.2100725266649437,"D1C5_RET":0.088005274666541372,"D2B_E5MIXA":0.62934742738422289,"D3A":18.341639292500183,"D3AAO":0,"D3B":82.168764850656345,"D4A":734.92999999999995,"D4C":1.3300000000000001,"D4D":9.3637612245199993,"D5AR":46623,"D5BR":15856}},{"type":"Feature","id":155257,"geometry":{"type":"Polygon","coordinates":[[[-77.656991794489542,43.2093115835943],[-77.656961793453988,43.204566582663702],[-77.65279279306877,43.203965582330831],[-77.652490792944974,43.204881583255855],[-77.649283791211005,43.204479582656255],[-77.649216792162179,43.208683584239019],[-77.651632792254176,43.208700582867912],[-77.651627792231324,43.209277584053318],[-77.656991794489542,43.2093115835943]]]},"properties":{"OBJECTID":155257,"GEOID20":"360550139023","GEOID10":"360550139023","STATEFP":"36","COUNTYFP":"055","D1C":0,"D1C5_RET":0,"D2B_E5MIXA":0,"D3A":29.008343132022343,"D3AAO":0,"D3B":206.91491313769387,"D4A":637.02999999999997,"D4C":1,"D4D":7.9561238565699997,"D5AR":83081,"D5BR":88696}},{"type":"Feature","id":155258,"geometry":{"type":"Polygon","coordinates":[[[-77.597273768898276,43.149564575895447],[-77.597671771078168,43.148836575461893],[-77.594688769650176,43.147115574364648],[-77.593269769267806,43.149633575414647],[-77.592094768384598,43.14917957483069],[-77.58951576808596,43.153810576838552],[-77.594413770188879,43.15505857631041],[-77.597273768898276,43.149564575895447]]]},"properties":{"OBJECTID":155258,"GEOID20":"360550029004","GEOID10":"360550029004","STATEFP":"36","COUNTYFP":"055","D1C":19.30750001113778,"D1C5_RET":0.1773833923284743,"D2B_E5MIXA":0.57362493461487196,"D3A":20.705398436184915,"D3AAO":0,"D3B":112.23088959539757,"D4A":107.29000000000001,"D4C":7.3300000000000001,"D4D":63.261490367100002,"D5AR":110506,"D5BR":89679}},{"type":"Feature","id":155259,"geometry":{"type":"Polygon","coordinates":[[[-77.544947756997828,43.191866584841655],[-77.545007757272302,43.19182858442646],[-77.544440756834618,43.19018158536916],[-77.544252756513643,43.189332584757842],[-77.543728755733696,43.186434584908255],[-77.543872756572057,43.185975583756417],[-77.543682756601257,43.186183584002499],[-77.543107755767664,43.18310058359522],[-77.542547755002715,43.17686758262596],[-77.540628754129841,43.176950582710745],[-77.540929754428703,43.181375583618816],[-77.540590754495,43.182422583750665],[-77.535329753067245,43.182756584452783],[-77.535257753995538,43.181849583712506],[-77.535837753055361,43.181812583855603],[-77.535775753131077,43.180899583912016],[-77.531762752381468,43.181125583129081],[-77.53166375085064,43.179498583251842],[-77.531949751080916,43.178920583136133],[-77.532362751532787,43.178630583022837],[-77.536566752976398,43.177312582953199],[-77.536598752763467,43.17704958260115],[-77.534758752431628,43.176903583844698],[-77.532680752448428,43.177276583285746],[-77.531574751162182,43.177288583177287],[-77.526595750665052,43.176050582597945],[-77.52633974967371,43.176553583178809],[-77.522123748534497,43.182571583762083],[-77.521323748468333,43.185771585484424],[-77.522323750347667,43.196771587355599],[-77.525223751934988,43.203571587238699],[-77.529597752359621,43.200857587324862],[-77.531161753405257,43.200102587339181],[-77.534176753721994,43.200127587258457],[-77.534791753840224,43.200100586795124],[-77.535548755147005,43.199897587222154],[-77.535888754007317,43.199947586563518],[-77.536186754831462,43.199727586666555],[-77.536456755168189,43.199722587567507],[-77.536636755093241,43.19953058688629],[-77.536936754668886,43.199563587322665],[-77.537198754609719,43.199272587086355],[-77.537686755404664,43.199376586578538],[-77.538166754007065,43.199086586721329],[-77.53962875494544,43.19903658667441],[-77.539853755974661,43.198844586453923],[-77.540326756700992,43.198812586249275],[-77.540446756351599,43.198510586029087],[-77.540243755961995,43.198274585944162],[-77.540258755132285,43.198153586284747],[-77.540686755652786,43.197802585655346],[-77.540971756956452,43.197775586127776],[-77.54123375599896,43.197627586540669],[-77.541353756547878,43.197440586411886],[-77.541496756662994,43.197446585686016],[-77.541856755614788,43.197643586300948],[-77.542786756275618,43.197561585520589],[-77.543093756422294,43.197468586075431],[-77.543116756886818,43.197056585145646],[-77.543633757095776,43.196338585520955],[-77.54359675728584,43.195981586166617],[-77.543814756845734,43.195795585592926],[-77.543694756296816,43.195646586425013],[-77.543709756365431,43.195421585976618],[-77.543881756792885,43.195207585627458],[-77.544173755972622,43.195132585685506],[-77.544481756842501,43.194231585700919],[-77.544017756336999,43.193529585766335],[-77.544099756352765,43.192777585024437],[-77.544364756666639,43.192199584227971],[-77.544947756997828,43.191866584841655]]]},"properties":{"OBJECTID":155259,"GEOID20":"360550110001","GEOID10":"360550110001","STATEFP":"36","COUNTYFP":"055","D1C":0.13190357120334831,"D1C5_RET":0.0083748299176729084,"D2B_E5MIXA":0.70858196450548017,"D3A":10.445436937834071,"D3AAO":0.75060226636275817,"D3B":32.941474448572549,"D4A":-99999,"D4C":2.6699999999999999,"D4D":2.9634008348299998,"D5AR":81565,"D5BR":-99999}},{"type":"Feature","id":155260,"geometry":{"type":"Polygon","coordinates":[[[-77.566656761259168,43.168829580060581],[-77.566450761394833,43.163877579905225],[-77.564001760792536,43.163935579634916],[-77.561216760629577,43.169080580897941],[-77.564963761240421,43.168958579907169],[-77.565595761077077,43.168851580282244],[-77.566656761259168,43.168829580060581]]]},"properties":{"OBJECTID":155260,"GEOID20":"360550058002","GEOID10":"360550058002","STATEFP":"36","COUNTYFP":"055","D1C":1.0894869192546153,"D1C5_RET":0.20427879736024038,"D2B_E5MIXA":0.64353536267513312,"D3A":24.340437642377474,"D3AAO":0,"D3B":164.67231622227092,"D4A":238.72,"D4C":5.6699999999999999,"D4D":82.365211095600003,"D5AR":83578,"D5BR":86606}},{"type":"Feature","id":155327,"geometry":{"type":"Polygon","coordinates":[[[-77.463252724661686,43.1099795734266],[-77.46337672361193,43.109713573433297],[-77.461733723821894,43.108817573752532],[-77.46098372308613,43.108656573961937],[-77.44181371714383,43.108395574138974],[-77.441678717424622,43.11647057634729],[-77.442146717229761,43.116503575770999],[-77.44313571834013,43.116789575714222],[-77.44420471891813,43.116748575804401],[-77.444936719212237,43.11684457489433],[-77.445294719412516,43.11696957564881],[-77.4454987187287,43.117135575170188],[-77.445634718272828,43.117742575712811],[-77.445839720108879,43.117945576289912],[-77.446455719153704,43.118018575993609],[-77.4472297192806,43.117974575661648],[-77.449142719407362,43.116777575743477],[-77.449565720803307,43.116693575882316],[-77.450555720840256,43.116677575239962],[-77.450815720232953,43.116590575239421],[-77.452279720821153,43.115093574872269],[-77.452662721135809,43.114948575639637],[-77.453349721224058,43.114941574790649],[-77.453555720190067,43.114634575364029],[-77.45416172098578,43.114157574965951],[-77.454401722083617,43.113855575112375],[-77.455292722386389,43.113444574741457],[-77.455532722585886,43.113449574346127],[-77.455929722245926,43.113910574962205],[-77.45617672211813,43.114030575595635],[-77.456415721594411,43.114003575096575],[-77.457104722230824,43.113558574675807],[-77.458385723419227,43.113860574683471],[-77.459636723572089,43.113711574305746],[-77.460249724040523,43.112718574560439],[-77.460998724053042,43.111857574395671],[-77.461230722958334,43.111719573960464],[-77.461889724355814,43.111533574478194],[-77.462317723977989,43.111576574112583],[-77.463252724661686,43.1099795734266]]]},"properties":{"OBJECTID":155327,"GEOID20":"360550119014","GEOID10":"360550119014","STATEFP":"36","COUNTYFP":"055","D1C":0.64499634930140937,"D1C5_RET":0.060969804162819788,"D2B_E5MIXA":0.72616670119652571,"D3A":11.708561203561473,"D3AAO":0,"D3B":47.937925684835015,"D4A":478.77999999999997,"D4C":1.6699999999999999,"D4D":3.4297119310099999,"D5AR":47519,"D5BR":5914}},{"type":"Feature","id":155328,"geometry":{"type":"Polygon","coordinates":[[[-77.501894730381863,43.037640559051653],[-77.502122730885802,43.034485559019515],[-77.495242727262521,43.034392558951538],[-77.485420724914064,43.034572558786053],[-77.485220724897516,43.035776559539826],[-77.485491725059163,43.038940560425353],[-77.485720726286345,43.044678561361756],[-77.485723727557712,43.050175561466077],[-77.485943725869106,43.053406561867199],[-77.486290726198746,43.056264562984559],[-77.48650372753238,43.055648562289697],[-77.487044728030781,43.055170563473041],[-77.489569727902747,43.054601562010014],[-77.491586728684908,43.05430256226181],[-77.497204731386347,43.054255562313692],[-77.501786731325126,43.039059558967551],[-77.501894730381863,43.037640559051653]]]},"properties":{"OBJECTID":155328,"GEOID20":"360550123051","GEOID10":"360550123051","STATEFP":"36","COUNTYFP":"055","D1C":0.16280819806114288,"D1C5_RET":0,"D2B_E5MIXA":0.25309400742079902,"D3A":10.199819043078918,"D3AAO":0,"D3B":26.775946858877482,"D4A":-99999,"D4C":-99999,"D4D":-99999,"D5AR":52156,"D5BR":-99999}},{"type":"Feature","id":155329,"geometry":{"type":"Polygon","coordinates":[[[-77.542500743468935,43.034168557136148],[-77.542656743104558,43.033969556737048],[-77.528323739165799,43.034154557980472],[-77.523726737361784,43.034052557750783],[-77.522584736090522,43.034363557425898],[-77.52141473612852,43.03426155754358],[-77.502122730885802,43.034485559019515],[-77.501786731325126,43.039059558967551],[-77.497204731386347,43.054255562313692],[-77.508400734809641,43.054354562008832],[-77.510664735464005,43.054333562305636],[-77.511822734832137,43.054254561294918],[-77.523039738171818,43.054225561280568],[-77.523154738697883,43.057681561442628],[-77.522983738993645,43.05806156187424],[-77.522024738918816,43.059121561893164],[-77.532827741981706,43.059207561230984],[-77.533419743432049,43.05643556069387],[-77.534105742797081,43.054168560261687],[-77.534497742434269,43.053449560307506],[-77.536360743230631,43.050754559613225],[-77.540447743600097,43.044359557911001],[-77.541409743149643,43.041377558154785],[-77.541490743340503,43.040842558141328],[-77.541110743398903,43.037336557472216],[-77.541125743467518,43.036802557669283],[-77.54143274271587,43.03604355759213],[-77.542500743468935,43.034168557136148]]]},"properties":{"OBJECTID":155329,"GEOID20":"360550123052","GEOID10":"360550123052","STATEFP":"36","COUNTYFP":"055","D1C":0.353805138247485,"D1C5_RET":0.0023049194674103256,"D2B_E5MIXA":0.30513057607847455,"D3A":7.0526683206666245,"D3AAO":0.71999834995695189,"D3B":16.827141820609416,"D4A":-99999,"D4C":-99999,"D4D":-99999,"D5AR":57932,"D5BR":-99999}},{"type":"Feature","id":155330,"geometry":{"type":"Polygon","coordinates":[[[-77.586751757059602,43.033796555410412],[-77.586879757106132,43.033570554616475],[-77.578796755705497,43.033861555313223],[-77.573672753646775,43.033895555295594],[-77.564566750800608,43.034389555579224],[-77.56186274903186,43.034232555956038],[-77.561141748608406,43.033953556149015],[-77.555882747728788,43.033886555611105],[-77.549202745020366,43.033920556892831],[-77.54785574550634,43.033412556792086],[-77.546578744515898,43.033775556548413],[-77.544748744229793,43.033799556185251],[-77.543341744441292,43.033962556480276],[-77.542656743104558,43.033969556737048],[-77.54143274271587,43.03604355759213],[-77.541125743467518,43.036802557669283],[-77.541110743398903,43.037336557472216],[-77.541490743340503,43.040842558141328],[-77.541409743149643,43.041377558154785],[-77.5404067435922,43.04445755861461],[-77.536360743230631,43.050754559613225],[-77.534497742434269,43.053449560307506],[-77.534105742797081,43.054168560261687],[-77.533419743432049,43.05643556069387],[-77.532827741981706,43.059207561230984],[-77.529195740998603,43.067074562800578],[-77.528445742059475,43.068065564265027],[-77.527450741101333,43.069172564281686],[-77.528197741464041,43.06888356332464],[-77.529224741310927,43.068699563903692],[-77.544540747410579,43.068701562844666],[-77.549115748574991,43.068811562247426],[-77.54911074855211,43.071731563467182],[-77.548933748101803,43.07257556316172],[-77.546073748494081,43.078323565429621],[-77.544402748216626,43.082231565177992],[-77.542759748426604,43.08517656507869],[-77.542515747130807,43.086315565795054],[-77.542685747908436,43.087378566131299],[-77.558115752014288,43.087421565675257],[-77.563417753449926,43.078156563043692],[-77.564492752977372,43.076064563356184],[-77.564235753957746,43.075991563489261],[-77.568259753679698,43.068879561516994],[-77.573110755926933,43.059866560151526],[-77.579232755723595,43.048297557558023],[-77.57965775587104,43.047356557709314],[-77.584423757729454,43.038470555849813],[-77.585255758480997,43.036619555203224],[-77.586751757059602,43.033796555410412]]]},"properties":{"OBJECTID":155330,"GEOID20":"360550123061","GEOID10":"360550123061","STATEFP":"36","COUNTYFP":"055","D1C":0.33128574248691051,"D1C5_RET":0.0050374397337007862,"D2B_E5MIXA":0.58481373571593198,"D3A":6.119065141381637,"D3AAO":0.98102642524969474,"D3B":14.670738029011806,"D4A":-99999,"D4C":-99999,"D4D":-99999,"D5AR":45874,"D5BR":-99999}},{"type":"Feature","id":155331,"geometry":{"type":"Polygon","coordinates":[[[-77.463614724161602,43.123439575827717],[-77.463146725254788,43.123259575912002],[-77.462390724671238,43.123229576530207],[-77.462059724235132,43.123150576470522],[-77.461675724993896,43.122923575963668],[-77.461463725281789,43.122546576833898],[-77.461775724552993,43.112503574851964],[-77.462317723977989,43.111576574112583],[-77.462241724708321,43.111543573999356],[-77.461889724355814,43.111533574478194],[-77.461230722958334,43.111719573960464],[-77.460998724053042,43.111857574395671],[-77.460249724040523,43.112718574560439],[-77.459739723504256,43.113620574481956],[-77.459538722764492,43.113755574424211],[-77.458385723419227,43.113860574683471],[-77.457104722230824,43.113558574675807],[-77.456415721594411,43.114003575096575],[-77.45617672211813,43.114030575595635],[-77.455929722245926,43.113910574962205],[-77.455532722585886,43.113449574346127],[-77.455292722386389,43.113444574741457],[-77.454401722083617,43.113855575112375],[-77.45416172098578,43.114157574965951],[-77.453555720190067,43.114634575364029],[-77.453349721224058,43.114941574790649],[-77.452662721135809,43.114948575639637],[-77.452279720821153,43.115093574872269],[-77.450815720232953,43.116590575239421],[-77.450555720840256,43.116677575239962],[-77.449565720803307,43.116693575882316],[-77.449142719407362,43.116777575743477],[-77.447512719137819,43.117849576304444],[-77.447117719127618,43.118002576353454],[-77.446115720293378,43.118010576174058],[-77.445839720108879,43.117945576289912],[-77.445634718272828,43.117742575712811],[-77.4454987187287,43.117135575170188],[-77.445294719412516,43.11696957564881],[-77.444936719212237,43.11684457489433],[-77.44420471891813,43.116748575804401],[-77.44313571834013,43.116789575714222],[-77.442146717229761,43.116503575770999],[-77.441678717424622,43.11647057634729],[-77.4414807170579,43.123061577360041],[-77.452642721942638,43.123151576364045],[-77.456892723417027,43.123244576222966],[-77.458179723554906,43.123350576481975],[-77.463614724161602,43.123439575827717]]]},"properties":{"OBJECTID":155331,"GEOID20":"360550119013","GEOID10":"360550119013","STATEFP":"36","COUNTYFP":"055","D1C":0.20873007929517895,"D1C5_RET":0,"D2B_E5MIXA":0.63359026947262964,"D3A":12.228139553246365,"D3AAO":0,"D3B":35.393301599106245,"D4A":-99999,"D4C":-99999,"D4D":-99999,"D5AR":54573,"D5BR":-99999}},{"type":"Feature","id":155332,"geometry":{"type":"Polygon","coordinates":[[[-77.54911174837703,43.070565562015965],[-77.549115748574991,43.068811562247426],[-77.544540747410579,43.068701562844666],[-77.529224741310927,43.068699563903692],[-77.528420741046816,43.06883256355475],[-77.527450741101333,43.069172564281686],[-77.525351741201732,43.071473563985641],[-77.524246740638716,43.07281456474918],[-77.522676740643632,43.075075564625799],[-77.522258740168866,43.076569565905459],[-77.525717741797934,43.077091565434486],[-77.529275742262868,43.077099564696269],[-77.530466742141286,43.077285565119055],[-77.531346743471701,43.077734564695092],[-77.533010744076449,43.078919564815621],[-77.535168744425619,43.081323565792651],[-77.535867745107765,43.081990566380576],[-77.537861745425374,43.083586565753421],[-77.538992745927644,43.084241565534725],[-77.539490745870026,43.084429565667925],[-77.541426747359665,43.084653565673669],[-77.542868747308233,43.084938564986032],[-77.544402748216626,43.082231565177992],[-77.546073748494081,43.078323565429621],[-77.548815748101021,43.072887563151021],[-77.549072748018958,43.072066562846928],[-77.54911174837703,43.070565562015965]]]},"properties":{"OBJECTID":155332,"GEOID20":"360550123062","GEOID10":"360550123062","STATEFP":"36","COUNTYFP":"055","D1C":0.5115943029293003,"D1C5_RET":0.010732747613901404,"D2B_E5MIXA":0.72318716028223495,"D3A":11.649037570776978,"D3AAO":0,"D3B":39.56826406900678,"D4A":-99999,"D4C":-99999,"D4D":-99999,"D5AR":63033,"D5BR":-99999}},{"type":"Feature","id":155388,"geometry":{"type":"Polygon","coordinates":[[[-77.514551739410194,43.092647568297352],[-77.514580738824179,43.092541569303258],[-77.513881739040357,43.092129568425889],[-77.512428738322811,43.090942568439679],[-77.50621973669088,43.083095567035471],[-77.504659735843205,43.081772567272488],[-77.499681733374373,43.078206566894018],[-77.497193732414019,43.07628956704604],[-77.496924731003872,43.076569566561638],[-77.496630732174324,43.077299566898958],[-77.495614731299767,43.078179566998337],[-77.495772731483513,43.078372566550122],[-77.495803732343973,43.078714566771893],[-77.494748732009683,43.080154567244051],[-77.486158730445851,43.092892570016971],[-77.486169730316504,43.100028571229231],[-77.487661731392109,43.100104571469849],[-77.487489730964668,43.101470571635637],[-77.488854731818662,43.102372570723304],[-77.488864730966085,43.102856571410136],[-77.488696731634903,43.102886570941912],[-77.487846732238353,43.104408571227303],[-77.488360732074227,43.104558570839437],[-77.489623731922691,43.102216570900737],[-77.489625731572502,43.101891571524149],[-77.488631731337577,43.101742570867884],[-77.488261731441739,43.101577571161869],[-77.488087730466134,43.101389571189451],[-77.488022731067119,43.100901570995077],[-77.488184730550515,43.100336571379138],[-77.488221731258761,43.09975057125429],[-77.488142730717712,43.099336571085054],[-77.495779732952855,43.098495570303989],[-77.498407734553595,43.098315569166431],[-77.498576734607994,43.098525570660755],[-77.49853173440215,43.101253570612251],[-77.497956734466882,43.103493571799667],[-77.497963735037899,43.104252571345761],[-77.498931735333542,43.104272570797825],[-77.500801735802611,43.10502257144023],[-77.500873735772643,43.105106570924221],[-77.500828735566799,43.105258570509569],[-77.50020373540282,43.105901571225132],[-77.501509735807275,43.106579571603042],[-77.508621736539212,43.099457569744608],[-77.512976739392215,43.095623569411686],[-77.513452739593276,43.09539556877619],[-77.514048738546634,43.095302569231244],[-77.514020738957541,43.094392569349516],[-77.514551739410194,43.092647568297352]]]},"properties":{"OBJECTID":155388,"GEOID20":"360550122023","GEOID10":"360550122023","STATEFP":"36","COUNTYFP":"055","D1C":0.91376533761753287,"D1C5_RET":0.063191236300663631,"D2B_E5MIXA":0.78824335170909987,"D3A":11.076933758869844,"D3AAO":1.9059499534677171,"D3B":37.333116014907297,"D4A":-99999,"D4C":6,"D4D":3.7736900854000002,"D5AR":51147,"D5BR":-99999}},{"type":"Feature","id":155414,"geometry":{"type":"Polygon","coordinates":[[[-77.551844751356384,43.09976156838465],[-77.549287750799067,43.10029256817301],[-77.543550749170251,43.10020256899994],[-77.541430748455923,43.099954568159838],[-77.537886747336387,43.099879568662743],[-77.535483746764825,43.100483568370279],[-77.527424742958701,43.095840568085926],[-77.525526743798835,43.094893568970797],[-77.521980741232838,43.093378568340121],[-77.519509740889234,43.093960568270646],[-77.517943739295461,43.094015568941757],[-77.517769740116506,43.09386456871038],[-77.516107740958219,43.093460567955006],[-77.514580738824179,43.092541569303258],[-77.514020738957541,43.094392569349516],[-77.514048738546634,43.095302569231244],[-77.513452739593276,43.09539556877619],[-77.512976739392215,43.095623569411686],[-77.511393738080002,43.097021569610618],[-77.51415973887471,43.096811569517612],[-77.514160739597926,43.096761569045746],[-77.519311741420822,43.096822569143654],[-77.530452744592537,43.102380569963501],[-77.533368745175068,43.103115568829203],[-77.540544748176032,43.106452568968692],[-77.546183750793901,43.110323570520336],[-77.551844751356384,43.09976156838465]]]},"properties":{"OBJECTID":155414,"GEOID20":"360550123011","GEOID10":"360550123011","STATEFP":"36","COUNTYFP":"055","D1C":10.98687339670904,"D1C5_RET":3.7994253816813202,"D2B_E5MIXA":0.85640531812323528,"D3A":12.544089197651397,"D3AAO":0,"D3B":75.03339214352971,"D4A":258.83999999999997,"D4C":4,"D4D":5.96035286613,"D5AR":83276,"D5BR":36819}},{"type":"Feature","id":155415,"geometry":{"type":"Polygon","coordinates":[[[-77.441769716762892,43.110668574959334],[-77.44181371714383,43.108395574138974],[-77.432136713662018,43.10832857426373],[-77.432237714842671,43.12290457725797],[-77.433581715780292,43.122870577454229],[-77.4414807170579,43.123061577360041],[-77.441769716762892,43.110668574959334]]]},"properties":{"OBJECTID":155415,"GEOID20":"360550119011","GEOID10":"360550119011","STATEFP":"36","COUNTYFP":"055","D1C":1.2894822031276703,"D1C5_RET":0,"D2B_E5MIXA":0.26573013750227581,"D3A":10.067880011189262,"D3AAO":0,"D3B":34.485472517690461,"D4A":-99999,"D4C":1.6699999999999999,"D4D":3.4541317762000001,"D5AR":46827,"D5BR":-99999}},{"type":"Feature","id":155416,"geometry":{"type":"Polygon","coordinates":[[[-77.602928760629851,43.002956547829712],[-77.60182376006685,43.003173548089201],[-77.599151758085156,43.003231548407165],[-77.598952758791853,42.996107547168627],[-77.549687742747324,42.997077549773564],[-77.545446740595452,42.997138549872027],[-77.541596740052455,42.996913550113383],[-77.524216735111594,42.997268551021492],[-77.525464737586361,43.026745555839852],[-77.525238736732234,43.027856556358294],[-77.523846737012377,43.03057255631488],[-77.523677736957964,43.033342556836359],[-77.523726737361784,43.034052557750783],[-77.528323739165799,43.034154557980472],[-77.543341744441292,43.033962556480276],[-77.54433074375504,43.033823555812759],[-77.546578744515898,43.033775556548413],[-77.54785574550634,43.033412556792086],[-77.549202745020366,43.033920556892831],[-77.555882747728788,43.033886555611105],[-77.561141748608406,43.033953556149015],[-77.56186274903186,43.034232555956038],[-77.564566750800608,43.034389555579224],[-77.573672753646775,43.033895555295594],[-77.578796755705497,43.033861555313223],[-77.586879757106132,43.033570554616475],[-77.590578758934711,43.026519553379501],[-77.592539757843753,43.023064551809675],[-77.595224759345911,43.017571551406625],[-77.602928760629851,43.002956547829712]]]},"properties":{"OBJECTID":155416,"GEOID20":"360550124021","GEOID10":"360550124021","STATEFP":"36","COUNTYFP":"055","D1C":0.028669630322211006,"D1C5_RET":0.0023456970263627188,"D2B_E5MIXA":0.80806738624678942,"D3A":2.6520462776163365,"D3AAO":0.41414917371990057,"D3B":2.5173160196627107,"D4A":-99999,"D4C":-99999,"D4D":-99999,"D5AR":41872,"D5BR":-99999}},{"type":"Feature","id":155431,"geometry":{"type":"Polygon","coordinates":[[[-77.533121734523078,42.967230544917321],[-77.532816734026227,42.953412543281857],[-77.532503734031792,42.944078539846025],[-77.532557732661814,42.943667540677097],[-77.518076729483383,42.943595541298627],[-77.482519717213634,42.943172543085282],[-77.484091720451815,42.982610550745598],[-77.484090720626909,42.982846550001],[-77.483857720100076,42.983456549537699],[-77.483871720343785,42.985532551129133],[-77.484452721923461,42.998334551912464],[-77.485497722212003,42.998361552800603],[-77.493791725296461,42.998152552989374],[-77.497840726031086,42.998461552628534],[-77.498952727165118,42.998452552348489],[-77.501676727228698,42.997947551676077],[-77.502526727523573,42.997870552243178],[-77.507921729743941,42.997674551698424],[-77.524216735111594,42.997268551021492],[-77.523870733708549,42.98765354911238],[-77.524075734646274,42.987217548976282],[-77.526104734225697,42.984374548899154],[-77.527145735214603,42.981889548528258],[-77.527413734104897,42.978746547736947],[-77.527350734355693,42.975492547386771],[-77.527420733777589,42.974611547185503],[-77.527638734235794,42.974161546882335],[-77.528730734379991,42.972691545467391],[-77.532770734893802,42.968342545101009],[-77.533051735999507,42.967876544883069],[-77.533121734523078,42.967230544917321]]]},"properties":{"OBJECTID":155431,"GEOID20":"360550124024","GEOID10":"360550124024","STATEFP":"36","COUNTYFP":"055","D1C":0.02630613267723967,"D1C5_RET":0,"D2B_E5MIXA":0.69788598620516351,"D3A":3.3490236334877981,"D3AAO":0.87685267653310928,"D3B":3.5954539722057657,"D4A":-99999,"D4C":-99999,"D4D":-99999,"D5AR":35748,"D5BR":-99999}},{"type":"Feature","id":155432,"geometry":{"type":"Polygon","coordinates":[[[-77.632865775938228,43.094417563341985],[-77.633105777036064,43.094005563277371],[-77.611800771209161,43.094844564008966],[-77.612273770138842,43.096057564679327],[-77.612862771216143,43.097032564607332],[-77.613384770549644,43.098187564828741],[-77.615542771797109,43.10414356690422],[-77.615677772414642,43.104854566223615],[-77.615971773040826,43.108570566625112],[-77.616002773002961,43.110601567079343],[-77.623305776225564,43.112850567126145],[-77.625434775364084,43.108911566668532],[-77.623732775124495,43.108988566500024],[-77.62354577462844,43.108867566346561],[-77.623600775778328,43.108620566634926],[-77.623950776481024,43.108000566905467],[-77.624684775526632,43.107150565690709],[-77.625890775473664,43.104869565173871],[-77.626210776937427,43.104812565995218],[-77.627321776449904,43.105161565519097],[-77.632865775938228,43.094417563341985]]]},"properties":{"OBJECTID":155432,"GEOID20":"360550130013","GEOID10":"360550130013","STATEFP":"36","COUNTYFP":"055","D1C":14.302030688709603,"D1C5_RET":0.71236943574724498,"D2B_E5MIXA":0.7444000328244833,"D3A":14.750528270489838,"D3AAO":2.6594132503437402,"D3B":65.513756711692423,"D4A":0,"D4C":14.67,"D4D":18.474977623699999,"D5AR":92044,"D5BR":96941}},{"type":"Feature","id":155436,"geometry":{"type":"Polygon","coordinates":[[[-77.616002773002961,43.110601567079343],[-77.615971773040826,43.108570566625112],[-77.615677772414642,43.104854566223615],[-77.615542771797109,43.10414356690422],[-77.613384770549644,43.098187564828741],[-77.612862771216143,43.097032564607332],[-77.612273770138842,43.096057564679327],[-77.611800771209161,43.094844564008966],[-77.580688760407469,43.095957565743184],[-77.572233757664506,43.09620156700614],[-77.573405758174673,43.09714456692236],[-77.580324760359389,43.099239566549826],[-77.575639760488443,43.108196568666557],[-77.571376758595264,43.115965570288289],[-77.59700476748813,43.115347568937402],[-77.609573771263015,43.114935568066805],[-77.609841771051634,43.114447568311206],[-77.611253772659609,43.114406567488004],[-77.612041772131889,43.11189056712594],[-77.611209771380359,43.111916567168578],[-77.61251877215787,43.109495566753473],[-77.616002773002961,43.110601567079343]]]},"properties":{"OBJECTID":155436,"GEOID20":"360550130014","GEOID10":"360550130014","STATEFP":"36","COUNTYFP":"055","D1C":5.0667501229790659,"D1C5_RET":0.020323064117066792,"D2B_E5MIXA":0.47732624096946319,"D3A":13.640105431947063,"D3AAO":3.6941168499492276,"D3B":51.898289836597662,"D4A":-99999,"D4C":16.329999999999998,"D4D":6.3534951610799997,"D5AR":78865,"D5BR":-99999}},{"type":"Feature","id":155437,"geometry":{"type":"Polygon","coordinates":[[[-77.576929760101052,43.099404567309229],[-77.576869759826607,43.099177565950733],[-77.576503760128702,43.099040566731851],[-77.566677755785662,43.099269567853938],[-77.561593755706539,43.108616568734277],[-77.569244758185363,43.108130568712461],[-77.575767760534958,43.10792856851004],[-77.576784760336096,43.105910568211897],[-77.576064759737562,43.105571568208077],[-77.575907760277033,43.105112568118997],[-77.576929760101052,43.099404567309229]]]},"properties":{"OBJECTID":155437,"GEOID20":"360550130026","GEOID10":"360550130026","STATEFP":"36","COUNTYFP":"055","D1C":1.8175117402204415,"D1C5_RET":0,"D2B_E5MIXA":0.16579003696733818,"D3A":19.111712955799415,"D3AAO":3.6941838925182133,"D3B":80.540696265292155,"D4A":199.83000000000001,"D4C":1.6699999999999999,"D4D":4.3839171722900003,"D5AR":92430,"D5BR":7083}},{"type":"Feature","id":155438,"geometry":{"type":"Polygon","coordinates":[[[-77.65716478126717,43.049181554384937],[-77.657874780921659,43.047784554664005],[-77.631148772935092,43.048482556303952],[-77.629456771842953,43.048460555446148],[-77.625129770375665,43.048202555838316],[-77.618777768628604,43.04748855526644],[-77.611533767652205,43.061048558468102],[-77.610516766952756,43.063267559378687],[-77.608330767014493,43.067122559638186],[-77.607745767931789,43.068715560023357],[-77.611240767749251,43.068716559493595],[-77.647094780119929,43.067937558395826],[-77.648912780710447,43.064403557908619],[-77.652085780312618,43.058702556738822],[-77.65716478126717,43.049181554384937]]]},"properties":{"OBJECTID":155438,"GEOID20":"360550132041","GEOID10":"360550132041","STATEFP":"36","COUNTYFP":"055","D1C":5.5041181812231912,"D1C5_RET":0.53373267211861242,"D2B_E5MIXA":0.81710145048554472,"D3A":9.9735765159371628,"D3AAO":3.2046334458613757,"D3B":18.762949805819126,"D4A":1182.8699999999999,"D4C":1.6699999999999999,"D4D":0.60234767734899997,"D5AR":70480,"D5BR":13891}},{"type":"Feature","id":155439,"geometry":{"type":"Polygon","coordinates":[[[-77.668505783557094,43.027225549895768],[-77.667695782546872,43.017754547616484],[-77.649525776687298,43.017840549124713],[-77.625325769295912,43.018071549547727],[-77.615016765079133,43.018019550571751],[-77.595224759345911,43.017571551406625],[-77.592539757843753,43.023064551809675],[-77.590578758934711,43.026519553379501],[-77.589222758301531,43.029225553569852],[-77.585255758480997,43.036619555203224],[-77.584423757729454,43.038470555849813],[-77.57965775587104,43.047356557709314],[-77.579418756394759,43.047939558070219],[-77.58154775643159,43.048109557522707],[-77.586566758908333,43.048226557053724],[-77.599151762576739,43.047737556285561],[-77.610005764794948,43.027286552892484],[-77.629783770284476,43.026964551816256],[-77.618777768628604,43.04748855526644],[-77.625129770375665,43.048202555838316],[-77.629456771842953,43.048460555446148],[-77.631148772935092,43.048482556303952],[-77.657874780921659,43.047784554664005],[-77.660897781634304,43.042385553076592],[-77.668064782617819,43.029105550288328],[-77.66835278339623,43.028300550227037],[-77.668505783557094,43.027225549895768]]]},"properties":{"OBJECTID":155439,"GEOID20":"360550132042","GEOID10":"360550132042","STATEFP":"36","COUNTYFP":"055","D1C":0.1066870720756066,"D1C5_RET":0.0016782236056836993,"D2B_E5MIXA":0.43638737967805541,"D3A":4.9796581084037337,"D3AAO":1.505713710623203,"D3B":6.3795635457918696,"D4A":-99999,"D4C":0.33000000000000002,"D4D":0.048940092756600002,"D5AR":54562,"D5BR":-99999}},{"type":"Feature","id":155483,"geometry":{"type":"Polygon","coordinates":[[[-77.525464737586361,43.026745555839852],[-77.524216735111594,42.997268551021492],[-77.507921729743941,42.997674551698424],[-77.502526727523573,42.997870552243178],[-77.501676727228698,42.997947551676077],[-77.498952727165118,42.998452552348489],[-77.497840726031086,42.998461552628534],[-77.493791725296461,42.998152552989374],[-77.485497722212003,42.998361552800603],[-77.484452721923461,42.998334551912464],[-77.485027722757039,43.017002555874129],[-77.485420724914064,43.034572558786053],[-77.495242727262521,43.034392558951538],[-77.502122730885802,43.034485559019515],[-77.52141473612852,43.03426155754358],[-77.522584736090522,43.034363557425898],[-77.523726737361784,43.034052557750783],[-77.523677736957964,43.033342556836359],[-77.523846737012377,43.03057255631488],[-77.525238736732234,43.027856556358294],[-77.525464737586361,43.026745555839852]]]},"properties":{"OBJECTID":155483,"GEOID20":"360550124023","GEOID10":"360550124023","STATEFP":"36","COUNTYFP":"055","D1C":0.26594742022294249,"D1C5_RET":0.024825896870286343,"D2B_E5MIXA":0.87258371440698945,"D3A":4.1699837828367246,"D3AAO":1.594566281248692,"D3B":4.2828693888336176,"D4A":-99999,"D4C":-99999,"D4D":-99999,"D5AR":29376,"D5BR":-99999}},{"type":"Feature","id":155514,"geometry":{"type":"Polygon","coordinates":[[[-77.72629580356309,43.043156550163943],[-77.726365803883297,43.042975550671493],[-77.719839802058971,43.041919550226801],[-77.717864801109585,43.04163655092627],[-77.714927798814045,43.041473550662452],[-77.712361798035886,43.04140755037205],[-77.694684792095799,43.042278551265852],[-77.692787792760868,43.042464551649211],[-77.687640790237623,43.043307551939847],[-77.677093788166061,43.045294552758868],[-77.670602785603521,43.046413553604694],[-77.664706783966054,43.047087552781854],[-77.662633783107395,43.047255554298978],[-77.65803278200373,43.047474553897779],[-77.656212781763358,43.0510415559283],[-77.652085780312618,43.058702556738822],[-77.667631786566048,43.058541555806087],[-77.660366783876611,43.072438558245693],[-77.690557794238316,43.071963557988724],[-77.691333794015037,43.072139557546194],[-77.692092794073318,43.072647557192461],[-77.692959794086633,43.072174557383022],[-77.693096794353977,43.071912556188117],[-77.693097795077207,43.07146855701582],[-77.695466795313564,43.071436556365903],[-77.696359796164472,43.070536557247607],[-77.696559795282681,43.070184556951745],[-77.695528795237848,43.069071556769856],[-77.695793795551708,43.0680945564213],[-77.698091795642952,43.066459555366208],[-77.698728796400815,43.065792555696014],[-77.699147795802162,43.064416555215821],[-77.699075794933805,43.063153555721442],[-77.698438795972592,43.061996554670522],[-77.696575796074526,43.060136554585242],[-77.695970795103719,43.058938555116171],[-77.696027795005122,43.057934554452409],[-77.697002794973457,43.056512554305513],[-77.698607795128666,43.055030554050987],[-77.699542794914038,43.054428553216212],[-77.704921796342575,43.049734552550625],[-77.705808796447386,43.049304552560969],[-77.70738079699062,43.049062552499073],[-77.709558798329581,43.049498552886796],[-77.712807798998028,43.049374551375479],[-77.719500801226943,43.046930551510812],[-77.722322802098134,43.046009551792807],[-77.724637803704439,43.044994551765825],[-77.725354803031621,43.044445551033867],[-77.72629580356309,43.043156550163943]]]},"properties":{"OBJECTID":155514,"GEOID20":"360550132051","GEOID10":"360550132051","STATEFP":"36","COUNTYFP":"055","D1C":1.850492910196244,"D1C5_RET":0.010767314284849734,"D2B_E5MIXA":0.77423824817761189,"D3A":5.5829701044145805,"D3AAO":1.5731216908517442,"D3B":8.3190257933034797,"D4A":-99999,"D4C":-99999,"D4D":-99999,"D5AR":58229,"D5BR":-99999}},{"type":"Feature","id":155515,"geometry":{"type":"Polygon","coordinates":[[[-77.708687795423359,43.017471546560905],[-77.708697796367403,43.017329546375315],[-77.667695782546872,43.017754547616484],[-77.668509782856745,43.02693655021524],[-77.66842878356421,43.027903550266089],[-77.66825578421016,43.028631550661508],[-77.667409782316611,43.030345550776154],[-77.660897781634304,43.042385553076592],[-77.65803278200373,43.047474553897779],[-77.662633783107395,43.047255554298978],[-77.664706783966054,43.047087552781854],[-77.670602785603521,43.046413553604694],[-77.677093788166061,43.045294552758868],[-77.687640790237623,43.043307551939847],[-77.691467792112704,43.042657551390839],[-77.694684792095799,43.042278551265852],[-77.696262794283442,43.042188552212167],[-77.698722793858082,43.036426550256593],[-77.700101794057474,43.033700550235622],[-77.700614794068443,43.032953549858611],[-77.703321794413611,43.029972549415426],[-77.704842794903215,43.027572548532611],[-77.705400795120042,43.025805548043465],[-77.705669794733566,43.023290547944548],[-77.708504796023561,43.018000546905768],[-77.708687795423359,43.017471546560905]]]},"properties":{"OBJECTID":155515,"GEOID20":"360550132061","GEOID10":"360550132061","STATEFP":"36","COUNTYFP":"055","D1C":1.3447954779991731,"D1C5_RET":0.043600258658534487,"D2B_E5MIXA":0.69219438195358662,"D3A":5.1384748785826879,"D3AAO":0.3005428343056048,"D3B":13.374589704371973,"D4A":-99999,"D4C":-99999,"D4D":-99999,"D5AR":52361,"D5BR":-99999}},{"type":"Feature","id":155580,"geometry":{"type":"Polygon","coordinates":[[[-77.706518799695118,43.07467755691976],[-77.706529799565772,43.07367155602968],[-77.70546979831029,43.071884556725514],[-77.70490579824569,43.07135955655874],[-77.703203798006101,43.070934556411046],[-77.701542797774394,43.070875557618237],[-77.69942179633685,43.070946556837022],[-77.697688795236814,43.070721555841381],[-77.696559795282681,43.070184556951745],[-77.696359796164472,43.070536557247607],[-77.695509794971272,43.071414556524623],[-77.693097795077207,43.07146855701582],[-77.693096794353977,43.071912556188117],[-77.692959794086633,43.072174557383022],[-77.692092794073318,43.072647557192461],[-77.691333794015037,43.072139557546194],[-77.690557794238316,43.071963557988724],[-77.665043785148256,43.072341557697975],[-77.656952784250009,43.086594561647559],[-77.653608783146993,43.092806562836529],[-77.653137782968798,43.093160562526172],[-77.65884478535871,43.092862562308461],[-77.670278789331689,43.092402561661658],[-77.670724789395521,43.092325561960195],[-77.680525792725888,43.092046561379192],[-77.680784791395354,43.091947561544629],[-77.68179279367061,43.090365560999203],[-77.685931793020288,43.086147559764427],[-77.691963794201882,43.079541558417688],[-77.692825795090641,43.078927558589648],[-77.6953287952213,43.078471558142589],[-77.702300798007769,43.077528556798711],[-77.704090799009222,43.077079557681614],[-77.70517179928278,43.076577557361404],[-77.705671799773299,43.076117557775902],[-77.706057798664361,43.075583556995852],[-77.706518799695118,43.07467755691976]]]},"properties":{"OBJECTID":155580,"GEOID20":"360550131031","GEOID10":"360550131031","STATEFP":"36","COUNTYFP":"055","D1C":4.9992556615225681,"D1C5_RET":0.0088098581536930169,"D2B_E5MIXA":0.075990754421170023,"D3A":14.67343203873701,"D3AAO":0.18094976228597318,"D3B":119.31876711119645,"D4A":909.27999999999997,"D4C":2.6699999999999999,"D4D":1.1580219702300001,"D5AR":59744,"D5BR":4414}},{"type":"Feature","id":155624,"geometry":{"type":"Polygon","coordinates":[[[-77.733858820551404,43.220146582347645],[-77.733852818906996,43.218253580680532],[-77.733318818979598,43.21737558179138],[-77.732156819413518,43.216423581763294],[-77.731808819258958,43.215619580783596],[-77.73179981903813,43.214492580996961],[-77.728276817834967,43.213698581237345],[-77.723485815862205,43.212837581018391],[-77.723411815344036,43.212881581819303],[-77.723054815866973,43.215620581128519],[-77.721798814792919,43.216339580681392],[-77.720463815872762,43.216474582293543],[-77.719726815555788,43.218465581428354],[-77.718604814376036,43.218805583027844],[-77.718497814245907,43.219313582285622],[-77.718319814868991,43.221101582621117],[-77.718360814876874,43.223021583076502],[-77.718522815258581,43.223854583535925],[-77.718577814611848,43.22520258374329],[-77.718955815801948,43.228090584160604],[-77.719638816590546,43.228931584439316],[-77.719734815951711,43.229410584251525],[-77.720716817389388,43.230804585142671],[-77.720953816317547,43.230968584267977],[-77.721047816927182,43.231472584596631],[-77.733573820146049,43.231664584217683],[-77.733858820551404,43.220146582347645]]]},"properties":{"OBJECTID":155624,"GEOID20":"360550135063","GEOID10":"360550135063","STATEFP":"36","COUNTYFP":"055","D1C":1.649935318100417,"D1C5_RET":1.0056574781784622,"D2B_E5MIXA":0.68245237861425878,"D3A":13.376081528270813,"D3AAO":0,"D3B":47.91178544603526,"D4A":-99999,"D4C":1.3300000000000001,"D4D":1.55356741457,"D5AR":54560,"D5BR":-99999}},{"type":"Feature","id":155625,"geometry":{"type":"Polygon","coordinates":[[[-77.730636803477452,43.033828548128092],[-77.730172803870261,43.0332375492018],[-77.729354804260751,43.032986547664827],[-77.724024801439398,43.034713549270123],[-77.722871801195822,43.034338549442921],[-77.721875800412747,43.033804548502538],[-77.721770801729093,43.033190549528399],[-77.724487801221684,43.028240547711377],[-77.725221801165603,43.027579548204876],[-77.727306802618131,43.026649546859069],[-77.728681801721265,43.025643546615008],[-77.729522802693609,43.024514547270627],[-77.729910803031132,43.022992546845209],[-77.729701801895459,43.022301546423861],[-77.728935802164472,43.021073545991975],[-77.727661801547072,43.019963545793615],[-77.724637801009507,43.018063546525198],[-77.723088800032471,43.016970546504581],[-77.718691798245004,43.017232546004315],[-77.708697796367403,43.017329546375315],[-77.708593794813709,43.017826546244947],[-77.705669794733566,43.023290547944548],[-77.705400795120042,43.025805548043465],[-77.704842794903215,43.027572548532611],[-77.703321794413611,43.029972549415426],[-77.700614794068443,43.032953549858611],[-77.700101794057474,43.033700550235622],[-77.698722793858082,43.036426550256593],[-77.696262794283442,43.042188552212167],[-77.712361798035886,43.04140755037205],[-77.714927798814045,43.041473550662452],[-77.717864801109585,43.04163655092627],[-77.726365803883297,43.042975550671493],[-77.728733804294734,43.036853548625665],[-77.729329803248078,43.035871548329204],[-77.729890803837961,43.035191548613319],[-77.730636803477452,43.033828548128092]]]},"properties":{"OBJECTID":155625,"GEOID20":"360550132062","GEOID10":"360550132062","STATEFP":"36","COUNTYFP":"055","D1C":0.10157010117761119,"D1C5_RET":0.015689690425809859,"D2B_E5MIXA":0.77515754831588446,"D3A":11.048810729932562,"D3AAO":0.23874818201827958,"D3B":54.356105323406794,"D4A":-99999,"D4C":-99999,"D4D":-99999,"D5AR":48044,"D5BR":-99999}},{"type":"Feature","id":155626,"geometry":{"type":"Polygon","coordinates":[[[-77.720922817253694,43.242196586588413],[-77.719395816916304,43.238815586370222],[-77.696651809717238,43.238480586275884],[-77.696455810796962,43.253021589888718],[-77.70983981380833,43.253192588820518],[-77.705571812790595,43.251232589207859],[-77.705898813028739,43.249435588038153],[-77.706234812589415,43.249193588645667],[-77.706543812385888,43.24861658765866],[-77.70895281460183,43.247765588006331],[-77.70974281462226,43.247329587527403],[-77.709758814515794,43.245037587883175],[-77.711618814939129,43.244260587259994],[-77.716807816396852,43.242863586914247],[-77.720922817253694,43.242196586588413]]]},"properties":{"OBJECTID":155626,"GEOID20":"360550135071","GEOID10":"360550135071","STATEFP":"36","COUNTYFP":"055","D1C":1.3656939659211464,"D1C5_RET":0.87651995765991719,"D2B_E5MIXA":0.61098622291625293,"D3A":11.829526818795021,"D3AAO":0,"D3B":47.726132335147511,"D4A":-99999,"D4C":1,"D4D":1.27784230729,"D5AR":52005,"D5BR":-99999}},{"type":"Feature","id":155627,"geometry":{"type":"Polygon","coordinates":[[[-77.686401805949984,43.240631588100548],[-77.685957805535963,43.239647586999865],[-77.685936805619562,43.238402586616637],[-77.671295800810924,43.238355587956804],[-77.669255799564212,43.242004588738723],[-77.668559801051757,43.243803588377403],[-77.668314800829378,43.245602589203919],[-77.668407800715812,43.249902590258316],[-77.667983801291598,43.252906590601086],[-77.676526803898071,43.252936590436164],[-77.68024380527001,43.245020589568959],[-77.681343804911805,43.245039588916256],[-77.681955804657008,43.244832588303034],[-77.681998805213013,43.244487588553532],[-77.682678804730273,43.243912588555347],[-77.684119805752246,43.24175058766123],[-77.684564805092876,43.24150758791933],[-77.686368807236335,43.241512588828641],[-77.686401805949984,43.240631588100548]]]},"properties":{"OBJECTID":155627,"GEOID20":"360550136042","GEOID10":"360550136042","STATEFP":"36","COUNTYFP":"055","D1C":0.24281151503321186,"D1C5_RET":0,"D2B_E5MIXA":0.10678015321346712,"D3A":12.446859318396132,"D3AAO":0.43276598158985308,"D3B":35.79312104414371,"D4A":-99999,"D4C":3,"D4D":4.80616610565,"D5AR":56274,"D5BR":-99999}},{"type":"Feature","id":155734,"geometry":{"type":"Polygon","coordinates":[[[-77.69664180877318,43.239104587153832],[-77.696651809717238,43.238480586275884],[-77.685936805619562,43.238402586616637],[-77.685957805535963,43.239647586999865],[-77.686401805949984,43.240631588100548],[-77.686368807236335,43.241512588828641],[-77.684564805092876,43.24150758791933],[-77.684251804200102,43.241637587869519],[-77.682678804730273,43.243912588555347],[-77.681998805213013,43.244487588553532],[-77.681955804657008,43.244832588303034],[-77.681343804911805,43.245039588916256],[-77.68024380527001,43.245020589568959],[-77.676526803898071,43.252936590436164],[-77.696455810796962,43.253021589888718],[-77.69664180877318,43.239104587153832]]]},"properties":{"OBJECTID":155734,"GEOID20":"360550136043","GEOID10":"360550136043","STATEFP":"36","COUNTYFP":"055","D1C":1.5785477487486073,"D1C5_RET":0.10632705043384401,"D2B_E5MIXA":0.35794956504887621,"D3A":13.612479966936927,"D3AAO":0,"D3B":73.12738553239609,"D4A":1110.45,"D4C":3,"D4D":3.8474597789799998,"D5AR":56267,"D5BR":1323}},{"type":"Feature","id":155735,"geometry":{"type":"Polygon","coordinates":[[[-77.696728808811812,43.233275586507474],[-77.696737808134344,43.231174585425336],[-77.693490808013991,43.231140586292689],[-77.689923807328228,43.230966585390739],[-77.685789806204809,43.23101358582251],[-77.682664804486578,43.23117858643861],[-77.672369800513465,43.23110758657733],[-77.671981801972592,43.233092585941606],[-77.671771801011985,43.23655358778398],[-77.671295800810924,43.238355587956804],[-77.696651809717238,43.238480586275884],[-77.696728808811812,43.233275586507474]]]},"properties":{"OBJECTID":155735,"GEOID20":"360550140013","GEOID10":"360550140013","STATEFP":"36","COUNTYFP":"055","D1C":0.51587009875043366,"D1C5_RET":0.033068596073745751,"D2B_E5MIXA":0.55375272440328172,"D3A":12.5335273992991,"D3AAO":0,"D3B":38.557766511520072,"D4A":614.23000000000002,"D4C":2.3300000000000001,"D4D":3.6902688836199999,"D5AR":65796,"D5BR":7696}},{"type":"Feature","id":155736,"geometry":{"type":"Polygon","coordinates":[[[-77.701477806460218,43.19074257807123],[-77.701501806749675,43.18838757829662],[-77.688249802186164,43.191117578947384],[-77.685679801210028,43.191804579222826],[-77.68009480081551,43.192610579242512],[-77.680009800426703,43.194457580095509],[-77.680155799118253,43.195953579926815],[-77.68613080219508,43.195630579592191],[-77.690572804188406,43.194247578492742],[-77.701442807198447,43.194338578839442],[-77.701477806460218,43.19074257807123]]]},"properties":{"OBJECTID":155736,"GEOID20":"360550141023","GEOID10":"360550141023","STATEFP":"36","COUNTYFP":"055","D1C":0.2365058114648978,"D1C5_RET":0,"D2B_E5MIXA":0.27994941922604499,"D3A":18.023328208760688,"D3AAO":2.1893189601613332,"D3B":49.420254363705041,"D4A":1042.05,"D4C":4,"D4D":12.6136432781,"D5AR":77062,"D5BR":129279}},{"type":"Feature","id":155737,"geometry":{"type":"Polygon","coordinates":[[[-77.754336819361455,43.132944565582569],[-77.754231818881166,43.130165564767076],[-77.754248818599606,43.125470564073623],[-77.747049815134076,43.125425563999194],[-77.718844808287344,43.135757567824612],[-77.718295808291344,43.137299567232276],[-77.718124808587106,43.138304567588449],[-77.717953807984586,43.145236569393049],[-77.720259809370063,43.144717568645092],[-77.730108812381005,43.144107568375588],[-77.732310813111098,43.14387856853714],[-77.736033814330796,43.143144567873527],[-77.746168816673702,43.140955566833],[-77.754219819185579,43.138702566908663],[-77.754336819361455,43.132944565582569]]]},"properties":{"OBJECTID":155737,"GEOID20":"360550142021","GEOID10":"360550142021","STATEFP":"36","COUNTYFP":"055","D1C":1.3840793446033774,"D1C5_RET":0.050765539975071973,"D2B_E5MIXA":0.69624385343984396,"D3A":8.1396190261059242,"D3AAO":0.42565817883754176,"D3B":24.531134951637195,"D4A":374.17000000000002,"D4C":1.6699999999999999,"D4D":1.02373979482,"D5AR":75972,"D5BR":50194}},{"type":"Feature","id":156019,"geometry":{"type":"Polygon","coordinates":[[[-77.576453764391573,43.167189579106754],[-77.575909765316766,43.16705857913859],[-77.571690762906201,43.167162579141269],[-77.571600763392809,43.167343579385204],[-77.56958676298369,43.167406579536156],[-77.569518762313336,43.165788579703083],[-77.569754763213197,43.165781579431282],[-77.56970176261143,43.16475957831917],[-77.566466761288368,43.164827579161376],[-77.566618761624326,43.168188580576569],[-77.575102764679571,43.167971579649311],[-77.576453764391573,43.167189579106754]]]},"properties":{"OBJECTID":156019,"GEOID20":"360550058004","GEOID10":"360550058004","STATEFP":"36","COUNTYFP":"055","D1C":0.34596415700048339,"D1C5_RET":0,"D2B_E5MIXA":0.55155546476257833,"D3A":24.480338675954737,"D3AAO":0,"D3B":135.35962964029579,"D4A":154.22999999999999,"D4C":6.6699999999999999,"D4D":123.07098278399999,"D5AR":97544,"D5BR":86633}},{"type":"Feature","id":156020,"geometry":{"type":"Polygon","coordinates":[[[-77.551519762446162,43.234468592950968],[-77.551646761769462,43.229152591054188],[-77.551256761782128,43.229236591501234],[-77.551304762361013,43.229906591998464],[-77.547596761209917,43.230019591946544],[-77.547709761187818,43.231346592104778],[-77.544857760179411,43.231447592942992],[-77.543901758681002,43.233914592274623],[-77.543408760558123,43.234400591797097],[-77.543070760449325,43.234583592362078],[-77.542266759286889,43.23478759236562],[-77.541499758832686,43.234814593181142],[-77.537346757442677,43.234528593097629],[-77.536203757244834,43.234554592684688],[-77.534261756805734,43.234726593751496],[-77.533833757183572,43.236405594589449],[-77.549806760539312,43.23658559305742],[-77.550528761685982,43.235372593612752],[-77.551519762446162,43.234468592950968]]]},"properties":{"OBJECTID":156020,"GEOID20":"360550107001","GEOID10":"360550107001","STATEFP":"36","COUNTYFP":"055","D1C":0.70602854238053991,"D1C5_RET":0,"D2B_E5MIXA":0.4602233604463431,"D3A":23.273985633011996,"D3AAO":0,"D3B":112.40512762102391,"D4A":383.56,"D4C":4,"D4D":28.689414910899998,"D5AR":56087,"D5BR":38503}},{"type":"Feature","id":156021,"geometry":{"type":"Polygon","coordinates":[[[-77.921102885822137,43.30477658967321],[-77.920773885035842,43.295346587055938],[-77.921073885509827,43.284519585225866],[-77.885872873790518,43.284475587099884],[-77.853975862991291,43.284112587940733],[-77.834020857949739,43.284083588955781],[-77.827713855510225,43.298146591893499],[-77.846536862021196,43.300869591550921],[-77.859295866665192,43.301363590897566],[-77.89058387719399,43.302871589536615],[-77.895237878899437,43.302568590132864],[-77.912338883282715,43.303168589408969],[-77.919538885674811,43.30436858980822],[-77.921102885822137,43.30477658967321]]]},"properties":{"OBJECTID":156021,"GEOID20":"360550151012","GEOID10":"360550151012","STATEFP":"36","COUNTYFP":"055","D1C":0.071343875231427836,"D1C5_RET":0.0043326240019085725,"D2B_E5MIXA":0.87691170359542958,"D3A":2.9133326571586409,"D3AAO":0.52707937068462252,"D3B":5.5608002940627976,"D4A":-99999,"D4C":0.67000000000000004,"D4D":0.121446515321,"D5AR":15045,"D5BR":-99999}},{"type":"Feature","id":156022,"geometry":{"type":"Polygon","coordinates":[[[-77.638719787624382,43.202035582537917],[-77.638742788088919,43.200429582094593],[-77.636372787129346,43.199403582123416],[-77.63326478602788,43.197534582612029],[-77.632827785286551,43.197171582440902],[-77.628520783910758,43.194474582033621],[-77.627787783791746,43.194181581675657],[-77.62529678335666,43.194247581767272],[-77.624232782801542,43.19415558189781],[-77.624001781924548,43.194222582058494],[-77.62038478101006,43.192643582111529],[-77.619680781203343,43.194068582107199],[-77.619712780990398,43.19657758262278],[-77.621127781174792,43.199071583371826],[-77.622405781990167,43.200638583441723],[-77.625631783092416,43.203383583827573],[-77.626687783251626,43.20599958456954],[-77.628968784522741,43.205690584940022],[-77.63866678792094,43.205724583206496],[-77.638719787624382,43.202035582537917]]]},"properties":{"OBJECTID":156022,"GEOID20":"360550019001","GEOID10":"360550019001","STATEFP":"36","COUNTYFP":"055","D1C":6.2547898476860349,"D1C5_RET":0.0068999336433381514,"D2B_E5MIXA":0.15198842683497785,"D3A":14.344252756538626,"D3AAO":1.1828006816771679,"D3B":48.052369216820495,"D4A":156.91,"D4C":16,"D4D":32.022904222100003,"D5AR":80255,"D5BR":87267}},{"type":"Feature","id":156023,"geometry":{"type":"Polygon","coordinates":[[[-77.659068796444473,43.228590586159989],[-77.659053795477533,43.223758585573613],[-77.646308791975571,43.223731586405847],[-77.646298792828134,43.225580586756685],[-77.64868279223478,43.225598586748191],[-77.648676793285318,43.227634586542408],[-77.648778792494255,43.228078587711941],[-77.650949793262214,43.228090586778762],[-77.650967794602167,43.230031586704129],[-77.650877794190492,43.231144587308137],[-77.659068797342798,43.231112587031177],[-77.659068796444473,43.228590586159989]]]},"properties":{"OBJECTID":156023,"GEOID20":"360550139015","GEOID10":"360550139015","STATEFP":"36","COUNTYFP":"055","D1C":2.038078254434371,"D1C5_RET":0.3680810225399867,"D2B_E5MIXA":0.63412769189090656,"D3A":14.421853154665945,"D3AAO":0,"D3B":67.193454292563956,"D4A":591.42999999999995,"D4C":4.3300000000000001,"D4D":16.780923814000001,"D5AR":73309,"D5BR":86640}},{"type":"Feature","id":156099,"geometry":{"type":"Polygon","coordinates":[[[-77.621773780356875,43.180200580145751],[-77.621667780949963,43.177736579404424],[-77.616288778623129,43.177862578508531],[-77.616459779225664,43.180369580461019],[-77.621773780356875,43.180200580145751]]]},"properties":{"OBJECTID":156099,"GEOID20":"360550050002","GEOID10":"360550050002","STATEFP":"36","COUNTYFP":"055","D1C":0.13457293397155445,"D1C5_RET":0.13457293397155445,"D2B_E5MIXA":0,"D3A":25.254123714306278,"D3AAO":0,"D3B":57.424962384341718,"D4A":510.97000000000003,"D4C":5.3300000000000001,"D4D":114.763798091,"D5AR":93639,"D5BR":87077}},{"type":"Feature","id":156100,"geometry":{"type":"Polygon","coordinates":[[[-77.658153789564068,43.139447570261076],[-77.658388789740712,43.138659571260661],[-77.650987785710512,43.13868557107191],[-77.651018787469283,43.145315572387545],[-77.653917788333388,43.144349571955154],[-77.653886788371224,43.142191571622007],[-77.657022789960109,43.142121570673417],[-77.658327788743023,43.14194657122863],[-77.658028788093958,43.140857570973736],[-77.658153789564068,43.139447570261076]]]},"properties":{"OBJECTID":156100,"GEOID20":"360550062002","GEOID10":"360550062002","STATEFP":"36","COUNTYFP":"055","D1C":0.3164900537496434,"D1C5_RET":0.19264611967369599,"D2B_E5MIXA":0.65779881446501343,"D3A":22.411444434654474,"D3AAO":0,"D3B":105.71538379716785,"D4A":348.69,"D4C":6.6699999999999999,"D4D":58.740553975899999,"D5AR":102499,"D5BR":129112}},{"type":"Feature","id":156101,"geometry":{"type":"Polygon","coordinates":[[[-77.576637767209519,43.193615583654811],[-77.576488766348305,43.190856582584345],[-77.571784765312458,43.190986584460553],[-77.571814765449702,43.191676583838863],[-77.567446763974516,43.191797584552795],[-77.567492764005266,43.192592584576552],[-77.570811764095623,43.192484584377965],[-77.570887766060252,43.193782584066902],[-77.569380764916019,43.19383458327443],[-77.569498764916787,43.195554584080369],[-77.574819766619015,43.195393584718921],[-77.574727767455798,43.193674584009472],[-77.576637767209519,43.193615583654811]]]},"properties":{"OBJECTID":156101,"GEOID20":"360550109015","GEOID10":"360550109015","STATEFP":"36","COUNTYFP":"055","D1C":0.049787714148658672,"D1C5_RET":0,"D2B_E5MIXA":0,"D3A":28.07204923770713,"D3AAO":0,"D3B":145.19425118126168,"D4A":370.14999999999998,"D4C":5.6699999999999999,"D4D":60.2232190342,"D5AR":88344,"D5BR":86734}},{"type":"Feature","id":156280,"geometry":{"type":"Polygon","coordinates":[[[-77.604713775083155,43.178434580291338],[-77.604538775180984,43.175203579412653],[-77.598816772722458,43.175336580300566],[-77.59902977225947,43.178583580209285],[-77.604713775083155,43.178434580291338]]]},"properties":{"OBJECTID":156280,"GEOID20":"360550052001","GEOID10":"360550052001","STATEFP":"36","COUNTYFP":"055","D1C":0.77879679958809445,"D1C5_RET":0,"D2B_E5MIXA":0.145262924962961,"D3A":32.73408982708591,"D3AAO":0,"D3B":166.17966109610757,"D4A":236.03999999999999,"D4C":8,"D4D":124.60748793400001,"D5AR":102677,"D5BR":86826}},{"type":"Feature","id":156317,"geometry":{"type":"Polygon","coordinates":[[[-77.718929820354262,43.297339596074309],[-77.715813819755198,43.293959595322576],[-77.713722819353166,43.292067595543877],[-77.711061819038775,43.289989595488272],[-77.709081817168212,43.288564595068053],[-77.705600815797837,43.286329595763931],[-77.705431815743452,43.286370594998424],[-77.705377816215076,43.286727594772799],[-77.703901815033007,43.287396595472345],[-77.700558814653206,43.288544595767569],[-77.695860812566835,43.28934059619781],[-77.693352812413323,43.290027596847168],[-77.687555810510034,43.292539597020721],[-77.68530980939903,43.29379359767271],[-77.684212809231937,43.295031596962986],[-77.68403080965706,43.297270598117301],[-77.685031809564677,43.297768597846591],[-77.684438810086078,43.297941597867954],[-77.684038809154657,43.298257598680863],[-77.6837308100814,43.298370598008106],[-77.681055809523301,43.300305598646453],[-77.685011810371506,43.302960599238752],[-77.694097814024545,43.30996260054691],[-77.699037815960224,43.307331599428714],[-77.702794816616802,43.305001598348426],[-77.709510818411928,43.30405759757025],[-77.711390818926745,43.303482597937951],[-77.712405819976382,43.303030597493581],[-77.713210820065413,43.30254059755746],[-77.713914818973805,43.30193859684298],[-77.715292821144899,43.300114597309886],[-77.716049819756734,43.299295596807617],[-77.717611820254234,43.298166597189621],[-77.718929820354262,43.297339596074309]]]},"properties":{"OBJECTID":156317,"GEOID20":"360550134022","GEOID10":"360550134022","STATEFP":"36","COUNTYFP":"055","D1C":0.20998657080620073,"D1C5_RET":0.0073679498528491484,"D2B_E5MIXA":0.3616289495224681,"D3A":8.3336302179993567,"D3AAO":0.86182751916612987,"D3B":19.599229859948874,"D4A":-99999,"D4C":-99999,"D4D":-99999,"D5AR":36053,"D5BR":-99999}},{"type":"Feature","id":156318,"geometry":{"type":"Polygon","coordinates":[[[-77.692390805677235,43.209339581738476],[-77.692403804299403,43.209269581770634],[-77.686540804070518,43.20832758228341],[-77.686516802882764,43.211034582811024],[-77.684117803407489,43.211026582723072],[-77.68407680339962,43.213877583541091],[-77.681787801732582,43.213863582893374],[-77.68176380234145,43.215648583577959],[-77.684814803541499,43.215660583127395],[-77.685312804382193,43.215506582947519],[-77.68937980645677,43.215531583100947],[-77.689577805026872,43.215428582691082],[-77.689940805250046,43.214981583250349],[-77.6899668051893,43.214312582750829],[-77.690519805383261,43.214318582329938],[-77.691062804633162,43.214234582276475],[-77.691073806300437,43.213593582867475],[-77.692154805675685,43.212636582714239],[-77.692198806056624,43.210276582421123],[-77.692390805677235,43.209339581738476]]]},"properties":{"OBJECTID":156318,"GEOID20":"360550140034","GEOID10":"360550140034","STATEFP":"36","COUNTYFP":"055","D1C":2.3392216974335609,"D1C5_RET":0.26395886858199713,"D2B_E5MIXA":0.78224038025531994,"D3A":18.673434273251541,"D3AAO":0,"D3B":95.173737818320973,"D4A":579.36000000000001,"D4C":6.3300000000000001,"D4D":36.874143737899999,"D5AR":78679,"D5BR":92695}},{"type":"Feature","id":156319,"geometry":{"type":"Polygon","coordinates":[[[-77.638751785614815,43.169007577933876],[-77.635385783872167,43.164644575653064],[-77.629288782393246,43.164632576553196],[-77.629914781483819,43.16547657673236],[-77.62763378200934,43.166456576488279],[-77.630464783101345,43.170267577522843],[-77.635834784309054,43.170241577386292],[-77.638751785614815,43.169007577933876]]]},"properties":{"OBJECTID":156319,"GEOID20":"360550002002","GEOID10":"360550002002","STATEFP":"36","COUNTYFP":"055","D1C":2.5036833443584183,"D1C5_RET":0.86297170592779526,"D2B_E5MIXA":0.66802707870380995,"D3A":35.289257304401424,"D3AAO":0,"D3B":267.88633943397065,"D4A":147.52000000000001,"D4C":17,"D4D":107.544225438,"D5AR":96792,"D5BR":129757}},{"type":"Feature","id":156875,"geometry":{"type":"Polygon","coordinates":[[[-77.588192767064768,43.15346857533202],[-77.589879767235729,43.150428575910517],[-77.586808766842495,43.150015575256859],[-77.586295765933187,43.149889576379145],[-77.587738766604986,43.147102574941989],[-77.585313765393835,43.146509575097198],[-77.584031767075459,43.149212576271552],[-77.583837765110061,43.149242576016889],[-77.582564766114189,43.152040576404296],[-77.588192767064768,43.15346857533202]]]},"properties":{"OBJECTID":156875,"GEOID20":"360550029002","GEOID10":"360550029002","STATEFP":"36","COUNTYFP":"055","D1C":6.8635648579269226,"D1C5_RET":1.5213947292130205,"D2B_E5MIXA":0.82230264891944194,"D3A":24.166233477573243,"D3AAO":0,"D3B":106.97341266931988,"D4A":0,"D4C":7.3300000000000001,"D4D":81.104169928199994,"D5AR":107095,"D5BR":87697}},{"type":"Feature","id":156876,"geometry":{"type":"Polygon","coordinates":[[[-77.575032762562756,43.135820573666258],[-77.571801760539316,43.132906573078586],[-77.570845760837543,43.132741573472202],[-77.569967760953588,43.132978573553956],[-77.567572758981342,43.133088573570291],[-77.567016760210947,43.134109573667253],[-77.565667759250474,43.134110573381648],[-77.564506758610975,43.133982574410091],[-77.56194275748264,43.133319574599469],[-77.560286757273801,43.136326574153927],[-77.561315756770526,43.136292574599572],[-77.561439757517391,43.13639957486847],[-77.561784758197192,43.136318574761795],[-77.561746757664068,43.136278574507692],[-77.575032762562756,43.135820573666258]]]},"properties":{"OBJECTID":156876,"GEOID20":"360550127002","GEOID10":"360550127002","STATEFP":"36","COUNTYFP":"055","D1C":0.60366118091580723,"D1C5_RET":0.10731754327392128,"D2B_E5MIXA":0.64321983368350066,"D3A":17.598777043875508,"D3AAO":0,"D3B":103.05059775335016,"D4A":569.98000000000002,"D4C":4.3300000000000001,"D4D":37.174796990099999,"D5AR":95340,"D5BR":86788}},{"type":"Feature","id":156877,"geometry":{"type":"Polygon","coordinates":[[[-77.643304787037906,43.169011575818914],[-77.643284785149788,43.164644575653064],[-77.639665784585475,43.164644575653064],[-77.639632784973514,43.169007576623507],[-77.643304787037906,43.169011575818914]]]},"properties":{"OBJECTID":156877,"GEOID20":"360550040001","GEOID10":"360550040001","STATEFP":"36","COUNTYFP":"055","D1C":0,"D1C5_RET":0,"D2B_E5MIXA":0,"D3A":27.111724987188001,"D3AAO":0,"D3B":174.18012000812826,"D4A":268.22000000000003,"D4C":8.3300000000000001,"D4D":150.02795984599999,"D5AR":109361,"D5BR":158818}},{"type":"Feature","id":156878,"geometry":{"type":"Polygon","coordinates":[[[-77.619606778888553,43.174741579215102],[-77.619492779085761,43.173147577902689],[-77.61736377815059,43.173208577848037],[-77.617226777883232,43.170923577909797],[-77.614607777401631,43.171010577931277],[-77.614674777348782,43.172095578527482],[-77.612434776983847,43.172174578248622],[-77.613266776837079,43.174932579568853],[-77.619606778888553,43.174741579215102]]]},"properties":{"OBJECTID":156878,"GEOID20":"360550007001","GEOID10":"360550007001","STATEFP":"36","COUNTYFP":"055","D1C":0.80649029038705244,"D1C5_RET":0.23720302658442721,"D2B_E5MIXA":0.62468233473823909,"D3A":23.468452247267205,"D3AAO":0,"D3B":65.80960769558348,"D4A":382.22000000000003,"D4C":5,"D4D":75.904968507000007,"D5AR":101128,"D5BR":87545}},{"type":"Feature","id":157503,"geometry":{"type":"Polygon","coordinates":[[[-77.648355791098325,43.202919582305412],[-77.648430791441385,43.202828581659311],[-77.644723789216897,43.20241058277621],[-77.643475788538765,43.202136582825382],[-77.641517789104455,43.201487582621183],[-77.638742788088919,43.200429582094593],[-77.63857478785944,43.212190584815055],[-77.63878978974121,43.212956584822521],[-77.639391788542355,43.21374758460486],[-77.641741789410446,43.210969584275816],[-77.645491790394331,43.210999584464531],[-77.64310878991428,43.210492584464582],[-77.642468789681686,43.210450583454254],[-77.647223789872825,43.203822582116111],[-77.648355791098325,43.202919582305412]]]},"properties":{"OBJECTID":157503,"GEOID20":"360550018002","GEOID10":"360550018002","STATEFP":"36","COUNTYFP":"055","D1C":2.0453033772648204,"D1C5_RET":0.4560020644393698,"D2B_E5MIXA":0.89247311976574317,"D3A":18.601643177195772,"D3AAO":0,"D3B":65.831676860569345,"D4A":237.38,"D4C":8,"D4D":34.334273087200003,"D5AR":72447,"D5BR":86956}},{"type":"Feature","id":157504,"geometry":{"type":"Polygon","coordinates":[[[-77.659126797069121,43.240362589415277],[-77.659110797175586,43.236706587812975],[-77.646883792809149,43.236681588488963],[-77.646861793966153,43.23934058959172],[-77.650860795370363,43.239331588680862],[-77.650861795195283,43.238360589124831],[-77.654535795112864,43.238366588955273],[-77.654526796688671,43.241325589748058],[-77.657621796473023,43.241326589016772],[-77.657736797897371,43.241178589091518],[-77.657749796519553,43.240350588838041],[-77.659126797069121,43.240362589415277]]]},"properties":{"OBJECTID":157504,"GEOID20":"360550136013","GEOID10":"360550136013","STATEFP":"36","COUNTYFP":"055","D1C":0.78530936302806609,"D1C5_RET":0.13497504677044886,"D2B_E5MIXA":0.83913026858471695,"D3A":18.346262498313351,"D3AAO":0,"D3B":54.979508505594907,"D4A":568.63,"D4C":10.33,"D4D":81.1224572008,"D5AR":65287,"D5BR":86583}},{"type":"Feature","id":158227,"geometry":{"type":"Polygon","coordinates":[[[-77.583168764565144,43.142605573589606],[-77.582656764379081,43.14224457436567],[-77.58296976437353,43.141714573701996],[-77.58210276346189,43.141191574155457],[-77.582617764919348,43.140249573368138],[-77.578322762340761,43.137823574159484],[-77.575189762921596,43.14335557504895],[-77.583168764565144,43.142605573589606]]]},"properties":{"OBJECTID":158227,"GEOID20":"360550037001","GEOID10":"360550037001","STATEFP":"36","COUNTYFP":"055","D1C":6.4433366042849469,"D1C5_RET":1.1499439265437723,"D2B_E5MIXA":0.63425623018004118,"D3A":30.285536050524893,"D3AAO":12.065572891500748,"D3B":85.698928670118391,"D4A":494.87,"D4C":3,"D4D":35.045908670999999,"D5AR":100002,"D5BR":86900}},{"type":"Feature","id":158228,"geometry":{"type":"Polygon","coordinates":[[[-77.59144076790831,43.134347572746925],[-77.590799766054161,43.133738572965378],[-77.589370766524368,43.135802573408569],[-77.582406765032133,43.13607357312241],[-77.582907764449232,43.135541573337377],[-77.584260765607681,43.135086573282287],[-77.584959765391503,43.134170572602436],[-77.583053764937432,43.134431573280743],[-77.582755765011584,43.13384557376984],[-77.579259763572608,43.135025573294186],[-77.578892763151487,43.134404573262202],[-77.575899762576057,43.135393573663599],[-77.575402761560284,43.136263574077887],[-77.575527763030394,43.136225574458429],[-77.576456762069668,43.136738573883676],[-77.583068765904358,43.140501573898526],[-77.585120765049979,43.137080573950179],[-77.586425765629542,43.137434573924907],[-77.586995765541928,43.136598572530346],[-77.587572766025332,43.136301573673677],[-77.588059766097061,43.136227573162422],[-77.58945976621284,43.136241573921573],[-77.590094767320878,43.136469573190908],[-77.59144076790831,43.134347572746925]]]},"properties":{"OBJECTID":158228,"GEOID20":"360550037002","GEOID10":"360550037002","STATEFP":"36","COUNTYFP":"055","D1C":8.6797858058557189,"D1C5_RET":0.077300891400750679,"D2B_E5MIXA":0.042642249134790047,"D3A":20.057410491934018,"D3AAO":0,"D3B":75.417398967449159,"D4A":407.69999999999999,"D4C":4,"D4D":28.270039909099999,"D5AR":102342,"D5BR":86844}},{"type":"Feature","id":158229,"geometry":{"type":"Polygon","coordinates":[[[-77.593062766883634,43.136297572337291],[-77.593246767904958,43.13622157246153],[-77.59242276665104,43.135197573136807],[-77.59144076790831,43.134347572746925],[-77.590094767320878,43.136469573190908],[-77.58945976621284,43.136241573921573],[-77.588059766097061,43.136227573162422],[-77.587572766025332,43.136301573673677],[-77.586995765541928,43.136598572530346],[-77.586425765629542,43.137434573924907],[-77.585120765049979,43.137080573950179],[-77.583068765904358,43.140501573898526],[-77.582617764919348,43.140249573368138],[-77.582110764756123,43.141144573994708],[-77.582125763926427,43.141228573712752],[-77.58296976437353,43.141714573701996],[-77.582656764379081,43.14224457436567],[-77.583168764565144,43.142605573589606],[-77.586126765878788,43.142260574220266],[-77.589341767110369,43.141988574156215],[-77.5895827671348,43.141831574129903],[-77.587662766437006,43.141819574482859],[-77.586790766400824,43.141710574030718],[-77.58988176688554,43.136785572842754],[-77.592273768484745,43.137531572989914],[-77.593062766883634,43.136297572337291]]]},"properties":{"OBJECTID":158229,"GEOID20":"360550037003","GEOID10":"360550037003","STATEFP":"36","COUNTYFP":"055","D1C":1.8792507925005824,"D1C5_RET":0.23490634906257279,"D2B_E5MIXA":0.52979400609848681,"D3A":24.865321618193811,"D3AAO":5.6691086810684226,"D3B":99.533016336051375,"D4A":481.45999999999998,"D4C":4.3300000000000001,"D4D":38.015168098700002,"D5AR":102843,"D5BR":86869}},{"type":"Feature","id":158235,"geometry":{"type":"Polygon","coordinates":[[[-77.606788772896692,43.137365572435144],[-77.607032772395854,43.136911572509916],[-77.601882770397864,43.135355572848013],[-77.600837770109322,43.137279572673464],[-77.597968769382447,43.136411572957101],[-77.597529768991308,43.137198573732455],[-77.60306577077867,43.138872573523429],[-77.60256177009019,43.13984957307791],[-77.603744771369335,43.14021157294836],[-77.6047057719923,43.138464572979302],[-77.605949772472471,43.138860572640169],[-77.606788772896692,43.137365572435144]]]},"properties":{"OBJECTID":158235,"GEOID20":"360550035002","GEOID10":"360550035002","STATEFP":"36","COUNTYFP":"055","D1C":1.2433855257846451,"D1C5_RET":1.076006705005943,"D2B_E5MIXA":0.29550901462376333,"D3A":23.523973116918999,"D3AAO":0,"D3B":139.80124177779089,"D4A":297.73000000000002,"D4C":6.3300000000000001,"D4D":94.798271071599999,"D5AR":104132,"D5BR":73751}},{"type":"Feature","id":158238,"geometry":{"type":"Polygon","coordinates":[[[-77.604939772344011,43.140715572628238],[-77.60500377101981,43.140593573333945],[-77.60256177009019,43.13984957307791],[-77.60306577077867,43.138872573523429],[-77.60040276991613,43.138075573545024],[-77.59953977010079,43.139649573262425],[-77.597383770299743,43.142744574069638],[-77.598448769781484,43.143522573977251],[-77.599857771016403,43.145248574923741],[-77.601119770141622,43.144762574843945],[-77.600204770447732,43.143564573855699],[-77.603309771176143,43.142237573362848],[-77.604362771860607,43.142011573140927],[-77.604336771921353,43.141811573842951],[-77.604939772344011,43.140715572628238]]]},"properties":{"OBJECTID":158238,"GEOID20":"360550033001","GEOID10":"360550033001","STATEFP":"36","COUNTYFP":"055","D1C":12.053902118147544,"D1C5_RET":0.85724412741542766,"D2B_E5MIXA":0.80664895639533829,"D3A":24.62940551521708,"D3AAO":4.915340224459114,"D3B":89.606853899829119,"D4A":351.37,"D4C":6.3300000000000001,"D4D":70.874845081299995,"D5AR":109394,"D5BR":68780}},{"type":"Feature","id":158239,"geometry":{"type":"Polygon","coordinates":[[[-77.613579774136568,43.140577572387606],[-77.614075775327436,43.139509572674562],[-77.610344772813491,43.139631572165364],[-77.610398773240178,43.140673572103488],[-77.605403771951202,43.140827573668027],[-77.604939772344011,43.140715572628238],[-77.60432477222578,43.141881573835519],[-77.604911771856607,43.143980573496997],[-77.611259773405706,43.143781573642052],[-77.613153774164218,43.141376573028801],[-77.613579774136568,43.140577572387606]]]},"properties":{"OBJECTID":158239,"GEOID20":"360550034001","GEOID10":"360550034001","STATEFP":"36","COUNTYFP":"055","D1C":6.0373698548102048,"D1C5_RET":0.3417379163100116,"D2B_E5MIXA":0.52891355224194159,"D3A":21.529845923538886,"D3AAO":0,"D3B":70.72186879962743,"D4A":461.35000000000002,"D4C":12.33,"D4D":124.535938632,"D5AR":104713,"D5BR":91787}},{"type":"Feature","id":158240,"geometry":{"type":"Polygon","coordinates":[[[-77.61452877506396,43.138410571903179],[-77.614432775702824,43.137179572249615],[-77.613641774060852,43.134574572160268],[-77.612686773285674,43.134576571573781],[-77.611868773676164,43.134192572192752],[-77.610503772822156,43.133917571828633],[-77.609242773521856,43.133309571425734],[-77.608154772677295,43.133070571852862],[-77.607559772650532,43.135938571946774],[-77.605949772472471,43.138860572640169],[-77.6047057719923,43.138464572979302],[-77.603744771369335,43.14021157294836],[-77.60500377101981,43.140593573333945],[-77.604939772344011,43.140715572628238],[-77.605403771951202,43.140827573668027],[-77.610398773240178,43.140673572103488],[-77.610344772813491,43.139631572165364],[-77.614075775327436,43.139509572674562],[-77.61452877506396,43.138410571903179]]]},"properties":{"OBJECTID":158240,"GEOID20":"360550034002","GEOID10":"360550034002","STATEFP":"36","COUNTYFP":"055","D1C":1.6427871610152882,"D1C5_RET":0,"D2B_E5MIXA":0.29025311622615474,"D3A":21.098644821391364,"D3AAO":0,"D3B":170.93189653288397,"D4A":371.49000000000001,"D4C":8.3300000000000001,"D4D":49.080097139700001,"D5AR":104248,"D5BR":82565}},{"type":"Feature","id":158241,"geometry":{"type":"Polygon","coordinates":[[[-77.601531769870263,43.136015572513053],[-77.601882770397864,43.135355572848013],[-77.599059769701753,43.134496572038124],[-77.598457769103987,43.135549572175655],[-77.597334768997655,43.135623572851841],[-77.593910767528683,43.137061573086193],[-77.594561769428552,43.137865572708954],[-77.592397768333299,43.138826573183742],[-77.592411768577009,43.139964573904599],[-77.595969769041943,43.139864573283468],[-77.597968769382447,43.136411572957101],[-77.600837770109322,43.137279572673464],[-77.601531769870263,43.136015572513053]]]},"properties":{"OBJECTID":158241,"GEOID20":"360550036003","GEOID10":"360550036003","STATEFP":"36","COUNTYFP":"055","D1C":1.526598229642198,"D1C5_RET":0.022449973965326442,"D2B_E5MIXA":0.20662309884895258,"D3A":30.763971305097417,"D3AAO":0,"D3B":205.99377711416651,"D4A":89.859999999999999,"D4C":2,"D4D":28.7359666756,"D5AR":115618,"D5BR":86894}},{"type":"Feature","id":158242,"geometry":{"type":"Polygon","coordinates":[[[-77.607466773662438,43.151226574855222],[-77.60709977324133,43.150003574594699],[-77.606850772820962,43.149609574593377],[-77.606442772391972,43.149256573795789],[-77.60621677243617,43.148668573878425],[-77.604362771860607,43.142011573140927],[-77.603889771134291,43.142068573066886],[-77.603309771176143,43.142237573362848],[-77.600204770447732,43.143564573855699],[-77.601119770141622,43.144762574843945],[-77.599857771016403,43.145248574923741],[-77.601815772247349,43.147734574124826],[-77.602724771195142,43.148726574937619],[-77.604323772400875,43.149551574372083],[-77.604273772172164,43.149275574802232],[-77.605734773285619,43.150284575336187],[-77.607065773804436,43.151015575187422],[-77.607220772716815,43.151214575086215],[-77.607466773662438,43.151226574855222]]]},"properties":{"OBJECTID":158242,"GEOID20":"360550032001","GEOID10":"360550032001","STATEFP":"36","COUNTYFP":"055","D1C":16.144870303779346,"D1C5_RET":0.90957015795939988,"D2B_E5MIXA":0.66410819194171089,"D3A":34.083749163603834,"D3AAO":13.07676803997383,"D3B":108.9655396707746,"D4A":162.28,"D4C":18,"D4D":163.407457642,"D5AR":104535,"D5BR":130996}},{"type":"Feature","id":158243,"geometry":{"type":"Polygon","coordinates":[[[-77.595446768985212,43.1407385734028],[-77.595969769041943,43.139864573283468],[-77.592411768577009,43.139964573904599],[-77.592397768333299,43.138826573183742],[-77.594561769428552,43.137865572708954],[-77.594115768466423,43.137316573286981],[-77.59260776749727,43.137939573859988],[-77.589087766667163,43.138040573346508],[-77.586790766400824,43.141710574030718],[-77.587662766437006,43.141819574482859],[-77.5895827671348,43.141831574129903],[-77.589341767110369,43.141988574156215],[-77.592136768217387,43.141781574383394],[-77.593765768662053,43.141824573735221],[-77.594757769247153,43.141948574333917],[-77.595446768985212,43.1407385734028]]]},"properties":{"OBJECTID":158243,"GEOID20":"360550036001","GEOID10":"360550036001","STATEFP":"36","COUNTYFP":"055","D1C":1.945337609809376,"D1C5_RET":0,"D2B_E5MIXA":0.51520076159279871,"D3A":39.350626187939213,"D3AAO":11.607978585243524,"D3B":125.33553288619382,"D4A":442.56999999999999,"D4C":4.3300000000000001,"D4D":50.857731927400003,"D5AR":112168,"D5BR":86927}},{"type":"Feature","id":158244,"geometry":{"type":"Polygon","coordinates":[[[-77.600822770939018,43.1306235719033],[-77.601114770118741,43.130146570932801],[-77.596773768407772,43.130609572480289],[-77.595645767380219,43.13308557241033],[-77.593436767875744,43.133160572520296],[-77.591769767796279,43.133692572041234],[-77.591330766506815,43.132981572752492],[-77.590799766054161,43.133738572965378],[-77.592358767975242,43.135126573005067],[-77.593246767904958,43.13622157246153],[-77.593028767446754,43.13632557250925],[-77.592273768484745,43.137531572989914],[-77.58988176688554,43.136785572842754],[-77.589087766667163,43.138040573346508],[-77.59260776749727,43.137939573859988],[-77.594115768466423,43.137316573286981],[-77.593910767528683,43.137061573086193],[-77.597334768997655,43.135623572851841],[-77.598457769103987,43.135549572175655],[-77.599592769804232,43.13356957212212],[-77.600106769640121,43.132484571756372],[-77.600600770282853,43.131867571804321],[-77.600822770939018,43.1306235719033]]]},"properties":{"OBJECTID":158244,"GEOID20":"360550036002","GEOID10":"360550036002","STATEFP":"36","COUNTYFP":"055","D1C":1.0271586797023173,"D1C5_RET":0,"D2B_E5MIXA":0.094870839211737237,"D3A":16.277706184110752,"D3AAO":0,"D3B":59.319014738088839,"D4A":270.91000000000003,"D4C":2.3300000000000001,"D4D":18.019987528000001,"D5AR":105506,"D5BR":86600}},{"type":"Feature","id":159216,"geometry":{"type":"Polygon","coordinates":[[[-77.948073886844554,43.214871572210022],[-77.947693887801265,43.214259571821636],[-77.947183888163337,43.214364572318324],[-77.946778888107374,43.213439570920734],[-77.947319887707451,43.213296571965103],[-77.942547886001265,43.212881571344035],[-77.942847886475221,43.211895571165506],[-77.942884885386817,43.21059857157767],[-77.940021885406054,43.210536571243836],[-77.938111884754008,43.216852571993329],[-77.939555885250741,43.217110572730938],[-77.940081885680513,43.217086572236433],[-77.944285886225828,43.21605757185413],[-77.947701888197187,43.214897571016515],[-77.948073886844554,43.214871572210022]]]},"properties":{"OBJECTID":159216,"GEOID20":"360550153044","GEOID10":"360550153044","STATEFP":"36","COUNTYFP":"055","D1C":3.2080458671920824,"D1C5_RET":0.53245574559204689,"D2B_E5MIXA":0.70944774265665411,"D3A":23.553871778004602,"D3AAO":0,"D3B":158.96812033284914,"D4A":159.59,"D4C":1.3300000000000001,"D4D":11.1242555005,"D5AR":33606,"D5BR":7960}},{"type":"Feature","id":159217,"geometry":{"type":"Polygon","coordinates":[[[-77.635024766230842,42.944472536524493],[-77.621887762193381,42.944170537730592],[-77.611964758664286,42.944165537470234],[-77.607323756479303,42.944072537420318],[-77.58800175109937,42.944076538818322],[-77.58117974899902,42.94397153902419],[-77.573961747063564,42.944001538044226],[-77.557345741305582,42.943880539715344],[-77.557471739905623,42.944008540005427],[-77.557628741162787,42.943909539907111],[-77.557725740348843,42.943981538918351],[-77.557859741141471,42.944326539861933],[-77.557867741537393,42.944881539838839],[-77.558277740717898,42.945347539312905],[-77.558195741600443,42.945775539808643],[-77.558277740717898,42.946071539676744],[-77.558173740960825,42.946400539703909],[-77.558560742371739,42.946690539656771],[-77.558375741525509,42.946911539869078],[-77.558415741708487,42.947110540250151],[-77.55851774181572,42.947152540677884],[-77.558741741223386,42.947020540458198],[-77.558927741894564,42.947174540358233],[-77.559054742116146,42.947070540066626],[-77.559375742506518,42.947064539905327],[-77.559794741907865,42.946856540089776],[-77.560391743381061,42.946773539600443],[-77.561101741238915,42.94691653990634],[-77.561429742200289,42.947092540433786],[-77.560966742418017,42.947322539736852],[-77.56114574251815,42.947756540403752],[-77.561056743728017,42.948019539912764],[-77.560892741899863,42.948024540517572],[-77.560795741815468,42.947904539698165],[-77.560563742910205,42.947931540379621],[-77.560458742429901,42.94801354050152],[-77.560411743472557,42.948284540504098],[-77.560130741468527,42.948529540333617],[-77.559687741777736,42.948493540210436],[-77.559502741829803,42.948721540634885],[-77.559652742515951,42.949418540750067],[-77.559263742353522,42.949742540176707],[-77.559234742041198,42.949868541246545],[-77.559547742933972,42.950192540934481],[-77.559719741564791,42.950598540855104],[-77.559846742684712,42.950631540169034],[-77.560115743196533,42.950559540387914],[-77.559966743233616,42.950746540548799],[-77.559413742141359,42.951080540273452],[-77.559025741803836,42.951573541216419],[-77.558883741513611,42.951953541726226],[-77.558845741878784,42.952441541348179],[-77.55864474113902,42.952776540465628],[-77.558711742882807,42.952930541086914],[-77.559069743083086,42.952886541887992],[-77.559166742269156,42.952935541292739],[-77.559002743135935,42.95362654216234],[-77.559080742953739,42.953872541135901],[-77.559600742637429,42.954257540698734],[-77.559913742631863,42.954685541701103],[-77.559839742113709,42.954905541469728],[-77.560235742847141,42.955036542524326],[-77.560040742853474,42.955667541725056],[-77.559570743398496,42.955909541773337],[-77.559577742172877,42.955986542485675],[-77.559988742974937,42.956238542469727],[-77.559869742250939,42.956907542273612],[-77.559990742624763,42.957277542358192],[-77.560406743449676,42.957440541289756],[-77.560959743643636,42.957429541641638],[-77.56143074292352,42.957297542423802],[-77.561803743192414,42.957297542423802],[-77.562042743567019,42.957423541832732],[-77.562416743660833,42.957341541756229],[-77.563081744007789,42.957730541164878],[-77.56396274516311,42.958509541759234],[-77.563977744333414,42.958926542734787],[-77.563447743705666,42.959431542508504],[-77.563529743721432,42.960353542590262],[-77.563060744989698,42.960774542557104],[-77.563021744631641,42.960896542430717],[-77.563096744076404,42.960978542371521],[-77.563514744551156,42.961000543026536],[-77.563694743577898,42.961088542280812],[-77.563612744460443,42.961450542984238],[-77.563699745397386,42.961542542514877],[-77.564037744607873,42.961335542884491],[-77.564134744692254,42.961615542494684],[-77.564508744786067,42.961560542707069],[-77.56451674518199,42.961752542457184],[-77.564620744040738,42.961807542730611],[-77.564874745382269,42.961757542603593],[-77.565068745551031,42.961829542431786],[-77.565083744721335,42.961977543384343],[-77.564769744901966,42.96214154290476],[-77.564523744854696,42.962410542718743],[-77.564067743846792,42.962449542906967],[-77.563970744660722,42.962531542092705],[-77.564067744745103,42.962685541967723],[-77.564366745394167,42.962739543497456],[-77.564411744701687,42.96293754212698],[-77.564321745188323,42.963255542795586],[-77.564852744742652,42.96371654253516],[-77.564822745503733,42.963765543177097],[-77.564307744944628,42.963700542706164],[-77.564209745035313,42.963743542853436],[-77.564224744205617,42.96385954291744],[-77.564553744093587,42.96412254395247],[-77.564269744411476,42.964358543169212],[-77.564561744489524,42.964473542877329],[-77.564994745032877,42.964512543072509],[-77.565166745460317,42.964358542511889],[-77.564867744811266,42.96410054375648],[-77.565151745391702,42.964012542893983],[-77.565315744524924,42.964117543340876],[-77.565285746184344,42.964643543395347],[-77.565054746205647,42.964802543141467],[-77.564919745588114,42.964802543141467],[-77.564780745670944,42.964667543755461],[-77.56465874457389,42.964720543695812],[-77.564695745282137,42.964984543524722],[-77.564568745958837,42.965137543990203],[-77.564598745197756,42.965258542602214],[-77.565151745391702,42.965258543259587],[-77.565338744989461,42.965384542799981],[-77.565495744449976,42.965384543457347],[-77.565577746262377,42.965318542885122],[-77.565510745416915,42.965071543152931],[-77.565734744824567,42.964983543022043],[-77.566018744506707,42.965285543558458],[-77.566033744575321,42.965675543851205],[-77.566309745658145,42.965998542658348],[-77.56616774626626,42.966256543313982],[-77.566204745177856,42.966421543739273],[-77.56626474635064,42.966465543120556],[-77.566854745456197,42.966404544134186],[-77.566914746628967,42.966646542709555],[-77.567071746089482,42.966745543704846],[-77.567333746928639,42.966761543399244],[-77.567482745993217,42.966690543244617],[-77.567489746564235,42.96637754366914],[-77.567579746077612,42.966305543904795],[-77.567915746536585,42.966355543622285],[-77.568237746751876,42.966168543563583],[-77.568528746106693,42.966113543902118],[-77.569238746659494,42.966196542631302],[-77.569626746997017,42.966163543118306],[-77.570186745965344,42.966053543737303],[-77.570403746598615,42.965844543188297],[-77.570906747462203,42.965769542645198],[-77.570971747759529,42.969251544046777],[-77.576386749173054,42.968180543950083],[-77.581378750987298,42.967461542388463],[-77.591883754124353,42.967447542486745],[-77.591715753894874,42.968340542232866],[-77.602012756619473,42.967874541999755],[-77.61206876021798,42.967018541042478],[-77.618491762110139,42.967166542001387],[-77.618300762314433,42.970368541320923],[-77.617745763368973,42.974340542841773],[-77.617811762592879,42.975468543363327],[-77.635024766230842,42.944472536524493]]]},"properties":{"OBJECTID":159217,"GEOID20":"360550124011","GEOID10":"360550124011","STATEFP":"36","COUNTYFP":"055","D1C":0.58949691232437174,"D1C5_RET":0.06431399777315798,"D2B_E5MIXA":0.83387984848473995,"D3A":4.3319602497517229,"D3AAO":0.70131214415169452,"D3B":9.5435275645040232,"D4A":311.13999999999999,"D4C":0.33000000000000002,"D4D":0.060151729401700001,"D5AR":35761,"D5BR":7843}},{"type":"Feature","id":159218,"geometry":{"type":"Polygon","coordinates":[[[-77.66363378588504,43.074808558636903],[-77.665043785148256,43.072341557697975],[-77.644558780377309,43.072711558523352],[-77.636534777629592,43.08767756267099],[-77.634088776502011,43.087195562364137],[-77.633216776465829,43.087108562446375],[-77.631890775969893,43.087170562800104],[-77.629704776031645,43.087070562473698],[-77.62474677365428,43.087110562099014],[-77.624660773440553,43.081362561377063],[-77.620358772985938,43.081455562406006],[-77.614274771925807,43.092567563788407],[-77.613549771304392,43.093987563835491],[-77.613505770923467,43.094783564564494],[-77.653137782968798,43.093160562526172],[-77.653608783146993,43.092806562836529],[-77.656952784250009,43.086594561647559],[-77.66363378588504,43.074808558636903]]]},"properties":{"OBJECTID":159218,"GEOID20":"360550131043","GEOID10":"360550131043","STATEFP":"36","COUNTYFP":"055","D1C":6.8815522486126843,"D1C5_RET":1.8903943904767979,"D2B_E5MIXA":0.92227890751460939,"D3A":10.805752429157867,"D3AAO":1.0761103287763381,"D3B":53.465560048824145,"D4A":348.69,"D4C":10,"D4D":4.8146351171399999,"D5AR":60588,"D5BR":3691}},{"type":"Feature","id":159219,"geometry":{"type":"Polygon","coordinates":[[[-77.968538895117291,43.212715569912064],[-77.968446895055763,43.211794570667493],[-77.968187894589676,43.211044570643381],[-77.942884885386817,43.21059857157767],[-77.942847886475221,43.211895571165506],[-77.942547886001265,43.212881571344035],[-77.947319887707451,43.213296571965103],[-77.946778888107374,43.213439570920734],[-77.947183888163337,43.214364572318324],[-77.947693887801265,43.214259571821636],[-77.948073886844554,43.214871572210022],[-77.952654889653374,43.214528571154929],[-77.955758889658554,43.214553571054601],[-77.967954894961181,43.214069570494487],[-77.968483893967388,43.213010570429205],[-77.968538895117291,43.212715569912064]]]},"properties":{"OBJECTID":159219,"GEOID20":"360550153012","GEOID10":"360550153012","STATEFP":"36","COUNTYFP":"055","D1C":10.273920660837344,"D1C5_RET":0,"D2B_E5MIXA":0.38310719308171265,"D3A":30.383792510493919,"D3AAO":0,"D3B":558.97637949507703,"D4A":360.75999999999999,"D4C":1.3300000000000001,"D4D":4.5968736496,"D5AR":29973,"D5BR":2843}},{"type":"Feature","id":159310,"geometry":{"type":"Polygon","coordinates":[[[-77.649047789412819,43.176859578057744],[-77.649050787989225,43.173860577904264],[-77.643030786503203,43.173883577998168],[-77.643044786746913,43.175380578013545],[-77.643727786637214,43.176670577837349],[-77.644333786534602,43.1757565779617],[-77.64505478695807,43.17759357799018],[-77.64561678916948,43.177185578463551],[-77.647844788042207,43.17927157838146],[-77.649044789938088,43.179262579082859],[-77.649047789412819,43.176859578057744]]]},"properties":{"OBJECTID":159310,"GEOID20":"360550024001","GEOID10":"360550024001","STATEFP":"36","COUNTYFP":"055","D1C":0.21371902275368124,"D1C5_RET":0.058287006205549434,"D2B_E5MIXA":0.66301999632171338,"D3A":19.810968424181482,"D3AAO":0,"D3B":45.597536374559951,"D4A":201.16999999999999,"D4C":6.6699999999999999,"D4D":82.938524030099998,"D5AR":89238,"D5BR":86482}},{"type":"Feature","id":159311,"geometry":{"type":"Polygon","coordinates":[[[-77.944951883702743,43.177583565028996],[-77.944643883731175,43.175952565050672],[-77.942892882189483,43.171240563663169],[-77.942246882109103,43.167923563573318],[-77.941682881146164,43.162058562811296],[-77.939600880066692,43.143982559494034],[-77.939363878443586,43.132954557015864],[-77.90593686783221,43.133569559011022],[-77.904437867982224,43.135769558828372],[-77.901689867629202,43.141705561004201],[-77.896930867240087,43.152505563049822],[-77.892420865474691,43.161687564618475],[-77.889660865426094,43.167538566132251],[-77.888260864411976,43.171416566784153],[-77.88373686419952,43.17985556831713],[-77.944812883785588,43.180354565959377],[-77.944951883702743,43.177583565028996]]]},"properties":{"OBJECTID":159311,"GEOID20":"360550154002","GEOID10":"360550154002","STATEFP":"36","COUNTYFP":"055","D1C":0.009864334026226761,"D1C5_RET":0,"D2B_E5MIXA":0.17822121676154154,"D3A":2.426973397339927,"D3AAO":0.54188550825195925,"D3B":0.8771365820807534,"D4A":-99999,"D4C":-99999,"D4D":-99999,"D5AR":26700,"D5BR":-99999}},{"type":"Feature","id":159312,"geometry":{"type":"Polygon","coordinates":[[[-77.723801817127992,43.239688585617898],[-77.723818818643068,43.238877586089963],[-77.719395816916304,43.238815586370222],[-77.720922817253694,43.242196586588413],[-77.716807816396852,43.242863586914247],[-77.711618814939129,43.244260587259994],[-77.709758814515794,43.245037587883175],[-77.70974281462226,43.247329587527403],[-77.70895281460183,43.247765588006331],[-77.706543812385888,43.24861658765866],[-77.706234812589415,43.249193588645667],[-77.705898813028739,43.249435588038153],[-77.705571812790595,43.251232589207859],[-77.70983981380833,43.253192588820518],[-77.715620816716381,43.253267589336858],[-77.715555815520744,43.250888588176892],[-77.715625815840937,43.249339587837241],[-77.715785815674522,43.248924588506142],[-77.716637815619222,43.247783587989034],[-77.717011816611333,43.247068588256695],[-77.717103816672861,43.244463586404265],[-77.72009281794864,43.244515586904669],[-77.720340817645749,43.244410586641351],[-77.720459818369747,43.244247586921055],[-77.72051981774591,43.243407586521698],[-77.720625817152794,43.243234586509267],[-77.720868817725346,43.243143586472051],[-77.721860818310446,43.24316058661875],[-77.721833817647948,43.244449586891164],[-77.722807817791391,43.244448587019299],[-77.723072818105265,43.244314586373108],[-77.723194818304009,43.244178586988347],[-77.723281818342628,43.241487586895644],[-77.723747817599644,43.240556586421341],[-77.723801817127992,43.239688585617898]]]},"properties":{"OBJECTID":159312,"GEOID20":"360550135073","GEOID10":"360550135073","STATEFP":"36","COUNTYFP":"055","D1C":0.3906733247747316,"D1C5_RET":0,"D2B_E5MIXA":0.68064333911946695,"D3A":12.288637717268282,"D3AAO":0,"D3B":37.378186755090823,"D4A":694.70000000000005,"D4C":0.67000000000000004,"D4D":1.9255255363599999,"D5AR":49856,"D5BR":414}},{"type":"Feature","id":159313,"geometry":{"type":"Polygon","coordinates":[[[-77.551851757317309,43.170870581036453],[-77.552130757874878,43.170092580699396],[-77.541831752805493,43.170433581107012],[-77.540466752849824,43.17296458228698],[-77.541739754540629,43.174647581322056],[-77.542448754370184,43.17632258174514],[-77.542547755002715,43.17686758262596],[-77.544923754911764,43.176800582412092],[-77.544871756829835,43.175915581928301],[-77.543761754447331,43.175952581428199],[-77.543707754020659,43.175157581520686],[-77.544824755177558,43.175120582194211],[-77.544663754620743,43.172739580771953],[-77.551266757336307,43.172522581600326],[-77.551851757317309,43.170870581036453]]]},"properties":{"OBJECTID":159313,"GEOID20":"360550111001","GEOID10":"360550111001","STATEFP":"36","COUNTYFP":"055","D1C":0.41349583617537233,"D1C5_RET":0,"D2B_E5MIXA":0.41331464823882569,"D3A":26.620679377636481,"D3AAO":5.8761507222615199,"D3B":59.675719076829736,"D4A":498.89999999999998,"D4C":2.6699999999999999,"D4D":20.781814260499999,"D5AR":82157,"D5BR":86548}},{"type":"Feature","id":159314,"geometry":{"type":"Polygon","coordinates":[[[-77.821490830278407,43.005786539237],[-77.82141783138178,43.00258653872006],[-77.816488829316739,43.004248539251599],[-77.815887828543879,43.004298538993865],[-77.813907828469965,43.003929539149652],[-77.811941827741421,43.00342053865414],[-77.81075482716264,43.0029375388456],[-77.810025826343292,43.002789539890671],[-77.798549823435835,42.999577539692332],[-77.797635822668539,42.999519539866739],[-77.791650819545978,42.999552539876184],[-77.791630821251118,43.006126540651252],[-77.782243818197529,43.005544541632268],[-77.77909881728614,43.005598541658188],[-77.773486815330799,43.005839541183008],[-77.769102813063782,43.006128541631661],[-77.766096812967888,43.006126542622042],[-77.752780807931956,43.005540542261045],[-77.732554802728785,43.005113543507484],[-77.73035280020207,43.004879543394637],[-77.729177801115483,43.005748543378886],[-77.727636800534398,43.006539543989952],[-77.725685799874469,43.007330543612227],[-77.723596799122276,43.008275544224517],[-77.72323479872405,43.008517544208395],[-77.722669797936206,43.009113544891378],[-77.721589799284175,43.010973544522855],[-77.72129079863511,43.011893544871654],[-77.721484798803885,43.014042545701244],[-77.72191979899705,43.015223545898209],[-77.723088800032471,43.016970546504581],[-77.724637801009507,43.018063546525198],[-77.727661801547072,43.019963545793615],[-77.728935802164472,43.021073545991975],[-77.729701801895459,43.022301546423861],[-77.729910803031132,43.022992546845209],[-77.729741802976733,43.023824546450321],[-77.729838802162789,43.024255546591718],[-77.730387803057113,43.024237547021194],[-77.731226803481334,43.023997546989442],[-77.731782802251715,43.023486546882879],[-77.732089802398363,43.023417546322783],[-77.733431803686159,43.023514546773995],[-77.733796804457455,43.023409545967297],[-77.73392480360566,43.023245546987518],[-77.733898803666378,43.022952546750616],[-77.73266080303398,43.022972546472793],[-77.732365802582891,43.022901546871303],[-77.732236802711455,43.022777546112408],[-77.732289803313222,43.022638546383412],[-77.733283803548147,43.022455545683876],[-77.733377803259486,43.02231654719607],[-77.733299803441682,43.022102546296182],[-77.732933803743776,43.021895546284227],[-77.732791802555241,43.021625546390496],[-77.732757803118375,43.021319547089568],[-77.73293180319564,43.020943545958957],[-77.733339803624659,43.020771546260157],[-77.733768803071726,43.02076554606343],[-77.735163804961289,43.021052546060872],[-77.735674804424121,43.021083546488299],[-77.736055805088938,43.020984546297136],[-77.736296804215058,43.02089654606619],[-77.736112804990356,43.020344545681105],[-77.736217805470659,43.020064545530396],[-77.736430805007686,43.019792545587435],[-77.736856804081725,43.01955454579825],[-77.737111804349837,43.019588544511031],[-77.737232805621971,43.019687544982837],[-77.737324804785175,43.019987545577067],[-77.736945803770169,43.020684545320243],[-77.737274804556449,43.021061546313675],[-77.737693804856121,43.021128545089461],[-77.73794180455323,43.021113545997252],[-77.738208805415226,43.020964545927342],[-77.738529804907287,43.020644545692249],[-77.73931180543012,43.020685545573315],[-77.73966980652871,43.020568545407713],[-77.740416805993121,43.01999854520102],[-77.74075580592681,43.019947544838146],[-77.742130806826566,43.020038545249868],[-77.742519806989009,43.019989546105904],[-77.742580806190063,43.019861545624224],[-77.742259806698002,43.019478545478073],[-77.742378805625378,43.019309545785674],[-77.742851806351695,43.019212545915337],[-77.743799807454195,43.019187545551496],[-77.744388806734847,43.019067544977048],[-77.745525807084903,43.019094545290962],[-77.747236808443631,43.019281544633586],[-77.748188807947443,43.019203544734694],[-77.748307807773131,43.019723546129832],[-77.74871380855231,43.019754545257982],[-77.755301810300907,43.01952854530176],[-77.758266811287243,43.019643544938816],[-77.7602768114984,43.020369544917074],[-77.760659811813042,43.02056754515273],[-77.761262813134039,43.021050544253121],[-77.767534814515145,43.027949545973286],[-77.767908815507283,43.027931546172482],[-77.775009818165159,43.026906545014576],[-77.781651818543835,43.025845545622438],[-77.790209822117248,43.024361544831159],[-77.796819823607166,43.023004543519143],[-77.807035827039229,43.020541543114931],[-77.816455829704765,43.019586542655595],[-77.816445830557342,43.019374541327039],[-77.819371830287309,43.010240540189329],[-77.819761830274643,43.009576540672313],[-77.820926831112089,43.008337539571805],[-77.821280831114436,43.007814540219194],[-77.821456830841527,43.007194539894428],[-77.821490830278407,43.005786539237]]]},"properties":{"OBJECTID":159314,"GEOID20":"360550147003","GEOID10":"360550147003","STATEFP":"36","COUNTYFP":"055","D1C":0.044714345533563023,"D1C5_RET":0.0017885738213425208,"D2B_E5MIXA":0.78879360048134151,"D3A":1.6913987643529516,"D3AAO":0.458083608974309,"D3B":1.2475915816767045,"D4A":-99999,"D4C":-99999,"D4D":-99999,"D5AR":37979,"D5BR":-99999}},{"type":"Feature","id":159321,"geometry":{"type":"Polygon","coordinates":[[[-77.50586074115725,43.153855580274474],[-77.505998741249527,43.153669579794979],[-77.496576738934152,43.15367157989477],[-77.490017735701244,43.153534580117714],[-77.484904735309811,43.153549580897582],[-77.484743735651335,43.167772583214877],[-77.494376738752209,43.167859581828026],[-77.494442737077819,43.161323581337641],[-77.499950739276088,43.161353581690634],[-77.500044739885723,43.15802658094907],[-77.505579740949869,43.158110579749234],[-77.50565974131581,43.154283579826682],[-77.50586074115725,43.153855580274474]]]},"properties":{"OBJECTID":159321,"GEOID20":"360550115033","GEOID10":"360550115033","STATEFP":"36","COUNTYFP":"055","D1C":0.82208530641114297,"D1C5_RET":0.028498957288919623,"D2B_E5MIXA":0.4557055724809132,"D3A":11.341007547960496,"D3AAO":0,"D3B":33.209385407088142,"D4A":-99999,"D4C":-99999,"D4D":-99999,"D5AR":62773,"D5BR":-99999}},{"type":"Feature","id":159322,"geometry":{"type":"Polygon","coordinates":[[[-77.484878735370529,43.15755458136239],[-77.484904735309811,43.153549580897582],[-77.475332730511667,43.153520582007907],[-77.47478573286044,43.178668585758956],[-77.474796733629404,43.182336586466896],[-77.484621737249213,43.182385586206117],[-77.484878735370529,43.15755458136239]]]},"properties":{"OBJECTID":159322,"GEOID20":"360550115043","GEOID10":"360550115043","STATEFP":"36","COUNTYFP":"055","D1C":1.2242724118124184,"D1C5_RET":0,"D2B_E5MIXA":0.13553123663154759,"D3A":11.322721298406901,"D3AAO":0,"D3B":37.212138858884096,"D4A":-99999,"D4C":-99999,"D4D":-99999,"D5AR":53764,"D5BR":-99999}},{"type":"Feature","id":159323,"geometry":{"type":"Polygon","coordinates":[[[-77.618357762215837,42.969738542126485],[-77.618491762110139,42.967166542001387],[-77.61293276075655,42.967005541509742],[-77.61206876021798,42.967018541042478],[-77.602012756619473,42.967874541999755],[-77.591715753894874,42.968340542232866],[-77.591883754124353,42.967447542486745],[-77.581378750987298,42.967461542388463],[-77.576386749173054,42.968180543950083],[-77.570971747759529,42.969251544046777],[-77.570906747462203,42.965769542645198],[-77.570403746598615,42.965844543188297],[-77.570186745965344,42.966053543737303],[-77.569626746997017,42.966163543118306],[-77.569238746659494,42.966196542631302],[-77.568528746106693,42.966113543902118],[-77.568237746751876,42.966168543563583],[-77.567915746536585,42.966355543622285],[-77.567579746077612,42.966305543904795],[-77.567489746564235,42.96637754366914],[-77.567482745993217,42.966690543244617],[-77.567333746928639,42.966761543399244],[-77.567071746089482,42.966745543704846],[-77.566914746628967,42.966646542709555],[-77.566854745456197,42.966404544134186],[-77.56626474635064,42.966465543120556],[-77.566204745177856,42.966421543739273],[-77.56616774626626,42.966256543313982],[-77.566309745658145,42.965998542658348],[-77.566033744575321,42.965675543851205],[-77.566018744506707,42.965285543558458],[-77.565734744824567,42.964983543022043],[-77.565510745416915,42.965071543152931],[-77.565577746262377,42.965318542885122],[-77.565495744449976,42.965384543457347],[-77.565338744989461,42.965384542799981],[-77.565151745391702,42.965258543259587],[-77.564598745197756,42.965258542602214],[-77.564568745958837,42.965137543990203],[-77.564695745282137,42.964984543524722],[-77.56465874457389,42.964720543695812],[-77.564780745670944,42.964667543755461],[-77.564919745588114,42.964802543141467],[-77.565054746205647,42.964802543141467],[-77.565285746184344,42.964643543395347],[-77.565315744524924,42.964117543340876],[-77.565151745391702,42.964012542893983],[-77.564867744811266,42.96410054375648],[-77.565166745460317,42.964358542511889],[-77.564994745032877,42.964512543072509],[-77.564561744489524,42.964473542877329],[-77.564269744411476,42.964358543169212],[-77.564553744093587,42.96412254395247],[-77.564224744205617,42.96385954291744],[-77.564209745035313,42.963743542853436],[-77.564307744944628,42.963700542706164],[-77.564822745503733,42.963765543177097],[-77.564852744742652,42.96371654253516],[-77.564321745188323,42.963255542795586],[-77.564411744701687,42.96293754212698],[-77.564366745394167,42.962739543497456],[-77.564067744745103,42.962685541967723],[-77.563970744660722,42.962531542092705],[-77.564067743846792,42.962449542906967],[-77.564523744854696,42.962410542718743],[-77.564769744901966,42.96214154290476],[-77.565083744721335,42.961977543384343],[-77.565068745551031,42.961829542431786],[-77.564874745382269,42.961757542603593],[-77.564620744040738,42.961807542730611],[-77.56451674518199,42.961752542457184],[-77.564508744786067,42.961560542707069],[-77.564134744692254,42.961615542494684],[-77.564037744607873,42.961335542884491],[-77.563699745397386,42.961542542514877],[-77.563612744460443,42.961450542984238],[-77.563694743577898,42.961088542280812],[-77.563514744551156,42.961000543026536],[-77.563096744076404,42.960978542371521],[-77.563021744631641,42.960896542430717],[-77.563060744989698,42.960774542557104],[-77.563529743721432,42.960353542590262],[-77.563447743705666,42.959431542508504],[-77.563977744333414,42.958926542734787],[-77.56396274516311,42.958509541759234],[-77.563081744007789,42.957730541164878],[-77.562416743660833,42.957341541756229],[-77.562042743567019,42.957423541832732],[-77.561803743192414,42.957297542423802],[-77.56143074292352,42.957297542423802],[-77.560959743643636,42.957429541641638],[-77.560406743449676,42.957440541289756],[-77.559990742624763,42.957277542358192],[-77.559869742250939,42.956907542273612],[-77.559988742974937,42.956238542469727],[-77.559577742172877,42.955986542485675],[-77.559570743398496,42.955909541773337],[-77.560040742853474,42.955667541725056],[-77.560235742847141,42.955036542524326],[-77.559839742113709,42.954905541469728],[-77.559913742631863,42.954685541701103],[-77.559600742637429,42.954257540698734],[-77.559080742953739,42.953872541135901],[-77.559002743135935,42.95362654216234],[-77.559166742269156,42.952935541292739],[-77.559069743083086,42.952886541887992],[-77.558711742882807,42.952930541086914],[-77.55864474113902,42.952776540465628],[-77.558845741878784,42.952441541348179],[-77.558883741513611,42.951953541726226],[-77.559025741803836,42.951573541216419],[-77.559413742141359,42.951080540273452],[-77.559966743233616,42.950746540548799],[-77.560115743196533,42.950559540387914],[-77.559846742684712,42.950631540169034],[-77.559719741564791,42.950598540855104],[-77.559547742933972,42.950192540934481],[-77.559234742041198,42.949868541246545],[-77.559263742353522,42.949742540176707],[-77.559652742515951,42.949418540750067],[-77.559502741829803,42.948721540634885],[-77.559687741777736,42.948493540210436],[-77.560130741468527,42.948529540333617],[-77.560411743472557,42.948284540504098],[-77.560458742429901,42.94801354050152],[-77.560563742910205,42.947931540379621],[-77.560795741815468,42.947904539698165],[-77.560892741899863,42.948024540517572],[-77.561056743728017,42.948019539912764],[-77.56114574251815,42.947756540403752],[-77.560966742418017,42.947322539736852],[-77.561429742200289,42.947092540433786],[-77.561101741238915,42.94691653990634],[-77.560391743381061,42.946773539600443],[-77.559794741907865,42.946856540089776],[-77.559375742506518,42.947064539905327],[-77.559054742116146,42.947070540066626],[-77.558927741894564,42.947174540358233],[-77.558741741223386,42.947020540458198],[-77.55851774181572,42.947152540677884],[-77.558415741708487,42.947110540250151],[-77.558375741525509,42.946911539869078],[-77.558560742371739,42.946690539656771],[-77.558173740960825,42.946400539703909],[-77.558277740717898,42.946071539676744],[-77.558195741600443,42.945775539808643],[-77.558277740717898,42.945347539312905],[-77.557867741537393,42.944881539838839],[-77.557859741141471,42.944326539861933],[-77.557653740378839,42.943912539812821],[-77.557471739905623,42.944008540005427],[-77.557345741305582,42.943880539715344],[-77.556615739762975,42.943870539147163],[-77.538367734983893,42.943666540485395],[-77.532557732661814,42.943667540677097],[-77.532503734031792,42.944078539846025],[-77.533027734811739,42.961643544292095],[-77.533090736357565,42.967714544476863],[-77.532982734605909,42.96803054452468],[-77.532600735014483,42.968541545204459],[-77.528730734379991,42.972691545467391],[-77.527638734235794,42.974161546882335],[-77.527420733777589,42.974611547185503],[-77.527350734355693,42.975492547386771],[-77.527413734104897,42.978746547736947],[-77.527145735214603,42.981889548528258],[-77.526104734225697,42.984374548899154],[-77.524075734646274,42.987217548976282],[-77.523870733708549,42.98765354911238],[-77.524216735111594,42.997268551021492],[-77.541596740052455,42.996913550113383],[-77.545446740595452,42.997138549872027],[-77.549687742747324,42.997077549773564],[-77.598952758791853,42.996107547168627],[-77.599151758085156,43.003231548407165],[-77.60182376006685,43.003173548089201],[-77.602804760781297,43.003003548971172],[-77.602928760629851,43.002956547829712],[-77.610524761958771,42.988772546184755],[-77.616378762865139,42.978247543278002],[-77.617811762592879,42.975468543363327],[-77.617745763368973,42.974340542841773],[-77.618357762215837,42.969738542126485]]]},"properties":{"OBJECTID":159323,"GEOID20":"360550124022","GEOID10":"360550124022","STATEFP":"36","COUNTYFP":"055","D1C":0.03472338797240436,"D1C5_RET":0,"D2B_E5MIXA":0.46436195750220821,"D3A":3.2662323347981168,"D3AAO":0.50146967655021568,"D3B":2.7081985613323885,"D4A":-99999,"D4C":-99999,"D4D":-99999,"D5AR":32263,"D5BR":-99999}},{"type":"Feature","id":159324,"geometry":{"type":"Polygon","coordinates":[[[-77.715526817903367,43.255970588639265],[-77.715620816716381,43.253267589336858],[-77.696455810796962,43.253021589888718],[-77.696322811625905,43.264657592045559],[-77.699832812410264,43.265597591432623],[-77.700546813161026,43.265978591649422],[-77.706707815112352,43.267420591186507],[-77.715053818075361,43.269616591985418],[-77.715526817903367,43.255970588639265]]]},"properties":{"OBJECTID":159324,"GEOID20":"360550135072","GEOID10":"360550135072","STATEFP":"36","COUNTYFP":"055","D1C":1.4592706771618829,"D1C5_RET":0.059259722930431788,"D2B_E5MIXA":0.5850399666662861,"D3A":14.139870598854781,"D3AAO":0,"D3B":60.648644699467788,"D4A":-99999,"D4C":0.67000000000000004,"D4D":0.72103399724299999,"D5AR":46904,"D5BR":-99999}},{"type":"Feature","id":159325,"geometry":{"type":"Polygon","coordinates":[[[-77.807157835322798,43.127397561624768],[-77.807178835239213,43.127088562094762],[-77.765691821895089,43.125661563729743],[-77.765286822737451,43.137293565325514],[-77.771191824595761,43.136766565331918],[-77.771884824531796,43.136581565620368],[-77.7755508267484,43.135255564033436],[-77.785833830127629,43.135623564329904],[-77.785087831386448,43.149222567012885],[-77.805717836820676,43.149747566243107],[-77.807157835322798,43.127397561624768]]]},"properties":{"OBJECTID":159325,"GEOID20":"360550149052","GEOID10":"360550149052","STATEFP":"36","COUNTYFP":"055","D1C":0.61469105973572657,"D1C5_RET":0.00066814245623448535,"D2B_E5MIXA":0.11967256405791728,"D3A":5.1520298792711579,"D3AAO":0.50091579484525295,"D3B":14.106227710154364,"D4A":-99999,"D4C":-99999,"D4D":-99999,"D5AR":55531,"D5BR":-99999}},{"type":"Feature","id":159348,"geometry":{"type":"Polygon","coordinates":[[[-77.580543767829013,43.182127582044302],[-77.580482766831338,43.181329581860531],[-77.575942765827023,43.181486582606787],[-77.572966764071737,43.181806581734499],[-77.573317765497634,43.187741583594494],[-77.573500766694053,43.187734583219026],[-77.573523765361969,43.188239582794836],[-77.576339766385388,43.188138583737889],[-77.576217766186645,43.186208583074333],[-77.579047767453758,43.186125583129716],[-77.578795767558688,43.182169582247695],[-77.580543767829013,43.182127582044302]]]},"properties":{"OBJECTID":159348,"GEOID20":"360550082001","GEOID10":"360550082001","STATEFP":"36","COUNTYFP":"055","D1C":0.5511170780353033,"D1C5_RET":0.15746202229580095,"D2B_E5MIXA":0.78698100659179993,"D3A":28.264492402730227,"D3AAO":0,"D3B":190.42407229638863,"D4A":0,"D4C":5,"D4D":41.989872612200003,"D5AR":101420,"D5BR":86633}},{"type":"Feature","id":159349,"geometry":{"type":"Polygon","coordinates":[[[-77.646923792992112,43.232761588017731],[-77.646896793227938,43.231141587037428],[-77.646677792944814,43.229790587576559],[-77.646032791791029,43.228300587738453],[-77.645120792470195,43.227229586865427],[-77.642450791036637,43.224750586902196],[-77.641299790442886,43.22327058715765],[-77.63820978978309,43.225006586567282],[-77.636475788858135,43.226151586915947],[-77.638254789988935,43.227996587261828],[-77.638202791008695,43.231037588034305],[-77.640583790940624,43.231080588700983],[-77.640546791130703,43.23342958892912],[-77.640848791254498,43.233346588424553],[-77.640855790927191,43.233478588874299],[-77.640064790183544,43.233958588337501],[-77.637728790457473,43.234611589374474],[-77.637435789656195,43.23521158873821],[-77.63748278951185,43.236435588808185],[-77.64557579365318,43.236527588395319],[-77.64688679318219,43.236615588496477],[-77.646923792992112,43.232761588017731]]]},"properties":{"OBJECTID":159349,"GEOID20":"360550138002","GEOID10":"360550138002","STATEFP":"36","COUNTYFP":"055","D1C":2.0228290973333034,"D1C5_RET":0.04418801426213527,"D2B_E5MIXA":0.37704916552466888,"D3A":15.994461239101842,"D3AAO":0,"D3B":76.495148031816584,"D4A":815.39999999999998,"D4C":10.67,"D4D":33.527901310399997,"D5AR":64137,"D5BR":86714}},{"type":"Feature","id":159350,"geometry":{"type":"Polygon","coordinates":[[[-77.49887473633045,43.116789573091275],[-77.49053073301728,43.114427572839304],[-77.49081073429808,43.114172572948206],[-77.492422734125981,43.113221573203177],[-77.485856731220366,43.111422572338938],[-77.484174731072272,43.11467157459478],[-77.47931672915233,43.113323574216416],[-77.479308728756422,43.113429573301929],[-77.478719730374067,43.11392457361648],[-77.478349729579904,43.114869574067974],[-77.478283728559347,43.115503573330635],[-77.478353729777865,43.1161925749714],[-77.479135729402358,43.11613457452512],[-77.479824730038757,43.117766574617761],[-77.482491730200962,43.117174573526903],[-77.482844731276671,43.117293573672207],[-77.483175729916169,43.117849574992974],[-77.485022730818997,43.117400574393251],[-77.48636973212966,43.118831573841277],[-77.486853731828347,43.118828574604628],[-77.486933731295963,43.118731575383045],[-77.48753573279204,43.118771574654808],[-77.497557735157031,43.119584573644445],[-77.498172735275261,43.118457574324438],[-77.49887473633045,43.116789573091275]]]},"properties":{"OBJECTID":159350,"GEOID20":"360550121002","GEOID10":"360550121002","STATEFP":"36","COUNTYFP":"055","D1C":7.6466782286471293,"D1C5_RET":0.83853912690125176,"D2B_E5MIXA":0.9325529898276198,"D3A":13.384955412903334,"D3AAO":0,"D3B":55.385110027481538,"D4A":127.41,"D4C":1.3300000000000001,"D4D":4.24859824297,"D5AR":80732,"D5BR":3880}},{"type":"Feature","id":159552,"geometry":{"type":"Polygon","coordinates":[[[-77.613266776837079,43.174932579568853],[-77.612526777045375,43.172460578606852],[-77.607511776563229,43.172628578985424],[-77.607464775809248,43.171054578760966],[-77.605385775102803,43.17146557987288],[-77.60444477457132,43.171479579112884],[-77.604538775180984,43.175203579412653],[-77.613266776837079,43.174932579568853]]]},"properties":{"OBJECTID":159552,"GEOID20":"360550007002","GEOID10":"360550007002","STATEFP":"36","COUNTYFP":"055","D1C":1.4334918355409791,"D1C5_RET":0.41212890271803154,"D2B_E5MIXA":0.53045661692291435,"D3A":29.451829215302674,"D3AAO":0,"D3B":137.67255588535565,"D4A":140.81999999999999,"D4C":8,"D4D":91.743477474599999,"D5AR":105724,"D5BR":112337}},{"type":"Feature","id":159553,"geometry":{"type":"Polygon","coordinates":[[[-77.608122776483512,43.183044581551442],[-77.607865775667236,43.179071579826314],[-77.603477774998893,43.179197580105999],[-77.603538775098258,43.18073058047846],[-77.603088774836479,43.180746580738287],[-77.603248775568346,43.183199581374481],[-77.608122776483512,43.183044581551442]]]},"properties":{"OBJECTID":159553,"GEOID20":"360550049002","GEOID10":"360550049002","STATEFP":"36","COUNTYFP":"055","D1C":0.21500378392326119,"D1C5_RET":0.11944654662403399,"D2B_E5MIXA":0.4268332262400657,"D3A":24.219155061743518,"D3AAO":0,"D3B":91.780815281161722,"D4A":331.25999999999999,"D4C":5.3300000000000001,"D4D":81.491211968800002,"D5AR":99640,"D5BR":86748}},{"type":"Feature","id":159554,"geometry":{"type":"Polygon","coordinates":[[[-77.650967794602167,43.230031586704129],[-77.650949793262214,43.228090586778762],[-77.648778792494255,43.228078587711941],[-77.648676793285318,43.227634586542408],[-77.64868279223478,43.225598586748191],[-77.643318790874872,43.22556858719576],[-77.645120792470195,43.227229586865427],[-77.646032791791029,43.228300587738453],[-77.646559792045721,43.229391587230253],[-77.646896793227938,43.231141587037428],[-77.650877794190492,43.231144587308137],[-77.650967794602167,43.230031586704129]]]},"properties":{"OBJECTID":159554,"GEOID20":"360550139011","GEOID10":"360550139011","STATEFP":"36","COUNTYFP":"055","D1C":0,"D1C5_RET":0,"D2B_E5MIXA":0,"D3A":23.482492768232781,"D3AAO":0,"D3B":133.88745997718473,"D4A":163.62,"D4C":5.3300000000000001,"D4D":64.862766922199995,"D5AR":70675,"D5BR":86659}},{"type":"Feature","id":159790,"geometry":{"type":"Polygon","coordinates":[[[-77.487024731532557,43.109153573120473],[-77.487401731101087,43.108406572339788],[-77.483642730794699,43.107363572751339],[-77.483428730534456,43.10690457232635],[-77.480897729018082,43.106255571947209],[-77.480904729589099,43.106092572287707],[-77.480320729433004,43.106067571911268],[-77.479625728948818,43.109693572479827],[-77.479555728628625,43.110582572417158],[-77.485452730989309,43.112196573031781],[-77.487024731532557,43.109153573120473]]]},"properties":{"OBJECTID":159790,"GEOID20":"360550120002","GEOID10":"360550120002","STATEFP":"36","COUNTYFP":"055","D1C":1.1997820759465689,"D1C5_RET":0.10907109781332446,"D2B_E5MIXA":0.23716116243565397,"D3A":26.881682930564814,"D3AAO":0,"D3B":186.42922081499449,"D4A":446.58999999999997,"D4C":1.3300000000000001,"D4D":12.821286710000001,"D5AR":75363,"D5BR":6084}},{"type":"Feature","id":159791,"geometry":{"type":"Polygon","coordinates":[[[-77.578765765624837,43.165884579792539],[-77.579337766085359,43.165556578973238],[-77.577918764804679,43.165590579287802],[-77.5777987651541,43.162786578729381],[-77.575304764345944,43.162846577983856],[-77.575385764536819,43.164617579149315],[-77.572928763538599,43.164678579096162],[-77.572928763538599,43.166528579385783],[-77.577811764674564,43.166433579494196],[-77.578765765624837,43.165884579792539]]]},"properties":{"OBJECTID":159791,"GEOID20":"360550057002","GEOID10":"360550057002","STATEFP":"36","COUNTYFP":"055","D1C":1.6531754694604528,"D1C5_RET":0.10121482466084404,"D2B_E5MIXA":0.31543597614902841,"D3A":24.836020756263583,"D3AAO":0,"D3B":154.55433493377106,"D4A":203.84999999999999,"D4C":8.3300000000000001,"D4D":167.853664928,"D5AR":95834,"D5BR":90030}},{"type":"Feature","id":159792,"geometry":{"type":"Polygon","coordinates":[[[-77.745623815079028,43.119721563607456],[-77.745668814386562,43.116222562065822],[-77.732690812154374,43.116299562535637],[-77.730281809938418,43.116131563352894],[-77.72987581005755,43.115980563892954],[-77.729317810739047,43.115428563373904],[-77.728119808492977,43.116013563580907],[-77.727604809730494,43.116141562778544],[-77.723836808304952,43.116406564339087],[-77.720963807380116,43.117573564113947],[-77.723002807903597,43.121366564069191],[-77.724300808810455,43.122939565137692],[-77.724420808461048,43.123682565366714],[-77.724279807995728,43.124296564994026],[-77.724275809594417,43.125567565068522],[-77.730595811554394,43.125554564998183],[-77.737268813691827,43.125426565166791],[-77.745633816023073,43.125423564286514],[-77.745623815079028,43.119721563607456]]]},"properties":{"OBJECTID":159792,"GEOID20":"360550145032","GEOID10":"360550145032","STATEFP":"36","COUNTYFP":"055","D1C":0.06238321968831622,"D1C5_RET":0,"D2B_E5MIXA":0.43030708237344345,"D3A":12.637531226359126,"D3AAO":3.1027780315462263,"D3B":26.915280934361942,"D4A":871.73000000000002,"D4C":2,"D4D":2.73584884472,"D5AR":68134,"D5BR":4391}},{"type":"Feature","id":159793,"geometry":{"type":"Polygon","coordinates":[[[-77.598219771249248,43.153362575499763],[-77.598302771089919,43.152978575483168],[-77.597930770645945,43.153589575095033],[-77.595517770926961,43.152914575464273],[-77.591621769454903,43.160444577692488],[-77.595709770547586,43.159523577104068],[-77.595589770896979,43.158779577234355],[-77.595778770144548,43.15788657723148],[-77.598219771249248,43.153362575499763]]]},"properties":{"OBJECTID":159793,"GEOID20":"360550093021","GEOID10":"360550093021","STATEFP":"36","COUNTYFP":"055","D1C":33.498970768211038,"D1C5_RET":0.089629353225982714,"D2B_E5MIXA":0.79974484588626726,"D3A":34.501557167241742,"D3AAO":0.38581468398161989,"D3B":248.66767759016645,"D4A":333.94,"D4C":16.670000000000002,"D4D":239.05941092399999,"D5AR":114108,"D5BR":108715}},{"type":"Feature","id":159794,"geometry":{"type":"Polygon","coordinates":[[[-77.59411677008795,43.155676576871933],[-77.594413770188879,43.15505857631041],[-77.584968766510642,43.15265857668453],[-77.583602766730053,43.155504576972199],[-77.592750768510712,43.158274577105004],[-77.59411677008795,43.155676576871933]]]},"properties":{"OBJECTID":159794,"GEOID20":"360550010002","GEOID10":"360550010002","STATEFP":"36","COUNTYFP":"055","D1C":16.410764183519699,"D1C5_RET":0.041757669678167172,"D2B_E5MIXA":0.65831725345097403,"D3A":17.168174387726175,"D3AAO":0,"D3B":118.82785191190868,"D4A":237.38,"D4C":14.33,"D4D":127.655980051,"D5AR":112680,"D5BR":104428}},{"type":"Feature","id":160011,"geometry":{"type":"Polygon","coordinates":[[[-77.636021781211866,43.135226570886395],[-77.636025780511517,43.135042570148237],[-77.632500779658514,43.1350465709112],[-77.632508780952762,43.1359275714834],[-77.629799780059457,43.135912572278535],[-77.628930779498006,43.136488571616702],[-77.628849778408849,43.135109571585545],[-77.627915779346679,43.134378570975116],[-77.624777778108012,43.136472572218238],[-77.624520777291721,43.136278571230051],[-77.623872778459855,43.136745572238596],[-77.625046778619819,43.137625571619417],[-77.625695779073254,43.13720157141298],[-77.626694778432736,43.137987571546937],[-77.626824779027388,43.137895572123384],[-77.636018781737121,43.137907571229526],[-77.636021781211866,43.135226570886395]]]},"properties":{"OBJECTID":160011,"GEOID20":"360550066002","GEOID10":"360550066002","STATEFP":"36","COUNTYFP":"055","D1C":0.56688515856786947,"D1C5_RET":0.25914750105959744,"D2B_E5MIXA":0.42839130012316717,"D3A":15.018286723221141,"D3AAO":0,"D3B":44.936176683734196,"D4A":167.63999999999999,"D4C":8,"D4D":82.927200339099997,"D5AR":100986,"D5BR":86655}},{"type":"Feature","id":160024,"geometry":{"type":"Polygon","coordinates":[[[-77.599859772462864,43.166891578341705],[-77.60011377290607,43.166448578417878],[-77.599337772231053,43.166241577613938],[-77.594653770388391,43.166389577956345],[-77.594568769999569,43.166535578261559],[-77.59320077056914,43.166083577791184],[-77.591319770229433,43.165064578701006],[-77.590621770270502,43.166243577957445],[-77.587936767870033,43.166307578430754],[-77.588180768267506,43.170811579604866],[-77.594531770189661,43.170644579241475],[-77.595775770669832,43.168856578634021],[-77.598732773056867,43.167360578392383],[-77.599039772305218,43.167251578933687],[-77.599652772773624,43.167253577278501],[-77.599859772462864,43.166891578341705]]]},"properties":{"OBJECTID":160024,"GEOID20":"360550055003","GEOID10":"360550055003","STATEFP":"36","COUNTYFP":"055","D1C":2.3502304800307239,"D1C5_RET":0.087045573334471257,"D2B_E5MIXA":0.45926898501908398,"D3A":20.687937988845412,"D3AAO":0,"D3B":139.32862650208807,"D4A":179.71000000000001,"D4C":10.33,"D4D":71.934461803600001,"D5AR":107316,"D5BR":86969}},{"type":"Feature","id":160025,"geometry":{"type":"Polygon","coordinates":[[[-77.626099778405973,43.146619573712478],[-77.626069779167068,43.143293572602936],[-77.620262777218045,43.143289573034977],[-77.620239777651818,43.142801572656737],[-77.619675777587219,43.142751573048052],[-77.619473777022534,43.142679573592147],[-77.619367776717326,43.142541573196347],[-77.618345776893321,43.143596574180712],[-77.618318776230822,43.143848573369134],[-77.619008776692127,43.144648573408027],[-77.619926776759058,43.146603573032458],[-77.626099778405973,43.146619573712478]]]},"properties":{"OBJECTID":160025,"GEOID20":"360550065001","GEOID10":"360550065001","STATEFP":"36","COUNTYFP":"055","D1C":0.18924111911537103,"D1C5_RET":0,"D2B_E5MIXA":0,"D3A":30.080132407976656,"D3AAO":0,"D3B":215.5557324470434,"D4A":221.28,"D4C":5,"D4D":59.853316056799997,"D5AR":114631,"D5BR":104733}},{"type":"Feature","id":160026,"geometry":{"type":"Polygon","coordinates":[[[-77.636025781409813,43.139894571061696],[-77.636018781737121,43.137907571229526],[-77.626824779027388,43.137895572123384],[-77.626030777910685,43.138452571360453],[-77.626038778306608,43.139883571965441],[-77.636025781409813,43.139894571061696]]]},"properties":{"OBJECTID":160026,"GEOID20":"360550066001","GEOID10":"360550066001","STATEFP":"36","COUNTYFP":"055","D1C":0.73766455953160948,"D1C5_RET":0,"D2B_E5MIXA":0.15592698694296181,"D3A":25.145897264106647,"D3AAO":0,"D3B":141.40862752937346,"D4A":350.02999999999997,"D4C":10,"D4D":146.23436145700001,"D5AR":102580,"D5BR":85556}},{"type":"Feature","id":160027,"geometry":{"type":"Polygon","coordinates":[[[-77.645387783450744,43.138456571244852],[-77.645364784782828,43.137575570399825],[-77.636018781737121,43.137582571281008],[-77.636056783168584,43.143793571593093],[-77.636681782434252,43.143894571896801],[-77.639535783092512,43.143884572419289],[-77.639550783161127,43.142229572777595],[-77.643350785272034,43.142229572122112],[-77.64335778314809,43.138448571475799],[-77.645387783450744,43.138456571244852]]]},"properties":{"OBJECTID":160027,"GEOID20":"360550067001","GEOID10":"360550067001","STATEFP":"36","COUNTYFP":"055","D1C":0.33852851271280804,"D1C5_RET":0.078989986299655202,"D2B_E5MIXA":0.47828882110027277,"D3A":23.197000525449734,"D3AAO":0,"D3B":146.91142601460075,"D4A":295.05000000000001,"D4C":5,"D4D":34.423221803899999,"D5AR":102044,"D5BR":86017}},{"type":"Feature","id":160028,"geometry":{"type":"Polygon","coordinates":[[[-77.65096378631938,43.135950570781453],[-77.650956786646702,43.135000569659837],[-77.64075678400647,43.135033570888851],[-77.64075578328324,43.13575557107184],[-77.636011782064429,43.135757571757821],[-77.636018781737121,43.137582571281008],[-77.645364784782828,43.137575570399825],[-77.645356784386919,43.135996570662599],[-77.65096378631938,43.135950570781453]]]},"properties":{"OBJECTID":160028,"GEOID20":"360550067002","GEOID10":"360550067002","STATEFP":"36","COUNTYFP":"055","D1C":0.50253444670452285,"D1C5_RET":0.034657548048587783,"D2B_E5MIXA":0.55650485706209596,"D3A":19.955277443725411,"D3AAO":0,"D3B":92.449702570568874,"D4A":582.04999999999995,"D4C":5,"D4D":55.452076877700001,"D5AR":93257,"D5BR":85767}},{"type":"Feature","id":160029,"geometry":{"type":"Polygon","coordinates":[[[-77.650987785710512,43.13868557107191],[-77.65096378631938,43.135950570781453],[-77.645356784386919,43.135996570662599],[-77.645394784021747,43.138742570821158],[-77.650987785710512,43.13868557107191]]]},"properties":{"OBJECTID":160029,"GEOID20":"360550067003","GEOID10":"360550067003","STATEFP":"36","COUNTYFP":"055","D1C":0.29177682457531151,"D1C5_RET":0.087533047372593459,"D2B_E5MIXA":0.6765715949230876,"D3A":24.581849322799201,"D3AAO":0,"D3B":149.42708161610514,"D4A":303.08999999999997,"D4C":2.3300000000000001,"D4D":43.509760080699998,"D5AR":105537,"D5BR":130114}},{"type":"Feature","id":160031,"geometry":{"type":"Polygon","coordinates":[[[-77.658154788490648,43.1308955694223],[-77.658305789001702,43.130892569465921],[-77.656294788067342,43.12880256845277],[-77.654696786686515,43.12781056887723],[-77.654679786968074,43.127922568640997],[-77.653976786986291,43.127547569146856],[-77.653639785804089,43.127520568711681],[-77.652292786290062,43.12683356907268],[-77.652074785831857,43.126702568477491],[-77.652007785884706,43.126565568575913],[-77.651573786414758,43.126339568125097],[-77.648929784920469,43.125104568627314],[-77.648485784506448,43.125061568663881],[-77.645435784029615,43.123250568362131],[-77.644601783628261,43.123594568883398],[-77.649032783954326,43.125852568034603],[-77.650872785184475,43.12690556882994],[-77.650949786075685,43.133173569663043],[-77.654418786852176,43.133139569666753],[-77.655107787488546,43.132890569465076],[-77.653677786337241,43.130922569023269],[-77.658154788490648,43.1308955694223]]]},"properties":{"OBJECTID":160031,"GEOID20":"360550068002","GEOID10":"360550068002","STATEFP":"36","COUNTYFP":"055","D1C":0.54914481290264006,"D1C5_RET":0.13728620322566001,"D2B_E5MIXA":0.67208619898937738,"D3A":16.027316486809905,"D3AAO":0,"D3B":81.980994520196234,"D4A":193.12,"D4C":7,"D4D":61.461600261500003,"D5AR":100873,"D5BR":94346}},{"type":"Feature","id":160032,"geometry":{"type":"Polygon","coordinates":[[[-77.665866791068851,43.140260570432119],[-77.665946791434791,43.140230570211514],[-77.665568790244706,43.139719569830916],[-77.663868790553252,43.137746571281369],[-77.658305789001702,43.130892569465921],[-77.653677786337241,43.130922569023269],[-77.658045788710709,43.137037570606438],[-77.650972786540208,43.137083570980948],[-77.650987785710512,43.13868557107191],[-77.658388789740712,43.138659571260661],[-77.65841378895675,43.138554570952337],[-77.660173788922648,43.137964570392995],[-77.662599790857044,43.141386571605565],[-77.665866791068851,43.140260570432119]]]},"properties":{"OBJECTID":160032,"GEOID20":"360550068003","GEOID10":"360550068003","STATEFP":"36","COUNTYFP":"055","D1C":1.000086451737912,"D1C5_RET":0.56039327037038178,"D2B_E5MIXA":0.6588925438532498,"D3A":13.258484568162801,"D3AAO":0,"D3B":54.341328938648104,"D4A":0,"D4C":9,"D4D":44.440886910300001,"D5AR":99993,"D5BR":130282}},{"type":"Feature","id":160039,"geometry":{"type":"Polygon","coordinates":[[[-77.636042781128268,43.131100569809256],[-77.635356781763235,43.131035570720343],[-77.634915779925635,43.131096570754885],[-77.63377778154728,43.132089570541496],[-77.632414780343126,43.132692571274454],[-77.628849778408849,43.135109571585545],[-77.628930779498006,43.136488571616702],[-77.629799780059457,43.135912572278535],[-77.632508780952762,43.1359275714834],[-77.632500779658514,43.1350465709112],[-77.636025780511517,43.135042570148237],[-77.636042781128268,43.131100569809256]]]},"properties":{"OBJECTID":160039,"GEOID20":"360550069001","GEOID10":"360550069001","STATEFP":"36","COUNTYFP":"055","D1C":0.62464682572958452,"D1C5_RET":0.18508054095691392,"D2B_E5MIXA":0.7313946709871797,"D3A":30.770291220771679,"D3AAO":0,"D3B":156.94119478609031,"D4A":386.24000000000001,"D4C":9.3300000000000001,"D4D":137.23161643399999,"D5AR":105073,"D5BR":81250}},{"type":"Feature","id":160756,"geometry":{"type":"Polygon","coordinates":[[[-77.909750857610405,42.99050553368906],[-77.909834858174321,42.987770532470506],[-77.900195854327336,42.98787053310523],[-77.862368842453733,42.98787053507656],[-77.860241841168403,42.98797153502025],[-77.85903284174664,42.98797053489151],[-77.858509841689909,42.987888534792432],[-77.859035840323074,42.989446535053879],[-77.859624841400333,42.990697535078397],[-77.860529841946814,42.992444535456414],[-77.862241843130448,42.995189536431504],[-77.862339842141424,42.995668536031665],[-77.862287842262887,42.996361535862206],[-77.861936842633597,42.99701953641879],[-77.861565842912839,42.997401536710534],[-77.860728843036753,42.997932537066887],[-77.860808843402708,42.998300536177112],[-77.860508842928738,42.999256536470291],[-77.860854842535133,42.999883536959707],[-77.854072840617761,43.009936538871678],[-77.851288841178032,43.014445540216748],[-77.849930840895041,43.016925540258399],[-77.837862836537255,43.017046541390599],[-77.836848836210848,43.017186540953738],[-77.834211835287576,43.017808541505566],[-77.833445835556603,43.01792154179752],[-77.826849832513759,43.018297541730959],[-77.825269833371237,43.018462541738195],[-77.821617831398314,43.019016541870542],[-77.807035827039229,43.020541543114931],[-77.796819823607166,43.023004543519143],[-77.790209822117248,43.024361544831159],[-77.781651818543835,43.025845545622438],[-77.775009818165159,43.026906545014576],[-77.767908815507283,43.027931546172482],[-77.760329812998478,43.028337546451894],[-77.750320810153951,43.028254546902659],[-77.749402810087005,43.030988547201346],[-77.749138809598051,43.036200548642519],[-77.753235810911576,43.036313547912073],[-77.778142819381003,43.036391547739726],[-77.794123824030976,43.037402546383753],[-77.79679582511433,43.037664547328241],[-77.809061828940528,43.037411546209221],[-77.819521832770079,43.037735545612243],[-77.827491835091124,43.037373544310874],[-77.845539840751968,43.036858544634022],[-77.8594548451143,43.036687544213862],[-77.878960850617247,43.036689542885334],[-77.878966851363344,43.036583542296938],[-77.899431858737756,43.037971542600935],[-77.90412385917972,43.037064540821291],[-77.904722859404416,43.032482540076273],[-77.904816859115755,43.030940540466418],[-77.90480185904714,43.025177539425052],[-77.904563858497454,43.023500539277599],[-77.905665859585724,43.023499539727091],[-77.907366858203773,43.006455536165021],[-77.907542857930864,43.002867535016449],[-77.907993857119251,43.00225953541743],[-77.909416858597893,43.002528535165325],[-77.909750857610405,42.99050553368906]]]},"properties":{"OBJECTID":160756,"GEOID20":"360550147005","GEOID10":"360550147005","STATEFP":"36","COUNTYFP":"055","D1C":0.043129323445033507,"D1C5_RET":0,"D2B_E5MIXA":0.6421049743264291,"D3A":3.4040647982325889,"D3AAO":1.3362650022364191,"D3B":3.115689072536473,"D4A":-99999,"D4C":-99999,"D4D":-99999,"D5AR":31651,"D5BR":-99999}},{"type":"Feature","id":160814,"geometry":{"type":"Polygon","coordinates":[[[-77.796876838779923,43.204399576405933],[-77.796905839092233,43.204316576317325],[-77.772970831116425,43.203707577057138],[-77.753135824827197,43.203415578360797],[-77.752580824983411,43.221127581389808],[-77.750863828268479,43.259089587602986],[-77.790847840666316,43.258799586476826],[-77.791862839919332,43.236658582609621],[-77.792510837852888,43.21847957905554],[-77.792827837146987,43.21197257750034],[-77.793062838221942,43.210849578135438],[-77.793390838285006,43.21021557695569],[-77.796876838779923,43.204399576405933]]]},"properties":{"OBJECTID":160814,"GEOID20":"360550148021","GEOID10":"360550148021","STATEFP":"36","COUNTYFP":"055","D1C":0.070686674998529708,"D1C5_RET":0.01849360683101068,"D2B_E5MIXA":0.87307275752309343,"D3A":2.4987381611416448,"D3AAO":0.16727642488218533,"D3B":3.02117285945336,"D4A":-99999,"D4C":1.3300000000000001,"D4D":0.172135539694,"D5AR":40165,"D5BR":-99999}},{"type":"Feature","id":160822,"geometry":{"type":"Polygon","coordinates":[[[-77.667631786566048,43.058541555806087],[-77.652085780312618,43.058702556738822],[-77.648912780710447,43.064403557908619],[-77.644558780377309,43.072711558523352],[-77.660366783876611,43.072438558245693],[-77.667631786566048,43.058541555806087]]]},"properties":{"OBJECTID":160822,"GEOID20":"360550132052","GEOID10":"360550132052","STATEFP":"36","COUNTYFP":"055","D1C":0.8968809323294511,"D1C5_RET":0.065846954525453374,"D2B_E5MIXA":0.73308027998194181,"D3A":12.348327463102272,"D3AAO":0,"D3B":38.542024234915594,"D4A":-99999,"D4C":-99999,"D4D":-99999,"D5AR":58946,"D5BR":-99999}},{"type":"Feature","id":160823,"geometry":{"type":"Polygon","coordinates":[[[-77.753535823063643,43.179420574291754],[-77.75354382166293,43.178408573150499],[-77.747638820702932,43.176866573784459],[-77.742411817813746,43.175947573830641],[-77.73708481626376,43.174545573827032],[-77.735703817312853,43.174355573939522],[-77.732352815638833,43.174789573553355],[-77.732357816560011,43.177758574452419],[-77.732194816353399,43.179341574773225],[-77.737659817995649,43.179666574094668],[-77.741612819369124,43.179392574208727],[-77.753535823063643,43.179420574291754]]]},"properties":{"OBJECTID":160823,"GEOID20":"360550142024","GEOID10":"360550142024","STATEFP":"36","COUNTYFP":"055","D1C":0.16073630720658957,"D1C5_RET":0,"D2B_E5MIXA":0.26675339173619422,"D3A":14.988121354992222,"D3AAO":0,"D3B":62.007616161025773,"D4A":645.08000000000004,"D4C":0.67000000000000004,"D4D":2.6509126357800001,"D5AR":75187,"D5BR":740}},{"type":"Feature","id":160824,"geometry":{"type":"Polygon","coordinates":[[[-77.958648890301816,43.199261567899725],[-77.958640889905908,43.198377568173605],[-77.94365188494271,43.198384569292926],[-77.92227487824745,43.198239569798581],[-77.922359878636271,43.20555857080705],[-77.941511885035212,43.205523569973195],[-77.942838885356068,43.205569571177229],[-77.949338887241126,43.205469569881984],[-77.957138889682852,43.205569569867684],[-77.957125890162388,43.199276568583159],[-77.958648890301816,43.199261567899725]]]},"properties":{"OBJECTID":160824,"GEOID20":"360550153031","GEOID10":"360550153031","STATEFP":"36","COUNTYFP":"055","D1C":1.4757369521814301,"D1C5_RET":0.82954574151573757,"D2B_E5MIXA":0.75821220649980137,"D3A":15.40530680925386,"D3AAO":0,"D3B":74.736427996130303,"D4A":747,"D4C":1,"D4D":1.13761002186,"D5AR":33506,"D5BR":5952}},{"type":"Feature","id":160825,"geometry":{"type":"Polygon","coordinates":[[[-77.503930743108697,43.189939586463069],[-77.502862743253928,43.186122586538751],[-77.502165742221607,43.182431584548588],[-77.474796733629404,43.182336586466896],[-77.474637734519064,43.196567589147207],[-77.484585737264197,43.196472587524099],[-77.500350742902427,43.196723587376248],[-77.503930743108697,43.189939586463069]]]},"properties":{"OBJECTID":160825,"GEOID20":"360550115012","GEOID10":"360550115012","STATEFP":"36","COUNTYFP":"055","D1C":1.9280166670768806,"D1C5_RET":1.039492548537565,"D2B_E5MIXA":0.79080156159945003,"D3A":11.843523509559843,"D3AAO":0.0054222729837269928,"D3B":49.166490294331879,"D4A":-99999,"D4C":4.3300000000000001,"D4D":3.1448541690599998,"D5AR":60908,"D5BR":-99999}},{"type":"Feature","id":160826,"geometry":{"type":"Polygon","coordinates":[[[-77.441474719006749,43.123233577410296],[-77.4414807170579,43.123061577360041],[-77.433581715780292,43.122870577454229],[-77.425731714008151,43.122996577596325],[-77.422855711811962,43.122516578413865],[-77.412695707558072,43.122886579099799],[-77.404692706523392,43.12262757878905],[-77.400633704844708,43.122882579508392],[-77.400401705041119,43.123669578664689],[-77.400482704333641,43.130573580036952],[-77.409436708640499,43.130479579090114],[-77.418281711370781,43.127809578894144],[-77.418894710042565,43.127667578440011],[-77.419577710831192,43.127621579505707],[-77.420397710988837,43.127728578555462],[-77.420942711685186,43.127922578475228],[-77.424825712738468,43.130120578635996],[-77.425845713810972,43.130508579732378],[-77.441278719188176,43.130744578864253],[-77.441332718716538,43.126301577418864],[-77.441474719006749,43.123233577410296]]]},"properties":{"OBJECTID":160826,"GEOID20":"360550115053","GEOID10":"360550115053","STATEFP":"36","COUNTYFP":"055","D1C":0.40658065586669428,"D1C5_RET":0.003127543506666879,"D2B_E5MIXA":0.53246220853819959,"D3A":8.4451628208055052,"D3AAO":0,"D3B":25.279570716207385,"D4A":-99999,"D4C":5,"D4D":4.9224181626699997,"D5AR":50110,"D5BR":-99999}},{"type":"Feature","id":160827,"geometry":{"type":"Polygon","coordinates":[[[-77.649950781326325,43.093315563393553],[-77.633105777036064,43.094005563277371],[-77.627788777328433,43.104261565951411],[-77.643927781263855,43.103757564296799],[-77.649621782336666,43.093516563548995],[-77.649950781326325,43.093315563393553]]]},"properties":{"OBJECTID":160827,"GEOID20":"360550130012","GEOID10":"360550130012","STATEFP":"36","COUNTYFP":"055","D1C":2.5114415949317657,"D1C5_RET":0.20457616421737854,"D2B_E5MIXA":0.58994530205628315,"D3A":7.666868995944391,"D3AAO":0,"D3B":15.511610930391381,"D4A":987.05999999999995,"D4C":3.6699999999999999,"D4D":6.3224802437300003,"D5AR":59231,"D5BR":24569}},{"type":"Feature","id":160829,"geometry":{"type":"Polygon","coordinates":[[[-77.629783770284476,43.026964551816256],[-77.610005764794948,43.027286552892484],[-77.599151762576739,43.047737556285561],[-77.61268476644932,43.0472105558134],[-77.616706768318082,43.047317556243179],[-77.618777768628604,43.04748855526644],[-77.629783770284476,43.026964551816256]]]},"properties":{"OBJECTID":160829,"GEOID20":"360550132043","GEOID10":"360550132043","STATEFP":"36","COUNTYFP":"055","D1C":0.14172260044060353,"D1C5_RET":0,"D2B_E5MIXA":0.029143807424952463,"D3A":8.395928067380158,"D3AAO":0.71305593493675123,"D3B":20.611992286539433,"D4A":1009.86,"D4C":0.33000000000000002,"D4D":0.239961809587,"D5AR":57751,"D5BR":102}},{"type":"Feature","id":161221,"geometry":{"type":"Polygon","coordinates":[[[-77.589958770471696,43.17732858083329],[-77.590110770807669,43.177110580614197],[-77.587425769305497,43.177389580532882],[-77.587325769746386,43.175539580338764],[-77.583824768284529,43.175628580371814],[-77.584107769040074,43.180032580946289],[-77.584220769017975,43.180677580979726],[-77.583251768897398,43.180773581249156],[-77.583289768532239,43.181410581928773],[-77.587333769243983,43.181123581307858],[-77.589958770471696,43.17732858083329]]]},"properties":{"OBJECTID":161221,"GEOID20":"360550084003","GEOID10":"360550084003","STATEFP":"36","COUNTYFP":"055","D1C":0.27282159211205848,"D1C5_RET":0,"D2B_E5MIXA":0.3603215550831918,"D3A":18.250211034199197,"D3AAO":0,"D3B":104.81005292275091,"D4A":403.68000000000001,"D4C":6.6699999999999999,"D4D":77.641387493899998,"D5AR":93790,"D5BR":86674}},{"type":"Feature","id":161228,"geometry":{"type":"Polygon","coordinates":[[[-77.608382776774505,43.186550580771616],[-77.608122776483512,43.183044581551442],[-77.603248775568346,43.183199581374481],[-77.603294774700785,43.183931580655702],[-77.603836775024106,43.1839165814404],[-77.604004775253586,43.186674581662032],[-77.608382776774505,43.186550580771616]]]},"properties":{"OBJECTID":161228,"GEOID20":"360550048002","GEOID10":"360550048002","STATEFP":"36","COUNTYFP":"055","D1C":0.31561834964341368,"D1C5_RET":0.086077731720931014,"D2B_E5MIXA":0.36407283174867,"D3A":19.187593267441148,"D3AAO":0,"D3B":55.108111550829648,"D4A":273.58999999999997,"D4C":5.3300000000000001,"D4D":97.876119482099995,"D5AR":98857,"D5BR":86797}},{"type":"Feature","id":161229,"geometry":{"type":"Polygon","coordinates":[[[-77.541512752963271,43.149311578521178],[-77.535230749739796,43.149191578276124],[-77.535117749761895,43.152338578176412],[-77.535315751026914,43.152946578103489],[-77.536008750064639,43.153891578674127],[-77.536266750705821,43.157559579327909],[-77.533747750681641,43.157774579924087],[-77.529703749071558,43.157832580205238],[-77.528819749339831,43.157805579380735],[-77.527240748225566,43.157559579983229],[-77.527186747798908,43.158373580402241],[-77.527322748241332,43.158918579597156],[-77.527825749104892,43.159245579401869],[-77.528375748925811,43.159939580184698],[-77.527875748435278,43.160508579654298],[-77.527646749004759,43.161109580052319],[-77.527812748686088,43.161269579485669],[-77.528494747853173,43.161412580463455],[-77.528588749361134,43.161606579669467],[-77.528478748857978,43.161732580600429],[-77.528023748573304,43.16184658031392],[-77.526374748037171,43.161716579945363],[-77.526052748720204,43.162380580347438],[-77.526058748567976,43.162605581364026],[-77.526983749205939,43.163363580301137],[-77.528584750061498,43.163361580518576],[-77.528994749242003,43.163469581131771],[-77.529729749909151,43.1641255804876],[-77.531111749583275,43.165015580787461],[-77.531539750103761,43.165407580686107],[-77.531775750105311,43.165937580992143],[-77.531974751195264,43.166162580046908],[-77.532579751267775,43.166484581192393],[-77.532771750888372,43.166687581825606],[-77.532917751376573,43.167152581504901],[-77.532797751725965,43.167623581815427],[-77.533547750665093,43.167615581277126],[-77.53905075194217,43.157178578793783],[-77.540701752128143,43.154402578555612],[-77.538371751351519,43.154510578622265],[-77.538939752512405,43.153750578540738],[-77.541512752963271,43.149311578521178]]]},"properties":{"OBJECTID":161229,"GEOID20":"360550125001","GEOID10":"360550125001","STATEFP":"36","COUNTYFP":"055","D1C":0.079021822227416202,"D1C5_RET":0,"D2B_E5MIXA":0.58212143525441995,"D3A":14.426118254368031,"D3AAO":5.2122906990683733,"D3B":53.406108005935451,"D4A":186.41999999999999,"D4C":7.3300000000000001,"D4D":20.594842786400001,"D5AR":88587,"D5BR":86459}},{"type":"Feature","id":161230,"geometry":{"type":"Polygon","coordinates":[[[-77.651018787469283,43.145315572387545],[-77.650987785710512,43.13868557107191],[-77.647981785614618,43.138716571034102],[-77.64803078601841,43.142244571743817],[-77.646974784960904,43.142244571743817],[-77.646951785394691,43.146684572622441],[-77.651018787469283,43.145315572387545]]]},"properties":{"OBJECTID":161230,"GEOID20":"360550062001","GEOID10":"360550062001","STATEFP":"36","COUNTYFP":"055","D1C":2.2948367206461988,"D1C5_RET":0.1390810133724969,"D2B_E5MIXA":0.38383005983289514,"D3A":13.594708120928342,"D3AAO":0,"D3B":81.612738646981171,"D4A":291.01999999999998,"D4C":6.6699999999999999,"D4D":74.213628735599997,"D5AR":110402,"D5BR":128887}},{"type":"Feature","id":161231,"geometry":{"type":"Polygon","coordinates":[[[-77.55515376218078,43.21834958927505],[-77.55529676229591,43.218205589746901],[-77.554818762445024,43.218168589672281],[-77.54524775837011,43.218741589795435],[-77.544907759509812,43.223917591485339],[-77.549634761010168,43.22378959080983],[-77.55515376218078,43.21834958927505]]]},"properties":{"OBJECTID":161231,"GEOID20":"360550107004","GEOID10":"360550107004","STATEFP":"36","COUNTYFP":"055","D1C":0.44663458879025653,"D1C5_RET":0,"D2B_E5MIXA":0,"D3A":24.122914041982146,"D3AAO":4.7252879356652855,"D3B":48.879689397205681,"D4A":374.17000000000002,"D4C":2,"D4D":14.658776247500001,"D5AR":65564,"D5BR":38483}},{"type":"Feature","id":161232,"geometry":{"type":"Polygon","coordinates":[[[-77.578086765932483,43.172235580476098],[-77.578711766096461,43.171045579561685],[-77.576316765920836,43.171125580405217],[-77.574889765142572,43.173925579941816],[-77.572608764769754,43.173971580071978],[-77.571532762722441,43.175962580899665],[-77.576178764930276,43.175813581792127],[-77.578086765932483,43.172235580476098]]]},"properties":{"OBJECTID":161232,"GEOID20":"360550054004","GEOID10":"360550054004","STATEFP":"36","COUNTYFP":"055","D1C":0.11901764058161492,"D1C5_RET":0.089263230436211177,"D2B_E5MIXA":0.34939847028229709,"D3A":18.013906915180922,"D3AAO":0,"D3B":61.99401553326976,"D4A":140.81999999999999,"D4C":6.6699999999999999,"D4D":124.025220038,"D5AR":98650,"D5BR":86856}},{"type":"Feature","id":161233,"geometry":{"type":"Polygon","coordinates":[[[-77.594688769650176,43.147115574364648],[-77.592520768356948,43.145869574937635],[-77.588192767064768,43.15346857533202],[-77.58951576808596,43.153810576838552],[-77.592094768384598,43.14917957483069],[-77.593269769267806,43.149633575414647],[-77.594688769650176,43.147115574364648]]]},"properties":{"OBJECTID":161233,"GEOID20":"360550029003","GEOID10":"360550029003","STATEFP":"36","COUNTYFP":"055","D1C":4.3115147821264195,"D1C5_RET":1.6884253692243321,"D2B_E5MIXA":0.77615443206051782,"D3A":21.153222712745084,"D3AAO":0,"D3B":160.83457659982639,"D4A":320.52999999999997,"D4C":7.3300000000000001,"D4D":141.44180521600001,"D5AR":112157,"D5BR":92472}},{"type":"Feature","id":161234,"geometry":{"type":"Polygon","coordinates":[[[-77.977193896080124,43.206181568408567],[-77.977044896117206,43.198777567138187],[-77.967900893636184,43.198973568076916],[-77.967869893674035,43.203671568727124],[-77.967467893092845,43.20377156904101],[-77.967485893534487,43.205601569147518],[-77.967861893278126,43.205639569498203],[-77.967913894054973,43.205875569905594],[-77.96714889414892,43.205905569325992],[-77.96719989330424,43.198338568564793],[-77.958640889905908,43.198377568173605],[-77.958648890301816,43.199261567899725],[-77.957125890162388,43.199276568583159],[-77.957138889682852,43.205569569867684],[-77.949338887241126,43.205469569881984],[-77.949185887080262,43.207259570497392],[-77.947864887505489,43.207254570051283],[-77.947808887428991,43.209143570888308],[-77.945490887246279,43.209154570611986],[-77.945500886393702,43.210645570690509],[-77.968187894589676,43.211044570643381],[-77.967236894012473,43.209181569687232],[-77.967092894072437,43.208722569378075],[-77.967024893402041,43.208067570294737],[-77.967131893532169,43.206165568922842],[-77.977193896080124,43.206181568408567]]]},"properties":{"OBJECTID":161234,"GEOID20":"360550153011","GEOID10":"360550153011","STATEFP":"36","COUNTYFP":"055","D1C":0,"D1C5_RET":0,"D2B_E5MIXA":0,"D3A":9.05367145433517,"D3AAO":0,"D3B":62.642843212730618,"D4A":814.05999999999995,"D4C":1.3300000000000001,"D4D":1.5615508016799999,"D5AR":31085,"D5BR":4660}},{"type":"Feature","id":161246,"geometry":{"type":"Polygon","coordinates":[[[-77.619694782345377,43.209068584147772],[-77.620293782570073,43.208384584509218],[-77.614264779964884,43.208569584876244],[-77.612703779292318,43.210288585646538],[-77.603446776833394,43.210552585951312],[-77.60362077780897,43.21381558719532],[-77.604156778284491,43.213749586010756],[-77.609643779668062,43.213586586766972],[-77.612140779950934,43.210900585291547],[-77.613721780714997,43.211451585696715],[-77.613850779688121,43.211646585446005],[-77.613894780967357,43.21221958596665],[-77.614500779966463,43.21220258635433],[-77.615333780542898,43.212483585769526],[-77.615766781086265,43.211390585334868],[-77.619694782345377,43.209068584147772]]]},"properties":{"OBJECTID":161246,"GEOID20":"360550103003","GEOID10":"360550103003","STATEFP":"36","COUNTYFP":"055","D1C":0.76939363210744871,"D1C5_RET":0.10991337601534983,"D2B_E5MIXA":0.6239709312770374,"D3A":20.438810217957588,"D3AAO":0,"D3B":82.106171190474441,"D4A":203.84999999999999,"D4C":16,"D4D":112.55129703999999,"D5AR":75942,"D5BR":86999}},{"type":"Feature","id":162080,"geometry":{"type":"Polygon","coordinates":[[[-77.567153763173252,43.182047582512709],[-77.566969762151928,43.179044581838085],[-77.560507760800007,43.179251581830783],[-77.560318760654113,43.176302580953184],[-77.556869759070807,43.176403581249836],[-77.557322759705642,43.177308582336089],[-77.560008760134409,43.18000658234677],[-77.560175761437307,43.181031582617258],[-77.560312761704651,43.185550583421254],[-77.563185761731162,43.185482584036244],[-77.563105763161843,43.184157583059559],[-77.564986762603269,43.183164582780037],[-77.563711762160935,43.182180582904465],[-77.567153763173252,43.182047582512709]]]},"properties":{"OBJECTID":162080,"GEOID20":"360550083014","GEOID10":"360550083014","STATEFP":"36","COUNTYFP":"055","D1C":1.2169885084330483,"D1C5_RET":0.12281535406205074,"D2B_E5MIXA":0.6847058253423548,"D3A":27.229869021080525,"D3AAO":0,"D3B":219.20620314539815,"D4A":248.11000000000001,"D4C":7,"D4D":50.019344199800003,"D5AR":97186,"D5BR":87049}},{"type":"Feature","id":162081,"geometry":{"type":"Polygon","coordinates":[[[-77.59988377005736,43.139044573688949],[-77.60040276991613,43.138075573545024],[-77.597529768991308,43.137198573732455],[-77.594757769247153,43.141948574333917],[-77.596065769301418,43.142256573273826],[-77.595841768995427,43.142041573798529],[-77.59666876972409,43.142249574238754],[-77.597482769135652,43.142601574632145],[-77.59988377005736,43.139044573688949]]]},"properties":{"OBJECTID":162081,"GEOID20":"360550033002","GEOID10":"360550033002","STATEFP":"36","COUNTYFP":"055","D1C":5.0326346046992656,"D1C5_RET":0.88291835170162558,"D2B_E5MIXA":0.88905620915106343,"D3A":31.286811465614672,"D3AAO":5.7471204186655642,"D3B":226.08360481012502,"D4A":197.13999999999999,"D4C":2,"D4D":37.671183005899998,"D5AR":119145,"D5BR":87062}},{"type":"Feature","id":162082,"geometry":{"type":"Polygon","coordinates":[[[-77.612526777045375,43.172460578606852],[-77.611778776857733,43.170175578199519],[-77.610558775768681,43.167234577930664],[-77.602051773147224,43.167574578092172],[-77.601631773022646,43.169016578743822],[-77.600822773633979,43.170805579023018],[-77.604711774535019,43.171498578450631],[-77.605560775004975,43.171438578521816],[-77.607464775809248,43.171054578760966],[-77.607511776563229,43.172628578985424],[-77.612526777045375,43.172460578606852]]]},"properties":{"OBJECTID":162082,"GEOID20":"360550013001","GEOID10":"360550013001","STATEFP":"36","COUNTYFP":"055","D1C":6.8260553980151508,"D1C5_RET":0.31979904126403774,"D2B_E5MIXA":0.45481753093882116,"D3A":17.137480190177236,"D3AAO":0,"D3B":77.535529340573106,"D4A":123.38,"D4C":14.67,"D4D":94.755599419000006,"D5AR":110553,"D5BR":112516}},{"type":"Feature","id":162083,"geometry":{"type":"Polygon","coordinates":[[[-77.460447721712285,43.074598567685449],[-77.460934720885689,43.073955567671625],[-77.457295719331583,43.073143567070957],[-77.453198718018058,43.072127567197036],[-77.445694714954016,43.069732566694775],[-77.444258715751531,43.069505566921499],[-77.439440713116269,43.06903956733715],[-77.437001711661395,43.06896456738852],[-77.432988710911786,43.068557567396937],[-77.432124710373202,43.068548567547182],[-77.432103711355111,43.079151569526431],[-77.457153720837979,43.079070568428364],[-77.457319719621012,43.078590568569695],[-77.460447721712285,43.074598567685449]]]},"properties":{"OBJECTID":162083,"GEOID20":"360550117054","GEOID10":"360550117054","STATEFP":"36","COUNTYFP":"055","D1C":3.7146878553963911,"D1C5_RET":1.1935278668963134,"D2B_E5MIXA":0.7509870260950321,"D3A":12.263318500981882,"D3AAO":0,"D3B":36.797594443703019,"D4A":513.64999999999998,"D4C":1.6699999999999999,"D4D":2.04758039188,"D5AR":47180,"D5BR":901}},{"type":"Feature","id":162096,"geometry":{"type":"Polygon","coordinates":[[[-77.551754757232914,43.176583581948108],[-77.552828758732105,43.174048581209355],[-77.550699757796949,43.174120581708571],[-77.551266757336307,43.172522581600326],[-77.544663754620743,43.172739580771953],[-77.544824755177558,43.175120582194211],[-77.543707754020659,43.175157581520686],[-77.543761754447331,43.175952581428199],[-77.544871756829835,43.175915581928301],[-77.544923754911764,43.176800582412092],[-77.551754757232914,43.176583581948108]]]},"properties":{"OBJECTID":162096,"GEOID20":"360550111006","GEOID10":"360550111006","STATEFP":"36","COUNTYFP":"055","D1C":0.70057973978646959,"D1C5_RET":0,"D2B_E5MIXA":0.44532982458317838,"D3A":23.328402613480336,"D3AAO":0,"D3B":123.48723093363176,"D4A":336.62,"D4C":2.6699999999999999,"D4D":26.025014333600001,"D5AR":91542,"D5BR":86620}},{"type":"Feature","id":162097,"geometry":{"type":"Polygon","coordinates":[[[-77.48586873181425,43.123779575097714],[-77.485339731909718,43.122827575264843],[-77.485488731872636,43.120108574988272],[-77.485388732313538,43.120222574966562],[-77.485054732402688,43.120037574388263],[-77.48448273104384,43.120304574693066],[-77.485116732326972,43.120566574154203],[-77.484919731785169,43.121049575305527],[-77.481529730651388,43.121905575088441],[-77.481241730771288,43.121780575237992],[-77.480189729911757,43.120946575438239],[-77.476481728760646,43.121708575349878],[-77.476963728809508,43.121236575296173],[-77.476837729311114,43.120828575116136],[-77.476349729414494,43.120889574838756],[-77.476379729551724,43.120731575131039],[-77.475990728490984,43.119701574448783],[-77.476106729740252,43.119360574854184],[-77.476552728905759,43.118987574598087],[-77.477479729193547,43.118547574855356],[-77.477681729758217,43.118360575170442],[-77.477871728830692,43.117990575309129],[-77.477925729257379,43.117472574105186],[-77.477902729691166,43.117020574036765],[-77.477685729057853,43.116797575037651],[-77.47637172825749,43.116506574465852],[-77.476496729727586,43.116135575189013],[-77.476451728623431,43.115927573795609],[-77.477039728977488,43.115483574269255],[-77.47712472846797,43.115204573632134],[-77.476750728374171,43.115017574222883],[-77.476638729119486,43.11470157423819],[-77.477010728665178,43.113571573360574],[-77.476994727873318,43.113344574037441],[-77.476798728953071,43.113094574513539],[-77.475663728252826,43.11277657365396],[-77.475231729331014,43.112872573728765],[-77.47451272676075,43.113228574248971],[-77.473931726977696,43.113250574813662],[-77.473583727721476,43.11334457469323],[-77.473432728108733,43.113762574097365],[-77.473070727710493,43.114069574619627],[-77.473152726827934,43.114272574266522],[-77.473066727512531,43.114363574432311],[-77.473090726903649,43.114544573668098],[-77.473368727636327,43.114488573697251],[-77.473384726631537,43.114668573842728],[-77.473604727637877,43.114648573852698],[-77.473595726518724,43.114833573674879],[-77.473775727342101,43.114809574931151],[-77.473916727807392,43.114543573633924],[-77.474072728341326,43.11468457369886],[-77.474401727330985,43.114527574396647],[-77.474527728626001,43.114543573633924],[-77.47455972751473,43.114711574553226],[-77.473426728260961,43.115065574816605],[-77.472829728584387,43.115461573851569],[-77.472256727400634,43.115358574413762],[-77.471637727084428,43.1149905741593],[-77.471230727378654,43.114567574449268],[-77.471198726693288,43.114175574380354],[-77.471277727234309,43.11399557409635],[-77.471948726530727,43.113494573392742],[-77.471946726880901,43.113403573902055],[-77.471520726908551,43.113071574490327],[-77.469820725420476,43.112071574331623],[-77.470276727326691,43.110976573388186],[-77.471620726467677,43.111371573876298],[-77.471689726962964,43.111206573235314],[-77.472996727192324,43.11156957353365],[-77.473638727074743,43.110318573283514],[-77.47375672797385,43.109633573514948],[-77.473681726732451,43.109218573161961],[-77.473749727402833,43.108663573562445],[-77.47288872723729,43.108144573279588],[-77.472875726818501,43.107330572334078],[-77.473277726501422,43.107079572354216],[-77.473344726448573,43.106876572459093],[-77.473172726919429,43.106684573024303],[-77.472528726488875,43.106427573330237],[-77.472362727705828,43.105703572907643],[-77.472527725765644,43.105351572641446],[-77.47275172696996,43.10536257204501],[-77.473059727839839,43.105571572143191],[-77.473148726629972,43.105516572013947],[-77.473350727194656,43.104632572279158],[-77.473312726661504,43.104303571804842],[-77.473020726583457,43.103919571933581],[-77.472773727609564,43.103853573270861],[-77.472398726792534,43.10353557227716],[-77.471694726087506,43.103371572373121],[-77.471469725058299,43.102932572075623],[-77.471035726486662,43.102894572738492],[-77.470825725526055,43.102795572076353],[-77.47076572525161,43.102576572010513],[-77.470885725800514,43.102297572220436],[-77.465708724936675,43.102256571784487],[-77.461846723799795,43.101397571869875],[-77.461216722714624,43.102074572701177],[-77.460736723213927,43.102266572821222],[-77.460098722631159,43.102339572206695],[-77.458670722926271,43.102192572456808],[-77.45545472097146,43.102469572262507],[-77.454518721361168,43.103035572749278],[-77.454374720522821,43.103216572691821],[-77.459031722601281,43.106756573538753],[-77.459010722684894,43.108637573449556],[-77.46098372308613,43.108656573961937],[-77.461409723058466,43.108716573884521],[-77.461908723724079,43.108901573931369],[-77.46337672361193,43.109713573433297],[-77.461775724552993,43.112503574851964],[-77.461456724710786,43.122350575787578],[-77.461511724962364,43.122718576365052],[-77.461792725169758,43.123012575930645],[-77.462216725492283,43.123198576585345],[-77.463146725254788,43.123259575912002],[-77.463614724161602,43.123439575827717],[-77.46475672633116,43.123497575906292],[-77.468655727277977,43.123504576432062],[-77.476023729001255,43.123773575798062],[-77.477719729393058,43.123671575812061],[-77.481320731312337,43.123671575156386],[-77.482747731192305,43.123765574763986],[-77.48586873181425,43.123779575097714]]]},"properties":{"OBJECTID":162097,"GEOID20":"360550119015","GEOID10":"360550119015","STATEFP":"36","COUNTYFP":"055","D1C":3.3280327622571826,"D1C5_RET":0.029260815586712851,"D2B_E5MIXA":0.30570993629764037,"D3A":6.7449490163887633,"D3AAO":0,"D3B":20.190832922827347,"D4A":950.85000000000002,"D4C":1.3300000000000001,"D4D":1.20183529303,"D5AR":64762,"D5BR":1420}},{"type":"Feature","id":162098,"geometry":{"type":"Polygon","coordinates":[[[-77.615287778715512,43.191450582420416],[-77.615339778594048,43.191251581936221],[-77.613773777898587,43.191343581598943],[-77.613617778262991,43.191480581729529],[-77.607316777467872,43.19158558279748],[-77.599898773719232,43.192079582422345],[-77.600099775357322,43.195168583337725],[-77.602419776088198,43.194918583667956],[-77.604266776991025,43.194616582512381],[-77.607763778254935,43.194412582993884],[-77.607820777258041,43.195327582592256],[-77.610558777565331,43.194853582367926],[-77.614876779710087,43.193304582096935],[-77.615287778715512,43.191450582420416]]]},"properties":{"OBJECTID":162098,"GEOID20":"360550047011","GEOID10":"360550047011","STATEFP":"36","COUNTYFP":"055","D1C":3.234531358667303,"D1C5_RET":0.45485597231258951,"D2B_E5MIXA":0.89714603907726254,"D3A":22.482082565390741,"D3AAO":3.6886117592492749,"D3B":64.716503424215404,"D4A":177.03,"D4C":14.67,"D4D":94.901150063299994,"D5AR":88852,"D5BR":86606}},{"type":"Feature","id":162099,"geometry":{"type":"Polygon","coordinates":[[[-77.642785783585879,43.131032569459634],[-77.642693782626054,43.126375569616286],[-77.639215782527032,43.126426569343224],[-77.638887781565685,43.126325568377197],[-77.637408780908871,43.127991569640201],[-77.636052781174001,43.131077570653943],[-77.642785783585879,43.131032569459634]]]},"properties":{"OBJECTID":162099,"GEOID20":"360550070002","GEOID10":"360550070002","STATEFP":"36","COUNTYFP":"055","D1C":0.7102546811660414,"D1C5_RET":0.15590956415839932,"D2B_E5MIXA":0.56102554006382188,"D3A":22.476490519048397,"D3AAO":0,"D3B":129.38415030958367,"D4A":315.16000000000003,"D4C":11,"D4D":121.95592574200001,"D5AR":104672,"D5BR":95848}},{"type":"Feature","id":162100,"geometry":{"type":"Polygon","coordinates":[[[-77.659110797175586,43.236706587812975],[-77.659068797342798,43.231112587031177],[-77.646896793227938,43.231141587037428],[-77.646923792992112,43.232761588017731],[-77.655117794720823,43.232773588126157],[-77.655102795550533,43.236699588474494],[-77.659110797175586,43.236706587812975]]]},"properties":{"OBJECTID":162100,"GEOID20":"360550136015","GEOID10":"360550136015","STATEFP":"36","COUNTYFP":"055","D1C":0.25876833084212064,"D1C5_RET":0,"D2B_E5MIXA":0.20907656951774095,"D3A":24.994757407186039,"D3AAO":0,"D3B":128.94715528351762,"D4A":555.22000000000003,"D4C":5.3300000000000001,"D4D":42.939418821799997,"D5AR":70506,"D5BR":86552}},{"type":"Feature","id":162101,"geometry":{"type":"Polygon","coordinates":[[[-77.649025790569837,43.193899581075456],[-77.649031789519299,43.189191580622172],[-77.634909785467741,43.189203581446691],[-77.63490478544486,43.190065581342004],[-77.633975784608964,43.19010258078162],[-77.633983785004872,43.191536581273702],[-77.633717784866093,43.191494580965468],[-77.633983785903183,43.191697580986769],[-77.638887786955564,43.191690580410068],[-77.638887786955564,43.190061580905578],[-77.648686789737795,43.190048580795377],[-77.648737790689751,43.193889581922043],[-77.649025790569837,43.193899581075456]]]},"properties":{"OBJECTID":162101,"GEOID20":"360550020004","GEOID10":"360550020004","STATEFP":"36","COUNTYFP":"055","D1C":1.0557834236495522,"D1C5_RET":0.10557834236495521,"D2B_E5MIXA":0.82199191898186796,"D3A":20.490758471867299,"D3AAO":0,"D3B":85.611366256894883,"D4A":0,"D4C":12,"D4D":162.16833387299999,"D5AR":90448,"D5BR":86598}},{"type":"Feature","id":162102,"geometry":{"type":"Polygon","coordinates":[[[-77.636422788256368,43.226187586556485],[-77.635646788479661,43.225448586874663],[-77.6339407871438,43.22261658744484],[-77.633108787290595,43.222596587421101],[-77.630988787474564,43.225146587606787],[-77.630531787540093,43.225995587355307],[-77.630243786761682,43.226845588531418],[-77.629547787350916,43.226843588209881],[-77.629434785576379,43.226908588152924],[-77.629251787074907,43.227960588035089],[-77.629159786115082,43.230759588015388],[-77.629270786443158,43.230871588250899],[-77.629823786637118,43.230881588542395],[-77.629866787193137,43.230065588419066],[-77.631440786487886,43.230101588366075],[-77.632327788389318,43.229378587645868],[-77.633383788548514,43.230042587896328],[-77.634394788501865,43.230071587757166],[-77.634379789331561,43.230964588477043],[-77.635535789049882,43.230987587342796],[-77.63557678815944,43.228162587675556],[-77.634775787370074,43.227357587518021],[-77.636422788256368,43.226187586556485]]]},"properties":{"OBJECTID":162102,"GEOID20":"360550138003","GEOID10":"360550138003","STATEFP":"36","COUNTYFP":"055","D1C":0.061163506285094628,"D1C5_RET":0.061163506285094628,"D2B_E5MIXA":0,"D3A":21.620050587719508,"D3AAO":0,"D3B":93.986290297927809,"D4A":903.90999999999997,"D4C":3,"D4D":23.486786413499999,"D5AR":66725,"D5BR":86543}},{"type":"Feature","id":162103,"geometry":{"type":"Polygon","coordinates":[[[-77.602380773035179,43.162407577184517],[-77.602454773553347,43.162269577426393],[-77.601266773149661,43.162312576781474],[-77.600270772366599,43.162151577547434],[-77.59762877142046,43.1613785771683],[-77.596381770567234,43.160526576569531],[-77.596005771721906,43.160099576784539],[-77.595709770547586,43.159523577104068],[-77.585159767204672,43.16184357859985],[-77.588712768545065,43.163768578162966],[-77.588840768591581,43.163721578325543],[-77.591319770229433,43.165064578701006],[-77.59293376970713,43.162267577608077],[-77.599556771615852,43.164270577809532],[-77.600029772342168,43.163431577455349],[-77.601555771956342,43.163885577656991],[-77.602380773035179,43.162407577184517]]]},"properties":{"OBJECTID":162103,"GEOID20":"360550093012","GEOID10":"360550093012","STATEFP":"36","COUNTYFP":"055","D1C":3.0251465172720127,"D1C5_RET":0.28497757046765337,"D2B_E5MIXA":0.91606602341421961,"D3A":30.821535460189644,"D3AAO":5.4472276447239629,"D3B":135.65984579135872,"D4A":174.34999999999999,"D4C":24,"D4D":168.35598009200001,"D5AR":103036,"D5BR":92463}},{"type":"Feature","id":162104,"geometry":{"type":"Polygon","coordinates":[[[-77.634379789331561,43.230964588477043],[-77.634394788501865,43.230071587757166],[-77.633383788548514,43.230042587896328],[-77.632327788389318,43.229378587645868],[-77.631440786487886,43.230101588366075],[-77.629866787193137,43.230065588419066],[-77.629823786637118,43.230881588542395],[-77.629270786443158,43.230871588250899],[-77.629102786213664,43.236219589003959],[-77.633308789103765,43.236322589630255],[-77.633489787057087,43.230945588667566],[-77.634379789331561,43.230964588477043]]]},"properties":{"OBJECTID":162104,"GEOID20":"360550138001","GEOID10":"360550138001","STATEFP":"36","COUNTYFP":"055","D1C":0.64409182725356784,"D1C5_RET":0.57803112702243264,"D2B_E5MIXA":0.2412991686598927,"D3A":22.700628855777566,"D3AAO":0,"D3B":91.649973072667677,"D4A":525.72000000000003,"D4C":5,"D4D":52.848560184900002,"D5AR":68281,"D5BR":86539}},{"type":"Feature","id":162105,"geometry":{"type":"Polygon","coordinates":[[[-77.643328785530713,43.147547572562559],[-77.643342784876111,43.143877572259733],[-77.642144784426691,43.143880572234579],[-77.642144784426691,43.142229572122112],[-77.639550783161127,43.142229572777595],[-77.639512784424596,43.149206573568094],[-77.643327784807497,43.147913572652001],[-77.643328785530713,43.147547572562559]]]},"properties":{"OBJECTID":162105,"GEOID20":"360550063002","GEOID10":"360550063002","STATEFP":"36","COUNTYFP":"055","D1C":0,"D1C5_RET":0,"D2B_E5MIXA":0,"D3A":19.546709275561867,"D3AAO":0,"D3B":73.284115087339316,"D4A":370.14999999999998,"D4C":9.3300000000000001,"D4D":120.653042838,"D5AR":100944,"D5BR":130553}},{"type":"Feature","id":162106,"geometry":{"type":"Polygon","coordinates":[[[-77.461216722714624,43.102074572701177],[-77.461846723799795,43.101397571869875],[-77.452255719633399,43.099027572832249],[-77.452219719648383,43.101565572799728],[-77.447744718941408,43.101534572373915],[-77.447779718203194,43.098663572637399],[-77.441985715774649,43.098560572479606],[-77.441932716071207,43.101513573092134],[-77.443449717261174,43.102393572989918],[-77.44534071764663,43.103754573503636],[-77.447200718069965,43.104245573208459],[-77.448162718517835,43.104422573366662],[-77.44973471995938,43.104192573606262],[-77.451502720321216,43.103730573039087],[-77.453872721280788,43.102864573210645],[-77.454544720402126,43.103015572237254],[-77.45545472097146,43.102469572262507],[-77.458670722926271,43.102192572456808],[-77.460098722631159,43.102339572206695],[-77.460736723213927,43.102266572821222],[-77.461216722714624,43.102074572701177]]]},"properties":{"OBJECTID":162106,"GEOID20":"360550118005","GEOID10":"360550118005","STATEFP":"36","COUNTYFP":"055","D1C":13.855128295932397,"D1C5_RET":0.42897959809540359,"D2B_E5MIXA":0.30324574370916441,"D3A":23.02943442211394,"D3AAO":0,"D3B":163.88697723558437,"D4A":343.32999999999998,"D4C":1.3300000000000001,"D4D":6.7384820763400004,"D5AR":48973,"D5BR":5185}},{"type":"Feature","id":162107,"geometry":{"type":"Polygon","coordinates":[[[-77.864835862362327,43.21976957668479],[-77.870974862775739,43.20628557314793],[-77.829134849254189,43.205569575760748],[-77.82241684691094,43.205146574740752],[-77.796905839092233,43.204316576317325],[-77.793390838285006,43.21021557695569],[-77.793062838221942,43.210849578135438],[-77.792827837146987,43.21197257750034],[-77.792510837852888,43.21847957905554],[-77.791862839919332,43.236658582609621],[-77.790847840666316,43.258799586476826],[-77.813258848677791,43.258558585987977],[-77.845201858609471,43.258008584446166],[-77.846323858890912,43.258100583513247],[-77.863002861703166,43.223062577824543],[-77.864835862362327,43.21976957668479]]]},"properties":{"OBJECTID":162107,"GEOID20":"360550148023","GEOID10":"360550148023","STATEFP":"36","COUNTYFP":"055","D1C":0.059698755304831395,"D1C5_RET":0.021466148184077674,"D2B_E5MIXA":0.86748502973951958,"D3A":1.6011125773416264,"D3AAO":0.25135430069911552,"D3B":1.4367999008215437,"D4A":-99999,"D4C":0.67000000000000004,"D4D":0.054464267810499997,"D5AR":32642,"D5BR":-99999}},{"type":"Feature","id":162108,"geometry":{"type":"Polygon","coordinates":[[[-77.55899075961004,43.172332580659969],[-77.558650759851403,43.172257581436391],[-77.551266757336307,43.172522581600326],[-77.550699757796949,43.174120581708571],[-77.552828758732105,43.174048581209355],[-77.551754757232914,43.176583581948108],[-77.556869759070807,43.176403581249836],[-77.558743759737837,43.173038581564619],[-77.55899075961004,43.172332580659969]]]},"properties":{"OBJECTID":162108,"GEOID20":"360550111005","GEOID10":"360550111005","STATEFP":"36","COUNTYFP":"055","D1C":0.97252992160264784,"D1C5_RET":0,"D2B_E5MIXA":0.348773717004768,"D3A":20.577090231932974,"D3AAO":0,"D3B":60.374657533092375,"D4A":356.74000000000001,"D4C":8.6699999999999999,"D4D":98.115891436200002,"D5AR":96340,"D5BR":86673}},{"type":"Feature","id":162109,"geometry":{"type":"Polygon","coordinates":[[[-77.483214727579281,43.080317567060334],[-77.4831327275635,43.08023456762669],[-77.482728727332457,43.080169567651836],[-77.482548727407405,43.079883567861771],[-77.482525728739503,43.079538567097906],[-77.482906728506009,43.07891856748018],[-77.48300372859039,43.078583567499564],[-77.481275728411546,43.07845656781749],[-77.4798247264455,43.078214567322561],[-77.477270725362914,43.077606567208818],[-77.476953725170503,43.078103567106595],[-77.476422725616175,43.078459567720003],[-77.474503725641597,43.0789685680841],[-77.46068472064043,43.079043568913391],[-77.459791720687861,43.080353569380485],[-77.459598719445694,43.081222568465272],[-77.459341720426039,43.083387568869263],[-77.45910871989922,43.084069569402402],[-77.45830772000815,43.085083569698206],[-77.45569471937435,43.086893569886783],[-77.454651719633929,43.088621570965991],[-77.454452720340626,43.090119571042109],[-77.455396720346826,43.0904745702898],[-77.455325720201714,43.095912572170668],[-77.45586172067722,43.098841572170528],[-77.455958720761615,43.09993657177835],[-77.461921722346233,43.101416571350072],[-77.462135721708165,43.092606570583378],[-77.45699972085221,43.092575570869563],[-77.457047720532771,43.091084570151288],[-77.457371720397859,43.090789570283199],[-77.45739672051225,43.090174570570547],[-77.457485721099005,43.09005357062432],[-77.458503720725062,43.090030569815944],[-77.459367721263646,43.090123570806675],[-77.460357721300596,43.090128570348071],[-77.461155720818638,43.08980357044463],[-77.462157722347797,43.089792570869854],[-77.462164722918786,43.088501570379528],[-77.463291722324797,43.088495569589583],[-77.464434722522626,43.088108569552226],[-77.465715721914435,43.088134570511201],[-77.467169723355198,43.08826957024116],[-77.468578724590131,43.088167570122742],[-77.475563726897079,43.08826756931429],[-77.475799726000332,43.088417569763543],[-77.476167727144656,43.089197569458619],[-77.475969726777961,43.089349569178061],[-77.474538725801708,43.089350569623804],[-77.474535726326977,43.09182656969319],[-77.47440472680573,43.092314570054356],[-77.473673726336528,43.093214570093004],[-77.472439725902092,43.094206570351872],[-77.470894725123046,43.095734571338618],[-77.471386726115938,43.096148570935661],[-77.472035725671063,43.095989571297885],[-77.472677725553481,43.096072570376457],[-77.473139726409158,43.096339570940749],[-77.47323772542012,43.096487569985499],[-77.473196726310547,43.096616570988516],[-77.472199724804256,43.097055571313383],[-77.470273726055339,43.098890571310001],[-77.469985725276928,43.098998571041818],[-77.469706725617669,43.098734571798346],[-77.469069725758118,43.098384571414172],[-77.468402725761351,43.099132572120496],[-77.46800972450265,43.10016257202151],[-77.468456724391388,43.101319572077927],[-77.471528726406163,43.100665572183132],[-77.47152072601024,43.099382572262414],[-77.471811726263383,43.098746571371215],[-77.472978725852343,43.097587571266303],[-77.473278726326313,43.097434571999898],[-77.473562726906763,43.09756057138496],[-77.473802726207964,43.097565570975163],[-77.474872726610869,43.096775570310207],[-77.474880727905102,43.096583570681567],[-77.474580726532821,43.09618857119213],[-77.47451272676075,43.095881570194592],[-77.474931727060422,43.095381570475972],[-77.47478172637426,43.095222570158604],[-77.474324726439789,43.095085570618444],[-77.474175726476858,43.094926570188498],[-77.47430972637116,43.094876570801368],[-77.474676726792282,43.094915570221879],[-77.47501372707616,43.094766570300386],[-77.475500727147889,43.094761570481651],[-77.475642726539817,43.094541570836917],[-77.475798727073723,43.093916570322158],[-77.476607727360729,43.093356570472736],[-77.476711727117788,43.092944569830131],[-77.476666727810269,43.092670570090952],[-77.475565726546904,43.09163356922739],[-77.475572727117921,43.091205569372661],[-77.476964727736103,43.090492569452152],[-77.477473726650814,43.08998156949113],[-77.478049726410973,43.089888569596809],[-77.478386727593204,43.089586569403615],[-77.478318726922808,43.089410569442791],[-77.478116727256463,43.089339569967727],[-77.477878726706763,43.089366568881509],[-77.477555727564891,43.089592569430636],[-77.477353727000221,43.089526569757091],[-77.47735272627699,43.08874156934916],[-77.47714272801133,43.088527568547526],[-77.476715726417439,43.088379568634828],[-77.476768727019206,43.088242569531673],[-77.477636726857426,43.088006569165763],[-77.47765172602773,43.087924568809072],[-77.477119726648482,43.087501569689756],[-77.477119727546807,43.087117569411355],[-77.477351727350381,43.087018569482332],[-77.477531727275434,43.087282569374914],[-77.477808727284881,43.087331569234735],[-77.478002726555331,43.08672256922388],[-77.477852726767495,43.086508568585053],[-77.477231726801463,43.0865145689136],[-77.476871726053048,43.086245568477423],[-77.476347726171412,43.08614156924088],[-77.47598072575029,43.085779568906446],[-77.476040726024749,43.085675569534843],[-77.476564725906385,43.085773568505914],[-77.476646725922151,43.085417568401027],[-77.476855727057853,43.085296568898634],[-77.476983726206029,43.085361569338772],[-77.476788726212376,43.085565568909637],[-77.476901726190292,43.085773569161994],[-77.477050726153209,43.085883569413639],[-77.477223726405555,43.085894569034316],[-77.477365725797455,43.085756568461321],[-77.477177726374805,43.085389568548251],[-77.47752272705462,43.085103568194661],[-77.477372726368472,43.084972568804915],[-77.477364725972564,43.084697568308322],[-77.477184726047511,43.084440568830104],[-77.476787727285782,43.084176567842725],[-77.476787726387457,43.084100568172637],[-77.476974725985215,43.083984568736149],[-77.477364726870874,43.083940569525915],[-77.47758872627854,43.083798568966344],[-77.478187727401561,43.083847567676528],[-77.478277726016628,43.08379256837177],[-77.478254727348713,43.08367156828411],[-77.477827726653132,43.083561568653103],[-77.477967726395221,43.083017568206472],[-77.478291727158634,43.082705567960893],[-77.479039726447951,43.082491567723295],[-77.482085727625133,43.081936567287769],[-77.482339727170043,43.08148056823903],[-77.482167727640913,43.081124567462879],[-77.482197727778114,43.080915568557451],[-77.482810727348237,43.080662568030696],[-77.483214727579281,43.080317567060334]]]},"properties":{"OBJECTID":162109,"GEOID20":"360550119022","GEOID10":"360550119022","STATEFP":"36","COUNTYFP":"055","D1C":1.074750406868439,"D1C5_RET":0.02726978644293054,"D2B_E5MIXA":0.69557700193503369,"D3A":11.043655887095811,"D3AAO":0,"D3B":31.045462836424914,"D4A":-99999,"D4C":2.6699999999999999,"D4D":2.6443163866799999,"D5AR":47933,"D5BR":-99999}},{"type":"Feature","id":162126,"geometry":{"type":"Polygon","coordinates":[[[-77.560111757371629,43.136645574874606],[-77.560286757273801,43.136326574153927],[-77.549125753112321,43.136696574560169],[-77.549161754893959,43.141825575289865],[-77.548028753843525,43.141481575701128],[-77.546310753710429,43.144461576169277],[-77.55442275722001,43.147083576537106],[-77.560111757371629,43.136645574874606]]]},"properties":{"OBJECTID":162126,"GEOID20":"360550078021","GEOID10":"360550078021","STATEFP":"36","COUNTYFP":"055","D1C":2.0904447767296745,"D1C5_RET":0.17167903963480419,"D2B_E5MIXA":0.91874526322532646,"D3A":28.63490805848209,"D3AAO":13.158584098556132,"D3B":40.947672681649017,"D4A":433.18000000000001,"D4C":9.3300000000000001,"D4D":30.150878866700001,"D5AR":97670,"D5BR":108679}},{"type":"Feature","id":162155,"geometry":{"type":"Polygon","coordinates":[[[-77.907836868438508,43.1299695579741],[-77.908124868318595,43.129343558121562],[-77.898157864408574,43.129326558372377],[-77.862216853795871,43.128723559855338],[-77.827814842317835,43.127753561560603],[-77.807178835239213,43.127088562094762],[-77.805634836980005,43.151182566297074],[-77.805151838004548,43.163427568721339],[-77.820378842619121,43.163935568496015],[-77.846076850933869,43.165061567316748],[-77.870911859433264,43.165731566515319],[-77.890362866481269,43.166069564865531],[-77.896930867240087,43.152505563049822],[-77.901689867629202,43.141705561004201],[-77.904437867982224,43.135769558828372],[-77.90593686783221,43.133569559011022],[-77.907836868438508,43.1299695579741]]]},"properties":{"OBJECTID":162155,"GEOID20":"360550149033","GEOID10":"360550149033","STATEFP":"36","COUNTYFP":"055","D1C":0.01089204320154742,"D1C5_RET":0,"D2B_E5MIXA":0.40204901416922884,"D3A":2.6349330906936248,"D3AAO":0.45284729337765778,"D3B":2.3804389818714866,"D4A":-99999,"D4C":-99999,"D4D":-99999,"D5AR":39445,"D5BR":-99999}},{"type":"Feature","id":162156,"geometry":{"type":"Polygon","coordinates":[[[-77.884739859265395,43.106021554769384],[-77.884688858313439,43.100901553941526],[-77.882783857684274,43.100933553632608],[-77.880717856498293,43.100857553765074],[-77.875237855685754,43.100310554611141],[-77.875127855182569,43.099617554752228],[-77.880366856869031,43.099258553581201],[-77.879482856238965,43.0989105541477],[-77.877535854878687,43.098559553818212],[-77.876728856038127,43.098145553467127],[-77.876717855269177,43.097576553411287],[-77.879132856434609,43.097004553665371],[-77.880282857203454,43.096542553300097],[-77.880617856939196,43.096015553168215],[-77.880764856353977,43.095082553162904],[-77.880359856298028,43.094215552657879],[-77.869521853075028,43.097136554535105],[-77.867535853153328,43.097422553803483],[-77.865220852445319,43.097497553686409],[-77.863633850935145,43.097374554459932],[-77.84133284432518,43.094619554336454],[-77.832736840218601,43.093627554863438],[-77.830202839227496,43.09346755486132],[-77.819343836986434,43.093237555929853],[-77.819434837223014,43.094067555337773],[-77.819387837367358,43.094549556012858],[-77.818640837004637,43.100018556708626],[-77.818518837704204,43.107261557870068],[-77.818374838662493,43.109065558364819],[-77.818200839483524,43.127452561759377],[-77.862216853795871,43.128723559855338],[-77.8788128594624,43.129005559869157],[-77.878918857970987,43.128043558654703],[-77.87923985925967,43.127493559085877],[-77.883682859281265,43.123014558019051],[-77.884055860448484,43.122503558024938],[-77.884276860381419,43.121889558105593],[-77.884739859265395,43.106021554769384]]]},"properties":{"OBJECTID":162156,"GEOID20":"360550150001","GEOID10":"360550150001","STATEFP":"36","COUNTYFP":"055","D1C":0.26973877328042517,"D1C5_RET":0.0021373912304312615,"D2B_E5MIXA":0.32744464878683777,"D3A":3.8573870429937687,"D3AAO":1.2785392874366823,"D3B":5.5637214276985567,"D4A":-99999,"D4C":-99999,"D4D":-99999,"D5AR":40078,"D5BR":-99999}},{"type":"Feature","id":162157,"geometry":{"type":"Polygon","coordinates":[[[-77.948235873751528,43.045169540925173],[-77.951046875650391,43.039552540714766],[-77.942929872117929,43.039081540217097],[-77.932870869044706,43.038621540269872],[-77.912871862723918,43.037468541790197],[-77.90412385917972,43.037064540821291],[-77.899431858737756,43.037971542600935],[-77.878966851363344,43.036583542296938],[-77.878960850617247,43.036689542885334],[-77.8594548451143,43.036687544213862],[-77.859336844215207,43.037470543062511],[-77.859329845440811,43.040253543907639],[-77.859831848276102,43.069527549729465],[-77.881614854852231,43.069354548925695],[-77.906532862293986,43.068947546929913],[-77.908106864283681,43.068939547260271],[-77.909574864171518,43.069115547626602],[-77.909879864668369,43.068941546849629],[-77.917001867242661,43.068957546843656],[-77.916856865681083,43.073340547253594],[-77.917995866579275,43.073537547145236],[-77.930748871375499,43.073864547469462],[-77.934154871504475,43.074246546754154],[-77.938927872137285,43.064078544263744],[-77.94633287456881,43.049266542930297],[-77.947286874620772,43.046730541465244],[-77.948235873751528,43.045169540925173]]]},"properties":{"OBJECTID":162157,"GEOID20":"360550150002","GEOID10":"360550150002","STATEFP":"36","COUNTYFP":"055","D1C":0.0055254080548036936,"D1C5_RET":0,"D2B_E5MIXA":0.37640314962886701,"D3A":1.8427674309259152,"D3AAO":0.57202592346294789,"D3B":0.79773891351236381,"D4A":-99999,"D4C":-99999,"D4D":-99999,"D5AR":30305,"D5BR":-99999}},{"type":"Feature","id":162158,"geometry":{"type":"Polygon","coordinates":[[[-77.934154871504475,43.074246546754154],[-77.930748871375499,43.073864547469462],[-77.917995866579275,43.073537547145236],[-77.916856865681083,43.073340547253594],[-77.917001867242661,43.068957546843656],[-77.909879864668369,43.068941546849629],[-77.909574864171518,43.069115547626602],[-77.908106864283681,43.068939547260271],[-77.906532862293986,43.068947546929913],[-77.884021855621711,43.069294549151216],[-77.884468857307098,43.078649550093182],[-77.884642858282689,43.090466551781645],[-77.884056858476768,43.090618551632033],[-77.884123857525594,43.091526552323941],[-77.882566857050989,43.092434552674433],[-77.879991855153662,43.092636553489484],[-77.87960785681075,43.092757552268722],[-77.879725856811518,43.093015552662457],[-77.879642856072536,43.093362552418775],[-77.880246855421802,43.093975553490296],[-77.880764856353977,43.095082553162904],[-77.880617856939196,43.096015553168215],[-77.880282857203454,43.096542553300097],[-77.879631857100193,43.096845554282289],[-77.876717855269177,43.097576553411287],[-77.876728856038127,43.098145553467127],[-77.877535854878687,43.098559553818212],[-77.879482856238965,43.0989105541477],[-77.880366856869031,43.099258553581201],[-77.875127855182569,43.099617554752228],[-77.875237855685754,43.100310554611141],[-77.880717856498293,43.100857553765074],[-77.882783857684274,43.100933553632608],[-77.884688858313439,43.100901553941526],[-77.884739859265395,43.106021554769384],[-77.884276860381419,43.121889558105593],[-77.884055860448484,43.122503558024938],[-77.883682859281265,43.123014558019051],[-77.87923985925967,43.127493559085877],[-77.878918857970987,43.128043558654703],[-77.8788128594624,43.129005559869157],[-77.898157864408574,43.129326558372377],[-77.908124868318595,43.129343558121562],[-77.91253686927638,43.119769555921287],[-77.915095868585212,43.114540555170059],[-77.920896870686448,43.102071552310562],[-77.926552871226107,43.090442550700473],[-77.930071871332984,43.083041548577576],[-77.931378871562345,43.079974548285691],[-77.934154871504475,43.074246546754154]]]},"properties":{"OBJECTID":162158,"GEOID20":"360550150003","GEOID10":"360550150003","STATEFP":"36","COUNTYFP":"055","D1C":0.12605227466117749,"D1C5_RET":0.059880655430540879,"D2B_E5MIXA":0.65703334858640883,"D3A":3.8230094693137784,"D3AAO":1.8092461352047875,"D3B":3.7259608370433313,"D4A":-99999,"D4C":-99999,"D4D":-99999,"D5AR":31015,"D5BR":-99999}},{"type":"Feature","id":162159,"geometry":{"type":"Polygon","coordinates":[[[-77.884642858282689,43.090466551781645],[-77.884468857307098,43.078649550093182],[-77.884021855621711,43.069294549151216],[-77.863456848688202,43.069524548733419],[-77.84049884212719,43.069566550196008],[-77.839740840995503,43.069654550198372],[-77.838729841940463,43.070050550286162],[-77.834968839289303,43.071943551265896],[-77.819359835083318,43.080842552161535],[-77.819075836299504,43.083691552807473],[-77.819048836535316,43.087853555146616],[-77.819343836986434,43.093237555929853],[-77.830202839227496,43.09346755486132],[-77.832736840218601,43.093627554863438],[-77.84133284432518,43.094619554336454],[-77.863633850935145,43.097374554459932],[-77.865220852445319,43.097497553686409],[-77.866656851647818,43.097477553988973],[-77.867535853153328,43.097422553803483],[-77.869521853075028,43.097136554535105],[-77.880359856298028,43.094215552657879],[-77.880246855421802,43.093975553490296],[-77.879642856072536,43.093362552418775],[-77.879725856811518,43.093015552662457],[-77.87960785681075,43.092757552268722],[-77.879991855153662,43.092636553489484],[-77.882566857050989,43.092434552674433],[-77.884123857525594,43.091526552323941],[-77.884056858476768,43.090618551632033],[-77.884642858282689,43.090466551781645]]]},"properties":{"OBJECTID":162159,"GEOID20":"360550150004","GEOID10":"360550150004","STATEFP":"36","COUNTYFP":"055","D1C":0.0017552207263343831,"D1C5_RET":0,"D2B_E5MIXA":0.39548848910372325,"D3A":2.1167260643320844,"D3AAO":1.1237084356191704,"D3B":0.37463431152194659,"D4A":-99999,"D4C":-99999,"D4D":-99999,"D5AR":30119,"D5BR":-99999}},{"type":"Feature","id":162160,"geometry":{"type":"Polygon","coordinates":[[[-77.859831848276102,43.069527549729465],[-77.859329845440811,43.040253543907639],[-77.859336844215207,43.037470543062511],[-77.8594548451143,43.036687544213862],[-77.845539840751968,43.036858544634022],[-77.827491835091124,43.037373544310874],[-77.820081831738406,43.037709545593593],[-77.820210835203099,43.064803550022866],[-77.820097835225198,43.070023551390527],[-77.819359835083318,43.080842552161535],[-77.834968839289303,43.071943551265896],[-77.83716184159519,43.070803551006335],[-77.839455841488459,43.069731550178815],[-77.84049884212719,43.069566550196008],[-77.859831848276102,43.069527549729465]]]},"properties":{"OBJECTID":162160,"GEOID20":"360550150005","GEOID10":"360550150005","STATEFP":"36","COUNTYFP":"055","D1C":0.0016777323798681792,"D1C5_RET":0.00067109295194727164,"D2B_E5MIXA":0.82772937677064284,"D3A":2.5905321700209663,"D3AAO":0.36464795700265418,"D3B":2.5464401088881505,"D4A":-99999,"D4C":-99999,"D4D":-99999,"D5AR":31287,"D5BR":-99999}},{"type":"Feature","id":162161,"geometry":{"type":"Polygon","coordinates":[[[-77.921200886629748,43.307230589119563],[-77.921102885822137,43.30477658967321],[-77.919538885674811,43.30436858980822],[-77.912338883282715,43.303168589408969],[-77.895237878899437,43.302568590132864],[-77.89058387719399,43.302871589536615],[-77.859295866665192,43.301363590897566],[-77.846536862021196,43.300869591550921],[-77.827713855510225,43.298146591893499],[-77.81657085358701,43.323852596255861],[-77.809080853461623,43.341697600147619],[-77.807562853345061,43.344527600590133],[-77.828076859326629,43.345020600272484],[-77.845381865721052,43.349292600012475],[-77.874799876679091,43.351272598864909],[-77.890508880444187,43.354943599385322],[-77.890707881534126,43.353367598805043],[-77.891481880762711,43.352276598751459],[-77.891716880041045,43.351624598633926],[-77.892396880456602,43.350673598439769],[-77.892660881843867,43.350321598380958],[-77.893205881641919,43.349895598133003],[-77.898384882155582,43.351899597849503],[-77.898522883146171,43.351725597849295],[-77.898666883086207,43.351383598760115],[-77.898643883519995,43.35111259817625],[-77.898338883921454,43.350686597601175],[-77.897653883483031,43.350011598420132],[-77.897439883222788,43.349464598283348],[-77.897828883385202,43.345930596730113],[-77.899843882720916,43.342255596969103],[-77.901610883257831,43.339300595691057],[-77.904254883853795,43.331761594508222],[-77.921200886629748,43.307230589119563]]]},"properties":{"OBJECTID":162161,"GEOID20":"360550151011","GEOID10":"360550151011","STATEFP":"36","COUNTYFP":"055","D1C":0.011383102907314291,"D1C5_RET":0,"D2B_E5MIXA":0.58682632879544228,"D3A":2.9424352435444492,"D3AAO":1.3053399289332432,"D3B":1.111563089924883,"D4A":-99999,"D4C":-99999,"D4D":-99999,"D5AR":18986,"D5BR":-99999}},{"type":"Feature","id":162162,"geometry":{"type":"Polygon","coordinates":[[[-77.995630915378143,43.364577595941419],[-77.995305914789824,43.355533594841674],[-77.995163913601274,43.343383592731151],[-77.995236912497873,43.323521589131737],[-77.965517902139297,43.315876588763807],[-77.956229898819899,43.314020589272744],[-77.955433898053386,43.313676588822773],[-77.954163898532258,43.312960589074976],[-77.952172897689351,43.313374589725925],[-77.952006897109683,43.313356590182558],[-77.951308896252471,43.313176589226522],[-77.949224895523145,43.312277588933561],[-77.943171894425149,43.310565589222307],[-77.921102885822137,43.30477658967321],[-77.921200886629748,43.307230589119563],[-77.904254883853795,43.331761594508222],[-77.901610883257831,43.339300595691057],[-77.899843882720916,43.342255596969103],[-77.897828883385202,43.345930596730113],[-77.897439883222788,43.349464598283348],[-77.897653883483031,43.350011598420132],[-77.898338883921454,43.350686597601175],[-77.898643883519995,43.35111259817625],[-77.898666883086207,43.351383598760115],[-77.898522883146171,43.351725597849295],[-77.898384882155582,43.351899597849503],[-77.893205881641919,43.349895598133003],[-77.892660881843867,43.350321598380958],[-77.892396880456602,43.350673598439769],[-77.891716880041045,43.351624598633926],[-77.891481880762711,43.352276598751459],[-77.890707881534126,43.353367598805043],[-77.890508880444187,43.354943599385322],[-77.904095885641766,43.358107599465313],[-77.9223468916922,43.358874599539547],[-77.922346890793889,43.358950599048718],[-77.965079905166306,43.368999598123779],[-77.970672907753411,43.368538597845841],[-77.975948910148077,43.370686598710115],[-77.995505915704669,43.366273596510929],[-77.995630915378143,43.364577595941419]]]},"properties":{"OBJECTID":162162,"GEOID20":"360550151021","GEOID10":"360550151021","STATEFP":"36","COUNTYFP":"055","D1C":0.016028478823244891,"D1C5_RET":0.002144655617194739,"D2B_E5MIXA":0.7744773220077581,"D3A":3.731353836345253,"D3AAO":0.99232956401747141,"D3B":6.1281822103332511,"D4A":-99999,"D4C":-99999,"D4D":-99999,"D5AR":8625,"D5BR":-99999}},{"type":"Feature","id":162169,"geometry":{"type":"Polygon","coordinates":[[[-77.634915779925635,43.131096570754885],[-77.634226780187547,43.130871570422585],[-77.633558780365846,43.131737571254227],[-77.631142780273848,43.132449570324454],[-77.623426777497684,43.132971570179059],[-77.622229777771494,43.13317157085924],[-77.621630777546784,43.133432571867736],[-77.618526775744968,43.13797157188511],[-77.617926775695352,43.138971572854594],[-77.618651776316753,43.13928357285652],[-77.619469775926262,43.139902571952462],[-77.621109777139893,43.140863572530655],[-77.623001777350268,43.139139572246719],[-77.624283778363576,43.139864571972524],[-77.626038778306608,43.139883571965441],[-77.626030777910685,43.138452571360453],[-77.626694778432736,43.137987571546937],[-77.625695779073254,43.13720157141298],[-77.625046778619819,43.137625571619417],[-77.623872778459855,43.136745572238596],[-77.624520777291721,43.136278571230051],[-77.624777778108012,43.136472572218238],[-77.627915779346679,43.134378570975116],[-77.628849778408849,43.135109571585545],[-77.632414780343126,43.132692571274454],[-77.63377778154728,43.132089570541496],[-77.634915779925635,43.131096570754885]]]},"properties":{"OBJECTID":162169,"GEOID20":"360550069002","GEOID10":"360550069002","STATEFP":"36","COUNTYFP":"055","D1C":1.0344583509065404,"D1C5_RET":0,"D2B_E5MIXA":0.19047166676771529,"D3A":22.018643900148898,"D3AAO":0,"D3B":89.433131484247525,"D4A":187.75999999999999,"D4C":15.33,"D4D":91.364114731000001,"D5AR":104132,"D5BR":68040}},{"type":"Feature","id":162170,"geometry":{"type":"Polygon","coordinates":[[[-77.645435784029615,43.123250568362131],[-77.643185782720636,43.12209656817177],[-77.642717782017172,43.122089568140531],[-77.642541782290081,43.121669568080591],[-77.641182782182184,43.122096568827409],[-77.634858780024217,43.122440568625073],[-77.633717780374525,43.123213569073336],[-77.632921780506308,43.124278569212372],[-77.632828778823253,43.125596569351046],[-77.633499780814631,43.126769569217359],[-77.633851780268827,43.127598569207862],[-77.634598780631535,43.128838569805602],[-77.634226780187547,43.130871570422585],[-77.634915779925635,43.131096570754885],[-77.635356781763235,43.131035570720343],[-77.636052781174001,43.131077570653943],[-77.637408780908871,43.127991569640201],[-77.638887781565685,43.126325568377197],[-77.639215782527032,43.126426569343224],[-77.642693782626054,43.126375569616286],[-77.64266378338715,43.124662567897097],[-77.642083783429015,43.124666568683466],[-77.645435784029615,43.123250568362131]]]},"properties":{"OBJECTID":162170,"GEOID20":"360550070003","GEOID10":"360550070003","STATEFP":"36","COUNTYFP":"055","D1C":0.93751546249460715,"D1C5_RET":0.017361397453603836,"D2B_E5MIXA":0.42062202040885943,"D3A":26.168495905279492,"D3AAO":0,"D3B":133.44086847195541,"D4A":115.34,"D4C":13,"D4D":72.253375406499998,"D5AR":110486,"D5BR":89651}},{"type":"Feature","id":162171,"geometry":{"type":"Polygon","coordinates":[[[-77.647928785012851,43.135009570235177],[-77.647905784548314,43.132814569288477],[-77.64768978463826,43.132423569172815],[-77.647689783739949,43.130983569170517],[-77.643017783389453,43.131030569274664],[-77.643022784310659,43.133466570389984],[-77.644265784067613,43.133466570389984],[-77.644265784067613,43.135011570290018],[-77.647928785012851,43.135009570235177]]]},"properties":{"OBJECTID":162171,"GEOID20":"360550071001","GEOID10":"360550071001","STATEFP":"36","COUNTYFP":"055","D1C":0,"D1C5_RET":0,"D2B_E5MIXA":0,"D3A":29.51848964283187,"D3AAO":0,"D3B":237.33218437374717,"D4A":337.95999999999998,"D4C":5.3300000000000001,"D4D":88.231885520800006,"D5AR":101980,"D5BR":88851}},{"type":"Feature","id":162172,"geometry":{"type":"Polygon","coordinates":[[[-77.649729785884958,43.126304568421546],[-77.649032783954326,43.125852568034603],[-77.644601783628261,43.123594568883398],[-77.642083783429015,43.124666568683466],[-77.64266378338715,43.124662567897097],[-77.642785783585879,43.131032569459634],[-77.646424783343363,43.130996570053789],[-77.646356785367928,43.126341568463467],[-77.649729785884958,43.126304568421546]]]},"properties":{"OBJECTID":162172,"GEOID20":"360550071002","GEOID10":"360550071002","STATEFP":"36","COUNTYFP":"055","D1C":0.43324697890653691,"D1C5_RET":0,"D2B_E5MIXA":0.25481959578555757,"D3A":20.631623362719445,"D3AAO":0,"D3B":128.75605073697812,"D4A":136.78999999999999,"D4C":11.67,"D4D":115.565537002,"D5AR":106007,"D5BR":102091}},{"type":"Feature","id":162173,"geometry":{"type":"Polygon","coordinates":[[[-77.650920785763361,43.130950569689503],[-77.650872785184475,43.12690556882994],[-77.649729785884958,43.126304568421546],[-77.646356785367928,43.126341568463467],[-77.646424783343363,43.130996570053789],[-77.650920785763361,43.130950569689503]]]},"properties":{"OBJECTID":162173,"GEOID20":"360550071004","GEOID10":"360550071004","STATEFP":"36","COUNTYFP":"055","D1C":0.10856120384300583,"D1C5_RET":0,"D2B_E5MIXA":0.31091750708257115,"D3A":25.557135662979071,"D3AAO":0,"D3B":92.65742172482085,"D4A":295.05000000000001,"D4C":7,"D4D":97.270838643299996,"D5AR":106886,"D5BR":78649}},{"type":"Feature","id":162174,"geometry":{"type":"Polygon","coordinates":[[[-77.655801788147841,43.14996957281511],[-77.655824788612364,43.146863572258162],[-77.651033787537898,43.146875571570597],[-77.651056788002421,43.149972573801726],[-77.637528783254396,43.149999573499628],[-77.637521783581704,43.151743573915901],[-77.63889478393331,43.151739573590099],[-77.638876783491639,43.154035573371296],[-77.649642786744622,43.152095574036728],[-77.649597787437116,43.152030573016454],[-77.652553788202596,43.15148757350785],[-77.652285788414005,43.149974572711727],[-77.655801788147841,43.14996957281511]]]},"properties":{"OBJECTID":162174,"GEOID20":"360550075001","GEOID10":"360550075001","STATEFP":"36","COUNTYFP":"055","D1C":2.6370564479347203,"D1C5_RET":0.1243894550912604,"D2B_E5MIXA":0.7865244045619374,"D3A":16.306269768344613,"D3AAO":0,"D3B":115.7323039796789,"D4A":185.06999999999999,"D4C":10.33,"D4D":53.512139121399997,"D5AR":114182,"D5BR":128982}},{"type":"Feature","id":162175,"geometry":{"type":"Polygon","coordinates":[[[-77.433081713493138,43.097048572353415],[-77.432988712708394,43.096815572780898],[-77.432045713425438,43.096289572707249],[-77.430016712049394,43.094933572670861],[-77.428429710539206,43.094023573209682],[-77.42712271030986,43.093518571520192],[-77.424196709681567,43.091747571734416],[-77.421920709331644,43.090820572213012],[-77.419859709066856,43.090474572257882],[-77.410721705535295,43.090212571897695],[-77.408724705742927,43.089872571787531],[-77.401648702301088,43.0871405732818],[-77.400804702752296,43.088343572343177],[-77.400736702081915,43.088729572407999],[-77.400828703041739,43.08905957239061],[-77.402348703706437,43.090509572774486],[-77.402294703279779,43.091772572710418],[-77.402416702580197,43.092386573692941],[-77.403286703864865,43.093506573546755],[-77.403367704055711,43.093949573378396],[-77.407264705352688,43.093901573280412],[-77.407279705421317,43.100567574082262],[-77.416801709092425,43.100385573257668],[-77.417273708197214,43.100489574544717],[-77.417813708870696,43.100732574542491],[-77.422417710347418,43.103288574005916],[-77.423391710490861,43.103340574173551],[-77.432121713593418,43.103341573734845],[-77.432182713692768,43.100882573978737],[-77.432371712940338,43.099304573183048],[-77.432602712919035,43.097860572968983],[-77.432690713680884,43.097599573031808],[-77.433041713310161,43.097249572719392],[-77.433081713493138,43.097048572353415]]]},"properties":{"OBJECTID":162175,"GEOID20":"360550117032","GEOID10":"360550117032","STATEFP":"36","COUNTYFP":"055","D1C":0.61157832014786251,"D1C5_RET":0.033295094793150105,"D2B_E5MIXA":0.4158664491914949,"D3A":12.492036684741652,"D3AAO":0,"D3B":37.605772335736042,"D4A":-99999,"D4C":-99999,"D4D":-99999,"D5AR":39193,"D5BR":-99999}},{"type":"Feature","id":162176,"geometry":{"type":"Polygon","coordinates":[[[-77.422975711462556,43.118263577829886],[-77.423019710945169,43.115529577084381],[-77.402545705146565,43.115695576577629],[-77.402494704194623,43.108546575918588],[-77.407425705909489,43.108505576388666],[-77.407264705352688,43.093901573280412],[-77.403367704055711,43.093949573378396],[-77.403286703864865,43.093506573546755],[-77.402416702580197,43.092386573692941],[-77.402294703279779,43.091772572710418],[-77.402348703706437,43.090509572774486],[-77.40090170193838,43.089152572231576],[-77.400748702675813,43.088847572951899],[-77.400804702752296,43.088343572343177],[-77.401648702301088,43.0871405732818],[-77.395222700035873,43.084476572663981],[-77.382664696131627,43.079532571991301],[-77.382496695003823,43.079670572149759],[-77.380705695075775,43.078860571741487],[-77.376841693390759,43.077494571157501],[-77.375532693511573,43.076864570607896],[-77.371985692018981,43.075607571773119],[-77.372216692895961,43.086922573473849],[-77.372928694895208,43.107375577191391],[-77.373246695810849,43.122812579403892],[-77.376235697984939,43.122969579742055],[-77.38329869921138,43.122821579805887],[-77.400633704844708,43.122882579508392],[-77.404692706523392,43.12262757878905],[-77.412695707558072,43.122886579099799],[-77.422855711811962,43.122516578413865],[-77.422975711462556,43.118263577829886]]]},"properties":{"OBJECTID":162176,"GEOID20":"360550117033","GEOID10":"360550117033","STATEFP":"36","COUNTYFP":"055","D1C":0.26562167928060193,"D1C5_RET":0,"D2B_E5MIXA":0.58250146504760203,"D3A":4.6705947157703553,"D3AAO":0.18836438173789363,"D3B":9.2497849930381371,"D4A":-99999,"D4C":-99999,"D4D":-99999,"D5AR":33925,"D5BR":-99999}},{"type":"Feature","id":162177,"geometry":{"type":"Polygon","coordinates":[[[-77.485076729449048,43.078794567066261],[-77.485209728620134,43.078804566685641],[-77.484798727818074,43.07819756714882],[-77.484962728747931,43.07822156712254],[-77.484507727564932,43.077585566939568],[-77.483784728389992,43.076678567594875],[-77.482968727531983,43.0758585662497],[-77.476409725197371,43.071119566271733],[-77.475562725275552,43.070442565796817],[-77.474620724919163,43.069401566175031],[-77.473711723276423,43.068218566018196],[-77.473169723851427,43.067310565703337],[-77.472678723581751,43.066126565054304],[-77.471451722820007,43.062232565309415],[-77.467266722541254,43.06449556610481],[-77.466844721868569,43.064825566019223],[-77.466308721393034,43.065556565324783],[-77.465490720885199,43.065355565962648],[-77.464169721310441,43.065294566029124],[-77.463014719620418,43.064907566446287],[-77.462663720889452,43.064855565147695],[-77.461833719787748,43.064860566094858],[-77.461036720094626,43.064968565452304],[-77.460608719574154,43.065115565292864],[-77.460225719259498,43.06537356594216],[-77.459885719500861,43.065830565584548],[-77.459800719112067,43.066202565361564],[-77.459887719150686,43.066560566526022],[-77.460130719723253,43.066865565850385],[-77.460478719877813,43.066997565388704],[-77.461361720682959,43.066970565804553],[-77.463236721174894,43.067587565776726],[-77.463032720960399,43.067772566052582],[-77.460475720403068,43.071870567488872],[-77.459865719409393,43.072194566655327],[-77.459088718909442,43.072187566823061],[-77.458709719691072,43.073464567235071],[-77.460934720885689,43.073955567671625],[-77.457319719621012,43.078590568569695],[-77.457153720837979,43.079070568428364],[-77.474503725641597,43.0789685680841],[-77.476422725616175,43.078459567720003],[-77.476953725170503,43.078103567106595],[-77.477270725362914,43.077606567208818],[-77.478698725966098,43.077980566987094],[-77.481275728411546,43.07845656781749],[-77.485076729449048,43.078794567066261]]]},"properties":{"OBJECTID":162177,"GEOID20":"360550117051","GEOID10":"360550117051","STATEFP":"36","COUNTYFP":"055","D1C":0.30393420882520256,"D1C5_RET":0,"D2B_E5MIXA":0.47975248351177796,"D3A":13.770749595617971,"D3AAO":3.0599548983543778,"D3B":26.498669467494537,"D4A":350.02999999999997,"D4C":1.3300000000000001,"D4D":1.5773017540200001,"D5AR":55636,"D5BR":131}},{"type":"Feature","id":162178,"geometry":{"type":"Polygon","coordinates":[[[-77.486558728682297,43.073732566000388],[-77.486305728962307,43.071406565707804],[-77.486488728362076,43.069135565116241],[-77.486487727638874,43.067251564734725],[-77.486339728399173,43.064995565261938],[-77.486146728055317,43.06462156433674],[-77.483877726479776,43.063479564637554],[-77.481488726151923,43.06267356442229],[-77.477606725821872,43.062750564640069],[-77.47377972304848,43.063353564714738],[-77.473316723266208,43.063458564777747],[-77.472083723555002,43.064294565232721],[-77.472678723581751,43.066126565054304],[-77.473169723851427,43.067310565703337],[-77.474025723994089,43.068656565000865],[-77.474953725005093,43.069780566044749],[-77.475562725275552,43.070442565796817],[-77.476409725197371,43.071119566271733],[-77.482968727531983,43.0758585662497],[-77.483784728389992,43.076678567594875],[-77.484507727564932,43.077585566939568],[-77.484962728747931,43.07822156712254],[-77.484798727818074,43.07819756714882],[-77.485209728620134,43.078804566685641],[-77.486068728237541,43.078879567059587],[-77.486147728778548,43.077293566980146],[-77.486558728682297,43.073732566000388]]]},"properties":{"OBJECTID":162178,"GEOID20":"360550117052","GEOID10":"360550117052","STATEFP":"36","COUNTYFP":"055","D1C":0.35851736281649688,"D1C5_RET":0.013402518236130725,"D2B_E5MIXA":0.73356739958299488,"D3A":11.812938255355798,"D3AAO":1.018402338609989,"D3B":28.549702176035403,"D4A":-99999,"D4C":-99999,"D4D":-99999,"D5AR":57287,"D5BR":-99999}},{"type":"Feature","id":162179,"geometry":{"type":"Polygon","coordinates":[[[-77.494143736428768,43.141429578445411],[-77.494219736596733,43.14056657734713],[-77.493249735752954,43.139976577193117],[-77.492942734707967,43.139684577128349],[-77.492636735284535,43.139205578085367],[-77.491436735185289,43.1352935767109],[-77.491449735604093,43.134716576900843],[-77.491625735331183,43.134134577010293],[-77.492271735411549,43.133166576799375],[-77.486662732930952,43.129902577129258],[-77.485199733065954,43.128828576388656],[-77.48466773368672,43.128701575999187],[-77.483885732265577,43.12873257708906],[-77.483671732005334,43.128516576802937],[-77.479445729922062,43.129086577529414],[-77.475889730005264,43.130085576506723],[-77.471748728310814,43.131367576900466],[-77.469752726546744,43.131390577257918],[-77.463958725914836,43.131251578500361],[-77.463614725958237,43.142240579317352],[-77.475578730558965,43.142434579087166],[-77.475332730511667,43.153520582007907],[-77.484904735309811,43.153549580897582],[-77.485047733628321,43.145809579330958],[-77.48491673410706,43.145292579233818],[-77.490188735405468,43.145554578502185],[-77.491246736112799,43.145879579333851],[-77.491581734950259,43.145433578561807],[-77.491978736406921,43.145121578482822],[-77.492300735723873,43.144272579262079],[-77.494023736778175,43.141975578887056],[-77.494143736428768,43.141429578445411]]]},"properties":{"OBJECTID":162179,"GEOID20":"360550116051","GEOID10":"360550116051","STATEFP":"36","COUNTYFP":"055","D1C":0.99844751520417629,"D1C5_RET":0.0059079734627466053,"D2B_E5MIXA":0.62843738175838915,"D3A":9.3032971671954261,"D3AAO":0,"D3B":40.704418022275455,"D4A":913.29999999999995,"D4C":1.6699999999999999,"D4D":1.01420950849,"D5AR":67573,"D5BR":16662}},{"type":"Feature","id":162180,"geometry":{"type":"Polygon","coordinates":[[[-77.486305727165657,43.057456562953064],[-77.486290726198746,43.056264562984559],[-77.485943725869106,43.053406561867199],[-77.485723727557712,43.050175561466077],[-77.485736727078191,43.048936561680812],[-77.484419725006447,43.048135561668353],[-77.482114726140821,43.047213561840636],[-77.480633725834196,43.047174561596506],[-77.479470724646546,43.046973561712655],[-77.477875723638761,43.047056561548565],[-77.477407722935311,43.047305561695424],[-77.476960723046574,43.04772056210102],[-77.476608723592378,43.047925562056335],[-77.474953723208458,43.048373561584981],[-77.473027722662906,43.04830756280947],[-77.472021722732407,43.047879562282894],[-77.471498721777351,43.047772562176981],[-77.468901721037057,43.048220561510163],[-77.470273722462068,43.051644563501888],[-77.469105721251566,43.052360563744948],[-77.47018872207326,43.053575563516944],[-77.469477721695554,43.053081563444813],[-77.470380721693871,43.054399563130232],[-77.470650722030612,43.054339562502918],[-77.471267721798682,43.056038562900582],[-77.471370723527457,43.056975564148061],[-77.471316722202488,43.059402563983994],[-77.471451722820007,43.062232565309415],[-77.472083723555002,43.064294565232721],[-77.473316723266208,43.063458564777747],[-77.47377972304848,43.063353564714738],[-77.477606725821872,43.062750564640069],[-77.481488726151923,43.06267356442229],[-77.483877726479776,43.063479564637554],[-77.486146728055317,43.06462156433674],[-77.485949727513514,43.060197564245506],[-77.486011728336123,43.059677563799895],[-77.48625672676188,43.059070563190502],[-77.486305727165657,43.057456562953064]]]},"properties":{"OBJECTID":162180,"GEOID20":"360550117053","GEOID10":"360550117053","STATEFP":"36","COUNTYFP":"055","D1C":1.9616951827167632,"D1C5_RET":0.12389653785579557,"D2B_E5MIXA":0.76786752470076958,"D3A":8.7823335223366819,"D3AAO":0.93127803910526608,"D3B":23.44525322449152,"D4A":-99999,"D4C":0.67000000000000004,"D4D":0.84114161501499995,"D5AR":42331,"D5BR":-99999}},{"type":"Feature","id":162181,"geometry":{"type":"Polygon","coordinates":[[[-77.449474715176819,43.05675756466303],[-77.448926715005726,43.056025564473615],[-77.448714714395308,43.055040564768099],[-77.447495714927797,43.054967564147532],[-77.444236714213602,43.054566564610944],[-77.441344712123879,43.054359564468918],[-77.440729712005663,43.054115565243556],[-77.439888711931602,43.053605564868107],[-77.438927712206947,43.053335563994864],[-77.438321710512923,43.0533045654158],[-77.437935711621847,43.053392564475097],[-77.436060710231615,43.054288564417838],[-77.435697710008455,43.054388565076316],[-77.432034709961513,43.05441756501363],[-77.432155710335337,43.062486566678515],[-77.432124710373202,43.068548567547182],[-77.432988710911786,43.068557567396937],[-77.437001711661395,43.06896456738852],[-77.439440713116269,43.06903956733715],[-77.444258715751531,43.069505566921499],[-77.445694714954016,43.069732566694775],[-77.447628714997208,43.070328567608065],[-77.448076715609176,43.06961356728273],[-77.448177715891504,43.068965566854686],[-77.44904771537955,43.066926566845709],[-77.449024715813337,43.066476566015254],[-77.448005715464063,43.062477565281078],[-77.448311715785806,43.061528565771361],[-77.448240715640694,43.058903564786732],[-77.448905715089339,43.057212564891834],[-77.449474715176819,43.05675756466303]]]},"properties":{"OBJECTID":162181,"GEOID20":"360550117061","GEOID10":"360550117061","STATEFP":"36","COUNTYFP":"055","D1C":1.416398448686444,"D1C5_RET":0.076769563614441413,"D2B_E5MIXA":0.71444881231866098,"D3A":12.672712212110415,"D3AAO":0,"D3B":42.90216960561898,"D4A":362.10000000000002,"D4C":1.6699999999999999,"D4D":1.9531820304600001,"D5AR":40891,"D5BR":4915}},{"type":"Feature","id":162187,"geometry":{"type":"Polygon","coordinates":[[[-77.995667909798172,43.28745658337008],[-77.995700909410132,43.284971582025783],[-77.977840903171938,43.285168582987296],[-77.965839898761303,43.284768583859631],[-77.921073885509827,43.284519585225866],[-77.920773885035842,43.295346587055938],[-77.921102885822137,43.30477658967321],[-77.943171894425149,43.310565589222307],[-77.949224895523145,43.312277588933561],[-77.951308896252471,43.313176589226522],[-77.952006897109683,43.313356590182558],[-77.952172897689351,43.313374589725925],[-77.954163898532258,43.312960589074976],[-77.955433898053386,43.313676588822773],[-77.956229898819899,43.314020589272744],[-77.965517902139297,43.315876588763807],[-77.995236912497873,43.323521589131737],[-77.995239911972632,43.315679587928614],[-77.995667909798172,43.28745658337008]]]},"properties":{"OBJECTID":162187,"GEOID20":"360550151022","GEOID10":"360550151022","STATEFP":"36","COUNTYFP":"055","D1C":0.018018235166527827,"D1C5_RET":0,"D2B_E5MIXA":0.74317474537576245,"D3A":2.0587540914609961,"D3AAO":0.68180062407585496,"D3B":3.2774842184441639,"D4A":-99999,"D4C":0.67000000000000004,"D4D":0.087797945958100004,"D5AR":8636,"D5BR":-99999}},{"type":"Feature","id":162188,"geometry":{"type":"Polygon","coordinates":[[[-77.935923884267623,43.221757574199096],[-77.937108885196579,43.22011457302365],[-77.872378864886116,43.219704576330606],[-77.864835862362327,43.21976957668479],[-77.863002861703166,43.223062577824543],[-77.867218862842378,43.223249576655235],[-77.870697863664603,43.223594576213195],[-77.882396867951456,43.225387576294985],[-77.885901868712949,43.225433575608378],[-77.888681870649677,43.225327576313092],[-77.891394870842618,43.225500576766045],[-77.893781871520616,43.22599957561723],[-77.901622874868551,43.228241575707187],[-77.903469874873096,43.228702576636003],[-77.904390874414759,43.228856576213367],[-77.910641876777802,43.229466575816545],[-77.916790878135259,43.230560575027475],[-77.923053881092159,43.231775576165241],[-77.927706882972686,43.233136575398518],[-77.935923884267623,43.221757574199096]]]},"properties":{"OBJECTID":162188,"GEOID20":"360550152002","GEOID10":"360550152002","STATEFP":"36","COUNTYFP":"055","D1C":0.16551577758097222,"D1C5_RET":0.026885811586756909,"D2B_E5MIXA":0.89139991808585173,"D3A":5.4760713098874234,"D3AAO":0.3151139383056803,"D3B":12.006235599560162,"D4A":-99999,"D4C":2,"D4D":1.07481631078,"D5AR":25760,"D5BR":-99999}},{"type":"Feature","id":162189,"geometry":{"type":"Polygon","coordinates":[[[-77.996941904127368,43.221668570727218],[-77.99690190304608,43.219529569997022],[-77.987146900644774,43.219687570949205],[-77.986333901058146,43.219840570768426],[-77.98343489929573,43.219741571545399],[-77.967011893881576,43.220009571953774],[-77.937108885196579,43.22011457302365],[-77.927706882972686,43.233136575398518],[-77.943204887748905,43.23749357600181],[-77.949460890134802,43.239428576468491],[-77.952163891180319,43.240135576023512],[-77.953679891647056,43.240750576265697],[-77.957730893828142,43.243091576293523],[-77.960844894777395,43.24468157635107],[-77.963910895147734,43.246049576135789],[-77.964316895028617,43.244808576474284],[-77.966952895228644,43.239652574973469],[-77.966991894688391,43.230432573246851],[-77.996859905009913,43.23038357281618],[-77.996941904127368,43.221668570727218]]]},"properties":{"OBJECTID":162189,"GEOID20":"360550152003","GEOID10":"360550152003","STATEFP":"36","COUNTYFP":"055","D1C":0.27728227727802324,"D1C5_RET":0.017555209113381341,"D2B_E5MIXA":0.51754342059406777,"D3A":2.5490257174088944,"D3AAO":0.87055667469691023,"D3B":6.5020845628892925,"D4A":1062.1700000000001,"D4C":2,"D4D":0.573426630469,"D5AR":20662,"D5BR":2955}},{"type":"Feature","id":162190,"geometry":{"type":"Polygon","coordinates":[[[-77.996857904461791,43.230421572125088],[-77.966991894688391,43.230432573246851],[-77.966952895228644,43.239652574973469],[-77.964316895028617,43.244808576474284],[-77.963910895147734,43.246049576135789],[-77.960844894777395,43.24468157635107],[-77.957730893828142,43.243091576293523],[-77.953679891647056,43.240750576265697],[-77.952163891180319,43.240135576023512],[-77.949460890134802,43.239428576468491],[-77.943204887748905,43.23749357600181],[-77.927706882972686,43.233136575398518],[-77.9227728826814,43.240122577421971],[-77.922344883059225,43.240890577789074],[-77.922188882525319,43.241464577595686],[-77.922031882166479,43.244581577685594],[-77.921593883396866,43.262792580577248],[-77.876704870121728,43.262494583475508],[-77.879836869716016,43.254094581151094],[-77.890134869570588,43.225393575438993],[-77.888366870107077,43.225325575941739],[-77.885901868712949,43.225433575608378],[-77.882396867951456,43.225387576294985],[-77.870697863664603,43.223594576213195],[-77.867218862842378,43.223249576655235],[-77.863002861703166,43.223062577824543],[-77.834020857949739,43.284083588955781],[-77.853975862991291,43.284112587940733],[-77.885872873790518,43.284475587099884],[-77.916089883193195,43.284477586183129],[-77.965839898761303,43.284768583859631],[-77.977840903171938,43.285168582987296],[-77.995700909410132,43.284971582025783],[-77.99623090734292,43.268811578938994],[-77.996577906774249,43.254184576893643],[-77.996857904461791,43.230421572125088]]]},"properties":{"OBJECTID":162190,"GEOID20":"360550152004","GEOID10":"360550152004","STATEFP":"36","COUNTYFP":"055","D1C":0.020344282619231529,"D1C5_RET":0.002848199566692414,"D2B_E5MIXA":0.80322550036196227,"D3A":1.5850777116892452,"D3AAO":0.50677121759941968,"D3B":0.89495519023416881,"D4A":-99999,"D4C":1.3300000000000001,"D4D":0.057571482612399999,"D5AR":24732,"D5BR":-99999}},{"type":"Feature","id":162191,"geometry":{"type":"Polygon","coordinates":[[[-77.997250897635638,43.136527555014993],[-77.997292897468441,43.132989554225432],[-77.988802895463706,43.133115555814129],[-77.987326893383326,43.132846555572989],[-77.981884892205585,43.133030555707407],[-77.978726890875407,43.133051555976138],[-77.96671988751531,43.132853555684427],[-77.939363878443586,43.132954557015864],[-77.939600880066692,43.143982559494034],[-77.941682881146164,43.162058562811296],[-77.942246882109103,43.167923563573318],[-77.942892882189483,43.171240563663169],[-77.944358883325819,43.175093564771096],[-77.944839884448072,43.176677565069447],[-77.962402888788702,43.176634563379324],[-77.962372889549812,43.186227566694654],[-77.962703889985917,43.186610566507248],[-77.966953891460321,43.18885556640214],[-77.967203891705537,43.189162565902706],[-77.96714889414892,43.205905569325992],[-77.967913894054973,43.205875569905594],[-77.967861893278126,43.205639569498203],[-77.967485893534487,43.205601569147518],[-77.967467893092845,43.20377156904101],[-77.967869893674035,43.203671568727124],[-77.967900893636184,43.198973568076916],[-77.977044896117206,43.198777567138187],[-77.977193896080124,43.206181568408567],[-77.967131893532169,43.206165568922842],[-77.967024893402041,43.208067570294737],[-77.967092894072437,43.208722569378075],[-77.967236894012473,43.209181569687232],[-77.968206894856266,43.211082570222182],[-77.968446895055763,43.211794570667493],[-77.968538895117291,43.212715569912064],[-77.968483893967388,43.213010570429205],[-77.967054894437581,43.216001570591374],[-77.966985893942308,43.216544570718646],[-77.967011893881576,43.220009571953774],[-77.98343489929573,43.219741571545399],[-77.986333901058146,43.219840570768426],[-77.987146900644774,43.219687570949205],[-77.99690190304608,43.219529569997022],[-77.997086902994013,43.199572566602463],[-77.997139900900819,43.176130562473098],[-77.997105898769007,43.156701559549312],[-77.996855898523748,43.149068557758326],[-77.997164897421925,43.143623557031567],[-77.997250897635638,43.136527555014993]]]},"properties":{"OBJECTID":162191,"GEOID20":"360550154001","GEOID10":"360550154001","STATEFP":"36","COUNTYFP":"055","D1C":0.0078584880705400619,"D1C5_RET":0,"D2B_E5MIXA":0.3909234602740233,"D3A":2.1848725215805587,"D3AAO":1.0055940022675609,"D3B":0.87655052178802684,"D4A":-99999,"D4C":0.67000000000000004,"D4D":0.051798275674500002,"D5AR":24530,"D5BR":-99999}},{"type":"Feature","id":162204,"geometry":{"type":"Polygon","coordinates":[[[-77.655824788612364,43.145746571984603],[-77.655817788041347,43.143705571925793],[-77.647546787218062,43.146486571905868],[-77.647523786753524,43.149980573373639],[-77.651056788002421,43.149972573801726],[-77.651033787537898,43.146875571570597],[-77.655824788612364,43.146863572258162],[-77.655824788612364,43.145746571984603]]]},"properties":{"OBJECTID":162204,"GEOID20":"360550075003","GEOID10":"360550075003","STATEFP":"36","COUNTYFP":"055","D1C":0.64698514539592256,"D1C5_RET":0.20983302012840732,"D2B_E5MIXA":0.69268884758057714,"D3A":23.809391712197257,"D3AAO":0,"D3B":134.34908882406285,"D4A":209.21000000000001,"D4C":6.6699999999999999,"D4D":74.644599954699999,"D5AR":113436,"D5BR":158875}},{"type":"Feature","id":162205,"geometry":{"type":"Polygon","coordinates":[[[-77.553350756268969,43.153976577305251],[-77.552307755630252,43.153990578587297],[-77.552057756283304,43.153889578581541],[-77.552020756473382,43.153655577784079],[-77.552413756833786,43.152953577879913],[-77.548711754632151,43.151876578046362],[-77.547949754200829,43.15327857738167],[-77.547338754280545,43.153787578360863],[-77.547362755468313,43.154148578229076],[-77.540701752128143,43.154402578555612],[-77.538919752420924,43.157449578776067],[-77.547735754838897,43.157080578141574],[-77.551771756951354,43.156977578008849],[-77.553350756268969,43.153976577305251]]]},"properties":{"OBJECTID":162205,"GEOID20":"360550076001","GEOID10":"360550076001","STATEFP":"36","COUNTYFP":"055","D1C":0.49741206451076342,"D1C5_RET":0.14922361935322903,"D2B_E5MIXA":0.85159753626217138,"D3A":18.893718647950699,"D3AAO":0.026788912439228811,"D3B":93.408414699998843,"D4A":512.30999999999995,"D4C":7.3300000000000001,"D4D":46.669189540700003,"D5AR":97090,"D5BR":90690}},{"type":"Feature","id":162206,"geometry":{"type":"Polygon","coordinates":[[[-77.562762758538597,43.153928577753547],[-77.561836758974067,43.153695577810232],[-77.556144756652756,43.153901577825323],[-77.552413756833786,43.152953577879913],[-77.552020756473382,43.153655577784079],[-77.552057756283304,43.153889578581541],[-77.552307755630252,43.153990578587297],[-77.553350756268969,43.153976577305251],[-77.551771756951354,43.156977578008849],[-77.561277758932306,43.156656577868482],[-77.562762758538597,43.153928577753547]]]},"properties":{"OBJECTID":162206,"GEOID20":"360550076003","GEOID10":"360550076003","STATEFP":"36","COUNTYFP":"055","D1C":1.7399652756812751,"D1C5_RET":0,"D2B_E5MIXA":0.31224881434417523,"D3A":19.771109450425733,"D3AAO":0,"D3B":50.873626698898867,"D4A":223.97,"D4C":7,"D4D":66.750775425,"D5AR":87821,"D5BR":112638}},{"type":"Feature","id":162207,"geometry":{"type":"Polygon","coordinates":[[[-77.568023761762973,43.156453577323774],[-77.568507762359971,43.155549577849968],[-77.562762758538597,43.153928577753547],[-77.561277758932306,43.156656577868482],[-77.559342759064222,43.156726577899981],[-77.557684758307275,43.159990578786022],[-77.566275760594337,43.159723578081767],[-77.568023761762973,43.156453577323774]]]},"properties":{"OBJECTID":162207,"GEOID20":"360550076004","GEOID10":"360550076004","STATEFP":"36","COUNTYFP":"055","D1C":6.021433488707066,"D1C5_RET":0,"D2B_E5MIXA":0.51086265231618644,"D3A":19.236979862410038,"D3AAO":0,"D3B":91.457230384880489,"D4A":458.66000000000003,"D4C":5,"D4D":36.083496561499999,"D5AR":94728,"D5BR":86800}},{"type":"Feature","id":162208,"geometry":{"type":"Polygon","coordinates":[[[-77.554145756312266,43.147570576665451],[-77.55442275722001,43.147083576537106],[-77.546310753710429,43.144461576169277],[-77.543111752372383,43.150025578319124],[-77.541798752295236,43.150009577875288],[-77.539248752308907,43.154469578437372],[-77.544777753525253,43.15424657768547],[-77.544770754750871,43.153716578190341],[-77.547080753639364,43.149705577166529],[-77.547103753205576,43.149365577178244],[-77.548429754599837,43.149382577910757],[-77.548513754265429,43.148847577535157],[-77.550029754732179,43.146407576323519],[-77.550459754902477,43.146557576543167],[-77.550741754934805,43.147118576146809],[-77.551186756072042,43.147370576546642],[-77.553564756529212,43.147392577286453],[-77.554145756312266,43.147570576665451]]]},"properties":{"OBJECTID":162208,"GEOID20":"360550077001","GEOID10":"360550077001","STATEFP":"36","COUNTYFP":"055","D1C":3.802129653085875,"D1C5_RET":0.26633275347702989,"D2B_E5MIXA":0.63562115324041368,"D3A":12.119198503651791,"D3AAO":0,"D3B":23.522508787091283,"D4A":107.29000000000001,"D4C":9.3300000000000001,"D4D":54.838832329699997,"D5AR":100704,"D5BR":86956}},{"type":"Feature","id":162209,"geometry":{"type":"Polygon","coordinates":[[[-77.568507762359971,43.155549577849968],[-77.569675761773851,43.153365576975183],[-77.565051760205648,43.150870576555747],[-77.563612759731782,43.150213576339006],[-77.561265759236747,43.149317576626594],[-77.55442275722001,43.147083576537106],[-77.554145756312266,43.147570576665451],[-77.553564756529212,43.147392577286453],[-77.551332754763592,43.14739857754644],[-77.550869754981321,43.147231576098285],[-77.550701754751827,43.147067577289342],[-77.550459754902477,43.146557576543167],[-77.550029754732179,43.146407576323519],[-77.548513754265429,43.148847577535157],[-77.548429754599837,43.149382577910757],[-77.547103753205576,43.149365577178244],[-77.547080753639364,43.149705577166529],[-77.544745753738198,43.153787577705558],[-77.544777753525253,43.15424657768547],[-77.547362755468313,43.154148578229076],[-77.547338754280545,43.153787578360863],[-77.547949754200829,43.15327857738167],[-77.548711754632151,43.151876578046362],[-77.551355756126426,43.15266257760554],[-77.553105756046591,43.149441577100745],[-77.55837875806823,43.149515576692977],[-77.560080758307805,43.149774577181901],[-77.560977758458336,43.149746576615136],[-77.5587707586037,43.153811577541475],[-77.561943759104182,43.153701577451464],[-77.568507762359971,43.155549577849968]]]},"properties":{"OBJECTID":162209,"GEOID20":"360550077002","GEOID10":"360550077002","STATEFP":"36","COUNTYFP":"055","D1C":5.8148319423841768,"D1C5_RET":0.40876541377156095,"D2B_E5MIXA":0.89813432859277265,"D3A":11.160693494549921,"D3AAO":0,"D3B":44.234175029431782,"D4A":273.58999999999997,"D4C":11.33,"D4D":41.747038990699998,"D5AR":100583,"D5BR":104180}},{"type":"Feature","id":162210,"geometry":{"type":"Polygon","coordinates":[[[-77.647523786753524,43.149980573373639],[-77.647546787218062,43.146486571905868],[-77.637203782666063,43.149997573279705],[-77.647523786753524,43.149980573373639]]]},"properties":{"OBJECTID":162210,"GEOID20":"360550075002","GEOID10":"360550075002","STATEFP":"36","COUNTYFP":"055","D1C":0.44490659693932294,"D1C5_RET":0.049434066326591433,"D2B_E5MIXA":0.2167415674429225,"D3A":31.044908576714672,"D3AAO":0,"D3B":184.63821509247208,"D4A":142.16,"D4C":9,"D4D":142.37011102100001,"D5AR":106905,"D5BR":158953}},{"type":"Feature","id":162211,"geometry":{"type":"Polygon","coordinates":[[[-77.560977758458336,43.149746576615136],[-77.560080758307805,43.149774577181901],[-77.55837875806823,43.149515576692977],[-77.553105756046591,43.149441577100745],[-77.551355756126426,43.15266257760554],[-77.556144756652756,43.153901577825323],[-77.5587707586037,43.153811577541475],[-77.560977758458336,43.149746576615136]]]},"properties":{"OBJECTID":162211,"GEOID20":"360550077003","GEOID10":"360550077003","STATEFP":"36","COUNTYFP":"055","D1C":10.624585942983053,"D1C5_RET":0,"D2B_E5MIXA":0.3698610561297776,"D3A":26.186236635118497,"D3AAO":0,"D3B":151.57591102742197,"D4A":304.43000000000001,"D4C":10,"D4D":90.905548175299998,"D5AR":96378,"D5BR":88726}},{"type":"Feature","id":162212,"geometry":{"type":"Polygon","coordinates":[[[-77.599838774343098,43.191034583058084],[-77.599225773874679,43.181485581047049],[-77.595474773065902,43.181562580569981],[-77.595726772062648,43.18695658224209],[-77.595344771572911,43.186967582036274],[-77.595627772328456,43.191190582332545],[-77.599838774343098,43.191034583058084]]]},"properties":{"OBJECTID":162212,"GEOID20":"360550079001","GEOID10":"360550079001","STATEFP":"36","COUNTYFP":"055","D1C":0.52728461297094975,"D1C5_RET":0.41011025453296096,"D2B_E5MIXA":0.37401061274922393,"D3A":29.225585558049399,"D3AAO":0,"D3B":150.02817375426591,"D4A":213.24000000000001,"D4C":9.3300000000000001,"D4D":69.967152910500005,"D5AR":88786,"D5BR":86696}},{"type":"Feature","id":162213,"geometry":{"type":"Polygon","coordinates":[[[-77.591527770641903,43.182191580939076],[-77.591098770296483,43.175670580460171],[-77.591228770891135,43.175460580384737],[-77.587325769746386,43.175539580338764],[-77.587425769305497,43.177389580532882],[-77.590110770807669,43.177110580614197],[-77.586516768561069,43.182325581253018],[-77.591527770641903,43.182191580939076]]]},"properties":{"OBJECTID":162213,"GEOID20":"360550080001","GEOID10":"360550080001","STATEFP":"36","COUNTYFP":"055","D1C":1.0942996512629131,"D1C5_RET":0,"D2B_E5MIXA":0.19167900075408187,"D3A":35.146202004998941,"D3AAO":0,"D3B":255.09536635534613,"D4A":171.66,"D4C":6.6699999999999999,"D4D":86.479598149400005,"D5AR":98101,"D5BR":86763}},{"type":"Feature","id":162214,"geometry":{"type":"Polygon","coordinates":[[[-77.59894577349219,43.17728257995639],[-77.598816772722458,43.175336580300566],[-77.591228770891135,43.175460580384737],[-77.591098770296483,43.175670580460171],[-77.59123076964265,43.17745957973721],[-77.59894577349219,43.17728257995639]]]},"properties":{"OBJECTID":162214,"GEOID20":"360550080002","GEOID10":"360550080002","STATEFP":"36","COUNTYFP":"055","D1C":1.1176804840445935,"D1C5_RET":0.47060230907140777,"D2B_E5MIXA":0.72606399845506897,"D3A":31.142021506425667,"D3AAO":0,"D3B":163.16723260123848,"D4A":166.30000000000001,"D4C":9.6699999999999999,"D4D":182.028973149,"D5AR":107526,"D5BR":86852}},{"type":"Feature","id":162215,"geometry":{"type":"Polygon","coordinates":[[[-77.471451722820007,43.062232565309415],[-77.471316722202488,43.059402563983994],[-77.471370723527457,43.056975564148061],[-77.471267721798682,43.056038562900582],[-77.470650722030612,43.054339562502918],[-77.470380721693871,43.054399563130232],[-77.469477721695554,43.053081563444813],[-77.47018872207326,43.053575563516944],[-77.469105721251566,43.052360563744948],[-77.468319721429097,43.052741562746945],[-77.467395720616068,43.052994562352957],[-77.466391720335395,43.053118563109685],[-77.463338719485506,43.053135563019197],[-77.462692719405126,43.053204564302511],[-77.461373718581896,43.053796563608337],[-77.460031719090722,43.054275564307147],[-77.458265719277051,43.054789563151246],[-77.457087717122477,43.054932564331686],[-77.448714714395308,43.055040564768099],[-77.448926715005726,43.056025564473615],[-77.449474715176819,43.05675756466303],[-77.448905715089339,43.057212564891834],[-77.448240715640694,43.058903564786732],[-77.448311715785806,43.061528565771361],[-77.448005715464063,43.062477565281078],[-77.449059715973434,43.066824566631986],[-77.448947714922127,43.067286566706585],[-77.448177715891504,43.068965566854686],[-77.448076715609176,43.06961356728273],[-77.447628714997208,43.070328567608065],[-77.452753717779132,43.072003568133731],[-77.458709719691072,43.073464567235071],[-77.459088718909442,43.072187566823061],[-77.459865719409393,43.072194566655327],[-77.460475720403068,43.071870567488872],[-77.463032720960399,43.067772566052582],[-77.463236721174894,43.067587565776726],[-77.461361720682959,43.066970565804553],[-77.460478719877813,43.066997565388704],[-77.460130719723253,43.066865565850385],[-77.459887719150686,43.066560566526022],[-77.459800719112067,43.066202565361564],[-77.459885719500861,43.065830565584548],[-77.460225719259498,43.06537356594216],[-77.460608719574154,43.065115565292864],[-77.461036720094626,43.064968565452304],[-77.461833719787748,43.064860566094858],[-77.462663720889452,43.064855565147695],[-77.463014719620418,43.064907566446287],[-77.464169721310441,43.065294566029124],[-77.465490720885199,43.065355565962648],[-77.466308721393034,43.065556565324783],[-77.466844721868569,43.064825566019223],[-77.467266722541254,43.06449556610481],[-77.471451722820007,43.062232565309415]]]},"properties":{"OBJECTID":162215,"GEOID20":"360550117062","GEOID10":"360550117062","STATEFP":"36","COUNTYFP":"055","D1C":1.8162611305598688,"D1C5_RET":0.053577024500291115,"D2B_E5MIXA":0.45314081634588382,"D3A":12.047514638903667,"D3AAO":1.6641572728064791,"D3B":29.730533767737153,"D4A":-99999,"D4C":1.3300000000000001,"D4D":1.14011907938,"D5AR":46379,"D5BR":-99999}},{"type":"Feature","id":162216,"geometry":{"type":"Polygon","coordinates":[[[-77.592390772253864,43.196398583903175],[-77.591842772082785,43.187090581921737],[-77.587737770373352,43.187235582363115],[-77.58762376967222,43.185198581509134],[-77.5839997681867,43.185304581781232],[-77.584182769383133,43.188307582383523],[-77.583726769273568,43.188321582347207],[-77.583702768984125,43.190617583379996],[-77.584302769932052,43.190540582834153],[-77.584599769134641,43.195419583314418],[-77.591627771099311,43.195077583573863],[-77.59170177161748,43.196292583250433],[-77.592390772253864,43.196398583903175]]]},"properties":{"OBJECTID":162216,"GEOID20":"360550081001","GEOID10":"360550081001","STATEFP":"36","COUNTYFP":"055","D1C":44.184476111204468,"D1C5_RET":0.45130972904053368,"D2B_E5MIXA":0.061506453379420942,"D3A":27.922626216713557,"D3AAO":4.6123914907496344,"D3B":136.44397132028917,"D4A":378.19999999999999,"D4C":5,"D4D":20.0582105316,"D5AR":92262,"D5BR":87707}},{"type":"Feature","id":162217,"geometry":{"type":"Polygon","coordinates":[[[-77.595680772031898,43.186140582457277],[-77.595504772304793,43.182131581690626],[-77.591527770641903,43.182191580939076],[-77.591735771054331,43.18528958224821],[-77.590446771266656,43.185327582149611],[-77.590141770769804,43.185125581437156],[-77.58762376967222,43.185198581509134],[-77.587737770373352,43.187235582363115],[-77.591842772082785,43.187090581921737],[-77.591796770255399,43.186269581107155],[-77.595680772031898,43.186140582457277]]]},"properties":{"OBJECTID":162217,"GEOID20":"360550081003","GEOID10":"360550081003","STATEFP":"36","COUNTYFP":"055","D1C":0.81586165597072036,"D1C5_RET":0.061189624197804021,"D2B_E5MIXA":0.23692525502684925,"D3A":24.94964583611447,"D3AAO":0,"D3B":87.889903010546277,"D4A":325.88999999999999,"D4C":7,"D4D":83.864411269599998,"D5AR":99702,"D5BR":88182}},{"type":"Feature","id":162218,"geometry":{"type":"Polygon","coordinates":[[[-77.600099775357322,43.195168583337725],[-77.599838774343098,43.191034583058084],[-77.595627772328456,43.191190582332545],[-77.595344771572911,43.186967582036274],[-77.595726772062648,43.18695658224209],[-77.595680772031898,43.186140582457277],[-77.591796770255399,43.186269581107155],[-77.592390772253864,43.196398583903175],[-77.594674772999738,43.195914584007816],[-77.595255773681089,43.195931583575359],[-77.600099775357322,43.195168583337725]]]},"properties":{"OBJECTID":162218,"GEOID20":"360550081004","GEOID10":"360550081004","STATEFP":"36","COUNTYFP":"055","D1C":4.9026695519284145,"D1C5_RET":4.5596500098992934,"D2B_E5MIXA":0.20537820229807652,"D3A":31.460149016242632,"D3AAO":5.3828454635177954,"D3B":212.46998551816671,"D4A":443.91000000000003,"D4C":9.3300000000000001,"D4D":49.9570314479,"D5AR":89865,"D5BR":86675}},{"type":"Feature","id":162220,"geometry":{"type":"Polygon","coordinates":[[[-77.412419704678612,43.080518570503486],[-77.412420705401843,43.079355570748213],[-77.396600700410332,43.079472571682793],[-77.396583700691906,43.080104570888665],[-77.396309699258893,43.081750571797841],[-77.396433700904069,43.082021571451634],[-77.396671701453769,43.082241572109659],[-77.399250700854083,43.083635571194101],[-77.399854701999999,43.083721571570116],[-77.402209701992646,43.083695571362384],[-77.402178702928822,43.080863570342068],[-77.403443702427069,43.080863570998197],[-77.403632702572963,43.081067571112719],[-77.403640703867197,43.082195571178517],[-77.403737703053267,43.082411570943805],[-77.40403270170772,43.082545570919685],[-77.405220703908029,43.08254757137734],[-77.405366703497904,43.08339557190174],[-77.405377703368558,43.084311571703068],[-77.405559702943449,43.084603571677384],[-77.406154703868509,43.084751571528322],[-77.40705670314361,43.08478657137875],[-77.408406703929003,43.085217571046513],[-77.408718704996843,43.085564571682433],[-77.410153705272734,43.085864571674556],[-77.410327705349999,43.085301571458317],[-77.410316704581035,43.0846535715784],[-77.412363704602114,43.081829570840178],[-77.412419704678612,43.080518570503486]]]},"properties":{"OBJECTID":162220,"GEOID20":"360550117071","GEOID10":"360550117071","STATEFP":"36","COUNTYFP":"055","D1C":0.16865023607437429,"D1C5_RET":0,"D2B_E5MIXA":0.70409196597886647,"D3A":18.094426327936826,"D3AAO":0,"D3B":64.787595328820757,"D4A":-99999,"D4C":-99999,"D4D":-99999,"D5AR":32194,"D5BR":-99999}},{"type":"Feature","id":162221,"geometry":{"type":"Polygon","coordinates":[[[-77.433068713972673,43.096870572855615],[-77.433126713698982,43.096788572559156],[-77.432791713963226,43.096470572914491],[-77.432395712331484,43.095842572045193],[-77.432120711971876,43.095050572716936],[-77.432103711355111,43.079151569526431],[-77.421241708740993,43.079182570128978],[-77.412420705401843,43.079355570748213],[-77.412363704602114,43.081829570840178],[-77.410316704581035,43.0846535715784],[-77.410327705349999,43.085301571458317],[-77.410153705272734,43.085864571674556],[-77.408718704996843,43.085564571682433],[-77.408406703929003,43.085217571046513],[-77.40705670314361,43.08478657137875],[-77.406154703868509,43.084751571528322],[-77.405559702943449,43.084603571677384],[-77.405377703368558,43.084311571703068],[-77.405366703497904,43.08339557190174],[-77.405220703908029,43.08254757137734],[-77.40403270170772,43.082545570919685],[-77.403737703053267,43.082411570943805],[-77.403640703867197,43.082195571178517],[-77.403632702572963,43.081067571112719],[-77.403500702328486,43.08088257094424],[-77.402178702928822,43.080863570342068],[-77.402226702609397,43.085124571791859],[-77.402012702349154,43.086468571846957],[-77.401648702301088,43.0871405732818],[-77.408724705742927,43.089872571787531],[-77.410721705535295,43.090212571897695],[-77.419859709066856,43.090474572257882],[-77.421920709331644,43.090820572213012],[-77.424196709681567,43.091747571734416],[-77.42712271030986,43.093518571520192],[-77.428429710539206,43.094023573209682],[-77.430016712049394,43.094933572670861],[-77.432045713425438,43.096289572707249],[-77.433068713972673,43.096870572855615]]]},"properties":{"OBJECTID":162221,"GEOID20":"360550117072","GEOID10":"360550117072","STATEFP":"36","COUNTYFP":"055","D1C":0.45168650099821794,"D1C5_RET":0.0055083719633929017,"D2B_E5MIXA":0.70475184053921813,"D3A":11.901368439138118,"D3AAO":0,"D3B":51.45816210651671,"D4A":-99999,"D4C":-99999,"D4D":-99999,"D5AR":36283,"D5BR":-99999}},{"type":"Feature","id":162222,"geometry":{"type":"Polygon","coordinates":[[[-77.407458703724814,43.079389570448384],[-77.407084702732703,43.071703569171639],[-77.407156701804396,43.064493567682995],[-77.386025695156448,43.064576569404487],[-77.381170694507873,43.06452556867626],[-77.375188692656664,43.064277569729377],[-77.371736691598613,43.064345568778315],[-77.371985692018981,43.075607571773119],[-77.375532693511573,43.076864570607896],[-77.376841693390759,43.077494571157501],[-77.380705695075775,43.078860571741487],[-77.382496695003823,43.079670572149759],[-77.382664696131627,43.079532571991301],[-77.395222700035873,43.084476572663981],[-77.401648702301088,43.0871405732818],[-77.401953702797911,43.086617571618902],[-77.402097701839637,43.086151572253605],[-77.402226702609397,43.085124571791859],[-77.402209701992646,43.083695571362384],[-77.399854701999999,43.083721571570116],[-77.399348702560005,43.083665571613608],[-77.396671701453769,43.082241572109659],[-77.396379700477411,43.081942572000756],[-77.396300699936361,43.081653572211479],[-77.396583700691906,43.080104570888665],[-77.396600700410332,43.079472571682793],[-77.407458703724814,43.079389570448384]]]},"properties":{"OBJECTID":162222,"GEOID20":"360550117073","GEOID10":"360550117073","STATEFP":"36","COUNTYFP":"055","D1C":0.10909706475975686,"D1C5_RET":0,"D2B_E5MIXA":0.53391328431318896,"D3A":5.3951655288490006,"D3AAO":0.070064430219390947,"D3B":16.111495075629303,"D4A":-99999,"D4C":0.33000000000000002,"D4D":0.16961091571600001,"D5AR":28291,"D5BR":-99999}},{"type":"Feature","id":162223,"geometry":{"type":"Polygon","coordinates":[[[-77.45106971528628,43.039252561541538],[-77.451043715347012,43.03864556164816],[-77.450587713440797,43.037322561009027],[-77.450094714419606,43.037277560490097],[-77.446528712660438,43.036380561558602],[-77.44616871370863,43.03618056176591],[-77.445752712883731,43.035806561717578],[-77.445212712210235,43.035138560837019],[-77.44491071208644,43.034895561338431],[-77.444918712482362,43.034672560727614],[-77.437632710774849,43.034768561098723],[-77.414809703034734,43.034617561945254],[-77.408061700554242,43.034756562784175],[-77.406584700445563,43.034719563205734],[-77.405999699566223,43.034777563280372],[-77.405052698288657,43.034718563181322],[-77.402929698099612,43.034833562598507],[-77.401155697890005,43.034580562939588],[-77.391035695615713,43.034520563280125],[-77.371480688810635,43.034704563494486],[-77.371366689007829,43.039499564582933],[-77.371736691598613,43.064345568778315],[-77.375188692656664,43.064277569729377],[-77.381170694507873,43.06452556867626],[-77.386025695156448,43.064576569404487],[-77.411456703507511,43.064482567501756],[-77.412303703429345,43.064576568091873],[-77.413260703854348,43.064847567569196],[-77.419572707215053,43.067029567699961],[-77.420747706301626,43.067489567249055],[-77.422568708163524,43.068430568592603],[-77.423605708056144,43.068780568210748],[-77.424593708443282,43.068920567892185],[-77.425361708722406,43.068920567892185],[-77.432124710373202,43.068548567547182],[-77.432155710335337,43.062486566678515],[-77.432034709961513,43.05441756501363],[-77.435697710008455,43.054388565076316],[-77.436060710231615,43.054288564417838],[-77.43781971216923,43.053431564704113],[-77.438469711549246,43.053298565117295],[-77.439201711843353,43.053386564185203],[-77.43975471293561,43.053550564677231],[-77.441181712815577,43.054323563944827],[-77.44234271255678,43.054410564464156],[-77.442421712199476,43.053758563981951],[-77.44271871319873,43.053227564494271],[-77.445308714266318,43.051447564144283],[-77.445751713957108,43.051019564522107],[-77.446193714721304,43.0504125642017],[-77.447807714199016,43.046740563384475],[-77.449579714758812,43.043861562889639],[-77.449975713695608,43.041917562230317],[-77.450898714683731,43.04024356163508],[-77.45106971528628,43.039252561541538]]]},"properties":{"OBJECTID":162223,"GEOID20":"360550117081","GEOID10":"360550117081","STATEFP":"36","COUNTYFP":"055","D1C":0.076568989361644024,"D1C5_RET":0.0072823767055911438,"D2B_E5MIXA":0.75323117148950536,"D3A":3.7003607869304092,"D3AAO":0.12368581990225627,"D3B":5.1942644245980079,"D4A":-99999,"D4C":1.3300000000000001,"D4D":0.17556217750200001,"D5AR":34069,"D5BR":-99999}},{"type":"Feature","id":162224,"geometry":{"type":"Polygon","coordinates":[[[-77.644556788812309,43.182596579072808],[-77.644525788850174,43.180914579283254],[-77.641893787051472,43.180932579357282],[-77.641862787089323,43.179300578805424],[-77.637567784510779,43.179323578815577],[-77.637582785477704,43.180948578909117],[-77.638826785957875,43.180942579323307],[-77.638849787320723,43.182607578997604],[-77.644556788812309,43.182596579072808]]]},"properties":{"OBJECTID":162224,"GEOID20":"360550022003","GEOID10":"360550022003","STATEFP":"36","COUNTYFP":"055","D1C":2.899928125687937,"D1C5_RET":2.2494769573093345,"D2B_E5MIXA":0.45164163026054571,"D3A":30.707749134036057,"D3AAO":0,"D3B":254.47384243419947,"D4A":146.18000000000001,"D4C":5.6699999999999999,"D4D":98.348216658799998,"D5AR":95893,"D5BR":86577}},{"type":"Feature","id":162225,"geometry":{"type":"Polygon","coordinates":[[[-77.644265784965938,43.134199570183448],[-77.644265784067613,43.133466570389984],[-77.643022784310659,43.133466570389984],[-77.643017783389453,43.131030569274664],[-77.636052781174001,43.131077570653943],[-77.636011782064429,43.135757571757821],[-77.64075578328324,43.13575557107184],[-77.64075678400647,43.135033570888851],[-77.644265784067613,43.135011570290018],[-77.644265784965938,43.134199570183448]]]},"properties":{"OBJECTID":162225,"GEOID20":"360550070001","GEOID10":"360550070001","STATEFP":"36","COUNTYFP":"055","D1C":1.3675037479351235,"D1C5_RET":0.14893605175531049,"D2B_E5MIXA":0.44459889165040789,"D3A":24.281871443243286,"D3AAO":0,"D3B":115.58737421754685,"D4A":282.98000000000002,"D4C":9.6699999999999999,"D4D":83.794130645799996,"D5AR":109530,"D5BR":80081}},{"type":"Feature","id":162226,"geometry":{"type":"Polygon","coordinates":[[[-77.591735771054331,43.18528958224821],[-77.591527770641903,43.182191580939076],[-77.586516768561069,43.182325581253018],[-77.586390769961014,43.18250858091335],[-77.584153768172513,43.184382581804485],[-77.583961769450198,43.184637582392611],[-77.5839997681867,43.185304581781232],[-77.590141770769804,43.185125581437156],[-77.590446771266656,43.185327582149611],[-77.591735771054331,43.18528958224821]]]},"properties":{"OBJECTID":162226,"GEOID20":"360550081002","GEOID10":"360550081002","STATEFP":"36","COUNTYFP":"055","D1C":0.31849225258040836,"D1C5_RET":0,"D2B_E5MIXA":0,"D3A":25.684265494675863,"D3AAO":0,"D3B":145.65469690580139,"D4A":277.61000000000001,"D4C":5,"D4D":72.798229161199998,"D5AR":97655,"D5BR":88394}},{"type":"Feature","id":162227,"geometry":{"type":"Polygon","coordinates":[[[-77.623227783594274,43.204970583729235],[-77.623149782878158,43.20406258383337],[-77.622377782401088,43.203020583093888],[-77.618189779952658,43.198869582304631],[-77.612533778514688,43.199006583221347],[-77.61269678051795,43.201987583425392],[-77.609406778044971,43.202080584495526],[-77.609455778448762,43.20307258490633],[-77.612750780046298,43.202979584038751],[-77.612825779491047,43.20452658451967],[-77.618192782122321,43.204326584238906],[-77.617778781845558,43.20479158474933],[-77.623011783684206,43.204606584055526],[-77.623227783594274,43.204970583729235]]]},"properties":{"OBJECTID":162227,"GEOID20":"360550104004","GEOID10":"360550104004","STATEFP":"36","COUNTYFP":"055","D1C":0.29674980143265239,"D1C5_RET":0,"D2B_E5MIXA":0.34939847028229709,"D3A":22.290444481407047,"D3AAO":0,"D3B":91.381496683054252,"D4A":367.47000000000003,"D4C":5.3300000000000001,"D4D":30.431951097799999,"D5AR":76008,"D5BR":86863}},{"type":"Feature","id":162228,"geometry":{"type":"Polygon","coordinates":[[[-77.495474734252625,43.111487572594022],[-77.490609732660005,43.110143572678744],[-77.49114473420893,43.109441572234921],[-77.487401731101087,43.108406572339788],[-77.485856731220366,43.111422572338938],[-77.492422734125981,43.113221573203177],[-77.495474734252625,43.111487572594022]]]},"properties":{"OBJECTID":162228,"GEOID20":"360550121003","GEOID10":"360550121003","STATEFP":"36","COUNTYFP":"055","D1C":0.61748312396711502,"D1C5_RET":0,"D2B_E5MIXA":0,"D3A":18.250730959843438,"D3AAO":0,"D3B":38.244116065060027,"D4A":316.5,"D4C":1.3300000000000001,"D4D":16.9548914555,"D5AR":79890,"D5BR":6943}},{"type":"Feature","id":162229,"geometry":{"type":"Polygon","coordinates":[[[-77.575924760893784,43.121618570944676],[-77.575877761038143,43.120439571036741],[-77.574315760540628,43.120485571437392],[-77.574266760136823,43.119517570936644],[-77.570232758572502,43.119639570968047],[-77.569490759130971,43.119507571407013],[-77.565714759106129,43.126406572540681],[-77.575839762301612,43.126098572439467],[-77.575812761639128,43.125346571364773],[-77.574831760924667,43.124961571208836],[-77.574691760284281,43.124742571117018],[-77.574649761349789,43.124217570901749],[-77.574681760238533,43.123946571104447],[-77.575924760893784,43.121618570944676]]]},"properties":{"OBJECTID":162229,"GEOID20":"360550129003","GEOID10":"360550129003","STATEFP":"36","COUNTYFP":"055","D1C":0.132342183197171,"D1C5_RET":0.0088228122131447338,"D2B_E5MIXA":0.49912765813124704,"D3A":18.713348815398998,"D3AAO":0,"D3B":84.721583645455098,"D4A":402.33999999999997,"D4C":4.3300000000000001,"D4D":24.449777205099998,"D5AR":95910,"D5BR":86731}},{"type":"Feature","id":162241,"geometry":{"type":"Polygon","coordinates":[[[-77.80157683243128,43.121466561499403],[-77.800908834406229,43.120628560958828],[-77.800565833376226,43.120740561413918],[-77.800186834157856,43.120765561042546],[-77.800321832978767,43.118334560816827],[-77.794917831435868,43.118171561194224],[-77.79459583032228,43.118298561150766],[-77.79451683157788,43.118719561367406],[-77.794243830868083,43.118858561062993],[-77.792002829779946,43.11879856124726],[-77.791599829373808,43.11861956075898],[-77.791508830035539,43.118377560918454],[-77.791530829776832,43.117584561321237],[-77.791317830239834,43.116982560494343],[-77.791395829159299,43.115853560436896],[-77.791599829373808,43.115617560248999],[-77.792994829466721,43.114868560923995],[-77.793080829680449,43.114716559627709],[-77.793182830686021,43.113612559660439],[-77.792141829697115,43.113577559889414],[-77.791899829847779,43.113636560185142],[-77.791680830462994,43.11383855991118],[-77.791556829716114,43.114445560370584],[-77.791156829683018,43.114641560509952],[-77.790447828955138,43.11453856100345],[-77.788289829504308,43.114467560497765],[-77.787260827312636,43.114278560726795],[-77.78700482901624,43.115258561099246],[-77.782412826336767,43.115129560685837],[-77.782426826580476,43.114941561019783],[-77.782335826343868,43.114904560640738],[-77.781197826168906,43.114679560424158],[-77.780980825535622,43.114575560947998],[-77.78092782673049,43.115337560857249],[-77.780739826409501,43.115666561699371],[-77.779264825052337,43.116039561871993],[-77.778882826359222,43.116039561871993],[-77.778613825847387,43.115891561565739],[-77.778201825220435,43.115265560600484],[-77.778095824915226,43.114836560647944],[-77.777977825812755,43.114744561154595],[-77.777752825681873,43.114711561438085],[-77.777561825886153,43.114498561587631],[-77.777179825396431,43.114661561158002],[-77.777260824688966,43.115128560661255],[-77.778352825731488,43.116386561638414],[-77.779839825885915,43.116824561189276],[-77.781080826891355,43.118160562125283],[-77.781759826583695,43.11832756101095],[-77.781488826422049,43.123913563237281],[-77.781213826062441,43.124532562523548],[-77.781114828124871,43.126187563197966],[-77.789456829991593,43.126486562334037],[-77.80157683243128,43.121466561499403]]]},"properties":{"OBJECTID":162241,"GEOID20":"360550145052","GEOID10":"360550145052","STATEFP":"36","COUNTYFP":"055","D1C":0.20421831267830615,"D1C5_RET":0.015709100975254318,"D2B_E5MIXA":0.38459216687986181,"D3A":10.888107721860845,"D3AAO":0,"D3B":39.112729062867871,"D4A":-99999,"D4C":-99999,"D4D":-99999,"D5AR":45001,"D5BR":-99999}},{"type":"Feature","id":162244,"geometry":{"type":"Polygon","coordinates":[[[-77.818374838662493,43.109065558364819],[-77.81849183794003,43.107622557661045],[-77.806767834437139,43.107780558425787],[-77.802684832469012,43.108045559465232],[-77.802880832287613,43.110379559218835],[-77.805195834792229,43.119343561183612],[-77.805700835305601,43.12066256135283],[-77.807324836625696,43.123847560562716],[-77.807388835301481,43.124237561863275],[-77.807178835239213,43.127088562094762],[-77.818200839483524,43.127452561759377],[-77.818374838662493,43.109065558364819]]]},"properties":{"OBJECTID":162244,"GEOID20":"360550145053","GEOID10":"360550145053","STATEFP":"36","COUNTYFP":"055","D1C":0.52403489481356824,"D1C5_RET":0.07388032943273258,"D2B_E5MIXA":0.68798217577047549,"D3A":8.4673649577300765,"D3AAO":0.014372343450566908,"D3B":24.201409248670839,"D4A":-99999,"D4C":-99999,"D4D":-99999,"D5AR":49476,"D5BR":-99999}},{"type":"Feature","id":162428,"geometry":{"type":"Polygon","coordinates":[[[-77.573210762672574,43.146822575463595],[-77.570082761479625,43.145918575752027],[-77.563885759543268,43.146040575562509],[-77.562544758080392,43.145693575554226],[-77.563094758799622,43.144634575229375],[-77.559344757815737,43.144927575441784],[-77.555706756984847,43.144764576546066],[-77.55442275722001,43.147083576537106],[-77.560583759171365,43.149077577235346],[-77.563612759731782,43.150213576339006],[-77.565513760163,43.151109576679289],[-77.569675761773851,43.153365576975183],[-77.573210762672574,43.146822575463595]]]},"properties":{"OBJECTID":162428,"GEOID20":"360550078012","GEOID10":"360550078012","STATEFP":"36","COUNTYFP":"055","D1C":18.150330777971526,"D1C5_RET":4.3440497105915279,"D2B_E5MIXA":0.73431886403678637,"D3A":15.101847843417691,"D3AAO":1.9832685311369009,"D3B":46.354351988712054,"D4A":46.939999999999998,"D4C":11.33,"D4D":40.3840682839,"D5AR":101529,"D5BR":87388}},{"type":"Feature","id":162429,"geometry":{"type":"Polygon","coordinates":[[[-77.578322762340761,43.137823574159484],[-77.575527763030394,43.136225574458429],[-77.575402761560284,43.136263574077887],[-77.575440762093436,43.136169573354628],[-77.575032762562756,43.135820573666258],[-77.561746757664068,43.136278574507692],[-77.561784758197192,43.136318574761795],[-77.561439757517391,43.13639957486847],[-77.561315756770526,43.136292574599572],[-77.560286757273801,43.136326574153927],[-77.555706756984847,43.144764576546066],[-77.55975275734643,43.144913576016123],[-77.56315275942427,43.144629575551349],[-77.569929761318761,43.14378057539669],[-77.575115763301739,43.143481574941958],[-77.578322762340761,43.137823574159484]]]},"properties":{"OBJECTID":162429,"GEOID20":"360550078022","GEOID10":"360550078022","STATEFP":"36","COUNTYFP":"055","D1C":1.3255770479373277,"D1C5_RET":0.090527213029866285,"D2B_E5MIXA":0.63663802165440952,"D3A":19.733999543167819,"D3AAO":3.6515151241657655,"D3B":73.09999773773049,"D4A":659.83000000000004,"D4C":10,"D4D":20.297661392199998,"D5AR":93960,"D5BR":109342}},{"type":"Feature","id":162497,"geometry":{"type":"Polygon","coordinates":[[[-77.432237714842671,43.12290457725797],[-77.432136713662018,43.10832857426373],[-77.422548710766975,43.108388575163666],[-77.423019710945169,43.115141576717868],[-77.422855711811962,43.122516578413865],[-77.425731714008151,43.122996577596325],[-77.432237714842671,43.12290457725797]]]},"properties":{"OBJECTID":162497,"GEOID20":"360550117031","GEOID10":"360550117031","STATEFP":"36","COUNTYFP":"055","D1C":0.044681692648264187,"D1C5_RET":0.011170423162066047,"D2B_E5MIXA":0.34939847028229709,"D3A":12.933281888347022,"D3AAO":0,"D3B":52.981086339280125,"D4A":-99999,"D4C":-99999,"D4D":-99999,"D5AR":43601,"D5BR":-99999}},{"type":"Feature","id":162498,"geometry":{"type":"Polygon","coordinates":[[[-77.625177781734337,43.181559579824757],[-77.625118782183108,43.179279580013223],[-77.621735779823723,43.179384578487408],[-77.621773780356875,43.180200580145751],[-77.619996780672537,43.180250579248948],[-77.620209780209549,43.183130580458062],[-77.619828779544719,43.183591580506253],[-77.620949780001254,43.183874580473827],[-77.624757780711462,43.184255580230577],[-77.625177781734337,43.181559579824757]]]},"properties":{"OBJECTID":162498,"GEOID20":"360550039002","GEOID10":"360550039002","STATEFP":"36","COUNTYFP":"055","D1C":0.2048899116465118,"D1C5_RET":0.061466973493953532,"D2B_E5MIXA":0.6765715949230876,"D3A":23.896103546813716,"D3AAO":0,"D3B":65.59099763557451,"D4A":221.28,"D4C":2.3300000000000001,"D4D":30.553183624700001,"D5AR":84417,"D5BR":86947}},{"type":"Feature","id":162499,"geometry":{"type":"Polygon","coordinates":[[[-77.63848879123897,43.24196658945386],[-77.638516790828049,43.240716589673887],[-77.637337789746894,43.24069958884516],[-77.637159790369978,43.240619589539556],[-77.637235789639647,43.237329589199547],[-77.635687789385855,43.237315590010439],[-77.635473790023937,43.23641858940281],[-77.629102786213664,43.236219589003959],[-77.628643787527679,43.241759590832366],[-77.63848879123897,43.24196658945386]]]},"properties":{"OBJECTID":162499,"GEOID20":"360550137012","GEOID10":"360550137012","STATEFP":"36","COUNTYFP":"055","D1C":0.14554632071913065,"D1C5_RET":0.019406176095884086,"D2B_E5MIXA":0.24398236439806156,"D3A":18.484283112077847,"D3AAO":0,"D3B":70.402501887692111,"D4A":230.66999999999999,"D4C":2,"D4D":12.4199527014,"D5AR":63498,"D5BR":86464}},{"type":"Feature","id":162500,"geometry":{"type":"Polygon","coordinates":[[[-77.586322769290632,43.172324579428171],[-77.586364768225096,43.170858579883728],[-77.585914767963317,43.170862578957944],[-77.585788767566626,43.168353578863531],[-77.582424767270439,43.168441579733226],[-77.582542767271207,43.170954579867022],[-77.582095767382455,43.170964580156884],[-77.582053767549667,43.173189579697343],[-77.58583076829774,43.173109578936952],[-77.586322769290632,43.172324579428171]]]},"properties":{"OBJECTID":162500,"GEOID20":"360550055001","GEOID10":"360550055001","STATEFP":"36","COUNTYFP":"055","D1C":0.4529992787798483,"D1C5_RET":0.075499879796641384,"D2B_E5MIXA":0.27994941922604499,"D3A":28.693766077323012,"D3AAO":0,"D3B":128.90144810933782,"D4A":0,"D4C":6.3300000000000001,"D4D":101.95503767700001,"D5AR":107375,"D5BR":94024}},{"type":"Feature","id":162501,"geometry":{"type":"Polygon","coordinates":[[[-77.813997851339522,43.287695590135435],[-77.81355284930396,43.273007588904711],[-77.791072842593849,43.273350589197882],[-77.791572843982678,43.288113591425635],[-77.813997851339522,43.287695590135435]]]},"properties":{"OBJECTID":162501,"GEOID20":"360550148044","GEOID10":"360550148044","STATEFP":"36","COUNTYFP":"055","D1C":1.5652925820104593,"D1C5_RET":0,"D2B_E5MIXA":0.1210158876019871,"D3A":4.963617592469908,"D3AAO":0,"D3B":16.801222190106603,"D4A":635.69000000000005,"D4C":0.67000000000000004,"D4D":0.58198836042699997,"D5AR":33303,"D5BR":1888}},{"type":"Feature","id":162502,"geometry":{"type":"Polygon","coordinates":[[[-77.547721757290134,43.198493585870331],[-77.545007757272302,43.19182858442646],[-77.544364756666639,43.192199584227971],[-77.544099756352765,43.192777585024437],[-77.544017756336999,43.193529585766335],[-77.544481756842501,43.194231585700919],[-77.544173755972622,43.195132585685506],[-77.543881756792885,43.195207585627458],[-77.543709756365431,43.195421585976618],[-77.543694756296816,43.195646586425013],[-77.543814756845734,43.195795585592926],[-77.54359675728584,43.195981586166617],[-77.543633757095776,43.196338585520955],[-77.543116756886818,43.197056585145646],[-77.543093756422294,43.197468586075431],[-77.542786756275618,43.197561585520589],[-77.541856755614788,43.197643586300948],[-77.541496756662994,43.197446585686016],[-77.541353756547878,43.197440586411886],[-77.54123375599896,43.197627586540669],[-77.540971756956452,43.197775586127776],[-77.540686755652786,43.197802585655346],[-77.540258755132285,43.198153586284747],[-77.540243755961995,43.198274585944162],[-77.54044675545326,43.19857658667754],[-77.540408755818447,43.19874058605491],[-77.540251756357904,43.198844587108788],[-77.539853755974661,43.198844586453923],[-77.53962875494544,43.19903658667441],[-77.538166754007065,43.199086586721329],[-77.537686755404664,43.199376586578538],[-77.537198754609719,43.199272587086355],[-77.536936754668886,43.199563587322665],[-77.536636755093241,43.19953058688629],[-77.536456755168189,43.199722587567507],[-77.536186754831462,43.199727586666555],[-77.535888754007317,43.199947586563518],[-77.535548755147005,43.199897587222154],[-77.534881754251913,43.200083587079419],[-77.534510753632816,43.200113587383512],[-77.535836754128766,43.201647587593818],[-77.537018754684667,43.202415586238722],[-77.537712755343918,43.202689586900888],[-77.539413755758616,43.202849587411535],[-77.540749756300286,43.203197587482578],[-77.541206756234786,43.203387587974369],[-77.542443756143953,43.204157586735036],[-77.543396758167631,43.20489358688814],[-77.547645758020465,43.204714587682361],[-77.547208759075787,43.19977558624737],[-77.547338758772128,43.199182586198965],[-77.547721757290134,43.198493585870331]]]},"properties":{"OBJECTID":162502,"GEOID20":"360550109022","GEOID10":"360550109022","STATEFP":"36","COUNTYFP":"055","D1C":0.063818481228440929,"D1C5_RET":0,"D2B_E5MIXA":0.29459931905093067,"D3A":13.721771313328833,"D3AAO":3.9348067692433664,"D3B":34.67269688501419,"D4A":-99999,"D4C":-99999,"D4D":-99999,"D5AR":74123,"D5BR":-99999}},{"type":"Feature","id":162503,"geometry":{"type":"Polygon","coordinates":[[[-77.558752763551936,43.2141775881367],[-77.549082760641127,43.214555589455962],[-77.549203760116626,43.216324588776288],[-77.546522758812429,43.216429589645394],[-77.545609759666689,43.217608588880275],[-77.54524775837011,43.218741589795435],[-77.554818762445024,43.218168589672281],[-77.55529676229591,43.218205589746901],[-77.557401762941637,43.216142589372936],[-77.558286763396609,43.215091588200082],[-77.558752763551936,43.2141775881367]]]},"properties":{"OBJECTID":162503,"GEOID20":"360550108004","GEOID10":"360550108004","STATEFP":"36","COUNTYFP":"055","D1C":0.17175531599363267,"D1C5_RET":0,"D2B_E5MIXA":0.31091750708257115,"D3A":17.657222391380454,"D3AAO":2.3037863394181639,"D3B":43.984017348001416,"D4A":441.23000000000002,"D4C":2,"D4D":14.6564536315,"D5AR":69010,"D5BR":38432}},{"type":"Feature","id":162701,"geometry":{"type":"Polygon","coordinates":[[[-77.967216892124341,43.189314566201858],[-77.967160892047858,43.189060566282613],[-77.966953891460321,43.18885556640214],[-77.96286689109084,43.186709566454482],[-77.96249189027381,43.186432566231431],[-77.962372889549812,43.186227566694654],[-77.962402888788702,43.176634563379324],[-77.944839884448072,43.176677565069447],[-77.944951883702743,43.177583565028996],[-77.944812883785588,43.180354565959377],[-77.88373686419952,43.17985556831713],[-77.88026786432134,43.187592570657387],[-77.879435864468121,43.188879570800843],[-77.871998862249555,43.204060572942332],[-77.864835862362327,43.21976957668479],[-77.872378864886116,43.219704576330606],[-77.892128870786536,43.21981057427417],[-77.894853870675036,43.2116705736778],[-77.896791871814486,43.211902574007169],[-77.898258872775727,43.211979573131259],[-77.902922872730272,43.212038573406176],[-77.912398876370645,43.213786572399364],[-77.922373878879966,43.215106573206853],[-77.92227487824745,43.198239569798581],[-77.94365188494271,43.198384569292926],[-77.96719989330424,43.198338568564793],[-77.967216892124341,43.189314566201858]]]},"properties":{"OBJECTID":162701,"GEOID20":"360550154003","GEOID10":"360550154003","STATEFP":"36","COUNTYFP":"055","D1C":0.18914899015570288,"D1C5_RET":0.12966328513242942,"D2B_E5MIXA":0.58723392662320351,"D3A":3.0614621504320882,"D3AAO":0.35507350905431018,"D3B":4.5446654670604616,"D4A":941.47000000000003,"D4C":1,"D4D":0.112625531995,"D5AR":33665,"D5BR":6258}},{"type":"Feature","id":162730,"geometry":{"type":"Polygon","coordinates":[[[-77.4750177362573,43.213803592520392],[-77.474641736513661,43.211583591004207],[-77.474637734519064,43.196567589147207],[-77.462296731248117,43.196649589953601],[-77.462231730950791,43.206740591143067],[-77.462058731596741,43.20709759105987],[-77.461324731652809,43.207528591539258],[-77.461051730943041,43.207780591561772],[-77.460959729983202,43.208096591740059],[-77.461019730257675,43.208611592419885],[-77.458205730680703,43.209159592508961],[-77.451661728414706,43.209900592777196],[-77.451207727954952,43.207720591276697],[-77.452989728560482,43.207725591684664],[-77.452983727814384,43.204725591478692],[-77.453159728439786,43.204518592090452],[-77.453793728824607,43.204470591002696],[-77.454001728338739,43.20435059106471],[-77.454036728498849,43.202035590395759],[-77.456360728529361,43.202038590789229],[-77.456896729903193,43.202117590402047],[-77.456889728433865,43.201153590115986],[-77.455694729255811,43.201196590251577],[-77.455512729680919,43.201144590769047],[-77.455438727366129,43.199558590174718],[-77.454510728151774,43.199511590377469],[-77.454090728027197,43.199271590402425],[-77.453936727143102,43.198923590202455],[-77.453940728239388,43.197596590267544],[-77.453070727853017,43.197674590408653],[-77.452772727927169,43.197267589515512],[-77.452720727150322,43.196717590650593],[-77.452579727583327,43.196565589142132],[-77.443156724544735,43.196544590394673],[-77.443085725297934,43.210543593228699],[-77.4466507263339,43.210362592716962],[-77.446638726638326,43.215423593389467],[-77.449888728030018,43.215394593106808],[-77.45917373097636,43.214321593249004],[-77.466073732894486,43.213647592788753],[-77.467532733459834,43.213608592466123],[-77.473548736544529,43.21378359222458],[-77.472167735797015,43.213604592263742],[-77.4750177362573,43.213803592520392]]]},"properties":{"OBJECTID":162730,"GEOID20":"360550112081","GEOID10":"360550112081","STATEFP":"36","COUNTYFP":"055","D1C":3.4581216437568814,"D1C5_RET":1.5710865540472441,"D2B_E5MIXA":0.83150987077706928,"D3A":13.071027311068399,"D3AAO":0.35784208058585937,"D3B":51.436554602145193,"D4A":1130.5599999999999,"D4C":1,"D4D":0.65361078837700004,"D5AR":52117,"D5BR":17288}},{"type":"Feature","id":162731,"geometry":{"type":"Polygon","coordinates":[[[-77.462304730745714,43.199469590319019],[-77.462296731248117,43.196649589953601],[-77.452579727583327,43.196565589142132],[-77.452720727150322,43.196717590650593],[-77.452772727927169,43.197267589515512],[-77.453070727853017,43.197674590408653],[-77.453940728239388,43.197596590267544],[-77.453936727143102,43.198923590202455],[-77.454090728027197,43.199271590402425],[-77.454510728151774,43.199511590377469],[-77.455438727366129,43.199558590174718],[-77.455512729680919,43.201144590769047],[-77.455694729255811,43.201196590251577],[-77.456889728433865,43.201153590115986],[-77.456896729903193,43.202117590402047],[-77.456360728529361,43.202038590789229],[-77.454036728498849,43.202035590395759],[-77.454001728338739,43.20435059106471],[-77.453793728824607,43.204470591002696],[-77.453159728439786,43.204518592090452],[-77.452983727814384,43.204725591478692],[-77.452989728560482,43.207725591684664],[-77.451207727954952,43.207720591276697],[-77.451661728414706,43.209900592777196],[-77.458205730680703,43.209159592508961],[-77.461019730257675,43.208611592419885],[-77.460959729983202,43.208096591740059],[-77.461051730943041,43.207780591561772],[-77.461324731652809,43.207528591539258],[-77.462058731596741,43.20709759105987],[-77.462231730950791,43.206740591143067],[-77.462304730745714,43.199469590319019]]]},"properties":{"OBJECTID":162731,"GEOID20":"360550112082","GEOID10":"360550112082","STATEFP":"36","COUNTYFP":"055","D1C":0.76910542993897124,"D1C5_RET":0.20173257178727114,"D2B_E5MIXA":0.61387703117260817,"D3A":17.076402371459992,"D3AAO":0,"D3B":95.07790696612733,"D4A":-99999,"D4C":1,"D4D":2.68976765209,"D5AR":54221,"D5BR":-99999}},{"type":"Feature","id":162732,"geometry":{"type":"Polygon","coordinates":[[[-77.446802728466494,43.24489059814627],[-77.446684728465712,43.230767596641215],[-77.444766728316068,43.23077759629529],[-77.443785727601636,43.23088859574878],[-77.442510727159302,43.231279596718359],[-77.440822726265111,43.231990596226595],[-77.439609725747076,43.232212597058101],[-77.428551723314371,43.232369597140249],[-77.428805724655902,43.252271600438874],[-77.433899725679055,43.252168600603802],[-77.434651726064658,43.252237600645948],[-77.435368727188461,43.252479599720886],[-77.438192726811167,43.253788600650878],[-77.438739728055666,43.253935600974891],[-77.439086727486981,43.253891601017472],[-77.441345728118478,43.253111600302368],[-77.442541728918087,43.252862601022933],[-77.443295728953487,43.252413601139175],[-77.443279728161656,43.251310599921574],[-77.44390372939904,43.250894599859564],[-77.44678772929619,43.250759599230335],[-77.446802728466494,43.24489059814627]]]},"properties":{"OBJECTID":162732,"GEOID20":"360550113013","GEOID10":"360550113013","STATEFP":"36","COUNTYFP":"055","D1C":0.076706374548827352,"D1C5_RET":0,"D2B_E5MIXA":0.65056259975914132,"D3A":9.1710235834605172,"D3AAO":0,"D3B":24.242056185630616,"D4A":-99999,"D4C":-99999,"D4D":-99999,"D5AR":36635,"D5BR":-99999}},{"type":"Feature","id":162800,"geometry":{"type":"Polygon","coordinates":[[[-77.43214671191113,43.076459569271414],[-77.432124710373202,43.068548567547182],[-77.425361708722406,43.068920567892185],[-77.423999709139764,43.06885156788757],[-77.422877707061701,43.068562568042033],[-77.420292706915276,43.067290567305676],[-77.413260703854348,43.064847567569196],[-77.412303703429345,43.064576568091873],[-77.411456703507511,43.064482567501756],[-77.407156701804396,43.064493567682995],[-77.407084702732703,43.071703569171639],[-77.407458703724814,43.079389570448384],[-77.421241708740993,43.079182570128978],[-77.432103711355111,43.079151569526431],[-77.43214671191113,43.076459569271414]]]},"properties":{"OBJECTID":162800,"GEOID20":"360550117074","GEOID10":"360550117074","STATEFP":"36","COUNTYFP":"055","D1C":0.60750683699530605,"D1C5_RET":0.081388475769706078,"D2B_E5MIXA":0.92148423599179763,"D3A":10.564013214451148,"D3AAO":0,"D3B":32.880013851469727,"D4A":-99999,"D4C":0.33000000000000002,"D4D":0.30695082098499998,"D5AR":32299,"D5BR":-99999}},{"type":"Feature","id":162801,"geometry":{"type":"Polygon","coordinates":[[[-77.474790732883307,43.182897586422612],[-77.474796733629404,43.182336586466896],[-77.44339272364796,43.182173587131544],[-77.430709720070254,43.181926588016651],[-77.401141710222703,43.181632589401204],[-77.389409705425592,43.18162858972223],[-77.37853470239267,43.18168159036054],[-77.377391702194828,43.181739590215287],[-77.376814701711425,43.181867590061273],[-77.374712700540456,43.182735590779338],[-77.374690701697446,43.188871591386096],[-77.374995701295987,43.192730591792653],[-77.375050703344201,43.196395593055563],[-77.400364711519387,43.19630459184706],[-77.411480714576754,43.1963685915957],[-77.414744715313816,43.196305591853886],[-77.416918716454816,43.19640559179836],[-77.440425723910138,43.196672589976338],[-77.443156724544735,43.196544590394673],[-77.462296731248117,43.196649589953601],[-77.474637734519064,43.196567589147207],[-77.474790732883307,43.182897586422612]]]},"properties":{"OBJECTID":162801,"GEOID20":"360550115013","GEOID10":"360550115013","STATEFP":"36","COUNTYFP":"055","D1C":0.076035769703405198,"D1C5_RET":0.021414155549122283,"D2B_E5MIXA":0.84920631970323202,"D3A":3.8496915485377814,"D3AAO":0.1842658840295765,"D3B":8.3061845227140392,"D4A":-99999,"D4C":-99999,"D4D":-99999,"D5AR":46256,"D5BR":-99999}},{"type":"Feature","id":162802,"geometry":{"type":"Polygon","coordinates":[[[-77.475564730315256,43.142980578418943],[-77.475578730558965,43.142434579087166],[-77.463614725958237,43.142240579317352],[-77.461205726437242,43.142120578955613],[-77.451022722617139,43.140939579746401],[-77.444353721575979,43.141311580273488],[-77.442952720736969,43.141312580525572],[-77.440882719353041,43.141189580857507],[-77.43977371949039,43.143473581074012],[-77.438938719264144,43.144909580486775],[-77.435834718360624,43.149473581558539],[-77.432540717486333,43.154804583297768],[-77.431870718014835,43.156054584117364],[-77.431676717846059,43.156592583667305],[-77.431573717913906,43.16001358410297],[-77.462024727668279,43.160504583178543],[-77.462783727726574,43.160408581842624],[-77.463165727318,43.16024658289107],[-77.463843728083731,43.159682582705088],[-77.465732728819376,43.157763582078992],[-77.468122728972119,43.155089581076872],[-77.469928728968782,43.153702580777527],[-77.470467729817358,43.153501581665843],[-77.470931729424535,43.153457581954676],[-77.475332730511667,43.153520582007907],[-77.475564730315256,43.142980578418943]]]},"properties":{"OBJECTID":162802,"GEOID20":"360550115041","GEOID10":"360550115041","STATEFP":"36","COUNTYFP":"055","D1C":0.46106544622020956,"D1C5_RET":0.033784968041998112,"D2B_E5MIXA":0.63003985813901342,"D3A":5.5033982307892515,"D3AAO":0,"D3B":17.375815637749042,"D4A":-99999,"D4C":-99999,"D4D":-99999,"D5AR":46019,"D5BR":-99999}},{"type":"Feature","id":162803,"geometry":{"type":"Polygon","coordinates":[[[-77.475271730412302,43.156207581002363],[-77.475332730511667,43.153520582007907],[-77.470931729424535,43.153457581954676],[-77.470269730348946,43.153550580949421],[-77.469689730390797,43.153866581444284],[-77.468122728972119,43.155089581076872],[-77.465732728819376,43.157763582078992],[-77.463513727472545,43.159988582824703],[-77.463165727318,43.16024658289107],[-77.462384727518398,43.160486582980489],[-77.431573717913906,43.16001358410297],[-77.430709720070254,43.181926588016651],[-77.44339272364796,43.182173587131544],[-77.474796733629404,43.182336586466896],[-77.47478573286044,43.178668585758956],[-77.475271730412302,43.156207581002363]]]},"properties":{"OBJECTID":162803,"GEOID20":"360550115042","GEOID10":"360550115042","STATEFP":"36","COUNTYFP":"055","D1C":0.2262079543765077,"D1C5_RET":0.013200464181122465,"D2B_E5MIXA":0.59538200429663457,"D3A":5.028388626889722,"D3AAO":0,"D3B":13.786954807053982,"D4A":-99999,"D4C":-99999,"D4D":-99999,"D5AR":36047,"D5BR":-99999}},{"type":"Feature","id":162804,"geometry":{"type":"Polygon","coordinates":[[[-77.441811718392316,43.135883579442989],[-77.441901719702329,43.134598578884528],[-77.441278719188176,43.130744578864253],[-77.426711713999381,43.130542579224532],[-77.425882715417515,43.152771582777874],[-77.433699717577696,43.152902582580204],[-77.436881719197316,43.147835581680752],[-77.439485720508628,43.144004581116612],[-77.441399718663689,43.140154579812425],[-77.441742719693679,43.139001579592417],[-77.441811718392316,43.135883579442989]]]},"properties":{"OBJECTID":162804,"GEOID20":"360550115054","GEOID10":"360550115054","STATEFP":"36","COUNTYFP":"055","D1C":0.95785684644182489,"D1C5_RET":0.07199577603974501,"D2B_E5MIXA":0.57521711744453918,"D3A":10.726308230043932,"D3AAO":0,"D3B":39.61364668629065,"D4A":-99999,"D4C":5,"D4D":4.9085109395200002,"D5AR":50102,"D5BR":-99999}},{"type":"Feature","id":162805,"geometry":{"type":"Polygon","coordinates":[[[-77.459441724476733,43.129190576598987],[-77.459317724628193,43.129092576963579],[-77.457990724307336,43.129075577800293],[-77.458179723554906,43.123350576481975],[-77.456892723417027,43.123244576222966],[-77.452642721942638,43.123151576364045],[-77.4414807170579,43.123061577360041],[-77.441332718716538,43.126301577418864],[-77.441278719188176,43.130744578864253],[-77.453761722749334,43.130981577506525],[-77.45935972356267,43.131185577843006],[-77.459441724476733,43.129190576598987]]]},"properties":{"OBJECTID":162805,"GEOID20":"360550116014","GEOID10":"360550116014","STATEFP":"36","COUNTYFP":"055","D1C":4.0818904623704375,"D1C5_RET":2.7316467979730921,"D2B_E5MIXA":0.56005382456557362,"D3A":16.818118237664674,"D3AAO":0,"D3B":81.335103518157197,"D4A":588.75,"D4C":5,"D4D":10.7923018309,"D5AR":59792,"D5BR":15901}},{"type":"Feature","id":163394,"geometry":{"type":"Polygon","coordinates":[[[-77.655235796518227,43.251054590354897],[-77.655179796441743,43.250065590550356],[-77.655044796722521,43.249790590977014],[-77.654157796617724,43.249137590996121],[-77.653844795724964,43.248715590367667],[-77.653776796851218,43.247025590365446],[-77.652456796203055,43.247032590480785],[-77.652453795829999,43.246279590573238],[-77.652300796567445,43.246135590278868],[-77.650702795186632,43.246132590091911],[-77.650699794813576,43.244543589823564],[-77.64962379546121,43.244568590502432],[-77.648487794037734,43.244865590401552],[-77.648459794448655,43.243455590334079],[-77.646841794772982,43.243485589589305],[-77.646829794179112,43.252970591801684],[-77.65521779607657,43.252940591329065],[-77.655235796518227,43.251054590354897]]]},"properties":{"OBJECTID":163394,"GEOID20":"360550136011","GEOID10":"360550136011","STATEFP":"36","COUNTYFP":"055","D1C":0.8645340499473263,"D1C5_RET":0.13650537630747256,"D2B_E5MIXA":0.63265528735248977,"D3A":17.147039146558139,"D3AAO":0,"D3B":92.255793523642268,"D4A":760.41999999999996,"D4C":2.6699999999999999,"D4D":12.9589103908,"D5AR":57271,"D5BR":10273}},{"type":"Feature","id":163395,"geometry":{"type":"Polygon","coordinates":[[[-77.582244764650426,43.147215575578421],[-77.582953764479981,43.145864574705179],[-77.579617764671198,43.144921574939247],[-77.577910763510445,43.148161575112923],[-77.576628763395433,43.147795575853024],[-77.575268763462617,43.150373576122611],[-77.5800187645292,43.151426576119682],[-77.582244764650426,43.147215575578421]]]},"properties":{"OBJECTID":163395,"GEOID20":"360550031002","GEOID10":"360550031002","STATEFP":"36","COUNTYFP":"055","D1C":6.9857426868934454,"D1C5_RET":0.2287522794196846,"D2B_E5MIXA":0.76131188109259185,"D3A":23.333263193265044,"D3AAO":0,"D3B":146.43524378063552,"D4A":203.84999999999999,"D4C":4.6699999999999999,"D4D":52.591908671500001,"D5AR":102815,"D5BR":87475}},{"type":"Feature","id":163396,"geometry":{"type":"Polygon","coordinates":[[[-77.615001781180183,43.213051585657176],[-77.615333780542898,43.212483585769526],[-77.614500779966463,43.21220258635433],[-77.613894780967357,43.21221958596665],[-77.613850779688121,43.211646585446005],[-77.613721780714997,43.211451585696715],[-77.612140779950934,43.210900585291547],[-77.609643779668062,43.213586586766972],[-77.604156778284491,43.213749586010756],[-77.60362077780897,43.21381558719532],[-77.603747777132284,43.216597586862825],[-77.604653777503643,43.21661858721891],[-77.606071778959404,43.217390587185882],[-77.603419777069206,43.220053587218686],[-77.60409277871041,43.220224587043113],[-77.604272778635462,43.220175587571205],[-77.604589777929547,43.219917587364321],[-77.60483377832702,43.219861587682708],[-77.605874778417601,43.220145587313986],[-77.607016779688848,43.220210587852655],[-77.607395778907218,43.21970558708265],[-77.608592779531733,43.217640587081419],[-77.611811780062979,43.217548585824986],[-77.61176378038239,43.216716587257729],[-77.612883781014006,43.216694586608057],[-77.61285078050372,43.215780586347854],[-77.613980781181098,43.215131585963164],[-77.614466781427893,43.214373586082253],[-77.615029780769291,43.21391458621941],[-77.615001781180183,43.213051585657176]]]},"properties":{"OBJECTID":163396,"GEOID20":"360550103004","GEOID10":"360550103004","STATEFP":"36","COUNTYFP":"055","D1C":0.52537685500716691,"D1C5_RET":0,"D2B_E5MIXA":0.4128947339446527,"D3A":22.876881428916004,"D3AAO":0,"D3B":138.82491302188106,"D4A":285.66000000000003,"D4C":5,"D4D":26.685808508299999,"D5AR":70268,"D5BR":86850}},{"type":"Feature","id":163397,"geometry":{"type":"Polygon","coordinates":[[[-77.452401719223261,43.096646571609988],[-77.452656719491401,43.094367571410963],[-77.447692718164546,43.093162571165045],[-77.446998717505295,43.094717571796679],[-77.446990718007683,43.098640572438889],[-77.447779718203194,43.098663572637399],[-77.447744718941408,43.101534572373915],[-77.452219719648383,43.101565572799728],[-77.452255719633399,43.099027572832249],[-77.452126718863653,43.098990572671568],[-77.452401719223261,43.096646571609988]]]},"properties":{"OBJECTID":163397,"GEOID20":"360550118004","GEOID10":"360550118004","STATEFP":"36","COUNTYFP":"055","D1C":0.45396180410776416,"D1C5_RET":0.068094270616164632,"D2B_E5MIXA":0.62871899777207263,"D3A":16.90449213546076,"D3AAO":0,"D3B":53.291482958684504,"D4A":312.48000000000002,"D4C":1.3300000000000001,"D4D":9.6603069831100008,"D5AR":48074,"D5BR":6986}},{"type":"Feature","id":163398,"geometry":{"type":"Polygon","coordinates":[[[-77.64873678816987,43.168706576799153],[-77.64872178810127,43.164659575671244],[-77.643284785149788,43.164644575653064],[-77.643304787037906,43.169011575818914],[-77.647311787939728,43.169014576525612],[-77.64873678816987,43.168706576799153]]]},"properties":{"OBJECTID":163398,"GEOID20":"360550040002","GEOID10":"360550040002","STATEFP":"36","COUNTYFP":"055","D1C":2.2786056271789596,"D1C5_RET":0.26448101029755783,"D2B_E5MIXA":0.66798171641312165,"D3A":22.191192903407782,"D3AAO":0,"D3B":81.355565456071147,"D4A":458.66000000000003,"D4C":6.3300000000000001,"D4D":77.220082371700002,"D5AR":100768,"D5BR":158760}},{"type":"Feature","id":163399,"geometry":{"type":"Polygon","coordinates":[[[-77.637025785085797,43.186201579903091],[-77.637018785413105,43.185297579161293],[-77.6348737845844,43.185304579816197],[-77.634889785376259,43.182733579185502],[-77.631593784852143,43.182733579840537],[-77.630816784352191,43.186281580541205],[-77.637025785085797,43.186201579903091]]]},"properties":{"OBJECTID":163399,"GEOID20":"360550021002","GEOID10":"360550021002","STATEFP":"36","COUNTYFP":"055","D1C":1.2687104585240425,"D1C5_RET":0,"D2B_E5MIXA":0,"D3A":25.048826920359996,"D3AAO":0,"D3B":128.92997700867159,"D4A":375.50999999999999,"D4C":11.67,"D4D":225.61296021800001,"D5AR":96190,"D5BR":86921}},{"type":"Feature","id":163400,"geometry":{"type":"Polygon","coordinates":[[[-77.48621972874858,43.080832567309415],[-77.486068728237541,43.078879567059587],[-77.48300372859039,43.078583567499564],[-77.482906728506009,43.07891856748018],[-77.482525728739503,43.079538567097906],[-77.482548727407405,43.079883567861771],[-77.482728727332457,43.080169567651836],[-77.4831327275635,43.08023456762669],[-77.483214727579281,43.080317567060334],[-77.482810727348237,43.080662568030696],[-77.482197727778114,43.080915568557451],[-77.482167727640913,43.081124567462879],[-77.482339727170043,43.08148056823903],[-77.482130727830977,43.081897567475949],[-77.481344728008523,43.082106568280402],[-77.479039726447951,43.082491567723295],[-77.478291727158634,43.082705567960893],[-77.477967726395221,43.083017568206472],[-77.477827726653132,43.083561568653103],[-77.478254727348713,43.08367156828411],[-77.478277726016628,43.08379256837177],[-77.478187727401561,43.083847567676528],[-77.47758872627854,43.083798568966344],[-77.477364726870874,43.083940569525915],[-77.476974725985215,43.083984568736149],[-77.476787726387457,43.084100568172637],[-77.476787727285782,43.084176567842725],[-77.477184726047511,43.084440568830104],[-77.477364725972564,43.084697568308322],[-77.477372726368472,43.084972568804915],[-77.47752272705462,43.085103568194661],[-77.477177726374805,43.085389568548251],[-77.477365725797455,43.085756568461321],[-77.477223726405555,43.085894569034316],[-77.477050726153209,43.085883569413639],[-77.476901726190292,43.085773569161994],[-77.476788726212376,43.085565568909637],[-77.476983726206029,43.085361569338772],[-77.476855727057853,43.085296568898634],[-77.476646725922151,43.085417568401027],[-77.476564725906385,43.085773568505914],[-77.476040726024749,43.085675569534843],[-77.47598072575029,43.085779568906446],[-77.476347726171412,43.08614156924088],[-77.476871726053048,43.086245568477423],[-77.477231726801463,43.0865145689136],[-77.477852726767495,43.086508568585053],[-77.478002726555331,43.08672256922388],[-77.477808727284881,43.087331569234735],[-77.477531727275434,43.087282569374914],[-77.477351727350381,43.087018569482332],[-77.477119727546807,43.087117569411355],[-77.477119726648482,43.087501569689756],[-77.47765172602773,43.087924568809072],[-77.477636726857426,43.088006569165763],[-77.476768727019206,43.088242569531673],[-77.476715726417439,43.088379568634828],[-77.47714272801133,43.088527568547526],[-77.47735272627699,43.08874156934916],[-77.477353727000221,43.089526569757091],[-77.477555727564891,43.089592569430636],[-77.477878726706763,43.089366568881509],[-77.478116727256463,43.089339569967727],[-77.478318726922808,43.089410569442791],[-77.478386727593204,43.089586569403615],[-77.478049726410973,43.089888569596809],[-77.477473726650814,43.08998156949113],[-77.476964727736103,43.090492569452152],[-77.475572727117921,43.091205569372661],[-77.475565726546904,43.09163356922739],[-77.476666727810269,43.092670570090952],[-77.476711727117788,43.092944569830131],[-77.476607727360729,43.093356570472736],[-77.475798727073723,43.093916570322158],[-77.475642726539817,43.094541570836917],[-77.475500727147889,43.094761570481651],[-77.47501372707616,43.094766570300386],[-77.474676726792282,43.094915570221879],[-77.47430972637116,43.094876570801368],[-77.474175726476858,43.094926570188498],[-77.474324726439789,43.095085570618444],[-77.47478172637426,43.095222570158604],[-77.474931727060422,43.095381570475972],[-77.47451272676075,43.095881570194592],[-77.474580726532821,43.09618857119213],[-77.474880727905102,43.096583570681567],[-77.474872726610869,43.096775570310207],[-77.473802726207964,43.097565570975163],[-77.473562726906763,43.09756057138496],[-77.473278726326313,43.097434571999898],[-77.472978725852343,43.097587571266303],[-77.471811726263383,43.098746571371215],[-77.47152072601024,43.099382572262414],[-77.471528726406163,43.100665572183132],[-77.477816728579114,43.099567571657765],[-77.483363731135441,43.099062570428607],[-77.481922728316832,43.10118857063965],[-77.483428729636145,43.101330571550072],[-77.483481730237912,43.10056057093238],[-77.484666730268543,43.098941570332528],[-77.486115729889818,43.098800571387962],[-77.486094730871741,43.087780569325176],[-77.48621972874858,43.080832567309415]]]},"properties":{"OBJECTID":163400,"GEOID20":"360550119024","GEOID10":"360550119024","STATEFP":"36","COUNTYFP":"055","D1C":0.60128403656397056,"D1C5_RET":0.4063364778342457,"D2B_E5MIXA":0.57426202639493595,"D3A":11.880930820027599,"D3AAO":0.82742631371173225,"D3B":38.596422307041266,"D4A":-99999,"D4C":2.6699999999999999,"D4D":4.0135709440599996,"D5AR":60144,"D5BR":-99999}},{"type":"Feature","id":163401,"geometry":{"type":"Polygon","coordinates":[[[-77.592680773580412,43.201413584427598],[-77.592390772253864,43.196398583903175],[-77.59170177161748,43.196292583250433],[-77.591627771099311,43.195077583573863],[-77.584599769134641,43.195419583314418],[-77.585073770584216,43.203178585567379],[-77.591435773275322,43.202944584999258],[-77.591321773472501,43.201462584568844],[-77.592680773580412,43.201413584427598]]]},"properties":{"OBJECTID":163401,"GEOID20":"360550106022","GEOID10":"360550106022","STATEFP":"36","COUNTYFP":"055","D1C":4.9662170628478153,"D1C5_RET":2.6741168799949775,"D2B_E5MIXA":0.69686447046114242,"D3A":19.340901507887331,"D3AAO":0,"D3B":116.4773587341859,"D4A":925.37,"D4C":5,"D4D":24.948029201099999,"D5AR":78836,"D5BR":39021}},{"type":"Feature","id":163402,"geometry":{"type":"Polygon","coordinates":[[[-77.586936770482282,43.181707581041337],[-77.587333769243983,43.181123581307858],[-77.583289768532239,43.181410581928773],[-77.583251768897398,43.180773581249156],[-77.582313768738985,43.180868581107887],[-77.582343767977903,43.181261581049043],[-77.580482766831338,43.181329581860531],[-77.580543767829013,43.182127582044302],[-77.578795767558688,43.182169582247695],[-77.578940767323644,43.184477581942609],[-77.584251768081785,43.184305581908099],[-77.586390769961014,43.18250858091335],[-77.586936770482282,43.181707581041337]]]},"properties":{"OBJECTID":163402,"GEOID20":"360550082003","GEOID10":"360550082003","STATEFP":"36","COUNTYFP":"055","D1C":0.21598218305952649,"D1C5_RET":0.021598218305952648,"D2B_E5MIXA":0.2019854079986195,"D3A":29.145089417942277,"D3AAO":0,"D3B":202.79517489064403,"D4A":281.63999999999999,"D4C":6.3300000000000001,"D4D":87.4987020011,"D5AR":102857,"D5BR":88041}},{"type":"Feature","id":163403,"geometry":{"type":"Polygon","coordinates":[[[-77.576312764824578,43.17118257938629],[-77.576316765920836,43.171125580405217],[-77.574107764619754,43.171179580096386],[-77.574168763820808,43.171047580402991],[-77.574019763857905,43.16859258005902],[-77.571616763286343,43.169973580424099],[-77.571684763956711,43.171244579746286],[-77.571845763615201,43.171240580041967],[-77.570463763042753,43.173803581422483],[-77.570387763773113,43.174158580700379],[-77.571372764685492,43.174135581365135],[-77.571448764853486,43.173990581255033],[-77.574889765142572,43.173925579941816],[-77.576312764824578,43.17118257938629]]]},"properties":{"OBJECTID":163403,"GEOID20":"360550054003","GEOID10":"360550054003","STATEFP":"36","COUNTYFP":"055","D1C":0.12869505046300234,"D1C5_RET":0,"D2B_E5MIXA":0,"D3A":24.880251307056756,"D3AAO":0,"D3B":131.83315057349219,"D4A":103.27,"D4C":10,"D4D":164.729664593,"D5AR":96903,"D5BR":91646}},{"type":"Feature","id":163657,"geometry":{"type":"Polygon","coordinates":[[[-77.591726769036882,43.147198574898646],[-77.592520768356948,43.145869574937635],[-77.589363767750001,43.144059574837442],[-77.586295765933187,43.149889576379145],[-77.586808766842495,43.150015575256859],[-77.589879767235729,43.150428575910517],[-77.591726769036882,43.147198574898646]]]},"properties":{"OBJECTID":163657,"GEOID20":"360550031005","GEOID10":"360550031005","STATEFP":"36","COUNTYFP":"055","D1C":5.191129261596684,"D1C5_RET":0.55542946831898676,"D2B_E5MIXA":0.64920545453560885,"D3A":25.868154728987914,"D3AAO":0,"D3B":127.65649097093856,"D4A":319.19,"D4C":5,"D4D":68.360549946999996,"D5AR":99942,"D5BR":95554}},{"type":"Feature","id":163659,"geometry":{"type":"Polygon","coordinates":[[[-77.584403764824486,43.148329576123736],[-77.585313765393835,43.146509575097198],[-77.582953764479981,43.145864574705179],[-77.5800187645292,43.151426576119682],[-77.582564766114189,43.152040576404296],[-77.583837765110061,43.149242576016889],[-77.584031767075459,43.149212576271552],[-77.584403764824486,43.148329576123736]]]},"properties":{"OBJECTID":163659,"GEOID20":"360550029001","GEOID10":"360550029001","STATEFP":"36","COUNTYFP":"055","D1C":1.8039169032882405,"D1C5_RET":0,"D2B_E5MIXA":0.40002924648421545,"D3A":18.43059075050072,"D3AAO":0,"D3B":75.3555182098317,"D4A":170.31999999999999,"D4C":4.6699999999999999,"D4D":87.97756751,"D5AR":103336,"D5BR":88249}},{"type":"Feature","id":163660,"geometry":{"type":"Polygon","coordinates":[[[-77.594692768949812,43.14208557386246],[-77.594757769247153,43.141948574333917],[-77.593765768662053,43.141824573735221],[-77.592136768217387,43.141781574383394],[-77.58619476654917,43.142254574111426],[-77.592520768356948,43.145869574937635],[-77.594692768949812,43.14208557386246]]]},"properties":{"OBJECTID":163660,"GEOID20":"360550030001","GEOID10":"360550030001","STATEFP":"36","COUNTYFP":"055","D1C":7.5487101228970284,"D1C5_RET":1.3678870692497971,"D2B_E5MIXA":0.84247061839602377,"D3A":29.562117950318896,"D3AAO":5.57488419977539,"D3B":102.71919965353143,"D4A":227.99000000000001,"D4C":4.3300000000000001,"D4D":70.197937894500001,"D5AR":111637,"D5BR":86916}},{"type":"Feature","id":163665,"geometry":{"type":"Polygon","coordinates":[[[-77.600143771246678,43.146715574427688],[-77.600792770801803,43.146449574875312],[-77.598771770719978,43.143864574770269],[-77.598147770380905,43.14327957476943],[-77.597383770299743,43.142744574069638],[-77.597482769135652,43.142601574632145],[-77.59666876972409,43.142249574238754],[-77.595841768995427,43.142041573798529],[-77.596065769301418,43.142256573273826],[-77.594757769247153,43.141948574333917],[-77.592520768356948,43.145869574937635],[-77.597671771078168,43.148836575461893],[-77.598497771083586,43.147399575732727],[-77.600143771246678,43.146715574427688]]]},"properties":{"OBJECTID":163665,"GEOID20":"360550030002","GEOID10":"360550030002","STATEFP":"36","COUNTYFP":"055","D1C":3.7832666919776319,"D1C5_RET":0.46032142259803882,"D2B_E5MIXA":0.58340922636256243,"D3A":25.242384694430289,"D3AAO":2.5687097893109336,"D3B":95.157644479466583,"D4A":249.44999999999999,"D4C":10.67,"D4D":98.232591582400005,"D5AR":112776,"D5BR":107203}},{"type":"Feature","id":163666,"geometry":{"type":"Polygon","coordinates":[[[-77.578684763637341,43.146701574756065],[-77.578902764993856,43.146269575822615],[-77.574271762854636,43.144960575901187],[-77.571699762228704,43.149519576508986],[-77.575268763462617,43.150373576122611],[-77.576628763395433,43.147795575853024],[-77.577910763510445,43.148161575112923],[-77.578684763637341,43.146701574756065]]]},"properties":{"OBJECTID":163666,"GEOID20":"360550031001","GEOID10":"360550031001","STATEFP":"36","COUNTYFP":"055","D1C":11.961668676703738,"D1C5_RET":0.36838472373906439,"D2B_E5MIXA":0.75254231829723239,"D3A":23.554096015280294,"D3AAO":0,"D3B":124.85901808274058,"D4A":119.36,"D4C":6.6699999999999999,"D4D":92.503571099799998,"D5AR":107613,"D5BR":88045}},{"type":"Feature","id":163667,"geometry":{"type":"Polygon","coordinates":[[[-77.587213766000119,43.142845574140047],[-77.58619476654917,43.142254574111426],[-77.583293765136929,43.142595574556729],[-77.575189762921596,43.14335557504895],[-77.574271762854636,43.144960575901187],[-77.578902764993856,43.146269575822615],[-77.58035276444005,43.143522573977251],[-77.587213766000119,43.142845574140047]]]},"properties":{"OBJECTID":163667,"GEOID20":"360550031003","GEOID10":"360550031003","STATEFP":"36","COUNTYFP":"055","D1C":1.7849517288364165,"D1C5_RET":0.17849517288364167,"D2B_E5MIXA":0.46095751044368793,"D3A":22.474458808447253,"D3AAO":6.7449211882079174,"D3B":81.630432435563478,"D4A":527.05999999999995,"D4C":4.3300000000000001,"D4D":70.663689013600006,"D5AR":111526,"D5BR":95382}},{"type":"Feature","id":163668,"geometry":{"type":"Polygon","coordinates":[[[-77.589363767750001,43.144059574837442],[-77.587213766000119,43.142845574140047],[-77.58035276444005,43.143522573977251],[-77.579617764671198,43.144921574939247],[-77.585313765393835,43.146509575097198],[-77.587738766604986,43.147102574941989],[-77.589363767750001,43.144059574837442]]]},"properties":{"OBJECTID":163668,"GEOID20":"360550031004","GEOID10":"360550031004","STATEFP":"36","COUNTYFP":"055","D1C":1.6582261501042022,"D1C5_RET":0.087275060531800105,"D2B_E5MIXA":0.76578666335540035,"D3A":21.561876161751091,"D3AAO":0,"D3B":63.329576723811172,"D4A":628.99000000000001,"D4C":4.3300000000000001,"D4D":48.371329549099997,"D5AR":88830,"D5BR":94926}},{"type":"Feature","id":163753,"geometry":{"type":"Polygon","coordinates":[[[-77.659148795912103,43.21608858428003],[-77.65928579528115,43.215675584361215],[-77.653767793935444,43.217592584536149],[-77.651568791781784,43.215249583630602],[-77.651446793379662,43.216018584856833],[-77.651408793744821,43.217890585297312],[-77.651581793098885,43.218374584989661],[-77.647206791052696,43.219979585362061],[-77.644830792041958,43.221293585453033],[-77.645239792295868,43.221766585561028],[-77.645241791945708,43.223722586462422],[-77.659053795477533,43.223758585573613],[-77.658933795826954,43.216744584621196],[-77.659148795912103,43.21608858428003]]]},"properties":{"OBJECTID":163753,"GEOID20":"360550139014","GEOID10":"360550139014","STATEFP":"36","COUNTYFP":"055","D1C":0.78504788820155458,"D1C5_RET":0.10654221339878241,"D2B_E5MIXA":0.61827506392458398,"D3A":15.488515598666947,"D3AAO":0,"D3B":58.598146191516022,"D4A":696.03999999999996,"D4C":5.3300000000000001,"D4D":19.113158264500001,"D5AR":69592,"D5BR":33627}},{"type":"Feature","id":163754,"geometry":{"type":"Polygon","coordinates":[[[-77.643030787401528,43.172346577080638],[-77.643007785140355,43.169011576474055],[-77.638751785614815,43.169007577933876],[-77.635834784309054,43.170241577386292],[-77.632203782252546,43.170274577935672],[-77.632214783919835,43.173602578336471],[-77.63078378204527,43.173576577654281],[-77.631181782428541,43.174348577925137],[-77.639459785619465,43.174364577892014],[-77.639451786121853,43.173898578368082],[-77.640313785213991,43.1738945775273],[-77.639642785019248,43.172345577336429],[-77.643030787401528,43.172346577080638]]]},"properties":{"OBJECTID":163754,"GEOID20":"360550024002","GEOID10":"360550024002","STATEFP":"36","COUNTYFP":"055","D1C":1.3618879708057583,"D1C5_RET":0.15936986892407809,"D2B_E5MIXA":0.22426946371557699,"D3A":20.849490862359655,"D3AAO":0,"D3B":137.38489400765025,"D4A":227.99000000000001,"D4C":11.67,"D4D":72.846640604699999,"D5AR":95687,"D5BR":128868}},{"type":"Feature","id":163755,"geometry":{"type":"Polygon","coordinates":[[[-77.62957978444301,43.191495581051107],[-77.629716783812043,43.190923581782307],[-77.624909781945746,43.190919581402149],[-77.624203783387529,43.1938615819261],[-77.624232782801542,43.19415558189781],[-77.62529678335666,43.194247581767272],[-77.627787783791746,43.194181581675657],[-77.628789783524283,43.194632581752373],[-77.62957978444301,43.191495581051107]]]},"properties":{"OBJECTID":163755,"GEOID20":"360550020002","GEOID10":"360550020002","STATEFP":"36","COUNTYFP":"055","D1C":1.4599670944193373,"D1C5_RET":0.56152580554589893,"D2B_E5MIXA":0.71906368606532345,"D3A":21.169740754107078,"D3AAO":0.73157512573122307,"D3B":47.940827174286667,"D4A":355.39999999999998,"D4C":7.6699999999999999,"D4D":137.820893713,"D5AR":81286,"D5BR":86502}},{"type":"Feature","id":163849,"geometry":{"type":"Polygon","coordinates":[[[-77.648744789464118,43.19216758053858],[-77.648744790362429,43.19167858072948],[-77.638887786955564,43.191690580410068],[-77.638864787389338,43.194761582102217],[-77.645332789487369,43.194790581062001],[-77.645279788885603,43.193889581922043],[-77.648737790689751,43.193889581922043],[-77.648744789464118,43.19216758053858]]]},"properties":{"OBJECTID":163849,"GEOID20":"360550020006","GEOID10":"360550020006","STATEFP":"36","COUNTYFP":"055","D1C":0.99442739677995651,"D1C5_RET":0.35864594637965641,"D2B_E5MIXA":0.73965127714227263,"D3A":19.602636561642271,"D3AAO":0,"D3B":80.023691890384441,"D4A":312.48000000000002,"D4C":6,"D4D":62.600019731700002,"D5AR":82168,"D5BR":86605}},{"type":"Feature","id":163850,"geometry":{"type":"Polygon","coordinates":[[[-77.56443976135877,43.174138580509869],[-77.564307761114279,43.171427580515761],[-77.559886759935665,43.171536580384171],[-77.559504759445929,43.171488580213641],[-77.55899075961004,43.172332580659969],[-77.558743759737837,43.173038581564619],[-77.556869759070807,43.176403581249836],[-77.56333476169408,43.176214581583345],[-77.56443976135877,43.174138580509869]]]},"properties":{"OBJECTID":163850,"GEOID20":"360550054001","GEOID10":"360550054001","STATEFP":"36","COUNTYFP":"055","D1C":1.7686531801978316,"D1C5_RET":0.65737551830361884,"D2B_E5MIXA":0.76378362676101752,"D3A":23.511507720204925,"D3AAO":0,"D3B":110.22872690915079,"D4A":277.61000000000001,"D4C":10.33,"D4D":103.4771673,"D5AR":94976,"D5BR":86908}},{"type":"Feature","id":163851,"geometry":{"type":"Polygon","coordinates":[[[-77.559504759445929,43.171488580213641],[-77.559348759810334,43.170606580683859],[-77.558596759424731,43.169022580811742],[-77.558102758781999,43.168360580806116],[-77.552703757262009,43.168553580418489],[-77.551266757336307,43.172522581600326],[-77.558650759851403,43.172257581436391],[-77.55899075961004,43.172332580659969],[-77.559504759445929,43.171488580213641]]]},"properties":{"OBJECTID":163851,"GEOID20":"360550111004","GEOID10":"360550111004","STATEFP":"36","COUNTYFP":"055","D1C":0.12990076135534448,"D1C5_RET":0.06495038067767224,"D2B_E5MIXA":0.64601483711008956,"D3A":23.012647562735832,"D3AAO":0,"D3B":76.215374702407715,"D4A":512.30999999999995,"D4C":8.3300000000000001,"D4D":86.565867367199999,"D5AR":94597,"D5BR":86644}},{"type":"Feature","id":163852,"geometry":{"type":"Polygon","coordinates":[[[-77.659634794362276,43.198615580895307],[-77.659654794453772,43.197812580893249],[-77.656542793154344,43.197816580821616],[-77.656551792476861,43.19389858102921],[-77.649323790495671,43.19389858102921],[-77.649291790708617,43.19896658077711],[-77.656174792009992,43.198780582098735],[-77.659634795260601,43.198778581511327],[-77.659634794362276,43.198615580895307]]]},"properties":{"OBJECTID":163852,"GEOID20":"360550018006","GEOID10":"360550018006","STATEFP":"36","COUNTYFP":"055","D1C":0.19532140211399573,"D1C5_RET":0,"D2B_E5MIXA":0,"D3A":21.725153811031213,"D3AAO":0.98533847209941827,"D3B":159.38226412502053,"D4A":305.77999999999997,"D4C":1.3300000000000001,"D4D":9.7798574987899993,"D5AR":89062,"D5BR":1577}},{"type":"Feature","id":163854,"geometry":{"type":"Polygon","coordinates":[[[-77.45902972205316,43.10766357286662],[-77.459031722601281,43.106756573538753],[-77.454374720522821,43.103216572691821],[-77.454544720402126,43.103015572237254],[-77.453872721280788,43.102864573210645],[-77.451502720321216,43.103730573039087],[-77.44973471995938,43.104192573606262],[-77.448162718517835,43.104422573366662],[-77.447200718069965,43.104245573208459],[-77.44534071764663,43.103754573503636],[-77.443449717261174,43.102393572989918],[-77.441932716071207,43.101513573092134],[-77.441852716603591,43.105692574221166],[-77.438153714775012,43.105655574153147],[-77.438113716388671,43.108369574568052],[-77.459010722684894,43.108637573449556],[-77.45902972205316,43.10766357286662]]]},"properties":{"OBJECTID":163854,"GEOID20":"360550118006","GEOID10":"360550118006","STATEFP":"36","COUNTYFP":"055","D1C":3.2166851795127731,"D1C5_RET":0.10101986514172345,"D2B_E5MIXA":0.76362148297228172,"D3A":13.669839286406896,"D3AAO":0,"D3B":49.393560239468329,"D4A":403.68000000000001,"D4C":1.6699999999999999,"D4D":5.6220859869100002,"D5AR":50013,"D5BR":5828}},{"type":"Feature","id":163855,"geometry":{"type":"Polygon","coordinates":[[[-77.767534814515145,43.027949545973286],[-77.761262813134039,43.021050544253121],[-77.760659811813042,43.02056754515273],[-77.7602768114984,43.020369544917074],[-77.758266811287243,43.019643544938816],[-77.755301810300907,43.01952854530176],[-77.751028809260305,43.019657544777125],[-77.751106809078109,43.021335545717172],[-77.750320810153951,43.028254546902659],[-77.760329812998478,43.028337546451894],[-77.767534814515145,43.027949545973286]]]},"properties":{"OBJECTID":163855,"GEOID20":"360550147002","GEOID10":"360550147002","STATEFP":"36","COUNTYFP":"055","D1C":1.4329573014548098,"D1C5_RET":0,"D2B_E5MIXA":0.19043660968267176,"D3A":12.538507665866844,"D3AAO":0,"D3B":31.445865890262915,"D4A":-99999,"D4C":-99999,"D4D":-99999,"D5AR":41262,"D5BR":-99999}},{"type":"Feature","id":163936,"geometry":{"type":"Polygon","coordinates":[[[-77.638877786011506,43.18529257953513],[-77.638833785630581,43.18172157989855],[-77.631684784190412,43.181695579398095],[-77.631593784852143,43.182733579840537],[-77.634889785376259,43.182733579185502],[-77.6348737845844,43.185304579816197],[-77.638877786011506,43.18529257953513]]]},"properties":{"OBJECTID":163936,"GEOID20":"360550022001","GEOID10":"360550022001","STATEFP":"36","COUNTYFP":"055","D1C":0.50520181044120782,"D1C5_RET":0.25260090522060391,"D2B_E5MIXA":0.75840593484403596,"D3A":25.212907442883505,"D3AAO":0,"D3B":145.54662776626014,"D4A":214.58000000000001,"D4C":11.67,"D4D":188.662573146,"D5AR":95751,"D5BR":87957}},{"type":"Feature","id":163945,"geometry":{"type":"Polygon","coordinates":[[[-77.638223785535217,43.179323579470648],[-77.63821578513928,43.176931578518179],[-77.634191783620707,43.176996578597027],[-77.632707783839322,43.177381578653439],[-77.63078378204527,43.173576577654281],[-77.630592782249551,43.173572577447537],[-77.629189781760729,43.173952578227933],[-77.631131782199816,43.177785578904967],[-77.631743783741641,43.179349579016076],[-77.631745784289777,43.180952578632677],[-77.632837784433988,43.180952579287741],[-77.632829784038051,43.179358578956887],[-77.638223785535217,43.179323579470648]]]},"properties":{"OBJECTID":163945,"GEOID20":"360550023002","GEOID10":"360550023002","STATEFP":"36","COUNTYFP":"055","D1C":1.7352670545818445,"D1C5_RET":0.37723196838735751,"D2B_E5MIXA":0.73391059428279914,"D3A":24.995738075269816,"D3AAO":0,"D3B":128.79001186319093,"D4A":370.14999999999998,"D4C":11.67,"D4D":140.87350627500001,"D5AR":99392,"D5BR":86974}},{"type":"Feature","id":163946,"geometry":{"type":"Polygon","coordinates":[[[-77.638833785630581,43.18172157989855],[-77.638826785957875,43.180942579323307],[-77.637582785477704,43.180948578909117],[-77.637567784510779,43.179323578815577],[-77.632829784038051,43.179358578956887],[-77.632837784433988,43.180952579287741],[-77.631745784289777,43.180952578632677],[-77.631684784190412,43.181695579398095],[-77.638833785630581,43.18172157989855]]]},"properties":{"OBJECTID":163946,"GEOID20":"360550022002","GEOID10":"360550022002","STATEFP":"36","COUNTYFP":"055","D1C":0.87057265921293969,"D1C5_RET":0.06964581273703517,"D2B_E5MIXA":0.65434017340241524,"D3A":25.43157799491631,"D3AAO":0,"D3B":170.91641695302562,"D4A":0,"D4C":11.67,"D4D":260.085354784,"D5AR":97968,"D5BR":86878}},{"type":"Feature","id":163947,"geometry":{"type":"Polygon","coordinates":[[[-77.649043790113168,43.180071577842185],[-77.649044789938088,43.179262579082859],[-77.641862787089323,43.179300578805424],[-77.641893787051472,43.180932579357282],[-77.644525788850174,43.180914579283254],[-77.644556788812309,43.182596579072808],[-77.647394788678739,43.182592579456994],[-77.647371789112512,43.180898578412389],[-77.649041789565047,43.180891577907239],[-77.649043790113168,43.180071577842185]]]},"properties":{"OBJECTID":163947,"GEOID20":"360550022004","GEOID10":"360550022004","STATEFP":"36","COUNTYFP":"055","D1C":1.1994823949951576,"D1C5_RET":0,"D2B_E5MIXA":0.26750316650461925,"D3A":27.662410808034434,"D3AAO":0,"D3B":203.62413137437795,"D4A":0,"D4C":6.6699999999999999,"D4D":116.37160108499999,"D5AR":99771,"D5BR":86568}},{"type":"Feature","id":163948,"geometry":{"type":"Polygon","coordinates":[[[-77.632214783919835,43.173602578336471],[-77.632203782252546,43.170274577935672],[-77.629006781462621,43.170271577290883],[-77.62802278217174,43.168932577247872],[-77.626847782186857,43.169424577159447],[-77.624764780384155,43.166643577194705],[-77.623144780160345,43.167349577686402],[-77.622915779831473,43.167367577828024],[-77.62343978061142,43.169178578026646],[-77.622931780623318,43.169836577232417],[-77.622443779828373,43.170050577429961],[-77.622930779900088,43.171242578256276],[-77.624020781292813,43.172716577626616],[-77.626147780781508,43.173252577749331],[-77.627493781368912,43.17407357804391],[-77.628203781921727,43.175017577754097],[-77.628179783428919,43.175696578940631],[-77.627880781881544,43.176375579128248],[-77.627372780995103,43.17643457911511],[-77.627493782267237,43.178359578735396],[-77.627959782422565,43.179465579170866],[-77.628203781921727,43.181025579764359],[-77.631745784289777,43.180952578632677],[-77.631743783741641,43.179349579016076],[-77.631131782199816,43.177785578904967],[-77.629189781760729,43.173952578227933],[-77.630652783422335,43.173565578067858],[-77.632214783919835,43.173602578336471]]]},"properties":{"OBJECTID":163948,"GEOID20":"360550023001","GEOID10":"360550023001","STATEFP":"36","COUNTYFP":"055","D1C":4.7679294575570461,"D1C5_RET":0.37065175995143113,"D2B_E5MIXA":0.60777171573208377,"D3A":15.935234117357677,"D3AAO":0,"D3B":89.894511932027001,"D4A":234.69999999999999,"D4C":19,"D4D":102.434672347,"D5AR":102460,"D5BR":89979}},{"type":"Feature","id":163949,"geometry":{"type":"Polygon","coordinates":[[[-77.639459785619465,43.175188578053088],[-77.639459785619465,43.174364577892014],[-77.631181782428541,43.174348577925137],[-77.632707783839322,43.177381578653439],[-77.634191783620707,43.176996578597027],[-77.63821578513928,43.176931578518179],[-77.638223785535217,43.175191577801229],[-77.639459785619465,43.175188578053088]]]},"properties":{"OBJECTID":163949,"GEOID20":"360550023003","GEOID10":"360550023003","STATEFP":"36","COUNTYFP":"055","D1C":0,"D1C5_RET":0,"D2B_E5MIXA":0,"D3A":31.636955174791819,"D3AAO":0,"D3B":212.95474463667068,"D4A":411.72000000000003,"D4C":11.67,"D4D":186.35136996899999,"D5AR":99771,"D5BR":86658}},{"type":"Feature","id":163950,"geometry":{"type":"Polygon","coordinates":[[[-77.647844788042207,43.17927157838146],[-77.64561678916948,43.177185578463551],[-77.64505478695807,43.17759357799018],[-77.644333786534602,43.1757565779617],[-77.643727786637214,43.176670577837349],[-77.643044786746913,43.175380578013545],[-77.641717787324367,43.175191577146109],[-77.640601785992388,43.174649578114689],[-77.639979786201479,43.173890577341439],[-77.639451786121853,43.173898578368082],[-77.639459785619465,43.175188578053088],[-77.638223785535217,43.175191577801229],[-77.638223785535217,43.179323579470648],[-77.647844788042207,43.17927157838146]]]},"properties":{"OBJECTID":163950,"GEOID20":"360550023004","GEOID10":"360550023004","STATEFP":"36","COUNTYFP":"055","D1C":0.32116637959039512,"D1C5_RET":0.029196943599126828,"D2B_E5MIXA":0.53432771428560277,"D3A":21.265443342687089,"D3AAO":0,"D3B":93.448905561109285,"D4A":337.95999999999998,"D4C":6.6699999999999999,"D4D":62.317956418000001,"D5AR":96197,"D5BR":86559}},{"type":"Feature","id":163952,"geometry":{"type":"Polygon","coordinates":[[[-77.64905178871247,43.172904577247024],[-77.649021788575226,43.171998576656918],[-77.648842788475093,43.171203577032017],[-77.648879787386704,43.170672576784263],[-77.648729788497178,43.17038557744899],[-77.64873678816987,43.168706576799153],[-77.647311787939728,43.169014576525612],[-77.643007785140355,43.169011576474055],[-77.643030787401528,43.172346577080638],[-77.648241787702247,43.17233057724021],[-77.648248788273264,43.173871577437545],[-77.649050787989225,43.173860577904264],[-77.64905178871247,43.172904577247024]]]},"properties":{"OBJECTID":163952,"GEOID20":"360550024003","GEOID10":"360550024003","STATEFP":"36","COUNTYFP":"055","D1C":1.8499924620336214,"D1C5_RET":0.2581384830744588,"D2B_E5MIXA":0.38330910214547526,"D3A":18.115904259898546,"D3AAO":0,"D3B":96.413002505089864,"D4A":297.73000000000002,"D4C":6.6699999999999999,"D4D":91.828463045700005,"D5AR":105474,"D5BR":128924}},{"type":"Feature","id":163953,"geometry":{"type":"Polygon","coordinates":[[[-77.648248789171575,43.173526577671915],[-77.648241787702247,43.17233057724021],[-77.639642785019248,43.172345577336429],[-77.640313785213991,43.1738945775273],[-77.639979786201479,43.173890577341439],[-77.640601785992388,43.174649578114689],[-77.641717787324367,43.175191577146109],[-77.643044786746913,43.175380578013545],[-77.643030786503203,43.173883577998168],[-77.648248788273264,43.173871577437545],[-77.648248789171575,43.173526577671915]]]},"properties":{"OBJECTID":163953,"GEOID20":"360550024004","GEOID10":"360550024004","STATEFP":"36","COUNTYFP":"055","D1C":0,"D1C5_RET":0,"D2B_E5MIXA":0,"D3A":22.511815160123529,"D3AAO":0,"D3B":137.67970746652716,"D4A":156.91,"D4C":6.6699999999999999,"D4D":119.744901395,"D5AR":97220,"D5BR":128829}},{"type":"Feature","id":163954,"geometry":{"type":"Polygon","coordinates":[[[-77.626142779860302,43.14883157350598],[-77.626099778405973,43.146619573712478],[-77.619926776759058,43.146603573032458],[-77.620385776343383,43.147875573718849],[-77.621496777652482,43.147864574092232],[-77.621495776929265,43.149523575013959],[-77.621956777960023,43.150694574531869],[-77.622002777990787,43.15123157464901],[-77.624619777924252,43.151220574971013],[-77.62462677939358,43.148827572989582],[-77.626142779860302,43.14883157350598]]]},"properties":{"OBJECTID":163954,"GEOID20":"360550027001","GEOID10":"360550027001","STATEFP":"36","COUNTYFP":"055","D1C":5.2470460893382054,"D1C5_RET":0.047484579994010907,"D2B_E5MIXA":0.19305081477814826,"D3A":29.527455223636714,"D3AAO":0,"D3B":197.59663303747772,"D4A":332.60000000000002,"D4C":16,"D4D":243.12104956900001,"D5AR":105585,"D5BR":130405}},{"type":"Feature","id":164007,"geometry":{"type":"Polygon","coordinates":[[[-77.633947783223235,43.164647576574325],[-77.633841782019715,43.16416257664666],[-77.633219783127089,43.163388576266968],[-77.632208782275427,43.162486576331226],[-77.630291781950689,43.161800576293686],[-77.625090779899082,43.158013575328248],[-77.624686779668025,43.157632575658965],[-77.623086778637401,43.157468575269476],[-77.62196677800577,43.1571275758795],[-77.620873778036639,43.156377574980375],[-77.620424777599752,43.15577957526574],[-77.620185778123471,43.15515057480912],[-77.619961777817494,43.155855575731572],[-77.619373776565112,43.156527574979187],[-77.615801775856454,43.158728576311702],[-77.613085776188782,43.160601576436946],[-77.613222776456141,43.160827576730142],[-77.613619776116167,43.160962576022222],[-77.614005777702189,43.162122577497897],[-77.616580776904541,43.163197575849061],[-77.618627778722256,43.164444577679724],[-77.621948779360736,43.167207577329854],[-77.622269779751107,43.167566576892256],[-77.622636780172229,43.168650577932823],[-77.622443779828373,43.170050577429961],[-77.622931780623318,43.169836577232417],[-77.62343978061142,43.169178578026646],[-77.622915779831473,43.167367577828024],[-77.623168780449788,43.16731257625031],[-77.623108780175329,43.16671557725099],[-77.622887780242394,43.166402576552649],[-77.626462781324093,43.164889576799155],[-77.626277780477849,43.164628577071127],[-77.633947783223235,43.164647576574325]]]},"properties":{"OBJECTID":164007,"GEOID20":"360550002001","GEOID10":"360550002001","STATEFP":"36","COUNTYFP":"055","D1C":15.875565673947699,"D1C5_RET":0.15396561537233761,"D2B_E5MIXA":0.63305962641033175,"D3A":24.55758452970899,"D3AAO":2.8509803716676423,"D3B":124.56455187654647,"D4A":105.95,"D4C":36,"D4D":94.048444192800005,"D5AR":112623,"D5BR":160613}},{"type":"Feature","id":164008,"geometry":{"type":"Polygon","coordinates":[[[-77.604538775180984,43.175203579412653],[-77.60444477457132,43.171479579112884],[-77.600822773633979,43.170805579023018],[-77.598816772722458,43.175336580300566],[-77.604538775180984,43.175203579412653]]]},"properties":{"OBJECTID":164008,"GEOID20":"360550007003","GEOID10":"360550007003","STATEFP":"36","COUNTYFP":"055","D1C":1.5161389047032441,"D1C5_RET":0.11662606959255724,"D2B_E5MIXA":0.16849943135221637,"D3A":22.988998162201145,"D3AAO":0,"D3B":169.68836073612761,"D4A":193.12,"D4C":8,"D4D":116.304565275,"D5AR":109899,"D5BR":87028}},{"type":"Feature","id":164009,"geometry":{"type":"Polygon","coordinates":[[[-77.601631773022646,43.169016578743822],[-77.601699773693028,43.168783578678131],[-77.59876277139746,43.168855578177492],[-77.599652772773624,43.167253577278501],[-77.599039772305218,43.167251578933687],[-77.598732773056867,43.167360578392383],[-77.595775770669832,43.168856578634021],[-77.591228770891135,43.175460580384737],[-77.598816772722458,43.175336580300566],[-77.601631773022646,43.169016578743822]]]},"properties":{"OBJECTID":164009,"GEOID20":"360550015001","GEOID10":"360550015001","STATEFP":"36","COUNTYFP":"055","D1C":1.6156447485185743,"D1C5_RET":0.26586559152837297,"D2B_E5MIXA":0.69628109333552357,"D3A":29.154629103455775,"D3AAO":0,"D3B":179.36841885860122,"D4A":101.93000000000001,"D4C":10,"D4D":61.124013923500002,"D5AR":110146,"D5BR":86969}},{"type":"Feature","id":164010,"geometry":{"type":"Polygon","coordinates":[[[-77.645491790394331,43.211216583709891],[-77.645491790394331,43.210999584464531],[-77.641741789410446,43.210969584275816],[-77.63614778699845,43.217560585655207],[-77.645248790720089,43.217648584337766],[-77.645319790865187,43.211749584387121],[-77.645491790394331,43.211216583709891]]]},"properties":{"OBJECTID":164010,"GEOID20":"360550018001","GEOID10":"360550018001","STATEFP":"36","COUNTYFP":"055","D1C":1.4521480993654634,"D1C5_RET":0,"D2B_E5MIXA":0.65340463932107029,"D3A":20.227585732413036,"D3AAO":0,"D3B":104.81434140267048,"D4A":202.50999999999999,"D4C":5.3300000000000001,"D4D":36.423291151100003,"D5AR":73661,"D5BR":86579}},{"type":"Feature","id":164039,"geometry":{"type":"Polygon","coordinates":[[[-77.638881786209467,43.189204580914947],[-77.638879786559642,43.186197579868413],[-77.630816784352191,43.186281580541205],[-77.629876784543939,43.190267580770964],[-77.63397278603253,43.190250580935555],[-77.634032785408678,43.190068581669124],[-77.63490478544486,43.190065581342004],[-77.634909785467741,43.189203581446691],[-77.638881786209467,43.189204580914947]]]},"properties":{"OBJECTID":164039,"GEOID20":"360550021001","GEOID10":"360550021001","STATEFP":"36","COUNTYFP":"055","D1C":1.0164559327555924,"D1C5_RET":0.044843644092158484,"D2B_E5MIXA":0.53834915783760995,"D3A":24.335230451944142,"D3AAO":0,"D3B":86.109363301017282,"D4A":447.93000000000001,"D4C":12,"D4D":114.799728876,"D5AR":95118,"D5BR":86624}},{"type":"Feature","id":164040,"geometry":{"type":"Polygon","coordinates":[[[-77.659544793950587,43.193919580032279],[-77.659411792982908,43.187384579142261],[-77.658903792096467,43.18733557948552],[-77.65840879252714,43.187029578814474],[-77.653149790749211,43.18290757886151],[-77.649266788797632,43.180912578110167],[-77.649041789565047,43.180891577907239],[-77.649025790569837,43.193899581075456],[-77.659544793950587,43.193919580032279]]]},"properties":{"OBJECTID":164040,"GEOID20":"360550018003","GEOID10":"360550018003","STATEFP":"36","COUNTYFP":"055","D1C":6.4400575556166775,"D1C5_RET":1.2935752757502181,"D2B_E5MIXA":0.71342046077808086,"D3A":13.843631666841732,"D3AAO":2.0144516745200396,"D3B":26.771523148508983,"D4A":130.09,"D4C":2.3300000000000001,"D4D":6.4499688694100001,"D5AR":92618,"D5BR":533}},{"type":"Feature","id":164041,"geometry":{"type":"Polygon","coordinates":[[[-77.701634806819058,43.188357576812251],[-77.701590805539809,43.187571577992053],[-77.680351799835137,43.192147579042803],[-77.670227797362898,43.194207580132641],[-77.66686479599332,43.195023580785559],[-77.665404795603052,43.193939580292394],[-77.661201793086008,43.1874275798111],[-77.660681793402333,43.186792579359697],[-77.660771792017385,43.179750577858591],[-77.670625795949519,43.179786577377548],[-77.67292979678686,43.179738577140789],[-77.672980795942181,43.179209576344697],[-77.649044789938088,43.179262579082859],[-77.649041789565047,43.180891577907239],[-77.649266788797632,43.180912578110167],[-77.653149790749211,43.18290757886151],[-77.65840879252714,43.187029578814474],[-77.658903792096467,43.18733557948552],[-77.659411792982908,43.187384579142261],[-77.659544793950587,43.193919580032279],[-77.656551792476861,43.19389858102921],[-77.656542793154344,43.197816580821616],[-77.659654794453772,43.197812580893249],[-77.659634795260601,43.198778581511327],[-77.656174792009992,43.198780582098735],[-77.649291790708617,43.19896658077711],[-77.649241790479905,43.199946581377631],[-77.648957791696077,43.200965581872808],[-77.648581791952438,43.201695581735223],[-77.647835791414636,43.202751582769515],[-77.648430791441385,43.202828581659311],[-77.647223789872825,43.203822582116111],[-77.649283791211005,43.204479582656255],[-77.652490792944974,43.204881583255855],[-77.65279279306877,43.203965582330831],[-77.656961793453988,43.204566582663702],[-77.658486794141581,43.204608581832609],[-77.659824794333076,43.205053582273223],[-77.660305794557019,43.205013582484106],[-77.660428794580667,43.20476158281673],[-77.66034379419186,43.204399582953904],[-77.660473795684823,43.203435582711371],[-77.660463793842439,43.195320580467275],[-77.664900796711223,43.195569581090872],[-77.666648796083251,43.195981580272644],[-77.669424797822003,43.195038580546147],[-77.680344801060755,43.192553578650752],[-77.685679801210028,43.191804579222826],[-77.688249802186164,43.191117578947384],[-77.701634806819058,43.188357576812251]]]},"properties":{"OBJECTID":164041,"GEOID20":"360550018004","GEOID10":"360550018004","STATEFP":"36","COUNTYFP":"055","D1C":10.723218945663051,"D1C5_RET":0.62595279674764182,"D2B_E5MIXA":0.53047160364138668,"D3A":12.675406625869215,"D3AAO":5.0258528456054075,"D3B":31.32492274548861,"D4A":764.44000000000005,"D4C":7,"D4D":9.6698914807899996,"D5AR":78367,"D5BR":90433}},{"type":"Feature","id":164042,"geometry":{"type":"Polygon","coordinates":[[[-77.645334789137181,43.196397581933205],[-77.643431789056152,43.196385581868398],[-77.642906789349595,43.196200581224851],[-77.633142785829136,43.196180581705804],[-77.63320378503019,43.193834581309709],[-77.629137783678814,43.193826581585633],[-77.628992784812169,43.193857581083606],[-77.628789783524283,43.194632581752373],[-77.632827785286551,43.197171582440902],[-77.63326478602788,43.197534582612029],[-77.636372787129346,43.199403582123416],[-77.638742788088919,43.200429582094593],[-77.638818787358588,43.197164581837242],[-77.645334789137181,43.197152581268384],[-77.645334789137181,43.196397581933205]]]},"properties":{"OBJECTID":164042,"GEOID20":"360550019002","GEOID10":"360550019002","STATEFP":"36","COUNTYFP":"055","D1C":1.29849092264233,"D1C5_RET":0.22582450828562262,"D2B_E5MIXA":0.78414575884836535,"D3A":20.098821620692558,"D3AAO":0,"D3B":129.49680603130741,"D4A":333.94,"D4C":13,"D4D":117.428744309,"D5AR":90607,"D5BR":86982}},{"type":"Feature","id":164043,"geometry":{"type":"Polygon","coordinates":[[[-77.645334789137181,43.196397581933205],[-77.645332789487369,43.194790581062001],[-77.638864787389338,43.194761582102217],[-77.638864787389338,43.193860581224321],[-77.63320378503019,43.193834581309709],[-77.633142785829136,43.196180581705804],[-77.642906789349595,43.196200581224851],[-77.643431789056152,43.196385581868398],[-77.645334789137181,43.196397581933205]]]},"properties":{"OBJECTID":164043,"GEOID20":"360550019003","GEOID10":"360550019003","STATEFP":"36","COUNTYFP":"055","D1C":0.66478618468255279,"D1C5_RET":0.058657604530813486,"D2B_E5MIXA":0.71891173816722342,"D3A":24.566052178921797,"D3AAO":0,"D3B":116.8146641696307,"D4A":0,"D4C":12,"D4D":150.163467599,"D5AR":91049,"D5BR":86952}},{"type":"Feature","id":164044,"geometry":{"type":"Polygon","coordinates":[[[-77.631684784190412,43.181695579398095],[-77.631745784289777,43.180952578632677],[-77.628203781921727,43.181025579764359],[-77.62767978204009,43.184327579829805],[-77.627227783925079,43.185520581197508],[-77.62038478101006,43.192643582111529],[-77.624001781924548,43.194222582058494],[-77.624232782801542,43.19415558189781],[-77.624203783387529,43.1938615819261],[-77.624909781945746,43.190919581402149],[-77.629716783812043,43.190923581782307],[-77.63153378457767,43.183163579937805],[-77.631684784190412,43.181695579398095]]]},"properties":{"OBJECTID":164044,"GEOID20":"360550020001","GEOID10":"360550020001","STATEFP":"36","COUNTYFP":"055","D1C":2.0799235193213548,"D1C5_RET":0,"D2B_E5MIXA":0.07774774250742468,"D3A":26.603515193021114,"D3AAO":3.4534775231083499,"D3B":100.05565017613883,"D4A":248.11000000000001,"D4C":10.33,"D4D":63.258147152200003,"D5AR":90339,"D5BR":86862}},{"type":"Feature","id":164045,"geometry":{"type":"Polygon","coordinates":[[[-77.638882787831008,43.192236580409151],[-77.638887786955564,43.191690580410068],[-77.633983785903183,43.191697580986769],[-77.633717784866093,43.191494580965468],[-77.633983785004872,43.191536581273702],[-77.63397278603253,43.190250580935555],[-77.629876784543939,43.190267580770964],[-77.628992784812169,43.193857581083606],[-77.638864787389338,43.193860581224321],[-77.638882787831008,43.192236580409151]]]},"properties":{"OBJECTID":164045,"GEOID20":"360550020003","GEOID10":"360550020003","STATEFP":"36","COUNTYFP":"055","D1C":1.426777247789526,"D1C5_RET":0.60428212847556395,"D2B_E5MIXA":0.55654441721806724,"D3A":16.772169315232578,"D3AAO":0,"D3B":85.963832747759312,"D4A":292.36000000000001,"D4C":12,"D4D":128.91352074100001,"D5AR":90976,"D5BR":86605}},{"type":"Feature","id":164046,"geometry":{"type":"Polygon","coordinates":[[[-77.648744790362429,43.19086658092484],[-77.648686789737795,43.190048580795377],[-77.638887786955564,43.190061580905578],[-77.638887786955564,43.191690580410068],[-77.648744790362429,43.19167858072948],[-77.648744790362429,43.19086658092484]]]},"properties":{"OBJECTID":164046,"GEOID20":"360550020005","GEOID10":"360550020005","STATEFP":"36","COUNTYFP":"055","D1C":0.36351392096273971,"D1C5_RET":0.30758870235308744,"D2B_E5MIXA":0.33301132374748554,"D3A":23.27330606554446,"D3AAO":0,"D3B":71.602175890309979,"D4A":453.30000000000001,"D4C":6,"D4D":107.376419731,"D5AR":81903,"D5BR":86535}},{"type":"Feature","id":164090,"geometry":{"type":"Polygon","coordinates":[[[-77.599037772655379,43.178739580516336],[-77.59894577349219,43.17728257995639],[-77.59123076964265,43.17745957973721],[-77.59140077131859,43.18016658075836],[-77.595409771870237,43.180086579967359],[-77.595353771793739,43.178856580812578],[-77.599037772655379,43.178739580516336]]]},"properties":{"OBJECTID":164090,"GEOID20":"360550080003","GEOID10":"360550080003","STATEFP":"36","COUNTYFP":"055","D1C":0.13693790413798959,"D1C5_RET":0,"D2B_E5MIXA":0,"D3A":24.299843516052135,"D3AAO":0,"D3B":69.761340662669426,"D4A":484.13999999999999,"D4C":9.6699999999999999,"D4D":168.60588958,"D5AR":96767,"D5BR":86810}},{"type":"Feature","id":164091,"geometry":{"type":"Polygon","coordinates":[[[-77.508194749318363,43.248856597596486],[-77.507123749090539,43.247471596478377],[-77.505499748668754,43.247742596781443],[-77.502980747746264,43.247783596495331],[-77.501903748568978,43.247582596931807],[-77.499274747143318,43.24643059660076],[-77.498650746804259,43.245894596599676],[-77.497391745357135,43.242797596235512],[-77.496353744741285,43.238817595460795],[-77.492201743176196,43.23636859508936],[-77.481159739738672,43.233553595993484],[-77.479409738920211,43.237062596210194],[-77.479431739559843,43.237619596360851],[-77.47981773934923,43.237967595671819],[-77.484253740596458,43.239932596487279],[-77.477150740085349,43.253477599058549],[-77.474818739658929,43.254632599345811],[-77.473952739470505,43.254976598856913],[-77.470568738184525,43.255752599184092],[-77.467831736803831,43.256207600001709],[-77.4632617356623,43.257268600690089],[-77.463395735556603,43.257450599641786],[-77.463979735712684,43.257756600995478],[-77.464297736628325,43.257649600694833],[-77.465050735940522,43.258736600198581],[-77.469664737462978,43.257645600111353],[-77.48082274125143,43.254374598437238],[-77.501182747247228,43.251559597040689],[-77.508194749318363,43.248856597596486]]]},"properties":{"OBJECTID":164091,"GEOID20":"360550113022","GEOID10":"360550113022","STATEFP":"36","COUNTYFP":"055","D1C":0.017974122424340124,"D1C5_RET":0,"D2B_E5MIXA":0.39705281869724973,"D3A":4.3284894069244242,"D3AAO":0,"D3B":7.8888717131071262,"D4A":-99999,"D4C":-99999,"D4D":-99999,"D5AR":42071,"D5BR":-99999}},{"type":"Feature","id":164098,"geometry":{"type":"Polygon","coordinates":[[[-77.604004775253586,43.186674581662032],[-77.603836775024106,43.1839165814404],[-77.603294774700785,43.183931580655702],[-77.603248775568346,43.183199581374481],[-77.599350773548153,43.183355581023058],[-77.599579773877011,43.186822581613271],[-77.604004775253586,43.186674581662032]]]},"properties":{"OBJECTID":164098,"GEOID20":"360550048001","GEOID10":"360550048001","STATEFP":"36","COUNTYFP":"055","D1C":0.8329556053195627,"D1C5_RET":0.56521987503827464,"D2B_E5MIXA":0.45982897833933611,"D3A":23.042072469237095,"D3AAO":0,"D3B":126.99003171386246,"D4A":419.76999999999998,"D4C":5.6699999999999999,"D4D":107.951046449,"D5AR":88108,"D5BR":86592}},{"type":"Feature","id":164099,"geometry":{"type":"Polygon","coordinates":[[[-77.570022763001802,43.160274577336622],[-77.566275760594337,43.159723578081767],[-77.564001760792536,43.163935579634916],[-77.566450761394833,43.163877579905225],[-77.566466761288368,43.164827579161376],[-77.56970176261143,43.16475957831917],[-77.569655762580666,43.1637995791652],[-77.569334762190309,43.163807578237616],[-77.569313761375597,43.162823578975548],[-77.570022763001802,43.160274577336622]]]},"properties":{"OBJECTID":164099,"GEOID20":"360550058003","GEOID10":"360550058003","STATEFP":"36","COUNTYFP":"055","D1C":1.5446602382418251,"D1C5_RET":0.1522904460238419,"D2B_E5MIXA":0.63755229245519296,"D3A":26.339052855636009,"D3AAO":0,"D3B":153.21637193566684,"D4A":414.41000000000003,"D4C":6,"D4D":83.542187533100005,"D5AR":93763,"D5BR":94593}},{"type":"Feature","id":164100,"geometry":{"type":"Polygon","coordinates":[[[-77.489406733984325,43.121889575153304],[-77.489645732562295,43.119621575127915],[-77.488955732999315,43.119659573916785],[-77.48898673296145,43.11903957454345],[-77.48860673301985,43.119006573864482],[-77.48865673235025,43.119649575066077],[-77.488158733306207,43.11967357387875],[-77.488150732910285,43.118959574357035],[-77.487903732139742,43.118960574974778],[-77.487872732177621,43.119480573980255],[-77.487456733149301,43.119432574882623],[-77.487467732121658,43.119329574916009],[-77.486623732572866,43.119325574436346],[-77.486853731828347,43.118828574604628],[-77.48636973212966,43.118831573841277],[-77.485022730818997,43.117400574393251],[-77.483175729916169,43.117849574992974],[-77.482844731276671,43.117293573672207],[-77.482491730200962,43.117174573526903],[-77.479824730038757,43.117766574617761],[-77.479135729402358,43.11613457452512],[-77.478353729777865,43.1161925749714],[-77.478659730099608,43.11745957428186],[-77.478689729338541,43.117961573977816],[-77.478509729413474,43.118387574402888],[-77.477730729263712,43.119476574821853],[-77.478180729525505,43.120666574858951],[-77.476881728793728,43.121174574682392],[-77.476963728809508,43.121236575296173],[-77.476481728760646,43.121708575349878],[-77.480189729911757,43.120946575438239],[-77.481241730771288,43.121780575237992],[-77.481529730651388,43.121905575088441],[-77.484919731785169,43.121049575305527],[-77.485116732326972,43.120566574154203],[-77.48448273104384,43.120304574693066],[-77.485054732402688,43.120037574388263],[-77.485388732313538,43.120222574966562],[-77.486034733292215,43.119524574540691],[-77.486471732236922,43.119733574147816],[-77.486225733087934,43.120277574339433],[-77.486815733091817,43.120521575062327],[-77.486706732413552,43.120937574104751],[-77.489406733984325,43.121889575153304]]]},"properties":{"OBJECTID":164100,"GEOID20":"360550120001","GEOID10":"360550120001","STATEFP":"36","COUNTYFP":"055","D1C":1.1446541102949086,"D1C5_RET":0.52361836960299013,"D2B_E5MIXA":0.68977631705172615,"D3A":17.243842155760838,"D3AAO":0,"D3B":82.669567294110053,"D4A":0,"D4C":0.67000000000000004,"D4D":5.1910599894100002,"D5AR":74957,"D5BR":5304}},{"type":"Feature","id":164101,"geometry":{"type":"Polygon","coordinates":[[[-77.613701778826893,43.183180581091968],[-77.613671778689664,43.18174957956856],[-77.610906776821551,43.181851580269637],[-77.610866776638588,43.181200579977272],[-77.60802577550082,43.181295580481674],[-77.608382776774505,43.186550580771616],[-77.611222777189042,43.186491580734916],[-77.61099577740832,43.183266579806961],[-77.613701778826893,43.183180581091968]]]},"properties":{"OBJECTID":164101,"GEOID20":"360550048003","GEOID10":"360550048003","STATEFP":"36","COUNTYFP":"055","D1C":3.0343002778045371,"D1C5_RET":0,"D2B_E5MIXA":0.11965899140894262,"D3A":25.001222086605701,"D3AAO":0,"D3B":166.53680254550486,"D4A":278.94999999999999,"D4C":5.3300000000000001,"D4D":80.657987966199997,"D5AR":95925,"D5BR":86941}},{"type":"Feature","id":164102,"geometry":{"type":"Polygon","coordinates":[[[-77.630464783101345,43.170267577522843],[-77.62763378200934,43.166456576488279],[-77.629914781483819,43.16547657673236],[-77.629288782393246,43.164632576553196],[-77.626277780477849,43.164628577071127],[-77.626462781324093,43.164889576799155],[-77.622887780242394,43.166402576552649],[-77.623108780175329,43.16671557725099],[-77.623168780449788,43.16731257625031],[-77.624764780384155,43.166643577194705],[-77.626847782186857,43.169424577159447],[-77.62802278217174,43.168932577247872],[-77.629006781462621,43.170271577290883],[-77.630464783101345,43.170267577522843]]]},"properties":{"OBJECTID":164102,"GEOID20":"360550002003","GEOID10":"360550002003","STATEFP":"36","COUNTYFP":"055","D1C":11.255220419793613,"D1C5_RET":0,"D2B_E5MIXA":0.44912430180746332,"D3A":34.659368669947497,"D3AAO":0,"D3B":176.3807293639052,"D4A":167.63999999999999,"D4C":17.329999999999998,"D4D":269.61965598299997,"D5AR":104775,"D5BR":130475}},{"type":"Feature","id":164103,"geometry":{"type":"Polygon","coordinates":[[[-77.646800793866774,43.254086591947711],[-77.646829794179112,43.252970591801684],[-77.638724792138831,43.25292259221608],[-77.638700791849388,43.253932592666636],[-77.63973579209221,43.253942591790597],[-77.639912791644207,43.254018591752356],[-77.639973791743571,43.254885592153428],[-77.637430791429949,43.25486059243773],[-77.63710179154198,43.254889592264021],[-77.636655790579809,43.255053591992002],[-77.636231791155623,43.254639593352799],[-77.636087791215559,43.254296592302445],[-77.636068790948997,43.253926592406387],[-77.634701790445163,43.253924592319521],[-77.634678790878951,43.254789592691814],[-77.632159789956447,43.254505592226323],[-77.632312789219014,43.25282059190787],[-77.634151790624259,43.249940591136124],[-77.630270788322491,43.249839592160136],[-77.630104788641148,43.252761592498331],[-77.628504788508806,43.252722592336049],[-77.62835978874385,43.255688593056277],[-77.63111779004096,43.256110593130146],[-77.635153790356782,43.257086592689411],[-77.637207791847175,43.257893593267475],[-77.638540792015817,43.258538593833855],[-77.639781793021271,43.259177593058595],[-77.64111779266463,43.259983593783517],[-77.642652794296268,43.260724593213801],[-77.644076794701505,43.261227593787062],[-77.646735794467759,43.261762593372467],[-77.646800793866774,43.254086591947711]]]},"properties":{"OBJECTID":164103,"GEOID20":"360550137021","GEOID10":"360550137021","STATEFP":"36","COUNTYFP":"055","D1C":0.85165384671342637,"D1C5_RET":0,"D2B_E5MIXA":0.54479472358218928,"D3A":12.093548799134064,"D3AAO":3.8746151059400944,"D3B":36.720217082855797,"D4A":598.13999999999999,"D4C":3.6699999999999999,"D4D":10.6347219613,"D5AR":55662,"D5BR":10259}}]}