{"type":"FeatureCollection","features":[{"type":"Feature","id":149257,"geometry":{"type":"Polygon","coordinates":[[[-73.975836441731133,40.748871264679345],[-73.976289440569346,40.748253264106182],[-73.97404544090476,40.747304264274952],[-73.97359344099317,40.747927264165874],[-73.975836441731133,40.748871264679345]]]},"properties":{"OBJECTID":149257,"GEOID20":"360610078001","GEOID10":"360610078001","STATEFP":"36","COUNTYFP":"061","D1C":54.05092607134803,"D1C5_RET":0.47413093045042132,"D2B_E5MIXA":0.79994952353504067,"D3A":56.710007704080503,"D3AAO":14.923712156547417,"D3B":0,"D4A":203.84999999999999,"D4C":283.67000000000002,"D4D":43038.950733099999,"D5AR":1104543,"D5BR":4607458}},{"type":"Feature","id":149311,"geometry":{"type":"Polygon","coordinates":[[[-73.988780444526441,40.733974261697171],[-73.987181443320708,40.733300260824173],[-73.986214444646606,40.734626260625525],[-73.987818444078556,40.735300262360013],[-73.988780444526441,40.733974261697171]]]},"properties":{"OBJECTID":149311,"GEOID20":"360610050004","GEOID10":"360610050004","STATEFP":"36","COUNTYFP":"061","D1C":1112.0486020632063,"D1C5_RET":2.3274353329075059,"D2B_E5MIXA":0.26917540163649079,"D3A":26.979570170326156,"D3AAO":0,"D3B":99.30390753738692,"D4A":114,"D4C":300,"D4D":29791.172261200001,"D5AR":804828,"D5BR":5086639}},{"type":"Feature","id":149317,"geometry":{"type":"Polygon","coordinates":[[[-73.982023441825106,40.732020261236144],[-73.982565442148399,40.731369259896539],[-73.980339442027187,40.730456260670032],[-73.979933441248008,40.730893260704946],[-73.978909441774178,40.731109260702873],[-73.978187440627508,40.731343261724689],[-73.978560440896402,40.732047260476584],[-73.979820441270107,40.732530261374656],[-73.980252441090244,40.732160261263012],[-73.980592441747191,40.732218261537902],[-73.981563442415876,40.73265126104198],[-73.982023441825106,40.732020261236144]]]},"properties":{"OBJECTID":149317,"GEOID20":"360610044007","GEOID10":"360610044007","STATEFP":"36","COUNTYFP":"061","D1C":9.8415188219167486,"D1C5_RET":0.64009878516531704,"D2B_E5MIXA":0.7607023335446611,"D3A":18.821948598935368,"D3AAO":0,"D3B":0,"D4A":186.41999999999999,"D4C":85.329999999999998,"D4D":4369.5703470500002,"D5AR":773358,"D5BR":3442472}},{"type":"Feature","id":149318,"geometry":{"type":"Polygon","coordinates":[[[-73.999189447404035,40.734142260708317],[-73.999556446926832,40.733619260669407],[-73.99635244736254,40.732263260131944],[-73.9959154457229,40.73285526058482],[-73.999020447349622,40.73415726048998],[-73.999189447404035,40.734142260708317]]]},"properties":{"OBJECTID":149318,"GEOID20":"360610063004","GEOID10":"360610063004","STATEFP":"36","COUNTYFP":"061","D1C":141.56625412409906,"D1C5_RET":31.245819344283266,"D2B_E5MIXA":0.76549035440145996,"D3A":30.363629434949058,"D3AAO":4.6446536201697963,"D3B":0,"D4A":190.44,"D4C":295,"D4D":32956.484314000001,"D5AR":738810,"D5BR":3727801}},{"type":"Feature","id":149319,"geometry":{"type":"Polygon","coordinates":[[[-73.980906442464843,40.737894262636054],[-73.981393442536586,40.737230262977405],[-73.978910441599083,40.7361722614569],[-73.978499441695348,40.736799262444187],[-73.980906442464843,40.737894262636054]]]},"properties":{"OBJECTID":149319,"GEOID20":"360610064005","GEOID10":"360610064005","STATEFP":"36","COUNTYFP":"061","D1C":51.51309259083601,"D1C5_RET":14.567227003146249,"D2B_E5MIXA":0.82467224925611338,"D3A":30.283877147058856,"D3AAO":0,"D3B":0,"D4A":0,"D4C":116.33,"D4D":15718.080160199999,"D5AR":926552,"D5BR":5106322}},{"type":"Feature","id":149320,"geometry":{"type":"Polygon","coordinates":[[[-73.985362442905256,40.73579826151736],[-73.985788441979281,40.735213261534234],[-73.98355044216251,40.734269261838769],[-73.983123442365255,40.73485426195429],[-73.985362442905256,40.73579826151736]]]},"properties":{"OBJECTID":149320,"GEOID20":"360610048002","GEOID10":"360610048002","STATEFP":"36","COUNTYFP":"061","D1C":34.776657876992395,"D1C5_RET":0,"D2B_E5MIXA":0.22204421673164404,"D3A":25.144879666655122,"D3AAO":0,"D3B":107.57579503282979,"D4A":185.06999999999999,"D4C":276.67000000000002,"D4D":44622.181726700001,"D5AR":826815,"D5BR":3537026}},{"type":"Feature","id":149321,"geometry":{"type":"Polygon","coordinates":[[[-73.996338447118831,40.738052262464329],[-73.996841447084094,40.737369262359628],[-73.993618445456576,40.736013261335472],[-73.993121446237438,40.736699262134572],[-73.996338447118831,40.738052262464329]]]},"properties":{"OBJECTID":149321,"GEOID20":"360610054003","GEOID10":"360610054003","STATEFP":"36","COUNTYFP":"061","D1C":191.81322297469609,"D1C5_RET":30.995579356566815,"D2B_E5MIXA":0.92332968647307867,"D3A":3.5502937373188912,"D3AAO":0.19070928567008344,"D3B":0,"D4A":190.44,"D4C":407.32999999999998,"D4D":39035.143851000001,"D5AR":726277,"D5BR":3724192}},{"type":"Feature","id":149322,"geometry":{"type":"Polygon","coordinates":[[[-73.994298445872133,40.732173260871299],[-73.994790445966728,40.731604259982277],[-73.992408445311568,40.730599260564297],[-73.991922445963084,40.731174260426364],[-73.994298445872133,40.732173260871299]]]},"properties":{"OBJECTID":149322,"GEOID20":"360610059004","GEOID10":"360610059004","STATEFP":"36","COUNTYFP":"061","D1C":80.547792031374357,"D1C5_RET":24.909288287159121,"D2B_E5MIXA":0.75834802512109967,"D3A":21.310005797089833,"D3AAO":0,"D3B":99.376420411425087,"D4A":112.65000000000001,"D4C":174,"D4D":25924.283585599998,"D5AR":741287,"D5BR":5323428}},{"type":"Feature","id":149323,"geometry":{"type":"Polygon","coordinates":[[[-73.993323445903783,40.733312261618472],[-73.993815445998379,40.732739260414313],[-73.991461444932327,40.731746260836836],[-73.991115444427606,40.733222260373211],[-73.99279344527605,40.733930260800172],[-73.993323445903783,40.733312261618472]]]},"properties":{"OBJECTID":149323,"GEOID20":"360610061002","GEOID10":"360610061002","STATEFP":"36","COUNTYFP":"061","D1C":283.43079363121143,"D1C5_RET":13.152241003768513,"D2B_E5MIXA":0.71102251473613343,"D3A":25.00570298418954,"D3AAO":0,"D3B":0,"D4A":304.43000000000001,"D4C":292.32999999999998,"D4D":24606.685520800002,"D5AR":715992,"D5BR":4832834}},{"type":"Feature","id":149324,"geometry":{"type":"Polygon","coordinates":[[[-73.981763442432438,40.74074126290872],[-73.982212442869326,40.7401232623358],[-73.979968442306429,40.739176262612133],[-73.979519441869542,40.739792262063226],[-73.981763442432438,40.74074126290872]]]},"properties":{"OBJECTID":149324,"GEOID20":"360610066004","GEOID10":"360610066004","STATEFP":"36","COUNTYFP":"061","D1C":41.463130948216765,"D1C5_RET":8.8168726728966682,"D2B_E5MIXA":0.971979171983544,"D3A":35.972112499301012,"D3AAO":14.909753716207522,"D3B":0,"D4A":265.54000000000002,"D4C":193,"D4D":29434.057096100001,"D5AR":843552,"D5BR":6028133}},{"type":"Feature","id":149325,"geometry":{"type":"Polygon","coordinates":[[[-73.979968442306429,40.739176262612133],[-73.980419442393128,40.738558262473603],[-73.978053441631516,40.737562262954533],[-73.977604441194629,40.73818026281689],[-73.979968442306429,40.739176262612133]]]},"properties":{"OBJECTID":149325,"GEOID20":"360610066006","GEOID10":"360610066006","STATEFP":"36","COUNTYFP":"061","D1C":714.77797130198076,"D1C5_RET":1.3554575941251215,"D2B_E5MIXA":0.05724985914163077,"D3A":33.775327739818074,"D3AAO":0,"D3B":0,"D4A":127.41,"D4C":116.33,"D4D":16819.240738600001,"D5AR":873769,"D5BR":5650257}},{"type":"Feature","id":149326,"geometry":{"type":"Polygon","coordinates":[[[-73.978169441084162,40.741651263086624],[-73.97861744169613,40.741034263998827],[-73.976252439861099,40.740034262669113],[-73.975801440672711,40.740652262707641],[-73.978169441084162,40.741651263086624]]]},"properties":{"OBJECTID":149326,"GEOID20":"360610066009","GEOID10":"360610066009","STATEFP":"36","COUNTYFP":"061","D1C":13.603500336742385,"D1C5_RET":0,"D2B_E5MIXA":0.46923113861924476,"D3A":34.652439682836381,"D3AAO":0,"D3B":284.30956592773282,"D4A":154.22999999999999,"D4C":84,"D4D":11935.0342518,"D5AR":887995,"D5BR":5035327}},{"type":"Feature","id":149327,"geometry":{"type":"Polygon","coordinates":[[[-73.982913443201284,40.742034263226387],[-73.983363443463062,40.741416263096205],[-73.981763442432438,40.74074126290872],[-73.980860442434107,40.741978262305793],[-73.982463442041166,40.742653262871741],[-73.982913443201284,40.742034263226387]]]},"properties":{"OBJECTID":149327,"GEOID20":"360610068006","GEOID10":"360610068006","STATEFP":"36","COUNTYFP":"061","D1C":78.998917714827314,"D1C5_RET":2.1666369837399895,"D2B_E5MIXA":0.61855644396445653,"D3A":23.147769046060898,"D3AAO":0,"D3B":71.14569197068667,"D4A":139.47999999999999,"D4C":252.66999999999999,"D4D":26951.097436600001,"D5AR":987518,"D5BR":6088309}},{"type":"Feature","id":149328,"geometry":{"type":"Polygon","coordinates":[[[-74.000648447969368,40.737238260765764],[-73.997806447905006,40.736040260997598],[-73.99734244739949,40.736676261667768],[-74.000184448362177,40.737873261669954],[-74.000648447969368,40.737238260765764]]]},"properties":{"OBJECTID":149328,"GEOID20":"360610071002","GEOID10":"360610071002","STATEFP":"36","COUNTYFP":"061","D1C":115.84625469789452,"D1C5_RET":7.8570803659455279,"D2B_E5MIXA":0.69790672553455579,"D3A":7.3744826069694076,"D3AAO":5.8965148591062357,"D3B":0,"D4A":0,"D4C":299.67000000000002,"D4D":35044.186392800002,"D5AR":672528,"D5BR":3713823}},{"type":"Feature","id":149329,"geometry":{"type":"Polygon","coordinates":[[[-73.979434441480734,40.746809263392677],[-73.979725442632187,40.746410264033464],[-73.978122441228479,40.745734263718539],[-73.977637441704914,40.746400263752719],[-73.979239442385378,40.747076264103534],[-73.979434441480734,40.746809263392677]]]},"properties":{"OBJECTID":149329,"GEOID20":"360610072007","GEOID10":"360610072007","STATEFP":"36","COUNTYFP":"061","D1C":61.223641676206839,"D1C5_RET":19.48024962424763,"D2B_E5MIXA":0.6343134206194132,"D3A":41.356292929142498,"D3AAO":0,"D3B":0,"D4A":0,"D4C":266,"D4D":52639.963429099997,"D5AR":1132453,"D5BR":6377799}},{"type":"Feature","id":149330,"geometry":{"type":"Polygon","coordinates":[[[-74.0038674485006,40.73755226134336],[-74.003528449465207,40.736186261552128],[-74.001096447683025,40.736572260197399],[-74.001769449324215,40.737683260957596],[-74.0038674485006,40.73755226134336]]]},"properties":{"OBJECTID":149330,"GEOID20":"360610077005","GEOID10":"360610077005","STATEFP":"36","COUNTYFP":"061","D1C":53.342982163109674,"D1C5_RET":2.4709283290813744,"D2B_E5MIXA":0.55683391188509113,"D3A":31.837616471613714,"D3AAO":0.086393034744042918,"D3B":0,"D4A":348.69,"D4C":227.66999999999999,"D4D":21178.588336299999,"D5AR":738343,"D5BR":3537127}},{"type":"Feature","id":149331,"geometry":{"type":"Polygon","coordinates":[[[-73.975395440791857,40.745450263570106],[-73.975882440863572,40.744787263571695],[-73.973513439728904,40.743790263603977],[-73.972577439220302,40.745076263388917],[-73.974937440134127,40.746086264788339],[-73.975395440791857,40.745450263570106]]]},"properties":{"OBJECTID":149331,"GEOID20":"360610078005","GEOID10":"360610078005","STATEFP":"36","COUNTYFP":"061","D1C":69.724427267776974,"D1C5_RET":0,"D2B_E5MIXA":0.2069586133610837,"D3A":32.480752013356984,"D3AAO":0.27597205150767418,"D3B":115.68833120287074,"D4A":96.560000000000002,"D4C":129.66999999999999,"D4D":8998.9837475000004,"D5AR":1020302,"D5BR":3895562}},{"type":"Feature","id":149344,"geometry":{"type":"Polygon","coordinates":[[[-73.973142440906457,40.748546264770155],[-73.97359344099317,40.747927264165874],[-73.971229439881355,40.746927263706453],[-73.970781439269402,40.747551264145663],[-73.973142440906457,40.748546264770155]]]},"properties":{"OBJECTID":149344,"GEOID20":"360610088004","GEOID10":"360610088004","STATEFP":"36","COUNTYFP":"061","D1C":15.743365509623763,"D1C5_RET":0,"D2B_E5MIXA":0.42150148705512425,"D3A":29.380065378699008,"D3AAO":7.0479597094970119,"D3B":0,"D4A":194.46000000000001,"D4C":110,"D4D":15833.3275983,"D5AR":1083335,"D5BR":4447914}},{"type":"Feature","id":149346,"geometry":{"type":"Polygon","coordinates":[[[-74.009845451950468,40.736976260888021],[-74.009931451265871,40.73601226074274],[-74.008323451635945,40.736196260645983],[-74.008155450508156,40.738150260980298],[-74.009855450199581,40.738155261060456],[-74.009845451950468,40.736976260888021]]]},"properties":{"OBJECTID":149346,"GEOID20":"360610079002","GEOID10":"360610079002","STATEFP":"36","COUNTYFP":"061","D1C":24.832691700145929,"D1C5_RET":0.1306983773691891,"D2B_E5MIXA":0.72284055314750562,"D3A":31.901200311524338,"D3AAO":0,"D3B":0,"D4A":379.54000000000002,"D4C":45.329999999999998,"D4D":3791.71676553,"D5AR":650839,"D5BR":2584324}},{"type":"Feature","id":149347,"geometry":{"type":"Polygon","coordinates":[[[-74.002020448496054,40.740452261270661],[-74.002524448286209,40.739761261778561],[-73.999685448594889,40.738560260859892],[-73.999186447929304,40.739251261256953],[-74.002020448496054,40.740452261270661]]]},"properties":{"OBJECTID":149347,"GEOID20":"360610081006","GEOID10":"360610081006","STATEFP":"36","COUNTYFP":"061","D1C":198.15516030550441,"D1C5_RET":17.00396872630072,"D2B_E5MIXA":0.77283348505291649,"D3A":6.9625128725295475,"D3AAO":2.3482673719642722,"D3B":0,"D4A":232.00999999999999,"D4C":281,"D4D":30277.165700400001,"D5AR":697202,"D5BR":2940814}},{"type":"Feature","id":149349,"geometry":{"type":"Polygon","coordinates":[[[-73.998973448392277,40.744638262810277],[-73.999423448654085,40.744017262998597],[-73.996581447691398,40.742819262125799],[-73.996130447604699,40.743439262433242],[-73.998973448392277,40.744638262810277]]]},"properties":{"OBJECTID":149349,"GEOID20":"360610087004","GEOID10":"360610087004","STATEFP":"36","COUNTYFP":"061","D1C":43.640398100073128,"D1C5_RET":7.3046159909993653,"D2B_E5MIXA":0.76157881390931559,"D3A":24.242840163707189,"D3AAO":5.4878995143079052,"D3B":0,"D4A":256.14999999999998,"D4C":186,"D4D":22295.935578699999,"D5AR":777058,"D5BR":2805584}},{"type":"Feature","id":149350,"geometry":{"type":"Polygon","coordinates":[[[-73.96897943857239,40.754259265855914],[-73.969432439207239,40.753632266817128],[-73.967228437928995,40.752696266536148],[-73.966757438649125,40.753197265751801],[-73.966617438008711,40.753252265738624],[-73.96897943857239,40.754259265855914]]]},"properties":{"OBJECTID":149350,"GEOID20":"360610090004","GEOID10":"360610090004","STATEFP":"36","COUNTYFP":"061","D1C":66.33572201673536,"D1C5_RET":22.810178096982686,"D2B_E5MIXA":0.86419754718424835,"D3A":32.182953605544604,"D3AAO":2.5837090283847379,"D3B":0,"D4A":244.08000000000001,"D4C":106,"D4D":15790.229409199999,"D5AR":996752,"D5BR":3908775}},{"type":"Feature","id":149351,"geometry":{"type":"Polygon","coordinates":[[[-74.003685450722344,40.748363263366372],[-74.000849448709147,40.747155263708194],[-74.00040044917057,40.747775263067076],[-74.003237450110376,40.74898226399548],[-74.003685450722344,40.748363263366372]]]},"properties":{"OBJECTID":149351,"GEOID20":"360610093005","GEOID10":"360610093005","STATEFP":"36","COUNTYFP":"061","D1C":49.364427366730077,"D1C5_RET":5.8186207162305417,"D2B_E5MIXA":0.62952276062511825,"D3A":24.86033973654844,"D3AAO":4.4603912644146257,"D3B":0,"D4A":174.34999999999999,"D4C":58.329999999999998,"D4D":7006.9707639300004,"D5AR":767917,"D5BR":2820170}},{"type":"Feature","id":149353,"geometry":{"type":"Polygon","coordinates":[[[-73.998121448447591,40.750911264015762],[-73.998595448998827,40.750249264397297],[-73.995750447663099,40.749060264342091],[-73.995300447401291,40.74967926324684],[-73.998121448447591,40.750911264015762]]]},"properties":{"OBJECTID":149353,"GEOID20":"360610097004","GEOID10":"360610097004","STATEFP":"36","COUNTYFP":"061","D1C":19.451220356840093,"D1C5_RET":3.272167910496464,"D2B_E5MIXA":0.92022449585177979,"D3A":24.309958741173897,"D3AAO":2.961031914724412,"D3B":0,"D4A":296.38999999999999,"D4C":213.33000000000001,"D4D":24819.611745599999,"D5AR":866292,"D5BR":3576029}},{"type":"Feature","id":149354,"geometry":{"type":"Polygon","coordinates":[[[-73.968066438528311,40.755512266309402],[-73.968521439711296,40.754885265477725],[-73.966158438424401,40.753886265864985],[-73.965697439190279,40.754513265230351],[-73.968066438528311,40.755512266309402]]]},"properties":{"OBJECTID":149354,"GEOID20":"360610098007","GEOID10":"360610098007","STATEFP":"36","COUNTYFP":"061","D1C":88.711728281890387,"D1C5_RET":1.1116757930061452,"D2B_E5MIXA":0.59972804115942457,"D3A":31.002522981356332,"D3AAO":0,"D3B":0,"D4A":164.96000000000001,"D4C":164,"D4D":23336.298246800001,"D5AR":843870,"D5BR":3606708}},{"type":"Feature","id":149355,"geometry":{"type":"Polygon","coordinates":[[[-73.961967437399565,40.759627266593988],[-73.962433437554878,40.758989266472767],[-73.960183436245899,40.758045266713275],[-73.959723435938372,40.758671267429754],[-73.961967437399565,40.759627266593988]]]},"properties":{"OBJECTID":149355,"GEOID20":"360610106011","GEOID10":"360610106011","STATEFP":"36","COUNTYFP":"061","D1C":62.649792463281017,"D1C5_RET":1.6242538786776559,"D2B_E5MIXA":0.66157168396698118,"D3A":44.228468202200638,"D3AAO":7.5140569267204889,"D3B":148.50321176481424,"D4A":156.91,"D4C":71.329999999999998,"D4D":10592.7340952,"D5AR":1072776,"D5BR":3711781}},{"type":"Feature","id":149398,"geometry":{"type":"Polygon","coordinates":[[[-73.953750435206317,40.766861268150322],[-73.951220434413159,40.765776269410992],[-73.950660433648196,40.766423268878818],[-73.951014434548838,40.766556269040485],[-73.951138434397393,40.766700269698063],[-73.951341433888672,40.766718269333083],[-73.953251434540704,40.767544268809196],[-73.953750435206317,40.766861268150322]]]},"properties":{"OBJECTID":149398,"GEOID20":"360610124006","GEOID10":"360610124006","STATEFP":"36","COUNTYFP":"061","D1C":110.5507491450676,"D1C5_RET":4.5649321909094338,"D2B_E5MIXA":0.73348010791330853,"D3A":35.225428437766581,"D3AAO":13.092549465375638,"D3B":0,"D4A":81.810000000000002,"D4C":34.329999999999998,"D4D":4156.7120867499998,"D5AR":971532,"D5BR":2807526}},{"type":"Feature","id":149403,"geometry":{"type":"Polygon","coordinates":[[[-73.956000436515282,40.767812268009756],[-73.956497435734434,40.767127269175738],[-73.954249435871915,40.766173268621834],[-73.953750435206317,40.766861268150322],[-73.956000436515282,40.767812268009756]]]},"properties":{"OBJECTID":149403,"GEOID20":"360610124003","GEOID10":"360610124003","STATEFP":"36","COUNTYFP":"061","D1C":154.82920414110811,"D1C5_RET":0.64155747572282362,"D2B_E5MIXA":0.33911990725787922,"D3A":34.901747476771973,"D3AAO":0,"D3B":136.86559482086903,"D4A":179.71000000000001,"D4C":63,"D4D":8622.53247371,"D5AR":965447,"D5BR":2597114}},{"type":"Feature","id":149404,"geometry":{"type":"Polygon","coordinates":[[[-73.966240438440167,40.758016266614376],[-73.966703439120764,40.757389266943591],[-73.964326438488484,40.756389265884415],[-73.963872437130419,40.757016266140923],[-73.966240438440167,40.758016266614376]]]},"properties":{"OBJECTID":149404,"GEOID20":"360610108005","GEOID10":"360610108005","STATEFP":"36","COUNTYFP":"061","D1C":55.64105410669108,"D1C5_RET":8.202067736842908,"D2B_E5MIXA":0.84513086278343041,"D3A":8.6837815189621708,"D3AAO":0,"D3B":0,"D4A":240.06,"D4C":207,"D4D":29367.836048000001,"D5AR":901792,"D5BR":4125997}},{"type":"Feature","id":149405,"geometry":{"type":"Polygon","coordinates":[[[-73.966129438112091,40.762188267511199],[-73.966584438396765,40.761560267519478],[-73.964315436821195,40.76060726756581],[-73.96297543697986,40.762495268004457],[-73.965215437344781,40.763440268024731],[-73.966129438112091,40.762188267511199]]]},"properties":{"OBJECTID":149405,"GEOID20":"360610110003","GEOID10":"360610110003","STATEFP":"36","COUNTYFP":"061","D1C":74.992654004257403,"D1C5_RET":25.023617603089019,"D2B_E5MIXA":0.87535190517089501,"D3A":34.558404431162181,"D3AAO":14.553768284600611,"D3B":0,"D4A":0,"D4C":377.67000000000002,"D4D":18901.339320300001,"D5AR":953673,"D5BR":3852614}},{"type":"Feature","id":149406,"geometry":{"type":"Polygon","coordinates":[[[-73.962516437395564,40.763121267637366],[-73.96297543697986,40.762495268004457],[-73.960608438189965,40.761496267078833],[-73.960151436458844,40.762123267475324],[-73.962516437395564,40.763121267637366]]]},"properties":{"OBJECTID":149406,"GEOID20":"360610110005","GEOID10":"360610110005","STATEFP":"36","COUNTYFP":"061","D1C":64.530374525170487,"D1C5_RET":1.1125926642270774,"D2B_E5MIXA":0.76773255551085606,"D3A":49.778193409935348,"D3AAO":18.664152477103912,"D3B":0,"D4A":242.74000000000001,"D4C":175.66999999999999,"D4D":25017.4916256,"D5AR":992109,"D5BR":3840020}},{"type":"Feature","id":149407,"geometry":{"type":"Polygon","coordinates":[[[-73.959241437686146,40.763374267671338],[-73.959696436174184,40.76274826769972],[-73.957442435565554,40.761797267498345],[-73.956984435806149,40.762425267972446],[-73.959241437686146,40.763374267671338]]]},"properties":{"OBJECTID":149407,"GEOID20":"360610116003","GEOID10":"360610116003","STATEFP":"36","COUNTYFP":"061","D1C":14.711916161693766,"D1C5_RET":2.3352247875704388,"D2B_E5MIXA":0.63334755716930269,"D3A":4.6317565835965171,"D3AAO":0,"D3B":99.686075731806895,"D4A":130.09,"D4C":55.670000000000002,"D4D":8320.1256911399996,"D5AR":1042724,"D5BR":2848817}},{"type":"Feature","id":149408,"geometry":{"type":"Polygon","coordinates":[[[-73.961149437790041,40.764995268634578],[-73.961608437374366,40.764375268598101],[-73.959241437686146,40.763374267671338],[-73.958782436305199,40.763998267527029],[-73.961149437790041,40.764995268634578]]]},"properties":{"OBJECTID":149408,"GEOID20":"360610118005","GEOID10":"360610118005","STATEFP":"36","COUNTYFP":"061","D1C":38.233564597955066,"D1C5_RET":4.4717619412812946,"D2B_E5MIXA":0.86523759490578278,"D3A":14.211545109875225,"D3AAO":14.148661096390498,"D3B":0,"D4A":234.69999999999999,"D4C":125.33,"D4D":17934.269571199999,"D5AR":975164,"D5BR":3627419}},{"type":"Feature","id":149409,"geometry":{"type":"Polygon","coordinates":[[[-73.963844438439637,40.765317267967134],[-73.96430043854923,40.764691267926004],[-73.962065437308851,40.763743267476102],[-73.961608437374366,40.764375268598101],[-73.963844438439637,40.765317267967134]]]},"properties":{"OBJECTID":149409,"GEOID20":"360610118008","GEOID10":"360610118008","STATEFP":"36","COUNTYFP":"061","D1C":161.60530820821785,"D1C5_RET":19.965772089678076,"D2B_E5MIXA":0.68173662144900882,"D3A":31.689130718763185,"D3AAO":7.4567456880646974,"D3B":0,"D4A":249.44999999999999,"D4C":266.67000000000002,"D4D":40088.639572,"D5AR":1018686,"D5BR":3648759}},{"type":"Feature","id":149410,"geometry":{"type":"Polygon","coordinates":[[[-73.961560438592102,40.768445269321766],[-73.96201543708014,40.767820268923806],[-73.959778437088261,40.766876268036974],[-73.95931943750395,40.767502268587741],[-73.961560438592102,40.768445269321766]]]},"properties":{"OBJECTID":149410,"GEOID20":"360610126004","GEOID10":"360610126004","STATEFP":"36","COUNTYFP":"061","D1C":85.278184386935493,"D1C5_RET":11.778754749576725,"D2B_E5MIXA":0.71762454329556469,"D3A":21.066853144725744,"D3AAO":0,"D3B":0,"D4A":136.78999999999999,"D4C":138.33000000000001,"D4D":20855.745849700001,"D5AR":782408,"D5BR":3825360}},{"type":"Feature","id":149411,"geometry":{"type":"Polygon","coordinates":[[[-73.958862437569451,40.768128268684372],[-73.95931943750395,40.767502268587741],[-73.95695743514365,40.766501269174682],[-73.956497435734434,40.767127269175738],[-73.958862437569451,40.768128268684372]]]},"properties":{"OBJECTID":149411,"GEOID20":"360610126007","GEOID10":"360610126007","STATEFP":"36","COUNTYFP":"061","D1C":88.552638057623255,"D1C5_RET":10.457221077156515,"D2B_E5MIXA":0.76281059432252585,"D3A":12.486961252093858,"D3AAO":1.1891476003542956,"D3B":0,"D4A":206.53,"D4C":145,"D4D":20647.449275700001,"D5AR":814113,"D5BR":3245459}},{"type":"Feature","id":149412,"geometry":{"type":"Polygon","coordinates":[[[-73.961710437481614,40.771114269527786],[-73.962212437621943,40.770432268899228],[-73.960603437268787,40.769757269350045],[-73.959646436843784,40.771072268841472],[-73.961245438049517,40.771747269999203],[-73.961710437481614,40.771114269527786]]]},"properties":{"OBJECTID":149412,"GEOID20":"360610128005","GEOID10":"360610128005","STATEFP":"36","COUNTYFP":"061","D1C":78.479551886458097,"D1C5_RET":7.6756447952823299,"D2B_E5MIXA":0.81868388001385728,"D3A":17.050042797839975,"D3AAO":0,"D3B":0,"D4A":199.83000000000001,"D4C":195.33000000000001,"D4D":19582.480951699999,"D5AR":774388,"D5BR":3537766}},{"type":"Feature","id":149413,"geometry":{"type":"Polygon","coordinates":[[[-73.954757435860031,40.769514269330486],[-73.955038435169101,40.769128269348336],[-73.952789433685041,40.76817826938111],[-73.951859433922536,40.769449269656121],[-73.954113436327788,40.770397269670724],[-73.954757435860031,40.769514269330486]]]},"properties":{"OBJECTID":149413,"GEOID20":"360610132004","GEOID10":"360610132004","STATEFP":"36","COUNTYFP":"061","D1C":80.500635528298119,"D1C5_RET":5.4205298994699307,"D2B_E5MIXA":0.68956787553316845,"D3A":26.735091392518278,"D3AAO":0,"D3B":147.62294194301086,"D4A":139.47999999999999,"D4C":63,"D4D":4650.1226711999998,"D5AR":766471,"D5BR":2595662}},{"type":"Feature","id":149414,"geometry":{"type":"Polygon","coordinates":[[[-73.959183437959808,40.771705269712967],[-73.959646436843784,40.771072268841472],[-73.957405436653943,40.770128269250456],[-73.956480436016008,40.771396270144088],[-73.95871843673109,40.772339270042693],[-73.959183437959808,40.771705269712967]]]},"properties":{"OBJECTID":149414,"GEOID20":"360610134006","GEOID10":"360610134006","STATEFP":"36","COUNTYFP":"061","D1C":126.11468087981834,"D1C5_RET":5.2305628014671202,"D2B_E5MIXA":0.75642956153705487,"D3A":37.329136394622459,"D3AAO":7.479167237998209,"D3B":0,"D4A":214.58000000000001,"D4C":139,"D4D":10340.2414849,"D5AR":822457,"D5BR":2849336}},{"type":"Feature","id":149415,"geometry":{"type":"Polygon","coordinates":[[[-73.948074433676865,40.770402270727921],[-73.947503433041234,40.770129270010202],[-73.946294433619471,40.771374270172814],[-73.944952432331704,40.772474269337067],[-73.944338432936675,40.773116270768909],[-73.944467432808111,40.773073270632665],[-73.945729433729966,40.773630270179737],[-73.948074433676865,40.770402270727921]]]},"properties":{"OBJECTID":149415,"GEOID20":"360610136005","GEOID10":"360610136005","STATEFP":"36","COUNTYFP":"061","D1C":62.164697738389087,"D1C5_RET":1.3662570931514086,"D2B_E5MIXA":0.33208822549829331,"D3A":91.028383782992691,"D3AAO":36.611247314616207,"D3B":367.74151683143896,"D4A":331.25999999999999,"D4C":34.670000000000002,"D4D":2389.80288445,"D5AR":882218,"D5BR":2150406}},{"type":"Feature","id":149416,"geometry":{"type":"Polygon","coordinates":[[[-73.981849443544462,40.766295267095757],[-73.981989444184862,40.765468267594329],[-73.97768744283195,40.763653267264594],[-73.977197442387165,40.764332268248303],[-73.981849443544462,40.766295267095757]]]},"properties":{"OBJECTID":149416,"GEOID20":"360610137005","GEOID10":"360610137005","STATEFP":"36","COUNTYFP":"061","D1C":1337.6186939193533,"D1C5_RET":16.11851218857387,"D2B_E5MIXA":0.71053313262052131,"D3A":21.968993624828062,"D3AAO":0,"D3B":0,"D4A":186.41999999999999,"D4C":419.67000000000002,"D4D":29251.701665600001,"D5AR":865691,"D5BR":3904093}},{"type":"Feature","id":149417,"geometry":{"type":"Polygon","coordinates":[[[-73.954557435843483,40.774028270790488],[-73.952187434883911,40.773028270396942],[-73.951724435101625,40.773665269746246],[-73.954093436236292,40.774664270064882],[-73.954557435843483,40.774028270790488]]]},"properties":{"OBJECTID":149417,"GEOID20":"360610138007","GEOID10":"360610138007","STATEFP":"36","COUNTYFP":"061","D1C":62.18657364723073,"D1C5_RET":4.1603693637231824,"D2B_E5MIXA":0.67048811335273861,"D3A":26.157955926401804,"D3AAO":6.3255967803585014,"D3B":0,"D4A":307.12,"D4C":66.670000000000002,"D4D":9343.0509635199996,"D5AR":821660,"D5BR":3360905}},{"type":"Feature","id":149418,"geometry":{"type":"Polygon","coordinates":[[[-73.986205446222385,40.767251267504626],[-73.986660445608734,40.766624267178685],[-73.983823444668928,40.765426268101933],[-73.983368443485944,40.766053267484089],[-73.986205446222385,40.767251267504626]]]},"properties":{"OBJECTID":149418,"GEOID20":"360610139005","GEOID10":"360610139005","STATEFP":"36","COUNTYFP":"061","D1C":58.869375207621339,"D1C5_RET":9.842513835974545,"D2B_E5MIXA":0.77391150160553523,"D3A":20.145883349711163,"D3AAO":0,"D3B":0,"D4A":233.34999999999999,"D4C":243,"D4D":28881.278335300001,"D5AR":862622,"D5BR":3501506}},{"type":"Feature","id":149419,"geometry":{"type":"Polygon","coordinates":[[[-73.949873434000807,40.776204270803923],[-73.947625433239978,40.775254270643764],[-73.947123433997959,40.775937270748642],[-73.949375434956764,40.77688427005215],[-73.949873434000807,40.776204270803923]]]},"properties":{"OBJECTID":149419,"GEOID20":"360610144012","GEOID10":"360610144012","STATEFP":"36","COUNTYFP":"061","D1C":35.720359251272868,"D1C5_RET":6.4554866116758198,"D2B_E5MIXA":0.94491300833272485,"D3A":31.075120145293841,"D3AAO":0.52026324854032113,"D3B":0,"D4A":0,"D4C":58,"D4D":7987.5887675100003,"D5AR":807123,"D5BR":3155260}},{"type":"Feature","id":149420,"geometry":{"type":"Polygon","coordinates":[[[-73.9821604438891,40.771402268465138],[-73.982148445091838,40.770582267716719],[-73.980565443779639,40.76991326882704],[-73.980113442969696,40.770537269195565],[-73.9821604438891,40.771402268465138]]]},"properties":{"OBJECTID":149420,"GEOID20":"360610149005","GEOID10":"360610149005","STATEFP":"36","COUNTYFP":"061","D1C":95.973816709204854,"D1C5_RET":4.6674196575905098,"D2B_E5MIXA":0.91760180483061782,"D3A":50.850753244266841,"D3AAO":0,"D3B":0,"D4A":139.47999999999999,"D4C":160,"D4D":29871.485808599999,"D5AR":823008,"D5BR":2753934}},{"type":"Feature","id":149421,"geometry":{"type":"Polygon","coordinates":[[[-73.947969434094873,40.778815271168746],[-73.94842343365633,40.778190270358586],[-73.946171432697525,40.777239271415979],[-73.945712433113215,40.777868271502179],[-73.947969434094873,40.778815271168746]]]},"properties":{"OBJECTID":149421,"GEOID20":"360610144025","GEOID10":"360610144025","STATEFP":"36","COUNTYFP":"061","D1C":57.970441292738037,"D1C5_RET":2.3375177940620175,"D2B_E5MIXA":0.66423046045423695,"D3A":5.1713746665398448,"D3AAO":5.1713746665398448,"D3B":0,"D4A":143.5,"D4C":64.329999999999998,"D4D":9623.8412602900007,"D5AR":777290,"D5BR":3154724}},{"type":"Feature","id":149422,"geometry":{"type":"Polygon","coordinates":[[[-73.954483436223626,40.778147272145858],[-73.954946436005912,40.77751227081032],[-73.952706434742666,40.776569270185327],[-73.952241435310569,40.777202271065377],[-73.954483436223626,40.778147272145858]]]},"properties":{"OBJECTID":149422,"GEOID20":"360610146013","GEOID10":"360610146013","STATEFP":"36","COUNTYFP":"061","D1C":116.35023659971567,"D1C5_RET":9.7539120502755665,"D2B_E5MIXA":0.9123413490156973,"D3A":5.3757251792184508,"D3AAO":2.4847306701628775,"D3B":0,"D4A":0,"D4C":208.33000000000001,"D4D":30964.3047228,"D5AR":757211,"D5BR":3337799}},{"type":"Feature","id":149423,"geometry":{"type":"Polygon","coordinates":[[[-73.95303443480573,40.780134272041238],[-73.950793434615903,40.779187271451825],[-73.950337434506309,40.779818271326313],[-73.952576435046325,40.78076127140492],[-73.95303443480573,40.780134272041238]]]},"properties":{"OBJECTID":149423,"GEOID20":"360610146024","GEOID10":"360610146024","STATEFP":"36","COUNTYFP":"061","D1C":46.645929152334467,"D1C5_RET":3.2816231564456411,"D2B_E5MIXA":0.75952489610699692,"D3A":46.824810338433224,"D3AAO":6.6852682164546877,"D3B":0,"D4A":198.49000000000001,"D4C":215,"D4D":32253.667594800001,"D5AR":746786,"D5BR":3537024}},{"type":"Feature","id":149444,"geometry":{"type":"Polygon","coordinates":[[[-73.989277447338836,40.773235267963294],[-73.989541446929493,40.772874268785358],[-73.986696446492076,40.771676268090658],[-73.985793445595419,40.772912268862797],[-73.988627447060509,40.774124268632342],[-73.989277447338836,40.773235267963294]]]},"properties":{"OBJECTID":149444,"GEOID20":"360610151002","GEOID10":"360610151002","STATEFP":"36","COUNTYFP":"061","D1C":65.477103592260988,"D1C5_RET":0,"D2B_E5MIXA":0.034795709683606929,"D3A":31.400193076609575,"D3AAO":4.0204540749810942,"D3B":199.64402676838787,"D4A":311.13999999999999,"D4C":105,"D4D":6285.6440211899999,"D5AR":689101,"D5BR":2382662}},{"type":"Feature","id":149471,"geometry":{"type":"Polygon","coordinates":[[[-73.951660435527529,40.782016272003197],[-73.952123436208112,40.781395271701847],[-73.949881434396744,40.780444271708014],[-73.949420434264283,40.781070271631805],[-73.951660435527529,40.782016272003197]]]},"properties":{"OBJECTID":149471,"GEOID20":"360610154007","GEOID10":"360610154007","STATEFP":"36","COUNTYFP":"061","D1C":69.377536278101672,"D1C5_RET":5.8794522269577687,"D2B_E5MIXA":0.38502288211800828,"D3A":44.478923343961661,"D3AAO":9.6830099964909557,"D3B":0,"D4A":233.34999999999999,"D4C":214.66999999999999,"D4D":32310.835444799999,"D5AR":804735,"D5BR":3666995}},{"type":"Feature","id":149472,"geometry":{"type":"Polygon","coordinates":[[[-73.946592433545305,40.780700271531451],[-73.947050434203021,40.780072271662156],[-73.944776432604598,40.779153272017147],[-73.944359432853076,40.779769271840699],[-73.946592433545305,40.780700271531451]]]},"properties":{"OBJECTID":149472,"GEOID20":"360610152003","GEOID10":"360610152003","STATEFP":"36","COUNTYFP":"061","D1C":252.00753650773888,"D1C5_RET":31.799812481526821,"D2B_E5MIXA":0.7855721382424361,"D3A":14.479780299289667,"D3AAO":0,"D3B":0,"D4A":199.83000000000001,"D4C":59,"D4D":9028.2775887400003,"D5AR":964069,"D5BR":3159328}},{"type":"Feature","id":149473,"geometry":{"type":"Polygon","coordinates":[[[-73.984413445571121,40.774816269550527],[-73.981574444083165,40.773610268961441],[-73.981115444498855,40.774235269322965],[-73.983972444631846,40.775438268772454],[-73.984413445571121,40.774816269550527]]]},"properties":{"OBJECTID":149473,"GEOID20":"360610153004","GEOID10":"360610153004","STATEFP":"36","COUNTYFP":"061","D1C":121.33005924820765,"D1C5_RET":66.722213841564269,"D2B_E5MIXA":0.74091062125804952,"D3A":41.915101438493451,"D3AAO":8.3596038144662277,"D3B":0,"D4A":118.02,"D4C":134.33000000000001,"D4D":16022.873716800001,"D5AR":769718,"D5BR":2724559}},{"type":"Feature","id":149474,"geometry":{"type":"Polygon","coordinates":[[[-73.949420434264283,40.781070271631805],[-73.949881434396744,40.780444271708014],[-73.947509433787332,40.779446271856038],[-73.947050434203021,40.780072271662156],[-73.949420434264283,40.781070271631805]]]},"properties":{"OBJECTID":149474,"GEOID20":"360610154005","GEOID10":"360610154005","STATEFP":"36","COUNTYFP":"061","D1C":28.88294221200902,"D1C5_RET":6.6652943566174665,"D2B_E5MIXA":0.96528030849369983,"D3A":36.663093062964968,"D3AAO":0.1808409861977634,"D3B":0,"D4A":181.05000000000001,"D4C":105.33,"D4D":14977.183031099999,"D5AR":720017,"D5BR":3168120}},{"type":"Feature","id":149475,"geometry":{"type":"Polygon","coordinates":[[[-73.989291447582531,40.778488270131994],[-73.990169448364824,40.777259269501002],[-73.988431447241922,40.77653926934267],[-73.987744446255348,40.777854270658771],[-73.989291447582531,40.778488270131994]]]},"properties":{"OBJECTID":149475,"GEOID20":"360610155002","GEOID10":"360610155002","STATEFP":"36","COUNTYFP":"061","D1C":58.57732036004618,"D1C5_RET":1.3622632641871204,"D2B_E5MIXA":0.54832638721193927,"D3A":15.356317256075778,"D3AAO":0,"D3B":140.65212232299726,"D4A":123.38,"D4C":30.329999999999998,"D4D":3197.8852099400001,"D5AR":784015,"D5BR":2357728}},{"type":"Feature","id":149476,"geometry":{"type":"Polygon","coordinates":[[[-73.988096446607855,40.777152269676364],[-73.986816447040994,40.776607270190155],[-73.985714445952709,40.778120270532945],[-73.98729244634373,40.778778269655206],[-73.988096446607855,40.777152269676364]]]},"properties":{"OBJECTID":149476,"GEOID20":"360610155004","GEOID10":"360610155004","STATEFP":"36","COUNTYFP":"061","D1C":14.162402400298781,"D1C5_RET":0,"D2B_E5MIXA":0.63899206812093334,"D3A":17.180224476737145,"D3AAO":0,"D3B":0,"D4A":128.75,"D4C":123.67,"D4D":12053.0876893,"D5AR":737811,"D5BR":2468403}},{"type":"Feature","id":149477,"geometry":{"type":"Polygon","coordinates":[[[-73.947585433955325,40.783579272251522],[-73.948040434239985,40.782950271828099],[-73.945671433105318,40.781955271921859],[-73.945214433170833,40.782579272105295],[-73.947585433955325,40.783579272251522]]]},"properties":{"OBJECTID":149477,"GEOID20":"360610156012","GEOID10":"360610156012","STATEFP":"36","COUNTYFP":"061","D1C":135.32847269665709,"D1C5_RET":0,"D2B_E5MIXA":0.63980915783920522,"D3A":36.17823035526937,"D3AAO":1.111174644154111,"D3B":0,"D4A":173,"D4C":154.66999999999999,"D4D":22032.899865300002,"D5AR":836730,"D5BR":3426558}},{"type":"Feature","id":149478,"geometry":{"type":"Polygon","coordinates":[[[-73.949426435010395,40.784356272112298],[-73.947585433955325,40.783579272251522],[-73.947070434294503,40.784244272141564],[-73.948926434519876,40.785029272586598],[-73.949426435010395,40.784356272112298]]]},"properties":{"OBJECTID":149478,"GEOID20":"360610156014","GEOID10":"360610156014","STATEFP":"36","COUNTYFP":"061","D1C":82.202322329261747,"D1C5_RET":15.330336640183862,"D2B_E5MIXA":0.7422014890165699,"D3A":13.183896951057879,"D3AAO":9.0457407209630141,"D3B":0,"D4A":269.56999999999999,"D4C":155.33000000000001,"D4D":26275.9855484,"D5AR":856923,"D5BR":3568081}},{"type":"Feature","id":149479,"geometry":{"type":"Polygon","coordinates":[[[-73.982119445677824,40.777931270499153],[-73.979282442941383,40.776737269755976],[-73.978801443615779,40.777418270320752],[-73.981622444662051,40.778616269514714],[-73.982119445677824,40.777931270499153]]]},"properties":{"OBJECTID":149479,"GEOID20":"360610157007","GEOID10":"360610157007","STATEFP":"36","COUNTYFP":"061","D1C":156.53534911086209,"D1C5_RET":25.717746294227069,"D2B_E5MIXA":0.75360423839323454,"D3A":42.120712957376163,"D3AAO":5.8930990086387647,"D3B":0,"D4A":159.59,"D4C":161.33000000000001,"D4D":17702.5877745,"D5AR":679458,"D5BR":2674841}},{"type":"Feature","id":149480,"geometry":{"type":"Polygon","coordinates":[[[-73.979749443819941,40.781203271044831],[-73.980211443777307,40.780569270275663],[-73.977370443537851,40.779372270871853],[-73.976904444280848,40.780005270211014],[-73.979749443819941,40.781203271044831]]]},"properties":{"OBJECTID":149480,"GEOID20":"360610161006","GEOID10":"360610161006","STATEFP":"36","COUNTYFP":"061","D1C":32.048841408744003,"D1C5_RET":4.3952696789134631,"D2B_E5MIXA":0.64031666145698107,"D3A":15.982961537420389,"D3AAO":11.780932119262612,"D3B":0,"D4A":258.83999999999997,"D4C":130,"D4D":15236.9348869,"D5AR":666547,"D5BR":2511352}},{"type":"Feature","id":149481,"geometry":{"type":"Polygon","coordinates":[[[-73.951809435490446,40.787584273028962],[-73.952059436634016,40.787230273043491],[-73.948828434610604,40.785889273046166],[-73.948379435072027,40.786505272974168],[-73.951610436197129,40.787866273107994],[-73.951809435490446,40.787584273028962]]]},"properties":{"OBJECTID":149481,"GEOID20":"360610158022","GEOID10":"360610158022","STATEFP":"36","COUNTYFP":"061","D1C":26.132501779705038,"D1C5_RET":2.7765783140936602,"D2B_E5MIXA":0.864351053852354,"D3A":37.346189244864597,"D3AAO":2.4399911536772589,"D3B":0,"D4A":99.239999999999995,"D4C":186.33000000000001,"D4D":19477.0762264,"D5AR":788469,"D5BR":3514141}},{"type":"Feature","id":149482,"geometry":{"type":"Polygon","coordinates":[[[-73.983979445202863,40.78049827099295],[-73.984477446043542,40.779816270098657],[-73.981622444662051,40.778616269514714],[-73.981136445313567,40.779300269688015],[-73.983979445202863,40.78049827099295]]]},"properties":{"OBJECTID":149482,"GEOID20":"360610159005","GEOID10":"360610159005","STATEFP":"36","COUNTYFP":"061","D1C":153.5389132945626,"D1C5_RET":52.715026897799831,"D2B_E5MIXA":0.96084893920273629,"D3A":32.814664473931572,"D3AAO":0.055148834944747885,"D3B":0,"D4A":143.5,"D4C":111.33,"D4D":12155.3686877,"D5AR":708250,"D5BR":2669291}},{"type":"Feature","id":149483,"geometry":{"type":"Polygon","coordinates":[[[-73.954818436857707,40.789213272744519],[-73.955276436617126,40.788592273083317],[-73.952059436634016,40.787230273043491],[-73.951610436197129,40.787866273107994],[-73.954818436857707,40.789213272744519]]]},"properties":{"OBJECTID":149483,"GEOID20":"360610160022","GEOID10":"360610160022","STATEFP":"36","COUNTYFP":"061","D1C":39.504657305259997,"D1C5_RET":5.0605139523266933,"D2B_E5MIXA":0.71397117493339635,"D3A":40.951222320476859,"D3AAO":0,"D3B":104.47519327135353,"D4A":69.739999999999995,"D4C":150.66999999999999,"D4D":15741.277370199999,"D5AR":698949,"D5BR":3694099}},{"type":"Feature","id":149484,"geometry":{"type":"Polygon","coordinates":[[[-73.940067431545899,40.78963427436792],[-73.94056143218863,40.788957273087227],[-73.938085430025524,40.787915274101813],[-73.937386431140013,40.789469274135335],[-73.93956343265404,40.790325274445266],[-73.940067431545899,40.78963427436792]]]},"properties":{"OBJECTID":149484,"GEOID20":"360610162003","GEOID10":"360610162003","STATEFP":"36","COUNTYFP":"061","D1C":9.8700949509303104,"D1C5_RET":0,"D2B_E5MIXA":0.36915373878963825,"D3A":25.508213779166926,"D3AAO":0,"D3B":0,"D4A":147.52000000000001,"D4C":22,"D4D":1447.6139261400001,"D5AR":644812,"D5BR":2484892}},{"type":"Feature","id":149485,"geometry":{"type":"Polygon","coordinates":[[[-73.976903443557603,40.785106271591623],[-73.977366443339889,40.784472270668246],[-73.974541442095642,40.783250271777121],[-73.974059442046808,40.78390927096823],[-73.976903443557603,40.785106271591623]]]},"properties":{"OBJECTID":149485,"GEOID20":"360610165004","GEOID10":"360610165004","STATEFP":"36","COUNTYFP":"061","D1C":194.71188389136373,"D1C5_RET":9.3404224744934616,"D2B_E5MIXA":0.558229725856484,"D3A":46.004176950162488,"D3AAO":5.7782841192091308,"D3B":0,"D4A":332.60000000000002,"D4C":117.33,"D4D":13485.8402018,"D5AR":672706,"D5BR":2485638}},{"type":"Feature","id":149486,"geometry":{"type":"Polygon","coordinates":[[[-73.973135443030387,40.785178271242991],[-73.973597442089428,40.784546271412019],[-73.970761440974528,40.783348271698124],[-73.970302440491906,40.783983270978922],[-73.973135443030387,40.785178271242991]]]},"properties":{"OBJECTID":149486,"GEOID20":"360610169005","GEOID10":"360610169005","STATEFP":"36","COUNTYFP":"061","D1C":107.81552138739811,"D1C5_RET":1.4718842510224996,"D2B_E5MIXA":0.36493992309625312,"D3A":20.036581559632058,"D3AAO":0,"D3B":78.539720514285051,"D4A":237.38,"D4C":77,"D4D":9066.8043172399994,"D5AR":609516,"D5BR":2438196}},{"type":"Feature","id":149498,"geometry":{"type":"Polygon","coordinates":[[[-73.969632441020408,40.789977273473404],[-73.969851442201815,40.789682272911783],[-73.967648440748505,40.788752273099092],[-73.968081440393561,40.788133272144279],[-73.967451441105027,40.787869272545258],[-73.966553441129562,40.789116272429915],[-73.969392440820883,40.790304273037016],[-73.969632441020408,40.789977273473404]]]},"properties":{"OBJECTID":149498,"GEOID20":"360610177005","GEOID10":"360610177005","STATEFP":"36","COUNTYFP":"061","D1C":55.149635281141265,"D1C5_RET":0,"D2B_E5MIXA":0.36932249829827296,"D3A":17.560278197243349,"D3AAO":0,"D3B":130.06773772264822,"D4A":168.97999999999999,"D4C":80.670000000000002,"D4D":7865.4905562900003,"D5AR":561626,"D5BR":2456846}},{"type":"Feature","id":149499,"geometry":{"type":"Polygon","coordinates":[[[-73.942000433560779,40.791261273919233],[-73.942436432680566,40.790632274161673],[-73.940067431545899,40.78963427436792],[-73.939133431585432,40.790913273772269],[-73.941504432369925,40.791916273503311],[-73.942000433560779,40.791261273919233]]]},"properties":{"OBJECTID":149499,"GEOID20":"360610170004","GEOID10":"360610170004","STATEFP":"36","COUNTYFP":"061","D1C":0.65058187555012803,"D1C5_RET":0,"D2B_E5MIXA":0.39548848910372325,"D3A":32.031661549816334,"D3AAO":5.7184892116301,"D3B":0,"D4A":146.18000000000001,"D4C":47,"D4D":3261.5838027599998,"D5AR":617762,"D5BR":2621595}},{"type":"Feature","id":149501,"geometry":{"type":"Polygon","coordinates":[[[-73.970764442245894,40.788429271909898],[-73.971222441106988,40.787801272344581],[-73.968386440890399,40.786604272004539],[-73.967928440232683,40.787230272363331],[-73.970764442245894,40.788429271909898]]]},"properties":{"OBJECTID":149501,"GEOID20":"360610173005","GEOID10":"360610173005","STATEFP":"36","COUNTYFP":"061","D1C":52.326390499605701,"D1C5_RET":0,"D2B_E5MIXA":0.4681732967784536,"D3A":22.099973005249517,"D3AAO":0,"D3B":0,"D4A":209.21000000000001,"D4C":61,"D4D":7244.0493122300004,"D5AR":564087,"D5BR":2223620}},{"type":"Feature","id":149502,"geometry":{"type":"Polygon","coordinates":[[[-73.97168244231284,40.787171271955572],[-73.972176442057247,40.786495271243275],[-73.96933644164271,40.785302272613443],[-73.968845440474709,40.785975271663446],[-73.97168244231284,40.787171271955572]]]},"properties":{"OBJECTID":149502,"GEOID20":"360610173007","GEOID10":"360610173007","STATEFP":"36","COUNTYFP":"061","D1C":52.768537535502361,"D1C5_RET":1.7244620109641293,"D2B_E5MIXA":0.53915719541952956,"D3A":22.40268618830579,"D3AAO":0,"D3B":183.97836240081554,"D4A":0,"D4C":61,"D4D":6732.2616115500005,"D5AR":613808,"D5BR":2450865}},{"type":"Feature","id":149503,"geometry":{"type":"Polygon","coordinates":[[[-73.979863444521087,40.790622272372282],[-73.980358444988724,40.789949272127664],[-73.977858443434485,40.788889272640432],[-73.977362443141914,40.789566271893911],[-73.979863444521087,40.790622272372282]]]},"properties":{"OBJECTID":149503,"GEOID20":"360610175003","GEOID10":"360610175003","STATEFP":"36","COUNTYFP":"061","D1C":58.555208778596892,"D1C5_RET":0,"D2B_E5MIXA":0.45313265610513226,"D3A":21.850084997197325,"D3AAO":0,"D3B":124.9177445929452,"D4A":0,"D4C":73.670000000000002,"D4D":9202.6902441599996,"D5AR":639780,"D5BR":2187364}},{"type":"Feature","id":149504,"geometry":{"type":"Polygon","coordinates":[[[-73.969392440820883,40.790304273037016],[-73.966553441129562,40.789116272429915],[-73.966095440471847,40.789742273593262],[-73.968929441038611,40.790936273160128],[-73.969392440820883,40.790304273037016]]]},"properties":{"OBJECTID":149504,"GEOID20":"360610177008","GEOID10":"360610177008","STATEFP":"36","COUNTYFP":"061","D1C":57.020036618711828,"D1C5_RET":0,"D2B_E5MIXA":0.20989428329462992,"D3A":39.790551468413497,"D3AAO":0,"D3B":158.05669647138279,"D4A":171.66,"D4C":67.670000000000002,"D4D":8017.7636058600001,"D5AR":543198,"D5BR":2219911}},{"type":"Feature","id":149505,"geometry":{"type":"Polygon","coordinates":[[[-73.976481443783214,40.793466273481805],[-73.976575444392878,40.793337273743845],[-73.975076443644568,40.792704273611577],[-73.974617443161947,40.793333273463311],[-73.976307444604259,40.794040273404775],[-73.976481443783214,40.793466273481805]]]},"properties":{"OBJECTID":149505,"GEOID20":"360610179002","GEOID10":"360610179002","STATEFP":"36","COUNTYFP":"061","D1C":84.078342029339268,"D1C5_RET":0,"D2B_E5MIXA":0.25311084688304109,"D3A":30.431970102675056,"D3AAO":0,"D3B":0,"D4A":252.13,"D4C":117.67,"D4D":25531.585678399999,"D5AR":678067,"D5BR":2221624}},{"type":"Feature","id":149506,"geometry":{"type":"Polygon","coordinates":[[[-73.941411433381816,40.796050275567922],[-73.941877432638819,40.795414275003189],[-73.939631431527815,40.794475273729262],[-73.938708432336313,40.795735275469127],[-73.940930433157874,40.796708275909133],[-73.941411433381816,40.796050275567922]]]},"properties":{"OBJECTID":149506,"GEOID20":"360610180004","GEOID10":"360610180004","STATEFP":"36","COUNTYFP":"061","D1C":6.1112933160542857,"D1C5_RET":0,"D2B_E5MIXA":0,"D3A":18.513103492672638,"D3AAO":5.896839969097087,"D3B":0,"D4A":197.13999999999999,"D4C":103.33,"D4D":7625.4181234500002,"D5AR":706922,"D5BR":2737951}},{"type":"Feature","id":149507,"geometry":{"type":"Polygon","coordinates":[[[-73.96752544072487,40.792864273240475],[-73.968017441717762,40.792193272771534],[-73.96517844022982,40.790999273364605],[-73.964686440135225,40.791672273168466],[-73.96752544072487,40.792864273240475]]]},"properties":{"OBJECTID":149507,"GEOID20":"360610181005","GEOID10":"360610181005","STATEFP":"36","COUNTYFP":"061","D1C":24.058057805108962,"D1C5_RET":2.9423523934305926,"D2B_E5MIXA":0.90373684933002219,"D3A":24.391086964626165,"D3AAO":0,"D3B":73.884171261321271,"D4A":0,"D4C":67.670000000000002,"D4D":7495.8648714399997,"D5AR":654367,"D5BR":2495367}},{"type":"Feature","id":149509,"geometry":{"type":"Polygon","coordinates":[[[-73.971678439419918,40.754578265222442],[-73.972137439902568,40.75395126578956],[-73.969887439491899,40.753007265942131],[-73.96897943857239,40.754259265855914],[-73.971218440010716,40.755201265691781],[-73.971678439419918,40.754578265222442]]]},"properties":{"OBJECTID":149509,"GEOID20":"360610090005","GEOID10":"360610090005","STATEFP":"36","COUNTYFP":"061","D1C":724.28000949567172,"D1C5_RET":7.0512413710433721,"D2B_E5MIXA":0.57272615526718273,"D3A":35.189185813142956,"D3AAO":7.6537335640909721,"D3B":0,"D4A":232.00999999999999,"D4C":180,"D4D":13538.390433,"D5AR":1054837,"D5BR":4332734}},{"type":"Feature","id":149636,"geometry":{"type":"Polygon","coordinates":[[[-73.959494436507811,40.758982266784088],[-73.959723435938372,40.758671267429754],[-73.958812437340754,40.758264266418003],[-73.95631443543634,40.760485267496229],[-73.957889436352616,40.761183267491347],[-73.959494436507811,40.758982266784088]]]},"properties":{"OBJECTID":149636,"GEOID20":"360610106023","GEOID10":"360610106023","STATEFP":"36","COUNTYFP":"061","D1C":48.684703664551193,"D1C5_RET":0,"D2B_E5MIXA":0.26887321324140645,"D3A":112.91168683209101,"D3AAO":71.504012440824908,"D3B":131.36098373941905,"D4A":119.36,"D4C":76,"D4D":4991.7173820999997,"D5AR":1168305,"D5BR":3059544}},{"type":"Feature","id":149643,"geometry":{"type":"Polygon","coordinates":[[[-73.966622440726525,40.794102272985739],[-73.967013441437103,40.793568273555799],[-73.964177440322189,40.792370273373308],[-73.963805439878215,40.792889274146553],[-73.966026439976545,40.79386627438118],[-73.966206439901597,40.793821273949767],[-73.966217440670576,40.793905274413035],[-73.966622440726525,40.794102272985739]]]},"properties":{"OBJECTID":149643,"GEOID20":"360610185003","GEOID10":"360610185003","STATEFP":"36","COUNTYFP":"061","D1C":20.226023419386291,"D1C5_RET":7.1769760520402972,"D2B_E5MIXA":0.8142494057314511,"D3A":20.04084516446424,"D3AAO":0,"D3B":92.839622336210965,"D4A":181.05000000000001,"D4C":67.329999999999998,"D4D":9371.6518319299994,"D5AR":628378,"D5BR":2465860}},{"type":"Feature","id":149644,"geometry":{"type":"Polygon","coordinates":[[[-73.953130437760137,40.812700278258781],[-73.953545437861848,40.812059278174317],[-73.952102437190021,40.811450277654458],[-73.950928437030058,40.812583278587645],[-73.953111437493575,40.813503278680166],[-73.953130437760137,40.812700278258781]]]},"properties":{"OBJECTID":149644,"GEOID20":"360610213034","GEOID10":"360610213034","STATEFP":"36","COUNTYFP":"061","D1C":14.154507413174059,"D1C5_RET":0.39871851868095942,"D2B_E5MIXA":0.61229197592155293,"D3A":51.666612230973541,"D3AAO":0,"D3B":197.05146959754452,"D4A":107.29000000000001,"D4C":136.33000000000001,"D4D":13432.0134251,"D5AR":791033,"D5BR":2662835}},{"type":"Feature","id":149645,"geometry":{"type":"Polygon","coordinates":[[[-73.975908444396097,40.795529273588002],[-73.973702442569731,40.794587274126805],[-73.973211442300055,40.79526027360582],[-73.975017444093339,40.796026273501582],[-73.975908444396097,40.795529273588002]]]},"properties":{"OBJECTID":149645,"GEOID20":"360610183002","GEOID10":"360610183002","STATEFP":"36","COUNTYFP":"061","D1C":10.256560535685503,"D1C5_RET":0,"D2B_E5MIXA":0.51042932593305623,"D3A":31.10358665810821,"D3AAO":0,"D3B":312.58080091601801,"D4A":227.99000000000001,"D4C":117.67,"D4D":18390.691421899999,"D5AR":770117,"D5BR":2219057}},{"type":"Feature","id":149646,"geometry":{"type":"Polygon","coordinates":[[[-73.957342439599699,40.821171279578067],[-73.957524439174577,40.821151279082464],[-73.95507743912043,40.820105279632507],[-73.954587438675645,40.820777279377339],[-73.956746439748031,40.821693279434939],[-73.957342439599699,40.821171279578067]]]},"properties":{"OBJECTID":149646,"GEOID20":"360610223014","GEOID10":"360610223014","STATEFP":"36","COUNTYFP":"061","D1C":19.967043407474698,"D1C5_RET":1.755344475382391,"D2B_E5MIXA":0.82667420124374213,"D3A":35.356864085824633,"D3AAO":0,"D3B":93.665131882032853,"D4A":0,"D4C":66.329999999999998,"D4D":9314.5550190899994,"D5AR":711585,"D5BR":2553743}},{"type":"Feature","id":149647,"geometry":{"type":"Polygon","coordinates":[[[-73.947623436285099,40.822745280155772],[-73.948084437315856,40.822116280314113],[-73.946079436229269,40.821272279915185],[-73.944757435931294,40.824040279720506],[-73.946223436169305,40.824660280227569],[-73.947623436285099,40.822745280155772]]]},"properties":{"OBJECTID":149647,"GEOID20":"360610227002","GEOID10":"360610227002","STATEFP":"36","COUNTYFP":"061","D1C":14.144922166779949,"D1C5_RET":0,"D2B_E5MIXA":0.32781464209217742,"D3A":29.919945736090455,"D3AAO":0,"D3B":79.846214610022173,"D4A":284.31999999999999,"D4C":118.33,"D4D":5667.7879872800004,"D5AR":675774,"D5BR":2559575}},{"type":"Feature","id":149648,"geometry":{"type":"Polygon","coordinates":[[[-73.947118435771728,40.825912279878253],[-73.947605435843442,40.825241281107104],[-73.946223436169305,40.824660280227569],[-73.943899436138807,40.827823280707015],[-73.945293436406814,40.828409281152489],[-73.947118435771728,40.825912279878253]]]},"properties":{"OBJECTID":149648,"GEOID20":"360610231002","GEOID10":"360610231002","STATEFP":"36","COUNTYFP":"061","D1C":14.313733796297745,"D1C5_RET":0.22600632309943808,"D2B_E5MIXA":0.38337595259427665,"D3A":37.767831220720758,"D3AAO":0,"D3B":96.429364522426908,"D4A":0,"D4C":144.33000000000001,"D4D":6958.8250907600004,"D5AR":689434,"D5BR":2562923}},{"type":"Feature","id":149649,"geometry":{"type":"Polygon","coordinates":[[[-73.943924435354845,40.830279281303334],[-73.944381436187641,40.829659281670331],[-73.94220743504664,40.828737280899801],[-73.941369435345663,40.830899282615832],[-73.942981435173536,40.831576282273247],[-73.943924435354845,40.830279281303334]]]},"properties":{"OBJECTID":149649,"GEOID20":"360610235014","GEOID10":"360610235014","STATEFP":"36","COUNTYFP":"061","D1C":12.138734490929906,"D1C5_RET":4.3808966583807178,"D2B_E5MIXA":0.85771580889886956,"D3A":22.693703314943953,"D3AAO":0,"D3B":58.411955445076238,"D4A":185.06999999999999,"D4C":132.66999999999999,"D4D":7749.5141289000003,"D5AR":721508,"D5BR":2539158}},{"type":"Feature","id":149650,"geometry":{"type":"Polygon","coordinates":[[[-73.947271436830903,40.837999282424548],[-73.946786436409013,40.837760283030804],[-73.946641437542368,40.838066283112298],[-73.945857436471428,40.838567283460975],[-73.944023435987361,40.837788282555046],[-73.943067436285588,40.840201284264026],[-73.9446814357633,40.841059283397968],[-73.945609437672616,40.840170283928174],[-73.946611436506814,40.838621283040538],[-73.947271436830903,40.837999282424548]]]},"properties":{"OBJECTID":149650,"GEOID20":"360610247005","GEOID10":"360610247005","STATEFP":"36","COUNTYFP":"061","D1C":3.6050020463688086,"D1C5_RET":0.070686314634682529,"D2B_E5MIXA":0.50504700332569319,"D3A":28.44199896259277,"D3AAO":0,"D3B":147.34832549234557,"D4A":103.27,"D4C":121.33,"D4D":4873.9837328200001,"D5AR":769583,"D5BR":2357679}},{"type":"Feature","id":149651,"geometry":{"type":"Polygon","coordinates":[[[-73.944604435770415,40.821470279503821],[-73.945156436139456,40.82088427960467],[-73.943779433793253,40.82030227998186],[-73.941918434443338,40.82284528017005],[-73.942925435097052,40.823268280499995],[-73.944604435770415,40.821470279503821]]]},"properties":{"OBJECTID":149651,"GEOID20":"360610259002","GEOID10":"360610259002","STATEFP":"36","COUNTYFP":"061","D1C":32.787365768934386,"D1C5_RET":19.016672145981943,"D2B_E5MIXA":0.66523925558434482,"D3A":23.995597807120717,"D3AAO":0,"D3B":139.89276061412002,"D4A":134.11000000000001,"D4C":119.67,"D4D":8370.4833313500003,"D5AR":738098,"D5BR":2046913}},{"type":"Feature","id":149652,"geometry":{"type":"Polygon","coordinates":[[[-73.919459430344546,40.872257290475481],[-73.917917429938541,40.870931291136706],[-73.916279429273075,40.872124290825099],[-73.918460430985064,40.8730302910148],[-73.919459430344546,40.872257290475481]]]},"properties":{"OBJECTID":149652,"GEOID20":"360610307003","GEOID10":"360610307003","STATEFP":"36","COUNTYFP":"061","D1C":7.9602561375532259,"D1C5_RET":0,"D2B_E5MIXA":0.57386192899578436,"D3A":22.742602341608986,"D3AAO":0,"D3B":222.74115584975056,"D4A":462.69,"D4C":82,"D4D":6848.43448807,"D5AR":600370,"D5BR":1846291}},{"type":"Feature","id":149653,"geometry":{"type":"Polygon","coordinates":[[[-73.977902441120463,40.731219261087872],[-73.978024440420882,40.730781261161113],[-73.977791439894077,40.730376260295174],[-73.977701441279024,40.729936261619969],[-73.978002440679575,40.729437260099772],[-73.97185843934497,40.72676725983353],[-73.971397438314213,40.726670260260832],[-73.971283438511392,40.727534260501422],[-73.971283438511392,40.729259260646515],[-73.972018437381919,40.730240260594492],[-73.97345243962954,40.731375261148841],[-73.973975438787946,40.731147261512419],[-73.973937440051429,40.731035260353956],[-73.974779439950382,40.729801261025415],[-73.975920439600074,40.730268261917089],[-73.976215440051192,40.730722260322743],[-73.976897440116574,40.731234260847827],[-73.977083440787723,40.731308260975482],[-73.977497441064514,40.731308260975482],[-73.977902441120463,40.731219261087872]]]},"properties":{"OBJECTID":149653,"GEOID20":"360610044005","GEOID10":"360610044005","STATEFP":"36","COUNTYFP":"061","D1C":3.8468401947783417,"D1C5_RET":0,"D2B_E5MIXA":0.43692656793589457,"D3A":38.553128040956231,"D3AAO":19.986782426175719,"D3B":32.020726776286843,"D4A":187.75999999999999,"D4C":114.67,"D4D":1835.9083697200001,"D5AR":774310,"D5BR":2556036}},{"type":"Feature","id":149655,"geometry":{"type":"Polygon","coordinates":[[[-73.988178446623621,40.774743268860817],[-73.988627447060509,40.774124268632342],[-73.985793445595419,40.772912268862797],[-73.985333446186203,40.773539269043773],[-73.988178446623621,40.774743268860817]]]},"properties":{"OBJECTID":149655,"GEOID20":"360610151001","GEOID10":"360610151001","STATEFP":"36","COUNTYFP":"061","D1C":61.277952820210082,"D1C5_RET":0,"D2B_E5MIXA":0.24101795845146587,"D3A":13.165732054387982,"D3AAO":5.913421883044558,"D3B":0,"D4A":277.61000000000001,"D4C":96.329999999999998,"D4D":11448.0585603,"D5AR":718366,"D5BR":2384912}},{"type":"Feature","id":149656,"geometry":{"type":"Polygon","coordinates":[[[-73.956807438050788,40.807554277449022],[-73.957267438358315,40.806924276147932],[-73.95441743789803,40.805733276489747],[-73.953501437480909,40.806989276548101],[-73.956345438093408,40.80818227579595],[-73.956807438050788,40.807554277449022]]]},"properties":{"OBJECTID":149656,"GEOID20":"360610257003","GEOID10":"360610257003","STATEFP":"36","COUNTYFP":"061","D1C":28.892446940225046,"D1C5_RET":0.092603996603285402,"D2B_E5MIXA":0.69938997846701101,"D3A":42.833084717137901,"D3AAO":0,"D3B":118.22638440671575,"D4A":0,"D4C":76,"D4D":4492.6026074600004,"D5AR":721318,"D5BR":2587654}},{"type":"Feature","id":149657,"geometry":{"type":"Polygon","coordinates":[[[-73.939532432691905,40.804391276646584],[-73.939990433349635,40.803764275996464],[-73.938372432775637,40.803079276613616],[-73.938830431636731,40.802453275401469],[-73.937229431679484,40.801777276595331],[-73.93532743142336,40.804379277122429],[-73.938545433028011,40.805738277606309],[-73.939532432691905,40.804391276646584]]]},"properties":{"OBJECTID":149657,"GEOID20":"360610196003","GEOID10":"360610196003","STATEFP":"36","COUNTYFP":"061","D1C":64.082750894822112,"D1C5_RET":6.7266708427035118,"D2B_E5MIXA":0.64963418347267221,"D3A":30.49374064683153,"D3AAO":2.084606289475424,"D3B":57.400924524403294,"D4A":0,"D4C":232.66999999999999,"D4D":6677.7365545499997,"D5AR":890488,"D5BR":3458517}},{"type":"Feature","id":150037,"geometry":{"type":"Polygon","coordinates":[[[-74.006974450675457,40.729503259424177],[-74.007091449953023,40.728780259913769],[-74.005315449195265,40.728613259640703],[-74.005225449681916,40.729342259678297],[-74.004461449600754,40.730727259599689],[-74.0046274483838,40.731011259983916],[-74.004224448875988,40.731136259632237],[-74.003472449388696,40.732381259704269],[-74.005784449723663,40.731600259388138],[-74.006625449797696,40.731677259721188],[-74.006974450675457,40.729503259424177]]]},"properties":{"OBJECTID":150037,"GEOID20":"360610067004","GEOID10":"360610067004","STATEFP":"36","COUNTYFP":"061","D1C":115.34363606150357,"D1C5_RET":2.5135417059407561,"D2B_E5MIXA":0.67227281669728967,"D3A":36.032249954890787,"D3AAO":8.2592504918604916,"D3B":0,"D4A":222.63,"D4C":230,"D4D":9269.8790714700008,"D5AR":684596,"D5BR":2836362}},{"type":"Feature","id":150075,"geometry":{"type":"Polygon","coordinates":[[[-73.983633442901507,40.738173262298808],[-73.981393442536586,40.737230262977405],[-73.980419442393128,40.738558262473603],[-73.98266644153243,40.73950526214697],[-73.983633442901507,40.738173262298808]]]},"properties":{"OBJECTID":150075,"GEOID20":"360610064001","GEOID10":"360610064001","STATEFP":"36","COUNTYFP":"061","D1C":260.26896280893681,"D1C5_RET":10.286873583183649,"D2B_E5MIXA":0.48449125806521581,"D3A":30.319901715821949,"D3AAO":0.040003607637705114,"D3B":0,"D4A":0,"D4C":204.33000000000001,"D4D":14464.804330299999,"D5AR":945748,"D5BR":6323062}},{"type":"Feature","id":150076,"geometry":{"type":"Polygon","coordinates":[[[-73.984447442313069,40.737054262383175],[-73.98450944313565,40.736970261502265],[-73.982268442945809,40.736028261375999],[-73.981393442536586,40.737230262977405],[-73.983633442901507,40.738173262298808],[-73.984447442313069,40.737054262383175]]]},"properties":{"OBJECTID":150076,"GEOID20":"360610064002","GEOID10":"360610064002","STATEFP":"36","COUNTYFP":"061","D1C":132.97401181649963,"D1C5_RET":4.7797110238188809,"D2B_E5MIXA":0.45720563064118497,"D3A":23.948155664204208,"D3AAO":0,"D3B":0,"D4A":277.61000000000001,"D4C":204.66999999999999,"D4D":16053.5541374,"D5AR":808186,"D5BR":5583747}},{"type":"Feature","id":150077,"geometry":{"type":"Polygon","coordinates":[[[-74.001414448598652,40.731073259844287],[-74.001685447861988,40.730589259267816],[-74.000500447831371,40.72999625975406],[-74.001191448117581,40.729176259468979],[-74.000436447358936,40.728802259686113],[-73.999368446605857,40.730066259891395],[-74.001414448598652,40.731073259844287]]]},"properties":{"OBJECTID":150077,"GEOID20":"360610065002","GEOID10":"360610065002","STATEFP":"36","COUNTYFP":"061","D1C":165.31371437712306,"D1C5_RET":9.1165651310913454,"D2B_E5MIXA":0.6119425348314107,"D3A":37.11617449513642,"D3AAO":0,"D3B":86.481762736894964,"D4A":207.87,"D4C":227.33000000000001,"D4D":29475.1111289,"D5AR":716092,"D5BR":5111760}},{"type":"Feature","id":150078,"geometry":{"type":"Polygon","coordinates":[[[-74.001391447235804,40.72766825953083],[-73.999917447500181,40.726943259048177],[-73.998956446877216,40.72807625927296],[-74.000436447358936,40.728802259686113],[-74.001391447235804,40.72766825953083]]]},"properties":{"OBJECTID":150078,"GEOID20":"360610065004","GEOID10":"360610065004","STATEFP":"36","COUNTYFP":"061","D1C":167.84898252022154,"D1C5_RET":21.299708193997745,"D2B_E5MIXA":0.79649373677087809,"D3A":42.483891090121247,"D3AAO":0,"D3B":233.02244861809498,"D4A":140.81999999999999,"D4C":237,"D4D":27613.160161200001,"D5AR":684643,"D5BR":5334904}},{"type":"Feature","id":150079,"geometry":{"type":"Polygon","coordinates":[[[-74.000436447358936,40.728802259686113],[-73.998956446877216,40.72807625927296],[-73.997887446299217,40.729318259378374],[-73.999368446605857,40.730066259891395],[-74.000436447358936,40.728802259686113]]]},"properties":{"OBJECTID":150079,"GEOID20":"360610065005","GEOID10":"360610065005","STATEFP":"36","COUNTYFP":"061","D1C":134.48961721362514,"D1C5_RET":2.1243803448081735,"D2B_E5MIXA":0.40358173128805797,"D3A":14.733819143928564,"D3AAO":0,"D3B":0,"D4A":293.70999999999998,"D4C":210,"D4D":21962.824487900001,"D5AR":692145,"D5BR":5330012}},{"type":"Feature","id":150080,"geometry":{"type":"Polygon","coordinates":[[[-73.980411441997219,40.742595263526695],[-73.980860442434107,40.741978262305793],[-73.97861744169613,40.741034263998827],[-73.978169441084162,40.741651263086624],[-73.980411441997219,40.742595263526695]]]},"properties":{"OBJECTID":150080,"GEOID20":"360610066001","GEOID10":"360610066001","STATEFP":"36","COUNTYFP":"061","D1C":58.519826266339784,"D1C5_RET":4.2994158073229229,"D2B_E5MIXA":0.79642795344932893,"D3A":14.94267893551835,"D3AAO":14.94267893551835,"D3B":0,"D4A":130.09,"D4C":139.66999999999999,"D4D":21351.089984300001,"D5AR":826669,"D5BR":6060745}},{"type":"Feature","id":150081,"geometry":{"type":"Polygon","coordinates":[[[-73.980860442434107,40.741978262305793],[-73.981313442170631,40.741359263184819],[-73.979078441828563,40.740401263013268],[-73.97861744169613,40.741034263998827],[-73.980860442434107,40.741978262305793]]]},"properties":{"OBJECTID":150081,"GEOID20":"360610066002","GEOID10":"360610066002","STATEFP":"36","COUNTYFP":"061","D1C":29.838139838674344,"D1C5_RET":0,"D2B_E5MIXA":0.73264803132814538,"D3A":55.014297930523092,"D3AAO":14.927087967799078,"D3B":0,"D4A":150.21000000000001,"D4C":188,"D4D":28268.700672399998,"D5AR":854532,"D5BR":6060969}},{"type":"Feature","id":150082,"geometry":{"type":"Polygon","coordinates":[[[-73.981623442690363,40.740932262211714],[-73.981763442432438,40.74074126290872],[-73.979519441869542,40.739792262063226],[-73.979078441828563,40.740401263013268],[-73.981313442170631,40.741359263184819],[-73.981623442690363,40.740932262211714]]]},"properties":{"OBJECTID":150082,"GEOID20":"360610066003","GEOID10":"360610066003","STATEFP":"36","COUNTYFP":"061","D1C":48.460655669312551,"D1C5_RET":9.3562652034811364,"D2B_E5MIXA":0.7950460469654671,"D3A":19.755593805499089,"D3AAO":14.918217675116381,"D3B":0,"D4A":250.78999999999999,"D4C":191,"D4D":29325.893807,"D5AR":853158,"D5BR":5546248}},{"type":"Feature","id":150083,"geometry":{"type":"Polygon","coordinates":[[[-74.00527044809111,40.728861260184672],[-74.005315449195265,40.728613259640703],[-74.002809448691565,40.728373259749524],[-74.001685447861988,40.730589259267816],[-74.005139449468174,40.729527259657381],[-74.00527044809111,40.728861260184672]]]},"properties":{"OBJECTID":150083,"GEOID20":"360610067002","GEOID10":"360610067002","STATEFP":"36","COUNTYFP":"061","D1C":83.21682643428413,"D1C5_RET":0.90235113001030975,"D2B_E5MIXA":0.64731314119870598,"D3A":39.352758543186908,"D3AAO":7.4365249525249073,"D3B":64.167191467399803,"D4A":202.50999999999999,"D4C":205.66999999999999,"D4D":13197.2662691,"D5AR":717521,"D5BR":3724254}},{"type":"Feature","id":150084,"geometry":{"type":"Polygon","coordinates":[[[-74.004689448308071,40.730329260430068],[-74.005139449468174,40.729527259657381],[-74.002470447859551,40.730332259741715],[-74.003555449229381,40.732232259742332],[-74.004224448875988,40.731136259632237],[-74.0046274483838,40.731011259983916],[-74.004461449600754,40.730727259599689],[-74.004689448308071,40.730329260430068]]]},"properties":{"OBJECTID":150084,"GEOID20":"360610067003","GEOID10":"360610067003","STATEFP":"36","COUNTYFP":"061","D1C":106.03044766444107,"D1C5_RET":27.376144416638127,"D2B_E5MIXA":0.72023664405771715,"D3A":32.661514298976456,"D3AAO":4.758994774877598,"D3B":0,"D4A":100.58,"D4C":230,"D4D":20455.677452399999,"D5AR":679009,"D5BR":2876549}},{"type":"Feature","id":150085,"geometry":{"type":"Polygon","coordinates":[[[-73.985429444649043,40.741479262619002],[-73.985880444735741,40.740861262096551],[-73.984262443263447,40.740180261945113],[-73.982463442041166,40.742653262871741],[-73.984079442965339,40.743334263567085],[-73.985429444649043,40.741479262619002]]]},"properties":{"OBJECTID":150085,"GEOID20":"360610068001","GEOID10":"360610068001","STATEFP":"36","COUNTYFP":"061","D1C":443.92398702952244,"D1C5_RET":9.1692524302711185,"D2B_E5MIXA":0.81232082127842586,"D3A":34.832749329295105,"D3AAO":0,"D3B":105.73552352024353,"D4A":194.46000000000001,"D4C":306.67000000000002,"D4D":16212.956499,"D5AR":980806,"D5BR":6601068}},{"type":"Feature","id":150086,"geometry":{"type":"Polygon","coordinates":[[[-74.006295450084821,40.733750260540567],[-74.006408450062722,40.733062260732943],[-74.004278448404321,40.7333992601652],[-74.004562448984785,40.734018260522966],[-74.006295450084821,40.733750260540567]]]},"properties":{"OBJECTID":150086,"GEOID20":"360610073002","GEOID10":"360610073002","STATEFP":"36","COUNTYFP":"061","D1C":115.2514812595531,"D1C5_RET":15.164668586783304,"D2B_E5MIXA":0.88086299643953547,"D3A":22.680500022901558,"D3AAO":0,"D3B":0,"D4A":124.72,"D4C":225.33000000000001,"D4D":48598.112322300003,"D5AR":672803,"D5BR":2827684}},{"type":"Feature","id":150087,"geometry":{"type":"Polygon","coordinates":[[[-73.987303444417748,40.738911261913302],[-73.984083443163286,40.737554262482497],[-73.983633442901507,40.738173262298808],[-73.986850443782899,40.739530262715412],[-73.987303444417748,40.738911261913302]]]},"properties":{"OBJECTID":150087,"GEOID20":"360610068003","GEOID10":"360610068003","STATEFP":"36","COUNTYFP":"061","D1C":125.72065467621127,"D1C5_RET":1.6585838347785129,"D2B_E5MIXA":0.62962428614979682,"D3A":36.641843850071687,"D3AAO":0,"D3B":176.95099216484996,"D4A":177.03,"D4C":281.67000000000002,"D4D":29899.091759499999,"D5AR":931514,"D5BR":6482152}},{"type":"Feature","id":150088,"geometry":{"type":"Polygon","coordinates":[[[-74.014866452280387,40.728677259737815],[-74.014887452196788,40.728503259712902],[-74.010644450395077,40.728180259047406],[-74.010545450660871,40.729108259107825],[-74.007091449953023,40.728780259913769],[-74.006408450062722,40.733062260732943],[-74.008635450008853,40.732651259680537],[-74.010998452194059,40.732329260057],[-74.01107845166166,40.731457260283641],[-74.014205452131392,40.731513259850587],[-74.011095451380115,40.731266258962926],[-74.011165450801997,40.730452259326114],[-74.014073451886929,40.730697259847872],[-74.01435845139396,40.728620259122494],[-74.014866452280387,40.728677259737815]]]},"properties":{"OBJECTID":150088,"GEOID20":"360610069001","GEOID10":"360610069001","STATEFP":"36","COUNTYFP":"061","D1C":186.9836937412347,"D1C5_RET":4.4880660323152188,"D2B_E5MIXA":0.87268611837755694,"D3A":30.287730018371565,"D3AAO":6.1780458514312846,"D3B":78.328859135225628,"D4A":181.05000000000001,"D4C":89.329999999999998,"D4D":1049.3576764500001,"D5AR":705068,"D5BR":2713813}},{"type":"Feature","id":150089,"geometry":{"type":"Polygon","coordinates":[[[-73.979509440925497,40.743833262949153],[-73.979960441910507,40.743213263592111],[-73.977674441514836,40.742267263439146],[-73.976759440922635,40.743480263766877],[-73.97905944066369,40.744452263547238],[-73.979509440925497,40.743833262949153]]]},"properties":{"OBJECTID":150089,"GEOID20":"360610070002","GEOID10":"360610070002","STATEFP":"36","COUNTYFP":"061","D1C":77.347267276064215,"D1C5_RET":18.343687254293176,"D2B_E5MIXA":0.80546790365682241,"D3A":22.061924036971885,"D3AAO":11.58223393847083,"D3B":0,"D4A":270.91000000000003,"D4C":153.66999999999999,"D4D":11490.9530512,"D5AR":872400,"D5BR":4873920}},{"type":"Feature","id":150090,"geometry":{"type":"Polygon","coordinates":[[[-74.001096447683025,40.736572260197399],[-73.999974448299909,40.734696261337504],[-73.999654447734443,40.734078261102603],[-73.999556446926832,40.733619260669407],[-73.997806447905006,40.736040260997598],[-74.000648447969368,40.737238260765764],[-74.001096447683025,40.736572260197399]]]},"properties":{"OBJECTID":150090,"GEOID20":"360610071003","GEOID10":"360610071003","STATEFP":"36","COUNTYFP":"061","D1C":262.54505929580165,"D1C5_RET":7.1820836889429023,"D2B_E5MIXA":0.85256158635690293,"D3A":33.3981592951679,"D3AAO":3.9515025288586387,"D3B":68.13084189190991,"D4A":218.59999999999999,"D4C":331.67000000000002,"D4D":16939.247623899999,"D5AR":691992,"D5BR":3718918}},{"type":"Feature","id":150091,"geometry":{"type":"Polygon","coordinates":[[[-73.98085444258632,40.74775926457886],[-73.981362442574436,40.747153264218994],[-73.979725442632187,40.746410264033464],[-73.979239442385378,40.747076264103534],[-73.98085444258632,40.74775926457886]]]},"properties":{"OBJECTID":150091,"GEOID20":"360610072001","GEOID10":"360610072001","STATEFP":"36","COUNTYFP":"061","D1C":51.278286890019139,"D1C5_RET":10.255657378003827,"D2B_E5MIXA":0.86106189526161481,"D3A":36.042367855553564,"D3AAO":9.9095530457977699,"D3B":0,"D4A":190.44,"D4C":305.67000000000002,"D4D":60797.028668799998,"D5AR":1113908,"D5BR":6428004}},{"type":"Feature","id":150092,"geometry":{"type":"Polygon","coordinates":[[[-74.006572450992564,40.732003260347376],[-74.006625449797696,40.731677259721188],[-74.005784449723663,40.731600259388138],[-74.003613448955704,40.7323322606399],[-74.004278448404321,40.7333992601652],[-74.006408450062722,40.733062260732943],[-74.006572450992564,40.732003260347376]]]},"properties":{"OBJECTID":150092,"GEOID20":"360610073003","GEOID10":"360610073003","STATEFP":"36","COUNTYFP":"061","D1C":68.590272771550019,"D1C5_RET":7.9370436540481029,"D2B_E5MIXA":0.71802685480131345,"D3A":35.692707462281042,"D3AAO":0,"D3B":126.38616617359463,"D4A":171.66,"D4C":229,"D4D":17361.986834899999,"D5AR":702459,"D5BR":2917100}},{"type":"Feature","id":150093,"geometry":{"type":"Polygon","coordinates":[[[-74.004749449480855,40.734668260516983],[-74.004278448404321,40.7333992601652],[-74.003613448955704,40.7323322606399],[-74.002125448976358,40.732849260146722],[-74.002790449323314,40.733625261038057],[-74.003155449196313,40.734904260451408],[-74.004749449480855,40.734668260516983]]]},"properties":{"OBJECTID":150093,"GEOID20":"360610073004","GEOID10":"360610073004","STATEFP":"36","COUNTYFP":"061","D1C":104.48740710463574,"D1C5_RET":27.25254236358424,"D2B_E5MIXA":0.83843711118665876,"D3A":53.108233467900455,"D3AAO":7.2611061015364866,"D3B":148.4393796825014,"D4A":0,"D4C":228,"D4D":16922.0892838,"D5AR":628371,"D5BR":3661417}},{"type":"Feature","id":150094,"geometry":{"type":"Polygon","coordinates":[[[-73.985497443522789,40.747160263111439],[-73.985950443259313,40.746544263839631],[-73.984345444002429,40.7458692639701],[-73.982958442508803,40.747773264277072],[-73.981362442574436,40.747153264218994],[-73.98085444258632,40.74775926457886],[-73.984077443315513,40.749110263730948],[-73.985497443522789,40.747160263111439]]]},"properties":{"OBJECTID":150094,"GEOID20":"360610074001","GEOID10":"360610074001","STATEFP":"36","COUNTYFP":"061","D1C":564.48246546737607,"D1C5_RET":19.25466056170697,"D2B_E5MIXA":0.83383747324180058,"D3A":32.378707421968315,"D3AAO":0,"D3B":41.076609198308205,"D4A":52.299999999999997,"D4C":483.32999999999998,"D4D":19853.557523799998,"D5AR":1109494,"D5BR":6432513}},{"type":"Feature","id":150095,"geometry":{"type":"Polygon","coordinates":[[[-73.988715445127426,40.748521264187879],[-73.989167445039044,40.747903263764719],[-73.985950443259313,40.746544263839631],[-73.984077443315513,40.749110263730948],[-73.987295444021825,40.750459263947647],[-73.988715445127426,40.748521264187879]]]},"properties":{"OBJECTID":150095,"GEOID20":"360610076001","GEOID10":"360610076001","STATEFP":"36","COUNTYFP":"061","D1C":1480.3480678462399,"D1C5_RET":139.68798864499342,"D2B_E5MIXA":0.7925948481488273,"D3A":30.9346603737465,"D3AAO":1.2854828466162123,"D3B":51.2910572190452,"D4A":0,"D4C":524.33000000000004,"D4D":13446.7200158,"D5AR":923951,"D5BR":6660722}},{"type":"Feature","id":150096,"geometry":{"type":"Polygon","coordinates":[[[-73.99006844538755,40.74666726406398],[-73.990519446372573,40.746046263461267],[-73.987299445118097,40.744690263725978],[-73.985950443259313,40.746544263839631],[-73.989167445039044,40.747903263764719],[-73.99006844538755,40.74666726406398]]]},"properties":{"OBJECTID":150096,"GEOID20":"360610076002","GEOID10":"360610076002","STATEFP":"36","COUNTYFP":"061","D1C":355.81964765073985,"D1C5_RET":20.488761334537401,"D2B_E5MIXA":0.87179071977736278,"D3A":33.256923968696078,"D3AAO":0,"D3B":70.688987892743597,"D4A":155.56999999999999,"D4C":519.66999999999996,"D4D":18367.473169100002,"D5AR":994592,"D5BR":6955191}},{"type":"Feature","id":150097,"geometry":{"type":"Polygon","coordinates":[[[-74.002524448286209,40.739761261778561],[-74.002790450221639,40.739404261279525],[-74.001096447683025,40.736572260197399],[-73.999685448594889,40.738560260859892],[-74.002524448286209,40.739761261778561]]]},"properties":{"OBJECTID":150097,"GEOID20":"360610077001","GEOID10":"360610077001","STATEFP":"36","COUNTYFP":"061","D1C":273.79643616711189,"D1C5_RET":14.153292295496863,"D2B_E5MIXA":0.60910314971653035,"D3A":42.459487614362828,"D3AAO":8.6690351949579902,"D3B":212.67414766506613,"D4A":253.47,"D4C":284.67000000000002,"D4D":18158.953094100001,"D5AR":710747,"D5BR":3533028}},{"type":"Feature","id":150098,"geometry":{"type":"Polygon","coordinates":[[[-74.003875449794819,40.738147261340401],[-74.0038674485006,40.73755226134336],[-74.001769449324215,40.737683260957596],[-74.002790450221639,40.739404261279525],[-74.003862449376044,40.738403262114304],[-74.003875449794819,40.738147261340401]]]},"properties":{"OBJECTID":150098,"GEOID20":"360610077002","GEOID10":"360610077002","STATEFP":"36","COUNTYFP":"061","D1C":53.531506098478914,"D1C5_RET":1.4921674173792032,"D2B_E5MIXA":0.74333811755474122,"D3A":49.283850885136303,"D3AAO":0,"D3B":119.37339339033625,"D4A":93.879999999999995,"D4C":199.33000000000001,"D4D":23794.6985045,"D5AR":686707,"D5BR":3538472}},{"type":"Feature","id":150099,"geometry":{"type":"Polygon","coordinates":[[[-74.005775449502821,40.737177261099411],[-74.00553545020162,40.736885261296997],[-74.003084449051173,40.739085261946641],[-74.002524448286209,40.739761261778561],[-74.005159449559656,40.74086626197294],[-74.005775449502821,40.737177261099411]]]},"properties":{"OBJECTID":150099,"GEOID20":"360610077003","GEOID10":"360610077003","STATEFP":"36","COUNTYFP":"061","D1C":143.84874017273359,"D1C5_RET":5.6411270655973951,"D2B_E5MIXA":0.50575929354845539,"D3A":45.89613224592712,"D3AAO":0,"D3B":346.0944277285314,"D4A":140.81999999999999,"D4C":199.33000000000001,"D4D":8995.5668638799998,"D5AR":725034,"D5BR":3537633}},{"type":"Feature","id":150100,"geometry":{"type":"Polygon","coordinates":[[[-73.980169440351247,40.72229125949849],[-73.980608440742387,40.721686258723267],[-73.978232440833352,40.720682258083279],[-73.976894439743532,40.722506259389284],[-73.97928244024645,40.723513259367678],[-73.980169440351247,40.72229125949849]]]},"properties":{"OBJECTID":150100,"GEOID20":"360610026011","GEOID10":"360610026011","STATEFP":"36","COUNTYFP":"061","D1C":18.890394320973929,"D1C5_RET":4.4760372085841835,"D2B_E5MIXA":0.90705942878546109,"D3A":36.024060845832466,"D3AAO":0,"D3B":97.155801539004216,"D4A":177.03,"D4C":24,"D4D":1165.28697498,"D5AR":830145,"D5BR":2104547}},{"type":"Feature","id":150106,"geometry":{"type":"Polygon","coordinates":[[[-73.942866434647499,40.821550279705598],[-73.943323434581984,40.820925279385534],[-73.940478433246255,40.819729279443266],[-73.939567432852002,40.820973279776631],[-73.942412435086069,40.822172279648136],[-73.942866434647499,40.821550279705598]]]},"properties":{"OBJECTID":150106,"GEOID20":"360610232003","GEOID10":"360610232003","STATEFP":"36","COUNTYFP":"061","D1C":26.192910919420019,"D1C5_RET":2.2371169468543788,"D2B_E5MIXA":0.53010046196141525,"D3A":30.262744637837226,"D3AAO":0,"D3B":0,"D4A":229.33000000000001,"D4C":138.66999999999999,"D4D":8272.5601872099996,"D5AR":761276,"D5BR":1950977}},{"type":"Feature","id":150107,"geometry":{"type":"Polygon","coordinates":[[[-73.974715443071219,40.800859274319414],[-73.971925441987082,40.799713274491872],[-73.971010442293192,40.80097627494208],[-73.969506442420325,40.800338275400996],[-73.968585441980338,40.801644274866888],[-73.972900442853742,40.803391275766863],[-73.974715443071219,40.800859274319414]]]},"properties":{"OBJECTID":150107,"GEOID20":"360610191001","GEOID10":"360610191001","STATEFP":"36","COUNTYFP":"061","D1C":12.78294244160592,"D1C5_RET":1.171769723813876,"D2B_E5MIXA":0.79039069721296307,"D3A":54.338473944242452,"D3AAO":9.3600455300297352,"D3B":210.16070426537394,"D4A":162.28,"D4C":84.329999999999998,"D4D":1968.5496157600001,"D5AR":591326,"D5BR":2161342}},{"type":"Feature","id":150108,"geometry":{"type":"Polygon","coordinates":[[[-73.987747443933443,40.744074264035085],[-73.988195444545411,40.743459263203157],[-73.986598443887829,40.742780262727798],[-73.987983444833304,40.740881262280432],[-73.986367443909145,40.740195263087941],[-73.984079442965339,40.743334263567085],[-73.987299445118097,40.744690263725978],[-73.987747443933443,40.744074264035085]]]},"properties":{"OBJECTID":150108,"GEOID20":"360610056001","GEOID10":"360610056001","STATEFP":"36","COUNTYFP":"061","D1C":1296.6250725722989,"D1C5_RET":20.240776423094868,"D2B_E5MIXA":0.77974298756507299,"D3A":29.501619720788547,"D3AAO":0,"D3B":59.79348553992417,"D4A":0,"D4C":321.32999999999998,"D4D":9606.7203542700008,"D5AR":980823,"D5BR":6503074}},{"type":"Feature","id":150109,"geometry":{"type":"Polygon","coordinates":[[[-73.945355433636152,40.786646273753973],[-73.9456974330446,40.786181273260574],[-73.943320432412321,40.785182272695025],[-73.941938432738183,40.787073272914633],[-73.944323433766385,40.788064273084643],[-73.945355433636152,40.786646273753973]]]},"properties":{"OBJECTID":150109,"GEOID20":"360610164002","GEOID10":"360610164002","STATEFP":"36","COUNTYFP":"061","D1C":9.3522446815846401,"D1C5_RET":6.3330160835927485,"D2B_E5MIXA":0.54274057889437599,"D3A":27.187504475057068,"D3AAO":0,"D3B":31.435324485628751,"D4A":237.38,"D4C":139.33000000000001,"D4D":6566.5423696899998,"D5AR":818682,"D5BR":2996656}},{"type":"Feature","id":150110,"geometry":{"type":"Polygon","coordinates":[[[-73.984442442290188,40.733041260964299],[-73.984942442780692,40.732355260566436],[-73.982565442148399,40.731369259896539],[-73.981128441324387,40.733250261121583],[-73.982754443192619,40.733931261424217],[-73.983647442246891,40.732707261646141],[-73.984442442290188,40.733041260964299]]]},"properties":{"OBJECTID":150110,"GEOID20":"360610048005","GEOID10":"360610048005","STATEFP":"36","COUNTYFP":"061","D1C":644.10749224736287,"D1C5_RET":10.437562774157692,"D2B_E5MIXA":0.12377387783320058,"D3A":33.696308568317761,"D3AAO":0,"D3B":0,"D4A":226.65000000000001,"D4C":103.33,"D4D":6028.7731996399998,"D5AR":762343,"D5BR":3244355}},{"type":"Feature","id":150111,"geometry":{"type":"Polygon","coordinates":[[[-73.994910445617322,40.723044258514165],[-73.995465445461093,40.721627258671838],[-73.993796444833492,40.720945258262333],[-73.993260444357958,40.722361258890032],[-73.994910445617322,40.723044258514165]]]},"properties":{"OBJECTID":150111,"GEOID20":"360610043002","GEOID10":"360610043002","STATEFP":"36","COUNTYFP":"061","D1C":91.613435969655796,"D1C5_RET":11.214748196285452,"D2B_E5MIXA":0.84333450707686064,"D3A":33.599669139292118,"D3AAO":0,"D3B":0,"D4A":215.91999999999999,"D4C":267.32999999999998,"D4D":27024.573614100002,"D5AR":739228,"D5BR":4218870}},{"type":"Feature","id":150112,"geometry":{"type":"Polygon","coordinates":[[[-73.985754442542429,40.726996259548265],[-73.986177442141724,40.726417260120478],[-73.98395944151811,40.725481259414543],[-73.983536441918815,40.726061259558747],[-73.985754442542429,40.726996259548265]]]},"properties":{"OBJECTID":150112,"GEOID20":"360610032002","GEOID10":"360610032002","STATEFP":"36","COUNTYFP":"061","D1C":70.823454295430963,"D1C5_RET":4.618920932310715,"D2B_E5MIXA":0.50012386414235344,"D3A":22.719185239681391,"D3AAO":7.5067061811033913,"D3B":164.22829981549205,"D4A":232.00999999999999,"D4C":27.329999999999998,"D4D":4488.3594339600004,"D5AR":788484,"D5BR":3742532}},{"type":"Feature","id":150113,"geometry":{"type":"Polygon","coordinates":[[[-73.992563444223961,40.714396257338684],[-73.992268443772872,40.712476256901049],[-73.989972443331439,40.712654256980606],[-73.990221443751807,40.714413257959151],[-73.990756443504097,40.71456225764436],[-73.992563444223961,40.714396257338684]]]},"properties":{"OBJECTID":150113,"GEOID20":"360610006001","GEOID10":"360610006001","STATEFP":"36","COUNTYFP":"061","D1C":44.087565075817835,"D1C5_RET":6.2702314774496468,"D2B_E5MIXA":0.81555237069036568,"D3A":37.581226769593712,"D3AAO":0,"D3B":355.39672014184595,"D4A":227.99000000000001,"D4C":65.670000000000002,"D4D":4117.6610112400003,"D5AR":789433,"D5BR":3526050}},{"type":"Feature","id":150114,"geometry":{"type":"Polygon","coordinates":[[[-73.974517440907874,40.74912526558186],[-73.974971441367643,40.748510263819782],[-73.97359344099317,40.747927264165874],[-73.97269344046957,40.749165265056838],[-73.974071439945732,40.749743264856434],[-73.974517440907874,40.74912526558186]]]},"properties":{"OBJECTID":150114,"GEOID20":"360610088002","GEOID10":"360610088002","STATEFP":"36","COUNTYFP":"061","D1C":154.91997296238787,"D1C5_RET":0.77654121785658081,"D2B_E5MIXA":0.71492275857326115,"D3A":26.60692547478746,"D3AAO":12.184222564193934,"D3B":0,"D4A":199.83000000000001,"D4C":258,"D4D":32055.6214731,"D5AR":1084353,"D5BR":4472167}},{"type":"Feature","id":150115,"geometry":{"type":"Polygon","coordinates":[[[-73.999685448594889,40.738560260859892],[-73.996841447084094,40.737369262359628],[-73.996338447118831,40.738052262464329],[-73.999186447929304,40.739251261256953],[-73.999685448594889,40.738560260859892]]]},"properties":{"OBJECTID":150115,"GEOID20":"360610081004","GEOID10":"360610081004","STATEFP":"36","COUNTYFP":"061","D1C":121.02632623471109,"D1C5_RET":29.580456831109554,"D2B_E5MIXA":0.70207583730871603,"D3A":10.225100603753445,"D3AAO":9.2090037686545063,"D3B":0,"D4A":0,"D4C":297,"D4D":32129.447054,"D5AR":729552,"D5BR":3812516}},{"type":"Feature","id":150116,"geometry":{"type":"Polygon","coordinates":[[[-73.956932438622559,40.817553278682475],[-73.957379438511296,40.816941278120929],[-73.954548437419291,40.815745279090294],[-73.953191437859502,40.817603278883212],[-73.955295437781999,40.818488278986791],[-73.955588438583277,40.817427278308578],[-73.955804439391642,40.817069278843078],[-73.956932438622559,40.817553278682475]]]},"properties":{"OBJECTID":150116,"GEOID20":"360610219003","GEOID10":"360610219003","STATEFP":"36","COUNTYFP":"061","D1C":5.2148197321966814,"D1C5_RET":0,"D2B_E5MIXA":0.11756214954077283,"D3A":38.909480714603013,"D3AAO":0,"D3B":260.79313480715598,"D4A":230.66999999999999,"D4C":93.670000000000002,"D4D":4884.7216431500001,"D5AR":758594,"D5BR":2559234}},{"type":"Feature","id":150117,"geometry":{"type":"Polygon","coordinates":[[[-73.937983435308169,40.843509285070077],[-73.938421434077753,40.842910284514481],[-73.937029434357882,40.842322283769214],[-73.93612743328616,40.843558284397268],[-73.937519434802653,40.844145284046704],[-73.937983435308169,40.843509285070077]]]},"properties":{"OBJECTID":150117,"GEOID20":"360610253002","GEOID10":"360610253002","STATEFP":"36","COUNTYFP":"061","D1C":25.938257379102794,"D1C5_RET":6.1483276750465876,"D2B_E5MIXA":0.60400148609006743,"D3A":25.742230612923844,"D3AAO":0,"D3B":122.96655350093175,"D4A":190.44,"D4C":117.33,"D4D":14427.6657223,"D5AR":660375,"D5BR":2386255}},{"type":"Feature","id":150118,"geometry":{"type":"Polygon","coordinates":[[[-73.950454437377118,40.826438280132741],[-73.950941437448861,40.825765280043399],[-73.94810043631108,40.824571280244669],[-73.947118435771728,40.825912279878253],[-73.949961436559306,40.827112281450248],[-73.950454437377118,40.826438280132741]]]},"properties":{"OBJECTID":150118,"GEOID20":"360610229003","GEOID10":"360610229003","STATEFP":"36","COUNTYFP":"061","D1C":24.026194567269485,"D1C5_RET":8.383240550450143,"D2B_E5MIXA":0.82891792235164907,"D3A":26.451529416455241,"D3AAO":0,"D3B":110.62420520181632,"D4A":0,"D4C":150.33000000000001,"D4D":8315.0683839899993,"D5AR":657143,"D5BR":2559002}},{"type":"Feature","id":150119,"geometry":{"type":"Polygon","coordinates":[[[-73.992327445120736,40.724917258882506],[-73.992605444955075,40.724144259508385],[-73.988644443185677,40.72294125899171],[-73.988452443565066,40.723285258664411],[-73.990821443801423,40.724283258997502],[-73.989871443947408,40.725590259503385],[-73.991795444843163,40.726399259785907],[-73.992327445120736,40.724917258882506]]]},"properties":{"OBJECTID":150119,"GEOID20":"360610036022","GEOID10":"360610036022","STATEFP":"36","COUNTYFP":"061","D1C":73.53326706411768,"D1C5_RET":6.101359443897695,"D2B_E5MIXA":0.71269709820371197,"D3A":45.033135098741894,"D3AAO":0,"D3B":236.72640734848369,"D4A":221.28,"D4C":220.66999999999999,"D4D":11190.7489952,"D5AR":715794,"D5BR":3785550}},{"type":"Feature","id":150120,"geometry":{"type":"Polygon","coordinates":[[[-73.971297441450048,40.795338273369047],[-73.971789441544658,40.794659273699743],[-73.970369442235679,40.794059274192939],[-73.969416442008651,40.795369273580782],[-73.970837442939143,40.795971274230595],[-73.971297441450048,40.795338273369047]]]},"properties":{"OBJECTID":150120,"GEOID20":"360610183006","GEOID10":"360610183006","STATEFP":"36","COUNTYFP":"061","D1C":44.510892764197557,"D1C5_RET":11.704059451940394,"D2B_E5MIXA":0.84095162405714197,"D3A":37.526342990345221,"D3AAO":8.990682628348452,"D3B":113.49390983699776,"D4A":179.71000000000001,"D4C":117.67,"D4D":13354.828370499999,"D5AR":698912,"D5BR":2506286}},{"type":"Feature","id":150121,"geometry":{"type":"Polygon","coordinates":[[[-73.981933445006689,40.790556272494293],[-73.980358444988724,40.789949272127664],[-73.979396444540839,40.791253272427589],[-73.976905444105753,40.790194273130631],[-73.975990443513538,40.791446273714158],[-73.980110445291601,40.79313827343514],[-73.981933445006689,40.790556272494293]]]},"properties":{"OBJECTID":150121,"GEOID20":"360610175001","GEOID10":"360610175001","STATEFP":"36","COUNTYFP":"061","D1C":22.560282401652653,"D1C5_RET":0,"D2B_E5MIXA":0.61934588166922144,"D3A":38.496621621341802,"D3AAO":12.112668239743549,"D3B":216.3482256813395,"D4A":205.19,"D4C":73.670000000000002,"D4D":2172.6245618799999,"D5AR":650996,"D5BR":2113816}},{"type":"Feature","id":150122,"geometry":{"type":"Polygon","coordinates":[[[-73.972900442853742,40.803391275766863],[-73.970048442743618,40.802273274335832],[-73.969121441557533,40.803571275840433],[-73.967586442620856,40.802940275221779],[-73.96670244109248,40.80417727517424],[-73.971134443040071,40.805810275964113],[-73.972900442853742,40.803391275766863]]]},"properties":{"OBJECTID":150122,"GEOID20":"360610195001","GEOID10":"360610195001","STATEFP":"36","COUNTYFP":"061","D1C":27.127364143938728,"D1C5_RET":6.080271273641439,"D2B_E5MIXA":0.74110772929843804,"D3A":63.879664428630342,"D3AAO":9.3390123462213985,"D3B":316.82062112887741,"D4A":158.25,"D4C":84.329999999999998,"D4D":2054.7168330200002,"D5AR":552918,"D5BR":2456601}},{"type":"Feature","id":150123,"geometry":{"type":"Polygon","coordinates":[[[-73.97829444435088,40.778103269864459],[-73.978801443615779,40.777418270320752],[-73.975956442280051,40.776228269831442],[-73.975462443433955,40.776907269536871],[-73.97829444435088,40.778103269864459]]]},"properties":{"OBJECTID":150123,"GEOID20":"360610157002","GEOID10":"360610157002","STATEFP":"36","COUNTYFP":"061","D1C":100.56002731414871,"D1C5_RET":0.17044072426126899,"D2B_E5MIXA":0.58956351981274724,"D3A":25.392282853821136,"D3AAO":0,"D3B":109.08206352721217,"D4A":175.69,"D4C":145,"D4D":15816.899211399999,"D5AR":685731,"D5BR":2726588}},{"type":"Feature","id":150124,"geometry":{"type":"Polygon","coordinates":[[[-73.963413437546095,40.757645267142607],[-73.961159436937479,40.75669626594253],[-73.960672436865764,40.757372267094823],[-73.962926438372705,40.758317266461859],[-73.963413437546095,40.757645267142607]]]},"properties":{"OBJECTID":150124,"GEOID20":"360610106013","GEOID10":"360610106013","STATEFP":"36","COUNTYFP":"061","D1C":43.145327496133703,"D1C5_RET":1.7432455553993416,"D2B_E5MIXA":0.77261874961336563,"D3A":14.382583883591114,"D3AAO":7.4169320165523542,"D3B":139.45964443194731,"D4A":274.93000000000001,"D4C":71.329999999999998,"D4D":9947.6564373300007,"D5AR":897865,"D5BR":3370986}},{"type":"Feature","id":150125,"geometry":{"type":"Polygon","coordinates":[[[-73.962146438398022,40.767639268418442],[-73.962471438088031,40.767193268523563],[-73.96023443719784,40.766248268797682],[-73.959778437088261,40.766876268036974],[-73.96201543708014,40.767820268923806],[-73.962146438398022,40.767639268418442]]]},"properties":{"OBJECTID":150125,"GEOID20":"360610118002","GEOID10":"360610118002","STATEFP":"36","COUNTYFP":"061","D1C":106.61001885655882,"D1C5_RET":49.421863046086877,"D2B_E5MIXA":0.75404105465622107,"D3A":26.956780411069023,"D3AAO":0,"D3B":0,"D4A":134.11000000000001,"D4C":138.33000000000001,"D4D":20835.127817600001,"D5AR":887516,"D5BR":3447096}},{"type":"Feature","id":150126,"geometry":{"type":"Polygon","coordinates":[[[-73.932338432842528,40.848743285307314],[-73.932850433028605,40.84804628510782],[-73.931394432836328,40.847436285850222],[-73.93001443281203,40.849322285312091],[-73.931473433377349,40.849929286204656],[-73.932338432842528,40.848743285307314]]]},"properties":{"OBJECTID":150126,"GEOID20":"360610269003","GEOID10":"360610269003","STATEFP":"36","COUNTYFP":"061","D1C":74.524184786213269,"D1C5_RET":6.0294647885285819,"D2B_E5MIXA":0.54608921098574714,"D3A":30.778331756074067,"D3AAO":0.032107026451019191,"D3B":231.52399599924837,"D4A":0,"D4C":120.33,"D4D":9283.3330351799996,"D5AR":823219,"D5BR":2367866}},{"type":"Feature","id":150127,"geometry":{"type":"Polygon","coordinates":[[[-73.954395437258412,40.800667275535794],[-73.95485543846425,40.800039275437037],[-73.952409436438387,40.799008275091403],[-73.952459436667084,40.799851275529619],[-73.954395437258412,40.800667275535794]]]},"properties":{"OBJECTID":150127,"GEOID20":"360610216002","GEOID10":"360610216002","STATEFP":"36","COUNTYFP":"061","D1C":12.94945520682726,"D1C5_RET":0,"D2B_E5MIXA":0.38824417541149447,"D3A":38.344476663438741,"D3AAO":0,"D3B":0,"D4A":264.19999999999999,"D4C":121,"D4D":18570.477985500002,"D5AR":630193,"D5BR":2652428}},{"type":"Feature","id":150128,"geometry":{"type":"Polygon","coordinates":[[[-73.99381444707177,40.74662626333388],[-73.994263446610347,40.746012262722765],[-73.991420446721065,40.744810263275802],[-73.989618445125743,40.747285263723384],[-73.992464446286405,40.74847726406572],[-73.99381444707177,40.74662626333388]]]},"properties":{"OBJECTID":150128,"GEOID20":"360610095001","GEOID10":"360610095001","STATEFP":"36","COUNTYFP":"061","D1C":1507.167153854602,"D1C5_RET":22.472577813416301,"D2B_E5MIXA":0.52315544715723394,"D3A":28.961564125866552,"D3AAO":11.780862482093738,"D3B":0,"D4A":0,"D4C":429.67000000000002,"D4D":12928.2577528,"D5AR":843573,"D5BR":5869024}},{"type":"Feature","id":150129,"geometry":{"type":"Polygon","coordinates":[[[-73.939331434647087,40.83657528227517],[-73.939376434852932,40.836513282955003],[-73.937384433286823,40.83569828245566],[-73.936692434074004,40.837201282335364],[-73.938344434084854,40.837917283559996],[-73.939331434647087,40.83657528227517]]]},"properties":{"OBJECTID":150129,"GEOID20":"360610243011","GEOID10":"360610243011","STATEFP":"36","COUNTYFP":"061","D1C":34.477876477435998,"D1C5_RET":0,"D2B_E5MIXA":0.31488577822730895,"D3A":34.307339398698552,"D3AAO":0,"D3B":195.14377626878922,"D4A":0,"D4C":117.67,"D4D":9838.2896973200004,"D5AR":721490,"D5BR":2354172}},{"type":"Feature","id":150130,"geometry":{"type":"Polygon","coordinates":[[[-73.93749543451321,40.841687283969868],[-73.937930434706402,40.841095284487537],[-73.936465434293282,40.840490283627787],[-73.935568434142738,40.841721284677291],[-73.937029434357882,40.842322283769214],[-73.93749543451321,40.841687283969868]]]},"properties":{"OBJECTID":150130,"GEOID20":"360610253003","GEOID10":"360610253003","STATEFP":"36","COUNTYFP":"061","D1C":48.404449846939407,"D1C5_RET":1.6627482771849413,"D2B_E5MIXA":0.77385810183667658,"D3A":38.845845852423437,"D3AAO":0,"D3B":157.73199656993506,"D4A":139.47999999999999,"D4C":117.33,"D4D":13873.0848257,"D5AR":635279,"D5BR":2387016}},{"type":"Feature","id":150131,"geometry":{"type":"Polygon","coordinates":[[[-73.940381435856821,40.845714284844007],[-73.940519435949085,40.845377284793727],[-73.938732434422391,40.844644284705517],[-73.937314434763238,40.846631285247959],[-73.938099434760787,40.846959285224422],[-73.938236435028145,40.846918285231247],[-73.9397804359823,40.847218284860539],[-73.940381435856821,40.845714284844007]]]},"properties":{"OBJECTID":150131,"GEOID20":"360610263004","GEOID10":"360610263004","STATEFP":"36","COUNTYFP":"061","D1C":38.438034169109635,"D1C5_RET":3.9855104553224274,"D2B_E5MIXA":0.70397383097516564,"D3A":43.203734010844421,"D3AAO":0,"D3B":207.06126668561757,"D4A":135.44999999999999,"D4C":148.66999999999999,"D4D":8394.8182487499998,"D5AR":714443,"D5BR":2386061}},{"type":"Feature","id":150132,"geometry":{"type":"Polygon","coordinates":[[[-73.928412432131552,40.856614286814683],[-73.928717432628389,40.856190287102791],[-73.927320431089015,40.855606287248619],[-73.926759432295782,40.8563992872214],[-73.926739431305975,40.856597287905615],[-73.926900432761087,40.85686728732901],[-73.92739743287855,40.857160287904186],[-73.928267432366596,40.856816287386337],[-73.928412432131552,40.856614286814683]]]},"properties":{"OBJECTID":150132,"GEOID20":"360610277004","GEOID10":"360610277004","STATEFP":"36","COUNTYFP":"061","D1C":6.0712342585738668,"D1C5_RET":0.70052702983544612,"D2B_E5MIXA":0.66004337553655623,"D3A":36.672675545758075,"D3AAO":0,"D3B":348.80641055072141,"D4A":99.239999999999995,"D4C":59,"D4D":8817.3000096399992,"D5AR":637687,"D5BR":2810182}},{"type":"Feature","id":150133,"geometry":{"type":"Polygon","coordinates":[[[-73.987166443252093,40.714320256995002],[-73.986927441979162,40.712911257361498],[-73.985059442058244,40.713086256870334],[-73.985115442134727,40.713795256605344],[-73.985244442006177,40.71385425678946],[-73.985345442288505,40.714470257805019],[-73.987166443252093,40.714320256995002]]]},"properties":{"OBJECTID":150133,"GEOID20":"360610002011","GEOID10":"360610002011","STATEFP":"36","COUNTYFP":"061","D1C":34.806130341931848,"D1C5_RET":1.138518282212724,"D2B_E5MIXA":0.3971678633601205,"D3A":32.260374620913019,"D3AAO":0,"D3B":242.95329560543976,"D4A":272.25,"D4C":51,"D4D":5308.7481044899996,"D5AR":929798,"D5BR":4030435}},{"type":"Feature","id":150134,"geometry":{"type":"Polygon","coordinates":[[[-73.930024433756088,40.863095288286509],[-73.929941433017078,40.862558288973688],[-73.930004432766282,40.86211128805833],[-73.927767432774417,40.862934288817954],[-73.928901431853092,40.864647289178492],[-73.929365433256919,40.86429228860451],[-73.929735433152771,40.863880288076835],[-73.930003432941376,40.863420288865342],[-73.930024433756088,40.863095288286509]]]},"properties":{"OBJECTID":150134,"GEOID20":"360610287002","GEOID10":"360610287002","STATEFP":"36","COUNTYFP":"061","D1C":2.8011167118624622,"D1C5_RET":0,"D2B_E5MIXA":0.4128947339446527,"D3A":22.580571180704386,"D3AAO":0,"D3B":56.940003046546266,"D4A":0,"D4C":75.670000000000002,"D4D":6459.7451732099998,"D5AR":646477,"D5BR":1968878}},{"type":"Feature","id":150135,"geometry":{"type":"Polygon","coordinates":[[[-73.924386431861464,40.86537328942746],[-73.923768431370164,40.864411288792709],[-73.92188543048232,40.865108288706509],[-73.922499430775645,40.866072289392328],[-73.924386431861464,40.86537328942746]]]},"properties":{"OBJECTID":150135,"GEOID20":"360610291001","GEOID10":"360610291001","STATEFP":"36","COUNTYFP":"061","D1C":3.4653442758894575,"D1C5_RET":0,"D2B_E5MIXA":0.58021738179537141,"D3A":5.6210979612979113,"D3AAO":0,"D3B":0,"D4A":360.75999999999999,"D4C":85.670000000000002,"D4D":10555.592679699999,"D5AR":653158,"D5BR":2292348}},{"type":"Feature","id":150136,"geometry":{"type":"MultiPolygon","coordinates":[[[[-74.040748458921541,40.700175252815221],[-74.040427459429495,40.699421252791943],[-74.03979745834431,40.698985252959517],[-74.039869457416032,40.69890125238279],[-74.040097459716591,40.698942251874882],[-74.040235458012233,40.698841252100571],[-74.039932458063532,40.698598252414072],[-74.039652457681044,40.698803251916587],[-74.039169458705601,40.6986032520606],[-74.038745457484751,40.698645251528511],[-74.038570458480891,40.698738251910065],[-74.038373457939088,40.698677253051194],[-74.038511458031351,40.699155252002733],[-74.03872445756835,40.699310252514927],[-74.038937458003701,40.699663252423342],[-74.039256458744248,40.699695252094926],[-74.040083458574586,40.700100253037114],[-74.040649458289025,40.700222252179138],[-74.040748458921541,40.700175252815221]]],[[[-74.047134460105454,40.690550250238282],[-74.047286460441427,40.690511250178659],[-74.046471460306648,40.689498250081932],[-74.045371459766514,40.688886250790411],[-74.044397459623085,40.688550250044813],[-74.043978460221723,40.688666250250456],[-74.043659459481191,40.688869251146116],[-74.043514457919599,40.689282250613196],[-74.043557458475632,40.689733250856271],[-74.043774459108931,40.690091250028487],[-74.044280459447208,40.690471250181091],[-74.046071460273566,40.691193250358644],[-74.047170460988781,40.691122250987974],[-74.047250460456425,40.691007250877952],[-74.047134460105454,40.690550250238282]]]]},"properties":{"OBJECTID":150136,"GEOID20":"360610001001","GEOID10":"360610001001","STATEFP":"36","COUNTYFP":"061","D1C":0,"D1C5_RET":0,"D2B_E5MIXA":0,"D3A":30.416644555447228,"D3AAO":0,"D3B":266.92927942759127,"D4A":-99999,"D4C":-99999,"D4D":-99999,"D5AR":90177,"D5BR":-99999}},{"type":"Feature","id":150137,"geometry":{"type":"Polygon","coordinates":[[[-73.986927441979162,40.712911257361498],[-73.986547441139251,40.709305256627694],[-73.984548440798761,40.709503255733324],[-73.985059442058244,40.713086256870334],[-73.986927441979162,40.712911257361498]]]},"properties":{"OBJECTID":150137,"GEOID20":"360610002012","GEOID10":"360610002012","STATEFP":"36","COUNTYFP":"061","D1C":12.261404144667949,"D1C5_RET":0,"D2B_E5MIXA":0.42988378265443006,"D3A":45.361346339007447,"D3AAO":8.0684196365010816,"D3B":396.4471132415789,"D4A":233.34999999999999,"D4C":51,"D4D":2021.2738953600001,"D5AR":937251,"D5BR":3178910}},{"type":"Feature","id":150138,"geometry":{"type":"Polygon","coordinates":[[[-73.985345442288505,40.714470257805019],[-73.985244442006177,40.71385425678946],[-73.985115442134727,40.713795256605344],[-73.985059442058244,40.713086256870334],[-73.979291440467279,40.713770257942585],[-73.982454440922012,40.714707257429161],[-73.985345442288505,40.714470257805019]]]},"properties":{"OBJECTID":150138,"GEOID20":"360610002021","GEOID10":"360610002021","STATEFP":"36","COUNTYFP":"061","D1C":55.142887041903215,"D1C5_RET":3.8915752506269916,"D2B_E5MIXA":0.72032954243171554,"D3A":29.643288589623968,"D3AAO":0,"D3B":172.32188913568817,"D4A":109.97,"D4C":38,"D4D":1785.7190584,"D5AR":928926,"D5BR":3910914}},{"type":"Feature","id":150139,"geometry":{"type":"MultiPolygon","coordinates":[[[[-73.982249439984301,40.705837255557903],[-73.982256440555318,40.705726255757916],[-73.981035439641332,40.705797255908962],[-73.980968440592505,40.705703255481765],[-73.981022440120867,40.705511255471961],[-73.981196441096458,40.705687255729082],[-73.981414440656337,40.705711256378166],[-73.981602440079001,40.705666255494535],[-73.981649440832982,40.705582255852214],[-73.982034440797435,40.705523256510268],[-73.980988438887366,40.705382255239563],[-73.980908440318046,40.705915255417061],[-73.982249439984301,40.705837255557903]]],[[[-73.985059442058244,40.713086256870334],[-73.984548440798761,40.709503255733324],[-73.981241440403977,40.709833256566149],[-73.981279440937129,40.710232256713766],[-73.980657440247896,40.710253256189382],[-73.98055544014062,40.710815257141185],[-73.980621439364555,40.71154225681709],[-73.983616441386431,40.71133425686061],[-73.983883442248427,40.713209256312076],[-73.985059442058244,40.713086256870334]]]]},"properties":{"OBJECTID":150139,"GEOID20":"360610002022","GEOID10":"360610002022","STATEFP":"36","COUNTYFP":"061","D1C":5.4356415013241826,"D1C5_RET":0.050330013901149835,"D2B_E5MIXA":0.14682200895267883,"D3A":45.63002818727599,"D3AAO":18.553997510946591,"D3B":80.007395736121978,"D4A":174.34999999999999,"D4C":24.329999999999998,"D4D":729.60267551000004,"D5AR":934420,"D5BR":3085383}},{"type":"Feature","id":150140,"geometry":{"type":"Polygon","coordinates":[[[-73.990360443668962,40.728937260265177],[-73.990791444562504,40.728360260760319],[-73.988540443428619,40.727410259574135],[-73.987240443770247,40.729200259820068],[-73.98948344450821,40.730141259956817],[-73.990360443668962,40.728937260265177]]]},"properties":{"OBJECTID":150140,"GEOID20":"360610038001","GEOID10":"360610038001","STATEFP":"36","COUNTYFP":"061","D1C":95.079016090758159,"D1C5_RET":10.527780328388447,"D2B_E5MIXA":0.67519323303361134,"D3A":37.816327270485331,"D3AAO":0,"D3B":87.749049037117715,"D4A":186.41999999999999,"D4C":209,"D4D":11001.530443199999,"D5AR":738955,"D5BR":3367929}},{"type":"Feature","id":150141,"geometry":{"type":"Polygon","coordinates":[[[-74.026608452631692,40.685889250098342],[-74.026629452548093,40.685512251033451],[-74.026487453156165,40.685042250902093],[-74.026113453062365,40.684589250240286],[-74.025548453172846,40.684192249769353],[-74.024107452150858,40.683928250194072],[-74.023537452238457,40.68397824947656],[-74.022736452347388,40.68426125037616],[-74.022386451644707,40.683794250324354],[-74.023164451969549,40.683048249734483],[-74.023020452029513,40.682928249855337],[-74.022121452229143,40.683786250201642],[-74.022555452597416,40.684340250983205],[-74.020618451282871,40.68523124998373],[-74.020292450869647,40.684797249932487],[-74.021014451118006,40.684492250525402],[-74.020894451467413,40.684356250413558],[-74.019442450574758,40.68504625088822],[-74.019538451732544,40.68513425052199],[-74.020228451295537,40.68486125059799],[-74.020540451465081,40.685267251110389],[-74.018496450918732,40.686225250636866],[-74.017105451023781,40.686834251297128],[-74.016787451006451,40.686414250450753],[-74.017621450509495,40.685431251152991],[-74.017484450242151,40.685350251174079],[-74.01667445102855,40.686313251438627],[-74.015158449663502,40.686425250866733],[-74.015190450348854,40.686546251916724],[-74.016674450130225,40.686442251134487],[-74.017030450680693,40.686864250380495],[-74.016001450285685,40.687317250564874],[-74.01488244858065,40.687262251246523],[-74.013170448295327,40.688163251550812],[-74.012307449378284,40.689289251505656],[-74.012207448920861,40.691132252083904],[-74.012491449501312,40.691142252497237],[-74.012626449220519,40.691417252376475],[-74.012835448559585,40.691525251803213],[-74.013329450100613,40.692035252293451],[-74.012463449013893,40.69222125231019],[-74.012447448222062,40.692138251949416],[-74.01220244889798,40.692053251702553],[-74.011904448972174,40.692099252138092],[-74.011839449573159,40.692162252712649],[-74.012119449057323,40.692614251736572],[-74.012381449896438,40.692540251503509],[-74.012574449341983,40.692312252348962],[-74.013417449964166,40.69212825236675],[-74.014272450281922,40.692851252178386],[-74.016762450892088,40.693351252655759],[-74.019488451503832,40.69323025238311],[-74.019665451954154,40.69317225219136],[-74.019839451133123,40.693044251777444],[-74.020207451379136,40.692035251612367],[-74.026209454220137,40.686450250938435],[-74.026608452631692,40.685889250098342]]]},"properties":{"OBJECTID":150141,"GEOID20":"360610005001","GEOID10":"360610005001","STATEFP":"36","COUNTYFP":"061","D1C":1.1099271887764162,"D1C5_RET":0,"D2B_E5MIXA":0.65203970915718235,"D3A":23.09089163966355,"D3AAO":0,"D3B":114.99893209800575,"D4A":1064.8499999999999,"D4C":6.3300000000000001,"D4D":22.739698868600001,"D5AR":300540,"D5BR":170563}},{"type":"Feature","id":150142,"geometry":{"type":"Polygon","coordinates":[[[-74.012509450841279,40.706775254670411],[-74.012401450886259,40.706793254182941],[-74.00986744989514,40.705805254751134],[-74.009985449895922,40.705156254478318],[-74.009748449171141,40.704783254265415],[-74.007981447735915,40.703197254438081],[-74.007532448197338,40.702604254684374],[-74.007518447953657,40.70307325448286],[-74.00680044880157,40.703479254355457],[-74.005514447590272,40.702369254359461],[-74.005189447900264,40.702545254066358],[-74.005976448445949,40.703383254619062],[-74.003628447227683,40.703308254366938],[-74.004553446967321,40.704846254422414],[-74.004339447605389,40.704973254936135],[-74.007460449125645,40.707227255333599],[-74.008270449237557,40.707730255155731],[-74.009372448529192,40.708622255634907],[-74.010543449214424,40.709162255923857],[-74.012509450841279,40.706775254670411]]]},"properties":{"OBJECTID":150142,"GEOID20":"360610007001","GEOID10":"360610007001","STATEFP":"36","COUNTYFP":"061","D1C":1038.8458916747022,"D1C5_RET":11.37778435650816,"D2B_E5MIXA":0.6177876443954804,"D3A":42.011858826475091,"D3AAO":5.0757680151363438,"D3B":203.32228666303806,"D4A":197.13999999999999,"D4C":399.32999999999998,"D4D":4427.8065514099999,"D5AR":778878,"D5BR":6862360}},{"type":"Feature","id":150143,"geometry":{"type":"Polygon","coordinates":[[[-73.99744544643336,40.714075256783573],[-73.997505446707791,40.714077257266993],[-73.997118445296877,40.71280725619819],[-73.994460445355514,40.713029256520514],[-73.994586444853908,40.71369825651211],[-73.994841445122034,40.714217257591237],[-73.99744544643336,40.714075256783573]]]},"properties":{"OBJECTID":150143,"GEOID20":"360610008001","GEOID10":"360610008001","STATEFP":"36","COUNTYFP":"061","D1C":183.01149763307916,"D1C5_RET":32.001308223761733,"D2B_E5MIXA":0.86516664736400095,"D3A":22.798159857445285,"D3AAO":0,"D3B":0,"D4A":281.63999999999999,"D4C":59.670000000000002,"D4D":4907.9982309099996,"D5AR":854294,"D5BR":5533717}},{"type":"Feature","id":150144,"geometry":{"type":"Polygon","coordinates":[[[-73.997118445296877,40.71280725619819],[-73.996948445417587,40.71208025603471],[-73.994362445446242,40.71231625708905],[-73.994460445355514,40.713029256520514],[-73.997118445296877,40.71280725619819]]]},"properties":{"OBJECTID":150144,"GEOID20":"360610008002","GEOID10":"360610008002","STATEFP":"36","COUNTYFP":"061","D1C":37.315602757245394,"D1C5_RET":3.59668460310799,"D2B_E5MIXA":0.79717140490513549,"D3A":20.665059652203315,"D3AAO":0,"D3B":0,"D4A":248.11000000000001,"D4C":59.670000000000002,"D4D":8584.5668107000001,"D5AR":861150,"D5BR":6030698}},{"type":"Feature","id":150145,"geometry":{"type":"Polygon","coordinates":[[[-73.996948445417587,40.71208025603471],[-73.996783445561121,40.711372256704756],[-73.994264444638631,40.7116012569549],[-73.994362445446242,40.71231625708905],[-73.996948445417587,40.71208025603471]]]},"properties":{"OBJECTID":150145,"GEOID20":"360610008003","GEOID10":"360610008003","STATEFP":"36","COUNTYFP":"061","D1C":34.553351471975105,"D1C5_RET":7.0040577308057648,"D2B_E5MIXA":0.87512024742853212,"D3A":12.254953711910835,"D3AAO":0,"D3B":0,"D4A":194.46000000000001,"D4C":59.670000000000002,"D4D":8915.8853290099996,"D5AR":845642,"D5BR":4737320}},{"type":"Feature","id":150146,"geometry":{"type":"Polygon","coordinates":[[[-74.014431450290587,40.703159254015013],[-74.014313450289791,40.702872253416992],[-74.013835449540608,40.702414254065644],[-74.013810450324556,40.702141254109591],[-74.01401245088924,40.701984253889982],[-74.01398045020386,40.701539254024162],[-74.013724450110828,40.701141253305984],[-74.013584450368754,40.70037925382767],[-74.012346449736356,40.700167253296954],[-74.010958449316135,40.700202254076757],[-74.011175449051109,40.701163254040878],[-74.010715449641879,40.701502254447767],[-74.009536449459034,40.701786253540881],[-74.008615449019047,40.700472253831542],[-74.008250449146061,40.700716253934694],[-74.008399448210668,40.700919254213026],[-74.007451448904803,40.701339254210332],[-74.007776448594825,40.701624253065127],[-74.008778448327334,40.701190254220933],[-74.009171448687738,40.701867253971521],[-74.008019447370756,40.702626253573996],[-74.006067447784218,40.701367254751631],[-74.007532448197338,40.702604254684374],[-74.007981447735915,40.703197254438081],[-74.009748449171141,40.704783254265415],[-74.009985449895922,40.705156254478318],[-74.00986744989514,40.705805254751134],[-74.012401450886259,40.706793254182941],[-74.012509450841279,40.706775254670411],[-74.013255450480784,40.705879254550553],[-74.013357450588032,40.705423254828482],[-74.013287450267825,40.70466325539045],[-74.014290450723564,40.704557254876477],[-74.014431450290587,40.703159254015013]]]},"properties":{"OBJECTID":150146,"GEOID20":"360610009001","GEOID10":"360610009001","STATEFP":"36","COUNTYFP":"061","D1C":1054.8950288088622,"D1C5_RET":16.754532446567957,"D2B_E5MIXA":0.67719385051998715,"D3A":42.126814407584682,"D3AAO":9.1193017715096829,"D3B":190.32192817462627,"D4A":178.37,"D4C":336.32999999999998,"D4D":3367.9350785500001,"D5AR":847032,"D5BR":5294938}},{"type":"Feature","id":150147,"geometry":{"type":"Polygon","coordinates":[[[-73.953719436142492,40.782064271972047],[-73.954177435003572,40.781437271984132],[-73.952576435046325,40.78076127140492],[-73.951660435527529,40.782016272003197],[-73.953261436383073,40.782690272272603],[-73.953719436142492,40.782064271972047]]]},"properties":{"OBJECTID":150147,"GEOID20":"360610148021","GEOID10":"360610148021","STATEFP":"36","COUNTYFP":"061","D1C":56.518810382851505,"D1C5_RET":6.5911149134520706,"D2B_E5MIXA":0.87774352060234506,"D3A":30.009782665593896,"D3AAO":8.8207815493165462,"D3B":0,"D4A":197.13999999999999,"D4C":252.33000000000001,"D4D":26610.176417800001,"D5AR":748134,"D5BR":3598042}},{"type":"Feature","id":150148,"geometry":{"type":"Polygon","coordinates":[[[-73.953967434941276,40.770596270092661],[-73.954113436327788,40.770397269670724],[-73.951859433922536,40.769449269656121],[-73.951399435411616,40.770081268900874],[-73.953650434748866,40.771032269620946],[-73.953967434941276,40.770596270092661]]]},"properties":{"OBJECTID":150148,"GEOID20":"360610132003","GEOID10":"360610132003","STATEFP":"36","COUNTYFP":"061","D1C":54.857347287561105,"D1C5_RET":3.0090528048029297,"D2B_E5MIXA":0.63235938419466875,"D3A":49.817178615467952,"D3AAO":0,"D3B":148.1379842364519,"D4A":218.59999999999999,"D4C":42,"D4D":6221.7953379299997,"D5AR":777399,"D5BR":2572762}},{"type":"Feature","id":150164,"geometry":{"type":"Polygon","coordinates":[[[-74.015203451665968,40.708464256066591],[-74.015514451112281,40.70771525486537],[-74.014699450977503,40.707412255494624],[-74.014383451508309,40.708232255615911],[-74.013593451487907,40.707976255894756],[-74.012993449641641,40.709362255398823],[-74.012145449894902,40.709001255321098],[-74.01208845089181,40.709086255734377],[-74.011013449567713,40.708602255968863],[-74.008602450396879,40.711400255751769],[-74.013701451442927,40.713676255832524],[-74.014148451331678,40.712221255380292],[-74.014359450320569,40.711014255449292],[-74.014698450254272,40.709787255437988],[-74.015203451665968,40.708464256066591]]]},"properties":{"OBJECTID":150164,"GEOID20":"360610013001","GEOID10":"360610013001","STATEFP":"36","COUNTYFP":"061","D1C":438.33945968873184,"D1C5_RET":57.136701108497121,"D2B_E5MIXA":0.81768629888991573,"D3A":26.177111476064361,"D3AAO":0.070282457312051946,"D3B":106.80623464376744,"D4A":167.63999999999999,"D4C":424.32999999999998,"D4D":5663.7202632299995,"D5AR":828217,"D5BR":6804554}},{"type":"Feature","id":150165,"geometry":{"type":"Polygon","coordinates":[[[-73.981791441123207,40.728454260515839],[-73.982229441689441,40.727854259433173],[-73.979907440410429,40.726874260440454],[-73.978999440389231,40.728114260453076],[-73.98132644169111,40.729094260926935],[-73.981791441123207,40.728454260515839]]]},"properties":{"OBJECTID":150165,"GEOID20":"360610034002","GEOID10":"360610034002","STATEFP":"36","COUNTYFP":"061","D1C":65.507889365924527,"D1C5_RET":3.3212041811395303,"D2B_E5MIXA":0.83065031434324577,"D3A":18.441286678031037,"D3AAO":0,"D3B":73.295540549286187,"D4A":0,"D4C":75.329999999999998,"D4D":5521.35306958,"D5AR":720925,"D5BR":2281255}},{"type":"Feature","id":150166,"geometry":{"type":"Polygon","coordinates":[[[-73.983078442159396,40.730667260763276],[-73.983544441416413,40.730029260508729],[-73.98132644169111,40.729094260926935],[-73.980339442027187,40.730456260670032],[-73.982565442148399,40.731369259896539],[-73.983078442159396,40.730667260763276]]]},"properties":{"OBJECTID":150166,"GEOID20":"360610034004","GEOID10":"360610034004","STATEFP":"36","COUNTYFP":"061","D1C":62.069025430749122,"D1C5_RET":8.1582733248231527,"D2B_E5MIXA":0.87048744857758054,"D3A":34.406997995085938,"D3AAO":1.2337732485282766,"D3B":211.67411869811423,"D4A":226.65000000000001,"D4C":70.670000000000002,"D4D":4986.3366561299999,"D5AR":700332,"D5BR":2704940}},{"type":"Feature","id":150167,"geometry":{"type":"Polygon","coordinates":[[[-73.990915444411058,40.722189258930626],[-73.991507444064766,40.721036258548246],[-73.990630444005717,40.72077425818901],[-73.989393444096535,40.723182258834086],[-73.990275444178465,40.723434258916804],[-73.990915444411058,40.722189258930626]]]},"properties":{"OBJECTID":150167,"GEOID20":"360610036012","GEOID10":"360610036012","STATEFP":"36","COUNTYFP":"061","D1C":43.843088271347554,"D1C5_RET":1.9684651876931556,"D2B_E5MIXA":0.6782227086598972,"D3A":43.511220711917183,"D3AAO":0,"D3B":0,"D4A":248.11000000000001,"D4C":134.33000000000001,"D4D":15293.216698300001,"D5AR":681587,"D5BR":3778563}},{"type":"Feature","id":150168,"geometry":{"type":"Polygon","coordinates":[[[-73.991086445013593,40.72800725979765],[-73.991286444131831,40.727770260551786],[-73.988985443667545,40.726800259466458],[-73.988540443428619,40.727410259574135],[-73.990791444562504,40.728360260760319],[-73.991086445013593,40.72800725979765]]]},"properties":{"OBJECTID":150168,"GEOID20":"360610038002","GEOID10":"360610038002","STATEFP":"36","COUNTYFP":"061","D1C":42.73436702069241,"D1C5_RET":5.9353287528739456,"D2B_E5MIXA":0.76456377535281228,"D3A":29.60225464557362,"D3AAO":0,"D3B":101.34692552107319,"D4A":139.47999999999999,"D4C":221.66999999999999,"D4D":33681.518710999997,"D5AR":712764,"D5BR":3368305}},{"type":"Feature","id":150169,"geometry":{"type":"Polygon","coordinates":[[[-73.991549444795879,40.727097258830135],[-73.991795444843163,40.726399259785907],[-73.989871443947408,40.725590259503385],[-73.988985443667545,40.726800259466458],[-73.991286444131831,40.727770260551786],[-73.991549444795879,40.727097258830135]]]},"properties":{"OBJECTID":150169,"GEOID20":"360610038003","GEOID10":"360610038003","STATEFP":"36","COUNTYFP":"061","D1C":92.215700987361359,"D1C5_RET":4.758690288050726,"D2B_E5MIXA":0.46592220482749641,"D3A":19.679491264917921,"D3AAO":0,"D3B":82.312480658174707,"D4A":249.44999999999999,"D4C":268.32999999999998,"D4D":22086.907934999999,"D5AR":727098,"D5BR":3374467}},{"type":"Feature","id":150170,"geometry":{"type":"Polygon","coordinates":[[[-74.011979450213545,40.724341258649517],[-74.012377450596802,40.722395257420274],[-74.011631450957324,40.722318257920612],[-74.011744450036915,40.721631258503876],[-74.008347451027078,40.721330258045683],[-74.007913449760494,40.723708258820977],[-74.010917451104874,40.725840258508256],[-74.011236450048798,40.724274258201859],[-74.011979450213545,40.724341258649517]]]},"properties":{"OBJECTID":150170,"GEOID20":"360610039001","GEOID10":"360610039001","STATEFP":"36","COUNTYFP":"061","D1C":38.862589569137867,"D1C5_RET":3.0395321450722355,"D2B_E5MIXA":0.93375444065974489,"D3A":52.895616943117254,"D3AAO":14.086486463235104,"D3B":129.00357819967414,"D4A":433.18000000000001,"D4C":130.33000000000001,"D4D":2801.2389781299999,"D5AR":745294,"D5BR":4510047}},{"type":"Feature","id":150171,"geometry":{"type":"Polygon","coordinates":[[[-74.016303453104413,40.720766257060021],[-74.016382451848813,40.72045525804073],[-74.013391451821533,40.720051257801707],[-74.013448450824626,40.719790257806345],[-74.012911451422511,40.719725257857036],[-74.013047450966639,40.719094257354641],[-74.01040244964743,40.718810257177111],[-74.009920450496907,40.72147125890703],[-74.011744450036915,40.721631258503876],[-74.011631450957324,40.722318257920612],[-74.012377450596802,40.722395257420274],[-74.012541451526658,40.721511257991281],[-74.01306345175847,40.721587258295628],[-74.013148451248981,40.721265257557654],[-74.016154452243185,40.721638258039164],[-74.016223451840162,40.721283257238262],[-74.012670451398094,40.720864257207332],[-74.01278545102582,40.720320257957276],[-74.016303453104413,40.720766257060021]]]},"properties":{"OBJECTID":150171,"GEOID20":"360610039002","GEOID10":"360610039002","STATEFP":"36","COUNTYFP":"061","D1C":574.01759551423436,"D1C5_RET":2.5327409533659071,"D2B_E5MIXA":0.13091414263935952,"D3A":25.340222494163605,"D3AAO":11.182176815703093,"D3B":0,"D4A":150.21000000000001,"D4C":88.329999999999998,"D4D":2392.8066031399999,"D5AR":695638,"D5BR":4869630}},{"type":"Feature","id":150172,"geometry":{"type":"Polygon","coordinates":[[[-74.010694449725477,40.717478256987349],[-74.010835450190797,40.716933257101836],[-74.00920645064447,40.716196256316998],[-74.008347451027078,40.721330258045683],[-74.009920450496907,40.72147125890703],[-74.010694449725477,40.717478256987349]]]},"properties":{"OBJECTID":150172,"GEOID20":"360610039004","GEOID10":"360610039004","STATEFP":"36","COUNTYFP":"061","D1C":221.74604437536715,"D1C5_RET":16.130948423472272,"D2B_E5MIXA":0.84778698312988943,"D3A":43.166288353856878,"D3AAO":0.061310199429932426,"D3B":162.63556366033231,"D4A":0,"D4C":251.33000000000001,"D4D":8756.4687692299995,"D5AR":770205,"D5BR":5889608}},{"type":"Feature","id":150173,"geometry":{"type":"Polygon","coordinates":[[[-73.987684444184268,40.73261226044751],[-73.988154443639232,40.731973260490129],[-73.985910443076349,40.731027260458482],[-73.984942442780692,40.732355260566436],[-73.987181443320708,40.733300260824173],[-73.987684444184268,40.73261226044751]]]},"properties":{"OBJECTID":150173,"GEOID20":"360610040001","GEOID10":"360610040001","STATEFP":"36","COUNTYFP":"061","D1C":66.321535900302095,"D1C5_RET":16.85764792114702,"D2B_E5MIXA":0.73507255923887083,"D3A":18.77902428055091,"D3AAO":0,"D3B":0,"D4A":0,"D4C":241.66999999999999,"D4D":17153.6327289,"D5AR":734864,"D5BR":4804631}},{"type":"Feature","id":150174,"geometry":{"type":"Polygon","coordinates":[[[-73.995967445601437,40.720352258596911],[-73.996031445175547,40.720189258199511],[-73.994379445164668,40.719527257829739],[-73.993796444833492,40.720945258262333],[-73.995465445461093,40.721627258671838],[-73.995967445601437,40.720352258596911]]]},"properties":{"OBJECTID":150174,"GEOID20":"360610041001","GEOID10":"360610041001","STATEFP":"36","COUNTYFP":"061","D1C":220.2387042020035,"D1C5_RET":5.1363090025908944,"D2B_E5MIXA":0.67510006802324807,"D3A":43.572037781109557,"D3AAO":0.049093344017069732,"D3B":99.613265504793091,"D4A":166.30000000000001,"D4C":213,"D4D":21217.625552500002,"D5AR":789285,"D5BR":4331944}},{"type":"Feature","id":150175,"geometry":{"type":"Polygon","coordinates":[[[-73.996328446174772,40.71760425773261],[-73.996985445227494,40.716549257284171],[-73.996060446386181,40.716240258046071],[-73.99480944533498,40.718465258030903],[-73.994379445164668,40.719527257829739],[-73.995261445246598,40.719875258744139],[-73.995880445562804,40.718374257634487],[-73.996328446174772,40.71760425773261]]]},"properties":{"OBJECTID":150175,"GEOID20":"360610041002","GEOID10":"360610041002","STATEFP":"36","COUNTYFP":"061","D1C":262.12769633067285,"D1C5_RET":30.335987530002292,"D2B_E5MIXA":0.77955373649523763,"D3A":36.569014609050342,"D3AAO":0.36365665742574987,"D3B":184.95789686863765,"D4A":190.44,"D4C":177.66999999999999,"D4D":14079.464240200001,"D5AR":747906,"D5BR":4709095}},{"type":"Feature","id":150176,"geometry":{"type":"Polygon","coordinates":[[[-73.997109445974374,40.717878257125065],[-73.997764445377257,40.716822257414066],[-73.996985445227494,40.716549257284171],[-73.996009445434225,40.718123257639526],[-73.995261445246598,40.719875258744139],[-73.996031445175547,40.720189258199511],[-73.996633445773313,40.718699257895565],[-73.997109445974374,40.717878257125065]]]},"properties":{"OBJECTID":150176,"GEOID20":"360610041003","GEOID10":"360610041003","STATEFP":"36","COUNTYFP":"061","D1C":258.72027887864419,"D1C5_RET":73.28077088238355,"D2B_E5MIXA":0.83928521700911773,"D3A":29.567305053430665,"D3AAO":0,"D3B":89.503231612071502,"D4A":250.78999999999999,"D4C":208,"D4D":18616.672175299998,"D5AR":727420,"D5BR":5810181}},{"type":"Feature","id":150177,"geometry":{"type":"Polygon","coordinates":[[[-73.999424446682369,40.718688257361698],[-73.999957446784848,40.718025256861104],[-73.998590446281,40.717107257417716],[-73.997560446959383,40.718802258535447],[-73.996837446886133,40.720513258305189],[-73.997656447218844,40.720844257814228],[-73.999424446682369,40.718688257361698]]]},"properties":{"OBJECTID":150177,"GEOID20":"360610041005","GEOID10":"360610041005","STATEFP":"36","COUNTYFP":"061","D1C":148.08618279122769,"D1C5_RET":38.052307991017322,"D2B_E5MIXA":0.88512113314363461,"D3A":36.284149267719386,"D3AAO":0,"D3B":109.94797794244282,"D4A":272.25,"D4C":216.66999999999999,"D4D":11911.2141904,"D5AR":725098,"D5BR":5803805}},{"type":"Feature","id":150178,"geometry":{"type":"Polygon","coordinates":[[[-73.990028444306262,40.732764261483347],[-73.99021344335587,40.732004261000412],[-73.988614443946773,40.731331260575203],[-73.987181443320708,40.733300260824173],[-73.989904444457693,40.734443261761307],[-73.989869444297597,40.733536260846201],[-73.990028444306262,40.732764261483347]]]},"properties":{"OBJECTID":150178,"GEOID20":"360610042001","GEOID10":"360610042001","STATEFP":"36","COUNTYFP":"061","D1C":232.50226251593841,"D1C5_RET":57.338175194969182,"D2B_E5MIXA":0.81479067872241562,"D3A":29.601567793789851,"D3AAO":0,"D3B":137.8442034884352,"D4A":175.69,"D4C":309,"D4D":15970.7007416,"D5AR":688116,"D5BR":4295537}},{"type":"Feature","id":150180,"geometry":{"type":"Polygon","coordinates":[[[-73.991212444511973,40.728056260004607],[-73.991286444131831,40.727770260551786],[-73.988614443946773,40.731331260575203],[-73.99021344335587,40.732004261000412],[-73.990506444157148,40.730573260730154],[-73.991212444511973,40.728056260004607]]]},"properties":{"OBJECTID":150180,"GEOID20":"360610042002","GEOID10":"360610042002","STATEFP":"36","COUNTYFP":"061","D1C":147.70537193479677,"D1C5_RET":17.236098270598387,"D2B_E5MIXA":0.84777716047766161,"D3A":42.142758202874397,"D3AAO":0,"D3B":243.5609075885564,"D4A":175.69,"D4C":287.32999999999998,"D4D":20990.508571499999,"D5AR":720932,"D5BR":4767618}},{"type":"Feature","id":150181,"geometry":{"type":"Polygon","coordinates":[[[-73.995883446834156,40.724411258608264],[-73.996477446137689,40.723694259504207],[-73.993260444357958,40.722361258890032],[-73.992605444955075,40.724144259508385],[-73.995330445741899,40.725092258828788],[-73.995883446834156,40.724411258608264]]]},"properties":{"OBJECTID":150181,"GEOID20":"360610043001","GEOID10":"360610043001","STATEFP":"36","COUNTYFP":"061","D1C":133.38120885410513,"D1C5_RET":33.831821774441927,"D2B_E5MIXA":0.93691191785436856,"D3A":31.638939850132981,"D3AAO":0,"D3B":47.903464459386797,"D4A":303.08999999999997,"D4C":265.67000000000002,"D4D":12726.5134029,"D5AR":649477,"D5BR":3924800}},{"type":"Feature","id":150182,"geometry":{"type":"Polygon","coordinates":[[[-73.998813445863775,40.723029258269754],[-73.995465445461093,40.721627258671838],[-73.994910445617322,40.723044258514165],[-73.996477446137689,40.723694259504207],[-73.995330445741899,40.725092258828788],[-73.996773446413698,40.725440259241275],[-73.998813445863775,40.723029258269754]]]},"properties":{"OBJECTID":150182,"GEOID20":"360610043003","GEOID10":"360610043003","STATEFP":"36","COUNTYFP":"061","D1C":862.6887131560029,"D1C5_RET":193.70637569785066,"D2B_E5MIXA":0.84896581307164376,"D3A":37.348992638159025,"D3AAO":0,"D3B":111.72010854306797,"D4A":305.77999999999997,"D4C":264.32999999999998,"D4D":9843.6587637299999,"D5AR":681415,"D5BR":4387813}},{"type":"Feature","id":150206,"geometry":{"type":"Polygon","coordinates":[[[-73.988579444684973,40.737155262054053],[-73.989017445251207,40.736568261944008],[-73.987388443009934,40.735887261406035],[-73.986962443935909,40.736473261493749],[-73.985362442905256,40.73579826151736],[-73.984935443108,40.736384261027645],[-73.98816044528364,40.737740261977038],[-73.988579444684973,40.737155262054053]]]},"properties":{"OBJECTID":150206,"GEOID20":"360610050002","GEOID10":"360610050002","STATEFP":"36","COUNTYFP":"061","D1C":408.1607395384064,"D1C5_RET":17.331419262246381,"D2B_E5MIXA":0.85432042010370335,"D3A":38.403795843833848,"D3AAO":0,"D3B":148.88736010520381,"D4A":217.25999999999999,"D4C":387.67000000000002,"D4D":28859.581446,"D5AR":904650,"D5BR":5818228}},{"type":"Feature","id":150208,"geometry":{"type":"Polygon","coordinates":[[[-74.001426446497589,40.719946258106603],[-74.001885446980225,40.71940625812833],[-73.999957446784848,40.718025256861104],[-73.997656447218844,40.720844257814228],[-73.997124446042989,40.72230925890166],[-73.998813445863775,40.723029258269754],[-74.001426446497589,40.719946258106603]]]},"properties":{"OBJECTID":150208,"GEOID20":"360610045001","GEOID10":"360610045001","STATEFP":"36","COUNTYFP":"061","D1C":321.21974099917321,"D1C5_RET":62.277296724329496,"D2B_E5MIXA":0.92401375365842098,"D3A":39.813345000897442,"D3AAO":0,"D3B":148.10196711537387,"D4A":203.84999999999999,"D4C":338.32999999999998,"D4D":8349.8314504499995,"D5AR":708449,"D5BR":5793806}},{"type":"Feature","id":150209,"geometry":{"type":"Polygon","coordinates":[[[-74.005387449165298,40.722120258117378],[-74.005354448655012,40.721898258153345],[-74.005228449156633,40.72175225756488],[-74.001885446980225,40.71940625812833],[-73.99985444685268,40.721800258847544],[-74.00298344787052,40.723316258456563],[-74.00457644922848,40.724181258759174],[-74.005387449165298,40.722120258117378]]]},"properties":{"OBJECTID":150209,"GEOID20":"360610047002","GEOID10":"360610047002","STATEFP":"36","COUNTYFP":"061","D1C":221.26006442161457,"D1C5_RET":38.564636247035551,"D2B_E5MIXA":0.94084381985050103,"D3A":39.362401679393557,"D3AAO":1.178597927634857,"D3B":168.94807555108486,"D4A":280.29000000000002,"D4C":276,"D4D":5827.2517935599999,"D5AR":731218,"D5BR":5809311}},{"type":"Feature","id":150210,"geometry":{"type":"Polygon","coordinates":[[[-73.986214444646606,40.734626260625525],[-73.98668044390358,40.733986261008539],[-73.985243442181257,40.73338026108695],[-73.984348442578863,40.734606260603066],[-73.985788441979281,40.735213261534234],[-73.986214444646606,40.734626260625525]]]},"properties":{"OBJECTID":150210,"GEOID20":"360610048003","GEOID10":"360610048003","STATEFP":"36","COUNTYFP":"061","D1C":98.75010052685424,"D1C5_RET":3.1794539942358373,"D2B_E5MIXA":0.43366584502891559,"D3A":35.092355361339472,"D3AAO":0,"D3B":0,"D4A":0,"D4C":300.67000000000002,"D4D":35978.225213400001,"D5AR":814213,"D5BR":4960918}},{"type":"Feature","id":150211,"geometry":{"type":"Polygon","coordinates":[[[-73.987727444740273,40.738325262200881],[-73.98816044528364,40.737740261977038],[-73.984935443108,40.736384261027645],[-73.984083443163286,40.737554262482497],[-73.987303444417748,40.738911261913302],[-73.987727444740273,40.738325262200881]]]},"properties":{"OBJECTID":150211,"GEOID20":"360610050001","GEOID10":"360610050001","STATEFP":"36","COUNTYFP":"061","D1C":263.71539933321384,"D1C5_RET":8.3432832623590514,"D2B_E5MIXA":0.74583928450708681,"D3A":58.44047424172237,"D3AAO":0,"D3B":709.82379837474627,"D4A":250.78999999999999,"D4C":400,"D4D":22409.5911089,"D5AR":931494,"D5BR":5887831}},{"type":"Feature","id":150212,"geometry":{"type":"Polygon","coordinates":[[[-73.991212444511973,40.73589626131168],[-73.991716445200453,40.735223261455026],[-73.989904444457693,40.734443261761307],[-73.989917444876497,40.735357261337164],[-73.987303444417748,40.738911261913302],[-73.989583444965646,40.739873262541259],[-73.990332444079868,40.737140261586958],[-73.991212444511973,40.73589626131168]]]},"properties":{"OBJECTID":150212,"GEOID20":"360610052001","GEOID10":"360610052001","STATEFP":"36","COUNTYFP":"061","D1C":804.51794795225589,"D1C5_RET":115.42256221986059,"D2B_E5MIXA":0.87802441052437397,"D3A":45.261453396274398,"D3AAO":0,"D3B":495.95212582341071,"D4A":297.73000000000002,"D4C":390,"D4D":12085.0564868,"D5AR":788919,"D5BR":6409903}},{"type":"Feature","id":150213,"geometry":{"type":"Polygon","coordinates":[[[-73.995447445917762,40.739280262053441],[-73.995875446438234,40.738694262188382],[-73.992655446082111,40.737338261626455],[-73.990519445474263,40.740270261945156],[-73.99374044655363,40.741625262807034],[-73.995447445917762,40.739280262053441]]]},"properties":{"OBJECTID":150213,"GEOID20":"360610054001","GEOID10":"360610054001","STATEFP":"36","COUNTYFP":"061","D1C":753.63822218558835,"D1C5_RET":128.90029467411895,"D2B_E5MIXA":0.86278397996114264,"D3A":29.580429752935345,"D3AAO":4.2074305502186498,"D3B":22.38702539794739,"D4A":189.09999999999999,"D4C":481.67000000000002,"D4D":10783.158523399999,"D5AR":804078,"D5BR":5435394}},{"type":"Feature","id":150214,"geometry":{"type":"Polygon","coordinates":[[[-73.997361446767755,40.729949260301304],[-73.997887446299217,40.729318259378374],[-73.995594446230854,40.728202260379646],[-73.997611446114703,40.725805258949208],[-73.996773446413698,40.725440259241275],[-73.994253445666288,40.728420259634646],[-73.997361446767755,40.729949260301304]]]},"properties":{"OBJECTID":150214,"GEOID20":"360610055011","GEOID10":"360610055011","STATEFP":"36","COUNTYFP":"061","D1C":198.72623477041185,"D1C5_RET":22.159271730034064,"D2B_E5MIXA":0.83633574855547721,"D3A":37.446784917891613,"D3AAO":0,"D3B":50.218018388206247,"D4A":67.060000000000002,"D4C":326,"D4D":16371.073994599999,"D5AR":752123,"D5BR":5187582}},{"type":"Feature","id":150215,"geometry":{"type":"Polygon","coordinates":[[[-73.99840144703343,40.728742259113922],[-73.998956446877216,40.72807625927296],[-73.996660446435797,40.726939259535364],[-73.995594446230854,40.728202260379646],[-73.997887446299217,40.729318259378374],[-73.99840144703343,40.728742259113922]]]},"properties":{"OBJECTID":150215,"GEOID20":"360610055012","GEOID10":"360610055012","STATEFP":"36","COUNTYFP":"061","D1C":9.8612860605759085,"D1C5_RET":0,"D2B_E5MIXA":0.6533152453481933,"D3A":31.444700411685609,"D3AAO":0,"D3B":158.39134049296632,"D4A":225.31,"D4C":247,"D4D":16762.065596299999,"D5AR":741935,"D5BR":5176582}},{"type":"Feature","id":150216,"geometry":{"type":"Polygon","coordinates":[[[-73.994879445655201,40.729030259869376],[-73.995062445953295,40.728818260011096],[-73.991549444795879,40.727097258830135],[-73.991286444131831,40.727770260551786],[-73.990758444950544,40.729749260042624],[-73.992842445679855,40.730087260598978],[-73.992408445311568,40.730599260564297],[-73.99325144593378,40.73095326069906],[-73.994879445655201,40.729030259869376]]]},"properties":{"OBJECTID":150216,"GEOID20":"360610057002","GEOID10":"360610057002","STATEFP":"36","COUNTYFP":"061","D1C":272.69611935252436,"D1C5_RET":19.371034909953547,"D2B_E5MIXA":0.77903233193833699,"D3A":23.862192119011418,"D3AAO":0,"D3B":42.734405076800876,"D4A":0,"D4C":257,"D4D":8232.9401085000009,"D5AR":754668,"D5BR":5309937}},{"type":"Feature","id":150217,"geometry":{"type":"Polygon","coordinates":[[[-73.99645344584826,40.725817259733759],[-73.996773446413698,40.725440259241275],[-73.995330445741899,40.725092258828788],[-73.992605444955075,40.724144259508385],[-73.992210444944874,40.725239259653428],[-73.99464944639972,40.725939260098471],[-73.993148445103287,40.727875259477308],[-73.994253445666288,40.728420259634646],[-73.99645344584826,40.725817259733759]]]},"properties":{"OBJECTID":150217,"GEOID20":"360610055022","GEOID10":"360610055022","STATEFP":"36","COUNTYFP":"061","D1C":325.32586779309753,"D1C5_RET":38.688630657451263,"D2B_E5MIXA":0.87505641813995272,"D3A":34.229974987259787,"D3AAO":0,"D3B":157.81320025354708,"D4A":71.079999999999998,"D4C":281,"D4D":10232.004908000001,"D5AR":770664,"D5BR":3986788}},{"type":"Feature","id":150218,"geometry":{"type":"Polygon","coordinates":[[[-73.989577444219563,40.741556262408466],[-73.990071444862281,40.740888262513565],[-73.986850443782899,40.739530262715412],[-73.986367443909145,40.740195263087941],[-73.987983444833304,40.740881262280432],[-73.986598443887829,40.742780262727798],[-73.988195444545411,40.743459263203157],[-73.989577444219563,40.741556262408466]]]},"properties":{"OBJECTID":150218,"GEOID20":"360610056002","GEOID10":"360610056002","STATEFP":"36","COUNTYFP":"061","D1C":377.73715891893073,"D1C5_RET":24.061433213800871,"D2B_E5MIXA":0.84935064644967107,"D3A":72.688312642916543,"D3AAO":0,"D3B":844.90137672110905,"D4A":81.810000000000002,"D4C":341,"D4D":13937.2759995,"D5AR":949870,"D5BR":6775863}},{"type":"Feature","id":150219,"geometry":{"type":"Polygon","coordinates":[[[-73.992408445311568,40.730599260564297],[-73.992842445679855,40.730087260598978],[-73.990758444950544,40.729749260042624],[-73.990391443631097,40.73129726116408],[-73.991461444932327,40.731746260836836],[-73.992408445311568,40.730599260564297]]]},"properties":{"OBJECTID":150219,"GEOID20":"360610057001","GEOID10":"360610057001","STATEFP":"36","COUNTYFP":"061","D1C":503.26395393804495,"D1C5_RET":40.624204442663,"D2B_E5MIXA":0.53898248121060821,"D3A":55.343827631346301,"D3AAO":0,"D3B":253.99502593074217,"D4A":101.93000000000001,"D4C":276,"D4D":26285.199533899999,"D5AR":738054,"D5BR":5319556}},{"type":"Feature","id":150220,"geometry":{"type":"Polygon","coordinates":[[[-73.993293446664879,40.74224126271973],[-73.99374044655363,40.741625262807034],[-73.990519445474263,40.740270261945156],[-73.987299445118097,40.744690263725978],[-73.990519446372573,40.746046263461267],[-73.993293446664879,40.74224126271973]]]},"properties":{"OBJECTID":150220,"GEOID20":"360610058001","GEOID10":"360610058001","STATEFP":"36","COUNTYFP":"061","D1C":855.15275549255966,"D1C5_RET":50.184531371667731,"D2B_E5MIXA":0.86278023989568753,"D3A":27.607096507868675,"D3AAO":1.9232470937236388,"D3B":64.26585675783798,"D4A":284.31999999999999,"D4C":362.32999999999998,"D4D":5372.73832004,"D5AR":780578,"D5BR":6301721}},{"type":"Feature","id":150221,"geometry":{"type":"Polygon","coordinates":[[[-73.9959154457229,40.73285526058482],[-73.99635244736254,40.732263260131944],[-73.994790445966728,40.731604259982277],[-73.993815445998379,40.732739260414313],[-73.995490446473781,40.733445260634028],[-73.9959154457229,40.73285526058482]]]},"properties":{"OBJECTID":150221,"GEOID20":"360610059001","GEOID10":"360610059001","STATEFP":"36","COUNTYFP":"061","D1C":53.998365005415884,"D1C5_RET":12.076311662553072,"D2B_E5MIXA":0.78454150542854095,"D3A":38.939797488482,"D3AAO":0,"D3B":0,"D4A":83.150000000000006,"D4C":409,"D4D":45158.504868399999,"D5AR":743773,"D5BR":5584599}},{"type":"Feature","id":150222,"geometry":{"type":"Polygon","coordinates":[[[-73.978499441695348,40.736799262444187],[-73.975141440348636,40.735400262049808],[-73.975141440348636,40.73640826286293],[-73.974988440187772,40.736828261586993],[-73.973381440382738,40.739240263439399],[-73.972728439731355,40.742247262991349],[-73.972231439613893,40.743257263794106],[-73.973513439728904,40.743790263603977],[-73.978053441631516,40.737562262954533],[-73.978499441695348,40.736799262444187]]]},"properties":{"OBJECTID":150222,"GEOID20":"360610062001","GEOID10":"360610062001","STATEFP":"36","COUNTYFP":"061","D1C":513.57461407763765,"D1C5_RET":0.3631356033074391,"D2B_E5MIXA":0.23786619648778715,"D3A":18.082458875097419,"D3AAO":0,"D3B":25.835887723313267,"D4A":258.83999999999997,"D4C":117.67,"D4D":1519.2948068000001,"D5AR":1032547,"D5BR":2315716}},{"type":"Feature","id":150223,"geometry":{"type":"Polygon","coordinates":[[[-73.996064445685818,40.730163259960008],[-73.99657344639715,40.72956025996389],[-73.995062445953295,40.728818260011096],[-73.99325144593378,40.73095326069906],[-73.994790445966728,40.731604259982277],[-73.996064445685818,40.730163259960008]]]},"properties":{"OBJECTID":150223,"GEOID20":"360610059003","GEOID10":"360610059003","STATEFP":"36","COUNTYFP":"061","D1C":72.831084462637079,"D1C5_RET":3.3105038392107762,"D2B_E5MIXA":0.59530344102563615,"D3A":39.148577357091504,"D3AAO":0,"D3B":123.92261029114738,"D4A":189.09999999999999,"D4C":176.66999999999999,"D4D":10946.703780100001,"D5AR":774688,"D5BR":5324764}},{"type":"Feature","id":150224,"geometry":{"type":"Polygon","coordinates":[[[-73.978499441695348,40.736799262444187],[-73.978910441599083,40.7361722614569],[-73.978193441373591,40.735970261699727],[-73.977200440065275,40.734916261637146],[-73.977058441571685,40.734893261915197],[-73.976377439534588,40.735178262140145],[-73.976250440211288,40.735153261978169],[-73.97524644082894,40.734208262172913],[-73.974671439097051,40.734261261651476],[-73.97424443840147,40.732544261555567],[-73.973651439821154,40.732318261775831],[-73.973881439076607,40.733101261063581],[-73.973698438778499,40.733096261284288],[-73.973647439623207,40.733169261428422],[-73.973954439769855,40.733390261283205],[-73.974434440168906,40.735323261941204],[-73.974750439638072,40.735433262846989],[-73.975224440189308,40.73540626157714],[-73.978499441695348,40.736799262444187]]]},"properties":{"OBJECTID":150224,"GEOID20":"360610060001","GEOID10":"360610060001","STATEFP":"36","COUNTYFP":"061","D1C":3.9015577559446828,"D1C5_RET":0,"D2B_E5MIXA":0.62249304529932403,"D3A":86.010418799934342,"D3AAO":14.574145114856391,"D3B":722.53198750293973,"D4A":189.09999999999999,"D4C":98,"D4D":5055.5572451300004,"D5AR":951706,"D5BR":3262202}},{"type":"Feature","id":150225,"geometry":{"type":"Polygon","coordinates":[[[-73.995051446082641,40.734042261169726],[-73.995490446473781,40.733445260634028],[-73.993815445998379,40.732739260414313],[-73.991716445200453,40.735223261455026],[-73.993618445456576,40.736013261335472],[-73.995051446082641,40.734042261169726]]]},"properties":{"OBJECTID":150225,"GEOID20":"360610061001","GEOID10":"360610061001","STATEFP":"36","COUNTYFP":"061","D1C":168.64655044504653,"D1C5_RET":22.691407678726549,"D2B_E5MIXA":0.86111696284951433,"D3A":26.582022031933608,"D3AAO":0,"D3B":45.812305723611949,"D4A":173,"D4C":343.67000000000002,"D4D":15744.315108000001,"D5AR":737635,"D5BR":4832439}},{"type":"Feature","id":150226,"geometry":{"type":"Polygon","coordinates":[[[-73.99855744756735,40.735010261660875],[-73.998715446852771,40.734792260852295],[-73.995490446473781,40.733445260634028],[-73.994586445752219,40.73468026106459],[-73.997806447905006,40.736040260997598],[-73.99855744756735,40.735010261660875]]]},"properties":{"OBJECTID":150226,"GEOID20":"360610063002","GEOID10":"360610063002","STATEFP":"36","COUNTYFP":"061","D1C":40.577487252132897,"D1C5_RET":2.9690844330828949,"D2B_E5MIXA":0.7517493187624219,"D3A":34.58422241413539,"D3AAO":1.2040772756060969,"D3B":0,"D4A":191.78,"D4C":504.67000000000002,"D4D":26638.361615000002,"D5AR":669192,"D5BR":5090370}},{"type":"Feature","id":150227,"geometry":{"type":"Polygon","coordinates":[[[-73.986951442268619,40.72099125848974],[-73.987543441922313,40.719841258245879],[-73.985075441951764,40.719091258217311],[-73.984478442275204,40.720243258780549],[-73.986951442268619,40.72099125848974]]]},"properties":{"OBJECTID":150227,"GEOID20":"360610030014","GEOID10":"360610030014","STATEFP":"36","COUNTYFP":"061","D1C":94.450569884566974,"D1C5_RET":0.39354404118569575,"D2B_E5MIXA":0.77500076185431654,"D3A":35.897520842223976,"D3AAO":0,"D3B":83.956062119615083,"D4A":269.56999999999999,"D4C":96.329999999999998,"D4D":8087.48746398,"D5AR":742670,"D5BR":3534687}},{"type":"Feature","id":150228,"geometry":{"type":"Polygon","coordinates":[[[-73.975384441819514,40.749491264372381],[-73.975836441731133,40.748871264679345],[-73.974971441367643,40.748510263819782],[-73.974071439945732,40.749743264856434],[-73.97269344046957,40.749165265056838],[-73.97220444074803,40.749831265437848],[-73.969988439774227,40.748877264352828],[-73.969546439010031,40.749213264939534],[-73.969321438879149,40.749525264693233],[-73.971714440303259,40.750502265105681],[-73.971264439143155,40.751130265444544],[-73.973504440406387,40.752073265730949],[-73.975384441819514,40.749491264372381]]]},"properties":{"OBJECTID":150228,"GEOID20":"360610088001","GEOID10":"360610088001","STATEFP":"36","COUNTYFP":"061","D1C":1275.7886044211803,"D1C5_RET":7.6428219530542245,"D2B_E5MIXA":0.6048848655322846,"D3A":38.476100140655248,"D3AAO":15.420818690575395,"D3B":60.047260772756829,"D4A":128.75,"D4C":293.32999999999998,"D4D":8802.4302860900007,"D5AR":1043932,"D5BR":3975600}},{"type":"Feature","id":150229,"geometry":{"type":"Polygon","coordinates":[[[-73.978608442373627,40.745066264268715],[-73.97905944066369,40.744452263547238],[-73.976759440922635,40.743480263766877],[-73.975882440863572,40.744787263571695],[-73.978122441228479,40.745734263718539],[-73.978608442373627,40.745066264268715]]]},"properties":{"OBJECTID":150229,"GEOID20":"360610070001","GEOID10":"360610070001","STATEFP":"36","COUNTYFP":"061","D1C":145.90329969502125,"D1C5_RET":8.5091348966769793,"D2B_E5MIXA":0.67148163994817001,"D3A":34.261293779238187,"D3AAO":12.794434135811091,"D3B":0,"D4A":156.91,"D4C":167,"D4D":12126.084503399999,"D5AR":1016995,"D5BR":5875509}},{"type":"Feature","id":150230,"geometry":{"type":"Polygon","coordinates":[[[-74.009990450817114,40.735305260612343],[-74.010044452142097,40.734597261203568],[-74.006981451246475,40.735010260980175],[-74.006622450322965,40.736440261212444],[-74.009931451265871,40.73601226074274],[-74.009990450817114,40.735305260612343]]]},"properties":{"OBJECTID":150230,"GEOID20":"360610075002","GEOID10":"360610075002","STATEFP":"36","COUNTYFP":"061","D1C":23.927347276185987,"D1C5_RET":2.1485781227595577,"D2B_E5MIXA":0.81283729406148952,"D3A":21.348843553854266,"D3AAO":0,"D3B":0,"D4A":254.81,"D4C":73.670000000000002,"D4D":4604.6763724700004,"D5AR":741966,"D5BR":2641237}},{"type":"Feature","id":150231,"geometry":{"type":"Polygon","coordinates":[[[-73.9873894455298,40.763275266678193],[-73.987595446292431,40.762924266978963],[-73.986105444866652,40.762298266851381],[-73.985648445830464,40.762923266791077],[-73.987256445460403,40.763598267037473],[-73.9873894455298,40.763275266678193]]]},"properties":{"OBJECTID":150231,"GEOID20":"360610133001","GEOID10":"360610133001","STATEFP":"36","COUNTYFP":"061","D1C":83.273273053949694,"D1C5_RET":24.572441229034336,"D2B_E5MIXA":0.60257335621442898,"D3A":23.728538056760136,"D3AAO":0,"D3B":0,"D4A":245.41999999999999,"D4C":173,"D4D":37786.954067799998,"D5AR":863060,"D5BR":2921961}},{"type":"Feature","id":150232,"geometry":{"type":"Polygon","coordinates":[[[-74.007894451290539,40.742582261871199],[-74.008205450736867,40.742156262443508],[-74.005159449559656,40.74086626197294],[-74.005083450290002,40.741344262304501],[-74.003543449533822,40.743456262441498],[-74.006386450321415,40.74465426272986],[-74.007894451290539,40.742582261871199]]]},"properties":{"OBJECTID":150232,"GEOID20":"360610083003","GEOID10":"360610083003","STATEFP":"36","COUNTYFP":"061","D1C":397.20785529585419,"D1C5_RET":32.158848218482269,"D2B_E5MIXA":0.78913571696382212,"D3A":34.091782756406232,"D3AAO":2.2133701986057637,"D3B":128.43685779053311,"D4A":246.77000000000001,"D4C":132,"D4D":3911.78247078,"D5AR":753970,"D5BR":2770654}},{"type":"Feature","id":150233,"geometry":{"type":"Polygon","coordinates":[[[-74.00457644922848,40.724181258759174],[-74.002175448306772,40.722938258666112],[-74.001128447470066,40.724174258810486],[-74.004032449255362,40.725521258812087],[-74.00457644922848,40.724181258759174]]]},"properties":{"OBJECTID":150233,"GEOID20":"360610047001","GEOID10":"360610047001","STATEFP":"36","COUNTYFP":"061","D1C":165.48667942523525,"D1C5_RET":32.567172610000526,"D2B_E5MIXA":0.97676414147567237,"D3A":25.652095869394596,"D3AAO":1.4226494657257673,"D3B":0,"D4A":219.94,"D4C":193.33000000000001,"D4D":11713.8818245,"D5AR":675893,"D5BR":5460193}},{"type":"Feature","id":150234,"geometry":{"type":"Polygon","coordinates":[[[-73.965380441692801,40.813967278078906],[-73.963017441304245,40.812632277655673],[-73.962107440734911,40.812260277082139],[-73.959720439158573,40.815534277747354],[-73.960562439955837,40.815890277877713],[-73.960492440533969,40.816354277578533],[-73.960769440543402,40.817099278371096],[-73.960688440352541,40.817519279177112],[-73.962068441275164,40.818107278285538],[-73.964168440999686,40.815798278149302],[-73.965380441692801,40.813967278078906]]]},"properties":{"OBJECTID":150234,"GEOID20":"360610211001","GEOID10":"360610211001","STATEFP":"36","COUNTYFP":"061","D1C":9.6687792329497118,"D1C5_RET":0,"D2B_E5MIXA":0.29998273139850701,"D3A":50.350825582501031,"D3AAO":18.591901375163044,"D3B":157.22576057018699,"D4A":215.91999999999999,"D4C":92.670000000000002,"D4D":1456.4285517799999,"D5AR":659343,"D5BR":2556425}},{"type":"Feature","id":150235,"geometry":{"type":"Polygon","coordinates":[[[-73.936858434653672,40.847257285473653],[-73.937314434763238,40.846631285247959],[-73.936079434503895,40.846113284452343],[-73.935173434132523,40.847366285654267],[-73.936404434193904,40.847880285099549],[-73.936858434653672,40.847257285473653]]]},"properties":{"OBJECTID":150235,"GEOID20":"360610263002","GEOID10":"360610263002","STATEFP":"36","COUNTYFP":"061","D1C":19.515232614817499,"D1C5_RET":14.797264290356125,"D2B_E5MIXA":0.48439634021562933,"D3A":29.264477587577048,"D3AAO":0,"D3B":137.2499876206945,"D4A":115.34,"D4C":178,"D4D":24430.4977965,"D5AR":738578,"D5BR":2385559}},{"type":"Feature","id":150236,"geometry":{"type":"Polygon","coordinates":[[[-73.984537442724744,40.71640225837416],[-73.98501444275071,40.715446258117694],[-73.983339442275309,40.714941258247208],[-73.98229044178882,40.716984257687635],[-73.983105441923584,40.717189258473255],[-73.982478441211455,40.718298257746753],[-73.983396441278401,40.718579258224864],[-73.984537442724744,40.71640225837416]]]},"properties":{"OBJECTID":150236,"GEOID20":"360610012001","GEOID10":"360610012001","STATEFP":"36","COUNTYFP":"061","D1C":86.515252239929978,"D1C5_RET":0.84902112109842964,"D2B_E5MIXA":0.27059731556180427,"D3A":48.074356535228027,"D3AAO":10.210080502784558,"D3B":217.40377019420328,"D4A":167.63999999999999,"D4C":93.670000000000002,"D4D":5089.7803434400003,"D5AR":885842,"D5BR":4029053}},{"type":"Feature","id":150237,"geometry":{"type":"Polygon","coordinates":[[[-73.972442442196012,40.786128271632947],[-73.972674441999629,40.785812271548181],[-73.969833442658484,40.784619271531788],[-73.96933644164271,40.785302272613443],[-73.972176442057247,40.786495271243275],[-73.972442442196012,40.786128271632947]]]},"properties":{"OBJECTID":150237,"GEOID20":"360610169001","GEOID10":"360610169001","STATEFP":"36","COUNTYFP":"061","D1C":80.645573785585071,"D1C5_RET":1.7049804182998958,"D2B_E5MIXA":0.48685879542113342,"D3A":21.682263360159165,"D3AAO":0,"D3B":109.1188286311984,"D4A":0,"D4C":77.329999999999998,"D4D":8438.1590180500007,"D5AR":611952,"D5BR":2457985}},{"type":"Feature","id":150238,"geometry":{"type":"Polygon","coordinates":[[[-73.965216439864648,40.801119275498657],[-73.965712441055516,40.800445275272374],[-73.962870440991139,40.799248275062347],[-73.961918439690692,40.800551274669871],[-73.964761440478298,40.801749275466243],[-73.965216439864648,40.801119275498657]]]},"properties":{"OBJECTID":150238,"GEOID20":"360610193006","GEOID10":"360610193006","STATEFP":"36","COUNTYFP":"061","D1C":40.678188906404898,"D1C5_RET":1.1596852100510169,"D2B_E5MIXA":0.54116333393859528,"D3A":40.848191895756507,"D3AAO":5.9004711769478613,"D3B":57.092194956357744,"D4A":256.14999999999998,"D4C":118,"D4D":6736.8790048499995,"D5AR":605912,"D5BR":2456643}},{"type":"Feature","id":150239,"geometry":{"type":"Polygon","coordinates":[[[-73.961103436860981,40.769067268997922],[-73.961560438592102,40.768445269321766],[-73.95931943750395,40.767502268587741],[-73.958862437569451,40.768128268684372],[-73.961103436860981,40.769067268997922]]]},"properties":{"OBJECTID":150239,"GEOID20":"360610126003","GEOID10":"360610126003","STATEFP":"36","COUNTYFP":"061","D1C":79.828845066736804,"D1C5_RET":4.0150602548358743,"D2B_E5MIXA":0.88512600637039196,"D3A":18.691520167244626,"D3AAO":6.2396107149013913,"D3B":0,"D4A":175.69,"D4C":138.33000000000001,"D4D":20909.300143100001,"D5AR":836979,"D5BR":3780990}},{"type":"Feature","id":150240,"geometry":{"type":"Polygon","coordinates":[[[-73.964802437791221,40.759990267437523],[-73.965294438784142,40.759316266855116],[-73.962926438372705,40.758317266461859],[-73.962433437554878,40.758989266472767],[-73.964802437791221,40.759990267437523]]]},"properties":{"OBJECTID":150240,"GEOID20":"360610108002","GEOID10":"360610108002","STATEFP":"36","COUNTYFP":"061","D1C":114.50697063762742,"D1C5_RET":1.856869794123688,"D2B_E5MIXA":0.73134486167064527,"D3A":41.741467378000472,"D3AAO":6.7722700186315912,"D3B":0,"D4A":193.12,"D4C":374,"D4D":49384.483768999999,"D5AR":998398,"D5BR":4147893}},{"type":"Feature","id":150241,"geometry":{"type":"Polygon","coordinates":[[[-73.945509434520247,40.801979275648179],[-73.945969433929449,40.801350276113105],[-73.944355433553426,40.800671276054452],[-73.94536043455733,40.799295275176064],[-73.943743432909926,40.798624275781108],[-73.941826433483513,40.801248275755427],[-73.945053434410667,40.8026072764319],[-73.945509434520247,40.801979275648179]]]},"properties":{"OBJECTID":150241,"GEOID20":"360610184001","GEOID10":"360610184001","STATEFP":"36","COUNTYFP":"061","D1C":25.848284381052306,"D1C5_RET":1.7935544264403642,"D2B_E5MIXA":0.32530031723337854,"D3A":28.986194995781418,"D3AAO":0,"D3B":67.522048995401946,"D4A":0,"D4C":193.66999999999999,"D4D":6538.4976144700004,"D5AR":764184,"D5BR":3601694}},{"type":"Feature","id":150242,"geometry":{"type":"Polygon","coordinates":[[[-73.995875446438234,40.738694262188382],[-73.996338447118831,40.738052262464329],[-73.993121446237438,40.736699262134572],[-73.992655446082111,40.737338261626455],[-73.995875446438234,40.738694262188382]]]},"properties":{"OBJECTID":150242,"GEOID20":"360610054002","GEOID10":"360610054002","STATEFP":"36","COUNTYFP":"061","D1C":126.83782964085589,"D1C5_RET":9.3003718320728712,"D2B_E5MIXA":0.75376218189302391,"D3A":16.670252079478754,"D3AAO":0.55517482115700845,"D3B":0,"D4A":181.05000000000001,"D4C":407.67000000000002,"D4D":41837.049211400001,"D5AR":726612,"D5BR":3725267}},{"type":"Feature","id":150243,"geometry":{"type":"Polygon","coordinates":[[[-73.95465743630092,40.786560271924692],[-73.955115436958621,40.785933272210272],[-73.953504436057329,40.785255272795943],[-73.952552436553518,40.786557272428311],[-73.954164436381419,40.787235273513666],[-73.95465743630092,40.786560271924692]]]},"properties":{"OBJECTID":150243,"GEOID20":"360610160011","GEOID10":"360610160011","STATEFP":"36","COUNTYFP":"061","D1C":18.101148303794123,"D1C5_RET":2.3610193439731466,"D2B_E5MIXA":0.6033233233385169,"D3A":40.412190907556422,"D3AAO":0,"D3B":0,"D4A":189.09999999999999,"D4C":149.66999999999999,"D4D":15077.280649099999,"D5AR":708623,"D5BR":3514877}},{"type":"Feature","id":150244,"geometry":{"type":"Polygon","coordinates":[[[-73.953493436186676,40.779504271025502],[-73.951249433827172,40.778559270882916],[-73.950793434615903,40.779187271451825],[-73.95303443480573,40.780134272041238],[-73.953493436186676,40.779504271025502]]]},"properties":{"OBJECTID":150244,"GEOID20":"360610146021","GEOID10":"360610146021","STATEFP":"36","COUNTYFP":"061","D1C":109.65551485701016,"D1C5_RET":66.543090212373684,"D2B_E5MIXA":0.69031282767286717,"D3A":10.762980599277242,"D3AAO":7.2260599811830248,"D3B":0,"D4A":132.77000000000001,"D4C":215.33000000000001,"D4D":32290.081386900001,"D5AR":779218,"D5BR":3537696}},{"type":"Feature","id":150245,"geometry":{"type":"Polygon","coordinates":[[[-73.917010429742248,40.871592290910463],[-73.917917429938541,40.870931291136706],[-73.916974429757261,40.870156290683958],[-73.915057428534197,40.871611290544323],[-73.916279429273075,40.872124290825099],[-73.917010429742248,40.871592290910463]]]},"properties":{"OBJECTID":150245,"GEOID20":"360610307002","GEOID10":"360610307002","STATEFP":"36","COUNTYFP":"061","D1C":7.2819515193154682,"D1C5_RET":0,"D2B_E5MIXA":0.31479285650577332,"D3A":17.904612213179913,"D3AAO":0,"D3B":70.648169649213344,"D4A":370.14999999999998,"D4C":82,"D4D":8685.3821757700007,"D5AR":595862,"D5BR":1846512}},{"type":"Feature","id":150246,"geometry":{"type":"Polygon","coordinates":[[[-73.930743432733067,40.85561528724589],[-73.930876432802478,40.855436287221814],[-73.929645432741069,40.854916286989784],[-73.928412432131552,40.856614286814683],[-73.929141432950928,40.856706286989997],[-73.929834433785288,40.856563287356693],[-73.930221432501256,40.856303287417859],[-73.930743432733067,40.85561528724589]]]},"properties":{"OBJECTID":150246,"GEOID20":"360610279002","GEOID10":"360610279002","STATEFP":"36","COUNTYFP":"061","D1C":27.563986901372914,"D1C5_RET":7.7179163323844158,"D2B_E5MIXA":0.94480324000668336,"D3A":32.126079282821671,"D3AAO":0,"D3B":313.65611974810264,"D4A":124.72,"D4C":59,"D4D":6938.7743026400003,"D5AR":629696,"D5BR":2420365}},{"type":"Feature","id":150247,"geometry":{"type":"Polygon","coordinates":[[[-73.931044433031957,40.850517286728532],[-73.931473433377349,40.849929286204656],[-73.93001443281203,40.849322285312091],[-73.928660432726986,40.851192286055309],[-73.930102432675568,40.851801286541374],[-73.931044433031957,40.850517286728532]]]},"properties":{"OBJECTID":150247,"GEOID20":"360610269002","GEOID10":"360610269002","STATEFP":"36","COUNTYFP":"061","D1C":335.49154187093222,"D1C5_RET":0.87173006425260791,"D2B_E5MIXA":0.11617996336507828,"D3A":39.758414980322719,"D3AAO":0,"D3B":159.48176992635138,"D4A":88.510000000000005,"D4C":114.33,"D4D":9112.2192682099994,"D5AR":777492,"D5BR":2365593}},{"type":"Feature","id":150248,"geometry":{"type":"Polygon","coordinates":[[[-73.950198436385776,40.806421276997384],[-73.950655436320275,40.805793276944421],[-73.947814435182494,40.804595276384525],[-73.946901435138415,40.805847276695246],[-73.949741436451291,40.807048277023554],[-73.950198436385776,40.806421276997384]]]},"properties":{"OBJECTID":150248,"GEOID20":"360610220001","GEOID10":"360610220001","STATEFP":"36","COUNTYFP":"061","D1C":19.37224095608553,"D1C5_RET":0.46345074057620883,"D2B_E5MIXA":0.37535641327242225,"D3A":27.438879343260819,"D3AAO":0,"D3B":59.32169479375473,"D4A":244.08000000000001,"D4C":139,"D4D":8245.7155763299997,"D5AR":648873,"D5BR":3404551}},{"type":"Feature","id":150249,"geometry":{"type":"Polygon","coordinates":[[[-73.95507743912043,40.820105279632507],[-73.955452439039149,40.819385279052113],[-73.952722437331147,40.818244278431017],[-73.952201437822538,40.818958279015696],[-73.95507743912043,40.820105279632507]]]},"properties":{"OBJECTID":150249,"GEOID20":"360610223011","GEOID10":"360610223011","STATEFP":"36","COUNTYFP":"061","D1C":18.667666385852446,"D1C5_RET":5.8229418084310378,"D2B_E5MIXA":0.8100881537799155,"D3A":30.289992391710992,"D3AAO":0,"D3B":0,"D4A":0,"D4C":66.329999999999998,"D4D":7270.3196264099997,"D5AR":711742,"D5BR":2576884}},{"type":"Feature","id":150250,"geometry":{"type":"Polygon","coordinates":[[[-74.004032449255362,40.725521258812087],[-74.001934447384016,40.724560258382304],[-74.000899448039547,40.725781259415967],[-74.003123447612623,40.726886258989886],[-74.003731448058161,40.726258259152587],[-74.004032449255362,40.725521258812087]]]},"properties":{"OBJECTID":150250,"GEOID20":"360610049002","GEOID10":"360610049002","STATEFP":"36","COUNTYFP":"061","D1C":81.671037495117687,"D1C5_RET":13.352213214460658,"D2B_E5MIXA":0.72105284722188956,"D3A":28.939186123617162,"D3AAO":0.23548389869651767,"D3B":71.211803810456843,"D4A":234.69999999999999,"D4C":165.66999999999999,"D4D":11797.6595373,"D5AR":663634,"D5BR":5460223}},{"type":"Feature","id":150251,"geometry":{"type":"Polygon","coordinates":[[[-73.98622544361892,40.722353259313451],[-73.986286442819974,40.722250259402507],[-73.983825442522118,40.721481258169732],[-73.982965442181495,40.722679259322845],[-73.985287442562182,40.72365725930193],[-73.98622544361892,40.722353259313451]]]},"properties":{"OBJECTID":150251,"GEOID20":"360610030021","GEOID10":"360610030021","STATEFP":"36","COUNTYFP":"061","D1C":51.493673833069614,"D1C5_RET":13.309805524649351,"D2B_E5MIXA":0.7069046047733698,"D3A":33.049467574540223,"D3AAO":0,"D3B":116.39315834539262,"D4A":128.75,"D4C":63,"D4D":4398.7816291299996,"D5AR":709584,"D5BR":2787658}},{"type":"Feature","id":150252,"geometry":{"type":"Polygon","coordinates":[[[-73.988452443565066,40.723285258664411],[-73.988644443185677,40.72294125899171],[-73.986286442819974,40.722250259402507],[-73.985287442562182,40.72365725930193],[-73.987503442637674,40.724592259706668],[-73.988452443565066,40.723285258664411]]]},"properties":{"OBJECTID":150252,"GEOID20":"360610030022","GEOID10":"360610030022","STATEFP":"36","COUNTYFP":"061","D1C":35.84911060505582,"D1C5_RET":5.1771195151715492,"D2B_E5MIXA":0.61073996160600397,"D3A":35.536241396091505,"D3AAO":0,"D3B":125.03232036640722,"D4A":210.56,"D4C":69,"D4D":4313.6150526399997,"D5AR":709560,"D5BR":3794126}},{"type":"Feature","id":150267,"geometry":{"type":"Polygon","coordinates":[[[-74.001282446557539,40.710002256219106],[-74.001420446649803,40.70982325555385],[-73.999496445754062,40.708287256010095],[-73.999013445880294,40.70856825584184],[-74.000124446291096,40.709468255074476],[-73.999691445747729,40.709810255665566],[-73.99890744647341,40.709871256585934],[-73.99816944543322,40.710040256142449],[-73.99840544543477,40.711063255909835],[-73.996783445561121,40.711372256704756],[-73.996948445417587,40.71208025603471],[-73.999702446516707,40.711788256411481],[-74.000511445905374,40.71099225592566],[-74.001282446557539,40.710002256219106]]]},"properties":{"OBJECTID":150267,"GEOID20":"360610025001","GEOID10":"360610025001","STATEFP":"36","COUNTYFP":"061","D1C":7.4884967561286429,"D1C5_RET":0.99021444709139073,"D2B_E5MIXA":0.75267337853336924,"D3A":46.047093633797729,"D3AAO":24.864979110468603,"D3B":0,"D4A":183.72999999999999,"D4C":206.66999999999999,"D4D":8185.9047912200003,"D5AR":838212,"D5BR":6101257}},{"type":"Feature","id":150268,"geometry":{"type":"Polygon","coordinates":[[[-74.00089244746853,40.713023257018428],[-74.000856446585189,40.711503256789626],[-74.000511445905374,40.71099225592566],[-73.999702446516707,40.711788256411481],[-73.996948445417587,40.71208025603471],[-73.997505446707791,40.714077257266993],[-73.997869445857575,40.713788256926222],[-73.998763446533374,40.713401257278377],[-74.00089244746853,40.713023257018428]]]},"properties":{"OBJECTID":150268,"GEOID20":"360610027001","GEOID10":"360610027001","STATEFP":"36","COUNTYFP":"061","D1C":88.26792807292982,"D1C5_RET":6.6900672476002487,"D2B_E5MIXA":0.547590646606813,"D3A":37.563304033473194,"D3AAO":0.075540484497748139,"D3B":218.53855590201761,"D4A":105.95,"D4C":179.66999999999999,"D4D":7849.8245379700002,"D5AR":927529,"D5BR":6113975}},{"type":"Feature","id":150269,"geometry":{"type":"Polygon","coordinates":[[[-73.979907440410429,40.726874260440454],[-73.98033444110601,40.726289260283096],[-73.977978440390146,40.725296260441574],[-73.97709243921193,40.726473259844227],[-73.97947044146575,40.727476260228208],[-73.979907440410429,40.726874260440454]]]},"properties":{"OBJECTID":150269,"GEOID20":"360610028003","GEOID10":"360610028003","STATEFP":"36","COUNTYFP":"061","D1C":20.484445360096537,"D1C5_RET":2.1190805544927453,"D2B_E5MIXA":0.8949614615428243,"D3A":41.907657650990188,"D3AAO":0,"D3B":150.46588528713656,"D4A":191.78,"D4C":27.329999999999998,"D4D":2056.1163224500001,"D5AR":664770,"D5BR":2201375}},{"type":"Feature","id":150270,"geometry":{"type":"Polygon","coordinates":[[[-74.005590447758266,40.712178256031621],[-74.005443449241795,40.712152256491208],[-74.004978448013077,40.712290256921541],[-74.004182448144874,40.711695256547124],[-74.003538447714305,40.711503256108692],[-74.001420446649803,40.70982325555385],[-74.000511445905374,40.71099225592566],[-74.000856446585189,40.711503256789626],[-74.00089244746853,40.713023257018428],[-73.998957445803811,40.713351256924035],[-73.998585446258119,40.713476257058623],[-73.998797445970226,40.714510257010687],[-74.000456446552121,40.714373256652529],[-74.002116446958894,40.715167257121685],[-74.002599446832647,40.714321256552104],[-74.003604447836537,40.713654257188416],[-74.004292448648044,40.712916256614584],[-74.004859448187389,40.712461256998843],[-74.005590447758266,40.712178256031621]]]},"properties":{"OBJECTID":150270,"GEOID20":"360610029004","GEOID10":"360610029004","STATEFP":"36","COUNTYFP":"061","D1C":24.456501290550761,"D1C5_RET":0.75250773201694654,"D2B_E5MIXA":0.47000718290691268,"D3A":53.15933811428652,"D3AAO":28.643543397583883,"D3B":121.19537250253117,"D4A":181.05000000000001,"D4C":429,"D4D":7796.1935527899996,"D5AR":923666,"D5BR":6158576}},{"type":"Feature","id":150271,"geometry":{"type":"Polygon","coordinates":[[[-73.989231443714829,40.721685258595862],[-73.986951442268619,40.72099125848974],[-73.986286442819974,40.722250259402507],[-73.988644443185677,40.72294125899171],[-73.989231443714829,40.721685258595862]]]},"properties":{"OBJECTID":150271,"GEOID20":"360610030011","GEOID10":"360610030011","STATEFP":"36","COUNTYFP":"061","D1C":129.69313411292052,"D1C5_RET":9.2082125220173552,"D2B_E5MIXA":0.51249815263993015,"D3A":54.445518045413195,"D3AAO":0,"D3B":249.01081749680736,"D4A":185.06999999999999,"D4C":102.33,"D4D":8493.7589848200005,"D5AR":718717,"D5BR":3793214}},{"type":"Feature","id":150272,"geometry":{"type":"Polygon","coordinates":[[[-74.007098449625701,40.716006257027551],[-74.007545449514467,40.715441257011939],[-74.005890449130547,40.714686256634614],[-74.001885446980225,40.71940625812833],[-74.003513447599957,40.720565258334979],[-74.007098449625701,40.716006257027551]]]},"properties":{"OBJECTID":150272,"GEOID20":"360610033001","GEOID10":"360610033001","STATEFP":"36","COUNTYFP":"061","D1C":917.90325466863612,"D1C5_RET":15.16089024385677,"D2B_E5MIXA":0.46894060238447333,"D3A":27.55071083750045,"D3AAO":0,"D3B":54.049478307072768,"D4A":134.11000000000001,"D4C":420.67000000000002,"D4D":9741.6426904199998,"D5AR":746390,"D5BR":6324537}},{"type":"Feature","id":150273,"geometry":{"type":"Polygon","coordinates":[[[-74.008379449017511,40.716595257145087],[-74.008824449256423,40.716022257024463],[-74.007545449514467,40.715441257011939],[-74.003513447599957,40.720565258334979],[-74.004636448604629,40.721362257518926],[-74.008379449017511,40.716595257145087]]]},"properties":{"OBJECTID":150273,"GEOID20":"360610033002","GEOID10":"360610033002","STATEFP":"36","COUNTYFP":"061","D1C":1460.1342016600393,"D1C5_RET":6.4588933398154849,"D2B_E5MIXA":0.63881565634799342,"D3A":43.320147908048554,"D3AAO":0,"D3B":160.9424213702811,"D4A":201.16999999999999,"D4C":378.32999999999998,"D4D":11415.3255113,"D5AR":768760,"D5BR":6082052}},{"type":"Feature","id":150274,"geometry":{"type":"Polygon","coordinates":[[[-74.009116450232767,40.71692825678867],[-74.00920645064447,40.716196256316998],[-74.008824449256423,40.716022257024463],[-74.004636448604629,40.721362257518926],[-74.007913449760494,40.723708258820977],[-74.009116450232767,40.71692825678867]]]},"properties":{"OBJECTID":150274,"GEOID20":"360610033003","GEOID10":"360610033003","STATEFP":"36","COUNTYFP":"061","D1C":268.04994318837623,"D1C5_RET":4.7270519030298956,"D2B_E5MIXA":0.69333522161327743,"D3A":45.270715057487713,"D3AAO":9.7706824803373618,"D3B":161.92275082326734,"D4A":0,"D4C":253.66999999999999,"D4D":4562.8687182100002,"D5AR":743953,"D5BR":5842964}},{"type":"Feature","id":150302,"geometry":{"type":"Polygon","coordinates":[[[-73.957703436579791,40.779504271025502],[-73.958166438158671,40.778869271777964],[-73.954946436005912,40.77751227081032],[-73.954483436223626,40.778147272145858],[-73.957703436579791,40.779504271025502]]]},"properties":{"OBJECTID":150302,"GEOID20":"360610148011","GEOID10":"360610148011","STATEFP":"36","COUNTYFP":"061","D1C":158.16833890237217,"D1C5_RET":28.596318677956969,"D2B_E5MIXA":0.70533037492260287,"D3A":18.009948855697303,"D3AAO":3.4747992579549449,"D3B":0,"D4A":142.16,"D4C":255,"D4D":26366.775187800002,"D5AR":780489,"D5BR":3598410}},{"type":"Feature","id":150303,"geometry":{"type":"Polygon","coordinates":[[[-73.950614435414053,40.794973274438014],[-73.951112435356436,40.794293274720417],[-73.949509435749377,40.793614273884593],[-73.948557435347254,40.794918274974755],[-73.950159435129393,40.795596275019335],[-73.950614435414053,40.794973274438014]]]},"properties":{"OBJECTID":150303,"GEOID20":"360610174012","GEOID10":"360610174012","STATEFP":"36","COUNTYFP":"061","D1C":31.405918450066476,"D1C5_RET":2.8407363422170682,"D2B_E5MIXA":0.6638059484001384,"D3A":21.966802619822332,"D3AAO":0,"D3B":0,"D4A":143.5,"D4C":110.33,"D4D":11143.766778200001,"D5AR":486379,"D5BR":3383693}},{"type":"Feature","id":150304,"geometry":{"type":"Polygon","coordinates":[[[-73.989052444513007,40.730731260246323],[-73.98948344450821,40.730141259956817],[-73.987240443770247,40.729200259820068],[-73.986376442333352,40.730388260936166],[-73.988614443946773,40.731331260575203],[-73.989052444513007,40.730731260246323]]]},"properties":{"OBJECTID":150304,"GEOID20":"360610040003","GEOID10":"360610040003","STATEFP":"36","COUNTYFP":"061","D1C":72.680226988313848,"D1C5_RET":5.6003599562913067,"D2B_E5MIXA":0.54730274825606462,"D3A":39.535367719258701,"D3AAO":0,"D3B":0,"D4A":122.04000000000001,"D4C":287.67000000000002,"D4D":22912.790024900001,"D5AR":655013,"D5BR":3924238}},{"type":"Feature","id":150305,"geometry":{"type":"Polygon","coordinates":[[[-73.99464944639972,40.725939260098471],[-73.992210444944874,40.725239259653428],[-73.991549444795879,40.727097258830135],[-73.993148445103287,40.727875259477308],[-73.99464944639972,40.725939260098471]]]},"properties":{"OBJECTID":150305,"GEOID20":"360610055021","GEOID10":"360610055021","STATEFP":"36","COUNTYFP":"061","D1C":147.71402375226904,"D1C5_RET":12.408342946453731,"D2B_E5MIXA":0.7982866289638042,"D3A":27.177663995103291,"D3AAO":0,"D3B":97.339800902298208,"D4A":250.78999999999999,"D4C":280.32999999999998,"D4D":16369.086015000001,"D5AR":724959,"D5BR":4558822}},{"type":"Feature","id":150306,"geometry":{"type":"Polygon","coordinates":[[[-73.970882443144987,40.798452274477185],[-73.971340442006081,40.797823274161175],[-73.969921442522036,40.797227274053739],[-73.96900244173186,40.798484274927453],[-73.970424442487271,40.799079274306152],[-73.970882443144987,40.798452274477185]]]},"properties":{"OBJECTID":150306,"GEOID20":"360610187003","GEOID10":"360610187003","STATEFP":"36","COUNTYFP":"061","D1C":57.433593008274471,"D1C5_RET":3.8781525825522953,"D2B_E5MIXA":0.603587817061216,"D3A":35.091502342025954,"D3AAO":0,"D3B":0,"D4A":170.31999999999999,"D4C":95.670000000000002,"D4D":11307.3632784,"D5AR":642331,"D5BR":2214008}},{"type":"Feature","id":150307,"geometry":{"type":"Polygon","coordinates":[[[-73.934457431037004,40.797318275379297],[-73.934914430073178,40.796688275519458],[-73.932661430187778,40.795740275298876],[-73.931744429945752,40.796996275412077],[-73.933992430706581,40.797940275374977],[-73.934457431037004,40.797318275379297]]]},"properties":{"OBJECTID":150307,"GEOID20":"360610178001","GEOID10":"360610178001","STATEFP":"36","COUNTYFP":"061","D1C":9.5758030201265285,"D1C5_RET":0.58389042805649571,"D2B_E5MIXA":0.75328831578948707,"D3A":17.448802281807556,"D3AAO":0.65478718731200802,"D3B":149.47594958246287,"D4A":273.58999999999997,"D4C":34.670000000000002,"D4D":2591.16558601,"D5AR":827535,"D5BR":2848352}},{"type":"Feature","id":150308,"geometry":{"type":"Polygon","coordinates":[[[-73.977197442387165,40.764332268248303],[-73.97768744283195,40.763653267264594],[-73.974458441356646,40.762301267443199],[-73.973016441408078,40.764287267535984],[-73.97623544283762,40.765683268791982],[-73.977197442387165,40.764332268248303]]]},"properties":{"OBJECTID":150308,"GEOID20":"360610112011","GEOID10":"360610112011","STATEFP":"36","COUNTYFP":"061","D1C":692.70633250819833,"D1C5_RET":99.372371631299501,"D2B_E5MIXA":0.9044987052737069,"D3A":34.790316486220135,"D3AAO":5.2112961324596645,"D3B":249.73661481839514,"D4A":187.75999999999999,"D4C":415.32999999999998,"D4D":13524.984774099999,"D5AR":856356,"D5BR":3950754}},{"type":"Feature","id":150309,"geometry":{"type":"Polygon","coordinates":[[[-73.980427441890726,40.759907266499077],[-73.980887443096591,40.759278266487499],[-73.977656441971476,40.757920265915189],[-73.974458441356646,40.762301267443199],[-73.97768744283195,40.763653267264594],[-73.980427441890726,40.759907266499077]]]},"properties":{"OBJECTID":150309,"GEOID20":"360610104001","GEOID10":"360610104001","STATEFP":"36","COUNTYFP":"061","D1C":1181.9610512599038,"D1C5_RET":70.061690965894215,"D2B_E5MIXA":0.7529708732846061,"D3A":30.243030585196088,"D3AAO":5.1882735818362118,"D3B":89.738770347939351,"D4A":0,"D4C":453,"D4D":6773.0194881099997,"D5AR":791138,"D5BR":2981998}},{"type":"Feature","id":150310,"geometry":{"type":"Polygon","coordinates":[[[-73.990346444323578,40.724936259015635],[-73.990821443801423,40.724283258997502],[-73.988452443565066,40.723285258664411],[-73.987503442637674,40.724592259706668],[-73.989871443947408,40.725590259503385],[-73.990346444323578,40.724936259015635]]]},"properties":{"OBJECTID":150310,"GEOID20":"360610036021","GEOID10":"360610036021","STATEFP":"36","COUNTYFP":"061","D1C":45.762539271779112,"D1C5_RET":5.9736648000457588,"D2B_E5MIXA":0.7907002634969994,"D3A":32.6660014741176,"D3AAO":0,"D3B":68.270454857665811,"D4A":166.30000000000001,"D4C":127.33,"D4D":8692.8770170299995,"D5AR":662109,"D5BR":3801572}},{"type":"Feature","id":150311,"geometry":{"type":"Polygon","coordinates":[[[-73.997932445606764,40.718166257914717],[-73.998590446281,40.717107257417716],[-73.997764445377257,40.716822257414066],[-73.996772445690468,40.718425257797158],[-73.996031445175547,40.720189258199511],[-73.996837446886133,40.720513258305189],[-73.997374445389909,40.719177257489349],[-73.997932445606764,40.718166257914717]]]},"properties":{"OBJECTID":150311,"GEOID20":"360610041004","GEOID10":"360610041004","STATEFP":"36","COUNTYFP":"061","D1C":171.69252250928884,"D1C5_RET":28.0047254702651,"D2B_E5MIXA":0.90548798852626911,"D3A":47.686659454976343,"D3AAO":0,"D3B":83.752450004531127,"D4A":344.67000000000002,"D4C":221.66999999999999,"D4D":18565.405592499999,"D5AR":739189,"D5BR":5811993}},{"type":"Feature","id":150312,"geometry":{"type":"Polygon","coordinates":[[[-73.992268443772872,40.712476256901049],[-73.991778443328087,40.709827256776087],[-73.992076444152246,40.709779255712235],[-73.991940443709794,40.709536256434951],[-73.989388443175358,40.709899256264102],[-73.989493442757322,40.711275257167145],[-73.989735443504983,40.711251256480537],[-73.989972443331439,40.712654256980606],[-73.992268443772872,40.712476256901049]]]},"properties":{"OBJECTID":150312,"GEOID20":"360610006002","GEOID10":"360610006002","STATEFP":"36","COUNTYFP":"061","D1C":6.1319237850928907,"D1C5_RET":0,"D2B_E5MIXA":0.46333602012085001,"D3A":56.412914268498966,"D3AAO":11.601889633788828,"D3B":160.26095665594613,"D4A":202.50999999999999,"D4C":43.329999999999998,"D4D":1735.1592333599999,"D5AR":834448,"D5BR":3403937}},{"type":"Feature","id":150313,"geometry":{"type":"Polygon","coordinates":[[[-73.999435450146279,40.769742268072669],[-73.999679449645427,40.769457267651788],[-73.996306449128411,40.767965267634821],[-73.996934448767135,40.767147268263471],[-73.996879449413854,40.766839267357945],[-73.996668448628341,40.766748267126495],[-73.99485044893612,40.769265267187535],[-73.989965447252004,40.767196266853333],[-73.9880644468208,40.769799268146258],[-73.99378344800796,40.772207268577695],[-73.993326448073461,40.772839268802215],[-73.993953448785575,40.772884268485576],[-73.99420544868066,40.772512268282661],[-73.996228449310607,40.773333267693744],[-73.996426448779019,40.773059267418098],[-73.9946044470922,40.772230269001312],[-73.994945448472379,40.771725268103239],[-73.997005448912248,40.772537268006808],[-73.99747844963855,40.771867268338141],[-73.995365447698617,40.770915267935933],[-73.995621448689974,40.770544267667326],[-73.995931448311381,40.770680267958625],[-73.996143448921799,40.770463268492136],[-73.995949447854713,40.770380268386589],[-73.996446448870486,40.769803267123095],[-73.998784450043033,40.770820268247817],[-73.999028449542195,40.770454268502114],[-73.996690448369662,40.769457267651788],[-73.997147449202458,40.768854268060188],[-73.999435450146279,40.769742268072669]]]},"properties":{"OBJECTID":150313,"GEOID20":"360610135001","GEOID10":"360610135001","STATEFP":"36","COUNTYFP":"061","D1C":98.875080123187985,"D1C5_RET":10.311926913451465,"D2B_E5MIXA":0.82692744677260777,"D3A":34.12178395483911,"D3AAO":11.179042942331957,"D3B":51.942593609468716,"D4A":241.40000000000001,"D4C":24.670000000000002,"D4D":226.12030780800001,"D5AR":807108,"D5BR":2317850}},{"type":"Feature","id":150314,"geometry":{"type":"Polygon","coordinates":[[[-73.98645944486897,40.756718265329283],[-73.986950446036971,40.756044265594625],[-73.984119444046627,40.754850265546828],[-73.982257443075156,40.75739526652896],[-73.985086444517364,40.758597265760962],[-73.98645944486897,40.756718265329283]]]},"properties":{"OBJECTID":150314,"GEOID20":"360610119001","GEOID10":"360610119001","STATEFP":"36","COUNTYFP":"061","D1C":2415.0120205072681,"D1C5_RET":112.57223712106558,"D2B_E5MIXA":0.75456973194902388,"D3A":30.713969324304131,"D3AAO":0.00066263934521469312,"D3B":87.576456755448106,"D4A":166.30000000000001,"D4C":890,"D4D":25981.0155041,"D5AR":875751,"D5BR":4948543}},{"type":"Feature","id":150315,"geometry":{"type":"Polygon","coordinates":[[[-74.003123447612623,40.726886258989886],[-74.000899448039547,40.725781259415967],[-73.999917447500181,40.726943259048177],[-74.002150448192396,40.728044259623815],[-74.003123447612623,40.726886258989886]]]},"properties":{"OBJECTID":150315,"GEOID20":"360610049003","GEOID10":"360610049003","STATEFP":"36","COUNTYFP":"061","D1C":87.221172916152113,"D1C5_RET":14.733306235836507,"D2B_E5MIXA":0.7339752109512061,"D3A":33.022039522140339,"D3AAO":0,"D3B":75.434527927482904,"D4A":108.63,"D4C":237.33000000000001,"D4D":17902.876512999999,"D5AR":670501,"D5BR":5334469}},{"type":"Feature","id":150316,"geometry":{"type":"Polygon","coordinates":[[[-73.943515435999231,40.835942283365803],[-73.943968435735769,40.835317282748278],[-73.940361434867015,40.833794282892718],[-73.940050435420702,40.83449928244962],[-73.943515435999231,40.835942283365803]]]},"properties":{"OBJECTID":150316,"GEOID20":"360610245006","GEOID10":"360610245006","STATEFP":"36","COUNTYFP":"061","D1C":28.39697498594613,"D1C5_RET":1.8029825387902305,"D2B_E5MIXA":0.39247316321376596,"D3A":28.82669548709082,"D3AAO":0,"D3B":96.159068735478954,"D4A":246.77000000000001,"D4C":97.329999999999998,"D4D":9359.1621600199996,"D5AR":663887,"D5BR":2354322}},{"type":"Feature","id":150317,"geometry":{"type":"Polygon","coordinates":[[[-73.942722434707449,40.811576277142152],[-73.943173434794176,40.81095027720999],[-73.939950433166658,40.809590277907766],[-73.939019433579247,40.810864277626791],[-73.942250433806038,40.81220927816787],[-73.942722434707449,40.811576277142152]]]},"properties":{"OBJECTID":150317,"GEOID20":"360610208001","GEOID10":"360610208001","STATEFP":"36","COUNTYFP":"061","D1C":1.5356582968251453,"D1C5_RET":0.40412060442766984,"D2B_E5MIXA":0.65841910345612176,"D3A":29.876039490066656,"D3AAO":0,"D3B":51.727437366741732,"D4A":268.22000000000003,"D4C":71.670000000000002,"D4D":3707.3054360699998,"D5AR":818284,"D5BR":3063272}},{"type":"Feature","id":150318,"geometry":{"type":"Polygon","coordinates":[[[-73.936479434536977,40.852858286850072],[-73.936546434484129,40.852619285999261],[-73.935717434105655,40.852347286529408],[-73.934628434334499,40.854509286730753],[-73.936039434320932,40.854923286758662],[-73.936287434916352,40.854275286575032],[-73.936479434536977,40.852858286850072]]]},"properties":{"OBJECTID":150318,"GEOID20":"360610271005","GEOID10":"360610271005","STATEFP":"36","COUNTYFP":"061","D1C":21.151278171739921,"D1C5_RET":0.15000906504780084,"D2B_E5MIXA":0.20051458443678899,"D3A":11.264449645421511,"D3AAO":0,"D3B":96.005801630592543,"D4A":158.25,"D4C":136.33000000000001,"D4D":13088.4709363,"D5AR":698478,"D5BR":2434506}},{"type":"Feature","id":150319,"geometry":{"type":"Polygon","coordinates":[[[-73.939995436067449,40.837722283366325],[-73.940103435124158,40.836953282291155],[-73.939889434863915,40.835802283087098],[-73.938344434084854,40.837917283559996],[-73.93982843476455,40.838506282334983],[-73.939995436067449,40.837722283366325]]]},"properties":{"OBJECTID":150319,"GEOID20":"360610243013","GEOID10":"360610243013","STATEFP":"36","COUNTYFP":"061","D1C":11.612730907863948,"D1C5_RET":0.36865812405917298,"D2B_E5MIXA":0.70775812100545687,"D3A":38.885067542208624,"D3AAO":0,"D3B":393.31397939625043,"D4A":0,"D4C":117.67,"D4D":13881.600466600001,"D5AR":728171,"D5BR":2357106}},{"type":"Feature","id":150320,"geometry":{"type":"Polygon","coordinates":[[[-73.953831438990406,40.828660280843749],[-73.954430439215145,40.828082281028664],[-73.953713438989652,40.827283280625437],[-73.952591438708197,40.827311281175817],[-73.951970437843869,40.827049280855867],[-73.951274437534778,40.827666280743962],[-73.949961436559306,40.827112281450248],[-73.948140437392368,40.82960728131485],[-73.952248438576532,40.831288281268897],[-73.953831438990406,40.828660280843749]]]},"properties":{"OBJECTID":150320,"GEOID20":"360610233001","GEOID10":"360610233001","STATEFP":"36","COUNTYFP":"061","D1C":3.5148051403188321,"D1C5_RET":1.2831828290052878,"D2B_E5MIXA":0.89133924328929692,"D3A":29.496261376157715,"D3AAO":8.9578629337724056,"D3B":101.08569562752953,"D4A":186.41999999999999,"D4C":76.329999999999998,"D4D":1361.3040132799999,"D5AR":679837,"D5BR":2536987}},{"type":"Feature","id":150321,"geometry":{"type":"Polygon","coordinates":[[[-73.93854043300513,40.817290279195213],[-73.938992432916748,40.816671278517674],[-73.937254432692157,40.815953279554222],[-73.935961432706492,40.817801279226487],[-73.93764243302968,40.818525279446838],[-73.93854043300513,40.817290279195213]]]},"properties":{"OBJECTID":150321,"GEOID20":"360610214002","GEOID10":"360610214002","STATEFP":"36","COUNTYFP":"061","D1C":8.3818040840047043,"D1C5_RET":4.6099922462025873,"D2B_E5MIXA":0.70698925416526526,"D3A":54.540400292785307,"D3AAO":0,"D3B":491.9783725147401,"D4A":413.06,"D4C":81,"D4D":5431.4090464399997,"D5AR":883043,"D5BR":2444431}},{"type":"Feature","id":150322,"geometry":{"type":"Polygon","coordinates":[[[-73.986851444506129,40.751090265110044],[-73.987295444021825,40.750459263947647],[-73.984077443315513,40.749110263730948],[-73.981823443605208,40.752205264996249],[-73.985044444684576,40.753562264256644],[-73.986851444506129,40.751090265110044]]]},"properties":{"OBJECTID":150322,"GEOID20":"360610084002","GEOID10":"360610084002","STATEFP":"36","COUNTYFP":"061","D1C":1241.4725829869328,"D1C5_RET":71.633617746308929,"D2B_E5MIXA":0.88509064645174107,"D3A":27.084474942221956,"D3AAO":2.0134801236170246,"D3B":35.299923219490644,"D4A":175.69,"D4C":651.33000000000004,"D4D":13792.3809181,"D5AR":1012962,"D5BR":5903634}},{"type":"Feature","id":150327,"geometry":{"type":"Polygon","coordinates":[[[-73.970966439217321,40.755548265510228],[-73.971218440010716,40.755201265691781],[-73.96897943857239,40.754259265855914],[-73.968066438528311,40.755512266309402],[-73.970314440187465,40.756461266719079],[-73.970966439217321,40.755548265510228]]]},"properties":{"OBJECTID":150327,"GEOID20":"360610098003","GEOID10":"360610098003","STATEFP":"36","COUNTYFP":"061","D1C":508.33285602548739,"D1C5_RET":10.093887235786635,"D2B_E5MIXA":0.8062702779170815,"D3A":31.639163290493709,"D3AAO":9.5780102742288271,"D3B":0,"D4A":0,"D4C":180,"D4D":13521.114064699999,"D5AR":958502,"D5BR":4673990}},{"type":"Feature","id":150328,"geometry":{"type":"Polygon","coordinates":[[[-73.969887439491899,40.753007265942131],[-73.970342438878248,40.752387264326792],[-73.967975439190027,40.751374264990581],[-73.967778439546535,40.751634265284096],[-73.967699439005514,40.752049265465196],[-73.967228437928995,40.752696266536148],[-73.969432439207239,40.753632266817128],[-73.969887439491899,40.753007265942131]]]},"properties":{"OBJECTID":150328,"GEOID20":"360610090003","GEOID10":"360610090003","STATEFP":"36","COUNTYFP":"061","D1C":420.73391816996048,"D1C5_RET":3.0607391920590294,"D2B_E5MIXA":0.70954687083591084,"D3A":39.056925074072787,"D3AAO":8.4454409030170599,"D3B":0,"D4A":285.66000000000003,"D4C":94,"D4D":7035.3171282599997,"D5AR":1015559,"D5BR":3960721}},{"type":"Feature","id":150329,"geometry":{"type":"Polygon","coordinates":[[[-73.962624438248895,40.775646270391171],[-73.963088437856086,40.775011269639023],[-73.9614764380282,40.774332269603043],[-73.960516437230154,40.775650271056953],[-73.962126438306541,40.776328270561471],[-73.962624438248895,40.775646270391171]]]},"properties":{"OBJECTID":150329,"GEOID20":"360610142003","GEOID10":"360610142003","STATEFP":"36","COUNTYFP":"061","D1C":139.90398602640855,"D1C5_RET":20.69769759901261,"D2B_E5MIXA":0.62785093265432212,"D3A":27.170440338781781,"D3AAO":10.401957949697396,"D3B":0,"D4A":248.11000000000001,"D4C":138.66999999999999,"D4D":13811.2468021,"D5AR":792568,"D5BR":3016231}},{"type":"Feature","id":150330,"geometry":{"type":"Polygon","coordinates":[[[-73.983628443776936,40.743953263364602],[-73.984079442965339,40.743334263567085],[-73.982463442041166,40.742653262871741],[-73.981110441781041,40.744506263496667],[-73.98272844325335,40.745189263823676],[-73.983628443776936,40.743953263364602]]]},"properties":{"OBJECTID":150330,"GEOID20":"360610072003","GEOID10":"360610072003","STATEFP":"36","COUNTYFP":"061","D1C":378.00404483046492,"D1C5_RET":13.21307468093673,"D2B_E5MIXA":0.69413729045652184,"D3A":35.982891150297007,"D3AAO":0,"D3B":140.93946326332511,"D4A":256.14999999999998,"D4C":300.67000000000002,"D4D":21188.134209700002,"D5AR":1050621,"D5BR":6371075}},{"type":"Feature","id":150331,"geometry":{"type":"Polygon","coordinates":[[[-73.948040434239985,40.782950271828099],[-73.948502434197351,40.782325271833365],[-73.94613243323775,40.781324272621831],[-73.945671433105318,40.781955271921859],[-73.948040434239985,40.782950271828099]]]},"properties":{"OBJECTID":150331,"GEOID20":"360610154002","GEOID10":"360610154002","STATEFP":"36","COUNTYFP":"061","D1C":32.35073944927165,"D1C5_RET":0.44316081437358423,"D2B_E5MIXA":0.81333596199716762,"D3A":29.48030681283273,"D3AAO":5.5740526213469881,"D3B":0,"D4A":179.71000000000001,"D4C":102.67,"D4D":14559.782659799999,"D5AR":760670,"D5BR":3426680}},{"type":"Feature","id":150332,"geometry":{"type":"Polygon","coordinates":[[[-73.984449442861191,40.728789260780765],[-73.984876442658447,40.728202260379646],[-73.982658442034833,40.727269259721346],[-73.98132644169111,40.729094260926935],[-73.983544441416413,40.730029260508729],[-73.984449442861191,40.728789260780765]]]},"properties":{"OBJECTID":150332,"GEOID20":"360610034003","GEOID10":"360610034003","STATEFP":"36","COUNTYFP":"061","D1C":71.587674540767921,"D1C5_RET":4.1535510825701518,"D2B_E5MIXA":0.77334798917838854,"D3A":20.687361784477506,"D3AAO":2.5370338220465798,"D3B":156.3690315986874,"D4A":194.46000000000001,"D4C":70.329999999999998,"D4D":3665.8113307799999,"D5AR":704094,"D5BR":3279487}},{"type":"Feature","id":150333,"geometry":{"type":"Polygon","coordinates":[[[-73.939133431585432,40.790913273772269],[-73.93956343265404,40.790325274445266],[-73.937386431140013,40.789469274135335],[-73.936525430076159,40.790667274291764],[-73.938650431711665,40.79156627319518],[-73.939133431585432,40.790913273772269]]]},"properties":{"OBJECTID":150333,"GEOID20":"360610162002","GEOID10":"360610162002","STATEFP":"36","COUNTYFP":"061","D1C":39.04789791256318,"D1C5_RET":2.0417201522908854,"D2B_E5MIXA":0.32896229347342421,"D3A":9.9455283403074333,"D3AAO":2.5228023792852601,"D3B":0,"D4A":150.21000000000001,"D4C":22,"D4D":1796.7137340199999,"D5AR":643162,"D5BR":2067973}},{"type":"Feature","id":150338,"geometry":{"type":"Polygon","coordinates":[[[-73.958628436319415,40.778235271179348],[-73.959091436999998,40.777600271365195],[-73.957473436426,40.77691927130568],[-73.95654743686147,40.778188269762083],[-73.958166438158671,40.778869271777964],[-73.958628436319415,40.778235271179348]]]},"properties":{"OBJECTID":150338,"GEOID20":"360610140006","GEOID10":"360610140006","STATEFP":"36","COUNTYFP":"061","D1C":53.88848185658464,"D1C5_RET":2.5737782379264305,"D2B_E5MIXA":0.67380178946596192,"D3A":46.132196535331033,"D3AAO":0,"D3B":102.95112951705721,"D4A":261.51999999999998,"D4C":238,"D4D":24502.368825099999,"D5AR":743286,"D5BR":3598354}},{"type":"Feature","id":150339,"geometry":{"type":"Polygon","coordinates":[[[-73.957795436641291,40.773608269587612],[-73.958256435875413,40.772973269765174],[-73.956016436408817,40.772028269238703],[-73.95555443555314,40.772662269887903],[-73.957795436641291,40.773608269587612]]]},"properties":{"OBJECTID":150339,"GEOID20":"360610134001","GEOID10":"360610134001","STATEFP":"36","COUNTYFP":"061","D1C":74.345384820888839,"D1C5_RET":16.030723602004155,"D2B_E5MIXA":0.98288452124322867,"D3A":28.120350040696675,"D3AAO":7.4761964733009245,"D3B":0,"D4A":260.18000000000001,"D4C":112.67,"D4D":16752.989015499999,"D5AR":772625,"D5BR":3495062}},{"type":"Feature","id":150340,"geometry":{"type":"Polygon","coordinates":[[[-73.979077442901982,40.766884267703013],[-73.979545442707135,40.766205267618652],[-73.976704442467664,40.765004267322837],[-73.97623544283762,40.765683268791982],[-73.979077442901982,40.766884267703013]]]},"properties":{"OBJECTID":150340,"GEOID20":"360610137001","GEOID10":"360610137001","STATEFP":"36","COUNTYFP":"061","D1C":155.87820342264891,"D1C5_RET":4.8495441064824103,"D2B_E5MIXA":0.60886839462173414,"D3A":18.814318327009264,"D3AAO":0,"D3B":0,"D4A":105.95,"D4C":362.32999999999998,"D4D":40163.092939499998,"D5AR":894565,"D5BR":3614602}},{"type":"Feature","id":150341,"geometry":{"type":"Polygon","coordinates":[[[-73.982381443822021,40.767408267542322],[-73.982878444837823,40.766723267265348],[-73.980037442801716,40.765529267846574],[-73.979077442901982,40.766884267703013],[-73.981432443792954,40.767882267810805],[-73.981845444244826,40.767682267989265],[-73.982148444193513,40.767738267673394],[-73.982381443822021,40.767408267542322]]]},"properties":{"OBJECTID":150341,"GEOID20":"360610137004","GEOID10":"360610137004","STATEFP":"36","COUNTYFP":"061","D1C":383.35062053164739,"D1C5_RET":9.7220143410771449,"D2B_E5MIXA":0.6636338047073671,"D3A":28.501662833015256,"D3AAO":3.6704870713151387,"D3B":57.083386956783229,"D4A":0,"D4C":343,"D4D":19579.601726199999,"D5AR":848038,"D5BR":3640065}},{"type":"Feature","id":150348,"geometry":{"type":"Polygon","coordinates":[[[-73.975982442219319,40.781275270846088],[-73.976429443006381,40.780662271147037],[-73.97357244197508,40.779486270092391],[-73.971224441655124,40.782714270997531],[-73.974059442046808,40.78390927096823],[-73.975982442219319,40.781275270846088]]]},"properties":{"OBJECTID":150348,"GEOID20":"360610165001","GEOID10":"360610165001","STATEFP":"36","COUNTYFP":"061","D1C":82.396012527016893,"D1C5_RET":5.1166688721273879,"D2B_E5MIXA":0.81005853500350533,"D3A":26.939920985156714,"D3AAO":0,"D3B":306.94351977159329,"D4A":140.81999999999999,"D4C":77,"D4D":1772.11149602,"D5AR":728045,"D5BR":2460602}},{"type":"Feature","id":150351,"geometry":{"type":"Polygon","coordinates":[[[-73.96316143944766,40.7777802699418],[-73.963231438869528,40.777685270545959],[-73.961629438189078,40.77701127118916],[-73.96070243790129,40.778280271289361],[-73.962304438581768,40.778955270642037],[-73.96316143944766,40.7777802699418]]]},"properties":{"OBJECTID":150351,"GEOID20":"360610142005","GEOID10":"360610142005","STATEFP":"36","COUNTYFP":"061","D1C":410.11475747725058,"D1C5_RET":2.7589833308718874,"D2B_E5MIXA":0.28075760522999593,"D3A":33.322403157630987,"D3AAO":0,"D3B":0,"D4A":114,"D4C":107,"D4D":11113.841965600001,"D5AR":673004,"D5BR":3185269}},{"type":"Feature","id":150352,"geometry":{"type":"Polygon","coordinates":[[[-73.953674435936634,40.779255271629467],[-73.953985435382947,40.778830271758089],[-73.95174443429481,40.777883270944848],[-73.951249433827172,40.778559270882916],[-73.953493436186676,40.779504271025502],[-73.953674435936634,40.779255271629467]]]},"properties":{"OBJECTID":150352,"GEOID20":"360610146022","GEOID10":"360610146022","STATEFP":"36","COUNTYFP":"061","D1C":77.628765679293465,"D1C5_RET":36.633799534048599,"D2B_E5MIXA":0.77178899462438189,"D3A":27.365847813870133,"D3AAO":11.960132006332126,"D3B":0,"D4A":136.78999999999999,"D4C":208.33000000000001,"D4D":29073.9788835,"D5AR":740645,"D5BR":3537400}},{"type":"Feature","id":150353,"geometry":{"type":"Polygon","coordinates":[[[-73.956709437243191,40.780864271867031],[-73.955094435245599,40.78018027147322],[-73.954177435003572,40.781437271984132],[-73.955794436650976,40.782118271300419],[-73.956709437243191,40.780864271867031]]]},"properties":{"OBJECTID":150353,"GEOID20":"360610148023","GEOID10":"360610148023","STATEFP":"36","COUNTYFP":"061","D1C":115.33921946733685,"D1C5_RET":10.559224317432246,"D2B_E5MIXA":0.50361217776409584,"D3A":32.764303742215091,"D3AAO":0,"D3B":103.96774712548672,"D4A":287,"D4C":254.33000000000001,"D4D":26442.1171264,"D5AR":705268,"D5BR":3596296}},{"type":"Feature","id":150354,"geometry":{"type":"Polygon","coordinates":[[[-73.949112434292715,40.785501271920893],[-73.949333434225665,40.785202273149928],[-73.944724432726048,40.783255272547024],[-73.943320432412321,40.785182272695025],[-73.947925434612259,40.787129272578625],[-73.949112434292715,40.785501271920893]]]},"properties":{"OBJECTID":150354,"GEOID20":"360610156021","GEOID10":"360610156021","STATEFP":"36","COUNTYFP":"061","D1C":91.759518915186675,"D1C5_RET":0.26046903179493375,"D2B_E5MIXA":0.15746761278927898,"D3A":26.047318948428952,"D3AAO":3.8601000085782489,"D3B":47.652437268266283,"D4A":84.489999999999995,"D4C":155.33000000000001,"D4D":3699.0770019400002,"D5AR":939931,"D5BR":3728159}},{"type":"Feature","id":150355,"geometry":{"type":"Polygon","coordinates":[[[-73.954418435926314,40.784000271502833],[-73.954878436233841,40.783371272345747],[-73.953261436383073,40.782690272272603],[-73.951884434935209,40.784573272453351],[-73.953504436057329,40.785255272795943],[-73.954418435926314,40.784000271502833]]]},"properties":{"OBJECTID":150355,"GEOID20":"360610158013","GEOID10":"360610158013","STATEFP":"36","COUNTYFP":"061","D1C":39.33069728093021,"D1C5_RET":2.8170747363751665,"D2B_E5MIXA":0.68947481012048517,"D3A":40.645617143266747,"D3AAO":0,"D3B":138.68675625231589,"D4A":289.68000000000001,"D4C":181.66999999999999,"D4D":12597.6115042,"D5AR":687250,"D5BR":3600572}},{"type":"Feature","id":150356,"geometry":{"type":"Polygon","coordinates":[[[-73.982639445361528,40.784983271751578],[-73.983298444962358,40.784361270758353],[-73.981663444669948,40.783669270641923],[-73.980667443886887,40.785035271037138],[-73.982005444976721,40.785599271241026],[-73.982639445361528,40.784983271751578]]]},"properties":{"OBJECTID":150356,"GEOID20":"360610167002","GEOID10":"360610167002","STATEFP":"36","COUNTYFP":"061","D1C":21.728780673461831,"D1C5_RET":0,"D2B_E5MIXA":0.57980581056684288,"D3A":26.892111807179379,"D3AAO":0,"D3B":0,"D4A":0,"D4C":71.670000000000002,"D4D":7493.7826688300001,"D5AR":800459,"D5BR":2345489}},{"type":"Feature","id":150357,"geometry":{"type":"Polygon","coordinates":[[[-73.974617443161947,40.793333273463311],[-73.975076443644568,40.792704273611577],[-73.973654443787481,40.792104272759452],[-73.972740442121861,40.793361272701858],[-73.974163443600503,40.793960274035406],[-73.974617443161947,40.793333273463311]]]},"properties":{"OBJECTID":150357,"GEOID20":"360610179004","GEOID10":"360610179004","STATEFP":"36","COUNTYFP":"061","D1C":63.632367106668461,"D1C5_RET":15.353158342597332,"D2B_E5MIXA":0.76886283500419628,"D3A":42.094293591959207,"D3AAO":0,"D3B":0,"D4A":105.95,"D4C":117.67,"D4D":13930.4569999,"D5AR":692554,"D5BR":2514978}},{"type":"Feature","id":150358,"geometry":{"type":"Polygon","coordinates":[[[-73.944788434995104,40.797193275013562],[-73.945097434791592,40.796772274395437],[-73.943484434240489,40.796081274767118],[-73.942121433036291,40.797952274703142],[-73.943743432909926,40.798624275781108],[-73.944788434995104,40.797193275013562]]]},"properties":{"OBJECTID":150358,"GEOID20":"360610182005","GEOID10":"360610182005","STATEFP":"36","COUNTYFP":"061","D1C":5.0437413534785627,"D1C5_RET":0,"D2B_E5MIXA":0,"D3A":24.976547236250894,"D3AAO":0,"D3B":0,"D4A":238.72,"D4C":132.33000000000001,"D4D":9286.0979938199998,"D5AR":720100,"D5BR":3065037}},{"type":"Feature","id":150359,"geometry":{"type":"Polygon","coordinates":[[[-73.9478174337589,40.798813275411113],[-73.948312435124876,40.798137274895268],[-73.946701435121881,40.797458274611778],[-73.94536043455733,40.799295275176064],[-73.946975434758272,40.799969276199263],[-73.9478174337589,40.798813275411113]]]},"properties":{"OBJECTID":150359,"GEOID20":"360610184004","GEOID10":"360610184004","STATEFP":"36","COUNTYFP":"061","D1C":19.446792402473498,"D1C5_RET":3.7999479407132126,"D2B_E5MIXA":0.30691597928597641,"D3A":16.354265576198387,"D3AAO":0,"D3B":0,"D4A":240.06,"D4C":159.66999999999999,"D4D":11420.9447095,"D5AR":720085,"D5BR":3541518}},{"type":"Feature","id":150360,"geometry":{"type":"Polygon","coordinates":[[[-73.960066438764983,40.800594276057986],[-73.96052843962066,40.799966274588527],[-73.959078439276155,40.799360274887874],[-73.958196438295914,40.800561275643531],[-73.959648438290245,40.801164275063215],[-73.960066438764983,40.800594276057986]]]},"properties":{"OBJECTID":150360,"GEOID20":"360610193001","GEOID10":"360610193001","STATEFP":"36","COUNTYFP":"061","D1C":13.507420520244958,"D1C5_RET":4.7561339860017462,"D2B_E5MIXA":0.66826033425086395,"D3A":38.397669964354819,"D3AAO":0,"D3B":162.41805974072426,"D4A":124.72,"D4C":76.670000000000002,"D4D":9334.7770916999998,"D5AR":639208,"D5BR":2503440}},{"type":"Feature","id":150361,"geometry":{"type":"Polygon","coordinates":[[[-73.939681433553147,40.815727279823541],[-73.93991043298368,40.815412278607653],[-73.936689432802638,40.814052277621471],[-73.935757432491982,40.815334279318705],[-73.938992432916748,40.816671278517674],[-73.939681433553147,40.815727279823541]]]},"properties":{"OBJECTID":150361,"GEOID20":"360610212001","GEOID10":"360610212001","STATEFP":"36","COUNTYFP":"061","D1C":23.861986590514793,"D1C5_RET":0.40307409781274989,"D2B_E5MIXA":0.25925381766496713,"D3A":19.447183583316271,"D3AAO":0,"D3B":172.01267738978663,"D4A":205.19,"D4C":72,"D4D":3714.7308854399998,"D5AR":769791,"D5BR":2648672}},{"type":"Feature","id":150362,"geometry":{"type":"Polygon","coordinates":[[[-73.949280435420519,40.80767627675931],[-73.949741436451291,40.807048277023554],[-73.946901435138415,40.805847276695246],[-73.944995434684358,40.808454276314663],[-73.947840435121762,40.809649277430523],[-73.949280435420519,40.80767627675931]]]},"properties":{"OBJECTID":150362,"GEOID20":"360610222002","GEOID10":"360610222002","STATEFP":"36","COUNTYFP":"061","D1C":74.574213909397727,"D1C5_RET":25.37842566653547,"D2B_E5MIXA":0.79327073751628596,"D3A":34.37434296567136,"D3AAO":0,"D3B":85.635460948590676,"D4A":238.72,"D4C":104.33,"D4D":2978.1158802599998,"D5AR":658514,"D5BR":3462407}},{"type":"Feature","id":150363,"geometry":{"type":"Polygon","coordinates":[[[-73.95321843762369,40.822651279121146],[-73.953677439004636,40.822027278956682],[-73.952912438200258,40.821705279906865],[-73.949695437318852,40.823612280466605],[-73.951854438391237,40.824518280037687],[-73.95321843762369,40.822651279121146]]]},"properties":{"OBJECTID":150363,"GEOID20":"360610225003","GEOID10":"360610225003","STATEFP":"36","COUNTYFP":"061","D1C":12.056888716059383,"D1C5_RET":3.0822121529775868,"D2B_E5MIXA":0.77136601499477964,"D3A":36.797081371029215,"D3AAO":0,"D3B":116.03622222974442,"D4A":254.81,"D4C":82,"D4D":4757.4851114200001,"D5AR":706400,"D5BR":2579582}},{"type":"Feature","id":150364,"geometry":{"type":"Polygon","coordinates":[[[-73.943700435048854,40.815314278422882],[-73.94419443389495,40.814642278403753],[-73.941348434530951,40.813446278039343],[-73.940370433291235,40.814782278487463],[-73.943211434429003,40.815984278975954],[-73.943700435048854,40.815314278422882]]]},"properties":{"OBJECTID":150364,"GEOID20":"360610228002","GEOID10":"360610228002","STATEFP":"36","COUNTYFP":"061","D1C":38.730473310557912,"D1C5_RET":0.60651747913625365,"D2B_E5MIXA":0.20552583923299175,"D3A":38.185474559602795,"D3AAO":0,"D3B":110.90605332777209,"D4A":0,"D4C":84.329999999999998,"D4D":4676.3537385700001,"D5AR":799580,"D5BR":2562921}},{"type":"Feature","id":150365,"geometry":{"type":"Polygon","coordinates":[[[-73.941844433925169,40.817855278723137],[-73.942300434034749,40.817234279138709],[-73.939458433970387,40.816035279067627],[-73.93854043300513,40.817290279195213],[-73.941392434013551,40.818479279386203],[-73.941844433925169,40.817855278723137]]]},"properties":{"OBJECTID":150365,"GEOID20":"360610230002","GEOID10":"360610230002","STATEFP":"36","COUNTYFP":"061","D1C":14.592124739951144,"D1C5_RET":0.55766081808730483,"D2B_E5MIXA":0.64306866405559582,"D3A":32.994167477784451,"D3AAO":0,"D3B":59.483820595979182,"D4A":261.51999999999998,"D4C":87.329999999999998,"D4D":5194.7220526499996,"D5AR":782289,"D5BR":2544703}},{"type":"Feature","id":150366,"geometry":{"type":"Polygon","coordinates":[[[-73.9384604335375,40.826342280428548],[-73.939352434563489,40.825906281042791],[-73.936788433435154,40.824819279701181],[-73.934933433034686,40.827318281141615],[-73.934935432684526,40.828031282042588],[-73.9384604335375,40.826342280428548]]]},"properties":{"OBJECTID":150366,"GEOID20":"360610236002","GEOID10":"360610236002","STATEFP":"36","COUNTYFP":"061","D1C":2.8738317137203802,"D1C5_RET":0.22106397797849078,"D2B_E5MIXA":0.16849943135221637,"D3A":39.917247277040673,"D3AAO":0,"D3B":141.48094590623407,"D4A":236.03999999999999,"D4C":105.67,"D4D":4983.4305179700004,"D5AR":770014,"D5BR":1837381}},{"type":"Feature","id":150375,"geometry":{"type":"Polygon","coordinates":[[[-73.969133439456471,40.760937266765858],[-73.969626439375986,40.760259267389273],[-73.968025439418739,40.759586266370363],[-73.966584438396765,40.761560267519478],[-73.968188438727054,40.762235267319596],[-73.969133439456471,40.760937266765858]]]},"properties":{"OBJECTID":150375,"GEOID20":"360610112031","GEOID10":"360610112031","STATEFP":"36","COUNTYFP":"061","D1C":1126.6004982490995,"D1C5_RET":101.33554184918643,"D2B_E5MIXA":0.56248873052730475,"D3A":24.128891825472586,"D3AAO":0.82372279826430694,"D3B":0,"D4A":0,"D4C":512,"D4D":34232.6086115,"D5AR":1055417,"D5BR":4189278}},{"type":"Feature","id":150376,"geometry":{"type":"Polygon","coordinates":[[[-73.964756438658782,40.766935268102593],[-73.96498943828729,40.766617268974407],[-73.963402437675455,40.765919268894436],[-73.962471438088031,40.767193268523563],[-73.96407843789305,40.767868269625424],[-73.964756438658782,40.766935268102593]]]},"properties":{"OBJECTID":150376,"GEOID20":"360610120001","GEOID10":"360610120001","STATEFP":"36","COUNTYFP":"061","D1C":223.35283605485802,"D1C5_RET":33.608973139007119,"D2B_E5MIXA":0.57749557975335253,"D3A":40.672737878989118,"D3AAO":3.7661308839150709,"D3B":0,"D4A":163.62,"D4C":237,"D4D":24746.645853000002,"D5AR":899266,"D5BR":3645270}},{"type":"Feature","id":150377,"geometry":{"type":"Polygon","coordinates":[[[-73.969130439981754,40.766724268076416],[-73.969586440091319,40.766099267821112],[-73.967975439190027,40.76542126803102],[-73.966608439584533,40.767299268617194],[-73.968216439214444,40.767976268185741],[-73.969130439981754,40.766724268076416]]]},"properties":{"OBJECTID":150377,"GEOID20":"360610122002","GEOID10":"360610122002","STATEFP":"36","COUNTYFP":"061","D1C":101.49900134498209,"D1C5_RET":13.781114406754034,"D2B_E5MIXA":0.79000008059558413,"D3A":29.706875973396333,"D3AAO":10.416001625243597,"D3B":0,"D4A":140.81999999999999,"D4C":324,"D4D":22679.776852300001,"D5AR":918986,"D5BR":4380029}},{"type":"Feature","id":150491,"geometry":{"type":"Polygon","coordinates":[[[-73.975165438841444,40.724885259756775],[-73.973487437993001,40.724169259722004],[-73.973282438851911,40.724287259350739],[-73.973171438523835,40.724250259478126],[-73.972086438052301,40.726070260793513],[-73.97185843934497,40.72676725983353],[-73.973299439468661,40.727436260644183],[-73.975165438841444,40.724885259756775]]]},"properties":{"OBJECTID":150491,"GEOID20":"360610024002","GEOID10":"360610024002","STATEFP":"36","COUNTYFP":"061","D1C":0.15010698875623602,"D1C5_RET":0,"D2B_E5MIXA":0.43067655807339306,"D3A":27.339339097908024,"D3AAO":10.270057748738024,"D3B":95.5949290288046,"D4A":227.99000000000001,"D4C":47.670000000000002,"D4D":2277.3664501799999,"D5AR":856576,"D5BR":2122644}},{"type":"Feature","id":150924,"geometry":{"type":"Polygon","coordinates":[[[-73.979966440859968,40.71759825796191],[-73.979993440624142,40.717548258036061],[-73.979402439897058,40.717313258017626],[-73.978784440304068,40.717207257894337],[-73.978314440849104,40.717214258575702],[-73.978216440041507,40.717533259276536],[-73.977552439519471,40.718484258644189],[-73.977225439281312,40.71931825882632],[-73.978754440166853,40.719942258854161],[-73.979966440859968,40.71759825796191]]]},"properties":{"OBJECTID":150924,"GEOID20":"360610010021","GEOID10":"360610010021","STATEFP":"36","COUNTYFP":"061","D1C":2.2816454175210232,"D1C5_RET":0,"D2B_E5MIXA":0.11112259213924196,"D3A":18.757381336721522,"D3AAO":0,"D3B":0,"D4A":199.83000000000001,"D4C":26,"D4D":1650.72085859,"D5AR":925690,"D5BR":2172268}},{"type":"Feature","id":150998,"geometry":{"type":"Polygon","coordinates":[[[-74.002773447808238,40.728453259809427],[-74.002809448691565,40.728373259749524],[-74.001391447235804,40.72766825953083],[-74.000436447358936,40.728802259686113],[-74.001191448117581,40.729176259468979],[-74.000500447831371,40.72999625975406],[-74.001685447861988,40.730589259267816],[-74.002773447808238,40.728453259809427]]]},"properties":{"OBJECTID":150998,"GEOID20":"360610065003","GEOID10":"360610065003","STATEFP":"36","COUNTYFP":"061","D1C":102.79416676918935,"D1C5_RET":6.6282577479586573,"D2B_E5MIXA":0.67133736050133708,"D3A":36.114566557866709,"D3AAO":4.8374525869543206,"D3B":71.899745062602378,"D4A":135.44999999999999,"D4C":205.66999999999999,"D4D":14787.620567,"D5AR":712279,"D5BR":3723849}},{"type":"Feature","id":150999,"geometry":{"type":"Polygon","coordinates":[[[-73.942603435780086,40.837188282879538],[-73.943053436041879,40.836565283331495],[-73.939776434886014,40.835191282138517],[-73.940103435124158,40.836953282291155],[-73.942142434749314,40.837811282689394],[-73.942603435780086,40.837188282879538]]]},"properties":{"OBJECTID":150999,"GEOID20":"360610245004","GEOID10":"360610245004","STATEFP":"36","COUNTYFP":"061","D1C":27.295084518880557,"D1C5_RET":8.5670703234442627,"D2B_E5MIXA":0.89656428028372348,"D3A":38.158724691905462,"D3AAO":0,"D3B":63.754941941910786,"D4A":215.91999999999999,"D4C":129.66999999999999,"D4D":8267.1033216100004,"D5AR":651861,"D5BR":2354304}},{"type":"Feature","id":151004,"geometry":{"type":"Polygon","coordinates":[[[-73.999189447404035,40.734142260708317],[-73.999020447349622,40.73415726048998],[-73.9959154457229,40.73285526058482],[-73.995490446473781,40.733445260634028],[-73.998715446852771,40.734792260852295],[-73.999189447404035,40.734142260708317]]]},"properties":{"OBJECTID":151004,"GEOID20":"360610063003","GEOID10":"360610063003","STATEFP":"36","COUNTYFP":"061","D1C":92.796625328619101,"D1C5_RET":1.7442974685830659,"D2B_E5MIXA":0.65047636704992895,"D3A":13.707737168219486,"D3AAO":5.5576274167841397,"D3B":0,"D4A":261.51999999999998,"D4C":341.32999999999998,"D4D":38104.387516900002,"D5AR":676384,"D5BR":5089021}},{"type":"Feature","id":151005,"geometry":{"type":"Polygon","coordinates":[[[-73.997505446707791,40.714077257266993],[-73.994141444614982,40.714277257640113],[-73.994579446079541,40.715095257201988],[-73.993096444326426,40.7179302571707],[-73.99480944533498,40.718465258030903],[-73.996060446386181,40.716240258046071],[-73.997505446707791,40.714077257266993]]]},"properties":{"OBJECTID":151005,"GEOID20":"360610016001","GEOID10":"360610016001","STATEFP":"36","COUNTYFP":"061","D1C":68.447336114565999,"D1C5_RET":9.3483802856628611,"D2B_E5MIXA":0.86059209880717091,"D3A":53.918009058101291,"D3AAO":15.197761931180857,"D3B":102.15313038428852,"D4A":140.81999999999999,"D4C":126.33,"D4D":3870.7273429699999,"D5AR":794537,"D5BR":4926151}},{"type":"Feature","id":151006,"geometry":{"type":"Polygon","coordinates":[[[-73.99402144676101,40.756535266002388],[-73.994469447372978,40.755917264530218],[-73.991634446981294,40.754715265154665],[-73.989792446101319,40.757242266386385],[-73.99263444616571,40.758438265491982],[-73.99402144676101,40.756535266002388]]]},"properties":{"OBJECTID":151006,"GEOID20":"360610115001","GEOID10":"360610115001","STATEFP":"36","COUNTYFP":"061","D1C":573.39510049992191,"D1C5_RET":22.580052981191173,"D2B_E5MIXA":0.82939205974957442,"D3A":31.02669507030037,"D3AAO":5.3726190579135205,"D3B":0,"D4A":0,"D4C":673.66999999999996,"D4D":19868.087238299999,"D5AR":961356,"D5BR":3483061}},{"type":"Feature","id":151007,"geometry":{"type":"Polygon","coordinates":[[[-73.94901443528174,40.79428927449743],[-73.949509435749377,40.793614273884593],[-73.947897435023165,40.79293627332175],[-73.946043434447631,40.795475274963309],[-73.94764643405469,40.796165274411152],[-73.94901443528174,40.79428927449743]]]},"properties":{"OBJECTID":151007,"GEOID20":"360610174011","GEOID10":"360610174011","STATEFP":"36","COUNTYFP":"061","D1C":23.20366379405846,"D1C5_RET":0,"D2B_E5MIXA":0.17822121676154154,"D3A":28.84288775593965,"D3AAO":0,"D3B":85.956683432656547,"D4A":183.72999999999999,"D4C":114,"D4D":5878.2614944899997,"D5AR":570204,"D5BR":3340124}},{"type":"Feature","id":151008,"geometry":{"type":"Polygon","coordinates":[[[-73.952187434883911,40.773028270396942],[-73.949938434298147,40.772081270552704],[-73.949477434165701,40.772716270056357],[-73.951724435101625,40.773665269746246],[-73.952187434883911,40.773028270396942]]]},"properties":{"OBJECTID":151008,"GEOID20":"360610136003","GEOID10":"360610136003","STATEFP":"36","COUNTYFP":"061","D1C":54.088703809980565,"D1C5_RET":5.3164110582459525,"D2B_E5MIXA":0.96289998506937979,"D3A":34.474120095111367,"D3AAO":0,"D3B":147.93491640336563,"D4A":185.06999999999999,"D4C":36.670000000000002,"D4D":5424.7733845100001,"D5AR":855396,"D5BR":3059938}},{"type":"Feature","id":151009,"geometry":{"type":"Polygon","coordinates":[[[-73.984779446167337,40.782491271344448],[-73.985073446793535,40.781788271167223],[-73.983516445420591,40.781134270906961],[-73.982591444782628,40.782401270677589],[-73.984453445754099,40.783200270859453],[-73.984779446167337,40.782491271344448]]]},"properties":{"OBJECTID":151009,"GEOID20":"360610163002","GEOID10":"360610163002","STATEFP":"36","COUNTYFP":"061","D1C":76.357419119233768,"D1C5_RET":0,"D2B_E5MIXA":0.31793693881094415,"D3A":30.066872414847406,"D3AAO":0,"D3B":257.57508856784494,"D4A":152.88999999999999,"D4C":124,"D4D":11975.744650299999,"D5AR":743449,"D5BR":2196942}},{"type":"Feature","id":151010,"geometry":{"type":"Polygon","coordinates":[[[-74.001949449249267,40.736422261547141],[-74.001206449084492,40.733851260462536],[-73.999654447734443,40.734078261102603],[-74.001096447683025,40.736572260197399],[-74.001949449249267,40.736422261547141]]]},"properties":{"OBJECTID":151010,"GEOID20":"360610071004","GEOID10":"360610071004","STATEFP":"36","COUNTYFP":"061","D1C":81.096615510956653,"D1C5_RET":6.1775379724715771,"D2B_E5MIXA":0.76151364839835389,"D3A":46.282247857249587,"D3AAO":6.4500685678800034,"D3B":140.22748323554202,"D4A":214.58000000000001,"D4C":337,"D4D":28348.3274447,"D5AR":716911,"D5BR":2939025}},{"type":"Feature","id":151012,"geometry":{"type":"Polygon","coordinates":[[[-74.003569450371401,40.76380726643351],[-74.003768450563015,40.763572266493718],[-74.001493450038012,40.762561266509096],[-74.001717450343989,40.762216266271878],[-74.001037449030107,40.761976266500248],[-73.999222449710928,40.763334266538727],[-73.998490449416835,40.764250266776294],[-73.9936104477556,40.762192266946087],[-73.991789447690337,40.764692266726492],[-73.996879449413854,40.766839267357945],[-73.996934448767135,40.767147268263471],[-74.000269449649309,40.768519267510129],[-74.000599450260509,40.768231266962637],[-73.997474448542292,40.766805267727165],[-73.997935448674738,40.766128267114979],[-74.00124945053885,40.767437267625724],[-74.001709449948081,40.766886266598803],[-73.998278449704728,40.765405266985042],[-73.998901448422259,40.764602266439283],[-74.002061451198884,40.765920266996133],[-74.002305449799735,40.765504266846534],[-73.999181449703059,40.76415026623819],[-73.999651450056348,40.763545265761223],[-73.99989444973059,40.763428265862323],[-74.002865451463009,40.764701266816566],[-74.003145450048862,40.764385266175459],[-74.001032450803876,40.763356266450216],[-74.001348449374731,40.762911266576495],[-74.003569450371401,40.76380726643351]]]},"properties":{"OBJECTID":151012,"GEOID20":"360610129001","GEOID10":"360610129001","STATEFP":"36","COUNTYFP":"061","D1C":76.22277574117571,"D1C5_RET":2.7822487471299029,"D2B_E5MIXA":0.78871634007666269,"D3A":29.091451383437796,"D3AAO":7.3774262318053712,"D3B":77.766740410844605,"D4A":229.33000000000001,"D4C":27,"D4D":262.39714959899999,"D5AR":842712,"D5BR":2458965}},{"type":"Feature","id":151013,"geometry":{"type":"Polygon","coordinates":[[[-73.953189434616434,40.771665270193232],[-73.953650434748866,40.771032269620946],[-73.949937434473227,40.769477268759573],[-73.949455433526083,40.77009327054212],[-73.953189434616434,40.771665270193232]]]},"properties":{"OBJECTID":151013,"GEOID20":"360610132002","GEOID10":"360610132002","STATEFP":"36","COUNTYFP":"061","D1C":49.465769687376344,"D1C5_RET":2.3822042059076423,"D2B_E5MIXA":0.66830185817569698,"D3A":9.0235786781702192,"D3AAO":0,"D3B":89.682981869464186,"D4A":122.04000000000001,"D4C":36.670000000000002,"D4D":3288.67494515,"D5AR":789817,"D5BR":2574815}},{"type":"Feature","id":151086,"geometry":{"type":"Polygon","coordinates":[[[-73.983445442580518,40.722027258388188],[-73.983825442522118,40.721481258169732],[-73.978754440166853,40.719942258854161],[-73.978232440833352,40.720682258083279],[-73.982965442181495,40.722679259322845],[-73.983445442580518,40.722027258388188]]]},"properties":{"OBJECTID":151086,"GEOID20":"360610022021","GEOID10":"360610022021","STATEFP":"36","COUNTYFP":"061","D1C":36.998905005506131,"D1C5_RET":1.7309429242342049,"D2B_E5MIXA":0.7785537034458867,"D3A":35.298452398009154,"D3AAO":0,"D3B":153.89236558391573,"D4A":63.030000000000001,"D4C":26,"D4D":1200.1204274700001,"D5AR":839514,"D5BR":3027030}},{"type":"Feature","id":151099,"geometry":{"type":"Polygon","coordinates":[[[-74.016607451979709,40.704971254179192],[-74.016568451621652,40.704782254565082],[-74.014290450723564,40.704557254876477],[-74.013287450267825,40.70466325539045],[-74.013357450588032,40.705423254828482],[-74.013255450480784,40.705879254550553],[-74.011013449567713,40.708602255968863],[-74.01208845089181,40.709086255734377],[-74.012145449894902,40.709001255321098],[-74.012993449641641,40.709362255398823],[-74.013593451487907,40.707976255894756],[-74.014383451508309,40.708232255615911],[-74.014699450977503,40.707412255494624],[-74.015514451112281,40.70771525486537],[-74.016607451979709,40.704971254179192]]]},"properties":{"OBJECTID":151099,"GEOID20":"360610013002","GEOID10":"360610013002","STATEFP":"36","COUNTYFP":"061","D1C":865.64774779705544,"D1C5_RET":22.884625909911883,"D2B_E5MIXA":0.70713081826446911,"D3A":56.851088052019428,"D3AAO":17.920487117950643,"D3B":175.29257433792665,"D4A":152.88999999999999,"D4C":395.67000000000002,"D4D":8320.2990508999992,"D5AR":775534,"D5BR":6963967}},{"type":"Feature","id":151100,"geometry":{"type":"Polygon","coordinates":[[[-73.99022644377466,40.714540257250263],[-73.990221443751807,40.714413257959151],[-73.989338442946632,40.714141257724137],[-73.987166443252093,40.714320256995002],[-73.987075442117174,40.715249257843254],[-73.986722441939762,40.715960257440607],[-73.989156443371755,40.716716258551578],[-73.99022644377466,40.714540257250263]]]},"properties":{"OBJECTID":151100,"GEOID20":"360610014011","GEOID10":"360610014011","STATEFP":"36","COUNTYFP":"061","D1C":29.932429562723609,"D1C5_RET":8.9999534833864914,"D2B_E5MIXA":0.79770948785766826,"D3A":12.88039074562333,"D3AAO":0,"D3B":76.231579660693157,"D4A":258.83999999999997,"D4C":96.670000000000002,"D4D":4420.6999434899999,"D5AR":877552,"D5BR":3869563}},{"type":"Feature","id":151101,"geometry":{"type":"Polygon","coordinates":[[[-73.986201442431181,40.716907258056473],[-73.986722441939762,40.715960257440607],[-73.98501444275071,40.715446258117694],[-73.983396441278401,40.718579258224864],[-73.985075441951764,40.719091258217311],[-73.986201442431181,40.716907258056473]]]},"properties":{"OBJECTID":151101,"GEOID20":"360610014022","GEOID10":"360610014022","STATEFP":"36","COUNTYFP":"061","D1C":24.887039253249284,"D1C5_RET":4.8214207100312008,"D2B_E5MIXA":0.61931843048575108,"D3A":44.365465377609461,"D3AAO":8.5611225858450837,"D3B":121.02333208144198,"D4A":241.40000000000001,"D4C":93.670000000000002,"D4D":4250.5644979600002,"D5AR":866600,"D5BR":3868872}},{"type":"Feature","id":151102,"geometry":{"type":"Polygon","coordinates":[[[-74.008602450396879,40.711400255751769],[-74.00906444945592,40.710895255834487],[-74.005513447765352,40.709101255715915],[-74.003867447602289,40.710490256524544],[-74.003643448194609,40.710982256449263],[-74.00341244821594,40.711082255911926],[-74.003312447758503,40.71132325579071],[-74.003538447714305,40.711503256108692],[-74.004182448144874,40.711695256547124],[-74.004978448013077,40.712290256921541],[-74.00750844880622,40.71167725563582],[-74.008080449266743,40.711729255758428],[-74.008228449404754,40.711555255686299],[-74.007969448938681,40.71145525625306],[-74.008349448880267,40.711367255973869],[-74.008602450396879,40.711400255751769]]]},"properties":{"OBJECTID":151102,"GEOID20":"360610015011","GEOID10":"360610015011","STATEFP":"36","COUNTYFP":"061","D1C":558.88145537612343,"D1C5_RET":14.809120855020444,"D2B_E5MIXA":0.65356953071150592,"D3A":46.777639307872192,"D3AAO":8.0993537729342115,"D3B":211.23880653569472,"D4A":181.05000000000001,"D4C":466,"D4D":12837.4131254,"D5AR":850293,"D5BR":6359043}},{"type":"Feature","id":151103,"geometry":{"type":"Polygon","coordinates":[[[-74.009989449195558,40.709814256207629],[-74.010543449214424,40.709162255923857],[-74.009372448529192,40.708622255634907],[-74.008270449237557,40.707730255155731],[-74.007460449125645,40.707227255333599],[-74.00703644790481,40.707586255497318],[-74.006532449012965,40.708235254561416],[-74.005513447765352,40.709101255715915],[-74.00906444945592,40.710895255834487],[-74.009989449195558,40.709814256207629]]]},"properties":{"OBJECTID":151103,"GEOID20":"360610015021","GEOID10":"360610015021","STATEFP":"36","COUNTYFP":"061","D1C":860.42367886546162,"D1C5_RET":19.833922372539806,"D2B_E5MIXA":0.65875672431444388,"D3A":38.246471870953862,"D3AAO":0,"D3B":134.50987902214186,"D4A":182.38999999999999,"D4C":415,"D4D":12879.926117700001,"D5AR":888601,"D5BR":6830300}},{"type":"Feature","id":151104,"geometry":{"type":"Polygon","coordinates":[[[-73.990975442888882,40.718356257848114],[-73.987880442206205,40.717417258270068],[-73.98736144324576,40.71837825834286],[-73.990437443661861,40.719326258086845],[-73.990975442888882,40.718356257848114]]]},"properties":{"OBJECTID":151104,"GEOID20":"360610018002","GEOID10":"360610018002","STATEFP":"36","COUNTYFP":"061","D1C":105.17020576191096,"D1C5_RET":16.122790977651444,"D2B_E5MIXA":0.85694725993913756,"D3A":49.58863762015303,"D3AAO":13.719953942123766,"D3B":132.31602490951363,"D4A":167.63999999999999,"D4C":131.33000000000001,"D4D":10424.1533002,"D5AR":766467,"D5BR":3044382}},{"type":"Feature","id":151105,"geometry":{"type":"Polygon","coordinates":[[[-73.991507444064766,40.721036258548246],[-73.992119444708266,40.719840257409942],[-73.990437443661861,40.719326258086845],[-73.989858443528632,40.720541257593055],[-73.991507444064766,40.721036258548246]]]},"properties":{"OBJECTID":151105,"GEOID20":"360610018004","GEOID10":"360610018004","STATEFP":"36","COUNTYFP":"061","D1C":79.121339609372356,"D1C5_RET":2.9857109286555605,"D2B_E5MIXA":0.31324777665386344,"D3A":22.510554611610779,"D3AAO":11.112733252798195,"D3B":0,"D4A":175.69,"D4C":134.33000000000001,"D4D":16042.821961899999,"D5AR":656121,"D5BR":3763285}},{"type":"Feature","id":151106,"geometry":{"type":"Polygon","coordinates":[[[-73.994423445545607,40.719400258520032],[-73.99480944533498,40.718465258030903],[-73.993096444326426,40.7179302571707],[-73.991507444064766,40.721036258548246],[-73.993524444846912,40.721640258976109],[-73.994423445545607,40.719400258520032]]]},"properties":{"OBJECTID":151106,"GEOID20":"360610018005","GEOID10":"360610018005","STATEFP":"36","COUNTYFP":"061","D1C":156.87925378148472,"D1C5_RET":12.649880344574445,"D2B_E5MIXA":0.81935341574491816,"D3A":46.555483839493284,"D3AAO":8.8562578173031277,"D3B":276.44888639311216,"D4A":105.95,"D4C":177.66999999999999,"D4D":7367.1326901900002,"D5AR":713675,"D5BR":4183613}},{"type":"Feature","id":151107,"geometry":{"type":"Polygon","coordinates":[[[-73.977365439921712,40.721869259311696],[-73.977684439763948,40.721428259405087],[-73.97688443969777,40.721114258986077],[-73.977001439873646,40.720868259127741],[-73.975525439589887,40.720269257884745],[-73.975284439565456,40.720226258968005],[-73.974929438839908,40.72033625895984],[-73.975120438635614,40.718761259013711],[-73.974743439067055,40.718849259052107],[-73.973636438854243,40.718620259220373],[-73.972870439123255,40.720733259881911],[-73.976894439743532,40.722506259389284],[-73.977365439921712,40.721869259311696]]]},"properties":{"OBJECTID":151107,"GEOID20":"360610020001","GEOID10":"360610020001","STATEFP":"36","COUNTYFP":"061","D1C":9.0588423173078993,"D1C5_RET":0,"D2B_E5MIXA":0.46071053783510496,"D3A":35.286483566463048,"D3AAO":19.986407736366079,"D3B":44.799535616208026,"D4A":147.52000000000001,"D4C":24,"D4D":805.98864676799997,"D5AR":912571,"D5BR":2114854}},{"type":"Feature","id":151108,"geometry":{"type":"Polygon","coordinates":[[[-74.011001450770465,40.713337256790822],[-74.011664450569285,40.71280625593743],[-74.008602450396879,40.711400255751769],[-74.005890449130547,40.714686256634614],[-74.008824449256423,40.716022257024463],[-74.011001450770465,40.713337256790822]]]},"properties":{"OBJECTID":151108,"GEOID20":"360610021001","GEOID10":"360610021001","STATEFP":"36","COUNTYFP":"061","D1C":671.30955778758073,"D1C5_RET":11.563070985666723,"D2B_E5MIXA":0.65019447757387638,"D3A":30.832302238243528,"D3AAO":0,"D3B":111.19309636064685,"D4A":0,"D4C":434.32999999999998,"D4D":9054.0865283700005,"D5AR":846738,"D5BR":6354247}},{"type":"Feature","id":151109,"geometry":{"type":"Polygon","coordinates":[[[-74.0133834505273,40.714416257307185],[-74.013701451442927,40.713676255832524],[-74.011664450569285,40.71280625593743],[-74.011001450770465,40.713337256790822],[-74.008824449256423,40.716022257024463],[-74.010835450190797,40.716933257101836],[-74.010969449186788,40.716311256519383],[-74.012732450424053,40.717122256954092],[-74.0133834505273,40.714416257307185]]]},"properties":{"OBJECTID":151109,"GEOID20":"360610021002","GEOID10":"360610021002","STATEFP":"36","COUNTYFP":"061","D1C":397.47464744666132,"D1C5_RET":36.023158154580969,"D2B_E5MIXA":0.64027740451976778,"D3A":37.0661094536487,"D3AAO":5.619974918313634,"D3B":107.01109736514761,"D4A":0,"D4C":358.67000000000002,"D4D":8222.2944070199992,"D5AR":814438,"D5BR":6135811}},{"type":"Feature","id":151110,"geometry":{"type":"Polygon","coordinates":[[[-73.983825442522118,40.721481258169732],[-73.984478442275204,40.720243258780549],[-73.981931440865296,40.719467258427294],[-73.981309440176048,40.72071725897473],[-73.983825442522118,40.721481258169732]]]},"properties":{"OBJECTID":151110,"GEOID20":"360610022011","GEOID10":"360610022011","STATEFP":"36","COUNTYFP":"061","D1C":67.001156751764881,"D1C5_RET":1.3090812153986033,"D2B_E5MIXA":0.71093602664269029,"D3A":37.149587756170391,"D3AAO":0,"D3B":151.56652230389591,"D4A":178.37,"D4C":90,"D4D":6820.4935036799998,"D5AR":781639,"D5BR":3401845}},{"type":"Feature","id":151111,"geometry":{"type":"Polygon","coordinates":[[[-73.984478442275204,40.720243258780549],[-73.985075441951764,40.719091258217311],[-73.982478441211455,40.718298257746753],[-73.981931440865296,40.719467258427294],[-73.984478442275204,40.720243258780549]]]},"properties":{"OBJECTID":151111,"GEOID20":"360610022012","GEOID10":"360610022012","STATEFP":"36","COUNTYFP":"061","D1C":37.377343792277614,"D1C5_RET":1.2584964239824112,"D2B_E5MIXA":0.59137979043303113,"D3A":33.762689349186431,"D3AAO":0,"D3B":134.26638706416452,"D4A":354.06,"D4C":90,"D4D":7248.9351144399998,"D5AR":798439,"D5BR":3027831}},{"type":"Feature","id":151112,"geometry":{"type":"Polygon","coordinates":[[[-73.976478439816901,40.723086258908253],[-73.976894439743532,40.722506259389284],[-73.972870439123255,40.720733259881911],[-73.971397438314213,40.726670260260832],[-73.97185843934497,40.72676725983353],[-73.972086438052301,40.726070260793513],[-73.973171438523835,40.724250259478126],[-73.973282438851911,40.724287259350739],[-73.973487437993001,40.724169259722004],[-73.975165438841444,40.724885259756775],[-73.976478439816901,40.723086258908253]]]},"properties":{"OBJECTID":151112,"GEOID20":"360610024001","GEOID10":"360610024001","STATEFP":"36","COUNTYFP":"061","D1C":5.6628276088933118,"D1C5_RET":0,"D2B_E5MIXA":0.58776563302188811,"D3A":38.489304854069374,"D3AAO":11.784587109446832,"D3B":134.83813679507762,"D4A":217.25999999999999,"D4C":50.329999999999998,"D4D":1017.45178784,"D5AR":825429,"D5BR":2190862}},{"type":"Feature","id":151127,"geometry":{"type":"Polygon","coordinates":[[[-73.999685448594889,40.738560260859892],[-74.000184448362177,40.737873261669954],[-73.99734244739949,40.736676261667768],[-73.996841447084094,40.737369262359628],[-73.999685448594889,40.738560260859892]]]},"properties":{"OBJECTID":151127,"GEOID20":"360610071001","GEOID10":"360610071001","STATEFP":"36","COUNTYFP":"061","D1C":289.56106570674871,"D1C5_RET":32.697815335919238,"D2B_E5MIXA":0.76767602282863534,"D3A":40.504388407945918,"D3AAO":5.2581020784443124,"D3B":0,"D4A":0,"D4C":300.67000000000002,"D4D":32432.996740800001,"D5AR":721521,"D5BR":3717696}},{"type":"Feature","id":151130,"geometry":{"type":"Polygon","coordinates":[[[-73.953936437674088,40.801296275423269],[-73.954395437258412,40.800667275535794],[-73.952459436667084,40.799851275529619],[-73.952557436576384,40.801538275854881],[-73.953478437016386,40.801925274790065],[-73.953936437674088,40.801296275423269]]]},"properties":{"OBJECTID":151130,"GEOID20":"360610216003","GEOID10":"360610216003","STATEFP":"36","COUNTYFP":"061","D1C":9.377290885953574,"D1C5_RET":0,"D2B_E5MIXA":0.58296765155782659,"D3A":38.830792639793202,"D3AAO":0,"D3B":235.35161439256026,"D4A":227.99000000000001,"D4C":115.33,"D4D":13571.5508439,"D5AR":656453,"D5BR":2489468}},{"type":"Feature","id":151131,"geometry":{"type":"Polygon","coordinates":[[[-73.993121446237438,40.736699262134572],[-73.993618445456576,40.736013261335472],[-73.991716445200453,40.735223261455026],[-73.990332444079868,40.737140261586958],[-73.989583444965646,40.739873262541259],[-73.990519445474263,40.740270261945156],[-73.993121446237438,40.736699262134572]]]},"properties":{"OBJECTID":151131,"GEOID20":"360610052002","GEOID10":"360610052002","STATEFP":"36","COUNTYFP":"061","D1C":906.13644652992286,"D1C5_RET":97.677343772844949,"D2B_E5MIXA":0.82459614809082937,"D3A":36.115104845483494,"D3AAO":0,"D3B":91.083292881914659,"D4A":218.59999999999999,"D4C":423.32999999999998,"D4D":12852.7634586,"D5AR":742449,"D5BR":5382749}},{"type":"Feature","id":151132,"geometry":{"type":"Polygon","coordinates":[[[-73.940022432238379,40.797955275044899],[-73.940520433079044,40.797269275204108],[-73.938286430765288,40.796309274816572],[-73.93728143155802,40.797687276396942],[-73.939523432471077,40.798633275354717],[-73.940022432238379,40.797955275044899]]]},"properties":{"OBJECTID":151132,"GEOID20":"360610188003","GEOID10":"360610188003","STATEFP":"36","COUNTYFP":"061","D1C":29.511541808394952,"D1C5_RET":3.5413850170073942,"D2B_E5MIXA":0.7239290085229747,"D3A":26.917761531199808,"D3AAO":8.5043271014138533,"D3B":0,"D4A":0,"D4C":131,"D4D":8997.2642371500006,"D5AR":817833,"D5BR":2850185}},{"type":"Feature","id":151133,"geometry":{"type":"Polygon","coordinates":[[[-73.990042443651646,40.721929258591494],[-73.990630444005717,40.72077425818901],[-73.989858443528632,40.720541257593055],[-73.988644443185677,40.72294125899171],[-73.989393444096535,40.723182258834086],[-73.990042443651646,40.721929258591494]]]},"properties":{"OBJECTID":151133,"GEOID20":"360610036011","GEOID10":"360610036011","STATEFP":"36","COUNTYFP":"061","D1C":46.825458183650753,"D1C5_RET":0.59272731878038931,"D2B_E5MIXA":0.63797610686120443,"D3A":39.696821673458139,"D3AAO":0,"D3B":126.44849467314971,"D4A":159.59,"D4C":134.33000000000001,"D4D":16985.8262894,"D5AR":677761,"D5BR":3797020}},{"type":"Feature","id":151134,"geometry":{"type":"Polygon","coordinates":[[[-73.98252544196545,40.723286259448543],[-73.982965442181495,40.722679259322845],[-73.980608440742387,40.721686258723267],[-73.97928244024645,40.723513259367678],[-73.981638440962314,40.724502259601941],[-73.98252544196545,40.723286259448543]]]},"properties":{"OBJECTID":151134,"GEOID20":"360610026012","GEOID10":"360610026012","STATEFP":"36","COUNTYFP":"061","D1C":27.797163910653374,"D1C5_RET":0.30715098243815886,"D2B_E5MIXA":0.32532869255401181,"D3A":34.679098867867005,"D3AAO":0,"D3B":147.43247157031624,"D4A":281.63999999999999,"D4C":30,"D4D":1474.3247157000001,"D5AR":770886,"D5BR":2170258}},{"type":"Feature","id":151135,"geometry":{"type":"Polygon","coordinates":[[[-73.998010449017812,40.745960262840725],[-73.998487448145468,40.745302263385895],[-73.995646447906012,40.744107263251649],[-73.995162447309028,40.744771263003457],[-73.998010449017812,40.745960262840725]]]},"properties":{"OBJECTID":151135,"GEOID20":"360610091003","GEOID10":"360610091003","STATEFP":"36","COUNTYFP":"061","D1C":96.561022283276316,"D1C5_RET":22.161546097801121,"D2B_E5MIXA":0.85685606345291632,"D3A":24.529025074426396,"D3AAO":8.3637061692976484,"D3B":0,"D4A":0,"D4C":173.33000000000001,"D4D":19511.165892699999,"D5AR":816806,"D5BR":4190845}},{"type":"Feature","id":151136,"geometry":{"type":"Polygon","coordinates":[[[-73.97743644186346,40.749548264119838],[-73.977889441599984,40.748929263995656],[-73.976289440569346,40.748253264106182],[-73.974450440960737,40.750774265092005],[-73.976049441268145,40.751449265532933],[-73.97743644186346,40.749548264119838]]]},"properties":{"OBJECTID":151136,"GEOID20":"360610080001","GEOID10":"360610080001","STATEFP":"36","COUNTYFP":"061","D1C":796.5170647606891,"D1C5_RET":26.168938472630444,"D2B_E5MIXA":0.75293087779051138,"D3A":29.471502442824562,"D3AAO":0,"D3B":69.818727844978028,"D4A":134.11000000000001,"D4C":456.67000000000002,"D4D":23901.138264599998,"D5AR":1120589,"D5BR":4928679}},{"type":"Feature","id":151137,"geometry":{"type":"Polygon","coordinates":[[[-73.982520444637515,40.782497270704361],[-73.982591444782628,40.782401270677589],[-73.981065445168468,40.781759270545365],[-73.980474444441356,40.783169270407626],[-73.981663444669948,40.783669270641923],[-73.982520444637515,40.782497270704361]]]},"properties":{"OBJECTID":151137,"GEOID20":"360610163003","GEOID10":"360610163003","STATEFP":"36","COUNTYFP":"061","D1C":98.173857174490948,"D1C5_RET":28.439252276737456,"D2B_E5MIXA":0.76370591680163757,"D3A":35.485590878197129,"D3AAO":0,"D3B":0,"D4A":116.68000000000001,"D4C":124,"D4D":15458.486717,"D5AR":749577,"D5BR":2546821}},{"type":"Feature","id":151138,"geometry":{"type":"Polygon","coordinates":[[[-73.99091444817941,40.770996268601102],[-73.9880644468208,40.769799268146258],[-73.986696446492076,40.771676268090658],[-73.989541446929493,40.772874268785358],[-73.99091444817941,40.770996268601102]]]},"properties":{"OBJECTID":151138,"GEOID20":"360610147001","GEOID10":"360610147001","STATEFP":"36","COUNTYFP":"061","D1C":79.123807087200447,"D1C5_RET":1.8559141615449675,"D2B_E5MIXA":0.47033378939708709,"D3A":28.163029159697224,"D3AAO":3.2744556575288231,"D3B":132.00251337793964,"D4A":313.81999999999999,"D4C":64.329999999999998,"D4D":2547.0071042599998,"D5AR":773079,"D5BR":2479001}},{"type":"Feature","id":151139,"geometry":{"type":"Polygon","coordinates":[[[-73.950497437034826,40.823128279291353],[-73.951301437298952,40.822658279578818],[-73.949922436201248,40.822081279771581],[-73.949007436507344,40.823323280262699],[-73.949695437318852,40.823612280466605],[-73.950497437034826,40.823128279291353]]]},"properties":{"OBJECTID":151139,"GEOID20":"360610225004","GEOID10":"360610225004","STATEFP":"36","COUNTYFP":"061","D1C":22.175038667723676,"D1C5_RET":0.77354786050198876,"D2B_E5MIXA":0.24860307700125903,"D3A":50.760267075071667,"D3AAO":0,"D3B":165.02354357375759,"D4A":185.06999999999999,"D4C":82,"D4D":13531.930573,"D5AR":706425,"D5BR":2558877}},{"type":"Feature","id":151140,"geometry":{"type":"Polygon","coordinates":[[[-73.990730447158072,40.766145267445921],[-73.990877445674528,40.765942266732004],[-73.988033445062044,40.76474526776844],[-73.987123445391006,40.765997267740801],[-73.989965447252004,40.767196266853333],[-73.990730447158072,40.766145267445921]]]},"properties":{"OBJECTID":151140,"GEOID20":"360610133004","GEOID10":"360610133004","STATEFP":"36","COUNTYFP":"061","D1C":64.449175477587644,"D1C5_RET":7.140412247157192,"D2B_E5MIXA":0.90467385776628662,"D3A":18.24789171325358,"D3AAO":4.062506377290406,"D3B":0,"D4A":202.50999999999999,"D4C":83,"D4D":4925.9571242700003,"D5AR":768639,"D5BR":2614060}},{"type":"Feature","id":151141,"geometry":{"type":"Polygon","coordinates":[[[-73.988492446442976,40.7641182669323],[-73.98894844655257,40.763494266842493],[-73.987595446292431,40.762924266978963],[-73.987256445460403,40.763598267037473],[-73.985648445830464,40.762923266791077],[-73.985193445545804,40.763551266832131],[-73.988033445062044,40.76474526776844],[-73.988492446442976,40.7641182669323]]]},"properties":{"OBJECTID":151141,"GEOID20":"360610133002","GEOID10":"360610133002","STATEFP":"36","COUNTYFP":"061","D1C":155.45078427532749,"D1C5_RET":8.9193072944860035,"D2B_E5MIXA":0.54351554004022007,"D3A":33.121435277114735,"D3AAO":4.5425478928752199,"D3B":0,"D4A":238.72,"D4C":180,"D4D":14678.6314332,"D5AR":934392,"D5BR":3136056}},{"type":"Feature","id":151142,"geometry":{"type":"Polygon","coordinates":[[[-73.944836436472301,40.829031280662207],[-73.945293436406814,40.828409281152489],[-73.943899436138807,40.827823280707015],[-73.942342434765862,40.82878828138206],[-73.944381436187641,40.829659281670331],[-73.944836436472301,40.829031280662207]]]},"properties":{"OBJECTID":151142,"GEOID20":"360610235013","GEOID10":"360610235013","STATEFP":"36","COUNTYFP":"061","D1C":144.13391748151307,"D1C5_RET":0,"D2B_E5MIXA":0.38722018539502534,"D3A":16.137029756963578,"D3AAO":0,"D3B":0,"D4A":218.59999999999999,"D4C":138.33000000000001,"D4D":13765.208927,"D5AR":699164,"D5BR":2545919}},{"type":"Feature","id":151150,"geometry":{"type":"Polygon","coordinates":[[[-74.000297449238403,40.762545266815742],[-74.001037449030107,40.761976266500248],[-73.995475448201788,40.759635265771678],[-73.9936104477556,40.762192266946087],[-73.998490449416835,40.764250266776294],[-73.999222449710928,40.763334266538727],[-74.000297449238403,40.762545266815742]]]},"properties":{"OBJECTID":151150,"GEOID20":"360610129002","GEOID10":"360610129002","STATEFP":"36","COUNTYFP":"061","D1C":143.83606095283136,"D1C5_RET":9.8179027391913305,"D2B_E5MIXA":0.78768549949603595,"D3A":30.904631651140857,"D3AAO":4.0024938468798785,"D3B":16.152847694299361,"D4A":183.72999999999999,"D4C":44.670000000000002,"D4D":721.54770650399996,"D5AR":905523,"D5BR":2623874}},{"type":"Feature","id":151152,"geometry":{"type":"Polygon","coordinates":[[[-73.980859440812551,40.729733260622247],[-73.98132644169111,40.729094260926935],[-73.978999440389231,40.728114260453076],[-73.978002440679575,40.729437260099772],[-73.980339442027187,40.730456260670032],[-73.980859440812551,40.729733260622247]]]},"properties":{"OBJECTID":151152,"GEOID20":"360610034001","GEOID10":"360610034001","STATEFP":"36","COUNTYFP":"061","D1C":34.774243875302254,"D1C5_RET":2.9416278806902207,"D2B_E5MIXA":0.78717046887609954,"D3A":32.729800264908221,"D3AAO":0,"D3B":201.71162610447226,"D4A":226.65000000000001,"D4C":75.670000000000002,"D4D":5087.8395824400004,"D5AR":732700,"D5BR":2852805}},{"type":"Feature","id":151153,"geometry":{"type":"Polygon","coordinates":[[[-74.003472449388696,40.732381259704269],[-74.003555449229381,40.732232259742332],[-74.002470447859551,40.730332259741715],[-74.001685447861988,40.730589259267816],[-74.000955448116031,40.731714260910429],[-74.001168449449679,40.731782259969883],[-74.002125448976358,40.732849260146722],[-74.003472449388696,40.732381259704269]]]},"properties":{"OBJECTID":151153,"GEOID20":"360610067001","GEOID10":"360610067001","STATEFP":"36","COUNTYFP":"061","D1C":125.26895098114079,"D1C5_RET":15.73144965809675,"D2B_E5MIXA":0.71459974308454666,"D3A":42.032377861135686,"D3AAO":6.5732370047803395,"D3B":99.488018222938379,"D4A":264.19999999999999,"D4C":229.33000000000001,"D4D":17103.138844900001,"D5AR":664336,"D5BR":2923009}},{"type":"Feature","id":151154,"geometry":{"type":"Polygon","coordinates":[[[-73.94346643649375,40.839182283432777],[-73.943742435779967,40.838485283939818],[-73.942142434749314,40.837811282689394],[-73.941141435740022,40.839188282426392],[-73.943067436285588,40.840201284264026],[-73.94346643649375,40.839182283432777]]]},"properties":{"OBJECTID":151154,"GEOID20":"360610245002","GEOID10":"360610245002","STATEFP":"36","COUNTYFP":"061","D1C":54.778631553471499,"D1C5_RET":4.1556203247461134,"D2B_E5MIXA":0.66002300230780919,"D3A":36.064408223930442,"D3AAO":0,"D3B":80.593848722348866,"D4A":0,"D4C":123,"D4D":9913.0433928500006,"D5AR":717838,"D5BR":2357576}},{"type":"Feature","id":151155,"geometry":{"type":"Polygon","coordinates":[[[-73.946719436461862,40.819903278649534],[-73.947037435580867,40.819217279967582],[-73.945142435895761,40.818432279261785],[-73.943779433793253,40.82030227998186],[-73.946079436229269,40.821272279915185],[-73.946719436461862,40.819903278649534]]]},"properties":{"OBJECTID":151155,"GEOID20":"360610221021","GEOID10":"360610221021","STATEFP":"36","COUNTYFP":"061","D1C":29.675791972698271,"D1C5_RET":1.4332058623178141,"D2B_E5MIXA":0.26364680060239448,"D3A":39.40816790959493,"D3AAO":0,"D3B":161.69587441566523,"D4A":101.93000000000001,"D4C":79,"D4D":4257.9913596099996,"D5AR":782048,"D5BR":2007214}},{"type":"Feature","id":151156,"geometry":{"type":"Polygon","coordinates":[[[-73.970369442235679,40.794059274192939],[-73.97085944268045,40.793388272879419],[-73.968017441717762,40.792193272771534],[-73.96752544072487,40.792864273240475],[-73.970369442235679,40.794059274192939]]]},"properties":{"OBJECTID":151156,"GEOID20":"360610181001","GEOID10":"360610181001","STATEFP":"36","COUNTYFP":"061","D1C":33.271103661772621,"D1C5_RET":5.1986099471519713,"D2B_E5MIXA":0.62642598925772597,"D3A":17.569577815624807,"D3AAO":0,"D3B":0,"D4A":0,"D4C":145,"D4D":16081.0334365,"D5AR":669506,"D5BR":2295158}},{"type":"Feature","id":151157,"geometry":{"type":"Polygon","coordinates":[[[-73.95677943846168,40.802496275557367],[-73.957239437870911,40.801866275200105],[-73.954395437258412,40.800667275535794],[-73.953478437016386,40.801925274790065],[-73.956322437628884,40.803123275946653],[-73.95677943846168,40.802496275557367]]]},"properties":{"OBJECTID":151157,"GEOID20":"360610216004","GEOID10":"360610216004","STATEFP":"36","COUNTYFP":"061","D1C":48.584763703568136,"D1C5_RET":1.385497063789966,"D2B_E5MIXA":0.34969643141827028,"D3A":20.71683337074046,"D3AAO":0,"D3B":0,"D4A":175.69,"D4C":120,"D4D":7093.7449666000002,"D5AR":590482,"D5BR":2487935}},{"type":"Feature","id":151158,"geometry":{"type":"Polygon","coordinates":[[[-73.96933844039421,40.763555267545776],[-73.969802439103077,40.762922267283543],[-73.968188438727054,40.762235267319596],[-73.96636043988741,40.764740267646289],[-73.967975439190027,40.76542126803102],[-73.96933844039421,40.763555267545776]]]},"properties":{"OBJECTID":151158,"GEOID20":"360610114022","GEOID10":"360610114022","STATEFP":"36","COUNTYFP":"061","D1C":385.2175311984825,"D1C5_RET":26.333388905208434,"D2B_E5MIXA":0.83168356572458713,"D3A":39.98920021690234,"D3AAO":10.34188051890257,"D3B":52.177612691434661,"D4A":227.99000000000001,"D4C":479.67000000000002,"D4D":25028.0354797,"D5AR":974718,"D5BR":4906801}},{"type":"Feature","id":151159,"geometry":{"type":"Polygon","coordinates":[[[-73.949696435347121,40.796225275354757],[-73.950159435129393,40.795596275019335],[-73.948557435347254,40.794918274974755],[-73.94764643405469,40.796165274411152],[-73.949221434970966,40.79691827487666],[-73.949696435347121,40.796225275354757]]]},"properties":{"OBJECTID":151159,"GEOID20":"360610174013","GEOID10":"360610174013","STATEFP":"36","COUNTYFP":"061","D1C":27.261986669570071,"D1C5_RET":0.97364238105607392,"D2B_E5MIXA":0.60915373795824879,"D3A":36.124990906195649,"D3AAO":0,"D3B":0,"D4A":162.28,"D4C":147,"D4D":15266.712535000001,"D5AR":487826,"D5BR":3582871}},{"type":"Feature","id":151180,"geometry":{"type":"Polygon","coordinates":[[[-73.956709437243191,40.780864271867031],[-73.957203436089273,40.780187271650114],[-73.955586436238505,40.779504271025502],[-73.955094435245599,40.78018027147322],[-73.956709437243191,40.780864271867031]]]},"properties":{"OBJECTID":151180,"GEOID20":"360610148025","GEOID10":"360610148025","STATEFP":"36","COUNTYFP":"061","D1C":169.3143333878902,"D1C5_RET":91.447848514315027,"D2B_E5MIXA":0.72179126906093394,"D3A":18.436026430242112,"D3AAO":0,"D3B":193.15717177941127,"D4A":225.31,"D4C":254.66999999999999,"D4D":49191.336937100001,"D5AR":694622,"D5BR":3596526}},{"type":"Feature","id":151181,"geometry":{"type":"Polygon","coordinates":[[[-73.952187434883911,40.773028270396942],[-73.952687435374401,40.772348269777453],[-73.948074433676865,40.770402270727921],[-73.947585433057,40.77108827056388],[-73.952187434883911,40.773028270396942]]]},"properties":{"OBJECTID":151181,"GEOID20":"360610136004","GEOID10":"360610136004","STATEFP":"36","COUNTYFP":"061","D1C":66.596486854646571,"D1C5_RET":12.920138616910927,"D2B_E5MIXA":0.69137841258311528,"D3A":31.430893170631862,"D3AAO":0,"D3B":67.226737518886125,"D4A":104.61,"D4C":36.670000000000002,"D4D":2465.2044648199999,"D5AR":1006938,"D5BR":2569743}},{"type":"Feature","id":151195,"geometry":{"type":"Polygon","coordinates":[[[-73.99298044667043,40.752862264540205],[-73.993465447092333,40.752198264593261],[-73.987781445166959,40.749780264163896],[-73.985948443609487,40.752325265276319],[-73.991634446981294,40.754715265154665],[-73.99298044667043,40.752862264540205]]]},"properties":{"OBJECTID":151195,"GEOID20":"360610109001","GEOID10":"360610109001","STATEFP":"36","COUNTYFP":"061","D1C":1693.0335594134124,"D1C5_RET":202.23093699444496,"D2B_E5MIXA":0.88179447550333467,"D3A":25.189207448810443,"D3AAO":7.3691095706893703,"D3B":14.737850111187061,"D4A":305.77999999999997,"D4C":973.66999999999996,"D4D":14349.802517800001,"D5AR":889306,"D5BR":4386576}},{"type":"Feature","id":151199,"geometry":{"type":"Polygon","coordinates":[[[-73.988154443639232,40.731973260490129],[-73.988614443946773,40.731331260575203],[-73.986376442333352,40.730388260936166],[-73.985910443076349,40.731027260458482],[-73.988154443639232,40.731973260490129]]]},"properties":{"OBJECTID":151199,"GEOID20":"360610040002","GEOID10":"360610040002","STATEFP":"36","COUNTYFP":"061","D1C":95.057049535517422,"D1C5_RET":0.69048704263087723,"D2B_E5MIXA":0.64498501251575902,"D3A":32.497289827870574,"D3AAO":0,"D3B":0,"D4A":143.5,"D4C":287.32999999999998,"D4D":42324.830284600001,"D5AR":685959,"D5BR":4299063}},{"type":"Feature","id":151200,"geometry":{"type":"Polygon","coordinates":[[[-73.955337436716462,40.782745271661724],[-73.955794436650976,40.782118271300419],[-73.954177435003572,40.781437271984132],[-73.953261436383073,40.782690272272603],[-73.954878436233841,40.783371272345747],[-73.955337436716462,40.782745271661724]]]},"properties":{"OBJECTID":151200,"GEOID20":"360610148024","GEOID10":"360610148024","STATEFP":"36","COUNTYFP":"061","D1C":57.988016190058651,"D1C5_RET":2.9319783466883589,"D2B_E5MIXA":0.58935619212300228,"D3A":43.362778059927088,"D3AAO":0,"D3B":104.24811899336386,"D4A":309.80000000000001,"D4C":229,"D4D":23872.8192495,"D5AR":688439,"D5BR":3600634}},{"type":"Feature","id":151201,"geometry":{"type":"Polygon","coordinates":[[[-73.997575446129687,40.721037258004515],[-73.997656447218844,40.720844257814228],[-73.996031445175547,40.720189258199511],[-73.995465445461093,40.721627258671838],[-73.997124446042989,40.72230925890166],[-73.997575446129687,40.721037258004515]]]},"properties":{"OBJECTID":151201,"GEOID20":"360610041006","GEOID10":"360610041006","STATEFP":"36","COUNTYFP":"061","D1C":94.324428064541422,"D1C5_RET":17.221712996708568,"D2B_E5MIXA":0.77928513062192251,"D3A":27.472849497497926,"D3AAO":0,"D3B":202.23662968611896,"D4A":210.56,"D4C":269,"D4D":27200.826692800001,"D5AR":785931,"D5BR":5821394}},{"type":"Feature","id":151202,"geometry":{"type":"Polygon","coordinates":[[[-73.937687432337199,40.801149276118409],[-73.93814543209659,40.800518275594087],[-73.935906430658278,40.799575276567353],[-73.93491843116945,40.800799276204216],[-73.937229431679484,40.801777276595331],[-73.937687432337199,40.801149276118409]]]},"properties":{"OBJECTID":151202,"GEOID20":"360610194003","GEOID10":"360610194003","STATEFP":"36","COUNTYFP":"061","D1C":46.282217091413315,"D1C5_RET":0.45823977318231007,"D2B_E5MIXA":0.40472042132724462,"D3A":28.241581050880722,"D3AAO":11.602000399330386,"D3B":0,"D4A":167.63999999999999,"D4C":206.33000000000001,"D4D":15127.777984099999,"D5AR":825568,"D5BR":3140393}},{"type":"Feature","id":151203,"geometry":{"type":"Polygon","coordinates":[[[-73.961840438076266,40.779592270302004],[-73.962304438581768,40.778955270642037],[-73.96070243790129,40.778280271289361],[-73.95977543761353,40.779550271573996],[-73.961362438225379,40.78024927124163],[-73.961840438076266,40.779592270302004]]]},"properties":{"OBJECTID":151203,"GEOID20":"360610142006","GEOID10":"360610142006","STATEFP":"36","COUNTYFP":"061","D1C":118.40875534580587,"D1C5_RET":7.5511689297868054,"D2B_E5MIXA":0.70281439463435424,"D3A":26.117076530654032,"D3AAO":0,"D3B":0,"D4A":190.44,"D4C":204.66999999999999,"D4D":21045.075674700001,"D5AR":633324,"D5BR":3753410}},{"type":"Feature","id":151204,"geometry":{"type":"Polygon","coordinates":[[[-73.981212441888289,40.725081260032205],[-73.981638440962314,40.724502259601941],[-73.97928244024645,40.723513259367678],[-73.977978440390146,40.725296260441574],[-73.98033444110601,40.726289260283096],[-73.981212441888289,40.725081260032205]]]},"properties":{"OBJECTID":151204,"GEOID20":"360610026022","GEOID10":"360610026022","STATEFP":"36","COUNTYFP":"061","D1C":24.677890653366802,"D1C5_RET":3.3794563633591479,"D2B_E5MIXA":0.90514414190454051,"D3A":20.209206138185991,"D3AAO":0,"D3B":150.68619313818243,"D4A":328.56999999999999,"D4C":30.329999999999998,"D4D":1523.4374126299999,"D5AR":734799,"D5BR":2240628}},{"type":"Feature","id":151205,"geometry":{"type":"Polygon","coordinates":[[[-73.97236343985837,40.756506265244774],[-73.972821439617761,40.755878265328121],[-73.971218440010716,40.755201265691781],[-73.968025439418739,40.759586266370363],[-73.969626439375986,40.760259267389273],[-73.97236343985837,40.756506265244774]]]},"properties":{"OBJECTID":151205,"GEOID20":"360610100002","GEOID10":"360610100002","STATEFP":"36","COUNTYFP":"061","D1C":893.42804681749487,"D1C5_RET":12.623298004380464,"D2B_E5MIXA":0.75677241995005695,"D3A":31.279067260422121,"D3AAO":7.6071602976002524,"D3B":0,"D4A":168.97999999999999,"D4C":464.32999999999998,"D4D":13997.315731000001,"D5AR":933920,"D5BR":4633103}},{"type":"Feature","id":151206,"geometry":{"type":"Polygon","coordinates":[[[-73.993096444326426,40.7179302571707],[-73.993701445297233,40.716756257769575],[-73.992015444951193,40.716243257311852],[-73.991423443500864,40.717426257950393],[-73.993096444326426,40.7179302571707]]]},"properties":{"OBJECTID":151206,"GEOID20":"360610016002","GEOID10":"360610016002","STATEFP":"36","COUNTYFP":"061","D1C":76.111281509502547,"D1C5_RET":17.986496874136176,"D2B_E5MIXA":0.9262154292194883,"D3A":35.806519315023316,"D3AAO":0,"D3B":0,"D4A":142.16,"D4C":134,"D4D":16182.4947637,"D5AR":765354,"D5BR":3022236}},{"type":"Feature","id":151207,"geometry":{"type":"Polygon","coordinates":[[[-73.96590144120141,40.808814276386784],[-73.966519440794372,40.808234276631261],[-73.964391441480771,40.80734627649143],[-73.963904441409056,40.80801227584049],[-73.964962441218063,40.808490276749708],[-73.96590144120141,40.808814276386784]]]},"properties":{"OBJECTID":151207,"GEOID20":"360610205002","GEOID10":"360610205002","STATEFP":"36","COUNTYFP":"061","D1C":28.944460126016047,"D1C5_RET":16.505518584257086,"D2B_E5MIXA":0.60333809983653186,"D3A":43.825144797602618,"D3AAO":0,"D3B":255.20772011008032,"D4A":142.16,"D4C":68.670000000000002,"D4D":10512.9658908,"D5AR":621071,"D5BR":2217863}},{"type":"Feature","id":151208,"geometry":{"type":"Polygon","coordinates":[[[-73.937568434308133,40.848499285311057],[-73.937673435686747,40.848400285513087],[-73.935173434132523,40.847366285654267],[-73.934240433996976,40.848634285353214],[-73.936398435244442,40.849549285637394],[-73.937568434308133,40.848499285311057]]]},"properties":{"OBJECTID":151208,"GEOID20":"360610263001","GEOID10":"360610263001","STATEFP":"36","COUNTYFP":"061","D1C":40.661644050034404,"D1C5_RET":4.110603360249379,"D2B_E5MIXA":0.65942419057660895,"D3A":69.454140319631406,"D3AAO":41.140775731289452,"D3B":142.20465678700555,"D4A":72.420000000000002,"D4C":178.33000000000001,"D4D":12679.6782224,"D5AR":756896,"D5BR":2437284}},{"type":"Feature","id":151209,"geometry":{"type":"Polygon","coordinates":[[[-73.977202443308371,40.758546266447937],[-73.977656441971476,40.757920265915189],[-73.974440440914989,40.756564265386459],[-73.97124443994997,40.760945267827204],[-73.974458441356646,40.762301267443199],[-73.977202443308371,40.758546266447937]]]},"properties":{"OBJECTID":151209,"GEOID20":"360610102001","GEOID10":"360610102001","STATEFP":"36","COUNTYFP":"061","D1C":1094.440657411468,"D1C5_RET":99.669097426170566,"D2B_E5MIXA":0.8132780189664125,"D3A":32.994980920376889,"D3AAO":0,"D3B":59.923177409816027,"D4A":99.239999999999995,"D4C":550,"D4D":8239.4368938499993,"D5AR":951353,"D5BR":4850643}},{"type":"Feature","id":151210,"geometry":{"type":"Polygon","coordinates":[[[-73.987919447055845,40.780389270413522],[-73.984977445635735,40.779133269740669],[-73.984477446043542,40.779816270098657],[-73.98730944606217,40.781049270017519],[-73.987919447055845,40.780389270413522]]]},"properties":{"OBJECTID":151210,"GEOID20":"360610159002","GEOID10":"360610159002","STATEFP":"36","COUNTYFP":"061","D1C":28.839537180186873,"D1C5_RET":0,"D2B_E5MIXA":0.64312628607793754,"D3A":14.733790233519453,"D3AAO":1.6069084367722846,"D3B":0,"D4A":120.7,"D4C":124,"D4D":13242.8467769,"D5AR":810052,"D5BR":2483484}},{"type":"Feature","id":151211,"geometry":{"type":"Polygon","coordinates":[[[-73.939078434028801,40.821645280244709],[-73.939567432852002,40.820973279776631],[-73.936722432414584,40.819778280031684],[-73.935746432621343,40.821114279407404],[-73.93858743375911,40.822318280675702],[-73.939078434028801,40.821645280244709]]]},"properties":{"OBJECTID":151211,"GEOID20":"360610232001","GEOID10":"360610232001","STATEFP":"36","COUNTYFP":"061","D1C":24.16008754576583,"D1C5_RET":4.243169497285038,"D2B_E5MIXA":0.80565880114852761,"D3A":23.115275398722972,"D3AAO":0,"D3B":110.84197870458874,"D4A":158.25,"D4C":65,"D4D":3602.3643078999999,"D5AR":856081,"D5BR":2660950}},{"type":"Feature","id":151212,"geometry":{"type":"Polygon","coordinates":[[[-73.951200435219988,40.782642272075925],[-73.951660435527529,40.782016272003197],[-73.947050434203021,40.780072271662156],[-73.946592433545305,40.780700271531451],[-73.951200435219988,40.782642272075925]]]},"properties":{"OBJECTID":151212,"GEOID20":"360610154001","GEOID10":"360610154001","STATEFP":"36","COUNTYFP":"061","D1C":78.001555828397301,"D1C5_RET":1.9414735711314117,"D2B_E5MIXA":0.74355547631826802,"D3A":15.545629335513617,"D3AAO":3.6334381686360553,"D3B":0,"D4A":107.29000000000001,"D4C":181.33000000000001,"D4D":13253.549276399999,"D5AR":768469,"D5BR":3428296}},{"type":"Feature","id":151213,"geometry":{"type":"Polygon","coordinates":[[[-73.979496439608369,40.714898257931587],[-73.979963440486927,40.71398125782779],[-73.977246439197714,40.713161257686281],[-73.975934439843797,40.712915257036336],[-73.975228438590648,40.71459025875442],[-73.976615439185949,40.715003258099131],[-73.976458439725434,40.71530725855834],[-73.978910439802448,40.715959257908061],[-73.979496439608369,40.714898257931587]]]},"properties":{"OBJECTID":151213,"GEOID20":"360610010011","GEOID10":"360610010011","STATEFP":"36","COUNTYFP":"061","D1C":6.7854183416026341,"D1C5_RET":0,"D2B_E5MIXA":0.351111681034041,"D3A":64.714333678743742,"D3AAO":26.873053270914895,"D3B":107.7798243410038,"D4A":166.30000000000001,"D4C":27.329999999999998,"D4D":883.24515719299995,"D5AR":897062,"D5BR":2318604}},{"type":"Feature","id":151214,"geometry":{"type":"Polygon","coordinates":[[[-73.98814144771201,40.781417271075654],[-73.985680445617518,40.780321270716577],[-73.984453445754099,40.783200270859453],[-73.982591444782628,40.782401270677589],[-73.981663444669948,40.783669270641923],[-73.983298444962358,40.784361270758353],[-73.982639445361528,40.784983271751578],[-73.985048445780848,40.786004271804778],[-73.98814144771201,40.781417271075654]]]},"properties":{"OBJECTID":151214,"GEOID20":"360610163001","GEOID10":"360610163001","STATEFP":"36","COUNTYFP":"061","D1C":11.809122074437619,"D1C5_RET":0,"D2B_E5MIXA":0.62850200939842416,"D3A":59.300999237176953,"D3AAO":20.830609594743056,"D3B":354.98302377750969,"D4A":173,"D4C":121,"D4D":2111.6437676199998,"D5AR":757978,"D5BR":2334707}},{"type":"Feature","id":151215,"geometry":{"type":"Polygon","coordinates":[[[-73.950217436652352,40.811486277823896],[-73.950681438056165,40.810851277767071],[-73.944995434684358,40.808454276314663],[-73.944084435188415,40.809701277796151],[-73.9469344356487,40.810888277727251],[-73.947373435141529,40.810285277586786],[-73.950217436652352,40.811486277823896]]]},"properties":{"OBJECTID":151215,"GEOID20":"360610224002","GEOID10":"360610224002","STATEFP":"36","COUNTYFP":"061","D1C":47.000685573026395,"D1C5_RET":0.43290105133050627,"D2B_E5MIXA":0.47355846438492277,"D3A":25.494478125497182,"D3AAO":0,"D3B":39.579524693074859,"D4A":199.83000000000001,"D4C":188.66999999999999,"D4D":7467.4689238399997,"D5AR":739523,"D5BR":3464092}},{"type":"Feature","id":151216,"geometry":{"type":"Polygon","coordinates":[[[-73.922750430845809,40.863566288733765],[-73.923138431183332,40.863424288996306],[-73.922496430402603,40.862421288673303],[-73.920612429689825,40.863121288581738],[-73.921251430097513,40.864120288405687],[-73.922750430845809,40.863566288733765]]]},"properties":{"OBJECTID":151216,"GEOID20":"360610291003","GEOID10":"360610291003","STATEFP":"36","COUNTYFP":"061","D1C":4.445970400285165,"D1C5_RET":3.5197265668924222,"D2B_E5MIXA":0.38273646567053932,"D3A":19.855314531846929,"D3AAO":0,"D3B":79.078993519738802,"D4A":277.61000000000001,"D4C":59.329999999999998,"D4D":7034.1179693000004,"D5AR":718465,"D5BR":1729688}},{"type":"Feature","id":151217,"geometry":{"type":"Polygon","coordinates":[[[-73.962866438098246,40.772428270011446],[-73.963327438230678,40.771794269170371],[-73.961710437481614,40.771114269527786],[-73.959858437454201,40.773651270057904],[-73.9614764380282,40.774332269603043],[-73.962866438098246,40.772428270011446]]]},"properties":{"OBJECTID":151217,"GEOID20":"360610128004","GEOID10":"360610128004","STATEFP":"36","COUNTYFP":"061","D1C":325.55617152212261,"D1C5_RET":9.5657245459586644,"D2B_E5MIXA":0.23855874607267732,"D3A":40.634483232107883,"D3AAO":10.349172861626343,"D3B":51.445913524483572,"D4A":356.74000000000001,"D4C":214.33000000000001,"D4D":11026.4026457,"D5AR":761496,"D5BR":3594146}},{"type":"Feature","id":151218,"geometry":{"type":"Polygon","coordinates":[[[-73.974523443450622,40.78836827227753],[-73.975017443195028,40.787695272313002],[-73.972176442057247,40.786495271243275],[-73.97168244231284,40.787171271955572],[-73.974523443450622,40.78836827227753]]]},"properties":{"OBJECTID":151218,"GEOID20":"360610173001","GEOID10":"360610173001","STATEFP":"36","COUNTYFP":"061","D1C":72.466660645565028,"D1C5_RET":3.6147265405151203,"D2B_E5MIXA":0.83566470345481036,"D3A":25.646164372761977,"D3AAO":5.8845436701831053,"D3B":0,"D4A":0,"D4C":101.33,"D4D":11162.8263726,"D5AR":600399,"D5BR":2292259}},{"type":"Feature","id":151219,"geometry":{"type":"Polygon","coordinates":[[[-73.940149436951543,40.851410286201968],[-73.940286436320577,40.851330285333802],[-73.939572435569815,40.851284286285761],[-73.938285435431951,40.850917286178188],[-73.937436435860292,40.85338828605326],[-73.938379434244965,40.853545286254509],[-73.937789435139393,40.855382287074043],[-73.937954434995831,40.855578287098353],[-73.93954143560768,40.853494286472291],[-73.940149436951543,40.851410286201968]]]},"properties":{"OBJECTID":151219,"GEOID20":"360610273003","GEOID10":"360610273003","STATEFP":"36","COUNTYFP":"061","D1C":19.102975224714665,"D1C5_RET":0.67921689687874365,"D2B_E5MIXA":0.77254623734023986,"D3A":45.776665768950586,"D3AAO":0,"D3B":409.71662213253944,"D4A":135.44999999999999,"D4C":133.66999999999999,"D4D":5866.1976093000003,"D5AR":731975,"D5BR":1743599}},{"type":"Feature","id":151244,"geometry":{"type":"Polygon","coordinates":[[[-73.985371445821031,40.781086270946211],[-73.985680445617518,40.780321270716577],[-73.984477446043542,40.779816270098657],[-73.983516445420591,40.781134270906961],[-73.985073446793535,40.781788271167223],[-73.985371445821031,40.781086270946211]]]},"properties":{"OBJECTID":151244,"GEOID20":"360610159001","GEOID10":"360610159001","STATEFP":"36","COUNTYFP":"061","D1C":38.423198912550973,"D1C5_RET":0,"D2B_E5MIXA":0.55326754740292983,"D3A":44.105824258023127,"D3AAO":0,"D3B":309.35772874792713,"D4A":95.219999999999999,"D4C":111.33,"D4D":12913.684267500001,"D5AR":767602,"D5BR":2509587}},{"type":"Feature","id":151245,"geometry":{"type":"Polygon","coordinates":[[[-73.935076434048142,40.847498285146621],[-73.935173434132523,40.847366285654267],[-73.932326433146969,40.846162285251985],[-73.931852433494043,40.846811286239912],[-73.934694434456731,40.848007284959053],[-73.935076434048142,40.847498285146621]]]},"properties":{"OBJECTID":151245,"GEOID20":"360610261003","GEOID10":"360610261003","STATEFP":"36","COUNTYFP":"061","D1C":14.53016444199684,"D1C5_RET":2.3320017005673939,"D2B_E5MIXA":0.31367161694993911,"D3A":126.15241006101517,"D3AAO":107.98766897208142,"D3B":191.28141984858848,"D4A":0,"D4C":171,"D4D":19621.5493666,"D5AR":726791,"D5BR":2371392}},{"type":"Feature","id":151246,"geometry":{"type":"Polygon","coordinates":[[[-73.979289444410711,40.78694927213035],[-73.979745444520304,40.78630427156201],[-73.976903443557603,40.785106271591623],[-73.975977443094763,40.786377271789924],[-73.977586443447919,40.787054272167765],[-73.978066443846942,40.786431272372752],[-73.979289444410711,40.78694927213035]]]},"properties":{"OBJECTID":151246,"GEOID20":"360610171002","GEOID10":"360610171002","STATEFP":"36","COUNTYFP":"061","D1C":107.4533554752369,"D1C5_RET":27.095921889318397,"D2B_E5MIXA":0.88848628370066696,"D3A":38.957813279253763,"D3AAO":5.4784851118427431,"D3B":74.426566562934653,"D4A":115.34,"D4C":86,"D4D":6400.6847244099999,"D5AR":711915,"D5BR":2369052}},{"type":"Feature","id":151247,"geometry":{"type":"Polygon","coordinates":[[[-73.971461442379891,40.800342274579471],[-73.971925441987082,40.799713274491872],[-73.970424442487271,40.799079274306152],[-73.969506442420325,40.800338275400996],[-73.971010442293192,40.80097627494208],[-73.971461442379891,40.800342274579471]]]},"properties":{"OBJECTID":151247,"GEOID20":"360610191002","GEOID10":"360610191002","STATEFP":"36","COUNTYFP":"061","D1C":30.750092599710669,"D1C5_RET":0,"D2B_E5MIXA":0.54486306876440393,"D3A":28.268828356599382,"D3AAO":0,"D3B":111.81818056340394,"D4A":269.56999999999999,"D4C":75.329999999999998,"D4D":8423.2635418400005,"D5AR":539118,"D5BR":2201995}},{"type":"Feature","id":151248,"geometry":{"type":"Polygon","coordinates":[[[-73.93718243362045,40.81915227998909],[-73.93764243302968,40.818525279446838],[-73.935961432706492,40.817801279226487],[-73.937254432692157,40.815953279554222],[-73.935757432491982,40.815334279318705],[-73.934455432285503,40.81719727931825],[-73.934289431705821,40.817251279306518],[-73.93412943097394,40.817742279474459],[-73.933983432282403,40.817712279557362],[-73.934437431843818,40.819160279477366],[-73.934476433100215,40.819705280501516],[-73.936228432670177,40.820446280363946],[-73.93718243362045,40.81915227998909]]]},"properties":{"OBJECTID":151248,"GEOID20":"360610214001","GEOID10":"360610214001","STATEFP":"36","COUNTYFP":"061","D1C":5.3433231211853158,"D1C5_RET":0,"D2B_E5MIXA":0.63487974645170087,"D3A":43.575151128606372,"D3AAO":7.6650151949939529,"D3B":329.61288543807501,"D4A":339.30000000000001,"D4C":89.329999999999998,"D4D":2386.4742305200002,"D5AR":912124,"D5BR":2444780}},{"type":"Feature","id":151249,"geometry":{"type":"Polygon","coordinates":[[[-73.99734244739949,40.736676261667768],[-73.997806447905006,40.736040260997598],[-73.994586445752219,40.73468026106459],[-73.993618445456576,40.736013261335472],[-73.996841447084094,40.737369262359628],[-73.99734244739949,40.736676261667768]]]},"properties":{"OBJECTID":151249,"GEOID20":"360610063001","GEOID10":"360610063001","STATEFP":"36","COUNTYFP":"061","D1C":157.69317396477533,"D1C5_RET":34.74334218764713,"D2B_E5MIXA":0.79034767044593723,"D3A":20.94438313758781,"D3AAO":1.3013613126525925,"D3B":0,"D4A":158.25,"D4C":410.32999999999998,"D4D":20230.578234799999,"D5AR":703852,"D5BR":3812309}},{"type":"Feature","id":151250,"geometry":{"type":"Polygon","coordinates":[[[-73.916974429757261,40.870156290683958],[-73.916276428900019,40.86959128986517],[-73.915881429788115,40.869855290372861],[-73.915184428755822,40.869559290431965],[-73.914010428595816,40.871168291298552],[-73.915057428534197,40.871611290544323],[-73.916974429757261,40.870156290683958]]]},"properties":{"OBJECTID":151250,"GEOID20":"360610307001","GEOID10":"360610307001","STATEFP":"36","COUNTYFP":"061","D1C":88.893071140676867,"D1C5_RET":3.9196944754944134,"D2B_E5MIXA":0.22890466345553676,"D3A":49.828638938947563,"D3AAO":0,"D3B":268.8686427647711,"D4A":140.81999999999999,"D4C":82,"D4D":7346.62735978,"D5AR":648853,"D5BR":2473282}},{"type":"Feature","id":151251,"geometry":{"type":"Polygon","coordinates":[[[-73.921972430520938,40.869231290255478],[-73.922146431496543,40.869158290831905],[-73.921215431909118,40.867701289439836],[-73.918562430194015,40.868490289483873],[-73.917169429750928,40.86910428964314],[-73.91791443046381,40.869675290171742],[-73.91925642995497,40.871016289661441],[-73.921331430463454,40.869579289909687],[-73.921972430520938,40.869231290255478]]]},"properties":{"OBJECTID":151251,"GEOID20":"360610303002","GEOID10":"360610303002","STATEFP":"36","COUNTYFP":"061","D1C":39.848549719125756,"D1C5_RET":2.321274740919947,"D2B_E5MIXA":0.6822730603972853,"D3A":36.367180129930027,"D3AAO":0,"D3B":375.88436317257043,"D4A":126.06999999999999,"D4C":82,"D4D":2718.7543247899998,"D5AR":676991,"D5BR":1799889}},{"type":"Feature","id":151252,"geometry":{"type":"Polygon","coordinates":[[[-73.969849439857057,40.757084266554521],[-73.970314440187465,40.756461266719079],[-73.968066438528311,40.755512266309402],[-73.967153439382557,40.756774266086097],[-73.969395439397303,40.757708266261631],[-73.969849439857057,40.757084266554521]]]},"properties":{"OBJECTID":151252,"GEOID20":"360610098002","GEOID10":"360610098002","STATEFP":"36","COUNTYFP":"061","D1C":380.19312120810167,"D1C5_RET":5.5151471286360421,"D2B_E5MIXA":0.65550001330788399,"D3A":19.741488096685892,"D3AAO":8.9014343373271387,"D3B":0,"D4A":225.31,"D4C":266.67000000000002,"D4D":20026.883878000001,"D5AR":939269,"D5BR":4672186}},{"type":"Feature","id":151253,"geometry":{"type":"Polygon","coordinates":[[[-73.947230435026384,40.790947273988195],[-73.947688433887492,40.790322273758683],[-73.946087433930245,40.789645273371335],[-73.945169433863299,40.790902273618677],[-73.946773435091913,40.791577273918882],[-73.947230435026384,40.790947273988195]]]},"properties":{"OBJECTID":151253,"GEOID20":"360610166001","GEOID10":"360610166001","STATEFP":"36","COUNTYFP":"061","D1C":45.797742003886604,"D1C5_RET":15.101764388378379,"D2B_E5MIXA":0.70010701986815238,"D3A":26.764824014834133,"D3AAO":5.9124659184578601,"D3B":0,"D4A":147.52000000000001,"D4C":128.66999999999999,"D4D":13517.5236442,"D5AR":722498,"D5BR":3409349}},{"type":"Feature","id":151254,"geometry":{"type":"Polygon","coordinates":[[[-74.002038447141103,40.723098258821437],[-74.002175448306772,40.722938258666112],[-73.99985444685268,40.721800258847544],[-73.996773446413698,40.725440259241275],[-73.999917447500181,40.726943259048177],[-74.001934447384016,40.724560258382304],[-74.001128447470066,40.724174258810486],[-74.002038447141103,40.723098258821437]]]},"properties":{"OBJECTID":151254,"GEOID20":"360610049001","GEOID10":"360610049001","STATEFP":"36","COUNTYFP":"061","D1C":301.77159149668739,"D1C5_RET":108.92452556526156,"D2B_E5MIXA":0.91490101878133423,"D3A":29.187228627358696,"D3AAO":0,"D3B":75.835405343233504,"D4A":215.91999999999999,"D4C":346.32999999999998,"D4D":6566.0189831300004,"D5AR":689578,"D5BR":5430756}},{"type":"Feature","id":151255,"geometry":{"type":"Polygon","coordinates":[[[-73.970300442638703,40.789061272875756],[-73.970764442245894,40.788429271909898],[-73.967928440232683,40.787230272363331],[-73.967451441105027,40.787869272545258],[-73.970300442638703,40.789061272875756]]]},"properties":{"OBJECTID":151255,"GEOID20":"360610173004","GEOID10":"360610173004","STATEFP":"36","COUNTYFP":"061","D1C":86.008338435522901,"D1C5_RET":6.0132948482463044,"D2B_E5MIXA":0.3033991424776033,"D3A":25.834980647921213,"D3AAO":0,"D3B":194.40786207493986,"D4A":232.00999999999999,"D4C":61,"D4D":7113.9049709499996,"D5AR":554984,"D5BR":2446172}},{"type":"Feature","id":151256,"geometry":{"type":"Polygon","coordinates":[[[-73.941365433351066,40.801879276820031],[-73.941826433483513,40.801248275755427],[-73.938604432579226,40.799891276437066],[-73.937229431679484,40.801777276595331],[-73.938830431636731,40.802453275401469],[-73.939288432294433,40.801824275598349],[-73.940909433241487,40.802507276509999],[-73.941365433351066,40.801879276820031]]]},"properties":{"OBJECTID":151256,"GEOID20":"360610196002","GEOID10":"360610196002","STATEFP":"36","COUNTYFP":"061","D1C":74.972417784522378,"D1C5_RET":6.4597644566298653,"D2B_E5MIXA":0.50697307221197752,"D3A":35.80305942125009,"D3AAO":2.790274463673708,"D3B":83.520186914002295,"D4A":120.7,"D4C":245.66999999999999,"D4D":10259.2021596,"D5AR":836825,"D5BR":3459076}},{"type":"Feature","id":151257,"geometry":{"type":"Polygon","coordinates":[[[-73.978859440647156,40.724090258688207],[-73.97928244024645,40.723513259367678],[-73.976894439743532,40.722506259389284],[-73.975599439209702,40.72429125970374],[-73.977978440390146,40.725296260441574],[-73.978859440647156,40.724090258688207]]]},"properties":{"OBJECTID":151257,"GEOID20":"360610026021","GEOID10":"360610026021","STATEFP":"36","COUNTYFP":"061","D1C":23.757146805798044,"D1C5_RET":6.8321206500334242,"D2B_E5MIXA":0.87461563570085976,"D3A":32.038750561975746,"D3AAO":0,"D3B":115.97214252493099,"D4A":229.33000000000001,"D4C":24,"D4D":1192.5156043699999,"D5AR":834508,"D5BR":2123282}},{"type":"Feature","id":151258,"geometry":{"type":"Polygon","coordinates":[[[-73.938263434792319,40.845308285447224],[-73.938732434422391,40.844644284705517],[-73.937519434802653,40.844145284046704],[-73.936079434503895,40.846113284452343],[-73.937314434763238,40.846631285247959],[-73.938263434792319,40.845308285447224]]]},"properties":{"OBJECTID":151258,"GEOID20":"360610263003","GEOID10":"360610263003","STATEFP":"36","COUNTYFP":"061","D1C":34.340198910471685,"D1C5_RET":3.1467114539476047,"D2B_E5MIXA":0.59244714986060099,"D3A":44.142236880295627,"D3AAO":0,"D3B":175.12133308925797,"D4A":181.05000000000001,"D4C":149,"D4D":13046.539315100001,"D5AR":684414,"D5BR":2385819}},{"type":"Feature","id":151259,"geometry":{"type":"Polygon","coordinates":[[[-73.969561442671932,40.802946275454232],[-73.970048442743618,40.802273274335832],[-73.967879441625499,40.801362274824854],[-73.967790441038744,40.802208276116595],[-73.967586442620856,40.802940275221779],[-73.969121441557533,40.803571275840433],[-73.969561442671932,40.802946275454232]]]},"properties":{"OBJECTID":151259,"GEOID20":"360610195002","GEOID10":"360610195002","STATEFP":"36","COUNTYFP":"061","D1C":25.703744784165377,"D1C5_RET":1.8160254467073365,"D2B_E5MIXA":0.76678495456580686,"D3A":36.7679860603997,"D3AAO":0,"D3B":178.80873430377116,"D4A":199.83000000000001,"D4C":84.329999999999998,"D4D":7539.4702819200002,"D5AR":565587,"D5BR":2154313}},{"type":"Feature","id":151260,"geometry":{"type":"Polygon","coordinates":[[[-73.959395436773605,40.774286270883536],[-73.959858437454201,40.773651270057904],[-73.958256435875413,40.772973269765174],[-73.957295436150773,40.77429126960714],[-73.958896437006331,40.774968270729225],[-73.959395436773605,40.774286270883536]]]},"properties":{"OBJECTID":151260,"GEOID20":"360610140003","GEOID10":"360610140003","STATEFP":"36","COUNTYFP":"061","D1C":82.874719490575046,"D1C5_RET":5.316491439018022,"D2B_E5MIXA":0.8181743221335841,"D3A":15.432310454244593,"D3AAO":0,"D3B":0,"D4A":148.86000000000001,"D4C":150.33000000000001,"D4D":15044.294739299999,"D5AR":792374,"D5BR":3600263}},{"type":"Feature","id":151261,"geometry":{"type":"Polygon","coordinates":[[[-74.003945449216729,40.748005263708336],[-74.004169450421017,40.747698263671815],[-74.001327448560019,40.746500262409427],[-74.001101448604203,40.746809262712105],[-74.001698449179102,40.746994263122431],[-74.003945449216729,40.748005263708336]]]},"properties":{"OBJECTID":151261,"GEOID20":"360610093003","GEOID10":"360610093003","STATEFP":"36","COUNTYFP":"061","D1C":149.67794512398714,"D1C5_RET":2.1692455815070599,"D2B_E5MIXA":0.69974617278316897,"D3A":6.80665848453802,"D3AAO":6.80665848453802,"D3B":0,"D4A":0,"D4C":58.329999999999998,"D4D":16196.108130500001,"D5AR":769271,"D5BR":2812752}},{"type":"Feature","id":151262,"geometry":{"type":"Polygon","coordinates":[[[-73.998662448945964,40.755260265233716],[-73.999144449893123,40.75459326447875],[-73.99630544750687,40.753397264928999],[-73.995355447652869,40.754696265359712],[-73.99820944831113,40.755877265034208],[-73.998662448945964,40.755260265233716]]]},"properties":{"OBJECTID":151262,"GEOID20":"360610111002","GEOID10":"360610111002","STATEFP":"36","COUNTYFP":"061","D1C":96.239638108597788,"D1C5_RET":1.6265854328213709,"D2B_E5MIXA":0.52796007454495608,"D3A":62.019158609726695,"D3AAO":36.137587215951328,"D3B":38.575377197932603,"D4A":179.71000000000001,"D4C":302.67000000000002,"D4D":17504.661793899999,"D5AR":946246,"D5BR":2747534}},{"type":"Feature","id":152815,"geometry":{"type":"Polygon","coordinates":[[[-73.962433437554878,40.758989266472767],[-73.962926438372705,40.758317266461859],[-73.960672436865764,40.757372267094823],[-73.960183436245899,40.758045266713275],[-73.962433437554878,40.758989266472767]]]},"properties":{"OBJECTID":152815,"GEOID20":"360610106012","GEOID10":"360610106012","STATEFP":"36","COUNTYFP":"061","D1C":51.042150935435764,"D1C5_RET":6.5438655045430458,"D2B_E5MIXA":0.80688956214361041,"D3A":31.106814818523031,"D3AAO":7.4465002615548244,"D3B":139.60246409691831,"D4A":160.93000000000001,"D4C":71.329999999999998,"D4D":9957.8437640299999,"D5AR":1054559,"D5BR":3710485}},{"type":"Feature","id":152816,"geometry":{"type":"Polygon","coordinates":[[[-73.973983440980504,40.757188265891791],[-73.974440440914989,40.756564265386459],[-73.972821439617761,40.755878265328121],[-73.969626439375986,40.760259267389273],[-73.97124443994997,40.760945267827204],[-73.973983440980504,40.757188265891791]]]},"properties":{"OBJECTID":152816,"GEOID20":"360610100001","GEOID10":"360610100001","STATEFP":"36","COUNTYFP":"061","D1C":863.4567420712051,"D1C5_RET":9.0268151081432233,"D2B_E5MIXA":0.60403342865331222,"D3A":38.498685266189895,"D3AAO":0,"D3B":119.11673544766316,"D4A":257.5,"D4C":492,"D4D":14651.3584601,"D5AR":969261,"D5BR":4758366}},{"type":"Feature","id":152817,"geometry":{"type":"Polygon","coordinates":[[[-73.994845447116631,40.750301263647778],[-73.995300447401291,40.74967926324684],[-73.989618445125743,40.747285263723384],[-73.987781445166959,40.749780264163896],[-73.993465447092333,40.752198264593261],[-73.994845447116631,40.750301263647778]]]},"properties":{"OBJECTID":152817,"GEOID20":"360610101001","GEOID10":"360610101001","STATEFP":"36","COUNTYFP":"061","D1C":1278.3890209382344,"D1C5_RET":76.756372093126203,"D2B_E5MIXA":0.83740524493124135,"D3A":27.524029031598957,"D3AAO":5.5112832294046106,"D3B":19.685046632089946,"D4A":0,"D4C":525.66999999999996,"D4D":7757.0003471399996,"D5AR":897082,"D5BR":5263965}},{"type":"Feature","id":152818,"geometry":{"type":"Polygon","coordinates":[[[-74.000862448229611,40.752222264805233],[-74.000976449829054,40.752063264260229],[-73.995300447401291,40.74967926324684],[-73.993465447092333,40.752198264593261],[-73.999144449893123,40.75459326447875],[-74.000862448229611,40.752222264805233]]]},"properties":{"OBJECTID":152818,"GEOID20":"360610103001","GEOID10":"360610103001","STATEFP":"36","COUNTYFP":"061","D1C":330.58815269483574,"D1C5_RET":50.636678173787992,"D2B_E5MIXA":0.8904179695512241,"D3A":26.181794106215207,"D3AAO":15.287156058952943,"D3B":0,"D4A":197.13999999999999,"D4C":279,"D4D":4141.8622330300004,"D5AR":907875,"D5BR":3327025}},{"type":"Feature","id":152849,"geometry":{"type":"Polygon","coordinates":[[[-73.965901438506464,40.765365268435531],[-73.96636043988741,40.764740267646289],[-73.964756439557107,40.764066268282569],[-73.963402437675455,40.765919268894436],[-73.96498943828729,40.766617268974407],[-73.965901438506464,40.765365268435531]]]},"properties":{"OBJECTID":152849,"GEOID20":"360610120002","GEOID10":"360610120002","STATEFP":"36","COUNTYFP":"061","D1C":80.198764795415542,"D1C5_RET":15.354859926394987,"D2B_E5MIXA":0.84148493433893179,"D3A":22.740698899239703,"D3AAO":0,"D3B":0,"D4A":0,"D4C":322.67000000000002,"D4D":22812.3287595,"D5AR":965352,"D5BR":3848419}},{"type":"Feature","id":152863,"geometry":{"type":"Polygon","coordinates":[[[-73.959696436174184,40.76274826769972],[-73.960151436458844,40.762123267475324],[-73.957889436352616,40.761183267491347],[-73.957442435565554,40.761797267498345],[-73.959696436174184,40.76274826769972]]]},"properties":{"OBJECTID":152863,"GEOID20":"360610106021","GEOID10":"360610106021","STATEFP":"36","COUNTYFP":"061","D1C":65.006410814041004,"D1C5_RET":6.3824476071967533,"D2B_E5MIXA":0.93823065109366854,"D3A":16.734013464114479,"D3AAO":0,"D3B":0,"D4A":140.81999999999999,"D4C":62.329999999999998,"D4D":9429.7590366000004,"D5AR":1021261,"D5BR":3447073}},{"type":"Feature","id":152864,"geometry":{"type":"Polygon","coordinates":[[[-73.961778438151995,40.75988826750757],[-73.961967437399565,40.759627266593988],[-73.959723435938372,40.758671267429754],[-73.957889436352616,40.761183267491347],[-73.960151436458844,40.762123267475324],[-73.961778438151995,40.75988826750757]]]},"properties":{"OBJECTID":152864,"GEOID20":"360610106022","GEOID10":"360610106022","STATEFP":"36","COUNTYFP":"061","D1C":74.502312699854429,"D1C5_RET":24.756070912834584,"D2B_E5MIXA":0.74710863857157195,"D3A":60.545005335741642,"D3AAO":33.629939257181064,"D3B":37.455993816109057,"D4A":140.81999999999999,"D4C":75,"D4D":2809.1995362100001,"D5AR":1140568,"D5BR":3249258}},{"type":"Feature","id":152865,"geometry":{"type":"Polygon","coordinates":[[[-73.964315436821195,40.76060726756581],[-73.964802437791221,40.759990267437523],[-73.962433437554878,40.758989266472767],[-73.961967437399565,40.759627266593988],[-73.964315436821195,40.76060726756581]]]},"properties":{"OBJECTID":152865,"GEOID20":"360610108001","GEOID10":"360610108001","STATEFP":"36","COUNTYFP":"061","D1C":181.8552464174073,"D1C5_RET":4.6572685058116505,"D2B_E5MIXA":0.65061798478567934,"D3A":29.775932830967328,"D3AAO":7.1952484206821712,"D3B":0,"D4A":253.47,"D4C":321.67000000000002,"D4D":45656.489455700001,"D5AR":715340,"D5BR":3752651}},{"type":"Feature","id":152866,"geometry":{"type":"Polygon","coordinates":[[[-73.965294438784142,40.759316266855116],[-73.965784439228898,40.758640266418851],[-73.963413437546095,40.757645267142607],[-73.962926438372705,40.758317266461859],[-73.965294438784142,40.759316266855116]]]},"properties":{"OBJECTID":152866,"GEOID20":"360610108003","GEOID10":"360610108003","STATEFP":"36","COUNTYFP":"061","D1C":69.182080151043962,"D1C5_RET":0.4142639530002632,"D2B_E5MIXA":0.73168647758873995,"D3A":2.0697644773459891,"D3AAO":0,"D3B":0,"D4A":89.859999999999999,"D4C":229.66999999999999,"D4D":30446.080667400001,"D5AR":1028516,"D5BR":4141431}},{"type":"Feature","id":152867,"geometry":{"type":"Polygon","coordinates":[[[-73.96430043854923,40.764691267926004],[-73.964756439557107,40.764066268282569],[-73.962516437395564,40.763121267637366],[-73.962065437308851,40.763743267476102],[-73.96430043854923,40.764691267926004]]]},"properties":{"OBJECTID":152867,"GEOID20":"360610110001","GEOID10":"360610110001","STATEFP":"36","COUNTYFP":"061","D1C":80.437340660134112,"D1C5_RET":2.6023845507690448,"D2B_E5MIXA":0.74955576304053007,"D3A":27.252513396880694,"D3AAO":7.5013138648342572,"D3B":0,"D4A":301.75,"D4C":280.67000000000002,"D4D":42496.655817600004,"D5AR":947151,"D5BR":3640295}},{"type":"Feature","id":152868,"geometry":{"type":"Polygon","coordinates":[[[-73.997759448947647,40.756495265517252],[-73.99820944831113,40.755877265034208],[-73.995355447652869,40.754696265359712],[-73.994469447372978,40.755917264530218],[-73.997307448137718,40.75711826503408],[-73.997759448947647,40.756495265517252]]]},"properties":{"OBJECTID":152868,"GEOID20":"360610111003","GEOID10":"360610111003","STATEFP":"36","COUNTYFP":"061","D1C":57.705908661430968,"D1C5_RET":14.214669180874512,"D2B_E5MIXA":0.92773527652710563,"D3A":47.780368125393288,"D3AAO":29.112769728878153,"D3B":0,"D4A":282.98000000000002,"D4C":491.32999999999998,"D4D":29601.455506800001,"D5AR":1020072,"D5BR":2699520}},{"type":"Feature","id":152869,"geometry":{"type":"Polygon","coordinates":[[[-73.973969440736781,40.762975267695836],[-73.974458441356646,40.762301267443199],[-73.97124443994997,40.760945267827204],[-73.969802439103077,40.762922267283543],[-73.973016441408078,40.764287267535984],[-73.973969440736781,40.762975267695836]]]},"properties":{"OBJECTID":152869,"GEOID20":"360610112021","GEOID10":"360610112021","STATEFP":"36","COUNTYFP":"061","D1C":1306.4064946010374,"D1C5_RET":198.85061130195282,"D2B_E5MIXA":0.8309928224117421,"D3A":31.934904075580423,"D3AAO":3.4179732857995524,"D3B":66.404587129272016,"D4A":0,"D4C":525,"D4D":17431.204121399998,"D5AR":979694,"D5BR":5343934}},{"type":"Feature","id":152870,"geometry":{"type":"Polygon","coordinates":[[[-73.970751439132158,40.761617267126482],[-73.97124443994997,40.760945267827204],[-73.969626439375986,40.760259267389273],[-73.968188438727054,40.762235267319596],[-73.969802439103077,40.762922267283543],[-73.970751439132158,40.761617267126482]]]},"properties":{"OBJECTID":152870,"GEOID20":"360610112032","GEOID10":"360610112032","STATEFP":"36","COUNTYFP":"061","D1C":750.88682830863786,"D1C5_RET":43.350167407508991,"D2B_E5MIXA":0.75893523477076119,"D3A":33.6878486591702,"D3AAO":6.7403862091433391,"D3B":66.057397954299404,"D4A":132.77000000000001,"D4C":531.33000000000004,"D4D":35098.277255100002,"D5AR":941715,"D5BR":5268171}},{"type":"Feature","id":152871,"geometry":{"type":"Polygon","coordinates":[[[-73.991178446871743,40.755338265020661],[-73.991634446981294,40.754715265154665],[-73.985948443609487,40.752325265276319],[-73.984119444046627,40.754850265546828],[-73.989792446101319,40.757242266386385],[-73.991178446871743,40.755338265020661]]]},"properties":{"OBJECTID":152871,"GEOID20":"360610113001","GEOID10":"360610113001","STATEFP":"36","COUNTYFP":"061","D1C":1213.7400795882738,"D1C5_RET":79.393867129727823,"D2B_E5MIXA":0.9013993158765462,"D3A":27.57391488303438,"D3AAO":5.2630932325995454,"D3B":0,"D4A":227.99000000000001,"D4C":898.66999999999996,"D4D":13251.099073400001,"D5AR":1067886,"D5BR":5178014}},{"type":"Feature","id":152872,"geometry":{"type":"Polygon","coordinates":[[[-73.972554441450711,40.764906268235364],[-73.973016441408078,40.764287267535984],[-73.971412441077774,40.763596267362388],[-73.969586440091319,40.766099267821112],[-73.971190441319933,40.766775268598792],[-73.972554441450711,40.764906268235364]]]},"properties":{"OBJECTID":152872,"GEOID20":"360610114012","GEOID10":"360610114012","STATEFP":"36","COUNTYFP":"061","D1C":537.11524866812886,"D1C5_RET":117.4089936113029,"D2B_E5MIXA":0.87735609337519005,"D3A":22.35497385346633,"D3AAO":0,"D3B":52.731066338004915,"D4A":108.63,"D4C":467,"D4D":24625.407979799998,"D5AR":852442,"D5BR":4607681}},{"type":"Feature","id":152873,"geometry":{"type":"Polygon","coordinates":[[[-73.967728439317824,40.762859266982396],[-73.968188438727054,40.762235267319596],[-73.966584438396765,40.761560267519478],[-73.964756439557107,40.764066268282569],[-73.96636043988741,40.764740267646289],[-73.967728439317824,40.762859266982396]]]},"properties":{"OBJECTID":152873,"GEOID20":"360610114021","GEOID10":"360610114021","STATEFP":"36","COUNTYFP":"061","D1C":282.11714801378662,"D1C5_RET":220.45804563201651,"D2B_E5MIXA":0.49657597761583322,"D3A":24.850768428521864,"D3AAO":0.36304812455246066,"D3B":0,"D4A":96.560000000000002,"D4C":484.32999999999998,"D4D":25517.417831999999,"D5AR":975588,"D5BR":3846351}},{"type":"Feature","id":152874,"geometry":{"type":"Polygon","coordinates":[[[-73.99723444834278,40.757217265671422],[-73.997307448137718,40.75711826503408],[-73.994469447372978,40.755917264530218],[-73.99263444616571,40.758438265491982],[-73.995475448201788,40.759635265771678],[-73.99723444834278,40.757217265671422]]]},"properties":{"OBJECTID":152874,"GEOID20":"360610115002","GEOID10":"360610115002","STATEFP":"36","COUNTYFP":"061","D1C":68.564146293682086,"D1C5_RET":2.8126515964455998,"D2B_E5MIXA":0.84871107466026086,"D3A":87.105007814990174,"D3AAO":55.896280057316112,"D3B":0,"D4A":316.5,"D4C":433,"D4D":12777.737875500001,"D5AR":931357,"D5BR":2633735}},{"type":"Feature","id":152875,"geometry":{"type":"Polygon","coordinates":[[[-73.958322435997673,40.764625268814903],[-73.958782436305199,40.763998267527029],[-73.956527435871664,40.763051268264647],[-73.957889436352616,40.761183267491347],[-73.95631443543634,40.760485267496229],[-73.953354435371182,40.763390268525903],[-73.95230943508264,40.764563268930452],[-73.954702435608439,40.765553268008574],[-73.955161436091061,40.764926268671864],[-73.957413436151555,40.765876268863231],[-73.958322435997673,40.764625268814903]]]},"properties":{"OBJECTID":152875,"GEOID20":"360610116001","GEOID10":"360610116001","STATEFP":"36","COUNTYFP":"061","D1C":712.81257752305032,"D1C5_RET":0.57630651962467783,"D2B_E5MIXA":0.059516315783083522,"D3A":35.404585572660707,"D3AAO":12.79182256180666,"D3B":59.021534676409978,"D4A":0,"D4C":99,"D4D":1593.00216275,"D5AR":998517,"D5BR":3030634}},{"type":"Feature","id":152881,"geometry":{"type":"Polygon","coordinates":[[[-73.958782436305199,40.763998267527029],[-73.959241437686146,40.763374267671338],[-73.956984435806149,40.762425267972446],[-73.956527435871664,40.763051268264647],[-73.958782436305199,40.763998267527029]]]},"properties":{"OBJECTID":152881,"GEOID20":"360610116002","GEOID10":"360610116002","STATEFP":"36","COUNTYFP":"061","D1C":29.015387398125863,"D1C5_RET":11.933748042777573,"D2B_E5MIXA":0.6685577948122432,"D3A":20.67142922875508,"D3AAO":0,"D3B":99.887811068644922,"D4A":207.87,"D4C":37,"D4D":5541.0030127999999,"D5AR":1022440,"D5BR":3190645}},{"type":"Feature","id":152882,"geometry":{"type":"Polygon","coordinates":[[[-74.00323345170905,40.760309265160856],[-74.003474449936846,40.759981265348685],[-74.000068449807856,40.758411265395736],[-74.000139449054657,40.758315264586507],[-73.997307448137718,40.75711826503408],[-73.995475448201788,40.759635265771678],[-74.00115245045447,40.762034266632206],[-74.001717450343989,40.762216266271878],[-74.002749451112052,40.761032266293732],[-74.00323345170905,40.760309265160856]]]},"properties":{"OBJECTID":152882,"GEOID20":"360610117001","GEOID10":"360610117001","STATEFP":"36","COUNTYFP":"061","D1C":28.623596967138717,"D1C5_RET":1.8794361782196742,"D2B_E5MIXA":0.75612992994817518,"D3A":53.286682226090235,"D3AAO":30.264027378887473,"D3B":69.156338489782513,"D4A":100.58,"D4C":114,"D4D":1576.13406394,"D5AR":934030,"D5BR":2575663}},{"type":"Feature","id":152883,"geometry":{"type":"Polygon","coordinates":[[[-73.963402437675455,40.765919268894436],[-73.961149437790041,40.764995268634578],[-73.960691437132326,40.765622268681085],[-73.962930437672355,40.766567268463895],[-73.963402437675455,40.765919268894436]]]},"properties":{"OBJECTID":152883,"GEOID20":"360610118001","GEOID10":"360610118001","STATEFP":"36","COUNTYFP":"061","D1C":66.563108645091745,"D1C5_RET":13.173948586007741,"D2B_E5MIXA":0.95278603285624508,"D3A":47.436227457975484,"D3AAO":7.5977868632979879,"D3B":0,"D4A":173,"D4C":159,"D4D":23518.965054600001,"D5AR":969175,"D5BR":3647218}},{"type":"Feature","id":152884,"geometry":{"type":"Polygon","coordinates":[[[-73.962930437672355,40.766567268463895],[-73.960691437132326,40.765622268681085],[-73.96023443719784,40.766248268797682],[-73.962471438088031,40.767193268523563],[-73.962930437672355,40.766567268463895]]]},"properties":{"OBJECTID":152884,"GEOID20":"360610118003","GEOID10":"360610118003","STATEFP":"36","COUNTYFP":"061","D1C":267.95967334067564,"D1C5_RET":1.1773272115143922,"D2B_E5MIXA":0.59770721877395838,"D3A":2.0535015775877277,"D3AAO":2.0535015775877277,"D3B":0,"D4A":136.78999999999999,"D4C":165,"D4D":24865.150707199999,"D5AR":884607,"D5BR":3446724}},{"type":"Feature","id":152885,"geometry":{"type":"Polygon","coordinates":[[[-73.967521439628598,40.766047267999845],[-73.967975439190027,40.76542126803102],[-73.96636043988741,40.764740267646289],[-73.96498943828729,40.766617268974407],[-73.966608439584533,40.767299268617194],[-73.967521439628598,40.766047267999845]]]},"properties":{"OBJECTID":152885,"GEOID20":"360610120003","GEOID10":"360610120003","STATEFP":"36","COUNTYFP":"061","D1C":118.52930232305481,"D1C5_RET":10.538352268869218,"D2B_E5MIXA":0.79186478929737603,"D3A":28.350383618698533,"D3AAO":10.345443607272765,"D3B":69.531396413157722,"D4A":0,"D4C":331,"D4D":23014.892212800001,"D5AR":961844,"D5BR":3830861}},{"type":"Feature","id":152886,"geometry":{"type":"Polygon","coordinates":[[[-73.966151438751709,40.767925268585074],[-73.966608439584533,40.767299268617194],[-73.96498943828729,40.766617268974407],[-73.96407843789305,40.767868269625424],[-73.962471438088031,40.767193268523563],[-73.961560438592102,40.768445269321766],[-73.96478343842297,40.769804269248461],[-73.966151438751709,40.767925268585074]]]},"properties":{"OBJECTID":152886,"GEOID20":"360610120004","GEOID10":"360610120004","STATEFP":"36","COUNTYFP":"061","D1C":144.055416060624,"D1C5_RET":9.037490198814659,"D2B_E5MIXA":0.50647147086408784,"D3A":35.650481405369966,"D3AAO":10.373329678744929,"D3B":34.843335706273379,"D4A":96.560000000000002,"D4C":237.33000000000001,"D4D":8269.3688631700006,"D5AR":878592,"D5BR":4496192}},{"type":"Feature","id":152887,"geometry":{"type":"Polygon","coordinates":[[[-73.96776044000319,40.768604268784408],[-73.968216439214444,40.767976268185741],[-73.966608439584533,40.767299268617194],[-73.96478343842297,40.769804269248461],[-73.966388439476503,40.770486268158791],[-73.96776044000319,40.768604268784408]]]},"properties":{"OBJECTID":152887,"GEOID20":"360610122001","GEOID10":"360610122001","STATEFP":"36","COUNTYFP":"061","D1C":139.51595263452228,"D1C5_RET":46.232559084167207,"D2B_E5MIXA":0.74425972807679031,"D3A":37.990632692010898,"D3AAO":10.397381394267937,"D3B":0,"D4A":0,"D4C":220.66999999999999,"D4D":11556.4050272,"D5AR":857063,"D5BR":4379839}},{"type":"Feature","id":152888,"geometry":{"type":"Polygon","coordinates":[[[-73.994984448830422,40.760308265614057],[-73.995475448201788,40.759635265771678],[-73.99263444616571,40.758438265491982],[-73.992141447144519,40.759111266566315],[-73.994984448830422,40.760308265614057]]]},"properties":{"OBJECTID":152888,"GEOID20":"360610121002","GEOID10":"360610121002","STATEFP":"36","COUNTYFP":"061","D1C":179.15082096640373,"D1C5_RET":22.437000699067905,"D2B_E5MIXA":0.55704358354738193,"D3A":34.017617520210422,"D3AAO":7.4115994447151436,"D3B":0,"D4A":197.13999999999999,"D4C":427,"D4D":47166.027315699997,"D5AR":966916,"D5BR":2731280}},{"type":"Feature","id":152889,"geometry":{"type":"Polygon","coordinates":[[[-73.994527447099316,40.760935265649842],[-73.994984448830422,40.760308265614057],[-73.992141447144519,40.759111266566315],[-73.991686446859859,40.759737266770252],[-73.994527447099316,40.760935265649842]]]},"properties":{"OBJECTID":152889,"GEOID20":"360610121003","GEOID10":"360610121003","STATEFP":"36","COUNTYFP":"061","D1C":71.945681010836822,"D1C5_RET":6.6753724649230044,"D2B_E5MIXA":0.52472435412741458,"D3A":24.390649239343691,"D3AAO":11.780267773795291,"D3B":0,"D4A":270.91000000000003,"D4C":427,"D4D":50673.494089300002,"D5AR":876964,"D5BR":2723122}},{"type":"Feature","id":152890,"geometry":{"type":"Polygon","coordinates":[[[-73.994071447888047,40.761560266158682],[-73.994527447099316,40.760935265649842],[-73.988843446072266,40.758541266539837],[-73.988392445985554,40.759172267209571],[-73.994071447888047,40.761560266158682]]]},"properties":{"OBJECTID":152890,"GEOID20":"360610121004","GEOID10":"360610121004","STATEFP":"36","COUNTYFP":"061","D1C":527.10272633662828,"D1C5_RET":4.2748105450431773,"D2B_E5MIXA":0.73490536953728003,"D3A":21.910360088445891,"D3AAO":5.8916233012236008,"D3B":0,"D4A":0,"D4C":646,"D4D":38421.253733500002,"D5AR":971219,"D5BR":2783957}},{"type":"Feature","id":152891,"geometry":{"type":"Polygon","coordinates":[[[-73.970729441187487,40.767402268860721],[-73.971190441319933,40.766775268598792],[-73.969586440091319,40.766099267821112],[-73.96776044000319,40.768604268784408],[-73.96936643998329,40.769279268480325],[-73.970729441187487,40.767402268860721]]]},"properties":{"OBJECTID":152891,"GEOID20":"360610122003","GEOID10":"360610122003","STATEFP":"36","COUNTYFP":"061","D1C":128.58775847821681,"D1C5_RET":27.736223590068462,"D2B_E5MIXA":0.86189393975654405,"D3A":37.418526041018673,"D3AAO":0,"D3B":52.518290171545821,"D4A":138.13999999999999,"D4C":269.67000000000002,"D4D":14162.6073106,"D5AR":897969,"D5BR":4314372}},{"type":"Feature","id":152892,"geometry":{"type":"Polygon","coordinates":[[[-73.968905439850857,40.769909269176438],[-73.96936643998329,40.769279268480325],[-73.96776044000319,40.768604268784408],[-73.966388439476503,40.770486268158791],[-73.967995440179834,40.771155269443284],[-73.968905439850857,40.769909269176438]]]},"properties":{"OBJECTID":152892,"GEOID20":"360610122004","GEOID10":"360610122004","STATEFP":"36","COUNTYFP":"061","D1C":79.420788473769719,"D1C5_RET":11.973535191757813,"D2B_E5MIXA":0.6929736521282106,"D3A":31.982335996682728,"D3AAO":0,"D3B":70.303317401539744,"D4A":116.68000000000001,"D4C":167,"D4D":11740.6540061,"D5AR":735161,"D5BR":3963144}},{"type":"Feature","id":152893,"geometry":{"type":"Polygon","coordinates":[[[-73.955265436746458,40.768817269843133],[-73.955503435499509,40.768493269571877],[-73.951341433888672,40.766718269333083],[-73.951138434397393,40.766700269698063],[-73.95081443363398,40.766460269109082],[-73.950660433648196,40.766423268878818],[-73.950094434832067,40.767044268985437],[-73.955038435169101,40.769128269348336],[-73.955265436746458,40.768817269843133]]]},"properties":{"OBJECTID":152893,"GEOID20":"360610124001","GEOID10":"360610124001","STATEFP":"36","COUNTYFP":"061","D1C":55.804179645861446,"D1C5_RET":4.2507089964621025,"D2B_E5MIXA":0.9096650172696894,"D3A":44.435792468946794,"D3AAO":8.3023526524740792,"D3B":0,"D4A":73.760000000000005,"D4C":43,"D4D":2898.8759261,"D5AR":1066514,"D5BR":2488995}},{"type":"Feature","id":152894,"geometry":{"type":"Polygon","coordinates":[[[-73.956729435538023,40.766809268925293],[-73.95695743514365,40.766501269174682],[-73.954702435608439,40.765553268008574],[-73.954249435871915,40.766173268621834],[-73.956497435734434,40.767127269175738],[-73.956729435538023,40.766809268925293]]]},"properties":{"OBJECTID":152894,"GEOID20":"360610124004","GEOID10":"360610124004","STATEFP":"36","COUNTYFP":"061","D1C":87.70613675606414,"D1C5_RET":1.4108225751645707,"D2B_E5MIXA":0.63495195255962877,"D3A":27.651663446168751,"D3AAO":0,"D3B":150.48774135088752,"D4A":237.38,"D4C":63,"D4D":9480.7277051100009,"D5AR":883008,"D5BR":2565655}},{"type":"Feature","id":152895,"geometry":{"type":"Polygon","coordinates":[[[-73.960603437268787,40.769757269350045],[-73.961103436860981,40.769067268997922],[-73.958862437569451,40.768128268684372],[-73.958363436903866,40.76881126924772],[-73.960603437268787,40.769757269350045]]]},"properties":{"OBJECTID":152895,"GEOID20":"360610126002","GEOID10":"360610126002","STATEFP":"36","COUNTYFP":"061","D1C":191.07407249711397,"D1C5_RET":9.8868473958011727,"D2B_E5MIXA":0.25434230446627892,"D3A":43.237375414185884,"D3AAO":7.9183570672679044,"D3B":0,"D4A":237.38,"D4C":138,"D4D":18982.746999899999,"D5AR":777283,"D5BR":3646524}},{"type":"Feature","id":152896,"geometry":{"type":"Polygon","coordinates":[[[-73.990317445807889,40.761614265823411],[-73.990765446419871,40.760996265980111],[-73.987928445480051,40.759799266393514],[-73.987016445260878,40.761046265919006],[-73.989864446071351,40.762243266863855],[-73.990317445807889,40.761614265823411]]]},"properties":{"OBJECTID":152896,"GEOID20":"360610127002","GEOID10":"360610127002","STATEFP":"36","COUNTYFP":"061","D1C":132.20982332972864,"D1C5_RET":5.8739202184576191,"D2B_E5MIXA":0.64106823293295956,"D3A":28.055499128344419,"D3AAO":5.8863169497100838,"D3B":0,"D4A":308.45999999999998,"D4C":211.66999999999999,"D4D":12630.681322099999,"D5AR":891859,"D5BR":2800222}},{"type":"Feature","id":152981,"geometry":{"type":"Polygon","coordinates":[[[-73.946860438723803,40.85059128586083],[-73.947006437415354,40.850467285523315],[-73.943188436659412,40.849763285477465],[-73.94299143701592,40.850827285883973],[-73.942800437220214,40.85118028616359],[-73.942387436768342,40.851663285525966],[-73.941592436725045,40.852363286329279],[-73.940378435483765,40.854024286702938],[-73.939809436294595,40.855184286835119],[-73.938653434779653,40.854685286727253],[-73.936577435344589,40.857359287117603],[-73.935607435399106,40.858871287923904],[-73.936986435598499,40.859622287843294],[-73.937790435862624,40.859820288405736],[-73.94055143573614,40.856257286386892],[-73.942121437527874,40.853724285952111],[-73.942696436564816,40.853072286195108],[-73.943302436462233,40.852497285775634],[-73.94411043782263,40.852062285327342],[-73.944637437178997,40.851938285704307],[-73.946332438644205,40.851040285453855],[-73.946860438723803,40.85059128586083]]]},"properties":{"OBJECTID":152981,"GEOID20":"360610275001","GEOID10":"360610275001","STATEFP":"36","COUNTYFP":"061","D1C":3.0560212349818388,"D1C5_RET":0,"D2B_E5MIXA":0.43042291746215211,"D3A":41.466264026138475,"D3AAO":26.083513711999522,"D3B":7.502354604537361,"D4A":163.62,"D4C":77,"D4D":866.08891236800002,"D5AR":635994,"D5BR":1810039}},{"type":"Feature","id":152990,"geometry":{"type":"Polygon","coordinates":[[[-73.942500434949608,40.832249281841065],[-73.942981435173536,40.831576282273247],[-73.941369435345663,40.830899282615832],[-73.940361434867015,40.833794282892718],[-73.94111943510039,40.834122281829821],[-73.942500434949608,40.832249281841065]]]},"properties":{"OBJECTID":152990,"GEOID20":"360610239002","GEOID10":"360610239002","STATEFP":"36","COUNTYFP":"061","D1C":16.596337736274904,"D1C5_RET":1.2252329872417715,"D2B_E5MIXA":0.46889061778560809,"D3A":27.490352331149627,"D3AAO":0,"D3B":142.5725657881334,"D4A":0,"D4C":132,"D4D":9409.7893420199998,"D5AR":734088,"D5BR":2354597}},{"type":"Feature","id":152991,"geometry":{"type":"Polygon","coordinates":[[[-73.948099437384471,40.834148281941417],[-73.948292437728327,40.833869282146289],[-73.945825437582684,40.832774281630861],[-73.944880436853254,40.83406728218764],[-73.946952437886992,40.834980282166931],[-73.947398437052513,40.83487428271691],[-73.947665437016212,40.834405282443448],[-73.948099437384471,40.834148281941417]]]},"properties":{"OBJECTID":152991,"GEOID20":"360610241002","GEOID10":"360610241002","STATEFP":"36","COUNTYFP":"061","D1C":26.438578593101163,"D1C5_RET":1.3002579635951392,"D2B_E5MIXA":0.63588903167759347,"D3A":44.740721963227173,"D3AAO":0,"D3B":231.20320270006366,"D4A":230.66999999999999,"D4C":79,"D4D":5478.4202199499996,"D5AR":690906,"D5BR":2372025}},{"type":"Feature","id":152992,"geometry":{"type":"Polygon","coordinates":[[[-73.941949435303783,40.842984283986738],[-73.942014435601109,40.842818284210445],[-73.939335434845049,40.841689284012006],[-73.939178434486209,40.843231284235188],[-73.941143436288172,40.844057284718815],[-73.941949435303783,40.842984283986738]]]},"properties":{"OBJECTID":152992,"GEOID20":"360610253006","GEOID10":"360610253006","STATEFP":"36","COUNTYFP":"061","D1C":18.359437393400519,"D1C5_RET":7.1841276756784636,"D2B_E5MIXA":0.83249549059995709,"D3A":20.557724032343462,"D3AAO":0,"D3B":0,"D4A":162.28,"D4C":117.33,"D4D":8562.9328272999992,"D5AR":618861,"D5BR":2386980}},{"type":"Feature","id":152993,"geometry":{"type":"Polygon","coordinates":[[[-73.931314433368684,40.859336287269336],[-73.931819433882069,40.858279287721729],[-73.930905433114773,40.857986288019404],[-73.931476433750404,40.85685928695424],[-73.93050343253357,40.857311287249374],[-73.929727432756835,40.857387287194484],[-73.928927432690685,40.857453287183411],[-73.928234431856325,40.857176287221165],[-73.927609432590657,40.857599287295862],[-73.927267431385573,40.857937287810543],[-73.926767432691705,40.85892328774397],[-73.925739432121588,40.8596462872842],[-73.925420432279353,40.859959288141582],[-73.925088432018327,40.860508287707688],[-73.924878431956046,40.8615492887578],[-73.92514743156957,40.86145928796023],[-73.925214430618396,40.86122528789582],[-73.925798432571128,40.860461288160529],[-73.927092431483388,40.859768287931054],[-73.927626432309097,40.859020287926356],[-73.928097433385602,40.85868928755275],[-73.928590432406779,40.858479287757483],[-73.929010433429667,40.858420286831375],[-73.929424432808148,40.858483287507426],[-73.931206433413664,40.859181288076698],[-73.931314433368684,40.859336287269336]]]},"properties":{"OBJECTID":152993,"GEOID20":"360610283002","GEOID10":"360610283002","STATEFP":"36","COUNTYFP":"061","D1C":4.3507889081092408,"D1C5_RET":0.89112543901032648,"D2B_E5MIXA":0.42067640053294986,"D3A":26.72931825810219,"D3AAO":0,"D3B":44.727622525689043,"D4A":284.31999999999999,"D4C":96.670000000000002,"D4D":3241.24383025,"D5AR":612045,"D5BR":2193969}},{"type":"Feature","id":152994,"geometry":{"type":"Polygon","coordinates":[[[-73.92692443305053,40.86324628836919],[-73.927767432774417,40.862934288817954],[-73.926503431304425,40.860964288521117],[-73.924743431338527,40.861602287894534],[-73.92601243193306,40.863583289251224],[-73.92692443305053,40.86324628836919]]]},"properties":{"OBJECTID":152994,"GEOID20":"360610285001","GEOID10":"360610285001","STATEFP":"36","COUNTYFP":"061","D1C":20.463041946907438,"D1C5_RET":11.491560502204178,"D2B_E5MIXA":0.72759064742455648,"D3A":26.497175137623604,"D3AAO":0,"D3B":129.09256176791894,"D4A":178.37,"D4C":80.670000000000002,"D4D":5204.3463057600002,"D5AR":652839,"D5BR":2221364}},{"type":"Feature","id":152995,"geometry":{"type":"Polygon","coordinates":[[[-73.927767432774417,40.862934288817954],[-73.928600433350852,40.862622288476359],[-73.927331432756304,40.860655288634625],[-73.926503431304425,40.860964288521117],[-73.927767432774417,40.862934288817954]]]},"properties":{"OBJECTID":152995,"GEOID20":"360610285002","GEOID10":"360610285002","STATEFP":"36","COUNTYFP":"061","D1C":12.15234641981854,"D1C5_RET":5.5431755599172288,"D2B_E5MIXA":0.60485020851601534,"D3A":20.739859187548138,"D3AAO":0,"D3B":0,"D4A":350.02999999999997,"D4C":81.670000000000002,"D4D":11143.659027199999,"D5AR":627217,"D5BR":2211822}},{"type":"Feature","id":152996,"geometry":{"type":"Polygon","coordinates":[[[-73.92727043265694,40.865543288408752],[-73.92601243193306,40.863583289251224],[-73.923768431370164,40.864411288792709],[-73.925006432002576,40.866344289573171],[-73.92727043265694,40.865543288408752]]]},"properties":{"OBJECTID":152996,"GEOID20":"360610291004","GEOID10":"360610291004","STATEFP":"36","COUNTYFP":"061","D1C":32.432562292541711,"D1C5_RET":8.8889244801780976,"D2B_E5MIXA":0.83478347836402667,"D3A":24.57077297633791,"D3AAO":0,"D3B":136.68768254734181,"D4A":171.66,"D4C":73.329999999999998,"D4D":3758.2706266199998,"D5AR":631542,"D5BR":2211659}},{"type":"Feature","id":152997,"geometry":{"type":"Polygon","coordinates":[[[-73.987616446208818,40.770423268224668],[-73.9880644468208,40.769799268146258],[-73.985219445485072,40.768603268001648],[-73.984770445048198,40.769226267652627],[-73.987616446208818,40.770423268224668]]]},"properties":{"OBJECTID":152997,"GEOID20":"360610145002","GEOID10":"360610145002","STATEFP":"36","COUNTYFP":"061","D1C":653.35943360179203,"D1C5_RET":25.955118968462159,"D2B_E5MIXA":0.27956717256313779,"D3A":29.608312218920592,"D3AAO":2.6315308550228527,"D3B":0,"D4A":201.16999999999999,"D4C":155,"D4D":18523.365479700002,"D5AR":714707,"D5BR":2503229}},{"type":"Feature","id":153006,"geometry":{"type":"Polygon","coordinates":[[[-73.989506446769397,40.767824268019787],[-73.989965447252004,40.767196266853333],[-73.987123445391006,40.765997267740801],[-73.986205446222385,40.767251267504626],[-73.989052447207939,40.768448267595048],[-73.989506446769397,40.767824268019787]]]},"properties":{"OBJECTID":153006,"GEOID20":"360610139003","GEOID10":"360610139003","STATEFP":"36","COUNTYFP":"061","D1C":258.47712867163659,"D1C5_RET":3.7031107259546792,"D2B_E5MIXA":0.69836593754328979,"D3A":25.258357350427531,"D3AAO":5.1282795463323483,"D3B":0,"D4A":181.05000000000001,"D4C":85,"D4D":5036.2305872999996,"D5AR":747071,"D5BR":2451696}},{"type":"Feature","id":153007,"geometry":{"type":"Polygon","coordinates":[[[-73.96101543879405,40.774966270715979],[-73.9614764380282,40.774332269603043],[-73.959858437454201,40.773651270057904],[-73.958896437006331,40.774968270729225],[-73.960516437230154,40.775650271056953],[-73.96101543879405,40.774966270715979]]]},"properties":{"OBJECTID":153007,"GEOID20":"360610140004","GEOID10":"360610140004","STATEFP":"36","COUNTYFP":"061","D1C":88.87577670112843,"D1C5_RET":10.993345201707525,"D2B_E5MIXA":0.57844640428908245,"D3A":28.43164715140016,"D3AAO":10.348117261169564,"D3B":0,"D4A":168.97999999999999,"D4C":150,"D4D":14864.241399500001,"D5AR":811636,"D5BR":3601250}},{"type":"Feature","id":153008,"geometry":{"type":"Polygon","coordinates":[[[-73.960018438186097,40.776331271200092],[-73.960516437230154,40.775650271056953],[-73.958896437006331,40.774968270729225],[-73.957473436426,40.77691927130568],[-73.959091436999998,40.777600271365195],[-73.960018438186097,40.776331271200092]]]},"properties":{"OBJECTID":153008,"GEOID20":"360610140005","GEOID10":"360610140005","STATEFP":"36","COUNTYFP":"061","D1C":69.544114174159247,"D1C5_RET":6.483812148568231,"D2B_E5MIXA":0.57050170995488947,"D3A":38.951202923721645,"D3AAO":6.9660394668125027,"D3B":66.929673791672059,"D4A":229.33000000000001,"D4C":227.33000000000001,"D4D":15215.122743100001,"D5AR":827013,"D5BR":3599842}},{"type":"Feature","id":153009,"geometry":{"type":"Polygon","coordinates":[[[-73.960501437161525,40.778553271167318],[-73.96070243790129,40.778280271289361],[-73.959091436999998,40.777600271365195],[-73.958166438158671,40.778869271777964],[-73.95977543761353,40.779550271573996],[-73.960501437161525,40.778553271167318]]]},"properties":{"OBJECTID":153009,"GEOID20":"360610142001","GEOID10":"360610142001","STATEFP":"36","COUNTYFP":"061","D1C":75.09594233368054,"D1C5_RET":5.975376056658452,"D2B_E5MIXA":0.36982402698060624,"D3A":39.386665736939108,"D3AAO":0,"D3B":0,"D4A":254.81,"D4C":216.33000000000001,"D4D":22359.405013399999,"D5AR":749643,"D5BR":3598210}},{"type":"Feature","id":153010,"geometry":{"type":"Polygon","coordinates":[[[-73.961629438189078,40.77701127118916],[-73.962126438306541,40.776328270561471],[-73.960516437230154,40.775650271056953],[-73.959091436999998,40.777600271365195],[-73.96070243790129,40.778280271289361],[-73.961629438189078,40.77701127118916]]]},"properties":{"OBJECTID":153010,"GEOID20":"360610142002","GEOID10":"360610142002","STATEFP":"36","COUNTYFP":"061","D1C":73.202718608235045,"D1C5_RET":14.598533553148739,"D2B_E5MIXA":0.65774031726198412,"D3A":32.471277089359518,"D3AAO":7.0146797324355123,"D3B":0,"D4A":230.66999999999999,"D4C":212.33000000000001,"D4D":14272.0305236,"D5AR":801112,"D5BR":3598419}},{"type":"Feature","id":153011,"geometry":{"type":"Polygon","coordinates":[[[-73.964229438404104,40.776318270019054],[-73.964688438886739,40.775685270239556],[-73.963088437856086,40.775011269639023],[-73.961629438189078,40.77701127118916],[-73.963231438869528,40.777685270545959],[-73.964229438404104,40.776318270019054]]]},"properties":{"OBJECTID":153011,"GEOID20":"360610142004","GEOID10":"360610142004","STATEFP":"36","COUNTYFP":"061","D1C":182.73866824428646,"D1C5_RET":19.892026492468858,"D2B_E5MIXA":0.76445957199246162,"D3A":32.114740681475809,"D3AAO":0,"D3B":65.963186460973517,"D4A":148.86000000000001,"D4C":158.33000000000001,"D4D":10443.9513124,"D5AR":809178,"D5BR":3163486}},{"type":"Feature","id":153016,"geometry":{"type":"Polygon","coordinates":[[[-73.981696444281923,40.768406267944897],[-73.981382443564229,40.768122268026744],[-73.981432443792954,40.767882267810805],[-73.973016441408078,40.764287267535984],[-73.949221434970966,40.79691827487666],[-73.957763437752547,40.800480274989546],[-73.958196438295914,40.800561275643531],[-73.981696444281923,40.768406267944897]]]},"properties":{"OBJECTID":153016,"GEOID20":"360610143001","GEOID10":"360610143001","STATEFP":"36","COUNTYFP":"061","D1C":83.822405076134913,"D1C5_RET":1.3895001612466467,"D2B_E5MIXA":0.4811457099394868,"D3A":46.007744542127995,"D3AAO":0.084175420966609002,"D3B":434.95979959499402,"D4A":481.45999999999998,"D4C":544.33000000000004,"D4D":471.17781227799998,"D5AR":678775,"D5BR":3021248}},{"type":"Feature","id":153017,"geometry":{"type":"Polygon","coordinates":[[[-73.947486432424483,40.775443270130452],[-73.947625433239978,40.775254270643764],[-73.94526843269918,40.774260270439633],[-73.94476643345719,40.774944270566252],[-73.947123433997959,40.775937270748642],[-73.947486432424483,40.775443270130452]]]},"properties":{"OBJECTID":153017,"GEOID20":"360610144011","GEOID10":"360610144011","STATEFP":"36","COUNTYFP":"061","D1C":37.094116586193607,"D1C5_RET":1.8444588357775829,"D2B_E5MIXA":0.57147757424844581,"D3A":28.512728682427131,"D3AAO":0,"D3B":218.6460833960773,"D4A":262.86000000000001,"D4C":44.329999999999998,"D4D":5814.3856490400003,"D5AR":812870,"D5BR":3131229}},{"type":"Feature","id":153018,"geometry":{"type":"Polygon","coordinates":[[[-73.949375434956764,40.77688427005215],[-73.947123433997959,40.775937270748642],[-73.946629433355241,40.776612270779935],[-73.948881434314018,40.777561271960806],[-73.949375434956764,40.77688427005215]]]},"properties":{"OBJECTID":153018,"GEOID20":"360610144021","GEOID10":"360610144021","STATEFP":"36","COUNTYFP":"061","D1C":63.907105844096861,"D1C5_RET":14.947763739805707,"D2B_E5MIXA":0.65269226742455466,"D3A":30.031764535386646,"D3AAO":7.4401935324866688,"D3B":138.6459245431254,"D4A":0,"D4C":58,"D4D":8041.4636234999998,"D5AR":804565,"D5BR":3155178}},{"type":"Feature","id":153019,"geometry":{"type":"Polygon","coordinates":[[[-73.94842343365633,40.778190270358586],[-73.948881434314018,40.777561271960806],[-73.946629433355241,40.776612270779935],[-73.946171432697525,40.777239271415979],[-73.94842343365633,40.778190270358586]]]},"properties":{"OBJECTID":153019,"GEOID20":"360610144022","GEOID10":"360610144022","STATEFP":"36","COUNTYFP":"061","D1C":62.09189895164365,"D1C5_RET":4.9019920224981828,"D2B_E5MIXA":0.70468508535937002,"D3A":40.059884294145,"D3AAO":3.4911310856581315,"D3B":0,"D4A":0,"D4C":64.329999999999998,"D4D":9610.5187598400007,"D5AR":804142,"D5BR":3131797}},{"type":"Feature","id":153020,"geometry":{"type":"Polygon","coordinates":[[[-73.987497446383145,40.770584268542272],[-73.987616446208818,40.770423268224668],[-73.984770445048198,40.769226267652627],[-73.983469444666596,40.771144268738311],[-73.98623944476094,40.772307268557206],[-73.987497446383145,40.770584268542272]]]},"properties":{"OBJECTID":153020,"GEOID20":"360610145001","GEOID10":"360610145001","STATEFP":"36","COUNTYFP":"061","D1C":120.59673883981574,"D1C5_RET":0.49859116832998757,"D2B_E5MIXA":0.26013109735677109,"D3A":29.729852042423758,"D3AAO":3.1558730382849767,"D3B":52.887178706022162,"D4A":219.94,"D4C":167.66999999999999,"D4D":6647.3712545999997,"D5AR":632188,"D5BR":2584999}},{"type":"Feature","id":153021,"geometry":{"type":"Polygon","coordinates":[[[-73.953985435382947,40.778830271758089],[-73.954483436223626,40.778147272145858],[-73.952241435310569,40.777202271065377],[-73.95174443429481,40.777883270944848],[-73.953985435382947,40.778830271758089]]]},"properties":{"OBJECTID":153021,"GEOID20":"360610146011","GEOID10":"360610146011","STATEFP":"36","COUNTYFP":"061","D1C":215.70173463707582,"D1C5_RET":124.80040302325307,"D2B_E5MIXA":0.64471615251650105,"D3A":44.483429946188657,"D3AAO":7.4795851550027237,"D3B":0,"D4A":0,"D4C":208.33000000000001,"D4D":28788.559680900002,"D5AR":779363,"D5BR":3536083}},{"type":"Feature","id":153022,"geometry":{"type":"Polygon","coordinates":[[[-73.95531643590175,40.77987427166596],[-73.955586436238505,40.779504271025502],[-73.953985435382947,40.778830271758089],[-73.952576435046325,40.78076127140492],[-73.954177435003572,40.781437271984132],[-73.95531643590175,40.77987427166596]]]},"properties":{"OBJECTID":153022,"GEOID20":"360610148022","GEOID10":"360610148022","STATEFP":"36","COUNTYFP":"061","D1C":137.23343419972949,"D1C5_RET":42.504985845519329,"D2B_E5MIXA":0.87148586891086666,"D3A":40.72859478639684,"D3AAO":7.7033612068341286,"D3B":0,"D4A":136.78999999999999,"D4C":254.66999999999999,"D4D":17406.624715999998,"D5AR":709947,"D5BR":3536530}},{"type":"Feature","id":153023,"geometry":{"type":"Polygon","coordinates":[[[-73.985793445595419,40.772912268862797],[-73.98623944476094,40.772307268557206],[-73.982148445091838,40.770582267716719],[-73.9821604438891,40.771402268465138],[-73.983034445371729,40.77177026854109],[-73.981574444083165,40.773610268961441],[-73.984413445571121,40.774816269550527],[-73.985793445595419,40.772912268862797]]]},"properties":{"OBJECTID":153023,"GEOID20":"360610149001","GEOID10":"360610149001","STATEFP":"36","COUNTYFP":"061","D1C":309.6657246618538,"D1C5_RET":11.426064887460523,"D2B_E5MIXA":0.55238835918583651,"D3A":27.498717749395414,"D3AAO":5.512837644977453,"D3B":18.490021539003912,"D4A":67.060000000000002,"D4C":167.33000000000001,"D4D":4638.5836643499997,"D5AR":776709,"D5BR":2727269}},{"type":"Feature","id":153024,"geometry":{"type":"Polygon","coordinates":[[[-73.981574444083165,40.773610268961441],[-73.982073444748778,40.772997269279593],[-73.979194443077844,40.771790268952707],[-73.978729442747436,40.772425269196532],[-73.981574444083165,40.773610268961441]]]},"properties":{"OBJECTID":153024,"GEOID20":"360610149002","GEOID10":"360610149002","STATEFP":"36","COUNTYFP":"061","D1C":95.015869477430996,"D1C5_RET":0,"D2B_E5MIXA":0.50711347505258242,"D3A":44.65779394917449,"D3AAO":5.8138877025035853,"D3B":0,"D4A":152.88999999999999,"D4C":90.670000000000002,"D4D":10603.1847707,"D5AR":765753,"D5BR":2564743}},{"type":"Feature","id":153025,"geometry":{"type":"Polygon","coordinates":[[[-73.959312436932947,40.780181271401368],[-73.95977543761353,40.779550271573996],[-73.958166438158671,40.778869271777964],[-73.957203436089273,40.780187271650114],[-73.958815437713795,40.780866271702706],[-73.959312436932947,40.780181271401368]]]},"properties":{"OBJECTID":153025,"GEOID20":"360610150011","GEOID10":"360610150011","STATEFP":"36","COUNTYFP":"061","D1C":68.668816836285913,"D1C5_RET":1.0899812196235859,"D2B_E5MIXA":0.69833905465220958,"D3A":35.976044754026717,"D3AAO":0,"D3B":0,"D4A":249.44999999999999,"D4C":219.33000000000001,"D4D":21857.424539399999,"D5AR":726129,"D5BR":3598017}},{"type":"Feature","id":153026,"geometry":{"type":"Polygon","coordinates":[[[-73.958322436895983,40.781542270533087],[-73.958815437713795,40.780866271702706],[-73.957203436089273,40.780187271650114],[-73.956254436958488,40.781490271913825],[-73.957864437136578,40.782169271570488],[-73.958322436895983,40.781542270533087]]]},"properties":{"OBJECTID":153026,"GEOID20":"360610150022","GEOID10":"360610150022","STATEFP":"36","COUNTYFP":"061","D1C":105.84461708248452,"D1C5_RET":13.840009365911794,"D2B_E5MIXA":0.573150776847552,"D3A":34.637280621675849,"D3AAO":0,"D3B":100.65461357026757,"D4A":245.41999999999999,"D4C":218.66999999999999,"D4D":22010.144349400001,"D5AR":718330,"D5BR":3596416}},{"type":"Feature","id":153027,"geometry":{"type":"Polygon","coordinates":[[[-73.959922438824933,40.782221272378983],[-73.960417437495948,40.781540272078196],[-73.958815437713795,40.780866271702706],[-73.957864437136578,40.782169271570488],[-73.959470437116693,40.782841271871497],[-73.959922438824933,40.782221272378983]]]},"properties":{"OBJECTID":153027,"GEOID20":"360610150023","GEOID10":"360610150023","STATEFP":"36","COUNTYFP":"061","D1C":69.49380333728557,"D1C5_RET":9.8146145943319016,"D2B_E5MIXA":0.65245182399448998,"D3A":29.77606095613498,"D3AAO":0,"D3B":101.31212659456779,"D4A":124.72,"D4C":192,"D4D":19451.928306199999,"D5AR":622122,"D5BR":3593029}},{"type":"Feature","id":153028,"geometry":{"type":"Polygon","coordinates":[[[-73.950740435810758,40.783270272133684],[-73.951200435219988,40.782642272075925],[-73.948962434504892,40.781697272363296],[-73.948502434197351,40.782325271833365],[-73.950740435810758,40.783270272133684]]]},"properties":{"OBJECTID":153028,"GEOID20":"360610154004","GEOID10":"360610154004","STATEFP":"36","COUNTYFP":"061","D1C":113.34730188246871,"D1C5_RET":33.792984412164586,"D2B_E5MIXA":0.7981442310251452,"D3A":34.362418147078301,"D3AAO":7.706551750874679,"D3B":0,"D4A":166.30000000000001,"D4C":153,"D4D":22979.229400299999,"D5AR":873642,"D5BR":3565401}},{"type":"Feature","id":153029,"geometry":{"type":"Polygon","coordinates":[[[-73.959005437684596,40.783475271359791],[-73.959470437116693,40.782841271871497],[-73.957864437136578,40.782169271570488],[-73.956488437310242,40.784052272238227],[-73.958097436765073,40.784726271571721],[-73.959005437684596,40.783475271359791]]]},"properties":{"OBJECTID":153029,"GEOID20":"360610150024","GEOID10":"360610150024","STATEFP":"36","COUNTYFP":"061","D1C":156.03364652814224,"D1C5_RET":3.2734331439470403,"D2B_E5MIXA":0.57036970150459221,"D3A":34.306571922852704,"D3AAO":0,"D3B":69.833225926558427,"D4A":101.93000000000001,"D4C":192,"D4D":13407.979377899999,"D5AR":585932,"D5BR":3596883}},{"type":"Feature","id":153032,"geometry":{"type":"Polygon","coordinates":[[[-73.94613243323775,40.781324272621831],[-73.946592433545305,40.780700271531451],[-73.944359432853076,40.779769271840699],[-73.944196432646464,40.780136272579142],[-73.944266432966657,40.780561271577021],[-73.94613243323775,40.781324272621831]]]},"properties":{"OBJECTID":153032,"GEOID20":"360610152002","GEOID10":"360610152002","STATEFP":"36","COUNTYFP":"061","D1C":28.550311271630616,"D1C5_RET":0,"D2B_E5MIXA":0.49105923767271015,"D3A":37.8158254644935,"D3AAO":0.076998487099993587,"D3B":0,"D4A":124.72,"D4C":79.329999999999998,"D4D":12604.6396838,"D5AR":1079334,"D5BR":3166281}},{"type":"Feature","id":153033,"geometry":{"type":"Polygon","coordinates":[[[-73.982584445109936,40.777311268711465],[-73.983048444717127,40.776691269300315],[-73.980204444104615,40.775487269411904],[-73.97974744417013,40.776114269781594],[-73.982584445109936,40.777311268711465]]]},"properties":{"OBJECTID":153033,"GEOID20":"360610153001","GEOID10":"360610153001","STATEFP":"36","COUNTYFP":"061","D1C":67.011638860652482,"D1C5_RET":14.891475302367219,"D2B_E5MIXA":0.83714073098393149,"D3A":48.519464855292696,"D3AAO":11.808312854257851,"D3B":0,"D4A":163.62,"D4C":162.33000000000001,"D4D":19338.6654867,"D5AR":757436,"D5BR":2703024}},{"type":"Feature","id":153034,"geometry":{"type":"Polygon","coordinates":[[[-73.948502434197351,40.782325271833365],[-73.948962434504892,40.781697272363296],[-73.946592433545305,40.780700271531451],[-73.94613243323775,40.781324272621831],[-73.948502434197351,40.782325271833365]]]},"properties":{"OBJECTID":153034,"GEOID20":"360610154003","GEOID10":"360610154003","STATEFP":"36","COUNTYFP":"061","D1C":26.436098274484767,"D1C5_RET":5.5538021585052029,"D2B_E5MIXA":0.73709119754836416,"D3A":8.9154467600242207,"D3AAO":0.065285526220058065,"D3B":0,"D4A":226.65000000000001,"D4C":102.33,"D4D":14549.006716899999,"D5AR":907853,"D5BR":3166001}},{"type":"Feature","id":153035,"geometry":{"type":"Polygon","coordinates":[[[-73.99160544846562,40.779824270927676],[-73.991752447880401,40.779590269747715],[-73.98896144786967,40.779693269304744],[-73.990915448004316,40.77755026891527],[-73.990169448364824,40.777259269501002],[-73.989291447582531,40.778488270131994],[-73.987744446255348,40.777854270658771],[-73.987095445801927,40.779172269582659],[-73.988413447698576,40.77974726988041],[-73.989191448023433,40.779950269913499],[-73.99160544846562,40.779824270927676]]]},"properties":{"OBJECTID":153035,"GEOID20":"360610155001","GEOID10":"360610155001","STATEFP":"36","COUNTYFP":"061","D1C":25.858666509397587,"D1C5_RET":2.0414736717945461,"D2B_E5MIXA":0.89084000181789258,"D3A":63.975922767536055,"D3AAO":23.52861804522518,"D3B":253.03892045774799,"D4A":218.59999999999999,"D4C":30.329999999999998,"D4D":1770.3968760099999,"D5AR":790361,"D5BR":2419945}},{"type":"Feature","id":153036,"geometry":{"type":"Polygon","coordinates":[[[-73.947070434294503,40.784244272141564],[-73.947585433955325,40.783579272251522],[-73.945214433170833,40.782579272105295],[-73.944724432726048,40.783255272547024],[-73.947070434294503,40.784244272141564]]]},"properties":{"OBJECTID":153036,"GEOID20":"360610156011","GEOID10":"360610156011","STATEFP":"36","COUNTYFP":"061","D1C":57.256340870065699,"D1C5_RET":2.4894061247854653,"D2B_E5MIXA":0.50860015884240495,"D3A":17.13113331467482,"D3AAO":5.2694077639309711,"D3B":0,"D4A":132.77000000000001,"D4C":154.66999999999999,"D4D":20535.2770838,"D5AR":1003960,"D5BR":3665029}},{"type":"Feature","id":153037,"geometry":{"type":"Polygon","coordinates":[[[-73.978057443626099,40.778428270166394],[-73.97829444435088,40.778103269864459],[-73.975462443433955,40.776907269536871],[-73.974998442928438,40.777541270565429],[-73.977832442596892,40.778738269632044],[-73.978057443626099,40.778428270166394]]]},"properties":{"OBJECTID":153037,"GEOID20":"360610157001","GEOID10":"360610157001","STATEFP":"36","COUNTYFP":"061","D1C":95.708546350675391,"D1C5_RET":8.8176779747263314,"D2B_E5MIXA":0.57760115523538424,"D3A":15.259163636716478,"D3AAO":0,"D3B":0,"D4A":174.34999999999999,"D4C":144.66999999999999,"D4D":17008.703594499999,"D5AR":696298,"D5BR":2734068}},{"type":"Feature","id":153039,"geometry":{"type":"Polygon","coordinates":[[[-73.979282442941383,40.776737269755976],[-73.97974744417013,40.776114269781594],[-73.97691344270504,40.774917269692253],[-73.976459443143597,40.775541270005384],[-73.979282442941383,40.776737269755976]]]},"properties":{"OBJECTID":153039,"GEOID20":"360610157004","GEOID10":"360610157004","STATEFP":"36","COUNTYFP":"061","D1C":51.31688456126863,"D1C5_RET":0.93303426475033868,"D2B_E5MIXA":0.5825521744492056,"D3A":7.9026472518394506,"D3AAO":0,"D3B":79.658767576530352,"D4A":162.28,"D4C":161.33000000000001,"D4D":19267.389764799998,"D5AR":631654,"D5BR":2701467}},{"type":"Feature","id":153040,"geometry":{"type":"Polygon","coordinates":[[[-73.951884434935209,40.784573272453351],[-73.952342435592925,40.783945272472749],[-73.950740435810758,40.783270272133684],[-73.949333434225665,40.785202273149928],[-73.950928435233436,40.785874272690691],[-73.951884434935209,40.784573272453351]]]},"properties":{"OBJECTID":153040,"GEOID20":"360610158011","GEOID10":"360610158011","STATEFP":"36","COUNTYFP":"061","D1C":46.258731108476397,"D1C5_RET":0.42733238899285353,"D2B_E5MIXA":0.4545225336158662,"D3A":22.863023462611647,"D3AAO":3.0939144258029865,"D3B":0,"D4A":189.09999999999999,"D4C":172.33000000000001,"D4D":11782.7504952,"D5AR":790279,"D5BR":3569731}},{"type":"Feature","id":153041,"geometry":{"type":"Polygon","coordinates":[[[-73.952802435900466,40.783317271995578],[-73.953261436383073,40.782690272272603],[-73.951660435527529,40.782016272003197],[-73.950740435810758,40.783270272133684],[-73.952342435592925,40.783945272472749],[-73.952802435900466,40.783317271995578]]]},"properties":{"OBJECTID":153041,"GEOID20":"360610158012","GEOID10":"360610158012","STATEFP":"36","COUNTYFP":"061","D1C":183.0490925681888,"D1C5_RET":16.252789384978197,"D2B_E5MIXA":0.55373584608893178,"D3A":32.43639612733903,"D3AAO":10.252095862665795,"D3B":0,"D4A":108.63,"D4C":193.33000000000001,"D4D":20312.9003429,"D5AR":826790,"D5BR":3564882}},{"type":"Feature","id":153047,"geometry":{"type":"Polygon","coordinates":[[[-73.978327443962854,40.783155272041896],[-73.975481443700517,40.78195927084731],[-73.974986442334568,40.782638271151079],[-73.977828443297241,40.783839271727871],[-73.978327443962854,40.783155272041896]]]},"properties":{"OBJECTID":153047,"GEOID20":"360610165002","GEOID10":"360610165002","STATEFP":"36","COUNTYFP":"061","D1C":44.974294272643789,"D1C5_RET":1.2016032820935363,"D2B_E5MIXA":0.57408074019578603,"D3A":30.892247013999903,"D3AAO":3.2054755188221815,"D3B":0,"D4A":250.78999999999999,"D4C":103.67,"D4D":11307.585067599999,"D5AR":674898,"D5BR":2357087}},{"type":"Feature","id":153051,"geometry":{"type":"Polygon","coordinates":[[[-73.953046436297925,40.785882272790033],[-73.953504436057329,40.785255272795943],[-73.951884434935209,40.784573272453351],[-73.950928435233436,40.785874272690691],[-73.952552436553518,40.786557272428311],[-73.953046436297925,40.785882272790033]]]},"properties":{"OBJECTID":153051,"GEOID20":"360610158014","GEOID10":"360610158014","STATEFP":"36","COUNTYFP":"061","D1C":35.196263201785918,"D1C5_RET":6.1006856216428931,"D2B_E5MIXA":0.81397052656828972,"D3A":30.964853851055722,"D3AAO":0,"D3B":100.11381532952439,"D4A":226.65000000000001,"D4C":186,"D4D":18621.169651299999,"D5AR":757580,"D5BR":3570998}},{"type":"Feature","id":153052,"geometry":{"type":"Polygon","coordinates":[[[-73.952059436634016,40.787230273043491],[-73.952552436553518,40.786557272428311],[-73.949333434225665,40.785202273149928],[-73.948828434610604,40.785889273046166],[-73.952059436634016,40.787230273043491]]]},"properties":{"OBJECTID":153052,"GEOID20":"360610158021","GEOID10":"360610158021","STATEFP":"36","COUNTYFP":"061","D1C":51.169656599526228,"D1C5_RET":14.533393590397981,"D2B_E5MIXA":0.8204841295708647,"D3A":33.193778578880107,"D3AAO":2.574327523900382,"D3B":96.889290602653205,"D4A":163.62,"D4C":186.33000000000001,"D4D":18053.381517999998,"D5AR":847420,"D5BR":3571663}},{"type":"Feature","id":153053,"geometry":{"type":"Polygon","coordinates":[[[-73.956032436302337,40.784678272846499],[-73.956488437310242,40.784052272238227],[-73.954878436233841,40.783371272345747],[-73.953504436057329,40.785255272795943],[-73.955115436958621,40.785933272210272],[-73.956032436302337,40.784678272846499]]]},"properties":{"OBJECTID":153053,"GEOID20":"360610160012","GEOID10":"360610160012","STATEFP":"36","COUNTYFP":"061","D1C":105.80816389884883,"D1C5_RET":22.315507818172851,"D2B_E5MIXA":0.8057266654804216,"D3A":32.170215698868908,"D3AAO":0,"D3B":69.667926846978659,"D4A":289.68000000000001,"D4C":140.66999999999999,"D4D":9800.1872695599995,"D5AR":637743,"D5BR":3599898}},{"type":"Feature","id":153054,"geometry":{"type":"Polygon","coordinates":[[[-73.956263437179331,40.787231273545608],[-73.956719437288925,40.786609273202082],[-73.955115436958621,40.785933272210272],[-73.954164436381419,40.787235273513666],[-73.955779436582361,40.787922272103273],[-73.956263437179331,40.787231273545608]]]},"properties":{"OBJECTID":153054,"GEOID20":"360610160014","GEOID10":"360610160014","STATEFP":"36","COUNTYFP":"061","D1C":75.587932386594474,"D1C5_RET":2.6770726053585543,"D2B_E5MIXA":0.41797244310300807,"D3A":39.26257213732665,"D3AAO":0,"D3B":0,"D4A":0,"D4C":143.66999999999999,"D4D":14479.6177155,"D5AR":712808,"D5BR":3688941}},{"type":"Feature","id":153055,"geometry":{"type":"Polygon","coordinates":[[[-73.955529437235413,40.788253272851676],[-73.955779436582361,40.787922272103273],[-73.952552436553518,40.786557272428311],[-73.952059436634016,40.787230273043491],[-73.955276436617126,40.788592273083317],[-73.955529437235413,40.788253272851676]]]},"properties":{"OBJECTID":153055,"GEOID20":"360610160021","GEOID10":"360610160021","STATEFP":"36","COUNTYFP":"061","D1C":47.10523156779886,"D1C5_RET":1.9753806786496297,"D2B_E5MIXA":0.83259212240733749,"D3A":19.348329055694627,"D3AAO":0,"D3B":194.49889358240719,"D4A":76.439999999999998,"D4C":150,"D4D":14587.4170187,"D5AR":677316,"D5BR":3692292}},{"type":"Feature","id":153056,"geometry":{"type":"Polygon","coordinates":[[[-73.976904444280848,40.780005270211014],[-73.977370443537851,40.779372270871853],[-73.97453344169972,40.778176270263309],[-73.974068442267622,40.778813269910813],[-73.976904444280848,40.780005270211014]]]},"properties":{"OBJECTID":153056,"GEOID20":"360610161003","GEOID10":"360610161003","STATEFP":"36","COUNTYFP":"061","D1C":28.022388606426468,"D1C5_RET":5.8608917346774305,"D2B_E5MIXA":0.8478577390194163,"D3A":25.44492420925868,"D3AAO":0,"D3B":78.184272829119024,"D4A":291.01999999999998,"D4C":85.670000000000002,"D4D":10042.0489554,"D5AR":653225,"D5BR":2467267}},{"type":"Feature","id":153057,"geometry":{"type":"Polygon","coordinates":[[[-73.943860433085788,40.788694273843525],[-73.944323433766385,40.788064273084643],[-73.941938432738183,40.787073272914633],[-73.941020432671252,40.788327274143334],[-73.943397433303517,40.789317273492337],[-73.943860433085788,40.788694273843525]]]},"properties":{"OBJECTID":153057,"GEOID20":"360610164001","GEOID10":"360610164001","STATEFP":"36","COUNTYFP":"061","D1C":74.065927355119911,"D1C5_RET":0.88569120902983445,"D2B_E5MIXA":0.49878461265047985,"D3A":30.202111844723234,"D3AAO":0,"D3B":0,"D4A":159.59,"D4C":113.33,"D4D":8030.0307775499996,"D5AR":774313,"D5BR":2489231}},{"type":"Feature","id":153058,"geometry":{"type":"Polygon","coordinates":[[[-73.947462434830001,40.787761272994203],[-73.947925434612259,40.787129272578625],[-73.9456974330446,40.786181273260574],[-73.944323433766385,40.788064273084643],[-73.9465564344586,40.789004273005304],[-73.947462434830001,40.787761272994203]]]},"properties":{"OBJECTID":153058,"GEOID20":"360610164003","GEOID10":"360610164003","STATEFP":"36","COUNTYFP":"061","D1C":26.28294862703385,"D1C5_RET":0,"D2B_E5MIXA":0,"D3A":45.872315552452413,"D3AAO":5.6397383380415729,"D3B":419.82210252446305,"D4A":109.97,"D4C":139.66999999999999,"D4D":7034.1354438099997,"D5AR":786011,"D5BR":3466623}},{"type":"Feature","id":153059,"geometry":{"type":"Polygon","coordinates":[[[-73.978592444276714,40.782791270645923],[-73.978824444080317,40.782473271220809],[-73.975982442219319,40.781275270846088],[-73.975481443700517,40.78195927084731],[-73.978327443962854,40.783155272041896],[-73.978592444276714,40.782791270645923]]]},"properties":{"OBJECTID":153059,"GEOID20":"360610165003","GEOID10":"360610165003","STATEFP":"36","COUNTYFP":"061","D1C":70.776380910598974,"D1C5_RET":2.9133134999520158,"D2B_E5MIXA":0.82813649159145897,"D3A":7.0415684387109145,"D3AAO":0,"D3B":0,"D4A":0,"D4C":103.67,"D4D":11271.0370236,"D5AR":695951,"D5BR":2358882}},{"type":"Feature","id":153060,"geometry":{"type":"Polygon","coordinates":[[[-73.948148433296709,40.789693273267481],[-73.948606434852721,40.78906327314477],[-73.947003433449041,40.788391273227049],[-73.946087433930245,40.789645273371335],[-73.947688433887492,40.790322273758683],[-73.948148433296709,40.789693273267481]]]},"properties":{"OBJECTID":153060,"GEOID20":"360610166002","GEOID10":"360610166002","STATEFP":"36","COUNTYFP":"061","D1C":172.2592745541815,"D1C5_RET":3.773298394996357,"D2B_E5MIXA":0.32193128742056226,"D3A":43.335895473326445,"D3AAO":8.7726547142678548,"D3B":0,"D4A":104.61,"D4C":166,"D4D":17429.3574558,"D5AR":632762,"D5BR":3453223}},{"type":"Feature","id":153061,"geometry":{"type":"Polygon","coordinates":[[[-73.949064433713829,40.788438273545694],[-73.949522435269856,40.787809272211788],[-73.947925434612259,40.787129272578625],[-73.947003433449041,40.788391273227049],[-73.948606434852721,40.78906327314477],[-73.949064433713829,40.788438273545694]]]},"properties":{"OBJECTID":153061,"GEOID20":"360610166003","GEOID10":"360610166003","STATEFP":"36","COUNTYFP":"061","D1C":23.752558621519441,"D1C5_RET":1.801918240253199,"D2B_E5MIXA":0.74050184147905418,"D3A":32.708199927591828,"D3AAO":0.41480750026545904,"D3B":0,"D4A":132.77000000000001,"D4C":186,"D4D":19500.031574500001,"D5AR":725186,"D5BR":3452424}},{"type":"Feature","id":153062,"geometry":{"type":"Polygon","coordinates":[[[-73.951178435478695,40.788506273094072],[-73.951610436197129,40.787866273107994],[-73.948379435072027,40.786505272974168],[-73.947925434612259,40.787129272578625],[-73.949522435269856,40.787809272211788],[-73.948606434852721,40.78906327314477],[-73.950242434970079,40.789752273474896],[-73.951178435478695,40.788506273094072]]]},"properties":{"OBJECTID":153062,"GEOID20":"360610166006","GEOID10":"360610166006","STATEFP":"36","COUNTYFP":"061","D1C":10.80260100835025,"D1C5_RET":0.3224657017417985,"D2B_E5MIXA":0.13131119834346841,"D3A":25.962780087348101,"D3AAO":1.9173302688245919,"D3B":86.008051968572488,"D4A":83.150000000000006,"D4C":186.66999999999999,"D4D":9631.1476070600002,"D5AR":681747,"D5BR":3453837}},{"type":"Feature","id":153063,"geometry":{"type":"Polygon","coordinates":[[[-73.985048445780848,40.786004271804778],[-73.982639445361528,40.784983271751578],[-73.982005444976721,40.785599271241026],[-73.980667443886887,40.785035271037138],[-73.979745444520304,40.78630427156201],[-73.983752445422127,40.787897272047537],[-73.985048445780848,40.786004271804778]]]},"properties":{"OBJECTID":153063,"GEOID20":"360610167001","GEOID10":"360610167001","STATEFP":"36","COUNTYFP":"061","D1C":109.32319517771616,"D1C5_RET":0.376976535095573,"D2B_E5MIXA":0.29800104553193296,"D3A":67.357016228935734,"D3AAO":24.104986208481733,"D3B":589.86148137209079,"D4A":108.63,"D4C":85.670000000000002,"D4D":2755.66763601,"D5AR":794361,"D5BR":2367352}},{"type":"Feature","id":153064,"geometry":{"type":"Polygon","coordinates":[[[-73.950918435187688,40.791683273874604],[-73.951372435647443,40.791057274007386],[-73.949767435492234,40.790380273632621],[-73.947897435023165,40.79293627332175],[-73.949509435749377,40.793614273884593],[-73.950918435187688,40.791683273874604]]]},"properties":{"OBJECTID":153064,"GEOID20":"360610168001","GEOID10":"360610168001","STATEFP":"36","COUNTYFP":"061","D1C":2.404887423852847,"D1C5_RET":0,"D2B_E5MIXA":0,"D3A":27.390262110474747,"D3AAO":0,"D3B":68.439889566286894,"D4A":68.400000000000006,"D4C":131.33000000000001,"D4D":6737.7891279900005,"D5AR":531843,"D5BR":3566485}},{"type":"Feature","id":153065,"geometry":{"type":"Polygon","coordinates":[[[-73.954565436239392,40.789559273385606],[-73.954818436857707,40.789213272744519],[-73.951610436197129,40.787866273107994],[-73.949767435492234,40.790380273632621],[-73.952985436198546,40.791730273903489],[-73.954565436239392,40.789559273385606]]]},"properties":{"OBJECTID":153065,"GEOID20":"360610168002","GEOID10":"360610168002","STATEFP":"36","COUNTYFP":"061","D1C":799.72971051157299,"D1C5_RET":0.24661449673996186,"D2B_E5MIXA":0.036726990915474649,"D3A":24.742248274833088,"D3AAO":0,"D3B":96.488759761517159,"D4A":77.780000000000001,"D4C":151,"D4D":3972.1381472200001,"D5AR":584457,"D5BR":3447407}},{"type":"Feature","id":153066,"geometry":{"type":"Polygon","coordinates":[[[-73.952523435342897,40.792355273801697],[-73.952985436198546,40.791730273903489],[-73.951372435647443,40.791057274007386],[-73.949509435749377,40.793614273884593],[-73.951112435356436,40.794293274720417],[-73.952523435342897,40.792355273801697]]]},"properties":{"OBJECTID":153066,"GEOID20":"360610168003","GEOID10":"360610168003","STATEFP":"36","COUNTYFP":"061","D1C":159.1955959101204,"D1C5_RET":1.9296435867893382,"D2B_E5MIXA":0.37982483220915109,"D3A":27.180379024145207,"D3AAO":0,"D3B":68.643846800660143,"D4A":177.03,"D4C":142.33000000000001,"D4D":7323.8970878099999,"D5AR":525312,"D5BR":3383729}},{"type":"Feature","id":153067,"geometry":{"type":"Polygon","coordinates":[[[-73.972674441999629,40.785812271548181],[-73.973135443030387,40.785178271242991],[-73.970302440491906,40.783983270978922],[-73.969833442658484,40.784619271531788],[-73.972674441999629,40.785812271548181]]]},"properties":{"OBJECTID":153067,"GEOID20":"360610169002","GEOID10":"360610169002","STATEFP":"36","COUNTYFP":"061","D1C":49.279222670640763,"D1C5_RET":0,"D2B_E5MIXA":0.61458737724542323,"D3A":5.8847543785565026,"D3AAO":0,"D3B":78.201968785125786,"D4A":163.62,"D4C":77,"D4D":9027.8134879400004,"D5AR":586664,"D5BR":2436747}},{"type":"Feature","id":153068,"geometry":{"type":"Polygon","coordinates":[[[-73.977066444662555,40.787665271734376],[-73.977586443447919,40.787054272167765],[-73.975977443094763,40.786377271789924],[-73.975017443195028,40.787695272313002],[-73.97650444245113,40.788322272395035],[-73.977066444662555,40.787665271734376]]]},"properties":{"OBJECTID":153068,"GEOID20":"360610171001","GEOID10":"360610171001","STATEFP":"36","COUNTYFP":"061","D1C":60.831980226241257,"D1C5_RET":14.560846330749236,"D2B_E5MIXA":0.86606690742322923,"D3A":36.195441460258237,"D3AAO":2.5575568686360759,"D3B":0,"D4A":167.63999999999999,"D4C":85,"D4D":8801.2226710300001,"D5AR":653772,"D5BR":2381546}},{"type":"Feature","id":153069,"geometry":{"type":"Polygon","coordinates":[[[-73.975514443312477,40.787011272211345],[-73.975977443094763,40.786377271789924],[-73.973135443030387,40.785178271242991],[-73.972176442057247,40.786495271243275],[-73.975017443195028,40.787695272313002],[-73.975514443312477,40.787011272211345]]]},"properties":{"OBJECTID":153069,"GEOID20":"360610169003","GEOID10":"360610169003","STATEFP":"36","COUNTYFP":"061","D1C":91.745446084663854,"D1C5_RET":7.4984258819196414,"D2B_E5MIXA":0.56945168836352567,"D3A":22.450662948599916,"D3AAO":4.5010280623745995,"D3B":0,"D4A":185.06999999999999,"D4C":117.67,"D4D":6643.4994712500002,"D5AR":603819,"D5BR":2386253}},{"type":"Feature","id":153070,"geometry":{"type":"Polygon","coordinates":[[[-73.944183434024282,40.792254274330915],[-73.944677433768717,40.791577273918882],[-73.942436432680566,40.790632274161673],[-73.941036432564772,40.792554274416965],[-73.943273433454962,40.793496274159892],[-73.944183434024282,40.792254274330915]]]},"properties":{"OBJECTID":153070,"GEOID20":"360610170001","GEOID10":"360610170001","STATEFP":"36","COUNTYFP":"061","D1C":30.560116201724263,"D1C5_RET":2.3093286802310526,"D2B_E5MIXA":0.48821184712309829,"D3A":17.20126718361864,"D3AAO":6.3000638824567856,"D3B":0,"D4A":159.59,"D4C":100,"D4D":4926.5678511599999,"D5AR":661019,"D5BR":2489266}},{"type":"Feature","id":153071,"geometry":{"type":"Polygon","coordinates":[[[-73.945169433863299,40.790902273618677],[-73.945637432770127,40.790262273601293],[-73.943397433303517,40.789317273492337],[-73.942436432680566,40.790632274161673],[-73.944677433768717,40.791577273918882],[-73.945169433863299,40.790902273618677]]]},"properties":{"OBJECTID":153071,"GEOID20":"360610170002","GEOID10":"360610170002","STATEFP":"36","COUNTYFP":"061","D1C":86.293575608038267,"D1C5_RET":17.706993436454606,"D2B_E5MIXA":0.58201395095783526,"D3A":16.037010322432756,"D3AAO":6.131624634501696,"D3B":0,"D4A":230.66999999999999,"D4C":100,"D4D":7172.4530375499999,"D5AR":728770,"D5BR":2936065}},{"type":"Feature","id":153072,"geometry":{"type":"Polygon","coordinates":[[[-73.974065441894581,40.788997272397339],[-73.974523443450622,40.78836827227753],[-73.97168244231284,40.787171271955572],[-73.971222441106988,40.787801272344581],[-73.974065441894581,40.788997272397339]]]},"properties":{"OBJECTID":153072,"GEOID20":"360610173002","GEOID10":"360610173002","STATEFP":"36","COUNTYFP":"061","D1C":28.991161499678441,"D1C5_RET":0.73862831846314492,"D2B_E5MIXA":0.62106097042575081,"D3A":45.233134785461246,"D3AAO":5.8893136680324805,"D3B":0,"D4A":233.34999999999999,"D4C":101.33,"D4D":11975.2332016,"D5AR":577911,"D5BR":2368193}},{"type":"Feature","id":153073,"geometry":{"type":"Polygon","coordinates":[[[-73.975532443754147,40.792077272739839],[-73.975990443513538,40.791446273714158],[-73.974566443108316,40.790850272806061],[-73.973654443787481,40.792104272759452],[-73.975076443644568,40.792704273611577],[-73.975532443754147,40.792077272739839]]]},"properties":{"OBJECTID":153073,"GEOID20":"360610179005","GEOID10":"360610179005","STATEFP":"36","COUNTYFP":"061","D1C":44.044851130994054,"D1C5_RET":9.4381823852130111,"D2B_E5MIXA":0.61743058148721097,"D3A":32.570544482230112,"D3AAO":0,"D3B":0,"D4A":147.52000000000001,"D4C":131,"D4D":15515.631591699999,"D5AR":667154,"D5BR":2218339}},{"type":"Feature","id":153074,"geometry":{"type":"Polygon","coordinates":[[[-73.949098434947331,40.797065274710718],[-73.949221434970966,40.79691827487666],[-73.948853434724938,40.796707274869696],[-73.946043434447631,40.795475274963309],[-73.945097434791592,40.796772274395437],[-73.948312435124876,40.798137274895268],[-73.949098434947331,40.797065274710718]]]},"properties":{"OBJECTID":153074,"GEOID20":"360610174021","GEOID10":"360610174021","STATEFP":"36","COUNTYFP":"061","D1C":26.724352977487804,"D1C5_RET":2.472999827767528,"D2B_E5MIXA":0.46980698922036684,"D3A":29.525057915299108,"D3AAO":0,"D3B":51.055480315200583,"D4A":179.71000000000001,"D4C":155.33000000000001,"D4D":7930.4477573599997,"D5AR":653467,"D5BR":3573581}},{"type":"Feature","id":153075,"geometry":{"type":"Polygon","coordinates":[[[-73.976450443821093,40.790822272508592],[-73.976905444105753,40.790194273130631],[-73.975485443898478,40.789594272721011],[-73.974566443108316,40.790850272806061],[-73.975990443513538,40.791446273714158],[-73.976450443821093,40.790822272508592]]]},"properties":{"OBJECTID":153075,"GEOID20":"360610175004","GEOID10":"360610175004","STATEFP":"36","COUNTYFP":"061","D1C":59.394166182878678,"D1C5_RET":12.581941745905763,"D2B_E5MIXA":0.71587227187835323,"D3A":27.593093708382092,"D3AAO":0,"D3B":118.41827525558364,"D4A":171.66,"D4C":110.67,"D4D":13105.350522500001,"D5AR":659663,"D5BR":2341869}},{"type":"Feature","id":153076,"geometry":{"type":"Polygon","coordinates":[[[-73.971774442374354,40.792135273121076],[-73.972234441783556,40.791506273481779],[-73.969392440820883,40.790304273037016],[-73.96846744197957,40.791570272902113],[-73.968794441319403,40.791707272750365],[-73.969268441870639,40.791079272221062],[-73.971774442374354,40.792135273121076]]]},"properties":{"OBJECTID":153076,"GEOID20":"360610177001","GEOID10":"360610177001","STATEFP":"36","COUNTYFP":"061","D1C":78.367259634073307,"D1C5_RET":9.3843147040802073,"D2B_E5MIXA":0.6932629297350541,"D3A":37.912276103212307,"D3AAO":5.2559179437611938,"D3B":0,"D4A":253.47,"D4C":145,"D4D":15278.322886600001,"D5AR":571253,"D5BR":2283120}},{"type":"Feature","id":153077,"geometry":{"type":"Polygon","coordinates":[[[-73.971317442439855,40.792761273026251],[-73.971774442374354,40.792135273121076],[-73.969268441870639,40.791079272221062],[-73.968794441319403,40.791707272750365],[-73.971317442439855,40.792761273026251]]]},"properties":{"OBJECTID":153077,"GEOID20":"360610177002","GEOID10":"360610177002","STATEFP":"36","COUNTYFP":"061","D1C":27.146686913918693,"D1C5_RET":2.9234893599604743,"D2B_E5MIXA":0.82805115840880261,"D3A":46.714773610023052,"D3AAO":6.6315934796903724,"D3B":0,"D4A":171.66,"D4C":145,"D4D":19378.558043199999,"D5AR":631889,"D5BR":2224640}},{"type":"Feature","id":153078,"geometry":{"type":"Polygon","coordinates":[[[-73.972691443514691,40.790878273091771],[-73.973148442550865,40.790252272436248],[-73.972459442812763,40.789963273142078],[-73.972042442162945,40.790605273543484],[-73.969851442201815,40.789682272911783],[-73.969392440820883,40.790304273037016],[-73.972234441783556,40.791506273481779],[-73.972691443514691,40.790878273091771]]]},"properties":{"OBJECTID":153078,"GEOID20":"360610177003","GEOID10":"360610177003","STATEFP":"36","COUNTYFP":"061","D1C":73.422472018117844,"D1C5_RET":0.30029640907205662,"D2B_E5MIXA":0.36536132469148819,"D3A":21.203882722317324,"D3AAO":0.72522169843969297,"D3B":0,"D4A":230.66999999999999,"D4C":131.33000000000001,"D4D":12620.1367691,"D5AR":623616,"D5BR":2233021}},{"type":"Feature","id":153079,"geometry":{"type":"Polygon","coordinates":[[[-73.935409431439126,40.796012275125754],[-73.935913431229281,40.795320274687334],[-73.933648429851687,40.794384274627248],[-73.932661430187778,40.795740275298876],[-73.934914430073178,40.796688275519458],[-73.935409431439126,40.796012275125754]]]},"properties":{"OBJECTID":153079,"GEOID20":"360610178002","GEOID10":"360610178002","STATEFP":"36","COUNTYFP":"061","D1C":9.5832818635723136,"D1C5_RET":1.1844505674078141,"D2B_E5MIXA":0.88367584319104153,"D3A":31.524065336730114,"D3AAO":6.1973894638667435,"D3B":114.8787837596408,"D4A":118.02,"D4C":26,"D4D":1791.7506765200001,"D5AR":938856,"D5BR":2833466}},{"type":"Feature","id":153080,"geometry":{"type":"Polygon","coordinates":[[[-73.977093444426743,40.792732273115398],[-73.977692444651439,40.792172271954165],[-73.975990443513538,40.791446273714158],[-73.975076443644568,40.792704273611577],[-73.976575444392878,40.793337273743845],[-73.977093444426743,40.792732273115398]]]},"properties":{"OBJECTID":153080,"GEOID20":"360610179003","GEOID10":"360610179003","STATEFP":"36","COUNTYFP":"061","D1C":66.8100856505298,"D1C5_RET":0,"D2B_E5MIXA":0.64222220526652185,"D3A":34.264434319326675,"D3AAO":0,"D3B":213.65597165519699,"D4A":0,"D4C":131,"D4D":13994.466143400001,"D5AR":690409,"D5BR":2199456}},{"type":"Feature","id":153081,"geometry":{"type":"Polygon","coordinates":[[[-73.940520433079044,40.797269275204108],[-73.940930433157874,40.796708275909133],[-73.938708432336313,40.795735275469127],[-73.939631431527815,40.794475273729262],[-73.937258431093497,40.793478274298757],[-73.935913431229281,40.795320274687334],[-73.940520433079044,40.797269275204108]]]},"properties":{"OBJECTID":153081,"GEOID20":"360610180001","GEOID10":"360610180001","STATEFP":"36","COUNTYFP":"061","D1C":6.624834452422256,"D1C5_RET":0.17588056068377672,"D2B_E5MIXA":0.55754231496992657,"D3A":20.481286042653938,"D3AAO":9.4325278590040771,"D3B":0,"D4A":103.27,"D4C":103.33,"D4D":3876.7752104599999,"D5AR":695106,"D5BR":2851090}},{"type":"Feature","id":153082,"geometry":{"type":"Polygon","coordinates":[[[-73.940564432561672,40.793196274249688],[-73.941036432564772,40.792554274416965],[-73.938650431711665,40.79156627319518],[-73.937258431093497,40.793478274298757],[-73.939631431527815,40.794475273729262],[-73.940564432561672,40.793196274249688]]]},"properties":{"OBJECTID":153082,"GEOID20":"360610180002","GEOID10":"360610180002","STATEFP":"36","COUNTYFP":"061","D1C":35.384778587195505,"D1C5_RET":0.21797604879175875,"D2B_E5MIXA":0.59561642362437817,"D3A":28.040574992300019,"D3AAO":7.2483051286175293,"D3B":0,"D4A":202.50999999999999,"D4C":107,"D4D":4975.6681254900004,"D5AR":682221,"D5BR":2731292}},{"type":"Feature","id":153083,"geometry":{"type":"Polygon","coordinates":[[[-73.942805431853188,40.794141274239152],[-73.943273433454962,40.793496274159892],[-73.941036432564772,40.792554274416965],[-73.939631431527815,40.794475273729262],[-73.941877432638819,40.795414275003189],[-73.942805431853188,40.794141274239152]]]},"properties":{"OBJECTID":153083,"GEOID20":"360610180003","GEOID10":"360610180003","STATEFP":"36","COUNTYFP":"061","D1C":35.175461769906512,"D1C5_RET":2.9952904127212965,"D2B_E5MIXA":0.91668497370918212,"D3A":29.168696459409343,"D3AAO":8.9770658163703754,"D3B":0,"D4A":138.13999999999999,"D4C":108,"D4D":5308.5762391600001,"D5AR":729692,"D5BR":3059976}},{"type":"Feature","id":153084,"geometry":{"type":"Polygon","coordinates":[[[-73.97085944268045,40.793388272879419],[-73.971317442439855,40.792761273026251],[-73.96846744197957,40.791570272902113],[-73.968017441717762,40.792193272771534],[-73.97085944268045,40.793388272879419]]]},"properties":{"OBJECTID":153084,"GEOID20":"360610181002","GEOID10":"360610181002","STATEFP":"36","COUNTYFP":"061","D1C":67.36533450973306,"D1C5_RET":5.7688546127119462,"D2B_E5MIXA":0.3703217468596447,"D3A":30.725147815751892,"D3AAO":4.6604186445689271,"D3B":0,"D4A":280.29000000000002,"D4C":145,"D4D":17269.3454213,"D5AR":560926,"D5BR":2301408}},{"type":"Feature","id":153085,"geometry":{"type":"Polygon","coordinates":[[[-73.943393433105555,40.796204275132666],[-73.943484434240489,40.796081274767118],[-73.941877432638819,40.795414275003189],[-73.940520433079044,40.797269275204108],[-73.942121433036291,40.797952274703142],[-73.943393433105555,40.796204275132666]]]},"properties":{"OBJECTID":153085,"GEOID20":"360610182004","GEOID10":"360610182004","STATEFP":"36","COUNTYFP":"061","D1C":0.8850616854804968,"D1C5_RET":0,"D2B_E5MIXA":0,"D3A":10.919964711836181,"D3AAO":7.6039413057447787,"D3B":0,"D4A":0,"D4C":132.33000000000001,"D4D":9369.6170271699993,"D5AR":652914,"D5BR":3064265}},{"type":"Feature","id":153086,"geometry":{"type":"Polygon","coordinates":[[[-73.978317443917106,40.795695274097454],[-73.977743443806744,40.795407273030847],[-73.9762344430127,40.794836273167974],[-73.976024443848729,40.795243273244218],[-73.97579244314683,40.795475273603159],[-73.975908444396097,40.795529273588002],[-73.975017444093339,40.796026273501582],[-73.973211442300055,40.79526027360582],[-73.972258442971324,40.796569274096314],[-73.976493443478802,40.798297274351555],[-73.978317443917106,40.795695274097454]]]},"properties":{"OBJECTID":153086,"GEOID20":"360610183001","GEOID10":"360610183001","STATEFP":"36","COUNTYFP":"061","D1C":29.751271897994219,"D1C5_RET":1.4937877103595423,"D2B_E5MIXA":0.61874375365110945,"D3A":51.31356480226772,"D3AAO":21.226105971552506,"D3B":163.32801126151148,"D4A":128.75,"D4C":117.67,"D4D":3033.7501318300001,"D5AR":679529,"D5BR":2226364}},{"type":"Feature","id":153087,"geometry":{"type":"Polygon","coordinates":[[[-73.946379434008293,40.797897274987697],[-73.946701435121881,40.797458274611778],[-73.945097434791592,40.796772274395437],[-73.943743432909926,40.798624275781108],[-73.94536043455733,40.799295275176064],[-73.946379434008293,40.797897274987697]]]},"properties":{"OBJECTID":153087,"GEOID20":"360610184003","GEOID10":"360610184003","STATEFP":"36","COUNTYFP":"061","D1C":9.1137387032430208,"D1C5_RET":0,"D2B_E5MIXA":0.097509887976121715,"D3A":31.921606789355135,"D3AAO":0,"D3B":0,"D4A":244.08000000000001,"D4C":117,"D4D":8322.3994402299995,"D5AR":673821,"D5BR":2502717}},{"type":"Feature","id":153088,"geometry":{"type":"Polygon","coordinates":[[[-73.966622440726525,40.794102272985739],[-73.966217440670576,40.793905274413035],[-73.966206439901597,40.793821273949767],[-73.966026439976545,40.79386627438118],[-73.963805439878215,40.792889274146553],[-73.962835439932732,40.794211273501801],[-73.964304440543813,40.794795274266811],[-73.965629440316519,40.795464274205379],[-73.966622440726525,40.794102272985739]]]},"properties":{"OBJECTID":153088,"GEOID20":"360610185001","GEOID10":"360610185001","STATEFP":"36","COUNTYFP":"061","D1C":31.91400464753249,"D1C5_RET":10.667633865470469,"D2B_E5MIXA":0.82075578545247441,"D3A":22.229863031810449,"D3AAO":0,"D3B":75.896656376074773,"D4A":155.56999999999999,"D4C":67.329999999999998,"D4D":3830.6760673200001,"D5AR":645326,"D5BR":2692878}},{"type":"Feature","id":153089,"geometry":{"type":"Polygon","coordinates":[[[-73.949523435993072,40.799565275445083],[-73.950075436362127,40.798865274747179],[-73.948312435124876,40.798137274895268],[-73.946975434758272,40.799969276199263],[-73.948626435842542,40.800674274913256],[-73.949000435936355,40.800213275281962],[-73.949234435389755,40.800168275752668],[-73.949528436015953,40.799738275538857],[-73.949523435993072,40.799565275445083]]]},"properties":{"OBJECTID":153089,"GEOID20":"360610186001","GEOID10":"360610186001","STATEFP":"36","COUNTYFP":"061","D1C":1.5402458224117925,"D1C5_RET":0,"D2B_E5MIXA":0,"D3A":13.407275277504754,"D3AAO":0,"D3B":0,"D4A":269.56999999999999,"D4C":91,"D4D":5980.2611131499998,"D5AR":656478,"D5BR":3541521}},{"type":"Feature","id":153090,"geometry":{"type":"Polygon","coordinates":[[[-73.952016436976308,40.79884127437866],[-73.952484435883122,40.798261275187599],[-73.949221434970966,40.79691827487666],[-73.948312435124876,40.798137274895268],[-73.951530435831188,40.799467274975747],[-73.952016436976308,40.79884127437866]]]},"properties":{"OBJECTID":153090,"GEOID20":"360610186002","GEOID10":"360610186002","STATEFP":"36","COUNTYFP":"061","D1C":46.393545072698437,"D1C5_RET":0.58095673615185883,"D2B_E5MIXA":0.47660064278469955,"D3A":22.619689172740074,"D3AAO":0,"D3B":177.08888925074194,"D4A":244.08000000000001,"D4C":95.329999999999998,"D4D":5063.5524332000005,"D5AR":572969,"D5BR":2845944}},{"type":"Feature","id":153091,"geometry":{"type":"Polygon","coordinates":[[[-73.973463443093451,40.797896273966231],[-73.973652443239345,40.797157273890768],[-73.972258442971324,40.796569274096314],[-73.971340442006081,40.797823274161175],[-73.973154443296963,40.798585274441194],[-73.973463443093451,40.797896273966231]]]},"properties":{"OBJECTID":153091,"GEOID20":"360610187002","GEOID10":"360610187002","STATEFP":"36","COUNTYFP":"061","D1C":30.702266370944141,"D1C5_RET":1.4391687361380066,"D2B_E5MIXA":0.6305587263028235,"D3A":31.779600625296077,"D3AAO":0,"D3B":102.34094027146062,"D4A":299.06999999999999,"D4C":117.33,"D4D":12007.662522099999,"D5AR":678623,"D5BR":2171571}},{"type":"Feature","id":153092,"geometry":{"type":"Polygon","coordinates":[[[-73.964304440543813,40.794795274266811],[-73.962835439932732,40.794211273501801],[-73.961441439664711,40.796119273809659],[-73.962886439986363,40.796728274252644],[-73.964304440543813,40.794795274266811]]]},"properties":{"OBJECTID":153092,"GEOID20":"360610189002","GEOID10":"360610189002","STATEFP":"36","COUNTYFP":"061","D1C":25.988358639349222,"D1C5_RET":1.0680147386033927,"D2B_E5MIXA":0.62704060125936822,"D3A":26.970217356330071,"D3AAO":0,"D3B":278.57617470952647,"D4A":202.50999999999999,"D4C":74.670000000000002,"D4D":5671.0149851599999,"D5AR":576919,"D5BR":2650903}},{"type":"Feature","id":153093,"geometry":{"type":"Polygon","coordinates":[[[-73.936822431075399,40.798315275626351],[-73.93728143155802,40.797687276396942],[-73.934914430073178,40.796688275519458],[-73.933992430706581,40.797940275374977],[-73.936362431666169,40.798943275715004],[-73.936822431075399,40.798315275626351]]]},"properties":{"OBJECTID":153093,"GEOID20":"360610188001","GEOID10":"360610188001","STATEFP":"36","COUNTYFP":"061","D1C":12.55193738986994,"D1C5_RET":0.11107909194575168,"D2B_E5MIXA":0.28330491575356087,"D3A":33.512819330968078,"D3AAO":13.426105457434327,"D3B":0,"D4A":185.06999999999999,"D4C":135.33000000000001,"D4D":9620.6934483299992,"D5AR":848887,"D5BR":2859019}},{"type":"Feature","id":153094,"geometry":{"type":"Polygon","coordinates":[[[-73.93906343216355,40.799261275835072],[-73.939523432471077,40.798633275354717],[-73.93728143155802,40.797687276396942],[-73.936362431666169,40.798943275715004],[-73.938604432579226,40.799891276437066],[-73.93906343216355,40.799261275835072]]]},"properties":{"OBJECTID":153094,"GEOID20":"360610188004","GEOID10":"360610188004","STATEFP":"36","COUNTYFP":"061","D1C":40.519802548641707,"D1C5_RET":7.0265553552557876,"D2B_E5MIXA":0.85953790429685595,"D3A":29.691522424149657,"D3AAO":6.4070322740693975,"D3B":0,"D4A":146.18000000000001,"D4C":136.33000000000001,"D4D":10217.923110199999,"D5AR":773530,"D5BR":2858807}},{"type":"Feature","id":153095,"geometry":{"type":"Polygon","coordinates":[[[-73.962437440447786,40.797346274297311],[-73.962886439986363,40.796728274252644],[-73.961441439664711,40.796119273809659],[-73.960038438277579,40.798046274012378],[-73.961479440197863,40.798662274728123],[-73.962437440447786,40.797346274297311]]]},"properties":{"OBJECTID":153095,"GEOID20":"360610189001","GEOID10":"360610189001","STATEFP":"36","COUNTYFP":"061","D1C":19.926402011033801,"D1C5_RET":0,"D2B_E5MIXA":0.58950871089254275,"D3A":33.355045791577012,"D3AAO":0,"D3B":150.99726356369317,"D4A":119.36,"D4C":70,"D4D":5282.2630931800004,"D5AR":546162,"D5BR":2498498}},{"type":"Feature","id":153096,"geometry":{"type":"Polygon","coordinates":[[[-73.96525544022272,40.795978274103277],[-73.965629440316519,40.795464274205379],[-73.964304440543813,40.794795274266811],[-73.962437440447786,40.797346274297311],[-73.963846440784408,40.797925274341601],[-73.96525544022272,40.795978274103277]]]},"properties":{"OBJECTID":153096,"GEOID20":"360610189003","GEOID10":"360610189003","STATEFP":"36","COUNTYFP":"061","D1C":5.3901261739647532,"D1C5_RET":0,"D2B_E5MIXA":0.2507069367918171,"D3A":41.030488022181991,"D3AAO":0,"D3B":262.29677853151702,"D4A":151.55000000000001,"D4C":87,"D4D":5265.30219941,"D5AR":599399,"D5BR":2502098}},{"type":"Feature","id":153103,"geometry":{"type":"Polygon","coordinates":[[[-73.935375431103935,40.800170275687059],[-73.935906430658278,40.799575276567353],[-73.933517431228751,40.798602275987108],[-73.931774429184657,40.800987275466625],[-73.933965430942408,40.801929276592915],[-73.934063430851708,40.802085276675889],[-73.935375431103935,40.800170275687059]]]},"properties":{"OBJECTID":153103,"GEOID20":"360610194001","GEOID10":"360610194001","STATEFP":"36","COUNTYFP":"061","D1C":18.606641640733663,"D1C5_RET":0,"D2B_E5MIXA":0.11324096824097005,"D3A":36.080740488867164,"D3AAO":6.801302038190606,"D3B":101.18220616046352,"D4A":178.37,"D4C":199.33000000000001,"D4D":7559.4637008899999,"D5AR":895057,"D5BR":3140529}},{"type":"Feature","id":153104,"geometry":{"type":"Polygon","coordinates":[[[-73.933517431228751,40.798602275987108],[-73.933992430706581,40.797940275374977],[-73.929778428318897,40.796164275403733],[-73.929257428810303,40.795875275319737],[-73.929040428177004,40.796702275112821],[-73.928915428503544,40.798897277038478],[-73.928933429843525,40.800866276396661],[-73.929152429228324,40.801154276220416],[-73.929858429583163,40.802918276858271],[-73.929984429979854,40.802993276349426],[-73.930731430342561,40.802435276608868],[-73.931970429901554,40.800719276139539],[-73.930518429008913,40.800074276048257],[-73.930281430080768,40.799872276638041],[-73.929602429490117,40.798035275720636],[-73.929594429992505,40.797155276585777],[-73.929821429773227,40.797046275462939],[-73.933517431228751,40.798602275987108]]]},"properties":{"OBJECTID":153104,"GEOID20":"360610192001","GEOID10":"360610192001","STATEFP":"36","COUNTYFP":"061","D1C":9.1238877980774138,"D1C5_RET":0.91238877980774136,"D2B_E5MIXA":0.27074313922161952,"D3A":86.821445170741541,"D3AAO":61.866395133741975,"D3B":53.098085194025003,"D4A":261.51999999999998,"D4C":68.329999999999998,"D4D":1554.4953561699999,"D5AR":866542,"D5BR":2848989}},{"type":"Feature","id":153105,"geometry":{"type":"Polygon","coordinates":[[[-73.962378439998247,40.79992327483361],[-73.962870440991139,40.799248275062347],[-73.961479440197863,40.798662274728123],[-73.96052843962066,40.799966274588527],[-73.961918439690692,40.800551274669871],[-73.962378439998247,40.79992327483361]]]},"properties":{"OBJECTID":153105,"GEOID20":"360610193003","GEOID10":"360610193003","STATEFP":"36","COUNTYFP":"061","D1C":22.573034278736305,"D1C5_RET":0.72816239608826794,"D2B_E5MIXA":0.82271982822459122,"D3A":37.884992428126246,"D3AAO":0,"D3B":116.50598337412288,"D4A":174.34999999999999,"D4C":70.670000000000002,"D4D":8233.4778450499998,"D5AR":585935,"D5BR":2456233}},{"type":"Feature","id":153106,"geometry":{"type":"Polygon","coordinates":[[[-73.961459440106381,40.801180274976581],[-73.961918439690692,40.800551274669871],[-73.96052843962066,40.799966274588527],[-73.959648438290245,40.801164275063215],[-73.961078439441565,40.801808275160212],[-73.961459440106381,40.801180274976581]]]},"properties":{"OBJECTID":153106,"GEOID20":"360610193004","GEOID10":"360610193004","STATEFP":"36","COUNTYFP":"061","D1C":20.72141812694019,"D1C5_RET":2.9322761500387062,"D2B_E5MIXA":0.82149976621386434,"D3A":30.194012758519531,"D3AAO":0,"D3B":247.29503187951738,"D4A":0,"D4C":70.670000000000002,"D4D":8738.1699514600004,"D5AR":590793,"D5BR":2504997}},{"type":"Feature","id":153107,"geometry":{"type":"Polygon","coordinates":[[[-73.93814543209659,40.800518275594087],[-73.938604432579226,40.799891276437066],[-73.933992430706581,40.797940275374977],[-73.933517431228751,40.798602275987108],[-73.93814543209659,40.800518275594087]]]},"properties":{"OBJECTID":153107,"GEOID20":"360610194002","GEOID10":"360610194002","STATEFP":"36","COUNTYFP":"061","D1C":22.814567053861342,"D1C5_RET":1.0114832683977935,"D2B_E5MIXA":0.52573991689272981,"D3A":34.020537044815725,"D3AAO":8.9557581019010737,"D3B":0,"D4A":203.84999999999999,"D4C":145,"D4D":10429.5163675,"D5AR":856369,"D5BR":2908593}},{"type":"Feature","id":153108,"geometry":{"type":"Polygon","coordinates":[[[-73.936771431920093,40.802405276570376],[-73.937229431679484,40.801777276595331],[-73.93491843116945,40.800799276204216],[-73.934063430851708,40.802085276675889],[-73.936311431612538,40.803032275779323],[-73.936771431920093,40.802405276570376]]]},"properties":{"OBJECTID":153108,"GEOID20":"360610194004","GEOID10":"360610194004","STATEFP":"36","COUNTYFP":"061","D1C":109.0928402574559,"D1C5_RET":4.9120336451001094,"D2B_E5MIXA":0.32501711725749338,"D3A":39.158978536353921,"D3AAO":9.0968460055089402,"D3B":0,"D4A":245.41999999999999,"D4C":226.66999999999999,"D4D":16571.693638500001,"D5AR":870704,"D5BR":3140382}},{"type":"Feature","id":153109,"geometry":{"type":"Polygon","coordinates":[[[-73.966207440624842,40.799769275055993],[-73.966663440734422,40.799141274621505],[-73.963846440784408,40.797925274341601],[-73.962870440991139,40.799248275062347],[-73.965712441055516,40.800445275272374],[-73.966207440624842,40.799769275055993]]]},"properties":{"OBJECTID":153109,"GEOID20":"360610189005","GEOID10":"360610189005","STATEFP":"36","COUNTYFP":"061","D1C":118.01378294905041,"D1C5_RET":1.2375977238102664,"D2B_E5MIXA":0.22131191016096524,"D3A":20.81473797735082,"D3AAO":5.2612104708139746,"D3B":0,"D4A":284.31999999999999,"D4C":118,"D4D":6675.9557215799996,"D5AR":558722,"D5BR":2500939}},{"type":"Feature","id":153110,"geometry":{"type":"Polygon","coordinates":[[[-73.949681436176832,40.802032275503159],[-73.950187435616797,40.801340275258276],[-73.946975434758272,40.799969276199263],[-73.945053434410667,40.8026072764319],[-73.948274434591724,40.803965276231821],[-73.949681436176832,40.802032275503159]]]},"properties":{"OBJECTID":153110,"GEOID20":"360610190001","GEOID10":"360610190001","STATEFP":"36","COUNTYFP":"061","D1C":42.457010678214992,"D1C5_RET":8.6551481823358394,"D2B_E5MIXA":0.58035852587653447,"D3A":25.594116901832976,"D3AAO":0,"D3B":49.903557087341774,"D4A":195.80000000000001,"D4C":91,"D4D":2270.6118474700002,"D5AR":739061,"D5BR":3595303}},{"type":"Feature","id":153111,"geometry":{"type":"Polygon","coordinates":[[[-73.971134443040071,40.805810275964113],[-73.968049442403128,40.80469227516334],[-73.967374442908749,40.806135275304349],[-73.965765441657283,40.805461276377414],[-73.964849440341851,40.80671527708683],[-73.969223442563106,40.80851427566904],[-73.971134443040071,40.805810275964113]]]},"properties":{"OBJECTID":153111,"GEOID20":"360610199001","GEOID10":"360610199001","STATEFP":"36","COUNTYFP":"061","D1C":26.864359889909498,"D1C5_RET":7.1163867258038405,"D2B_E5MIXA":0.77433359780884337,"D3A":64.330367647331357,"D3AAO":9.5795934058347054,"D3B":315.49587620169024,"D4A":146.18000000000001,"D4C":76.329999999999998,"D4D":1719.63726296,"D5AR":539309,"D5BR":2173255}},{"type":"Feature","id":153112,"geometry":{"type":"Polygon","coordinates":[[[-73.963691440075394,40.80321527557048],[-73.963862440677943,40.802980274947721],[-73.959648438290245,40.801164275063215],[-73.958250437824276,40.803115275884636],[-73.958183438775436,40.80560527633579],[-73.95496743861726,40.810072276920891],[-73.957809438681608,40.811272277473947],[-73.958273438288799,40.810637277408851],[-73.957092438456129,40.810088276726553],[-73.957246439340238,40.809412276817135],[-73.957950439146927,40.808061276924207],[-73.959827439288702,40.805443276360677],[-73.960075439884136,40.804714275658782],[-73.962009439927314,40.805517275491738],[-73.963691440075394,40.80321527557048]]]},"properties":{"OBJECTID":153112,"GEOID20":"360610197011","GEOID10":"360610197011","STATEFP":"36","COUNTYFP":"061","D1C":33.50339136865238,"D1C5_RET":0,"D2B_E5MIXA":0.11487674705074949,"D3A":39.588093683921066,"D3AAO":0,"D3B":409.91623111512195,"D4A":167.63999999999999,"D4C":185,"D4D":2030.5380018799999,"D5AR":589389,"D5BR":2459334}},{"type":"Feature","id":153113,"geometry":{"type":"Polygon","coordinates":[[[-73.959148438698037,40.801852275335825],[-73.959648438290245,40.801164275063215],[-73.958196438295914,40.800561275643531],[-73.956322437628884,40.803123275946653],[-73.958205438516742,40.803902276091613],[-73.958250437824276,40.803115275884636],[-73.959148438698037,40.801852275335825]]]},"properties":{"OBJECTID":153113,"GEOID20":"360610197021","GEOID10":"360610197021","STATEFP":"36","COUNTYFP":"061","D1C":12.465012000797762,"D1C5_RET":0.94562160006051976,"D2B_E5MIXA":0.90537717442139709,"D3A":41.093917412995467,"D3AAO":0,"D3B":145.74328477534948,"D4A":154.22999999999999,"D4C":78.329999999999998,"D4D":4280.4917496999997,"D5AR":646236,"D5BR":2499638}},{"type":"Feature","id":153114,"geometry":{"type":"Polygon","coordinates":[[[-73.944668434446186,40.803138276485321],[-73.945053434410667,40.8026072764319],[-73.941826433483513,40.801248275755427],[-73.938545433028011,40.805738277606309],[-73.94177243305684,40.807097276779274],[-73.942755433421098,40.805752276650949],[-73.941168431910938,40.805071276961051],[-73.942995434518934,40.80256927566333],[-73.944598434125993,40.803236276294605],[-73.944668434446186,40.803138276485321]]]},"properties":{"OBJECTID":153114,"GEOID20":"360610198001","GEOID10":"360610198001","STATEFP":"36","COUNTYFP":"061","D1C":47.40773737057247,"D1C5_RET":2.3279180925164984,"D2B_E5MIXA":0.33994525071668752,"D3A":37.262776688768,"D3AAO":0,"D3B":86.951408496140942,"D4A":138.13999999999999,"D4C":275,"D4D":5517.2213512799999,"D5AR":831375,"D5BR":3464459}},{"type":"Feature","id":153115,"geometry":{"type":"Polygon","coordinates":[[[-73.967985441930722,40.80474327577528],[-73.968049442403128,40.80469227516334],[-73.96670244109248,40.80417727517424],[-73.965765441657283,40.805461276377414],[-73.967374442908749,40.806135275304349],[-73.967830442120018,40.805287275330905],[-73.967985441930722,40.80474327577528]]]},"properties":{"OBJECTID":153115,"GEOID20":"360610199002","GEOID10":"360610199002","STATEFP":"36","COUNTYFP":"061","D1C":162.35652869252692,"D1C5_RET":2.081493957596499,"D2B_E5MIXA":0.4327772529002491,"D3A":35.06532579398705,"D3AAO":0,"D3B":111.01300914620572,"D4A":181.05000000000001,"D4C":76.329999999999998,"D4D":8473.6229881300005,"D5AR":560009,"D5BR":2458355}},{"type":"Feature","id":153116,"geometry":{"type":"Polygon","coordinates":[[[-73.946901435138415,40.805847276695246],[-73.947353435948358,40.805221276432434],[-73.945694434468166,40.804523276028647],[-73.9443034345732,40.806399277067825],[-73.942755433421098,40.805752276650949],[-73.94177243305684,40.807097276779274],[-73.944995434684358,40.808454276314663],[-73.946901435138415,40.805847276695246]]]},"properties":{"OBJECTID":153116,"GEOID20":"360610200002","GEOID10":"360610200002","STATEFP":"36","COUNTYFP":"061","D1C":82.387432203850551,"D1C5_RET":6.8508862615862851,"D2B_E5MIXA":0.67413714900672095,"D3A":27.550011624531084,"D3AAO":0,"D3B":150.81873158255203,"D4A":96.560000000000002,"D4C":134,"D4D":3788.84702513,"D5AR":733788,"D5BR":3706452}},{"type":"Feature","id":153117,"geometry":{"type":"Polygon","coordinates":[[[-73.956327438550062,40.805715276546785],[-73.956823438842619,40.805040276520351],[-73.955369438300153,40.804428276128938],[-73.95441743789803,40.805733276489747],[-73.955870438615591,40.806344276192085],[-73.956327438550062,40.805715276546785]]]},"properties":{"OBJECTID":153117,"GEOID20":"360610201021","GEOID10":"360610201021","STATEFP":"36","COUNTYFP":"061","D1C":55.260884106159125,"D1C5_RET":0,"D2B_E5MIXA":0.66777515895760908,"D3A":21.255947309396305,"D3AAO":0,"D3B":111.56771554555786,"D4A":108.63,"D4C":62.670000000000002,"D4D":6991.9487332400004,"D5AR":720780,"D5BR":2516579}},{"type":"Feature","id":153118,"geometry":{"type":"Polygon","coordinates":[[[-73.958255438745454,40.804722276208039],[-73.958205438516742,40.803902276091613],[-73.957783438742354,40.803736275705646],[-73.956823438842619,40.805040276520351],[-73.958183438775436,40.80560527633579],[-73.958255438745454,40.804722276208039]]]},"properties":{"OBJECTID":153118,"GEOID20":"360610201023","GEOID10":"360610201023","STATEFP":"36","COUNTYFP":"061","D1C":3.8462066786631688,"D1C5_RET":0,"D2B_E5MIXA":0.6428338893455412,"D3A":32.58505986858821,"D3AAO":0,"D3B":468.82372235730043,"D4A":123.38,"D4C":71.329999999999998,"D4D":12538.8811833,"D5AR":679722,"D5BR":2520533}},{"type":"Feature","id":153119,"geometry":{"type":"Polygon","coordinates":[[[-73.95772343756957,40.806299276059789],[-73.958183438775436,40.80560527633579],[-73.956823438842619,40.805040276520351],[-73.955870438615591,40.806344276192085],[-73.957267438358315,40.806924276147932],[-73.95772343756957,40.806299276059789]]]},"properties":{"OBJECTID":153119,"GEOID20":"360610201024","GEOID10":"360610201024","STATEFP":"36","COUNTYFP":"061","D1C":2.1996674835987293,"D1C5_RET":0,"D2B_E5MIXA":0.51195464586448902,"D3A":28.995373529427319,"D3AAO":0,"D3B":117.16477501086246,"D4A":175.69,"D4C":69,"D4D":8084.3694757499998,"D5AR":655531,"D5BR":2521083}},{"type":"Feature","id":153120,"geometry":{"type":"Polygon","coordinates":[[[-73.961571439361066,40.811213277354604],[-73.962059440156011,40.810543276213593],[-73.959218439916555,40.809349277768206],[-73.958273438288799,40.810637277408851],[-73.961112439776755,40.811838277393718],[-73.961571439361066,40.811213277354604]]]},"properties":{"OBJECTID":153120,"GEOID20":"360610203001","GEOID10":"360610203001","STATEFP":"36","COUNTYFP":"061","D1C":171.89080387977066,"D1C5_RET":1.4391694725674151,"D2B_E5MIXA":0.088118980282540421,"D3A":22.678120298058939,"D3AAO":0,"D3B":230.26711561078642,"D4A":246.77000000000001,"D4C":93,"D4D":5353.7104379499997,"D5AR":635968,"D5BR":2560142}},{"type":"Feature","id":153121,"geometry":{"type":"Polygon","coordinates":[[[-73.964391441480771,40.80734627649143],[-73.964849440341851,40.80671527708683],[-73.962009439927314,40.805517275491738],[-73.959218439916555,40.809349277768206],[-73.962059440156011,40.810543276213593],[-73.964391441480771,40.80734627649143]]]},"properties":{"OBJECTID":153121,"GEOID20":"360610203002","GEOID10":"360610203002","STATEFP":"36","COUNTYFP":"061","D1C":860.32237755427514,"D1C5_RET":0,"D2B_E5MIXA":0.0080934870098961723,"D3A":42.323509149065615,"D3AAO":0,"D3B":434.27584009456518,"D4A":205.19,"D4C":68.670000000000002,"D4D":1334.9622605899999,"D5AR":520703,"D5BR":2439266}},{"type":"Feature","id":153133,"geometry":{"type":"Polygon","coordinates":[[[-73.936211432951737,40.814682278554969],[-73.934824432356436,40.814058278888858],[-73.934693431038539,40.814239278679395],[-73.933832432669647,40.814200279036676],[-73.933824431375427,40.819499278916929],[-73.934476433100215,40.819705280501516],[-73.934437431843818,40.819160279477366],[-73.933983432282403,40.817712279557362],[-73.93412943097394,40.817742279474459],[-73.934289431705821,40.817251279306518],[-73.934455432285503,40.81719727931825],[-73.936211432951737,40.814682278554969]]]},"properties":{"OBJECTID":153133,"GEOID20":"360610210001","GEOID10":"360610210001","STATEFP":"36","COUNTYFP":"061","D1C":8.9230482335873553,"D1C5_RET":0.50129484458355933,"D2B_E5MIXA":0.4716293888733617,"D3A":63.617873312562168,"D3AAO":36.814181098843022,"D3B":0,"D4A":89.859999999999999,"D4C":136.33000000000001,"D4D":6491.30025957,"D5AR":893657,"D5BR":2411019}},{"type":"Feature","id":153139,"geometry":{"type":"Polygon","coordinates":[[[-73.939703434192779,40.807043277365622],[-73.940158432680803,40.806417277505226],[-73.938545433028011,40.805738277606309],[-73.935820432241172,40.809511277727132],[-73.937409432502861,40.810184278198996],[-73.939703434192779,40.807043277365622]]]},"properties":{"OBJECTID":153139,"GEOID20":"360610206002","GEOID10":"360610206002","STATEFP":"36","COUNTYFP":"061","D1C":64.601211952507526,"D1C5_RET":0.98045684244952402,"D2B_E5MIXA":0.31180855317330497,"D3A":36.666907064185558,"D3AAO":0,"D3B":69.721375463077266,"D4A":233.34999999999999,"D4C":190.66999999999999,"D4D":6646.8873297700002,"D5AR":850975,"D5BR":3375313}},{"type":"Feature","id":153140,"geometry":{"type":"Polygon","coordinates":[[[-73.959941439091494,40.808357276235114],[-73.960107439671177,40.808128276585251],[-73.958408438906332,40.807427276245576],[-73.957618439784241,40.808679276843584],[-73.959218439916555,40.809349277768206],[-73.959941439091494,40.808357276235114]]]},"properties":{"OBJECTID":153140,"GEOID20":"360610207011","GEOID10":"360610207011","STATEFP":"36","COUNTYFP":"061","D1C":20.019875341607435,"D1C5_RET":2.6042114265505605,"D2B_E5MIXA":0.58183274994217549,"D3A":28.861095940671465,"D3AAO":0,"D3B":104.16845706202241,"D4A":131.43000000000001,"D4C":91.329999999999998,"D4D":9513.7051834699996,"D5AR":610341,"D5BR":2543361}},{"type":"Feature","id":153141,"geometry":{"type":"Polygon","coordinates":[[[-73.943626433632375,40.81032627779927],[-73.944084435188415,40.809701277796151],[-73.940862433385803,40.808342277555958],[-73.939950433166658,40.809590277907766],[-73.943173434794176,40.81095027720999],[-73.943626433632375,40.81032627779927]]]},"properties":{"OBJECTID":153141,"GEOID20":"360610208002","GEOID10":"360610208002","STATEFP":"36","COUNTYFP":"061","D1C":11.738601858639324,"D1C5_RET":4.5969349935930222,"D2B_E5MIXA":0.69542810461462645,"D3A":18.982470781134005,"D3AAO":0,"D3B":52.536399926777399,"D4A":281.63999999999999,"D4C":129.66999999999999,"D4D":6812.3949785100003,"D5AR":788576,"D5BR":3603088}},{"type":"Feature","id":153142,"geometry":{"type":"Polygon","coordinates":[[[-73.944539434574779,40.809079277184424],[-73.944995434684358,40.808454276314663],[-73.94177243305684,40.807097276779274],[-73.940862433385803,40.808342277555958],[-73.944084435188415,40.809701277796151],[-73.944539434574779,40.809079277184424]]]},"properties":{"OBJECTID":153142,"GEOID20":"360610208003","GEOID10":"360610208003","STATEFP":"36","COUNTYFP":"061","D1C":29.861589066775576,"D1C5_RET":0,"D2B_E5MIXA":0.52070677025818268,"D3A":39.84614425111527,"D3AAO":0,"D3B":52.648531687978974,"D4A":245.41999999999999,"D4C":133.66999999999999,"D4D":7037.5292307299997,"D5AR":767711,"D5BR":3661974}},{"type":"Feature","id":153143,"geometry":{"type":"Polygon","coordinates":[[[-73.956270439546969,40.813383278061387],[-73.954836439095999,40.811733277118712],[-73.954012437842067,40.811378277936861],[-73.95496743861726,40.810072276920891],[-73.953577436750578,40.80948527747497],[-73.952102437190021,40.811450277654458],[-73.954082437263963,40.812288277855849],[-73.955708439132195,40.814152277823737],[-73.956270439546969,40.813383278061387]]]},"properties":{"OBJECTID":153143,"GEOID20":"360610209011","GEOID10":"360610209011","STATEFP":"36","COUNTYFP":"061","D1C":50.38108420026024,"D1C5_RET":2.3511172626788115,"D2B_E5MIXA":0.74108501552992456,"D3A":26.380749124202502,"D3AAO":0,"D3B":186.32671481508513,"D4A":0,"D4C":168.33000000000001,"D4D":7236.8195442599999,"D5AR":766390,"D5BR":2658622}},{"type":"Feature","id":153144,"geometry":{"type":"Polygon","coordinates":[[[-73.957433438039672,40.811787278155073],[-73.957809438681608,40.811272277473947],[-73.95496743861726,40.810072276920891],[-73.954012437842067,40.811378277936861],[-73.954836439095999,40.811733277118712],[-73.956270439546969,40.813383278061387],[-73.957433438039672,40.811787278155073]]]},"properties":{"OBJECTID":153144,"GEOID20":"360610209012","GEOID10":"360610209012","STATEFP":"36","COUNTYFP":"061","D1C":21.851359173842649,"D1C5_RET":0,"D2B_E5MIXA":0,"D3A":28.926412123450241,"D3AAO":0,"D3B":170.98834229259697,"D4A":189.09999999999999,"D4C":168,"D4D":7831.5271279099998,"D5AR":739970,"D5BR":2660241}},{"type":"Feature","id":153145,"geometry":{"type":"Polygon","coordinates":[[[-73.937145432912217,40.813429278256223],[-73.937636431385272,40.812756278743109],[-73.934785432896689,40.811568278099116],[-73.934595431129253,40.811276278033276],[-73.934172432428284,40.811390278235173],[-73.933832432669647,40.814200279036676],[-73.934693431038539,40.814239278679395],[-73.934824432356436,40.814058278888858],[-73.936211432951737,40.814682278554969],[-73.937145432912217,40.813429278256223]]]},"properties":{"OBJECTID":153145,"GEOID20":"360610210002","GEOID10":"360610210002","STATEFP":"36","COUNTYFP":"061","D1C":1.1007896789959697,"D1C5_RET":0,"D2B_E5MIXA":0.23410046348828253,"D3A":45.741579583704528,"D3AAO":13.750038203464738,"D3B":0,"D4A":282.98000000000002,"D4C":119,"D4D":4324.3114338900004,"D5AR":837850,"D5BR":2429433}},{"type":"Feature","id":153146,"geometry":{"type":"Polygon","coordinates":[[[-73.962107440734911,40.812260277082139],[-73.961112439776755,40.811838277393718],[-73.958702439532516,40.815128277757324],[-73.959720439158573,40.815534277747354],[-73.962107440734911,40.812260277082139]]]},"properties":{"OBJECTID":153146,"GEOID20":"360610211003","GEOID10":"360610211003","STATEFP":"36","COUNTYFP":"061","D1C":124.18440061268726,"D1C5_RET":1.4066194244155514,"D2B_E5MIXA":0.54085500826374255,"D3A":41.187646720730342,"D3AAO":0,"D3B":128.60520451799326,"D4A":0,"D4C":93,"D4D":5980.1420100900004,"D5AR":730771,"D5BR":2558648}},{"type":"Feature","id":153147,"geometry":{"type":"Polygon","coordinates":[[[-73.957994438629541,40.800835274671797],[-73.958196438295914,40.800561275643531],[-73.957763437752547,40.800480274989546],[-73.955290437759118,40.799443276184924],[-73.954395437258412,40.800667275535794],[-73.957239437870911,40.801866275200105],[-73.957994438629541,40.800835274671797]]]},"properties":{"OBJECTID":153147,"GEOID20":"360610216005","GEOID10":"360610216005","STATEFP":"36","COUNTYFP":"061","D1C":4.9005887303422782,"D1C5_RET":0.56545254580872439,"D2B_E5MIXA":0.9148555834592077,"D3A":27.582799593858962,"D3AAO":0,"D3B":100.54501906809972,"D4A":215.91999999999999,"D4C":113.67,"D4D":6856.0001904399996,"D5AR":658383,"D5BR":2488829}},{"type":"Feature","id":153148,"geometry":{"type":"Polygon","coordinates":[[[-73.940370433291235,40.814782278487463],[-73.940856433538031,40.81411427822696],[-73.937636431385272,40.812756278743109],[-73.936689432802638,40.814052277621471],[-73.93991043298368,40.815412278607653],[-73.940370433291235,40.814782278487463]]]},"properties":{"OBJECTID":153148,"GEOID20":"360610212002","GEOID10":"360610212002","STATEFP":"36","COUNTYFP":"061","D1C":215.34200394298637,"D1C5_RET":0,"D2B_E5MIXA":0.034497310031539191,"D3A":32.802166522379977,"D3AAO":0,"D3B":168.5576501589826,"D4A":253.47,"D4C":72.329999999999998,"D4D":3656.8010905800002,"D5AR":748206,"D5BR":2707635}},{"type":"Feature","id":153149,"geometry":{"type":"Polygon","coordinates":[[[-73.941804434640503,40.812823278422783],[-73.942250433806038,40.81220927816787],[-73.939019433579247,40.810864277626791],[-73.938594432533478,40.81144327805363],[-73.941804434640503,40.812823278422783]]]},"properties":{"OBJECTID":153149,"GEOID20":"360610212003","GEOID10":"360610212003","STATEFP":"36","COUNTYFP":"061","D1C":18.036808797922447,"D1C5_RET":10.993864410162255,"D2B_E5MIXA":0.6728657799245531,"D3A":17.51547544139655,"D3AAO":0,"D3B":183.26771971740479,"D4A":289.68000000000001,"D4C":71.329999999999998,"D4D":7841.9234837699996,"D5AR":870506,"D5BR":2362227}},{"type":"Feature","id":153150,"geometry":{"type":"Polygon","coordinates":[[[-73.95485543846425,40.800039275437037],[-73.955290437759118,40.799443276184924],[-73.952484435883122,40.798261275187599],[-73.95063743677693,40.800728275429108],[-73.952557436576384,40.801538275854881],[-73.952409436438387,40.799008275091403],[-73.95485543846425,40.800039275437037]]]},"properties":{"OBJECTID":153150,"GEOID20":"360610216001","GEOID10":"360610216001","STATEFP":"36","COUNTYFP":"061","D1C":12.424379355447027,"D1C5_RET":0.34039395494375418,"D2B_E5MIXA":0.65214883803099466,"D3A":38.817155170018971,"D3AAO":0,"D3B":199.71598203386722,"D4A":191.78,"D4C":121,"D4D":6590.0283136300004,"D5AR":684722,"D5BR":2653354}},{"type":"Feature","id":153151,"geometry":{"type":"Polygon","coordinates":[[[-73.952869437644239,40.815854278738136],[-73.952975437949434,40.815078278410596],[-73.950861436184596,40.814195277878007],[-73.951771437652241,40.812948277908063],[-73.950928437030058,40.812583278587645],[-73.950351436546654,40.813167277488347],[-73.949021436751067,40.815029278429556],[-73.946079436229269,40.821272279915185],[-73.948084437315856,40.822116280314113],[-73.94854243617695,40.821495279832185],[-73.949922436201248,40.822081279771581],[-73.952201437822538,40.818958279015696],[-73.950881436276077,40.818403279009289],[-73.951769438002415,40.817918278533547],[-73.95276443806226,40.816551278870072],[-73.952869437644239,40.815854278738136]]]},"properties":{"OBJECTID":153151,"GEOID20":"360610217031","GEOID10":"360610217031","STATEFP":"36","COUNTYFP":"061","D1C":26.220489581065838,"D1C5_RET":0,"D2B_E5MIXA":0,"D3A":30.9452782221422,"D3AAO":0,"D3B":228.39475210563049,"D4A":225.31,"D4C":194,"D4D":1600.9170758600001,"D5AR":700132,"D5BR":2025321}},{"type":"Feature","id":153152,"geometry":{"type":"Polygon","coordinates":[[[-73.95203543724287,40.803906276415283],[-73.952525436789344,40.803230276088357],[-73.949681436176832,40.802032275503159],[-73.948729436673005,40.80333927657653],[-73.951573437285532,40.804534275965274],[-73.95203543724287,40.803906276415283]]]},"properties":{"OBJECTID":153152,"GEOID20":"360610218001","GEOID10":"360610218001","STATEFP":"36","COUNTYFP":"061","D1C":37.45194008700166,"D1C5_RET":0.44479738820667059,"D2B_E5MIXA":0.5827242286991986,"D3A":30.767290119911625,"D3AAO":0,"D3B":0,"D4A":320.52999999999997,"D4C":105.33,"D4D":5996.8651391800004,"D5AR":670157,"D5BR":2703541}},{"type":"Feature","id":153153,"geometry":{"type":"Polygon","coordinates":[[[-73.954875437657435,40.805104275813108],[-73.955369438300153,40.804428276128938],[-73.952525436789344,40.803230276088357],[-73.951573437285532,40.804534275965274],[-73.95441743789803,40.805733276489747],[-73.954875437657435,40.805104275813108]]]},"properties":{"OBJECTID":153153,"GEOID20":"360610218004","GEOID10":"360610218004","STATEFP":"36","COUNTYFP":"061","D1C":38.915497224064971,"D1C5_RET":4.3635225720347455,"D2B_E5MIXA":0.81167941446486358,"D3A":23.43855755996594,"D3AAO":0,"D3B":56.992947879637491,"D4A":160.93000000000001,"D4C":105.67,"D4D":6022.4448024399999,"D5AR":726632,"D5BR":2517047}},{"type":"Feature","id":153154,"geometry":{"type":"Polygon","coordinates":[[[-73.962981441319229,40.818520278614159],[-73.959494440101068,40.817015278026744],[-73.956270439546969,40.813383278061387],[-73.955708439132195,40.814152277823737],[-73.957475438770786,40.816193278076412],[-73.957829439671428,40.816326278520826],[-73.956024439499672,40.818810278017708],[-73.959482440405509,40.820267279161904],[-73.960008440835296,40.820430278977319],[-73.961895441022804,40.818270278649955],[-73.962981441319229,40.818520278614159]]]},"properties":{"OBJECTID":153154,"GEOID20":"360610219001","GEOID10":"360610219001","STATEFP":"36","COUNTYFP":"061","D1C":74.530737166440815,"D1C5_RET":29.34341846960805,"D2B_E5MIXA":0.88393448223239579,"D3A":42.725310570167842,"D3AAO":6.509391725591307,"D3B":153.89863907252308,"D4A":103.27,"D4C":94,"D4D":1549.8684457700001,"D5AR":762560,"D5BR":2551377}},{"type":"Feature","id":153155,"geometry":{"type":"Polygon","coordinates":[[[-73.956483439083982,40.818183279681428],[-73.956932438622559,40.817553278682475],[-73.955804439391642,40.817069278843078],[-73.955588438583277,40.817427278308578],[-73.955295437781999,40.818488278986791],[-73.953191437859502,40.817603278883212],[-73.952722437331147,40.818244278431017],[-73.955452439039149,40.819385279052113],[-73.956024439499672,40.818810278017708],[-73.956483439083982,40.818183279681428]]]},"properties":{"OBJECTID":153155,"GEOID20":"360610219002","GEOID10":"360610219002","STATEFP":"36","COUNTYFP":"061","D1C":6.7357058108713188,"D1C5_RET":0.99379266062035854,"D2B_E5MIXA":0.81604216004234409,"D3A":24.468763836950831,"D3AAO":0,"D3B":212.07977063265389,"D4A":0,"D4C":86.329999999999998,"D4D":6100.9152278299998,"D5AR":712846,"D5BR":2576931}},{"type":"Feature","id":153156,"geometry":{"type":"Polygon","coordinates":[[[-73.952918437149719,40.807788276642079],[-73.95285843687526,40.806717276823967],[-73.950655436320275,40.805793276944421],[-73.949741436451291,40.807048277023554],[-73.952586437787019,40.808246277498185],[-73.952918437149719,40.807788276642079]]]},"properties":{"OBJECTID":153156,"GEOID20":"360610220005","GEOID10":"360610220005","STATEFP":"36","COUNTYFP":"061","D1C":16.141148243623373,"D1C5_RET":0.99636717553230703,"D2B_E5MIXA":0.59755495894399568,"D3A":27.974958464566669,"D3AAO":0,"D3B":0,"D4A":222.63,"D4C":189.33000000000001,"D4D":12073.100630000001,"D5AR":677288,"D5BR":2552794}},{"type":"Feature","id":153157,"geometry":{"type":"Polygon","coordinates":[[[-73.959768440635784,40.820419278956535],[-73.960008440835296,40.820430278977319],[-73.959482440405509,40.820267279161904],[-73.956024439499672,40.818810278017708],[-73.955452439039149,40.819385279052113],[-73.95507743912043,40.820105279632507],[-73.958744439365319,40.821628279843388],[-73.959768440635784,40.820419278956535]]]},"properties":{"OBJECTID":153157,"GEOID20":"360610223021","GEOID10":"360610223021","STATEFP":"36","COUNTYFP":"061","D1C":28.623402898304754,"D1C5_RET":0,"D2B_E5MIXA":0.39697540449708713,"D3A":42.760297154604494,"D3AAO":17.750626156315281,"D3B":215.51735895006786,"D4A":293.70999999999998,"D4C":74.670000000000002,"D4D":3218.5362385600001,"D5AR":692741,"D5BR":2154056}},{"type":"Feature","id":153158,"geometry":{"type":"Polygon","coordinates":[[[-73.948010436797716,40.817124278987208],[-73.948357437127328,40.816382279343813],[-73.947035435931028,40.815838278963213],[-73.945142435895761,40.818432279261785],[-73.947037435580867,40.819217279967582],[-73.948010436797716,40.817124278987208]]]},"properties":{"OBJECTID":153158,"GEOID20":"360610221022","GEOID10":"360610221022","STATEFP":"36","COUNTYFP":"061","D1C":19.818134787193824,"D1C5_RET":1.591818055196291,"D2B_E5MIXA":0.52868902260583128,"D3A":32.387722225096908,"D3AAO":0,"D3B":152.51704842716552,"D4A":135.44999999999999,"D4C":69.670000000000002,"D4D":3541.9542546399998,"D5AR":744003,"D5BR":2610938}},{"type":"Feature","id":153159,"geometry":{"type":"Polygon","coordinates":[[[-73.952126437479478,40.808870276751279],[-73.952586437787019,40.808246277498185],[-73.949741436451291,40.807048277023554],[-73.947840435121762,40.809649277430523],[-73.950681438056165,40.810851277767071],[-73.952126437479478,40.808870276751279]]]},"properties":{"OBJECTID":153159,"GEOID20":"360610222001","GEOID10":"360610222001","STATEFP":"36","COUNTYFP":"061","D1C":89.652448694199592,"D1C5_RET":18.831923020882144,"D2B_E5MIXA":0.89725069568194005,"D3A":30.785627201986326,"D3AAO":0,"D3B":28.560262401337848,"D4A":219.94,"D4C":181.33000000000001,"D4D":5178.8323812299996,"D5AR":613891,"D5BR":3438053}},{"type":"Feature","id":153160,"geometry":{"type":"Polygon","coordinates":[[[-73.959193440700517,40.82435027899912],[-73.959649440810097,40.823685279095756],[-73.95820844068642,40.82306427902882],[-73.958320439941104,40.822840280342859],[-73.958009440494791,40.822803280250383],[-73.958219439658762,40.822358278917662],[-73.958744439365319,40.821628279843388],[-73.957524439174577,40.821151279082464],[-73.957342439599699,40.821171279578067],[-73.956746439748031,40.821693279434939],[-73.954587438675645,40.820777279377339],[-73.953677439004636,40.822027278956682],[-73.955770439954776,40.82291227917753],[-73.956341439692082,40.823100279014135],[-73.957412439021596,40.823281279286199],[-73.959193440700517,40.82435027899912]]]},"properties":{"OBJECTID":153160,"GEOID20":"360610223013","GEOID10":"360610223013","STATEFP":"36","COUNTYFP":"061","D1C":7.2468592524422801,"D1C5_RET":3.7707235134659016,"D2B_E5MIXA":0.7934443643935094,"D3A":38.32612782188945,"D3AAO":15.693393502930284,"D3B":131.76304385516156,"D4A":0,"D4C":66.329999999999998,"D4D":2184.4145710900002,"D5AR":651104,"D5BR":2156782}},{"type":"Feature","id":153161,"geometry":{"type":"Polygon","coordinates":[[[-73.946476434990998,40.81151727729312],[-73.9469344356487,40.810888277727251],[-73.944084435188415,40.809701277796151],[-73.943173434794176,40.81095027720999],[-73.946032435475274,40.812127278004873],[-73.946476434990998,40.81151727729312]]]},"properties":{"OBJECTID":153161,"GEOID20":"360610224001","GEOID10":"360610224001","STATEFP":"36","COUNTYFP":"061","D1C":9.1540811672761215,"D1C5_RET":0.65386294051972305,"D2B_E5MIXA":0.65207352284444009,"D3A":28.328073367786676,"D3AAO":0,"D3B":59.78175456180324,"D4A":197.13999999999999,"D4C":108,"D4D":6456.4294926700004,"D5AR":731448,"D5BR":2763363}},{"type":"Feature","id":153162,"geometry":{"type":"Polygon","coordinates":[[[-73.945103435537689,40.813396278784779],[-73.942250433806038,40.81220927816787],[-73.941348434530951,40.813446278039343],[-73.94419443389495,40.814642278403753],[-73.945103435537689,40.813396278784779]]]},"properties":{"OBJECTID":153162,"GEOID20":"360610226001","GEOID10":"360610226001","STATEFP":"36","COUNTYFP":"061","D1C":26.489159718550713,"D1C5_RET":2.4336330483474153,"D2B_E5MIXA":0.78113381988121922,"D3A":22.163142364021176,"D3AAO":0,"D3B":59.904813497782527,"D4A":201.16999999999999,"D4C":83.670000000000002,"D4D":5012.2357453599998,"D5AR":766178,"D5BR":2561397}},{"type":"Feature","id":153163,"geometry":{"type":"Polygon","coordinates":[[[-73.949302436060151,40.812735277632179],[-73.946476434990998,40.81151727729312],[-73.945569435693017,40.812760277853208],[-73.948420436876532,40.813946278711065],[-73.949302436060151,40.812735277632179]]]},"properties":{"OBJECTID":153163,"GEOID20":"360610224003","GEOID10":"360610224003","STATEFP":"36","COUNTYFP":"061","D1C":21.796320648975541,"D1C5_RET":0,"D2B_E5MIXA":0.25959184941579394,"D3A":54.684466147085651,"D3AAO":0,"D3B":362.50961137537712,"D4A":225.31,"D4C":147.66999999999999,"D4D":8917.5069651499998,"D5AR":724449,"D5BR":2601872}},{"type":"Feature","id":153164,"geometry":{"type":"Polygon","coordinates":[[[-73.957463439973523,40.826878280397516],[-73.959193440700517,40.82435027899912],[-73.957412439021596,40.823281279286199],[-73.956341439692082,40.823100279014135],[-73.955698438188136,40.822884280168722],[-73.955321439517888,40.823598280431646],[-73.954831439073132,40.824134279466229],[-73.952763438237326,40.823271279697181],[-73.951854438391237,40.824518280037687],[-73.954990439980094,40.825892280132557],[-73.957463439973523,40.826878280397516]]]},"properties":{"OBJECTID":153164,"GEOID20":"360610225001","GEOID10":"360610225001","STATEFP":"36","COUNTYFP":"061","D1C":3.9278239396278161,"D1C5_RET":1.2242568123515269,"D2B_E5MIXA":0.8326400932844612,"D3A":31.153538709529002,"D3AAO":7.3048170213307904,"D3B":95.958878940862434,"D4A":178.37,"D4C":76.329999999999998,"D4D":1372.6651479699999,"D5AR":692930,"D5BR":2576533}},{"type":"Feature","id":153165,"geometry":{"type":"Polygon","coordinates":[[[-73.955353439304943,40.823543279537397],[-73.955698438188136,40.822884280168722],[-73.953677439004636,40.822027278956682],[-73.952763438237326,40.823271279697181],[-73.954831439073132,40.824134279466229],[-73.955353439304943,40.823543279537397]]]},"properties":{"OBJECTID":153165,"GEOID20":"360610225002","GEOID10":"360610225002","STATEFP":"36","COUNTYFP":"061","D1C":10.44735045000051,"D1C5_RET":2.548134256097685,"D2B_E5MIXA":0.89262686084645415,"D3A":30.979789831094063,"D3AAO":0,"D3B":0,"D4A":131.43000000000001,"D4C":75.329999999999998,"D4D":6142.4270690000003,"D5AR":743710,"D5BR":2578508}},{"type":"Feature","id":153166,"geometry":{"type":"Polygon","coordinates":[[[-73.945985434721308,40.812191278621633],[-73.946032435475274,40.812127278004873],[-73.943173434794176,40.81095027720999],[-73.942250433806038,40.81220927816787],[-73.945103435537689,40.813396278784779],[-73.945985434721308,40.812191278621633]]]},"properties":{"OBJECTID":153166,"GEOID20":"360610226002","GEOID10":"360610226002","STATEFP":"36","COUNTYFP":"061","D1C":6.801278552134999,"D1C5_RET":0.36763667849378373,"D2B_E5MIXA":0.74798094473413324,"D3A":41.643931996360863,"D3AAO":0,"D3B":58.821868559005395,"D4A":209.21000000000001,"D4C":80,"D4D":4705.7494847199996,"D5AR":742885,"D5BR":2577208}},{"type":"Feature","id":153167,"geometry":{"type":"Polygon","coordinates":[[[-73.947948435975107,40.814588279011254],[-73.948420436876532,40.813946278711065],[-73.945569435693017,40.812760277853208],[-73.94419443389495,40.814642278403753],[-73.947035435931028,40.815838278963213],[-73.947948435975107,40.814588279011254]]]},"properties":{"OBJECTID":153167,"GEOID20":"360610226003","GEOID10":"360610226003","STATEFP":"36","COUNTYFP":"061","D1C":47.791526169484975,"D1C5_RET":1.4780884382314941,"D2B_E5MIXA":0.16337683244653023,"D3A":26.397121777128636,"D3AAO":0,"D3B":0,"D4A":291.01999999999998,"D4C":105,"D4D":4138.6476270499998,"D5AR":727089,"D5BR":2576772}},{"type":"Feature","id":153168,"geometry":{"type":"Polygon","coordinates":[[[-73.942757434867545,40.816610278321697],[-73.943211434429003,40.815984278975954],[-73.940370433291235,40.814782278487463],[-73.939458433970387,40.816035279067627],[-73.942300434034749,40.817234279138709],[-73.942757434867545,40.816610278321697]]]},"properties":{"OBJECTID":153168,"GEOID20":"360610228001","GEOID10":"360610228001","STATEFP":"36","COUNTYFP":"061","D1C":6.4984313761422703,"D1C5_RET":1.2068515412835645,"D2B_E5MIXA":0.79393425533516715,"D3A":28.908587695179804,"D3AAO":0,"D3B":118.82845944945865,"D4A":199.83000000000001,"D4C":78.329999999999998,"D4D":4653.9166143399998,"D5AR":758212,"D5BR":2688530}},{"type":"Feature","id":153169,"geometry":{"type":"Polygon","coordinates":[[[-73.946547436034422,40.816510277745301],[-73.947035435931028,40.815838278963213],[-73.94419443389495,40.814642278403753],[-73.943211434429003,40.815984278975954],[-73.946056435764731,40.817183278609079],[-73.946547436034422,40.816510277745301]]]},"properties":{"OBJECTID":153169,"GEOID20":"360610228003","GEOID10":"360610228003","STATEFP":"36","COUNTYFP":"061","D1C":83.254098572040064,"D1C5_RET":0.43226427088286634,"D2B_E5MIXA":0.43095976957165816,"D3A":27.600891266679309,"D3AAO":0,"D3B":55.329826673006892,"D4A":260.18000000000001,"D4C":110.67,"D4D":6123.3519179000004,"D5AR":783679,"D5BR":2599068}},{"type":"Feature","id":153170,"geometry":{"type":"Polygon","coordinates":[[[-73.945599434931935,40.81780827951625],[-73.946056435764731,40.817183278609079],[-73.943211434429003,40.815984278975954],[-73.942300434034749,40.817234279138709],[-73.945142435895761,40.818432279261785],[-73.945599434931935,40.81780827951625]]]},"properties":{"OBJECTID":153170,"GEOID20":"360610228004","GEOID10":"360610228004","STATEFP":"36","COUNTYFP":"061","D1C":5.0211383882181106,"D1C5_RET":0.37193617690504521,"D2B_E5MIXA":0.47138580454391116,"D3A":30.189783089291637,"D3AAO":0,"D3B":59.509788304807238,"D4A":209.21000000000001,"D4C":115,"D4D":6843.6256550500002,"D5AR":771968,"D5BR":2582244}},{"type":"Feature","id":153171,"geometry":{"type":"Polygon","coordinates":[[[-73.951399438106577,40.825145280349922],[-73.951854438391237,40.824518280037687],[-73.949007436507344,40.823323280262699],[-73.948554437669159,40.82394828041889],[-73.951399438106577,40.825145280349922]]]},"properties":{"OBJECTID":153171,"GEOID20":"360610229002","GEOID10":"360610229002","STATEFP":"36","COUNTYFP":"061","D1C":12.271920089718893,"D1C5_RET":2.6031345644858259,"D2B_E5MIXA":0.72646608897017473,"D3A":53.809229913104339,"D3AAO":0,"D3B":119.00043723363775,"D4A":195.80000000000001,"D4C":150.33000000000001,"D4D":17889.335729300001,"D5AR":672211,"D5BR":2558318}},{"type":"Feature","id":153172,"geometry":{"type":"Polygon","coordinates":[[[-73.940055433646961,40.825387280816891],[-73.940516434677718,40.824765280435706],[-73.937674434613356,40.823574280170646],[-73.936788433435154,40.824819279701181],[-73.939603434633653,40.826010280720048],[-73.940055433646961,40.825387280816891]]]},"properties":{"OBJECTID":153172,"GEOID20":"360610234001","GEOID10":"360610234001","STATEFP":"36","COUNTYFP":"061","D1C":7.2312146027936555,"D1C5_RET":1.0330306575419508,"D2B_E5MIXA":0.73634312828349735,"D3A":40.241726656478079,"D3AAO":0,"D3B":60.103601893349861,"D4A":179.71000000000001,"D4C":138.66999999999999,"D4D":8334.5664745499998,"D5AR":698659,"D5BR":1907197}},{"type":"Feature","id":153173,"geometry":{"type":"Polygon","coordinates":[[[-73.940478433246255,40.819729279443266],[-73.940931433881104,40.819105278981851],[-73.938088433093498,40.817908280175487],[-73.93764243302968,40.818525279446838],[-73.940478433246255,40.819729279443266]]]},"properties":{"OBJECTID":153173,"GEOID20":"360610230001","GEOID10":"360610230001","STATEFP":"36","COUNTYFP":"061","D1C":5.8240230844736418,"D1C5_RET":0.75148684960950218,"D2B_E5MIXA":0.92677872332943667,"D3A":32.191828001433386,"D3AAO":0,"D3B":120.23789593752035,"D4A":265.54000000000002,"D4C":64.670000000000002,"D4D":7775.7847302800001,"D5AR":745365,"D5BR":2544890}},{"type":"Feature","id":153174,"geometry":{"type":"Polygon","coordinates":[[[-73.944688435435992,40.819055279233403],[-73.945142435895761,40.818432279261785],[-73.942300434034749,40.817234279138709],[-73.941392434013551,40.818479279386203],[-73.944232435326413,40.819681279511592],[-73.944688435435992,40.819055279233403]]]},"properties":{"OBJECTID":153174,"GEOID20":"360610230003","GEOID10":"360610230003","STATEFP":"36","COUNTYFP":"061","D1C":10.623124628289649,"D1C5_RET":0.37274121502770696,"D2B_E5MIXA":0.78854577824792371,"D3A":22.35215244026142,"D3AAO":0,"D3B":0,"D4A":170.31999999999999,"D4C":124,"D4D":7395.1857061500004,"D5AR":790852,"D5BR":2582459}},{"type":"Feature","id":153175,"geometry":{"type":"Polygon","coordinates":[[[-73.940478433246255,40.819729279443266],[-73.93764243302968,40.818525279446838],[-73.936722432414584,40.819778280031684],[-73.939567432852002,40.820973279776631],[-73.940478433246255,40.819729279443266]]]},"properties":{"OBJECTID":153175,"GEOID20":"360610232002","GEOID10":"360610232002","STATEFP":"36","COUNTYFP":"061","D1C":6.9733226523105234,"D1C5_RET":0,"D2B_E5MIXA":0.62271879311949518,"D3A":31.949668883995191,"D3AAO":0,"D3B":59.505686633049798,"D4A":308.45999999999998,"D4C":64.670000000000002,"D4D":3848.2327545600001,"D5AR":740397,"D5BR":2716255}},{"type":"Feature","id":153176,"geometry":{"type":"Polygon","coordinates":[[[-73.941918434443338,40.82284528017005],[-73.942412435086069,40.822172279648136],[-73.939567432852002,40.820973279776631],[-73.93858743375911,40.822318280675702],[-73.941427434173647,40.823515280115181],[-73.941918434443338,40.82284528017005]]]},"properties":{"OBJECTID":153176,"GEOID20":"360610232004","GEOID10":"360610232004","STATEFP":"36","COUNTYFP":"061","D1C":35.531364027798077,"D1C5_RET":3.9767463388776436,"D2B_E5MIXA":0.6252660836395485,"D3A":26.756714935308125,"D3AAO":0,"D3B":55.32864471481939,"D4A":0,"D4C":138.66999999999999,"D4D":7672.4231626000001,"D5AR":736538,"D5BR":2553863}},{"type":"Feature","id":153177,"geometry":{"type":"Polygon","coordinates":[[[-73.948594437852108,40.828984281897462],[-73.949050437063377,40.828357281176181],[-73.946204435902729,40.827162281242785],[-73.945293436406814,40.828409281152489],[-73.948140437392368,40.82960728131485],[-73.948594437852108,40.828984281897462]]]},"properties":{"OBJECTID":153177,"GEOID20":"360610233002","GEOID10":"360610233002","STATEFP":"36","COUNTYFP":"061","D1C":17.674684300370508,"D1C5_RET":2.5116656637368613,"D2B_E5MIXA":0.53003940668533123,"D3A":19.864905475616471,"D3AAO":0,"D3B":119.07155739196972,"D4A":250.78999999999999,"D4C":156.66999999999999,"D4D":9327.4704483000005,"D5AR":648408,"D5BR":2539108}},{"type":"Feature","id":153178,"geometry":{"type":"Polygon","coordinates":[[[-73.943143434656932,40.828317281114366],[-73.943899436138807,40.827823280707015],[-73.942454434020547,40.827215280696194],[-73.940168434523173,40.830391281772151],[-73.941369435345663,40.830899282615832],[-73.94220743504664,40.828737280899801],[-73.942342434765862,40.82878828138206],[-73.943143434656932,40.828317281114366]]]},"properties":{"OBJECTID":153178,"GEOID20":"360610235011","GEOID10":"360610235011","STATEFP":"36","COUNTYFP":"061","D1C":2.3464096601318447,"D1C5_RET":1.3262315470310426,"D2B_E5MIXA":0.59039832805397974,"D3A":37.474744443232012,"D3AAO":0,"D3B":304.78025164509074,"D4A":71.079999999999998,"D4C":124.67,"D4D":8139.8787430599996,"D5AR":768633,"D5BR":2547309}},{"type":"Feature","id":153179,"geometry":{"type":"Polygon","coordinates":[[[-73.940141434758985,40.827047281051833],[-73.940596435043659,40.826422280191643],[-73.939603434633653,40.826010280720048],[-73.937272433133813,40.829162281454344],[-73.938589434307247,40.829725281409239],[-73.939249433733011,40.828304281955745],[-73.940141434758985,40.827047281051833]]]},"properties":{"OBJECTID":153179,"GEOID20":"360610235021","GEOID10":"360610235021","STATEFP":"36","COUNTYFP":"061","D1C":7.5635386359305414,"D1C5_RET":1.375188842896462,"D2B_E5MIXA":0.86870007807759342,"D3A":32.123673401435362,"D3AAO":0,"D3B":250.62117338914564,"D4A":187.75999999999999,"D4C":143.66999999999999,"D4D":9001.6859951999995,"D5AR":795117,"D5BR":2535618}},{"type":"Feature","id":153180,"geometry":{"type":"Polygon","coordinates":[[[-73.939603434633653,40.826010280720048],[-73.939352434563489,40.825906281042791],[-73.935019433248414,40.828011281576501],[-73.934838432600131,40.828040281706578],[-73.934843433521323,40.828105281811396],[-73.937272433133813,40.829162281454344],[-73.939603434633653,40.826010280720048]]]},"properties":{"OBJECTID":153180,"GEOID20":"360610236001","GEOID10":"360610236001","STATEFP":"36","COUNTYFP":"061","D1C":11.985327834748121,"D1C5_RET":0.68270854754894361,"D2B_E5MIXA":0.70377363747590405,"D3A":25.277675544968293,"D3AAO":0.46269834495913903,"D3B":64.763249950598464,"D4A":210.56,"D4C":117,"D4D":5680.13511561,"D5AR":793397,"D5BR":1837458}},{"type":"Feature","id":153181,"geometry":{"type":"Polygon","coordinates":[[[-73.947685437107694,40.830231281529983],[-73.948140437392368,40.82960728131485],[-73.945293436406814,40.828409281152489],[-73.944381436187641,40.829659281670331],[-73.947227437348303,40.830854282145609],[-73.947685437107694,40.830231281529983]]]},"properties":{"OBJECTID":153181,"GEOID20":"360610237001","GEOID10":"360610237001","STATEFP":"36","COUNTYFP":"061","D1C":34.106336885835134,"D1C5_RET":0.74346238443237356,"D2B_E5MIXA":0.38857501719415249,"D3A":32.713156899817712,"D3AAO":0,"D3B":118.95398150917975,"D4A":152.88999999999999,"D4C":107,"D4D":6364.0380107399997,"D5AR":660290,"D5BR":2538995}},{"type":"Feature","id":153182,"geometry":{"type":"Polygon","coordinates":[[[-73.952248438576532,40.831288281268897],[-73.94968943657274,40.830252281859934],[-73.949257437650914,40.831703281428929],[-73.944381436187641,40.829659281670331],[-73.942981435173536,40.831576282273247],[-73.948292437728327,40.833869282146289],[-73.948906438021652,40.834074282799605],[-73.949343437864655,40.833990282204041],[-73.950280438198178,40.834334282285354],[-73.952248438576532,40.831288281268897]]]},"properties":{"OBJECTID":153182,"GEOID20":"360610237003","GEOID10":"360610237003","STATEFP":"36","COUNTYFP":"061","D1C":4.3660487198725031,"D1C5_RET":0.14084028128620979,"D2B_E5MIXA":0.19557467428201777,"D3A":45.975215523931261,"D3AAO":8.3368876453444134,"D3B":124.50601784317453,"D4A":0,"D4C":107,"D4D":1377.8202409,"D5AR":727946,"D5BR":2487494}},{"type":"Feature","id":153183,"geometry":{"type":"Polygon","coordinates":[[[-73.950280438198178,40.834334282285354],[-73.949343437864655,40.833990282204041],[-73.948906438021652,40.834074282799605],[-73.948292437728327,40.833869282146289],[-73.948099437384471,40.834148281941417],[-73.947665437016212,40.834405282443448],[-73.947398437052513,40.83487428271691],[-73.946952437886992,40.834980282166931],[-73.944880436853254,40.83406728218764],[-73.94442743621839,40.834689282315495],[-73.94959543775974,40.836838282769747],[-73.949757438141447,40.835716282419789],[-73.950280438198178,40.834334282285354]]]},"properties":{"OBJECTID":153183,"GEOID20":"360610241001","GEOID10":"360610241001","STATEFP":"36","COUNTYFP":"061","D1C":6.9881391235573425,"D1C5_RET":1.3542905278211903,"D2B_E5MIXA":0.91887896788309231,"D3A":48.455546364664166,"D3AAO":18.278178543647865,"D3B":127.16894608356732,"D4A":272.25,"D4C":79,"D4D":2738.9167776999998,"D5AR":817089,"D5BR":2357923}},{"type":"Feature","id":153184,"geometry":{"type":"Polygon","coordinates":[[[-73.940050435420702,40.83449928244962],[-73.940361434867015,40.833794282892718],[-73.939156434744916,40.833286281800241],[-73.938098434935881,40.834212283061419],[-73.937384433286823,40.83569828245566],[-73.939376434852932,40.836513282955003],[-73.939889434863915,40.835802283087098],[-73.939776434886014,40.835191282138517],[-73.940050435420702,40.83449928244962]]]},"properties":{"OBJECTID":153184,"GEOID20":"360610243012","GEOID10":"360610243012","STATEFP":"36","COUNTYFP":"061","D1C":6.6705500644173465,"D1C5_RET":3.3352750322086733,"D2B_E5MIXA":0.77614427112627737,"D3A":24.78307898600216,"D3AAO":0,"D3B":198.33830494237159,"D4A":187.75999999999999,"D4C":140.33000000000001,"D4D":6954.7262200300001,"D5AR":742601,"D5BR":2354671}},{"type":"Feature","id":153185,"geometry":{"type":"Polygon","coordinates":[[[-73.941690435736021,40.838434283440499],[-73.942142434749314,40.837811282689394],[-73.940103435124158,40.836953282291155],[-73.93982843476455,40.838506282334983],[-73.941141435740022,40.839188282426392],[-73.941690435736021,40.838434283440499]]]},"properties":{"OBJECTID":153185,"GEOID20":"360610245001","GEOID10":"360610245001","STATEFP":"36","COUNTYFP":"061","D1C":103.39286798064528,"D1C5_RET":4.4311229134562264,"D2B_E5MIXA":0.53580442686620289,"D3A":38.498852063654759,"D3AAO":0,"D3B":189.06124430746564,"D4A":140.81999999999999,"D4C":117.67,"D4D":11123.418308800001,"D5AR":726837,"D5BR":2357202}},{"type":"Feature","id":153186,"geometry":{"type":"Polygon","coordinates":[[[-73.944023435987361,40.837788282555046],[-73.944298436346983,40.83708628256452],[-73.943053436041879,40.836565283331495],[-73.942142434749314,40.837811282689394],[-73.943742435779967,40.838485283939818],[-73.944023435987361,40.837788282555046]]]},"properties":{"OBJECTID":153186,"GEOID20":"360610245003","GEOID10":"360610245003","STATEFP":"36","COUNTYFP":"061","D1C":20.869183220602789,"D1C5_RET":9.5029316450959129,"D2B_E5MIXA":0.80923601428847103,"D3A":44.842523160435427,"D3AAO":0,"D3B":0,"D4A":0,"D4C":129.66999999999999,"D4D":15463.468504099999,"D5AR":712472,"D5BR":2357354}},{"type":"Feature","id":153187,"geometry":{"type":"Polygon","coordinates":[[[-73.939504435797772,40.840975284177539],[-73.93968843412415,40.840263283532927],[-73.937333433233178,40.839302283590769],[-73.936465434293282,40.840490283627787],[-73.939335434845049,40.841689284012006],[-73.939504435797772,40.840975284177539]]]},"properties":{"OBJECTID":153187,"GEOID20":"360610251002","GEOID10":"360610251002","STATEFP":"36","COUNTYFP":"061","D1C":20.568833104413592,"D1C5_RET":2.6643566197426929,"D2B_E5MIXA":0.49731901877420448,"D3A":35.538689797256879,"D3AAO":0,"D3B":250.11701054966923,"D4A":155.56999999999999,"D4C":117.33,"D4D":8002.7894321800004,"D5AR":670032,"D5BR":2356697}},{"type":"Feature","id":153188,"geometry":{"type":"Polygon","coordinates":[[[-73.944686436684492,40.836076282714771],[-73.94451843735331,40.835624282325313],[-73.944068436193206,40.835349281732285],[-73.943968435735769,40.835317282748278],[-73.943515435999231,40.835942283365803],[-73.940050435420702,40.83449928244962],[-73.939776434886014,40.835191282138517],[-73.944298436346983,40.83708628256452],[-73.944686436684492,40.836076282714771]]]},"properties":{"OBJECTID":153188,"GEOID20":"360610245005","GEOID10":"360610245005","STATEFP":"36","COUNTYFP":"061","D1C":31.006946984204671,"D1C5_RET":13.400478665097918,"D2B_E5MIXA":0.81504025928062251,"D3A":31.347108798787517,"D3AAO":0,"D3B":125.20155249142579,"D4A":0,"D4C":97.329999999999998,"D4D":6092.9335520000004,"D5AR":684355,"D5BR":2356573}},{"type":"Feature","id":153189,"geometry":{"type":"Polygon","coordinates":[[[-73.946807436325415,40.837304282220828],[-73.946532436864118,40.83656228269659],[-73.946309436383032,40.836304282638075],[-73.945835436730107,40.835988282868541],[-73.945502436644176,40.835573283023145],[-73.945381435372042,40.835269281864555],[-73.945512436689924,40.835132282223725],[-73.94442743621839,40.834689282315495],[-73.943968435735769,40.835317282748278],[-73.944310436042528,40.835455283141414],[-73.944596437171114,40.835728282393177],[-73.944686436684492,40.836076282714771],[-73.944575436356402,40.836390283222244],[-73.946807436325415,40.837304282220828]]]},"properties":{"OBJECTID":153189,"GEOID20":"360610247002","GEOID10":"360610247002","STATEFP":"36","COUNTYFP":"061","D1C":18.650230301591787,"D1C5_RET":1.0879301009261875,"D2B_E5MIXA":0.73286825458398519,"D3A":29.785063095968262,"D3AAO":0,"D3B":165.81298086801871,"D4A":191.78,"D4C":90.670000000000002,"D4D":9018.7540343799992,"D5AR":737040,"D5BR":2353872}},{"type":"Feature","id":153190,"geometry":{"type":"Polygon","coordinates":[[[-73.93792143448556,40.838498283820932],[-73.938344434084854,40.837917283559996],[-73.936692434074004,40.837201282335364],[-73.936232433766449,40.838086283263891],[-73.935341433463705,40.83887328389492],[-73.935034433317043,40.83941428376874],[-73.935032433667217,40.839986284420796],[-73.935629434242102,40.841287284531674],[-73.935568434142738,40.841721284677291],[-73.93792143448556,40.838498283820932]]]},"properties":{"OBJECTID":153190,"GEOID20":"360610249001","GEOID10":"360610249001","STATEFP":"36","COUNTYFP":"061","D1C":79.37481263456246,"D1C5_RET":0.81759463657918408,"D2B_E5MIXA":0.47853070045272023,"D3A":29.138269373390457,"D3AAO":0,"D3B":185.09772628218718,"D4A":136.78999999999999,"D4C":117.67,"D4D":5024.3251330200001,"D5AR":703684,"D5BR":2352443}},{"type":"Feature","id":153191,"geometry":{"type":"Polygon","coordinates":[[[-73.939256435202338,40.842444284378175],[-73.939335434845049,40.841689284012006],[-73.937930434706402,40.841095284487537],[-73.937029434357882,40.842322283769214],[-73.938421434077753,40.842910284514481],[-73.937519434802653,40.844145284046704],[-73.938856435169271,40.844687284698139],[-73.939178434486209,40.843231284235188],[-73.939256435202338,40.842444284378175]]]},"properties":{"OBJECTID":153191,"GEOID20":"360610253004","GEOID10":"360610253004","STATEFP":"36","COUNTYFP":"061","D1C":26.563875576139758,"D1C5_RET":14.472075582699796,"D2B_E5MIXA":0.77497024496193467,"D3A":42.987212638235327,"D3AAO":0,"D3B":264.09252873861442,"D4A":54.990000000000002,"D4C":117.33,"D4D":7149.5100131299996,"D5AR":708201,"D5BR":2386873}},{"type":"Feature","id":153274,"geometry":{"type":"Polygon","coordinates":[[[-73.977876441181195,40.753107265551463],[-73.978371442547143,40.752424265565537],[-73.974450440960737,40.750774265092005],[-73.971218440010716,40.755201265691781],[-73.974440440914989,40.756564265386459],[-73.975808441243728,40.754686265644551],[-73.976517441073284,40.75498226542323],[-73.977876441181195,40.753107265551463]]]},"properties":{"OBJECTID":153274,"GEOID20":"360610092001","GEOID10":"360610092001","STATEFP":"36","COUNTYFP":"061","D1C":1295.5078348501952,"D1C5_RET":19.862632212905119,"D2B_E5MIXA":0.69675259283834134,"D3A":35.76540579032163,"D3AAO":3.0465765318241895,"D3B":61.365057899377767,"D4A":108.63,"D4C":533,"D4D":7006.7643231299999,"D5AR":1072149,"D5BR":4837368}},{"type":"Feature","id":153279,"geometry":{"type":"Polygon","coordinates":[[[-73.997435447285923,40.741650262578688],[-73.997863446908099,40.741064261812198],[-73.995019446295586,40.739868261909592],[-73.993293446664879,40.74224126271973],[-73.996130447604699,40.743439262433242],[-73.997435447285923,40.741650262578688]]]},"properties":{"OBJECTID":153279,"GEOID20":"360610087001","GEOID10":"360610087001","STATEFP":"36","COUNTYFP":"061","D1C":330.87825745178094,"D1C5_RET":55.260584713470521,"D2B_E5MIXA":0.93645290111546053,"D3A":25.263219309083105,"D3AAO":4.8273814483316144,"D3B":0,"D4A":193.12,"D4C":310,"D4D":9710.9831772800007,"D5AR":749784,"D5BR":4811394}},{"type":"Feature","id":153280,"geometry":{"type":"Polygon","coordinates":[[[-74.000033448749434,40.743180262570803],[-74.00027644752538,40.742847262918566],[-73.997435447285923,40.741650262578688],[-73.997008447488653,40.742236262266132],[-73.99984944772811,40.743433262949708],[-74.000033448749434,40.743180262570803]]]},"properties":{"OBJECTID":153280,"GEOID20":"360610087002","GEOID10":"360610087002","STATEFP":"36","COUNTYFP":"061","D1C":260.59419522265398,"D1C5_RET":3.5697834962007393,"D2B_E5MIXA":0.6361754812534326,"D3A":23.224568448037548,"D3AAO":2.7441146626814024,"D3B":0,"D4A":219.94,"D4C":245,"D4D":31096.780677999999,"D5AR":725768,"D5BR":3526471}},{"type":"Feature","id":153281,"geometry":{"type":"Polygon","coordinates":[[[-74.00027644752538,40.742847262918566],[-74.000704448944191,40.742262262306824],[-73.997863446908099,40.741064261812198],[-73.997435447285923,40.741650262578688],[-74.00027644752538,40.742847262918566]]]},"properties":{"OBJECTID":153281,"GEOID20":"360610087003","GEOID10":"360610087003","STATEFP":"36","COUNTYFP":"061","D1C":85.468105841164018,"D1C5_RET":7.9320747880430638,"D2B_E5MIXA":0.82113076692742826,"D3A":37.023581670952083,"D3AAO":1.0290411663720194,"D3B":0,"D4A":0,"D4C":224,"D4D":28428.556040300002,"D5AR":716055,"D5BR":2948734}},{"type":"Feature","id":153282,"geometry":{"type":"Polygon","coordinates":[[[-74.003117450459783,40.744043262343098],[-74.003543449533822,40.743456262441498],[-74.000704448944191,40.742262262306824],[-73.99984944772811,40.743433262949708],[-74.002692449414013,40.744630262508693],[-74.003117450459783,40.744043262343098]]]},"properties":{"OBJECTID":153282,"GEOID20":"360610089002","GEOID10":"360610089002","STATEFP":"36","COUNTYFP":"061","D1C":78.054734002756661,"D1C5_RET":2.777042632880796,"D2B_E5MIXA":0.60388340172207566,"D3A":35.181198157523085,"D3AAO":3.5131988261907172,"D3B":0,"D4A":335.27999999999997,"D4C":168,"D4D":10663.8437103,"D5AR":711340,"D5BR":2664123}},{"type":"Feature","id":153283,"geometry":{"type":"Polygon","coordinates":[[[-74.012286453055168,40.743878263215365],[-74.012360452675011,40.743549262169516],[-74.009580450738284,40.743267262505668],[-74.009707451858205,40.742966263263675],[-74.009167452083034,40.742902262618394],[-74.009332451041175,40.74258026156388],[-74.008205450736867,40.742156262443508],[-73.997307448137718,40.75711826503408],[-74.000139449054657,40.758315264586507],[-74.000068449807856,40.758411265395736],[-74.003474449936846,40.759981265348685],[-74.003773449687586,40.759753266459093],[-74.004205450406033,40.759947265611594],[-74.004377449935163,40.759753265778649],[-74.003903450282237,40.759537265572078],[-74.004075451608003,40.7593862660787],[-74.004377450833474,40.759494265494389],[-74.004744451254595,40.759041265011845],[-74.006686452592021,40.759925265252143],[-74.00720445172756,40.75927826512666],[-74.005132449795482,40.758372266295723],[-74.005305450946167,40.758134265412593],[-74.004958450616527,40.757880264902482],[-74.006146451020214,40.756197264411554],[-74.007623452027204,40.756711265401471],[-74.007736452005105,40.756515265082349],[-74.006305450130554,40.755944264278568],[-74.007847451434884,40.753800264495666],[-74.008219450980548,40.753067264364766],[-74.008319452336309,40.752497264233995],[-74.009795451721757,40.753085264969805],[-74.009948451882622,40.752942263733637],[-74.00838645228346,40.752300264073327],[-74.009102452684019,40.750712263176467],[-74.010634452145979,40.75131626372373],[-74.010742452101027,40.751014263795682],[-74.00942645165081,40.750410263907725],[-74.009253451398436,40.749979263028735],[-74.009642451560879,40.749957263453688],[-74.009997452286441,40.748938263497791],[-74.011217452477169,40.749029263613274],[-74.011303452690882,40.748663262960456],[-74.008995450757283,40.748425264069439],[-74.00912845172499,40.747745262835984],[-74.011404452973224,40.748000262326968],[-74.011541453240582,40.747627263973669],[-74.009236450781685,40.747381262765259],[-74.009301451977336,40.746745263042627],[-74.011538451969216,40.74700026364583],[-74.01169545322638,40.746670263319665],[-74.009298451604295,40.746344262424785],[-74.009453452313309,40.745702262353348],[-74.011676452959804,40.745954262223478],[-74.011864451484144,40.745534262590027],[-74.009656450906263,40.745301262932877],[-74.009663451477266,40.744951262708362],[-74.008800450763601,40.744822262674397],[-74.008995450757283,40.743959262120619],[-74.009332451939486,40.744006261885474],[-74.009430451848772,40.743631261953539],[-74.012286453055168,40.743878263215365]]]},"properties":{"OBJECTID":153283,"GEOID20":"360610099001","GEOID10":"360610099001","STATEFP":"36","COUNTYFP":"061","D1C":126.8377787207191,"D1C5_RET":8.5500675349342679,"D2B_E5MIXA":0.85005350390460888,"D3A":33.825629451295825,"D3AAO":9.0751529816525025,"D3B":93.046703208494648,"D4A":146.18000000000001,"D4C":140.66999999999999,"D4D":363.47902639099999,"D5AR":738091,"D5BR":2579795}},{"type":"Feature","id":153284,"geometry":{"type":"Polygon","coordinates":[[[-74.005961451072281,40.745239262720126],[-74.006386450321415,40.74465426272986],[-74.003543449533822,40.743456262441498],[-74.002692449414013,40.744630262508693],[-74.00553645002654,40.745824263009254],[-74.005961451072281,40.745239262720126]]]},"properties":{"OBJECTID":153284,"GEOID20":"360610089003","GEOID10":"360610089003","STATEFP":"36","COUNTYFP":"061","D1C":29.16252113328057,"D1C5_RET":3.6701132038482349,"D2B_E5MIXA":0.92220259695886553,"D3A":23.256369244848845,"D3AAO":5.5232264143341556,"D3B":0,"D4A":151.55000000000001,"D4C":101.33,"D4D":6432.73636231,"D5AR":764799,"D5BR":2745482}},{"type":"Feature","id":153285,"geometry":{"type":"Polygon","coordinates":[[[-73.973046440646968,40.752700264500596],[-73.973504440406387,40.752073265730949],[-73.968909438252183,40.750120265112699],[-73.968428439824876,40.750772265031124],[-73.970805439558831,40.75175626526508],[-73.970342438878248,40.752387264326792],[-73.972589440712483,40.753326264510775],[-73.973046440646968,40.752700264500596]]]},"properties":{"OBJECTID":153285,"GEOID20":"360610090001","GEOID10":"360610090001","STATEFP":"36","COUNTYFP":"061","D1C":444.81442433695207,"D1C5_RET":16.389905952432681,"D2B_E5MIXA":0.77956408944188671,"D3A":33.582091514274211,"D3AAO":11.429963610624219,"D3B":0,"D4A":168.97999999999999,"D4C":286,"D4D":13953.2988941,"D5AR":1045713,"D5BR":4331781}},{"type":"Feature","id":153286,"geometry":{"type":"Polygon","coordinates":[[[-73.970342438878248,40.752387264326792],[-73.970805439558831,40.75175626526508],[-73.968428439824876,40.750772265031124],[-73.967975439190027,40.751374264990581],[-73.970342438878248,40.752387264326792]]]},"properties":{"OBJECTID":153286,"GEOID20":"360610090002","GEOID10":"360610090002","STATEFP":"36","COUNTYFP":"061","D1C":194.74418213131128,"D1C5_RET":13.650293140045184,"D2B_E5MIXA":0.55111077263002206,"D3A":44.876386012072288,"D3AAO":17.058677884189073,"D3B":0,"D4A":222.63,"D4C":93.670000000000002,"D4D":13438.734274099999,"D5AR":1051635,"D5BR":4381131}},{"type":"Feature","id":153287,"geometry":{"type":"Polygon","coordinates":[[[-73.995646447906012,40.744107263251649],[-73.996130447604699,40.743439262433242],[-73.993293446664879,40.74224126271973],[-73.991420446721065,40.744810263275802],[-73.994263446610347,40.746012262722765],[-73.995646447906012,40.744107263251649]]]},"properties":{"OBJECTID":153287,"GEOID20":"360610091001","GEOID10":"360610091001","STATEFP":"36","COUNTYFP":"061","D1C":418.97534214571056,"D1C5_RET":20.756576583365476,"D2B_E5MIXA":0.84008736426559205,"D3A":28.630579400410291,"D3AAO":5.8625786398282038,"D3B":0,"D4A":249.44999999999999,"D4C":272.67000000000002,"D4D":7891.5147531000002,"D5AR":822278,"D5BR":5235506}},{"type":"Feature","id":153288,"geometry":{"type":"Polygon","coordinates":[[[-74.000849448709147,40.747155263708194],[-74.000628448776197,40.747086263602114],[-74.000418447815605,40.746906264231164],[-74.000308449109056,40.74666426276648],[-73.999927447545915,40.746386263084879],[-73.999447448943528,40.746172263204251],[-73.998993447585448,40.746033263160939],[-73.998339448007471,40.746056263795303],[-73.998010449017812,40.745960262840725],[-73.997100447550153,40.747213263160027],[-73.999939448139799,40.748408263289697],[-74.000849448709147,40.747155263708194]]]},"properties":{"OBJECTID":153288,"GEOID20":"360610093001","GEOID10":"360610093001","STATEFP":"36","COUNTYFP":"061","D1C":27.79045785531294,"D1C5_RET":0.32694656300368163,"D2B_E5MIXA":0.77652423680988814,"D3A":17.539655549031334,"D3AAO":0.62430089548918521,"D3B":69.783474407505807,"D4A":206.53,"D4C":92,"D4D":4812.65340741,"D5AR":866719,"D5BR":3553857}},{"type":"Feature","id":153289,"geometry":{"type":"Polygon","coordinates":[[[-74.001327448560019,40.746500262409427],[-74.001813449705139,40.745834262696093],[-73.998973448392277,40.744638262810277],[-73.998010449017812,40.745960262840725],[-73.998339448007471,40.746056263795303],[-73.998993447585448,40.746033263160939],[-73.999447448943528,40.746172263204251],[-73.999927447545915,40.746386263084879],[-74.000308449109056,40.74666426276648],[-74.000418447815605,40.746906264231164],[-74.000628448776197,40.747086263602114],[-74.000849448709147,40.747155263708194],[-74.001327448560019,40.746500262409427]]]},"properties":{"OBJECTID":153289,"GEOID20":"360610093002","GEOID10":"360610093002","STATEFP":"36","COUNTYFP":"061","D1C":65.770299985410304,"D1C5_RET":5.5566305671237588,"D2B_E5MIXA":0.65244300264600041,"D3A":30.601017483121623,"D3AAO":0,"D3B":43.127535572614363,"D4A":155.56999999999999,"D4C":104.67,"D4D":6767.8547951800001,"D5AR":872603,"D5BR":3755407}},{"type":"Feature","id":153290,"geometry":{"type":"Polygon","coordinates":[[[-74.003685450722344,40.748363263366372],[-74.003945449216729,40.748005263708336],[-74.001698449179102,40.746994263122431],[-74.001101448604203,40.746809262712105],[-74.000849448709147,40.747155263708194],[-74.003685450722344,40.748363263366372]]]},"properties":{"OBJECTID":153290,"GEOID20":"360610093004","GEOID10":"360610093004","STATEFP":"36","COUNTYFP":"061","D1C":27.256141964207949,"D1C5_RET":14.813120632721711,"D2B_E5MIXA":0.65420060623095333,"D3A":5.1985694218707899,"D3AAO":5.1985694218707899,"D3B":0,"D4A":254.81,"D4C":58.329999999999998,"D4D":11059.8313793,"D5AR":756826,"D5BR":2812223}},{"type":"Feature","id":153291,"geometry":{"type":"Polygon","coordinates":[[[-73.980396442826915,40.754163265175258],[-73.980889443644728,40.753489266076954],[-73.978371442547143,40.752424265565537],[-73.976517441073284,40.75498226542323],[-73.975808441243728,40.754686265644551],[-73.974440440914989,40.756564265386459],[-73.977656441971476,40.757920265915189],[-73.980396442826915,40.754163265175258]]]},"properties":{"OBJECTID":153291,"GEOID20":"360610094001","GEOID10":"360610094001","STATEFP":"36","COUNTYFP":"061","D1C":1490.6407393043964,"D1C5_RET":142.74544216425997,"D2B_E5MIXA":0.75082546554047103,"D3A":35.144510332091251,"D3AAO":0,"D3B":101.75090107530499,"D4A":0,"D4C":630,"D4D":10682.0642689,"D5AR":1003578,"D5BR":4661794}},{"type":"Feature","id":153292,"geometry":{"type":"Polygon","coordinates":[[[-73.996649446565144,40.747831263189923],[-73.997100447550153,40.747213263160027],[-73.994263446610347,40.746012262722765],[-73.992464446286405,40.74847726406572],[-73.995300447401291,40.74967926324684],[-73.996649446565144,40.747831263189923]]]},"properties":{"OBJECTID":153292,"GEOID20":"360610095002","GEOID10":"360610095002","STATEFP":"36","COUNTYFP":"061","D1C":556.73524683638198,"D1C5_RET":8.0577001446484395,"D2B_E5MIXA":0.68722946345052738,"D3A":21.562257880273062,"D3AAO":5.8961391736554827,"D3B":0,"D4A":185.06999999999999,"D4C":307,"D4D":9258.3445872499997,"D5AR":789292,"D5BR":5263138}},{"type":"Feature","id":153293,"geometry":{"type":"Polygon","coordinates":[[[-73.983625443403881,40.755524265818366],[-73.984119444046627,40.754850265546828],[-73.980889443644728,40.753489266076954],[-73.977656441971476,40.757920265915189],[-73.980887443096591,40.759278266487499],[-73.983625443403881,40.755524265818366]]]},"properties":{"OBJECTID":153293,"GEOID20":"360610096001","GEOID10":"360610096001","STATEFP":"36","COUNTYFP":"061","D1C":1157.2257619039922,"D1C5_RET":69.233558184593562,"D2B_E5MIXA":0.89035681870290362,"D3A":32.201588889445269,"D3AAO":5.186321802383584,"D3B":49.251174457563906,"D4A":227.99000000000001,"D4C":719,"D4D":10621.354059699999,"D5AR":921439,"D5BR":3921545}},{"type":"Feature","id":153294,"geometry":{"type":"Polygon","coordinates":[[[-73.999487449126505,40.74902826457739],[-73.999939448139799,40.748408263289697],[-73.999244448553952,40.748115264059315],[-73.998723448147032,40.74881226355113],[-73.998802447789743,40.748868263481306],[-73.998664448595804,40.749033263159319],[-73.998305448570591,40.749101263571475],[-73.998427447871023,40.749503262926375],[-73.997820448148701,40.749497264670431],[-73.997009448211884,40.749148263785727],[-73.996854448401194,40.748976263650917],[-73.997227448670088,40.748796263951341],[-73.997919447882907,40.747557263257669],[-73.997100447550153,40.747213263160027],[-73.995750447663099,40.749060264342091],[-73.998595448998827,40.750249264397297],[-73.999487449126505,40.74902826457739]]]},"properties":{"OBJECTID":153294,"GEOID20":"360610097001","GEOID10":"360610097001","STATEFP":"36","COUNTYFP":"061","D1C":21.975106757444316,"D1C5_RET":6.3351659120560191,"D2B_E5MIXA":0.45339323766405593,"D3A":30.99056301241805,"D3AAO":8.6905226206788448,"D3B":42.061737739389699,"D4A":238.72,"D4C":153.66999999999999,"D4D":9690.5955598399996,"D5AR":885505,"D5BR":4525396}},{"type":"Feature","id":153295,"geometry":{"type":"Polygon","coordinates":[[[-74.002333449388814,40.750217264524238],[-74.002786450023663,40.749600263237959],[-73.999939448139799,40.748408263289697],[-73.998121448447591,40.750911264015762],[-74.000976449829054,40.752063264260229],[-74.002333449388814,40.750217264524238]]]},"properties":{"OBJECTID":153295,"GEOID20":"360610097002","GEOID10":"360610097002","STATEFP":"36","COUNTYFP":"061","D1C":24.34994456769725,"D1C5_RET":3.8381049576990498,"D2B_E5MIXA":0.31874927676754766,"D3A":22.305264003276122,"D3AAO":1.2693489997159229,"D3B":0,"D4A":170.31999999999999,"D4C":102.33,"D4D":3065.9161724800001,"D5AR":873784,"D5BR":2651323}},{"type":"Feature","id":153296,"geometry":{"type":"Polygon","coordinates":[[[-73.968937438739587,40.758338265735716],[-73.969395439397303,40.757708266261631],[-73.967153439382557,40.756774266086097],[-73.966703439120764,40.757389266943591],[-73.968937438739587,40.758338265735716]]]},"properties":{"OBJECTID":153296,"GEOID20":"360610098001","GEOID10":"360610098001","STATEFP":"36","COUNTYFP":"061","D1C":395.40203378876316,"D1C5_RET":1.4223094740602991,"D2B_E5MIXA":0.64641403829952049,"D3A":29.101529645074709,"D3AAO":7.4013419090831922,"D3B":0,"D4A":0,"D4C":264,"D4D":40052.234789499998,"D5AR":961423,"D5BR":4652905}},{"type":"Feature","id":153302,"geometry":{"type":"Polygon","coordinates":[[[-73.95285843687526,40.806717276823967],[-73.952808437544874,40.805878276759032],[-73.951114435904586,40.805162276372563],[-73.950655436320275,40.805793276944421],[-73.95285843687526,40.806717276823967]]]},"properties":{"OBJECTID":153302,"GEOID20":"360610220003","GEOID10":"360610220003","STATEFP":"36","COUNTYFP":"061","D1C":3.779668031756771,"D1C5_RET":0,"D2B_E5MIXA":0.59380972930303466,"D3A":10.585846736913295,"D3AAO":0,"D3B":0,"D4A":185.06999999999999,"D4C":105.33,"D4D":18199.425544500002,"D5AR":702106,"D5BR":2553309}},{"type":"Feature","id":153309,"geometry":{"type":"Polygon","coordinates":[[[-73.969223442563106,40.80851427566904],[-73.966980442723468,40.8076042770263],[-73.966519440794372,40.808234276631261],[-73.96590144120141,40.808814276386784],[-73.964962441218063,40.808490276749708],[-73.963904441409056,40.80801227584049],[-73.961112439776755,40.811838277393718],[-73.963017441304245,40.812632277655673],[-73.965380441692801,40.813967278078906],[-73.969223442563106,40.80851427566904]]]},"properties":{"OBJECTID":153309,"GEOID20":"360610205001","GEOID10":"360610205001","STATEFP":"36","COUNTYFP":"061","D1C":122.28065313094379,"D1C5_RET":0.079300034455864976,"D2B_E5MIXA":0.37954537690611195,"D3A":49.580607542146751,"D3AAO":11.073219157225358,"D3B":243.95925249419085,"D4A":148.86000000000001,"D4C":68.670000000000002,"D4D":717.76700380399996,"D5AR":614283,"D5BR":2254592}},{"type":"Feature","id":153310,"geometry":{"type":"Polygon","coordinates":[[[-73.953028436754579,40.802541276228368],[-73.953478437016386,40.801925274790065],[-73.95063743677693,40.800728275429108],[-73.949681436176832,40.802032275503159],[-73.952525436789344,40.803230276088357],[-73.953028436754579,40.802541276228368]]]},"properties":{"OBJECTID":153310,"GEOID20":"360610218002","GEOID10":"360610218002","STATEFP":"36","COUNTYFP":"061","D1C":12.01877631995165,"D1C5_RET":1.6025035093268867,"D2B_E5MIXA":0.84393261049167068,"D3A":44.748206535365689,"D3AAO":0,"D3B":170.93370766153458,"D4A":245.41999999999999,"D4C":120.67,"D4D":6875.5235011699997,"D5AR":682286,"D5BR":2653203}},{"type":"Feature","id":153311,"geometry":{"type":"Polygon","coordinates":[[[-73.955862437321329,40.803752276358999],[-73.956322437628884,40.803123275946653],[-73.953478437016386,40.801925274790065],[-73.952525436789344,40.803230276088357],[-73.955369438300153,40.804428276128938],[-73.955862437321329,40.803752276358999]]]},"properties":{"OBJECTID":153311,"GEOID20":"360610218003","GEOID10":"360610218003","STATEFP":"36","COUNTYFP":"061","D1C":48.857010702933586,"D1C5_RET":4.9835930771662671,"D2B_E5MIXA":0.67718282459612789,"D3A":35.272512985422189,"D3AAO":0,"D3B":94.944567538699062,"D4A":299.06999999999999,"D4C":115.33,"D4D":6568.6604524499999,"D5AR":645504,"D5BR":2516265}},{"type":"Feature","id":153618,"geometry":{"type":"Polygon","coordinates":[[[-73.97359344099317,40.747927264165874],[-73.97404544090476,40.747304264274952],[-73.971658440226761,40.746312264075449],[-73.971229439881355,40.746927263706453],[-73.97359344099317,40.747927264165874]]]},"properties":{"OBJECTID":153618,"GEOID20":"360610078007","GEOID10":"360610078007","STATEFP":"36","COUNTYFP":"061","D1C":43.124660252185791,"D1C5_RET":5.644589038244213,"D2B_E5MIXA":0.92167289618276227,"D3A":50.921207661284264,"D3AAO":7.1923319546423725,"D3B":144.50147937905186,"D4A":242.74000000000001,"D4C":99,"D4D":14305.646458499999,"D5AR":1145351,"D5BR":4033999}},{"type":"Feature","id":153624,"geometry":{"type":"Polygon","coordinates":[[[-73.977637441704914,40.746400263752719],[-73.978122441228479,40.745734263718539],[-73.975882440863572,40.744787263571695],[-73.975395440791857,40.745450263570106],[-73.976791441607986,40.746044263938778],[-73.976323441802847,40.746646263826008],[-73.977189441991257,40.747018264532215],[-73.977637441704914,40.746400263752719]]]},"properties":{"OBJECTID":153624,"GEOID20":"360610078004","GEOID10":"360610078004","STATEFP":"36","COUNTYFP":"061","D1C":77.737918041370293,"D1C5_RET":3.9195588928421996,"D2B_E5MIXA":0.73332245750244285,"D3A":39.083274654593986,"D3AAO":16.142248637455136,"D3B":69.715887507353258,"D4A":242.74000000000001,"D4C":166.66999999999999,"D4D":17420.610151199999,"D5AR":1165707,"D5BR":5823355}},{"type":"Feature","id":153625,"geometry":{"type":"Polygon","coordinates":[[[-73.974812440460667,40.746269264291335],[-73.974937440134127,40.746086264788339],[-73.972577439220302,40.745076263388917],[-73.971658440226761,40.746312264075449],[-73.97404544090476,40.747304264274952],[-73.974812440460667,40.746269264291335]]]},"properties":{"OBJECTID":153625,"GEOID20":"360610078006","GEOID10":"360610078006","STATEFP":"36","COUNTYFP":"061","D1C":24.908088870302873,"D1C5_RET":1.0143565603290763,"D2B_E5MIXA":0.68271315977702407,"D3A":65.988946110491113,"D3AAO":37.817800052075896,"D3B":72.132022067845426,"D4A":207.87,"D4C":121.33,"D4D":8751.7782374899998,"D5AR":1151525,"D5BR":4111693}},{"type":"Feature","id":153626,"geometry":{"type":"Polygon","coordinates":[[[-73.969941439020246,40.748916264939453],[-73.969988439774227,40.748877264352828],[-73.969846439484002,40.748809265072666],[-73.969751439049446,40.748835265265974],[-73.968463439086662,40.748300264239226],[-73.967698438282284,40.747874264005766],[-73.964716437577508,40.75172526511259],[-73.9648634378906,40.752019265801323],[-73.965472437262747,40.751948265953111],[-73.967228437928995,40.752696266536148],[-73.967699439005514,40.752049265465196],[-73.967778439546535,40.751634265284096],[-73.969546439010031,40.749213264939534],[-73.969941439020246,40.748916264939453]]]},"properties":{"OBJECTID":153626,"GEOID20":"360610086021","GEOID10":"360610086021","STATEFP":"36","COUNTYFP":"061","D1C":14.027697977897727,"D1C5_RET":0,"D2B_E5MIXA":0.66478438364234027,"D3A":41.376859151209196,"D3AAO":27.131320899196631,"D3B":97.09664510218245,"D4A":265.54000000000002,"D4C":31,"D4D":752.122938073,"D5AR":982421,"D5BR":2489195}},{"type":"Feature","id":153630,"geometry":{"type":"Polygon","coordinates":[[[-74.013008452405217,40.736128259971544],[-74.009931451265871,40.73601226074274],[-74.009815450914914,40.737574260938096],[-74.009855450199581,40.738155261060456],[-74.008155450508156,40.738150260980298],[-74.008052451474299,40.739383260790127],[-74.006450450793821,40.73941326207062],[-74.005367449073816,40.740953262212074],[-74.009332451041175,40.74258026156388],[-74.012268452613483,40.742881261872121],[-74.012332452187593,40.742626261810003],[-74.009367451201271,40.742307261594192],[-74.009529451582978,40.741494262107672],[-74.012444452340574,40.741790262079064],[-74.012527452181274,40.741522262096979],[-74.009579450913378,40.741219262096656],[-74.009665451127105,40.740749262316776],[-74.011457451778369,40.740826261590072],[-74.011663452541015,40.739232261127306],[-74.010395451771373,40.739144262175408],[-74.010460451170403,40.738373261739561],[-74.011264451434528,40.738408261494783],[-74.011285451350915,40.738108261245038],[-74.010485451284737,40.738077260856244],[-74.010579451894387,40.736979261261347],[-74.013008452405217,40.736128259971544]]]},"properties":{"OBJECTID":153630,"GEOID20":"360610079001","GEOID10":"360610079001","STATEFP":"36","COUNTYFP":"061","D1C":261.94831396134481,"D1C5_RET":51.609609157672082,"D2B_E5MIXA":0.87241933407765049,"D3A":47.379036039821024,"D3AAO":6.7358366027173204,"D3B":169.26716921559378,"D4A":308.45999999999998,"D4C":127,"D4D":1896.34178638,"D5AR":702893,"D5BR":2663662}},{"type":"Feature","id":153631,"geometry":{"type":"Polygon","coordinates":[[[-73.978789442123571,40.747692263891963],[-73.979239442385378,40.747076264103534],[-73.977637441704914,40.746400263752719],[-73.977189441991257,40.747018264532215],[-73.978789442123571,40.747692263891963]]]},"properties":{"OBJECTID":153631,"GEOID20":"360610080003","GEOID10":"360610080003","STATEFP":"36","COUNTYFP":"061","D1C":41.445418322645097,"D1C5_RET":0.33423724453746045,"D2B_E5MIXA":0.65040153263405198,"D3A":24.772165861156736,"D3AAO":0,"D3B":0,"D4A":218.59999999999999,"D4C":257.67000000000002,"D4D":55118.662912,"D5AR":1193545,"D5BR":5839214}},{"type":"Feature","id":153632,"geometry":{"type":"Polygon","coordinates":[[[-73.978339441861792,40.748311263280947],[-73.978789442123571,40.747692263891963],[-73.977189441991257,40.747018264532215],[-73.976289440569346,40.748253264106182],[-73.977889441599984,40.748929263995656],[-73.978339441861792,40.748311263280947]]]},"properties":{"OBJECTID":153632,"GEOID20":"360610080004","GEOID10":"360610080004","STATEFP":"36","COUNTYFP":"061","D1C":95.247736777825125,"D1C5_RET":4.5038334378306102,"D2B_E5MIXA":0.50130456992790728,"D3A":18.918735993095865,"D3AAO":0,"D3B":0,"D4A":96.560000000000002,"D4C":386.32999999999998,"D4D":41243.637855699999,"D5AR":1177767,"D5BR":5393412}},{"type":"Feature","id":153633,"geometry":{"type":"Polygon","coordinates":[[[-73.983622443030853,40.74973226537103],[-73.984077443315513,40.749110263730948],[-73.98085444258632,40.74775926457886],[-73.980405442149447,40.748374264439306],[-73.983622443030853,40.74973226537103]]]},"properties":{"OBJECTID":153633,"GEOID20":"360610082003","GEOID10":"360610082003","STATEFP":"36","COUNTYFP":"061","D1C":748.0700613651378,"D1C5_RET":27.208580630712486,"D2B_E5MIXA":0.80034255626909712,"D3A":10.424229888757049,"D3AAO":0,"D3B":0,"D4A":0,"D4C":487.32999999999998,"D4D":51744.615019600002,"D5AR":1150242,"D5BR":5952241}},{"type":"Feature","id":153634,"geometry":{"type":"Polygon","coordinates":[[[-73.973028440205326,40.7444582636194],[-73.973513439728904,40.743790263603977],[-73.971567439990167,40.743001264005265],[-73.970264438162118,40.744862263376419],[-73.970929439407385,40.745191264052529],[-73.97137143927327,40.74457026327908],[-73.972577439220302,40.745076263388917],[-73.973028440205326,40.7444582636194]]]},"properties":{"OBJECTID":153634,"GEOID20":"360610086012","GEOID10":"360610086012","STATEFP":"36","COUNTYFP":"061","D1C":9.5124908637943761,"D1C5_RET":0,"D2B_E5MIXA":0.51443132158580318,"D3A":72.420384601911181,"D3AAO":33.828472966657486,"D3B":223.5596983918191,"D4A":132.77000000000001,"D4C":62.670000000000002,"D4D":4668.6058974400003,"D5AR":1071452,"D5BR":3289800}},{"type":"Feature","id":153635,"geometry":{"type":"Polygon","coordinates":[[[-73.964513437187932,40.756134265902041],[-73.96478743772262,40.755764266429878],[-73.962551436657336,40.754821266776091],[-73.962405437067488,40.754841266164291],[-73.961774437055695,40.755292265401678],[-73.964326438488484,40.756389265884415],[-73.964513437187932,40.756134265902041]]]},"properties":{"OBJECTID":153635,"GEOID20":"360610086031","GEOID10":"360610086031","STATEFP":"36","COUNTYFP":"061","D1C":36.166705025293204,"D1C5_RET":12.68183163224567,"D2B_E5MIXA":0.65544981094110266,"D3A":72.449061417844035,"D3AAO":21.506721354783508,"D3B":183.94928312114291,"D4A":374.17000000000002,"D4C":38.329999999999998,"D4D":5285.4392968800003,"D5AR":924830,"D5BR":3364575}},{"type":"Feature","id":153636,"geometry":{"type":"Polygon","coordinates":[[[-73.96478743772262,40.755764266429878],[-73.965241438182375,40.75513826555796],[-73.962881436370225,40.754129265184446],[-73.963407437698322,40.753528266000004],[-73.963186436867048,40.753423266050383],[-73.961566435744928,40.755216265488031],[-73.961774437055695,40.755292265401678],[-73.962405437067488,40.754841266164291],[-73.962551436657336,40.754821266776091],[-73.96478743772262,40.755764266429878]]]},"properties":{"OBJECTID":153636,"GEOID20":"360610086032","GEOID10":"360610086032","STATEFP":"36","COUNTYFP":"061","D1C":54.567117554592151,"D1C5_RET":0.50061575738157937,"D2B_E5MIXA":0.63235551639517951,"D3A":32.792098242532411,"D3AAO":19.749669614025755,"D3B":0,"D4A":337.95999999999998,"D4C":38.329999999999998,"D4D":4020.42709728,"D5AR":969478,"D5BR":3365417}},{"type":"Feature","id":153637,"geometry":{"type":"Polygon","coordinates":[[[-73.967149438286285,40.75277626592932],[-73.967228437928995,40.752696266536148],[-73.965472437262747,40.751948265953111],[-73.9648634378906,40.752019265801323],[-73.964716437577508,40.75172526511259],[-73.963186436867048,40.753423266050383],[-73.965697439190279,40.754513265230351],[-73.966617438008711,40.753252265738624],[-73.966757438649125,40.753197265751801],[-73.967149438286285,40.75277626592932]]]},"properties":{"OBJECTID":153637,"GEOID20":"360610086034","GEOID10":"360610086034","STATEFP":"36","COUNTYFP":"061","D1C":26.749168508309157,"D1C5_RET":0.14617031971753638,"D2B_E5MIXA":0.7034620004002714,"D3A":53.735856817812056,"D3AAO":27.450956681527877,"D3B":0,"D4A":227.99000000000001,"D4C":28.329999999999998,"D4D":1325.12165043,"D5AR":859497,"D5BR":3177528}},{"type":"Feature","id":153638,"geometry":{"type":"Polygon","coordinates":[[[-73.999423448654085,40.744017262998597],[-73.99984944772811,40.743433262949708],[-73.997008447488653,40.742236262266132],[-73.996581447691398,40.742819262125799],[-73.999423448654085,40.744017262998597]]]},"properties":{"OBJECTID":153638,"GEOID20":"360610087005","GEOID10":"360610087005","STATEFP":"36","COUNTYFP":"061","D1C":47.948165685224744,"D1C5_RET":12.335212748895993,"D2B_E5MIXA":0.84975731622511863,"D3A":21.372574565028913,"D3AAO":5.235188225112295,"D3B":0,"D4A":0,"D4C":207.33000000000001,"D4D":26399.583579099999,"D5AR":734365,"D5BR":3916814}},{"type":"Feature","id":153639,"geometry":{"type":"Polygon","coordinates":[[[-73.971264439143155,40.751130265444544],[-73.971714440303259,40.750502265105681],[-73.969321438879149,40.749525264693233],[-73.968909438252183,40.750120265112699],[-73.971264439143155,40.751130265444544]]]},"properties":{"OBJECTID":153639,"GEOID20":"360610088005","GEOID10":"360610088005","STATEFP":"36","COUNTYFP":"061","D1C":88.040690020146457,"D1C5_RET":5.1788641188321449,"D2B_E5MIXA":0.61426486036216621,"D3A":33.13024059716404,"D3AAO":7.7645197710819662,"D3B":0,"D4A":258.83999999999997,"D4C":134,"D4D":19310.408123099998,"D5AR":944664,"D5BR":4283802}},{"type":"Feature","id":153640,"geometry":{"type":"Polygon","coordinates":[[[-74.001813449705139,40.745834262696093],[-74.002266449441663,40.745215262710062],[-73.999423448654085,40.744017262998597],[-73.998973448392277,40.744638262810277],[-74.001813449705139,40.745834262696093]]]},"properties":{"OBJECTID":153640,"GEOID20":"360610089005","GEOID10":"360610089005","STATEFP":"36","COUNTYFP":"061","D1C":53.604397149955417,"D1C5_RET":25.115346916412676,"D2B_E5MIXA":0.79526694119364361,"D3A":20.369734627087663,"D3AAO":0,"D3B":0,"D4A":245.41999999999999,"D4C":104.67,"D4D":12555.574264999999,"D5AR":778183,"D5BR":2944240}},{"type":"Feature","id":153641,"geometry":{"type":"Polygon","coordinates":[[[-73.972137439902568,40.75395126578956],[-73.972589440712483,40.753326264510775],[-73.970342438878248,40.752387264326792],[-73.969887439491899,40.753007265942131],[-73.972137439902568,40.75395126578956]]]},"properties":{"OBJECTID":153641,"GEOID20":"360610090006","GEOID10":"360610090006","STATEFP":"36","COUNTYFP":"061","D1C":379.05777068429899,"D1C5_RET":0.95001947539924569,"D2B_E5MIXA":0.47908974098751234,"D3A":18.664915747072659,"D3AAO":7.0441160555561675,"D3B":0,"D4A":151.55000000000001,"D4C":238,"D4D":36000.151544799999,"D5AR":1090538,"D5BR":4676220}},{"type":"Feature","id":153642,"geometry":{"type":"Polygon","coordinates":[[[-73.998487448145468,40.745302263385895],[-73.998973448392277,40.744638262810277],[-73.996130447604699,40.743439262433242],[-73.995646447906012,40.744107263251649],[-73.998487448145468,40.745302263385895]]]},"properties":{"OBJECTID":153642,"GEOID20":"360610091004","GEOID10":"360610091004","STATEFP":"36","COUNTYFP":"061","D1C":120.79389377789956,"D1C5_RET":14.139169647413098,"D2B_E5MIXA":0.78235638208207525,"D3A":36.458939658732092,"D3AAO":5.9168107718803666,"D3B":0,"D4A":0,"D4C":173.33000000000001,"D4D":19363.8895801,"D5AR":812668,"D5BR":4190462}},{"type":"Feature","id":153643,"geometry":{"type":"Polygon","coordinates":[[[-74.002786450023663,40.749600263237959],[-74.003237450110376,40.74898226399548],[-74.00040044917057,40.747775263067076],[-73.999939448139799,40.748408263289697],[-74.002786450023663,40.749600263237959]]]},"properties":{"OBJECTID":153643,"GEOID20":"360610093006","GEOID10":"360610093006","STATEFP":"36","COUNTYFP":"061","D1C":17.664127401868104,"D1C5_RET":1.1156290990653539,"D2B_E5MIXA":0.83556712809972311,"D3A":42.301623452786743,"D3AAO":5.9689635141818602,"D3B":0,"D4A":266.88,"D4C":58.329999999999998,"D4D":6941.2955038399996,"D5AR":879462,"D5BR":2641354}},{"type":"Feature","id":153644,"geometry":{"type":"Polygon","coordinates":[[[-73.967792437993594,40.755886265637372],[-73.968066438528311,40.755512266309402],[-73.965697439190279,40.754513265230351],[-73.96478743772262,40.755764266429878],[-73.967153439382557,40.756774266086097],[-73.967792437993594,40.755886265637372]]]},"properties":{"OBJECTID":153644,"GEOID20":"360610098006","GEOID10":"360610098006","STATEFP":"36","COUNTYFP":"061","D1C":45.27801516984411,"D1C5_RET":5.3268253140993069,"D2B_E5MIXA":0.80940421234240967,"D3A":10.051441084045951,"D3AAO":0,"D3B":0,"D4A":297.73000000000002,"D4C":211,"D4D":14986.135216999999,"D5AR":872900,"D5BR":4609692}},{"type":"Feature","id":153645,"geometry":{"type":"Polygon","coordinates":[[[-74.004169450421017,40.747698263671815],[-74.00465444994461,40.747031262598284],[-74.001813449705139,40.745834262696093],[-74.001327448560019,40.746500262409427],[-74.004169450421017,40.747698263671815]]]},"properties":{"OBJECTID":153645,"GEOID20":"360610093007","GEOID10":"360610093007","STATEFP":"36","COUNTYFP":"061","D1C":58.224401550338008,"D1C5_RET":1.7432455553993416,"D2B_E5MIXA":0.58087927793363414,"D3A":43.76501658744656,"D3AAO":5.8909238909563966,"D3B":0,"D4A":0,"D4C":69,"D4D":7698.1723726399996,"D5AR":745875,"D5BR":2631924}},{"type":"Feature","id":153646,"geometry":{"type":"Polygon","coordinates":[[[-73.998723448147032,40.74881226355113],[-73.999244448553952,40.748115264059315],[-73.997919447882907,40.747557263257669],[-73.997227448670088,40.748796263951341],[-73.996854448401194,40.748976263650917],[-73.997225447223641,40.74929226336657],[-73.997593448367965,40.749433263504613],[-73.997820448148701,40.749497264670431],[-73.998427447871023,40.749503262926375],[-73.998305448570591,40.749101263571475],[-73.998664448595804,40.749033263159319],[-73.998802447789743,40.748868263481306],[-73.998723448147032,40.74881226355113]]]},"properties":{"OBJECTID":153646,"GEOID20":"360610097003","GEOID10":"360610097003","STATEFP":"36","COUNTYFP":"061","D1C":4.5447718762244671,"D1C5_RET":0,"D2B_E5MIXA":0.30417569378773651,"D3A":58.61264114881326,"D3AAO":0,"D3B":522.3271357561116,"D4A":245.41999999999999,"D4C":123.67,"D4D":13835.124626000001,"D5AR":879251,"D5BR":4040723}},{"type":"Feature","id":153647,"geometry":{"type":"Polygon","coordinates":[[[-73.968890438883918,40.754379265831354],[-73.96897943857239,40.754259265855914],[-73.966617438008711,40.753252265738624],[-73.966158438424401,40.753886265864985],[-73.968521439711296,40.754885265477725],[-73.968890438883918,40.754379265831354]]]},"properties":{"OBJECTID":153647,"GEOID20":"360610098004","GEOID10":"360610098004","STATEFP":"36","COUNTYFP":"061","D1C":53.135658058225133,"D1C5_RET":2.6567829029112566,"D2B_E5MIXA":0.80448835881650516,"D3A":25.034950619785981,"D3AAO":0,"D3B":141.695088155267,"D4A":0,"D4C":157.66999999999999,"D4D":22341.064549399998,"D5AR":956889,"D5BR":3852752}},{"type":"Feature","id":153650,"geometry":{"type":"Polygon","coordinates":[[[-73.963413437546095,40.757645267142607],[-73.963872437130419,40.757016266140923],[-73.961623436544656,40.756067266168692],[-73.961159436937479,40.75669626594253],[-73.963413437546095,40.757645267142607]]]},"properties":{"OBJECTID":153650,"GEOID20":"360610106014","GEOID10":"360610106014","STATEFP":"36","COUNTYFP":"061","D1C":121.68287933986177,"D1C5_RET":3.257285489021156,"D2B_E5MIXA":0.55400788862549277,"D3A":54.34889109529216,"D3AAO":7.4252231786643721,"D3B":148.90447949810999,"D4A":0,"D4C":58.670000000000002,"D4D":8736.2258121499999,"D5AR":908725,"D5BR":3219941}},{"type":"Feature","id":153652,"geometry":{"type":"Polygon","coordinates":[[[-73.965784439228898,40.758640266418851],[-73.966240438440167,40.758016266614376],[-73.963872437130419,40.757016266140923],[-73.963413437546095,40.757645267142607],[-73.965784439228898,40.758640266418851]]]},"properties":{"OBJECTID":153652,"GEOID20":"360610108004","GEOID10":"360610108004","STATEFP":"36","COUNTYFP":"061","D1C":395.17641925153629,"D1C5_RET":4.2252965479905402,"D2B_E5MIXA":0.37405927970118896,"D3A":38.052857815053208,"D3AAO":0,"D3B":0,"D4A":147.52000000000001,"D4C":215.33000000000001,"D4D":30647.0098755,"D5AR":878281,"D5BR":3803470}},{"type":"Feature","id":153859,"geometry":{"type":"Polygon","coordinates":[[[-73.962065437308851,40.763743267476102],[-73.962516437395564,40.763121267637366],[-73.960151436458844,40.762123267475324],[-73.959696436174184,40.76274826769972],[-73.962065437308851,40.763743267476102]]]},"properties":{"OBJECTID":153859,"GEOID20":"360610110004","GEOID10":"360610110004","STATEFP":"36","COUNTYFP":"061","D1C":99.573721541662565,"D1C5_RET":5.8177904720971387,"D2B_E5MIXA":0.63381291129550998,"D3A":21.659163162065653,"D3AAO":14.142994494390193,"D3B":0,"D4A":262.86000000000001,"D4C":138.33000000000001,"D4D":19809.845070899999,"D5AR":1011048,"D5BR":3660651}},{"type":"Feature","id":153861,"geometry":{"type":"Polygon","coordinates":[[[-73.967042439054481,40.760935267691131],[-73.967534438250738,40.76026326762063],[-73.965294438784142,40.759316266855116],[-73.964315436821195,40.76060726756581],[-73.966584438396765,40.761560267519478],[-73.967042439054481,40.760935267691131]]]},"properties":{"OBJECTID":153861,"GEOID20":"360610108006","GEOID10":"360610108006","STATEFP":"36","COUNTYFP":"061","D1C":245.64240814806371,"D1C5_RET":53.194287005856559,"D2B_E5MIXA":0.85727287829331733,"D3A":33.562339971555339,"D3AAO":14.002170505743633,"D3B":0,"D4A":0,"D4C":419,"D4D":30285.732491499999,"D5AR":996292,"D5BR":4144380}},{"type":"Feature","id":153862,"geometry":{"type":"Polygon","coordinates":[[[-73.968481439528318,40.758958266971071],[-73.968937438739587,40.758338265735716],[-73.966703439120764,40.757389266943591],[-73.965294438784142,40.759316266855116],[-73.967534438250738,40.76026326762063],[-73.968481439528318,40.758958266971071]]]},"properties":{"OBJECTID":153862,"GEOID20":"360610108007","GEOID10":"360610108007","STATEFP":"36","COUNTYFP":"061","D1C":463.86934661337096,"D1C5_RET":84.819638152387213,"D2B_E5MIXA":0.75988945740952296,"D3A":31.129058233381791,"D3AAO":12.463435928073395,"D3B":0,"D4A":146.18000000000001,"D4C":379.67000000000002,"D4D":18584.510451800001,"D5AR":928800,"D5BR":4161067}},{"type":"Feature","id":153863,"geometry":{"type":"Polygon","coordinates":[[[-73.964017438692011,40.761044267527993],[-73.964315436821195,40.76060726756581],[-73.961967437399565,40.759627266593988],[-73.960608438189965,40.761496267078833],[-73.96297543697986,40.762495268004457],[-73.964017438692011,40.761044267527993]]]},"properties":{"OBJECTID":153863,"GEOID20":"360610110006","GEOID10":"360610110006","STATEFP":"36","COUNTYFP":"061","D1C":58.349278151442277,"D1C5_RET":6.7986995029209316,"D2B_E5MIXA":0.80479841580472156,"D3A":57.589065306336671,"D3AAO":41.020003986804028,"D3B":0,"D4A":164.96000000000001,"D4C":359,"D4D":17165.595580099998,"D5AR":992338,"D5BR":3850289}},{"type":"Feature","id":153866,"geometry":{"type":"Polygon","coordinates":[[[-73.961608437374366,40.764375268598101],[-73.962065437308851,40.763743267476102],[-73.959696436174184,40.76274826769972],[-73.959241437686146,40.763374267671338],[-73.961608437374366,40.764375268598101]]]},"properties":{"OBJECTID":153866,"GEOID20":"360610118006","GEOID10":"360610118006","STATEFP":"36","COUNTYFP":"061","D1C":86.563285097089491,"D1C5_RET":13.317428476475307,"D2B_E5MIXA":0.80799584148108072,"D3A":46.86884396682516,"D3AAO":14.144451454171598,"D3B":0,"D4A":307.12,"D4C":138.33000000000001,"D4D":19650.132065599999,"D5AR":891005,"D5BR":3162752}},{"type":"Feature","id":153867,"geometry":{"type":"Polygon","coordinates":[[[-73.963402437675455,40.765919268894436],[-73.963844438439637,40.765317267967134],[-73.961608437374366,40.764375268598101],[-73.961149437790041,40.764995268634578],[-73.963402437675455,40.765919268894436]]]},"properties":{"OBJECTID":153867,"GEOID20":"360610118007","GEOID10":"360610118007","STATEFP":"36","COUNTYFP":"061","D1C":139.99849881127781,"D1C5_RET":13.493831210725572,"D2B_E5MIXA":0.39683770774776461,"D3A":58.587107257689865,"D3AAO":7.3748369325242207,"D3B":0,"D4A":175.69,"D4C":178,"D4D":27450.308063,"D5AR":999194,"D5BR":3647351}},{"type":"Feature","id":153868,"geometry":{"type":"Polygon","coordinates":[[[-73.990765446419871,40.760996265980111],[-73.991231446575185,40.760362266976315],[-73.988392445985554,40.759172267209571],[-73.987928445480051,40.759799266393514],[-73.990765446419871,40.760996265980111]]]},"properties":{"OBJECTID":153868,"GEOID20":"360610121005","GEOID10":"360610121005","STATEFP":"36","COUNTYFP":"061","D1C":773.17727689023911,"D1C5_RET":1.8400220773208928,"D2B_E5MIXA":0.3274823607988111,"D3A":36.492090259303261,"D3AAO":5.9279370629184225,"D3B":0,"D4A":270.91000000000003,"D4C":480,"D4D":56525.478215299998,"D5AR":898858,"D5BR":2833926}},{"type":"Feature","id":153870,"geometry":{"type":"Polygon","coordinates":[[[-73.95695743514365,40.766501269174682],[-73.957413436151555,40.765876268863231],[-73.955161436091061,40.764926268671864],[-73.954702435608439,40.765553268008574],[-73.95695743514365,40.766501269174682]]]},"properties":{"OBJECTID":153870,"GEOID20":"360610124005","GEOID10":"360610124005","STATEFP":"36","COUNTYFP":"061","D1C":214.83230805511403,"D1C5_RET":0.9360884882575774,"D2B_E5MIXA":0.19459109429456298,"D3A":19.145741235525332,"D3AAO":0,"D3B":99.899363466848669,"D4A":202.50999999999999,"D4C":63,"D4D":9435.7719616400009,"D5AR":844849,"D5BR":3554256}},{"type":"Feature","id":153871,"geometry":{"type":"Polygon","coordinates":[[[-73.953750435206317,40.766861268150322],[-73.954249435871915,40.766173268621834],[-73.951783433754542,40.765123268158845],[-73.951220434413159,40.765776269410992],[-73.953750435206317,40.766861268150322]]]},"properties":{"OBJECTID":153871,"GEOID20":"360610124007","GEOID10":"360610124007","STATEFP":"36","COUNTYFP":"061","D1C":161.14541591204025,"D1C5_RET":133.84644532769968,"D2B_E5MIXA":0.36997822461184332,"D3A":42.07910257865224,"D3AAO":13.391741811557255,"D3B":82.292177984671753,"D4A":0,"D4C":45.329999999999998,"D4D":5592.66031191,"D5AR":922457,"D5BR":2807125}},{"type":"Feature","id":153872,"geometry":{"type":"Polygon","coordinates":[[[-73.959778437088261,40.766876268036974],[-73.957413436151555,40.765876268863231],[-73.95695743514365,40.766501269174682],[-73.95931943750395,40.767502268587741],[-73.959778437088261,40.766876268036974]]]},"properties":{"OBJECTID":153872,"GEOID20":"360610126008","GEOID10":"360610126008","STATEFP":"36","COUNTYFP":"061","D1C":45.714328529656825,"D1C5_RET":6.6899017360473403,"D2B_E5MIXA":0.86984434654591647,"D3A":47.709084555170755,"D3AAO":7.0920112817709695,"D3B":0,"D4A":134.11000000000001,"D4C":145.33000000000001,"D4D":20741.1929451,"D5AR":778659,"D5BR":3797622}},{"type":"Feature","id":153873,"geometry":{"type":"Polygon","coordinates":[[[-73.954249435871915,40.766173268621834],[-73.954702435608439,40.765553268008574],[-73.95230943508264,40.764563268930452],[-73.951783433754542,40.765123268158845],[-73.954249435871915,40.766173268621834]]]},"properties":{"OBJECTID":153873,"GEOID20":"360610124008","GEOID10":"360610124008","STATEFP":"36","COUNTYFP":"061","D1C":1309.2818899683582,"D1C5_RET":1.8558212472974602,"D2B_E5MIXA":0.023532167408970791,"D3A":55.347107274064214,"D3AAO":20.014883646851416,"D3B":0,"D4A":249.44999999999999,"D4C":45.329999999999998,"D4D":6342.88049314,"D5AR":922837,"D5BR":2380124}},{"type":"Feature","id":153874,"geometry":{"type":"Polygon","coordinates":[[[-73.958363436903866,40.76881126924772],[-73.958862437569451,40.768128268684372],[-73.956497435734434,40.767127269175738],[-73.956000436515282,40.767812268009756],[-73.958363436903866,40.76881126924772]]]},"properties":{"OBJECTID":153874,"GEOID20":"360610126005","GEOID10":"360610126005","STATEFP":"36","COUNTYFP":"061","D1C":73.647577003897027,"D1C5_RET":11.628564790089003,"D2B_E5MIXA":0.77965462282329479,"D3A":38.362300962369048,"D3AAO":0,"D3B":0,"D4A":0,"D4C":93,"D4D":12142.669759799999,"D5AR":857733,"D5BR":3416623}},{"type":"Feature","id":153875,"geometry":{"type":"Polygon","coordinates":[[[-73.957405436653943,40.770128269250456],[-73.957867436611323,40.769492268736094],[-73.955503435499509,40.768493269571877],[-73.955038435169101,40.769128269348336],[-73.957405436653943,40.770128269250456]]]},"properties":{"OBJECTID":153875,"GEOID20":"360610126006","GEOID10":"360610126006","STATEFP":"36","COUNTYFP":"061","D1C":46.991108799129044,"D1C5_RET":2.8546000672368108,"D2B_E5MIXA":0.76486630490594743,"D3A":18.250273975102406,"D3AAO":1.0805114427951097,"D3B":0,"D4A":195.80000000000001,"D4C":79.670000000000002,"D4D":11196.3563006,"D5AR":834443,"D5BR":2902086}},{"type":"Feature","id":153876,"geometry":{"type":"Polygon","coordinates":[[[-73.950933434357978,40.770717270580896],[-73.948203433548287,40.769552268608244],[-73.947974433219414,40.769520269862412],[-73.947503433041234,40.770129270010202],[-73.950436433342205,40.771399270325141],[-73.950933434357978,40.770717270580896]]]},"properties":{"OBJECTID":153876,"GEOID20":"360610132005","GEOID10":"360610132005","STATEFP":"36","COUNTYFP":"061","D1C":13.521337711010876,"D1C5_RET":6.9340193389799367,"D2B_E5MIXA":0.73113619456373735,"D3A":52.314804561245694,"D3AAO":12.46927154073243,"D3B":70.648169649213344,"D4A":248.11000000000001,"D4C":36.670000000000002,"D4D":3884.0605412800001,"D5AR":904146,"D5BR":2564150}},{"type":"Feature","id":153877,"geometry":{"type":"Polygon","coordinates":[[[-73.98894844655257,40.763494266842493],[-73.98940244701231,40.762867266451558],[-73.986562445699462,40.761668266805074],[-73.986105444866652,40.762298266851381],[-73.98894844655257,40.763494266842493]]]},"properties":{"OBJECTID":153877,"GEOID20":"360610127005","GEOID10":"360610127005","STATEFP":"36","COUNTYFP":"061","D1C":1053.1646904615109,"D1C5_RET":7.9616880608025609,"D2B_E5MIXA":0.5810601513047744,"D3A":23.274080881536285,"D3AAO":0.085280888251965559,"D3B":0,"D4A":213.24000000000001,"D4C":173.33000000000001,"D4D":20539.5258282,"D5AR":880828,"D5BR":2926318}},{"type":"Feature","id":153880,"geometry":{"type":"Polygon","coordinates":[[[-73.951399435411616,40.770081268900874],[-73.951859433922536,40.769449269656121],[-73.949254433684615,40.768363268842592],[-73.948203433548287,40.769552268608244],[-73.949455433526083,40.77009327054212],[-73.949937434473227,40.769477268759573],[-73.951399435411616,40.770081268900874]]]},"properties":{"OBJECTID":153880,"GEOID20":"360610132006","GEOID10":"360610132006","STATEFP":"36","COUNTYFP":"061","D1C":69.021017634135745,"D1C5_RET":1.1748258320703955,"D2B_E5MIXA":0.33442692846033234,"D3A":46.667275789101829,"D3AAO":20.969859821326175,"D3B":0,"D4A":187.75999999999999,"D4C":45,"D4D":3909.5667260700002,"D5AR":910051,"D5BR":2569120}},{"type":"Feature","id":153881,"geometry":{"type":"Polygon","coordinates":[[[-73.952321434778213,40.768814268865192],[-73.952789433685041,40.76817826938111],[-73.950094434832067,40.767044268985437],[-73.947974433219414,40.769520269862412],[-73.948203433548287,40.769552268608244],[-73.949254433684615,40.768363268842592],[-73.951859433922536,40.769449269656121],[-73.952321434778213,40.768814268865192]]]},"properties":{"OBJECTID":153881,"GEOID20":"360610132007","GEOID10":"360610132007","STATEFP":"36","COUNTYFP":"061","D1C":56.175886701261646,"D1C5_RET":0,"D2B_E5MIXA":0.36830294496979749,"D3A":41.772287694049687,"D3AAO":12.16687993425754,"D3B":130.59047981798952,"D4A":211.90000000000001,"D4C":45.329999999999998,"D4D":2536.2752571300002,"D5AR":849206,"D5BR":2480183}},{"type":"Feature","id":153882,"geometry":{"type":"Polygon","coordinates":[[[-73.956480436016008,40.771396270144088],[-73.956942436871685,40.770761268910277],[-73.954576436110059,40.769763269179677],[-73.954113436327788,40.770397269670724],[-73.956480436016008,40.771396270144088]]]},"properties":{"OBJECTID":153882,"GEOID20":"360610134007","GEOID10":"360610134007","STATEFP":"36","COUNTYFP":"061","D1C":99.37086808455706,"D1C5_RET":21.54501122187299,"D2B_E5MIXA":0.71257485565953216,"D3A":34.86059494006858,"D3AAO":7.0774005659769728,"D3B":0,"D4A":150.21000000000001,"D4C":145,"D4D":20401.806544800002,"D5AR":782154,"D5BR":2596265}},{"type":"Feature","id":153883,"geometry":{"type":"Polygon","coordinates":[[[-73.956942436871685,40.770761268910277],[-73.957405436653943,40.770128269250456],[-73.955038435169101,40.769128269348336],[-73.954576436110059,40.769763269179677],[-73.956942436871685,40.770761268910277]]]},"properties":{"OBJECTID":153883,"GEOID20":"360610134008","GEOID10":"360610134008","STATEFP":"36","COUNTYFP":"061","D1C":75.232648716963283,"D1C5_RET":1.7598280401628836,"D2B_E5MIXA":0.74552297657413213,"D3A":13.564829261766713,"D3AAO":7.0681823291745012,"D3B":0,"D4A":223.97,"D4C":92,"D4D":12952.334375599999,"D5AR":871113,"D5BR":2593090}},{"type":"Feature","id":153884,"geometry":{"type":"Polygon","coordinates":[[[-73.956016436408817,40.772028269238703],[-73.953650434748866,40.771032269620946],[-73.953189434616434,40.771665270193232],[-73.95555443555314,40.772662269887903],[-73.956016436408817,40.772028269238703]]]},"properties":{"OBJECTID":153884,"GEOID20":"360610134009","GEOID10":"360610134009","STATEFP":"36","COUNTYFP":"061","D1C":64.782843281972887,"D1C5_RET":1.7627984566523234,"D2B_E5MIXA":0.61784219638945503,"D3A":29.064871542538093,"D3AAO":7.0854750472487007,"D3B":0,"D4A":191.78,"D4C":119.33,"D4D":16828.379186599999,"D5AR":746157,"D5BR":2595902}},{"type":"Feature","id":153887,"geometry":{"type":"Polygon","coordinates":[[[-73.949879434746919,40.772161269747599],[-73.949938434298147,40.772081270552704],[-73.947585433057,40.77108827056388],[-73.947120432726592,40.771720270547171],[-73.949477434165701,40.772716270056357],[-73.949879434746919,40.772161269747599]]]},"properties":{"OBJECTID":153887,"GEOID20":"360610136006","GEOID10":"360610136006","STATEFP":"36","COUNTYFP":"061","D1C":503.96080241970185,"D1C5_RET":0,"D2B_E5MIXA":0.096796538541986443,"D3A":7.1036971085699534,"D3AAO":0,"D3B":141.52475364133792,"D4A":130.09,"D4C":39.329999999999998,"D4D":5566.1685607099998,"D5AR":922101,"D5BR":2047986}},{"type":"Feature","id":153888,"geometry":{"type":"Polygon","coordinates":[[[-73.980982443531161,40.764231267665366],[-73.981435444165996,40.763602267067931],[-73.978602442525826,40.762404267268089],[-73.97768744283195,40.763653267264594],[-73.980529442896312,40.764852267843345],[-73.980982443531161,40.764231267665366]]]},"properties":{"OBJECTID":153888,"GEOID20":"360610137006","GEOID10":"360610137006","STATEFP":"36","COUNTYFP":"061","D1C":1171.6038897286344,"D1C5_RET":9.3944103574620588,"D2B_E5MIXA":0.66562678289718469,"D3A":10.689731252750637,"D3AAO":0,"D3B":0,"D4A":173,"D4C":413,"D4D":24585.450947400001,"D5AR":777376,"D5BR":3908951}},{"type":"Feature","id":153889,"geometry":{"type":"Polygon","coordinates":[[[-73.953629434832479,40.775299271412592],[-73.954093436236292,40.774664270064882],[-73.951724435101625,40.773665269746246],[-73.951262435144272,40.774300270438019],[-73.953629434832479,40.775299271412592]]]},"properties":{"OBJECTID":153889,"GEOID20":"360610138005","GEOID10":"360610138005","STATEFP":"36","COUNTYFP":"061","D1C":73.76842462457634,"D1C5_RET":30.078196945139762,"D2B_E5MIXA":0.82420124546471685,"D3A":27.394734347293237,"D3AAO":0,"D3B":0,"D4A":324.55000000000001,"D4C":99.329999999999998,"D4D":13956.985939,"D5AR":824281,"D5BR":3360548}},{"type":"Feature","id":153891,"geometry":{"type":"Polygon","coordinates":[[[-73.955056435610757,40.773345270108159],[-73.952687435374401,40.772348269777453],[-73.952187434883911,40.773028270396942],[-73.954557435843483,40.774028270790488],[-73.955056435610757,40.773345270108159]]]},"properties":{"OBJECTID":153891,"GEOID20":"360610138008","GEOID10":"360610138008","STATEFP":"36","COUNTYFP":"061","D1C":72.277805011265229,"D1C5_RET":22.255030356576018,"D2B_E5MIXA":0.95229580554427695,"D3A":22.977458437819134,"D3AAO":4.2218537879593576,"D3B":0,"D4A":150.21000000000001,"D4C":66.670000000000002,"D4D":8711.8847640200001,"D5AR":868961,"D5BR":3053690}},{"type":"Feature","id":153892,"geometry":{"type":"Polygon","coordinates":[[[-73.956799436756555,40.774975270094892],[-73.957295436150773,40.77429126960714],[-73.955056435610757,40.773345270108159],[-73.954557435843483,40.774028270790488],[-73.956799436756555,40.774975270094892]]]},"properties":{"OBJECTID":153892,"GEOID20":"360610138009","GEOID10":"360610138009","STATEFP":"36","COUNTYFP":"061","D1C":142.24761184040673,"D1C5_RET":9.4831741226937822,"D2B_E5MIXA":0.40873071399008831,"D3A":28.936663878461342,"D3AAO":10.481285219807324,"D3B":0,"D4A":0,"D4C":112.67,"D4D":15541.370595,"D5AR":787981,"D5BR":3598561}},{"type":"Feature","id":154118,"geometry":{"type":"Polygon","coordinates":[[[-73.955747435896981,40.768157269814232],[-73.956000436515282,40.767812268009756],[-73.953750435206317,40.766861268150322],[-73.953251434540704,40.767544268809196],[-73.955503435499509,40.768493269571877],[-73.955747435896981,40.768157269814232]]]},"properties":{"OBJECTID":154118,"GEOID20":"360610124002","GEOID10":"360610124002","STATEFP":"36","COUNTYFP":"061","D1C":56.529977610689791,"D1C5_RET":11.177029793748551,"D2B_E5MIXA":0.91054704181747925,"D3A":47.11973044175862,"D3AAO":0,"D3B":275.12688723073359,"D4A":168.97999999999999,"D4C":63,"D4D":8666.4969477699997,"D5AR":977265,"D5BR":2598212}},{"type":"Feature","id":154123,"geometry":{"type":"Polygon","coordinates":[[[-74.003970449331064,40.742871262421907],[-74.00441745011814,40.742292262288878],[-74.001556448888891,40.741088261958943],[-74.000704448944191,40.742262262306824],[-74.003543449533822,40.743456262441498],[-74.003970449331064,40.742871262421907]]]},"properties":{"OBJECTID":154123,"GEOID20":"360610083001","GEOID10":"360610083001","STATEFP":"36","COUNTYFP":"061","D1C":187.38512452939287,"D1C5_RET":8.8099715177580382,"D2B_E5MIXA":0.54471055637534116,"D3A":20.587333871185422,"D3AAO":1.1556415151215287,"D3B":0,"D4A":181.05000000000001,"D4C":204.66999999999999,"D4D":12966.377495999999,"D5AR":692303,"D5BR":2880571}},{"type":"Feature","id":154124,"geometry":{"type":"Polygon","coordinates":[[[-73.986105444866652,40.762298266851381],[-73.986562445699462,40.761668266805074],[-73.984465444551347,40.760781267311089],[-73.984809445406242,40.760112265693905],[-73.98532344434382,40.75869526598553],[-73.982257443075156,40.75739526652896],[-73.980427441890726,40.759907266499077],[-73.986105444866652,40.762298266851381]]]},"properties":{"OBJECTID":154124,"GEOID20":"360610125001","GEOID10":"360610125001","STATEFP":"36","COUNTYFP":"061","D1C":1406.1352342986797,"D1C5_RET":28.49325071641714,"D2B_E5MIXA":0.61193108096779181,"D3A":27.016522345221478,"D3AAO":4.2566525875437966,"D3B":0,"D4A":130.09,"D4C":440.67000000000002,"D4D":9431.8278258800001,"D5AR":962521,"D5BR":4471020}},{"type":"Feature","id":154125,"geometry":{"type":"Polygon","coordinates":[[[-74.008255450067253,40.736969260243249],[-74.008323451635945,40.736196260645983],[-74.006622450322965,40.736440261212444],[-74.006499450299316,40.736965260652369],[-74.006450450793821,40.73941326207062],[-74.008052451474299,40.739383260790127],[-74.008255450067253,40.736969260243249]]]},"properties":{"OBJECTID":154125,"GEOID20":"360610079003","GEOID10":"360610079003","STATEFP":"36","COUNTYFP":"061","D1C":32.807452025849777,"D1C5_RET":4.4020125503038949,"D2B_E5MIXA":0.82610500773457685,"D3A":38.489159411791839,"D3AAO":0,"D3B":106.31275593186763,"D4A":308.45999999999998,"D4C":88,"D4D":4677.7612609999996,"D5AR":700223,"D5BR":2698060}},{"type":"Feature","id":154126,"geometry":{"type":"Polygon","coordinates":[[[-73.999186447929304,40.739251261256953],[-73.996338447118831,40.738052262464329],[-73.995875446438234,40.738694262188382],[-73.998714447926204,40.739889262245875],[-73.999186447929304,40.739251261256953]]]},"properties":{"OBJECTID":154126,"GEOID20":"360610081003","GEOID10":"360610081003","STATEFP":"36","COUNTYFP":"061","D1C":46.762437104522093,"D1C5_RET":4.1687443930387911,"D2B_E5MIXA":0.68364496162552579,"D3A":29.786065452346406,"D3AAO":11.146312045909299,"D3B":0,"D4A":163.62,"D4C":297.32999999999998,"D4D":34490.2336106,"D5AR":653255,"D5BR":3721655}},{"type":"Feature","id":154127,"geometry":{"type":"Polygon","coordinates":[[[-73.982276442443407,40.751585264749046],[-73.982725442880295,40.750967264900346],[-73.981124442923061,40.750290264935224],[-73.981574442286544,40.749676264126911],[-73.979955441887626,40.748993263604895],[-73.977678440814472,40.752127264936185],[-73.980889443644728,40.753489266076954],[-73.982276442443407,40.751585264749046]]]},"properties":{"OBJECTID":154127,"GEOID20":"360610082001","GEOID10":"360610082001","STATEFP":"36","COUNTYFP":"061","D1C":1644.751595373124,"D1C5_RET":25.00129832576792,"D2B_E5MIXA":0.6759401581693133,"D3A":34.29595397854704,"D3AAO":1.8888216357192202,"D3B":46.446533899830094,"D4A":81.810000000000002,"D4C":612.33000000000004,"D4D":14220.3030514,"D5AR":1026666,"D5BR":5806645}},{"type":"Feature","id":154128,"geometry":{"type":"Polygon","coordinates":[[[-73.983175443142102,40.750350265129057],[-73.983622443030853,40.74973226537103],[-73.980405442149447,40.748374264439306],[-73.979955441887626,40.748993263604895],[-73.981574442286544,40.749676264126911],[-73.981124442923061,40.750290264935224],[-73.982725442880295,40.750967264900346],[-73.983175443142102,40.750350265129057]]]},"properties":{"OBJECTID":154128,"GEOID20":"360610082002","GEOID10":"360610082002","STATEFP":"36","COUNTYFP":"061","D1C":494.99634355009334,"D1C5_RET":11.759213898769588,"D2B_E5MIXA":0.75503772028924976,"D3A":32.782311717631352,"D3AAO":3.1564626025580913,"D3B":70.999027313325811,"D4A":79.129999999999995,"D4C":595.66999999999996,"D4D":42291.990599700002,"D5AR":1141092,"D5BR":5950034}},{"type":"Feature","id":154129,"geometry":{"type":"Polygon","coordinates":[[[-73.984597443897513,40.754185265400167],[-73.985044444684576,40.753562264256644],[-73.981823443605208,40.752205264996249],[-73.980889443644728,40.753489266076954],[-73.984119444046627,40.754850265546828],[-73.984597443897513,40.754185265400167]]]},"properties":{"OBJECTID":154129,"GEOID20":"360610084001","GEOID10":"360610084001","STATEFP":"36","COUNTYFP":"061","D1C":71.352850036695756,"D1C5_RET":1.411375055670905,"D2B_E5MIXA":0.80120630842704166,"D3A":28.100336613117999,"D3AAO":5.1913710905288317,"D3B":187.17925891279637,"D4A":131.43000000000001,"D4C":688.66999999999996,"D4D":35143.058951899999,"D5AR":1026450,"D5BR":5264272}},{"type":"Feature","id":154138,"geometry":{"type":"Polygon","coordinates":[[[-73.976493443478802,40.798297274351555],[-73.973652443239345,40.797157273890768],[-73.973388443648687,40.798183274098427],[-73.973154443296963,40.798585274441194],[-73.971340442006081,40.797823274161175],[-73.970424442487271,40.799079274306152],[-73.974715443071219,40.800859274319414],[-73.976493443478802,40.798297274351555]]]},"properties":{"OBJECTID":154138,"GEOID20":"360610187001","GEOID10":"360610187001","STATEFP":"36","COUNTYFP":"061","D1C":14.03050486858519,"D1C5_RET":0.17006672567982048,"D2B_E5MIXA":0.33744045068389428,"D3A":58.162126568383492,"D3AAO":15.140739396744509,"D3B":328.22849922174703,"D4A":236.03999999999999,"D4C":132.66999999999999,"D4D":3265.0577334999998,"D5AR":589884,"D5BR":2176298}},{"type":"Feature","id":154139,"geometry":{"type":"Polygon","coordinates":[[[-73.938286430765288,40.796309274816572],[-73.935913431229281,40.795320274687334],[-73.934914430073178,40.796688275519458],[-73.93728143155802,40.797687276396942],[-73.938286430765288,40.796309274816572]]]},"properties":{"OBJECTID":154139,"GEOID20":"360610188002","GEOID10":"360610188002","STATEFP":"36","COUNTYFP":"061","D1C":32.512923556904489,"D1C5_RET":5.8929673946889389,"D2B_E5MIXA":0.75050225779328938,"D3A":18.043633916245376,"D3AAO":6.5800204527387027,"D3B":0,"D4A":218.59999999999999,"D4C":131,"D4D":8518.3859719100001,"D5AR":686885,"D5BR":2849337}},{"type":"Feature","id":154220,"geometry":{"type":"Polygon","coordinates":[[[-73.978815443859489,40.787575271957579],[-73.979289444410711,40.78694927213035],[-73.978066443846942,40.786431272372752],[-73.97650444245113,40.788322272395035],[-73.977858443434485,40.788889272640432],[-73.978815443859489,40.787575271957579]]]},"properties":{"OBJECTID":154220,"GEOID20":"360610171003","GEOID10":"360610171003","STATEFP":"36","COUNTYFP":"061","D1C":102.28379988503941,"D1C5_RET":32.40542812524717,"D2B_E5MIXA":0.80267550841376534,"D3A":37.232540560925109,"D3AAO":0,"D3B":85.347629630280608,"D4A":143.5,"D4C":86,"D4D":7339.8961482000004,"D5AR":681668,"D5BR":2346769}},{"type":"Feature","id":154221,"geometry":{"type":"Polygon","coordinates":[[[-73.981144445709489,40.78770227237807],[-73.981230445024892,40.786925271534926],[-73.979745444520304,40.78630427156201],[-73.978815443859489,40.787575271957579],[-73.981063444620332,40.788514272196196],[-73.981144445709489,40.78770227237807]]]},"properties":{"OBJECTID":154221,"GEOID20":"360610171005","GEOID10":"360610171005","STATEFP":"36","COUNTYFP":"061","D1C":24.221516266918311,"D1C5_RET":0.70004382274330379,"D2B_E5MIXA":0.6098297000596572,"D3A":18.228975211270807,"D3AAO":0,"D3B":0,"D4A":177.03,"D4C":85.670000000000002,"D4D":7676.4958906499996,"D5AR":737229,"D5BR":2188705}},{"type":"Feature","id":154222,"geometry":{"type":"Polygon","coordinates":[[[-73.975027443240762,40.790221271875595],[-73.975485443898478,40.789594272721011],[-73.974065441894581,40.788997272397339],[-73.973148442550865,40.790252272436248],[-73.974566443108316,40.790850272806061],[-73.975027443240762,40.790221271875595]]]},"properties":{"OBJECTID":154222,"GEOID20":"360610175006","GEOID10":"360610175006","STATEFP":"36","COUNTYFP":"061","D1C":67.442899857928936,"D1C5_RET":2.9645230706781951,"D2B_E5MIXA":0.7907458726104265,"D3A":35.72541159227756,"D3AAO":0.071691979153663807,"D3B":0,"D4A":187.75999999999999,"D4C":110.67,"D4D":13123.3507293,"D5AR":642087,"D5BR":2345024}},{"type":"Feature","id":154223,"geometry":{"type":"Polygon","coordinates":[[[-73.954946436005912,40.77751227081032],[-73.955409436686494,40.776876271589998],[-73.953167435773437,40.775931270115997],[-73.952706434742666,40.776569270185327],[-73.954946436005912,40.77751227081032]]]},"properties":{"OBJECTID":154223,"GEOID20":"360610138001","GEOID10":"360610138001","STATEFP":"36","COUNTYFP":"061","D1C":59.530922735556629,"D1C5_RET":9.9604267612020809,"D2B_E5MIXA":0.82895888916956628,"D3A":30.517595848960887,"D3AAO":0,"D3B":0,"D4A":232.00999999999999,"D4C":221,"D4D":32762.854909400001,"D5AR":732214,"D5BR":3597126}},{"type":"Feature","id":154234,"geometry":{"type":"Polygon","coordinates":[[[-73.957637437355842,40.785352272628849],[-73.958097436765073,40.784726271571721],[-73.956488437310242,40.784052272238227],[-73.955115436958621,40.785933272210272],[-73.956719437288925,40.786609273202082],[-73.957637437355842,40.785352272628849]]]},"properties":{"OBJECTID":154234,"GEOID20":"360610160013","GEOID10":"360610160013","STATEFP":"36","COUNTYFP":"061","D1C":122.3001771396203,"D1C5_RET":6.8855327612118664,"D2B_E5MIXA":0.55297341319771853,"D3A":30.594439782555767,"D3AAO":0,"D3B":69.948269320247533,"D4A":154.22999999999999,"D4C":137.33000000000001,"D4D":9605.9958257500002,"D5AR":664408,"D5BR":3543066}},{"type":"Feature","id":154235,"geometry":{"type":"Polygon","coordinates":[[[-73.9811664445525,40.784362270623561],[-73.981663444669948,40.783669270641923],[-73.980474444441356,40.783169270407626],[-73.978535443476986,40.785795271488048],[-73.979745444520304,40.78630427156201],[-73.9811664445525,40.784362270623561]]]},"properties":{"OBJECTID":154235,"GEOID20":"360610167003","GEOID10":"360610167003","STATEFP":"36","COUNTYFP":"061","D1C":80.526795785391499,"D1C5_RET":35.217332360451898,"D2B_E5MIXA":0.70530264143316401,"D3A":43.850186495095706,"D3AAO":0,"D3B":134.56174752650276,"D4A":171.66,"D4C":86,"D4D":5786.1551436399996,"D5AR":762867,"D5BR":2507456}},{"type":"Feature","id":154236,"geometry":{"type":"Polygon","coordinates":[[[-73.960110437349286,40.770440269497861],[-73.960603437268787,40.769757269350045],[-73.956000436515282,40.767812268009756],[-73.955503435499509,40.768493269571877],[-73.957867436611323,40.769492268736094],[-73.957405436653943,40.770128269250456],[-73.959646436843784,40.771072268841472],[-73.960110437349286,40.770440269497861]]]},"properties":{"OBJECTID":154236,"GEOID20":"360610126001","GEOID10":"360610126001","STATEFP":"36","COUNTYFP":"061","D1C":84.029377278260966,"D1C5_RET":10.784131967666568,"D2B_E5MIXA":0.97407017496547366,"D3A":22.552254885639879,"D3AAO":9.3016760144257375,"D3B":0,"D4A":148.86000000000001,"D4C":144.66999999999999,"D4D":6701.2740800499996,"D5AR":847652,"D5BR":3420548}},{"type":"Feature","id":154237,"geometry":{"type":"Polygon","coordinates":[[[-73.989864446071351,40.762243266863855],[-73.987016445260878,40.761046265919006],[-73.986562445699462,40.761668266805074],[-73.98940244701231,40.762867266451558],[-73.989864446071351,40.762243266863855]]]},"properties":{"OBJECTID":154237,"GEOID20":"360610127001","GEOID10":"360610127001","STATEFP":"36","COUNTYFP":"061","D1C":131.08641914017909,"D1C5_RET":5.3922073121492105,"D2B_E5MIXA":0.6813679379029578,"D3A":11.916235141886057,"D3AAO":3.4161143079678573,"D3B":0,"D4A":159.59,"D4C":148,"D4D":17612.0647106,"D5AR":905369,"D5BR":3153207}},{"type":"Feature","id":154239,"geometry":{"type":"Polygon","coordinates":[[[-73.992702447734402,40.763439267164202],[-73.989864446071351,40.762243266863855],[-73.98894844655257,40.763494266842493],[-73.991789447690337,40.764692266726492],[-73.992702447734402,40.763439267164202]]]},"properties":{"OBJECTID":154239,"GEOID20":"360610127004","GEOID10":"360610127004","STATEFP":"36","COUNTYFP":"061","D1C":72.064810026123823,"D1C5_RET":12.242670429148447,"D2B_E5MIXA":0.76702188265099769,"D3A":25.264194852687584,"D3AAO":4.145105408120612,"D3B":39.592054187840077,"D4A":0,"D4C":70.670000000000002,"D4D":4194.8582750400001,"D5AR":761950,"D5BR":2448425}},{"type":"Feature","id":154240,"geometry":{"type":"Polygon","coordinates":[[[-73.960784437917056,40.772381269928175],[-73.961245438049517,40.771747269999203],[-73.959646436843784,40.771072268841472],[-73.958256435875413,40.772973269765174],[-73.959858437454201,40.773651270057904],[-73.960784437917056,40.772381269928175]]]},"properties":{"OBJECTID":154240,"GEOID20":"360610128001","GEOID10":"360610128001","STATEFP":"36","COUNTYFP":"061","D1C":89.222269293706674,"D1C5_RET":14.292887799477283,"D2B_E5MIXA":0.82658219415798362,"D3A":29.467122488030594,"D3AAO":0,"D3B":0,"D4A":123.38,"D4C":168.66999999999999,"D4D":11688.637018900001,"D5AR":777190,"D5BR":3016929}},{"type":"Feature","id":154934,"geometry":{"type":"Polygon","coordinates":[[[-73.94111943510039,40.831664281858558],[-73.941369435345663,40.830899282615832],[-73.940347433725009,40.830466282156308],[-73.940310434813412,40.831719281455172],[-73.939561434800865,40.832917282307129],[-73.939156434744916,40.833286281800241],[-73.940361434867015,40.833794282892718],[-73.94111943510039,40.831664281858558]]]},"properties":{"OBJECTID":154934,"GEOID20":"360610239001","GEOID10":"360610239001","STATEFP":"36","COUNTYFP":"061","D1C":11.289980837964031,"D1C5_RET":0.46397181525879572,"D2B_E5MIXA":0.71929305871763871,"D3A":31.556662655380798,"D3AAO":0,"D3B":156.90679248545769,"D4A":105.95,"D4C":132.66999999999999,"D4D":12487.596976000001,"D5AR":764736,"D5BR":2539946}},{"type":"Feature","id":154935,"geometry":{"type":"Polygon","coordinates":[[[-73.9880644468208,40.769799268146258],[-73.988560445316722,40.769123268195258],[-73.98571744542744,40.767926268017312],[-73.985219445485072,40.768603268001648],[-73.9880644468208,40.769799268146258]]]},"properties":{"OBJECTID":154935,"GEOID20":"360610139001","GEOID10":"360610139001","STATEFP":"36","COUNTYFP":"061","D1C":48.828550810930011,"D1C5_RET":4.7971909568632993,"D2B_E5MIXA":0.57898978566413617,"D3A":22.824133412517998,"D3AAO":5.3404361686917117,"D3B":0,"D4A":272.25,"D4C":153.66999999999999,"D4D":16849.9276421,"D5AR":779250,"D5BR":2519152}},{"type":"Feature","id":154936,"geometry":{"type":"Polygon","coordinates":[[[-73.976736442254719,40.747636264332584],[-73.977189441991257,40.747018264532215],[-73.974937440134127,40.746086264788339],[-73.97404544090476,40.747304264274952],[-73.976289440569346,40.748253264106182],[-73.976736442254719,40.747636264332584]]]},"properties":{"OBJECTID":154936,"GEOID20":"360610078002","GEOID10":"360610078002","STATEFP":"36","COUNTYFP":"061","D1C":64.364211158079343,"D1C5_RET":1.7912118133046198,"D2B_E5MIXA":0.7236259144382049,"D3A":55.983009103324051,"D3AAO":36.10511386166236,"D3B":0,"D4A":140.81999999999999,"D4C":187,"D4D":14291.4819878,"D5AR":1220602,"D5BR":4355941}},{"type":"Feature","id":154937,"geometry":{"type":"Polygon","coordinates":[[[-74.002266449441663,40.745215262710062],[-74.002692449414013,40.744630262508693],[-73.99984944772811,40.743433262949708],[-73.999423448654085,40.744017262998597],[-74.002266449441663,40.745215262710062]]]},"properties":{"OBJECTID":154937,"GEOID20":"360610089001","GEOID10":"360610089001","STATEFP":"36","COUNTYFP":"061","D1C":51.83552678708093,"D1C5_RET":7.5469349345175294,"D2B_E5MIXA":0.55338954873310875,"D3A":1.2289374033297706,"D3AAO":1.2289374033297706,"D3B":0,"D4A":320.52999999999997,"D4C":130,"D4D":16523.815435600001,"D5AR":712760,"D5BR":2706430}},{"type":"Feature","id":154938,"geometry":{"type":"Polygon","coordinates":[[[-74.005108451302675,40.746410263352935],[-74.00553645002654,40.745824263009254],[-74.002692449414013,40.744630262508693],[-74.001813449705139,40.745834262696093],[-74.00465444994461,40.747031262598284],[-74.005108451302675,40.746410263352935]]]},"properties":{"OBJECTID":154938,"GEOID20":"360610089004","GEOID10":"360610089004","STATEFP":"36","COUNTYFP":"061","D1C":28.420907591143493,"D1C5_RET":0.96342059630994892,"D2B_E5MIXA":0.72878756340555573,"D3A":26.461611306869603,"D3AAO":7.7448394034248889,"D3B":0,"D4A":332.60000000000002,"D4C":69.670000000000002,"D4D":4295.7768284699996,"D5AR":726059,"D5BR":2705581}},{"type":"Feature","id":154992,"geometry":{"type":"Polygon","coordinates":[[[-73.99581744761025,40.754065264394114],[-73.99630544750687,40.753397264928999],[-73.993465447092333,40.752198264593261],[-73.991634446981294,40.754715265154665],[-73.994469447372978,40.755917264530218],[-73.99581744761025,40.754065264394114]]]},"properties":{"OBJECTID":154992,"GEOID20":"360610111001","GEOID10":"360610111001","STATEFP":"36","COUNTYFP":"061","D1C":785.75981326366821,"D1C5_RET":17.906425910155249,"D2B_E5MIXA":0.80011136299183649,"D3A":23.083906054287617,"D3AAO":3.5960265492743479,"D3B":0,"D4A":244.08000000000001,"D4C":624.66999999999996,"D4D":18450.485894099998,"D5AR":1043592,"D5BR":3641119}},{"type":"Feature","id":154996,"geometry":{"type":"Polygon","coordinates":[[[-73.955409436686494,40.776876271589998],[-73.955870435022305,40.776244270312091],[-73.951262435144272,40.774300270438019],[-73.950799434463676,40.774935270502901],[-73.955409436686494,40.776876271589998]]]},"properties":{"OBJECTID":154996,"GEOID20":"360610138004","GEOID10":"360610138004","STATEFP":"36","COUNTYFP":"061","D1C":71.191635704907426,"D1C5_RET":3.7350142738663679,"D2B_E5MIXA":0.72805800851077007,"D3A":17.264309624292423,"D3AAO":3.6300749361079134,"D3B":0,"D4A":88.510000000000005,"D4C":228,"D4D":16515.554025500001,"D5AR":813793,"D5BR":3362465}},{"type":"Feature","id":154997,"geometry":{"type":"Polygon","coordinates":[[[-73.957011437366972,40.777553270859165],[-73.957473436426,40.77691927130568],[-73.955870435022305,40.776244270312091],[-73.954946436005912,40.77751227081032],[-73.95654743686147,40.778188269762083],[-73.957011437366972,40.777553270859165]]]},"properties":{"OBJECTID":154997,"GEOID20":"360610140001","GEOID10":"360610140001","STATEFP":"36","COUNTYFP":"061","D1C":82.355337975748668,"D1C5_RET":20.629443634950853,"D2B_E5MIXA":0.75904662795307332,"D3A":41.852327417124656,"D3AAO":10.445586867409721,"D3B":0,"D4A":0,"D4C":267.67000000000002,"D4D":27826.812864299998,"D5AR":762300,"D5BR":3599232}},{"type":"Feature","id":154998,"geometry":{"type":"Polygon","coordinates":[[[-73.958400436713802,40.775650270376723],[-73.958896437006331,40.774968270729225],[-73.957295436150773,40.77429126960714],[-73.955870435022305,40.776244270312091],[-73.957473436426,40.77691927130568],[-73.958400436713802,40.775650270376723]]]},"properties":{"OBJECTID":154998,"GEOID20":"360610140002","GEOID10":"360610140002","STATEFP":"36","COUNTYFP":"061","D1C":76.35545184262709,"D1C5_RET":6.019724419128277,"D2B_E5MIXA":0.73803703428489498,"D3A":25.113408165664332,"D3AAO":5.1358351279470753,"D3B":0,"D4A":229.33000000000001,"D4C":246.33000000000001,"D4D":16649.417163900001,"D5AR":792107,"D5BR":3598593}},{"type":"Feature","id":154999,"geometry":{"type":"Polygon","coordinates":[[[-73.983934444997004,40.775487269411904],[-73.983972444631846,40.775438268772454],[-73.981115444498855,40.774235269322965],[-73.9806614440391,40.774860269247228],[-73.983506444476518,40.776066268914413],[-73.983934444997004,40.775487269411904]]]},"properties":{"OBJECTID":154999,"GEOID20":"360610153003","GEOID10":"360610153003","STATEFP":"36","COUNTYFP":"061","D1C":314.81553963378519,"D1C5_RET":97.206201711484553,"D2B_E5MIXA":0.84338133128206605,"D3A":53.991510623416666,"D3AAO":11.731067536595797,"D3B":0,"D4A":0,"D4C":162.33000000000001,"D4D":19126.645725800001,"D5AR":775637,"D5BR":2534785}},{"type":"Feature","id":155000,"geometry":{"type":"Polygon","coordinates":[[[-73.930997433176287,40.853070286496511],[-73.931496432943575,40.852388286560959],[-73.930102432675568,40.851801286541374],[-73.929148432623606,40.853108286874281],[-73.930540432343491,40.853693286506022],[-73.930997433176287,40.853070286496511]]]},"properties":{"OBJECTID":155000,"GEOID20":"360610269006","GEOID10":"360610269006","STATEFP":"36","COUNTYFP":"061","D1C":12.715387538945643,"D1C5_RET":7.0842873431268583,"D2B_E5MIXA":0.78836156637267873,"D3A":32.227500358758803,"D3AAO":0,"D3B":116.25497178464589,"D4A":136.78999999999999,"D4C":109.33,"D4D":12710.156065200001,"D5AR":657297,"D5BR":2434209}},{"type":"Feature","id":155025,"geometry":{"type":"Polygon","coordinates":[[[-73.94262943571934,40.846444284462216],[-73.942611436176009,40.846239285367503],[-73.940519435949085,40.845377284793727],[-73.939525435714174,40.84784628619277],[-73.942055435608992,40.84832528503226],[-73.942434436623998,40.846833284319182],[-73.94262943571934,40.846444284462216]]]},"properties":{"OBJECTID":155025,"GEOID20":"360610255002","GEOID10":"360610255002","STATEFP":"36","COUNTYFP":"061","D1C":16.643403727365918,"D1C5_RET":0.18912958781097633,"D2B_E5MIXA":0.66926420438426459,"D3A":46.444990665435334,"D3AAO":0.012954975849627725,"D3B":574.82581088753727,"D4A":533.76999999999998,"D4C":139.33000000000001,"D4D":6672.5385512800003,"D5AR":756085,"D5BR":2372352}},{"type":"Feature","id":155026,"geometry":{"type":"Polygon","coordinates":[[[-73.942611436176009,40.846239285367503],[-73.942293436158707,40.845095285120451],[-73.942460435664955,40.844609284501296],[-73.941143436288172,40.844057284718815],[-73.940855435509761,40.844528284617915],[-73.940519435949085,40.845377284793727],[-73.942611436176009,40.846239285367503]]]},"properties":{"OBJECTID":155026,"GEOID20":"360610255003","GEOID10":"360610255003","STATEFP":"36","COUNTYFP":"061","D1C":16.482768811529155,"D1C5_RET":0,"D2B_E5MIXA":0.47255035959445946,"D3A":25.931287919347906,"D3AAO":0,"D3B":108.75228906575937,"D4A":199.83000000000001,"D4C":86.670000000000002,"D4D":9425.5608933300009,"D5AR":627524,"D5BR":2387979}},{"type":"Feature","id":155027,"geometry":{"type":"Polygon","coordinates":[[[-73.935623434394302,40.846735285035045],[-73.936079434503895,40.846113284452343],[-73.934687433885713,40.845528284491778],[-73.933777432418069,40.846771285759708],[-73.935173434132523,40.847366285654267],[-73.935623434394302,40.846735285035045]]]},"properties":{"OBJECTID":155027,"GEOID20":"360610261002","GEOID10":"360610261002","STATEFP":"36","COUNTYFP":"061","D1C":25.496759162122459,"D1C5_RET":5.5179553410563535,"D2B_E5MIXA":0.59691469383310547,"D3A":36.607823681143067,"D3AAO":0,"D3B":121.77556614745053,"D4A":124.72,"D4C":171.33000000000001,"D4D":20863.807747999999,"D5AR":732853,"D5BR":2383526}},{"type":"Feature","id":155028,"geometry":{"type":"Polygon","coordinates":[[[-73.939525435714174,40.84784628619277],[-73.9397804359823,40.847218284860539],[-73.938236435028145,40.846918285231247],[-73.938099434760787,40.846959285224422],[-73.937314434763238,40.846631285247959],[-73.936404434193904,40.847880285099549],[-73.937673435686747,40.848400285513087],[-73.938037434836517,40.84756628533848],[-73.939525435714174,40.84784628619277]]]},"properties":{"OBJECTID":155028,"GEOID20":"360610263005","GEOID10":"360610263005","STATEFP":"36","COUNTYFP":"061","D1C":30.902048857852623,"D1C5_RET":11.932474311448043,"D2B_E5MIXA":0.86589082733603961,"D3A":39.132912700493108,"D3AAO":0,"D3B":163.21177171022677,"D4A":126.06999999999999,"D4C":178,"D4D":17427.531712299999,"D5AR":797752,"D5BR":2452218}},{"type":"Feature","id":155029,"geometry":{"type":"Polygon","coordinates":[[[-73.941030435411918,40.844208284026593],[-73.941143436288172,40.844057284718815],[-73.939178434486209,40.843231284235188],[-73.938856435169271,40.844687284698139],[-73.940519435949085,40.845377284793727],[-73.941030435411918,40.844208284026593]]]},"properties":{"OBJECTID":155029,"GEOID20":"360610253005","GEOID10":"360610253005","STATEFP":"36","COUNTYFP":"061","D1C":29.527457261224001,"D1C5_RET":5.354720228719378,"D2B_E5MIXA":0.64675297995407677,"D3A":21.824355673005311,"D3AAO":0,"D3B":0,"D4A":249.44999999999999,"D4C":125.33,"D4D":12271.672434599999,"D5AR":617624,"D5BR":2386420}},{"type":"Feature","id":155030,"geometry":{"type":"Polygon","coordinates":[[[-73.94080543617936,40.849787285772052],[-73.940753436300824,40.84969728598152],[-73.939916436424724,40.849533285157996],[-73.939237434935762,40.851187284968169],[-73.93974843529692,40.85131428596398],[-73.940286436320577,40.851330285333802],[-73.94080543617936,40.849787285772052]]]},"properties":{"OBJECTID":155030,"GEOID20":"360610265001","GEOID10":"360610265001","STATEFP":"36","COUNTYFP":"061","D1C":8.6908246097732853,"D1C5_RET":0.496618549129902,"D2B_E5MIXA":0.8040620117094005,"D3A":15.639476876933212,"D3AAO":0,"D3B":0,"D4A":253.47,"D4C":133.66999999999999,"D4D":21242.560467899999,"D5AR":739242,"D5BR":1810489}},{"type":"Feature","id":155031,"geometry":{"type":"Polygon","coordinates":[[[-73.938655435327789,40.850002285758329],[-73.938969436045468,40.849303286078744],[-73.937071434190671,40.84894728523841],[-73.935755433740468,40.850176285710518],[-73.938285435431951,40.850917286178188],[-73.938655435327789,40.850002285758329]]]},"properties":{"OBJECTID":155031,"GEOID20":"360610265004","GEOID10":"360610265004","STATEFP":"36","COUNTYFP":"061","D1C":27.572972832419676,"D1C5_RET":6.0497661910794225,"D2B_E5MIXA":0.90258787096052373,"D3A":24.75516807162164,"D3AAO":0.05813416370906236,"D3B":74.458660813285192,"D4A":205.19,"D4C":169,"D4D":12583.5136774,"D5AR":712096,"D5BR":2433644}},{"type":"Feature","id":155032,"geometry":{"type":"Polygon","coordinates":[[[-73.930467432548568,40.848705285823677],[-73.930622431460947,40.84848928612751],[-73.929778431912155,40.84815828545976],[-73.928693432338946,40.849557286215401],[-73.927970432265681,40.850158286275601],[-73.927478432171085,40.850702286442882],[-73.927081431612734,40.851440285823188],[-73.927104432077272,40.852058287228161],[-73.927235431598518,40.85222928661198],[-73.927696430832668,40.852496286257406],[-73.929202432151982,40.850531285836105],[-73.930467432548568,40.848705285823677]]]},"properties":{"OBJECTID":155032,"GEOID20":"360610267001","GEOID10":"360610267001","STATEFP":"36","COUNTYFP":"061","D1C":4.0009289113211501,"D1C5_RET":0,"D2B_E5MIXA":0.68141346418907356,"D3A":24.56442067198229,"D3AAO":0,"D3B":36.494141966965522,"D4A":222.63,"D4C":98.670000000000002,"D4D":5398.6161737299999,"D5AR":784532,"D5BR":2130011}},{"type":"Feature","id":155033,"geometry":{"type":"Polygon","coordinates":[[[-73.933732434008846,40.84932928499245],[-73.934240433996976,40.848634285353214],[-73.932850433028605,40.84804628510782],[-73.931473433377349,40.849929286204656],[-73.932862433622489,40.850514286045716],[-73.933732434008846,40.84932928499245]]]},"properties":{"OBJECTID":155033,"GEOID20":"360610269004","GEOID10":"360610269004","STATEFP":"36","COUNTYFP":"061","D1C":29.510284397168579,"D1C5_RET":16.646827095838685,"D2B_E5MIXA":0.70440109635662873,"D3A":35.937054453929335,"D3AAO":0,"D3B":161.42377789904177,"D4A":131.43000000000001,"D4C":120.33,"D4D":9712.0615973000004,"D5AR":710495,"D5BR":2434508}},{"type":"Feature","id":155034,"geometry":{"type":"Polygon","coordinates":[[[-73.932434433101989,40.851103287032906],[-73.932862433622489,40.850514286045716],[-73.931473433377349,40.849929286204656],[-73.930102432675568,40.851801286541374],[-73.931496432943575,40.852388286560959],[-73.932434433101989,40.851103287032906]]]},"properties":{"OBJECTID":155034,"GEOID20":"360610269005","GEOID10":"360610269005","STATEFP":"36","COUNTYFP":"061","D1C":24.467774559046966,"D1C5_RET":8.7475463449442525,"D2B_E5MIXA":0.85689841507546971,"D3A":28.609705319033349,"D3AAO":0,"D3B":162.2733235004151,"D4A":148.86000000000001,"D4C":114.33,"D4D":9276.3545379000007,"D5AR":735884,"D5BR":2434765}},{"type":"Feature","id":155035,"geometry":{"type":"Polygon","coordinates":[[[-73.933227434393771,40.852221285677096],[-73.933668433536425,40.851623285936142],[-73.932434433101989,40.851103287032906],[-73.930997433176287,40.853070286496511],[-73.932229433960899,40.853590286269551],[-73.933227434393771,40.852221285677096]]]},"properties":{"OBJECTID":155035,"GEOID20":"360610271001","GEOID10":"360610271001","STATEFP":"36","COUNTYFP":"061","D1C":41.207635327273024,"D1C5_RET":12.826217618422728,"D2B_E5MIXA":0.51985588171973041,"D3A":36.842959646399677,"D3AAO":0,"D3B":174.65487820830947,"D4A":201.16999999999999,"D4C":145.66999999999999,"D4D":12720.9880543,"D5AR":691202,"D5BR":2434540}},{"type":"Feature","id":155036,"geometry":{"type":"Polygon","coordinates":[[[-73.935755433740468,40.850176285710518],[-73.936398435244442,40.849549285637394],[-73.935472433883263,40.849153285717357],[-73.932229433960899,40.853590286269551],[-73.933706434069592,40.854177286746243],[-73.935755433740468,40.850176285710518]]]},"properties":{"OBJECTID":155036,"GEOID20":"360610271003","GEOID10":"360610271003","STATEFP":"36","COUNTYFP":"061","D1C":28.43791360998496,"D1C5_RET":6.7444440590917871,"D2B_E5MIXA":0.5578555411568713,"D3A":35.603999660120685,"D3AAO":0,"D3B":296.67766460677905,"D4A":0,"D4C":178,"D4D":7920.8976001199999,"D5AR":730273,"D5BR":2434512}},{"type":"Feature","id":155037,"geometry":{"type":"Polygon","coordinates":[[[-73.93426743376115,40.855589286722015],[-73.934628434334499,40.854509286730753],[-73.933706434069592,40.854177286746243],[-73.933313433709188,40.855343286487013],[-73.932762433165053,40.856511287042864],[-73.93368243378012,40.856791286787271],[-73.93426743376115,40.855589286722015]]]},"properties":{"OBJECTID":155037,"GEOID20":"360610279001","GEOID10":"360610279001","STATEFP":"36","COUNTYFP":"061","D1C":23.72789746351274,"D1C5_RET":2.8544839053849911,"D2B_E5MIXA":0.38940914499425106,"D3A":33.968399252995461,"D3AAO":0,"D3B":76.157630595671563,"D4A":89.859999999999999,"D4C":94,"D4D":10732.8594842,"D5AR":673914,"D5BR":2433888}},{"type":"Feature","id":155043,"geometry":{"type":"Polygon","coordinates":[[[-73.936343434094539,40.851094285743223],[-73.936662434835085,40.850456285728768],[-73.935755433740468,40.850176285710518],[-73.933706434069592,40.854177286746243],[-73.934628434334499,40.854509286730753],[-73.936343434094539,40.851094285743223]]]},"properties":{"OBJECTID":155043,"GEOID20":"360610271004","GEOID10":"360610271004","STATEFP":"36","COUNTYFP":"061","D1C":111.14595913817642,"D1C5_RET":14.700269841331645,"D2B_E5MIXA":0.54666988229661395,"D3A":37.698412040024458,"D3AAO":0,"D3B":233.17011795893825,"D4A":209.21000000000001,"D4C":169,"D4D":10743.116121900001,"D5AR":717208,"D5BR":2433094}},{"type":"Feature","id":155044,"geometry":{"type":"Polygon","coordinates":[[[-73.938289435629912,40.853827286659744],[-73.938379434244965,40.853545286254509],[-73.937436435860292,40.85338828605326],[-73.936704434667874,40.85563128625656],[-73.934513434706759,40.858623288115915],[-73.934089434384234,40.859390287591054],[-73.934326434210703,40.859325287588469],[-73.93473643518783,40.859426288234019],[-73.934886435873977,40.859377287731505],[-73.935296435054482,40.859163287011683],[-73.935607435399106,40.858871287923904],[-73.936577435344589,40.857359287117603],[-73.937954434995831,40.855578287098353],[-73.937789435139393,40.855382287074043],[-73.938289435629912,40.853827286659744]]]},"properties":{"OBJECTID":155044,"GEOID20":"360610273001","GEOID10":"360610273001","STATEFP":"36","COUNTYFP":"061","D1C":26.237365068884014,"D1C5_RET":5.7576440012273258,"D2B_E5MIXA":0.74652071816710863,"D3A":22.028610321510882,"D3AAO":0,"D3B":69.834765451789522,"D4A":63.030000000000001,"D4C":50.670000000000002,"D4D":2122.6920008699999,"D5AR":702486,"D5BR":1810378}},{"type":"Feature","id":155045,"geometry":{"type":"Polygon","coordinates":[[[-73.937436435860292,40.85338828605326],[-73.937820435999853,40.852136286131639],[-73.936894434638688,40.851910286042241],[-73.936546434484129,40.852619285999261],[-73.936287434916352,40.854275286575032],[-73.936039434320932,40.854923286758662],[-73.936880434394965,40.855144285973779],[-73.937436435860292,40.85338828605326]]]},"properties":{"OBJECTID":155045,"GEOID20":"360610273002","GEOID10":"360610273002","STATEFP":"36","COUNTYFP":"061","D1C":23.329276067930213,"D1C5_RET":3.1878513881643773,"D2B_E5MIXA":0.56429210912102101,"D3A":31.062058616433212,"D3AAO":0,"D3B":123.17277048463254,"D4A":0,"D4C":167,"D4D":15419.6796634,"D5AR":719659,"D5BR":1809730}},{"type":"Feature","id":155046,"geometry":{"type":"Polygon","coordinates":[[[-73.942040436438702,40.851939285910447],[-73.941263436837062,40.851400285419231],[-73.94048743616203,40.851321286113425],[-73.940149436951543,40.851410286201968],[-73.93954143560768,40.853494286472291],[-73.938653434779653,40.854685286727253],[-73.939809436294595,40.855184286835119],[-73.940378435483765,40.854024286702938],[-73.941592436725045,40.852363286329279],[-73.942040436438702,40.851939285910447]]]},"properties":{"OBJECTID":155046,"GEOID20":"360610275002","GEOID10":"360610275002","STATEFP":"36","COUNTYFP":"061","D1C":8.7589113737329249,"D1C5_RET":0,"D2B_E5MIXA":0.74791399820323512,"D3A":39.025248908242865,"D3AAO":15.919462085861808,"D3B":279.55171203239837,"D4A":324.55000000000001,"D4C":130.33000000000001,"D4D":6827.9562648399997,"D5AR":617436,"D5BR":1743323}},{"type":"Feature","id":155047,"geometry":{"type":"Polygon","coordinates":[[[-73.928693432338946,40.853732286705494],[-73.929148432623606,40.853108286874281],[-73.927696430832668,40.852496286257406],[-73.924693432008127,40.856650286928044],[-73.924771430927606,40.857454287985732],[-73.92508343109715,40.857965287643168],[-73.925307431403141,40.858094287422809],[-73.925714432007226,40.858196288018775],[-73.926239432612093,40.858145287740442],[-73.92648443193616,40.8580292875073],[-73.926752432623076,40.857709288247676],[-73.927267431385573,40.857937287810543],[-73.927609432590657,40.857599287295862],[-73.928234431856325,40.857176287221165],[-73.928267432366596,40.856816287386337],[-73.92739743287855,40.857160287904186],[-73.926900432761087,40.85686728732901],[-73.926736430932934,40.856496287702612],[-73.928693432338946,40.853732286705494]]]},"properties":{"OBJECTID":155047,"GEOID20":"360610277001","GEOID10":"360610277001","STATEFP":"36","COUNTYFP":"061","D1C":61.931783879264607,"D1C5_RET":0,"D2B_E5MIXA":0.049646165694984687,"D3A":17.189405992252617,"D3AAO":0,"D3B":91.862956991229566,"D4A":256.14999999999998,"D4C":59,"D4D":1477.62117298,"D5AR":685552,"D5BR":2418697}},{"type":"Feature","id":155048,"geometry":{"type":"Polygon","coordinates":[[[-73.929170432364927,40.855565287170158],[-73.929645432741069,40.854916286989784],[-73.928255433569348,40.854329286266172],[-73.927320431089015,40.855606287248619],[-73.928717432628389,40.856190287102791],[-73.929170432364927,40.855565287170158]]]},"properties":{"OBJECTID":155048,"GEOID20":"360610277003","GEOID10":"360610277003","STATEFP":"36","COUNTYFP":"061","D1C":10.258650994482021,"D1C5_RET":5.595627815172012,"D2B_E5MIXA":0.72500292957614076,"D3A":28.356928099897662,"D3AAO":0,"D3B":79.622053391354285,"D4A":128.75,"D4C":59,"D4D":7043.0302100299996,"D5AR":626404,"D5BR":2420649}},{"type":"Feature","id":155049,"geometry":{"type":"Polygon","coordinates":[[[-73.932170433511359,40.853669286946804],[-73.932229433960899,40.853590286269551],[-73.930997433176287,40.853070286496511],[-73.929645432741069,40.854916286989784],[-73.930876432802478,40.855436287221814],[-73.932170433511359,40.853669286946804]]]},"properties":{"OBJECTID":155049,"GEOID20":"360610279003","GEOID10":"360610279003","STATEFP":"36","COUNTYFP":"061","D1C":46.01769942336194,"D1C5_RET":3.1936573732301663,"D2B_E5MIXA":0.33353950843557989,"D3A":32.693578376025641,"D3AAO":0,"D3B":185.81279262430056,"D4A":131.43000000000001,"D4C":59,"D4D":5481.4773824200001,"D5AR":664824,"D5BR":2433560}},{"type":"Feature","id":155050,"geometry":{"type":"Polygon","coordinates":[[[-73.933313433709188,40.855343286487013],[-73.933706434069592,40.854177286746243],[-73.932229433960899,40.853590286269551],[-73.931316433018523,40.854837286440606],[-73.932093433518475,40.855165285885441],[-73.93095543424181,40.856688286611252],[-73.930472433469731,40.857045287434104],[-73.929727432756835,40.857387287194484],[-73.93050343253357,40.857311287249374],[-73.932122432932474,40.856584286139082],[-73.932632433468726,40.856724286684397],[-73.933313433709188,40.855343286487013]]]},"properties":{"OBJECTID":155050,"GEOID20":"360610279004","GEOID10":"360610279004","STATEFP":"36","COUNTYFP":"061","D1C":5.5218693174160487,"D1C5_RET":0,"D2B_E5MIXA":0.77339779247357821,"D3A":27.844577738457669,"D3AAO":0,"D3B":214.23514316588228,"D4A":287,"D4C":94,"D4D":5033.2675475100004,"D5AR":674604,"D5BR":2433909}},{"type":"Feature","id":155051,"geometry":{"type":"Polygon","coordinates":[[[-73.933433434258106,40.857279287997315],[-73.93368243378012,40.856791286787271],[-73.932762433165053,40.856511287042864],[-73.931314433368684,40.859336287269336],[-73.932015433700656,40.859538288372931],[-73.932265433945915,40.859477287526119],[-73.933433434258106,40.857279287997315]]]},"properties":{"OBJECTID":155051,"GEOID20":"360610279005","GEOID10":"360610279005","STATEFP":"36","COUNTYFP":"061","D1C":20.935201250376402,"D1C5_RET":4.4451454709703322,"D2B_E5MIXA":0.60511271440850456,"D3A":20.757265794716396,"D3AAO":0,"D3B":183.63317426555082,"D4A":112.65000000000001,"D4C":93.670000000000002,"D4D":8596.1616359100008,"D5AR":650514,"D5BR":2246612}},{"type":"Feature","id":155052,"geometry":{"type":"Polygon","coordinates":[[[-73.936704434667874,40.85563128625656],[-73.936880434394965,40.855144285973779],[-73.936039434320932,40.854923286758662],[-73.935669434425066,40.855668286374495],[-73.934849433369109,40.856853287521879],[-73.935603435201145,40.857117286493377],[-73.936704434667874,40.85563128625656]]]},"properties":{"OBJECTID":155052,"GEOID20":"360610281001","GEOID10":"360610281001","STATEFP":"36","COUNTYFP":"061","D1C":18.669208438158318,"D1C5_RET":0,"D2B_E5MIXA":0.17971301160860204,"D3A":26.623720849411637,"D3AAO":0,"D3B":96.018213229891828,"D4A":417.08999999999997,"D4C":50.670000000000002,"D4D":7294.2171879400003,"D5AR":622948,"D5BR":1751189}},{"type":"Feature","id":155053,"geometry":{"type":"Polygon","coordinates":[[[-73.932632433468726,40.856724286684397],[-73.932122432932474,40.856584286139082],[-73.931476433750404,40.85685928695424],[-73.930905433114773,40.857986288019404],[-73.931819433882069,40.858279287721729],[-73.932632433468726,40.856724286684397]]]},"properties":{"OBJECTID":155053,"GEOID20":"360610283001","GEOID10":"360610283001","STATEFP":"36","COUNTYFP":"061","D1C":92.650591678051725,"D1C5_RET":4.9931456592962009,"D2B_E5MIXA":0.55516025949133097,"D3A":13.373868201314931,"D3AAO":0,"D3B":118.41522328002011,"D4A":80.469999999999999,"D4C":93.670000000000002,"D4D":16629.616138900001,"D5AR":637466,"D5BR":2246500}},{"type":"Feature","id":155054,"geometry":{"type":"Polygon","coordinates":[[[-73.931216434357722,40.859673287663917],[-73.931314433368684,40.859336287269336],[-73.930827433296969,40.85937228862106],[-73.92842143235238,40.860250287787792],[-73.929695432969794,40.862223287733435],[-73.930004432766282,40.86211128805833],[-73.931216434357722,40.859673287663917]]]},"properties":{"OBJECTID":155054,"GEOID20":"360610285003","GEOID10":"360610285003","STATEFP":"36","COUNTYFP":"061","D1C":69.618401467538817,"D1C5_RET":1.1745435830412991,"D2B_E5MIXA":0.1308634013377469,"D3A":17.875555830895383,"D3AAO":0,"D3B":0,"D4A":284.31999999999999,"D4C":88,"D4D":6013.6650073199999,"D5AR":662432,"D5BR":2193079}},{"type":"Feature","id":155056,"geometry":{"type":"Polygon","coordinates":[[[-73.937790435862624,40.859820288405736],[-73.936986435598499,40.859622287843294],[-73.935607435399106,40.858871287923904],[-73.935296435054482,40.859163287011683],[-73.934886435873977,40.859377287731505],[-73.93473643518783,40.859426288234019],[-73.934217434430749,40.859346288212969],[-73.933023433280965,40.859827287656486],[-73.931314433368684,40.859336287269336],[-73.930772433045391,40.860649288187183],[-73.930038433101458,40.861994288601835],[-73.929941433017078,40.862558288973688],[-73.930003432941376,40.863420288865342],[-73.929813432970562,40.863767288458774],[-73.929365433256919,40.86429228860451],[-73.928901431853092,40.864647289178492],[-73.92727043265694,40.865543288408752],[-73.932522435660502,40.869922290100142],[-73.932541435028739,40.869088289131483],[-73.932408434959356,40.8684962899002],[-73.932467435408924,40.867623289162474],[-73.937790435862624,40.859820288405736]]]},"properties":{"OBJECTID":155056,"GEOID20":"360610287001","GEOID10":"360610287001","STATEFP":"36","COUNTYFP":"061","D1C":3.6917464948135188,"D1C5_RET":0.50726287714994911,"D2B_E5MIXA":0.77765688513400966,"D3A":45.58958941875764,"D3AAO":10.205102086311763,"D3B":210.12674379299904,"D4A":343.32999999999998,"D4C":59,"D4D":329.01138196400001,"D5AR":669279,"D5BR":2777358}},{"type":"Feature","id":155090,"geometry":{"type":"Polygon","coordinates":[[[-73.928723433374486,40.866751289125972],[-73.928058433027545,40.866208288943071],[-73.925920432769871,40.867777290370661],[-73.923434432357652,40.868694289068586],[-73.923488430987703,40.868774290026238],[-73.923822430898539,40.869026289659772],[-73.926234432589226,40.868514289787321],[-73.928723433374486,40.866751289125972]]]},"properties":{"OBJECTID":155090,"GEOID20":"360610295001","GEOID10":"360610295001","STATEFP":"36","COUNTYFP":"061","D1C":11.358435475734707,"D1C5_RET":2.7839302636604675,"D2B_E5MIXA":0.88899285656298443,"D3A":44.357588458080293,"D3AAO":0,"D3B":356.48568243309137,"D4A":312.48000000000002,"D4C":62.329999999999998,"D4D":4442.1736477499999,"D5AR":686063,"D5BR":2291890}},{"type":"Feature","id":155092,"geometry":{"type":"Polygon","coordinates":[[[-73.925006432002576,40.866344289573171],[-73.924386431861464,40.86537328942746],[-73.922499430775645,40.866072289392328],[-73.923111431419159,40.867024289213688],[-73.925006432002576,40.866344289573171]]]},"properties":{"OBJECTID":155092,"GEOID20":"360610291002","GEOID10":"360610291002","STATEFP":"36","COUNTYFP":"061","D1C":53.961830369097576,"D1C5_RET":2.5053706957081014,"D2B_E5MIXA":0.2323167468389484,"D3A":26.480809908592054,"D3AAO":0,"D3B":123.34132655793732,"D4A":261.51999999999998,"D4C":85.670000000000002,"D4D":10566.6514462,"D5AR":645819,"D5BR":2291987}},{"type":"Feature","id":155093,"geometry":{"type":"Polygon","coordinates":[[[-73.919997430469905,40.865805290116249],[-73.919363430085099,40.864817288664675],[-73.919136429406052,40.864533288815011],[-73.918944429785441,40.864471288475372],[-73.917045429004062,40.867034290355114],[-73.919755429722258,40.868122290308555],[-73.918597430354112,40.86632328980884],[-73.919997430469905,40.865805290116249]]]},"properties":{"OBJECTID":155093,"GEOID20":"360610293001","GEOID10":"360610293001","STATEFP":"36","COUNTYFP":"061","D1C":14.138643342940831,"D1C5_RET":4.1641209845647653,"D2B_E5MIXA":0.85927655267213876,"D3A":29.805895715347869,"D3AAO":0,"D3B":247.97243623060285,"D4A":148.86000000000001,"D4C":82.329999999999998,"D4D":5102.6170144600001,"D5AR":694701,"D5BR":1800227}},{"type":"Feature","id":155094,"geometry":{"type":"Polygon","coordinates":[[[-73.921251430097513,40.864120288405687],[-73.92027743085238,40.862614288796664],[-73.918944429785441,40.864471288475372],[-73.919136429406052,40.864533288815011],[-73.919363430085099,40.864817288664675],[-73.921251430097513,40.864120288405687]]]},"properties":{"OBJECTID":155094,"GEOID20":"360610293002","GEOID10":"360610293002","STATEFP":"36","COUNTYFP":"061","D1C":13.159012242870846,"D1C5_RET":4.0208092964327582,"D2B_E5MIXA":0.78647989736237978,"D3A":37.68483321635938,"D3AAO":0,"D3B":389.97463837983463,"D4A":190.44,"D4C":82,"D4D":9591.4578125799999,"D5AR":698369,"D5BR":1729964}},{"type":"Feature","id":155095,"geometry":{"type":"Polygon","coordinates":[[[-73.921215431909118,40.867701289439836],[-73.919997430469905,40.865805290116249],[-73.918597430354112,40.86632328980884],[-73.919755429722258,40.868122290308555],[-73.921215431909118,40.867701289439836]]]},"properties":{"OBJECTID":155095,"GEOID20":"360610293004","GEOID10":"360610293004","STATEFP":"36","COUNTYFP":"061","D1C":27.584506318264978,"D1C5_RET":5.5439448972983536,"D2B_E5MIXA":0.77753367176487009,"D3A":26.775924366497517,"D3AAO":0,"D3B":259.61888299543506,"D4A":198.49000000000001,"D4C":82,"D4D":7096.2494685399997,"D5AR":665146,"D5BR":1799959}},{"type":"Feature","id":155096,"geometry":{"type":"Polygon","coordinates":[[[-73.928058433027545,40.866208288943071],[-73.92727043265694,40.865543288408752],[-73.925006432002576,40.866344289573171],[-73.925920432769871,40.867777290370661],[-73.928058433027545,40.866208288943071]]]},"properties":{"OBJECTID":155096,"GEOID20":"360610295002","GEOID10":"360610295002","STATEFP":"36","COUNTYFP":"061","D1C":18.172535104992217,"D1C5_RET":1.9752755548904584,"D2B_E5MIXA":0.63811288995027882,"D3A":13.092563786007812,"D3AAO":0,"D3B":56.213708591442597,"D4A":248.11000000000001,"D4C":50.329999999999998,"D4D":4241.7330635799999,"D5AR":657982,"D5BR":2777637}},{"type":"Feature","id":155097,"geometry":{"type":"Polygon","coordinates":[[[-73.925920432769871,40.867777290370661],[-73.925006432002576,40.866344289573171],[-73.923111431419159,40.867024289213688],[-73.924039432430135,40.86848128987733],[-73.925920432769871,40.867777290370661]]]},"properties":{"OBJECTID":155097,"GEOID20":"360610295003","GEOID10":"360610295003","STATEFP":"36","COUNTYFP":"061","D1C":9.7649867073476031,"D1C5_RET":1.027893337615537,"D2B_E5MIXA":0.85710408173220454,"D3A":23.528983718490402,"D3AAO":0,"D3B":137.07985550440802,"D4A":197.13999999999999,"D4C":56.670000000000002,"D4D":4660.0572354100004,"D5AR":640850,"D5BR":2366810}},{"type":"Feature","id":155098,"geometry":{"type":"Polygon","coordinates":[[[-73.924039432430135,40.86848128987733],[-73.923111431419159,40.867024289213688],[-73.921215431909118,40.867701289439836],[-73.922344430964941,40.869467290446991],[-73.923822430898539,40.869026289659772],[-73.923434432357652,40.868694289068586],[-73.924039432430135,40.86848128987733]]]},"properties":{"OBJECTID":155098,"GEOID20":"360610295004","GEOID10":"360610295004","STATEFP":"36","COUNTYFP":"061","D1C":13.785693732213993,"D1C5_RET":3.9387696377754264,"D2B_E5MIXA":0.58317338235758853,"D3A":31.491350505879442,"D3AAO":0,"D3B":256.73604480733604,"D4A":340.63999999999999,"D4C":56.329999999999998,"D4D":3943.8073095200002,"D5AR":635982,"D5BR":2292101}},{"type":"Feature","id":155099,"geometry":{"type":"Polygon","coordinates":[[[-73.932522435660502,40.869922290100142],[-73.928723433374486,40.866751289125972],[-73.926234432589226,40.868514289787321],[-73.923822430898539,40.869026289659772],[-73.922344430964941,40.869467290446991],[-73.922146431496543,40.869158290831905],[-73.921331430463454,40.869579289909687],[-73.91925642995497,40.871016289661441],[-73.919700430368977,40.872072289821716],[-73.918460430985064,40.8730302910148],[-73.914010428595816,40.871168291298552],[-73.912374428478486,40.872435290656959],[-73.911436427421748,40.873305290794718],[-73.912943429464292,40.873917291387471],[-73.914866428738492,40.874417291157748],[-73.916857429581384,40.874702290593817],[-73.91771142917591,40.874612290689932],[-73.91882543085805,40.874702290593817],[-73.921012431519529,40.87555729172918],[-73.921374431019458,40.875092290801113],[-73.920960430742682,40.874553291230001],[-73.920339430776664,40.874005291131802],[-73.919894430537738,40.873798291300169],[-73.920277431750691,40.873115290920559],[-73.920856431883919,40.873042291024127],[-73.921674431493443,40.873291290386433],[-73.922430431178668,40.87399429049087],[-73.922668432626679,40.874916290009715],[-73.922316431375862,40.876241290528448],[-73.922384432046229,40.876616290961039],[-73.923121431464892,40.877322291905017],[-73.925047432010459,40.877441291770886],[-73.925655432455997,40.877177291625152],[-73.926128434080653,40.877138292324801],[-73.926473432963817,40.877321291402922],[-73.9264074328416,40.877653290847888],[-73.927456433328089,40.876802290974332],[-73.927959434191649,40.876614291294025],[-73.92859443260474,40.876189290721001],[-73.929352433736426,40.875366290993895],[-73.932522435660502,40.869922290100142]]]},"properties":{"OBJECTID":155099,"GEOID20":"360610297001","GEOID10":"360610297001","STATEFP":"36","COUNTYFP":"061","D1C":0.32460589800801531,"D1C5_RET":0.10143934312750479,"D2B_E5MIXA":0.38590266189014977,"D3A":27.523197088323791,"D3AAO":4.6218997935812904,"D3B":167.62167950160011,"D4A":665.20000000000005,"D4C":121.33,"D4D":331.44619253500002,"D5AR":489291,"D5BR":1724889}},{"type":"Feature","id":155100,"geometry":{"type":"Polygon","coordinates":[[[-73.918562430194015,40.868490289483873],[-73.919755429722258,40.868122290308555],[-73.917045429004062,40.867034290355114],[-73.915184428755822,40.869559290431965],[-73.915881429788115,40.869855290372861],[-73.917169429750928,40.86910428964314],[-73.918562430194015,40.868490289483873]]]},"properties":{"OBJECTID":155100,"GEOID20":"360610303001","GEOID10":"360610303001","STATEFP":"36","COUNTYFP":"061","D1C":37.896699060947107,"D1C5_RET":1.6217055904459348,"D2B_E5MIXA":0.74004150259083978,"D3A":36.258708104521126,"D3AAO":0,"D3B":180.63905772221901,"D4A":105.95,"D4C":82.329999999999998,"D4D":4459.3743994799997,"D5AR":642785,"D5BR":1846510}},{"type":"Feature","id":155101,"geometry":{"type":"Polygon","coordinates":[[[-73.919459430344546,40.872257290475481],[-73.919700430368977,40.872072289821716],[-73.91925642995497,40.871016289661441],[-73.91791443046381,40.869675290171742],[-73.917169429750928,40.86910428964314],[-73.916276428900019,40.86959128986517],[-73.919459430344546,40.872257290475481]]]},"properties":{"OBJECTID":155101,"GEOID20":"360610303003","GEOID10":"360610303003","STATEFP":"36","COUNTYFP":"061","D1C":18.871544051018674,"D1C5_RET":3.1192634795072189,"D2B_E5MIXA":0.6732703257291982,"D3A":27.091536929171337,"D3AAO":0,"D3B":281.14893591341661,"D4A":244.08000000000001,"D4C":82,"D4D":6914.8808472999999,"D5AR":612777,"D5BR":1846653}},{"type":"Feature","id":155102,"geometry":{"type":"Polygon","coordinates":[[[-73.910394427506247,40.874088291400973],[-73.910486428466072,40.874023290879819],[-73.908606427052959,40.871686291155235],[-73.907906427444203,40.872686291408634],[-73.907105425756498,40.87298629118856],[-73.907001425999411,40.873463291218691],[-73.907106426479743,40.876285291587614],[-73.908006427003329,40.877486292532048],[-73.908555427897639,40.877720292872368],[-73.909047426195585,40.877229292014995],[-73.90852842723514,40.876771291461225],[-73.908407427759641,40.875715290854096],[-73.908329427043512,40.875653292153835],[-73.910394427506247,40.874088291400973]]]},"properties":{"OBJECTID":155102,"GEOID20":"360610309001","GEOID10":"360610309001","STATEFP":"36","COUNTYFP":"061","D1C":8.6282693197398057,"D1C5_RET":5.92937939034252,"D2B_E5MIXA":0.59592972730833016,"D3A":12.790287370205164,"D3AAO":0,"D3B":34.912185850336755,"D4A":60.350000000000001,"D4C":91,"D4D":2381.5659013300001,"D5AR":642427,"D5BR":2599121}},{"type":"Feature","id":155103,"geometry":{"type":"Polygon","coordinates":[[[-73.940369434364626,40.831476281830284],[-73.940347433725009,40.830466282156308],[-73.940168434523173,40.830391281772151],[-73.939912435328452,40.830940281643166],[-73.939381433977488,40.831551282346531],[-73.938913434172335,40.832487282251847],[-73.938386433917657,40.833122282505613],[-73.935064432555947,40.8356862824769],[-73.934403433305263,40.836062283272234],[-73.930952432072118,40.842375284696388],[-73.930199432759935,40.844320284069532],[-73.929432432305745,40.84561728556578],[-73.92373043083704,40.853803287149063],[-73.923017430809494,40.854710287441634],[-73.922161430666833,40.85561528724589],[-73.922868430846577,40.85588028722097],[-73.922775430960172,40.856402287637692],[-73.922889430762979,40.858865287314849],[-73.924743431338527,40.861602287894534],[-73.924878431956046,40.8615492887578],[-73.925023430822691,40.86070328743849],[-73.925288432034876,40.860134287164527],[-73.925739432121588,40.8596462872842],[-73.926767432691705,40.85892328774397],[-73.927267431385573,40.857937287810543],[-73.926752432623076,40.857709288247676],[-73.92648443193616,40.8580292875073],[-73.926239432612093,40.858145287740442],[-73.925843431878675,40.858202287329554],[-73.92542843087864,40.858139287745068],[-73.92508343109715,40.857965287643168],[-73.924933431309313,40.857769287207446],[-73.924671430470198,40.856999287597823],[-73.924693432008127,40.856650286928044],[-73.927696430832668,40.852496286257406],[-73.927140432062274,40.852158285840602],[-73.927081431612734,40.851440285823188],[-73.927478432171085,40.850702286442882],[-73.927970432265681,40.850158286275601],[-73.928693432338946,40.849557286215401],[-73.929778431912155,40.84815828545976],[-73.930622431460947,40.84848928612751],[-73.935568434142738,40.841721284677291],[-73.935629434242102,40.841287284531674],[-73.935032433667217,40.839986284420796],[-73.935080433347778,40.839275283744051],[-73.935341433463705,40.83887328389492],[-73.935934433840615,40.838403283637582],[-73.936384434102422,40.837858283352809],[-73.938038434661422,40.834294282430825],[-73.939479433886774,40.833021282543399],[-73.940256435285036,40.831835282209596],[-73.940369434364626,40.831476281830284]]]},"properties":{"OBJECTID":155103,"GEOID20":"360610311001","GEOID10":"360610311001","STATEFP":"36","COUNTYFP":"061","D1C":0.20544575050873504,"D1C5_RET":0,"D2B_E5MIXA":0,"D3A":41.47425898873302,"D3AAO":15.626223806026196,"D3B":63.817735116630594,"D4A":382.22000000000003,"D4C":229.66999999999999,"D4D":814.00750995400006,"D5AR":676430,"D5BR":2359872}},{"type":"Feature","id":155104,"geometry":{"type":"Polygon","coordinates":[[[-73.911458428959676,40.875683290984426],[-73.912267428348372,40.875052290415354],[-73.911089427990419,40.87467029159297],[-73.910204427535447,40.874222291051211],[-73.908329427043512,40.875653292153835],[-73.908430427325868,40.876022291428839],[-73.909418427712993,40.87596129150095],[-73.909448426951897,40.876280291036501],[-73.909753427448749,40.876137292231157],[-73.910451427407651,40.875985291813365],[-73.911041427411533,40.875630292248729],[-73.911458428959676,40.875683290984426]]]},"properties":{"OBJECTID":155104,"GEOID20":"360610309002","GEOID10":"360610309002","STATEFP":"36","COUNTYFP":"061","D1C":10.829021068825451,"D1C5_RET":4.288721215376416,"D2B_E5MIXA":0.6153495725207152,"D3A":30.528665927916954,"D3AAO":0,"D3B":45.769232810497115,"D4A":351.37,"D4C":73.670000000000002,"D4D":5055.2014709900004,"D5AR":571870,"D5BR":2322915}},{"type":"Feature","id":155105,"geometry":{"type":"Polygon","coordinates":[[[-73.912787428032047,40.875642291107539],[-73.912686428648016,40.875333291102635],[-73.912267428348372,40.875052290415354],[-73.911458428959676,40.875683290984426],[-73.911041427411533,40.875630292248729],[-73.910451427407651,40.875985291813365],[-73.909753427448749,40.876137292231157],[-73.909448426951897,40.876280291036501],[-73.909418427712993,40.87596129150095],[-73.908430427325868,40.876022291428839],[-73.90852842723514,40.876771291461225],[-73.909385428101018,40.877503292192749],[-73.909986427975568,40.877836291898433],[-73.912787428032047,40.875642291107539]]]},"properties":{"OBJECTID":155105,"GEOID20":"360610309003","GEOID10":"360610309003","STATEFP":"36","COUNTYFP":"061","D1C":2.8987794341339046,"D1C5_RET":0.082822269546682994,"D2B_E5MIXA":0.46184895885040772,"D3A":20.87185806708829,"D3AAO":0,"D3B":70.71034084817606,"D4A":336.62,"D4C":91,"D4D":4823.5689783999997,"D5AR":581383,"D5BR":2323001}},{"type":"Feature","id":155106,"geometry":{"type":"Polygon","coordinates":[[[-73.915169430483829,40.875703291329316],[-73.915201429372573,40.875589291659821],[-73.910486428466072,40.874023290879819],[-73.910204427535447,40.874222291051211],[-73.910271427482598,40.874280290937435],[-73.911089427990419,40.87467029159297],[-73.912389428547115,40.875098291298407],[-73.912686428648016,40.875333291102635],[-73.912787428032047,40.875642291107539],[-73.909986427975568,40.877836291898433],[-73.909047426195585,40.877229292014995],[-73.908555427897639,40.877720292872368],[-73.90919042720904,40.878176291994954],[-73.909506427576545,40.878886292478526],[-73.911406428182829,40.879286292458382],[-73.912206428249007,40.878186292810398],[-73.914906428921455,40.876586291874055],[-73.915169430483829,40.875703291329316]]]},"properties":{"OBJECTID":155106,"GEOID20":"360610309004","GEOID10":"360610309004","STATEFP":"36","COUNTYFP":"061","D1C":24.347561166271252,"D1C5_RET":0.13814219101430497,"D2B_E5MIXA":0.098473394902806488,"D3A":17.232067889460104,"D3AAO":0,"D3B":29.485069250093254,"D4A":465.37,"D4C":91.329999999999998,"D4D":2018.64420885,"D5AR":566133,"D5BR":2269013}},{"type":"Feature","id":155296,"geometry":{"type":"Polygon","coordinates":[[[-73.999556446926832,40.733619260669407],[-74.000067447287989,40.732937261299305],[-73.996975446978382,40.731417261050339],[-73.99635244736254,40.732263260131944],[-73.999556446926832,40.733619260669407]]]},"properties":{"OBJECTID":155296,"GEOID20":"360610063005","GEOID10":"360610063005","STATEFP":"36","COUNTYFP":"061","D1C":77.184171348860389,"D1C5_RET":10.050022311049529,"D2B_E5MIXA":0.76252528087154714,"D3A":32.659402832085256,"D3AAO":4.6672404425601304,"D3B":114.40413843463553,"D4A":236.03999999999999,"D4C":291,"D4D":24956.225100799998,"D5AR":679111,"D5BR":3727473}},{"type":"Feature","id":155305,"geometry":{"type":"Polygon","coordinates":[[[-74.007204449930924,40.728058259387126],[-74.007321450106787,40.727336259876942],[-74.003351449014872,40.72696225860291],[-74.003123447612623,40.726886258989886],[-74.002150448192396,40.728044259623815],[-74.002809448691565,40.728373259749524],[-74.007091449953023,40.728780259913769],[-74.007204449930924,40.728058259387126]]]},"properties":{"OBJECTID":155305,"GEOID20":"360610037002","GEOID10":"360610037002","STATEFP":"36","COUNTYFP":"061","D1C":336.24805180476085,"D1C5_RET":12.795505189844175,"D2B_E5MIXA":0.63418233180739081,"D3A":31.013922307964286,"D3AAO":8.3411133115035216,"D3B":0,"D4A":142.16,"D4C":104,"D4D":4237.1583355000002,"D5AR":649733,"D5BR":4952908}},{"type":"Feature","id":155306,"geometry":{"type":"Polygon","coordinates":[[[-73.985445443644238,40.731666260651522],[-73.985910443076349,40.731027260458482],[-73.983544441416413,40.730029260508729],[-73.982565442148399,40.731369259896539],[-73.984942442780692,40.732355260566436],[-73.985445443644238,40.731666260651522]]]},"properties":{"OBJECTID":155306,"GEOID20":"360610040006","GEOID10":"360610040006","STATEFP":"36","COUNTYFP":"061","D1C":170.16785016195354,"D1C5_RET":1.2535384910641143,"D2B_E5MIXA":0.46594571643241839,"D3A":29.950324201466771,"D3AAO":5.8640376685000408,"D3B":0,"D4A":138.13999999999999,"D4C":114.67,"D4D":7666.3071344199998,"D5AR":740590,"D5BR":3606149}},{"type":"Feature","id":155307,"geometry":{"type":"Polygon","coordinates":[[[-73.984774442551213,40.734020260406986],[-73.985243442181257,40.73338026108695],[-73.983647442246891,40.732707261646141],[-73.982754443192619,40.733931261424217],[-73.984348442578863,40.734606260603066],[-73.984774442551213,40.734020260406986]]]},"properties":{"OBJECTID":155307,"GEOID20":"360610048007","GEOID10":"360610048007","STATEFP":"36","COUNTYFP":"061","D1C":425.24238816125188,"D1C5_RET":425.24238816125188,"D2B_E5MIXA":0,"D3A":152.72082524001178,"D3AAO":0,"D3B":5289.5184135977333,"D4A":89.859999999999999,"D4C":112.67,"D4D":12159.179819200001,"D5AR":826061,"D5BR":3532211}},{"type":"Feature","id":155308,"geometry":{"type":"Polygon","coordinates":[[[-73.990437443661861,40.719326258086845],[-73.98736144324576,40.71837825834286],[-73.986753442800207,40.719601258720388],[-73.989858443528632,40.720541257593055],[-73.990437443661861,40.719326258086845]]]},"properties":{"OBJECTID":155308,"GEOID20":"360610018003","GEOID10":"360610018003","STATEFP":"36","COUNTYFP":"061","D1C":94.230692516682993,"D1C5_RET":18.408319023850428,"D2B_E5MIXA":0.6079363419430962,"D3A":50.367067559581947,"D3AAO":11.051865534810752,"D3B":0,"D4A":164.96000000000001,"D4C":134.33000000000001,"D4D":8554.5150079100003,"D5AR":779769,"D5BR":2801456}},{"type":"Feature","id":155309,"geometry":{"type":"Polygon","coordinates":[[[-73.99219644470115,40.719687258695203],[-73.992622445571826,40.718859258708676],[-73.990975442888882,40.718356257848114],[-73.990437443661861,40.719326258086845],[-73.992119444708266,40.719840257409942],[-73.99219644470115,40.719687258695203]]]},"properties":{"OBJECTID":155309,"GEOID20":"360610018007","GEOID10":"360610018007","STATEFP":"36","COUNTYFP":"061","D1C":67.816492237760954,"D1C5_RET":8.7061713007936365,"D2B_E5MIXA":0.73627984588588336,"D3A":24.290156553296903,"D3AAO":0,"D3B":0,"D4A":158.25,"D4C":131.33000000000001,"D4D":19244.726808300002,"D5AR":728649,"D5BR":3046530}},{"type":"Feature","id":155310,"geometry":{"type":"Polygon","coordinates":[[[-74.003528449465207,40.736186261552128],[-74.002790449323314,40.733625261038057],[-74.001206449084492,40.733851260462536],[-74.001949449249267,40.736422261547141],[-74.003528449465207,40.736186261552128]]]},"properties":{"OBJECTID":155310,"GEOID20":"360610073006","GEOID10":"360610073006","STATEFP":"36","COUNTYFP":"061","D1C":85.314187778104539,"D1C5_RET":10.241799253073774,"D2B_E5MIXA":0.61925400786384066,"D3A":37.502780748406991,"D3AAO":9.5598446288968066,"D3B":131.09503043934433,"D4A":0,"D4C":315.32999999999998,"D4D":20669.097974200002,"D5AR":721578,"D5BR":3669710}},{"type":"Feature","id":155311,"geometry":{"type":"Polygon","coordinates":[[[-73.982268442945809,40.736028261375999],[-73.982696442567971,40.735439261690715],[-73.980276442277997,40.734418262003892],[-73.978910441599083,40.7361722614569],[-73.981393442536586,40.737230262977405],[-73.982268442945809,40.736028261375999]]]},"properties":{"OBJECTID":155311,"GEOID20":"360610064004","GEOID10":"360610064004","STATEFP":"36","COUNTYFP":"061","D1C":42.62081795178009,"D1C5_RET":6.0241438801102598,"D2B_E5MIXA":0.63912645320020955,"D3A":30.07487300808932,"D3AAO":0,"D3B":80.337982785150416,"D4A":236.03999999999999,"D4C":133.66999999999999,"D4D":6441.9784996300004,"D5AR":894897,"D5BR":4863128}},{"type":"Feature","id":155312,"geometry":{"type":"Polygon","coordinates":[[[-74.002790449323314,40.733625261038057],[-74.001168449449679,40.731782259969883],[-74.000955448116031,40.731714260910429],[-73.999556446926832,40.733619260669407],[-73.999654447734443,40.734078261102603],[-74.002790449323314,40.733625261038057]]]},"properties":{"OBJECTID":155312,"GEOID20":"360610071005","GEOID10":"360610071005","STATEFP":"36","COUNTYFP":"061","D1C":89.730142041253714,"D1C5_RET":5.4981704682140755,"D2B_E5MIXA":0.67639739967122203,"D3A":48.18809112321388,"D3AAO":3.8907174868235681,"D3B":185.08741850083982,"D4A":134.11000000000001,"D4C":236.33000000000001,"D4D":16394.943633499999,"D5AR":692983,"D5BR":3724575}},{"type":"Feature","id":155313,"geometry":{"type":"Polygon","coordinates":[[[-74.00512744977263,40.735969260425655],[-74.004749449480855,40.734668260516983],[-74.003155449196313,40.734904260451408],[-74.003528449465207,40.736186261552128],[-74.00512744977263,40.735969260425655]]]},"properties":{"OBJECTID":155313,"GEOID20":"360610073005","GEOID10":"360610073005","STATEFP":"36","COUNTYFP":"061","D1C":31.184509386688219,"D1C5_RET":7.8464249424570358,"D2B_E5MIXA":0.7918413722756007,"D3A":39.771859669249572,"D3AAO":0,"D3B":257.52369041910271,"D4A":222.63,"D4C":265.67000000000002,"D4D":34208.159416800001,"D5AR":683946,"D5BR":2819610}},{"type":"Feature","id":155314,"geometry":{"type":"Polygon","coordinates":[[[-74.007400449749497,40.733378260502974],[-74.007524450496362,40.732860260382225],[-74.006408450062722,40.733062260732943],[-74.005830450652724,40.73654226103897],[-74.006622450322965,40.736440261212444],[-74.007400449749497,40.733378260502974]]]},"properties":{"OBJECTID":155314,"GEOID20":"360610075003","GEOID10":"360610075003","STATEFP":"36","COUNTYFP":"061","D1C":87.346042945972187,"D1C5_RET":2.1303912913651755,"D2B_E5MIXA":0.46238554948343302,"D3A":46.419691972552911,"D3AAO":0,"D3B":85.215651654607015,"D4A":173,"D4C":73.670000000000002,"D4D":6277.8370573900002,"D5AR":711380,"D5BR":2834842}},{"type":"Feature","id":155315,"geometry":{"type":"Polygon","coordinates":[[[-74.006499450299316,40.736965260652369],[-74.006622450322965,40.736440261212444],[-74.005830450652724,40.73654226103897],[-74.005859450066723,40.736934261092237],[-74.005159449559656,40.74086626197294],[-74.005367449073816,40.740953262212074],[-74.006450450793821,40.73941326207062],[-74.006499450299316,40.736965260652369]]]},"properties":{"OBJECTID":155315,"GEOID20":"360610079004","GEOID10":"360610079004","STATEFP":"36","COUNTYFP":"061","D1C":138.03130209478971,"D1C5_RET":2.2203426610421935,"D2B_E5MIXA":0.84310718913266924,"D3A":36.812801915674903,"D3AAO":0,"D3B":78.945516837055763,"D4A":112.65000000000001,"D4C":151.33000000000001,"D4D":11946.825063,"D5AR":731917,"D5BR":2762902}},{"type":"Feature","id":155316,"geometry":{"type":"Polygon","coordinates":[[[-73.962101437293867,40.755463266590887],[-73.961566435744928,40.755216265488031],[-73.960850437140991,40.755740266815991],[-73.958812437340754,40.758264266418003],[-73.958935436466092,40.758343267019946],[-73.959723435938372,40.758671267429754],[-73.962101437293867,40.755463266590887]]]},"properties":{"OBJECTID":155316,"GEOID20":"360610106016","GEOID10":"360610106016","STATEFP":"36","COUNTYFP":"061","D1C":34.059901056639923,"D1C5_RET":0.26099541039570823,"D2B_E5MIXA":0.51275481767932196,"D3A":69.595410566760222,"D3AAO":41.515018508583317,"D3B":0,"D4A":227.99000000000001,"D4C":37.329999999999998,"D4D":2997.9337632000002,"D5AR":981415,"D5BR":3126037}},{"type":"Feature","id":155317,"geometry":{"type":"MultiPolygon","coordinates":[[[[-73.939509430430746,40.779232271597166],[-73.939633431177626,40.778962271628274],[-73.939218431075929,40.778573272257979],[-73.938628431072047,40.779410272674461],[-73.938834430936367,40.780067271332832],[-73.937603429976662,40.780600271941061],[-73.937329430340284,40.780993272028937],[-73.937516430836354,40.781141272343774],[-73.938102431540585,40.781245272808974],[-73.93883043073842,40.780771271958706],[-73.938804430799138,40.780610271838853],[-73.939337430901617,40.780091272365972],[-73.939309431312523,40.779859272672795],[-73.93953843074307,40.779702271444414],[-73.939509430430746,40.779232271597166]]],[[[-73.945712433113215,40.777868271502179],[-73.943380432686766,40.776876271589998],[-73.942914432531438,40.77750127183819],[-73.942236432664018,40.777575271505434],[-73.942832432515672,40.778610271844954],[-73.942390431751491,40.779091272082894],[-73.942839433086689,40.779640271342338],[-73.943247432617369,40.779389271895752],[-73.943611432665449,40.780307271750601],[-73.943836432796346,40.781363271857593],[-73.943605432817677,40.782658272372096],[-73.943761433351597,40.782837272318993],[-73.944055433079455,40.782972272727442],[-73.944398434109459,40.782390271834707],[-73.944490432374337,40.781777271542673],[-73.944196432646464,40.780136272579142],[-73.944359432853076,40.779769271840699],[-73.945712433113215,40.777868271502179]]]]},"properties":{"OBJECTID":155317,"GEOID20":"360610152006","GEOID10":"360610152006","STATEFP":"36","COUNTYFP":"061","D1C":34.394903777180936,"D1C5_RET":0.05349129669857066,"D2B_E5MIXA":0.32833802629339032,"D3A":56.266240541698906,"D3AAO":26.484092490258309,"D3B":89.792950021261532,"D4A":179.71000000000001,"D4C":79.329999999999998,"D4D":2136.5551065300001,"D5AR":704858,"D5BR":2553495}},{"type":"Feature","id":155318,"geometry":{"type":"Polygon","coordinates":[[[-73.944224433133869,40.783941272306585],[-73.944724432726048,40.783255272547024],[-73.943761433351597,40.782837272318993],[-73.943605432817677,40.782658272372096],[-73.943234433096919,40.783247272131241],[-73.942662433534679,40.783768272539561],[-73.939720432114569,40.785323272882941],[-73.938103431365491,40.787212272843945],[-73.936678432033659,40.789982273736776],[-73.935627431897331,40.791271274932299],[-73.935050430515602,40.791698274278147],[-73.935338430395703,40.791845274108773],[-73.936014431511623,40.791269274729842],[-73.936647431173213,40.79051427389809],[-73.937386431140013,40.789469274135335],[-73.938237432158104,40.78760727356989],[-73.939536431093231,40.786042273213845],[-73.941938432738183,40.787073272914633],[-73.944224433133869,40.783941272306585]]]},"properties":{"OBJECTID":155318,"GEOID20":"360610162005","GEOID10":"360610162005","STATEFP":"36","COUNTYFP":"061","D1C":11.974622670030401,"D1C5_RET":0.14783484777815312,"D2B_E5MIXA":0.36482748909430301,"D3A":81.512305895716153,"D3AAO":46.142055305035363,"D3B":31.513598125342511,"D4A":265.54000000000002,"D4C":77.329999999999998,"D4D":1826.79650902,"D5AR":850537,"D5BR":2611737}},{"type":"Feature","id":155319,"geometry":{"type":"Polygon","coordinates":[[[-73.979007444378425,40.785165271793488],[-73.9794774447317,40.784534271701439],[-73.977828443297241,40.783839271727871],[-73.976903443557603,40.785106271591623],[-73.978535443476986,40.785795271488048],[-73.979007444378425,40.785165271793488]]]},"properties":{"OBJECTID":155319,"GEOID20":"360610167004","GEOID10":"360610167004","STATEFP":"36","COUNTYFP":"061","D1C":100.77685465120892,"D1C5_RET":29.360186000745909,"D2B_E5MIXA":0.88327828287970012,"D3A":30.736927753207709,"D3AAO":0,"D3B":101.57037319176962,"D4A":108.63,"D4C":86,"D4D":8735.0520944899999,"D5AR":711519,"D5BR":2366793}},{"type":"Feature","id":155320,"geometry":{"type":"Polygon","coordinates":[[[-73.979988444194547,40.783852271436864],[-73.980474444441356,40.783169270407626],[-73.978824444080317,40.782473271220809],[-73.977828443297241,40.783839271727871],[-73.9794774447317,40.784534271701439],[-73.979988444194547,40.783852271436864]]]},"properties":{"OBJECTID":155320,"GEOID20":"360610167005","GEOID10":"360610167005","STATEFP":"36","COUNTYFP":"061","D1C":91.341603699296954,"D1C5_RET":21.775838321912392,"D2B_E5MIXA":0.77361562931381844,"D3A":34.226375161877229,"D3AAO":7.3759060926403324,"D3B":93.533802188080074,"D4A":0,"D4C":72.670000000000002,"D4D":6797.1014050100002,"D5AR":766864,"D5BR":2505733}},{"type":"Feature","id":155321,"geometry":{"type":"Polygon","coordinates":[[[-73.946484434488596,40.794871275162407],[-73.946947434270854,40.794242274239792],[-73.945325434397219,40.793560274382408],[-73.944407433431977,40.794816274254515],[-73.946043434447631,40.795475274963309],[-73.946484434488596,40.794871275162407]]]},"properties":{"OBJECTID":155321,"GEOID20":"360610172002","GEOID10":"360610172002","STATEFP":"36","COUNTYFP":"061","D1C":3.4389121391191275,"D1C5_RET":0,"D2B_E5MIXA":0,"D3A":23.127436438808463,"D3AAO":0,"D3B":104.80494138267817,"D4A":146.18000000000001,"D4C":129,"D4D":13519.8374384,"D5AR":585328,"D5BR":2482308}},{"type":"Feature","id":155322,"geometry":{"type":"Polygon","coordinates":[[[-73.947897435023165,40.79293627332175],[-73.948387434569625,40.792264274514345],[-73.946773435091913,40.791577273918882],[-73.945325434397219,40.793560274382408],[-73.946947434270854,40.794242274239792],[-73.947897435023165,40.79293627332175]]]},"properties":{"OBJECTID":155322,"GEOID20":"360610172003","GEOID10":"360610172003","STATEFP":"36","COUNTYFP":"061","D1C":42.361812674951196,"D1C5_RET":0.30921031149599409,"D2B_E5MIXA":0.16186963107747451,"D3A":42.89087032090314,"D3AAO":0,"D3B":131.92973290495749,"D4A":115.34,"D4C":129,"D4D":8509.4677723700006,"D5AR":586310,"D5BR":3369812}},{"type":"Feature","id":155323,"geometry":{"type":"Polygon","coordinates":[[[-73.968558441317839,40.799117274352731],[-73.96900244173186,40.798484274927453],[-73.967576440778473,40.797878274617929],[-73.966663440734422,40.799141274621505],[-73.968208442411793,40.799794275401851],[-73.968558441317839,40.799117274352731]]]},"properties":{"OBJECTID":155323,"GEOID20":"360610191006","GEOID10":"360610191006","STATEFP":"36","COUNTYFP":"061","D1C":61.349957377924355,"D1C5_RET":12.018851299184011,"D2B_E5MIXA":0.96332903074240406,"D3A":44.499907263622873,"D3AAO":11.466661492293206,"D3B":0,"D4A":119.36,"D4C":75.329999999999998,"D4D":8648.4066232099995,"D5AR":588804,"D5BR":2517182}},{"type":"Feature","id":155324,"geometry":{"type":"Polygon","coordinates":[[[-73.977362443141914,40.789566271893911],[-73.977858443434485,40.788889272640432],[-73.97650444245113,40.788322272395035],[-73.975485443898478,40.789594272721011],[-73.976905444105753,40.790194273130631],[-73.977362443141914,40.789566271893911]]]},"properties":{"OBJECTID":155324,"GEOID20":"360610175005","GEOID10":"360610175005","STATEFP":"36","COUNTYFP":"061","D1C":57.756590624472231,"D1C5_RET":11.406474010475707,"D2B_E5MIXA":0.71992352113077096,"D3A":39.194269955331237,"D3AAO":0,"D3B":115.87529153499129,"D4A":163.62,"D4C":73.670000000000002,"D4D":8536.5327273799994,"D5AR":670303,"D5BR":2506293}},{"type":"Feature","id":155325,"geometry":{"type":"Polygon","coordinates":[[[-73.974111442823656,40.79147727234264],[-73.974566443108316,40.790850272806061],[-73.973148442550865,40.790252272436248],[-73.972234441783556,40.791506273481779],[-73.973654443787481,40.792104272759452],[-73.974111442823656,40.79147727234264]]]},"properties":{"OBJECTID":155325,"GEOID20":"360610179007","GEOID10":"360610179007","STATEFP":"36","COUNTYFP":"061","D1C":115.27165259195459,"D1C5_RET":8.9098861906824798,"D2B_E5MIXA":0.73373734976390981,"D3A":39.088894592957715,"D3AAO":10.908326370927876,"D3B":0,"D4A":0,"D4C":131,"D4D":15562.601213100001,"D5AR":660033,"D5BR":2218756}},{"type":"Feature","id":155326,"geometry":{"type":"Polygon","coordinates":[[[-73.973702442569731,40.794587274126805],[-73.974163443600503,40.793960274035406],[-73.972740442121861,40.793361272701858],[-73.971789441544658,40.794659273699743],[-73.973211442300055,40.79526027360582],[-73.973702442569731,40.794587274126805]]]},"properties":{"OBJECTID":155326,"GEOID20":"360610183005","GEOID10":"360610183005","STATEFP":"36","COUNTYFP":"061","D1C":49.865191510127644,"D1C5_RET":0.71491313993014549,"D2B_E5MIXA":0.55902852461826713,"D3A":40.205116401679909,"D3AAO":0,"D3B":0,"D4A":112.65000000000001,"D4C":117.67,"D4D":13459.812668099999,"D5AR":719931,"D5BR":2497414}},{"type":"Feature","id":155333,"geometry":{"type":"Polygon","coordinates":[[[-73.969458441841439,40.797846273195475],[-73.969921442522036,40.797227274053739],[-73.968477442025304,40.796651274442638],[-73.967576440778473,40.797878274617929],[-73.96900244173186,40.798484274927453],[-73.969458441841439,40.797846273195475]]]},"properties":{"OBJECTID":155333,"GEOID20":"360610187005","GEOID10":"360610187005","STATEFP":"36","COUNTYFP":"061","D1C":57.233675389334422,"D1C5_RET":3.553724942475013,"D2B_E5MIXA":0.62952493723886571,"D3A":34.785681705280311,"D3AAO":10.077081096474794,"D3B":0,"D4A":195.80000000000001,"D4C":95.670000000000002,"D4D":11452.1217767,"D5AR":630385,"D5BR":2502345}},{"type":"Feature","id":155334,"geometry":{"type":"Polygon","coordinates":[[[-73.970380442106347,40.796610274622147],[-73.970837442939143,40.795971274230595],[-73.969416442008651,40.795369273580782],[-73.968477442025304,40.796651274442638],[-73.969921442522036,40.797227274053739],[-73.970380442106347,40.796610274622147]]]},"properties":{"OBJECTID":155334,"GEOID20":"360610187006","GEOID10":"360610187006","STATEFP":"36","COUNTYFP":"061","D1C":56.116465132034385,"D1C5_RET":6.3768710377311804,"D2B_E5MIXA":0.65237163877198712,"D3A":36.399240956990539,"D3AAO":0,"D3B":0,"D4A":112.65000000000001,"D4C":117.67,"D4D":13720.9858745,"D5AR":646357,"D5BR":2216486}},{"type":"Feature","id":155335,"geometry":{"type":"Polygon","coordinates":[[[-73.967143441133445,40.803576275759937],[-73.967586442620856,40.802940275221779],[-73.964761440478298,40.801749275466243],[-73.963862440677943,40.802980274947721],[-73.96670244109248,40.80417727517424],[-73.967143441133445,40.803576275759937]]]},"properties":{"OBJECTID":155335,"GEOID20":"360610195003","GEOID10":"360610195003","STATEFP":"36","COUNTYFP":"061","D1C":46.53726123582819,"D1C5_RET":1.7971706574811699,"D2B_E5MIXA":0.7079055201354324,"D3A":25.759139647958122,"D3AAO":1.9885091824382197,"D3B":0,"D4A":0,"D4C":84.670000000000002,"D4D":5125.6063854800004,"D5AR":559243,"D5BR":2456678}},{"type":"Feature","id":155336,"geometry":{"type":"Polygon","coordinates":[[[-73.945694434468166,40.804523276028647],[-73.9461324350344,40.803885276583209],[-73.942995434518934,40.80256927566333],[-73.941168431910938,40.805071276961051],[-73.9443034345732,40.806399277067825],[-73.945694434468166,40.804523276028647]]]},"properties":{"OBJECTID":155336,"GEOID20":"360610198002","GEOID10":"360610198002","STATEFP":"36","COUNTYFP":"061","D1C":0,"D1C5_RET":0,"D2B_E5MIXA":0,"D3A":63.230634963265913,"D3AAO":0,"D3B":1012.8844409375462,"D4A":240.06,"D4C":243,"D4D":6531.96356646,"D5AR":644770,"D5BR":3467277}},{"type":"Feature","id":155502,"geometry":{"type":"Polygon","coordinates":[[[-73.992902445056004,40.714572257264024],[-73.993017444683716,40.714364257240398],[-73.990756443504097,40.71456225764436],[-73.990221443751807,40.714413257959151],[-73.990203443310122,40.714673257014901],[-73.989755442698169,40.715561257572979],[-73.992015444951193,40.716243257311852],[-73.992902445056004,40.714572257264024]]]},"properties":{"OBJECTID":155502,"GEOID20":"360610016005","GEOID10":"360610016005","STATEFP":"36","COUNTYFP":"061","D1C":89.157596828439694,"D1C5_RET":4.6507143383791698,"D2B_E5MIXA":0.91986913446562069,"D3A":58.742524619123088,"D3AAO":0,"D3B":338.76289888438748,"D4A":215.91999999999999,"D4C":134,"D4D":9726.6399079700004,"D5AR":831784,"D5BR":3893828}},{"type":"Feature","id":155517,"geometry":{"type":"Polygon","coordinates":[[[-73.980231439377221,40.717104258871792],[-73.980578441503468,40.716463258021463],[-73.977918439217362,40.715657258138421],[-73.977708440053391,40.716128258353727],[-73.977876439384559,40.716511257671151],[-73.978240439432639,40.716934257300636],[-73.978314440849104,40.717214258575702],[-73.978784440304068,40.717207257894337],[-73.979402439897058,40.717313258017626],[-73.979993440624142,40.717548258036061],[-73.980231439377221,40.717104258871792]]]},"properties":{"OBJECTID":155517,"GEOID20":"360610010022","GEOID10":"360610010022","STATEFP":"36","COUNTYFP":"061","D1C":24.052741833588335,"D1C5_RET":0,"D2B_E5MIXA":0.4876454130965866,"D3A":39.998357072573171,"D3AAO":0,"D3B":181.193548833921,"D4A":213.24000000000001,"D4C":29.329999999999998,"D4D":2655.8754559200001,"D5AR":867033,"D5BR":2059395}},{"type":"Feature","id":155518,"geometry":{"type":"Polygon","coordinates":[[[-73.978314440849104,40.717214258575702],[-73.978240439432639,40.716934257300636],[-73.977876439384559,40.716511257671151],[-73.977708440053391,40.716128258353727],[-73.977918439217362,40.715657258138421],[-73.976458439725434,40.71530725855834],[-73.976615439185949,40.715003258099131],[-73.975228438590648,40.71459025875442],[-73.973636438854243,40.718620259220373],[-73.974743439067055,40.718849259052107],[-73.975120438635614,40.718761259013711],[-73.975453438721544,40.718955258603444],[-73.977225439281312,40.71931825882632],[-73.977552439519471,40.718484258644189],[-73.978216440041507,40.717533259276536],[-73.978314440849104,40.717214258575702]]]},"properties":{"OBJECTID":155518,"GEOID20":"360610010023","GEOID10":"360610010023","STATEFP":"36","COUNTYFP":"061","D1C":8.9104153208226862,"D1C5_RET":0,"D2B_E5MIXA":0.18324240961341248,"D3A":42.519357730193484,"D3AAO":17.476109194150656,"D3B":119.31786367970108,"D4A":203.84999999999999,"D4C":29.329999999999998,"D4D":583.07113324299996,"D5AR":951053,"D5BR":2136098}},{"type":"Feature","id":155520,"geometry":{"type":"Polygon","coordinates":[[[-74.004818447281195,40.708398255627337],[-74.002841446681998,40.705895254938049],[-74.002410446686767,40.705479255189495],[-74.002163447712888,40.705369254484374],[-74.002085446996759,40.705404255254635],[-74.00145944610955,40.704919255589168],[-74.001190446496054,40.705095254686775],[-74.001263446290977,40.705167255205041],[-74.001175445529114,40.705224255475024],[-74.001071447568677,40.705152255699389],[-74.000605446515038,40.705447254891652],[-74.001344447380134,40.706126255678399],[-74.000927445831991,40.706389255478086],[-74.001274446161631,40.706939254892028],[-73.99917844573676,40.708030255486946],[-74.001420446649803,40.70982325555385],[-74.001642446407644,40.709550256005457],[-74.003403447995098,40.708092256326573],[-74.003971448257658,40.708734256377575],[-74.004818447281195,40.708398255627337]]]},"properties":{"OBJECTID":155520,"GEOID20":"360610015013","GEOID10":"360610015013","STATEFP":"36","COUNTYFP":"061","D1C":63.482527826404002,"D1C5_RET":1.3186281744356916,"D2B_E5MIXA":0.79760330052796446,"D3A":71.355017097154416,"D3AAO":30.183226464175366,"D3B":290.85116171362256,"D4A":175.69,"D4C":189.66999999999999,"D4D":4354.04418644,"D5AR":968846,"D5BR":6175513}},{"type":"Feature","id":155522,"geometry":{"type":"Polygon","coordinates":[[[-73.978017439849879,40.720974258868225],[-73.978232440833352,40.720682258083279],[-73.976560439832667,40.719975258466889],[-73.975327440121461,40.71954025922507],[-73.974996438787059,40.719792259479689],[-73.974929438839908,40.72033625895984],[-73.975284439565456,40.720226258968005],[-73.975525439589887,40.720269257884745],[-73.977001439873646,40.720868259127741],[-73.97688443969777,40.721114258986077],[-73.977684439763948,40.721428259405087],[-73.978017439849879,40.720974258868225]]]},"properties":{"OBJECTID":155522,"GEOID20":"360610020002","GEOID10":"360610020002","STATEFP":"36","COUNTYFP":"061","D1C":1.4580300137300863,"D1C5_RET":0,"D2B_E5MIXA":0,"D3A":14.020439778332536,"D3AAO":0,"D3B":0,"D4A":131.43000000000001,"D4C":20,"D4D":2332.84802197,"D5AR":793232,"D5BR":2100400}},{"type":"Feature","id":155523,"geometry":{"type":"Polygon","coordinates":[[[-73.978720440729973,40.71999125887158],[-73.978754440166853,40.719942258854161],[-73.977225439281312,40.71931825882632],[-73.975453438721544,40.718955258603444],[-73.975120438635614,40.718761259013711],[-73.974996438787059,40.719792259479689],[-73.975327440121461,40.71954025922507],[-73.978232440833352,40.720682258083279],[-73.978720440729973,40.71999125887158]]]},"properties":{"OBJECTID":155523,"GEOID20":"360610020003","GEOID10":"360610020003","STATEFP":"36","COUNTYFP":"061","D1C":45.197963400791473,"D1C5_RET":0,"D2B_E5MIXA":0.013841623437575676,"D3A":21.035000765335663,"D3AAO":0,"D3B":64.100021981826785,"D4A":109.97,"D4C":20,"D4D":1922.03963963,"D5AR":851140,"D5BR":2118207}},{"type":"Feature","id":155524,"geometry":{"type":"Polygon","coordinates":[[[-73.981859440895263,40.717869258186717],[-73.98229044178882,40.716984257687635],[-73.980578441503468,40.716463258021463],[-73.978754440166853,40.719942258854161],[-73.979736440706205,40.720243258780549],[-73.980372440740851,40.719000257995766],[-73.981226440335362,40.719253258416117],[-73.981859440895263,40.717869258186717]]]},"properties":{"OBJECTID":155524,"GEOID20":"360610022014","GEOID10":"360610022014","STATEFP":"36","COUNTYFP":"061","D1C":34.34217130579502,"D1C5_RET":2.7884669008978862,"D2B_E5MIXA":0.5019876373705513,"D3A":39.636633342311917,"D3AAO":0,"D3B":322.46588524767515,"D4A":222.63,"D4C":29.670000000000002,"D4D":1366.59945941,"D5AR":842923,"D5BR":3330395}},{"type":"Feature","id":155527,"geometry":{"type":"Polygon","coordinates":[[[-73.998434445747066,40.710982256449263],[-73.997997445904076,40.709623256101558],[-73.997813446679373,40.709579256127846],[-73.996355445938946,40.709793256593564],[-73.996783445561121,40.711372256704756],[-73.998314446096487,40.711126256254389],[-73.998434445747066,40.710982256449263]]]},"properties":{"OBJECTID":155527,"GEOID20":"360610025002","GEOID10":"360610025002","STATEFP":"36","COUNTYFP":"061","D1C":4.8743212861390441,"D1C5_RET":0,"D2B_E5MIXA":0,"D3A":24.588853127246942,"D3AAO":0,"D3B":0,"D4A":234.69999999999999,"D4C":52,"D4D":5232.8197549300003,"D5AR":836749,"D5BR":4881345}},{"type":"Feature","id":155528,"geometry":{"type":"Polygon","coordinates":[[[-73.999782446882648,40.709773256598261],[-74.000124446291096,40.709468255074476],[-73.999013445880294,40.70856825584184],[-73.999496445754062,40.708287256010095],[-73.99917844573676,40.708030255486946],[-73.998185446225051,40.708491256010731],[-73.997644444828339,40.708649256196011],[-73.996006444162859,40.708903255414981],[-73.996064443889182,40.709127256447694],[-73.996223444796158,40.709189256266008],[-73.996355445938946,40.709793256593564],[-73.997873446055522,40.709579256127846],[-73.998038445013648,40.709661255560277],[-73.99816944543322,40.710040256142449],[-73.99890744647341,40.709871256585934],[-73.999782446882648,40.709773256598261]]]},"properties":{"OBJECTID":155528,"GEOID20":"360610025003","GEOID10":"360610025003","STATEFP":"36","COUNTYFP":"061","D1C":0.90181492056393342,"D1C5_RET":0,"D2B_E5MIXA":0,"D3A":79.113747907343452,"D3AAO":46.171641065836205,"D3B":149.67722841573124,"D4A":293.70999999999998,"D4C":83.670000000000002,"D4D":5365.6785353699997,"D5AR":935786,"D5BR":4874947}},{"type":"Feature","id":155529,"geometry":{"type":"Polygon","coordinates":[[[-73.978999440389231,40.728114260453076],[-73.97947044146575,40.727476260228208],[-73.97709243921193,40.726473259844227],[-73.976181439716001,40.727757260083308],[-73.978537440431865,40.728754260049598],[-73.978999440389231,40.728114260453076]]]},"properties":{"OBJECTID":155529,"GEOID20":"360610028002","GEOID10":"360610028002","STATEFP":"36","COUNTYFP":"061","D1C":18.041002133326767,"D1C5_RET":0.65208441445759402,"D2B_E5MIXA":0.46782454335106466,"D3A":33.069964150619988,"D3AAO":0,"D3B":139.11134175095339,"D4A":301.75,"D4C":84.670000000000002,"D4D":5889.27865303,"D5AR":757521,"D5BR":2334410}},{"type":"Feature","id":155530,"geometry":{"type":"Polygon","coordinates":[[[-73.984838442125309,40.724277259148032],[-73.985287442562182,40.72365725930193],[-73.982965442181495,40.722679259322845],[-73.98252544196545,40.723286259448543],[-73.984838442125309,40.724277259148032]]]},"properties":{"OBJECTID":155530,"GEOID20":"360610032005","GEOID10":"360610032005","STATEFP":"36","COUNTYFP":"061","D1C":54.769980239640951,"D1C5_RET":18.798171183944564,"D2B_E5MIXA":0.87087025853358535,"D3A":26.513029422160237,"D3AAO":0,"D3B":148.52875997190765,"D4A":171.66,"D4C":36,"D4D":5347.0353589899996,"D5AR":745891,"D5BR":2737002}},{"type":"Feature","id":155533,"geometry":{"type":"Polygon","coordinates":[[[-73.988985443667545,40.726800259466458],[-73.989430444804768,40.726196258890603],[-73.987054442200787,40.725211258937819],[-73.986177442141724,40.726417260120478],[-73.988540443428619,40.727410259574135],[-73.988985443667545,40.726800259466458]]]},"properties":{"OBJECTID":155533,"GEOID20":"360610038005","GEOID10":"360610038005","STATEFP":"36","COUNTYFP":"061","D1C":145.72046343122474,"D1C5_RET":9.8069987265669862,"D2B_E5MIXA":0.63338468163079431,"D3A":26.188958604203997,"D3AAO":0,"D3B":0,"D4A":203.84999999999999,"D4C":155.33000000000001,"D4D":11469.7119036,"D5AR":761276,"D5BR":3718150}},{"type":"Feature","id":155534,"geometry":{"type":"Polygon","coordinates":[[[-73.988120443304041,40.727994259375464],[-73.988540443428619,40.727410259574135],[-73.986177442141724,40.726417260120478],[-73.985754442542429,40.726996259548265],[-73.988120443304041,40.727994259375464]]]},"properties":{"OBJECTID":155534,"GEOID20":"360610038006","GEOID10":"360610038006","STATEFP":"36","COUNTYFP":"061","D1C":96.870910929817484,"D1C5_RET":7.4516085330628838,"D2B_E5MIXA":0.78800915314138564,"D3A":12.149661559677,"D3AAO":0,"D3B":0,"D4A":280.29000000000002,"D4C":120,"D4D":18460.759204499998,"D5AR":724123,"D5BR":3633042}},{"type":"Feature","id":155535,"geometry":{"type":"Polygon","coordinates":[[[-74.012689450766345,40.717306256665836],[-74.012732450424053,40.717122256954092],[-74.010969449186788,40.716311256519383],[-74.01040244964743,40.718810257177111],[-74.01229345093121,40.719047257691777],[-74.012689450766345,40.717306256665836]]]},"properties":{"OBJECTID":155535,"GEOID20":"360610039003","GEOID10":"360610039003","STATEFP":"36","COUNTYFP":"061","D1C":100.55132318989816,"D1C5_RET":1.5666636757632857,"D2B_E5MIXA":0.28731414406555439,"D3A":40.498935961923614,"D3AAO":8.6379313522271008,"D3B":170.13168795649247,"D4A":152.88999999999999,"D4C":148.33000000000001,"D4D":9458.6331613900002,"D5AR":765087,"D5BR":6116426}},{"type":"Feature","id":155536,"geometry":{"type":"Polygon","coordinates":[[[-73.986376442333352,40.730388260936166],[-73.986813443972991,40.729787260267358],[-73.984449442861191,40.728789260780765],[-73.983544441416413,40.730029260508729],[-73.985910443076349,40.731027260458482],[-73.986376442333352,40.730388260936166]]]},"properties":{"OBJECTID":155536,"GEOID20":"360610040005","GEOID10":"360610040005","STATEFP":"36","COUNTYFP":"061","D1C":156.99693209326,"D1C5_RET":17.431607789724428,"D2B_E5MIXA":0.68151860981616619,"D3A":34.680991232998366,"D3AAO":3.5731317961235685,"D3B":0,"D4A":234.69999999999999,"D4C":167.66999999999999,"D4D":12068.160735400001,"D5AR":669842,"D5BR":3265284}},{"type":"Feature","id":155538,"geometry":{"type":"Polygon","coordinates":[[[-73.980276442277997,40.734418262003892],[-73.980712441397799,40.733821260757857],[-73.978504440819904,40.732738261133726],[-73.97828544053678,40.73309226146057],[-73.977917440290767,40.733117261716288],[-73.977956440648825,40.73358726028237],[-73.977723441020316,40.734049261441847],[-73.979865441475951,40.734983262261437],[-73.980276442277997,40.734418262003892]]]},"properties":{"OBJECTID":155538,"GEOID20":"360610044001","GEOID10":"360610044001","STATEFP":"36","COUNTYFP":"061","D1C":15.929475653003429,"D1C5_RET":2.5732229901005539,"D2B_E5MIXA":0.72343296354316511,"D3A":28.454274882047468,"D3AAO":0,"D3B":0,"D4A":211.90000000000001,"D4C":143,"D4D":11214.3508597,"D5AR":876050,"D5BR":2583225}},{"type":"Feature","id":155539,"geometry":{"type":"Polygon","coordinates":[[[-73.97828544053678,40.73309226146057],[-73.978504440819904,40.732738261133726],[-73.978217440764737,40.732388260831833],[-73.976887440969151,40.731799260915174],[-73.976050441093065,40.73194926113915],[-73.976317440158425,40.732419261148756],[-73.975752439370595,40.732664261235051],[-73.9754214398328,40.73301326080864],[-73.977723441020316,40.734049261441847],[-73.977956440648825,40.73358726028237],[-73.977917440290767,40.733117261716288],[-73.97828544053678,40.73309226146057]]]},"properties":{"OBJECTID":155539,"GEOID20":"360610044002","GEOID10":"360610044002","STATEFP":"36","COUNTYFP":"061","D1C":5.7829380861966948,"D1C5_RET":0,"D2B_E5MIXA":0.32060130605564108,"D3A":30.500571596227839,"D3AAO":0,"D3B":47.473473273762409,"D4A":214.58000000000001,"D4C":137.66999999999999,"D4D":9798.6102932499998,"D5AR":946069,"D5BR":2334525}},{"type":"Feature","id":155543,"geometry":{"type":"Polygon","coordinates":[[[-73.976887440969151,40.731799260915174],[-73.976930439728534,40.731488261034329],[-73.975582439491276,40.731203260659534],[-73.975228440387255,40.731423260256157],[-73.973989439031655,40.730976260421542],[-73.973975438787946,40.731147261512419],[-73.97345243962954,40.731375261148841],[-73.973651439821154,40.732318261775831],[-73.9754214398328,40.73301326080864],[-73.975752439370595,40.732664261235051],[-73.976317440158425,40.732419261148756],[-73.976050441093065,40.73194926113915],[-73.976887440969151,40.731799260915174]]]},"properties":{"OBJECTID":155543,"GEOID20":"360610044003","GEOID10":"360610044003","STATEFP":"36","COUNTYFP":"061","D1C":5.0041145533385913,"D1C5_RET":0.21294104482291878,"D2B_E5MIXA":0.84831956073599701,"D3A":38.457799000227602,"D3AAO":11.527566630054094,"D3B":113.59127095033779,"D4A":175.69,"D4C":71.329999999999998,"D4D":4860.50711271,"D5AR":902427,"D5BR":2320493}},{"type":"Feature","id":155693,"geometry":{"type":"Polygon","coordinates":[[[-73.990071444862281,40.740888262513565],[-73.990519445474263,40.740270261945156],[-73.987303444417748,40.738911261913302],[-73.986850443782899,40.739530262715412],[-73.990071444862281,40.740888262513565]]]},"properties":{"OBJECTID":155693,"GEOID20":"360610056003","GEOID10":"360610056003","STATEFP":"36","COUNTYFP":"061","D1C":631.68260792517754,"D1C5_RET":55.512506205386799,"D2B_E5MIXA":0.87082682009057732,"D3A":20.343366706672334,"D3AAO":0,"D3B":0,"D4A":230.66999999999999,"D4C":334,"D4D":35421.950228200003,"D5AR":840447,"D5BR":6727258}},{"type":"Feature","id":155710,"geometry":{"type":"Polygon","coordinates":[[[-73.976930439728534,40.731488261034329],[-73.977083440787723,40.731308260975482],[-73.976215440051192,40.730722260322743],[-73.975920439600074,40.730268261917089],[-73.974779439950382,40.729801261025415],[-73.973989439031655,40.730976260421542],[-73.975228440387255,40.731423260256157],[-73.975582439491276,40.731203260659534],[-73.976930439728534,40.731488261034329]]]},"properties":{"OBJECTID":155710,"GEOID20":"360610044004","GEOID10":"360610044004","STATEFP":"36","COUNTYFP":"061","D1C":1.5034467519085337,"D1C5_RET":0,"D2B_E5MIXA":0.52731798547163111,"D3A":19.978614872567736,"D3AAO":0,"D3B":0,"D4A":119.36,"D4C":93.329999999999998,"D4D":9978.0754030700009,"D5AR":946637,"D5BR":2337497}},{"type":"Feature","id":155711,"geometry":{"type":"Polygon","coordinates":[[[-73.980028441682578,40.730789260405423],[-73.980339442027187,40.730456260670032],[-73.978002440679575,40.729437260099772],[-73.977701441279024,40.729936261619969],[-73.977791439894077,40.730376260295174],[-73.978024440420882,40.730781261161113],[-73.977902441120463,40.731219261087872],[-73.977083440787723,40.731308260975482],[-73.976930439728534,40.731488261034329],[-73.976887440969151,40.731799260915174],[-73.978217440764737,40.732388260831833],[-73.978560440896402,40.732047260476584],[-73.978187440627508,40.731343261724689],[-73.978909441774178,40.731109260702873],[-73.979933441248008,40.730893260704946],[-73.980028441682578,40.730789260405423]]]},"properties":{"OBJECTID":155711,"GEOID20":"360610044006","GEOID10":"360610044006","STATEFP":"36","COUNTYFP":"061","D1C":0.74979122063461423,"D1C5_RET":0,"D2B_E5MIXA":0.3717257956726267,"D3A":35.413823377409578,"D3AAO":0,"D3B":91.448821789858314,"D4A":233.34999999999999,"D4C":88,"D4D":6032.6059351599997,"D5AR":694144,"D5BR":2853190}},{"type":"Feature","id":155712,"geometry":{"type":"Polygon","coordinates":[[[-73.981128441324387,40.733250261121583],[-73.981563442415876,40.73265126104198],[-73.980592441747191,40.732218261537902],[-73.980252441090244,40.732160261263012],[-73.979820441270107,40.732530261374656],[-73.978560440896402,40.732047260476584],[-73.978217440764737,40.732388260831833],[-73.978504440819904,40.732738261133726],[-73.980712441397799,40.733821260757857],[-73.981128441324387,40.733250261121583]]]},"properties":{"OBJECTID":155712,"GEOID20":"360610044008","GEOID10":"360610044008","STATEFP":"36","COUNTYFP":"061","D1C":75.275319481001773,"D1C5_RET":12.474195799708864,"D2B_E5MIXA":0.46289429201697729,"D3A":17.110672039390607,"D3AAO":0,"D3B":0,"D4A":269.56999999999999,"D4C":125,"D4D":11470.524873300001,"D5AR":789513,"D5BR":2989326}},{"type":"Feature","id":155713,"geometry":{"type":"Polygon","coordinates":[[[-73.984935443108,40.736384261027645],[-73.985362442905256,40.73579826151736],[-73.983123442365255,40.73485426195429],[-73.982696442567971,40.735439261690715],[-73.984935443108,40.736384261027645]]]},"properties":{"OBJECTID":155713,"GEOID20":"360610048001","GEOID10":"360610048001","STATEFP":"36","COUNTYFP":"061","D1C":70.513035215972621,"D1C5_RET":0,"D2B_E5MIXA":0.42409867228235215,"D3A":33.754939862935579,"D3AAO":0,"D3B":0,"D4A":160.93000000000001,"D4C":199,"D4D":32073.357732500001,"D5AR":749737,"D5BR":4214588}},{"type":"Feature","id":155714,"geometry":{"type":"Polygon","coordinates":[[[-73.986955444263202,40.733610261136455],[-73.987181443320708,40.733300260824173],[-73.984942442780692,40.732355260566436],[-73.984442442290188,40.733041260964299],[-73.98668044390358,40.733986261008539],[-73.986955444263202,40.733610261136455]]]},"properties":{"OBJECTID":155714,"GEOID20":"360610048004","GEOID10":"360610048004","STATEFP":"36","COUNTYFP":"061","D1C":63.395542905197786,"D1C5_RET":9.0565061293139699,"D2B_E5MIXA":0.56928963905000884,"D3A":26.545984376763236,"D3AAO":0,"D3B":0,"D4A":248.11000000000001,"D4C":300.67000000000002,"D4D":41301.972142300001,"D5AR":766443,"D5BR":3661437}},{"type":"Feature","id":155715,"geometry":{"type":"Polygon","coordinates":[[[-73.98995844488438,40.735060262082854],[-73.989904444457693,40.734443261761307],[-73.988780444526441,40.733974261697171],[-73.987388443009934,40.735887261406035],[-73.989017445251207,40.736568261944008],[-73.989917444876497,40.735357261337164],[-73.98995844488438,40.735060262082854]]]},"properties":{"OBJECTID":155715,"GEOID20":"360610050003","GEOID10":"360610050003","STATEFP":"36","COUNTYFP":"061","D1C":293.84275042193667,"D1C5_RET":18.939521289590886,"D2B_E5MIXA":0.75200705284400571,"D3A":24.113507693234382,"D3AAO":0,"D3B":213.74707166511817,"D4A":120.7,"D4C":304.67000000000002,"D4D":21707.4401081,"D5AR":806822,"D5BR":5155191}},{"type":"Feature","id":155716,"geometry":{"type":"Polygon","coordinates":[[[-73.987388443009934,40.735887261406035],[-73.987818444078556,40.735300262360013],[-73.986214444646606,40.734626260625525],[-73.985362442905256,40.73579826151736],[-73.986962443935909,40.736473261493749],[-73.987388443009934,40.735887261406035]]]},"properties":{"OBJECTID":155716,"GEOID20":"360610050005","GEOID10":"360610050005","STATEFP":"36","COUNTYFP":"061","D1C":128.91831204598287,"D1C5_RET":3.6934304951782266,"D2B_E5MIXA":0.51716276600362721,"D3A":42.069336816028894,"D3AAO":0,"D3B":225.12338256324426,"D4A":186.41999999999999,"D4C":364,"D4D":40972.455626499999,"D5AR":827759,"D5BR":4360322}},{"type":"Feature","id":155717,"geometry":{"type":"Polygon","coordinates":[[[-73.996640446344301,40.731864260645303],[-73.996975446978382,40.731417261050339],[-73.99556444609361,40.730723259633557],[-73.994790445966728,40.731604259982277],[-73.99635244736254,40.732263260131944],[-73.996640446344301,40.731864260645303]]]},"properties":{"OBJECTID":155717,"GEOID20":"360610059002","GEOID10":"360610059002","STATEFP":"36","COUNTYFP":"061","D1C":52.015987555420338,"D1C5_RET":0.73607529559557083,"D2B_E5MIXA":0.63123872865829012,"D3A":39.233485499250776,"D3AAO":0,"D3B":104.73867421075626,"D4A":0,"D4C":313,"D4D":49150.2324257,"D5AR":759038,"D5BR":5585459}},{"type":"Feature","id":155718,"geometry":{"type":"Polygon","coordinates":[[[-73.993815445998379,40.732739260414313],[-73.994298445872133,40.732173260871299],[-73.991922445963084,40.731174260426364],[-73.991461444932327,40.731746260836836],[-73.993815445998379,40.732739260414313]]]},"properties":{"OBJECTID":155718,"GEOID20":"360610059005","GEOID10":"360610059005","STATEFP":"36","COUNTYFP":"061","D1C":48.220328992339795,"D1C5_RET":10.451696924448033,"D2B_E5MIXA":0.82908880031576171,"D3A":42.950497465649939,"D3AAO":0,"D3B":0,"D4A":105.95,"D4C":270,"D4D":41046.6642851,"D5AR":741486,"D5BR":5324033}},{"type":"Feature","id":155720,"geometry":{"type":"Polygon","coordinates":[[[-73.979558441329303,40.73542526143828],[-73.979865441475951,40.734983262261437],[-73.976984441053517,40.733738261867352],[-73.976799440207301,40.734011261608984],[-73.97685344153227,40.734224261878637],[-73.97630244008981,40.734479261477205],[-73.976722440214388,40.735065262395267],[-73.977058441571685,40.734893261915197],[-73.977318440964368,40.734997261926182],[-73.978193441373591,40.735970261699727],[-73.978910441599083,40.7361722614569],[-73.979349441990237,40.735561261431954],[-73.979558441329303,40.73542526143828]]]},"properties":{"OBJECTID":155720,"GEOID20":"360610060002","GEOID10":"360610060002","STATEFP":"36","COUNTYFP":"061","D1C":47.172445979006739,"D1C5_RET":0,"D2B_E5MIXA":0.4224829914466231,"D3A":59.83395196769041,"D3AAO":0,"D3B":1009.0046504295026,"D4A":223.97,"D4C":97.670000000000002,"D4D":6716.84052668,"D5AR":883721,"D5BR":3265208}},{"type":"Feature","id":155721,"geometry":{"type":"Polygon","coordinates":[[[-73.976852441707351,40.733863261157509],[-73.976984441053517,40.733738261867352],[-73.97424443840147,40.732544261555567],[-73.974671439097051,40.734261261651476],[-73.97524644082894,40.734208262172913],[-73.976250440211288,40.735153261978169],[-73.976377439534588,40.735178262140145],[-73.976722440214388,40.735065262395267],[-73.97630244008981,40.734479261477205],[-73.97685344153227,40.734224261878637],[-73.976780439940711,40.734121261280549],[-73.976852441707351,40.733863261157509]]]},"properties":{"OBJECTID":155721,"GEOID20":"360610060003","GEOID10":"360610060003","STATEFP":"36","COUNTYFP":"061","D1C":5.8606071010710146,"D1C5_RET":0.13023571335713366,"D2B_E5MIXA":0.25128795711876378,"D3A":68.063113068240511,"D3AAO":10.295112416519512,"D3B":833.84196891184956,"D4A":177.03,"D4C":89.329999999999998,"D4D":7445.73201548,"D5AR":954833,"D5BR":2395335}},{"type":"Feature","id":155722,"geometry":{"type":"Polygon","coordinates":[[[-73.992267445744602,40.734540261575347],[-73.99279344527605,40.733930260800172],[-73.991115444427606,40.733222260373211],[-73.991461444932327,40.731746260836836],[-73.990391443631097,40.73129726116408],[-73.989869444297597,40.733536260846201],[-73.989904444457693,40.734443261761307],[-73.991716445200453,40.735223261455026],[-73.992267445744602,40.734540261575347]]]},"properties":{"OBJECTID":155722,"GEOID20":"360610061003","GEOID10":"360610061003","STATEFP":"36","COUNTYFP":"061","D1C":337.03434924481667,"D1C5_RET":95.354977211713944,"D2B_E5MIXA":0.86580714617669918,"D3A":33.929088068854426,"D3AAO":0,"D3B":251.82037277557441,"D4A":135.44999999999999,"D4C":299,"D4D":14113.269252100001,"D5AR":810123,"D5BR":5192958}},{"type":"Feature","id":155723,"geometry":{"type":"Polygon","coordinates":[[[-73.979519441869542,40.739792262063226],[-73.979968442306429,40.739176262612133],[-73.977604441194629,40.73818026281689],[-73.977149440909969,40.738804262965473],[-73.979519441869542,40.739792262063226]]]},"properties":{"OBJECTID":155723,"GEOID20":"360610066007","GEOID10":"360610066007","STATEFP":"36","COUNTYFP":"061","D1C":12.418994287262628,"D1C5_RET":2.2579989613204776,"D2B_E5MIXA":0.8220928800489824,"D3A":26.917833009703322,"D3AAO":0,"D3B":0,"D4A":164.96000000000001,"D4C":116.33,"D4D":16765.8938619,"D5AR":901122,"D5BR":4689031}},{"type":"Feature","id":155725,"geometry":{"type":"Polygon","coordinates":[[[-73.980419442393128,40.738558262473603],[-73.980906442464843,40.737894262636054],[-73.978499441695348,40.736799262444187],[-73.978053441631516,40.737562262954533],[-73.980419442393128,40.738558262473603]]]},"properties":{"OBJECTID":155725,"GEOID20":"360610064006","GEOID10":"360610064006","STATEFP":"36","COUNTYFP":"061","D1C":40.179913836538304,"D1C5_RET":27.771411034077946,"D2B_E5MIXA":0.61827845765136247,"D3A":35.695281037019832,"D3AAO":0,"D3B":126.05463164404172,"D4A":0,"D4C":116.33,"D4D":14663.9352992,"D5AR":895709,"D5BR":5107267}},{"type":"Feature","id":155726,"geometry":{"type":"Polygon","coordinates":[[[-73.982212442869326,40.7401232623358],[-73.98266644153243,40.73950526214697],[-73.980419442393128,40.738558262473603],[-73.979968442306429,40.739176262612133],[-73.982212442869326,40.7401232623358]]]},"properties":{"OBJECTID":155726,"GEOID20":"360610066005","GEOID10":"360610066005","STATEFP":"36","COUNTYFP":"061","D1C":35.157771449590072,"D1C5_RET":1.6628675685616927,"D2B_E5MIXA":0.65715623418966407,"D3A":33.0216692482566,"D3AAO":14.863654912502737,"D3B":0,"D4A":337.95999999999998,"D4C":204.66999999999999,"D4D":31116.718195000001,"D5AR":876610,"D5BR":5521362}},{"type":"Feature","id":155727,"geometry":{"type":"Polygon","coordinates":[[[-73.979305441609299,40.74008626310065],[-73.979519441869542,40.739792262063226],[-73.977149440909969,40.738804262965473],[-73.976252439861099,40.740034262669113],[-73.97861744169613,40.741034263998827],[-73.979305441609299,40.74008626310065]]]},"properties":{"OBJECTID":155727,"GEOID20":"360610066008","GEOID10":"360610066008","STATEFP":"36","COUNTYFP":"061","D1C":63.147069524923552,"D1C5_RET":2.2552524830329839,"D2B_E5MIXA":0.56930429408152139,"D3A":28.173041443401445,"D3AAO":0,"D3B":243.02624163133731,"D4A":189.09999999999999,"D4C":116.33,"D4D":8479.6768713199999,"D5AR":877391,"D5BR":4593694}},{"type":"Feature","id":155728,"geometry":{"type":"Polygon","coordinates":[[[-73.984750444058378,40.739514262243802],[-73.985233443932131,40.738848262000197],[-73.983633442901507,40.738173262298808],[-73.98266644153243,40.73950526214697],[-73.984262443263447,40.740180261945113],[-73.984750444058378,40.739514262243802]]]},"properties":{"OBJECTID":155728,"GEOID20":"360610068004","GEOID10":"360610068004","STATEFP":"36","COUNTYFP":"061","D1C":112.32045033776852,"D1C5_RET":6.3519151225496673,"D2B_E5MIXA":0.60500196175313015,"D3A":32.964728540520575,"D3AAO":0,"D3B":99.151845815409445,"D4A":0,"D4C":239.66999999999999,"D4D":23763.7228866,"D5AR":962383,"D5BR":6942792}},{"type":"Feature","id":155729,"geometry":{"type":"Polygon","coordinates":[[[-73.98381344372487,40.740798263349639],[-73.984262443263447,40.740180261945113],[-73.98266644153243,40.73950526214697],[-73.981763442432438,40.74074126290872],[-73.983363443463062,40.741416263096205],[-73.98381344372487,40.740798263349639]]]},"properties":{"OBJECTID":155729,"GEOID20":"360610068005","GEOID10":"360610068005","STATEFP":"36","COUNTYFP":"061","D1C":89.783759653214403,"D1C5_RET":5.8409509068076284,"D2B_E5MIXA":0.8430406580776153,"D3A":30.418794236490001,"D3AAO":0,"D3B":0,"D4A":249.44999999999999,"D4C":248.33000000000001,"D4D":26523.1239074,"D5AR":923497,"D5BR":5328060}},{"type":"Feature","id":155731,"geometry":{"type":"Polygon","coordinates":[[[-73.977207440636292,40.742862262779354],[-73.977674441514836,40.742267263439146],[-73.975344440738226,40.741282263167314],[-73.974925440438568,40.741855263618589],[-73.97659844126413,40.742583263045688],[-73.976126440362719,40.743203263511198],[-73.976759440922635,40.743480263766877],[-73.977207440636292,40.742862262779354]]]},"properties":{"OBJECTID":155731,"GEOID20":"360610070004","GEOID10":"360610070004","STATEFP":"36","COUNTYFP":"061","D1C":58.465505295296254,"D1C5_RET":38.474074452388507,"D2B_E5MIXA":0.52534023525463691,"D3A":25.215253208613589,"D3AAO":0,"D3B":0,"D4A":242.74000000000001,"D4C":90,"D4D":10863.2680807,"D5AR":911223,"D5BR":3655800}},{"type":"Feature","id":155732,"geometry":{"type":"Polygon","coordinates":[[[-73.976349440843805,40.744100263357346],[-73.976759440922635,40.743480263766877],[-73.976126440362719,40.743203263511198],[-73.97659844126413,40.742583263045688],[-73.974925440438568,40.741855263618589],[-73.974016440592465,40.743103263300142],[-73.976349440843805,40.744100263357346]]]},"properties":{"OBJECTID":155732,"GEOID20":"360610070005","GEOID10":"360610070005","STATEFP":"36","COUNTYFP":"061","D1C":12.64503791940729,"D1C5_RET":0,"D2B_E5MIXA":0.35809652755421117,"D3A":24.367243623236106,"D3AAO":0,"D3B":0,"D4A":241.40000000000001,"D4C":114,"D4D":9711.3891220999994,"D5AR":1028905,"D5BR":4479576}},{"type":"Feature","id":155747,"geometry":{"type":"Polygon","coordinates":[[[-73.983898443215367,40.746486263123749],[-73.984345444002429,40.7458692639701],[-73.98272844325335,40.745189263823676],[-73.981362442574436,40.747153264218994],[-73.982958442508803,40.747773264277072],[-73.983898443215367,40.746486263123749]]]},"properties":{"OBJECTID":155747,"GEOID20":"360610074002","GEOID10":"360610074002","STATEFP":"36","COUNTYFP":"061","D1C":924.31072580701095,"D1C5_RET":128.32009960631373,"D2B_E5MIXA":0.89153727731897914,"D3A":33.377485297152383,"D3AAO":0,"D3B":68.380402787710892,"D4A":131.43000000000001,"D4C":325,"D4D":22223.630905999999,"D5AR":1031336,"D5BR":6362654}},{"type":"Feature","id":155750,"geometry":{"type":"Polygon","coordinates":[[[-73.982280442641368,40.745805263396015],[-73.98272844325335,40.745189263823676],[-73.981110441781041,40.744506263496667],[-73.979725442632187,40.746410264033464],[-73.981362442574436,40.747153264218994],[-73.982280442641368,40.745805263396015]]]},"properties":{"OBJECTID":155750,"GEOID20":"360610072002","GEOID10":"360610072002","STATEFP":"36","COUNTYFP":"061","D1C":776.06572007796365,"D1C5_RET":31.826703892387972,"D2B_E5MIXA":0.66422443149066523,"D3A":45.67252719182305,"D3AAO":3.840938625778938,"D3B":134.89463901409471,"D4A":115.34,"D4C":311,"D4D":20976.1163667,"D5AR":1163594,"D5BR":6422702}},{"type":"Feature","id":155751,"geometry":{"type":"Polygon","coordinates":[[[-73.980660441519234,40.745123263045002],[-73.981110441781041,40.744506263496667],[-73.979509440925497,40.743833262949153],[-73.978608442373627,40.745066264268715],[-73.980210442155766,40.745742263887259],[-73.980660441519234,40.745123263045002]]]},"properties":{"OBJECTID":155751,"GEOID20":"360610072005","GEOID10":"360610072005","STATEFP":"36","COUNTYFP":"061","D1C":259.63800847823359,"D1C5_RET":4.8452395404560962,"D2B_E5MIXA":0.68385185349267308,"D3A":19.518052747073014,"D3AAO":7.2012060021950557,"D3B":0,"D4A":198.49000000000001,"D4C":242.66999999999999,"D4D":25948.5634049,"D5AR":1067356,"D5BR":6319737}},{"type":"Feature","id":155752,"geometry":{"type":"Polygon","coordinates":[[[-74.006182449208595,40.734447260823103],[-74.006295450084821,40.733750260540567],[-74.004562448984785,40.734018260522966],[-74.00512744977263,40.735969260425655],[-74.005961449275645,40.735853260919612],[-74.006182449208595,40.734447260823103]]]},"properties":{"OBJECTID":155752,"GEOID20":"360610073001","GEOID10":"360610073001","STATEFP":"36","COUNTYFP":"061","D1C":174.85985139182685,"D1C5_RET":13.982208248640905,"D2B_E5MIXA":0.45516068189256459,"D3A":41.687963561982059,"D3AAO":0,"D3B":0,"D4A":112.65000000000001,"D4C":209.66999999999999,"D4D":22073.597014499999,"D5AR":691019,"D5BR":2827040}},{"type":"Feature","id":155755,"geometry":{"type":"Polygon","coordinates":[[[-74.014014452335687,40.733340260286873],[-74.014022452731609,40.733067259834073],[-74.010930451523663,40.733031260034885],[-74.010998452194059,40.732329260057],[-74.007524450496362,40.732860260382225],[-74.006981451246475,40.735010260980175],[-74.010044452142097,40.734597261203568],[-74.009931451265871,40.73601226074274],[-74.010660452085247,40.73603026051898],[-74.01082845141643,40.7342912604771],[-74.011997451553526,40.734346260444482],[-74.012040451211234,40.734070260892288],[-74.01084345148503,40.734011260928277],[-74.010904451584409,40.733305260588139],[-74.014014452335687,40.733340260286873]]]},"properties":{"OBJECTID":155755,"GEOID20":"360610075001","GEOID10":"360610075001","STATEFP":"36","COUNTYFP":"061","D1C":28.213436129235355,"D1C5_RET":0.95034732224792773,"D2B_E5MIXA":0.7582670194787362,"D3A":59.252467340101632,"D3AAO":8.3551282183347304,"D3B":266.72769407340274,"D4A":0,"D4C":80.329999999999998,"D4D":2215.7430884099999,"D5AR":721778,"D5BR":2808033}},{"type":"Feature","id":155842,"geometry":{"type":"Polygon","coordinates":[[[-73.986001445109579,40.767531267949764],[-73.986205446222385,40.767251267504626],[-73.983368443485944,40.766053267484089],[-73.982878444837823,40.766723267265348],[-73.98571744542744,40.767926268017312],[-73.986001445109579,40.767531267949764]]]},"properties":{"OBJECTID":155842,"GEOID20":"360610139006","GEOID10":"360610139006","STATEFP":"36","COUNTYFP":"061","D1C":615.15080428890622,"D1C5_RET":36.521333625480928,"D2B_E5MIXA":0.51811105860842355,"D3A":19.46531489243749,"D3AAO":0.68475396001538102,"D3B":0,"D4A":199.83000000000001,"D4C":243,"D4D":26918.473011499998,"D5AR":901722,"D5BR":2803660}},{"type":"Feature","id":155847,"geometry":{"type":"Polygon","coordinates":[[[-73.986933446318531,40.766252267307898],[-73.987123445391006,40.765997267740801],[-73.98428444390305,40.764800267726713],[-73.983823444668928,40.765426268101933],[-73.986660445608734,40.766624267178685],[-73.986933446318531,40.766252267307898]]]},"properties":{"OBJECTID":155847,"GEOID20":"360610139004","GEOID10":"360610139004","STATEFP":"36","COUNTYFP":"061","D1C":83.165275574623436,"D1C5_RET":21.300683053634064,"D2B_E5MIXA":0.88857483019804406,"D3A":24.077229111858649,"D3AAO":3.9774315095128938,"D3B":0,"D4A":308.45999999999998,"D4C":247,"D4D":29280.104148900002,"D5AR":783606,"D5BR":2773007}},{"type":"Feature","id":155848,"geometry":{"type":"Polygon","coordinates":[[[-73.985219445485072,40.768603268001648],[-73.98571744542744,40.767926268017312],[-73.982878444837823,40.766723267265348],[-73.982381443822021,40.767408267542322],[-73.985219445485072,40.768603268001648]]]},"properties":{"OBJECTID":155848,"GEOID20":"360610139007","GEOID10":"360610139007","STATEFP":"36","COUNTYFP":"061","D1C":181.36945334717839,"D1C5_RET":4.7773703609792992,"D2B_E5MIXA":0.55802822285899745,"D3A":20.700912511839071,"D3AAO":2.1650657092887373,"D3B":0,"D4A":193.12,"D4C":217,"D4D":23695.756990499998,"D5AR":892022,"D5BR":2805494}},{"type":"Feature","id":155849,"geometry":{"type":"Polygon","coordinates":[[[-73.947625433239978,40.775254270643764],[-73.948085434445829,40.774619270226516],[-73.945729433729966,40.773630270179737],[-73.94526843269918,40.774260270439633],[-73.947625433239978,40.775254270643764]]]},"properties":{"OBJECTID":155849,"GEOID20":"360610144013","GEOID10":"360610144013","STATEFP":"36","COUNTYFP":"061","D1C":95.775247419389174,"D1C5_RET":3.7689333475222591,"D2B_E5MIXA":0.44299678979528267,"D3A":14.0367674148854,"D3AAO":0,"D3B":236.52921051946637,"D4A":439.88999999999999,"D4C":49.670000000000002,"D4D":7047.6340050999997,"D5AR":749610,"D5BR":2256832}},{"type":"Feature","id":155850,"geometry":{"type":"Polygon","coordinates":[[[-73.95174443429481,40.777883270944848],[-73.952241435310569,40.777202271065377],[-73.949873434000807,40.776204270803923],[-73.949375434956764,40.77688427005215],[-73.95174443429481,40.777883270944848]]]},"properties":{"OBJECTID":155850,"GEOID20":"360610146012","GEOID10":"360610146012","STATEFP":"36","COUNTYFP":"061","D1C":181.63693537989886,"D1C5_RET":5.7272907552220369,"D2B_E5MIXA":0.55540330549156824,"D3A":21.988171036164939,"D3AAO":13.634654308885114,"D3B":0,"D4A":96.560000000000002,"D4C":215,"D4D":28145.543139900001,"D5AR":811811,"D5BR":3701987}},{"type":"Feature","id":155851,"geometry":{"type":"Polygon","coordinates":[[[-73.945712433113215,40.777868271502179],[-73.946171432697525,40.777239271415979],[-73.943820432004514,40.776243271004965],[-73.943380432686766,40.776876271589998],[-73.945712433113215,40.777868271502179]]]},"properties":{"OBJECTID":155851,"GEOID20":"360610144023","GEOID10":"360610144023","STATEFP":"36","COUNTYFP":"061","D1C":15.90109963942577,"D1C5_RET":0,"D2B_E5MIXA":0.46960283427172755,"D3A":13.82404636129379,"D3AAO":0,"D3B":143.33395220753323,"D4A":347.35000000000002,"D4C":44.329999999999998,"D4D":6353.9941013600001,"D5AR":732112,"D5BR":2514731}},{"type":"Feature","id":155852,"geometry":{"type":"Polygon","coordinates":[[[-73.946749433005834,40.776447271526564],[-73.947123433997959,40.775937270748642],[-73.94476643345719,40.774944270566252],[-73.945729433729966,40.773630270179737],[-73.944467432808111,40.773073270632665],[-73.944338432936675,40.773116270768909],[-73.942759431822438,40.774880270769501],[-73.942359431789356,40.775813270941562],[-73.941938431839873,40.776039271217478],[-73.942236432664018,40.777575271505434],[-73.942914432531438,40.77750127183819],[-73.943820432004514,40.776243271004965],[-73.946171432697525,40.777239271415979],[-73.946749433005834,40.776447271526564]]]},"properties":{"OBJECTID":155852,"GEOID20":"360610144024","GEOID10":"360610144024","STATEFP":"36","COUNTYFP":"061","D1C":10.301114189683007,"D1C5_RET":1.995077451756788,"D2B_E5MIXA":0.80441161145205353,"D3A":60.083031393488881,"D3AAO":16.139636829851607,"D3B":384.86358703378289,"D4A":312.48000000000002,"D4C":58.670000000000002,"D4D":1440.78271129,"D5AR":810241,"D5BR":3130570}},{"type":"Feature","id":155853,"geometry":{"type":"Polygon","coordinates":[[[-73.983856444280875,40.770488268306899],[-73.984316445486741,40.769856268851242],[-73.982094444665165,40.768901268597297],[-73.982094443766854,40.768406267944897],[-73.982357444430903,40.768243268257656],[-73.98241044503267,40.767973267850131],[-73.982308444925408,40.767824268019787],[-73.982004443355166,40.76769626757455],[-73.98160744369514,40.767750268377142],[-73.981432443792954,40.767882267810805],[-73.981382443564229,40.768122268026744],[-73.981696444281923,40.768406267944897],[-73.980565443779639,40.76991326882704],[-73.983469444666596,40.771144268738311],[-73.983856444280875,40.770488268306899]]]},"properties":{"OBJECTID":155853,"GEOID20":"360610145003","GEOID10":"360610145003","STATEFP":"36","COUNTYFP":"061","D1C":893.96989930093412,"D1C5_RET":15.372705760921484,"D2B_E5MIXA":0.30290474214736163,"D3A":46.53875892265301,"D3AAO":8.6528166497346746,"D3B":251.08342708987573,"D4A":0,"D4C":265.32999999999998,"D4D":13318.6656757,"D5AR":819248,"D5BR":2719356}},{"type":"Feature","id":155866,"geometry":{"type":"Polygon","coordinates":[[[-73.957203436089273,40.780187271650114],[-73.957703436579791,40.779504271025502],[-73.954483436223626,40.778147272145858],[-73.953985435382947,40.778830271758089],[-73.957203436089273,40.780187271650114]]]},"properties":{"OBJECTID":155866,"GEOID20":"360610148012","GEOID10":"360610148012","STATEFP":"36","COUNTYFP":"061","D1C":142.31178965265556,"D1C5_RET":55.602283180023818,"D2B_E5MIXA":0.82799131425392247,"D3A":34.277972712169316,"D3AAO":0,"D3B":0,"D4A":0,"D4C":254.66999999999999,"D4D":24493.376791300001,"D5AR":777434,"D5BR":3593670}},{"type":"Feature","id":155867,"geometry":{"type":"Polygon","coordinates":[[[-73.950337434506309,40.779818271326313],[-73.950793434615903,40.779187271451825],[-73.94842343365633,40.778190270358586],[-73.947969434094873,40.778815271168746],[-73.950337434506309,40.779818271326313]]]},"properties":{"OBJECTID":155867,"GEOID20":"360610146023","GEOID10":"360610146023","STATEFP":"36","COUNTYFP":"061","D1C":40.013733602566482,"D1C5_RET":11.114926000712913,"D2B_E5MIXA":0.71560026227792028,"D3A":23.119393935847832,"D3AAO":2.8840825838722002,"D3B":0,"D4A":242.74000000000001,"D4C":116,"D4D":16503.442125900001,"D5AR":810513,"D5BR":3644807}},{"type":"Feature","id":155868,"geometry":{"type":"Polygon","coordinates":[[[-73.950793434615903,40.779187271451825],[-73.951249433827172,40.778559270882916],[-73.948881434314018,40.777561271960806],[-73.94842343365633,40.778190270358586],[-73.950793434615903,40.779187271451825]]]},"properties":{"OBJECTID":155868,"GEOID20":"360610146025","GEOID10":"360610146025","STATEFP":"36","COUNTYFP":"061","D1C":82.368687217187897,"D1C5_RET":9.7687930931435769,"D2B_E5MIXA":0.63545778787492524,"D3A":19.073192082777165,"D3AAO":3.9806575369982031,"D3B":0,"D4A":246.77000000000001,"D4C":214.66999999999999,"D4D":30502.790011699999,"D5AR":816821,"D5BR":3644520}},{"type":"Feature","id":155869,"geometry":{"type":"Polygon","coordinates":[[[-73.951432435023591,40.778308270752881],[-73.95174443429481,40.777883270944848],[-73.949375434956764,40.77688427005215],[-73.948881434314018,40.777561271960806],[-73.951249433827172,40.778559270882916],[-73.951432435023591,40.778308270752881]]]},"properties":{"OBJECTID":155869,"GEOID20":"360610146026","GEOID10":"360610146026","STATEFP":"36","COUNTYFP":"061","D1C":39.55071540858382,"D1C5_RET":4.3258594978138554,"D2B_E5MIXA":0.79141255771766394,"D3A":30.884345547841598,"D3AAO":1.1013970674526048,"D3B":0,"D4A":100.58,"D4C":215,"D4D":28344.679376200002,"D5AR":825691,"D5BR":3702749}},{"type":"Feature","id":155870,"geometry":{"type":"Polygon","coordinates":[[[-73.982196444772427,40.772872268709072],[-73.982591443884317,40.77235326864686],[-73.979653443560494,40.771164269338364],[-73.979194443077844,40.771790268952707],[-73.982073444748778,40.772997269279593],[-73.982196444772427,40.772872268709072]]]},"properties":{"OBJECTID":155870,"GEOID20":"360610149003","GEOID10":"360610149003","STATEFP":"36","COUNTYFP":"061","D1C":101.19157133735213,"D1C5_RET":52.128991294999587,"D2B_E5MIXA":0.74393529910648648,"D3A":32.762959213457634,"D3AAO":9.896998128552001,"D3B":0,"D4A":205.19,"D4C":158,"D4D":18239.750115399998,"D5AR":742666,"D5BR":2568746}},{"type":"Feature","id":155871,"geometry":{"type":"Polygon","coordinates":[[[-73.982591443884317,40.77235326864686],[-73.983034445371729,40.77177026854109],[-73.980113442969696,40.770537269195565],[-73.979653443560494,40.771164269338364],[-73.982591443884317,40.77235326864686]]]},"properties":{"OBJECTID":155871,"GEOID20":"360610149004","GEOID10":"360610149004","STATEFP":"36","COUNTYFP":"061","D1C":364.06981486027456,"D1C5_RET":8.3988021482310078,"D2B_E5MIXA":0.82666452812854696,"D3A":22.391879102595933,"D3AAO":12.09766037989295,"D3B":0,"D4A":132.77000000000001,"D4C":158,"D4D":18462.758113700002,"D5AR":811480,"D5BR":2655851}},{"type":"Feature","id":155872,"geometry":{"type":"Polygon","coordinates":[[[-73.960920439257819,40.780858271679385],[-73.961362438225379,40.78024927124163],[-73.95977543761353,40.779550271573996],[-73.958815437713795,40.780866271702706],[-73.960417437495948,40.781540272078196],[-73.960920439257819,40.780858271679385]]]},"properties":{"OBJECTID":155872,"GEOID20":"360610150012","GEOID10":"360610150012","STATEFP":"36","COUNTYFP":"061","D1C":115.79369161016334,"D1C5_RET":14.986921938645118,"D2B_E5MIXA":0.75509568956663708,"D3A":18.67966277267605,"D3AAO":0,"D3B":100.96458567770341,"D4A":135.44999999999999,"D4C":192.33000000000001,"D4D":19418.518763399999,"D5AR":668934,"D5BR":3761189}},{"type":"Feature","id":155874,"geometry":{"type":"Polygon","coordinates":[[[-73.987712446468308,40.775381268774424],[-73.988178446623621,40.774743268860817],[-73.985333446186203,40.773539269043773],[-73.984413445571121,40.774816269550527],[-73.98724244701333,40.77602526930832],[-73.987712446468308,40.775381268774424]]]},"properties":{"OBJECTID":155874,"GEOID20":"360610151003","GEOID10":"360610151003","STATEFP":"36","COUNTYFP":"061","D1C":79.118529112602943,"D1C5_RET":2.4525835660623185,"D2B_E5MIXA":0.18977613414679165,"D3A":38.694806962397983,"D3AAO":5.8681048605980992,"D3B":0,"D4A":182.38999999999999,"D4C":97,"D4D":5639.1254733799997,"D5AR":719856,"D5BR":2363679}},{"type":"Feature","id":155875,"geometry":{"type":"Polygon","coordinates":[[[-73.99597044956775,40.774020269263339],[-73.996143448921799,40.77383926863893],[-73.993953448785575,40.772884268485576],[-73.993326448073461,40.772839268802215],[-73.99378344800796,40.772207268577695],[-73.99091444817941,40.770996268601102],[-73.98724244701333,40.77602526930832],[-73.990915448004316,40.77755026891527],[-73.992420447702088,40.775568269265257],[-73.992684447292731,40.774978269434044],[-73.993975449425207,40.773137268088313],[-73.99597044956775,40.774020269263339]]]},"properties":{"OBJECTID":155875,"GEOID20":"360610151004","GEOID10":"360610151004","STATEFP":"36","COUNTYFP":"061","D1C":11.872150216540541,"D1C5_RET":1.6452743607174294,"D2B_E5MIXA":0.72183357860125286,"D3A":28.509066554318654,"D3AAO":8.2566779372167272,"D3B":200.98630458771575,"D4A":130.09,"D4C":39.329999999999998,"D4D":455.89661222900003,"D5AR":797838,"D5BR":2378636}},{"type":"Feature","id":155876,"geometry":{"type":"Polygon","coordinates":[[[-73.983107445166652,40.776609268793521],[-73.983506444476518,40.776066268914413],[-73.9806614440391,40.774860269247228],[-73.980204444104615,40.775487269411904],[-73.983048444717127,40.776691269300315],[-73.983107445166652,40.776609268793521]]]},"properties":{"OBJECTID":155876,"GEOID20":"360610153002","GEOID10":"360610153002","STATEFP":"36","COUNTYFP":"061","D1C":68.263052728157874,"D1C5_RET":14.429588381561826,"D2B_E5MIXA":0.88061515290719106,"D3A":37.900606324784285,"D3AAO":11.756459915246044,"D3B":118.39662261794319,"D4A":151.55000000000001,"D4C":162.33000000000001,"D4D":19219.3237496,"D5AR":768563,"D5BR":2702713}},{"type":"Feature","id":155878,"geometry":{"type":"Polygon","coordinates":[[[-73.945671433105318,40.781955271921859],[-73.94613243323775,40.781324272621831],[-73.944266432966657,40.780561271577021],[-73.944475433204033,40.78147927223992],[-73.944475433204033,40.782006272317076],[-73.944343432959542,40.78252827215006],[-73.944055433079455,40.782972272727442],[-73.944724432726048,40.783255272547024],[-73.945671433105318,40.781955271921859]]]},"properties":{"OBJECTID":155878,"GEOID20":"360610152001","GEOID10":"360610152001","STATEFP":"36","COUNTYFP":"061","D1C":18.416686195688115,"D1C5_RET":0,"D2B_E5MIXA":0,"D3A":24.158917879951165,"D3AAO":1.4429250514228416,"D3B":104.3068952676141,"D4A":159.59,"D4C":79.329999999999998,"D4D":8274.6660015800007,"D5AR":917639,"D5BR":3136067}},{"type":"Feature","id":155879,"geometry":{"type":"Polygon","coordinates":[[[-73.947050434203021,40.780072271662156],[-73.947509433787332,40.779446271856038],[-73.945256433003621,40.778494271213972],[-73.944776432604598,40.779153272017147],[-73.947050434203021,40.780072271662156]]]},"properties":{"OBJECTID":155879,"GEOID20":"360610152004","GEOID10":"360610152004","STATEFP":"36","COUNTYFP":"061","D1C":39.441237583049165,"D1C5_RET":4.7876646777111702,"D2B_E5MIXA":0.71088714635824635,"D3A":26.168551005642556,"D3AAO":0,"D3B":0,"D4A":150.21000000000001,"D4C":44.329999999999998,"D4D":6468.1805763900002,"D5AR":887245,"D5BR":2464597}},{"type":"Feature","id":155880,"geometry":{"type":"Polygon","coordinates":[[[-73.97974744417013,40.776114269781594],[-73.980204444104615,40.775487269411904],[-73.977371443362756,40.774289269573508],[-73.97691344270504,40.774917269692253],[-73.97974744417013,40.776114269781594]]]},"properties":{"OBJECTID":155880,"GEOID20":"360610153005","GEOID10":"360610153005","STATEFP":"36","COUNTYFP":"061","D1C":34.521029988752822,"D1C5_RET":11.692606931674344,"D2B_E5MIXA":0.71324934614073898,"D3A":29.39186528304057,"D3AAO":0,"D3B":79.227685963412696,"D4A":185.06999999999999,"D4C":161.33000000000001,"D4D":19163.122303600001,"D5AR":660782,"D5BR":2718609}},{"type":"Feature","id":155881,"geometry":{"type":"Polygon","coordinates":[[[-73.980204444104615,40.775487269411904],[-73.9806614440391,40.774860269247228],[-73.977828443297241,40.773664269039713],[-73.977371443362756,40.774289269573508],[-73.980204444104615,40.775487269411904]]]},"properties":{"OBJECTID":155881,"GEOID20":"360610153006","GEOID10":"360610153006","STATEFP":"36","COUNTYFP":"061","D1C":38.136625857376465,"D1C5_RET":2.4184201763214341,"D2B_E5MIXA":0.75271418848323624,"D3A":39.4067427759217,"D3AAO":0,"D3B":158.82685413553497,"D4A":156.91,"D4C":155.66999999999999,"D4D":18534.1652049,"D5AR":661659,"D5BR":2452150}},{"type":"Feature","id":155882,"geometry":{"type":"Polygon","coordinates":[[[-73.950101433606449,40.780140271614052],[-73.950337434506309,40.779818271326313],[-73.947969434094873,40.778815271168746],[-73.947509433787332,40.779446271856038],[-73.949881434396744,40.780444271708014],[-73.950101433606449,40.780140271614052]]]},"properties":{"OBJECTID":155882,"GEOID20":"360610154006","GEOID10":"360610154006","STATEFP":"36","COUNTYFP":"061","D1C":36.117606371447117,"D1C5_RET":8.1984750659113086,"D2B_E5MIXA":0.9052491611959379,"D3A":6.9091677513482281,"D3AAO":0,"D3B":0,"D4A":158.25,"D4C":116,"D4D":16450.129429500001,"D5AR":668686,"D5BR":3155390}},{"type":"Feature","id":155883,"geometry":{"type":"Polygon","coordinates":[[[-73.952123436208112,40.781395271701847],[-73.952576435046325,40.78076127140492],[-73.950337434506309,40.779818271326313],[-73.949881434396744,40.780444271708014],[-73.952123436208112,40.781395271701847]]]},"properties":{"OBJECTID":155883,"GEOID20":"360610154008","GEOID10":"360610154008","STATEFP":"36","COUNTYFP":"061","D1C":33.025765859312394,"D1C5_RET":5.6214069547765781,"D2B_E5MIXA":0.76844014830792373,"D3A":8.7775473486802031,"D3AAO":7.4353551614895377,"D3B":0,"D4A":233.34999999999999,"D4C":215,"D4D":32229.3998741,"D5AR":798417,"D5BR":3667040}},{"type":"Feature","id":155884,"geometry":{"type":"Polygon","coordinates":[[[-73.950283434977948,40.783899272247297],[-73.950740435810758,40.783270272133684],[-73.948502434197351,40.782325271833365],[-73.948040434239985,40.782950271828099],[-73.950283434977948,40.783899272247297]]]},"properties":{"OBJECTID":155884,"GEOID20":"360610154009","GEOID10":"360610154009","STATEFP":"36","COUNTYFP":"061","D1C":26.732627157375774,"D1C5_RET":7.2693986129706056,"D2B_E5MIXA":0.79115412880063662,"D3A":16.432340180322875,"D3AAO":9.0329576872927753,"D3B":0,"D4A":202.50999999999999,"D4C":154.66999999999999,"D4D":23212.549852200002,"D5AR":824954,"D5BR":3569938}},{"type":"Feature","id":155886,"geometry":{"type":"Polygon","coordinates":[[[-73.987095445801927,40.779172269582659],[-73.98729244634373,40.778778269655206],[-73.985714445952709,40.778120270532945],[-73.985449445638835,40.778484269637111],[-73.987095445801927,40.779172269582659]]]},"properties":{"OBJECTID":155886,"GEOID20":"360610155003","GEOID10":"360610155003","STATEFP":"36","COUNTYFP":"061","D1C":21.403464601344982,"D1C5_RET":0,"D2B_E5MIXA":0.59345637882167923,"D3A":10.396779554612664,"D3AAO":0,"D3B":0,"D4A":54.990000000000002,"D4C":123.67,"D4D":44580.4878694,"D5AR":801288,"D5BR":2503231}},{"type":"Feature","id":155887,"geometry":{"type":"Polygon","coordinates":[[[-73.98811144667647,40.777124269725597],[-73.988431447241922,40.77653926934267],[-73.98724244701333,40.77602526930832],[-73.986816447040994,40.776607270190155],[-73.98811144667647,40.777124269725597]]]},"properties":{"OBJECTID":155887,"GEOID20":"360610155005","GEOID10":"360610155005","STATEFP":"36","COUNTYFP":"061","D1C":19.300305552081241,"D1C5_RET":0,"D2B_E5MIXA":0.53057721199079744,"D3A":40.919701435034114,"D3AAO":0,"D3B":502.22219481474224,"D4A":63.030000000000001,"D4C":45.670000000000002,"D4D":13759.1407542,"D5AR":754298,"D5BR":2344560}},{"type":"Feature","id":155977,"geometry":{"type":"Polygon","coordinates":[[[-73.960653440192445,40.812464277786496],[-73.961112439776755,40.811838277393718],[-73.958273438288799,40.810637277408851],[-73.957809438681608,40.811272277473947],[-73.960653440192445,40.812464277786496]]]},"properties":{"OBJECTID":155977,"GEOID20":"360610211007","GEOID10":"360610211007","STATEFP":"36","COUNTYFP":"061","D1C":59.787125822962885,"D1C5_RET":0,"D2B_E5MIXA":0.48120590764034277,"D3A":23.37355413569734,"D3AAO":0,"D3B":0,"D4A":191.78,"D4C":64,"D4D":7535.0174575600004,"D5AR":654061,"D5BR":2557074}},{"type":"Feature","id":155978,"geometry":{"type":"Polygon","coordinates":[[[-73.954090438558197,40.816369278525698],[-73.954548437419291,40.815745279090294],[-73.952975437949434,40.815078278410596],[-73.95276443806226,40.816551278870072],[-73.951769438002415,40.817918278533547],[-73.950881436276077,40.818403279009289],[-73.952201437822538,40.818958279015696],[-73.954090438558197,40.816369278525698]]]},"properties":{"OBJECTID":155978,"GEOID20":"360610213031","GEOID10":"360610213031","STATEFP":"36","COUNTYFP":"061","D1C":28.100462901601617,"D1C5_RET":0.95579805787760597,"D2B_E5MIXA":0.44884468597720367,"D3A":21.584114247091424,"D3AAO":0,"D3B":142.77329069352527,"D4A":0,"D4C":134,"D4D":8196.9241443600004,"D5AR":753596,"D5BR":2578148}},{"type":"Feature","id":155981,"geometry":{"type":"Polygon","coordinates":[[[-73.954587438675645,40.820777279377339],[-73.95507743912043,40.820105279632507],[-73.952201437822538,40.818958279015696],[-73.950830437120771,40.820837278465035],[-73.953677439004636,40.822027278956682],[-73.954587438675645,40.820777279377339]]]},"properties":{"OBJECTID":155981,"GEOID20":"360610223012","GEOID10":"360610223012","STATEFP":"36","COUNTYFP":"061","D1C":32.573524383352591,"D1C5_RET":10.97781760985916,"D2B_E5MIXA":0.71509681654809965,"D3A":23.163843472178826,"D3AAO":0,"D3B":91.470046471493788,"D4A":168.97999999999999,"D4C":103,"D4D":4036.5958811300002,"D5AR":728258,"D5BR":2574194}},{"type":"Feature","id":155983,"geometry":{"type":"Polygon","coordinates":[[[-73.940931433881104,40.819105278981851],[-73.941392434013551,40.818479279386203],[-73.93854043300513,40.817290279195213],[-73.938088433093498,40.817908280175487],[-73.940931433881104,40.819105278981851]]]},"properties":{"OBJECTID":155983,"GEOID20":"360610230005","GEOID10":"360610230005","STATEFP":"36","COUNTYFP":"061","D1C":7.6445393610339742,"D1C5_RET":2.983234872598624,"D2B_E5MIXA":0.64308487401836689,"D3A":39.778817940655678,"D3AAO":0,"D3B":0,"D4A":256.14999999999998,"D4C":83.670000000000002,"D4D":9984.2904716100002,"D5AR":787191,"D5BR":2544813}},{"type":"Feature","id":155984,"geometry":{"type":"Polygon","coordinates":[[[-73.944408435951814,40.824521281217685],[-73.944757435931294,40.824040279720506],[-73.942925435097052,40.823268280499995],[-73.940596435043659,40.826422280191643],[-73.94110343520687,40.826719281102136],[-73.942454434020547,40.827215280696194],[-73.944408435951814,40.824521281217685]]]},"properties":{"OBJECTID":155984,"GEOID20":"360610231001","GEOID10":"360610231001","STATEFP":"36","COUNTYFP":"061","D1C":8.3981795507779236,"D1C5_RET":2.7610453317626051,"D2B_E5MIXA":0.67830666505208559,"D3A":36.060521039724321,"D3AAO":0,"D3B":227.10382031342144,"D4A":0,"D4C":135,"D4D":4838.8598078100003,"D5AR":736195,"D5BR":2267732}},{"type":"Feature","id":155985,"geometry":{"type":"Polygon","coordinates":[[[-73.941998434809278,40.82783128118875],[-73.942454434020547,40.827215280696194],[-73.94110343520687,40.826719281102136],[-73.940596435043659,40.826422280191643],[-73.939249433733011,40.828304281955745],[-73.938589434307247,40.829725281409239],[-73.940168434523173,40.830391281772151],[-73.941998434809278,40.82783128118875]]]},"properties":{"OBJECTID":155985,"GEOID20":"360610235012","GEOID10":"360610235012","STATEFP":"36","COUNTYFP":"061","D1C":4.9053271853232614,"D1C5_RET":0.23928425294259811,"D2B_E5MIXA":0.78106431518676178,"D3A":40.315385839674768,"D3AAO":0,"D3B":262.80274321475275,"D4A":195.80000000000001,"D4C":124.67,"D4D":4679.1799480999998,"D5AR":763941,"D5BR":2547048}},{"type":"Feature","id":155987,"geometry":{"type":"Polygon","coordinates":[[[-73.937674434613356,40.823574280170646],[-73.938130433824611,40.822942280821579],[-73.935336432542513,40.821757279660801],[-73.936228432670177,40.820446280363946],[-73.934118432001597,40.81955927984049],[-73.933824431375427,40.819499278916929],[-73.934139431917984,40.823046279708628],[-73.93450843288727,40.823069280198716],[-73.937221433978522,40.824196280845527],[-73.937674434613356,40.823574280170646]]]},"properties":{"OBJECTID":155987,"GEOID20":"360610236004","GEOID10":"360610236004","STATEFP":"36","COUNTYFP":"061","D1C":17.238881989642422,"D1C5_RET":0.99729069361567735,"D2B_E5MIXA":0.35537001898126497,"D3A":39.424805662418564,"D3AAO":14.982012137746766,"D3B":232.94334541940486,"D4A":0,"D4C":73.329999999999998,"D4D":2227.08416162,"D5AR":764234,"D5BR":2670861}},{"type":"Feature","id":156018,"geometry":{"type":"Polygon","coordinates":[[[-73.979505442524157,40.7496112647868],[-73.979955441887626,40.748993263604895],[-73.978339441861792,40.748311263280947],[-73.976049441268145,40.751449265532933],[-73.977678440814472,40.752127264936185],[-73.979505442524157,40.7496112647868]]]},"properties":{"OBJECTID":156018,"GEOID20":"360610080002","GEOID10":"360610080002","STATEFP":"36","COUNTYFP":"061","D1C":1296.6304618836989,"D1C5_RET":11.561399700210309,"D2B_E5MIXA":0.62779280252562408,"D3A":40.501027539667504,"D3AAO":8.3477305465269094,"D3B":124.70723272136961,"D4A":170.31999999999999,"D4C":523,"D4D":21740.627571100002,"D5AR":1103362,"D5BR":5809519}},{"type":"Feature","id":156024,"geometry":{"type":"Polygon","coordinates":[[[-73.923111431419159,40.867024289213688],[-73.92188543048232,40.865108288706509],[-73.919997430469905,40.865805290116249],[-73.921215431909118,40.867701289439836],[-73.923111431419159,40.867024289213688]]]},"properties":{"OBJECTID":156024,"GEOID20":"360610293003","GEOID10":"360610293003","STATEFP":"36","COUNTYFP":"061","D1C":48.528712995288153,"D1C5_RET":14.296033687990699,"D2B_E5MIXA":0.75936425691533915,"D3A":29.965893533919992,"D3AAO":0,"D3B":124.48247020835437,"D4A":225.31,"D4C":85.329999999999998,"D4D":5311.0445914399997,"D5AR":645272,"D5BR":1799738}},{"type":"Feature","id":156025,"geometry":{"type":"Polygon","coordinates":[[[-73.930083432408992,40.854318287112783],[-73.930540432343491,40.853693286506022],[-73.929148432623606,40.853108286874281],[-73.928255433569348,40.854329286266172],[-73.929645432741069,40.854916286989784],[-73.930083432408992,40.854318287112783]]]},"properties":{"OBJECTID":156025,"GEOID20":"360610277002","GEOID10":"360610277002","STATEFP":"36","COUNTYFP":"061","D1C":12.248150801410118,"D1C5_RET":5.6380376704903714,"D2B_E5MIXA":0.6558975345936453,"D3A":17.731795840156455,"D3AAO":0,"D3B":124.42565893495993,"D4A":111.31,"D4C":59,"D4D":7341.1138771599999,"D5AR":641148,"D5BR":2420615}},{"type":"Feature","id":156026,"geometry":{"type":"Polygon","coordinates":[[[-73.982010443202952,40.743273263365346],[-73.982463442041166,40.742653262871741],[-73.980860442434107,40.741978262305793],[-73.979509440925497,40.743833262949153],[-73.981110441781041,40.744506263496667],[-73.982010443202952,40.743273263365346]]]},"properties":{"OBJECTID":156026,"GEOID20":"360610072004","GEOID10":"360610072004","STATEFP":"36","COUNTYFP":"061","D1C":51.906704423329302,"D1C5_RET":7.7804482004990385,"D2B_E5MIXA":0.82203845203257575,"D3A":28.958458928914478,"D3AAO":0,"D3B":0,"D4A":241.40000000000001,"D4C":230,"D4D":16361.171073,"D5AR":987185,"D5BR":5288151}},{"type":"Feature","id":156027,"geometry":{"type":"Polygon","coordinates":[[[-73.978801443615779,40.777418270320752],[-73.979282442941383,40.776737269755976],[-73.976459443143597,40.775541270005384],[-73.975956442280051,40.776228269831442],[-73.978801443615779,40.777418270320752]]]},"properties":{"OBJECTID":156027,"GEOID20":"360610157003","GEOID10":"360610157003","STATEFP":"36","COUNTYFP":"061","D1C":114.8456846563089,"D1C5_RET":1.1963092151698844,"D2B_E5MIXA":0.73623714126703987,"D3A":22.031116744790488,"D3AAO":0,"D3B":72.954378903387408,"D4A":115.34,"D4C":161,"D4D":17609.677666299998,"D5AR":702689,"D5BR":2720096}},{"type":"Feature","id":156028,"geometry":{"type":"Polygon","coordinates":[[[-73.961549439619759,40.806144276579445],[-73.962009439927314,40.805517275491738],[-73.960075439884136,40.804714275658782],[-73.959827439288702,40.805443276360677],[-73.958408438906332,40.807427276245576],[-73.960107439671177,40.808128276585251],[-73.961549439619759,40.806144276579445]]]},"properties":{"OBJECTID":156028,"GEOID20":"360610201011","GEOID10":"360610201011","STATEFP":"36","COUNTYFP":"061","D1C":228.17146211185693,"D1C5_RET":0,"D2B_E5MIXA":0.056316631772948704,"D3A":29.919609300178255,"D3AAO":0,"D3B":125.30427422519753,"D4A":207.87,"D4C":118,"D4D":5544.0211318199999,"D5AR":569840,"D5BR":2202733}},{"type":"Feature","id":156029,"geometry":{"type":"Polygon","coordinates":[[[-74.008602450396879,40.711400255751769],[-74.008349448880267,40.711367255973869],[-74.007969448938681,40.71145525625306],[-74.008228449404754,40.711555255686299],[-74.008080449266743,40.711729255758428],[-74.00750844880622,40.71167725563582],[-74.005741448269319,40.712097256565606],[-74.00498844805881,40.712383256635782],[-74.004292448648044,40.712916256614584],[-74.003604447836537,40.713654257188416],[-74.002599446832647,40.714321256552104],[-74.002116446958894,40.715167257121685],[-73.999957446784848,40.718025256861104],[-74.001885446980225,40.71940625812833],[-74.008602450396879,40.711400255751769]]]},"properties":{"OBJECTID":156029,"GEOID20":"360610031001","GEOID10":"360610031001","STATEFP":"36","COUNTYFP":"061","D1C":1363.9540274423787,"D1C5_RET":11.873706935324279,"D2B_E5MIXA":0.49192524066843391,"D3A":47.903222739471261,"D3AAO":0.42896611096848686,"D3B":299.1511588631443,"D4A":108.63,"D4C":466.67000000000002,"D4D":5896.9701489700001,"D5AR":776645,"D5BR":6039092}},{"type":"Feature","id":156030,"geometry":{"type":"Polygon","coordinates":[[[-73.937270435280624,40.844485284522122],[-73.937519434802653,40.844145284046704],[-73.93612743328616,40.843558284397268],[-73.934687433885713,40.845528284491778],[-73.936079434503895,40.846113284452343],[-73.937270435280624,40.844485284522122]]]},"properties":{"OBJECTID":156030,"GEOID20":"360610261001","GEOID10":"360610261001","STATEFP":"36","COUNTYFP":"061","D1C":25.809749222707442,"D1C5_RET":7.7188035058564308,"D2B_E5MIXA":0.76515819132354956,"D3A":32.674154786624484,"D3AAO":0,"D3B":154.37607011712862,"D4A":303.08999999999997,"D4C":128,"D4D":9880.0684875000006,"D5AR":702858,"D5BR":2385443}},{"type":"Feature","id":156031,"geometry":{"type":"Polygon","coordinates":[[[-73.951970437843869,40.827049280855867],[-73.952482438029946,40.826411280484862],[-73.950941437448861,40.825765280043399],[-73.949961436559306,40.827112281450248],[-73.951274437534778,40.827666280743962],[-73.951970437843869,40.827049280855867]]]},"properties":{"OBJECTID":156031,"GEOID20":"360610229001","GEOID10":"360610229001","STATEFP":"36","COUNTYFP":"061","D1C":15.265791521896077,"D1C5_RET":9.2265772934536727,"D2B_E5MIXA":0.67662148050965165,"D3A":35.417572064456245,"D3AAO":0,"D3B":107.36380850564272,"D4A":99.239999999999995,"D4C":76.329999999999998,"D4D":8195.0795032400001,"D5AR":727528,"D5BR":2560731}},{"type":"Feature","id":156032,"geometry":{"type":"Polygon","coordinates":[[[-73.95395843831372,40.806361277110483],[-73.95441743789803,40.805733276489747],[-73.951573437285532,40.804534275965274],[-73.951114435904586,40.805162276372563],[-73.952808437544874,40.805878276759032],[-73.952918437149719,40.807788276642079],[-73.95395843831372,40.806361277110483]]]},"properties":{"OBJECTID":156032,"GEOID20":"360610220004","GEOID10":"360610220004","STATEFP":"36","COUNTYFP":"061","D1C":28.645999431541689,"D1C5_RET":2.1547875678593305,"D2B_E5MIXA":0.7584060673703853,"D3A":54.352654583945139,"D3AAO":0,"D3B":162.24282863882019,"D4A":131.43000000000001,"D4C":178.66999999999999,"D4D":14493.963096400001,"D5AR":748008,"D5BR":2739935}},{"type":"Feature","id":156070,"geometry":{"type":"Polygon","coordinates":[[[-73.94442743621839,40.834689282315495],[-73.944880436853254,40.83406728218764],[-73.94203343496936,40.832873282341026],[-73.9415784346847,40.833495282116282],[-73.94442743621839,40.834689282315495]]]},"properties":{"OBJECTID":156070,"GEOID20":"360610241005","GEOID10":"360610241005","STATEFP":"36","COUNTYFP":"061","D1C":31.561311957049725,"D1C5_RET":5.9761064060685873,"D2B_E5MIXA":0.61085703794150303,"D3A":30.754648242079803,"D3AAO":0,"D3B":119.52212812137175,"D4A":0,"D4C":97.329999999999998,"D4D":11633.0887301,"D5AR":682195,"D5BR":2354059}},{"type":"Feature","id":156076,"geometry":{"type":"Polygon","coordinates":[[[-73.96158943710779,40.749831265437848],[-73.961561436620386,40.749466264825891],[-73.959903435863424,40.750567265616411],[-73.959049435370574,40.751304266177407],[-73.959041435872976,40.751401265222768],[-73.957915436291898,40.752118265185118],[-73.956925434458299,40.752969266731661],[-73.95519543462963,40.754783266560892],[-73.955074434255806,40.754807266520253],[-73.95327043480728,40.756389266564895],[-73.952549434383826,40.757119267350717],[-73.951779433556595,40.758411268117513],[-73.951261434421042,40.758818267548776],[-73.950335433059863,40.7598652668947],[-73.949432433959871,40.760557268657557],[-73.946627431908766,40.763873268398122],[-73.947181432825957,40.764144269303657],[-73.947383432492316,40.764076267947573],[-73.947644433506554,40.764200268567166],[-73.948055433410289,40.763723268044451],[-73.948448432872368,40.763483267590878],[-73.949138434231983,40.764047268438652],[-73.949832433094613,40.763594268367633],[-73.949973433559933,40.763654268802249],[-73.951518434338979,40.761982267712817],[-73.952404433720574,40.760636267214785],[-73.953168434700032,40.759881267233162],[-73.953844434019331,40.759363267333413],[-73.95546343441822,40.757324266297537],[-73.958483435656149,40.753940266319809],[-73.959017435583519,40.753603265473672],[-73.960215436032939,40.752041265374679],[-73.96158943710779,40.749831265437848]]]},"properties":{"OBJECTID":156076,"GEOID20":"360610238011","GEOID10":"360610238011","STATEFP":"36","COUNTYFP":"061","D1C":43.991417212210187,"D1C5_RET":0.43772554440010136,"D2B_E5MIXA":0.32271753021073818,"D3A":42.926220535517679,"D3AAO":4.8050526477453861,"D3B":264.65017507395129,"D4A":123.38,"D4C":52.329999999999998,"D4D":384.53821079099998,"D5AR":630770,"D5BR":2306516}},{"type":"Feature","id":156078,"geometry":{"type":"Polygon","coordinates":[[[-73.947644433506554,40.764200268567166],[-73.947383432492316,40.764076267947573],[-73.947181432825957,40.764144269303657],[-73.946627431908766,40.763873268398122],[-73.942853431533763,40.768304268684133],[-73.94122043089115,40.76934226949907],[-73.940560431465386,40.770127270531624],[-73.940285431105778,40.770632269968566],[-73.940193431044264,40.77102327038827],[-73.940284431280887,40.772309270011071],[-73.940029431012746,40.772820270786184],[-73.940102431705995,40.772944270056897],[-73.940291430055254,40.77293727115763],[-73.940726431146743,40.772469270476712],[-73.941418431257873,40.772321269889311],[-73.942147431178938,40.772045269420907],[-73.944659431530411,40.769854270044789],[-73.943558432063682,40.769278269068423],[-73.945194432181012,40.766813269442807],[-73.94610343202713,40.765925268390276],[-73.947644433506554,40.764200268567166]]]},"properties":{"OBJECTID":156078,"GEOID20":"360610238021","GEOID10":"360610238021","STATEFP":"36","COUNTYFP":"061","D1C":1.5274138047659673,"D1C5_RET":0,"D2B_E5MIXA":0.45740776803245331,"D3A":30.689201996325995,"D3AAO":0,"D3B":136.58941230714095,"D4A":258.83999999999997,"D4C":24,"D4D":409.61463143499998,"D5AR":548974,"D5BR":761517}},{"type":"Feature","id":156081,"geometry":{"type":"Polygon","coordinates":[[[-73.944880436853254,40.83406728218764],[-73.945335436239603,40.833445282341252],[-73.942500434949608,40.832249281841065],[-73.94203343496936,40.832873282341026],[-73.944880436853254,40.83406728218764]]]},"properties":{"OBJECTID":156081,"GEOID20":"360610241004","GEOID10":"360610241004","STATEFP":"36","COUNTYFP":"061","D1C":128.26463037288948,"D1C5_RET":1.6754450992104579,"D2B_E5MIXA":0.19732004165567954,"D3A":36.992810269832795,"D3AAO":0,"D3B":79.468222661217808,"D4A":0,"D4C":97.670000000000002,"D4D":11636.673624200001,"D5AR":671978,"D5BR":2353441}},{"type":"Feature","id":156083,"geometry":{"type":"Polygon","coordinates":[[[-73.938090431845012,40.806361277110483],[-73.938545433028011,40.805738277606309],[-73.93532743142336,40.804379277122429],[-73.934392431637988,40.805646277400051],[-73.937637432108474,40.806983277361127],[-73.938090431845012,40.806361277110483]]]},"properties":{"OBJECTID":156083,"GEOID20":"360610242002","GEOID10":"360610242002","STATEFP":"36","COUNTYFP":"061","D1C":79.259024278639018,"D1C5_RET":0,"D2B_E5MIXA":0.409876767064769,"D3A":33.915859427034142,"D3AAO":0.53456708628830052,"D3B":121.92992801901113,"D4A":329.92000000000002,"D4C":204.33000000000001,"D4D":10674.3539812,"D5AR":870848,"D5BR":3482915}},{"type":"Feature","id":156085,"geometry":{"type":"Polygon","coordinates":[[[-73.937958433397156,40.833462282432137],[-73.935500432574045,40.831562283239826],[-73.935391433692402,40.831710282290501],[-73.935505433495237,40.835103282476759],[-73.935616432925002,40.835148282781816],[-73.936408432595229,40.834564283019489],[-73.936497434080337,40.834577282310235],[-73.937958433397156,40.833462282432137]]]},"properties":{"OBJECTID":156085,"GEOID20":"360610243022","GEOID10":"360610243022","STATEFP":"36","COUNTYFP":"061","D1C":0.98411372060295754,"D1C5_RET":0.98411372060295754,"D2B_E5MIXA":0,"D3A":32.043856171358946,"D3AAO":0.52106188683162602,"D3B":133.63908259654147,"D4A":388.92000000000002,"D4C":82.670000000000002,"D4D":4733.4802734599998,"D5AR":862855,"D5BR":2391116}},{"type":"Feature","id":156086,"geometry":{"type":"Polygon","coordinates":[[[-73.939300433786642,40.831704281940475],[-73.939344434167566,40.831620281740648],[-73.938803434567504,40.83141228214734],[-73.938595434155033,40.831503282134648],[-73.938546433751213,40.831320282197474],[-73.938429434473676,40.83127028282135],[-73.93823843467797,40.831345282211238],[-73.938142434418509,40.831204281901471],[-73.938209433467335,40.830937282792767],[-73.938063434775771,40.830584282761194],[-73.936688432977732,40.829981282205488],[-73.935500432574045,40.831562283239826],[-73.937958433397156,40.833462282432137],[-73.938684433843477,40.832809282647162],[-73.93903943456904,40.832289281570034],[-73.939300433786642,40.831704281940475]]]},"properties":{"OBJECTID":156086,"GEOID20":"360610243023","GEOID10":"360610243023","STATEFP":"36","COUNTYFP":"061","D1C":13.087292239235703,"D1C5_RET":0,"D2B_E5MIXA":0.3243445936336885,"D3A":11.443933013701068,"D3AAO":0,"D3B":53.977806356263521,"D4A":344.67000000000002,"D4C":89,"D4D":3601.2179652999998,"D5AR":838063,"D5BR":2390906}},{"type":"Feature","id":156087,"geometry":{"type":"Polygon","coordinates":[[[-73.942504436045894,40.84160128414144],[-73.943067436285588,40.840201284264026],[-73.93982843476455,40.838506282334983],[-73.938344434084854,40.837917283559996],[-73.937333433233178,40.839302283590769],[-73.93968843412415,40.840263283532927],[-73.939335434845049,40.841689284012006],[-73.942014435601109,40.842818284210445],[-73.942504436045894,40.84160128414144]]]},"properties":{"OBJECTID":156087,"GEOID20":"360610251001","GEOID10":"360610251001","STATEFP":"36","COUNTYFP":"061","D1C":33.988616192778551,"D1C5_RET":2.3991964371373098,"D2B_E5MIXA":0.64929344665732913,"D3A":34.755586959548573,"D3AAO":2.02261612363939,"D3B":191.99969354264175,"D4A":297.73000000000002,"D4C":117.67,"D4D":2509.4528422899998,"D5AR":711541,"D5BR":2351906}},{"type":"Feature","id":156088,"geometry":{"type":"Polygon","coordinates":[[[-73.94008043376131,40.830472281938654],[-73.940168434523173,40.830391281772151],[-73.935191432777557,40.828303282072632],[-73.934838432600131,40.828040281706578],[-73.934556432567831,40.828055281370389],[-73.935080433347778,40.832390281967662],[-73.934968433194783,40.83483828368589],[-73.934706433253965,40.835634283449863],[-73.934403433305263,40.836062283272234],[-73.935064432555947,40.8356862824769],[-73.936497434080337,40.834577282310235],[-73.936408432595229,40.834564283019489],[-73.935616432925002,40.835148282781816],[-73.935505433495237,40.835103282476759],[-73.935391433692402,40.831710282290501],[-73.936688432977732,40.829981282205488],[-73.938063434775771,40.830584282761194],[-73.938209433467335,40.830937282792767],[-73.938142434418509,40.831204281901471],[-73.93823843467797,40.831345282211238],[-73.938429434473676,40.83127028282135],[-73.938546433751213,40.831320282197474],[-73.938595434155033,40.831503282134648],[-73.938803434567504,40.83141228214734],[-73.939344434167566,40.831620281740648],[-73.939912435328452,40.830940281643166],[-73.94008043376131,40.830472281938654]]]},"properties":{"OBJECTID":156088,"GEOID20":"360610243021","GEOID10":"360610243021","STATEFP":"36","COUNTYFP":"061","D1C":7.0124997808593816,"D1C5_RET":1.1687499634765637,"D2B_E5MIXA":0.63423033506841409,"D3A":60.040077960864807,"D3AAO":31.078270036857223,"D3B":365.22533646653756,"D4A":134.11000000000001,"D4C":104,"D4D":2589.7208012900001,"D5AR":853580,"D5BR":2425303}},{"type":"Feature","id":156089,"geometry":{"type":"Polygon","coordinates":[[[-73.946824436942165,40.837564283311494],[-73.946807436325415,40.837304282220828],[-73.944575436356402,40.836390283222244],[-73.944298436346983,40.83708628256452],[-73.946641437542368,40.838066283112298],[-73.946824436942165,40.837564283311494]]]},"properties":{"OBJECTID":156089,"GEOID20":"360610247003","GEOID10":"360610247003","STATEFP":"36","COUNTYFP":"061","D1C":2.0270759690414146,"D1C5_RET":0.22523066322682386,"D2B_E5MIXA":0.81443569085389311,"D3A":29.623368200342391,"D3AAO":0,"D3B":0,"D4A":360.75999999999999,"D4C":90.329999999999998,"D4D":13020.8549179,"D5AR":706639,"D5BR":2355688}},{"type":"Feature","id":156090,"geometry":{"type":"Polygon","coordinates":[[[-73.945857436471428,40.838567283460975],[-73.946641437542368,40.838066283112298],[-73.944298436346983,40.83708628256452],[-73.944023435987361,40.837788282555046],[-73.945857436471428,40.838567283460975]]]},"properties":{"OBJECTID":156090,"GEOID20":"360610247004","GEOID10":"360610247004","STATEFP":"36","COUNTYFP":"061","D1C":2.2583395964618145,"D1C5_RET":0,"D2B_E5MIXA":0.4268332262400657,"D3A":47.793654214439229,"D3AAO":0,"D3B":0,"D4A":303.08999999999997,"D4C":95.329999999999998,"D4D":15309.3343097,"D5AR":729825,"D5BR":2356145}},{"type":"Feature","id":156091,"geometry":{"type":"Polygon","coordinates":[[[-73.947722437815926,40.841456283798749],[-73.946503437450119,40.841249284170651],[-73.9446814357633,40.841059283397968],[-73.943067436285588,40.840201284264026],[-73.942280435739903,40.84216228377776],[-73.942912435576559,40.842512284319305],[-73.943065435737452,40.842933283551112],[-73.942293436158707,40.845095285120451],[-73.94262943571934,40.846444284462216],[-73.942434436623998,40.846833284319182],[-73.942055435608992,40.84832528503226],[-73.942743436420486,40.848313285980339],[-73.943005436361304,40.848227285236511],[-73.94333843644722,40.848267284837824],[-73.94357743682184,40.847900285007952],[-73.944070436741342,40.847858284649718],[-73.943188436659412,40.849763285477465],[-73.947006437415354,40.850467285523315],[-73.946702437641733,40.847681285274319],[-73.946895437985589,40.847239284566285],[-73.946814437794743,40.846836283809594],[-73.946529437389373,40.84652628433026],[-73.946575437420137,40.846297284618785],[-73.946288438263281,40.845584284440847],[-73.946050437713581,40.844588284641716],[-73.946295437037648,40.843689284348294],[-73.947722437815926,40.841456283798749]]]},"properties":{"OBJECTID":156091,"GEOID20":"360610255001","GEOID10":"360610255001","STATEFP":"36","COUNTYFP":"061","D1C":436.76393020353726,"D1C5_RET":0.17867940198148308,"D2B_E5MIXA":0.01624127420369454,"D3A":44.33153086862653,"D3AAO":31.962273077221464,"D3B":27.854023719541747,"D4A":178.37,"D4C":187.66999999999999,"D4D":1425.1266716,"D5AR":708201,"D5BR":2372954}},{"type":"Feature","id":156092,"geometry":{"type":"Polygon","coordinates":[[[-73.943065435737452,40.842933283551112],[-73.942912435576559,40.842512284319305],[-73.942280435739903,40.84216228377776],[-73.94186343509007,40.84314528505103],[-73.941143436288172,40.844057284718815],[-73.942460435664955,40.844609284501296],[-73.943065435737452,40.842933283551112]]]},"properties":{"OBJECTID":156092,"GEOID20":"360610255004","GEOID10":"360610255004","STATEFP":"36","COUNTYFP":"061","D1C":9.4018280372022396,"D1C5_RET":3.9776964772778705,"D2B_E5MIXA":0.51109241804075978,"D3A":37.469746600215856,"D3AAO":0,"D3B":231.4296132234397,"D4A":72.420000000000002,"D4C":108.67,"D4D":12574.7280345,"D5AR":716748,"D5BR":2390362}},{"type":"Feature","id":156093,"geometry":{"type":"Polygon","coordinates":[[[-73.934687433885713,40.845528284491778],[-73.935182433455054,40.84485428486316],[-73.933717432143609,40.844255284911043],[-73.933234433168167,40.844918285160773],[-73.934687433885713,40.845528284491778]]]},"properties":{"OBJECTID":156093,"GEOID20":"360610261006","GEOID10":"360610261006","STATEFP":"36","COUNTYFP":"061","D1C":8.8398352077920581,"D1C5_RET":0,"D2B_E5MIXA":0.32050700254885534,"D3A":16.435816126883807,"D3AAO":0,"D3B":0,"D4A":288.33999999999997,"D4C":69.670000000000002,"D4D":15159.909389,"D5AR":746533,"D5BR":2383386}},{"type":"Feature","id":156094,"geometry":{"type":"Polygon","coordinates":[[[-73.944070436741342,40.847858284649718],[-73.94357743682184,40.847900285007952],[-73.94333843644722,40.848267284837824],[-73.943005436361304,40.848227285236511],[-73.942743436420486,40.848313285980339],[-73.942055435608992,40.84832528503226],[-73.938037434836517,40.84756628533848],[-73.937673435686747,40.848400285513087],[-73.937071434190671,40.84894728523841],[-73.938969436045468,40.849303286078744],[-73.940781434991592,40.849737285375006],[-73.940747435554727,40.849573285330003],[-73.941225436303924,40.849576285375917],[-73.941297436273942,40.849379285697374],[-73.943188436659412,40.849763285477465],[-73.944070436741342,40.847858284649718]]]},"properties":{"OBJECTID":156094,"GEOID20":"360610265002","GEOID10":"360610265002","STATEFP":"36","COUNTYFP":"061","D1C":7.6288140305935519,"D1C5_RET":1.6060661117039057,"D2B_E5MIXA":0.91615726723096524,"D3A":111.87982291021778,"D3AAO":78.5163892385889,"D3B":146.78428276161986,"D4A":0,"D4C":169.33000000000001,"D4D":5324.5464010300002,"D5AR":757492,"D5BR":2439232}},{"type":"Feature","id":156095,"geometry":{"type":"Polygon","coordinates":[[[-73.943171436940972,40.849856285211587],[-73.943188436659412,40.849763285477465],[-73.941297436273942,40.849379285697374],[-73.941225436303924,40.849576285375917],[-73.940747435554727,40.849573285330003],[-73.94080543617936,40.849787285772052],[-73.940286436320577,40.851330285333802],[-73.941263436837062,40.851400285419231],[-73.942040436438702,40.851939285910447],[-73.942541435855802,40.851510286471921],[-73.942904436078962,40.851005285909714],[-73.943171436940972,40.849856285211587]]]},"properties":{"OBJECTID":156095,"GEOID20":"360610265003","GEOID10":"360610265003","STATEFP":"36","COUNTYFP":"061","D1C":1.8733791924665177,"D1C5_RET":0,"D2B_E5MIXA":0.65421757360385757,"D3A":97.453575305946089,"D3AAO":65.587373947355175,"D3B":76.162666920851478,"D4A":399.64999999999998,"D4C":132.66999999999999,"D4D":7574.5884710600003,"D5AR":829021,"D5BR":1743308}},{"type":"Feature","id":156098,"geometry":{"type":"Polygon","coordinates":[[[-73.931656432777146,40.855763286949887],[-73.932093433518475,40.855165285885441],[-73.931316433018523,40.854837286440606],[-73.930687433554894,40.855692287247905],[-73.931060433823788,40.855864286911519],[-73.93039243310379,40.85668328661842],[-73.92970143191927,40.857008287405804],[-73.928773431806576,40.857077287478589],[-73.928676433518831,40.857058287071872],[-73.92872243265127,40.856681287028863],[-73.928412432131552,40.856614286814683],[-73.928267432366596,40.856816287386337],[-73.928234431856325,40.857176287221165],[-73.928927432690685,40.857453287183411],[-73.929727432756835,40.857387287194484],[-73.930808433030407,40.856818286971873],[-73.931656432777146,40.855763286949887]]]},"properties":{"OBJECTID":156098,"GEOID20":"360610279006","GEOID10":"360610279006","STATEFP":"36","COUNTYFP":"061","D1C":5.3353251880702137,"D1C5_RET":1.1432839688721885,"D2B_E5MIXA":0.82869678718185458,"D3A":20.411854546312668,"D3AAO":0,"D3B":203.28660524611985,"D4A":143.5,"D4C":94,"D4D":11463.071921500001,"D5AR":633049,"D5BR":2754207}},{"type":"Feature","id":156102,"geometry":{"type":"Polygon","coordinates":[[[-73.941319434218627,40.807721277317711],[-73.94177243305684,40.807097276779274],[-73.940158432680803,40.806417277505226],[-73.937409432502861,40.810184278198996],[-73.939019433579247,40.810864277626791],[-73.941319434218627,40.807721277317711]]]},"properties":{"OBJECTID":156102,"GEOID20":"360610206001","GEOID10":"360610206001","STATEFP":"36","COUNTYFP":"061","D1C":24.297648344766735,"D1C5_RET":0.32614293080223805,"D2B_E5MIXA":0.51637821308499243,"D3A":29.450621581911619,"D3AAO":0,"D3B":69.577158571144111,"D4A":211.90000000000001,"D4C":238.33000000000001,"D4D":8291.1621011299994,"D5AR":795148,"D5BR":3405746}},{"type":"Feature","id":156123,"geometry":{"type":"Polygon","coordinates":[[[-73.970958439719695,40.764224267167954],[-73.971412441077774,40.763596267362388],[-73.969802439103077,40.762922267283543],[-73.967975439190027,40.76542126803102],[-73.969586440091319,40.766099267821112],[-73.970958439719695,40.764224267167954]]]},"properties":{"OBJECTID":156123,"GEOID20":"360610114011","GEOID10":"360610114011","STATEFP":"36","COUNTYFP":"061","D1C":430.50509620854803,"D1C5_RET":39.24856130260649,"D2B_E5MIXA":0.84871565080324951,"D3A":36.075417092010959,"D3AAO":10.394451540209678,"D3B":0,"D4A":193.12,"D4C":448.32999999999998,"D4D":23510.723993399999,"D5AR":944925,"D5BR":4905309}},{"type":"Feature","id":156124,"geometry":{"type":"Polygon","coordinates":[[[-73.96904744193769,40.800965274415759],[-73.969506442420325,40.800338275400996],[-73.968208442411793,40.799794275401851],[-73.967986441755627,40.800520274837915],[-73.967879441625499,40.801362274824854],[-73.968585441980338,40.801644274866888],[-73.96904744193769,40.800965274415759]]]},"properties":{"OBJECTID":156124,"GEOID20":"360610191003","GEOID10":"360610191003","STATEFP":"36","COUNTYFP":"061","D1C":93.227003637985462,"D1C5_RET":2.7273857447282981,"D2B_E5MIXA":0.81208972976450311,"D3A":56.968161846774358,"D3AAO":0,"D3B":0,"D4A":136.78999999999999,"D4C":84.329999999999998,"D4D":13381.843773299999,"D5AR":596812,"D5BR":2501845}},{"type":"Feature","id":156125,"geometry":{"type":"Polygon","coordinates":[[[-73.963362439289099,40.798572274216177],[-73.963846440784408,40.797925274341601],[-73.962437440447786,40.797346274297311],[-73.961479440197863,40.798662274728123],[-73.962870440991139,40.799248275062347],[-73.963362439289099,40.798572274216177]]]},"properties":{"OBJECTID":156125,"GEOID20":"360610189004","GEOID10":"360610189004","STATEFP":"36","COUNTYFP":"061","D1C":19.299508293620988,"D1C5_RET":7.5755079283372107,"D2B_E5MIXA":0.91933739014501259,"D3A":16.862813281727163,"D3AAO":0,"D3B":0,"D4A":170.31999999999999,"D4C":70.670000000000002,"D4D":8157.8841187899998,"D5AR":595235,"D5BR":2450826}},{"type":"Feature","id":156126,"geometry":{"type":"Polygon","coordinates":[[[-73.957406437377173,40.782799271796797],[-73.957864437136578,40.782169271570488],[-73.956254436958488,40.781490271913825],[-73.954878436233841,40.783371272345747],[-73.956488437310242,40.784052272238227],[-73.957406437377173,40.782799271796797]]]},"properties":{"OBJECTID":156126,"GEOID20":"360610150021","GEOID10":"360610150021","STATEFP":"36","COUNTYFP":"061","D1C":59.966826699734405,"D1C5_RET":6.6387956963408321,"D2B_E5MIXA":0.5943457365537963,"D3A":36.560298492945257,"D3AAO":0,"D3B":69.652938453412006,"D4A":210.56,"D4C":218.66999999999999,"D4D":15231.0080516,"D5AR":577337,"D5BR":3599082}},{"type":"Feature","id":156127,"geometry":{"type":"Polygon","coordinates":[[[-73.965611439874863,40.774415270214206],[-73.966075438583744,40.773781269285401],[-73.964475438451402,40.773107269097309],[-73.963088437856086,40.775011269639023],[-73.964688438886739,40.775685270239556],[-73.965611439874863,40.774415270214206]]]},"properties":{"OBJECTID":156127,"GEOID20":"360610130004","GEOID10":"360610130004","STATEFP":"36","COUNTYFP":"061","D1C":144.07267859099522,"D1C5_RET":45.565154373658132,"D2B_E5MIXA":0.84625324648938283,"D3A":25.231093020536441,"D3AAO":0,"D3B":69.432606396003678,"D4A":187.75999999999999,"D4C":167,"D4D":11595.2452681,"D5AR":685235,"D5BR":2541572}},{"type":"Feature","id":156129,"geometry":{"type":"Polygon","coordinates":[[[-73.964756439557107,40.764066268282569],[-73.965215437344781,40.763440268024731],[-73.96297543697986,40.762495268004457],[-73.962516437395564,40.763121267637366],[-73.964756439557107,40.764066268282569]]]},"properties":{"OBJECTID":156129,"GEOID20":"360610110002","GEOID10":"360610110002","STATEFP":"36","COUNTYFP":"061","D1C":30.795802320569493,"D1C5_RET":7.7577211952579646,"D2B_E5MIXA":0.61084044121428072,"D3A":32.999138047930195,"D3AAO":7.4776340965741523,"D3B":0,"D4A":237.38,"D4C":279,"D4D":41976.324140199999,"D5AR":997858,"D5BR":3851151}},{"type":"Feature","id":156130,"geometry":{"type":"Polygon","coordinates":[[[-73.991423443500864,40.717426257950393],[-73.988368443001164,40.716454257530117],[-73.987880442206205,40.717417258270068],[-73.990975442888882,40.718356257848114],[-73.991423443500864,40.717426257950393]]]},"properties":{"OBJECTID":156130,"GEOID20":"360610018001","GEOID10":"360610018001","STATEFP":"36","COUNTYFP":"061","D1C":80.832498442612064,"D1C5_RET":6.0981178600365444,"D2B_E5MIXA":0.65004375787002056,"D3A":56.555282441568927,"D3AAO":0,"D3B":387.53928242097771,"D4A":101.93000000000001,"D4C":131,"D4D":10878.004284799999,"D5AR":817386,"D5BR":2801441}},{"type":"Feature","id":156131,"geometry":{"type":"Polygon","coordinates":[[[-73.986624442030475,40.72580426024529],[-73.987054442200787,40.725211258937819],[-73.984838442125309,40.724277259148032],[-73.98395944151811,40.725481259414543],[-73.986177442141724,40.726417260120478],[-73.986624442030475,40.72580426024529]]]},"properties":{"OBJECTID":156131,"GEOID20":"360610032003","GEOID10":"360610032003","STATEFP":"36","COUNTYFP":"061","D1C":19.016552093380952,"D1C5_RET":0.24696820900494745,"D2B_E5MIXA":0.70312795412069751,"D3A":21.579288121010027,"D3AAO":0,"D3B":131.74272141159915,"D4A":126.06999999999999,"D4C":63,"D4D":4978.8790935400002,"D5AR":755377,"D5BR":3367850}},{"type":"Feature","id":156171,"geometry":{"type":"Polygon","coordinates":[[[-73.931314433368684,40.859336287269336],[-73.931206433413664,40.859181288076698],[-73.93012343349028,40.858752287293584],[-73.927978432661604,40.859553287703861],[-73.92842143235238,40.860250287787792],[-73.930827433296969,40.85937228862106],[-73.931314433368684,40.859336287269336]]]},"properties":{"OBJECTID":156171,"GEOID20":"360610283003","GEOID10":"360610283003","STATEFP":"36","COUNTYFP":"061","D1C":13.526408371600001,"D1C5_RET":0,"D2B_E5MIXA":0.47237033499297371,"D3A":43.872532628453698,"D3AAO":0,"D3B":0,"D4A":202.50999999999999,"D4C":94,"D4D":11793.459820800001,"D5AR":668992,"D5BR":2194221}},{"type":"Feature","id":156172,"geometry":{"type":"Polygon","coordinates":[[[-73.93003143253047,40.858786288077845],[-73.93012343349028,40.858752287293584],[-73.929153432646487,40.858427286909439],[-73.928590432406779,40.858479287757483],[-73.928097433385602,40.85868928755275],[-73.927626432309097,40.859020287926356],[-73.927092431483388,40.859768287931054],[-73.925798432571128,40.860461288160529],[-73.925214430618396,40.86122528789582],[-73.92514743156957,40.86145928796023],[-73.92842143235238,40.860250287787792],[-73.927978432661604,40.859553287703861],[-73.93003143253047,40.858786288077845]]]},"properties":{"OBJECTID":156172,"GEOID20":"360610283004","GEOID10":"360610283004","STATEFP":"36","COUNTYFP":"061","D1C":23.163129262041988,"D1C5_RET":1.6769686343559809,"D2B_E5MIXA":0.24520993818977491,"D3A":18.895914428779804,"D3AAO":0,"D3B":44.741523164617568,"D4A":387.57999999999998,"D4C":96.670000000000002,"D4D":6484.5023153299999,"D5AR":656255,"D5BR":2193327}},{"type":"Feature","id":156173,"geometry":{"type":"Polygon","coordinates":[[[-73.925374431350292,40.862590287713644],[-73.924743431338527,40.861602287894534],[-73.922496430402603,40.862421288673303],[-73.923138431183332,40.863424288996306],[-73.925374431350292,40.862590287713644]]]},"properties":{"OBJECTID":156173,"GEOID20":"360610291006","GEOID10":"360610291006","STATEFP":"36","COUNTYFP":"061","D1C":10.186709375203195,"D1C5_RET":3.9179651443089214,"D2B_E5MIXA":0.6709064400656759,"D3A":16.916380712017521,"D3AAO":0,"D3B":167.19994612641204,"D4A":214.58000000000001,"D4C":87,"D4D":8726.0919694000004,"D5AR":681586,"D5BR":2135653}},{"type":"Feature","id":156174,"geometry":{"type":"Polygon","coordinates":[[[-73.923768431370164,40.864411288792709],[-73.923138431183332,40.863424288996306],[-73.921251430097513,40.864120288405687],[-73.92188543048232,40.865108288706509],[-73.923768431370164,40.864411288792709]]]},"properties":{"OBJECTID":156174,"GEOID20":"360610291007","GEOID10":"360610291007","STATEFP":"36","COUNTYFP":"061","D1C":18.396055780520339,"D1C5_RET":1.50171883922615,"D2B_E5MIXA":0.69913494423906164,"D3A":24.635851777976196,"D3AAO":0,"D3B":120.13750713809202,"D4A":367.47000000000003,"D4C":85.670000000000002,"D4D":10292.1802365,"D5AR":653038,"D5BR":1725629}},{"type":"Feature","id":156176,"geometry":{"type":"Polygon","coordinates":[[[-73.924414431450572,40.861722288218807],[-73.924743431338527,40.861602287894534],[-73.922959431083186,40.858922288322695],[-73.92027743085238,40.862614288796664],[-73.920612429689825,40.863121288581738],[-73.924414431450572,40.861722288218807]]]},"properties":{"OBJECTID":156176,"GEOID20":"360610299001","GEOID10":"360610299001","STATEFP":"36","COUNTYFP":"061","D1C":2.2403895290594527,"D1C5_RET":0,"D2B_E5MIXA":0.3717257956726267,"D3A":49.329890570429129,"D3AAO":0,"D3B":614.67767959197295,"D4A":139.47999999999999,"D4C":57,"D4D":1945.9387801600001,"D5AR":722315,"D5BR":1730459}},{"type":"Feature","id":156177,"geometry":{"type":"Polygon","coordinates":[[[-74.018918453388068,40.710271255442855],[-74.019127452727119,40.70903525454608],[-74.018149452385714,40.708803254722817],[-74.017399451649965,40.708465255030639],[-74.016766451988374,40.709341254961252],[-74.016381452023907,40.710090255578507],[-74.017631452351864,40.710403255266932],[-74.018866452611221,40.710575255037156],[-74.018918453388068,40.710271255442855]]]},"properties":{"OBJECTID":156177,"GEOID20":"360610317042","GEOID10":"360610317042","STATEFP":"36","COUNTYFP":"061","D1C":39.236124477715357,"D1C5_RET":1.3325476237714651,"D2B_E5MIXA":0.59130821771510966,"D3A":44.661229299101265,"D3AAO":0,"D3B":442.33446026814136,"D4A":197.13999999999999,"D4C":116.67,"D4D":11055.518740199999,"D5AR":840705,"D5BR":5337906}},{"type":"Feature","id":156179,"geometry":{"type":"Polygon","coordinates":[[[-74.018145451289442,40.71429925675929],[-74.018311453665746,40.713570256046523],[-74.017607452960746,40.713656255641745],[-74.016327450698924,40.71341925704268],[-74.016388451696599,40.713114255877471],[-74.01659445156092,40.712890256681369],[-74.016547451705264,40.712477255804963],[-74.016631452269166,40.712125255988681],[-74.015787451822064,40.71157725570486],[-74.014359450320569,40.711014255449292],[-74.014148451331678,40.712221255380292],[-74.013701451442927,40.713676255832524],[-74.016869452818838,40.715078257436573],[-74.016507452420598,40.715852256775612],[-74.016327451597235,40.716917256643043],[-74.015770451205313,40.717679256182471],[-74.015000451276379,40.718132256543541],[-74.012732450424053,40.717122256954092],[-74.01229345093121,40.719047257691777],[-74.013047450966639,40.719094257354641],[-74.016865452620891,40.719619257489306],[-74.018145451289442,40.71429925675929]]]},"properties":{"OBJECTID":156179,"GEOID20":"360610317031","GEOID10":"360610317031","STATEFP":"36","COUNTYFP":"061","D1C":322.1880322755656,"D1C5_RET":7.1569919080746089,"D2B_E5MIXA":0.57348256021275079,"D3A":54.265737342191628,"D3AAO":9.4400085136253296,"D3B":493.79618715743209,"D4A":0,"D4C":269.32999999999998,"D4D":5048.93994484,"D5AR":776056,"D5BR":6111398}},{"type":"Feature","id":156180,"geometry":{"type":"Polygon","coordinates":[[[-74.016740452049106,40.71542925708011],[-74.016869452818838,40.715078257436573],[-74.013701451442927,40.713676255832524],[-74.0133834505273,40.714416257307185],[-74.012732450424053,40.717122256954092],[-74.015000451276379,40.718132256543541],[-74.015770451205313,40.717679256182471],[-74.016258452000272,40.717062256745692],[-74.016417452008923,40.716616256656529],[-74.016507452420598,40.715852256775612],[-74.016740452049106,40.71542925708011]]]},"properties":{"OBJECTID":156180,"GEOID20":"360610317032","GEOID10":"360610317032","STATEFP":"36","COUNTYFP":"061","D1C":768.75441027216391,"D1C5_RET":2.8560104042369265,"D2B_E5MIXA":0.41014227724111324,"D3A":40.765636310383513,"D3AAO":5.807871741210187,"D3B":290.78662612803248,"D4A":203.84999999999999,"D4C":199,"D4D":4690.4870389500002,"D5AR":764662,"D5BR":5146489}},{"type":"Feature","id":157518,"geometry":{"type":"Polygon","coordinates":[[[-74.005830450652724,40.73654226103897],[-74.005961449275645,40.735853260919612],[-74.003528449465207,40.736186261552128],[-74.0038674485006,40.73755226134336],[-74.003862449376044,40.738403262114304],[-74.00553545020162,40.736885261296997],[-74.005775449502821,40.737177261099411],[-74.005859450066723,40.736934261092237],[-74.005830450652724,40.73654226103897]]]},"properties":{"OBJECTID":157518,"GEOID20":"360610077004","GEOID10":"360610077004","STATEFP":"36","COUNTYFP":"061","D1C":46.498738867421537,"D1C5_RET":3.4971196362684722,"D2B_E5MIXA":0.69791573879696711,"D3A":36.880147076038966,"D3AAO":0,"D3B":276.37088870682277,"D4A":96.560000000000002,"D4C":223.66999999999999,"D4D":18541.054792200001,"D5AR":701980,"D5BR":2836968}},{"type":"Feature","id":157555,"geometry":{"type":"Polygon","coordinates":[[[-74.007287448873285,40.707349255041031],[-74.007460449125645,40.707227255333599],[-74.006022447578388,40.706150254807277],[-74.004339447605389,40.704973254936135],[-74.00403144673551,40.705139254899244],[-74.00286044694856,40.7040762553777],[-74.002630446794782,40.704224255331567],[-74.003813447175602,40.705314254404186],[-74.003300446266309,40.705622254949283],[-74.002167446114214,40.704602255147378],[-74.001969446645816,40.704734255312729],[-74.002685447046389,40.705446255201338],[-74.002556447174953,40.705540255310268],[-74.002410446686767,40.705479255189495],[-74.003585447569975,40.706798255257326],[-74.005105448234673,40.708755256325652],[-74.005513447765352,40.709101255715915],[-74.006532449012965,40.708235254561416],[-74.007287448873285,40.707349255041031]]]},"properties":{"OBJECTID":157555,"GEOID20":"360610015022","GEOID10":"360610015022","STATEFP":"36","COUNTYFP":"061","D1C":524.16761740616562,"D1C5_RET":16.636701947966287,"D2B_E5MIXA":0.70440664494067928,"D3A":48.079320498269219,"D3AAO":5.9143950116315418,"D3B":349.34124687952067,"D4A":183.72999999999999,"D4C":307.67000000000002,"D4D":8483.8441414000008,"D5AR":873733,"D5BR":6390735}},{"type":"Feature","id":159493,"geometry":{"type":"Polygon","coordinates":[[[-73.981115444498855,40.774235269322965],[-73.981574444083165,40.773610268961441],[-73.978729442747436,40.772425269196532],[-73.977828443297241,40.773664269039713],[-73.9806614440391,40.774860269247228],[-73.981115444498855,40.774235269322965]]]},"properties":{"OBJECTID":159493,"GEOID20":"360610153007","GEOID10":"360610153007","STATEFP":"36","COUNTYFP":"061","D1C":348.01752630490193,"D1C5_RET":7.3010669854175223,"D2B_E5MIXA":0.43708027006649114,"D3A":19.759988037325947,"D3AAO":0,"D3B":119.81239812143519,"D4A":199.83000000000001,"D4C":118.67,"D4D":7109.0686425399999,"D5AR":672113,"D5BR":2597300}},{"type":"Feature","id":159505,"geometry":{"type":"Polygon","coordinates":[[[-73.998867447188744,40.715003256737376],[-73.998585446258119,40.713476257058623],[-73.997869445857575,40.713788256926222],[-73.99753644577163,40.714036256877996],[-73.996060446386181,40.716240258046071],[-73.997764445377257,40.716822257414066],[-73.998867447188744,40.715003256737376]]]},"properties":{"OBJECTID":159505,"GEOID20":"360610029003","GEOID10":"360610029003","STATEFP":"36","COUNTYFP":"061","D1C":287.97051860664999,"D1C5_RET":23.587449667839923,"D2B_E5MIXA":0.83092667510713203,"D3A":26.957784658184156,"D3AAO":0,"D3B":108.6583868439659,"D4A":158.25,"D4C":170.66999999999999,"D4D":9267.7295765399995,"D5AR":836076,"D5BR":6109025}},{"type":"Feature","id":159506,"geometry":{"type":"Polygon","coordinates":[[[-73.980411441997219,40.742595263526695],[-73.975801440672711,40.740652262707641],[-73.975344440738226,40.741282263167314],[-73.979960441910507,40.743213263592111],[-73.980411441997219,40.742595263526695]]]},"properties":{"OBJECTID":159506,"GEOID20":"360610070003","GEOID10":"360610070003","STATEFP":"36","COUNTYFP":"061","D1C":64.951102949062019,"D1C5_RET":5.3650295933320127,"D2B_E5MIXA":0.6991240878521976,"D3A":36.3257068158808,"D3AAO":7.2311049647919967,"D3B":0,"D4A":96.560000000000002,"D4C":153.66999999999999,"D4D":11226.4728185,"D5AR":893794,"D5BR":5613496}},{"type":"Feature","id":159507,"geometry":{"type":"Polygon","coordinates":[[[-73.983536441918815,40.726061259558747],[-73.98395944151811,40.725481259414543],[-73.981638440962314,40.724502259601941],[-73.979907440410429,40.726874260440454],[-73.982229441689441,40.727854259433173],[-73.983536441918815,40.726061259558747]]]},"properties":{"OBJECTID":159507,"GEOID20":"360610032007","GEOID10":"360610032007","STATEFP":"36","COUNTYFP":"061","D1C":30.327245419623171,"D1C5_RET":1.684846967756843,"D2B_E5MIXA":0.50547753204795132,"D3A":53.896244179254879,"D3AAO":0,"D3B":881.22419728691625,"D4A":241.40000000000001,"D4C":78.329999999999998,"D4D":3000.49082258,"D5AR":719955,"D5BR":3082171}},{"type":"Feature","id":159508,"geometry":{"type":"Polygon","coordinates":[[[-73.983123442365255,40.73485426195429],[-73.98355044216251,40.734269261838769],[-73.981128441324387,40.733250261121583],[-73.980276442277997,40.734418262003892],[-73.982696442567971,40.735439261690715],[-73.983123442365255,40.73485426195429]]]},"properties":{"OBJECTID":159508,"GEOID20":"360610048006","GEOID10":"360610048006","STATEFP":"36","COUNTYFP":"061","D1C":217.24574286290658,"D1C5_RET":2.2132274071824263,"D2B_E5MIXA":0.18978274333436315,"D3A":32.351069794764072,"D3AAO":0,"D3B":99.450791113477266,"D4A":219.94,"D4C":165.66999999999999,"D4D":12350.834005799999,"D5AR":741982,"D5BR":3530477}},{"type":"Feature","id":159509,"geometry":{"type":"Polygon","coordinates":[[[-73.992622445571826,40.718859258708676],[-73.993096444326426,40.7179302571707],[-73.991423443500864,40.717426257950393],[-73.990975442888882,40.718356257848114],[-73.992622445571826,40.718859258708676]]]},"properties":{"OBJECTID":159509,"GEOID20":"360610018006","GEOID10":"360610018006","STATEFP":"36","COUNTYFP":"061","D1C":93.793736825521677,"D1C5_RET":20.028870884616609,"D2B_E5MIXA":0.80724272518706353,"D3A":53.321513184990721,"D3AAO":0,"D3B":311.1164584252403,"D4A":166.30000000000001,"D4C":131,"D4D":20378.128026900002,"D5AR":742833,"D5BR":3266389}},{"type":"Feature","id":159510,"geometry":{"type":"Polygon","coordinates":[[[-73.98450944313565,40.736970261502265],[-73.984935443108,40.736384261027645],[-73.982696442567971,40.735439261690715],[-73.982268442945809,40.736028261375999],[-73.98450944313565,40.736970261502265]]]},"properties":{"OBJECTID":159510,"GEOID20":"360610064003","GEOID10":"360610064003","STATEFP":"36","COUNTYFP":"061","D1C":59.465922250339041,"D1C5_RET":0.75273319304226627,"D2B_E5MIXA":0.7969906722124408,"D3A":6.1243411412306044,"D3AAO":0,"D3B":0,"D4A":171.66,"D4C":244.33000000000001,"D4D":39235.264225300001,"D5AR":811075,"D5BR":4452182}},{"type":"Feature","id":159511,"geometry":{"type":"Polygon","coordinates":[[[-73.986847444308168,40.74530926315375],[-73.987299445118097,40.744690263725978],[-73.984079442965339,40.743334263567085],[-73.98272844325335,40.745189263823676],[-73.985950443259313,40.746544263839631],[-73.986847444308168,40.74530926315375]]]},"properties":{"OBJECTID":159511,"GEOID20":"360610074003","GEOID10":"360610074003","STATEFP":"36","COUNTYFP":"061","D1C":562.77943758280367,"D1C5_RET":11.396103818151731,"D2B_E5MIXA":0.79962619748422825,"D3A":32.442983522727232,"D3AAO":0,"D3B":70.810742171039877,"D4A":0,"D4C":460.67000000000002,"D4D":16310.192298,"D5AR":1060085,"D5BR":6931328}},{"type":"Feature","id":159512,"geometry":{"type":"Polygon","coordinates":[[[-73.965241438182375,40.75513826555796],[-73.965697439190279,40.754513265230351],[-73.963407437698322,40.753528266000004],[-73.962881436370225,40.754129265184446],[-73.965241438182375,40.75513826555796]]]},"properties":{"OBJECTID":159512,"GEOID20":"360610086033","GEOID10":"360610086033","STATEFP":"36","COUNTYFP":"061","D1C":41.381196098007862,"D1C5_RET":5.0021226052536969,"D2B_E5MIXA":0.80889925906336979,"D3A":29.329409638092795,"D3AAO":21.061395544902506,"D3B":0,"D4A":317.85000000000002,"D4C":31.329999999999998,"D4D":4559.0254901099997,"D5AR":926641,"D5BR":3327141}},{"type":"Feature","id":159513,"geometry":{"type":"Polygon","coordinates":[[[-73.983054446361535,40.781768271044655],[-73.983516445420591,40.781134270906961],[-73.981522444204643,40.78029027096165],[-73.981065445168468,40.781759270545365],[-73.982591444782628,40.782401270677589],[-73.983054446361535,40.781768271044655]]]},"properties":{"OBJECTID":159513,"GEOID20":"360610163004","GEOID10":"360610163004","STATEFP":"36","COUNTYFP":"061","D1C":131.73957068168085,"D1C5_RET":70.251202855056405,"D2B_E5MIXA":0.59642472285683179,"D3A":40.153577702228382,"D3AAO":0,"D3B":95.054481664346937,"D4A":140.81999999999999,"D4C":124.33,"D4D":11818.1237053,"D5AR":720628,"D5BR":2526433}},{"type":"Feature","id":159514,"geometry":{"type":"Polygon","coordinates":[[[-73.942929433498378,40.789957273776459],[-73.943397433303517,40.789317273492337],[-73.941020432671252,40.788327274143334],[-73.940067431545899,40.78963427436792],[-73.942436432680566,40.790632274161673],[-73.942929433498378,40.789957273776459]]]},"properties":{"OBJECTID":159514,"GEOID20":"360610170003","GEOID10":"360610170003","STATEFP":"36","COUNTYFP":"061","D1C":28.278009144810493,"D1C5_RET":1.4883162707794997,"D2B_E5MIXA":0.47812489212747977,"D3A":24.22580678495288,"D3AAO":3.6234776045546324,"D3B":0,"D4A":167.63999999999999,"D4C":99.329999999999998,"D4D":6758.1465223599998,"D5AR":747850,"D5BR":2489357}},{"type":"Feature","id":159515,"geometry":{"type":"Polygon","coordinates":[[[-73.944867433739503,40.794187274851026],[-73.945325434397219,40.793560274382408],[-73.943724433541675,40.792882273948173],[-73.942805431853188,40.794141274239152],[-73.944407433431977,40.794816274254515],[-73.944867433739503,40.794187274851026]]]},"properties":{"OBJECTID":159515,"GEOID20":"360610172005","GEOID10":"360610172005","STATEFP":"36","COUNTYFP":"061","D1C":20.467230523039586,"D1C5_RET":5.8945623906354001,"D2B_E5MIXA":0.93746097653744398,"D3A":31.79288034979049,"D3AAO":5.6519468852466179,"D3B":0,"D4A":258.83999999999997,"D4C":129,"D4D":13518.1964159,"D5AR":627967,"D5BR":2401460}},{"type":"Feature","id":159516,"geometry":{"type":"Polygon","coordinates":[[[-73.975949443505669,40.788969272678777],[-73.97650444245113,40.788322272395035],[-73.975017443195028,40.787695272313002],[-73.974065441894581,40.788997272397339],[-73.975485443898478,40.789594272721011],[-73.975949443505669,40.788969272678777]]]},"properties":{"OBJECTID":159516,"GEOID20":"360610175007","GEOID10":"360610175007","STATEFP":"36","COUNTYFP":"061","D1C":75.550009351294875,"D1C5_RET":20.6045480048986,"D2B_E5MIXA":0.77709527959380853,"D3A":25.274396701852602,"D3AAO":0,"D3B":112.70863865927438,"D4A":199.83000000000001,"D4C":73.670000000000002,"D4D":8303.2454100300001,"D5AR":655645,"D5BR":2510306}},{"type":"Feature","id":159517,"geometry":{"type":"Polygon","coordinates":[[[-73.987179442772558,40.714605256815183],[-73.987166443252093,40.714320256995002],[-73.982454440922012,40.714707257429161],[-73.986722441939762,40.715960257440607],[-73.987075442117174,40.715249257843254],[-73.987179442772558,40.714605256815183]]]},"properties":{"OBJECTID":159517,"GEOID20":"360610014012","GEOID10":"360610014012","STATEFP":"36","COUNTYFP":"061","D1C":50.385101895965043,"D1C5_RET":0,"D2B_E5MIXA":0.50954374819320936,"D3A":26.010773071851368,"D3AAO":0,"D3B":117.11297932629017,"D4A":155.56999999999999,"D4C":93.329999999999998,"D4D":6556.78126006,"D5AR":957728,"D5BR":3867991}},{"type":"Feature","id":159518,"geometry":{"type":"Polygon","coordinates":[[[-73.971800443211919,40.797199275085482],[-73.972258442971324,40.796569274096314],[-73.970837442939143,40.795971274230595],[-73.969921442522036,40.797227274053739],[-73.971340442006081,40.797823274161175],[-73.971800443211919,40.797199275085482]]]},"properties":{"OBJECTID":159518,"GEOID20":"360610187004","GEOID10":"360610187004","STATEFP":"36","COUNTYFP":"061","D1C":117.89199897265014,"D1C5_RET":7.983237725707018,"D2B_E5MIXA":0.65741686505051689,"D3A":24.332722923186868,"D3AAO":0,"D3B":0,"D4A":143.5,"D4C":117.67,"D4D":13981.582633399999,"D5AR":679448,"D5BR":2215174}},{"type":"Feature","id":159519,"geometry":{"type":"Polygon","coordinates":[[[-73.967986441755627,40.800520274837915],[-73.968208442411793,40.799794275401851],[-73.966663440734422,40.799141274621505],[-73.965712441055516,40.800445275272374],[-73.967879441625499,40.801362274824854],[-73.967986441755627,40.800520274837915]]]},"properties":{"OBJECTID":159519,"GEOID20":"360610191005","GEOID10":"360610191005","STATEFP":"36","COUNTYFP":"061","D1C":33.167126709054159,"D1C5_RET":3.0530409522978728,"D2B_E5MIXA":0.84851694472625816,"D3A":31.558071002158265,"D3AAO":0.92039172538401304,"D3B":0,"D4A":146.18000000000001,"D4C":84.329999999999998,"D4D":7489.8310838500001,"D5AR":581385,"D5BR":2502103}},{"type":"Feature","id":159520,"geometry":{"type":"Polygon","coordinates":[[[-73.996445444554013,40.710207256032362],[-73.996223444796158,40.709189256266008],[-73.994023444614214,40.709493256033333],[-73.994264444638631,40.7116012569549],[-73.995403444638512,40.711497256469102],[-73.99519344457623,40.710401255354071],[-73.996445444554013,40.710207256032362]]]},"properties":{"OBJECTID":159520,"GEOID20":"360610008005","GEOID10":"360610008005","STATEFP":"36","COUNTYFP":"061","D1C":6.6053936738367343,"D1C5_RET":0.72058840078218922,"D2B_E5MIXA":0.81865872861945632,"D3A":30.725097609216029,"D3AAO":0,"D3B":76.862762750100174,"D4A":391.61000000000001,"D4C":32.329999999999998,"D4D":2484.97311971,"D5AR":799221,"D5BR":3295169}},{"type":"Feature","id":159521,"geometry":{"type":"Polygon","coordinates":[[[-73.992015444951193,40.716243257311852],[-73.989755442698169,40.715561257572979],[-73.989156443371755,40.716716258551578],[-73.991423443500864,40.717426257950393],[-73.992015444951193,40.716243257311852]]]},"properties":{"OBJECTID":159521,"GEOID20":"360610016004","GEOID10":"360610016004","STATEFP":"36","COUNTYFP":"061","D1C":79.329868365398525,"D1C5_RET":9.3906381280595426,"D2B_E5MIXA":0.86760826783466016,"D3A":41.511183673533971,"D3AAO":0,"D3B":119.6619583315241,"D4A":173,"D4C":134.66999999999999,"D4D":12080.1168879,"D5AR":812771,"D5BR":2801255}},{"type":"Feature","id":159522,"geometry":{"type":"Polygon","coordinates":[[[-73.989430444804768,40.726196258890603],[-73.989871443947408,40.725590259503385],[-73.987503442637674,40.724592259706668],[-73.987054442200787,40.725211258937819],[-73.989430444804768,40.726196258890603]]]},"properties":{"OBJECTID":159522,"GEOID20":"360610038004","GEOID10":"360610038004","STATEFP":"36","COUNTYFP":"061","D1C":61.738458393883349,"D1C5_RET":8.657053206522388,"D2B_E5MIXA":0.78156067922024275,"D3A":27.317764375619415,"D3AAO":0,"D3B":0,"D4A":300.41000000000003,"D4C":90,"D4D":13122.270123599999,"D5AR":692207,"D5BR":3668412}},{"type":"Feature","id":159523,"geometry":{"type":"Polygon","coordinates":[[[-73.982478441211455,40.718298257746753],[-73.983105441923584,40.717189258473255],[-73.98229044178882,40.716984257687635],[-73.981226440335362,40.719253258416117],[-73.980372440740851,40.719000257995766],[-73.979736440706205,40.720243258780549],[-73.981309440176048,40.72071725897473],[-73.982478441211455,40.718298257746753]]]},"properties":{"OBJECTID":159523,"GEOID20":"360610022013","GEOID10":"360610022013","STATEFP":"36","COUNTYFP":"061","D1C":57.929401690027326,"D1C5_RET":0,"D2B_E5MIXA":0.25711369704987175,"D3A":17.44211920318174,"D3AAO":0,"D3B":0,"D4A":233.34999999999999,"D4C":64,"D4D":4239.2422139299997,"D5AR":779103,"D5BR":2262840}},{"type":"Feature","id":159524,"geometry":{"type":"Polygon","coordinates":[[[-73.978002440679575,40.729437260099772],[-73.978537440431865,40.728754260049598],[-73.976181439716001,40.727757260083308],[-73.975697440017328,40.728483260572929],[-73.978002440679575,40.729437260099772]]]},"properties":{"OBJECTID":159524,"GEOID20":"360610028001","GEOID10":"360610028001","STATEFP":"36","COUNTYFP":"061","D1C":18.058564329932405,"D1C5_RET":2.6377678234732729,"D2B_E5MIXA":0.73320176181225549,"D3A":22.10634645056852,"D3AAO":0,"D3B":129.85933900176113,"D4A":245.41999999999999,"D4C":84.670000000000002,"D4D":10995.1902333,"D5AR":756447,"D5BR":2492342}},{"type":"Feature","id":159525,"geometry":{"type":"Polygon","coordinates":[[[-73.987054442200787,40.725211258937819],[-73.987503442637674,40.724592259706668],[-73.985287442562182,40.72365725930193],[-73.984838442125309,40.724277259148032],[-73.987054442200787,40.725211258937819]]]},"properties":{"OBJECTID":159525,"GEOID20":"360610032004","GEOID10":"360610032004","STATEFP":"36","COUNTYFP":"061","D1C":40.190279554920814,"D1C5_RET":3.1285846360117997,"D2B_E5MIXA":0.56917725950881959,"D3A":15.106401604494176,"D3AAO":0,"D3B":154.02262823442706,"D4A":186.41999999999999,"D4C":63,"D4D":9703.4255787700004,"D5AR":765056,"D5BR":3740268}},{"type":"Feature","id":159526,"geometry":{"type":"Polygon","coordinates":[[[-73.987673443415289,40.728603260087972],[-73.988120443304041,40.727994259375464],[-73.985754442542429,40.726996259548265],[-73.984876442658447,40.728202260379646],[-73.987240443770247,40.729200259820068],[-73.987673443415289,40.728603260087972]]]},"properties":{"OBJECTID":159526,"GEOID20":"360610038007","GEOID10":"360610038007","STATEFP":"36","COUNTYFP":"061","D1C":95.102445059566236,"D1C5_RET":7.0574807160991977,"D2B_E5MIXA":0.68193009208382449,"D3A":42.2078105280331,"D3AAO":6.5472821033257684,"D3B":0,"D4A":151.55000000000001,"D4C":134.66999999999999,"D4D":9971.7343269499997,"D5AR":665287,"D5BR":3268395}},{"type":"Feature","id":159527,"geometry":{"type":"Polygon","coordinates":[[[-73.986813443972991,40.729787260267358],[-73.987240443770247,40.729200259820068],[-73.984876442658447,40.728202260379646],[-73.984449442861191,40.728789260780765],[-73.986813443972991,40.729787260267358]]]},"properties":{"OBJECTID":159527,"GEOID20":"360610040004","GEOID10":"360610040004","STATEFP":"36","COUNTYFP":"061","D1C":73.965665090698565,"D1C5_RET":14.74556667402994,"D2B_E5MIXA":0.7786966335587342,"D3A":12.769712388347354,"D3AAO":7.0790623398044117,"D3B":0,"D4A":0,"D4C":166.66999999999999,"D4D":25369.2242329,"D5AR":613850,"D5BR":3259562}},{"type":"Feature","id":159566,"geometry":{"type":"Polygon","coordinates":[[[-73.957829439671428,40.816326278520826],[-73.957475438770786,40.816193278076412],[-73.955708439132195,40.814152277823737],[-73.954548437419291,40.815745279090294],[-73.957379438511296,40.816941278120929],[-73.957829439671428,40.816326278520826]]]},"properties":{"OBJECTID":159566,"GEOID20":"360610219004","GEOID10":"360610219004","STATEFP":"36","COUNTYFP":"061","D1C":26.635726067808562,"D1C5_RET":7.1927699086065315,"D2B_E5MIXA":0.36242516614231413,"D3A":39.676868209618739,"D3AAO":0,"D3B":287.78272404334723,"D4A":199.83000000000001,"D4C":93,"D4D":6689.2760150000004,"D5AR":742251,"D5BR":2560995}},{"type":"Feature","id":159570,"geometry":{"type":"Polygon","coordinates":[[[-73.949758436169731,40.812111278011024],[-73.950217436652352,40.811486277823896],[-73.947373435141529,40.810285277586786],[-73.946476434990998,40.81151727729312],[-73.949314436654021,40.81271927846484],[-73.949758436169731,40.812111278011024]]]},"properties":{"OBJECTID":159570,"GEOID20":"360610224004","GEOID10":"360610224004","STATEFP":"36","COUNTYFP":"061","D1C":1.1284089198204998,"D1C5_RET":0,"D2B_E5MIXA":0,"D3A":38.410616367386908,"D3AAO":0,"D3B":361.27139976973126,"D4A":223.97,"D4C":181,"D4D":10892.907439299999,"D5AR":748818,"D5BR":2602199}},{"type":"Feature","id":159571,"geometry":{"type":"Polygon","coordinates":[[[-73.950941437448861,40.825765280043399],[-73.951399438106577,40.825145280349922],[-73.948554437669159,40.82394828041889],[-73.94810043631108,40.824571280244669],[-73.950941437448861,40.825765280043399]]]},"properties":{"OBJECTID":159571,"GEOID20":"360610229004","GEOID10":"360610229004","STATEFP":"36","COUNTYFP":"061","D1C":10.832692648045741,"D1C5_RET":0.18677056289734037,"D2B_E5MIXA":0.64774922139282753,"D3A":26.441470972004662,"D3AAO":0,"D3B":199.26177814391446,"D4A":190.44,"D4C":150.33000000000001,"D4D":17969.419980999999,"D5AR":635310,"D5BR":2557850}},{"type":"Feature","id":159573,"geometry":{"type":"Polygon","coordinates":[[[-73.936788433435154,40.824819279701181],[-73.937221433978522,40.824196280845527],[-73.93450843288727,40.823069280198716],[-73.934139431917984,40.823046279708628],[-73.934556432567831,40.828055281370389],[-73.934935432684526,40.828031282042588],[-73.934933433034686,40.827318281141615],[-73.936788433435154,40.824819279701181]]]},"properties":{"OBJECTID":159573,"GEOID20":"360610236003","GEOID10":"360610236003","STATEFP":"36","COUNTYFP":"061","D1C":0.17440468979326726,"D1C5_RET":0,"D2B_E5MIXA":0,"D3A":43.805436734801127,"D3AAO":25.582061168932821,"D3B":62.022958482213653,"D4A":168.97999999999999,"D4C":111,"D4D":4129.9030542999999,"D5AR":773313,"D5BR":1828427}},{"type":"Feature","id":159575,"geometry":{"type":"Polygon","coordinates":[[[-73.949973433559933,40.763654268802249],[-73.949832433094613,40.763594268367633],[-73.949138434231983,40.764047268438652],[-73.948448432872368,40.763483267590878],[-73.948055433410289,40.763723268044451],[-73.94610343202713,40.765925268390276],[-73.945194432181012,40.766813269442807],[-73.943558432063682,40.769278269068423],[-73.944659431530411,40.769854270044789],[-73.945399432220441,40.768655269224674],[-73.947731433545172,40.766092268881167],[-73.949103433173562,40.7643882687142],[-73.949338433350206,40.764345268372807],[-73.949973433559933,40.763654268802249]]]},"properties":{"OBJECTID":159575,"GEOID20":"360610238022","GEOID10":"360610238022","STATEFP":"36","COUNTYFP":"061","D1C":25.256380011379246,"D1C5_RET":0.38855969248275762,"D2B_E5MIXA":0.32179681516306408,"D3A":46.808635305330483,"D3AAO":0,"D3B":367.49963431449959,"D4A":44.259999999999998,"D4C":14.67,"D4D":414.51788677500002,"D5AR":644943,"D5BR":1680886}},{"type":"Feature","id":159576,"geometry":{"type":"Polygon","coordinates":[[[-73.945335436239603,40.833445282341252],[-73.945825437582684,40.832774281630861],[-73.942981435173536,40.831576282273247],[-73.942500434949608,40.832249281841065],[-73.945335436239603,40.833445282341252]]]},"properties":{"OBJECTID":159576,"GEOID20":"360610241003","GEOID10":"360610241003","STATEFP":"36","COUNTYFP":"061","D1C":12.14933820732384,"D1C5_RET":1.2149338207323841,"D2B_E5MIXA":0.74030859803206561,"D3A":22.602382031151649,"D3AAO":0,"D3B":185.16979923756656,"D4A":0,"D4C":97.670000000000002,"D4D":10849.150744799999,"D5AR":683923,"D5BR":2372435}},{"type":"Feature","id":159577,"geometry":{"type":"Polygon","coordinates":[[[-73.937181431998923,40.807607277611666],[-73.937637432108474,40.806983277361127],[-73.934517430413138,40.805709277244624],[-73.934796430970707,40.806100277209289],[-73.934759431160799,40.806449277515327],[-73.934200432017363,40.806849277019289],[-73.933220431127822,40.807263277597791],[-73.933704430826509,40.80790627747966],[-73.934135430821726,40.808818277774201],[-73.934308431074086,40.809606277149719],[-73.934241432025246,40.810854278205603],[-73.935024431474673,40.810388277807142],[-73.935578431493539,40.809828278047085],[-73.937181431998923,40.807607277611666]]]},"properties":{"OBJECTID":159577,"GEOID20":"360610242001","GEOID10":"360610242001","STATEFP":"36","COUNTYFP":"061","D1C":18.863219872842432,"D1C5_RET":0.23173488787275714,"D2B_E5MIXA":0.35133896594437236,"D3A":48.514619447363344,"D3AAO":25.022252711749278,"D3B":53.380966949507943,"D4A":311.13999999999999,"D4C":203.66999999999999,"D4D":5436.0507693,"D5AR":876574,"D5BR":3378902}},{"type":"Feature","id":159589,"geometry":{"type":"Polygon","coordinates":[[[-73.943968435735769,40.835317282748278],[-73.94442743621839,40.834689282315495],[-73.9415784346847,40.833495282116282],[-73.94111943510039,40.834122281829821],[-73.943968435735769,40.835317282748278]]]},"properties":{"OBJECTID":159589,"GEOID20":"360610245007","GEOID10":"360610245007","STATEFP":"36","COUNTYFP":"061","D1C":35.695822835971718,"D1C5_RET":3.3291440986916632,"D2B_E5MIXA":0.76840998903679925,"D3A":43.218046490611648,"D3AAO":0,"D3B":118.36956795348135,"D4A":0,"D4C":97.329999999999998,"D4D":11520.910048899999,"D5AR":664681,"D5BR":2353963}},{"type":"Feature","id":159591,"geometry":{"type":"Polygon","coordinates":[[[-73.94959543775974,40.836838282769747],[-73.945512436689924,40.835132282223725],[-73.945381435372042,40.835269281864555],[-73.945594435807365,40.835719282413329],[-73.945835436730107,40.835988282868541],[-73.946309436383032,40.836304282638075],[-73.946694437245824,40.836849282106144],[-73.94682443604384,40.837433282808405],[-73.946786436409013,40.837760283030804],[-73.947271436830903,40.837999282424548],[-73.946611436506814,40.838621283040538],[-73.945609437672616,40.840170283928174],[-73.9446814357633,40.841059283397968],[-73.946503437450119,40.841249284170651],[-73.947722437815926,40.841456283798749],[-73.948584437806375,40.839608283350181],[-73.94959543775974,40.836838282769747]]]},"properties":{"OBJECTID":159591,"GEOID20":"360610247001","GEOID10":"360610247001","STATEFP":"36","COUNTYFP":"061","D1C":6.2146722585769769,"D1C5_RET":0,"D2B_E5MIXA":0.64857745926838362,"D3A":39.150917345309281,"D3AAO":16.137804726401463,"D3B":45.887776505294994,"D4A":87.170000000000002,"D4C":78.670000000000002,"D4D":1546.69724836,"D5AR":787774,"D5BR":2353594}},{"type":"Feature","id":159593,"geometry":{"type":"Polygon","coordinates":[[[-73.934240433996976,40.848634285353214],[-73.934694434456731,40.848007284959053],[-73.931852433494043,40.846811286239912],[-73.931394432836328,40.847436285850222],[-73.934240433996976,40.848634285353214]]]},"properties":{"OBJECTID":159593,"GEOID20":"360610261004","GEOID10":"360610261004","STATEFP":"36","COUNTYFP":"061","D1C":29.346265501979016,"D1C5_RET":9.2867928803731061,"D2B_E5MIXA":0.91586529447252996,"D3A":23.625014731177426,"D3AAO":0,"D3B":79.264037276082306,"D4A":162.28,"D4C":134.33000000000001,"D4D":15963.325528199999,"D5AR":813873,"D5BR":2371773}},{"type":"Feature","id":159594,"geometry":{"type":"Polygon","coordinates":[[[-73.93612743328616,40.843558284397268],[-73.934672433817099,40.842966285316542],[-73.933717432143609,40.844255284911043],[-73.935182433455054,40.84485428486316],[-73.93612743328616,40.843558284397268]]]},"properties":{"OBJECTID":159594,"GEOID20":"360610261007","GEOID10":"360610261007","STATEFP":"36","COUNTYFP":"061","D1C":1.5824173876585192,"D1C5_RET":0.35164830836855981,"D2B_E5MIXA":0.79097697820744661,"D3A":26.12706768269074,"D3AAO":0,"D3B":0,"D4A":0,"D4C":76,"D4D":8552.0868595200009,"D5AR":743192,"D5BR":2383333}},{"type":"Feature","id":159595,"geometry":{"type":"Polygon","coordinates":[[[-73.937820435999853,40.852136286131639],[-73.938285435431951,40.850917286178188],[-73.936662434835085,40.850456285728768],[-73.935717434105655,40.852347286529408],[-73.936546434484129,40.852619285999261],[-73.936894434638688,40.851910286042241],[-73.937820435999853,40.852136286131639]]]},"properties":{"OBJECTID":159595,"GEOID20":"360610273004","GEOID10":"360610273004","STATEFP":"36","COUNTYFP":"061","D1C":8.5177557382532356,"D1C5_RET":2.4542686025475424,"D2B_E5MIXA":0.70030626824591957,"D3A":38.040425363194792,"D3AAO":0,"D3B":123.2562565947641,"D4A":160.93000000000001,"D4C":169,"D4D":15614.923061900001,"D5AR":720740,"D5BR":1810569}},{"type":"Feature","id":159596,"geometry":{"type":"Polygon","coordinates":[[[-73.930823433099022,40.856224287163762],[-73.931060433823788,40.855864286911519],[-73.930687433554894,40.855692287247905],[-73.930221432501256,40.856303287417859],[-73.929834433785288,40.856563287356693],[-73.929327432723753,40.856693287962607],[-73.92872243265127,40.856681287028863],[-73.928676433518831,40.857058287071872],[-73.929310432107002,40.857064287165116],[-73.92988543294058,40.856961286734126],[-73.93039243310379,40.85668328661842],[-73.930823433099022,40.856224287163762]]]},"properties":{"OBJECTID":159596,"GEOID20":"360610279007","GEOID10":"360610279007","STATEFP":"36","COUNTYFP":"061","D1C":2.9530503385819871,"D1C5_RET":0,"D2B_E5MIXA":0.42431466254429612,"D3A":38.662351079326832,"D3AAO":0,"D3B":360.17089386682244,"D4A":138.13999999999999,"D4C":59,"D4D":15929.597255000001,"D5AR":637880,"D5BR":2862647}},{"type":"Feature","id":159597,"geometry":{"type":"Polygon","coordinates":[[[-73.929695432969794,40.862223287733435],[-73.92842143235238,40.860250287787792],[-73.927331432756304,40.860655288634625],[-73.928600433350852,40.862622288476359],[-73.929695432969794,40.862223287733435]]]},"properties":{"OBJECTID":159597,"GEOID20":"360610285004","GEOID10":"360610285004","STATEFP":"36","COUNTYFP":"061","D1C":8.4480576859372825,"D1C5_RET":4.2240288429686412,"D2B_E5MIXA":0.83139829729699133,"D3A":38.059075904665541,"D3AAO":0,"D3B":242.68020478741684,"D4A":296.38999999999999,"D4C":81.670000000000002,"D4D":8491.7276456700001,"D5AR":621175,"D5BR":2183854}},{"type":"Feature","id":159598,"geometry":{"type":"Polygon","coordinates":[[[-73.92601243193306,40.863583289251224],[-73.925374431350292,40.862590287713644],[-73.923138431183332,40.863424288996306],[-73.923768431370164,40.864411288792709],[-73.92601243193306,40.863583289251224]]]},"properties":{"OBJECTID":159598,"GEOID20":"360610291005","GEOID10":"360610291005","STATEFP":"36","COUNTYFP":"061","D1C":11.024951118122981,"D1C5_RET":6.1424727658113749,"D2B_E5MIXA":0.77304040165889565,"D3A":27.310068063675978,"D3AAO":0,"D3B":67.233301904347684,"D4A":234.69999999999999,"D4C":81.329999999999998,"D4D":8198.0276519899999,"D5AR":663415,"D5BR":2135620}},{"type":"Feature","id":159599,"geometry":{"type":"Polygon","coordinates":[[[-73.92188543048232,40.865108288706509],[-73.921251430097513,40.864120288405687],[-73.919363430085099,40.864817288664675],[-73.919997430469905,40.865805290116249],[-73.92188543048232,40.865108288706509]]]},"properties":{"OBJECTID":159599,"GEOID20":"360610293005","GEOID10":"360610293005","STATEFP":"36","COUNTYFP":"061","D1C":11.990391724411488,"D1C5_RET":3.5596475431846608,"D2B_E5MIXA":0.76335225957332231,"D3A":16.395405982630724,"D3AAO":0,"D3B":119.90391724411487,"D4A":312.48000000000002,"D4C":82,"D4D":9832.1212140200005,"D5AR":646551,"D5BR":1800287}},{"type":"Feature","id":159600,"geometry":{"type":"Polygon","coordinates":[[[-74.018590452426693,40.712209256229954],[-74.018866452611221,40.710575255037156],[-74.017631452351864,40.710403255266932],[-74.016381452023907,40.710090255578507],[-74.014698450254272,40.709787255437988],[-74.014359450320569,40.711014255449292],[-74.015787451822064,40.71157725570486],[-74.016631452269166,40.712125255988681],[-74.017895451942508,40.712364255643074],[-74.018590452426693,40.712209256229954]]]},"properties":{"OBJECTID":159600,"GEOID20":"360610317041","GEOID10":"360610317041","STATEFP":"36","COUNTYFP":"061","D1C":146.19036487542365,"D1C5_RET":34.09917068243378,"D2B_E5MIXA":0.77576981394071831,"D3A":33.600771190193647,"D3AAO":3.8411125081365527,"D3B":195.01829280810989,"D4A":339.30000000000001,"D4C":250.33000000000001,"D4D":11264.1737976,"D5AR":862979,"D5BR":6359525}},{"type":"Feature","id":161970,"geometry":{"type":"Polygon","coordinates":[[[-73.99993344649539,40.716552257897739],[-74.000139446359711,40.71620825747236],[-73.998492446371714,40.715641258053793],[-73.997764445377257,40.716822257414066],[-73.998590446281,40.717107257417716],[-73.999314447077509,40.71755825720718],[-73.99993344649539,40.716552257897739]]]},"properties":{"OBJECTID":161970,"GEOID20":"360610029002","GEOID10":"360610029002","STATEFP":"36","COUNTYFP":"061","D1C":188.76230388617915,"D1C5_RET":42.964554242749735,"D2B_E5MIXA":0.88599171013753653,"D3A":49.720098102432104,"D3AAO":0,"D3B":300.55470239796654,"D4A":301.75,"D4C":200.66999999999999,"D4D":22614.290262499999,"D5AR":767403,"D5BR":5868418}},{"type":"Feature","id":161971,"geometry":{"type":"Polygon","coordinates":[[[-73.993260444357958,40.722361258890032],[-73.993524444846912,40.721640258976109],[-73.991507444064766,40.721036258548246],[-73.990275444178465,40.723434258916804],[-73.992605444955075,40.724144259508385],[-73.993260444357958,40.722361258890032]]]},"properties":{"OBJECTID":161971,"GEOID20":"360610036013","GEOID10":"360610036013","STATEFP":"36","COUNTYFP":"061","D1C":154.74018657607743,"D1C5_RET":68.068770597673407,"D2B_E5MIXA":0.7794468517783697,"D3A":46.098990719844409,"D3AAO":0,"D3B":427.37863173647838,"D4A":248.11000000000001,"D4C":197.66999999999999,"D4D":9048.8361327500006,"D5AR":716351,"D5BR":3781636}},{"type":"Feature","id":161994,"geometry":{"type":"Polygon","coordinates":[[[-73.979587444336559,40.781427270170227],[-73.979749443819941,40.781203271044831],[-73.976904444280848,40.780005270211014],[-73.975982442219319,40.781275270846088],[-73.978824444080317,40.782473271220809],[-73.979587444336559,40.781427270170227]]]},"properties":{"OBJECTID":161994,"GEOID20":"360610161001","GEOID10":"360610161001","STATEFP":"36","COUNTYFP":"061","D1C":63.527027946376201,"D1C5_RET":2.2064380183980159,"D2B_E5MIXA":0.65705224737662582,"D3A":38.814552142477837,"D3AAO":9.1030548596639829,"D3B":0,"D4A":193.12,"D4C":157.33000000000001,"D4D":9211.5582829699997,"D5AR":655306,"D5BR":2332980}},{"type":"Feature","id":161995,"geometry":{"type":"Polygon","coordinates":[[[-73.948847434877166,40.791630273917875],[-73.949304434811665,40.791007274206741],[-73.947688433887492,40.790322273758683],[-73.946773435091913,40.791577273918882],[-73.948387434569625,40.792264274514345],[-73.948847434877166,40.791630273917875]]]},"properties":{"OBJECTID":161995,"GEOID20":"360610166005","GEOID10":"360610166005","STATEFP":"36","COUNTYFP":"061","D1C":18.690707792724929,"D1C5_RET":2.2753905138969479,"D2B_E5MIXA":0.56383191829317614,"D3A":31.036502082315153,"D3AAO":0,"D3B":104.01785206386046,"D4A":245.41999999999999,"D4C":145.66999999999999,"D4D":15152.280510099999,"D5AR":597213,"D5BR":3502383}},{"type":"Feature","id":161997,"geometry":{"type":"Polygon","coordinates":[[[-73.996783445561121,40.711372256704756],[-73.996445444554013,40.710207256032362],[-73.99519344457623,40.710401255354071],[-73.995403444638512,40.711497256469102],[-73.996783445561121,40.711372256704756]]]},"properties":{"OBJECTID":161997,"GEOID20":"360610008004","GEOID10":"360610008004","STATEFP":"36","COUNTYFP":"061","D1C":30.131728312850473,"D1C5_RET":3.3792592500393055,"D2B_E5MIXA":0.75964283614871286,"D3A":21.570259839083977,"D3AAO":0,"D3B":0,"D4A":289.68000000000001,"D4C":32,"D4D":5767.2691200700001,"D5AR":815174,"D5BR":4378002}},{"type":"Feature","id":161998,"geometry":{"type":"Polygon","coordinates":[[[-74.001130448916527,40.741676262167871],[-74.001556448888891,40.741088261958943],[-73.998714447926204,40.739889262245875],[-73.997863446908099,40.741064261812198],[-74.000704448944191,40.742262262306824],[-74.001130448916527,40.741676262167871]]]},"properties":{"OBJECTID":161998,"GEOID20":"360610081002","GEOID10":"360610081002","STATEFP":"36","COUNTYFP":"061","D1C":148.81239098106218,"D1C5_RET":14.158464344838251,"D2B_E5MIXA":0.931445305675763,"D3A":22.98444598183405,"D3AAO":4.3303067930943557,"D3B":0,"D4A":234.69999999999999,"D4C":289.32999999999998,"D4D":18333.844985299998,"D5AR":722724,"D5BR":2843848}},{"type":"Feature","id":161999,"geometry":{"type":"Polygon","coordinates":[[[-73.992141447144519,40.759111266566315],[-73.99263444616571,40.758438265491982],[-73.989792446101319,40.757242266386385],[-73.988843446072266,40.758541266539837],[-73.991686446859859,40.759737266770252],[-73.992141447144519,40.759111266566315]]]},"properties":{"OBJECTID":161999,"GEOID20":"360610121001","GEOID10":"360610121001","STATEFP":"36","COUNTYFP":"061","D1C":200.1029985031974,"D1C5_RET":12.249379264941037,"D2B_E5MIXA":0.73751649009039211,"D3A":15.257499266252369,"D3AAO":0,"D3B":0,"D4A":0,"D4C":660.66999999999996,"D4D":37805.768871100001,"D5AR":960687,"D5BR":2739925}},{"type":"Feature","id":162001,"geometry":{"type":"Polygon","coordinates":[[[-73.943239434018082,40.799317275420435],[-73.943743432909926,40.798624275781108],[-73.942121433036291,40.797952274703142],[-73.94112743280138,40.799308275939573],[-73.942744434448755,40.799991274860183],[-73.943239434018082,40.799317275420435]]]},"properties":{"OBJECTID":162001,"GEOID20":"360610182001","GEOID10":"360610182001","STATEFP":"36","COUNTYFP":"061","D1C":15.724722587064907,"D1C5_RET":4.7922964074864476,"D2B_E5MIXA":0.92056142369726013,"D3A":28.35900804697464,"D3AAO":0,"D3B":191.6918562994579,"D4A":0,"D4C":139,"D4D":13322.5840128,"D5AR":765489,"D5BR":3466146}},{"type":"Feature","id":162002,"geometry":{"type":"Polygon","coordinates":[[[-73.946463434572195,40.800673275973693],[-73.946975434758272,40.799969276199263],[-73.94536043455733,40.799295275176064],[-73.944355433553426,40.800671276054452],[-73.945969433929449,40.801350276113105],[-73.946463434572195,40.800673275973693]]]},"properties":{"OBJECTID":162002,"GEOID20":"360610184002","GEOID10":"360610184002","STATEFP":"36","COUNTYFP":"061","D1C":4.3082629914073483,"D1C5_RET":3.1197766489501486,"D2B_E5MIXA":0.54417888455881247,"D3A":37.675767178017892,"D3AAO":0,"D3B":95.078907396575957,"D4A":266.88,"D4C":158.33000000000001,"D4D":15053.8434081,"D5AR":646493,"D5BR":3596193}},{"type":"Feature","id":162003,"geometry":{"type":"Polygon","coordinates":[[[-73.934233433425973,40.846149285514919],[-73.934687433885713,40.845528284491778],[-73.933234433168167,40.844918285160773],[-73.932326433146969,40.846162285251985],[-73.933777432418069,40.846771285759708],[-73.934233433425973,40.846149285514919]]]},"properties":{"OBJECTID":162003,"GEOID20":"360610261005","GEOID10":"360610261005","STATEFP":"36","COUNTYFP":"061","D1C":18.668906935498924,"D1C5_RET":0.36605699873527303,"D2B_E5MIXA":0.35614802991065381,"D3A":32.332542541038777,"D3AAO":0,"D3B":156.26246596103422,"D4A":95.219999999999999,"D4C":120.67,"D4D":14135.0762875,"D5AR":774778,"D5BR":2370826}},{"type":"Feature","id":162006,"geometry":{"type":"Polygon","coordinates":[[[-73.967790441038744,40.802208276116595],[-73.967879441625499,40.801362274824854],[-73.965712441055516,40.800445275272374],[-73.965216439864648,40.801119275498657],[-73.967790441038744,40.802208276116595]]]},"properties":{"OBJECTID":162006,"GEOID20":"360610195005","GEOID10":"360610195005","STATEFP":"36","COUNTYFP":"061","D1C":30.500982554118067,"D1C5_RET":8.8617719582910599,"D2B_E5MIXA":0.87200611259509986,"D3A":15.996477632297569,"D3AAO":0,"D3B":0,"D4A":0,"D4C":84.329999999999998,"D4D":11122.801551500001,"D5AR":569834,"D5BR":2507325}},{"type":"Feature","id":162007,"geometry":{"type":"Polygon","coordinates":[[[-73.964849440341851,40.80671527708683],[-73.965309440649392,40.806089276852255],[-73.962476439907533,40.804894276224019],[-73.962009439927314,40.805517275491738],[-73.964849440341851,40.80671527708683]]]},"properties":{"OBJECTID":162007,"GEOID20":"360610199003","GEOID10":"360610199003","STATEFP":"36","COUNTYFP":"061","D1C":23.021429720643493,"D1C5_RET":9.468491256071113,"D2B_E5MIXA":0.69809246959462856,"D3A":17.158899937148888,"D3AAO":0,"D3B":0,"D4A":233.34999999999999,"D4C":68.329999999999998,"D4D":8118.9898983800003,"D5AR":558617,"D5BR":2247696}},{"type":"Feature","id":162008,"geometry":{"type":"Polygon","coordinates":[[[-73.966226440891418,40.804841276614503],[-73.96670244109248,40.80417727517424],[-73.963862440677943,40.802980274947721],[-73.963385440651962,40.803636275444809],[-73.966226440891418,40.804841276614503]]]},"properties":{"OBJECTID":162008,"GEOID20":"360610199006","GEOID10":"360610199006","STATEFP":"36","COUNTYFP":"061","D1C":67.104722765049402,"D1C5_RET":26.665297730322262,"D2B_E5MIXA":0.80109783814300284,"D3A":42.566457611474689,"D3AAO":0.057390665646140718,"D3B":113.01848044639898,"D4A":0,"D4C":84.670000000000002,"D4D":9569.2747393999998,"D5AR":584504,"D5BR":2457405}},{"type":"Feature","id":162009,"geometry":{"type":"Polygon","coordinates":[[[-73.958939439358986,40.809729276930113],[-73.959218439916555,40.809349277768206],[-73.957618439784241,40.808679276843584],[-73.957246439340238,40.809412276817135],[-73.957092438456129,40.810088276726553],[-73.958273438288799,40.810637277408851],[-73.958939439358986,40.809729276930113]]]},"properties":{"OBJECTID":162009,"GEOID20":"360610207012","GEOID10":"360610207012","STATEFP":"36","COUNTYFP":"061","D1C":29.685155236971312,"D1C5_RET":2.5496452350772905,"D2B_E5MIXA":0.62825355303476482,"D3A":25.21190824468032,"D3AAO":0,"D3B":231.27667799976086,"D4A":138.13999999999999,"D4C":68,"D4D":7859.4773133400004,"D5AR":646217,"D5BR":2564300}},{"type":"Feature","id":162010,"geometry":{"type":"Polygon","coordinates":[[[-73.936768431547023,40.811067277721044],[-73.937409432502861,40.810184278198996],[-73.935820432241172,40.809511277727132],[-73.935024431474673,40.810388277807142],[-73.934241432025246,40.810854278205603],[-73.934172432428284,40.811390278235173],[-73.934595431129253,40.811276278033276],[-73.934785432896689,40.811568278099116],[-73.936033432676524,40.812083277842525],[-73.936768431547023,40.811067277721044]]]},"properties":{"OBJECTID":162010,"GEOID20":"360610210004","GEOID10":"360610210004","STATEFP":"36","COUNTYFP":"061","D1C":3.0556164337373772,"D1C5_RET":0,"D2B_E5MIXA":0,"D3A":75.690435250339391,"D3AAO":23.664386630745749,"D3B":614.42638697988343,"D4A":154.22999999999999,"D4C":13.67,"D4D":868.49433461000001,"D5AR":885845,"D5BR":3422297}},{"type":"Feature","id":162011,"geometry":{"type":"Polygon","coordinates":[[[-73.9592364394599,40.814392278102147],[-73.959680440772232,40.813784277342364],[-73.95893743970916,40.813481278378994],[-73.958868439213887,40.813582278187241],[-73.958921438917315,40.813812278152795],[-73.958658440049902,40.813859277471238],[-73.958024439665081,40.814723278089993],[-73.9575474396391,40.814842278238714],[-73.958293439278606,40.815695278168967],[-73.9592364394599,40.814392278102147]]]},"properties":{"OBJECTID":162011,"GEOID20":"360610211004","GEOID10":"360610211004","STATEFP":"36","COUNTYFP":"061","D1C":21.560574185351054,"D1C5_RET":8.1781488289262612,"D2B_E5MIXA":0.61134105339456668,"D3A":34.269272025926533,"D3AAO":0,"D3B":0,"D4A":45.600000000000001,"D4C":93,"D4D":14750.406615100001,"D5AR":741189,"D5BR":2560516}},{"type":"Feature","id":162012,"geometry":{"type":"Polygon","coordinates":[[[-73.941348434530951,40.813446278039343],[-73.941804434640503,40.812823278422783],[-73.938594432533478,40.81144327805363],[-73.937636431385272,40.812756278743109],[-73.940856433538031,40.81411427822696],[-73.941348434530951,40.813446278039343]]]},"properties":{"OBJECTID":162012,"GEOID20":"360610212004","GEOID10":"360610212004","STATEFP":"36","COUNTYFP":"061","D1C":24.718732315085305,"D1C5_RET":10.942368763684259,"D2B_E5MIXA":0.74571887825363392,"D3A":15.743366528561143,"D3AAO":0,"D3B":100.81464124837849,"D4A":210.56,"D4C":72.329999999999998,"D4D":3644.1394310300002,"D5AR":898770,"D5BR":2728448}},{"type":"Feature","id":162022,"geometry":{"type":"MultiPolygon","coordinates":[[[[-74.004001446598267,40.693252253006293],[-74.0017454454415,40.692415252938936],[-74.001278445461281,40.693306252276059],[-74.003475446168494,40.694052253148058],[-74.004001446598267,40.693252253006293]]],[[[-74.004442447537556,40.692497251707735],[-74.004821445857601,40.691762252031751],[-74.000700446051269,40.690620252348943],[-74.001970445572411,40.691851252908592],[-74.002060445984085,40.691783252563141],[-74.004442447537556,40.692497251707735]]],[[[-74.005363447079219,40.691073252884394],[-74.005762447287395,40.690261252013691],[-74.003410446769493,40.689621251538419],[-74.002994445944566,40.69043525186558],[-74.005363447079219,40.691073252884394]]],[[[-74.006787448382767,40.688864252131388],[-74.006744447826762,40.688798251342739],[-74.00459444697519,40.688223251913357],[-74.003821446673214,40.688938251678834],[-74.006338447945879,40.689642252063422],[-74.00643944732991,40.689580251759281],[-74.006787448382767,40.688864252131388]]],[[[-74.007833446699607,40.687462251770199],[-74.007785447019032,40.687382251496544],[-74.005631446867824,40.686792251195335],[-74.005039446315806,40.687569251517829],[-74.007425447168913,40.688214251010947],[-74.007833446699607,40.687462251770199]]],[[[-74.012122448532054,40.684124250463817],[-74.011925448888562,40.683902250525129],[-74.007951447598685,40.686301250345331],[-74.008376446847819,40.686401251443044],[-74.012122448532054,40.684124250463817]]]]},"properties":{"OBJECTID":162022,"GEOID20":"360610005002","GEOID10":"360610005002","STATEFP":"36","COUNTYFP":"061","D1C":0,"D1C5_RET":0,"D2B_E5MIXA":0,"D3A":0.76740972393210394,"D3AAO":0,"D3B":0,"D4A":603.5,"D4C":16.329999999999998,"D4D":344.05267058200002,"D5AR":770281,"D5BR":1605396}},{"type":"Feature","id":162038,"geometry":{"type":"Polygon","coordinates":[[[-74.005083450290002,40.741344262304501],[-74.005159449559656,40.74086626197294],[-74.002524448286209,40.739761261778561],[-74.001556448888891,40.741088261958943],[-74.00441745011814,40.742292262288878],[-74.005083450290002,40.741344262304501]]]},"properties":{"OBJECTID":162038,"GEOID20":"360610083002","GEOID10":"360610083002","STATEFP":"36","COUNTYFP":"061","D1C":772.76210476261758,"D1C5_RET":16.407962498384347,"D2B_E5MIXA":0.62839546694196258,"D3A":36.879645424381451,"D3AAO":0,"D3B":56.457505370784851,"D4A":299.06999999999999,"D4C":196.33000000000001,"D4D":11084.3020294,"D5AR":654962,"D5BR":2900353}},{"type":"Feature","id":162053,"geometry":{"type":"Polygon","coordinates":[[[-73.998288447055529,40.740478262008772],[-73.998714447926204,40.739889262245875],[-73.995875446438234,40.738694262188382],[-73.995019446295586,40.739868261909592],[-73.997863446908099,40.741064261812198],[-73.998288447055529,40.740478262008772]]]},"properties":{"OBJECTID":162053,"GEOID20":"360610081001","GEOID10":"360610081001","STATEFP":"36","COUNTYFP":"061","D1C":116.71308511380433,"D1C5_RET":29.104026313365964,"D2B_E5MIXA":0.87332932411079212,"D3A":25.416293901894839,"D3AAO":2.238717499806179,"D3B":0,"D4A":246.77000000000001,"D4C":307.32999999999998,"D4D":19471.108368699999,"D5AR":705043,"D5BR":3725916}},{"type":"Feature","id":162054,"geometry":{"type":"Polygon","coordinates":[[[-74.005513447765352,40.709101255715915],[-74.005263448418418,40.708929255543097],[-74.004818447281195,40.708398255627337],[-74.003971448257658,40.708734256377575],[-74.003403447995098,40.708092256326573],[-74.001642446407644,40.709550256005457],[-74.001420446649803,40.70982325555385],[-74.003312447758503,40.71132325579071],[-74.00341244821594,40.711082255911926],[-74.003643448194609,40.710982256449263],[-74.003867447602289,40.710490256524544],[-74.005513447765352,40.709101255715915]]]},"properties":{"OBJECTID":162054,"GEOID20":"360610015012","GEOID10":"360610015012","STATEFP":"36","COUNTYFP":"061","D1C":210.59838551849316,"D1C5_RET":0,"D2B_E5MIXA":0.10681783646555314,"D3A":37.636014637879953,"D3AAO":20.530421944964907,"D3B":130.64718448392722,"D4A":164.96000000000001,"D4C":341,"D4D":14845.281542500001,"D5AR":868543,"D5BR":6174354}},{"type":"Feature","id":162055,"geometry":{"type":"Polygon","coordinates":[[[-73.983339442275309,40.714941258247208],[-73.981651440482807,40.714469257569206],[-73.980578441503468,40.716463258021463],[-73.98229044178882,40.716984257687635],[-73.983339442275309,40.714941258247208]]]},"properties":{"OBJECTID":162055,"GEOID20":"360610012002","GEOID10":"360610012002","STATEFP":"36","COUNTYFP":"061","D1C":145.71190674437969,"D1C5_RET":4.7799673111912906,"D2B_E5MIXA":0.17552011007936194,"D3A":41.160593758878292,"D3AAO":13.337537339522052,"D3B":164.02561121298476,"D4A":123.38,"D4C":24,"D4D":1686.6386757099999,"D5AR":863683,"D5BR":3232895}},{"type":"Feature","id":162056,"geometry":{"type":"Polygon","coordinates":[[[-73.983883442248427,40.713209256312076],[-73.983616441386431,40.71133425686061],[-73.982053441064025,40.711436257038301],[-73.98232044102771,40.713396257380793],[-73.983883442248427,40.713209256312076]]]},"properties":{"OBJECTID":162056,"GEOID20":"360610002023","GEOID10":"360610002023","STATEFP":"36","COUNTYFP":"061","D1C":7.6800212992590708,"D1C5_RET":0.71111308326472877,"D2B_E5MIXA":0.19167900075408187,"D3A":24.081293876221789,"D3AAO":0,"D3B":121.42398119361897,"D4A":139.47999999999999,"D4C":35.670000000000002,"D4D":3246.7716710499999,"D5AR":887899,"D5BR":3112358}},{"type":"Feature","id":162110,"geometry":{"type":"Polygon","coordinates":[[[-74.000955448116031,40.731714260910429],[-74.001414448598652,40.731073259844287],[-73.997887446299217,40.729318259378374],[-73.997361446767755,40.729949260301304],[-73.99657344639715,40.72956025996389],[-73.99556444609361,40.730723259633557],[-74.000067447287989,40.732937261299305],[-74.000955448116031,40.731714260910429]]]},"properties":{"OBJECTID":162110,"GEOID20":"360610065001","GEOID10":"360610065001","STATEFP":"36","COUNTYFP":"061","D1C":874.57238338178013,"D1C5_RET":15.344762808724369,"D2B_E5MIXA":0.2245106108194046,"D3A":56.127040824902068,"D3AAO":1.076023582121225,"D3B":571.94386128259885,"D4A":186.41999999999999,"D4C":347.32999999999998,"D4D":9166.7787060699993,"D5AR":646719,"D5BR":3822771}},{"type":"Feature","id":162111,"geometry":{"type":"Polygon","coordinates":[[[-73.987880442206205,40.717417258270068],[-73.988368443001164,40.716454257530117],[-73.986722441939762,40.715960257440607],[-73.985075441951764,40.719091258217311],[-73.986753442800207,40.719601258720388],[-73.987880442206205,40.717417258270068]]]},"properties":{"OBJECTID":162111,"GEOID20":"360610014021","GEOID10":"360610014021","STATEFP":"36","COUNTYFP":"061","D1C":33.390514173550635,"D1C5_RET":4.9124637057036118,"D2B_E5MIXA":0.71602125507489234,"D3A":38.438011255471714,"D3AAO":8.6294761600232182,"D3B":30.391775459286343,"D4A":170.31999999999999,"D4C":100,"D4D":4556.4880748599999,"D5AR":775614,"D5BR":3535897}},{"type":"Feature","id":162112,"geometry":{"type":"Polygon","coordinates":[[[-73.989191448023433,40.779950269913499],[-73.988413447698576,40.77974726988041],[-73.985449445638835,40.778484269637111],[-73.984977445635735,40.779133269740669],[-73.987919447055845,40.780389270413522],[-73.98730944606217,40.781049270017519],[-73.98814144771201,40.781417271075654],[-73.989191448023433,40.779950269913499]]]},"properties":{"OBJECTID":162112,"GEOID20":"360610159003","GEOID10":"360610159003","STATEFP":"36","COUNTYFP":"061","D1C":38.267574787956313,"D1C5_RET":0,"D2B_E5MIXA":0.61546094755878034,"D3A":51.025046565826585,"D3AAO":15.493792243835898,"D3B":236.10883486847342,"D4A":116.68000000000001,"D4C":123.67,"D4D":8758.1222579999994,"D5AR":785615,"D5BR":2456897}},{"type":"Feature","id":162113,"geometry":{"type":"Polygon","coordinates":[[[-73.988560445316722,40.769123268195258],[-73.989052447207939,40.768448267595048],[-73.986205446222385,40.767251267504626],[-73.98571744542744,40.767926268017312],[-73.988560445316722,40.769123268195258]]]},"properties":{"OBJECTID":162113,"GEOID20":"360610139002","GEOID10":"360610139002","STATEFP":"36","COUNTYFP":"061","D1C":32.363162052388425,"D1C5_RET":3.6150340590433876,"D2B_E5MIXA":0.74237117280245735,"D3A":40.109687330702144,"D3AAO":11.094719673507493,"D3B":0,"D4A":0,"D4C":151.66999999999999,"D4D":16709.858003400001,"D5AR":768184,"D5BR":2406259}},{"type":"Feature","id":162114,"geometry":{"type":"Polygon","coordinates":[[[-73.989298446356926,40.757915265279593],[-73.989792446101319,40.757242266386385],[-73.986950446036971,40.756044265594625],[-73.985086444517364,40.758597265760962],[-73.987928445480051,40.759799266393514],[-73.989298446356926,40.757915265279593]]]},"properties":{"OBJECTID":162114,"GEOID20":"360610119002","GEOID10":"360610119002","STATEFP":"36","COUNTYFP":"061","D1C":595.33579609782237,"D1C5_RET":25.638648604228102,"D2B_E5MIXA":0.6944582755657055,"D3A":29.600915512167262,"D3AAO":5.9065272211356419,"D3B":0,"D4A":166.30000000000001,"D4C":801,"D4D":23345.287425300001,"D5AR":878860,"D5BR":3617392}},{"type":"Feature","id":162115,"geometry":{"type":"Polygon","coordinates":[[[-73.943779433793253,40.82030227998186],[-73.944232435326413,40.819681279511592],[-73.941392434013551,40.818479279386203],[-73.940478433246255,40.819729279443266],[-73.943323434581984,40.820925279385534],[-73.943779433793253,40.82030227998186]]]},"properties":{"OBJECTID":162115,"GEOID20":"360610230004","GEOID10":"360610230004","STATEFP":"36","COUNTYFP":"061","D1C":6.7959548354247366,"D1C5_RET":0,"D2B_E5MIXA":0.20902100341063123,"D3A":32.900910427451578,"D3AAO":0,"D3B":59.580973899614122,"D4A":237.38,"D4C":101.33,"D4D":6037.3400852499999,"D5AR":784470,"D5BR":1951221}},{"type":"Feature","id":162116,"geometry":{"type":"Polygon","coordinates":[[[-73.987476445568433,40.760413266256968],[-73.987928445480051,40.759799266393514],[-73.98532344434382,40.75869526598553],[-73.984809445406242,40.760112265693905],[-73.984465444551347,40.760781267311089],[-73.986562445699462,40.761668266805074],[-73.987476445568433,40.760413266256968]]]},"properties":{"OBJECTID":162116,"GEOID20":"360610125002","GEOID10":"360610125002","STATEFP":"36","COUNTYFP":"061","D1C":456.06226928284866,"D1C5_RET":21.586947412721504,"D2B_E5MIXA":0.7090115736320064,"D3A":28.929454549718578,"D3AAO":7.2105051498483412,"D3B":0,"D4A":209.21000000000001,"D4C":381.32999999999998,"D4D":18550.424015500001,"D5AR":950847,"D5BR":4480837}},{"type":"Feature","id":162117,"geometry":{"type":"Polygon","coordinates":[[[-73.934967434268188,40.84984828602866],[-73.935472433883263,40.849153285717357],[-73.934240433996976,40.848634285353214],[-73.932434433101989,40.851103287032906],[-73.933668433536425,40.851623285936142],[-73.934967434268188,40.84984828602866]]]},"properties":{"OBJECTID":162117,"GEOID20":"360610271002","GEOID10":"360610271002","STATEFP":"36","COUNTYFP":"061","D1C":66.791283008935153,"D1C5_RET":24.287739275976421,"D2B_E5MIXA":0.86287530773487831,"D3A":33.590074923672979,"D3AAO":0,"D3B":208.18062236551216,"D4A":118.02,"D4C":178,"D4D":12352.050260399999,"D5AR":720202,"D5BR":2434096}},{"type":"Feature","id":162118,"geometry":{"type":"Polygon","coordinates":[[[-73.936591433791648,40.842923284886901],[-73.937029434357882,40.842322283769214],[-73.935568434142738,40.841721284677291],[-73.934672433817099,40.842966285316542],[-73.93612743328616,40.843558284397268],[-73.936591433791648,40.842923284886901]]]},"properties":{"OBJECTID":162118,"GEOID20":"360610253001","GEOID10":"360610253001","STATEFP":"36","COUNTYFP":"061","D1C":14.575273307130436,"D1C5_RET":0,"D2B_E5MIXA":0.30720552709166593,"D3A":23.276271334473289,"D3AAO":0,"D3B":0,"D4A":248.11000000000001,"D4C":117.33,"D4D":13854.1109235,"D5AR":666884,"D5BR":2385683}},{"type":"Feature","id":162119,"geometry":{"type":"Polygon","coordinates":[[[-73.951114435904586,40.805162276372563],[-73.951573437285532,40.804534275965274],[-73.948729436673005,40.80333927657653],[-73.947814435182494,40.804595276384525],[-73.950655436320275,40.805793276944421],[-73.951114435904586,40.805162276372563]]]},"properties":{"OBJECTID":162119,"GEOID20":"360610220002","GEOID10":"360610220002","STATEFP":"36","COUNTYFP":"061","D1C":12.02273343521891,"D1C5_RET":1.1097907786355916,"D2B_E5MIXA":0.78396332214077369,"D3A":29.481221872857599,"D3AAO":0,"D3B":59.18884152723156,"D4A":304.43000000000001,"D4C":105.33,"D4D":6234.3606780600003,"D5AR":660174,"D5BR":3404580}},{"type":"Feature","id":162120,"geometry":{"type":"Polygon","coordinates":[[[-73.972718443278865,40.795937273867139],[-73.973211442300055,40.79526027360582],[-73.971789441544658,40.794659273699743],[-73.970837442939143,40.795971274230595],[-73.972258442971324,40.796569274096314],[-73.972718443278865,40.795937273867139]]]},"properties":{"OBJECTID":162120,"GEOID20":"360610183004","GEOID10":"360610183004","STATEFP":"36","COUNTYFP":"061","D1C":85.353868799853274,"D1C5_RET":41.700954611154927,"D2B_E5MIXA":0.84968010913642489,"D3A":34.987241593636448,"D3AAO":0,"D3B":113.56855723889001,"D4A":0,"D4C":117.67,"D4D":13363.6121303,"D5AR":749896,"D5BR":2501456}},{"type":"Feature","id":162121,"geometry":{"type":"Polygon","coordinates":[[[-73.940972432990677,40.824140280501339],[-73.941427434173647,40.823515280115181],[-73.935746432621343,40.821114279407404],[-73.935336432542513,40.821757279660801],[-73.938130433824611,40.822942280821579],[-73.937674434613356,40.823574280170646],[-73.940516434677718,40.824765280435706],[-73.940972432990677,40.824140280501339]]]},"properties":{"OBJECTID":162121,"GEOID20":"360610234002","GEOID10":"360610234002","STATEFP":"36","COUNTYFP":"061","D1C":10.003194498416994,"D1C5_RET":0.3106582142365526,"D2B_E5MIXA":0.68007191906810394,"D3A":26.201684981625796,"D3AAO":0,"D3B":39.764251422278733,"D4A":254.81,"D4C":138.66999999999999,"D4D":5514.1087447299997,"D5AR":681552,"D5BR":1900143}},{"type":"Feature","id":162122,"geometry":{"type":"Polygon","coordinates":[[[-73.97664444309153,40.780363270317515],[-73.976904444280848,40.780005270211014],[-73.974068442267622,40.778813269910813],[-73.97357244197508,40.779486270092391],[-73.976429443006381,40.780662271147037],[-73.97664444309153,40.780363270317515]]]},"properties":{"OBJECTID":162122,"GEOID20":"360610161002","GEOID10":"360610161002","STATEFP":"36","COUNTYFP":"061","D1C":99.78432580807798,"D1C5_RET":0.87530110357963142,"D2B_E5MIXA":0.42954797305936282,"D3A":24.900515060797368,"D3AAO":0,"D3B":74.682677348790151,"D4A":221.28,"D4C":80.329999999999998,"D4D":8994.3920111400002,"D5AR":708294,"D5BR":2464071}},{"type":"Feature","id":162123,"geometry":{"type":"Polygon","coordinates":[[[-73.964302440893988,40.802381275441803],[-73.964761440478298,40.801749275466243],[-73.961918439690692,40.800551274669871],[-73.961078439441565,40.801808275160212],[-73.963862440677943,40.802980274947721],[-73.964302440893988,40.802381275441803]]]},"properties":{"OBJECTID":162123,"GEOID20":"360610193005","GEOID10":"360610193005","STATEFP":"36","COUNTYFP":"061","D1C":27.771383356204286,"D1C5_RET":1.9904404453252218,"D2B_E5MIXA":0.56888615432190737,"D3A":25.601063067559068,"D3AAO":3.9273624729173044,"D3B":0,"D4A":185.06999999999999,"D4C":118.33,"D4D":7178.0211168100004,"D5AR":582373,"D5BR":2457985}},{"type":"Feature","id":162124,"geometry":{"type":"Polygon","coordinates":[[[-73.96098443973024,40.799337275698079],[-73.961479440197863,40.798662274728123],[-73.960038438277579,40.798046274012378],[-73.959078439276155,40.799360274887874],[-73.96052843962066,40.799966274588527],[-73.96098443973024,40.799337275698079]]]},"properties":{"OBJECTID":162124,"GEOID20":"360610193002","GEOID10":"360610193002","STATEFP":"36","COUNTYFP":"061","D1C":33.489092497920012,"D1C5_RET":0.17442235676000009,"D2B_E5MIXA":0.41328120211545677,"D3A":24.660033270192901,"D3AAO":0,"D3B":186.08758765719935,"D4A":158.25,"D4C":77,"D4D":8595.5274442699993,"D5AR":596371,"D5BR":2498441}},{"type":"Feature","id":162125,"geometry":{"type":"Polygon","coordinates":[[[-73.957318438411946,40.804364276184259],[-73.957783438742354,40.803736275705646],[-73.956322437628884,40.803123275946653],[-73.955369438300153,40.804428276128938],[-73.956823438842619,40.805040276520351],[-73.957318438411946,40.804364276184259]]]},"properties":{"OBJECTID":162125,"GEOID20":"360610201022","GEOID10":"360610201022","STATEFP":"36","COUNTYFP":"061","D1C":14.940426352862122,"D1C5_RET":1.5635329904158035,"D2B_E5MIXA":0.70267246897112656,"D3A":36.812463501365194,"D3AAO":0,"D3B":111.18456820734603,"D4A":142.16,"D4C":72.329999999999998,"D4D":8041.9798184399997,"D5AR":695098,"D5BR":2514754}},{"type":"Feature","id":162284,"geometry":{"type":"Polygon","coordinates":[[[-73.980405442149447,40.748374264439306],[-73.98085444258632,40.74775926457886],[-73.979239442385378,40.747076264103534],[-73.978339441861792,40.748311263280947],[-73.979955441887626,40.748993263604895],[-73.980405442149447,40.748374264439306]]]},"properties":{"OBJECTID":162284,"GEOID20":"360610080005","GEOID10":"360610080005","STATEFP":"36","COUNTYFP":"061","D1C":50.621961100397698,"D1C5_RET":0.33086249085227254,"D2B_E5MIXA":0.50605320249653463,"D3A":44.410852851093161,"D3AAO":5.6478211117423021,"D3B":105.87599707272719,"D4A":261.51999999999998,"D4C":313.32999999999998,"D4D":33174.126162799999,"D5AR":1141476,"D5BR":6420345}},{"type":"Feature","id":162285,"geometry":{"type":"Polygon","coordinates":[[[-73.9936104477556,40.762192266946087],[-73.994071447888047,40.761560266158682],[-73.991231446575185,40.760362266976315],[-73.990765446419871,40.760996265980111],[-73.9936104477556,40.762192266946087]]]},"properties":{"OBJECTID":162285,"GEOID20":"360610121006","GEOID10":"360610121006","STATEFP":"36","COUNTYFP":"061","D1C":70.375269895574462,"D1C5_RET":3.115571844335328,"D2B_E5MIXA":0.47766317455030988,"D3A":27.238238044892309,"D3AAO":5.8755786298323525,"D3B":0,"D4A":203.84999999999999,"D4C":132.66999999999999,"D4D":15561.145095100001,"D5AR":870076,"D5BR":2671250}},{"type":"Feature","id":162286,"geometry":{"type":"Polygon","coordinates":[[[-73.980854439891388,40.713563257024653],[-73.98055744068877,40.710865256676207],[-73.980657440247896,40.710253256189382],[-73.97980243993014,40.710283256985228],[-73.977788439521007,40.710679256963033],[-73.976843438791576,40.711441256402118],[-73.975934439843797,40.712915257036336],[-73.977246439197714,40.713161257686281],[-73.979291440467279,40.713770257942585],[-73.980854439891388,40.713563257024653]]]},"properties":{"OBJECTID":162286,"GEOID20":"360610002025","GEOID10":"360610002025","STATEFP":"36","COUNTYFP":"061","D1C":20.926333228846385,"D1C5_RET":0,"D2B_E5MIXA":0.2582053586394068,"D3A":53.607148335617566,"D3AAO":12.501810287729224,"D3B":367.36689969020307,"D4A":147.52000000000001,"D4C":35.670000000000002,"D4D":818.69157265700005,"D5AR":864459,"D5BR":2318304}},{"type":"Feature","id":162287,"geometry":{"type":"Polygon","coordinates":[[[-73.981171440083784,40.715386257760571],[-73.981651440482807,40.714469257569206],[-73.979963440486927,40.71398125782779],[-73.978910439802448,40.715959257908061],[-73.980578441503468,40.716463258021463],[-73.981171440083784,40.715386257760571]]]},"properties":{"OBJECTID":162287,"GEOID20":"360610012003","GEOID10":"360610012003","STATEFP":"36","COUNTYFP":"061","D1C":11.561329485543286,"D1C5_RET":0,"D2B_E5MIXA":0.081824564660123153,"D3A":47.843785190428839,"D3AAO":13.515563795611154,"D3B":143.66002542678348,"D4A":155.56999999999999,"D4C":24,"D4D":1723.05877573,"D5AR":915721,"D5BR":2814746}},{"type":"Feature","id":162589,"geometry":{"type":"Polygon","coordinates":[[[-73.979725442632187,40.746410264033464],[-73.980210442155766,40.745742263887259],[-73.978608442373627,40.745066264268715],[-73.978122441228479,40.745734263718539],[-73.979725442632187,40.746410264033464]]]},"properties":{"OBJECTID":162589,"GEOID20":"360610072006","GEOID10":"360610072006","STATEFP":"36","COUNTYFP":"061","D1C":50.594519539942802,"D1C5_RET":2.1595221754853635,"D2B_E5MIXA":0.69061308306871994,"D3A":24.867197346050709,"D3AAO":0,"D3B":0,"D4A":0,"D4C":266.32999999999998,"D4D":52584.735176900002,"D5AR":1105349,"D5BR":6377528}},{"type":"Feature","id":162611,"geometry":{"type":"Polygon","coordinates":[[[-73.945568434969786,40.796126275026815],[-73.946043434447631,40.795475274963309],[-73.942805431853188,40.794141274239152],[-73.941877432638819,40.795414275003189],[-73.945097434791592,40.796772274395437],[-73.945568434969786,40.796126275026815]]]},"properties":{"OBJECTID":162611,"GEOID20":"360610172001","GEOID10":"360610172001","STATEFP":"36","COUNTYFP":"061","D1C":42.631591173787022,"D1C5_RET":3.9414112594633286,"D2B_E5MIXA":0.36948070361634255,"D3A":37.317889729097139,"D3AAO":1.68256591749398,"D3B":51.479657266459803,"D4A":91.200000000000003,"D4C":137,"D4D":7052.7130454999997,"D5AR":674644,"D5BR":2450011}},{"type":"Feature","id":162612,"geometry":{"type":"Polygon","coordinates":[[[-73.946281434099006,40.792254273650855],[-73.946773435091913,40.791577273918882],[-73.945169433863299,40.790902273618677],[-73.943724433541675,40.792882273948173],[-73.945325434397219,40.793560274382408],[-73.946281434099006,40.792254273650855]]]},"properties":{"OBJECTID":162612,"GEOID20":"360610172004","GEOID10":"360610172004","STATEFP":"36","COUNTYFP":"061","D1C":28.168746466043658,"D1C5_RET":6.5484539755009239,"D2B_E5MIXA":0.86547693409984094,"D3A":24.14649904456612,"D3AAO":1.1421016776167172,"D3B":0,"D4A":162.28,"D4C":129,"D4D":8581.5930193200002,"D5AR":582465,"D5BR":2988903}},{"type":"Feature","id":162613,"geometry":{"type":"Polygon","coordinates":[[[-73.973196443129751,40.792733274214768],[-73.973654443787481,40.792104272759452],[-73.972234441783556,40.791506273481779],[-73.971317442439855,40.792761273026251],[-73.972740442121861,40.793361272701858],[-73.973196443129751,40.792733274214768]]]},"properties":{"OBJECTID":162613,"GEOID20":"360610179006","GEOID10":"360610179006","STATEFP":"36","COUNTYFP":"061","D1C":92.144220433251036,"D1C5_RET":7.9562278687345271,"D2B_E5MIXA":0.88678802040333238,"D3A":41.940074816586211,"D3AAO":0,"D3B":0,"D4A":151.55000000000001,"D4C":117.67,"D4D":13934.2784493,"D5AR":668758,"D5BR":2503833}},{"type":"Feature","id":162616,"geometry":{"type":"Polygon","coordinates":[[[-73.972283442187361,40.793988273009546],[-73.972740442121861,40.793361272701858],[-73.971317442439855,40.792761273026251],[-73.970369442235679,40.794059274192939],[-73.971789441544658,40.794659273699743],[-73.972283442187361,40.793988273009546]]]},"properties":{"OBJECTID":162616,"GEOID20":"360610183007","GEOID10":"360610183007","STATEFP":"36","COUNTYFP":"061","D1C":90.420538957519454,"D1C5_RET":16.440097992276264,"D2B_E5MIXA":0.71166301670910892,"D3A":36.107664856271924,"D3AAO":7.2951406557812737,"D3B":0,"D4A":93.879999999999995,"D4C":117.67,"D4D":13457.435344400001,"D5AR":676567,"D5BR":2492541}},{"type":"Feature","id":162617,"geometry":{"type":"Polygon","coordinates":[[[-73.969965442902961,40.799710274229575],[-73.970424442487271,40.799079274306152],[-73.96900244173186,40.798484274927453],[-73.968208442411793,40.799794275401851],[-73.969506442420325,40.800338275400996],[-73.969965442902961,40.799710274229575]]]},"properties":{"OBJECTID":162617,"GEOID20":"360610191004","GEOID10":"360610191004","STATEFP":"36","COUNTYFP":"061","D1C":32.465167912506409,"D1C5_RET":8.9231748063614109,"D2B_E5MIXA":0.91154518020902431,"D3A":42.128050614733638,"D3AAO":0,"D3B":0,"D4A":135.44999999999999,"D4C":75.329999999999998,"D4D":9153.1269196699996,"D5AR":589979,"D5BR":2520104}},{"type":"Feature","id":162619,"geometry":{"type":"Polygon","coordinates":[[[-73.985308442478569,40.727607259259301],[-73.985754442542429,40.726996259548265],[-73.983536441918815,40.726061259558747],[-73.982658442034833,40.727269259721346],[-73.984876442658447,40.728202260379646],[-73.985308442478569,40.727607259259301]]]},"properties":{"OBJECTID":162619,"GEOID20":"360610032001","GEOID10":"360610032001","STATEFP":"36","COUNTYFP":"061","D1C":104.87832263780086,"D1C5_RET":4.1951329055120343,"D2B_E5MIXA":0.50783969462040401,"D3A":34.452747146882018,"D3AAO":0.56424755562524131,"D3B":157.93435875423796,"D4A":0,"D4C":38.670000000000002,"D4D":3053.6608265099999,"D5AR":695128,"D5BR":3253630}},{"type":"Feature","id":162620,"geometry":{"type":"Polygon","coordinates":[[[-73.984838442125309,40.724277259148032],[-73.98252544196545,40.723286259448543],[-73.981638440962314,40.724502259601941],[-73.98395944151811,40.725481259414543],[-73.984838442125309,40.724277259148032]]]},"properties":{"OBJECTID":162620,"GEOID20":"360610032006","GEOID10":"360610032006","STATEFP":"36","COUNTYFP":"061","D1C":31.229685295173947,"D1C5_RET":0.70442899162046502,"D2B_E5MIXA":0.5909580399032176,"D3A":29.290750470579386,"D3AAO":0,"D3B":125.2568670966736,"D4A":0,"D4C":35.670000000000002,"D4D":2680.21142732,"D5AR":731390,"D5BR":3191325}},{"type":"Feature","id":162621,"geometry":{"type":"Polygon","coordinates":[[[-73.986367443909145,40.740195263087941],[-73.986850443782899,40.739530262715412],[-73.985233443932131,40.738848262000197],[-73.984262443263447,40.740180261945113],[-73.985880444735741,40.740861262096551],[-73.986367443909145,40.740195263087941]]]},"properties":{"OBJECTID":162621,"GEOID20":"360610068002","GEOID10":"360610068002","STATEFP":"36","COUNTYFP":"061","D1C":499.90856471529457,"D1C5_RET":11.804035413393954,"D2B_E5MIXA":0.74759117009313503,"D3A":32.099004698983556,"D3AAO":0,"D3B":196.22292635252285,"D4A":0,"D4C":276.32999999999998,"D4D":27111.140619500002,"D5AR":1020248,"D5BR":6787169}},{"type":"Feature","id":162622,"geometry":{"type":"Polygon","coordinates":[[[-73.975882440863572,40.744787263571695],[-73.976349440843805,40.744100263357346],[-73.974016440592465,40.743103263300142],[-73.973513439728904,40.743790263603977],[-73.975882440863572,40.744787263571695]]]},"properties":{"OBJECTID":162622,"GEOID20":"360610070006","GEOID10":"360610070006","STATEFP":"36","COUNTYFP":"061","D1C":42.292541533739431,"D1C5_RET":3.4901611945318947,"D2B_E5MIXA":0.95146084588120949,"D3A":16.703981370004435,"D3AAO":0,"D3B":0,"D4A":221.28,"D4C":120.67,"D4D":15855.350638800001,"D5AR":1048560,"D5BR":4506647}},{"type":"Feature","id":162623,"geometry":{"type":"Polygon","coordinates":[[[-73.976323441802847,40.746646263826008],[-73.976791441607986,40.746044263938778],[-73.975395440791857,40.745450263570106],[-73.974937440134127,40.746086264788339],[-73.976323441802847,40.746646263826008]]]},"properties":{"OBJECTID":162623,"GEOID20":"360610078003","GEOID10":"360610078003","STATEFP":"36","COUNTYFP":"061","D1C":30.215350155174946,"D1C5_RET":0.38247278677436641,"D2B_E5MIXA":0.76728074457862239,"D3A":58.862973131124612,"D3AAO":24.392358627396469,"D3B":0,"D4A":175.69,"D4C":113.33,"D4D":27741.210192099999,"D5AR":1093531,"D5BR":5200275}},{"type":"Feature","id":162624,"geometry":{"type":"Polygon","coordinates":[[[-74.002020448496054,40.740452261270661],[-73.999186447929304,40.739251261256953],[-73.998714447926204,40.739889262245875],[-74.001556448888891,40.741088261958943],[-74.002020448496054,40.740452261270661]]]},"properties":{"OBJECTID":162624,"GEOID20":"360610081005","GEOID10":"360610081005","STATEFP":"36","COUNTYFP":"061","D1C":58.951984372920649,"D1C5_RET":3.8209619500967085,"D2B_E5MIXA":0.67508464448268057,"D3A":34.888333942514343,"D3AAO":0,"D3B":0,"D4A":0,"D4C":280.32999999999998,"D4D":32643.969934299999,"D5AR":708983,"D5BR":2848643}},{"type":"Feature","id":162625,"geometry":{"type":"Polygon","coordinates":[[[-73.97298043962644,40.748768264302136],[-73.973142440906457,40.748546264770155],[-73.971393439912887,40.747810264680645],[-73.970938439628227,40.748415264091648],[-73.97269344046957,40.749165265056838],[-73.97298043962644,40.748768264302136]]]},"properties":{"OBJECTID":162625,"GEOID20":"360610088003","GEOID10":"360610088003","STATEFP":"36","COUNTYFP":"061","D1C":56.169196352317144,"D1C5_RET":13.198226465298564,"D2B_E5MIXA":0.76194139688847984,"D3A":18.925717322055423,"D3AAO":0,"D3B":0,"D4A":288.33999999999997,"D4C":146.33000000000001,"D4D":28744.877821999999,"D5AR":1126647,"D5BR":4135200}},{"type":"Feature","id":162626,"geometry":{"type":"Polygon","coordinates":[[[-73.949011434010373,40.773350270943475],[-73.949477434165701,40.772716270056357],[-73.947120432726592,40.771720270547171],[-73.946657433842631,40.77235927028304],[-73.949011434010373,40.773350270943475]]]},"properties":{"OBJECTID":162626,"GEOID20":"360610136007","GEOID10":"360610136007","STATEFP":"36","COUNTYFP":"061","D1C":15.625268559303363,"D1C5_RET":0.44014841012122152,"D2B_E5MIXA":0.57759158450198644,"D3A":43.239763842296277,"D3AAO":0,"D3B":140.84749123879087,"D4A":221.28,"D4C":52.329999999999998,"D4D":7370.5492165300002,"D5AR":824515,"D5BR":2153306}},{"type":"Feature","id":162627,"geometry":{"type":"Polygon","coordinates":[[[-73.971318438671517,40.747913264500077],[-73.971393439912887,40.747810264680645],[-73.970781439269402,40.747551264145663],[-73.970367438992596,40.748103263893746],[-73.970453439206324,40.748220264224592],[-73.970938439628227,40.748415264091648],[-73.971318438671517,40.747913264500077]]]},"properties":{"OBJECTID":162627,"GEOID20":"360610088007","GEOID10":"360610088007","STATEFP":"36","COUNTYFP":"061","D1C":68.20195466802079,"D1C5_RET":8.8573967101325692,"D2B_E5MIXA":0.88448793348289856,"D3A":36.868755400292521,"D3AAO":4.3833067845020519,"D3B":0,"D4A":175.69,"D4C":47.329999999999998,"D4D":26830.117522600001,"D5AR":984151,"D5BR":3689874}},{"type":"Feature","id":162628,"geometry":{"type":"Polygon","coordinates":[[[-73.966703439120764,40.757389266943591],[-73.967153439382557,40.756774266086097],[-73.96478743772262,40.755764266429878],[-73.964326438488484,40.756389265884415],[-73.966703439120764,40.757389266943591]]]},"properties":{"OBJECTID":162628,"GEOID20":"360610098005","GEOID10":"360610098005","STATEFP":"36","COUNTYFP":"061","D1C":85.766919282714468,"D1C5_RET":9.1813151190373183,"D2B_E5MIXA":0.96605931984139737,"D3A":31.881276692059128,"D3AAO":0,"D3B":0,"D4A":242.74000000000001,"D4C":194,"D4D":27803.709394599999,"D5AR":885129,"D5BR":4049450}},{"type":"Feature","id":162629,"geometry":{"type":"Polygon","coordinates":[[[-73.964110437680105,40.756685266926922],[-73.964326438488484,40.756389265884415],[-73.962101437293867,40.755463266590887],[-73.961623436544656,40.756067266168692],[-73.963872437130419,40.757016266140923],[-73.964110437680105,40.756685266926922]]]},"properties":{"OBJECTID":162629,"GEOID20":"360610106015","GEOID10":"360610106015","STATEFP":"36","COUNTYFP":"061","D1C":43.055132239556947,"D1C5_RET":9.0391990337191395,"D2B_E5MIXA":0.76688572691374746,"D3A":8.6003274996832992,"D3AAO":7.552922149635406,"D3B":0,"D4A":273.58999999999997,"D4C":50.670000000000002,"D4D":7713.9573059100003,"D5AR":860150,"D5BR":3361715}},{"type":"Feature","id":162630,"geometry":{"type":"Polygon","coordinates":[[[-73.952706434742666,40.776569270185327],[-73.953167435773437,40.775931270115997],[-73.950799434463676,40.774935270502901],[-73.950340433981054,40.775572270615974],[-73.952706434742666,40.776569270185327]]]},"properties":{"OBJECTID":162630,"GEOID20":"360610138006","GEOID10":"360610138006","STATEFP":"36","COUNTYFP":"061","D1C":39.738347788834282,"D1C5_RET":0.65864664843371734,"D2B_E5MIXA":0.75874889920443922,"D3A":29.426467727258164,"D3AAO":13.517293530301787,"D3B":0,"D4A":202.50999999999999,"D4C":128.66999999999999,"D4D":18079.587040800001,"D5AR":761066,"D5BR":3099203}},{"type":"Feature","id":162631,"geometry":{"type":"Polygon","coordinates":[[[-73.949873434000807,40.776204270803923],[-73.950340433981054,40.775572270615974],[-73.948085434445829,40.774619270226516],[-73.947625433239978,40.775254270643764],[-73.949873434000807,40.776204270803923]]]},"properties":{"OBJECTID":162631,"GEOID20":"360610144014","GEOID10":"360610144014","STATEFP":"36","COUNTYFP":"061","D1C":20.797408217744614,"D1C5_RET":0.46216462706099143,"D2B_E5MIXA":0.86104483560234157,"D3A":18.434396539994847,"D3AAO":0,"D3B":0,"D4A":252.13,"D4C":69.670000000000002,"D4D":10303.6830615,"D5AR":754998,"D5BR":3261947}},{"type":"Feature","id":162632,"geometry":{"type":"Polygon","coordinates":[[[-73.952241435310569,40.777202271065377],[-73.952706434742666,40.776569270185327],[-73.950340433981054,40.775572270615974],[-73.949873434000807,40.776204270803923],[-73.952241435310569,40.777202271065377]]]},"properties":{"OBJECTID":162632,"GEOID20":"360610146014","GEOID10":"360610146014","STATEFP":"36","COUNTYFP":"061","D1C":63.604904118578204,"D1C5_RET":0,"D2B_E5MIXA":0.65941456583118074,"D3A":53.005848852683563,"D3AAO":14.155385518626806,"D3B":0,"D4A":202.50999999999999,"D4C":215,"D4D":30283.857462700002,"D5AR":726668,"D5BR":3537218}},{"type":"Feature","id":162634,"geometry":{"type":"Polygon","coordinates":[[[-73.941620432720882,40.798632275024396],[-73.942121433036291,40.797952274703142],[-73.940520433079044,40.797269275204108],[-73.938604432579226,40.799891276437066],[-73.94020843380784,40.800565276168612],[-73.941620432720882,40.798632275024396]]]},"properties":{"OBJECTID":162634,"GEOID20":"360610182003","GEOID10":"360610182003","STATEFP":"36","COUNTYFP":"061","D1C":35.00544897178613,"D1C5_RET":9.9116552144832628,"D2B_E5MIXA":0.91908888523415599,"D3A":29.803252714464612,"D3AAO":1.3378151206761182,"D3B":0,"D4A":0,"D4C":144.33000000000001,"D4D":7266.2816360999996,"D5AR":745025,"D5BR":3458899}},{"type":"Feature","id":162635,"geometry":{"type":"Polygon","coordinates":[[[-73.990221443751807,40.714413257959151],[-73.990126444215548,40.713390257230856],[-73.987063442421615,40.713646257246324],[-73.987166443252093,40.714320256995002],[-73.989338442946632,40.714141257724137],[-73.990221443751807,40.714413257959151]]]},"properties":{"OBJECTID":162635,"GEOID20":"360610006003","GEOID10":"360610006003","STATEFP":"36","COUNTYFP":"061","D1C":179.64919904782045,"D1C5_RET":6.0141740501970125,"D2B_E5MIXA":0.49331522773336312,"D3A":35.223813991511449,"D3AAO":0,"D3B":0,"D4A":123.38,"D4C":60,"D4D":7414.6033199800004,"D5AR":915484,"D5BR":4030204}},{"type":"Feature","id":162636,"geometry":{"type":"Polygon","coordinates":[[[-74.007895449318809,40.723873258959522],[-74.007913449760494,40.723708258820977],[-74.005311448099008,40.721832258094842],[-74.005365449423991,40.722192257928327],[-74.003731448058161,40.726258259152587],[-74.003123447612623,40.726886258989886],[-74.003351449014872,40.72696225860291],[-74.007321450106787,40.727336259876942],[-74.007895449318809,40.723873258959522]]]},"properties":{"OBJECTID":162636,"GEOID20":"360610037003","GEOID10":"360610037003","STATEFP":"36","COUNTYFP":"061","D1C":484.25509845468287,"D1C5_RET":7.1653035529669475,"D2B_E5MIXA":0.73651103182588629,"D3A":43.870097889647731,"D3AAO":14.801366973512954,"D3B":48.530706513346217,"D4A":128.75,"D4C":161.33000000000001,"D4D":2934.5797907800002,"D5AR":687305,"D5BR":5368114}},{"type":"Feature","id":162637,"geometry":{"type":"Polygon","coordinates":[[[-73.998138445471071,40.701533254167906],[-73.996699444997219,40.700885254249812],[-73.995139445047869,40.702988255928936],[-73.996174445290677,40.70337225495966],[-73.998138445471071,40.701533254167906]]]},"properties":{"OBJECTID":162637,"GEOID20":"360610015023","GEOID10":"360610015023","STATEFP":"36","COUNTYFP":"061","D1C":0,"D1C5_RET":0,"D2B_E5MIXA":0,"D3A":54.416363017248599,"D3AAO":0,"D3B":604.90710223633141,"D4A":320.52999999999997,"D4C":16.329999999999998,"D4D":1346.34496109,"D5AR":699947,"D5BR":2053975}},{"type":"Feature","id":162638,"geometry":{"type":"Polygon","coordinates":[[[-73.956269436128792,40.771682269787995],[-73.956480436016008,40.771396270144088],[-73.954113436327788,40.770397269670724],[-73.953650434748866,40.771032269620946],[-73.956016436408817,40.772028269238703],[-73.956269436128792,40.771682269787995]]]},"properties":{"OBJECTID":162638,"GEOID20":"360610134005","GEOID10":"360610134005","STATEFP":"36","COUNTYFP":"061","D1C":60.733875139646663,"D1C5_RET":5.7213070783725115,"D2B_E5MIXA":0.87062151375555519,"D3A":17.428275092638181,"D3AAO":7.0653018950559909,"D3B":0,"D4A":226.65000000000001,"D4C":144.66999999999999,"D4D":20374.190646800002,"D5AR":785671,"D5BR":2577557}},{"type":"Feature","id":162639,"geometry":{"type":"Polygon","coordinates":[[[-73.947509433787332,40.779446271856038],[-73.947969434094873,40.778815271168746],[-73.945712433113215,40.777868271502179],[-73.945256433003621,40.778494271213972],[-73.947509433787332,40.779446271856038]]]},"properties":{"OBJECTID":162639,"GEOID20":"360610152005","GEOID10":"360610152005","STATEFP":"36","COUNTYFP":"061","D1C":22.142471514234828,"D1C5_RET":0,"D2B_E5MIXA":0.66700695495217976,"D3A":47.621479321113021,"D3AAO":0.0045918797196844467,"D3B":0,"D4A":166.30000000000001,"D4C":64.329999999999998,"D4D":9596.1276127000001,"D5AR":749964,"D5BR":3134111}},{"type":"Feature","id":162640,"geometry":{"type":"Polygon","coordinates":[[[-73.949463437515249,40.830970281014849],[-73.94968943657274,40.830252281859934],[-73.948140437392368,40.82960728131485],[-73.947227437348303,40.830854282145609],[-73.949257437650914,40.831703281428929],[-73.949463437515249,40.830970281014849]]]},"properties":{"OBJECTID":162640,"GEOID20":"360610237002","GEOID10":"360610237002","STATEFP":"36","COUNTYFP":"061","D1C":13.378821325841193,"D1C5_RET":1.0405749920098706,"D2B_E5MIXA":0.78021665827391129,"D3A":32.746586047448154,"D3AAO":0,"D3B":0,"D4A":135.44999999999999,"D4C":88.670000000000002,"D4D":8435.9112279000001,"D5AR":688354,"D5BR":2539352}},{"type":"Feature","id":162641,"geometry":{"type":"Polygon","coordinates":[[[-73.989858443528632,40.720541257593055],[-73.987543441922313,40.719841258245879],[-73.986951442268619,40.72099125848974],[-73.989231443714829,40.721685258595862],[-73.989858443528632,40.720541257593055]]]},"properties":{"OBJECTID":162641,"GEOID20":"360610030012","GEOID10":"360610030012","STATEFP":"36","COUNTYFP":"061","D1C":120.1881382564311,"D1C5_RET":16.062658571199467,"D2B_E5MIXA":0.65169909158644734,"D3A":49.482026145256455,"D3AAO":0,"D3B":180.35265764153786,"D4A":181.05000000000001,"D4C":103,"D4D":9288.1618685400008,"D5AR":752640,"D5BR":2802595}},{"type":"Feature","id":162642,"geometry":{"type":"Polygon","coordinates":[[[-73.996223444796158,40.709189256266008],[-73.996064443889182,40.709127256447694],[-73.996006444162859,40.708903255414981],[-73.991940443709794,40.709536256434951],[-73.992076444152246,40.709779255712235],[-73.991778443328087,40.709827256776087],[-73.992184443208956,40.711783257073705],[-73.992563444223961,40.714396257338684],[-73.994841445122034,40.714217257591237],[-73.994586444853908,40.71369825651211],[-73.994460445355514,40.713029256520514],[-73.994023444614214,40.709493256033333],[-73.996223444796158,40.709189256266008]]]},"properties":{"OBJECTID":162642,"GEOID20":"360610008006","GEOID10":"360610008006","STATEFP":"36","COUNTYFP":"061","D1C":27.728228813986703,"D1C5_RET":8.0698707306913029,"D2B_E5MIXA":0.90174201441612711,"D3A":107.34093557257418,"D3AAO":38.259292374931562,"D3B":399.8617122474256,"D4A":67.060000000000002,"D4C":65.670000000000002,"D4D":1607.4264595499999,"D5AR":863762,"D5BR":4463715}},{"type":"Feature","id":162643,"geometry":{"type":"Polygon","coordinates":[[[-73.994276444334204,40.715629257477111],[-73.994579446079541,40.715095257201988],[-73.994141444614982,40.714277257640113],[-73.993017444683716,40.714364257240398],[-73.992015444951193,40.716243257311852],[-73.993701445297233,40.716756257769575],[-73.994276444334204,40.715629257477111]]]},"properties":{"OBJECTID":162643,"GEOID20":"360610016003","GEOID10":"360610016003","STATEFP":"36","COUNTYFP":"061","D1C":105.99096056367421,"D1C5_RET":5.9311003838739973,"D2B_E5MIXA":0.78223455651823992,"D3A":32.73045274818562,"D3AAO":0,"D3B":70.293777245566019,"D4A":146.18000000000001,"D4C":120.33,"D4D":8458.4502159599997,"D5AR":823698,"D5BR":4538614}},{"type":"Feature","id":162644,"geometry":{"type":"Polygon","coordinates":[[[-73.977536441422558,40.725885259373129],[-73.977978440390146,40.725296260441574],[-73.975599439209702,40.72429125970374],[-73.973299439468661,40.727436260644183],[-73.975697440017328,40.728483260572929],[-73.977536441422558,40.725885259373129]]]},"properties":{"OBJECTID":162644,"GEOID20":"360610028004","GEOID10":"360610028004","STATEFP":"36","COUNTYFP":"061","D1C":11.610825858384068,"D1C5_RET":2.5948436577449243,"D2B_E5MIXA":0.80378386535897783,"D3A":26.325791707900482,"D3AAO":0,"D3B":187.68724078473929,"D4A":185.06999999999999,"D4C":47.670000000000002,"D4D":1341.78925738,"D5AR":849540,"D5BR":2183524}},{"type":"Feature","id":162645,"geometry":{"type":"Polygon","coordinates":[[[-73.986286442819974,40.722250259402507],[-73.986951442268619,40.72099125848974],[-73.984478442275204,40.720243258780549],[-73.983825442522118,40.721481258169732],[-73.986286442819974,40.722250259402507]]]},"properties":{"OBJECTID":162645,"GEOID20":"360610030013","GEOID10":"360610030013","STATEFP":"36","COUNTYFP":"061","D1C":46.802306946334141,"D1C5_RET":1.0912454987487235,"D2B_E5MIXA":0.64517412939662555,"D3A":35.678401076344372,"D3AAO":0,"D3B":155.19935982204066,"D4A":104.61,"D4C":96.329999999999998,"D4D":7475.1771658300004,"D5AR":769776,"D5BR":2858622}},{"type":"Feature","id":162906,"geometry":{"type":"Polygon","coordinates":[[[-73.983516445420591,40.781134270906961],[-73.983979445202863,40.78049827099295],[-73.981136445313567,40.779300269688015],[-73.98067444445789,40.779933270393592],[-73.983516445420591,40.781134270906961]]]},"properties":{"OBJECTID":162906,"GEOID20":"360610159004","GEOID10":"360610159004","STATEFP":"36","COUNTYFP":"061","D1C":59.839514813162097,"D1C5_RET":0.54898637443267972,"D2B_E5MIXA":0.72770158797402595,"D3A":40.696825709907564,"D3AAO":3.9502362021956179,"D3B":0,"D4A":127.41,"D4C":111.33,"D4D":13038.6459873,"D5AR":706017,"D5BR":2539327}},{"type":"Feature","id":162909,"geometry":{"type":"Polygon","coordinates":[[[-73.949825434320232,40.784524272394414],[-73.950283434977948,40.783899272247297],[-73.948040434239985,40.782950271828099],[-73.947585433955325,40.783579272251522],[-73.949426435010395,40.784356272112298],[-73.948926434519876,40.785029272586598],[-73.949333434225665,40.785202273149928],[-73.949825434320232,40.784524272394414]]]},"properties":{"OBJECTID":162909,"GEOID20":"360610156013","GEOID10":"360610156013","STATEFP":"36","COUNTYFP":"061","D1C":96.838515732450233,"D1C5_RET":14.958795113142719,"D2B_E5MIXA":0.67642927678353604,"D3A":42.868888875607709,"D3AAO":12.594962719567736,"D3B":0,"D4A":174.34999999999999,"D4C":155.33000000000001,"D4D":19566.733852000001,"D5AR":831179,"D5BR":3569369}},{"type":"Feature","id":162910,"geometry":{"type":"Polygon","coordinates":[[[-73.98067444445789,40.779933270393592],[-73.981136445313567,40.779300269688015],[-73.97829444435088,40.778103269864459],[-73.977832442596892,40.778738269632044],[-73.98067444445789,40.779933270393592]]]},"properties":{"OBJECTID":162910,"GEOID20":"360610157005","GEOID10":"360610157005","STATEFP":"36","COUNTYFP":"061","D1C":135.90690761989316,"D1C5_RET":50.804606492186778,"D2B_E5MIXA":0.69316559999356986,"D3A":10.901456275431656,"D3AAO":7.8342890791337121,"D3B":0,"D4A":237.38,"D4C":145.33000000000001,"D4D":17059.196445400001,"D5AR":660629,"D5BR":2552507}},{"type":"Feature","id":162911,"geometry":{"type":"Polygon","coordinates":[[[-73.981136445313567,40.779300269688015],[-73.981622444662051,40.778616269514714],[-73.978801443615779,40.777418270320752],[-73.97829444435088,40.778103269864459],[-73.981136445313567,40.779300269688015]]]},"properties":{"OBJECTID":162911,"GEOID20":"360610157006","GEOID10":"360610157006","STATEFP":"36","COUNTYFP":"061","D1C":183.91328715206492,"D1C5_RET":31.362414120463342,"D2B_E5MIXA":0.86065364306069225,"D3A":28.782892698228572,"D3AAO":5.9413793901135223,"D3B":0,"D4A":182.38999999999999,"D4C":145.33000000000001,"D4D":15853.5639796,"D5AR":658992,"D5BR":2537687}},{"type":"Feature","id":162912,"geometry":{"type":"Polygon","coordinates":[[[-73.982119445677824,40.777931270499153],[-73.982584445109936,40.777311268711465],[-73.97974744417013,40.776114269781594],[-73.979282442941383,40.776737269755976],[-73.982119445677824,40.777931270499153]]]},"properties":{"OBJECTID":162912,"GEOID20":"360610157008","GEOID10":"360610157008","STATEFP":"36","COUNTYFP":"061","D1C":98.592961681975169,"D1C5_RET":7.2276795217989322,"D2B_E5MIXA":0.80412610412046714,"D3A":27.347894631012924,"D3AAO":9.1215601401863413,"D3B":0,"D4A":0,"D4C":162.33000000000001,"D4D":19253.6486855,"D5AR":673137,"D5BR":2701360}},{"type":"Feature","id":162914,"geometry":{"type":"Polygon","coordinates":[[[-73.980211443777307,40.780569270275663],[-73.98067444445789,40.779933270393592],[-73.977832442596892,40.778738269632044],[-73.977370443537851,40.779372270871853],[-73.980211443777307,40.780569270275663]]]},"properties":{"OBJECTID":162914,"GEOID20":"360610161005","GEOID10":"360610161005","STATEFP":"36","COUNTYFP":"061","D1C":87.161015748841947,"D1C5_RET":4.5777844405904391,"D2B_E5MIXA":0.87824124957123129,"D3A":44.283253289316349,"D3AAO":11.793302369993659,"D3B":0,"D4A":162.28,"D4C":158,"D4D":18516.2225053,"D5AR":636467,"D5BR":2470488}},{"type":"Feature","id":162915,"geometry":{"type":"Polygon","coordinates":[[[-73.984477446043542,40.779816270098657],[-73.984977445635735,40.779133269740669],[-73.982119445677824,40.777931270499153],[-73.981622444662051,40.778616269514714],[-73.984477446043542,40.779816270098657]]]},"properties":{"OBJECTID":162915,"GEOID20":"360610159006","GEOID10":"360610159006","STATEFP":"36","COUNTYFP":"061","D1C":216.82780448103688,"D1C5_RET":84.801506670569466,"D2B_E5MIXA":0.72405588723757486,"D3A":26.389629377542573,"D3AAO":0,"D3B":0,"D4A":0,"D4C":124,"D4D":13432.829479800001,"D5AR":731379,"D5BR":2671212}},{"type":"Feature","id":162916,"geometry":{"type":"Polygon","coordinates":[[[-73.984977445635735,40.779133269740669],[-73.985449445638835,40.778484269637111],[-73.982584445109936,40.777311268711465],[-73.982119445677824,40.777931270499153],[-73.984977445635735,40.779133269740669]]]},"properties":{"OBJECTID":162916,"GEOID20":"360610159007","GEOID10":"360610159007","STATEFP":"36","COUNTYFP":"061","D1C":19.656847858818697,"D1C5_RET":0.18200785054461754,"D2B_E5MIXA":0.70150703114762858,"D3A":42.585160460824603,"D3AAO":2.4924385543988108,"D3B":0,"D4A":264.19999999999999,"D4C":124,"D4D":14444.143019200001,"D5AR":649663,"D5BR":2485404}},{"type":"Feature","id":162917,"geometry":{"type":"Polygon","coordinates":[[[-73.977370443537851,40.779372270871853],[-73.977832442596892,40.778738269632044],[-73.974998442928438,40.777541270565429],[-73.97453344169972,40.778176270263309],[-73.977370443537851,40.779372270871853]]]},"properties":{"OBJECTID":162917,"GEOID20":"360610161004","GEOID10":"360610161004","STATEFP":"36","COUNTYFP":"061","D1C":43.087721099598639,"D1C5_RET":2.9336320748662903,"D2B_E5MIXA":0.81264750420432741,"D3A":25.543986152937656,"D3AAO":0,"D3B":78.269286536435928,"D4A":232.00999999999999,"D4C":144,"D4D":16897.7170334,"D5AR":651034,"D5BR":2427217}},{"type":"Feature","id":162919,"geometry":{"type":"Polygon","coordinates":[[[-73.938194431602099,40.79219627405363],[-73.938650431711665,40.79156627319518],[-73.936525430076159,40.790667274291764],[-73.936014431511623,40.791269274729842],[-73.935338430395703,40.791845274108773],[-73.935554431204096,40.791850274231479],[-73.937738430594194,40.792824274219491],[-73.938194431602099,40.79219627405363]]]},"properties":{"OBJECTID":162919,"GEOID20":"360610162001","GEOID10":"360610162001","STATEFP":"36","COUNTYFP":"061","D1C":29.847088270943615,"D1C5_RET":0.84930738982359877,"D2B_E5MIXA":0.5144040614397124,"D3A":23.03257069924242,"D3AAO":4.39238450920507,"D3B":0,"D4A":232.00999999999999,"D4C":22,"D4D":1693.9970675300001,"D5AR":710259,"D5BR":2068016}},{"type":"Feature","id":162920,"geometry":{"type":"Polygon","coordinates":[[[-73.941479432255562,40.787700274108481],[-73.941938432738183,40.787073272914633],[-73.939536431093231,40.786042273213845],[-73.938384430674574,40.787380273382993],[-73.938085430025524,40.787915274101813],[-73.94056143218863,40.788957273087227],[-73.941479432255562,40.787700274108481]]]},"properties":{"OBJECTID":162920,"GEOID20":"360610162004","GEOID10":"360610162004","STATEFP":"36","COUNTYFP":"061","D1C":3.0878777876360619,"D1C5_RET":0,"D2B_E5MIXA":0.3397482978403214,"D3A":11.749934444774242,"D3AAO":0,"D3B":29.958028863320045,"D4A":178.37,"D4C":22.329999999999998,"D4D":1002.94270542,"D5AR":641046,"D5BR":2489095}},{"type":"Feature","id":162922,"geometry":{"type":"Polygon","coordinates":[[[-73.946087433930245,40.789645273371335],[-73.9465564344586,40.789004273005304],[-73.944323433766385,40.788064273084643],[-73.943397433303517,40.789317273492337],[-73.945637432770127,40.790262273601293],[-73.946087433930245,40.789645273371335]]]},"properties":{"OBJECTID":162922,"GEOID20":"360610164004","GEOID10":"360610164004","STATEFP":"36","COUNTYFP":"061","D1C":17.150061108251986,"D1C5_RET":0,"D2B_E5MIXA":0,"D3A":37.777711373943184,"D3AAO":0.85476682828696904,"D3B":225.61022854077459,"D4A":127.41,"D4C":114,"D4D":8570.3319072499999,"D5AR":782107,"D5BR":3410230}},{"type":"Feature","id":162923,"geometry":{"type":"Polygon","coordinates":[[[-73.977366443339889,40.784472270668246],[-73.977828443297241,40.783839271727871],[-73.974986442334568,40.782638271151079],[-73.974541442095642,40.783250271777121],[-73.977366443339889,40.784472270668246]]]},"properties":{"OBJECTID":162923,"GEOID20":"360610165005","GEOID10":"360610165005","STATEFP":"36","COUNTYFP":"061","D1C":70.781905366282274,"D1C5_RET":11.640525550953583,"D2B_E5MIXA":0.65620623074070483,"D3A":27.933785461792265,"D3AAO":5.9929211826170681,"D3B":0,"D4A":374.17000000000002,"D4C":103.67,"D4D":12382.859021099999,"D5AR":641306,"D5BR":2268131}},{"type":"Feature","id":162924,"geometry":{"type":"Polygon","coordinates":[[[-73.973597442089428,40.784546271412019],[-73.974059442046808,40.78390927096823],[-73.971224441655124,40.782714270997531],[-73.970761440974528,40.783348271698124],[-73.973597442089428,40.784546271412019]]]},"properties":{"OBJECTID":162924,"GEOID20":"360610169006","GEOID10":"360610169006","STATEFP":"36","COUNTYFP":"061","D1C":40.326497991923702,"D1C5_RET":4.5825565899913299,"D2B_E5MIXA":0.7572259654117699,"D3A":32.479359447602306,"D3AAO":0,"D3B":78.248015781873988,"D4A":215.91999999999999,"D4C":77,"D4D":9033.1292581800008,"D5AR":667210,"D5BR":2439540}},{"type":"Feature","id":162925,"geometry":{"type":"Polygon","coordinates":[[[-73.941036432564772,40.792554274416965],[-73.941504432369925,40.791916273503311],[-73.939133431585432,40.790913273772269],[-73.938650431711665,40.79156627319518],[-73.941036432564772,40.792554274416965]]]},"properties":{"OBJECTID":162925,"GEOID20":"360610170005","GEOID10":"360610170005","STATEFP":"36","COUNTYFP":"061","D1C":26.41833035207129,"D1C5_RET":2.3626149095348308,"D2B_E5MIXA":0.62023335717121431,"D3A":14.703264111704021,"D3AAO":14.084468729355498,"D3B":0,"D4A":178.37,"D4C":99,"D4D":13608.6618789,"D5AR":595733,"D5BR":2482868}},{"type":"Feature","id":162926,"geometry":{"type":"Polygon","coordinates":[[[-73.98101844621111,40.788977271725123],[-73.981063444620332,40.788514272196196],[-73.978815443859489,40.787575271957579],[-73.978358443924989,40.788209271823952],[-73.980854445281267,40.789262272744374],[-73.98101844621111,40.788977271725123]]]},"properties":{"OBJECTID":162926,"GEOID20":"360610171004","GEOID10":"360610171004","STATEFP":"36","COUNTYFP":"061","D1C":255.92832280632098,"D1C5_RET":0,"D2B_E5MIXA":0.035440856427659199,"D3A":43.436360529894728,"D3AAO":0,"D3B":0,"D4A":139.47999999999999,"D4C":73.329999999999998,"D4D":10127.3309367,"D5AR":701215,"D5BR":2188139}},{"type":"Feature","id":162927,"geometry":{"type":"Polygon","coordinates":[[[-73.983752445422127,40.787897272047537],[-73.981230445024892,40.786925271534926],[-73.98101844621111,40.788977271725123],[-73.980854445281267,40.789262272744374],[-73.978358443924989,40.788209271823952],[-73.977858443434485,40.788889272640432],[-73.981933445006689,40.790556272494293],[-73.983752445422127,40.787897272047537]]]},"properties":{"OBJECTID":162927,"GEOID20":"360610171006","GEOID10":"360610171006","STATEFP":"36","COUNTYFP":"061","D1C":51.023566195967291,"D1C5_RET":0.33458076194076913,"D2B_E5MIXA":0.48912805264570941,"D3A":52.315557749765034,"D3AAO":13.966095376671491,"D3B":366.97746247300296,"D4A":0,"D4C":86,"D4D":2783.8106882500001,"D5AR":661762,"D5BR":2197679}},{"type":"Feature","id":162928,"geometry":{"type":"Polygon","coordinates":[[[-73.972178441707058,40.790360272016663],[-73.972459442812763,40.789963273142078],[-73.970300442638703,40.789061272875756],[-73.969851442201815,40.789682272911783],[-73.972042442162945,40.790605273543484],[-73.972178441707058,40.790360272016663]]]},"properties":{"OBJECTID":162928,"GEOID20":"360610177004","GEOID10":"360610177004","STATEFP":"36","COUNTYFP":"061","D1C":39.623172864211924,"D1C5_RET":1.7121124077128609,"D2B_E5MIXA":0.65851576655734179,"D3A":8.6047121038919574,"D3AAO":0,"D3B":0,"D4A":178.37,"D4C":138.33000000000001,"D4D":21653.623712799999,"D5AR":621900,"D5BR":2294186}},{"type":"Feature","id":162929,"geometry":{"type":"Polygon","coordinates":[[[-73.971222441106988,40.787801272344581],[-73.97168244231284,40.787171271955572],[-73.968845440474709,40.785975271663446],[-73.968386440890399,40.786604272004539],[-73.971222441106988,40.787801272344581]]]},"properties":{"OBJECTID":162929,"GEOID20":"360610173006","GEOID10":"360610173006","STATEFP":"36","COUNTYFP":"061","D1C":34.758364655919927,"D1C5_RET":0.1848849183825528,"D2B_E5MIXA":0.58379731208753316,"D3A":45.950663971621566,"D3AAO":0,"D3B":157.84729246947907,"D4A":156.91,"D4C":61,"D4D":7217.9046781400002,"D5AR":553077,"D5BR":2467967}},{"type":"Feature","id":162931,"geometry":{"type":"Polygon","coordinates":[[[-73.979396444540839,40.791253272427589],[-73.979863444521087,40.790622272372282],[-73.977362443141914,40.789566271893911],[-73.976905444105753,40.790194273130631],[-73.979396444540839,40.791253272427589]]]},"properties":{"OBJECTID":162931,"GEOID20":"360610175002","GEOID10":"360610175002","STATEFP":"36","COUNTYFP":"061","D1C":149.28878153515834,"D1C5_RET":0,"D2B_E5MIXA":0.36579433481093399,"D3A":31.540158604705521,"D3AAO":0,"D3B":0,"D4A":199.83000000000001,"D4C":73.670000000000002,"D4D":9885.94267253,"D5AR":644077,"D5BR":2181539}},{"type":"Feature","id":162932,"geometry":{"type":"Polygon","coordinates":[[[-73.969851442201815,40.789682272911783],[-73.970300442638703,40.789061272875756],[-73.968081440393561,40.788133272144279],[-73.967648440748505,40.788752273099092],[-73.969851442201815,40.789682272911783]]]},"properties":{"OBJECTID":162932,"GEOID20":"360610177006","GEOID10":"360610177006","STATEFP":"36","COUNTYFP":"061","D1C":20.611797431425703,"D1C5_RET":9.2146859105197247,"D2B_E5MIXA":0.88846267087133157,"D3A":12.848796413335938,"D3AAO":0,"D3B":0,"D4A":173,"D4C":60.670000000000002,"D4D":9415.6630600600001,"D5AR":585112,"D5BR":2224374}},{"type":"Feature","id":162933,"geometry":{"type":"Polygon","coordinates":[[[-73.96846744197957,40.791570272902113],[-73.968929441038611,40.790936273160128],[-73.966095440471847,40.789742273593262],[-73.965633440514495,40.790373273169727],[-73.96846744197957,40.791570272902113]]]},"properties":{"OBJECTID":162933,"GEOID20":"360610177007","GEOID10":"360610177007","STATEFP":"36","COUNTYFP":"061","D1C":51.902827599788708,"D1C5_RET":4.4172619233862731,"D2B_E5MIXA":0.5160523206876888,"D3A":27.738867841140603,"D3AAO":0,"D3B":78.568295999282043,"D4A":195.80000000000001,"D4C":67.670000000000002,"D4D":7971.0893407399999,"D5AR":573980,"D5BR":2469520}},{"type":"Feature","id":162936,"geometry":{"type":"Polygon","coordinates":[[[-73.980110445291601,40.79313827343514],[-73.977692444651439,40.792172271954165],[-73.976575444392878,40.793337273743845],[-73.976406443440155,40.793603273498391],[-73.976307444604259,40.794040273404775],[-73.974617443161947,40.793333273463311],[-73.974163443600503,40.793960274035406],[-73.978317443917106,40.795695274097454],[-73.980110445291601,40.79313827343514]]]},"properties":{"OBJECTID":162936,"GEOID20":"360610179001","GEOID10":"360610179001","STATEFP":"36","COUNTYFP":"061","D1C":11.554471732593036,"D1C5_RET":0,"D2B_E5MIXA":0.74467245416720707,"D3A":48.631169654259701,"D3AAO":17.270779438833138,"D3B":267.8040979107285,"D4A":272.25,"D4C":131,"D4D":3757.3457027200002,"D5AR":689016,"D5BR":2211297}},{"type":"Feature","id":162937,"geometry":{"type":"Polygon","coordinates":[[[-73.969871443191636,40.794744273491723],[-73.970369442235679,40.794059274192939],[-73.96752544072487,40.792864273240475],[-73.967013441437103,40.793568273555799],[-73.969871443191636,40.794744273491723]]]},"properties":{"OBJECTID":162937,"GEOID20":"360610181003","GEOID10":"360610181003","STATEFP":"36","COUNTYFP":"061","D1C":131.08664989951782,"D1C5_RET":17.913501327264886,"D2B_E5MIXA":0.33862855836663669,"D3A":31.061575202924981,"D3AAO":0,"D3B":107.14617616307969,"D4A":226.65000000000001,"D4C":145,"D4D":15536.195543600001,"D5AR":645549,"D5BR":2304116}},{"type":"Feature","id":162938,"geometry":{"type":"Polygon","coordinates":[[[-73.968017441717762,40.792193272771534],[-73.96846744197957,40.791570272902113],[-73.965633440514495,40.790373273169727],[-73.96517844022982,40.790999273364605],[-73.968017441717762,40.792193272771534]]]},"properties":{"OBJECTID":162938,"GEOID20":"360610181004","GEOID10":"360610181004","STATEFP":"36","COUNTYFP":"061","D1C":11.950558373968189,"D1C5_RET":0.18672747459325295,"D2B_E5MIXA":0.38296863760778044,"D3A":15.987603430989326,"D3AAO":0,"D3B":79.71022435436781,"D4A":195.80000000000001,"D4C":67.670000000000002,"D4D":8086.9428516600001,"D5AR":573966,"D5BR":2469655}},{"type":"Feature","id":162939,"geometry":{"type":"Polygon","coordinates":[[[-73.967013441437103,40.793568273555799],[-73.96752544072487,40.792864273240475],[-73.964686440135225,40.791672273168466],[-73.964177440322189,40.792370273373308],[-73.967013441437103,40.793568273555799]]]},"properties":{"OBJECTID":162939,"GEOID20":"360610181006","GEOID10":"360610181006","STATEFP":"36","COUNTYFP":"061","D1C":24.171943088502882,"D1C5_RET":6.2108464880181016,"D2B_E5MIXA":0.78173994822959336,"D3A":9.4536251827431492,"D3AAO":0,"D3B":107.4306075071602,"D4A":226.65000000000001,"D4C":67.670000000000002,"D4D":7269.8292100099998,"D5AR":612354,"D5BR":2472499}},{"type":"Feature","id":163077,"geometry":{"type":"Polygon","coordinates":[[[-73.953076438231776,40.81430727831529],[-73.953111437493575,40.813503278680166],[-73.951771437652241,40.812948277908063],[-73.950861436184596,40.814195277878007],[-73.952975437949434,40.815078278410596],[-73.953076438231776,40.81430727831529]]]},"properties":{"OBJECTID":163077,"GEOID20":"360610213033","GEOID10":"360610213033","STATEFP":"36","COUNTYFP":"061","D1C":7.0108592112783388,"D1C5_RET":0,"D2B_E5MIXA":0.54724025973443935,"D3A":24.402182812554074,"D3AAO":0,"D3B":162.6032542018732,"D4A":0,"D4C":131,"D4D":12778.0601682,"D5AR":738536,"D5BR":2612633}},{"type":"Feature","id":163082,"geometry":{"type":"Polygon","coordinates":[[[-73.986930445945475,40.776451270103337],[-73.98724244701333,40.77602526930832],[-73.984413445571121,40.774816269550527],[-73.982584445109936,40.777311268711465],[-73.985449445638835,40.778484269637111],[-73.986930445945475,40.776451270103337]]]},"properties":{"OBJECTID":163082,"GEOID20":"360610155006","GEOID10":"360610155006","STATEFP":"36","COUNTYFP":"061","D1C":43.906262311176107,"D1C5_RET":3.7607076926060903,"D2B_E5MIXA":0.72838514002070287,"D3A":1.3492254971911726,"D3AAO":0.87932084683719702,"D3B":0,"D4A":177.03,"D4C":128.33000000000001,"D4D":3860.8929455399998,"D5AR":714326,"D5BR":2487748}},{"type":"Feature","id":163083,"geometry":{"type":"Polygon","coordinates":[[[-73.976184444580625,40.79497627423433],[-73.9762344430127,40.794836273167974],[-73.974163443600503,40.793960274035406],[-73.973702442569731,40.794587274126805],[-73.97579244314683,40.795475273603159],[-73.976184444580625,40.79497627423433]]]},"properties":{"OBJECTID":163083,"GEOID20":"360610183003","GEOID10":"360610183003","STATEFP":"36","COUNTYFP":"061","D1C":23.727047603427312,"D1C5_RET":0,"D2B_E5MIXA":0.78108744558961429,"D3A":27.793284165057283,"D3AAO":0,"D3B":0,"D4A":203.84999999999999,"D4C":117.67,"D4D":18613.077943299999,"D5AR":690252,"D5BR":2214243}},{"type":"Feature","id":163084,"geometry":{"type":"Polygon","coordinates":[[[-73.969871443191636,40.794744273491723],[-73.967013441437103,40.793568273555799],[-73.965629440316519,40.795464274205379],[-73.968477442025304,40.796651274442638],[-73.969871443191636,40.794744273491723]]]},"properties":{"OBJECTID":163084,"GEOID20":"360610185002","GEOID10":"360610185002","STATEFP":"36","COUNTYFP":"061","D1C":69.135735453647342,"D1C5_RET":52.767911158967586,"D2B_E5MIXA":0.48048243481356712,"D3A":10.898616283596914,"D3AAO":4.9344724959214368,"D3B":0,"D4A":316.5,"D4C":145,"D4D":5667.66453189,"D5AR":655519,"D5BR":2280456}},{"type":"Feature","id":163085,"geometry":{"type":"Polygon","coordinates":[[[-73.959680440772232,40.813784277342364],[-73.960653440192445,40.812464277786496],[-73.957809438681608,40.811272277473947],[-73.956828437967175,40.812620277581992],[-73.959680440772232,40.813784277342364]]]},"properties":{"OBJECTID":163085,"GEOID20":"360610211006","GEOID10":"360610211006","STATEFP":"36","COUNTYFP":"061","D1C":15.453017788414035,"D1C5_RET":1.3095777786791554,"D2B_E5MIXA":0.79174479967435452,"D3A":18.638043632007651,"D3AAO":0,"D3B":37.268837477503858,"D4A":201.16999999999999,"D4C":93,"D4D":5196.4046257999998,"D5AR":692650,"D5BR":2564409}},{"type":"Feature","id":163086,"geometry":{"type":"Polygon","coordinates":[[[-73.955458438886936,40.814496278836984],[-73.955708439132195,40.814152277823737],[-73.954082437263963,40.812288277855849],[-73.953545437861848,40.812059278174317],[-73.953130437760137,40.812700278258781],[-73.952975437949434,40.815078278410596],[-73.954548437419291,40.815745279090294],[-73.955458438886936,40.814496278836984]]]},"properties":{"OBJECTID":163086,"GEOID20":"360610213032","GEOID10":"360610213032","STATEFP":"36","COUNTYFP":"061","D1C":47.705335079139665,"D1C5_RET":0.48749977453135429,"D2B_E5MIXA":0.59632443908914456,"D3A":31.362568125650942,"D3AAO":0,"D3B":148.60107412914607,"D4A":183.72999999999999,"D4C":168,"D4D":7487.9965368000003,"D5AR":749730,"D5BR":2307668}},{"type":"Feature","id":163087,"geometry":{"type":"Polygon","coordinates":[[[-73.951507436264961,40.812016278095484],[-73.952102437190021,40.811450277654458],[-73.950681438056165,40.810851277767071],[-73.949314436654021,40.81271927846484],[-73.950351436546654,40.813167277488347],[-73.951507436264961,40.812016278095484]]]},"properties":{"OBJECTID":163087,"GEOID20":"360610215001","GEOID10":"360610215001","STATEFP":"36","COUNTYFP":"061","D1C":16.326223961117581,"D1C5_RET":5.490234606393523,"D2B_E5MIXA":0.69582539929891085,"D3A":30.329928763843711,"D3AAO":0,"D3B":307.3574806066801,"D4A":0,"D4C":130,"D4D":11984.5448347,"D5AR":763765,"D5BR":2614265}},{"type":"Feature","id":163088,"geometry":{"type":"Polygon","coordinates":[[[-73.949862436825114,40.813808278426272],[-73.950351436546654,40.813167277488347],[-73.949314436654021,40.81271927846484],[-73.947035435931028,40.815838278963213],[-73.948357437127328,40.816382279343813],[-73.949021436751067,40.815029278429556],[-73.949862436825114,40.813808278426272]]]},"properties":{"OBJECTID":163088,"GEOID20":"360610215002","GEOID10":"360610215002","STATEFP":"36","COUNTYFP":"061","D1C":19.826566617754594,"D1C5_RET":3.0426909165861007,"D2B_E5MIXA":0.63339921157235468,"D3A":33.452764554159671,"D3AAO":0,"D3B":290.60432670140324,"D4A":174.34999999999999,"D4C":133.33000000000001,"D4D":8298.6238764400005,"D5AR":765191,"D5BR":2576852}},{"type":"Feature","id":163089,"geometry":{"type":"Polygon","coordinates":[[[-73.952106438286307,40.822181280107195],[-73.952912438200258,40.821705279906865],[-73.950830437120771,40.820837278465035],[-73.949922436201248,40.822081279771581],[-73.951301437298952,40.822658279578818],[-73.952106438286307,40.822181280107195]]]},"properties":{"OBJECTID":163089,"GEOID20":"360610225005","GEOID10":"360610225005","STATEFP":"36","COUNTYFP":"061","D1C":33.033146534730747,"D1C5_RET":0.6145701680880139,"D2B_E5MIXA":0.70582684201794055,"D3A":12.030331721776601,"D3AAO":0,"D3B":0,"D4A":206.53,"D4C":81.329999999999998,"D4D":7997.2786833,"D5AR":688473,"D5BR":2578844}},{"type":"Feature","id":163090,"geometry":{"type":"Polygon","coordinates":[[[-73.949466437888304,40.822698280334883],[-73.949922436201248,40.822081279771581],[-73.94854243617695,40.821495279832185],[-73.946223436169305,40.824660280227569],[-73.947605435843442,40.825241281107104],[-73.949466437888304,40.822698280334883]]]},"properties":{"OBJECTID":163090,"GEOID20":"360610227001","GEOID10":"360610227001","STATEFP":"36","COUNTYFP":"061","D1C":17.207552104807394,"D1C5_RET":0.22641515927378153,"D2B_E5MIXA":0.53893939247612888,"D3A":24.643240739836866,"D3AAO":0,"D3B":209.34043739574804,"D4A":0,"D4C":144,"D4D":6955.4736928900002,"D5AR":708316,"D5BR":2558107}},{"type":"Feature","id":163091,"geometry":{"type":"Polygon","coordinates":[[[-73.946079436229269,40.821272279915185],[-73.945156436139456,40.82088427960467],[-73.942925435097052,40.823268280499995],[-73.944757435931294,40.824040279720506],[-73.946079436229269,40.821272279915185]]]},"properties":{"OBJECTID":163091,"GEOID20":"360610227003","GEOID10":"360610227003","STATEFP":"36","COUNTYFP":"061","D1C":17.03085247132254,"D1C5_RET":5.2692140242765868,"D2B_E5MIXA":0.81161247694987926,"D3A":21.298845719845897,"D3AAO":0,"D3B":80.332931524399626,"D4A":178.37,"D4C":112.33,"D4D":6764.4664153900003,"D5AR":726796,"D5BR":2055262}},{"type":"Feature","id":163092,"geometry":{"type":"Polygon","coordinates":[[[-73.957276439477482,40.827153280779882],[-73.957463439973523,40.826878280397516],[-73.954990439980094,40.825892280132557],[-73.951854438391237,40.824518280037687],[-73.950941437448861,40.825765280043399],[-73.952482438029946,40.826411280484862],[-73.951970437843869,40.827049280855867],[-73.952591438708197,40.827311281175817],[-73.953713438989652,40.827283280625437],[-73.954430439215145,40.828082281028664],[-73.954566438759258,40.827849280569794],[-73.954753439255313,40.827936280454715],[-73.955113439105432,40.827464280357262],[-73.956331439646348,40.827961281064667],[-73.956990440145503,40.827078280047132],[-73.957276439477482,40.827153280779882]]]},"properties":{"OBJECTID":163092,"GEOID20":"360610229005","GEOID10":"360610229005","STATEFP":"36","COUNTYFP":"061","D1C":19.278055478512432,"D1C5_RET":1.2437455147427376,"D2B_E5MIXA":0.5784277908688058,"D3A":41.552391587217258,"D3AAO":7.9922793925703761,"D3B":241.24093126695658,"D4A":134.11000000000001,"D4C":76.329999999999998,"D4D":2045.0822171899999,"D5AR":670263,"D5BR":2554774}},{"type":"Feature","id":163093,"geometry":{"type":"Polygon","coordinates":[[[-73.945732435899629,40.825330280190876],[-73.946223436169305,40.824660280227569],[-73.944757435931294,40.824040279720506],[-73.942454434020547,40.827215280696194],[-73.943899436138807,40.827823280707015],[-73.945732435899629,40.825330280190876]]]},"properties":{"OBJECTID":163093,"GEOID20":"360610231003","GEOID10":"360610231003","STATEFP":"36","COUNTYFP":"061","D1C":6.4956690126857923,"D1C5_RET":0.35690489080691162,"D2B_E5MIXA":0.61081838553454182,"D3A":33.1146711103953,"D3AAO":0,"D3B":182.78098791916204,"D4A":248.11000000000001,"D4C":120.33,"D4D":5497.1347853799998,"D5AR":696079,"D5BR":2543487}},{"type":"Feature","id":163094,"geometry":{"type":"Polygon","coordinates":[[[-73.949506438071282,40.827736281353545],[-73.949961436559306,40.827112281450248],[-73.947118435771728,40.825912279878253],[-73.946204435902729,40.827162281242785],[-73.949050437063377,40.828357281176181],[-73.949506438071282,40.827736281353545]]]},"properties":{"OBJECTID":163094,"GEOID20":"360610233003","GEOID10":"360610233003","STATEFP":"36","COUNTYFP":"061","D1C":21.872357371311587,"D1C5_RET":1.6753295007813132,"D2B_E5MIXA":0.452780315442185,"D3A":37.984323166236642,"D3AAO":0,"D3B":119.13454227778226,"D4A":269.56999999999999,"D4C":150.33000000000001,"D4D":8954.7478703100005,"D5AR":624588,"D5BR":2536622}},{"type":"Feature","id":163095,"geometry":{"type":"Polygon","coordinates":[[[-73.936240430569114,40.785695272086727],[-73.935665431532158,40.784691273071509],[-73.935930430947721,40.783815272729242],[-73.935434430655178,40.78325727299093],[-73.931495428627088,40.782535273439926],[-73.93062042821785,40.782254273067238],[-73.928602427610784,40.781043271887263],[-73.927982428367983,40.78104327256743],[-73.927535427580921,40.780928272701082],[-73.927117427106168,40.781087272901395],[-73.926007427418611,40.781923273027623],[-73.925646426845276,40.782096272158789],[-73.924291426037016,40.782312273185809],[-73.923426425673526,40.782975273065951],[-73.922812426278512,40.783605273129204],[-73.922161426175265,40.785510273953577],[-73.918482425336492,40.789436274311676],[-73.918520424971319,40.789697273767374],[-73.917974426246701,40.790075274349803],[-73.917036424291638,40.790509275034992],[-73.916857424191505,40.790361274512023],[-73.916156424757844,40.791024274972933],[-73.916293424126877,40.791136274391008],[-73.915195424134879,40.791955274000507],[-73.913848423722541,40.793748276464498],[-73.913749423090024,40.794331275466398],[-73.913836424026996,40.794672275371148],[-73.915201424880991,40.796812275798175],[-73.915728425135669,40.797308275957107],[-73.91642842474441,40.797731275224045],[-73.918995425347489,40.798781276479488],[-73.920372425897057,40.79944127622862],[-73.921889427087024,40.801538277214917],[-73.922596427266768,40.801880277101475],[-73.923266426738266,40.801955276405536],[-73.925604427910798,40.802006276400718],[-73.926855428063675,40.799996276409438],[-73.927600428776557,40.798038276058584],[-73.927123428750576,40.797075275529586],[-73.926940428452482,40.796008275686468],[-73.926964427843615,40.795250275233848],[-73.928327428149473,40.793167274528876],[-73.928374428005142,40.79285327409017],[-73.928269428423164,40.792307274469664],[-73.927724428625126,40.79200227451696],[-73.927479427504423,40.791945275130757],[-73.926665428092861,40.79193527489933],[-73.926118427746687,40.791586274447802],[-73.926136427290032,40.791358274500944],[-73.926511428107091,40.790876274237625],[-73.928763427269246,40.791047274322345],[-73.929616428835502,40.791407274958289],[-73.930869428638189,40.791101273828005],[-73.931349429935537,40.790794274239651],[-73.931789428354961,40.790181273302736],[-73.93271542971614,40.789298274747722],[-73.933056429299654,40.788632273973548],[-73.935511429749738,40.785908273446275],[-73.936240430569114,40.785695272086727]]]},"properties":{"OBJECTID":163095,"GEOID20":"360610240001","GEOID10":"360610240001","STATEFP":"36","COUNTYFP":"061","D1C":12.310979704258068,"D1C5_RET":0.079699911766884346,"D2B_E5MIXA":0.57498796891773418,"D3A":20.451566137600125,"D3AAO":7.4910271079582254,"D3B":34.409275192298992,"D4A":173,"D4C":24,"D4D":28.4629008277,"D5AR":863223,"D5BR":1330049}},{"type":"Feature","id":163096,"geometry":{"type":"Polygon","coordinates":[[[-73.939639436415277,40.850196285605463],[-73.939916436424724,40.849533285157996],[-73.938969436045468,40.849303286078744],[-73.938285435431951,40.850917286178188],[-73.939237434935762,40.851187284968169],[-73.939639436415277,40.850196285605463]]]},"properties":{"OBJECTID":163096,"GEOID20":"360610265005","GEOID10":"360610265005","STATEFP":"36","COUNTYFP":"061","D1C":19.709550582079164,"D1C5_RET":1.2474399102581748,"D2B_E5MIXA":0.4990323486060142,"D3A":33.830134238696331,"D3AAO":0.46369395875918284,"D3B":0,"D4A":155.56999999999999,"D4C":139.33000000000001,"D4D":22247.142745100002,"D5AR":744751,"D5BR":2435744}},{"type":"Feature","id":163097,"geometry":{"type":"Polygon","coordinates":[[[-73.93581843169305,40.803708276762961],[-73.936311431612538,40.803032275779323],[-73.934063430851708,40.802085276675889],[-73.933965430942408,40.801929276592915],[-73.931774429184657,40.800987275466625],[-73.930731430342561,40.802435276608868],[-73.929984429979854,40.802993276349426],[-73.930046429904124,40.803337277417619],[-73.930939430755032,40.804744277373466],[-73.933220431127822,40.807263277597791],[-73.934200432017363,40.806849277019289],[-73.934759431160799,40.806449277515327],[-73.934796430970707,40.806100277209289],[-73.934392431637988,40.805646277400051],[-73.93581843169305,40.803708276762961]]]},"properties":{"OBJECTID":163097,"GEOID20":"360610242003","GEOID10":"360610242003","STATEFP":"36","COUNTYFP":"061","D1C":41.671196922514973,"D1C5_RET":1.1491331517094114,"D2B_E5MIXA":0.18486406162186239,"D3A":49.844555048807635,"D3AAO":24.07325224163052,"D3B":43.029996473834522,"D4A":34.869999999999997,"D4C":235.33000000000001,"D4D":3036.3565427799999,"D5AR":995613,"D5BR":3138808}},{"type":"Feature","id":163098,"geometry":{"type":"Polygon","coordinates":[[[-73.95496743861726,40.810072276920891],[-73.955431437326126,40.809437276930389],[-73.952586437787019,40.808246277498185],[-73.950681438056165,40.810851277767071],[-73.952102437190021,40.811450277654458],[-73.953577436750578,40.80948527747497],[-73.95496743861726,40.810072276920891]]]},"properties":{"OBJECTID":163098,"GEOID20":"360610257001","GEOID10":"360610257001","STATEFP":"36","COUNTYFP":"061","D1C":46.689454844329553,"D1C5_RET":20.551953282703348,"D2B_E5MIXA":0.78235281061481188,"D3A":45.112018523604846,"D3AAO":0,"D3B":183.32055889798107,"D4A":146.18000000000001,"D4C":136.33000000000001,"D4D":6248.0229486400003,"D5AR":765607,"D5BR":2850056}},{"type":"Feature","id":163099,"geometry":{"type":"Polygon","coordinates":[[[-73.942431435352646,40.823917280640231],[-73.942925435097052,40.823268280499995],[-73.941918434443338,40.82284528017005],[-73.939603434633653,40.826010280720048],[-73.940596435043659,40.826422280191643],[-73.942431435352646,40.823917280640231]]]},"properties":{"OBJECTID":163099,"GEOID20":"360610259001","GEOID10":"360610259001","STATEFP":"36","COUNTYFP":"061","D1C":15.065130164846474,"D1C5_RET":3.9254212401360533,"D2B_E5MIXA":0.93523955303730366,"D3A":41.784210221972494,"D3AAO":0,"D3B":269.51555841728674,"D4A":0,"D4C":138,"D4D":9298.2867654000001,"D5AR":743776,"D5BR":1918534}},{"type":"Feature","id":163143,"geometry":{"type":"Polygon","coordinates":[[[-74.001684447138757,40.715753257203687],[-74.002116446958894,40.715167257121685],[-74.000456446552121,40.714373256652529],[-73.998797445970226,40.714510257010687],[-73.998867447188744,40.715003256737376],[-73.998492446371714,40.715641258053793],[-74.000139446359711,40.71620825747236],[-73.999314447077509,40.71755825720718],[-73.999957446784848,40.718025256861104],[-74.001684447138757,40.715753257203687]]]},"properties":{"OBJECTID":163143,"GEOID20":"360610029001","GEOID10":"360610029001","STATEFP":"36","COUNTYFP":"061","D1C":271.30698452343387,"D1C5_RET":9.2968455981670903,"D2B_E5MIXA":0.44669495798431857,"D3A":30.269221356643577,"D3AAO":0,"D3B":244.08142767829679,"D4A":340.63999999999999,"D4C":271.67000000000002,"D4D":11696.8780133,"D5AR":795781,"D5BR":6122728}},{"type":"Feature","id":163147,"geometry":{"type":"Polygon","coordinates":[[[-73.928901431853092,40.864647289178492],[-73.927767432774417,40.862934288817954],[-73.92601243193306,40.863583289251224],[-73.92727043265694,40.865543288408752],[-73.928901431853092,40.864647289178492]]]},"properties":{"OBJECTID":163147,"GEOID20":"360610287003","GEOID10":"360610287003","STATEFP":"36","COUNTYFP":"061","D1C":32.318670711527851,"D1C5_RET":4.3091560948703806,"D2B_E5MIXA":0.86392384178463988,"D3A":26.23090081789784,"D3AAO":0,"D3B":68.946507916470352,"D4A":249.44999999999999,"D4C":75.670000000000002,"D4D":5217.1822540399999,"D5AR":642436,"D5BR":1968771}},{"type":"Feature","id":163148,"geometry":{"type":"MultiPolygon","coordinates":[[[[-74.000455445828891,40.698747254115098],[-74.001040444911581,40.69790725352027],[-73.998848445125546,40.697149253765929],[-73.998377444947351,40.698056253361543],[-74.000455445828891,40.698747254115098]]],[[[-74.002032445496681,40.697378253206452],[-74.002192446228563,40.697084252826642],[-74.000353445721643,40.696292252978878],[-73.999605445534016,40.696077253570117],[-73.999421445411002,40.696369253973245],[-74.002032445496681,40.697378253206452]]],[[[-74.00298844699509,40.694811253253526],[-74.000960445443951,40.694077252401762],[-74.000278444480244,40.69496725282319],[-74.002409445963551,40.695711253132785],[-74.00298844699509,40.694811253253526]]]]},"properties":{"OBJECTID":163148,"GEOID20":"360610009002","GEOID10":"360610009002","STATEFP":"36","COUNTYFP":"061","D1C":0,"D1C5_RET":0,"D2B_E5MIXA":0,"D3A":2.9092409014532645,"D3AAO":0,"D3B":0,"D4A":747,"D4C":16.329999999999998,"D4D":973.44995172799997,"D5AR":648413,"D5BR":1441344}},{"type":"Feature","id":163150,"geometry":{"type":"Polygon","coordinates":[[[-74.015729452095755,40.725431259282843],[-74.015991452934884,40.72477425767061],[-74.011236450048798,40.724274258201859],[-74.010917451104874,40.725840258508256],[-74.007913449760494,40.723708258820977],[-74.007091449953023,40.728780259913769],[-74.010545450660871,40.729108259107825],[-74.010644450395077,40.728180259047406],[-74.011377450514104,40.72824126015518],[-74.011570450857946,40.72645325941339],[-74.01512645257138,40.726818259692514],[-74.015220451384408,40.72634425869569],[-74.011654451421848,40.72591525857122],[-74.01182145092811,40.725091258752556],[-74.015729452095755,40.725431259282843]]]},"properties":{"OBJECTID":163150,"GEOID20":"360610037001","GEOID10":"360610037001","STATEFP":"36","COUNTYFP":"061","D1C":279.51054865294998,"D1C5_RET":12.799369183365283,"D2B_E5MIXA":0.87384696859610267,"D3A":47.621233554462563,"D3AAO":16.806417822787758,"D3B":77.884550319540736,"D4A":0,"D4C":134,"D4D":1956.2380023999999,"D5AR":745019,"D5BR":4504494}},{"type":"Feature","id":163151,"geometry":{"type":"Polygon","coordinates":[[[-73.999917447500181,40.726943259048177],[-73.997611446114703,40.725805258949208],[-73.996660446435797,40.726939259535364],[-73.998956446877216,40.72807625927296],[-73.999917447500181,40.726943259048177]]]},"properties":{"OBJECTID":163151,"GEOID20":"360610055013","GEOID10":"360610055013","STATEFP":"36","COUNTYFP":"061","D1C":18.890794358485824,"D1C5_RET":13.176912114252458,"D2B_E5MIXA":0.49976712422244512,"D3A":22.811953531548017,"D3AAO":0,"D3B":49.77840923302734,"D4A":132.77000000000001,"D4C":258,"D4D":19254.617064599999,"D5AR":770200,"D5BR":5337172}},{"type":"Feature","id":163152,"geometry":{"type":"MultiPolygon","coordinates":[[[[-73.964115436804661,40.732947261562131],[-73.964089436865393,40.732761261600594],[-73.962289435818207,40.732907261863161],[-73.962308436084783,40.73312726195207],[-73.964115436804661,40.732947261562131]]],[[[-73.975141440348636,40.73640826286293],[-73.975141440348636,40.735400262049808],[-73.974750439638072,40.735433262846989],[-73.973547440064081,40.734947262137553],[-73.973289439422913,40.735061262009218],[-73.973314439537262,40.735258262186818],[-73.974219440083729,40.735649261720177],[-73.974505440314005,40.735641262379467],[-73.974418439377047,40.736432262647519],[-73.972943439816504,40.735807262115728],[-73.972495439204536,40.735818261862164],[-73.972665439982165,40.739239263575847],[-73.972435439828388,40.740038262756123],[-73.972307439781858,40.740034263349763],[-73.972169439689608,40.740688262466826],[-73.972297439736124,40.740732262977907],[-73.97197043949798,40.74232426257236],[-73.971788439024792,40.742659263106198],[-73.971886438934064,40.742733262777151],[-73.971567439990167,40.743001264005265],[-73.972231439613893,40.743257263794106],[-73.972728439731355,40.742247262991349],[-73.973381440382738,40.739240263439399],[-73.973725440339322,40.738625262833274],[-73.974888438832011,40.73699726281798],[-73.975141440348636,40.73640826286293]]]]},"properties":{"OBJECTID":163152,"GEOID20":"360610062002","GEOID10":"360610062002","STATEFP":"36","COUNTYFP":"061","D1C":29.829458388192755,"D1C5_RET":0,"D2B_E5MIXA":0.42696530285841322,"D3A":79.766419230995581,"D3AAO":42.97993770148345,"D3B":111.52594879438745,"D4A":171.66,"D4C":114,"D4D":3177.6951168599999,"D5AR":1020118,"D5BR":2299844}},{"type":"Feature","id":163153,"geometry":{"type":"MultiPolygon","coordinates":[[[[-73.960653435700863,40.744148264173532],[-73.960678435815225,40.744048264022105],[-73.960564436012405,40.744032263956683],[-73.960514434885383,40.744116264767555],[-73.960653435700863,40.744148264173532]]],[[[-73.972491439904886,40.745192263146023],[-73.972577439220302,40.745076263388917],[-73.97137143927327,40.74457026327908],[-73.970929439407385,40.745191264052529],[-73.970264438162118,40.744862263376419],[-73.968738438547945,40.746516265283901],[-73.967698438282284,40.747874264005766],[-73.968463439086662,40.748300264239226],[-73.969988439774227,40.748877264352828],[-73.970453439206324,40.748220264224592],[-73.970367438992596,40.748103263893746],[-73.972491439904886,40.745192263146023]]]]},"properties":{"OBJECTID":163153,"GEOID20":"360610086011","GEOID10":"360610086011","STATEFP":"36","COUNTYFP":"061","D1C":16.081943688455638,"D1C5_RET":0,"D2B_E5MIXA":0.40111092733576881,"D3A":61.886395800746463,"D3AAO":39.438936906975577,"D3B":38.147765146672562,"D4A":152.88999999999999,"D4C":59.670000000000002,"D4D":1706.3546823900001,"D5AR":1164244,"D5BR":3333626}},{"type":"Feature","id":163263,"geometry":{"type":"Polygon","coordinates":[[[-73.955885438684177,40.808810277038845],[-73.956345438093408,40.80818227579595],[-73.953501437480909,40.806989276548101],[-73.952586437787019,40.808246277498185],[-73.955431437326126,40.809437276930389],[-73.955885438684177,40.808810277038845]]]},"properties":{"OBJECTID":163263,"GEOID20":"360610257002","GEOID10":"360610257002","STATEFP":"36","COUNTYFP":"061","D1C":26.094991654877191,"D1C5_RET":0.37014172560109493,"D2B_E5MIXA":0.48836560267563223,"D3A":25.819216664263216,"D3AAO":0,"D3B":177.66802828852559,"D4A":50.960000000000001,"D4C":152,"D4D":9001.8467666199995,"D5AR":743049,"D5BR":2668033}},{"type":"Feature","id":163267,"geometry":{"type":"Polygon","coordinates":[[[-73.981312444142347,40.781034271289734],[-73.981522444204643,40.78029027096165],[-73.98067444445789,40.779933270393592],[-73.978824444080317,40.782473271220809],[-73.980474444441356,40.783169270407626],[-73.980812444550153,40.782481271049626],[-73.981312444142347,40.781034271289734]]]},"properties":{"OBJECTID":163267,"GEOID20":"360610163005","GEOID10":"360610163005","STATEFP":"36","COUNTYFP":"061","D1C":226.80777452531777,"D1C5_RET":18.248901398588785,"D2B_E5MIXA":0.72667665026123696,"D3A":37.615102329966206,"D3AAO":2.9208463884395521,"D3B":64.171960962070457,"D4A":198.49000000000001,"D4C":125,"D4D":8021.4951202599996,"D5AR":709681,"D5BR":2513994}},{"type":"Feature","id":163268,"geometry":{"type":"Polygon","coordinates":[[[-73.937258431093497,40.793478274298757],[-73.937738430594194,40.792824274219491],[-73.935554431204096,40.791850274231479],[-73.935338430395703,40.791845274108773],[-73.935050430515602,40.791698274278147],[-73.933095429657726,40.792990274691597],[-73.930221428907998,40.794547274783731],[-73.929257428810303,40.795875275319737],[-73.929778428318897,40.796164275403733],[-73.931744429945752,40.796996275412077],[-73.933648429851687,40.794384274627248],[-73.935913431229281,40.795320274687334],[-73.937258431093497,40.793478274298757]]]},"properties":{"OBJECTID":163268,"GEOID20":"360610178003","GEOID10":"360610178003","STATEFP":"36","COUNTYFP":"061","D1C":42.116000028250802,"D1C5_RET":26.355025613442027,"D2B_E5MIXA":0.58873983224821158,"D3A":40.531428916262932,"D3AAO":13.17341282620446,"D3B":112.46716755484269,"D4A":0,"D4C":26,"D4D":381.29434821000001,"D5AR":921425,"D5BR":2795544}},{"type":"Feature","id":163269,"geometry":{"type":"Polygon","coordinates":[[[-73.922959431083186,40.858922288322695],[-73.922889430762979,40.858865287314849],[-73.922780430983025,40.856834287730301],[-73.922868430846577,40.85588028722097],[-73.922161430666833,40.85561528724589],[-73.921591429856136,40.856473287258126],[-73.921099428863215,40.857575287792791],[-73.921501430342758,40.859014288010279],[-73.92199343043734,40.859571287304036],[-73.921449431362547,40.860388287901536],[-73.920839430368844,40.859260288201469],[-73.919595429888673,40.858838287964637],[-73.918631428892667,40.860214288272097],[-73.918202428547275,40.860492287836657],[-73.917958429946438,40.860769288879247],[-73.917717429922007,40.861119288976617],[-73.917641428855717,40.861433288371352],[-73.91714442873824,40.862040289045709],[-73.915525428339336,40.863049289254704],[-73.914996427536508,40.863536289168607],[-73.915912428851954,40.864279289027735],[-73.915107428762909,40.864392289130954],[-73.914430428720394,40.864194288648683],[-73.911772427880734,40.868104290314882],[-73.911183426803433,40.868737289756695],[-73.910613427789357,40.870966290342672],[-73.910588427675009,40.872464291049518],[-73.911436427421748,40.873305290794718],[-73.912374428478486,40.872435290656959],[-73.914010428595816,40.871168291298552],[-73.922959431083186,40.858922288322695]]]},"properties":{"OBJECTID":163269,"GEOID20":"360610299002","GEOID10":"360610299002","STATEFP":"36","COUNTYFP":"061","D1C":5.6854884273425021,"D1C5_RET":0.97262180328668679,"D2B_E5MIXA":0.7402449732666192,"D3A":15.152983412725561,"D3AAO":0,"D3B":75.133375488874691,"D4A":175.69,"D4C":122.33,"D4D":586.538980444,"D5AR":705858,"D5BR":1725189}},{"type":"Feature","id":163272,"geometry":{"type":"Polygon","coordinates":[[[-73.97220444074803,40.749831265437848],[-73.97269344046957,40.749165265056838],[-73.970453439206324,40.748220264224592],[-73.969988439774227,40.748877264352828],[-73.97220444074803,40.749831265437848]]]},"properties":{"OBJECTID":163272,"GEOID20":"360610088006","GEOID10":"360610088006","STATEFP":"36","COUNTYFP":"061","D1C":206.10153464391743,"D1C5_RET":96.004561009346148,"D2B_E5MIXA":0.78118324145728701,"D3A":60.002151310964102,"D3AAO":6.212362470430171,"D3B":234.9205184625028,"D4A":120.7,"D4C":146.33000000000001,"D4D":20621.427394499999,"D5AR":964715,"D5BR":4048108}},{"type":"Feature","id":163273,"geometry":{"type":"Polygon","coordinates":[[[-73.93582643478392,40.855377286303231],[-73.936039434320932,40.854923286758662],[-73.934628434334499,40.854509286730753],[-73.93426743376115,40.855589286722015],[-73.93368243378012,40.856791286787271],[-73.932285434037396,40.859456287622514],[-73.932151434143094,40.859535287419305],[-73.933023433280965,40.859827287656486],[-73.934089434384234,40.859390287591054],[-73.934513434706759,40.858623288115915],[-73.935603435201145,40.857117286493377],[-73.93491343473984,40.856900286911284],[-73.93484943426742,40.856818286292416],[-73.93582643478392,40.855377286303231]]]},"properties":{"OBJECTID":163273,"GEOID20":"360610281002","GEOID10":"360610281002","STATEFP":"36","COUNTYFP":"061","D1C":21.807505469915665,"D1C5_RET":0.080174652462925239,"D2B_E5MIXA":0.16100364389252847,"D3A":20.045435945385105,"D3AAO":0,"D3B":67.98115189864032,"D4A":323.20999999999998,"D4C":56.329999999999998,"D4D":1913.73227709,"D5AR":679764,"D5BR":1803524}},{"type":"Feature","id":163275,"geometry":{"type":"Polygon","coordinates":[[[-73.982189440608167,40.71341225732403],[-73.98232044102771,40.713396257380793],[-73.982053441064025,40.711436257038301],[-73.980621439364555,40.71154225681709],[-73.980854439891388,40.713563257024653],[-73.982189440608167,40.71341225732403]]]},"properties":{"OBJECTID":163275,"GEOID20":"360610002024","GEOID10":"360610002024","STATEFP":"36","COUNTYFP":"061","D1C":7.2827366443527577,"D1C5_RET":0,"D2B_E5MIXA":0.14310806219765149,"D3A":10.975686752673838,"D3AAO":0,"D3B":126.78406666903081,"D4A":138.13999999999999,"D4C":35.670000000000002,"D4D":3390.0956957200001,"D5AR":885931,"D5BR":2720335}},{"type":"Feature","id":163284,"geometry":{"type":"Polygon","coordinates":[[[-74.019597453080408,40.705646254259797],[-74.019242452354845,40.704693253937741],[-74.018914452291796,40.704742254963513],[-74.018244451921959,40.704591254327326],[-74.017498451384171,40.704704255421952],[-74.017504451231943,40.704579254483036],[-74.018670451894323,40.704447254691502],[-74.018488453217756,40.704209254932472],[-74.017491452609775,40.704366254674426],[-74.017550451262707,40.704289254070787],[-74.016638451043534,40.704641254449605],[-74.016580451317225,40.705097254077991],[-74.015514451112281,40.70771525486537],[-74.018149452385714,40.708803254722817],[-74.019127452727119,40.70903525454608],[-74.019547452851697,40.70656125472059],[-74.019597453080408,40.705646254259797]]]},"properties":{"OBJECTID":163284,"GEOID20":"360610317044","GEOID10":"360610317044","STATEFP":"36","COUNTYFP":"061","D1C":25.013730572444427,"D1C5_RET":1.3875104785947603,"D2B_E5MIXA":0.65868877141626059,"D3A":70.832617529888395,"D3AAO":7.3956344999561878,"D3B":838.91976269205225,"D4A":147.52000000000001,"D4C":249,"D4D":6142.0470717500002,"D5AR":784872,"D5BR":5447914}},{"type":"Feature","id":163286,"geometry":{"type":"Polygon","coordinates":[[[-73.990126444215548,40.713390257230856],[-73.989972443331439,40.712654256980606],[-73.986927441979162,40.712911257361498],[-73.987063442421615,40.713646257246324],[-73.990126444215548,40.713390257230856]]]},"properties":{"OBJECTID":163286,"GEOID20":"360610006004","GEOID10":"360610006004","STATEFP":"36","COUNTYFP":"061","D1C":190.55077892997193,"D1C5_RET":6.0253210728844877,"D2B_E5MIXA":0.24227420583285267,"D3A":20.604057235405694,"D3AAO":0,"D3B":321.5111324491163,"D4A":56.329999999999998,"D4C":60,"D4D":7230.3852874599997,"D5AR":899706,"D5BR":4028788}},{"type":"Feature","id":163287,"geometry":{"type":"Polygon","coordinates":[[[-73.989972443331439,40.712654256980606],[-73.989735443504983,40.711251256480537],[-73.986743442754474,40.711544256695674],[-73.986927441979162,40.712911257361498],[-73.989972443331439,40.712654256980606]]]},"properties":{"OBJECTID":163287,"GEOID20":"360610006005","GEOID10":"360610006005","STATEFP":"36","COUNTYFP":"061","D1C":5.8082799884425418,"D1C5_RET":0,"D2B_E5MIXA":0,"D3A":60.805073303123692,"D3AAO":0,"D3B":608.91969405853206,"D4A":107.29000000000001,"D4C":57.670000000000002,"D4D":3760.9937620599999,"D5AR":918629,"D5BR":4083641}},{"type":"Feature","id":163288,"geometry":{"type":"Polygon","coordinates":[[[-73.989493442757322,40.711275257167145],[-73.989388443175358,40.709899256264102],[-73.988699442538959,40.709978256435562],[-73.988510443291375,40.709156256073335],[-73.986547441139251,40.709305256627694],[-73.986743442754474,40.711544256695674],[-73.989493442757322,40.711275257167145]]]},"properties":{"OBJECTID":163288,"GEOID20":"360610006006","GEOID10":"360610006006","STATEFP":"36","COUNTYFP":"061","D1C":2.9430071030096014,"D1C5_RET":0.30979022136943174,"D2B_E5MIXA":0.7493576787556675,"D3A":44.667613600301223,"D3AAO":14.587352599738679,"D3B":66.121624849091518,"D4A":268.22000000000003,"D4C":51,"D4D":2527.8882063699998,"D5AR":966982,"D5BR":3911208}},{"type":"Feature","id":163289,"geometry":{"type":"Polygon","coordinates":[[[-73.999497445578982,40.700337254090925],[-74.00005944599377,40.699478254574139],[-73.998033444990767,40.698770254750215],[-73.997501444713208,40.699661254231131],[-73.999497445578982,40.700337254090925]]]},"properties":{"OBJECTID":163289,"GEOID20":"360610007002","GEOID10":"360610007002","STATEFP":"36","COUNTYFP":"061","D1C":0,"D1C5_RET":0,"D2B_E5MIXA":0,"D3A":0,"D3AAO":0,"D3B":0,"D4A":831.49000000000001,"D4C":-99999,"D4D":-99999,"D5AR":620819,"D5BR":1377627}},{"type":"Feature","id":163291,"geometry":{"type":"Polygon","coordinates":[[[-74.016966452004908,40.709066254845766],[-74.017399451649965,40.708465255030639],[-74.015514451112281,40.70771525486537],[-74.014698450254272,40.709787255437988],[-74.016381452023907,40.710090255578507],[-74.016966452004908,40.709066254845766]]]},"properties":{"OBJECTID":163291,"GEOID20":"360610317043","GEOID10":"360610317043","STATEFP":"36","COUNTYFP":"061","D1C":24.063592360442676,"D1C5_RET":0,"D2B_E5MIXA":0.66171441790804808,"D3A":83.07438860410555,"D3AAO":26.433950464296839,"D3B":860.00766880392496,"D4A":155.56999999999999,"D4C":236.33000000000001,"D4D":17414.5842146,"D5AR":841581,"D5BR":6797664}},{"type":"Feature","id":163292,"geometry":{"type":"Polygon","coordinates":[[[-74.017688452253282,40.703864254355537],[-74.017608451887327,40.7033482541487],[-74.01746345122406,40.703090253908236],[-74.015795451319661,40.701355253645495],[-74.015139450295237,40.700849253388476],[-74.015008450773976,40.700926253882827],[-74.014134450189658,40.700533253089823],[-74.013952449716456,40.700946253810933],[-74.013769450316673,40.700913254300922],[-74.013654449790636,40.700229253965283],[-74.013584450368754,40.70037925382767],[-74.013724450110828,40.701141253305984],[-74.01398045020386,40.701539254024162],[-74.01401245088924,40.701984253889982],[-74.013810450324556,40.702141254109591],[-74.013835449540608,40.702414254065644],[-74.014313450289791,40.702872253416992],[-74.014431450290587,40.703159254015013],[-74.014290450723564,40.704557254876477],[-74.01662945172103,40.704807253878258],[-74.016638451043534,40.704641254449605],[-74.017550451262707,40.704289254070787],[-74.017688452253282,40.703864254355537]]]},"properties":{"OBJECTID":163292,"GEOID20":"360610319001","GEOID10":"360610319001","STATEFP":"36","COUNTYFP":"061","D1C":62.506754274104651,"D1C5_RET":0.043227354269781915,"D2B_E5MIXA":0.61447993789420197,"D3A":96.410947192414966,"D3AAO":39.509917630966171,"D3B":848.31784584273362,"D4A":238.72,"D4C":274.67000000000002,"D4D":7130.1895014399997,"D5AR":737108,"D5BR":5313992}},{"type":"Feature","id":163293,"geometry":{"type":"Polygon","coordinates":[[[-73.998010449017812,40.745960262840725],[-73.995162447309028,40.744771263003457],[-73.994263446610347,40.746012262722765],[-73.997100447550153,40.747213263160027],[-73.998010449017812,40.745960262840725]]]},"properties":{"OBJECTID":163293,"GEOID20":"360610091002","GEOID10":"360610091002","STATEFP":"36","COUNTYFP":"061","D1C":515.41143102012234,"D1C5_RET":66.372389019049933,"D2B_E5MIXA":0.7066487241089483,"D3A":34.142910106764582,"D3AAO":5.9195112553194917,"D3B":0,"D4A":0,"D4C":173.33000000000001,"D4D":10340.9673606,"D5AR":797214,"D5BR":5161616}},{"type":"Feature","id":163294,"geometry":{"type":"Polygon","coordinates":[[[-73.960691437132326,40.765622268681085],[-73.961149437790041,40.764995268634578],[-73.958782436305199,40.763998267527029],[-73.957413436151555,40.765876268863231],[-73.959778437088261,40.766876268036974],[-73.960691437132326,40.765622268681085]]]},"properties":{"OBJECTID":163294,"GEOID20":"360610118004","GEOID10":"360610118004","STATEFP":"36","COUNTYFP":"061","D1C":81.740707339981441,"D1C5_RET":2.8212051579648452,"D2B_E5MIXA":0.59461058399870892,"D3A":35.151573463430672,"D3AAO":11.806108796414309,"D3B":0,"D4A":159.59,"D4C":145.33000000000001,"D4D":6905.35992601,"D5AR":831613,"D5BR":3428311}},{"type":"Feature","id":163295,"geometry":{"type":"Polygon","coordinates":[[[-73.987577446749086,40.765372267452037],[-73.988033445062044,40.76474526776844],[-73.985193445545804,40.763551266832131],[-73.98428444390305,40.764800267726713],[-73.987123445391006,40.765997267740801],[-73.987577446749086,40.765372267452037]]]},"properties":{"OBJECTID":163295,"GEOID20":"360610133005","GEOID10":"360610133005","STATEFP":"36","COUNTYFP":"061","D1C":162.73004483049911,"D1C5_RET":10.141552250728648,"D2B_E5MIXA":0.82978648080088102,"D3A":11.92756697509637,"D3AAO":1.8290375633377138,"D3B":0,"D4A":238.72,"D4C":219,"D4D":13040.733609700001,"D5AR":835567,"D5BR":2777781}},{"type":"Feature","id":163296,"geometry":{"type":"Polygon","coordinates":[[[-73.984770445048198,40.769226267652627],[-73.985219445485072,40.768603268001648],[-73.982381443822021,40.767408267542322],[-73.982148444193513,40.767738267673394],[-73.982308444925408,40.767824268019787],[-73.982421444903309,40.768110268070537],[-73.982265443471093,40.768345268292414],[-73.982094443766854,40.768406267944897],[-73.982094444665165,40.768901268597297],[-73.984316445486741,40.769856268851242],[-73.984770445048198,40.769226267652627]]]},"properties":{"OBJECTID":163296,"GEOID20":"360610145004","GEOID10":"360610145004","STATEFP":"36","COUNTYFP":"061","D1C":788.88954512998487,"D1C5_RET":169.81288531352311,"D2B_E5MIXA":0.76775060020270414,"D3A":25.760195041706194,"D3AAO":0.87071476631888289,"D3B":0,"D4A":245.41999999999999,"D4C":229,"D4D":15391.327440700001,"D5AR":749924,"D5BR":2736023}},{"type":"Feature","id":163297,"geometry":{"type":"Polygon","coordinates":[[[-73.949767435492234,40.790380273632621],[-73.950242434970079,40.789752273474896],[-73.948606434852721,40.78906327314477],[-73.947688433887492,40.790322273758683],[-73.949304434811665,40.791007274206741],[-73.949767435492234,40.790380273632621]]]},"properties":{"OBJECTID":163297,"GEOID20":"360610166004","GEOID10":"360610166004","STATEFP":"36","COUNTYFP":"061","D1C":4.8387205255185979,"D1C5_RET":0.64516273673581304,"D2B_E5MIXA":0.69006393463027516,"D3A":38.099756601130636,"D3AAO":0,"D3B":103.22603787773008,"D4A":195.80000000000001,"D4C":141.66999999999999,"D4D":14624.032786100001,"D5AR":700711,"D5BR":3453182}},{"type":"Feature","id":163298,"geometry":{"type":"Polygon","coordinates":[[[-73.976440442877035,40.785743272117429],[-73.976903443557603,40.785106271591623],[-73.974059442046808,40.78390927096823],[-73.973135443030387,40.785178271242991],[-73.975977443094763,40.786377271789924],[-73.976440442877035,40.785743272117429]]]},"properties":{"OBJECTID":163298,"GEOID20":"360610169004","GEOID10":"360610169004","STATEFP":"36","COUNTYFP":"061","D1C":73.752172040355759,"D1C5_RET":4.3006849700951868,"D2B_E5MIXA":0.83867603787265599,"D3A":29.466368616680487,"D3AAO":1.5876459634981588,"D3B":0,"D4A":321.87,"D4C":117.33,"D4D":6871.1403239700003,"D5AR":657804,"D5BR":2483059}},{"type":"Feature","id":163299,"geometry":{"type":"Polygon","coordinates":[[[-73.973608442858406,40.789623271962085],[-73.974065441894581,40.788997272397339],[-73.971222441106988,40.787801272344581],[-73.970300442638703,40.789061272875756],[-73.973148442550865,40.790252272436248],[-73.973608442858406,40.789623271962085]]]},"properties":{"OBJECTID":163299,"GEOID20":"360610173003","GEOID10":"360610173003","STATEFP":"36","COUNTYFP":"061","D1C":79.831961851336089,"D1C5_RET":4.2503127837516903,"D2B_E5MIXA":0.40453194596020597,"D3A":35.157199509360701,"D3AAO":5.8488859145497445,"D3B":0,"D4A":0,"D4C":101.33,"D4D":5992.1279217700003,"D5AR":552154,"D5BR":2228556}},{"type":"Feature","id":163301,"geometry":{"type":"Polygon","coordinates":[[[-73.942286432892743,40.80062127533391],[-73.942744434448755,40.799991274860183],[-73.94112743280138,40.799308275939573],[-73.94020843380784,40.800565276168612],[-73.941826433483513,40.801248275755427],[-73.942286432892743,40.80062127533391]]]},"properties":{"OBJECTID":163301,"GEOID20":"360610182002","GEOID10":"360610182002","STATEFP":"36","COUNTYFP":"061","D1C":138.88960551165877,"D1C5_RET":0.48676263613899101,"D2B_E5MIXA":0.20050733768878112,"D3A":36.989354114593382,"D3AAO":0,"D3B":103.84269570965141,"D4A":297.73000000000002,"D4C":133.66999999999999,"D4D":13880.653135500001,"D5AR":761072,"D5BR":3450506}},{"type":"Feature","id":163302,"geometry":{"type":"Polygon","coordinates":[[[-73.94044843310904,40.803134276115323],[-73.940909433241487,40.802507276509999],[-73.939288432294433,40.801824275598349],[-73.938372432775637,40.803079276613616],[-73.939990433349635,40.803764275996464],[-73.94044843310904,40.803134276115323]]]},"properties":{"OBJECTID":163302,"GEOID20":"360610196001","GEOID10":"360610196001","STATEFP":"36","COUNTYFP":"061","D1C":98.08806229306505,"D1C5_RET":0.81198727063795573,"D2B_E5MIXA":0.6494100290655771,"D3A":28.73831211363138,"D3AAO":0,"D3B":103.93437064165832,"D4A":249.44999999999999,"D4C":230.33000000000001,"D4D":23939.2035899,"D5AR":850084,"D5BR":3458355}},{"type":"Feature","id":163303,"geometry":{"type":"Polygon","coordinates":[[[-73.948274434591724,40.803965276231821],[-73.945053434410667,40.8026072764319],[-73.944598434125993,40.803236276294605],[-73.9461324350344,40.803885276583209],[-73.945694434468166,40.804523276028647],[-73.947353435948358,40.805221276432434],[-73.948274434591724,40.803965276231821]]]},"properties":{"OBJECTID":163303,"GEOID20":"360610200001","GEOID10":"360610200001","STATEFP":"36","COUNTYFP":"061","D1C":8.8165596494019791,"D1C5_RET":0.43007608045863316,"D2B_E5MIXA":0.63010237165985161,"D3A":24.236397807292356,"D3AAO":0,"D3B":68.728791731196111,"D4A":114,"D4C":112.33,"D4D":7720.3051751700004,"D5AR":780327,"D5BR":3603175}},{"type":"Feature","id":163374,"geometry":{"type":"Polygon","coordinates":[[[-73.968039441459084,40.797258274743463],[-73.968477442025304,40.796651274442638],[-73.965629440316519,40.795464274205379],[-73.963846440784408,40.797925274341601],[-73.966663440734422,40.799141274621505],[-73.968039441459084,40.797258274743463]]]},"properties":{"OBJECTID":163374,"GEOID20":"360610189006","GEOID10":"360610189006","STATEFP":"36","COUNTYFP":"061","D1C":48.394800261171866,"D1C5_RET":0,"D2B_E5MIXA":0.34281155406053526,"D3A":38.566824217718114,"D3AAO":0.39896909676933962,"D3B":200.93069132560635,"D4A":198.49000000000001,"D4C":123,"D4D":3705.87419899,"D5AR":573870,"D5BR":2502107}},{"type":"Feature","id":163377,"geometry":{"type":"Polygon","coordinates":[[[-73.949011434010373,40.773350270943475],[-73.946657433842631,40.77235927028304],[-73.945729433729966,40.773630270179737],[-73.948085434445829,40.774619270226516],[-73.949011434010373,40.773350270943475]]]},"properties":{"OBJECTID":163377,"GEOID20":"360610136008","GEOID10":"360610136008","STATEFP":"36","COUNTYFP":"061","D1C":21.53159181402005,"D1C5_RET":2.8708789085360067,"D2B_E5MIXA":0.95150625044625747,"D3A":23.918424878364821,"D3AAO":0,"D3B":70.667772131459586,"D4A":374.17000000000002,"D4C":52.670000000000002,"D4D":3722.0715581600002,"D5AR":804151,"D5BR":2165118}},{"type":"Feature","id":163378,"geometry":{"type":"Polygon","coordinates":[[[-73.929604431834875,40.852484286601801],[-73.930102432675568,40.851801286541374],[-73.928660432726986,40.851192286055309],[-73.927696430832668,40.852496286257406],[-73.929148432623606,40.853108286874281],[-73.929604431834875,40.852484286601801]]]},"properties":{"OBJECTID":163378,"GEOID20":"360610269001","GEOID10":"360610269001","STATEFP":"36","COUNTYFP":"061","D1C":36.616049337511051,"D1C5_RET":0.87181069851216786,"D2B_E5MIXA":0.36433835094372724,"D3A":27.968728295896,"D3AAO":0,"D3B":111.5917499521812,"D4A":0,"D4C":108.33,"D4D":12088.7342723,"D5AR":735892,"D5BR":2129983}},{"type":"Feature","id":163379,"geometry":{"type":"Polygon","coordinates":[[[-73.95119243572239,40.799956274885233],[-73.951530435831188,40.799467274975747],[-73.950075436362127,40.798865274747179],[-73.94950543555143,40.799588275235912],[-73.949528436015953,40.799738275538857],[-73.949234435389755,40.800168275752668],[-73.949000435936355,40.800213275281962],[-73.948626435842542,40.800674274913256],[-73.950187435616797,40.801340275258276],[-73.95119243572239,40.799956274885233]]]},"properties":{"OBJECTID":163379,"GEOID20":"360610186003","GEOID10":"360610186003","STATEFP":"36","COUNTYFP":"061","D1C":6.7521420326580861,"D1C5_RET":0,"D2B_E5MIXA":0.18694856268811033,"D3A":25.852950317546089,"D3AAO":0,"D3B":51.470614123233645,"D4A":312.48000000000002,"D4C":91.329999999999998,"D4D":7047.6929353400001,"D5AR":687879,"D5BR":2653261}},{"type":"Feature","id":163381,"geometry":{"type":"Polygon","coordinates":[[[-73.933051431073437,40.799239276252166],[-73.933517431228751,40.798602275987108],[-73.93181642991577,40.797881276323082],[-73.931305429554612,40.798578275523504],[-73.931313429950521,40.799296276176477],[-73.930695428560938,40.799296276176477],[-73.930528429952972,40.799438275954031],[-73.930486429221858,40.799848276633625],[-73.930281430080768,40.799872276638041],[-73.930518429008913,40.800074276048257],[-73.931970429901554,40.800719276139539],[-73.933051431073437,40.799239276252166]]]},"properties":{"OBJECTID":163381,"GEOID20":"360610192002","GEOID10":"360610192002","STATEFP":"36","COUNTYFP":"061","D1C":11.948322301654457,"D1C5_RET":0.38234631365294264,"D2B_E5MIXA":0.27122190205069824,"D3A":9.6479328920750849,"D3AAO":0.44515929012209354,"D3B":0,"D4A":140.81999999999999,"D4C":68,"D4D":4159.9278925400004,"D5AR":908299,"D5BR":2896079}},{"type":"Feature","id":163382,"geometry":{"type":"Polygon","coordinates":[[[-73.931305429554612,40.798578275523504],[-73.93181642991577,40.797881276323082],[-73.929821429773227,40.797046275462939],[-73.929641428051539,40.797109275310206],[-73.929546428515295,40.797351275365799],[-73.929602429490117,40.798035275720636],[-73.930281430080768,40.799872276638041],[-73.930486429221858,40.799848276633625],[-73.930528429952972,40.799438275954031],[-73.930695428560938,40.799296276176477],[-73.931313429950521,40.799296276176477],[-73.931305429554612,40.798578275523504]]]},"properties":{"OBJECTID":163382,"GEOID20":"360610192003","GEOID10":"360610192003","STATEFP":"36","COUNTYFP":"061","D1C":6.8525039283782059,"D1C5_RET":0,"D2B_E5MIXA":0,"D3A":32.610270512712447,"D3AAO":0,"D3B":359.23470418636174,"D4A":207.87,"D4C":43,"D4D":3308.4369843700001,"D5AR":892518,"D5BR":1910735}},{"type":"Feature","id":163383,"geometry":{"type":"Polygon","coordinates":[[[-73.967586442620856,40.802940275221779],[-73.967790441038744,40.802208276116595],[-73.965216439864648,40.801119275498657],[-73.964761440478298,40.801749275466243],[-73.967586442620856,40.802940275221779]]]},"properties":{"OBJECTID":163383,"GEOID20":"360610195004","GEOID10":"360610195004","STATEFP":"36","COUNTYFP":"061","D1C":116.47427568071947,"D1C5_RET":20.875623949475685,"D2B_E5MIXA":0.75819322798106781,"D3A":31.687280657587294,"D3AAO":0,"D3B":0,"D4A":0,"D4C":84.329999999999998,"D4D":10529.742759799999,"D5AR":527258,"D5BR":2453902}},{"type":"Feature","id":163385,"geometry":{"type":"Polygon","coordinates":[[[-73.966519440794372,40.808234276631261],[-73.966980442723468,40.8076042770263],[-73.964849440341851,40.80671527708683],[-73.964391441480771,40.80734627649143],[-73.966519440794372,40.808234276631261]]]},"properties":{"OBJECTID":163385,"GEOID20":"360610205003","GEOID10":"360610205003","STATEFP":"36","COUNTYFP":"061","D1C":101.61273217399453,"D1C5_RET":0,"D2B_E5MIXA":0.37911950661121158,"D3A":18.468776180742729,"D3AAO":0,"D3B":157.84292256628225,"D4A":164.96000000000001,"D4C":68.670000000000002,"D4D":10839.0734926,"D5AR":559792,"D5BR":2192903}},{"type":"Feature","id":163386,"geometry":{"type":"Polygon","coordinates":[[[-73.965309440649392,40.806089276852255],[-73.965765441657283,40.805461276377414],[-73.962927440892543,40.804264275509716],[-73.962476439907533,40.804894276224019],[-73.965309440649392,40.806089276852255]]]},"properties":{"OBJECTID":163386,"GEOID20":"360610199004","GEOID10":"360610199004","STATEFP":"36","COUNTYFP":"061","D1C":135.54803975716848,"D1C5_RET":0,"D2B_E5MIXA":0.46491782993931563,"D3A":37.566104600327272,"D3AAO":0,"D3B":79.264037276082306,"D4A":198.49000000000001,"D4C":68.329999999999998,"D4D":8120.1074468899997,"D5AR":550375,"D5BR":2460850}},{"type":"Feature","id":163387,"geometry":{"type":"Polygon","coordinates":[[[-73.966051440989219,40.805076276087625],[-73.966226440891418,40.804841276614503],[-73.963385440651962,40.803636275444809],[-73.962927440892543,40.804264275509716],[-73.965765441657283,40.805461276377414],[-73.966051440989219,40.805076276087625]]]},"properties":{"OBJECTID":163387,"GEOID20":"360610199005","GEOID10":"360610199005","STATEFP":"36","COUNTYFP":"061","D1C":37.340977594967583,"D1C5_RET":18.577600793516211,"D2B_E5MIXA":0.75217097762011409,"D3A":15.098771493359063,"D3AAO":0,"D3B":79.304062267361999,"D4A":195.80000000000001,"D4C":68.329999999999998,"D4D":8124.2077582100001,"D5AR":539751,"D5BR":2459648}},{"type":"Feature","id":163390,"geometry":{"type":"Polygon","coordinates":[[[-73.938594432533478,40.81144327805363],[-73.939019433579247,40.810864277626791],[-73.937409432502861,40.810184278198996],[-73.936033432676524,40.812083277842525],[-73.937636431385272,40.812756278743109],[-73.938594432533478,40.81144327805363]]]},"properties":{"OBJECTID":163390,"GEOID20":"360610210003","GEOID10":"360610210003","STATEFP":"36","COUNTYFP":"061","D1C":2.7141757141723706,"D1C5_RET":0.32570108570068446,"D2B_E5MIXA":0.22798331544071518,"D3A":49.465068495134133,"D3AAO":0,"D3B":486.58873667453724,"D4A":147.52000000000001,"D4C":64.670000000000002,"D4D":4493.4590319500003,"D5AR":849862,"D5BR":3390835}},{"type":"Feature","id":163392,"geometry":{"type":"Polygon","coordinates":[[[-73.960767439995266,40.817205278362437],[-73.960492440533969,40.816354277578533],[-73.960562439955837,40.815890277877713],[-73.958702439532516,40.815128277757324],[-73.958293439278606,40.815695278168967],[-73.959494440101068,40.817015278026744],[-73.960688440352541,40.817519279177112],[-73.960767439995266,40.817205278362437]]]},"properties":{"OBJECTID":163392,"GEOID20":"360610211002","GEOID10":"360610211002","STATEFP":"36","COUNTYFP":"061","D1C":14.052878976032671,"D1C5_RET":2.8679344849046271,"D2B_E5MIXA":0.70979798522842041,"D3A":14.845301949813964,"D3AAO":0,"D3B":0,"D4A":107.29000000000001,"D4C":93,"D4D":8534.97767785,"D5AR":729725,"D5BR":2554100}},{"type":"Feature","id":163393,"geometry":{"type":"Polygon","coordinates":[[[-73.958868439213887,40.813582278187241],[-73.95893743970916,40.813481278378994],[-73.956828437967175,40.812620277581992],[-73.956270439546969,40.813383278061387],[-73.9575474396391,40.814842278238714],[-73.958024439665081,40.814723278089993],[-73.958658440049902,40.813859277471238],[-73.958921438917315,40.813812278152795],[-73.958868439213887,40.813582278187241]]]},"properties":{"OBJECTID":163393,"GEOID20":"360610211005","GEOID10":"360610211005","STATEFP":"36","COUNTYFP":"061","D1C":5.7986876356201789,"D1C5_RET":5.7986876356201789,"D2B_E5MIXA":0,"D3A":20.062863521559557,"D3AAO":0,"D3B":57.566134369617252,"D4A":138.13999999999999,"D4C":93,"D4D":8026.4625133,"D5AR":730650,"D5BR":2559588}},{"type":"Feature","id":164104,"geometry":{"type":"Polygon","coordinates":[[[-73.983823444668928,40.765426268101933],[-73.98428444390305,40.764800267726713],[-73.981435444165996,40.763602267067931],[-73.980529442896312,40.764852267843345],[-73.981989444184862,40.765468267594329],[-73.981849443544462,40.766295267095757],[-73.982878444837823,40.766723267265348],[-73.983823444668928,40.765426268101933]]]},"properties":{"OBJECTID":164104,"GEOID20":"360610137003","GEOID10":"360610137003","STATEFP":"36","COUNTYFP":"061","D1C":762.35042894266473,"D1C5_RET":23.466252901621097,"D2B_E5MIXA":0.75984028651097002,"D3A":28.287517623038486,"D3AAO":7.3903238170334946,"D3B":0,"D4A":331.25999999999999,"D4C":348,"D4D":16859.367246000002,"D5AR":860249,"D5BR":3964859}},{"type":"Feature","id":164139,"geometry":{"type":"Polygon","coordinates":[[[-73.993157448019062,40.762814267313971],[-73.9936104477556,40.762192266946087],[-73.990765446419871,40.760996265980111],[-73.989864446071351,40.762243266863855],[-73.992702447734402,40.763439267164202],[-73.993157448019062,40.762814267313971]]]},"properties":{"OBJECTID":164139,"GEOID20":"360610127003","GEOID10":"360610127003","STATEFP":"36","COUNTYFP":"061","D1C":67.382191500878861,"D1C5_RET":3.6397582666679718,"D2B_E5MIXA":0.74100510018315879,"D3A":23.718049441459915,"D3AAO":3.7195108165213355,"D3B":0,"D4A":266.88,"D4C":103.67,"D4D":6192.1434175300001,"D5AR":854506,"D5BR":2445047}},{"type":"Feature","id":164140,"geometry":{"type":"Polygon","coordinates":[[[-73.962705437541459,40.769747269179156],[-73.963162438374255,40.769121268006046],[-73.961560438592102,40.768445269321766],[-73.960603437268787,40.769757269350045],[-73.962212437621943,40.770432268899228],[-73.962705437541459,40.769747269179156]]]},"properties":{"OBJECTID":164140,"GEOID20":"360610128002","GEOID10":"360610128002","STATEFP":"36","COUNTYFP":"061","D1C":69.387854227546867,"D1C5_RET":5.3375272482728358,"D2B_E5MIXA":0.76170536819939494,"D3A":36.618472603612943,"D3AAO":10.105620808094256,"D3B":0,"D4A":0,"D4C":210.33000000000001,"D4D":21132.086703600002,"D5AR":790786,"D5BR":3681124}},{"type":"Feature","id":164141,"geometry":{"type":"Polygon","coordinates":[[[-73.964320438640698,40.770431268824339],[-73.96478343842297,40.769804269248461],[-73.963162438374255,40.769121268006046],[-73.961710437481614,40.771114269527786],[-73.963327438230678,40.771794269170371],[-73.964320438640698,40.770431268824339]]]},"properties":{"OBJECTID":164141,"GEOID20":"360610128003","GEOID10":"360610128003","STATEFP":"36","COUNTYFP":"061","D1C":79.277449124491852,"D1C5_RET":3.7946515104866738,"D2B_E5MIXA":0.78530776103296196,"D3A":32.399716815953994,"D3AAO":10.361630278125919,"D3B":65.637215316526252,"D4A":189.09999999999999,"D4C":201,"D4D":13193.0802786,"D5AR":788479,"D5BR":3762214}},{"type":"Feature","id":164142,"geometry":{"type":"Polygon","coordinates":[[[-73.96401343939236,40.773741269654849],[-73.964475438451402,40.773107269097309],[-73.962866438098246,40.772428270011446],[-73.9614764380282,40.774332269603043],[-73.963088437856086,40.775011269639023],[-73.96401343939236,40.773741269654849]]]},"properties":{"OBJECTID":164142,"GEOID20":"360610130001","GEOID10":"360610130001","STATEFP":"36","COUNTYFP":"061","D1C":160.4008030676126,"D1C5_RET":24.113946232983373,"D2B_E5MIXA":0.83573260430725504,"D3A":40.564753622109087,"D3AAO":10.400861068271251,"D3B":0,"D4A":352.70999999999998,"D4C":173.66999999999999,"D4D":11965.3401208,"D5AR":769464,"D5BR":3596585}},{"type":"Feature","id":164143,"geometry":{"type":"Polygon","coordinates":[[[-73.96593543884164,40.771107269755412],[-73.966388439476503,40.770486268158791],[-73.96478343842297,40.769804269248461],[-73.962866438098246,40.772428270011446],[-73.964475438451402,40.773107269097309],[-73.96593543884164,40.771107269755412]]]},"properties":{"OBJECTID":164143,"GEOID20":"360610130002","GEOID10":"360610130002","STATEFP":"36","COUNTYFP":"061","D1C":69.64552864684741,"D1C5_RET":13.991638190556326,"D2B_E5MIXA":0.76189242127916912,"D3A":32.361100185568141,"D3AAO":10.407906477637779,"D3B":0,"D4A":190.44,"D4C":174,"D4D":8704.5185972100007,"D5AR":789582,"D5BR":4543516}},{"type":"Feature","id":164144,"geometry":{"type":"Polygon","coordinates":[[[-73.967535439872293,40.771784269306046],[-73.967995440179834,40.771155269443284],[-73.966388439476503,40.770486268158791],[-73.964475438451402,40.773107269097309],[-73.966075438583744,40.773781269285401],[-73.967535439872293,40.771784269306046]]]},"properties":{"OBJECTID":164144,"GEOID20":"360610130003","GEOID10":"360610130003","STATEFP":"36","COUNTYFP":"061","D1C":136.0337030760258,"D1C5_RET":15.777711666636577,"D2B_E5MIXA":0.88103418295788605,"D3A":24.886756158490034,"D3AAO":0,"D3B":50.237499348089955,"D4A":89.859999999999999,"D4C":167.33000000000001,"D4D":8406.2407659199998,"D5AR":756812,"D5BR":3613776}},{"type":"Feature","id":164145,"geometry":{"type":"Polygon","coordinates":[[[-73.985648445830464,40.762923266791077],[-73.986105444866652,40.762298266851381],[-73.980427441890726,40.759907266499077],[-73.978602442525826,40.762404267268089],[-73.981435444165996,40.763602267067931],[-73.982808443619305,40.761727266731278],[-73.985648445830464,40.762923266791077]]]},"properties":{"OBJECTID":164145,"GEOID20":"360610131001","GEOID10":"360610131001","STATEFP":"36","COUNTYFP":"061","D1C":1242.5564475470487,"D1C5_RET":8.0032844883947103,"D2B_E5MIXA":0.76467556413397242,"D3A":23.337931192168686,"D3AAO":1.2073778292397122,"D3B":0,"D4A":111.31,"D4C":426.67000000000002,"D4D":10164.871122299999,"D5AR":826867,"D5BR":4431436}},{"type":"Feature","id":164146,"geometry":{"type":"Polygon","coordinates":[[[-73.985193445545804,40.763551266832131],[-73.985648445830464,40.762923266791077],[-73.982808443619305,40.761727266731278],[-73.981435444165996,40.763602267067931],[-73.98428444390305,40.764800267726713],[-73.985193445545804,40.763551266832131]]]},"properties":{"OBJECTID":164146,"GEOID20":"360610131002","GEOID10":"360610131002","STATEFP":"36","COUNTYFP":"061","D1C":656.30307872027868,"D1C5_RET":20.847783724077097,"D2B_E5MIXA":0.73152677195054883,"D3A":32.812935066474566,"D3AAO":5.8860238919592192,"D3B":39.592230217831876,"D4A":237.38,"D4C":325.32999999999998,"D4D":12880.540256800001,"D5AR":835896,"D5BR":4446605}},{"type":"Feature","id":164147,"geometry":{"type":"Polygon","coordinates":[[[-73.952687435374401,40.772348269777453],[-73.953189434616434,40.771665270193232],[-73.950933434357978,40.770717270580896],[-73.950436433342205,40.771399270325141],[-73.952687435374401,40.772348269777453]]]},"properties":{"OBJECTID":164147,"GEOID20":"360610132001","GEOID10":"360610132001","STATEFP":"36","COUNTYFP":"061","D1C":49.803264226152159,"D1C5_RET":4.0787156047279787,"D2B_E5MIXA":0.81917846766485425,"D3A":46.132350693658253,"D3AAO":0,"D3B":137.38831510662664,"D4A":97.900000000000006,"D4C":36.670000000000002,"D4D":5038.0295149599997,"D5AR":935894,"D5BR":2569495}},{"type":"Feature","id":164148,"geometry":{"type":"Polygon","coordinates":[[[-73.991334447405677,40.765318266758271],[-73.991789447690337,40.764692266726492],[-73.98894844655257,40.763494266842493],[-73.988033445062044,40.76474526776844],[-73.990877445674528,40.765942266732004],[-73.991334447405677,40.765318266758271]]]},"properties":{"OBJECTID":164148,"GEOID20":"360610133003","GEOID10":"360610133003","STATEFP":"36","COUNTYFP":"061","D1C":57.549614102454974,"D1C5_RET":3.155946579812047,"D2B_E5MIXA":0.63780251475074234,"D3A":28.733352282707372,"D3AAO":2.5850971217469372,"D3B":0,"D4A":156.91,"D4C":71,"D4D":4217.8297819600002,"D5AR":797169,"D5BR":2745812}},{"type":"Feature","id":164149,"geometry":{"type":"Polygon","coordinates":[[[-73.958620435923493,40.772472269929004],[-73.95871843673109,40.772339270042693],[-73.956480436016008,40.771396270144088],[-73.956016436408817,40.772028269238703],[-73.958256435875413,40.772973269765174],[-73.958620435923493,40.772472269929004]]]},"properties":{"OBJECTID":164149,"GEOID20":"360610134002","GEOID10":"360610134002","STATEFP":"36","COUNTYFP":"061","D1C":151.80989880170534,"D1C5_RET":6.0537689706201512,"D2B_E5MIXA":0.67103734381050839,"D3A":19.238842853204812,"D3AAO":7.4862286752589702,"D3B":0,"D4A":0,"D4C":138.66999999999999,"D4D":20664.0281392,"D5AR":790340,"D5BR":3561791}},{"type":"Feature","id":164150,"geometry":{"type":"Polygon","coordinates":[[[-73.955056435610757,40.773345270108159],[-73.95555443555314,40.772662269887903],[-73.953189434616434,40.771665270193232],[-73.952687435374401,40.772348269777453],[-73.955056435610757,40.773345270108159]]]},"properties":{"OBJECTID":164150,"GEOID20":"360610134003","GEOID10":"360610134003","STATEFP":"36","COUNTYFP":"061","D1C":94.096002456864994,"D1C5_RET":46.333606415853261,"D2B_E5MIXA":0.81060196193832124,"D3A":27.123181870636447,"D3AAO":1.7396866823705328,"D3B":0,"D4A":175.69,"D4C":119.33,"D4D":15588.3397458,"D5AR":815369,"D5BR":2590161}},{"type":"Feature","id":164151,"geometry":{"type":"Polygon","coordinates":[[[-73.957295436150773,40.77429126960714],[-73.957795436641291,40.773608269587612],[-73.95555443555314,40.772662269887903],[-73.955056435610757,40.773345270108159],[-73.957295436150773,40.77429126960714]]]},"properties":{"OBJECTID":164151,"GEOID20":"360610134004","GEOID10":"360610134004","STATEFP":"36","COUNTYFP":"061","D1C":57.382049686814817,"D1C5_RET":0.43144398260763023,"D2B_E5MIXA":0.57402689290260001,"D3A":20.013649432294976,"D3AAO":13.116368930614774,"D3B":0,"D4A":0,"D4C":112.67,"D4D":15555.4539265,"D5AR":818295,"D5BR":3600517}},{"type":"Feature","id":164152,"geometry":{"type":"Polygon","coordinates":[[[-73.996223448389415,40.767360267869165],[-73.996668448628341,40.766748267126495],[-73.991789447690337,40.764692266726492],[-73.989965447252004,40.767196266853333],[-73.99485044893612,40.769265267187535],[-73.996223448389415,40.767360267869165]]]},"properties":{"OBJECTID":164152,"GEOID20":"360610135002","GEOID10":"360610135002","STATEFP":"36","COUNTYFP":"061","D1C":71.836322857659894,"D1C5_RET":17.102254344452426,"D2B_E5MIXA":0.87784503562768534,"D3A":31.185065172341218,"D3AAO":3.4318354511742384,"D3B":57.66570337534678,"D4A":241.40000000000001,"D4C":24.670000000000002,"D4D":426.69853097499998,"D5AR":868991,"D5BR":2433031}},{"type":"Feature","id":164153,"geometry":{"type":"Polygon","coordinates":[[[-73.950799434463676,40.774935270502901],[-73.951262435144272,40.774300270438019],[-73.949011434010373,40.773350270943475],[-73.948085434445829,40.774619270226516],[-73.950340433981054,40.775572270615974],[-73.950799434463676,40.774935270502901]]]},"properties":{"OBJECTID":164153,"GEOID20":"360610136001","GEOID10":"360610136001","STATEFP":"36","COUNTYFP":"061","D1C":40.539899525035239,"D1C5_RET":2.4254640741474072,"D2B_E5MIXA":0.88065151091771465,"D3A":27.074188322970194,"D3AAO":0.33156103473154441,"D3B":73.918905116873361,"D4A":150.21000000000001,"D4C":70,"D4D":5174.3233581799996,"D5AR":762479,"D5BR":3098598}},{"type":"Feature","id":164154,"geometry":{"type":"Polygon","coordinates":[[[-73.951724435101625,40.773665269746246],[-73.949477434165701,40.772716270056357],[-73.949011434010373,40.773350270943475],[-73.951262435144272,40.774300270438019],[-73.951724435101625,40.773665269746246]]]},"properties":{"OBJECTID":164154,"GEOID20":"360610136002","GEOID10":"360610136002","STATEFP":"36","COUNTYFP":"061","D1C":45.281791011273391,"D1C5_RET":1.6172068218311926,"D2B_E5MIXA":0.64749817454578007,"D3A":27.09827487663555,"D3AAO":0,"D3B":147.85890942456618,"D4A":203.84999999999999,"D4C":50,"D4D":7392.9454712300003,"D5AR":817946,"D5BR":3002915}},{"type":"Feature","id":164155,"geometry":{"type":"Polygon","coordinates":[[[-73.979545442707135,40.766205267618652],[-73.980037442801716,40.765529267846574],[-73.977197442387165,40.764332268248303],[-73.976704442467664,40.765004267322837],[-73.979545442707135,40.766205267618652]]]},"properties":{"OBJECTID":164155,"GEOID20":"360610137002","GEOID10":"360610137002","STATEFP":"36","COUNTYFP":"061","D1C":254.49555543413749,"D1C5_RET":13.612152254094015,"D2B_E5MIXA":0.82641656618427362,"D3A":18.703173348603066,"D3AAO":0,"D3B":0,"D4A":175.69,"D4C":410,"D4D":45213.022170600001,"D5AR":941577,"D5BR":3907697}},{"type":"Feature","id":164156,"geometry":{"type":"Polygon","coordinates":[[[-73.955870435022305,40.776244270312091],[-73.956335437149363,40.775609270513897],[-73.954093436236292,40.774664270064882],[-73.953629434832479,40.775299271412592],[-73.955870435022305,40.776244270312091]]]},"properties":{"OBJECTID":164156,"GEOID20":"360610138002","GEOID10":"360610138002","STATEFP":"36","COUNTYFP":"061","D1C":140.46900747218629,"D1C5_RET":4.1723467565995929,"D2B_E5MIXA":0.57553598307823928,"D3A":22.489933624853787,"D3AAO":7.4695723899272979,"D3B":0,"D4A":227.99000000000001,"D4C":199.33000000000001,"D4D":29570.626808599998,"D5AR":797913,"D5BR":3360476}},{"type":"Feature","id":164157,"geometry":{"type":"Polygon","coordinates":[[[-73.95678143631487,40.774999269566379],[-73.954557435843483,40.774028270790488],[-73.954093436236292,40.774664270064882],[-73.956335437149363,40.775609270513897],[-73.95678143631487,40.774999269566379]]]},"properties":{"OBJECTID":164157,"GEOID20":"360610138003","GEOID10":"360610138003","STATEFP":"36","COUNTYFP":"061","D1C":135.57020934334588,"D1C5_RET":36.61554372008316,"D2B_E5MIXA":0.78144401746191061,"D3A":32.763821125933546,"D3AAO":4.444583031608194,"D3B":0,"D4A":226.65000000000001,"D4C":112.67,"D4D":16710.777968400002,"D5AR":818845,"D5BR":3599256}}]}