{"type":"FeatureCollection","features":[{"type":"Feature","id":149336,"geometry":{"type":"Polygon","coordinates":[[[-74.128383481597979,40.612650232517986],[-74.127902481374036,40.60890223140008],[-74.127324481065742,40.608669231787182],[-74.125846481132143,40.608870232481863],[-74.123179480071641,40.609427232157387],[-74.121385478872241,40.609907232143641],[-74.121579479939314,40.610610231639349],[-74.122558480105624,40.613084232865127],[-74.128383481597979,40.612650232517986]]]},"properties":{"OBJECTID":149336,"GEOID20":"360850187012","GEOID10":"360850187012","STATEFP":"36","COUNTYFP":"085","D1C":2.419746743192813,"D1C5_RET":0.54580753605852927,"D2B_E5MIXA":0.94881681767676851,"D3A":31.310913185782493,"D3AAO":0.45791525034129832,"D3B":108.71903923580774,"D4A":257.5,"D4C":66.670000000000002,"D4D":776.29841981899995,"D5AR":524524,"D5BR":1422078}},{"type":"Feature","id":149340,"geometry":{"type":"Polygon","coordinates":[[[-74.103337474109708,40.633761237371196],[-74.102671474836143,40.630934236975492],[-74.098881472770998,40.631454237860133],[-74.09799147319147,40.631772237265736],[-74.097156472965196,40.6319062366818],[-74.097268473118177,40.634006237699843],[-74.098388473749807,40.634013236897417],[-74.099415473596693,40.634114237411708],[-74.102143474756559,40.634602237845321],[-74.10200347411616,40.633935236739937],[-74.103337474109708,40.633761237371196]]]},"properties":{"OBJECTID":149340,"GEOID20":"360850067003","GEOID10":"360850067003","STATEFP":"36","COUNTYFP":"085","D1C":2.3835446822403075,"D1C5_RET":0.36669918188312423,"D2B_E5MIXA":0.26675339173619422,"D3A":28.089549425549912,"D3AAO":0,"D3B":162.10199263130565,"D4A":230.66999999999999,"D4C":23,"D4D":385.55799695100001,"D5AR":398727,"D5BR":467672}},{"type":"Feature","id":149341,"geometry":{"type":"Polygon","coordinates":[[[-74.127016482890795,40.639327238338147],[-74.127033482609235,40.638385237360552],[-74.126889482669185,40.637218237382108],[-74.125653482584923,40.637206237677638],[-74.124606481748231,40.63747423760708],[-74.124334481761679,40.635416237043799],[-74.12325448041473,40.635501237239559],[-74.123068481540187,40.634086236568976],[-74.120240480821209,40.634308236695269],[-74.120637481379561,40.636581237080762],[-74.117550480194481,40.636962237538803],[-74.117658479251219,40.638070237469819],[-74.117647480278876,40.639385238341632],[-74.11800847905559,40.640570238287296],[-74.118068480228345,40.641306237930678],[-74.120564480686326,40.640950238497837],[-74.120660480047462,40.641204238099604],[-74.123745481582716,40.640210238388534],[-74.126963482289028,40.640189237970979],[-74.127016482890795,40.639327238338147]]]},"properties":{"OBJECTID":149341,"GEOID20":"360850133022","GEOID10":"360850133022","STATEFP":"36","COUNTYFP":"085","D1C":5.5672207540491216,"D1C5_RET":0.30929004189161791,"D2B_E5MIXA":0.72895059236293758,"D3A":16.69666516932832,"D3AAO":0,"D3B":109.81961502296453,"D4A":293.70999999999998,"D4C":46,"D4D":291.29871358899999,"D5AR":436641,"D5BR":1660051}},{"type":"Feature","id":149342,"geometry":{"type":"Polygon","coordinates":[[[-74.133655484693023,40.63760823648667],[-74.134093485259257,40.636992237246332],[-74.130687483333645,40.63551723679916],[-74.130869483806819,40.634735236966463],[-74.130182483718571,40.634495236950542],[-74.129002483710806,40.63434223653276],[-74.128848483725037,40.636444238053961],[-74.128671483274701,40.637356237577379],[-74.126889482669185,40.637218237382108],[-74.127033482609235,40.638385237360552],[-74.126963482289028,40.640189237970979],[-74.127470483350535,40.640167238240522],[-74.127467482977508,40.639886237637633],[-74.127816482956945,40.639918238059543],[-74.127861483162803,40.64072523802453],[-74.128579483213201,40.641293238308378],[-74.129251484131174,40.64128023800189],[-74.129847483982829,40.641497238224318],[-74.130820484301353,40.641208237989005],[-74.13115848351184,40.640933238218921],[-74.133655484693023,40.63760823648667]]]},"properties":{"OBJECTID":149342,"GEOID20":"360850207004","GEOID10":"360850207004","STATEFP":"36","COUNTYFP":"085","D1C":22.731623079248163,"D1C5_RET":0.44669128321666696,"D2B_E5MIXA":0.41732173884758605,"D3A":21.556168632104061,"D3AAO":0,"D3B":160.79797056748012,"D4A":246.77000000000001,"D4C":53.670000000000002,"D4D":507.529233143,"D5AR":466489,"D5BR":1692764}},{"type":"Feature","id":149343,"geometry":{"type":"Polygon","coordinates":[[[-74.162445492419096,40.607654230183549],[-74.162383491596486,40.607198230351941],[-74.160404491347478,40.607450230535804],[-74.149970488355535,40.609548231048237],[-74.157313490862762,40.615163231683638],[-74.157662490842227,40.614400231774361],[-74.159181490783709,40.612535231425625],[-74.160571490853741,40.609414231102456],[-74.161033491709418,40.608942230537743],[-74.162058491906492,40.608328230362368],[-74.162325491870192,40.608011230967115],[-74.162445492419096,40.607654230183549]]]},"properties":{"OBJECTID":149343,"GEOID20":"360850291044","GEOID10":"360850291044","STATEFP":"36","COUNTYFP":"085","D1C":9.0132180163365305,"D1C5_RET":2.0453448050101355,"D2B_E5MIXA":0.8578866959433985,"D3A":33.765861503973618,"D3AAO":15.219115806188519,"D3B":108.60487005587206,"D4A":248.11000000000001,"D4C":58,"D4D":363.26888484699998,"D5AR":535833,"D5BR":1748057}},{"type":"Feature","id":149642,"geometry":{"type":"Polygon","coordinates":[[[-74.161537494194519,40.644165237865955],[-74.161256493987125,40.641798236771237],[-74.159521494135589,40.641387236883567],[-74.158834493149016,40.641555237705681],[-74.158454493207415,40.641760236784968],[-74.158366492445552,40.641989236338709],[-74.157987492328871,40.642271236906474],[-74.157785492662498,40.642653236877734],[-74.157214492925206,40.642943237619406],[-74.158108493601006,40.643765237514081],[-74.161537494194519,40.644165237865955]]]},"properties":{"OBJECTID":149642,"GEOID20":"360850223003","GEOID10":"360850223003","STATEFP":"36","COUNTYFP":"085","D1C":0,"D1C5_RET":0,"D2B_E5MIXA":0,"D3A":0,"D3AAO":0,"D3B":0,"D4A":655.80999999999995,"D4C":8.6699999999999999,"D4D":285.83757789600003,"D5AR":341511,"D5BR":1582123}},{"type":"Feature","id":150489,"geometry":{"type":"Polygon","coordinates":[[[-74.118182475539598,40.56213922259532],[-74.117608474530925,40.561618223011273],[-74.116912475120145,40.561170223635557],[-74.116023473568887,40.560849222533065],[-74.115453473656487,40.561454223057588],[-74.113142474044778,40.56014722239906],[-74.112264473262499,40.561466222718259],[-74.116363474225821,40.563923223093965],[-74.118182475539598,40.56213922259532]]]},"properties":{"OBJECTID":150489,"GEOID20":"360850128062","GEOID10":"360850128062","STATEFP":"36","COUNTYFP":"085","D1C":0.1659161821478618,"D1C5_RET":0,"D2B_E5MIXA":0,"D3A":27.313454190003679,"D3AAO":0,"D3B":239.02548864949563,"D4A":158.25,"D4C":62.329999999999998,"D4D":1654.64890132,"D5AR":312426,"D5BR":317680}},{"type":"Feature","id":150490,"geometry":{"type":"Polygon","coordinates":[[[-74.129876479803556,40.573258224535614],[-74.130193480894278,40.572489224054095],[-74.128090479000065,40.570759224179255],[-74.124900477882861,40.568957223153312],[-74.123428476000413,40.569916224542723],[-74.122170477073169,40.570948224211499],[-74.12549547880792,40.572892225728026],[-74.127716479804576,40.573767225444143],[-74.129145479334383,40.574738225461438],[-74.129876479803556,40.573258224535614]]]},"properties":{"OBJECTID":150490,"GEOID20":"360850138004","GEOID10":"360850138004","STATEFP":"36","COUNTYFP":"085","D1C":0.51331368460260729,"D1C5_RET":0.061597642152312872,"D2B_E5MIXA":0.55613896549727715,"D3A":25.197719904052622,"D3AAO":0,"D3B":157.74252723122424,"D4A":468.05000000000001,"D4C":15.33,"D4D":201.44892889499999,"D5AR":382261,"D5BR":54278}},{"type":"Feature","id":150617,"geometry":{"type":"Polygon","coordinates":[[[-74.143544486988631,40.631400235533874],[-74.143757487423969,40.630562234665575],[-74.142551486578625,40.630335235725511],[-74.140603487190049,40.629666235337019],[-74.138941486235126,40.631050235835097],[-74.137670485092471,40.632270236790752],[-74.139428486306841,40.633037235442728],[-74.139871485997645,40.632447235583555],[-74.141544486823221,40.633173235232441],[-74.141278486684442,40.633451235875661],[-74.142775486884602,40.633800235858686],[-74.143544486988631,40.631400235533874]]]},"properties":{"OBJECTID":150617,"GEOID20":"360850213004","GEOID10":"360850213004","STATEFP":"36","COUNTYFP":"085","D1C":3.1793731174385318,"D1C5_RET":0.18342537215991531,"D2B_E5MIXA":0.59773683554656787,"D3A":25.140971733704671,"D3AAO":0,"D3B":169.65134954652007,"D4A":225.31,"D4C":35,"D4D":684.78805606399999,"D5AR":510283,"D5BR":1697837}},{"type":"Feature","id":151279,"geometry":{"type":"Polygon","coordinates":[[[-74.1761174935139,40.555945220083856],[-74.175773492659005,40.553921218533624],[-74.168525490586305,40.554860219645683],[-74.169737492177759,40.560258220833632],[-74.169828491516029,40.561086220816954],[-74.171287491183065,40.561351220251282],[-74.171879491735083,40.561574220932549],[-74.173276492376132,40.560102220214446],[-74.174374493266441,40.558716219329533],[-74.1761174935139,40.555945220083856]]]},"properties":{"OBJECTID":151279,"GEOID20":"360850170121","GEOID10":"360850170121","STATEFP":"36","COUNTYFP":"085","D1C":1.2895215739221635,"D1C5_RET":0.011311592753703189,"D2B_E5MIXA":0.54455110537378792,"D3A":34.250857670309202,"D3AAO":6.838568194209989,"D3B":209.61710631636959,"D4A":287,"D4C":81,"D4D":585.320794664,"D5AR":318843,"D5BR":740033}},{"type":"Feature","id":151282,"geometry":{"type":"Polygon","coordinates":[[[-74.142361483912879,40.564008222115419],[-74.142260482732226,40.563745223179744],[-74.141166482938189,40.563348223065205],[-74.140187481873554,40.562838221606256],[-74.139754482228511,40.56273122248367],[-74.1394224819675,40.562763222328499],[-74.139020481386268,40.562979222586954],[-74.138718482160797,40.563565223252873],[-74.138451482197098,40.563878222765474],[-74.137409481383287,40.564429223400836],[-74.13648748111838,40.565254222374101],[-74.138139481129244,40.566060223089551],[-74.13762348164353,40.566695222801513],[-74.138901482458891,40.567301223428132],[-74.139602482790863,40.56627222334523],[-74.142243483013772,40.564180222085213],[-74.142361483912879,40.564008222115419]]]},"properties":{"OBJECTID":151282,"GEOID20":"360850146064","GEOID10":"360850146064","STATEFP":"36","COUNTYFP":"085","D1C":0.74579309977308239,"D1C5_RET":0,"D2B_E5MIXA":0.67261674240435054,"D3A":32.205561922796882,"D3AAO":0,"D3B":260.47976598910918,"D4A":724.20000000000005,"D4C":4,"D4D":86.783197064500001,"D5AR":320419,"D5BR":17221}},{"type":"Feature","id":151283,"geometry":{"type":"Polygon","coordinates":[[[-74.152056485141401,40.535955217291381],[-74.152623483782435,40.535467216840523],[-74.149783484266209,40.53386821673373],[-74.149227484597517,40.534253216427587],[-74.147934483713527,40.534908215912807],[-74.14712848290128,40.535241216703412],[-74.145171483291875,40.535764216402264],[-74.14355348181958,40.536653217085799],[-74.143327480965439,40.536701217109652],[-74.142170481422212,40.537301217919087],[-74.142789481738419,40.53762921695467],[-74.146409483025963,40.540234216773932],[-74.147104482611809,40.541020218267086],[-74.149592483572192,40.538075217204884],[-74.152056485141401,40.535955217291381]]]},"properties":{"OBJECTID":151283,"GEOID20":"360850156032","GEOID10":"360850156032","STATEFP":"36","COUNTYFP":"085","D1C":7.246824481772224,"D1C5_RET":0.74967149811436795,"D2B_E5MIXA":0.85856851551300073,"D3A":25.127827780048797,"D3AAO":0,"D3B":112.35570265800318,"D4A":363.44,"D4C":63,"D4D":530.73474300500004,"D5AR":216984,"D5BR":422072}},{"type":"Feature","id":151284,"geometry":{"type":"Polygon","coordinates":[[[-74.181149495511107,40.557249219924017],[-74.181539496396766,40.55682621878487],[-74.181063495297394,40.556893219617805],[-74.179800494550648,40.551149218135478],[-74.178746494041249,40.551004218346257],[-74.1761174935139,40.555945220083856],[-74.176743493502798,40.558970219688284],[-74.177697494453056,40.558896220011079],[-74.177983493785021,40.560247220093203],[-74.180328495528556,40.559980220736861],[-74.180134494461484,40.558728219481054],[-74.180185495413411,40.558442221086352],[-74.180660494891256,40.557729219809275],[-74.181149495511107,40.557249219924017]]]},"properties":{"OBJECTID":151284,"GEOID20":"360850170082","GEOID10":"360850170082","STATEFP":"36","COUNTYFP":"085","D1C":0.47597198101220262,"D1C5_RET":0.12981054027605526,"D2B_E5MIXA":0.66301999632171338,"D3A":25.55122049940908,"D3AAO":0,"D3B":123.12270124103289,"D4A":399.64999999999998,"D4C":23,"D4D":212.312350318,"D5AR":323464,"D5BR":159879}},{"type":"Feature","id":151285,"geometry":{"type":"Polygon","coordinates":[[[-74.121171478611998,40.608842231966712],[-74.12092147926505,40.606367231415625],[-74.118142478051567,40.60662423172829],[-74.118346478266062,40.609152232437481],[-74.121171478611998,40.608842231966712]]]},"properties":{"OBJECTID":151285,"GEOID20":"360850173002","GEOID10":"360850173002","STATEFP":"36","COUNTYFP":"085","D1C":1.5236990048417063,"D1C5_RET":0,"D2B_E5MIXA":0.56455507871788857,"D3A":13.13109411564403,"D3AAO":0,"D3B":91.041625018893882,"D4A":287,"D4C":15.67,"D4D":611.23490318999995,"D5AR":549217,"D5BR":1422198}},{"type":"Feature","id":151286,"geometry":{"type":"Polygon","coordinates":[[[-74.126611480139914,40.604249231015466],[-74.125454480596673,40.598145230141654],[-74.125222479894774,40.598158229296203],[-74.124676479373505,40.598324229191547],[-74.123186478846023,40.599203230141228],[-74.122644479421027,40.599427230091116],[-74.120773478228742,40.600680230952626],[-74.120555478668848,40.60103123076],[-74.120687478015014,40.603092230586938],[-74.12158547888879,40.602997230759662],[-74.123390479060532,40.602966230923158],[-74.123393479433574,40.603453229926963],[-74.123685478613311,40.603997231038349],[-74.123723480044774,40.604403231329442],[-74.126611480139914,40.604249231015466]]]},"properties":{"OBJECTID":151286,"GEOID20":"360850187023","GEOID10":"360850187023","STATEFP":"36","COUNTYFP":"085","D1C":1.3954611081715187,"D1C5_RET":0.035781054055679967,"D2B_E5MIXA":0.47767677138542253,"D3A":30.379087608127268,"D3AAO":0,"D3B":225.23171658536978,"D4A":288.33999999999997,"D4C":2.6699999999999999,"D4D":30.5713325852,"D5AR":512497,"D5BR":765894}},{"type":"Feature","id":152128,"geometry":{"type":"Polygon","coordinates":[[[-74.110744476191059,40.625534234968839],[-74.110490476646149,40.623282235861751],[-74.110016476094927,40.620696233983736],[-74.106823474604624,40.621802235342415],[-74.104454473469957,40.622921235227253],[-74.104257474724776,40.623690235365281],[-74.104845475078832,40.626215235480004],[-74.110744476191059,40.625534234968839]]]},"properties":{"OBJECTID":152128,"GEOID20":"360850121001","GEOID10":"360850121001","STATEFP":"36","COUNTYFP":"085","D1C":0.56122529154633494,"D1C5_RET":0,"D2B_E5MIXA":0.084373530474512209,"D3A":24.145106781641651,"D3AAO":0,"D3B":112.51172535688656,"D4A":512.30999999999995,"D4C":9,"D4D":97.959323615399995,"D5AR":465154,"D5BR":469248}},{"type":"Feature","id":152139,"geometry":{"type":"Polygon","coordinates":[[[-74.117658479251219,40.638070237469819],[-74.117385479439733,40.6354042370155],[-74.117200479491814,40.634576237350629],[-74.114539479177409,40.634771237405673],[-74.111178477457642,40.634747237115],[-74.111749477194948,40.637651238283013],[-74.114996479111895,40.637300238599501],[-74.115192478930481,40.63835523827894],[-74.117658479251219,40.638070237469819]]]},"properties":{"OBJECTID":152139,"GEOID20":"360850105005","GEOID10":"360850105005","STATEFP":"36","COUNTYFP":"085","D1C":5.4540202683565235,"D1C5_RET":0.18726249848434418,"D2B_E5MIXA":0.38181928216889055,"D3A":26.034244338541026,"D3AAO":0,"D3B":94.869311381308492,"D4A":242.74000000000001,"D4C":36.670000000000002,"D4D":549.14880005600003,"D5AR":433882,"D5BR":1406418}},{"type":"Feature","id":152140,"geometry":{"type":"Polygon","coordinates":[[[-74.094712469690819,40.584211227497697],[-74.095439469962059,40.583632228577756],[-74.085107466179039,40.578296226779926],[-74.080934463799224,40.574841226770737],[-74.076032463294979,40.578309227746402],[-74.088497467312806,40.584797228488711],[-74.089122467476784,40.584151228415031],[-74.092617469090868,40.585948228295258],[-74.094712469690819,40.584211227497697]]]},"properties":{"OBJECTID":152140,"GEOID20":"360850112011","GEOID10":"360850112011","STATEFP":"36","COUNTYFP":"085","D1C":2.325456472826497,"D1C5_RET":0.32637985583529783,"D2B_E5MIXA":0.64190766682789913,"D3A":27.523624900136607,"D3AAO":0,"D3B":174.33990356077766,"D4A":332.60000000000002,"D4C":69,"D4D":255.88048467799999,"D5AR":408849,"D5BR":379830}},{"type":"Feature","id":152141,"geometry":{"type":"Polygon","coordinates":[[[-74.09974247024158,40.580216226897861],[-74.100392471418232,40.579697227230461],[-74.090329467248722,40.574523225914],[-74.087679466804971,40.573079225939381],[-74.085008466444833,40.571766225814116],[-74.083912464306025,40.572736226578577],[-74.080934463799224,40.574841226770737],[-74.085107466179039,40.578296226779926],[-74.095439469962059,40.583632228577756],[-74.09974247024158,40.580216226897861]]]},"properties":{"OBJECTID":152141,"GEOID20":"360850112012","GEOID10":"360850112012","STATEFP":"36","COUNTYFP":"085","D1C":2.2503984330425704,"D1C5_RET":0.2300407287110183,"D2B_E5MIXA":0.56478728143605905,"D3A":21.754782100670536,"D3AAO":0,"D3B":143.37149425097058,"D4A":701.40999999999997,"D4C":64.670000000000002,"D4D":184.16228763399999,"D5AR":348455,"D5BR":334724}},{"type":"Feature","id":152142,"geometry":{"type":"Polygon","coordinates":[[[-74.109185473371653,40.571050224873638],[-74.109763472781665,40.570476225010246],[-74.108740473132755,40.570000225150459],[-74.106495471846614,40.572120224844049],[-74.105796472062806,40.572549224726288],[-74.105431472189821,40.573214225332919],[-74.104711471591287,40.574014225297923],[-74.100541470482838,40.571890225618056],[-74.09856147040891,40.574010226161185],[-74.097837469612415,40.573614226511047],[-74.097039469196062,40.57446322564725],[-74.097618469329291,40.574781226106822],[-74.096083469494303,40.576561226334427],[-74.096694468516262,40.576875226044528],[-74.096133469723,40.577534226545581],[-74.100392471418232,40.579697227230461],[-74.101671471160188,40.578631226526163],[-74.103691472315404,40.576513226222836],[-74.109185473371653,40.571050224873638]]]},"properties":{"OBJECTID":152142,"GEOID20":"360850112021","GEOID10":"360850112021","STATEFP":"36","COUNTYFP":"085","D1C":15.413255881722527,"D1C5_RET":4.6909909205242473,"D2B_E5MIXA":0.77962477155742582,"D3A":27.598005442898053,"D3AAO":0,"D3B":135.04276544866164,"D4A":274.93000000000001,"D4C":68.329999999999998,"D4D":401.10724464700002,"D5AR":355029,"D5BR":763091}},{"type":"Feature","id":152143,"geometry":{"type":"Polygon","coordinates":[[[-74.100541470482838,40.571890225618056],[-74.096823469285994,40.569956225170216],[-74.091823467974166,40.575283227137589],[-74.096133469723,40.577534226545581],[-74.096694468516262,40.576875226044528],[-74.096083469494303,40.576561226334427],[-74.097618469329291,40.574781226106822],[-74.097039469196062,40.57446322564725],[-74.097837469612415,40.573614226511047],[-74.09856147040891,40.574010226161185],[-74.100541470482838,40.571890225618056]]]},"properties":{"OBJECTID":152143,"GEOID20":"360850112022","GEOID10":"360850112022","STATEFP":"36","COUNTYFP":"085","D1C":2.7570081443259684,"D1C5_RET":0.06195523919833637,"D2B_E5MIXA":0.54937226927155569,"D3A":30.565417031973688,"D3AAO":0,"D3B":108.83193583568075,"D4A":0,"D4C":19.670000000000002,"D4D":188.876317089,"D5AR":353974,"D5BR":320114}},{"type":"Feature","id":152144,"geometry":{"type":"Polygon","coordinates":[[[-74.108138472534975,40.570499224157935],[-74.108740473132755,40.570000225150459],[-74.106605471451473,40.568786224915712],[-74.095439469063734,40.563420223736976],[-74.094891467994344,40.562950223546892],[-74.094298466719096,40.563030223550982],[-74.091165467299902,40.566726225123176],[-74.091663466343945,40.567368225377763],[-74.092687467614425,40.568073224634034],[-74.093874468193206,40.568417225075166],[-74.104711471591287,40.574014225297923],[-74.105431472189821,40.573214225332919],[-74.105796472062806,40.572549224726288],[-74.106495471846614,40.572120224844049],[-74.108138472534975,40.570499224157935]]]},"properties":{"OBJECTID":152144,"GEOID20":"360850112024","GEOID10":"360850112024","STATEFP":"36","COUNTYFP":"085","D1C":55.935065878219163,"D1C5_RET":0,"D2B_E5MIXA":0,"D3A":16.524687310869435,"D3AAO":0,"D3B":148.27423017411277,"D4A":567.28999999999996,"D4C":68.329999999999998,"D4D":225.061157958,"D5AR":266979,"D5BR":16128}},{"type":"Feature","id":152145,"geometry":{"type":"Polygon","coordinates":[[[-74.104550472831122,40.586508227608917],[-74.105260472485583,40.58593122834268],[-74.098441469859992,40.581250227729456],[-74.096170468634611,40.583052227896083],[-74.098486470065836,40.584463227696219],[-74.09722146966925,40.585505228681463],[-74.098797471308757,40.586309228796765],[-74.097480470135352,40.587306228045804],[-74.098507469982238,40.587816228585005],[-74.097585470615641,40.588496228029335],[-74.100884470614503,40.590187228989052],[-74.101495471433097,40.58935222977874],[-74.102080472312423,40.588749228530709],[-74.104550472831122,40.586508227608917]]]},"properties":{"OBJECTID":152145,"GEOID20":"360850114012","GEOID10":"360850114012","STATEFP":"36","COUNTYFP":"085","D1C":2.043819244145149,"D1C5_RET":0.18033699213045434,"D2B_E5MIXA":0.70119800702615731,"D3A":23.809236202568584,"D3AAO":0,"D3B":169.51870979123933,"D4A":402.33999999999997,"D4C":55.329999999999998,"D4D":390.66475958000001,"D5AR":386428,"D5BR":341152}},{"type":"Feature","id":152146,"geometry":{"type":"Polygon","coordinates":[[[-74.119111476375508,40.576165226089508],[-74.119787476593103,40.575823225077215],[-74.116414474279452,40.574078225782621],[-74.116317475093382,40.573959225376257],[-74.114843475357759,40.57489822585049],[-74.111441474528419,40.577377226374345],[-74.114819475966627,40.579185226431576],[-74.115424476039124,40.578639226293888],[-74.117022475623315,40.578205225402343],[-74.118498475907089,40.576624225490491],[-74.119111476375508,40.576165226089508]]]},"properties":{"OBJECTID":152146,"GEOID20":"360850122003","GEOID10":"360850122003","STATEFP":"36","COUNTYFP":"085","D1C":13.305584026093685,"D1C5_RET":0.90309393842264829,"D2B_E5MIXA":0.48963283975291272,"D3A":33.723391205234378,"D3AAO":0,"D3B":124.20150591355747,"D4A":256.14999999999998,"D4C":31.670000000000002,"D4D":406.76956486900002,"D5AR":364565,"D5BR":222810}},{"type":"Feature","id":152147,"geometry":{"type":"Polygon","coordinates":[[[-74.114228474341203,40.579742225791414],[-74.114819475966627,40.579185226431576],[-74.109650472803764,40.576420226676184],[-74.107111472688089,40.578544226517096],[-74.112211475355679,40.581275226959811],[-74.113674475220648,40.580322227201059],[-74.114228474341203,40.579742225791414]]]},"properties":{"OBJECTID":152147,"GEOID20":"360850122004","GEOID10":"360850122004","STATEFP":"36","COUNTYFP":"085","D1C":2.174810738750208,"D1C5_RET":0.047278494320656693,"D2B_E5MIXA":0.86392296031185645,"D3A":30.933831835368878,"D3AAO":0,"D3B":116.01007822425456,"D4A":135.44999999999999,"D4C":83.670000000000002,"D4D":1265.85331834,"D5AR":372374,"D5BR":772331}},{"type":"Feature","id":152148,"geometry":{"type":"Polygon","coordinates":[[[-74.124892481080195,40.631736235891204],[-74.123035481029916,40.629019235066352],[-74.12205648086362,40.628372236026671],[-74.11947147981887,40.629400236407115],[-74.119904479463926,40.630180236408307],[-74.118233479186486,40.630638235775102],[-74.116506477934237,40.630764236437294],[-74.116837479268654,40.632683237788982],[-74.124892481080195,40.631736235891204]]]},"properties":{"OBJECTID":152148,"GEOID20":"360850125001","GEOID10":"360850125001","STATEFP":"36","COUNTYFP":"085","D1C":4.4614214952876345,"D1C5_RET":0.10881515842164963,"D2B_E5MIXA":0.69603466592944996,"D3A":20.086307991842347,"D3AAO":0,"D3B":55.713361111884602,"D4A":274.93000000000001,"D4C":43.329999999999998,"D4D":603.51498424399995,"D5AR":448053,"D5BR":1407285}},{"type":"Feature","id":152159,"geometry":{"type":"Polygon","coordinates":[[[-74.120130480318053,40.626544235356739],[-74.117878479359248,40.624842235349931],[-74.113310476969218,40.62305023550045],[-74.116144478434293,40.628710235576712],[-74.11783447897831,40.627632235581629],[-74.118134478553955,40.627880235734025],[-74.120130480318053,40.626544235356739]]]},"properties":{"OBJECTID":152159,"GEOID20":"360850125003","GEOID10":"360850125003","STATEFP":"36","COUNTYFP":"085","D1C":0.62982361789580832,"D1C5_RET":0,"D2B_E5MIXA":0.53904734179485425,"D3A":34.134848931612261,"D3AAO":0,"D3B":271.80957440130561,"D4A":225.31,"D4C":23.329999999999998,"D4D":396.15901610399999,"D5AR":477318,"D5BR":1406870}},{"type":"Feature","id":152160,"geometry":{"type":"Polygon","coordinates":[[[-74.113198474121276,40.567069223899558],[-74.113763474010796,40.566505223315197],[-74.11014147217513,40.564319223451818],[-74.104846471310495,40.561604223097504],[-74.100789469281636,40.566023224109188],[-74.106605471451473,40.568786224915712],[-74.108740473132755,40.570000225150459],[-74.109763472781665,40.570476225010246],[-74.113198474121276,40.567069223899558]]]},"properties":{"OBJECTID":152160,"GEOID20":"360850128041","GEOID10":"360850128041","STATEFP":"36","COUNTYFP":"085","D1C":4.9505205313377036,"D1C5_RET":2.7174875699544887,"D2B_E5MIXA":0.7308114103563208,"D3A":26.592161822122801,"D3AAO":0,"D3B":145.37998337610668,"D4A":301.75,"D4C":63,"D4D":305.206403169,"D5AR":324963,"D5BR":321357}},{"type":"Feature","id":152161,"geometry":{"type":"Polygon","coordinates":[[[-74.128573478873847,40.566320223979432],[-74.129421478620586,40.565729222815442],[-74.126473478251,40.565325223981823],[-74.127209477844744,40.564715223514057],[-74.126730477270641,40.564438222575951],[-74.125710477994758,40.565335223462135],[-74.124260477650267,40.566830223473588],[-74.117545474781735,40.562748223554756],[-74.116363474225821,40.563923223093965],[-74.123094477886198,40.567975224391056],[-74.124900477882861,40.568957223153312],[-74.127145479168959,40.567587224234487],[-74.12776347786361,40.566955223954146],[-74.128573478873847,40.566320223979432]]]},"properties":{"OBJECTID":152161,"GEOID20":"360850132011","GEOID10":"360850132011","STATEFP":"36","COUNTYFP":"085","D1C":2.5096997070264404,"D1C5_RET":0.017926426478760287,"D2B_E5MIXA":0.37149018424839353,"D3A":28.310857944758389,"D3AAO":0,"D3B":195.09688465364394,"D4A":512.30999999999995,"D4C":69,"D4D":791.63099330199998,"D5AR":323027,"D5BR":340041}},{"type":"Feature","id":152194,"geometry":{"type":"Polygon","coordinates":[[[-74.152931485550624,40.540809217343053],[-74.153398485530872,40.540488217610196],[-74.151392484619365,40.538487217103011],[-74.150011482973525,40.537709216492544],[-74.1493604846669,40.538335217548216],[-74.14591348363173,40.542432217681906],[-74.147466483908389,40.543505217965908],[-74.148462483793125,40.542329218378512],[-74.149839484342692,40.543225217791409],[-74.152931485550624,40.540809217343053]]]},"properties":{"OBJECTID":152194,"GEOID20":"360850156013","GEOID10":"360850156013","STATEFP":"36","COUNTYFP":"085","D1C":6.4642881113758337,"D1C5_RET":0.90059741489756195,"D2B_E5MIXA":0.94762606200286914,"D3A":30.879800949959964,"D3AAO":0,"D3B":106.77162738611308,"D4A":225.31,"D4C":53,"D4D":678.85031807400003,"D5AR":235241,"D5BR":316728}},{"type":"Feature","id":152197,"geometry":{"type":"Polygon","coordinates":[[[-74.160179487623324,40.549438218499866],[-74.159900487065755,40.548263218644941],[-74.15900148636706,40.546819219339611],[-74.158867486472758,40.546264218363518],[-74.156331485831842,40.547561218282318],[-74.1549064856017,40.548551219552891],[-74.153559485189348,40.549181218884875],[-74.152657485914261,40.549382218877639],[-74.151590484986073,40.549447219690251],[-74.150989485111538,40.54977021944277],[-74.15055448581667,40.550380219582252],[-74.150107485029608,40.550826219573793],[-74.151221484016816,40.553320219923592],[-74.152140484806978,40.553026220169578],[-74.155798487525999,40.552106218835121],[-74.156722486542407,40.551990219458062],[-74.156057486195436,40.550540220187187],[-74.160179487623324,40.549438218499866]]]},"properties":{"OBJECTID":152197,"GEOID20":"360850146042","GEOID10":"360850146042","STATEFP":"36","COUNTYFP":"085","D1C":2.9804245727547554,"D1C5_RET":1.1193449752879849,"D2B_E5MIXA":0.86810388303219566,"D3A":31.302069724562084,"D3AAO":0,"D3B":227.36027249377236,"D4A":679.95000000000005,"D4C":22.670000000000002,"D4D":195.666896114,"D5AR":245678,"D5BR":40511}},{"type":"Feature","id":152198,"geometry":{"type":"Polygon","coordinates":[[[-74.155852487952657,40.563782222054549],[-74.153013485566404,40.557339220591182],[-74.150521484408088,40.557989220983266],[-74.148095485168639,40.559183221761167],[-74.147549484647371,40.558586221304211],[-74.145654484962265,40.559724221143767],[-74.152957486388232,40.566784223330757],[-74.154768487306058,40.565427221613483],[-74.155852487952657,40.563782222054549]]]},"properties":{"OBJECTID":152198,"GEOID20":"360850146051","GEOID10":"360850146051","STATEFP":"36","COUNTYFP":"085","D1C":0.93873623117406158,"D1C5_RET":0,"D2B_E5MIXA":0.22834259733411996,"D3A":23.555953207793142,"D3AAO":0,"D3B":159.11982784967097,"D4A":321.87,"D4C":18.329999999999998,"D4D":102.920584512,"D5AR":294494,"D5BR":21236}},{"type":"Feature","id":152199,"geometry":{"type":"Polygon","coordinates":[[[-74.152282486893853,40.567401222718075],[-74.152957486388232,40.566784223330757],[-74.144619483821145,40.558727221686588],[-74.142589482620181,40.559902222196186],[-74.143127482745541,40.560516221427399],[-74.150779485947581,40.566920222860496],[-74.151701486212488,40.567865222763643],[-74.152282486893853,40.567401222718075]]]},"properties":{"OBJECTID":152199,"GEOID20":"360850146061","GEOID10":"360850146061","STATEFP":"36","COUNTYFP":"085","D1C":0.54127239327881538,"D1C5_RET":0.055993695856429174,"D2B_E5MIXA":0.58940313805965094,"D3A":22.350533063148298,"D3AAO":0,"D3B":151.37112469362702,"D4A":788.58000000000004,"D4C":9.6699999999999999,"D4D":115.511267029,"D5AR":292548,"D5BR":21179}},{"type":"Feature","id":152202,"geometry":{"type":"Polygon","coordinates":[[[-74.131908483349278,40.621662234516954],[-74.13169748256378,40.620369233825322],[-74.127161480859101,40.620735233964609],[-74.126489482636117,40.620583234347734],[-74.125684481648747,40.620671234491041],[-74.125515480696038,40.619316234217834],[-74.123392479608668,40.619175234016609],[-74.12373748118678,40.620979234079797],[-74.124267480017906,40.622312233871135],[-74.127335481834706,40.622024234033489],[-74.127724481098824,40.622110234489107],[-74.128077482174561,40.621973234408692],[-74.131908483349278,40.621662234516954]]]},"properties":{"OBJECTID":152202,"GEOID20":"360850151002","GEOID10":"360850151002","STATEFP":"36","COUNTYFP":"085","D1C":0.92645587584349887,"D1C5_RET":0.092645587584349876,"D2B_E5MIXA":0.73465802147978865,"D3A":32.165658714465344,"D3AAO":0,"D3B":177.93882133800574,"D4A":364.77999999999997,"D4C":7.6699999999999999,"D4D":151.59288677800001,"D5AR":507971,"D5BR":1378270}},{"type":"Feature","id":152203,"geometry":{"type":"Polygon","coordinates":[[[-74.131357482805157,40.618302233050663],[-74.130993483655388,40.615370232048399],[-74.12328248090212,40.616011234245754],[-74.123577480454912,40.616688233662032],[-74.123622481559053,40.61806723352872],[-74.123492480066091,40.618510233548292],[-74.12624548134032,40.618651233789407],[-74.131357482805157,40.618302233050663]]]},"properties":{"OBJECTID":152203,"GEOID20":"360850151004","GEOID10":"360850151004","STATEFP":"36","COUNTYFP":"085","D1C":1.371683881160219,"D1C5_RET":0.059638429615661695,"D2B_E5MIXA":0.4338203827617188,"D3A":26.452832006043153,"D3AAO":0,"D3B":135.74024652149217,"D4A":346.00999999999999,"D4C":41.670000000000002,"D4D":530.16178391100004,"D5AR":529285,"D5BR":1394785}},{"type":"Feature","id":152204,"geometry":{"type":"Polygon","coordinates":[[[-74.130993483655388,40.615370232048399],[-74.130737482664046,40.612805232283648],[-74.130217481183735,40.612545232714396],[-74.122558480105624,40.613084232865127],[-74.122648479618988,40.614639233401711],[-74.12328248090212,40.616011234245754],[-74.130993483655388,40.615370232048399]]]},"properties":{"OBJECTID":152204,"GEOID20":"360850151005","GEOID10":"360850151005","STATEFP":"36","COUNTYFP":"085","D1C":8.9098410613902654,"D1C5_RET":3.7169889090462456,"D2B_E5MIXA":0.88953269376131938,"D3A":23.098991109659906,"D3AAO":0,"D3B":151.64148634741136,"D4A":187.75999999999999,"D4C":53,"D4D":618.04050879800002,"D5AR":551381,"D5BR":1749854}},{"type":"Feature","id":152205,"geometry":{"type":"Polygon","coordinates":[[[-74.139671480591204,40.535095217097719],[-74.140294480207046,40.533285216946034],[-74.137986479171758,40.530787216439251],[-74.137247479204945,40.52975921531133],[-74.135402478850239,40.530415216659023],[-74.133838478702927,40.531732216335236],[-74.127338476817869,40.538602218562602],[-74.122762475828566,40.543604219285918],[-74.120929475169405,40.544364218684841],[-74.119079474791818,40.544605219558605],[-74.117917474327399,40.546000219997026],[-74.116291473357492,40.547125219906995],[-74.11526247296247,40.547523219989728],[-74.11439347329933,40.548043220728978],[-74.112728471971366,40.547369219754586],[-74.114322473154218,40.549093220192418],[-74.114984474026443,40.549587220911206],[-74.116025474117023,40.549369220482227],[-74.11810847502143,40.550640221309685],[-74.118630475253241,40.55134821982525],[-74.118053474769852,40.552016220689239],[-74.119402474832015,40.55219122057526],[-74.127302478629488,40.557303221430836],[-74.130460479061341,40.554425220920322],[-74.131786479557292,40.553494220576816],[-74.134559480024691,40.551263220427778],[-74.136090480560043,40.550432219871972],[-74.137372479776744,40.549586219567601],[-74.138642480196182,40.548483218568521],[-74.137007480802069,40.546976218843916],[-74.135684479780863,40.546381219494293],[-74.132200479834083,40.546233220217559],[-74.129468478476255,40.545387219430083],[-74.127460477914923,40.542541219376879],[-74.12838047763168,40.540380218834429],[-74.134143478301439,40.535267217609913],[-74.139671480591204,40.535095217097719]]]},"properties":{"OBJECTID":152205,"GEOID20":"360850154001","GEOID10":"360850154001","STATEFP":"36","COUNTYFP":"085","D1C":0.96562565783247933,"D1C5_RET":0,"D2B_E5MIXA":0,"D3A":5.7450085096072909,"D3AAO":0,"D3B":7.7793054319164936,"D4A":977.67999999999995,"D4C":56,"D4D":65.313508873700002,"D5AR":143738,"D5BR":734011}},{"type":"Feature","id":152206,"geometry":{"type":"Polygon","coordinates":[[[-74.163446487835131,40.543777218496942],[-74.161626488493084,40.544037217871669],[-74.160768488700597,40.544274218325874],[-74.159192487959402,40.545238218596154],[-74.156511486655205,40.542501218067763],[-74.151427484779461,40.54541421917007],[-74.15162948444582,40.545761218752872],[-74.150648484629684,40.546098218281301],[-74.149923484008298,40.544872218109269],[-74.148721484259212,40.545281217716322],[-74.150432484719616,40.548203219409082],[-74.150840485148635,40.549971219032798],[-74.151087485020838,40.549682220159099],[-74.15147048533548,40.549481219019057],[-74.152657485914261,40.549382218877639],[-74.153372485591603,40.549249219160501],[-74.154646486209003,40.548682219307189],[-74.155366485909227,40.548280219294625],[-74.156331485831842,40.547561218282318],[-74.163446487835131,40.543777218496942]]]},"properties":{"OBJECTID":152206,"GEOID20":"360850156011","GEOID10":"360850156011","STATEFP":"36","COUNTYFP":"085","D1C":4.3637619467264042,"D1C5_RET":0.53771474225064697,"D2B_E5MIXA":0.6333333771905606,"D3A":25.956506260670196,"D3AAO":0,"D3B":147.83350046024557,"D4A":643.74000000000001,"D4C":66.329999999999998,"D4D":438.97377050400002,"D5AR":250407,"D5BR":337959}},{"type":"Feature","id":152207,"geometry":{"type":"Polygon","coordinates":[[[-74.155074486729504,40.54332721837573],[-74.155789486406846,40.542916217603086],[-74.153398485530872,40.540488217610196],[-74.149839484342692,40.543225217791409],[-74.148462483793125,40.542329218378512],[-74.147466483908389,40.543505217965908],[-74.148163483144074,40.544334218351032],[-74.148721484259212,40.545281217716322],[-74.149923484008298,40.544872218109269],[-74.150648484629684,40.546098218281301],[-74.15162948444582,40.545761218752872],[-74.151427484779461,40.54541421917007],[-74.155074486729504,40.54332721837573]]]},"properties":{"OBJECTID":152207,"GEOID20":"360850156012","GEOID10":"360850156012","STATEFP":"36","COUNTYFP":"085","D1C":0.30668583962944368,"D1C5_RET":0,"D2B_E5MIXA":0.39548848910372325,"D3A":28.055388581946271,"D3AAO":0,"D3B":144.0033137118732,"D4A":410.38,"D4C":53,"D4D":693.51891201499996,"D5AR":246362,"D5BR":443492}},{"type":"Feature","id":152208,"geometry":{"type":"Polygon","coordinates":[[[-74.15914248683238,40.537907217003045],[-74.158153486620321,40.536831217342773],[-74.15753848560378,40.536302216720003],[-74.15397648494087,40.534276216413744],[-74.150011482973525,40.537709216492544],[-74.151392484619365,40.538487217103011],[-74.153398485530872,40.540488217610196],[-74.156993485805728,40.538430217054341],[-74.156016485289257,40.537439216901397],[-74.154612484975502,40.536633216383073],[-74.155323486251518,40.535936217245194],[-74.157090484991798,40.53692121677868],[-74.15842148640894,40.538307216856033],[-74.15914248683238,40.537907217003045]]]},"properties":{"OBJECTID":152208,"GEOID20":"360850156014","GEOID10":"360850156014","STATEFP":"36","COUNTYFP":"085","D1C":3.1642298914693407,"D1C5_RET":0,"D2B_E5MIXA":0.44965430739194928,"D3A":32.091686724887303,"D3AAO":0,"D3B":112.52845288702699,"D4A":295.05000000000001,"D4C":53.329999999999998,"D4D":599.99424039799999,"D5AR":242126,"D5BR":422201}},{"type":"Feature","id":152209,"geometry":{"type":"Polygon","coordinates":[[[-74.160124487371732,40.5404092174103],[-74.161025487720252,40.539906217521384],[-74.15914248683238,40.537907217003045],[-74.15842148640894,40.538307216856033],[-74.157090484991798,40.53692121677868],[-74.155323486251518,40.535936217245194],[-74.154612484975502,40.536633216383073],[-74.156016485289257,40.537439216901397],[-74.156993485805728,40.538430217054341],[-74.153398485530872,40.540488217610196],[-74.155789486406846,40.542916217603086],[-74.160124487371732,40.5404092174103]]]},"properties":{"OBJECTID":152209,"GEOID20":"360850156015","GEOID10":"360850156015","STATEFP":"36","COUNTYFP":"085","D1C":0.94525626602533119,"D1C5_RET":0.094525626602533122,"D2B_E5MIXA":0.59344961808401164,"D3A":25.516590739484766,"D3AAO":0,"D3B":60.50850030582631,"D4A":633.00999999999999,"D4C":53.329999999999998,"D4D":645.254613339,"D5AR":221148,"D5BR":422205}},{"type":"Feature","id":152210,"geometry":{"type":"Polygon","coordinates":[[[-74.168294490607636,40.538939217244746],[-74.164859489268025,40.534113215243188],[-74.16135048741026,40.52938221525217],[-74.15851248664552,40.530574215534806],[-74.162305488185439,40.533889216426509],[-74.16286248678071,40.53448221572998],[-74.166232489619631,40.539086216118676],[-74.166862489806491,40.539493216663296],[-74.168294490607636,40.538939217244746]]]},"properties":{"OBJECTID":152210,"GEOID20":"360850156024","GEOID10":"360850156024","STATEFP":"36","COUNTYFP":"085","D1C":0.81884118681097129,"D1C5_RET":0,"D2B_E5MIXA":0.71629877336104053,"D3A":29.37744845859044,"D3AAO":0,"D3B":174.71650004776424,"D4A":641.05999999999995,"D4C":12,"D4D":136.710876407,"D5AR":237393,"D5BR":421942}},{"type":"Feature","id":152211,"geometry":{"type":"Polygon","coordinates":[[[-74.164232489454221,40.54330921776188],[-74.161025487720252,40.539906217521384],[-74.156511486655205,40.542501218067763],[-74.159192487959402,40.545238218596154],[-74.160548487694271,40.544357218289555],[-74.161626488493084,40.544037217871669],[-74.163446487835131,40.543777218496942],[-74.164232489454221,40.54330921776188]]]},"properties":{"OBJECTID":152211,"GEOID20":"360850156016","GEOID10":"360850156016","STATEFP":"36","COUNTYFP":"085","D1C":7.6077046772749881,"D1C5_RET":0,"D2B_E5MIXA":0.15539814987532105,"D3A":27.335684867047064,"D3AAO":0,"D3B":120.06917225232162,"D4A":289.68000000000001,"D4C":50,"D4D":666.97684841900002,"D5AR":252139,"D5BR":764598}},{"type":"Feature","id":152212,"geometry":{"type":"Polygon","coordinates":[[[-74.161516486193293,40.534290215896817],[-74.162305488185439,40.533889216426509],[-74.15851248664552,40.530574215534806],[-74.157588485832491,40.530933215190373],[-74.156579486427276,40.531577215051485],[-74.15397648494087,40.534276216413744],[-74.157268486165336,40.536115215490327],[-74.157936486885347,40.536626216545294],[-74.158521486866348,40.537245216341375],[-74.160258487266034,40.53527521573357],[-74.160856486767528,40.534722215771872],[-74.161516486193293,40.534290215896817]]]},"properties":{"OBJECTID":152212,"GEOID20":"360850156022","GEOID10":"360850156022","STATEFP":"36","COUNTYFP":"085","D1C":1.2060560931990028,"D1C5_RET":0.12530452916353274,"D2B_E5MIXA":0.56780139768923465,"D3A":27.75044025705909,"D3AAO":0,"D3B":150.39550219410182,"D4A":388.92000000000002,"D4C":52.329999999999998,"D4D":524.57486034900001,"D5AR":233794,"D5BR":421994}},{"type":"Feature","id":152213,"geometry":{"type":"Polygon","coordinates":[[[-74.169014490307859,40.540106217240073],[-74.168730490625748,40.539534216483787],[-74.168294490607636,40.538939217244746],[-74.166862489806491,40.539493216663296],[-74.166232489619631,40.539086216118676],[-74.16286248678071,40.53448221572998],[-74.162305488185439,40.533889216426509],[-74.160856486767528,40.534722215771872],[-74.160258487266034,40.53527521573357],[-74.166090490227717,40.541663217336819],[-74.166756489501267,40.54132721675829],[-74.167795489043726,40.540463216796546],[-74.168228489587094,40.540257216754952],[-74.169014490307859,40.540106217240073]]]},"properties":{"OBJECTID":152213,"GEOID20":"360850156023","GEOID10":"360850156023","STATEFP":"36","COUNTYFP":"085","D1C":2.2032124482560871,"D1C5_RET":0.12589785418606211,"D2B_E5MIXA":0.43882235562918703,"D3A":29.522414837617319,"D3AAO":0,"D3B":174.63207422245887,"D4A":544.49000000000001,"D4C":50,"D4D":671.45522232600001,"D5AR":247654,"D5BR":443112}},{"type":"Feature","id":152214,"geometry":{"type":"Polygon","coordinates":[[[-74.16135048741026,40.52938221525217],[-74.159884486273896,40.527377213649295],[-74.159563487680174,40.527361214149877],[-74.158485485983036,40.528054215254585],[-74.157960485378155,40.528533215167933],[-74.156976486087288,40.528992215501901],[-74.156526484927198,40.528908214649405],[-74.156432485215859,40.528946214625414],[-74.155054484841372,40.530192215307032],[-74.154660485554388,40.530155215623239],[-74.154173484584348,40.530671215642762],[-74.152635484376304,40.531936215478524],[-74.151885483640555,40.532236215018187],[-74.151253484702195,40.532688215684665],[-74.151084482851161,40.532737216730787],[-74.150882484083112,40.532582215723515],[-74.15070148343483,40.53260221627005],[-74.149736482613918,40.53349421655146],[-74.149783484266209,40.53386821673373],[-74.152623483782435,40.535467216840523],[-74.15397648494087,40.534276216413744],[-74.156215485480885,40.53191021532772],[-74.156807486032903,40.531401215674322],[-74.157846486473673,40.530814215236184],[-74.16135048741026,40.52938221525217]]]},"properties":{"OBJECTID":152214,"GEOID20":"360850156031","GEOID10":"360850156031","STATEFP":"36","COUNTYFP":"085","D1C":1.6732753366890947,"D1C5_RET":0.10745804914517122,"D2B_E5MIXA":0.54795050046857374,"D3A":22.203273260052736,"D3AAO":0,"D3B":112.79888632120885,"D4A":418.43000000000001,"D4C":53.329999999999998,"D4D":515.42837867399999,"D5AR":231825,"D5BR":316412}},{"type":"Feature","id":152215,"geometry":{"type":"Polygon","coordinates":[[[-74.084963468035625,40.624633235939164],[-74.085251467915697,40.622809235512065],[-74.079971466221394,40.624491237192998],[-74.078167466772868,40.626474236882274],[-74.075648465850364,40.626672237305769],[-74.075944465228062,40.627174237415353],[-74.076381465969391,40.627146237753038],[-74.079726466897313,40.628959237335891],[-74.08057046644609,40.628081237950227],[-74.080685466972142,40.627572237286792],[-74.080832468183559,40.62741623683182],[-74.081373466885324,40.627340237509564],[-74.082336468056397,40.627481236156655],[-74.083034468015327,40.627380237199546],[-74.083396468413568,40.627128236502983],[-74.084155467573538,40.626275236357529],[-74.084963468035625,40.624633235939164]]]},"properties":{"OBJECTID":152215,"GEOID20":"360850021003","GEOID10":"360850021003","STATEFP":"36","COUNTYFP":"085","D1C":7.3937632107978395,"D1C5_RET":0.70335102469306598,"D2B_E5MIXA":0.5919926277758808,"D3A":30.445699948477849,"D3AAO":0,"D3B":256.28601708347691,"D4A":260.18000000000001,"D4C":36,"D4D":395.24896607099998,"D5AR":424060,"D5BR":266927}},{"type":"Feature","id":152234,"geometry":{"type":"Polygon","coordinates":[[[-74.100977471399233,40.591840229059116],[-74.100884470614503,40.590187228989052],[-74.092617469090868,40.585948228295258],[-74.091119468167463,40.587642229151164],[-74.09517146927513,40.589727228450876],[-74.095827469401257,40.589235229391591],[-74.100977471399233,40.591840229059116]]]},"properties":{"OBJECTID":152234,"GEOID20":"360850096022","GEOID10":"360850096022","STATEFP":"36","COUNTYFP":"085","D1C":7.5446932926943857,"D1C5_RET":1.0123869594030805,"D2B_E5MIXA":0.90963700622245824,"D3A":28.692960047673456,"D3AAO":0,"D3B":164.58905096946995,"D4A":59.009999999999998,"D4C":64.329999999999998,"D4D":992.40919007100001,"D5AR":446109,"D5BR":507177}},{"type":"Feature","id":152235,"geometry":{"type":"Polygon","coordinates":[[[-74.132066484431348,40.623103234108143],[-74.131908483349278,40.621662234516954],[-74.128077482174561,40.621973234408692],[-74.127724481098824,40.622110234489107],[-74.127335481834706,40.622024234033489],[-74.124267480017906,40.622312233871135],[-74.124698480911434,40.623689234448719],[-74.124731480523408,40.625050235255991],[-74.125134480929532,40.627110235248075],[-74.130038483778534,40.626436234991445],[-74.131311482774407,40.62633623464906],[-74.131918483395026,40.624554234148398],[-74.132066484431348,40.623103234108143]]]},"properties":{"OBJECTID":152235,"GEOID20":"360850151001","GEOID10":"360850151001","STATEFP":"36","COUNTYFP":"085","D1C":1.3805945781358759,"D1C5_RET":0.14061611443976513,"D2B_E5MIXA":0.92672094249177106,"D3A":22.869526109962546,"D3AAO":0,"D3B":136.40683497042642,"D4A":321.87,"D4C":21,"D4D":171.807325279,"D5AR":508246,"D5BR":1663183}},{"type":"Feature","id":152236,"geometry":{"type":"Polygon","coordinates":[[[-74.160435492207924,40.628004234442209],[-74.16050349287832,40.626538234204659],[-74.15313549025673,40.625605234634499],[-74.151861490537627,40.634187235609389],[-74.15503749141115,40.63409223567929],[-74.155282491633528,40.631310235650176],[-74.156452491595559,40.631376235394946],[-74.156509491496976,40.630314234928591],[-74.160381492679576,40.630194234241365],[-74.160435492207924,40.628004234442209]]]},"properties":{"OBJECTID":152236,"GEOID20":"360850231001","GEOID10":"360850231001","STATEFP":"36","COUNTYFP":"085","D1C":3.7596236478526639,"D1C5_RET":0.69481652226137836,"D2B_E5MIXA":0.5775214168016457,"D3A":22.618968899562251,"D3AAO":0,"D3B":156.40643529278378,"D4A":362.10000000000002,"D4C":59,"D4D":359.400984666,"D5AR":511448,"D5BR":1910045}},{"type":"Feature","id":152237,"geometry":{"type":"Polygon","coordinates":[[[-74.127600483046891,40.631178236646761],[-74.126665482363208,40.626898234874915],[-74.122163480993748,40.627485235504665],[-74.121258480447267,40.627831235471767],[-74.123035481029916,40.629019235066352],[-74.124892481080195,40.631736235891204],[-74.126725481739342,40.631288236402533],[-74.127600483046891,40.631178236646761]]]},"properties":{"OBJECTID":152237,"GEOID20":"360850141001","GEOID10":"360850141001","STATEFP":"36","COUNTYFP":"085","D1C":4.4423641716132432,"D1C5_RET":0,"D2B_E5MIXA":0.26187447418129473,"D3A":29.334986208570758,"D3AAO":0,"D3B":185.37416859811702,"D4A":146.18000000000001,"D4C":51.329999999999998,"D4D":815.29055557699996,"D5AR":502919,"D5BR":1695481}},{"type":"Feature","id":152238,"geometry":{"type":"Polygon","coordinates":[[[-74.249515514307703,40.514165208807896],[-74.245249512939793,40.509551208887743],[-74.24323651235558,40.510191208398865],[-74.239702510383466,40.511954207914727],[-74.241756511873859,40.514077209193658],[-74.243700511962771,40.515901209682369],[-74.248458513425277,40.514547208867562],[-74.249515514307703,40.514165208807896]]]},"properties":{"OBJECTID":152238,"GEOID20":"360850248002","GEOID10":"360850248002","STATEFP":"36","COUNTYFP":"085","D1C":1.9707238337638813,"D1C5_RET":0.16422698614699011,"D2B_E5MIXA":0.89140072293359518,"D3A":22.874138412086275,"D3AAO":0,"D3B":137.49386468508129,"D4A":394.29000000000002,"D4C":22.670000000000002,"D4D":183.287422816,"D5AR":253907,"D5BR":90049}},{"type":"Feature","id":152239,"geometry":{"type":"Polygon","coordinates":[[[-74.13169748256378,40.620369233825322],[-74.131357482805157,40.618302233050663],[-74.12624548134032,40.618651233789407],[-74.123492480066091,40.618510233548292],[-74.123392479608668,40.619175234016609],[-74.125515480696038,40.619316234217834],[-74.125684481648747,40.620671234491041],[-74.126489482636117,40.620583234347734],[-74.127161480859101,40.620735233964609],[-74.13169748256378,40.620369233825322]]]},"properties":{"OBJECTID":152239,"GEOID20":"360850151003","GEOID10":"360850151003","STATEFP":"36","COUNTYFP":"085","D1C":1.3907344579003773,"D1C5_RET":0,"D2B_E5MIXA":0.066213153054690096,"D3A":26.928683067323984,"D3AAO":0,"D3B":171.44727155314447,"D4A":403.68000000000001,"D4C":7.6699999999999999,"D4D":151.70749570999999,"D5AR":511101,"D5BR":1394044}},{"type":"Feature","id":152240,"geometry":{"type":"Polygon","coordinates":[[[-74.166276494492138,40.633658235470406],[-74.166331495642041,40.632174235388923],[-74.165245494447291,40.632157234920378],[-74.165325494813231,40.630297235350021],[-74.161775492947598,40.630222235352768],[-74.161718493944477,40.631651235674497],[-74.160389493075485,40.631603235568434],[-74.1603124930826,40.633796236207154],[-74.161629493357708,40.633879234892589],[-74.165236495124773,40.633627234860612],[-74.166276494492138,40.633658235470406]]]},"properties":{"OBJECTID":152240,"GEOID20":"360850319011","GEOID10":"360850319011","STATEFP":"36","COUNTYFP":"085","D1C":0.77721494462204732,"D1C5_RET":0,"D2B_E5MIXA":0.42431466254429612,"D3A":45.134451791081752,"D3AAO":0,"D3B":675.79560982845771,"D4A":189.09999999999999,"D4C":41,"D4D":664.75420462500006,"D5AR":500878,"D5BR":1697935}},{"type":"Feature","id":152241,"geometry":{"type":"Polygon","coordinates":[[[-74.181396495383311,40.56524622168844],[-74.180328495528556,40.559980220736861],[-74.177983493785021,40.560247220093203],[-74.177697494453056,40.558896220011079],[-74.176743493502798,40.558970219688284],[-74.1761174935139,40.555945220083856],[-74.174374493266441,40.558716219329533],[-74.173276492376132,40.560102220214446],[-74.171879491735083,40.561574220932549],[-74.17488949382556,40.562834220436692],[-74.176595493364786,40.563249220906137],[-74.17794649487341,40.563991221364368],[-74.181396495383311,40.56524622168844]]]},"properties":{"OBJECTID":152241,"GEOID20":"360850170081","GEOID10":"360850170081","STATEFP":"36","COUNTYFP":"085","D1C":0.37903386315065757,"D1C5_RET":0,"D2B_E5MIXA":0.34939847028229709,"D3A":26.826728731874443,"D3AAO":0,"D3B":131.44136306338501,"D4A":115.34,"D4C":80.670000000000002,"D4D":611.53323480699999,"D5AR":345116,"D5BR":739813}},{"type":"Feature","id":152242,"geometry":{"type":"Polygon","coordinates":[[[-74.097268473118177,40.634006237699843],[-74.097156472965196,40.6319062366818],[-74.092967470691846,40.631192236997592],[-74.092695470705294,40.632010237304961],[-74.092533471221898,40.632000238248452],[-74.091972470632015,40.633282237746265],[-74.091286471266983,40.632780237875842],[-74.090643470661348,40.632625238098427],[-74.090038470588851,40.632779238458994],[-74.090560470820662,40.633504237818912],[-74.090908470076897,40.635493238140029],[-74.092450472279552,40.63562723826896],[-74.092732472311837,40.635379237574398],[-74.09348147142606,40.63495223801344],[-74.095886472545743,40.635651237561582],[-74.096455472633238,40.635342237402824],[-74.097268473118177,40.634006237699843]]]},"properties":{"OBJECTID":152242,"GEOID20":"360850075003","GEOID10":"360850075003","STATEFP":"36","COUNTYFP":"085","D1C":8.7790232068601242,"D1C5_RET":0.019508940459689164,"D2B_E5MIXA":0.14449348968551892,"D3A":28.763864051391707,"D3AAO":0,"D3B":115.75209241998593,"D4A":175.69,"D4C":49,"D4D":607.58998699300002,"D5AR":401442,"D5BR":474293}},{"type":"Feature","id":152243,"geometry":{"type":"Polygon","coordinates":[[[-74.082919469285912,40.632926237790052],[-74.083443468269238,40.632283237488366],[-74.081408467943717,40.630309236977958],[-74.080357466909078,40.631219238250253],[-74.079366467945519,40.632233238304899],[-74.079089467936072,40.632894238107014],[-74.078188466689269,40.635625239520486],[-74.078001467091525,40.636522238688741],[-74.077934466246049,40.637533239247908],[-74.078133466437677,40.638180239504919],[-74.078789467462101,40.638277239785758],[-74.081781468212625,40.636631239143497],[-74.080456467541595,40.635505238834043],[-74.081761467222833,40.634264238804761],[-74.082919469285912,40.632926237790052]]]},"properties":{"OBJECTID":152243,"GEOID20":"360850017001","GEOID10":"360850017001","STATEFP":"36","COUNTYFP":"085","D1C":1.6146741873700732,"D1C5_RET":0.29536722939696464,"D2B_E5MIXA":0.55586059198605742,"D3A":19.457235967211371,"D3AAO":0,"D3B":88.25415285192291,"D4A":162.28,"D4C":78,"D4D":982.98213943300004,"D5AR":328972,"D5BR":272575}},{"type":"Feature","id":152244,"geometry":{"type":"Polygon","coordinates":[[[-74.08807046751555,40.58524822835826],[-74.088497467312806,40.584797228488711],[-74.076032463294979,40.578309227746402],[-74.069533461234826,40.584700228998209],[-74.064957460245523,40.589018229904042],[-74.065776460578263,40.589776230055705],[-74.065780459877899,40.59003223065897],[-74.066627459799733,40.590350230102146],[-74.068666461221525,40.588363229619944],[-74.069875461541599,40.589038230650139],[-74.071089461884554,40.590487229533451],[-74.072557462670716,40.589099230194329],[-74.073222462119347,40.588223229680068],[-74.075409463679151,40.589225230071968],[-74.077499464256235,40.59031322954533],[-74.076705463139533,40.590553230045629],[-74.078468465275122,40.593308230126929],[-74.081650465996432,40.592218230221789],[-74.082411465704539,40.593215229373357],[-74.083753466093995,40.595499230922151],[-74.084071467009636,40.595504230113058],[-74.085876466283054,40.59589823120821],[-74.087390466201668,40.592198229744582],[-74.087848467757695,40.591368229223605],[-74.084234466317938,40.589481230055831],[-74.085415466150607,40.588354229569305],[-74.086834466532963,40.586607228103539],[-74.08807046751555,40.58524822835826]]]},"properties":{"OBJECTID":152244,"GEOID20":"360850070001","GEOID10":"360850070001","STATEFP":"36","COUNTYFP":"085","D1C":14.685919297725381,"D1C5_RET":0.040950628923598131,"D2B_E5MIXA":0.1371499048187671,"D3A":15.796780981314996,"D3AAO":0,"D3B":81.727540980911783,"D4A":383.56,"D4C":84,"D4D":120.400453224,"D5AR":484133,"D5BR":539174}},{"type":"Feature","id":152245,"geometry":{"type":"Polygon","coordinates":[[[-74.098095471151893,40.586858228039276],[-74.098797471308757,40.586309228796765],[-74.09722146966925,40.585505228681463],[-74.098486470065836,40.584463227696219],[-74.096170468634611,40.583052227896083],[-74.092617469090868,40.585948228295258],[-74.097585470615641,40.588496228029335],[-74.098507469982238,40.587816228585005],[-74.097480470135352,40.587306228045804],[-74.098095471151893,40.586858228039276]]]},"properties":{"OBJECTID":152245,"GEOID20":"360850114011","GEOID10":"360850114011","STATEFP":"36","COUNTYFP":"085","D1C":5.562045845051637,"D1C5_RET":2.7557408959574019,"D2B_E5MIXA":0.72189061617697503,"D3A":31.091522934910014,"D3AAO":0,"D3B":248.12792155306721,"D4A":309.80000000000001,"D4C":64.329999999999998,"D4D":1040.8913722499999,"D5AR":421905,"D5BR":358368}},{"type":"Feature","id":152246,"geometry":{"type":"Polygon","coordinates":[[[-74.078425464719103,40.598413231299588],[-74.076264463996878,40.594831231566467],[-74.070441462154349,40.596743231454148],[-74.070959462188213,40.59735223055219],[-74.071934463054873,40.597937231729674],[-74.072008461776406,40.59814123176546],[-74.071951462773299,40.598645231953569],[-74.072344463133703,40.598739231901114],[-74.072991463038989,40.598056231769341],[-74.073280463642305,40.597866231307059],[-74.073873464019229,40.597645231411057],[-74.074906463713901,40.597622231364475],[-74.077165464345399,40.598398231650002],[-74.078425464719103,40.598413231299588]]]},"properties":{"OBJECTID":152246,"GEOID20":"360850064002","GEOID10":"360850064002","STATEFP":"36","COUNTYFP":"085","D1C":2.3372557351560608,"D1C5_RET":0,"D2B_E5MIXA":0.49172938657186577,"D3A":26.582590571561173,"D3AAO":0,"D3B":152.54085806932881,"D4A":134.11000000000001,"D4C":55.670000000000002,"D4D":979.68961337300004,"D5AR":534719,"D5BR":765952}},{"type":"Feature","id":152247,"geometry":{"type":"Polygon","coordinates":[[[-74.086081469017415,40.618523235560858],[-74.08626846861516,40.617840235077132],[-74.083575466717079,40.617016235126435],[-74.082745468310321,40.616589235431647],[-74.080002466183515,40.618561235135147],[-74.076956465006333,40.620169235279107],[-74.077856465529933,40.62120523591198],[-74.078261465585882,40.621998236823266],[-74.08189346746731,40.620836235470108],[-74.081577467099791,40.6203022345086],[-74.081483466490155,40.619789236118883],[-74.081498467457095,40.619579235601755],[-74.081980467505929,40.618786235293712],[-74.086008468324167,40.619102235091489],[-74.086081469017415,40.618523235560858]]]},"properties":{"OBJECTID":152247,"GEOID20":"360850029003","GEOID10":"360850029003","STATEFP":"36","COUNTYFP":"085","D1C":5.0294539801674905,"D1C5_RET":0.17882503040595521,"D2B_E5MIXA":0.44057208439911966,"D3A":32.153733509892675,"D3AAO":0,"D3B":233.76007974666464,"D4A":270.91000000000003,"D4C":24,"D4D":343.34405837899999,"D5AR":463943,"D5BR":306759}},{"type":"Feature","id":152248,"geometry":{"type":"Polygon","coordinates":[[[-74.136116484990893,40.633968236686549],[-74.136542484963243,40.633351235811958],[-74.131619482745975,40.630591235754032],[-74.131075482772843,40.631156235992108],[-74.130612483888882,40.630911235432173],[-74.130462484101059,40.630905236036043],[-74.13061048334076,40.631328235773005],[-74.130471483423577,40.631684236068232],[-74.13158348365927,40.632002236423702],[-74.130942483601771,40.633147236908172],[-74.135215485540698,40.635353236700567],[-74.136116484990893,40.633968236686549]]]},"properties":{"OBJECTID":152248,"GEOID20":"360850213001","GEOID10":"360850213001","STATEFP":"36","COUNTYFP":"085","D1C":15.626007319400411,"D1C5_RET":1.1799230016690105,"D2B_E5MIXA":0.40269870544246461,"D3A":28.239324119501873,"D3AAO":0,"D3B":183.746538966938,"D4A":253.47,"D4C":42.329999999999998,"D4D":863.93324385999995,"D5AR":449249,"D5BR":1697569}},{"type":"Feature","id":152249,"geometry":{"type":"Polygon","coordinates":[[[-74.145566488691969,40.635467236628884],[-74.14563248791589,40.635254236820195],[-74.139682486750061,40.637957236553859],[-74.140035486927474,40.636963236893038],[-74.138209486839344,40.636841236490994],[-74.134283485230043,40.636743236811256],[-74.13115848351184,40.640933238218921],[-74.130820484301353,40.641208237989005],[-74.131283484981935,40.641689237936561],[-74.132443483999907,40.641842238557992],[-74.132715483986473,40.641561236826512],[-74.134415484576209,40.642099238050683],[-74.137680486036516,40.641573237793061],[-74.137641486576783,40.640973237946056],[-74.138875487011205,40.640750237508641],[-74.141227487529136,40.640458237496802],[-74.14119248736904,40.640118236769929],[-74.141490486396535,40.640076237915224],[-74.141515487409222,40.640410236905723],[-74.142329487719081,40.640316236954732],[-74.142313487825561,40.639665237649766],[-74.142574487941474,40.639534236756354],[-74.142923487920925,40.639603237904169],[-74.143087487952442,40.639792236948765],[-74.143601487788345,40.638522237175977],[-74.144784488169165,40.637961236637814],[-74.145566488691969,40.635467236628884]]]},"properties":{"OBJECTID":152249,"GEOID20":"360850207001","GEOID10":"360850207001","STATEFP":"36","COUNTYFP":"085","D1C":4.4875453019653593,"D1C5_RET":0.30308040165779115,"D2B_E5MIXA":0.5790816601293286,"D3A":22.582256380976837,"D3AAO":0,"D3B":164.58559397764031,"D4A":429.16000000000003,"D4C":51,"D4D":279.69295567799998,"D5AR":430017,"D5BR":1692384}},{"type":"Feature","id":152251,"geometry":{"type":"Polygon","coordinates":[[[-74.112106473977065,40.576865225559331],[-74.112823474202557,40.576330225054932],[-74.106992471964091,40.573228225547631],[-74.103691472315404,40.576513226222836],[-74.104960471113316,40.577108226623878],[-74.107111472688089,40.578544226517096],[-74.109650472803764,40.576420226676184],[-74.111441474528419,40.577377226374345],[-74.112106473977065,40.576865225559331]]]},"properties":{"OBJECTID":152251,"GEOID20":"360850122001","GEOID10":"360850122001","STATEFP":"36","COUNTYFP":"085","D1C":4.9752870098523729,"D1C5_RET":0.8644321059589064,"D2B_E5MIXA":0.65869731711357093,"D3A":29.963308091231564,"D3AAO":0,"D3B":53.282826627212806,"D4A":339.30000000000001,"D4C":86,"D4D":1057.2965136,"D5AR":360407,"D5BR":337507}},{"type":"Feature","id":152252,"geometry":{"type":"Polygon","coordinates":[[[-74.114154477416321,40.633001236795401],[-74.11336047809624,40.629290236268282],[-74.109300477490962,40.630048236534634],[-74.110222477755869,40.634743238201914],[-74.111178477457642,40.634747237115],[-74.110905476747845,40.633382237231622],[-74.114154477416321,40.633001236795401]]]},"properties":{"OBJECTID":152252,"GEOID20":"360850105003","GEOID10":"360850105003","STATEFP":"36","COUNTYFP":"085","D1C":7.7816283504832526,"D1C5_RET":0.20960615085476775,"D2B_E5MIXA":0.55108472103580797,"D3A":27.77774157833208,"D3AAO":0,"D3B":117.4129814628067,"D4A":245.41999999999999,"D4C":41.670000000000002,"D4D":698.74306448899995,"D5AR":456135,"D5BR":1143340}},{"type":"Feature","id":152253,"geometry":{"type":"Polygon","coordinates":[[[-74.087092470767402,40.640342239303934],[-74.087207470395128,40.639904238856751],[-74.082283468352955,40.64060923961398],[-74.083119469302446,40.641494239683595],[-74.083342468885206,40.642377240379481],[-74.084145469324426,40.64343923982684],[-74.086525471228057,40.642572240142684],[-74.087092470767402,40.640342239303934]]]},"properties":{"OBJECTID":152253,"GEOID20":"360850009002","GEOID10":"360850009002","STATEFP":"36","COUNTYFP":"085","D1C":3.3789928432097263,"D1C5_RET":0,"D2B_E5MIXA":0.22341571348829573,"D3A":25.29872067482512,"D3AAO":0,"D3B":88.871593862447156,"D4A":264.19999999999999,"D4C":24,"D4D":639.74752630399996,"D5AR":352016,"D5BR":478007}},{"type":"Feature","id":152269,"geometry":{"type":"Polygon","coordinates":[[[-74.087834469310621,40.61532623463691],[-74.087778469234109,40.614951234305245],[-74.087430469079578,40.614427234360676],[-74.087211468796454,40.613315234034154],[-74.082745468310321,40.616589235431647],[-74.083575466717079,40.617016235126435],[-74.08626846861516,40.617840235077132],[-74.08657246749047,40.617178235272249],[-74.087834469310621,40.61532623463691]]]},"properties":{"OBJECTID":152269,"GEOID20":"360850029004","GEOID10":"360850029004","STATEFP":"36","COUNTYFP":"085","D1C":3.2326987127874691,"D1C5_RET":0.19711577516996764,"D2B_E5MIXA":0.42123301997133233,"D3A":34.761626609518444,"D3AAO":0,"D3B":235.58015907353442,"D4A":0,"D4C":12.33,"D4D":311.09600100400002,"D5AR":438878,"D5BR":764954}},{"type":"Feature","id":152281,"geometry":{"type":"Polygon","coordinates":[[[-74.105689471932678,40.581636226757716],[-74.106400473208694,40.581167227106562],[-74.101671471160188,40.578631226526163],[-74.098441469859992,40.581250227729456],[-74.102498471888865,40.584024227700482],[-74.105689471932678,40.581636226757716]]]},"properties":{"OBJECTID":152281,"GEOID20":"360850114021","GEOID10":"360850114021","STATEFP":"36","COUNTYFP":"085","D1C":3.5893793499509381,"D1C5_RET":0.080660210111257027,"D2B_E5MIXA":0.8060936977033798,"D3A":30.374237023228613,"D3AAO":0,"D3B":197.90789152898026,"D4A":332.60000000000002,"D4C":83.670000000000002,"D4D":1079.8143648,"D5AR":383711,"D5BR":343282}},{"type":"Feature","id":152282,"geometry":{"type":"Polygon","coordinates":[[[-74.116317475093382,40.573959225376257],[-74.109763472781665,40.570476225010246],[-74.106992471964091,40.573228225547631],[-74.112823474202557,40.576330225054932],[-74.115521475225194,40.574423225666962],[-74.116317475093382,40.573959225376257]]]},"properties":{"OBJECTID":152282,"GEOID20":"360850122002","GEOID10":"360850122002","STATEFP":"36","COUNTYFP":"085","D1C":7.8523868039553024,"D1C5_RET":0.96084057938693568,"D2B_E5MIXA":0.73619338887887287,"D3A":30.932135341770856,"D3AAO":0,"D3B":91.912021878127931,"D4A":297.73000000000002,"D4C":81,"D4D":858.79268336899997,"D5AR":351861,"D5BR":772151}},{"type":"Feature","id":152283,"geometry":{"type":"Polygon","coordinates":[[[-74.116191479188274,40.62894923577722],[-74.115886478691422,40.62809723587894],[-74.113310476969218,40.62305023550045],[-74.111535476036394,40.621611234615763],[-74.110016476094927,40.620696233983736],[-74.110490476646149,40.623282235861751],[-74.111228476788042,40.629693236525014],[-74.11336047809624,40.629290236268282],[-74.116191479188274,40.62894923577722]]]},"properties":{"OBJECTID":152283,"GEOID20":"360850121002","GEOID10":"360850121002","STATEFP":"36","COUNTYFP":"085","D1C":5.5566364264481587,"D1C5_RET":0.47670875508402433,"D2B_E5MIXA":0.60179088368031786,"D3A":28.361149580988965,"D3AAO":0,"D3B":133.51403369326101,"D4A":303.08999999999997,"D4C":23.329999999999998,"D4D":222.39628773800001,"D5AR":473479,"D5BR":1406964}},{"type":"Feature","id":152284,"geometry":{"type":"Polygon","coordinates":[[[-74.111228476788042,40.629693236525014],[-74.110744476191059,40.625534234968839],[-74.104845475078832,40.626215235480004],[-74.105775475739662,40.629938236781442],[-74.105851475009345,40.630381236474079],[-74.105769474993579,40.630577237322441],[-74.106052475749095,40.630607236490171],[-74.106906476241932,40.630474237327448],[-74.111228476788042,40.629693236525014]]]},"properties":{"OBJECTID":152284,"GEOID20":"360850121003","GEOID10":"360850121003","STATEFP":"36","COUNTYFP":"085","D1C":5.6962171740526246,"D1C5_RET":0.41807098525156877,"D2B_E5MIXA":0.66791537579847826,"D3A":32.295353998398447,"D3AAO":0,"D3B":204.43113750821374,"D4A":394.29000000000002,"D4C":21.329999999999998,"D4D":237.79877641100001,"D5AR":452932,"D5BR":469437}},{"type":"Feature","id":152285,"geometry":{"type":"Polygon","coordinates":[[[-74.12373748118678,40.620979234079797],[-74.123392479608668,40.619175234016609],[-74.123392480506979,40.618780234126511],[-74.123622481559053,40.61806723352872],[-74.123577480454912,40.616688233662032],[-74.117658477454569,40.617198233730882],[-74.116988477983071,40.614933233178029],[-74.116843478218115,40.613533233469099],[-74.113376476193125,40.613813232757245],[-74.111455476568764,40.614115233737884],[-74.108851475257453,40.614663234099979],[-74.106188475293223,40.615262233390901],[-74.103512474011879,40.616422234185805],[-74.105188475210511,40.618290234720007],[-74.106104475627632,40.618977234551778],[-74.110016476094927,40.620696233983736],[-74.110945476032498,40.621203234686284],[-74.113310476969218,40.62305023550045],[-74.117128478623471,40.624541234673252],[-74.118407479263752,40.623769234768886],[-74.118573478945095,40.622552234037343],[-74.119670479112187,40.621753234711882],[-74.12373748118678,40.620979234079797]]]},"properties":{"OBJECTID":152285,"GEOID20":"360850147002","GEOID10":"360850147002","STATEFP":"36","COUNTYFP":"085","D1C":3.7121109321583909,"D1C5_RET":0.02491349618898249,"D2B_E5MIXA":0.51728695080966458,"D3A":23.792008012690335,"D3AAO":0,"D3B":219.06936753024479,"D4A":540.47000000000003,"D4C":61,"D4D":138.18838525499999,"D5AR":492100,"D5BR":1394604}},{"type":"Feature","id":152286,"geometry":{"type":"Polygon","coordinates":[[[-74.127324481065742,40.608669231787182],[-74.126611480139914,40.604249231015466],[-74.123723480044774,40.604403231329442],[-74.123685478613311,40.603997231038349],[-74.123393479433574,40.603453229926963],[-74.123390479060532,40.602966230923158],[-74.12158547888879,40.602997230759662],[-74.120687478015014,40.603092230586938],[-74.121171478611998,40.608842231966712],[-74.121385478872241,40.609907232143641],[-74.123179480071641,40.609427232157387],[-74.125846481132143,40.608870232481863],[-74.127324481065742,40.608669231787182]]]},"properties":{"OBJECTID":152286,"GEOID20":"360850187022","GEOID10":"360850187022","STATEFP":"36","COUNTYFP":"085","D1C":14.487219468200507,"D1C5_RET":0.78974118638090351,"D2B_E5MIXA":0.25841732714892546,"D3A":28.598657836076853,"D3AAO":5.1131204284589975,"D3B":132.58951831572162,"D4A":232.00999999999999,"D4C":63.670000000000002,"D4D":527.55746976399996,"D5AR":531142,"D5BR":1421974}},{"type":"Feature","id":152287,"geometry":{"type":"Polygon","coordinates":[[[-74.139289485491361,40.630752235572849],[-74.13950748684789,40.630579235540267],[-74.135862484547673,40.628069235240069],[-74.134088484338065,40.629550235436703],[-74.133438484059738,40.629083235404117],[-74.131619482745975,40.630591235754032],[-74.136542484963243,40.633351235811958],[-74.139289485491361,40.630752235572849]]]},"properties":{"OBJECTID":152287,"GEOID20":"360850213003","GEOID10":"360850213003","STATEFP":"36","COUNTYFP":"085","D1C":0.85199270256197679,"D1C5_RET":0.16624247854867838,"D2B_E5MIXA":0.70976972577165509,"D3A":22.521948871729265,"D3AAO":0,"D3B":119.747782148184,"D4A":379.54000000000002,"D4C":56.670000000000002,"D4D":753.67690074799998,"D5AR":475507,"D5BR":1697142}},{"type":"Feature","id":152288,"geometry":{"type":"Polygon","coordinates":[[[-74.151554488594329,40.617521232419946],[-74.147947487725588,40.617126232296556],[-74.145125487752694,40.616974233332414],[-74.142338486143274,40.616616232359974],[-74.141880486383897,40.620099234214564],[-74.144613487566616,40.620433233588223],[-74.144586487802442,40.620674233285158],[-74.146817487946535,40.620722233746243],[-74.147933488380204,40.621344233334383],[-74.150619488808957,40.618600232953099],[-74.151554488594329,40.617521232419946]]]},"properties":{"OBJECTID":152288,"GEOID20":"360850251002","GEOID10":"360850251002","STATEFP":"36","COUNTYFP":"085","D1C":0.11831960345752836,"D1C5_RET":0,"D2B_E5MIXA":0.45706760980064537,"D3A":29.569203835787974,"D3AAO":0,"D3B":246.1804997378718,"D4A":181.05000000000001,"D4C":33.670000000000002,"D4D":318.705683873,"D5AR":528980,"D5BR":1698436}},{"type":"Feature","id":152289,"geometry":{"type":"Polygon","coordinates":[[[-74.086539469675145,40.646498240455792],[-74.086022471262822,40.645934240448838],[-74.084145469324426,40.64343923982684],[-74.082074469013904,40.6442162396283],[-74.082373468764644,40.644653241169827],[-74.080283468187545,40.644801239494484],[-74.081161468969825,40.645876240683037],[-74.081435468606202,40.646032240949296],[-74.084896468986784,40.646877241109884],[-74.085757469152313,40.646840241176783],[-74.086539469675145,40.646498240455792]]]},"properties":{"OBJECTID":152289,"GEOID20":"360850007002","GEOID10":"360850007002","STATEFP":"36","COUNTYFP":"085","D1C":14.335670304219118,"D1C5_RET":0.11377516114459618,"D2B_E5MIXA":0.11038280290581864,"D3A":18.824804880339375,"D3AAO":0,"D3B":137.59816288612603,"D4A":60.350000000000001,"D4C":21.670000000000002,"D4D":525.97498496100002,"D5AR":347007,"D5BR":493044}},{"type":"Feature","id":152290,"geometry":{"type":"Polygon","coordinates":[[[-74.079207467038543,40.64343923982684],[-74.078035467426702,40.641934239163788],[-74.077900466809169,40.641593239853606],[-74.07639446638818,40.642283239790252],[-74.076148467239207,40.64193623976827],[-74.074669466582378,40.642175240342127],[-74.0730044652544,40.642547240659312],[-74.072624466211124,40.642715239925117],[-74.072471464253624,40.64268924054516],[-74.071481465114971,40.642896240807211],[-74.071515464551851,40.643555240135647],[-74.072477464999722,40.644526240213487],[-74.073709465784333,40.645138241165334],[-74.074276466221988,40.64491524032902],[-74.074682466102857,40.644586240314396],[-74.075123467042133,40.644388239844993],[-74.07681846760903,40.644459240593768],[-74.079207467038543,40.64343923982684]]]},"properties":{"OBJECTID":152290,"GEOID20":"360850003001","GEOID10":"360850003001","STATEFP":"36","COUNTYFP":"085","D1C":19.686845930447706,"D1C5_RET":0.82891982865042968,"D2B_E5MIXA":0.71365202259286442,"D3A":30.266767685102089,"D3AAO":0,"D3B":216.71675591347443,"D4A":295.05000000000001,"D4C":107,"D4D":1879.45314336,"D5AR":347856,"D5BR":599738}},{"type":"Feature","id":152291,"geometry":{"type":"Polygon","coordinates":[[[-74.075648465850364,40.626672237305769],[-74.074401464098827,40.624471236826786],[-74.072536464550936,40.622472235668717],[-74.069740462720702,40.618998235504343],[-74.066135461501773,40.614097235113164],[-74.062881460810445,40.615752235913199],[-74.063615462550999,40.616433235236151],[-74.063797461227566,40.616773235875897],[-74.064334461527977,40.617007234841637],[-74.063727460907373,40.617506235694734],[-74.063838461235449,40.617581235652409],[-74.064118461617923,40.617354235549477],[-74.064223461199916,40.61742723570277],[-74.064495461186482,40.617230235479902],[-74.064382461208567,40.617136235625743],[-74.06447146179535,40.617070235446],[-74.065099461434059,40.617516235557574],[-74.064256460811862,40.618186235914365],[-74.064359460744029,40.618266236006583],[-74.064963460991621,40.617783236456241],[-74.065404461930896,40.618092236041548],[-74.065643462305516,40.617914235702436],[-74.066051461836182,40.618205235118133],[-74.066445462021477,40.617891235811754],[-74.066642461664969,40.618060235387325],[-74.065451460888255,40.619217235108707],[-74.065545462396202,40.619278235754891],[-74.066206462545196,40.618735235924234],[-74.070078463727825,40.621481236750398],[-74.070767463465899,40.622602236378242],[-74.071188463415382,40.622921236590891],[-74.072238463726791,40.624617236498842],[-74.072412463804056,40.625133237312561],[-74.072431464968957,40.625606237567737],[-74.072717465199233,40.62688623740646],[-74.073279464715696,40.626895236360234],[-74.073265465370326,40.626769236579356],[-74.073467464138375,40.626750237084202],[-74.073506464496432,40.626884237714528],[-74.075648465850364,40.626672237305769]]]},"properties":{"OBJECTID":152291,"GEOID20":"360850006001","GEOID10":"360850006001","STATEFP":"36","COUNTYFP":"085","D1C":7.2640024653584128,"D1C5_RET":1.6962287396826241,"D2B_E5MIXA":0.8303871044088994,"D3A":25.250140617179532,"D3AAO":0,"D3B":202.0058482576022,"D4A":248.11000000000001,"D4C":34.329999999999998,"D4D":277.28351742000001,"D5AR":541601,"D5BR":333428}},{"type":"Feature","id":152292,"geometry":{"type":"Polygon","coordinates":[[[-74.089600471819253,40.647579240835128],[-74.089555470715084,40.647229240073692],[-74.089202471435996,40.64704024027612],[-74.086521471030096,40.643905240397807],[-74.086525471228057,40.642572240142684],[-74.084145469324426,40.64343923982684],[-74.086022471262822,40.645934240448838],[-74.087425470853333,40.647581241270409],[-74.087649471159324,40.6479732409137],[-74.087685470246029,40.648289240285273],[-74.088438471354834,40.648237241086846],[-74.089600471819253,40.647579240835128]]]},"properties":{"OBJECTID":152292,"GEOID20":"360850007001","GEOID10":"360850007001","STATEFP":"36","COUNTYFP":"085","D1C":2.0064899918787318,"D1C5_RET":0.40129799837574631,"D2B_E5MIXA":0.69522540816261935,"D3A":29.846197201109231,"D3AAO":0,"D3B":182.36458942545315,"D4A":301.75,"D4C":21,"D4D":522.03603843200005,"D5AR":338684,"D5BR":581719}},{"type":"Feature","id":152293,"geometry":{"type":"Polygon","coordinates":[[[-74.074548465310244,40.616951235163725],[-74.073956463859915,40.616064235028702],[-74.07067846287913,40.611784234422025],[-74.066135461501773,40.614097235113164],[-74.069740462720702,40.618998235504343],[-74.070955462888577,40.620439235288792],[-74.071310463614125,40.619647235938892],[-74.074548465310244,40.616951235163725]]]},"properties":{"OBJECTID":152293,"GEOID20":"360850008001","GEOID10":"360850008001","STATEFP":"36","COUNTYFP":"085","D1C":8.5713570391202474,"D1C5_RET":1.5288796965846509,"D2B_E5MIXA":0.78479367447838411,"D3A":28.55235564586711,"D3AAO":0,"D3B":202.94662091457661,"D4A":253.47,"D4C":30.670000000000002,"D4D":236.29979360900001,"D5AR":543709,"D5BR":259402}},{"type":"Feature","id":152294,"geometry":{"type":"Polygon","coordinates":[[[-74.065164459934763,40.604209233161114],[-74.063904460459355,40.602511233077486],[-74.063770460565067,40.60213523324898],[-74.061813459159055,40.601158232597186],[-74.060936459998302,40.599869232376143],[-74.063760460519319,40.598943232900019],[-74.061878459456381,40.596603231324117],[-74.059695458992863,40.594090231346698],[-74.053000456215813,40.599988232387112],[-74.053487457185852,40.600452232188935],[-74.053141457579443,40.601255232769134],[-74.053104457769507,40.602034232800456],[-74.053262456156631,40.602265232609],[-74.05341745776397,40.602882232834148],[-74.053372457558126,40.603172233064946],[-74.053583457445313,40.603809232839943],[-74.053658456890076,40.604449233568793],[-74.053865457477627,40.604839233075275],[-74.054035458255257,40.604948233408294],[-74.053640457346731,40.605246234218669],[-74.053840457363265,40.605928234043773],[-74.055136456823675,40.606299234612095],[-74.055203457669137,40.606415233971909],[-74.055015458246473,40.606664233593371],[-74.055149458140775,40.606731233628956],[-74.055349458157309,40.606524233780696],[-74.05574545799243,40.606530234002769],[-74.056475458636712,40.607273233696759],[-74.056798458676909,40.607790233921989],[-74.056731459628068,40.607885233756647],[-74.056809459445887,40.608073234129634],[-74.057788457815548,40.607457233880467],[-74.06038045853299,40.606285233135345],[-74.060431459484917,40.606362233719068],[-74.065164459934763,40.604209233161114]]]},"properties":{"OBJECTID":152294,"GEOID20":"360850018001","GEOID10":"360850018001","STATEFP":"36","COUNTYFP":"085","D1C":0.53799451783586327,"D1C5_RET":0,"D2B_E5MIXA":0.34939847028229709,"D3A":21.190330114542633,"D3AAO":8.0522334808729532,"D3B":43.682701803581033,"D4A":199.83000000000001,"D4C":87.329999999999998,"D4D":248.66764542799999,"D5AR":573714,"D5BR":879967}},{"type":"Feature","id":152295,"geometry":{"type":"Polygon","coordinates":[[[-74.07067846287913,40.611784234422025],[-74.071191463788423,40.611525234706583],[-74.069240462230184,40.609258233931634],[-74.068465462278382,40.608477233968912],[-74.063666460807994,40.610753234407035],[-74.066135461501773,40.614097235113164],[-74.07067846287913,40.611784234422025]]]},"properties":{"OBJECTID":152295,"GEOID20":"360850008002","GEOID10":"360850008002","STATEFP":"36","COUNTYFP":"085","D1C":2.5251156353396444,"D1C5_RET":0.058271899277068724,"D2B_E5MIXA":0.62652092085993993,"D3A":28.403548969626563,"D3AAO":0,"D3B":211.40734274257721,"D4A":336.62,"D4C":16.670000000000002,"D4D":207.23041300200001,"D5AR":561542,"D5BR":1042118}},{"type":"Feature","id":152296,"geometry":{"type":"Polygon","coordinates":[[[-74.068465462278382,40.608477233968912],[-74.067932462175918,40.607955233979055],[-74.065930461462358,40.605597233919802],[-74.065725460524632,40.605056232367865],[-74.065164459934763,40.604209233161114],[-74.060431459484917,40.606362233719068],[-74.063666460807994,40.610753234407035],[-74.068465462278382,40.608477233968912]]]},"properties":{"OBJECTID":152296,"GEOID20":"360850008003","GEOID10":"360850008003","STATEFP":"36","COUNTYFP":"085","D1C":1.3484206266475518,"D1C5_RET":0.079318860391032461,"D2B_E5MIXA":0.6819431602113446,"D3A":26.209666760491903,"D3AAO":0,"D3B":142.08407664139179,"D4A":300.41000000000003,"D4C":77.329999999999998,"D4D":784.41933652299997,"D5AR":581046,"D5BR":977325}},{"type":"Feature","id":152297,"geometry":{"type":"Polygon","coordinates":[[[-74.084145469324426,40.64343923982684],[-74.083342468885206,40.642377240379481],[-74.083119469302446,40.641494239683595],[-74.082048468176311,40.640347239230231],[-74.081928468525717,40.639879240419091],[-74.081102468520285,40.639930240003103],[-74.081474468065977,40.641520239529022],[-74.078199467458248,40.64212323978817],[-74.080283468187545,40.644801239494484],[-74.082373468764644,40.644653241169827],[-74.082074469013904,40.6442162396283],[-74.084145469324426,40.64343923982684]]]},"properties":{"OBJECTID":152297,"GEOID20":"360850009001","GEOID10":"360850009001","STATEFP":"36","COUNTYFP":"085","D1C":3.5237594284590341,"D1C5_RET":0,"D2B_E5MIXA":0.30454256966165244,"D3A":29.379993599056672,"D3AAO":0,"D3B":237.2361726330079,"D4A":363.44,"D4C":79.329999999999998,"D4D":1525.2407468199999,"D5AR":355069,"D5BR":566706}},{"type":"Feature","id":152298,"geometry":{"type":"Polygon","coordinates":[[[-74.08728047019008,40.637820238987281],[-74.086548469895959,40.637164238354273],[-74.085880470074287,40.636700239201808],[-74.083735468347285,40.63574523862782],[-74.081781468212625,40.636631239143497],[-74.08055346762599,40.637328238776014],[-74.08094546816146,40.637286239529381],[-74.081114468215858,40.637962238703793],[-74.080633467991916,40.638030238729911],[-74.081102468520285,40.639930240003103],[-74.081928468525717,40.639879240419091],[-74.081737467831687,40.638565239065315],[-74.08728047019008,40.637820238987281]]]},"properties":{"OBJECTID":152298,"GEOID20":"360850011002","GEOID10":"360850011002","STATEFP":"36","COUNTYFP":"085","D1C":3.0726094918035285,"D1C5_RET":0.17658675240250163,"D2B_E5MIXA":0.40432114051721718,"D3A":35.770784620245436,"D3AAO":0,"D3B":331.61014329562897,"D4A":282.98000000000002,"D4C":70,"D4D":1582.21730153,"D5AR":364228,"D5BR":272559}},{"type":"Feature","id":152299,"geometry":{"type":"Polygon","coordinates":[[[-74.085750469479621,40.633963238327674],[-74.08491446853013,40.633648238024151],[-74.083443468269238,40.632283237488366],[-74.082314468315104,40.633670237857721],[-74.080456467541595,40.635505238834043],[-74.081781468212625,40.636631239143497],[-74.084438469227379,40.63541323822993],[-74.085750469479621,40.633963238327674]]]},"properties":{"OBJECTID":152299,"GEOID20":"360850017002","GEOID10":"360850017002","STATEFP":"36","COUNTYFP":"085","D1C":1.5707217909250646,"D1C5_RET":0.080549835432054601,"D2B_E5MIXA":0.43342888691548537,"D3A":27.877107814004688,"D3AAO":0,"D3B":197.70151608443479,"D4A":171.66,"D4C":34.670000000000002,"D4D":893.65209421700001,"D5AR":372493,"D5BR":477341}},{"type":"Feature","id":152300,"geometry":{"type":"Polygon","coordinates":[[[-74.197309499362916,40.543270216984126],[-74.196093498471839,40.540505216137397],[-74.188262496067964,40.542680216521305],[-74.189886497388045,40.546047216705425],[-74.191528497353175,40.546916217772413],[-74.195141498968013,40.544691216536279],[-74.195863498318047,40.544326215847832],[-74.197309499362916,40.543270216984126]]]},"properties":{"OBJECTID":152300,"GEOID20":"360850170091","GEOID10":"360850170091","STATEFP":"36","COUNTYFP":"085","D1C":0.80050981399245047,"D1C5_RET":0,"D2B_E5MIXA":0.59682176883729421,"D3A":25.603493070685655,"D3AAO":0,"D3B":111.98948574190516,"D4A":486.82999999999998,"D4C":15,"D4D":125.981872366,"D5AR":322260,"D5BR":158361}},{"type":"Feature","id":152320,"geometry":{"type":"Polygon","coordinates":[[[-74.110016476094927,40.620696233983736],[-74.106104475627632,40.618977234551778],[-74.105188475210511,40.618290234720007],[-74.103512474011879,40.616422234185805],[-74.102550473564023,40.616861234219314],[-74.099686472860029,40.619661234615947],[-74.092240471318945,40.625751235918557],[-74.091582470644681,40.62655423659379],[-74.088905470436757,40.630300237802459],[-74.089673469817555,40.630540237216742],[-74.092967470691846,40.631192236997592],[-74.097156472965196,40.6319062366818],[-74.09799147319147,40.631772237265736],[-74.098881472770998,40.631454237860133],[-74.099522472828497,40.631366236925246],[-74.099023473061209,40.628692236111796],[-74.100845473849716,40.628452236873478],[-74.100455472964043,40.626336235330868],[-74.102310473364511,40.626127236504423],[-74.10272847473756,40.626019236146668],[-74.102615473861349,40.625303235822308],[-74.104589475884111,40.625106235644495],[-74.104257474724776,40.623690235365281],[-74.104454473469957,40.622921235227253],[-74.106823474604624,40.621802235342415],[-74.110016476094927,40.620696233983736]]]},"properties":{"OBJECTID":152320,"GEOID20":"360850059001","GEOID10":"360850059001","STATEFP":"36","COUNTYFP":"085","D1C":1.1822004203904695,"D1C5_RET":0.15420005483353949,"D2B_E5MIXA":0.93580068022900542,"D3A":21.854530020797775,"D3AAO":0,"D3B":219.14401582704221,"D4A":1012.55,"D4C":57.329999999999998,"D4D":124.34087575700001,"D5AR":434669,"D5BR":469011}},{"type":"Feature","id":152321,"geometry":{"type":"Polygon","coordinates":[[[-74.107067475002097,40.615058233783465],[-74.107950474908947,40.614864233812952],[-74.105877474050274,40.611698232947958],[-74.105598474391016,40.61119023265622],[-74.105350473795596,40.610223232338235],[-74.09765947203212,40.610511233950461],[-74.09987847248064,40.612927233636889],[-74.102095472381038,40.614608232828047],[-74.103512474011879,40.616422234185805],[-74.106188475293223,40.615262233390901],[-74.107067475002097,40.615058233783465]]]},"properties":{"OBJECTID":152321,"GEOID20":"360850169012","GEOID10":"360850169012","STATEFP":"36","COUNTYFP":"085","D1C":1.9996205719964637,"D1C5_RET":0.34993360009938113,"D2B_E5MIXA":0.7870787300537283,"D3A":34.943359639054144,"D3AAO":7.1641821136371782,"D3B":157.33014522830413,"D4A":313.81999999999999,"D4C":35,"D4D":279.94687763000002,"D5AR":533503,"D5BR":940843}},{"type":"Feature","id":152322,"geometry":{"type":"Polygon","coordinates":[[[-74.193772497017747,40.535842214386207],[-74.191745496189839,40.53192521418169],[-74.189466496365171,40.533100214572464],[-74.187440495362168,40.533713214929001],[-74.18083149369717,40.535933215332982],[-74.179655492989056,40.536970216777327],[-74.177667492519205,40.53891821640407],[-74.177349492501889,40.539354215636564],[-74.177224492828415,40.540031217074173],[-74.177375492441158,40.54084221685202],[-74.177436492540522,40.542306217060961],[-74.176910493009061,40.543708217377606],[-74.176499493105325,40.5444952177548],[-74.18128649398183,40.546966217986437],[-74.187382496534156,40.539901216223704],[-74.188285496532501,40.538878216344891],[-74.189056496286327,40.538148215166004],[-74.190306496614312,40.537255215236733],[-74.19137049716943,40.536699215402564],[-74.192517498463531,40.536230215559897],[-74.193772497017747,40.535842214386207]]]},"properties":{"OBJECTID":152322,"GEOID20":"360850170051","GEOID10":"360850170051","STATEFP":"36","COUNTYFP":"085","D1C":1.7179459707260845,"D1C5_RET":0.015102821720668874,"D2B_E5MIXA":0.60491413499522029,"D3A":30.902598961677363,"D3AAO":6.6538413668674909,"D3B":116.82817947666848,"D4A":484.13999999999999,"D4C":14.67,"D4D":35.449343142799997,"D5AR":297797,"D5BR":389888}},{"type":"Feature","id":152323,"geometry":{"type":"Polygon","coordinates":[[[-74.197696499875534,40.558895218806676],[-74.190146497679038,40.551609217742481],[-74.189391496920408,40.551101218908457],[-74.187574496154795,40.550155217850097],[-74.184890496274164,40.553558219526536],[-74.180660494891256,40.557729219809275],[-74.180250494812427,40.558286219647734],[-74.180134494461484,40.558728219481054],[-74.180410494645997,40.56054622065421],[-74.180931495951228,40.560501220102786],[-74.181544494623026,40.560621220368546],[-74.183192496232536,40.560465220595283],[-74.184097496779003,40.560307220821876],[-74.185840496128151,40.560182220209889],[-74.18623149683873,40.560031220573457],[-74.186583497191236,40.559997219776754],[-74.186864497398616,40.561325220597823],[-74.187033497453029,40.562729220872086],[-74.187139497758238,40.562923221323096],[-74.187270497279485,40.564050221022001],[-74.189469497636537,40.56359322020991],[-74.189974499048233,40.5633252207775],[-74.190667498984268,40.562760220253693],[-74.191136499512623,40.562574221018721],[-74.191863498885567,40.562498220977119],[-74.192588499506954,40.56264822004249],[-74.193175499137794,40.562612220324766],[-74.194077500209531,40.562087220478212],[-74.197696499875534,40.558895218806676]]]},"properties":{"OBJECTID":152323,"GEOID20":"360850170071","GEOID10":"360850170071","STATEFP":"36","COUNTYFP":"085","D1C":1.3056467503998543,"D1C5_RET":0,"D2B_E5MIXA":0.21195229588765685,"D3A":7.285591198925248,"D3AAO":0,"D3B":46.973430349039035,"D4A":671.89999999999998,"D4C":25.670000000000002,"D4D":55.6312782957,"D5AR":257141,"D5BR":155579}},{"type":"Feature","id":152324,"geometry":{"type":"Polygon","coordinates":[[[-74.152873490315898,40.627370234722591],[-74.15313549025673,40.625605234634499],[-74.14876948843137,40.625112234197964],[-74.146701487595578,40.62492223428908],[-74.146146488650118,40.624938234338117],[-74.145591487908021,40.626616234821405],[-74.145464488584736,40.627895234220958],[-74.145937487514431,40.627832234962661],[-74.147914489011939,40.628194235128127],[-74.151673490216652,40.6286722342765],[-74.151605490444581,40.629143234386724],[-74.152613490024891,40.629143235068504],[-74.152873490315898,40.627370234722591]]]},"properties":{"OBJECTID":152324,"GEOID20":"360850239002","GEOID10":"360850239002","STATEFP":"36","COUNTYFP":"085","D1C":7.0701331087804338,"D1C5_RET":0.16789234295256966,"D2B_E5MIXA":0.56395003445352743,"D3A":32.885827029764286,"D3AAO":2.0946879177100328,"D3B":206.89761201931458,"D4A":246.77000000000001,"D4C":56.670000000000002,"D4D":676.21475708699995,"D5AR":541413,"D5BR":1910941}},{"type":"Feature","id":152325,"geometry":{"type":"Polygon","coordinates":[[[-74.196093498471839,40.540505216137397],[-74.193772497017747,40.535842214386207],[-74.192517498463531,40.536230215559897],[-74.19137049716943,40.536699215402564],[-74.190306496614312,40.537255215236733],[-74.189511496571015,40.537797215122843],[-74.188285496532501,40.538878216344891],[-74.185628495517733,40.541932216877768],[-74.187603496467105,40.541347216059705],[-74.188262496067964,40.542680216521305],[-74.196093498471839,40.540505216137397]]]},"properties":{"OBJECTID":152325,"GEOID20":"360850170092","GEOID10":"360850170092","STATEFP":"36","COUNTYFP":"085","D1C":2.9940694321400763,"D1C5_RET":0,"D2B_E5MIXA":0.12549620562447972,"D3A":25.882291564938743,"D3AAO":0,"D3B":125.73771395396194,"D4A":421.11000000000001,"D4C":22.670000000000002,"D4D":171.02501802,"D5AR":303405,"D5BR":185901}},{"type":"Feature","id":152326,"geometry":{"type":"Polygon","coordinates":[[[-74.203344502714188,40.556141218798821],[-74.20291150127251,40.554953218441611],[-74.200971500483249,40.55079821727734],[-74.200145500477817,40.548809216797487],[-74.199624500070925,40.548937218130597],[-74.199740500421868,40.549222216871065],[-74.198172500974906,40.549587217498306],[-74.197434499934701,40.549968217749523],[-74.197001499391348,40.550011217245796],[-74.196741499100355,40.550748217876588],[-74.195332498763719,40.551203218419218],[-74.19557150003665,40.55239421891455],[-74.19643850004995,40.552394218231981],[-74.197131499986,40.552763218357818],[-74.197369499637389,40.55310921816006],[-74.197499500232041,40.553673218317464],[-74.198171501149986,40.553976218542395],[-74.198778500872308,40.554041218308463],[-74.199774501655369,40.554778218266378],[-74.199948500834324,40.555059218496972],[-74.199926501093017,40.555493219355739],[-74.199276500814676,40.556294218775861],[-74.199772501107233,40.556878219528812],[-74.200512501797263,40.556210218711321],[-74.201207502281434,40.555940218618744],[-74.202055501129863,40.555886219425119],[-74.203344502714188,40.556141218798821]]]},"properties":{"OBJECTID":152326,"GEOID20":"360850170101","GEOID10":"360850170101","STATEFP":"36","COUNTYFP":"085","D1C":0.99383960952985151,"D1C5_RET":0,"D2B_E5MIXA":0.61784955494156435,"D3A":33.901192427036158,"D3AAO":0,"D3B":256.43553941607502,"D4A":785.89999999999998,"D4C":22,"D4D":208.85465227099999,"D5AR":365126,"D5BR":159989}},{"type":"Feature","id":152328,"geometry":{"type":"Polygon","coordinates":[[[-74.191745496189839,40.53192521418169],[-74.186100494622522,40.52400421320656],[-74.180312492940089,40.526097213633697],[-74.178410491785641,40.52671821369578],[-74.177308492494006,40.526827213645234],[-74.174761491084112,40.526743213493155],[-74.17617249196887,40.529202214441476],[-74.177048492203014,40.532067214955653],[-74.177857491591695,40.533748215632173],[-74.178868493341682,40.535543215476785],[-74.18083149369717,40.535933215332982],[-74.187440495362168,40.533713214929001],[-74.189466496365171,40.533100214572464],[-74.191745496189839,40.53192521418169]]]},"properties":{"OBJECTID":152328,"GEOID20":"360850176001","GEOID10":"360850176001","STATEFP":"36","COUNTYFP":"085","D1C":0.35606299330112934,"D1C5_RET":0.007575808368109135,"D2B_E5MIXA":0.69036665907216066,"D3A":14.490378395747982,"D3AAO":0,"D3B":79.224391722877371,"D4A":486.82999999999998,"D4C":25.329999999999998,"D4D":58.432689116900001,"D5AR":257404,"D5BR":186934}},{"type":"Feature","id":152329,"geometry":{"type":"Polygon","coordinates":[[[-74.168426489953802,40.5334432149373],[-74.166645488274867,40.53052321442923],[-74.164855488171753,40.527917214314712],[-74.163047487626955,40.528672214747047],[-74.162403488094711,40.527710214312165],[-74.162106487095471,40.52742621448219],[-74.160426486597217,40.528127214574404],[-74.165266488973799,40.534756215748089],[-74.168426489953802,40.5334432149373]]]},"properties":{"OBJECTID":152329,"GEOID20":"360850176002","GEOID10":"360850176002","STATEFP":"36","COUNTYFP":"085","D1C":0.80021426145122931,"D1C5_RET":0.032661806589846097,"D2B_E5MIXA":0.76967246914078968,"D3A":29.233855702887151,"D3AAO":0,"D3B":132.41356842627388,"D4A":384.89999999999998,"D4C":12,"D4D":125.421329317,"D5AR":243459,"D5BR":316481}},{"type":"Feature","id":152331,"geometry":{"type":"Polygon","coordinates":[[[-74.248008514960105,40.543102214792114],[-74.24768951511787,40.543111215468812],[-74.246442515162983,40.542174214303351],[-74.245936515722988,40.541217215032404],[-74.245533515316865,40.540730214108407],[-74.245439513808904,40.539671214153458],[-74.245270515551127,40.538939213831355],[-74.244858514924175,40.538217214503064],[-74.245243513990332,40.538256214126619],[-74.245523515271117,40.538124212945974],[-74.245758514549451,40.537477214087815],[-74.245570514228461,40.53687721348912],[-74.245205514355476,40.53664221246725],[-74.245008514711998,40.536399213315178],[-74.243939514134013,40.536136213113409],[-74.243583514481855,40.535967213329272],[-74.242870513556014,40.535433213128748],[-74.242523514124684,40.534805213916471],[-74.242064512743738,40.534280212462534],[-74.242017513786408,40.533783212220605],[-74.242055513421221,40.533605212741584],[-74.242242513018979,40.533399213459987],[-74.242270514404694,40.532921212369082],[-74.241848512833684,40.532536212532037],[-74.241689511926708,40.532246212612826],[-74.241464512694122,40.531074213032291],[-74.241558512405447,40.530727212473693],[-74.24222851277527,40.529637212443617],[-74.242601513942489,40.528421212330343],[-74.242945513000763,40.527971212161866],[-74.242992513754743,40.527052211802612],[-74.243573513537797,40.526049212158945],[-74.2437705140796,40.525374210781898],[-74.243855513570111,40.52524221153579],[-74.244042514066166,40.52526121120016],[-74.243880512786149,40.524968211536233],[-74.239268510913504,40.52518821148994],[-74.231658509340889,40.525811211764427],[-74.23035250893642,40.525865211991224],[-74.230372509027902,40.525590211470529],[-74.228537508718929,40.525685211976601],[-74.226407507958868,40.525862211676269],[-74.223618506699637,40.526300212534331],[-74.223644506638905,40.527736211995709],[-74.224542507512666,40.536419214087822],[-74.22445950857032,40.539277214364084],[-74.224053508689451,40.541527214965093],[-74.223272508889849,40.544069215729557],[-74.222108507877309,40.546399216552054],[-74.220651506961801,40.548613217097738],[-74.221316507308757,40.550261216627675],[-74.218777507193096,40.552482217364556],[-74.217886505991999,40.55300121789292],[-74.217773506912408,40.553253218245239],[-74.217878506494401,40.554256217452455],[-74.217845506882441,40.554440218146247],[-74.217663506409252,40.554564217289951],[-74.215037505356619,40.555524217993145],[-74.213503505346537,40.55567621812768],[-74.212330505011465,40.556375219103941],[-74.210590504238752,40.557029218087102],[-74.209090503665522,40.55733121827695],[-74.207033502700398,40.557624219062035],[-74.206393502467805,40.558110218778218],[-74.20727350379822,40.558177219008662],[-74.207911503482663,40.558139218550039],[-74.210433504778223,40.557614219112281],[-74.21153950516613,40.55721121893864],[-74.211792504886134,40.55725821869941],[-74.212167504804867,40.557736218806745],[-74.212412505027231,40.557913218466048],[-74.212636505333208,40.557661219272646],[-74.21280550448931,40.557267218838618],[-74.213067505328439,40.557146218837559],[-74.213536505856823,40.55653621822642],[-74.213423505878893,40.557249218558994],[-74.214005505486881,40.557746218738266],[-74.214183505762094,40.557708218717501],[-74.214080505829941,40.557558218820049],[-74.213695505865488,40.557324219237145],[-74.213704505187991,40.557233219368044],[-74.214183505762094,40.557127218659588],[-74.214333505549945,40.556986218319885],[-74.214464505071192,40.557183218629831],[-74.214605505536497,40.557127217977126],[-74.214576505224187,40.556986218319885],[-74.214905505112156,40.55676121899252],[-74.214905506010467,40.556280217748665],[-74.215111505874788,40.556039218619894],[-74.215467505526945,40.555927217401262],[-74.216067505576561,40.55555221831326],[-74.216667505626191,40.555439217754],[-74.217783506059831,40.554980217737629],[-74.217942506966821,40.555496218343848],[-74.217858506402919,40.555674217670102],[-74.217951507187635,40.555833218025512],[-74.218383506109461,40.556049218122375],[-74.218583507024334,40.555994218451403],[-74.218758506926505,40.55585221788823],[-74.218767507147334,40.555702218610008],[-74.218533507693934,40.554792218242596],[-74.2186175064612,40.554746217334603],[-74.218889506447752,40.555130217268321],[-74.218964507689165,40.555092217810291],[-74.218861506858673,40.554764218287183],[-74.218955507468323,40.554717218140645],[-74.219273507485624,40.554764217604649],[-74.219695507260013,40.554614217936539],[-74.2199395076575,40.554708217658643],[-74.220164506890086,40.554971217973517],[-74.220369508726122,40.555767218065498],[-74.220642507639283,40.555936218401932],[-74.220905508303346,40.555908217559882],[-74.220989507968909,40.555824218376053],[-74.221373508108471,40.555205218272661],[-74.221514507675465,40.555299218530116],[-74.221514507675465,40.555542217371496],[-74.221598508239367,40.5556272181624],[-74.221814508149436,40.55534621758558],[-74.222376508564224,40.555439218436526],[-74.222667507919056,40.555402216997912],[-74.223417508654819,40.555814218157444],[-74.225967509539444,40.556246218459385],[-74.227261509350029,40.555917217880577],[-74.227711509611822,40.555880217388648],[-74.228301510514029,40.556011217138391],[-74.228855510532895,40.556039217937368],[-74.229483510171605,40.555767218065498],[-74.229708511200812,40.555796218169689],[-74.230055510632141,40.555655217074388],[-74.230467511259093,40.555599217191123],[-74.231733510582274,40.554305217738559],[-74.232211510433146,40.553386216835456],[-74.23316751103323,40.552542216861944],[-74.233519511385765,40.552432217173518],[-74.233730510374627,40.552467216969887],[-74.234639512017367,40.552946216400713],[-74.235070512012598,40.552974217116379],[-74.236373512942322,40.552346217167177],[-74.236570512585814,40.552083217462389],[-74.236251511845282,40.551652217550185],[-74.236167512179676,40.551267216145867],[-74.236439512166243,40.550649216877922],[-74.236823513204101,40.550349217198196],[-74.237658513430375,40.55010521660413],[-74.238623513352977,40.548989215445303],[-74.240545513700582,40.547555215499607],[-74.241708513091595,40.547021215516587],[-74.242219514351063,40.546933215351054],[-74.242926514530822,40.547133215249723],[-74.243592513804359,40.547658215640524],[-74.246180515222164,40.545642215781811],[-74.247633516838007,40.543514214492589],[-74.24770851538446,40.543533215120171],[-74.248008514960105,40.543102214792114]]]},"properties":{"OBJECTID":152331,"GEOID20":"360850226001","GEOID10":"360850226001","STATEFP":"36","COUNTYFP":"085","D1C":4.0958228950390874,"D1C5_RET":0.97273444157077915,"D2B_E5MIXA":0.79581973014078489,"D3A":10.244549183601391,"D3AAO":2.1261286921257261,"D3B":32.862982137250015,"D4A":273.58999999999997,"D4C":27.670000000000002,"D4D":13.0467411185,"D5AR":357900,"D5BR":93660}},{"type":"Feature","id":152332,"geometry":{"type":"Polygon","coordinates":[[[-74.224532508365243,40.538205214089189],[-74.224531507642013,40.53703721426519],[-74.223301506507227,40.537298214702602],[-74.217801505603191,40.537758214549378],[-74.217711506089827,40.538320213984804],[-74.217679506302773,40.540139215047269],[-74.217770505641042,40.541134215273779],[-74.220651506961801,40.548613217097738],[-74.222108507877309,40.546399216552054],[-74.223470508358261,40.543579215539403],[-74.224224507495364,40.540799214882107],[-74.224532508365243,40.538205214089189]]]},"properties":{"OBJECTID":152332,"GEOID20":"360850226002","GEOID10":"360850226002","STATEFP":"36","COUNTYFP":"085","D1C":0.59234689548260344,"D1C5_RET":0.07404336193532543,"D2B_E5MIXA":0.81874316041991912,"D3A":17.37354839639297,"D3AAO":1.3614235145675491,"D3B":104.6369524083247,"D4A":486.82999999999998,"D4C":11.33,"D4D":61.290217173499997,"D5AR":326543,"D5BR":218925}},{"type":"Feature","id":152333,"geometry":{"type":"Polygon","coordinates":[[[-74.224531507642013,40.53703721426519],[-74.224420508212248,40.534867213943997],[-74.223644506638905,40.527736211995709],[-74.223618506699637,40.526300212534331],[-74.216611503753072,40.528186213059293],[-74.217015504882411,40.529130213845235],[-74.218008505292431,40.532307214089137],[-74.21831650616231,40.535320214122208],[-74.217801505603191,40.537758214549378],[-74.223301506507227,40.537298214702602],[-74.224531507642013,40.53703721426519]]]},"properties":{"OBJECTID":152333,"GEOID20":"360850226003","GEOID10":"360850226003","STATEFP":"36","COUNTYFP":"085","D1C":0.33930295558322032,"D1C5_RET":0.013050113676277706,"D2B_E5MIXA":0.58106133700826335,"D3A":27.871360092892701,"D3AAO":9.3228681965972804,"D3B":100.27080707857152,"D4A":399.64999999999998,"D4C":5.6699999999999999,"D4D":23.678125697999999,"D5AR":294760,"D5BR":93458}},{"type":"Feature","id":152334,"geometry":{"type":"Polygon","coordinates":[[[-74.160389493075485,40.631603235568434],[-74.160381492679576,40.630194234241365],[-74.156509491496976,40.630314234928591],[-74.156452491595559,40.631376235394946],[-74.155282491633528,40.631310235650176],[-74.15503749141115,40.63409223567929],[-74.156118491684708,40.634128236465216],[-74.157034492101829,40.633930236333413],[-74.158108492702709,40.633947235668863],[-74.1603124930826,40.633796236207154],[-74.160389493075485,40.631603235568434]]]},"properties":{"OBJECTID":152334,"GEOID20":"360850231002","GEOID10":"360850231002","STATEFP":"36","COUNTYFP":"085","D1C":4.731151073003943,"D1C5_RET":0.072415577648019536,"D2B_E5MIXA":0.049185094959037043,"D3A":24.756127997798806,"D3AAO":0,"D3B":180.30127076907434,"D4A":138.13999999999999,"D4C":18,"D4D":278.07581816800001,"D5AR":509107,"D5BR":1608581}},{"type":"Feature","id":152335,"geometry":{"type":"Polygon","coordinates":[[[-74.152215489641634,40.631851234608611],[-74.152613490024891,40.629143235068504],[-74.151605490444581,40.629143234386724],[-74.151673490216652,40.6286722342765],[-74.147914489011939,40.628194235128127],[-74.145937487514431,40.627832234962661],[-74.146134488056234,40.629083235404117],[-74.147537488545083,40.629379234634406],[-74.14563248791589,40.635254236820195],[-74.147043488800662,40.63452523572154],[-74.148031489187801,40.63433723615676],[-74.149622489997611,40.634123236073194],[-74.151861490537627,40.634187235609389],[-74.152215489641634,40.631851234608611]]]},"properties":{"OBJECTID":152335,"GEOID20":"360850239001","GEOID10":"360850239001","STATEFP":"36","COUNTYFP":"085","D1C":13.660025585770804,"D1C5_RET":0.29344845511859941,"D2B_E5MIXA":0.48460442088867495,"D3A":20.964436696244004,"D3AAO":0.0054355645406321514,"D3B":109.64473826070538,"D4A":328.56999999999999,"D4C":65.670000000000002,"D4D":539.91976316600005,"D5AR":503556,"D5BR":1698645}},{"type":"Feature","id":152336,"geometry":{"type":"Polygon","coordinates":[[[-74.19078749683824,40.547408216780333],[-74.191528497353175,40.546916217772413],[-74.189886497388045,40.546047216705425],[-74.187603496467105,40.541347216059705],[-74.185628495517733,40.541932216877768],[-74.18128649398183,40.546966217986437],[-74.187574496154795,40.550155217850097],[-74.188589497204418,40.548952217950827],[-74.189300496683813,40.548386217627083],[-74.19078749683824,40.547408216780333]]]},"properties":{"OBJECTID":152336,"GEOID20":"360850170093","GEOID10":"360850170093","STATEFP":"36","COUNTYFP":"085","D1C":0.43051176807075114,"D1C5_RET":0,"D2B_E5MIXA":0.44621634982709957,"D3A":19.776512759119772,"D3AAO":0,"D3B":77.564061552643921,"D4A":484.13999999999999,"D4C":14.67,"D4D":89.821975290300003,"D5AR":323053,"D5BR":158278}},{"type":"Feature","id":152337,"geometry":{"type":"Polygon","coordinates":[[[-74.130471483423577,40.631684236068232],[-74.13061048334076,40.631328235773005],[-74.130462484101059,40.630905236036043],[-74.126725481739342,40.631288236402533],[-74.124892481080195,40.631736235891204],[-74.116837479268654,40.632683237788982],[-74.117200479491814,40.634576237350629],[-74.128444482595668,40.633681236067517],[-74.129447483051436,40.633668236323786],[-74.130471483423577,40.631684236068232]]]},"properties":{"OBJECTID":152337,"GEOID20":"360850133023","GEOID10":"360850133023","STATEFP":"36","COUNTYFP":"085","D1C":8.8402004233901668,"D1C5_RET":0.72938947387707642,"D2B_E5MIXA":0.70854328206412209,"D3A":19.129603379545912,"D3AAO":0,"D3B":118.28946731548874,"D4A":155.56999999999999,"D4C":45,"D4D":420.12833695299997,"D5AR":440711,"D5BR":1695795}},{"type":"Feature","id":152338,"geometry":{"type":"Polygon","coordinates":[[[-74.199122499930581,40.546717217247007],[-74.197309499362916,40.543270216984126],[-74.195863498318047,40.544326215847832],[-74.192740497147994,40.546148216375549],[-74.189300496683813,40.548386217627083],[-74.188589497204418,40.548952217950827],[-74.187574496154795,40.550155217850097],[-74.189391496920408,40.551101218908457],[-74.190146497679038,40.551609217742481],[-74.19097249768447,40.550976218171904],[-74.193210497501269,40.548616217759147],[-74.19461649836316,40.54801921727627],[-74.199122499930581,40.546717217247007]]]},"properties":{"OBJECTID":152338,"GEOID20":"360850170104","GEOID10":"360850170104","STATEFP":"36","COUNTYFP":"085","D1C":2.547392671756024,"D1C5_RET":0.013267670165395958,"D2B_E5MIXA":0.22749919026200285,"D3A":30.395105245896804,"D3AAO":0,"D3B":175.5408290107076,"D4A":281.63999999999999,"D4C":15,"D4D":127.369633588,"D5AR":334250,"D5BR":158319}},{"type":"Feature","id":152339,"geometry":{"type":"Polygon","coordinates":[[[-74.171960491027605,40.534291216103604],[-74.169296488543552,40.529928215049637],[-74.170856489391198,40.529276214158067],[-74.170557490538783,40.528638214414897],[-74.168528490061064,40.525740213322123],[-74.168414489359918,40.524023212539014],[-74.167795489043726,40.524258213433157],[-74.166154488005205,40.525280213590491],[-74.165310488456413,40.525646213229884],[-74.164617488520378,40.526199214348878],[-74.164364487003752,40.526292213339396],[-74.163721487296428,40.526358214350864],[-74.163127487992895,40.526769214965874],[-74.162273487500059,40.527202214478955],[-74.161583487937079,40.52702121500861],[-74.160342486931626,40.527558214206614],[-74.16005748652627,40.527353215081575],[-74.159884486273896,40.527377213649295],[-74.160426486597217,40.528127214574404],[-74.162106487095471,40.52742621448219],[-74.162403488094711,40.527710214312165],[-74.163047487626955,40.528672214747047],[-74.164855488171753,40.527917214314712],[-74.166899488718087,40.530926214757102],[-74.169501489481263,40.535299216243395],[-74.171960491027605,40.534291216103604]]]},"properties":{"OBJECTID":152339,"GEOID20":"360850176004","GEOID10":"360850176004","STATEFP":"36","COUNTYFP":"085","D1C":1.3284660439012994,"D1C5_RET":0.022516373625445753,"D2B_E5MIXA":0.45903434464552345,"D3A":26.026986715405787,"D3AAO":0,"D3B":162.77694506329976,"D4A":278.94999999999999,"D4C":12,"D4D":78.117310168399996,"D5AR":230501,"D5BR":289270}},{"type":"Feature","id":152340,"geometry":{"type":"Polygon","coordinates":[[[-74.130401480408437,40.582767226494681],[-74.129911480861992,40.5822202260835],[-74.128943480566335,40.581512226595123],[-74.128214478848633,40.580774226055219],[-74.127642479286422,40.580040225701651],[-74.126933479456852,40.578908226028943],[-74.126893478375578,40.578498225556828],[-74.127250480547573,40.57755922580008],[-74.127090478917381,40.576377225719597],[-74.125135478957816,40.575889225731871],[-74.123178477551775,40.575758225309563],[-74.121771476864993,40.575062224931024],[-74.119787476593103,40.575823225077215],[-74.119111476375508,40.576165226089508],[-74.118498475907089,40.576624225490491],[-74.117588475337769,40.5775892262577],[-74.118290475494618,40.578200225600426],[-74.118892476990695,40.580486225948924],[-74.119213477381066,40.581174227064437],[-74.119150476733566,40.581516225965707],[-74.120365476901412,40.582387226830583],[-74.120974478070195,40.583214227138818],[-74.121294477737322,40.583396227058174],[-74.123113479051099,40.585112227193072],[-74.122215478177324,40.586169227285893],[-74.120175476930626,40.588224227716985],[-74.120559477968499,40.588513228012168],[-74.116478476548508,40.594603229225264],[-74.115926477077778,40.595827229984323],[-74.114937475967395,40.596515229494322],[-74.114499476299486,40.596661230234531],[-74.114312475803416,40.596645230234351],[-74.113252476344584,40.596111229652657],[-74.113055474904456,40.595578229554043],[-74.112372475014155,40.595432229859355],[-74.111951475962982,40.595480229354976],[-74.111235475562424,40.595996230112455],[-74.110787474950442,40.59613523018421],[-74.111311475730389,40.597065230163089],[-74.111303475334481,40.598216230267973],[-74.114872477466704,40.602145231320023],[-74.11684547696963,40.60190323038416],[-74.120597479399962,40.601818230397122],[-74.120555478668848,40.60103123076],[-74.120773478228742,40.600680230952626],[-74.122644479421027,40.599427230091116],[-74.126286480449878,40.593463228366957],[-74.126386480009003,40.590733228320708],[-74.127822479211474,40.589445227719061],[-74.127783478853431,40.587457228221467],[-74.129103480399891,40.586299226993063],[-74.128938479645129,40.585022227714646],[-74.129179480567885,40.584048227112653],[-74.129425480615168,40.583684226233551],[-74.130401480408437,40.582767226494681]]]},"properties":{"OBJECTID":152340,"GEOID20":"360850181002","GEOID10":"360850181002","STATEFP":"36","COUNTYFP":"085","D1C":0.70327354794082697,"D1C5_RET":0.0086556744361947924,"D2B_E5MIXA":0.83544812478063757,"D3A":8.7150755573570926,"D3AAO":0,"D3B":47.939015174169711,"D4A":972.30999999999995,"D4C":28,"D4D":34.112491419800001,"D5AR":359760,"D5BR":11604}},{"type":"Feature","id":152341,"geometry":{"type":"Polygon","coordinates":[[[-74.122215478177324,40.586169227285893],[-74.123113479051099,40.585112227193072],[-74.121294477737322,40.583396227058174],[-74.120974478070195,40.583214227138818],[-74.120365476901412,40.582387226830583],[-74.119150476733566,40.581516225965707],[-74.119213477381066,40.581174227064437],[-74.118892476990695,40.580486225948924],[-74.118290475494618,40.578200225600426],[-74.117588475337769,40.5775892262577],[-74.117022475623315,40.578205225402343],[-74.115424476039124,40.578639226293888],[-74.113674475220648,40.580322227201059],[-74.112988474957305,40.580827227491376],[-74.111277475395212,40.581800227059915],[-74.109249474742398,40.58268722688841],[-74.107910473827644,40.583693228277134],[-74.104550472831122,40.586508227608917],[-74.101495471433097,40.58935222977874],[-74.100884470614503,40.590187228989052],[-74.10090647125412,40.591028228936914],[-74.101263471629508,40.591040228751737],[-74.106881473432637,40.590384229120787],[-74.107880474588754,40.591626229254615],[-74.108286474469608,40.59198422972149],[-74.110642475185486,40.593260229754165],[-74.110181475053039,40.594867229639213],[-74.110787474950442,40.59613523018421],[-74.111235475562424,40.595996230112455],[-74.111951475962982,40.595480229354976],[-74.112372475014155,40.595432229859355],[-74.113055474904456,40.595578229554043],[-74.113252476344584,40.596111229652657],[-74.114312475803416,40.596645230234351],[-74.11473447647613,40.596612230264576],[-74.115926477077778,40.595827229984323],[-74.116478476548508,40.594603229225264],[-74.120559477968499,40.588513228012168],[-74.120175476930626,40.588224227716985],[-74.122215478177324,40.586169227285893]]]},"properties":{"OBJECTID":152341,"GEOID20":"360850181003","GEOID10":"360850181003","STATEFP":"36","COUNTYFP":"085","D1C":0.97483474853603336,"D1C5_RET":0.12625871743087178,"D2B_E5MIXA":0.84949623452361156,"D3A":16.324465345444477,"D3AAO":0,"D3B":104.77915943859014,"D4A":1034,"D4C":31.329999999999998,"D4D":43.177354235999999,"D5AR":400109,"D5BR":84228}},{"type":"Feature","id":152356,"geometry":{"type":"Polygon","coordinates":[[[-74.126730477270641,40.564438222575951],[-74.120053475833572,40.560402222604978],[-74.117545474781735,40.562748223554756],[-74.124260477650267,40.566830223473588],[-74.125710477994758,40.565335223462135],[-74.126730477270641,40.564438222575951]]]},"properties":{"OBJECTID":152356,"GEOID20":"360850132012","GEOID10":"360850132012","STATEFP":"36","COUNTYFP":"085","D1C":1.5103450093884789,"D1C5_RET":0,"D2B_E5MIXA":0.037589703607022053,"D3A":30.611785424205511,"D3AAO":0,"D3B":212.47599980868739,"D4A":321.87,"D4C":64.670000000000002,"D4D":686.93810466599996,"D5AR":313349,"D5BR":339343}},{"type":"Feature","id":152357,"geometry":{"type":"Polygon","coordinates":[[[-74.142331482877324,40.55310321996992],[-74.139480480795498,40.55107721996464],[-74.1358344795687,40.553364220602234],[-74.134989481093314,40.553819221115418],[-74.138852482055086,40.556959221880348],[-74.139353482370524,40.556503220989846],[-74.139784481467416,40.555912220508482],[-74.140512481563562,40.554042220267938],[-74.141022482099814,40.553632220326179],[-74.142331482877324,40.55310321996992]]]},"properties":{"OBJECTID":152357,"GEOID20":"360850132031","GEOID10":"360850132031","STATEFP":"36","COUNTYFP":"085","D1C":0.80220376735833177,"D1C5_RET":0.065043548704729601,"D2B_E5MIXA":0.54553731409954065,"D3A":30.344791968720454,"D3AAO":0,"D3B":208.19485968336278,"D4A":514.99000000000001,"D4C":58,"D4D":804.80550930699997,"D5AR":281332,"D5BR":758858}},{"type":"Feature","id":152358,"geometry":{"type":"Polygon","coordinates":[[[-74.148938483994186,40.545681218591469],[-74.148163483144074,40.544334218351032],[-74.147466483908389,40.543505217965908],[-74.14591348363173,40.542432217681906],[-74.144774482733524,40.543418218029728],[-74.144055482858221,40.544364218002187],[-74.142719482316537,40.545442218939499],[-74.138642480196182,40.548483218568521],[-74.137372479776744,40.549586219567601],[-74.136090480560043,40.550432219871972],[-74.134559480024691,40.551263220427778],[-74.133185479848166,40.552352220885524],[-74.134989481093314,40.553819221115418],[-74.1358344795687,40.553364220602234],[-74.139480480795498,40.55107721996464],[-74.1388044814762,40.550605219193208],[-74.140768481656593,40.548939219472004],[-74.14016148103596,40.548407218912409],[-74.142132481787385,40.546936219500779],[-74.142377482908074,40.547104218902213],[-74.143638482208374,40.546107219237982],[-74.145395483597852,40.547314218414627],[-74.146047483526019,40.546766218954254],[-74.147262483693879,40.546388218995354],[-74.148938483994186,40.545681218591469]]]},"properties":{"OBJECTID":152358,"GEOID20":"360850132032","GEOID10":"360850132032","STATEFP":"36","COUNTYFP":"085","D1C":8.6511150871269873,"D1C5_RET":0,"D2B_E5MIXA":0.44731923398761447,"D3A":30.361885268411992,"D3AAO":0,"D3B":160.74548666706093,"D4A":284.31999999999999,"D4C":61,"D4D":459.50956870900001,"D5AR":254748,"D5BR":316654}},{"type":"Feature","id":152359,"geometry":{"type":"Polygon","coordinates":[[[-74.150796484767696,40.550045219701133],[-74.150432484719616,40.548203219409082],[-74.148938483994186,40.545681218591469],[-74.147262483693879,40.546388218995354],[-74.146047483526019,40.546766218954254],[-74.145395483597852,40.547314218414627],[-74.143638482208374,40.546107219237982],[-74.142377482908074,40.547104218902213],[-74.142132481787385,40.546936219500779],[-74.14016148103596,40.548407218912409],[-74.140768481656593,40.548939219472004],[-74.1388044814762,40.550605219193208],[-74.142331482877324,40.55310321996992],[-74.143390482511251,40.552627220778803],[-74.144605483577436,40.55177421991781],[-74.145897483738196,40.551368219547307],[-74.147969483873624,40.551642219438691],[-74.148844485181172,40.551640219543152],[-74.149158485000541,40.551542219129949],[-74.149571484554102,40.551296219564264],[-74.150260485190486,40.550691220070426],[-74.150796484767696,40.550045219701133]]]},"properties":{"OBJECTID":152359,"GEOID20":"360850132033","GEOID10":"360850132033","STATEFP":"36","COUNTYFP":"085","D1C":1.4894661183609266,"D1C5_RET":0.081391591167263744,"D2B_E5MIXA":0.84387166583371298,"D3A":23.531923123222164,"D3AAO":0,"D3B":118.11547710193315,"D4A":574,"D4C":56,"D4D":291.70746274300001,"D5AR":258667,"D5BR":338898}},{"type":"Feature","id":152360,"geometry":{"type":"Polygon","coordinates":[[[-74.130941479285283,40.560551221775221],[-74.130326480065364,40.560143221751083],[-74.13022047886183,40.559913222310882],[-74.129608479116655,40.557493221103336],[-74.128118477690862,40.556543221443668],[-74.125305477040499,40.559140222012502],[-74.12480447672506,40.559447222072968],[-74.123885476833209,40.559642222309435],[-74.122170476174844,40.559467222788314],[-74.121540475987999,40.559510223009475],[-74.120737475548779,40.559819222389315],[-74.120053475833572,40.560402222604978],[-74.126972478018274,40.564578223161355],[-74.130063479401315,40.562009223027694],[-74.129666478842964,40.561617222530053],[-74.130941479285283,40.560551221775221]]]},"properties":{"OBJECTID":152360,"GEOID20":"360850132041","GEOID10":"360850132041","STATEFP":"36","COUNTYFP":"085","D1C":2.3840923944550925,"D1C5_RET":0.052282727948576593,"D2B_E5MIXA":0.5126748192000129,"D3A":27.453912845104835,"D3AAO":0,"D3B":118.2509827649726,"D4A":398.31,"D4C":64.329999999999998,"D4D":430.50852978299997,"D5AR":317650,"D5BR":339167}},{"type":"Feature","id":152361,"geometry":{"type":"Polygon","coordinates":[[[-74.138783480661488,40.557041221270978],[-74.138852482055086,40.556959221880348],[-74.137432480949514,40.555826221559158],[-74.136028480635758,40.556826221514889],[-74.136182480621557,40.556949221148756],[-74.126972478018274,40.564578223161355],[-74.127209477844744,40.564715223514057],[-74.126473478251,40.565325223981823],[-74.129421478620586,40.565729222815442],[-74.130472478756914,40.564980222912332],[-74.13103847936965,40.564964222839357],[-74.131467478816745,40.564777223153101],[-74.132635480027261,40.563521223136433],[-74.133111480228322,40.562876222127286],[-74.133408480329251,40.5621382228043],[-74.134809480269936,40.560807221618006],[-74.135194480234418,40.559756221743612],[-74.13575048080142,40.558858221325558],[-74.13803748102201,40.557699221367557],[-74.138783480661488,40.557041221270978]]]},"properties":{"OBJECTID":152361,"GEOID20":"360850132043","GEOID10":"360850132043","STATEFP":"36","COUNTYFP":"085","D1C":2.4273882462876433,"D1C5_RET":0.24417514903485171,"D2B_E5MIXA":0.88307446111642396,"D3A":28.127121926437191,"D3AAO":0,"D3B":174.730587589815,"D4A":673.24000000000001,"D4C":12.67,"D4D":116.46867344100001,"D5AR":330028,"D5BR":38875}},{"type":"Feature","id":152362,"geometry":{"type":"Polygon","coordinates":[[[-74.129002483710806,40.63434223653276],[-74.129447483051436,40.633668236323786],[-74.128444482595668,40.633681236067517],[-74.123068481540187,40.634086236568976],[-74.12325448041473,40.635501237239559],[-74.124334481761679,40.635416237043799],[-74.124606481748231,40.63747423760708],[-74.125653482584923,40.637206237677638],[-74.126889482669185,40.637218237382108],[-74.128671483274701,40.637356237577379],[-74.128848483725037,40.636444238053961],[-74.129002483710806,40.63434223653276]]]},"properties":{"OBJECTID":152362,"GEOID20":"360850133021","GEOID10":"360850133021","STATEFP":"36","COUNTYFP":"085","D1C":13.762751586825386,"D1C5_RET":0.57137777346025964,"D2B_E5MIXA":0.48755941836504196,"D3A":22.989514988032479,"D3AAO":0,"D3B":95.411144863583118,"D4A":222.63,"D4C":53,"D4D":842.65800329399997,"D5AR":460652,"D5BR":1697501}},{"type":"Feature","id":152363,"geometry":{"type":"Polygon","coordinates":[[[-74.12185447670565,40.574660225695958],[-74.121701477443096,40.573841225739088],[-74.12149547757879,40.574030225254283],[-74.115860476057222,40.570873224468372],[-74.11571147519598,40.571025224551796],[-74.111483473462897,40.568771224762138],[-74.109763472781665,40.570476225010246],[-74.119787476593103,40.575823225077215],[-74.121771476864993,40.575062224931024],[-74.12185447670565,40.574660225695958]]]},"properties":{"OBJECTID":152363,"GEOID20":"360850134001","GEOID10":"360850134001","STATEFP":"36","COUNTYFP":"085","D1C":20.432026138627663,"D1C5_RET":1.886265337761047,"D2B_E5MIXA":0.66203437547916655,"D3A":31.171299300580174,"D3AAO":0,"D3B":144.91346633269507,"D4A":241.40000000000001,"D4C":81.670000000000002,"D4D":788.74260549099995,"D5AR":364831,"D5BR":772072}},{"type":"Feature","id":152364,"geometry":{"type":"Polygon","coordinates":[[[-74.124180478182623,40.569442224157626],[-74.124900477882861,40.568957223153312],[-74.123094477886198,40.567975224391056],[-74.120241476154547,40.566236223529415],[-74.115860476057222,40.570873224468372],[-74.12149547757879,40.574030225254283],[-74.121701477443096,40.573841225739088],[-74.121395478019664,40.572983225461961],[-74.121287477166319,40.572115224587399],[-74.121626477100037,40.571510224897786],[-74.122170477073169,40.570948224211499],[-74.123428476000413,40.569916224542723],[-74.124180478182623,40.569442224157626]]]},"properties":{"OBJECTID":152364,"GEOID20":"360850134003","GEOID10":"360850134003","STATEFP":"36","COUNTYFP":"085","D1C":1.6071951216299798,"D1C5_RET":0.081721785845592199,"D2B_E5MIXA":0.53013919544558541,"D3A":32.17679842945315,"D3AAO":0,"D3B":154.05537293324275,"D4A":388.92000000000002,"D4C":25,"D4D":217.92476225499999,"D5AR":356680,"D5BR":763563}},{"type":"Feature","id":152365,"geometry":{"type":"Polygon","coordinates":[[[-74.144021485217962,40.570338224499118],[-74.144389483667368,40.569715223416054],[-74.141312482528051,40.56844122394498],[-74.13762348164353,40.566695222801513],[-74.136714481797426,40.567926223192167],[-74.136060482219435,40.568014223063592],[-74.136331481482785,40.56935222338565],[-74.136897482095534,40.570029223183063],[-74.136573481332107,40.57001722369278],[-74.136616480989829,40.570743224123113],[-74.13704348168541,40.572917223987631],[-74.144187484001023,40.572046223328094],[-74.143875482933154,40.570614223872035],[-74.144021485217962,40.570338224499118]]]},"properties":{"OBJECTID":152365,"GEOID20":"360850138001","GEOID10":"360850138001","STATEFP":"36","COUNTYFP":"085","D1C":1.566851584289283,"D1C5_RET":0.12949186647018868,"D2B_E5MIXA":0.5497497333761221,"D3A":27.875439704137005,"D3AAO":0,"D3B":226.57140079542322,"D4A":359.42000000000002,"D4C":10.33,"D4D":85.609662760800006,"D5AR":353967,"D5BR":16640}},{"type":"Feature","id":152366,"geometry":{"type":"Polygon","coordinates":[[[-74.137189481275271,40.56731022358192],[-74.13762348164353,40.566695222801513],[-74.134934479943425,40.565400223118601],[-74.13170147916847,40.564544223309305],[-74.131467478816745,40.564777223153101],[-74.131174478913792,40.564925222389597],[-74.130472478756914,40.564980222912332],[-74.130478479503012,40.565158222954366],[-74.130705479283733,40.565213222603205],[-74.130910479323148,40.566645222988981],[-74.130966479399646,40.568834224429175],[-74.130828480205707,40.57001622401949],[-74.130308479623693,40.572169224336662],[-74.129145479334383,40.574738225461438],[-74.131945480464253,40.573747224225407],[-74.13300848119448,40.573441223870994],[-74.13704348168541,40.572917223987631],[-74.136616480989829,40.570743224123113],[-74.136573481332107,40.57001722369278],[-74.136897482095534,40.570029223183063],[-74.136331481482785,40.56935222338565],[-74.136060482219435,40.568014223063592],[-74.136714481797426,40.567926223192167],[-74.137189481275271,40.56731022358192]]]},"properties":{"OBJECTID":152366,"GEOID20":"360850138002","GEOID10":"360850138002","STATEFP":"36","COUNTYFP":"085","D1C":0.86237239494694895,"D1C5_RET":0.059182419261065121,"D2B_E5MIXA":0.38322594900741752,"D3A":27.318536497894666,"D3AAO":0,"D3B":167.78317316087839,"D4A":109.97,"D4C":21.670000000000002,"D4D":117.255590893,"D5AR":379723,"D5BR":37559}},{"type":"Feature","id":152367,"geometry":{"type":"Polygon","coordinates":[[[-74.130994484378618,40.627382234831238],[-74.131311482774407,40.62633623464906],[-74.130038483778534,40.626436234991445],[-74.126665482363208,40.626898234874915],[-74.127600483046891,40.631178236646761],[-74.130462484101059,40.630905236036043],[-74.130248483840802,40.629617235703442],[-74.130994484378618,40.627382234831238]]]},"properties":{"OBJECTID":152367,"GEOID20":"360850141002","GEOID10":"360850141002","STATEFP":"36","COUNTYFP":"085","D1C":7.1225481927506831,"D1C5_RET":1.0369993537338158,"D2B_E5MIXA":0.66832693198482951,"D3A":25.427749664813287,"D3AAO":0,"D3B":75.711868605239445,"D4A":312.48000000000002,"D4C":53.670000000000002,"D4D":937.36008951400004,"D5AR":495379,"D5BR":1697263}},{"type":"Feature","id":152368,"geometry":{"type":"Polygon","coordinates":[[[-74.160205488460917,40.551333219176549],[-74.160356488073646,40.550189218867189],[-74.160179487623324,40.549438218499866],[-74.156057486195436,40.550540220187187],[-74.156722486542407,40.551990219458062],[-74.155798487525999,40.552106218835121],[-74.152140484806978,40.553026220169578],[-74.151221484016816,40.553320219923592],[-74.152073486656462,40.55522522025538],[-74.155831487137945,40.554280220034677],[-74.160314488240857,40.553725218780151],[-74.159966488984637,40.552611219800852],[-74.160205488460917,40.551333219176549]]]},"properties":{"OBJECTID":152368,"GEOID20":"360850146041","GEOID10":"360850146041","STATEFP":"36","COUNTYFP":"085","D1C":0.20185688382934311,"D1C5_RET":0,"D2B_E5MIXA":0.57065126768641561,"D3A":23.533260129738611,"D3AAO":0,"D3B":147.16712543717975,"D4A":633.00999999999999,"D4C":22.670000000000002,"D4D":244.05842967500001,"D5AR":251117,"D5BR":237341}},{"type":"Feature","id":152392,"geometry":{"type":"Polygon","coordinates":[[[-74.117200479491814,40.634576237350629],[-74.116191479188274,40.62894923577722],[-74.11336047809624,40.629290236268282],[-74.114154477416321,40.633001236795401],[-74.110905476747845,40.633382237231622],[-74.111178477457642,40.634747237115],[-74.114539479177409,40.634771237405673],[-74.117200479491814,40.634576237350629]]]},"properties":{"OBJECTID":152392,"GEOID20":"360850105004","GEOID10":"360850105004","STATEFP":"36","COUNTYFP":"085","D1C":3.8283341908628539,"D1C5_RET":0.33289862529242209,"D2B_E5MIXA":0.88824757778191166,"D3A":19.095459437974053,"D3AAO":0,"D3B":62.158831314601045,"D4A":367.47000000000003,"D4C":41.670000000000002,"D4D":554.87542863700003,"D5AR":433675,"D5BR":1406876}},{"type":"Feature","id":152393,"geometry":{"type":"Polygon","coordinates":[[[-74.185233493710896,40.524316212919736],[-74.186100494622522,40.52400421320656],[-74.183825493199194,40.520863211643622],[-74.179340492446471,40.522522212490173],[-74.178238492256511,40.520063212975124],[-74.177891491926871,40.519470212412081],[-74.177601491498649,40.519289212548479],[-74.176007491214108,40.52069621308388],[-74.1727544903477,40.52288721383853],[-74.172007489984964,40.523271213427805],[-74.171076489499228,40.523499213018006],[-74.170701489580509,40.523161213467993],[-74.170476489449612,40.523067212490183],[-74.170035489408662,40.523096213779347],[-74.169079489706874,40.523564213681567],[-74.16865748903416,40.523986213546486],[-74.168414489359918,40.524023212539014],[-74.168528490061064,40.525740213322123],[-74.170557490538783,40.528638214414897],[-74.170856489391198,40.529276214158067],[-74.169296488543552,40.529928215049637],[-74.171960491027605,40.534291216103604],[-74.169501489481263,40.535299216243395],[-74.168426489953802,40.5334432149373],[-74.165266488973799,40.534756215748089],[-74.168730490625748,40.539534216483787],[-74.169014490307859,40.540106217240073],[-74.16958748969499,40.540055216562948],[-74.170272490133442,40.539822216014194],[-74.172293492011875,40.538146216232924],[-74.174133490547078,40.537866216869539],[-74.177911492916678,40.535823215673439],[-74.178868493341682,40.535543215476785],[-74.177857491591695,40.533748215632173],[-74.177048492203014,40.532067214955653],[-74.17617249196887,40.529202214441476],[-74.174761491084112,40.526743213493155],[-74.177308492494006,40.526827213645234],[-74.178410491785641,40.52671821369578],[-74.185233493710896,40.524316212919736]]]},"properties":{"OBJECTID":152393,"GEOID20":"360850176003","GEOID10":"360850176003","STATEFP":"36","COUNTYFP":"085","D1C":1.1964524647238199,"D1C5_RET":0.024417397239261632,"D2B_E5MIXA":0.55789129792652004,"D3A":14.566071445217656,"D3AAO":0,"D3B":80.765288499873577,"D4A":-99999,"D4C":17.670000000000002,"D4D":30.5704999206,"D5AR":191836,"D5BR":-99999}},{"type":"Feature","id":152394,"geometry":{"type":"Polygon","coordinates":[[[-74.121340479564722,40.609692232441112],[-74.121171478611998,40.608842231966712],[-74.117427477475914,40.609298232856261],[-74.117070477998851,40.608213232061424],[-74.116494477340339,40.607664232202922],[-74.115961477237875,40.607460231221765],[-74.115792478081786,40.606870231839501],[-74.115378476906685,40.603992231118532],[-74.114872477466704,40.602145231320023],[-74.113870476835871,40.602589231057429],[-74.11311447535401,40.604257231129097],[-74.11180547547481,40.605332231719999],[-74.110659474903912,40.60594023186642],[-74.110296476477387,40.60722623223797],[-74.110691475589292,40.608518232458863],[-74.110161474961544,40.60922223269673],[-74.109918474388977,40.610175232517129],[-74.110536475778588,40.610262232295298],[-74.113051477401427,40.610928232770931],[-74.115015477581835,40.611088232510653],[-74.116765477502,40.610878233285113],[-74.121340479564722,40.609692232441112]]]},"properties":{"OBJECTID":152394,"GEOID20":"360850177001","GEOID10":"360850177001","STATEFP":"36","COUNTYFP":"085","D1C":0.63593631729093658,"D1C5_RET":0,"D2B_E5MIXA":0.22523454862041384,"D3A":20.633454657574898,"D3AAO":4.4417239369334567,"D3B":113.07178971002777,"D4A":288.33999999999997,"D4C":43.670000000000002,"D4D":269.29783249500002,"D5AR":550719,"D5BR":1421945}},{"type":"Feature","id":152395,"geometry":{"type":"Polygon","coordinates":[[[-74.099372471244038,40.599146229945895],[-74.099631472608436,40.598874230665821],[-74.093756469090735,40.596753230331601],[-74.092725469944199,40.597472230214159],[-74.091784468514419,40.598727230739684],[-74.091780468316458,40.599247231347711],[-74.092838469922114,40.601097231095025],[-74.092823468955174,40.60181723119905],[-74.092610469418162,40.603238231285992],[-74.092653469974181,40.605666232624145],[-74.093639470711508,40.605656232351812],[-74.09350347026907,40.60408823210588],[-74.094839469912429,40.604278231252287],[-74.095020469662387,40.603596231641042],[-74.095343470600909,40.603622231919829],[-74.095782470093724,40.603456231539973],[-74.096560470418595,40.603536231536182],[-74.097793471926423,40.60316223173735],[-74.097547470980814,40.60199323101493],[-74.099372471244038,40.599146229945895]]]},"properties":{"OBJECTID":152395,"GEOID20":"360850177002","GEOID10":"360850177002","STATEFP":"36","COUNTYFP":"085","D1C":0.71993676795367068,"D1C5_RET":0,"D2B_E5MIXA":0.49575762217982106,"D3A":29.122228082740939,"D3AAO":0,"D3B":187.24115460939066,"D4A":382.22000000000003,"D4C":34.670000000000002,"D4D":249.60207745,"D5AR":487761,"D5BR":705590}},{"type":"Feature","id":152396,"geometry":{"type":"Polygon","coordinates":[[[-74.113870476835871,40.602589231057429],[-74.114872477466704,40.602145231320023],[-74.111303475334481,40.598216230267973],[-74.111321475776151,40.597559230158382],[-74.108696474548438,40.598315230481582],[-74.106993473585618,40.599073230282855],[-74.106507473338823,40.598930230487724],[-74.106124473024167,40.598705230309953],[-74.106014472521011,40.598258230211137],[-74.106123474097586,40.597958230428006],[-74.10712747347992,40.597013229951251],[-74.107592474708653,40.59627622989305],[-74.106655474375131,40.594565228986845],[-74.105620474132337,40.595223229166884],[-74.105810473204812,40.595892230031708],[-74.10634247438071,40.596550230111916],[-74.106157472636141,40.596593229695834],[-74.105215473178077,40.596375229568956],[-74.104273472821689,40.595272230154841],[-74.103385472891972,40.59609523020297],[-74.10153547161606,40.594961230124028],[-74.100950471635045,40.595513230565629],[-74.09986547116354,40.596057230130469],[-74.101305471462297,40.597088231083418],[-74.100727472052313,40.597700229592363],[-74.100020471872554,40.597306230249544],[-74.099333471784306,40.598019230020071],[-74.098067470664489,40.597552230551244],[-74.097066469858561,40.597953230056454],[-74.099631472608436,40.598874230665821],[-74.099372471244038,40.599146229945895],[-74.097547470980814,40.60199323101493],[-74.097793471926423,40.60316223173735],[-74.096560470418595,40.603536231536182],[-74.095782470093724,40.603456231539973],[-74.095343470600909,40.603622231919829],[-74.095020469662387,40.603596231641042],[-74.094839469912429,40.604278231252287],[-74.09350347026907,40.60408823210588],[-74.093639470711508,40.605656232351812],[-74.092653469974181,40.605666232624145],[-74.092763470477351,40.606606232449749],[-74.092662470195009,40.606808231652856],[-74.092031470183244,40.607434232435985],[-74.092767469776987,40.607218232479731],[-74.093007469976513,40.60700923180697],[-74.0932034697951,40.606592231719318],[-74.094014470630228,40.606415232607894],[-74.094452470298137,40.606038232417824],[-74.094634469873014,40.605678231857823],[-74.094980470377749,40.605637232307565],[-74.09520147031067,40.605821232221508],[-74.095037470279152,40.606124232310115],[-74.095009470690059,40.606460232287709],[-74.094437470229522,40.607203232077936],[-74.094248470981952,40.60793023312862],[-74.094345470168022,40.608149232867902],[-74.09450947019954,40.608266232892277],[-74.094898470361983,40.608280232590019],[-74.095039470827288,40.608144233258685],[-74.095069470964518,40.607550232553763],[-74.095198470835939,40.607292233275857],[-74.096580470510077,40.606422232651006],[-74.097106470939849,40.605731232653092],[-74.097376470378279,40.605678231857823],[-74.09750247167328,40.605889232239363],[-74.097897471683481,40.606030231835362],[-74.101823473292782,40.605165231665012],[-74.102663472643613,40.603369232449957],[-74.102877472903842,40.603176231822275],[-74.10327247201576,40.603045230962088],[-74.103974473070934,40.603102230560914],[-74.105807473730081,40.603720231777977],[-74.107092473319824,40.604321231321592],[-74.11136347560894,40.603513230788366],[-74.113021475467576,40.602966230241172],[-74.113870476835871,40.602589231057429]]]},"properties":{"OBJECTID":152396,"GEOID20":"360850177003","GEOID10":"360850177003","STATEFP":"36","COUNTYFP":"085","D1C":0.39557137163611006,"D1C5_RET":0,"D2B_E5MIXA":0.63548299847452627,"D3A":17.229048259983738,"D3AAO":0,"D3B":103.84926762077643,"D4A":985.72000000000003,"D4C":36,"D4D":82.434592396100001,"D5AR":410975,"D5BR":345256}},{"type":"Feature","id":152397,"geometry":{"type":"Polygon","coordinates":[[[-74.132124483259346,40.608283231940327],[-74.131948483532256,40.607350231778177],[-74.131570481443845,40.603778230651997],[-74.128841480459087,40.604049231273805],[-74.128660480709115,40.602796230134331],[-74.1278374801784,40.60288723010887],[-74.126356479871774,40.6029082299805],[-74.127324481065742,40.608669231787182],[-74.128791481128687,40.608495232061557],[-74.132124483259346,40.608283231940327]]]},"properties":{"OBJECTID":152397,"GEOID20":"360850187021","GEOID10":"360850187021","STATEFP":"36","COUNTYFP":"085","D1C":4.6868580791514809,"D1C5_RET":0,"D2B_E5MIXA":0.015276305271476958,"D3A":36.615004144186784,"D3AAO":6.1629807430137218,"D3B":231.37129602918071,"D4A":197.13999999999999,"D4C":35.670000000000002,"D4D":399.23636461699999,"D5AR":561366,"D5BR":1422073}},{"type":"Feature","id":152398,"geometry":{"type":"Polygon","coordinates":[[[-74.140219485253866,40.611504232086865],[-74.139975484856393,40.608155230898141],[-74.132152481950129,40.608560232066921],[-74.132312482682025,40.610266231992377],[-74.132305483009318,40.612446231754816],[-74.130720482945605,40.612566232279171],[-74.130737482664046,40.612805232283648],[-74.13208948309925,40.613242232797511],[-74.133591483322306,40.614837233449023],[-74.134380483517802,40.61547923293476],[-74.138975485672006,40.616200232561141],[-74.140219485253866,40.611504232086865]]]},"properties":{"OBJECTID":152398,"GEOID20":"360850189011","GEOID10":"360850189011","STATEFP":"36","COUNTYFP":"085","D1C":2.5354131349326257,"D1C5_RET":0.64566421448594824,"D2B_E5MIXA":0.86031870986517112,"D3A":27.973839294837322,"D3AAO":0,"D3B":161.29888918841937,"D4A":80.469999999999999,"D4C":50,"D4D":251.96652272599999,"D5AR":532881,"D5BR":1421815}},{"type":"Feature","id":152414,"geometry":{"type":"Polygon","coordinates":[[[-74.164379491563949,40.576849224234032],[-74.163781490265819,40.576452224069669],[-74.161792489971063,40.575378224039582],[-74.154769487130963,40.579260224362983],[-74.152529487664367,40.580625225513053],[-74.156864489527564,40.582956224672699],[-74.157502489212035,40.582214225726155],[-74.158816489114088,40.581057225333268],[-74.15937648898074,40.579853225842164],[-74.158630488442924,40.57926322501531],[-74.159596489987081,40.578421224264297],[-74.159937488672298,40.578384224612975],[-74.160392489855298,40.578478224387837],[-74.160615490336355,40.578355224742886],[-74.160402489901031,40.578435224071704],[-74.159864489775671,40.578019224743123],[-74.160434490586397,40.577559224435475],[-74.160976490011379,40.577948224322114],[-74.161298490226656,40.577889224635683],[-74.16162749011464,40.576723224239423],[-74.162226489441025,40.576170223996549],[-74.163077490459131,40.576622223612098],[-74.162993490793554,40.577670224696917],[-74.163701490798204,40.577740224490462],[-74.163734490410164,40.577454224774719],[-74.164379491563949,40.576849224234032]]]},"properties":{"OBJECTID":152414,"GEOID20":"360850277021","GEOID10":"360850277021","STATEFP":"36","COUNTYFP":"085","D1C":1.2746727867746246,"D1C5_RET":0,"D2B_E5MIXA":0.6234980450132056,"D3A":28.470715666632916,"D3AAO":0,"D3B":161.20425145369273,"D4A":669.22000000000003,"D4C":54.670000000000002,"D4D":550.60829857399995,"D5AR":392229,"D5BR":763812}},{"type":"Feature","id":152424,"geometry":{"type":"Polygon","coordinates":[[[-74.107262475894089,40.638624237696853],[-74.107338476062068,40.638548238178991],[-74.106538475995904,40.634710237956575],[-74.103539474674392,40.634707237747556],[-74.103337474109708,40.633761237371196],[-74.10200347411616,40.633935236739937],[-74.102143474756559,40.634602237845321],[-74.099415473596693,40.634114237411708],[-74.098388473749807,40.634013236897417],[-74.097268473118177,40.634006237699843],[-74.096455472633238,40.635342237402824],[-74.095901472614372,40.635646238647041],[-74.09348147142606,40.63495223801344],[-74.092732472311837,40.635379237574398],[-74.092450472279552,40.63562723826896],[-74.09339047208779,40.636608238199294],[-74.093864470842405,40.638033238107923],[-74.094095472617724,40.639275239655468],[-74.097674473897371,40.638969237882648],[-74.097881473586597,40.640366239628264],[-74.099962473942867,40.640189239334262],[-74.104811475641966,40.638985237974453],[-74.106999476128365,40.63872823808088],[-74.107262475894089,40.638624237696853]]]},"properties":{"OBJECTID":152424,"GEOID20":"360850067001","GEOID10":"360850067001","STATEFP":"36","COUNTYFP":"085","D1C":20.796957210932273,"D1C5_RET":0.046061920732961843,"D2B_E5MIXA":0.051995862960879859,"D3A":18.950363257742666,"D3AAO":0,"D3B":145.13338931562731,"D4A":378.19999999999999,"D4C":35,"D4D":147.88833777900001,"D5AR":406647,"D5BR":1139302}},{"type":"Feature","id":152425,"geometry":{"type":"Polygon","coordinates":[[[-74.145030488216449,40.625135235011527],[-74.145768488358343,40.624966233562482],[-74.144026487037479,40.62500023406588],[-74.141663486648895,40.624648234473476],[-74.13826748566737,40.624256234897963],[-74.137228486124911,40.624304234148667],[-74.135811485392352,40.625072234513247],[-74.138060485079791,40.627077235321046],[-74.138065485102672,40.627576234584019],[-74.136743485703008,40.628670235319824],[-74.13950748684789,40.630579235540267],[-74.141856486992751,40.62854823544513],[-74.142690486495795,40.626237234353518],[-74.143089486703957,40.625622234725704],[-74.14406448667232,40.625346234634868],[-74.144085487487033,40.625429234278187],[-74.145030488216449,40.625135235011527]]]},"properties":{"OBJECTID":152425,"GEOID20":"360850247002","GEOID10":"360850247002","STATEFP":"36","COUNTYFP":"085","D1C":6.7200158506599497,"D1C5_RET":3.2165469127877961,"D2B_E5MIXA":0.79054506274402714,"D3A":25.434771554236036,"D3AAO":0,"D3B":148.25714070885195,"D4A":206.53,"D4C":57.329999999999998,"D4D":554.07965298800002,"D5AR":522037,"D5BR":1910815}},{"type":"Feature","id":152426,"geometry":{"type":"Polygon","coordinates":[[[-74.255630515329983,40.507927207917994],[-74.255695515627323,40.507738208268009],[-74.251850514208869,40.50759020764265],[-74.245249512939793,40.509551208887743],[-74.249515514307703,40.514165208807896],[-74.250990514766556,40.513356208175814],[-74.252747515257738,40.512211207600799],[-74.252723515866592,40.511984208404549],[-74.25311551460544,40.512132207528431],[-74.253136515420152,40.510683208002554],[-74.253548516047132,40.509699207234519],[-74.254036515045428,40.509099207226264],[-74.254411514964147,40.508874207546697],[-74.254665516305693,40.508847208108108],[-74.255086515356865,40.508452207490159],[-74.255170515920767,40.508489207543064],[-74.255686516304792,40.507964207577523],[-74.255630515329983,40.507927207917994]]]},"properties":{"OBJECTID":152426,"GEOID20":"360850248001","GEOID10":"360850248001","STATEFP":"36","COUNTYFP":"085","D1C":6.9899769238960694,"D1C5_RET":0.14425843557759244,"D2B_E5MIXA":0.41613234703144641,"D3A":26.199039531431016,"D3AAO":0,"D3B":170.76359494563098,"D4A":217.25999999999999,"D4C":22,"D4D":173.32406407400001,"D5AR":262735,"D5BR":93259}},{"type":"Feature","id":152427,"geometry":{"type":"Polygon","coordinates":[[[-74.078883465376805,40.593951230434001],[-74.076705463139533,40.590553230045629],[-74.077499464256235,40.59031322954533],[-74.075409463679151,40.589225230071968],[-74.073222462119347,40.588223229680068],[-74.072557462670716,40.589099230194329],[-74.071860462536705,40.58976722951305],[-74.07301046240724,40.592193230306492],[-74.072658462953058,40.592393230731176],[-74.074539462394455,40.595395230750427],[-74.078883465376805,40.593951230434001]]]},"properties":{"OBJECTID":152427,"GEOID20":"360850070004","GEOID10":"360850070004","STATEFP":"36","COUNTYFP":"085","D1C":1.0351933988796085,"D1C5_RET":0,"D2B_E5MIXA":0.44041984399803946,"D3A":25.009526191534103,"D3AAO":0,"D3B":154.27467707749602,"D4A":124.72,"D4C":16.329999999999998,"D4D":160.76226639500001,"D5AR":495512,"D5BR":346714}},{"type":"Feature","id":152428,"geometry":{"type":"Polygon","coordinates":[[[-74.151984489662951,40.617538232522989],[-74.151554488594329,40.617521232419946],[-74.150619488808957,40.618600232953099],[-74.147933488380204,40.621344233334383],[-74.146817487946535,40.620722233746243],[-74.144586487802442,40.620674233285158],[-74.144613487566616,40.620433233588223],[-74.141880486383897,40.620099234214564],[-74.142338486143274,40.616616232359974],[-74.139823485418759,40.616308232430036],[-74.138368485051373,40.621746233547412],[-74.138614485098671,40.621781233907711],[-74.13826748566737,40.624256234897963],[-74.141663486648895,40.624648234473476],[-74.144026487037479,40.62500023406588],[-74.146146488650118,40.624938234338117],[-74.146488488956891,40.623999233536317],[-74.147055488496221,40.622979233800521],[-74.147691488530853,40.622080233549909],[-74.151984489662951,40.617538232522989]]]},"properties":{"OBJECTID":152428,"GEOID20":"360850251001","GEOID10":"360850251001","STATEFP":"36","COUNTYFP":"085","D1C":3.6575182945649685,"D1C5_RET":0.8127818432366597,"D2B_E5MIXA":0.81519828473360578,"D3A":30.4136753052403,"D3AAO":3.4527069086814879,"D3B":182.66078693825131,"D4A":378.19999999999999,"D4C":49.329999999999998,"D4D":272.98402265099998,"D5AR":502781,"D5BR":1698427}},{"type":"Feature","id":152429,"geometry":{"type":"Polygon","coordinates":[[[-74.153636488775518,40.606747230533081],[-74.153680489156443,40.606675230112415],[-74.152001487584755,40.606089229885143],[-74.151595488602212,40.605778230389205],[-74.151359488600662,40.605415230313866],[-74.151048488256038,40.605649230182408],[-74.150968488788408,40.60588323127773],[-74.150746489030567,40.605997230360408],[-74.14864548768449,40.605959230460449],[-74.147949487375399,40.605775230244454],[-74.147578486756331,40.605385230061607],[-74.147451488331342,40.605742230007621],[-74.147503487311582,40.606321230496448],[-74.147197487888135,40.60857123100191],[-74.148784486703349,40.60920823046844],[-74.149544488383171,40.609635230278805],[-74.153621489605214,40.608809231198329],[-74.153273489450669,40.607824230891936],[-74.153358489839462,40.607342230670817],[-74.153636488775518,40.606747230533081]]]},"properties":{"OBJECTID":152429,"GEOID20":"360850273011","GEOID10":"360850273011","STATEFP":"36","COUNTYFP":"085","D1C":9.6501503362035361,"D1C5_RET":0.31714109086114906,"D2B_E5MIXA":0.54561511436472732,"D3A":26.262957791312957,"D3AAO":5.1055146208718005,"D3B":51.943352193414768,"D4A":355.39999999999998,"D4C":32,"D4D":453.15901586400003,"D5AR":543408,"D5BR":1747594}},{"type":"Feature","id":152430,"geometry":{"type":"Polygon","coordinates":[[[-74.092864472556315,40.645483239719638],[-74.091147471349828,40.639766238475289],[-74.087985469821689,40.640271239628944],[-74.087954470757836,40.640473239293364],[-74.087092470767402,40.640342239303934],[-74.086525471228057,40.642572240142684],[-74.086521471030096,40.643905240397807],[-74.088934470749066,40.646673239915657],[-74.089693470807362,40.646305240367518],[-74.092864472556315,40.645483239719638]]]},"properties":{"OBJECTID":152430,"GEOID20":"360850081003","GEOID10":"360850081003","STATEFP":"36","COUNTYFP":"085","D1C":0.76101913427590717,"D1C5_RET":0.070464734655176595,"D2B_E5MIXA":0.68840893999595232,"D3A":25.768778027672067,"D3AAO":0,"D3B":153.40341179604218,"D4A":372.82999999999998,"D4C":24.670000000000002,"D4D":222.510710784,"D5AR":357628,"D5BR":581858}},{"type":"Feature","id":152431,"geometry":{"type":"Polygon","coordinates":[[[-74.163288492142968,40.601689229367757],[-74.162945492011289,40.600451228878065],[-74.161901491547653,40.595307228012643],[-74.160356491666903,40.595350227713837],[-74.15989349098632,40.595178228060895],[-74.149729486534483,40.589501227252647],[-74.148335486266461,40.588649227718911],[-74.147898486423458,40.588564227252398],[-74.145835485610533,40.588572227878785],[-74.145668485205974,40.589974227362532],[-74.145322485599564,40.591651228017575],[-74.142724485932661,40.594911228242623],[-74.140042484803544,40.598604228771343],[-74.140463484753042,40.603078230484478],[-74.142029486346814,40.603380229511089],[-74.143034485554054,40.603759230073877],[-74.144107486330014,40.604255230077769],[-74.146509487076642,40.605197230311212],[-74.147451488331342,40.605742230007621],[-74.147578486756331,40.605385230061607],[-74.147949487375399,40.605775230244454],[-74.14864548768449,40.605959230460449],[-74.150746489030567,40.605997230360408],[-74.150968488788408,40.60588323127773],[-74.151048488256038,40.605649230182408],[-74.151359488600662,40.605415230313866],[-74.151595488602212,40.605778230389205],[-74.152001487584755,40.606089229885143],[-74.153680489156443,40.606675230112415],[-74.153358489839462,40.607342230670817],[-74.153273489450669,40.607824230891936],[-74.153621489605214,40.608809231198329],[-74.160404491347478,40.607450230535804],[-74.162383491596486,40.607198230351941],[-74.162272492166736,40.606707230081646],[-74.162215492265318,40.60531423004749],[-74.163288492142968,40.601689229367757]]]},"properties":{"OBJECTID":152431,"GEOID20":"360850273012","GEOID10":"360850273012","STATEFP":"36","COUNTYFP":"085","D1C":3.9325689122754177,"D1C5_RET":0.079315414271971377,"D2B_E5MIXA":0.24703723937808794,"D3A":17.238102779244461,"D3AAO":0,"D3B":144.27106143148535,"D4A":973.64999999999998,"D4C":66,"D4D":59.865016437500003,"D5AR":399338,"D5BR":281753}},{"type":"Feature","id":152432,"geometry":{"type":"Polygon","coordinates":[[[-74.140042484803544,40.598604228771343],[-74.140540484745927,40.597875228713306],[-74.137855483243769,40.59799722935734],[-74.137844484271412,40.598335229128963],[-74.134128482724407,40.59823922942811],[-74.13415548159027,40.59748822933431],[-74.133091482831773,40.597446228907394],[-74.132814481924029,40.597249229800902],[-74.131188481852433,40.598368229612454],[-74.130954482399034,40.598737229320406],[-74.130930481211266,40.599107228958545],[-74.130991481310616,40.599511230475613],[-74.132508481602287,40.599640229569538],[-74.137235484000954,40.603257230648126],[-74.138592483560728,40.60321523043558],[-74.140463484753042,40.603078230484478],[-74.140042484803544,40.598604228771343]]]},"properties":{"OBJECTID":152432,"GEOID20":"360850273021","GEOID10":"360850273021","STATEFP":"36","COUNTYFP":"085","D1C":2.0700098638228206,"D1C5_RET":0.012545514326198912,"D2B_E5MIXA":0.47093379178467842,"D3A":26.439846944178932,"D3AAO":0,"D3B":152.60162898159138,"D4A":202.50999999999999,"D4C":15,"D4D":120.436937532,"D5AR":495479,"D5BR":1230930}},{"type":"Feature","id":152433,"geometry":{"type":"Polygon","coordinates":[[[-74.145668485205974,40.589974227362532],[-74.145835485610533,40.588572227878785],[-74.141362484553397,40.588763228223101],[-74.138668482830397,40.589028227208047],[-74.136399483051477,40.591981228275522],[-74.135103482692756,40.594543228551736],[-74.1337764823719,40.59634122882175],[-74.132814481924029,40.597249229800902],[-74.133091482831773,40.597446228907394],[-74.13415548159027,40.59748822933431],[-74.134128482724407,40.59823922942811],[-74.137844484271412,40.598335229128963],[-74.137855483243769,40.59799722935734],[-74.140540484745927,40.597875228713306],[-74.142724485932661,40.594911228242623],[-74.145322485599564,40.591651228017575],[-74.145668485205974,40.589974227362532]]]},"properties":{"OBJECTID":152433,"GEOID20":"360850273022","GEOID10":"360850273022","STATEFP":"36","COUNTYFP":"085","D1C":0.61403125432148997,"D1C5_RET":0.058790226477589462,"D2B_E5MIXA":0.6300872123725938,"D3A":8.7414871936267691,"D3AAO":0,"D3B":30.910753075793085,"D4A":470.73000000000002,"D4C":15,"D4D":55.614884987000003,"D5AR":475065,"D5BR":662794}},{"type":"Feature","id":152434,"geometry":{"type":"Polygon","coordinates":[[[-74.112239477639704,40.644795239983274],[-74.112642478944153,40.644555238644479],[-74.111982477721767,40.644108239218191],[-74.110817477782618,40.6446482388397],[-74.109543477165204,40.637995238023372],[-74.10904447739793,40.638195238405054],[-74.107465477182004,40.638447238237319],[-74.107092476913095,40.638708238570203],[-74.104811475641966,40.638985237974453],[-74.099962473942867,40.640189239334262],[-74.100393474836409,40.643126239133629],[-74.100884474207774,40.645120239994597],[-74.100135474195227,40.644983240088393],[-74.100023474940542,40.645423239743558],[-74.102762475971062,40.646067239486555],[-74.106806476682834,40.645911239302052],[-74.110925477737652,40.645558239613891],[-74.112239477639704,40.644795239983274]]]},"properties":{"OBJECTID":152434,"GEOID20":"360850097003","GEOID10":"360850097003","STATEFP":"36","COUNTYFP":"085","D1C":16.854864889116467,"D1C5_RET":0.20787089277430382,"D2B_E5MIXA":0.44985486766874672,"D3A":24.168604678486158,"D3AAO":0,"D3B":174.04405140738388,"D4A":362.10000000000002,"D4C":22.670000000000002,"D4D":89.637609228399995,"D5AR":414563,"D5BR":1128227}},{"type":"Feature","id":152451,"geometry":{"type":"Polygon","coordinates":[[[-74.153559488782605,40.612757231589512],[-74.153690490100487,40.612330231270441],[-74.149970488355535,40.609548231048237],[-74.146970486310792,40.610159232341807],[-74.146036487248622,40.617021232708098],[-74.147947487725588,40.617126232296556],[-74.151984489662951,40.617538232522989],[-74.152497489673948,40.616564232356311],[-74.153559488782605,40.612757231589512]]]},"properties":{"OBJECTID":152451,"GEOID20":"360850251003","GEOID10":"360850251003","STATEFP":"36","COUNTYFP":"085","D1C":1.6185030536207718,"D1C5_RET":0.12232871916901182,"D2B_E5MIXA":0.38322254285845159,"D3A":26.035830276160844,"D3AAO":3.9902793332537283,"D3B":98.398963323199212,"D4A":630.33000000000004,"D4C":71,"D4D":427.585923003,"D5AR":532140,"D5BR":1749610}},{"type":"Feature","id":152452,"geometry":{"type":"Polygon","coordinates":[[[-74.135835483885188,40.617209233289692],[-74.136217485273235,40.615795233373184],[-74.134281482885285,40.615433232832657],[-74.133591483322306,40.614837233449023],[-74.13208948309925,40.613242232797511],[-74.130737482664046,40.612805232283648],[-74.13122548256068,40.617273234034329],[-74.134259484042289,40.617746234035614],[-74.134022483317523,40.618618233092256],[-74.135396484392359,40.618835233327609],[-74.135835483885188,40.617209233289692]]]},"properties":{"OBJECTID":152452,"GEOID20":"360850197002","GEOID10":"360850197002","STATEFP":"36","COUNTYFP":"085","D1C":1.2324390054959771,"D1C5_RET":0,"D2B_E5MIXA":0.64272400492923865,"D3A":37.938813676931893,"D3AAO":0,"D3B":230.1538761463554,"D4A":185.06999999999999,"D4C":37.329999999999998,"D4D":613.42597433599997,"D5AR":532810,"D5BR":1421833}},{"type":"Feature","id":152453,"geometry":{"type":"Polygon","coordinates":[[[-74.136668481766662,40.556344220860538],[-74.137432480949514,40.555826221559158],[-74.133185479848166,40.552352220885524],[-74.131786479557292,40.553494220576816],[-74.130460479061341,40.554425220920322],[-74.128118477690862,40.556543221443668],[-74.129608479116655,40.557493221103336],[-74.13022047886183,40.559913222310882],[-74.130326480065364,40.560143221751083],[-74.130941479285283,40.560551221775221],[-74.129666478842964,40.561617222530053],[-74.130063479401315,40.562009223027694],[-74.136182480621557,40.556949221148756],[-74.136028480635758,40.556826221514889],[-74.136668481766662,40.556344220860538]]]},"properties":{"OBJECTID":152453,"GEOID20":"360850132042","GEOID10":"360850132042","STATEFP":"36","COUNTYFP":"085","D1C":0.82785766324094412,"D1C5_RET":0,"D2B_E5MIXA":0.30683000032108182,"D3A":31.844128216028484,"D3AAO":0,"D3B":222.52813987916579,"D4A":360.75999999999999,"D4C":60.329999999999998,"D4D":415.124387103,"D5AR":275838,"D5BR":758615}},{"type":"Feature","id":152454,"geometry":{"type":"Polygon","coordinates":[[[-74.120637481379561,40.636581237080762],[-74.120240480821209,40.634308236695269],[-74.117200479491814,40.634576237350629],[-74.117385479439733,40.6354042370155],[-74.117550480194481,40.636962237538803],[-74.120637481379561,40.636581237080762]]]},"properties":{"OBJECTID":152454,"GEOID20":"360850133011","GEOID10":"360850133011","STATEFP":"36","COUNTYFP":"085","D1C":1.398123596557455,"D1C5_RET":0,"D2B_E5MIXA":0.40143860168154427,"D3A":50.473596447194716,"D3AAO":0,"D3B":884.97771259640308,"D4A":206.53,"D4C":32.329999999999998,"D4D":1243.53831051,"D5AR":454526,"D5BR":1695518}},{"type":"Feature","id":152455,"geometry":{"type":"Polygon","coordinates":[[[-74.081474468065977,40.641520239529022],[-74.080633467991916,40.638030238729911],[-74.081114468215858,40.637962238703793],[-74.08094546816146,40.637286239529381],[-74.08055346762599,40.637328238776014],[-74.078789467462101,40.638277239785758],[-74.077900466809169,40.638102238762215],[-74.078847468086749,40.642003239875727],[-74.081474468065977,40.641520239529022]]]},"properties":{"OBJECTID":152455,"GEOID20":"360850011001","GEOID10":"360850011001","STATEFP":"36","COUNTYFP":"085","D1C":7.5639382172615806,"D1C5_RET":0,"D2B_E5MIXA":0.28458540834656249,"D3A":27.648812091429804,"D3AAO":0,"D3B":152.09614489394508,"D4A":413.06,"D4C":87,"D4D":2205.02659653,"D5AR":346832,"D5BR":346811}},{"type":"Feature","id":152456,"geometry":{"type":"Polygon","coordinates":[[[-74.12092147926505,40.606367231415625],[-74.120597479399962,40.601818230397122],[-74.11684547696963,40.60190323038416],[-74.114872477466704,40.602145231320023],[-74.115378476906685,40.603992231118532],[-74.115792478081786,40.606870231839501],[-74.115961477237875,40.607460231221765],[-74.116494477340339,40.607664232202922],[-74.117070477998851,40.608213232061424],[-74.117427477475914,40.609298232856261],[-74.118346478266062,40.609152232437481],[-74.118142478051567,40.60662423172829],[-74.12092147926505,40.606367231415625]]]},"properties":{"OBJECTID":152456,"GEOID20":"360850173001","GEOID10":"360850173001","STATEFP":"36","COUNTYFP":"085","D1C":1.8712572005246118,"D1C5_RET":0.62862546580123679,"D2B_E5MIXA":0.7466785976754079,"D3A":31.089788906027454,"D3AAO":0,"D3B":180.94121500472735,"D4A":327.23000000000002,"D4C":17.670000000000002,"D4D":165.325573666,"D5AR":533676,"D5BR":1421972}},{"type":"Feature","id":152610,"geometry":{"type":"Polygon","coordinates":[[[-74.076601465179095,40.605954233415403],[-74.076684465019767,40.60548123245821],[-74.076198464772972,40.605435232975232],[-74.076330465017435,40.605159233366464],[-74.076295464857338,40.604988232866482],[-74.074899464041195,40.603286232679437],[-74.073566462974256,40.602231232129242],[-74.07250546369049,40.60174523160584],[-74.07206646240104,40.599965231782456],[-74.071973463412931,40.59799623146629],[-74.070959462188213,40.59735223055219],[-74.070441462154349,40.596743231454148],[-74.060936459998302,40.599869232376143],[-74.061813459159055,40.601158232597186],[-74.063770460565067,40.60213523324898],[-74.066266461023019,40.602846233620816],[-74.072721463600558,40.605278233508052],[-74.074009463563343,40.605575233023089],[-74.076591464235051,40.606013232896252],[-74.076601465179095,40.605954233415403]]]},"properties":{"OBJECTID":152610,"GEOID20":"360850020021","GEOID10":"360850020021","STATEFP":"36","COUNTYFP":"085","D1C":3.2263115256939976,"D1C5_RET":0.10019601011472043,"D2B_E5MIXA":0.32296957557900491,"D3A":34.748842253715452,"D3AAO":9.8303761173138895,"D3B":153.45192426211472,"D4A":272.25,"D4C":92.329999999999998,"D4D":393.43041672599998,"D5AR":621266,"D5BR":1048528}},{"type":"Feature","id":152634,"geometry":{"type":"Polygon","coordinates":[[[-74.077810465499184,40.606312232862969],[-74.077868465225492,40.606074233321998],[-74.076591464235051,40.606013232896252],[-74.076498465246942,40.606792232717353],[-74.075397463983577,40.606604232832723],[-74.074941463873998,40.607058233021839],[-74.071122463293136,40.609059233947555],[-74.070030463148939,40.607740234134297],[-74.068465462278382,40.608477233968912],[-74.069240462230184,40.609258233931634],[-74.071191463788423,40.611525234706583],[-74.074151463853582,40.61002223434911],[-74.074971464011227,40.609521233309891],[-74.076729464327315,40.60797223378821],[-74.077598464888752,40.606894232600339],[-74.077810465499184,40.606312232862969]]]},"properties":{"OBJECTID":152634,"GEOID20":"360850020011","GEOID10":"360850020011","STATEFP":"36","COUNTYFP":"085","D1C":1.1214908403009449,"D1C5_RET":0,"D2B_E5MIXA":0.33895063195173541,"D3A":34.883725194243347,"D3AAO":2.3460647629794673,"D3B":220.20696947477114,"D4A":439.88999999999999,"D4C":65.329999999999998,"D4D":937.81755643999998,"D5AR":578182,"D5BR":864483}},{"type":"Feature","id":152636,"geometry":{"type":"Polygon","coordinates":[[[-74.081408467943717,40.630309236977958],[-74.081732468707145,40.63002023739557],[-74.079726466897313,40.628959237335891],[-74.077868466123803,40.630976237490948],[-74.076177465754881,40.634242239166909],[-74.076431465299791,40.634982239305884],[-74.076879465911773,40.635657239258087],[-74.077983466649854,40.637872239485006],[-74.077956466885666,40.636985239042751],[-74.078188466689269,40.635625239520486],[-74.079366467945519,40.632233238304899],[-74.080357466909078,40.631219238250253],[-74.081408467943717,40.630309236977958]]]},"properties":{"OBJECTID":152636,"GEOID20":"360850021001","GEOID10":"360850021001","STATEFP":"36","COUNTYFP":"085","D1C":4.2794151461005354,"D1C5_RET":0.10632087319504437,"D2B_E5MIXA":0.49994370666012544,"D3A":30.573499933393133,"D3AAO":0,"D3B":124.79518812141526,"D4A":158.25,"D4C":78.329999999999998,"D4D":1332.49823958,"D5AR":341395,"D5BR":272789}},{"type":"Feature","id":152655,"geometry":{"type":"Polygon","coordinates":[[[-74.092823468955174,40.60181723119905],[-74.092838469922114,40.601097231095025],[-74.091780468316458,40.599247231347711],[-74.090834468660432,40.599996231646578],[-74.089477468202332,40.600912231241665],[-74.088276468278195,40.6011212318828],[-74.086584467186029,40.601258231752645],[-74.086186466802772,40.601353231323337],[-74.086145466794875,40.603591231691212],[-74.089525468781233,40.605392232258623],[-74.0924014691808,40.607080232066401],[-74.092662470195009,40.606808231652856],[-74.092778469647655,40.606447233383612],[-74.092587468953624,40.605149232336188],[-74.092610469418162,40.603238231285992],[-74.092823468955174,40.60181723119905]]]},"properties":{"OBJECTID":152655,"GEOID20":"360850050001","GEOID10":"360850050001","STATEFP":"36","COUNTYFP":"085","D1C":7.2640576661665506,"D1C5_RET":0.19519540753614531,"D2B_E5MIXA":0.21206763123179703,"D3A":26.477814197217668,"D3AAO":0,"D3B":119.00896687129463,"D4A":297.73000000000002,"D4C":43.329999999999998,"D4D":386.64306324799998,"D5AR":550774,"D5BR":779275}},{"type":"Feature","id":152656,"geometry":{"type":"Polygon","coordinates":[[[-74.079971466221394,40.624491237192998],[-74.079599466675703,40.624610236316386],[-74.077856465529933,40.62120523591198],[-74.076956465006333,40.620169235279107],[-74.072536464550936,40.622472235668717],[-74.074401464098827,40.624471236826786],[-74.075648465850364,40.626672237305769],[-74.078167466772868,40.626474236882274],[-74.079971466221394,40.624491237192998]]]},"properties":{"OBJECTID":152656,"GEOID20":"360850027001","GEOID10":"360850027001","STATEFP":"36","COUNTYFP":"085","D1C":14.871460038468136,"D1C5_RET":0.38795113143829918,"D2B_E5MIXA":0.42680145913404294,"D3A":23.731052128159025,"D3AAO":0,"D3B":144.88681588782347,"D4A":387.57999999999998,"D4C":36.670000000000002,"D4D":379.36447972899998,"D5AR":443911,"D5BR":274979}},{"type":"Feature","id":152657,"geometry":{"type":"Polygon","coordinates":[[[-74.085900468369132,40.619917235330988],[-74.086008468324167,40.619102235091489],[-74.081980467505929,40.618786235293712],[-74.081498467457095,40.619579235601755],[-74.08149746763219,40.619977235729579],[-74.081640466848995,40.620450236359581],[-74.082921468037412,40.622685235340498],[-74.08277446772432,40.623596236419168],[-74.085251467915697,40.622809235512065],[-74.085900468369132,40.619917235330988]]]},"properties":{"OBJECTID":152657,"GEOID20":"360850029001","GEOID10":"360850029001","STATEFP":"36","COUNTYFP":"085","D1C":4.4994252157341723,"D1C5_RET":0.2595822239846638,"D2B_E5MIXA":0.2607818670429119,"D3A":23.36840510064043,"D3AAO":0,"D3B":61.542907361057345,"D4A":0,"D4C":24,"D4D":443.02032893400002,"D5AR":455004,"D5BR":303825}},{"type":"Feature","id":152658,"geometry":{"type":"Polygon","coordinates":[[[-74.094091470623113,40.617881235323154],[-74.094072471254847,40.617712233930966],[-74.093513470314804,40.618250235041188],[-74.093209469642886,40.61832923542368],[-74.092859470736826,40.618304235045159],[-74.090914469924684,40.61714123456219],[-74.089855468494108,40.616868235213872],[-74.089601469847523,40.61661623440564],[-74.087415468112653,40.615938233908992],[-74.08657246749047,40.617178235272249],[-74.08626846861516,40.617840235077132],[-74.085251467915697,40.622809235512065],[-74.084963468035625,40.624633235939164],[-74.084155467573538,40.626275236357529],[-74.083763467936379,40.626784236679399],[-74.083034468015327,40.627380237199546],[-74.082207467286651,40.627483236512461],[-74.081140468155112,40.627334237110873],[-74.08078846780262,40.627442237387498],[-74.08057046644609,40.628081237950227],[-74.079726466897313,40.628959237335891],[-74.081732468707145,40.63002023739557],[-74.083031468540597,40.62873323719645],[-74.084563468002528,40.629741236640463],[-74.085208468258003,40.629321237528089],[-74.08807846970808,40.631089237951215],[-74.088905470436757,40.630300237802459],[-74.091582470644681,40.62655423659379],[-74.090496470348242,40.625911236296027],[-74.088720469590513,40.625907236171948],[-74.088491470159951,40.623457236182993],[-74.088676469209574,40.621039235569988],[-74.089861470138516,40.61988323496756],[-74.090669469702291,40.618717235816611],[-74.09107747013131,40.618619235448513],[-74.091923470228224,40.618583235165914],[-74.092788470591699,40.618762234712854],[-74.09343946979665,40.618744234612507],[-74.093811471138949,40.618511235224297],[-74.093999471459924,40.618243234191411],[-74.094091470623113,40.617881235323154]]]},"properties":{"OBJECTID":152658,"GEOID20":"360850033002","GEOID10":"360850033002","STATEFP":"36","COUNTYFP":"085","D1C":0.51870376411861885,"D1C5_RET":0.012062878235316718,"D2B_E5MIXA":0.72175315089365688,"D3A":19.494779355340459,"D3AAO":0,"D3B":88.108846159365058,"D4A":457.31999999999999,"D4C":62.670000000000002,"D4D":236.549774614,"D5AR":400514,"D5BR":173889}},{"type":"Feature","id":152659,"geometry":{"type":"Polygon","coordinates":[[[-74.081497466733865,40.606374233509797],[-74.081645466871862,40.606186233131346],[-74.077868465225492,40.606074233321998],[-74.077598464888752,40.606894232600339],[-74.078166464253002,40.606907232781502],[-74.079142464944596,40.606747233261068],[-74.078802465185959,40.607462233541135],[-74.077075464832021,40.609725233455436],[-74.076294464134122,40.609352233275963],[-74.074925464878802,40.610898234311456],[-74.074372464684828,40.611234233473269],[-74.075039464681595,40.61170623353383],[-74.076099465038766,40.612208234964562],[-74.075683465112164,40.612598234201094],[-74.072459462761415,40.614086235041981],[-74.074548465310244,40.616951235163725],[-74.076205464445664,40.614427234360676],[-74.079430465722993,40.609107233888288],[-74.081497466733865,40.606374233509797]]]},"properties":{"OBJECTID":152659,"GEOID20":"360850036001","GEOID10":"360850036001","STATEFP":"36","COUNTYFP":"085","D1C":0.67245153652437095,"D1C5_RET":0,"D2B_E5MIXA":0.71500914948538385,"D3A":26.307026095901758,"D3AAO":5.6138529066482841,"D3B":80.499993500181859,"D4A":367.47000000000003,"D4C":73,"D4D":766.26672649800003,"D5AR":563717,"D5BR":977479}},{"type":"Feature","id":152660,"geometry":{"type":"Polygon","coordinates":[[[-74.097703472413045,40.618817235292525],[-74.097148471670948,40.615293233661127],[-74.09430447105845,40.616663234715077],[-74.094049471688621,40.618125234270977],[-74.093649470757242,40.618651234471244],[-74.093219471485256,40.618781234434699],[-74.09258747075026,40.618738235487143],[-74.091923470228224,40.618583235165914],[-74.09107747013131,40.618619235448513],[-74.090669469702291,40.618717235816611],[-74.090225469288285,40.619417235141398],[-74.091056470214909,40.619726235351195],[-74.093905470850274,40.620263234274937],[-74.094264470875487,40.620116235707194],[-74.094625470550511,40.619662234910933],[-74.097703472413045,40.618817235292525]]]},"properties":{"OBJECTID":152660,"GEOID20":"360850039001","GEOID10":"360850039001","STATEFP":"36","COUNTYFP":"085","D1C":0.10654901155440923,"D1C5_RET":0,"D2B_E5MIXA":0,"D3A":9.15763564073211,"D3AAO":0,"D3B":22.741821026173103,"D4A":95.219999999999999,"D4C":37.670000000000002,"D4D":642.19220244099995,"D5AR":502613,"D5BR":945801}},{"type":"Feature","id":152661,"geometry":{"type":"Polygon","coordinates":[[[-74.090383469472044,40.609172233298452],[-74.090569469244869,40.609010234199864],[-74.087614468304281,40.607687232886292],[-74.085560466813874,40.606914232773086],[-74.083509466594847,40.60641323298514],[-74.081645466871862,40.606186233131346],[-74.08069646594447,40.607397233149761],[-74.088218468551858,40.611848233544002],[-74.089589469253639,40.609856232816036],[-74.090383469472044,40.609172233298452]]]},"properties":{"OBJECTID":152661,"GEOID20":"360850040001","GEOID10":"360850040001","STATEFP":"36","COUNTYFP":"085","D1C":2.3491064422618666,"D1C5_RET":0.20576114822731678,"D2B_E5MIXA":0.69730656418580095,"D3A":42.82087494694381,"D3AAO":10.061350365706177,"D3B":98.787299004922971,"D4A":379.54000000000002,"D4C":48,"D4D":526.74853946200005,"D5AR":550173,"D5BR":780723}},{"type":"Feature","id":152662,"geometry":{"type":"Polygon","coordinates":[[[-74.103512474011879,40.616422234185805],[-74.102095472381038,40.614608232828047],[-74.100552473048424,40.613469233233253],[-74.099352472949178,40.612427233641043],[-74.098111471943739,40.612799233306873],[-74.097924471447683,40.613487233391034],[-74.097527471787643,40.614083233224456],[-74.098118472514756,40.615305234575736],[-74.101899472562451,40.617461233906774],[-74.102550473564023,40.616861234219314],[-74.103512474011879,40.616422234185805]]]},"properties":{"OBJECTID":152662,"GEOID20":"360850047002","GEOID10":"360850047002","STATEFP":"36","COUNTYFP":"085","D1C":5.719941707044474,"D1C5_RET":0.57199417070444736,"D2B_E5MIXA":0.4056115822630475,"D3A":31.867384675015327,"D3AAO":0,"D3B":128.16330186472129,"D4A":250.78999999999999,"D4C":35,"D4D":640.63347118900003,"D5AR":519204,"D5BR":1358963}},{"type":"Feature","id":152663,"geometry":{"type":"Polygon","coordinates":[[[-74.092258469963966,40.607217231998369],[-74.0924014691808,40.607080232066401],[-74.090917469399415,40.606170232682921],[-74.086145466794875,40.603591231691212],[-74.085871468056823,40.603856231927587],[-74.085654466525213,40.603747231859757],[-74.085207466636447,40.604095233074759],[-74.082910466370123,40.606315232301604],[-74.084951467441741,40.606734232366776],[-74.086438467596182,40.607219232279064],[-74.090569469244869,40.609010234199864],[-74.092258469963966,40.607217231998369]]]},"properties":{"OBJECTID":152663,"GEOID20":"360850050002","GEOID10":"360850050002","STATEFP":"36","COUNTYFP":"085","D1C":3.7365505998188944,"D1C5_RET":0.16730823581278631,"D2B_E5MIXA":0.74936572490807107,"D3A":33.173459987338873,"D3AAO":4.6415425428200887,"D3B":150.72910503197795,"D4A":168.97999999999999,"D4C":43.329999999999998,"D4D":515.51757210799997,"D5AR":551482,"D5BR":823055}},{"type":"Feature","id":152664,"geometry":{"type":"Polygon","coordinates":[[[-74.12205648086362,40.628372236026671],[-74.121258480447267,40.627831235471767],[-74.120130480318053,40.626544235356739],[-74.118134478553955,40.627880235734025],[-74.11783447897831,40.627632235581629],[-74.116144478434293,40.628710235576712],[-74.116506477934237,40.630764236437294],[-74.118233479186486,40.630638235775102],[-74.119904479463926,40.630180236408307],[-74.11947147981887,40.629400236407115],[-74.12205648086362,40.628372236026671]]]},"properties":{"OBJECTID":152664,"GEOID20":"360850125002","GEOID10":"360850125002","STATEFP":"36","COUNTYFP":"085","D1C":10.860867337641588,"D1C5_RET":3.9614105790789984,"D2B_E5MIXA":0.61433099748390396,"D3A":31.42445048655998,"D3AAO":0,"D3B":154.97040180536555,"D4A":0,"D4C":34,"D4D":718.33587748900004,"D5AR":492517,"D5BR":1407302}},{"type":"Feature","id":152670,"geometry":{"type":"Polygon","coordinates":[[[-74.111277475395212,40.581800227059915],[-74.112211475355679,40.581275226959811],[-74.108796473209239,40.579446225665443],[-74.105689471932678,40.581636226757716],[-74.102498471888865,40.584024227700482],[-74.105260472485583,40.58593122834268],[-74.107910473827644,40.583693228277134],[-74.109249474742398,40.58268722688841],[-74.111277475395212,40.581800227059915]]]},"properties":{"OBJECTID":152670,"GEOID20":"360850114023","GEOID10":"360850114023","STATEFP":"36","COUNTYFP":"085","D1C":5.7938645131798356,"D1C5_RET":0.41883357926601222,"D2B_E5MIXA":0.69480573762611442,"D3A":34.789350651061568,"D3AAO":0,"D3B":126.63293657914791,"D4A":130.09,"D4C":27,"D4D":301.56017707199999,"D5AR":379481,"D5BR":336017}},{"type":"Feature","id":152671,"geometry":{"type":"Polygon","coordinates":[[[-74.10801147321169,40.580045226730512],[-74.108796473209239,40.579446225665443],[-74.107111472688089,40.578544226517096],[-74.104960471113316,40.577108226623878],[-74.103691472315404,40.576513226222836],[-74.101671471160188,40.578631226526163],[-74.106400473208694,40.581167227106562],[-74.10801147321169,40.580045226730512]]]},"properties":{"OBJECTID":152671,"GEOID20":"360850114022","GEOID10":"360850114022","STATEFP":"36","COUNTYFP":"085","D1C":2.234646359392364,"D1C5_RET":1.2138819730032593,"D2B_E5MIXA":0.7420072129830616,"D3A":25.037269540396313,"D3AAO":0,"D3B":100.07684397065415,"D4A":150.21000000000001,"D4C":79.670000000000002,"D4D":1406.69057148,"D5AR":378972,"D5BR":344076}},{"type":"Feature","id":152672,"geometry":{"type":"Polygon","coordinates":[[[-74.157667489068459,40.583383225715849],[-74.152529487664367,40.580625225513053],[-74.149633487173318,40.583378226300987],[-74.150748487782067,40.583938225983808],[-74.14968548615353,40.584873226401676],[-74.15389648726989,40.587158227145224],[-74.157667489068459,40.583383225715849]]]},"properties":{"OBJECTID":152672,"GEOID20":"360850277041","GEOID10":"360850277041","STATEFP":"36","COUNTYFP":"085","D1C":2.1065945958725596,"D1C5_RET":0.015155356804838559,"D2B_E5MIXA":0.68498590480416421,"D3A":22.191507011460555,"D3AAO":0,"D3B":126.06960399897291,"D4A":568.63,"D4C":41.329999999999998,"D4D":400.65026784100002,"D5AR":419345,"D5BR":762888}},{"type":"Feature","id":152673,"geometry":{"type":"Polygon","coordinates":[[[-74.166090490227717,40.541663217336819],[-74.160258487266034,40.53527521573357],[-74.158521486866348,40.537245216341375],[-74.164232489454221,40.54330921776188],[-74.16476648938162,40.542680217203916],[-74.166090490227717,40.541663217336819]]]},"properties":{"OBJECTID":152673,"GEOID20":"360850156021","GEOID10":"360850156021","STATEFP":"36","COUNTYFP":"085","D1C":2.1185680005685117,"D1C5_RET":0.33977033971381793,"D2B_E5MIXA":0.77154252753099428,"D3A":27.688362400975322,"D3AAO":0,"D3B":191.89589219338148,"D4A":171.66,"D4C":50,"D4D":639.56769828500001,"D5AR":252588,"D5BR":764493}},{"type":"Feature","id":152674,"geometry":{"type":"Polygon","coordinates":[[[-74.13853548455765,40.621136234160481],[-74.138738484947226,40.620382233430568],[-74.135132483005066,40.619814233896086],[-74.135396484392359,40.618835233327609],[-74.134022483317523,40.618618233092256],[-74.133704484198503,40.620305233319286],[-74.13375848462519,40.621145233889045],[-74.133988483880643,40.621171234158595],[-74.133859484907518,40.622068234534119],[-74.137251485691124,40.623938234473968],[-74.137228486124911,40.624304234148667],[-74.13826748566737,40.624256234897963],[-74.138614485098671,40.621781233907711],[-74.138368485051373,40.621746233547412],[-74.13853548455765,40.621136234160481]]]},"properties":{"OBJECTID":152674,"GEOID20":"360850201003","GEOID10":"360850201003","STATEFP":"36","COUNTYFP":"085","D1C":0.66724624416819833,"D1C5_RET":0,"D2B_E5MIXA":0.67936159452431699,"D3A":39.822771450868579,"D3AAO":0,"D3B":264.02676129133818,"D4A":395.63,"D4C":15,"D4D":242.389461985,"D5AR":527468,"D5BR":1715976}},{"type":"Feature","id":152675,"geometry":{"type":"Polygon","coordinates":[[[-74.141489486571643,40.63327023597094],[-74.141544486823221,40.633173235232441],[-74.139871485997645,40.632447235583555],[-74.139428486306841,40.633037235442728],[-74.137670485092471,40.632270236790752],[-74.136542484963243,40.633351235811958],[-74.135555485299321,40.63480823653029],[-74.13726948613278,40.635001237140649],[-74.139706486141208,40.635054235808369],[-74.140672486787025,40.635159237044867],[-74.141278486684442,40.633451235875661],[-74.141489486571643,40.63327023597094]]]},"properties":{"OBJECTID":152675,"GEOID20":"360850213002","GEOID10":"360850213002","STATEFP":"36","COUNTYFP":"085","D1C":2.9303081390259957,"D1C5_RET":0.076111899714960934,"D2B_E5MIXA":0.17648272961234665,"D3A":28.301396933436926,"D3AAO":0,"D3B":194.8993095133205,"D4A":332.60000000000002,"D4C":43,"D4D":1047.1910919699999,"D5AR":483917,"D5BR":1692420}},{"type":"Feature","id":152676,"geometry":{"type":"Polygon","coordinates":[[[-74.125134480929532,40.627110235248075],[-74.124731480523408,40.625050235255991],[-74.124698480911434,40.623689234448719],[-74.12373748118678,40.620979234079797],[-74.119670479112187,40.621753234711882],[-74.118573478945095,40.622552234037343],[-74.118407479263752,40.623769234768886],[-74.117128478623471,40.624541234673252],[-74.118101479840334,40.624971235322057],[-74.120130480318053,40.626544235356739],[-74.121258480447267,40.627831235471767],[-74.122163480993748,40.627485235504665],[-74.125134480929532,40.627110235248075]]]},"properties":{"OBJECTID":152676,"GEOID20":"360850147001","GEOID10":"360850147001","STATEFP":"36","COUNTYFP":"085","D1C":1.5448569361725566,"D1C5_RET":0,"D2B_E5MIXA":0.13753112649660415,"D3A":28.804539312684842,"D3AAO":0,"D3B":205.11265514211587,"D4A":297.73000000000002,"D4C":25,"D4D":199.696875869,"D5AR":480054,"D5BR":1406729}},{"type":"Feature","id":152677,"geometry":{"type":"Polygon","coordinates":[[[-74.08740047073897,40.639168238751765],[-74.08754346995579,40.638457239736717],[-74.08728047019008,40.637820238987281],[-74.081737467831687,40.638565239065315],[-74.081791468258373,40.639263239639121],[-74.082048468176311,40.640347239230231],[-74.082283468352955,40.64060923961398],[-74.087207470395128,40.639904238856751],[-74.08740047073897,40.639168238751765]]]},"properties":{"OBJECTID":152677,"GEOID20":"360850011003","GEOID10":"360850011003","STATEFP":"36","COUNTYFP":"085","D1C":2.3165750710942881,"D1C5_RET":0,"D2B_E5MIXA":0.503404214342414,"D3A":26.463831147145033,"D3AAO":0,"D3B":95.676045000756091,"D4A":308.45999999999998,"D4C":34,"D4D":813.04312172599998,"D5AR":358996,"D5BR":477972}},{"type":"Feature","id":152678,"geometry":{"type":"Polygon","coordinates":[[[-74.087619470123769,40.631656237615154],[-74.08807846970808,40.631089237951215],[-74.085208468258003,40.629321237528089],[-74.084563468002528,40.629741236640463],[-74.083031468540597,40.62873323719645],[-74.081408467943717,40.630309236977958],[-74.08491446853013,40.633648238024151],[-74.085750469479621,40.633963238327674],[-74.087619470123769,40.631656237615154]]]},"properties":{"OBJECTID":152678,"GEOID20":"360850033001","GEOID10":"360850033001","STATEFP":"36","COUNTYFP":"085","D1C":0.77878738909580836,"D1C5_RET":0,"D2B_E5MIXA":0.74877792493207329,"D3A":21.538706386312359,"D3AAO":0,"D3B":114.26369212408643,"D4A":311.13999999999999,"D4C":53.329999999999998,"D4D":830.65467570600003,"D5AR":382194,"D5BR":492320}},{"type":"Feature","id":152679,"geometry":{"type":"Polygon","coordinates":[[[-74.123577480454912,40.616688233662032],[-74.122648479618988,40.614639233401711],[-74.122558480105624,40.613084232865127],[-74.116843478218115,40.613533233469099],[-74.116988477983071,40.614933233178029],[-74.117658477454569,40.617198233730882],[-74.123577480454912,40.616688233662032]]]},"properties":{"OBJECTID":152679,"GEOID20":"360850147003","GEOID10":"360850147003","STATEFP":"36","COUNTYFP":"085","D1C":1.9882418501362991,"D1C5_RET":0.68979819290443034,"D2B_E5MIXA":0.88438127282697654,"D3A":30.711659725427509,"D3AAO":0,"D3B":177.5232168167411,"D4A":234.69999999999999,"D4C":50.329999999999998,"D4D":653.50669268499996,"D5AR":544068,"D5BR":1422083}},{"type":"Feature","id":152680,"geometry":{"type":"Polygon","coordinates":[[[-74.073681462601968,40.595676230973645],[-74.074539462394455,40.595395230750427],[-74.072658462953058,40.592393230731176],[-74.07301046240724,40.592193230306492],[-74.071860462536705,40.58976722951305],[-74.071089461884554,40.590487229533451],[-74.069875461541599,40.589038230650139],[-74.068666461221525,40.588363229619944],[-74.066627459799733,40.590350230102146],[-74.06716846029812,40.590874229871361],[-74.06751646045268,40.591343230354894],[-74.070441462154349,40.596743231454148],[-74.073681462601968,40.595676230973645]]]},"properties":{"OBJECTID":152680,"GEOID20":"360850070003","GEOID10":"360850070003","STATEFP":"36","COUNTYFP":"085","D1C":1.4442728938559983,"D1C5_RET":0.18381655012712705,"D2B_E5MIXA":0.82617044884148261,"D3A":23.594052374237723,"D3AAO":0,"D3B":123.28943650126666,"D4A":109.97,"D4C":36.329999999999998,"D4D":305.28252645100002,"D5AR":528746,"D5BR":845285}},{"type":"Feature","id":152681,"geometry":{"type":"Polygon","coordinates":[[[-74.082001465625709,40.598690231407979],[-74.082289466404106,40.59841023150635],[-74.08121446597832,40.598633231457313],[-74.07853946452191,40.598499231453616],[-74.078425464719103,40.598413231299588],[-74.077165464345399,40.598398231650002],[-74.074906463713901,40.597622231364475],[-74.073873464019229,40.597645231411057],[-74.073280463642305,40.597866231307059],[-74.072991463038989,40.598056231769341],[-74.072344463133703,40.598739231901114],[-74.071951462773299,40.598645231953569],[-74.071968462491753,40.598840231871627],[-74.073017462079932,40.599370232132969],[-74.076449464843137,40.601013232021451],[-74.07732946437693,40.601338232333418],[-74.079221464587292,40.601393232250878],[-74.080250466778963,40.601715232434486],[-74.082189465048373,40.601949232297954],[-74.081397466276442,40.600933231733734],[-74.081165465574543,40.600215231465143],[-74.081305465316618,40.599395232093016],[-74.08154946571409,40.599020231710909],[-74.082001465625709,40.598690231407979]]]},"properties":{"OBJECTID":152681,"GEOID20":"360850064001","GEOID10":"360850064001","STATEFP":"36","COUNTYFP":"085","D1C":2.8451800993330525,"D1C5_RET":0.054022406949361758,"D2B_E5MIXA":0.50422515932562562,"D3A":28.538105521900587,"D3AAO":0,"D3B":172.92932613870357,"D4A":219.94,"D4C":63.329999999999998,"D4D":729.86432684900001,"D5AR":588613,"D5BR":806983}},{"type":"Feature","id":152682,"geometry":{"type":"Polygon","coordinates":[[[-74.085867467858861,40.595960231283392],[-74.085876466283054,40.59589823120821],[-74.084071467009636,40.595504230113058],[-74.083753466093995,40.595499230922151],[-74.082411465704539,40.593215229373357],[-74.081650465996432,40.592218230221789],[-74.078468465275122,40.593308230126929],[-74.078883465376805,40.593951230434001],[-74.076264463996878,40.594831231566467],[-74.07853946452191,40.598499231453616],[-74.08121446597832,40.598633231457313],[-74.081711466994122,40.598571231814766],[-74.084058466590847,40.597802230390712],[-74.08463646779748,40.597550230663344],[-74.085261467063148,40.597085230548615],[-74.085685466487348,40.59651023037901],[-74.085867467858861,40.595960231283392]]]},"properties":{"OBJECTID":152682,"GEOID20":"360850064003","GEOID10":"360850064003","STATEFP":"36","COUNTYFP":"085","D1C":7.9168674778305865,"D1C5_RET":3.5092922405512281,"D2B_E5MIXA":0.85649054298275329,"D3A":27.118079918047222,"D3AAO":0,"D3B":155.92084852434681,"D4A":360.75999999999999,"D4C":64,"D4D":490.58228728,"D5AR":487303,"D5BR":735506}},{"type":"Feature","id":152683,"geometry":{"type":"Polygon","coordinates":[[[-74.092074468044316,40.586552228983855],[-74.092617469090868,40.585948228295258],[-74.089122467476784,40.584151228415031],[-74.086834466532963,40.586607228103539],[-74.085415466150607,40.588354229569305],[-74.084234466317938,40.589481230055831],[-74.087848467757695,40.591368229223605],[-74.092074468044316,40.586552228983855]]]},"properties":{"OBJECTID":152683,"GEOID20":"360850070002","GEOID10":"360850070002","STATEFP":"36","COUNTYFP":"085","D1C":9.9959271000219232,"D1C5_RET":4.6194469905820013,"D2B_E5MIXA":0.82195570360170733,"D3A":30.295962298331013,"D3AAO":0,"D3B":164.8193966790879,"D4A":236.03999999999999,"D4C":48.670000000000002,"D4D":481.23822883000003,"D5AR":442802,"D5BR":750333}},{"type":"Feature","id":152684,"geometry":{"type":"Polygon","coordinates":[[[-74.070441462154349,40.596743231454148],[-74.06751646045268,40.591343230354894],[-74.066828460539512,40.591989230539532],[-74.066340460642863,40.59277823092178],[-74.066179460086076,40.592777230906435],[-74.065756460486767,40.595904231702058],[-74.06633546062001,40.596649231428408],[-74.065895461302262,40.596834231483761],[-74.066266460124709,40.598118231889515],[-74.070441462154349,40.596743231454148]]]},"properties":{"OBJECTID":152684,"GEOID20":"360850074001","GEOID10":"360850074001","STATEFP":"36","COUNTYFP":"085","D1C":4.8546486195929202,"D1C5_RET":0.80910810326548677,"D2B_E5MIXA":0.8126950687617952,"D3A":31.1836796965951,"D3AAO":0,"D3B":172.68080329080635,"D4A":276.26999999999998,"D4C":36.670000000000002,"D4D":558.49400746799995,"D5AR":522721,"D5BR":879853}},{"type":"Feature","id":152685,"geometry":{"type":"Polygon","coordinates":[[[-74.090908470076897,40.635493238140029],[-74.090560470820662,40.633504237818912],[-74.090038470588851,40.632779238458994],[-74.089553471065258,40.633441237716724],[-74.088626469879173,40.633590237808427],[-74.088274469526681,40.634054238123547],[-74.087879469516466,40.634262238652077],[-74.08669646913566,40.6345412375601],[-74.085750469479621,40.633963238327674],[-74.084438469227379,40.63541323822993],[-74.083735468347285,40.63574523862782],[-74.085880470074287,40.636700239201808],[-74.086878469608834,40.635885237881894],[-74.08870747007002,40.636853238987818],[-74.089103470803479,40.636255238392671],[-74.089704470678001,40.63569123772691],[-74.090278470788363,40.635507238267827],[-74.090908470076897,40.635493238140029]]]},"properties":{"OBJECTID":152685,"GEOID20":"360850075001","GEOID10":"360850075001","STATEFP":"36","COUNTYFP":"085","D1C":1.8938520749400369,"D1C5_RET":0.093140265980657555,"D2B_E5MIXA":0.26154991498749153,"D3A":25.429417030324842,"D3AAO":0,"D3B":139.12920371126702,"D4A":229.33000000000001,"D4C":44.670000000000002,"D4D":887.58947868899998,"D5AR":359141,"D5BR":257052}},{"type":"Feature","id":152686,"geometry":{"type":"Polygon","coordinates":[[[-74.092695470705294,40.632010237304961],[-74.092967470691846,40.631192236997592],[-74.089673469817555,40.630540237216742],[-74.088905470436757,40.630300237802459],[-74.08807846970808,40.631089237951215],[-74.085750469479621,40.633963238327674],[-74.08669646913566,40.6345412375601],[-74.087879469516466,40.634262238652077],[-74.088274469526681,40.634054238123547],[-74.088626469879173,40.633590237808427],[-74.089553471065258,40.633441237716724],[-74.090038470588851,40.632779238458994],[-74.090643470661348,40.632625238098427],[-74.091286471266983,40.632780237875842],[-74.091972470632015,40.633282237746265],[-74.092533471221898,40.632000238248452],[-74.092695470705294,40.632010237304961]]]},"properties":{"OBJECTID":152686,"GEOID20":"360850075002","GEOID10":"360850075002","STATEFP":"36","COUNTYFP":"085","D1C":8.4996391230661903,"D1C5_RET":0.20032819481974184,"D2B_E5MIXA":0.18307673736776808,"D3A":27.307287657618939,"D3AAO":0,"D3B":170.99557746581391,"D4A":183.72999999999999,"D4C":44.670000000000002,"D4D":818.163286782,"D5AR":387196,"D5BR":473809}},{"type":"Feature","id":152687,"geometry":{"type":"Polygon","coordinates":[[[-74.094095472617724,40.639275239655468],[-74.093864470842405,40.638033238107923],[-74.09339047208779,40.636608238199294],[-74.092450472279552,40.63562723826896],[-74.090908470076897,40.635493238140029],[-74.090278470788363,40.635507238267827],[-74.089704470678001,40.63569123772691],[-74.089103470803479,40.636255238392671],[-74.08870747007002,40.636853238987818],[-74.086878469608834,40.635885237881894],[-74.085880470074287,40.636700239201808],[-74.086548469895959,40.637164238354273],[-74.08728047019008,40.637820238987281],[-74.08754346995579,40.638457239736717],[-74.087092470767402,40.640342239303934],[-74.087954470757836,40.640473239293364],[-74.087985469821689,40.640271239628944],[-74.094095472617724,40.639275239655468]]]},"properties":{"OBJECTID":152687,"GEOID20":"360850077001","GEOID10":"360850077001","STATEFP":"36","COUNTYFP":"085","D1C":1.9376925989098444,"D1C5_RET":0.22796383516586405,"D2B_E5MIXA":0.63593974012614018,"D3A":19.636184431038856,"D3AAO":0,"D3B":139.00844869205218,"D4A":254.81,"D4C":37.329999999999998,"D4D":389.02356920900002,"D5AR":363726,"D5BR":467336}},{"type":"Feature","id":152688,"geometry":{"type":"Polygon","coordinates":[[[-74.092725469944199,40.597472230214159],[-74.093365469278481,40.597041230647491],[-74.090293469060342,40.596204230470732],[-74.089365468049351,40.596078230783533],[-74.085876466283054,40.59589823120821],[-74.085617466715291,40.596632230785609],[-74.084966467510341,40.597338231293783],[-74.084250467109769,40.597733231071395],[-74.082289466404106,40.59841023150635],[-74.08154946571409,40.599020231710909],[-74.081305465316618,40.599395232093016],[-74.081165465574543,40.600215231465143],[-74.081397466276442,40.600933231733734],[-74.082189465048373,40.601949232297954],[-74.082816466658812,40.601982232361436],[-74.084329466752493,40.601880232484582],[-74.086584467186029,40.601258231752645],[-74.088276468278195,40.6011212318828],[-74.089477468202332,40.600912231241665],[-74.090834468660432,40.599996231646578],[-74.091780468316458,40.599247231347711],[-74.091784468514419,40.598727230739684],[-74.092725469944199,40.597472230214159]]]},"properties":{"OBJECTID":152688,"GEOID20":"360850096011","GEOID10":"360850096011","STATEFP":"36","COUNTYFP":"085","D1C":3.6079331066629314,"D1C5_RET":1.2488999215371686,"D2B_E5MIXA":0.82704892353816406,"D3A":23.321026852296871,"D3AAO":0,"D3B":136.21779197537489,"D4A":523.03999999999996,"D4C":72.670000000000002,"D4D":430.25804941299998,"D5AR":513636,"D5BR":540673}},{"type":"Feature","id":152694,"geometry":{"type":"Polygon","coordinates":[[[-74.100884474207774,40.645120239994597],[-74.100393474836409,40.643126239133629],[-74.100196475192917,40.641821238653876],[-74.098089473100742,40.641801239388201],[-74.095147472578944,40.642040239763787],[-74.093205472139871,40.642398239427081],[-74.092026471957013,40.64270823959491],[-74.092864472556315,40.645483239719638],[-74.089693470807362,40.646305240367518],[-74.088934470749066,40.646673239915657],[-74.089202471435996,40.64704024027612],[-74.089555470715084,40.647229240073692],[-74.089600471819253,40.647579240835128],[-74.092717472243223,40.646685241326274],[-74.093814472410315,40.646090240579582],[-74.098887474415406,40.645832240192469],[-74.098950474164596,40.645442240059914],[-74.100023474940542,40.645423239743558],[-74.100135474195227,40.644983240088393],[-74.100884474207774,40.645120239994597]]]},"properties":{"OBJECTID":152694,"GEOID20":"360850081001","GEOID10":"360850081001","STATEFP":"36","COUNTYFP":"085","D1C":2.1680668191310906,"D1C5_RET":0.12044815661839392,"D2B_E5MIXA":0.67725586289848827,"D3A":17.293085912278897,"D3AAO":0,"D3B":117.14055567621543,"D4A":79.129999999999995,"D4C":25,"D4D":195.182210871,"D5AR":379261,"D5BR":574048}},{"type":"Feature","id":152695,"geometry":{"type":"Polygon","coordinates":[[[-74.100196475192917,40.641821238653876],[-74.099962473942867,40.640189239334262],[-74.097881473586597,40.640366239628264],[-74.097674473897371,40.638969237882648],[-74.094095472617724,40.639275239655468],[-74.091147471349828,40.639766238475289],[-74.092026471957013,40.64270823959491],[-74.093205472139871,40.642398239427081],[-74.095147472578944,40.642040239763787],[-74.098089473100742,40.641801239388201],[-74.100196475192917,40.641821238653876]]]},"properties":{"OBJECTID":152695,"GEOID20":"360850081002","GEOID10":"360850081002","STATEFP":"36","COUNTYFP":"085","D1C":12.654101879763736,"D1C5_RET":0.06192872045561372,"D2B_E5MIXA":0.0827119698700991,"D3A":27.505263931199092,"D3AAO":0,"D3B":189.93626031666372,"D4A":49.619999999999997,"D4C":25,"D4D":316.45494887799998,"D5AR":390680,"D5BR":1396110}},{"type":"Feature","id":152696,"geometry":{"type":"Polygon","coordinates":[[[-74.095863470284584,40.595959230633525],[-74.097222470392495,40.595373230588379],[-74.088366466893234,40.590760229555045],[-74.087848467757695,40.591368229223605],[-74.087390466201668,40.592198229744582],[-74.085876466283054,40.59589823120821],[-74.089365468049351,40.596078230783533],[-74.090293469060342,40.596204230470732],[-74.093365469278481,40.597041230647491],[-74.094277469497641,40.596457230457297],[-74.095863470284584,40.595959230633525]]]},"properties":{"OBJECTID":152696,"GEOID20":"360850096012","GEOID10":"360850096012","STATEFP":"36","COUNTYFP":"085","D1C":16.88894412261066,"D1C5_RET":1.1108004267346474,"D2B_E5MIXA":0.39313645488575771,"D3A":24.649425927346311,"D3AAO":0,"D3B":163.14290035179934,"D4A":445.25,"D4C":64.670000000000002,"D4D":494.35157744100002,"D5AR":464440,"D5BR":579846}},{"type":"Feature","id":152697,"geometry":{"type":"Polygon","coordinates":[[[-74.095303470417946,40.591869229222183],[-74.095814469880779,40.591292229141011],[-74.09419646840847,40.590454229252941],[-74.09517146927513,40.589727228450876],[-74.091119468167463,40.587642229151164],[-74.088366466893234,40.590760229555045],[-74.093767468961389,40.593558230147202],[-74.095303470417946,40.591869229222183]]]},"properties":{"OBJECTID":152697,"GEOID20":"360850096021","GEOID10":"360850096021","STATEFP":"36","COUNTYFP":"085","D1C":3.1272503663022766,"D1C5_RET":0.67819887461977091,"D2B_E5MIXA":0.7523864344741783,"D3A":25.430050443565761,"D3AAO":0,"D3B":112.55087101467664,"D4A":278.94999999999999,"D4C":64.670000000000002,"D4D":779.71771060699996,"D5AR":428841,"D5BR":460222}},{"type":"Feature","id":152698,"geometry":{"type":"Polygon","coordinates":[[[-74.100831470911061,40.592640229345399],[-74.100977471399233,40.591840229059116],[-74.095827469401257,40.589235229391591],[-74.09419646840847,40.590454229252941],[-74.095814469880779,40.591292229141011],[-74.093767468961389,40.593558230147202],[-74.097222470392495,40.595373230588379],[-74.099797471391483,40.593879229872137],[-74.100416470809364,40.593351229067402],[-74.100831470911061,40.592640229345399]]]},"properties":{"OBJECTID":152698,"GEOID20":"360850096023","GEOID10":"360850096023","STATEFP":"36","COUNTYFP":"085","D1C":3.5835928879698535,"D1C5_RET":0.15505930765254175,"D2B_E5MIXA":0.52126415159162576,"D3A":28.232002175624825,"D3AAO":0,"D3B":117.63005824265353,"D4A":528.39999999999998,"D4C":24.670000000000002,"D4D":272.022266296,"D5AR":434213,"D5BR":439266}},{"type":"Feature","id":152700,"geometry":{"type":"Polygon","coordinates":[[[-74.120929480559298,40.641821238653876],[-74.120564480686326,40.640950238497837],[-74.118068480228345,40.641306237930678],[-74.11800847905559,40.640570238287296],[-74.117647480278876,40.639385238341632],[-74.117658479251219,40.638070237469819],[-74.115192478930481,40.63835523827894],[-74.114996479111895,40.637300238599501],[-74.112795479105031,40.637539238048454],[-74.113853478914052,40.642899239284951],[-74.112754478198838,40.643121238052267],[-74.111982477721767,40.644108239218191],[-74.112642478944153,40.644555238644479],[-74.11304347880214,40.644703239231305],[-74.1184304806266,40.642785239096774],[-74.120375480540432,40.642359238464074],[-74.120929480559298,40.641821238653876]]]},"properties":{"OBJECTID":152700,"GEOID20":"360850097001","GEOID10":"360850097001","STATEFP":"36","COUNTYFP":"085","D1C":2.4996344780535069,"D1C5_RET":0.15870695098752424,"D2B_E5MIXA":0.38717135424866883,"D3A":18.972994367521068,"D3AAO":0,"D3B":136.62814549801078,"D4A":266.88,"D4C":36,"D4D":307.31729071699999,"D5AR":421455,"D5BR":1394797}},{"type":"Feature","id":152701,"geometry":{"type":"Polygon","coordinates":[[[-74.113747478608857,40.64293523872994],[-74.113853478914052,40.642899239284951],[-74.112795479105031,40.637539238048454],[-74.110809477386709,40.637754238795452],[-74.109543477165204,40.637995238023372],[-74.110817477782618,40.6446482388397],[-74.111982477721767,40.644108239218191],[-74.112754478198838,40.643121238052267],[-74.113747478608857,40.64293523872994]]]},"properties":{"OBJECTID":152701,"GEOID20":"360850097002","GEOID10":"360850097002","STATEFP":"36","COUNTYFP":"085","D1C":0.40858536778381788,"D1C5_RET":0.043008986082507146,"D2B_E5MIXA":0.69202499502727199,"D3A":24.432314633044289,"D3AAO":0,"D3B":91.77761950960786,"D4A":417.08999999999997,"D4C":29,"D4D":399.09296232999998,"D5AR":423400,"D5BR":1394764}},{"type":"Feature","id":152702,"geometry":{"type":"Polygon","coordinates":[[[-74.111749477194948,40.637651238283013],[-74.111178477457642,40.634747237115],[-74.106538475995904,40.634710237956575],[-74.107338476062068,40.638548238178991],[-74.107465477182004,40.638447238237319],[-74.10904447739793,40.638195238405054],[-74.109543477165204,40.637995238023372],[-74.111749477194948,40.637651238283013]]]},"properties":{"OBJECTID":152702,"GEOID20":"360850105001","GEOID10":"360850105001","STATEFP":"36","COUNTYFP":"085","D1C":8.6989897120032804,"D1C5_RET":0.22521656212306226,"D2B_E5MIXA":0.37248410723753395,"D3A":24.781932581515409,"D3AAO":0,"D3B":144.17463440869955,"D4A":291.01999999999998,"D4C":20,"D4D":360.346499397,"D5AR":422815,"D5BR":1139381}},{"type":"Feature","id":152715,"geometry":{"type":"Polygon","coordinates":[[[-74.148937486864227,40.60976023124821],[-74.149544488383171,40.609635230278805],[-74.148784486703349,40.60920823046844],[-74.147197487888135,40.60857123100191],[-74.146008486761218,40.60824923179397],[-74.14391948690735,40.607998231000707],[-74.139975484856393,40.608155230898141],[-74.140219485253866,40.611504232086865],[-74.138975485672006,40.616200232561141],[-74.144196487815094,40.616879232781358],[-74.146036487248622,40.617021232708098],[-74.146970486310792,40.610159232341807],[-74.148937486864227,40.60976023124821]]]},"properties":{"OBJECTID":152715,"GEOID20":"360850189012","GEOID10":"360850189012","STATEFP":"36","COUNTYFP":"085","D1C":2.5235307490613641,"D1C5_RET":0.20499269390134331,"D2B_E5MIXA":0.82126233448956676,"D3A":28.351027894823023,"D3AAO":0,"D3B":171.95183012405312,"D4A":211.90000000000001,"D4C":45,"D4D":203.57895118499999,"D5AR":523411,"D5BR":1749839}},{"type":"Feature","id":152716,"geometry":{"type":"Polygon","coordinates":[[[-74.109760476900192,40.634740237312656],[-74.110222477755869,40.634743238201914],[-74.109300477490962,40.630048236534634],[-74.106052475749095,40.630607236490171],[-74.105769474993579,40.630577237322441],[-74.106538475995904,40.634710237956575],[-74.109760476900192,40.634740237312656]]]},"properties":{"OBJECTID":152716,"GEOID20":"360850105002","GEOID10":"360850105002","STATEFP":"36","COUNTYFP":"085","D1C":5.037445718775901,"D1C5_RET":1.0182071133695969,"D2B_E5MIXA":0.80044985593045725,"D3A":30.877510921674606,"D3AAO":0,"D3B":154.39020870175125,"D4A":264.19999999999999,"D4C":31.329999999999998,"D4D":537.27038083100001,"D5AR":444407,"D5BR":1140559}},{"type":"Feature","id":152726,"geometry":{"type":"Polygon","coordinates":[[[-74.101351473289682,40.618032235313663],[-74.101899472562451,40.617461233906774],[-74.098118472514756,40.615305234575736],[-74.097527471787643,40.614083233224456],[-74.097924471447683,40.613487233391034],[-74.098111471943739,40.612799233306873],[-74.099352472949178,40.612427233641043],[-74.098516471101377,40.61139523289912],[-74.09765947203212,40.610511233950461],[-74.09528047175003,40.610449233049955],[-74.093889470058443,40.610214233866152],[-74.092491469592474,40.609781233052118],[-74.090569469244869,40.609010234199864],[-74.089589469253639,40.609856232816036],[-74.087211468796454,40.613315234034154],[-74.087430469079578,40.614427234360676],[-74.087778469234109,40.614951234305245],[-74.087834469310621,40.61532623463691],[-74.087415468112653,40.615938233908992],[-74.089601469847523,40.61661623440564],[-74.089855468494108,40.616868235213872],[-74.090914469924684,40.61714123456219],[-74.092644470651663,40.618220234413997],[-74.093209469642886,40.61832923542368],[-74.093685471640569,40.618148234763041],[-74.094072471254847,40.617712233930966],[-74.09430447105845,40.616663234715077],[-74.097148471670948,40.615293233661127],[-74.097703472413045,40.618817235292525],[-74.099686472860029,40.619661234615947],[-74.101351473289682,40.618032235313663]]]},"properties":{"OBJECTID":152726,"GEOID20":"360850047001","GEOID10":"360850047001","STATEFP":"36","COUNTYFP":"085","D1C":6.1281973651751036,"D1C5_RET":0.080492960138026759,"D2B_E5MIXA":0.25442335511502878,"D3A":26.763795197225004,"D3AAO":3.4542911673536407,"D3B":150.02685741523462,"D4A":453.30000000000001,"D4C":55.670000000000002,"D4D":191.19117187800001,"D5AR":472420,"D5BR":189712}},{"type":"Feature","id":152732,"geometry":{"type":"Polygon","coordinates":[[[-74.147503487311582,40.606321230496448],[-74.147451488331342,40.605742230007621],[-74.146509487076642,40.605197230311212],[-74.142029486346814,40.603380229511089],[-74.140463484753042,40.603078230484478],[-74.140926484535299,40.608098230834713],[-74.14391948690735,40.607998231000707],[-74.146008486761218,40.60824923179397],[-74.147197487888135,40.60857123100191],[-74.147503487311582,40.606321230496448]]]},"properties":{"OBJECTID":152732,"GEOID20":"360850189021","GEOID10":"360850189021","STATEFP":"36","COUNTYFP":"085","D1C":3.2346906711521046,"D1C5_RET":0.13477877796467103,"D2B_E5MIXA":0.53267234861227553,"D3A":33.126116319293864,"D3AAO":9.1412143971488025,"D3B":126.97053655554674,"D4A":423.79000000000002,"D4C":41.670000000000002,"D4D":440.75826876600001,"D5AR":538996,"D5BR":1421523}},{"type":"Feature","id":152733,"geometry":{"type":"Polygon","coordinates":[[[-74.140926484535299,40.608098230834713],[-74.140463484753042,40.603078230484478],[-74.137235484000954,40.603257230648126],[-74.136162484123332,40.603437230188334],[-74.133433482240221,40.603589230619903],[-74.133542482918486,40.604180230848264],[-74.133773482897169,40.604422231042463],[-74.133984483682681,40.606546231637026],[-74.133897483644049,40.606802231455752],[-74.133976483286744,40.607664231520928],[-74.135839483184839,40.607563231243375],[-74.13640748434571,40.607822231311395],[-74.136401482701302,40.608031231487573],[-74.135906484030301,40.608368231207578],[-74.140926484535299,40.608098230834713]]]},"properties":{"OBJECTID":152733,"GEOID20":"360850189022","GEOID10":"360850189022","STATEFP":"36","COUNTYFP":"085","D1C":2.4396177932123964,"D1C5_RET":0,"D2B_E5MIXA":0.48185096288134693,"D3A":31.743240783447114,"D3AAO":4.0895719604471026,"D3B":153.38384819280873,"D4A":560.59000000000003,"D4C":34.670000000000002,"D4D":295.352291966,"D5AR":529430,"D5BR":1421490}},{"type":"Feature","id":152734,"geometry":{"type":"Polygon","coordinates":[[[-74.137228486124911,40.624304234148667],[-74.137251485691124,40.623938234473968],[-74.133859484907518,40.622068234534119],[-74.133988483880643,40.621171234158595],[-74.13375848462519,40.621145233889045],[-74.133704484198503,40.620305233319286],[-74.134259484042289,40.617746234035614],[-74.13122548256068,40.617273234034329],[-74.132077483403705,40.622710234761279],[-74.132557482904403,40.622907233824215],[-74.135475484035069,40.625288235389689],[-74.137228486124911,40.624304234148667]]]},"properties":{"OBJECTID":152734,"GEOID20":"360850201002","GEOID10":"360850201002","STATEFP":"36","COUNTYFP":"085","D1C":3.9384917141698321,"D1C5_RET":0.31299271900687409,"D2B_E5MIXA":0.38286569886715549,"D3A":34.011074537548289,"D3AAO":0,"D3B":233.48525249421081,"D4A":159.59,"D4C":31.329999999999998,"D4D":466.76192959700001,"D5AR":521894,"D5BR":1715927}},{"type":"Feature","id":152735,"geometry":{"type":"Polygon","coordinates":[[[-74.140267487629373,40.636287236464902],[-74.140672486787025,40.635159237044867],[-74.139706486141208,40.635054235808369],[-74.13726948613278,40.635001237140649],[-74.135555485299321,40.63480823653029],[-74.134283485230043,40.636743236811256],[-74.138209486839344,40.636841236490994],[-74.140035486927474,40.636963236893038],[-74.140267487629373,40.636287236464902]]]},"properties":{"OBJECTID":152735,"GEOID20":"360850207002","GEOID10":"360850207002","STATEFP":"36","COUNTYFP":"085","D1C":5.2546336121961739,"D1C5_RET":0.59326508524795507,"D2B_E5MIXA":0.75423307560365149,"D3A":34.699549849566544,"D3AAO":0,"D3B":180.80419634934418,"D4A":96.560000000000002,"D4C":51,"D4D":1382.87552697,"D5AR":465030,"D5BR":1692612}},{"type":"Feature","id":152736,"geometry":{"type":"Polygon","coordinates":[[[-74.221316507308757,40.550261216627675],[-74.220067506805705,40.547106216885375],[-74.214091504802283,40.548469216590554],[-74.214797505157108,40.550379216885347],[-74.214738505605894,40.550543218031976],[-74.21378150518089,40.550816217243565],[-74.213496504775534,40.551130216938255],[-74.213182504956166,40.551274217866514],[-74.212898505274055,40.551270217370927],[-74.212325504988613,40.551016216467197],[-74.211694503180212,40.551140217856442],[-74.213503505346537,40.55567621812768],[-74.215037505356619,40.555524217993145],[-74.21779450682881,40.554481217690373],[-74.21789450548961,40.553848217968174],[-74.217773506912408,40.553253218245239],[-74.217886505991999,40.55300121789292],[-74.218777507193096,40.552482217364556],[-74.221316507308757,40.550261216627675]]]},"properties":{"OBJECTID":152736,"GEOID20":"360850208011","GEOID10":"360850208011","STATEFP":"36","COUNTYFP":"085","D1C":4.0005842713773081,"D1C5_RET":0.52100632371425404,"D2B_E5MIXA":0.92720656433297732,"D3A":34.67698408160129,"D3AAO":9.4985899487351357,"D3B":152.88409662638048,"D4A":572.65999999999997,"D4C":14.67,"D4D":87.350432213299996,"D5AR":380185,"D5BR":219080}},{"type":"Feature","id":152737,"geometry":{"type":"Polygon","coordinates":[[[-74.218283505652039,40.53549521462336],[-74.218008505292431,40.532307214089137],[-74.217015504882411,40.529130213845235],[-74.216611503753072,40.528186213059293],[-74.211032503206297,40.529762213403451],[-74.21162350393341,40.535277214069581],[-74.211945504148702,40.537282214841078],[-74.212127503723565,40.539519215236986],[-74.212078504218084,40.541379214519949],[-74.212814504710138,40.541330215015478],[-74.214772505042745,40.541377216365952],[-74.217770505641042,40.541134215273779],[-74.217679506302773,40.540139215047269],[-74.217711506089827,40.538320213984804],[-74.217835505938396,40.537376214996947],[-74.218283505652039,40.53549521462336]]]},"properties":{"OBJECTID":152737,"GEOID20":"360850208031","GEOID10":"360850208031","STATEFP":"36","COUNTYFP":"085","D1C":0.20156681919899766,"D1C5_RET":0.010078340959949883,"D2B_E5MIXA":0.42712784705293999,"D3A":14.849725800739714,"D3AAO":2.3539872419638144,"D3B":71.785623213288432,"D4A":262.86000000000001,"D4C":14.33,"D4D":51.413833498899997,"D5AR":317099,"D5BR":93866}},{"type":"Feature","id":152738,"geometry":{"type":"Polygon","coordinates":[[[-74.206991502867595,40.541755215933506],[-74.206750501944867,40.5405862157671],[-74.206260502398408,40.539190215763362],[-74.203094500672321,40.532491214321951],[-74.200706500169375,40.533215213672236],[-74.199663499530658,40.533778214562233],[-74.1985824992571,40.534489215109012],[-74.202183501176378,40.542390216818575],[-74.204501502257415,40.541970216294423],[-74.205246502072001,40.541976216164407],[-74.206991502867595,40.541755215933506]]]},"properties":{"OBJECTID":152738,"GEOID20":"360850208041","GEOID10":"360850208041","STATEFP":"36","COUNTYFP":"085","D1C":0.60122889327441442,"D1C5_RET":0.027328586057927928,"D2B_E5MIXA":0.73299088856151584,"D3A":26.930932614633264,"D3AAO":0,"D3B":83.56862987825896,"D4A":337.95999999999998,"D4C":10.67,"D4D":62.207149490799999,"D5AR":301629,"D5BR":159177}},{"type":"Feature","id":152739,"geometry":{"type":"Polygon","coordinates":[[[-74.160301492313636,40.634144236353841],[-74.1603124930826,40.633796236207154],[-74.158108492702709,40.633947235668863],[-74.157034492101829,40.633930236333413],[-74.156118491684708,40.634128236465216],[-74.15503749141115,40.63409223567929],[-74.153269490151018,40.63418123582592],[-74.15286349027015,40.636872236290237],[-74.154775491470332,40.636804236447965],[-74.154331491056325,40.637455236385897],[-74.154502490760535,40.63920423680063],[-74.156097491768307,40.639178236734743],[-74.156706492038779,40.639810236829888],[-74.1578714919779,40.63982323674098],[-74.158614493040986,40.639905236121933],[-74.160193492358616,40.640219236910035],[-74.160154492898855,40.638064235990228],[-74.160301492313636,40.634144236353841]]]},"properties":{"OBJECTID":152739,"GEOID20":"360850223001","GEOID10":"360850223001","STATEFP":"36","COUNTYFP":"085","D1C":1.9465168914378403,"D1C5_RET":0.3940801068555137,"D2B_E5MIXA":0.80648891717539595,"D3A":17.028811685065563,"D3AAO":0,"D3B":87.966477806310067,"D4A":278.94999999999999,"D4C":18.329999999999998,"D4D":138.14475138700001,"D5AR":472632,"D5BR":1608519}},{"type":"Feature","id":153343,"geometry":{"type":"Polygon","coordinates":[[[-74.105064474463646,40.627186235513811],[-74.104589475884111,40.625106235644495],[-74.102615473861349,40.625303235822308],[-74.10272847473756,40.626019236146668],[-74.102310473364511,40.626127236504423],[-74.100455472964043,40.626336235330868],[-74.100845473849716,40.628452236873478],[-74.099023473061209,40.628692236111796],[-74.099522472828497,40.631366236925246],[-74.103684475337673,40.630814236038965],[-74.103004474023777,40.627408236081912],[-74.105064474463646,40.627186235513811]]]},"properties":{"OBJECTID":153343,"GEOID20":"360850059002","GEOID10":"360850059002","STATEFP":"36","COUNTYFP":"085","D1C":3.0014681377050918,"D1C5_RET":0.10494643838129691,"D2B_E5MIXA":0.60115409177576462,"D3A":31.631563830494329,"D3AAO":0,"D3B":183.65794631028371,"D4A":407.69999999999999,"D4C":23,"D4D":308.96231459500001,"D5AR":399041,"D5BR":462188}},{"type":"Feature","id":153463,"geometry":{"type":"Polygon","coordinates":[[[-74.147104482611809,40.541020218267086],[-74.146409483025963,40.540234216773932],[-74.142789481738419,40.53762921695467],[-74.142170481422212,40.537301217919087],[-74.142122481741652,40.538038217094986],[-74.141883481367046,40.538601217054762],[-74.142124482289773,40.539232217950406],[-74.141730481206167,40.539348218262461],[-74.141971482128909,40.542562218399176],[-74.141475480938027,40.542262217991087],[-74.139971481065174,40.54339921805218],[-74.140592481031192,40.543864218649531],[-74.139700480903528,40.544159218411806],[-74.138395480323979,40.545073218747312],[-74.137206480993711,40.545734219152806],[-74.135684479780863,40.546381219494293],[-74.137007480802069,40.546976218843916],[-74.138642480196182,40.548483218568521],[-74.143891482826689,40.54451421878673],[-74.144774482733524,40.543418218029728],[-74.14591348363173,40.542432217681906],[-74.147104482611809,40.541020218267086]]]},"properties":{"OBJECTID":153463,"GEOID20":"360850156033","GEOID10":"360850156033","STATEFP":"36","COUNTYFP":"085","D1C":1.9003425191433116,"D1C5_RET":0.50441190322939755,"D2B_E5MIXA":0.78132836981897302,"D3A":28.615758777900485,"D3AAO":0,"D3B":192.99312244463957,"D4A":343.32999999999998,"D4C":53.329999999999998,"D4D":350.72320656900001,"D5AR":251076,"D5BR":316649}},{"type":"Feature","id":153479,"geometry":{"type":"Polygon","coordinates":[[[-74.162722489733582,40.560783220693281],[-74.160314488240857,40.553725218780151],[-74.157673487119609,40.554066219514191],[-74.160969488542079,40.561468220955362],[-74.162722489733582,40.560783220693281]]]},"properties":{"OBJECTID":153479,"GEOID20":"360850146072","GEOID10":"360850146072","STATEFP":"36","COUNTYFP":"085","D1C":1.6684629621144356,"D1C5_RET":1.3945362071404239,"D2B_E5MIXA":0.37093673854070564,"D3A":31.420143159974195,"D3AAO":0,"D3B":185.95943325563638,"D4A":387.57999999999998,"D4C":18.670000000000002,"D4D":297.554218279,"D5AR":272367,"D5BR":740020}},{"type":"Feature","id":153480,"geometry":{"type":"Polygon","coordinates":[[[-74.160969488542079,40.561468220955362],[-74.159543488486989,40.558222221122342],[-74.157624487614129,40.558471220714353],[-74.153925486683875,40.559392221781081],[-74.155852487952657,40.563782222054549],[-74.156847487114177,40.562808221359298],[-74.157269487786891,40.562558221053067],[-74.159159488347441,40.561944221443071],[-74.160969488542079,40.561468220955362]]]},"properties":{"OBJECTID":153480,"GEOID20":"360850146081","GEOID10":"360850146081","STATEFP":"36","COUNTYFP":"085","D1C":0.70028024826490987,"D1C5_RET":0.077808916473878872,"D2B_E5MIXA":0.58979911600689361,"D3A":30.320585920318194,"D3AAO":0,"D3B":215.50970330512388,"D4A":249.44999999999999,"D4C":20.670000000000002,"D4D":256.94096829400002,"D5AR":299917,"D5BR":21252}},{"type":"Feature","id":153481,"geometry":{"type":"Polygon","coordinates":[[[-74.159543488486989,40.558222221122342],[-74.157673487119609,40.554066219514191],[-74.155831487137945,40.554280220034677],[-74.152073486656462,40.55522522025538],[-74.153925486683875,40.559392221781081],[-74.157624487614129,40.558471220714353],[-74.159543488486989,40.558222221122342]]]},"properties":{"OBJECTID":153481,"GEOID20":"360850146082","GEOID10":"360850146082","STATEFP":"36","COUNTYFP":"085","D1C":1.9875283338165273,"D1C5_RET":0.067373841824289057,"D2B_E5MIXA":0.41429064616850203,"D3A":26.473652256616067,"D3AAO":0,"D3B":158.12910171527938,"D4A":37.549999999999997,"D4C":20.670000000000002,"D4D":222.81876968099999,"D5AR":286758,"D5BR":42703}},{"type":"Feature","id":153483,"geometry":{"type":"Polygon","coordinates":[[[-74.199926501093017,40.555493219355739],[-74.199948500834324,40.555059218496972],[-74.199774501655369,40.554778218266378],[-74.198778500872308,40.554041218308463],[-74.198171501149986,40.553976218542395],[-74.197499500232041,40.553673218317464],[-74.197369499637389,40.55310921816006],[-74.197131499986,40.552763218357818],[-74.19643850004995,40.552394218231981],[-74.19557150003665,40.55239421891455],[-74.195332498763719,40.551203218419218],[-74.194487499390036,40.551333217811404],[-74.193426499207973,40.552243218093587],[-74.19160649717098,40.55261121911829],[-74.191429499415605,40.552809217898002],[-74.197696499875534,40.558895218806676],[-74.199772501107233,40.556878219528812],[-74.199276500814676,40.556294218775861],[-74.199926501093017,40.555493219355739]]]},"properties":{"OBJECTID":153483,"GEOID20":"360850170102","GEOID10":"360850170102","STATEFP":"36","COUNTYFP":"085","D1C":5.0475767401806353,"D1C5_RET":1.4258691356442472,"D2B_E5MIXA":0.78131729580042197,"D3A":29.506664583004095,"D3AAO":0,"D3B":149.11169072913279,"D4A":281.63999999999999,"D4C":18.670000000000002,"D4D":170.37425128000001,"D5AR":352014,"D5BR":373166}},{"type":"Feature","id":153484,"geometry":{"type":"Polygon","coordinates":[[[-74.179920494201241,40.536736216251917],[-74.18083149369717,40.535933215332982],[-74.178868493341682,40.535543215476785],[-74.178086492818878,40.535749215676702],[-74.174133490547078,40.537866216869539],[-74.172293492011875,40.538146216232924],[-74.170272490133442,40.539822216014194],[-74.16958748969499,40.540055216562948],[-74.169014490307859,40.540106217240073],[-74.168901490329958,40.540201216965514],[-74.169089490650947,40.541028217069304],[-74.175170492236333,40.54378321683982],[-74.176499493105325,40.5444952177548],[-74.176910493009061,40.543708217377606],[-74.177436492540522,40.542306217060961],[-74.177375492441158,40.54084221685202],[-74.177224492828415,40.540031217074173],[-74.177349492501889,40.539354215636564],[-74.177667492519205,40.53891821640407],[-74.179920494201241,40.536736216251917]]]},"properties":{"OBJECTID":153484,"GEOID20":"360850170052","GEOID10":"360850170052","STATEFP":"36","COUNTYFP":"085","D1C":4.6902840921057711,"D1C5_RET":0.21881649922602989,"D2B_E5MIXA":0.70975831014330559,"D3A":24.798170293473969,"D3AAO":0,"D3B":156.33620686267949,"D4A":383.56,"D4C":10,"D4D":60.8880693499,"D5AR":286707,"D5BR":343709}},{"type":"Feature","id":153485,"geometry":{"type":"Polygon","coordinates":[[[-74.187270497279485,40.564050221022001],[-74.187139497758238,40.562923221323096],[-74.187033497453029,40.562729220872086],[-74.186864497398616,40.561325220597823],[-74.186583497191236,40.559997219776754],[-74.18623149683873,40.560031220573457],[-74.185840496128151,40.560182220209889],[-74.184097496779003,40.560307220821876],[-74.183192496232536,40.560465220595283],[-74.181544494623026,40.560621220368546],[-74.180931495951228,40.560501220102786],[-74.180410494645997,40.56054622065421],[-74.181396495383311,40.56524622168844],[-74.182398496014173,40.565494222027134],[-74.18328449629405,40.565440221668439],[-74.184280497077111,40.56510522138877],[-74.185255497045461,40.564557221488506],[-74.187270497279485,40.564050221022001]]]},"properties":{"OBJECTID":153485,"GEOID20":"360850170072","GEOID10":"360850170072","STATEFP":"36","COUNTYFP":"085","D1C":0.35086820047937745,"D1C5_RET":0,"D2B_E5MIXA":0.28707967290746639,"D3A":26.428664808690293,"D3AAO":0,"D3B":136.7348707500027,"D4A":414.41000000000003,"D4C":21,"D4D":205.029081453,"D5AR":331371,"D5BR":372894}},{"type":"Feature","id":153486,"geometry":{"type":"Polygon","coordinates":[[[-74.187574496154795,40.550155217850097],[-74.18128649398183,40.546966217986437],[-74.18018649434002,40.548387217623429],[-74.178746494041249,40.551004218346257],[-74.179800494550648,40.551149218135478],[-74.181063495297394,40.556893219617805],[-74.181539496396766,40.55682621878487],[-74.184646495876692,40.553815218724289],[-74.185440496095083,40.552917219157329],[-74.187574496154795,40.550155217850097]]]},"properties":{"OBJECTID":153486,"GEOID20":"360850170083","GEOID10":"360850170083","STATEFP":"36","COUNTYFP":"085","D1C":1.2589912937160499,"D1C5_RET":0.097596224319073638,"D2B_E5MIXA":0.51664315763585811,"D3A":26.851899101527142,"D3AAO":0,"D3B":187.42222764275991,"D4A":465.37,"D4C":16.670000000000002,"D4D":104.123459802,"D5AR":324409,"D5BR":158903}},{"type":"Feature","id":153487,"geometry":{"type":"Polygon","coordinates":[[[-74.200145500477817,40.548809216797487],[-74.199122499930581,40.546717217247007],[-74.19461649836316,40.54801921727627],[-74.193210497501269,40.548616217759147],[-74.19097249768447,40.550976218171904],[-74.190146497679038,40.551609217742481],[-74.191429499415605,40.552809217898002],[-74.19160649717098,40.55261121911829],[-74.193426499207973,40.552243218093587],[-74.194487499390036,40.551333217811404],[-74.195332498763719,40.551203218419218],[-74.196741499100355,40.550748217876588],[-74.197001499391348,40.550011217245796],[-74.197434499934701,40.549968217749523],[-74.198172500974906,40.549587217498306],[-74.199740500421868,40.549222216871065],[-74.199624500070925,40.548937218130597],[-74.200145500477817,40.548809216797487]]]},"properties":{"OBJECTID":153487,"GEOID20":"360850170103","GEOID10":"360850170103","STATEFP":"36","COUNTYFP":"085","D1C":0.32525302949656792,"D1C5_RET":0,"D2B_E5MIXA":0.42756468478666138,"D3A":31.130955323289893,"D3AAO":0,"D3B":180.47640100705559,"D4A":820.76999999999998,"D4C":15,"D4D":156.12145415800001,"D5AR":339137,"D5BR":158307}},{"type":"Feature","id":153488,"geometry":{"type":"Polygon","coordinates":[[[-74.174937492607825,40.547849218113605],[-74.175089492045487,40.546722217353221],[-74.173421492141088,40.545791217082247],[-74.170605490219359,40.545147217319034],[-74.17087549145441,40.544469217699231],[-74.170037489956783,40.544322217667712],[-74.166673489660596,40.545123217606722],[-74.165744489723011,40.545406218161112],[-74.166234489269456,40.54735121817923],[-74.166833490392492,40.547787218496282],[-74.16703049003597,40.548094218737162],[-74.167573491082507,40.550583219998757],[-74.174683492164618,40.549669217726475],[-74.174937492607825,40.547849218113605]]]},"properties":{"OBJECTID":153488,"GEOID20":"360850170111","GEOID10":"360850170111","STATEFP":"36","COUNTYFP":"085","D1C":2.5461422345537925,"D1C5_RET":0.010608925977307469,"D2B_E5MIXA":0.66783036142626029,"D3A":27.499786629817223,"D3AAO":0,"D3B":138.08917537694674,"D4A":510.97000000000003,"D4C":52,"D4D":353.06505652499999,"D5AR":278071,"D5BR":761050}},{"type":"Feature","id":153489,"geometry":{"type":"Polygon","coordinates":[[[-74.176217493073011,40.544843217369674],[-74.176499493105325,40.5444952177548],[-74.175784493427983,40.54409121638119],[-74.169150489851972,40.541084217532713],[-74.169017490680915,40.540894217038193],[-74.168901490329958,40.540201216965514],[-74.169014490307859,40.540106217240073],[-74.168228489587094,40.540257216754952],[-74.167513489011426,40.540645216935914],[-74.166756489501267,40.54132721675829],[-74.166090490227717,40.541663217336819],[-74.165376488578659,40.542159217060963],[-74.16476648938162,40.542680217203916],[-74.164232489454221,40.54330921776188],[-74.165297489834259,40.544281218047189],[-74.165744489723011,40.545406218161112],[-74.166673489660596,40.545123217606722],[-74.170037489956783,40.544322217667712],[-74.17087549145441,40.544469217699231],[-74.170605490219359,40.545147217319034],[-74.173421492141088,40.545791217082247],[-74.175089492045487,40.546722217353221],[-74.175561492946898,40.545805217572223],[-74.176217493073011,40.544843217369674]]]},"properties":{"OBJECTID":153489,"GEOID20":"360850170112","GEOID10":"360850170112","STATEFP":"36","COUNTYFP":"085","D1C":1.8203047158957621,"D1C5_RET":0.3233436008499051,"D2B_E5MIXA":0.8840206810005915,"D3A":28.726918131092411,"D3AAO":0,"D3B":201.90436686670344,"D4A":616.91999999999996,"D4C":52,"D4D":398.55092726999999,"D5AR":294686,"D5BR":767246}},{"type":"Feature","id":153490,"geometry":{"type":"Polygon","coordinates":[[[-74.111321475776151,40.597559230158382],[-74.111311475730389,40.597065230163089],[-74.110181475053039,40.594867229639213],[-74.110642475185486,40.593260229754165],[-74.108286474469608,40.59198422972149],[-74.107880474588754,40.591626229254615],[-74.106881473432637,40.590384229120787],[-74.101263471629508,40.591040228751737],[-74.10090647125412,40.591028228936914],[-74.100977471399233,40.591840229059116],[-74.100818472288893,40.592676229962017],[-74.100416470809364,40.593351229067402],[-74.099797471391483,40.593879229872137],[-74.097222470392495,40.595373230588379],[-74.095863470284584,40.595959230633525],[-74.094277469497641,40.596457230457297],[-74.093756469090735,40.596753230331601],[-74.097066469858561,40.597953230056454],[-74.098067470664489,40.597552230551244],[-74.099333471784306,40.598019230020071],[-74.100020471872554,40.597306230249544],[-74.100727472052313,40.597700229592363],[-74.101305471462297,40.597088231083418],[-74.09986547116354,40.596057230130469],[-74.100950471635045,40.595513230565629],[-74.10153547161606,40.594961230124028],[-74.103385472891972,40.59609523020297],[-74.104273472821689,40.595272230154841],[-74.105215473178077,40.596375229568956],[-74.106157472636141,40.596593229695834],[-74.10634247438071,40.596550230111916],[-74.105810473204812,40.595892230031708],[-74.105620474132337,40.595223229166884],[-74.106655474375131,40.594565228986845],[-74.107592474708653,40.59627622989305],[-74.10712747347992,40.597013229951251],[-74.106123474097586,40.597958230428006],[-74.106014472521011,40.598258230211137],[-74.106050473404338,40.59849223126281],[-74.106124473024167,40.598705230309953],[-74.106299473824677,40.598837230733423],[-74.106993473585618,40.599073230282855],[-74.108696474548438,40.598315230481582],[-74.111321475776151,40.597559230158382]]]},"properties":{"OBJECTID":153490,"GEOID20":"360850177004","GEOID10":"360850177004","STATEFP":"36","COUNTYFP":"085","D1C":2.0648818672003273,"D1C5_RET":0.15548809240966319,"D2B_E5MIXA":0.68581817863114114,"D3A":23.525673055627308,"D3AAO":0,"D3B":147.33802855791831,"D4A":266.88,"D4C":12.67,"D4D":50.432873749300001,"D5AR":443132,"D5BR":172674}},{"type":"Feature","id":153491,"geometry":{"type":"Polygon","coordinates":[[[-74.175773492659005,40.553921218533624],[-74.17517849263227,40.550812219450876],[-74.174683492164618,40.549669217726475],[-74.167573491082507,40.550583219998757],[-74.168525490586305,40.554860219645683],[-74.175773492659005,40.553921218533624]]]},"properties":{"OBJECTID":153491,"GEOID20":"360850170122","GEOID10":"360850170122","STATEFP":"36","COUNTYFP":"085","D1C":2.0357474309854959,"D1C5_RET":0,"D2B_E5MIXA":0.24288926715143375,"D3A":29.991386495027296,"D3AAO":0,"D3B":198.48618342734983,"D4A":307.12,"D4C":53,"D4D":457.30167456300001,"D5AR":296805,"D5BR":739988}},{"type":"Feature","id":153492,"geometry":{"type":"Polygon","coordinates":[[[-74.18128649398183,40.546966217986437],[-74.176499493105325,40.5444952177548],[-74.175561492946898,40.545805217572223],[-74.175089492045487,40.546722217353221],[-74.174683492164618,40.549669217726475],[-74.17517849263227,40.550812219450876],[-74.1761174935139,40.555945220083856],[-74.179913493630238,40.548842218508405],[-74.18128649398183,40.546966217986437]]]},"properties":{"OBJECTID":153492,"GEOID20":"360850170123","GEOID10":"360850170123","STATEFP":"36","COUNTYFP":"085","D1C":0.49107728934503059,"D1C5_RET":0,"D2B_E5MIXA":0.5365314274864077,"D3A":37.215606693988413,"D3AAO":11.92952303495106,"D3B":109.77682033815771,"D4A":350.02999999999997,"D4C":10.67,"D4D":79.844490320899993,"D5AR":307995,"D5BR":444286}},{"type":"Feature","id":153710,"geometry":{"type":"Polygon","coordinates":[[[-74.226749506469005,40.519139210600919],[-74.226911506850712,40.519180210583848],[-74.226635506666184,40.517259210265664],[-74.22290450594889,40.508944208924248],[-74.223216506118419,40.508667208841302],[-74.222917505469354,40.507235208346422],[-74.223183505608148,40.505724207903562],[-74.223192504930651,40.505133207481045],[-74.223117505485902,40.504852207515334],[-74.222086505441041,40.504280207752046],[-74.222114505030149,40.503192207960609],[-74.22191550483852,40.502429208126401],[-74.221551505688751,40.502349207459361],[-74.22095150474081,40.502583207826994],[-74.219573504366338,40.502658207553118],[-74.218739503964983,40.502967208272658],[-74.218280504380672,40.503052207469352],[-74.217942504271861,40.503239207372111],[-74.217398504298757,40.503230207487377],[-74.217370502913028,40.503389208688866],[-74.215560503616743,40.505583208646762],[-74.215082502867517,40.5059862079735],[-74.214595502795802,40.506249208328292],[-74.213517502895286,40.506464208545573],[-74.213170502565674,40.506877209421539],[-74.212364501753399,40.507561209207815],[-74.211988502009774,40.508021208268332],[-74.210929502375834,40.508977209782479],[-74.210423502037543,40.509952209867983],[-74.20997150212591,40.510483209254303],[-74.212157502962498,40.516476210089593],[-74.21354750303253,40.521243210978611],[-74.217607504536119,40.520880211735381],[-74.220139504979088,40.519630211047058],[-74.222882506207583,40.518432210815348],[-74.223518506242215,40.51824421048866],[-74.224260506582041,40.518236210332311],[-74.225069506869048,40.518374210334869],[-74.225681506614237,40.518570211097362],[-74.226135507972316,40.518891210669359],[-74.226749506469005,40.519139210600919]]]},"properties":{"OBJECTID":153710,"GEOID20":"360850198001","GEOID10":"360850198001","STATEFP":"36","COUNTYFP":"085","D1C":1.1272707452700295,"D1C5_RET":0,"D2B_E5MIXA":0,"D3A":8.0834000993381654,"D3AAO":0,"D3B":65.548194456835006,"D4A":1001.8200000000001,"D4C":29.329999999999998,"D4D":40.889202931200003,"D5AR":252238,"D5BR":105711}},{"type":"Feature","id":153713,"geometry":{"type":"Polygon","coordinates":[[[-74.169828491516029,40.561086220816954],[-74.169737492177759,40.560258220833632],[-74.168053490583205,40.552726219535614],[-74.168068489753509,40.552952219382753],[-74.166659491213522,40.552814218914442],[-74.165241488859436,40.553098220340125],[-74.160314488240857,40.553725218780151],[-74.162722489733582,40.560783220693281],[-74.163780488644292,40.560325220961715],[-74.164942490007022,40.560120219726976],[-74.169828491516029,40.561086220816954]]]},"properties":{"OBJECTID":153713,"GEOID20":"360850146071","GEOID10":"360850146071","STATEFP":"36","COUNTYFP":"085","D1C":4.4706869883104368,"D1C5_RET":1.1584910630578349,"D2B_E5MIXA":0.93843644582615282,"D3A":24.002411082363885,"D3AAO":0,"D3B":119.35343064911547,"D4A":425.13999999999999,"D4C":80.670000000000002,"D4D":401.05974301100002,"D5AR":286175,"D5BR":740085}},{"type":"Feature","id":153714,"geometry":{"type":"Polygon","coordinates":[[[-74.104143473125347,40.61026223297727],[-74.103648473556021,40.610044232417984],[-74.101901473110587,40.608382232247891],[-74.101535472514399,40.607904232479754],[-74.101339471797488,40.606729231969688],[-74.101673472606649,40.605928231997773],[-74.101823473292782,40.605165231665012],[-74.097897471683481,40.606030231835362],[-74.09750247167328,40.605889232239363],[-74.097376470378279,40.605678231857823],[-74.097106470939849,40.605731232653092],[-74.096580470510077,40.606422232651006],[-74.095198470835939,40.607292233275857],[-74.095069470964518,40.607550232553763],[-74.095039470827288,40.608144233258685],[-74.094738470528412,40.608318232534273],[-74.094416470313121,40.608212232276955],[-74.094248470981952,40.60793023312862],[-74.094437470229522,40.607203232077936],[-74.094922469753101,40.606654232106344],[-74.095037470279152,40.606124232310115],[-74.09520147031067,40.605821232221508],[-74.094980470377749,40.605637232307565],[-74.094696470695609,40.605646232077923],[-74.094582470892803,40.605722232212152],[-74.094452470298137,40.606038232417824],[-74.094014470630228,40.606415232607894],[-74.093709469235066,40.606519232003883],[-74.093266470442614,40.606556231776196],[-74.092868470059329,40.607152232732709],[-74.092031470183244,40.607434232435985],[-74.090569469244869,40.609010234199864],[-74.093260469696489,40.610040233389597],[-74.094474470039444,40.610337232883261],[-74.09528047175003,40.610449233049955],[-74.09765947203212,40.610511233950461],[-74.104143473125347,40.61026223297727]]]},"properties":{"OBJECTID":153714,"GEOID20":"360850177005","GEOID10":"360850177005","STATEFP":"36","COUNTYFP":"085","D1C":0.49103189173571721,"D1C5_RET":0.010021059015014638,"D2B_E5MIXA":0.57107875727252089,"D3A":30.736655652656648,"D3AAO":1.3777262236777175,"D3B":109.07401642774651,"D4A":434.51999999999998,"D4C":39.329999999999998,"D4D":252.242080679,"D5AR":548601,"D5BR":944890}},{"type":"Feature","id":153715,"geometry":{"type":"Polygon","coordinates":[[[-74.11311447535401,40.604257231129097],[-74.113870476835871,40.602589231057429],[-74.113021475467576,40.602966230241172],[-74.11136347560894,40.603513230788366],[-74.107092473319824,40.604321231321592],[-74.105807473730081,40.603720231777977],[-74.103836472978685,40.603061232158595],[-74.103410473006321,40.603027231401732],[-74.102985472858876,40.603123231046993],[-74.102663472643613,40.603369232449957],[-74.101958472113694,40.604851231775342],[-74.101673472606649,40.605928231997773],[-74.101339471797488,40.606729231969688],[-74.101535472514399,40.607904232479754],[-74.101901473110587,40.608382232247891],[-74.103648473556021,40.610044232417984],[-74.104143473125347,40.61026223297727],[-74.107949474185716,40.610056232911489],[-74.109918474388977,40.610175232517129],[-74.110161474961544,40.60922223269673],[-74.110691475589292,40.608518232458863],[-74.110296476477387,40.60722623223797],[-74.110659474903912,40.60594023186642],[-74.11180547547481,40.605332231719999],[-74.11311447535401,40.604257231129097]]]},"properties":{"OBJECTID":153715,"GEOID20":"360850177006","GEOID10":"360850177006","STATEFP":"36","COUNTYFP":"085","D1C":2.5399877032572395,"D1C5_RET":0,"D2B_E5MIXA":0.1167045157177875,"D3A":16.812417366456245,"D3AAO":1.3531770484590204,"D3B":94.662560068926098,"D4A":1091.6700000000001,"D4C":-99999,"D4D":-99999,"D5AR":496437,"D5BR":236}},{"type":"Feature","id":153716,"geometry":{"type":"Polygon","coordinates":[[[-74.138498482951078,40.589322227774936],[-74.138668482830397,40.589028227208047],[-74.133747481161265,40.586146226702652],[-74.133510482233106,40.58565622678352],[-74.133702481853746,40.58497622711581],[-74.133703481678651,40.584620226246145],[-74.133435480991736,40.584177227387393],[-74.132663481412976,40.583738225514502],[-74.131255480901274,40.583363226689713],[-74.130401480408437,40.582767226494681],[-74.129425480615168,40.583684226233551],[-74.129179480567885,40.584048227112653],[-74.128938479645129,40.585022227714646],[-74.129103480399891,40.586299226993063],[-74.127783478853431,40.587457228221467],[-74.127822479211474,40.589445227719061],[-74.126386480009003,40.590733228320708],[-74.126286480449878,40.593463228366957],[-74.122644479421027,40.599427230091116],[-74.123186478846023,40.599203230141228],[-74.124676479373505,40.598324229191547],[-74.125370479134446,40.598146230076708],[-74.127982480841681,40.598429229512462],[-74.130921480990423,40.598864229377284],[-74.13124048173097,40.598318229596998],[-74.132055480967438,40.597827229572957],[-74.132814481924029,40.597249229800902],[-74.1337764823719,40.59634122882175],[-74.135103482692756,40.594543228551736],[-74.136399483051477,40.591981228275522],[-74.138498482951078,40.589322227774936]]]},"properties":{"OBJECTID":153716,"GEOID20":"360850181001","GEOID10":"360850181001","STATEFP":"36","COUNTYFP":"085","D1C":5.8683374855642239,"D1C5_RET":0,"D2B_E5MIXA":0.054608928970660824,"D3A":11.242851689994673,"D3AAO":0,"D3B":46.321951674175736,"D4A":87.170000000000002,"D4C":15.33,"D4D":33.271588772199998,"D5AR":443171,"D5BR":253165}},{"type":"Feature","id":153717,"geometry":{"type":"Polygon","coordinates":[[[-74.131570481443845,40.603778230651997],[-74.130921480990423,40.598864229377284],[-74.127982480841681,40.598429229512462],[-74.125454480596673,40.598145230141654],[-74.126356479871774,40.6029082299805],[-74.1278374801784,40.60288723010887],[-74.128660480709115,40.602796230134331],[-74.128841480459087,40.604049231273805],[-74.131570481443845,40.603778230651997]]]},"properties":{"OBJECTID":153717,"GEOID20":"360850187024","GEOID10":"360850187024","STATEFP":"36","COUNTYFP":"085","D1C":1.498264116189197,"D1C5_RET":0,"D2B_E5MIXA":0.35939404315200135,"D3A":31.099196920088716,"D3AAO":0,"D3B":177.60755780888115,"D4A":300.41000000000003,"D4C":14.67,"D4D":156.29891260100001,"D5AR":502111,"D5BR":1421842}},{"type":"Feature","id":153719,"geometry":{"type":"Polygon","coordinates":[[[-74.21409950340157,40.524106212327119],[-74.21354750303253,40.521243210978611],[-74.213023502252582,40.519616210550076],[-74.212754502639058,40.518416211229436],[-74.212157502962498,40.516476210089593],[-74.20997150212591,40.510483209254303],[-74.20934550213704,40.510992209314765],[-74.20867950106684,40.511377209974214],[-74.207320500958943,40.511911209943861],[-74.205792499898322,40.512221210231459],[-74.204620499388156,40.512305210141875],[-74.201920499614005,40.512867210640728],[-74.201198499365645,40.512942210477419],[-74.201079498641661,40.513386210770172],[-74.200276499100752,40.513333210571361],[-74.200980498907455,40.514860210751877],[-74.201975499865597,40.515647210570016],[-74.203689499800745,40.517652210680268],[-74.204008500541292,40.518325211761976],[-74.204568500407944,40.520284211006029],[-74.205462501083758,40.525552212322935],[-74.207303502138828,40.525290212222878],[-74.208566501987249,40.525321212548754],[-74.209613501925631,40.525235211873714],[-74.209960501356932,40.524903211551425],[-74.210283502295454,40.524729212416318],[-74.211426502493296,40.5244222122992],[-74.21409950340157,40.524106212327119]]]},"properties":{"OBJECTID":153719,"GEOID20":"360850198002","GEOID10":"360850198002","STATEFP":"36","COUNTYFP":"085","D1C":1.2969471225961389,"D1C5_RET":0.030249495570755423,"D2B_E5MIXA":0.54942387263649584,"D3A":25.807139813571769,"D3AAO":0,"D3B":300.44879604951598,"D4A":820.76999999999998,"D4C":31.670000000000002,"D4D":73.548679947799997,"D5AR":272241,"D5BR":106731}},{"type":"Feature","id":153720,"geometry":{"type":"Polygon","coordinates":[[[-74.205462501083758,40.525552212322935],[-74.204568500407944,40.520284211006029],[-74.204008500541292,40.518325211761976],[-74.203689499800745,40.517652210680268],[-74.201975499865597,40.515647210570016],[-74.200980498907455,40.514860210751877],[-74.20072449971272,40.514415210154951],[-74.200276499100752,40.513333210571361],[-74.201079498641661,40.513386210770172],[-74.201198499365645,40.512942210477419],[-74.200279498575483,40.512314210174814],[-74.199942498291605,40.512249210213284],[-74.199751497597575,40.511453210659148],[-74.19962349844937,40.511358210472451],[-74.199304498607148,40.511311209920585],[-74.198704498557518,40.511058209682361],[-74.197785497767356,40.510533210021769],[-74.196677496831299,40.513671210502437],[-74.197199497961421,40.519692212139745],[-74.197568498032368,40.5205122111959],[-74.19926149894944,40.522808212688112],[-74.20080549900527,40.525173212493691],[-74.199437498676531,40.525881213213324],[-74.196877498644469,40.528251213274281],[-74.19498049661459,40.530445214350166],[-74.19779549781309,40.529040213503286],[-74.199844498382319,40.52786621323547],[-74.200887499919347,40.527079213469889],[-74.201528499976845,40.526273212601645],[-74.20277049990888,40.525915212895733],[-74.205462501083758,40.525552212322935]]]},"properties":{"OBJECTID":153720,"GEOID20":"360850198003","GEOID10":"360850198003","STATEFP":"36","COUNTYFP":"085","D1C":1.4888299666155849,"D1C5_RET":0.1817757517379493,"D2B_E5MIXA":0.81133758245508558,"D3A":14.8902483123663,"D3AAO":0,"D3B":70.762158671515778,"D4A":206.53,"D4C":28.329999999999998,"D4D":92.480138172400004,"D5AR":268671,"D5BR":187105}},{"type":"Feature","id":153721,"geometry":{"type":"Polygon","coordinates":[[[-74.220067506805705,40.547106216885375],[-74.219298506701676,40.545061216148476],[-74.216309506324208,40.545680216506881],[-74.209886504432049,40.546438216190488],[-74.211694503180212,40.551140217856442],[-74.212419504699938,40.551025217445478],[-74.212988504787418,40.55128221817445],[-74.213428505003463,40.551181217373546],[-74.21378150518089,40.550816217243565],[-74.214690505925319,40.550583217268482],[-74.214775505415815,40.550493217758252],[-74.214778505788871,40.550319216815019],[-74.214091504802283,40.548469216590554],[-74.220067506805705,40.547106216885375]]]},"properties":{"OBJECTID":153721,"GEOID20":"360850208012","GEOID10":"360850208012","STATEFP":"36","COUNTYFP":"085","D1C":0.93604420130062838,"D1C5_RET":0.01418248789849437,"D2B_E5MIXA":0.43430759400334468,"D3A":37.311490596182921,"D3AAO":0,"D3B":399.55131827444711,"D4A":447.93000000000001,"D4C":14.67,"D4D":133.15654238100001,"D5AR":371268,"D5BR":219071}},{"type":"Feature","id":153722,"geometry":{"type":"Polygon","coordinates":[[[-74.219298506701676,40.545061216148476],[-74.217770505641042,40.541134215273779],[-74.214772505042745,40.541377216365952],[-74.212814504710138,40.541330215015478],[-74.207974502333556,40.541679216152041],[-74.209886504432049,40.546438216190488],[-74.216309506324208,40.545680216506881],[-74.219298506701676,40.545061216148476]]]},"properties":{"OBJECTID":153722,"GEOID20":"360850208013","GEOID10":"360850208013","STATEFP":"36","COUNTYFP":"085","D1C":1.282815424168126,"D1C5_RET":0.049721528068532014,"D2B_E5MIXA":0.37874114346440618,"D3A":25.79646318265366,"D3AAO":0,"D3B":135.80898399416378,"D4A":504.25999999999999,"D4C":16.670000000000002,"D4D":106.093807732,"D5AR":361477,"D5BR":219043}},{"type":"Feature","id":153723,"geometry":{"type":"Polygon","coordinates":[[[-74.213503505346537,40.55567621812768],[-74.207974502333556,40.541679216152041],[-74.205246502072001,40.541976216164407],[-74.204501502257415,40.541970216294423],[-74.201954500847506,40.542471216216924],[-74.201618501286845,40.542483215866611],[-74.200241500737292,40.54285521622878],[-74.197309499362916,40.543270216984126],[-74.199851499851647,40.54814021738909],[-74.200971500483249,40.55079821727734],[-74.20291150127251,40.554953218441611],[-74.203344502714188,40.556141218798821],[-74.205146502512889,40.55735521839182],[-74.205705502554636,40.55751021872728],[-74.207033502700398,40.557624219062035],[-74.209090503665522,40.55733121827695],[-74.210590504238752,40.557029218087102],[-74.212330505011465,40.556375219103941],[-74.213503505346537,40.55567621812768]]]},"properties":{"OBJECTID":153723,"GEOID20":"360850208014","GEOID10":"360850208014","STATEFP":"36","COUNTYFP":"085","D1C":1.3106424774931573,"D1C5_RET":0.33316752053922694,"D2B_E5MIXA":0.87787714061130517,"D3A":16.14423882593022,"D3AAO":2.8174758008715521,"D3B":85.793114360903104,"D4A":-99999,"D4C":27,"D4D":47.5796259165,"D5AR":300893,"D5BR":-99999}},{"type":"Feature","id":153724,"geometry":{"type":"Polygon","coordinates":[[[-74.203094500672321,40.532491214321951],[-74.202963500252736,40.53199521402388],[-74.195263498268432,40.534126214551065],[-74.193275497798595,40.534893214312909],[-74.196093498471839,40.540505216137397],[-74.197309499362916,40.543270216984126],[-74.200241500737292,40.54285521622878],[-74.202183501176378,40.542390216818575],[-74.1985824992571,40.534489215109012],[-74.199663499530658,40.533778214562233],[-74.200706500169375,40.533215213672236],[-74.203094500672321,40.532491214321951]]]},"properties":{"OBJECTID":153724,"GEOID20":"360850208042","GEOID10":"360850208042","STATEFP":"36","COUNTYFP":"085","D1C":1.0539626425049289,"D1C5_RET":0,"D2B_E5MIXA":0.70303291938887114,"D3A":26.932866769548159,"D3AAO":0.88894369529629924,"D3B":150.51946486767164,"D4A":214.58000000000001,"D4C":28,"D4D":152.31460123900001,"D5AR":342245,"D5BR":159000}},{"type":"Feature","id":153930,"geometry":{"type":"Polygon","coordinates":[[[-74.212412505027231,40.557913218466048],[-74.212167504804867,40.557736218806745],[-74.211792504886134,40.55725821869941],[-74.21153950516613,40.55721121893864],[-74.210433504778223,40.557614219112281],[-74.207911503482663,40.558139218550039],[-74.20727350379822,40.558177219008662],[-74.206393502467805,40.558110218778218],[-74.207033502700398,40.557624219062035],[-74.205705502554636,40.55751021872728],[-74.205146502512889,40.55735521839182],[-74.203344502714188,40.556141218798821],[-74.202055501129863,40.555886219425119],[-74.201001502417114,40.555988217789611],[-74.200697500846857,40.556101219469816],[-74.200195500706542,40.556452219148028],[-74.197696499875534,40.558895218806676],[-74.194077500209531,40.562087220478212],[-74.193443498926399,40.562477220699009],[-74.192905499699364,40.562657219457073],[-74.191863498885567,40.562498220977119],[-74.191136499512623,40.562574221018721],[-74.190667498984268,40.562760220253693],[-74.189974499048233,40.5633252207775],[-74.189469497636537,40.56359322020991],[-74.185255497045461,40.564557221488506],[-74.184005495819193,40.56521822064586],[-74.183404495944643,40.565413221131521],[-74.182821496511792,40.56549922141366],[-74.182204495845397,40.565473221324133],[-74.181582495156164,40.565321221596122],[-74.17794649487341,40.563991221364368],[-74.176595493364786,40.563249220906137],[-74.17488949382556,40.562834220436692],[-74.171287491183065,40.561351220251282],[-74.169828491516029,40.561086220816954],[-74.169606492656513,40.566657221719062],[-74.169920492475867,40.573982223326816],[-74.169732493053203,40.576973224170331],[-74.168714492528835,40.585292225786674],[-74.168077493567608,40.587906227032477],[-74.167728492689832,40.58878722593483],[-74.165788491900571,40.590716227537925],[-74.163318491381872,40.592516227755198],[-74.163604490713837,40.593382227905643],[-74.16543749227128,40.593575227478901],[-74.166484493107959,40.593778227863822],[-74.167420493616575,40.594071227332677],[-74.16883749434912,40.594729227599544],[-74.168285493980065,40.596441227679897],[-74.167198492960409,40.602084229354517],[-74.171445494061757,40.602553229640151],[-74.172023495268391,40.602710230051997],[-74.172502494944183,40.602952228748222],[-74.174627495681378,40.602261229022908],[-74.174837495743645,40.602332228869948],[-74.175829495430463,40.601535228939113],[-74.17824049729623,40.599819228026817],[-74.179542496604412,40.596754227559089],[-74.182078497245342,40.59425722701139],[-74.182239497802144,40.593671226373495],[-74.182561498017407,40.593554226721785],[-74.182851497547333,40.593340226263514],[-74.183869498071701,40.592380226362849],[-74.184197498134736,40.592004226851969],[-74.184387498105551,40.591495226907],[-74.184877498550321,40.591119225830468],[-74.185348497830205,40.590948226250731],[-74.185795497718956,40.59043922645342],[-74.186223499137739,40.589826225544662],[-74.186246498703966,40.58963522550772],[-74.18611849865745,40.589311226354646],[-74.185514498409859,40.58888322624604],[-74.185438498241879,40.588688225938554],[-74.185628498212679,40.588327225999087],[-74.185885498130631,40.588120225780266],[-74.186137498924026,40.588037225496073],[-74.186461498789114,40.588128225095367],[-74.186746499194484,40.588061226197063],[-74.187349499617142,40.587353225092009],[-74.189481499128718,40.586106224838957],[-74.189957499329779,40.585683225292314],[-74.190306499309258,40.585632224537271],[-74.191111500296586,40.585838225515744],[-74.191319498912435,40.585713224835438],[-74.192320500616674,40.585578224738803],[-74.192717500276714,40.585208224593075],[-74.193326500547172,40.585046224722085],[-74.193602501629996,40.585131224884393],[-74.194380501056543,40.585016224879787],[-74.197686502524732,40.583016223462828],[-74.199472501531559,40.58230422420727],[-74.199796503193298,40.582111224169964],[-74.200077502502381,40.581552223701564],[-74.199968502722442,40.580576223343648],[-74.200170503287126,40.580149222802753],[-74.200479503083614,40.579935223112152],[-74.203564502822218,40.58044222331236],[-74.205963504094115,40.580055222646735],[-74.206068504574418,40.579613223786197],[-74.205883503728174,40.578655223097343],[-74.20629550435514,40.578080222738336],[-74.20657950493559,40.577426222699522],[-74.206695505286547,40.576742222266468],[-74.207083504725745,40.576455222801044],[-74.207020504976555,40.575992222540002],[-74.207095503522993,40.575767222278984],[-74.207233504513582,40.575455222693677],[-74.207508504873189,40.575180221732531],[-74.20725850462793,40.574842222960335],[-74.207283504742279,40.573967222290968],[-74.207170504764377,40.573755221847804],[-74.208059504518999,40.572604221712929],[-74.207770504814007,40.570730220321714],[-74.208795505011068,40.569905221977706],[-74.208895504570165,40.569480221611599],[-74.209545504848506,40.568180220675934],[-74.209870504538529,40.566930220055276],[-74.210770505960426,40.565180220089637],[-74.2109455049643,40.564430219745432],[-74.211245504539946,40.564030220311089],[-74.211395505226093,40.563180220741678],[-74.211095504752123,40.562180220154488],[-74.211239505590484,40.560483219327743],[-74.211745505928775,40.55934921943669],[-74.212017505017016,40.558411219022588],[-74.212412505027231,40.557913218466048]]]},"properties":{"OBJECTID":153930,"GEOID20":"360850228001","GEOID10":"360850228001","STATEFP":"36","COUNTYFP":"085","D1C":0.44663907900799005,"D1C5_RET":0.14064671458776953,"D2B_E5MIXA":0.69370909400565284,"D3A":4.2826313070598259,"D3AAO":1.5227736064982413,"D3B":7.8541577944016705,"D4A":301.75,"D4C":115.33,"D4D":31.225482382300001,"D5AR":366144,"D5BR":373617}},{"type":"Feature","id":153931,"geometry":{"type":"Polygon","coordinates":[[[-74.255695515627323,40.507738208268009],[-74.255405515199087,40.506539206664293],[-74.255423514742432,40.504289206812892],[-74.254430515230737,40.502264206005755],[-74.253932515288369,40.502329206765417],[-74.25289251502268,40.502705206655705],[-74.251831514840603,40.502782206916415],[-74.244330513047927,40.504299207209961],[-74.24605851232846,40.509305208116544],[-74.251850514208869,40.50759020764265],[-74.255695515627323,40.507738208268009]]]},"properties":{"OBJECTID":153931,"GEOID20":"360850244011","GEOID10":"360850244011","STATEFP":"36","COUNTYFP":"085","D1C":0.70753124757707408,"D1C5_RET":0.049134114415074585,"D2B_E5MIXA":0.69054639875181645,"D3A":27.560014098961116,"D3AAO":0,"D3B":139.98631766021788,"D4A":282.98000000000002,"D4C":22.329999999999998,"D4D":118.68382084300001,"D5AR":248301,"D5BR":89765}},{"type":"Feature","id":153932,"geometry":{"type":"Polygon","coordinates":[[[-74.245249512939793,40.509551208887743],[-74.24605851232846,40.509305208116544],[-74.244330513047927,40.504299207209961],[-74.238182510617079,40.505535207509674],[-74.239877511183948,40.510359208419501],[-74.240252511102682,40.511668208535809],[-74.24323651235558,40.510191208398865],[-74.245249512939793,40.509551208887743]]]},"properties":{"OBJECTID":153932,"GEOID20":"360850244012","GEOID10":"360850244012","STATEFP":"36","COUNTYFP":"085","D1C":3.6266710272542202,"D1C5_RET":0.072053066766640139,"D2B_E5MIXA":0.52153017376093347,"D3A":23.115702055557119,"D3AAO":0,"D3B":123.00130992355292,"D4A":355.39999999999998,"D4C":22.329999999999998,"D4D":171.620797963,"D5AR":247233,"D5BR":93857}},{"type":"Feature","id":153939,"geometry":{"type":"Polygon","coordinates":[[[-74.162991491143714,40.586308226638089],[-74.157667489068459,40.583383225715849],[-74.155932488318598,40.585095226345778],[-74.161266490439601,40.588085226207248],[-74.162991491143714,40.586308226638089]]]},"properties":{"OBJECTID":153939,"GEOID20":"360850277053","GEOID10":"360850277053","STATEFP":"36","COUNTYFP":"085","D1C":1.728902980892248,"D1C5_RET":0,"D2B_E5MIXA":0.44834740630477787,"D3A":28.828911351257741,"D3AAO":0,"D3B":165.4214372117703,"D4A":319.19,"D4C":52.670000000000002,"D4D":1004.81456556,"D5AR":410065,"D5BR":1418340}},{"type":"Feature","id":153942,"geometry":{"type":"Polygon","coordinates":[[[-74.254430515230737,40.502264206005755],[-74.253951514656634,40.501552206507327],[-74.253680514494974,40.500624205771572],[-74.253258514720585,40.499930205918858],[-74.252583514327881,40.499424206055799],[-74.25128951451731,40.498749205065181],[-74.250867513844597,40.498008204631162],[-74.250192513451907,40.497258204890301],[-74.24876751322175,40.496171206063394],[-74.248022513407179,40.49607220571437],[-74.246995511763672,40.496067204561264],[-74.246508512590268,40.496185205307427],[-74.245172512048583,40.497188205661629],[-74.244736511132174,40.497352205164361],[-74.242939510458044,40.497535206322972],[-74.242383510789338,40.497502205982968],[-74.242120510125289,40.497399205935082],[-74.241417510143506,40.497567206575106],[-74.241079510933019,40.497533206178623],[-74.240920510026044,40.497633205808754],[-74.240695509895147,40.497652205783076],[-74.240114511010418,40.497464205943942],[-74.239758509561639,40.497502205299845],[-74.238483510017645,40.498796206223489],[-74.238108510098911,40.498946205862829],[-74.23777551001298,40.49883920645496],[-74.237508510049281,40.498852205772856],[-74.237433509706221,40.498964206097575],[-74.237451509249567,40.499283206534507],[-74.237048509741754,40.49976120705864],[-74.236664508703868,40.499986206570874],[-74.236289508785148,40.499902205575282],[-74.236488508976777,40.500425207110972],[-74.237910509732203,40.499706206258587],[-74.238103510076044,40.500216206172723],[-74.239918510293535,40.499851206407648],[-74.241640511522903,40.50484020727427],[-74.251831514840603,40.502782206916415],[-74.25289251502268,40.502705206655705],[-74.253932515288369,40.502329206765417],[-74.254430515230737,40.502264206005755]]]},"properties":{"OBJECTID":153942,"GEOID20":"360850244022","GEOID10":"360850244022","STATEFP":"36","COUNTYFP":"085","D1C":0.56502181596316581,"D1C5_RET":0.018834060532105529,"D2B_E5MIXA":0.73298376537975563,"D3A":19.160497426683978,"D3AAO":0,"D3B":64.003119526585465,"D4A":312.48000000000002,"D4C":19.329999999999998,"D4D":60.8339627501,"D5AR":235533,"D5BR":93770}},{"type":"Feature","id":153944,"geometry":{"type":"Polygon","coordinates":[[[-74.169920492475867,40.573982223326816],[-74.169836491911965,40.570887221761019],[-74.161792489971063,40.575378224039582],[-74.163781490265819,40.576452224069669],[-74.164379491563949,40.576849224234032],[-74.163734490410164,40.577454224774719],[-74.16348149069016,40.57929122427484],[-74.162424490706059,40.582340224930299],[-74.16181549133394,40.583241225951113],[-74.16033548995388,40.584803225885423],[-74.167615492711931,40.588935225959112],[-74.167873491556477,40.588531226705101],[-74.168077493567608,40.587906227032477],[-74.168714492528835,40.585292225786674],[-74.169732493053203,40.576973224170331],[-74.169920492475867,40.573982223326816]]]},"properties":{"OBJECTID":153944,"GEOID20":"360850277022","GEOID10":"360850277022","STATEFP":"36","COUNTYFP":"085","D1C":21.933323924764352,"D1C5_RET":15.733153077563699,"D2B_E5MIXA":0.53459223604280293,"D3A":22.687682191291334,"D3AAO":3.3263032408606028,"D3B":97.427628119861126,"D4A":305.77999999999997,"D4C":56,"D4D":157.30897485,"D5AR":407262,"D5BR":1418184}},{"type":"Feature","id":153945,"geometry":{"type":"Polygon","coordinates":[[[-74.16348149069016,40.57929122427484],[-74.163701490798204,40.577740224490462],[-74.162993490793554,40.577670224696917],[-74.163077490459131,40.576622223612098],[-74.162226489441025,40.576170223996549],[-74.16162749011464,40.576723224239423],[-74.161298490226656,40.577889224635683],[-74.160976490011379,40.577948224322114],[-74.160434490586397,40.577559224435475],[-74.159864489775671,40.578019224743123],[-74.160402489901031,40.578435224071704],[-74.160615490336355,40.578355224742886],[-74.160392489855298,40.578478224387837],[-74.159937488672298,40.578384224612975],[-74.159596489987081,40.578421224264297],[-74.158630488442924,40.57926322501531],[-74.15937648898074,40.579853225842164],[-74.158816489114088,40.581057225333268],[-74.157502489212035,40.582214225726155],[-74.156864489527564,40.582956224672699],[-74.16033548995388,40.584803225885423],[-74.16181549133394,40.583241225951113],[-74.162280490766022,40.582598225678964],[-74.162651490486795,40.581816225154213],[-74.16348149069016,40.57929122427484]]]},"properties":{"OBJECTID":153945,"GEOID20":"360850277023","GEOID10":"360850277023","STATEFP":"36","COUNTYFP":"085","D1C":5.705086006444783,"D1C5_RET":0,"D2B_E5MIXA":0.4341388769138475,"D3A":17.764239309654734,"D3AAO":0,"D3B":143.99461087896253,"D4A":244.08000000000001,"D4C":55,"D4D":516.24428644399995,"D5AR":391573,"D5BR":1418387}},{"type":"Feature","id":153946,"geometry":{"type":"Polygon","coordinates":[[[-74.161266490439601,40.588085226207248],[-74.155932488318598,40.585095226345778],[-74.15389648726989,40.587158227145224],[-74.159195490129093,40.590160226841178],[-74.161266490439601,40.588085226207248]]]},"properties":{"OBJECTID":153946,"GEOID20":"360850277052","GEOID10":"360850277052","STATEFP":"36","COUNTYFP":"085","D1C":0.42438072878722821,"D1C5_RET":0.099854289126406634,"D2B_E5MIXA":0.54298485671148855,"D3A":23.015446987660148,"D3AAO":0,"D3B":138.50189318989106,"D4A":395.63,"D4C":40.329999999999998,"D4D":644.33975687500003,"D5AR":415806,"D5BR":982155}},{"type":"Feature","id":153947,"geometry":{"type":"Polygon","coordinates":[[[-74.163112491517552,40.592671226466862],[-74.163318491381872,40.592516227755198],[-74.159195490129093,40.590160226841178],[-74.15636748851179,40.593205227238251],[-74.15989349098632,40.595178228060895],[-74.160356491666903,40.595350227713837],[-74.161901491547653,40.595307228012643],[-74.16193949118248,40.594581227438454],[-74.162167490788121,40.593901227797225],[-74.162605492252652,40.593165227550507],[-74.163112491517552,40.592671226466862]]]},"properties":{"OBJECTID":153947,"GEOID20":"360850277061","GEOID10":"360850277061","STATEFP":"36","COUNTYFP":"085","D1C":6.3898444072886829,"D1C5_RET":0,"D2B_E5MIXA":0.069970685829742543,"D3A":23.033344313597986,"D3AAO":3.3031053256985934,"D3B":157.69612937731523,"D4A":394.29000000000002,"D4C":39.329999999999998,"D4D":547.07495531500001,"D5AR":440205,"D5BR":1416333}},{"type":"Feature","id":153949,"geometry":{"type":"Polygon","coordinates":[[[-74.205528504799247,40.581508223813024],[-74.205963504094115,40.580055222646735],[-74.203564502822218,40.58044222331236],[-74.200479503083614,40.579935223112152],[-74.200170503287126,40.580149222802753],[-74.199968502722442,40.580576223343648],[-74.200077502502381,40.581552223701564],[-74.199796503193298,40.582111224169964],[-74.199472501531559,40.58230422420727],[-74.197686502524732,40.583016223462828],[-74.194380501056543,40.585016224879787],[-74.193602501629996,40.585131224884393],[-74.193326500547172,40.585046224722085],[-74.192717500276714,40.585208224593075],[-74.192320500616674,40.585578224738803],[-74.191319498912435,40.585713224835438],[-74.191111500296586,40.585838225515744],[-74.190306499309258,40.585632224537271],[-74.189957499329779,40.585683225292314],[-74.189481499128718,40.586106224838957],[-74.187349499617142,40.587353225092009],[-74.186746499194484,40.588061226197063],[-74.186461498789114,40.588128225095367],[-74.186137498924026,40.588037225496073],[-74.185885498130631,40.588120225780266],[-74.185500499064474,40.58851722491756],[-74.18545749850847,40.58879322570251],[-74.18611849865745,40.589311226354646],[-74.186246498703966,40.58963522550772],[-74.186223499137739,40.589826225544662],[-74.185348497830205,40.590948226250731],[-74.184877498550321,40.591119225830468],[-74.184387498105551,40.591495226907],[-74.184197498134736,40.592004226851969],[-74.183869498071701,40.592380226362849],[-74.182851497547333,40.593340226263514],[-74.182561498017407,40.593554226721785],[-74.182239497802144,40.593671226373495],[-74.182078497245342,40.59425722701139],[-74.179542496604412,40.596754227559089],[-74.17824049729623,40.599819228026817],[-74.18535949949748,40.594812227080979],[-74.192627499865026,40.590588225598331],[-74.197045501568908,40.58791822536098],[-74.198649501899197,40.587087225509073],[-74.20254850374431,40.585492224338061],[-74.203643503363267,40.58532522383895],[-74.205029504133662,40.58173222368864],[-74.205528504799247,40.581508223813024]]]},"properties":{"OBJECTID":153949,"GEOID20":"360850291022","GEOID10":"360850291022","STATEFP":"36","COUNTYFP":"085","D1C":3.4681914854649896,"D1C5_RET":0.02204358994998934,"D2B_E5MIXA":0.76141617378397641,"D3A":14.938616365470676,"D3AAO":2.1126531402510893,"D3B":40.624053062149073,"D4A":282.98000000000002,"D4C":21.670000000000002,"D4D":48.887834167599998,"D5AR":480313,"D5BR":144712}},{"type":"Feature","id":153950,"geometry":{"type":"Polygon","coordinates":[[[-74.167622493282934,40.599857228689324],[-74.167997493201668,40.597930228069586],[-74.163891491667314,40.597343228983021],[-74.162362491680099,40.597413227968829],[-74.162945492011289,40.600451228878065],[-74.163288492142968,40.601689229367757],[-74.167198492960409,40.602084229354517],[-74.167622493282934,40.599857228689324]]]},"properties":{"OBJECTID":153950,"GEOID20":"360850291034","GEOID10":"360850291034","STATEFP":"36","COUNTYFP":"085","D1C":0.60547171048263615,"D1C5_RET":0.041756669688457662,"D2B_E5MIXA":0.57670927364235158,"D3A":22.856868104410321,"D3AAO":0,"D3B":75.242836530588761,"D4A":387.57999999999998,"D4C":30.329999999999998,"D4D":402.560457219,"D5AR":470203,"D5BR":1419795}},{"type":"Feature","id":155128,"geometry":{"type":"Polygon","coordinates":[[[-74.184079499032293,40.602669228681144],[-74.17824049729623,40.599819228026817],[-74.175829495430463,40.601535228939113],[-74.172565495591684,40.604172230043389],[-74.170596495388423,40.604980229430275],[-74.168350494277405,40.606125229397811],[-74.165823493857303,40.606771229974086],[-74.165702493483465,40.606910229465413],[-74.165505492941662,40.607632229964025],[-74.165439493717741,40.608353229699929],[-74.164840493493031,40.610503230493684],[-74.17562649593917,40.612226231370379],[-74.179176497804832,40.607875229724357],[-74.180578498468748,40.606024230204426],[-74.184079499032293,40.602669228681144]]]},"properties":{"OBJECTID":155128,"GEOID20":"360850291031","GEOID10":"360850291031","STATEFP":"36","COUNTYFP":"085","D1C":4.4842292747693984,"D1C5_RET":0.20856880347764642,"D2B_E5MIXA":0.76673126629048827,"D3A":12.153641009798923,"D3AAO":0,"D3B":44.194267429212772,"D4A":462.69,"D4C":53.670000000000002,"D4D":124.804332172,"D5AR":498534,"D5BR":1748036}},{"type":"Feature","id":155129,"geometry":{"type":"Polygon","coordinates":[[[-74.174757495377705,40.602396229541576],[-74.174837495743645,40.602332228869948],[-74.174627495681378,40.602261229022908],[-74.172502494944183,40.602952228748222],[-74.172023495268391,40.602710230051997],[-74.171445494061757,40.602553229640151],[-74.167198492960409,40.602084229354517],[-74.166695493893485,40.603501229801928],[-74.165857492395844,40.605203229970385],[-74.165775492380078,40.605663229064376],[-74.165823493857303,40.606771229974086],[-74.168350494277405,40.606125229397811],[-74.170596495388423,40.604980229430275],[-74.172565495591684,40.604172230043389],[-74.174757495377705,40.602396229541576]]]},"properties":{"OBJECTID":155129,"GEOID20":"360850291032","GEOID10":"360850291032","STATEFP":"36","COUNTYFP":"085","D1C":2.8419174232845861,"D1C5_RET":0,"D2B_E5MIXA":0.50018080389154029,"D3A":14.216610607347013,"D3AAO":0,"D3B":99.522250932959253,"D4A":686.64999999999998,"D4C":45.329999999999998,"D4D":588.33380735399999,"D5AR":473811,"D5BR":1419732}},{"type":"Feature","id":155130,"geometry":{"type":"Polygon","coordinates":[[[-74.168910494144043,40.620965232269675],[-74.169188495775032,40.620555233286019],[-74.167730495034604,40.620266232405498],[-74.168517493783654,40.616693231950102],[-74.165475493702743,40.616305231394257],[-74.160555492756842,40.615473232152404],[-74.159881492189058,40.615169232493876],[-74.15846049125858,40.614856232241408],[-74.157662490842227,40.614400231774361],[-74.157313490862762,40.615163231683638],[-74.160502492155075,40.617424232671553],[-74.163610492358245,40.619105232592283],[-74.165878494108881,40.620147232361404],[-74.168726495817666,40.621217233037264],[-74.168910494144043,40.620965232269675]]]},"properties":{"OBJECTID":155130,"GEOID20":"360850291041","GEOID10":"360850291041","STATEFP":"36","COUNTYFP":"085","D1C":1.1516036272443315,"D1C5_RET":0,"D2B_E5MIXA":0.40831507473529105,"D3A":34.344887109693602,"D3AAO":12.453463994586635,"D3B":113.8714374811902,"D4A":595.46000000000004,"D4C":55.329999999999998,"D4D":510.65866719399997,"D5AR":549279,"D5BR":1743111}},{"type":"Feature","id":155131,"geometry":{"type":"Polygon","coordinates":[[[-74.168483494346788,40.621570232567976],[-74.168726495817666,40.621217233037264],[-74.165878494108881,40.620147232361404],[-74.163610492358245,40.619105232592283],[-74.160502492155075,40.617424232671553],[-74.157313490862762,40.615163231683638],[-74.156760489770505,40.616371231647832],[-74.155779490852666,40.617930232657031],[-74.154292489799943,40.619308231815737],[-74.155426490675268,40.620077232637499],[-74.162177492630491,40.621082233036496],[-74.164986493082893,40.62162723341244],[-74.16510249433216,40.621189232923172],[-74.166535494958225,40.621607232870488],[-74.166805494396655,40.621597232256313],[-74.167509495101669,40.621800233452745],[-74.168142494763245,40.622086233056997],[-74.168483494346788,40.621570232567976]]]},"properties":{"OBJECTID":155131,"GEOID20":"360850303011","GEOID10":"360850303011","STATEFP":"36","COUNTYFP":"085","D1C":4.2147063998333296,"D1C5_RET":0.035417700838935542,"D2B_E5MIXA":0.51902940059129998,"D3A":33.343666266696452,"D3AAO":6.2055026270282072,"D3B":146.12871130133618,"D4A":400.99000000000001,"D4C":64.329999999999998,"D4D":486.06308159299999,"D5AR":544931,"D5BR":1743394}},{"type":"Feature","id":155132,"geometry":{"type":"Polygon","coordinates":[[[-74.166776494084331,40.626556234250188],[-74.167405494446285,40.623917233029019],[-74.162082492195921,40.623262233087992],[-74.161581493677133,40.624284233044577],[-74.161183493293876,40.626607234466427],[-74.163734494003421,40.626882233931823],[-74.166560494174277,40.627375234256789],[-74.166776494084331,40.626556234250188]]]},"properties":{"OBJECTID":155132,"GEOID20":"360850303021","GEOID10":"360850303021","STATEFP":"36","COUNTYFP":"085","D1C":3.9310903537892758,"D1C5_RET":0.79073656541738302,"D2B_E5MIXA":0.7995019689386238,"D3A":27.605663772427484,"D3AAO":0,"D3B":163.95267502203805,"D4A":529.74000000000001,"D4C":39.670000000000002,"D4D":573.59578605900003,"D5AR":517014,"D5BR":1608333}},{"type":"Feature","id":155133,"geometry":{"type":"Polygon","coordinates":[[[-74.141631483268597,40.57486222453403],[-74.141108483211866,40.572431223967236],[-74.13365448127486,40.573322224378693],[-74.132639481123547,40.573530224299013],[-74.127654478981981,40.57524322491831],[-74.127291478758821,40.575808224454128],[-74.127090478917381,40.576377225719597],[-74.127250480547573,40.57755922580008],[-74.126893478375578,40.578498225556828],[-74.126933479456852,40.578908226028943],[-74.127642479286422,40.580040225701651],[-74.128214478848633,40.580774226055219],[-74.128943480566335,40.581512226595123],[-74.129911480861992,40.5822202260835],[-74.130401480408437,40.582767226494681],[-74.131818481140968,40.581893226632403],[-74.13135448063548,40.580129225538712],[-74.131408480163827,40.579856225785669],[-74.131629480096777,40.579632225768457],[-74.133272481683434,40.57900822571299],[-74.135055481215545,40.578806225746902],[-74.135425481111412,40.578515225351758],[-74.135455482146938,40.57838322574699],[-74.135367481385089,40.578188225528592],[-74.134825481960107,40.57789922496783],[-74.134702481038133,40.577724225421356],[-74.134771482431731,40.577512225283535],[-74.135082481878044,40.577255225634914],[-74.137929482863598,40.576515224692955],[-74.140253483792435,40.575810224309961],[-74.141631483268597,40.57486222453403]]]},"properties":{"OBJECTID":155133,"GEOID20":"360850279002","GEOID10":"360850279002","STATEFP":"36","COUNTYFP":"085","D1C":5.1351293310127444,"D1C5_RET":0.041412333314618903,"D2B_E5MIXA":0.20681286208157171,"D3A":19.360644633781611,"D3AAO":0,"D3B":106.03247549899079,"D4A":541.80999999999995,"D4C":15.33,"D4D":58.034126509300002,"D5AR":395070,"D5BR":38884}},{"type":"Feature","id":155134,"geometry":{"type":"Polygon","coordinates":[[[-74.204385504601419,40.588421224763145],[-74.204108503693661,40.586800224036431],[-74.203643503363267,40.58532522383895],[-74.20254850374431,40.585492224338061],[-74.198649501899197,40.587087225509073],[-74.197045501568908,40.58791822536098],[-74.192627499865026,40.590588225598331],[-74.18535949949748,40.594812227080979],[-74.17824049729623,40.599819228026817],[-74.184079499032293,40.602669228681144],[-74.18123549752147,40.605329228827244],[-74.180246497309426,40.606410229458945],[-74.178593497473642,40.608604229841859],[-74.171895495221875,40.616846231890754],[-74.168726495817666,40.621217233037264],[-74.173096496942662,40.621892232357617],[-74.174402497347117,40.622405233006582],[-74.175774497873817,40.623282233134397],[-74.178846498990254,40.626114232562912],[-74.181680498658707,40.627798233855678],[-74.18351750041414,40.628773234006736],[-74.186532501629188,40.630218234123369],[-74.19598950500297,40.635180235636227],[-74.196787504520984,40.634541234151577],[-74.196580503933447,40.63437123461604],[-74.196830505077017,40.634032234326227],[-74.196842504772576,40.63386523374168],[-74.196769504977652,40.633704233929755],[-74.196462504830976,40.633518234273474],[-74.196518504907488,40.633363234845824],[-74.197132504302488,40.633109234724294],[-74.197477504083977,40.632794234482127],[-74.197875504467248,40.632821234405299],[-74.198767504594926,40.633146234769924],[-74.199338505230543,40.632894234016625],[-74.200515505763576,40.631479233316867],[-74.201156505821075,40.629359233004884],[-74.201673505131708,40.623613232248992],[-74.201092505348655,40.620207231189667],[-74.201293505190108,40.619054230738861],[-74.20038450444568,40.616439231159056],[-74.200773504608122,40.614238229665887],[-74.202359504496741,40.613163230491246],[-74.202461505502299,40.609749229099137],[-74.202314505189207,40.608895228888834],[-74.202631505381618,40.605869228349846],[-74.20015050319563,40.603691228570902],[-74.199453503061648,40.601814228148314],[-74.198792502912653,40.600899227166202],[-74.197041502269258,40.599991228017132],[-74.197024503449143,40.59876722778202],[-74.197439501754189,40.598468227484943],[-74.197394502446684,40.596886227060111],[-74.198001503067317,40.596625226988806],[-74.199057502328188,40.594907226262421],[-74.204060504911396,40.589641225881451],[-74.204385504601419,40.588421224763145]]]},"properties":{"OBJECTID":155134,"GEOID20":"360850291021","GEOID10":"360850291021","STATEFP":"36","COUNTYFP":"085","D1C":2.3578409500593414,"D1C5_RET":0.15455115322457466,"D2B_E5MIXA":0.85217275413840243,"D3A":9.1629290491647932,"D3AAO":3.7394129386962081,"D3B":13.232982781872053,"D4A":350.02999999999997,"D4C":42.670000000000002,"D4D":13.655414154800001,"D5AR":453078,"D5BR":181557}},{"type":"Feature","id":155158,"geometry":{"type":"Polygon","coordinates":[[[-74.153184488863886,40.58790022650301],[-74.15389648726989,40.587158227145224],[-74.14968548615353,40.584873226401676],[-74.150748487782067,40.583938225983808],[-74.149633487173318,40.583378226300987],[-74.146323485507182,40.586078226385396],[-74.145835485610533,40.588572227878785],[-74.147898486423458,40.588564227252398],[-74.148335486266461,40.588649227718911],[-74.150971487364828,40.590184227462373],[-74.153184488863886,40.58790022650301]]]},"properties":{"OBJECTID":155158,"GEOID20":"360850277042","GEOID10":"360850277042","STATEFP":"36","COUNTYFP":"085","D1C":0.93088128858793839,"D1C5_RET":0,"D2B_E5MIXA":0.50583113780523703,"D3A":21.229530215681834,"D3AAO":0,"D3B":112.57954780533817,"D4A":178.37,"D4C":10,"D4D":99.294009353800007,"D5AR":422457,"D5BR":655353}},{"type":"Feature","id":155159,"geometry":{"type":"Polygon","coordinates":[[[-74.169836491911965,40.570887221761019],[-74.169606492656513,40.566657221719062],[-74.169828491516029,40.561086220816954],[-74.164942490007022,40.560120219726976],[-74.163780488644292,40.560325220961715],[-74.16153348950499,40.56127722047615],[-74.158259487823855,40.562210221365369],[-74.156953487419415,40.562727221990166],[-74.155852487952657,40.563782222054549],[-74.154990487063912,40.565164222794152],[-74.154635487236661,40.565548222342301],[-74.15358048600406,40.566262223322546],[-74.152282486893853,40.567401222718075],[-74.147898485525147,40.570896223479608],[-74.147208485063842,40.570542224115712],[-74.146386484358061,40.570539223754565],[-74.144389483667368,40.569715223416054],[-74.143875482933154,40.570614223872035],[-74.144187484001023,40.572046223328094],[-74.141108483211866,40.572431223967236],[-74.141631483268597,40.57486222453403],[-74.140253483792435,40.575810224309961],[-74.137929482863598,40.576515224692955],[-74.135082481878044,40.577255225634914],[-74.134771482431731,40.577512225283535],[-74.134702481038133,40.577724225421356],[-74.134825481960107,40.57789922496783],[-74.135367481385089,40.578188225528592],[-74.135455482146938,40.57838322574699],[-74.135425481111412,40.578515225351758],[-74.135055481215545,40.578806225746902],[-74.133272481683434,40.57900822571299],[-74.131629480096777,40.579632225768457],[-74.131408480163827,40.579856225785669],[-74.13135448063548,40.580129225538712],[-74.131818481140968,40.581893226632403],[-74.130401480408437,40.582767226494681],[-74.131255480901274,40.583363226689713],[-74.132663481412976,40.583738225514502],[-74.133295482147972,40.584065226861654],[-74.133521482103774,40.584257226576014],[-74.133703481678651,40.584620226246145],[-74.133702481853746,40.58497622711581],[-74.133510482233106,40.58565622678352],[-74.133747481161265,40.586146226702652],[-74.138668482830397,40.589028227208047],[-74.141362484553397,40.588763228223101],[-74.145835485610533,40.588572227878785],[-74.146323485507182,40.586078226385396],[-74.149633487173318,40.583378226300987],[-74.152529487664367,40.580625225513053],[-74.154769487130963,40.579260224362983],[-74.169836491911965,40.570887221761019]]]},"properties":{"OBJECTID":155159,"GEOID20":"360850279001","GEOID10":"360850279001","STATEFP":"36","COUNTYFP":"085","D1C":0.58779190919822144,"D1C5_RET":0,"D2B_E5MIXA":0.69063913703407376,"D3A":6.6894859548021381,"D3AAO":0.06265143010085257,"D3B":22.352563016302149,"D4A":934.75999999999999,"D4C":103.67,"D4D":58.890701362199998,"D5AR":381392,"D5BR":15970}},{"type":"Feature","id":155348,"geometry":{"type":"Polygon","coordinates":[[[-74.200677498958754,40.525239212558624],[-74.20080549900527,40.525173212493691],[-74.19926149894944,40.522808212688112],[-74.197568498032368,40.5205122111959],[-74.197199497961421,40.519692212139745],[-74.196677496831299,40.513671210502437],[-74.197785497767356,40.510533210021769],[-74.197195496865149,40.510130210015021],[-74.196482496837618,40.509783210304143],[-74.195872496742268,40.509765210240637],[-74.195198496174484,40.509905209696605],[-74.1948044968875,40.510149209864643],[-74.194007496296081,40.510917210028943],[-74.193445496779589,40.511714211025598],[-74.192948496662112,40.512108210332237],[-74.192610495655003,40.512652211144712],[-74.192273495371126,40.5127552103095],[-74.191635495686668,40.513186210522292],[-74.190960495293965,40.514011211114614],[-74.189760495194719,40.515192210961665],[-74.189489495033072,40.515305211127057],[-74.189151494924275,40.515286211372434],[-74.18875749563729,40.515933211416588],[-74.186779494314848,40.51781721182023],[-74.185476494283449,40.518811211883488],[-74.184192493620287,40.519655211439463],[-74.182879492644844,40.519983212173464],[-74.182195492929623,40.520349212738537],[-74.181389493015686,40.520649211565953],[-74.181060492229392,40.520667212805016],[-74.179889491544145,40.520527212600868],[-74.179551493231969,40.52038621237287],[-74.17926049208053,40.52010521212857],[-74.178717491932318,40.52006721260296],[-74.178454492166566,40.519908211335178],[-74.178351491336102,40.519664212534479],[-74.178154491692609,40.519636212234687],[-74.177891491926871,40.519470212412081],[-74.17842349130612,40.520448212766347],[-74.179340492446471,40.522522212490173],[-74.183825493199194,40.520863211643622],[-74.191745496189839,40.53192521418169],[-74.19313449733329,40.531203214371637],[-74.19498049661459,40.530445214350166],[-74.196877498644469,40.528251213274281],[-74.199437498676531,40.525881213213324],[-74.200677498958754,40.525239212558624]]]},"properties":{"OBJECTID":155348,"GEOID20":"360850198004","GEOID10":"360850198004","STATEFP":"36","COUNTYFP":"085","D1C":3.5316350657316047,"D1C5_RET":0.02540744651605471,"D2B_E5MIXA":0.2709466836284446,"D3A":15.649269793160256,"D3AAO":0,"D3B":93.969798075534214,"D4A":506.94,"D4C":28.329999999999998,"D4D":40.319940318699999,"D5AR":247339,"D5BR":160311}},{"type":"Feature","id":155350,"geometry":{"type":"Polygon","coordinates":[[[-74.078199467458248,40.64212323978817],[-74.078847468086749,40.642003239875727],[-74.077900466809169,40.638102238762215],[-74.076841466276932,40.637758238209884],[-74.075074466638327,40.637791239675366],[-74.072576465632224,40.637980239759997],[-74.072645466127526,40.638171238663553],[-74.072395464983956,40.638183239557875],[-74.07240746557784,40.638258239474816],[-74.072632464810425,40.638246239275595],[-74.072670465343563,40.638389239463869],[-74.072920465588808,40.638383239376324],[-74.072926465436609,40.638589239346793],[-74.073113466830989,40.638596238745592],[-74.07305146600838,40.639877239752906],[-74.073132466199226,40.640346240608316],[-74.073107466084878,40.640521240520798],[-74.072863465687419,40.640539240886959],[-74.072938466030479,40.640814240235237],[-74.070001464633251,40.64109623963224],[-74.070032465493696,40.64128324064211],[-74.071826465794786,40.641133239341464],[-74.071820465946999,40.641052239398697],[-74.07288246505567,40.640946239956293],[-74.073076465224418,40.64163924034392],[-74.070220464916346,40.642033240726093],[-74.070257464726282,40.642221241113013],[-74.073145466618016,40.641839240032716],[-74.073220465164468,40.642189240431946],[-74.070370463805872,40.642552241102038],[-74.070413465260202,40.642683240844114],[-74.072138465964315,40.64244623995183],[-74.072182465446929,40.642702239895577],[-74.071481465114971,40.642896240807211],[-74.072471464253624,40.64268924054516],[-74.072624466211124,40.642715239925117],[-74.0730044652544,40.642547240659312],[-74.074669466582378,40.642175240342127],[-74.076148467239207,40.64193623976827],[-74.07639446638818,40.642283239790252],[-74.077900466809169,40.641593239853606],[-74.078199467458248,40.64212323978817]]]},"properties":{"OBJECTID":155350,"GEOID20":"360850003002","GEOID10":"360850003002","STATEFP":"36","COUNTYFP":"085","D1C":22.531066997958764,"D1C5_RET":0.50348753068064278,"D2B_E5MIXA":0.59118828782616273,"D3A":22.898779727213807,"D3AAO":0,"D3B":56.326368316406565,"D4A":104.61,"D4C":107.67,"D4D":1212.4470365100001,"D5AR":335888,"D5BR":599792}},{"type":"Feature","id":155352,"geometry":{"type":"Polygon","coordinates":[[[-74.066135461501773,40.614097235113164],[-74.06038045853299,40.606285233135345],[-74.057788457815548,40.607457233880467],[-74.056809459445887,40.608073234129634],[-74.057263458108991,40.608874233626182],[-74.057801458234351,40.609416234045277],[-74.058579459457505,40.610021234591706],[-74.059156459042612,40.610724234933933],[-74.059165460161751,40.610869234901287],[-74.059001459231908,40.610996234411985],[-74.059292458586725,40.611502234662261],[-74.059479459082795,40.611703234337156],[-74.060248459186823,40.611825234974773],[-74.060037460197933,40.611942234700663],[-74.060107459619815,40.612046235042691],[-74.060360459339819,40.611924234126676],[-74.060431460383242,40.611999234895045],[-74.060684460103232,40.612524234506935],[-74.060719459365004,40.613045235236974],[-74.060796459357903,40.613030234779274],[-74.061410460549553,40.614319234860751],[-74.062881460810445,40.615752235913199],[-74.066135461501773,40.614097235113164]]]},"properties":{"OBJECTID":155352,"GEOID20":"360850006002","GEOID10":"360850006002","STATEFP":"36","COUNTYFP":"085","D1C":2.1806851736518715,"D1C5_RET":0.071109299140821897,"D2B_E5MIXA":0.81187600043796448,"D3A":25.322705202917039,"D3AAO":0,"D3B":202.15218873518191,"D4A":236.03999999999999,"D4C":7,"D4D":52.384604492100003,"D5AR":539157,"D5BR":435968}},{"type":"Feature","id":155364,"geometry":{"type":"Polygon","coordinates":[[[-74.078980466359496,40.607085233119236],[-74.079142464944596,40.606747233261068],[-74.078166464253002,40.606907232781502],[-74.077598464888752,40.606894232600339],[-74.076729464327315,40.60797223378821],[-74.074971464011227,40.609521233309891],[-74.074151463853582,40.61002223434911],[-74.07067846287913,40.611784234422025],[-74.072459462761415,40.614086235041981],[-74.075683465112164,40.612598234201094],[-74.076099465038766,40.612208234964562],[-74.075039464681595,40.61170623353383],[-74.074372464684828,40.611234233473269],[-74.074925464878802,40.610898234311456],[-74.076294464134122,40.609352233275963],[-74.077075464832021,40.609725233455436],[-74.078802465185959,40.607462233541135],[-74.078980466359496,40.607085233119236]]]},"properties":{"OBJECTID":155364,"GEOID20":"360850036002","GEOID10":"360850036002","STATEFP":"36","COUNTYFP":"085","D1C":1.519749921313702,"D1C5_RET":0.27405326449919215,"D2B_E5MIXA":0.81184329629404295,"D3A":35.231255031373173,"D3AAO":0,"D3B":159.49700682387893,"D4A":215.91999999999999,"D4C":65,"D4D":1036.4196184699999,"D5AR":577745,"D5BR":924507}},{"type":"Feature","id":155367,"geometry":{"type":"Polygon","coordinates":[[[-74.087685470246029,40.648289240285273],[-74.087649471159324,40.6479732409137],[-74.087425470853333,40.647581241270409],[-74.086375469643599,40.648188241451201],[-74.085911470036407,40.648358241243145],[-74.085399470748655,40.648434241178407],[-74.080685467870452,40.647324241075282],[-74.081435468606202,40.646032240949296],[-74.081161468969825,40.645876240683037],[-74.079207467038543,40.64343923982684],[-74.07681846760903,40.644459240593768],[-74.075123467042133,40.644388239844993],[-74.074682466102857,40.644586240314396],[-74.074276466221988,40.64491524032902],[-74.073709465784333,40.645138241165334],[-74.074361465712485,40.645108240347405],[-74.076638466785653,40.647100240161642],[-74.079043467007011,40.64817924059615],[-74.079837469022024,40.648405240343443],[-74.080416468256928,40.648307240601305],[-74.081388467852236,40.648572240678277],[-74.08217346874811,40.648405240343443],[-74.083959469551573,40.648631241370062],[-74.084337469843348,40.649085242198922],[-74.086279469384138,40.648898241237802],[-74.087685470246029,40.648289240285273]]]},"properties":{"OBJECTID":155367,"GEOID20":"360850007004","GEOID10":"360850007004","STATEFP":"36","COUNTYFP":"085","D1C":15.132896863183598,"D1C5_RET":0.09877870015132896,"D2B_E5MIXA":0.22493842634044875,"D3A":38.434045749650153,"D3AAO":0,"D3B":276.38620301243651,"D4A":103.27,"D4C":107.33,"D4D":1186.1542312500001,"D5AR":343812,"D5BR":566475}},{"type":"Feature","id":155368,"geometry":{"type":"Polygon","coordinates":[[[-74.076572463968475,40.606263232465103],[-74.076591464235051,40.606013232896252],[-74.074009463563343,40.605575233023089],[-74.072721463600558,40.605278233508052],[-74.066266461023019,40.602846233620816],[-74.063770460565067,40.60213523324898],[-74.063904460459355,40.602511233077486],[-74.065725460524632,40.605056232367865],[-74.065930461462358,40.605597233919802],[-74.067932462175918,40.607955233979055],[-74.068465462278382,40.608477233968912],[-74.070030463148939,40.607740234134297],[-74.071122463293136,40.609059233947555],[-74.074941463873998,40.607058233021839],[-74.075397463983577,40.606604232832723],[-74.076498465246942,40.606792232717353],[-74.076572463968475,40.606263232465103]]]},"properties":{"OBJECTID":155368,"GEOID20":"360850020012","GEOID10":"360850020012","STATEFP":"36","COUNTYFP":"085","D1C":0.37759506778014174,"D1C5_RET":0,"D2B_E5MIXA":0.35479635873576904,"D3A":35.224561644296429,"D3AAO":13.96377089891849,"D3B":85.570732645867992,"D4A":545.84000000000003,"D4C":93.329999999999998,"D4D":725.69890757300004,"D5AR":534672,"D5BR":947106}},{"type":"Feature","id":155369,"geometry":{"type":"Polygon","coordinates":[[[-74.077903465385589,40.605601232532045],[-74.077870464875318,40.604758233438439],[-74.07770446519396,40.603991232634939],[-74.077191464284667,40.602857232132102],[-74.076717464631741,40.602150231378012],[-74.076449464843137,40.601013232021451],[-74.071968462491753,40.598840231871627],[-74.07206646240104,40.599965231782456],[-74.07250546369049,40.60174523160584],[-74.073566462974256,40.602231232129242],[-74.074899464041195,40.603286232679437],[-74.076295464857338,40.604988232866482],[-74.076330465017435,40.605159233366464],[-74.076198464772972,40.605435232975232],[-74.076684465019767,40.60548123245821],[-74.076591464235051,40.606013232896252],[-74.077868465225492,40.606074233321998],[-74.077903465385589,40.605601232532045]]]},"properties":{"OBJECTID":155369,"GEOID20":"360850020022","GEOID10":"360850020022","STATEFP":"36","COUNTYFP":"085","D1C":0.09907699868029439,"D1C5_RET":0,"D2B_E5MIXA":0,"D3A":36.041829256844814,"D3AAO":0.092783428263608789,"D3B":126.43766872756535,"D4A":249.44999999999999,"D4C":71.670000000000002,"D4D":1132.4403546200001,"D5AR":584336,"D5BR":978492}},{"type":"Feature","id":155370,"geometry":{"type":"Polygon","coordinates":[[[-74.079135467068511,40.629581237257646],[-74.079726466897313,40.628959237335891],[-74.076381465969391,40.627146237753038],[-74.075944465228062,40.627174237415353],[-74.075648465850364,40.626672237305769],[-74.073506464496432,40.626884237714528],[-74.073331463695922,40.62706023696375],[-74.072932464386071,40.627116237030499],[-74.072478464824627,40.627336237471077],[-74.072313464968204,40.627186236195612],[-74.072904464796977,40.629999237863125],[-74.068151463357339,40.628574237605335],[-74.06807646391259,40.628789237905622],[-74.072904464796977,40.630252237407014],[-74.072960464873475,40.630327238052331],[-74.073204465270948,40.631433238778641],[-74.072923465063553,40.631480238207104],[-74.072970464919223,40.631724238610147],[-74.073204465270948,40.631686238343399],[-74.073232464860041,40.631780238174557],[-74.072904465695288,40.631836238373701],[-74.072951465550972,40.632033238469766],[-74.073298464982273,40.631986238067029],[-74.072923464165243,40.633580238306777],[-74.073063464805628,40.63508923805675],[-74.073223465537524,40.63565223829886],[-74.073129465826185,40.635989239124392],[-74.073185465902682,40.636289239283741],[-74.073298465880583,40.63628023886907],[-74.073354465058785,40.636533239155504],[-74.071723464964307,40.636674239524147],[-74.071742464332559,40.63674923840955],[-74.073326465469677,40.636608238199294],[-74.073579466087978,40.637789239628297],[-74.072548465144834,40.63787423952953],[-74.072576465632224,40.637980239759997],[-74.075074466638327,40.637791239675366],[-74.076841466276932,40.637758238209884],[-74.078133466437677,40.638180239504919],[-74.076879465911773,40.635657239258087],[-74.076431465299791,40.634982239305884],[-74.076177465754881,40.634242239166909],[-74.077868466123803,40.630976237490948],[-74.079135467068511,40.629581237257646]]]},"properties":{"OBJECTID":155370,"GEOID20":"360850021002","GEOID10":"360850021002","STATEFP":"36","COUNTYFP":"085","D1C":7.738738753196464,"D1C5_RET":1.8990222977313904,"D2B_E5MIXA":0.9010652822123828,"D3A":28.455479719673079,"D3AAO":0,"D3B":146.90666837679319,"D4A":143.5,"D4C":78.329999999999998,"D4D":426.03477726599999,"D5AR":385869,"D5BR":272690}},{"type":"Feature","id":155371,"geometry":{"type":"Polygon","coordinates":[[[-74.08277446772432,40.623596236419168],[-74.082921468037412,40.622685235340498],[-74.08189346746731,40.620836235470108],[-74.078261465585882,40.621998236823266],[-74.079599466675703,40.624610236316386],[-74.08277446772432,40.623596236419168]]]},"properties":{"OBJECTID":155371,"GEOID20":"360850029002","GEOID10":"360850029002","STATEFP":"36","COUNTYFP":"085","D1C":7.4338136595665212,"D1C5_RET":0,"D2B_E5MIXA":0.58018456534365459,"D3A":9.1810545908336199,"D3AAO":0,"D3B":50.370577380885024,"D4A":437.20999999999998,"D4C":22,"D4D":553.79945146399996,"D5AR":460425,"D5BR":277777}},{"type":"Feature","id":155372,"geometry":{"type":"Polygon","coordinates":[[[-74.099259473062759,40.620009235465524],[-74.099686472860029,40.619661234615947],[-74.097703472413045,40.618817235292525],[-74.094625470550511,40.619662234910933],[-74.094264470875487,40.620116235707194],[-74.093905470850274,40.620263234274937],[-74.091056470214909,40.619726235351195],[-74.090225469288285,40.619417235141398],[-74.089861470138516,40.61988323496756],[-74.088676469209574,40.621039235569988],[-74.088491470159951,40.623457236182993],[-74.088720469590513,40.625907236171948],[-74.090496470348242,40.625911236296027],[-74.091582470644681,40.62655423659379],[-74.092240471318945,40.625751235918557],[-74.099259473062759,40.620009235465524]]]},"properties":{"OBJECTID":155372,"GEOID20":"360850039002","GEOID10":"360850039002","STATEFP":"36","COUNTYFP":"085","D1C":2.036932878462129,"D1C5_RET":0,"D2B_E5MIXA":0.28651133709715704,"D3A":19.01287446188401,"D3AAO":0,"D3B":126.20648710910754,"D4A":671.89999999999998,"D4C":24,"D4D":144.18105915000001,"D5AR":424463,"D5BR":250711}},{"type":"Feature","id":155373,"geometry":{"type":"Polygon","coordinates":[[[-74.087917468252982,40.612295233459761],[-74.088218468551858,40.611848233544002],[-74.081396466451537,40.607809233354153],[-74.080510466171631,40.608680232750146],[-74.080190466504504,40.609197234366178],[-74.081091465954685,40.609600233102491],[-74.081969466736979,40.609492233302191],[-74.082984465989981,40.609612234357705],[-74.083195467673789,40.610536233835319],[-74.082771466452954,40.611413233615615],[-74.082977467215599,40.611469233843607],[-74.080156466169313,40.616614235770044],[-74.079881464911395,40.616843234970524],[-74.080481466757632,40.617303235086794],[-74.080822467239472,40.617050234221502],[-74.082665467046056,40.613596233939724],[-74.084784467935478,40.614036233827697],[-74.084650467142865,40.615213234100224],[-74.087211468796454,40.613315234034154],[-74.087917468252982,40.612295233459761]]]},"properties":{"OBJECTID":155373,"GEOID20":"360850040002","GEOID10":"360850040002","STATEFP":"36","COUNTYFP":"085","D1C":5.5772105409640993,"D1C5_RET":2.679740800463231,"D2B_E5MIXA":0.7348335508817051,"D3A":26.1552652953192,"D3AAO":0,"D3B":135.79854480427468,"D4A":643.74000000000001,"D4C":39,"D4D":418.03956487200003,"D5AR":471833,"D5BR":266020}},{"type":"Feature","id":155374,"geometry":{"type":"Polygon","coordinates":[[[-74.083195467673789,40.610536233835319],[-74.082984465989981,40.609612234357705],[-74.081969466736979,40.609492233302191],[-74.081091465954685,40.609600233102491],[-74.080190466504504,40.609197234366178],[-74.080510466171631,40.608680232750146],[-74.081396466451537,40.607809233354153],[-74.08069646594447,40.607397233149761],[-74.079430465722993,40.609107233888288],[-74.076205464445664,40.614427234360676],[-74.074548465310244,40.616951235163725],[-74.074912463561674,40.61740023569272],[-74.078265465783844,40.61559623512715],[-74.079881464911395,40.616843234970524],[-74.080156466169313,40.616614235770044],[-74.082977467215599,40.611469233843607],[-74.082771466452954,40.611413233615615],[-74.083195467673789,40.610536233835319]],[[-74.081380466557988,40.612613234073784],[-74.080393465995769,40.61480723401683],[-74.079720466151215,40.614939234690844],[-74.078902466541692,40.615529235114842],[-74.07855546621208,40.61525023519615],[-74.078152465805942,40.615497235278646],[-74.077315465031532,40.614814234544703],[-74.077275465746894,40.614437234684381],[-74.077699465171108,40.613581234969594],[-74.07813146499123,40.613678234160247],[-74.078563465709678,40.613080234700604],[-74.079068466223049,40.613034234310668],[-74.080059465186622,40.612590234403974],[-74.080337465919271,40.612548233919128],[-74.080910467103024,40.6126802342825],[-74.081380466557988,40.612613234073784]]]},"properties":{"OBJECTID":155374,"GEOID20":"360850040004","GEOID10":"360850040004","STATEFP":"36","COUNTYFP":"085","D1C":1.0723618166403739,"D1C5_RET":0,"D2B_E5MIXA":0.15670037284017613,"D3A":15.373857384487376,"D3AAO":0,"D3B":73.111245632281481,"D4A":842.22000000000003,"D4C":20,"D4D":190.642100736,"D5AR":471938,"D5BR":376811}},{"type":"Feature","id":155375,"geometry":{"type":"Polygon","coordinates":[[[-74.081104466373489,40.617797235523852],[-74.078265465783844,40.61559623512715],[-74.074912463561674,40.61740023569272],[-74.075484465818832,40.61819923526253],[-74.07556346546157,40.618501235510386],[-74.075917465463888,40.619009235448623],[-74.076956465006333,40.620169235279107],[-74.080002466183515,40.618561235135147],[-74.081104466373489,40.617797235523852]]]},"properties":{"OBJECTID":155375,"GEOID20":"360850040006","GEOID10":"360850040006","STATEFP":"36","COUNTYFP":"085","D1C":1.2573653102135403,"D1C5_RET":0,"D2B_E5MIXA":0.44041667821946467,"D3A":32.305435067726812,"D3AAO":0,"D3B":262.24525357311927,"D4A":370.14999999999998,"D4C":20,"D4D":365.77899933499998,"D5AR":509039,"D5BR":278995}},{"type":"Feature","id":155377,"geometry":{"type":"Polygon","coordinates":[[[-74.076956465006333,40.620169235279107],[-74.075917465463888,40.619009235448623],[-74.07556346546157,40.618501235510386],[-74.075248464918971,40.617827234977263],[-74.074548465310244,40.616951235163725],[-74.071310463614125,40.619647235938892],[-74.070955462888577,40.620439235288792],[-74.072536464550936,40.622472235668717],[-74.076956465006333,40.620169235279107]]]},"properties":{"OBJECTID":155377,"GEOID20":"360850040007","GEOID10":"360850040007","STATEFP":"36","COUNTYFP":"085","D1C":4.7074359954164642,"D1C5_RET":0.076336799925672383,"D2B_E5MIXA":0.31395068072875842,"D3A":26.743201274985992,"D3AAO":0,"D3B":190.06438227893813,"D4A":395.63,"D4C":27.670000000000002,"D4D":450.61104084099998,"D5AR":446368,"D5BR":274311}},{"type":"Feature","id":155378,"geometry":{"type":"Polygon","coordinates":[[[-74.086145466794875,40.603591231691212],[-74.086186466802772,40.601353231323337],[-74.084329466752493,40.601880232484582],[-74.082816466658812,40.601982232361436],[-74.080250466778963,40.601715232434486],[-74.079221464587292,40.601393232250878],[-74.07732946437693,40.601338232333418],[-74.076449464843137,40.601013232021451],[-74.076717464631741,40.602150231378012],[-74.077191464284667,40.602857232132102],[-74.077773465689248,40.604231232461387],[-74.077894464266464,40.605053232190755],[-74.077868465225492,40.606074233321998],[-74.081645466871862,40.606186233131346],[-74.082910466370123,40.606315232301604],[-74.085207466636447,40.604095233074759],[-74.085654466525213,40.603747231859757],[-74.085871468056823,40.603856231927587],[-74.086145466794875,40.603591231691212]]]},"properties":{"OBJECTID":155378,"GEOID20":"360850050003","GEOID10":"360850050003","STATEFP":"36","COUNTYFP":"085","D1C":2.9544993438620533,"D1C5_RET":0.27324849423001646,"D2B_E5MIXA":0.78872520287187631,"D3A":24.304422874967447,"D3AAO":0,"D3B":179.06628930680657,"D4A":132.77000000000001,"D4C":79.329999999999998,"D4D":722.03561709400003,"D5AR":551630,"D5BR":906445}},{"type":"Feature","id":155540,"geometry":{"type":"Polygon","coordinates":[[[-74.146552484039418,40.556243220869909],[-74.145559483629398,40.553203219995027],[-74.145600483637267,40.552089219156663],[-74.145294482417199,40.551571219699007],[-74.144605483577436,40.55177421991781],[-74.143136482966383,40.552764220336428],[-74.141163482565133,40.553562220567976],[-74.140748481565126,40.553813220258746],[-74.140512481563562,40.554042220267938],[-74.13965748124582,40.556118220859744],[-74.139180482118149,40.556680221178951],[-74.13803748102201,40.557699221367557],[-74.139266481433566,40.558487220974442],[-74.142589482620181,40.559902222196186],[-74.144619483821145,40.558727221686588],[-74.144219482889753,40.558344221756279],[-74.145488483484286,40.557328221418572],[-74.146552484039418,40.556243220869909]]]},"properties":{"OBJECTID":155540,"GEOID20":"360850146062","GEOID10":"360850146062","STATEFP":"36","COUNTYFP":"085","D1C":3.334792439928409,"D1C5_RET":1.6188312815186452,"D2B_E5MIXA":0.83477195935595161,"D3A":19.47445113403375,"D3AAO":0,"D3B":140.81653302084095,"D4A":620.94000000000005,"D4C":6.6699999999999999,"D4D":46.9435363479,"D5AR":280853,"D5BR":758690}},{"type":"Feature","id":155547,"geometry":{"type":"Polygon","coordinates":[[[-74.106538475995904,40.634710237956575],[-74.105985475801944,40.6320302374587],[-74.105769474993579,40.630577237322441],[-74.105851475009345,40.630381236474079],[-74.105775475739662,40.629938236781442],[-74.105064474463646,40.627186235513811],[-74.103004474023777,40.627408236081912],[-74.103684475337673,40.630814236038965],[-74.102671474836143,40.630934236975492],[-74.103539474674392,40.634707237747556],[-74.106538475995904,40.634710237956575]]]},"properties":{"OBJECTID":155547,"GEOID20":"360850067002","GEOID10":"360850067002","STATEFP":"36","COUNTYFP":"085","D1C":4.2805430587295161,"D1C5_RET":2.0078835997133297,"D2B_E5MIXA":0.857744495450947,"D3A":29.592703226582049,"D3AAO":0,"D3B":160.10819694804206,"D4A":142.16,"D4C":23,"D4D":324.79172074500002,"D5AR":443857,"D5BR":1402338}},{"type":"Feature","id":155548,"geometry":{"type":"Polygon","coordinates":[[[-74.06751646045268,40.591343230354894],[-74.06716846029812,40.590874229871361],[-74.066627459799733,40.590350230102146],[-74.065780459877899,40.59003223065897],[-74.065776460578263,40.589776230055705],[-74.064957460245523,40.589018229904042],[-74.061801459463467,40.59236123073071],[-74.059695458992863,40.594090231346698],[-74.061878459456381,40.596603231324117],[-74.063760460519319,40.598943232900019],[-74.066266460124709,40.598118231889515],[-74.065895461302262,40.596834231483761],[-74.06633546062001,40.596649231428408],[-74.065756460486767,40.595904231702058],[-74.066179460086076,40.592777230906435],[-74.066340460642863,40.59277823092178],[-74.066828460539512,40.591989230539532],[-74.06751646045268,40.591343230354894]]]},"properties":{"OBJECTID":155548,"GEOID20":"360850074002","GEOID10":"360850074002","STATEFP":"36","COUNTYFP":"085","D1C":3.4537167989796651,"D1C5_RET":0.44797163501409881,"D2B_E5MIXA":0.75854610931891131,"D3A":36.889569491472976,"D3AAO":0,"D3B":202.43150307385076,"D4A":230.66999999999999,"D4C":32,"D4D":223.28030119799999,"D5AR":523646,"D5BR":665929}},{"type":"Feature","id":155562,"geometry":{"type":"Polygon","coordinates":[[[-74.096823469285994,40.569956225170216],[-74.093874468193206,40.568417225075166],[-74.092687467614425,40.568073224634034],[-74.091663466343945,40.567368225377763],[-74.091165467299902,40.566726225123176],[-74.089094466091069,40.56801322540754],[-74.087210466276616,40.569820224986366],[-74.085008466444833,40.571766225814116],[-74.087679466804971,40.573079225939381],[-74.091823467974166,40.575283227137589],[-74.096823469285994,40.569956225170216]]]},"properties":{"OBJECTID":155562,"GEOID20":"360850112023","GEOID10":"360850112023","STATEFP":"36","COUNTYFP":"085","D1C":4.4014738186565783,"D1C5_RET":0.2970319754921617,"D2B_E5MIXA":0.75929243693055815,"D3A":27.70573134923993,"D3AAO":0,"D3B":89.904609286082874,"D4A":122.04000000000001,"D4C":20.329999999999998,"D4D":109.650291366,"D5AR":357892,"D5BR":247050}},{"type":"Feature","id":155566,"geometry":{"type":"Polygon","coordinates":[[[-74.120053475833572,40.560402222604978],[-74.114732474131372,40.557139221143437],[-74.113526473286001,40.557474222388869],[-74.113327473094387,40.557631222165476],[-74.113396473589674,40.558788222253703],[-74.113018473297913,40.559561222521694],[-74.113142474044778,40.56014722239906],[-74.115453473656487,40.561454223057588],[-74.116023473568887,40.560849222533065],[-74.116912475120145,40.561170223635557],[-74.117608474530925,40.561618223011273],[-74.118182475539598,40.56213922259532],[-74.120053475833572,40.560402222604978]]]},"properties":{"OBJECTID":155566,"GEOID20":"360850128061","GEOID10":"360850128061","STATEFP":"36","COUNTYFP":"085","D1C":1.0151119767188648,"D1C5_RET":0,"D2B_E5MIXA":0.49722563113961182,"D3A":36.303217747399927,"D3AAO":0,"D3B":282.0632631570528,"D4A":340.63999999999999,"D4C":58.329999999999998,"D4D":881.28716802999998,"D5AR":299283,"D5BR":317615}},{"type":"Feature","id":155567,"geometry":{"type":"Polygon","coordinates":[[[-74.115501474235387,40.564783223027099],[-74.116363474225821,40.563923223093965],[-74.112264473262499,40.561466222718259],[-74.11014147217513,40.564319223451818],[-74.113763474010796,40.566505223315197],[-74.115501474235387,40.564783223027099]]]},"properties":{"OBJECTID":155567,"GEOID20":"360850128063","GEOID10":"360850128063","STATEFP":"36","COUNTYFP":"085","D1C":11.944186954586572,"D1C5_RET":8.6203521233328431,"D2B_E5MIXA":0.56425319523531658,"D3A":13.006740945291604,"D3AAO":0,"D3B":69.196296116272777,"D4A":233.34999999999999,"D4C":62.670000000000002,"D4D":1083.8620039,"D5AR":304289,"D5BR":321329}},{"type":"Feature","id":155568,"geometry":{"type":"Polygon","coordinates":[[[-74.113601472730778,40.557450221634191],[-74.114131473358512,40.557292221569796],[-74.109537471927538,40.552819221978176],[-74.108610470741439,40.552198221516782],[-74.10646947190736,40.553360220914016],[-74.104727470586496,40.552513222173808],[-74.102682469316932,40.556377222270555],[-74.10106647018938,40.558550222131899],[-74.100338468296627,40.559088223025519],[-74.105577470881371,40.561998223257433],[-74.11014147217513,40.564319223451818],[-74.11149147385882,40.562555223746216],[-74.113142474044778,40.56014722239906],[-74.113018473297913,40.559561222521694],[-74.113396473589674,40.558788222253703],[-74.113278473588906,40.557769222260589],[-74.113372473300231,40.557575222569973],[-74.113601472730778,40.557450221634191]]]},"properties":{"OBJECTID":155568,"GEOID20":"360850128064","GEOID10":"360850128064","STATEFP":"36","COUNTYFP":"085","D1C":0.33891610111980541,"D1C5_RET":0.02658165498978866,"D2B_E5MIXA":0.73445044975190832,"D3A":14.692126527713226,"D3AAO":0,"D3B":75.74737975496042,"D4A":348.69,"D4C":27.329999999999998,"D4D":78.588409714600004,"D5AR":304343,"D5BR":317699}},{"type":"Feature","id":155569,"geometry":{"type":"Polygon","coordinates":[[[-74.130966479399646,40.568834224429175],[-74.130910479323148,40.566645222988981],[-74.130705479283733,40.565213222603205],[-74.130478479503012,40.565158222954366],[-74.130472478756914,40.564980222912332],[-74.128445477929006,40.566407223505756],[-74.12776347786361,40.566955223954146],[-74.127145479168959,40.567587224234487],[-74.124900477882861,40.568957223153312],[-74.128090479000065,40.570759224179255],[-74.130193480894278,40.572489224054095],[-74.130828480205707,40.57001622401949],[-74.130966479399646,40.568834224429175]]]},"properties":{"OBJECTID":155569,"GEOID20":"360850138003","GEOID10":"360850138003","STATEFP":"36","COUNTYFP":"085","D1C":0.89911270756373152,"D1C5_RET":0,"D2B_E5MIXA":0.62979977606129778,"D3A":31.376623641229973,"D3AAO":0,"D3B":240.8611989229112,"D4A":296.38999999999999,"D4C":19,"D4D":232.62150051,"D5AR":370831,"D5BR":60384}},{"type":"Feature","id":155570,"geometry":{"type":"Polygon","coordinates":[[[-74.128149478551308,40.575064224809154],[-74.129145479334383,40.574738225461438],[-74.127716479804576,40.573767225444143],[-74.12549547880792,40.572892225728026],[-74.122170477073169,40.570948224211499],[-74.121626477100037,40.571510224897786],[-74.121287477166319,40.572115224587399],[-74.121395478019664,40.572983225461961],[-74.121832476964357,40.574225224627753],[-74.121771476864993,40.575062224931024],[-74.123178477551775,40.575758225309563],[-74.125135478957816,40.575889225731871],[-74.127090478917381,40.576377225719597],[-74.127291478758821,40.575808224454128],[-74.127654478981981,40.57524322491831],[-74.128149478551308,40.575064224809154]]]},"properties":{"OBJECTID":155570,"GEOID20":"360850138005","GEOID10":"360850138005","STATEFP":"36","COUNTYFP":"085","D1C":2.0274003666401512,"D1C5_RET":0.66280396601697245,"D2B_E5MIXA":0.61747451849828694,"D3A":29.480228225210656,"D3AAO":0,"D3B":153.93271214526882,"D4A":278.94999999999999,"D4C":27.670000000000002,"D4D":345.21949627700002,"D5AR":389955,"D5BR":61114}},{"type":"Feature","id":155571,"geometry":{"type":"Polygon","coordinates":[[[-74.168068489753509,40.552952219382753],[-74.167071490043853,40.548213218034022],[-74.166833490392492,40.547787218496282],[-74.166234489269456,40.54735121817923],[-74.166049490219834,40.547603217950901],[-74.166031489778177,40.547798217871083],[-74.166155490525057,40.54861321914548],[-74.161169487660288,40.549199217920609],[-74.160179487623324,40.549438218499866],[-74.160356488073646,40.550189218867189],[-74.159966488984637,40.552611219800852],[-74.160314488240857,40.553725218780151],[-74.165241488859436,40.553098220340125],[-74.166659491213522,40.552814218914442],[-74.168068489753509,40.552952219382753]]]},"properties":{"OBJECTID":155571,"GEOID20":"360850146043","GEOID10":"360850146043","STATEFP":"36","COUNTYFP":"085","D1C":1.2124014824481772,"D1C5_RET":0.14187676922265904,"D2B_E5MIXA":0.39822096721968325,"D3A":23.561076266314114,"D3AAO":0,"D3B":123.8444898122213,"D4A":376.85000000000002,"D4C":50,"D4D":412.73241955700001,"D5AR":273536,"D5BR":766268}},{"type":"Feature","id":155572,"geometry":{"type":"Polygon","coordinates":[[[-74.166234489269456,40.54735121817923],[-74.165744489723011,40.545406218161112],[-74.165402488517941,40.544441217523044],[-74.164232489454221,40.54330921776188],[-74.158867486472758,40.546264218363518],[-74.15900148636706,40.546819219339611],[-74.159900487065755,40.548263218644941],[-74.160179487623324,40.549438218499866],[-74.161169487660288,40.549199217920609],[-74.166155490525057,40.54861321914548],[-74.166031489778177,40.547798217871083],[-74.166049490219834,40.547603217950901],[-74.166234489269456,40.54735121817923]]]},"properties":{"OBJECTID":155572,"GEOID20":"360850146044","GEOID10":"360850146044","STATEFP":"36","COUNTYFP":"085","D1C":7.870823490670805,"D1C5_RET":3.52270939001933,"D2B_E5MIXA":0.81026688018895221,"D3A":24.949182078810818,"D3AAO":0,"D3B":176.13664865055313,"D4A":427.81999999999999,"D4C":50,"D4D":471.65983464700003,"D5AR":256207,"D5BR":764400}},{"type":"Feature","id":155573,"geometry":{"type":"Polygon","coordinates":[[[-74.153013485566404,40.557339220591182],[-74.150107485029608,40.550826219573793],[-74.149448484530438,40.551388219263437],[-74.148844485181172,40.551640219543152],[-74.147649483308186,40.551615220161821],[-74.145897483738196,40.551368219547307],[-74.145294482417199,40.551571219699007],[-74.145600483637267,40.552089219156663],[-74.145559483629398,40.553203219995027],[-74.146552484039418,40.556243220869909],[-74.145488483484286,40.557328221418572],[-74.144219482889753,40.558344221756279],[-74.145654484962265,40.559724221143767],[-74.147549484647371,40.558586221304211],[-74.148095485168639,40.559183221761167],[-74.150521484408088,40.557989220983266],[-74.153013485566404,40.557339220591182]]]},"properties":{"OBJECTID":155573,"GEOID20":"360850146052","GEOID10":"360850146052","STATEFP":"36","COUNTYFP":"085","D1C":5.6913220540196434,"D1C5_RET":0.029336711618657956,"D2B_E5MIXA":0.45356722221801427,"D3A":28.250466829118338,"D3AAO":0,"D3B":187.50698620162137,"D4A":504.25999999999999,"D4C":22.670000000000002,"D4D":141.65028415399999,"D5AR":270666,"D5BR":45191}},{"type":"Feature","id":155574,"geometry":{"type":"Polygon","coordinates":[[[-74.151701486212488,40.567865222763643],[-74.150779485947581,40.566920222860496],[-74.143127482745541,40.560516221427399],[-74.142589482620181,40.559902222196186],[-74.139266481433566,40.558487220974442],[-74.13803748102201,40.557699221367557],[-74.13575048080142,40.558858221325558],[-74.135194480234418,40.559756221743612],[-74.134809480269936,40.560807221618006],[-74.133408480329251,40.5621382228043],[-74.133111480228322,40.562876222127286],[-74.13170147916847,40.564544223309305],[-74.134934479943425,40.565400223118601],[-74.13762348164353,40.566695222801513],[-74.138139481129244,40.566060223089551],[-74.13648748111838,40.565254222374101],[-74.137409481383287,40.564429223400836],[-74.138451482197098,40.563878222765474],[-74.139106482498306,40.562907222123265],[-74.139547482539271,40.562739222105101],[-74.140094481987134,40.562799222647477],[-74.141166482938189,40.563348223065205],[-74.142260482732226,40.563745223179744],[-74.142361483912879,40.564008222115419],[-74.142243483013772,40.564180222085213],[-74.139602482790863,40.56627222334523],[-74.138901482458891,40.567301223428132],[-74.141312482528051,40.56844122394498],[-74.146292484646722,40.570505223518964],[-74.146564484633288,40.570563223910483],[-74.147208485063842,40.570542224115712],[-74.147898485525147,40.570896223479608],[-74.151701486212488,40.567865222763643]]]},"properties":{"OBJECTID":155574,"GEOID20":"360850146063","GEOID10":"360850146063","STATEFP":"36","COUNTYFP":"085","D1C":7.481648576701895,"D1C5_RET":0.42958652904843198,"D2B_E5MIXA":0.26556420283146409,"D3A":21.18447248277187,"D3AAO":0,"D3B":163.07560636176783,"D4A":930.74000000000001,"D4C":18.670000000000002,"D4D":45.425163308800002,"D5AR":328395,"D5BR":23025}},{"type":"Feature","id":155890,"geometry":{"type":"Polygon","coordinates":[[[-74.154331491056325,40.637455236385897],[-74.154775491470332,40.636804236447965],[-74.15286349027015,40.636872236290237],[-74.153269490151018,40.63418123582592],[-74.150851489510856,40.634200236615463],[-74.149622489997611,40.634123236073194],[-74.147043488800662,40.63452523572154],[-74.14563248791589,40.635254236820195],[-74.144784488169165,40.637961236637814],[-74.143601487788345,40.638522237175977],[-74.143087487952442,40.639792236948765],[-74.143255488181936,40.639804236870063],[-74.143778488238681,40.638763237039761],[-74.14486148816205,40.639406237648828],[-74.146142489350467,40.639273237607881],[-74.146122489258985,40.639149236649381],[-74.146547489406416,40.639050236944662],[-74.148822489931433,40.638912236161104],[-74.149153489469242,40.638724236679565],[-74.149539491055251,40.638195236360033],[-74.14941348886191,40.637566236734493],[-74.149970490152157,40.637580237109283],[-74.151074490890252,40.638960237147657],[-74.152733490573809,40.63884623704881],[-74.152335491088863,40.637719235899191],[-74.154331491056325,40.637455236385897]]]},"properties":{"OBJECTID":155890,"GEOID20":"360850223002","GEOID10":"360850223002","STATEFP":"36","COUNTYFP":"085","D1C":6.7170918411355016,"D1C5_RET":0.088716307335751907,"D2B_E5MIXA":0.44980400918398905,"D3A":18.394659558052169,"D3AAO":0,"D3B":110.43951624422657,"D4A":219.94,"D4C":29.329999999999998,"D4D":220.77365127100001,"D5AR":475511,"D5BR":1860722}},{"type":"Feature","id":155891,"geometry":{"type":"Polygon","coordinates":[[[-74.168285493980065,40.596441227679897],[-74.16883749434912,40.594729227599544],[-74.167420493616575,40.594071227332677],[-74.166484493107959,40.593778227863822],[-74.16543749227128,40.593575227478901],[-74.163604490713837,40.593382227905643],[-74.163318491381872,40.592516227755198],[-74.162756491865395,40.592997227782092],[-74.162425491429303,40.593425228162765],[-74.16193949118248,40.594581227438454],[-74.161901491547653,40.595307228012643],[-74.162362491680099,40.597413227968829],[-74.163891491667314,40.597343228983021],[-74.167997493201668,40.597930228069586],[-74.168285493980065,40.596441227679897]]]},"properties":{"OBJECTID":155891,"GEOID20":"360850291035","GEOID10":"360850291035","STATEFP":"36","COUNTYFP":"085","D1C":2.1329619089419487,"D1C5_RET":0.36416422835594248,"D2B_E5MIXA":0.46018510900933074,"D3A":28.969317806329567,"D3AAO":0,"D3B":142.91151248712777,"D4A":563.26999999999998,"D4C":30,"D4D":329.669002277,"D5AR":440424,"D5BR":1416190}},{"type":"Feature","id":155892,"geometry":{"type":"Polygon","coordinates":[[[-74.164676492563189,40.611242230704939],[-74.164840493493031,40.610503230493684],[-74.160403491522587,40.609815231055137],[-74.159181490783709,40.612535231425625],[-74.157662490842227,40.614400231774361],[-74.15846049125858,40.614856232241408],[-74.159881492189058,40.615169232493876],[-74.160555492756842,40.615473232152404],[-74.163604493408769,40.616001232111905],[-74.164676492563189,40.611242230704939]]]},"properties":{"OBJECTID":155892,"GEOID20":"360850291043","GEOID10":"360850291043","STATEFP":"36","COUNTYFP":"085","D1C":8.5531618916281253,"D1C5_RET":0.18070060334425617,"D2B_E5MIXA":0.48811302108057253,"D3A":22.708543465835014,"D3AAO":0.0071675204754718981,"D3B":112.35781528484617,"D4A":240.06,"D4C":50,"D4D":481.35470518699998,"D5AR":550140,"D5BR":1966418}},{"type":"Feature","id":155893,"geometry":{"type":"Polygon","coordinates":[[[-74.157085491257135,40.615659232288714],[-74.157313490862762,40.615163231683638],[-74.153690490100487,40.612330231270441],[-74.152497489673948,40.616564232356311],[-74.151984489662951,40.617538232522989],[-74.147691488530853,40.622080233549909],[-74.147055488496221,40.622979233800521],[-74.146488488956891,40.623999233536317],[-74.146146488650118,40.624938234338117],[-74.146701487595578,40.62492223428908],[-74.14876948843137,40.625112234197964],[-74.149091489544958,40.623732234300363],[-74.1492424891577,40.623337234083507],[-74.149615489426594,40.622801233528463],[-74.150949489420142,40.621596233353962],[-74.153648490267699,40.61987723253516],[-74.155779490852666,40.617930232657031],[-74.156760489770505,40.616371231647832],[-74.157085491257135,40.615659232288714]]]},"properties":{"OBJECTID":155893,"GEOID20":"360850303012","GEOID10":"360850303012","STATEFP":"36","COUNTYFP":"085","D1C":6.6429522515524004,"D1C5_RET":4.9983378591777772,"D2B_E5MIXA":0.53629189586882176,"D3A":36.705782676972987,"D3AAO":12.401907702699726,"D3B":107.81447009587492,"D4A":135.44999999999999,"D4C":67.670000000000002,"D4D":465.53121435600002,"D5AR":557727,"D5BR":1968981}},{"type":"Feature","id":155894,"geometry":{"type":"Polygon","coordinates":[[[-74.168142494763245,40.622086233056997],[-74.167509495101669,40.621800233452745],[-74.166805494396655,40.621597232256313],[-74.166535494958225,40.621607232870488],[-74.16510249433216,40.621189232923172],[-74.164986493082893,40.62162723341244],[-74.162177492630491,40.621082233036496],[-74.155426490675268,40.620077232637499],[-74.154292489799943,40.619308231815737],[-74.153648490267699,40.61987723253516],[-74.15317848991441,40.620170232839108],[-74.154670490091718,40.62038623252181],[-74.155228491206856,40.620536232704993],[-74.157598491268118,40.620843233320684],[-74.159054492358734,40.621146232798139],[-74.162495492647821,40.621615232951612],[-74.162343493210145,40.622346233680069],[-74.157853491536258,40.621805232722039],[-74.157738491908518,40.622282233022659],[-74.162214493338723,40.622837232901617],[-74.162082492195921,40.623262233087992],[-74.167405494446285,40.623917233029019],[-74.167597494965221,40.623133232542386],[-74.168142494763245,40.622086233056997]]]},"properties":{"OBJECTID":155894,"GEOID20":"360850303022","GEOID10":"360850303022","STATEFP":"36","COUNTYFP":"085","D1C":0.71658840176752958,"D1C5_RET":0,"D2B_E5MIXA":0.42776252284758576,"D3A":30.690272555653525,"D3AAO":0,"D3B":187.48541554786897,"D4A":426.48000000000002,"D4C":55,"D4D":813.67457233000005,"D5AR":551365,"D5BR":1611930}},{"type":"Feature","id":155895,"geometry":{"type":"Polygon","coordinates":[[[-74.162406493857659,40.621979233243536],[-74.162495492647821,40.621615232951612],[-74.159054492358734,40.621146232798139],[-74.157598491268118,40.620843233320684],[-74.155228491206856,40.620536232704993],[-74.154670490091718,40.62038623252181],[-74.15317848991441,40.620170232839108],[-74.150949489420142,40.621596233353962],[-74.149615489426594,40.622801233528463],[-74.1492424891577,40.623337234083507],[-74.149091489544958,40.623732234300363],[-74.14876948843137,40.625112234197964],[-74.154521491027111,40.625746233535587],[-74.158569491936831,40.626321234448447],[-74.158772492326406,40.624608233829051],[-74.157453491503176,40.624364234015744],[-74.156038491318768,40.624350233597013],[-74.156143490900746,40.623900233867495],[-74.157195491760305,40.623983233262287],[-74.157853491536258,40.621805232722039],[-74.162343493210145,40.622346233680069],[-74.162406493857659,40.621979233243536]]]},"properties":{"OBJECTID":155895,"GEOID20":"360850303024","GEOID10":"360850303024","STATEFP":"36","COUNTYFP":"085","D1C":8.0507834730513839,"D1C5_RET":1.0378720862849373,"D2B_E5MIXA":0.54509014354156315,"D3A":28.437064058584543,"D3AAO":0,"D3B":229.77673212262084,"D4A":407.69999999999999,"D4C":45.670000000000002,"D4D":283.51173491200001,"D5AR":532873,"D5BR":1749639}},{"type":"Feature","id":155896,"geometry":{"type":"Polygon","coordinates":[[[-74.166469493937683,40.628527234086214],[-74.166560494174277,40.627375234256789],[-74.163734494003421,40.626882233931823],[-74.16050349287832,40.626538234204659],[-74.160389493075485,40.631603235568434],[-74.161718493944477,40.631651235674497],[-74.161775492947598,40.630222235352768],[-74.165325494813231,40.630297235350021],[-74.165245494447291,40.632157234920378],[-74.166331495642041,40.632174235388923],[-74.166469493937683,40.628527234086214]]]},"properties":{"OBJECTID":155896,"GEOID20":"360850319012","GEOID10":"360850319012","STATEFP":"36","COUNTYFP":"085","D1C":8.1008377535427503,"D1C5_RET":7.391792873582772,"D2B_E5MIXA":0.20829131410444959,"D3A":25.477118427579867,"D3AAO":0,"D3B":185.36134869865728,"D4A":297.73000000000002,"D4C":41,"D4D":465.13344125399999,"D5AR":536086,"D5BR":1608492}},{"type":"Feature","id":156733,"geometry":{"type":"Polygon","coordinates":[[[-74.087425470853333,40.647581241270409],[-74.086539469675145,40.646498240455792],[-74.085757469152313,40.646840241176783],[-74.084896468986784,40.646877241109884],[-74.081435468606202,40.646032240949296],[-74.080685467870452,40.647324241075282],[-74.085399470748655,40.648434241178407],[-74.085911470036407,40.648358241243145],[-74.086375469643599,40.648188241451201],[-74.087425470853333,40.647581241270409]]]},"properties":{"OBJECTID":156733,"GEOID20":"360850007003","GEOID10":"360850007003","STATEFP":"36","COUNTYFP":"085","D1C":2.2365519688265318,"D1C5_RET":0.15249217969271808,"D2B_E5MIXA":0.54667011992021908,"D3A":28.620960712275345,"D3AAO":0,"D3B":187.65810811787048,"D4A":170.31999999999999,"D4C":21,"D4D":656.47514084199997,"D5AR":339190,"D5BR":478061}},{"type":"Feature","id":156735,"geometry":{"type":"Polygon","coordinates":[[[-74.084650467142865,40.615213234100224],[-74.084784467935478,40.614036233827697],[-74.082665467046056,40.613596233939724],[-74.080822467239472,40.617050234221502],[-74.080481466757632,40.617303235086794],[-74.081104466373489,40.617797235523852],[-74.084650467142865,40.615213234100224]]]},"properties":{"OBJECTID":156735,"GEOID20":"360850040003","GEOID10":"360850040003","STATEFP":"36","COUNTYFP":"085","D1C":2.0992889046396566,"D1C5_RET":1.2918700951628654,"D2B_E5MIXA":0.41398207241620283,"D3A":22.940710800801455,"D3AAO":0,"D3B":68.934188277890499,"D4A":159.59,"D4C":12.33,"D4D":424.76688729,"D5AR":499516,"D5BR":348782}},{"type":"Feature","id":156736,"geometry":{"type":"Polygon","coordinates":[[[-74.081036466601418,40.613285233918589],[-74.081380466557988,40.612613234073784],[-74.080910467103024,40.6126802342825],[-74.080181465385351,40.6125612336823],[-74.079068466223049,40.613034234310668],[-74.078563465709678,40.613080234700604],[-74.07813146499123,40.613678234160247],[-74.077699465171108,40.613581234969594],[-74.077275465746894,40.614437234684381],[-74.077315465031532,40.614814234544703],[-74.078152465805942,40.615497235278646],[-74.07855546621208,40.61525023519615],[-74.078902466541692,40.615529235114842],[-74.079720466151215,40.614939234690844],[-74.080393465995769,40.61480723401683],[-74.081036466601418,40.613285233918589]]]},"properties":{"OBJECTID":156736,"GEOID20":"360850040005","GEOID10":"360850040005","STATEFP":"36","COUNTYFP":"085","D1C":0.17976034099673838,"D1C5_RET":0,"D2B_E5MIXA":0.39548848910372325,"D3A":43.679756278174587,"D3AAO":0,"D3B":409.22082107225498,"D4A":661.16999999999996,"D4C":19,"D4D":728.62858217300004,"D5AR":497976,"D5BR":362939}},{"type":"Feature","id":157499,"geometry":{"type":"Polygon","coordinates":[[[-74.166950493263286,40.602804229057774],[-74.167198492960409,40.602084229354517],[-74.163288492142968,40.601689229367757],[-74.162215492265318,40.60531423004749],[-74.162272492166736,40.606707230081646],[-74.162452492091788,40.607522230803539],[-74.162376491923794,40.60790923074299],[-74.162058491906492,40.608328230362368],[-74.160780491989442,40.609153230843916],[-74.160403491522587,40.609815231055137],[-74.164840493493031,40.610503230493684],[-74.165439493717741,40.608353229699929],[-74.165505492941662,40.607632229964025],[-74.165702493483465,40.606910229465413],[-74.165823493857303,40.606771229974086],[-74.16581549346138,40.605347229813688],[-74.166950493263286,40.602804229057774]]]},"properties":{"OBJECTID":157499,"GEOID20":"360850291033","GEOID10":"360850291033","STATEFP":"36","COUNTYFP":"085","D1C":6.9647009176096493,"D1C5_RET":0.64564288585335994,"D2B_E5MIXA":0.62353465953085008,"D3A":23.977959228378698,"D3AAO":0,"D3B":99.689459508987213,"D4A":376.85000000000002,"D4C":45.670000000000002,"D4D":401.518442171,"D5AR":515882,"D5BR":1747778}},{"type":"Feature","id":157645,"geometry":{"type":"Polygon","coordinates":[[[-74.165788491900571,40.590716227537925],[-74.161266490439601,40.588085226207248],[-74.159195490129093,40.590160226841178],[-74.163318491381872,40.592516227755198],[-74.165788491900571,40.590716227537925]]]},"properties":{"OBJECTID":157645,"GEOID20":"360850277062","GEOID10":"360850277062","STATEFP":"36","COUNTYFP":"085","D1C":3.6336271070976109,"D1C5_RET":2.3511704810631597,"D2B_E5MIXA":0.55315880027874964,"D3A":25.190354133695973,"D3AAO":3.1415393546618633,"D3B":123.8193551627319,"D4A":423.79000000000002,"D4C":39,"D4D":762.14565204300004,"D5AR":392484,"D5BR":1418061}},{"type":"Feature","id":157646,"geometry":{"type":"Polygon","coordinates":[[[-74.165788491900571,40.590716227537925],[-74.167615492711931,40.588935225959112],[-74.162991491143714,40.586308226638089],[-74.161266490439601,40.588085226207248],[-74.165788491900571,40.590716227537925]]]},"properties":{"OBJECTID":157646,"GEOID20":"360850277063","GEOID10":"360850277063","STATEFP":"36","COUNTYFP":"085","D1C":9.4519369986213722,"D1C5_RET":1.5299898019351144,"D2B_E5MIXA":0.78118230037064829,"D3A":29.420941220153942,"D3AAO":0.11635358096956655,"D3B":194.48015663936866,"D4A":378.19999999999999,"D4C":53.329999999999998,"D4D":1152.0189663000001,"D5AR":415312,"D5BR":1418434}},{"type":"Feature","id":157647,"geometry":{"type":"Polygon","coordinates":[[[-74.1748674967792,40.613203231169983],[-74.17562649593917,40.612226231370379],[-74.164840493493031,40.610503230493684],[-74.163604493408769,40.616001232111905],[-74.168517493783654,40.616693231950102],[-74.167730495034604,40.620266232405498],[-74.169188495775032,40.620555233286019],[-74.171895495221875,40.616846231890754],[-74.1748674967792,40.613203231169983]]]},"properties":{"OBJECTID":157647,"GEOID20":"360850291042","GEOID10":"360850291042","STATEFP":"36","COUNTYFP":"085","D1C":0.20291889936290783,"D1C5_RET":0,"D2B_E5MIXA":0.31676630433705127,"D3A":14.958569680574623,"D3AAO":0,"D3B":68.686787937727559,"D4A":677.26999999999998,"D4C":50.670000000000002,"D4D":226.91091047099999,"D5AR":508956,"D5BR":1747792}},{"type":"Feature","id":157648,"geometry":{"type":"Polygon","coordinates":[[[-74.162082492195921,40.623262233087992],[-74.162214493338723,40.622837232901617],[-74.157738491908518,40.622282233022659],[-74.157195491760305,40.623983233262287],[-74.156143490900746,40.623900233867495],[-74.156038491318768,40.624350233597013],[-74.157453491503176,40.624364234015744],[-74.158772492326406,40.624608233829051],[-74.158569491936831,40.626321234448447],[-74.161183493293876,40.626607234466427],[-74.161581493677133,40.624284233044577],[-74.162082492195921,40.623262233087992]]]},"properties":{"OBJECTID":157648,"GEOID20":"360850303023","GEOID10":"360850303023","STATEFP":"36","COUNTYFP":"085","D1C":1.0313314365085555,"D1C5_RET":0,"D2B_E5MIXA":0.43882235562918703,"D3A":32.854092902961973,"D3AAO":0,"D3B":213.81916941045031,"D4A":281.63999999999999,"D4C":27.329999999999998,"D4D":515.40641206500004,"D5AR":519581,"D5BR":1909848}},{"type":"Feature","id":157649,"geometry":{"type":"Polygon","coordinates":[[[-74.171288497296175,40.640526236343753],[-74.171217497151076,40.637444235389374],[-74.168215496354819,40.637264236115534],[-74.16811249552434,40.640835236366307],[-74.16782649619239,40.641282237262722],[-74.168914496138626,40.642080236782633],[-74.169792496920934,40.642257237515501],[-74.170462496392432,40.641388236171565],[-74.171186498087252,40.641850236896794],[-74.171288497296175,40.640526236343753]]]},"properties":{"OBJECTID":157649,"GEOID20":"360850319021","GEOID10":"360850319021","STATEFP":"36","COUNTYFP":"085","D1C":1.3329234179495157,"D1C5_RET":0,"D2B_E5MIXA":0.41011848193466949,"D3A":17.527762711818486,"D3AAO":0,"D3B":65.503370508091933,"D4A":206.53,"D4C":27.329999999999998,"D4D":536.79373792700005,"D5AR":483405,"D5BR":1589081}},{"type":"Feature","id":159843,"geometry":{"type":"Polygon","coordinates":[[[-74.147381488011149,40.629835235800876],[-74.147537488545083,40.629379234634406],[-74.146134488056234,40.629083235404117],[-74.145937487514431,40.627832234962661],[-74.145464488584736,40.627895234220958],[-74.145591487908021,40.626616234821405],[-74.146146488650118,40.624938234338117],[-74.145030488216449,40.625135235011527],[-74.144085487487033,40.625429234278187],[-74.14406448667232,40.625346234634868],[-74.143089486703957,40.625622234725704],[-74.142690486495795,40.626237234353518],[-74.141856486992751,40.62854823544513],[-74.140603487190049,40.629666235337019],[-74.142551486578625,40.630335235725511],[-74.146911488556185,40.63116423561123],[-74.147381488011149,40.629835235800876]]]},"properties":{"OBJECTID":159843,"GEOID20":"360850247001","GEOID10":"360850247001","STATEFP":"36","COUNTYFP":"085","D1C":1.9939838658219773,"D1C5_RET":0.071213709493642044,"D2B_E5MIXA":0.63143134160896586,"D3A":31.813537117941902,"D3AAO":11.496822821089838,"D3B":126.36838283415884,"D4A":297.73000000000002,"D4C":58,"D4D":709.04190813399998,"D5AR":487566,"D5BR":1698551}},{"type":"Feature","id":159845,"geometry":{"type":"Polygon","coordinates":[[[-74.212135504119487,40.54044421529813],[-74.211945504148702,40.537282214841078],[-74.21162350393341,40.535277214069581],[-74.211032503206297,40.529762213403451],[-74.20787450187612,40.530579213432134],[-74.202963500252736,40.53199521402388],[-74.203094500672321,40.532491214321951],[-74.206260502398408,40.539190215763362],[-74.206750501944867,40.5405862157671],[-74.206991502867595,40.541755215933506],[-74.212078504218084,40.541379214519949],[-74.212135504119487,40.54044421529813]]]},"properties":{"OBJECTID":159845,"GEOID20":"360850208032","GEOID10":"360850208032","STATEFP":"36","COUNTYFP":"085","D1C":0.94409251619385137,"D1C5_RET":0.030454597296575851,"D2B_E5MIXA":0.66318615280084769,"D3A":28.239967540794694,"D3AAO":2.4738069505534988,"D3B":122.02914077161002,"D4A":367.47000000000003,"D4C":10.67,"D4D":39.850975791400003,"D5AR":327293,"D5BR":218974}},{"type":"Feature","id":159847,"geometry":{"type":"Polygon","coordinates":[[[-74.158531489607057,40.590916226923028],[-74.159195490129093,40.590160226841178],[-74.15389648726989,40.587158227145224],[-74.150971487364828,40.590184227462373],[-74.15636748851179,40.593205227238251],[-74.158531489607057,40.590916226923028]]]},"properties":{"OBJECTID":159847,"GEOID20":"360850277051","GEOID10":"360850277051","STATEFP":"36","COUNTYFP":"085","D1C":2.4075449854846775,"D1C5_RET":0.034640935042944999,"D2B_E5MIXA":0.2552937196288475,"D3A":30.392333360446592,"D3AAO":0,"D3B":203.26746428239437,"D4A":307.12,"D4C":9.6699999999999999,"D4D":107.19290939699999,"D5AR":384109,"D5BR":980622}},{"type":"Feature","id":161800,"geometry":{"type":"Polygon","coordinates":[[[-74.171217497151076,40.637444235389374],[-74.171197497059566,40.635958236188401],[-74.165089494811681,40.635843235682358],[-74.164968495336169,40.638874235895209],[-74.16473649553258,40.639790236280021],[-74.16451949400097,40.641487237180435],[-74.164715494717868,40.642283236382077],[-74.16557449433526,40.642442236728499],[-74.165650495401565,40.641416236678339],[-74.167424495611172,40.642003236467538],[-74.16811249552434,40.640835236366307],[-74.168215496354819,40.637264236115534],[-74.171217497151076,40.637444235389374]]]},"properties":{"OBJECTID":161800,"GEOID20":"360850319022","GEOID10":"360850319022","STATEFP":"36","COUNTYFP":"085","D1C":11.182589676277964,"D1C5_RET":0.1977628399341762,"D2B_E5MIXA":0.11025922910972435,"D3A":20.873867726964455,"D3AAO":0,"D3B":153.37696353873935,"D4A":300.41000000000003,"D4C":27.329999999999998,"D4D":314.274434961,"D5AR":480196,"D5BR":1677356}},{"type":"Feature","id":161801,"geometry":{"type":"Polygon","coordinates":[[[-74.19592450470563,40.635232234100009],[-74.19598950500297,40.635180235636227],[-74.186532501629188,40.630218234123369],[-74.18351750041414,40.628773234006736],[-74.181680498658707,40.627798233855678],[-74.178846498990254,40.626114232562912],[-74.175774497873817,40.623282233134397],[-74.174402497347117,40.622405233006582],[-74.173096496942662,40.621892232357617],[-74.168726495817666,40.621217233037264],[-74.167935495074019,40.622409232658605],[-74.167597494965221,40.623133232542386],[-74.166560494174277,40.627375234256789],[-74.16618849552691,40.635862235998971],[-74.171197497059566,40.635958236188401],[-74.171288497296175,40.640526236343753],[-74.171075496860851,40.643083236774331],[-74.17209349738522,40.643226236825207],[-74.172429496945881,40.644152237437254],[-74.17381049859172,40.645036236966014],[-74.175453498381756,40.645124236922868],[-74.175764498726394,40.64355123697878],[-74.176725499349345,40.643781237137958],[-74.178025499007703,40.642814236239253],[-74.178875499302578,40.643101235768022],[-74.178720499491888,40.645004236952893],[-74.179792500442915,40.645470236821268],[-74.180616499900211,40.645292236518408],[-74.180718500007472,40.644730237064657],[-74.18373650069725,40.644695236463086],[-74.183835500431456,40.643519236935354],[-74.185078501985032,40.644423236517866],[-74.186270501688369,40.643351236966708],[-74.187716501834899,40.642644236639427],[-74.186849501821598,40.640989236194223],[-74.187140501176401,40.640548235274188],[-74.189103502430214,40.642194236130059],[-74.190226503434886,40.641045236167507],[-74.190367503900191,40.640522236413489],[-74.193133502898263,40.639200235427793],[-74.194758504941589,40.637054234645042],[-74.19592450470563,40.635232234100009]]]},"properties":{"OBJECTID":161801,"GEOID20":"360850323001","GEOID10":"360850323001","STATEFP":"36","COUNTYFP":"085","D1C":1.9556234228876674,"D1C5_RET":0.23368342651282931,"D2B_E5MIXA":0.81606317346735091,"D3A":8.2789954425054155,"D3AAO":0.51609640178396732,"D3B":27.456687848074075,"D4A":260.18000000000001,"D4C":45.670000000000002,"D4D":30.571395617,"D5AR":487545,"D5BR":1678072}},{"type":"Feature","id":161802,"geometry":{"type":"Polygon","coordinates":[[[-74.119575475982685,40.566956224355586],[-74.120241476154547,40.566236223529415],[-74.116363474225821,40.563923223093965],[-74.111483473462897,40.568771224762138],[-74.11571147519598,40.571025224551796],[-74.119575475982685,40.566956224355586]]]},"properties":{"OBJECTID":161802,"GEOID20":"360850134002","GEOID10":"360850134002","STATEFP":"36","COUNTYFP":"085","D1C":5.5161178887301832,"D1C5_RET":0,"D2B_E5MIXA":0.30403106277726044,"D3A":28.547488486737318,"D3AAO":0,"D3B":96.834102412752372,"D4A":97.900000000000006,"D4C":71,"D4D":644.35063461200002,"D5AR":357378,"D5BR":336948}},{"type":"Feature","id":161803,"geometry":{"type":"Polygon","coordinates":[[[-74.132305483009318,40.612446231754816],[-74.132312482682025,40.610266231992377],[-74.132124483259346,40.608283231940327],[-74.128791481128687,40.608495232061557],[-74.127324481065742,40.608669231787182],[-74.127902481374036,40.60890223140008],[-74.128383481597979,40.612650232517986],[-74.130217481183735,40.612545232714396],[-74.130737482664046,40.612805232283648],[-74.130720482945605,40.612566232279171],[-74.132305483009318,40.612446231754816]]]},"properties":{"OBJECTID":161803,"GEOID20":"360850187011","GEOID10":"360850187011","STATEFP":"36","COUNTYFP":"085","D1C":2.6768293053046239,"D1C5_RET":0.24785456530598371,"D2B_E5MIXA":0.82500235879146688,"D3A":27.892141994329606,"D3AAO":3.2756625136590682,"D3B":95.207878461856907,"D4A":234.69999999999999,"D4C":64,"D4D":1015.21229949,"D5AR":545230,"D5BR":1749878}},{"type":"Feature","id":161804,"geometry":{"type":"Polygon","coordinates":[[[-74.139646484968424,40.617023233377182],[-74.139823485418759,40.616308232430036],[-74.136217485273235,40.615795233373184],[-74.135132483005066,40.619814233896086],[-74.138738484947226,40.620382233430568],[-74.139646484968424,40.617023233377182]]]},"properties":{"OBJECTID":161804,"GEOID20":"360850197001","GEOID10":"360850197001","STATEFP":"36","COUNTYFP":"085","D1C":0.39748302392592283,"D1C5_RET":0,"D2B_E5MIXA":0.1598810606832699,"D3A":39.883025349645763,"D3AAO":0,"D3B":187.79367249117402,"D4A":299.06999999999999,"D4C":27.670000000000002,"D4D":502.78189819400001,"D5AR":525279,"D5BR":1715643}},{"type":"Feature","id":161834,"geometry":{"type":"Polygon","coordinates":[[[-74.138065485102672,40.627576234584019],[-74.138060485079791,40.627077235321046],[-74.135811485392352,40.625072234513247],[-74.135475484035069,40.625288235389689],[-74.132557482904403,40.622907233824215],[-74.132077483403705,40.622710234761279],[-74.132055482764073,40.623670234759167],[-74.131918483395026,40.624554234148398],[-74.130248483840802,40.629617235703442],[-74.130462484101059,40.630905236036043],[-74.130612483888882,40.630911235432173],[-74.131075482772843,40.631156235992108],[-74.131619482745975,40.630591235754032],[-74.133438484059738,40.629083235404117],[-74.134088484338065,40.629550235436703],[-74.135862484547673,40.628069235240069],[-74.136743485703008,40.628670235319824],[-74.138065485102672,40.627576234584019]]]},"properties":{"OBJECTID":161834,"GEOID20":"360850201001","GEOID10":"360850201001","STATEFP":"36","COUNTYFP":"085","D1C":6.8539561473921307,"D1C5_RET":2.1607853717682022,"D2B_E5MIXA":0.93448901517348215,"D3A":26.840178885788017,"D3AAO":0,"D3B":173.29443629724375,"D4A":234.69999999999999,"D4C":56.329999999999998,"D4D":496.17137321500002,"D5AR":489987,"D5BR":1696795}},{"type":"Feature","id":162604,"geometry":{"type":"Polygon","coordinates":[[[-74.146830488365325,40.631390235704266],[-74.146911488556185,40.63116423561123],[-74.143757487423969,40.630562234665575],[-74.142775486884602,40.633800235858686],[-74.141278486684442,40.633451235875661],[-74.139682486750061,40.637957236553859],[-74.14563248791589,40.635254236820195],[-74.146830488365325,40.631390235704266]]]},"properties":{"OBJECTID":162604,"GEOID20":"360850213005","GEOID10":"360850213005","STATEFP":"36","COUNTYFP":"085","D1C":4.8488503155499538,"D1C5_RET":0.11020114353522623,"D2B_E5MIXA":0.24561192566504725,"D3A":32.809731097890712,"D3AAO":10.532253137215996,"D3B":161.79691270002365,"D4A":273.58999999999997,"D4C":41.670000000000002,"D4D":481.40502336399999,"D5AR":485001,"D5BR":1693042}},{"type":"Feature","id":162677,"geometry":{"type":"Polygon","coordinates":[[[-74.126699478206817,40.557862221793343],[-74.127302478629488,40.557303221430836],[-74.119402474832015,40.55219122057526],[-74.118053474769852,40.552016220689239],[-74.118630475253241,40.55134821982525],[-74.11810847502143,40.550640221309685],[-74.116025474117023,40.549369220482227],[-74.114984474026443,40.549587220911206],[-74.114322473154218,40.549093220192418],[-74.112728471971366,40.547369219754586],[-74.109128471673614,40.551918221508892],[-74.108610470741439,40.552198221516782],[-74.109537471927538,40.552819221978176],[-74.114131473358512,40.557292221569796],[-74.114732474131372,40.557139221143437],[-74.120053475833572,40.560402222604978],[-74.120737475548779,40.559819222389315],[-74.121540475987999,40.559510223009475],[-74.122170476174844,40.559467222788314],[-74.123885476833209,40.559642222309435],[-74.12480447672506,40.559447222072968],[-74.125305477040499,40.559140222012502],[-74.126699478206817,40.557862221793343]]]},"properties":{"OBJECTID":162677,"GEOID20":"360850128051","GEOID10":"360850128051","STATEFP":"36","COUNTYFP":"085","D1C":0.33699204712071112,"D1C5_RET":0.0088682117663345036,"D2B_E5MIXA":0.53119458469141323,"D3A":15.686198576345891,"D3AAO":0,"D3B":67.776495523810951,"D4A":356.74000000000001,"D4C":58,"D4D":149.23642763699999,"D5AR":283721,"D5BR":317460}},{"type":"Feature","id":162681,"geometry":{"type":"Polygon","coordinates":[[[-74.134770485301772,40.636033237241563],[-74.135215485540698,40.635353236700567],[-74.130942483601771,40.633147236908172],[-74.13158348365927,40.632002236423702],[-74.130471483423577,40.631684236068232],[-74.130167483649956,40.632379236006543],[-74.129002483710806,40.63434223653276],[-74.130182483718571,40.634495236950542],[-74.130869483806819,40.634735236966463],[-74.130687483333645,40.63551723679916],[-74.134093485259257,40.636992237246332],[-74.134770485301772,40.636033237241563]]]},"properties":{"OBJECTID":162681,"GEOID20":"360850207003","GEOID10":"360850207003","STATEFP":"36","COUNTYFP":"085","D1C":4.3510007087506075,"D1C5_RET":0.44537802530518028,"D2B_E5MIXA":0.64116899427026453,"D3A":34.238883992763235,"D3AAO":0,"D3B":212.00542162096187,"D4A":0,"D4C":53.329999999999998,"D4D":1169.32972748,"D5AR":462751,"D5BR":1697793}},{"type":"Feature","id":162682,"geometry":{"type":"Polygon","coordinates":[[[-74.136162484123332,40.603437230188334],[-74.137235484000954,40.603257230648126],[-74.132508481602287,40.599640229569538],[-74.130991481310616,40.599511230475613],[-74.132152481950129,40.608560232066921],[-74.135906484030301,40.608368231207578],[-74.136401482701302,40.608031231487573],[-74.13640748434571,40.607822231311395],[-74.135839483184839,40.607563231243375],[-74.133976483286744,40.607664231520928],[-74.133897483644049,40.606802231455752],[-74.133984483682681,40.606546231637026],[-74.133773482897169,40.604422231042463],[-74.133542482918486,40.604180230848264],[-74.133433482240221,40.603589230619903],[-74.136162484123332,40.603437230188334]]]},"properties":{"OBJECTID":162682,"GEOID20":"360850189023","GEOID10":"360850189023","STATEFP":"36","COUNTYFP":"085","D1C":0.83365648828379912,"D1C5_RET":0.19615446783148216,"D2B_E5MIXA":0.6606427870317666,"D3A":37.768356348830338,"D3AAO":7.9077059343842135,"D3B":188.38152011954662,"D4A":151.55000000000001,"D4C":24,"D4D":251.07771882399999,"D5AR":531417,"D5BR":1421930}},{"type":"Feature","id":162683,"geometry":{"type":"Polygon","coordinates":[[[-74.216611503753072,40.528186213059293],[-74.215745505361298,40.52647221240661],[-74.21560850509394,40.525503212168367],[-74.215561503441634,40.523976211988206],[-74.211426502493296,40.5244222122992],[-74.210283502295454,40.524729212416318],[-74.209960501356932,40.524903211551425],[-74.209613501925631,40.525235211873714],[-74.208566501987249,40.525321212548754],[-74.207303502138828,40.525290212222878],[-74.20277049990888,40.525915212895733],[-74.201528499976845,40.526273212601645],[-74.201172499426391,40.526762213414848],[-74.202572500440496,40.529602213007031],[-74.202963500252736,40.53199521402388],[-74.216611503753072,40.528186213059293]]]},"properties":{"OBJECTID":162683,"GEOID20":"360850208033","GEOID10":"360850208033","STATEFP":"36","COUNTYFP":"085","D1C":0.40311637364676933,"D1C5_RET":0,"D2B_E5MIXA":0.61029228547472025,"D3A":25.676023267113131,"D3AAO":3.1127740921352651,"D3B":129.03897396800258,"D4A":441.23000000000002,"D4C":18.670000000000002,"D4D":70.8346606681,"D5AR":322837,"D5BR":93650}},{"type":"Feature","id":162684,"geometry":{"type":"Polygon","coordinates":[[[-74.202963500252736,40.53199521402388],[-74.202572500440496,40.529602213007031],[-74.201172499426391,40.526762213414848],[-74.200705500344483,40.527240212691126],[-74.199844498382319,40.52786621323547],[-74.19779549781309,40.529040213503286],[-74.196085498075917,40.529920214239354],[-74.19313449733329,40.531203214371637],[-74.191745496189839,40.53192521418169],[-74.193275497798595,40.534893214312909],[-74.195263498268432,40.534126214551065],[-74.202963500252736,40.53199521402388]]]},"properties":{"OBJECTID":162684,"GEOID20":"360850208043","GEOID10":"360850208043","STATEFP":"36","COUNTYFP":"085","D1C":2.1991262553845363,"D1C5_RET":0.069030869003102027,"D2B_E5MIXA":0.63062376202410475,"D3A":29.524576598068034,"D3AAO":5.8197318236784819,"D3B":117.84003247148965,"D4A":482.80000000000001,"D4C":20,"D4D":126.22787474899999,"D5AR":288063,"D5BR":245693}},{"type":"Feature","id":162685,"geometry":{"type":"Polygon","coordinates":[[[-74.239268510913504,40.525065211564481],[-74.239461512155671,40.521287210877482],[-74.235113510771981,40.520925210913042],[-74.233538508957366,40.520648210472665],[-74.232945510377078,40.520674210895514],[-74.231982510104288,40.520896210733248],[-74.23145450912638,40.520866210816564],[-74.230869509145379,40.520635210598904],[-74.230754508619327,40.520468211471218],[-74.22977050843015,40.519955210641122],[-74.229604508748793,40.519707210996636],[-74.229483507476658,40.519092210039993],[-74.228234506973592,40.519203210963042],[-74.226911506850712,40.519180210583848],[-74.226314508072448,40.518981210981856],[-74.225681506614237,40.518570211097362],[-74.224516506675087,40.518266210743029],[-74.223736505802094,40.518211210093583],[-74.222882506207583,40.518432210815348],[-74.220139504979088,40.519630211047058],[-74.217607504536119,40.520880211735381],[-74.21354750303253,40.521243210978611],[-74.21409950340157,40.524106212327119],[-74.215561503441634,40.523976211988206],[-74.21560850509394,40.525503212168367],[-74.215745505361298,40.52647221240661],[-74.216611503753072,40.528186213059293],[-74.223618506699637,40.526300212534331],[-74.226407507958868,40.525862211676269],[-74.230372509027902,40.525590211470529],[-74.23035250893642,40.525865211991224],[-74.231658509340889,40.525811211764427],[-74.239268510913504,40.52518821148994],[-74.239268510913504,40.525065211564481]]]},"properties":{"OBJECTID":162685,"GEOID20":"360850226004","GEOID10":"360850226004","STATEFP":"36","COUNTYFP":"085","D1C":3.7436862245172522,"D1C5_RET":0.59244469265156219,"D2B_E5MIXA":0.94083030089854869,"D3A":22.210228201985249,"D3AAO":7.7782913285838955,"D3B":101.15750506817957,"D4A":623.62,"D4C":20.329999999999998,"D4D":36.706744690599997,"D5AR":301892,"D5BR":120372}},{"type":"Feature","id":162686,"geometry":{"type":"Polygon","coordinates":[[[-74.240252511102682,40.511668208535809],[-74.239877511183948,40.510359208419501],[-74.238182510617079,40.505535207509674],[-74.234897509963602,40.506197207895823],[-74.230057507587006,40.507738208951025],[-74.227614506832495,40.508211207716805],[-74.223216506118419,40.508667208841302],[-74.22290450594889,40.508944208924248],[-74.226635506666184,40.517259210265664],[-74.226911506850712,40.519180210583848],[-74.229006507450677,40.51915021058214],[-74.229787508148576,40.519056210125697],[-74.230220508691957,40.518901210254782],[-74.230789507881127,40.51848621015786],[-74.231595508693374,40.517542210377606],[-74.232823508381713,40.516345210185939],[-74.234572509375283,40.515060209421286],[-74.235639510303443,40.514396208782294],[-74.237463510741762,40.513474209242403],[-74.238800510210055,40.512532208934424],[-74.240252511102682,40.511668208535809]]]},"properties":{"OBJECTID":162686,"GEOID20":"360850244013","GEOID10":"360850244013","STATEFP":"36","COUNTYFP":"085","D1C":0.43580433860970169,"D1C5_RET":0.028839992996230256,"D2B_E5MIXA":0.71131001067690791,"D3A":14.605337472553764,"D3AAO":0,"D3B":88.545775949544492,"D4A":509.63,"D4C":27.329999999999998,"D4D":55.395583305499997,"D5AR":269351,"D5BR":62656}},{"type":"Feature","id":162687,"geometry":{"type":"Polygon","coordinates":[[[-74.241640511522903,40.50484020727427],[-74.239918510293535,40.499851206407648],[-74.238103510076044,40.500216206172723],[-74.237910509732203,40.499706206258587],[-74.236488508976777,40.500425207110972],[-74.236289508785148,40.499902205575282],[-74.235914508866415,40.500277206742659],[-74.235530509625178,40.500446206352201],[-74.234986508753735,40.500539207596738],[-74.234648508644938,40.500689207437354],[-74.233458507693115,40.500567206308247],[-74.232957507377691,40.5006852066536],[-74.232783508198736,40.501111207157095],[-74.232473507679032,40.501383206268727],[-74.2316955082525,40.501655206326667],[-74.231217507503288,40.501646207595513],[-74.230926507250146,40.501814207163164],[-74.230308507657185,40.501786206922908],[-74.229070507024787,40.502199207915297],[-74.227458506298575,40.502283207400744],[-74.22706450701159,40.502246207339489],[-74.225555506217532,40.501711207587917],[-74.224673506135602,40.50156120730027],[-74.224158505576483,40.501711207587917],[-74.223145505074996,40.502274208070816],[-74.222151504840056,40.502461207410256],[-74.22191550483852,40.502429208126401],[-74.222114505030149,40.503192207960609],[-74.222086505441041,40.504280207752046],[-74.223117505485902,40.504852207515334],[-74.223192504930651,40.505133207481045],[-74.223183505608148,40.505724207903562],[-74.222917505469354,40.507235208346422],[-74.223216506118419,40.508667208841302],[-74.227614506832495,40.508211207716805],[-74.230057507587006,40.507738208951025],[-74.234897509963602,40.506197207895823],[-74.241640511522903,40.50484020727427]]]},"properties":{"OBJECTID":162687,"GEOID20":"360850244021","GEOID10":"360850244021","STATEFP":"36","COUNTYFP":"085","D1C":0.57367572205210937,"D1C5_RET":0.088257803392632214,"D2B_E5MIXA":0.86396132998550923,"D3A":14.927160127052376,"D3AAO":0,"D3B":87.229035692520341,"D4A":450.62,"D4C":19.329999999999998,"D4D":50.063457836600001,"D5AR":241731,"D5BR":62515}},{"type":"Feature","id":162688,"geometry":{"type":"Polygon","coordinates":[[[-74.25311551460544,40.512132207528431],[-74.252723515866592,40.511984208404549],[-74.252747515257738,40.512211207600799],[-74.250990514766556,40.513356208175814],[-74.249515514307703,40.514165208807896],[-74.248458513425277,40.514547208867562],[-74.243700511962771,40.515901209682369],[-74.241756511873859,40.514077209193658],[-74.239702510383466,40.511954207914727],[-74.237463510741762,40.513474209242403],[-74.235639510303443,40.514396208782294],[-74.234572509375283,40.515060209421286],[-74.232823508381713,40.516345210185939],[-74.231595508693374,40.517542210377606],[-74.230638509166695,40.51862421032871],[-74.230094509193563,40.518962210903204],[-74.229483507476658,40.519092210039993],[-74.229640507835484,40.519793210569759],[-74.229860508841824,40.520025210011298],[-74.230754508619327,40.520468211471218],[-74.230869509145379,40.520635210598904],[-74.23145450912638,40.520866210816564],[-74.231982510104288,40.520896210733248],[-74.232945510377078,40.520674210895514],[-74.233538508957366,40.520648210472665],[-74.235113510771981,40.520925210913042],[-74.239461512155671,40.521287210877482],[-74.239268510913504,40.52518821148994],[-74.243880512786149,40.524968211536233],[-74.243433513795722,40.52477421105862],[-74.243180513177393,40.524567211591147],[-74.242833513746092,40.52388321114983],[-74.24286151243686,40.523011209941721],[-74.242701511704965,40.52228920969582],[-74.242984512460509,40.521357210905315],[-74.24286251226178,40.521172210429086],[-74.242787512817031,40.520704210215229],[-74.242417512022854,40.520333210878626],[-74.241961511913274,40.520292210235084],[-74.24175551204894,40.519974209755496],[-74.241473511118329,40.520021210380904],[-74.241323512228803,40.519814209892907],[-74.241520512770606,40.519599209454874],[-74.241276512373162,40.519111209398957],[-74.241792512757186,40.518858209909858],[-74.242111512599408,40.518511209611127],[-74.242523512328049,40.518314209596717],[-74.243789513447865,40.518352210115992],[-74.244342511845176,40.518492209399227],[-74.244670512806564,40.518399209829902],[-74.24511151374584,40.518071210223553],[-74.245298513343599,40.51804220949203],[-74.245533513520243,40.518136209321568],[-74.245711512897145,40.5180712095407],[-74.245373512788348,40.51733920953766],[-74.245486513664574,40.517171209931853],[-74.246555514242573,40.516730209475952],[-74.247511514842643,40.517649208631909],[-74.247642513465593,40.517686209073503],[-74.247183513881268,40.517095209581662],[-74.246611514319056,40.51659920938566],[-74.246526513930249,40.516178209249425],[-74.246911513894716,40.516102209822343],[-74.247492514576066,40.515736209290324],[-74.248233514192705,40.516505209449846],[-74.248701513997844,40.516186208968463],[-74.248664515086233,40.516121209345776],[-74.249621515511237,40.515578208480555],[-74.24925551401671,40.515099208863511],[-74.249358513948877,40.51504220872544],[-74.249845514020592,40.515539207951079],[-74.250155514540296,40.51532420951046],[-74.250005514752459,40.515117208861113],[-74.252067514842167,40.513758208087417],[-74.252123514918651,40.513627209019752],[-74.251926515275173,40.51308320792181],[-74.251964514910014,40.512924208530045],[-74.25311551460544,40.512132207528431]]]},"properties":{"OBJECTID":162688,"GEOID20":"360850248003","GEOID10":"360850248003","STATEFP":"36","COUNTYFP":"085","D1C":3.0967988537715176,"D1C5_RET":0.66991975204036913,"D2B_E5MIXA":0.96414579178737381,"D3A":13.858175113257065,"D3AAO":0.070380717926951317,"D3B":82.875211213634557,"D4A":394.29000000000002,"D4C":18.329999999999998,"D4D":47.454161612699998,"D5AR":281734,"D5BR":89481}},{"type":"Feature","id":162689,"geometry":{"type":"Polygon","coordinates":[[[-74.16618849552691,40.635862235998971],[-74.166276494492138,40.633658235470406],[-74.165236495124773,40.633627234860612],[-74.161629493357708,40.633879234892589],[-74.1603124930826,40.633796236207154],[-74.160154492898855,40.638064235990228],[-74.160193492358616,40.640219236910035],[-74.160472492916185,40.638817236819207],[-74.161330493606968,40.638910236147616],[-74.160919493703247,40.640376236750214],[-74.162735493745629,40.641436236741022],[-74.163680494475074,40.64119923687425],[-74.16451949400097,40.641487237180435],[-74.16473649553258,40.639790236280021],[-74.164968495336169,40.638874235895209],[-74.165089494811681,40.635843235682358],[-74.16618849552691,40.635862235998971]]]},"properties":{"OBJECTID":162689,"GEOID20":"360850319023","GEOID10":"360850319023","STATEFP":"36","COUNTYFP":"085","D1C":2.8136932458136363,"D1C5_RET":0.061167244474209487,"D2B_E5MIXA":0.45840872675527322,"D3A":15.615485145088993,"D3AAO":0,"D3B":67.346517183566178,"D4A":278.94999999999999,"D4C":37,"D4D":287.407282098,"D5AR":506591,"D5BR":1589026}},{"type":"Feature","id":162690,"geometry":{"type":"Polygon","coordinates":[[[-74.104846471310495,40.561604223097504],[-74.100338468296627,40.559088223025519],[-74.099309468799902,40.559597222515286],[-74.098146468510564,40.559154223124089],[-74.095198468140993,40.562798223548775],[-74.094891467994344,40.562950223546892],[-74.095439469063734,40.563420223736976],[-74.100789469281636,40.566023224109188],[-74.104846471310495,40.561604223097504]]]},"properties":{"OBJECTID":162690,"GEOID20":"360850128042","GEOID10":"360850128042","STATEFP":"36","COUNTYFP":"085","D1C":4.2341713916581396,"D1C5_RET":0.16285274583300535,"D2B_E5MIXA":0.31658716944135562,"D3A":29.049535890484147,"D3AAO":0,"D3B":197.72455634797498,"D4A":248.11000000000001,"D4C":4.6699999999999999,"D4D":33.363696998999998,"D5AR":314303,"D5BR":13268}},{"type":"Feature","id":162692,"geometry":{"type":"Polygon","coordinates":[[[-74.122558480105624,40.613084232865127],[-74.121579479939314,40.610610231639349],[-74.121340479564722,40.609692232441112],[-74.116765477502,40.610878233285113],[-74.115015477581835,40.611088232510653],[-74.113051477401427,40.610928232770931],[-74.110536475778588,40.610262232295298],[-74.109318475237671,40.610119232568643],[-74.107949474185716,40.610056232911489],[-74.105350473795596,40.610223232338235],[-74.105598474391016,40.61119023265622],[-74.105877474050274,40.611698232947958],[-74.107950474908947,40.614864233812952],[-74.111455476568764,40.614115233737884],[-74.113376476193125,40.613813232757245],[-74.122558480105624,40.613084232865127]]]},"properties":{"OBJECTID":162692,"GEOID20":"360850169011","GEOID10":"360850169011","STATEFP":"36","COUNTYFP":"085","D1C":5.0009697990866462,"D1C5_RET":0.1783165892705125,"D2B_E5MIXA":0.54399003550322544,"D3A":29.516054308067023,"D3AAO":7.4231307731719722,"D3B":88.158536676895281,"D4A":158.25,"D4C":51,"D4D":264.38229863100003,"D5AR":555872,"D5BR":1421847}}]}