name_of_institution,street_address,city,zip_code,county,georeference
Abacus Federal Savings Bank,36-30 MAIN STREET,FLUSHING,11354,Queens,"{""type"": ""Point"", ""coordinates"": [-73.83159, 40.76234]}"
Abacus Federal Savings Bank,4824 8TH AVENUE,BROOKLYN,11220,Kings,"{""type"": ""Point"", ""coordinates"": [-74.00303, 40.64176]}"
Abacus Federal Savings Bank,6-8 Bowery,New York,10013,New York,"{""type"": ""Point"", ""coordinates"": [-73.99749, 40.71425]}"
Access Federal Credit Union,2094 Glenwood Plaza,Oneida,13421,Madison,"{""type"": ""Point"", ""coordinates"": [-75.63241, 43.0537]}"
Access Federal Credit Union,74-76 Main Street,Camden,13316,Oneida,"{""type"": ""Point"", ""coordinates"": [-75.74831, 43.3349]}"
Access Federal Credit Union,230 South James Street,Rome,13440,Oneida,"{""type"": ""Point"", ""coordinates"": [-75.46057, 43.20846]}"
Access Federal Credit Union,6 Franklin,Clinton,13323,Oneida,"{""type"": ""Point"", ""coordinates"": [-75.38253, 43.04741]}"
Access Federal Credit Union,390 West Seneca Street,Sherrill,13461,Oneida,"{""type"": ""Point"", ""coordinates"": [-75.60661, 43.07699]}"
"Adirondack Trust Company, The",Route  50  and  Route 9,Saratoga Springs,12866,Saratoga,"{""type"": ""Point"", ""coordinates"": [-73.78812, 43.0751]}"
"Adirondack Trust Company, The",79 Main Street,Queensbury,12804,Warren,"{""type"": ""Point"", ""coordinates"": [-73.67206, 43.29926]}"
"Adirondack Trust Company, The",51B Luther Forest Blvd.,Malta,12118,Saratoga,"{""type"": ""Point"", ""coordinates"": [-73.7854, 42.94767]}"
"Adirondack Trust Company, The",315 Church Street,Saratoga Springs,12866,Saratoga,"{""type"": ""Point"", ""coordinates"": [-73.8045, 43.08548]}"
"Adirondack Trust Company, The",322 RUHLE ROAD,BALLSTON LAKE,12019,Saratoga,"{""type"": ""Point"", ""coordinates"": [-73.80847, 42.93618]}"
"Adirondack Trust Company, The",473 Broadway,Saratoga Springs,12866,Saratoga,"{""type"": ""Point"", ""coordinates"": [-73.78533, 43.08308]}"
"Adirondack Trust Company, The",2510 Route 9,Malta,12020,Saratoga,"{""type"": ""Point"", ""coordinates"": [-73.79286, 42.97236]}"
"Adirondack Trust Company, The",650 Maple Avenue - Route 9,Wilton,12866,Saratoga,"{""type"": ""Point"", ""coordinates"": [-73.76767, 43.12303]}"
"Adirondack Trust Company, The",112 Broadway,Saratoga Springs,12866,Saratoga,"{""type"": ""Point"", ""coordinates"": [-73.78903, 43.06857]}"
"Adirondack Trust Company, The",350 Canada Street,Lake George,12845,Warren,"{""type"": ""Point"", ""coordinates"": [-73.71215, 43.42688]}"
"Adirondack Trust Company, The",162 Northline Road,Ballston Spa,12020,Saratoga,"{""type"": ""Point"", ""coordinates"": [-73.83798, 43.02283]}"
"Adirondack Trust Company, The",3017 Route  50,Wilton,12866,Saratoga,"{""type"": ""Point"", ""coordinates"": [-73.74739, 43.10011]}"
"Adirondack Trust Company, The",13 Triebel Avenue,Ballston Spa,12020,Saratoga,"{""type"": ""Point"", ""coordinates"": [-73.85219, 43.04756]}"
"Adirondack Trust Company, The",224 Church Avenue,Ballston Spa,12020,Saratoga,"{""type"": ""Point"", ""coordinates"": [-73.8519, 42.99012]}"
"Adirondack Trust Company, The",376 Bay Road,Queensbury,12804,Saratoga,"{""type"": ""Point"", ""coordinates"": [-73.6525, 43.33504]}"
Advantage Federal C.U.,6000 Reynolds Drive,Rochester,14623,Monroe,"{""type"": ""Point"", ""coordinates"": [-77.67916, 43.08896]}"
Advantage Federal C.U.,2515 BROWNCROFT BOULEVARD,ROCHESTER,14626,Monroe,"{""type"": ""Point"", ""coordinates"": [-77.50459, 43.15347]}"
Advantage Federal C.U.,1975 BUFFALO ROAD,ROCHESTER,14624,Monroe,"{""type"": ""Point"", ""coordinates"": [-77.70804, 43.14795]}"
Advantage Federal C.U.,1625 MOUNT HOPE AVENUE,ROCHESTER,14620,Monroe,"{""type"": ""Point"", ""coordinates"": [-77.62102, 43.11847]}"
Advantage Federal C.U.,225 WEST BROAD STREET,ROCHESTER,14614,Monroe,"{""type"": ""Point"", ""coordinates"": [-77.61793, 43.15349]}"
Alco Federal Credit Union,24 East Main St,Cuba,14727,Allegany,"{""type"": ""Point"", ""coordinates"": [-78.27481, 42.21751]}"
Alco Federal Credit Union,2859 Lindy Lane,Wellsville,14895,Allegany,"{""type"": ""Point"", ""coordinates"": [-77.97888, 42.12351]}"
Alco Federal Credit Union,32 Greenwich Street,Belmont,14813,Allegany,"{""type"": ""Point"", ""coordinates"": [-78.0285, 42.22504]}"
Alco Federal Credit Union,25 West Main Street,Friendship,14739,Allegany,"{""type"": ""Point"", ""coordinates"": [-78.13484, 42.2075]}"
Alden State Bank,6545 Transit Rd,Clarence,14051,New York,"{""type"": ""Point"", ""coordinates"": [-78.69612, 43.02704]}"
Alden State Bank,13200 BROADWAY,ALDEN,14004,Erie,"{""type"": ""Point"", ""coordinates"": [-78.49614, 42.90021]}"
Alden State Bank,5802 BROADWAY,LANCASTER,14086,Erie,"{""type"": ""Point"", ""coordinates"": [-78.64491, 42.89545]}"
Alma Bank,4401 13th Avenue,Brooklyn,11219,Kings,"{""type"": ""Point"", ""coordinates"": [-73.98929, 40.63774]}"
Alma Bank,805 PORT WASHINGTON BLVD,PORT WASHINGTON,11050,New York,"{""type"": ""Point"", ""coordinates"": [-73.68337, 40.82751]}"
Alma Bank,41-02 BROADWAY,ASTORIA,11103,Queens,"{""type"": ""Point"", ""coordinates"": [-73.91802, 40.75853]}"
Alma Bank,8424 5th Avenue,Brooklyn,11209,Kings,"{""type"": ""Point"", ""coordinates"": [-74.02563, 40.62228]}"
Alma Bank,28-20 DITMARS BOULEVARD,ASTORIA,11105,Queens,"{""type"": ""Point"", ""coordinates"": [-73.9118, 40.77693]}"
Alma Bank,1218 Kings Highway,Brooklyn,11237,Kings,"{""type"": ""Point"", ""coordinates"": [-73.96041, 40.60789]}"
Alma Bank,196-03 NORTHERN BOULEVARD,FLUSHING,11358,Queens,"{""type"": ""Point"", ""coordinates"": [-73.78546, 40.75795]}"
Alma Bank,1705 CROSBY AVENUE,BRONX,10461,Bronx,"{""type"": ""Point"", ""coordinates"": [-73.83127, 40.84549]}"
Alma Bank,2831 31st Street,Astoria,11102,Queens,"{""type"": ""Point"", ""coordinates"": [-73.92094, 40.76745]}"
Alma Bank,1023 AVENUE OF THE AMERICAS,NEW YORK,10018,New York,"{""type"": ""Point"", ""coordinates"": [-73.98588, 40.75242]}"
Alternatives Federal Credit Union,125 N Fulton St,Ithaca,14850,Tompkins,"{""type"": ""Point"", ""coordinates"": [-76.51052, 42.43955]}"
Alternatives Federal Credit Union,125 North Fulton Street,Ithaca,14850,Tompkins,"{""type"": ""Point"", ""coordinates"": [-76.51052, 42.43955]}"
Amalgamated Bank,10 East 14th Street,New York,10003,New York,"{""type"": ""Point"", ""coordinates"": [-73.99296, 40.73573]}"
Amalgamated Bank,2067 Bartow Avenue,Bronx,10475,Bronx,"{""type"": ""Point"", ""coordinates"": [-73.82845, 40.86996]}"
Amalgamated Bank,1212 Fulton Street,Brooklyn,11216,Kings,"{""type"": ""Point"", ""coordinates"": [-73.95207, 40.68053]}"
Amerasia Bank,214-01 Northern Blvd.,Bayside,11361,Queens,"{""type"": ""Point"", ""coordinates"": [-73.76891, 40.76033]}"
AmeriCU Credit Union,295 GRANT AVENUE,AUBURN,13021,Cayuga,"{""type"": ""Point"", ""coordinates"": [-76.54492, 42.95423]}"
AmeriCU Credit Union,871 ARSENAL ST,WATERTOWN,13601,Jefferson,"{""type"": ""Point"", ""coordinates"": [-75.93093, 43.97664]}"
AmeriCU Credit Union,231 HILL ROAD,ROME,13440,Oneida,"{""type"": ""Point"", ""coordinates"": [-75.41963, 43.22086]}"
AmeriCU Credit Union,7474 OSWEGO RD,LIVERPOOL,13090,Onondaga,"{""type"": ""Point"", ""coordinates"": [-76.2206, 43.13288]}"
AmeriCU Credit Union,200 WALTON STREET,SYRACUSE,13202,Onondaga,"{""type"": ""Point"", ""coordinates"": [-76.15578, 43.04797]}"
AmeriCU Credit Union,326 EAST STATE STREET,HERKIMER,13350,Herkimer,"{""type"": ""Point"", ""coordinates"": [-74.98007, 43.02751]}"
AmeriCU Credit Union,6414 STATE ROUTE 31,CICERO,13039,Onondaga,"{""type"": ""Point"", ""coordinates"": [-76.07788, 43.17673]}"
AmeriCU Credit Union,7394 UTICA BOULEVARD,LOWVILLE,13367,Lewis,"{""type"": ""Point"", ""coordinates"": [-75.48403, 43.77803]}"
AmeriCU Credit Union,5439 NORTH BURDICK STREET,FAYETTEVILLE,13066,Onondaga,"{""type"": ""Point"", ""coordinates"": [-76.01832, 43.03891]}"
AmeriCU Credit Union,5212 WEST GENESEE STREET,CAMILLUS,13031,Onondaga,"{""type"": ""Point"", ""coordinates"": [-76.26781, 43.04153]}"
AmeriCU Credit Union,3944 NY Rt 281,Cortland,13045,Cortland,"{""type"": ""Point"", ""coordinates"": [-76.20493, 42.59759]}"
AmeriCU Credit Union,590 Bridge Street,Geddes,13209,Onondaga,"{""type"": ""Point"", ""coordinates"": [-76.21264, 43.0723]}"
AmeriCU Credit Union,4865 WEST SENECA TURNPIKE,SYRACUSE,13215,Onondaga,"{""type"": ""Point"", ""coordinates"": [-76.1801, 43.0059]}"
AmeriCU Credit Union,412 Genesee Street,Oneida,13421,Madison,"{""type"": ""Point"", ""coordinates"": [-75.66391, 43.07825]}"
AmeriCU Credit Union,10750 Enduring Freedom Drive,Fort Drum,13602,Jefferson,"{""type"": ""Point"", ""coordinates"": [-75.80727, 44.04674]}"
AmeriCU Credit Union,401 HERKIMER ROAD,UTICA,13502,Oneida,"{""type"": ""Point"", ""coordinates"": [-75.20423, 43.11441]}"
AmeriCU Credit Union,2499 Route 9N,Au Sable Forks,12912,Clinton,"{""type"": ""Point"", ""coordinates"": [-73.67473, 44.44154]}"
AmeriCU Credit Union,1716 Front St,Keeseville,12944,Clinton,"{""type"": ""Point"", ""coordinates"": [-73.48046, 44.50415]}"
AmeriCU Credit Union,700 Bear Swamp Rd,Peru,12972,Clinton,"{""type"": ""Point"", ""coordinates"": [-73.51214, 44.57713]}"
AmeriCU Credit Union,5790 NY Route 86,Wilmington,12997,Essex,"{""type"": ""Point"", ""coordinates"": [-73.81318, 44.38877]}"
AmeriCU Credit Union,722 W BROADWAY,FULTON,13069,Sullivan,"{""type"": ""Point"", ""coordinates"": [-76.43193, 43.31672]}"
AmeriCU Credit Union,350 LELAND AVE,UTICA,13502,Oneida,"{""type"": ""Point"", ""coordinates"": [-75.20588, 43.11348]}"
AmeriCU Credit Union,6303 THOMPSON ROAD,SYRACUSE,13206,Onondaga,"{""type"": ""Point"", ""coordinates"": [-76.08961, 43.07598]}"
AmeriCU Credit Union,4957 COMMERCIAL DRIVE,YORKVILLE,13495,Oneida,"{""type"": ""Point"", ""coordinates"": [-75.2994, 43.10323]}"
AmeriCU Credit Union,280 GENESEE STREET,ONEIDA,13421,Madison,"{""type"": ""Point"", ""coordinates"": [-75.65164, 43.0788]}"
AmeriCU Credit Union,1916 BLACK RIVER BOULEVARD,ROME,13440,Oneida,"{""type"": ""Point"", ""coordinates"": [-75.43528, 43.23686]}"
AmeriCU Credit Union,82 Albany Street,Cazenovia,13035,Madison,"{""type"": ""Point"", ""coordinates"": [-75.85269, 42.92989]}"
American Broadcast Employees Federal Credit Union,30 West 66th Street,New York,10023,New York,"{""type"": ""Point"", ""coordinates"": [-73.97977, 40.77284]}"
American Broadcast Employees Federal Credit Union,77 West 66th Street,New York,10023,New York,"{""type"": ""Point"", ""coordinates"": [-73.98019, 40.77302]}"
Apple Bank,2021 Bartow Avenue,Bronx,10475,Bronx,"{""type"": ""Point"", ""coordinates"": [-73.83079, 40.86912]}"
Apple Bank,1212 AVENUE M,BROOKLYN,11230,Kings,"{""type"": ""Point"", ""coordinates"": [-73.96228, 40.61776]}"
Apple Bank,79 Route 59,Monsey,10952,Rockland,"{""type"": ""Point"", ""coordinates"": [-74.06691, 41.10755]}"
Apple Bank,30-98c Steinway St,Astoria,11103,Queens,"{""type"": ""Point"", ""coordinates"": [-73.91699, 40.76144]}"
Apple Bank,101 E170TH ST,NEW YORK,10452,New York,"{""type"": ""Point"", ""coordinates"": [-73.91569, 40.83946]}"
Apple Bank,326 Court St,Brooklyn,11229,Kings,"{""type"": ""Point"", ""coordinates"": [-73.99559, 40.68297]}"
Apple Bank,1289 Boston Post Rd,Larchmont,10538,Westchester,"{""type"": ""Point"", ""coordinates"": [-73.74642, 40.93715]}"
Apple Bank,32 North Main St,New City,10956,Rockland,"{""type"": ""Point"", ""coordinates"": [-73.98875, 41.14834]}"
Apple Bank,1421 Sheepshead Bay Rd,Brooklyn,11235,Kings,"{""type"": ""Point"", ""coordinates"": [-73.95464, 40.58749]}"
Apple Bank,278 Eighth Ave,New York,10011,New York,"{""type"": ""Point"", ""coordinates"": [-73.9981, 40.74581]}"
Apple Bank,277 Central Ave,Hartsdale,10530,Westchester,"{""type"": ""Point"", ""coordinates"": [-73.79303, 41.02659]}"
Apple Bank,2626 Hylan Blvd,Staten Island,10306,Richmond,"{""type"": ""Point"", ""coordinates"": [-74.11222, 40.56792]}"
Apple Bank,122 EAST 42ND STREET,NEW YORK,10168,New York,"{""type"": ""Point"", ""coordinates"": [-73.97633, 40.7516]}"
Apple Bank,169 EAST 125TH STREET,NEW YORK,10035,New York,"{""type"": ""Point"", ""coordinates"": [-73.93629, 40.8039]}"
Apple Bank,3815 BROADWAY,NEW YORK,10032,New York,"{""type"": ""Point"", ""coordinates"": [-73.94419, 40.83514]}"
Apple Bank,592 W207TH ST,NEW YORK,10034,New York,"{""type"": ""Point"", ""coordinates"": [-73.92089, 40.86718]}"
Apple Bank,1555 FIRST AVENUE,NEW YORK,10028,New York,"{""type"": ""Point"", ""coordinates"": [-73.95182, 40.77347]}"
Apple Bank,43-73 Kissena Boulevard,Flushing,11355,Queens,"{""type"": ""Point"", ""coordinates"": [-73.82288, 40.75394]}"
Apple Bank,2100 Broadway,New York,10023,New York,"{""type"": ""Point"", ""coordinates"": [-73.98159, 40.77964]}"
Apple Bank,12 Westchester Square,Bronx,10461,Bronx,"{""type"": ""Point"", ""coordinates"": [-73.84331, 40.84015]}"
Apple Bank,2186 WHITE PLAINS RD,BRONX,10462,Bronx,"{""type"": ""Point"", ""coordinates"": [-73.86765, 40.85604]}"
Apple Bank,44 EAST 161ST STREET,BRONX,10451,Bronx,"{""type"": ""Point"", ""coordinates"": [-73.92597, 40.82764]}"
Apple Bank,1321 Kings Highway,Brooklyn,11229,Kings,"{""type"": ""Point"", ""coordinates"": [-73.95935, 40.60829]}"
Apple Bank,326 COURT STREET,BROOKLYN,11231,Kings,"{""type"": ""Point"", ""coordinates"": [-73.99559, 40.68297]}"
Apple Bank,1075 CENTRAL PARK AVENUE,SCARSDALE,10583,Westchester,"{""type"": ""Point"", ""coordinates"": [-73.82468, 40.98794]}"
Apple Bank,666 Columbus Ave (Rose Hill Shopping Center),Thornwood,10594,Westchester,"{""type"": ""Point"", ""coordinates"": [-73.77163, 41.11434]}"
Apple Bank,943 Carmens Road,Massapequa,11758,Nassau,"{""type"": ""Point"", ""coordinates"": [-73.43178, 40.70278]}"
Apple Bank,776 Manhattan Avenue,Brooklyn,11222,Kings,"{""type"": ""Point"", ""coordinates"": [-73.9528, 40.72731]}"
Apple Bank,6701 18th Avenue,Brooklyn,11204,Kings,"{""type"": ""Point"", ""coordinates"": [-73.99152, 40.61782]}"
Apple Bank,3075 Veterans Highway,Ronkonkoma,11779,Suffolk,"{""type"": ""Point"", ""coordinates"": [-73.13715, 40.78819]}"
Apple Bank,1401 Avenue J,Brooklyn,11230,Kings,"{""type"": ""Point"", ""coordinates"": [-73.96222, 40.62508]}"
Apple Bank,111 FOURTH AVE,NEW YORK,10003,New York,"{""type"": ""Point"", ""coordinates"": [-73.9901, 40.73243]}"
Apple Bank,3552-B Johnson Avenue,Bronx,10463,Bronx,"{""type"": ""Point"", ""coordinates"": [-73.90969, 40.88655]}"
Apple Bank,1168 FIRST AVENUE,NEW YORK,10021,New York,"{""type"": ""Point"", ""coordinates"": [-73.95961, 40.76288]}"
Apple Bank,4519 13th Avenue,Brooklyn,11219,Kings,"{""type"": ""Point"", ""coordinates"": [-73.99021, 40.63685]}"
Apple Bank,1973 86th Street,Brooklyn,11214,Kings,"{""type"": ""Point"", ""coordinates"": [-73.99864, 40.60484]}"
Apple Bank,7415 Fifth Avenue,Brooklyn,11209,Kings,"{""type"": ""Point"", ""coordinates"": [-74.02248, 40.62988]}"
Apple Bank,405 Brighton Beach Avenue,Brooklyn,11235,Kings,"{""type"": ""Point"", ""coordinates"": [-73.96309, 40.57726]}"
Apple Bank,486 NEPTUNE AVENUE,BROOKLYN,11224,Kings,"{""type"": ""Point"", ""coordinates"": [-73.97238, 40.57979]}"
Apple Bank,1575 50th Street,Brooklyn,11219,Kings,"{""type"": ""Point"", ""coordinates"": [-73.98638, 40.63064]}"
Apple Bank,365 South Oyster Bay Road,Plainview,11803,Nassau,"{""type"": ""Point"", ""coordinates"": [-73.50291, 40.78575]}"
Apple Bank,50 Montauk Highway,East Hampton,11937,Suffolk,"{""type"": ""Point"", ""coordinates"": [-72.20804, 40.95484]}"
Apple Bank,138 Main Street,Sag Harbor,11963,Suffolk,"{""type"": ""Point"", ""coordinates"": [-72.29547, 40.9997]}"
Apple Bank,10 Route 25A,East Setauket,11733,Suffolk,"{""type"": ""Point"", ""coordinates"": [-73.10637, 40.94103]}"
Apple Bank,775 Pulaski Road,Greenlawn,11740,Suffolk,"{""type"": ""Point"", ""coordinates"": [-73.35048, 40.86745]}"
Apple Bank,91 Route 111,Smithtown,11787,Suffolk,"{""type"": ""Point"", ""coordinates"": [-73.18612, 40.85274]}"
Apple Bank,151 East Sunrise Highway,North Lindenhurst,11757,Suffolk,"{""type"": ""Point"", ""coordinates"": [-73.37447, 40.70355]}"
Apple Bank,41 Commack Road,Commack,11725,Suffolk,"{""type"": ""Point"", ""coordinates"": [-73.29338, 40.842]}"
Apple Bank,8 LITTLE NECK RD,BABYLON,11702,Suffolk,"{""type"": ""Point"", ""coordinates"": [-73.33446, 40.69331]}"
Apple Bank,318 Albany Avenue,Brooklyn,11213,Kings,"{""type"": ""Point"", ""coordinates"": [-73.93947, 40.6688]}"
Apple Bank,98-08 QUEENS BOULEVARD,FOREST HILLS,11375,Queens,"{""type"": ""Point"", ""coordinates"": [-73.85332, 40.72703]}"
Apple Bank,115 Cedarhurst Avenue,Cedarhurst,11516,Nassau,"{""type"": ""Point"", ""coordinates"": [-73.72403, 40.62223]}"
Apple Bank,44 Lee Avenue,Brooklyn,11211,Kings,"{""type"": ""Point"", ""coordinates"": [-73.96054, 40.70625]}"
Apple Bank,10 Hanover Square,New York,10005,New York,"{""type"": ""Point"", ""coordinates"": [-74.00922, 40.70434]}"
Apple Bank,85 Pondfield Road,Bronxville,10708,Westchester,"{""type"": ""Point"", ""coordinates"": [-73.8329, 40.94023]}"
Apple Bank,604 WEST 181ST STREET,NEW  YORK,10033,New York,"{""type"": ""Point"", ""coordinates"": [-73.93406, 40.84946]}"
Apple Bank,3986 Hempstead Turnpike,Bethpage,11714,Nassau,"{""type"": ""Point"", ""coordinates"": [-73.48902, 40.72493]}"
Apple Bank,200 Birch Hill Road,Locust Valley,11560,Nassau,"{""type"": ""Point"", ""coordinates"": [-73.59588, 40.87937]}"
Apple Bank,333 Glen Cove Avenue,Sea Cliff,11579,Nassau,"{""type"": ""Point"", ""coordinates"": [-73.6351, 40.84126]}"
Apple Bank,74 Hugh J Grant Circle,Bronx,10472,Bronx,"{""type"": ""Point"", ""coordinates"": [-73.86049, 40.83284]}"
Apple Bank,1954 Flatbush Avenue,Brooklyn,11234,Kings,"{""type"": ""Point"", ""coordinates"": [-73.93647, 40.62225]}"
Apple Bank,1693 Hempstead Turnpike,Elmont,11003,Nassau,"{""type"": ""Point"", ""coordinates"": [-73.70341, 40.70722]}"
Apple Bank,91-31 Queens Boulevard,Elmhurst,11373,Queens,"{""type"": ""Point"", ""coordinates"": [-73.86953, 40.73344]}"
Apple Bank,465 Grand Street,New York,10002,New York,"{""type"": ""Point"", ""coordinates"": [-73.98361, 40.71501]}"
Apple Bank,10 Downing Street,New York,10014,New York,"{""type"": ""Point"", ""coordinates"": [-74.00299, 40.72954]}"
Apple Bank,280 East Park Avenue,Long Beach,11561,Nassau,"{""type"": ""Point"", ""coordinates"": [-73.65568, 40.58845]}"
Apple Bank,"167 Walt Whitman Road, Route 110",Huntington Station,11746,Suffolk,"{""type"": ""Point"", ""coordinates"": [-73.4131, 40.82377]}"
Apple Bank,1395 Northern Boulevard,Manhasset,11030,Nassau,"{""type"": ""Point"", ""coordinates"": [-73.69541, 40.79339]}"
Apple Bank,418 Myrtle Avenue,Brooklyn,11205,Kings,"{""type"": ""Point"", ""coordinates"": [-73.96912, 40.69311]}"
Apple Bank,1000 Merchants Councourse,Westbury,11590,Nassau,"{""type"": ""Point"", ""coordinates"": [-73.59231, 40.74662]}"
Apple Bank,1753 East Main Street,Mohegan Lake,10547,Westchester,"{""type"": ""Point"", ""coordinates"": [-73.85209, 41.32361]}"
Apple Bank,170-29 HILLSIDE AVENUE,JAMAICA,11432,Queens,"{""type"": ""Point"", ""coordinates"": [-73.79085, 40.71173]}"
Apple Bank,120 East Fordham Road,Bronx,10458,Bronx,"{""type"": ""Point"", ""coordinates"": [-73.89838, 40.8623]}"
Apple Bank,78-01 37TH AVENUE,JACKSON HEIGHTS,11372,Queens,"{""type"": ""Point"", ""coordinates"": [-73.88773, 40.74939]}"
Apple Bank,345 SEVENTH AVENUE,NEW YORK,10012,New York,"{""type"": ""Point"", ""coordinates"": [-73.99266, 40.74817]}"
Apple Bank,370 EAST 149TH STREET,BRONX,10455,Bronx,"{""type"": ""Point"", ""coordinates"": [-73.91867, 40.81633]}"
Arrow Bank National Association,1080 ROUTE 9,SCHROON LAKE,12870,Warren,"{""type"": ""Point"", ""coordinates"": [-73.7619, 43.83621]}"
Arrow Bank National Association,73 Broad Street,Schuylerville,12871,Warren,"{""type"": ""Point"", ""coordinates"": [-73.58188, 43.09855]}"
Arrow Bank National Association,3853 Main Street,Warrensburg,12885,Warren,"{""type"": ""Point"", ""coordinates"": [-73.77462, 43.49608]}"
Arrow Bank National Association,110 George Street,Fort Ann,12827,Washington,"{""type"": ""Point"", ""coordinates"": [-73.48708, 43.41693]}"
Arrow Bank National Association,4307 Main Street,Port Henry,12974,Essex,"{""type"": ""Point"", ""coordinates"": [-73.45958, 44.04755]}"
Arrow Bank National Association,343 Broadway,Fort Edward,12828,Washington,"{""type"": ""Point"", ""coordinates"": [-73.58651, 43.2829]}"
Arrow Bank National Association,4697 Commercial Drive,New Hartford,13413,Oneida,"{""type"": ""Point"", ""coordinates"": [-75.31154, 43.08968]}"
Arrow Bank National Association,386 Clifton Park Center Road,Clifton Park,12065,Saratoga,"{""type"": ""Point"", ""coordinates"": [-73.77604, 42.86011]}"
Arrow Bank National Association,221 Corinth Road,Queensbury,12804,Warren,"{""type"": ""Point"", ""coordinates"": [-73.6831, 43.29654]}"
Arrow Bank National Association,147 Saratoga Avenue,South Glens Falls,12803,Saratoga,"{""type"": ""Point"", ""coordinates"": [-73.63989, 43.28665]}"
Arrow Bank National Association,808 Main Street,Sylvan Beach,13157,Oneida,"{""type"": ""Point"", ""coordinates"": [-75.72882, 43.19907]}"
Arrow Bank National Association,501 New Karner Road,Albany,12205,Albany,"{""type"": ""Point"", ""coordinates"": [-73.83808, 42.74318]}"
Arrow Bank National Association,123 Montcalm Street,Ticonderoga,12883,Essex,"{""type"": ""Point"", ""coordinates"": [-73.4233, 43.84876]}"
Arrow Bank National Association,251 State St,Schenectady,12305,Schenectady,"{""type"": ""Point"", ""coordinates"": [-73.94468, 42.81449]}"
Arrow Bank National Association,120 Hoosick Street,Troy,12180,Rensselaer,"{""type"": ""Point"", ""coordinates"": [-73.67766, 42.73844]}"
Arrow Bank National Association,1963 Altamont Avenue,Rotterdam,12303,Schenectady,"{""type"": ""Point"", ""coordinates"": [-73.95587, 42.7803]}"
Arrow Bank National Association,545 Troy-Schenectady Road,Latham,12110,Albany,"{""type"": ""Point"", ""coordinates"": [-73.76406, 42.75062]}"
Arrow Bank National Association,14 Durkee Street,Plattsburgh,12901,Clinton,"{""type"": ""Point"", ""coordinates"": [-73.45227, 44.69567]}"
Arrow Bank National Association,3025 Route 50,Saratoga Springs,12866,Saratoga,"{""type"": ""Point"", ""coordinates"": [-73.74597, 43.10024]}"
Arrow Bank National Association,2426 Main St,Lake Placid,12946,Essex,"{""type"": ""Point"", ""coordinates"": [-73.98497, 44.2913]}"
Arrow Bank National Association,108 Codling Street,Old Forge,13420,Herkimer,"{""type"": ""Point"", ""coordinates"": [-74.97061, 43.71195]}"
Arrow Bank National Association,2817 Genesee Street,Utica,13501,Oneida,"{""type"": ""Point"", ""coordinates"": [-75.28472, 43.07486]}"
Arrow Bank National Association,67 Main Street,Saranac Lake,12983,Franklin,"{""type"": ""Point"", ""coordinates"": [-74.13165, 44.32633]}"
Arrow Bank National Association,139 Church Street Extension,Saranac Lake,12983,Franklin,"{""type"": ""Point"", ""coordinates"": [-74.13031, 44.32844]}"
Arrow Bank National Association,38 Hadjis Way,Lake Placid,12946,Essex,"{""type"": ""Point"", ""coordinates"": [-73.9989, 44.29677]}"
Arrow Bank National Association,448 Route 3,Plattsburgh,12901,Clinton,"{""type"": ""Point"", ""coordinates"": [-73.49158, 44.69691]}"
Arrow Bank National Association,171 South Broadway,Saratoga Springs,12866,Saratoga,"{""type"": ""Point"", ""coordinates"": [-73.78872, 43.07214]}"
Arrow Bank National Association,3 Carpenter Lane,Wilton,12831,Saratoga,"{""type"": ""Point"", ""coordinates"": [-73.77157, 43.10595]}"
Arrow Bank National Association,136 Oriskany Boulevard,Whitesboro,13492,Oneida,"{""type"": ""Point"", ""coordinates"": [-75.29353, 43.12031]}"
Arrow Bank National Association,212 Main Street,Salem,12865,Washington,"{""type"": ""Point"", ""coordinates"": [-73.32739, 43.17349]}"
Arrow Bank National Association,13150 State Route 12,Boonville,13309,Oneida,"{""type"": ""Point"", ""coordinates"": [-75.31594, 43.47601]}"
Arrow Bank National Association,Utica College,Utica,13501,Oneida,
Arrow Bank National Association,29 West Main Street,Mohawk,13407,Herkimer,"{""type"": ""Point"", ""coordinates"": [-75.00581, 43.01113]}"
Arrow Bank National Association,214 North Washington Street,Herkimer,13350,Herkimer,"{""type"": ""Point"", ""coordinates"": [-74.98616, 43.02785]}"
Arrow Bank National Association,1709 Black River Boulevard,Rome,13440,Oneida,"{""type"": ""Point"", ""coordinates"": [-75.43945, 43.23142]}"
Arrow Bank National Association,699 EAST MAIN STREET,LITTLE FALLS,13365,Herkimer,"{""type"": ""Point"", ""coordinates"": [-74.85432, 43.04473]}"
Arrow Bank National Association,296 West Main Street,Ilion,13357,Herkimer,"{""type"": ""Point"", ""coordinates"": [-75.0464, 43.01998]}"
Arrow Bank National Association,93 Main Street,Argyle,12809,Washington,"{""type"": ""Point"", ""coordinates"": [-73.49131, 43.23784]}"
Arrow Bank National Association,238 Main Street,Corinth,12822,Saratoga,"{""type"": ""Point"", ""coordinates"": [-73.83316, 43.24588]}"
Arrow Bank National Association,91 West Avenue,Saratoga Springs,12866,Saratoga,"{""type"": ""Point"", ""coordinates"": [-73.80425, 43.07885]}"
Arrow Bank National Association,9576 Main Street,Holland Patent,13354,Oneida,"{""type"": ""Point"", ""coordinates"": [-75.25431, 43.24315]}"
Arrow Bank National Association,185 Genesee Street,Utica,13501,Oneida,"{""type"": ""Point"", ""coordinates"": [-75.23087, 43.10164]}"
Arrow Bank National Association,5023 US Avenue,Plattsburgh,12903,Clinton,"{""type"": ""Point"", ""coordinates"": [-73.44736, 44.68082]}"
Arrow Bank National Association,1153 STATE ROUTE 29,GREENWICH,12834,Washington,"{""type"": ""Point"", ""coordinates"": [-73.51569, 43.10237]}"
Arrow Bank National Association,250 GLEN STREET,GLENS FALLS,12801,Warren,"{""type"": ""Point"", ""coordinates"": [-73.64601, 43.31068]}"
Arrow Bank National Association,402 Bay Road,Queensbury,12804,Warren,"{""type"": ""Point"", ""coordinates"": [-73.6533, 43.33708]}"
Arrow Bank National Association,4 Broad Street Plaza,Glens Falls,12801,Warren,"{""type"": ""Point"", ""coordinates"": [-73.6559, 43.30586]}"
Arrow Bank National Association,25 WEST MAIN STREET,CAMBRIDGE,12816,Washington,"{""type"": ""Point"", ""coordinates"": [-73.38449, 43.02815]}"
Arrow Bank National Association,6353 Route 9,Chestertown,12817,Warren,"{""type"": ""Point"", ""coordinates"": [-73.80077, 43.65263]}"
Arrow Bank National Association,20 SMITHFIELD BOULEVARD,PLATTSBURGH,12901,Clinton,"{""type"": ""Point"", ""coordinates"": [-73.49337, 44.69794]}"
Arrow Bank National Association,8646 State Route 22,Granville,12832,Washington,"{""type"": ""Point"", ""coordinates"": [-73.26355, 43.39497]}"
Arrow Bank National Association,3019 Route 4,Hudson Falls,12839,Washington,"{""type"": ""Point"", ""coordinates"": [-73.57515, 43.31682]}"
Arrow Bank National Association,2252 State Route 9,Lake George,12845,Warren,"{""type"": ""Point"", ""coordinates"": [-73.71299, 43.41673]}"
Arrow Bank National Association,15 Main Street,Lake Luzerne,12846,Warren,"{""type"": ""Point"", ""coordinates"": [-73.84127, 43.31776]}"
Arrow Bank National Association,696 Upper Glen Street,Queensbury,12804,Warren,"{""type"": ""Point"", ""coordinates"": [-73.6659, 43.32706]}"
Arrow Bank National Association,1127 WICKER STREET / ROUTE 9N,TICONDEROGA,12883,Essex,"{""type"": ""Point"", ""coordinates"": [-73.43819, 43.85667]}"
BCB Community Bank,354 NEW DORP LANE,STATEN ISLAND,10306,Richmond,"{""type"": ""Point"", ""coordinates"": [-74.1108, 40.57103]}"
BCB Community Bank,70 Broadway,Hicksville,11801,Nassau,"{""type"": ""Point"", ""coordinates"": [-73.52421, 40.76718]}"
BCB Community Bank,240 Page Avenue,Staten Island,10307,Richmond,"{""type"": ""Point"", ""coordinates"": [-74.23563, 40.51771]}"
BCB Community Bank,1500 forest avenue,staten island,10302,Richmond,"{""type"": ""Point"", ""coordinates"": [-74.13856, 40.62428]}"
Ballston Spa National Bank,1202 TROY SCHENECTADY ROAD,LATHAM,12110,Albany,"{""type"": ""Point"", ""coordinates"": [-73.82313, 42.77093]}"
Ballston Spa National Bank,13 MAPLE ROAD,VOORHEESVILLE,12186,Albany,"{""type"": ""Point"", ""coordinates"": [-73.92279, 42.6494]}"
Ballston Spa National Bank,1973 Western Ave,Albany,12203,Albany,"{""type"": ""Point"", ""coordinates"": [-73.87921, 42.69549]}"
Ballston Spa National Bank,1714 ROUTE 9,CLIFTON PARK,12065,Saratoga,"{""type"": ""Point"", ""coordinates"": [-73.77041, 42.86484]}"
Ballston Spa National Bank,87 Front Street,Ballston Spa,12020,Saratoga,"{""type"": ""Point"", ""coordinates"": [-73.85191, 43.00239]}"
Ballston Spa National Bank,770 Saratoga Road,Burnt Hills,12027,Saratoga,"{""type"": ""Point"", ""coordinates"": [-73.90256, 42.90453]}"
Ballston Spa National Bank,5091 Sacandaga Road,Galway,12074,Saratoga,"{""type"": ""Point"", ""coordinates"": [-74.0312, 43.0125]}"
Ballston Spa National Bank,3060 Route 9N,Greenfield Center,12833,Saratoga,"{""type"": ""Point"", ""coordinates"": [-73.84639, 43.12589]}"
Ballston Spa National Bank,428 Hudson Avenue,Mechanicville,12118,Saratoga,"{""type"": ""Point"", ""coordinates"": [-73.66747, 42.92978]}"
Ballston Spa National Bank,344 Rowland Street,Ballston Spa,12020,Saratoga,"{""type"": ""Point"", ""coordinates"": [-73.84977, 43.04356]}"
Ballston Spa National Bank,625 Maple Avenue,Saratoga Springs,12866,Saratoga,"{""type"": ""Point"", ""coordinates"": [-73.76959, 43.12022]}"
Ballston Spa National Bank,1 North Washington Street,Athens,12015,Greene,"{""type"": ""Point"", ""coordinates"": [-73.80877, 42.26025]}"
Ballston Spa National Bank,ROUTES 9W AND 385 AND 81,WEST COXSACKIE,12192,Greene,"{""type"": ""Point"", ""coordinates"": [-73.81058, 42.37869]}"
Ballston Spa National Bank,124 Dunning Street,Ballston Spa,12020,Saratoga,"{""type"": ""Point"", ""coordinates"": [-73.7914, 42.97179]}"
Ballston Spa National Bank,ROUTE 32 & 81,GREENVILLE,12083,Greene,
Ballston Spa National Bank,FAITH PLAZA ROUTE 9W,RAVENA,12143,Albany,"{""type"": ""Point"", ""coordinates"": [-73.81635, 42.46717]}"
Ballston Spa National Bank,331 Route 9W,Glenmont,12077,Albany,"{""type"": ""Point"", ""coordinates"": [-73.79109, 42.60711]}"
Ballston Spa National Bank,76 MAIN STREET,CAIRO,12413,Greene,"{""type"": ""Point"", ""coordinates"": [-73.98218, 42.28995]}"
Ballston Spa National Bank,4507 State Route 30,Middleburgh,12122,Schoharie,"{""type"": ""Point"", ""coordinates"": [-74.33766, 42.61314]}"
Ballston Spa National Bank,990 Route 67,Ballston Spa,12020,Saratoga,"{""type"": ""Point"", ""coordinates"": [-73.85121, 42.98728]}"
Banco Popular North America,1046 Southern Boulevard,Bronx,10459,Bronx,"{""type"": ""Point"", ""coordinates"": [-73.89188, 40.82414]}"
Banco Popular North America,164 East 116th Street,New York,10029,New York,"{""type"": ""Point"", ""coordinates"": [-73.94098, 40.79835]}"
Banco Popular North America,285 Madison Avenue,New York,10014,New York,"{""type"": ""Point"", ""coordinates"": [-73.9801, 40.75169]}"
Banco Popular North America,180 Dyckman Street,New York,10040,New York,"{""type"": ""Point"", ""coordinates"": [-73.92653, 40.86436]}"
Banco Popular North America,2812 Broadway,New York,10025,New York,"{""type"": ""Point"", ""coordinates"": [-73.96719, 40.80333]}"
Banco Popular North America,956 Flatbush Avenue,Brooklyn,11226,Kings,"{""type"": ""Point"", ""coordinates"": [-73.95818, 40.64809]}"
Banco Popular North America,1230 Fulton Street,Brooklyn,11216,Kings,"{""type"": ""Point"", ""coordinates"": [-73.95128, 40.68049]}"
Banco Popular North America,1200 St. Nicholas Avenue,New York,10032,New York,"{""type"": ""Point"", ""coordinates"": [-73.93872, 40.84245]}"
Banco Popular North America,66 Court Street,Brooklyn,11201,Kings,"{""type"": ""Point"", ""coordinates"": [-73.99136, 40.6918]}"
Banco Popular North America,35-30 Junction Boulevard,Corona,11368,Queens,"{""type"": ""Point"", ""coordinates"": [-73.87129, 40.75244]}"
Banco Popular North America,441 Second Avenue,New York,10010,New York,"{""type"": ""Point"", ""coordinates"": [-73.97985, 40.73936]}"
Banco Popular North America,28-36 Steinway Street,Long Island City,11103,Queens,"{""type"": ""Point"", ""coordinates"": [-73.91448, 40.76453]}"
Banco Popular North America,875 Third Avenue,New York,10022,New York,"{""type"": ""Point"", ""coordinates"": [-73.96961, 40.75739]}"
Banco Popular North America,310 Houston Street,New York,10002,New York,"{""type"": ""Point"", ""coordinates"": [-73.98347, 40.72144]}"
Banco Popular North America,375 Park Avenue South,New York,10010,New York,"{""type"": ""Point"", ""coordinates"": [-73.98465, 40.74244]}"
Banco Popular North America,15 Graham Avenue,Brooklyn,11205,Kings,"{""type"": ""Point"", ""coordinates"": [-73.94228, 40.7018]}"
Banco Popular North America,1620 Pitkin Avenue,Brooklyn,11212,Kings,"{""type"": ""Point"", ""coordinates"": [-73.91378, 40.66924]}"
Banco Popular North America,615 West 181 Street,New York,10033,New York,"{""type"": ""Point"", ""coordinates"": [-73.93458, 40.84967]}"
Banco Popular North America,83-22 Baxter Avenue,Elmhurst,11373,Queens,"{""type"": ""Point"", ""coordinates"": [-73.88265, 40.74758]}"
Banco Popular North America,166 Livingston Street,Brooklyn,11201,Kings,"{""type"": ""Point"", ""coordinates"": [-73.9873, 40.69027]}"
Banco Popular North America,90 West 96th Street,New York,10025,New York,"{""type"": ""Point"", ""coordinates"": [-73.96687, 40.79257]}"
Banco Popular North America,752 East Tremont Avenue,Bronx,10457,Bronx,"{""type"": ""Point"", ""coordinates"": [-73.88922, 40.84447]}"
Banco Popular North America,3540 Broadway,New York,10031,New York,"{""type"": ""Point"", ""coordinates"": [-73.95047, 40.82626]}"
Banco Popular North America,134 Delancy Street,New York,10002,New York,"{""type"": ""Point"", ""coordinates"": [-73.98718, 40.71832]}"
Banco Popular North America,1619 Sheepshead Bay Road,Brooklyn,11235,Kings,"{""type"": ""Point"", ""coordinates"": [-73.95269, 40.58698]}"
Banco Popular North America,231 West 125th Street,New York,10027,New York,"{""type"": ""Point"", ""coordinates"": [-73.9495, 40.80947]}"
Banco Popular North America,2095 Ralph Avenue,Brooklyn,11234,Kings,"{""type"": ""Point"", ""coordinates"": [-73.91752, 40.62463]}"
Banco Popular North America,918 Seneca Avenue,Ridgewood,11385,Queens,"{""type"": ""Point"", ""coordinates"": [-73.90338, 40.70025]}"
Banco Popular North America,2923 Third Avenue,Bronx,10455,Bronx,"{""type"": ""Point"", ""coordinates"": [-73.91574, 40.81742]}"
Banco Popular North America,301 Fordham Road,Bronx,10458,Bronx,"{""type"": ""Point"", ""coordinates"": [-73.89461, 40.86217]}"
Banco Popular North America,52-16th Fifth Avenue,Brooklyn,11220,Kings,"{""type"": ""Point"", ""coordinates"": [-73.97709, 40.68139]}"
Banco Popular North America,3851 Nostrand Avenue,Brooklyn,11235,Kings,"{""type"": ""Point"", ""coordinates"": [-73.9396, 40.59007]}"
Banco Popular North America,1170 Castle Hill Avenue,Bronx,10462,Bronx,"{""type"": ""Point"", ""coordinates"": [-73.85096, 40.83156]}"
Banco Popular North America,11 West 51st Street,New York,10019,New York,"{""type"": ""Point"", ""coordinates"": [-73.97778, 40.75958]}"
Bank On Buffalo,683 Northland Ave,Buffalo,14211,Erie,"{""type"": ""Point"", ""coordinates"": [-78.83526, 42.91801]}"
Bank On Buffalo,7121 Niagara Falls Blvd,Niagara Falls,14304,Niagara,"{""type"": ""Point"", ""coordinates"": [-78.98223, 43.08775]}"
Bank On Buffalo,46 Main Street,Akron,14001,Erie,"{""type"": ""Point"", ""coordinates"": [-78.50127, 43.02087]}"
Bank On Buffalo,3619 Walden Avenue,Lancaster,14086,Erie,"{""type"": ""Point"", ""coordinates"": [-78.67176, 42.9156]}"
Bank On Buffalo,9865 Main Street,Clarence,14031,Erie,"{""type"": ""Point"", ""coordinates"": [-78.62131, 42.97535]}"
Bank On Buffalo,77 Buell Street,Akron,14001,Erie,"{""type"": ""Point"", ""coordinates"": [-78.50299, 43.0133]}"
Bank On Buffalo,4781 TRANSIT ROAD,DEPEW,14043,Erie,"{""type"": ""Point"", ""coordinates"": [-78.69635, 42.86987]}"
Bank On Buffalo,5190 Sheridan Drive,Williamsville,14221,Erie,"{""type"": ""Point"", ""coordinates"": [-78.7408, 42.9788]}"
Bank On Buffalo,535 Washington St,Buffalo,14203,Erie,"{""type"": ""Point"", ""coordinates"": [-78.87165, 42.88878]}"
Bank On Buffalo,638 LAKE STREET,WILSON,14172,Erie,"{""type"": ""Point"", ""coordinates"": [-78.826, 43.29814]}"
Bank On Buffalo,827 Hopkins Rd,Amherst,14221,Erie,"{""type"": ""Point"", ""coordinates"": [-78.73863, 43.00133]}"
Bank On Buffalo,3049 Orchard Park Rd,Orchard Park,14127,Erie,"{""type"": ""Point"", ""coordinates"": [-78.75227, 42.80152]}"
Bank On Buffalo,235 High Street Extension,Victor,14564,Ontario,"{""type"": ""Point"", ""coordinates"": [-77.43731, 43.027]}"
Bank On Buffalo,9470 Clarence Center Road,Clarence Center,14032,Erie,"{""type"": ""Point"", ""coordinates"": [-78.63681, 43.01039]}"
Bank of America N.A. GA1-006-15-40,438 86th Street,Brooklyn,11209,Kings,"{""type"": ""Point"", ""coordinates"": [-74.02733, 40.62216]}"
Bank of America N.A. GA1-006-15-40,206 Main Street,White Plains,10601,Westchester,"{""type"": ""Point"", ""coordinates"": [-73.76586, 41.03292]}"
Bank of America N.A. GA1-006-15-40,2820 Hylan Boulevard,Staten Island,10306,Richmond,"{""type"": ""Point"", ""coordinates"": [-74.11617, 40.56401]}"
Bank of America N.A. GA1-006-15-40,120 Flatbush Avenue,Brooklyn,11217,Kings,"{""type"": ""Point"", ""coordinates"": [-73.97819, 40.68506]}"
Bank of America N.A. GA1-006-15-40,277 Canal Street,New York,10013,New York,"{""type"": ""Point"", ""coordinates"": [-74.00163, 40.71922]}"
Bank of America N.A. GA1-006-15-40,353 Lexington Avenue,New York,10016,New York,"{""type"": ""Point"", ""coordinates"": [-73.97712, 40.74997]}"
Bank of America N.A. GA1-006-15-40,2535 Richmond Avenue,Staten Island,10314,Richmond,"{""type"": ""Point"", ""coordinates"": [-74.16689, 40.58607]}"
Bank of America N.A. GA1-006-15-40,45-26 Greenpoint Avenue,Sunnyside,11104,Queens,"{""type"": ""Point"", ""coordinates"": [-73.91919, 40.74209]}"
Bank of America N.A. GA1-006-15-40,274 7th Avenue,Brooklyn,11215,Kings,"{""type"": ""Point"", ""coordinates"": [-73.98022, 40.66852]}"
Bank of America N.A. GA1-006-15-40,386 Knickerbocker Avenue,Brooklyn,11237,Kings,"{""type"": ""Point"", ""coordinates"": [-73.92065, 40.70013]}"
Bank of America N.A. GA1-006-15-40,5345 West Genessee Street,Camillius,13031,Onondaga,"{""type"": ""Point"", ""coordinates"": [-76.27393, 43.03926]}"
Bank of America N.A. GA1-006-15-40,90-53 Sutphin Boulevard,Jamaica,11435,Queens,"{""type"": ""Point"", ""coordinates"": [-73.80791, 40.70156]}"
Bank of America N.A. GA1-006-15-40,8225 Jericho Turnpike,Woodbury,11797,Nassau,"{""type"": ""Point"", ""coordinates"": [-73.46803, 40.81645]}"
Bank of America N.A. GA1-006-15-40,100 Christie Place,Scarsdale,10583,Westchester,"{""type"": ""Point"", ""coordinates"": [-73.80755, 40.99043]}"
Bank of America N.A. GA1-006-15-40,4701 13th Avenue,Brooklyn,11219,Kings,"{""type"": ""Point"", ""coordinates"": [-73.99103, 40.63607]}"
Bank of America N.A. GA1-006-15-40,260 Greenwich Street,New York,10007,New York,"{""type"": ""Point"", ""coordinates"": [-74.01132, 40.71496]}"
Bank of America N.A. GA1-006-15-40,2196 Forest Avenue,Staten Island,10303,Richmond,"{""type"": ""Point"", ""coordinates"": [-74.16291, 40.62632]}"
Bank of America N.A. GA1-006-15-40,1160 West Boston Post Road,Mamaroneck,10543,Westchester,"{""type"": ""Point"", ""coordinates"": [-73.7442, 40.93983]}"
Bank of America N.A. GA1-006-15-40,301 West 145th Street,New York,10039,New York,"{""type"": ""Point"", ""coordinates"": [-73.94275, 40.82319]}"
Bank of America N.A. GA1-006-15-40,572 Gramatan Avenue,Mount Vernon,10552,Westchester,"{""type"": ""Point"", ""coordinates"": [-73.83564, 40.92617]}"
Bank of America N.A. GA1-006-15-40,515 Ocean Avenue,Brooklyn,11226,Kings,"{""type"": ""Point"", ""coordinates"": [-73.96104, 40.65025]}"
Bank of America N.A. GA1-006-15-40,1428 Altamont Avenue,Schenectady,12303,Schenectady,"{""type"": ""Point"", ""coordinates"": [-73.94458, 42.78417]}"
Bank of America N.A. GA1-006-15-40,3881 Richmond Avenue,Staten Island,10312,Richmond,"{""type"": ""Point"", ""coordinates"": [-74.16396, 40.54377]}"
Bank of America N.A. GA1-006-15-40,642 Gateway Drive,Brooklyn,11239,Kings,"{""type"": ""Point"", ""coordinates"": [-73.8682, 40.65585]}"
Bank of America N.A. GA1-006-15-40,915 West Beech Street,Long Beach,11561,Nassau,"{""type"": ""Point"", ""coordinates"": [-73.69228, 40.58601]}"
Bank of America N.A. GA1-006-15-40,2260 Broadway,New York,10024,New York,"{""type"": ""Point"", ""coordinates"": [-73.97875, 40.78534]}"
Bank of America N.A. GA1-006-15-40,2077 Broadway,New York,10023,New York,"{""type"": ""Point"", ""coordinates"": [-73.98205, 40.77866]}"
Bank of America N.A. GA1-006-15-40,1275 Lexington Avenue,New York,10028,New York,"{""type"": ""Point"", ""coordinates"": [-73.95583, 40.77915]}"
Bank of America N.A. GA1-006-15-40,2895 Richmond Avenue,Staten Island,10314,Richmond,"{""type"": ""Point"", ""coordinates"": [-74.16951, 40.57418]}"
Bank of America N.A. GA1-006-15-40,6601 18th Avenue,Brooklyn,11204,Kings,"{""type"": ""Point"", ""coordinates"": [-73.99087, 40.61844]}"
Bank of America N.A. GA1-006-15-40,95 Wall Street,New York,10005,New York,"{""type"": ""Point"", ""coordinates"": [-74.00728, 40.70509]}"
Bank of America N.A. GA1-006-15-40,835 Eighth Avenue,New York,10019,New York,"{""type"": ""Point"", ""coordinates"": [-73.9857, 40.76279]}"
Bank of America N.A. GA1-006-15-40,560 Second Avenue,New York,10016,New York,"{""type"": ""Point"", ""coordinates"": [-73.97694, 40.74299]}"
Bank of America N.A. GA1-006-15-40,550 Fifth Avenue,New York,10036,New York,"{""type"": ""Point"", ""coordinates"": [-73.97932, 40.75564]}"
Bank of America N.A. GA1-006-15-40,210 Dyckman Street,New York,10040,New York,"{""type"": ""Point"", ""coordinates"": [-73.92706, 40.86524]}"
Bank of America N.A. GA1-006-15-40,4201 Main Street,Flushing,11355,Queens,"{""type"": ""Point"", ""coordinates"": [-73.82826, 40.75526]}"
Bank of America N.A. GA1-006-15-40,89-01 Queens Boulevard,Elmhurst,11373,Queens,"{""type"": ""Point"", ""coordinates"": [-73.87414, 40.73478]}"
Bank of America N.A. GA1-006-15-40,890 Old Country Road,Westbury,11530,Nassau,"{""type"": ""Point"", ""coordinates"": [-73.5645, 40.75317]}"
Bank of America N.A. GA1-006-15-40,96 7th Street,Garden City,11530,Nassau,"{""type"": ""Point"", ""coordinates"": [-73.63683, 40.72455]}"
Bank of America N.A. GA1-006-15-40,405 Windsor Highway,Vails Gate,12584,Orange,"{""type"": ""Point"", ""coordinates"": [-74.05606, 41.45601]}"
Bank of America N.A. GA1-006-15-40,88 Bowery Street,New York,10013,New York,"{""type"": ""Point"", ""coordinates"": [-73.99551, 40.71714]}"
Bank of America N.A. GA1-006-15-40,851 Kimball Avenue,Yonkers,10704,Westchester,"{""type"": ""Point"", ""coordinates"": [-73.85026, 40.92867]}"
Bank of America N.A. GA1-006-15-40,358 Fifth Avenue,New York,10001,New York,"{""type"": ""Point"", ""coordinates"": [-73.98438, 40.74868]}"
Bank of America N.A. GA1-006-15-40,193 West 237th Street,Bronx,10463,Bronx,"{""type"": ""Point"", ""coordinates"": [-73.90015, 40.88426]}"
Bank of America N.A. GA1-006-15-40,2756 Long Beach Road,Oceanside,11572,Nassau,"{""type"": ""Point"", ""coordinates"": [-73.63944, 40.64474]}"
Bank of America N.A. GA1-006-15-40,33 New Scotland Avenue,Albany,12208,Albany,"{""type"": ""Point"", ""coordinates"": [-73.77314, 42.65395]}"
Bank of America N.A. GA1-006-15-40,350 Fulton Street,Brooklyn,11201,Queens,"{""type"": ""Point"", ""coordinates"": [-73.98834, 40.69183]}"
Bank of America N.A. GA1-006-15-40,45 Market Street,Poughkeepsie,12601,Dutchess,"{""type"": ""Point"", ""coordinates"": [-73.92941, 41.70271]}"
Bank of America N.A. GA1-006-15-40,93 West Campbell Road,Schenectady,12305,Schenectady,"{""type"": ""Point"", ""coordinates"": [-73.98999, 42.80888]}"
Bank of America N.A. GA1-006-15-40,287 Main Street,Schoharie,12157,Schoharie,"{""type"": ""Point"", ""coordinates"": [-74.3123, 42.66409]}"
Bank of America N.A. GA1-006-15-40,"67 Middlebush Road, Route 9",Wappingers Falls,12590,Dutchess,"{""type"": ""Point"", ""coordinates"": [-73.90965, 41.58831]}"
Bank of America N.A. GA1-006-15-40,770 Broadway,New York,10003,New York,"{""type"": ""Point"", ""coordinates"": [-73.99194, 40.73111]}"
Bank of America N.A. GA1-006-15-40,3424 Jerome Avenue,Bronx,10467,Bronx,"{""type"": ""Point"", ""coordinates"": [-73.88291, 40.88127]}"
Bank of America N.A. GA1-006-15-40,449 Myrtle Avenue,Brooklyn,11205,Kings,"{""type"": ""Point"", ""coordinates"": [-73.96747, 40.69326]}"
Bank of America N.A. GA1-006-15-40,2022 Avenue U,Brooklyn,11229,Kings,"{""type"": ""Point"", ""coordinates"": [-73.95057, 40.59947]}"
Bank of America N.A. GA1-006-15-40,826 Manhattan Avenue,Brooklyn,11222,Kings,"{""type"": ""Point"", ""coordinates"": [-73.95349, 40.72852]}"
Bank of America N.A. GA1-006-15-40,1580 Flatbush Avenue,Brooklyn,11210,Kings,"{""type"": ""Point"", ""coordinates"": [-73.947, 40.63219]}"
Bank of America N.A. GA1-006-15-40,266 Broadway,Brooklyn,11211,Kings,"{""type"": ""Point"", ""coordinates"": [-73.95907, 40.70885]}"
Bank of America N.A. GA1-006-15-40,1502 Kings Highway,Brooklyn,11229,Kings,"{""type"": ""Point"", ""coordinates"": [-73.9582, 40.60879]}"
Bank of America N.A. GA1-006-15-40,164 Military Road,Buffalo,14207,Erie,"{""type"": ""Point"", ""coordinates"": [-78.892, 42.94115]}"
Bank of America N.A. GA1-006-15-40,10726 Continental Avenue,Forest Hills,11375,Queens,"{""type"": ""Point"", ""coordinates"": [-73.84434, 40.72088]}"
Bank of America N.A. GA1-006-15-40,3912 Main Street,Flushing,11354,Queens,"{""type"": ""Point"", ""coordinates"": [-73.83026, 40.75983]}"
Bank of America N.A. GA1-006-15-40,2574 Broadway,New York,10025,New York,"{""type"": ""Point"", ""coordinates"": [-73.97137, 40.79511]}"
Bank of America N.A. GA1-006-15-40,168 Church Street,New York,10007,New York,"{""type"": ""Point"", ""coordinates"": [-74.00767, 40.71528]}"
Bank of America N.A. GA1-006-15-40,399 Third Avenue,New York,10016,New York,"{""type"": ""Point"", ""coordinates"": [-73.98068, 40.74219]}"
Bank of America N.A. GA1-006-15-40,882 First Avenue,New York,10022,New York,"{""type"": ""Point"", ""coordinates"": [-73.96627, 40.75371]}"
Bank of America N.A. GA1-006-15-40,40 West Main Street,Shortsville,14548,Ontario,"{""type"": ""Point"", ""coordinates"": [-77.22269, 42.95558]}"
Bank of America N.A. GA1-006-15-40,4061 Broadway,New York,10032,New York,"{""type"": ""Point"", ""coordinates"": [-73.93913, 40.8435]}"
Bank of America N.A. GA1-006-15-40,315 Lafayette Street,New York,10012,New York,"{""type"": ""Point"", ""coordinates"": [-73.99518, 40.72529]}"
Bank of America N.A. GA1-006-15-40,767 Cayuga Street,Lewiston,14092,Niagara,"{""type"": ""Point"", ""coordinates"": [-79.03738, 43.17033]}"
Bank of America N.A. GA1-006-15-40,1017 Montauk Highway,Shirley,11967,Suffolk,"{""type"": ""Point"", ""coordinates"": [-72.8594, 40.80326]}"
Bank of America N.A. GA1-006-15-40,1989 South Park Avenue,Buffalo,14220,Erie,"{""type"": ""Point"", ""coordinates"": [-78.82374, 42.84471]}"
Bank of America N.A. GA1-006-15-40,425 Lexington Avenue,New York,10174,New York,"{""type"": ""Point"", ""coordinates"": [-73.97532, 40.75244]}"
Bank of America N.A. GA1-006-15-40,1775 Broadway,New York,10019,New York,"{""type"": ""Point"", ""coordinates"": [-73.98174, 40.76696]}"
Bank of America N.A. GA1-006-15-40,200 Park Avenue,New York,10166,New York,"{""type"": ""Point"", ""coordinates"": [-73.9772, 40.75372]}"
Bank of America N.A. GA1-006-15-40,390 Sixth Avenue,New York,10011,New York,"{""type"": ""Point"", ""coordinates"": [-73.99978, 40.7333]}"
Bank of America N.A. GA1-006-15-40,1293 Broadway,New York,10001,New York,"{""type"": ""Point"", ""coordinates"": [-73.98797, 40.74964]}"
Bank of America N.A. GA1-006-15-40,19-50 37th Street,Astoria,11105,Queens,"{""type"": ""Point"", ""coordinates"": [-73.90273, 40.77848]}"
Bank of America N.A. GA1-006-15-40,521 Stewart Avenue,Bethpage,11714,Nassau,"{""type"": ""Point"", ""coordinates"": [-73.48212, 40.74343]}"
Bank of America N.A. GA1-006-15-40,329A East 149th Street,Bronx,10451,Bronx,"{""type"": ""Point"", ""coordinates"": [-73.92041, 40.81679]}"
Bank of America N.A. GA1-006-15-40,65 Metropolitan Oval,Bronx,10462,Bronx,"{""type"": ""Point"", ""coordinates"": [-73.86053, 40.83779]}"
Bank of America N.A. GA1-006-15-40,7923 3rd Avenue,Brooklyn,11209,Kings,"{""type"": ""Point"", ""coordinates"": [-74.02924, 40.62795]}"
Bank of America N.A. GA1-006-15-40,14 Newtown Lane,East Hampton,11937,Suffolk,"{""type"": ""Point"", ""coordinates"": [-72.18561, 40.96425]}"
Bank of America N.A. GA1-006-15-40,Lawrence Avenue & Bayview Avenue,Lawrence,11559,Nassau,
Bank of America N.A. GA1-006-15-40,157 East 125th Street,New York,10035,New York,"{""type"": ""Point"", ""coordinates"": [-73.93659, 40.80403]}"
Bank of America N.A. GA1-006-15-40,495 Elmwood Avenue,Buffalo,14222,Erie,"{""type"": ""Point"", ""coordinates"": [-78.8768, 42.91048]}"
Bank of America N.A. GA1-006-15-40,700 Allerton Avenue,Bronx,10467,Bronx,"{""type"": ""Point"", ""coordinates"": [-73.86716, 40.86545]}"
Bank of America N.A. GA1-006-15-40,501 Brighton Beach Avenue,Brookyn,11235,Kings,"{""type"": ""Point"", ""coordinates"": [-73.96219, 40.57745]}"
Bank of America N.A. GA1-006-15-40,901 Broad Hollow Road,Farmingdale,11735,Nassau,"{""type"": ""Point"", ""coordinates"": [-73.42341, 40.72629]}"
Bank of America N.A. GA1-006-15-40,248 East Fordham Road,Bronx,10458,Bronx,"{""type"": ""Point"", ""coordinates"": [-73.89564, 40.86221]}"
Bank of America N.A. GA1-006-15-40,1500 Westchester Avenue,Bronx,10472,Bronx,"{""type"": ""Point"", ""coordinates"": [-73.87979, 40.82854]}"
Bank of America N.A. GA1-006-15-40,1620 Westchester Avenue,Bronx,10472,Bronx,"{""type"": ""Point"", ""coordinates"": [-73.87428, 40.8296]}"
Bank of America N.A. GA1-006-15-40,670 Avenue of the Americas,New York,10010,New York,"{""type"": ""Point"", ""coordinates"": [-73.9938, 40.74153]}"
Bank of America N.A. GA1-006-15-40,240 Park Avenue South,New York,10003,New York,"{""type"": ""Point"", ""coordinates"": [-73.9881, 40.7379]}"
Bank of America N.A. GA1-006-15-40,4239 Bell Boulevard,Bayside,11361,Queens,"{""type"": ""Point"", ""coordinates"": [-73.77002, 40.76162]}"
Bank of America N.A. GA1-006-15-40,127 Eighth Avenue,New York,10011,New York,"{""type"": ""Point"", ""coordinates"": [-74.00147, 40.7412]}"
Bank of America N.A. GA1-006-15-40,1330 First Avenue,New York,10021,New York,"{""type"": ""Point"", ""coordinates"": [-73.95622, 40.76749]}"
Bank of America N.A. GA1-006-15-40,2380 Broadway,New York,10024,New York,"{""type"": ""Point"", ""coordinates"": [-73.97574, 40.78908]}"
Bank of America N.A. GA1-006-15-40,50 West Fordham Road,Bronx,10468,Bronx,"{""type"": ""Point"", ""coordinates"": [-73.90364, 40.86275]}"
Bank of America N.A. GA1-006-15-40,37-41 82nd Street,Jackson Heights,11372,Queens,"{""type"": ""Point"", ""coordinates"": [-73.88408, 40.74848]}"
Bank of America N.A. GA1-006-15-40,378 Jericho Turnpike,Syosset,11791,Nassau,"{""type"": ""Point"", ""coordinates"": [-73.50235, 40.81004]}"
Bank of America N.A. GA1-006-15-40,808 Columbus Avenue,New York,10025,New York,"{""type"": ""Point"", ""coordinates"": [-73.96632, 40.79455]}"
Bank of America N.A. GA1-006-15-40,92 Delancey Street,New York,10002,New York,"{""type"": ""Point"", ""coordinates"": [-73.98926, 40.71896]}"
Bank of America N.A. GA1-006-15-40,1107 Third Avenue,New York,10065,New York,"{""type"": ""Point"", ""coordinates"": [-73.96392, 40.76515]}"
Bank of America N.A. GA1-006-15-40,244 Eighth Avenue,New York,10011,New York,"{""type"": ""Point"", ""coordinates"": [-73.99876, 40.74492]}"
Bank of America N.A. GA1-006-15-40,1886 Broadway,New York,10023,New York,"{""type"": ""Point"", ""coordinates"": [-73.98203, 40.77107]}"
Bank of America N.A. GA1-006-15-40,2136 Bartow Avenue,Bronx,10475,Bronx,"{""type"": ""Point"", ""coordinates"": [-73.82655, 40.86844]}"
Bank of America N.A. GA1-006-15-40,24-10  Jackson Avenue,Long Island City,11101,Queens,"{""type"": ""Point"", ""coordinates"": [-73.94472, 40.74627]}"
Bank of America N.A. GA1-006-15-40,115 West 42nd Street,New York,10036,New York,"{""type"": ""Point"", ""coordinates"": [-73.98482, 40.75515]}"
Bank of America N.A. GA1-006-15-40,500 Mamaroneck Avenue,White Plains,10605,Westchester,"{""type"": ""Point"", ""coordinates"": [-73.75894, 41.02238]}"
Bank of America N.A. GA1-006-15-40,2221 Seneca Street,Buffalo,14210,Erie,"{""type"": ""Point"", ""coordinates"": [-78.80637, 42.85247]}"
Bank of America N.A. GA1-006-15-40,2389 Fillmore Avenue,Buffalo,14214,Erie,"{""type"": ""Point"", ""coordinates"": [-78.83925, 42.93891]}"
Bank of America N.A. GA1-006-15-40,1171 East Delavan Avenue,Buffalo,14215,Erie,"{""type"": ""Point"", ""coordinates"": [-78.81324, 42.92248]}"
Bank of America N.A. GA1-006-15-40,1452 Hertel Avenue,Buffalo,14216,Erie,"{""type"": ""Point"", ""coordinates"": [-78.85425, 42.94772]}"
Bank of America N.A. GA1-006-15-40,3838 Harlem Road,Cheektowaga,14215,Erie,"{""type"": ""Point"", ""coordinates"": [-78.78436, 42.94808]}"
Bank of America N.A. GA1-006-15-40,540 Montauk Highway,West Islip,11795,Suffolk,"{""type"": ""Point"", ""coordinates"": [-73.30809, 40.69645]}"
Bank of America N.A. GA1-006-15-40,23 East Main Street,Washingtonville,10992,Orange,"{""type"": ""Point"", ""coordinates"": [-74.16556, 41.42776]}"
Bank of America N.A. GA1-006-15-40,980 Ridge Road,Webster,14580,Monroe,"{""type"": ""Point"", ""coordinates"": [-77.45929, 43.21039]}"
Bank of America N.A. GA1-006-15-40,7864 Transit Road,Williamsville,14221,Erie,"{""type"": ""Point"", ""coordinates"": [-78.69728, 42.98298]}"
Bank of America N.A. GA1-006-15-40,5529 Main Street,Williamsville,14221,Erie,"{""type"": ""Point"", ""coordinates"": [-78.74702, 42.96249]}"
Bank of America N.A. GA1-006-15-40,81 Mill Hill Road,Woodstock,12498,Ulster,"{""type"": ""Point"", ""coordinates"": [-74.11255, 42.03878]}"
Bank of America N.A. GA1-006-15-40,4049 Seneca Street,West Seneca,14224,Erie,"{""type"": ""Point"", ""coordinates"": [-78.75283, 42.83014]}"
Bank of America N.A. GA1-006-15-40,100 Hillside Avenue,Williston Park,11596,Nassau,"{""type"": ""Point"", ""coordinates"": [-73.64347, 40.75721]}"
Bank of America N.A. GA1-006-15-40,2300 Grand Avenue,Baldwin,11510,Nassau,"{""type"": ""Point"", ""coordinates"": [-73.61059, 40.65512]}"
Bank of America N.A. GA1-006-15-40,185 Wheeler Road,Central Islip,11722,Suffolk,"{""type"": ""Point"", ""coordinates"": [-73.21238, 40.8026]}"
Bank of America N.A. GA1-006-15-40,41 Veterans Memorial Highway,Commack,11725,Suffolk,"{""type"": ""Point"", ""coordinates"": [-73.28735, 40.84187]}"
Bank of America N.A. GA1-006-15-40,1283 Sunrise Highway,Copiague,11726,Suffolk,"{""type"": ""Point"", ""coordinates"": [-73.39368, 40.69298]}"
Bank of America N.A. GA1-006-15-40,1979 Deer Park Avenue,Deer Park,11729,Suffolk,"{""type"": ""Point"", ""coordinates"": [-73.3302, 40.76549]}"
Bank of America N.A. GA1-006-15-40,709 Old Country Road,Dix Hills,11746,Suffolk,"{""type"": ""Point"", ""coordinates"": [-73.35823, 40.83196]}"
Bank of America N.A. GA1-006-15-40,1 Old Westbury Road,Roslyn Heights,11577,Nassau,"{""type"": ""Point"", ""coordinates"": [-73.62345, 40.78477]}"
Bank of America N.A. GA1-006-15-40,385 Larkfield Road,East Northport,11731,Suffolk,"{""type"": ""Point"", ""coordinates"": [-73.32198, 40.86863]}"
Bank of America N.A. GA1-006-15-40,141-61 Northern Boulevard,Flushing,11354,Queens,"{""type"": ""Point"", ""coordinates"": [-73.82401, 40.7646]}"
Bank of America N.A. GA1-006-15-40,151-16 84th Street,Howard Beach,11414,Queens,"{""type"": ""Point"", ""coordinates"": [-73.851, 40.66728]}"
Bank of America N.A. GA1-006-15-40,880 Quincy Street,Brooklyn,11221,Kings,"{""type"": ""Point"", ""coordinates"": [-73.92393, 40.69007]}"
Bank of America N.A. GA1-006-15-40,59-01 Myrtle Avenue,Ridgewood,11385,Kings,"{""type"": ""Point"", ""coordinates"": [-73.90007, 40.7005]}"
Bank of America N.A. GA1-006-15-40,205-02 Linden Boulevard,St. Albans,11412,Queens,"{""type"": ""Point"", ""coordinates"": [-73.7473, 40.69582]}"
Bank of America N.A. GA1-006-15-40,241-42 South Conduit Boulevard,Rosedale,11422,Queens,"{""type"": ""Point"", ""coordinates"": [-73.73601, 40.6653]}"
Bank of America N.A. GA1-006-15-40,91-16 168th Street,Jamaica,11432,Queens,"{""type"": ""Point"", ""coordinates"": [-73.79279, 40.70679]}"
Bank of America N.A. GA1-006-15-40,6901 5th Avenue,Brooklyn,11209,Kings,"{""type"": ""Point"", ""coordinates"": [-74.02107, 40.63328]}"
Bank of America N.A. GA1-006-15-40,31-81 Steinway Avenue,Astoria,11103,Queens,"{""type"": ""Point"", ""coordinates"": [-73.91873, 40.75931]}"
Bank of America N.A. GA1-006-15-40,205 Montague Street,Brooklyn,11201,Kings,"{""type"": ""Point"", ""coordinates"": [-73.99106, 40.69392]}"
Bank of America N.A. GA1-006-15-40,14-15 College Point Boulevard,College Point,11356,Queens,"{""type"": ""Point"", ""coordinates"": [-73.84579, 40.78495]}"
Bank of America N.A. GA1-006-15-40,781 Eastern Parkway,Brooklyn,11213,Kings,"{""type"": ""Point"", ""coordinates"": [-73.94252, 40.66962]}"
Bank of America N.A. GA1-006-15-40,401 Main Street,Armonk,10504,Westchester,"{""type"": ""Point"", ""coordinates"": [-73.7143, 41.12603]}"
Bank of America N.A. GA1-006-15-40,91 South Greeley Avenue,Chappaqua,10514,Westchester,"{""type"": ""Point"", ""coordinates"": [-73.77297, 41.15767]}"
Bank of America N.A. GA1-006-15-40,20 South Broadway,Yonkers,10701,Westchester,"{""type"": ""Point"", ""coordinates"": [-73.89863, 40.93316]}"
Bank of America N.A. GA1-006-15-40,130 North Country Shopping Center,Goldens Bridge,10526,Westchester,"{""type"": ""Point"", ""coordinates"": [-73.67635, 41.29309]}"
Bank of America N.A. GA1-006-15-40,176 Roberts Avenue,Yonkers,10703,Westchester,"{""type"": ""Point"", ""coordinates"": [-73.88547, 40.96076]}"
Bank of America N.A. GA1-006-15-40,625 8th Avenue,New York,10018,New York,"{""type"": ""Point"", ""coordinates"": [-73.99036, 40.75646]}"
Bank of America N.A. GA1-006-15-40,3508 Johnson Avenue,Riverdale,10463,Bronx,"{""type"": ""Point"", ""coordinates"": [-73.90993, 40.88582]}"
Bank of America N.A. GA1-006-15-40,900 Third Avenue,New York,10022,New York,"{""type"": ""Point"", ""coordinates"": [-73.96872, 40.75861]}"
Bank of America N.A. GA1-006-15-40,800 Avenue of the Americas,New York,10001,New York,"{""type"": ""Point"", ""coordinates"": [-73.99095, 40.74546]}"
Bank of America N.A. GA1-006-15-40,1066 Lexington Avenue,New York,10021,New York,"{""type"": ""Point"", ""coordinates"": [-73.96057, 40.77267]}"
Bank of America N.A. GA1-006-15-40,2770 Broadway,New York,10025,New York,"{""type"": ""Point"", ""coordinates"": [-73.96772, 40.80182]}"
Bank of America N.A. GA1-006-15-40,215 West 125th Street,New York,10027,New York,"{""type"": ""Point"", ""coordinates"": [-73.94922, 40.80935]}"
Bank of America N.A. GA1-006-15-40,334 Columbus Avenue,New York,10023,New York,"{""type"": ""Point"", ""coordinates"": [-73.97711, 40.77983]}"
Bank of America N.A. GA1-006-15-40,261 Broadway,New York,10007,New York,"{""type"": ""Point"", ""coordinates"": [-74.00665, 40.71374]}"
Bank of America N.A. GA1-006-15-40,750 Third Avenue,New York,10017,New York,"{""type"": ""Point"", ""coordinates"": [-73.97237, 40.75363]}"
Bank of America N.A. GA1-006-15-40,501 Fifth Avenue,New York,10017,New York,"{""type"": ""Point"", ""coordinates"": [-73.98101, 40.7533]}"
Bank of America N.A. GA1-006-15-40,1680 Broadway,New York,10019,New York,"{""type"": ""Point"", ""coordinates"": [-73.983, 40.76308]}"
Bank of America N.A. GA1-006-15-40,675 Third Avenue,New York,10017,New York,"{""type"": ""Point"", ""coordinates"": [-73.97414, 40.75117]}"
Bank of America N.A. GA1-006-15-40,25 West 51st Street,New York,10019,New York,"{""type"": ""Point"", ""coordinates"": [-73.9783, 40.75981]}"
Bank of America N.A. GA1-006-15-40,1900 Pine Avenue,Niagara Falls,14301,Niagara,"{""type"": ""Point"", ""coordinates"": [-79.03877, 43.0951]}"
Bank of America N.A. GA1-006-15-40,106 West 117th Street,New York,10026,New York,"{""type"": ""Point"", ""coordinates"": [-73.94958, 40.80286]}"
Bank of America N.A. GA1-006-15-40,One Penn Plaza East,New York,10119,New York,"{""type"": ""Point"", ""coordinates"": [-73.99183, 40.75063]}"
Bank of America N.A. GA1-006-15-40,29 Broadway,New York,10006,New York,"{""type"": ""Point"", ""coordinates"": [-74.01318, 40.706]}"
Bank of America N.A. GA1-006-15-40,335 Madison Avenue,New York,10017,New York,"{""type"": ""Point"", ""coordinates"": [-73.97872, 40.75356]}"
Bank of America N.A. GA1-006-15-40,988 Third Avenue,New York,10022,New York,"{""type"": ""Point"", ""coordinates"": [-73.96666, 40.76145]}"
Bank of America N.A. GA1-006-15-40,534 5th Avenue,Brooklyn,11215,Kings,"{""type"": ""Point"", ""coordinates"": [-73.98891, 40.66604]}"
Bank of America N.A. GA1-006-15-40,345 Park Avenue South,New York,10010,New York,"{""type"": ""Point"", ""coordinates"": [-73.98515, 40.74175]}"
Bank of America N.A. GA1-006-15-40,2915 Stillwell Avenue,Brooklyn,11224,Kings,"{""type"": ""Point"", ""coordinates"": [-73.98137, 40.57633]}"
Bank of America N.A. GA1-006-15-40,36 East 14th Street,New York,10003,New York,"{""type"": ""Point"", ""coordinates"": [-73.9919, 40.7353]}"
Bank of America N.A. GA1-006-15-40,2443 Hempstead Turnpike,East Meadow,11554,Nassau,"{""type"": ""Point"", ""coordinates"": [-73.54525, 40.72528]}"
Bank of America N.A. GA1-006-15-40,224 West 4th Street,New York,10014,New York,"{""type"": ""Point"", ""coordinates"": [-74.00286, 40.73388]}"
Bank of America N.A. GA1-006-15-40,3080 Middle Country Road,Lake Grove,11755,Suffolk,"{""type"": ""Point"", ""coordinates"": [-73.12283, 40.86145]}"
Bank of America N.A. GA1-006-15-40,400 Central Avenue,Lawrence,11559,Nassau,"{""type"": ""Point"", ""coordinates"": [-73.72688, 40.61942]}"
Bank of America N.A. GA1-006-15-40,3161 Hempstead Turnpike,Levittown,11756,Nassau,"{""type"": ""Point"", ""coordinates"": [-73.51939, 40.72589]}"
Bank of America N.A. GA1-006-15-40,52 East Park Avenue,Long Beach,11561,Nassau,"{""type"": ""Point"", ""coordinates"": [-73.6622, 40.5884]}"
Bank of America N.A. GA1-006-15-40,4400 Veterans Memorial Highway,Holbrook,11741,Suffolk,"{""type"": ""Point"", ""coordinates"": [-73.08996, 40.78216]}"
Bank of America N.A. GA1-006-15-40,300 Merrick Road,Lynbrook,11563,Nassau,"{""type"": ""Point"", ""coordinates"": [-73.67057, 40.65719]}"
Bank of America N.A. GA1-006-15-40,269 Hempstead Avenue,Malverne,11565,Nassau,"{""type"": ""Point"", ""coordinates"": [-73.6698, 40.67545]}"
Bank of America N.A. GA1-006-15-40,240 Plandome Road,Manhasset,11030,Nassau,"{""type"": ""Point"", ""coordinates"": [-73.69878, 40.79598]}"
Bank of America N.A. GA1-006-15-40,5310 Sunrise Highway,Massapequa Park,11762,Nassau,"{""type"": ""Point"", ""coordinates"": [-73.44028, 40.67807]}"
Bank of America N.A. GA1-006-15-40,2851 Horseblock Road,Medford,11763,Suffolk,"{""type"": ""Point"", ""coordinates"": [-72.99381, 40.82763]}"
Bank of America N.A. GA1-006-15-40,600 Broadhollow Road,Melville,11747,Suffolk,"{""type"": ""Point"", ""coordinates"": [-73.42379, 40.76241]}"
Bank of America N.A. GA1-006-15-40,15 Merrick Avenue,Merrick,11566,Nassau,"{""type"": ""Point"", ""coordinates"": [-73.55232, 40.66401]}"
Bank of America N.A. GA1-006-15-40,199 Jericho Turnpike,Mineola,11501,Nassau,"{""type"": ""Point"", ""coordinates"": [-73.64367, 40.74831]}"
Bank of America N.A. GA1-006-15-40,645 Jericho Avenue,New Hyde Park,11040,Nassau,"{""type"": ""Point"", ""coordinates"": [-73.68716, 40.73244]}"
Bank of America N.A. GA1-006-15-40,Pinwlawn Road,Melville,11747,Suffolk,
Bank of America N.A. GA1-006-15-40,25 Deshon Boulevard,Melville,11747,Suffolk,"{""type"": ""Point"", ""coordinates"": [-73.41062, 40.76234]}"
Bank of America N.A. GA1-006-15-40,680 Fort Salonga Road,Northport,11768,Suffolk,"{""type"": ""Point"", ""coordinates"": [-73.33583, 40.89433]}"
Bank of America N.A. GA1-006-15-40,565 South Oyster Bay Road,Plainview,11803,Nassau,"{""type"": ""Point"", ""coordinates"": [-73.50109, 40.77064]}"
Bank of America N.A. GA1-006-15-40,911 Route 112,Port Jefferson Station,11776,Suffolk,"{""type"": ""Point"", ""coordinates"": [-73.04779, 40.92569]}"
Bank of America N.A. GA1-006-15-40,79 Main Street,Port Washington,11050,Nassau,"{""type"": ""Point"", ""coordinates"": [-73.68854, 40.83053]}"
Bank of America N.A. GA1-006-15-40,1209 St. Johnland,Kings Park,11754,Suffolk,"{""type"": ""Point"", ""coordinates"": [-73.2205, 40.88295]}"
Bank of America N.A. GA1-006-15-40,3 Northwest Drive,South Farmingdale,11735,Nassau,"{""type"": ""Point"", ""coordinates"": [-73.45828, 40.7178]}"
Bank of America N.A. GA1-006-15-40,58 South Main Street,Fairport,14450,Monroe,"{""type"": ""Point"", ""coordinates"": [-77.44235, 43.09984]}"
Bank of America N.A. GA1-006-15-40,6801 East Genesee Street,Fayetteville,13066,Onondaga,"{""type"": ""Point"", ""coordinates"": [-76.05127, 43.03106]}"
Bank of America N.A. GA1-006-15-40,2305 Millersport Highway,Getzville,14068,Erie,"{""type"": ""Point"", ""coordinates"": [-78.76873, 43.01331]}"
Bank of America N.A. GA1-006-15-40,54 West Main Street,Goshen,10924,Orange,"{""type"": ""Point"", ""coordinates"": [-74.32545, 41.40213]}"
Bank of America N.A. GA1-006-15-40,5340 Southwestern Boulevard,Hamburg,14075,Erie,"{""type"": ""Point"", ""coordinates"": [-78.86931, 42.74208]}"
Bank of America N.A. GA1-006-15-40,43 Main Street,Hamburg,14075,Erie,"{""type"": ""Point"", ""coordinates"": [-78.83116, 42.71621]}"
Bank of America N.A. GA1-006-15-40,3588 Delaware Avenue,Kenmore,14217,Erie,"{""type"": ""Point"", ""coordinates"": [-78.87279, 42.98181]}"
Bank of America N.A. GA1-006-15-40,1343 Ulster Avenue,Kingston,12401,Ulster,"{""type"": ""Point"", ""coordinates"": [-73.9892, 41.97029]}"
Bank of America N.A. GA1-006-15-40,451 Washington Avenue,Kingston,12401,Ulster,"{""type"": ""Point"", ""coordinates"": [-74.02612, 41.93647]}"
Bank of America N.A. GA1-006-15-40,804 Loudon Road,Latham,12110,Albany,"{""type"": ""Point"", ""coordinates"": [-73.76173, 42.74712]}"
Bank of America N.A. GA1-006-15-40,7610 Oswego Road,Liverpool,13090,Onondaga,"{""type"": ""Point"", ""coordinates"": [-76.22583, 43.13855]}"
Bank of America N.A. GA1-006-15-40,477 Albany Shaker Road,Loudonville,12211,Albany,"{""type"": ""Point"", ""coordinates"": [-73.7779, 42.70797]}"
Bank of America N.A. GA1-006-15-40,343 Fayette Street,Manlius,13104,Onondaga,"{""type"": ""Point"", ""coordinates"": [-75.98525, 43.0066]}"
Bank of America N.A. GA1-006-15-40,715 Route 211 East,Middletown,10941,Orange,"{""type"": ""Point"", ""coordinates"": [-74.35845, 41.46648]}"
Bank of America N.A. GA1-006-15-40,6529 East Quaker Street,Orchard Park,14127,Erie,"{""type"": ""Point"", ""coordinates"": [-78.74316, 42.7673]}"
Bank of America N.A. GA1-006-15-40,2200 Penfield Road,Penfield,14526,Monroe,"{""type"": ""Point"", ""coordinates"": [-77.44006, 43.13175]}"
Bank of America N.A. GA1-006-15-40,9 North Main Street,Pittsford,14534,Monroe,"{""type"": ""Point"", ""coordinates"": [-77.51511, 43.09104]}"
Bank of America N.A. GA1-006-15-40,13-17 Hammond Street,Port Jervis,12771,Orange,"{""type"": ""Point"", ""coordinates"": [-74.69151, 41.37492]}"
Bank of America N.A. GA1-006-15-40,11 Raymond Avenue,Poughkeepsie,12603,Dutchess,"{""type"": ""Point"", ""coordinates"": [-73.90191, 41.69516]}"
Bank of America N.A. GA1-006-15-40,1 East Avenue,Rochester,14638,Monroe,"{""type"": ""Point"", ""coordinates"": [-77.6039, 43.15744]}"
Bank of America N.A. GA1-006-15-40,1381 East Ridge Road,Rochester,14621,Monroe,"{""type"": ""Point"", ""coordinates"": [-77.57946, 43.19749]}"
Bank of America N.A. GA1-006-15-40,3333 West Henrietta Road,Rochester,14623,Monroe,"{""type"": ""Point"", ""coordinates"": [-77.6454, 43.08936]}"
Bank of America N.A. GA1-006-15-40,100 Pixley Road,Rochester,14624,Monroe,"{""type"": ""Point"", ""coordinates"": [-77.70861, 43.14722]}"
Bank of America N.A. GA1-006-15-40,3800 Dewey Avenue,Rochester,14616,Monroe,"{""type"": ""Point"", ""coordinates"": [-77.64591, 43.23986]}"
Bank of America N.A. GA1-006-15-40,1394 Norton Street,Rochester,14621,Monroe,"{""type"": ""Point"", ""coordinates"": [-77.58446, 43.18735]}"
Bank of America N.A. GA1-006-15-40,4 State Street,Rochester,14614,Monroe,"{""type"": ""Point"", ""coordinates"": [-77.61277, 43.15607]}"
Bank of America N.A. GA1-006-15-40,2450 Ridge Road,Rochester,14626,Monroe,"{""type"": ""Point"", ""coordinates"": [-77.69329, 43.2095]}"
Bank of America N.A. GA1-006-15-40,671 Park Avenue,Rochester,14607,Monroe,"{""type"": ""Point"", ""coordinates"": [-77.57772, 43.1481]}"
Bank of America N.A. GA1-006-15-40,2830 Monroe Avenue,Rochester,14618,Monroe,"{""type"": ""Point"", ""coordinates"": [-77.54837, 43.11213]}"
Bank of America N.A. GA1-006-15-40,"189 Ballston Avenue, Route 50",Saratoga,12866,Saratoga,
Bank of America N.A. GA1-006-15-40,27 Division Street,Saratoga Springs,12866,Saratoga,"{""type"": ""Point"", ""coordinates"": [-73.78725, 43.08182]}"
Bank of America N.A. GA1-006-15-40,500 State Street,Schenectady,12305,Schenectady,"{""type"": ""Point"", ""coordinates"": [-73.9404, 42.81191]}"
Bank of America N.A. GA1-006-15-40,200 Saratoga Road #2 ---Route 50,Scotia,12302,Schenectady,"{""type"": ""Point"", ""coordinates"": [-73.93215, 42.86638]}"
Bank of America N.A. GA1-006-15-40,59 Third Street,Troy,12180,Rensselaer,"{""type"": ""Point"", ""coordinates"": [-73.69052, 42.7302]}"
Bank of America N.A. GA1-006-15-40,900 Central & Colvin Avenue,Albany,12206,Albany,"{""type"": ""Point"", ""coordinates"": [-73.79063, 42.67974]}"
Bank of America N.A. GA1-006-15-40,133 Wolf Road,Albany,12205,Albany,"{""type"": ""Point"", ""coordinates"": [-73.80599, 42.71856]}"
Bank of America N.A. GA1-006-15-40,69 State Street,Albany,12201,Albany,"{""type"": ""Point"", ""coordinates"": [-73.7524, 42.64963]}"
Bank of America N.A. GA1-006-15-40,1450 Western Avenue,Albany,12203,Albany,"{""type"": ""Point"", ""coordinates"": [-73.83659, 42.68063]}"
Bank of America N.A. GA1-006-15-40,1791 Western Avenue,Albany,12203,Albany,"{""type"": ""Point"", ""coordinates"": [-73.86643, 42.69057]}"
Bank of America N.A. GA1-006-15-40,156 South Main Street,Albion,14411,Orleans,"{""type"": ""Point"", ""coordinates"": [-78.19448, 43.24246]}"
Bank of America N.A. GA1-006-15-40,100 Main Street,Batavia,14020,Genesee,"{""type"": ""Point"", ""coordinates"": [-78.18212, 42.99738]}"
Bank of America N.A. GA1-006-15-40,10 Fountain Plaza,Buffalo,14202,Erie,"{""type"": ""Point"", ""coordinates"": [-78.87426, 42.88879]}"
Bank of America N.A. GA1-006-15-40,670 Main Street,East Aurora,14052,Erie,"{""type"": ""Point"", ""coordinates"": [-78.60943, 42.76845]}"
Bank of America N.A. GA1-006-15-40,1415 Avenue Z,Brooklyn,11235,Kings,"{""type"": ""Point"", ""coordinates"": [-73.95464, 40.58792]}"
Bank of America N.A. GA1-006-15-40,589 Broadway,New York,10012,New York,"{""type"": ""Point"", ""coordinates"": [-73.99727, 40.72484]}"
Bank of America N.A. GA1-006-15-40,200 East 161st Street,Bronx,10451,Bronx,"{""type"": ""Point"", ""coordinates"": [-73.92092, 40.82556]}"
Bank of America N.A. GA1-006-15-40,4361 Katonah Avenue,Bronx,10470,Bronx,"{""type"": ""Point"", ""coordinates"": [-73.86795, 40.90078]}"
Bank of America N.A. GA1-006-15-40,River Avenue,Bronx,10451,Bronx,
Bank of America N.A. GA1-006-15-40,256 Katonah Avenue,Katonah,10536,Westchester,"{""type"": ""Point"", ""coordinates"": [-73.68391, 41.25579]}"
Bank of America N.A. GA1-006-15-40,928 McLean Avenue,Yonkers,10704,Westchester,"{""type"": ""Point"", ""coordinates"": [-73.86713, 40.90402]}"
Bank of America N.A. GA1-006-15-40,35 South Moger Avenue,Mount Kisco,10549,Westchester,"{""type"": ""Point"", ""coordinates"": [-73.72902, 41.20737]}"
Bank of America N.A. GA1-006-15-40,277 North Avenue,New Rochelle,10801,Westchester,"{""type"": ""Point"", ""coordinates"": [-73.7823, 40.91223]}"
Bank of America N.A. GA1-006-15-40,4767 Boston Post Road,Pelham Manor,10803,Westchester,"{""type"": ""Point"", ""coordinates"": [-73.80466, 40.8967]}"
Bank of America N.A. GA1-006-15-40,150 Broadway,New York,10038,New York,"{""type"": ""Point"", ""coordinates"": [-74.01038, 40.70932]}"
Bank of America N.A. GA1-006-15-40,116 Fifth Avenue,New York,10011,New York,"{""type"": ""Point"", ""coordinates"": [-73.99237, 40.73771]}"
Bank of America N.A. GA1-006-15-40,72 Second Avenue,New York,10003,New York,"{""type"": ""Point"", ""coordinates"": [-73.98936, 40.72629]}"
Bank of America N.A. GA1-006-15-40,515 Seventh Avenue,New York,10018,New York,"{""type"": ""Point"", ""coordinates"": [-73.98888, 40.75331]}"
Bank of America N.A. GA1-006-15-40,318 Grand Street,New York,10002,New York,"{""type"": ""Point"", ""coordinates"": [-73.99083, 40.71724]}"
Bank of America N.A. GA1-006-15-40,345 Park Avenue,New York,10154,New York,"{""type"": ""Point"", ""coordinates"": [-73.97318, 40.7581]}"
Bank of America N.A. GA1-006-15-40,433 Boston Post Road,Port Chester,10573,Westchester,"{""type"": ""Point"", ""coordinates"": [-73.67408, 40.99392]}"
Bank of America N.A. GA1-006-15-40,1140 Wilmot Road,Scarsdale,10583,Westchester,"{""type"": ""Point"", ""coordinates"": [-73.77687, 40.98503]}"
Bank of America N.A. GA1-006-15-40,"2042 Albany Post Road, Suite 8",Croton-on-Hudson,10520,Westchester,"{""type"": ""Point"", ""coordinates"": [-73.91539, 41.23504]}"
Bank of America N.A. GA1-006-15-40,505 White Plains Road,Tarrytown,10591,Westchester,"{""type"": ""Point"", ""coordinates"": [-73.8429, 41.06348]}"
Bank of America N.A. GA1-006-15-40,2 Triangle Center,Yorktown Heights,10598,Westchester,"{""type"": ""Point"", ""coordinates"": [-73.78167, 41.2781]}"
Bank of America N.A. GA1-006-15-40,1431 Hempstead Turnpike,Elmont,11003,Nassau,"{""type"": ""Point"", ""coordinates"": [-73.69367, 40.70704]}"
Bank of America N.A. GA1-006-15-40,189 West Merrick Road,Freeport,11520,Nassau,"{""type"": ""Point"", ""coordinates"": [-73.58805, 40.65262]}"
Bank of America N.A. GA1-006-15-40,10 Middle Neck Road,Great Neck,11021,Nassau,"{""type"": ""Point"", ""coordinates"": [-73.72749, 40.78715]}"
Bank of America N.A. GA1-006-15-40,47 Broadway,Greenlawn,11740,Suffolk,"{""type"": ""Point"", ""coordinates"": [-73.36538, 40.87007]}"
Bank of America N.A. GA1-006-15-40,190 Motor Parkway,Hauppauge,11788,Suffolk,"{""type"": ""Point"", ""coordinates"": [-73.25617, 40.80735]}"
Bank of America N.A. GA1-006-15-40,1286 West Broadway,Hewlett,11557,Nassau,"{""type"": ""Point"", ""coordinates"": [-73.70141, 40.63895]}"
Bank of America N.A. GA1-006-15-40,111 Delaware Avenue,Delmar,12054,Albany,"{""type"": ""Point"", ""coordinates"": [-73.80921, 42.62945]}"
Bank of America N.A. GA1-006-15-40,600 Dick Road,Depew,14043,Erie,"{""type"": ""Point"", ""coordinates"": [-78.73865, 42.91937]}"
Bank of America N.A. GA1-006-15-40,5091 Broadway,Depew,14043,Erie,"{""type"": ""Point"", ""coordinates"": [-78.68575, 42.9011]}"
Bank of America N.A. GA1-006-15-40,1 New Paltz Plaza,New Paltz,12561,Ulster,"{""type"": ""Point"", ""coordinates"": [-74.07026, 41.74309]}"
Bank of America N.A. GA1-006-15-40,1414 Union Avenue,Newburgh,12550,Orange,"{""type"": ""Point"", ""coordinates"": [-74.07035, 41.52192]}"
Bank of America N.A. GA1-006-15-40,1263 Military Road,Niagara Falls,14304,Niagara,"{""type"": ""Point"", ""coordinates"": [-78.96667, 43.08971]}"
Bank of America N.A. GA1-006-15-40,1757 Union Street,Niskayuna,12309,Schenectady,"{""type"": ""Point"", ""coordinates"": [-73.8994, 42.80252]}"
Bank of America N.A. GA1-006-15-40,3600 Brewerton Road,North Syracuse,13212,Onondaga,"{""type"": ""Point"", ""coordinates"": [-76.14512, 43.11569]}"
Bank of America N.A. GA1-006-15-40,1012 Payne Avenue,North Tonawanda,14120,Niagara,"{""type"": ""Point"", ""coordinates"": [-78.87812, 43.05029]}"
Bank of America N.A. GA1-006-15-40,Canal and Main Street,Ellenville,12428,Ulster,"{""type"": ""Point"", ""coordinates"": [-74.39499, 41.71752]}"
Bank of America N.A. GA1-006-15-40,5834 East Circle Drive,Cicero,13039,Onondaga,"{""type"": ""Point"", ""coordinates"": [-76.12022, 43.14728]}"
Bank of America N.A. GA1-006-15-40,One Clinton Square,Syracuse,13202,Onondaga,"{""type"": ""Point"", ""coordinates"": [-76.15353, 43.05075]}"
Bank of America N.A. GA1-006-15-40,4732 Onondaga Boulevard,Syracuse,13219,Onondaga,"{""type"": ""Point"", ""coordinates"": [-76.1906, 43.03264]}"
Bank of America N.A. GA1-006-15-40,401 Nottingham Road,Syracuse,13210,Onondaga,"{""type"": ""Point"", ""coordinates"": [-76.11116, 43.02689]}"
Bank of America N.A. GA1-006-15-40,4865 West Seneca Street,Syracuse,13215,Onondaga,"{""type"": ""Point"", ""coordinates"": [-76.1801, 43.0059]}"
Bank of America N.A. GA1-006-15-40,2334 James Street,Syracuse,13206,Onondaga,"{""type"": ""Point"", ""coordinates"": [-76.11353, 43.06822]}"
Bank of America N.A. GA1-006-15-40,1188 Niagara Falls Boulevard,Tonawanda,14150,Erie,"{""type"": ""Point"", ""coordinates"": [-78.82337, 42.98638]}"
Bank of America N.A. GA1-006-15-40,20 Jerusalem Avenue,Hicksville,11801,Nassau,"{""type"": ""Point"", ""coordinates"": [-73.5253, 40.76696]}"
Bank of America N.A. GA1-006-15-40,1600 Hillside Avenue,New Hyde Park,11040,Nassau,"{""type"": ""Point"", ""coordinates"": [-73.68422, 40.74856]}"
Bank of America N.A. GA1-006-15-40,1150 Grand Avenue,South Hempstead,11550,Nassau,"{""type"": ""Point"", ""coordinates"": [-73.61542, 40.68229]}"
Bank of America N.A. GA1-006-15-40,101 Walt Whitman Road,Huntington Station,11746,Suffolk,"{""type"": ""Point"", ""coordinates"": [-73.41222, 40.82743]}"
Bank of America N.A. GA1-006-15-40,2020 Merrick Road,South Merrick,11566,Nassau,"{""type"": ""Point"", ""coordinates"": [-73.54898, 40.65666]}"
Bank of America N.A. GA1-006-15-40,31 Route 111,Smithtown,11787,Suffolk,"{""type"": ""Point"", ""coordinates"": [-73.18691, 40.85381]}"
Bank of America N.A. GA1-006-15-40,3330 Park Avenue,Wantagh,11793,Nassau,"{""type"": ""Point"", ""coordinates"": [-73.50916, 40.67379]}"
Bank of America N.A. GA1-006-15-40,560 Montauk Highway,West Babylon,11704,Suffolk,"{""type"": ""Point"", ""coordinates"": [-73.34104, 40.68726]}"
Bank of America N.A. GA1-006-15-40,60 Hempstead Avenue,West Hempstead,11552,Nassau,"{""type"": ""Point"", ""coordinates"": [-73.64018, 40.7036]}"
Bank of America N.A. GA1-006-15-40,50 Bayard Street,New York,10013,New York,"{""type"": ""Point"", ""coordinates"": [-73.9976, 40.71532]}"
Bank of America N.A. GA1-006-15-40,70-11 Myrtle Avenue,Glendale,11385,Queens,"{""type"": ""Point"", ""coordinates"": [-73.88057, 40.70196]}"
Bank of America N.A. GA1-006-15-40,1143 Lexington Avenue,New York,10021,New York,"{""type"": ""Point"", ""coordinates"": [-73.95873, 40.77519]}"
Bank of America N.A. GA1-006-15-40,2198 White Plains Road,Bronx,10462,Bronx,"{""type"": ""Point"", ""coordinates"": [-73.86764, 40.85636]}"
Bank of America N.A. GA1-006-15-40,299 East 204th Street,Bronx,10467,Bronx,"{""type"": ""Point"", ""coordinates"": [-73.87877, 40.87319]}"
Bank of America N.A. GA1-006-15-40,47 Graham Avenue,Brooklyn,11206,Kings,"{""type"": ""Point"", ""coordinates"": [-73.94252, 40.70321]}"
Bank of America N.A. GA1-006-15-40,250 Main Street,Huntington,11743,Suffolk,"{""type"": ""Point"", ""coordinates"": [-73.42578, 40.87128]}"
Bank of America N.A. GA1-006-15-40,147 Long Beach Road,Island Park,11558,Nassau,"{""type"": ""Point"", ""coordinates"": [-73.65548, 40.60171]}"
Bank of America N.A. GA1-006-15-40,265 Montauk Highway,Islip,11751,Suffolk,"{""type"": ""Point"", ""coordinates"": [-73.219, 40.72795]}"
Bank of America N.A. GA1-006-15-40,479 North Broadway,Jericho,11753,Nassau,"{""type"": ""Point"", ""coordinates"": [-73.53594, 40.78889]}"
Bank of America N.A. GA1-006-15-40,25 Quaker Avenue,Cornwall,12518,Orange,"{""type"": ""Point"", ""coordinates"": [-74.03818, 41.4341]}"
Bank of America N.A. GA1-006-15-40,30-18 36th Avenue,Long Island City,11106,Queens,"{""type"": ""Point"", ""coordinates"": [-73.92996, 40.75669]}"
Bank of America N.A. GA1-006-15-40,994 Middle Country Road,Selden,11784,Suffolk,"{""type"": ""Point"", ""coordinates"": [-73.04723, 40.86358]}"
Bank of America N.A. GA1-006-15-40,345 East Main Street,East Islip,11730,Suffolk,"{""type"": ""Point"", ""coordinates"": [-73.17629, 40.73499]}"
Bank of America N.A. GA1-006-15-40,231 Beach 20th Street,Queens,11691,Queens,"{""type"": ""Point"", ""coordinates"": [-73.75425, 40.59673]}"
Bank of America N.A. GA1-006-15-40,3 Main Street,Hempstead,11550,Nassau,"{""type"": ""Point"", ""coordinates"": [-73.62371, 40.70653]}"
Bank of America N.A. GA1-006-15-40,730 Fulton Avenue,Hempstead,11550,Nassau,"{""type"": ""Point"", ""coordinates"": [-73.60675, 40.71273]}"
Bank of America N.A. GA1-006-15-40,300 Union Avenue,Holbrook,11741,Suffolk,"{""type"": ""Point"", ""coordinates"": [-73.08193, 40.8116]}"
Bank of America N.A. GA1-006-15-40,175-57 Hillside Avenue,Jamaica,11432,Queens,"{""type"": ""Point"", ""coordinates"": [-73.7858, 40.71216]}"
Bank of America N.A. GA1-006-15-40,1 Clifton Country Road,Clifton Park,12065,Saratoga,"{""type"": ""Point"", ""coordinates"": [-73.78172, 42.86246]}"
Bank of America N.A. GA1-006-15-40,15 Bennetts Road,East Setauket,11733,Suffolk,"{""type"": ""Point"", ""coordinates"": [-73.11464, 40.9296]}"
Bank of America N.A. GA1-006-15-40,111 Forest Avenue,Glen Cove,11542,Nassau,"{""type"": ""Point"", ""coordinates"": [-73.62126, 40.87366]}"
Bank of America N.A. GA1-006-15-40,56 East 42nd Street,New York,10017,New York,"{""type"": ""Point"", ""coordinates"": [-73.97859, 40.75254]}"
Bank of America N.A. GA1-006-15-40,157 South Street,Oyster Bay,11771,Nassau,"{""type"": ""Point"", ""coordinates"": [-73.53114, 40.87086]}"
Bank of America N.A. GA1-006-15-40,47 West Main Street,Patchogue,11772,Suffolk,"{""type"": ""Point"", ""coordinates"": [-73.01626, 40.76577]}"
Bank of America N.A. GA1-006-15-40,60 Jagger Lane,Southampton,11968,Suffolk,"{""type"": ""Point"", ""coordinates"": [-72.39251, 40.88731]}"
Bank of America N.A. GA1-006-15-40,53300 Main Road,Southold,11971,Suffolk,"{""type"": ""Point"", ""coordinates"": [-72.4297, 41.06318]}"
Bank of America N.A. GA1-006-15-40,216-02 Merrick Boulevard,Springfield Gardens,11413,Queens,"{""type"": ""Point"", ""coordinates"": [-73.75293, 40.68004]}"
Bank of America N.A. GA1-006-15-40,248 Post Avenue,Westbury,11590,Nassau,"{""type"": ""Point"", ""coordinates"": [-73.58763, 40.75763]}"
Bank of America N.A. GA1-006-15-40,2604 Central Park Avenue,Yonkers,10710,Westchester,"{""type"": ""Point"", ""coordinates"": [-73.82533, 40.98479]}"
Bank of America N.A. GA1-006-15-40,192 Columbus Avenue,New York,10023,New York,"{""type"": ""Point"", ""coordinates"": [-73.98046, 40.77525]}"
Bank of Cattaraugus,24 Main Street,Cattaraugus,14719,Cattaraugus,"{""type"": ""Point"", ""coordinates"": [-78.86861, 42.32978]}"
Bank of Holland,250 Quaker Road,East Aurora,14052,Erie,"{""type"": ""Point"", ""coordinates"": [-78.63522, 42.76311]}"
Bank of Holland,2341 Bowen Road,Elma,14059,Erie,"{""type"": ""Point"", ""coordinates"": [-78.63686, 42.83417]}"
Bank of Holland,12 South Main Street,Holland,14080,Erie,"{""type"": ""Point"", ""coordinates"": [-78.54115, 42.64094]}"
Bank of Hope,138-02 Northern Boulevard,Flushing,11354,Queens,"{""type"": ""Point"", ""coordinates"": [-73.82792, 40.76392]}"
Bank of Hope,50-15 Roosevelt Avenue,Woodside,11317,Queens,"{""type"": ""Point"", ""coordinates"": [-73.91428, 40.74387]}"
Bank of Hope,16 West 32nd Street,New York,10001,New York,"{""type"": ""Point"", ""coordinates"": [-73.98658, 40.74761]}"
Bank of Hope,485 Great Neck Road,Great Neck,11021,Nassau,"{""type"": ""Point"", ""coordinates"": [-73.73248, 40.77515]}"
Bank of Hope,210-16 Northern Boulevard,Bayside,11361,Queens,"{""type"": ""Point"", ""coordinates"": [-73.77203, 40.75935]}"
Bank of Hope,162-05 Crocheron Avenue,Flushing,11358,Queens,"{""type"": ""Point"", ""coordinates"": [-73.80328, 40.76252]}"
Bank of Hope,150-24 Northern Boulevard,Flushing,11354,Queens,"{""type"": ""Point"", ""coordinates"": [-73.81459, 40.76478]}"
Bank of Millbrook,76 FLINT ROAD,MILLBROOK,12545,Dutchess,"{""type"": ""Point"", ""coordinates"": [-73.65965, 41.73005]}"
Bank of Millbrook,11 Hunns Lake Road,Stanfordville,12581,Dutchess,"{""type"": ""Point"", ""coordinates"": [-73.69909, 41.87201]}"
Bank of Millbrook,2971 Church Street,Pine Plains,12567,Dutchess,"{""type"": ""Point"", ""coordinates"": [-73.65616, 41.97968]}"
Bank of Millbrook,3263 Franklin Avenue,Millbrook,12545,Dutchess,"{""type"": ""Point"", ""coordinates"": [-73.69532, 41.7851]}"
Bank of Millbrook,4958 ROUTE 22,AMENIA,12501,Dutchess,"{""type"": ""Point"", ""coordinates"": [-73.55697, 41.84984]}"
Bank of Richmondville,284  Main Street,Richmondville,12149,Schoharie,"{""type"": ""Point"", ""coordinates"": [-74.56345, 42.63439]}"
Bank of Richmondville,857 East Main Street,Cobleskill,12043,Schoharie,"{""type"": ""Point"", ""coordinates"": [-74.47067, 42.68109]}"
Bank of Richmondville,428 Main Street,Schoharie,12157,Schoharie,"{""type"": ""Point"", ""coordinates"": [-74.30554, 42.6724]}"
Bank of Utica,222 Genesee Street,Utica,13502,Oneida,"{""type"": ""Point"", ""coordinates"": [-75.23277, 43.10062]}"
Bank of Utica,222 Genesee Street,Utica,13502,Oneida,"{""type"": ""Point"", ""coordinates"": [-75.23277, 43.10062]}"
"BankUnited, NA",136 East 57th Street,New York,10022,New York,"{""type"": ""Point"", ""coordinates"": [-73.96884, 40.76084]}"
"BankUnited, NA",960 Avenue of the Americas,New York,10001,New York,"{""type"": ""Point"", ""coordinates"": [-73.98717, 40.75065]}"
"BankUnited, NA",252 Broadway,Brooklyn,11211,Kings,"{""type"": ""Point"", ""coordinates"": [-73.95955, 40.70902]}"
Beacon Bank,119 GRAMATAN AVENUE,MOUNT VERNON,10550,Westchester,"{""type"": ""Point"", ""coordinates"": [-73.83736, 40.91462]}"
Beacon Bank,12 South Bedford Road,Mt. Kisco,10549,Westchester,"{""type"": ""Point"", ""coordinates"": [-73.72375, 41.19641]}"
Beacon Bank,183 QUAKER ROAD,QUEENSBURY,12804,Warren,"{""type"": ""Point"", ""coordinates"": [-73.65686, 43.3326]}"
Beacon Bank,50 Genesee Street,New Hartford,13413,Oneida,"{""type"": ""Point"", ""coordinates"": [-75.28884, 43.073]}"
Beacon Bank,34 Oriskany Boulevard,Whitesboro,13492,Oneida,"{""type"": ""Point"", ""coordinates"": [-75.29107, 43.1171]}"
Beacon Bank,50 Auert Avenue,Utica,13502,Oneida,"{""type"": ""Point"", ""coordinates"": [-75.20818, 43.11438]}"
Beacon Bank,381 West Main Street,West Winfield,13491,Herkimer,"{""type"": ""Point"", ""coordinates"": [-75.19388, 42.88517]}"
Beacon Bank,2477 Route 6,Brewster,10509,Putnam,"{""type"": ""Point"", ""coordinates"": [-73.63522, 41.39994]}"
Beacon Bank,1629 Black River Boulevard,Rome,13440,Oneida,"{""type"": ""Point"", ""coordinates"": [-75.43971, 43.23015]}"
Beacon Bank,8491 Seneca Turnpike,New Hartford,13413,Oneida,"{""type"": ""Point"", ""coordinates"": [-75.32075, 43.08093]}"
Beacon Bank,1300 Erie Boulevard West,Rome,13440,Oneida,"{""type"": ""Point"", ""coordinates"": [-75.49082, 43.22846]}"
Beacon Bank,249 Route 202,Somers,10589,Westchester,"{""type"": ""Point"", ""coordinates"": [-73.68904, 41.32778]}"
Beacon Bank,3649 Lee Road  and  Route 6,Jefferson Valley,10535,Westchester,"{""type"": ""Point"", ""coordinates"": [-73.81038, 41.33188]}"
Beacon Bank,150 ROUTE 6,MAHOPAC,10541,Putnam,"{""type"": ""Point"", ""coordinates"": [-73.75633, 41.3482]}"
Beacon Bank,441 Tarrytown Road,Greenburgh,10607,Westchester,"{""type"": ""Point"", ""coordinates"": [-73.80097, 41.04185]}"
Beacon Bank,29 Taylor Square,East White Plains,10604,Westchester,"{""type"": ""Point"", ""coordinates"": [-73.74787, 41.04212]}"
Beacon Bank,256 ROUTE 52,KENT,10512,Putnam,"{""type"": ""Point"", ""coordinates"": [-73.68003, 41.44018]}"
Beacon Bank,255 Delaware Avenue,Delmar,12054,Albany,"{""type"": ""Point"", ""coordinates"": [-73.8213, 42.62663]}"
Beacon Bank,2477 Route 6,Brewster,10509,Putnam,"{""type"": ""Point"", ""coordinates"": [-73.63522, 41.39994]}"
Beacon Bank,478 White Plains Road,Eastchester,10709,Westchester,"{""type"": ""Point"", ""coordinates"": [-73.81262, 40.95805]}"
Beacon Bank,2002 COMMERCE STREET,YORKTOWN HEIGHTS,10598,Westchester,"{""type"": ""Point"", ""coordinates"": [-73.78125, 41.27721]}"
Beacon Bank,30 SOUTH PEARL ST,ALBANY,12207,Albany,"{""type"": ""Point"", ""coordinates"": [-73.75334, 42.64905]}"
Beacon Bank,144 Route 22,Pawling,12564,Dutchess,"{""type"": ""Point"", ""coordinates"": [-73.58433, 41.53539]}"
Beacon Bank,804 Route 9,Fishkill,12524,Dutchess,"{""type"": ""Point"", ""coordinates"": [-73.90162, 41.54238]}"
Beacon Bank,979 Central Avenue,Albany,12205,Albany,"{""type"": ""Point"", ""coordinates"": [-73.79437, 42.68427]}"
Beacon Bank,628 Loudon Road (Route 9),Latham,12110,Albany,"{""type"": ""Point"", ""coordinates"": [-73.7626, 42.73205]}"
Beacon Bank,76 North Main Street,New City,10956,Rockland,"{""type"": ""Point"", ""coordinates"": [-73.98889, 41.15007]}"
Beacon Bank,576 North Greenbush Road,North Greenbush,12144,Rensselaer,"{""type"": ""Point"", ""coordinates"": [-73.69767, 42.64915]}"
Beacon Bank,Highways 20 & 22,New Lebanon,12125,Columbia,"{""type"": ""Point"", ""coordinates"": [-73.3758, 42.44849]}"
Beacon Bank,140 SANFORD FARMS,AMSTERDAM,12010,Montogomery,"{""type"": ""Point"", ""coordinates"": [-74.18561, 42.96225]}"
Beacon Bank,1 Central Plaza,Ilion,13357,Herkimer,"{""type"": ""Point"", ""coordinates"": [-75.03605, 43.01493]}"
"Berkshire Bank, The",4 East 39th Street,New York,10016,New York,"{""type"": ""Point"", ""coordinates"": [-73.98167, 40.75132]}"
"Berkshire Bank, The",4917 16th Avenue,Brooklyn,11204,Kings,"{""type"": ""Point"", ""coordinates"": [-73.9859, 40.63065]}"
"Berkshire Bank, The",5010 13th Avenue,Brooklyn,11219,Kings,"{""type"": ""Point"", ""coordinates"": [-73.99298, 40.63422]}"
"Berkshire Bank, The",210 Pinehurst Avenue,New York,10033,New York,"{""type"": ""Point"", ""coordinates"": [-73.93788, 40.85519]}"
"Berkshire Bank, The",2 South Church Street,Goshen,10924,Orange,"{""type"": ""Point"", ""coordinates"": [-74.32365, 41.40193]}"
"Berkshire Bank, The",80 Route 17M,Harriman,10926,Orange,"{""type"": ""Point"", ""coordinates"": [-74.15209, 41.30737]}"
"Berkshire Bank, The",5 Broadway,New York,10004,New York,"{""type"": ""Point"", ""coordinates"": [-74.01386, 40.70513]}"
Broadview Federal Credit Union,763 Main Street,Altamont,12009,Albany,"{""type"": ""Point"", ""coordinates"": [-74.02277, 42.70376]}"
Broadview Federal Credit Union,169 Main Street,Cooperstown,13326,Otsego,"{""type"": ""Point"", ""coordinates"": [-74.92744, 42.70119]}"
Broadview Federal Credit Union,82 Court Street,Binghamton,13901,Broome,"{""type"": ""Point"", ""coordinates"": [-75.91198, 42.0987]}"
Broadview Federal Credit Union,401 SALINAS STREET,SYRACUSE,13202,Onondaga,"{""type"": ""Point"", ""coordinates"": [-76.15224, 43.04674]}"
Broadview Federal Credit Union,7 Lowes Drive,Wilton,12831,Saratoga,"{""type"": ""Point"", ""coordinates"": [-73.74598, 43.10339]}"
Broadview Federal Credit Union,1137 Upper Front Street,Binghamton,13905,Broome,"{""type"": ""Point"", ""coordinates"": [-75.9004, 42.14874]}"
Broadview Federal Credit Union,3460 Vestal Parkway,Vestal,13850,Broome,"{""type"": ""Point"", ""coordinates"": [-75.98932, 42.09666]}"
Broadview Federal Credit Union,200 South Pearl Street,Albany,12207,Albany,"{""type"": ""Point"", ""coordinates"": [-73.7559, 42.64352]}"
Broadview Federal Credit Union,89 Miller Road,Castleton,12033,Rensselaer,"{""type"": ""Point"", ""coordinates"": [-73.68227, 42.57947]}"
Broadview Federal Credit Union,107 Simon Drive,Syracuse,13206,Onondaga,"{""type"": ""Point"", ""coordinates"": [-76.10292, 43.05608]}"
Broadview Federal Credit Union,598 Main Street,Buffalo,14202,Erie,"{""type"": ""Point"", ""coordinates"": [-78.87296, 42.89029]}"
Broadview Federal Credit Union,65 Vandenburgh Avenue,Troy,12180,Rensselaer,"{""type"": ""Point"", ""coordinates"": [-73.68912, 42.69822]}"
Broadview Federal Credit Union,5 Empire State Plaza,Albany,12222,Albany,
Broadview Federal Credit Union,5003 State Highway 30,Amsterdam,12010,Albany,"{""type"": ""Point"", ""coordinates"": [-74.18515, 42.95889]}"
Broadview Federal Credit Union,469 State Street,Schenectady,12305,Schenectady,"{""type"": ""Point"", ""coordinates"": [-73.94087, 42.81216]}"
Broadview Federal Credit Union,16 NEW SCOTLAND AVENUE,ALBANY,12208,Albany,"{""type"": ""Point"", ""coordinates"": [-73.77339, 42.65371]}"
Broadview Federal Credit Union,2537 Route 9,Malta,12020,Saratoga,"{""type"": ""Point"", ""coordinates"": [-73.79091, 42.97394]}"
Broadview Federal Credit Union,12 Vista Boulevard,Slingerlands,12159,Albany,"{""type"": ""Point"", ""coordinates"": [-73.8614, 42.64038]}"
Broadview Federal Credit Union,567 MAIN STREET,COBLESKILL,12043,Schoharie,"{""type"": ""Point"", ""coordinates"": [-74.48428, 42.67801]}"
Broadview Federal Credit Union,8086 Brewerton Road,Cicero,13039,Onondaga,"{""type"": ""Point"", ""coordinates"": [-76.11926, 43.16262]}"
Broadview Federal Credit Union,110 8th Street,Troy,12180,Rensselaer,"{""type"": ""Point"", ""coordinates"": [-73.68342, 42.73095]}"
Broadview Federal Credit Union,700 Patroon Creek Blvd,Albany,12206,Albany,"{""type"": ""Point"", ""coordinates"": [-73.80848, 42.68561]}"
Broadview Federal Credit Union,1742 Union Street,Schenectady,12309,Schenectady,"{""type"": ""Point"", ""coordinates"": [-73.90041, 42.80307]}"
Broadview Federal Credit Union,1895 CENTRAL AVE,ALBANY,12205,Albany,"{""type"": ""Point"", ""coordinates"": [-73.85319, 42.73546]}"
Broadview Federal Credit Union,4 Century Hill Drive,Latham,12110,Albany,"{""type"": ""Point"", ""coordinates"": [-73.75392, 42.77095]}"
Broadview Federal Credit Union,100 Van Rensselaer Square,Rensselaer,12144,Rensselaer,"{""type"": ""Point"", ""coordinates"": [-73.68947, 42.65377]}"
Broadview Federal Credit Union,4 Winners Circle,Albany,12205,Albany,"{""type"": ""Point"", ""coordinates"": [-73.79624, 42.72036]}"
Broadview Federal Credit Union,582 Balltown Rd,Schenectady,12309,Schenectady,"{""type"": ""Point"", ""coordinates"": [-73.89243, 42.78378]}"
Broadview Federal Credit Union,799 Hoosick Rd,Troy,12180,Rensselaer,"{""type"": ""Point"", ""coordinates"": [-73.63591, 42.74941]}"
Broadview Federal Credit Union,219 Ontario St,Cohoes,12047,Albany,"{""type"": ""Point"", ""coordinates"": [-73.6961, 42.77428]}"
Broadview Federal Credit Union,1744 Route 9,Clifton Park,12065,Saratoga,"{""type"": ""Point"", ""coordinates"": [-73.7746, 42.87068]}"
Broadview Federal Credit Union,2439 Route 9,Balston Spa,12020,Saratoga,"{""type"": ""Point"", ""coordinates"": [-73.79165, 42.96683]}"
Broadview Federal Credit Union,899 Western Ave,Albany,12203,Albany,"{""type"": ""Point"", ""coordinates"": [-73.80932, 42.67251]}"
Broadview Federal Credit Union,4 Crescent Drive,Kirkwood,13795,Broome,"{""type"": ""Point"", ""coordinates"": [-75.82297, 42.09049]}"
Broadview Federal Credit Union,16 Park Avenue,Clifton Park,12065,Saratoga,"{""type"": ""Point"", ""coordinates"": [-73.77979, 42.86432]}"
Broadview Federal Credit Union,120 Troy Road,East Greenbush,12061,Rensselaer,"{""type"": ""Point"", ""coordinates"": [-73.69994, 42.62434]}"
Broadview Federal Credit Union,256 HOOSICK ROAD - ROUTE 7,TROY,12180,Rensselaer,"{""type"": ""Point"", ""coordinates"": [-73.67136, 42.73809]}"
Broadview Federal Credit Union,110 STATE STREET,ALBANY,12207,Albany,"{""type"": ""Point"", ""coordinates"": [-73.75365, 42.65027]}"
Broadview Federal Credit Union,2114 WESTERN AVENUE,GUILDERLAND,12203,Albany,"{""type"": ""Point"", ""coordinates"": [-73.8879, 42.69755]}"
Broadview Federal Credit Union,655 Patroon Creek Boulevard,Albany,12206,Albany,"{""type"": ""Point"", ""coordinates"": [-73.80795, 42.6838]}"
Broadview Federal Credit Union,388 Clinton Avenue,Albany,12206,Albany,"{""type"": ""Point"", ""coordinates"": [-73.76364, 42.66212]}"
Broadview Federal Credit Union,384 Route 9W,Glenmont,12077,Albany,"{""type"": ""Point"", ""coordinates"": [-73.78942, 42.60318]}"
Broadview Federal Credit Union,40 Wolf Road,Colonie,12205,Albany,"{""type"": ""Point"", ""coordinates"": [-73.81765, 42.71239]}"
Broadview Federal Credit Union,4375 Transit Road,Williamsville,14221,Erie,"{""type"": ""Point"", ""coordinates"": [-78.69607, 42.96663]}"
Broadview Federal Credit Union,3155 Niagara Falls Boulevard,Amherst,14226,Erie,"{""type"": ""Point"", ""coordinates"": [-78.8237, 43.03844]}"
Broadview Federal Credit Union,3200 BALLTOWN ROAD,SCHENECTADY,12304,Schenectady,"{""type"": ""Point"", ""coordinates"": [-73.89351, 42.7827]}"
Buffalo Metropolitan Federal CU,65 Niagara Square,Buffalo,14202,Erie,"{""type"": ""Point"", ""coordinates"": [-78.87878, 42.88653]}"
Buffalo Metropolitan Federal CU,50 Delaware Avenue,Buffalo,14202,Erie,"{""type"": ""Point"", ""coordinates"": [-78.87851, 42.88531]}"
Buffalo Metropolitan Federal CU,62 SOUTH ELMWOOD AVE,BUFFALO,14202,Erie,"{""type"": ""Point"", ""coordinates"": [-78.88003, 42.88716]}"
Buffalo Service Credit Union,3495 Bailey Ave.,Buffalo,14215,Erie,"{""type"": ""Point"", ""coordinates"": [-78.81275, 42.95164]}"
Buffalo Service Credit Union,111 W. Huron St.,Buffalo,14202,Erie,"{""type"": ""Point"", ""coordinates"": [-78.87805, 42.88946]}"
CFCU Community Credit Union,"The Campus Store, Cornell University",Ithaca,14853,Tompkins,
CFCU Community Credit Union,800 Warren Road,Ithaca,14850,Tompkins,"{""type"": ""Point"", ""coordinates"": [-76.47204, 42.49682]}"
CFCU Community Credit Union,1022 ELLIS HOLLOW ROAD,ITHACA,14850,Tompkins,"{""type"": ""Point"", ""coordinates"": [-76.46233, 42.43582]}"
CFCU Community Credit Union,182 PORT WATSON STREET,CORTLAND,13045,Cortland,"{""type"": ""Point"", ""coordinates"": [-76.16525, 42.59831]}"
CFCU Community Credit Union,3910 Route 281,Cortland,13045,Cortland,"{""type"": ""Point"", ""coordinates"": [-76.20634, 42.59554]}"
CFCU Community Credit Union,409 North Meadow Street,Ithaca,14850,Tompkins,"{""type"": ""Point"", ""coordinates"": [-76.50853, 42.44288]}"
CFCU Community Credit Union,15 NEUBIG ROAD,CORTLAND,13045,Cortland,"{""type"": ""Point"", ""coordinates"": [-76.19371, 42.5957]}"
CFCU Community Credit Union,1030 Craft Road,Ithaca,14850,Tompkins,"{""type"": ""Point"", ""coordinates"": [-76.48591, 42.49172]}"
CFCU Community Credit Union,130 STATLER DRIVE,ITHACA,14853,Tompkins,"{""type"": ""Point"", ""coordinates"": [-76.48185, 42.44648]}"
CFCU Community Credit Union,953 Danby Rd,Ithaca,14850,Tompkins,"{""type"": ""Point"", ""coordinates"": [-76.50096, 42.42201]}"
CFCU Community Credit Union,203 EAST SENECA STREET,ITHACA,14850,Tompkins,"{""type"": ""Point"", ""coordinates"": [-76.49639, 42.44047]}"
CFCU Community Credit Union,200-204 EAST STATE STREET,ITHACA,14850,Tompkins,"{""type"": ""Point"", ""coordinates"": [-76.49654, 42.43962]}"
CFCU Community Credit Union,1959 RT 5 AND 20,WATERLOO,13165,Seneca,"{""type"": ""Point"", ""coordinates"": [-76.83431, 42.90331]}"
CFCU Community Credit Union,7200 KIRKVILLE ROAD,EAST SYRACUSE,13057,Onondaga,"{""type"": ""Point"", ""coordinates"": [-76.02547, 43.07996]}"
CFCU Community Credit Union,651 CENTERVILLE PLACE,NORTH SYRACUSE,13212,Onondaga,"{""type"": ""Point"", ""coordinates"": [-76.12729, 43.136]}"
CFCU Community Credit Union,99 SHERATON DRIVE,ITHACA,14850,Tompkins,"{""type"": ""Point"", ""coordinates"": [-76.4792, 42.47869]}"
CTBC Bank Corp. (USA),54-18 8th Avenue,Brooklyn,11220,Kings,"{""type"": ""Point"", ""coordinates"": [-73.97263, 40.67398]}"
CTBC Bank Corp. (USA),41-99 Main Street,Flushing,11355,Queens,"{""type"": ""Point"", ""coordinates"": [-73.82837, 40.75554]}"
Canandaigua Federal Credit Union,3210 Eastern Boulevard,Canandaigua,14424,Ontario,"{""type"": ""Point"", ""coordinates"": [-77.24555, 42.87468]}"
Canandaigua National Corporation,2075 Monroe Avenue,Rochester,14618,Monroe,"{""type"": ""Point"", ""coordinates"": [-77.56227, 43.12394]}"
Canandaigua National Corporation,1816 Penfield Road,Penfield,14526,Monroe,"{""type"": ""Point"", ""coordinates"": [-77.47649, 43.13014]}"
Canandaigua National Corporation,119 South Main Street,Manchester,14504,Ontario,"{""type"": ""Point"", ""coordinates"": [-77.23026, 42.96047]}"
Canandaigua National Corporation,45 East Main Street,Rochester,14614,Monroe,"{""type"": ""Point"", ""coordinates"": [-77.61151, 43.15593]}"
Canandaigua National Corporation,1155 Ridge Road,Webster,14580,Monroe,"{""type"": ""Point"", ""coordinates"": [-77.44378, 43.20998]}"
Canandaigua National Corporation,17 Chapin Street,Canandaigua,14424,Ontario,"{""type"": ""Point"", ""coordinates"": [-77.28138, 42.88685]}"
Canandaigua National Corporation,1575 Mount Hope Avenue,Rochester,14620,Monroe,"{""type"": ""Point"", ""coordinates"": [-77.62056, 43.11911]}"
Canandaigua National Corporation,3204 Latta Road,Rochester,14626,Monroe,"{""type"": ""Point"", ""coordinates"": [-77.69921, 43.2535]}"
Canandaigua National Corporation,1341 Mount Hope Avenue,Rochester,14620,Monroe,"{""type"": ""Point"", ""coordinates"": [-77.61813, 43.12347]}"
Canandaigua National Corporation,291 Hamilton Street,Geneva,14456,Ontario,"{""type"": ""Point"", ""coordinates"": [-76.99476, 42.85882]}"
Canandaigua National Corporation,4765 Lake Rd,Brockport,14420,Monroe,"{""type"": ""Point"", ""coordinates"": [-77.9435, 43.19892]}"
Canandaigua National Corporation,7507 Oswego Rd,Liverpool,13090,Onondaga,"{""type"": ""Point"", ""coordinates"": [-76.22203, 43.13378]}"
Canandaigua National Corporation,333 W Washington St,Syracuse,13202,Sullivan,"{""type"": ""Point"", ""coordinates"": [-76.15659, 43.04936]}"
Canandaigua National Corporation,8065 Brewerton Rd,Cicero,13039,Onondaga,"{""type"": ""Point"", ""coordinates"": [-76.1202, 43.1616]}"
Canandaigua National Corporation,1225 Commons Way,Rochester,14623,Monroe,"{""type"": ""Point"", ""coordinates"": [-77.60676, 43.08327]}"
Canandaigua National Corporation,709 South Main Street,Canandaigua,14424,Ontario,"{""type"": ""Point"", ""coordinates"": [-77.27278, 42.87674]}"
Canandaigua National Corporation,210 Alexander Street,Rochester,14607,Monroe,"{""type"": ""Point"", ""coordinates"": [-77.5974, 43.14937]}"
Canandaigua National Corporation,4 Main Street,Bloomfield,14469,Ontario,"{""type"": ""Point"", ""coordinates"": [-77.42019, 42.90193]}"
Canandaigua National Corporation,7979 Victor Pittsford Road,Victor,14564,Ontario,"{""type"": ""Point"", ""coordinates"": [-77.44316, 43.03129]}"
Canandaigua National Corporation,60-70 South Main Street,Canandaigua,14424,Ontario,"{""type"": ""Point"", ""coordinates"": [-77.28152, 42.88654]}"
Canandaigua National Corporation,3228 Chili Avenue,Rochester,14626,Monroe,"{""type"": ""Point"", ""coordinates"": [-77.75297, 43.10427]}"
Canandaigua National Corporation,6183 Route 96,Farmington,14425,Ontario,"{""type"": ""Point"", ""coordinates"": [-77.36328, 42.97436]}"
Canandaigua National Corporation,2455 West Ridge Road,Rochester,14626,Monroe,"{""type"": ""Point"", ""coordinates"": [-77.69403, 43.20908]}"
Canandaigua National Corporation,8633 U.S. Route 20A,Honeoye,14471,Ontario,"{""type"": ""Point"", ""coordinates"": [-77.51014, 42.78909]}"
Canandaigua National Corporation,99 West Main Street,Honeoye Falls,14472,Monroe,"{""type"": ""Point"", ""coordinates"": [-77.59907, 42.95022]}"
Canandaigua National Corporation,2128 Hudson Avenue,Rochester,14617,Monroe,"{""type"": ""Point"", ""coordinates"": [-77.60024, 43.20678]}"
Canandaigua National Corporation,51 Assembly Drive,Mendon,14506,Monroe,"{""type"": ""Point"", ""coordinates"": [-77.50824, 43.0004]}"
Canandaigua National Corporation,6720 Pittsford Palmyra Road,Fairport,14450,Monroe,"{""type"": ""Point"", ""coordinates"": [-77.44109, 43.06954]}"
Canandaigua National Corporation,18 State Street,Pittsford,14534,Monroe,"{""type"": ""Point"", ""coordinates"": [-77.5142, 43.09077]}"
Canandaigua National Corporation,61 West Main Street,Victor,14564,Ontario,"{""type"": ""Point"", ""coordinates"": [-77.41146, 42.98312]}"
Canandaigua National Corporation,1998 Empire Boulevard,Webster,14580,Monroe,"{""type"": ""Point"", ""coordinates"": [-77.50061, 43.19361]}"
"Capital One, N.A.",95-25 QUEENS BOULEVARD,REGO PARK,11374,Queens,"{""type"": ""Point"", ""coordinates"": [-73.8639, 40.7309]}"
"Capital One, N.A.",1701 SUNRISE HIGHWAY,BAY SHORE,11706,Suffolk,"{""type"": ""Point"", ""coordinates"": [-73.24566, 40.74012]}"
"Capital One, N.A.",315 WYCKOFF AVENUE,BROOKLYN,11237,Kings,"{""type"": ""Point"", ""coordinates"": [-73.91193, 40.70001]}"
"Capital One, N.A.",3345 FULTON STREET,BROOKLYN,11208,Kings,"{""type"": ""Point"", ""coordinates"": [-73.87186, 40.68376]}"
"Capital One, N.A.",40-20 QUEENS BOULVARD,SUNNYSIDE,11104,Queens,"{""type"": ""Point"", ""coordinates"": [-73.92355, 40.74357]}"
"Capital One, N.A.",530 NORTH BROADWAY,WHITE PLAINS,10603,Westchester,"{""type"": ""Point"", ""coordinates"": [-73.77032, 41.05162]}"
"Capital One, N.A.",31-17 BROADWAY,ASTORIA,11102,Queens,"{""type"": ""Point"", ""coordinates"": [-73.92474, 40.76167]}"
"Capital One, N.A.",1425 ROCKAWAY PARKWAY,BROOKLYN,11236,Kings,"{""type"": ""Point"", ""coordinates"": [-73.90236, 40.6455]}"
"Capital One, N.A.",41-60 MAIN STREET,FLUSHING,11355,Queens,"{""type"": ""Point"", ""coordinates"": [-73.82867, 40.7563]}"
"Capital One, N.A.",46 EAST ROUTE 59,NANUET,10954,Rockland,"{""type"": ""Point"", ""coordinates"": [-74.01, 41.09653]}"
"Capital One, N.A.",7110 5TH AVENUE,BROOKLYN,11209,Kings,"{""type"": ""Point"", ""coordinates"": [-74.02148, 40.63227]}"
"Capital One, N.A.",190 Broadway,Hicksville,11801,Nassau,"{""type"": ""Point"", ""coordinates"": [-73.52053, 40.7645]}"
"Capital One, N.A.",3721 HEMPSTEAD TURNPIKE,LEVITTOWN,11756,Nassau,"{""type"": ""Point"", ""coordinates"": [-73.49846, 40.72567]}"
"Capital One, N.A.",764 WHITE PLAINS ROAD,SCARSDALE,10583,Westchester,"{""type"": ""Point"", ""coordinates"": [-73.80328, 40.97371]}"
"Capital One, N.A.",2159 WHITE PLAINS ROAD,BRONX,10462,Bronx,"{""type"": ""Point"", ""coordinates"": [-73.86767, 40.85525]}"
"Capital One, N.A.",131 PORTION ROAD,RONKONKOMA,11779,Suffolk,"{""type"": ""Point"", ""coordinates"": [-73.10844, 40.8271]}"
"Capital One, N.A.",5102 CHURCH AVENUE,BROOKLYN,11203,Kings,"{""type"": ""Point"", ""coordinates"": [-73.92915, 40.652]}"
"Capital One, N.A.",516 5TH AVENUE,BROOKLYN,11215,Kings,"{""type"": ""Point"", ""coordinates"": [-73.98824, 40.66684]}"
"Capital One, N.A.",510 GRAMATAN AVENUE,MOUNT VERNON,10552,Westchester,"{""type"": ""Point"", ""coordinates"": [-73.8363, 40.92465]}"
"Capital One, N.A.",20-02 FRANCIS LEWIS BOULEVARD,WHITESTONE,11357,Queens,"{""type"": ""Point"", ""coordinates"": [-73.80271, 40.78027]}"
"Capital One, N.A.",1080 ROUTE 58,RIVERHEAD,11901,Suffolk,"{""type"": ""Point"", ""coordinates"": [-72.676, 40.93355]}"
"Capital One, N.A.",4625 SUNRISE HIGHWAY,BOHEMIA,11716,Suffolk,"{""type"": ""Point"", ""coordinates"": [-73.11469, 40.75585]}"
"Capital One, N.A.",46 WINDMILL LANE,SOUTHAMPTON,11968,Suffolk,"{""type"": ""Point"", ""coordinates"": [-72.39238, 40.88496]}"
"Capital One, N.A.",45-05 BELL BOULEVARD,BAYSIDE,11364,Queens,"{""type"": ""Point"", ""coordinates"": [-73.76917, 40.76]}"
"Capital One, N.A.",115 FOREST AVENUE,GLEN COVE,11542,Nassau,"{""type"": ""Point"", ""coordinates"": [-73.62107, 40.8739]}"
"Capital One, N.A.",620 WEST 181ST STREET,NEW YORK,10033,New York,"{""type"": ""Point"", ""coordinates"": [-73.9347, 40.84973]}"
"Capital One, N.A.",800 MONTAUK HIGHWAY,SHIRLEY,11967,Suffolk,"{""type"": ""Point"", ""coordinates"": [-72.86729, 40.80024]}"
"Capital One, N.A.",1085 NORTHERN BOULEVARD,ROSLYN,11576,Nassau,"{""type"": ""Point"", ""coordinates"": [-73.66031, 40.79957]}"
"Capital One, N.A.",121 MIDDLE NECK ROAD,GREAT NECK,11021,Nassau,"{""type"": ""Point"", ""coordinates"": [-73.72983, 40.79005]}"
"Capital One, N.A.",151 EAST FORDHAM ROAD,BRONX,10468,Bronx,"{""type"": ""Point"", ""coordinates"": [-73.89783, 40.8624]}"
"Capital One, N.A.",2303 GRAND AVENUE,BALDWIN,11510,Nassau,"{""type"": ""Point"", ""coordinates"": [-73.61012, 40.65451]}"
"Capital One, N.A.",1941 WILLIAMSBRIDGE ROAD,BRONX,10461,Bronx,"{""type"": ""Point"", ""coordinates"": [-73.85376, 40.85308]}"
"Capital One, N.A.",4201 WHITE PLAINS ROAD,BRONX,10466,Bronx,"{""type"": ""Point"", ""coordinates"": [-73.85724, 40.89366]}"
"Capital One, N.A.",3159 BAINBRIDGE AVENUE,BRONX,10467,Bronx,"{""type"": ""Point"", ""coordinates"": [-73.87943, 40.87478]}"
"Capital One, N.A.",114-19 LIBERTY AVENUE,RICHMOND HILL,11419,Queens,"{""type"": ""Point"", ""coordinates"": [-73.82797, 40.68571]}"
"Capital One, N.A.",1995 New Highway,Farmingdale,11735,Nassau,"{""type"": ""Point"", ""coordinates"": [-73.41411, 40.75472]}"
"Capital One, N.A.",155-14 CROSS BAY BOULEVARD,HOWARD BEACH,11414,Queens,"{""type"": ""Point"", ""coordinates"": [-73.84145, 40.66441]}"
"Capital One, N.A.",116 E.MAIN STREET,PATCHOGUE,11772,Suffolk,"{""type"": ""Point"", ""coordinates"": [-73.01254, 40.76574]}"
"Capital One, N.A.",257-03 HILLSIDE AVENUE,FLORAL PARK,11004,Nassau,"{""type"": ""Point"", ""coordinates"": [-73.71077, 40.73717]}"
"Capital One, N.A.",380 Hillside Avenue,Williston Park,11596,Nassau,"{""type"": ""Point"", ""coordinates"": [-73.65495, 40.75403]}"
"Capital One, N.A.",4612 13TH AVENUE,BROOKLYN,11219,Kings,"{""type"": ""Point"", ""coordinates"": [-73.99066, 40.63642]}"
"Capital One, N.A.",172 MONTAUK HIGHWAY,SPEONK,11972,Suffolk,"{""type"": ""Point"", ""coordinates"": [-72.69919, 40.81906]}"
"Capital One, N.A.",146-21 JAMAICA AVENUE,JAMAICA,11435,Queens,"{""type"": ""Point"", ""coordinates"": [-73.80858, 40.7018]}"
"Capital One, N.A.",61-24 188TH STREET,FLUSHING,11365,Queens,"{""type"": ""Point"", ""coordinates"": [-73.78651, 40.74034]}"
"Capital One, N.A.",927 FLATBUSH AVENUE,BROOKLYN,11226,Kings,"{""type"": ""Point"", ""coordinates"": [-73.95839, 40.64911]}"
"Capital One, N.A.",211 DYCKMAN STREET,NEW YORK,10040,New York,"{""type"": ""Point"", ""coordinates"": [-73.92703, 40.86519]}"
"Capital One, N.A.",2003 SMITH HAVEN PLAZA,LAKE GROVE,11755,Suffolk,"{""type"": ""Point"", ""coordinates"": [-73.13059, 40.86822]}"
"Capital One, N.A.",557 MELROSE AVENUE,BRONX,10455,Bronx,"{""type"": ""Point"", ""coordinates"": [-73.91764, 40.81635]}"
"Capital One, N.A.",249 EAST 86TH STREET,NEW YORK,10028,New York,"{""type"": ""Point"", ""coordinates"": [-73.95201, 40.77798]}"
"Capital One, N.A.",11700 MAIN ROAD,MATTITUCK,11952,Suffolk,"{""type"": ""Point"", ""coordinates"": [-72.53453, 40.98823]}"
"Capital One, N.A.",19 WEST JERICHO TURNPIKE,HUNTINGTON STATION,11746,Suffolk,"{""type"": ""Point"", ""coordinates"": [-73.41023, 40.82861]}"
"Capital One, N.A.",301 WEST 125TH STREET,NEW YORK,10027,New York,"{""type"": ""Point"", ""coordinates"": [-73.95153, 40.81032]}"
"Capital One, N.A.",341 EASTERN PARKWAY,BROOKLYN,11216,Kings,"{""type"": ""Point"", ""coordinates"": [-73.95777, 40.6708]}"
"Capital One, N.A.",1328 BROADWAY,MANHATTAN,10001,New York,"{""type"": ""Point"", ""coordinates"": [-73.98791, 40.74988]}"
"Capital One, N.A.",731 Lexington Avenue,New York,10022,New York,"{""type"": ""Point"", ""coordinates"": [-73.9684, 40.76194]}"
"Capital One, N.A.",1307 WALT WHITMAN RD,MELVILLE,11747,Suffolk,"{""type"": ""Point"", ""coordinates"": [-73.42495, 40.78403]}"
"Capital One, N.A.",61-24 188TH ST,FLUSHING,11365,Queens,"{""type"": ""Point"", ""coordinates"": [-73.78651, 40.74034]}"
"Capital One, N.A.",1223 Avenue J,Brooklyn,11230,Kings,"{""type"": ""Point"", ""coordinates"": [-73.96339, 40.62495]}"
"Capital One, N.A.",1523 AVENUE U,Brooklyn,11229,Kings,"{""type"": ""Point"", ""coordinates"": [-73.9556, 40.59892]}"
"Capital One, N.A.",244 BEDFORD AVE,BROOKLYN,11249,Kings,"{""type"": ""Point"", ""coordinates"": [-73.95984, 40.71586]}"
"Capital One, N.A.",369 MERRICK AVE,EAST MEADOW,11554,Nassau,"{""type"": ""Point"", ""coordinates"": [-73.57268, 40.71346]}"
"Capital One, N.A.",380 HILLSIDE AVE,WILLISTON PARK,11596,Nassau,"{""type"": ""Point"", ""coordinates"": [-73.65495, 40.75403]}"
"Capital One, N.A.",750 W SUNRISE HWY,VALLEY STREAM,11581,Nassau,"{""type"": ""Point"", ""coordinates"": [-73.7267, 40.66407]}"
"Capital One, N.A.",853 BROADWAY,NEW YORK,10003,New York,"{""type"": ""Point"", ""coordinates"": [-73.99074, 40.73473]}"
"Capital One, N.A.",1843 Broadway,New York,10023,New York,"{""type"": ""Point"", ""coordinates"": [-73.98222, 40.76937]}"
"Capital One, N.A.",7979 Victor-Pittsford Rd,Victor,14564,Ontario,"{""type"": ""Point"", ""coordinates"": [-77.44316, 43.03129]}"
"Capital One, N.A.",555 BROADWAY,NEW YORK,10012,New York,"{""type"": ""Point"", ""coordinates"": [-73.99813, 40.72379]}"
"Capital One, N.A.",422 Hillside Avenue,Williston Park,11596,Nassau,"{""type"": ""Point"", ""coordinates"": [-73.65609, 40.75451]}"
"Capital One, N.A.",300 SOUTH WELLWOOD AVENUE,LINDENHURST,11757,Suffolk,"{""type"": ""Point"", ""coordinates"": [-73.36996, 40.68413]}"
"Capital One, N.A.",216-19 JAMAICA AVENUE,QUEENS VILLAGE,11423,Queens,"{""type"": ""Point"", ""coordinates"": [-73.73816, 40.71768]}"
"Capital One, N.A.",37-02 82 STREET,JACKSON HEIGHTS,11372,Queens,"{""type"": ""Point"", ""coordinates"": [-73.88427, 40.7495]}"
"Capital One, N.A.",2050 JERICHO TURNPIKE,COMMACK,11725,Suffolk,"{""type"": ""Point"", ""coordinates"": [-73.27367, 40.8448]}"
"Capital One, N.A.",3230 SUNRISE HIGHWAY,WANTAGH,11793,Nassau,"{""type"": ""Point"", ""coordinates"": [-73.51015, 40.67136]}"
"Capital One, N.A.",466 CENTRAL AVENUE,CEDARHURST,11516,Nassau,"{""type"": ""Point"", ""coordinates"": [-73.72479, 40.62091]}"
"Capital One, N.A.",225 GLEN COVE ROAD,CARLE PLACE,11514,Nassau,"{""type"": ""Point"", ""coordinates"": [-73.61753, 40.74833]}"
"Capital One, N.A.",611 HEMPSTEAD AVENUE,WEST HEMPSTEAD,11552,Nassau,"{""type"": ""Point"", ""coordinates"": [-73.65702, 40.69336]}"
"Capital One, N.A.",144 MANETTO HILL ROAD,PLAINVIEW,11803,Nassau,"{""type"": ""Point"", ""coordinates"": [-73.47256, 40.78255]}"
"Capital One, N.A.",75-21 MAIN STREET,KEW GARDENS HILLS,11367,Queens,"{""type"": ""Point"", ""coordinates"": [-73.82005, 40.72349]}"
"Capital One, N.A.",2150-54 86TH STREET,BROOKLYN,11214,Kings,"{""type"": ""Point"", ""coordinates"": [-73.99485, 40.60254]}"
"Capital One, N.A.",2530 FLATBUSH AVENUE,BROOKLYN,11234,Kings,"{""type"": ""Point"", ""coordinates"": [-73.92146, 40.60871]}"
Carver Federal Savings Bank,115-02 Merrick Boulevard,Jamaica,11434,Queens,"{""type"": ""Point"", ""coordinates"": [-73.77785, 40.68977]}"
Carver Federal Savings Bank,1009 Nostrand Avenue,Brooklyn,11225,Kings,"{""type"": ""Point"", ""coordinates"": [-73.95094, 40.66374]}"
Carver Federal Savings Bank,75 West 125th Street,New York,10027,New York,"{""type"": ""Point"", ""coordinates"": [-73.94488, 40.80753]}"
Carver Federal Savings Bank,4 Hanson Place,Brooklyn,11217,Kings,"{""type"": ""Point"", ""coordinates"": [-73.97702, 40.6852]}"
Carver Federal Savings Bank,142 Malcolm X Boulevard,New York,10026,New York,"{""type"": ""Point"", ""coordinates"": [-73.94923, 40.80253]}"
Carver Federal Savings Bank,1392 Fulton Street,Brooklyn,11216,Kings,"{""type"": ""Point"", ""coordinates"": [-73.9451, 40.68014]}"
Carver Federal Savings Bank,833 FLATBUSH AVENUE,BROOKLYN,11226,Kings,"{""type"": ""Point"", ""coordinates"": [-73.95909, 40.65186]}"
Cathay Bank,159 Canal St,NY,10013,New York,"{""type"": ""Point"", ""coordinates"": [-73.99661, 40.71641]}"
Cathay Bank,45 EAST BROADWAY,NEW YORK,10002,New York,"{""type"": ""Point"", ""coordinates"": [-73.99592, 40.71357]}"
Cathay Bank,6912 18th Ave,Brooklyn,11201,Kings,"{""type"": ""Point"", ""coordinates"": [-73.99281, 40.61653]}"
Cathay Bank,41-48 Main Street,Flushing,11355,Queens,"{""type"": ""Point"", ""coordinates"": [-73.82883, 40.75671]}"
Cathay Bank,5402 8th Avenue,Brooklyn,11220,Kings,"{""type"": ""Point"", ""coordinates"": [-74.00612, 40.63878]}"
Cathay Bank,40-14 Main Street,Flushing,11354,Queens,"{""type"": ""Point"", ""coordinates"": [-73.82994, 40.75918]}"
Cathay Bank,36-54 Main Street,Flushing,11354,Queens,"{""type"": ""Point"", ""coordinates"": [-73.83129, 40.76185]}"
Cathay Bank,82-62 Broadway,Elmhurst,11373,Queens,"{""type"": ""Point"", ""coordinates"": [-73.88111, 40.74157]}"
Cattaraugus County Bank,517 PINE STREET,SOUTH DAYTON,14138,Cattaraugus,"{""type"": ""Point"", ""coordinates"": [-79.05692, 42.36463]}"
Cattaraugus County Bank,42 Main Street,Randolph,14772,Cattaraugus,"{""type"": ""Point"", ""coordinates"": [-78.96985, 42.16355]}"
Cattaraugus County Bank,550 Broad Street,Salamanca,14779,Cattaraugus,"{""type"": ""Point"", ""coordinates"": [-78.73549, 42.15844]}"
Cattaraugus County Bank,284 East Fairmount Avenue,Lakewood,14750,Chautauqua,"{""type"": ""Point"", ""coordinates"": [-79.30691, 42.09776]}"
Cattaraugus County Bank,325 South Cascade Drive,Springville,14141,Erie,"{""type"": ""Point"", ""coordinates"": [-78.69015, 42.50056]}"
Cattaraugus County Bank,1165 Main Street,Dunkirk,14048,Chautauqua,"{""type"": ""Point"", ""coordinates"": [-79.32442, 42.46537]}"
Cattaraugus County Bank,120 Main Street,Little Valley,14755,Cattaraugus,"{""type"": ""Point"", ""coordinates"": [-78.79828, 42.24971]}"
Cayuga Lake National Bank,397 Main Street,Aurora,13026,Cayuga,"{""type"": ""Point"", ""coordinates"": [-76.70275, 42.75502]}"
Cayuga Lake National Bank,3077 N Triphammer Rd,Lansing,14882,Tompkins,"{""type"": ""Point"", ""coordinates"": [-76.49251, 42.53653]}"
Cayuga Lake National Bank,165 CAYUGA STREET,UNION SPRINGS,13160,Cayuga,"{""type"": ""Point"", ""coordinates"": [-76.69185, 42.84253]}"
Champlain National Bank,636 Route 11,Champlain,12919,Clinton,"{""type"": ""Point"", ""coordinates"": [-73.42327, 44.98293]}"
Champlain National Bank,7558 Court Street,Elizabethtown,12932,Essex,"{""type"": ""Point"", ""coordinates"": [-73.59414, 44.21445]}"
Champlain National Bank,32 Cornelia Street,Plattsburgh,12901,Clinton,"{""type"": ""Point"", ""coordinates"": [-73.45337, 44.69952]}"
Champlain National Bank,151Church Street,Saranac Lake,12983,Franklin,"{""type"": ""Point"", ""coordinates"": [-74.13063, 44.32879]}"
Champlain National Bank,500 State Route 3,Plattsburg,12901,Clinton,"{""type"": ""Point"", ""coordinates"": [-73.49703, 44.69629]}"
Champlain National Bank,2687 Main Street,Crown Point,12928,Essex,"{""type"": ""Point"", ""coordinates"": [-73.42244, 43.95056]}"
Champlain National Bank,6478 Main Street,Westport,12993,Essex,"{""type"": ""Point"", ""coordinates"": [-73.43323, 44.18247]}"
Champlain National Bank,3900 State Route 22,Willsboro,12996,Essex,"{""type"": ""Point"", ""coordinates"": [-73.39592, 44.36992]}"
Champlain National Bank,10849 NYS Route 9N,Keene,12942,Essex,"{""type"": ""Point"", ""coordinates"": [-73.78692, 44.25248]}"
Champlain National Bank,2040 Saranac Avenue,Lake Placid,12946,Essex,"{""type"": ""Point"", ""coordinates"": [-74.00205, 44.2962]}"
Chemung Canal Trust Company,201 BATH PLAZA,BATH,14810,Steuben,"{""type"": ""Point"", ""coordinates"": [-77.33229, 42.3387]}"
Chemung Canal Trust Company,149 West Market Street,Corning,14830,Steuben,"{""type"": ""Point"", ""coordinates"": [-77.06007, 42.14478]}"
Chemung Canal Trust Company,100 West McCann's Boulevard,Elmira Heights,14903,Chemung,"{""type"": ""Point"", ""coordinates"": [-76.82363, 42.11941]}"
Chemung Canal Trust Company,602 South Main Street,Horseheads,14845,Chemung,"{""type"": ""Point"", ""coordinates"": [-76.81817, 42.16338]}"
Chemung Canal Trust Company,303 West Main Street,Montour Falls,14865,Schuyler,"{""type"": ""Point"", ""coordinates"": [-76.84803, 42.3459]}"
Chemung Canal Trust Company,203 Main Street,Owego,13827,Tioga,"{""type"": ""Point"", ""coordinates"": [-76.26157, 42.10399]}"
Chemung Canal Trust Company,951 Pennsylvania Avenue,Elmira,14904,Chemung,"{""type"": ""Point"", ""coordinates"": [-76.80941, 42.06142]}"
Chemung Canal Trust Company,318 North Franklin Street,Watkins Glen,14891,Schuyler,"{""type"": ""Point"", ""coordinates"": [-76.87356, 42.38075]}"
Chemung Canal Trust Company,405 Chemung St.,Waverly,14892,Tioga,"{""type"": ""Point"", ""coordinates"": [-76.53485, 42.00714]}"
Chemung Canal Trust Company,628 West Church Street,Elmira,14905,Chemung,"{""type"": ""Point"", ""coordinates"": [-76.82207, 42.08607]}"
Chemung Canal Trust Company,29 Arnot Road,Horseheads,14845,Chemung,"{""type"": ""Point"", ""coordinates"": [-76.87516, 42.16193]}"
Chemung Canal Trust Company,65 Wolf Road,Albany,12205,Albany,"{""type"": ""Point"", ""coordinates"": [-73.81357, 42.71329]}"
Chemung Canal Trust Company,909 Hanshaw Road,Ithaca,14850,Tompkins,"{""type"": ""Point"", ""coordinates"": [-76.47861, 42.46888]}"
Chemung Canal Trust Company,594 LOUDON ROAD,LATHAM,12110,Albany,"{""type"": ""Point"", ""coordinates"": [-73.76105, 42.72824]}"
Chemung Canal Trust Company,806 West Buffalo Street,Ithaca,14850,Tompkins,"{""type"": ""Point"", ""coordinates"": [-76.51293, 42.44127]}"
Chemung Canal Trust Company,127 Court Street,Binghamton,13901,Broome,"{""type"": ""Point"", ""coordinates"": [-75.90922, 42.09928]}"
Chemung Canal Trust Company,1365 New Scotland Road,Slingerlands,12159,Albany,"{""type"": ""Point"", ""coordinates"": [-73.85742, 42.63872]}"
Chemung Canal Trust Company,110 GENESEE STREET,AUBURN,13021,Cayuga,"{""type"": ""Point"", ""coordinates"": [-76.56761, 42.93106]}"
Chemung Canal Trust Company,185 Grant Avenue,Auburn,13021,Cayuga,"{""type"": ""Point"", ""coordinates"": [-76.54945, 42.94675]}"
Chemung Canal Trust Company,953 Danby Rd,Ithaca,14850,Tompkins,"{""type"": ""Point"", ""coordinates"": [-76.50096, 42.42201]}"
Chemung Canal Trust Company,2 Rush St,Schenectady,12305,Schenectady,"{""type"": ""Point"", ""coordinates"": [-73.9368, 42.82229]}"
Chemung Canal Trust Company,3057 Route 50,Saratoga Springs,12866,Saratoga,"{""type"": ""Point"", ""coordinates"": [-73.74144, 43.10401]}"
Chemung Canal Trust Company,9159 Main St,Clarence,14031,Erie,"{""type"": ""Point"", ""coordinates"": [-78.64948, 42.96934]}"
Chemung Canal Trust Company,55 Eagle St,Albany,12207,Albany,"{""type"": ""Point"", ""coordinates"": [-73.75639, 42.65027]}"
Chemung Canal Trust Company,25 PARK AVE,CLIFTON PARK,12065,Albany,"{""type"": ""Point"", ""coordinates"": [-73.78158, 42.86599]}"
Chemung Canal Trust Company,100 Rano Boulevard,Vestal,13850,Broome,"{""type"": ""Point"", ""coordinates"": [-76.00488, 42.09335]}"
Chemung Canal Trust Company,54 Fall Street,Seneca Falls,13148,Seneca,"{""type"": ""Point"", ""coordinates"": [-76.79666, 42.91033]}"
Chemung Canal Trust Company,1094 Highway 222,Cortland,13045,Cortland,"{""type"": ""Point"", ""coordinates"": [-76.20259, 42.59865]}"
Chemung Canal Trust Company,One Chemung Canal Plaza,Elmira,14902,Chemung,"{""type"": ""Point"", ""coordinates"": [-76.80334, 42.08865]}"
Citibank N. A.,80 Broad Street,New York,10004,New York,"{""type"": ""Point"", ""coordinates"": [-74.01157, 40.70426]}"
Citibank N. A.,1391 Madison Avenue,New York,10128,New York,"{""type"": ""Point"", ""coordinates"": [-73.95381, 40.78773]}"
Citibank N. A.,333 Park Avenue South,New York,10022,New York,"{""type"": ""Point"", ""coordinates"": [-73.97356, 40.75756]}"
Citibank N. A.,1384 Broadway,New York,10018,New York,"{""type"": ""Point"", ""coordinates"": [-73.98737, 40.75266]}"
Citibank N. A.,441 Columbus Avenue,New York,10024,New York,"{""type"": ""Point"", ""coordinates"": [-73.97444, 40.78341]}"
Citibank N. A.,666 Fifth Avenue,New York,10103,New York,"{""type"": ""Point"", ""coordinates"": [-73.97591, 40.7603]}"
Citibank N. A.,974 Third Avenue,New York,10022,New York,"{""type"": ""Point"", ""coordinates"": [-73.96682, 40.76122]}"
Citibank N. A.,170 North Main Street,New City,10956,Rockland,"{""type"": ""Point"", ""coordinates"": [-73.98793, 41.15443]}"
Citibank N. A.,785 Fifth Avenue,New York,10022,New York,"{""type"": ""Point"", ""coordinates"": [-73.9727, 40.76472]}"
Citibank N. A.,1727 Veterans Memorial Highway,Islandia,11749,Nassau,"{""type"": ""Point"", ""coordinates"": [-73.18017, 40.80573]}"
Citibank N. A.,3924 East Tremont Avenue,Bronx,10465,Bronx,"{""type"": ""Point"", ""coordinates"": [-73.81918, 40.82178]}"
Citibank N. A.,2481 Adam Clayton Boulevard,New York,10030,New York,"{""type"": ""Point"", ""coordinates"": [-73.93939, 40.82107]}"
Citibank N. A.,18 East Main Street,Smithtown,11787,Suffolk,"{""type"": ""Point"", ""coordinates"": [-73.19343, 40.85466]}"
Citibank N. A.,263 Sea Cliff Avenue,Sea Cliff,11579,Nassau,"{""type"": ""Point"", ""coordinates"": [-73.64639, 40.84925]}"
Citibank N. A.,51 Middle Neck Road,Great Neck,11022,Nassau,"{""type"": ""Point"", ""coordinates"": [-73.72886, 40.78793]}"
Citibank N. A.,1330 First Avenue,New York,10021,New York,"{""type"": ""Point"", ""coordinates"": [-73.95622, 40.76749]}"
Citibank N. A.,3002 Mermaid Avenue,Brooklyn,11224,Kings,"{""type"": ""Point"", ""coordinates"": [-73.99661, 40.57534]}"
Citibank N. A.,1050 Franklin Avenue,Garden City,11530,Nassau,"{""type"": ""Point"", ""coordinates"": [-73.63639, 40.73055]}"
Citibank N. A.,190 West Montauk Highway,Hampton Bays,11946,Suffolk,"{""type"": ""Point"", ""coordinates"": [-72.53695, 40.87578]}"
Citibank N. A.,3195 Long Beach Road,Oceanside,11572,Nassau,"{""type"": ""Point"", ""coordinates"": [-73.63978, 40.63325]}"
Citibank N. A.,115 East 23rd Street,New York,10010,New York,"{""type"": ""Point"", ""coordinates"": [-73.98563, 40.73988]}"
Citibank N. A.,842 Ninth Avenue,New York,10019,New York,"{""type"": ""Point"", ""coordinates"": [-73.9866, 40.76671]}"
Citibank N. A.,787 Seventh Avenue,New York,10019,New York,"{""type"": ""Point"", ""coordinates"": [-73.98243, 40.76224]}"
Citibank N. A.,1285  First Avenue,New York,10021,New York,"{""type"": ""Point"", ""coordinates"": [-73.95728, 40.76607]}"
Citibank N. A.,200 Varick Street,New York,10014,New York,"{""type"": ""Point"", ""coordinates"": [-74.00544, 40.72803]}"
Citibank N. A.,68 South Service Road,Melville,11747,Suffolk,"{""type"": ""Point"", ""coordinates"": [-73.43778, 40.78168]}"
Citibank N. A.,78-09 Metropolitan,Middle Village,11379,New York,"{""type"": ""Point"", ""coordinates"": [-73.87505, 40.71315]}"
Citibank N. A.,145 East 42nd Street,New York,10017,New York,"{""type"": ""Point"", ""coordinates"": [-73.97533, 40.75117]}"
Citibank N. A.,22 West 32nd Street,New York,10001,New York,"{""type"": ""Point"", ""coordinates"": [-73.98681, 40.7477]}"
Citibank N. A.,64-20 108th Street,Forest Hills,11375,Queens,"{""type"": ""Point"", ""coordinates"": [-73.84934, 40.7324]}"
Citibank N. A.,1042 Madison Avenue,New York,10075,New York,"{""type"": ""Point"", ""coordinates"": [-73.96189, 40.77665]}"
Citibank N. A.,1900 Broadway,New York,10023,New York,"{""type"": ""Point"", ""coordinates"": [-73.98205, 40.77168]}"
Citibank N. A.,702 Brighton Beach Avenue,Brooklyn,11235,Kings,"{""type"": ""Point"", ""coordinates"": [-73.96027, 40.57791]}"
Citibank N. A.,400 Madison Avenue,New York,10017,New York,"{""type"": ""Point"", ""coordinates"": [-73.97675, 40.75627]}"
Citibank N. A.,424 5th Avenue,Brooklyn,11215,Kings,"{""type"": ""Point"", ""coordinates"": [-73.9857, 40.66989]}"
Citibank N. A.,139 Flatush Avenue,Brooklyn,11217,Kings,"{""type"": ""Point"", ""coordinates"": [-73.97758, 40.68424]}"
Citibank N. A.,476 Broadway,New York,10013,New York,"{""type"": ""Point"", ""coordinates"": [-74.00017, 40.72136]}"
Citibank N. A.,388 Greenwich Street,New York,10013,New York,"{""type"": ""Point"", ""coordinates"": [-74.01011, 40.72054]}"
Citibank N. A.,52 East 14th Street,New York,10003,New York,"{""type"": ""Point"", ""coordinates"": [-73.9907, 40.7348]}"
Citibank N. A.,749 Broadway,New York,10003,New York,"{""type"": ""Point"", ""coordinates"": [-73.99264, 40.7303]}"
Citibank N. A.,1781 First Avenue,New York,10128,New York,"{""type"": ""Point"", ""coordinates"": [-73.94634, 40.781]}"
Citibank N. A.,3454 Jerome Avenue,Bronx,10467,Bronx,"{""type"": ""Point"", ""coordinates"": [-73.88246, 40.88165]}"
Citibank N. A.,2872 Broadway,New York,10025,New York,"{""type"": ""Point"", ""coordinates"": [-73.96579, 40.80525]}"
Citibank N. A.,120 West Broadway,New York,10013,New York,"{""type"": ""Point"", ""coordinates"": [-74.00849, 40.71648]}"
Citibank N. A.,1105 Old Country Road,Plainview,11803,Nassau,"{""type"": ""Point"", ""coordinates"": [-73.46594, 40.77556]}"
Citibank N. A.,2201 86th Street,Brooklyn,11214,Kings,"{""type"": ""Point"", ""coordinates"": [-73.99363, 40.6018]}"
Citibank N. A.,1065 Avenue of the Americas,New York,10018,New York,"{""type"": ""Point"", ""coordinates"": [-73.98492, 40.75371]}"
Citibank N. A.,1345 Avenue of the Americas,New York,10105,New York,"{""type"": ""Point"", ""coordinates"": [-73.97836, 40.7627]}"
Citibank N. A.,90 Park Avenue,New York,10016,New York,"{""type"": ""Point"", ""coordinates"": [-73.97893, 40.75057]}"
Citibank N. A.,800 Third Avenue,New York,10022,New York,"{""type"": ""Point"", ""coordinates"": [-73.97101, 40.75548]}"
Citibank N. A.,866 United Nations Plaza,New York,10017,New York,"{""type"": ""Point"", ""coordinates"": [-73.9661, 40.75221]}"
Citibank N. A.,1871 Nostrand Avenue,Brooklyn,11226,Kings,"{""type"": ""Point"", ""coordinates"": [-73.94842, 40.64016]}"
Citibank N. A.,50 Avenue A,New York,10009,New York,"{""type"": ""Point"", ""coordinates"": [-73.98507, 40.72395]}"
Citibank N. A.,168-48 Hillside Avenue,Jamaica,11432,Queens,"{""type"": ""Point"", ""coordinates"": [-73.79323, 40.71063]}"
Citibank N. A.,133-07 Rockaway Boulevard,South Ozone Park,11420,Queens,"{""type"": ""Point"", ""coordinates"": [-73.80501, 40.67466]}"
Citibank N. A.,120 Broadway,New York,10271,New York,"{""type"": ""Point"", ""coordinates"": [-74.01097, 40.70865]}"
Citibank N. A.,1107 Broadway,New York,10010,New York,"{""type"": ""Point"", ""coordinates"": [-73.9892, 40.74265]}"
Citibank N. A.,199 Second Street,Mineola,11501,Nassau,"{""type"": ""Point"", ""coordinates"": [-73.64001, 40.74157]}"
Citibank N. A.,215 Jericho Turnpike,Floral Park,11001,Nassau,"{""type"": ""Point"", ""coordinates"": [-73.70258, 40.72897]}"
Citibank N. A.,23 Glen Cove Avenue,Glen Cove,11542,Nassau,"{""type"": ""Point"", ""coordinates"": [-73.63293, 40.86265]}"
Citibank N. A.,1650 Bedford Avenue,Brooklyn,11225,Kings,"{""type"": ""Point"", ""coordinates"": [-73.95675, 40.66604]}"
Citibank N. A.,2445 Oceanside Road,Oceanside,11572,Nassau,"{""type"": ""Point"", ""coordinates"": [-73.63124, 40.65299]}"
Citibank N. A.,99 Garnsey Road,Pittsford,14534,Monroe,"{""type"": ""Point"", ""coordinates"": [-77.46524, 43.05158]}"
Citibank N. A.,1524 Union Turnpike,New Hyde Park,11040,Nassau,"{""type"": ""Point"", ""coordinates"": [-73.69179, 40.75373]}"
Citibank N. A.,66 Bayview Avenue,Manhasset,11030,Nassau,"{""type"": ""Point"", ""coordinates"": [-73.70208, 40.79782]}"
Citibank N. A.,114 Old Country Road,Mineola,11501,Nassau,"{""type"": ""Point"", ""coordinates"": [-73.6346, 40.74024]}"
Citibank N. A.,830 Port Washington Boulevard,Port Washington,11050,Nassau,"{""type"": ""Point"", ""coordinates"": [-73.68406, 40.82824]}"
Citibank N. A.,1075 Old Northern Boulevard,Roslyn,11576,Nassau,"{""type"": ""Point"", ""coordinates"": [-73.65712, 40.80091]}"
Citibank N. A.,2160 Bedford Avenue,Bellmore,11710,Nassau,"{""type"": ""Point"", ""coordinates"": [-73.52737, 40.66917]}"
Citibank N. A.,8001 Brush Hollow Road,Westbury,11590,Nassau,"{""type"": ""Point"", ""coordinates"": [-73.55905, 40.77955]}"
Citibank N. A.,530 Central Avenue,Cedarhurst,11516,Nassau,"{""type"": ""Point"", ""coordinates"": [-73.72321, 40.62263]}"
Citibank N. A.,1 EAB Plaza,Uniondale,11555,Nassau,
Citibank N. A.,651 Newbridge Road,East Meadow,11554,Nassau,"{""type"": ""Point"", ""coordinates"": [-73.54377, 40.70711]}"
Citibank N. A.,140 Doughty Boulevard,Inwood,11096,Nassau,"{""type"": ""Point"", ""coordinates"": [-73.74628, 40.61531]}"
Citibank N. A.,320 Merrick Road,Lynbrook,11563,Nassau,"{""type"": ""Point"", ""coordinates"": [-73.67235, 40.65722]}"
Citibank N. A.,2085 Merrick Road,Merrick,11566,Nassau,"{""type"": ""Point"", ""coordinates"": [-73.54674, 40.65813]}"
Citibank N. A.,502 Old Country Road,Garden City,11530,Nassau,"{""type"": ""Point"", ""coordinates"": [-73.61763, 40.74256]}"
Citibank N. A.,1150 Old Country Road,Westbury,11590,Nassau,"{""type"": ""Point"", ""coordinates"": [-73.55595, 40.75506]}"
Citibank N. A.,41 Front Street,Rockville Centre,11571,Nassau,"{""type"": ""Point"", ""coordinates"": [-73.64572, 40.65843]}"
Citibank N. A.,410 Uniondale Avenue,Uniondale,11553,Nassau,"{""type"": ""Point"", ""coordinates"": [-73.59301, 40.70578]}"
Citibank N. A.,670 Franklin Avenue,Franklin Square,11010,Nassau,"{""type"": ""Point"", ""coordinates"": [-73.6857, 40.69]}"
Citibank N. A.,241 Broadway,Amityville,11701,Suffolk,"{""type"": ""Point"", ""coordinates"": [-73.41686, 40.67941]}"
Citibank N. A.,835 Montauk Highway,Bayport,11705,Suffolk,"{""type"": ""Point"", ""coordinates"": [-73.05032, 40.74731]}"
Citibank N. A.,77 East Main Street,Bay Shore,11706,Suffolk,"{""type"": ""Point"", ""coordinates"": [-73.24585, 40.72296]}"
Citibank N. A.,500 Hicksville Road,Bethpage,11714,Nassau,"{""type"": ""Point"", ""coordinates"": [-73.49459, 40.73872]}"
Citibank N. A.,710 Suffolk Avenue,Brentwood,11717,Suffolk,"{""type"": ""Point"", ""coordinates"": [-73.24865, 40.78068]}"
Citibank N. A.,400 Commack Road,Deer Park,11729,Suffolk,"{""type"": ""Point"", ""coordinates"": [-73.31358, 40.76071]}"
Citibank N. A.,2261 Broad Hollow Road,East Farmingdale,11735,Nassau,"{""type"": ""Point"", ""coordinates"": [-73.4211, 40.75315]}"
Citibank N. A.,3375 Hempstead Turnpike,Levittown,11756,Nassau,"{""type"": ""Point"", ""coordinates"": [-73.51015, 40.72667]}"
Citibank N. A.,10 Hicksville Road,Massapequa,11758,Nassau,"{""type"": ""Point"", ""coordinates"": [-73.47574, 40.66803]}"
Citibank N. A.,425 Broad Hollow Road,Melville,11747,Suffolk,"{""type"": ""Point"", ""coordinates"": [-73.4194, 40.7764]}"
Citibank N. A.,150 Vanderbilt Motor Parkway,Hauppauge,11788,Suffolk,"{""type"": ""Point"", ""coordinates"": [-73.25937, 40.80767]}"
Citibank N. A.,120 East Sunrise Highway,North Lindenhurst,11757,Suffolk,"{""type"": ""Point"", ""coordinates"": [-73.3773, 40.7028]}"
Citibank N. A.,4060 Hempstead Turnpike,Bethpage,11714,Nassau,"{""type"": ""Point"", ""coordinates"": [-73.4863, 40.72496]}"
Citibank N. A.,78 Carleton Avenue,Central Islip,11722,Suffolk,"{""type"": ""Point"", ""coordinates"": [-73.20089, 40.78772]}"
Citibank N. A.,710 Larkfield Road,East Northport,11731,Suffolk,"{""type"": ""Point"", ""coordinates"": [-73.31481, 40.84392]}"
Citibank N. A.,260 Pulaski Road,Greenlawn,11740,Suffolk,"{""type"": ""Point"", ""coordinates"": [-73.39065, 40.85677]}"
Citibank N. A.,730 Veterans Memorial Highway,Hauppauge,11788,Suffolk,"{""type"": ""Point"", ""coordinates"": [-73.20679, 40.82127]}"
Citibank N. A.,15 Southdown Road,Huntington,11743,Suffolk,"{""type"": ""Point"", ""coordinates"": [-73.42568, 40.88034]}"
Citibank N. A.,4175 Veterans Memorial Highway,Ronkonkoma,11779,Suffolk,"{""type"": ""Point"", ""coordinates"": [-73.09871, 40.78278]}"
Citibank N. A.,Robbins Lane,Jericho,11753,Nassau,
Citibank N. A.,100 Sunnyside Boulevard,Plainview,11803,Nassau,"{""type"": ""Point"", ""coordinates"": [-73.47081, 40.79429]}"
Citibank N. A.,4800 Nesconset Highway,Port Jefferson Station,11776,Suffolk,"{""type"": ""Point"", ""coordinates"": [-73.05471, 40.91758]}"
Citibank N. A.,684 Middle Country Road,Selden,11784,Suffolk,"{""type"": ""Point"", ""coordinates"": [-73.03665, 40.86587]}"
Citibank N. A.,300 Walt Whitman Center,Huntington Station,11746,Suffolk,"{""type"": ""Point"", ""coordinates"": [-73.41108, 40.81945]}"
Citibank N. A.,200 Belle Terre Road,Port Jefferson Station,11777,Suffolk,"{""type"": ""Point"", ""coordinates"": [-73.06023, 40.94663]}"
Citibank N. A.,8900 Van Wyck Expressway,Jamaica,11418,Queens,"{""type"": ""Point"", ""coordinates"": [-73.81614, 40.70062]}"
Citibank N. A.,4 Columbus Circle,New York,10019,New York,"{""type"": ""Point"", ""coordinates"": [-73.98204, 40.7677]}"
Citibank N. A.,340 East 93rd Street,New York,10128,New York,"{""type"": ""Point"", ""coordinates"": [-73.94642, 40.78145]}"
Citibank N. A.,1445 East 82nd Street,New York,10028,New York,
Citibank N. A.,86 Main Street,Yonkers,10701,Westchester,"{""type"": ""Point"", ""coordinates"": [-73.90201, 40.93483]}"
Citibank N. A.,430 Myrtle Avenue,Brooklyn,11205,Kings,"{""type"": ""Point"", ""coordinates"": [-73.96848, 40.69314]}"
Citibank N. A.,5324 5th Avenue,Brooklyn,11220,Kings,"{""type"": ""Point"", ""coordinates"": [-74.01254, 40.64295]}"
Citibank N. A.,885 Flatbush Avenue,Brooklyn,11226,Kings,"{""type"": ""Point"", ""coordinates"": [-73.95865, 40.65019]}"
Citibank N. A.,1455 Myrtle Avenue,Brooklyn,11237,Kings,"{""type"": ""Point"", ""coordinates"": [-73.9176, 40.69888]}"
Citibank N. A.,1501 Kings Highway,Brooklyn,11229,Kings,"{""type"": ""Point"", ""coordinates"": [-73.9581, 40.60883]}"
Citibank N. A.,Route 100 North,Somers,10589,Westchester,
Citibank N. A.,6414 18th Avenue,Brooklyn,11204,Kings,"{""type"": ""Point"", ""coordinates"": [-73.98991, 40.6194]}"
Citibank N. A.,89-50 164th Street,Jamaica,11432,Queens,"{""type"": ""Point"", ""coordinates"": [-73.7963, 40.70611]}"
Citibank N. A.,217-10 Jamaica Avenue,Queens Village,11428,Queens,"{""type"": ""Point"", ""coordinates"": [-73.73771, 40.71778]}"
Citibank N. A.,"95-12 63rd Road, Queens Boulevard",Rego Park,11374,Queens,"{""type"": ""Point"", ""coordinates"": [-73.86435, 40.73066]}"
Citibank N. A.,107-01 71st Avenue,Forest Hills,11375,Queens,"{""type"": ""Point"", ""coordinates"": [-73.84467, 40.72036]}"
Citibank N. A.,80-19 Roosevelt Avenue,Jackson Heights,11372,Queens,"{""type"": ""Point"", ""coordinates"": [-73.88499, 40.74752]}"
Citibank N. A.,322 West 23rd Street,New York,10011,New York,"{""type"": ""Point"", ""coordinates"": [-73.99939, 40.74566]}"
Citibank N. A.,6105 Jericho Turnpike,Commack,11725,Suffolk,"{""type"": ""Point"", ""coordinates"": [-73.304, 40.84224]}"
Citibank N. A.,153 East 53rd Street,Smithtown,11787,Suffolk,"{""type"": ""Point"", ""coordinates"": [-73.21607, 40.87288]}"
Citibank N. A.,18 Vanderbilt Motor Parkway,Commack,11746,Suffolk,"{""type"": ""Point"", ""coordinates"": [-73.29203, 40.81607]}"
Citibank N. A.,"JFK International Airport, Building 50",Jamaica,11434,Queens,
Citibank N. A.,22 Pleasantville Road,Ossining,10562,Westchester,"{""type"": ""Point"", ""coordinates"": [-73.84853, 41.16508]}"
Citibank N. A.,79 Fifth Avenue,New York,10003,New York,"{""type"": ""Point"", ""coordinates"": [-73.9928, 40.73713]}"
Citibank N. A.,297 Merrick Road,Rockville Centre,11570,Nassau,"{""type"": ""Point"", ""coordinates"": [-73.64424, 40.65639]}"
Citibank N. A.,1000 Willis Avenue,Albertson,11507,Nassau,"{""type"": ""Point"", ""coordinates"": [-73.6477, 40.77044]}"
Citibank N. A.,250 Conkin Street,Farmingdale,11735,Nassau,"{""type"": ""Point"", ""coordinates"": [-73.44845, 40.73215]}"
Citibank N. A.,1110 Northern Boulevard,Manhasset,11030,Nassau,"{""type"": ""Point"", ""coordinates"": [-73.70252, 40.78923]}"
Citibank N. A.,670 Merrick Avenue,East Meadow,11554,Nassau,"{""type"": ""Point"", ""coordinates"": [-73.56962, 40.70527]}"
Citibank N. A.,3295 Sunrise Highway,Wantagh,11793,Nassau,"{""type"": ""Point"", ""coordinates"": [-73.50786, 40.6722]}"
Citibank N. A.,2301 Jericho Turnpike,Garden City Park,11040,Nassau,"{""type"": ""Point"", ""coordinates"": [-73.66264, 40.74154]}"
Citibank N. A.,113-11 Beach Channel Drive,Rockaway Park,11694,Queens,"{""type"": ""Point"", ""coordinates"": [-73.83608, 40.58237]}"
Citibank N. A.,1528 Sheepshead Bay Road,Brooklyn,11235,Kings,"{""type"": ""Point"", ""coordinates"": [-73.95315, 40.58719]}"
Citibank N. A.,1266 First Avenue,New York,10021,New York,"{""type"": ""Point"", ""coordinates"": [-73.95777, 40.7654]}"
Citibank N. A.,164 Canal Street,New York,10013,New York,"{""type"": ""Point"", ""coordinates"": [-73.99723, 40.71662]}"
Citibank N. A.,200 Park Avenue,New York,10166,New York,"{""type"": ""Point"", ""coordinates"": [-73.9772, 40.75372]}"
Citibank N. A.,45 West Tarrytown Road,Elmsford,10523,Westchester,"{""type"": ""Point"", ""coordinates"": [-73.81504, 41.05278]}"
Citibank N. A.,1388 Pennsylvania Avenue,Brooklyn,11208,Kings,"{""type"": ""Point"", ""coordinates"": [-73.88408, 40.64709]}"
Citibank N. A.,1200 Liberty Avenue,Brooklyn,11208,Kings,"{""type"": ""Point"", ""coordinates"": [-73.86479, 40.67899]}"
Citibank N. A.,1 Court Square,Long Island City,11101,Queens,"{""type"": ""Point"", ""coordinates"": [-73.94379, 40.74664]}"
Citibank N. A.,1022 Broadway,Mount Pleasant,10594,Westchester,"{""type"": ""Point"", ""coordinates"": [-73.77925, 41.12635]}"
Citibank N. A.,156-19 Cross Bay Boulevard,Howard Beach,11414,Queens,"{""type"": ""Point"", ""coordinates"": [-73.84086, 40.66353]}"
Citibank N. A.,1 Blue Hill Plaza,Pearl River,10965,Rockland,"{""type"": ""Point"", ""coordinates"": [-74.00709, 41.0489]}"
Citibank N. A.,7501 3rd Avenue,Brooklyn,11209,Kings,"{""type"": ""Point"", ""coordinates"": [-74.02784, 40.63134]}"
Citibank N. A.,445 Forest Avenue,Staten Island,10301,Richmond,"{""type"": ""Point"", ""coordinates"": [-74.10441, 40.63073]}"
Citibank N. A.,75 Christopher Street,New York,10014,New York,"{""type"": ""Point"", ""coordinates"": [-74.00313, 40.73356]}"
Citibank N. A.,25 Waterside Plaza,New York,10010,New York,"{""type"": ""Point"", ""coordinates"": [-73.97413, 40.73717]}"
Citibank N. A.,127 Hudson Street,New York,10013,New York,"{""type"": ""Point"", ""coordinates"": [-74.00857, 40.72024]}"
Citibank N. A.,4058 Broadway,New York,10032,New York,"{""type"": ""Point"", ""coordinates"": [-73.9392, 40.84301]}"
Citibank N. A.,1463 Southern Boulevard,Bronx,10460,Bronx,"{""type"": ""Point"", ""coordinates"": [-73.89082, 40.8329]}"
Citibank N. A.,201 West 125th Street,New York,10027,New York,"{""type"": ""Point"", ""coordinates"": [-73.9489, 40.80922]}"
Citibank N. A.,25-91 Steinway Street,Astoria,11109,Queens,"{""type"": ""Point"", ""coordinates"": [-73.91348, 40.76575]}"
Citibank N. A.,502-512 86th Street,Brooklyn,11209,Kings,"{""type"": ""Point"", ""coordinates"": [-74.02607, 40.6214]}"
Citibank N. A.,740 Central Park Avenue,Yonkers,10704,Westchester,"{""type"": ""Point"", ""coordinates"": [-73.85747, 40.92589]}"
Citibank N. A.,128 Hofstra University,Hempstead,11550,Nassau,"{""type"": ""Point"", ""coordinates"": [-73.60012, 40.713]}"
Citibank N. A.,94-20 Guy R. Brewer Boulevard,Jamaica,11452,Queens,"{""type"": ""Point"", ""coordinates"": [-73.79603, 40.70081]}"
Citibank N. A.,Hofstra University,Hempstead,11550,Nassau,
Citibank N. A.,36 Avenue C,New York,10009,New York,"{""type"": ""Point"", ""coordinates"": [-73.98052, 40.7218]}"
Citibank N. A.,1108 Route 112,Port Jefferson,11776,Suffolk,"{""type"": ""Point"", ""coordinates"": [-73.04077, 40.91877]}"
Citibank N. A.,60 Loehmann Plaza,Lake Grove,11755,Suffolk,
Citibank N. A.,603 Burnside Avenue,Inwood,11096,Queens,"{""type"": ""Point"", ""coordinates"": [-73.7431, 40.6239]}"
Citibank N. A.,248 Sunrise Highway,Freeport,11520,Nassau,"{""type"": ""Point"", ""coordinates"": [-73.59225, 40.65608]}"
Citibank N. A.,45 7th Street,Garden City,11530,Nassau,"{""type"": ""Point"", ""coordinates"": [-73.64051, 40.72432]}"
Citibank N. A.,1141 Richmond Avenue,Staten Island,10302,Richmond,"{""type"": ""Point"", ""coordinates"": [-74.15313, 40.62019]}"
Citibank N. A.,5508 Sunrise Highway,Massapequa,11758,Nassau,"{""type"": ""Point"", ""coordinates"": [-73.43748, 40.67551]}"
Citibank N. A.,3955 Baychester Avenue,Bronx,10466,Bronx,"{""type"": ""Point"", ""coordinates"": [-73.84274, 40.88984]}"
Citibank N. A.,1800 Williamsbridge Road,Bronx,10461,Bronx,"{""type"": ""Point"", ""coordinates"": [-73.8515, 40.85047]}"
Citibank N. A.,80 Jamaica Avenue,Brooklyn,11207,Kings,"{""type"": ""Point"", ""coordinates"": [-73.89688, 40.67829]}"
Citibank N. A.,1 Rockefeller Plaza,New York,10020,New York,"{""type"": ""Point"", ""coordinates"": [-73.97919, 40.75816]}"
Citibank N. A.,349 East 149th Street,Bronx,10451,Bronx,"{""type"": ""Point"", ""coordinates"": [-73.91988, 40.81665]}"
Citibank N. A.,2481 Creston Avenue,Bronx,10468,Bronx,"{""type"": ""Point"", ""coordinates"": [-73.89823, 40.86256]}"
Citibank N. A.,1265 Castle Hill Avenue,Bronx,10462,Bronx,"{""type"": ""Point"", ""coordinates"": [-73.85142, 40.83356]}"
Citibank N. A.,5660 Broadway,Bronx,10463,Bronx,"{""type"": ""Point"", ""coordinates"": [-73.90306, 40.88063]}"
Citibank N. A.,550 Hunts Point Avenue,Bronx,10474,Bronx,"{""type"": ""Point"", ""coordinates"": [-73.88271, 40.81183]}"
Citibank N. A.,5671 Riverdale Avenue,Bronx,10471,Bronx,"{""type"": ""Point"", ""coordinates"": [-73.9048, 40.90657]}"
Citibank N. A.,704 Allerton Avenue,Bronx,10467,Bronx,"{""type"": ""Point"", ""coordinates"": [-73.86701, 40.86545]}"
Citibank N. A.,234 East 198th Street,Bronx,10458,Bronx,"{""type"": ""Point"", ""coordinates"": [-73.88962, 40.86935]}"
Citibank N. A.,1766 Crosby Avenue,Bronx,10461,Bronx,"{""type"": ""Point"", ""coordinates"": [-73.83213, 40.84666]}"
Citibank N. A.,555 LaGuardia Place,New York,10012,New York,"{""type"": ""Point"", ""coordinates"": [-73.99808, 40.72909]}"
Citibank N. A.,411 Grand Street,New York,10002,New York,"{""type"": ""Point"", ""coordinates"": [-73.98697, 40.71603]}"
Citibank N. A.,481 First Avenue,New York,10016,New York,"{""type"": ""Point"", ""coordinates"": [-73.9762, 40.7401]}"
Citibank N. A.,37-57 74th Street,Jackson Heights,11372,Queens,"{""type"": ""Point"", ""coordinates"": [-73.89154, 40.74742]}"
Citibank N. A.,1492 Hylan Boulevard,Staten Island,10305,Richmond,"{""type"": ""Point"", ""coordinates"": [-74.08743, 40.59193]}"
Citibank N. A.,5810 Amboy Road,Staten Island,10309,Richmond,"{""type"": ""Point"", ""coordinates"": [-74.20112, 40.52611]}"
Citibank N. A.,1220 Avenue J,Brooklyn,11230,Kings,"{""type"": ""Point"", ""coordinates"": [-73.96353, 40.62494]}"
Citibank N. A.,39-01 Bell Boulevard,Bayside,11361,Queens,"{""type"": ""Point"", ""coordinates"": [-73.77177, 40.76507]}"
Citibank N. A.,95 Pondfield Road,Bronxville,10708,Westchester,"{""type"": ""Point"", ""coordinates"": [-73.83304, 40.93974]}"
Citibank N. A.,3149 East Main Street,Mohegan Lake,10547,Westchester,"{""type"": ""Point"", ""coordinates"": [-73.86703, 41.312]}"
Citibank N. A.,444 Mamaroneck Avenue,White Plains,10605,Westchester,"{""type"": ""Point"", ""coordinates"": [-73.76084, 41.02298]}"
Citibank N. A.,845 Central Park,Scarsdale,10583,Westchester,"{""type"": ""Point"", ""coordinates"": [-73.81957, 40.99537]}"
Citibank N. A.,360 Downing Drive,Yorktown,10598,Westchester,"{""type"": ""Point"", ""coordinates"": [-73.78276, 41.27429]}"
Citibank N. A.,711 East Boston Post Road,Mamaroneck,10543,Westchester,"{""type"": ""Point"", ""coordinates"": [-73.72637, 40.95231]}"
Citibank N. A.,800 Westchester Avenue,Ryebrook,10573,Westchester,"{""type"": ""Point"", ""coordinates"": [-73.69121, 41.00673]}"
Citibank N. A.,1920 Palmer Avenue,Larchmont,10538,Westchester,"{""type"": ""Point"", ""coordinates"": [-73.75926, 40.93238]}"
Citibank N. A.,407 Tarrytown Road,Greenburgh,10607,Westchester,"{""type"": ""Point"", ""coordinates"": [-73.79776, 41.04272]}"
Citibank N. A.,895 Pelham Parkway,Pelham Manor,10803,Westchester,"{""type"": ""Point"", ""coordinates"": [-73.81847, 40.89123]}"
Citibank N. A.,255 Broadway,Hicksville,11801,Nassau,"{""type"": ""Point"", ""coordinates"": [-73.51812, 40.76314]}"
Citibank N. A.,244 Main Street,White Plains,10601,Westchester,"{""type"": ""Point"", ""coordinates"": [-73.76468, 41.03336]}"
Citibank N. A.,375 Court Street,Brooklyn,11231,Kings,"{""type"": ""Point"", ""coordinates"": [-73.99672, 40.68063]}"
Citibank N. A.,153-16 10th Avenue,Whitestone,11357,Queens,"{""type"": ""Point"", ""coordinates"": [-73.80748, 40.79333]}"
Citibank N. A.,349 Main Street,Huntington,11743,Suffolk,"{""type"": ""Point"", ""coordinates"": [-73.43064, 40.87072]}"
Citibank N. A.,111 Great Neck Road,Great Neck,11021,Nassau,"{""type"": ""Point"", ""coordinates"": [-73.72926, 40.78512]}"
Citibank N. A.,114 Seventh Avenue,Brooklyn,11215,Kings,"{""type"": ""Point"", ""coordinates"": [-73.97593, 40.67374]}"
Citibank N. A.,129 East Park Avenue,Long Beach,11561,Nassau,"{""type"": ""Point"", ""coordinates"": [-73.66002, 40.58893]}"
Citibank N. A.,2-1 Park Plaza,Glen Head,11545,Nassau,"{""type"": ""Point"", ""coordinates"": [-73.6187, 40.83606]}"
Citibank N. A.,1316 Broadway,Hewlett,11557,Nassau,"{""type"": ""Point"", ""coordinates"": [-73.70049, 40.63933]}"
Citibank N. A.,181 West Merrick Road,Freeport,11520,Nassau,"{""type"": ""Point"", ""coordinates"": [-73.58736, 40.65293]}"
Citibank N. A.,131 Alexander Avenue,Lake Grove,11755,Suffolk,"{""type"": ""Point"", ""coordinates"": [-73.13345, 40.86674]}"
Citibank N. A.,5801 Sunrise Highway,Holbrook,11741,Suffolk,"{""type"": ""Point"", ""coordinates"": [-73.06365, 40.77009]}"
Citibank N. A.,250 Route 59,Suffern,10901,Rockland,"{""type"": ""Point"", ""coordinates"": [-74.10625, 41.11267]}"
Citibank N. A.,2 Mott Street,New York,10013,New York,"{""type"": ""Point"", ""coordinates"": [-73.99869, 40.71376]}"
Citibank N. A.,1198 Deer Park Avenue,North Babylon,11703,Suffolk,"{""type"": ""Point"", ""coordinates"": [-73.32096, 40.73711]}"
Citibank N. A.,171 East 72nd Street,New York,10021,New York,"{""type"": ""Point"", ""coordinates"": [-73.96082, 40.76984]}"
Citibank N. A.,399 Park Avenue,New York,10022,New York,"{""type"": ""Point"", ""coordinates"": [-73.97224, 40.75938]}"
Citibank N. A.,1078 Third Avenue,New York,10021,New York,"{""type"": ""Point"", ""coordinates"": [-73.96437, 40.76455]}"
Citibank N. A.,201 West 34th Street,New York,10001,New York,"{""type"": ""Point"", ""coordinates"": [-73.99087, 40.7511]}"
Citibank N. A.,1275 Madison Avenue,New York,10028,New York,"{""type"": ""Point"", ""coordinates"": [-73.95637, 40.78421]}"
Citibank N. A.,1510-12 First Avenue,New York,10021,New York,"{""type"": ""Point"", ""coordinates"": [-73.9884, 40.72339]}"
Citibank N. A.,717 Avenue of Americas,New York,10010,New York,"{""type"": ""Point"", ""coordinates"": [-73.99269, 40.74305]}"
Citibank N. A.,1310 Amsterdam Avenue,New York,10027,New York,"{""type"": ""Point"", ""coordinates"": [-73.9572, 40.8121]}"
Citibank N. A.,734 Third Avenue,New York,10017,New York,"{""type"": ""Point"", ""coordinates"": [-73.97278, 40.75306]}"
Citibank N. A.,100 William Street,New York,10038,New York,"{""type"": ""Point"", ""coordinates"": [-74.00743, 40.70856]}"
Citibank N. A.,2261 First Avenue,New York,10035,New York,"{""type"": ""Point"", ""coordinates"": [-73.9353, 40.79618]}"
Citibank N. A.,250 Broadway,New York,10007,New York,"{""type"": ""Point"", ""coordinates"": [-74.00742, 40.71281]}"
Citibank N. A.,1 Broadway,New York,10004,New York,"{""type"": ""Point"", ""coordinates"": [-74.01401, 40.70485]}"
Citibank N. A.,411 Fifth Avenue,New York,10016,New York,"{""type"": ""Point"", ""coordinates"": [-73.98306, 40.75051]}"
Citibank N. A.,577 Bay Street,Staten Island,10304,Richmond,"{""type"": ""Point"", ""coordinates"": [-74.07633, 40.62788]}"
Citibank N. A.,1044 First Avenue,New York,10022,New York,"{""type"": ""Point"", ""coordinates"": [-73.96308, 40.75812]}"
Citibank N. A.,111 Eighth Avenue,New York,10011,New York,"{""type"": ""Point"", ""coordinates"": [-74.00179, 40.74076]}"
Citibank N. A.,640 Fifth Avenue,New York,10019,New York,"{""type"": ""Point"", ""coordinates"": [-73.97669, 40.75925]}"
Citibank N. A.,262 First Avenue,New York,10009,New York,"{""type"": ""Point"", ""coordinates"": [-73.98177, 40.73213]}"
Citibank N. A.,181 Montague Street,Brooklyn,11201,Kings,"{""type"": ""Point"", ""coordinates"": [-73.99207, 40.69419]}"
Citibank N. A.,1398 Fulton Street,Brooklyn,11216,Kings,"{""type"": ""Point"", ""coordinates"": [-73.9447, 40.68012]}"
Citibank N. A.,"La Guardia Airport, American Airlines",Flushing,11371,Queens,
Citibank N. A.,545 West 114th Street,New York,10027,New York,"{""type"": ""Point"", ""coordinates"": [-73.96451, 40.80658]}"
Citibank N. A.,836 Manhattan Avenue,Brooklyn,11222,Kings,"{""type"": ""Point"", ""coordinates"": [-73.95361, 40.72874]}"
Citibank N. A.,272-06 Union Turnpike,New Hyde Park,11040,Nassau,"{""type"": ""Point"", ""coordinates"": [-73.70194, 40.75227]}"
Citibank N. A.,51-31 Northern Boulevard,Woodside,11377,Queens,"{""type"": ""Point"", ""coordinates"": [-73.90863, 40.7534]}"
Citibank N. A.,51-10 Metropolitan Avenue,Ridgewood,11385,Kings,"{""type"": ""Point"", ""coordinates"": [-73.91541, 40.7135]}"
Citibank N. A.,35-31 Francis Lewis Boulevard,Bayside,11358,Queens,"{""type"": ""Point"", ""coordinates"": [-73.78576, 40.76286]}"
Citibank N. A.,5420 13th Avenue,Brooklyn,11219,Kings,"{""type"": ""Point"", ""coordinates"": [-73.99544, 40.63181]}"
Citibank N. A.,176-50 Union Turnpike,Flushing,11366,Queens,"{""type"": ""Point"", ""coordinates"": [-73.79129, 40.72586]}"
Citibank N. A.,120 Park Avenue,New York,10017,New York,"{""type"": ""Point"", ""coordinates"": [-73.97821, 40.75159]}"
Citibank N. A.,25-47 Parsons Boulevard,Flushing,11354,Queens,"{""type"": ""Point"", ""coordinates"": [-73.82388, 40.77575]}"
Citibank N. A.,1910 Victory Boulevard,Staten Island,10314,Richmond,"{""type"": ""Point"", ""coordinates"": [-74.12763, 40.6127]}"
Citibank N. A.,702 Utica Avenue,Brooklyn,11203,Kings,"{""type"": ""Point"", ""coordinates"": [-73.93084, 40.65594]}"
Citibank N. A.,1992 Ralph Avenue,Brooklyn,11234,Kings,"{""type"": ""Point"", ""coordinates"": [-73.91856, 40.62891]}"
Citibank N. A.,87-11 Queens Boulevard,Elmhurst,11373,Queens,"{""type"": ""Point"", ""coordinates"": [-73.87553, 40.73552]}"
Citibank N. A.,22-16 31st Street,Astoria,11105,Queens,"{""type"": ""Point"", ""coordinates"": [-73.9112, 40.77575]}"
Citibank N. A.,169-21 137th Avenue,Jamaica,11434,Queens,"{""type"": ""Point"", ""coordinates"": [-73.77105, 40.67311]}"
Citibank N. A.,121-11 Liberty Avenue,South Richmond Hill,11419,Queens,"{""type"": ""Point"", ""coordinates"": [-73.82199, 40.68709]}"
Citibank N. A.,69-80 188th Street,Fesh Meadows,11365,Queens,"{""type"": ""Point"", ""coordinates"": [-73.78347, 40.73409]}"
Citibank N. A.,1040 Boston Post Road,Rye,10580,Westchester,"{""type"": ""Point"", ""coordinates"": [-73.68367, 40.97997]}"
Citibank N. A.,435 Main Street,Armonk,10504,Westchester,"{""type"": ""Point"", ""coordinates"": [-73.71407, 41.12695]}"
Citibank N. A.,66 South Moger Avenue,Mount Kisco,10549,Westchester,"{""type"": ""Point"", ""coordinates"": [-73.72975, 41.20648]}"
Citibank N. A.,330 Madison Avenue,New York,10017,New York,"{""type"": ""Point"", ""coordinates"": [-73.97916, 40.75297]}"
Citibank N. A.,111 Wall Street,New York,10005,New York,"{""type"": ""Point"", ""coordinates"": [-74.00655, 40.70456]}"
Citibank N. A.,1748 Broadway,New York,10019,New York,"{""type"": ""Point"", ""coordinates"": [-73.98203, 40.76522]}"
Citibank N. A.,2560 Broadway,New York,10025,New York,"{""type"": ""Point"", ""coordinates"": [-73.97155, 40.79486]}"
Citibank N. A.,170 West 72nd Street,New York,10023,New York,"{""type"": ""Point"", ""coordinates"": [-73.98128, 40.77845]}"
Citibank N. A.,460 Park Avenue,New York,10022,New York,"{""type"": ""Point"", ""coordinates"": [-73.97066, 40.7619]}"
Citibank N. A.,1 Park Avenue,New York,10016,New York,"{""type"": ""Point"", ""coordinates"": [-73.98196, 40.74611]}"
Citibank N. A.,2350 Broadway,New York,10024,New York,"{""type"": ""Point"", ""coordinates"": [-73.97674, 40.78791]}"
Citibank N. A.,123 East 86th Street,New York,10028,New York,"{""type"": ""Point"", ""coordinates"": [-73.95612, 40.77972]}"
Citibank N. A.,4249 Broadway,New York,10033,New York,"{""type"": ""Point"", ""coordinates"": [-73.93609, 40.84979]}"
Citibank N. A.,3817 Main Street,Flushing,11354,Queens,"{""type"": ""Point"", ""coordinates"": [-73.83059, 40.76051]}"
Citibank N. A.,422 Old Post Road (Route 22),Bedford Village,10506,Westchester,"{""type"": ""Point"", ""coordinates"": [-73.65547, 41.19583]}"
Citibank N. A.,2825 Richmond Avenue,Staten Island,10314,Richmond,"{""type"": ""Point"", ""coordinates"": [-74.16933, 40.57739]}"
Citibank N. A.,JFK Airport North Service Road,Jamaica,11430,Queens,
Citibank N. A.,725 White Plains Road,Eastchester,10583,Westchester,"{""type"": ""Point"", ""coordinates"": [-73.80581, 40.97167]}"
Citibank N. A.,65 Main Street,Hastings-on-Hudson,10706,Westchester,"{""type"": ""Point"", ""coordinates"": [-73.87962, 40.99455]}"
Citibank N. A.,177 Jericho Turnpike,Syosset,11791,Nassau,"{""type"": ""Point"", ""coordinates"": [-73.50971, 40.81046]}"
Citibank N. A.,4881 Merrick Road,Massapequa Park,11762,Nassau,"{""type"": ""Point"", ""coordinates"": [-73.45525, 40.66647]}"
Citibank N. A.,78-82 South Greenley Avenue,Chappaqua,10514,Westchester,"{""type"": ""Point"", ""coordinates"": [-73.77291, 41.15785]}"
Citibank N. A.,1060 Hempstead Turnpike,Franklin Square,11010,Nassau,"{""type"": ""Point"", ""coordinates"": [-73.67946, 40.70784]}"
Citibank N. A.,38-18 Queens Boulevard,Long Island City,11101,Queens,"{""type"": ""Point"", ""coordinates"": [-73.92648, 40.74391]}"
Citibank N. A.,401 West 42nd Street,New York,10036,New York,"{""type"": ""Point"", ""coordinates"": [-73.99306, 40.75861]}"
Citibank N. A.,1155 Avenue of the Americas,New York,10036,New York,"{""type"": ""Point"", ""coordinates"": [-73.98287, 40.75652]}"
Citibank N. A.,757 Madison Avenue,New York,10021,New York,"{""type"": ""Point"", ""coordinates"": [-73.96853, 40.76754]}"
Citibank N. A.,162 Amsterdam Avenue,New York,10023,New York,"{""type"": ""Point"", ""coordinates"": [-73.98385, 40.77557]}"
Citibank N. A.,4949 Broadway,New York,10034,New York,"{""type"": ""Point"", ""coordinates"": [-73.92079, 40.86782]}"
Citizens & Northern Bank,6250 County Route 64,Hornell,14843,Steuben,"{""type"": ""Point"", ""coordinates"": [-77.65572, 42.30511]}"
Citizens Bank,414 Main Street,Buffalo,14202,Erie,"{""type"": ""Point"", ""coordinates"": [-78.8745, 42.88533]}"
Citizens Bank,6850 Main Street,Williamsville,14221,Erie,"{""type"": ""Point"", ""coordinates"": [-78.69762, 42.9669]}"
Citizens Bank,711 Miller Street,Newark,14513,Wayne,"{""type"": ""Point"", ""coordinates"": [-77.11078, 43.04587]}"
Citizens Bank,8298 Niagara Falls Boulevard,Niagara Falls,14304,Niagara,"{""type"": ""Point"", ""coordinates"": [-78.96984, 43.09009]}"
Citizens Bank,3180 Sheridan Drive,Amherst,14226,Erie,"{""type"": ""Point"", ""coordinates"": [-78.81583, 42.98089]}"
Citizens Bank,715 Panorama Trail,Rochester,14625,Monroe,"{""type"": ""Point"", ""coordinates"": [-77.49357, 43.13235]}"
Citizens Bank,2200 Penfield Road,Penfield,14526,Monroe,"{""type"": ""Point"", ""coordinates"": [-77.44006, 43.13175]}"
Citizens Bank,6720 Pittsford-Palmyra Road,Fairport,14450,Monroe,"{""type"": ""Point"", ""coordinates"": [-77.44109, 43.06954]}"
Citizens Bank,3349 Monroe Avenue,Rochester,14618,Monroe,"{""type"": ""Point"", ""coordinates"": [-77.54199, 43.10419]}"
Citizens Bank,2833 Ridge Road West,Rochester,14626,Monroe,"{""type"": ""Point"", ""coordinates"": [-77.70504, 43.21031]}"
Citizens Bank,101 Slade Avenue,West Seneca,14224,Erie,"{""type"": ""Point"", ""coordinates"": [-78.7887, 42.83148]}"
Citizens Bank,1698 Sheridan Drive,Kenmore,14223,Erie,"{""type"": ""Point"", ""coordinates"": [-78.87112, 42.98178]}"
Citizens Bank,4964 Transit Road,Depew,14043,Erie,"{""type"": ""Point"", ""coordinates"": [-78.69691, 42.88311]}"
Citizens Bank,66 West Main Street,Webster,14580,Monroe,"{""type"": ""Point"", ""coordinates"": [-77.43309, 43.21157]}"
Citizens Bank,247 Main Street,Binghamton,13905,Broome,"{""type"": ""Point"", ""coordinates"": [-75.93695, 42.10695]}"
Citizens Bank,603 River Road,Chenango Bridge,13745,Broome,"{""type"": ""Point"", ""coordinates"": [-75.87255, 42.16894]}"
Citizens Bank,1 Municipal Plaza,Clifton Park,12065,Saratoga,"{""type"": ""Point"", ""coordinates"": [-73.78616, 42.8635]}"
Citizens Bank,10 North Pearl Street,Albany,12207,Albany,"{""type"": ""Point"", ""coordinates"": [-73.75249, 42.65016]}"
Citizens Bank,120 Washington Avenue Extension,Albany,12203,Albany,"{""type"": ""Point"", ""coordinates"": [-73.85433, 42.69096]}"
Citizens Bank,1375 New Scotland Road,Slingerland,12159,Albany,"{""type"": ""Point"", ""coordinates"": [-73.85635, 42.63782]}"
Citizens Bank,32 Vassar Road,Poughkeepsie,12603,Dutchess,"{""type"": ""Point"", ""coordinates"": [-73.87521, 41.6533]}"
Citizens Bank,1516 Western Avenue,Albany,12203,Albany,"{""type"": ""Point"", ""coordinates"": [-73.84266, 42.68221]}"
Citizens Bank,17 South Market,Johnstown,12095,Fulton,"{""type"": ""Point"", ""coordinates"": [-74.37297, 43.00587]}"
Citizens Bank,1818 Fifth Avenue,Troy,12180,Rensselaer,"{""type"": ""Point"", ""coordinates"": [-73.68727, 42.7317]}"
Citizens Bank,3212 Vestal Parkway,Vestal,13850,Broome,"{""type"": ""Point"", ""coordinates"": [-75.99617, 42.09607]}"
Citizens Bank,1440 Central Avenue,Albany,12205,Albany,"{""type"": ""Point"", ""coordinates"": [-73.82229, 42.70684]}"
Citizens Bank,49 Dix Avenue,Queensbury,12801,Warren,"{""type"": ""Point"", ""coordinates"": [-73.63846, 43.31746]}"
Citizens Bank,248 BROADWAY,SCHENECTADY,12305,Schenectady,"{""type"": ""Point"", ""coordinates"": [-73.94364, 42.81158]}"
Citizens Bank,501 Western Avenue,Albany,12203,Albany,"{""type"": ""Point"", ""coordinates"": [-73.79037, 42.66604]}"
Citizens Bank,833 Broadway,Albany,12207,Albany,"{""type"": ""Point"", ""coordinates"": [-73.746, 42.65891]}"
Citizens Bank,84 Congress Street,Saratoga Springs,12866,Saratoga,"{""type"": ""Point"", ""coordinates"": [-73.78995, 43.0785]}"
Citizens Bank,882 New Loudon Road,Latham,12110,Albany,"{""type"": ""Point"", ""coordinates"": [-73.75933, 42.75534]}"
Citizens Bank,89 Oriskany Boulevard,Whitesboro,13492,Oneida,"{""type"": ""Point"", ""coordinates"": [-75.29318, 43.11857]}"
Citizens Bank,95 Weible Avenue,Saratoga Springs,12866,Saratoga,"{""type"": ""Point"", ""coordinates"": [-73.74659, 43.09694]}"
Citizens Bank,96 Wolf Road,Albany,12205,Albany,"{""type"": ""Point"", ""coordinates"": [-73.81224, 42.71749]}"
Citizens Bank,Dutchess Mall Route 9,Fishkill,12524,Dutchess,
Citizens Bank,1201 Route 9,Wappingers Falls,12590,Dutchess,"{""type"": ""Point"", ""coordinates"": [-73.9086, 41.56947]}"
Citizens Bank,Nelson Avenue,Saratoga Springs,12866,Saratoga,
Citizens Bank,463 Route 9,Fishkill,12524,Dutchess,"{""type"": ""Point"", ""coordinates"": [-73.88974, 41.51991]}"
Citizens Bank,Route 9,Queensbury,12801,Warren,
Citizens Bank,3035 Route 50,Saratoga Springs,12866,Saratoga,"{""type"": ""Point"", ""coordinates"": [-73.74282, 43.09951]}"
Citizens Bank,1722 Walden Avenue,Cheektowaga,14225,Erie,"{""type"": ""Point"", ""coordinates"": [-78.77392, 42.90877]}"
Citizens Bank,20 Main Street,Tonawanda,14150,Erie,"{""type"": ""Point"", ""coordinates"": [-78.87871, 43.02019]}"
Citizens Bank,1577 Northern Boulevard,Manhasset,11030,Nassau,"{""type"": ""Point"", ""coordinates"": [-73.68868, 40.79434]}"
Citizens Bank,267 Fifth Avenue,New York,10016,New York,"{""type"": ""Point"", ""coordinates"": [-73.98675, 40.74544]}"
Citizens Bank,7541 Oswego Road,Liverpool,13090,Onondaga,"{""type"": ""Point"", ""coordinates"": [-76.22403, 43.13506]}"
Citizens Bank,6708 Route 9,Rhinebeck,12572,Dutchess,"{""type"": ""Point"", ""coordinates"": [-73.90181, 41.94612]}"
Citizens Bank,891 Route 9,Queensbury,12804,Warren,"{""type"": ""Point"", ""coordinates"": [-73.6817, 43.3356]}"
Citizens Bank,4871 Lake Road,Brockport,14420,Monroe,"{""type"": ""Point"", ""coordinates"": [-77.94409, 43.19783]}"
Citizens Bank,1950 Empire Boulevard,Webster,14580,Monroe,"{""type"": ""Point"", ""coordinates"": [-77.50341, 43.19188]}"
Citizens Bank,5793 South Transit Road,Lockport,14094,Niagara,"{""type"": ""Point"", ""coordinates"": [-78.69615, 43.14217]}"
Citizens Bank,2042 Chili Avenue,Rochester,14624,Monroe,"{""type"": ""Point"", ""coordinates"": [-77.68667, 43.13398]}"
Citizens Bank,273 Wall Street,Kingston,12401,Ulster,"{""type"": ""Point"", ""coordinates"": [-74.0199, 41.93307]}"
Citizens Bank,191 Main Street,Unadilla,13849,Otsego,"{""type"": ""Point"", ""coordinates"": [-75.31584, 42.32514]}"
Citizens Bank,4883 State Highway 30,Amsterdam,12010,Montogomery,"{""type"": ""Point"", ""coordinates"": [-74.18644, 42.96835]}"
Citizens Bank,200 Mamaroneck Avenue,White Plains,10601,Westchester,"{""type"": ""Point"", ""coordinates"": [-73.76476, 41.02811]}"
Citizens Bank,2371 Central Park Avenue,Yonkers,10710,Westchester,"{""type"": ""Point"", ""coordinates"": [-73.83043, 40.97952]}"
Citizens Bank,1725 Altamont Avenue,Schenectady,12303,Schenectady,"{""type"": ""Point"", ""coordinates"": [-73.95098, 42.78252]}"
Citizens Bank,"596 Columbia Turnpike, Suite 6",East Greenbush,12061,Rensselaer,"{""type"": ""Point"", ""coordinates"": [-73.70992, 42.59878]}"
Citizens Bank,1300 Ulster Avenue,Kingston,12401,Ulster,"{""type"": ""Point"", ""coordinates"": [-73.98529, 41.9661]}"
Citizens Bank,453 Route 9,Poughkeepsie,12603,Dutchess,"{""type"": ""Point"", ""coordinates"": [-73.9115, 41.60886]}"
Citizens Bank,17 North Avenue,Pleasant Valley,12569,Dutchess,"{""type"": ""Point"", ""coordinates"": [-73.82507, 41.7457]}"
Citizens Bank,1893 Elmwood Avenue,Buffalo,14207,Erie,"{""type"": ""Point"", ""coordinates"": [-78.87759, 42.9493]}"
Citizens Bank,6770 East Genesee Street,Fayetteville,13069,Onondaga,"{""type"": ""Point"", ""coordinates"": [-76.05417, 43.03145]}"
Citizens Bank,3524 West Genesee Street,Syracuse,13219,Onondaga,"{""type"": ""Point"", ""coordinates"": [-76.23515, 43.04798]}"
Citizens Bank,3780 Nostrand Avenue,Brooklyn,11235,Kings,"{""type"": ""Point"", ""coordinates"": [-73.94014, 40.59147]}"
Citizens Bank,1164 Wantagh Avenue,Wantagh,11793,Nassau,"{""type"": ""Point"", ""coordinates"": [-73.50866, 40.69488]}"
Citizens Bank,1752 Veterans Memorial Highway,Islandia,11749,Suffolk,"{""type"": ""Point"", ""coordinates"": [-73.17816, 40.80373]}"
Citizens Bank,31-01 Broadway,Astoria,11106,Queens,"{""type"": ""Point"", ""coordinates"": [-73.9252, 40.7619]}"
Citizens Bank,8724 4th Avenue,Brooklyn,11209,Kings,"{""type"": ""Point"", ""coordinates"": [-74.02888, 40.62154]}"
Citizens Bank,150-07 14th Avenue,Whitestone,11357,Queens,"{""type"": ""Point"", ""coordinates"": [-73.81327, 40.78897]}"
Citizens Bank,7826 5th Avenue,Brooklyn,11209,Kings,"{""type"": ""Point"", ""coordinates"": [-74.0238, 40.62667]}"
Citizens Bank,28-22 Steinway Street,Astoria,11103,Queens,"{""type"": ""Point"", ""coordinates"": [-73.91404, 40.76506]}"
Citizens Bank,43-08 Bell Boulevard,Bayside,11361,Queens,"{""type"": ""Point"", ""coordinates"": [-73.76993, 40.76102]}"
Citizens Bank,33-02 Ditmars Boulevard,Astoria,11105,Queens,"{""type"": ""Point"", ""coordinates"": [-73.9095, 40.77529]}"
Citizens Bank,7123 3rd Avenue,Brooklyn,11209,Kings,"{""type"": ""Point"", ""coordinates"": [-74.02689, 40.63366]}"
Citizens Bank,1200 Forest Avenue,Staten Island,10310,Richmond,"{""type"": ""Point"", ""coordinates"": [-74.12992, 40.62645]}"
Citizens Bank,2000 Monroe Avenue,Rochester,14618,Monroe,"{""type"": ""Point"", ""coordinates"": [-77.56326, 43.12579]}"
Citizens Bank,800 Paul Road,Rochester,14624,Monroe,"{""type"": ""Point"", ""coordinates"": [-77.74595, 43.10757]}"
Citizens Bank,2797 Niagara Falls Boulevard,Amherst,14226,Erie,"{""type"": ""Point"", ""coordinates"": [-78.82152, 43.0308]}"
Citizens Bank,2255 East Ridge Road,Rochester,14622,Monroe,"{""type"": ""Point"", ""coordinates"": [-77.56005, 43.20357]}"
Citizens Bank,212 Main Street,East Aurora,14052,Erie,"{""type"": ""Point"", ""coordinates"": [-78.62686, 42.76817]}"
Citizens Bank,6545 Transit Road,East Amherst,14051,Erie,"{""type"": ""Point"", ""coordinates"": [-78.69612, 43.02704]}"
Citizens Bank,2000 Eastview Mall,Victor,14564,Ontario,
Citizens Bank,260 EAST MAIN STREET,ROCHESTER,14604,Monroe,"{""type"": ""Point"", ""coordinates"": [-77.60521, 43.15739]}"
Citizens Bank,2040 George Urban Boulevard,Depew,14043,Erie,"{""type"": ""Point"", ""coordinates"": [-78.73606, 42.91901]}"
Citizens Bank,5225 Sheridan Drive,Williamsville,14221,Erie,"{""type"": ""Point"", ""coordinates"": [-78.73864, 42.97683]}"
Citizens Bank,5469 Camp Road,Hamburg,14075,Erie,"{""type"": ""Point"", ""coordinates"": [-78.84439, 42.73834]}"
Citizens Bank,589 Jefferson Road,Rochester,14623,Monroe,"{""type"": ""Point"", ""coordinates"": [-77.62885, 43.08665]}"
Citizens Bank,2255 Hudson Avenue,Rochester,14617,Monroe,"{""type"": ""Point"", ""coordinates"": [-77.60134, 43.20939]}"
Citizens Bank,399 Atlantic Avenue,Brooklyn,11217,Kings,"{""type"": ""Point"", ""coordinates"": [-73.98484, 40.68692]}"
Citizens Bank,1174 Jericho Turnpike,Commack,11725,Suffolk,"{""type"": ""Point"", ""coordinates"": [-73.26625, 40.84593]}"
Citizens Bank,35-02 Broadway,Astoria,11106,Queens,"{""type"": ""Point"", ""coordinates"": [-73.92207, 40.76042]}"
Citizens Bank,81 Court Street,Brooklyn,11201,Kings,"{""type"": ""Point"", ""coordinates"": [-73.99152, 40.69146]}"
Citizens Bank,18 Washington Avenue,Endicott,13760,Broome,"{""type"": ""Point"", ""coordinates"": [-76.0483, 42.10398]}"
Citizens Bank,1416  Union Avenue,Newburgh,12550,Orange,"{""type"": ""Point"", ""coordinates"": [-74.07036, 41.5224]}"
Citizens Bank,3820 Dewey Avenue,Rochester,14616,Monroe,"{""type"": ""Point"", ""coordinates"": [-77.64491, 43.2404]}"
Citizens Bank,190 East Jericho Turnpike,Mineola,11501,Nassau,"{""type"": ""Point"", ""coordinates"": [-73.62861, 40.7536]}"
Citizens Bank,3092 County Highway 11,Hartwick,13348,Otsego,"{""type"": ""Point"", ""coordinates"": [-75.05002, 42.65982]}"
Citizens Bank,1421 Avenue M,Brooklyn,11230,Kings,"{""type"": ""Point"", ""coordinates"": [-73.96017, 40.61799]}"
Citizens Bank,141 Main Street,Worcester,12197,Otsego,"{""type"": ""Point"", ""coordinates"": [-74.7503, 42.59161]}"
Citizens Bank,5 Eastview Mall Drive,Victor,14564,Monroe,"{""type"": ""Point"", ""coordinates"": [-77.43902, 43.02596]}"
Citizens Bank,23-02 31st Street,Astoria,11105,Queens,"{""type"": ""Point"", ""coordinates"": [-73.91303, 40.77425]}"
Citizens Bank,2150 Merrick Road,Merrick,11566,Nassau,"{""type"": ""Point"", ""coordinates"": [-73.54461, 40.65874]}"
Citizens Bank,896 Manhattan Avenue,Brooklyn,11222,Kings,"{""type"": ""Point"", ""coordinates"": [-73.95417, 40.73004]}"
Citizens Bank,69-71 Grand Avenue,Maspeth,11378,Queens,"{""type"": ""Point"", ""coordinates"": [-73.89313, 40.72729]}"
Citizens Bank,563 Larkfield Road,East Northport,11731,Suffolk,"{""type"": ""Point"", ""coordinates"": [-73.31882, 40.85837]}"
Citizens Bank,2580 Hylan Boulevard,Staten Island,10306,Richmond,"{""type"": ""Point"", ""coordinates"": [-74.11149, 40.56851]}"
Citizens Bank,8601 21st Avenue,Brooklyn,11214,Kings,"{""type"": ""Point"", ""coordinates"": [-73.99621, 40.6031]}"
Citizens Bank,103-42 Lefferts Boulevard,Richmond Hill,11419,Queens,"{""type"": ""Point"", ""coordinates"": [-73.82443, 40.68676]}"
Citizens Bank,1556 Hylan Boulevard,Staten Island,10305,Richmond,"{""type"": ""Point"", ""coordinates"": [-74.08824, 40.59027]}"
Citizens Bank,271 Page Avenue,Staten Island,10307,Richmond,"{""type"": ""Point"", ""coordinates"": [-74.23404, 40.5175]}"
Citizens Bank,675 Hempstead Turnpike,Franklin Square,11010,Nassau,"{""type"": ""Point"", ""coordinates"": [-73.66434, 40.70668]}"
Citizens Bank,314 7th Avenue,Brooklyn,11215,Queens,"{""type"": ""Point"", ""coordinates"": [-73.98114, 40.66741]}"
Citizens Bank,6402 18th Avenue,Brooklyn,11214,Kings,"{""type"": ""Point"", ""coordinates"": [-73.98967, 40.61964]}"
Citizens Bank,2200 Richmond Avenue,Staten Island,10314,Richmond,"{""type"": ""Point"", ""coordinates"": [-74.16258, 40.59341]}"
Citizens Bank,90 North Genesee St,Utica,13502,Oneida,"{""type"": ""Point"", ""coordinates"": [-75.22066, 43.10729]}"
Citizens Bank,253 Route 211 East,Middletown,10940,Orange,"{""type"": ""Point"", ""coordinates"": [-74.40164, 41.4544]}"
Citizens Bank,7414 13th Avenue,Brooklyn,11228,Queens,"{""type"": ""Point"", ""coordinates"": [-74.0071, 40.62061]}"
Citizens Bank,2560 Ocean Avenue,Brooklyn,11229,Kings,"{""type"": ""Point"", ""coordinates"": [-73.95137, 40.59916]}"
Citizens Bank,431-433 Court Street,Brooklyn,11201,Kings,"{""type"": ""Point"", ""coordinates"": [-73.9978, 40.67841]}"
Citizens Bank,272 Brighton Beach Avenue,Brooklyn,11235,Kings,"{""type"": ""Point"", ""coordinates"": [-73.96489, 40.57688]}"
Citizens Bank,58-23 Myrtle Avenue,Ridgewood,11385,Queens,"{""type"": ""Point"", ""coordinates"": [-73.90045, 40.7005]}"
Citizens Bank,1201 Avenue J,Brooklyn,11230,Kings,"{""type"": ""Point"", ""coordinates"": [-73.96403, 40.62488]}"
Citizens Bank,236 Broadway,Brooklyn,11211,Kings,"{""type"": ""Point"", ""coordinates"": [-73.96022, 40.70916]}"
Citizens Bank,108-01 Queens Boulevard,Forest Hills,11375,Queens,"{""type"": ""Point"", ""coordinates"": [-73.84365, 40.72151]}"
Citizens Bank,4624 13th Avenue,Brooklyn,11219,Kings,"{""type"": ""Point"", ""coordinates"": [-73.99082, 40.63627]}"
Citizens Bank,1201 Quentin Road,Brooklyn,11229,Kings,"{""type"": ""Point"", ""coordinates"": [-73.96066, 40.60798]}"
Citizens Bank,315 Main Street,Huntington,11743,Suffolk,"{""type"": ""Point"", ""coordinates"": [-73.42881, 40.87092]}"
Citizens Bank,2929 Expressway Drive North,Islandia,11749,Suffolk,"{""type"": ""Point"", ""coordinates"": [-73.19271, 40.80981]}"
Citizens Bank,690 Route 25A,Setauket,11733,Suffolk,"{""type"": ""Point"", ""coordinates"": [-73.11545, 40.92965]}"
Citizens Bank,97 North Sea Road,Southampton,11968,Suffolk,"{""type"": ""Point"", ""coordinates"": [-72.39446, 40.8908]}"
Citizens Bank,96A Allen Boulevard,Farmingdale,11735,Nassau,"{""type"": ""Point"", ""coordinates"": [-73.41969, 40.71637]}"
Citizens Bank,176 Myrtle Avenue,Brooklyn,11201,Kings,"{""type"": ""Point"", ""coordinates"": [-73.98106, 40.69354]}"
Citizens Bank,180 Delaware Plaza,Delmar,12054,Albany,"{""type"": ""Point"", ""coordinates"": [-73.81096, 42.62774]}"
Citizens Bank,29 Glenwood Shopping Plaza,Oneida,13421,Madison,
Citizens Bank,Route 9W,Kingston,12401,Ulster,
Citizens Bank,406 Route 32,Vails Gate,12584,Orange,"{""type"": ""Point"", ""coordinates"": [-74.05642, 41.4564]}"
Citizens Bank,Route 9 & Aviation Road,Glens Falls,12801,Warren,"{""type"": ""Point"", ""coordinates"": [-73.72508, 43.3398]}"
Citizens Bank,7941 Brewerton Road,Cicero,13039,Onondaga,"{""type"": ""Point"", ""coordinates"": [-76.1234, 43.15524]}"
Citizens Bank,2080 Western Avenue,Guilderland,12084,Albany,"{""type"": ""Point"", ""coordinates"": [-73.8933, 42.6982]}"
Citizens Bank,265 Osborne Road,Loudonville,12211,Albany,"{""type"": ""Point"", ""coordinates"": [-73.77572, 42.70701]}"
Citizens Bank,324 Prospect Street,Herkimer,13350,Herkimer,"{""type"": ""Point"", ""coordinates"": [-74.99039, 43.02783]}"
Citizens Bank,3333 Consaul Road,Niskayuna,12309,Schenectady,"{""type"": ""Point"", ""coordinates"": [-73.89136, 42.78306]}"
Citizens Bank,364 Main Street,Beacon,12508,Dutchess,"{""type"": ""Point"", ""coordinates"": [-73.96795, 41.50419]}"
Citizens Bank,37 Bay Street,Glens Falls,12801,Warren,"{""type"": ""Point"", ""coordinates"": [-73.6465, 43.31225]}"
Citizens Bank,40 Main Avenue,Wynantskill,12198,Rensselaer,"{""type"": ""Point"", ""coordinates"": [-73.64964, 42.69793]}"
City National Bank,400 PARK AVENUE,NEW YORK,10022,New York,"{""type"": ""Point"", ""coordinates"": [-73.97211, 40.75991]}"
City National Bank,1140 Sixth Avenue,New York,10063,New York,"{""type"": ""Point"", ""coordinates"": [-73.98303, 40.75632]}"
City National Bank,450 West 33rd Street,New York,10001,New York,"{""type"": ""Point"", ""coordinates"": [-73.99928, 40.75377]}"
City National Bank,425 Broadhollow Road,Melville,11747,Suffolk,"{""type"": ""Point"", ""coordinates"": [-73.4194, 40.7764]}"
City National Bank,71 Fifth Avenue,New York,10003,New York,"{""type"": ""Point"", ""coordinates"": [-73.99323, 40.73654]}"
City National Bank,440 South Park Avenue,New York,10022,New York,"{""type"": ""Point"", ""coordinates"": [-73.98333, 40.7444]}"
Cohoes City Employees Federal Credit Union,716 Hoosick Road,Troy,12180,Rensselaer,"{""type"": ""Point"", ""coordinates"": [-73.64366, 42.74245]}"
"Commerce Bank, N.A.",830 Fifth Avenue,New York,10021,New York,"{""type"": ""Point"", ""coordinates"": [-73.97365, 40.76459]}"
"Commerce Bank, N.A.",455 East Bay Drive,Long Beach,11561,Nassau,"{""type"": ""Point"", ""coordinates"": [-73.65129, 40.59435]}"
"Commerce Bank, N.A.",1879 Madison Avenue,New York,10035,New York,"{""type"": ""Point"", ""coordinates"": [-73.94234, 40.80351]}"
"Commerce Bank, N.A.",341 Ninth Avenue,New York,10001,New York,"{""type"": ""Point"", ""coordinates"": [-73.99837, 40.75055]}"
"Commerce Bank, N.A.",558 Grand Concourse,Bronx,10451,Bronx,"{""type"": ""Point"", ""coordinates"": [-73.92717, 40.81882]}"
"Commerce Bank, N.A.",909 Third Avenue,New York,10022,New York,"{""type"": ""Point"", ""coordinates"": [-73.9687, 40.75863]}"
"Commerce Bank, N.A.",201 Eleventh Avenue,New York,10004,New York,"{""type"": ""Point"", ""coordinates"": [-74.0061, 40.75014]}"
"Commerce Bank, N.A.",735 Anderson Hill Road,Purchase,10577,Westchester,"{""type"": ""Point"", ""coordinates"": [-73.69643, 41.03905]}"
"Commerce Bank, N.A.",2 Park Avenue,Yonkers,10703,Westchester,"{""type"": ""Point"", ""coordinates"": [-73.89196, 40.94062]}"
"Commerce Bank, N.A.",400East Main Street,Mt. Kisko,10549,Westchester,"{""type"": ""Point"", ""coordinates"": [-73.72554, 41.19629]}"
"Commerce Bank, N.A.",150 55th Street,Brooklyn,11220,Kings,"{""type"": ""Point"", ""coordinates"": [-74.02127, 40.64695]}"
"Commerce Bank, N.A.",300 Carleton Avenue,Central Islip,11722,Suffolk,"{""type"": ""Point"", ""coordinates"": [-73.19581, 40.76716]}"
"Commerce Bank, N.A.",3201 Kings Highway,Brooklyn,11234,Kings,"{""type"": ""Point"", ""coordinates"": [-73.94279, 40.61833]}"
"Commerce Bank, N.A.",1st Avenue & 16th Street,New York,10003,New York,"{""type"": ""Point"", ""coordinates"": [-73.97473, 40.72977]}"
"Commerce Bank, N.A.",1111 Amsterdam Avenue,New York,10025,New York,"{""type"": ""Point"", ""coordinates"": [-73.96191, 40.80565]}"
"Commerce Bank, N.A.",339 Hicks Street,Brooklyn,11201,Queens,"{""type"": ""Point"", ""coordinates"": [-73.9979, 40.69091]}"
"Commerce Bank, N.A.",428 West 59th Street,New York,10019,New York,"{""type"": ""Point"", ""coordinates"": [-73.98692, 40.77012]}"
"Commerce Bank, N.A.",441 East Fordham Road,Bronx,10458,Bronx,"{""type"": ""Point"", ""coordinates"": [-73.88965, 40.86019]}"
"Commerce Bank, N.A.",113 West 60th Street,New York,10023,New York,"{""type"": ""Point"", ""coordinates"": [-73.9859, 40.7705]}"
"Commerce Bank, N.A.",1485 Dumont Avenue,Brooklyn,11208,Kings,"{""type"": ""Point"", ""coordinates"": [-73.86265, 40.67091]}"
"Commerce Bank, N.A.",200 Hofstra University,Hempstead,11549,Nassau,"{""type"": ""Point"", ""coordinates"": [-73.59929, 40.71589]}"
"Commerce Bank, N.A.",47 Third Avenue,New York,10003,New York,"{""type"": ""Point"", ""coordinates"": [-73.98892, 40.7309]}"
"Commerce Bank, N.A.",1200 Waters Place,Bronx,10461,Bronx,"{""type"": ""Point"", ""coordinates"": [-73.83633, 40.85363]}"
"Commerce Bank, N.A.",1 White Hall Street,Staten Island,10004,New York,"{""type"": ""Point"", ""coordinates"": [-74.12211, 40.5642]}"
"Commerce Bank, N.A.",45 Melville Park Road,Melville,11747,Suffolk,"{""type"": ""Point"", ""coordinates"": [-73.41421, 40.77698]}"
"Community Bank, N.A.",468 Route 3,Plattsburgh,12901,Clinton,"{""type"": ""Point"", ""coordinates"": [-73.49371, 44.69647]}"
"Community Bank, N.A.",182 Main Street,Oneida,13421,Madison,"{""type"": ""Point"", ""coordinates"": [-75.65141, 43.09419]}"
"Community Bank, N.A.",100 East First Street,Oswego,13126,Oswego,"{""type"": ""Point"", ""coordinates"": [-76.5081, 43.45732]}"
"Community Bank, N.A.",Thomson Mall,Alexandria Bay,13607,Jefferson,
"Community Bank, N.A.",343 Church Street,Hannibal,13074,Oswego,"{""type"": ""Point"", ""coordinates"": [-76.57887, 43.3211]}"
"Community Bank, N.A.",7193 Main Street,Ovid,14521,Seneca,"{""type"": ""Point"", ""coordinates"": [-76.82285, 42.67603]}"
"Community Bank, N.A.",68 Genesee Street,Avon,14414,Livingston,"{""type"": ""Point"", ""coordinates"": [-77.74631, 42.91072]}"
"Community Bank, N.A.",4218 Lakeville Road,Geneseo,14454,Livingston,"{""type"": ""Point"", ""coordinates"": [-77.7913, 42.79616]}"
"Community Bank, N.A.",1 South First Street,Fulton,13069,Oswego,"{""type"": ""Point"", ""coordinates"": [-76.4173, 43.32466]}"
"Community Bank, N.A.",178 East Main Street,Chateaugay,12920,Franklin,"{""type"": ""Point"", ""coordinates"": [-74.07857, 44.92657]}"
"Community Bank, N.A.",1 West Fairmount Avenue,Lakewood,14750,Chautauqua,"{""type"": ""Point"", ""coordinates"": [-79.32662, 42.09736]}"
"Community Bank, N.A.",10 Elm Street,Malone,12953,Franklin,"{""type"": ""Point"", ""coordinates"": [-74.29148, 44.84923]}"
"Community Bank, N.A.",710 West Miller Street,Newark,14513,Wayne,"{""type"": ""Point"", ""coordinates"": [-77.10976, 43.04518]}"
"Community Bank, N.A.",10490 Main Street,North Collins,14111,Erie,"{""type"": ""Point"", ""coordinates"": [-78.94094, 42.59614]}"
"Community Bank, N.A.",825 State Street,Ogdensburg,13669,St. Lawrence,"{""type"": ""Point"", ""coordinates"": [-75.48749, 44.69137]}"
"Community Bank, N.A.",300 West Water Street,Elmira,14901,Chemung,"{""type"": ""Point"", ""coordinates"": [-76.80931, 42.08727]}"
"Community Bank, N.A.",8720 East Main Street,Clymer,14724,Chautauqua,"{""type"": ""Point"", ""coordinates"": [-79.6284, 42.02083]}"
"Community Bank, N.A.",One Clifton Plaza Route 96,Clifton Springs,14432,Ontario,"{""type"": ""Point"", ""coordinates"": [-77.14019, 42.96868]}"
"Community Bank, N.A.",189 Main Street,Dansville,14437,Livingston,"{""type"": ""Point"", ""coordinates"": [-77.69607, 42.56074]}"
"Community Bank, N.A.",7605 State Street,Lowville,13367,Lewis,"{""type"": ""Point"", ""coordinates"": [-75.48044, 43.78753]}"
"Community Bank, N.A.",105 Main Street,Moravia,13118,Tompkins,"{""type"": ""Point"", ""coordinates"": [-76.42137, 42.71092]}"
"Community Bank, N.A.",5238 West Seneca Street,Vernon,13476,Oneida,"{""type"": ""Point"", ""coordinates"": [-75.54026, 43.07895]}"
"Community Bank, N.A.",4675 State Route 233,Westmoreland,13490,Oneida,"{""type"": ""Point"", ""coordinates"": [-75.39798, 43.09397]}"
"Community Bank, N.A.",519 Genesee Street,Chittenango,13037,Madison,"{""type"": ""Point"", ""coordinates"": [-75.86606, 43.05364]}"
"Community Bank, N.A.",160 BROOKS ROAD,ROME,13441,Oneida,"{""type"": ""Point"", ""coordinates"": [-75.41832, 43.22296]}"
"Community Bank, N.A.",26 East Church Street,Adams,13605,Jefferson,"{""type"": ""Point"", ""coordinates"": [-76.02168, 43.80929]}"
"Community Bank, N.A.",76 West Main Street,Gowanda,14070,Cattaraugus,"{""type"": ""Point"", ""coordinates"": [-78.93748, 42.46227]}"
"Community Bank, N.A.",2967 Route 9,Valatie,12184,Columbia,"{""type"": ""Point"", ""coordinates"": [-73.68916, 42.42951]}"
"Community Bank, N.A.",201 North Union Street,Olean,14760,Cattaraugus,"{""type"": ""Point"", ""coordinates"": [-78.42994, 42.07967]}"
"Community Bank, N.A.",13 Park Square,Franklinville,14737,Cattaraugus,"{""type"": ""Point"", ""coordinates"": [-78.45736, 42.33765]}"
"Community Bank, N.A.",320 West Main Street,Malone,12953,Franklin,"{""type"": ""Point"", ""coordinates"": [-74.29844, 44.84865]}"
"Community Bank, N.A.",46 Broadway,Saranac Lake,12983,Franklin,"{""type"": ""Point"", ""coordinates"": [-74.1322, 44.32826]}"
"Community Bank, N.A.",14230 Route 9N,Ausable,12912,Essex,"{""type"": ""Point"", ""coordinates"": [-73.67631, 44.44066]}"
"Community Bank, N.A.",2166 SANARAC AVENUE,LAKE PLACID,12946,Essex,
"Community Bank, N.A.",4116 Center Street,Lyons Falls,13368,Lewis,"{""type"": ""Point"", ""coordinates"": [-75.36348, 43.61974]}"
"Community Bank, N.A.",244 Main Street,North Creek,12853,Warren,"{""type"": ""Point"", ""coordinates"": [-73.98585, 43.69866]}"
"Community Bank, N.A.",9 Margaret Street,Plattaburgh,12901,Clinton,"{""type"": ""Point"", ""coordinates"": [-73.45367, 44.69594]}"
"Community Bank, N.A.",864 State Route 11,Champlain,12919,Clinton,"{""type"": ""Point"", ""coordinates"": [-73.4436, 44.9786]}"
"Community Bank, N.A.",117 Montcalm Street,Ticonderoga,12883,Essex,"{""type"": ""Point"", ""coordinates"": [-73.42392, 43.84878]}"
"Community Bank, N.A.",567 Columbia Turnpike (US 9),East Greenbush,12061,Rensselaer,"{""type"": ""Point"", ""coordinates"": [-73.71429, 42.60357]}"
"Community Bank, N.A.",11 Tuscarora Street,Addison,14801,Steuben,"{""type"": ""Point"", ""coordinates"": [-77.23526, 42.10437]}"
"Community Bank, N.A.",380 Main Street,Bolivar,14715,Allegany,"{""type"": ""Point"", ""coordinates"": [-78.16788, 42.06567]}"
"Community Bank, N.A.",5821 Bridge Street,East Syracuse,13057,Onondaga,"{""type"": ""Point"", ""coordinates"": [-76.06921, 43.05313]}"
"Community Bank, N.A.",5 Clark Street,Orchard Park,14127,Erie,"{""type"": ""Point"", ""coordinates"": [-78.74361, 42.76525]}"
"Community Bank, N.A.",122 Main Street,Randolph,14772,Cattaraugus,"{""type"": ""Point"", ""coordinates"": [-78.97637, 42.16191]}"
"Community Bank, N.A.",Hewitt Student Union SUNY Oswego,Oswego,13126,Oswego,
"Community Bank, N.A.",4091 State Highway 3,Star Lake,12980,Franklin,"{""type"": ""Point"", ""coordinates"": [-75.04488, 44.16415]}"
"Community Bank, N.A.",44 West Main Street,Fillmore,14735,Allegany,"{""type"": ""Point"", ""coordinates"": [-78.11337, 42.46597]}"
"Community Bank, N.A.","4987 State Highway 23, Suite 3",Oneonta,13820,Otsego,"{""type"": ""Point"", ""coordinates"": [-75.04772, 42.4486]}"
"Community Bank, N.A.",8013 State Route 31,Bridgeport,13030,Onondaga,"{""type"": ""Point"", ""coordinates"": [-75.97382, 43.15462]}"
"Community Bank, N.A.",659 South Main Street,Canandaigua,14424,Ontario,"{""type"": ""Point"", ""coordinates"": [-77.27369, 42.8776]}"
"Community Bank, N.A.",85 Sherwood Road,Delhi,13753,Delaware,"{""type"": ""Point"", ""coordinates"": [-74.92314, 42.26555]}"
"Community Bank, N.A.",Morrisville State College,Morrisville,13408,Madison,
"Community Bank, N.A.",2 Coulter Road,Clifton Springs,14432,Albany,"{""type"": ""Point"", ""coordinates"": [-77.13648, 42.95929]}"
"Community Bank, N.A.",585 Main Street,Oneida,13421,Madison,"{""type"": ""Point"", ""coordinates"": [-75.64201, 43.07989]}"
"Community Bank, N.A.",48 Albany Street,Cazenovia,13035,Madison,"{""type"": ""Point"", ""coordinates"": [-75.85424, 42.9299]}"
"Community Bank, N.A.",35 Broad Street,Hamilton,13346,Madison,"{""type"": ""Point"", ""coordinates"": [-75.54208, 42.82418]}"
"Community Bank, N.A.",2 West Main Street,Waterloo,13165,Seneca,"{""type"": ""Point"", ""coordinates"": [-76.86306, 42.90467]}"
"Community Bank, N.A.",216 Washington Street,Watertown,13601,Jefferson,"{""type"": ""Point"", ""coordinates"": [-75.91099, 43.97361]}"
"Community Bank, N.A.",84 Bridge Street,West Carthage,13619,Jefferson,"{""type"": ""Point"", ""coordinates"": [-75.62155, 43.96877]}"
"Community Bank, N.A.",3140 West State Road,Allegany,14760,Cattaraugus,"{""type"": ""Point"", ""coordinates"": [-78.47222, 42.07712]}"
"Community Bank, N.A.",45-49 Court Street,Canton,13617,St. Lawrence,"{""type"": ""Point"", ""coordinates"": [-75.16957, 44.59787]}"
"Community Bank, N.A.",80 Main Street,Canton,13617,St. Lawrence,"{""type"": ""Point"", ""coordinates"": [-75.17002, 44.5956]}"
"Community Bank, N.A.",150 West Market Street,Corning,14830,Steuben,"{""type"": ""Point"", ""coordinates"": [-77.06028, 42.14448]}"
"Community Bank, N.A.",Hamilton Street,Geneva,14456,Ontario,
"Community Bank, N.A.",100 Main Street,Gouverneur,13642,St. Lawrence,"{""type"": ""Point"", ""coordinates"": [-75.47372, 44.33402]}"
"Community Bank, N.A.",41 East River Road,Nichols,13812,Tioga,"{""type"": ""Point"", ""coordinates"": [-76.36629, 42.02184]}"
"Community Bank, N.A.",500 Delaware Avenue,Olean,14760,Cattaraugus,"{""type"": ""Point"", ""coordinates"": [-78.42882, 42.0842]}"
"Community Bank, N.A.",151 Main Street,Penn Yan,14527,Yates,"{""type"": ""Point"", ""coordinates"": [-77.05419, 42.66239]}"
"Community Bank, N.A.",64-70 Market Street,Potsdam,13676,St. Lawrence,"{""type"": ""Point"", ""coordinates"": [-74.98687, 44.67177]}"
"Community Bank, N.A.",4854 North Jefferson Street,Pulaski,13142,Oswego,"{""type"": ""Point"", ""coordinates"": [-76.12719, 43.56702]}"
"Community Bank, N.A.",39 North Main Street,Alfred,14802,Allegany,"{""type"": ""Point"", ""coordinates"": [-77.79046, 42.25542]}"
"Community Bank, N.A.",1982 East Main Street,Falconer,14733,Chautauqua,"{""type"": ""Point"", ""coordinates"": [-79.19039, 42.12657]}"
"Community Bank, N.A.",13187 State Route 12,Boonville,13309,Oneida,"{""type"": ""Point"", ""coordinates"": [-75.31876, 43.47713]}"
"Community Bank, N.A.",2516 West Main Street,Cato,13033,Cayuga,"{""type"": ""Point"", ""coordinates"": [-76.57389, 43.16795]}"
"Community Bank, N.A.",70 East Main Street,Westfield,14787,Chautauqua,"{""type"": ""Point"", ""coordinates"": [-79.57617, 42.3233]}"
"Community Bank, N.A.",5 SENECA STREET,GENEVA,14456,Ontario,"{""type"": ""Point"", ""coordinates"": [-76.98239, 42.86669]}"
"Community Bank, N.A.",7395 Turin Road,Lowville,13367,Lewis,"{""type"": ""Point"", ""coordinates"": [-75.48596, 43.77851]}"
"Community Bank, N.A.",121 Main Street,Massena,13662,St. Lawrence,"{""type"": ""Point"", ""coordinates"": [-74.89216, 44.92907]}"
"Community Bank, N.A.",3102 State Route 28,Old Forge,13420,Herkimer,"{""type"": ""Point"", ""coordinates"": [-74.97169, 43.71137]}"
"Community Bank, N.A.",1 East Genesee Street,Skaneateles,13152,Onondaga,"{""type"": ""Point"", ""coordinates"": [-76.42872, 42.94622]}"
"Community Bank, N.A.",1125 Arsenal Street,Watertown,13601,Jefferson,"{""type"": ""Point"", ""coordinates"": [-75.93848, 43.97689]}"
"Community Bank, N.A.",125 Main Street,Sherman,14781,Chautauqua,"{""type"": ""Point"", ""coordinates"": [-79.59598, 42.15934]}"
"Community Bank, N.A.",245 Main Street,Oneonta,13820,Otsego,"{""type"": ""Point"", ""coordinates"": [-75.06092, 42.45479]}"
"Community Bank, N.A.",10 NORTH PEARL STREET,ALBANY,12207,Albany,"{""type"": ""Point"", ""coordinates"": [-73.75249, 42.65016]}"
"Community Bank, N.A.",109 South Warren St,Syracuse,13202,Onondaga,"{""type"": ""Point"", ""coordinates"": [-76.15018, 43.05051]}"
"Community Bank, N.A.",2149 Grand Central Ave,Horseheads,14845,Chemung,"{""type"": ""Point"", ""coordinates"": [-76.82178, 42.15598]}"
"Community Bank, N.A.",702 S. Meadow St,Ithaca,14850,Tompkins,"{""type"": ""Point"", ""coordinates"": [-76.50823, 42.43185]}"
"Community Bank, N.A.",1136 Pennsylvania Ave,Elmira,14904,Chemung,"{""type"": ""Point"", ""coordinates"": [-76.81833, 42.05626]}"
"Community Bank, N.A.",39 North Pearl Street,Albany,12207,Albany,"{""type"": ""Point"", ""coordinates"": [-73.75197, 42.65091]}"
"Community Bank, N.A.",7329 Seneca Road North,Hornell,18483,Steuben,"{""type"": ""Point"", ""coordinates"": [-77.66343, 42.35598]}"
"Community Bank, N.A.",7379 Oswego Road,Liverpool,13090,Onondaga,"{""type"": ""Point"", ""coordinates"": [-76.21955, 43.12866]}"
"Community Bank, N.A.",1091	Main	Street,Buffalo,14209,Erie,"{""type"": ""Point"", ""coordinates"": [-78.86854, 42.90362]}"
"Community Bank, N.A.",1900 Empire Blvd,Webster,14580,Monroe,"{""type"": ""Point"", ""coordinates"": [-77.50205, 43.19103]}"
"Community Bank, N.A.",804 N Goodman St,Rochester,14609,Monroe,"{""type"": ""Point"", ""coordinates"": [-77.57899, 43.16872]}"
"Community Bank, N.A.",3330 Monroe Ave,Pittsford,1460,Monroe,"{""type"": ""Point"", ""coordinates"": [-77.53761, 43.10302]}"
"Community Bank, N.A.",420 Balltown Road,Schenectady,12304,Schenectady,"{""type"": ""Point"", ""coordinates"": [-73.89199, 42.77493]}"
"Community Bank, N.A.",300 Hylan Drive,Henrietta,14623,Monroe,"{""type"": ""Point"", ""coordinates"": [-77.62776, 43.08556]}"
"Community Bank, N.A.",4141 South Salina St.,Syracuse,13202,Onondaga,"{""type"": ""Point"", ""coordinates"": [-76.14226, 43.00922]}"
"Community Bank, N.A.",3150 Sheridan Drive,Amherst,14226,Erie,"{""type"": ""Point"", ""coordinates"": [-78.81687, 42.9809]}"
"Community Bank, N.A.",1791 Western Ave,Albany,12203,Albany,"{""type"": ""Point"", ""coordinates"": [-73.86643, 42.69057]}"
"Community Bank, N.A.",114 Wolf Road,Colonie,12205,Albany,"{""type"": ""Point"", ""coordinates"": [-73.80835, 42.71802]}"
"Community Bank, N.A.",325 Orchard Park Road,West Seneca,14224,Erie,"{""type"": ""Point"", ""coordinates"": [-78.78745, 42.83502]}"
"Community Bank, N.A.",525 East Main Street,Palmyra,14522,Wayne,"{""type"": ""Point"", ""coordinates"": [-77.22391, 43.06345]}"
"Community Bank, N.A.",228 Central Avenue,Silver Creek,14136,Chautauqua,"{""type"": ""Point"", ""coordinates"": [-79.16646, 42.54422]}"
"Community Bank, N.A.",401 North Franklin Street,Watkins Glen,14891,Schuyler,"{""type"": ""Point"", ""coordinates"": [-76.87336, 42.38037]}"
"Community Bank, N.A.",113 NORTH MAIN STREET,WELLSVILLE,14895,Allegany,"{""type"": ""Point"", ""coordinates"": [-77.94792, 42.12127]}"
"Community Bank, N.A.",Route 16 & Westover Avenue,Yorkshire,14173,Cattaraugus,
"Community Bank, N.A.",23 Riverside Drive,Johnson City,13790,Broome,"{""type"": ""Point"", ""coordinates"": [-75.94978, 42.09831]}"
"Community Bank, N.A.",124 Delaware Street,Walton,13856,Delaware,"{""type"": ""Point"", ""coordinates"": [-75.12952, 42.168]}"
"Community Bank, N.A.",235 Cascade Drive,Springville,14141,Erie,"{""type"": ""Point"", ""coordinates"": [-78.69018, 42.50255]}"
"Community Bank, N.A.",8 Liberty Street,Bath,14810,Steuben,"{""type"": ""Point"", ""coordinates"": [-77.3184, 42.33374]}"
"Community Bank, N.A.",21 West Main Street,Cuba,14727,Allegany,"{""type"": ""Point"", ""coordinates"": [-78.27647, 42.21701]}"
"Community Bank, N.A.",3909 Vineyard Drive,Dunkirk,14048,Chautauqua,"{""type"": ""Point"", ""coordinates"": [-79.3151, 42.45829]}"
"Community Bank, N.A.",25 South Main Street,Jamestown,14701,Chautauqua,"{""type"": ""Point"", ""coordinates"": [-79.23816, 42.0925]}"
"Community Bank, N.A.",23 Commercial Street,Livonia,14487,Livingston,"{""type"": ""Point"", ""coordinates"": [-77.66856, 42.82105]}"
"Community Bank, N.A.",109 South Main Street,Naples,14512,Ontario,"{""type"": ""Point"", ""coordinates"": [-77.40278, 42.61488]}"
"Community Bank, N.A.",272 Lake Street,Penn Yan,14527,Yates,"{""type"": ""Point"", ""coordinates"": [-77.05796, 42.65413]}"
"Community Bank, N.A.",103 Main Street,Salamanca,14779,Cattaraugus,"{""type"": ""Point"", ""coordinates"": [-78.71496, 42.15847]}"
"Community Bank, N.A.",434 Chestnut Street,Oneonta,13820,Otsego,"{""type"": ""Point"", ""coordinates"": [-75.09588, 42.45547]}"
"Community Bank, N.A.",750-1 East Main Street,Cobleskill,12043,Schoharie,"{""type"": ""Point"", ""coordinates"": [-74.4759, 42.67927]}"
"Community Bank, N.A.",5378 State Highway 28,Cooperstown,13326,Otsego,"{""type"": ""Point"", ""coordinates"": [-74.93713, 42.68711]}"
"Community Bank, N.A.",4837 State Highway 23,Norwich,13815,Chenango,"{""type"": ""Point"", ""coordinates"": [-75.50848, 42.53992]}"
"Community Bank, N.A.",19 Union Street,Sidney,13838,Delaware,"{""type"": ""Point"", ""coordinates"": [-75.39469, 42.31281]}"
"Community Bank, N.A.",41 Harden Boulevard,Camden,13316,Oneida,"{""type"": ""Point"", ""coordinates"": [-75.74355, 43.32747]}"
"Community Bank, N.A.",102 South Petersboro Street,Canastota,13032,Madison,"{""type"": ""Point"", ""coordinates"": [-75.75128, 43.07918]}"
"Community Bank, N.A.",345 Central Avenue,Dunkirk,14048,Chautauqua,"{""type"": ""Point"", ""coordinates"": [-79.33451, 42.48339]}"
"Community Bank, N.A.",205 State Street,Clayton,13624,Jefferson,"{""type"": ""Point"", ""coordinates"": [-76.07975, 44.23743]}"
"Community Bank, N.A.",5 Depot Square,Chatham,12037,Columbia,"{""type"": ""Point"", ""coordinates"": [-73.59763, 42.36184]}"
"Community Bank, N.A.",96 Union Turnpike (NY Route 66),Greenport,12534,Columbia,"{""type"": ""Point"", ""coordinates"": [-73.76805, 42.24836]}"
"Community Bank, N.A.",1199 Main Street,Long Lake,12847,Hamilton,"{""type"": ""Point"", ""coordinates"": [-74.4204, 43.97232]}"
"Community Bank, N.A.",5966-5968  State Route 31,Cicero,13039,Onondaga,"{""type"": ""Point"", ""coordinates"": [-76.10597, 43.17579]}"
"Community Bank, N.A.",75 Park Street,Tupper Lake,12986,Franklin,"{""type"": ""Point"", ""coordinates"": [-74.46555, 44.22294]}"
"Community Bank, N.A.",782 Troy Schenectady Road,Latham,12110,Albany,"{""type"": ""Point"", ""coordinates"": [-73.78226, 42.75791]}"
"Community Bank, N.A.",6321 NYS Route 30,Indian Lake,12842,Hamilton,"{""type"": ""Point"", ""coordinates"": [-74.26827, 43.78252]}"
"Community Bank, N.A.",197 Delaware Avenue,Delmar,12054,Albany,"{""type"": ""Point"", ""coordinates"": [-73.81439, 42.629]}"
"Community Bank, N.A.",1573 Route 458,Saint Regis Falls,12980,Franklin,"{""type"": ""Point"", ""coordinates"": [-74.54543, 44.67299]}"
"Community Bank, N.A.",4781 Rt 30,Amsterdam,12010,Montogomery,"{""type"": ""Point"", ""coordinates"": [-74.18793, 42.97581]}"
"Community Bank, N.A.",211 Erie Blvd,Canajoharie,13317,Montogomery,"{""type"": ""Point"", ""coordinates"": [-74.58254, 42.90514]}"
"Community Bank, N.A.","311 North Comrie Ave, Route 30A",Johnstown,12095,Fulton,"{""type"": ""Point"", ""coordinates"": [-74.361, 43.02314]}"
"Community Bank, N.A.",101 Main St.,Boonville,13309,Oneida,"{""type"": ""Point"", ""coordinates"": [-75.33464, 43.48389]}"
"Community Bank, N.A.",11 Schuyler Street,Belmont,14813,Allegany,"{""type"": ""Point"", ""coordinates"": [-78.03397, 42.22319]}"
"Community Bank, N.A.",One Steuben Square,"Hornell, NY",14843,Steuben,"{""type"": ""Point"", ""coordinates"": [-77.65963, 42.32926]}"
"Community Bank, N.A.",2490 N. Main Street,Warsaw,14569,Wyoming,"{""type"": ""Point"", ""coordinates"": [-78.12959, 42.76146]}"
"Community Bank, N.A.",475 N. Highland  Ave,"Wellsville, NY",14895,Allegany,"{""type"": ""Point"", ""coordinates"": [-77.96454, 42.12663]}"
"Community Bank, N.A.",1 Saxon Dr,Alfred,14803,Allegany,"{""type"": ""Point"", ""coordinates"": [-77.79033, 42.25395]}"
"Community Bank, N.A.",36 West Dyke Street,Wellsville,14895,Allegany,"{""type"": ""Point"", ""coordinates"": [-77.94092, 42.11688]}"
"Community Bank, N.A.",92 Main St.,Whitehall,12887,Washington,"{""type"": ""Point"", ""coordinates"": [-73.40193, 43.55587]}"
"Community Bank, N.A.",19 Corporate Woods Dr,East Syracuse,12211,Albany,"{""type"": ""Point"", ""coordinates"": [-73.76304, 42.6801]}"
"Community Bank, N.A.",2300 N. Triphammer Rd,Ithaca,14850,Tompkins,"{""type"": ""Point"", ""coordinates"": [-76.4855, 42.48162]}"
"Community Bank, N.A.",314 S. Manning Blv,Albany,12208,Albany,"{""type"": ""Point"", ""coordinates"": [-73.8077, 42.65441]}"
Compass Federal Credit Union,Lake Road North,Oswego,13126,Oswego,
Compass Federal Credit Union,300 West First Street,Oswego,13126,Oswego,"{""type"": ""Point"", ""coordinates"": [-76.50911, 43.45227]}"
ConnectOne Bank,275 BROAD HOLLOW ROAD,MELVILLE,11747,Suffolk,"{""type"": ""Point"", ""coordinates"": [-73.4172, 40.78324]}"
ConnectOne Bank,1975 Hempstead Turnpike,East Meadow,11554,Nassau,"{""type"": ""Point"", ""coordinates"": [-73.56311, 40.72451]}"
ConnectOne Bank,392 East Main Street,Patchogue,11772,Suffolk,"{""type"": ""Point"", ""coordinates"": [-73.00107, 40.7666]}"
ConnectOne Bank,574 Broadway,Massapequa,11758,Nassau,"{""type"": ""Point"", ""coordinates"": [-73.46821, 40.68299]}"
ConnectOne Bank,3000 Marcus Avenue,Lake Success,11042,Nassau,"{""type"": ""Point"", ""coordinates"": [-73.69613, 40.75894]}"
ConnectOne Bank,215 West Main Street,Sayville,11782,Nassau,"{""type"": ""Point"", ""coordinates"": [-73.08685, 40.73363]}"
ConnectOne Bank,42 Deer Park Avenue,Babylon Village,11702,Suffolk,"{""type"": ""Point"", ""coordinates"": [-73.32351, 40.69717]}"
ConnectOne Bank,1050 Franklin Avenue,Garden City,11530,Nassau,"{""type"": ""Point"", ""coordinates"": [-73.63639, 40.73055]}"
ConnectOne Bank,450 MAIN STREET,PORT JEFFERSON,11777,Suffolk,"{""type"": ""Point"", ""coordinates"": [-73.06672, 40.94286]}"
ConnectOne Bank,567 North Broadway,White Plains,10603,Westchester,"{""type"": ""Point"", ""coordinates"": [-73.77028, 41.05273]}"
ConnectOne Bank,127 East Merrick Road,Valley Stream,11580,Nassau,"{""type"": ""Point"", ""coordinates"": [-73.6938, 40.66396]}"
ConnectOne Bank,485 SCHUTT ROAD,MIDDLETOWN,10940,Orange,"{""type"": ""Point"", ""coordinates"": [-74.38726, 41.44456]}"
ConnectOne Bank,9202 4th Avenue,Brooklyn,11209,Kings,"{""type"": ""Point"", ""coordinates"": [-74.03022, 40.61829]}"
ConnectOne Bank,132-11A 14th Avenue,College Point,11356,Queens,"{""type"": ""Point"", ""coordinates"": [-73.83586, 40.78701]}"
ConnectOne Bank,159-14 Cross Bay Boulevard,Howard Beach,11414,Queens,"{""type"": ""Point"", ""coordinates"": [-73.84002, 40.65851]}"
ConnectOne Bank,19-01 Utopia Parkway,Whitestone,11357,Queens,"{""type"": ""Point"", ""coordinates"": [-73.79394, 40.78034]}"
ConnectOne Bank,282 Bayville Avenue,Bayville,11709,Nassau,"{""type"": ""Point"", ""coordinates"": [-73.5491, 40.90721]}"
ConnectOne Bank,170 E. Erie Street,Blauvelt,10913,Rockland,"{""type"": ""Point"", ""coordinates"": [-73.94971, 41.06383]}"
ConnectOne Bank,140 East Main Street,Riverhead,11901,Suffolk,"{""type"": ""Point"", ""coordinates"": [-72.65954, 40.91768]}"
ConnectOne Bank,150 Hampton Road,Southampton,11968,Suffolk,"{""type"": ""Point"", ""coordinates"": [-72.38443, 40.88816]}"
ConnectOne Bank,150 Motor Parkway,Hauppauge,11788,Suffolk,"{""type"": ""Point"", ""coordinates"": [-73.25966, 40.80699]}"
ConnectOne Bank,4110 Veterans Memorial Highway,Bohemia,11716,Suffolk,"{""type"": ""Point"", ""coordinates"": [-73.10055, 40.78224]}"
ConnectOne Bank,53345 Main Road,Southold,11971,Suffolk,"{""type"": ""Point"", ""coordinates"": [-72.42956, 41.06401]}"
ConnectOne Bank,100 Pantigo Place,East Hampton,11937,Suffolk,"{""type"": ""Point"", ""coordinates"": [-72.17039, 40.96846]}"
ConnectOne Bank,106 Old Country Rd,Hicksville,11801,Nassau,"{""type"": ""Point"", ""coordinates"": [-73.52351, 40.76327]}"
ConnectOne Bank,78 Park Place,East Hampton,11937,Suffolk,"{""type"": ""Point"", ""coordinates"": [-72.1871, 40.9629]}"
ConnectOne Bank,253 New York Avenue,Huntington,11743,Suffolk,"{""type"": ""Point"", ""coordinates"": [-73.42512, 40.87382]}"
ConnectOne Bank,711 Fort Salonga Road,Northport,11768,Suffolk,"{""type"": ""Point"", ""coordinates"": [-73.33597, 40.89564]}"
ConnectOne Bank,10 Glen Head Road,Glen Head,11545,Nassau,"{""type"": ""Point"", ""coordinates"": [-73.62934, 40.83301]}"
ConnectOne Bank,130 Mineola Avenue,Roslyn Heights,11577,Nassau,"{""type"": ""Point"", ""coordinates"": [-73.65079, 40.78816]}"
ConnectOne Bank,7 Glen Cove Road,Greenvale,11548,Nassau,"{""type"": ""Point"", ""coordinates"": [-73.6273, 40.80825]}"
ConnectOne Bank,108 Forest Avenue,Locust Valley,11560,Nassau,"{""type"": ""Point"", ""coordinates"": [-73.59974, 40.87581]}"
ConnectOne Bank,800 Woodbury Road,Woodbury,11797,Nassau,"{""type"": ""Point"", ""coordinates"": [-73.4787, 40.80495]}"
ConnectOne Bank,310 Merrick Road,Rockville Centre,11570,Nassau,"{""type"": ""Point"", ""coordinates"": [-73.64376, 40.65599]}"
ConnectOne Bank,1810 Merrick Avenue,Merrick,11566,Nassau,"{""type"": ""Point"", ""coordinates"": [-73.55635, 40.67383]}"
ConnectOne Bank,232 Madison Avenue,New York,10016,New York,"{""type"": ""Point"", ""coordinates"": [-73.98151, 40.74975]}"
ConnectOne Bank,715 Route 304,Bardonia,10954,Rockland,"{""type"": ""Point"", ""coordinates"": [-73.99347, 41.12008]}"
ConnectOne Bank,1 East Montauk Highway,Lindenhurst,11757,Nassau,"{""type"": ""Point"", ""coordinates"": [-73.36374, 40.67833]}"
ConnectOne Bank,1301 Broadway,Hewlett,11557,Nassau,"{""type"": ""Point"", ""coordinates"": [-73.70065, 40.63886]}"
ConnectOne Bank,151 West Main Street,East Islip,11730,Suffolk,"{""type"": ""Point"", ""coordinates"": [-73.19773, 40.73032]}"
Cooperative Federal,401 South Avenue,Syracuse,13204,Onondaga,"{""type"": ""Point"", ""coordinates"": [-76.15889, 43.03478]}"
Cooperative Federal,1816 Erie Blvd East,Syracuse,13210,Onondaga,"{""type"": ""Point"", ""coordinates"": [-76.11812, 43.04998]}"
Cooperative Federal,516 Burt Street,Syracuse,13202,Onondaga,"{""type"": ""Point"", ""coordinates"": [-76.14255, 43.03846]}"
Cornerstone Community FCU,5810 S Transit Rd -  Front Building,Lockport,14094,Niagara,"{""type"": ""Point"", ""coordinates"": [-78.69774, 43.14287]}"
Cornerstone Community FCU,4455 Porter Rd,Niagara Falls,14305,Niagara,"{""type"": ""Point"", ""coordinates"": [-79.01074, 43.10443]}"
Cornerstone Community FCU,4255 WITMER ROAD,NIAGARA FALLS,14305,Niagara,"{""type"": ""Point"", ""coordinates"": [-79.0124, 43.12975]}"
Cornerstone Community FCU,6485 South Transit Road,Lockport,14094,Niagara,"{""type"": ""Point"", ""coordinates"": [-78.69532, 43.11439]}"
Cornerstone Community FCU,107 Main Street,North Tonawanda,14120,Niagara,"{""type"": ""Point"", ""coordinates"": [-78.87642, 43.0251]}"
Cornerstone Community FCU,5 State Street,Middleport,14105,Niagara,"{""type"": ""Point"", ""coordinates"": [-78.47603, 43.21248]}"
Cornerstone Community FCU,5810 S TRANSIT RD- BACK BUILDING,LOCKPORT,14094,Niagara,"{""type"": ""Point"", ""coordinates"": [-78.69774, 43.14287]}"
Cornerstone Community FCU,118 Walnut St.,Lockport,14094,Niagara,"{""type"": ""Point"", ""coordinates"": [-78.69154, 43.16892]}"
Cornerstone Community FCU,315 Stahl Rd,Getzville,14068,Erie,"{""type"": ""Point"", ""coordinates"": [-78.76755, 43.01506]}"
Corning Federal Credit Union,84 Canal Street,Big Flats,14814,Chemung,"{""type"": ""Point"", ""coordinates"": [-76.9359, 42.14066]}"
Corning Federal Credit Union,1100 Clemens Center Parkway,Elmira,14901,Chemung,"{""type"": ""Point"", ""coordinates"": [-76.80929, 42.10575]}"
Corning Federal Credit Union,One Credit Union Plaza,Corning,14830,Steuben,"{""type"": ""Point"", ""coordinates"": [-77.0592, 42.15052]}"
Corning Federal Credit Union,61 WEST MARKET STREET,CORNING,14830,Steuben,"{""type"": ""Point"", ""coordinates"": [-77.05707, 42.14387]}"
Corning Federal Credit Union,101 John Roemmelt Drive,Horseheads,14845,Chemung,"{""type"": ""Point"", ""coordinates"": [-76.85768, 42.16194]}"
Corning Federal Credit Union,253 South Hamilton Street,Painted Post,14870,Steuben,"{""type"": ""Point"", ""coordinates"": [-77.10614, 42.15011]}"
Cross County Federal Savings Bank,80-10 Eliot Avenue,Middle Village,11379,Queens,"{""type"": ""Point"", ""coordinates"": [-73.87894, 40.72514]}"
Cross County Federal Savings Bank,731 METROPOLITAN AVENUE,BROOKLYN,11211,Kings,"{""type"": ""Point"", ""coordinates"": [-73.94469, 40.71449]}"
Cross County Federal Savings Bank,791 MORRIS PARK AVENUE,BRONX,10462,Bronx,"{""type"": ""Point"", ""coordinates"": [-73.86284, 40.8459]}"
Cross County Federal Savings Bank,455 BEACH 129TH STREET,BELLE HARBOR,11694,Queens,"{""type"": ""Point"", ""coordinates"": [-73.85007, 40.57908]}"
Cross County Federal Savings Bank,79-21 Metropolitan Avenue,Middle Village,11379,Queens,"{""type"": ""Point"", ""coordinates"": [-73.87329, 40.71325]}"
Cross County Federal Savings Bank,60-20 Fresh Pond Road,Maspeth,11378,Queens,"{""type"": ""Point"", ""coordinates"": [-73.90166, 40.71642]}"
Dannemora Federal Credit Union,50 State Road,Dannemora,12929,Clinton,"{""type"": ""Point"", ""coordinates"": [-73.71396, 44.72515]}"
Dannemora Federal Credit Union,10 Elm Street,Champlain,12919,Clinton,"{""type"": ""Point"", ""coordinates"": [-73.42794, 44.98305]}"
Dannemora Federal Credit Union,122 NEW YORK ROAD,PLATTSBURGH,12903,Clinton,"{""type"": ""Point"", ""coordinates"": [-73.45103, 44.67758]}"
Dannemora Federal Credit Union,344 TOM MILLER ROAD,PLATTSBURGH,12901,Clinton,"{""type"": ""Point"", ""coordinates"": [-73.51031, 44.70578]}"
"Delaware National Bank of Delhi, The",121 Main Street,Delhi,13753,Delaware,"{""type"": ""Point"", ""coordinates"": [-74.91546, 42.27752]}"
"Delaware National Bank of Delhi, The",42568 State Highway 28,Margaretville,12455,Delaware,"{""type"": ""Point"", ""coordinates"": [-74.63331, 42.14628]}"
"Delaware National Bank of Delhi, The",2503 Prosser Hollow Road,West Davenport,13860,Delaware,"{""type"": ""Point"", ""coordinates"": [-74.96419, 42.4379]}"
"Delaware National Bank of Delhi, The",1058 Main Street,Hobart,13788,Delaware,"{""type"": ""Point"", ""coordinates"": [-74.6656, 42.37736]}"
"Delaware National Bank of Delhi, The",124 MAIN ST,DELHI,13753,Delaware,"{""type"": ""Point"", ""coordinates"": [-74.916, 42.27799]}"
Delta Employees Credit Union,"LGA Airport, Delta Concourse",Queens,11371,Queens,
Delta Employees Credit Union,JFK Terminal 3,Jamaica,11430,Queens,
Dime Community Bank,1545 86th Street,Brooklyn,11228,Kings,"{""type"": ""Point"", ""coordinates"": [-74.00819, 40.61101]}"
Dime Community Bank,1775 Merrick Avenue,Merrick,11566,Nassau,"{""type"": ""Point"", ""coordinates"": [-73.55654, 40.67497]}"
Dime Community Bank,2412 Jerusalem Avenue,Bellmore,11710,Nassau,"{""type"": ""Point"", ""coordinates"": [-73.54318, 40.69093]}"
Dime Community Bank,243 Windmill Lane,Southampton,11969,Suffolk,"{""type"": ""Point"", ""coordinates"": [-72.39448, 40.89022]}"
Dime Community Bank,218 Front Street,Greenport,11944,Suffolk,"{""type"": ""Point"", ""coordinates"": [-72.36263, 41.10173]}"
Dime Community Bank,75-23 37th Avenue,Jackson Heights,11372,Queens,"{""type"": ""Point"", ""coordinates"": [-73.89019, 40.74912]}"
Dime Community Bank,2172 Coyle Street,Brooklyn,11229,Kings,"{""type"": ""Point"", ""coordinates"": [-73.93682, 40.59927]}"
Dime Community Bank,2200 Montauk Highway,Bridgehampton,11932,Suffolk,"{""type"": ""Point"", ""coordinates"": [-72.31167, 40.93396]}"
Dime Community Bank,176-47 Union Turnpike,Flushing,11366,Queens,"{""type"": ""Point"", ""coordinates"": [-73.79198, 40.72578]}"
Dime Community Bank,61-38 Springfield Boulevard,Bayside,11364,Queens,"{""type"": ""Point"", ""coordinates"": [-73.75678, 40.74817]}"
Dime Community Bank,1902 Kings Highway,Brooklyn,11229,Kings,"{""type"": ""Point"", ""coordinates"": [-73.95453, 40.61032]}"
Dime Community Bank,253-15 UNION TURNPIKE,GLEN OAKS,11004,Queens,"{""type"": ""Point"", ""coordinates"": [-73.71713, 40.74434]}"
Dime Community Bank,175 West Merrick Road,Valley Stream,11580,Nassau,"{""type"": ""Point"", ""coordinates"": [-73.70405, 40.66683]}"
Dime Community Bank,188 Montague Street,Brooklyn,11201,Queens,"{""type"": ""Point"", ""coordinates"": [-73.99139, 40.69401]}"
Dime Community Bank,2 BAY STREET,SAG HARBOR,11963,Suffolk,"{""type"": ""Point"", ""coordinates"": [-72.29446, 41.00201]}"
Dime Community Bank,48 East Montauk Highway,Hampton Bays,11946,Suffolk,"{""type"": ""Point"", ""coordinates"": [-72.52053, 40.87907]}"
Dime Community Bank,3 The Plaza,Montauk,11954,Suffolk,"{""type"": ""Point"", ""coordinates"": [-71.94493, 41.03485]}"
Dime Community Bank,194 Mill Road,Westhampton Beach,11978,Suffolk,"{""type"": ""Point"", ""coordinates"": [-72.64693, 40.81484]}"
Dime Community Bank,45-14 46th Street,Long Island City,11104,Queens,"{""type"": ""Point"", ""coordinates"": [-73.91638, 40.75405]}"
Dime Community Bank,59-23 Main Street,Flushing,11355,Queens,"{""type"": ""Point"", ""coordinates"": [-73.82557, 40.74323]}"
Dime Community Bank,24-44 Francis Lewis Boulevard,Whitestone,11357,Queens,"{""type"": ""Point"", ""coordinates"": [-73.79836, 40.77492]}"
Dime Community Bank,54970 Main Road,Southold,11971,Suffolk,"{""type"": ""Point"", ""coordinates"": [-72.42472, 41.06531]}"
Dime Community Bank,333 Merrick Road,Rockville Centre,11570,Nassau,"{""type"": ""Point"", ""coordinates"": [-73.64305, 40.65618]}"
Dime Community Bank,400 BROADHOLLOW ROAD,MELVILLE,11747,Suffolk,"{""type"": ""Point"", ""coordinates"": [-73.42131, 40.77843]}"
Dime Community Bank,2401 Jericho Turnpike,Garden City,11040,Nassau,"{""type"": ""Point"", ""coordinates"": [-73.6609, 40.74302]}"
Dime Community Bank,630 Montauk Highway,Shirley,11967,Suffolk,"{""type"": ""Point"", ""coordinates"": [-72.87561, 40.80051]}"
Dime Community Bank,410 Commack Road,Deer Park,11729,Suffolk,"{""type"": ""Point"", ""coordinates"": [-73.31363, 40.76116]}"
Dime Community Bank,8520 4TH AVENUE,BROOKLYN,11209,Kings,"{""type"": ""Point"", ""coordinates"": [-74.02825, 40.62303]}"
Dime Community Bank,4155 Veterans Memorial Highway,Ronkonkoma,11779,Suffolk,"{""type"": ""Point"", ""coordinates"": [-73.09983, 40.78303]}"
Dime Community Bank,3121 Long Beach Road,Oceanside,11572,Nassau,"{""type"": ""Point"", ""coordinates"": [-73.63981, 40.63621]}"
Dime Community Bank,43-01 Bell Boulevard,Bayside,11361,Queens,"{""type"": ""Point"", ""coordinates"": [-73.76986, 40.76126]}"
Dime Community Bank,8 GINGERBREAD LANE,EAST HAMPTON,11937,Suffolk,"{""type"": ""Point"", ""coordinates"": [-72.19596, 40.96333]}"
Dime Community Bank,41 East Main Street,Patchogue,11772,Suffolk,"{""type"": ""Point"", ""coordinates"": [-73.01415, 40.76568]}"
Dime Community Bank,432 Central Avenue,Cedarhurst,11516,Nassau,"{""type"": ""Point"", ""coordinates"": [-73.72589, 40.62014]}"
Dime Community Bank,8191 Jericho Turnpike,Woodbury,11797,Nassau,"{""type"": ""Point"", ""coordinates"": [-73.46864, 40.81595]}"
Dime Community Bank,75 Route 25 A,Rocky Point,11778,Suffolk,"{""type"": ""Point"", ""coordinates"": [-72.96003, 40.94572]}"
Dime Community Bank,180 East Main Street,Smithtown,11787,Suffolk,"{""type"": ""Point"", ""coordinates"": [-73.18679, 40.85576]}"
Dime Community Bank,380 East Main Street,Bayshore,11706,Suffolk,"{""type"": ""Point"", ""coordinates"": [-73.23557, 40.72649]}"
Dime Community Bank,21 North Ferry Road,Shelter Island,11964,Suffolk,"{""type"": ""Point"", ""coordinates"": [-72.33486, 41.0679]}"
Dime Community Bank,898 Veterans Memorial Highway,Hauppauge,11788,Suffolk,"{""type"": ""Point"", ""coordinates"": [-73.20204, 40.81918]}"
Dime Community Bank,1055 Franklin Avenue,Garden City,11530,Nassau,"{""type"": ""Point"", ""coordinates"": [-73.63602, 40.73066]}"
Dime Community Bank,337 Main Street,Huntington,11743,Suffolk,"{""type"": ""Point"", ""coordinates"": [-73.42951, 40.87084]}"
Dime Community Bank,481 Montauk Highway,East Moriches,11940,Suffolk,"{""type"": ""Point"", ""coordinates"": [-72.7617, 40.80485]}"
Dime Community Bank,15 Long Island Ave,Sag Harbor,11963,Suffolk,"{""type"": ""Point"", ""coordinates"": [-72.2964, 41.0021]}"
Dime Community Bank,281 Broadway,Brooklyn,11211,Kings,"{""type"": ""Point"", ""coordinates"": [-73.95854, 40.70865]}"
Dime Community Bank,414 Main Street,Port Jefferson,11777,Suffolk,"{""type"": ""Point"", ""coordinates"": [-73.06708, 40.94333]}"
Dime Community Bank,209 West Main St,Riverhead,11901,Suffolk,"{""type"": ""Point"", ""coordinates"": [-72.66538, 40.91706]}"
Dime Community Bank,35-02 Broadway Ave,Astoria,11106,Suffolk,"{""type"": ""Point"", ""coordinates"": [-73.92207, 40.76042]}"
Dime Community Bank,98 CUTTER MILL RD,GREAT NECK PLAZA,11021,Nassau,"{""type"": ""Point"", ""coordinates"": [-73.73286, 40.78368]}"
Dime Community Bank,60 East 42nd Street Suite 1110,Manhattan,10165,Kings,"{""type"": ""Point"", ""coordinates"": [-73.97835, 40.75244]}"
Dime Community Bank,1933 Turnbull Avenue,Bronx,10473,Bronx,"{""type"": ""Point"", ""coordinates"": [-73.85755, 40.82289]}"
Dime Community Bank,156 Forest Avenue,Locust Valley,11560,Nassau,"{""type"": ""Point"", ""coordinates"": [-73.60172, 40.87543]}"
Dime Community Bank,85 Forest Avenue,Locust Valley,11560,Nassau,"{""type"": ""Point"", ""coordinates"": [-73.59898, 40.87565]}"
Dime Community Bank,742 Manhattan Avenue,Brooklyn,11222,Kings,"{""type"": ""Point"", ""coordinates"": [-73.95231, 40.72646]}"
Dime Community Bank,232 Madison Avenue,New York,10016,Kings,"{""type"": ""Point"", ""coordinates"": [-73.98151, 40.74975]}"
Dime Community Bank,10900 Main Road,Mattituck,11952,Suffolk,"{""type"": ""Point"", ""coordinates"": [-72.53655, 40.98612]}"
Dime Community Bank,622 Old Country Road,Westbury,11590,Nassau,"{""type"": ""Point"", ""coordinates"": [-73.57406, 40.75038]}"
Dime Community Bank,1000 Port Washington Boulevard,Port Washington,11050,Nassau,"{""type"": ""Point"", ""coordinates"": [-73.68403, 40.83032]}"
ESL Federal Credit Union,3892 Scottsville Road,Scottsville,14546,Monroe,"{""type"": ""Point"", ""coordinates"": [-77.74076, 43.02909]}"
ESL Federal Credit Union,4 Hinchey Road,Gates,14624,Monroe,"{""type"": ""Point"", ""coordinates"": [-77.67135, 43.13841]}"
ESL Federal Credit Union,4440 Dewey Avenue,Rochester,14616,Monroe,"{""type"": ""Point"", ""coordinates"": [-77.64638, 43.25264]}"
ESL Federal Credit Union,45 South Main Street,Churchville,14428,Monroe,"{""type"": ""Point"", ""coordinates"": [-77.88467, 43.10144]}"
ESL Federal Credit Union,2255 East Ridge Road,Rochester,14622,Monroe,"{""type"": ""Point"", ""coordinates"": [-77.56005, 43.20357]}"
ESL Federal Credit Union,1658 Lake Road,Hamlin,14464,Monroe,"{""type"": ""Point"", ""coordinates"": [-77.92014, 43.29677]}"
ESL Federal Credit Union,41 Nichols Street,Spencerport,14559,Monroe,"{""type"": ""Point"", ""coordinates"": [-77.80555, 43.18182]}"
ESL Federal Credit Union,1610 Penfield Road,Penfield,14625,Monroe,"{""type"": ""Point"", ""coordinates"": [-77.49544, 43.13515]}"
ESL Federal Credit Union,225 Chestnut Street,Rochester,14604,Monroe,"{""type"": ""Point"", ""coordinates"": [-77.60357, 43.15255]}"
ESL Federal Credit Union,1503 Canandaigua Road,Macedon,14502,Wayne,"{""type"": ""Point"", ""coordinates"": [-77.32093, 43.06332]}"
ESL Federal Credit Union,3270 Canandaigua Road,Macedon,14502,Wayne,"{""type"": ""Point"", ""coordinates"": [-77.32096, 43.12242]}"
ESL Federal Credit Union,1100 Corporate Drive,Farmington,14425,Ontario,"{""type"": ""Point"", ""coordinates"": [-77.35876, 42.98283]}"
ESL Federal Credit Union,4214 Veterans Memorial Drive,Batavia,14020,Genesee,"{""type"": ""Point"", ""coordinates"": [-78.20488, 43.01537]}"
ESL Federal Credit Union,4175 Recreation Drive,Canandaigua,14424,Ontario,"{""type"": ""Point"", ""coordinates"": [-77.2386, 42.87238]}"
ESL Federal Credit Union,140 South Main Street,Newark,14513,Wayne,"{""type"": ""Point"", ""coordinates"": [-77.09522, 43.04601]}"
ESL Federal Credit Union,22 Ryan Drive,Geneseo,14454,Livingston,"{""type"": ""Point"", ""coordinates"": [-77.78634, 42.80008]}"
ESL Federal Credit Union,238 East Main Street,Avon,14414,Livingston,"{""type"": ""Point"", ""coordinates"": [-77.73648, 42.9108]}"
ESL Federal Credit Union,6301 Ontario Center Road,Ontario,14519,Wayne,"{""type"": ""Point"", ""coordinates"": [-77.30617, 43.22729]}"
ESL Federal Credit Union,1881 MONROE AVENUE,ROCHESTER,14618,Monroe,"{""type"": ""Point"", ""coordinates"": [-77.56585, 43.12679]}"
ESL Federal Credit Union,1271 FAIRPORT ROAD,FAIRPORT,14450,Monroe,"{""type"": ""Point"", ""coordinates"": [-77.46325, 43.10106]}"
ESL Federal Credit Union,2256 Hudson Ave,Rochester,14617,Monroe,"{""type"": ""Point"", ""coordinates"": [-77.59993, 43.20956]}"
ESL Federal Credit Union,250 Lake Ave,Rochester,14608,Monroe,"{""type"": ""Point"", ""coordinates"": [-77.6259, 43.16923]}"
ESL Federal Credit Union,32 School Street,Victor,14564,Ontario,"{""type"": ""Point"", ""coordinates"": [-77.41314, 42.98297]}"
ESL Federal Credit Union,786 North Goodman Street,Rochester,14609,Monroe,"{""type"": ""Point"", ""coordinates"": [-77.57973, 43.16839]}"
ESL Federal Credit Union,89 Main St.,Phelps,14532,Ontario,"{""type"": ""Point"", ""coordinates"": [-77.05753, 42.95763]}"
ESL Federal Credit Union,6120 State Route 96,Farmington,14425,Ontario,"{""type"": ""Point"", ""coordinates"": [-77.35912, 42.97463]}"
ESL Federal Credit Union,342 Hamilton St.,Geneva,14456,Ontario,"{""type"": ""Point"", ""coordinates"": [-76.99766, 42.85866]}"
ESL Federal Credit Union,11182 Maple Ridge Road,Medina,14103,Orleans,"{""type"": ""Point"", ""coordinates"": [-78.4004, 43.20655]}"
ESL Federal Credit Union,835 West Main St.,Rochester,14611,Monroe,"{""type"": ""Point"", ""coordinates"": [-77.6347, 43.14902]}"
ESL Federal Credit Union,152 Cayuga St.,Union Springs,13160,Cayuga,"{""type"": ""Point"", ""coordinates"": [-76.69231, 42.8413]}"
ESL Federal Credit Union,19 Cayuga St.,Seneca Falls,13021,Seneca,"{""type"": ""Point"", ""coordinates"": [-76.79697, 42.91122]}"
ESL Federal Credit Union,1865 North Road,Waterloo,13165,Seneca,"{""type"": ""Point"", ""coordinates"": [-76.83943, 42.90895]}"
ESL Federal Credit Union,621 North Seward Ave,Auburn,13021,Cayuga,"{""type"": ""Point"", ""coordinates"": [-76.55004, 42.94328]}"
ESL Federal Credit Union,100 Canal View Boulevard,Rochester,14623,Monroe,"{""type"": ""Point"", ""coordinates"": [-77.58549, 43.09641]}"
ESL Federal Credit Union,1055 Ridge Road,Webster,14580,Monroe,"{""type"": ""Point"", ""coordinates"": [-77.4523, 43.2096]}"
ESL Federal Credit Union,3169 Chili Avenue,Rochester,14624,Monroe,"{""type"": ""Point"", ""coordinates"": [-77.74406, 43.1069]}"
ESL Federal Credit Union,2480 Ridgeway Avenue,Rochester,14626,Monroe,"{""type"": ""Point"", ""coordinates"": [-77.69785, 43.18813]}"
ESL Federal Credit Union,200 Cobblestone Court Drive,Victor,14564,Ontario,"{""type"": ""Point"", ""coordinates"": [-77.43962, 43.03075]}"
ESL Federal Credit Union,518 East Ridge Road,Rochester,14621,Monroe,"{""type"": ""Point"", ""coordinates"": [-77.60465, 43.19613]}"
ESL Federal Credit Union,2059 Fairport,Penfield,14526,Monroe,"{""type"": ""Point"", ""coordinates"": [-77.44267, 43.13325]}"
ESL Federal Credit Union,745 Long Pond Road,Rochester,14612,Monroe,"{""type"": ""Point"", ""coordinates"": [-77.69722, 43.24846]}"
ESL Federal Credit Union,1490 Lake Avenue,Rochester,14615,Monroe,"{""type"": ""Point"", ""coordinates"": [-77.62791, 43.19347]}"
ESL Federal Credit Union,50 Spencerport Road,Gates,14606,Monroe,"{""type"": ""Point"", ""coordinates"": [-77.6941, 43.16659]}"
ESL Federal Credit Union,145 West Main Street,Honeoye Falls,14472,Monroe,"{""type"": ""Point"", ""coordinates"": [-77.60257, 42.94954]}"
ESL Federal Credit Union,3508 Mt. Read Boulevard,Rochester,14616,Monroe,"{""type"": ""Point"", ""coordinates"": [-77.65845, 43.22262]}"
ESL Federal Credit Union,215 Merchants Road,Rochester,14609,Monroe,"{""type"": ""Point"", ""coordinates"": [-77.54808, 43.15936]}"
ESL Federal Credit Union,11 State Street,Pittsford,14534,Monroe,"{""type"": ""Point"", ""coordinates"": [-77.51432, 43.09052]}"
ESL Federal Credit Union,271 Greece Ridge Center Drive,Rochester,14626,Monroe,"{""type"": ""Point"", ""coordinates"": [-77.68996, 43.2068]}"
ESL Federal Credit Union,229 East Avenue,Hilton,14468,Monroe,"{""type"": ""Point"", ""coordinates"": [-77.78623, 43.28976]}"
ESL Federal Credit Union,6670 FOURTH SECTION ROAD,BROCKPORT,14420,Monroe,"{""type"": ""Point"", ""coordinates"": [-77.94956, 43.1989]}"
ESL Federal Credit Union,550 Moseley Road,Perinton,14450,Monroe,"{""type"": ""Point"", ""coordinates"": [-77.4415, 43.07197]}"
ESL Federal Credit Union,1854 Empire Boulevard,Webster,14580,Monroe,"{""type"": ""Point"", ""coordinates"": [-77.50275, 43.19009]}"
ESL Federal Credit Union,2550 East Henrietta Road,Rochester,14623,Monroe,"{""type"": ""Point"", ""coordinates"": [-77.60695, 43.06973]}"
East West Bank,38-05 Union Street,Flushing,11354,Queens,"{""type"": ""Point"", ""coordinates"": [-73.82704, 40.76146]}"
East West Bank,5801 8th Avenue,Brooklyn,11220,Kings,"{""type"": ""Point"", ""coordinates"": [-74.00844, 40.63654]}"
East West Bank,77 Bowery,New York,10002,New York,"{""type"": ""Point"", ""coordinates"": [-73.99579, 40.7167]}"
East West Bank,135-11 Roosevelt Avenue,Flushing,11354,Queens,"{""type"": ""Point"", ""coordinates"": [-73.83149, 40.7591]}"
East West Bank,208 Canal Street,New York,10013,New York,"{""type"": ""Point"", ""coordinates"": [-73.99886, 40.7172]}"
East West Bank,1322-1328 Avenue U,Brooklyn,11229,Kings,"{""type"": ""Point"", ""coordinates"": [-73.95751, 40.5987]}"
"Eastbank, NA",183 Centre Street,New York,10013,New York,"{""type"": ""Point"", ""coordinates"": [-73.99964, 40.71841]}"
"Eastbank, NA",136-81 Roosevelt Avenue,Flushing,11354,Queens,"{""type"": ""Point"", ""coordinates"": [-73.82722, 40.7603]}"
Educational and Governmental Federal CU,333 North Central Avenue,Hartsdale,10630,Westchester,"{""type"": ""Point"", ""coordinates"": [-73.79147, 41.02831]}"
Elmira Savings & Loan FA,200 E. Buffalo Street,Ithaca,14850,Tompkins,"{""type"": ""Point"", ""coordinates"": [-76.49666, 42.44138]}"
Emigrant Savings Bank - Manhattan,333 MADISON AVENUE,NEW YORK,10017,New York,"{""type"": ""Point"", ""coordinates"": [-73.97854, 40.75381]}"
Emigrant Savings Bank-Bronx/Westchester,13 Croton Avenue,Ossining,10562,Westchester,"{""type"": ""Point"", ""coordinates"": [-73.86126, 41.16308]}"
Empire Federal Credit Union,2307 Brewerton Road,Mattydale,13211,Onondaga,"{""type"": ""Point"", ""coordinates"": [-76.14596, 43.09931]}"
Empire Federal Credit Union,6868 Manlius Center Rd,E. Syracuse,13057,Onondaga,"{""type"": ""Point"", ""coordinates"": [-76.0421, 43.06244]}"
Empire Federal Credit Union,250 S. Clinton Street,Syracuse,13202,Onondaga,"{""type"": ""Point"", ""coordinates"": [-76.15443, 43.04915]}"
Empire Federal Credit Union,2828 McLane Drive,Baldwinsville,13027,Oswego,"{""type"": ""Point"", ""coordinates"": [-76.31399, 43.18078]}"
Empire Federal Credit Union,5717 Enterprise Drive,E. Syracuse,13057,Onondaga,"{""type"": ""Point"", ""coordinates"": [-76.06178, 43.05436]}"
Empire Federal Credit Union,759 State Fair Blvd.,Syracuse,13209,Onondaga,"{""type"": ""Point"", ""coordinates"": [-76.23774, 43.08657]}"
Empire Federal Credit Union,2783 NY Rt. 31,Weedsport,13166,Cayuga,"{""type"": ""Point"", ""coordinates"": [-76.55643, 43.05569]}"
Empire Federal Credit Union,6 Elm Street,Tully,13159,Onondaga,"{""type"": ""Point"", ""coordinates"": [-76.11018, 42.79835]}"
Empire Federal Credit Union,85 Collamer Crossing,E. Syracuse,13057,Onondaga,"{""type"": ""Point"", ""coordinates"": [-76.04918, 43.10261]}"
Empire Federal Credit Union,800 State Street,Syracuse,13202,Onondaga,"{""type"": ""Point"", ""coordinates"": [-76.14753, 43.04351]}"
Empire Federal Credit Union,"3328 W. Genesee Street, Suite U.",Syracuse,13219,Onondaga,"{""type"": ""Point"", ""coordinates"": [-76.22698, 43.04875]}"
Empire Federal Credit Union,5404 Bay Road,N. Syracuse,13212,Onondaga,"{""type"": ""Point"", ""coordinates"": [-76.14206, 43.11554]}"
Empire Federal Credit Union,441 S. Salina St.,Syracuse,13202,Onondaga,"{""type"": ""Point"", ""coordinates"": [-76.15227, 43.04604]}"
Empire Federal Credit Union,31 E. Genesee Street,Baldwinsville,13027,Oswego,"{""type"": ""Point"", ""coordinates"": [-76.33027, 43.15887]}"
Empire Federal Credit Union,433 County Rt. 3,Fulton,13069,Oswego,"{""type"": ""Point"", ""coordinates"": [-76.46521, 43.32664]}"
Empire Federal Credit Union,100 N. Salina Street,Syracuse,13202,Onondaga,"{""type"": ""Point"", ""coordinates"": [-76.15217, 43.05111]}"
Empire Federal Credit Union,5933 South Salina Street,Syracuse,13205,Onondaga,"{""type"": ""Point"", ""coordinates"": [-76.14276, 42.98423]}"
Empire Federal Credit Union,6360 Thompson Rd.,East Syracuse,13057,Onondaga,
Empire Federal Credit Union,4873 N. Jefferson Street,Pulaski,13142,Oswego,"{""type"": ""Point"", ""coordinates"": [-76.12706, 43.5675]}"
Empire Federal Credit Union,4989 Bear Road,N. Syracuse,13212,Onondaga,"{""type"": ""Point"", ""coordinates"": [-76.17067, 43.13721]}"
Empire Federal Credit Union,344 S. Warren Street.,Syracuse,13202,Onondaga,"{""type"": ""Point"", ""coordinates"": [-76.15082, 43.04793]}"
Empire Federal Credit Union,4031 Route 31,Liverpool,13090,Onondaga,"{""type"": ""Point"", ""coordinates"": [-76.23466, 43.186]}"
Empire Federal Credit Union,97-99 W. Bridge Street,Oswego,13126,Oswego,"{""type"": ""Point"", ""coordinates"": [-76.51806, 43.45475]}"
"Empire State Bank, N.A.",8701 Third Avenue,Brooklyn,11209,Kings,"{""type"": ""Point"", ""coordinates"": [-74.0314, 40.62263]}"
"Empire State Bank, N.A.",6923 18TH AVE.,BROOKLYN,11204,Kings,"{""type"": ""Point"", ""coordinates"": [-73.99299, 40.61635]}"
"Empire State Bank, N.A.",2047 VICTORY BLVD.,STATEN ISLAND,10314,Richmond,"{""type"": ""Point"", ""coordinates"": [-74.13168, 40.61248]}"
"Empire State Bank, N.A.","1441 South Avenue, Suite 101",Staten Island,10314,Richmond,"{""type"": ""Point"", ""coordinates"": [-74.18097, 40.60461]}"
"Empire State Bank, N.A.",1698 Victory Blvd.,Staten Island,10314,Richmond,"{""type"": ""Point"", ""coordinates"": [-74.12028, 40.61326]}"
"Empire State Bank, N.A.",2212 Hylan Boulevard,Staten Island,10306,Richmond,"{""type"": ""Point"", ""coordinates"": [-74.10306, 40.57675]}"
Empower Federal Credit Union,3866 Rome Road,Pulaski,13124,Onondaga,"{""type"": ""Point"", ""coordinates"": [-76.1209, 43.55998]}"
Empower Federal Credit Union,6001 South Salina Street,Syracuse,13205,Onondaga,"{""type"": ""Point"", ""coordinates"": [-76.1428, 42.98376]}"
Empower Federal Credit Union,2141 Elmwood Ave,Buffalo,14207,Erie,"{""type"": ""Point"", ""coordinates"": [-78.87695, 42.95589]}"
Empower Federal Credit Union,3056 EAST AVENUE,CENTRAL SQUARE,13036,Oswego,"{""type"": ""Point"", ""coordinates"": [-76.13147, 43.28784]}"
Empower Federal Credit Union,900 Kinne St,East Syracuse,13057,Onondaga,"{""type"": ""Point"", ""coordinates"": [-76.07678, 43.07584]}"
Empower Federal Credit Union,278 Genesee Street,Chittenango,13037,Madison,"{""type"": ""Point"", ""coordinates"": [-75.86626, 43.04656]}"
Empower Federal Credit Union,67 Robinson Street,Binghamton,13901,Broome,"{""type"": ""Point"", ""coordinates"": [-75.89753, 42.10703]}"
Empower Federal Credit Union,351 North Main Street,Elmira,14901,Chemung,"{""type"": ""Point"", ""coordinates"": [-76.80921, 42.09082]}"
Empower Federal Credit Union,722 West Broadway,Fulton,13069,Oswego,"{""type"": ""Point"", ""coordinates"": [-76.43193, 43.31672]}"
Empower Federal Credit Union,5791 Route 31,Cicero,13039,Onondaga,"{""type"": ""Point"", ""coordinates"": [-76.11868, 43.17575]}"
Empower Federal Credit Union,3700 West Genesee Street,Syracuse,13219,Onondaga,"{""type"": ""Point"", ""coordinates"": [-76.23917, 43.04692]}"
Empower Federal Credit Union,100 GEORGE STREET,OSWEGO,13126,Oswego,"{""type"": ""Point"", ""coordinates"": [-76.48603, 43.46328]}"
Empower Federal Credit Union,5112 West Taft Road,Liverpool,13088,Onondaga,"{""type"": ""Point"", ""coordinates"": [-76.16235, 43.12149]}"
Empower Federal Credit Union,65 State Street,Auburn,13021,Cayuga,"{""type"": ""Point"", ""coordinates"": [-76.56942, 42.93277]}"
Empower Federal Credit Union,15 EAST GENESEE STREET,BALDWINSVILLE,13027,Onondaga,"{""type"": ""Point"", ""coordinates"": [-76.33122, 43.15899]}"
Empower Federal Credit Union,2265 DOWNER STREET,BALDWINSVILLE,13027,Onondaga,"{""type"": ""Point"", ""coordinates"": [-76.35066, 43.15305]}"
Empower Federal Credit Union,Auburn Towne Plaza,Auburn,13021,Cayuga,
Empower Federal Credit Union,501-505 SOUTH 2ND STREET,FULTON,13069,Oswego,"{""type"": ""Point"", ""coordinates"": [-76.408, 43.31533]}"
Empower Federal Credit Union,515 Erie Boulevard West,Syracuse,13204,Onondaga,"{""type"": ""Point"", ""coordinates"": [-76.1616, 43.04943]}"
Empower Federal Credit Union,520 South 2nd Street,Fulton,13069,Oswego,"{""type"": ""Point"", ""coordinates"": [-76.40667, 43.31361]}"
Empower Federal Credit Union,State Street,Phoenix,13135,Oswego,
Empower Federal Credit Union,7320 East Genesee Street,Fayetteville,13066,Onondaga,"{""type"": ""Point"", ""coordinates"": [-76.01708, 43.02902]}"
Empower Federal Credit Union,8075 Oswego Road,Liverpool,13090,Onondaga,"{""type"": ""Point"", ""coordinates"": [-76.23477, 43.16175]}"
Empower Federal Credit Union,7670 MORGAN ROAD,LIVERPOOL,13090,Onondaga,"{""type"": ""Point"", ""coordinates"": [-76.20646, 43.14182]}"
Empower Federal Credit Union,760 Harry L. Drive,Johnson City,13790,Broome,"{""type"": ""Point"", ""coordinates"": [-75.97887, 42.12246]}"
Empower Federal Credit Union,2690 Walden Avenue,Cheektowaga,14225,Erie,"{""type"": ""Point"", ""coordinates"": [-78.73581, 42.90956]}"
Empower Federal Credit Union,1928 Genesee Street,Utica,13505,Oneida,"{""type"": ""Point"", ""coordinates"": [-75.26126, 43.0873]}"
Empower Federal Credit Union,121 Price Chopper Plaza,Palatine Bridge,13428,Montogomery,
Empower Federal Credit Union,120 Main Street,Binghamton,13905,Broome,"{""type"": ""Point"", ""coordinates"": [-75.92684, 42.10131]}"
Empower Federal Credit Union,3701 Vestal Parkway,Vestal,13850,Broome,"{""type"": ""Point"", ""coordinates"": [-75.98377, 42.09804]}"
Entertainment Industries Federal Credit Union,550 Madison Avenue,New York,10022,New York,"{""type"": ""Point"", ""coordinates"": [-73.97308, 40.7613]}"
Evans Bank N.A.,4979 TRANSIT ROAD,DEPEW,14043,Erie,"{""type"": ""Point"", ""coordinates"": [-78.69663, 42.883]}"
Evans Bank N.A.,8599 Erie Road,Angola,14006,Erie,"{""type"": ""Point"", ""coordinates"": [-79.04023, 42.65056]}"
Evans Bank N.A.,5999 South Park Avenue,Hamburg,14075,Erie,"{""type"": ""Point"", ""coordinates"": [-78.82704, 42.73339]}"
Evans Bank N.A.,7204 Boston State Road,North Boston,14110,Erie,
Evans Bank N.A.,5688 South Transit Rd,Lockport,14094,Erie,"{""type"": ""Point"", ""coordinates"": [-78.69745, 43.14939]}"
Evans Bank N.A.,5178 Main Street,Williamsville,14221,Erie,"{""type"": ""Point"", ""coordinates"": [-78.7598, 42.96073]}"
Evans Bank N.A.,6797 Pittsford-Palmyra Road,Fairport,14450,Monroe,"{""type"": ""Point"", ""coordinates"": [-77.43718, 43.06844]}"
Evans Bank N.A.,925 Elmwood Avenue,Buffalo,14222,Erie,"{""type"": ""Point"", ""coordinates"": [-78.87702, 42.92233]}"
Evans Bank N.A.,25 Main Street,Forestville,14062,Chautauqua,"{""type"": ""Point"", ""coordinates"": [-79.177, 42.46852]}"
Evans Bank N.A.,8411 Main Street,Williamsville,14221,Erie,"{""type"": ""Point"", ""coordinates"": [-78.68092, 42.96444]}"
Evans Bank N.A.,6840 Erie Road,Derby,14047,Erie,"{""type"": ""Point"", ""coordinates"": [-78.98052, 42.7014]}"
Evans Bank N.A.,2163 Fairport Nine Mile Road,Fairport,14450,Monroe,"{""type"": ""Point"", ""coordinates"": [-77.44194, 43.12675]}"
Evans Bank N.A.,3388 Sheridan Drive,Amherst,14226,Erie,"{""type"": ""Point"", ""coordinates"": [-78.80856, 42.98045]}"
Evans Bank N.A.,2800 Niagara Falls Boulevard,Tonawanda,14150,Erie,"{""type"": ""Point"", ""coordinates"": [-78.82256, 43.03073]}"
Evans Bank N.A.,2118 Hudson Avenue,Rochester,14617,Monroe,"{""type"": ""Point"", ""coordinates"": [-77.60018, 43.20643]}"
Evans Bank N.A.,2670 Delaware Avenue,Buffalo,14216,Erie,"{""type"": ""Point"", ""coordinates"": [-78.86975, 42.95703]}"
Evans Bank N.A.,45 South Main Street,Fairport,14450,Monroe,"{""type"": ""Point"", ""coordinates"": [-77.44194, 43.10027]}"
Evans Bank N.A.,938 Union Road,West Seneca,14224,Erie,"{""type"": ""Point"", ""coordinates"": [-78.75368, 42.82629]}"
Ever$Green Federal Credit Union,2215 East Henrietta Road,Rochester,14623,Monroe,"{""type"": ""Point"", ""coordinates"": [-77.608, 43.07218]}"
Ever$Green Federal Credit Union,1372 East Main Street,Rochester,14614,Monroe,"{""type"": ""Point"", ""coordinates"": [-77.60697, 43.15701]}"
Excelsior Federal Credit Union,24 Avis Drive,Latham,12110,Albany,"{""type"": ""Point"", ""coordinates"": [-73.77845, 42.74763]}"
Excelsior Federal Credit Union,11 Corporate Woods Blvd.,Albany,12211,Albany,"{""type"": ""Point"", ""coordinates"": [-73.76709, 42.6835]}"
Family First Federal Credit Union,2520 Browncroft Boulevard,Rochester,14625,Monroe,"{""type"": ""Point"", ""coordinates"": [-77.50369, 43.15408]}"
Family First Federal Credit Union,850 Ridge Road,Webster,14580,Monroe,"{""type"": ""Point"", ""coordinates"": [-77.47256, 43.20604]}"
Family First Federal Credit Union,2113 CHILI AVENUE,ROCHESTER,14624,Monroe,"{""type"": ""Point"", ""coordinates"": [-77.68982, 43.12986]}"
Family First Federal Credit Union,1225 Jefferson Road,Rochester,14623,Monroe,"{""type"": ""Point"", ""coordinates"": [-77.60237, 43.08576]}"
Family First Federal Credit Union,1110 Long Pond Road,Rochester,14626,Monroe,"{""type"": ""Point"", ""coordinates"": [-77.69627, 43.222]}"
Family First Federal Credit Union,375 Fairport Road,East Rochester,14445,Monroe,"{""type"": ""Point"", ""coordinates"": [-77.48695, 43.10343]}"
Finger Lakes Federal Credit Union,1934 Route 96,Phelps,14532,Ontario,"{""type"": ""Point"", ""coordinates"": [-77.08656, 42.96249]}"
Finger Lakes Federal Credit Union,27 Seneca Street,Geneva,14456,Ontario,"{""type"": ""Point"", ""coordinates"": [-76.98281, 42.86668]}"
Finger Lakes Federal Credit Union,70 South Main Street,Fairport,14450,Monroe,"{""type"": ""Point"", ""coordinates"": [-77.44235, 43.09984]}"
Finger Lakes Federal Credit Union,815 Ridge Road,Webster,14580,Monroe,"{""type"": ""Point"", ""coordinates"": [-77.47601, 43.20469]}"
Finger Lakes Health Care Federal Credit Union,600 Roe Avenue,Elmira,14905,Chemung,"{""type"": ""Point"", ""coordinates"": [-76.82726, 42.09993]}"
First Central Savings Bank,37-28 Ditmars Boulevard,Astoria,11105,Queens,"{""type"": ""Point"", ""coordinates"": [-73.9071, 40.77359]}"
First Central Savings Bank,303 Merrick Road,Lynbrook,11563,Nassau,"{""type"": ""Point"", ""coordinates"": [-73.67069, 40.65716]}"
First Central Savings Bank,346B New York Avenue,Huntington,11743,Suffolk,"{""type"": ""Point"", ""coordinates"": [-73.42585, 40.87039]}"
First Central Savings Bank,72-76 Main Street,Flushing,11367,Queens,"{""type"": ""Point"", ""coordinates"": [-73.82102, 40.72485]}"
First Central Savings Bank,70 Glen Street,Glen Cove,11542,Nassau,"{""type"": ""Point"", ""coordinates"": [-73.6288, 40.8638]}"
First Central Savings Bank,42-12 Bell Boulevard,Bayside,11361,Queens,"{""type"": ""Point"", ""coordinates"": [-73.77038, 40.7624]}"
First Central Savings Bank,35-01 30th Avenue,Astoria,11103,Queens,"{""type"": ""Point"", ""coordinates"": [-73.91807, 40.76534]}"
First Central Savings Bank,19-19 Francis Lewis Boulevard,Whitestone,11357,Queens,"{""type"": ""Point"", ""coordinates"": [-73.80261, 40.78087]}"
First Central Savings Bank,71-66 Austin Street,Forest Hills,11375,Queens,"{""type"": ""Point"", ""coordinates"": [-73.84255, 40.71932]}"
First Choice Financial FCU,Walmart Super Center,Gloversville,12078,Fulton,
First Choice Financial FCU,3667 State Route 30,Broadalbin,12025,Fulton,"{""type"": ""Point"", ""coordinates"": [-74.21765, 43.04919]}"
First Choice Financial FCU,355 HALES MILLS RD,GLOVERSILLE,12078,Fulton,"{""type"": ""Point"", ""coordinates"": [-74.34223, 43.03327]}"
First Heritage Federal Credit Union,167 Seneca St,Hornell,14843,Steuben,"{""type"": ""Point"", ""coordinates"": [-77.66092, 42.33533]}"
First Heritage Federal Credit Union,11 Steuben Street,Addison,14801,Steuben,"{""type"": ""Point"", ""coordinates"": [-77.2356, 42.10488]}"
First Heritage Federal Credit Union,1707 Cedar Street,Elmira,14904,Chemung,"{""type"": ""Point"", ""coordinates"": [-76.79132, 42.05923]}"
First Heritage Federal Credit Union,501 Gardner Road,Horseheads,14845,Chemung,"{""type"": ""Point"", ""coordinates"": [-76.83911, 42.17568]}"
First Heritage Federal Credit Union,202 Denison Pkwy E,Corning,14830,New York,"{""type"": ""Point"", ""coordinates"": [-77.04635, 42.14113]}"
First Heritage Federal Credit Union,110 Village Square,Painted Post,14870,Steuben,"{""type"": ""Point"", ""coordinates"": [-77.09328, 42.15867]}"
First Heritage Federal Credit Union,218 Prescott Avenue,Elmira Heights,14903,Chemung,"{""type"": ""Point"", ""coordinates"": [-76.81928, 42.12853]}"
"First National Bank of Dryden, The",12 South Main Street,Homer,13077,Cortland,"{""type"": ""Point"", ""coordinates"": [-76.1789, 42.63648]}"
"First National Bank of Dryden, The",7 West Main Street,Dryden,13053,Tompkins,"{""type"": ""Point"", ""coordinates"": [-76.29815, 42.49055]}"
"First National Bank of Dryden, The",120 North Street,Dryden,13053,Tompkins,"{""type"": ""Point"", ""coordinates"": [-76.29813, 42.49926]}"
"First National Bank of Dryden, The",853 State Route 13,Cortland,13045,Cortland,"{""type"": ""Point"", ""coordinates"": [-76.21862, 42.57182]}"
First National Bank of Groton,161 Main Street,Groton,13073,Tompkins,"{""type"": ""Point"", ""coordinates"": [-76.36676, 42.58888]}"
First National Bank of Groton,41 South Main Street,Moravia,13118,Tompkins,"{""type"": ""Point"", ""coordinates"": [-76.42073, 42.70493]}"
First National Bank of Scotia,201 Mohawk Avenue,Scotia,12302,Schenectady,"{""type"": ""Point"", ""coordinates"": [-73.96534, 42.82663]}"
First National Bank of Scotia,240 Saratoga Road--Route 50,Scotia,12302,Schenectady,"{""type"": ""Point"", ""coordinates"": [-73.93207, 42.86838]}"
First National Bank of Scotia,2695 Hamburg Street,Schenectady,12303,Schenectady,"{""type"": ""Point"", ""coordinates"": [-73.93439, 42.7748]}"
First National Bank of Scotia,1693 Route 9,Clifton Park,12065,Saratoga,"{""type"": ""Point"", ""coordinates"": [-73.76727, 42.86183]}"
First National Bank of Scotia,120 Erie Boulevard,Schenectady,12301,Schenectady,"{""type"": ""Point"", ""coordinates"": [-73.94848, 42.81134]}"
First National Bank of Scotia,8 Karner Road,Guilderland,12084,Albany,"{""type"": ""Point"", ""coordinates"": [-73.88736, 42.69832]}"
First National Bank of Scotia,1705 Central Avenue,Albany,12205,Albany,"{""type"": ""Point"", ""coordinates"": [-73.83972, 42.72391]}"
First National Bank of Scotia,1 Research Circle,Niskayuna,12309,Schenectady,"{""type"": ""Point"", ""coordinates"": [-73.87884, 42.82625]}"
First National Bank of Scotia,1476 Balltown Road,Schenectady,12309,Schenectady,"{""type"": ""Point"", ""coordinates"": [-73.89235, 42.81503]}"
First National Bank of Scotia,3013 Route 50,Saratoga Springs,12866,Saratoga,"{""type"": ""Point"", ""coordinates"": [-73.74785, 43.09955]}"
First National Bank of Scotia,Washington Avenue,Schenectady,12301,Schenectady,
"First New York, FCU",1533 Route 9,Halfmoon,12065,Saratoga,"{""type"": ""Point"", ""coordinates"": [-73.74732, 42.84343]}"
"First New York, FCU",1708 Altamont Ave,Rotterdam,12303,Schenectady,"{""type"": ""Point"", ""coordinates"": [-73.95045, 42.78243]}"
"First New York, FCU",444 Geyser Road,Ballston Spa,12020,Saratoga,"{""type"": ""Point"", ""coordinates"": [-73.84898, 43.04649]}"
"First New York, FCU",2 Wall Street,Albany,12205,Albany,"{""type"": ""Point"", ""coordinates"": [-73.8414, 42.7421]}"
"First New York, FCU",424 Maple Avenue,Saratoga,12866,Saratoga,
"First New York, FCU",31 JORDAN RD,NORTH GREENBUSH,12180,Rensselaer,"{""type"": ""Point"", ""coordinates"": [-73.69024, 42.67647]}"
"First New York, FCU",818 Central Avenue,Albany,12206,Albany,"{""type"": ""Point"", ""coordinates"": [-73.79037, 42.67924]}"
"First New York, FCU",3085 CARMAN RD,SCHENECTADY,12303,Schenectady,"{""type"": ""Point"", ""coordinates"": [-73.93942, 42.76394]}"
"First New York, FCU",19 GLENRIDGE ROAD,GLENVILLE,12302,Schenectady,"{""type"": ""Point"", ""coordinates"": [-73.9273, 42.86878]}"
"First New York, FCU","795 East Main Street, Suite 1",Cobleskill,12043,Schoharie,"{""type"": ""Point"", ""coordinates"": [-74.4741, 42.68058]}"
"First New York, FCU",1776 Union Street,Schenectady,12309,Schenectady,"{""type"": ""Point"", ""coordinates"": [-73.89852, 42.80139]}"
First Source Federal Credit Union,1822 Black River Boulevard,Rome,13440,Oneida,"{""type"": ""Point"", ""coordinates"": [-75.4362, 43.23462]}"
First Source Federal Credit Union,50 Auert Avenue,Utica,13502,Oneida,"{""type"": ""Point"", ""coordinates"": [-75.20818, 43.11438]}"
First Source Federal Credit Union,1634 Genesee Street,Utica,13502,Oneida,"{""type"": ""Point"", ""coordinates"": [-75.25487, 43.08982]}"
First Source Federal Credit Union,4451 Commercial Drive,New Hartford,13413,Oneida,"{""type"": ""Point"", ""coordinates"": [-75.32384, 43.08339]}"
First Source Federal Credit Union,402 West Albany Street,Herkimer,13350,Herkimer,"{""type"": ""Point"", ""coordinates"": [-74.99148, 43.02368]}"
First Source Federal Credit Union,38 KELLOGG RD.,NEW HARTFORD,13413,Oneida,"{""type"": ""Point"", ""coordinates"": [-75.27778, 43.05484]}"
First Source Federal Credit Union,911 Cornelia Street,Utica,13502,Oneida,"{""type"": ""Point"", ""coordinates"": [-75.23725, 43.09973]}"
Five Star Bank,2560 Monroe Avenue,Rochester,14618,Monroe,"{""type"": ""Point"", ""coordinates"": [-77.55296, 43.11624]}"
Five Star Bank,27 Water Street,Cuba,14727,Allegany,"{""type"": ""Point"", ""coordinates"": [-78.28168, 42.21819]}"
Five Star Bank,309 South Main Street,Horseheads,14845,Chemung,"{""type"": ""Point"", ""coordinates"": [-76.81944, 42.16599]}"
Five Star Bank,54 Washington Street,Ellicottville,14731,Cattaraugus,"{""type"": ""Point"", ""coordinates"": [-78.66975, 42.27637]}"
Five Star Bank,60 West Main Street,Allegany,14706,Cattaraugus,"{""type"": ""Point"", ""coordinates"": [-78.49598, 42.0912]}"
Five Star Bank,124 West State Street,Olean,14760,Cattaraugus,"{""type"": ""Point"", ""coordinates"": [-78.43116, 42.07747]}"
Five Star Bank,102 North Main Street,Albion,14411,Orleans,"{""type"": ""Point"", ""coordinates"": [-78.19372, 43.248]}"
Five Star Bank,100 WEST WATER STREET,ELMIRA,14901,Chemung,"{""type"": ""Point"", ""coordinates"": [-76.80565, 42.08779]}"
Five Star Bank,5491 Sheridan Drive,Amherst,14221,Erie,"{""type"": ""Point"", ""coordinates"": [-78.73212, 42.97747]}"
Five Star Bank,3233 Southwestern Boulevard,Orchard Park,14127,Erie,"{""type"": ""Point"", ""coordinates"": [-78.74986, 42.79606]}"
Five Star Bank,7434 Seneca Road,Hornell,14843,Steuben,"{""type"": ""Point"", ""coordinates"": [-77.66497, 42.36155]}"
Five Star Bank,1 South Main Street,Wayland,14572,Steuben,"{""type"": ""Point"", ""coordinates"": [-77.59153, 42.56725]}"
Five Star Bank,184 South Main Street,Naples,14512,Ontario,"{""type"": ""Point"", ""coordinates"": [-77.40611, 42.61042]}"
Five Star Bank,25 Shethar Street,Hammondsport,14840,Steuben,"{""type"": ""Point"", ""coordinates"": [-77.22178, 42.40953]}"
Five Star Bank,387 Hamilton Street,Geneva,14456,Ontario,"{""type"": ""Point"", ""coordinates"": [-76.99885, 42.85724]}"
Five Star Bank,2425 Rochester Road,Canandaigua,14424,Ontario,"{""type"": ""Point"", ""coordinates"": [-77.30087, 42.91427]}"
Five Star Bank,129 Elm Street,Penn Yan,14527,Yates,"{""type"": ""Point"", ""coordinates"": [-77.05517, 42.66114]}"
Five Star Bank,1940 Routes 5 & 20,Waterloo,13165,Seneca,"{""type"": ""Point"", ""coordinates"": [-76.83508, 42.90244]}"
Five Star Bank,2168 Route 96A,Ovid,14521,Seneca,"{""type"": ""Point"", ""coordinates"": [-76.822, 42.68071]}"
Five Star Bank,3 West Main Street,Victor,14564,Ontario,"{""type"": ""Point"", ""coordinates"": [-77.40975, 42.98262]}"
Five Star Bank,3110 Main Street,Caledonia,14423,Livingston,"{""type"": ""Point"", ""coordinates"": [-77.85377, 42.9726]}"
Five Star Bank,124 West Main Street,Leroy,14482,Genesee,"{""type"": ""Point"", ""coordinates"": [-78.00491, 42.97855]}"
Five Star Bank,166 West Main Street,Honeoye Falls,14472,Monroe,"{""type"": ""Point"", ""coordinates"": [-77.6039, 42.94812]}"
Five Star Bank,345 Genesee Street,Auburn,13021,Cayuga,"{""type"": ""Point"", ""coordinates"": [-76.58966, 42.92024]}"
Five Star Bank,3261 ROCHESTER ROAD,LAKEVILLE,14480,Livingston,"{""type"": ""Point"", ""coordinates"": [-77.70675, 42.84414]}"
Five Star Bank,26 Main Street,Attica,14011,Wyoming,"{""type"": ""Point"", ""coordinates"": [-78.28315, 42.8639]}"
Five Star Bank,2330 North Main Street,Warsaw,14569,Wyoming,"{""type"": ""Point"", ""coordinates"": [-78.1256, 42.7672]}"
Five Star Bank,12209 Route 16,Yorkshire,14173,Cattaraugus,"{""type"": ""Point"", ""coordinates"": [-78.47861, 42.5295]}"
Five Star Bank,152 Franklin Street,Dansville,14437,Livingston,"{""type"": ""Point"", ""coordinates"": [-77.71245, 42.56544]}"
Five Star Bank,55 NORTH MAIN STREET,WARSAW,14569,Wyoming,"{""type"": ""Point"", ""coordinates"": [-78.13259, 42.741]}"
Five Star Bank,211 Main Street,East Aurora,14052,Erie,"{""type"": ""Point"", ""coordinates"": [-78.62673, 42.76787]}"
Five Star Bank,45 EAST STATE STREET,MOUNT MORRIS,14510,Livingston,"{""type"": ""Point"", ""coordinates"": [-77.86749, 42.72849]}"
Five Star Bank,3672 Route 78,Strykersville,14145,Wyoming,"{""type"": ""Point"", ""coordinates"": [-78.45357, 42.70912]}"
Five Star Bank,323 West Washington Street,Bath,14810,Steuben,"{""type"": ""Point"", ""coordinates"": [-77.33142, 42.33753]}"
Five Star Bank,32 Main Street,Dundee,14837,Yates,"{""type"": ""Point"", ""coordinates"": [-76.97637, 42.52204]}"
Five Star Bank,3249 Union Street,North Chili,14514,Monroe,"{""type"": ""Point"", ""coordinates"": [-77.80644, 43.12104]}"
Five Star Bank,4431 Genesee Valley Plaza,Geneseo,14454,Livingston,"{""type"": ""Point"", ""coordinates"": [-77.78187, 42.79887]}"
Five Star Bank,765 Calkins Road,Rochester,14623,Monroe,"{""type"": ""Point"", ""coordinates"": [-77.61035, 43.06799]}"
Five Star Bank,2833 West Ridge Road,Rochester,14626,Monroe,"{""type"": ""Point"", ""coordinates"": [-77.70504, 43.21031]}"
Five Star Bank,401 West Main Street,Batavia,14020,Genesee,"{""type"": ""Point"", ""coordinates"": [-78.20324, 43.00474]}"
Five Star Bank,107 Main Street,Salamanca,14779,Cattaraugus,"{""type"": ""Point"", ""coordinates"": [-78.7149, 42.15865]}"
Five Star Bank,327 Main Street,Medina,14103,Orleans,"{""type"": ""Point"", ""coordinates"": [-78.38714, 43.22276]}"
Five Star Bank,2 West Avenue,Brockport,14420,Monroe,"{""type"": ""Point"", ""coordinates"": [-77.93753, 43.22069]}"
Five Star Bank,3131 Silverback Lane,Painted Post,14870,Steuben,"{""type"": ""Point"", ""coordinates"": [-77.10364, 42.15332]}"
Five Star Bank,3177 Chili Avenue,Rochester,14624,Monroe,"{""type"": ""Point"", ""coordinates"": [-77.74492, 43.10593]}"
Five Star Bank,395 WESTFALL ROAD,ROCHESTER,14620,Monroe,"{""type"": ""Point"", ""coordinates"": [-77.61148, 43.11455]}"
Five Star Bank,1940 MONROE AVE,ROCHESTER,14618,Monroe,"{""type"": ""Point"", ""coordinates"": [-77.5642, 43.12662]}"
Five Star Bank,100 Chestnut st,Rochester,14604,Monroe,"{""type"": ""Point"", ""coordinates"": [-77.60318, 43.15499]}"
Five Star Bank,40-50 FOUNTAIN PLAZA,BUFFALO,14202,Erie,"{""type"": ""Point"", ""coordinates"": [-78.87306, 42.88982]}"
Five Star Bank,395 WESTFALL ROAD,ROCHESTER,14620,Monroe,"{""type"": ""Point"", ""coordinates"": [-77.61148, 43.11455]}"
Five Star Bank,2222 SENECA STREET,BUFFALO,14210,Erie,"{""type"": ""Point"", ""coordinates"": [-78.80588, 42.85256]}"
Five Star Bank,451 Elmwood Avenue,Buffalo,14222,Erie,"{""type"": ""Point"", ""coordinates"": [-78.87711, 42.90942]}"
"Flagstar Bank, N.A.",14 CONKLIN STREET,FARMINGDALE,11735,Nassau,"{""type"": ""Point"", ""coordinates"": [-73.45503, 40.73115]}"
"Flagstar Bank, N.A.",3140 LONG BEACH ROAD,OCEANSIDE,11572,Nassau,"{""type"": ""Point"", ""coordinates"": [-73.64069, 40.63528]}"
"Flagstar Bank, N.A.",719 SMITHTOWN BY-PASS,SMITHTOWN,11787,Suffolk,"{""type"": ""Point"", ""coordinates"": [-73.16724, 40.84825]}"
"Flagstar Bank, N.A.",1114 JERICHO TURNPIKE,NEW HYDE PARK,11040,Nassau,"{""type"": ""Point"", ""coordinates"": [-73.68394, 40.73259]}"
"Flagstar Bank, N.A.",4848 MERRICK ROAD,MASSAPEQUA PARK,11762,Nassau,"{""type"": ""Point"", ""coordinates"": [-73.455, 40.66615]}"
"Flagstar Bank, N.A.",1501 DEER PARK AVENUE,NORTH BABYLON,11703,Suffolk,"{""type"": ""Point"", ""coordinates"": [-73.32412, 40.74955]}"
"Flagstar Bank, N.A.",156-02 CROSS BAY BOULEVARD,HOWARD BEACH,11414,Queens,"{""type"": ""Point"", ""coordinates"": [-73.84115, 40.664]}"
"Flagstar Bank, N.A.",254-09 HORACE HARDING EXPRESSWAY,DEEPDALE,11362,Queens,"{""type"": ""Point"", ""coordinates"": [-73.72623, 40.76405]}"
"Flagstar Bank, N.A.",108  SEVENTH STREET,GARDEN CITY,11530,Nassau,"{""type"": ""Point"", ""coordinates"": [-73.63679, 40.72444]}"
"Flagstar Bank, N.A.",1280 BROADWAY,HEWLETT,11557,Nassau,"{""type"": ""Point"", ""coordinates"": [-73.7015, 40.63814]}"
"Flagstar Bank, N.A.",2925 AVENUE U,BROOKLYN,11229,Kings,"{""type"": ""Point"", ""coordinates"": [-73.94215, 40.6004]}"
"Flagstar Bank, N.A.",130 EAST MAIN STREET,BAY SHORE,11706,Suffolk,"{""type"": ""Point"", ""coordinates"": [-73.24438, 40.72384]}"
"Flagstar Bank, N.A.",156-39 CROSS BAY BOULEVARD,HOWARD BEACH,11414,Queens,"{""type"": ""Point"", ""coordinates"": [-73.84072, 40.66301]}"
"Flagstar Bank, N.A.",693 JERICHO TURNPIKE,HUNTINGTON STATION,11746,Suffolk,"{""type"": ""Point"", ""coordinates"": [-73.38511, 40.83472]}"
"Flagstar Bank, N.A.",1900 HEMPSTEAD TURNPIKE,EAST MEADOW,11554,Nassau,"{""type"": ""Point"", ""coordinates"": [-73.56619, 40.72363]}"
"Flagstar Bank, N.A.",2111 MERRICK AVENUE,MERRICK,11566,Nassau,"{""type"": ""Point"", ""coordinates"": [-73.55288, 40.66609]}"
"Flagstar Bank, N.A.",2 MUTTONTOWN ROAD,SYOSSET,11791,Nassau,"{""type"": ""Point"", ""coordinates"": [-73.50162, 40.82649]}"
"Flagstar Bank, N.A.",36-10 BROADWAY,ASTORIA,11106,Queens,"{""type"": ""Point"", ""coordinates"": [-73.92092, 40.75987]}"
"Flagstar Bank, N.A.",3681 EAST TREMONT AVENUE,BRONX,10465,Bronx,"{""type"": ""Point"", ""coordinates"": [-73.82281, 40.82721]}"
"Flagstar Bank, N.A.",160 SOUTH MAIN STREET,FREEPORT,11520,Nassau,"{""type"": ""Point"", ""coordinates"": [-73.57847, 40.65323]}"
"Flagstar Bank, N.A.",653 MONTAUK HIGHWAY,WEST BABYLON,11704,Suffolk,"{""type"": ""Point"", ""coordinates"": [-73.34601, 40.6861]}"
"Flagstar Bank, N.A.",1400 OLD NORTHERN BOULEVARD,ROSLYN,11576,Nassau,"{""type"": ""Point"", ""coordinates"": [-73.64746, 40.80101]}"
"Flagstar Bank, N.A.",411 JERICHO TURNPIKE,MINEOLA,11501,Nassau,"{""type"": ""Point"", ""coordinates"": [-73.65149, 40.74535]}"
"Flagstar Bank, N.A.",1759 CENTRAL PARK AVENUE,YONKERS,10710,Westchester,"{""type"": ""Point"", ""coordinates"": [-73.84241, 40.95948]}"
"Flagstar Bank, N.A.",2320 CENTRAL PARK AVENUE,YONKERS,10710,Westchester,"{""type"": ""Point"", ""coordinates"": [-73.82949, 40.97756]}"
"Flagstar Bank, N.A.",780 PALISADE AVENUE,YONKERS,10703,Westchester,"{""type"": ""Point"", ""coordinates"": [-73.88525, 40.96036]}"
"Flagstar Bank, N.A.",ONE MANOR HOUSE SQUARE,YONKERS,10701,Westchester,"{""type"": ""Point"", ""coordinates"": [-73.89839, 40.93535]}"
"Flagstar Bank, N.A.",936 THIRD AVENUE,NEW YORK,10022,New York,"{""type"": ""Point"", ""coordinates"": [-73.9679, 40.75974]}"
"Flagstar Bank, N.A.",265 NORTH BROADWAY,HICKSVILLE,11801,Nassau,"{""type"": ""Point"", ""coordinates"": [-73.52944, 40.77745]}"
"Flagstar Bank, N.A.",950 MONTAUK HIGHWAY,SHIRLEY,11967,Suffolk,"{""type"": ""Point"", ""coordinates"": [-72.86199, 40.80181]}"
"Flagstar Bank, N.A.",53 NORTH PARK AVENUE,ROCKVILLE CENTRE,11570,Nassau,"{""type"": ""Point"", ""coordinates"": [-73.64504, 40.65789]}"
"Flagstar Bank, N.A.",923 BROADWAY,WOODMERE,11598,Nassau,"{""type"": ""Point"", ""coordinates"": [-73.70883, 40.629]}"
"Flagstar Bank, N.A.",100 JERICHO QUADRANGLE,JERICHO,11753,Suffolk,"{""type"": ""Point"", ""coordinates"": [-73.55455, 40.78459]}"
"Flagstar Bank, N.A.",4419 13TH AVENUE,BROOKLYN,11219,Kings,"{""type"": ""Point"", ""coordinates"": [-73.98964, 40.6374]}"
"Flagstar Bank, N.A.",133-11 20TH AVENUE,COLLEGE POINT,11356,Queens,"{""type"": ""Point"", ""coordinates"": [-73.83569, 40.78293]}"
"Flagstar Bank, N.A.",360 Motor Parkway,Hauppauge,11788,Suffolk,"{""type"": ""Point"", ""coordinates"": [-73.24308, 40.8086]}"
"Flagstar Bank, N.A.",1601 VETERANS HIGHWAY,ISLANDIA,11749,Suffolk,"{""type"": ""Point"", ""coordinates"": [-73.18276, 40.80782]}"
"Flagstar Bank, N.A.",1268 BROADWAY,BROOKLYN,11221,Kings,"{""type"": ""Point"", ""coordinates"": [-73.92487, 40.6911]}"
"Flagstar Bank, N.A.",100 DUFFY AVENUE,HICKSVILLE,11801,Nassau,"{""type"": ""Point"", ""coordinates"": [-73.52835, 40.76602]}"
"Flagstar Bank, N.A.",110 MERRICK ROAD,AMITYVILLE,11701,Suffolk,"{""type"": ""Point"", ""coordinates"": [-73.41773, 40.67127]}"
"Flagstar Bank, N.A.",41 STATION DRIVE,WYANDANCH,11798,Suffolk,"{""type"": ""Point"", ""coordinates"": [-73.35907, 40.75575]}"
"Flagstar Bank, N.A.",2875 Veterans Road West,Staten Island,10309,Richmond,"{""type"": ""Point"", ""coordinates"": [-74.23007, 40.52721]}"
"Flagstar Bank, N.A.",8010 5th Ave,Brooklyn,11209,Kings,"{""type"": ""Point"", ""coordinates"": [-74.02426, 40.62555]}"
"Flagstar Bank, N.A.",1911 ATLANTIC AVE.,BROOKLYN,11233,Kings,"{""type"": ""Point"", ""coordinates"": [-73.92049, 40.67696]}"
"Flagstar Bank, N.A.",26 COURT STREET,BROOKLYN,11242,Kings,"{""type"": ""Point"", ""coordinates"": [-73.99067, 40.6932]}"
"Flagstar Bank, N.A.",320 PARK AVENUE,NEW YORK,10022,New York,"{""type"": ""Point"", ""coordinates"": [-73.97382, 40.75753]}"
"Flagstar Bank, N.A.",196-21 NORTHERN BOULEVARD,FLUSHING,11358,Queens,"{""type"": ""Point"", ""coordinates"": [-73.78481, 40.75789]}"
"Flagstar Bank, N.A.",106-19 CONTINENTAL AVENUE,FOREST HILLS,11375,Queens,"{""type"": ""Point"", ""coordinates"": [-73.84513, 40.71961]}"
"Flagstar Bank, N.A.",104-08 ROCKAWAY BEACH BOULEVARD,ROCKAWAY BEACH,11694,Queens,"{""type"": ""Point"", ""coordinates"": [-73.82552, 40.58344]}"
"Flagstar Bank, N.A.",82-10 153RD AVENUE,HOWARD BEACH,11414,Queens,"{""type"": ""Point"", ""coordinates"": [-73.85163, 40.66599]}"
"Flagstar Bank, N.A.",244-19 BRADDOCK AVENUE,BELLEROSE,11426,Queens,"{""type"": ""Point"", ""coordinates"": [-73.72352, 40.72508]}"
"Flagstar Bank, N.A.",80-35 JAMAICA AVENUE,WOODHAVEN,11421,Queens,"{""type"": ""Point"", ""coordinates"": [-73.86114, 40.69228]}"
"Flagstar Bank, N.A.",98-16 101ST AVENUE,OZONE PARK,11416,Queens,"{""type"": ""Point"", ""coordinates"": [-73.84274, 40.6852]}"
"Flagstar Bank, N.A.",7709 13TH AVENUE,BROOKLYN,11228,Kings,"{""type"": ""Point"", ""coordinates"": [-74.00885, 40.61893]}"
"Flagstar Bank, N.A.",404 PARK AVENUE SOUTH,NEW YORK,10016,New York,"{""type"": ""Point"", ""coordinates"": [-73.98398, 40.74352]}"
"Flagstar Bank, N.A.",156-10 NORTHERN BOULEVARD,FLUSHING,11354,Queens,"{""type"": ""Point"", ""coordinates"": [-73.8085, 40.7639]}"
"Flagstar Bank, N.A.",61-49 188 STREET,FRESH MEADOWS,11365,Queens,"{""type"": ""Point"", ""coordinates"": [-73.78618, 40.73992]}"
"Flagstar Bank, N.A.",251-31 NORTHERN BOULEVARD,LITTLE NECK,11362,Queens,"{""type"": ""Point"", ""coordinates"": [-73.73649, 40.76984]}"
"Flagstar Bank, N.A.",75-44 MAIN STREET,KEW GARDENS,11367,Queens,"{""type"": ""Point"", ""coordinates"": [-73.81985, 40.72286]}"
"Flagstar Bank, N.A.",1092 OLD COUNTRY ROAD,PLAINVIEW,11803,Nassau,"{""type"": ""Point"", ""coordinates"": [-73.46884, 40.77674]}"
"Flagstar Bank, N.A.",81-20 NORTHERN BOULEVARD,JACKSON HEIGHTS,11372,Queens,"{""type"": ""Point"", ""coordinates"": [-73.88553, 40.75552]}"
"Flagstar Bank, N.A.",60-10 QUEENS BOULEVARD,WOODSIDE,11377,Queens,"{""type"": ""Point"", ""coordinates"": [-73.90372, 40.74123]}"
"Flagstar Bank, N.A.",111-01 MERRICK ROAD,AMITYVILLE,11701,Suffolk,"{""type"": ""Point"", ""coordinates"": [-73.41781, 40.67129]}"
"Flagstar Bank, N.A.",282 PORT RICHMOND AVENUE,STATEN ISLAND,10302,Richmond,"{""type"": ""Point"", ""coordinates"": [-74.1356, 40.63475]}"
"Flagstar Bank, N.A.",1785 VICTORY BOULEVARD,STATEN ISLAND,10314,Richmond,"{""type"": ""Point"", ""coordinates"": [-74.12288, 40.61305]}"
"Flagstar Bank, N.A.",136-65 ROOSEVELT AVENUE,FLUSHING,11354,Queens,"{""type"": ""Point"", ""coordinates"": [-73.82769, 40.76018]}"
"Flagstar Bank, N.A.",37-97 103RD STREET,CORONA,11368,Queens,"{""type"": ""Point"", ""coordinates"": [-73.86316, 40.7508]}"
"Flagstar Bank, N.A.",224-04 UNION TURNPIKE,BAYSIDE,11364,Queens,"{""type"": ""Point"", ""coordinates"": [-73.7462, 40.7358]}"
"Flagstar Bank, N.A.",1280 UNION TURNPIKE,NEW HYDE PARK,11040,Nassau,"{""type"": ""Point"", ""coordinates"": [-73.6986, 40.75322]}"
"Flagstar Bank, N.A.",556-02 NORTH COUNTRY ROAD,SAINT JAMES,11780,Suffolk,"{""type"": ""Point"", ""coordinates"": [-73.1547, 40.88802]}"
"Flagstar Bank, N.A.",167 SHORE ROAD,PORT WASHINGTON,11050,Nassau,"{""type"": ""Point"", ""coordinates"": [-73.70755, 40.84292]}"
"Flagstar Bank, N.A.",2225 JERICHO TURNPIKE,COMMACK,11725,Suffolk,"{""type"": ""Point"", ""coordinates"": [-73.29088, 40.84289]}"
"Flagstar Bank, N.A.",29-10 DITMARS BOULEVARD,ASTORIA,11105,Queens,"{""type"": ""Point"", ""coordinates"": [-73.91138, 40.77662]}"
"Flagstar Bank, N.A.",51-13 108TH STREET,CORONA HEIGHTS,11368,Queens,"{""type"": ""Point"", ""coordinates"": [-73.85505, 40.74349]}"
"Flagstar Bank, N.A.",75 NORTH CENTRAL AVENUE,VALLEY STREAM,11580,Nassau,"{""type"": ""Point"", ""coordinates"": [-73.70808, 40.66957]}"
"Flagstar Bank, N.A.",3879 AMBOY ROAD,STATEN ISLAND,10308,Richmond,"{""type"": ""Point"", ""coordinates"": [-74.14793, 40.55185]}"
"Flagstar Bank, N.A.",820 ANNADALE ROAD,STATEN ISLAND,10312,Richmond,"{""type"": ""Point"", ""coordinates"": [-74.17743, 40.54178]}"
"Flagstar Bank, N.A.",1460 RICHMOND AVENUE,STATEN ISLAND,10314,Richmond,"{""type"": ""Point"", ""coordinates"": [-74.1591, 40.61306]}"
"Flagstar Bank, N.A.",1833 Hylan Boulevard,Staten Island,10305,Richmond,"{""type"": ""Point"", ""coordinates"": [-74.09472, 40.58468]}"
"Flagstar Bank, N.A.",2555 RICHMOND AVENUE,STATEN ISLAND,10314,Richmond,"{""type"": ""Point"", ""coordinates"": [-74.16772, 40.58516]}"
"Flagstar Bank, N.A.",645 ROSSVILLE AVENUE,STATEN ISLAND,10309,Richmond,"{""type"": ""Point"", ""coordinates"": [-74.20827, 40.54258]}"
"Flagstar Bank, N.A.",4523 AMBOY ROAD,STATEN ISLAND,10312,Richmond,"{""type"": ""Point"", ""coordinates"": [-74.16446, 40.5431]}"
"Flagstar Bank, N.A.",1100 HYLAN AVE.,STATEN ISLAND,10305,New York,"{""type"": ""Point"", ""coordinates"": [-74.07897, 40.59848]}"
"Flagstar Bank, N.A.",132 AVENUE U,BROOKLYN,11223,Kings,"{""type"": ""Point"", ""coordinates"": [-73.97957, 40.5963]}"
"Flagstar Bank, N.A.",1445 RICHMOND AVENUE,STATEN ISLAND,10314,Richmond,"{""type"": ""Point"", ""coordinates"": [-74.15718, 40.61183]}"
"Flagstar Bank, N.A.",1270 CLOVE ROAD,STATEN ISLAND,10301,Richmond,"{""type"": ""Point"", ""coordinates"": [-74.10334, 40.61584]}"
"Flagstar Bank, N.A.",2595 HYLAN BOULEVARD,STATEN ISLAND,10306,Richmond,"{""type"": ""Point"", ""coordinates"": [-74.11193, 40.56841]}"
"Flagstar Bank, N.A.",15 MAIDEN LANE,NEW YORK,10038,New York,"{""type"": ""Point"", ""coordinates"": [-74.00918, 40.70933]}"
"Flagstar Bank, N.A.",6199 SUNRISE HIGHWAY,MASSAPEQUA,11758,Nassau,"{""type"": ""Point"", ""coordinates"": [-73.42958, 40.68293]}"
"Flagstar Bank, N.A.",333 CENTRAL AVENUE,LAWRENCE,11559,Nassau,"{""type"": ""Point"", ""coordinates"": [-73.72992, 40.61728]}"
"Flagstar Bank, N.A.",50 HEMPSTEAD TURNPIKE,WEST HEMPSTEAD,11552,Nassau,"{""type"": ""Point"", ""coordinates"": [-73.64007, 40.70522]}"
"Flagstar Bank, N.A.",2641 MERRICK ROAD,BELLMORE,11710,Nassau,"{""type"": ""Point"", ""coordinates"": [-73.52839, 40.66329]}"
"Flagstar Bank, N.A.",8081 JERICHO TURNPIKE,WOODBURY,11797,Nassau,"{""type"": ""Point"", ""coordinates"": [-73.47304, 40.81552]}"
"Flagstar Bank, N.A.",580 LARKFIELD ROAD,EAST NORTHPORT,11731,Suffolk,"{""type"": ""Point"", ""coordinates"": [-73.31871, 40.85706]}"
"Flushing Bank, FB",61-54 Springfield Boulevard,Bayside,11364,Queens,"{""type"": ""Point"", ""coordinates"": [-73.75615, 40.74769]}"
"Flushing Bank, FB",5 Chatham Square,New York,10038,New York,"{""type"": ""Point"", ""coordinates"": [-73.99826, 40.71373]}"
"Flushing Bank, FB",697 B HILLSIDE AVENUE,NEW HYDE PARK,11040,Nassau,"{""type"": ""Point"", ""coordinates"": [-73.69769, 40.743]}"
"Flushing Bank, FB",44-43 Kissena Boulevard,Flushing,11355,Queens,"{""type"": ""Point"", ""coordinates"": [-73.82167, 40.75296]}"
"Flushing Bank, FB",31-16 30th Avenue,Astoria,11102,Queens,"{""type"": ""Point"", ""coordinates"": [-73.92072, 40.76658]}"
"Flushing Bank, FB",213-03 NORTHERN BLVD.,BAYSIDE,11361,Queens,"{""type"": ""Point"", ""coordinates"": [-73.77012, 40.76014]}"
"Flushing Bank, FB",107-11 Continental Avenue,Forest Hills,11375,Queens,"{""type"": ""Point"", ""coordinates"": [-73.84467, 40.72036]}"
"Flushing Bank, FB",186 Montague Street,Brooklyn,11201,Queens,"{""type"": ""Point"", ""coordinates"": [-73.99157, 40.69406]}"
"Flushing Bank, FB",1402 AVENUE J,BROOKLYN,11220,Kings,"{""type"": ""Point"", ""coordinates"": [-73.96213, 40.62509]}"
"Flushing Bank, FB",136-41 Roosevelt Avenue,Flushing,11354,Queens,"{""type"": ""Point"", ""coordinates"": [-73.82856, 40.75997]}"
"Flushing Bank, FB",217 Havermeyer Street,Brooklyn,11211,Kings,"{""type"": ""Point"", ""coordinates"": [-73.95895, 40.7094]}"
"Flushing Bank, FB",225 PARK AVENUE SOUTH,NEW YORK,10003,New York,"{""type"": ""Point"", ""coordinates"": [-73.98841, 40.73726]}"
"Flushing Bank, FB",1122 Franklin Avenue,Garden City,11530,Nassau,"{""type"": ""Point"", ""coordinates"": [-73.63647, 40.73179]}"
"Flushing Bank, FB",4616 13TH AVENUE,BROOKLYN,11219,Kings,"{""type"": ""Point"", ""coordinates"": [-73.99075, 40.63634]}"
"Flushing Bank, FB",164-20 NORTHERN BLVD,FLUSHING,11358,Queens,"{""type"": ""Point"", ""coordinates"": [-73.80165, 40.76017]}"
"Flushing Bank, FB",147-42 NORTHERN BLVD,FLUSHING,11354,Queens,"{""type"": ""Point"", ""coordinates"": [-73.8178, 40.76534]}"
"Flushing Bank, FB",99 PARK AVE.,NEW YORK,10016,New York,"{""type"": ""Point"", ""coordinates"": [-73.97872, 40.75049]}"
"Flushing Bank, FB",260 E RXR PLAZA,UNIONDALE,11536,Nassau,"{""type"": ""Point"", ""coordinates"": [-73.58317, 40.71913]}"
"Flushing Bank, FB",85-15 Queens Blvd.,Queens,11373,Queens,"{""type"": ""Point"", ""coordinates"": [-73.878, 40.73708]}"
"Flushing Bank, FB",1044 William Floyd Parkway,Shirley,11967,Suffolk,"{""type"": ""Point"", ""coordinates"": [-72.87168, 40.80579]}"
"Flushing Bank, FB",183 CANAL ST.,NEW YORK,10013,New York,"{""type"": ""Point"", ""coordinates"": [-73.99765, 40.71678]}"
"Flushing Bank, FB",160 Adams Ave,Hauppauge,11788,Suffolk,"{""type"": ""Point"", ""coordinates"": [-73.25667, 40.8113]}"
"Flushing Bank, FB",1707 Veterans Highway,Islandia,11749,Suffolk,"{""type"": ""Point"", ""coordinates"": [-73.18103, 40.80659]}"
"Flushing Bank, FB",86-16 21st Ave.,Brooklyn,11214,Kings,
"Flushing Bank, FB",4747 Nesconset Highway,Port Jefferson Station,11776,Suffolk,"{""type"": ""Point"", ""coordinates"": [-73.05318, 40.91661]}"
"Flushing Bank, FB",89-12 Sutphin Blvd.,Jamaica,11435,Queens,"{""type"": ""Point"", ""coordinates"": [-73.80861, 40.70345]}"
"Flushing Bank, FB",266 N BROADWAY,HICKSVILLE,11801,Nassau,"{""type"": ""Point"", ""coordinates"": [-73.52975, 40.77709]}"
"Flushing Bank, FB",37-44 74th St,Jackson Heights,11372,Queens,"{""type"": ""Point"", ""coordinates"": [-73.89161, 40.74781]}"
"Flushing Bank, FB",555 BROADHOLLOW RD.,MELVILLE,11040,Nassau,"{""type"": ""Point"", ""coordinates"": [-73.42267, 40.76326]}"
"Flushing Bank, FB",7102 3rd Avenue,Brooklyn,11209,Kings,"{""type"": ""Point"", ""coordinates"": [-74.02671, 40.63409]}"
FourLeaf Federal Credit Union,555 MONTAUK HIGHWAY,WEST BABYLON,11704,Suffolk,"{""type"": ""Point"", ""coordinates"": [-73.34199, 40.68786]}"
FourLeaf Federal Credit Union,405 NASSAU ROAD,ROOSEVELT,11575,Nassau,"{""type"": ""Point"", ""coordinates"": [-73.59221, 40.68267]}"
FourLeaf Federal Credit Union,1800 GRAND AVENUE,BALDWIN,11510,Nassau,"{""type"": ""Point"", ""coordinates"": [-73.60853, 40.66689]}"
FourLeaf Federal Credit Union,4006 MERRICK ROAD,SEAFORD,11783,Nassau,"{""type"": ""Point"", ""coordinates"": [-73.48423, 40.66618]}"
FourLeaf Federal Credit Union,2245 MIDDLE COUNTRY ROAD,CENTEREACH,11720,Suffolk,"{""type"": ""Point"", ""coordinates"": [-73.09126, 40.8582]}"
FourLeaf Federal Credit Union,1145 WILLIS AVENUE,ALBERTSON,11507,Nassau,"{""type"": ""Point"", ""coordinates"": [-73.65019, 40.77506]}"
FourLeaf Federal Credit Union,501 WALT WHITMAN RD,MELVILLE,11747,Suffolk,"{""type"": ""Point"", ""coordinates"": [-73.41019, 40.81207]}"
FourLeaf Federal Credit Union,3531 HEMPSTEAD TURNPIKE,LEVITTOWN,11756,Nassau,"{""type"": ""Point"", ""coordinates"": [-73.50537, 40.72597]}"
FourLeaf Federal Credit Union,102-32 ATLANTIC AVE,OZONE PARK,11416,Queens,"{""type"": ""Point"", ""coordinates"": [-73.84158, 40.68996]}"
FourLeaf Federal Credit Union,2055 HILLSIDE AVENUE,NEW HYDE PARK,11040,Nassau,"{""type"": ""Point"", ""coordinates"": [-73.67481, 40.75171]}"
FourLeaf Federal Credit Union,47-21 QUEENS BLVD,SUNNYSIDE,11104,Queens,"{""type"": ""Point"", ""coordinates"": [-73.91705, 40.74314]}"
FourLeaf Federal Credit Union,"1 HAWKINS AVENUE, UNIT #2104",RONKONKOMA,11779,Suffolk,"{""type"": ""Point"", ""coordinates"": [-73.10788, 40.80873]}"
FourLeaf Federal Credit Union,71-27 AUSTIN STREET,FOREST HILLS,11375,Queens,"{""type"": ""Point"", ""coordinates"": [-73.84381, 40.71982]}"
FourLeaf Federal Credit Union,61-38 190TH STREET,FRESH MEADOWS,11366,Queens,"{""type"": ""Point"", ""coordinates"": [-73.78118, 40.73352]}"
FourLeaf Federal Credit Union,82-11 37TH AVENUE,JACKSON HEIGHTS,11372,Queens,"{""type"": ""Point"", ""coordinates"": [-73.88366, 40.74981]}"
FourLeaf Federal Credit Union,23-88A BELL BLVD,BAYSIDE,11360,Queens,"{""type"": ""Point"", ""coordinates"": [-73.77655, 40.78031]}"
FourLeaf Federal Credit Union,899 S. OYSTER BAY ROAD,BETHPAGE,11714,Nassau,"{""type"": ""Point"", ""coordinates"": [-73.49913, 40.76171]}"
FourLeaf Federal Credit Union,4900B NESCONSET HIGHWAY,PORT JEFFERSON STATION,11776,Suffolk,"{""type"": ""Point"", ""coordinates"": [-73.05451, 40.91909]}"
FourLeaf Federal Credit Union,591 EAST MAIN STREET,BAY SHORE,11706,Suffolk,"{""type"": ""Point"", ""coordinates"": [-73.22898, 40.72878]}"
FourLeaf Federal Credit Union,33 GERARD STREET,HUNTINGTON,11743,Suffolk,"{""type"": ""Point"", ""coordinates"": [-73.42673, 40.87285]}"
FourLeaf Federal Credit Union,1350 DEER PARK AVENUE,NORTH BABYLON,11703,Suffolk,"{""type"": ""Point"", ""coordinates"": [-73.32249, 40.74286]}"
FourLeaf Federal Credit Union,111 WEST 26TH STREET,CHELSEA,10001,New York,"{""type"": ""Point"", ""coordinates"": [-73.99208, 40.74508]}"
FourLeaf Federal Credit Union,240 MIDDLE COUNTRY ROAD,SMITHTOWN,11787,Suffolk,"{""type"": ""Point"", ""coordinates"": [-73.18095, 40.85534]}"
FourLeaf Federal Credit Union,1095 OLD COUNTRY ROAD,RIVERHEAD,11901,Suffolk,"{""type"": ""Point"", ""coordinates"": [-72.6756, 40.93091]}"
FourLeaf Federal Credit Union,1033 ROUTE 109,FARMINGDALE,11735,Nassau,"{""type"": ""Point"", ""coordinates"": [-73.43071, 40.72465]}"
FourLeaf Federal Credit Union,94 HARNED ROAD,COMMACK,11725,Suffolk,"{""type"": ""Point"", ""coordinates"": [-73.27983, 40.83845]}"
FourLeaf Federal Credit Union,613 SUNRISE HIGHWAY,LYNBROOK,11563,Nassau,"{""type"": ""Point"", ""coordinates"": [-73.67547, 40.65478]}"
FourLeaf Federal Credit Union,170 FULTON AVENUE,HEMPSTEAD,11550,Nassau,"{""type"": ""Point"", ""coordinates"": [-73.62915, 40.70685]}"
FourLeaf Federal Credit Union,16 FOREST AVENUE,GLEN COVE,11542,Nassau,"{""type"": ""Point"", ""coordinates"": [-73.62872, 40.8702]}"
FourLeaf Federal Credit Union,750 OLD COUNTRY ROAD,WESTBURY,11590,Nassau,"{""type"": ""Point"", ""coordinates"": [-73.56955, 40.75114]}"
FourLeaf Federal Credit Union,131 JERICHO TURNPIKE,MINEOLA,11501,Nassau,"{""type"": ""Point"", ""coordinates"": [-73.64029, 40.7491]}"
FourLeaf Federal Credit Union,210 WEST MERRICK ROAD,FREEPORT,11520,Nassau,"{""type"": ""Point"", ""coordinates"": [-73.58934, 40.65287]}"
FourLeaf Federal Credit Union,6257 SUNRISE HIGHWAY,MASSAPEQUA,11758,Nassau,"{""type"": ""Point"", ""coordinates"": [-73.42882, 40.68426]}"
FourLeaf Federal Credit Union,1644 DUTCH BROADWAY,ELMONT,11003,Nassau,"{""type"": ""Point"", ""coordinates"": [-73.70337, 40.68761]}"
FourLeaf Federal Credit Union,233 SOUTH RESEARCH PLACE,CENTRAL ISLIP,11722,Suffolk,"{""type"": ""Point"", ""coordinates"": [-73.19953, 40.77122]}"
FourLeaf Federal Credit Union,272 EAST MAIN STREET,PATCHOGUE,11772,Suffolk,"{""type"": ""Point"", ""coordinates"": [-73.00586, 40.76547]}"
FourLeaf Federal Credit Union,26 WEST PARK AVENUE,LONG BEACH,11561,Nassau,"{""type"": ""Point"", ""coordinates"": [-73.66501, 40.58838]}"
FourLeaf Federal Credit Union,834 SUNRISE HIGHWAY,BAY SHORE,11706,Suffolk,"{""type"": ""Point"", ""coordinates"": [-73.27829, 40.72634]}"
FourLeaf Federal Credit Union,357 LARKFIELD ROAD,EAST NORTHPORT,11731,Suffolk,"{""type"": ""Point"", ""coordinates"": [-73.3221, 40.86948]}"
Fulton Savings Bank,3069 East Avenue,Central Square,13036,Oswego,"{""type"": ""Point"", ""coordinates"": [-76.13315, 43.28694]}"
Fulton Savings Bank,219 CO RTE 57,PHOENIX,13135,Oswego,"{""type"": ""Point"", ""coordinates"": [-76.28561, 43.21703]}"
Fulton Savings Bank,7471 STATE FAIR BOULEVARD,BALDWINSVILLE,13027,Onondaga,"{""type"": ""Point"", ""coordinates"": [-76.29988, 43.132]}"
Fulton Savings Bank,45 REDFIELD STREET,CONSTANTIA,13044,Oswego,"{""type"": ""Point"", ""coordinates"": [-76.00288, 43.25026]}"
Fulton Savings Bank,75 South First Street,Fulton,13069,Oswego,"{""type"": ""Point"", ""coordinates"": [-76.41675, 43.32298]}"
Fulton Savings Bank,3019 EAST AVE,CENTRAL SQUARE,13036,Oswego,"{""type"": ""Point"", ""coordinates"": [-76.12872, 43.28652]}"
Fulton Savings Bank,356 West 1st Street,Fulton,13069,Oswego,"{""type"": ""Point"", ""coordinates"": [-76.41819, 43.31488]}"
Fulton Savings Bank,1013 Emery Street,Fulton,13069,Oswego,"{""type"": ""Point"", ""coordinates"": [-76.39997, 43.3255]}"
Fulton Savings Bank,885 U.S. ROUTE 11,CENTRAL SQUARE,13036,Oswego,"{""type"": ""Point"", ""coordinates"": [-76.15251, 43.30065]}"
Fulton Savings Bank,798 WEST BROADWAY,FULTON,13069,Oswego,"{""type"": ""Point"", ""coordinates"": [-76.43344, 43.31728]}"
Fulton Savings Bank,409 Fulton Street,Hannibal,13074,Oswego,"{""type"": ""Point"", ""coordinates"": [-76.57283, 43.32295]}"
G.P.O Federal Credit Union,1701 NORTH JAMES STREET,ROME,13440,Oneida,"{""type"": ""Point"", ""coordinates"": [-75.44232, 43.23176]}"
G.P.O Federal Credit Union,8585 State Route 28,Barneveld,13304,Oneida,"{""type"": ""Point"", ""coordinates"": [-75.18441, 43.25827]}"
G.P.O Federal Credit Union,301 BLEECKER STREET,UTICA,13501,Oneida,"{""type"": ""Point"", ""coordinates"": [-75.22624, 43.10088]}"
G.P.O Federal Credit Union,2711 Genesee Street,Utica,13501,Oneida,"{""type"": ""Point"", ""coordinates"": [-75.28189, 43.07626]}"
G.P.O Federal Credit Union,39 North Main Street,Dolgeville,13329,Herkimer,"{""type"": ""Point"", ""coordinates"": [-74.77046, 43.10299]}"
G.P.O Federal Credit Union,3 Central Plaza,Ilion,13357,Herkimer,"{""type"": ""Point"", ""coordinates"": [-75.03613, 43.01633]}"
G.P.O Federal Credit Union,1000 Oneida Plaza Drive,Oneida,13421,Madison,"{""type"": ""Point"", ""coordinates"": [-75.68817, 43.07801]}"
G.P.O Federal Credit Union,4311 Middle Settlement Road,New Hartford,13413,Oneida,"{""type"": ""Point"", ""coordinates"": [-75.34274, 43.07463]}"
GHS Federal Credit Union,35 East Main Street,Norwich,13815,Chenango,"{""type"": ""Point"", ""coordinates"": [-75.5205, 42.53189]}"
GHS Federal Credit Union,910 Front Street,Binghamton,13905,Broome,"{""type"": ""Point"", ""coordinates"": [-75.90429, 42.13705]}"
Gates Chili Federal Credit Union,2870 Buffalo Road,Rochester,14624,Monroe,"{""type"": ""Point"", ""coordinates"": [-77.73019, 43.14436]}"
Geddes FS & LA,240 West Seneca Street,Manlius,13104,Onondaga,"{""type"": ""Point"", ""coordinates"": [-75.98535, 42.99711]}"
Geddes FS & LA,2208 WEST GENESEE ST,SYRACUSE,13219,Onondaga,"{""type"": ""Point"", ""coordinates"": [-76.20006, 43.04783]}"
Geddes FS & LA,2208 West Genesee st,Syracuse,13219,Onondaga,"{""type"": ""Point"", ""coordinates"": [-76.20006, 43.04783]}"
Genesee Regional Bank,1850 South Winton Road,Rochester,14618,Monroe,"{""type"": ""Point"", ""coordinates"": [-77.57468, 43.10912]}"
Genesee Regional Bank,4180 WEST RIDGE ROAD,ROCHESTER,14626,Monroe,"{""type"": ""Point"", ""coordinates"": [-77.7398, 43.21593]}"
Genesee Regional Bank,3380 Monroe Avenue,Rochester,14618,Monroe,"{""type"": ""Point"", ""coordinates"": [-77.53669, 43.10201]}"
Genesee Valley FCU,445 North Main Street,Warsaw,14569,Wyoming,"{""type"": ""Point"", ""coordinates"": [-78.13053, 42.75935]}"
Genesee Valley FCU,4621 Millennium Drive,Geneseo,14454,Livingston,"{""type"": ""Point"", ""coordinates"": [-77.79011, 42.79832]}"
Genesee Valley FCU,184 Main Street,Dansville,14437,Livingston,"{""type"": ""Point"", ""coordinates"": [-77.69607, 42.56167]}"
Global Bank,7719 18th ave,Brooklyn,11214,Kings,"{""type"": ""Point"", ""coordinates"": [-73.99757, 40.61183]}"
Global Bank,"37-20 Prince Street, 3D",Flushing,11354,Queens,"{""type"": ""Point"", ""coordinates"": [-73.83267, 40.76028]}"
Global Bank,8 CATHERINE STREET,NEW YORK,10038,New York,"{""type"": ""Point"", ""coordinates"": [-73.99738, 40.71374]}"
Gouverneur Savings & Loan Association,20410 NYS Rt. 411,Lafargeville,13656,Jefferson,"{""type"": ""Point"", ""coordinates"": [-75.96349, 44.19668]}"
Gouverneur Savings & Loan Association,42 Church Street,Gouverneur,13642,St. Lawrence,"{""type"": ""Point"", ""coordinates"": [-75.46787, 44.33523]}"
Gouverneur Savings & Loan Association,20 John Street,Gouverneur,13642,St. Lawrence,"{""type"": ""Point"", ""coordinates"": [-75.46751, 44.33447]}"
Gouverneur Savings & Loan Association,15 NYS 12,Alexandria Bay,13607,Jefferson,"{""type"": ""Point"", ""coordinates"": [-75.91469, 44.33178]}"
Gouverneur Savings & Loan Association,12084 Rt. 12E,Chaumont,13622,Jefferson,"{""type"": ""Point"", ""coordinates"": [-76.12904, 44.06639]}"
Gouverneur Savings & Loan Association,154 E. Broadway St,Cape Vincent,13618,Jefferson,"{""type"": ""Point"", ""coordinates"": [-76.3367, 44.12774]}"
"HSBC Bank USA, National Association",150 CANAL ST,NEW YORK,10013,New York,"{""type"": ""Point"", ""coordinates"": [-73.99662, 40.71641]}"
"HSBC Bank USA, National Association",39-10 MAIN STREET,FLUSHING,11354,Queens,"{""type"": ""Point"", ""coordinates"": [-73.83034, 40.75998]}"
"HSBC Bank USA, National Association",1572 Union Turnpike,New Hyde Park,11040,Nassau,"{""type"": ""Point"", ""coordinates"": [-73.6901, 40.75431]}"
"HSBC Bank USA, National Association",901 CENTRAL PARK AVE.,SCARSDALE,10583,Westchester,"{""type"": ""Point"", ""coordinates"": [-73.82133, 40.99276]}"
"HSBC Bank USA, National Association",6702 Bay Parkway,Brooklyn,11204,Kings,"{""type"": ""Point"", ""coordinates"": [-73.98273, 40.61257]}"
"HSBC Bank USA, National Association",8100 Transit Road,Buffalo,14221,Erie,"{""type"": ""Point"", ""coordinates"": [-78.69733, 42.9888]}"
"HSBC Bank USA, National Association",430 Park Avenue,New York,10022,New York,"{""type"": ""Point"", ""coordinates"": [-73.97155, 40.76066]}"
Habib American Bank,99 Madison Avenue,New York,10016,New York,"{""type"": ""Point"", ""coordinates"": [-73.98513, 40.74478]}"
Habib American Bank,112-17/19 Liberty Avenue,Richmond Hill,11419,Queens,"{""type"": ""Point"", ""coordinates"": [-73.82975, 40.68542]}"
Habib American Bank,421 South Broadway,Hicksville,11801,Nassau,"{""type"": ""Point"", ""coordinates"": [-73.5129, 40.75879]}"
Hanover Community Bank,1 North Country Road,Port Jefferson,11777,Suffolk,"{""type"": ""Point"", ""coordinates"": [-73.05643, 40.93653]}"
Hanover Community Bank,80 East Jericho Turnpike,Mineola,11501,Nassau,"{""type"": ""Point"", ""coordinates"": [-73.63141, 40.75264]}"
Hanover Community Bank,71-15 AUSTIN STREET,FOREST HILLS,11375,Queens,"{""type"": ""Point"", ""coordinates"": [-73.84413, 40.71993]}"
Hanover Community Bank,138-29 39th Avenue,Flushing,11354,Queens,"{""type"": ""Point"", ""coordinates"": [-73.82793, 40.76084]}"
Hanover Community Bank,109 Bowery,New York,10002,New York,"{""type"": ""Point"", ""coordinates"": [-73.99514, 40.71776]}"
Hanover Community Bank,2131 JERICHO TURNPIKE,GARDEN CITY PARK,11040,Nassau,"{""type"": ""Point"", ""coordinates"": [-73.66986, 40.73808]}"
Heritage Family Credit Union,28 CHURCH STREET,HOOSICK FALLS,12090,Rensselaer,"{""type"": ""Point"", ""coordinates"": [-73.35177, 42.90108]}"
Heritage Financial Credit Union,161-5 DOLSON AVENUE,MIDDLETOWN,10940,Orange,"{""type"": ""Point"", ""coordinates"": [-74.4256, 41.42808]}"
Heritage Financial Credit Union,17 Walnut Stret,Montgomery,12549,Orange,"{""type"": ""Point"", ""coordinates"": [-74.2029, 41.52619]}"
Heritage Financial Credit Union,273 Route 32,Central Valley,10917,Orange,"{""type"": ""Point"", ""coordinates"": [-74.12157, 41.33199]}"
Heritage Financial Credit Union,36 Boniface Drive,Pine Bush,12566,Orange,"{""type"": ""Point"", ""coordinates"": [-74.29597, 41.60375]}"
Heritage Financial Credit Union,117 Grand St,Goshen,10924,Orange,"{""type"": ""Point"", ""coordinates"": [-74.32734, 41.40258]}"
Heritage Financial Credit Union,234 Main Street,New Paltz,12561,Ulster,"{""type"": ""Point"", ""coordinates"": [-74.07383, 41.74352]}"
Heritage Financial Credit Union,29 North Hamilton Road,Poughkeepsie,12601,Dutchess,"{""type"": ""Point"", ""coordinates"": [-73.92173, 41.70421]}"
Heritage Financial Credit Union,211 South Plank Rd,Newburgh,12550,Orange,"{""type"": ""Point"", ""coordinates"": [-74.07197, 41.52714]}"
Heritage Financial Credit Union,131 East Main Street,Washingtonville,10992,Orange,"{""type"": ""Point"", ""coordinates"": [-74.15117, 41.4262]}"
Heritage Financial Credit Union,25 RYKOWSKI LANE,MIDDLETOWN,10941,Orange,"{""type"": ""Point"", ""coordinates"": [-74.34715, 41.45266]}"
Heritage Financial Credit Union,2 Corwin Court,Newburgh,12550,Orange,"{""type"": ""Point"", ""coordinates"": [-74.04436, 41.49533]}"
High Point Federal Credit Union,100 Fair Oak St,Little Valley,14755,Cattaraugus,"{""type"": ""Point"", ""coordinates"": [-78.79946, 42.24935]}"
High Point Federal Credit Union,160 South Main St,Portville,14770,Cattaraugus,"{""type"": ""Point"", ""coordinates"": [-78.33873, 42.02871]}"
High Point Federal Credit Union,180 S Main St,Allegany,14706,Cattaraugus,"{""type"": ""Point"", ""coordinates"": [-78.49896, 42.09422]}"
High Point Federal Credit Union,1201 WAYNE STREET,OLEAN,14760,Cattaraugus,"{""type"": ""Point"", ""coordinates"": [-78.44385, 42.08515]}"
Hudson River Community Credit Union,3762 Burgoyne Avenue,Hudson Falls,12839,Washington,"{""type"": ""Point"", ""coordinates"": [-73.57198, 43.32015]}"
Hudson River Community Credit Union,40 Leversee Road,Troy,12182,Rensselaer,"{""type"": ""Point"", ""coordinates"": [-73.65204, 42.78495]}"
Hudson River Community Credit Union,35 Niver Street,Cohoes,12047,Albany,"{""type"": ""Point"", ""coordinates"": [-73.69736, 42.75893]}"
Hudson River Community Credit Union,160 Broad Street,Glens Falls,12801,Warren,"{""type"": ""Point"", ""coordinates"": [-73.65893, 43.30408]}"
Hudson River Community Credit Union,312 Palmer Avenue,Corinth,12822,Saratoga,"{""type"": ""Point"", ""coordinates"": [-73.8217, 43.24473]}"
Hudson United Bank,Reade Place,Poughkeepsie,12601,Dutchess,
Hudson United Bank,Route 9 North,Wappingers Falls,12590,Dutchess,"{""type"": ""Point"", ""coordinates"": [-73.92243, 41.60703]}"
Hudson United Bank,71 Dutchess Tpke,Poughkeepsie,12601,Dutchess,"{""type"": ""Point"", ""coordinates"": [-73.93579, 41.70994]}"
Hudson United Bank,483 South Road,Poughkeepsie,12601,Dutchess,"{""type"": ""Point"", ""coordinates"": [-73.93147, 41.68931]}"
Hudson United Bank,115 Temple Hill Road,New Windsor,12553,Orange,"{""type"": ""Point"", ""coordinates"": [-74.05901, 41.45515]}"
Hudson United Bank,161 North Plank Road,Newburgh,12550,Orange,"{""type"": ""Point"", ""coordinates"": [-74.04014, 41.53723]}"
Hudson United Bank,Poughkeepsie Train Station ATM,Poughkeepsie,12601,Dutchess,
Hudson Valley Credit Union,3160 EAST MAIN STREET,MOHEGAN LAKE,10547,New York,"{""type"": ""Point"", ""coordinates"": [-73.86772, 41.31311]}"
Hudson Valley Credit Union,561 Warren Street,Hudson,12534,Columbia,"{""type"": ""Point"", ""coordinates"": [-73.78462, 42.24816]}"
Hudson Valley Credit Union,50-52 Main Street,Chatham,12037,Columbia,"{""type"": ""Point"", ""coordinates"": [-73.59544, 42.36334]}"
Hudson Valley Credit Union,1704 Western Avenue,Guilderland,12203,Albany,"{""type"": ""Point"", ""coordinates"": [-73.8589, 42.68714]}"
Hudson Valley Credit Union,1925 Curry Road,Rotterdam,12306,Schenectady,"{""type"": ""Point"", ""coordinates"": [-73.95524, 42.7797]}"
Hudson Valley Credit Union,120 Mansion Street,Niskayuna,12304,Schenectady,"{""type"": ""Point"", ""coordinates"": [-73.89507, 42.77403]}"
Hudson Valley Credit Union,98 Wolf Road,Colonie,12205,Albany,"{""type"": ""Point"", ""coordinates"": [-73.81307, 42.71717]}"
Hudson Valley Credit Union,7 Halfmoon Crossing Blvd,Halfmoon,12065,Saratoga,"{""type"": ""Point"", ""coordinates"": [-73.76795, 42.85864]}"
Hudson Valley Credit Union,87 BROOKSIDE AVENUE,CHESTER,10918,Orange,"{""type"": ""Point"", ""coordinates"": [-74.28433, 41.35701]}"
Hudson Valley Credit Union,851 New Loudon Road,Latham,12110,Albany,"{""type"": ""Point"", ""coordinates"": [-73.75881, 42.75274]}"
Hudson Valley Credit Union,30 John Winslow Drive,Poughkeepsie,12601,Dutchess,"{""type"": ""Point"", ""coordinates"": [-73.93282, 41.72439]}"
Hudson Valley Credit Union,137 Boardman Road,Poughkeepsie,12603,Dutchess,"{""type"": ""Point"", ""coordinates"": [-73.89114, 41.66279]}"
Hudson Valley Credit Union,9 Lower Main Street,Callicoon,12723,Sullivan,"{""type"": ""Point"", ""coordinates"": [-75.05959, 41.76708]}"
Hudson Valley Credit Union,103 Canal Street,Ellenville,12428,Sullivan,"{""type"": ""Point"", ""coordinates"": [-74.39379, 41.71692]}"
Hudson Valley Credit Union,279 Main Street,Grahamsville,12740,Sullivan,"{""type"": ""Point"", ""coordinates"": [-74.54828, 41.84769]}"
Hudson Valley Credit Union,148 George Street,Green Island,12183,Albany,"{""type"": ""Point"", ""coordinates"": [-73.69114, 42.7456]}"
Hudson Valley Credit Union,1987 Route 52,Liberty,12754,Sullivan,"{""type"": ""Point"", ""coordinates"": [-74.72476, 41.78444]}"
Hudson Valley Credit Union,4445 State Route 42,Monticello,12701,Sullivan,"{""type"": ""Point"", ""coordinates"": [-74.67372, 41.66869]}"
Hudson Valley Credit Union,6606 ROUTE 97,NARROWSBURG,12764,Sullivan,"{""type"": ""Point"", ""coordinates"": [-75.05608, 41.61356]}"
Hudson Valley Credit Union,244 Rock Hill Drive,Rock Hill,12775,Sullivan,"{""type"": ""Point"", ""coordinates"": [-74.59518, 41.62431]}"
Hudson Valley Credit Union,1639 Ulster Avenue,Lake Katrine,12449,Ulster,"{""type"": ""Point"", ""coordinates"": [-73.98952, 41.97934]}"
Hudson Valley Credit Union,152 ROUTE 6,MAHOPAC,10541,Putnam,"{""type"": ""Point"", ""coordinates"": [-73.75638, 41.34914]}"
Hudson Valley Credit Union,29 MAIN STREET,NEW PALTZ,12561,Ulster,"{""type"": ""Point"", ""coordinates"": [-74.08796, 41.74718]}"
Hudson Valley Credit Union,953 Union Avenue,Newburgh,12550,Orange,"{""type"": ""Point"", ""coordinates"": [-74.07322, 41.49589]}"
Hudson Valley Credit Union,4 Tucker Drive,Poughkeepsie,12603,Dutchess,"{""type"": ""Point"", ""coordinates"": [-73.8888, 41.7019]}"
Hudson Valley Credit Union,2373 ROUTE 9,POUGHKEEPSIE,12601,Dutchess,"{""type"": ""Point"", ""coordinates"": [-73.9287, 41.65115]}"
Hudson Valley Credit Union,12 North Avenue,Pleasant Valley,12569,Dutchess,"{""type"": ""Point"", ""coordinates"": [-73.82419, 41.74524]}"
Hudson Valley Credit Union,40 Lloyd Lane,Middletown,10941,Orange,"{""type"": ""Point"", ""coordinates"": [-74.3951, 41.45464]}"
Hudson Valley Credit Union,4011 Albany Post Road,Hyde Park,12538,Dutchess,"{""type"": ""Point"", ""coordinates"": [-73.9312, 41.76467]}"
Hudson Valley Credit Union,11 Marshall Road,Wappingers Falls,12590,Dutchess,"{""type"": ""Point"", ""coordinates"": [-73.90443, 41.59013]}"
Hudson Valley Credit Union,415 Route 376,Hopewell Junction,12533,Dutchess,"{""type"": ""Point"", ""coordinates"": [-73.80869, 41.57841]}"
Hudson Valley Credit Union,3650 US Highway 9W,Highland,12528,Ulster,"{""type"": ""Point"", ""coordinates"": [-73.96751, 41.70142]}"
Hudson Valley Credit Union,1515 ROUTE 22,BREWSTER,10509,Putnam,"{""type"": ""Point"", ""coordinates"": [-73.57839, 41.42102]}"
Hudson Valley Credit Union,2 Terrace Drive,Carmel,10512,Putnam,"{""type"": ""Point"", ""coordinates"": [-73.66723, 41.41141]}"
Hudson Valley Credit Union,1810 SOUTH ROAD,WAPPINGERS FALLS,12590,Dutchess,"{""type"": ""Point"", ""coordinates"": [-73.91209, 41.61355]}"
Hudson Valley Credit Union,6 SCHUYLER BLVD.,FISHKILL,12524,Dutchess,"{""type"": ""Point"", ""coordinates"": [-73.89084, 41.52728]}"
Hudson Valley Credit Union,30 Hawkins Drive,Montgomery,12549,Orange,"{""type"": ""Point"", ""coordinates"": [-74.20986, 41.51361]}"
Hudson Valley Credit Union,101 TILLSON AVENUE,HIGHLAND,12528,Ulster,"{""type"": ""Point"", ""coordinates"": [-73.96508, 41.71135]}"
Hudson Valley Credit Union,324 Main Street,Beacon,12508,Dutchess,"{""type"": ""Point"", ""coordinates"": [-73.96935, 41.50471]}"
Hudson Valley Credit Union,6740 Route 9,Rhinebeck,12572,Dutchess,"{""type"": ""Point"", ""coordinates"": [-73.89999, 41.9486]}"
Hudson Valley Credit Union,265 Windsor Highway,New Windsor,12553,Orange,"{""type"": ""Point"", ""coordinates"": [-74.04776, 41.46867]}"
Hudson Valley Credit Union,155 Stringham Road,Lagrangeville,12540,Dutchess,"{""type"": ""Point"", ""coordinates"": [-73.79684, 41.671]}"
Hudson Valley Credit Union,2532 Route 9,Malta,12020,Saratoga,"{""type"": ""Point"", ""coordinates"": [-73.79172, 42.97345]}"
Industrial and Commercial Bank of China (USA) NA,202 CANAL STREET,NEW YORK,10013,New York,"{""type"": ""Point"", ""coordinates"": [-73.99851, 40.71706]}"
Industrial and Commercial Bank of China (USA) NA,39-02 Main Street,Flushing,11354,Queens,"{""type"": ""Point"", ""coordinates"": [-73.83041, 40.76014]}"
Industrial and Commercial Bank of China (USA) NA,5714 8th Avenue,Brooklyn,11220,Kings,"{""type"": ""Point"", ""coordinates"": [-74.00809, 40.63688]}"
Island Federal Credit Union,455 Mill Road,Hewlett,11557,Nassau,"{""type"": ""Point"", ""coordinates"": [-73.70541, 40.644]}"
Island Federal Credit Union,600 Doctors Path,Riverhead,11901,Suffolk,"{""type"": ""Point"", ""coordinates"": [-72.6636, 40.95415]}"
Island Federal Credit Union,85 EAST OLD COUNTRY ROAD,HICKSVILLE,11801,Nassau,"{""type"": ""Point"", ""coordinates"": [-73.51571, 40.76475]}"
Island Federal Credit Union,100 Patriots Road,Stony brook,11790,Suffolk,"{""type"": ""Point"", ""coordinates"": [-73.10328, 40.90567]}"
Island Federal Credit Union,15 Park Avenue,Melville,11746,Suffolk,"{""type"": ""Point"", ""coordinates"": [-73.35398, 40.82929]}"
Island Federal Credit Union,1071 Old Country Road,Riverhead,11901,Suffolk,"{""type"": ""Point"", ""coordinates"": [-72.67583, 40.93236]}"
Island Federal Credit Union,824 Hicksville Road,Massapequa,11758,Nassau,"{""type"": ""Point"", ""coordinates"": [-73.47856, 40.69337]}"
Island Federal Credit Union,2752 Sunrise Highway,Bellmore,11710,Nassau,"{""type"": ""Point"", ""coordinates"": [-73.52505, 40.66871]}"
Island Federal Credit Union,920 MIDDLE COUNTRY ROAD,SELDEN,11784,Suffolk,"{""type"": ""Point"", ""coordinates"": [-73.04517, 40.86443]}"
Island Federal Credit Union,430 ROUTE 25A,EAST SETAUKET,11733,Suffolk,"{""type"": ""Point"", ""coordinates"": [-73.11034, 40.93504]}"
Island Federal Credit Union,100 Nicolls Road,Stony Brook,11790,Suffolk,"{""type"": ""Point"", ""coordinates"": [-73.11617, 40.91436]}"
Island Federal Credit Union,101 Nicolls Road,Stony Brook,11790,Suffolk,"{""type"": ""Point"", ""coordinates"": [-73.115, 40.90557]}"
Island Federal Credit Union,1 Metrotech Center,Brooklyn,11202,New York,"{""type"": ""Point"", ""coordinates"": [-73.98723, 40.69376]}"
Island Federal Credit Union,4820 SUNRISE HIGHWAY,SAYVILLE,11782,Suffolk,"{""type"": ""Point"", ""coordinates"": [-73.10495, 40.75766]}"
Island Federal Credit Union,120 MOTOR PARKWAY,HAUPPAUGE,11788,Suffolk,"{""type"": ""Point"", ""coordinates"": [-73.26145, 40.80623]}"
Island Federal Credit Union,175 East Old Country Road,Hicksville,11801,Nassau,"{""type"": ""Point"", ""coordinates"": [-73.5117, 40.76562]}"
"JPMorgan Chase Bank, National Association",349 FIFTH AVENUE,NEW YORK,10016,New York,"{""type"": ""Point"", ""coordinates"": [-73.98469, 40.74826]}"
"JPMorgan Chase Bank, National Association",60-67 MYRTLE AVENUE,RIDGEWOOD,11385,Queens,"{""type"": ""Point"", ""coordinates"": [-73.89588, 40.70068]}"
"JPMorgan Chase Bank, National Association",225 HAVEMEYER,BROOKLYN,11211,Kings,"{""type"": ""Point"", ""coordinates"": [-73.95911, 40.70913]}"
"JPMorgan Chase Bank, National Association",407 BROADWAY,NEW YORK,10013,New York,"{""type"": ""Point"", ""coordinates"": [-74.00225, 40.71892]}"
"JPMorgan Chase Bank, National Association",2099 BROADWAY,NEW YORK,10023,New York,"{""type"": ""Point"", ""coordinates"": [-73.98184, 40.77951]}"
"JPMorgan Chase Bank, National Association",4425 EAST GENESEE STREET,SYRACUSE,13214,Onondaga,"{""type"": ""Point"", ""coordinates"": [-76.06749, 43.03538]}"
"JPMorgan Chase Bank, National Association",801 JAMES STREET,SYRACUSE,13203,Onondaga,"{""type"": ""Point"", ""coordinates"": [-76.1403, 43.05678]}"
"JPMorgan Chase Bank, National Association",150 Main Street,Oneida,13421,Madison,"{""type"": ""Point"", ""coordinates"": [-75.65188, 43.09501]}"
"JPMorgan Chase Bank, National Association",2 Fort Salonga Road,Fort Salonga,11768,Suffolk,"{""type"": ""Point"", ""coordinates"": [-73.30017, 40.91215]}"
"JPMorgan Chase Bank, National Association",345 HUDSON STREET,NEW YORK,10014,New York,"{""type"": ""Point"", ""coordinates"": [-74.00732, 40.72745]}"
"JPMorgan Chase Bank, National Association",4323 18TH,BROOKLYN,11218,Kings,"{""type"": ""Point"", ""coordinates"": [-73.97689, 40.63085]}"
"JPMorgan Chase Bank, National Association",676 White Plains Road,Scarsdale,10583,Westchester,"{""type"": ""Point"", ""coordinates"": [-73.8068, 40.97008]}"
"JPMorgan Chase Bank, National Association",230 ARDEN AVENUE,STATEN ISLAND,10312,Richmond,"{""type"": ""Point"", ""coordinates"": [-74.19281, 40.55387]}"
"JPMorgan Chase Bank, National Association",720 Lee Boulevard,Yorktown Heights,10598,Westchester,"{""type"": ""Point"", ""coordinates"": [-73.80956, 41.32758]}"
"JPMorgan Chase Bank, National Association",420 OLD POST ROAD,BEDFORD,10506,Westchester,"{""type"": ""Point"", ""coordinates"": [-73.65547, 41.19584]}"
"JPMorgan Chase Bank, National Association",975 BEDFORD AVENUE,BROOKLYN,11205,Kings,"{""type"": ""Point"", ""coordinates"": [-73.95535, 40.69063]}"
"JPMorgan Chase Bank, National Association",444 5TH AVENUE,BROOKLYN,11215,Kings,"{""type"": ""Point"", ""coordinates"": [-73.98614, 40.66936]}"
"JPMorgan Chase Bank, National Association",204 WEST FIRST STREET,OSWEGO,13126,Sullivan,"{""type"": ""Point"", ""coordinates"": [-76.51094, 43.456]}"
"JPMorgan Chase Bank, National Association",424 Seventh North Street,Liverpool,13088,Onondaga,"{""type"": ""Point"", ""coordinates"": [-76.17113, 43.09238]}"
"JPMorgan Chase Bank, National Association",610 MADISON AVENUE,NEW YORK,10022,New York,"{""type"": ""Point"", ""coordinates"": [-73.97177, 40.76309]}"
"JPMorgan Chase Bank, National Association",7104 WOODHAVEN BOULEVARD,GLENDALE,11385,Queens,"{""type"": ""Point"", ""coordinates"": [-73.85987, 40.71162]}"
"JPMorgan Chase Bank, National Association",128 EAST FORDHAM,BRONX,10468,Bronx,"{""type"": ""Point"", ""coordinates"": [-73.89819, 40.86234]}"
"JPMorgan Chase Bank, National Association",253 BROADWAY,NEW YORK,10007,New York,"{""type"": ""Point"", ""coordinates"": [-74.00708, 40.71321]}"
"JPMorgan Chase Bank, National Association",3380 FULTON,BROOKLYN,11208,Kings,"{""type"": ""Point"", ""coordinates"": [-73.87085, 40.68389]}"
"JPMorgan Chase Bank, National Association",257 UTICA AVENUE,BROOKLYN,11213,Kings,"{""type"": ""Point"", ""coordinates"": [-73.93102, 40.66985]}"
"JPMorgan Chase Bank, National Association",6501 18TH,BROOKLYN,11204,Kings,"{""type"": ""Point"", ""coordinates"": [-73.99033, 40.61899]}"
"JPMorgan Chase Bank, National Association",1536 WESTCHESTER,BRONX,10472,Bronx,"{""type"": ""Point"", ""coordinates"": [-73.8784, 40.82865]}"
"JPMorgan Chase Bank, National Association",3408 Jerome Avenue,Bronx,10467,Bronx,"{""type"": ""Point"", ""coordinates"": [-73.88317, 40.88104]}"
"JPMorgan Chase Bank, National Association",230 Park Avenue South,New York,10003,New York,"{""type"": ""Point"", ""coordinates"": [-73.98836, 40.73754]}"
"JPMorgan Chase Bank, National Association",1599 FLATBUSH AVENUE,BROOKLYN,11210,Kings,"{""type"": ""Point"", ""coordinates"": [-73.94616, 40.63141]}"
"JPMorgan Chase Bank, National Association",66-02 GRAND AVENUE,MASPETH,11378,Queens,"{""type"": ""Point"", ""coordinates"": [-73.89845, 40.72428]}"
"JPMorgan Chase Bank, National Association",2126 WHITE PLAINS ROAD,BRONX,10462,Bronx,"{""type"": ""Point"", ""coordinates"": [-73.8677, 40.85409]}"
"JPMorgan Chase Bank, National Association",32 UNIVERSITY PLACE,NEW YORK,10003,New York,"{""type"": ""Point"", ""coordinates"": [-73.9944, 40.73206]}"
"JPMorgan Chase Bank, National Association",621 BAY STREET,STATEN ISLAND,10304,Richmond,"{""type"": ""Point"", ""coordinates"": [-74.07569, 40.62699]}"
"JPMorgan Chase Bank, National Association",3528 EAST TREMONT AVENUE,BRONX,10465,Bronx,"{""type"": ""Point"", ""coordinates"": [-73.82631, 40.83049]}"
"JPMorgan Chase Bank, National Association",207 City Island Avenue,Bronx,10464,Bronx,"{""type"": ""Point"", ""coordinates"": [-73.78533, 40.84415]}"
"JPMorgan Chase Bank, National Association",37-29 JUNCTION BOULEVARD,CORONA,11368,Queens,"{""type"": ""Point"", ""coordinates"": [-73.8703, 40.75067]}"
"JPMorgan Chase Bank, National Association",360 EAST 149TH STREET,BRONX,10455,Bronx,"{""type"": ""Point"", ""coordinates"": [-73.91901, 40.81642]}"
"JPMorgan Chase Bank, National Association",649 South Crouse Avenue,Syracuse,13210,Onondaga,"{""type"": ""Point"", ""coordinates"": [-76.1363, 43.04314]}"
"JPMorgan Chase Bank, National Association",329 FAYETTE STREET,MANLIUS,13104,Onondaga,"{""type"": ""Point"", ""coordinates"": [-75.98422, 43.00524]}"
"JPMorgan Chase Bank, National Association",84-01 JAMAICA AVENUE,WOODHAVEN,11421,Queens,"{""type"": ""Point"", ""coordinates"": [-73.86063, 40.69236]}"
"JPMorgan Chase Bank, National Association",5499 NESCONSET HIGHWAY,MOUNT SINAI,11766,Suffolk,"{""type"": ""Point"", ""coordinates"": [-73.03205, 40.93226]}"
"JPMorgan Chase Bank, National Association",4169 ELMCREST ROAD,LIVERPOOL,13090,Onondaga,"{""type"": ""Point"", ""coordinates"": [-76.22607, 43.13616]}"
"JPMorgan Chase Bank, National Association",2122 Merrick Avenue,Merrick,11566,Nassau,"{""type"": ""Point"", ""coordinates"": [-73.55324, 40.66601]}"
"JPMorgan Chase Bank, National Association",608 Columbus Avenue,Thornwood,10594,Westchester,"{""type"": ""Point"", ""coordinates"": [-73.77168, 41.11423]}"
"JPMorgan Chase Bank, National Association",1650 Gun Hill Road East,Bronx,10469,Bronx,"{""type"": ""Point"", ""coordinates"": [-73.83821, 40.8663]}"
"JPMorgan Chase Bank, National Association",596 FORT WASHINGTON AVENUE,NEW YORK,10033,New York,"{""type"": ""Point"", ""coordinates"": [-73.93693, 40.85496]}"
"JPMorgan Chase Bank, National Association",61 SMITH ST,NANUET,10954,Rockland,"{""type"": ""Point"", ""coordinates"": [-73.99997, 41.09315]}"
"JPMorgan Chase Bank, National Association",124 Route 303,Valley Cottage,10989,Rockland,"{""type"": ""Point"", ""coordinates"": [-73.94156, 41.1176]}"
"JPMorgan Chase Bank, National Association",875 Saw Mill River Road,Ardsley,10502,Westchester,"{""type"": ""Point"", ""coordinates"": [-73.84345, 41.01918]}"
"JPMorgan Chase Bank, National Association",9601 FOSTER,BROOKLYN,11236,Kings,"{""type"": ""Point"", ""coordinates"": [-73.90641, 40.64785]}"
"JPMorgan Chase Bank, National Association",798 MANHATTAN,BROOKLYN,11222,Kings,"{""type"": ""Point"", ""coordinates"": [-73.95304, 40.72771]}"
"JPMorgan Chase Bank, National Association",1000 NOSTRAND AVENUE,BROOKLYN,11225,Kings,"{""type"": ""Point"", ""coordinates"": [-73.95097, 40.66407]}"
"JPMorgan Chase Bank, National Association",999 MIDDLE COUNTRY ROAD,SELDEN,11784,Suffolk,"{""type"": ""Point"", ""coordinates"": [-73.04907, 40.86383]}"
"JPMorgan Chase Bank, National Association",1350 BOSTON POST ROAD,LARCHMONT,10538,Westchester,"{""type"": ""Point"", ""coordinates"": [-73.74811, 40.93501]}"
"JPMorgan Chase Bank, National Association",1090 Hicksville Road,North Massapequa,11758,Nassau,"{""type"": ""Point"", ""coordinates"": [-73.48058, 40.6961]}"
"JPMorgan Chase Bank, National Association",410 Northern Boulevard,Great Neck,11021,Nassau,"{""type"": ""Point"", ""coordinates"": [-73.72238, 40.77912]}"
"JPMorgan Chase Bank, National Association",136 FULTON STREET,WEST HEMPSTEAD,11550,Nassau,"{""type"": ""Point"", ""coordinates"": [-73.63175, 40.70645]}"
"JPMorgan Chase Bank, National Association",10 NORTH VILLAGE AVENUE,ROCKVILLE CENTER,11570,Nassau,"{""type"": ""Point"", ""coordinates"": [-73.64794, 40.65677]}"
"JPMorgan Chase Bank, National Association",3285 LONG BEACH ROAD,OCEANSIDE,11572,Nassau,"{""type"": ""Point"", ""coordinates"": [-73.64062, 40.6311]}"
"JPMorgan Chase Bank, National Association",335 ROCKAWAY TURNPIKE,LAWRENCE,11559,Nassau,"{""type"": ""Point"", ""coordinates"": [-73.7365, 40.62662]}"
"JPMorgan Chase Bank, National Association",1064 OLD COUNTRY ROAD,PLAINVIEW,11803,Nassau,"{""type"": ""Point"", ""coordinates"": [-73.47118, 40.77627]}"
"JPMorgan Chase Bank, National Association",623 BROADWAY,NEW YORK,10012,New York,"{""type"": ""Point"", ""coordinates"": [-73.99641, 40.72588]}"
"JPMorgan Chase Bank, National Association",115 MAIN STREET,PORT WASHINGTON,11050,Nassau,"{""type"": ""Point"", ""coordinates"": [-73.69079, 40.83092]}"
"JPMorgan Chase Bank, National Association",42 WEST MAIN STREET,SMITHTOWN,11787,Suffolk,"{""type"": ""Point"", ""coordinates"": [-73.1954, 40.85451]}"
"JPMorgan Chase Bank, National Association",244 EAST 86TH STREET,NEW YORK,10028,New York,"{""type"": ""Point"", ""coordinates"": [-73.95199, 40.77798]}"
"JPMorgan Chase Bank, National Association",201 EAST 79TH STREET,NEW YORK,10075,New York,"{""type"": ""Point"", ""coordinates"": [-73.95704, 40.77419]}"
"JPMorgan Chase Bank, National Association",883 FLATBUSH AVENUE,BROOKLYN,11226,Kings,"{""type"": ""Point"", ""coordinates"": [-73.95875, 40.65056]}"
"JPMorgan Chase Bank, National Association",1509 FOSTER AVENUE,BROOKLYN,11230,Kings,"{""type"": ""Point"", ""coordinates"": [-73.96277, 40.63422]}"
"JPMorgan Chase Bank, National Association",5101 4TH AVENUE,BROOKLYN,11220,Kings,"{""type"": ""Point"", ""coordinates"": [-74.01318, 40.6458]}"
"JPMorgan Chase Bank, National Association",127 7TH AVENUE,BROOKLYN,11215,Kings,"{""type"": ""Point"", ""coordinates"": [-73.97638, 40.67309]}"
"JPMorgan Chase Bank, National Association",1987 FLATBUSH AVE,BROOKLYN,11234,Kings,"{""type"": ""Point"", ""coordinates"": [-73.93549, 40.62133]}"
"JPMorgan Chase Bank, National Association",2623 EAST 17TH,BROOKLYN,11235,Kings,"{""type"": ""Point"", ""coordinates"": [-73.95218, 40.58757]}"
"JPMorgan Chase Bank, National Association",163-20 NORTHERN BOULEVARD,FLUSHING,11358,Queens,"{""type"": ""Point"", ""coordinates"": [-73.80216, 40.76092]}"
"JPMorgan Chase Bank, National Association",21-21 BROADWAY,ASTORIA,11106,Queens,"{""type"": ""Point"", ""coordinates"": [-73.93078, 40.76473]}"
"JPMorgan Chase Bank, National Association",1068 MORRIS PARK,BRONX,10461,Bronx,"{""type"": ""Point"", ""coordinates"": [-73.85403, 40.84911]}"
"JPMorgan Chase Bank, National Association",5656 Riverdale Avenue,Bronx,10471,Bronx,"{""type"": ""Point"", ""coordinates"": [-73.90435, 40.90593]}"
"JPMorgan Chase Bank, National Association",405 LEXINGTON AVENUE,NEW YORK,10174,New York,"{""type"": ""Point"", ""coordinates"": [-73.97567, 40.75196]}"
"JPMorgan Chase Bank, National Association",690 LONG POND ROAD,ROCHESTER,14612,Monroe,"{""type"": ""Point"", ""coordinates"": [-77.69587, 43.25234]}"
"JPMorgan Chase Bank, National Association",920 Holt Road,Webster,14580,Monroe,"{""type"": ""Point"", ""coordinates"": [-77.4456, 43.21139]}"
"JPMorgan Chase Bank, National Association",31 State Street,Pittsford,14534,Monroe,"{""type"": ""Point"", ""coordinates"": [-77.51343, 43.08997]}"
"JPMorgan Chase Bank, National Association",2631 Merrick Road,Bellmore,11710,Nassau,"{""type"": ""Point"", ""coordinates"": [-73.52852, 40.66334]}"
"JPMorgan Chase Bank, National Association",130 Main Street,Canandaigua,14424,Ontario,"{""type"": ""Point"", ""coordinates"": [-77.28047, 42.88579]}"
"JPMorgan Chase Bank, National Association",660-662 CENTRAL PARK AVENUE,SCARSDALE,10583,Westchester,"{""type"": ""Point"", ""coordinates"": [-73.81491, 40.99959]}"
"JPMorgan Chase Bank, National Association",2 PENN PLZ,NEW YORK,10121,New York,"{""type"": ""Point"", ""coordinates"": [-73.99296, 40.75111]}"
"JPMorgan Chase Bank, National Association",22 GRACE AVENUE,GREAT NECK,11021,Nassau,"{""type"": ""Point"", ""coordinates"": [-73.72679, 40.78864]}"
"JPMorgan Chase Bank, National Association",1745 BROAD HOLLOW,EAST FARMINGDALE,11735,Nassau,"{""type"": ""Point"", ""coordinates"": [-73.42208, 40.7444]}"
"JPMorgan Chase Bank, National Association",66 Main Street,Brockport,14420,Monroe,"{""type"": ""Point"", ""coordinates"": [-77.93851, 43.21525]}"
"JPMorgan Chase Bank, National Association",475 ROUTE 17M,MONROE,10950,Orange,"{""type"": ""Point"", ""coordinates"": [-74.17696, 41.31854]}"
"JPMorgan Chase Bank, National Association",16 EAST MAIN STREET,MOUNT KISCO,10549,Westchester,"{""type"": ""Point"", ""coordinates"": [-73.72821, 41.20856]}"
"JPMorgan Chase Bank, National Association",8523 20TH AVENUE,BROOKLYN,11214,Kings,"{""type"": ""Point"", ""coordinates"": [-73.998, 40.60482]}"
"JPMorgan Chase Bank, National Association",1825 EAST MAIN STREET,PEEKSKILL,10566,Westchester,"{""type"": ""Point"", ""coordinates"": [-73.89578, 41.29604]}"
"JPMorgan Chase Bank, National Association",153-15 CROSS ISLAND PARKWAY,WHITESTONE,11357,Queens,"{""type"": ""Point"", ""coordinates"": [-73.80885, 40.78726]}"
"JPMorgan Chase Bank, National Association",6510 AVENUE U,BROOKLYN,11234,Kings,"{""type"": ""Point"", ""coordinates"": [-73.91121, 40.61716]}"
"JPMorgan Chase Bank, National Association",9313 3RD AVENUE,BROOKLYN,11209,Kings,"{""type"": ""Point"", ""coordinates"": [-74.03315, 40.61836]}"
"JPMorgan Chase Bank, National Association",401 FLATBUSH AVENUE,BROOKLYN,11238,Kings,"{""type"": ""Point"", ""coordinates"": [-73.97136, 40.67566]}"
"JPMorgan Chase Bank, National Association",350 MAIN STREET,HUNTINGTON,11743,Suffolk,"{""type"": ""Point"", ""coordinates"": [-73.43056, 40.87073]}"
"JPMorgan Chase Bank, National Association",271 LARKFIELD ROAD,EAST NORTHPORT,11731,Suffolk,"{""type"": ""Point"", ""coordinates"": [-73.32428, 40.87552]}"
"JPMorgan Chase Bank, National Association",96-19 101ST AVENUE,OZONE PARK,11416,Queens,"{""type"": ""Point"", ""coordinates"": [-73.84441, 40.68472]}"
"JPMorgan Chase Bank, National Association",11 HUGH J. GRANT CIRCLE,BRONX,10462,Bronx,"{""type"": ""Point"", ""coordinates"": [-73.8611, 40.8336]}"
"JPMorgan Chase Bank, National Association",104-17 QUEENS BOULEVARD,FOREST HILLS,11375,Queens,"{""type"": ""Point"", ""coordinates"": [-73.84868, 40.72383]}"
"JPMorgan Chase Bank, National Association",633 THIRD AVENUE,NEW YORK,10017,New York,"{""type"": ""Point"", ""coordinates"": [-73.97509, 40.74986]}"
"JPMorgan Chase Bank, National Association",280 PAGE AVENUE,STATEN ISLAND,10307,Richmond,"{""type"": ""Point"", ""coordinates"": [-74.23434, 40.51714]}"
"JPMorgan Chase Bank, National Association",330 PLANDOME ROAD,MANHASSET,11030,Nassau,"{""type"": ""Point"", ""coordinates"": [-73.69954, 40.79715]}"
"JPMorgan Chase Bank, National Association",200 New Dorp Lane,Staten Island,10306,Richmond,"{""type"": ""Point"", ""coordinates"": [-74.11424, 40.57287]}"
"JPMorgan Chase Bank, National Association",4 John Street,Amityville,11701,Suffolk,"{""type"": ""Point"", ""coordinates"": [-73.41958, 40.67905]}"
"JPMorgan Chase Bank, National Association",180 CANAL STREET,NEW YORK,10013,New York,"{""type"": ""Point"", ""coordinates"": [-73.99765, 40.71678]}"
"JPMorgan Chase Bank, National Association",37-94 103RD,CORONA,11368,Queens,"{""type"": ""Point"", ""coordinates"": [-73.86316, 40.75079]}"
"JPMorgan Chase Bank, National Association",405 Main Street,Center Moriches,11934,Suffolk,"{""type"": ""Point"", ""coordinates"": [-72.79439, 40.8005]}"
"JPMorgan Chase Bank, National Association",159-17 JAMAICA AVENUE,JAMAICA,11432,Queens,"{""type"": ""Point"", ""coordinates"": [-73.79953, 40.70362]}"
"JPMorgan Chase Bank, National Association",919 THIRD AVENUE,NEW YORK,10022,New York,"{""type"": ""Point"", ""coordinates"": [-73.96683, 40.76121]}"
"JPMorgan Chase Bank, National Association",60 EAST 42ND STREET,NEW YORK,10017,New York,"{""type"": ""Point"", ""coordinates"": [-73.97759, 40.75213]}"
"JPMorgan Chase Bank, National Association",187-08 HORACE HARDING BOULEVARD,FRESH MEADOWS,11365,Queens,"{""type"": ""Point"", ""coordinates"": [-73.78716, 40.74045]}"
"JPMorgan Chase Bank, National Association",204 WEST 4TH STREET,NEW YORK,10014,New York,"{""type"": ""Point"", ""coordinates"": [-74.00259, 40.73336]}"
"JPMorgan Chase Bank, National Association",2219 BROADWAY,NEW YORK,10024,New York,"{""type"": ""Point"", ""coordinates"": [-73.98032, 40.78355]}"
"JPMorgan Chase Bank, National Association",425 Glen Cove Road,Roslyn Heights,11577,Nassau,"{""type"": ""Point"", ""coordinates"": [-73.62246, 40.78564]}"
"JPMorgan Chase Bank, National Association",31-05 30TH AVENUE,ASTORIA,11102,Queens,"{""type"": ""Point"", ""coordinates"": [-73.92102, 40.76671]}"
"JPMorgan Chase Bank, National Association",666 FOREST AVENUE,STATEN ISLAND,10310,Richmond,"{""type"": ""Point"", ""coordinates"": [-74.11144, 40.62964]}"
"JPMorgan Chase Bank, National Association",410 PARK AVENUE,NEW YORK,10022,New York,"{""type"": ""Point"", ""coordinates"": [-73.97192, 40.76016]}"
"JPMorgan Chase Bank, National Association",360 South Broadway,Tarrytown,10591,Westchester,"{""type"": ""Point"", ""coordinates"": [-73.86208, 41.06448]}"
"JPMorgan Chase Bank, National Association",111-18 LIBERTY AVENUE,SOUTH RICHMOND HILL,11419,Queens,"{""type"": ""Point"", ""coordinates"": [-73.83048, 40.68496]}"
"JPMorgan Chase Bank, National Association",39 VANDERBILT PARKWAY,COMMACK,11725,Suffolk,"{""type"": ""Point"", ""coordinates"": [-73.29134, 40.8167]}"
"JPMorgan Chase Bank, National Association",1755 UNIVERSITY AVENUE,BRONX,10453,Bronx,"{""type"": ""Point"", ""coordinates"": [-73.91598, 40.8502]}"
"JPMorgan Chase Bank, National Association",475 WEST 23RD STREET,NEW YORK,10011,New York,"{""type"": ""Point"", ""coordinates"": [-74.00398, 40.74761]}"
"JPMorgan Chase Bank, National Association",76 East 161 Street,Bronx,10451,Bronx,"{""type"": ""Point"", ""coordinates"": [-73.92479, 40.82729]}"
"JPMorgan Chase Bank, National Association",39-01 MAIN STREET,FLUSHING,11354,Queens,"{""type"": ""Point"", ""coordinates"": [-73.83035, 40.76002]}"
"JPMorgan Chase Bank, National Association",2725 EAST TREMONT AVENUE,BRONX,10461,Bronx,"{""type"": ""Point"", ""coordinates"": [-73.84502, 40.84239]}"
"JPMorgan Chase Bank, National Association",5581 BROADWAY,BRONX,10463,Bronx,"{""type"": ""Point"", ""coordinates"": [-73.90475, 40.87907]}"
"JPMorgan Chase Bank, National Association",115 BROAD HOLLOW,MELVILLE,11747,Suffolk,"{""type"": ""Point"", ""coordinates"": [-73.41355, 40.78939]}"
"JPMorgan Chase Bank, National Association",22-45 31ST STREET,ASTORIA,11105,Queens,"{""type"": ""Point"", ""coordinates"": [-73.91165, 40.77473]}"
"JPMorgan Chase Bank, National Association",386 PARK AVENUE SOUTH,NEW YORK,10016,New York,"{""type"": ""Point"", ""coordinates"": [-73.98447, 40.74285]}"
"JPMorgan Chase Bank, National Association",109 DELANCY STREET,NEW YORK,10002,New York,"{""type"": ""Point"", ""coordinates"": [-73.98851, 40.71855]}"
"JPMorgan Chase Bank, National Association",107-36 71ST AVENUE,FOREST HILLS,11375,Queens,"{""type"": ""Point"", ""coordinates"": [-73.84416, 40.72115]}"
"JPMorgan Chase Bank, National Association",725 EAST 233RD STREET,BRONX,10466,Bronx,"{""type"": ""Point"", ""coordinates"": [-73.85644, 40.89327]}"
"JPMorgan Chase Bank, National Association",1003 LEXINGTON AVENUE,NEW YORK,10021,New York,"{""type"": ""Point"", ""coordinates"": [-73.96204, 40.77066]}"
"JPMorgan Chase Bank, National Association",3940 BROADWAY,NEW YORK,10032,New York,"{""type"": ""Point"", ""coordinates"": [-73.94095, 40.83924]}"
"JPMorgan Chase Bank, National Association",38-18 BROADWAY,ASTORIA,11103,Queens,"{""type"": ""Point"", ""coordinates"": [-73.91918, 40.75906]}"
"JPMorgan Chase Bank, National Association",331-337 SOUTH END AVENUE,NEW YORK,10280,New York,"{""type"": ""Point"", ""coordinates"": [-74.01611, 40.7108]}"
"JPMorgan Chase Bank, National Association",1912 MOTT AVENUE,FAR ROCKAWAY,11691,Queens,"{""type"": ""Point"", ""coordinates"": [-73.75201, 40.60375]}"
"JPMorgan Chase Bank, National Association",3775 RIVERDALE,BRONX,10463,Bronx,"{""type"": ""Point"", ""coordinates"": [-73.90759, 40.88813]}"
"JPMorgan Chase Bank, National Association",260 COLUMBUS AVENUE,NEW YORK,10023,New York,"{""type"": ""Point"", ""coordinates"": [-73.97869, 40.77767]}"
"JPMorgan Chase Bank, National Association",10-51 JACKSON AVENUE,LONG ISLAND CITY,11101,Queens,"{""type"": ""Point"", ""coordinates"": [-73.95279, 40.74247]}"
"JPMorgan Chase Bank, National Association",23-98 BELL BOULEVARD,BAYSIDE,11360,Queens,"{""type"": ""Point"", ""coordinates"": [-73.77701, 40.78005]}"
"JPMorgan Chase Bank, National Association",165-40 BAISLEY BOULEVARD,JAMAICA,11434,Queens,"{""type"": ""Point"", ""coordinates"": [-73.77766, 40.67842]}"
"JPMorgan Chase Bank, National Association",360 EAST 72ND STREET,NEW YORK,10021,New York,"{""type"": ""Point"", ""coordinates"": [-73.95624, 40.7679]}"
"JPMorgan Chase Bank, National Association",8418 BAY PARKWAY,BROOKLYN,11214,Kings,"{""type"": ""Point"", ""coordinates"": [-73.99303, 40.6027]}"
"JPMorgan Chase Bank, National Association",784 CASTLE HILL AVENUE,BRONX,10473,Bronx,"{""type"": ""Point"", ""coordinates"": [-73.84896, 40.82303]}"
"JPMorgan Chase Bank, National Association",1201 Wantagh Avenue,Wantagh,11793,Nassau,"{""type"": ""Point"", ""coordinates"": [-73.50722, 40.6932]}"
"JPMorgan Chase Bank, National Association",1542 BELLMORE AVENUE,NORTH BELLMORE,11710,Nassau,"{""type"": ""Point"", ""coordinates"": [-73.53968, 40.68368]}"
"JPMorgan Chase Bank, National Association",55 WEST JERICHO TURNPIKE,HUNTINGTON STATION,11746,Suffolk,"{""type"": ""Point"", ""coordinates"": [-73.41241, 40.82886]}"
"JPMorgan Chase Bank, National Association",184-01 HILLSIDE AVENUE,JAMAICA,11432,Queens,"{""type"": ""Point"", ""coordinates"": [-73.77763, 40.71414]}"
"JPMorgan Chase Bank, National Association",840 SUNRISE HIGHWAY,BAY SHORE,11706,Suffolk,"{""type"": ""Point"", ""coordinates"": [-73.27937, 40.72845]}"
"JPMorgan Chase Bank, National Association",37-15 82ND STREET.,JACKSON HEIGHTS,11372,Queens,"{""type"": ""Point"", ""coordinates"": [-73.88422, 40.7492]}"
"JPMorgan Chase Bank, National Association",1501 AVENUE M,BROOKLYN,11230,Kings,"{""type"": ""Point"", ""coordinates"": [-73.95981, 40.61803]}"
"JPMorgan Chase Bank, National Association",216 OLD COUNTRY ROAD,MINEOLA,11501,Nassau,"{""type"": ""Point"", ""coordinates"": [-73.63986, 40.7391]}"
"JPMorgan Chase Bank, National Association",37-67 75TH STREET,JACKSON HEIGHTS,11372,Queens,"{""type"": ""Point"", ""coordinates"": [-73.89054, 40.74722]}"
"JPMorgan Chase Bank, National Association",3515 BROADWAY,NEW YORK,10031,New York,"{""type"": ""Point"", ""coordinates"": [-73.95109, 40.8257]}"
"JPMorgan Chase Bank, National Association",2469 HEMPSTEAD TURNPIKE,EAST MEADOW,11554,Nassau,"{""type"": ""Point"", ""coordinates"": [-73.5444, 40.72495]}"
"JPMorgan Chase Bank, National Association",501 MAMARONECK AVENUE,WHITE PLAINS,10605,Westchester,"{""type"": ""Point"", ""coordinates"": [-73.75867, 41.02265]}"
"JPMorgan Chase Bank, National Association",161 DYCKMAN STREET,NEW YORK,10040,New York,"{""type"": ""Point"", ""coordinates"": [-73.9262, 40.86381]}"
"JPMorgan Chase Bank, National Association",595 SUNRISE HIGHWAY,WEST BABYLON,11704,Suffolk,"{""type"": ""Point"", ""coordinates"": [-73.34941, 40.71363]}"
"JPMorgan Chase Bank, National Association",453 EAST 86TH STREET,NEW YORK,10028,New York,"{""type"": ""Point"", ""coordinates"": [-73.94728, 40.77604]}"
"JPMorgan Chase Bank, National Association",511 GRAMATAN AVENUE,MOUNT VERNON,10552,Westchester,"{""type"": ""Point"", ""coordinates"": [-73.83622, 40.92484]}"
"JPMorgan Chase Bank, National Association",230 Saw Mill River Road,Millwood,10546,Westchester,"{""type"": ""Point"", ""coordinates"": [-73.80227, 41.18757]}"
"JPMorgan Chase Bank, National Association",45 Quaker Ridge Road,New Rochelle,10804,Westchester,"{""type"": ""Point"", ""coordinates"": [-73.79441, 40.94714]}"
"JPMorgan Chase Bank, National Association",270 NORTH AVENUE,NEW ROCHELLE,10801,Westchester,"{""type"": ""Point"", ""coordinates"": [-73.78262, 40.91179]}"
"JPMorgan Chase Bank, National Association",3169 Bainbridge,Bronx,10467,Bronx,"{""type"": ""Point"", ""coordinates"": [-73.87951, 40.87538]}"
"JPMorgan Chase Bank, National Association",2111 NORTHERN BOULEVARD,MANHASSET,11030,Nassau,"{""type"": ""Point"", ""coordinates"": [-73.66943, 40.79726]}"
"JPMorgan Chase Bank, National Association",215-16 73RD AVENUE,OAKLAND GARDENS,11364,Queens,"{""type"": ""Point"", ""coordinates"": [-73.75883, 40.74066]}"
"JPMorgan Chase Bank, National Association",71-41 MAIN STREET,FLUSHING,11367,Queens,"{""type"": ""Point"", ""coordinates"": [-73.82181, 40.72689]}"
"JPMorgan Chase Bank, National Association",71 WEST 23RD STREET,NEW YORK,10010,New York,"{""type"": ""Point"", ""coordinates"": [-73.99242, 40.74274]}"
"JPMorgan Chase Bank, National Association",556 Main Street,Islip,11751,Suffolk,"{""type"": ""Point"", ""coordinates"": [-73.21311, 40.72934]}"
"JPMorgan Chase Bank, National Association",81-35 LEFFERTS BOULEVARD,KEW GARDENS,11415,Queens,"{""type"": ""Point"", ""coordinates"": [-73.83069, 40.70854]}"
"JPMorgan Chase Bank, National Association",125 CHATSWORTH AVENUE,LARCHMONT,10538,Westchester,"{""type"": ""Point"", ""coordinates"": [-73.75862, 40.93279]}"
"JPMorgan Chase Bank, National Association",1411 BROADWAY,NEW YORK,10018,New York,"{""type"": ""Point"", ""coordinates"": [-73.98696, 40.75404]}"
"JPMorgan Chase Bank, National Association",4 CHASE METRO TECH CENTER,BROOKLYN,11245,Kings,"{""type"": ""Point"", ""coordinates"": [-73.98408, 40.6936]}"
"JPMorgan Chase Bank, National Association",73 PURCHASE STREET,RYE,10580,Westchester,"{""type"": ""Point"", ""coordinates"": [-73.68482, 40.98423]}"
"JPMorgan Chase Bank, National Association",360 White Plains Road,Eastchester,10709,Westchester,"{""type"": ""Point"", ""coordinates"": [-73.81474, 40.95282]}"
"JPMorgan Chase Bank, National Association",214 BROADWAY,NEW YORK,10038,New York,"{""type"": ""Point"", ""coordinates"": [-74.00899, 40.71098]}"
"JPMorgan Chase Bank, National Association",250 South Middletown Road,Nanuet,10954,Rockland,"{""type"": ""Point"", ""coordinates"": [-74.01427, 41.08702]}"
"JPMorgan Chase Bank, National Association",1 East Central Avenue,Pearl River,10965,Rockland,"{""type"": ""Point"", ""coordinates"": [-74.02124, 41.05932]}"
"JPMorgan Chase Bank, National Association",405 Route 59,Monsey,10952,Rockland,"{""type"": ""Point"", ""coordinates"": [-74.06124, 41.10778]}"
"JPMorgan Chase Bank, National Association",316 SOUTH MAIN STREET,NEW CITY,10956,Rockland,"{""type"": ""Point"", ""coordinates"": [-73.99045, 41.1363]}"
"JPMorgan Chase Bank, National Association",410 SOUTH BROADWAY,YONKERS,10705,Westchester,"{""type"": ""Point"", ""coordinates"": [-73.89633, 40.91934]}"
"JPMorgan Chase Bank, National Association",239-39 LINDEN BOULEVARD,ELMONT,11003,Nassau,"{""type"": ""Point"", ""coordinates"": [-73.72307, 40.68987]}"
"JPMorgan Chase Bank, National Association",25 SOUTH MAIN STREET,FREEPORT,11520,Nassau,"{""type"": ""Point"", ""coordinates"": [-73.58236, 40.65645]}"
"JPMorgan Chase Bank, National Association",675 MIDDLE NECK ROAD,GREAT NECK,11023,Nassau,"{""type"": ""Point"", ""coordinates"": [-73.73494, 40.805]}"
"JPMorgan Chase Bank, National Association",82 SEVENTH STREET,GARDEN CITY,11530,Nassau,"{""type"": ""Point"", ""coordinates"": [-73.63775, 40.72422]}"
"JPMorgan Chase Bank, National Association",550 Jericho Turnpike,Syosset,11791,Nassau,"{""type"": ""Point"", ""coordinates"": [-73.49648, 40.81052]}"
"JPMorgan Chase Bank, National Association",115 EAST MAIN STREET,PATCHOGUE,11772,Suffolk,"{""type"": ""Point"", ""coordinates"": [-73.0124, 40.76575]}"
"JPMorgan Chase Bank, National Association",353 Windsor Highway,New Windsor,12553,Orange,"{""type"": ""Point"", ""coordinates"": [-74.05271, 41.46115]}"
"JPMorgan Chase Bank, National Association",2401 RALPH AVENUE,BROOKLYN,11234,Kings,"{""type"": ""Point"", ""coordinates"": [-73.91724, 40.6193]}"
"JPMorgan Chase Bank, National Association",2438 BROADWAY,NEW YORK,10024,New York,"{""type"": ""Point"", ""coordinates"": [-73.97464, 40.79057]}"
"JPMorgan Chase Bank, National Association",105 PELHAM ROAD,NEW ROCHELLE,10805,Westchester,"{""type"": ""Point"", ""coordinates"": [-73.77431, 40.90597]}"
"JPMorgan Chase Bank, National Association",242 MAMARONECK AVENUE,MAMARONECK,10543,Westchester,"{""type"": ""Point"", ""coordinates"": [-73.73412, 40.95053]}"
"JPMorgan Chase Bank, National Association",112 Midland Avenue,Portchester,10573,Westchester,"{""type"": ""Point"", ""coordinates"": [-73.66896, 40.99313]}"
"JPMorgan Chase Bank, National Association",8 EAST PARKWAY,SCARSDALE,10583,Westchester,"{""type"": ""Point"", ""coordinates"": [-73.80808, 40.98914]}"
"JPMorgan Chase Bank, National Association",20 East Main Street,Elmsford,10523,Westchester,"{""type"": ""Point"", ""coordinates"": [-73.81934, 41.05476]}"
"JPMorgan Chase Bank, National Association",12 Ashford Avenue,Dobbs Ferry,10522,Westchester,"{""type"": ""Point"", ""coordinates"": [-73.86864, 41.01511]}"
"JPMorgan Chase Bank, National Association",1946 PLEASANTVILLE,OSSINING,10562,Westchester,"{""type"": ""Point"", ""coordinates"": [-73.84731, 41.16446]}"
"JPMorgan Chase Bank, National Association",21 Spring Street,Ossining,10562,Westchester,"{""type"": ""Point"", ""coordinates"": [-73.86338, 41.16063]}"
"JPMorgan Chase Bank, National Association",171 SOUTH RIVERSIDE AVENUE,CROTON ON HUDSON,10520,Westchester,"{""type"": ""Point"", ""coordinates"": [-73.88615, 41.20161]}"
"JPMorgan Chase Bank, National Association",1025 BROWN STREET,PEEKSKILL,10566,Westchester,"{""type"": ""Point"", ""coordinates"": [-73.91882, 41.28994]}"
"JPMorgan Chase Bank, National Association",140 KATONAH AVENUE,KATONAH,10536,Westchester,"{""type"": ""Point"", ""coordinates"": [-73.68405, 41.25768]}"
"JPMorgan Chase Bank, National Association",132 PARKWAY ROAD,BRONXVILLE,10708,Westchester,"{""type"": ""Point"", ""coordinates"": [-73.83549, 40.94064]}"
"JPMorgan Chase Bank, National Association",103-48 LEFFERTS BOULEVARD,SOUTH RICHMOND HILL,11419,Queens,"{""type"": ""Point"", ""coordinates"": [-73.82435, 40.6866]}"
"JPMorgan Chase Bank, National Association",565 Warburton Avenue,Hastings,10706,Westchester,"{""type"": ""Point"", ""coordinates"": [-73.88225, 40.99565]}"
"JPMorgan Chase Bank, National Association",41-22 BELL BOULEVARD,BAYSIDE,11361,Queens,"{""type"": ""Point"", ""coordinates"": [-73.77062, 40.76291]}"
"JPMorgan Chase Bank, National Association",132-01 14TH AVENUE,FLUSHING,11356,Queens,"{""type"": ""Point"", ""coordinates"": [-73.83603, 40.78628]}"
"JPMorgan Chase Bank, National Association",38 INDIAN HEAD ROAD,KINGS PARK,11754,Suffolk,"{""type"": ""Point"", ""coordinates"": [-73.25383, 40.88274]}"
"JPMorgan Chase Bank, National Association",166 S. Wellwood Avenue,Lindenhurst,11757,Suffolk,"{""type"": ""Point"", ""coordinates"": [-73.37219, 40.68602]}"
"JPMorgan Chase Bank, National Association",35 Woods Road,North Babylon,11703,Suffolk,"{""type"": ""Point"", ""coordinates"": [-73.32141, 40.7383]}"
"JPMorgan Chase Bank, National Association",251 Higbie Lane,West Islip,11795,Suffolk,"{""type"": ""Point"", ""coordinates"": [-73.30639, 40.70906]}"
"JPMorgan Chase Bank, National Association",4170 VETERANS MEMORIAL HIGHWAY,BOHEMIA,11716,Suffolk,"{""type"": ""Point"", ""coordinates"": [-73.09878, 40.78216]}"
"JPMorgan Chase Bank, National Association",130 PORTION ROAD,RONKONKOMA,11779,Suffolk,"{""type"": ""Point"", ""coordinates"": [-73.10881, 40.82633]}"
"JPMorgan Chase Bank, National Association",32 STATION ROAD,BELLPORT,11713,Suffolk,"{""type"": ""Point"", ""coordinates"": [-72.93999, 40.7591]}"
"JPMorgan Chase Bank, National Association",66 MAIN ST,EAST HAMPTON,11937,Suffolk,"{""type"": ""Point"", ""coordinates"": [-72.18595, 40.96243]}"
"JPMorgan Chase Bank, National Association",47 MONTAUK HIGHWAY,HAMPTON BAYS,11946,Suffolk,"{""type"": ""Point"", ""coordinates"": [-72.5254, 40.87714]}"
"JPMorgan Chase Bank, National Association",731 MONTAUK HIGHWAY,MONTAUK,11954,Suffolk,"{""type"": ""Point"", ""coordinates"": [-71.945, 41.0342]}"
"JPMorgan Chase Bank, National Association",7 West Main Street,Riverhead,11901,Suffolk,"{""type"": ""Point"", ""coordinates"": [-72.66278, 40.91693]}"
"JPMorgan Chase Bank, National Association",2271 ROUTE 112,MEDFORD,11763,Suffolk,"{""type"": ""Point"", ""coordinates"": [-73.00006, 40.81448]}"
"JPMorgan Chase Bank, National Association",1044 MCLEAN AVENUE,YONKERS,10704,Westchester,"{""type"": ""Point"", ""coordinates"": [-73.86288, 40.90184]}"
"JPMorgan Chase Bank, National Association",107 Lake Street,White Plains,10604,Westchester,"{""type"": ""Point"", ""coordinates"": [-73.75562, 41.04017]}"
"JPMorgan Chase Bank, National Association",915 ATLANTIC AVENUE,BALDWIN,11510,Nassau,"{""type"": ""Point"", ""coordinates"": [-73.6074, 40.64058]}"
"JPMorgan Chase Bank, National Association",417 KING STREET,CHAPPAQUA,10514,Westchester,"{""type"": ""Point"", ""coordinates"": [-73.7648, 41.15989]}"
"JPMorgan Chase Bank, National Association",48 NORTH FERRY ROAD,SHELTER ISLAND,11964,Suffolk,"{""type"": ""Point"", ""coordinates"": [-72.33912, 41.07047]}"
"JPMorgan Chase Bank, National Association",47 MAIN STREET,IRVINGTON,10533,Westchester,"{""type"": ""Point"", ""coordinates"": [-73.87022, 41.03949]}"
"JPMorgan Chase Bank, National Association",138-02 QUEENS BOULEVARD,JAMAICA,11435,Queens,"{""type"": ""Point"", ""coordinates"": [-73.81859, 40.70819]}"
"JPMorgan Chase Bank, National Association",57 NORTHERN BOULEVARD,GREENVALE,11548,Nassau,"{""type"": ""Point"", ""coordinates"": [-73.62254, 40.81176]}"
"JPMorgan Chase Bank, National Association",122 NORTH MAIN STREET,PORT CHESTER,10573,Westchester,"{""type"": ""Point"", ""coordinates"": [-73.66187, 41.00243]}"
"JPMorgan Chase Bank, National Association",700 CLOCKTOWER COMMONS,BREWSTER,10509,Putnam,"{""type"": ""Point"", ""coordinates"": [-73.57189, 41.42014]}"
"JPMorgan Chase Bank, National Association",2430 NORTH OCEAN AVENUE,FARMINGVILLE,11738,Suffolk,"{""type"": ""Point"", ""coordinates"": [-73.02166, 40.82954]}"
"JPMorgan Chase Bank, National Association",2500 Coney Island Avenue,Brooklyn,11223,Kings,"{""type"": ""Point"", ""coordinates"": [-73.96122, 40.59589]}"
"JPMorgan Chase Bank, National Association",2845 RICHMOND AVENUE,STATEN ISLAND,10314,Richmond,"{""type"": ""Point"", ""coordinates"": [-74.16875, 40.57625]}"
"JPMorgan Chase Bank, National Association",290 AVENUE X,BROOKLYN,11223,Kings,"{""type"": ""Point"", ""coordinates"": [-73.97231, 40.59031]}"
"JPMorgan Chase Bank, National Association",3008 BUHRE AVENUE,BRONX,10461,Bronx,"{""type"": ""Point"", ""coordinates"": [-73.83165, 40.84722]}"
"JPMorgan Chase Bank, National Association",340 AVENUE OF THE AMERICAS,NEW YORK,10011,New York,"{""type"": ""Point"", ""coordinates"": [-74.00086, 40.73184]}"
"JPMorgan Chase Bank, National Association",350 HILLSIDE AVENUE,NEW HYDE PARK,11040,Nassau,"{""type"": ""Point"", ""coordinates"": [-73.69701, 40.74093]}"
"JPMorgan Chase Bank, National Association",350 WEST 125TH STREET,NEW YORK,10027,New York,"{""type"": ""Point"", ""coordinates"": [-73.95291, 40.81091]}"
"JPMorgan Chase Bank, National Association",3514 WHITE PLAINS ROAD,BRONX,10467,Bronx,"{""type"": ""Point"", ""coordinates"": [-73.86593, 40.87778]}"
"JPMorgan Chase Bank, National Association",4970 MERRICK ROAD,MASSAPEQUA PARK,11762,Nassau,"{""type"": ""Point"", ""coordinates"": [-73.45218, 40.66627]}"
"JPMorgan Chase Bank, National Association",22 WEST FIRST STREET,MOUNT VERNON,10550,Westchester,"{""type"": ""Point"", ""coordinates"": [-73.83834, 40.91137]}"
"JPMorgan Chase Bank, National Association",231 GRAND STREET,NEW YORK,10013,New York,"{""type"": ""Point"", ""coordinates"": [-73.99511, 40.71857]}"
"JPMorgan Chase Bank, National Association",810 SEVENTH AVENUE,NEW YORK,10019,New York,"{""type"": ""Point"", ""coordinates"": [-73.98206, 40.76274]}"
"JPMorgan Chase Bank, National Association",839 NINTH AVENUE,NEW YORK,10019,New York,"{""type"": ""Point"", ""coordinates"": [-73.98681, 40.76641]}"
"JPMorgan Chase Bank, National Association",1120 AVENUE OF THE AMERICAS,NEW YORK,10036,New York,"{""type"": ""Point"", ""coordinates"": [-73.9834, 40.7558]}"
"JPMorgan Chase Bank, National Association",300 WEST 135TH STREET,NEW YORK,10030,New York,"{""type"": ""Point"", ""coordinates"": [-73.94717, 40.81677]}"
"JPMorgan Chase Bank, National Association",615 Eighth Avenue,New York,10018,New York,"{""type"": ""Point"", ""coordinates"": [-73.99083, 40.75581]}"
"JPMorgan Chase Bank, National Association",2130 BARTOW AVENUE,BRONX,10475,Bronx,"{""type"": ""Point"", ""coordinates"": [-73.82741, 40.86743]}"
"JPMorgan Chase Bank, National Association",2335B NEW HYDE PARK ROAD,NEW HYDE PARK,11042,Nassau,"{""type"": ""Point"", ""coordinates"": [-73.6893, 40.75776]}"
"JPMorgan Chase Bank, National Association",2368 CENTRAL PARK AVENUE,YONKERS,10710,Westchester,"{""type"": ""Point"", ""coordinates"": [-73.82985, 40.97876]}"
"JPMorgan Chase Bank, National Association",77-01 31ST AVENUE,EAST ELMHURST,11370,Queens,"{""type"": ""Point"", ""coordinates"": [-73.89039, 40.75877]}"
"JPMorgan Chase Bank, National Association",22 SOUTH LIBERTY DRIVE,STONY POINT,10980,Rockland,"{""type"": ""Point"", ""coordinates"": [-73.98642, 41.22663]}"
"JPMorgan Chase Bank, National Association",260 MADISON AVENUE,NEW YORK,10016,New York,"{""type"": ""Point"", ""coordinates"": [-73.98089, 40.7506]}"
"JPMorgan Chase Bank, National Association",817 Route 82 & Route 376,Hopewell Junction,12533,Dutchess,"{""type"": ""Point"", ""coordinates"": [-73.81146, 41.57943]}"
"JPMorgan Chase Bank, National Association",2586 South Road (Route 9),Poughkeepsie,12601,Dutchess,"{""type"": ""Point"", ""coordinates"": [-73.9293, 41.66567]}"
"JPMorgan Chase Bank, National Association",2 PLATTEKILL AVENUE,NEW PALTZ,12561,Ulster,"{""type"": ""Point"", ""coordinates"": [-74.08498, 41.74792]}"
"JPMorgan Chase Bank, National Association",411 Broadway,Monticello,12701,Sullivan,"{""type"": ""Point"", ""coordinates"": [-74.68462, 41.65444]}"
"JPMorgan Chase Bank, National Association",14 Sussex Street,Port Jervis,12771,Orange,"{""type"": ""Point"", ""coordinates"": [-74.69263, 41.37458]}"
"JPMorgan Chase Bank, National Association",440 ROUTE 211 EAST,MIDDLETOWN,10940,Orange,"{""type"": ""Point"", ""coordinates"": [-74.38247, 41.45485]}"
"JPMorgan Chase Bank, National Association","845 ROUTE 17M, SUITE 10",MONROE,10950,Orange,"{""type"": ""Point"", ""coordinates"": [-74.19283, 41.33664]}"
"JPMorgan Chase Bank, National Association",269 B NORTH MAIN STREET,SPRING VALLEY,10977,Rockland,"{""type"": ""Point"", ""coordinates"": [-74.04158, 41.12803]}"
"JPMorgan Chase Bank, National Association",56 Lake Road,Congers,10920,Rockland,"{""type"": ""Point"", ""coordinates"": [-73.93952, 41.15021]}"
"JPMorgan Chase Bank, National Association",346-20 ROUTE 25A,ROCKY POINT,11778,Suffolk,"{""type"": ""Point"", ""coordinates"": [-72.94171, 40.94353]}"
"JPMorgan Chase Bank, National Association",1650 FIFTH AVENUE,BAY SHORE,11706,Suffolk,"{""type"": ""Point"", ""coordinates"": [-73.26241, 40.76003]}"
"JPMorgan Chase Bank, National Association",238 MAIN STREET,GREENPORT,11944,Suffolk,"{""type"": ""Point"", ""coordinates"": [-72.3593, 41.10352]}"
"JPMorgan Chase Bank, National Association",681 NEWBRIDGE ROAD,LEVITTOWN,11756,Nassau,"{""type"": ""Point"", ""coordinates"": [-73.53643, 40.74235]}"
"JPMorgan Chase Bank, National Association",35 Jericho Turnpike,Jericho,11753,Nassau,"{""type"": ""Point"", ""coordinates"": [-73.56552, 40.77731]}"
"JPMorgan Chase Bank, National Association",138 Windermere Avenue,Greenwood Lake,10925,Orange,"{""type"": ""Point"", ""coordinates"": [-74.28992, 41.22677]}"
"JPMorgan Chase Bank, National Association",75 Main Street,Pine Bush,12566,Orange,"{""type"": ""Point"", ""coordinates"": [-74.3013, 41.60922]}"
"JPMorgan Chase Bank, National Association",201 AUTO PARK PLACE,NEWBURGH,12550,Orange,"{""type"": ""Point"", ""coordinates"": [-74.0612, 41.50335]}"
"JPMorgan Chase Bank, National Association",704 Freedom Plains Road,Poughkeepsie,12603,Dutchess,"{""type"": ""Point"", ""coordinates"": [-73.83934, 41.66886]}"
"JPMorgan Chase Bank, National Association",270 Saw Mill River Road,Yonkers,10701,Westchester,"{""type"": ""Point"", ""coordinates"": [-73.87764, 40.94625]}"
"JPMorgan Chase Bank, National Association",101 COURT STREET,BROOKLYN,11201,Kings,"{""type"": ""Point"", ""coordinates"": [-73.99179, 40.69091]}"
"JPMorgan Chase Bank, National Association",1304 BROADWAY,HEWLETT,11557,Nassau,"{""type"": ""Point"", ""coordinates"": [-73.70075, 40.63875]}"
"JPMorgan Chase Bank, National Association",1309 CASTLE HILL AVENUE,BRONX,10462,Bronx,"{""type"": ""Point"", ""coordinates"": [-73.85192, 40.83443]}"
"JPMorgan Chase Bank, National Association",131 Main Street,Sayville,11782,Suffolk,"{""type"": ""Point"", ""coordinates"": [-73.08448, 40.73524]}"
"JPMorgan Chase Bank, National Association",Sunrise Mall 6 Carmans Road,Massapequa,11758,Nassau,"{""type"": ""Point"", ""coordinates"": [-73.43146, 40.68136]}"
"JPMorgan Chase Bank, National Association",5702 99TH STREET,CORONA,11368,Queens,"{""type"": ""Point"", ""coordinates"": [-73.86001, 40.73826]}"
"JPMorgan Chase Bank, National Association",6103 Springfield Boulevard,Oakland Gardens,11364,Queens,"{""type"": ""Point"", ""coordinates"": [-73.75653, 40.74876]}"
"JPMorgan Chase Bank, National Association",120 Main Street,Port Jefferson,11777,Suffolk,"{""type"": ""Point"", ""coordinates"": [-73.06869, 40.94596]}"
"JPMorgan Chase Bank, National Association",219-01 JAMAICA AVENUE,QUEENS VILLAGE,11428,Queens,"{""type"": ""Point"", ""coordinates"": [-73.73595, 40.71824]}"
"JPMorgan Chase Bank, National Association",97-41 QUEENS BOULEVARD,REGO PARK,11374,Queens,"{""type"": ""Point"", ""coordinates"": [-73.85969, 40.72937]}"
"JPMorgan Chase Bank, National Association",5115 METROPOLITAN AVENUE,RIDGEWOOD,11385,Kings,"{""type"": ""Point"", ""coordinates"": [-73.91497, 40.71348]}"
"JPMorgan Chase Bank, National Association",991 MAIN STREET,HOLBROOK,11741,Suffolk,"{""type"": ""Point"", ""coordinates"": [-73.07466, 40.80854]}"
"JPMorgan Chase Bank, National Association",1462 NOSTRAND AVENUE,BROOKLYN,11226,Kings,"{""type"": ""Point"", ""coordinates"": [-73.94953, 40.65033]}"
"JPMorgan Chase Bank, National Association",156-17 73RD AVENUE,FLUSHING,11367,Queens,"{""type"": ""Point"", ""coordinates"": [-73.81154, 40.72717]}"
"JPMorgan Chase Bank, National Association",1764 ROCKAWAY PARKWAY,BROOKLYN,11236,Kings,"{""type"": ""Point"", ""coordinates"": [-73.895, 40.63857]}"
"JPMorgan Chase Bank, National Association",179 EAST 116TH STREET,NEW YORK,10029,New York,"{""type"": ""Point"", ""coordinates"": [-73.94051, 40.79816]}"
"JPMorgan Chase Bank, National Association",187-15 Union Turnpike,Flushing,11366,Queens,"{""type"": ""Point"", ""coordinates"": [-73.78146, 40.72917]}"
"JPMorgan Chase Bank, National Association",1901 86TH STREET,BROOKLYN,11214,Kings,"{""type"": ""Point"", ""coordinates"": [-74.00026, 40.60581]}"
"JPMorgan Chase Bank, National Association",1924 THIRD AVENUE,NEW YORK,10029,New York,"{""type"": ""Point"", ""coordinates"": [-73.94457, 40.79171]}"
"JPMorgan Chase Bank, National Association",2 EAST KINGSBRIDGE ROAD,BRONX,10468,Bronx,"{""type"": ""Point"", ""coordinates"": [-73.89723, 40.86742]}"
"JPMorgan Chase Bank, National Association",1697 PITKIN AVE,BROOKLYN,11212,Kings,"{""type"": ""Point"", ""coordinates"": [-73.91056, 40.66973]}"
"JPMorgan Chase Bank, National Association",2100 LINDEN BOULEVARD,BROOKLYN,11207,Kings,"{""type"": ""Point"", ""coordinates"": [-73.8851, 40.66077]}"
"JPMorgan Chase Bank, National Association",385 ROUTE 25A,MILLER PLACE,11764,Suffolk,"{""type"": ""Point"", ""coordinates"": [-72.98722, 40.94304]}"
"JPMorgan Chase Bank, National Association",103 EAST 125TH STREET,NEW YORK,10035,New York,"{""type"": ""Point"", ""coordinates"": [-73.93867, 40.8049]}"
"JPMorgan Chase Bank, National Association",110-36 MERRICK BOULEVARD,JAMAICA,11433,Queens,"{""type"": ""Point"", ""coordinates"": [-73.78202, 40.695]}"
"JPMorgan Chase Bank, National Association",1101 AVENUE J,BROOKLYN,11230,Kings,"{""type"": ""Point"", ""coordinates"": [-73.96489, 40.6248]}"
"JPMorgan Chase Bank, National Association",111 EIGHTH AVENUE,NEW YORK,10011,New York,"{""type"": ""Point"", ""coordinates"": [-74.00179, 40.74076]}"
"JPMorgan Chase Bank, National Association",12 GRAHAM AVENUE,BROOKLYN,11206,Kings,"{""type"": ""Point"", ""coordinates"": [-73.94219, 40.70121]}"
"JPMorgan Chase Bank, National Association",1240 LIBERTY AVENUE,BROOKLYN,11208,Kings,"{""type"": ""Point"", ""coordinates"": [-73.86365, 40.67906]}"
"JPMorgan Chase Bank, National Association",1260 BROADWAY,NEW YORK,10001,New York,"{""type"": ""Point"", ""coordinates"": [-73.98814, 40.74847]}"
"JPMorgan Chase Bank, National Association",654 FRANKLIN AVENUE,FRANKLIN SQUARE,11010,Nassau,"{""type"": ""Point"", ""coordinates"": [-73.68566, 40.6905]}"
"JPMorgan Chase Bank, National Association",404 WOODBURY ROAD,PLAINVIEW,11803,Nassau,"{""type"": ""Point"", ""coordinates"": [-73.50117, 40.78412]}"
"JPMorgan Chase Bank, National Association",4210 Sunrise Highway,Massapequa,11758,Nassau,"{""type"": ""Point"", ""coordinates"": [-73.47757, 40.67525]}"
"JPMorgan Chase Bank, National Association",46-10 QUEENS BOULEVARD,SUNNYSIDE,11104,Queens,"{""type"": ""Point"", ""coordinates"": [-73.91833, 40.74296]}"
"JPMorgan Chase Bank, National Association",4724 13TH AVENUE,BROOKLYN,11219,Kings,"{""type"": ""Point"", ""coordinates"": [-73.9914, 40.63572]}"
"JPMorgan Chase Bank, National Association",501 BELLMORE AVENUE,EAST MEADOW,11554,Nassau,"{""type"": ""Point"", ""coordinates"": [-73.56832, 40.70565]}"
"JPMorgan Chase Bank, National Association",655 WELLWOOD AVENUE,LINDENHURST,11757,Suffolk,"{""type"": ""Point"", ""coordinates"": [-73.38441, 40.70126]}"
"JPMorgan Chase Bank, National Association",695 EAST TREMONT AVENUE,BRONX,10457,Bronx,"{""type"": ""Point"", ""coordinates"": [-73.89141, 40.84556]}"
"JPMorgan Chase Bank, National Association",726 GRAND STREET,BROOKLYN,11211,Kings,"{""type"": ""Point"", ""coordinates"": [-73.94365, 40.71166]}"
"JPMorgan Chase Bank, National Association",74 HORIZON PLAZA,BRONX,10460,Bronx,"{""type"": ""Point"", ""coordinates"": [-73.88306, 40.83758]}"
"JPMorgan Chase Bank, National Association",7427 5TH AVENUE,BROOKLYN,11209,Kings,"{""type"": ""Point"", ""coordinates"": [-74.02253, 40.62977]}"
"JPMorgan Chase Bank, National Association",75 East 161st Street,Bronx,10451,Bronx,"{""type"": ""Point"", ""coordinates"": [-73.9251, 40.82775]}"
"JPMorgan Chase Bank, National Association",754 MANOR ROAD,STATEN ISLAND,10314,Richmond,"{""type"": ""Point"", ""coordinates"": [-74.12194, 40.60908]}"
"JPMorgan Chase Bank, National Association",895 MERRICK ROAD/MONTAUK HIGHWAY,COPIAGUE,11726,Suffolk,"{""type"": ""Point"", ""coordinates"": [-73.39341, 40.66888]}"
"JPMorgan Chase Bank, National Association",80 BROADWAY,GREENLAWN,11740,Suffolk,"{""type"": ""Point"", ""coordinates"": [-73.3646, 40.86848]}"
"JPMorgan Chase Bank, National Association",90-59 SUTPHIN BOULEVARD,JAMAICA,11435,Queens,"{""type"": ""Point"", ""coordinates"": [-73.80791, 40.7014]}"
"JPMorgan Chase Bank, National Association",1775  Monroe Avenue,Rochester,14618,Monroe,"{""type"": ""Point"", ""coordinates"": [-77.56741, 43.12864]}"
"JPMorgan Chase Bank, National Association",26 ASTOR PLACE,NEW YORK,10003,New York,"{""type"": ""Point"", ""coordinates"": [-73.99124, 40.72982]}"
"JPMorgan Chase Bank, National Association",150 SOUTH RIDGE STREET,RYE BROOK,10573,Westchester,"{""type"": ""Point"", ""coordinates"": [-73.68163, 41.00303]}"
"JPMorgan Chase Bank, National Association",1460 Route 9,Wappingers Falls,12590,Dutchess,"{""type"": ""Point"", ""coordinates"": [-73.90711, 41.58866]}"
"JPMorgan Chase Bank, National Association",1 Rochester Street,Scottsville,14546,Monroe,"{""type"": ""Point"", ""coordinates"": [-77.74886, 43.02025]}"
"JPMorgan Chase Bank, National Association",235 MAIN STREET,WHITE PLAINS,10601,Westchester,"{""type"": ""Point"", ""coordinates"": [-73.76599, 41.03288]}"
"JPMorgan Chase Bank, National Association",138 HILLSIDE AVENUE,WILLISTON PARK,11596,Nassau,"{""type"": ""Point"", ""coordinates"": [-73.64485, 40.75685]}"
"JPMorgan Chase Bank, National Association",5926 WOODSIDE AVENUE,WOODSIDE,11377,Queens,"{""type"": ""Point"", ""coordinates"": [-73.90463, 40.74515]}"
"JPMorgan Chase Bank, National Association",92 MAIN STREET,YONKERS,10701,Westchester,"{""type"": ""Point"", ""coordinates"": [-73.90279, 40.93485]}"
"JPMorgan Chase Bank, National Association",762 CENTRAL PARK AVENUE,YONKERS,10704,Westchester,"{""type"": ""Point"", ""coordinates"": [-73.85716, 40.92725]}"
"JPMorgan Chase Bank, National Association",891 UTICA AVENUE,BROOKLYN,11203,Kings,"{""type"": ""Point"", ""coordinates"": [-73.93009, 40.65122]}"
"JPMorgan Chase Bank, National Association",770 LEXINGTON AVENUE,NEW YORK,10065,New York,"{""type"": ""Point"", ""coordinates"": [-73.96759, 40.76305]}"
"JPMorgan Chase Bank, National Association",471 WEST 42ND STREET,NEW YORK,10036,New York,"{""type"": ""Point"", ""coordinates"": [-73.99481, 40.75935]}"
"JPMorgan Chase Bank, National Association",390 Court Street,Brooklyn,11231,Kings,"{""type"": ""Point"", ""coordinates"": [-73.99658, 40.68093]}"
"JPMorgan Chase Bank, National Association",136 Front Street,Brooklyn,11201,Kings,"{""type"": ""Point"", ""coordinates"": [-73.98719, 40.70243]}"
"JPMorgan Chase Bank, National Association",6311 Northern Boulevard,East Norwich,11732,Nassau,"{""type"": ""Point"", ""coordinates"": [-73.53479, 40.8427]}"
"JPMorgan Chase Bank, National Association",8921 QUEENS BOULEVARD,ELMHURST,11373,Queens,"{""type"": ""Point"", ""coordinates"": [-73.87373, 40.73466]}"
"JPMorgan Chase Bank, National Association",7906 BROADWAY,ELMHURST,11373,Queens,"{""type"": ""Point"", ""coordinates"": [-73.88571, 40.74422]}"
"JPMorgan Chase Bank, National Association",15 Merritt Boulevard,Fishkill,12524,Dutchess,"{""type"": ""Point"", ""coordinates"": [-73.89339, 41.53106]}"
"JPMorgan Chase Bank, National Association",25621 UNION TURNPIKE,FLORAL PARK,11004,Queens,"{""type"": ""Point"", ""coordinates"": [-73.71447, 40.74575]}"
"JPMorgan Chase Bank, National Association",3245 FRANCIS LEWIS BOULEVARD,FLUSHING,11358,Queens,"{""type"": ""Point"", ""coordinates"": [-73.79067, 40.7679]}"
"JPMorgan Chase Bank, National Association",925 HEMPSTEAD TURNPIKE,FRANKLIN SQUARE,11010,Nassau,"{""type"": ""Point"", ""coordinates"": [-73.67455, 40.70732]}"
"JPMorgan Chase Bank, National Association",2360 JERICHO TURNPIKE,GARDEN CITY PARK,11040,Nassau,"{""type"": ""Point"", ""coordinates"": [-73.65975, 40.74222]}"
"JPMorgan Chase Bank, National Association",240 Glen Head Road,Glen Head,11545,Nassau,"{""type"": ""Point"", ""coordinates"": [-73.61958, 40.83654]}"
"JPMorgan Chase Bank, National Association",100 CANAL STREET,GOSHEN,10924,Orange,"{""type"": ""Point"", ""coordinates"": [-74.326, 41.40302]}"
"JPMorgan Chase Bank, National Association",249 NORTH BROADWAY,HICKSVILLE,11801,Nassau,"{""type"": ""Point"", ""coordinates"": [-73.52873, 40.77694]}"
"JPMorgan Chase Bank, National Association",20519 HILLSIDE AVENUE,HOLLIS,11423,Queens,"{""type"": ""Point"", ""coordinates"": [-73.75988, 40.72123]}"
"JPMorgan Chase Bank, National Association",15633 CROSS BAY BOULEVARD,HOWARD BEACH,11414,Queens,"{""type"": ""Point"", ""coordinates"": [-73.84072, 40.66299]}"
"JPMorgan Chase Bank, National Association",23102 MERRICK BOULEVARD,LAURELTON,11413,Queens,"{""type"": ""Point"", ""coordinates"": [-73.73921, 40.67565]}"
"JPMorgan Chase Bank, National Association",3737 HEMPSTEAD TURNPIKE,LEVITTOWN,11756,Nassau,"{""type"": ""Point"", ""coordinates"": [-73.49682, 40.72611]}"
"JPMorgan Chase Bank, National Association",181 EAST 90TH STREET,NEW YORK,10128,New York,"{""type"": ""Point"", ""coordinates"": [-73.95239, 40.7815]}"
"JPMorgan Chase Bank, National Association",801 SECOND AVENUE,NEW YORK,10017,New York,"{""type"": ""Point"", ""coordinates"": [-73.97193, 40.75023]}"
"JPMorgan Chase Bank, National Association",65 WORTH STREET,NEW YORK,10013,New York,"{""type"": ""Point"", ""coordinates"": [-74.00609, 40.71699]}"
"JPMorgan Chase Bank, National Association",941 LEXINGTON AVENUE,NEW YORK,10065,New York,"{""type"": ""Point"", ""coordinates"": [-73.96371, 40.76836]}"
"JPMorgan Chase Bank, National Association",2 Park Avenue,New York,10016,New York,"{""type"": ""Point"", ""coordinates"": [-73.98213, 40.74611]}"
"JPMorgan Chase Bank, National Association",12 EAST 86TH STREET,NEW YORK,10028,New York,"{""type"": ""Point"", ""coordinates"": [-73.95929, 40.78106]}"
"JPMorgan Chase Bank, National Association",994 FIRST AVENUE,NEW YORK,10022,New York,"{""type"": ""Point"", ""coordinates"": [-73.96403, 40.75682]}"
"JPMorgan Chase Bank, National Association",1495 YORK AVENUE,NEW YORK,10075,New York,"{""type"": ""Point"", ""coordinates"": [-73.95028, 40.77161]}"
"JPMorgan Chase Bank, National Association",1180 SECOND AVENUE,NEW YORK,10065,New York,"{""type"": ""Point"", ""coordinates"": [-73.96283, 40.76267]}"
"JPMorgan Chase Bank, National Association",156 SECOND AVENUE,NEW YORK,10003,New York,"{""type"": ""Point"", ""coordinates"": [-73.98694, 40.72962]}"
"JPMorgan Chase Bank, National Association",611 AVENUE OF THE AMERICAS,NEW YORK,10011,New York,"{""type"": ""Point"", ""coordinates"": [-73.99517, 40.73965]}"
"JPMorgan Chase Bank, National Association",233 Third Avenue,New York,10003,New York,"{""type"": ""Point"", ""coordinates"": [-73.9848, 40.73657]}"
"JPMorgan Chase Bank, National Association",305 BOWERY,NEW YORK,10003,New York,"{""type"": ""Point"", ""coordinates"": [-73.99226, 40.72502]}"
"JPMorgan Chase Bank, National Association",3 TIMES SQUARE,NEW YORK,10036,New York,"{""type"": ""Point"", ""coordinates"": [-73.98664, 40.75639]}"
"JPMorgan Chase Bank, National Association",7702 13TH AVENUE,BROOKLYN,11228,Kings,"{""type"": ""Point"", ""coordinates"": [-74.00877, 40.61901]}"
"JPMorgan Chase Bank, National Association",1450 OLD COUNTRY ROAD,RIVERHEAD,11901,Suffolk,"{""type"": ""Point"", ""coordinates"": [-72.69357, 40.92629]}"
"JPMorgan Chase Bank, National Association",645 WILLIAM FLOYD PARKWAY,SHIRLEY,11967,Suffolk,"{""type"": ""Point"", ""coordinates"": [-72.86793, 40.80236]}"
"JPMorgan Chase Bank, National Association",260 CRITTENDEN BLVD,ROCHESTER,14642,Monroe,"{""type"": ""Point"", ""coordinates"": [-77.62609, 43.12188]}"
"JPMorgan Chase Bank, National Association",1370 AVENUE OF THE AMERICAS,NEW YORK,10019,New York,"{""type"": ""Point"", ""coordinates"": [-73.97776, 40.76352]}"
"JPMorgan Chase Bank, National Association",861 Montauk Highway,Oakdale,11769,Suffolk,"{""type"": ""Point"", ""coordinates"": [-73.11875, 40.73683]}"
"JPMorgan Chase Bank, National Association",1640 86TH STREET,BROOKLYN,11214,Kings,"{""type"": ""Point"", ""coordinates"": [-74.00627, 40.60948]}"
"JPMorgan Chase Bank, National Association",14417 UNION TURNPIKE,FLUSHING,11367,Queens,"{""type"": ""Point"", ""coordinates"": [-73.81693, 40.71835]}"
"JPMorgan Chase Bank, National Association",220 EAST PARK AVENUE,LONG BEACH,11561,Nassau,"{""type"": ""Point"", ""coordinates"": [-73.65706, 40.58843]}"
"JPMorgan Chase Bank, National Association",2102 Middle Country Road,Centereach,11720,Suffolk,"{""type"": ""Point"", ""coordinates"": [-73.0867, 40.85805]}"
"JPMorgan Chase Bank, National Association",537 East Main Street,Bay Shore,11706,Suffolk,"{""type"": ""Point"", ""coordinates"": [-73.23092, 40.72823]}"
"JPMorgan Chase Bank, National Association",3536 154TH STREET,FLUSHING,11354,Queens,"{""type"": ""Point"", ""coordinates"": [-73.81112, 40.76513]}"
"JPMorgan Chase Bank, National Association",409 TARRYTOWN ROAD,WHITE PLAINS,10607,Westchester,"{""type"": ""Point"", ""coordinates"": [-73.79954, 41.04195]}"
"JPMorgan Chase Bank, National Association",1 South Airmont Road,Suffern,10901,Rockland,"{""type"": ""Point"", ""coordinates"": [-74.11483, 41.11212]}"
"JPMorgan Chase Bank, National Association",506 KINGS HIGHWAY,BROOKLYN,11223,Kings,"{""type"": ""Point"", ""coordinates"": [-73.9712, 40.60429]}"
"JPMorgan Chase Bank, National Association",20532 LINDEN BOULEVARD,SAINT ALBANS,11412,Queens,"{""type"": ""Point"", ""coordinates"": [-73.74653, 40.69604]}"
"JPMorgan Chase Bank, National Association",1235 GRAND AVENUE,BALDWIN,11510,Nassau,"{""type"": ""Point"", ""coordinates"": [-73.61438, 40.67999]}"
"JPMorgan Chase Bank, National Association",255-57 FIRST AVENUE,NEW YORK,10003,New York,"{""type"": ""Point"", ""coordinates"": [-73.98215, 40.73194]}"
"JPMorgan Chase Bank, National Association",160 COLUMBUS AVENUE,NEW YORK,10023,New York,"{""type"": ""Point"", ""coordinates"": [-73.98095, 40.77457]}"
"JPMorgan Chase Bank, National Association",12 Lloyds Lane,Middletown,10940,Orange,"{""type"": ""Point"", ""coordinates"": [-74.39733, 41.45418]}"
"JPMorgan Chase Bank, National Association",333 EAST 23RD STREET,NEW YORK,10010,New York,"{""type"": ""Point"", ""coordinates"": [-73.97934, 40.73724]}"
"JPMorgan Chase Bank, National Association",1860 BROADWAY,NEW YORK,10023,New York,"{""type"": ""Point"", ""coordinates"": [-73.98201, 40.76975]}"
"JPMorgan Chase Bank, National Association",67 LAFAYETTE AVENUE,SUFFERN,10901,Rockland,"{""type"": ""Point"", ""coordinates"": [-74.15136, 41.11543]}"
"JPMorgan Chase Bank, National Association",128 BRIGHTON BEACH AVENUE,BROOKLYN,11235,Kings,"{""type"": ""Point"", ""coordinates"": [-73.96738, 40.57636]}"
"JPMorgan Chase Bank, National Association",7407 ELIOT AVENUE,MIDDLE VILLAGE,11379,Queens,"{""type"": ""Point"", ""coordinates"": [-73.88537, 40.72239]}"
"JPMorgan Chase Bank, National Association",10300 MAIN ROAD,MATTITUCK,11952,Suffolk,"{""type"": ""Point"", ""coordinates"": [-72.53744, 40.98499]}"
"JPMorgan Chase Bank, National Association",210 WALLABOUT ST,BROOKLYN,11206,Kings,"{""type"": ""Point"", ""coordinates"": [-73.95466, 40.7]}"
"JPMorgan Chase Bank, National Association",3200 Broadway,New York,10027,New York,"{""type"": ""Point"", ""coordinates"": [-73.95802, 40.81589]}"
"JPMorgan Chase Bank, National Association",400 MAIN ST STE 1,ARMONK,10504,Westchester,"{""type"": ""Point"", ""coordinates"": [-73.71428, 41.12603]}"
"JPMorgan Chase Bank, National Association",225 Fifth Avenue,New York,10010,New York,"{""type"": ""Point"", ""coordinates"": [-73.98798, 40.74375]}"
"JPMorgan Chase Bank, National Association",530 FIFTH AVENUE,NEW YORK,10036,New York,"{""type"": ""Point"", ""coordinates"": [-73.97971, 40.7551]}"
"JPMorgan Chase Bank, National Association",1950 Empire Boulevard,Webster,14580,Monroe,"{""type"": ""Point"", ""coordinates"": [-77.50341, 43.19188]}"
"JPMorgan Chase Bank, National Association",1100 THIRD AVENUE,NEW YORK,10065,New York,"{""type"": ""Point"", ""coordinates"": [-73.96404, 40.76499]}"
"JPMorgan Chase Bank, National Association",35 Fifth Avenue,Pelham,10803,Westchester,"{""type"": ""Point"", ""coordinates"": [-73.80946, 40.91175]}"
"JPMorgan Chase Bank, National Association",6701 BAY PARKWAY,BROOKLYN,11204,Kings,"{""type"": ""Point"", ""coordinates"": [-73.98291, 40.6124]}"
"JPMorgan Chase Bank, National Association",111 MAIN STREET,EAST ROCKAWAY,11518,Nassau,"{""type"": ""Point"", ""coordinates"": [-73.66501, 40.64126]}"
"JPMorgan Chase Bank, National Association",2824 BROADWAY,NEW YORK,10025,New York,"{""type"": ""Point"", ""coordinates"": [-73.9669, 40.80373]}"
"JPMorgan Chase Bank, National Association",1025 Madison Avenue,New York,10075,New York,"{""type"": ""Point"", ""coordinates"": [-73.96231, 40.77608]}"
"JPMorgan Chase Bank, National Association",353 NORTH CENTRAL AVENUE,HARTSDALE,10530,Westchester,"{""type"": ""Point"", ""coordinates"": [-73.79066, 41.02856]}"
"JPMorgan Chase Bank, National Association",6501 FORT HAMILTON PARKWAY,BROOKLYN,11219,Kings,"{""type"": ""Point"", ""coordinates"": [-74.00942, 40.63052]}"
"JPMorgan Chase Bank, National Association",66 NUGENT STREET,SOUTHAMPTON,11968,Suffolk,"{""type"": ""Point"", ""coordinates"": [-72.3918, 40.88606]}"
"JPMorgan Chase Bank, National Association",69 Fifth Avenue,New York,10003,New York,"{""type"": ""Point"", ""coordinates"": [-73.99349, 40.73618]}"
"JPMorgan Chase Bank, National Association",221 CANAL STREET,NEW YORK,10013,New York,"{""type"": ""Point"", ""coordinates"": [-73.99966, 40.71781]}"
"JPMorgan Chase Bank, National Association",1051 WESTCHESTER AVE,BRONX,10459,Bronx,"{""type"": ""Point"", ""coordinates"": [-73.89218, 40.82454]}"
"JPMorgan Chase Bank, National Association",523 West Montauk Highway,West Babylon,11704,Suffolk,"{""type"": ""Point"", ""coordinates"": [-73.34055, 40.68834]}"
"JPMorgan Chase Bank, National Association",498 FASHION AVENUE,NEW YORK,10018,New York,"{""type"": ""Point"", ""coordinates"": [-73.98941, 40.75259]}"
"JPMorgan Chase Bank, National Association",490 FULTON ST,BROOKLYN,11201,Kings,"{""type"": ""Point"", ""coordinates"": [-73.98308, 40.68974]}"
"JPMorgan Chase Bank, National Association",28 MAIN ST,BREWSTER,10509,Putnam,"{""type"": ""Point"", ""coordinates"": [-73.61909, 41.39448]}"
"JPMorgan Chase Bank, National Association",402 MYRTLE AVENUE,BROOKLYN,11205,Kings,"{""type"": ""Point"", ""coordinates"": [-73.96961, 40.69311]}"
"JPMorgan Chase Bank, National Association",5423 8TH AVENUE,BROOKLYN,11220,Kings,"{""type"": ""Point"", ""coordinates"": [-74.00651, 40.6384]}"
"JPMorgan Chase Bank, National Association",2195 FREDERICK DOUGLASS BLVD,NEW YORK,10026,New York,"{""type"": ""Point"", ""coordinates"": [-73.95433, 40.80585]}"
"JPMorgan Chase Bank, National Association",1100 PLEASANTVILLE RD,BRIARCLIFF,10510,Westchester,"{""type"": ""Point"", ""coordinates"": [-73.8297, 41.14917]}"
"JPMorgan Chase Bank, National Association",157 BIRCH HILL RD,LOCUST VALLEY,11560,Nassau,"{""type"": ""Point"", ""coordinates"": [-73.59704, 40.8783]}"
"JPMorgan Chase Bank, National Association",1355 OAK POINT AVENUE,BRONX,10474,Bronx,"{""type"": ""Point"", ""coordinates"": [-73.8832, 40.81066]}"
"JPMorgan Chase Bank, National Association",410 RTE 59,MONSEY,10952,Rockland,"{""type"": ""Point"", ""coordinates"": [-74.08928, 41.11023]}"
"JPMorgan Chase Bank, National Association",185 GREENWICH STREET,NEW YORK,10007,New York,"{""type"": ""Point"", ""coordinates"": [-74.01087, 40.71091]}"
"JPMorgan Chase Bank, National Association",3359 BROADWAY,NEW YORK,10031,New York,"{""type"": ""Point"", ""coordinates"": [-73.95475, 40.8207]}"
"JPMorgan Chase Bank, National Association",560 Monroe Avenue,Rochester,14607,Monroe,"{""type"": ""Point"", ""coordinates"": [-77.59236, 43.14579]}"
"JPMorgan Chase Bank, National Association",1428 MERMAID AVE,BROOKLYN,11224,Kings,"{""type"": ""Point"", ""coordinates"": [-73.98244, 40.57687]}"
"JPMorgan Chase Bank, National Association",285 MAIN ST,POUGHKEEPSIE,12601,Dutchess,"{""type"": ""Point"", ""coordinates"": [-73.92751, 41.70368]}"
"JPMorgan Chase Bank, National Association",2540 BROADWAY,NEW YORK,10025,New York,"{""type"": ""Point"", ""coordinates"": [-73.97213, 40.79403]}"
"JPMorgan Chase Bank, National Association",8 CHATHAM SQUARE,NEW YORK,10038,New York,"{""type"": ""Point"", ""coordinates"": [-73.99814, 40.71378]}"
"JPMorgan Chase Bank, National Association",659 W 181ST ST,NEW YORK,10033,New York,"{""type"": ""Point"", ""coordinates"": [-73.93558, 40.85011]}"
"JPMorgan Chase Bank, National Association",1581 ROUTE 202,POMONA,10970,Rockland,"{""type"": ""Point"", ""coordinates"": [-74.04684, 41.18244]}"
"JPMorgan Chase Bank, National Association",39 SMITH ST,NANUET,10954,Rockland,"{""type"": ""Point"", ""coordinates"": [-73.99975, 41.09475]}"
"JPMorgan Chase Bank, National Association",1667 OLD COUNTRY RD,BROOKLYN,11803,Nassau,"{""type"": ""Point"", ""coordinates"": [-73.44832, 40.78053]}"
"JPMorgan Chase Bank, National Association",413 86TH ST,BROOKLYN,11209,Kings,"{""type"": ""Point"", ""coordinates"": [-74.02799, 40.62256]}"
"JPMorgan Chase Bank, National Association",89 MAIN ST,SAG HARBOR,11963,Suffolk,"{""type"": ""Point"", ""coordinates"": [-72.29509, 40.99998]}"
"JPMorgan Chase Bank, National Association",1975 COMMERCE ST,YORKTOWN HEIGHTS,10598,Westchester,"{""type"": ""Point"", ""coordinates"": [-73.78236, 41.27574]}"
"JPMorgan Chase Bank, National Association",5136 KINGS PLZ,BROOKLYN,11234,Kings,"{""type"": ""Point"", ""coordinates"": [-73.9215, 40.60932]}"
"JPMorgan Chase Bank, National Association",1663 E 17TH ST,BROOKLYN,11229,Kings,"{""type"": ""Point"", ""coordinates"": [-73.95643, 40.60923]}"
"JPMorgan Chase Bank, National Association",171 W 57TH ST,NEW YORK,10019,New York,"{""type"": ""Point"", ""coordinates"": [-73.97971, 40.76539]}"
"JPMorgan Chase Bank, National Association",74 E MAIN ST,WASHINGTONVILLE,10992,Orange,"{""type"": ""Point"", ""coordinates"": [-74.15935, 41.42735]}"
"JPMorgan Chase Bank, National Association",3236 SOUTHWESTERN BLVD,ORCHARD PARK,14127,Erie,"{""type"": ""Point"", ""coordinates"": [-78.74974, 42.79744]}"
"JPMorgan Chase Bank, National Association",2309 NOTT ST E,NISKAYUNA,12309,Schenectady,"{""type"": ""Point"", ""coordinates"": [-73.89085, 42.81541]}"
"JPMorgan Chase Bank, National Association",80 ROUTE 6,BALDWIN PLACE,10505,Westchester,"{""type"": ""Point"", ""coordinates"": [-73.75681, 41.34272]}"
"JPMorgan Chase Bank, National Association",1290 AVENUE OF THE AMERICAS,NEW YORK,10104,New York,"{""type"": ""Point"", ""coordinates"": [-73.97971, 40.76084]}"
"JPMorgan Chase Bank, National Association",10 COLUMBUS CIRCLE,New York,10019,New York,"{""type"": ""Point"", ""coordinates"": [-73.9824, 40.76813]}"
"JPMorgan Chase Bank, National Association",3086 ROUTE 50,SARATOGA SPRINGS,12866,Saratoga,"{""type"": ""Point"", ""coordinates"": [-73.7381, 43.10812]}"
"JPMorgan Chase Bank, National Association",748 ALLERTON AVE,BRONX,10467,Bronx,"{""type"": ""Point"", ""coordinates"": [-73.86559, 40.86546]}"
"JPMorgan Chase Bank, National Association",1295 MADISON AVE,NEW YORK,10128,New York,"{""type"": ""Point"", ""coordinates"": [-73.95588, 40.78487]}"
"JPMorgan Chase Bank, National Association",1875 ALTAMONT AVE,SCHENECTADY,12303,Schenectady,"{""type"": ""Point"", ""coordinates"": [-73.9539, 42.78102]}"
"JPMorgan Chase Bank, National Association",120 BROADWAY,NEW YORK,10271,New York,"{""type"": ""Point"", ""coordinates"": [-74.01097, 40.70865]}"
"JPMorgan Chase Bank, National Association",368 9TH AVE,NEW YORK,10001,New York,"{""type"": ""Point"", ""coordinates"": [-73.99784, 40.75132]}"
"JPMorgan Chase Bank, National Association",271 MAIN ST,HIGHLAND FALLS,10928,Orange,"{""type"": ""Point"", ""coordinates"": [-73.96567, 41.36984]}"
"JPMorgan Chase Bank, National Association",4124 PEARSALL ST,WILLIAMSON,14589,Wayne,"{""type"": ""Point"", ""coordinates"": [-77.18576, 43.23217]}"
"JPMorgan Chase Bank, National Association",2402 ARTHUR AVE,BRONX,10458,Bronx,"{""type"": ""Point"", ""coordinates"": [-73.88743, 40.85582]}"
"JPMorgan Chase Bank, National Association",240 GREENWICH ST B,NEW YORK,10007,New York,"{""type"": ""Point"", ""coordinates"": [-74.01164, 40.71337]}"
"JPMorgan Chase Bank, National Association",257 BEACH 116TH ST,ROCKAWAY PARK,11694,Queens,"{""type"": ""Point"", ""coordinates"": [-73.83786, 40.5808]}"
"JPMorgan Chase Bank, National Association",1982 E RIDGE RD,IRONDEQUOIT,14622,Monroe,"{""type"": ""Point"", ""coordinates"": [-77.56487, 43.20306]}"
"JPMorgan Chase Bank, National Association",4700 VESTAL PKWY E,VESTAL,13850,Broome,"{""type"": ""Point"", ""coordinates"": [-75.95087, 42.09167]}"
"JPMorgan Chase Bank, National Association",572 AMHERST ST,BUFFALO,14207,Erie,"{""type"": ""Point"", ""coordinates"": [-78.88339, 42.94056]}"
"JPMorgan Chase Bank, National Association",525 BROADWAY,NEW YORK,10012,New York,"{""type"": ""Point"", ""coordinates"": [-73.99888, 40.72291]}"
"JPMorgan Chase Bank, National Association",2218 5TH AVE,NEW YORK,10037,New York,"{""type"": ""Point"", ""coordinates"": [-73.93777, 40.8126]}"
"JPMorgan Chase Bank, National Association",988 8TH AVE,NEW YORK,10019,New York,"{""type"": ""Point"", ""coordinates"": [-73.98257, 40.76709]}"
"JPMorgan Chase Bank, National Association",1 S CLINTON AVE,ROCHESTER,14604,Monroe,"{""type"": ""Point"", ""coordinates"": [-77.60601, 43.15621]}"
"JPMorgan Chase Bank, National Association",1 HOMESTEAD ST,ALBANY,12203,Albany,"{""type"": ""Point"", ""coordinates"": [-73.8232, 42.67623]}"
"JPMorgan Chase Bank, National Association",50 STATE ST,ALBANY,12207,Albany,"{""type"": ""Point"", ""coordinates"": [-73.75137, 42.64908]}"
"JPMorgan Chase Bank, National Association",873 NEW LOUDON RD,LATHAM,12110,Albany,"{""type"": ""Point"", ""coordinates"": [-73.7575, 42.75358]}"
"JPMorgan Chase Bank, National Association",4901 13TH AVE,BROOKLYN,11219,Kings,"{""type"": ""Point"", ""coordinates"": [-73.99222, 40.63493]}"
"JPMorgan Chase Bank, National Association",850 3RD AVE,NEW YORK,10022,New York,"{""type"": ""Point"", ""coordinates"": [-73.97016, 40.75662]}"
"JPMorgan Chase Bank, National Association",4721 16TH AVE,BROOKLYN,11204,Kings,"{""type"": ""Point"", ""coordinates"": [-73.98476, 40.63176]}"
"JPMorgan Chase Bank, National Association",4250 MCKINLEY PKWY STE 300,HAMBURG,14075,Erie,"{""type"": ""Point"", ""coordinates"": [-78.81201, 42.76841]}"
"JPMorgan Chase Bank, National Association",674 TITUS AVE,IRONDEQUOIT,14617,Monroe,"{""type"": ""Point"", ""coordinates"": [-77.59877, 43.21098]}"
"JPMorgan Chase Bank, National Association",100 VILLAGE SQUARE,GLEN COVE,11542,Nassau,"{""type"": ""Point"", ""coordinates"": [-73.63232, 40.86411]}"
"JPMorgan Chase Bank, National Association",365 BROADWAY,BETHPAGE,11714,Nassau,"{""type"": ""Point"", ""coordinates"": [-73.47999, 40.74311]}"
"JPMorgan Chase Bank, National Association",446 CENTRAL AVE,CEDARHURST,11516,Nassau,"{""type"": ""Point"", ""coordinates"": [-73.72549, 40.62042]}"
"JPMorgan Chase Bank, National Association",55 WATER ST,NEW YORK,10041,New York,"{""type"": ""Point"", ""coordinates"": [-74.00951, 40.70373]}"
"JPMorgan Chase Bank, National Association",390 MADISON AVE,NEW YORK,10017,New York,"{""type"": ""Point"", ""coordinates"": [-73.97718, 40.75568]}"
"JPMorgan Chase Bank, National Association",302 W 12TH ST,NEW YORK,10014,New York,"{""type"": ""Point"", ""coordinates"": [-74.0046, 40.73755]}"
"JPMorgan Chase Bank, National Association",110 W FAYETTE ST LBBY 1,SYRACUSE,13202,Onondaga,"{""type"": ""Point"", ""coordinates"": [-76.15275, 43.04869]}"
"JPMorgan Chase Bank, National Association",7724 STATE RTE 96,VICTOR,14564,Ontario,"{""type"": ""Point"", ""coordinates"": [-77.43785, 43.02543]}"
"JPMorgan Chase Bank, National Association",163 MERRICK RD,VALLEY STREAM,11580,Nassau,"{""type"": ""Point"", ""coordinates"": [-73.70355, 40.66634]}"
"JPMorgan Chase Bank, National Association",400 OLD COUNTRY RD,CARLE PLACE,11514,Nassau,"{""type"": ""Point"", ""coordinates"": [-73.60486, 40.74508]}"
"JPMorgan Chase Bank, National Association",35 E 72ND ST,NEW YORK,10021,New York,"{""type"": ""Point"", ""coordinates"": [-73.96507, 40.77163]}"
"JPMorgan Chase Bank, National Association",535 COLUMBUS AVE,NEW YORK,10024,New York,"{""type"": ""Point"", ""coordinates"": [-73.97233, 40.78634]}"
"JPMorgan Chase Bank, National Association",300 E 57TH ST,NEW YORK,10022,New York,"{""type"": ""Point"", ""coordinates"": [-73.96492, 40.7592]}"
"JPMorgan Chase Bank, National Association",147 E 86TH ST,NEW YORK,10028,New York,"{""type"": ""Point"", ""coordinates"": [-73.95544, 40.77944]}"
"JPMorgan Chase Bank, National Association",29 UNION SQ W,NEW YORK,10003,New York,"{""type"": ""Point"", ""coordinates"": [-73.99084, 40.73637]}"
"JPMorgan Chase Bank, National Association",436 10TH AVE,NEW YORK,10001,New York,"{""type"": ""Point"", ""coordinates"": [-73.99923, 40.75446]}"
"JPMorgan Chase Bank, National Association",28 LIBERTY ST,NEW YORK,10005,New York,"{""type"": ""Point"", ""coordinates"": [-74.00872, 40.70808]}"
"JPMorgan Chase Bank, National Association",360 PARK AVE,NEW YORK,10022,New York,"{""type"": ""Point"", ""coordinates"": [-73.97307, 40.75858]}"
"JPMorgan Chase Bank, National Association",55 W 125TH ST,NEW YORK,10027,New York,"{""type"": ""Point"", ""coordinates"": [-73.94439, 40.80733]}"
"JPMorgan Chase Bank, National Association",570 W 207TH ST,NEW YORK,10034,New York,"{""type"": ""Point"", ""coordinates"": [-73.92043, 40.86649]}"
"JPMorgan Chase Bank, National Association",504 TOWNE DR,FAYETTEVILLE,13066,Onondaga,"{""type"": ""Point"", ""coordinates"": [-76.0179, 43.02975]}"
"JPMorgan Chase Bank, National Association",7888 BREWERTON RD,CICERO,13039,Onondaga,"{""type"": ""Point"", ""coordinates"": [-76.12385, 43.15179]}"
"JPMorgan Chase Bank, National Association",3400 W GENESEE ST,SYRACUSE,13219,Onondaga,"{""type"": ""Point"", ""coordinates"": [-76.23009, 43.04876]}"
"JPMorgan Chase Bank, National Association",4042 MAIN ST,FLUSHING,11354,Queens,"{""type"": ""Point"", ""coordinates"": [-73.82958, 40.75845]}"
"JPMorgan Chase Bank, National Association",345 PARK AVE,NEW YORK,10154,New York,"{""type"": ""Point"", ""coordinates"": [-73.97318, 40.7581]}"
"JPMorgan Chase Bank, National Association",2416 QUEENS PLZ S,LONG ISLAND CITY,11101,Queens,"{""type"": ""Point"", ""coordinates"": [-73.94088, 40.75065]}"
"JPMorgan Chase Bank, National Association",302 HALSTEAD AVE,HARRISON,10528,Westchester,"{""type"": ""Point"", ""coordinates"": [-73.71155, 40.96913]}"
"JPMorgan Chase Bank, National Association",1275 WOODROW RD,STATEN ISLAND,10309,Richmond,"{""type"": ""Point"", ""coordinates"": [-74.20747, 40.54197]}"
"JPMorgan Chase Bank, National Association",58 W RAMAPO RD,GARNERVILLE,10923,Rockland,"{""type"": ""Point"", ""coordinates"": [-74.00999, 41.19896]}"
"JPMorgan Chase Bank, National Association",49 ROUTE 59,NYACK,10960,Rockland,"{""type"": ""Point"", ""coordinates"": [-73.93572, 41.09431]}"
"JPMorgan Chase Bank, National Association",20 PARK AVE,CLIFTON PARK,12065,Saratoga,"{""type"": ""Point"", ""coordinates"": [-73.78124, 42.86428]}"
"JPMorgan Chase Bank, National Association",140 SULLIVAN ST,WURTSBORO,12790,Sullivan,"{""type"": ""Point"", ""coordinates"": [-74.48644, 41.57659]}"
"JPMorgan Chase Bank, National Association",865 FAIRPORT RD,EAST ROCHESTER,14445,Monroe,"{""type"": ""Point"", ""coordinates"": [-77.48214, 43.10211]}"
"JPMorgan Chase Bank, National Association",609 MOSELEY RD,FAIRPORT,14450,Monroe,"{""type"": ""Point"", ""coordinates"": [-77.44289, 43.07015]}"
"JPMorgan Chase Bank, National Association",6 SPENCERPORT RD,ROCHESTER,14606,Monroe,"{""type"": ""Point"", ""coordinates"": [-77.69297, 43.1662]}"
"JPMorgan Chase Bank, National Association",925 MONTAUK HWY,BAYPORT,11705,Suffolk,"{""type"": ""Point"", ""coordinates"": [-73.04693, 40.74905]}"
"JPMorgan Chase Bank, National Association",480 BEDFORD RD,CHAPPAQUA,10514,Westchester,"{""type"": ""Point"", ""coordinates"": [-73.74906, 41.17861]}"
"JPMorgan Chase Bank, National Association",20 N SALEM RD,CROSS RIVER,10518,Westchester,"{""type"": ""Point"", ""coordinates"": [-73.60684, 41.26986]}"
"JPMorgan Chase Bank, National Association",1222 NEPPERHAN AVE,YONKERS,10703,Westchester,"{""type"": ""Point"", ""coordinates"": [-73.87209, 40.9649]}"
"JPMorgan Chase Bank, National Association",1413 HYLAN BLVD,STATEN ISLAND,10305,Richmond,"{""type"": ""Point"", ""coordinates"": [-74.08659, 40.59393]}"
"JPMorgan Chase Bank, National Association",333 ROUTE 303,ORANGEBURG,10962,Rockland,"{""type"": ""Point"", ""coordinates"": [-73.94481, 41.04654]}"
"JPMorgan Chase Bank, National Association",301 E STATE ST STE B,ITHACA,14850,Tompkins,"{""type"": ""Point"", ""coordinates"": [-76.49541, 42.43953]}"
"JPMorgan Chase Bank, National Association",125 BROAD ST,NEW YORK,10004,New York,"{""type"": ""Point"", ""coordinates"": [-74.01124, 40.70202]}"
"JPMorgan Chase Bank, National Association",11830 QUEENS BLVD,FOREST HILLS,11375,Queens,"{""type"": ""Point"", ""coordinates"": [-73.83162, 40.71443]}"
"JPMorgan Chase Bank, National Association",16110 JAMAICA AVE,JAMAICA,11432,Queens,"{""type"": ""Point"", ""coordinates"": [-73.79822, 40.70419]}"
"JPMorgan Chase Bank, National Association",51 W 52ND ST,NEW YORK,10019,New York,"{""type"": ""Point"", ""coordinates"": [-73.97901, 40.76095]}"
"JPMorgan Chase Bank, National Association",27258 GRAND CENTRAL PKWY,FLORAL PARK,11005,Queens,"{""type"": ""Point"", ""coordinates"": [-73.71454, 40.75721]}"
"JPMorgan Chase Bank, National Association",154 MAIN ST,WESTHAMPTON BEACH,11978,Suffolk,"{""type"": ""Point"", ""coordinates"": [-72.64178, 40.81053]}"
"JPMorgan Chase Bank, National Association",134 MAMARONECK AVE,WHITE PLAINS,10601,Suffolk,"{""type"": ""Point"", ""coordinates"": [-73.7654, 41.02954]}"
"JPMorgan Chase Bank, National Association",1480 FOREST AVE,STATEN ISLAND,10302,Richmond,"{""type"": ""Point"", ""coordinates"": [-74.13761, 40.624]}"
"JPMorgan Chase Bank, National Association",2640 HYLAN PLAZA,STATEN ISLAND,10306,Richmond,"{""type"": ""Point"", ""coordinates"": [-74.11274, 40.5674]}"
"JPMorgan Chase Bank, National Association",501 CHESTNUT RIDGE RD,CHESTNUT RIDGE,10977,Rockland,"{""type"": ""Point"", ""coordinates"": [-74.04635, 41.10115]}"
"JPMorgan Chase Bank, National Association",2 NEW HEMPSTEAD RD,NEW CITY,10956,Rockland,"{""type"": ""Point"", ""coordinates"": [-73.98983, 41.14845]}"
"JPMorgan Chase Bank, National Association",20 N BROADWAY,NYACK,10960,Rockland,"{""type"": ""Point"", ""coordinates"": [-73.91807, 41.0917]}"
"JPMorgan Chase Bank, National Association",2027 WESTERN AVE,ALBANY,12203,Albany,"{""type"": ""Point"", ""coordinates"": [-73.8872, 42.6977]}"
"JPMorgan Chase Bank, National Association",155 WOLF ROAD,ALBANY,12205,Albany,"{""type"": ""Point"", ""coordinates"": [-73.80245, 42.72081]}"
"JPMorgan Chase Bank, National Association",4780 3RD AVE,BRONX,10458,Bronx,"{""type"": ""Point"", ""coordinates"": [-73.89061, 40.86064]}"
"JPMorgan Chase Bank, National Association",1575 E HENRIETTA RD,ROCHESTER,14623,Monroe,"{""type"": ""Point"", ""coordinates"": [-77.61068, 43.08943]}"
"JPMorgan Chase Bank, National Association",2159 NINE MILE POINT RD,FAIRPORT,14450,Monroe,"{""type"": ""Point"", ""coordinates"": [-77.44184, 43.12897]}"
"JPMorgan Chase Bank, National Association",368 HEMPSTEAD AVE,MALVERNE,11565,Nassau,"{""type"": ""Point"", ""coordinates"": [-73.66746, 40.67764]}"
"JPMorgan Chase Bank, National Association",220 JERICHO TPKE,SYOSSET,11791,Nassau,"{""type"": ""Point"", ""coordinates"": [-73.52054, 40.80572]}"
"JPMorgan Chase Bank, National Association",201 POST AVE,WESTBURY,11590,Nassau,"{""type"": ""Point"", ""coordinates"": [-73.58784, 40.75591]}"
"JPMorgan Chase Bank, National Association",3728 MAIN ST,FLUSHING,11354,Queens,"{""type"": ""Point"", ""coordinates"": [-73.83077, 40.76087]}"
"JPMorgan Chase Bank, National Association",31 W MAIN ST,BABYLON,11702,Suffolk,"{""type"": ""Point"", ""coordinates"": [-73.32395, 40.69676]}"
"JPMorgan Chase Bank, National Association",366 MAIN ST,CENTER MORICHES,11934,Suffolk,"{""type"": ""Point"", ""coordinates"": [-72.79298, 40.8003]}"
"JPMorgan Chase Bank, National Association",60 VETERANS MEMORIAL HWY,COMMACK,11725,Suffolk,"{""type"": ""Point"", ""coordinates"": [-73.28637, 40.84186]}"
"JPMorgan Chase Bank, National Association",615 GRAND BLVD,DEER PARK,11729,Suffolk,"{""type"": ""Point"", ""coordinates"": [-73.32041, 40.7592]}"
"JPMorgan Chase Bank, National Association",2001 NESCONSET,LAKE GROVE,11755,Suffolk,"{""type"": ""Point"", ""coordinates"": [-73.13111, 40.86805]}"
"JPMorgan Chase Bank, National Association",705 SMITHTOWN BYP,SMITHTOWN,11787,Suffolk,"{""type"": ""Point"", ""coordinates"": [-73.16994, 40.8472]}"
"JPMorgan Chase Bank, National Association",1 STATION DR,WYANDANCH,11798,Suffolk,"{""type"": ""Point"", ""coordinates"": [-73.35801, 40.75528]}"
"JPMorgan Chase Bank, National Association",2003 ALBANY POST RD,CROTON ON HUDSON,10520,Westchester,"{""type"": ""Point"", ""coordinates"": [-73.90868, 41.22794]}"
"JPMorgan Chase Bank, National Association",39 WASHINGTON AVE,PLEASANTVILLE,10570,Westchester,"{""type"": ""Point"", ""coordinates"": [-73.79156, 41.13597]}"
"JPMorgan Chase Bank, National Association",202 SOMERSTOWN CTR,SOMERS,10589,Westchester,"{""type"": ""Point"", ""coordinates"": [-73.68736, 41.32554]}"
"JPMorgan Chase Bank, National Association",1214 MAMARONECK AVE,WHITE PLAINS,10605,Westchester,"{""type"": ""Point"", ""coordinates"": [-73.74666, 40.99218]}"
"JPMorgan Chase Bank, National Association",8160 TRANSIT RD,AMHERST,14221,Erie,"{""type"": ""Point"", ""coordinates"": [-78.69762, 42.99074]}"
"JPMorgan Chase Bank, National Association",180 BEDFORD AVE,BROOKLYN,11249,Kings,"{""type"": ""Point"", ""coordinates"": [-73.95758, 40.71796]}"
"JPMorgan Chase Bank, National Association",1002 BRIGHTON BEACH AVE,BROOKLYN,11235,Kings,"{""type"": ""Point"", ""coordinates"": [-73.95908, 40.5781]}"
"JPMorgan Chase Bank, National Association",270 N CENTRAL AVE,VALLEY STREAM,11580,Nassau,"{""type"": ""Point"", ""coordinates"": [-73.70979, 40.67533]}"
"JPMorgan Chase Bank, National Association",24720 JERICHO TPKE,FLORAL PARK,11001,Nassau,"{""type"": ""Point"", ""coordinates"": [-73.72116, 40.72498]}"
"JPMorgan Chase Bank, National Association",5727 MAIN ST,FLUSHING,11355,Queens,"{""type"": ""Point"", ""coordinates"": [-73.82604, 40.74574]}"
"JPMorgan Chase Bank, National Association",25234 NORTHERN BLVD,LITTLE NECK,11362,Queens,"{""type"": ""Point"", ""coordinates"": [-73.73551, 40.77038]}"
"JPMorgan Chase Bank, National Association",3394 CROMPOND RD,YORKTOWN HEIGHTS,10598,Westchester,"{""type"": ""Point"", ""coordinates"": [-73.83174, 41.29152]}"
"JPMorgan Chase Bank, National Association",200 MOTOR PKWY,HAUPPAUGE,11788,Suffolk,"{""type"": ""Point"", ""coordinates"": [-73.25497, 40.80823]}"
"JPMorgan Chase Bank, National Association",54 MAIN ST,NORTHPORT,11768,Suffolk,"{""type"": ""Point"", ""coordinates"": [-73.3511, 40.90023]}"
"JPMorgan Chase Bank, National Association",1395 ROUTE 25A,SETAUKET,11733,Suffolk,"{""type"": ""Point"", ""coordinates"": [-73.10991, 40.93604]}"
"JPMorgan Chase Bank, National Association",60 MAIN ST,SOUTHAMPTON,11968,Suffolk,"{""type"": ""Point"", ""coordinates"": [-72.38945, 40.88566]}"
"JPMorgan Chase Bank, National Association",3129 E MAIN ST,MOHEGAN LAKE,10547,Westchester,"{""type"": ""Point"", ""coordinates"": [-73.869, 41.31176]}"
"JPMorgan Chase Bank, National Association",64 N BROADWAY,TARRYTOWN,10591,Westchester,"{""type"": ""Point"", ""coordinates"": [-73.85772, 41.07843]}"
"JPMorgan Chase Bank, National Association",4385 AMBOY RD,STATEN ISLAND,10312,Richmond,"{""type"": ""Point"", ""coordinates"": [-74.16178, 40.54499]}"
"JPMorgan Chase Bank, National Association",416 BALLTOWN RD,SCHENECTADY,12304,Schenectady,"{""type"": ""Point"", ""coordinates"": [-73.89201, 42.77413]}"
"JPMorgan Chase Bank, National Association",256 PLAZA RD,KINGSTON,12401,Ulster,"{""type"": ""Point"", ""coordinates"": [-74.01789, 41.93737]}"
"JPMorgan Chase Bank, National Association",7 E BURNSIDE AVE,BRONX,10453,Bronx,"{""type"": ""Point"", ""coordinates"": [-73.90681, 40.8536]}"
"JPMorgan Chase Bank, National Association",1722 AVENUE U,BROOKLYN,11229,Kings,"{""type"": ""Point"", ""coordinates"": [-73.95381, 40.5991]}"
"JPMorgan Chase Bank, National Association",7940 JERICHO TPKE,WOODBURY,11797,Nassau,"{""type"": ""Point"", ""coordinates"": [-73.47755, 40.81386]}"
"JPMorgan Chase Bank, National Association",3917 LAKE AVE,ROCHESTER,14612,Monroe,"{""type"": ""Point"", ""coordinates"": [-77.62064, 43.24206]}"
"JPMorgan Chase Bank, National Association",66 E KINGSBRIDGE RD,BRONX,10468,Bronx,"{""type"": ""Point"", ""coordinates"": [-73.89563, 40.86672]}"
"JPMorgan Chase Bank, National Association",51 MADISON AVE,NEW YORK,10010,New York,"{""type"": ""Point"", ""coordinates"": [-73.98621, 40.74331]}"
"JPMorgan Chase Bank, National Association",163 MAIN ST,NORTHPORT,11768,Suffolk,"{""type"": ""Point"", ""coordinates"": [-73.34888, 40.90059]}"
"JPMorgan Chase Bank, National Association",21-27 SOUTH ST,WARWICK,10990,Suffolk,"{""type"": ""Point"", ""coordinates"": [-74.35835, 41.25703]}"
"JPMorgan Chase Bank, National Association",305 7TH AVE,NEW YORK,10001,New York,"{""type"": ""Point"", ""coordinates"": [-73.99368, 40.74677]}"
"JPMorgan Chase Bank, National Association",3135 NIAGARA FALLS BLVD,AMHERST,14228,Erie,"{""type"": ""Point"", ""coordinates"": [-78.82308, 43.03866]}"
"JPMorgan Chase Bank, National Association",3122 SHERIDAN DR,BUFFALO,14226,Erie,"{""type"": ""Point"", ""coordinates"": [-78.81773, 42.98098]}"
"JPMorgan Chase Bank, National Association",5075 BROADWAY,DEPEW,14043,Erie,"{""type"": ""Point"", ""coordinates"": [-78.68728, 42.90115]}"
"JPMorgan Chase Bank, National Association",177 MONTAGUE ST,BROOKLYN,11201,Kings,"{""type"": ""Point"", ""coordinates"": [-73.99224, 40.69423]}"
"JPMorgan Chase Bank, National Association",1755 MONROE AVE,ROCHESTER,14618,Monroe,"{""type"": ""Point"", ""coordinates"": [-77.56792, 43.12889]}"
"JPMorgan Chase Bank, National Association",1308 FULTON ST,BROOKLYN,11216,Kings,"{""type"": ""Point"", ""coordinates"": [-73.94836, 40.68033]}"
"JPMorgan Chase Bank, National Association",128 MAIN ST,YAPHANK,11980,Suffolk,"{""type"": ""Point"", ""coordinates"": [-72.92428, 40.83752]}"
"JPMorgan Chase Bank, National Association",20 PALMER AVE,SCARSDALE,10583,Westchester,"{""type"": ""Point"", ""coordinates"": [-73.77427, 40.98454]}"
"JPMorgan Chase Bank, National Association",1600 MAIN ST STE 14,PLEASANT VALLEY,12569,Dutchess,"{""type"": ""Point"", ""coordinates"": [-73.82433, 41.74402]}"
"JPMorgan Chase Bank, National Association",146 STATE ROUTE 94 S,WARWICK,10990,Orange,"{""type"": ""Point"", ""coordinates"": [-74.38001, 41.23914]}"
"JPMorgan Chase Bank, National Association",4028 COLLEGE POINT BLVD,FLUSHING,11354,Queens,"{""type"": ""Point"", ""coordinates"": [-73.83425, 40.75809]}"
"JPMorgan Chase Bank, National Association",96 E 170TH ST FL 1,BRONX,10452,Bronx,"{""type"": ""Point"", ""coordinates"": [-73.91575, 40.83948]}"
"JPMorgan Chase Bank, National Association",499 N SERVICE RD STE 84,PATCHOGUE,11772,Suffolk,"{""type"": ""Point"", ""coordinates"": [-73.03835, 40.77908]}"
"JPMorgan Chase Bank, National Association",115-20 Jamaica Ave,Richmond Hill,11418,Queens,"{""type"": ""Point"", ""coordinates"": [-73.83356, 40.69897]}"
"JPMorgan Chase Bank, National Association",163 Canal St,New York,10013,New York,"{""type"": ""Point"", ""coordinates"": [-73.99675, 40.71646]}"
"JPMorgan Chase Bank, National Association",125 Grey St,East Aurora,14052,Erie,"{""type"": ""Point"", ""coordinates"": [-78.63332, 42.76477]}"
"JPMorgan Chase Bank, National Association",1862 Veterans Hwy,Islandia,11749,Suffolk,"{""type"": ""Point"", ""coordinates"": [-73.17672, 40.80261]}"
"JPMorgan Chase Bank, National Association",3089 Route 22,Patterson,12563,Putnam,"{""type"": ""Point"", ""coordinates"": [-73.59108, 41.51571]}"
"JPMorgan Chase Bank, National Association",1230 Avenue of the Americas,New York,10020,New York,"{""type"": ""Point"", ""coordinates"": [-73.98107, 40.759]}"
"JPMorgan Chase Bank, National Association",4954 Transit Rd,Depew,14043,Erie,"{""type"": ""Point"", ""coordinates"": [-78.69691, 42.88267]}"
"JPMorgan Chase Bank, National Association",575 Madison Ave,New York,10022,New York,"{""type"": ""Point"", ""coordinates"": [-73.97262, 40.76193]}"
"JPMorgan Chase Bank, National Association",100 FLATBUSH AVE,BROOKLYN,11217,Kings,"{""type"": ""Point"", ""coordinates"": [-73.97868, 40.68574]}"
"JPMorgan Chase Bank, National Association",34 POPHAM RD,SCARSDALE,10583,Westchester,"{""type"": ""Point"", ""coordinates"": [-73.80773, 40.98869]}"
Jeff Bank,20-22 Fowler Street,Port Jervis,12771,Orange,"{""type"": ""Point"", ""coordinates"": [-74.6903, 41.37264]}"
Jeff Bank,18 Anawana Lake Road,Monticello,12701,Sullivan,"{""type"": ""Point"", ""coordinates"": [-74.67651, 41.66755]}"
Jeff Bank,1460 State Route 17B,White Lake,12786,Sullivan,"{""type"": ""Point"", ""coordinates"": [-74.82646, 41.67428]}"
Jeff Bank,4499 State Route 17B,Callicoon,12723,Sullivan,"{""type"": ""Point"", ""coordinates"": [-75.04487, 41.76179]}"
Jeff Bank,2930 State Route 209,Wurtsboro,12790,Sullivan,"{""type"": ""Point"", ""coordinates"": [-74.49787, 41.56579]}"
Jeff Bank,19 Church Street,Liberty,12754,Sullivan,"{""type"": ""Point"", ""coordinates"": [-74.74316, 41.79908]}"
Jeff Bank,4864 Route 52,Jeffersonville,12748,Sullivan,"{""type"": ""Point"", ""coordinates"": [-74.93385, 41.78073]}"
Jeff Bank,33 Main Street,Livingston Manor,12758,Sullivan,"{""type"": ""Point"", ""coordinates"": [-74.82666, 41.90151]}"
Jeff Bank,19 Forestburgh Road,Monticello,12701,Sullivan,"{""type"": ""Point"", ""coordinates"": [-74.69596, 41.65575]}"
Jeff Bank,19 Church Street,Liberty,12754,Sullivan,"{""type"": ""Point"", ""coordinates"": [-74.74316, 41.79908]}"
Jeff Bank,561 Route 55,Eldred,12732,Sullivan,"{""type"": ""Point"", ""coordinates"": [-74.88483, 41.52656]}"
Jovia Financial Credit Union,721 East Jericho Turnpike,Huntington Station,11746,Suffolk,"{""type"": ""Point"", ""coordinates"": [-73.38267, 40.83503]}"
Jovia Financial Credit Union,3359 Hempstead Turnpike,Levittown,11756,Nassau,"{""type"": ""Point"", ""coordinates"": [-73.51042, 40.72582]}"
Jovia Financial Credit Union,2 East Main Street,Bayshore,11706,Suffolk,"{""type"": ""Point"", ""coordinates"": [-73.24774, 40.72153]}"
Jovia Financial Credit Union,3195 LONG BEACH ROAD,OCEANSIDE,11572,Nassau,"{""type"": ""Point"", ""coordinates"": [-73.63978, 40.63325]}"
Jovia Financial Credit Union,51 CHARLES LINDBERGH BLVD,UNIONDALE,11553,Nassau,"{""type"": ""Point"", ""coordinates"": [-73.60434, 40.72173]}"
Jovia Financial Credit Union,235 SMITHTOWN BLVD,NESCONSET,11767,Suffolk,"{""type"": ""Point"", ""coordinates"": [-73.14816, 40.83378]}"
Jovia Financial Credit Union,1A  FRONT STREET,HEMPSTEAD,11550,Nassau,"{""type"": ""Point"", ""coordinates"": [-73.63715, 40.70473]}"
Jovia Financial Credit Union,356 NEW YORK AVENUE,HUNTINGTON VILLAGE,11743,Suffolk,"{""type"": ""Point"", ""coordinates"": [-73.42614, 40.87007]}"
Jovia Financial Credit Union,2005 Merrick Road,Merrick,11566,Nassau,"{""type"": ""Point"", ""coordinates"": [-73.5498, 40.65641]}"
Jovia Financial Credit Union,1934 DEER PARK AVENUE,DEER PARK,11729,Suffolk,"{""type"": ""Point"", ""coordinates"": [-73.33076, 40.763]}"
Jovia Financial Credit Union,1157 Wantagh Avenue,Wantagh,11793,Nassau,"{""type"": ""Point"", ""coordinates"": [-73.50626, 40.69446]}"
Jovia Financial Credit Union,1636 Marcus Avenue,New Hyde Park,11040,Nassau,"{""type"": ""Point"", ""coordinates"": [-73.68618, 40.7544]}"
Jovia Financial Credit Union,90 Northern Boulevard,Greenvale,11548,Nassau,"{""type"": ""Point"", ""coordinates"": [-73.62913, 40.80862]}"
Jovia Financial Credit Union,40 VETERANS MEMORIAL HIGHWAY,COMMACK,11725,Suffolk,"{""type"": ""Point"", ""coordinates"": [-73.28793, 40.84066]}"
Jovia Financial Credit Union,5455 Merrick Road,Massapequa,11762,Nassau,"{""type"": ""Point"", ""coordinates"": [-73.43582, 40.66852]}"
Jovia Financial Credit Union,556 Merrick Road,Rockville Centre,11570,Nassau,"{""type"": ""Point"", ""coordinates"": [-73.63353, 40.65406]}"
Jovia Financial Credit Union,1000 CORPORATE DRIVE,WESTBURY,11590,Nassau,"{""type"": ""Point"", ""coordinates"": [-73.60059, 40.74043]}"
Jovia Financial Credit Union,648 Hempstead Turnpike,Franklin Square,11010,Nassau,"{""type"": ""Point"", ""coordinates"": [-73.66384, 40.70706]}"
Jovia Financial Credit Union,525 Old Country Road,Plainview,11803,Nassau,"{""type"": ""Point"", ""coordinates"": [-73.49937, 40.76966]}"
Jovia Financial Credit Union,264 East Merrick Road,Valley Stream,11582,Nassau,"{""type"": ""Point"", ""coordinates"": [-73.68872, 40.66189]}"
Jovia Financial Credit Union,103 Jackson Avenue,Syosset,11791,Nassau,"{""type"": ""Point"", ""coordinates"": [-73.50226, 40.82311]}"
"KEB Hana Bank USA, NA",309 5TH  AVENUE,NEW YORK,10016,New York,"{""type"": ""Point"", ""coordinates"": [-73.98569, 40.74689]}"
"KEB Hana Bank USA, NA",156-44 NORTHERN BOULEVARD,FLUSHING,11354,Queens,"{""type"": ""Point"", ""coordinates"": [-73.80942, 40.7633]}"
Kearny Bank,875 MANHATTAN AVENUE,BROOKLYN,11222,Kings,"{""type"": ""Point"", ""coordinates"": [-73.95402, 40.72968]}"
Kearny Bank,478 Fifth Avenue,Brooklyn,11215,Kings,"{""type"": ""Point"", ""coordinates"": [-73.98721, 40.66808]}"
Kearny Bank,1400 Hylan Boulevard,Staten Island,10305,Richmond,"{""type"": ""Point"", ""coordinates"": [-74.08643, 40.59429]}"
"Key Bank, National Association",2600 Route 55,Poughquag,12570,Dutchess,"{""type"": ""Point"", ""coordinates"": [-73.68533, 41.62295]}"
"Key Bank, National Association","3413 West Genesee Street, Unit 202",Syracuse,13219,Onondaga,"{""type"": ""Point"", ""coordinates"": [-76.22987, 43.0477]}"
"Key Bank, National Association",282 Main Street,Binghamton,13905,Broome,"{""type"": ""Point"", ""coordinates"": [-75.93986, 42.10855]}"
"Key Bank, National Association",2255  EAST RIDGE ROAD,ROCHESTER,14622,Monroe,"{""type"": ""Point"", ""coordinates"": [-77.56005, 43.20357]}"
"Key Bank, National Association",5207 Broadway,Lancaster,14086,Erie,"{""type"": ""Point"", ""coordinates"": [-78.68045, 42.90084]}"
"Key Bank, National Association",93 North Middletown Road,Pearl River,10965,Rockland,"{""type"": ""Point"", ""coordinates"": [-74.01344, 41.06249]}"
"Key Bank, National Association",70 Lyell Avenue,Rochester,14608,Monroe,"{""type"": ""Point"", ""coordinates"": [-77.62595, 43.16503]}"
"Key Bank, National Association",57 South Buffalo,Hamburg,14075,Erie,"{""type"": ""Point"", ""coordinates"": [-78.82949, 42.71433]}"
"Key Bank, National Association",1 New Hartford Shopping Center,New Hartford,13413,Oneida,"{""type"": ""Point"", ""coordinates"": [-75.29583, 43.07598]}"
"Key Bank, National Association",525 Vischer Ferry Road,Clifton Park,12065,Saratoga,"{""type"": ""Point"", ""coordinates"": [-73.81976, 42.86846]}"
"Key Bank, National Association",119 Temple Hill Road,Vails Gate,12584,Orange,"{""type"": ""Point"", ""coordinates"": [-74.06075, 41.45989]}"
"Key Bank, National Association",2157 Main Street,Buffalo,14214,Erie,"{""type"": ""Point"", ""coordinates"": [-78.84939, 42.92943]}"
"Key Bank, National Association",4224 Ridge Lea Road,Amherst,14226,Erie,"{""type"": ""Point"", ""coordinates"": [-78.81335, 42.99683]}"
"Key Bank, National Association",160 Fairview Avenue,Hudson,12534,Columbia,"{""type"": ""Point"", ""coordinates"": [-73.76512, 42.25688]}"
"Key Bank, National Association",767 NEW LOUDON RD,LATHAM,12110,Albany,"{""type"": ""Point"", ""coordinates"": [-73.76126, 42.74466]}"
"Key Bank, National Association",20974 State Route 3,Watertown,13601,Jefferson,"{""type"": ""Point"", ""coordinates"": [-75.95388, 43.9749]}"
"Key Bank, National Association",1900 Central Avenue,Albany,12205,Albany,"{""type"": ""Point"", ""coordinates"": [-73.85259, 42.73453]}"
"Key Bank, National Association",9640 Transit Road,Amherst,14051,Erie,"{""type"": ""Point"", ""coordinates"": [-78.69756, 43.03134]}"
"Key Bank, National Association",7670 Highbridge Road,Manlius,13104,Onondaga,"{""type"": ""Point"", ""coordinates"": [-75.98499, 43.00584]}"
"Key Bank, National Association",555 Patroon Creek Boulevard,Albany,12205,Albany,"{""type"": ""Point"", ""coordinates"": [-73.80732, 42.68381]}"
"Key Bank, National Association",3050 Niagara Falls Boulevard,Amherst,14228,Erie,"{""type"": ""Point"", ""coordinates"": [-78.82417, 43.03771]}"
"Key Bank, National Association",3301 WINTON ROAD SOUTH,ROCHESTER,14623,Monroe,"{""type"": ""Point"", ""coordinates"": [-77.58271, 43.08785]}"
"Key Bank, National Association",5334 Southwestern Boulevard,Hamburg,14075,Erie,"{""type"": ""Point"", ""coordinates"": [-78.8685, 42.74249]}"
"Key Bank, National Association",514 Main Street,Medina,14103,Orleans,"{""type"": ""Point"", ""coordinates"": [-78.38691, 43.21998]}"
"Key Bank, National Association",201 Amherst Drive,Buffalo,14207,Erie,"{""type"": ""Point"", ""coordinates"": [-78.89557, 42.93609]}"
"Key Bank, National Association",145 Eastern Boulevard,Canandaigua,14424,Ontario,"{""type"": ""Point"", ""coordinates"": [-77.26392, 42.87788]}"
"Key Bank, National Association",3565 Main Street,Stone Ridge,12484,Ulster,"{""type"": ""Point"", ""coordinates"": [-74.13983, 41.85231]}"
"Key Bank, National Association",250 Delaware Avenue,Buffalo,14202,Erie,"{""type"": ""Point"", ""coordinates"": [-78.87659, 42.89124]}"
"Key Bank, National Association",41 Main Street,Massena,13662,Franklin,"{""type"": ""Point"", ""coordinates"": [-74.89305, 44.93204]}"
"Key Bank, National Association",11 Division Street,Amsterdam,12010,Montogomery,"{""type"": ""Point"", ""coordinates"": [-74.19308, 42.9388]}"
"Key Bank, National Association",804 Hopkins Road,Amherst,14221,Erie,"{""type"": ""Point"", ""coordinates"": [-78.73993, 43.00194]}"
"Key Bank, National Association",7950 Brewerton Rd.,Cicero,13039,Onondaga,"{""type"": ""Point"", ""coordinates"": [-76.12208, 43.15528]}"
"Key Bank, National Association",5737 South Transit Road,Lockport,14094,Niagara,"{""type"": ""Point"", ""coordinates"": [-78.69623, 43.14835]}"
"Key Bank, National Association",21 Cottage Street,Lockport,14094,Niagara,"{""type"": ""Point"", ""coordinates"": [-78.6936, 43.16883]}"
"Key Bank, National Association",55 Burnett Boulevard,Poughkeepsie,12603,Dutchess,"{""type"": ""Point"", ""coordinates"": [-73.88852, 41.69952]}"
"Key Bank, National Association",545 Route 211 East,Middletown,10941,Orange,"{""type"": ""Point"", ""coordinates"": [-74.37481, 41.46415]}"
"Key Bank, National Association",200 Washington Street,Watertown,13601,Jefferson,"{""type"": ""Point"", ""coordinates"": [-75.91095, 43.97384]}"
"Key Bank, National Association",281 Troy Road,Rensselaer,12144,Rensselaer,"{""type"": ""Point"", ""coordinates"": [-73.69951, 42.64291]}"
"Key Bank, National Association",820 Second Ave.,Troy,12182,Rensselaer,"{""type"": ""Point"", ""coordinates"": [-73.67273, 42.78384]}"
"Key Bank, National Association",241 SARATOGA ROAD,GLENVILLE,12302,Schenectady,"{""type"": ""Point"", ""coordinates"": [-73.93322, 42.86833]}"
"Key Bank, National Association",1703 Altamont Ave.,Rotterdam,12303,Schenectady,"{""type"": ""Point"", ""coordinates"": [-73.95022, 42.78253]}"
"Key Bank, National Association",604 South Meadow St.,Ithaca,14850,Tompkins,"{""type"": ""Point"", ""coordinates"": [-76.50809, 42.43347]}"
"Key Bank, National Association",73 Vandenburgh Ave.,Troy,12180,Rensselaer,"{""type"": ""Point"", ""coordinates"": [-73.68914, 42.69723]}"
"Key Bank, National Association",2531 VESTAL PARKWAY EAST,VESTAL,13850,Broome,"{""type"": ""Point"", ""coordinates"": [-76.00748, 42.09545]}"
"Key Bank, National Association",1 North Main St.,Port Chester,10573,Westchester,"{""type"": ""Point"", ""coordinates"": [-73.66361, 41.0005]}"
"Key Bank, National Association",20 Ceder Street,Kerhonkson,12446,Ulster,"{""type"": ""Point"", ""coordinates"": [-74.32203, 41.77384]}"
"Key Bank, National Association",475 Albany Shaker Road,Loudonville,12211,Albany,"{""type"": ""Point"", ""coordinates"": [-73.77721, 42.70825]}"
"Key Bank, National Association",16 COLEMAN STREET,CHATHAM,12037,Columbia,"{""type"": ""Point"", ""coordinates"": [-73.59961, 42.35639]}"
"Key Bank, National Association",245 West Bridge Street,Catskill,12414,Greene,"{""type"": ""Point"", ""coordinates"": [-73.88122, 42.21461]}"
"Key Bank, National Association",1532 Route 9,Halfmoon,12065,Albany,"{""type"": ""Point"", ""coordinates"": [-73.74791, 42.84267]}"
"Key Bank, National Association",2031 DOUBLEDAY AVENUE,BALLSTON SPA,12020,Saratoga,"{""type"": ""Point"", ""coordinates"": [-73.84655, 43.0147]}"
"Key Bank, National Association",4773 State Highway Route 30,Amsterdam,12010,Montogomery,"{""type"": ""Point"", ""coordinates"": [-74.18827, 42.97644]}"
"Key Bank, National Association",201 5TH AVENUE,GLOVERSVILLE,12078,Fulton,"{""type"": ""Point"", ""coordinates"": [-74.32465, 43.05938]}"
"Key Bank, National Association",101 Palatine Plaza,Palatine Bridge,13428,Montogomery,"{""type"": ""Point"", ""coordinates"": [-74.59103, 42.91523]}"
"Key Bank, National Association",72 Mohawk Street,Cohoes,12047,Albany,"{""type"": ""Point"", ""coordinates"": [-73.70011, 42.77505]}"
"Key Bank, National Association",3636 DEWEY AVENUE,ROCHESTER,14616,Monroe,"{""type"": ""Point"", ""coordinates"": [-77.64656, 43.23605]}"
"Key Bank, National Association",3177 Latta Road,Rochester,14612,Monroe,"{""type"": ""Point"", ""coordinates"": [-77.69877, 43.25077]}"
"Key Bank, National Association",66 South Pearl Street,Albany,12207,Albany,"{""type"": ""Point"", ""coordinates"": [-73.75402, 42.64771]}"
"Key Bank, National Association",84 Main Street,Attica,14011,Wyoming,"{""type"": ""Point"", ""coordinates"": [-78.28033, 42.86402]}"
"Key Bank, National Association",9094 Erie Road,Evans,14006,Erie,"{""type"": ""Point"", ""coordinates"": [-79.04937, 42.63739]}"
"Key Bank, National Association",268 Grant Avenue,Auburn,13021,Cayuga,"{""type"": ""Point"", ""coordinates"": [-76.54489, 42.9526]}"
"Key Bank, National Association",9015 North Seneca Street,Weedsport,13166,Cayuga,"{""type"": ""Point"", ""coordinates"": [-76.55927, 43.05379]}"
"Key Bank, National Association",355 West Genesee Street,Auburn,13021,Cayuga,"{""type"": ""Point"", ""coordinates"": [-76.59109, 42.91986]}"
"Key Bank, National Association",973 Main Street,Buffalo,14203,Erie,"{""type"": ""Point"", ""coordinates"": [-78.86964, 42.90022]}"
"Key Bank, National Association",7350 Niagra Falls Boulevard,Niagra Falls,14304,Niagara,"{""type"": ""Point"", ""coordinates"": [-78.98015, 43.08832]}"
"Key Bank, National Association",1675 Walden Avenue,Cheektowaga,14225,Erie,"{""type"": ""Point"", ""coordinates"": [-78.77549, 42.90718]}"
"Key Bank, National Association",1674 Route 7A,Copake,12516,Columbia,"{""type"": ""Point"", ""coordinates"": [-73.5508, 42.1035]}"
"Key Bank, National Association",41 Kellogg Road,New Hartford,13413,Oneida,"{""type"": ""Point"", ""coordinates"": [-75.2781, 43.05468]}"
"Key Bank, National Association",1725 Black River Boulevard,Rome,13440,Oneida,"{""type"": ""Point"", ""coordinates"": [-75.43873, 43.23264]}"
"Key Bank, National Association",1017 Broadway,Buffalo,14212,Erie,"{""type"": ""Point"", ""coordinates"": [-78.83684, 42.89323]}"
"Key Bank, National Association",48 North Main Street,Albion,14411,Orleans,"{""type"": ""Point"", ""coordinates"": [-78.19418, 43.24726]}"
"Key Bank, National Association",Main Street & Chippewa,Buffalo,14202,Erie,
"Key Bank, National Association",2 Franklin Avenue,Clinton,13323,Oneida,"{""type"": ""Point"", ""coordinates"": [-75.38164, 43.04799]}"
"Key Bank, National Association",One North Main Street,Cortland,13045,Cortland,"{""type"": ""Point"", ""coordinates"": [-76.18047, 42.60154]}"
"Key Bank, National Association",95 Wolf Road,Colonie,12205,Albany,"{""type"": ""Point"", ""coordinates"": [-73.81062, 42.71539]}"
"Key Bank, National Association",615 Columbia Turnpike,East Greenbush,12061,Rensselaer,"{""type"": ""Point"", ""coordinates"": [-73.70662, 42.59622]}"
"Key Bank, National Association",315 State Street,Schenectady,12305,Schenectady,"{""type"": ""Point"", ""coordinates"": [-73.94367, 42.81398]}"
"Key Bank, National Association",320 Orchard Park Road,West Seneca,14224,Erie,"{""type"": ""Point"", ""coordinates"": [-78.78703, 42.83556]}"
"Key Bank, National Association",3030 Union Road,Orchard Park,14127,Erie,"{""type"": ""Point"", ""coordinates"": [-78.75233, 42.8028]}"
"Key Bank, National Association",74 Brookside,Chester,10918,Orange,"{""type"": ""Point"", ""coordinates"": [-74.2828, 41.35683]}"
"Key Bank, National Association",410 Towne Road,Fayetteville,13066,Onondaga,"{""type"": ""Point"", ""coordinates"": [-76.01897, 43.02948]}"
"Key Bank, National Association",369 Fairmount Avenue,Lakewood,14750,Chautauqua,"{""type"": ""Point"", ""coordinates"": [-79.29955, 42.09899]}"
"Key Bank, National Association",1 Western Avenue,Marlboro,12542,Ulster,"{""type"": ""Point"", ""coordinates"": [-73.97212, 41.60548]}"
"Key Bank, National Association",380 STATE ROUTE 3,PLATTSBURGH,12901,Clinton,"{""type"": ""Point"", ""coordinates"": [-73.48551, 44.69697]}"
"Key Bank, National Association",4763 Salina Street,Pulaski,13142,Oswego,"{""type"": ""Point"", ""coordinates"": [-76.12704, 43.56241]}"
"Key Bank, National Association",3 Maple Road,Voorheesville,12186,Albany,"{""type"": ""Point"", ""coordinates"": [-73.92476, 42.64957]}"
"Key Bank, National Association",3 North Route 9W and Railroad Ave,West Haverstraw,10993,Rockland,"{""type"": ""Point"", ""coordinates"": [-73.98556, 41.20999]}"
"Key Bank, National Association",46 College Avenue,Nanuet,10954,Rockland,"{""type"": ""Point"", ""coordinates"": [-74.00758, 41.09403]}"
"Key Bank, National Association",270 South Little Tor Road,New City,10956,Rockland,"{""type"": ""Point"", ""coordinates"": [-74.00189, 41.12991]}"
"Key Bank, National Association",3000 East Main Street,Corlandt Manor,10567,Westchester,"{""type"": ""Point"", ""coordinates"": [-73.8788, 41.30626]}"
"Key Bank, National Association",65 Dutch Hill Road,Orangeburg,10962,Rockland,"{""type"": ""Point"", ""coordinates"": [-73.95427, 41.04577]}"
"Key Bank, National Association",59 Route 59,Suffern,10901,Rockland,"{""type"": ""Point"", ""coordinates"": [-74.12967, 41.1122]}"
"Key Bank, National Association",28 LeCount Place,New Rochelle,10801,Westchester,"{""type"": ""Point"", ""coordinates"": [-73.78039, 40.91085]}"
"Key Bank, National Association",75 North Broadway,Tarrytown,10591,Westchester,"{""type"": ""Point"", ""coordinates"": [-73.8577, 41.07904]}"
"Key Bank, National Association",270 Martine Avenue,White Plains,10601,Westchester,"{""type"": ""Point"", ""coordinates"": [-73.76244, 41.03242]}"
"Key Bank, National Association",115 South Main Street,New City,10954,Rockland,"{""type"": ""Point"", ""coordinates"": [-73.99058, 41.14329]}"
"Key Bank, National Association",703 Ridge Road,Lackawanna,14218,Erie,"{""type"": ""Point"", ""coordinates"": [-78.82556, 42.82579]}"
"Key Bank, National Association",131 Oriskany Boulevard,Whitesboro,13492,Oneida,"{""type"": ""Point"", ""coordinates"": [-75.29383, 43.11984]}"
"Key Bank, National Association",150 Main Street,Lockport,14094,Niagara,"{""type"": ""Point"", ""coordinates"": [-78.68888, 43.17069]}"
"Key Bank, National Association",8550 Transit Road,East Amherst,14051,Erie,"{""type"": ""Point"", ""coordinates"": [-78.69771, 43.00054]}"
"Key Bank, National Association",47 Court Street,Buffalo,14240,Erie,"{""type"": ""Point"", ""coordinates"": [-78.87626, 42.88609]}"
"Key Bank, National Association",2421 Main Street,Buffalo,14214,Erie,"{""type"": ""Point"", ""coordinates"": [-78.84384, 42.9342]}"
"Key Bank, National Association",313 Main Street,Eastchester,10709,Westchester,"{""type"": ""Point"", ""coordinates"": [-73.81551, 40.95386]}"
"Key Bank, National Association",87 Route 59,Monsey,10952,Rockland,"{""type"": ""Point"", ""coordinates"": [-74.06783, 41.10732]}"
"Key Bank, National Association",12 Spencerport Road,Gates,14606,Monroe,"{""type"": ""Point"", ""coordinates"": [-77.69462, 43.16703]}"
"Key Bank, National Association",726 Exchange Street,Buffalo,14210,Erie,"{""type"": ""Point"", ""coordinates"": [-78.84972, 42.87454]}"
"Key Bank, National Association",1510 West Genesee Street,Syracuse,13204,Onondaga,"{""type"": ""Point"", ""coordinates"": [-76.18425, 43.05233]}"
"Key Bank, National Association",138 Albany Street,Cazenovia,13035,Madison,"{""type"": ""Point"", ""coordinates"": [-75.8494, 42.9289]}"
"Key Bank, National Association",2911 Walden Avenue,Depew,14043,Erie,"{""type"": ""Point"", ""coordinates"": [-78.72705, 42.90853]}"
"Key Bank, National Association",333 Ford Street,Ogdensburg,13669,St. Lawrence,"{""type"": ""Point"", ""coordinates"": [-75.49169, 44.69806]}"
"Key Bank, National Association",450 North Union Street,Olean,14760,Cattaraugus,"{""type"": ""Point"", ""coordinates"": [-78.42931, 42.08381]}"
"Key Bank, National Association",202 Main Street,Oneonta,13820,Otsego,"{""type"": ""Point"", ""coordinates"": [-75.06204, 42.45387]}"
"Key Bank, National Association",4892 West Seneca Turnpike,Syracuse,13215,Onondaga,"{""type"": ""Point"", ""coordinates"": [-76.17726, 43.00509]}"
"Key Bank, National Association",4239 North Buffalo Street,Orchard Park,14127,Erie,"{""type"": ""Point"", ""coordinates"": [-78.74376, 42.76809]}"
"Key Bank, National Association",138 State Route 104,Oswego,13126,Oswego,"{""type"": ""Point"", ""coordinates"": [-76.48671, 43.46014]}"
"Key Bank, National Association",3 West Main Street,Pawling,12564,Dutchess,"{""type"": ""Point"", ""coordinates"": [-73.60179, 41.56167]}"
"Key Bank, National Association",1203 Ulster Avenue,Kingston,12401,Ulster,"{""type"": ""Point"", ""coordinates"": [-73.98983, 41.96582]}"
"Key Bank, National Association",1228 Route 300,Newburgh,12550,Orange,"{""type"": ""Point"", ""coordinates"": [-74.07013, 41.50083]}"
"Key Bank, National Association",1196 Western Avenue,Albany,12203,Albany,"{""type"": ""Point"", ""coordinates"": [-73.82591, 42.67735]}"
"Key Bank, National Association",1848 Empire Boulevard,Webster,14580,Monroe,"{""type"": ""Point"", ""coordinates"": [-77.50386, 43.19001]}"
"Key Bank, National Association",1185 UNIVERSITY AVENUE,ROCHESTER,14607,Monroe,"{""type"": ""Point"", ""coordinates"": [-77.57086, 43.15164]}"
"Key Bank, National Association",1475 Mount Hope Road,Rochester,14620,Monroe,"{""type"": ""Point"", ""coordinates"": [-77.61917, 43.12116]}"
"Key Bank, National Association",69 Main Street,Batavia,14020,Genesee,"{""type"": ""Point"", ""coordinates"": [-78.18428, 42.99768]}"
"Key Bank, National Association",2791 Ridge Road West,Rochester,14626,Monroe,"{""type"": ""Point"", ""coordinates"": [-77.70287, 43.2096]}"
"Key Bank, National Association",3740 W. Henrietta Rd,Rochester,14623,Monroe,"{""type"": ""Point"", ""coordinates"": [-77.64061, 43.07911]}"
"Key Bank, National Association",1314 Front Street,Binghamton,13901,Broome,"{""type"": ""Point"", ""coordinates"": [-75.89359, 42.16164]}"
"Key Bank, National Association",184 South Union Street,Spencerport,14559,Monroe,"{""type"": ""Point"", ""coordinates"": [-77.80042, 43.19112]}"
"Key Bank, National Association",56 South Main Street,Oneonta,13820,Otsego,"{""type"": ""Point"", ""coordinates"": [-75.05964, 42.45343]}"
"Key Bank, National Association",56 Westchester Avenue,Pound Ridge,10576,Westchester,"{""type"": ""Point"", ""coordinates"": [-73.54967, 41.18951]}"
"Key Bank, National Association",231 East Genesee Street,Syracuse,13202,Onondaga,"{""type"": ""Point"", ""coordinates"": [-76.14991, 43.04978]}"
"Key Bank, National Association",3333 West Henrietta,Rochester,14623,Monroe,"{""type"": ""Point"", ""coordinates"": [-77.6454, 43.08936]}"
"Key Bank, National Association",2318 Delaware Avenue,Buffalo,14216,Erie,"{""type"": ""Point"", ""coordinates"": [-78.86862, 42.94712]}"
"Key Bank, National Association",6932 ERIE ROAD,DERBY,14047,Erie,"{""type"": ""Point"", ""coordinates"": [-78.9881, 42.69749]}"
"Key Bank, National Association",55 Douglas Lane,East Aurora,14052,Erie,"{""type"": ""Point"", ""coordinates"": [-78.6309, 42.76656]}"
"Key Bank, National Association",121 West Manillus Street,East Syracuse,13057,Onondaga,"{""type"": ""Point"", ""coordinates"": [-76.0717, 43.06403]}"
"Key Bank, National Association",2801 JAMES STREET,SYRACUSE,13206,Onondaga,"{""type"": ""Point"", ""coordinates"": [-76.1073, 43.0691]}"
"Key Bank, National Association",5173 Sheridan Drive,Williamsville,14221,Erie,"{""type"": ""Point"", ""coordinates"": [-78.74125, 42.97814]}"
"Key Bank, National Association",738 Route 9,Fishkill,12524,Dutchess,"{""type"": ""Point"", ""coordinates"": [-73.90074, 41.53886]}"
"Key Bank, National Association",370 DELAWARE AVENUE,DELMAR,12054,Albany,"{""type"": ""Point"", ""coordinates"": [-73.83203, 42.62226]}"
"Key Bank, National Association",121 South First Street,Fulton,13069,Oswego,"{""type"": ""Point"", ""coordinates"": [-76.41592, 43.32171]}"
"Key Bank, National Association",66 MAIN STREET,GENESEO,14454,Livingston,"{""type"": ""Point"", ""coordinates"": [-77.8167, 42.79657]}"
"Key Bank, National Association",2066 George Urban Boulevard,Depew,14043,Erie,"{""type"": ""Point"", ""coordinates"": [-78.73524, 42.919]}"
"Key Bank, National Association",62 Church Street,Gouverneur,13642,St. Lawrence,"{""type"": ""Point"", ""coordinates"": [-75.46666, 44.33538]}"
"Key Bank, National Association",25 Main Street,Hamburg,14075,Erie,"{""type"": ""Point"", ""coordinates"": [-78.83043, 42.71621]}"
"Key Bank, National Association",3134 Bailey Avenue,Buffalo,14215,Erie,"{""type"": ""Point"", ""coordinates"": [-78.81366, 42.93998]}"
"Key Bank, National Association",10 East Genesee Street,Baldwinsville,13027,Onondaga,"{""type"": ""Point"", ""coordinates"": [-76.33153, 43.15878]}"
"Key Bank, National Association",1930 Niagara Falls Boulevard,Tonawanda,14150,Erie,"{""type"": ""Point"", ""coordinates"": [-78.8234, 43.00698]}"
"Key Bank, National Association",3550 BREWERTON ROAD,NORTH SYRACUSE,13212,Onondaga,"{""type"": ""Point"", ""coordinates"": [-76.14524, 43.11473]}"
"Key Bank, National Association",5318 Genesee Street,Camillus,13031,Onondaga,"{""type"": ""Point"", ""coordinates"": [-76.27168, 43.04142]}"
"Key Bank, National Association",5510 Camp Road,Hamburg,14075,Erie,"{""type"": ""Point"", ""coordinates"": [-78.84344, 42.73708]}"
"Key Bank, National Association",154 Quaker Road,Queensbury,12804,Warren,"{""type"": ""Point"", ""coordinates"": [-73.6595, 43.33177]}"
"Key Bank, National Association",28 West Market Street,Red Hook,12571,Dutchess,"{""type"": ""Point"", ""coordinates"": [-73.87675, 41.99526]}"
"Key Bank, National Association",1817 Columbia Turnpike,Castleton,12033,Rensselaer,"{""type"": ""Point"", ""coordinates"": [-73.67213, 42.55046]}"
"Key Bank, National Association",Route 17K,Montgomery,12549,Orange,
"Key Bank, National Association",3980 Sheridan Drive,Amherst,14226,Erie,"{""type"": ""Point"", ""coordinates"": [-78.78663, 42.97924]}"
"Key Bank, National Association",32 Jordan Street,Skaneateles,13152,Onondaga,"{""type"": ""Point"", ""coordinates"": [-76.42935, 42.94749]}"
"Key Bank, National Association",5063 U.S. Avenue,Plattsburgh,12901,Clinton,"{""type"": ""Point"", ""coordinates"": [-73.44835, 44.68233]}"
"Key Bank, National Association",2157 Seneca Street,Buffalo,14210,Erie,"{""type"": ""Point"", ""coordinates"": [-78.80839, 42.85364]}"
"Key Bank, National Association",2209 South Salina Street,Syracuse,13205,Onondaga,"{""type"": ""Point"", ""coordinates"": [-76.14524, 43.02542]}"
"Key Bank, National Association",274 Elmwood Avenue,Buffalo,14222,Erie,"{""type"": ""Point"", ""coordinates"": [-78.8777, 42.90418]}"
"Key Bank, National Association",3900 Maple Road,Amherst,14226,Erie,"{""type"": ""Point"", ""coordinates"": [-78.81965, 42.99146]}"
"Key Bank, National Association",5 Maple Avenue,Warwick,10990,Orange,"{""type"": ""Point"", ""coordinates"": [-74.35759, 41.25976]}"
"Key Bank, National Association",3701  NY Route 43,West Sand Lake,12196,Rensselaer,"{""type"": ""Point"", ""coordinates"": [-73.60694, 42.64369]}"
"Key Bank, National Association",4050 Seneca Street,West Seneca,14224,Erie,"{""type"": ""Point"", ""coordinates"": [-78.75326, 42.83074]}"
"Key Bank, National Association",911 Central Avenue,Albany,12206,Albany,"{""type"": ""Point"", ""coordinates"": [-73.7908, 42.68253]}"
"Key Bank, National Association",5387 Main Street,Windham,12496,Greene,"{""type"": ""Point"", ""coordinates"": [-74.25274, 42.30722]}"
"Key Bank, National Association",1860 Niagara Street,Buffalo,14207,Erie,"{""type"": ""Point"", ""coordinates"": [-78.90232, 42.93469]}"
"Key Bank, National Association",225 North Comrie Avenue,Johnstown,12095,Fulton,"{""type"": ""Point"", ""coordinates"": [-74.36157, 43.01653]}"
"Key Bank, National Association",800 Main Street,Niagara Falls,14301,Niagara,"{""type"": ""Point"", ""coordinates"": [-79.05568, 43.09683]}"
"Key Bank, National Association",51 East 4th Street,Dunkirk,14048,Chautauqua,"{""type"": ""Point"", ""coordinates"": [-79.33266, 42.48343]}"
"Key Bank, National Association",388 Feura Bush Road,Glenmont,12077,Albany,"{""type"": ""Point"", ""coordinates"": [-73.79517, 42.60073]}"
"Key Bank, National Association",50 North Church Street,Goshen,10924,Orange,"{""type"": ""Point"", ""coordinates"": [-74.32511, 41.40279]}"
"Key Bank, National Association",14 Main Street,Hoosick Falls,12090,Rensselaer,"{""type"": ""Point"", ""coordinates"": [-73.35053, 42.90167]}"
"Key Bank, National Association",6210 Shimer Drive,Lockport,14094,Niagara,"{""type"": ""Point"", ""coordinates"": [-78.69452, 43.14606]}"
"Key Bank, National Association",100 River Road,North Tonawanda,14120,Niagara,"{""type"": ""Point"", ""coordinates"": [-78.88027, 43.02488]}"
"Key Bank, National Association",1455 French Road,Depew,14043,Erie,"{""type"": ""Point"", ""coordinates"": [-78.69816, 42.86756]}"
"Key Bank, National Association",2952 Saunders Settlement Road,Sanborn,14132,Niagara,"{""type"": ""Point"", ""coordinates"": [-78.88421, 43.1429]}"
"Key Bank, National Association",8591 Main Street,Eden,14057,Erie,"{""type"": ""Point"", ""coordinates"": [-78.89706, 42.65216]}"
"Key Bank, National Association",3016 ROUTE 50,SARATOGA SPRINGS,12866,Saratoga,"{""type"": ""Point"", ""coordinates"": [-73.7481, 43.10045]}"
"Key Bank, National Association",2547 Youngstown/Lockport Road,Ramsomville,14131,Niagara,"{""type"": ""Point"", ""coordinates"": [-78.90976, 43.23887]}"
"Key Bank, National Association",2050 Western Avenue,Guilderland,12084,Albany,"{""type"": ""Point"", ""coordinates"": [-73.88946, 42.6972]}"
"Key Bank, National Association",306 West Ferry Street,Buffalo,14213,Erie,"{""type"": ""Point"", ""coordinates"": [-78.89024, 42.91529]}"
"Key Bank, National Association",26 West Main Street,Sodus,14551,Wayne,"{""type"": ""Point"", ""coordinates"": [-77.06274, 43.23609]}"
"Key Bank, National Association",493 Center Street,Lewiston,14092,Niagara,"{""type"": ""Point"", ""coordinates"": [-79.04173, 43.17254]}"
"Key Bank, National Association",301 Second Avenue,Liverpool,13088,Onondaga,"{""type"": ""Point"", ""coordinates"": [-76.20843, 43.10334]}"
"Key Bank, National Association",7647 State Street,Lowville,13367,Lewis,"{""type"": ""Point"", ""coordinates"": [-75.48109, 43.78944]}"
"Key Bank, National Association","Route 6, Lake Plaza Shopping Center",Mahopac,10541,Putnam,"{""type"": ""Point"", ""coordinates"": [-73.75549, 41.37227]}"
"Key Bank, National Association",469 East Main Street,Malone,12953,Franklin,"{""type"": ""Point"", ""coordinates"": [-74.28997, 44.84904]}"
"Key Bank, National Association",507 Route 67,Ballston Spa,12020,Saratoga,"{""type"": ""Point"", ""coordinates"": [-73.79438, 42.97101]}"
"Key Bank, National Association",7 East Main Street,Marcellus,13108,Onondaga,"{""type"": ""Point"", ""coordinates"": [-76.33864, 42.98278]}"
"Key Bank, National Association",3283 Main Street,Mexico,13114,Oswego,"{""type"": ""Point"", ""coordinates"": [-76.23026, 43.45936]}"
"Key Bank, National Association",101 Dolson Avenue,Middletown,10940,Orange,"{""type"": ""Point"", ""coordinates"": [-74.42237, 41.43149]}"
"Key Bank, National Association",2429 Military Road,Niagara Falls,14304,Niagara,"{""type"": ""Point"", ""coordinates"": [-78.97659, 43.10214]}"
"Key Bank, National Association",561 New Scotland Avenue,Albany,12208,Albany,"{""type"": ""Point"", ""coordinates"": [-73.80122, 42.65627]}"
"Key Bank, National Association",3337 Consaul Road,Schenectady,12309,Schenectady,"{""type"": ""Point"", ""coordinates"": [-73.89134, 42.78305]}"
"Key Bank, National Association",5200 Main Street,Williamsville,14221,Erie,"{""type"": ""Point"", ""coordinates"": [-78.7589, 42.96105]}"
"Key Bank, National Association",1071 Payne Avenue,North Tonawanda,14121,Niagara,"{""type"": ""Point"", ""coordinates"": [-78.87807, 43.05195]}"
"Key Bank, National Association",3171 Sheridan Drive,Amherst,14226,Erie,"{""type"": ""Point"", ""coordinates"": [-78.81585, 42.97992]}"
"Key Bank, National Association",980 Ridge Road East,Webster,14580,Monroe,"{""type"": ""Point"", ""coordinates"": [-77.45929, 43.21039]}"
"Key Bank, National Association",2362 Lyell Avenue,Rochester,14606,Monroe,"{""type"": ""Point"", ""coordinates"": [-77.68983, 43.16507]}"
"Key Bank, National Association",2155 Penfield Road,Penfield,14526,Monroe,"{""type"": ""Point"", ""coordinates"": [-77.4425, 43.13028]}"
"Key Bank, National Association",3230 Chili Avenue,Rochester,14624,Monroe,"{""type"": ""Point"", ""coordinates"": [-77.75071, 43.10552]}"
"Key Bank, National Association",3935 Route 31,Liverpool,13090,Onondaga,"{""type"": ""Point"", ""coordinates"": [-76.24022, 43.18563]}"
"Key Bank, National Association",53 South Main Street,Liberty,12754,Sullivan,"{""type"": ""Point"", ""coordinates"": [-74.74512, 41.7988]}"
"Key Bank, National Association",6570 Kinne Road,Dewitt,13214,Onondaga,"{""type"": ""Point"", ""coordinates"": [-76.0661, 43.04248]}"
"Key Bank, National Association",1125 Mohawk Street,Utica,13501,Oneida,"{""type"": ""Point"", ""coordinates"": [-75.22163, 43.09067]}"
"Key Bank, National Association",33 THIRD STREET,TROY,12180,Rensselaer,"{""type"": ""Point"", ""coordinates"": [-73.69053, 42.73094]}"
"Key Bank, National Association",782 Hoosick Road -- Route 7,Troy,12180,Rensselaer,"{""type"": ""Point"", ""coordinates"": [-73.63746, 42.74822]}"
"Key Bank, National Association",1941 Route 52,Hopewell Junction,12533,Dutchess,"{""type"": ""Point"", ""coordinates"": [-73.83839, 41.53991]}"
"Key Bank, National Association",50 Main Street,Mt. Kisco,10549,Westchester,"{""type"": ""Point"", ""coordinates"": [-73.74745, 41.21505]}"
"Key Bank, National Association",1776 Sheridan Drive,Tonawanda,14223,Erie,"{""type"": ""Point"", ""coordinates"": [-78.86815, 42.9817]}"
"Key Bank, National Association",1505 ROUTE 22,BREWSTER,10509,Putnam,"{""type"": ""Point"", ""coordinates"": [-73.577, 41.41994]}"
"Key Bank, National Association",418 South Park Avenue,Buffalo,14214,Erie,"{""type"": ""Point"", ""coordinates"": [-78.86409, 42.87186]}"
"Key Bank, National Association",300 Pearl Street,Buffalo,14202,Erie,"{""type"": ""Point"", ""coordinates"": [-78.87497, 42.88762]}"
"Key Bank, National Association",4707 LAKE ROAD SOUTH,BROCKPORT,14420,Monroe,"{""type"": ""Point"", ""coordinates"": [-77.94336, 43.20053]}"
"Key Bank, National Association",170 South Highland Avenue,Ossining,10562,Westchester,"{""type"": ""Point"", ""coordinates"": [-73.86077, 41.14783]}"
"Key Bank, National Association",Route 6,Baldwin Place,10505,Westchester,
"Key Bank, National Association",17 SOUTH BROADWAY,NYACK,10960,Rockland,"{""type"": ""Point"", ""coordinates"": [-73.91793, 41.09007]}"
"Key Bank, National Association",1555 Route 9,Wappingers Falls,12590,Dutchess,"{""type"": ""Point"", ""coordinates"": [-73.91059, 41.59471]}"
"Key Bank, National Association",888 Route 11,Champlain,12919,Clinton,"{""type"": ""Point"", ""coordinates"": [-73.4458, 44.97866]}"
"Key Bank, National Association",1000 Elmwood Avenue,Buffalo,14222,Erie,"{""type"": ""Point"", ""coordinates"": [-78.87702, 42.9244]}"
"Key Bank, National Association",135 Delaware Avenue,Buffalo,14202,Erie,"{""type"": ""Point"", ""coordinates"": [-78.8771, 42.88828]}"
"Key Bank, National Association",4455 Transit Road,Williamsville,14221,Erie,"{""type"": ""Point"", ""coordinates"": [-78.69584, 42.9686]}"
"Key Bank, National Association",4467 Main Street,Snyder,14226,Erie,"{""type"": ""Point"", ""coordinates"": [-78.78454, 42.96311]}"
"Key Bank, National Association",417 Spring Street,Jamestown,14701,Chautauqua,"{""type"": ""Point"", ""coordinates"": [-79.23935, 42.09826]}"
"Key Bank, National Association",103 Peterboro Street,Canastota,13032,Madison,"{""type"": ""Point"", ""coordinates"": [-75.75116, 43.07967]}"
"Key Bank, National Association",8899 Main Street,Williamsville,14221,Erie,"{""type"": ""Point"", ""coordinates"": [-78.6605, 42.9663]}"
"Key Bank, National Association",1703 ROUTE 9,CLIFTON PARK,12065,Saratoga,"{""type"": ""Point"", ""coordinates"": [-73.76968, 42.86415]}"
"Key Bank, National Association",117 Veterans Drive,Cobleskill,12043,Schoharie,"{""type"": ""Point"", ""coordinates"": [-74.48724, 42.67707]}"
"Key Bank, National Association",2030 Sheridan Drive,Tonawanda,14223,Erie,"{""type"": ""Point"", ""coordinates"": [-78.85905, 42.98098]}"
"Key Bank, National Association",103 Main Street,Cooperstown,13326,Otsego,"{""type"": ""Point"", ""coordinates"": [-74.92535, 42.70073]}"
"Key Bank, National Association",25 South Main Street,Homer,13077,Cortland,"{""type"": ""Point"", ""coordinates"": [-76.17863, 42.63617]}"
"Key Bank, National Association",2858 Delaware Avenue,Kenmore,14217,Erie,"{""type"": ""Point"", ""coordinates"": [-78.86995, 42.96205]}"
"Key Bank, National Association",215 Tecumesh Road,Syracuse,13224,Onondaga,"{""type"": ""Point"", ""coordinates"": [-76.11022, 43.02769]}"
Kinecta Federal Credit Union,189 WEST MAIN STREET,ROCHESTER,14580,Monroe,"{""type"": ""Point"", ""coordinates"": [-77.61782, 43.15449]}"
Kinecta Federal Credit Union,3603 MOUNT READ BLVD.,ROCHESTER,14616,Monroe,"{""type"": ""Point"", ""coordinates"": [-77.65971, 43.22463]}"
Kinecta Federal Credit Union,1425 Jefferson Road,Henrietta,14623,Monroe,"{""type"": ""Point"", ""coordinates"": [-77.59184, 43.08702]}"
Lake Shore Savings Bank,1 Green Avenue WE,Jamestown,14701,Chautauqua,"{""type"": ""Point"", ""coordinates"": [-79.29027, 42.09577]}"
Lake Shore Savings Bank,4433 Main Street,Buffalo,14226,Erie,"{""type"": ""Point"", ""coordinates"": [-78.78597, 42.96356]}"
Lake Shore Savings Bank,30 East Main Street,Fredonia,14063,Chautauqua,"{""type"": ""Point"", ""coordinates"": [-79.33039, 42.44061]}"
Lake Shore Savings Bank,115 East Fourth Street,Jamestown,14701,Chautauqua,"{""type"": ""Point"", ""coordinates"": [-79.23942, 42.09756]}"
Lake Shore Savings Bank,280 Central Avenue (Williams Center),Fredonia,14063,Chautauqua,"{""type"": ""Point"", ""coordinates"": [-79.33406, 42.45331]}"
Lake Shore Savings Bank,ROUTES 5 & 20,IRVING,14081,Erie,
Lake Shore Savings Bank,280 Central Avenue (McEwen Hall),Fredonia,14063,Chautauqua,"{""type"": ""Point"", ""coordinates"": [-79.33406, 42.45331]}"
Lake Shore Savings Bank,59 Main Street,Hamburg,14075,Erie,"{""type"": ""Point"", ""coordinates"": [-78.83192, 42.71629]}"
Lake Shore Savings Bank,3111 Union Road,Orchard Park,14127,Erie,"{""type"": ""Point"", ""coordinates"": [-78.75101, 42.80009]}"
Lake Shore Savings Bank,5751 Transit Road,East Amherst,14051,Erie,"{""type"": ""Point"", ""coordinates"": [-78.69561, 43.0045]}"
Lake Shore Savings Bank,106 East Main Street,Westfield,14787,Chautauqua,"{""type"": ""Point"", ""coordinates"": [-79.57498, 42.32411]}"
Lake Shore Savings Bank,3438 Delaware Avenue,Kenmore,14217,Erie,"{""type"": ""Point"", ""coordinates"": [-78.87221, 42.9776]}"
Lake Shore Savings Bank,4950 Main Street,Snyder,14226,Erie,"{""type"": ""Point"", ""coordinates"": [-78.77123, 42.96027]}"
Lake Shore Savings Bank,570 Dick Road,Depew,14043,Erie,"{""type"": ""Point"", ""coordinates"": [-78.73704, 42.9173]}"
Lake Shore Savings Bank,280 Central Avenue (Gregory Hall),Fredonia,14063,Chautauqua,"{""type"": ""Point"", ""coordinates"": [-79.33406, 42.45331]}"
Lake Shore Savings Bank,31 East Fourth Street,Dunkirk,14048,Chautauqua,"{""type"": ""Point"", ""coordinates"": [-79.33342, 42.48332]}"
Lake Shore Savings Bank,8-22 Central Avenue,Dunkirk,14048,Chautauqua,"{""type"": ""Point"", ""coordinates"": [-79.33569, 42.4877]}"
Lake Shore Savings Bank,525 FALCONER STREET,JAMESTOWN,14702,Chautauqua,"{""type"": ""Point"", ""coordinates"": [-79.21914, 42.1142]}"
Leatherstocking Region Federal Credit Union,24 Glen Avenue,Cooperstown,13326,Otsego,"{""type"": ""Point"", ""coordinates"": [-74.93454, 42.69859]}"
Leatherstocking Region Federal Credit Union,60 RIVER STREET,COOPERSTOWN,13326,Otsego,"{""type"": ""Point"", ""coordinates"": [-74.92247, 42.69602]}"
Leatherstocking Region Federal Credit Union,One Atwell Road,Cooperstown,13326,Otsego,"{""type"": ""Point"", ""coordinates"": [-74.9228, 42.69511]}"
Lyons National Bank,205 Liberty Street,Penn Yan,14527,Yates,"{""type"": ""Point"", ""coordinates"": [-77.05579, 42.65935]}"
Lyons National Bank,Routes 14 & 31,Lyons,14489,Wayne,"{""type"": ""Point"", ""coordinates"": [-76.99045, 43.06358]}"
Lyons National Bank,6280 Furnace Road,Ontario,14519,Wayne,"{""type"": ""Point"", ""coordinates"": [-77.28196, 43.2263]}"
Lyons National Bank,4 Williams Street,Clyde,14433,Wayne,"{""type"": ""Point"", ""coordinates"": [-76.87113, 43.08236]}"
Lyons National Bank,359 State Route 31,Macedon,14502,Wayne,"{""type"": ""Point"", ""coordinates"": [-77.35956, 43.06495]}"
Lyons National Bank,10 ROCHESTER STREET,PORT BYRON,13140,Cayuga,"{""type"": ""Point"", ""coordinates"": [-76.62447, 43.03469]}"
Lyons National Bank,1148 N. MAIN STREET,NEWARK,14513,Wayne,"{""type"": ""Point"", ""coordinates"": [-77.09547, 43.06107]}"
Lyons National Bank,14016 CANADA STREET,RED CREEK,13143,Wayne,"{""type"": ""Point"", ""coordinates"": [-76.72133, 43.2462]}"
Lyons National Bank,414 MAIN STREET,NORTH ROSE,14516,Wayne,
Lyons National Bank,10 W. MAIN STREET,WOLCOTT,14590,Wayne,
Lyons National Bank,1530 RIDGE ROAD,ONTARIO,14519,Wayne,"{""type"": ""Point"", ""coordinates"": [-77.30665, 43.22573]}"
Lyons National Bank,608 EAST UNION STREET,NEWARK,14513,Wayne,"{""type"": ""Point"", ""coordinates"": [-77.07879, 43.04458]}"
Lyons National Bank,3225 STATE ROUTE 364,CANANDAIQUA,14424,Wayne,"{""type"": ""Point"", ""coordinates"": [-77.24717, 42.87416]}"
Lyons National Bank,2433 State Route 414,Waterloo,13165,Seneca,"{""type"": ""Point"", ""coordinates"": [-76.83682, 42.90707]}"
Lyons National Bank,2 North Main Street,Jordan,13080,Onondaga,"{""type"": ""Point"", ""coordinates"": [-76.4732, 43.06543]}"
Lyons National Bank,35 Williams Street,Lyons,14489,Wayne,"{""type"": ""Point"", ""coordinates"": [-76.99229, 43.06358]}"
Lyons National Bank,1314 FAIRPORT ROAD,FAIRPORT,14450,Monroe,"{""type"": ""Point"", ""coordinates"": [-77.46125, 43.10172]}"
Lyons National Bank,311 GRANT AVENUE,AUBURN,13021,Cayuga,"{""type"": ""Point"", ""coordinates"": [-76.54221, 42.95779]}"
Lyons National Bank,Geneva Lakefront Visitor Center,Geneva,14456,Ontario,
Lyons National Bank,9-21 DILL STREET PLAZA,AUBURN,13021,Cayuga,"{""type"": ""Point"", ""coordinates"": [-76.5671, 42.93263]}"
Lyons National Bank,240 Falls Street,Seneca Falls,13148,Seneca,"{""type"": ""Point"", ""coordinates"": [-76.80997, 42.91057]}"
Lyons National Bank,1423 Hathaway Drive,Farmington,14425,Ontario,"{""type"": ""Point"", ""coordinates"": [-77.34916, 42.96438]}"
Lyons National Bank,Keuka College Student Hall/Bookstore,Keuka Park,14478,Yates,
Lyons National Bank,Wayne County Nursing Home Lobby,Lyons,14489,Wayne,
Lyons National Bank,1 Dipronio Drive,Waterloo,13165,Seneca,"{""type"": ""Point"", ""coordinates"": [-76.8434, 42.90877]}"
Lyons National Bank,750 West Miller Street,Newark,14513,Wayne,"{""type"": ""Point"", ""coordinates"": [-77.11172, 43.04519]}"
Lyons National Bank,5996 New Hartford Street,Wolcott,14590,Wayne,"{""type"": ""Point"", ""coordinates"": [-76.81442, 43.21916]}"
Lyons National Bank,399 Exchange Street,Geneva,14456,Ontario,"{""type"": ""Point"", ""coordinates"": [-76.98054, 42.86904]}"
Manufacturers and Traders Trust Company,908 FAIRPORT ROAD,PERINTON,14450,Monroe,"{""type"": ""Point"", ""coordinates"": [-77.48009, 43.10274]}"
Manufacturers and Traders Trust Company,3500 MAIN STREET,AMHERST,14226,Erie,"{""type"": ""Point"", ""coordinates"": [-78.81775, 42.95799]}"
Manufacturers and Traders Trust Company,345 MAIN STREET,BUFFALO,14203,Erie,"{""type"": ""Point"", ""coordinates"": [-78.87497, 42.88388]}"
Manufacturers and Traders Trust Company,5958 SOUTH SALINA STREET,SYRACUSE,13205,Erie,"{""type"": ""Point"", ""coordinates"": [-76.1436, 42.98371]}"
Manufacturers and Traders Trust Company,80 State Street,Albany,12207,Albany,"{""type"": ""Point"", ""coordinates"": [-73.75247, 42.64966]}"
Manufacturers and Traders Trust Company,999 BROADWAY STREET,BUFFALO,14212,Erie,"{""type"": ""Point"", ""coordinates"": [-78.83812, 42.89244]}"
Manufacturers and Traders Trust Company,10  SOUTH MAIN STREET,SILVER CREEK,14136,Chautauqua,"{""type"": ""Point"", ""coordinates"": [-79.16695, 42.54357]}"
Manufacturers and Traders Trust Company,100 SOUTH CASCADE DRIVE,SPRINGVILLE,14141,Erie,"{""type"": ""Point"", ""coordinates"": [-78.68876, 42.50651]}"
Manufacturers and Traders Trust Company,12 CHAPEL STREET,PRATTSBURGH,14873,Steuben,"{""type"": ""Point"", ""coordinates"": [-77.28963, 42.5237]}"
Manufacturers and Traders Trust Company,149-153 Robinson Street,Binghamton,13904,Broome,"{""type"": ""Point"", ""coordinates"": [-75.88962, 42.1078]}"
Manufacturers and Traders Trust Company,1627 MONROE AVENUE,ROCHESTER,14618,Monroe,"{""type"": ""Point"", ""coordinates"": [-77.57029, 43.13128]}"
Manufacturers and Traders Trust Company,17 North Main Street,Silver Springs,14550,Wyoming,"{""type"": ""Point"", ""coordinates"": [-78.08316, 42.6599]}"
Manufacturers and Traders Trust Company,171 East State Street,Ithaca,14850,Tompkins,"{""type"": ""Point"", ""coordinates"": [-76.49658, 42.43961]}"
Manufacturers and Traders Trust Company,2101 ELMWOOD AVENUE,BUFFALO,14207,Erie,"{""type"": ""Point"", ""coordinates"": [-78.87662, 42.95503]}"
Manufacturers and Traders Trust Company,24 East Main Street,Fredonia,14063,Chautauqua,"{""type"": ""Point"", ""coordinates"": [-79.33062, 42.44048]}"
Manufacturers and Traders Trust Company,2599 E HENRIETTA ROAD,HENRIETTA,14467,Monroe,"{""type"": ""Point"", ""coordinates"": [-77.60862, 43.06947]}"
Manufacturers and Traders Trust Company,2604 West State Street,Olean,14760,Cattaraugus,"{""type"": ""Point"", ""coordinates"": [-78.4588, 42.07767]}"
Manufacturers and Traders Trust Company,2669 Main Street,Whitney Point,13862,Broome,"{""type"": ""Point"", ""coordinates"": [-75.96685, 42.32903]}"
Manufacturers and Traders Trust Company,2968 Delaware Avenue,Kenmore,14217,Erie,"{""type"": ""Point"", ""coordinates"": [-78.87034, 42.9652]}"
Manufacturers and Traders Trust Company,3513 MCKINLEY PARKWAY,BLASDELL,14219,Erie,"{""type"": ""Point"", ""coordinates"": [-78.81049, 42.78901]}"
Manufacturers and Traders Trust Company,41 WASHINGTON AVENUE,ENDICOTT,13760,Broome,"{""type"": ""Point"", ""coordinates"": [-76.04825, 42.10336]}"
Manufacturers and Traders Trust Company,397 First Avenue,New York,10010,New York,"{""type"": ""Point"", ""coordinates"": [-73.97867, 40.73675]}"
Manufacturers and Traders Trust Company,5330 Main Street,Williamsville,14221,Erie,"{""type"": ""Point"", ""coordinates"": [-78.75427, 42.96149]}"
Manufacturers and Traders Trust Company,6 New Hartford Shopping Center,New Hartford,13413,Oneida,"{""type"": ""Point"", ""coordinates"": [-75.29609, 43.07687]}"
Manufacturers and Traders Trust Company,70 WEST CHIPPEWA STREET,BUFFALO,14202,Erie,"{""type"": ""Point"", ""coordinates"": [-78.8759, 42.8906]}"
Manufacturers and Traders Trust Company,7095 Manlius Center Road,East Syracuse,13057,Onondaga,"{""type"": ""Point"", ""coordinates"": [-76.03167, 43.06274]}"
Manufacturers and Traders Trust Company,903 CENTER STREET,LEWISTON,14092,Niagara,"{""type"": ""Point"", ""coordinates"": [-79.03148, 43.17188]}"
Manufacturers and Traders Trust Company,810 South Crouse Avenue,Syracuse,13210,Onondaga,"{""type"": ""Point"", ""coordinates"": [-76.13786, 43.04098]}"
Manufacturers and Traders Trust Company,3530 MAIN STREET,AMHERST,14226,Erie,"{""type"": ""Point"", ""coordinates"": [-78.81743, 42.95812]}"
Manufacturers and Traders Trust Company,1 East Main Street,Corfu,14036,Genesee,"{""type"": ""Point"", ""coordinates"": [-78.40563, 42.9601]}"
Manufacturers and Traders Trust Company,1 West 6th Street,Jamestown,14701,Chautauqua,"{""type"": ""Point"", ""coordinates"": [-79.24212, 42.09894]}"
Manufacturers and Traders Trust Company,300 Mamaroneck Avenue,Mamaroneck,10543,Westchester,"{""type"": ""Point"", ""coordinates"": [-73.73481, 40.95104]}"
Manufacturers and Traders Trust Company,50 Jericho Quadrangle,Jericho,11753,Nassau,"{""type"": ""Point"", ""coordinates"": [-73.55502, 40.78495]}"
Manufacturers and Traders Trust Company,1 FOUNTAIN PLAZA,BUFFALO,14203,Erie,"{""type"": ""Point"", ""coordinates"": [-78.87315, 42.8886]}"
Manufacturers and Traders Trust Company,301 Route 25A,Miller Place,11764,Suffolk,"{""type"": ""Point"", ""coordinates"": [-72.99042, 40.94195]}"
Manufacturers and Traders Trust Company,2935 VETERANS ROAD WEST,STATEN ISLAND,10309,Richmond,"{""type"": ""Point"", ""coordinates"": [-74.23148, 40.52707]}"
Manufacturers and Traders Trust Company,1030 JACKSON AVENUE,LONG ISLAND CITY,11101,Queens,"{""type"": ""Point"", ""coordinates"": [-73.95329, 40.74219]}"
Manufacturers and Traders Trust Company,5771 Camp Road,Hamburg,14075,Erie,"{""type"": ""Point"", ""coordinates"": [-78.83494, 42.72989]}"
Manufacturers and Traders Trust Company,300 SAW MILL RIVER ROAD,ELMSFORD,10523,Westchester,"{""type"": ""Point"", ""coordinates"": [-73.81383, 41.06497]}"
Manufacturers and Traders Trust Company,1034 2ND AVENUE,NEW YORK,10022,New York,"{""type"": ""Point"", ""coordinates"": [-73.96643, 40.75775]}"
Manufacturers and Traders Trust Company,2460 Grand Concourse,Bronx,10458,Bronx,"{""type"": ""Point"", ""coordinates"": [-73.8975, 40.86141]}"
Manufacturers and Traders Trust Company,424 ROUTE 376,HOPEWELL JUNCTION,12533,Dutchess,"{""type"": ""Point"", ""coordinates"": [-73.80788, 41.57997]}"
Manufacturers and Traders Trust Company,2248 North Triphammer Road,Ithaca,14850,Tompkins,"{""type"": ""Point"", ""coordinates"": [-76.48252, 42.47858]}"
Manufacturers and Traders Trust Company,935 Hard Road,Webster,14580,Monroe,"{""type"": ""Point"", ""coordinates"": [-77.46191, 43.21108]}"
Manufacturers and Traders Trust Company,2490 CORNING ROAD,ELMIRA,14903,Chemung,"{""type"": ""Point"", ""coordinates"": [-76.83311, 42.15021]}"
Manufacturers and Traders Trust Company,1746 BLACK RIVER BOULEVARD,ROME,13440,Oneida,"{""type"": ""Point"", ""coordinates"": [-75.43778, 43.2313]}"
Manufacturers and Traders Trust Company,1830 Route 112,Coram,11727,Suffolk,"{""type"": ""Point"", ""coordinates"": [-73.01438, 40.89023]}"
Manufacturers and Traders Trust Company,693 MONTAUK HIGHWAY,BAYPORT,11705,Suffolk,"{""type"": ""Point"", ""coordinates"": [-73.05519, 40.74704]}"
Manufacturers and Traders Trust Company,"21 EAST INDUSTRY COURT, SUITE 11EA",DEER PARK,11729,Suffolk,"{""type"": ""Point"", ""coordinates"": [-73.29643, 40.7609]}"
Manufacturers and Traders Trust Company,746 MONTAUK HIGHWAY,MONTAUK,11954,Suffolk,"{""type"": ""Point"", ""coordinates"": [-71.94404, 41.03448]}"
Manufacturers and Traders Trust Company,17 Main Street,Sag Harbor,11963,Suffolk,"{""type"": ""Point"", ""coordinates"": [-72.29525, 41.00168]}"
Manufacturers and Traders Trust Company,295 NORTH SEA ROAD,SOUTHAMPTON,11968,Suffolk,"{""type"": ""Point"", ""coordinates"": [-72.39802, 40.89459]}"
Manufacturers and Traders Trust Company,977 CENTRAL PARK,SCARSDALE,10583,Westchester,"{""type"": ""Point"", ""coordinates"": [-73.8228, 40.99077]}"
Manufacturers and Traders Trust Company,1919 Middle Country Road,Centereach,11720,Suffolk,"{""type"": ""Point"", ""coordinates"": [-73.07876, 40.85945]}"
Manufacturers and Traders Trust Company,836 Fort Salonga Road,Northport,11768,Suffolk,"{""type"": ""Point"", ""coordinates"": [-73.3302, 40.89891]}"
Manufacturers and Traders Trust Company,300 Wheatley Plaza,Greenvale,11548,Nassau,"{""type"": ""Point"", ""coordinates"": [-73.62657, 40.80968]}"
Manufacturers and Traders Trust Company,404 South Oyster Bay Road,Hicksville,11801,Nassau,"{""type"": ""Point"", ""coordinates"": [-73.50334, 40.78205]}"
Manufacturers and Traders Trust Company,One East Main Street,Smithtown,11787,Suffolk,"{""type"": ""Point"", ""coordinates"": [-73.19409, 40.85513]}"
Manufacturers and Traders Trust Company,2020 Jericho Turnpike,Commack,11725,Suffolk,"{""type"": ""Point"", ""coordinates"": [-73.27111, 40.84499]}"
Manufacturers and Traders Trust Company,548 Route 111,Hauppauge,11788,Suffolk,"{""type"": ""Point"", ""coordinates"": [-73.21829, 40.81526]}"
Manufacturers and Traders Trust Company,955 LITTLE NECK ROAD,WEST BABYLON,11704,Suffolk,"{""type"": ""Point"", ""coordinates"": [-73.35645, 40.72125]}"
Manufacturers and Traders Trust Company,585 William Street,Buffalo,14204,Erie,"{""type"": ""Point"", ""coordinates"": [-78.84929, 42.88516]}"
Manufacturers and Traders Trust Company,111 Kraft Avenue,Bronxville,10708,Westchester,"{""type"": ""Point"", ""coordinates"": [-73.83441, 40.94075]}"
Manufacturers and Traders Trust Company,14 Park Drive,Kings Park,11754,Suffolk,"{""type"": ""Point"", ""coordinates"": [-73.25308, 40.88228]}"
Manufacturers and Traders Trust Company,465 SMITHTOWN BOULEVARD,NESCONSET,11767,Suffolk,"{""type"": ""Point"", ""coordinates"": [-73.14675, 40.83329]}"
Manufacturers and Traders Trust Company,253 North Main Street,Spring Valley,10977,Rockland,"{""type"": ""Point"", ""coordinates"": [-74.04181, 41.12592]}"
Manufacturers and Traders Trust Company,127 7TH AVENUE,NEW YORK,10011,New York,"{""type"": ""Point"", ""coordinates"": [-73.99799, 40.74088]}"
Manufacturers and Traders Trust Company,250 Park Avenue,New York,10177,New York,"{""type"": ""Point"", ""coordinates"": [-73.97577, 40.75486]}"
Manufacturers and Traders Trust Company,6 WEST SECOND STREET,RIVERHEAD,11901,Suffolk,"{""type"": ""Point"", ""coordinates"": [-72.66359, 40.91891]}"
Manufacturers and Traders Trust Company,2065 WADING RIVER MANOR ROAD,WADING RIVER,11792,Suffolk,"{""type"": ""Point"", ""coordinates"": [-72.84265, 40.94539]}"
Manufacturers and Traders Trust Company,502 MAIN STREET,CENTER MORICHES,11934,Suffolk,"{""type"": ""Point"", ""coordinates"": [-72.79802, 40.79907]}"
Manufacturers and Traders Trust Company,2801-B ROUTE 112,MEDFORD,11763,Suffolk,"{""type"": ""Point"", ""coordinates"": [-72.99516, 40.82678]}"
Manufacturers and Traders Trust Company,99 NY- 25A,Shoreham,11786,Suffolk,"{""type"": ""Point"", ""coordinates"": [-72.89473, 40.94682]}"
Manufacturers and Traders Trust Company,14 South Moger Avenue,Mount Kisco,10549,Westchester,"{""type"": ""Point"", ""coordinates"": [-73.72847, 41.20802]}"
Manufacturers and Traders Trust Company,242 West 34th Street,New York,10119,New York,"{""type"": ""Point"", ""coordinates"": [-73.99152, 40.75137]}"
Manufacturers and Traders Trust Company,4237 Union Road,Cheektowaga,14225,Erie,"{""type"": ""Point"", ""coordinates"": [-78.75359, 42.92886]}"
Manufacturers and Traders Trust Company,386 West Main Street,Batavia,14020,Genesee,"{""type"": ""Point"", ""coordinates"": [-78.20409, 43.00558]}"
Manufacturers and Traders Trust Company,184 Sterling Place,Brooklyn,11217,Kings,"{""type"": ""Point"", ""coordinates"": [-73.97207, 40.67645]}"
Manufacturers and Traders Trust Company,59 KENSICO ROAD,THORNWOOD,10594,Westchester,"{""type"": ""Point"", ""coordinates"": [-73.77935, 41.12371]}"
Manufacturers and Traders Trust Company,168 West Montauk Highway,Hampton Bays,11946,Suffolk,"{""type"": ""Point"", ""coordinates"": [-72.53315, 40.87668]}"
Manufacturers and Traders Trust Company,144 Sunset Avenue,Westhampton Beach,11978,Suffolk,"{""type"": ""Point"", ""coordinates"": [-72.64441, 40.81351]}"
Manufacturers and Traders Trust Company,31525 Main Road,Cutchogue,11935,Suffolk,"{""type"": ""Point"", ""coordinates"": [-72.48071, 41.01879]}"
Manufacturers and Traders Trust Company,135 West Broadway,Port Jefferson,11777,Suffolk,"{""type"": ""Point"", ""coordinates"": [-73.0717, 40.94567]}"
Manufacturers and Traders Trust Company,351 Pantigo Road,East Hampton,11937,Suffolk,"{""type"": ""Point"", ""coordinates"": [-72.16339, 40.96784]}"
Manufacturers and Traders Trust Company,3880 Veterans Memorial Highway,Bohemia,11716,Suffolk,"{""type"": ""Point"", ""coordinates"": [-73.10882, 40.78368]}"
Manufacturers and Traders Trust Company,26 South Route 9W,West Haverstraw,10993,Rockland,"{""type"": ""Point"", ""coordinates"": [-73.98516, 41.20824]}"
Manufacturers and Traders Trust Company,228 South Main Street,New City,10956,Rockland,"{""type"": ""Point"", ""coordinates"": [-73.98982, 41.13972]}"
Manufacturers and Traders Trust Company,470 Park Avenue South,New York,10016,New York,"{""type"": ""Point"", ""coordinates"": [-73.98247, 40.74561]}"
Manufacturers and Traders Trust Company,182 EAST MAIN STREET,HUNTINGTON,11743,Suffolk,"{""type"": ""Point"", ""coordinates"": [-73.39931, 40.88023]}"
Manufacturers and Traders Trust Company,4032 Nesconset Highway,East Setauket,11733,Suffolk,"{""type"": ""Point"", ""coordinates"": [-73.07327, 40.90461]}"
Manufacturers and Traders Trust Company,125 WOLF ROAD,ALBANY,12205,Albany,"{""type"": ""Point"", ""coordinates"": [-73.80755, 42.71731]}"
Manufacturers and Traders Trust Company,2976 3RD AVENUE,BRONX,10455,Bronx,"{""type"": ""Point"", ""coordinates"": [-73.91439, 40.81858]}"
Manufacturers and Traders Trust Company,1282 LONG POND ROAD,ROCHESTER,14626,Monroe,"{""type"": ""Point"", ""coordinates"": [-77.69559, 43.20846]}"
Manufacturers and Traders Trust Company,9220 Main Street,Clarence,14031,Erie,"{""type"": ""Point"", ""coordinates"": [-78.64665, 42.96995]}"
Manufacturers and Traders Trust Company,11520 TRANSIT ROAD,EAST AMHERST,14051,Erie,"{""type"": ""Point"", ""coordinates"": [-78.69751, 43.08402]}"
Manufacturers and Traders Trust Company,6687 TRANSIT ROAD,LANCASTER,14221,Erie,"{""type"": ""Point"", ""coordinates"": [-78.69634, 42.9533]}"
Manufacturers and Traders Trust Company,236 SOUTH HIGHLAND AVENUE,OSSINING,10562,Westchester,"{""type"": ""Point"", ""coordinates"": [-73.86168, 41.14461]}"
Manufacturers and Traders Trust Company,9013 Main Street,Rushford,14777,Erie,"{""type"": ""Point"", ""coordinates"": [-78.25191, 42.39234]}"
Manufacturers and Traders Trust Company,1955 Buffalo Road,Rochester,14624,Monroe,"{""type"": ""Point"", ""coordinates"": [-77.70694, 43.14802]}"
Manufacturers and Traders Trust Company,2310 Delaware Avenue,Buffalo,14216,Erie,"{""type"": ""Point"", ""coordinates"": [-78.8689, 42.94711]}"
Manufacturers and Traders Trust Company,1205 NIAGARA FALLS BOULEVARD,AMHERST,14226,Erie,"{""type"": ""Point"", ""coordinates"": [-78.8224, 42.9869]}"
Manufacturers and Traders Trust Company,200 Main Street,Beacon,12508,Dutchess,"{""type"": ""Point"", ""coordinates"": [-73.97437, 41.50754]}"
Manufacturers and Traders Trust Company,11 WEST 42ND STREET,NEW YORK,10036,New York,"{""type"": ""Point"", ""coordinates"": [-73.982, 40.75395]}"
Manufacturers and Traders Trust Company,43 ALBANY STREET,CAZENOVIA,13035,Madison,"{""type"": ""Point"", ""coordinates"": [-75.85424, 42.9299]}"
Manufacturers and Traders Trust Company,2664 ATLANTIC AVENUE,BROOKLYN,11207,Kings,"{""type"": ""Point"", ""coordinates"": [-73.89602, 40.67574]}"
Manufacturers and Traders Trust Company,610 Old Route 146,Clifton Park,12065,Saratoga,"{""type"": ""Point"", ""coordinates"": [-73.77878, 42.86423]}"
Manufacturers and Traders Trust Company,644 Bailey Avenue,Buffalo,14206,Erie,"{""type"": ""Point"", ""coordinates"": [-78.81931, 42.87301]}"
Manufacturers and Traders Trust Company,5 Market Street,Corning,14830,Steuben,"{""type"": ""Point"", ""coordinates"": [-77.05412, 42.14333]}"
Manufacturers and Traders Trust Company,135 Hamburg Street,East Aurora,14052,Erie,"{""type"": ""Point"", ""coordinates"": [-78.63228, 42.76504]}"
Manufacturers and Traders Trust Company,7133 Oak Orchard Road,Elba,14058,Genesee,"{""type"": ""Point"", ""coordinates"": [-78.18807, 43.06859]}"
Manufacturers and Traders Trust Company,101-25 Queens Boulevard,Forest Hills,11375,Queens,"{""type"": ""Point"", ""coordinates"": [-73.85221, 40.72658]}"
Manufacturers and Traders Trust Company,845 Franklin Avenue,Garden City,11530,Nassau,"{""type"": ""Point"", ""coordinates"": [-73.63492, 40.72776]}"
Manufacturers and Traders Trust Company,140 Adams Avenue,Hauppauge,11788,Suffolk,"{""type"": ""Point"", ""coordinates"": [-73.25646, 40.81484]}"
Manufacturers and Traders Trust Company,5226 Broadway,Lancaster,14086,Erie,"{""type"": ""Point"", ""coordinates"": [-78.6808, 42.90135]}"
Manufacturers and Traders Trust Company,3 South Main Street,Lyndonville,14098,Orleans,"{""type"": ""Point"", ""coordinates"": [-78.38876, 43.3211]}"
Manufacturers and Traders Trust Company,6 State Street,Nunda,14517,Livingston,"{""type"": ""Point"", ""coordinates"": [-77.94264, 42.57967]}"
Manufacturers and Traders Trust Company,1621 South Avenue,Syracuse,13207,Onondaga,"{""type"": ""Point"", ""coordinates"": [-76.15914, 43.02117]}"
Manufacturers and Traders Trust Company,39 SLAYTON AVENUE,SPENCERPORT,14559,Monroe,"{""type"": ""Point"", ""coordinates"": [-77.79912, 43.19082]}"
Manufacturers and Traders Trust Company,624 Route 211 East,Middletown,10941,Orange,"{""type"": ""Point"", ""coordinates"": [-74.36852, 41.4635]}"
Manufacturers and Traders Trust Company,830 EIGHTH AVENUE,NEW YORK,10019,New York,"{""type"": ""Point"", ""coordinates"": [-73.98602, 40.76235]}"
Manufacturers and Traders Trust Company,1430 Old Country Road,Riverhead,11901,Suffolk,"{""type"": ""Point"", ""coordinates"": [-72.69055, 40.92717]}"
Manufacturers and Traders Trust Company,58-68 EXCHANGE STREET,BINGHAMTON,13901,Broome,"{""type"": ""Point"", ""coordinates"": [-75.90978, 42.09755]}"
Manufacturers and Traders Trust Company,540 Hooper Road,Endwell,13760,Broome,"{""type"": ""Point"", ""coordinates"": [-76.01858, 42.11976]}"
Manufacturers and Traders Trust Company,33 East Genesee Street,Skaneateles,13152,Onondaga,"{""type"": ""Point"", ""coordinates"": [-76.42815, 42.94572]}"
Manufacturers and Traders Trust Company,100 Kasson Road,Camillus,13031,Onondaga,"{""type"": ""Point"", ""coordinates"": [-76.27509, 43.04007]}"
Manufacturers and Traders Trust Company,233 GENESEE STREET,UTICA,13501,Oneida,"{""type"": ""Point"", ""coordinates"": [-75.23321, 43.1004]}"
Manufacturers and Traders Trust Company,3165 LATTA ROAD,ROCHESTER,14612,Monroe,"{""type"": ""Point"", ""coordinates"": [-77.69583, 43.25278]}"
Manufacturers and Traders Trust Company,28 EAST MAIN STREET,ROCHESTER,14614,Monroe,"{""type"": ""Point"", ""coordinates"": [-77.61149, 43.1569]}"
Manufacturers and Traders Trust Company,1019 Park Street,Peekskill,10566,Westchester,"{""type"": ""Point"", ""coordinates"": [-73.91935, 41.29078]}"
Manufacturers and Traders Trust Company,115 SOUTH RIDGE STREET,RYE BROOK,10573,Westchester,"{""type"": ""Point"", ""coordinates"": [-73.68096, 41.00297]}"
Manufacturers and Traders Trust Company,3031 East Main Street,Mohegan Lake,10547,Westchester,"{""type"": ""Point"", ""coordinates"": [-73.86812, 41.31252]}"
Manufacturers and Traders Trust Company,389 Halstead Avenue,Harrison,10528,Westchester,"{""type"": ""Point"", ""coordinates"": [-73.70754, 40.96986]}"
Manufacturers and Traders Trust Company,88 Fourth Street,New Rochelle,10801,Westchester,"{""type"": ""Point"", ""coordinates"": [-73.79651, 40.91032]}"
Manufacturers and Traders Trust Company,237 Grant Avenue,Auburn,13021,Cayuga,"{""type"": ""Point"", ""coordinates"": [-76.54716, 42.95072]}"
Manufacturers and Traders Trust Company,3375 WEST SENECA AVENUE,CANASTOTA,13032,Madison,"{""type"": ""Point"", ""coordinates"": [-75.75321, 43.07012]}"
Manufacturers and Traders Trust Company,250 SOUTH CLINTON,SYRACUSE,13202,Onondaga,"{""type"": ""Point"", ""coordinates"": [-76.15443, 43.04915]}"
Manufacturers and Traders Trust Company,120 BROAD HOLLOW ROAD,FARMINGDALE,11735,Suffolk,"{""type"": ""Point"", ""coordinates"": [-73.42892, 40.71301]}"
Manufacturers and Traders Trust Company,1300 Jefferson Avenue,Buffalo,14208,Erie,"{""type"": ""Point"", ""coordinates"": [-78.85398, 42.91055]}"
Manufacturers and Traders Trust Company,880 Military Road,Niagara Falls,14304,Niagara,"{""type"": ""Point"", ""coordinates"": [-78.96909, 43.09091]}"
Manufacturers and Traders Trust Company,320 MAMARONECK AVENUE,WHITE PLAINS,10605,Westchester,"{""type"": ""Point"", ""coordinates"": [-73.76344, 41.02511]}"
Manufacturers and Traders Trust Company,74825 Main Road,Greenport,11944,Suffolk,"{""type"": ""Point"", ""coordinates"": [-72.37363, 41.09982]}"
Manufacturers and Traders Trust Company,4106 HYLAN BOULEVARD,STATEN ISLAND,10308,Richmond,"{""type"": ""Point"", ""coordinates"": [-74.14796, 40.53946]}"
Manufacturers and Traders Trust Company,133 MAIN STREET,WESTHAMPTON BEACH,11978,Suffolk,"{""type"": ""Point"", ""coordinates"": [-72.64247, 40.80945]}"
Manufacturers and Traders Trust Company,302 Somers Commons,Baldwin Place,10505,Putnam,
Manufacturers and Traders Trust Company,1 Herkimer Road,Utica,13502,Oneida,"{""type"": ""Point"", ""coordinates"": [-75.2105, 43.11635]}"
Manufacturers and Traders Trust Company,80 Oriskany Boulevard,Whitesboro,13492,Oneida,"{""type"": ""Point"", ""coordinates"": [-75.2928, 43.11863]}"
Manufacturers and Traders Trust Company,4767 COMMERCIAL DRIVE,NEW HARTFORD,13413,Oneida,"{""type"": ""Point"", ""coordinates"": [-75.30668, 43.09423]}"
Manufacturers and Traders Trust Company,134 EAST MAIN STREET,FRANKFORT,13340,Herkimer,"{""type"": ""Point"", ""coordinates"": [-75.0705, 43.03846]}"
Manufacturers and Traders Trust Company,501 East Main Street,Little Falls,13365,Herkimer,"{""type"": ""Point"", ""coordinates"": [-74.85901, 43.04348]}"
Manufacturers and Traders Trust Company,319 North Main Street,Herkimer,13350,Herkimer,"{""type"": ""Point"", ""coordinates"": [-74.98903, 43.0287]}"
Manufacturers and Traders Trust Company,900 THRUWAY PLAZA DRIVE,CHEEKTOWAGA,14225,Erie,"{""type"": ""Point"", ""coordinates"": [-78.78235, 42.90662]}"
Manufacturers and Traders Trust Company,3065 Niagara Falls Boulevard,Amherst,14228,Erie,"{""type"": ""Point"", ""coordinates"": [-78.82265, 43.03773]}"
Manufacturers and Traders Trust Company,3078 Bridge Street,Newport,13416,Herkimer,"{""type"": ""Point"", ""coordinates"": [-75.01536, 43.18559]}"
Manufacturers and Traders Trust Company,2040 Boston Post Road,Larchmont,10538,Westchester,"{""type"": ""Point"", ""coordinates"": [-73.75047, 40.93089]}"
Manufacturers and Traders Trust Company,5225 Transit Road,Williamsville,14221,Erie,"{""type"": ""Point"", ""coordinates"": [-78.69619, 42.98852]}"
Manufacturers and Traders Trust Company,1250 UPPER FRONT STREET,BINGHAMTON,13905,Broome,"{""type"": ""Point"", ""coordinates"": [-75.89413, 42.15572]}"
Manufacturers and Traders Trust Company,2102 Montauk Highway,Bridgehampton,11932,Suffolk,"{""type"": ""Point"", ""coordinates"": [-72.31503, 40.93468]}"
Manufacturers and Traders Trust Company,60 June Road,North Salem,10560,Westchester,"{""type"": ""Point"", ""coordinates"": [-73.59118, 41.32771]}"
Manufacturers and Traders Trust Company,2882 DELAWARE AVENUE,KENMORE,14217,Erie,"{""type"": ""Point"", ""coordinates"": [-78.87002, 42.96267]}"
Manufacturers and Traders Trust Company,310 Lenox Avenue,New York,10027,New York,"{""type"": ""Point"", ""coordinates"": [-73.94507, 40.80824]}"
Manufacturers and Traders Trust Company,2300 Downer Street,Baldwinsville,13027,Onondaga,"{""type"": ""Point"", ""coordinates"": [-76.34591, 43.1515]}"
Manufacturers and Traders Trust Company,725 Irving Avenue,Syracuse,13210,Onondaga,"{""type"": ""Point"", ""coordinates"": [-76.13787, 43.04161]}"
Manufacturers and Traders Trust Company,3945 ROUTE 31,LIVERPOOL,13090,Onondaga,"{""type"": ""Point"", ""coordinates"": [-76.23931, 43.18567]}"
Manufacturers and Traders Trust Company,507 South Main Street,North Syracuse,13212,Onondaga,"{""type"": ""Point"", ""coordinates"": [-76.13717, 43.12601]}"
Manufacturers and Traders Trust Company,500 East Genesee Street,Fayetteville,13066,Onondaga,"{""type"": ""Point"", ""coordinates"": [-76.00421, 43.03004]}"
Manufacturers and Traders Trust Company,8304 South Main Street,Cicero,13039,Onondaga,
Manufacturers and Traders Trust Company,3640 James Street,Syracuse,13206,Onondaga,"{""type"": ""Point"", ""coordinates"": [-76.09469, 43.06868]}"
Manufacturers and Traders Trust Company,203 Cypress Street,Liverpool,13088,Onondaga,"{""type"": ""Point"", ""coordinates"": [-76.20569, 43.10167]}"
Manufacturers and Traders Trust Company,4668 ONONDAGA BOULEVARD,SYRACUSE,13219,Onondaga,"{""type"": ""Point"", ""coordinates"": [-76.19382, 43.03228]}"
Manufacturers and Traders Trust Company,239 East Main Street,Elbridge,13060,Onondaga,"{""type"": ""Point"", ""coordinates"": [-76.4385, 43.03666]}"
Manufacturers and Traders Trust Company,5170 West Taft Road,North Syracuse,13212,Onondaga,"{""type"": ""Point"", ""coordinates"": [-76.15881, 43.12153]}"
Manufacturers and Traders Trust Company,2507 US ROUTE 11,LAFAYETTE,13084,Onondaga,"{""type"": ""Point"", ""coordinates"": [-76.10598, 42.89323]}"
Manufacturers and Traders Trust Company,2100 Park Street,Syracuse,13208,Onondaga,"{""type"": ""Point"", ""coordinates"": [-76.16715, 43.07283]}"
Manufacturers and Traders Trust Company,401 Broad Hollow Road,Melville,11747,Suffolk,"{""type"": ""Point"", ""coordinates"": [-73.4192, 40.77829]}"
Manufacturers and Traders Trust Company,595 New Loudon Road,Latham,12110,Albany,"{""type"": ""Point"", ""coordinates"": [-73.76006, 42.72753]}"
Manufacturers and Traders Trust Company,13-15 SUSSEX STREET,PORT JERVIS,12771,Orange,"{""type"": ""Point"", ""coordinates"": [-74.69241, 41.37446]}"
Manufacturers and Traders Trust Company,6560 FOURTH SECTION ROAD,BROCKPORT,14420,Monroe,"{""type"": ""Point"", ""coordinates"": [-77.9451, 43.19837]}"
Manufacturers and Traders Trust Company,2201 Penfield Road,Penfield,14526,Monroe,"{""type"": ""Point"", ""coordinates"": [-77.44009, 43.13033]}"
Manufacturers and Traders Trust Company,281 East Fairmont Avenue,Lakewood,14750,Chautauqua,"{""type"": ""Point"", ""coordinates"": [-79.30682, 42.09875]}"
Manufacturers and Traders Trust Company,4481 Vestal Parkway,Vestal,13850,Broome,"{""type"": ""Point"", ""coordinates"": [-75.96254, 42.09536]}"
Manufacturers and Traders Trust Company,1820 BRENTWOOD ROAD,BRENTWOOD,11717,Suffolk,"{""type"": ""Point"", ""coordinates"": [-73.24661, 40.77878]}"
Manufacturers and Traders Trust Company,195 Front Street,Owego,13827,Tioga,"{""type"": ""Point"", ""coordinates"": [-76.26029, 42.10265]}"
Manufacturers and Traders Trust Company,737 Foote Avenue,Jamestown,14701,Chautauqua,"{""type"": ""Point"", ""coordinates"": [-79.22858, 42.08066]}"
Manufacturers and Traders Trust Company,20 Jenison Avenue,Johnson City,13790,Broome,"{""type"": ""Point"", ""coordinates"": [-75.95295, 42.11378]}"
Manufacturers and Traders Trust Company,5 Mile Point Shopping Center,Kirkwood,13795,Broome,
Manufacturers and Traders Trust Company,2109 ROUTES 5 & 20,SENECA FALLS,13148,Seneca,"{""type"": ""Point"", ""coordinates"": [-76.82699, 42.90768]}"
Manufacturers and Traders Trust Company,40 CHESTNUT STREET,COLD SPRING,10516,Putnam,"{""type"": ""Point"", ""coordinates"": [-73.95178, 41.41867]}"
Manufacturers and Traders Trust Company,67 Jackson Street,Fishkill,12524,Dutchess,"{""type"": ""Point"", ""coordinates"": [-73.90553, 41.5342]}"
Manufacturers and Traders Trust Company,1100 Route 55,Lagrangeville,12540,Dutchess,"{""type"": ""Point"", ""coordinates"": [-73.80263, 41.67173]}"
Manufacturers and Traders Trust Company,56 Route 17K,Newburgh,12550,Orange,"{""type"": ""Point"", ""coordinates"": [-74.0606, 41.50407]}"
Manufacturers and Traders Trust Company,6375 Mill Street,Rhinebeck,12572,Dutchess,"{""type"": ""Point"", ""coordinates"": [-73.91285, 41.92598]}"
Manufacturers and Traders Trust Company,7280  South Broadway,Red Hook,12571,Dutchess,"{""type"": ""Point"", ""coordinates"": [-73.88161, 41.98302]}"
Manufacturers and Traders Trust Company,108 North Front Street,Kingston,12401,Ulster,"{""type"": ""Point"", ""coordinates"": [-74.02332, 41.93501]}"
Manufacturers and Traders Trust Company,10 Milton Avenue,Highland,12528,Ulster,"{""type"": ""Point"", ""coordinates"": [-73.96403, 41.71791]}"
Manufacturers and Traders Trust Company,47 WASHINGTON STREET,ELLICOTTVILLE,14731,Cattaraugus,"{""type"": ""Point"", ""coordinates"": [-78.66981, 42.27634]}"
Manufacturers and Traders Trust Company,314 Waring Road,Rochester,14609,Monroe,"{""type"": ""Point"", ""coordinates"": [-77.56628, 43.18452]}"
Manufacturers and Traders Trust Company,7807 Fifth Avenue,Brooklyn,11209,Kings,"{""type"": ""Point"", ""coordinates"": [-74.02367, 40.62698]}"
Manufacturers and Traders Trust Company,2 EAST AVENUE,HILTON,14468,Monroe,"{""type"": ""Point"", ""coordinates"": [-77.79136, 43.2882]}"
Manufacturers and Traders Trust Company,602 ROWLEY ROAD,VICTOR,14564,Ontario,"{""type"": ""Point"", ""coordinates"": [-77.44331, 43.0093]}"
Manufacturers and Traders Trust Company,745 ROUTE 17M,MONROE,10950,Orange,"{""type"": ""Point"", ""coordinates"": [-74.19269, 41.3316]}"
Manufacturers and Traders Trust Company,307 Main Street,Goshen,10924,Orange,"{""type"": ""Point"", ""coordinates"": [-74.31629, 41.40756]}"
Manufacturers and Traders Trust Company,1568 ROUTE 9,WAPPINGERS FALLS,12590,Dutchess,"{""type"": ""Point"", ""coordinates"": [-73.90874, 41.59647]}"
Manufacturers and Traders Trust Company,2509 ROUTE 44,SALT POINT,12578,Dutchess,"{""type"": ""Point"", ""coordinates"": [-73.75764, 41.78253]}"
Manufacturers and Traders Trust Company,3085 ROUTE 22,DOVER PLAINS,12522,Dutchess,"{""type"": ""Point"", ""coordinates"": [-73.58131, 41.73501]}"
Manufacturers and Traders Trust Company,1525 Route 22,Brewster,10509,Putnam,"{""type"": ""Point"", ""coordinates"": [-73.57802, 41.42277]}"
Manufacturers and Traders Trust Company,180 STATE ROUTE 22,PAWLING,12564,Dutchess,"{""type"": ""Point"", ""coordinates"": [-73.58352, 41.53807]}"
Manufacturers and Traders Trust Company,770 Chestnut Ridge Road,Chestnut Ridge,10977,Rockland,"{""type"": ""Point"", ""coordinates"": [-74.05539, 41.08443]}"
Manufacturers and Traders Trust Company,455 ROUTE 306,MONSEY,10952,Rockland,"{""type"": ""Point"", ""coordinates"": [-74.07076, 41.1559]}"
Manufacturers and Traders Trust Company,4 Jefferson Plaza,Poughkeepsie,12601,Dutchess,"{""type"": ""Point"", ""coordinates"": [-73.9345, 41.70182]}"
Manufacturers and Traders Trust Company,80 North Main Street,Ellenville,12428,Ulster,"{""type"": ""Point"", ""coordinates"": [-74.39437, 41.71821]}"
Manufacturers and Traders Trust Company,28 North Main Street,Honeoye Falls,14472,Monroe,"{""type"": ""Point"", ""coordinates"": [-77.59064, 42.95386]}"
Manufacturers and Traders Trust Company,3175 CHILI AVENUE,ROCHESTER,14624,Monroe,"{""type"": ""Point"", ""coordinates"": [-77.74309, 43.10663]}"
Manufacturers and Traders Trust Company,2 COURTNEY DRIVE,FAIRPORT,14450,Monroe,"{""type"": ""Point"", ""coordinates"": [-77.43833, 43.06826]}"
Manufacturers and Traders Trust Company,76 South Erie Street,Mayville,14757,Chautauqua,"{""type"": ""Point"", ""coordinates"": [-79.5026, 42.25285]}"
Manufacturers and Traders Trust Company,1766 UNION STREET,SCHENECTADY,12309,Schenectady,"{""type"": ""Point"", ""coordinates"": [-73.89887, 42.80182]}"
Manufacturers and Traders Trust Company,118 NORTH TIOGA STREET,ITHACA,14850,Tompkins,"{""type"": ""Point"", ""coordinates"": [-76.49684, 42.44034]}"
Manufacturers and Traders Trust Company,23-25 NORTH STATION,GREAT NECK,11021,Nassau,"{""type"": ""Point"", ""coordinates"": [-73.72707, 40.79364]}"
Manufacturers and Traders Trust Company,12 Atlantic Avenue,Oceanside,11572,Nassau,"{""type"": ""Point"", ""coordinates"": [-73.6408, 40.63954]}"
Manufacturers and Traders Trust Company,527 Piermont Avenue,Piermont,10968,Rockland,"{""type"": ""Point"", ""coordinates"": [-73.91612, 41.04157]}"
Manufacturers and Traders Trust Company,2220 Forest Avenue,Staten Island,10303,Richmond,"{""type"": ""Point"", ""coordinates"": [-74.16343, 40.62638]}"
Manufacturers and Traders Trust Company,1591 Richmond Road,Staten Island,10304,Richmond,"{""type"": ""Point"", ""coordinates"": [-74.10087, 40.59089]}"
Manufacturers and Traders Trust Company,625 PANORAMA TRAIL,ROCHESTER,14625,Monroe,"{""type"": ""Point"", ""coordinates"": [-77.49225, 43.13427]}"
Manufacturers and Traders Trust Company,54 MAIN STREET,OAKFIELD,14125,Erie,"{""type"": ""Point"", ""coordinates"": [-78.27219, 43.06785]}"
Manufacturers and Traders Trust Company,955-969 PAYNE AVENUE,NORTH TONAWANDA,14120,Niagara,"{""type"": ""Point"", ""coordinates"": [-78.87594, 43.04925]}"
Manufacturers and Traders Trust Company,3290 MONROE AVENUE,ROCHESTER,14618,Monroe,"{""type"": ""Point"", ""coordinates"": [-77.53868, 43.10394]}"
Manufacturers and Traders Trust Company,788 Tonawanda Street,Buffalo,14207,Erie,"{""type"": ""Point"", ""coordinates"": [-78.9041, 42.95024]}"
Manufacturers and Traders Trust Company,294 Main Street,Saugerties,12477,Ulster,"{""type"": ""Point"", ""coordinates"": [-73.95422, 42.07696]}"
Manufacturers and Traders Trust Company,2199 Seneca Street,Buffalo,14210,Erie,"{""type"": ""Point"", ""coordinates"": [-78.80697, 42.85265]}"
Manufacturers and Traders Trust Company,428 EVANS ROAD,WILLIAMSVILLE,14221,Erie,"{""type"": ""Point"", ""coordinates"": [-78.74017, 42.97632]}"
Manufacturers and Traders Trust Company,10 SLADE AVENUE,WEST SENECA,14224,Erie,"{""type"": ""Point"", ""coordinates"": [-78.78849, 42.82906]}"
Manufacturers and Traders Trust Company,2050 KENSINGTON AVENUE,SNYDER,14226,Erie,"{""type"": ""Point"", ""coordinates"": [-78.78297, 42.95074]}"
Manufacturers and Traders Trust Company,10614 MAIN STREET,CLARENCE,14031,Erie,"{""type"": ""Point"", ""coordinates"": [-78.59232, 42.98087]}"
Manufacturers and Traders Trust Company,849 FAIRPORT ROAD,EAST ROCHESTER,14445,Monroe,"{""type"": ""Point"", ""coordinates"": [-77.48361, 43.10227]}"
Manufacturers and Traders Trust Company,3637 Delaware Avenue,Tonawanda,14217,Erie,"{""type"": ""Point"", ""coordinates"": [-78.87223, 42.98387]}"
Manufacturers and Traders Trust Company,490 Dorrance Avenue,Buffalo,14218,Erie,"{""type"": ""Point"", ""coordinates"": [-78.80523, 42.83218]}"
Manufacturers and Traders Trust Company,5737 SOUTH TRANSIT ROAD,LOCKPORT,14094,Niagara,"{""type"": ""Point"", ""coordinates"": [-78.69623, 43.14835]}"
Manufacturers and Traders Trust Company,1024 UNION ROAD,WEST SENECA,14224,Erie,"{""type"": ""Point"", ""coordinates"": [-78.75375, 42.82763]}"
Manufacturers and Traders Trust Company,1882 East Avenue,Rochester,14610,Monroe,"{""type"": ""Point"", ""coordinates"": [-77.55359, 43.14522]}"
Manufacturers and Traders Trust Company,22 Mechanic Street,Springville,14141,Erie,"{""type"": ""Point"", ""coordinates"": [-78.66598, 42.5091]}"
Manufacturers and Traders Trust Company,65 Broad Street,Tonawanda,14150,Erie,"{""type"": ""Point"", ""coordinates"": [-78.87736, 43.01862]}"
Manufacturers and Traders Trust Company,9328 TRANSIT ROAD,EAST AMHERST,14051,Erie,"{""type"": ""Point"", ""coordinates"": [-78.698, 43.02379]}"
Manufacturers and Traders Trust Company,4747 Transit Road,Depew,14043,Erie,"{""type"": ""Point"", ""coordinates"": [-78.6966, 42.8672]}"
Manufacturers and Traders Trust Company,3700 Union Road,Cheektowaga,14225,Erie,"{""type"": ""Point"", ""coordinates"": [-78.75486, 42.9145]}"
Manufacturers and Traders Trust Company,148 Vestal Parkway East,Vestal,13850,Broome,"{""type"": ""Point"", ""coordinates"": [-76.05092, 42.08589]}"
Manufacturers and Traders Trust Company,1100 WEHRLE DRIVE,WILLIAMSVILLE,14221,Erie,"{""type"": ""Point"", ""coordinates"": [-78.74341, 42.94962]}"
Manufacturers and Traders Trust Company,271 MAIN STREET,ARCADE,14009,Wyoming,"{""type"": ""Point"", ""coordinates"": [-78.42349, 42.534]}"
Manufacturers and Traders Trust Company,55 MAIN STREET,BATAVIA,14020,Genesee,"{""type"": ""Point"", ""coordinates"": [-78.18483, 42.99775]}"
Manufacturers and Traders Trust Company,47-49 Front Street,Binghamton,13905,Broome,"{""type"": ""Point"", ""coordinates"": [-75.91898, 42.09538]}"
Manufacturers and Traders Trust Company,23 Lake Avenue,Blasdell,14219,Erie,"{""type"": ""Point"", ""coordinates"": [-78.82483, 42.79746]}"
Manufacturers and Traders Trust Company,7300 Transit Road,Williamsville,14221,Erie,"{""type"": ""Point"", ""coordinates"": [-78.69737, 42.96698]}"
Manufacturers and Traders Trust Company,709 Elmwood Avenue,Buffalo,14222,Erie,"{""type"": ""Point"", ""coordinates"": [-78.87705, 42.91677]}"
Manufacturers and Traders Trust Company,22 Grant Avenue,Endicott,13760,Broome,"{""type"": ""Point"", ""coordinates"": [-76.04588, 42.10357]}"
Manufacturers and Traders Trust Company,1 EAST MAIN STREET,FREDONIA,14063,Chautauqua,"{""type"": ""Point"", ""coordinates"": [-79.33127, 42.4401]}"
Manufacturers and Traders Trust Company,2381 Grand Island Boulevard,Grand Island,14072,Erie,"{""type"": ""Point"", ""coordinates"": [-78.96666, 43.02658]}"
Manufacturers and Traders Trust Company,130 Grant Street,Buffalo,14213,Erie,"{""type"": ""Point"", ""coordinates"": [-78.89096, 42.91745]}"
Manufacturers and Traders Trust Company,6000 South Park Avenue,Hamburg,14075,Erie,"{""type"": ""Point"", ""coordinates"": [-78.82507, 42.73402]}"
Manufacturers and Traders Trust Company,1400 MIRACLE MILE DRIVE,ROCHESTER,14623,Monroe,"{""type"": ""Point"", ""coordinates"": [-77.63028, 43.08163]}"
Manufacturers and Traders Trust Company,2133 Hudson Avenue,Rochester,14617,Monroe,"{""type"": ""Point"", ""coordinates"": [-77.60114, 43.20716]}"
Manufacturers and Traders Trust Company,999 EAST RIDGE ROAD,ROCHESTER,14621,Monroe,"{""type"": ""Point"", ""coordinates"": [-77.59049, 43.19699]}"
Manufacturers and Traders Trust Company,3037 Bailey Avenue,Buffalo,14215,Erie,"{""type"": ""Point"", ""coordinates"": [-78.81366, 42.93756]}"
Manufacturers and Traders Trust Company,1385 Lyell Avenue,Rochester,14606,Monroe,"{""type"": ""Point"", ""coordinates"": [-77.66205, 43.16465]}"
Manufacturers and Traders Trust Company,750 Main Street,Niagara Falls,14301,Niagara,"{""type"": ""Point"", ""coordinates"": [-79.05561, 43.09584]}"
Manufacturers and Traders Trust Company,1877 Main Street,Buffalo,14208,Erie,"{""type"": ""Point"", ""coordinates"": [-78.8562, 42.92279]}"
Manufacturers and Traders Trust Company,240 DOLSON AVENUE,MIDDLETOWN,10940,Orange,"{""type"": ""Point"", ""coordinates"": [-74.42865, 41.42387]}"
Manufacturers and Traders Trust Company,66 Route 59,Monsey,10952,Rockland,"{""type"": ""Point"", ""coordinates"": [-74.06579, 41.10812]}"
Manufacturers and Traders Trust Company,5075 ROUTE 9W,NEWBURGH,12550,Orange,"{""type"": ""Point"", ""coordinates"": [-74.01924, 41.5278]}"
Manufacturers and Traders Trust Company,191 MAIN STREET,NEW PALTZ,12561,Ulster,"{""type"": ""Point"", ""coordinates"": [-74.0778, 41.74585]}"
Manufacturers and Traders Trust Company,740 Maple Road,Williamsville,14221,Erie,"{""type"": ""Point"", ""coordinates"": [-78.7604, 42.99188]}"
Manufacturers and Traders Trust Company,135 Main Street,Nyack,10960,Rockland,"{""type"": ""Point"", ""coordinates"": [-73.92135, 41.0915]}"
Manufacturers and Traders Trust Company,4084 NORTH BUFFALO ROAD,ORCHARD PARK,14127,Erie,"{""type"": ""Point"", ""coordinates"": [-78.74503, 42.77171]}"
Manufacturers and Traders Trust Company,6499 EAST SENECA TURNPIKE,JAMESVILLE,13078,Onondaga,"{""type"": ""Point"", ""coordinates"": [-76.07157, 42.99297]}"
Manufacturers and Traders Trust Company,150 MAIN AVENUE,WYNANTSKILL,12198,Rensselaer,"{""type"": ""Point"", ""coordinates"": [-73.63926, 42.69533]}"
Manufacturers and Traders Trust Company,911 Central Avenue,Albany,12206,Albany,"{""type"": ""Point"", ""coordinates"": [-73.7908, 42.68253]}"
Manufacturers and Traders Trust Company,455 Hoosick Street,Troy,12180,Rensselaer,"{""type"": ""Point"", ""coordinates"": [-73.65939, 42.73947]}"
Manufacturers and Traders Trust Company,1523 NY ROUTE 67,SCHAGHTICOKE,12154,Rensselaer,"{""type"": ""Point"", ""coordinates"": [-73.58439, 42.90785]}"
Manufacturers and Traders Trust Company,313 NORTH GREENBUSH ROAD,TROY,12180,Rensselaer,"{""type"": ""Point"", ""coordinates"": [-73.69033, 42.67696]}"
Manufacturers and Traders Trust Company,2080 WESTERN AVENUE,GUILDERLAND,12084,Albany,"{""type"": ""Point"", ""coordinates"": [-73.8933, 42.6982]}"
Manufacturers and Traders Trust Company,6195 EAST MOLLOY ROAD,EAST SYRACUSE,13057,Onondaga,"{""type"": ""Point"", ""coordinates"": [-76.0916, 43.10014]}"
Manufacturers and Traders Trust Company,204 Fayette Street,Manlius,13104,Onondaga,"{""type"": ""Point"", ""coordinates"": [-75.98075, 43.00288]}"
Manufacturers and Traders Trust Company,424 GRANT BOULEVARD,SYRACUSE,13206,Onondaga,"{""type"": ""Point"", ""coordinates"": [-76.12176, 43.07218]}"
Manufacturers and Traders Trust Company,3401 ERIE BOULEVARD EAST,SYRACUSE,13214,Onondaga,"{""type"": ""Point"", ""coordinates"": [-76.06732, 43.04716]}"
Manufacturers and Traders Trust Company,3701 West Genesee Street,Syracuse,13219,Onondaga,"{""type"": ""Point"", ""coordinates"": [-76.23922, 43.04667]}"
Maple City Savings Bank,145 Main Street,Hornell,14843,Steuben,"{""type"": ""Point"", ""coordinates"": [-77.65968, 42.32693]}"
Maple City Savings Bank,1 Broadway,Hornell,14843,Steuben,"{""type"": ""Point"", ""coordinates"": [-77.6614, 42.32466]}"
Maple City Savings Bank,7301 Seneca Road,Hornell,14843,Steuben,"{""type"": ""Point"", ""coordinates"": [-77.66103, 42.35521]}"
Maspeth Federal Savings & Loan,101-09 Metropolitan Avenue,Forest Hills,11375,Queens,"{""type"": ""Point"", ""coordinates"": [-73.85139, 40.71074]}"
Maspeth Federal Savings & Loan,56-18 69th Street,Maspeth,11378,Queens,"{""type"": ""Point"", ""coordinates"": [-73.89577, 40.7264]}"
Maspeth Federal Savings & Loan,185-18 Horace Harding Expressway,Fresh Meadows,11365,Queens,"{""type"": ""Point"", ""coordinates"": [-73.7888, 40.74001]}"
Maspeth Federal Savings & Loan,66-60 Fresh Pond Road,Ridgewood,11385,Queens,"{""type"": ""Point"", ""coordinates"": [-73.8973, 40.70724]}"
Maspeth Federal Savings & Loan,801 Jericho Turnpike,New Hyde Park,11040,Nassau,"{""type"": ""Point"", ""coordinates"": [-73.68642, 40.73237]}"
Maspeth Federal Savings & Loan,64-19 Woodhaven Boulevard,Rego Park,11374,Queens,"{""type"": ""Point"", ""coordinates"": [-73.86599, 40.72097]}"
Massena Savings & Loan Association,255 Main Street,Massena,13662,St. Lawrence,"{""type"": ""Point"", ""coordinates"": [-74.8904, 44.92457]}"
Massena Savings & Loan Association,155 Lincoln Avenue,Waddington,13694,St. Lawrence,"{""type"": ""Point"", ""coordinates"": [-75.198, 44.86482]}"
Meridia Community Credit Union,8252 N MAIN ST,EDEN,14057,Erie,"{""type"": ""Point"", ""coordinates"": [-78.8918, 42.66247]}"
Meridia Community Credit Union,4111 LEGION DRIVE,HAMBURG,14075,Erie,"{""type"": ""Point"", ""coordinates"": [-78.82936, 42.72687]}"
Meridia Community Credit Union,277 BUFFALO STREET,HAMBURG,14075,Erie,"{""type"": ""Point"", ""coordinates"": [-78.82585, 42.7227]}"
Meridia Community Credit Union,4500 SOUTHWESTERN BOULEVARD,HAMBURG,14075,Erie,"{""type"": ""Point"", ""coordinates"": [-78.82793, 42.76252]}"
Metropolitan Commercial Bank,5102 13TH AVENUE,BROOKLYN,11219,Kings,"{""type"": ""Point"", ""coordinates"": [-73.99343, 40.63378]}"
Metropolitan Commercial Bank,99 Park Avenue,New York,10016,New York,"{""type"": ""Point"", ""coordinates"": [-73.97872, 40.75049]}"
Metropolitan Commercial Bank,1431 BROADWAY,NEW YORK,10018,New York,"{""type"": ""Point"", ""coordinates"": [-73.98682, 40.75447]}"
Metropolitan Commercial Bank,16 WEST 46TH STREET,NEW YORK,10036,New York,"{""type"": ""Point"", ""coordinates"": [-73.98009, 40.75648]}"
Metropolitan Commercial Bank,111 GREAT NECK ROAD,GREAT NECK,11021,Nassau,"{""type"": ""Point"", ""coordinates"": [-73.72964, 40.78507]}"
Metropolitan Commercial Bank,1270 Lexington Ave,New York,10028,New York,"{""type"": ""Point"", ""coordinates"": [-73.95594, 40.779]}"
Mid-Hudson Valley Federal Credit Union,3 North Broad Street,Peekskill,10566,Westchester,"{""type"": ""Point"", ""coordinates"": [-73.9153, 41.29203]}"
Mid-Hudson Valley Federal Credit Union,21 BURNETT BOULEVARD,POUGHKEEPSIE,12603,Dutchess,"{""type"": ""Point"", ""coordinates"": [-73.88813, 41.69832]}"
Mid-Hudson Valley Federal Credit Union,1516 ROUTE 55,LAGRANGEVILLE,12540,Dutchess,"{""type"": ""Point"", ""coordinates"": [-73.76304, 41.67058]}"
Mid-Hudson Valley Federal Credit Union,584 Route 9,Fishkill,12524,Dutchess,"{""type"": ""Point"", ""coordinates"": [-73.8915, 41.52838]}"
Mid-Hudson Valley Federal Credit Union,1224 ROUTE 300,NEWBURGH,12550,Orange,"{""type"": ""Point"", ""coordinates"": [-74.07043, 41.49999]}"
Mid-Hudson Valley Federal Credit Union,185 BROADWAY (ROUTE 9W),PORT EWEN,12466,Ulster,"{""type"": ""Point"", ""coordinates"": [-73.97616, 41.90646]}"
Mid-Hudson Valley Federal Credit Union,85 MILL HILL ROAD,WOODSTOCK,12498,Ulster,"{""type"": ""Point"", ""coordinates"": [-74.11241, 42.03803]}"
Mid-Hudson Valley Federal Credit Union,7472 SOUTH BROADWAY,RED HOOK,12571,Dutchess,"{""type"": ""Point"", ""coordinates"": [-73.87593, 41.99445]}"
Mid-Hudson Valley Federal Credit Union,360 ROUTE 211,MIDDLETOWN,10940,Orange,"{""type"": ""Point"", ""coordinates"": [-74.39192, 41.45451]}"
Mid-Hudson Valley Federal Credit Union,5 Wingate Way,Highland,12528,Ulster,"{""type"": ""Point"", ""coordinates"": [-73.96623, 41.7004]}"
Mid-Hudson Valley Federal Credit Union,123 Hurley Avenue,Kingston,12401,Ulster,"{""type"": ""Point"", ""coordinates"": [-74.03017, 41.93763]}"
Mid-Hudson Valley Federal Credit Union,6567 Springbrook Avenue,Rhinebeck,12572,Dutchess,"{""type"": ""Point"", ""coordinates"": [-73.91011, 41.93762]}"
Mid-Hudson Valley Federal Credit Union,3180 ROUTE 9W,SAUGERTIES,12477,Ulster,"{""type"": ""Point"", ""coordinates"": [-73.95217, 42.06059]}"
Mid-Hudson Valley Federal Credit Union,1099 Morton Boulevard,Kingston,12401,Ulster,"{""type"": ""Point"", ""coordinates"": [-73.99402, 41.9629]}"
Mony Federal Credit Union,One MONY Plaza,Syracuse,13221,Onondaga,
Municipal Credit Union,3621 Broadway @ 149th Street,New York,10031,New York,"{""type"": ""Point"", ""coordinates"": [-73.94857, 40.82915]}"
Municipal Credit Union,134-66 Springfield Boulevard,Springfield Gardens,11413,Queens,"{""type"": ""Point"", ""coordinates"": [-73.75439, 40.6788]}"
Municipal Credit Union,1050 FORBELL STREET,BROOKLYN,11256,Kings,"{""type"": ""Point"", ""coordinates"": [-73.86129, 40.66402]}"
Municipal Credit Union,61-35 Junction Boulevard,Rego Park,11374,Queens,"{""type"": ""Point"", ""coordinates"": [-73.86418, 40.73344]}"
Municipal Credit Union,340 Jay Street,Brooklyn,11201,Kings,"{""type"": ""Point"", ""coordinates"": [-73.98723, 40.69375]}"
Municipal Credit Union,560 COURTLAND AVENUE,BRONX,10451,Bronx,"{""type"": ""Point"", ""coordinates"": [-73.91929, 40.81711]}"
Municipal Credit Union,1556 FLATBUSH AVENUE,BROOKLYN,11210,Kings,"{""type"": ""Point"", ""coordinates"": [-73.94789, 40.63302]}"
Municipal Credit Union,280 ST. NICHOLAS AVENUE,NEW YORK,10027,New York,"{""type"": ""Point"", ""coordinates"": [-73.95293, 40.81031]}"
Municipal Credit Union,2142 RALPH AVENUE,BROOKLYN,11234,Kings,"{""type"": ""Point"", ""coordinates"": [-73.91817, 40.62542]}"
Municipal Credit Union,2518 Frederick Douglas Boulevard,New York,10030,New York,"{""type"": ""Point"", ""coordinates"": [-73.94686, 40.81608]}"
Municipal Credit Union,350 JAY STREET,BROOKLYN,11201,Kings,"{""type"": ""Point"", ""coordinates"": [-73.98723, 40.69345]}"
Municipal Credit Union,1660 Hempstead Turnpike,Elmont,11003,Nassau,"{""type"": ""Point"", ""coordinates"": [-73.70168, 40.70772]}"
Municipal Credit Union,755 Co-Op City Blvd.,Bronx,10475,Bronx,"{""type"": ""Point"", ""coordinates"": [-73.82662, 40.88003]}"
Municipal Credit Union,86 CHAMBERS ST,NEW YORK,10007,New York,"{""type"": ""Point"", ""coordinates"": [-74.00693, 40.71445]}"
Municipal Credit Union,2626 HYLAN BOULEVARD,STATEN ISLAND,10306,Richmond,"{""type"": ""Point"", ""coordinates"": [-74.11222, 40.56792]}"
Municipal Credit Union,188-38 LINDEN BLVD.,ST. ALBANS,11412,Queens,"{""type"": ""Point"", ""coordinates"": [-73.76263, 40.6917]}"
Municipal Credit Union,1756 FOREST AVENUE,STATEN ISLAND,10303,Richmond,"{""type"": ""Point"", ""coordinates"": [-74.1475, 40.62412]}"
"NBT Bank, National Association",8411 Main Street,Williamsville,14221,Erie,"{""type"": ""Point"", ""coordinates"": [-78.68092, 42.96444]}"
"NBT Bank, National Association",5178 Main Street,Willamsville,14221,Erie,"{""type"": ""Point"", ""coordinates"": [-78.7598, 42.96073]}"
"NBT Bank, National Association",45 South Main Street,Fairport,14450,Monroe,"{""type"": ""Point"", ""coordinates"": [-77.44194, 43.10027]}"
"NBT Bank, National Association",1075 Ridge road,Webster,14580,Monroe,"{""type"": ""Point"", ""coordinates"": [-77.44997, 43.20982]}"
"NBT Bank, National Association",6460 Main Street,Williamsville,14221,Erie,"{""type"": ""Point"", ""coordinates"": [-78.71306, 42.96675]}"
"NBT Bank, National Association",3388 Sheridan Drive,Amherst,14226,Erie,"{""type"": ""Point"", ""coordinates"": [-78.80856, 42.98045]}"
"NBT Bank, National Association",925 Elmwood Avenue,Elmwood,14222,Erie,"{""type"": ""Point"", ""coordinates"": [-78.87702, 42.92233]}"
"NBT Bank, National Association",2670 Delaware Ave,Buffalo,14216,Erie,"{""type"": ""Point"", ""coordinates"": [-78.86975, 42.95703]}"
"NBT Bank, National Association",491 Monroe Street,Buffalo,14212,Erie,"{""type"": ""Point"", ""coordinates"": [-78.85194, 42.89383]}"
"NBT Bank, National Association",2163 Route 250,Fairport,14450,Monroe,"{""type"": ""Point"", ""coordinates"": [-77.44194, 43.12675]}"
"NBT Bank, National Association",6797 Pittsfiled Palmyr,Fairport,14450,Monroe,"{""type"": ""Point"", ""coordinates"": [-77.43718, 43.06844]}"
"NBT Bank, National Association",2118 Hudson Ave,Rochester,14617,Monroe,"{""type"": ""Point"", ""coordinates"": [-77.60018, 43.20643]}"
"NBT Bank, National Association",703 Troy-Schenectday Road,Latham,12110,Albany,"{""type"": ""Point"", ""coordinates"": [-73.7767, 42.75669]}"
"NBT Bank, National Association",425 Columbia Turnpike,Rennselear,12144,Rensselaer,"{""type"": ""Point"", ""coordinates"": [-73.72002, 42.60618]}"
"NBT Bank, National Association",110 Main Street,South Glens Falls,12803,Warren,"{""type"": ""Point"", ""coordinates"": [-73.6364, 43.30001]}"
"NBT Bank, National Association",3392 State Route 11,Malone,12953,Franklin,"{""type"": ""Point"", ""coordinates"": [-74.31242, 44.84794]}"
"NBT Bank, National Association","106 Hannaford Plaza, Route 30",Amsterdam,12010,Montogomery,"{""type"": ""Point"", ""coordinates"": [-74.18651, 42.96715]}"
"NBT Bank, National Association",3273 Seneca Turnpike,Canastota,13032,Madison,"{""type"": ""Point"", ""coordinates"": [-75.75994, 43.06871]}"
"NBT Bank, National Association",14 East Main Street,Marathon,13803,Cortland,"{""type"": ""Point"", ""coordinates"": [-76.034, 42.44055]}"
"NBT Bank, National Association",9556 Brewerton,Brewerton,13029,Onondaga,"{""type"": ""Point"", ""coordinates"": [-76.13921, 43.23219]}"
"NBT Bank, National Association",5390 West Genesee Street,Camillus,13031,Onondaga,"{""type"": ""Point"", ""coordinates"": [-76.27492, 43.04138]}"
"NBT Bank, National Association",299 Main Street,Middleburgh,12122,Schoharie,"{""type"": ""Point"", ""coordinates"": [-74.334, 42.59778]}"
"NBT Bank, National Association",118 Genesee Street,Oneida,13421,Madison,"{""type"": ""Point"", ""coordinates"": [-75.64357, 43.07965]}"
"NBT Bank, National Association",156 Robinson Street,Binghamton,13904,Broome,"{""type"": ""Point"", ""coordinates"": [-75.88952, 42.10722]}"
"NBT Bank, National Association",8250 Manilus-Cazenovia Road,Manilus,13104,Onondaga,"{""type"": ""Point"", ""coordinates"": [-75.9563, 42.99109]}"
"NBT Bank, National Association",6563 Weighlock Drive,East Syracuse,13057,Onondaga,"{""type"": ""Point"", ""coordinates"": [-76.07989, 43.08773]}"
"NBT Bank, National Association",4879 NORTH JEFFERSON STREET,PULASKI,13142,Sullivan,"{""type"": ""Point"", ""coordinates"": [-76.12691, 43.56773]}"
"NBT Bank, National Association","433 State Street, Suite 130",Schenectady,12305,Schenectady,"{""type"": ""Point"", ""coordinates"": [-73.94177, 42.81379]}"
"NBT Bank, National Association",160 Main Street,Oneida,13421,Madison,"{""type"": ""Point"", ""coordinates"": [-75.65163, 43.09457]}"
"NBT Bank, National Association",6930 East Genesee Street,Fayetteville,13066,Onondaga,"{""type"": ""Point"", ""coordinates"": [-76.04334, 43.0277]}"
"NBT Bank, National Association",700 North Main Street,Syracuse,13212,Onondaga,"{""type"": ""Point"", ""coordinates"": [-76.12674, 43.14355]}"
"NBT Bank, National Association",242 Quaker Road,Queensbury,12803,Warren,"{""type"": ""Point"", ""coordinates"": [-73.6518, 43.33184]}"
"NBT Bank, National Association",1125 Groton Avenue,Cortland,13045,Cortland,
"NBT Bank, National Association",40 Utica Street,Hamilton,13346,Madison,"{""type"": ""Point"", ""coordinates"": [-75.54645, 42.82789]}"
"NBT Bank, National Association",5789 Route 80,Tully,13159,Onondaga,"{""type"": ""Point"", ""coordinates"": [-76.11877, 42.799]}"
"NBT Bank, National Association",1930 State Route 3,Fulton,13069,Oswego,"{""type"": ""Point"", ""coordinates"": [-76.43698, 43.31888]}"
"NBT Bank, National Association",30 West Utica Street,Oswego,13126,Oswego,"{""type"": ""Point"", ""coordinates"": [-76.5117, 43.45174]}"
"NBT Bank, National Association",1001 James Street,Syracuse,13203,Onondaga,"{""type"": ""Point"", ""coordinates"": [-76.13436, 43.05994]}"
"NBT Bank, National Association",86 Glen Street,Glens Falls,12801,Warren,"{""type"": ""Point"", ""coordinates"": [-73.64346, 43.30847]}"
"NBT Bank, National Association",65 MAIN STREET,CORTLAND,13045,Cortland,"{""type"": ""Point"", ""coordinates"": [-76.18037, 42.59907]}"
"NBT Bank, National Association",628 Sherrill Road,Sherill,13461,Oneida,"{""type"": ""Point"", ""coordinates"": [-75.60242, 43.06852]}"
"NBT Bank, National Association",8260 Willett Parkway,Baldwinsville,13027,Onondaga,"{""type"": ""Point"", ""coordinates"": [-76.29951, 43.16769]}"
"NBT Bank, National Association",108 SECOND STREET,DEPOSIT,13754,Broome,"{""type"": ""Point"", ""coordinates"": [-75.42486, 42.06201]}"
"NBT Bank, National Association",270 Genesee Street,Utica,13502,Oneida,"{""type"": ""Point"", ""coordinates"": [-75.23625, 43.09895]}"
"NBT Bank, National Association",126 N SALINA STREET,SYRACUSE,13202,Onondaga,"{""type"": ""Point"", ""coordinates"": [-76.152, 43.05183]}"
"NBT Bank, National Association",2743 Route 26,Cincinnatus,13040,Cortland,"{""type"": ""Point"", ""coordinates"": [-75.90229, 42.53983]}"
"NBT Bank, National Association",801 Auto Park Place,Newburgh,12550,Orange,"{""type"": ""Point"", ""coordinates"": [-74.06459, 41.50369]}"
"NBT Bank, National Association",107 Onieda Street,Oneonta,13820,Otsego,"{""type"": ""Point"", ""coordinates"": [-75.10412, 42.44851]}"
"NBT Bank, National Association",275 Main Street,New Paltz,12561,Ulster,"{""type"": ""Point"", ""coordinates"": [-74.06908, 41.74248]}"
"NBT Bank, National Association",1050 Madison Market Place,Hamilton,13346,Madison,"{""type"": ""Point"", ""coordinates"": [-75.55312, 42.8429]}"
"NBT Bank, National Association",1 Madison St,Hamilton,13346,Madison,"{""type"": ""Point"", ""coordinates"": [-75.54435, 42.82713]}"
"NBT Bank, National Association",147 Maple Ave,Hobart,13788,Delaware,"{""type"": ""Point"", ""coordinates"": [-74.66832, 42.36982]}"
"NBT Bank, National Association",6554 State Hwy 56,Potsdam,13676,St. Lawrence,"{""type"": ""Point"", ""coordinates"": [-74.98702, 44.68566]}"
"NBT Bank, National Association",30-32 BROAD STREET,MORRIS,13808,Otsego,"{""type"": ""Point"", ""coordinates"": [-75.23964, 42.54627]}"
"NBT Bank, National Association",701 Route 9,Fishkill,12524,Dutchess,"{""type"": ""Point"", ""coordinates"": [-73.89919, 41.53495]}"
"NBT Bank, National Association",Dover Plains,Dover,12522,Dutchess,
"NBT Bank, National Association",Fishkill,Fishkill,12524,Dutchess,
"NBT Bank, National Association",Oakdale Commons,Johnson City,13790,Broome,
"NBT Bank, National Association",Millerton,Millerton,12546,Dutchess,
"NBT Bank, National Association",New Paltz,New Paltz,12561,Ulster,
"NBT Bank, National Association",Newburgh,Newburgh,12550,Orange,
"NBT Bank, National Association",Oswego East,Oswego,13126,Sullivan,
"NBT Bank, National Association",750 Utica Street,DeRuyter,13052,Madison,"{""type"": ""Point"", ""coordinates"": [-75.88434, 42.75994]}"
"NBT Bank, National Association",51 Luther Forest Blvd,Mechanicville,12118,Saratoga,"{""type"": ""Point"", ""coordinates"": [-73.7854, 42.94767]}"
"NBT Bank, National Association",40 Garden Street,Poughkeepsie,12601,Dutchess,"{""type"": ""Point"", ""coordinates"": [-73.92706, 41.70473]}"
"NBT Bank, National Association",677 Broadway,Albany,12207,Albany,"{""type"": ""Point"", ""coordinates"": [-73.74893, 42.65351]}"
"NBT Bank, National Association",521 West Main Street,Hancock,13783,Delaware,"{""type"": ""Point"", ""coordinates"": [-75.29213, 41.95617]}"
"NBT Bank, National Association",8599 Erie Rd,Angola,14006,Erie,"{""type"": ""Point"", ""coordinates"": [-79.04023, 42.65056]}"
"NBT Bank, National Association",6840 Erie Road,Derby,14047,Erie,"{""type"": ""Point"", ""coordinates"": [-78.98052, 42.7014]}"
"NBT Bank, National Association",4979 Transit Street,Depew,14043,Erie,"{""type"": ""Point"", ""coordinates"": [-78.69663, 42.883]}"
"NBT Bank, National Association",25 Main Street,Forestville,14062,Chautauqua,"{""type"": ""Point"", ""coordinates"": [-79.177, 42.46852]}"
"NBT Bank, National Association",5999 South Park Ave,Hamburg,14075,Erie,"{""type"": ""Point"", ""coordinates"": [-78.82704, 42.73339]}"
"NBT Bank, National Association",5688,Lockport,14094,Niagara,
"NBT Bank, National Association",7205 Boston State Road,Boston,14110,Erie,
"NBT Bank, National Association",2800 Niagra Falls Blvd,Tonawanda,14150,Erie,"{""type"": ""Point"", ""coordinates"": [-78.82256, 43.03073]}"
"NBT Bank, National Association",938 union Road,West Seneca,14224,Erie,"{""type"": ""Point"", ""coordinates"": [-78.75368, 42.82629]}"
"NBT Bank, National Association",2483 Main Street,Lake Placid,12946,Essex,"{""type"": ""Point"", ""coordinates"": [-73.98528, 44.28871]}"
"NBT Bank, National Association",State Route 86,Wilmington,12997,Essex,
"NBT Bank, National Association",One Kirkland Avenue,Clinton,13323,Oneida,"{""type"": ""Point"", ""coordinates"": [-75.37852, 43.04992]}"
"NBT Bank, National Association",63 Oak Street,Deposit,13754,Broome,"{""type"": ""Point"", ""coordinates"": [-75.41398, 42.05514]}"
"NBT Bank, National Association",80 South Chenango Street,Greene,13778,Chenango,"{""type"": ""Point"", ""coordinates"": [-75.77592, 42.32391]}"
"NBT Bank, National Association",723 Main Street,Margaretville,12455,Delaware,"{""type"": ""Point"", ""coordinates"": [-74.64928, 42.14831]}"
"NBT Bank, National Association",2 North Main Street,Newark Valley,13811,Tioga,"{""type"": ""Point"", ""coordinates"": [-76.184, 42.22425]}"
"NBT Bank, National Association",52 SOUTH BROAD STREET,NORWICH,13815,Chenango,"{""type"": ""Point"", ""coordinates"": [-75.5236, 42.52898]}"
"NBT Bank, National Association",Corner State Route 12 & County Route 320,Norwich,13815,Chenango,"{""type"": ""Point"", ""coordinates"": [-75.51909, 42.5552]}"
"NBT Bank, National Association",13 Division Street,Sidney,13838,Delaware,"{""type"": ""Point"", ""coordinates"": [-75.3927, 42.31427]}"
"NBT Bank, National Association",30 North Main Street,Sherburne,13460,Chenango,"{""type"": ""Point"", ""coordinates"": [-75.49942, 42.67946]}"
"NBT Bank, National Association",182 Main Street,Afton,13730,Chenango,"{""type"": ""Point"", ""coordinates"": [-75.52606, 42.22826]}"
"NBT Bank, National Association",185 MARGARET STREET,PLATTSBURGH,12901,Clinton,"{""type"": ""Point"", ""coordinates"": [-73.45333, 44.70146]}"
"NBT Bank, National Association",5582 State Highway Route 7,Oneonta,13820,Otsego,"{""type"": ""Point"", ""coordinates"": [-75.01757, 42.46067]}"
"NBT Bank, National Association",9 North Main Street,Bainbridge,13733,Chenango,"{""type"": ""Point"", ""coordinates"": [-75.4792, 42.2937]}"
"NBT Bank, National Association",2647 Main Street,Maine,13802,Broome,"{""type"": ""Point"", ""coordinates"": [-76.05857, 42.19802]}"
"NBT Bank, National Association",853 Black River Boulevard,Rome,13440,Oneida,"{""type"": ""Point"", ""coordinates"": [-75.44735, 43.22048]}"
"NBT Bank, National Association",1256 Front Street,Binghamton,13901,Broome,"{""type"": ""Point"", ""coordinates"": [-75.89592, 42.15586]}"
"NBT Bank, National Association",60814 STATE ROAD 30,GRAND GORGE,12430,Delaware,"{""type"": ""Point"", ""coordinates"": [-74.49418, 42.36245]}"
"NBT Bank, National Association",1148 Erie Boulevard,Rome,13440,Oneida,"{""type"": ""Point"", ""coordinates"": [-75.48492, 43.22437]}"
"NBT Bank, National Association",733 State Highway 28,Oneonta,13820,Otsego,"{""type"": ""Point"", ""coordinates"": [-75.05461, 42.44682]}"
"NBT Bank, National Association",80 WOLF ROAD,ALBANY,12205,Albany,"{""type"": ""Point"", ""coordinates"": [-73.81347, 42.7151]}"
"NBT Bank, National Association",3121 Vestal Parkway East,Vestal,13850,Broome,"{""type"": ""Point"", ""coordinates"": [-76.00185, 42.09581]}"
"NBT Bank, National Association",1310 North Street,Endicott,13760,Broome,"{""type"": ""Point"", ""coordinates"": [-76.04765, 42.10489]}"
"NBT Bank, National Association",54 State Street,Albany,12207,Albany,"{""type"": ""Point"", ""coordinates"": [-73.75157, 42.64919]}"
"NBT Bank, National Association",5 Dover Village Plaza,Dover,12522,Dutchess,"{""type"": ""Point"", ""coordinates"": [-73.57976, 41.73418]}"
"NBT Bank, National Association",5632 State Highway 12,Norwich,13815,Chenango,"{""type"": ""Point"", ""coordinates"": [-75.52272, 42.51426]}"
"NBT Bank, National Association",1944 Saranac Lake,Lake Placid,12946,Essex,"{""type"": ""Point"", ""coordinates"": [-74.00981, 44.2948]}"
"NBT Bank, National Association",209 LAKE FLOWER AVENUE,SARANAC LAKE,12983,Essex,"{""type"": ""Point"", ""coordinates"": [-74.12235, 44.323]}"
"NBT Bank, National Association",5 Park Place,Canton,13617,St. Lawrence,"{""type"": ""Point"", ""coordinates"": [-75.16686, 44.59509]}"
"NBT Bank, National Association",264 Main Street,Massena,13662,St. Lawrence,"{""type"": ""Point"", ""coordinates"": [-74.89091, 44.92393]}"
"NBT Bank, National Association",20 WEST MAIN STREET,FONDA,12068,Montogomery,"{""type"": ""Point"", ""coordinates"": [-74.37589, 42.95444]}"
"NBT Bank, National Association",105 MAIN STREET,SHARON SPRINGS,13459,Schoharie,"{""type"": ""Point"", ""coordinates"": [-74.6221, 42.78985]}"
"NBT Bank, National Association",691 East Main Street,Cobleskill,12043,Schoharie,"{""type"": ""Point"", ""coordinates"": [-74.4785, 42.6791]}"
"NBT Bank, National Association",1 WEST STREET,EDMESTON,13335,Otsego,"{""type"": ""Point"", ""coordinates"": [-75.24414, 42.69773]}"
"NBT Bank, National Association",41 Canal Street,Fort Plain,13339,Montogomery,"{""type"": ""Point"", ""coordinates"": [-74.62345, 42.93167]}"
"NBT Bank, National Association",271 Main Street,Schoharie,12157,Schoharie,"{""type"": ""Point"", ""coordinates"": [-74.31311, 42.66364]}"
"NBT Bank, National Association",399 East Albany Street,Herkimer,13350,Herkimer,"{""type"": ""Point"", ""coordinates"": [-74.97967, 43.02805]}"
"NBT Bank, National Association",Routes 8 & 30 - 2966 State Route 30,Speculator,12164,Hamilton,"{""type"": ""Point"", ""coordinates"": [-74.36436, 43.50184]}"
"NBT Bank, National Association",3711 STATE HIGHWAY 30,BROADABLIN,12025,Fulton,"{""type"": ""Point"", ""coordinates"": [-74.21722, 43.0479]}"
"NBT Bank, National Association",2 South Main Street,New Berlin,13411,Chenango,"{""type"": ""Point"", ""coordinates"": [-75.33231, 42.62433]}"
"NBT Bank, National Association",8549 Seneca Turnpike,New Hartford,13413,Oneida,"{""type"": ""Point"", ""coordinates"": [-75.31628, 43.07929]}"
"NBT Bank, National Association",10 CANAL STREET,OXFORD,13830,Chenango,"{""type"": ""Point"", ""coordinates"": [-75.59687, 42.44284]}"
"NBT Bank, National Association",62 Pioneer Street,Cooperstown,13326,Otsego,"{""type"": ""Point"", ""coordinates"": [-74.92481, 42.69904]}"
"NBT Bank, National Association","194 Main Street, Route 20",Richfield Springs,13439,Otsego,"{""type"": ""Point"", ""coordinates"": [-74.98063, 42.85287]}"
"NBT Bank, National Association",1572 State Highway 26,South Otselic,13155,Chenango,"{""type"": ""Point"", ""coordinates"": [-75.7835, 42.64511]}"
"NBT Bank, National Association",2950 NYS Route 11,Whitney Point,13862,Broome,"{""type"": ""Point"", ""coordinates"": [-75.97456, 42.33651]}"
"NBT Bank, National Association",2 SOUTH MAIN STREET,EARLVILLE,13332,Chenango,"{""type"": ""Point"", ""coordinates"": [-75.54508, 42.73959]}"
"NBT Bank, National Association",One Wall Street,Oneonta,13820,Otsego,"{""type"": ""Point"", ""coordinates"": [-75.0635, 42.45388]}"
"NBT Bank, National Association",5 New Karner Road -- Route 155,Guilderland,12084,Albany,"{""type"": ""Point"", ""coordinates"": [-73.8861, 42.69863]}"
"NBT Bank, National Association",TWO COMMONS DRIVE,COOPERSTOWN,13326,Otsego,"{""type"": ""Point"", ""coordinates"": [-74.96403, 42.64922]}"
"NBT Bank, National Association",4957 Western Avenue Route 20,Duanesburg,12056,Schenectady,"{""type"": ""Point"", ""coordinates"": [-74.13104, 42.7609]}"
"NBT Bank, National Association",20 Mohawk Street,Canajoharie,13317,Montogomery,"{""type"": ""Point"", ""coordinates"": [-74.57301, 42.90575]}"
"NBT Bank, National Association",225 Guideboard Road,Half Moon,12065,Saratoga,"{""type"": ""Point"", ""coordinates"": [-73.74175, 42.8383]}"
"NBT Bank, National Association",87 Main Street,Millerton,12546,Dutchess,"{""type"": ""Point"", ""coordinates"": [-73.50652, 41.95333]}"
"NBT Bank, National Association",131 Oriskany Boulevard,Whiteboro,13492,Oneida,"{""type"": ""Point"", ""coordinates"": [-75.29383, 43.11984]}"
"NBT Bank, National Association",Route 3,Plattsburg,12901,Clinton,
"NBT Bank, National Association",Route 37 & Ford Street,Ogdensburg,13669,St. Lawrence,"{""type"": ""Point"", ""coordinates"": [-75.45594, 44.70545]}"
"NBT Bank, National Association",142 NORTH COMRIE AVENUE,JOHNSTOWN,12095,Fulton,"{""type"": ""Point"", ""coordinates"": [-74.36004, 43.01248]}"
"NBT Bank, National Association",312 Bridge Street,Northville,12134,Fulton,"{""type"": ""Point"", ""coordinates"": [-74.17471, 43.22551]}"
"NBT Bank, National Association",295 BROADWAY,SARATOGA SPRINGS,12866,Saratoga,"{""type"": ""Point"", ""coordinates"": [-73.78656, 43.07799]}"
"NBT Bank, National Association",49 State Route 296,Windham,12496,Greene,"{""type"": ""Point"", ""coordinates"": [-74.23001, 42.30553]}"
"NBT Bank, National Association",331 Main Street,Johnson City,13790,Broome,"{""type"": ""Point"", ""coordinates"": [-75.95902, 42.11584]}"
"NBT Bank, National Association",12 Fremont Street,Gloversville,12078,Fulton,"{""type"": ""Point"", ""coordinates"": [-74.34434, 43.05107]}"
"NBT Bank, National Association",199 Second Avenue Extension,Gloversville,12078,Fulton,"{""type"": ""Point"", ""coordinates"": [-74.3223, 43.05672]}"
Nassau Financial Federal Credit Union,1325 FRANKLIN AVENUE PLAZA,GARDEN CITY,11530,Nassau,"{""type"": ""Point"", ""coordinates"": [-73.63741, 40.73423]}"
Nassau Financial Federal Credit Union,One Education Drive,Garden City,11530,Nassau,"{""type"": ""Point"", ""coordinates"": [-73.59246, 40.72996]}"
Nassau Financial Federal Credit Union,875 Jerusalem Avenue,Uniondale,11553,Nassau,"{""type"": ""Point"", ""coordinates"": [-73.58212, 40.7006]}"
Nassau Financial Federal Credit Union,"2201 HEMPSTEAD TURNPIKE, EAST (NUMC)",EAST MEADOW,11554,Nassau,"{""type"": ""Point"", ""coordinates"": [-73.55302, 40.72643]}"
Nassau Financial Federal Credit Union,3546 Long Beach Road,Oceanside,11572,Nassau,"{""type"": ""Point"", ""coordinates"": [-73.64017, 40.62405]}"
Nassau Financial Federal Credit Union,50 Audrey Avenue,Oyster Bay,11771,Nassau,"{""type"": ""Point"", ""coordinates"": [-73.53167, 40.87311]}"
Nassau Financial Federal Credit Union,977 Hicksville Road,Massapequa,11758,Nassau,"{""type"": ""Point"", ""coordinates"": [-73.47785, 40.69026]}"
Nassau Financial Federal Credit Union,2263 BROADHOLLOW ROAD,FARMINGDALE,11735,Suffolk,"{""type"": ""Point"", ""coordinates"": [-73.42156, 40.7533]}"
Nassau Financial Federal Credit Union,"2575 HEMPSTEAD TURNPIKE, SUITE 300",EAST MEADOW,11554,Nassau,"{""type"": ""Point"", ""coordinates"": [-73.5405, 40.72447]}"
Nestegg Federal Credit Union,100 Manhattanville Road,Purchase,10577,Westchester,"{""type"": ""Point"", ""coordinates"": [-73.71553, 41.02644]}"
New York Commercial Bank,350 Motor Parkway,Hauppauge,11788,Suffolk,"{""type"": ""Point"", ""coordinates"": [-73.24598, 40.80795]}"
New York Commercial Bank,900 Merchants Concourse,Westbury,11590,Nassau,"{""type"": ""Point"", ""coordinates"": [-73.59223, 40.74468]}"
New York Commercial Bank,One Manor House Square,Yonkers,10701,Westchester,"{""type"": ""Point"", ""coordinates"": [-73.89839, 40.93535]}"
New York National Bank,4211 Broadway,New York,10033,New York,"{""type"": ""Point"", ""coordinates"": [-73.93744, 40.84862]}"
New York National Bank,2256 Second Avenue,New York,10029,New York,"{""type"": ""Point"", ""coordinates"": [-73.93789, 40.79683]}"
New York National Bank,1042 Westchester Avenue,Bronx,10459,Bronx,"{""type"": ""Point"", ""coordinates"": [-73.89177, 40.82474]}"
New York National Bank,369 East 149th Street,Bronx,10451,Bronx,"{""type"": ""Point"", ""coordinates"": [-73.91883, 40.81637]}"
Newbank,146-01 Northern Boulevard,Flushing,11354,New York,"{""type"": ""Point"", ""coordinates"": [-73.82034, 40.76533]}"
Newbank,45-68 Francis Lewis Blvd.,Bayside,11361,Queens,"{""type"": ""Point"", ""coordinates"": [-73.78221, 40.7549]}"
Niagara's Choice Federal Credit Union,3619 Packard Road,Niagara Falls,14303,Niagara,"{""type"": ""Point"", ""coordinates"": [-79.01975, 43.08894]}"
Niagara's Choice Federal Credit Union,3577 Niagara Falls Boulevard,North Tonawanda,14120,Niagara,"{""type"": ""Point"", ""coordinates"": [-78.84701, 43.06882]}"
Niagara's Choice Federal Credit Union,621 10th Street,Niagara Falls,14301,Niagara,"{""type"": ""Point"", ""coordinates"": [-79.04976, 43.09418]}"
Niagara's Choice Federal Credit Union,261 West Avenue,Lockport,14094,Niagara,"{""type"": ""Point"", ""coordinates"": [-78.70494, 43.16746]}"
Niagara's Choice Federal Credit Union,900 Main Street,Niagara Falls,14301,Niagara,"{""type"": ""Point"", ""coordinates"": [-79.05505, 43.09786]}"
Niagara's Choice Federal Credit Union,2131 Sawyer Drive,Wheatfield,14304,Niagara,"{""type"": ""Point"", ""coordinates"": [-78.93554, 43.09227]}"
North Country Federal Credit Union,2488 Route 11,Mooers,12958,Clinton,"{""type"": ""Point"", ""coordinates"": [-73.58752, 44.9603]}"
"North Country Savings Bank, The",22-24 Phillips Street,Massena,13662,St. Lawrence,"{""type"": ""Point"", ""coordinates"": [-74.89176, 44.93231]}"
"North Country Savings Bank, The",31 Main Street,Potsdam,13676,St. Lawrence,"{""type"": ""Point"", ""coordinates"": [-74.98419, 44.66867]}"
"North Country Savings Bank, The",127 Main Street,Canton,13617,St. Lawrence,"{""type"": ""Point"", ""coordinates"": [-75.16849, 44.5957]}"
"North Country Savings Bank, The",401 Caroline Street,Ogdensburg,13669,St. Lawrence,"{""type"": ""Point"", ""coordinates"": [-75.49061, 44.69704]}"
"North Country Savings Bank, The",20 COURT STREET,CANTON,13617,St. Lawrence,"{""type"": ""Point"", ""coordinates"": [-75.16937, 44.59631]}"
North East Community Bank,52 Baker Town Road,Monroe,10950,Orange,"{""type"": ""Point"", ""coordinates"": [-74.16106, 41.33579]}"
North East Community Bank,1 Freeland Street,Monroe,10950,Monroe,"{""type"": ""Point"", ""coordinates"": [-74.17774, 41.32051]}"
North East Community Bank,166 Route 59,Monsey,10952,New York,"{""type"": ""Point"", ""coordinates"": [-74.08025, 41.10924]}"
North East Community Bank,72 West Eckerson Road,Spring Valley,10977,Rockland,"{""type"": ""Point"", ""coordinates"": [-74.042, 41.12784]}"
North East Community Bank,242 WEST 23RD STREET,NEW YORK,10011,New York,"{""type"": ""Point"", ""coordinates"": [-73.99723, 40.74477]}"
North East Community Bank,1355 1ST AVE,NEW YORK,10021,New York,"{""type"": ""Point"", ""coordinates"": [-73.95568, 40.76823]}"
North East Community Bank,590 East 187th Street,Bronx,10458,Bronx,"{""type"": ""Point"", ""coordinates"": [-73.88773, 40.85564]}"
Northern Federal Credit Union,5720 Commons Park,East Syracuse,13057,Onondaga,"{""type"": ""Point"", ""coordinates"": [-76.05361, 43.04935]}"
Northern Federal Credit Union,305 Dodge Ave,Sackets Harbor,13685,Jefferson,"{""type"": ""Point"", ""coordinates"": [-76.10868, 43.94949]}"
Northern Federal Credit Union,905 Cofeen Street,Watertown,13601,Jefferson,"{""type"": ""Point"", ""coordinates"": [-75.93101, 43.98438]}"
Northern Federal Credit Union,748 Starbuck Ave,Watertown,13601,Jefferson,"{""type"": ""Point"", ""coordinates"": [-75.89345, 43.984]}"
Northern Federal Credit Union,2 ELMWOOD AVE,ADAMS,13605,Jefferson,"{""type"": ""Point"", ""coordinates"": [-76.03032, 43.81057]}"
Northern Federal Credit Union,9804 State Route 812,CROGHAN,13327,Lewis,"{""type"": ""Point"", ""coordinates"": [-75.39231, 43.89466]}"
Northern Federal Credit Union,26424 Johnson Rd,Evans Mills,13637,Jefferson,"{""type"": ""Point"", ""coordinates"": [-75.84173, 44.04022]}"
Northern Federal Credit Union,3870 ROME RD,PULASKI,13142,Sullivan,"{""type"": ""Point"", ""coordinates"": [-76.12231, 43.56]}"
Northern Federal Credit Union,88 PARKER AVE,MASSENA,13662,St. Lawrence,"{""type"": ""Point"", ""coordinates"": [-74.88113, 44.92509]}"
Northern Federal Credit Union,200 Water Street,Dexter,13634,Jefferson,"{""type"": ""Point"", ""coordinates"": [-76.04498, 44.00617]}"
Northern Federal Credit Union,88 BRIDGE STREET,WEST CARTHAGE,13619,Jefferson,"{""type"": ""Point"", ""coordinates"": [-75.62193, 43.96826]}"
Northern Federal Credit Union,120 FACTORY STREET,WATERTOWN,13601,Jefferson,"{""type"": ""Point"", ""coordinates"": [-75.90705, 43.9752]}"
Northern Federal Credit Union,145 EAST MAIN STREET,GOUVERNEUR,13642,St. Lawrence,"{""type"": ""Point"", ""coordinates"": [-75.46512, 44.33628]}"
Northern Federal Credit Union,1180 EAST COMMERCE DRIVE,WATERTOWN,13601,Jefferson,"{""type"": ""Point"", ""coordinates"": [-75.94018, 43.97935]}"
Northern Federal Credit Union,5801 NUMBER 4 ROAD,LOWVILLE,13367,Lewis,"{""type"": ""Point"", ""coordinates"": [-75.47395, 43.78149]}"
Northern Federal Credit Union,830 Washington Street,Watertown,13601,Jefferson,"{""type"": ""Point"", ""coordinates"": [-75.91456, 43.96472]}"
Northfield Bank,1497 RICHMOND AVENUE,STATEN ISLAND,10314,Richmond,"{""type"": ""Point"", ""coordinates"": [-74.15915, 40.61137]}"
Northfield Bank,6420 Amboy Road,Staten Island,10309,Richmond,"{""type"": ""Point"", ""coordinates"": [-74.21668, 40.52112]}"
Northfield Bank,519 Forest Avenue,Staten Island,10310,Richmond,"{""type"": ""Point"", ""coordinates"": [-74.10708, 40.63044]}"
Northfield Bank,8512 3rd Avenue,Brooklyn,11209,Kings,"{""type"": ""Point"", ""coordinates"": [-74.03084, 40.624]}"
Northfield Bank,1123 KINGS HIGHWAY,BROOKLYN,11225,Kings,"{""type"": ""Point"", ""coordinates"": [-73.96103, 40.60766]}"
Northfield Bank,6410 18th Avenue,Brooklyn,11204,Kings,"{""type"": ""Point"", ""coordinates"": [-73.98979, 40.61952]}"
Northfield Bank,24 HILLEL PLACE,BROOKLYN,11210,Kings,"{""type"": ""Point"", ""coordinates"": [-73.94832, 40.63238]}"
Northfield Bank,1158 Hylan Boulevard,Staten Island,10305,Richmond,"{""type"": ""Point"", ""coordinates"": [-74.08148, 40.59855]}"
Northfield Bank,247 AVENUE U,BROOKLYN,11223,Kings,"{""type"": ""Point"", ""coordinates"": [-73.97514, 40.59678]}"
Northfield Bank,1501 86TH STREET,BROOKLYN,11228,Kings,"{""type"": ""Point"", ""coordinates"": [-74.00891, 40.61142]}"
Northfield Bank,4602 13TH AVENUE,BROOKLYN,11219,Kings,"{""type"": ""Point"", ""coordinates"": [-73.99046, 40.63661]}"
Northfield Bank,355 BARD AVENUE,STATEN ISLAND,10310,Richmond,"{""type"": ""Point"", ""coordinates"": [-74.10642, 40.63579]}"
Northfield Bank,150 Greaves Lane,Staten Island,10308,Richmond,"{""type"": ""Point"", ""coordinates"": [-74.14306, 40.55398]}"
Northfield Bank,112 Court Street,Brooklyn,11201,Kings,"{""type"": ""Point"", ""coordinates"": [-73.99213, 40.69026]}"
Northfield Bank,4142 HYLAN BLVD,STATEN ISLAND,10308,Richmond,"{""type"": ""Point"", ""coordinates"": [-74.14847, 40.53877]}"
Northfield Bank,1065 Bay Street,Staten Island,10305,Richmond,"{""type"": ""Point"", ""coordinates"": [-74.06827, 40.61727]}"
Northfield Bank,2055 Victory Blvd,Staten Island,10314,Richmond,"{""type"": ""Point"", ""coordinates"": [-74.13207, 40.61244]}"
Northfield Bank,2754 HYLAN BOULEVARD,STATEN ISLAND,10306,Richmond,"{""type"": ""Point"", ""coordinates"": [-74.11462, 40.56414]}"
Northfield Bank,1481 Forest Avenue,Staten Island,10302,Richmond,"{""type"": ""Point"", ""coordinates"": [-74.13779, 40.62453]}"
Northfield Bank,5775 Amboy Road,Staten Island,10309,Richmond,"{""type"": ""Point"", ""coordinates"": [-74.20104, 40.52723]}"
Northfield Bank,3227 Richmond Avenue,Staten Island,10312,Richmond,"{""type"": ""Point"", ""coordinates"": [-74.16948, 40.56032]}"
Northwest Savings Bank,6525 TRANSIT ROAD,EAST AMHERST,14051,Erie,"{""type"": ""Point"", ""coordinates"": [-78.69627, 43.02614]}"
Northwest Savings Bank,3208 SHERIDAN DR,BUFFALO,14226,Erie,"{""type"": ""Point"", ""coordinates"": [-78.8147, 42.9811]}"
Northwest Savings Bank,3858 N BUFFALO RD,ORCHARD PARK,14127,Erie,"{""type"": ""Point"", ""coordinates"": [-78.74592, 42.77856]}"
Northwest Savings Bank,55 East Avenue,Lockport,14094,Niagara,"{""type"": ""Point"", ""coordinates"": [-78.68672, 43.17192]}"
Northwest Savings Bank,14 Lafayette Square,Buffalo,14203,Erie,"{""type"": ""Point"", ""coordinates"": [-78.87354, 42.8859]}"
Northwest Savings Bank,1248 Abbott Road,Lackawanna,14218,Erie,"{""type"": ""Point"", ""coordinates"": [-78.80537, 42.83074]}"
Northwest Savings Bank,2300 Grand Island Boulevard,Grand Island,14072,Erie,"{""type"": ""Point"", ""coordinates"": [-78.96611, 43.02452]}"
Northwest Savings Bank,1690 Sheridan Drive,Kenmore,14223,Erie,"{""type"": ""Point"", ""coordinates"": [-78.87164, 42.98121]}"
Northwest Savings Bank,500 Center Street,Lewiston,14092,Niagara,"{""type"": ""Point"", ""coordinates"": [-79.04092, 43.17272]}"
Northwest Savings Bank,311 East Fairmount Avenue,Lakewood,14750,Chautauqua,"{""type"": ""Point"", ""coordinates"": [-79.30376, 42.09937]}"
Northwest Savings Bank,768 Foote Avenue,Jamestown,14701,Chautauqua,"{""type"": ""Point"", ""coordinates"": [-79.22894, 42.07952]}"
Northwest Savings Bank,4545 Transit Road,Williamsville,14221,Erie,"{""type"": ""Point"", ""coordinates"": [-78.69493, 42.97123]}"
Northwest Savings Bank,29 South Erie Street,Mayville,14757,Chautauqua,"{""type"": ""Point"", ""coordinates"": [-79.50403, 42.25346]}"
Northwest Savings Bank,690 Kenmore Avenue,Buffalo,14216,Erie,"{""type"": ""Point"", ""coordinates"": [-78.84327, 42.95828]}"
Northwest Savings Bank,4381 Military Road,Niagara Falls,14305,Niagara,"{""type"": ""Point"", ""coordinates"": [-79.00172, 43.12615]}"
Northwest Savings Bank,2070 George Urban Boulevard,Depew,14043,Erie,"{""type"": ""Point"", ""coordinates"": [-78.73447, 42.91894]}"
Northwest Savings Bank,364 Connecticut Street,Buffalo,14213,Erie,"{""type"": ""Point"", ""coordinates"": [-78.88747, 42.906]}"
Northwest Savings Bank,210 West Main Street,Falconer,14733,Chautauqua,"{""type"": ""Point"", ""coordinates"": [-79.20138, 42.11595]}"
Northwest Savings Bank,1 West Third Street,Jamestown,14701,Chautauqua,"{""type"": ""Point"", ""coordinates"": [-79.24148, 42.0963]}"
Northwest Savings Bank,1055 Union Road,West Seneca,14224,Erie,"{""type"": ""Point"", ""coordinates"": [-78.75316, 42.82866]}"
Northwest Savings Bank,3545 Delaware Avenue,Tonawanda,14217,Erie,"{""type"": ""Point"", ""coordinates"": [-78.87163, 42.98115]}"
Northwest Savings Bank,4435 TRANSIT ROAD,CLARENCE,14221,Erie,"{""type"": ""Point"", ""coordinates"": [-78.69615, 42.96707]}"
Northwest Savings Bank,3105 Niagara Falls Boulevard,Amherst,14228,Erie,"{""type"": ""Point"", ""coordinates"": [-78.82313, 43.03866]}"
Northwest Savings Bank,1035 Payne Avenue,North Tonawanda,14120,Niagara,"{""type"": ""Point"", ""coordinates"": [-78.87749, 43.05147]}"
Northwest Savings Bank,805 MAIN STREET,NIAGARA FALLS,14301,Niagara,"{""type"": ""Point"", ""coordinates"": [-79.05456, 43.0967]}"
Northwest Savings Bank,Pine & 10th Street,Niagara Falls,14301,Niagara,"{""type"": ""Point"", ""coordinates"": [-79.05054, 43.0947]}"
Northwest Savings Bank,860 Long Pond Road,Rochester,14612,Monroe,"{""type"": ""Point"", ""coordinates"": [-77.69599, 43.23972]}"
Northwest Savings Bank,475 Plank Road,Webster,14580,Monroe,"{""type"": ""Point"", ""coordinates"": [-77.50733, 43.18227]}"
Northwest Savings Bank,311 Third St,Jamestown,14701,Chautauqua,"{""type"": ""Point"", ""coordinates"": [-79.24516, 42.09571]}"
Northwest Savings Bank,1228 JEFFERSON AVE,BUFFALO,14208,Erie,"{""type"": ""Point"", ""coordinates"": [-78.85424, 42.90881]}"
Northwest Savings Bank,5751 South Park Avenue,Hamburg,14075,Erie,"{""type"": ""Point"", ""coordinates"": [-78.82584, 42.7401]}"
OceanFirst Bank N.A.,583 West 235th Street,Bronx,10463,Bronx,"{""type"": ""Point"", ""coordinates"": [-73.91113, 40.88587]}"
OceanFirst Bank N.A.,4349 Katonah Avenue,Bronx,10470,Bronx,"{""type"": ""Point"", ""coordinates"": [-73.86768, 40.90022]}"
OceanFirst Bank N.A.,80 Garth Road,Scarsdale,10583,Westchester,"{""type"": ""Point"", ""coordinates"": [-73.81026, 40.9865]}"
OceanFirst Bank N.A.,655 Third Avenue,New York,10017,New York,"{""type"": ""Point"", ""coordinates"": [-73.9747, 40.7504]}"
OceanFirst Bank N.A.,68 South Service Road,Melville,11747,Suffolk,"{""type"": ""Point"", ""coordinates"": [-73.43778, 40.78168]}"
Orange Bank & Trust Company,212 Dolson Avenue,Middletown,10940,Orange,"{""type"": ""Point"", ""coordinates"": [-74.429, 41.42626]}"
Orange Bank & Trust Company,2093 Route 208,Montgomery,12549,Orange,"{""type"": ""Point"", ""coordinates"": [-74.20834, 41.51466]}"
Orange Bank & Trust Company,54 WEST MAIN STREET,GOSHEN,10924,Orange,"{""type"": ""Point"", ""coordinates"": [-74.32545, 41.40213]}"
Orange Bank & Trust Company,78 North Plank Road,Newburgh,12550,Orange,"{""type"": ""Point"", ""coordinates"": [-74.03301, 41.52585]}"
Orange Bank & Trust Company,91 Brookside Avenue,Chester,10918,Orange,"{""type"": ""Point"", ""coordinates"": [-74.28491, 41.35814]}"
Palisades Federal Credit Union,240 EAST ROUTE 59,NANUET,10954,Rockland,"{""type"": ""Point"", ""coordinates"": [-74.00131, 41.0951]}"
Palisades Federal Credit Union,244 SOUTH MAIN STREET,NEW CITY,10956,Rockland,"{""type"": ""Point"", ""coordinates"": [-73.99025, 41.13975]}"
Palisades Federal Credit Union,16 ORANGETOWN CENTER,ORANGEBURG,10962,Rockland,"{""type"": ""Point"", ""coordinates"": [-73.95339, 41.04393]}"
Pathfinder Bank,291 State Route 104 East,Oswego,13126,Oswego,"{""type"": ""Point"", ""coordinates"": [-76.48203, 43.46167]}"
Pathfinder Bank,3361 Main Street,Mexico,13114,Oswego,"{""type"": ""Point"", ""coordinates"": [-76.23719, 43.45994]}"
Pathfinder Bank,1897 Harwood Drive,Lacona,13083,Oswego,"{""type"": ""Point"", ""coordinates"": [-76.06935, 43.64347]}"
Pathfinder Bank,West 2nd Street,Oswego,13126,Oswego,
Pathfinder Bank,5 West 1st Street,South Fulton,13069,Oswego,"{""type"": ""Point"", ""coordinates"": [-76.42286, 43.32439]}"
Pathfinder Bank,109 West Fayette Street,Syracuse,13202,Onondaga,"{""type"": ""Point"", ""coordinates"": [-76.15277, 43.04869]}"
Pathfinder Bank,3025 East Avenue,Central Square,13036,Oswego,"{""type"": ""Point"", ""coordinates"": [-76.12942, 43.28671]}"
Pathfinder Bank,6194 State Route 31,Cicero,13039,Onondaga,"{""type"": ""Point"", ""coordinates"": [-76.09207, 43.17614]}"
Pathfinder Bank,78 COUNTY ROUTE 89,OSWEGO,13126,Sullivan,"{""type"": ""Point"", ""coordinates"": [-76.55772, 43.44967]}"
Pathfinder Bank,516 South 2nd Street,Fulton,13069,Oswego,"{""type"": ""Point"", ""coordinates"": [-76.40806, 43.31426]}"
Pathfinder Bank,9255 OSWEGO ROAD,PHOENIX,13135,Sullivan,"{""type"": ""Point"", ""coordinates"": [-76.35817, 43.21859]}"
Pathfinder Bank,3775 State Route 31,Liverpool,13090,Onondaga,"{""type"": ""Point"", ""coordinates"": [-76.25213, 43.18335]}"
Pathfinder Bank,6611 Manlius Center Rd,East Syracuse,13057,Onondaga,"{""type"": ""Point"", ""coordinates"": [-76.06097, 43.06369]}"
Pathfinder Bank,6611 Manlius Center Rd,East Syracuse,13057,Onondaga,"{""type"": ""Point"", ""coordinates"": [-76.06097, 43.06369]}"
Pathfinder Bank,110 WEST SIXTH STREET,OSWEGO,13126,Sullivan,"{""type"": ""Point"", ""coordinates"": [-76.5161, 43.45401]}"
Pathfinder Bank,34 East Bridge Street,Oswego,13126,Oswego,"{""type"": ""Point"", ""coordinates"": [-76.50725, 43.45775]}"
Pathfinder Bank,214 West First Street,Oswego,13126,Oswego,"{""type"": ""Point"", ""coordinates"": [-76.51112, 43.45556]}"
Pathfinder Bank,3739 STATE ROUTE 13,PULASKI,13142,Sullivan,"{""type"": ""Point"", ""coordinates"": [-76.1127, 43.55401]}"
"Patriot Bank, N.A",495 Central Park Avenue,Scarsdale,10583,Westchester,"{""type"": ""Point"", ""coordinates"": [-73.8123, 41.00526]}"
Pentagon Federal Credit Union,Building 1200,West Point,10996,Orange,
Pentagon Federal Credit Union,Building 602,West Point,10996,Orange,
Pentagon Federal Credit Union,Building 745,West Point,10996,Orange,
Pentagon Federal Credit Union,Building 683 Buckner Loop,West Point,10996,Orange,
Pentagon Federal Credit Union,Building 1206 Stony Lonesome Rd.,West Point,10996,Orange,
Peoples Alliance Federal Credit Union,"JFK Cargo Area A, Building 14",Jamaica,11430,Queens,
Peoples Alliance Federal Credit Union,1600 Stewart Avenue,Westbury,11590,Nassau,"{""type"": ""Point"", ""coordinates"": [-73.58293, 40.7359]}"
Peoples Alliance Federal Credit Union,125 Wireless Boulevard,Hauppauge,11788,Suffolk,"{""type"": ""Point"", ""coordinates"": [-73.26694, 40.81285]}"
Peoples Alliance Federal Credit Union,3125 Veterans Memorial Highway,Ronkonkoma,11779,Suffolk,"{""type"": ""Point"", ""coordinates"": [-73.13468, 40.78893]}"
Peoples Alliance Federal Credit Union,132 Tuckahoe Road,Yonkers,10710,Westchester,"{""type"": ""Point"", ""coordinates"": [-73.8655, 40.955]}"
Peoples Alliance Federal Credit Union,69 Altantic Avenue,Brooklyn,11201,Kings,"{""type"": ""Point"", ""coordinates"": [-73.99799, 40.69123]}"
Pepsico Employees Federal Credit Union,700 Anderson Hill Road,Purchase,10577,Westchester,"{""type"": ""Point"", ""coordinates"": [-73.69685, 41.03869]}"
Pioneer Savings Bank,78 Main Avenue --- Route 66,Wynantskill,12198,Rensselaer,"{""type"": ""Point"", ""coordinates"": [-73.64564, 42.69685]}"
Pioneer Savings Bank,712 Hoosick Road,Troy,12180,Rensselaer,"{""type"": ""Point"", ""coordinates"": [-73.6462, 42.74317]}"
Pioneer Savings Bank,1828 Altamont Avenue,Rotterdam,12303,Schenectady,"{""type"": ""Point"", ""coordinates"": [-73.95293, 42.78113]}"
Pioneer Savings Bank,531 Troy Schenectady Road,Latham,12110,Albany,"{""type"": ""Point"", ""coordinates"": [-73.76368, 42.75022]}"
Pioneer Savings Bank,1883 Western Avenue,Albany,12203,Albany,"{""type"": ""Point"", ""coordinates"": [-73.87497, 42.69311]}"
Pioneer Savings Bank,1761 Central Avenue,Albany,12205,Albany,"{""type"": ""Point"", ""coordinates"": [-73.84363, 42.72758]}"
Pioneer Savings Bank,142 Saratoga Avenue,Waterford,12188,Saratoga,"{""type"": ""Point"", ""coordinates"": [-73.69084, 42.78891]}"
Pioneer Savings Bank,329 Glenmont Road,Glenmont,12077,Albany,"{""type"": ""Point"", ""coordinates"": [-73.79064, 42.60248]}"
Pioneer Savings Bank,90 State Street,Albany,12207,Albany,"{""type"": ""Point"", ""coordinates"": [-73.75298, 42.64992]}"
Pioneer Savings Bank,843 Route 146,Clifton Park,12065,Saratoga,"{""type"": ""Point"", ""coordinates"": [-73.78626, 42.86452]}"
Pioneer Savings Bank,184 Delaware Avenue,Delmar,12054,Albany,"{""type"": ""Point"", ""coordinates"": [-73.81301, 42.62859]}"
Pioneer Savings Bank,100 Mohawk Avenue,Cohoes,12047,Albany,"{""type"": ""Point"", ""coordinates"": [-73.70035, 42.77416]}"
Pioneer Savings Bank,600 North Greenbush Road,East Greenbush,12061,Rensselaer,
Pioneer Savings Bank,739 Upper Glen Street,Queensbury,12804,Warren,"{""type"": ""Point"", ""coordinates"": [-73.66984, 43.32831]}"
Pioneer Savings Bank,440 Main Street,Cairo,12413,Greene,"{""type"": ""Point"", ""coordinates"": [-73.9978, 42.29859]}"
Pioneer Savings Bank,11565 Highway 32,Greenville,12083,Greene,"{""type"": ""Point"", ""coordinates"": [-74.01772, 42.42786]}"
Pioneer Savings Bank,426 State Street,Schenectady,12305,Albany,"{""type"": ""Point"", ""coordinates"": [-73.94197, 42.81282]}"
Pioneer Savings Bank,652 Albany-Shaker Road,Colonie,12211,Albany,"{""type"": ""Point"", ""coordinates"": [-73.79358, 42.72559]}"
Pioneer Savings Bank,10 Kendall Way,Malta,12020,Saratoga,"{""type"": ""Point"", ""coordinates"": [-73.7943, 42.97243]}"
Pioneer Savings Bank,2000 Second Avenue,Watervliet,12189,Albany,"{""type"": ""Point"", ""coordinates"": [-73.7014, 42.73079]}"
Pioneer Savings Bank,1208 Route 146,Clifton Park,12065,Saratoga,"{""type"": ""Point"", ""coordinates"": [-73.82221, 42.86866]}"
Pittsford Federal Credit Uniion,20 TOBEY VILLAGE ROAD,PITTSFORD,14534,Monroe,"{""type"": ""Point"", ""coordinates"": [-77.54498, 43.08692]}"
Pittsford Federal Credit Uniion,1321 Pittsford Mendon Road,Mendon,14506,Monroe,"{""type"": ""Point"", ""coordinates"": [-77.50821, 43.00204]}"
Polish & Slavic Federal Credit Union,1919 Hylan Boulevard,Staten Island,10305,Richmond,"{""type"": ""Point"", ""coordinates"": [-74.0967, 40.58314]}"
Polish & Slavic Federal Credit Union,314 Great Neck Road,Copiague,11726,Suffolk,"{""type"": ""Point"", ""coordinates"": [-73.39399, 40.67113]}"
Polish & Slavic Federal Credit Union,66-14 Grand Avenue,Maspeth,11378,Queens,"{""type"": ""Point"", ""coordinates"": [-73.89815, 40.72443]}"
Polish & Slavic Federal Credit Union,140 Greenpoint Avenue,Brooklyn,11222,Kings,"{""type"": ""Point"", ""coordinates"": [-73.95495, 40.73012]}"
Polish & Slavic Federal Credit Union,69-03 Fresh Pond Road,Ridgewood,11385,Queens,"{""type"": ""Point"", ""coordinates"": [-73.89536, 40.70309]}"
Polish & Slavic Federal Credit Union,100 McGuinness Boulevard,Brooklyn,11222,Kings,"{""type"": ""Point"", ""coordinates"": [-73.94843, 40.72521]}"
Polish & Slavic Federal Credit Union,1260 60th Street,Brooklyn,11219,Kings,"{""type"": ""Point"", ""coordinates"": [-73.99979, 40.62909]}"
Ponce Bank,5560 Broadway,Bronx,10463,Bronx,"{""type"": ""Point"", ""coordinates"": [-73.90516, 40.87844]}"
Ponce Bank,100-20 Queens Boulevard,Forest Hills,11375,Queens,"{""type"": ""Point"", ""coordinates"": [-73.85321, 40.72657]}"
Ponce Bank,2047 86th Street,Brooklyn,11214,Kings,"{""type"": ""Point"", ""coordinates"": [-73.99711, 40.6039]}"
Ponce Bank,1900 Ralph Avenue,Brooklyn,11234,Kings,"{""type"": ""Point"", ""coordinates"": [-73.91884, 40.6311]}"
Ponce Bank,319 1st Avenue,New York,10003,New York,"{""type"": ""Point"", ""coordinates"": [-73.98057, 40.73411]}"
Ponce Bank,2244 Westchester Avenue,Bronx,10462,Bronx,"{""type"": ""Point"", ""coordinates"": [-73.85076, 40.83432]}"
Ponce Bank,980 SOUTHERN BOULEVARD,BRONX,10459,Bronx,"{""type"": ""Point"", ""coordinates"": [-73.89174, 40.82247]}"
Ponce Bank,51 EAST 170TH STREET,BRONX,10452,Bronx,"{""type"": ""Point"", ""coordinates"": [-73.91609, 40.83961]}"
Ponce Bank,169 Smith Street,Brooklyn,11201,Kings,"{""type"": ""Point"", ""coordinates"": [-73.991, 40.68596]}"
Ponce Bank,207 E 106TH STREET,NEW YORK,10029,New York,"{""type"": ""Point"", ""coordinates"": [-73.9444, 40.79146]}"
Ponce Bank,401 West 207th Street,New York,10034,New York,"{""type"": ""Point"", ""coordinates"": [-73.91752, 40.86388]}"
Ponce Bank,3857 9th Avenue,New York,10034,New York,"{""type"": ""Point"", ""coordinates"": [-73.91736, 40.8633]}"
Ponce Bank,34-05 BROADWAY,ASTORIA,11106,New York,"{""type"": ""Point"", ""coordinates"": [-73.92269, 40.76071]}"
Ponce Bank,37-60 82nd Street,Jackson Heights,11372,Queens,"{""type"": ""Point"", ""coordinates"": [-73.88401, 40.74808]}"
Provident Bank,28-21 Astoria Boulevard,Astoria,11102,Queens,"{""type"": ""Point"", ""coordinates"": [-73.91966, 40.77092]}"
Provident Bank,1045 Northern Blvd,ROSLYN,11576,Nassau,"{""type"": ""Point"", ""coordinates"": [-73.6653, 40.79838]}"
Provident Bank,556 Route 32,Highland Mills,10930,Orange,"{""type"": ""Point"", ""coordinates"": [-74.1245, 41.34985]}"
Putnam County National Bank,12 Front Street,Croton Falls,10519,Westchester,"{""type"": ""Point"", ""coordinates"": [-73.66247, 41.34822]}"
Radius Federal Credit Union,8766 Erie Rd,Angola,14006,New York,"{""type"": ""Point"", ""coordinates"": [-79.04306, 42.64652]}"
Radius Federal Credit Union,2853 DELAWARE AVENUE,KENMORE,14217,Erie,"{""type"": ""Point"", ""coordinates"": [-78.86972, 42.96171]}"
Reliant Community Credit Union,10 BENTON PLACE,SODUS,14551,Wayne,"{""type"": ""Point"", ""coordinates"": [-77.06552, 43.23121]}"
Reliant Community Credit Union,205 NORTH MAIN STREET,NEWARK,14513,Wayne,"{""type"": ""Point"", ""coordinates"": [-77.09478, 43.04894]}"
Reliant Community Credit Union,3255 COUNTY ROAD 10,CANANDAIGUA,14424,Ontario,"{""type"": ""Point"", ""coordinates"": [-77.24528, 42.87309]}"
Reliant Community Credit Union,1520 Victor Road,Macedon,14502,Wayne,"{""type"": ""Point"", ""coordinates"": [-77.31548, 43.06309]}"
Reliant Community Credit Union,870 HOLT ROAD,WEBSTER,14580,Monroe,"{""type"": ""Point"", ""coordinates"": [-77.44615, 43.21696]}"
Reliant Community Credit Union,625 Titus Avenue,Rochester,14617,Monroe,"{""type"": ""Point"", ""coordinates"": [-77.59977, 43.21022]}"
Reliant Community Credit Union,1296 State Route 332,Farmington,14425,Ontario,"{""type"": ""Point"", ""coordinates"": [-77.35536, 42.97306]}"
Reliant Community Credit Union,250 W Main St,Victor,14590,Ontario,"{""type"": ""Point"", ""coordinates"": [-77.41765, 42.98632]}"
Remington Federal Credit Union,39 Central Plaza,Ilion,13357,Herkimer,"{""type"": ""Point"", ""coordinates"": [-75.03702, 43.01571]}"
Rhinebeck Savings Bank,6414 Montgomery Street,Rhinebeck,12572,Dutchess,"{""type"": ""Point"", ""coordinates"": [-73.91265, 41.92748]}"
Rhinebeck Savings Bank,1075  Violet Avenue,Hyde Park,12538,Dutchess,"{""type"": ""Point"", ""coordinates"": [-73.91429, 41.78614]}"
Rhinebeck Savings Bank,708 Dutchess Turnpike,Poughkeepsie,12603,Dutchess,"{""type"": ""Point"", ""coordinates"": [-73.88099, 41.69821]}"
Rhinebeck Savings Bank,3432 North Road,Poughkeepsie,12601,Dutchess,"{""type"": ""Point"", ""coordinates"": [-73.93115, 41.72361]}"
Rhinebeck Savings Bank,7350 SOUTH BROADWAY,RED HOOK,12571,Dutchess,"{""type"": ""Point"", ""coordinates"": [-73.88053, 41.98779]}"
Rhinebeck Savings Bank,456 Broadway,Newburgh,12550,Orange,"{""type"": ""Point"", ""coordinates"": [-74.02842, 41.50153]}"
Rhinebeck Savings Bank,2523 Route 52,Hopewell Junction,12533,Dutchess,"{""type"": ""Point"", ""coordinates"": [-73.78964, 41.55364]}"
Rhinebeck Savings Bank,1898 South Road,Poughkeepsie,12601,Dutchess,"{""type"": ""Point"", ""coordinates"": [-73.91591, 41.61854]}"
Rhinebeck Savings Bank,1022 Main Street,Fishkill,12524,Dutchess,"{""type"": ""Point"", ""coordinates"": [-73.90537, 41.53345]}"
Rhinebeck Savings Bank,252 Main Street,Goshen,10924,Orange,"{""type"": ""Point"", ""coordinates"": [-74.31892, 41.40464]}"
Rhinebeck Savings Bank,62 Main Street #1,Warwick,10990,Orange,"{""type"": ""Point"", ""coordinates"": [-74.35878, 41.25789]}"
Rhinebeck Savings Bank,27 Main Street,Kingston,12401,Ulster,"{""type"": ""Point"", ""coordinates"": [-74.01778, 41.93288]}"
Ridgewood Savings Bank,71-02 FOREST AVENUE,RIDGEWOOD,11385,Queens,"{""type"": ""Point"", ""coordinates"": [-73.90009, 40.70046]}"
Ridgewood Savings Bank,125 NY-340,SPARKILL,10976,Rockland,"{""type"": ""Point"", ""coordinates"": [-73.93837, 41.042]}"
Ridgewood Savings Bank,202-16 ROCKAWAY POINT BOULEVARD,BREEZY POINT,11697,Queens,"{""type"": ""Point"", ""coordinates"": [-73.91126, 40.56076]}"
Ridgewood Savings Bank,220 Old Country Road,Hicksville,11801,Nassau,"{""type"": ""Point"", ""coordinates"": [-73.52951, 40.76156]}"
Ridgewood Savings Bank,8522 3rd Avenue,Brooklyn,11209,Kings,"{""type"": ""Point"", ""coordinates"": [-74.03092, 40.6238]}"
Ridgewood Savings Bank,317 South Wellwood Avenue,Lindenhurst,11757,Suffolk,"{""type"": ""Point"", ""coordinates"": [-73.37023, 40.68403]}"
Ridgewood Savings Bank,205-09/11 HILLSIDE AVENUE,HOLLIS,11423,Queens,"{""type"": ""Point"", ""coordinates"": [-73.76041, 40.72102]}"
Ridgewood Savings Bank,2080 BELLMORE AVENUE,BELLMORE,11710,Nassau,"{""type"": ""Point"", ""coordinates"": [-73.52684, 40.67234]}"
Ridgewood Savings Bank,25-29 Parsons Boulevard,Flushing,11354,Queens,"{""type"": ""Point"", ""coordinates"": [-73.82374, 40.7758]}"
Ridgewood Savings Bank,1010 HEMPSTEAD TURNPIKE,FRANKLIN SQUARE,11010,Nassau,"{""type"": ""Point"", ""coordinates"": [-73.67743, 40.70762]}"
Ridgewood Savings Bank,107-55 Queens Boulevard,Forest Hills,11375,Queens,"{""type"": ""Point"", ""coordinates"": [-73.84422, 40.72176]}"
Ridgewood Savings Bank,230-22 MERRICK BOULEVARD,LAURELTON,11413,Queens,"{""type"": ""Point"", ""coordinates"": [-73.73975, 40.67583]}"
Ridgewood Savings Bank,1981 Marcus Avenue,New Hyde Park,11042,Nassau,"{""type"": ""Point"", ""coordinates"": [-73.69478, 40.75531]}"
Ridgewood Savings Bank,2465 Jericho Turnpike,Garden City Park,11040,Nassau,"{""type"": ""Point"", ""coordinates"": [-73.65841, 40.74328]}"
Ridgewood Savings Bank,7020 13th Avenue,Brooklyn,11228,Kings,"{""type"": ""Point"", ""coordinates"": [-74.00487, 40.62276]}"
Ridgewood Savings Bank,65-01 MYRTLE AVENUE,GLENDALE,11385,Queens,"{""type"": ""Point"", ""coordinates"": [-73.89016, 40.70116]}"
Ridgewood Savings Bank,7124 18th Avenue,Brooklyn,11204,Kings,"{""type"": ""Point"", ""coordinates"": [-73.9941, 40.61524]}"
Ridgewood Savings Bank,208-24 Cross Island Parkway,Bayside,11360,Queens,"{""type"": ""Point"", ""coordinates"": [-73.78506, 40.78858]}"
Ridgewood Savings Bank,1134 MORRIS PARK AVENUE,BRONX,10461,Bronx,"{""type"": ""Point"", ""coordinates"": [-73.85161, 40.8502]}"
Ridgewood Savings Bank,3951 WHITE PLAINS ROAD,BRONX,10466,Bronx,"{""type"": ""Point"", ""coordinates"": [-73.86079, 40.88726]}"
Ridgewood Savings Bank,74-25 Grand Avenue,Elmhurst,11373,Queens,"{""type"": ""Point"", ""coordinates"": [-73.88726, 40.73029]}"
Ridgewood Savings Bank,50 ROUTE 109,WEST BABYLON,11704,Suffolk,"{""type"": ""Point"", ""coordinates"": [-73.34587, 40.70469]}"
Ridgewood Savings Bank,244 Court Street,Brooklyn,11201,Kings,"{""type"": ""Point"", ""coordinates"": [-73.99434, 40.68568]}"
Ridgewood Savings Bank,43-14 Ditmars Boulevard,Astoria,11105,Queens,"{""type"": ""Point"", ""coordinates"": [-73.90391, 40.77054]}"
Ridgewood Savings Bank,711 Allerton Avenue,Bronx,10467,Bronx,"{""type"": ""Point"", ""coordinates"": [-73.86668, 40.86545]}"
Ridgewood Savings Bank,382 Pelham Road,New Rochelle,10805,Westchester,"{""type"": ""Point"", ""coordinates"": [-73.77839, 40.89699]}"
Ridgewood Savings Bank,670 McLean Avenue,Yonkers,10704,Westchester,"{""type"": ""Point"", ""coordinates"": [-73.87706, 40.90863]}"
Ridgewood Savings Bank,1770 East Gunhill Road,Bronx,10469,Bronx,"{""type"": ""Point"", ""coordinates"": [-73.83459, 40.8634]}"
Ridgewood Savings Bank,3445 Jerome Avenue,Bronx,10467,Bronx,"{""type"": ""Point"", ""coordinates"": [-73.88278, 40.88138]}"
Ridgewood Savings Bank,3899 Sedgwick Avenue,Bronx,10463,Bronx,"{""type"": ""Point"", ""coordinates"": [-73.89317, 40.88273]}"
Ridgewood Savings Bank,1404 Second Avenue,New York,10021,New York,"{""type"": ""Point"", ""coordinates"": [-73.95776, 40.76965]}"
Ridgewood Savings Bank,2520 East 17th Street,Brooklyn,11235,Kings,"{""type"": ""Point"", ""coordinates"": [-73.95296, 40.58959]}"
Ridgewood Savings Bank,1745 Crosby Avenue,Bronx,10461,Bronx,"{""type"": ""Point"", ""coordinates"": [-73.83186, 40.84629]}"
Ridgewood Savings Bank,1646 First Avenue,New York,10028,New York,"{""type"": ""Point"", ""coordinates"": [-73.9496, 40.77657]}"
Ridgewood Savings Bank,1035 FULTON ST.,BROOKLYN,11238,Kings,"{""type"": ""Point"", ""coordinates"": [-73.96063, 40.68217]}"
Ridgewood Savings Bank,1125 Old Country Rd.,Plainview,11803,Nassau,"{""type"": ""Point"", ""coordinates"": [-73.46512, 40.77575]}"
Ridgewood Savings Bank,71-02 Forest Ave.,Ridgewood,11385,New York,"{""type"": ""Point"", ""coordinates"": [-73.90009, 40.70046]}"
Ridgewood Savings Bank,222 CLINTON AVE,BROOKLYN,11205,Kings,"{""type"": ""Point"", ""coordinates"": [-73.96848, 40.69137]}"
Ridgewood Savings Bank,541 Boulevard East,Yaphank,11980,Suffolk,"{""type"": ""Point"", ""coordinates"": [-72.89878, 40.8472]}"
Ridgewood Savings Bank,155 W Roe Blvd,Patchogue,11772,Suffolk,"{""type"": ""Point"", ""coordinates"": [-73.02436, 40.77515]}"
Ridgewood Savings Bank,8000 Utopia Parkway,Jamaica,11432,Queens,"{""type"": ""Point"", ""coordinates"": [-73.79487, 40.72246]}"
Ridgewood Savings Bank,835 Atlantic Avenue,Baldwin Harbor,11510,Nassau,"{""type"": ""Point"", ""coordinates"": [-73.61126, 40.63923]}"
Rochester & Monroe Co. Employees Federal Credit Union,1555 Long Pond Rd.,Rochester,14626,Monroe,"{""type"": ""Point"", ""coordinates"": [-77.70412, 43.19275]}"
Rome Federal Credit Union,937 Seneca Street,Rome,13440,Oneida,"{""type"": ""Point"", ""coordinates"": [-75.43229, 43.2076]}"
"Rome Savings Bank, FSB",9196 Main St.,Westernville,13486,Oneida,"{""type"": ""Point"", ""coordinates"": [-75.38186, 43.30665]}"
"Rome Savings Bank, FSB",8591 Turin Road,Rome,13440,Oneida,"{""type"": ""Point"", ""coordinates"": [-75.46975, 43.27745]}"
"Rome Savings Bank, FSB",7812 Turin Rd.,Rome,13440,Oneida,"{""type"": ""Point"", ""coordinates"": [-75.45491, 43.24036]}"
"Rome Savings Bank, FSB",9074 Dopp Hill Road,Westernville,13486,Oneida,"{""type"": ""Point"", ""coordinates"": [-75.38641, 43.30102]}"
"Rome Savings Bank, FSB",1300 E. Dominick St.,Rome,13440,Oneida,"{""type"": ""Point"", ""coordinates"": [-75.43488, 43.20442]}"
"Rome Savings Bank, FSB",7282 W. Main St.,Westmoreland,13490,Oneida,"{""type"": ""Point"", ""coordinates"": [-75.405, 43.11551]}"
"Rome Savings Bank, FSB",Erie Blvd. W.,Rome,13440,Oneida,
Rome Teachers Federal Credit Union,924 TURIN STREET,ROME,13440,Oneida,"{""type"": ""Point"", ""coordinates"": [-75.45542, 43.23663]}"
Rome Teachers Federal Credit Union,13 S Park St,Camden,13316,Oneida,"{""type"": ""Point"", ""coordinates"": [-75.74701, 43.33529]}"
Rondout Savings Bank,295-4 Route 375,West Hurley,12491,Ulster,"{""type"": ""Point"", ""coordinates"": [-74.10556, 42.00578]}"
Rondout Savings Bank,4269 Albany Post Road,Hyde Park,12538,Dutchess,"{""type"": ""Point"", ""coordinates"": [-73.9329, 41.78267]}"
Rondout Savings Bank,267 Wall St,Kingston,12401,Ulster,"{""type"": ""Point"", ""coordinates"": [-74.0194, 41.93272]}"
Rondout Savings Bank,1296 Ulster Avenue,Kingston,12401,Ulster,"{""type"": ""Point"", ""coordinates"": [-73.98826, 41.96911]}"
Rondout Savings Bank,300 Broadway,Kingston,12401,Ulster,"{""type"": ""Point"", ""coordinates"": [-73.99081, 41.92533]}"
Royal Business Bank,5503 8th Avenue,Brooklyn,11220,Kings,"{""type"": ""Point"", ""coordinates"": [-74.00675, 40.63818]}"
Royal Business Bank,5902 8th Avenue,Brooklyn,11220,Kings,"{""type"": ""Point"", ""coordinates"": [-74.00903, 40.63598]}"
Royal Business Bank,42-08 Main Street,Flushing,11355,Queens,"{""type"": ""Point"", ""coordinates"": [-73.82823, 40.75516]}"
Royal Business Bank,2057 86th Street,Brooklyn,11214,Kings,"{""type"": ""Point"", ""coordinates"": [-73.99688, 40.60376]}"
Royal Business Bank,179 CANAL STREET,NEW YORK,10013,New York,"{""type"": ""Point"", ""coordinates"": [-73.99752, 40.71673]}"
Royal Business Bank,135-34 ROOSEVELT AVENUE,FLUSHING,11354,Queens,"{""type"": ""Point"", ""coordinates"": [-73.83088, 40.75931]}"
Royal Business Bank,86-55 Broadway,Elmhurst,11373,Queens,"{""type"": ""Point"", ""coordinates"": [-73.87736, 40.73722]}"
Salt City Federal Credit Union,1753 MILTON AVENUE,SOLVAY,13209,Onondaga,"{""type"": ""Point"", ""coordinates"": [-76.20531, 43.06114]}"
Salt City Federal Credit Union,4659 ONONDAGA BOULEVARD,SYRACUSE,13219,Onondaga,"{""type"": ""Point"", ""coordinates"": [-76.19225, 43.03315]}"
Salt City Federal Credit Union,4800 SOUTH SALINA STREET,SYRACUSE,13205,Onondaga,"{""type"": ""Point"", ""coordinates"": [-76.14277, 43.00059]}"
Santander Bank,37-18 BROADWAY,LONG ISLAND CITY,11103,Queens,"{""type"": ""Point"", ""coordinates"": [-73.91994, 40.75942]}"
Santander Bank,36 Richmond Ave,Staten Island,10301,Richmond,"{""type"": ""Point"", ""coordinates"": [-74.07631, 40.64375]}"
Santander Bank,301 Avenue U,Brooklyn,11223,Kings,"{""type"": ""Point"", ""coordinates"": [-73.97287, 40.59701]}"
Santander Bank,1302 Avenue J,Brooklyn,11230,Kings,"{""type"": ""Point"", ""coordinates"": [-73.96307, 40.62499]}"
Santander Bank,234 Prospect Park West,Brooklyn,11215,Kings,"{""type"": ""Point"", ""coordinates"": [-73.98114, 40.6595]}"
Santander Bank,440 Avenue P,Brooklyn,11223,Kings,"{""type"": ""Point"", ""coordinates"": [-73.97124, 40.60901]}"
Santander Bank,4310 Amboy Road,Staten Island,10312,Richmond,"{""type"": ""Point"", ""coordinates"": [-74.15942, 40.54574]}"
Santander Bank,226 EAST 86TH STREET,NEW YORK,10028,New York,"{""type"": ""Point"", ""coordinates"": [-73.95284, 40.77834]}"
Santander Bank,222 BROADWAY,NEW YORK,10038,New York,"{""type"": ""Point"", ""coordinates"": [-74.00891, 40.71108]}"
Santander Bank,81 Water Street,Staten Island,10304,Richmond,"{""type"": ""Point"", ""coordinates"": [-74.07692, 40.62707]}"
Santander Bank,15 Hyatt Street,Staten Island,10301,Richmond,"{""type"": ""Point"", ""coordinates"": [-74.07688, 40.64203]}"
Santander Bank,1837 Victory Boulevard,Staten Island,10314,Richmond,"{""type"": ""Point"", ""coordinates"": [-74.12488, 40.61294]}"
Santander Bank,1320 Hylan Boulevard,Staten Island,10305,Richmond,"{""type"": ""Point"", ""coordinates"": [-74.08551, 40.59615]}"
Santander Bank,475 Forest Avenue,Staten Island,10301,Richmond,"{""type"": ""Point"", ""coordinates"": [-74.10531, 40.63063]}"
Santander Bank,3150 Amboy Road,Staten Island,10306,Richmond,"{""type"": ""Point"", ""coordinates"": [-74.13227, 40.56391]}"
Santander Bank,900 Huguenot Avenue,Staten Island,10312,Richmond,"{""type"": ""Point"", ""coordinates"": [-74.19213, 40.53227]}"
Santander Bank,2700 Hylan Boulevard,Staten Island,10306,Richmond,"{""type"": ""Point"", ""coordinates"": [-74.11292, 40.56574]}"
Santander Bank,4025 Amboy Road,Staten Island,10308,Richmond,"{""type"": ""Point"", ""coordinates"": [-74.1511, 40.54989]}"
Santander Bank,6975 AMBOY ROAD,STATEN ISLAND,10307,Richmond,"{""type"": ""Point"", ""coordinates"": [-74.23326, 40.5162]}"
Santander Bank,43 Richmond Hill Road,Staten Island,10314,Richmond,"{""type"": ""Point"", ""coordinates"": [-74.16611, 40.58833]}"
Santander Bank,6424 18th Avenue,Brooklyn,11204,Kings,"{""type"": ""Point"", ""coordinates"": [-73.99003, 40.61929]}"
Santander Bank,23 Newkirk Plaza,Brooklyn,11226,Kings,"{""type"": ""Point"", ""coordinates"": [-73.96262, 40.63458]}"
Santander Bank,443 Hillside Avenue,Williston Park,11596,Nassau,"{""type"": ""Point"", ""coordinates"": [-73.6574, 40.75317]}"
Santander Bank,23-56 Bell Boulevard,Bayside,11360,Queens,"{""type"": ""Point"", ""coordinates"": [-73.7753, 40.78038]}"
Santander Bank,250 Lexington Avenue,New York,10016,New York,"{""type"": ""Point"", ""coordinates"": [-73.97961, 40.74657]}"
Santander Bank,1416 East Avenue,Bronx,10462,Bronx,"{""type"": ""Point"", ""coordinates"": [-73.86042, 40.83599]}"
Santander Bank,2228 BROADWAY,MANHATTAN,10027,New York,"{""type"": ""Point"", ""coordinates"": [-73.97961, 40.7842]}"
Santander Bank,4514 16th Avenue,Brooklyn,11204,Kings,"{""type"": ""Point"", ""coordinates"": [-73.98358, 40.63288]}"
Santander Bank,22-59 31st Street,Long Island City,11105,Queens,"{""type"": ""Point"", ""coordinates"": [-73.91233, 40.77482]}"
Santander Bank,75-81 31st Avenue,Jackson Heights,11370,Queens,"{""type"": ""Point"", ""coordinates"": [-73.89123, 40.76011]}"
Santander Bank,89-01 Northern Boulevard,Jackson Heights,11372,Queens,"{""type"": ""Point"", ""coordinates"": [-73.87827, 40.75678]}"
Santander Bank,150-28 Union Turnpike,Flushing,11367,Queens,"{""type"": ""Point"", ""coordinates"": [-73.81195, 40.71907]}"
Santander Bank,189 MONTAGUE STREET,BROOKLYN,11201,Kings,"{""type"": ""Point"", ""coordinates"": [-73.99173, 40.6941]}"
Santander Bank,1550 RICHMOND ROAD,STATEN ISLAND,10304,Richmond,"{""type"": ""Point"", ""coordinates"": [-74.10095, 40.59194]}"
Santander Bank,330 Madison Avenue,New York,10017,New York,"{""type"": ""Point"", ""coordinates"": [-73.97916, 40.75297]}"
Santander Bank,243 CANAL STREET,NEW YORK,10013,New York,"{""type"": ""Point"", ""coordinates"": [-74.00023, 40.71822]}"
Santander Bank,72-44 Austin Street,Forest Hills,11375,Queens,"{""type"": ""Point"", ""coordinates"": [-73.8412, 40.7187]}"
Santander Bank,841 BROADWAY,NEW YORK,10003,New York,"{""type"": ""Point"", ""coordinates"": [-73.99087, 40.73427]}"
Santander Bank,50 Middleneck Road,Great Neck,11021,Nassau,"{""type"": ""Point"", ""coordinates"": [-73.72898, 40.78805]}"
Santander Bank,961 Kings Highway,Brooklyn,11223,Kings,"{""type"": ""Point"", ""coordinates"": [-73.96208, 40.60727]}"
Santander Bank,9512 Third Avenue,Brooklyn,11209,Kings,"{""type"": ""Point"", ""coordinates"": [-74.03371, 40.61698]}"
Santander Bank,118-11 101st Avenue,South Richmond Hill,11419,Queens,"{""type"": ""Point"", ""coordinates"": [-73.82616, 40.6899]}"
Santander Bank,4823 13th Avenue,Brooklyn,11219,Kings,"{""type"": ""Point"", ""coordinates"": [-73.992, 40.63515]}"
Santander Bank,2655 RICHMOND AVENUE,STATEN ISLAND,10314,Richmond,"{""type"": ""Point"", ""coordinates"": [-74.16737, 40.58195]}"
Santander Bank,5472 Amboy Road,Staten Island,10312,Richmond,"{""type"": ""Point"", ""coordinates"": [-74.19192, 40.53181]}"
Santander Bank,215 ATLANTIC AVENUE,BROOKLYN,11201,Kings,"{""type"": ""Point"", ""coordinates"": [-73.99222, 40.68964]}"
Santander Bank,149-37  14TH AVENUE,WHITESTONE,11357,Queens,"{""type"": ""Point"", ""coordinates"": [-73.81483, 40.7886]}"
Santander Bank,998 Franklin Avenue,Garden City,11530,Nassau,"{""type"": ""Point"", ""coordinates"": [-73.63557, 40.72948]}"
Santander Bank,1850 Victory Boulevard,Staten Island,10314,Richmond,"{""type"": ""Point"", ""coordinates"": [-74.12555, 40.61274]}"
Santander Bank,437 MADISON AVE,NEW YORK,10022,New York,"{""type"": ""Point"", ""coordinates"": [-73.97583, 40.75754]}"
Santander Bank,1290 Avenue of the Americas,New York,10019,New York,"{""type"": ""Point"", ""coordinates"": [-73.97971, 40.76084]}"
Santander Bank,389 East 149th Street,Bronx,10455,Bronx,"{""type"": ""Point"", ""coordinates"": [-73.91829, 40.81624]}"
Santander Bank,190 East 98th Street,Brooklyn,11212,Kings,"{""type"": ""Point"", ""coordinates"": [-73.92053, 40.66285]}"
Santander Bank,893 Flatbush Ave,Brooklyn,11226,Kings,"{""type"": ""Point"", ""coordinates"": [-73.95862, 40.65007]}"
Santander Bank,715 Lexington Ave,Manhattan,10022,New York,"{""type"": ""Point"", ""coordinates"": [-73.96882, 40.76136]}"
Santander Bank,1298 Fulton Street,Brooklyn,11216,Kings,"{""type"": ""Point"", ""coordinates"": [-73.94876, 40.68035]}"
Santander Bank,2168 White Plains Road,Bronx,10462,Bronx,"{""type"": ""Point"", ""coordinates"": [-73.86767, 40.85514]}"
Santander Bank,136-11 Roosevelt Ave,Queens,11354,Queens,"{""type"": ""Point"", ""coordinates"": [-73.82982, 40.75965]}"
Santander Bank,85-87 N 6th Ave,Brooklyn,11249,Kings,"{""type"": ""Point"", ""coordinates"": [-73.96061, 40.71869]}"
Santander Bank,7500 Fifth Avenue - Bay Ridge Parkway # 25,Brooklyn,11209,Kings,"{""type"": ""Point"", ""coordinates"": [-74.02269, 40.62939]}"
Savannah Bank N.A.,563 Main Street,Fair Haven,13064,Cayuga,"{""type"": ""Point"", ""coordinates"": [-76.70316, 43.3161]}"
Savannah Bank N.A.,126 Main Street,Port Byron,13140,Cayuga,"{""type"": ""Point"", ""coordinates"": [-76.623, 43.0359]}"
Savannah Bank N.A.,1578 CLARK STREET RD,AUBURN,13021,Cayuga,"{""type"": ""Point"", ""coordinates"": [-76.61146, 42.92749]}"
Savannah Bank N.A.,35 West Main Street,Waterloo,13165,Seneca,"{""type"": ""Point"", ""coordinates"": [-76.86455, 42.90462]}"
Savannah Bank N.A.,55 State Street,Auburn,13021,Cayuga,"{""type"": ""Point"", ""coordinates"": [-76.56861, 42.93198]}"
Savannah Bank N.A.,1565 Main Street,Savannah,13146,Wayne,"{""type"": ""Point"", ""coordinates"": [-76.76014, 43.06714]}"
"Savings Bank of the Finger Lakes, FSB",41 Lakefront DRive,Geneva,14456,Ontario,"{""type"": ""Point"", ""coordinates"": [-76.97973, 42.86637]}"
"Savings Bank of the Finger Lakes, FSB",51 St Clair Street,Geneva,14456,Ontario,"{""type"": ""Point"", ""coordinates"": [-76.98332, 42.85663]}"
Sawyer Savings Bank,87 MARKET STREET,SAUGERTIES,12477,Ulster,"{""type"": ""Point"", ""coordinates"": [-73.95425, 42.07896]}"
Sawyer Savings Bank,1 Woodland Pond Circle,New Paltz,12561,Ulster,"{""type"": ""Point"", ""coordinates"": [-74.10104, 41.73582]}"
Sawyer Savings Bank,"2 RIVERVIEW DRIVE, SUITE 1",MARLBORO,12542,Ulster,"{""type"": ""Point"", ""coordinates"": [-73.96409, 41.61597]}"
Sawyer Savings Bank,3515 ROUTE 9W,HIGHLAND,12528,Ulster,"{""type"": ""Point"", ""coordinates"": [-73.96148, 41.72694]}"
School Employees of CNY Federal Credit Union,1600 7th Avenue,Troy,12118,Rensselaer,"{""type"": ""Point"", ""coordinates"": [-73.68601, 42.72868]}"
School Employees of CNY Federal Credit Union,800 S. State Street,Syracuse,13203,Onondaga,"{""type"": ""Point"", ""coordinates"": [-76.14753, 43.04351]}"
School Employees of CNY Federal Credit Union,515 Montgomery Street,Syracuse,13202,Onondaga,"{""type"": ""Point"", ""coordinates"": [-76.14854, 43.04444]}"
School Employees of CNY Federal Credit Union,80 Smokey Hollow Road,Baldwinsville,13027,Onondaga,"{""type"": ""Point"", ""coordinates"": [-76.33982, 43.16775]}"
School Employees of CNY Federal Credit Union,5962 Route 31,Cicero,13039,Onondaga,"{""type"": ""Point"", ""coordinates"": [-76.1075, 43.17503]}"
School Employees of CNY Federal Credit Union,524 E. Genesee Street,Chittenango,13037,Madison,"{""type"": ""Point"", ""coordinates"": [-75.86551, 43.0531]}"
School Employees of CNY Federal Credit Union,227 E. Main Street,Elbridge,13060,Onondaga,"{""type"": ""Point"", ""coordinates"": [-76.43976, 43.03665]}"
School Employees of CNY Federal Credit Union,5501 Bartell Road,Brewerton,13029,Onondaga,"{""type"": ""Point"", ""coordinates"": [-76.13795, 43.23333]}"
School Employees of CNY Federal Credit Union,9 Mechanic Street,Jordan,13080,Onondaga,"{""type"": ""Point"", ""coordinates"": [-76.47152, 43.06581]}"
School Employees of CNY Federal Credit Union,41 Albany Street,Cazenovia,13035,Madison,"{""type"": ""Point"", ""coordinates"": [-75.85458, 42.93021]}"
School Employees of CNY Federal Credit Union,91 Hulbert Street,Minoa,13116,Onondaga,"{""type"": ""Point"", ""coordinates"": [-76.00058, 43.07034]}"
School Employees of CNY Federal Credit Union,240 W. Seneca St,Manlius,13104,Onondaga,"{""type"": ""Point"", ""coordinates"": [-75.98535, 42.99711]}"
Sea Comm Federal Credit Union,20565 State Route 3,Watertown,13601,Jefferson,"{""type"": ""Point"", ""coordinates"": [-75.96262, 43.97354]}"
Sea Comm Federal Credit Union,139 Smithfield Blvd,Plattsburgh,12901,Clinton,"{""type"": ""Point"", ""coordinates"": [-73.49599, 44.70382]}"
Sea Comm Federal Credit Union,35 Andrews St,Massena,13662,St. Lawrence,"{""type"": ""Point"", ""coordinates"": [-74.89412, 44.93166]}"
Sea Comm Federal Credit Union,3349 Route 11,Malone,12953,Franklin,"{""type"": ""Point"", ""coordinates"": [-74.31635, 44.84873]}"
Sea Comm Federal Credit Union,101 East Main Street,Canton,13617,St. Lawrence,"{""type"": ""Point"", ""coordinates"": [-75.15138, 44.59678]}"
Sea Comm Federal Credit Union,6 Sisson Street,Potsdam,13676,St. Lawrence,"{""type"": ""Point"", ""coordinates"": [-74.98766, 44.68073]}"
Sea Comm Federal Credit Union,3001 Ford Street Extension,Ogdensburg,13669,St. Lawrence,"{""type"": ""Point"", ""coordinates"": [-75.45748, 44.70528]}"
Sea Comm Federal Credit Union,30 Stearns St,Massena,13662,St. Lawrence,"{""type"": ""Point"", ""coordinates"": [-74.87336, 44.92872]}"
Seneca Savings,584 NY Route 31,Bridgeport,13030,Madison,"{""type"": ""Point"", ""coordinates"": [-75.97407, 43.15477]}"
Seneca Savings,325 Fayette Street,Manlius,13104,Onondaga,"{""type"": ""Point"", ""coordinates"": [-75.98382, 43.00473]}"
Seneca Savings,7799 OSWEGO ROAD,LIVERPOOL,13090,Onondaga,"{""type"": ""Point"", ""coordinates"": [-76.23055, 43.14896]}"
Seneca Savings,201 NORTH MAIN STREET,NORTH SYRACUSE,13212,Onondaga,"{""type"": ""Point"", ""coordinates"": [-76.12942, 43.13669]}"
Seneca Savings,35 OSWEGO STREET,BALDWINSVILLE,13027,Onondaga,"{""type"": ""Point"", ""coordinates"": [-76.33279, 43.15915]}"
ServU Federal Credit Union,7215 State Route 54,Bath,14810,Steuben,"{""type"": ""Point"", ""coordinates"": [-77.30624, 42.35125]}"
ServU Federal Credit Union,10 Taylor Street,Hornell,14843,Steuben,"{""type"": ""Point"", ""coordinates"": [-77.66283, 42.32368]}"
ServU Federal Credit Union,46 Millard Street,Dundee,14837,Yates,"{""type"": ""Point"", ""coordinates"": [-76.98577, 42.52572]}"
ServU Federal Credit Union,9823 Science Center Drive,Painted Post,14870,Steuben,"{""type"": ""Point"", ""coordinates"": [-77.10878, 42.16005]}"
ServU Federal Credit Union,180 North Main Street,Alfred,14802,Allegany,"{""type"": ""Point"", ""coordinates"": [-77.78261, 42.26309]}"
ServU Federal Credit Union,87 Victory Highway,Painted Post,14870,Steuben,"{""type"": ""Point"", ""coordinates"": [-77.10181, 42.16957]}"
ServU Federal Credit Union,120 Delano Place,Penn Yan,14527,Yates,"{""type"": ""Point"", ""coordinates"": [-77.0571, 42.65705]}"
Shinhan Bank America,475 PARK AVENUE SOUTH GL,NEW YORK,10016,New York,"{""type"": ""Point"", ""coordinates"": [-73.98245, 40.74546]}"
Shinhan Bank America,144-49 NORTHERN BOULEVARD UNIT 105,FLUSHING,11354,Queens,"{""type"": ""Point"", ""coordinates"": [-73.82107, 40.76495]}"
Shinhan Bank America,211-11 Northern Boulevard,Bayside,11361,Queens,"{""type"": ""Point"", ""coordinates"": [-73.77139, 40.75983]}"
Sidney Federal Credit Union,1067 Oneida Plaza Drive,Oneida,13421,Oneida,"{""type"": ""Point"", ""coordinates"": [-75.68944, 43.0772]}"
Sidney Federal Credit Union,4839 State Highway 30,Amsterdam,12010,Montogomery,"{""type"": ""Point"", ""coordinates"": [-74.1874, 42.97202]}"
Sidney Federal Credit Union,5631 NY-12,Norwich,13815,Chenango,
Sidney Federal Credit Union,42 Union  Street,Sidney,13838,Delaware,"{""type"": ""Point"", ""coordinates"": [-75.39456, 42.3086]}"
Sidney Federal Credit Union,16 South Main Street,Bainbridge,13733,Chenango,"{""type"": ""Point"", ""coordinates"": [-75.48001, 42.29305]}"
Sidney Federal Credit Union,3 Liberty Street,Walton,13856,Delaware,"{""type"": ""Point"", ""coordinates"": [-75.13151, 42.16909]}"
Sidney Federal Credit Union,65 Genesee Street,Greene,13778,Chenango,"{""type"": ""Point"", ""coordinates"": [-75.77248, 42.33027]}"
Sidney Federal Credit Union,"East River Road, Route 23",Norwich,13815,Chenango,"{""type"": ""Point"", ""coordinates"": [-75.51349, 42.53633]}"
Sidney Federal Credit Union,53 Market Street,Oneonta,13820,Otsego,"{""type"": ""Point"", ""coordinates"": [-75.06073, 42.45294]}"
Sidney Federal Credit Union,75 Oneida Street,Oneonta,13820,Otsego,"{""type"": ""Point"", ""coordinates"": [-75.10239, 42.4502]}"
Sidney Federal Credit Union,5 Main Street,Delhi,13753,Delaware,"{""type"": ""Point"", ""coordinates"": [-74.92163, 42.26981]}"
Sidney Federal Credit Union,70 West Front Street,Hancock,13783,Delaware,"{""type"": ""Point"", ""coordinates"": [-75.28325, 41.95439]}"
Sidney Federal Credit Union,108 Ravine Parkway,Oneonta,13820,Otsego,"{""type"": ""Point"", ""coordinates"": [-75.06431, 42.4684]}"
Sidney Federal Credit Union,191 Delaware Avenue,Sidney,13838,Delaware,"{""type"": ""Point"", ""coordinates"": [-75.41508, 42.29615]}"
Sidney Federal Credit Union,8-20 S. Canal Street,Greene,13778,Chenango,"{""type"": ""Point"", ""coordinates"": [-75.77225, 42.32914]}"
Sidney Federal Credit Union,O'Neil Road,Sidney,13838,Delaware,
Sidney Federal Credit Union,"Farrell Center, 454 Delhi Drive",Delhi,13753,Delaware,"{""type"": ""Point"", ""coordinates"": [-74.92281, 42.27001]}"
Skyline Federal Credit Union,32 Avenue of the Americas,New York,10013,New York,"{""type"": ""Point"", ""coordinates"": [-74.00521, 40.72008]}"
Solutions Credit Union,907 Broadway,Elmira,14904,Chemung,"{""type"": ""Point"", ""coordinates"": [-76.81663, 42.06221]}"
Solvay Bank,1537 Milton Avenue,Solvay,13209,Onondaga,"{""type"": ""Point"", ""coordinates"": [-76.20259, 43.06043]}"
Solvay Bank,56 Genesee Street,Camillus,13031,Onondaga,"{""type"": ""Point"", ""coordinates"": [-76.30936, 43.03893]}"
Solvay Bank,109 South Warren Street,Syracuse,13202,Onondaga,"{""type"": ""Point"", ""coordinates"": [-76.15018, 43.05051]}"
Solvay Bank,628 South Main Street,North Syracuse,13212,Onondaga,"{""type"": ""Point"", ""coordinates"": [-76.14184, 43.12358]}"
Solvay Bank,7421 Oswego Road,Liverpool,13088,Onondaga,"{""type"": ""Point"", ""coordinates"": [-76.22085, 43.12898]}"
Solvay Bank,110 Freeman Avenue,Solvay,13209,Onondaga,"{""type"": ""Point"", ""coordinates"": [-76.20332, 43.06008]}"
Solvay Bank,7895 Brewerton Road,Cicero,13039,Onondaga,"{""type"": ""Point"", ""coordinates"": [-76.1253, 43.15261]}"
Solvay Bank,6828 East Genesee Street,Fayetteville,13066,Onondaga,"{""type"": ""Point"", ""coordinates"": [-76.0501, 43.02982]}"
Solvay Bank,197 DOWNER STREET,BALDWINSVILLE,13027,Onondaga,"{""type"": ""Point"", ""coordinates"": [-76.34474, 43.15137]}"
Solvay Bank,3201 West Genesee Street,Syracuse,13219,Onondaga,"{""type"": ""Point"", ""coordinates"": [-76.22119, 43.04726]}"
Sperry Associates Federal Credit Union,365 Lakeville Rd.,Great Neck,11020,Nassau,"{""type"": ""Point"", ""coordinates"": [-73.70394, 40.75932]}"
Sperry Associates Federal Credit Union,600 Community Drive,Manhasset,11030,Nassau,"{""type"": ""Point"", ""coordinates"": [-73.7023, 40.772]}"
Spring Bank,356 Van Brunt St.,Brooklyn,11231,Kings,"{""type"": ""Point"", ""coordinates"": [-74.01246, 40.67771]}"
Spring Bank,69 EAST 167TH STREET,BRONX,10452,Bronx,"{""type"": ""Point"", ""coordinates"": [-73.92042, 40.83547]}"
Steuben Trust Company,7329 SENECA ROAD NORTH,HORNELL,14843,Steuben,"{""type"": ""Point"", ""coordinates"": [-77.66343, 42.35598]}"
Steuben Trust Company,1 Saxon Drive,Alfred,14803,Allegany,"{""type"": ""Point"", ""coordinates"": [-77.79033, 42.25395]}"
Steuben Trust Company,10 Upper College Drive,Alfred,14803,Allegany,"{""type"": ""Point"", ""coordinates"": [-77.79023, 42.25867]}"
Suffolk Federal Credit Union,121 Speonk-Riverhead Road,Riverhead,11901,Suffolk,"{""type"": ""Point"", ""coordinates"": [-72.6984, 40.87512]}"
Suffolk Federal Credit Union,210 Center Drive,Riverhead,11901,Suffolk,"{""type"": ""Point"", ""coordinates"": [-72.66956, 40.91478]}"
Suffolk Federal Credit Union,75 N Country Road,Port Jefferson,11777,Suffolk,"{""type"": ""Point"", ""coordinates"": [-73.05423, 40.9386]}"
Suffolk Federal Credit Union,200 Belle Terre Road,Port Jefferson,11777,Suffolk,"{""type"": ""Point"", ""coordinates"": [-73.06023, 40.94663]}"
Suffolk Federal Credit Union,213-215 North Main Street,Sayville,11782,Suffolk,"{""type"": ""Point"", ""coordinates"": [-73.07941, 40.7388]}"
Suffolk Federal Credit Union,727 Veterans Memorial Highway,Hauppauge,11788,Suffolk,"{""type"": ""Point"", ""coordinates"": [-73.20687, 40.82221]}"
Suffolk Federal Credit Union,100 Arrivals Avenue,Ronkonoma,11779,Suffolk,"{""type"": ""Point"", ""coordinates"": [-73.09784, 40.78969]}"
Suffolk Federal Credit Union,3085 Veterans Memorial Highway,Ronkonkoma,11779,Suffolk,"{""type"": ""Point"", ""coordinates"": [-73.13466, 40.78883]}"
Suffolk Federal Credit Union,1 Independence Hill,Farmingville,11738,Suffolk,"{""type"": ""Point"", ""coordinates"": [-73.01598, 40.84516]}"
Suffolk Federal Credit Union,200 Sunrise Highway,Lindenhurst,11757,Suffolk,"{""type"": ""Point"", ""coordinates"": [-73.37466, 40.70442]}"
Suffolk Federal Credit Union,655 Main Street,Islip,11751,Suffolk,"{""type"": ""Point"", ""coordinates"": [-73.2112, 40.73041]}"
Suffolk Federal Credit Union,1001 Crooked Hill Road,Brentwood,11717,Suffolk,"{""type"": ""Point"", ""coordinates"": [-73.27026, 40.79794]}"
Suffolk Federal Credit Union,100 Center Drive South,Riverhead,11901,Suffolk,"{""type"": ""Point"", ""coordinates"": [-72.66853, 40.91207]}"
Suffolk Federal Credit Union,"850 North Country Road Drive, Route 39",Southampton,11968,Suffolk,"{""type"": ""Point"", ""coordinates"": [-72.42624, 40.89221]}"
Suffolk Federal Credit Union,5 Eastport Manor Road,Eastport,11941,Suffolk,"{""type"": ""Point"", ""coordinates"": [-72.73323, 40.82722]}"
Suffolk Federal Credit Union,1 Court Street,Riverhead,11901,Suffolk,"{""type"": ""Point"", ""coordinates"": [-72.66605, 40.91915]}"
Suffolk Federal Credit Union,1071 Park Avenue,Huntington,11743,Suffolk,"{""type"": ""Point"", ""coordinates"": [-73.3634, 40.83466]}"
Suffolk Federal Credit Union,1630 5th Avenue,Bay Shore,11706,Suffolk,"{""type"": ""Point"", ""coordinates"": [-73.26311, 40.75811]}"
Suffolk Federal Credit Union,533 College Road,Selden,11784,Suffolk,"{""type"": ""Point"", ""coordinates"": [-73.05274, 40.84664]}"
Suffolk Federal Credit Union,3 Courthouse Drive,Central Islip,11722,Suffolk,"{""type"": ""Point"", ""coordinates"": [-73.19283, 40.76437]}"
Suffolk Federal Credit Union,1282 Motor Parkway,Islandia,11749,Suffolk,"{""type"": ""Point"", ""coordinates"": [-73.19433, 40.80486]}"
Suffolk Federal Credit Union,3681 Horseblock Road,Medford,11763,Suffolk,"{""type"": ""Point"", ""coordinates"": [-72.96101, 40.81612]}"
Suffolk Federal Credit Union,30 Yaphank Avenue,Yaphank,11980,Suffolk,"{""type"": ""Point"", ""coordinates"": [-72.91763, 40.8202]}"
Suffolk Federal Credit Union,400 Carleton Avenue,Central Islip,11722,Suffolk,"{""type"": ""Point"", ""coordinates"": [-73.19419, 40.7618]}"
Suffolk Federal Credit Union,691 Route 25A,Miller Place,11764,Suffolk,"{""type"": ""Point"", ""coordinates"": [-72.97775, 40.94342]}"
Suffolk Federal Credit Union,2 Enterprise Zone Drive,Riverhead,11901,Suffolk,"{""type"": ""Point"", ""coordinates"": [-72.65228, 40.9131]}"
Suffolk Federal Credit Union,6150 Jericho Turnpike,Commack,11725,Suffolk,"{""type"": ""Point"", ""coordinates"": [-73.30265, 40.84175]}"
Suffolk Federal Credit Union,100 Veterans Memorial Highway,Hauppauge,11788,Suffolk,"{""type"": ""Point"", ""coordinates"": [-73.22519, 40.82144]}"
Suffolk Federal Credit Union,50-108 Route 109,West Babylon,11704,Suffolk,"{""type"": ""Point"", ""coordinates"": [-73.34587, 40.70469]}"
Suffolk Federal Credit Union,1 Peace Keepers Drive,Southampton,11968,Suffolk,
Suffolk Federal Credit Union,Captree Commons/Student Lounge,Brentwood,11717,Suffolk,
Suma Yonker Federal Credit Union,125 Corporate Boulevard,Yonkers,10701,Westchester,"{""type"": ""Point"", ""coordinates"": [-73.8791, 40.97008]}"
Summit Bank,West Genesee & Onondaga Blvd,Camillus,13031,Onondaga,
Summit Bank,Jerusalem Road and Meadowbrook,Uniondale,11553,Nassau,"{""type"": ""Point"", ""coordinates"": [-73.59605, 40.70099]}"
Summit Bank,3735 Union Road,Cheektowaga,14225,Erie,"{""type"": ""Point"", ""coordinates"": [-78.75009, 42.91595]}"
Summit Bank,333 Sawmill River Road,Elmford,10523,Westchester,"{""type"": ""Point"", ""coordinates"": [-73.81542, 41.0651]}"
"Summit Federal Credit Union, The",2290 Delaware Avenue,Buffalo,14216,Erie,"{""type"": ""Point"", ""coordinates"": [-78.86887, 42.94634]}"
"Summit Federal Credit Union, The",1400 Erie Boulevard East,Syracuse,13210,Onondaga,"{""type"": ""Point"", ""coordinates"": [-76.12699, 43.04981]}"
"Summit Federal Credit Union, The",2121 Hudson Avenue,Rochester,14617,Monroe,"{""type"": ""Point"", ""coordinates"": [-77.60116, 43.20674]}"
"Summit Federal Credit Union, The",5641 Transit Road,East Amherst,14051,Erie,"{""type"": ""Point"", ""coordinates"": [-78.69598, 43.00189]}"
"Summit Federal Credit Union, The",2146 Penfield Road,Penfield,14526,Monroe,"{""type"": ""Point"", ""coordinates"": [-77.44452, 43.13107]}"
"Summit Federal Credit Union, The",100 Marina Drive,Rochester,14626,Monroe,"{""type"": ""Point"", ""coordinates"": [-77.60592, 43.24861]}"
"Summit Federal Credit Union, The",123 Fall Street,Seneca Falls,13148,Seneca,"{""type"": ""Point"", ""coordinates"": [-76.79867, 42.91049]}"
"Summit Federal Credit Union, The",2087 East Henrietta Road,Rochester,14623,Monroe,"{""type"": ""Point"", ""coordinates"": [-77.60654, 43.0777]}"
"Summit Federal Credit Union, The",665 Moseley Road,Perinton,14450,Monroe,"{""type"": ""Point"", ""coordinates"": [-77.44306, 43.06837]}"
"Summit Federal Credit Union, The",2315 East Main Street,Rochester,14609,Monroe,"{""type"": ""Point"", ""coordinates"": [-77.54903, 43.15908]}"
"Summit Federal Credit Union, The",1660 Monroe Avenue,Rochester,14618,Monroe,"{""type"": ""Point"", ""coordinates"": [-77.56897, 43.13108]}"
"Summit Federal Credit Union, The",877 Route 13,Cortland,13045,Cortland,"{""type"": ""Point"", ""coordinates"": [-76.21797, 42.57413]}"
"Summit Federal Credit Union, The",5201 West Taft Road,North Syracuse,13212,Onondaga,"{""type"": ""Point"", ""coordinates"": [-76.15627, 43.12258]}"
"Summit Federal Credit Union, The",41 HOVEY SQUARE,HILTON,14468,Monroe,"{""type"": ""Point"", ""coordinates"": [-77.79154, 43.28903]}"
Sunmark Credit Union,3090 Route 50,Saratoga Springs,12866,Saratoga,"{""type"": ""Point"", ""coordinates"": [-73.736, 43.10897]}"
Sunmark Credit Union,151 Vly Rd,Schenectady,12309,Schenectady,"{""type"": ""Point"", ""coordinates"": [-73.8386, 42.74383]}"
Sunmark Credit Union,1616 BROADWAY,SCHENECTADY,12306,Schenectady,"{""type"": ""Point"", ""coordinates"": [-73.95897, 42.80028]}"
Sunmark Credit Union,251 SARATOGA ROAD,GLENVILLE,12302,Schenectady,"{""type"": ""Point"", ""coordinates"": [-73.93281, 42.8701]}"
Sunmark Credit Union,2 TOWER WAY,CLIFTON PARK,12065,Saratoga,"{""type"": ""Point"", ""coordinates"": [-73.76998, 42.86215]}"
Sunmark Credit Union,1187 TROY SCHENECTADY ROAD,LATHAM,12110,Albany,"{""type"": ""Point"", ""coordinates"": [-73.82126, 42.7714]}"
Sunmark Credit Union,1300 Altamont Avenue,Rotterdam,12303,Schenectady,"{""type"": ""Point"", ""coordinates"": [-73.94172, 42.7866]}"
Sunmark Credit Union,267 Delaware Avenue,Delmar,12054,Albany,"{""type"": ""Point"", ""coordinates"": [-73.82297, 42.62606]}"
Sunmark Credit Union,2115 Western Avenue,Guilderland,12084,Albany,"{""type"": ""Point"", ""coordinates"": [-73.89434, 42.69938]}"
Sunmark Credit Union,207A GREEN STREET,HUDSON,12534,Columbia,"{""type"": ""Point"", ""coordinates"": [-73.77095, 42.24506]}"
Sunmark Credit Union,722 Hoosick Road,Troy,12180,Rensselaer,"{""type"": ""Point"", ""coordinates"": [-73.64469, 42.74357]}"
Sunmark Credit Union,24 Trieble Avenue,Ballston Spa,12020,Saratoga,"{""type"": ""Point"", ""coordinates"": [-73.85102, 43.0495]}"
Sunmark Credit Union,7 Moriah Road,Glenmont,12077,Albany,"{""type"": ""Point"", ""coordinates"": [-73.78607, 42.61157]}"
Sunmark Credit Union,573 North Greenbush Rd,Rensselaer,12144,Rensselaer,"{""type"": ""Point"", ""coordinates"": [-73.69682, 42.64894]}"
Sunmark Credit Union,3563 Mohegan Ave,Mohegan Lake,10547,Westchester,"{""type"": ""Point"", ""coordinates"": [-73.85313, 41.32192]}"
Sunnyside FS & LA of Irvington,56 Main Street,Irvington,10533,Westchester,"{""type"": ""Point"", ""coordinates"": [-73.86962, 41.03941]}"
Syracuse Federal Credit Union,117 Groton Avenue,Cortland,13045,Cortland,"{""type"": ""Point"", ""coordinates"": [-76.1901, 42.601]}"
Syracuse Fire Department Employees Federal Credit Union,211 Wilkinson Street,Syracuse,13204,Onondaga,"{""type"": ""Point"", ""coordinates"": [-76.16262, 43.05042]}"
TD Bank N.A.,150-38 Northern Boulevard,Queens,11354,Queens,"{""type"": ""Point"", ""coordinates"": [-73.81365, 40.76514]}"
TD Bank N.A.,391 Jericho Turnpike,Jericho,11853,Nassau,"{""type"": ""Point"", ""coordinates"": [-73.53584, 40.7941]}"
TD Bank N.A.,1100 Old County Road,Plainview,11803,Nassau,"{""type"": ""Point"", ""coordinates"": [-73.46659, 40.77742]}"
TD Bank N.A.,100 West 125th Street,New York,10027,New York,"{""type"": ""Point"", ""coordinates"": [-73.94578, 40.80789]}"
TD Bank N.A.,460 Pulaski Road,Greenlawn,11740,Suffolk,"{""type"": ""Point"", ""coordinates"": [-73.36921, 40.86352]}"
TD Bank N.A.,252 Atlantic Avenue,Brooklyn,11201,Kings,"{""type"": ""Point"", ""coordinates"": [-73.99052, 40.68908]}"
TD Bank N.A.,1 Veterans Memorial Plaza,Hewlett,11557,Nassau,"{""type"": ""Point"", ""coordinates"": [-73.70151, 40.63855]}"
TD Bank N.A.,175-30 Horace Harding Expy,Fresh Meadows,11365,Queens,"{""type"": ""Point"", ""coordinates"": [-73.79333, 40.73876]}"
TD Bank N.A.,460 Park Avenue South,New York,10016,New York,"{""type"": ""Point"", ""coordinates"": [-73.98286, 40.74505]}"
TD Bank N.A.,6102 8th ave,Brooklyn,11220,New York,"{""type"": ""Point"", ""coordinates"": [-74.01027, 40.63479]}"
TD Bank N.A.,1110 Third Avenue,New York,10065,New York,"{""type"": ""Point"", ""coordinates"": [-73.96374, 40.76539]}"
TD Bank N.A.,500 Baychester Ave,Bronx,10475,Bronx,"{""type"": ""Point"", ""coordinates"": [-73.83148, 40.86913]}"
TD Bank N.A.,1633 Broadway,New York,10019,New York,"{""type"": ""Point"", ""coordinates"": [-73.98392, 40.76164]}"
TD Bank N.A.,2819 Church Ave,Brooklyn,11226,Bronx,"{""type"": ""Point"", ""coordinates"": [-73.95062, 40.65076]}"
TD Bank N.A.,200 Hofstra University,Hempstead,11549,Nassau,"{""type"": ""Point"", ""coordinates"": [-73.59929, 40.71589]}"
TD Bank N.A.,949 Flatbush Avenue,Brooklyn,11226,Kings,"{""type"": ""Point"", ""coordinates"": [-73.95822, 40.64838]}"
TD Bank N.A.,85-10 Northern Blvd.,Jackson Heights,11372,Queens,"{""type"": ""Point"", ""coordinates"": [-73.88223, 40.7556]}"
TD Bank N.A.,460 Park Ave,New York,10016,New York,"{""type"": ""Point"", ""coordinates"": [-73.98286, 40.74505]}"
TD Bank N.A.,5224 5th Ave,Brooklyn,11220,Bronx,"{""type"": ""Point"", ""coordinates"": [-74.01191, 40.64356]}"
TD Bank N.A.,340 Court Street,Brooklyn,11231,Kings,"{""type"": ""Point"", ""coordinates"": [-73.99581, 40.68252]}"
TD Bank N.A.,2-4 Flatbush Avenue,Brooklyn,11217,Kings,"{""type"": ""Point"", ""coordinates"": [-73.98093, 40.68887]}"
TD Bank N.A.,250 CANAL STREET,NEW YORK,10013,New York,"{""type"": ""Point"", ""coordinates"": [-74.00031, 40.71827]}"
TD Bank N.A.,475 Port Washington Boulevard,Port Washington,11050,Nassau,"{""type"": ""Point"", ""coordinates"": [-73.68179, 40.82355]}"
TD Bank N.A.,1600 Forest Avenue,Staten Island,10302,Richmond,"{""type"": ""Point"", ""coordinates"": [-74.14149, 40.62464]}"
TD Bank N.A.,46 Third Avenue,New York,10003,New York,"{""type"": ""Point"", ""coordinates"": [-73.9892, 40.73052]}"
TD Bank N.A.,320 Route 25A,Rocky Point,11778,Suffolk,"{""type"": ""Point"", ""coordinates"": [-72.9452, 40.94462]}"
TD Bank N.A.,319 Glen Head Road,Glen Head,11545,Nassau,"{""type"": ""Point"", ""coordinates"": [-73.61602, 40.83666]}"
TD Bank N.A.,162-02 Cross Bay Boulevard,Howard Beach,11414,Queens,"{""type"": ""Point"", ""coordinates"": [-73.83867, 40.65394]}"
TD Bank N.A.,824 Central Park Avenue,Scarsdale,10583,Westchester,"{""type"": ""Point"", ""coordinates"": [-73.8187, 40.99502]}"
TD Bank N.A.,119-25 Liberty Avenue,Richmond Hill,11418,Queens,"{""type"": ""Point"", ""coordinates"": [-73.82334, 40.68655]}"
TD Bank N.A.,90 Broad Hollow Road,Farmingdale,11735,Nassau,"{""type"": ""Point"", ""coordinates"": [-73.42931, 40.71175]}"
TD Bank N.A.,174 South Highland Avenue,Ossining,10562,Westchester,"{""type"": ""Point"", ""coordinates"": [-73.86096, 41.14745]}"
TD Bank N.A.,281 West 230th Street,Bronx,10463,Bronx,"{""type"": ""Point"", ""coordinates"": [-73.90904, 40.87939]}"
TD Bank N.A.,122 Greenwich Avenue,New York,10011,New York,"{""type"": ""Point"", ""coordinates"": [-74.00273, 40.7393]}"
TD Bank N.A.,290 Merrick Rd,Rockville Centre,11570,Nassau,"{""type"": ""Point"", ""coordinates"": [-73.64453, 40.65608]}"
TD Bank N.A.,1104 Avenue J,Brooklyn,11230,Kings,"{""type"": ""Point"", ""coordinates"": [-73.96497, 40.6248]}"
TD Bank N.A.,2400 Broadway,New York,10024,New York,"{""type"": ""Point"", ""coordinates"": [-73.97525, 40.78975]}"
TD Bank N.A.,1820 Central Park Avenue,Yonkers,10710,Westchester,"{""type"": ""Point"", ""coordinates"": [-73.84079, 40.96098]}"
TD Bank N.A.,9001 Flatlands Avenue,Brooklyn,11236,Kings,"{""type"": ""Point"", ""coordinates"": [-73.90579, 40.64035]}"
TD Bank N.A.,555 Madison Avenue,New York,10022,New York,"{""type"": ""Point"", ""coordinates"": [-73.973, 40.7614]}"
TD Bank N.A.,5650 Main Street,Flushing,11355,Queens,"{""type"": ""Point"", ""coordinates"": [-73.82654, 40.74698]}"
TD Bank N.A.,765 Manhattan Avenue,Brooklyn,11222,Kings,"{""type"": ""Point"", ""coordinates"": [-73.9526, 40.72697]}"
TD Bank N.A.,1623 Flatbush Avenue,Brooklyn,11210,Kings,"{""type"": ""Point"", ""coordinates"": [-73.94537, 40.63086]}"
TD Bank N.A.,655 Avenue of the Americas,New York,10010,New York,"{""type"": ""Point"", ""coordinates"": [-73.99398, 40.74129]}"
TD Bank N.A.,2 Great Neck Road,Great Neck,11021,Nassau,"{""type"": ""Point"", ""coordinates"": [-73.72607, 40.78628]}"
TD Bank N.A.,3798 Broadway,New York,10032,New York,"{""type"": ""Point"", ""coordinates"": [-73.94441, 40.83453]}"
TD Bank N.A.,95-25 Queens Boulevard,Queens,11374,Queens,"{""type"": ""Point"", ""coordinates"": [-73.8639, 40.7309]}"
TD Bank N.A.,474 Portion Road,Lake Ronkonkoma,11779,Nassau,"{""type"": ""Point"", ""coordinates"": [-73.09329, 40.82961]}"
TD Bank N.A.,6628 18th Avenue,Brooklyn,11204,Kings,"{""type"": ""Point"", ""coordinates"": [-73.99143, 40.61791]}"
TD Bank N.A.,1765 Crosby Avenue,Bronx,10461,Bronx,"{""type"": ""Point"", ""coordinates"": [-73.83221, 40.84676]}"
TD Bank N.A.,148 Fordham Road,Bronx,10468,Bronx,"{""type"": ""Point"", ""coordinates"": [-73.89768, 40.86243]}"
TD Bank N.A.,371 East 149th Street,Bronx,10455,Bronx,"{""type"": ""Point"", ""coordinates"": [-73.91867, 40.81633]}"
TD Bank N.A.,175 Varick Street,New York,10014,New York,"{""type"": ""Point"", ""coordinates"": [-74.00554, 40.72736]}"
TD Bank N.A.,244-05 Northern Boulevard,Little Neck,11362,Queens,"{""type"": ""Point"", ""coordinates"": [-73.74205, 40.76554]}"
TD Bank N.A.,4941 Broadway,New York,10034,New York,"{""type"": ""Point"", ""coordinates"": [-73.92093, 40.86778]}"
TD Bank N.A.,1200 Wantagh Avenue,Wantagh,11793,Nassau,"{""type"": ""Point"", ""coordinates"": [-73.50803, 40.69316]}"
TD Bank N.A.,593 Third Avenue,New York,10016,New York,"{""type"": ""Point"", ""coordinates"": [-73.97593, 40.74872]}"
TD Bank N.A.,957 Marcy Avenue,Brooklyn,11216,Kings,"{""type"": ""Point"", ""coordinates"": [-73.94634, 40.68038]}"
TD Bank N.A.,1709 Third Avenue,New York,10128,New York,"{""type"": ""Point"", ""coordinates"": [-73.94969, 40.7847]}"
TD Bank N.A.,1031 First Avenue,New York,10022,New York,"{""type"": ""Point"", ""coordinates"": [-73.96313, 40.75805]}"
TD Bank N.A.,953 Third Avenue,New York,10022,New York,"{""type"": ""Point"", ""coordinates"": [-73.96742, 40.76039]}"
TD Bank N.A.,Five Penn Plaza,New York,10001,New York,"{""type"": ""Point"", ""coordinates"": [-73.99365, 40.75194]}"
TD Bank N.A.,1144 Walt Whitman Road,Melville,11747,Suffolk,"{""type"": ""Point"", ""coordinates"": [-73.41633, 40.79152]}"
TD Bank N.A.,125 Park Avenue,New York,10017,New York,"{""type"": ""Point"", ""coordinates"": [-73.97779, 40.75173]}"
TD Bank N.A.,314 Grand Street,New York,10002,New York,"{""type"": ""Point"", ""coordinates"": [-73.99094, 40.71727]}"
TD Bank N.A.,2144 Third Avenue,New York,10035,New York,"{""type"": ""Point"", ""coordinates"": [-73.93945, 40.79873]}"
TD Bank N.A.,1133 Madison Avenue,New York,10028,New York,"{""type"": ""Point"", ""coordinates"": [-73.95945, 40.77998]}"
TD Bank N.A.,490 Myrtle Avenue,Fort Greene,11205,Kings,"{""type"": ""Point"", ""coordinates"": [-73.9654, 40.69336]}"
TD Bank N.A.,202 West 23rd Street,New York,10011,New York,"{""type"": ""Point"", ""coordinates"": [-73.99581, 40.74417]}"
TD Bank N.A.,2063 Ralph Avenue,Brooklyn,11234,Kings,"{""type"": ""Point"", ""coordinates"": [-73.91751, 40.62717]}"
TD Bank N.A.,76-02 Main Street,Kew Gardens,11367,Queens,"{""type"": ""Point"", ""coordinates"": [-73.81993, 40.72233]}"
TD Bank N.A.,148-08 Cross Island Parkway,Whitestone,11357,Queens,"{""type"": ""Point"", ""coordinates"": [-73.81596, 40.78716]}"
TD Bank N.A.,150-50 Hillside Avenue,Jamaica,11423,Queens,"{""type"": ""Point"", ""coordinates"": [-73.80474, 40.70715]}"
TD Bank N.A.,950 Broadway,New York,10010,New York,"{""type"": ""Point"", ""coordinates"": [-73.98931, 40.7409]}"
TD Bank N.A.,1946 Campus Drive,Hyde Park,12538,Dutchess,"{""type"": ""Point"", ""coordinates"": [-73.93307, 41.74673]}"
TD Bank N.A.,3540 White Plains Road,Bronx,10467,Bronx,"{""type"": ""Point"", ""coordinates"": [-73.86574, 40.87811]}"
TD Bank N.A.,2636 University Ave,Bronx,10468,Bronx,"{""type"": ""Point"", ""coordinates"": [-73.90123, 40.86806]}"
TD Bank N.A.,6 East 167th St,bronx,10452,Bronx,"{""type"": ""Point"", ""coordinates"": [-73.92186, 40.83595]}"
TD Bank N.A.,721 East Tremont Ave,bronx,10457,Bronx,"{""type"": ""Point"", ""coordinates"": [-73.8904, 40.84505]}"
TD Bank N.A.,120 East 188th Street,Bronx,10468,Bronx,"{""type"": ""Point"", ""coordinates"": [-73.89885, 40.86186]}"
TD Bank N.A.,2479 Grand Concourse,Bronx,10468,Bronx,"{""type"": ""Point"", ""coordinates"": [-73.89761, 40.86192]}"
TD Bank N.A.,482-484 Bergen Street,Brooklyn,11217,Kings,"{""type"": ""Point"", ""coordinates"": [-73.9753, 40.68084]}"
TD Bank N.A.,1505 Westchester Ave,bronx,10472,Bronx,"{""type"": ""Point"", ""coordinates"": [-73.8798, 40.82854]}"
TD Bank N.A.,269 5TH AVENUE,PARK SLOPE,11215,Kings,"{""type"": ""Point"", ""coordinates"": [-73.98213, 40.67419]}"
TD Bank N.A.,2700 Coney Island Avenue,Brooklyn,11235,Kings,"{""type"": ""Point"", ""coordinates"": [-73.96058, 40.59034]}"
TD Bank N.A.,275 South Main Street (New City),Clarkstown,10956,Rockland,"{""type"": ""Point"", ""coordinates"": [-73.99121, 41.13767]}"
TD Bank N.A.,275 West Merrick Road,Valley Stream,11580,Nassau,"{""type"": ""Point"", ""coordinates"": [-73.70751, 40.6679]}"
TD Bank N.A.,2831 Broadway,New York,10025,New York,"{""type"": ""Point"", ""coordinates"": [-73.96711, 40.80378]}"
TD Bank N.A.,285 Mamaroneck Avenue,White Plains,10605,Westchester,"{""type"": ""Point"", ""coordinates"": [-73.76341, 41.02588]}"
TD Bank N.A.,300 West 125th Street,New York,10027,New York,"{""type"": ""Point"", ""coordinates"": [-73.95152, 40.81032]}"
TD Bank N.A.,31-04 Ditmars Boulevard,Astoria,11105,Queens,"{""type"": ""Point"", ""coordinates"": [-73.91044, 40.77596]}"
TD Bank N.A.,31-90 Steinway Street,Astoria,11103,Queens,"{""type"": ""Point"", ""coordinates"": [-73.91891, 40.75909]}"
TD Bank N.A.,3222 Sunrise Highway,Wantagh,11793,Nassau,"{""type"": ""Point"", ""coordinates"": [-73.51092, 40.67152]}"
TD Bank N.A.,350 West 31st Street,New York,10001,New York,"{""type"": ""Point"", ""coordinates"": [-73.99672, 40.75108]}"
TD Bank N.A.,3660 Lee Road,Jefferson Valley,10535,Westchester,"{""type"": ""Point"", ""coordinates"": [-73.80908, 41.33252]}"
TD Bank N.A.,372 Jericho Turnpike,Floral Park,11001,Nassau,"{""type"": ""Point"", ""coordinates"": [-73.69644, 40.72996]}"
TD Bank N.A.,3755 East Tremont Avenue,Bronx,10465,Bronx,"{""type"": ""Point"", ""coordinates"": [-73.82153, 40.82607]}"
TD Bank N.A.,401 Fifth Avenue,New York,10016,New York,"{""type"": ""Point"", ""coordinates"": [-73.98343, 40.75]}"
TD Bank N.A.,4126 Merrick Road,Massapequa,11758,Nassau,"{""type"": ""Point"", ""coordinates"": [-73.48036, 40.66663]}"
TD Bank N.A.,425 Route 347,Hauppauge,11788,Suffolk,"{""type"": ""Point"", ""coordinates"": [-73.19975, 40.82922]}"
TD Bank N.A.,4401 Amboy Road,Staten Island,10312,Richmond,"{""type"": ""Point"", ""coordinates"": [-74.16226, 40.54487]}"
TD Bank N.A.,4526 13th Avenue,Borough Park,11219,Kings,"{""type"": ""Point"", ""coordinates"": [-73.99024, 40.63681]}"
TD Bank N.A.,38-19 Main Street,Flushing,11354,Queens,"{""type"": ""Point"", ""coordinates"": [-73.83051, 40.76034]}"
TD Bank N.A.,188-10 Hillside Avenue,Hollis,11423,Queens,"{""type"": ""Point"", ""coordinates"": [-73.77318, 40.71505]}"
TD Bank N.A.,45 Melville Park Road,Melville,11747,Suffolk,"{""type"": ""Point"", ""coordinates"": [-73.41421, 40.77698]}"
TD Bank N.A.,1873 Broadway,New York,10023,New York,"{""type"": ""Point"", ""coordinates"": [-73.98225, 40.77055]}"
TD Bank N.A.,131 East 23rd Street,New York,10010,New York,"{""type"": ""Point"", ""coordinates"": [-73.98494, 40.73958]}"
TD Bank N.A.,1866 Westchester Avenue,Bronx,10472,Bronx,"{""type"": ""Point"", ""coordinates"": [-73.86296, 40.83286]}"
TD Bank N.A.,2195 Flatbush Avenue,Brooklyn,11234,Kings,"{""type"": ""Point"", ""coordinates"": [-73.93012, 40.61648]}"
TD Bank N.A.,101 S Ridge Street,Rye Brook,10573,Westchester,"{""type"": ""Point"", ""coordinates"": [-73.68184, 41.00398]}"
TD Bank N.A.,524 WEST 57TH STREET,NEW YORK,10019,New York,"{""type"": ""Point"", ""coordinates"": [-73.98949, 40.7695]}"
TD Bank N.A.,1633 Broadway,New York,10019,New York,"{""type"": ""Point"", ""coordinates"": [-73.98392, 40.76164]}"
TD Bank N.A.,166 Chambers Street,New York,10007,New York,"{""type"": ""Point"", ""coordinates"": [-74.01072, 40.71619]}"
TD Bank N.A.,40 Fulton Street,New York,10038,New York,"{""type"": ""Point"", ""coordinates"": [-74.00447, 40.70799]}"
TD Bank N.A.,621 Lake Avenue,Saint James,11780,Suffolk,"{""type"": ""Point"", ""coordinates"": [-73.15779, 40.88647]}"
TD Bank N.A.,919 Second Avenue,New York,10017,New York,"{""type"": ""Point"", ""coordinates"": [-73.9691, 40.75409]}"
TD Bank N.A.,214-32 Jamaica Avenue,Queens Village,11428,Queens,"{""type"": ""Point"", ""coordinates"": [-73.74263, 40.71667]}"
TD Bank N.A.,2944 Gravesend Neck Rd,Brooklyn,11229,Kings,"{""type"": ""Point"", ""coordinates"": [-73.94159, 40.6003]}"
TD Bank N.A.,479 Montauk Highway,Bay Shore,11706,Nassau,"{""type"": ""Point"", ""coordinates"": [-73.22845, 40.7276]}"
TD Bank N.A.,451 Lexington Avenue,New York,10017,New York,"{""type"": ""Point"", ""coordinates"": [-73.97473, 40.75326]}"
TD Bank N.A.,97-17 Rockaway Boulevard,Ozone Park,11417,Queens,"{""type"": ""Point"", ""coordinates"": [-73.84112, 40.68035]}"
TD Bank N.A.,73-55 GRAND AVEUE,MASPETH,11378,Queens,"{""type"": ""Point"", ""coordinates"": [-73.88824, 40.73005]}"
TD Bank N.A.,21 East First Street,New York,10003,New York,"{""type"": ""Point"", ""coordinates"": [-73.99106, 40.72438]}"
TD Bank N.A.,910 Eighth Avenue,New York,10019,New York,"{""type"": ""Point"", ""coordinates"": [-73.98415, 40.76493]}"
TD Bank N.A.,182 Broadway,New York,10038,New York,"{""type"": ""Point"", ""coordinates"": [-74.00966, 40.71019]}"
TD Bank N.A.,1715 Bedford Avenue,Brooklyn,11225,Kings,"{""type"": ""Point"", ""coordinates"": [-73.95697, 40.66491]}"
TD Bank N.A.,885 Sixth Avenue,New York,10001,New York,"{""type"": ""Point"", ""coordinates"": [-73.98889, 40.74828]}"
TD Bank N.A.,540 Jericho Turnpike,Syosset,11791,Nassau,"{""type"": ""Point"", ""coordinates"": [-73.49728, 40.81049]}"
TD Bank N.A.,324 South Service Road,Melville,11747,Nassau,"{""type"": ""Point"", ""coordinates"": [-73.41362, 40.77913]}"
TD Bank N.A.,1230 Third Avenue,New York,10021,New York,"{""type"": ""Point"", ""coordinates"": [-73.96087, 40.7694]}"
TD Bank N.A.,252 PENINSULA BOULEVARD,HEMPSTEAD,11550,Nassau,"{""type"": ""Point"", ""coordinates"": [-73.6228, 40.70533]}"
TD Bank N.A.,2131 46th Avenue,Long Island City,11101,Queens,"{""type"": ""Point"", ""coordinates"": [-73.94676, 40.74593]}"
TD Bank N.A.,191 West Montauk Highway,Hampton Bays,11946,Suffolk,"{""type"": ""Point"", ""coordinates"": [-72.54068, 40.87195]}"
TD Bank N.A.,329 First Avenue,New York,10003,New York,"{""type"": ""Point"", ""coordinates"": [-73.98023, 40.73457]}"
TD Bank N.A.,1354 Hicksville Road,Massapequa,11758,Nassau,"{""type"": ""Point"", ""coordinates"": [-73.47864, 40.69171]}"
TD Bank N.A.,1240 First Avenue,New York,10065,New York,"{""type"": ""Point"", ""coordinates"": [-73.95849, 40.76441]}"
TD Bank N.A.,880 Third Avenue,New York,10022,New York,"{""type"": ""Point"", ""coordinates"": [-73.96923, 40.75791]}"
TD Bank N.A.,224 West 57th Street,New York,10019,New York,"{""type"": ""Point"", ""coordinates"": [-73.98136, 40.7661]}"
TD Bank N.A.,126 Page Avenue,Staten Island,10309,Richmond,"{""type"": ""Point"", ""coordinates"": [-74.23535, 40.52136]}"
TD Bank N.A.,444 Madison Avenue,New York,10022,New York,"{""type"": ""Point"", ""coordinates"": [-73.97569, 40.75774]}"
TD Bank N.A.,86 West Nesconset Highway,Port Jefferson,11776,Suffolk,"{""type"": ""Point"", ""coordinates"": [-73.06241, 40.91113]}"
TD Bank N.A.,701 West Montauk Highway,West Babylon,11704,Suffolk,"{""type"": ""Point"", ""coordinates"": [-73.3493, 40.68515]}"
TD Bank N.A.,229 East Sanford Boulevard,Mount Vernon,10550,Westchester,"{""type"": ""Point"", ""coordinates"": [-73.82574, 40.90153]}"
TD Bank N.A.,2178 Deer Park Avenue,Deer Park,11729,Suffolk,"{""type"": ""Point"", ""coordinates"": [-73.33572, 40.77502]}"
TD Bank N.A.,3560 Veterans Memorial Highway,Bohemia,11716,Suffolk,"{""type"": ""Point"", ""coordinates"": [-73.11972, 40.78644]}"
TD Bank N.A.,6 Main Street,East Islip,11730,Suffolk,"{""type"": ""Point"", ""coordinates"": [-73.19107, 40.73109]}"
TD Bank N.A.,104 Market Street,Nanuet,10954,Rockland,"{""type"": ""Point"", ""coordinates"": [-74.01414, 41.09687]}"
TD Bank N.A.,540-550 Jericho Turnpike,Mineola,11501,Nassau,"{""type"": ""Point"", ""coordinates"": [-73.65687, 40.74434]}"
TD Bank N.A.,550 Long Beach Boulevard,Long Beach,11561,Nassau,"{""type"": ""Point"", ""coordinates"": [-73.65726, 40.59122]}"
TD Bank N.A.,5555 Merrick Road,Massapequa,11758,Nassau,"{""type"": ""Point"", ""coordinates"": [-73.43195, 40.66993]}"
TD Bank N.A.,5801 Myrtle Avenue,Ridgewood,11385,Queens,"{""type"": ""Point"", ""coordinates"": [-73.90129, 40.70049]}"
TD Bank N.A.,582-586 Ninth Avenue,New York,10036,New York,"{""type"": ""Point"", ""coordinates"": [-73.99251, 40.75862]}"
TD Bank N.A.,6060 Brush Hollow Road,Westbury,11590,Nassau,"{""type"": ""Point"", ""coordinates"": [-73.55875, 40.77787]}"
TD Bank N.A.,61 Route 59,Suffern,10901,Rockland,"{""type"": ""Point"", ""coordinates"": [-74.12912, 41.11258]}"
TD Bank N.A.,210-212 Prospect Park SW,Brooklyn,11218,Kings,"{""type"": ""Point"", ""coordinates"": [-73.97246, 40.65163]}"
TD Bank N.A.,2109 Broadway,New York,10023,New York,"{""type"": ""Point"", ""coordinates"": [-73.98161, 40.78032]}"
TD Bank N.A.,211 Montague Street,Brooklyn,11201,Kings,"{""type"": ""Point"", ""coordinates"": [-73.99088, 40.69387]}"
TD Bank N.A.,216-10 Northern Boulevard,Bayside,11361,Queens,"{""type"": ""Point"", ""coordinates"": [-73.76518, 40.7607]}"
TD Bank N.A.,100-110 Hillside Avenue,New Hyde Park,11040,Nassau,"{""type"": ""Point"", ""coordinates"": [-73.69966, 40.73903]}"
TD Bank N.A.,Northern Boulevard,Old Westbury,11568,Nassau,
TD Bank N.A.,101-10 Metropolitan Avenue,Forest Hills,11375,Queens,"{""type"": ""Point"", ""coordinates"": [-73.85118, 40.71052]}"
TD Bank N.A.,1040 Jericho Turnpike,Huntington Station,11746,Suffolk,"{""type"": ""Point"", ""coordinates"": [-73.37057, 40.83497]}"
TD Bank N.A.,105 East Central Avenue,Pearl River,10965,Rockland,"{""type"": ""Point"", ""coordinates"": [-74.01735, 41.0597]}"
TD Bank N.A.,107 Chatsworth Avenue,Larchmont,10538,Westchester,"{""type"": ""Point"", ""coordinates"": [-73.75802, 40.93255]}"
TD Bank N.A.,108-36/50 Queens Boulevard,Forest Hills,11375,Queens,"{""type"": ""Point"", ""coordinates"": [-73.84261, 40.72063]}"
TD Bank N.A.,111 Mineola Avenue,Roslyn Heights,11577,Nassau,"{""type"": ""Point"", ""coordinates"": [-73.65144, 40.78851]}"
TD Bank N.A.,1120 Avenue of the Americas,New York,10036,New York,"{""type"": ""Point"", ""coordinates"": [-73.9834, 40.7558]}"
TD Bank N.A.,1122-1126 Kings Highway,Brooklyn,11229,Kings,"{""type"": ""Point"", ""coordinates"": [-73.96132, 40.60755]}"
TD Bank N.A.,115 Montauk Highway,Westhampton Beach,11978,Suffolk,"{""type"": ""Point"", ""coordinates"": [-72.6464, 40.8216]}"
TD Bank N.A.,116-24 Metropolitan Avenue,Richmond Hill,11418,Queens,"{""type"": ""Point"", ""coordinates"": [-73.83507, 40.70714]}"
TD Bank N.A.,145 Stewart Avenue,Bethpage,11714,Nassau,"{""type"": ""Point"", ""coordinates"": [-73.48313, 40.72418]}"
TD Bank N.A.,1470 Second Avenue,New York,10021,New York,"{""type"": ""Point"", ""coordinates"": [-73.95617, 40.7718]}"
TD Bank N.A.,1504 Third Avenue,New York,10028,New York,"{""type"": ""Point"", ""coordinates"": [-73.95458, 40.778]}"
TD Bank N.A.,1521 East Boston Post Road,Mamaroneck,10543,Westchester,"{""type"": ""Point"", ""coordinates"": [-73.71541, 40.95428]}"
TD Bank N.A.,1540 Hylan Boulevard,Staten Island,10305,Richmond,"{""type"": ""Point"", ""coordinates"": [-74.08795, 40.59112]}"
TD Bank N.A.,155 Canal Street,New York,10013,New York,"{""type"": ""Point"", ""coordinates"": [-73.99638, 40.71635]}"
TD Bank N.A.,1602-1606 Avenue U,Brooklyn,11229,Kings,"{""type"": ""Point"", ""coordinates"": [-73.95526, 40.59896]}"
TD Bank N.A.,1630 Shore Parwkay,Brooklyn,11214,Kings,"{""type"": ""Point"", ""coordinates"": [-73.99957, 40.59474]}"
TD Bank N.A.,6190 Jericho Turnpike,Commack,11725,Suffolk,"{""type"": ""Point"", ""coordinates"": [-73.30041, 40.84186]}"
TD Bank N.A.,6266 Fresh Pond Road,Ridgewood,11385,Queens,"{""type"": ""Point"", ""coordinates"": [-73.90054, 40.7122]}"
TD Bank N.A.,640 East Fordham Road,Bronx,10458,Bronx,"{""type"": ""Point"", ""coordinates"": [-73.8837, 40.85796]}"
TD Bank N.A.,650 Pelham Parkway South,Bronx,10462,Bronx,"{""type"": ""Point"", ""coordinates"": [-73.86786, 40.85664]}"
TD Bank N.A.,666 Broadway,New York,10012,New York,"{""type"": ""Point"", ""coordinates"": [-73.99534, 40.72712]}"
TD Bank N.A.,685 Third Avenue,New York,10017,New York,"{""type"": ""Point"", ""coordinates"": [-73.97384, 40.75159]}"
TD Bank N.A.,690 Hempstead Turnpike,Franklin Square,11010,Nassau,"{""type"": ""Point"", ""coordinates"": [-73.66525, 40.70695]}"
TD Bank N.A.,70-05 Northern Boulevard,Jackson Heights,11372,Queens,"{""type"": ""Point"", ""coordinates"": [-73.8961, 40.75472]}"
TD Bank N.A.,714 Smithtown Bypass,Smithtown,11787,Suffolk,"{""type"": ""Point"", ""coordinates"": [-73.16847, 40.84873]}"
TD Bank N.A.,73-14 37th Avenue,Jackson Heights,11372,Queens,"{""type"": ""Point"", ""coordinates"": [-73.89209, 40.74892]}"
TD Bank N.A.,78-11 QUEENS BOULEVARD,ELMHURST,11373,Queens,"{""type"": ""Point"", ""coordinates"": [-73.88516, 40.73845]}"
TD Bank N.A.,79-55 Metropolitan Avenue,Middle Village,11379,Queens,"{""type"": ""Point"", ""coordinates"": [-73.87217, 40.71348]}"
TD Bank N.A.,81 West Ramapo Road,Garnerville,10923,Rockland,"{""type"": ""Point"", ""coordinates"": [-74.0101, 41.19653]}"
TD Bank N.A.,82 South Liberty Drive,Stony Point,10980,Rockland,"{""type"": ""Point"", ""coordinates"": [-73.98414, 41.22229]}"
TD Bank N.A.,8206 Fifth Avenue,Brooklyn,11209,Kings,"{""type"": ""Point"", ""coordinates"": [-74.02481, 40.62418]}"
TD Bank N.A.,855 Franklin Avenue,Garden City,11533,Nassau,"{""type"": ""Point"", ""coordinates"": [-73.63479, 40.72742]}"
TD Bank N.A.,90 Fifth Avenue,New York,11011,New York,"{""type"": ""Point"", ""coordinates"": [-73.99342, 40.73627]}"
TD Bank N.A.,929 Huguenot Avenue,Staten Island,10312,Richmond,"{""type"": ""Point"", ""coordinates"": [-74.19137, 40.53179]}"
TD Bank N.A.,94-15 Northern Boulevard,Jackson Heights,11372,Queens,"{""type"": ""Point"", ""coordinates"": [-73.87349, 40.75715]}"
TD Bank N.A.,949 Horseblock Road,Farmingville,11738,Suffolk,"{""type"": ""Point"", ""coordinates"": [-73.02343, 40.83094]}"
TD Bank N.A.,987 Fourth Avenue,Brooklyn,11232,Kings,"{""type"": ""Point"", ""coordinates"": [-74.00569, 40.65259]}"
TD Bank N.A.,999 Old Country Road,Westbury,11590,Nassau,"{""type"": ""Point"", ""coordinates"": [-73.5588, 40.7553]}"
TD Bank N.A.,2173 86th Street,Brooklyn,11214,Kings,"{""type"": ""Point"", ""coordinates"": [-73.99412, 40.6021]}"
TD Bank N.A.,225 North Broadway,Hicksville,11801,Nassau,"{""type"": ""Point"", ""coordinates"": [-73.52651, 40.77457]}"
TD Bank N.A.,2260 Merrick Road,Merrick,11566,Nassau,"{""type"": ""Point"", ""coordinates"": [-73.54121, 40.6604]}"
TD Bank N.A.,2266 Cropsey Avenue,Brooklyn,11214,Kings,"{""type"": ""Point"", ""coordinates"": [-73.99714, 40.59573]}"
TD Bank N.A.,247 Long Beach Road,Oceanside,11572,Nassau,"{""type"": ""Point"", ""coordinates"": [-73.63809, 40.6457]}"
TD Bank N.A.,250 Boston Post Road,Port Chester,10573,Westchester,"{""type"": ""Point"", ""coordinates"": [-73.67048, 40.99617]}"
TD Bank N.A.,251 East Main Street,Patchogue,11772,Suffolk,"{""type"": ""Point"", ""coordinates"": [-73.00745, 40.76636]}"
TD Bank N.A.,2521 Broadway,New York,10025,New York,"{""type"": ""Point"", ""coordinates"": [-73.97274, 40.79351]}"
TD Bank N.A.,2549 Hempstead Turnpike,East Meadow,11554,Nassau,"{""type"": ""Point"", ""coordinates"": [-73.54192, 40.72473]}"
TD Bank N.A.,258 Broadway,New York,10007,New York,"{""type"": ""Point"", ""coordinates"": [-74.00685, 40.71349]}"
TD Bank N.A.,260 Park Avenue South,New York,10010,New York,"{""type"": ""Point"", ""coordinates"": [-73.98748, 40.73873]}"
TD Bank N.A.,99 Main Street,South Glens Falls,12803,Warren,"{""type"": ""Point"", ""coordinates"": [-73.63635, 43.3008]}"
TD Bank N.A.,100 Quaker Street,Granville,12832,Washington,"{""type"": ""Point"", ""coordinates"": [-73.2653, 43.39684]}"
TD Bank N.A.,14 Main Street,Hudson Falls,12839,Washington,"{""type"": ""Point"", ""coordinates"": [-73.58605, 43.29271]}"
TD Bank N.A.,350 Canada Street,Lake George,12845,Warren,"{""type"": ""Point"", ""coordinates"": [-73.71215, 43.42688]}"
TD Bank N.A.,146 Main Street,Greenwich,12834,Washington,"{""type"": ""Point"", ""coordinates"": [-73.50175, 43.09128]}"
TD Bank N.A.,3852 Main Street,Warrensburg,12885,Warren,"{""type"": ""Point"", ""coordinates"": [-73.77453, 43.49603]}"
TD Bank N.A.,340 Aviation Road,Queensbury,12804,Warren,"{""type"": ""Point"", ""coordinates"": [-73.69822, 43.3302]}"
TD Bank N.A.,1744 Route 22,Keeseville,12944,Clinton,"{""type"": ""Point"", ""coordinates"": [-73.48112, 44.50532]}"
TD Bank N.A.,2990 Main Street,Peru,12972,Clinton,"{""type"": ""Point"", ""coordinates"": [-73.52712, 44.58]}"
TD Bank N.A.,714 Route 3,Plattsburgh,12901,Clinton,"{""type"": ""Point"", ""coordinates"": [-73.51707, 44.69518]}"
TD Bank N.A.,71 Troy Road,East Greenbush,12061,Rensselaer,"{""type"": ""Point"", ""coordinates"": [-73.70327, 42.61414]}"
TD Bank N.A.,177 Fairview Avenue --- Route 9,Hudson,12534,Columbia,"{""type"": ""Point"", ""coordinates"": [-73.76609, 42.25797]}"
TD Bank N.A.,343 Delaware Avenue,Delmar,12054,Albany,"{""type"": ""Point"", ""coordinates"": [-73.8307, 42.62303]}"
TD Bank N.A.,125 State Street,Albany,12207,Albany,"{""type"": ""Point"", ""coordinates"": [-73.75518, 42.65104]}"
TD Bank N.A.,3 Park Plaza,Mechanicville,12118,Rensselaer,"{""type"": ""Point"", ""coordinates"": [-73.68782, 42.90399]}"
TD Bank N.A.,2301 Nott Streeet,East Niskayuna,12309,Schenectady,"{""type"": ""Point"", ""coordinates"": [-73.89085, 42.81541]}"
TD Bank N.A.,9679 Route 9,Chazy,12921,Franklin,"{""type"": ""Point"", ""coordinates"": [-73.43735, 44.89037]}"
TD Bank N.A.,54 Quaker Road,Queensbury,12804,Warren,"{""type"": ""Point"", ""coordinates"": [-73.66853, 43.33138]}"
TD Bank N.A.,1 Old Loudon Road,Latham,12110,Albany,"{""type"": ""Point"", ""coordinates"": [-73.762, 42.73404]}"
TD Bank N.A.,204 Main Street,Salem,12865,Washington,"{""type"": ""Point"", ""coordinates"": [-73.3275, 43.17327]}"
TD Bank N.A.,78 Brookside Avenue,Chester,10918,Orange,"{""type"": ""Point"", ""coordinates"": [-74.28391, 41.35767]}"
TD Bank N.A.,4240 Albany Post Road,Hyde Park,12538,Dutchess,"{""type"": ""Point"", ""coordinates"": [-73.93133, 41.78116]}"
TD Bank N.A.,156-A-B Dolson Avenue,Middletown,10940,Orange,"{""type"": ""Point"", ""coordinates"": [-74.42677, 41.4285]}"
TD Bank N.A.,468 Route 211 East,Middletown,10940,Orange,"{""type"": ""Point"", ""coordinates"": [-74.38148, 41.45557]}"
TD Bank N.A.,511 Schutt Road Extension,Middletown,10940,Orange,"{""type"": ""Point"", ""coordinates"": [-74.38245, 41.45022]}"
TD Bank N.A.,515 Route 17M,Monroe,10950,Orange,"{""type"": ""Point"", ""coordinates"": [-74.17863, 41.31982]}"
TD Bank N.A.,Routes 300 & 94,New Windsor,12553,Orange,"{""type"": ""Point"", ""coordinates"": [-74.05748, 41.45444]}"
TD Bank N.A.,205 East Main Street,Port Jervis,12771,Orange,"{""type"": ""Point"", ""coordinates"": [-74.68486, 41.36442]}"
TD Bank N.A.,838 South Road,Poughkeepsie,12601,Dutchess,"{""type"": ""Point"", ""coordinates"": [-73.91147, 41.6095]}"
TD Bank N.A.,432 South Road,Poughkeepsie,12601,Dutchess,"{""type"": ""Point"", ""coordinates"": [-73.93166, 41.68977]}"
TD Bank N.A.,250 Route 59,Suffern,10901,Rockland,"{""type"": ""Point"", ""coordinates"": [-74.10625, 41.11267]}"
TD Bank N.A.,51 Main Street,Warwick,10990,Orange,"{""type"": ""Point"", ""coordinates"": [-74.35907, 41.25758]}"
TD Bank N.A.,Route 9W & Samsondale Plaza,West Haverstraw,10993,Rockland,"{""type"": ""Point"", ""coordinates"": [-73.9802, 41.2085]}"
TD Bank N.A.,68 Mill Hill Road,Woodstock,12498,Ulster,"{""type"": ""Point"", ""coordinates"": [-74.11404, 42.03887]}"
TD Bank N.A.,1401 Route 300,Newburgh,12550,Orange,"{""type"": ""Point"", ""coordinates"": [-74.07073, 41.51816]}"
TD Bank N.A.,39 North Plank Road,Newburgh,12550,Orange,"{""type"": ""Point"", ""coordinates"": [-74.02694, 41.52162]}"
TD Bank N.A.,98 Gleneida Avenue,Carmel,10512,Putnam,"{""type"": ""Point"", ""coordinates"": [-73.67925, 41.43004]}"
TD Bank N.A.,18 Westage Drive,Fishkill,12524,Dutchess,"{""type"": ""Point"", ""coordinates"": [-73.89376, 41.52814]}"
TD Bank N.A.,800 Broadway,Newburgh,12550,Orange,"{""type"": ""Point"", ""coordinates"": [-74.04505, 41.50284]}"
TD Bank N.A.,707 Main Street &,Poughkeepsie,12601,Dutchess,"{""type"": ""Point"", ""coordinates"": [-73.90879, 41.69783]}"
TD Bank N.A.,21 East Main Street,Washingtonville,10992,Orange,"{""type"": ""Point"", ""coordinates"": [-74.16575, 41.42765]}"
TD Bank N.A.,164-06 Union Turnpike,Fresh Meadows,11365,Queens,"{""type"": ""Point"", ""coordinates"": [-73.80417, 40.72155]}"
TD Bank N.A.,1806 MEDFORD AVENUE,MEDFORD,11763,Suffolk,"{""type"": ""Point"", ""coordinates"": [-73.00579, 40.80154]}"
TD Bank N.A.,1818 Victory Boulevard,Staten Island,10314,Richmond,"{""type"": ""Point"", ""coordinates"": [-74.12421, 40.61282]}"
TD Bank N.A.,1837 Richmond Avenue,Staten Island,10314,Richmond,"{""type"": ""Point"", ""coordinates"": [-74.16219, 40.60358]}"
TD Bank N.A.,1864 Williamsbridge Road,Bronx,10461,Bronx,"{""type"": ""Point"", ""coordinates"": [-73.85239, 40.85212]}"
TD Bank N.A.,193 East Main Street,Mount Kisco,10549,Westchester,"{""type"": ""Point"", ""coordinates"": [-73.72681, 41.20355]}"
TD Bank N.A.,196-41 Northern Boulvard,Flushing,11358,Queens,"{""type"": ""Point"", ""coordinates"": [-73.78429, 40.75806]}"
TD Bank N.A.,1995 Broadway,New York,10023,New York,"{""type"": ""Point"", ""coordinates"": [-73.98228, 40.77539]}"
TD Bank N.A.,2 Wall Street,New York,10005,New York,"{""type"": ""Point"", ""coordinates"": [-74.01143, 40.7076]}"
TD Bank N.A.,200 West 26th Street,New York,10001,New York,"{""type"": ""Point"", ""coordinates"": [-73.99467, 40.74616]}"
TD Bank N.A.,2025 Broadhollow Road,Farmingdale,11735,Nassau,"{""type"": ""Point"", ""coordinates"": [-73.4219, 40.74992]}"
TD Bank N.A.,411 Washington Avenue,Kingston,12401,Ulster,"{""type"": ""Point"", ""coordinates"": [-74.02545, 41.93564]}"
TD Bank N.A.,4945 Lake Shore Drive,Bolton Landing,12814,Warren,"{""type"": ""Point"", ""coordinates"": [-73.65523, 43.55665]}"
TD Bank N.A.,28 Maple Street,Glens Falls,12801,Warren,"{""type"": ""Point"", ""coordinates"": [-73.64524, 43.312]}"
TD Bank N.A.,136 Margaret Street,Plattsburgh,12901,Clinton,"{""type"": ""Point"", ""coordinates"": [-73.45306, 44.6994]}"
TD Bank N.A.,1301 65th Street,Brooklyn,11219,Kings,"{""type"": ""Point"", ""coordinates"": [-74.00088, 40.62605]}"
TD Bank N.A.,463 Broadway,Monticello,12701,Sullivan,"{""type"": ""Point"", ""coordinates"": [-74.68838, 41.6554]}"
TD Bank N.A.,469 Seventh Avenue,New York,10018,New York,"{""type"": ""Point"", ""coordinates"": [-73.98978, 40.75208]}"
TD Bank N.A.,475 PARK AVENUE SOUTH,NEW YORK,10022,New York,"{""type"": ""Point"", ""coordinates"": [-73.97027, 40.76209]}"
TD Bank N.A.,500 Old Country Road,Plainview,11803,Nassau,"{""type"": ""Point"", ""coordinates"": [-73.501, 40.7702]}"
TD Bank N.A.,516 East Central Avenue,Cedarhurst,11516,Nassau,"{""type"": ""Point"", ""coordinates"": [-73.7234, 40.62192]}"
TD Bank N.A.,517 Larkfield Road,East Northport,11731,Suffolk,"{""type"": ""Point"", ""coordinates"": [-73.31996, 40.86305]}"
TD Bank N.A.,530 William Floyd Parkway,Shirley,11967,Suffolk,"{""type"": ""Point"", ""coordinates"": [-72.86638, 40.7973]}"
TEG Federal Credit Union,1 Commerce Street,Poughkeepsie,12603,Dutchess,"{""type"": ""Point"", ""coordinates"": [-73.85703, 41.68186]}"
TEG Federal Credit Union,4282 Albany Post Road,Hyde Park,12538,Dutchess,"{""type"": ""Point"", ""coordinates"": [-73.93274, 41.78403]}"
TEG Federal Credit Union,2540 Route 55,Poughquag,12538,Dutchess,"{""type"": ""Point"", ""coordinates"": [-73.68873, 41.62439]}"
TEG Federal Credit Union,900 Route 376,Wappingers Falls,12590,Dutchess,"{""type"": ""Point"", ""coordinates"": [-73.82873, 41.60709]}"
TEG Federal Credit Union,1981 State Route 32,Modena,12548,Ulster,"{""type"": ""Point"", ""coordinates"": [-74.11311, 41.6589]}"
TEG Federal Credit Union,"16 North Plank Road, Suite 101",Newburgh,12550,Orange,"{""type"": ""Point"", ""coordinates"": [-74.02398, 41.52116]}"
TEG Federal Credit Union,1145 ROUTE 9,WAPPINGERS FALLS,12590,Dutchess,"{""type"": ""Point"", ""coordinates"": [-73.90709, 41.56553]}"
TEG Federal Credit Union,140 CRYSTAL RUN ROAD,MIDDLETOWN,10941,Orange,"{""type"": ""Point"", ""coordinates"": [-74.35708, 41.44939]}"
TEG Federal Credit Union,11 Marist Drive (256 North Road),Poughkeepsie,12601,Dutchess,"{""type"": ""Point"", ""coordinates"": [-73.93105, 41.71814]}"
TRI-Lakes Federal Credit Union,453 Wesvalley Road,Lake Placid,12946,Essex,"{""type"": ""Point"", ""coordinates"": [-73.99487, 44.29339]}"
TRI-Lakes Federal Credit Union,197 BROADWAY,SARANAC LAKE,12983,Franklin,"{""type"": ""Point"", ""coordinates"": [-74.13729, 44.33183]}"
Teachers Federal Credit Union,355 Broadway Route 110,Amityville,11701,Suffolk,"{""type"": ""Point"", ""coordinates"": [-73.41719, 40.68396]}"
Teachers Federal Credit Union,5801 Sunrise HWY,Holbrook,11741,Suffolk,"{""type"": ""Point"", ""coordinates"": [-73.06365, 40.77009]}"
Teachers Federal Credit Union,2410 North Ocean Avenue,Farmingville,11738,Suffolk,"{""type"": ""Point"", ""coordinates"": [-73.01986, 40.82869]}"
Teachers Federal Credit Union,10 Vanderbilt Parkway,Commack,11725,Suffolk,"{""type"": ""Point"", ""coordinates"": [-73.29245, 40.81617]}"
Teachers Federal Credit Union,5439 Sunrise Highway,Holbrook,11741,Suffolk,"{""type"": ""Point"", ""coordinates"": [-73.08058, 40.7654]}"
Teachers Federal Credit Union,301 Independence Plaza,Selden,11784,Suffolk,"{""type"": ""Point"", ""coordinates"": [-73.05038, 40.86599]}"
Teachers Federal Credit Union,176 Old Country Road,Riverhead,11901,Suffolk,"{""type"": ""Point"", ""coordinates"": [-72.65066, 40.93748]}"
Teachers Federal Credit Union,118 Wheeler Road,Central Islip,11722,Suffolk,"{""type"": ""Point"", ""coordinates"": [-73.21157, 40.79937]}"
Teachers Federal Credit Union,260A Pond Path,South Setauket,11720,Suffolk,"{""type"": ""Point"", ""coordinates"": [-73.10354, 40.8836]}"
Teachers Federal Credit Union,1134 Deer Park Avenue,North Babylon,11703,Suffolk,"{""type"": ""Point"", ""coordinates"": [-73.32068, 40.73579]}"
Teachers Federal Credit Union,211 EAST MAIN STREET,HUNTINGTON,11743,Suffolk,"{""type"": ""Point"", ""coordinates"": [-73.3947, 40.88168]}"
Teachers Federal Credit Union,437 William Floyd Parkway,Shirley,11967,Suffolk,"{""type"": ""Point"", ""coordinates"": [-72.86407, 40.78174]}"
Teachers Federal Credit Union,127 Smithtown Boulevard,Nesconset,11767,Suffolk,"{""type"": ""Point"", ""coordinates"": [-73.1599, 40.83759]}"
Teachers Federal Credit Union,556 Larkfield Road,East Northport,11731,Suffolk,"{""type"": ""Point"", ""coordinates"": [-73.31975, 40.85891]}"
Teachers Federal Credit Union,4250A Jerusalem Avenue,Massapequa,11758,Suffolk,"{""type"": ""Point"", ""coordinates"": [-73.47919, 40.69131]}"
Teachers Federal Credit Union,"31 West Main Street, Suite 23",Patchogue,11772,Suffolk,"{""type"": ""Point"", ""coordinates"": [-73.01589, 40.76574]}"
Teachers Federal Credit Union,1638 Merrick Road,Merrick,11566,Nassau,"{""type"": ""Point"", ""coordinates"": [-73.55986, 40.65233]}"
Teachers Federal Credit Union,102 Motor Parkway,Hauppauge,11788,Suffolk,"{""type"": ""Point"", ""coordinates"": [-73.26694, 40.80698]}"
Teachers Federal Credit Union,460 COUNTRY ROAD 111,MANORVILLE,11949,Suffolk,"{""type"": ""Point"", ""coordinates"": [-72.79433, 40.86764]}"
Teachers Federal Credit Union,6257 Route 25A,Wading River,11792,Suffolk,"{""type"": ""Point"", ""coordinates"": [-72.83991, 40.94346]}"
Teachers Federal Credit Union,951 Montauk Highway,Oakdale,11769,Suffolk,"{""type"": ""Point"", ""coordinates"": [-73.12076, 40.73859]}"
Teachers Federal Credit Union,742 ROUTE 25A,KINGS PARK,11754,Suffolk,"{""type"": ""Point"", ""coordinates"": [-73.22154, 40.88194]}"
Teachers Federal Credit Union,561 ROUTE 25A,ROCKY POINT,11778,Suffolk,"{""type"": ""Point"", ""coordinates"": [-72.92835, 40.94688]}"
Teachers Federal Credit Union,47 NY-111,Smithtown,11787,Suffolk,"{""type"": ""Point"", ""coordinates"": [-73.18646, 40.85381]}"
Teachers Federal Credit Union,2557A Hempstead Turnpike,east meadow,11554,Nassau,"{""type"": ""Point"", ""coordinates"": [-73.54077, 40.7245]}"
Teachers Federal Credit Union,1113 north country road,stony brook,11790,Suffolk,"{""type"": ""Point"", ""coordinates"": [-73.13002, 40.9197]}"
Teachers Federal Credit Union,5145 nesconset highway,port jefferson station,11776,Suffolk,"{""type"": ""Point"", ""coordinates"": [-73.04371, 40.92533]}"
Teachers Federal Credit Union,248 main street,center moriches,11934,Suffolk,"{""type"": ""Point"", ""coordinates"": [-72.78934, 40.80004]}"
Teachers Federal Credit Union,1360 SUNRISE HIGHWAY,BAY SHORE,11706,Suffolk,"{""type"": ""Point"", ""coordinates"": [-73.25752, 40.73332]}"
The Bank of Greene County,425 Main Street,Catskill,12414,Greene,"{""type"": ""Point"", ""coordinates"": [-73.86607, 42.22071]}"
The Bank of Greene County,1208 Route 146,Clifton Park,12056,Saratoga,"{""type"": ""Point"", ""coordinates"": [-73.82221, 42.86866]}"
The Bank of Greene County,6176 Route 23A,Tannersville,12485,Greene,"{""type"": ""Point"", ""coordinates"": [-74.14155, 42.19557]}"
The Bank of Greene County,4 Garland Lane,Greenville,12083,Greene,"{""type"": ""Point"", ""coordinates"": [-74.01758, 42.42609]}"
The Bank of Greene County,230 Matthew Simon Road,Cairo,12413,Greene,"{""type"": ""Point"", ""coordinates"": [-73.98117, 42.28911]}"
The Bank of Greene County,100 Catskill Commons,Catskill,12414,Greene,"{""type"": ""Point"", ""coordinates"": [-73.87978, 42.21291]}"
The Bank of Greene County,593 Route 143,Westerlo,12193,Albany,"{""type"": ""Point"", ""coordinates"": [-74.04513, 42.5149]}"
The Bank of Greene County,160 Fairview Avenue,Hudson,12534,Columbia,"{""type"": ""Point"", ""coordinates"": [-73.76512, 42.25688]}"
The Bank of Greene County,2631 Route 66,Ghent,12705,Columbia,"{""type"": ""Point"", ""coordinates"": [-73.60417, 42.34858]}"
The Bank of Greene County,2494 Route 9W,Ravena,12143,Albany,"{""type"": ""Point"", ""coordinates"": [-73.81598, 42.46586]}"
The Bank of Greene County,4266 State Route 9G,Germantown,12526,Columbia,"{""type"": ""Point"", ""coordinates"": [-73.89207, 42.13329]}"
The Bank of Greene County,179 County Route 7A,Copake,12516,Columbia,"{""type"": ""Point"", ""coordinates"": [-73.5492, 42.10445]}"
The Bank of Greene County,2 Miron Lane,Kingston,12401,Ulster,"{""type"": ""Point"", ""coordinates"": [-73.98964, 41.96041]}"
The Bank of Greene County,602 Columbia Turnpike,East Greenbush,12061,Albany,"{""type"": ""Point"", ""coordinates"": [-73.70969, 42.59787]}"
The Bank of Greene County,103 Wolf Road,Albany,12205,Albany,"{""type"": ""Point"", ""coordinates"": [-73.81033, 42.71574]}"
The Bank of Greene County,81 Mill Hill Road,Woodstock,12498,Ulster,"{""type"": ""Point"", ""coordinates"": [-74.11255, 42.03878]}"
The Bank of Greene County,2828 U.S. 9,Valatie,12184,Columbia,"{""type"": ""Point"", ""coordinates"": [-73.68455, 42.41997]}"
The Bank of Greene County,2 Technology Drive,West Coxsackie,12192,Greene,"{""type"": ""Point"", ""coordinates"": [-73.83013, 42.37316]}"
Tioga State Bank,923 State Route 17C,Owego,13827,Tioga,"{""type"": ""Point"", ""coordinates"": [-76.23695, 42.09992]}"
Tioga State Bank,1387 State Route 96,Owego,13827,Tioga,"{""type"": ""Point"", ""coordinates"": [-76.27058, 42.12219]}"
Tioga State Bank,183 Main Street,Newfield,14867,Tompkins,"{""type"": ""Point"", ""coordinates"": [-76.59096, 42.3619]}"
Tioga State Bank,6 Main Street,Van Etten,14889,Chemung,"{""type"": ""Point"", ""coordinates"": [-76.55278, 42.19919]}"
Tioga State Bank,436 Cayuta Avenue,Waverly,14892,Tioga,"{""type"": ""Point"", ""coordinates"": [-76.52577, 42.00269]}"
Tioga State Bank,1430 Upper Front Street,Binghamton,13901,Broome,"{""type"": ""Point"", ""coordinates"": [-75.88967, 42.16603]}"
Tioga State Bank,73 Main Street,Candor,13743,Tioga,"{""type"": ""Point"", ""coordinates"": [-76.33857, 42.22842]}"
Tioga State Bank,1250 Vestal Parkway East,Vestal,13850,Broome,"{""type"": ""Point"", ""coordinates"": [-76.02932, 42.09145]}"
Tioga State Bank,3 South Main Street,Spencer,14883,Tioga,"{""type"": ""Point"", ""coordinates"": [-76.49307, 42.20958]}"
Tioga State Bank,191 Conklin Avenue,Binghamton,13903,Broome,"{""type"": ""Point"", ""coordinates"": [-75.89922, 42.09412]}"
Tioga State Bank,18 Lake Street,Owego,13827,Tioga,"{""type"": ""Point"", ""coordinates"": [-76.26081, 42.10301]}"
Tioga State Bank,1 N. Main St.,Spencer,14883,Tioga,"{""type"": ""Point"", ""coordinates"": [-76.493, 42.20996]}"
Tioga State Bank,510 Hooper Road,Endwell,13760,Broome,"{""type"": ""Point"", ""coordinates"": [-76.0178, 42.1173]}"
Tompkins Community Bank,775 South Meadow Street,Ithaca,14850,Tompkins,"{""type"": ""Point"", ""coordinates"": [-76.50799, 42.42877]}"
Tompkins Community Bank,3690 East Ave.,Rochester,14618,Monroe,"{""type"": ""Point"", ""coordinates"": [-77.51737, 43.11742]}"
Tompkins Community Bank,139 NORTH ST (ROUTE 13),DRYDEN,13053,Tompkins,"{""type"": ""Point"", ""coordinates"": [-76.29867, 42.50064]}"
Tompkins Community Bank,630 Route 6,Mahopac,10541,Putnam,"{""type"": ""Point"", ""coordinates"": [-73.73368, 41.37279]}"
Tompkins Community Bank,21 Peekskill Hollow Road,Putnam Valley,10579,Putnam,"{""type"": ""Point"", ""coordinates"": [-73.87368, 41.33383]}"
Tompkins Community Bank,263 East Main Street,Avon,14414,Livingston,"{""type"": ""Point"", ""coordinates"": [-77.73489, 42.91013]}"
Tompkins Community Bank,3155 State Street,Caledonia,14423,Livingston,"{""type"": ""Point"", ""coordinates"": [-77.85261, 42.97274]}"
Tompkins Community Bank,408 East Main Street,Batavia,14020,Genesee,"{""type"": ""Point"", ""coordinates"": [-78.17577, 42.99611]}"
Tompkins Community Bank,2367 North Main Street,Warsaw,14569,Wyoming,"{""type"": ""Point"", ""coordinates"": [-78.12655, 42.76583]}"
Tompkins Community Bank,102 N. CENTER ST,PERRY,14530,Wyoming,"{""type"": ""Point"", ""coordinates"": [-78.00553, 42.72504]}"
Tompkins Community Bank,50 North Main Street,Castile,14427,Wyoming,"{""type"": ""Point"", ""coordinates"": [-78.04813, 42.63394]}"
Tompkins Community Bank,604 West Main Street,Arcade,14009,Wyoming,"{""type"": ""Point"", ""coordinates"": [-78.44139, 42.53349]}"
Tompkins Community Bank,100 Main Street,Odessa,14869,Schuyler,"{""type"": ""Point"", ""coordinates"": [-76.78953, 42.33664]}"
Tompkins Community Bank,29 Main Street,Leroy,14482,Genesee,"{""type"": ""Point"", ""coordinates"": [-77.99027, 42.97764]}"
Tompkins Community Bank,2251 N. TRIPHAMMER RD,ITHACA,14850,Tompkins,"{""type"": ""Point"", ""coordinates"": [-76.48221, 42.47859]}"
Tompkins Community Bank,2 WEST MAIN STREET,TRUMANSBURG,14886,Tompkins,"{""type"": ""Point"", ""coordinates"": [-76.66269, 42.5421]}"
Tompkins Community Bank,11 South Street,Geneseo,14454,Livingston,"{""type"": ""Point"", ""coordinates"": [-77.81595, 42.79364]}"
Tompkins Community Bank,3252 CHILI AVENUE,CHILI,14624,Monroe,"{""type"": ""Point"", ""coordinates"": [-77.75373, 43.10389]}"
Tompkins Community Bank,358 West Main Street,Batavia,14020,Genesee,"{""type"": ""Point"", ""coordinates"": [-78.20128, 43.00446]}"
Tompkins Community Bank,724 LONG POND ROAD,GREECE,14612,Monroe,"{""type"": ""Point"", ""coordinates"": [-77.69588, 43.24994]}"
Tompkins Community Bank,1281 Route 9,Wappingers Falls,12590,Dutchess,"{""type"": ""Point"", ""coordinates"": [-73.90993, 41.57516]}"
Tompkins Community Bank,1441 ROUTE 22,BREWSTER,10509,Putnam,"{""type"": ""Point"", ""coordinates"": [-73.57455, 41.41536]}"
Tompkins Community Bank,293 Lexington Avenue,Mount Kisco,10549,Westchester,"{""type"": ""Point"", ""coordinates"": [-73.73212, 41.19799]}"
Tompkins Community Bank,591 Route 6N,Mahopac,10542,Putnam,"{""type"": ""Point"", ""coordinates"": [-73.76069, 41.37479]}"
Tompkins Community Bank,831 Route 82,Hopewell Junction,12533,Dutchess,"{""type"": ""Point"", ""coordinates"": [-73.81047, 41.57952]}"
Tompkins Community Bank,673 FREEDOM PLAINS RD,POUGHKEEPSIE,12603,Dutchess,"{""type"": ""Point"", ""coordinates"": [-73.84172, 41.67143]}"
Tompkins Community Bank,3768 MAIN ST.,PIFFARD,14539,Livingston,"{""type"": ""Point"", ""coordinates"": [-77.89742, 42.82769]}"
Tompkins Community Bank,1410 South Main Street,Medina,14103,Orleans,"{""type"": ""Point"", ""coordinates"": [-78.38744, 43.20852]}"
Tompkins Community Bank,49 BEEKMAN AVENUE,SLEEPY HOLLOW,10591,Westchester,"{""type"": ""Point"", ""coordinates"": [-73.86047, 41.08488]}"
Tompkins Community Bank,38 South Main Street,Churchville,14428,Monroe,"{""type"": ""Point"", ""coordinates"": [-77.88399, 43.10327]}"
Tompkins Community Bank,1 MAIN STREET,GAINESVILLE,14066,Wyoming,"{""type"": ""Point"", ""coordinates"": [-78.14672, 42.55994]}"
Tompkins Community Bank,766 Yonkers Avenue,Yonkers,10704,Westchester,"{""type"": ""Point"", ""coordinates"": [-73.86447, 40.92281]}"
Tompkins Community Bank,3140 Monroe Avenue,Rochester,14618,Monroe,"{""type"": ""Point"", ""coordinates"": [-77.54188, 43.10672]}"
Tompkins Community Bank,"1086 North Broadway, Suite 130",Yonkers,10701,Westchester,"{""type"": ""Point"", ""coordinates"": [-73.88263, 40.972]}"
Tompkins Community Bank,119 EAST SENECA STREET,ITHACA,14850,Tompkins,"{""type"": ""Point"", ""coordinates"": [-76.49808, 42.4404]}"
Tompkins Community Bank,3109 North Triphammer Road,Lansing,14882,Tompkins,"{""type"": ""Point"", ""coordinates"": [-76.49261, 42.53797]}"
Tompkins Community Bank,6872 East Genesee Street,Fayetteville,13066,Onondaga,"{""type"": ""Point"", ""coordinates"": [-76.04553, 43.0277]}"
Tompkins Community Bank,501 Marble Avenue,Pleasantville,10570,Westchester,"{""type"": ""Point"", ""coordinates"": [-73.78491, 41.12675]}"
Tompkins Community Bank,701 West Seneca St,Ithaca,14850,Tompkins,"{""type"": ""Point"", ""coordinates"": [-76.51106, 42.44003]}"
Tompkins Community Bank,101 Dates Dr,Ithaca,14850,Tompkins,"{""type"": ""Point"", ""coordinates"": [-76.5383, 42.46962]}"
Tompkins Community Bank,36 Main St,Cortland,13045,Cortland,"{""type"": ""Point"", ""coordinates"": [-76.18042, 42.60011]}"
Tompkins Community Bank,15 Central Ave,Ithaca,14850,Tompkins,"{""type"": ""Point"", ""coordinates"": [-76.48592, 42.45108]}"
Tompkins Community Bank,86 North St,Auburn,13021,Cayuga,"{""type"": ""Point"", ""coordinates"": [-76.56641, 42.93597]}"
Tompkins Community Bank,Center Ithaca - History Center,Ithaca,14850,Tompkins,
Tompkins Community Bank,1 HOPKINS RD,AMHERST,14221,Erie,"{""type"": ""Point"", ""coordinates"": [-78.73898, 42.97877]}"
Tompkins Community Bank,118 E. SENECA ST,ITHACA,14850,Tompkins,"{""type"": ""Point"", ""coordinates"": [-76.49796, 42.4404]}"
Tompkins Community Bank,400 S. Salina St.,Syracuse,13202,Onondaga,"{""type"": ""Point"", ""coordinates"": [-76.15225, 43.04659]}"
Tompkins Community Bank,1012 Ellis Hollow Road,Ithaca,14850,Tompkins,"{""type"": ""Point"", ""coordinates"": [-76.46302, 42.43672]}"
TrailNorth Federal Credit Union,1178 NYS ROUTE 9N,TICONDEROGA,12883,Essex,"{""type"": ""Point"", ""coordinates"": [-73.43721, 43.86035]}"
TrailNorth Federal Credit Union,7519 COURT STREET,ELIZABETHTOWN,12932,Essex,"{""type"": ""Point"", ""coordinates"": [-73.59734, 44.21297]}"
TrailNorth Federal Credit Union,43 MEACHAM STREET,PORT HENRY,12974,Essex,"{""type"": ""Point"", ""coordinates"": [-73.46196, 44.04]}"
Trustco Bank N.A. CTF,4208 ROUTE 50,SARATOGA SPRINGS,12866,Saratoga,"{""type"": ""Point"", ""coordinates"": [-73.72547, 43.12015]}"
Trustco Bank N.A. CTF,477 Albany Shaker Road,Loudonville,12211,Albany,"{""type"": ""Point"", ""coordinates"": [-73.7779, 42.70797]}"
Trustco Bank N.A. CTF,7 Clifton Country Road,Clifton Park,12065,Saratoga,"{""type"": ""Point"", ""coordinates"": [-73.78151, 42.86079]}"
Trustco Bank N.A. CTF,3750 Burgoyne Avenue,Hudson Falls,12839,Washington,"{""type"": ""Point"", ""coordinates"": [-73.57103, 43.31919]}"
Trustco Bank N.A. CTF,501 Columbia Turnpike,Rensselaer,12144,Rensselaer,"{""type"": ""Point"", ""coordinates"": [-73.71793, 42.60522]}"
Trustco Bank N.A. CTF,286 Saratoga Road,Glenville,12302,Schenectady,"{""type"": ""Point"", ""coordinates"": [-73.93009, 42.87269]}"
Trustco Bank N.A. CTF,167 DELAWARE AVENUE,DELMAR,12054,Albany,"{""type"": ""Point"", ""coordinates"": [-73.81296, 42.62885]}"
Trustco Bank N.A. CTF,47 Main Street,Hoosick Falls,12090,Rensselaer,"{""type"": ""Point"", ""coordinates"": [-73.35102, 42.90027]}"
Trustco Bank N.A. CTF,301 New Scotland Avenue,Albany,12208,Albany,"{""type"": ""Point"", ""coordinates"": [-73.7892, 42.65318]}"
Trustco Bank N.A. CTF,34 Wolf Road,Albany,12205,Albany,"{""type"": ""Point"", ""coordinates"": [-73.81839, 42.71157]}"
Trustco Bank N.A. CTF,1450 WESTERN AVE,ALBANY,12203,Albany,"{""type"": ""Point"", ""coordinates"": [-73.83659, 42.68063]}"
Trustco Bank N.A. CTF,1700 5TH AVE,TROY,12180,Rensselaer,"{""type"": ""Point"", ""coordinates"": [-73.68772, 42.73006]}"
Trustco Bank N.A. CTF,37 BAY ST,GLENS FALLS,12801,Warren,"{""type"": ""Point"", ""coordinates"": [-73.6465, 43.31225]}"
Trustco Bank N.A. CTF,1400 Altamont Avenue,Schenectady,12303,Schenectady,"{""type"": ""Point"", ""coordinates"": [-73.94344, 42.78497]}"
Trustco Bank N.A. CTF,238 West Bridge Street -- Route 9W,Catskill,12414,Greene,"{""type"": ""Point"", ""coordinates"": [-73.88077, 42.21466]}"
Trustco Bank N.A. CTF,3461 State Street,Schenectady,12304,Schenectady,"{""type"": ""Point"", ""coordinates"": [-73.89375, 42.77192]}"
Trustco Bank N.A. CTF,43 Round Lake Road,Ballston Lake,12019,Saratoga,"{""type"": ""Point"", ""coordinates"": [-73.81203, 42.93475]}"
Trustco Bank N.A. CTF,1541 CRESCENT ROAD,CLIFTON PARK,12065,Saratoga,"{""type"": ""Point"", ""coordinates"": [-73.77393, 42.81944]}"
Trustco Bank N.A. CTF,9 Price Chopper Plaza,Mechanicville,12118,Rensselaer,"{""type"": ""Point"", ""coordinates"": [-73.68385, 42.91036]}"
Trustco Bank N.A. CTF,2471 ROUTE 9,MALTA,12020,Saratoga,"{""type"": ""Point"", ""coordinates"": [-73.7929, 42.9706]}"
Trustco Bank N.A. CTF,215 Guideboard Road,Halfmoon,12065,Saratoga,"{""type"": ""Point"", ""coordinates"": [-73.73897, 42.83813]}"
Trustco Bank N.A. CTF,1156 Troy Schenectady Road,Latham,12110,Albany,"{""type"": ""Point"", ""coordinates"": [-73.81943, 42.76884]}"
Trustco Bank N.A. CTF,372 Northern Boulevard,Albany,12204,Albany,"{""type"": ""Point"", ""coordinates"": [-73.74861, 42.67585]}"
Trustco Bank N.A. CTF,959 Crane Street,Schenectady,12303,Schenectady,"{""type"": ""Point"", ""coordinates"": [-73.94756, 42.79876]}"
Trustco Bank N.A. CTF,3900 CARMAN ROAD,SCHENECTADY,12303,Schenectady,"{""type"": ""Point"", ""coordinates"": [-73.93206, 42.71599]}"
Trustco Bank N.A. CTF,112 STATE STREET RM L-1,ALBANY,12207,Albany,"{""type"": ""Point"", ""coordinates"": [-73.75389, 42.6504]}"
Trustco Bank N.A. CTF,1026 ROUTE 146,CLIFTON PARK,12065,Saratoga,"{""type"": ""Point"", ""coordinates"": [-73.81855, 42.86992]}"
Trustco Bank N.A. CTF,308 Ushers Road,Ballston Lake,12019,Saratoga,"{""type"": ""Point"", ""coordinates"": [-73.79142, 42.90253]}"
Trustco Bank N.A. CTF,141 West Campbell Road,Rotterdam,12306,Schenectady,"{""type"": ""Point"", ""coordinates"": [-73.982, 42.81335]}"
Trustco Bank N.A. CTF,118 QUAKER ROAD SUITE 1,QUEENSBURY,12804,Warren,"{""type"": ""Point"", ""coordinates"": [-73.66276, 43.33145]}"
Trustco Bank N.A. CTF,131 Main Street,Greenwich,12834,Washington,"{""type"": ""Point"", ""coordinates"": [-73.49978, 43.09052]}"
Trustco Bank N.A. CTF,ONE JOHNSON ROAD,LATHAM,12110,Albany,"{""type"": ""Point"", ""coordinates"": [-73.75117, 42.76211]}"
Trustco Bank N.A. CTF,1620 Union Street,Schenectady,12309,Schenectady,"{""type"": ""Point"", ""coordinates"": [-73.90473, 42.80455]}"
Trustco Bank N.A. CTF,3690 NY ROUTE 43,WEST SAND LAKE,12196,Rensselaer,"{""type"": ""Point"", ""coordinates"": [-73.60771, 42.64427]}"
Trustco Bank N.A. CTF,134-136 MAIN AVENUE,WYNANTSKILL,12198,Rensselaer,"{""type"": ""Point"", ""coordinates"": [-73.64064, 42.69548]}"
Trustco Bank N.A. CTF,201 Troy-Schenectady Road,Latham,12110,Albany,"{""type"": ""Point"", ""coordinates"": [-73.73413, 42.73969]}"
Trustco Bank N.A. CTF,1818 CENTRAL AVENUE,ALBANY,12205,Albany,"{""type"": ""Point"", ""coordinates"": [-73.8484, 42.73071]}"
Trustco Bank N.A. CTF,1084 Madison Avenue,Albany,12208,Albany,"{""type"": ""Point"", ""coordinates"": [-73.79127, 42.66565]}"
Trustco Bank N.A. CTF,400 MAPLE ROAD,SLINGERLANDS,12159,Albany,"{""type"": ""Point"", ""coordinates"": [-73.90237, 42.63306]}"
Trustco Bank N.A. CTF,2050 Western Avenue,Guiderland,12084,Albany,"{""type"": ""Point"", ""coordinates"": [-73.88946, 42.6972]}"
Trustco Bank N.A. CTF,507 Warren Street,Hudson,12534,Columbia,"{""type"": ""Point"", ""coordinates"": [-73.78644, 42.24949]}"
Trustco Bank N.A. CTF,2929 Route 9,Valatie,12184,Columbia,"{""type"": ""Point"", ""coordinates"": [-73.68722, 42.42544]}"
Trustco Bank N.A. CTF,1545 Route 52,Fishkill,12524,Dutchess,"{""type"": ""Point"", ""coordinates"": [-73.87416, 41.54451]}"
Trustco Bank N.A. CTF,2656 South Road -- Route 9,Poughkeepsie,12601,Dutchess,"{""type"": ""Point"", ""coordinates"": [-73.92848, 41.67077]}"
Trustco Bank N.A. CTF,235 Church Avenue,Ballston Spa,12020,Saratoga,"{""type"": ""Point"", ""coordinates"": [-73.85169, 42.98854]}"
Trustco Bank N.A. CTF,2 Triebel Avenue,Ballston Spa,12020,Saratoga,"{""type"": ""Point"", ""coordinates"": [-73.851, 43.04575]}"
Trustco Bank N.A. CTF,34 CONGRESS STREET,SARATOGA SPRINGS,12866,Saratoga,"{""type"": ""Point"", ""coordinates"": [-73.78843, 43.07846]}"
Trustco Bank N.A. CTF,1 Sarnowski Drive,Glenville,12302,Schenectady,"{""type"": ""Point"", ""coordinates"": [-73.93406, 42.83592]}"
Trustco Bank N.A. CTF,320 STATE STREET,SCHENECTADY,12305,Schenectady,"{""type"": ""Point"", ""coordinates"": [-73.9437, 42.814]}"
Trustco Bank N.A. CTF,123 MOHAWK AVENUE,SCOTIA,12302,Schenectady,"{""type"": ""Point"", ""coordinates"": [-73.96286, 42.82544]}"
Trustco Bank N.A. CTF,104 MERCHANT PLACE,COBLESKILL,12043,Schoharie,"{""type"": ""Point"", ""coordinates"": [-74.45741, 42.68122]}"
Trustco Bank N.A. CTF,18 Woods Bridge Road,Katonah,10536,Westchester,"{""type"": ""Point"", ""coordinates"": [-73.68563, 41.26095]}"
Trustco Bank N.A. CTF,75 North State Road,Briarcliff Manor,10510,Westchester,"{""type"": ""Point"", ""coordinates"": [-73.82874, 41.15139]}"
Trustco Bank N.A. CTF,100 Clearbrook Road,Elmsford,10523,Westchester,"{""type"": ""Point"", ""coordinates"": [-73.81353, 41.07558]}"
Trustco Bank N.A. CTF,193 Hudson Avenue -- Route 66,Chatham,12037,Columbia,"{""type"": ""Point"", ""coordinates"": [-73.60385, 42.34988]}"
Trustco Bank N.A. CTF,791 Route 17M,Monroe,10950,Orange,"{""type"": ""Point"", ""coordinates"": [-74.19275, 41.3335]}"
Trustco Bank N.A. CTF,327 Route 59 East,Airmont,10952,Rockland,"{""type"": ""Point"", ""coordinates"": [-74.09592, 41.10998]}"
Trustco Bank N.A. CTF,20 Squadron Boulevard,New City,10956,Rockland,"{""type"": ""Point"", ""coordinates"": [-73.9827, 41.15801]}"
Trustco Bank N.A. CTF,649 Route 9,Saratoga Springs,12866,Saratoga,"{""type"": ""Point"", ""coordinates"": [-73.76979, 43.12311]}"
Trustco Bank N.A. CTF,415 Whitehall Road,Albany,12208,Albany,"{""type"": ""Point"", ""coordinates"": [-73.81229, 42.65216]}"
Trustco Bank N.A. CTF,220 East Hartsdale Avenue,Hartsdale,10530,Westchester,"{""type"": ""Point"", ""coordinates"": [-73.79656, 41.01136]}"
Trustco Bank N.A. CTF,4066 ROUTE 9L,LAKE GEORGE,12845,Warren,"{""type"": ""Point"", ""coordinates"": [-73.70899, 43.41033]}"
Trustco Bank N.A. CTF,180-190 E. BOSTON POST ROAD,MAMARONECK,10543,Westchester,"{""type"": ""Point"", ""coordinates"": [-73.7313, 40.9496]}"
Trustco Bank N.A. CTF,602 New Loudon Road,Latham,12110,Albany,"{""type"": ""Point"", ""coordinates"": [-73.76059, 42.72837]}"
Trustco Bank N.A. CTF,20 Welcher Avenue,Peekskill,10566,Westchester,"{""type"": ""Point"", ""coordinates"": [-73.93676, 41.27056]}"
Trustco Bank N.A. CTF,132  FIFTH AVE,PELHAM,10803,Westchester,"{""type"": ""Point"", ""coordinates"": [-73.80876, 40.91311]}"
Trustco Bank N.A. CTF,4 MORGAN'S WAY,RED HOOK,12571,Dutchess,"{""type"": ""Point"", ""coordinates"": [-73.87989, 41.99114]}"
Trustco Bank N.A. CTF,2 Main Street,Schaghticoke,12154,Rensselaer,"{""type"": ""Point"", ""coordinates"": [-73.58449, 42.90686]}"
Trustco Bank N.A. CTF,1416 CURRY ROAD,SCHENECTADY,12306,Schenectady,"{""type"": ""Point"", ""coordinates"": [-73.96291, 42.78327]}"
Trustco Bank N.A. CTF,33-35 Center St,Ardsley,10502,Westchester,"{""type"": ""Point"", ""coordinates"": [-73.84516, 41.01279]}"
Trustco Bank N.A. CTF,5-7 Park Place,Bronxville,10708,Westchester,"{""type"": ""Point"", ""coordinates"": [-73.83315, 40.93979]}"
Trustco Bank N.A. CTF,1048 STATE STREET,SCHENECTADY,12307,Schenectady,"{""type"": ""Point"", ""coordinates"": [-73.92815, 42.80109]}"
Trustco Bank N.A. CTF,1475 BALLTOWN ROAD,NISKAYUNA,12309,Schenectady,"{""type"": ""Point"", ""coordinates"": [-73.89295, 42.81489]}"
Trustco Bank N.A. CTF,380 Route 9W,Glenmont,12077,Albany,"{""type"": ""Point"", ""coordinates"": [-73.79045, 42.60372]}"
Trustco Bank N.A. CTF,6 METRO PARK ROAD,ALBANY,12205,Albany,"{""type"": ""Point"", ""coordinates"": [-73.80155, 42.72003]}"
Trustco Bank N.A. CTF,740 Hoosick Road,Troy,12180,Rensselaer,"{""type"": ""Point"", ""coordinates"": [-73.64196, 42.74461]}"
Trustco Bank N.A. CTF,9 Lake George Plaza Road,Lake George,12845,Warren,"{""type"": ""Point"", ""coordinates"": [-73.66977, 43.36991]}"
Trustco Bank N.A. CTF,4931 Route 30,Amsterdam,12010,Montogomery,"{""type"": ""Point"", ""coordinates"": [-74.18615, 42.96528]}"
Trustco Bank N.A. CTF,133 SARATOGA AVENUE SUITE 1,SOUTH GLEN FALLS,12803,Saratoga,"{""type"": ""Point"", ""coordinates"": [-73.63861, 43.28756]}"
Trustco Bank N.A. CTF,945 South Lake Boulevard,Mahopac,10541,Westchester,"{""type"": ""Point"", ""coordinates"": [-73.73529, 41.37257]}"
Trustco Bank N.A. CTF,388 Route 59,Nyack,10960,Rockland,"{""type"": ""Point"", ""coordinates"": [-73.94844, 41.09382]}"
UFirst Federal Credit Union,"Angell College Center, Plattburgh State University",Plattsburgh,12901,Clinton,
UFirst Federal Credit Union,274 Rugar Street,Plattsburgh,12901,Clinton,"{""type"": ""Point"", ""coordinates"": [-73.4855, 44.68724]}"
UFirst Federal Credit Union,72 Champlain Street,Rouses Point,12979,Clinton,"{""type"": ""Point"", ""coordinates"": [-73.37139, 44.98299]}"
UNISTAR Federal Credit Union,100 Marymount Avenue,Tarrytown,10591,Westchester,"{""type"": ""Point"", ""coordinates"": [-73.85027, 41.07621]}"
UNISTAR Federal Credit Union,555 Taxter Road,Elmsford,10591,Westchester,"{""type"": ""Point"", ""coordinates"": [-73.83159, 41.05652]}"
UNISTAR Federal Credit Union,303 South Broadway,Tarrytown,10591,Westchester,"{""type"": ""Point"", ""coordinates"": [-73.86375, 41.06664]}"
UNISTAR Federal Credit Union,2000 Westchester Avenue,White Plains,10627,Westchester,"{""type"": ""Point"", ""coordinates"": [-73.72076, 41.01473]}"
USAlliance Financial,555 Boston Post Road,Port Chester,10573,Westchester,"{""type"": ""Point"", ""coordinates"": [-73.67502, 40.99251]}"
Ulster Federal Credit Union,807 ULSTER AVENUE,KINGSTON,12401,Ulster,"{""type"": ""Point"", ""coordinates"": [-73.9943, 41.95242]}"
Ulster Federal Credit Union,Route 9W Simmons Plaza,Saugerties,12477,Ulster,"{""type"": ""Point"", ""coordinates"": [-73.95571, 42.05702]}"
Ulster Federal Credit Union,127 SCHWENK DRIVE,KINGSTON,12401,Ulster,"{""type"": ""Point"", ""coordinates"": [-74.02258, 41.93682]}"
Ulster Savings Bank,1571 ULSTER AVENUE,LAKE KATRINE,12449,Ulster,"{""type"": ""Point"", ""coordinates"": [-73.98988, 41.97762]}"
Ulster Savings Bank,1208 ROUTE 300,NEWBURGH,12550,Orange,"{""type"": ""Point"", ""coordinates"": [-74.07089, 41.49869]}"
Ulster Savings Bank,4240 Albany Post Road,Hyde Park,12538,Dutchess,"{""type"": ""Point"", ""coordinates"": [-73.93133, 41.78116]}"
Ulster Savings Bank,1387 ROUTE 9,WAPPINGERS FALLS,12590,Dutchess,"{""type"": ""Point"", ""coordinates"": [-73.90912, 41.58294]}"
Ulster Savings Bank,7296 SOUTH BROADWAY,RED HOOK,12571,Dutchess,"{""type"": ""Point"", ""coordinates"": [-73.88187, 41.98424]}"
Ulster Savings Bank,68 MILL HILL ROAD,WOODSTOCK,12498,Ulster,"{""type"": ""Point"", ""coordinates"": [-74.11404, 42.03887]}"
Ulster Savings Bank,2201 ROUTE 44/55,GARDINER,12525,Ulster,"{""type"": ""Point"", ""coordinates"": [-74.13308, 41.67486]}"
Ulster Savings Bank,58 MAIN STREET,PHOENICIA,12464,Ulster,"{""type"": ""Point"", ""coordinates"": [-74.31429, 42.08324]}"
Ulster Savings Bank,ONE TWIN MAPLES PLAZA --ROUTE 9W,SAUGERTIES,12477,Ulster,"{""type"": ""Point"", ""coordinates"": [-73.95897, 42.04973]}"
Ulster Savings Bank,280 WALL STREET,KINGSTON,12401,Ulster,"{""type"": ""Point"", ""coordinates"": [-74.01954, 41.93318]}"
Ulster Savings Bank,3857 MAIN STREET,STONE RIDGE,12484,Ulster,"{""type"": ""Point"", ""coordinates"": [-74.14889, 41.84382]}"
Ulster Savings Bank,2680 SOUTH ROAD,POUGHKEEPSIE,12603,Dutchess,"{""type"": ""Point"", ""coordinates"": [-73.92811, 41.67248]}"
Ulster Savings Bank,39 BURNETT BOULEVARD,POUGHKEEPSIE,12601,Dutchess,"{""type"": ""Point"", ""coordinates"": [-73.88842, 41.69861]}"
Ulster Savings Bank,226 MAIN STREET,NEW PALTZ,12561,Ulster,"{""type"": ""Point"", ""coordinates"": [-74.07454, 41.74438]}"
Ulster Savings Bank,180 SCHWENK DRIVE,KINGSTON,12401,Ulster,"{""type"": ""Point"", ""coordinates"": [-74.02457, 41.93661]}"
United Orient Bank,185 Canal Street,New York,10013,New York,"{""type"": ""Point"", ""coordinates"": [-73.99793, 40.71687]}"
Upstate National Bank,One West Main Street,Rochester,14614,Monroe,"{""type"": ""Point"", ""coordinates"": [-77.61291, 43.15563]}"
Utica District Telephone Employees FCU,2812 GENESEE STREET,UTICA,13502,Oneida,"{""type"": ""Point"", ""coordinates"": [-75.28444, 43.07499]}"
Valley National Bank,699 HILLSIDE AVENUE,NEW HYDE PARK,11040,Nassau,"{""type"": ""Point"", ""coordinates"": [-73.69655, 40.74201]}"
Valley National Bank,1731 VICTORY BLVD,STATEN ISLAND,10314,Richmond,"{""type"": ""Point"", ""coordinates"": [-74.12099, 40.6132]}"
Valley National Bank,501 NORTH BROADWAY,JERICHO,11753,Nassau,"{""type"": ""Point"", ""coordinates"": [-73.53718, 40.79018]}"
Valley National Bank,580 EAST JERICHO TURNPIKE,HUNTINGTON STATION,11746,Suffolk,"{""type"": ""Point"", ""coordinates"": [-73.38957, 40.83286]}"
Valley National Bank,740 VETS HIGHWAY,HAUPPAUGE,11788,Suffolk,
Valley National Bank,27 SMITH STREET,FARMINGDALE,11735,Nassau,"{""type"": ""Point"", ""coordinates"": [-73.4212, 40.75469]}"
Valley National Bank,135 South Street,Oyster Bay,11771,Nassau,"{""type"": ""Point"", ""coordinates"": [-73.53075, 40.87123]}"
Valley National Bank,1055 OLD COUNTRY ROAD,WESTBURY,11590,Nassau,"{""type"": ""Point"", ""coordinates"": [-73.55707, 40.75555]}"
Valley National Bank,1040 Sixth Avenue,New York,10018,New York,"{""type"": ""Point"", ""coordinates"": [-73.98529, 40.75321]}"
Valley National Bank,924 BROADWAY,NEW YORK,10010,New York,"{""type"": ""Point"", ""coordinates"": [-73.98954, 40.74003]}"
Valley National Bank,1328 Second Avenue,New York,10021,New York,"{""type"": ""Point"", ""coordinates"": [-73.95908, 40.76782]}"
Valley National Bank,960 Port Washington Boulevard,Port Washington,11050,Nassau,"{""type"": ""Point"", ""coordinates"": [-73.68423, 40.8298]}"
Valley National Bank,281 FIFTH AVENUE,NEW YORK,10016,New York,"{""type"": ""Point"", ""coordinates"": [-73.98647, 40.74582]}"
Valley National Bank,7726  3rd Avenue,Brooklyn,11209,Kings,"{""type"": ""Point"", ""coordinates"": [-74.02865, 40.6294]}"
Valley National Bank,151 CANAL STREET,NEW YORK,10002,New York,"{""type"": ""Point"", ""coordinates"": [-73.99574, 40.71651]}"
Valley National Bank,107-01 LIBERTY AVENUE,OZONE PARK,11417,Queens,"{""type"": ""Point"", ""coordinates"": [-73.8345, 40.68329]}"
Valley National Bank,1569 Third Avenue,New York,10128,New York,"{""type"": ""Point"", ""coordinates"": [-73.95296, 40.78023]}"
Valley National Bank,159 Eighth Avenue,New York,10011,New York,"{""type"": ""Point"", ""coordinates"": [-74.00079, 40.74213]}"
Valley National Bank,6117 18TH AVENUE,BROOKLYN,11204,Kings,"{""type"": ""Point"", ""coordinates"": [-73.98823, 40.62106]}"
Valley National Bank,1505 AVENUE J,BROOKLYN,11230,Kings,"{""type"": ""Point"", ""coordinates"": [-73.96109, 40.62522]}"
Valley National Bank,94-05 63RD DRIVE,REGO PARK,11374,Queens,"{""type"": ""Point"", ""coordinates"": [-73.86309, 40.72892]}"
Valley National Bank,1633 SHEEPSHEAD BAY ROAD,BROOKLYN,11235,Kings,"{""type"": ""Point"", ""coordinates"": [-73.95255, 40.5868]}"
Valley National Bank,4501 13TH AVENUE,BROOKLYN,11219,Kings,"{""type"": ""Point"", ""coordinates"": [-73.98986, 40.63718]}"
Valley National Bank,450 Broadway,New York,10013,New York,"{""type"": ""Point"", ""coordinates"": [-74.00094, 40.72046]}"
Valley National Bank,6920 80TH STREET,MIDDLE VILLAGE,11379,Queens,"{""type"": ""Point"", ""coordinates"": [-73.87052, 40.70966]}"
Valley National Bank,2902 Avenue U,Brooklyn,11229,Kings,"{""type"": ""Point"", ""coordinates"": [-73.94275, 40.60033]}"
Valley National Bank,207 BRIGHTON BEACH AVENUE,BROOKLYN,11235,Kings,"{""type"": ""Point"", ""coordinates"": [-73.96674, 40.57649]}"
Valley National Bank,100 PARK AVENUE,NEW YORK,10017,New York,"{""type"": ""Point"", ""coordinates"": [-73.97848, 40.7512]}"
Valley National Bank,41 FRONT STREET,ROCKVILLE CENTRE,11570,Nassau,"{""type"": ""Point"", ""coordinates"": [-73.64572, 40.65843]}"
Valley National Bank,76-09 MAIN STREET,QUEENS,11379,Queens,"{""type"": ""Point"", ""coordinates"": [-73.81942, 40.72226]}"
Valley National Bank,2054 86th Street,Brooklyn,11214,Kings,"{""type"": ""Point"", ""coordinates"": [-73.99695, 40.6038]}"
Valley National Bank,71 WEST 47TH STREET,NEW YORK,10036,New York,"{""type"": ""Point"", ""coordinates"": [-73.98127, 40.75782]}"
Valley National Bank,994 Broadway,Thornwood,10594,Westchester,"{""type"": ""Point"", ""coordinates"": [-73.77868, 41.12607]}"
Valley National Bank,464 Mamaroneck Ave,White Plains,10605,Westchester,"{""type"": ""Point"", ""coordinates"": [-73.76021, 41.02269]}"
Valley National Bank,1900 Central Park Ave,Yonkers,10710,Westchester,"{""type"": ""Point"", ""coordinates"": [-73.83909, 40.96348]}"
Valley National Bank,1050 FRANKLIN AVENUE,GARDEN CITY,11530,Nassau,"{""type"": ""Point"", ""coordinates"": [-73.63639, 40.73055]}"
Valley National Bank,305 Mamaroneck Ave,Mamaroneck,10543,Westchester,"{""type"": ""Point"", ""coordinates"": [-73.73494, 40.95113]}"
Valley National Bank,51 S. Moger Ave,Mt Kisco,10549,Westchester,"{""type"": ""Point"", ""coordinates"": [-73.72863, 41.20654]}"
Valley National Bank,240 S Highland Ave,Ossining,10562,Westchester,"{""type"": ""Point"", ""coordinates"": [-73.86193, 41.14305]}"
Valley National Bank,800 Westcheter Ave,Rye Brook,10573,Westchester,"{""type"": ""Point"", ""coordinates"": [-73.69121, 41.00673]}"
Valley National Bank,339 NASSAU BOULEVARD,GARDEN CITY SOUTH,11530,Nassau,"{""type"": ""Point"", ""coordinates"": [-73.66093, 40.71583]}"
Visions Federal Credit Union,1235 FRONT STREET,BINGHAMTON,13901,Broome,"{""type"": ""Point"", ""coordinates"": [-75.89619, 42.15666]}"
Visions Federal Credit Union,137-141 Clinton Avenue,Cortland,13045,Cortland,"{""type"": ""Point"", ""coordinates"": [-76.16852, 42.60619]}"
Visions Federal Credit Union,4400 Vestal PKWY,Binghamton,13902,Broome,
Visions Federal Credit Union,Dunkin/Events Ctr,Binghamton,13901,Broome,
Visions Federal Credit Union,137-141 Clinton Ave.,Cortland,10540,Cortland,"{""type"": ""Point"", ""coordinates"": [-76.16852, 42.60619]}"
Visions Federal Credit Union,7198 RT38 & 38B,Newark Valley,13811,Tioga,"{""type"": ""Point"", ""coordinates"": [-76.19223, 42.20851]}"
Visions Federal Credit Union,"Suite 5, 5001 Highway 23",Oneonta,13820,Otsego,"{""type"": ""Point"", ""coordinates"": [-75.0465, 42.44902]}"
Visions Federal Credit Union,49 Court Street,Binghamton,13334,Broome,"{""type"": ""Point"", ""coordinates"": [-75.91323, 42.09872]}"
Visions Federal Credit Union,3301 Country Club Road,Endwell,13760,Broome,"{""type"": ""Point"", ""coordinates"": [-76.02337, 42.11622]}"
Visions Federal Credit Union,303 North Main Street,Elmira,14901,Chemung,"{""type"": ""Point"", ""coordinates"": [-76.80889, 42.08992]}"
Visions Federal Credit Union,26 DAY HOLLOW RD,OWEGO,13827,Tioga,"{""type"": ""Point"", ""coordinates"": [-76.21927, 42.09447]}"
Visions Federal Credit Union,513 East 4th Street,Watkins Glens,14891,Schuyler,"{""type"": ""Point"", ""coordinates"": [-76.86437, 42.38255]}"
Visions Federal Credit Union,2521 VESTAL PARKWAY EAST,VESTAL,13850,Broome,"{""type"": ""Point"", ""coordinates"": [-76.00762, 42.09503]}"
Visions Federal Credit Union,95 Orchard Street,Spencer,14883,Tioga,"{""type"": ""Point"", ""coordinates"": [-76.50066, 42.20962]}"
Visions Federal Credit Union,495 Court Street,Binghamton,13904,Broome,"{""type"": ""Point"", ""coordinates"": [-75.87451, 42.1044]}"
Visions Federal Credit Union,1130 Main Street East,Rochester,14609,Monroe,"{""type"": ""Point"", ""coordinates"": [-77.58204, 43.16198]}"
Visions Federal Credit Union,500 West Erie Boulevard,Syracuse,13204,Onondaga,"{""type"": ""Point"", ""coordinates"": [-76.16113, 43.05009]}"
Visions Federal Credit Union,5411 State Highway Route 12,Norwich,13815,Chenango,"{""type"": ""Point"", ""coordinates"": [-75.53036, 42.50027]}"
Visions Federal Credit Union,628 EAST MAIN STREET,ENDICOTT,13760,Broome,"{""type"": ""Point"", ""coordinates"": [-76.05262, 42.09663]}"
Visions Federal Credit Union,100 PAVILION ROAD,JOHNSON CITY,13790,Broome,"{""type"": ""Point"", ""coordinates"": [-75.94993, 42.11652]}"
Visions Federal Credit Union,1643 COUNTY ROAD 64,HORSEHEADS,14845,Chemung,"{""type"": ""Point"", ""coordinates"": [-76.85398, 42.15921]}"
Visions Federal Credit Union,5788 E. Circle Drive,Cicero,13039,Onondaga,"{""type"": ""Point"", ""coordinates"": [-76.12183, 43.14834]}"
Visions Federal Credit Union,5 South College Drive,Binghamton,13905,Broome,"{""type"": ""Point"", ""coordinates"": [-75.90627, 42.13355]}"
Visions Federal Credit Union,206 Main Street,Windsor,13865,Broome,"{""type"": ""Point"", ""coordinates"": [-75.64098, 42.08336]}"
Visions Federal Credit Union,49 Court Street,Binghamton,13901,Broome,"{""type"": ""Point"", ""coordinates"": [-75.91323, 42.09872]}"
Visions Federal Credit Union,307 CONKLIN AVENUE,BINGHAMTON,13903,Broome,"{""type"": ""Point"", ""coordinates"": [-75.88826, 42.09664]}"
Visions Federal Credit Union,24 MCKINLEY AVENUE,ENDICOTT,13760,Broome,"{""type"": ""Point"", ""coordinates"": [-76.04464, 42.10401]}"
Visions Federal Credit Union,511 Hooper Road,Endwell,13760,Broome,"{""type"": ""Point"", ""coordinates"": [-76.01864, 42.11676]}"
Visions Federal Credit Union,8806 STATE ROUTE 434,APALACHIN,13732,Broome,"{""type"": ""Point"", ""coordinates"": [-76.12198, 42.06152]}"
Visions Federal Credit Union,312 College Avenue,Elmira,14901,Chemung,"{""type"": ""Point"", ""coordinates"": [-76.8105, 42.09]}"
Visions Federal Credit Union,4700 VESTAL PARKWAY EAST,VESTAL,13850,Broome,"{""type"": ""Point"", ""coordinates"": [-75.95087, 42.09167]}"
Visions Federal Credit Union,408 ELMIRA ROAD,ITHACA,14850,Tompkins,"{""type"": ""Point"", ""coordinates"": [-76.52041, 42.4196]}"
W.C.T.A Federal Credit Union,205 North Main Street,Newark,14513,Wayne,"{""type"": ""Point"", ""coordinates"": [-77.09478, 43.04894]}"
WSB Municipal Bank,Boldt Castle,Alexandria Bay,13607,Jefferson,
WSB Municipal Bank,3018 East Avenue,Central Square,13036,Oswego,"{""type"": ""Point"", ""coordinates"": [-76.12793, 43.29088]}"
Walden Savings Bank,95 North Main Street,Florida,10921,Orange,"{""type"": ""Point"", ""coordinates"": [-74.35774, 41.3348]}"
Walden Savings Bank,321 Hudson Street,Cornwall,12520,Orange,"{""type"": ""Point"", ""coordinates"": [-74.02612, 41.44242]}"
Walden Savings Bank,2108 Route 302,Circleville,10919,Orange,"{""type"": ""Point"", ""coordinates"": [-74.38813, 41.51389]}"
Walden Savings Bank,50 Boniface Drive,Pine Bush,12566,Orange,"{""type"": ""Point"", ""coordinates"": [-74.29757, 41.60332]}"
Walden Savings Bank,15 Scotts Corners Drive,Montgomery,12549,Orange,"{""type"": ""Point"", ""coordinates"": [-74.19918, 41.52581]}"
Walden Savings Bank,707 East Main Street,Middletown,10940,Orange,"{""type"": ""Point"", ""coordinates"": [-74.36833, 41.44115]}"
Walden Savings Bank,5239 Route 9W North,Newburgh,12550,Orange,"{""type"": ""Point"", ""coordinates"": [-74.00937, 41.54649]}"
Walden Savings Bank,213 Quassaick Avenue,New Windsor,12553,Orange,"{""type"": ""Point"", ""coordinates"": [-74.0237, 41.47569]}"
Walden Savings Bank,2356 State Road 44/55,Gardiner,12525,Ulster,"{""type"": ""Point"", ""coordinates"": [-74.15, 41.67931]}"
Walden Savings Bank,21 Union Street,Montgomery,12549,Orange,"{""type"": ""Point"", ""coordinates"": [-74.23736, 41.52646]}"
Walden Savings Bank,2 Bank Street,Walden,12586,Orange,"{""type"": ""Point"", ""coordinates"": [-74.18865, 41.56127]}"
Wallkill Valley FS & LA,68 NORTH PLANK RD,NEWBURGH,12550,Orange,"{""type"": ""Point"", ""coordinates"": [-74.03133, 41.52425]}"
Wallkill Valley FS & LA,16 SANATORIUM AVENUE,OTISVILLE,10963,Orange,"{""type"": ""Point"", ""coordinates"": [-74.53332, 41.47677]}"
Wallkill Valley FS & LA,12 Main Street,Walden,12586,Orange,"{""type"": ""Point"", ""coordinates"": [-74.18781, 41.56121]}"
Wallkill Valley FS & LA,205 Homestead Avenue,Maybrook,12543,Orange,"{""type"": ""Point"", ""coordinates"": [-74.21952, 41.48288]}"
Wallkill Valley FS & LA,23 Wallkill Avenue,Wallkill,12589,Ulster,"{""type"": ""Point"", ""coordinates"": [-74.18369, 41.60521]}"
Wallkill Valley FS & LA,1880 Route 9W,Milton,12547,Ulster,"{""type"": ""Point"", ""coordinates"": [-73.96187, 41.66162]}"
Wallkill Valley FS & LA,225 Main Street,Highland Falls,10928,Orange,"{""type"": ""Point"", ""coordinates"": [-73.96587, 41.3682]}"
Wallkill Valley FS & LA,412 Route 17M,Monroe,10950,Orange,"{""type"": ""Point"", ""coordinates"": [-74.16994, 41.31744]}"
Wallkill Valley FS & LA,201 Ward Street,Montgomery,12549,Orange,"{""type"": ""Point"", ""coordinates"": [-74.23017, 41.52549]}"
Watertown Savings Bank,30 East Church Street,Adams,13605,Jefferson,"{""type"": ""Point"", ""coordinates"": [-76.0211, 43.80929]}"
Watertown Savings Bank,1816 State Street,Watertown,13601,Jefferson,"{""type"": ""Point"", ""coordinates"": [-75.87719, 43.96615]}"
Watertown Savings Bank,36263 NYS Route 180,LaFargeville,13656,Jefferson,"{""type"": ""Point"", ""coordinates"": [-75.96676, 44.19332]}"
Watertown Savings Bank,12221 NYS Route 12E,Chaumont,13622,Jefferson,"{""type"": ""Point"", ""coordinates"": [-76.12683, 44.06483]}"
Watertown Savings Bank,10729  US Route 12E,Adams,13605,Jefferson,"{""type"": ""Point"", ""coordinates"": [-76.02225, 43.82337]}"
Watertown Savings Bank,352 James Street,Clayton,13624,Jefferson,"{""type"": ""Point"", ""coordinates"": [-76.08768, 44.23996]}"
Watertown Savings Bank,4 Market Street,Alexandria Bay,13607,Jefferson,"{""type"": ""Point"", ""coordinates"": [-75.91764, 44.33662]}"
Watertown Savings Bank,101 Commerce Park Drive,Watertown,13601,Jefferson,"{""type"": ""Point"", ""coordinates"": [-75.94081, 43.97734]}"
Watertown Savings Bank,304 West Main Street,Sackets Harbor,13685,Jefferson,"{""type"": ""Point"", ""coordinates"": [-76.12254, 43.94839]}"
Watertown Savings Bank,111 Clinton Street,Watertown,13601,Jefferson,"{""type"": ""Point"", ""coordinates"": [-75.91318, 43.97247]}"
Watertown Savings Bank,140 Clinton Street,Watertown,13601,Jefferson,"{""type"": ""Point"", ""coordinates"": [-75.91418, 43.97251]}"
Watervliet Arsenal Federal Credit Union,Building 40,Watervliet,12189,Albany,
Wayne Bank,131-133 Delaware Street,Walton,13856,Delaware,"{""type"": ""Point"", ""coordinates"": [-75.12999, 42.16813]}"
Wayne Bank,536 MAIN STREET,FRANKLIN,13775,Delaware,"{""type"": ""Point"", ""coordinates"": [-75.16442, 42.34147]}"
Wayne Bank,101 Sullivan Street,Wurtsboro,12790,Sullivan,"{""type"": ""Point"", ""coordinates"": [-74.48334, 41.57515]}"
Wayne Bank,43 Stewart Avenue,Roscoe,12776,Sullivan,"{""type"": ""Point"", ""coordinates"": [-74.91363, 41.93199]}"
Wayne Bank,4353 Highway 42,Monticello,12701,Sullivan,"{""type"": ""Point"", ""coordinates"": [-74.67521, 41.66648]}"
Wayne Bank,1972 Route 52 East,Liberty,12754,Sullivan,"{""type"": ""Point"", ""coordinates"": [-74.72147, 41.78469]}"
Wayne Bank,3 River Road,Callicoon,12723,Sullivan,"{""type"": ""Point"", ""coordinates"": [-75.05898, 41.76684]}"
Wayne Bank,389 Hamilton Street,Geneva,14456,Ontario,"{""type"": ""Point"", ""coordinates"": [-76.99911, 42.85731]}"
Wayne Bank,223-225 Main Street,Penn Yan,14527,Yates,"{""type"": ""Point"", ""coordinates"": [-77.05621, 42.66507]}"
Wayne Bank,53898 State Highway 30,Roxbury,12474,Delaware,"{""type"": ""Point"", ""coordinates"": [-74.56182, 42.28899]}"
Wayne Bank,1 Churchill Avenue,Stamford,12167,Delaware,"{""type"": ""Point"", ""coordinates"": [-74.61796, 42.40791]}"
Wayne Bank,314 Main Street,Andes,13731,Delaware,"{""type"": ""Point"", ""coordinates"": [-74.78041, 42.191]}"
Wayne Bank,73 Chestnut Street,Cooperstown,13326,Otsego,"{""type"": ""Point"", ""coordinates"": [-74.93072, 42.69756]}"
Wayne Bank,34-36 Main Street,Oneonta,13820,Otsego,"{""type"": ""Point"", ""coordinates"": [-75.06344, 42.44814]}"
Webster Bank,60-20 Woodside Ave,Woodside,11377,Queens,"{""type"": ""Point"", ""coordinates"": [-73.90386, 40.74451]}"
Webster Bank,35 EAST GRASSY SPRAIN RD,YONKERS,10710,Westchester,"{""type"": ""Point"", ""coordinates"": [-73.85164, 40.95383]}"
Webster Bank,180 WEST MAIN STREET,BABYLON,11702,Suffolk,"{""type"": ""Point"", ""coordinates"": [-73.3269, 40.695]}"
Webster Bank,300 EAST MAIN STREET,BAY SHORE,11706,Nassau,"{""type"": ""Point"", ""coordinates"": [-73.23965, 40.7251]}"
Webster Bank,975 Allerton Avenue,Bronx,10469,Bronx,"{""type"": ""Point"", ""coordinates"": [-73.85934, 40.86564]}"
Webster Bank,1401 Avenue M,Brooklyn,11230,Kings,"{""type"": ""Point"", ""coordinates"": [-73.96073, 40.61793]}"
Webster Bank,110 Seventh Avenue,Brooklyn,11215,Kings,"{""type"": ""Point"", ""coordinates"": [-73.97581, 40.67392]}"
Webster Bank,1550 Flatbush Avenue,Brooklyn,11210,Kings,"{""type"": ""Point"", ""coordinates"": [-73.94803, 40.63315]}"
Webster Bank,4302 18th Avenue,Brooklyn,11218,Kings,"{""type"": ""Point"", ""coordinates"": [-73.97619, 40.63118]}"
Webster Bank,46-08 Francis Lewis Blvd,Flushing,11361,Queens,"{""type"": ""Point"", ""coordinates"": [-73.7816, 40.75422]}"
Webster Bank,63-72 108th Street,Forest Hills,11375,Queens,"{""type"": ""Point"", ""coordinates"": [-73.84967, 40.73309]}"
Webster Bank,955 HEMPSTEAD TPKE,FRANKLIN SQUARE,11010,Nassau,"{""type"": ""Point"", ""coordinates"": [-73.67558, 40.70744]}"
Webster Bank,760 McLean Avenue,Yonkers,10704,Westchester,"{""type"": ""Point"", ""coordinates"": [-73.87324, 40.9082]}"
Webster Bank,2143 CENTRAL PARK AVENUE,YONKERS,10710,Westchester,"{""type"": ""Point"", ""coordinates"": [-73.83581, 40.97168]}"
Webster Bank,72 Purchase Street,Rye,10580,Westchester,"{""type"": ""Point"", ""coordinates"": [-73.68482, 40.98425]}"
Webster Bank,1265 Boston Road,Larchmont,10538,Westchester,"{""type"": ""Point"", ""coordinates"": [-73.7454, 40.93826]}"
Webster Bank,146 Mamaroneck Avenue,White Plains,10601,Westchester,"{""type"": ""Point"", ""coordinates"": [-73.76526, 41.02924]}"
Webster Bank,2 River Street,New Rochelle,10801,Westchester,"{""type"": ""Point"", ""coordinates"": [-73.77655, 40.91339]}"
Webster Bank,196 RT. 59,AIRMONT,10901,Rockland,"{""type"": ""Point"", ""coordinates"": [-74.11686, 41.11266]}"
Webster Bank,459 5th Avenue,Brooklyn,11215,Kings,"{""type"": ""Point"", ""coordinates"": [-73.9867, 40.66868]}"
Webster Bank,489 Neptune Avenue,Brooklyn,11224,Kings,"{""type"": ""Point"", ""coordinates"": [-73.97194, 40.57986]}"
Webster Bank,34-40 MAIN STREET,HAVERSTRAW,10927,Rockland,"{""type"": ""Point"", ""coordinates"": [-73.96292, 41.19652]}"
Webster Bank,320 Walt Whitman Road,Huntington Station,11746,Suffolk,"{""type"": ""Point"", ""coordinates"": [-73.41089, 40.81873]}"
Webster Bank,1 Industrial Drive,Middletown,10941,Orange,"{""type"": ""Point"", ""coordinates"": [-74.37291, 41.46861]}"
Webster Bank,591 ROUTE 17M,MONROE,10950,Orange,"{""type"": ""Point"", ""coordinates"": [-74.18502, 41.32147]}"
Webster Bank,44 West Rt 59,Nanuet,10954,Rockland,"{""type"": ""Point"", ""coordinates"": [-74.01352, 41.0975]}"
Webster Bank,179 South Main Street,New City,10954,Rockland,"{""type"": ""Point"", ""coordinates"": [-73.99115, 41.14133]}"
Webster Bank,420 LEXINGTON AVE,NEW YORK,10018,New York,"{""type"": ""Point"", ""coordinates"": [-73.97514, 40.75269]}"
Webster Bank,339 Merrick Road,Rockville Centre,11570,Nassau,"{""type"": ""Point"", ""coordinates"": [-73.64282, 40.65589]}"
Webster Bank,325 Route 25A,Rocky Point,11778,Suffolk,"{""type"": ""Point"", ""coordinates"": [-72.9445, 40.94494]}"
Webster Bank,120 SOUTH FRANKLIN AVENUE,VALLEY STREAM,11580,Nassau,"{""type"": ""Point"", ""coordinates"": [-73.703, 40.66209]}"
Webster Bank,6348 Route 25A,Wading River,11792,Suffolk,"{""type"": ""Point"", ""coordinates"": [-72.84737, 40.94434]}"
Webster Bank,1149 Wantagh Ave,Wantagh,11793,Nassau,"{""type"": ""Point"", ""coordinates"": [-73.50701, 40.695]}"
Webster Bank,18 Oakland Ave,Warwick,10990,Orange,"{""type"": ""Point"", ""coordinates"": [-74.36033, 41.25423]}"
Webster Bank,526 Union Blvd,West Islip,11795,Suffolk,"{""type"": ""Point"", ""coordinates"": [-73.29642, 40.70914]}"
Webster Bank,61 South Broadway,Yonkers,10701,Westchester,"{""type"": ""Point"", ""coordinates"": [-73.89894, 40.93171]}"
Webster Bank,3553 Long Beach Raod,Oceanside,11572,Nassau,"{""type"": ""Point"", ""coordinates"": [-73.63829, 40.62318]}"
Webster Bank,155 JERICHO TURNPIKE,FLORAL PARK,11001,Nassau,"{""type"": ""Point"", ""coordinates"": [-73.70531, 40.7284]}"
Webster Bank,7 EDWARD J LEMPKA DRIVE,FLORIDA,10921,Orange,"{""type"": ""Point"", ""coordinates"": [-74.35792, 41.34073]}"
Webster Bank,1150 FRANKLIN AVENUE,GARDEN CITY,11530,Nassau,"{""type"": ""Point"", ""coordinates"": [-73.63679, 40.73258]}"
Webster Bank,44 Cedar Swamp Road,Glen Cove,11542,Nassau,"{""type"": ""Point"", ""coordinates"": [-73.61995, 40.85556]}"
Webster Bank,4 GREAT NECK ROAD,GREAT NECK,11021,Nassau,"{""type"": ""Point"", ""coordinates"": [-73.72618, 40.78614]}"
Webster Bank,72-35 BROADWAY,JACKSON HEIGHTS,11372,Queens,"{""type"": ""Point"", ""coordinates"": [-73.89305, 40.74738]}"
Webster Bank,31-24  Ditmars Boulevard,Long Island City,11105,Queens,"{""type"": ""Point"", ""coordinates"": [-73.90995, 40.7756]}"
Webster Bank,619 Sunrise Highway,Lynbrook,11563,Nassau,"{""type"": ""Point"", ""coordinates"": [-73.67587, 40.65519]}"
Webster Bank,995 HIcksville Road,Massapequa,11758,Nassau,"{""type"": ""Point"", ""coordinates"": [-73.47822, 40.69121]}"
Webster Bank,1001 Park Boulevard,Massapequa Park,11762,Nassau,"{""type"": ""Point"", ""coordinates"": [-73.45573, 40.67839]}"
Webster Bank,2090 Merrick Road,Merrick,11566,Nassau,"{""type"": ""Point"", ""coordinates"": [-73.54653, 40.65769]}"
Webster Bank,75-25 Metropolitan Avenue,Middle Village,11379,Queens,"{""type"": ""Point"", ""coordinates"": [-73.87676, 40.71326]}"
Webster Bank,375 ROUTE 303,ORANGEBURG,10962,Rockland,"{""type"": ""Point"", ""coordinates"": [-73.94482, 41.04792]}"
Webster Bank,33 MAIN STREET KINGS,KINGS PARK,11754,Suffolk,"{""type"": ""Point"", ""coordinates"": [-73.25533, 40.88487]}"
Webster Bank,532 OLD TOWN RD,PORT JEFFERSON STATION,11776,Suffolk,"{""type"": ""Point"", ""coordinates"": [-73.05885, 40.90561]}"
Webster Bank,729 Saw Mill River Road,Ardsley,10502,Westchester,"{""type"": ""Point"", ""coordinates"": [-73.84598, 41.01312]}"
Webster Bank,5220 13th Avenue,Brooklyn,11219,Kings,"{""type"": ""Point"", ""coordinates"": [-73.99431, 40.63293]}"
Webster Bank,1 LAKE ROAD,CONGERS,10920,Rockland,"{""type"": ""Point"", ""coordinates"": [-73.94507, 41.15067]}"
Webster Bank,101 Church Avenue,Brooklyn,11218,Kings,"{""type"": ""Point"", ""coordinates"": [-73.97918, 40.6429]}"
Webster Bank,180 EAST MAIN STREET,EAST ISLIP,11730,Suffolk,"{""type"": ""Point"", ""coordinates"": [-73.18232, 40.7324]}"
Webster Bank,70 Canal Street,Ellenville,12428,Ulster,"{""type"": ""Point"", ""coordinates"": [-74.39531, 41.71788]}"
Webster Bank,696 HORSEBLOCK ROAD,FARMINGVILLE,11738,Suffolk,"{""type"": ""Point"", ""coordinates"": [-73.03474, 40.83204]}"
Webster Bank,845 Wheeler Road,Hauppauge,11788,Suffolk,"{""type"": ""Point"", ""coordinates"": [-73.20551, 40.82373]}"
Webster Bank,179-25 Hillside Avenue,Jamaica,11432,Queens,"{""type"": ""Point"", ""coordinates"": [-73.78384, 40.71298]}"
Webster Bank,3105 Hempstead Tpke,Levittown,11756,Nassau,"{""type"": ""Point"", ""coordinates"": [-73.52111, 40.72529]}"
Webster Bank,37-16 30th Avenue,Long Island CIty,11103,Queens,"{""type"": ""Point"", ""coordinates"": [-73.9161, 40.76441]}"
Webster Bank,363 Hempstead Ave,Malverne,11565,Nassau,"{""type"": ""Point"", ""coordinates"": [-73.66779, 40.67744]}"
Webster Bank,361 Sunrise Highway,Patchogue,11772,Suffolk,"{""type"": ""Point"", ""coordinates"": [-73.03188, 40.77821]}"
Webster Bank,70 MANETTO HILL ROAD,PLAINVIEW,11803,Nassau,"{""type"": ""Point"", ""coordinates"": [-73.4688, 40.77936]}"
Webster Bank,97-33 Queens Blvd,Rego Park,11374,Queens,"{""type"": ""Point"", ""coordinates"": [-73.85979, 40.72941]}"
Webster Bank,1880 MIDDLE COUNTRY ROAD,RIDGE,11961,Suffolk,"{""type"": ""Point"", ""coordinates"": [-72.90416, 40.89066]}"
Webster Bank,3887 Merrick Road,Seaford,11783,Nassau,"{""type"": ""Point"", ""coordinates"": [-73.48725, 40.66647]}"
Webster Bank,Town Centre at Somers,Somers,10589,Westchester,
Webster Bank,5193 MAIN STREET,SOUTH FALLSBURG,12779,Sullivan,"{""type"": ""Point"", ""coordinates"": [-74.63142, 41.70765]}"
Webster Bank,1047 North Country Road (RT 25A),Stony Brook,11790,Suffolk,"{""type"": ""Point"", ""coordinates"": [-73.12861, 40.92166]}"
Webster Bank,153 SO. LIBERTY DRIVE,STONY POINT,10980,Rockland,"{""type"": ""Point"", ""coordinates"": [-73.98675, 41.21794]}"
Webster Bank,20 COLD SPRING ROAD,SYOSSET,11791,Nassau,"{""type"": ""Point"", ""coordinates"": [-73.5017, 40.8256]}"
Webster Bank,153-17 Cross Island Pkwy,Whitestone,11357,Queens,"{""type"": ""Point"", ""coordinates"": [-73.80898, 40.78745]}"
Webster Bank,162 Hillside Avenue,Williston Park,11596,Nassau,"{""type"": ""Point"", ""coordinates"": [-73.64538, 40.75622]}"
Wells Fargo ATM,490 Main Street,Armonk,10504,Westchester,"{""type"": ""Point"", ""coordinates"": [-73.71314, 41.12897]}"
Wells Fargo ATM,1050 Pleasantville Road,Briarcliff Manor,10510,Westchester,"{""type"": ""Point"", ""coordinates"": [-73.82958, 41.1491]}"
Wells Fargo ATM,262 Katonah Avenue,Katonah,10536,Westchester,"{""type"": ""Point"", ""coordinates"": [-73.68344, 41.25498]}"
Wells Fargo ATM,1342 East Main Street,Shrub Oak,10588,Westchester,"{""type"": ""Point"", ""coordinates"": [-73.83685, 41.32716]}"
Wells Fargo ATM,133 North Main Street,Portchester,10573,Westchester,"{""type"": ""Point"", ""coordinates"": [-73.66119, 41.00273]}"
Wells Fargo ATM,44 Washington Avenue,Pleasantville,10570,Westchester,"{""type"": ""Point"", ""coordinates"": [-73.79208, 41.13584]}"
Wells Fargo ATM,243 South Ridge Road,Rye Brook,10573,Westchester,"{""type"": ""Point"", ""coordinates"": [-73.68062, 41.00043]}"
Wells Fargo ATM,674 North Broadway,North White Plains,10607,Westchester,"{""type"": ""Point"", ""coordinates"": [-73.76678, 41.05517]}"
Wells Fargo ATM,154 Spring Valley Market,Spring Valley,10977,Rockland,"{""type"": ""Point"", ""coordinates"": [-74.03065, 41.1046]}"
Wells Fargo ATM,29 Main Street,New Paltz,12561,Ulster,"{""type"": ""Point"", ""coordinates"": [-74.08796, 41.74718]}"
Wells Fargo ATM,3 Pleasantville Road,Ossining,10562,Westchester,"{""type"": ""Point"", ""coordinates"": [-73.84898, 41.1665]}"
Wells Fargo ATM,920 South Street,Peekskill,10566,Westchester,"{""type"": ""Point"", ""coordinates"": [-73.92119, 41.29029]}"
Wells Fargo ATM,962 Broadway,Thornwood,10594,Westchester,"{""type"": ""Point"", ""coordinates"": [-73.77884, 41.12579]}"
Wells Fargo ATM,2065 Boston Post Road,Larchmont,10538,Westchester,"{""type"": ""Point"", ""coordinates"": [-73.75034, 40.92986]}"
Wells Fargo ATM,1307 North Avenue,New Rochelle,10804,Westchester,"{""type"": ""Point"", ""coordinates"": [-73.79552, 40.94642]}"
Wells Fargo ATM,401 North Central Avenue,Hartsdale,10530,Westchester,"{""type"": ""Point"", ""coordinates"": [-73.79029, 41.02869]}"
Wells Fargo ATM,3709 Riverdale Avenue,Riverdale,10463,Bronx,"{""type"": ""Point"", ""coordinates"": [-73.90712, 40.88701]}"
Wells Fargo ATM,666 Third Avenue,New York,10017,New York,"{""type"": ""Point"", ""coordinates"": [-73.97418, 40.75112]}"
Wells Fargo ATM,866 Third Avenue,New York,10022,New York,"{""type"": ""Point"", ""coordinates"": [-73.96964, 40.75735]}"
Wells Fargo ATM,968 3RD AVENUE,NEW YORK,10022,New York,"{""type"": ""Point"", ""coordinates"": [-73.96711, 40.76082]}"
Wells Fargo ATM,1156 Avenue of the Americas,New York,10036,New York,"{""type"": ""Point"", ""coordinates"": [-73.98281, 40.75661]}"
Wells Fargo ATM,75 Broad Street,New York,10004,New York,"{""type"": ""Point"", ""coordinates"": [-74.01155, 40.70464]}"
Wells Fargo ATM,112 Ninth Avenue,New York,10011,New York,"{""type"": ""Point"", ""coordinates"": [-74.00379, 40.74311]}"
Wells Fargo ATM,1755 Broadway,New York,10019,New York,"{""type"": ""Point"", ""coordinates"": [-73.98187, 40.76585]}"
Wells Fargo ATM,9 Northern Boulevard,Greenvale,11548,Nassau,"{""type"": ""Point"", ""coordinates"": [-73.62874, 40.8094]}"
Wells Fargo ATM,437 Madison Avenue,New York,10022,New York,"{""type"": ""Point"", ""coordinates"": [-73.97583, 40.75754]}"
Wells Fargo ATM,545 MADISON AVENUE,NEW YORK,10022,New York,"{""type"": ""Point"", ""coordinates"": [-73.9734, 40.76086]}"
Wells Fargo ATM,24 Chase Road,Scarsdale,10583,Westchester,"{""type"": ""Point"", ""coordinates"": [-73.80664, 40.98931]}"
Wells Fargo ATM,100 Shore Road,Port Washington,11050,Nassau,"{""type"": ""Point"", ""coordinates"": [-73.70613, 40.84094]}"
Wells Fargo ATM,137 Jackson Avenue,Syosset,11791,Nassau,"{""type"": ""Point"", ""coordinates"": [-73.50193, 40.82232]}"
Wells Fargo ATM,535 Seventh Avenue,New York,10018,New York,"{""type"": ""Point"", ""coordinates"": [-73.98836, 40.75402]}"
Wells Fargo ATM,921 Saw Mill River Road,Ardsley,10502,Westchester,"{""type"": ""Point"", ""coordinates"": [-73.84299, 41.01991]}"
Wells Fargo ATM,781 Broadway,New York,10003,New York,"{""type"": ""Point"", ""coordinates"": [-73.99159, 40.73152]}"
Wells Fargo ATM,2039 BROADWAY,NEW YORK,10024,New York,"{""type"": ""Point"", ""coordinates"": [-73.9822, 40.77721]}"
Wells Fargo ATM,460 BROADWAY,NEW YORK,10013,New York,"{""type"": ""Point"", ""coordinates"": [-74.00073, 40.72072]}"
Wells Fargo ATM,103 Old Country Road,Carle Place,11514,Nassau,"{""type"": ""Point"", ""coordinates"": [-73.61908, 40.744]}"
Wells Fargo ATM,288 Main Street,Huntington,11743,Suffolk,"{""type"": ""Point"", ""coordinates"": [-73.42759, 40.87106]}"
Wells Fargo ATM,145 FULTON AVENUE,HEMPSTEAD,11550,Nassau,"{""type"": ""Point"", ""coordinates"": [-73.63116, 40.70736]}"
Wells Fargo ATM,143 Lenox Avenue,New York,10026,New York,"{""type"": ""Point"", ""coordinates"": [-73.94912, 40.80293]}"
Wells Fargo ATM,180 Madison Avenue,New York,10016,New York,"{""type"": ""Point"", ""coordinates"": [-73.98322, 40.7474]}"
Wells Fargo ATM,219 Mamaroneck Avenue,Mamaroneck,10543,Westchester,"{""type"": ""Point"", ""coordinates"": [-73.73372, 40.95019]}"
Wells Fargo ATM,195 North Bedford Road,Mount Kisco,10549,Westchester,"{""type"": ""Point"", ""coordinates"": [-73.72183, 41.21597]}"
Wells Fargo ATM,355 Plandome Road,Manhasset,11030,Nassau,"{""type"": ""Point"", ""coordinates"": [-73.69969, 40.79751]}"
Wells Fargo ATM,464 Central Avenue,Cedarhurst,11516,Nassau,"{""type"": ""Point"", ""coordinates"": [-73.72498, 40.62078]}"
Wells Fargo ATM,104 EAST 14TH STREET,NEW YORK,10003,New York,"{""type"": ""Point"", ""coordinates"": [-73.98909, 40.73408]}"
Wells Fargo ATM,3584 Long Beach Road,Oceanside,11572,Nassau,"{""type"": ""Point"", ""coordinates"": [-73.64134, 40.62318]}"
Wells Fargo ATM,291 Halstead Avenue,Harrison,10528,Westchester,"{""type"": ""Point"", ""coordinates"": [-73.71178, 40.96908]}"
Wells Fargo ATM,2499 Jericho Turnpike,Garden City Park,11040,Nassau,"{""type"": ""Point"", ""coordinates"": [-73.65766, 40.74385]}"
Wells Fargo ATM,1250 BROADWAY,HEWLETT,11557,Nassau,"{""type"": ""Point"", ""coordinates"": [-73.7019, 40.63804]}"
Wells Fargo ATM,601 Portion Road,Lake Ronkonkoma,11779,Suffolk,"{""type"": ""Point"", ""coordinates"": [-73.08935, 40.83181]}"
Wells Fargo ATM,2290 Central Park Avenue,Yonkers,10710,Westchester,"{""type"": ""Point"", ""coordinates"": [-73.8314, 40.97647]}"
Wells Fargo ATM,26 North Middletown Road,Pearl River,10965,Rockland,"{""type"": ""Point"", ""coordinates"": [-74.01211, 41.06069]}"
Wells Fargo ATM,500 W 30 STREET,NEW YORK,10001,New York,"{""type"": ""Point"", ""coordinates"": [-74.00147, 40.75228]}"
Wells Fargo ATM,2415 BROADWAY,NEW YORK,10024,New York,"{""type"": ""Point"", ""coordinates"": [-73.97517, 40.79015]}"
Wells Fargo ATM,777 Avenue of the Americas,New York,10010,New York,"{""type"": ""Point"", ""coordinates"": [-73.99127, 40.74501]}"
Wells Fargo ATM,375 White Plains Road,Eastchester,10709,Westchester,"{""type"": ""Point"", ""coordinates"": [-73.81405, 40.95422]}"
Wells Fargo ATM,5080 Xavier Drive,Yonkers,10704,Westchester,"{""type"": ""Point"", ""coordinates"": [-73.85213, 40.92933]}"
Wells Fargo ATM,120 Seventh Avenue,New York,10011,New York,"{""type"": ""Point"", ""coordinates"": [-73.99815, 40.74066]}"
Wells Fargo ATM,475 Sixth Avenue,New York,10011,New York,"{""type"": ""Point"", ""coordinates"": [-73.99795, 40.73583]}"
Wells Fargo ATM,202 MAMARONECK AVENUE,WHITE PLAINS,10602,Westchester,"{""type"": ""Point"", ""coordinates"": [-73.76469, 41.02794]}"
Wells Fargo ATM,247 E 86TH STREET,NEW YORK,10028,New York,"{""type"": ""Point"", ""coordinates"": [-73.95235, 40.77813]}"
Wells Fargo ATM,20 Great Neck Rd,Great Neck,11021,Nassau,"{""type"": ""Point"", ""coordinates"": [-73.72657, 40.78576]}"
Wells Fargo ATM,374 6th Avenue,New York,10011,New York,"{""type"": ""Point"", ""coordinates"": [-74.00019, 40.73276]}"
Wells Fargo ATM,12 S Broadway,Yonkers,10701,Westchester,"{""type"": ""Point"", ""coordinates"": [-73.89837, 40.9334]}"
Wells Fargo ATM,286 LENOX AVENUE,NEW YORK,10027,New York,"{""type"": ""Point"", ""coordinates"": [-73.94573, 40.80733]}"
Wells Fargo ATM,276 BOWERY,NEW YORK,10012,New York,"{""type"": ""Point"", ""coordinates"": [-73.99273, 40.72374]}"
Wells Fargo ATM,1980 Crompond Rd,Cortlandt,10567,Putnam,"{""type"": ""Point"", ""coordinates"": [-73.8936, 41.29145]}"
Wells Fargo ATM,1000 PALISADES CENTER DRIVE,WEST NYACK,10994,Rockland,"{""type"": ""Point"", ""coordinates"": [-73.95492, 41.09773]}"
Wells Fargo ATM,300 Jericho Quadrangle Drive,Jericho,11753,Nassau,"{""type"": ""Point"", ""coordinates"": [-73.55131, 40.78792]}"
Wells Fargo ATM,10 Hudson Yards,New York,10001,New York,"{""type"": ""Point"", ""coordinates"": [-74.00072, 40.75238]}"
Wells Fargo ATM,35 Hudson Yards,New York,10001,New York,"{""type"": ""Point"", ""coordinates"": [-74.00271, 40.75481]}"
Wells Fargo ATM,20 Hudson Yards,New York,10001,New York,"{""type"": ""Point"", ""coordinates"": [-74.00026, 40.75309]}"
Wells Fargo ATM,501 6TH AVENUE,NEW YORK,10011,New York,"{""type"": ""Point"", ""coordinates"": [-73.99741, 40.73657]}"
Wells Fargo ATM,534 HUDSON STREET,NEW YORK,10014,New York,"{""type"": ""Point"", ""coordinates"": [-74.0062, 40.73432]}"
Wells Fargo ATM,282 8th Avenue,New York,10001,New York,"{""type"": ""Point"", ""coordinates"": [-73.99788, 40.74612]}"
Wells Fargo ATM,188 9th Avenue,New York,10001,New York,"{""type"": ""Point"", ""coordinates"": [-74.00195, 40.74564]}"
Wells Fargo ATM,2170 Fredrick Douglass Blvd,New York,10026,New York,"{""type"": ""Point"", ""coordinates"": [-73.95481, 40.80519]}"
Wells Fargo ATM,35 West 125th Street,New York,10018,New York,"{""type"": ""Point"", ""coordinates"": [-73.94373, 40.80705]}"
Wells Fargo ATM,625 8th Avenue,New York,10018,New York,"{""type"": ""Point"", ""coordinates"": [-73.99036, 40.75646]}"
Wells Fargo ATM,1535 2ND AVENUE,NEW YORK,10075,New York,"{""type"": ""Point"", ""coordinates"": [-73.95469, 40.77383]}"
Wells Fargo ATM,301 West 50th Street,New York,10019,New York,"{""type"": ""Point"", ""coordinates"": [-73.9863, 40.76237]}"
Wells Fargo ATM,30 Hudson Yards,New York,10001,New York,"{""type"": ""Point"", ""coordinates"": [-74.00382, 40.75332]}"
Wells Fargo ATM,1300 3rd Avenue,New York,10021,New York,"{""type"": ""Point"", ""coordinates"": [-73.95925, 40.77159]}"
Wells Fargo ATM,492 W 42nd Street,New York,10036,New York,"{""type"": ""Point"", ""coordinates"": [-73.99515, 40.75949]}"
Wells Fargo ATM,901 6TH AVENUE,NEW YORK,10001,New York,"{""type"": ""Point"", ""coordinates"": [-73.98849, 40.74883]}"
Wells Fargo ATM,234 West 33rd Street,New YOrk,10119,New York,"{""type"": ""Point"", ""coordinates"": [-73.99192, 40.75066]}"
Wells Fargo ATM,459 12th Avenue,New York,10018,New York,"{""type"": ""Point"", ""coordinates"": [-74.00237, 40.76032]}"
Wells Fargo ATM,138 CLINTON STREET,NEW YORK,10002,New York,"{""type"": ""Point"", ""coordinates"": [-73.98615, 40.717]}"
Wells Fargo ATM,2540 JACKSON AVENUE,LONG ISLAND CITY,11101,Queens,"{""type"": ""Point"", ""coordinates"": [-73.94265, 40.74697]}"
Wells Fargo ATM,1863 South Road -- Route 9,Wappingers Falls,12590,Dutchess,"{""type"": ""Point"", ""coordinates"": [-73.91572, 41.6158]}"
Wells Fargo ATM,1937 Commerce Street,Yorktown Heights,10598,Westchester,"{""type"": ""Point"", ""coordinates"": [-73.78135, 41.27473]}"
Wells Fargo ATM,154 Route 59,Monsey,10952,Rockland,"{""type"": ""Point"", ""coordinates"": [-74.07877, 41.10947]}"
Wells Fargo ATM,7 Mount Ivy Road,Pomona,10970,Rockland,"{""type"": ""Point"", ""coordinates"": [-74.04134, 41.19108]}"
Wells Fargo ATM,155 Main Street,Nyack,10960,Rockland,"{""type"": ""Point"", ""coordinates"": [-73.92226, 41.09166]}"
Wells Fargo ATM,259 Route 52,Carmel,10512,Putnam,"{""type"": ""Point"", ""coordinates"": [-73.6807, 41.44119]}"
Wells Fargo ATM,41 Chestnut Street,Cold Spring,10516,Putnam,"{""type"": ""Point"", ""coordinates"": [-73.9527, 41.41818]}"
Wells Fargo ATM,1098 Main Street,Fishkill,12524,Dutchess,"{""type"": ""Point"", ""coordinates"": [-73.90246, 41.53561]}"
Wells Fargo ATM,394 Route 376,Hopewell Junction,12533,Dutchess,"{""type"": ""Point"", ""coordinates"": [-73.80755, 41.57813]}"
Wells Fargo ATM,235 Fair Street,Kingston,12401,Ulster,"{""type"": ""Point"", ""coordinates"": [-74.01765, 41.93225]}"
Wells Fargo ATM,43 North Plank Road,Newburgh,12550,Orange,"{""type"": ""Point"", ""coordinates"": [-74.02907, 41.52263]}"
Wells Fargo ATM,500 Odell Avenue,Yonkers,10703,Westchester,"{""type"": ""Point"", ""coordinates"": [-73.87303, 40.96669]}"
Wells Fargo ATM,1076 Yonkers Avenue,Yonkers,10704,Westchester,"{""type"": ""Point"", ""coordinates"": [-73.85707, 40.91352]}"
Wells Fargo ATM,350 SOUTH BROADWAY,TARRYTOWN,10591,Westchester,"{""type"": ""Point"", ""coordinates"": [-73.86167, 41.06454]}"
Wells Fargo ATM,5 Baltic Place,Croton-On-Hudson,10520,Westchester,"{""type"": ""Point"", ""coordinates"": [-73.90882, 41.22724]}"
Wells Fargo ATM,50 Maple Street,Croton-On-Hudson,10520,Westchester,"{""type"": ""Point"", ""coordinates"": [-73.88468, 41.20267]}"
Westar Federal Credit Union,"5413 West Genesee St., P.O. Box 60",Camillus,13031,Onondaga,"{""type"": ""Point"", ""coordinates"": [-76.27628, 43.04073]}"
Western Division Federal Credit Union,535 Washington Street,Buffalo,14202,Erie,"{""type"": ""Point"", ""coordinates"": [-78.87165, 42.88878]}"
Western Division Federal Credit Union,93 Dewey Avenue,Buffalo,14214,Erie,"{""type"": ""Point"", ""coordinates"": [-78.84346, 42.93125]}"
Western New York Federal Credit Union,1937 UNION ROAD,WEST SENECA,14224,Erie,"{""type"": ""Point"", ""coordinates"": [-78.75405, 42.85299]}"
Westside Community Federal Credit Union,125 EAST BUFFALO STREET,CHURCHVILLE,14428,Monroe,"{""type"": ""Point"", ""coordinates"": [-77.8699, 43.10812]}"
Woori America Bank,136-88 39th Avenue,Flushing,11354,Queens,"{""type"": ""Point"", ""coordinates"": [-73.82731, 40.76099]}"
Woori America Bank,43-22 50th Street,Woodside,11377,Queens,"{""type"": ""Point"", ""coordinates"": [-73.91478, 40.74376]}"
Woori America Bank,215-10 Northern Blvd,Bayside,11361,Queens,"{""type"": ""Point"", ""coordinates"": [-73.76704, 40.76059]}"
Woori America Bank,330 Fifth Avenue,New York,10001,New York,"{""type"": ""Point"", ""coordinates"": [-73.98519, 40.74758]}"
Woori America Bank,164-25 NORTHERN BLVD.,FLUSHING,11358,Queens,"{""type"": ""Point"", ""coordinates"": [-73.80151, 40.76043]}"
Xceed Financial Credit Union,300 Main Street #14B,East Rochester,14445,Monroe,"{""type"": ""Point"", ""coordinates"": [-77.48355, 43.11281]}"
Xceed Financial Credit Union,"800 Philips Road, Building 207",Webster,14580,Monroe,"{""type"": ""Point"", ""coordinates"": [-77.41916, 43.2216]}"
Xceed Financial Credit Union,1335 Jefferson Road,Rochester,14623,Monroe,"{""type"": ""Point"", ""coordinates"": [-77.59708, 43.08511]}"
Xceed Financial Credit Union,100 Clinton Avenue South,Rochester,14644,Monroe,"{""type"": ""Point"", ""coordinates"": [-77.60546, 43.15489]}"
