city,site_id,latitude,longitude,snapshot_date,planned_followup_start,planned_followup_end,activity_during_followup,outcome_count,outcome_any,status
New York City,dfs_ca129311b915d656,40.76234,-73.83159,2026-09-15,2026-10-01,2027-09-30,requires_monthly_verification,,,future_outcomes_not_observed
New York City,dfs_974808c9a341bec7,40.64176,-74.00303,2026-09-15,2026-10-01,2027-09-30,requires_monthly_verification,,,future_outcomes_not_observed
New York City,dfs_655a8bdeb5e73bea,40.71425,-73.99749,2026-09-15,2026-10-01,2027-09-30,requires_monthly_verification,,,future_outcomes_not_observed
Rochester,dfs_224afd536ac32598,43.11847,-77.62102,2026-09-15,2026-10-01,2027-09-30,requires_monthly_verification,,,future_outcomes_not_observed
Rochester,dfs_32bd5fdec29348ec,43.15349,-77.61793,2026-09-15,2026-10-01,2027-09-30,requires_monthly_verification,,,future_outcomes_not_observed
New York City,dfs_47a5131f02935210,40.63774,-73.98929,2026-09-15,2026-10-01,2027-09-30,requires_monthly_verification,,,future_outcomes_not_observed
New York City,dfs_981324897083d521,40.75853,-73.91802,2026-09-15,2026-10-01,2027-09-30,requires_monthly_verification,,,future_outcomes_not_observed
New York City,dfs_14fd18de27c78fd0,40.62228,-74.02563,2026-09-15,2026-10-01,2027-09-30,requires_monthly_verification,,,future_outcomes_not_observed
New York City,dfs_274560dcef1de683,40.77693,-73.9118,2026-09-15,2026-10-01,2027-09-30,requires_monthly_verification,,,future_outcomes_not_observed
New York City,dfs_a01410f8346f8232,40.60789,-73.96041,2026-09-15,2026-10-01,2027-09-30,requires_monthly_verification,,,future_outcomes_not_observed
New York City,dfs_a9d51716b9867872,40.75795,-73.78546,2026-09-15,2026-10-01,2027-09-30,requires_monthly_verification,,,future_outcomes_not_observed
New York City,dfs_35cd9a50f2a0228d,40.84549,-73.83127,2026-09-15,2026-10-01,2027-09-30,requires_monthly_verification,,,future_outcomes_not_observed
New York City,dfs_75e5bd6954fb5d14,40.76745,-73.92094,2026-09-15,2026-10-01,2027-09-30,requires_monthly_verification,,,future_outcomes_not_observed
New York City,dfs_6c3b582e7fcb7613,40.75242,-73.98588,2026-09-15,2026-10-01,2027-09-30,requires_monthly_verification,,,future_outcomes_not_observed
New York City,dfs_d346b554b0b4a928,40.73573,-73.99296,2026-09-15,2026-10-01,2027-09-30,requires_monthly_verification,,,future_outcomes_not_observed
New York City,dfs_a4162cd11422244b,40.86996,-73.82845,2026-09-15,2026-10-01,2027-09-30,requires_monthly_verification,,,future_outcomes_not_observed
New York City,dfs_52ea8d4edc2fcec2,40.68053,-73.95207,2026-09-15,2026-10-01,2027-09-30,requires_monthly_verification,,,future_outcomes_not_observed
New York City,dfs_c1476685dbcd4d65,40.76033,-73.76891,2026-09-15,2026-10-01,2027-09-30,requires_monthly_verification,,,future_outcomes_not_observed
New York City,dfs_872c177b9976b606,40.77284,-73.97977,2026-09-15,2026-10-01,2027-09-30,requires_monthly_verification,,,future_outcomes_not_observed
New York City,dfs_d1326ce0acb3a28d,40.77302,-73.98019,2026-09-15,2026-10-01,2027-09-30,requires_monthly_verification,,,future_outcomes_not_observed
New York City,dfs_638d5cc9bfdba7c3,40.86912,-73.83079,2026-09-15,2026-10-01,2027-09-30,requires_monthly_verification,,,future_outcomes_not_observed
New York City,dfs_5d78dee98a3a1713,40.61776,-73.96228,2026-09-15,2026-10-01,2027-09-30,requires_monthly_verification,,,future_outcomes_not_observed
New York City,dfs_8b426e1ef6f36c5d,40.76144,-73.91699,2026-09-15,2026-10-01,2027-09-30,requires_monthly_verification,,,future_outcomes_not_observed
New York City,dfs_5d3d07a236c993d2,40.83946,-73.91569,2026-09-15,2026-10-01,2027-09-30,requires_monthly_verification,,,future_outcomes_not_observed
New York City,dfs_d35d481f02f2d45f,40.68297,-73.99559,2026-09-15,2026-10-01,2027-09-30,requires_monthly_verification,,,future_outcomes_not_observed
New York City,dfs_bcb5d53c6384dd3b,40.58749,-73.95464,2026-09-15,2026-10-01,2027-09-30,requires_monthly_verification,,,future_outcomes_not_observed
New York City,dfs_616b9bb0ba9a8a25,40.74581,-73.9981,2026-09-15,2026-10-01,2027-09-30,requires_monthly_verification,,,future_outcomes_not_observed
New York City,dfs_4092baf955c4c8c4,40.56792,-74.11222,2026-09-15,2026-10-01,2027-09-30,requires_monthly_verification,,,future_outcomes_not_observed
New York City,dfs_0d0b3fd2934daa10,40.7516,-73.97633,2026-09-15,2026-10-01,2027-09-30,requires_monthly_verification,,,future_outcomes_not_observed
New York City,dfs_1aaa554e5b7e6189,40.8039,-73.93629,2026-09-15,2026-10-01,2027-09-30,requires_monthly_verification,,,future_outcomes_not_observed
New York City,dfs_91ef980230417f30,40.83514,-73.94419,2026-09-15,2026-10-01,2027-09-30,requires_monthly_verification,,,future_outcomes_not_observed
New York City,dfs_613eb73b663f6327,40.86718,-73.92089,2026-09-15,2026-10-01,2027-09-30,requires_monthly_verification,,,future_outcomes_not_observed
New York City,dfs_61a85344eb145892,40.77347,-73.95182,2026-09-15,2026-10-01,2027-09-30,requires_monthly_verification,,,future_outcomes_not_observed
New York City,dfs_5392085d2fd1be62,40.75394,-73.82288,2026-09-15,2026-10-01,2027-09-30,requires_monthly_verification,,,future_outcomes_not_observed
New York City,dfs_8cbde93b58c25164,40.77964,-73.98159,2026-09-15,2026-10-01,2027-09-30,requires_monthly_verification,,,future_outcomes_not_observed
New York City,dfs_ba8d10f9a1e3e618,40.84015,-73.84331,2026-09-15,2026-10-01,2027-09-30,requires_monthly_verification,,,future_outcomes_not_observed
New York City,dfs_dca6e8f73cc9876e,40.85604,-73.86765,2026-09-15,2026-10-01,2027-09-30,requires_monthly_verification,,,future_outcomes_not_observed
New York City,dfs_cc6a9a6cb0f29634,40.82764,-73.92597,2026-09-15,2026-10-01,2027-09-30,requires_monthly_verification,,,future_outcomes_not_observed
New York City,dfs_2d1175df8f71294c,40.60829,-73.95935,2026-09-15,2026-10-01,2027-09-30,requires_monthly_verification,,,future_outcomes_not_observed
New York City,dfs_2b24da7489c0b2da,40.68297,-73.99559,2026-09-15,2026-10-01,2027-09-30,requires_monthly_verification,,,future_outcomes_not_observed
New York City,dfs_7234521721090f07,40.72731,-73.9528,2026-09-15,2026-10-01,2027-09-30,requires_monthly_verification,,,future_outcomes_not_observed
New York City,dfs_54038e2a95d35b31,40.61782,-73.99152,2026-09-15,2026-10-01,2027-09-30,requires_monthly_verification,,,future_outcomes_not_observed
New York City,dfs_88a84cd2fe9ca72f,40.62508,-73.96222,2026-09-15,2026-10-01,2027-09-30,requires_monthly_verification,,,future_outcomes_not_observed
New York City,dfs_cad4c40e18a87a9a,40.73243,-73.9901,2026-09-15,2026-10-01,2027-09-30,requires_monthly_verification,,,future_outcomes_not_observed
New York City,dfs_0a80b2868057fc15,40.88655,-73.90969,2026-09-15,2026-10-01,2027-09-30,requires_monthly_verification,,,future_outcomes_not_observed
New York City,dfs_a31e4beba5c32cdf,40.76288,-73.95961,2026-09-15,2026-10-01,2027-09-30,requires_monthly_verification,,,future_outcomes_not_observed
New York City,dfs_9ae6632aead478ec,40.63685,-73.99021,2026-09-15,2026-10-01,2027-09-30,requires_monthly_verification,,,future_outcomes_not_observed
New York City,dfs_9da6a4c9ccdee9f5,40.60484,-73.99864,2026-09-15,2026-10-01,2027-09-30,requires_monthly_verification,,,future_outcomes_not_observed
New York City,dfs_366f293cbbdd38b1,40.62988,-74.02248,2026-09-15,2026-10-01,2027-09-30,requires_monthly_verification,,,future_outcomes_not_observed
New York City,dfs_2b93d09b39942a6f,40.57726,-73.96309,2026-09-15,2026-10-01,2027-09-30,requires_monthly_verification,,,future_outcomes_not_observed
New York City,dfs_141c98fc0bdca836,40.57979,-73.97238,2026-09-15,2026-10-01,2027-09-30,requires_monthly_verification,,,future_outcomes_not_observed
New York City,dfs_eb1c294b3a51abdd,40.63064,-73.98638,2026-09-15,2026-10-01,2027-09-30,requires_monthly_verification,,,future_outcomes_not_observed
New York City,dfs_33ecd20869d21580,40.6688,-73.93947,2026-09-15,2026-10-01,2027-09-30,requires_monthly_verification,,,future_outcomes_not_observed
New York City,dfs_f906e8b5a44736e3,40.72703,-73.85332,2026-09-15,2026-10-01,2027-09-30,requires_monthly_verification,,,future_outcomes_not_observed
New York City,dfs_41f268d4079c7600,40.70625,-73.96054,2026-09-15,2026-10-01,2027-09-30,requires_monthly_verification,,,future_outcomes_not_observed
New York City,dfs_d3b55208db236d0e,40.70434,-74.00922,2026-09-15,2026-10-01,2027-09-30,requires_monthly_verification,,,future_outcomes_not_observed
New York City,dfs_6f089fb1540d0cd3,40.84946,-73.93406,2026-09-15,2026-10-01,2027-09-30,requires_monthly_verification,,,future_outcomes_not_observed
New York City,dfs_5cd02b7574360ad0,40.83284,-73.86049,2026-09-15,2026-10-01,2027-09-30,requires_monthly_verification,,,future_outcomes_not_observed
New York City,dfs_f12b335fdf08fc26,40.62225,-73.93647,2026-09-15,2026-10-01,2027-09-30,requires_monthly_verification,,,future_outcomes_not_observed
New York City,dfs_c75cfd5b0fb0b6e0,40.73344,-73.86953,2026-09-15,2026-10-01,2027-09-30,requires_monthly_verification,,,future_outcomes_not_observed
New York City,dfs_b28a5baefcb4e2a5,40.71501,-73.98361,2026-09-15,2026-10-01,2027-09-30,requires_monthly_verification,,,future_outcomes_not_observed
New York City,dfs_d2e64e706db36600,40.72954,-74.00299,2026-09-15,2026-10-01,2027-09-30,requires_monthly_verification,,,future_outcomes_not_observed
New York City,dfs_66f2542f1c5979e9,40.69311,-73.96912,2026-09-15,2026-10-01,2027-09-30,requires_monthly_verification,,,future_outcomes_not_observed
New York City,dfs_1181512c10fe107d,40.71173,-73.79085,2026-09-15,2026-10-01,2027-09-30,requires_monthly_verification,,,future_outcomes_not_observed
New York City,dfs_0a555f7ea62c5ff6,40.8623,-73.89838,2026-09-15,2026-10-01,2027-09-30,requires_monthly_verification,,,future_outcomes_not_observed
New York City,dfs_ac696ec73685deb1,40.74939,-73.88773,2026-09-15,2026-10-01,2027-09-30,requires_monthly_verification,,,future_outcomes_not_observed
New York City,dfs_6d15d146116cc19c,40.74817,-73.99266,2026-09-15,2026-10-01,2027-09-30,requires_monthly_verification,,,future_outcomes_not_observed
New York City,dfs_69a6d6e7644dce07,40.81633,-73.91867,2026-09-15,2026-10-01,2027-09-30,requires_monthly_verification,,,future_outcomes_not_observed
New York City,dfs_cb441654b0d43346,40.57103,-74.1108,2026-09-15,2026-10-01,2027-09-30,requires_monthly_verification,,,future_outcomes_not_observed
New York City,dfs_f17043b11a9d32f1,40.51771,-74.23563,2026-09-15,2026-10-01,2027-09-30,requires_monthly_verification,,,future_outcomes_not_observed
New York City,dfs_7b1335b80bfb9f5e,40.62428,-74.13856,2026-09-15,2026-10-01,2027-09-30,requires_monthly_verification,,,future_outcomes_not_observed
New York City,dfs_363d8dc0ce7838a9,40.82414,-73.89188,2026-09-15,2026-10-01,2027-09-30,requires_monthly_verification,,,future_outcomes_not_observed
New York City,dfs_c4a700d88616e12a,40.79835,-73.94098,2026-09-15,2026-10-01,2027-09-30,requires_monthly_verification,,,future_outcomes_not_observed
New York City,dfs_b7441961ef66c44f,40.75169,-73.9801,2026-09-15,2026-10-01,2027-09-30,requires_monthly_verification,,,future_outcomes_not_observed
New York City,dfs_c408f4d1703853c8,40.86436,-73.92653,2026-09-15,2026-10-01,2027-09-30,requires_monthly_verification,,,future_outcomes_not_observed
New York City,dfs_9ebd27eccf09abfe,40.80333,-73.96719,2026-09-15,2026-10-01,2027-09-30,requires_monthly_verification,,,future_outcomes_not_observed
New York City,dfs_5736c80131dada55,40.64809,-73.95818,2026-09-15,2026-10-01,2027-09-30,requires_monthly_verification,,,future_outcomes_not_observed
New York City,dfs_4a15a422dcf93f38,40.68049,-73.95128,2026-09-15,2026-10-01,2027-09-30,requires_monthly_verification,,,future_outcomes_not_observed
New York City,dfs_03dc65fcbdaba84d,40.84245,-73.93872,2026-09-15,2026-10-01,2027-09-30,requires_monthly_verification,,,future_outcomes_not_observed
New York City,dfs_9e99c9168e670475,40.6918,-73.99136,2026-09-15,2026-10-01,2027-09-30,requires_monthly_verification,,,future_outcomes_not_observed
New York City,dfs_27765d6f8b36e445,40.75244,-73.87129,2026-09-15,2026-10-01,2027-09-30,requires_monthly_verification,,,future_outcomes_not_observed
New York City,dfs_30ec6cd993b9a3a9,40.73936,-73.97985,2026-09-15,2026-10-01,2027-09-30,requires_monthly_verification,,,future_outcomes_not_observed
New York City,dfs_a9f3400839a98fc4,40.76453,-73.91448,2026-09-15,2026-10-01,2027-09-30,requires_monthly_verification,,,future_outcomes_not_observed
New York City,dfs_2b8c093ff5844e48,40.75739,-73.96961,2026-09-15,2026-10-01,2027-09-30,requires_monthly_verification,,,future_outcomes_not_observed
New York City,dfs_e243a36ebb3781c1,40.72144,-73.98347,2026-09-15,2026-10-01,2027-09-30,requires_monthly_verification,,,future_outcomes_not_observed
New York City,dfs_538b2fe450a87121,40.74244,-73.98465,2026-09-15,2026-10-01,2027-09-30,requires_monthly_verification,,,future_outcomes_not_observed
New York City,dfs_41e536765bf454f2,40.7018,-73.94228,2026-09-15,2026-10-01,2027-09-30,requires_monthly_verification,,,future_outcomes_not_observed
New York City,dfs_2ee9f73bc8283d6d,40.66924,-73.91378,2026-09-15,2026-10-01,2027-09-30,requires_monthly_verification,,,future_outcomes_not_observed
New York City,dfs_84feaf0ed772ff26,40.84967,-73.93458,2026-09-15,2026-10-01,2027-09-30,requires_monthly_verification,,,future_outcomes_not_observed
New York City,dfs_289a5f248f13eead,40.74758,-73.88265,2026-09-15,2026-10-01,2027-09-30,requires_monthly_verification,,,future_outcomes_not_observed
New York City,dfs_cf219ebb189c50d0,40.69027,-73.9873,2026-09-15,2026-10-01,2027-09-30,requires_monthly_verification,,,future_outcomes_not_observed
New York City,dfs_8738bcce0d3ccd15,40.79257,-73.96687,2026-09-15,2026-10-01,2027-09-30,requires_monthly_verification,,,future_outcomes_not_observed
New York City,dfs_983a46f3bd84712d,40.84447,-73.88922,2026-09-15,2026-10-01,2027-09-30,requires_monthly_verification,,,future_outcomes_not_observed
New York City,dfs_f59087db84b5454b,40.82626,-73.95047,2026-09-15,2026-10-01,2027-09-30,requires_monthly_verification,,,future_outcomes_not_observed
New York City,dfs_94e1e4b3f9c36efb,40.71832,-73.98718,2026-09-15,2026-10-01,2027-09-30,requires_monthly_verification,,,future_outcomes_not_observed
New York City,dfs_900edd74b0f37fd1,40.58698,-73.95269,2026-09-15,2026-10-01,2027-09-30,requires_monthly_verification,,,future_outcomes_not_observed
New York City,dfs_b2e895b5ec15e27e,40.80947,-73.9495,2026-09-15,2026-10-01,2027-09-30,requires_monthly_verification,,,future_outcomes_not_observed
New York City,dfs_1c3ff9ca0db21f53,40.62463,-73.91752,2026-09-15,2026-10-01,2027-09-30,requires_monthly_verification,,,future_outcomes_not_observed
New York City,dfs_152997bacba9e34f,40.70025,-73.90338,2026-09-15,2026-10-01,2027-09-30,requires_monthly_verification,,,future_outcomes_not_observed
New York City,dfs_e5e1aa6b27c942d6,40.81742,-73.91574,2026-09-15,2026-10-01,2027-09-30,requires_monthly_verification,,,future_outcomes_not_observed
New York City,dfs_e0c78307c35215fc,40.86217,-73.89461,2026-09-15,2026-10-01,2027-09-30,requires_monthly_verification,,,future_outcomes_not_observed
New York City,dfs_aa6476c805b1d564,40.68139,-73.97709,2026-09-15,2026-10-01,2027-09-30,requires_monthly_verification,,,future_outcomes_not_observed
New York City,dfs_16d71b0522c41d75,40.59007,-73.9396,2026-09-15,2026-10-01,2027-09-30,requires_monthly_verification,,,future_outcomes_not_observed
New York City,dfs_753e448f3375dbf8,40.83156,-73.85096,2026-09-15,2026-10-01,2027-09-30,requires_monthly_verification,,,future_outcomes_not_observed
New York City,dfs_7eee513ab830498a,40.75958,-73.97778,2026-09-15,2026-10-01,2027-09-30,requires_monthly_verification,,,future_outcomes_not_observed
Buffalo,dfs_ef77d963383254b1,42.91801,-78.83526,2026-09-15,2026-10-01,2027-09-30,requires_monthly_verification,,,future_outcomes_not_observed
Buffalo,dfs_44f6dda2f32f305a,42.88878,-78.87165,2026-09-15,2026-10-01,2027-09-30,requires_monthly_verification,,,future_outcomes_not_observed
New York City,dfs_639680c2afc1011c,40.62216,-74.02733,2026-09-15,2026-10-01,2027-09-30,requires_monthly_verification,,,future_outcomes_not_observed
New York City,dfs_64b8f71facc815d7,40.56401,-74.11617,2026-09-15,2026-10-01,2027-09-30,requires_monthly_verification,,,future_outcomes_not_observed
New York City,dfs_af4b09123e7edb8c,40.68506,-73.97819,2026-09-15,2026-10-01,2027-09-30,requires_monthly_verification,,,future_outcomes_not_observed
New York City,dfs_d7101b1887680e76,40.71922,-74.00163,2026-09-15,2026-10-01,2027-09-30,requires_monthly_verification,,,future_outcomes_not_observed
New York City,dfs_b1e43278dc6a4cac,40.74997,-73.97712,2026-09-15,2026-10-01,2027-09-30,requires_monthly_verification,,,future_outcomes_not_observed
New York City,dfs_d5f43f3ba5c010a3,40.58607,-74.16689,2026-09-15,2026-10-01,2027-09-30,requires_monthly_verification,,,future_outcomes_not_observed
New York City,dfs_9c3c4cbd63d0902f,40.74209,-73.91919,2026-09-15,2026-10-01,2027-09-30,requires_monthly_verification,,,future_outcomes_not_observed
New York City,dfs_8619bf4d98edc4d7,40.66852,-73.98022,2026-09-15,2026-10-01,2027-09-30,requires_monthly_verification,,,future_outcomes_not_observed
New York City,dfs_a4c985b8c5d14968,40.70013,-73.92065,2026-09-15,2026-10-01,2027-09-30,requires_monthly_verification,,,future_outcomes_not_observed
New York City,dfs_aa2cda6b01d2a4ee,40.70156,-73.80791,2026-09-15,2026-10-01,2027-09-30,requires_monthly_verification,,,future_outcomes_not_observed
New York City,dfs_f713586d38b300cb,40.63607,-73.99103,2026-09-15,2026-10-01,2027-09-30,requires_monthly_verification,,,future_outcomes_not_observed
New York City,dfs_f78bc9395edf8b52,40.71496,-74.01132,2026-09-15,2026-10-01,2027-09-30,requires_monthly_verification,,,future_outcomes_not_observed
New York City,dfs_5e23f7e21c58ba03,40.62632,-74.16291,2026-09-15,2026-10-01,2027-09-30,requires_monthly_verification,,,future_outcomes_not_observed
New York City,dfs_16af1602876554ad,40.82319,-73.94275,2026-09-15,2026-10-01,2027-09-30,requires_monthly_verification,,,future_outcomes_not_observed
New York City,dfs_84db50db1f4fcbca,40.65025,-73.96104,2026-09-15,2026-10-01,2027-09-30,requires_monthly_verification,,,future_outcomes_not_observed
New York City,dfs_76213e812d8767b3,40.54377,-74.16396,2026-09-15,2026-10-01,2027-09-30,requires_monthly_verification,,,future_outcomes_not_observed
New York City,dfs_088802ae88228a36,40.65585,-73.8682,2026-09-15,2026-10-01,2027-09-30,requires_monthly_verification,,,future_outcomes_not_observed
New York City,dfs_6bbbf0f17a675071,40.78534,-73.97875,2026-09-15,2026-10-01,2027-09-30,requires_monthly_verification,,,future_outcomes_not_observed
New York City,dfs_0907374a4d0095eb,40.77866,-73.98205,2026-09-15,2026-10-01,2027-09-30,requires_monthly_verification,,,future_outcomes_not_observed
New York City,dfs_67abc792d755382f,40.77915,-73.95583,2026-09-15,2026-10-01,2027-09-30,requires_monthly_verification,,,future_outcomes_not_observed
New York City,dfs_dfaf576a77029764,40.57418,-74.16951,2026-09-15,2026-10-01,2027-09-30,requires_monthly_verification,,,future_outcomes_not_observed
New York City,dfs_351f04b6ac3a60af,40.61844,-73.99087,2026-09-15,2026-10-01,2027-09-30,requires_monthly_verification,,,future_outcomes_not_observed
New York City,dfs_800d856b9483aa95,40.70509,-74.00728,2026-09-15,2026-10-01,2027-09-30,requires_monthly_verification,,,future_outcomes_not_observed
New York City,dfs_264f9ce91410f4b4,40.76279,-73.9857,2026-09-15,2026-10-01,2027-09-30,requires_monthly_verification,,,future_outcomes_not_observed
New York City,dfs_89dbcc7c76560bd7,40.74299,-73.97694,2026-09-15,2026-10-01,2027-09-30,requires_monthly_verification,,,future_outcomes_not_observed
New York City,dfs_96498dc670fc685e,40.75564,-73.97932,2026-09-15,2026-10-01,2027-09-30,requires_monthly_verification,,,future_outcomes_not_observed
New York City,dfs_52a0c77608c47489,40.86524,-73.92706,2026-09-15,2026-10-01,2027-09-30,requires_monthly_verification,,,future_outcomes_not_observed
New York City,dfs_eef150ccf9b1b0e5,40.75526,-73.82826,2026-09-15,2026-10-01,2027-09-30,requires_monthly_verification,,,future_outcomes_not_observed
New York City,dfs_dee660f19cd32c99,40.73478,-73.87414,2026-09-15,2026-10-01,2027-09-30,requires_monthly_verification,,,future_outcomes_not_observed
New York City,dfs_99c928a1f341d15e,40.71714,-73.99551,2026-09-15,2026-10-01,2027-09-30,requires_monthly_verification,,,future_outcomes_not_observed
New York City,dfs_d355539b9f0e1bbc,40.74868,-73.98438,2026-09-15,2026-10-01,2027-09-30,requires_monthly_verification,,,future_outcomes_not_observed
New York City,dfs_464c6355300210e5,40.88426,-73.90015,2026-09-15,2026-10-01,2027-09-30,requires_monthly_verification,,,future_outcomes_not_observed
New York City,dfs_6904f06855d9e4e2,40.69183,-73.98834,2026-09-15,2026-10-01,2027-09-30,requires_monthly_verification,,,future_outcomes_not_observed
New York City,dfs_5180e1d4fdfc802a,40.73111,-73.99194,2026-09-15,2026-10-01,2027-09-30,requires_monthly_verification,,,future_outcomes_not_observed
New York City,dfs_90aaa5d7d92325df,40.88127,-73.88291,2026-09-15,2026-10-01,2027-09-30,requires_monthly_verification,,,future_outcomes_not_observed
New York City,dfs_0f57f9987899c3b7,40.69326,-73.96747,2026-09-15,2026-10-01,2027-09-30,requires_monthly_verification,,,future_outcomes_not_observed
New York City,dfs_4b7380df88c0194b,40.59947,-73.95057,2026-09-15,2026-10-01,2027-09-30,requires_monthly_verification,,,future_outcomes_not_observed
New York City,dfs_11cd60872c9ce35c,40.72852,-73.95349,2026-09-15,2026-10-01,2027-09-30,requires_monthly_verification,,,future_outcomes_not_observed
New York City,dfs_9120eae87b180155,40.63219,-73.947,2026-09-15,2026-10-01,2027-09-30,requires_monthly_verification,,,future_outcomes_not_observed
New York City,dfs_c22aad794dec6ce5,40.70885,-73.95907,2026-09-15,2026-10-01,2027-09-30,requires_monthly_verification,,,future_outcomes_not_observed
New York City,dfs_ea14ecab11c821f9,40.60879,-73.9582,2026-09-15,2026-10-01,2027-09-30,requires_monthly_verification,,,future_outcomes_not_observed
Buffalo,dfs_40d83861a4148d6a,42.94115,-78.892,2026-09-15,2026-10-01,2027-09-30,requires_monthly_verification,,,future_outcomes_not_observed
New York City,dfs_e30889de347e8d34,40.72088,-73.84434,2026-09-15,2026-10-01,2027-09-30,requires_monthly_verification,,,future_outcomes_not_observed
New York City,dfs_4c1665643ad8e740,40.75983,-73.83026,2026-09-15,2026-10-01,2027-09-30,requires_monthly_verification,,,future_outcomes_not_observed
New York City,dfs_1d3e4b235e31aea6,40.79511,-73.97137,2026-09-15,2026-10-01,2027-09-30,requires_monthly_verification,,,future_outcomes_not_observed
New York City,dfs_48295340da20d958,40.71528,-74.00767,2026-09-15,2026-10-01,2027-09-30,requires_monthly_verification,,,future_outcomes_not_observed
New York City,dfs_d779f7c22821dc6c,40.74219,-73.98068,2026-09-15,2026-10-01,2027-09-30,requires_monthly_verification,,,future_outcomes_not_observed
New York City,dfs_b12bcee59d956caf,40.75371,-73.96627,2026-09-15,2026-10-01,2027-09-30,requires_monthly_verification,,,future_outcomes_not_observed
New York City,dfs_c06da3b3acb3a1b9,40.8435,-73.93913,2026-09-15,2026-10-01,2027-09-30,requires_monthly_verification,,,future_outcomes_not_observed
New York City,dfs_b79d2ef68fdd3cb3,40.72529,-73.99518,2026-09-15,2026-10-01,2027-09-30,requires_monthly_verification,,,future_outcomes_not_observed
Buffalo,dfs_bdd44f42cb6455c5,42.84471,-78.82374,2026-09-15,2026-10-01,2027-09-30,requires_monthly_verification,,,future_outcomes_not_observed
New York City,dfs_00794f902290c13b,40.75244,-73.97532,2026-09-15,2026-10-01,2027-09-30,requires_monthly_verification,,,future_outcomes_not_observed
New York City,dfs_57805ce8a5badaaa,40.76696,-73.98174,2026-09-15,2026-10-01,2027-09-30,requires_monthly_verification,,,future_outcomes_not_observed
New York City,dfs_90c72856c81fb865,40.75372,-73.9772,2026-09-15,2026-10-01,2027-09-30,requires_monthly_verification,,,future_outcomes_not_observed
New York City,dfs_82a365b40d8cb621,40.7333,-73.99978,2026-09-15,2026-10-01,2027-09-30,requires_monthly_verification,,,future_outcomes_not_observed
New York City,dfs_e205e7a44da4b56a,40.74964,-73.98797,2026-09-15,2026-10-01,2027-09-30,requires_monthly_verification,,,future_outcomes_not_observed
New York City,dfs_f8dfbeb8b9f1cf29,40.77848,-73.90273,2026-09-15,2026-10-01,2027-09-30,requires_monthly_verification,,,future_outcomes_not_observed
New York City,dfs_0a763d1d9cc54cb7,40.81679,-73.92041,2026-09-15,2026-10-01,2027-09-30,requires_monthly_verification,,,future_outcomes_not_observed
New York City,dfs_815bcccf892d8d2d,40.83779,-73.86053,2026-09-15,2026-10-01,2027-09-30,requires_monthly_verification,,,future_outcomes_not_observed
New York City,dfs_b8ae1a380f9675d0,40.62795,-74.02924,2026-09-15,2026-10-01,2027-09-30,requires_monthly_verification,,,future_outcomes_not_observed
New York City,dfs_e6745c7aa51020e2,40.80403,-73.93659,2026-09-15,2026-10-01,2027-09-30,requires_monthly_verification,,,future_outcomes_not_observed
Buffalo,dfs_566682a175a5192e,42.91048,-78.8768,2026-09-15,2026-10-01,2027-09-30,requires_monthly_verification,,,future_outcomes_not_observed
New York City,dfs_470c77758ed9aa39,40.86545,-73.86716,2026-09-15,2026-10-01,2027-09-30,requires_monthly_verification,,,future_outcomes_not_observed
New York City,dfs_3786027acf3a03d1,40.57745,-73.96219,2026-09-15,2026-10-01,2027-09-30,requires_monthly_verification,,,future_outcomes_not_observed
New York City,dfs_d37679609ae233db,40.86221,-73.89564,2026-09-15,2026-10-01,2027-09-30,requires_monthly_verification,,,future_outcomes_not_observed
New York City,dfs_ea1b89d93df34dbe,40.82854,-73.87979,2026-09-15,2026-10-01,2027-09-30,requires_monthly_verification,,,future_outcomes_not_observed
New York City,dfs_69fb52600b67bc28,40.8296,-73.87428,2026-09-15,2026-10-01,2027-09-30,requires_monthly_verification,,,future_outcomes_not_observed
New York City,dfs_d2ddb64f5c927267,40.74153,-73.9938,2026-09-15,2026-10-01,2027-09-30,requires_monthly_verification,,,future_outcomes_not_observed
New York City,dfs_5ebc853d52cee0cd,40.7379,-73.9881,2026-09-15,2026-10-01,2027-09-30,requires_monthly_verification,,,future_outcomes_not_observed
New York City,dfs_a24bd1498f46be17,40.76162,-73.77002,2026-09-15,2026-10-01,2027-09-30,requires_monthly_verification,,,future_outcomes_not_observed
New York City,dfs_237854274a67e491,40.7412,-74.00147,2026-09-15,2026-10-01,2027-09-30,requires_monthly_verification,,,future_outcomes_not_observed
New York City,dfs_363fab56f0f1c82f,40.76749,-73.95622,2026-09-15,2026-10-01,2027-09-30,requires_monthly_verification,,,future_outcomes_not_observed
New York City,dfs_8ba9c766e9dd1b81,40.78908,-73.97574,2026-09-15,2026-10-01,2027-09-30,requires_monthly_verification,,,future_outcomes_not_observed
New York City,dfs_ab82c47f632be81a,40.86275,-73.90364,2026-09-15,2026-10-01,2027-09-30,requires_monthly_verification,,,future_outcomes_not_observed
New York City,dfs_b86c856e744a460b,40.74848,-73.88408,2026-09-15,2026-10-01,2027-09-30,requires_monthly_verification,,,future_outcomes_not_observed
New York City,dfs_b187d7f9451cd276,40.79455,-73.96632,2026-09-15,2026-10-01,2027-09-30,requires_monthly_verification,,,future_outcomes_not_observed
New York City,dfs_84d3e338cf3c93f0,40.71896,-73.98926,2026-09-15,2026-10-01,2027-09-30,requires_monthly_verification,,,future_outcomes_not_observed
New York City,dfs_0c477812fd3a4b3a,40.76515,-73.96392,2026-09-15,2026-10-01,2027-09-30,requires_monthly_verification,,,future_outcomes_not_observed
New York City,dfs_c33446ea3d9e5fcd,40.74492,-73.99876,2026-09-15,2026-10-01,2027-09-30,requires_monthly_verification,,,future_outcomes_not_observed
New York City,dfs_b3f8d250898d3c1b,40.77107,-73.98203,2026-09-15,2026-10-01,2027-09-30,requires_monthly_verification,,,future_outcomes_not_observed
New York City,dfs_54e85dc4d9b52d4e,40.86844,-73.82655,2026-09-15,2026-10-01,2027-09-30,requires_monthly_verification,,,future_outcomes_not_observed
New York City,dfs_949b58e4fe74927e,40.74627,-73.94472,2026-09-15,2026-10-01,2027-09-30,requires_monthly_verification,,,future_outcomes_not_observed
New York City,dfs_e9c2013345f78dc7,40.75515,-73.98482,2026-09-15,2026-10-01,2027-09-30,requires_monthly_verification,,,future_outcomes_not_observed
Buffalo,dfs_04b381fca4f1581e,42.85247,-78.80637,2026-09-15,2026-10-01,2027-09-30,requires_monthly_verification,,,future_outcomes_not_observed
Buffalo,dfs_cfd2433b4f3ab2a9,42.93891,-78.83925,2026-09-15,2026-10-01,2027-09-30,requires_monthly_verification,,,future_outcomes_not_observed
Buffalo,dfs_1c3fd68bd664cabf,42.92248,-78.81324,2026-09-15,2026-10-01,2027-09-30,requires_monthly_verification,,,future_outcomes_not_observed
Buffalo,dfs_86ad9cc384b94c48,42.94772,-78.85425,2026-09-15,2026-10-01,2027-09-30,requires_monthly_verification,,,future_outcomes_not_observed
New York City,dfs_e9ad50cbf1f2f460,40.7646,-73.82401,2026-09-15,2026-10-01,2027-09-30,requires_monthly_verification,,,future_outcomes_not_observed
New York City,dfs_b74e3f448cfe27b9,40.66728,-73.851,2026-09-15,2026-10-01,2027-09-30,requires_monthly_verification,,,future_outcomes_not_observed
New York City,dfs_3f06441d85389383,40.69007,-73.92393,2026-09-15,2026-10-01,2027-09-30,requires_monthly_verification,,,future_outcomes_not_observed
New York City,dfs_2c22a1372d3ad6a5,40.7005,-73.90007,2026-09-15,2026-10-01,2027-09-30,requires_monthly_verification,,,future_outcomes_not_observed
New York City,dfs_50d4bdb18f523a28,40.69582,-73.7473,2026-09-15,2026-10-01,2027-09-30,requires_monthly_verification,,,future_outcomes_not_observed
New York City,dfs_ae4187b0641e117b,40.6653,-73.73601,2026-09-15,2026-10-01,2027-09-30,requires_monthly_verification,,,future_outcomes_not_observed
New York City,dfs_855f50575a569b5e,40.70679,-73.79279,2026-09-15,2026-10-01,2027-09-30,requires_monthly_verification,,,future_outcomes_not_observed
New York City,dfs_fc7638fa82b10f64,40.63328,-74.02107,2026-09-15,2026-10-01,2027-09-30,requires_monthly_verification,,,future_outcomes_not_observed
New York City,dfs_c3d825ced956bc83,40.75931,-73.91873,2026-09-15,2026-10-01,2027-09-30,requires_monthly_verification,,,future_outcomes_not_observed
New York City,dfs_9dcc022ee0658d0b,40.69392,-73.99106,2026-09-15,2026-10-01,2027-09-30,requires_monthly_verification,,,future_outcomes_not_observed
New York City,dfs_2803c91e9f698cb7,40.78495,-73.84579,2026-09-15,2026-10-01,2027-09-30,requires_monthly_verification,,,future_outcomes_not_observed
New York City,dfs_8c3876569c7c0ce6,40.66962,-73.94252,2026-09-15,2026-10-01,2027-09-30,requires_monthly_verification,,,future_outcomes_not_observed
New York City,dfs_bff7b35228f999b4,40.75646,-73.99036,2026-09-15,2026-10-01,2027-09-30,requires_monthly_verification,,,future_outcomes_not_observed
New York City,dfs_c762487f0fe9df95,40.88582,-73.90993,2026-09-15,2026-10-01,2027-09-30,requires_monthly_verification,,,future_outcomes_not_observed
New York City,dfs_bf482492b1085acb,40.75861,-73.96872,2026-09-15,2026-10-01,2027-09-30,requires_monthly_verification,,,future_outcomes_not_observed
New York City,dfs_5fbd4ab8b0f174d0,40.74546,-73.99095,2026-09-15,2026-10-01,2027-09-30,requires_monthly_verification,,,future_outcomes_not_observed
New York City,dfs_57570248d06c9245,40.77267,-73.96057,2026-09-15,2026-10-01,2027-09-30,requires_monthly_verification,,,future_outcomes_not_observed
New York City,dfs_2eadff8dfbab0e72,40.80182,-73.96772,2026-09-15,2026-10-01,2027-09-30,requires_monthly_verification,,,future_outcomes_not_observed
New York City,dfs_0c28316449d83790,40.80935,-73.94922,2026-09-15,2026-10-01,2027-09-30,requires_monthly_verification,,,future_outcomes_not_observed
New York City,dfs_22a51c8bbf1e0bb4,40.77983,-73.97711,2026-09-15,2026-10-01,2027-09-30,requires_monthly_verification,,,future_outcomes_not_observed
New York City,dfs_3db7deaa0b0f885e,40.71374,-74.00665,2026-09-15,2026-10-01,2027-09-30,requires_monthly_verification,,,future_outcomes_not_observed
New York City,dfs_f239d2357141dc6d,40.75363,-73.97237,2026-09-15,2026-10-01,2027-09-30,requires_monthly_verification,,,future_outcomes_not_observed
New York City,dfs_c03a7c2f30941e0d,40.7533,-73.98101,2026-09-15,2026-10-01,2027-09-30,requires_monthly_verification,,,future_outcomes_not_observed
New York City,dfs_53e32c26b06385bd,40.76308,-73.983,2026-09-15,2026-10-01,2027-09-30,requires_monthly_verification,,,future_outcomes_not_observed
New York City,dfs_50c956fa7e3011c1,40.75117,-73.97414,2026-09-15,2026-10-01,2027-09-30,requires_monthly_verification,,,future_outcomes_not_observed
New York City,dfs_074610a926460e25,40.75981,-73.9783,2026-09-15,2026-10-01,2027-09-30,requires_monthly_verification,,,future_outcomes_not_observed
New York City,dfs_f66fcced9a2d38f6,40.80286,-73.94958,2026-09-15,2026-10-01,2027-09-30,requires_monthly_verification,,,future_outcomes_not_observed
New York City,dfs_b6636d81f9dc0733,40.75063,-73.99183,2026-09-15,2026-10-01,2027-09-30,requires_monthly_verification,,,future_outcomes_not_observed
New York City,dfs_fea9d2a2e7f882bb,40.706,-74.01318,2026-09-15,2026-10-01,2027-09-30,requires_monthly_verification,,,future_outcomes_not_observed
New York City,dfs_b19bfa0a80b38b5d,40.75356,-73.97872,2026-09-15,2026-10-01,2027-09-30,requires_monthly_verification,,,future_outcomes_not_observed
New York City,dfs_363b4b2fafb990c5,40.76145,-73.96666,2026-09-15,2026-10-01,2027-09-30,requires_monthly_verification,,,future_outcomes_not_observed
New York City,dfs_6d06179c4219ed9b,40.66604,-73.98891,2026-09-15,2026-10-01,2027-09-30,requires_monthly_verification,,,future_outcomes_not_observed
New York City,dfs_3b14b11e5e9940d2,40.74175,-73.98515,2026-09-15,2026-10-01,2027-09-30,requires_monthly_verification,,,future_outcomes_not_observed
New York City,dfs_c25e6e3dc5f5288a,40.57633,-73.98137,2026-09-15,2026-10-01,2027-09-30,requires_monthly_verification,,,future_outcomes_not_observed
New York City,dfs_1fd823cd10ad655b,40.7353,-73.9919,2026-09-15,2026-10-01,2027-09-30,requires_monthly_verification,,,future_outcomes_not_observed
New York City,dfs_235b1f307929d9bd,40.73388,-74.00286,2026-09-15,2026-10-01,2027-09-30,requires_monthly_verification,,,future_outcomes_not_observed
Rochester,dfs_c1b5a9505997c121,43.15744,-77.6039,2026-09-15,2026-10-01,2027-09-30,requires_monthly_verification,,,future_outcomes_not_observed
Rochester,dfs_8558c24f5babf9d2,43.18735,-77.58446,2026-09-15,2026-10-01,2027-09-30,requires_monthly_verification,,,future_outcomes_not_observed
Rochester,dfs_3210e3700973f429,43.15607,-77.61277,2026-09-15,2026-10-01,2027-09-30,requires_monthly_verification,,,future_outcomes_not_observed
Rochester,dfs_9ca35067e7fd964a,43.1481,-77.57772,2026-09-15,2026-10-01,2027-09-30,requires_monthly_verification,,,future_outcomes_not_observed
Buffalo,dfs_79bca88e6d2debe0,42.88879,-78.87426,2026-09-15,2026-10-01,2027-09-30,requires_monthly_verification,,,future_outcomes_not_observed
New York City,dfs_cfafe4e0ef3dfe04,40.58792,-73.95464,2026-09-15,2026-10-01,2027-09-30,requires_monthly_verification,,,future_outcomes_not_observed
New York City,dfs_57776d4743da69cd,40.72484,-73.99727,2026-09-15,2026-10-01,2027-09-30,requires_monthly_verification,,,future_outcomes_not_observed
New York City,dfs_a3bc25e3750353e1,40.82556,-73.92092,2026-09-15,2026-10-01,2027-09-30,requires_monthly_verification,,,future_outcomes_not_observed
New York City,dfs_fe709364d770269f,40.90078,-73.86795,2026-09-15,2026-10-01,2027-09-30,requires_monthly_verification,,,future_outcomes_not_observed
New York City,dfs_6715ceeab6eabbe0,40.70932,-74.01038,2026-09-15,2026-10-01,2027-09-30,requires_monthly_verification,,,future_outcomes_not_observed
New York City,dfs_2e339efd4f298b86,40.73771,-73.99237,2026-09-15,2026-10-01,2027-09-30,requires_monthly_verification,,,future_outcomes_not_observed
New York City,dfs_9eb32c98ecb7b9f5,40.72629,-73.98936,2026-09-15,2026-10-01,2027-09-30,requires_monthly_verification,,,future_outcomes_not_observed
New York City,dfs_fbb0a0860b3a9d6e,40.75331,-73.98888,2026-09-15,2026-10-01,2027-09-30,requires_monthly_verification,,,future_outcomes_not_observed
New York City,dfs_a842dd094518d969,40.71724,-73.99083,2026-09-15,2026-10-01,2027-09-30,requires_monthly_verification,,,future_outcomes_not_observed
New York City,dfs_36a8fc34a980331b,40.7581,-73.97318,2026-09-15,2026-10-01,2027-09-30,requires_monthly_verification,,,future_outcomes_not_observed
New York City,dfs_6acb3227d4e8542e,40.71532,-73.9976,2026-09-15,2026-10-01,2027-09-30,requires_monthly_verification,,,future_outcomes_not_observed
New York City,dfs_9dbcadcc765b78ca,40.70196,-73.88057,2026-09-15,2026-10-01,2027-09-30,requires_monthly_verification,,,future_outcomes_not_observed
New York City,dfs_d5faa618283e7cf5,40.77519,-73.95873,2026-09-15,2026-10-01,2027-09-30,requires_monthly_verification,,,future_outcomes_not_observed
New York City,dfs_1d64d5c69dcb6401,40.85636,-73.86764,2026-09-15,2026-10-01,2027-09-30,requires_monthly_verification,,,future_outcomes_not_observed
New York City,dfs_ca686707e7ffa1c4,40.87319,-73.87877,2026-09-15,2026-10-01,2027-09-30,requires_monthly_verification,,,future_outcomes_not_observed
New York City,dfs_7a60e3333adc1300,40.70321,-73.94252,2026-09-15,2026-10-01,2027-09-30,requires_monthly_verification,,,future_outcomes_not_observed
New York City,dfs_0204c9fe0bd76c03,40.75669,-73.92996,2026-09-15,2026-10-01,2027-09-30,requires_monthly_verification,,,future_outcomes_not_observed
New York City,dfs_96a1e8db84d59e53,40.59673,-73.75425,2026-09-15,2026-10-01,2027-09-30,requires_monthly_verification,,,future_outcomes_not_observed
New York City,dfs_9a2dfbb1704d7833,40.71216,-73.7858,2026-09-15,2026-10-01,2027-09-30,requires_monthly_verification,,,future_outcomes_not_observed
New York City,dfs_a041e0facd9bf814,40.75254,-73.97859,2026-09-15,2026-10-01,2027-09-30,requires_monthly_verification,,,future_outcomes_not_observed
New York City,dfs_98858ded0e005541,40.68004,-73.75293,2026-09-15,2026-10-01,2027-09-30,requires_monthly_verification,,,future_outcomes_not_observed
New York City,dfs_0755276e96deaf1f,40.77525,-73.98046,2026-09-15,2026-10-01,2027-09-30,requires_monthly_verification,,,future_outcomes_not_observed
New York City,dfs_c5a4e8e0d41bf55e,40.76392,-73.82792,2026-09-15,2026-10-01,2027-09-30,requires_monthly_verification,,,future_outcomes_not_observed
New York City,dfs_a5d13ec888db7c8d,40.74387,-73.91428,2026-09-15,2026-10-01,2027-09-30,requires_monthly_verification,,,future_outcomes_not_observed
New York City,dfs_9b7403cbec3dd1f2,40.74761,-73.98658,2026-09-15,2026-10-01,2027-09-30,requires_monthly_verification,,,future_outcomes_not_observed
New York City,dfs_9bc8a7cc6d4b9b3f,40.75935,-73.77203,2026-09-15,2026-10-01,2027-09-30,requires_monthly_verification,,,future_outcomes_not_observed
New York City,dfs_bfd8f6d1b064079d,40.76252,-73.80328,2026-09-15,2026-10-01,2027-09-30,requires_monthly_verification,,,future_outcomes_not_observed
New York City,dfs_9ed0b17383fedc30,40.76478,-73.81459,2026-09-15,2026-10-01,2027-09-30,requires_monthly_verification,,,future_outcomes_not_observed
New York City,dfs_ca7d124978d2e190,40.76084,-73.96884,2026-09-15,2026-10-01,2027-09-30,requires_monthly_verification,,,future_outcomes_not_observed
New York City,dfs_1ed21ec7ce97ae37,40.75065,-73.98717,2026-09-15,2026-10-01,2027-09-30,requires_monthly_verification,,,future_outcomes_not_observed
New York City,dfs_3a0e4c6ff0a9b73b,40.70902,-73.95955,2026-09-15,2026-10-01,2027-09-30,requires_monthly_verification,,,future_outcomes_not_observed
New York City,dfs_1777366e20519328,40.75132,-73.98167,2026-09-15,2026-10-01,2027-09-30,requires_monthly_verification,,,future_outcomes_not_observed
New York City,dfs_60cad2288987ad81,40.63065,-73.9859,2026-09-15,2026-10-01,2027-09-30,requires_monthly_verification,,,future_outcomes_not_observed
New York City,dfs_8dc989492fdda649,40.63422,-73.99298,2026-09-15,2026-10-01,2027-09-30,requires_monthly_verification,,,future_outcomes_not_observed
New York City,dfs_26b3052d25d15d4b,40.85519,-73.93788,2026-09-15,2026-10-01,2027-09-30,requires_monthly_verification,,,future_outcomes_not_observed
New York City,dfs_c91928fddf686d04,40.70513,-74.01386,2026-09-15,2026-10-01,2027-09-30,requires_monthly_verification,,,future_outcomes_not_observed
Buffalo,dfs_14463fd146ecef79,42.89029,-78.87296,2026-09-15,2026-10-01,2027-09-30,requires_monthly_verification,,,future_outcomes_not_observed
Buffalo,dfs_5d7e29267e1f6a2d,42.88653,-78.87878,2026-09-15,2026-10-01,2027-09-30,requires_monthly_verification,,,future_outcomes_not_observed
Buffalo,dfs_ff54f5626022ae4a,42.88531,-78.87851,2026-09-15,2026-10-01,2027-09-30,requires_monthly_verification,,,future_outcomes_not_observed
Buffalo,dfs_c26e789a1b390638,42.88716,-78.88003,2026-09-15,2026-10-01,2027-09-30,requires_monthly_verification,,,future_outcomes_not_observed
Buffalo,dfs_e9dc09c4e32a04b9,42.95164,-78.81275,2026-09-15,2026-10-01,2027-09-30,requires_monthly_verification,,,future_outcomes_not_observed
Buffalo,dfs_411f35aaadb4b3d0,42.88946,-78.87805,2026-09-15,2026-10-01,2027-09-30,requires_monthly_verification,,,future_outcomes_not_observed
New York City,dfs_81fead61030d51d5,40.67398,-73.97263,2026-09-15,2026-10-01,2027-09-30,requires_monthly_verification,,,future_outcomes_not_observed
New York City,dfs_3ee01d22734e7ae2,40.75554,-73.82837,2026-09-15,2026-10-01,2027-09-30,requires_monthly_verification,,,future_outcomes_not_observed
Rochester,dfs_011e2e213148822f,43.15593,-77.61151,2026-09-15,2026-10-01,2027-09-30,requires_monthly_verification,,,future_outcomes_not_observed
Rochester,dfs_0a417253652e5916,43.11911,-77.62056,2026-09-15,2026-10-01,2027-09-30,requires_monthly_verification,,,future_outcomes_not_observed
Rochester,dfs_238502b6353dea7e,43.12347,-77.61813,2026-09-15,2026-10-01,2027-09-30,requires_monthly_verification,,,future_outcomes_not_observed
Rochester,dfs_7fcecada14761565,43.14937,-77.5974,2026-09-15,2026-10-01,2027-09-30,requires_monthly_verification,,,future_outcomes_not_observed
New York City,dfs_96954dc0428511e6,40.7309,-73.8639,2026-09-15,2026-10-01,2027-09-30,requires_monthly_verification,,,future_outcomes_not_observed
New York City,dfs_fc39be1581e2d8eb,40.70001,-73.91193,2026-09-15,2026-10-01,2027-09-30,requires_monthly_verification,,,future_outcomes_not_observed
New York City,dfs_19659b564a626020,40.68376,-73.87186,2026-09-15,2026-10-01,2027-09-30,requires_monthly_verification,,,future_outcomes_not_observed
New York City,dfs_62aeac2b91cbffd4,40.74357,-73.92355,2026-09-15,2026-10-01,2027-09-30,requires_monthly_verification,,,future_outcomes_not_observed
New York City,dfs_108d9d3332e9a4ef,40.76167,-73.92474,2026-09-15,2026-10-01,2027-09-30,requires_monthly_verification,,,future_outcomes_not_observed
New York City,dfs_f6461df5856b5548,40.6455,-73.90236,2026-09-15,2026-10-01,2027-09-30,requires_monthly_verification,,,future_outcomes_not_observed
New York City,dfs_fd718c03d9d7fd1a,40.7563,-73.82867,2026-09-15,2026-10-01,2027-09-30,requires_monthly_verification,,,future_outcomes_not_observed
New York City,dfs_70759790a7430d81,40.63227,-74.02148,2026-09-15,2026-10-01,2027-09-30,requires_monthly_verification,,,future_outcomes_not_observed
New York City,dfs_eea547e30be8cef5,40.85525,-73.86767,2026-09-15,2026-10-01,2027-09-30,requires_monthly_verification,,,future_outcomes_not_observed
New York City,dfs_bd4a5b77b47915f5,40.652,-73.92915,2026-09-15,2026-10-01,2027-09-30,requires_monthly_verification,,,future_outcomes_not_observed
New York City,dfs_182daadc09c41839,40.66684,-73.98824,2026-09-15,2026-10-01,2027-09-30,requires_monthly_verification,,,future_outcomes_not_observed
New York City,dfs_f24270bcc656c175,40.78027,-73.80271,2026-09-15,2026-10-01,2027-09-30,requires_monthly_verification,,,future_outcomes_not_observed
New York City,dfs_73ef9bcb88401e09,40.76,-73.76917,2026-09-15,2026-10-01,2027-09-30,requires_monthly_verification,,,future_outcomes_not_observed
New York City,dfs_2b8103d04a58419f,40.84973,-73.9347,2026-09-15,2026-10-01,2027-09-30,requires_monthly_verification,,,future_outcomes_not_observed
New York City,dfs_381912b46f4b1f32,40.8624,-73.89783,2026-09-15,2026-10-01,2027-09-30,requires_monthly_verification,,,future_outcomes_not_observed
New York City,dfs_89fe981afca1aaa5,40.85308,-73.85376,2026-09-15,2026-10-01,2027-09-30,requires_monthly_verification,,,future_outcomes_not_observed
New York City,dfs_c25b9edd2c04439b,40.89366,-73.85724,2026-09-15,2026-10-01,2027-09-30,requires_monthly_verification,,,future_outcomes_not_observed
New York City,dfs_b4c937833ca7850f,40.87478,-73.87943,2026-09-15,2026-10-01,2027-09-30,requires_monthly_verification,,,future_outcomes_not_observed
New York City,dfs_14f2df95cd22eaab,40.68571,-73.82797,2026-09-15,2026-10-01,2027-09-30,requires_monthly_verification,,,future_outcomes_not_observed
New York City,dfs_67aaf5683696e47a,40.66441,-73.84145,2026-09-15,2026-10-01,2027-09-30,requires_monthly_verification,,,future_outcomes_not_observed
New York City,dfs_9c231b4ccf4ebe10,40.73717,-73.71077,2026-09-15,2026-10-01,2027-09-30,requires_monthly_verification,,,future_outcomes_not_observed
New York City,dfs_b9bc0f0ba8d05423,40.63642,-73.99066,2026-09-15,2026-10-01,2027-09-30,requires_monthly_verification,,,future_outcomes_not_observed
New York City,dfs_355a0fbc63062d38,40.7018,-73.80858,2026-09-15,2026-10-01,2027-09-30,requires_monthly_verification,,,future_outcomes_not_observed
New York City,dfs_975d266f13e49229,40.74034,-73.78651,2026-09-15,2026-10-01,2027-09-30,requires_monthly_verification,,,future_outcomes_not_observed
New York City,dfs_a38b4e6f51ee07be,40.64911,-73.95839,2026-09-15,2026-10-01,2027-09-30,requires_monthly_verification,,,future_outcomes_not_observed
New York City,dfs_032144fd4cbd5b99,40.86519,-73.92703,2026-09-15,2026-10-01,2027-09-30,requires_monthly_verification,,,future_outcomes_not_observed
New York City,dfs_e147ef8f6341374a,40.81635,-73.91764,2026-09-15,2026-10-01,2027-09-30,requires_monthly_verification,,,future_outcomes_not_observed
New York City,dfs_a875d5cfe5e7c8c7,40.77798,-73.95201,2026-09-15,2026-10-01,2027-09-30,requires_monthly_verification,,,future_outcomes_not_observed
New York City,dfs_8b0f9b46b2ada6eb,40.81032,-73.95153,2026-09-15,2026-10-01,2027-09-30,requires_monthly_verification,,,future_outcomes_not_observed
New York City,dfs_bdcb660f23345c45,40.6708,-73.95777,2026-09-15,2026-10-01,2027-09-30,requires_monthly_verification,,,future_outcomes_not_observed
New York City,dfs_e0be57b761c2ae35,40.74988,-73.98791,2026-09-15,2026-10-01,2027-09-30,requires_monthly_verification,,,future_outcomes_not_observed
New York City,dfs_cf25f2a449362395,40.76194,-73.9684,2026-09-15,2026-10-01,2027-09-30,requires_monthly_verification,,,future_outcomes_not_observed
New York City,dfs_7a0b3bd2ed88c574,40.74034,-73.78651,2026-09-15,2026-10-01,2027-09-30,requires_monthly_verification,,,future_outcomes_not_observed
New York City,dfs_a7859007bd4311ed,40.62495,-73.96339,2026-09-15,2026-10-01,2027-09-30,requires_monthly_verification,,,future_outcomes_not_observed
New York City,dfs_02b883aaaffb5ed0,40.59892,-73.9556,2026-09-15,2026-10-01,2027-09-30,requires_monthly_verification,,,future_outcomes_not_observed
New York City,dfs_cc412a6322080272,40.71586,-73.95984,2026-09-15,2026-10-01,2027-09-30,requires_monthly_verification,,,future_outcomes_not_observed
New York City,dfs_cda58ec0de78edea,40.73473,-73.99074,2026-09-15,2026-10-01,2027-09-30,requires_monthly_verification,,,future_outcomes_not_observed
New York City,dfs_baf390f49c9e3b55,40.76937,-73.98222,2026-09-15,2026-10-01,2027-09-30,requires_monthly_verification,,,future_outcomes_not_observed
New York City,dfs_ccf650c6101773d7,40.72379,-73.99813,2026-09-15,2026-10-01,2027-09-30,requires_monthly_verification,,,future_outcomes_not_observed
New York City,dfs_4a5c43791bcacdad,40.71768,-73.73816,2026-09-15,2026-10-01,2027-09-30,requires_monthly_verification,,,future_outcomes_not_observed
New York City,dfs_ee0e44cb2c18970d,40.7495,-73.88427,2026-09-15,2026-10-01,2027-09-30,requires_monthly_verification,,,future_outcomes_not_observed
New York City,dfs_33391a70735714da,40.72349,-73.82005,2026-09-15,2026-10-01,2027-09-30,requires_monthly_verification,,,future_outcomes_not_observed
New York City,dfs_cfc03445073f09bd,40.60254,-73.99485,2026-09-15,2026-10-01,2027-09-30,requires_monthly_verification,,,future_outcomes_not_observed
New York City,dfs_e4d93d6286d17dc5,40.60871,-73.92146,2026-09-15,2026-10-01,2027-09-30,requires_monthly_verification,,,future_outcomes_not_observed
New York City,dfs_5a4515597f0a2726,40.68977,-73.77785,2026-09-15,2026-10-01,2027-09-30,requires_monthly_verification,,,future_outcomes_not_observed
New York City,dfs_31dc8123b16190a9,40.66374,-73.95094,2026-09-15,2026-10-01,2027-09-30,requires_monthly_verification,,,future_outcomes_not_observed
New York City,dfs_4f0eeb3ec4eb7417,40.80753,-73.94488,2026-09-15,2026-10-01,2027-09-30,requires_monthly_verification,,,future_outcomes_not_observed
New York City,dfs_ca2e072347d34c64,40.6852,-73.97702,2026-09-15,2026-10-01,2027-09-30,requires_monthly_verification,,,future_outcomes_not_observed
New York City,dfs_f44788b69aca9275,40.80253,-73.94923,2026-09-15,2026-10-01,2027-09-30,requires_monthly_verification,,,future_outcomes_not_observed
New York City,dfs_8f9db524b43d65eb,40.68014,-73.9451,2026-09-15,2026-10-01,2027-09-30,requires_monthly_verification,,,future_outcomes_not_observed
New York City,dfs_54dc95bc7ad6ef5a,40.65186,-73.95909,2026-09-15,2026-10-01,2027-09-30,requires_monthly_verification,,,future_outcomes_not_observed
New York City,dfs_bd32349c4f0cf337,40.71641,-73.99661,2026-09-15,2026-10-01,2027-09-30,requires_monthly_verification,,,future_outcomes_not_observed
New York City,dfs_2676a77d5fbd064e,40.71357,-73.99592,2026-09-15,2026-10-01,2027-09-30,requires_monthly_verification,,,future_outcomes_not_observed
New York City,dfs_8adb64bd87ad02f1,40.61653,-73.99281,2026-09-15,2026-10-01,2027-09-30,requires_monthly_verification,,,future_outcomes_not_observed
New York City,dfs_c5cf8e9c6faefc3f,40.75671,-73.82883,2026-09-15,2026-10-01,2027-09-30,requires_monthly_verification,,,future_outcomes_not_observed
New York City,dfs_7ef8e3ef4bbc3b07,40.63878,-74.00612,2026-09-15,2026-10-01,2027-09-30,requires_monthly_verification,,,future_outcomes_not_observed
New York City,dfs_996888fe27dbaee2,40.75918,-73.82994,2026-09-15,2026-10-01,2027-09-30,requires_monthly_verification,,,future_outcomes_not_observed
New York City,dfs_f57bf4d52a2c32ba,40.76185,-73.83129,2026-09-15,2026-10-01,2027-09-30,requires_monthly_verification,,,future_outcomes_not_observed
New York City,dfs_c26dfe0349d2dd05,40.74157,-73.88111,2026-09-15,2026-10-01,2027-09-30,requires_monthly_verification,,,future_outcomes_not_observed
New York City,dfs_f37e079df0fa28d2,40.70426,-74.01157,2026-09-15,2026-10-01,2027-09-30,requires_monthly_verification,,,future_outcomes_not_observed
New York City,dfs_5c3108c628d42fd0,40.78773,-73.95381,2026-09-15,2026-10-01,2027-09-30,requires_monthly_verification,,,future_outcomes_not_observed
New York City,dfs_b0747043b4110f17,40.75756,-73.97356,2026-09-15,2026-10-01,2027-09-30,requires_monthly_verification,,,future_outcomes_not_observed
New York City,dfs_2f98876367b11f56,40.75266,-73.98737,2026-09-15,2026-10-01,2027-09-30,requires_monthly_verification,,,future_outcomes_not_observed
New York City,dfs_1507807b322b23ee,40.78341,-73.97444,2026-09-15,2026-10-01,2027-09-30,requires_monthly_verification,,,future_outcomes_not_observed
New York City,dfs_f39c14b514e80e63,40.7603,-73.97591,2026-09-15,2026-10-01,2027-09-30,requires_monthly_verification,,,future_outcomes_not_observed
New York City,dfs_ab0246590acdd907,40.76122,-73.96682,2026-09-15,2026-10-01,2027-09-30,requires_monthly_verification,,,future_outcomes_not_observed
New York City,dfs_1644760a0d084655,40.76472,-73.9727,2026-09-15,2026-10-01,2027-09-30,requires_monthly_verification,,,future_outcomes_not_observed
New York City,dfs_9d84319c4905a761,40.82178,-73.81918,2026-09-15,2026-10-01,2027-09-30,requires_monthly_verification,,,future_outcomes_not_observed
New York City,dfs_4f5d6518486991cd,40.82107,-73.93939,2026-09-15,2026-10-01,2027-09-30,requires_monthly_verification,,,future_outcomes_not_observed
New York City,dfs_1bb178e841773599,40.57534,-73.99661,2026-09-15,2026-10-01,2027-09-30,requires_monthly_verification,,,future_outcomes_not_observed
New York City,dfs_ef730c03b9dbcece,40.73988,-73.98563,2026-09-15,2026-10-01,2027-09-30,requires_monthly_verification,,,future_outcomes_not_observed
New York City,dfs_a9b8805867711874,40.76671,-73.9866,2026-09-15,2026-10-01,2027-09-30,requires_monthly_verification,,,future_outcomes_not_observed
New York City,dfs_d25c97507763ba5b,40.76224,-73.98243,2026-09-15,2026-10-01,2027-09-30,requires_monthly_verification,,,future_outcomes_not_observed
New York City,dfs_4099a5dfc4ebfa60,40.76607,-73.95728,2026-09-15,2026-10-01,2027-09-30,requires_monthly_verification,,,future_outcomes_not_observed
New York City,dfs_499c55bc5f2e1ae1,40.72803,-74.00544,2026-09-15,2026-10-01,2027-09-30,requires_monthly_verification,,,future_outcomes_not_observed
New York City,dfs_43891e80638cae30,40.71315,-73.87505,2026-09-15,2026-10-01,2027-09-30,requires_monthly_verification,,,future_outcomes_not_observed
New York City,dfs_adb1dcb36300c09a,40.75117,-73.97533,2026-09-15,2026-10-01,2027-09-30,requires_monthly_verification,,,future_outcomes_not_observed
New York City,dfs_1c1e1ae7dd4b454d,40.7477,-73.98681,2026-09-15,2026-10-01,2027-09-30,requires_monthly_verification,,,future_outcomes_not_observed
New York City,dfs_43b97dc7c4ace56c,40.7324,-73.84934,2026-09-15,2026-10-01,2027-09-30,requires_monthly_verification,,,future_outcomes_not_observed
New York City,dfs_84a5e98f2216fc74,40.77665,-73.96189,2026-09-15,2026-10-01,2027-09-30,requires_monthly_verification,,,future_outcomes_not_observed
New York City,dfs_2acc23d8a464d361,40.77168,-73.98205,2026-09-15,2026-10-01,2027-09-30,requires_monthly_verification,,,future_outcomes_not_observed
New York City,dfs_a5420a118d1050b9,40.57791,-73.96027,2026-09-15,2026-10-01,2027-09-30,requires_monthly_verification,,,future_outcomes_not_observed
New York City,dfs_24a39d653c6a0526,40.75627,-73.97675,2026-09-15,2026-10-01,2027-09-30,requires_monthly_verification,,,future_outcomes_not_observed
New York City,dfs_1ecd845c90e0c5f0,40.66989,-73.9857,2026-09-15,2026-10-01,2027-09-30,requires_monthly_verification,,,future_outcomes_not_observed
New York City,dfs_dabd5225dd0af875,40.68424,-73.97758,2026-09-15,2026-10-01,2027-09-30,requires_monthly_verification,,,future_outcomes_not_observed
New York City,dfs_566e2b2c7c8a399c,40.72136,-74.00017,2026-09-15,2026-10-01,2027-09-30,requires_monthly_verification,,,future_outcomes_not_observed
New York City,dfs_a20c782648fb22e7,40.72054,-74.01011,2026-09-15,2026-10-01,2027-09-30,requires_monthly_verification,,,future_outcomes_not_observed
New York City,dfs_5cbd22e4a0114104,40.7348,-73.9907,2026-09-15,2026-10-01,2027-09-30,requires_monthly_verification,,,future_outcomes_not_observed
New York City,dfs_d348acfa8ecb6807,40.7303,-73.99264,2026-09-15,2026-10-01,2027-09-30,requires_monthly_verification,,,future_outcomes_not_observed
New York City,dfs_e9f083c30ea23f2d,40.781,-73.94634,2026-09-15,2026-10-01,2027-09-30,requires_monthly_verification,,,future_outcomes_not_observed
New York City,dfs_3b2ce15a077f666c,40.88165,-73.88246,2026-09-15,2026-10-01,2027-09-30,requires_monthly_verification,,,future_outcomes_not_observed
New York City,dfs_5488f9c7b8c05466,40.80525,-73.96579,2026-09-15,2026-10-01,2027-09-30,requires_monthly_verification,,,future_outcomes_not_observed
New York City,dfs_fb8637ca3fe33f5e,40.71648,-74.00849,2026-09-15,2026-10-01,2027-09-30,requires_monthly_verification,,,future_outcomes_not_observed
New York City,dfs_15193832fda3ca65,40.6018,-73.99363,2026-09-15,2026-10-01,2027-09-30,requires_monthly_verification,,,future_outcomes_not_observed
New York City,dfs_917d09918af07da5,40.75371,-73.98492,2026-09-15,2026-10-01,2027-09-30,requires_monthly_verification,,,future_outcomes_not_observed
New York City,dfs_4d166233b03c04a5,40.7627,-73.97836,2026-09-15,2026-10-01,2027-09-30,requires_monthly_verification,,,future_outcomes_not_observed
New York City,dfs_089447b5dbec3bcd,40.75057,-73.97893,2026-09-15,2026-10-01,2027-09-30,requires_monthly_verification,,,future_outcomes_not_observed
New York City,dfs_ca3f498912aa3ab7,40.75548,-73.97101,2026-09-15,2026-10-01,2027-09-30,requires_monthly_verification,,,future_outcomes_not_observed
New York City,dfs_1381bb691e5c17fb,40.75221,-73.9661,2026-09-15,2026-10-01,2027-09-30,requires_monthly_verification,,,future_outcomes_not_observed
New York City,dfs_6c48325ee16906fe,40.64016,-73.94842,2026-09-15,2026-10-01,2027-09-30,requires_monthly_verification,,,future_outcomes_not_observed
New York City,dfs_654e2d092ca952e1,40.72395,-73.98507,2026-09-15,2026-10-01,2027-09-30,requires_monthly_verification,,,future_outcomes_not_observed
New York City,dfs_3c35f770ef124fa5,40.71063,-73.79323,2026-09-15,2026-10-01,2027-09-30,requires_monthly_verification,,,future_outcomes_not_observed
New York City,dfs_21a81387c0780d5e,40.67466,-73.80501,2026-09-15,2026-10-01,2027-09-30,requires_monthly_verification,,,future_outcomes_not_observed
New York City,dfs_6846d4b5c381fd1b,40.70865,-74.01097,2026-09-15,2026-10-01,2027-09-30,requires_monthly_verification,,,future_outcomes_not_observed
New York City,dfs_ea159f06bce9d006,40.74265,-73.9892,2026-09-15,2026-10-01,2027-09-30,requires_monthly_verification,,,future_outcomes_not_observed
New York City,dfs_fe820daa7fa3955e,40.66604,-73.95675,2026-09-15,2026-10-01,2027-09-30,requires_monthly_verification,,,future_outcomes_not_observed
New York City,dfs_f8d070106cc64a4a,40.70062,-73.81614,2026-09-15,2026-10-01,2027-09-30,requires_monthly_verification,,,future_outcomes_not_observed
New York City,dfs_b587daa490159ec6,40.7677,-73.98204,2026-09-15,2026-10-01,2027-09-30,requires_monthly_verification,,,future_outcomes_not_observed
New York City,dfs_1186f6e539405cc3,40.78145,-73.94642,2026-09-15,2026-10-01,2027-09-30,requires_monthly_verification,,,future_outcomes_not_observed
New York City,dfs_bea4910cdf6452af,40.69314,-73.96848,2026-09-15,2026-10-01,2027-09-30,requires_monthly_verification,,,future_outcomes_not_observed
New York City,dfs_3c378a4773124133,40.64295,-74.01254,2026-09-15,2026-10-01,2027-09-30,requires_monthly_verification,,,future_outcomes_not_observed
New York City,dfs_a8366e98614b56e6,40.65019,-73.95865,2026-09-15,2026-10-01,2027-09-30,requires_monthly_verification,,,future_outcomes_not_observed
New York City,dfs_8ae7e12caefb7d2f,40.69888,-73.9176,2026-09-15,2026-10-01,2027-09-30,requires_monthly_verification,,,future_outcomes_not_observed
New York City,dfs_a8bf8761401b6cc3,40.60883,-73.9581,2026-09-15,2026-10-01,2027-09-30,requires_monthly_verification,,,future_outcomes_not_observed
New York City,dfs_ec021d941ff27a12,40.6194,-73.98991,2026-09-15,2026-10-01,2027-09-30,requires_monthly_verification,,,future_outcomes_not_observed
New York City,dfs_f1d766afc0b5fab6,40.70611,-73.7963,2026-09-15,2026-10-01,2027-09-30,requires_monthly_verification,,,future_outcomes_not_observed
New York City,dfs_a5321c316184ce54,40.71778,-73.73771,2026-09-15,2026-10-01,2027-09-30,requires_monthly_verification,,,future_outcomes_not_observed
New York City,dfs_a956f4be85537db4,40.73066,-73.86435,2026-09-15,2026-10-01,2027-09-30,requires_monthly_verification,,,future_outcomes_not_observed
New York City,dfs_ba02a381a4e35944,40.72036,-73.84467,2026-09-15,2026-10-01,2027-09-30,requires_monthly_verification,,,future_outcomes_not_observed
New York City,dfs_84b664a6b0636a69,40.74752,-73.88499,2026-09-15,2026-10-01,2027-09-30,requires_monthly_verification,,,future_outcomes_not_observed
New York City,dfs_8fc53df29305ebdc,40.74566,-73.99939,2026-09-15,2026-10-01,2027-09-30,requires_monthly_verification,,,future_outcomes_not_observed
New York City,dfs_ce79ce24eb39e307,40.73713,-73.9928,2026-09-15,2026-10-01,2027-09-30,requires_monthly_verification,,,future_outcomes_not_observed
New York City,dfs_9272e7d43cbde2fc,40.58237,-73.83608,2026-09-15,2026-10-01,2027-09-30,requires_monthly_verification,,,future_outcomes_not_observed
New York City,dfs_af7123c81be8cf47,40.58719,-73.95315,2026-09-15,2026-10-01,2027-09-30,requires_monthly_verification,,,future_outcomes_not_observed
New York City,dfs_39824fcce40c0cf9,40.7654,-73.95777,2026-09-15,2026-10-01,2027-09-30,requires_monthly_verification,,,future_outcomes_not_observed
New York City,dfs_68d975543163f832,40.71662,-73.99723,2026-09-15,2026-10-01,2027-09-30,requires_monthly_verification,,,future_outcomes_not_observed
New York City,dfs_e2be9eb7d8133dd6,40.64709,-73.88408,2026-09-15,2026-10-01,2027-09-30,requires_monthly_verification,,,future_outcomes_not_observed
New York City,dfs_daa6142c67eff88a,40.67899,-73.86479,2026-09-15,2026-10-01,2027-09-30,requires_monthly_verification,,,future_outcomes_not_observed
New York City,dfs_caddeb1f11479c84,40.74664,-73.94379,2026-09-15,2026-10-01,2027-09-30,requires_monthly_verification,,,future_outcomes_not_observed
New York City,dfs_9578086b8a386644,40.66353,-73.84086,2026-09-15,2026-10-01,2027-09-30,requires_monthly_verification,,,future_outcomes_not_observed
New York City,dfs_c6824e8be3731122,40.63134,-74.02784,2026-09-15,2026-10-01,2027-09-30,requires_monthly_verification,,,future_outcomes_not_observed
New York City,dfs_d312ee04486256df,40.63073,-74.10441,2026-09-15,2026-10-01,2027-09-30,requires_monthly_verification,,,future_outcomes_not_observed
New York City,dfs_e47bbd146a76d081,40.73356,-74.00313,2026-09-15,2026-10-01,2027-09-30,requires_monthly_verification,,,future_outcomes_not_observed
New York City,dfs_d22465046f738784,40.73717,-73.97413,2026-09-15,2026-10-01,2027-09-30,requires_monthly_verification,,,future_outcomes_not_observed
New York City,dfs_82c06b2c5ff37efe,40.72024,-74.00857,2026-09-15,2026-10-01,2027-09-30,requires_monthly_verification,,,future_outcomes_not_observed
New York City,dfs_35c07e07cdd9aba4,40.84301,-73.9392,2026-09-15,2026-10-01,2027-09-30,requires_monthly_verification,,,future_outcomes_not_observed
New York City,dfs_e8b32f41e4bea9be,40.8329,-73.89082,2026-09-15,2026-10-01,2027-09-30,requires_monthly_verification,,,future_outcomes_not_observed
New York City,dfs_385476af90324fb6,40.80922,-73.9489,2026-09-15,2026-10-01,2027-09-30,requires_monthly_verification,,,future_outcomes_not_observed
New York City,dfs_8aae7ce34a0e9965,40.76575,-73.91348,2026-09-15,2026-10-01,2027-09-30,requires_monthly_verification,,,future_outcomes_not_observed
New York City,dfs_f7d2d7c85ed5bfeb,40.6214,-74.02607,2026-09-15,2026-10-01,2027-09-30,requires_monthly_verification,,,future_outcomes_not_observed
New York City,dfs_fcafe240e1b9ce91,40.70081,-73.79603,2026-09-15,2026-10-01,2027-09-30,requires_monthly_verification,,,future_outcomes_not_observed
New York City,dfs_ce4e151a2669cafa,40.7218,-73.98052,2026-09-15,2026-10-01,2027-09-30,requires_monthly_verification,,,future_outcomes_not_observed
New York City,dfs_0cbfad7c45974428,40.62019,-74.15313,2026-09-15,2026-10-01,2027-09-30,requires_monthly_verification,,,future_outcomes_not_observed
New York City,dfs_861d6a0afe4d08f8,40.88984,-73.84274,2026-09-15,2026-10-01,2027-09-30,requires_monthly_verification,,,future_outcomes_not_observed
New York City,dfs_270079b57a497289,40.85047,-73.8515,2026-09-15,2026-10-01,2027-09-30,requires_monthly_verification,,,future_outcomes_not_observed
New York City,dfs_5ce617c997ca9780,40.67829,-73.89688,2026-09-15,2026-10-01,2027-09-30,requires_monthly_verification,,,future_outcomes_not_observed
New York City,dfs_562bbdcdbf0cef3a,40.75816,-73.97919,2026-09-15,2026-10-01,2027-09-30,requires_monthly_verification,,,future_outcomes_not_observed
New York City,dfs_ef72aa3087e1aae0,40.81665,-73.91988,2026-09-15,2026-10-01,2027-09-30,requires_monthly_verification,,,future_outcomes_not_observed
New York City,dfs_8e2fdf0ede289cd5,40.86256,-73.89823,2026-09-15,2026-10-01,2027-09-30,requires_monthly_verification,,,future_outcomes_not_observed
New York City,dfs_4212d1e46e2fe1e2,40.83356,-73.85142,2026-09-15,2026-10-01,2027-09-30,requires_monthly_verification,,,future_outcomes_not_observed
New York City,dfs_9f3aab42173732dd,40.88063,-73.90306,2026-09-15,2026-10-01,2027-09-30,requires_monthly_verification,,,future_outcomes_not_observed
New York City,dfs_75404f58255ec679,40.81183,-73.88271,2026-09-15,2026-10-01,2027-09-30,requires_monthly_verification,,,future_outcomes_not_observed
New York City,dfs_85b6bc41dec02ddc,40.90657,-73.9048,2026-09-15,2026-10-01,2027-09-30,requires_monthly_verification,,,future_outcomes_not_observed
New York City,dfs_024a4b57366ce6fb,40.86545,-73.86701,2026-09-15,2026-10-01,2027-09-30,requires_monthly_verification,,,future_outcomes_not_observed
New York City,dfs_e720db02490968bb,40.86935,-73.88962,2026-09-15,2026-10-01,2027-09-30,requires_monthly_verification,,,future_outcomes_not_observed
New York City,dfs_1ed8524dc3b1cfa1,40.84666,-73.83213,2026-09-15,2026-10-01,2027-09-30,requires_monthly_verification,,,future_outcomes_not_observed
New York City,dfs_7b5e0ff7543fa1ec,40.72909,-73.99808,2026-09-15,2026-10-01,2027-09-30,requires_monthly_verification,,,future_outcomes_not_observed
New York City,dfs_23f86145bf1cd345,40.71603,-73.98697,2026-09-15,2026-10-01,2027-09-30,requires_monthly_verification,,,future_outcomes_not_observed
New York City,dfs_3791a2a5f28da0ef,40.7401,-73.9762,2026-09-15,2026-10-01,2027-09-30,requires_monthly_verification,,,future_outcomes_not_observed
New York City,dfs_d85975ad40f633e9,40.74742,-73.89154,2026-09-15,2026-10-01,2027-09-30,requires_monthly_verification,,,future_outcomes_not_observed
New York City,dfs_a7eb5e71ae35e4f1,40.59193,-74.08743,2026-09-15,2026-10-01,2027-09-30,requires_monthly_verification,,,future_outcomes_not_observed
New York City,dfs_681a894fefc68bee,40.52611,-74.20112,2026-09-15,2026-10-01,2027-09-30,requires_monthly_verification,,,future_outcomes_not_observed
New York City,dfs_09b0b4f8a586ccb5,40.62494,-73.96353,2026-09-15,2026-10-01,2027-09-30,requires_monthly_verification,,,future_outcomes_not_observed
New York City,dfs_eab616eeaeec1446,40.76507,-73.77177,2026-09-15,2026-10-01,2027-09-30,requires_monthly_verification,,,future_outcomes_not_observed
New York City,dfs_783c4e2afccbe480,40.68063,-73.99672,2026-09-15,2026-10-01,2027-09-30,requires_monthly_verification,,,future_outcomes_not_observed
New York City,dfs_7328d368006adace,40.79333,-73.80748,2026-09-15,2026-10-01,2027-09-30,requires_monthly_verification,,,future_outcomes_not_observed
New York City,dfs_96ee53a0f61fa72c,40.67374,-73.97593,2026-09-15,2026-10-01,2027-09-30,requires_monthly_verification,,,future_outcomes_not_observed
New York City,dfs_a46536a89f286a95,40.71376,-73.99869,2026-09-15,2026-10-01,2027-09-30,requires_monthly_verification,,,future_outcomes_not_observed
New York City,dfs_76180ee954d64c9a,40.76984,-73.96082,2026-09-15,2026-10-01,2027-09-30,requires_monthly_verification,,,future_outcomes_not_observed
New York City,dfs_ffb5cbb365bdb223,40.75938,-73.97224,2026-09-15,2026-10-01,2027-09-30,requires_monthly_verification,,,future_outcomes_not_observed
New York City,dfs_035861e5ea828e84,40.76455,-73.96437,2026-09-15,2026-10-01,2027-09-30,requires_monthly_verification,,,future_outcomes_not_observed
New York City,dfs_ec04ba2a3b816705,40.7511,-73.99087,2026-09-15,2026-10-01,2027-09-30,requires_monthly_verification,,,future_outcomes_not_observed
New York City,dfs_2b53ab03439f9a9d,40.78421,-73.95637,2026-09-15,2026-10-01,2027-09-30,requires_monthly_verification,,,future_outcomes_not_observed
New York City,dfs_90c9deb7bd1fec0f,40.72339,-73.9884,2026-09-15,2026-10-01,2027-09-30,requires_monthly_verification,,,future_outcomes_not_observed
New York City,dfs_b40a80ce74cfa1f0,40.74305,-73.99269,2026-09-15,2026-10-01,2027-09-30,requires_monthly_verification,,,future_outcomes_not_observed
New York City,dfs_733ee6edc5693fca,40.8121,-73.9572,2026-09-15,2026-10-01,2027-09-30,requires_monthly_verification,,,future_outcomes_not_observed
New York City,dfs_fff7e04ef6d7ab43,40.75306,-73.97278,2026-09-15,2026-10-01,2027-09-30,requires_monthly_verification,,,future_outcomes_not_observed
New York City,dfs_896c195d96a39d66,40.70856,-74.00743,2026-09-15,2026-10-01,2027-09-30,requires_monthly_verification,,,future_outcomes_not_observed
New York City,dfs_14445e502c3045c1,40.79618,-73.9353,2026-09-15,2026-10-01,2027-09-30,requires_monthly_verification,,,future_outcomes_not_observed
New York City,dfs_6e3588128efd60ef,40.71281,-74.00742,2026-09-15,2026-10-01,2027-09-30,requires_monthly_verification,,,future_outcomes_not_observed
New York City,dfs_994e40479d0c4f0f,40.70485,-74.01401,2026-09-15,2026-10-01,2027-09-30,requires_monthly_verification,,,future_outcomes_not_observed
New York City,dfs_58d8f8d27b380ccd,40.75051,-73.98306,2026-09-15,2026-10-01,2027-09-30,requires_monthly_verification,,,future_outcomes_not_observed
New York City,dfs_aa05fd8c3a2efac2,40.62788,-74.07633,2026-09-15,2026-10-01,2027-09-30,requires_monthly_verification,,,future_outcomes_not_observed
New York City,dfs_165b81da815a6fb4,40.75812,-73.96308,2026-09-15,2026-10-01,2027-09-30,requires_monthly_verification,,,future_outcomes_not_observed
New York City,dfs_5efbdbcc74e4c873,40.74076,-74.00179,2026-09-15,2026-10-01,2027-09-30,requires_monthly_verification,,,future_outcomes_not_observed
New York City,dfs_7fecbcdb76fd8a1f,40.75925,-73.97669,2026-09-15,2026-10-01,2027-09-30,requires_monthly_verification,,,future_outcomes_not_observed
New York City,dfs_d4b1ac89a4f964c3,40.73213,-73.98177,2026-09-15,2026-10-01,2027-09-30,requires_monthly_verification,,,future_outcomes_not_observed
New York City,dfs_b66731cd4f081fb7,40.69419,-73.99207,2026-09-15,2026-10-01,2027-09-30,requires_monthly_verification,,,future_outcomes_not_observed
New York City,dfs_eac96c0a995b051d,40.68012,-73.9447,2026-09-15,2026-10-01,2027-09-30,requires_monthly_verification,,,future_outcomes_not_observed
New York City,dfs_815bbb243b7c0303,40.80658,-73.96451,2026-09-15,2026-10-01,2027-09-30,requires_monthly_verification,,,future_outcomes_not_observed
New York City,dfs_85faed5a0397cde7,40.72874,-73.95361,2026-09-15,2026-10-01,2027-09-30,requires_monthly_verification,,,future_outcomes_not_observed
New York City,dfs_81db30c4092d3783,40.75227,-73.70194,2026-09-15,2026-10-01,2027-09-30,requires_monthly_verification,,,future_outcomes_not_observed
New York City,dfs_0e6c8b015faee950,40.7534,-73.90863,2026-09-15,2026-10-01,2027-09-30,requires_monthly_verification,,,future_outcomes_not_observed
New York City,dfs_be756bbe28dfc8ed,40.7135,-73.91541,2026-09-15,2026-10-01,2027-09-30,requires_monthly_verification,,,future_outcomes_not_observed
New York City,dfs_c586d8cb24f153ad,40.76286,-73.78576,2026-09-15,2026-10-01,2027-09-30,requires_monthly_verification,,,future_outcomes_not_observed
New York City,dfs_635571e01ec47c8b,40.63181,-73.99544,2026-09-15,2026-10-01,2027-09-30,requires_monthly_verification,,,future_outcomes_not_observed
New York City,dfs_a639ef12b4198feb,40.72586,-73.79129,2026-09-15,2026-10-01,2027-09-30,requires_monthly_verification,,,future_outcomes_not_observed
New York City,dfs_8d3328b2515cd555,40.75159,-73.97821,2026-09-15,2026-10-01,2027-09-30,requires_monthly_verification,,,future_outcomes_not_observed
New York City,dfs_3b6c6d6b80943720,40.77575,-73.82388,2026-09-15,2026-10-01,2027-09-30,requires_monthly_verification,,,future_outcomes_not_observed
New York City,dfs_d1a91463ef3b5405,40.6127,-74.12763,2026-09-15,2026-10-01,2027-09-30,requires_monthly_verification,,,future_outcomes_not_observed
New York City,dfs_12bb61a730f70200,40.65594,-73.93084,2026-09-15,2026-10-01,2027-09-30,requires_monthly_verification,,,future_outcomes_not_observed
New York City,dfs_5aa08c73129d7893,40.62891,-73.91856,2026-09-15,2026-10-01,2027-09-30,requires_monthly_verification,,,future_outcomes_not_observed
New York City,dfs_9ab9979385807a23,40.73552,-73.87553,2026-09-15,2026-10-01,2027-09-30,requires_monthly_verification,,,future_outcomes_not_observed
New York City,dfs_71cdd5ee12168c79,40.77575,-73.9112,2026-09-15,2026-10-01,2027-09-30,requires_monthly_verification,,,future_outcomes_not_observed
New York City,dfs_423f63fa2634c81f,40.67311,-73.77105,2026-09-15,2026-10-01,2027-09-30,requires_monthly_verification,,,future_outcomes_not_observed
New York City,dfs_a1550d8471e55baa,40.68709,-73.82199,2026-09-15,2026-10-01,2027-09-30,requires_monthly_verification,,,future_outcomes_not_observed
New York City,dfs_4cceb83c3dbdcbaa,40.73409,-73.78347,2026-09-15,2026-10-01,2027-09-30,requires_monthly_verification,,,future_outcomes_not_observed
New York City,dfs_1d35bc5daa632405,40.75297,-73.97916,2026-09-15,2026-10-01,2027-09-30,requires_monthly_verification,,,future_outcomes_not_observed
New York City,dfs_147d7b3d809b359f,40.70456,-74.00655,2026-09-15,2026-10-01,2027-09-30,requires_monthly_verification,,,future_outcomes_not_observed
New York City,dfs_93e794fa4561c151,40.76522,-73.98203,2026-09-15,2026-10-01,2027-09-30,requires_monthly_verification,,,future_outcomes_not_observed
New York City,dfs_d405025c90af5f30,40.79486,-73.97155,2026-09-15,2026-10-01,2027-09-30,requires_monthly_verification,,,future_outcomes_not_observed
New York City,dfs_f156e4e0f3fc5459,40.77845,-73.98128,2026-09-15,2026-10-01,2027-09-30,requires_monthly_verification,,,future_outcomes_not_observed
New York City,dfs_ea0912d8a092559f,40.7619,-73.97066,2026-09-15,2026-10-01,2027-09-30,requires_monthly_verification,,,future_outcomes_not_observed
New York City,dfs_8260b282cd394cd6,40.74611,-73.98196,2026-09-15,2026-10-01,2027-09-30,requires_monthly_verification,,,future_outcomes_not_observed
New York City,dfs_af021aaa1fff103e,40.78791,-73.97674,2026-09-15,2026-10-01,2027-09-30,requires_monthly_verification,,,future_outcomes_not_observed
New York City,dfs_93c62fd79388eec3,40.77972,-73.95612,2026-09-15,2026-10-01,2027-09-30,requires_monthly_verification,,,future_outcomes_not_observed
New York City,dfs_6393a106913a2ed6,40.84979,-73.93609,2026-09-15,2026-10-01,2027-09-30,requires_monthly_verification,,,future_outcomes_not_observed
New York City,dfs_6c33d5b6b7d12a40,40.76051,-73.83059,2026-09-15,2026-10-01,2027-09-30,requires_monthly_verification,,,future_outcomes_not_observed
New York City,dfs_845ec3ca9f658baf,40.57739,-74.16933,2026-09-15,2026-10-01,2027-09-30,requires_monthly_verification,,,future_outcomes_not_observed
New York City,dfs_32334d1a6c0a0ced,40.74391,-73.92648,2026-09-15,2026-10-01,2027-09-30,requires_monthly_verification,,,future_outcomes_not_observed
New York City,dfs_0eaf04b48333c6dc,40.75861,-73.99306,2026-09-15,2026-10-01,2027-09-30,requires_monthly_verification,,,future_outcomes_not_observed
New York City,dfs_0c51a5b92a55f0da,40.75652,-73.98287,2026-09-15,2026-10-01,2027-09-30,requires_monthly_verification,,,future_outcomes_not_observed
New York City,dfs_535eacb4ff99d453,40.76754,-73.96853,2026-09-15,2026-10-01,2027-09-30,requires_monthly_verification,,,future_outcomes_not_observed
New York City,dfs_6de66517f4abddba,40.77557,-73.98385,2026-09-15,2026-10-01,2027-09-30,requires_monthly_verification,,,future_outcomes_not_observed
New York City,dfs_e997df54ac65dfbd,40.86782,-73.92079,2026-09-15,2026-10-01,2027-09-30,requires_monthly_verification,,,future_outcomes_not_observed
Buffalo,dfs_6fdcdafa4b3fb1a1,42.88533,-78.8745,2026-09-15,2026-10-01,2027-09-30,requires_monthly_verification,,,future_outcomes_not_observed
New York City,dfs_1a084ce8cfc74b3d,40.74544,-73.98675,2026-09-15,2026-10-01,2027-09-30,requires_monthly_verification,,,future_outcomes_not_observed
Buffalo,dfs_9bf65cc8291ad866,42.9493,-78.87759,2026-09-15,2026-10-01,2027-09-30,requires_monthly_verification,,,future_outcomes_not_observed
New York City,dfs_1a918c7ffff33214,40.59147,-73.94014,2026-09-15,2026-10-01,2027-09-30,requires_monthly_verification,,,future_outcomes_not_observed
New York City,dfs_38357a10be6bf4b4,40.7619,-73.9252,2026-09-15,2026-10-01,2027-09-30,requires_monthly_verification,,,future_outcomes_not_observed
New York City,dfs_6e53221eda3a6f82,40.62154,-74.02888,2026-09-15,2026-10-01,2027-09-30,requires_monthly_verification,,,future_outcomes_not_observed
New York City,dfs_36853798b96cadf8,40.78897,-73.81327,2026-09-15,2026-10-01,2027-09-30,requires_monthly_verification,,,future_outcomes_not_observed
New York City,dfs_6ede0ea901b3474d,40.62667,-74.0238,2026-09-15,2026-10-01,2027-09-30,requires_monthly_verification,,,future_outcomes_not_observed
New York City,dfs_9338703d7eed368a,40.76506,-73.91404,2026-09-15,2026-10-01,2027-09-30,requires_monthly_verification,,,future_outcomes_not_observed
New York City,dfs_e0ee854d9639d869,40.76102,-73.76993,2026-09-15,2026-10-01,2027-09-30,requires_monthly_verification,,,future_outcomes_not_observed
New York City,dfs_7229da0928af37d9,40.77529,-73.9095,2026-09-15,2026-10-01,2027-09-30,requires_monthly_verification,,,future_outcomes_not_observed
New York City,dfs_519e449dfcabe51f,40.63366,-74.02689,2026-09-15,2026-10-01,2027-09-30,requires_monthly_verification,,,future_outcomes_not_observed
New York City,dfs_1f90a39366baa177,40.62645,-74.12992,2026-09-15,2026-10-01,2027-09-30,requires_monthly_verification,,,future_outcomes_not_observed
Rochester,dfs_9f198afac612868f,43.15739,-77.60521,2026-09-15,2026-10-01,2027-09-30,requires_monthly_verification,,,future_outcomes_not_observed
New York City,dfs_ef06be1c7d31ddeb,40.68692,-73.98484,2026-09-15,2026-10-01,2027-09-30,requires_monthly_verification,,,future_outcomes_not_observed
New York City,dfs_48374abb9dcd4f9a,40.76042,-73.92207,2026-09-15,2026-10-01,2027-09-30,requires_monthly_verification,,,future_outcomes_not_observed
New York City,dfs_e6862b0dd2c363d7,40.69146,-73.99152,2026-09-15,2026-10-01,2027-09-30,requires_monthly_verification,,,future_outcomes_not_observed
New York City,dfs_b4b7f1534e127787,40.61799,-73.96017,2026-09-15,2026-10-01,2027-09-30,requires_monthly_verification,,,future_outcomes_not_observed
New York City,dfs_255abec223a99c49,40.77425,-73.91303,2026-09-15,2026-10-01,2027-09-30,requires_monthly_verification,,,future_outcomes_not_observed
New York City,dfs_afed731b79b5dd46,40.73004,-73.95417,2026-09-15,2026-10-01,2027-09-30,requires_monthly_verification,,,future_outcomes_not_observed
New York City,dfs_8137ddb5acd6c258,40.72729,-73.89313,2026-09-15,2026-10-01,2027-09-30,requires_monthly_verification,,,future_outcomes_not_observed
New York City,dfs_1af5314be13f3203,40.56851,-74.11149,2026-09-15,2026-10-01,2027-09-30,requires_monthly_verification,,,future_outcomes_not_observed
New York City,dfs_2ecb9bb057e750a2,40.6031,-73.99621,2026-09-15,2026-10-01,2027-09-30,requires_monthly_verification,,,future_outcomes_not_observed
New York City,dfs_f9535e42f5726819,40.68676,-73.82443,2026-09-15,2026-10-01,2027-09-30,requires_monthly_verification,,,future_outcomes_not_observed
New York City,dfs_b30673ec9eaaf2dd,40.59027,-74.08824,2026-09-15,2026-10-01,2027-09-30,requires_monthly_verification,,,future_outcomes_not_observed
New York City,dfs_1cf48a456a13e90c,40.5175,-74.23404,2026-09-15,2026-10-01,2027-09-30,requires_monthly_verification,,,future_outcomes_not_observed
New York City,dfs_b1cc80c5cebcc3f5,40.66741,-73.98114,2026-09-15,2026-10-01,2027-09-30,requires_monthly_verification,,,future_outcomes_not_observed
New York City,dfs_f105ace28ed715cb,40.61964,-73.98967,2026-09-15,2026-10-01,2027-09-30,requires_monthly_verification,,,future_outcomes_not_observed
New York City,dfs_4b2e480bb08e59c3,40.59341,-74.16258,2026-09-15,2026-10-01,2027-09-30,requires_monthly_verification,,,future_outcomes_not_observed
New York City,dfs_c17227adaa5fcfb9,40.62061,-74.0071,2026-09-15,2026-10-01,2027-09-30,requires_monthly_verification,,,future_outcomes_not_observed
New York City,dfs_bd013114a48bc390,40.59916,-73.95137,2026-09-15,2026-10-01,2027-09-30,requires_monthly_verification,,,future_outcomes_not_observed
New York City,dfs_2973f1442df625ad,40.67841,-73.9978,2026-09-15,2026-10-01,2027-09-30,requires_monthly_verification,,,future_outcomes_not_observed
New York City,dfs_a34efb8130f6bbe3,40.57688,-73.96489,2026-09-15,2026-10-01,2027-09-30,requires_monthly_verification,,,future_outcomes_not_observed
New York City,dfs_8b27a27d41b40e35,40.7005,-73.90045,2026-09-15,2026-10-01,2027-09-30,requires_monthly_verification,,,future_outcomes_not_observed
New York City,dfs_2ee8b98c2bf35f85,40.62488,-73.96403,2026-09-15,2026-10-01,2027-09-30,requires_monthly_verification,,,future_outcomes_not_observed
New York City,dfs_cc09e23ac2edd6d4,40.70916,-73.96022,2026-09-15,2026-10-01,2027-09-30,requires_monthly_verification,,,future_outcomes_not_observed
New York City,dfs_70c761ae7f9fcc0c,40.72151,-73.84365,2026-09-15,2026-10-01,2027-09-30,requires_monthly_verification,,,future_outcomes_not_observed
New York City,dfs_365bd0319c833ac7,40.63627,-73.99082,2026-09-15,2026-10-01,2027-09-30,requires_monthly_verification,,,future_outcomes_not_observed
New York City,dfs_8567a0ddfc9defaf,40.60798,-73.96066,2026-09-15,2026-10-01,2027-09-30,requires_monthly_verification,,,future_outcomes_not_observed
New York City,dfs_1644c7a721836a57,40.69354,-73.98106,2026-09-15,2026-10-01,2027-09-30,requires_monthly_verification,,,future_outcomes_not_observed
New York City,dfs_9495bbe56f47bc4f,40.75991,-73.97211,2026-09-15,2026-10-01,2027-09-30,requires_monthly_verification,,,future_outcomes_not_observed
New York City,dfs_0858cf59f6845689,40.75632,-73.98303,2026-09-15,2026-10-01,2027-09-30,requires_monthly_verification,,,future_outcomes_not_observed
New York City,dfs_df20bfec9bff564d,40.75377,-73.99928,2026-09-15,2026-10-01,2027-09-30,requires_monthly_verification,,,future_outcomes_not_observed
New York City,dfs_b372617f65272b2c,40.73654,-73.99323,2026-09-15,2026-10-01,2027-09-30,requires_monthly_verification,,,future_outcomes_not_observed
New York City,dfs_0bd52dbca9555bf0,40.7444,-73.98333,2026-09-15,2026-10-01,2027-09-30,requires_monthly_verification,,,future_outcomes_not_observed
New York City,dfs_474d703b446c1f93,40.76459,-73.97365,2026-09-15,2026-10-01,2027-09-30,requires_monthly_verification,,,future_outcomes_not_observed
New York City,dfs_34c1d2a8443af401,40.80351,-73.94234,2026-09-15,2026-10-01,2027-09-30,requires_monthly_verification,,,future_outcomes_not_observed
New York City,dfs_4966feb86ac369d6,40.75055,-73.99837,2026-09-15,2026-10-01,2027-09-30,requires_monthly_verification,,,future_outcomes_not_observed
New York City,dfs_d21b82f1ea01d8e6,40.81882,-73.92717,2026-09-15,2026-10-01,2027-09-30,requires_monthly_verification,,,future_outcomes_not_observed
New York City,dfs_245a6e17da394c04,40.75863,-73.9687,2026-09-15,2026-10-01,2027-09-30,requires_monthly_verification,,,future_outcomes_not_observed
New York City,dfs_aabf16db09fd6419,40.75014,-74.0061,2026-09-15,2026-10-01,2027-09-30,requires_monthly_verification,,,future_outcomes_not_observed
New York City,dfs_674153a8e9e9575d,40.64695,-74.02127,2026-09-15,2026-10-01,2027-09-30,requires_monthly_verification,,,future_outcomes_not_observed
New York City,dfs_83631792359ccdd5,40.61833,-73.94279,2026-09-15,2026-10-01,2027-09-30,requires_monthly_verification,,,future_outcomes_not_observed
New York City,dfs_5cd33de11d95e381,40.72977,-73.97473,2026-09-15,2026-10-01,2027-09-30,requires_monthly_verification,,,future_outcomes_not_observed
New York City,dfs_df1e52d8c480ef13,40.80565,-73.96191,2026-09-15,2026-10-01,2027-09-30,requires_monthly_verification,,,future_outcomes_not_observed
New York City,dfs_6d9e8d7d7d2dffb1,40.69091,-73.9979,2026-09-15,2026-10-01,2027-09-30,requires_monthly_verification,,,future_outcomes_not_observed
New York City,dfs_9ce07318c3c0ba04,40.77012,-73.98692,2026-09-15,2026-10-01,2027-09-30,requires_monthly_verification,,,future_outcomes_not_observed
New York City,dfs_dae7a55bdec87320,40.86019,-73.88965,2026-09-15,2026-10-01,2027-09-30,requires_monthly_verification,,,future_outcomes_not_observed
New York City,dfs_5fe8ff7a4d5c53da,40.7705,-73.9859,2026-09-15,2026-10-01,2027-09-30,requires_monthly_verification,,,future_outcomes_not_observed
New York City,dfs_72b0f9b8d952b43f,40.67091,-73.86265,2026-09-15,2026-10-01,2027-09-30,requires_monthly_verification,,,future_outcomes_not_observed
New York City,dfs_8338be11ce59d85a,40.7309,-73.98892,2026-09-15,2026-10-01,2027-09-30,requires_monthly_verification,,,future_outcomes_not_observed
New York City,dfs_fcbf15f40996e561,40.85363,-73.83633,2026-09-15,2026-10-01,2027-09-30,requires_monthly_verification,,,future_outcomes_not_observed
New York City,dfs_0386be8441c7bba1,40.5642,-74.12211,2026-09-15,2026-10-01,2027-09-30,requires_monthly_verification,,,future_outcomes_not_observed
Buffalo,dfs_6d2b73be3145563b,42.90362,-78.86854,2026-09-15,2026-10-01,2027-09-30,requires_monthly_verification,,,future_outcomes_not_observed
Rochester,dfs_5a074c4f178f80b2,43.16872,-77.57899,2026-09-15,2026-10-01,2027-09-30,requires_monthly_verification,,,future_outcomes_not_observed
New York City,dfs_8a0ecce59a0761c1,40.61829,-74.03022,2026-09-15,2026-10-01,2027-09-30,requires_monthly_verification,,,future_outcomes_not_observed
New York City,dfs_c1cec98ae8b12d1d,40.78701,-73.83586,2026-09-15,2026-10-01,2027-09-30,requires_monthly_verification,,,future_outcomes_not_observed
New York City,dfs_518e733456aaf04a,40.65851,-73.84002,2026-09-15,2026-10-01,2027-09-30,requires_monthly_verification,,,future_outcomes_not_observed
New York City,dfs_b6a6cac540157167,40.78034,-73.79394,2026-09-15,2026-10-01,2027-09-30,requires_monthly_verification,,,future_outcomes_not_observed
New York City,dfs_ed735ef9a2240524,40.74975,-73.98151,2026-09-15,2026-10-01,2027-09-30,requires_monthly_verification,,,future_outcomes_not_observed
New York City,dfs_6d6691de4e2131fe,40.72514,-73.87894,2026-09-15,2026-10-01,2027-09-30,requires_monthly_verification,,,future_outcomes_not_observed
New York City,dfs_3dde7644e7f04f96,40.71449,-73.94469,2026-09-15,2026-10-01,2027-09-30,requires_monthly_verification,,,future_outcomes_not_observed
New York City,dfs_c534fbcd6121e1c4,40.8459,-73.86284,2026-09-15,2026-10-01,2027-09-30,requires_monthly_verification,,,future_outcomes_not_observed
New York City,dfs_020a573f324525d9,40.57908,-73.85007,2026-09-15,2026-10-01,2027-09-30,requires_monthly_verification,,,future_outcomes_not_observed
New York City,dfs_5a1730c7dd9328b8,40.71325,-73.87329,2026-09-15,2026-10-01,2027-09-30,requires_monthly_verification,,,future_outcomes_not_observed
New York City,dfs_56291cee1facee97,40.71642,-73.90166,2026-09-15,2026-10-01,2027-09-30,requires_monthly_verification,,,future_outcomes_not_observed
New York City,dfs_c18fbd46323255fb,40.61101,-74.00819,2026-09-15,2026-10-01,2027-09-30,requires_monthly_verification,,,future_outcomes_not_observed
New York City,dfs_483bc386112f77b8,40.74912,-73.89019,2026-09-15,2026-10-01,2027-09-30,requires_monthly_verification,,,future_outcomes_not_observed
New York City,dfs_11a0cfb33fbcc15b,40.59927,-73.93682,2026-09-15,2026-10-01,2027-09-30,requires_monthly_verification,,,future_outcomes_not_observed
New York City,dfs_1b72821e3bdae502,40.72578,-73.79198,2026-09-15,2026-10-01,2027-09-30,requires_monthly_verification,,,future_outcomes_not_observed
New York City,dfs_4c8ab00f4fb1dd87,40.74817,-73.75678,2026-09-15,2026-10-01,2027-09-30,requires_monthly_verification,,,future_outcomes_not_observed
New York City,dfs_ae4319fca5a066fe,40.61032,-73.95453,2026-09-15,2026-10-01,2027-09-30,requires_monthly_verification,,,future_outcomes_not_observed
New York City,dfs_df2751ad0b6e06d4,40.74434,-73.71713,2026-09-15,2026-10-01,2027-09-30,requires_monthly_verification,,,future_outcomes_not_observed
New York City,dfs_490d737e4d82b967,40.69401,-73.99139,2026-09-15,2026-10-01,2027-09-30,requires_monthly_verification,,,future_outcomes_not_observed
New York City,dfs_163dd7ea6c081469,40.75405,-73.91638,2026-09-15,2026-10-01,2027-09-30,requires_monthly_verification,,,future_outcomes_not_observed
New York City,dfs_c112138e24fd11bf,40.74323,-73.82557,2026-09-15,2026-10-01,2027-09-30,requires_monthly_verification,,,future_outcomes_not_observed
New York City,dfs_43338cad4d119016,40.77492,-73.79836,2026-09-15,2026-10-01,2027-09-30,requires_monthly_verification,,,future_outcomes_not_observed
New York City,dfs_f0660fa8c0df0cb8,40.62303,-74.02825,2026-09-15,2026-10-01,2027-09-30,requires_monthly_verification,,,future_outcomes_not_observed
New York City,dfs_d80ac125ec5ac77f,40.76126,-73.76986,2026-09-15,2026-10-01,2027-09-30,requires_monthly_verification,,,future_outcomes_not_observed
New York City,dfs_0a894f689db4731d,40.70865,-73.95854,2026-09-15,2026-10-01,2027-09-30,requires_monthly_verification,,,future_outcomes_not_observed
New York City,dfs_0eea5e02f218d9ee,40.76042,-73.92207,2026-09-15,2026-10-01,2027-09-30,requires_monthly_verification,,,future_outcomes_not_observed
New York City,dfs_df659158e75d43ec,40.75244,-73.97835,2026-09-15,2026-10-01,2027-09-30,requires_monthly_verification,,,future_outcomes_not_observed
New York City,dfs_de8a7a6e12a538a1,40.82289,-73.85755,2026-09-15,2026-10-01,2027-09-30,requires_monthly_verification,,,future_outcomes_not_observed
New York City,dfs_30b17703be84ae8c,40.72646,-73.95231,2026-09-15,2026-10-01,2027-09-30,requires_monthly_verification,,,future_outcomes_not_observed
Rochester,dfs_9c80a2c2fcb567f7,43.15255,-77.60357,2026-09-15,2026-10-01,2027-09-30,requires_monthly_verification,,,future_outcomes_not_observed
Rochester,dfs_23e3941803569a84,43.16923,-77.6259,2026-09-15,2026-10-01,2027-09-30,requires_monthly_verification,,,future_outcomes_not_observed
Rochester,dfs_e592d6c9a3870c49,43.16839,-77.57973,2026-09-15,2026-10-01,2027-09-30,requires_monthly_verification,,,future_outcomes_not_observed
Rochester,dfs_439907953911ad6d,43.14902,-77.6347,2026-09-15,2026-10-01,2027-09-30,requires_monthly_verification,,,future_outcomes_not_observed
Rochester,dfs_9deb8d86783b1ae4,43.19347,-77.62791,2026-09-15,2026-10-01,2027-09-30,requires_monthly_verification,,,future_outcomes_not_observed
Rochester,dfs_505a97e8ac349c24,43.15936,-77.54808,2026-09-15,2026-10-01,2027-09-30,requires_monthly_verification,,,future_outcomes_not_observed
New York City,dfs_357a98417d28f988,40.76146,-73.82704,2026-09-15,2026-10-01,2027-09-30,requires_monthly_verification,,,future_outcomes_not_observed
New York City,dfs_04c03f898aead8d4,40.63654,-74.00844,2026-09-15,2026-10-01,2027-09-30,requires_monthly_verification,,,future_outcomes_not_observed
New York City,dfs_1a8457296d519980,40.7167,-73.99579,2026-09-15,2026-10-01,2027-09-30,requires_monthly_verification,,,future_outcomes_not_observed
New York City,dfs_a3fab52ac53ad0df,40.7591,-73.83149,2026-09-15,2026-10-01,2027-09-30,requires_monthly_verification,,,future_outcomes_not_observed
New York City,dfs_ee113d63a8c5581f,40.7172,-73.99886,2026-09-15,2026-10-01,2027-09-30,requires_monthly_verification,,,future_outcomes_not_observed
New York City,dfs_e5e4b9a95991c4e3,40.5987,-73.95751,2026-09-15,2026-10-01,2027-09-30,requires_monthly_verification,,,future_outcomes_not_observed
New York City,dfs_86e6b1c63e0058e9,40.71841,-73.99964,2026-09-15,2026-10-01,2027-09-30,requires_monthly_verification,,,future_outcomes_not_observed
New York City,dfs_08dfbc7b7b25ce7f,40.7603,-73.82722,2026-09-15,2026-10-01,2027-09-30,requires_monthly_verification,,,future_outcomes_not_observed
New York City,dfs_ed31c55fb1b5c037,40.75381,-73.97854,2026-09-15,2026-10-01,2027-09-30,requires_monthly_verification,,,future_outcomes_not_observed
New York City,dfs_4e58f20d20a03750,40.62263,-74.0314,2026-09-15,2026-10-01,2027-09-30,requires_monthly_verification,,,future_outcomes_not_observed
New York City,dfs_81beac877ea9c6de,40.61635,-73.99299,2026-09-15,2026-10-01,2027-09-30,requires_monthly_verification,,,future_outcomes_not_observed
New York City,dfs_a7684e513fcad706,40.61248,-74.13168,2026-09-15,2026-10-01,2027-09-30,requires_monthly_verification,,,future_outcomes_not_observed
New York City,dfs_7679fd47d1f6e145,40.60461,-74.18097,2026-09-15,2026-10-01,2027-09-30,requires_monthly_verification,,,future_outcomes_not_observed
New York City,dfs_787b57b9baf958d7,40.61326,-74.12028,2026-09-15,2026-10-01,2027-09-30,requires_monthly_verification,,,future_outcomes_not_observed
New York City,dfs_3307f067ef02591f,40.57675,-74.10306,2026-09-15,2026-10-01,2027-09-30,requires_monthly_verification,,,future_outcomes_not_observed
Buffalo,dfs_8294514597815711,42.95589,-78.87695,2026-09-15,2026-10-01,2027-09-30,requires_monthly_verification,,,future_outcomes_not_observed
New York City,dfs_aaacbf0ca7be42ff,40.7613,-73.97308,2026-09-15,2026-10-01,2027-09-30,requires_monthly_verification,,,future_outcomes_not_observed
Buffalo,dfs_ac9c90beea125df0,42.92233,-78.87702,2026-09-15,2026-10-01,2027-09-30,requires_monthly_verification,,,future_outcomes_not_observed
Buffalo,dfs_c1feea62b3b1df5a,42.95703,-78.86975,2026-09-15,2026-10-01,2027-09-30,requires_monthly_verification,,,future_outcomes_not_observed
Rochester,dfs_434b01749593b572,43.15701,-77.60697,2026-09-15,2026-10-01,2027-09-30,requires_monthly_verification,,,future_outcomes_not_observed
New York City,dfs_67d9e30568341153,40.77359,-73.9071,2026-09-15,2026-10-01,2027-09-30,requires_monthly_verification,,,future_outcomes_not_observed
New York City,dfs_756454753deda99b,40.72485,-73.82102,2026-09-15,2026-10-01,2027-09-30,requires_monthly_verification,,,future_outcomes_not_observed
New York City,dfs_c1cf1ec725c8ef2b,40.7624,-73.77038,2026-09-15,2026-10-01,2027-09-30,requires_monthly_verification,,,future_outcomes_not_observed
New York City,dfs_a85b3d1f71cf8101,40.76534,-73.91807,2026-09-15,2026-10-01,2027-09-30,requires_monthly_verification,,,future_outcomes_not_observed
New York City,dfs_039c8d16a280cc4b,40.78087,-73.80261,2026-09-15,2026-10-01,2027-09-30,requires_monthly_verification,,,future_outcomes_not_observed
New York City,dfs_83bd0f963099a3c0,40.71932,-73.84255,2026-09-15,2026-10-01,2027-09-30,requires_monthly_verification,,,future_outcomes_not_observed
Rochester,dfs_3699c865fdc46142,43.11455,-77.61148,2026-09-15,2026-10-01,2027-09-30,requires_monthly_verification,,,future_outcomes_not_observed
Rochester,dfs_8a609a381506974c,43.15499,-77.60318,2026-09-15,2026-10-01,2027-09-30,requires_monthly_verification,,,future_outcomes_not_observed
Buffalo,dfs_66387fc226948722,42.88982,-78.87306,2026-09-15,2026-10-01,2027-09-30,requires_monthly_verification,,,future_outcomes_not_observed
Buffalo,dfs_f314699c8c81a204,42.85256,-78.80588,2026-09-15,2026-10-01,2027-09-30,requires_monthly_verification,,,future_outcomes_not_observed
Buffalo,dfs_08c75b62ec116542,42.90942,-78.87711,2026-09-15,2026-10-01,2027-09-30,requires_monthly_verification,,,future_outcomes_not_observed
New York City,dfs_d437fa8a16c88e72,40.664,-73.84115,2026-09-15,2026-10-01,2027-09-30,requires_monthly_verification,,,future_outcomes_not_observed
New York City,dfs_8ac863336a2d937e,40.76405,-73.72623,2026-09-15,2026-10-01,2027-09-30,requires_monthly_verification,,,future_outcomes_not_observed
New York City,dfs_8ef614e79351af0d,40.6004,-73.94215,2026-09-15,2026-10-01,2027-09-30,requires_monthly_verification,,,future_outcomes_not_observed
New York City,dfs_6011f2674ca5dc7c,40.66301,-73.84072,2026-09-15,2026-10-01,2027-09-30,requires_monthly_verification,,,future_outcomes_not_observed
New York City,dfs_219b1655832e8f5b,40.75987,-73.92092,2026-09-15,2026-10-01,2027-09-30,requires_monthly_verification,,,future_outcomes_not_observed
New York City,dfs_2dceff3df419a603,40.82721,-73.82281,2026-09-15,2026-10-01,2027-09-30,requires_monthly_verification,,,future_outcomes_not_observed
New York City,dfs_5758affb9e0fe4b6,40.75974,-73.9679,2026-09-15,2026-10-01,2027-09-30,requires_monthly_verification,,,future_outcomes_not_observed
New York City,dfs_5656f48718313dd6,40.6374,-73.98964,2026-09-15,2026-10-01,2027-09-30,requires_monthly_verification,,,future_outcomes_not_observed
New York City,dfs_ce21009cc5d4a71f,40.78293,-73.83569,2026-09-15,2026-10-01,2027-09-30,requires_monthly_verification,,,future_outcomes_not_observed
New York City,dfs_dcadbbf8f740a476,40.6911,-73.92487,2026-09-15,2026-10-01,2027-09-30,requires_monthly_verification,,,future_outcomes_not_observed
New York City,dfs_fd69979d22f08039,40.52721,-74.23007,2026-09-15,2026-10-01,2027-09-30,requires_monthly_verification,,,future_outcomes_not_observed
New York City,dfs_b1cb50bd977290e9,40.62555,-74.02426,2026-09-15,2026-10-01,2027-09-30,requires_monthly_verification,,,future_outcomes_not_observed
New York City,dfs_4d06ccbe1f5b3b6c,40.67696,-73.92049,2026-09-15,2026-10-01,2027-09-30,requires_monthly_verification,,,future_outcomes_not_observed
New York City,dfs_e3cd6fdbbdb844ad,40.6932,-73.99067,2026-09-15,2026-10-01,2027-09-30,requires_monthly_verification,,,future_outcomes_not_observed
New York City,dfs_deab932891ab81e0,40.75753,-73.97382,2026-09-15,2026-10-01,2027-09-30,requires_monthly_verification,,,future_outcomes_not_observed
New York City,dfs_4c8b7d44d527e336,40.75789,-73.78481,2026-09-15,2026-10-01,2027-09-30,requires_monthly_verification,,,future_outcomes_not_observed
New York City,dfs_dbce3f1b3684e8dd,40.71961,-73.84513,2026-09-15,2026-10-01,2027-09-30,requires_monthly_verification,,,future_outcomes_not_observed
New York City,dfs_3f1da4d229ecea85,40.58344,-73.82552,2026-09-15,2026-10-01,2027-09-30,requires_monthly_verification,,,future_outcomes_not_observed
New York City,dfs_e2e4d5ea9ba6337c,40.66599,-73.85163,2026-09-15,2026-10-01,2027-09-30,requires_monthly_verification,,,future_outcomes_not_observed
New York City,dfs_d55b06264e11fc99,40.72508,-73.72352,2026-09-15,2026-10-01,2027-09-30,requires_monthly_verification,,,future_outcomes_not_observed
New York City,dfs_8827269e742acf97,40.69228,-73.86114,2026-09-15,2026-10-01,2027-09-30,requires_monthly_verification,,,future_outcomes_not_observed
New York City,dfs_3ca3724b3fdb6e60,40.6852,-73.84274,2026-09-15,2026-10-01,2027-09-30,requires_monthly_verification,,,future_outcomes_not_observed
New York City,dfs_46615d57e360745c,40.61893,-74.00885,2026-09-15,2026-10-01,2027-09-30,requires_monthly_verification,,,future_outcomes_not_observed
New York City,dfs_c46f39142074e7d9,40.74352,-73.98398,2026-09-15,2026-10-01,2027-09-30,requires_monthly_verification,,,future_outcomes_not_observed
New York City,dfs_e52894fb4431a747,40.7639,-73.8085,2026-09-15,2026-10-01,2027-09-30,requires_monthly_verification,,,future_outcomes_not_observed
New York City,dfs_408b258925d30369,40.73992,-73.78618,2026-09-15,2026-10-01,2027-09-30,requires_monthly_verification,,,future_outcomes_not_observed
New York City,dfs_7bc6acda4ba0eb7f,40.76984,-73.73649,2026-09-15,2026-10-01,2027-09-30,requires_monthly_verification,,,future_outcomes_not_observed
New York City,dfs_f1013594f49ad29a,40.72286,-73.81985,2026-09-15,2026-10-01,2027-09-30,requires_monthly_verification,,,future_outcomes_not_observed
New York City,dfs_fed231e8b3e70a4b,40.75552,-73.88553,2026-09-15,2026-10-01,2027-09-30,requires_monthly_verification,,,future_outcomes_not_observed
New York City,dfs_2df031bb54db8e5d,40.74123,-73.90372,2026-09-15,2026-10-01,2027-09-30,requires_monthly_verification,,,future_outcomes_not_observed
New York City,dfs_264f401163213a04,40.63475,-74.1356,2026-09-15,2026-10-01,2027-09-30,requires_monthly_verification,,,future_outcomes_not_observed
New York City,dfs_0b81134838eefa8c,40.61305,-74.12288,2026-09-15,2026-10-01,2027-09-30,requires_monthly_verification,,,future_outcomes_not_observed
New York City,dfs_5118ee04fa66536a,40.76018,-73.82769,2026-09-15,2026-10-01,2027-09-30,requires_monthly_verification,,,future_outcomes_not_observed
New York City,dfs_4dd444c89d42294e,40.7508,-73.86316,2026-09-15,2026-10-01,2027-09-30,requires_monthly_verification,,,future_outcomes_not_observed
New York City,dfs_fe1fcd8a169b1a61,40.7358,-73.7462,2026-09-15,2026-10-01,2027-09-30,requires_monthly_verification,,,future_outcomes_not_observed
New York City,dfs_8a4e7fa5e3c17e06,40.77662,-73.91138,2026-09-15,2026-10-01,2027-09-30,requires_monthly_verification,,,future_outcomes_not_observed
New York City,dfs_ff530f174352f0c8,40.74349,-73.85505,2026-09-15,2026-10-01,2027-09-30,requires_monthly_verification,,,future_outcomes_not_observed
New York City,dfs_3bc02023ad36d744,40.55185,-74.14793,2026-09-15,2026-10-01,2027-09-30,requires_monthly_verification,,,future_outcomes_not_observed
New York City,dfs_07581cc8e6e61a47,40.54178,-74.17743,2026-09-15,2026-10-01,2027-09-30,requires_monthly_verification,,,future_outcomes_not_observed
New York City,dfs_c05c3c2defca8a6f,40.61306,-74.1591,2026-09-15,2026-10-01,2027-09-30,requires_monthly_verification,,,future_outcomes_not_observed
New York City,dfs_0972b3cf473031e9,40.58468,-74.09472,2026-09-15,2026-10-01,2027-09-30,requires_monthly_verification,,,future_outcomes_not_observed
New York City,dfs_52db3ff399a5ac1b,40.58516,-74.16772,2026-09-15,2026-10-01,2027-09-30,requires_monthly_verification,,,future_outcomes_not_observed
New York City,dfs_868072ab35889023,40.54258,-74.20827,2026-09-15,2026-10-01,2027-09-30,requires_monthly_verification,,,future_outcomes_not_observed
New York City,dfs_cfe14f7880c8c11f,40.5431,-74.16446,2026-09-15,2026-10-01,2027-09-30,requires_monthly_verification,,,future_outcomes_not_observed
New York City,dfs_af6726f1a665fecb,40.59848,-74.07897,2026-09-15,2026-10-01,2027-09-30,requires_monthly_verification,,,future_outcomes_not_observed
New York City,dfs_b26a5bc4d80b1626,40.5963,-73.97957,2026-09-15,2026-10-01,2027-09-30,requires_monthly_verification,,,future_outcomes_not_observed
New York City,dfs_29b08c43565ae69f,40.61183,-74.15718,2026-09-15,2026-10-01,2027-09-30,requires_monthly_verification,,,future_outcomes_not_observed
New York City,dfs_24cc448d83965e1f,40.61584,-74.10334,2026-09-15,2026-10-01,2027-09-30,requires_monthly_verification,,,future_outcomes_not_observed
New York City,dfs_9afe38f7cb57ef07,40.56841,-74.11193,2026-09-15,2026-10-01,2027-09-30,requires_monthly_verification,,,future_outcomes_not_observed
New York City,dfs_82e66e752e91f891,40.70933,-74.00918,2026-09-15,2026-10-01,2027-09-30,requires_monthly_verification,,,future_outcomes_not_observed
New York City,dfs_d9bdf6669192e8d8,40.74769,-73.75615,2026-09-15,2026-10-01,2027-09-30,requires_monthly_verification,,,future_outcomes_not_observed
New York City,dfs_71482bf1aede39e4,40.71373,-73.99826,2026-09-15,2026-10-01,2027-09-30,requires_monthly_verification,,,future_outcomes_not_observed
New York City,dfs_9c79b8045d3856ce,40.75296,-73.82167,2026-09-15,2026-10-01,2027-09-30,requires_monthly_verification,,,future_outcomes_not_observed
New York City,dfs_df6a831e1edde2e1,40.76658,-73.92072,2026-09-15,2026-10-01,2027-09-30,requires_monthly_verification,,,future_outcomes_not_observed
New York City,dfs_a3433c13ff4da00e,40.76014,-73.77012,2026-09-15,2026-10-01,2027-09-30,requires_monthly_verification,,,future_outcomes_not_observed
New York City,dfs_1bf0cdcb9b1ad851,40.72036,-73.84467,2026-09-15,2026-10-01,2027-09-30,requires_monthly_verification,,,future_outcomes_not_observed
New York City,dfs_7d27720d0c43ab20,40.69406,-73.99157,2026-09-15,2026-10-01,2027-09-30,requires_monthly_verification,,,future_outcomes_not_observed
New York City,dfs_87c5cc099e6f091e,40.62509,-73.96213,2026-09-15,2026-10-01,2027-09-30,requires_monthly_verification,,,future_outcomes_not_observed
New York City,dfs_f9970f873ee023a8,40.75997,-73.82856,2026-09-15,2026-10-01,2027-09-30,requires_monthly_verification,,,future_outcomes_not_observed
New York City,dfs_f0cc71008cc038d4,40.7094,-73.95895,2026-09-15,2026-10-01,2027-09-30,requires_monthly_verification,,,future_outcomes_not_observed
New York City,dfs_e37143ef1b537e23,40.73726,-73.98841,2026-09-15,2026-10-01,2027-09-30,requires_monthly_verification,,,future_outcomes_not_observed
New York City,dfs_ddc7bf6aee0d7c2e,40.63634,-73.99075,2026-09-15,2026-10-01,2027-09-30,requires_monthly_verification,,,future_outcomes_not_observed
New York City,dfs_f9ca84c23ac4b4b9,40.76017,-73.80165,2026-09-15,2026-10-01,2027-09-30,requires_monthly_verification,,,future_outcomes_not_observed
New York City,dfs_5a9cd832ca5a6a31,40.76534,-73.8178,2026-09-15,2026-10-01,2027-09-30,requires_monthly_verification,,,future_outcomes_not_observed
New York City,dfs_a991de4ccb0e350a,40.75049,-73.97872,2026-09-15,2026-10-01,2027-09-30,requires_monthly_verification,,,future_outcomes_not_observed
New York City,dfs_0f02f43245931eeb,40.73708,-73.878,2026-09-15,2026-10-01,2027-09-30,requires_monthly_verification,,,future_outcomes_not_observed
New York City,dfs_9163676e67993010,40.71678,-73.99765,2026-09-15,2026-10-01,2027-09-30,requires_monthly_verification,,,future_outcomes_not_observed
New York City,dfs_92845718720bebdd,40.70345,-73.80861,2026-09-15,2026-10-01,2027-09-30,requires_monthly_verification,,,future_outcomes_not_observed
New York City,dfs_21ae6ee7996ce9e6,40.74781,-73.89161,2026-09-15,2026-10-01,2027-09-30,requires_monthly_verification,,,future_outcomes_not_observed
New York City,dfs_80bbc96321c99769,40.63409,-74.02671,2026-09-15,2026-10-01,2027-09-30,requires_monthly_verification,,,future_outcomes_not_observed
New York City,dfs_43b6b12548937c9d,40.68996,-73.84158,2026-09-15,2026-10-01,2027-09-30,requires_monthly_verification,,,future_outcomes_not_observed
New York City,dfs_7efab100396aca18,40.74314,-73.91705,2026-09-15,2026-10-01,2027-09-30,requires_monthly_verification,,,future_outcomes_not_observed
New York City,dfs_a78d183c5c20b91f,40.71982,-73.84381,2026-09-15,2026-10-01,2027-09-30,requires_monthly_verification,,,future_outcomes_not_observed
New York City,dfs_3b9d20a55b40d969,40.73352,-73.78118,2026-09-15,2026-10-01,2027-09-30,requires_monthly_verification,,,future_outcomes_not_observed
New York City,dfs_1e6ca35b8f65a1b2,40.74981,-73.88366,2026-09-15,2026-10-01,2027-09-30,requires_monthly_verification,,,future_outcomes_not_observed
New York City,dfs_7a834a644d65cf6e,40.78031,-73.77655,2026-09-15,2026-10-01,2027-09-30,requires_monthly_verification,,,future_outcomes_not_observed
New York City,dfs_c70abc1dd7955cb3,40.74508,-73.99208,2026-09-15,2026-10-01,2027-09-30,requires_monthly_verification,,,future_outcomes_not_observed
New York City,dfs_4592b51f9c099af3,40.61183,-73.99757,2026-09-15,2026-10-01,2027-09-30,requires_monthly_verification,,,future_outcomes_not_observed
New York City,dfs_6cf6cb26d068a67e,40.76028,-73.83267,2026-09-15,2026-10-01,2027-09-30,requires_monthly_verification,,,future_outcomes_not_observed
New York City,dfs_aa47ae737e75af32,40.71374,-73.99738,2026-09-15,2026-10-01,2027-09-30,requires_monthly_verification,,,future_outcomes_not_observed
New York City,dfs_98b5a7c93a0a3211,40.71641,-73.99662,2026-09-15,2026-10-01,2027-09-30,requires_monthly_verification,,,future_outcomes_not_observed
New York City,dfs_32b1b001ca96eac5,40.75998,-73.83034,2026-09-15,2026-10-01,2027-09-30,requires_monthly_verification,,,future_outcomes_not_observed
New York City,dfs_358893485986dd30,40.61257,-73.98273,2026-09-15,2026-10-01,2027-09-30,requires_monthly_verification,,,future_outcomes_not_observed
New York City,dfs_db1b16e4e85a53fa,40.76066,-73.97155,2026-09-15,2026-10-01,2027-09-30,requires_monthly_verification,,,future_outcomes_not_observed
New York City,dfs_93a6bccbf013eccf,40.74478,-73.98513,2026-09-15,2026-10-01,2027-09-30,requires_monthly_verification,,,future_outcomes_not_observed
New York City,dfs_d5bee389699dc3ae,40.68542,-73.82975,2026-09-15,2026-10-01,2027-09-30,requires_monthly_verification,,,future_outcomes_not_observed
New York City,dfs_39e51f88d29ceecd,40.71993,-73.84413,2026-09-15,2026-10-01,2027-09-30,requires_monthly_verification,,,future_outcomes_not_observed
New York City,dfs_20edd6603ec95ffe,40.76084,-73.82793,2026-09-15,2026-10-01,2027-09-30,requires_monthly_verification,,,future_outcomes_not_observed
New York City,dfs_bae7b0f979a062b2,40.71776,-73.99514,2026-09-15,2026-10-01,2027-09-30,requires_monthly_verification,,,future_outcomes_not_observed
New York City,dfs_4de165db131a99e9,40.71706,-73.99851,2026-09-15,2026-10-01,2027-09-30,requires_monthly_verification,,,future_outcomes_not_observed
New York City,dfs_97265acf2dfc436a,40.76014,-73.83041,2026-09-15,2026-10-01,2027-09-30,requires_monthly_verification,,,future_outcomes_not_observed
New York City,dfs_4af1312873e3d65f,40.63688,-74.00809,2026-09-15,2026-10-01,2027-09-30,requires_monthly_verification,,,future_outcomes_not_observed
New York City,dfs_002735ea840ad463,40.69376,-73.98723,2026-09-15,2026-10-01,2027-09-30,requires_monthly_verification,,,future_outcomes_not_observed
New York City,dfs_3cf2c8d716644710,40.74826,-73.98469,2026-09-15,2026-10-01,2027-09-30,requires_monthly_verification,,,future_outcomes_not_observed
New York City,dfs_e3ecb321a111c1d1,40.70068,-73.89588,2026-09-15,2026-10-01,2027-09-30,requires_monthly_verification,,,future_outcomes_not_observed
New York City,dfs_8df06aa925f43934,40.70913,-73.95911,2026-09-15,2026-10-01,2027-09-30,requires_monthly_verification,,,future_outcomes_not_observed
New York City,dfs_0a059b19f7a3af92,40.71892,-74.00225,2026-09-15,2026-10-01,2027-09-30,requires_monthly_verification,,,future_outcomes_not_observed
New York City,dfs_f0597958528adec2,40.77951,-73.98184,2026-09-15,2026-10-01,2027-09-30,requires_monthly_verification,,,future_outcomes_not_observed
New York City,dfs_d826c9aad414cfdb,40.72745,-74.00732,2026-09-15,2026-10-01,2027-09-30,requires_monthly_verification,,,future_outcomes_not_observed
New York City,dfs_a9353db7b2ad5067,40.63085,-73.97689,2026-09-15,2026-10-01,2027-09-30,requires_monthly_verification,,,future_outcomes_not_observed
New York City,dfs_286ce115edb50959,40.55387,-74.19281,2026-09-15,2026-10-01,2027-09-30,requires_monthly_verification,,,future_outcomes_not_observed
New York City,dfs_5059f49cc6c13203,40.69063,-73.95535,2026-09-15,2026-10-01,2027-09-30,requires_monthly_verification,,,future_outcomes_not_observed
New York City,dfs_1f0adca02c75a757,40.66936,-73.98614,2026-09-15,2026-10-01,2027-09-30,requires_monthly_verification,,,future_outcomes_not_observed
New York City,dfs_688403df9cc0ecba,40.76309,-73.97177,2026-09-15,2026-10-01,2027-09-30,requires_monthly_verification,,,future_outcomes_not_observed
New York City,dfs_19dc28be3ece1984,40.71162,-73.85987,2026-09-15,2026-10-01,2027-09-30,requires_monthly_verification,,,future_outcomes_not_observed
New York City,dfs_622dfa0666e3cdf6,40.86234,-73.89819,2026-09-15,2026-10-01,2027-09-30,requires_monthly_verification,,,future_outcomes_not_observed
New York City,dfs_7d026f95ebcd4d77,40.71321,-74.00708,2026-09-15,2026-10-01,2027-09-30,requires_monthly_verification,,,future_outcomes_not_observed
New York City,dfs_f561b46ae3c94619,40.68389,-73.87085,2026-09-15,2026-10-01,2027-09-30,requires_monthly_verification,,,future_outcomes_not_observed
New York City,dfs_09d28d0cec63437b,40.66985,-73.93102,2026-09-15,2026-10-01,2027-09-30,requires_monthly_verification,,,future_outcomes_not_observed
New York City,dfs_ca77d87407cfdff8,40.61899,-73.99033,2026-09-15,2026-10-01,2027-09-30,requires_monthly_verification,,,future_outcomes_not_observed
New York City,dfs_79cd96c75f925a4d,40.82865,-73.8784,2026-09-15,2026-10-01,2027-09-30,requires_monthly_verification,,,future_outcomes_not_observed
New York City,dfs_e0179df89af7c3ce,40.88104,-73.88317,2026-09-15,2026-10-01,2027-09-30,requires_monthly_verification,,,future_outcomes_not_observed
New York City,dfs_76149c340431753f,40.73754,-73.98836,2026-09-15,2026-10-01,2027-09-30,requires_monthly_verification,,,future_outcomes_not_observed
New York City,dfs_4c1c1344e4d1cb75,40.63141,-73.94616,2026-09-15,2026-10-01,2027-09-30,requires_monthly_verification,,,future_outcomes_not_observed
New York City,dfs_c51f22d6e918b342,40.72428,-73.89845,2026-09-15,2026-10-01,2027-09-30,requires_monthly_verification,,,future_outcomes_not_observed
New York City,dfs_d12950ceeebbdd04,40.85409,-73.8677,2026-09-15,2026-10-01,2027-09-30,requires_monthly_verification,,,future_outcomes_not_observed
New York City,dfs_877f49b65584fc6f,40.73206,-73.9944,2026-09-15,2026-10-01,2027-09-30,requires_monthly_verification,,,future_outcomes_not_observed
New York City,dfs_388bfc59bf74c0db,40.62699,-74.07569,2026-09-15,2026-10-01,2027-09-30,requires_monthly_verification,,,future_outcomes_not_observed
New York City,dfs_b612d2f917df8618,40.83049,-73.82631,2026-09-15,2026-10-01,2027-09-30,requires_monthly_verification,,,future_outcomes_not_observed
New York City,dfs_76e8669e5664565b,40.84415,-73.78533,2026-09-15,2026-10-01,2027-09-30,requires_monthly_verification,,,future_outcomes_not_observed
New York City,dfs_09e908c75f978fb1,40.75067,-73.8703,2026-09-15,2026-10-01,2027-09-30,requires_monthly_verification,,,future_outcomes_not_observed
New York City,dfs_23764f4313baecdf,40.81642,-73.91901,2026-09-15,2026-10-01,2027-09-30,requires_monthly_verification,,,future_outcomes_not_observed
New York City,dfs_83e0a58349a8455d,40.69236,-73.86063,2026-09-15,2026-10-01,2027-09-30,requires_monthly_verification,,,future_outcomes_not_observed
New York City,dfs_1e983836874ba5e9,40.8663,-73.83821,2026-09-15,2026-10-01,2027-09-30,requires_monthly_verification,,,future_outcomes_not_observed
New York City,dfs_b043146f33e92d76,40.85496,-73.93693,2026-09-15,2026-10-01,2027-09-30,requires_monthly_verification,,,future_outcomes_not_observed
New York City,dfs_9f6b4900832acf48,40.64785,-73.90641,2026-09-15,2026-10-01,2027-09-30,requires_monthly_verification,,,future_outcomes_not_observed
New York City,dfs_597837c4bed57c02,40.72771,-73.95304,2026-09-15,2026-10-01,2027-09-30,requires_monthly_verification,,,future_outcomes_not_observed
New York City,dfs_1aa22ef38c59eb2a,40.66407,-73.95097,2026-09-15,2026-10-01,2027-09-30,requires_monthly_verification,,,future_outcomes_not_observed
New York City,dfs_892ef7d812392763,40.72588,-73.99641,2026-09-15,2026-10-01,2027-09-30,requires_monthly_verification,,,future_outcomes_not_observed
New York City,dfs_e8fa9d47fb93125f,40.77798,-73.95199,2026-09-15,2026-10-01,2027-09-30,requires_monthly_verification,,,future_outcomes_not_observed
New York City,dfs_3175148faddebc66,40.77419,-73.95704,2026-09-15,2026-10-01,2027-09-30,requires_monthly_verification,,,future_outcomes_not_observed
New York City,dfs_cf42e5e7145d7360,40.65056,-73.95875,2026-09-15,2026-10-01,2027-09-30,requires_monthly_verification,,,future_outcomes_not_observed
New York City,dfs_7a339f37ac910c9b,40.63422,-73.96277,2026-09-15,2026-10-01,2027-09-30,requires_monthly_verification,,,future_outcomes_not_observed
New York City,dfs_eb074a60e1c9ee23,40.6458,-74.01318,2026-09-15,2026-10-01,2027-09-30,requires_monthly_verification,,,future_outcomes_not_observed
New York City,dfs_f75ba64272ce6421,40.67309,-73.97638,2026-09-15,2026-10-01,2027-09-30,requires_monthly_verification,,,future_outcomes_not_observed
New York City,dfs_41de2b40b80487fb,40.62133,-73.93549,2026-09-15,2026-10-01,2027-09-30,requires_monthly_verification,,,future_outcomes_not_observed
New York City,dfs_469293b9a13780fa,40.58757,-73.95218,2026-09-15,2026-10-01,2027-09-30,requires_monthly_verification,,,future_outcomes_not_observed
New York City,dfs_da23a33180edbf1b,40.76092,-73.80216,2026-09-15,2026-10-01,2027-09-30,requires_monthly_verification,,,future_outcomes_not_observed
New York City,dfs_8040e7e2f7e5ffcf,40.76473,-73.93078,2026-09-15,2026-10-01,2027-09-30,requires_monthly_verification,,,future_outcomes_not_observed
New York City,dfs_2097a6f503c2f2cd,40.84911,-73.85403,2026-09-15,2026-10-01,2027-09-30,requires_monthly_verification,,,future_outcomes_not_observed
New York City,dfs_7b610871ce7c09cb,40.90593,-73.90435,2026-09-15,2026-10-01,2027-09-30,requires_monthly_verification,,,future_outcomes_not_observed
New York City,dfs_0caf18f4d630c483,40.75196,-73.97567,2026-09-15,2026-10-01,2027-09-30,requires_monthly_verification,,,future_outcomes_not_observed
New York City,dfs_76e7a3d69faac1ce,40.75111,-73.99296,2026-09-15,2026-10-01,2027-09-30,requires_monthly_verification,,,future_outcomes_not_observed
New York City,dfs_23d319816b763f6a,40.60482,-73.998,2026-09-15,2026-10-01,2027-09-30,requires_monthly_verification,,,future_outcomes_not_observed
New York City,dfs_4e7a0b621c88a9c8,40.78726,-73.80885,2026-09-15,2026-10-01,2027-09-30,requires_monthly_verification,,,future_outcomes_not_observed
New York City,dfs_26e79939d5107b5d,40.61716,-73.91121,2026-09-15,2026-10-01,2027-09-30,requires_monthly_verification,,,future_outcomes_not_observed
New York City,dfs_27461123d0446d0f,40.61836,-74.03315,2026-09-15,2026-10-01,2027-09-30,requires_monthly_verification,,,future_outcomes_not_observed
New York City,dfs_43ab0b4699560226,40.67566,-73.97136,2026-09-15,2026-10-01,2027-09-30,requires_monthly_verification,,,future_outcomes_not_observed
New York City,dfs_30b0ccc8c2df9d0e,40.68472,-73.84441,2026-09-15,2026-10-01,2027-09-30,requires_monthly_verification,,,future_outcomes_not_observed
New York City,dfs_4e4fe1791544aeb2,40.8336,-73.8611,2026-09-15,2026-10-01,2027-09-30,requires_monthly_verification,,,future_outcomes_not_observed
New York City,dfs_97357eb332a7a74b,40.72383,-73.84868,2026-09-15,2026-10-01,2027-09-30,requires_monthly_verification,,,future_outcomes_not_observed
New York City,dfs_b9d770bca47db9df,40.74986,-73.97509,2026-09-15,2026-10-01,2027-09-30,requires_monthly_verification,,,future_outcomes_not_observed
New York City,dfs_e73aec3d7c215c50,40.51714,-74.23434,2026-09-15,2026-10-01,2027-09-30,requires_monthly_verification,,,future_outcomes_not_observed
New York City,dfs_31833065ae590d08,40.57287,-74.11424,2026-09-15,2026-10-01,2027-09-30,requires_monthly_verification,,,future_outcomes_not_observed
New York City,dfs_3707f73509ccdc52,40.71678,-73.99765,2026-09-15,2026-10-01,2027-09-30,requires_monthly_verification,,,future_outcomes_not_observed
New York City,dfs_46bb8d4b16175a98,40.75079,-73.86316,2026-09-15,2026-10-01,2027-09-30,requires_monthly_verification,,,future_outcomes_not_observed
New York City,dfs_b8a7255a92818d6a,40.70362,-73.79953,2026-09-15,2026-10-01,2027-09-30,requires_monthly_verification,,,future_outcomes_not_observed
New York City,dfs_473cd444c2114483,40.76121,-73.96683,2026-09-15,2026-10-01,2027-09-30,requires_monthly_verification,,,future_outcomes_not_observed
New York City,dfs_a9ae30c485f64e48,40.75213,-73.97759,2026-09-15,2026-10-01,2027-09-30,requires_monthly_verification,,,future_outcomes_not_observed
New York City,dfs_208d126a3c1a219e,40.74045,-73.78716,2026-09-15,2026-10-01,2027-09-30,requires_monthly_verification,,,future_outcomes_not_observed
New York City,dfs_e23c85436ab99131,40.73336,-74.00259,2026-09-15,2026-10-01,2027-09-30,requires_monthly_verification,,,future_outcomes_not_observed
New York City,dfs_87e84c1401a28bb7,40.78355,-73.98032,2026-09-15,2026-10-01,2027-09-30,requires_monthly_verification,,,future_outcomes_not_observed
New York City,dfs_0c082a9002887d13,40.76671,-73.92102,2026-09-15,2026-10-01,2027-09-30,requires_monthly_verification,,,future_outcomes_not_observed
New York City,dfs_f6e9b2dfa936b190,40.62964,-74.11144,2026-09-15,2026-10-01,2027-09-30,requires_monthly_verification,,,future_outcomes_not_observed
New York City,dfs_d4e2c1ca36c70423,40.76016,-73.97192,2026-09-15,2026-10-01,2027-09-30,requires_monthly_verification,,,future_outcomes_not_observed
New York City,dfs_89596153cca15538,40.68496,-73.83048,2026-09-15,2026-10-01,2027-09-30,requires_monthly_verification,,,future_outcomes_not_observed
New York City,dfs_5e1c3e7f49aa96cc,40.8502,-73.91598,2026-09-15,2026-10-01,2027-09-30,requires_monthly_verification,,,future_outcomes_not_observed
New York City,dfs_435d220f06c7bff3,40.74761,-74.00398,2026-09-15,2026-10-01,2027-09-30,requires_monthly_verification,,,future_outcomes_not_observed
New York City,dfs_4132bb1480f78fce,40.82729,-73.92479,2026-09-15,2026-10-01,2027-09-30,requires_monthly_verification,,,future_outcomes_not_observed
New York City,dfs_77f5c8aaaeab0902,40.76002,-73.83035,2026-09-15,2026-10-01,2027-09-30,requires_monthly_verification,,,future_outcomes_not_observed
New York City,dfs_cef7e94b0b2c38e7,40.84239,-73.84502,2026-09-15,2026-10-01,2027-09-30,requires_monthly_verification,,,future_outcomes_not_observed
New York City,dfs_0b329d47c7e0efe0,40.87907,-73.90475,2026-09-15,2026-10-01,2027-09-30,requires_monthly_verification,,,future_outcomes_not_observed
New York City,dfs_e4dfcea77ec646df,40.77473,-73.91165,2026-09-15,2026-10-01,2027-09-30,requires_monthly_verification,,,future_outcomes_not_observed
New York City,dfs_e41347798a1d35b4,40.74285,-73.98447,2026-09-15,2026-10-01,2027-09-30,requires_monthly_verification,,,future_outcomes_not_observed
New York City,dfs_059321f4dbd3d4ac,40.71855,-73.98851,2026-09-15,2026-10-01,2027-09-30,requires_monthly_verification,,,future_outcomes_not_observed
New York City,dfs_215314e0e5f30750,40.72115,-73.84416,2026-09-15,2026-10-01,2027-09-30,requires_monthly_verification,,,future_outcomes_not_observed
New York City,dfs_63e0f5f805cc1cda,40.89327,-73.85644,2026-09-15,2026-10-01,2027-09-30,requires_monthly_verification,,,future_outcomes_not_observed
New York City,dfs_b39c2aab15edbc06,40.77066,-73.96204,2026-09-15,2026-10-01,2027-09-30,requires_monthly_verification,,,future_outcomes_not_observed
New York City,dfs_d35e4da82efb65b9,40.83924,-73.94095,2026-09-15,2026-10-01,2027-09-30,requires_monthly_verification,,,future_outcomes_not_observed
New York City,dfs_bff8237d122ca3a6,40.75906,-73.91918,2026-09-15,2026-10-01,2027-09-30,requires_monthly_verification,,,future_outcomes_not_observed
New York City,dfs_3c6cca5f4c62ccda,40.7108,-74.01611,2026-09-15,2026-10-01,2027-09-30,requires_monthly_verification,,,future_outcomes_not_observed
New York City,dfs_08f2be08b8720f08,40.60375,-73.75201,2026-09-15,2026-10-01,2027-09-30,requires_monthly_verification,,,future_outcomes_not_observed
New York City,dfs_88fb90671f26fae8,40.88813,-73.90759,2026-09-15,2026-10-01,2027-09-30,requires_monthly_verification,,,future_outcomes_not_observed
New York City,dfs_0d8a81f3bb96676f,40.77767,-73.97869,2026-09-15,2026-10-01,2027-09-30,requires_monthly_verification,,,future_outcomes_not_observed
New York City,dfs_adf95f40e54f57ee,40.74247,-73.95279,2026-09-15,2026-10-01,2027-09-30,requires_monthly_verification,,,future_outcomes_not_observed
New York City,dfs_17001698a600337f,40.78005,-73.77701,2026-09-15,2026-10-01,2027-09-30,requires_monthly_verification,,,future_outcomes_not_observed
New York City,dfs_c593752c1530ac22,40.67842,-73.77766,2026-09-15,2026-10-01,2027-09-30,requires_monthly_verification,,,future_outcomes_not_observed
New York City,dfs_d2cc6bcdb3eb2aa8,40.7679,-73.95624,2026-09-15,2026-10-01,2027-09-30,requires_monthly_verification,,,future_outcomes_not_observed
New York City,dfs_b6ef8b3267694919,40.6027,-73.99303,2026-09-15,2026-10-01,2027-09-30,requires_monthly_verification,,,future_outcomes_not_observed
New York City,dfs_c9f8d2da2090162a,40.82303,-73.84896,2026-09-15,2026-10-01,2027-09-30,requires_monthly_verification,,,future_outcomes_not_observed
New York City,dfs_679761650c91ed80,40.71414,-73.77763,2026-09-15,2026-10-01,2027-09-30,requires_monthly_verification,,,future_outcomes_not_observed
New York City,dfs_c2a05c4ee2d8c8f3,40.7492,-73.88422,2026-09-15,2026-10-01,2027-09-30,requires_monthly_verification,,,future_outcomes_not_observed
New York City,dfs_4dce52de842ca531,40.61803,-73.95981,2026-09-15,2026-10-01,2027-09-30,requires_monthly_verification,,,future_outcomes_not_observed
New York City,dfs_d92481ddf65bd86c,40.74722,-73.89054,2026-09-15,2026-10-01,2027-09-30,requires_monthly_verification,,,future_outcomes_not_observed
New York City,dfs_3bf096145265a4c7,40.8257,-73.95109,2026-09-15,2026-10-01,2027-09-30,requires_monthly_verification,,,future_outcomes_not_observed
New York City,dfs_5d3924383c75970b,40.86381,-73.9262,2026-09-15,2026-10-01,2027-09-30,requires_monthly_verification,,,future_outcomes_not_observed
New York City,dfs_fa29ba2a02a6cd97,40.77604,-73.94728,2026-09-15,2026-10-01,2027-09-30,requires_monthly_verification,,,future_outcomes_not_observed
New York City,dfs_8308f55642e5b24c,40.87538,-73.87951,2026-09-15,2026-10-01,2027-09-30,requires_monthly_verification,,,future_outcomes_not_observed
New York City,dfs_048df32835ed2730,40.74066,-73.75883,2026-09-15,2026-10-01,2027-09-30,requires_monthly_verification,,,future_outcomes_not_observed
New York City,dfs_40bc9362b637f5cd,40.72689,-73.82181,2026-09-15,2026-10-01,2027-09-30,requires_monthly_verification,,,future_outcomes_not_observed
New York City,dfs_01a3b16adae1c3c0,40.74274,-73.99242,2026-09-15,2026-10-01,2027-09-30,requires_monthly_verification,,,future_outcomes_not_observed
New York City,dfs_b8e4f30884262ca1,40.70854,-73.83069,2026-09-15,2026-10-01,2027-09-30,requires_monthly_verification,,,future_outcomes_not_observed
New York City,dfs_78320a8f4c4dce78,40.75404,-73.98696,2026-09-15,2026-10-01,2027-09-30,requires_monthly_verification,,,future_outcomes_not_observed
New York City,dfs_337d61889e26678e,40.6936,-73.98408,2026-09-15,2026-10-01,2027-09-30,requires_monthly_verification,,,future_outcomes_not_observed
New York City,dfs_df15edee711d0e3a,40.71098,-74.00899,2026-09-15,2026-10-01,2027-09-30,requires_monthly_verification,,,future_outcomes_not_observed
New York City,dfs_27817d3212836f5d,40.6193,-73.91724,2026-09-15,2026-10-01,2027-09-30,requires_monthly_verification,,,future_outcomes_not_observed
New York City,dfs_8f89e4ad9adf4196,40.79057,-73.97464,2026-09-15,2026-10-01,2027-09-30,requires_monthly_verification,,,future_outcomes_not_observed
New York City,dfs_0d5a31452d9d962d,40.6866,-73.82435,2026-09-15,2026-10-01,2027-09-30,requires_monthly_verification,,,future_outcomes_not_observed
New York City,dfs_6831029d2fd7d10f,40.76291,-73.77062,2026-09-15,2026-10-01,2027-09-30,requires_monthly_verification,,,future_outcomes_not_observed
New York City,dfs_05834a72a24b3452,40.78628,-73.83603,2026-09-15,2026-10-01,2027-09-30,requires_monthly_verification,,,future_outcomes_not_observed
New York City,dfs_bc02226adfd8cf72,40.70819,-73.81859,2026-09-15,2026-10-01,2027-09-30,requires_monthly_verification,,,future_outcomes_not_observed
New York City,dfs_3dbc5cc63740ba78,40.59589,-73.96122,2026-09-15,2026-10-01,2027-09-30,requires_monthly_verification,,,future_outcomes_not_observed
New York City,dfs_2a3b1d062b063310,40.57625,-74.16875,2026-09-15,2026-10-01,2027-09-30,requires_monthly_verification,,,future_outcomes_not_observed
New York City,dfs_1a1c77dd587736a5,40.59031,-73.97231,2026-09-15,2026-10-01,2027-09-30,requires_monthly_verification,,,future_outcomes_not_observed
New York City,dfs_7a6b33dc45565b2a,40.84722,-73.83165,2026-09-15,2026-10-01,2027-09-30,requires_monthly_verification,,,future_outcomes_not_observed
New York City,dfs_2dfcb5b35d169fc8,40.73184,-74.00086,2026-09-15,2026-10-01,2027-09-30,requires_monthly_verification,,,future_outcomes_not_observed
New York City,dfs_4c8de67989ff6239,40.81091,-73.95291,2026-09-15,2026-10-01,2027-09-30,requires_monthly_verification,,,future_outcomes_not_observed
New York City,dfs_ef6571808bcd52fd,40.87778,-73.86593,2026-09-15,2026-10-01,2027-09-30,requires_monthly_verification,,,future_outcomes_not_observed
New York City,dfs_6ed1c3b36ed28238,40.71857,-73.99511,2026-09-15,2026-10-01,2027-09-30,requires_monthly_verification,,,future_outcomes_not_observed
New York City,dfs_cad3eecf6cf91d2d,40.76274,-73.98206,2026-09-15,2026-10-01,2027-09-30,requires_monthly_verification,,,future_outcomes_not_observed
New York City,dfs_e8641a2dbb0e4f3d,40.76641,-73.98681,2026-09-15,2026-10-01,2027-09-30,requires_monthly_verification,,,future_outcomes_not_observed
New York City,dfs_b6b365a90566e626,40.7558,-73.9834,2026-09-15,2026-10-01,2027-09-30,requires_monthly_verification,,,future_outcomes_not_observed
New York City,dfs_0d6ceb5971c67346,40.81677,-73.94717,2026-09-15,2026-10-01,2027-09-30,requires_monthly_verification,,,future_outcomes_not_observed
New York City,dfs_a93b2f65c5ca581b,40.75581,-73.99083,2026-09-15,2026-10-01,2027-09-30,requires_monthly_verification,,,future_outcomes_not_observed
New York City,dfs_3921e9b09ce540f5,40.86743,-73.82741,2026-09-15,2026-10-01,2027-09-30,requires_monthly_verification,,,future_outcomes_not_observed
New York City,dfs_a48599acf20f4417,40.75877,-73.89039,2026-09-15,2026-10-01,2027-09-30,requires_monthly_verification,,,future_outcomes_not_observed
New York City,dfs_8468b95ed9198204,40.7506,-73.98089,2026-09-15,2026-10-01,2027-09-30,requires_monthly_verification,,,future_outcomes_not_observed
New York City,dfs_baadfe1be49bc6f6,40.69091,-73.99179,2026-09-15,2026-10-01,2027-09-30,requires_monthly_verification,,,future_outcomes_not_observed
New York City,dfs_86f95d066db8338d,40.83443,-73.85192,2026-09-15,2026-10-01,2027-09-30,requires_monthly_verification,,,future_outcomes_not_observed
New York City,dfs_4ed512c7e9265bd4,40.73826,-73.86001,2026-09-15,2026-10-01,2027-09-30,requires_monthly_verification,,,future_outcomes_not_observed
New York City,dfs_cb046b4036c008e1,40.74876,-73.75653,2026-09-15,2026-10-01,2027-09-30,requires_monthly_verification,,,future_outcomes_not_observed
New York City,dfs_c71ceddf8e0a4f87,40.71824,-73.73595,2026-09-15,2026-10-01,2027-09-30,requires_monthly_verification,,,future_outcomes_not_observed
New York City,dfs_8454b6322d5d3f08,40.72937,-73.85969,2026-09-15,2026-10-01,2027-09-30,requires_monthly_verification,,,future_outcomes_not_observed
New York City,dfs_fec1970a7ce47e26,40.71348,-73.91497,2026-09-15,2026-10-01,2027-09-30,requires_monthly_verification,,,future_outcomes_not_observed
New York City,dfs_86c5d31cf9831dc9,40.65033,-73.94953,2026-09-15,2026-10-01,2027-09-30,requires_monthly_verification,,,future_outcomes_not_observed
New York City,dfs_9f27fd6a8619f015,40.72717,-73.81154,2026-09-15,2026-10-01,2027-09-30,requires_monthly_verification,,,future_outcomes_not_observed
New York City,dfs_bfddb1ab5088fee5,40.63857,-73.895,2026-09-15,2026-10-01,2027-09-30,requires_monthly_verification,,,future_outcomes_not_observed
New York City,dfs_0d5fa4b0148271ae,40.79816,-73.94051,2026-09-15,2026-10-01,2027-09-30,requires_monthly_verification,,,future_outcomes_not_observed
New York City,dfs_f622a076a0509bbd,40.72917,-73.78146,2026-09-15,2026-10-01,2027-09-30,requires_monthly_verification,,,future_outcomes_not_observed
New York City,dfs_75fdad535da4fce3,40.60581,-74.00026,2026-09-15,2026-10-01,2027-09-30,requires_monthly_verification,,,future_outcomes_not_observed
New York City,dfs_4e42b92b13761711,40.79171,-73.94457,2026-09-15,2026-10-01,2027-09-30,requires_monthly_verification,,,future_outcomes_not_observed
New York City,dfs_74221a2093f9d06f,40.86742,-73.89723,2026-09-15,2026-10-01,2027-09-30,requires_monthly_verification,,,future_outcomes_not_observed
New York City,dfs_49b9f6085806765a,40.66973,-73.91056,2026-09-15,2026-10-01,2027-09-30,requires_monthly_verification,,,future_outcomes_not_observed
New York City,dfs_ecc9e9163087af30,40.66077,-73.8851,2026-09-15,2026-10-01,2027-09-30,requires_monthly_verification,,,future_outcomes_not_observed
New York City,dfs_0178509cc6e964d0,40.8049,-73.93867,2026-09-15,2026-10-01,2027-09-30,requires_monthly_verification,,,future_outcomes_not_observed
New York City,dfs_3f9e91372c77604d,40.695,-73.78202,2026-09-15,2026-10-01,2027-09-30,requires_monthly_verification,,,future_outcomes_not_observed
New York City,dfs_a3cdfc0d20b8d9fb,40.6248,-73.96489,2026-09-15,2026-10-01,2027-09-30,requires_monthly_verification,,,future_outcomes_not_observed
New York City,dfs_9334a0ac61960891,40.70121,-73.94219,2026-09-15,2026-10-01,2027-09-30,requires_monthly_verification,,,future_outcomes_not_observed
New York City,dfs_070ccf45086fd13e,40.67906,-73.86365,2026-09-15,2026-10-01,2027-09-30,requires_monthly_verification,,,future_outcomes_not_observed
New York City,dfs_28618a0f8a8bbf43,40.74847,-73.98814,2026-09-15,2026-10-01,2027-09-30,requires_monthly_verification,,,future_outcomes_not_observed
New York City,dfs_31f6150f6fced7e5,40.74296,-73.91833,2026-09-15,2026-10-01,2027-09-30,requires_monthly_verification,,,future_outcomes_not_observed
New York City,dfs_94e6c0686c4ebf42,40.63572,-73.9914,2026-09-15,2026-10-01,2027-09-30,requires_monthly_verification,,,future_outcomes_not_observed
New York City,dfs_d99255e49f8991b0,40.84556,-73.89141,2026-09-15,2026-10-01,2027-09-30,requires_monthly_verification,,,future_outcomes_not_observed
New York City,dfs_5ffab38318a8d57b,40.71166,-73.94365,2026-09-15,2026-10-01,2027-09-30,requires_monthly_verification,,,future_outcomes_not_observed
New York City,dfs_0c823f3ffeb3c170,40.83758,-73.88306,2026-09-15,2026-10-01,2027-09-30,requires_monthly_verification,,,future_outcomes_not_observed
New York City,dfs_6b7854de8d4a46a0,40.62977,-74.02253,2026-09-15,2026-10-01,2027-09-30,requires_monthly_verification,,,future_outcomes_not_observed
New York City,dfs_e115fb5e40708be4,40.82775,-73.9251,2026-09-15,2026-10-01,2027-09-30,requires_monthly_verification,,,future_outcomes_not_observed
New York City,dfs_2192d96c5a809af6,40.60908,-74.12194,2026-09-15,2026-10-01,2027-09-30,requires_monthly_verification,,,future_outcomes_not_observed
New York City,dfs_32d1d7ac35653dc6,40.7014,-73.80791,2026-09-15,2026-10-01,2027-09-30,requires_monthly_verification,,,future_outcomes_not_observed
New York City,dfs_0781c822637f09f3,40.72982,-73.99124,2026-09-15,2026-10-01,2027-09-30,requires_monthly_verification,,,future_outcomes_not_observed
New York City,dfs_5d277b10b67411dc,40.74515,-73.90463,2026-09-15,2026-10-01,2027-09-30,requires_monthly_verification,,,future_outcomes_not_observed
New York City,dfs_2ef50e17da3dd6d8,40.65122,-73.93009,2026-09-15,2026-10-01,2027-09-30,requires_monthly_verification,,,future_outcomes_not_observed
New York City,dfs_5e33a1ef1b83fcb3,40.76305,-73.96759,2026-09-15,2026-10-01,2027-09-30,requires_monthly_verification,,,future_outcomes_not_observed
New York City,dfs_e07024e8f2a96742,40.75935,-73.99481,2026-09-15,2026-10-01,2027-09-30,requires_monthly_verification,,,future_outcomes_not_observed
New York City,dfs_2bd1e0e5e58ed168,40.68093,-73.99658,2026-09-15,2026-10-01,2027-09-30,requires_monthly_verification,,,future_outcomes_not_observed
New York City,dfs_5bf68d8ffdf64fca,40.70243,-73.98719,2026-09-15,2026-10-01,2027-09-30,requires_monthly_verification,,,future_outcomes_not_observed
New York City,dfs_577f5bb1cc3b5fa3,40.73466,-73.87373,2026-09-15,2026-10-01,2027-09-30,requires_monthly_verification,,,future_outcomes_not_observed
New York City,dfs_bf17a20babf00c63,40.74422,-73.88571,2026-09-15,2026-10-01,2027-09-30,requires_monthly_verification,,,future_outcomes_not_observed
New York City,dfs_ba8195d5562dac5c,40.74575,-73.71447,2026-09-15,2026-10-01,2027-09-30,requires_monthly_verification,,,future_outcomes_not_observed
New York City,dfs_e1687690388be2ad,40.7679,-73.79067,2026-09-15,2026-10-01,2027-09-30,requires_monthly_verification,,,future_outcomes_not_observed
New York City,dfs_efbcad571bf5655d,40.72123,-73.75988,2026-09-15,2026-10-01,2027-09-30,requires_monthly_verification,,,future_outcomes_not_observed
New York City,dfs_4b3e56d6ffc68e83,40.66299,-73.84072,2026-09-15,2026-10-01,2027-09-30,requires_monthly_verification,,,future_outcomes_not_observed
New York City,dfs_7489e2765847bc12,40.67565,-73.73921,2026-09-15,2026-10-01,2027-09-30,requires_monthly_verification,,,future_outcomes_not_observed
New York City,dfs_cbede9dea5393191,40.7815,-73.95239,2026-09-15,2026-10-01,2027-09-30,requires_monthly_verification,,,future_outcomes_not_observed
New York City,dfs_a56e2fc18b9bc39e,40.75023,-73.97193,2026-09-15,2026-10-01,2027-09-30,requires_monthly_verification,,,future_outcomes_not_observed
New York City,dfs_9f92793a45353af2,40.71699,-74.00609,2026-09-15,2026-10-01,2027-09-30,requires_monthly_verification,,,future_outcomes_not_observed
New York City,dfs_d4944471c1d89f72,40.76836,-73.96371,2026-09-15,2026-10-01,2027-09-30,requires_monthly_verification,,,future_outcomes_not_observed
New York City,dfs_dd408ff095cb6c62,40.74611,-73.98213,2026-09-15,2026-10-01,2027-09-30,requires_monthly_verification,,,future_outcomes_not_observed
New York City,dfs_52d323646659eb2d,40.78106,-73.95929,2026-09-15,2026-10-01,2027-09-30,requires_monthly_verification,,,future_outcomes_not_observed
New York City,dfs_749ef28a78fafd86,40.75682,-73.96403,2026-09-15,2026-10-01,2027-09-30,requires_monthly_verification,,,future_outcomes_not_observed
New York City,dfs_7ad392579b80374a,40.77161,-73.95028,2026-09-15,2026-10-01,2027-09-30,requires_monthly_verification,,,future_outcomes_not_observed
New York City,dfs_61a6ae33837270f2,40.76267,-73.96283,2026-09-15,2026-10-01,2027-09-30,requires_monthly_verification,,,future_outcomes_not_observed
New York City,dfs_b0dabd761c173a62,40.72962,-73.98694,2026-09-15,2026-10-01,2027-09-30,requires_monthly_verification,,,future_outcomes_not_observed
New York City,dfs_fa3cdc98da7d6d16,40.73965,-73.99517,2026-09-15,2026-10-01,2027-09-30,requires_monthly_verification,,,future_outcomes_not_observed
New York City,dfs_8b6d1f2204e5b10d,40.73657,-73.9848,2026-09-15,2026-10-01,2027-09-30,requires_monthly_verification,,,future_outcomes_not_observed
New York City,dfs_ea76c9eeccb04277,40.72502,-73.99226,2026-09-15,2026-10-01,2027-09-30,requires_monthly_verification,,,future_outcomes_not_observed
New York City,dfs_6055c6ec19230262,40.75639,-73.98664,2026-09-15,2026-10-01,2027-09-30,requires_monthly_verification,,,future_outcomes_not_observed
New York City,dfs_3886c8ca0c046b74,40.61901,-74.00877,2026-09-15,2026-10-01,2027-09-30,requires_monthly_verification,,,future_outcomes_not_observed
Rochester,dfs_cea3aee00c0bf47f,43.12188,-77.62609,2026-09-15,2026-10-01,2027-09-30,requires_monthly_verification,,,future_outcomes_not_observed
New York City,dfs_b19281d0d97dbcd4,40.76352,-73.97776,2026-09-15,2026-10-01,2027-09-30,requires_monthly_verification,,,future_outcomes_not_observed
New York City,dfs_a15ab652cc8faa0c,40.60948,-74.00627,2026-09-15,2026-10-01,2027-09-30,requires_monthly_verification,,,future_outcomes_not_observed
New York City,dfs_14e1b1eab0384fd5,40.71835,-73.81693,2026-09-15,2026-10-01,2027-09-30,requires_monthly_verification,,,future_outcomes_not_observed
New York City,dfs_9f03221c4c5b49dd,40.76513,-73.81112,2026-09-15,2026-10-01,2027-09-30,requires_monthly_verification,,,future_outcomes_not_observed
New York City,dfs_1eff9b961cd66c15,40.60429,-73.9712,2026-09-15,2026-10-01,2027-09-30,requires_monthly_verification,,,future_outcomes_not_observed
New York City,dfs_63a1dfae1476eec7,40.69604,-73.74653,2026-09-15,2026-10-01,2027-09-30,requires_monthly_verification,,,future_outcomes_not_observed
New York City,dfs_13c152710ac546e5,40.73194,-73.98215,2026-09-15,2026-10-01,2027-09-30,requires_monthly_verification,,,future_outcomes_not_observed
New York City,dfs_c232fa63ccd61b68,40.77457,-73.98095,2026-09-15,2026-10-01,2027-09-30,requires_monthly_verification,,,future_outcomes_not_observed
New York City,dfs_7a6573a9f6759c4a,40.73724,-73.97934,2026-09-15,2026-10-01,2027-09-30,requires_monthly_verification,,,future_outcomes_not_observed
New York City,dfs_317ce0fe7b7815d0,40.76975,-73.98201,2026-09-15,2026-10-01,2027-09-30,requires_monthly_verification,,,future_outcomes_not_observed
New York City,dfs_4fc03c10e18c760b,40.57636,-73.96738,2026-09-15,2026-10-01,2027-09-30,requires_monthly_verification,,,future_outcomes_not_observed
New York City,dfs_74bcd4e184d938ae,40.72239,-73.88537,2026-09-15,2026-10-01,2027-09-30,requires_monthly_verification,,,future_outcomes_not_observed
New York City,dfs_f1616a4646623e72,40.7,-73.95466,2026-09-15,2026-10-01,2027-09-30,requires_monthly_verification,,,future_outcomes_not_observed
New York City,dfs_f34cc17199629735,40.81589,-73.95802,2026-09-15,2026-10-01,2027-09-30,requires_monthly_verification,,,future_outcomes_not_observed
New York City,dfs_b64d44eadbff2e8b,40.74375,-73.98798,2026-09-15,2026-10-01,2027-09-30,requires_monthly_verification,,,future_outcomes_not_observed
New York City,dfs_98d78ea67d33f3fc,40.7551,-73.97971,2026-09-15,2026-10-01,2027-09-30,requires_monthly_verification,,,future_outcomes_not_observed
New York City,dfs_a69b5d603f90c70c,40.76499,-73.96404,2026-09-15,2026-10-01,2027-09-30,requires_monthly_verification,,,future_outcomes_not_observed
New York City,dfs_f991bd200978a697,40.6124,-73.98291,2026-09-15,2026-10-01,2027-09-30,requires_monthly_verification,,,future_outcomes_not_observed
New York City,dfs_9dc08e35be271518,40.80373,-73.9669,2026-09-15,2026-10-01,2027-09-30,requires_monthly_verification,,,future_outcomes_not_observed
New York City,dfs_740bab15389e174a,40.77608,-73.96231,2026-09-15,2026-10-01,2027-09-30,requires_monthly_verification,,,future_outcomes_not_observed
New York City,dfs_076df237776af954,40.63052,-74.00942,2026-09-15,2026-10-01,2027-09-30,requires_monthly_verification,,,future_outcomes_not_observed
New York City,dfs_0b28fe3454ebc056,40.73618,-73.99349,2026-09-15,2026-10-01,2027-09-30,requires_monthly_verification,,,future_outcomes_not_observed
New York City,dfs_1c971fab0c057ed6,40.71781,-73.99966,2026-09-15,2026-10-01,2027-09-30,requires_monthly_verification,,,future_outcomes_not_observed
New York City,dfs_9df6971de29d0cb9,40.82454,-73.89218,2026-09-15,2026-10-01,2027-09-30,requires_monthly_verification,,,future_outcomes_not_observed
New York City,dfs_bc25e7e7f15bed89,40.75259,-73.98941,2026-09-15,2026-10-01,2027-09-30,requires_monthly_verification,,,future_outcomes_not_observed
New York City,dfs_7644164bd65c7536,40.68974,-73.98308,2026-09-15,2026-10-01,2027-09-30,requires_monthly_verification,,,future_outcomes_not_observed
New York City,dfs_72132e2fa3c05b2e,40.69311,-73.96961,2026-09-15,2026-10-01,2027-09-30,requires_monthly_verification,,,future_outcomes_not_observed
New York City,dfs_a6ea8c3a031f61b1,40.6384,-74.00651,2026-09-15,2026-10-01,2027-09-30,requires_monthly_verification,,,future_outcomes_not_observed
New York City,dfs_1dd8016b499ca257,40.80585,-73.95433,2026-09-15,2026-10-01,2027-09-30,requires_monthly_verification,,,future_outcomes_not_observed
New York City,dfs_8a8687ed6942865d,40.81066,-73.8832,2026-09-15,2026-10-01,2027-09-30,requires_monthly_verification,,,future_outcomes_not_observed
New York City,dfs_74baf096aa9f73dc,40.71091,-74.01087,2026-09-15,2026-10-01,2027-09-30,requires_monthly_verification,,,future_outcomes_not_observed
New York City,dfs_9a7e0504755ee1a4,40.8207,-73.95475,2026-09-15,2026-10-01,2027-09-30,requires_monthly_verification,,,future_outcomes_not_observed
Rochester,dfs_eaa673ff4c6479ee,43.14579,-77.59236,2026-09-15,2026-10-01,2027-09-30,requires_monthly_verification,,,future_outcomes_not_observed
New York City,dfs_bf0c0c4f9f71de5d,40.57687,-73.98244,2026-09-15,2026-10-01,2027-09-30,requires_monthly_verification,,,future_outcomes_not_observed
New York City,dfs_c23101206462ce13,40.79403,-73.97213,2026-09-15,2026-10-01,2027-09-30,requires_monthly_verification,,,future_outcomes_not_observed
New York City,dfs_7a54b71779647472,40.71378,-73.99814,2026-09-15,2026-10-01,2027-09-30,requires_monthly_verification,,,future_outcomes_not_observed
New York City,dfs_b02556c4b6c399c2,40.85011,-73.93558,2026-09-15,2026-10-01,2027-09-30,requires_monthly_verification,,,future_outcomes_not_observed
New York City,dfs_d9309609d7241ef7,40.62256,-74.02799,2026-09-15,2026-10-01,2027-09-30,requires_monthly_verification,,,future_outcomes_not_observed
New York City,dfs_09bb82cc5ab0f4cd,40.60932,-73.9215,2026-09-15,2026-10-01,2027-09-30,requires_monthly_verification,,,future_outcomes_not_observed
New York City,dfs_f2682ff0f16ce49c,40.60923,-73.95643,2026-09-15,2026-10-01,2027-09-30,requires_monthly_verification,,,future_outcomes_not_observed
New York City,dfs_05cd3bd5dd8b5e28,40.76539,-73.97971,2026-09-15,2026-10-01,2027-09-30,requires_monthly_verification,,,future_outcomes_not_observed
New York City,dfs_a02e927e80064f05,40.76084,-73.97971,2026-09-15,2026-10-01,2027-09-30,requires_monthly_verification,,,future_outcomes_not_observed
New York City,dfs_54af7258b67763e7,40.76813,-73.9824,2026-09-15,2026-10-01,2027-09-30,requires_monthly_verification,,,future_outcomes_not_observed
New York City,dfs_78e979dbfa2b01b9,40.86546,-73.86559,2026-09-15,2026-10-01,2027-09-30,requires_monthly_verification,,,future_outcomes_not_observed
New York City,dfs_81ffbd0aa3fafc85,40.78487,-73.95588,2026-09-15,2026-10-01,2027-09-30,requires_monthly_verification,,,future_outcomes_not_observed
New York City,dfs_6c05d181500a30b2,40.75132,-73.99784,2026-09-15,2026-10-01,2027-09-30,requires_monthly_verification,,,future_outcomes_not_observed
New York City,dfs_4d8c637de1d95974,40.85582,-73.88743,2026-09-15,2026-10-01,2027-09-30,requires_monthly_verification,,,future_outcomes_not_observed
New York City,dfs_ade0c05a896f99f5,40.71337,-74.01164,2026-09-15,2026-10-01,2027-09-30,requires_monthly_verification,,,future_outcomes_not_observed
New York City,dfs_a9ea74f9f5c2e61b,40.5808,-73.83786,2026-09-15,2026-10-01,2027-09-30,requires_monthly_verification,,,future_outcomes_not_observed
Buffalo,dfs_3af920f85ffcd094,42.94056,-78.88339,2026-09-15,2026-10-01,2027-09-30,requires_monthly_verification,,,future_outcomes_not_observed
New York City,dfs_5dfc8b65503893e7,40.72291,-73.99888,2026-09-15,2026-10-01,2027-09-30,requires_monthly_verification,,,future_outcomes_not_observed
New York City,dfs_0c02a95f0ac732ec,40.8126,-73.93777,2026-09-15,2026-10-01,2027-09-30,requires_monthly_verification,,,future_outcomes_not_observed
New York City,dfs_bb4d5d17f7c618c8,40.76709,-73.98257,2026-09-15,2026-10-01,2027-09-30,requires_monthly_verification,,,future_outcomes_not_observed
Rochester,dfs_e99261cdb104b20e,43.15621,-77.60601,2026-09-15,2026-10-01,2027-09-30,requires_monthly_verification,,,future_outcomes_not_observed
New York City,dfs_c004a5e8eb679313,40.63493,-73.99222,2026-09-15,2026-10-01,2027-09-30,requires_monthly_verification,,,future_outcomes_not_observed
New York City,dfs_ed3a725dda89dd1a,40.75662,-73.97016,2026-09-15,2026-10-01,2027-09-30,requires_monthly_verification,,,future_outcomes_not_observed
New York City,dfs_c08c246d37fd5737,40.63176,-73.98476,2026-09-15,2026-10-01,2027-09-30,requires_monthly_verification,,,future_outcomes_not_observed
New York City,dfs_d1ff58db17459aef,40.70373,-74.00951,2026-09-15,2026-10-01,2027-09-30,requires_monthly_verification,,,future_outcomes_not_observed
New York City,dfs_54d9c4f93f653358,40.75568,-73.97718,2026-09-15,2026-10-01,2027-09-30,requires_monthly_verification,,,future_outcomes_not_observed
New York City,dfs_294a6c6400c3ca5d,40.73755,-74.0046,2026-09-15,2026-10-01,2027-09-30,requires_monthly_verification,,,future_outcomes_not_observed
New York City,dfs_6c596ae9cb2869bb,40.77163,-73.96507,2026-09-15,2026-10-01,2027-09-30,requires_monthly_verification,,,future_outcomes_not_observed
New York City,dfs_0a807ebe0c6d351d,40.78634,-73.97233,2026-09-15,2026-10-01,2027-09-30,requires_monthly_verification,,,future_outcomes_not_observed
New York City,dfs_94525a2b912b58e9,40.7592,-73.96492,2026-09-15,2026-10-01,2027-09-30,requires_monthly_verification,,,future_outcomes_not_observed
New York City,dfs_d194d10ea116a813,40.77944,-73.95544,2026-09-15,2026-10-01,2027-09-30,requires_monthly_verification,,,future_outcomes_not_observed
New York City,dfs_03752612db99ea08,40.73637,-73.99084,2026-09-15,2026-10-01,2027-09-30,requires_monthly_verification,,,future_outcomes_not_observed
New York City,dfs_30fa419816dfa348,40.75446,-73.99923,2026-09-15,2026-10-01,2027-09-30,requires_monthly_verification,,,future_outcomes_not_observed
New York City,dfs_9c9d98c2b45d53d3,40.70808,-74.00872,2026-09-15,2026-10-01,2027-09-30,requires_monthly_verification,,,future_outcomes_not_observed
New York City,dfs_c0be9e9f85ce6e83,40.75858,-73.97307,2026-09-15,2026-10-01,2027-09-30,requires_monthly_verification,,,future_outcomes_not_observed
New York City,dfs_c3046f4c82035604,40.80733,-73.94439,2026-09-15,2026-10-01,2027-09-30,requires_monthly_verification,,,future_outcomes_not_observed
New York City,dfs_ed554d4b20f4316b,40.86649,-73.92043,2026-09-15,2026-10-01,2027-09-30,requires_monthly_verification,,,future_outcomes_not_observed
New York City,dfs_50541a8a41596aca,40.75845,-73.82958,2026-09-15,2026-10-01,2027-09-30,requires_monthly_verification,,,future_outcomes_not_observed
New York City,dfs_b060ef7e8cbcef89,40.7581,-73.97318,2026-09-15,2026-10-01,2027-09-30,requires_monthly_verification,,,future_outcomes_not_observed
New York City,dfs_467329ac0d943157,40.75065,-73.94088,2026-09-15,2026-10-01,2027-09-30,requires_monthly_verification,,,future_outcomes_not_observed
New York City,dfs_c70f5cf851837970,40.54197,-74.20747,2026-09-15,2026-10-01,2027-09-30,requires_monthly_verification,,,future_outcomes_not_observed
New York City,dfs_fd108459ba408101,40.59393,-74.08659,2026-09-15,2026-10-01,2027-09-30,requires_monthly_verification,,,future_outcomes_not_observed
New York City,dfs_d9a999cf48142c36,40.70202,-74.01124,2026-09-15,2026-10-01,2027-09-30,requires_monthly_verification,,,future_outcomes_not_observed
New York City,dfs_c4e8a290cee30bce,40.71443,-73.83162,2026-09-15,2026-10-01,2027-09-30,requires_monthly_verification,,,future_outcomes_not_observed
New York City,dfs_cf5767cfbe4d412e,40.70419,-73.79822,2026-09-15,2026-10-01,2027-09-30,requires_monthly_verification,,,future_outcomes_not_observed
New York City,dfs_6c1c38766b791fa4,40.76095,-73.97901,2026-09-15,2026-10-01,2027-09-30,requires_monthly_verification,,,future_outcomes_not_observed
New York City,dfs_a32dca8337e1cb3c,40.75721,-73.71454,2026-09-15,2026-10-01,2027-09-30,requires_monthly_verification,,,future_outcomes_not_observed
New York City,dfs_573eab4f56b6103d,40.624,-74.13761,2026-09-15,2026-10-01,2027-09-30,requires_monthly_verification,,,future_outcomes_not_observed
New York City,dfs_d7c46b2af996f612,40.5674,-74.11274,2026-09-15,2026-10-01,2027-09-30,requires_monthly_verification,,,future_outcomes_not_observed
New York City,dfs_b029d60db69139b6,40.86064,-73.89061,2026-09-15,2026-10-01,2027-09-30,requires_monthly_verification,,,future_outcomes_not_observed
New York City,dfs_79daf3fb5038a85b,40.76087,-73.83077,2026-09-15,2026-10-01,2027-09-30,requires_monthly_verification,,,future_outcomes_not_observed
New York City,dfs_7dc8fbce86458455,40.71796,-73.95758,2026-09-15,2026-10-01,2027-09-30,requires_monthly_verification,,,future_outcomes_not_observed
New York City,dfs_74ae4881d598e828,40.5781,-73.95908,2026-09-15,2026-10-01,2027-09-30,requires_monthly_verification,,,future_outcomes_not_observed
New York City,dfs_5cc3b4d8e342a485,40.74574,-73.82604,2026-09-15,2026-10-01,2027-09-30,requires_monthly_verification,,,future_outcomes_not_observed
New York City,dfs_74ce056717b34f8f,40.77038,-73.73551,2026-09-15,2026-10-01,2027-09-30,requires_monthly_verification,,,future_outcomes_not_observed
New York City,dfs_b0751ca232003c03,40.54499,-74.16178,2026-09-15,2026-10-01,2027-09-30,requires_monthly_verification,,,future_outcomes_not_observed
New York City,dfs_f479c9b767826f00,40.8536,-73.90681,2026-09-15,2026-10-01,2027-09-30,requires_monthly_verification,,,future_outcomes_not_observed
New York City,dfs_caf5653aa66832a4,40.5991,-73.95381,2026-09-15,2026-10-01,2027-09-30,requires_monthly_verification,,,future_outcomes_not_observed
Rochester,dfs_97799947c5f67e23,43.24206,-77.62064,2026-09-15,2026-10-01,2027-09-30,requires_monthly_verification,,,future_outcomes_not_observed
New York City,dfs_d652e8821931541c,40.86672,-73.89563,2026-09-15,2026-10-01,2027-09-30,requires_monthly_verification,,,future_outcomes_not_observed
New York City,dfs_3973f684b8231845,40.74331,-73.98621,2026-09-15,2026-10-01,2027-09-30,requires_monthly_verification,,,future_outcomes_not_observed
New York City,dfs_62741226c82c6197,40.74677,-73.99368,2026-09-15,2026-10-01,2027-09-30,requires_monthly_verification,,,future_outcomes_not_observed
New York City,dfs_53cd4603cbe2de19,40.69423,-73.99224,2026-09-15,2026-10-01,2027-09-30,requires_monthly_verification,,,future_outcomes_not_observed
New York City,dfs_02e99c2991c5b46b,40.68033,-73.94836,2026-09-15,2026-10-01,2027-09-30,requires_monthly_verification,,,future_outcomes_not_observed
New York City,dfs_567469c502c8eeaf,40.75809,-73.83425,2026-09-15,2026-10-01,2027-09-30,requires_monthly_verification,,,future_outcomes_not_observed
New York City,dfs_bca27e088b2bf124,40.83948,-73.91575,2026-09-15,2026-10-01,2027-09-30,requires_monthly_verification,,,future_outcomes_not_observed
New York City,dfs_6fcd1efaf4f5be4f,40.69897,-73.83356,2026-09-15,2026-10-01,2027-09-30,requires_monthly_verification,,,future_outcomes_not_observed
New York City,dfs_d468780c945e9a72,40.71646,-73.99675,2026-09-15,2026-10-01,2027-09-30,requires_monthly_verification,,,future_outcomes_not_observed
New York City,dfs_d8b1cb712e0725aa,40.759,-73.98107,2026-09-15,2026-10-01,2027-09-30,requires_monthly_verification,,,future_outcomes_not_observed
New York City,dfs_eb097b79772cee27,40.76193,-73.97262,2026-09-15,2026-10-01,2027-09-30,requires_monthly_verification,,,future_outcomes_not_observed
New York City,dfs_76e4adda2e823cbb,40.68574,-73.97868,2026-09-15,2026-10-01,2027-09-30,requires_monthly_verification,,,future_outcomes_not_observed
New York City,dfs_6aefe3ba4f6aec66,40.74689,-73.98569,2026-09-15,2026-10-01,2027-09-30,requires_monthly_verification,,,future_outcomes_not_observed
New York City,dfs_ad6afc553f47b575,40.7633,-73.80942,2026-09-15,2026-10-01,2027-09-30,requires_monthly_verification,,,future_outcomes_not_observed
New York City,dfs_3ea38aa83e5de2a3,40.72968,-73.95402,2026-09-15,2026-10-01,2027-09-30,requires_monthly_verification,,,future_outcomes_not_observed
New York City,dfs_8036de0bfc3bd52e,40.66808,-73.98721,2026-09-15,2026-10-01,2027-09-30,requires_monthly_verification,,,future_outcomes_not_observed
New York City,dfs_046c0cbce0fd3fac,40.59429,-74.08643,2026-09-15,2026-10-01,2027-09-30,requires_monthly_verification,,,future_outcomes_not_observed
Rochester,dfs_1fd0868c718adcf2,43.16503,-77.62595,2026-09-15,2026-10-01,2027-09-30,requires_monthly_verification,,,future_outcomes_not_observed
Buffalo,dfs_fb8731f88b4bf8ee,42.92943,-78.84939,2026-09-15,2026-10-01,2027-09-30,requires_monthly_verification,,,future_outcomes_not_observed
Buffalo,dfs_3a4958d90e207e88,42.93609,-78.89557,2026-09-15,2026-10-01,2027-09-30,requires_monthly_verification,,,future_outcomes_not_observed
Buffalo,dfs_b5043c6b081b819f,42.89124,-78.87659,2026-09-15,2026-10-01,2027-09-30,requires_monthly_verification,,,future_outcomes_not_observed
Buffalo,dfs_3f6f202f266fa9b5,42.90022,-78.86964,2026-09-15,2026-10-01,2027-09-30,requires_monthly_verification,,,future_outcomes_not_observed
Buffalo,dfs_b0d8becc50e7051b,42.89323,-78.83684,2026-09-15,2026-10-01,2027-09-30,requires_monthly_verification,,,future_outcomes_not_observed
Buffalo,dfs_d3709192987363a3,42.88609,-78.87626,2026-09-15,2026-10-01,2027-09-30,requires_monthly_verification,,,future_outcomes_not_observed
Buffalo,dfs_39d701f175069cdc,42.9342,-78.84384,2026-09-15,2026-10-01,2027-09-30,requires_monthly_verification,,,future_outcomes_not_observed
Buffalo,dfs_93886223e34fbefd,42.87454,-78.84972,2026-09-15,2026-10-01,2027-09-30,requires_monthly_verification,,,future_outcomes_not_observed
Rochester,dfs_45c9f5d981c0c3dc,43.15164,-77.57086,2026-09-15,2026-10-01,2027-09-30,requires_monthly_verification,,,future_outcomes_not_observed
Rochester,dfs_86e5c36c97e00333,43.12116,-77.61917,2026-09-15,2026-10-01,2027-09-30,requires_monthly_verification,,,future_outcomes_not_observed
Buffalo,dfs_765428c440dcf313,42.94712,-78.86862,2026-09-15,2026-10-01,2027-09-30,requires_monthly_verification,,,future_outcomes_not_observed
Buffalo,dfs_99615c7be7056b65,42.93998,-78.81366,2026-09-15,2026-10-01,2027-09-30,requires_monthly_verification,,,future_outcomes_not_observed
Buffalo,dfs_b0ee454f7dbd1134,42.85364,-78.80839,2026-09-15,2026-10-01,2027-09-30,requires_monthly_verification,,,future_outcomes_not_observed
Buffalo,dfs_d88eae6ccd7a8045,42.90418,-78.8777,2026-09-15,2026-10-01,2027-09-30,requires_monthly_verification,,,future_outcomes_not_observed
Buffalo,dfs_e581ff6317a87a50,42.93469,-78.90232,2026-09-15,2026-10-01,2027-09-30,requires_monthly_verification,,,future_outcomes_not_observed
Buffalo,dfs_a0b50fb75dbf9e57,42.91529,-78.89024,2026-09-15,2026-10-01,2027-09-30,requires_monthly_verification,,,future_outcomes_not_observed
Buffalo,dfs_be34331872a1e3c5,42.87186,-78.86409,2026-09-15,2026-10-01,2027-09-30,requires_monthly_verification,,,future_outcomes_not_observed
Buffalo,dfs_638de1f9a09a9fa5,42.88762,-78.87497,2026-09-15,2026-10-01,2027-09-30,requires_monthly_verification,,,future_outcomes_not_observed
Buffalo,dfs_2925389dfa0a33eb,42.9244,-78.87702,2026-09-15,2026-10-01,2027-09-30,requires_monthly_verification,,,future_outcomes_not_observed
Buffalo,dfs_9e304fc147b054cb,42.88828,-78.8771,2026-09-15,2026-10-01,2027-09-30,requires_monthly_verification,,,future_outcomes_not_observed
Rochester,dfs_a728a336c1f97c39,43.15449,-77.61782,2026-09-15,2026-10-01,2027-09-30,requires_monthly_verification,,,future_outcomes_not_observed
Buffalo,dfs_77601ac5f00bc064,42.88388,-78.87497,2026-09-15,2026-10-01,2027-09-30,requires_monthly_verification,,,future_outcomes_not_observed
Buffalo,dfs_b435f7c0924b2d9a,42.89244,-78.83812,2026-09-15,2026-10-01,2027-09-30,requires_monthly_verification,,,future_outcomes_not_observed
Buffalo,dfs_8ba2c99a4ba487ec,42.95503,-78.87662,2026-09-15,2026-10-01,2027-09-30,requires_monthly_verification,,,future_outcomes_not_observed
New York City,dfs_b624b3aec57ca775,40.73675,-73.97867,2026-09-15,2026-10-01,2027-09-30,requires_monthly_verification,,,future_outcomes_not_observed
Buffalo,dfs_7c389cd0d745ca6c,42.8906,-78.8759,2026-09-15,2026-10-01,2027-09-30,requires_monthly_verification,,,future_outcomes_not_observed
Buffalo,dfs_41bec8c6c7d78c33,42.8886,-78.87315,2026-09-15,2026-10-01,2027-09-30,requires_monthly_verification,,,future_outcomes_not_observed
New York City,dfs_6986b148e38e5428,40.52707,-74.23148,2026-09-15,2026-10-01,2027-09-30,requires_monthly_verification,,,future_outcomes_not_observed
New York City,dfs_a86f7125c647fca8,40.74219,-73.95329,2026-09-15,2026-10-01,2027-09-30,requires_monthly_verification,,,future_outcomes_not_observed
New York City,dfs_7f2f582f532fcf04,40.75775,-73.96643,2026-09-15,2026-10-01,2027-09-30,requires_monthly_verification,,,future_outcomes_not_observed
New York City,dfs_45fbe1652b21e7f1,40.86141,-73.8975,2026-09-15,2026-10-01,2027-09-30,requires_monthly_verification,,,future_outcomes_not_observed
Buffalo,dfs_977fc95895fa07e9,42.88516,-78.84929,2026-09-15,2026-10-01,2027-09-30,requires_monthly_verification,,,future_outcomes_not_observed
New York City,dfs_717ff686d8efc0ff,40.74088,-73.99799,2026-09-15,2026-10-01,2027-09-30,requires_monthly_verification,,,future_outcomes_not_observed
New York City,dfs_744419513c8adee5,40.75486,-73.97577,2026-09-15,2026-10-01,2027-09-30,requires_monthly_verification,,,future_outcomes_not_observed
New York City,dfs_9708815b7dfa97d2,40.75137,-73.99152,2026-09-15,2026-10-01,2027-09-30,requires_monthly_verification,,,future_outcomes_not_observed
New York City,dfs_e82acaaf43cf0cd0,40.67645,-73.97207,2026-09-15,2026-10-01,2027-09-30,requires_monthly_verification,,,future_outcomes_not_observed
New York City,dfs_40d2c1f54bdfc3d1,40.74561,-73.98247,2026-09-15,2026-10-01,2027-09-30,requires_monthly_verification,,,future_outcomes_not_observed
New York City,dfs_60a7771570919acc,40.81858,-73.91439,2026-09-15,2026-10-01,2027-09-30,requires_monthly_verification,,,future_outcomes_not_observed
Buffalo,dfs_90911e99223e1f8e,42.94711,-78.8689,2026-09-15,2026-10-01,2027-09-30,requires_monthly_verification,,,future_outcomes_not_observed
New York City,dfs_d29fa9111f314147,40.75395,-73.982,2026-09-15,2026-10-01,2027-09-30,requires_monthly_verification,,,future_outcomes_not_observed
New York City,dfs_812d69a981e8958b,40.67574,-73.89602,2026-09-15,2026-10-01,2027-09-30,requires_monthly_verification,,,future_outcomes_not_observed
Buffalo,dfs_bd21d373f903e955,42.87301,-78.81931,2026-09-15,2026-10-01,2027-09-30,requires_monthly_verification,,,future_outcomes_not_observed
New York City,dfs_eec617b030204211,40.72658,-73.85221,2026-09-15,2026-10-01,2027-09-30,requires_monthly_verification,,,future_outcomes_not_observed
New York City,dfs_cfccabb7e78c93c0,40.76235,-73.98602,2026-09-15,2026-10-01,2027-09-30,requires_monthly_verification,,,future_outcomes_not_observed
Rochester,dfs_a0f2abfe63aa90fe,43.1569,-77.61149,2026-09-15,2026-10-01,2027-09-30,requires_monthly_verification,,,future_outcomes_not_observed
Buffalo,dfs_4a07ea8e8efc7b47,42.91055,-78.85398,2026-09-15,2026-10-01,2027-09-30,requires_monthly_verification,,,future_outcomes_not_observed
New York City,dfs_5d1fad61dc2e4fbb,40.53946,-74.14796,2026-09-15,2026-10-01,2027-09-30,requires_monthly_verification,,,future_outcomes_not_observed
New York City,dfs_c9cb8216f003dd1b,40.80824,-73.94507,2026-09-15,2026-10-01,2027-09-30,requires_monthly_verification,,,future_outcomes_not_observed
Rochester,dfs_65f1246d8c224b05,43.18452,-77.56628,2026-09-15,2026-10-01,2027-09-30,requires_monthly_verification,,,future_outcomes_not_observed
New York City,dfs_3e1e0e58a3b9d498,40.62698,-74.02367,2026-09-15,2026-10-01,2027-09-30,requires_monthly_verification,,,future_outcomes_not_observed
New York City,dfs_4f47f2c781fe2709,40.62638,-74.16343,2026-09-15,2026-10-01,2027-09-30,requires_monthly_verification,,,future_outcomes_not_observed
New York City,dfs_083cd29cacbfadd7,40.59089,-74.10087,2026-09-15,2026-10-01,2027-09-30,requires_monthly_verification,,,future_outcomes_not_observed
Buffalo,dfs_120f0391cb881c3d,42.95024,-78.9041,2026-09-15,2026-10-01,2027-09-30,requires_monthly_verification,,,future_outcomes_not_observed
Buffalo,dfs_f78eba4e9843e79c,42.85265,-78.80697,2026-09-15,2026-10-01,2027-09-30,requires_monthly_verification,,,future_outcomes_not_observed
Buffalo,dfs_0652d1f3493fc900,42.83218,-78.80523,2026-09-15,2026-10-01,2027-09-30,requires_monthly_verification,,,future_outcomes_not_observed
Rochester,dfs_cb462e3d552291fb,43.14522,-77.55359,2026-09-15,2026-10-01,2027-09-30,requires_monthly_verification,,,future_outcomes_not_observed
Buffalo,dfs_9ba9df4ea5be56bf,42.91677,-78.87705,2026-09-15,2026-10-01,2027-09-30,requires_monthly_verification,,,future_outcomes_not_observed
Buffalo,dfs_0ba8c2c6fb24577f,42.91745,-78.89096,2026-09-15,2026-10-01,2027-09-30,requires_monthly_verification,,,future_outcomes_not_observed
Buffalo,dfs_49be6c1f460b2bdc,42.93756,-78.81366,2026-09-15,2026-10-01,2027-09-30,requires_monthly_verification,,,future_outcomes_not_observed
Rochester,dfs_ebb7713f72c5c825,43.16465,-77.66205,2026-09-15,2026-10-01,2027-09-30,requires_monthly_verification,,,future_outcomes_not_observed
Buffalo,dfs_8c9f6f2f2d553c21,42.92279,-78.8562,2026-09-15,2026-10-01,2027-09-30,requires_monthly_verification,,,future_outcomes_not_observed
New York City,dfs_715c798fcb5b6537,40.71074,-73.85139,2026-09-15,2026-10-01,2027-09-30,requires_monthly_verification,,,future_outcomes_not_observed
New York City,dfs_0a231b233fa8f7bb,40.7264,-73.89577,2026-09-15,2026-10-01,2027-09-30,requires_monthly_verification,,,future_outcomes_not_observed
New York City,dfs_53b8b38e36240bbd,40.74001,-73.7888,2026-09-15,2026-10-01,2027-09-30,requires_monthly_verification,,,future_outcomes_not_observed
New York City,dfs_fe6a128b7932d5d9,40.70724,-73.8973,2026-09-15,2026-10-01,2027-09-30,requires_monthly_verification,,,future_outcomes_not_observed
New York City,dfs_e36c95a2e5929707,40.72097,-73.86599,2026-09-15,2026-10-01,2027-09-30,requires_monthly_verification,,,future_outcomes_not_observed
New York City,dfs_eea3ac2d22dbe5b8,40.63378,-73.99343,2026-09-15,2026-10-01,2027-09-30,requires_monthly_verification,,,future_outcomes_not_observed
New York City,dfs_fe68d1ada39c9408,40.75049,-73.97872,2026-09-15,2026-10-01,2027-09-30,requires_monthly_verification,,,future_outcomes_not_observed
New York City,dfs_84b816f60b490efc,40.75447,-73.98682,2026-09-15,2026-10-01,2027-09-30,requires_monthly_verification,,,future_outcomes_not_observed
New York City,dfs_4ca6e8a487c328b5,40.75648,-73.98009,2026-09-15,2026-10-01,2027-09-30,requires_monthly_verification,,,future_outcomes_not_observed
New York City,dfs_5f100c5b14df57ca,40.779,-73.95594,2026-09-15,2026-10-01,2027-09-30,requires_monthly_verification,,,future_outcomes_not_observed
New York City,dfs_393110fe6566311d,40.82915,-73.94857,2026-09-15,2026-10-01,2027-09-30,requires_monthly_verification,,,future_outcomes_not_observed
New York City,dfs_967c2003f9bd242d,40.6788,-73.75439,2026-09-15,2026-10-01,2027-09-30,requires_monthly_verification,,,future_outcomes_not_observed
New York City,dfs_d79d54662dcd0c37,40.66402,-73.86129,2026-09-15,2026-10-01,2027-09-30,requires_monthly_verification,,,future_outcomes_not_observed
New York City,dfs_84ec40d5c582711b,40.73344,-73.86418,2026-09-15,2026-10-01,2027-09-30,requires_monthly_verification,,,future_outcomes_not_observed
New York City,dfs_dd2a9491fc24c44e,40.69375,-73.98723,2026-09-15,2026-10-01,2027-09-30,requires_monthly_verification,,,future_outcomes_not_observed
New York City,dfs_74672c41bff441ec,40.81711,-73.91929,2026-09-15,2026-10-01,2027-09-30,requires_monthly_verification,,,future_outcomes_not_observed
New York City,dfs_2d8253d0a8afcbc3,40.63302,-73.94789,2026-09-15,2026-10-01,2027-09-30,requires_monthly_verification,,,future_outcomes_not_observed
New York City,dfs_5fb8cf774bd1d259,40.81031,-73.95293,2026-09-15,2026-10-01,2027-09-30,requires_monthly_verification,,,future_outcomes_not_observed
New York City,dfs_479715c79c345474,40.62542,-73.91817,2026-09-15,2026-10-01,2027-09-30,requires_monthly_verification,,,future_outcomes_not_observed
New York City,dfs_9ff14ffc027de13f,40.81608,-73.94686,2026-09-15,2026-10-01,2027-09-30,requires_monthly_verification,,,future_outcomes_not_observed
New York City,dfs_b7b84d0125c1a3e6,40.69345,-73.98723,2026-09-15,2026-10-01,2027-09-30,requires_monthly_verification,,,future_outcomes_not_observed
New York City,dfs_6d017077630602b9,40.88003,-73.82662,2026-09-15,2026-10-01,2027-09-30,requires_monthly_verification,,,future_outcomes_not_observed
New York City,dfs_6f26b4041f65f7f5,40.71445,-74.00693,2026-09-15,2026-10-01,2027-09-30,requires_monthly_verification,,,future_outcomes_not_observed
New York City,dfs_e416a5e3017aeff9,40.56792,-74.11222,2026-09-15,2026-10-01,2027-09-30,requires_monthly_verification,,,future_outcomes_not_observed
New York City,dfs_56218377242b9d43,40.6917,-73.76263,2026-09-15,2026-10-01,2027-09-30,requires_monthly_verification,,,future_outcomes_not_observed
New York City,dfs_c793c9d9af2856c4,40.62412,-74.1475,2026-09-15,2026-10-01,2027-09-30,requires_monthly_verification,,,future_outcomes_not_observed
Buffalo,dfs_2bbb1d3e40d88475,42.95703,-78.86975,2026-09-15,2026-10-01,2027-09-30,requires_monthly_verification,,,future_outcomes_not_observed
Buffalo,dfs_83c023660da1f655,42.89383,-78.85194,2026-09-15,2026-10-01,2027-09-30,requires_monthly_verification,,,future_outcomes_not_observed
New York City,dfs_0c469399fee46017,40.84862,-73.93744,2026-09-15,2026-10-01,2027-09-30,requires_monthly_verification,,,future_outcomes_not_observed
New York City,dfs_057686788d34a5b8,40.79683,-73.93789,2026-09-15,2026-10-01,2027-09-30,requires_monthly_verification,,,future_outcomes_not_observed
New York City,dfs_1fc41c5ac4edb76a,40.82474,-73.89177,2026-09-15,2026-10-01,2027-09-30,requires_monthly_verification,,,future_outcomes_not_observed
New York City,dfs_318792577b7db1e5,40.81637,-73.91883,2026-09-15,2026-10-01,2027-09-30,requires_monthly_verification,,,future_outcomes_not_observed
New York City,dfs_06f1135a25474943,40.76533,-73.82034,2026-09-15,2026-10-01,2027-09-30,requires_monthly_verification,,,future_outcomes_not_observed
New York City,dfs_f1ca6e4a818c209d,40.7549,-73.78221,2026-09-15,2026-10-01,2027-09-30,requires_monthly_verification,,,future_outcomes_not_observed
New York City,dfs_14aa5145277e9d36,40.74477,-73.99723,2026-09-15,2026-10-01,2027-09-30,requires_monthly_verification,,,future_outcomes_not_observed
New York City,dfs_22df4aed8ffb11ea,40.76823,-73.95568,2026-09-15,2026-10-01,2027-09-30,requires_monthly_verification,,,future_outcomes_not_observed
New York City,dfs_1f6e4a20e11b7d08,40.85564,-73.88773,2026-09-15,2026-10-01,2027-09-30,requires_monthly_verification,,,future_outcomes_not_observed
New York City,dfs_ef246f8646ab7926,40.61137,-74.15915,2026-09-15,2026-10-01,2027-09-30,requires_monthly_verification,,,future_outcomes_not_observed
New York City,dfs_142c6ee85f1922a6,40.52112,-74.21668,2026-09-15,2026-10-01,2027-09-30,requires_monthly_verification,,,future_outcomes_not_observed
New York City,dfs_d90c3792a5a6e777,40.63044,-74.10708,2026-09-15,2026-10-01,2027-09-30,requires_monthly_verification,,,future_outcomes_not_observed
New York City,dfs_60c7bea540cb347e,40.624,-74.03084,2026-09-15,2026-10-01,2027-09-30,requires_monthly_verification,,,future_outcomes_not_observed
New York City,dfs_b07712d5a06bfe7b,40.60766,-73.96103,2026-09-15,2026-10-01,2027-09-30,requires_monthly_verification,,,future_outcomes_not_observed
New York City,dfs_c15088fcee686a8f,40.61952,-73.98979,2026-09-15,2026-10-01,2027-09-30,requires_monthly_verification,,,future_outcomes_not_observed
New York City,dfs_f59aa843624d1344,40.63238,-73.94832,2026-09-15,2026-10-01,2027-09-30,requires_monthly_verification,,,future_outcomes_not_observed
New York City,dfs_4b6b1f2e8d6b2656,40.59855,-74.08148,2026-09-15,2026-10-01,2027-09-30,requires_monthly_verification,,,future_outcomes_not_observed
New York City,dfs_a641b573bf8aada6,40.59678,-73.97514,2026-09-15,2026-10-01,2027-09-30,requires_monthly_verification,,,future_outcomes_not_observed
New York City,dfs_1a8d4d46939c4589,40.61142,-74.00891,2026-09-15,2026-10-01,2027-09-30,requires_monthly_verification,,,future_outcomes_not_observed
New York City,dfs_d282dedc90651121,40.63661,-73.99046,2026-09-15,2026-10-01,2027-09-30,requires_monthly_verification,,,future_outcomes_not_observed
New York City,dfs_37eb6ee14e52c20e,40.63579,-74.10642,2026-09-15,2026-10-01,2027-09-30,requires_monthly_verification,,,future_outcomes_not_observed
New York City,dfs_d19597440ea29695,40.55398,-74.14306,2026-09-15,2026-10-01,2027-09-30,requires_monthly_verification,,,future_outcomes_not_observed
New York City,dfs_c4398a841478a1ff,40.69026,-73.99213,2026-09-15,2026-10-01,2027-09-30,requires_monthly_verification,,,future_outcomes_not_observed
New York City,dfs_247d19f19768695c,40.53877,-74.14847,2026-09-15,2026-10-01,2027-09-30,requires_monthly_verification,,,future_outcomes_not_observed
New York City,dfs_b94b2f755443e063,40.61727,-74.06827,2026-09-15,2026-10-01,2027-09-30,requires_monthly_verification,,,future_outcomes_not_observed
New York City,dfs_928ac69f2e4aca9e,40.61244,-74.13207,2026-09-15,2026-10-01,2027-09-30,requires_monthly_verification,,,future_outcomes_not_observed
New York City,dfs_19fc175b005054c1,40.56414,-74.11462,2026-09-15,2026-10-01,2027-09-30,requires_monthly_verification,,,future_outcomes_not_observed
New York City,dfs_cd3751ca8bd03063,40.62453,-74.13779,2026-09-15,2026-10-01,2027-09-30,requires_monthly_verification,,,future_outcomes_not_observed
New York City,dfs_ae4a9cabee986fd6,40.52723,-74.20104,2026-09-15,2026-10-01,2027-09-30,requires_monthly_verification,,,future_outcomes_not_observed
New York City,dfs_c68115bee089631b,40.56032,-74.16948,2026-09-15,2026-10-01,2027-09-30,requires_monthly_verification,,,future_outcomes_not_observed
Buffalo,dfs_55ea817d8fd62e16,42.8859,-78.87354,2026-09-15,2026-10-01,2027-09-30,requires_monthly_verification,,,future_outcomes_not_observed
Buffalo,dfs_9148362cd1c929e1,42.95828,-78.84327,2026-09-15,2026-10-01,2027-09-30,requires_monthly_verification,,,future_outcomes_not_observed
Buffalo,dfs_bd62bd47b0919eef,42.906,-78.88747,2026-09-15,2026-10-01,2027-09-30,requires_monthly_verification,,,future_outcomes_not_observed
Buffalo,dfs_5ccadfa28fcaef0a,42.90881,-78.85424,2026-09-15,2026-10-01,2027-09-30,requires_monthly_verification,,,future_outcomes_not_observed
New York City,dfs_0a85f7b02d8964eb,40.88587,-73.91113,2026-09-15,2026-10-01,2027-09-30,requires_monthly_verification,,,future_outcomes_not_observed
New York City,dfs_2c36966ced755dee,40.90022,-73.86768,2026-09-15,2026-10-01,2027-09-30,requires_monthly_verification,,,future_outcomes_not_observed
New York City,dfs_45e9ec0f4fdd3124,40.7504,-73.9747,2026-09-15,2026-10-01,2027-09-30,requires_monthly_verification,,,future_outcomes_not_observed
New York City,dfs_ea05cbe270a708c9,40.69123,-73.99799,2026-09-15,2026-10-01,2027-09-30,requires_monthly_verification,,,future_outcomes_not_observed
New York City,dfs_6a925d9ae387419d,40.58314,-74.0967,2026-09-15,2026-10-01,2027-09-30,requires_monthly_verification,,,future_outcomes_not_observed
New York City,dfs_429dc9bb8861f479,40.72443,-73.89815,2026-09-15,2026-10-01,2027-09-30,requires_monthly_verification,,,future_outcomes_not_observed
New York City,dfs_67405179f87ce8df,40.73012,-73.95495,2026-09-15,2026-10-01,2027-09-30,requires_monthly_verification,,,future_outcomes_not_observed
New York City,dfs_403cda0d9438848d,40.70309,-73.89536,2026-09-15,2026-10-01,2027-09-30,requires_monthly_verification,,,future_outcomes_not_observed
New York City,dfs_73b7b706374e49e7,40.72521,-73.94843,2026-09-15,2026-10-01,2027-09-30,requires_monthly_verification,,,future_outcomes_not_observed
New York City,dfs_1315dca537598fea,40.62909,-73.99979,2026-09-15,2026-10-01,2027-09-30,requires_monthly_verification,,,future_outcomes_not_observed
New York City,dfs_924fdce892b11e5f,40.87844,-73.90516,2026-09-15,2026-10-01,2027-09-30,requires_monthly_verification,,,future_outcomes_not_observed
New York City,dfs_49e1ec851ff10de9,40.72657,-73.85321,2026-09-15,2026-10-01,2027-09-30,requires_monthly_verification,,,future_outcomes_not_observed
New York City,dfs_fed34f0857c4203d,40.6039,-73.99711,2026-09-15,2026-10-01,2027-09-30,requires_monthly_verification,,,future_outcomes_not_observed
New York City,dfs_d79630cd55ffa4b3,40.6311,-73.91884,2026-09-15,2026-10-01,2027-09-30,requires_monthly_verification,,,future_outcomes_not_observed
New York City,dfs_cdfa3f2f131812e3,40.73411,-73.98057,2026-09-15,2026-10-01,2027-09-30,requires_monthly_verification,,,future_outcomes_not_observed
New York City,dfs_38485f7fc0ca43fc,40.83432,-73.85076,2026-09-15,2026-10-01,2027-09-30,requires_monthly_verification,,,future_outcomes_not_observed
New York City,dfs_c9e06f03221fcd43,40.82247,-73.89174,2026-09-15,2026-10-01,2027-09-30,requires_monthly_verification,,,future_outcomes_not_observed
New York City,dfs_5c525fcb9a3904ec,40.83961,-73.91609,2026-09-15,2026-10-01,2027-09-30,requires_monthly_verification,,,future_outcomes_not_observed
New York City,dfs_b6e253a99b6b8fc6,40.68596,-73.991,2026-09-15,2026-10-01,2027-09-30,requires_monthly_verification,,,future_outcomes_not_observed
New York City,dfs_e35011fa954530c2,40.79146,-73.9444,2026-09-15,2026-10-01,2027-09-30,requires_monthly_verification,,,future_outcomes_not_observed
New York City,dfs_9eef3edd25c613ef,40.86388,-73.91752,2026-09-15,2026-10-01,2027-09-30,requires_monthly_verification,,,future_outcomes_not_observed
New York City,dfs_1664661ce7f4ab31,40.8633,-73.91736,2026-09-15,2026-10-01,2027-09-30,requires_monthly_verification,,,future_outcomes_not_observed
New York City,dfs_5194d4c37cfc5ba8,40.76071,-73.92269,2026-09-15,2026-10-01,2027-09-30,requires_monthly_verification,,,future_outcomes_not_observed
New York City,dfs_64af649499065a2e,40.74808,-73.88401,2026-09-15,2026-10-01,2027-09-30,requires_monthly_verification,,,future_outcomes_not_observed
New York City,dfs_0fd0d5add40994d8,40.77092,-73.91966,2026-09-15,2026-10-01,2027-09-30,requires_monthly_verification,,,future_outcomes_not_observed
New York City,dfs_10c2316bb15059d7,40.70046,-73.90009,2026-09-15,2026-10-01,2027-09-30,requires_monthly_verification,,,future_outcomes_not_observed
New York City,dfs_9254ddced0981256,40.56076,-73.91126,2026-09-15,2026-10-01,2027-09-30,requires_monthly_verification,,,future_outcomes_not_observed
New York City,dfs_a35d1209a1095925,40.6238,-74.03092,2026-09-15,2026-10-01,2027-09-30,requires_monthly_verification,,,future_outcomes_not_observed
New York City,dfs_d4b7d52b6eccaec9,40.72102,-73.76041,2026-09-15,2026-10-01,2027-09-30,requires_monthly_verification,,,future_outcomes_not_observed
New York City,dfs_67d95026038f8356,40.7758,-73.82374,2026-09-15,2026-10-01,2027-09-30,requires_monthly_verification,,,future_outcomes_not_observed
New York City,dfs_b14b14b5a2ea9a33,40.72176,-73.84422,2026-09-15,2026-10-01,2027-09-30,requires_monthly_verification,,,future_outcomes_not_observed
New York City,dfs_1c7ed3ee4051e274,40.67583,-73.73975,2026-09-15,2026-10-01,2027-09-30,requires_monthly_verification,,,future_outcomes_not_observed
New York City,dfs_db3181e849951e85,40.62276,-74.00487,2026-09-15,2026-10-01,2027-09-30,requires_monthly_verification,,,future_outcomes_not_observed
New York City,dfs_4096e20a62dcc730,40.70116,-73.89016,2026-09-15,2026-10-01,2027-09-30,requires_monthly_verification,,,future_outcomes_not_observed
New York City,dfs_6e4e7b9b3ba92fe3,40.61524,-73.9941,2026-09-15,2026-10-01,2027-09-30,requires_monthly_verification,,,future_outcomes_not_observed
New York City,dfs_d5469eb737cd73a8,40.78858,-73.78506,2026-09-15,2026-10-01,2027-09-30,requires_monthly_verification,,,future_outcomes_not_observed
New York City,dfs_1176fa18237ddbbb,40.8502,-73.85161,2026-09-15,2026-10-01,2027-09-30,requires_monthly_verification,,,future_outcomes_not_observed
New York City,dfs_59601fcbb7e37ff9,40.88726,-73.86079,2026-09-15,2026-10-01,2027-09-30,requires_monthly_verification,,,future_outcomes_not_observed
New York City,dfs_1d5a68868555b76b,40.73029,-73.88726,2026-09-15,2026-10-01,2027-09-30,requires_monthly_verification,,,future_outcomes_not_observed
New York City,dfs_43aee8eda8bee043,40.68568,-73.99434,2026-09-15,2026-10-01,2027-09-30,requires_monthly_verification,,,future_outcomes_not_observed
New York City,dfs_6e6b02b74da6e666,40.77054,-73.90391,2026-09-15,2026-10-01,2027-09-30,requires_monthly_verification,,,future_outcomes_not_observed
New York City,dfs_917322c101a745c4,40.86545,-73.86668,2026-09-15,2026-10-01,2027-09-30,requires_monthly_verification,,,future_outcomes_not_observed
New York City,dfs_1d86b6d42e9495d9,40.8634,-73.83459,2026-09-15,2026-10-01,2027-09-30,requires_monthly_verification,,,future_outcomes_not_observed
New York City,dfs_7329c021e5243882,40.88138,-73.88278,2026-09-15,2026-10-01,2027-09-30,requires_monthly_verification,,,future_outcomes_not_observed
New York City,dfs_13f924fbcc0740f2,40.88273,-73.89317,2026-09-15,2026-10-01,2027-09-30,requires_monthly_verification,,,future_outcomes_not_observed
New York City,dfs_8f60de2c083f8072,40.76965,-73.95776,2026-09-15,2026-10-01,2027-09-30,requires_monthly_verification,,,future_outcomes_not_observed
New York City,dfs_06f68809d618b392,40.58959,-73.95296,2026-09-15,2026-10-01,2027-09-30,requires_monthly_verification,,,future_outcomes_not_observed
New York City,dfs_1abc36e0abfe28c1,40.84629,-73.83186,2026-09-15,2026-10-01,2027-09-30,requires_monthly_verification,,,future_outcomes_not_observed
New York City,dfs_496b8e8159ff9b31,40.77657,-73.9496,2026-09-15,2026-10-01,2027-09-30,requires_monthly_verification,,,future_outcomes_not_observed
New York City,dfs_051052f4e9473eae,40.68217,-73.96063,2026-09-15,2026-10-01,2027-09-30,requires_monthly_verification,,,future_outcomes_not_observed
New York City,dfs_d3f6252cb81bf11c,40.70046,-73.90009,2026-09-15,2026-10-01,2027-09-30,requires_monthly_verification,,,future_outcomes_not_observed
New York City,dfs_371fc6bd13e2e60a,40.69137,-73.96848,2026-09-15,2026-10-01,2027-09-30,requires_monthly_verification,,,future_outcomes_not_observed
New York City,dfs_d6f7089b01152cf3,40.72246,-73.79487,2026-09-15,2026-10-01,2027-09-30,requires_monthly_verification,,,future_outcomes_not_observed
New York City,dfs_a1e89ec6afe9cace,40.63818,-74.00675,2026-09-15,2026-10-01,2027-09-30,requires_monthly_verification,,,future_outcomes_not_observed
New York City,dfs_80c8f19fd5a963a9,40.63598,-74.00903,2026-09-15,2026-10-01,2027-09-30,requires_monthly_verification,,,future_outcomes_not_observed
New York City,dfs_715c8aefd32c0158,40.75516,-73.82823,2026-09-15,2026-10-01,2027-09-30,requires_monthly_verification,,,future_outcomes_not_observed
New York City,dfs_f9d2078dd13a35b0,40.60376,-73.99688,2026-09-15,2026-10-01,2027-09-30,requires_monthly_verification,,,future_outcomes_not_observed
New York City,dfs_b8b9950559d8b720,40.71673,-73.99752,2026-09-15,2026-10-01,2027-09-30,requires_monthly_verification,,,future_outcomes_not_observed
New York City,dfs_874436bde7590c13,40.75931,-73.83088,2026-09-15,2026-10-01,2027-09-30,requires_monthly_verification,,,future_outcomes_not_observed
New York City,dfs_c3ca4df97da60bf3,40.73722,-73.87736,2026-09-15,2026-10-01,2027-09-30,requires_monthly_verification,,,future_outcomes_not_observed
New York City,dfs_5324ec59525c74cd,40.75942,-73.91994,2026-09-15,2026-10-01,2027-09-30,requires_monthly_verification,,,future_outcomes_not_observed
New York City,dfs_a7e14eda7eb97dd2,40.64375,-74.07631,2026-09-15,2026-10-01,2027-09-30,requires_monthly_verification,,,future_outcomes_not_observed
New York City,dfs_23145da140d38664,40.59701,-73.97287,2026-09-15,2026-10-01,2027-09-30,requires_monthly_verification,,,future_outcomes_not_observed
New York City,dfs_f877d9030748fb01,40.62499,-73.96307,2026-09-15,2026-10-01,2027-09-30,requires_monthly_verification,,,future_outcomes_not_observed
New York City,dfs_4c67406d30c1c4dd,40.6595,-73.98114,2026-09-15,2026-10-01,2027-09-30,requires_monthly_verification,,,future_outcomes_not_observed
New York City,dfs_8b9ac85060cddebd,40.60901,-73.97124,2026-09-15,2026-10-01,2027-09-30,requires_monthly_verification,,,future_outcomes_not_observed
New York City,dfs_7d4c9d861254fcad,40.54574,-74.15942,2026-09-15,2026-10-01,2027-09-30,requires_monthly_verification,,,future_outcomes_not_observed
New York City,dfs_ad46e74c0951dd50,40.77834,-73.95284,2026-09-15,2026-10-01,2027-09-30,requires_monthly_verification,,,future_outcomes_not_observed
New York City,dfs_9bfd4e112a86cd36,40.71108,-74.00891,2026-09-15,2026-10-01,2027-09-30,requires_monthly_verification,,,future_outcomes_not_observed
New York City,dfs_c2af28f08dd70b73,40.62707,-74.07692,2026-09-15,2026-10-01,2027-09-30,requires_monthly_verification,,,future_outcomes_not_observed
New York City,dfs_f4e21be342f000b0,40.64203,-74.07688,2026-09-15,2026-10-01,2027-09-30,requires_monthly_verification,,,future_outcomes_not_observed
New York City,dfs_e08c57b7c388beb1,40.61294,-74.12488,2026-09-15,2026-10-01,2027-09-30,requires_monthly_verification,,,future_outcomes_not_observed
New York City,dfs_7353cfd8ba925806,40.59615,-74.08551,2026-09-15,2026-10-01,2027-09-30,requires_monthly_verification,,,future_outcomes_not_observed
New York City,dfs_850d5e3b65874105,40.63063,-74.10531,2026-09-15,2026-10-01,2027-09-30,requires_monthly_verification,,,future_outcomes_not_observed
New York City,dfs_a7618cc0cabccc57,40.56391,-74.13227,2026-09-15,2026-10-01,2027-09-30,requires_monthly_verification,,,future_outcomes_not_observed
New York City,dfs_2b2f82c965106c6b,40.53227,-74.19213,2026-09-15,2026-10-01,2027-09-30,requires_monthly_verification,,,future_outcomes_not_observed
New York City,dfs_662f710496010cad,40.56574,-74.11292,2026-09-15,2026-10-01,2027-09-30,requires_monthly_verification,,,future_outcomes_not_observed
New York City,dfs_3b213d7c025eb8e4,40.54989,-74.1511,2026-09-15,2026-10-01,2027-09-30,requires_monthly_verification,,,future_outcomes_not_observed
New York City,dfs_0ffbb8288669c595,40.5162,-74.23326,2026-09-15,2026-10-01,2027-09-30,requires_monthly_verification,,,future_outcomes_not_observed
New York City,dfs_021746bc50cd6e0d,40.58833,-74.16611,2026-09-15,2026-10-01,2027-09-30,requires_monthly_verification,,,future_outcomes_not_observed
New York City,dfs_8b17009387db97f9,40.61929,-73.99003,2026-09-15,2026-10-01,2027-09-30,requires_monthly_verification,,,future_outcomes_not_observed
New York City,dfs_845861d48f085b35,40.63458,-73.96262,2026-09-15,2026-10-01,2027-09-30,requires_monthly_verification,,,future_outcomes_not_observed
New York City,dfs_97856326cabffcbe,40.78038,-73.7753,2026-09-15,2026-10-01,2027-09-30,requires_monthly_verification,,,future_outcomes_not_observed
New York City,dfs_0a6fb5038078ca04,40.74657,-73.97961,2026-09-15,2026-10-01,2027-09-30,requires_monthly_verification,,,future_outcomes_not_observed
New York City,dfs_7099db5f966f0785,40.83599,-73.86042,2026-09-15,2026-10-01,2027-09-30,requires_monthly_verification,,,future_outcomes_not_observed
New York City,dfs_014d7c6ce8fa05d8,40.7842,-73.97961,2026-09-15,2026-10-01,2027-09-30,requires_monthly_verification,,,future_outcomes_not_observed
New York City,dfs_8733828898e85b93,40.63288,-73.98358,2026-09-15,2026-10-01,2027-09-30,requires_monthly_verification,,,future_outcomes_not_observed
New York City,dfs_4545c7c82bcf9595,40.77482,-73.91233,2026-09-15,2026-10-01,2027-09-30,requires_monthly_verification,,,future_outcomes_not_observed
New York City,dfs_ffc2d2d20ba0a4b4,40.76011,-73.89123,2026-09-15,2026-10-01,2027-09-30,requires_monthly_verification,,,future_outcomes_not_observed
New York City,dfs_b01349e23d4498c4,40.75678,-73.87827,2026-09-15,2026-10-01,2027-09-30,requires_monthly_verification,,,future_outcomes_not_observed
New York City,dfs_554ef63d0e9bf9d2,40.71907,-73.81195,2026-09-15,2026-10-01,2027-09-30,requires_monthly_verification,,,future_outcomes_not_observed
New York City,dfs_19e7d9571e2adde7,40.6941,-73.99173,2026-09-15,2026-10-01,2027-09-30,requires_monthly_verification,,,future_outcomes_not_observed
New York City,dfs_cfec7977f19005c9,40.59194,-74.10095,2026-09-15,2026-10-01,2027-09-30,requires_monthly_verification,,,future_outcomes_not_observed
New York City,dfs_c6426ec7019b2399,40.71822,-74.00023,2026-09-15,2026-10-01,2027-09-30,requires_monthly_verification,,,future_outcomes_not_observed
New York City,dfs_0e138186757ef13a,40.7187,-73.8412,2026-09-15,2026-10-01,2027-09-30,requires_monthly_verification,,,future_outcomes_not_observed
New York City,dfs_65f911e18a0f5326,40.73427,-73.99087,2026-09-15,2026-10-01,2027-09-30,requires_monthly_verification,,,future_outcomes_not_observed
New York City,dfs_45174d7b80f8516d,40.60727,-73.96208,2026-09-15,2026-10-01,2027-09-30,requires_monthly_verification,,,future_outcomes_not_observed
New York City,dfs_109f57a93206f65e,40.61698,-74.03371,2026-09-15,2026-10-01,2027-09-30,requires_monthly_verification,,,future_outcomes_not_observed
New York City,dfs_198f3d55d1eb3167,40.6899,-73.82616,2026-09-15,2026-10-01,2027-09-30,requires_monthly_verification,,,future_outcomes_not_observed
New York City,dfs_ae140e975602a121,40.63515,-73.992,2026-09-15,2026-10-01,2027-09-30,requires_monthly_verification,,,future_outcomes_not_observed
New York City,dfs_b274867c6187cc50,40.58195,-74.16737,2026-09-15,2026-10-01,2027-09-30,requires_monthly_verification,,,future_outcomes_not_observed
New York City,dfs_f6bd49e694e03d8c,40.53181,-74.19192,2026-09-15,2026-10-01,2027-09-30,requires_monthly_verification,,,future_outcomes_not_observed
New York City,dfs_c08037849376c64f,40.68964,-73.99222,2026-09-15,2026-10-01,2027-09-30,requires_monthly_verification,,,future_outcomes_not_observed
New York City,dfs_f826f38955f408db,40.7886,-73.81483,2026-09-15,2026-10-01,2027-09-30,requires_monthly_verification,,,future_outcomes_not_observed
New York City,dfs_16403a9e8b9f51fb,40.61274,-74.12555,2026-09-15,2026-10-01,2027-09-30,requires_monthly_verification,,,future_outcomes_not_observed
New York City,dfs_48ad24a7e99fd133,40.75754,-73.97583,2026-09-15,2026-10-01,2027-09-30,requires_monthly_verification,,,future_outcomes_not_observed
New York City,dfs_f9e4c7a8fe61bffa,40.81624,-73.91829,2026-09-15,2026-10-01,2027-09-30,requires_monthly_verification,,,future_outcomes_not_observed
New York City,dfs_86dee87fec7413d9,40.66285,-73.92053,2026-09-15,2026-10-01,2027-09-30,requires_monthly_verification,,,future_outcomes_not_observed
New York City,dfs_b69461eb69077786,40.65007,-73.95862,2026-09-15,2026-10-01,2027-09-30,requires_monthly_verification,,,future_outcomes_not_observed
New York City,dfs_71b01e9f1459fe4a,40.76136,-73.96882,2026-09-15,2026-10-01,2027-09-30,requires_monthly_verification,,,future_outcomes_not_observed
New York City,dfs_4326367b11b6518e,40.68035,-73.94876,2026-09-15,2026-10-01,2027-09-30,requires_monthly_verification,,,future_outcomes_not_observed
New York City,dfs_50e90cac8e265a6b,40.85514,-73.86767,2026-09-15,2026-10-01,2027-09-30,requires_monthly_verification,,,future_outcomes_not_observed
New York City,dfs_537db6e28f65fa97,40.75965,-73.82982,2026-09-15,2026-10-01,2027-09-30,requires_monthly_verification,,,future_outcomes_not_observed
New York City,dfs_574c6c6c40f2ae38,40.71869,-73.96061,2026-09-15,2026-10-01,2027-09-30,requires_monthly_verification,,,future_outcomes_not_observed
New York City,dfs_679cfab706e12cae,40.62939,-74.02269,2026-09-15,2026-10-01,2027-09-30,requires_monthly_verification,,,future_outcomes_not_observed
New York City,dfs_213f89530fd9a6a0,40.74546,-73.98245,2026-09-15,2026-10-01,2027-09-30,requires_monthly_verification,,,future_outcomes_not_observed
New York City,dfs_a712876c962798c5,40.76495,-73.82107,2026-09-15,2026-10-01,2027-09-30,requires_monthly_verification,,,future_outcomes_not_observed
New York City,dfs_47796f232999477d,40.75983,-73.77139,2026-09-15,2026-10-01,2027-09-30,requires_monthly_verification,,,future_outcomes_not_observed
New York City,dfs_8bff338abfa61ba7,40.72008,-74.00521,2026-09-15,2026-10-01,2027-09-30,requires_monthly_verification,,,future_outcomes_not_observed
New York City,dfs_1aa8f6245de34dfc,40.67771,-74.01246,2026-09-15,2026-10-01,2027-09-30,requires_monthly_verification,,,future_outcomes_not_observed
New York City,dfs_4522d55c9d6bcfb1,40.83547,-73.92042,2026-09-15,2026-10-01,2027-09-30,requires_monthly_verification,,,future_outcomes_not_observed
Buffalo,dfs_089842ccfc25c26a,42.94634,-78.86887,2026-09-15,2026-10-01,2027-09-30,requires_monthly_verification,,,future_outcomes_not_observed
Rochester,dfs_6edb1819b2224303,43.15908,-77.54903,2026-09-15,2026-10-01,2027-09-30,requires_monthly_verification,,,future_outcomes_not_observed
New York City,dfs_9d9dcb84c0e7a438,40.76514,-73.81365,2026-09-15,2026-10-01,2027-09-30,requires_monthly_verification,,,future_outcomes_not_observed
New York City,dfs_16d62a025094404c,40.80789,-73.94578,2026-09-15,2026-10-01,2027-09-30,requires_monthly_verification,,,future_outcomes_not_observed
New York City,dfs_60aaf712c80b13d7,40.68908,-73.99052,2026-09-15,2026-10-01,2027-09-30,requires_monthly_verification,,,future_outcomes_not_observed
New York City,dfs_41dfd8339580191f,40.73876,-73.79333,2026-09-15,2026-10-01,2027-09-30,requires_monthly_verification,,,future_outcomes_not_observed
New York City,dfs_f2c928fc7f7759f3,40.74505,-73.98286,2026-09-15,2026-10-01,2027-09-30,requires_monthly_verification,,,future_outcomes_not_observed
New York City,dfs_8f902b557af30dbd,40.63479,-74.01027,2026-09-15,2026-10-01,2027-09-30,requires_monthly_verification,,,future_outcomes_not_observed
New York City,dfs_cc14aa01fb373ab4,40.76539,-73.96374,2026-09-15,2026-10-01,2027-09-30,requires_monthly_verification,,,future_outcomes_not_observed
New York City,dfs_7bd50309ad532d61,40.86913,-73.83148,2026-09-15,2026-10-01,2027-09-30,requires_monthly_verification,,,future_outcomes_not_observed
New York City,dfs_298cc876d719fd8a,40.76164,-73.98392,2026-09-15,2026-10-01,2027-09-30,requires_monthly_verification,,,future_outcomes_not_observed
New York City,dfs_e8ff9f782b26f868,40.65076,-73.95062,2026-09-15,2026-10-01,2027-09-30,requires_monthly_verification,,,future_outcomes_not_observed
New York City,dfs_17c6c5189e131a25,40.64838,-73.95822,2026-09-15,2026-10-01,2027-09-30,requires_monthly_verification,,,future_outcomes_not_observed
New York City,dfs_9789b450b9d25f0a,40.7556,-73.88223,2026-09-15,2026-10-01,2027-09-30,requires_monthly_verification,,,future_outcomes_not_observed
New York City,dfs_0aea54a616ede5e3,40.74505,-73.98286,2026-09-15,2026-10-01,2027-09-30,requires_monthly_verification,,,future_outcomes_not_observed
New York City,dfs_066b5ab4c7ab93f5,40.64356,-74.01191,2026-09-15,2026-10-01,2027-09-30,requires_monthly_verification,,,future_outcomes_not_observed
New York City,dfs_ea9801cff8b1a021,40.68252,-73.99581,2026-09-15,2026-10-01,2027-09-30,requires_monthly_verification,,,future_outcomes_not_observed
New York City,dfs_d898cc156be337c5,40.68887,-73.98093,2026-09-15,2026-10-01,2027-09-30,requires_monthly_verification,,,future_outcomes_not_observed
New York City,dfs_4e09a5fd40caacf5,40.71827,-74.00031,2026-09-15,2026-10-01,2027-09-30,requires_monthly_verification,,,future_outcomes_not_observed
New York City,dfs_27fac05193fecd12,40.62464,-74.14149,2026-09-15,2026-10-01,2027-09-30,requires_monthly_verification,,,future_outcomes_not_observed
New York City,dfs_ff85c44e210ee411,40.73052,-73.9892,2026-09-15,2026-10-01,2027-09-30,requires_monthly_verification,,,future_outcomes_not_observed
New York City,dfs_d1a82630472ac27f,40.65394,-73.83867,2026-09-15,2026-10-01,2027-09-30,requires_monthly_verification,,,future_outcomes_not_observed
New York City,dfs_cc50a847b69bbc2a,40.68655,-73.82334,2026-09-15,2026-10-01,2027-09-30,requires_monthly_verification,,,future_outcomes_not_observed
New York City,dfs_5afd5058ce79cfb3,40.87939,-73.90904,2026-09-15,2026-10-01,2027-09-30,requires_monthly_verification,,,future_outcomes_not_observed
New York City,dfs_8b1a80deb25c2f74,40.7393,-74.00273,2026-09-15,2026-10-01,2027-09-30,requires_monthly_verification,,,future_outcomes_not_observed
New York City,dfs_1ca34b9fbebdf563,40.6248,-73.96497,2026-09-15,2026-10-01,2027-09-30,requires_monthly_verification,,,future_outcomes_not_observed
New York City,dfs_9ad3e38a8e2833e7,40.78975,-73.97525,2026-09-15,2026-10-01,2027-09-30,requires_monthly_verification,,,future_outcomes_not_observed
New York City,dfs_53ef094ad83da669,40.64035,-73.90579,2026-09-15,2026-10-01,2027-09-30,requires_monthly_verification,,,future_outcomes_not_observed
New York City,dfs_5bd6df91df241d3f,40.7614,-73.973,2026-09-15,2026-10-01,2027-09-30,requires_monthly_verification,,,future_outcomes_not_observed
New York City,dfs_ad666e9769d7b5a4,40.74698,-73.82654,2026-09-15,2026-10-01,2027-09-30,requires_monthly_verification,,,future_outcomes_not_observed
New York City,dfs_b42de37cc9e05243,40.72697,-73.9526,2026-09-15,2026-10-01,2027-09-30,requires_monthly_verification,,,future_outcomes_not_observed
New York City,dfs_6f824bf7720f97dd,40.63086,-73.94537,2026-09-15,2026-10-01,2027-09-30,requires_monthly_verification,,,future_outcomes_not_observed
New York City,dfs_b46a5470f8426637,40.74129,-73.99398,2026-09-15,2026-10-01,2027-09-30,requires_monthly_verification,,,future_outcomes_not_observed
New York City,dfs_cff905b2218bade8,40.83453,-73.94441,2026-09-15,2026-10-01,2027-09-30,requires_monthly_verification,,,future_outcomes_not_observed
New York City,dfs_3cf0f835314088d8,40.61791,-73.99143,2026-09-15,2026-10-01,2027-09-30,requires_monthly_verification,,,future_outcomes_not_observed
New York City,dfs_88a40cb2d6cc65ce,40.84676,-73.83221,2026-09-15,2026-10-01,2027-09-30,requires_monthly_verification,,,future_outcomes_not_observed
New York City,dfs_3068852f31c013b8,40.86243,-73.89768,2026-09-15,2026-10-01,2027-09-30,requires_monthly_verification,,,future_outcomes_not_observed
New York City,dfs_6e7ff0594aaa7159,40.81633,-73.91867,2026-09-15,2026-10-01,2027-09-30,requires_monthly_verification,,,future_outcomes_not_observed
New York City,dfs_041b09fc3aefae5f,40.72736,-74.00554,2026-09-15,2026-10-01,2027-09-30,requires_monthly_verification,,,future_outcomes_not_observed
New York City,dfs_6ae8c231b59be4f1,40.76554,-73.74205,2026-09-15,2026-10-01,2027-09-30,requires_monthly_verification,,,future_outcomes_not_observed
New York City,dfs_a33c3aeecfc143b8,40.86778,-73.92093,2026-09-15,2026-10-01,2027-09-30,requires_monthly_verification,,,future_outcomes_not_observed
New York City,dfs_1b3d4c79841f294f,40.74872,-73.97593,2026-09-15,2026-10-01,2027-09-30,requires_monthly_verification,,,future_outcomes_not_observed
New York City,dfs_277709abff50a451,40.68038,-73.94634,2026-09-15,2026-10-01,2027-09-30,requires_monthly_verification,,,future_outcomes_not_observed
New York City,dfs_b5998f5754894bf4,40.7847,-73.94969,2026-09-15,2026-10-01,2027-09-30,requires_monthly_verification,,,future_outcomes_not_observed
New York City,dfs_d4ac4d9c72e841e7,40.75805,-73.96313,2026-09-15,2026-10-01,2027-09-30,requires_monthly_verification,,,future_outcomes_not_observed
New York City,dfs_58b111252789d935,40.76039,-73.96742,2026-09-15,2026-10-01,2027-09-30,requires_monthly_verification,,,future_outcomes_not_observed
New York City,dfs_79721f55efe653ec,40.75194,-73.99365,2026-09-15,2026-10-01,2027-09-30,requires_monthly_verification,,,future_outcomes_not_observed
New York City,dfs_475460049922dfcc,40.75173,-73.97779,2026-09-15,2026-10-01,2027-09-30,requires_monthly_verification,,,future_outcomes_not_observed
New York City,dfs_cc30cb13224a6789,40.71727,-73.99094,2026-09-15,2026-10-01,2027-09-30,requires_monthly_verification,,,future_outcomes_not_observed
New York City,dfs_4faefc10bf926fed,40.79873,-73.93945,2026-09-15,2026-10-01,2027-09-30,requires_monthly_verification,,,future_outcomes_not_observed
New York City,dfs_1812f347eaa3c731,40.77998,-73.95945,2026-09-15,2026-10-01,2027-09-30,requires_monthly_verification,,,future_outcomes_not_observed
New York City,dfs_41bb0b07e4a17d58,40.69336,-73.9654,2026-09-15,2026-10-01,2027-09-30,requires_monthly_verification,,,future_outcomes_not_observed
New York City,dfs_502bcbbd24732143,40.74417,-73.99581,2026-09-15,2026-10-01,2027-09-30,requires_monthly_verification,,,future_outcomes_not_observed
New York City,dfs_d92ad0ed98d3d363,40.62717,-73.91751,2026-09-15,2026-10-01,2027-09-30,requires_monthly_verification,,,future_outcomes_not_observed
New York City,dfs_59d5e7cc24141950,40.72233,-73.81993,2026-09-15,2026-10-01,2027-09-30,requires_monthly_verification,,,future_outcomes_not_observed
New York City,dfs_beb86af1075ace47,40.78716,-73.81596,2026-09-15,2026-10-01,2027-09-30,requires_monthly_verification,,,future_outcomes_not_observed
New York City,dfs_944dcca92e268316,40.70715,-73.80474,2026-09-15,2026-10-01,2027-09-30,requires_monthly_verification,,,future_outcomes_not_observed
New York City,dfs_58f32983d675b2c7,40.7409,-73.98931,2026-09-15,2026-10-01,2027-09-30,requires_monthly_verification,,,future_outcomes_not_observed
New York City,dfs_9de9625bfcc2c854,40.87811,-73.86574,2026-09-15,2026-10-01,2027-09-30,requires_monthly_verification,,,future_outcomes_not_observed
New York City,dfs_d26971d65dbc92af,40.86806,-73.90123,2026-09-15,2026-10-01,2027-09-30,requires_monthly_verification,,,future_outcomes_not_observed
New York City,dfs_44e1b16479eedf5e,40.83595,-73.92186,2026-09-15,2026-10-01,2027-09-30,requires_monthly_verification,,,future_outcomes_not_observed
New York City,dfs_761f9cc2d6532864,40.84505,-73.8904,2026-09-15,2026-10-01,2027-09-30,requires_monthly_verification,,,future_outcomes_not_observed
New York City,dfs_204844aa0ef9ffd1,40.86186,-73.89885,2026-09-15,2026-10-01,2027-09-30,requires_monthly_verification,,,future_outcomes_not_observed
New York City,dfs_fe89e6525897df35,40.86192,-73.89761,2026-09-15,2026-10-01,2027-09-30,requires_monthly_verification,,,future_outcomes_not_observed
New York City,dfs_445e555a5b85a7fe,40.68084,-73.9753,2026-09-15,2026-10-01,2027-09-30,requires_monthly_verification,,,future_outcomes_not_observed
New York City,dfs_aef4f6b0109275c4,40.82854,-73.8798,2026-09-15,2026-10-01,2027-09-30,requires_monthly_verification,,,future_outcomes_not_observed
New York City,dfs_693931df6aa41535,40.67419,-73.98213,2026-09-15,2026-10-01,2027-09-30,requires_monthly_verification,,,future_outcomes_not_observed
New York City,dfs_4c503a4371dd6f22,40.59034,-73.96058,2026-09-15,2026-10-01,2027-09-30,requires_monthly_verification,,,future_outcomes_not_observed
New York City,dfs_286f1b251b49c2cb,40.80378,-73.96711,2026-09-15,2026-10-01,2027-09-30,requires_monthly_verification,,,future_outcomes_not_observed
New York City,dfs_b593ef73bf317978,40.81032,-73.95152,2026-09-15,2026-10-01,2027-09-30,requires_monthly_verification,,,future_outcomes_not_observed
New York City,dfs_d199ef406ea5651b,40.77596,-73.91044,2026-09-15,2026-10-01,2027-09-30,requires_monthly_verification,,,future_outcomes_not_observed
New York City,dfs_124185a694d41bc4,40.75909,-73.91891,2026-09-15,2026-10-01,2027-09-30,requires_monthly_verification,,,future_outcomes_not_observed
New York City,dfs_a0c57c95f93ae3a1,40.75108,-73.99672,2026-09-15,2026-10-01,2027-09-30,requires_monthly_verification,,,future_outcomes_not_observed
New York City,dfs_40ad5c0f4e31e094,40.82607,-73.82153,2026-09-15,2026-10-01,2027-09-30,requires_monthly_verification,,,future_outcomes_not_observed
New York City,dfs_21d45e40a57ae567,40.75,-73.98343,2026-09-15,2026-10-01,2027-09-30,requires_monthly_verification,,,future_outcomes_not_observed
New York City,dfs_71286101635c6d79,40.54487,-74.16226,2026-09-15,2026-10-01,2027-09-30,requires_monthly_verification,,,future_outcomes_not_observed
New York City,dfs_d80ad1ece31f6a06,40.63681,-73.99024,2026-09-15,2026-10-01,2027-09-30,requires_monthly_verification,,,future_outcomes_not_observed
New York City,dfs_b22b491b4b142e87,40.76034,-73.83051,2026-09-15,2026-10-01,2027-09-30,requires_monthly_verification,,,future_outcomes_not_observed
New York City,dfs_3b468b2a7b1bbdfb,40.71505,-73.77318,2026-09-15,2026-10-01,2027-09-30,requires_monthly_verification,,,future_outcomes_not_observed
New York City,dfs_cda34cabfdf5e0cf,40.77055,-73.98225,2026-09-15,2026-10-01,2027-09-30,requires_monthly_verification,,,future_outcomes_not_observed
New York City,dfs_15498b0de2d90949,40.73958,-73.98494,2026-09-15,2026-10-01,2027-09-30,requires_monthly_verification,,,future_outcomes_not_observed
New York City,dfs_429791480706d3ae,40.83286,-73.86296,2026-09-15,2026-10-01,2027-09-30,requires_monthly_verification,,,future_outcomes_not_observed
New York City,dfs_83f106ec6be9ea85,40.61648,-73.93012,2026-09-15,2026-10-01,2027-09-30,requires_monthly_verification,,,future_outcomes_not_observed
New York City,dfs_6a28d3223d94e309,40.7695,-73.98949,2026-09-15,2026-10-01,2027-09-30,requires_monthly_verification,,,future_outcomes_not_observed
New York City,dfs_6ae39adb172a1dd4,40.71619,-74.01072,2026-09-15,2026-10-01,2027-09-30,requires_monthly_verification,,,future_outcomes_not_observed
New York City,dfs_68ce708ed7ef6ef2,40.70799,-74.00447,2026-09-15,2026-10-01,2027-09-30,requires_monthly_verification,,,future_outcomes_not_observed
New York City,dfs_49cd43a6b5047356,40.75409,-73.9691,2026-09-15,2026-10-01,2027-09-30,requires_monthly_verification,,,future_outcomes_not_observed
New York City,dfs_d6bb6b09a8299228,40.71667,-73.74263,2026-09-15,2026-10-01,2027-09-30,requires_monthly_verification,,,future_outcomes_not_observed
New York City,dfs_9760530abe029c6b,40.6003,-73.94159,2026-09-15,2026-10-01,2027-09-30,requires_monthly_verification,,,future_outcomes_not_observed
New York City,dfs_6b9ca5dbaa55bc5a,40.75326,-73.97473,2026-09-15,2026-10-01,2027-09-30,requires_monthly_verification,,,future_outcomes_not_observed
New York City,dfs_68b34cac845297c5,40.68035,-73.84112,2026-09-15,2026-10-01,2027-09-30,requires_monthly_verification,,,future_outcomes_not_observed
New York City,dfs_b83bb7ab69289bb1,40.73005,-73.88824,2026-09-15,2026-10-01,2027-09-30,requires_monthly_verification,,,future_outcomes_not_observed
New York City,dfs_c332f608a853d5c4,40.72438,-73.99106,2026-09-15,2026-10-01,2027-09-30,requires_monthly_verification,,,future_outcomes_not_observed
New York City,dfs_411a5c6d6cddbff8,40.76493,-73.98415,2026-09-15,2026-10-01,2027-09-30,requires_monthly_verification,,,future_outcomes_not_observed
New York City,dfs_2061dd14dbe9515b,40.71019,-74.00966,2026-09-15,2026-10-01,2027-09-30,requires_monthly_verification,,,future_outcomes_not_observed
New York City,dfs_3be466ce92b742fc,40.66491,-73.95697,2026-09-15,2026-10-01,2027-09-30,requires_monthly_verification,,,future_outcomes_not_observed
New York City,dfs_f4b7a3b826367881,40.74828,-73.98889,2026-09-15,2026-10-01,2027-09-30,requires_monthly_verification,,,future_outcomes_not_observed
New York City,dfs_a61cae48ae9e58b3,40.7694,-73.96087,2026-09-15,2026-10-01,2027-09-30,requires_monthly_verification,,,future_outcomes_not_observed
New York City,dfs_4f6cf49a45863e90,40.74593,-73.94676,2026-09-15,2026-10-01,2027-09-30,requires_monthly_verification,,,future_outcomes_not_observed
New York City,dfs_b4baeacb9c7674eb,40.73457,-73.98023,2026-09-15,2026-10-01,2027-09-30,requires_monthly_verification,,,future_outcomes_not_observed
New York City,dfs_749fa7d22e7740c1,40.76441,-73.95849,2026-09-15,2026-10-01,2027-09-30,requires_monthly_verification,,,future_outcomes_not_observed
New York City,dfs_95f90c19f9d992a0,40.75791,-73.96923,2026-09-15,2026-10-01,2027-09-30,requires_monthly_verification,,,future_outcomes_not_observed
New York City,dfs_f7b98c112a47b06d,40.7661,-73.98136,2026-09-15,2026-10-01,2027-09-30,requires_monthly_verification,,,future_outcomes_not_observed
New York City,dfs_f4994643871491c0,40.52136,-74.23535,2026-09-15,2026-10-01,2027-09-30,requires_monthly_verification,,,future_outcomes_not_observed
New York City,dfs_f156cf05bf939ede,40.75774,-73.97569,2026-09-15,2026-10-01,2027-09-30,requires_monthly_verification,,,future_outcomes_not_observed
New York City,dfs_fe86ac2d5a2738c4,40.70049,-73.90129,2026-09-15,2026-10-01,2027-09-30,requires_monthly_verification,,,future_outcomes_not_observed
New York City,dfs_615f7908209bbef1,40.75862,-73.99251,2026-09-15,2026-10-01,2027-09-30,requires_monthly_verification,,,future_outcomes_not_observed
New York City,dfs_21bd75fcc5008952,40.65163,-73.97246,2026-09-15,2026-10-01,2027-09-30,requires_monthly_verification,,,future_outcomes_not_observed
New York City,dfs_9e637b875ba9c4c8,40.78032,-73.98161,2026-09-15,2026-10-01,2027-09-30,requires_monthly_verification,,,future_outcomes_not_observed
New York City,dfs_115b7997aa18c8af,40.69387,-73.99088,2026-09-15,2026-10-01,2027-09-30,requires_monthly_verification,,,future_outcomes_not_observed
New York City,dfs_f11223fca41a5134,40.7607,-73.76518,2026-09-15,2026-10-01,2027-09-30,requires_monthly_verification,,,future_outcomes_not_observed
New York City,dfs_0f2a32971f9f0f2e,40.71052,-73.85118,2026-09-15,2026-10-01,2027-09-30,requires_monthly_verification,,,future_outcomes_not_observed
New York City,dfs_edc7dbf2ffa58655,40.72063,-73.84261,2026-09-15,2026-10-01,2027-09-30,requires_monthly_verification,,,future_outcomes_not_observed
New York City,dfs_c04e1f3da38d815c,40.60755,-73.96132,2026-09-15,2026-10-01,2027-09-30,requires_monthly_verification,,,future_outcomes_not_observed
New York City,dfs_00a8e7a60d12f0dc,40.70714,-73.83507,2026-09-15,2026-10-01,2027-09-30,requires_monthly_verification,,,future_outcomes_not_observed
New York City,dfs_123beee94c759e19,40.7718,-73.95617,2026-09-15,2026-10-01,2027-09-30,requires_monthly_verification,,,future_outcomes_not_observed
New York City,dfs_56bdfdca592cb396,40.778,-73.95458,2026-09-15,2026-10-01,2027-09-30,requires_monthly_verification,,,future_outcomes_not_observed
New York City,dfs_e229abd8cce09de7,40.59112,-74.08795,2026-09-15,2026-10-01,2027-09-30,requires_monthly_verification,,,future_outcomes_not_observed
New York City,dfs_8eba9ad74c3ad2ef,40.71635,-73.99638,2026-09-15,2026-10-01,2027-09-30,requires_monthly_verification,,,future_outcomes_not_observed
New York City,dfs_f093e7cee95fe205,40.59896,-73.95526,2026-09-15,2026-10-01,2027-09-30,requires_monthly_verification,,,future_outcomes_not_observed
New York City,dfs_8ff582ed32d681b1,40.59474,-73.99957,2026-09-15,2026-10-01,2027-09-30,requires_monthly_verification,,,future_outcomes_not_observed
New York City,dfs_35cf6c7b9902360a,40.7122,-73.90054,2026-09-15,2026-10-01,2027-09-30,requires_monthly_verification,,,future_outcomes_not_observed
New York City,dfs_6840b216ff0fec5a,40.85796,-73.8837,2026-09-15,2026-10-01,2027-09-30,requires_monthly_verification,,,future_outcomes_not_observed
New York City,dfs_1a3efd2b982d9d8e,40.85664,-73.86786,2026-09-15,2026-10-01,2027-09-30,requires_monthly_verification,,,future_outcomes_not_observed
New York City,dfs_6de2479e69da04ed,40.72712,-73.99534,2026-09-15,2026-10-01,2027-09-30,requires_monthly_verification,,,future_outcomes_not_observed
New York City,dfs_f83761fab7ed86b9,40.75159,-73.97384,2026-09-15,2026-10-01,2027-09-30,requires_monthly_verification,,,future_outcomes_not_observed
New York City,dfs_8989470f61b70380,40.75472,-73.8961,2026-09-15,2026-10-01,2027-09-30,requires_monthly_verification,,,future_outcomes_not_observed
New York City,dfs_c33af7ea39bba40f,40.74892,-73.89209,2026-09-15,2026-10-01,2027-09-30,requires_monthly_verification,,,future_outcomes_not_observed
New York City,dfs_8132d2617b05d952,40.73845,-73.88516,2026-09-15,2026-10-01,2027-09-30,requires_monthly_verification,,,future_outcomes_not_observed
New York City,dfs_c53fe394bc0589ab,40.71348,-73.87217,2026-09-15,2026-10-01,2027-09-30,requires_monthly_verification,,,future_outcomes_not_observed
New York City,dfs_bd45a8fe491f4d66,40.62418,-74.02481,2026-09-15,2026-10-01,2027-09-30,requires_monthly_verification,,,future_outcomes_not_observed
New York City,dfs_0dd0125c28ec5039,40.73627,-73.99342,2026-09-15,2026-10-01,2027-09-30,requires_monthly_verification,,,future_outcomes_not_observed
New York City,dfs_e89072881da47a71,40.53179,-74.19137,2026-09-15,2026-10-01,2027-09-30,requires_monthly_verification,,,future_outcomes_not_observed
New York City,dfs_ca56fe706b1a0ca8,40.75715,-73.87349,2026-09-15,2026-10-01,2027-09-30,requires_monthly_verification,,,future_outcomes_not_observed
New York City,dfs_1d546262b6e0385f,40.65259,-74.00569,2026-09-15,2026-10-01,2027-09-30,requires_monthly_verification,,,future_outcomes_not_observed
New York City,dfs_38e48bb2f2aa3ad9,40.6021,-73.99412,2026-09-15,2026-10-01,2027-09-30,requires_monthly_verification,,,future_outcomes_not_observed
New York City,dfs_0fb6298a4fa6aed1,40.59573,-73.99714,2026-09-15,2026-10-01,2027-09-30,requires_monthly_verification,,,future_outcomes_not_observed
New York City,dfs_57b68d1b27418432,40.79351,-73.97274,2026-09-15,2026-10-01,2027-09-30,requires_monthly_verification,,,future_outcomes_not_observed
New York City,dfs_3cdd341223947b82,40.71349,-74.00685,2026-09-15,2026-10-01,2027-09-30,requires_monthly_verification,,,future_outcomes_not_observed
New York City,dfs_110d7e1223154c5e,40.73873,-73.98748,2026-09-15,2026-10-01,2027-09-30,requires_monthly_verification,,,future_outcomes_not_observed
New York City,dfs_7b7ab786cd8f3518,40.72155,-73.80417,2026-09-15,2026-10-01,2027-09-30,requires_monthly_verification,,,future_outcomes_not_observed
New York City,dfs_20f494b0fb274d5c,40.61282,-74.12421,2026-09-15,2026-10-01,2027-09-30,requires_monthly_verification,,,future_outcomes_not_observed
New York City,dfs_2df5d4490ab7e9df,40.60358,-74.16219,2026-09-15,2026-10-01,2027-09-30,requires_monthly_verification,,,future_outcomes_not_observed
New York City,dfs_5013e4789ef30039,40.85212,-73.85239,2026-09-15,2026-10-01,2027-09-30,requires_monthly_verification,,,future_outcomes_not_observed
New York City,dfs_6b4339075202d319,40.75806,-73.78429,2026-09-15,2026-10-01,2027-09-30,requires_monthly_verification,,,future_outcomes_not_observed
New York City,dfs_a932de97fd9545fa,40.77539,-73.98228,2026-09-15,2026-10-01,2027-09-30,requires_monthly_verification,,,future_outcomes_not_observed
New York City,dfs_261431367e9779e5,40.7076,-74.01143,2026-09-15,2026-10-01,2027-09-30,requires_monthly_verification,,,future_outcomes_not_observed
New York City,dfs_b2e5e03b5367935a,40.74616,-73.99467,2026-09-15,2026-10-01,2027-09-30,requires_monthly_verification,,,future_outcomes_not_observed
New York City,dfs_2449b8f64ac7bb34,40.62605,-74.00088,2026-09-15,2026-10-01,2027-09-30,requires_monthly_verification,,,future_outcomes_not_observed
New York City,dfs_cebf976a5e28fdf2,40.75208,-73.98978,2026-09-15,2026-10-01,2027-09-30,requires_monthly_verification,,,future_outcomes_not_observed
New York City,dfs_d08083aafd66b636,40.76209,-73.97027,2026-09-15,2026-10-01,2027-09-30,requires_monthly_verification,,,future_outcomes_not_observed
New York City,dfs_12f1558ce9c894e1,40.71687,-73.99793,2026-09-15,2026-10-01,2027-09-30,requires_monthly_verification,,,future_outcomes_not_observed
Rochester,dfs_2798d2745c5fd380,43.15563,-77.61291,2026-09-15,2026-10-01,2027-09-30,requires_monthly_verification,,,future_outcomes_not_observed
New York City,dfs_18fa9089162932f1,40.6132,-74.12099,2026-09-15,2026-10-01,2027-09-30,requires_monthly_verification,,,future_outcomes_not_observed
New York City,dfs_222f3c37318fe37c,40.75321,-73.98529,2026-09-15,2026-10-01,2027-09-30,requires_monthly_verification,,,future_outcomes_not_observed
New York City,dfs_feaf8a5b5763c17e,40.74003,-73.98954,2026-09-15,2026-10-01,2027-09-30,requires_monthly_verification,,,future_outcomes_not_observed
New York City,dfs_85faafdf68204bcc,40.76782,-73.95908,2026-09-15,2026-10-01,2027-09-30,requires_monthly_verification,,,future_outcomes_not_observed
New York City,dfs_b36db5850c485560,40.74582,-73.98647,2026-09-15,2026-10-01,2027-09-30,requires_monthly_verification,,,future_outcomes_not_observed
New York City,dfs_808e6c71a28b0c74,40.6294,-74.02865,2026-09-15,2026-10-01,2027-09-30,requires_monthly_verification,,,future_outcomes_not_observed
New York City,dfs_49a149940dd94e99,40.71651,-73.99574,2026-09-15,2026-10-01,2027-09-30,requires_monthly_verification,,,future_outcomes_not_observed
New York City,dfs_695b8a85cec83b15,40.68329,-73.8345,2026-09-15,2026-10-01,2027-09-30,requires_monthly_verification,,,future_outcomes_not_observed
New York City,dfs_67154071dee3999e,40.78023,-73.95296,2026-09-15,2026-10-01,2027-09-30,requires_monthly_verification,,,future_outcomes_not_observed
New York City,dfs_d9b0457bfebc3f97,40.74213,-74.00079,2026-09-15,2026-10-01,2027-09-30,requires_monthly_verification,,,future_outcomes_not_observed
New York City,dfs_e54a038be84d31a9,40.62106,-73.98823,2026-09-15,2026-10-01,2027-09-30,requires_monthly_verification,,,future_outcomes_not_observed
New York City,dfs_8464d77fb30ea29e,40.62522,-73.96109,2026-09-15,2026-10-01,2027-09-30,requires_monthly_verification,,,future_outcomes_not_observed
New York City,dfs_2e7b403d8b28c41f,40.72892,-73.86309,2026-09-15,2026-10-01,2027-09-30,requires_monthly_verification,,,future_outcomes_not_observed
New York City,dfs_855768e6b9907911,40.5868,-73.95255,2026-09-15,2026-10-01,2027-09-30,requires_monthly_verification,,,future_outcomes_not_observed
New York City,dfs_58e74cab8b014625,40.63718,-73.98986,2026-09-15,2026-10-01,2027-09-30,requires_monthly_verification,,,future_outcomes_not_observed
New York City,dfs_99ea16db4ec9ed64,40.72046,-74.00094,2026-09-15,2026-10-01,2027-09-30,requires_monthly_verification,,,future_outcomes_not_observed
New York City,dfs_fe5366c0720ff214,40.70966,-73.87052,2026-09-15,2026-10-01,2027-09-30,requires_monthly_verification,,,future_outcomes_not_observed
New York City,dfs_e1fc8334da2c4a6f,40.60033,-73.94275,2026-09-15,2026-10-01,2027-09-30,requires_monthly_verification,,,future_outcomes_not_observed
New York City,dfs_c9bc110e217ca3b8,40.57649,-73.96674,2026-09-15,2026-10-01,2027-09-30,requires_monthly_verification,,,future_outcomes_not_observed
New York City,dfs_393268733df29bc6,40.7512,-73.97848,2026-09-15,2026-10-01,2027-09-30,requires_monthly_verification,,,future_outcomes_not_observed
New York City,dfs_8560c4d43526310f,40.72226,-73.81942,2026-09-15,2026-10-01,2027-09-30,requires_monthly_verification,,,future_outcomes_not_observed
New York City,dfs_41b02a8c4c67bcf9,40.6038,-73.99695,2026-09-15,2026-10-01,2027-09-30,requires_monthly_verification,,,future_outcomes_not_observed
New York City,dfs_1471b190d8c3a984,40.75782,-73.98127,2026-09-15,2026-10-01,2027-09-30,requires_monthly_verification,,,future_outcomes_not_observed
Rochester,dfs_247c3098348cdf3e,43.16198,-77.58204,2026-09-15,2026-10-01,2027-09-30,requires_monthly_verification,,,future_outcomes_not_observed
New York City,dfs_6afd5dd73800c5b2,40.74451,-73.90386,2026-09-15,2026-10-01,2027-09-30,requires_monthly_verification,,,future_outcomes_not_observed
New York City,dfs_726f0ae426c65555,40.86564,-73.85934,2026-09-15,2026-10-01,2027-09-30,requires_monthly_verification,,,future_outcomes_not_observed
New York City,dfs_7f7139b01fa31035,40.61793,-73.96073,2026-09-15,2026-10-01,2027-09-30,requires_monthly_verification,,,future_outcomes_not_observed
New York City,dfs_9eb12eaed2a8bc0b,40.67392,-73.97581,2026-09-15,2026-10-01,2027-09-30,requires_monthly_verification,,,future_outcomes_not_observed
New York City,dfs_1ae31cbdf53dd32f,40.63315,-73.94803,2026-09-15,2026-10-01,2027-09-30,requires_monthly_verification,,,future_outcomes_not_observed
New York City,dfs_3888023a2b41f33a,40.63118,-73.97619,2026-09-15,2026-10-01,2027-09-30,requires_monthly_verification,,,future_outcomes_not_observed
New York City,dfs_3f7fe22642e4d712,40.75422,-73.7816,2026-09-15,2026-10-01,2027-09-30,requires_monthly_verification,,,future_outcomes_not_observed
New York City,dfs_dc8081ace0ff09d3,40.73309,-73.84967,2026-09-15,2026-10-01,2027-09-30,requires_monthly_verification,,,future_outcomes_not_observed
New York City,dfs_28c17ad5a76bbdb8,40.66868,-73.9867,2026-09-15,2026-10-01,2027-09-30,requires_monthly_verification,,,future_outcomes_not_observed
New York City,dfs_7f5271262f48137b,40.57986,-73.97194,2026-09-15,2026-10-01,2027-09-30,requires_monthly_verification,,,future_outcomes_not_observed
New York City,dfs_e48359ea6f77e460,40.75269,-73.97514,2026-09-15,2026-10-01,2027-09-30,requires_monthly_verification,,,future_outcomes_not_observed
New York City,dfs_af04b3a730d03d08,40.74738,-73.89305,2026-09-15,2026-10-01,2027-09-30,requires_monthly_verification,,,future_outcomes_not_observed
New York City,dfs_04584da2c9ac5a8f,40.7756,-73.90995,2026-09-15,2026-10-01,2027-09-30,requires_monthly_verification,,,future_outcomes_not_observed
New York City,dfs_103f2af167945642,40.71326,-73.87676,2026-09-15,2026-10-01,2027-09-30,requires_monthly_verification,,,future_outcomes_not_observed
New York City,dfs_69fcb8479849c5bf,40.63293,-73.99431,2026-09-15,2026-10-01,2027-09-30,requires_monthly_verification,,,future_outcomes_not_observed
New York City,dfs_107a4d82bc2a8281,40.6429,-73.97918,2026-09-15,2026-10-01,2027-09-30,requires_monthly_verification,,,future_outcomes_not_observed
New York City,dfs_6177ad46c11e9a22,40.71298,-73.78384,2026-09-15,2026-10-01,2027-09-30,requires_monthly_verification,,,future_outcomes_not_observed
New York City,dfs_dcd6ca97d20b9fdc,40.76441,-73.9161,2026-09-15,2026-10-01,2027-09-30,requires_monthly_verification,,,future_outcomes_not_observed
New York City,dfs_f3be928b635a7243,40.72941,-73.85979,2026-09-15,2026-10-01,2027-09-30,requires_monthly_verification,,,future_outcomes_not_observed
New York City,dfs_6932a48a71b576f7,40.78745,-73.80898,2026-09-15,2026-10-01,2027-09-30,requires_monthly_verification,,,future_outcomes_not_observed
New York City,dfs_c26efaf46c3a4697,40.88701,-73.90712,2026-09-15,2026-10-01,2027-09-30,requires_monthly_verification,,,future_outcomes_not_observed
New York City,dfs_1a309fbe9a5fdd02,40.75112,-73.97418,2026-09-15,2026-10-01,2027-09-30,requires_monthly_verification,,,future_outcomes_not_observed
New York City,dfs_a4d5d50d1e180aae,40.75735,-73.96964,2026-09-15,2026-10-01,2027-09-30,requires_monthly_verification,,,future_outcomes_not_observed
New York City,dfs_4310ddef2c6bc470,40.76082,-73.96711,2026-09-15,2026-10-01,2027-09-30,requires_monthly_verification,,,future_outcomes_not_observed
New York City,dfs_75b69075a435aaec,40.75661,-73.98281,2026-09-15,2026-10-01,2027-09-30,requires_monthly_verification,,,future_outcomes_not_observed
New York City,dfs_4b82487f7c705fee,40.70464,-74.01155,2026-09-15,2026-10-01,2027-09-30,requires_monthly_verification,,,future_outcomes_not_observed
New York City,dfs_394e16fad466c195,40.74311,-74.00379,2026-09-15,2026-10-01,2027-09-30,requires_monthly_verification,,,future_outcomes_not_observed
New York City,dfs_c3d82528191137c1,40.76585,-73.98187,2026-09-15,2026-10-01,2027-09-30,requires_monthly_verification,,,future_outcomes_not_observed
New York City,dfs_3c40f1aa9d241ed9,40.75754,-73.97583,2026-09-15,2026-10-01,2027-09-30,requires_monthly_verification,,,future_outcomes_not_observed
New York City,dfs_1ed95296817f488f,40.76086,-73.9734,2026-09-15,2026-10-01,2027-09-30,requires_monthly_verification,,,future_outcomes_not_observed
New York City,dfs_af7c22fdc71596e1,40.75402,-73.98836,2026-09-15,2026-10-01,2027-09-30,requires_monthly_verification,,,future_outcomes_not_observed
New York City,dfs_9327b0d52838d8e7,40.73152,-73.99159,2026-09-15,2026-10-01,2027-09-30,requires_monthly_verification,,,future_outcomes_not_observed
New York City,dfs_9a00cd3e43ebba7d,40.77721,-73.9822,2026-09-15,2026-10-01,2027-09-30,requires_monthly_verification,,,future_outcomes_not_observed
New York City,dfs_a84c634d36ab4434,40.72072,-74.00073,2026-09-15,2026-10-01,2027-09-30,requires_monthly_verification,,,future_outcomes_not_observed
New York City,dfs_bef226352d3cf75e,40.80293,-73.94912,2026-09-15,2026-10-01,2027-09-30,requires_monthly_verification,,,future_outcomes_not_observed
New York City,dfs_af0a17cfbbb1e1d7,40.7474,-73.98322,2026-09-15,2026-10-01,2027-09-30,requires_monthly_verification,,,future_outcomes_not_observed
New York City,dfs_befc7db42cbba3e5,40.73408,-73.98909,2026-09-15,2026-10-01,2027-09-30,requires_monthly_verification,,,future_outcomes_not_observed
New York City,dfs_97ddaf8a86eaaefd,40.75228,-74.00147,2026-09-15,2026-10-01,2027-09-30,requires_monthly_verification,,,future_outcomes_not_observed
New York City,dfs_35831bef7d7bfc93,40.79015,-73.97517,2026-09-15,2026-10-01,2027-09-30,requires_monthly_verification,,,future_outcomes_not_observed
New York City,dfs_3ce56a2bd3a2d0a4,40.74501,-73.99127,2026-09-15,2026-10-01,2027-09-30,requires_monthly_verification,,,future_outcomes_not_observed
New York City,dfs_c2dd892d8207730f,40.74066,-73.99815,2026-09-15,2026-10-01,2027-09-30,requires_monthly_verification,,,future_outcomes_not_observed
New York City,dfs_01ef0e708e5da6f2,40.73583,-73.99795,2026-09-15,2026-10-01,2027-09-30,requires_monthly_verification,,,future_outcomes_not_observed
New York City,dfs_e9c666975879e482,40.77813,-73.95235,2026-09-15,2026-10-01,2027-09-30,requires_monthly_verification,,,future_outcomes_not_observed
New York City,dfs_9ac54f4c59eaf14b,40.73276,-74.00019,2026-09-15,2026-10-01,2027-09-30,requires_monthly_verification,,,future_outcomes_not_observed
New York City,dfs_5c422af3b656c3c6,40.80733,-73.94573,2026-09-15,2026-10-01,2027-09-30,requires_monthly_verification,,,future_outcomes_not_observed
New York City,dfs_d8f90ab18d9ffa9b,40.72374,-73.99273,2026-09-15,2026-10-01,2027-09-30,requires_monthly_verification,,,future_outcomes_not_observed
New York City,dfs_cdb9c9762ecc7b4f,40.75238,-74.00072,2026-09-15,2026-10-01,2027-09-30,requires_monthly_verification,,,future_outcomes_not_observed
New York City,dfs_f746b99126606206,40.75481,-74.00271,2026-09-15,2026-10-01,2027-09-30,requires_monthly_verification,,,future_outcomes_not_observed
New York City,dfs_15b48e4957373b98,40.75309,-74.00026,2026-09-15,2026-10-01,2027-09-30,requires_monthly_verification,,,future_outcomes_not_observed
New York City,dfs_da634e80d8404195,40.73657,-73.99741,2026-09-15,2026-10-01,2027-09-30,requires_monthly_verification,,,future_outcomes_not_observed
New York City,dfs_f9ae48ec98f0c7e7,40.73432,-74.0062,2026-09-15,2026-10-01,2027-09-30,requires_monthly_verification,,,future_outcomes_not_observed
New York City,dfs_bf2a9203ae28dd11,40.74612,-73.99788,2026-09-15,2026-10-01,2027-09-30,requires_monthly_verification,,,future_outcomes_not_observed
New York City,dfs_02357ccbf0b58355,40.74564,-74.00195,2026-09-15,2026-10-01,2027-09-30,requires_monthly_verification,,,future_outcomes_not_observed
New York City,dfs_cb332c186e715d95,40.80519,-73.95481,2026-09-15,2026-10-01,2027-09-30,requires_monthly_verification,,,future_outcomes_not_observed
New York City,dfs_de4ccacaeb6d2cef,40.80705,-73.94373,2026-09-15,2026-10-01,2027-09-30,requires_monthly_verification,,,future_outcomes_not_observed
New York City,dfs_ae2bc198f5e6df07,40.77383,-73.95469,2026-09-15,2026-10-01,2027-09-30,requires_monthly_verification,,,future_outcomes_not_observed
New York City,dfs_89fe305c6ceb31b5,40.76237,-73.9863,2026-09-15,2026-10-01,2027-09-30,requires_monthly_verification,,,future_outcomes_not_observed
New York City,dfs_6f584400de01c220,40.75332,-74.00382,2026-09-15,2026-10-01,2027-09-30,requires_monthly_verification,,,future_outcomes_not_observed
New York City,dfs_eece94a5d54a162a,40.77159,-73.95925,2026-09-15,2026-10-01,2027-09-30,requires_monthly_verification,,,future_outcomes_not_observed
New York City,dfs_de905cc70c53c48a,40.75949,-73.99515,2026-09-15,2026-10-01,2027-09-30,requires_monthly_verification,,,future_outcomes_not_observed
New York City,dfs_c20ef9c5bf1e8d67,40.74883,-73.98849,2026-09-15,2026-10-01,2027-09-30,requires_monthly_verification,,,future_outcomes_not_observed
New York City,dfs_54b2b4fde7707d8e,40.75066,-73.99192,2026-09-15,2026-10-01,2027-09-30,requires_monthly_verification,,,future_outcomes_not_observed
New York City,dfs_3bce5596c21ca7e0,40.76032,-74.00237,2026-09-15,2026-10-01,2027-09-30,requires_monthly_verification,,,future_outcomes_not_observed
New York City,dfs_5a8b2cfd1f2fbe9a,40.717,-73.98615,2026-09-15,2026-10-01,2027-09-30,requires_monthly_verification,,,future_outcomes_not_observed
New York City,dfs_51e5f80868cf783c,40.74697,-73.94265,2026-09-15,2026-10-01,2027-09-30,requires_monthly_verification,,,future_outcomes_not_observed
Buffalo,dfs_85160e3f56539887,42.88878,-78.87165,2026-09-15,2026-10-01,2027-09-30,requires_monthly_verification,,,future_outcomes_not_observed
Buffalo,dfs_2e5a33979427395d,42.93125,-78.84346,2026-09-15,2026-10-01,2027-09-30,requires_monthly_verification,,,future_outcomes_not_observed
New York City,dfs_4281d02eab258670,40.76099,-73.82731,2026-09-15,2026-10-01,2027-09-30,requires_monthly_verification,,,future_outcomes_not_observed
New York City,dfs_302900efcb2b2c18,40.74376,-73.91478,2026-09-15,2026-10-01,2027-09-30,requires_monthly_verification,,,future_outcomes_not_observed
New York City,dfs_b2fb847f2857b795,40.76059,-73.76704,2026-09-15,2026-10-01,2027-09-30,requires_monthly_verification,,,future_outcomes_not_observed
New York City,dfs_49a8951b68def988,40.74758,-73.98519,2026-09-15,2026-10-01,2027-09-30,requires_monthly_verification,,,future_outcomes_not_observed
New York City,dfs_869a0d500a06a058,40.76043,-73.80151,2026-09-15,2026-10-01,2027-09-30,requires_monthly_verification,,,future_outcomes_not_observed
Rochester,dfs_7c1e78337a20ec5c,43.15489,-77.60546,2026-09-15,2026-10-01,2027-09-30,requires_monthly_verification,,,future_outcomes_not_observed
