georeference,name_of_institution,street_address,city,zip_code,county
POINT (-73.65562 40.60172),Bank of America N.A. GA1-006-15-40,147 Long Beach Road,Island Park,11558,Nassau
POINT (-73.90969 40.88655),Apple Bank,3552-B Johnson Avenue,Bronx,10463,Bronx
POINT (-74.15209 41.30737),"Berkshire Bank, The",80 Route 17M,Harriman,10926,Orange
POINT (-73.82533 40.98479),Bank of America N.A. GA1-006-15-40,2604 Central Park Avenue,Yonkers,10710,Westchester
POINT (-78.49567 42.9002),Alden State Bank,13216 Broadway,Alden,14004,Erie
POINT (-72.85955 40.8041),Astoria Bank,999-25 Montauk Highway,Shirley,11967,Suffolk
POINT (-73.98625 40.75189),"Capital One, N.A.",1001 Avenue of The Americas,New York,10018,New York
POINT (-73.65568 40.58845),Apple Bank,280 East Park Avenue,Long Beach,11561,Nassau
POINT (-73.78651 40.74034),"Capital One, N.A.",61-24 188th Street,Flushing,11365,Queens
POINT (-73.63944 40.64474),Bank of America N.A. GA1-006-15-40,2756 Long Beach Road,Oceanside,11572,Nassau
POINT (-73.7782 42.9047),Ballston Spa National Bank,256 Ushers Road,Clifton Park,12065,Saratoga
POINT (-76.07596 43.10291),"Berkshire Bank (Pittsfield, MA)",6788 Northern Boulevard,Syracuse,13057,Onondaga
POINT (-73.70014 40.75907),Astoria Bank,One Astoria Federal Plaza,Lake Success,11042,Nassau
POINT (-73.62371 40.70653),Bank of America N.A. GA1-006-15-40,3 Main Street,Hempstead,11550,Nassau
POINT (-73.95907 40.70885),Bank of America N.A. GA1-006-15-40,266 Broadway,Brooklyn,11211,Kings
POINT (-74.8591 43.04345),Adirondack Bank,500 East Main Street,Little Falls,13365,Herkimer
POINT (-78.87805 42.88946),Buffalo Service Credit Union,111 W. Huron St.,Buffalo,14202,Erie
POINT (-73.36536 40.87002),Bank of America N.A. GA1-006-15-40,47 Broadway,Greenlawn,11740,Suffolk
POINT (-73.9783 40.75981),Bank of America N.A. GA1-006-15-40,25 West 51st Street,New York,10019,New York
POINT (-73.88265 40.74758),Banco Popular North America,83-22 Baxter Avenue,Elmhurst,11373,Queens
POINT (-77.5974 43.14937),Canandaigua National Corporation,210 Alexander Street,Rochester,14607,Monroe
POINT (-73.86049 40.83284),Apple Bank,74 Hugh J Grant Circle,Bronx,10472,Bronx
POINT (-73.88017 40.70199),"Capital One, N.A.",70-24 Myrtle Avenue,Glendale,11385,Queens
POINT (-73.98926 40.71896),Bank of America N.A. GA1-006-15-40,92 Delancey Street,New York,10002,New York
POINT (-73.47691 44.69753),Arrow Bank National Association,308 Cornelia Street,Plattsburgh,12901,Clinton
POINT (-73.98438 40.74868),Bank of America N.A. GA1-006-15-40,358 Fifth Avenue,New York,10001,New York
POINT (-73.89243 42.78378),Capital Communications Federal CU,582 Balltown Road,Schenectady,12304,Schenectady
POINT (-76.07788 43.17673),AmeriCU Credit Union,6414 State Route 31,Cicero,13039,Onondaga
POINT (-73.80755 40.99043),Bank of America N.A. GA1-006-15-40,100 Christie Place,Scarsdale,10583,Westchester
,"Capital One, N.A.",Pier 40 West Street,New York,10014,New York
POINT (-77.61151 43.15593),Canandaigua National Corporation,45 East Main Street,Rochester,14614,Monroe
POINT (-73.97985 40.73936),Banco Popular North America,441 Second Avenue,New York,10010,New York
POINT (-73.72618 40.78614),Astoria Bank,4 Great Neck Road,Great Neck,11021,Nassau
POINT (-73.78237 40.91227),Bank of America N.A. GA1-006-15-40,277 North Avenue,New Rochelle,10801,Westchester
POINT (-73.97932 40.75564),Bank of America N.A. GA1-006-15-40,550 Fifth Avenue,New York,10036,New York
POINT (-73.82132 40.99278),"Capital One, N.A.",911 Central Park Avenue,Scarsdale,10583,Westchester
POINT (-73.97918 40.6429),Astoria Bank,101 Church Avenue,Brooklyn,11218,Kings
POINT (-73.33583 40.89433),Bank of America N.A. GA1-006-15-40,680 Fort Salonga Road,Northport,11768,Suffolk
POINT (-73.85219 43.04756),"Adirondack Trust Company, The",13 Triebel Avenue,Ballston Spa,12020,Saratoga
POINT (-73.35053 40.68605),Astoria Bank,861 Montauk Highway,West Babylon,11704,Suffolk
POINT (-73.9892 41.97031),Bank of America N.A. GA1-006-15-40,1343 Ulster Avenue,Kingston,12401,Ulster
POINT (-73.12283 40.86145),Bank of America N.A. GA1-006-15-40,3080 Middle Country Road,Lake Grove,11755,Suffolk
,Bank of America N.A. GA1-006-15-40,Lawrence Avenue & Bayview Avenue,Lawrence,11559,Nassau
POINT (-73.71787 40.74395),"Capital One, N.A.",252-25 Union Turnpike,Bellerose,11426,Queens
POINT (-76.20576 43.06126),ACMG Federal Credit Union,1763 Milton Avenue,Solvay,13209,Onondaga
POINT (-73.94127 40.74754),Astoria Bank,26-26 Jackson Avenue,Long Island City,11101,Queens
POINT (-73.90995 40.7756),Astoria Bank,31-24 Ditmars Boulevard,Long Island City,11105,Queens
POINT (-73.68716 40.73244),Bank of America N.A. GA1-006-15-40,645 Jericho Avenue,New Hyde Park,11040,Nassau
POINT (-73.94275 40.82319),Bank of America N.A. GA1-006-15-40,301 West 145th Street,New York,10039,New York
POINT (-73.98465 40.74244),Banco Popular North America,375 Park Avenue South,New York,10010,New York
POINT (-73.77604 42.86011),Arrow Bank National Association,386 Clifton Park Center Road,Clifton Park,12065,Saratoga
POINT (-74.16951 40.57418),Bank of America N.A. GA1-006-15-40,2895 Richmond Avenue,Staten Island,10314,Richmond
POINT (-73.03474 40.83204),Astoria Bank,696 Horseblock Road,Farmingville,11738,Suffolk
POINT (-74.02559 40.62229),Alma Bank,8424 5th Avenue,Brooklyn,11209,Kings
POINT (-77.88399 43.10327),"Bank of Castile, The",38 South Main Street,Churchville,14428,Monroe
POINT (-73.96216 40.70987),"Capital One, N.A.",185 Broadway,Brooklyn,11211,Kings
POINT (-73.84639 43.12589),Ballston Spa National Bank,3060 Route 9N,Greenfield Center,12833,Saratoga
POINT (-73.76261 42.73204),"Berkshire Bank (Pittsfield, MA)",628 Loudon Road (Route 9),Latham,12110,Albany
POINT (-73.8607 42.64075),"Berkshire Bank (Pittsfield, MA)",11 Vista Boulevard,Slingerlands,12159,Albany
POINT (-78.19448 43.24246),Bank of America N.A. GA1-006-15-40,156 South Main Street,Albion,14411,Orleans
POINT (-73.90364 40.86275),Bank of America N.A. GA1-006-15-40,50 West Fordham Road,Bronx,10468,Bronx
POINT (-73.95843 40.60868),"Berkshire Bank, The",1421 Kings Highway,Brooklyn,11229,Kings
POINT (-77.62056 43.11911),Canandaigua National Corporation,1575 Mount Hope Avenue,Rochester,14620,Monroe
POINT (-73.96112 42.82653),Bank of America N.A. GA1-006-15-40,200 Saratoga Road #2 ---Route 50,Scotia,12302,Schenectady
POINT (-73.94958 40.80286),Bank of America N.A. GA1-006-15-40,106 West 117th Street,New York,10026,New York
POINT (-73.96701 40.6835),"Capital One, N.A.",858 Fulton Street,Brooklyn,11238,Kings
,"Capital One, N.A.",65-21 18th Avenue,Brooklyn,11204,Kings
POINT (-73.76586 41.03292),Bank of America N.A. GA1-006-15-40,206 Main Street,White Plains,10601,Westchester
POINT (-73.71077 40.73717),"Capital One, N.A.",257-03 Hillside Avenue,Floral Park,11004,Nassau
POINT (-77.67471 43.08478),Advantage Federal C.U.,200 Lomb Memorial Drive,Rochester,14623,Monroe
POINT (-73.63123 40.8672),"Capital One, N.A.",91 School Street,Glen Cove,11542,Nassau
POINT (-73.99211 40.74891),Apple Bank,371 Seventh Avenue,New York,10012,New York
POINT (-76.22627 43.13863),Bank of America N.A. GA1-006-15-40,7610 Oswego Road,Liverpool,13090,Onondaga
POINT (-73.88291 40.88127),Bank of America N.A. GA1-006-15-40,3424 Jerome Avenue,Bronx,10457,Bronx
POINT (-72.39214 40.88631),Astoria Bank,65 Nugent Street,Southampton,11968,Suffolk
POINT (-73.85059 40.72553),Apple Bank,102-35 Queens Boulevard,Forest Hills,11375,Queens
POINT (-74.00286 40.73388),Bank of America N.A. GA1-006-15-40,224 West 4th Street,New York,10014,New York
POINT (-73.10055 40.78224),"Capital One, N.A.",4110 Veterans Memorial Highway,Bohemia,11716,Suffolk
POINT (-73.99448 40.74569),Amalgamated Bank,275 Seventh Avenue,New York,10001,New York
POINT (-73.99518 40.72529),Bank of America N.A. GA1-006-15-40,315 Lafayette Street,New York,10012,New York
POINT (-76.19566 43.00078),AmeriCU Credit Union,4585 W. Seneca Tpke,Syracuse,13215,Onondaga
POINT (-73.99136 40.6918),Banco Popular North America,66 Court Street,Brooklyn,11201,Kings
POINT (-73.95182 40.77347),Apple Bank,1555 First Avenue,New York,10028,New York
POINT (-73.50701 40.695),Astoria Bank,1149 Wantagh Avenue,Wantagh,11793,Nassau
POINT (-73.83026 40.75983),Bank of America N.A. GA1-006-15-40,3912 Main Street,Flushing,11354,Queens
POINT (-74.85995 43.04311),"Berkshire Bank (Pittsfield, MA)",One West Main Street,Little Falls,13365,Herkimer
POINT (-73.84287 41.06342),Bank of America N.A. GA1-006-15-40,505 White Plains Road,Tarrytown,10591,Westchester
POINT (-73.34925 40.6836),Apple Bank,1000 West Montauk Highway,West Babylon,11704,Suffolk
POINT (-74.00665 40.71374),Bank of America N.A. GA1-006-15-40,261 Broadway,New York,10007,New York
POINT (-73.93659 40.80403),Bank of America N.A. GA1-006-15-40,157 East 125th Street,New York,10035,New York
POINT (-73.91574 40.81742),Banco Popular North America,2923 Third Avenue,Bronx,10455,Bronx
POINT (-76.16526 42.59831),CFCU Community Credit Union,182 Port Watson Street,Cortland,13045,Cortland
POINT (-73.89838 40.8623),Apple Bank,120 East Fordham Road,Bronx,10458,Bronx
POINT (-73.82826 40.75526),Bank of America N.A. GA1-006-15-40,4201 Main Street,Flushing,11355,Queens
POINT (-73.92092 40.82556),Bank of America N.A. GA1-006-15-40,200 East 161st Street,Bronx,10451,Bronx
POINT (-73.47233 40.6757),"Capital One, N.A.",4374 Sunrise Highway,Massapequa,11758,Nassau
POINT (-77.50824 43.0004),Canandaigua National Corporation,51 Assembly Drive,Mendon,14506,Monroe
POINT (-77.75373 43.10389),"Bank of Castile, The",3252 Chili Avenue,Rochester,14624,Monroe
POINT (-73.95935 40.60829),Apple Bank,1321 Kings Highway,Brooklyn,11229,Kings
POINT (-73.73827 40.76745),"Capital One, N.A.",248-40 Northern Boulevard,Little Neck,11363,Queens
POINT (-73.98174 40.76696),Bank of America N.A. GA1-006-15-40,1775 Broadway,New York,10019,New York
POINT (-73.98022 40.66852),Bank of America N.A. GA1-006-15-40,274 7th Avenue,Brooklyn,11215,Kings
POINT (-72.96003 40.94572),"Bridgehampton National Bank, The",75 Route 25 A,Rocky Point,11778,Suffolk
POINT (-74.02799 40.62256),"Capital One, N.A.",413 86th Street,Brooklyn,11209,Kings
POINT (-73.83316 43.24588),Arrow Bank National Association,238 Main Street,Corinth,12822,Saratoga
POINT (-77.6454 43.08936),Bank of America N.A. GA1-006-15-40,3333 West Henrietta Road,Rochester,14623,Monroe
POINT (-75.65162 43.07857),AmeriCU Credit Union,280 Genesee Street,Oneida,13421,Madison
POINT (-78.88446 42.90391),Buffalo Metropolitan Federal CU,110 14th Street,Buffalo,14213,Erie
POINT (-73.86558 40.73617),Astoria Bank,57-07 Junction Boulevard,Elmhurst,11373,Queens
POINT (-72.52053 40.87907),"Bridgehampton National Bank, The",48 East Montauk Highway,Hampton Bays,11946,Suffolk
POINT (-72.42472 41.06531),"Bridgehampton National Bank, The",54970 Main Road,Southold,11971,Suffolk
POINT (-72.99627 40.87096),Astoria Bank,269 Middle Country Road,Coram,11727,Suffolk
POINT (-72.87561 40.80051),"Bridgehampton National Bank, The",630 Montauk Highway,Shirley,11967,Suffolk
POINT (-73.5645 40.75317),Bank of America N.A. GA1-006-15-40,890 Old Country Road,Westbury,11530,Nassau
POINT (-73.81537 40.72893),Astoria Bank,71-20 Kissena Boulevard,Flushing,11367,Queens
POINT (-73.83787 42.6806),Bank of America N.A. GA1-006-15-40,1450 Western Avenue,Albany,12203,Albany
POINT (-73.73248 40.77515),Bank of Hope,485 Great Neck Road,Great Neck,11021,Nassau
POINT (-73.98936 40.72629),Bank of America N.A. GA1-006-15-40,72 Second Avenue,New York,10003,New York
POINT (-73.9919 40.7353),Bank of America N.A. GA1-006-15-40,36 East 14th Street,New York,10003,New York
POINT (-73.78812 43.0751),"Adirondack Trust Company, The",Route  50  and  Route 9,Saratoga Springs,12866,Saratoga
POINT (-73.74597 43.10024),"Berkshire Bank (Pittsfield, MA)",3025 Route 50,Wilton,12866,Warren
POINT (-72.79879 40.87105),"Capital One, N.A.",485 County Road 111,Manorville,11949,Suffolk
POINT (-73.20207 40.81919),"Bridgehampton National Bank, The",898 Veterans Memorial Highway,Hauppauge,11788,Suffolk
POINT (-73.95622 40.76749),Bank of America N.A. GA1-006-15-40,1330 First Avenue,New York,10021,New York
POINT (-73.82792 40.76392),Bank of Hope,138-02 NORTHERN BOULEVARD1,FLUSHING1,11354,Queens
POINT (-76.50853 42.44288),CFCU Community Credit Union,409 North Meadow Street,Ithaca,14850,Tompkins
POINT (-73.83078 40.86911),Apple Bank,2021 Bartow Avenue,Bronx,10475,Bronx
POINT (-78.04813 42.63394),"Bank of Castile, The",50 North Main Street,Castile,14427,Wyoming
POINT (-74.18561 42.96225),"Berkshire Bank (Pittsfield, MA)",140 Sanford Farms,Amsterdam,12010,Montogomery
POINT (-73.25533 40.88487),Astoria Bank,33 Main Street,Kings Park,11754,Suffolk
POINT (-73.66747 42.92978),Ballston Spa National Bank,428 Hudson Avenue,Mechanicville,12118,Saratoga
POINT (-73.40819 40.82832),"Capital One, N.A.",19 Jericho Turnpike,Huntington Station,11746,Suffolk
POINT (-73.97819 40.68506),Bank of America N.A. GA1-006-15-40,120 Flatbush Avenue,Brooklyn,11217,Kings
POINT (-72.84737 40.94434),Astoria Bank,6348 Route 25A,Wading River,11792,Suffolk
POINT (-73.93412 40.60043),Astoria Bank,2133 Knapp Street,Brooklyn,11229,Kings
POINT (-73.86955 40.73344),Apple Bank,91-31 Queens Boulevard,Elmhurst,11373,Queens
POINT (-73.98159 40.77964),Apple Bank,2100 Broadway,New York,10023,New York
POINT (-73.7858 40.71216),Bank of America N.A. GA1-006-15-40,175-57 Hillside Avenue,Jamaica,11432,Queens
POINT (-74.16556 41.42776),Bank of America N.A. GA1-006-15-40,23 East Main Street,Washingtonville,10992,Orange
POINT (-73.90007 40.7005),Bank of America N.A. GA1-006-15-40,59-01 Myrtle Avenue,Ridgewood,11385,Kings
POINT (-77.70804 43.14795),Advantage Federal C.U.,1975 Buffalo Road,Rochester,14624,Monroe
POINT (-74.16732 40.58207),Apple Bank,2655 Richmond Avenue,Staten Island,10314,Richmond
POINT (-75.32075 43.08093),"Berkshire Bank (Pittsfield, MA)",8491 Seneca Turnpike,New Hartford,13413,Oneida
POINT (-73.851 40.66728),Bank of America N.A. GA1-006-15-40,151-16 84th Street,Howard Beach,11414,Queens
POINT (-73.2205 40.88295),Bank of America N.A. GA1-006-15-40,1209 St. Johnland,Kings Park,11754,Suffolk
POINT (-73.68454 40.8306),"Capital One, N.A.",1020 Port Washington Boulevard,Port Washington,11050,Nassau
POINT (-73.69392 40.74312),"Bridgehampton National Bank, The",799 Hillside Avenue,New Hyde Park,11040,Nassau
POINT (-73.3269 40.695),Astoria Bank,180 West Main Street,Babylon,11702,Suffolk
POINT (-77.5142 43.09077),Canandaigua National Corporation,18 State Street,Pittsford,14534,Monroe
POINT (-73.95207 40.68053),Amalgamated Bank,1212 Fulton Street,Brooklyn,11216,Kings
POINT (-73.77687 40.98503),Bank of America N.A. GA1-006-15-40,1140 Wilmot Road,Scarsdale,10583,Westchester
POINT (-73.82935 40.75794),Amerasia Bank,41-06 Main Street,Flushing,11355,Queens
POINT (-73.80858 40.7018),"Capital One, N.A.",146-21 Jamaica Avenue,Jamaica,11435,Queens
POINT (-74.07026 41.74309),Bank of America N.A. GA1-006-15-40,1 New Paltz Plaza,New Paltz,12561,Ulster
POINT (-74.16407 40.54371),Bank of America N.A. GA1-006-15-40,3881 Richmond Avenue,Staten Island,10312,Richmond
POINT (-73.23557 40.72649),"Bridgehampton National Bank, The",380 East Main Street,Bayshore,11706,Suffolk
POINT (-73.86836 40.85662),Apple Bank,626 Pelham Parkway South,Bronx,10462,Bronx
POINT (-73.64206 40.74582),"Capital One, N.A.",210 Mineola Boulevard,Mineola,11501,Nassau
POINT (-73.99947 40.72831),"Capital One, N.A.",154 Bleecker Street,New York,10012,New York
POINT (-75.85269 42.92989),AmeriCU Credit Union,82 Albany Street,Cazenovia,13035,Madison
POINT (-73.95818 40.69879),Apple Bank,414 Flushing Avenue,Brooklyn,11205,Kings
POINT (-74.16689 40.58607),Bank of America N.A. GA1-006-15-40,2535 Richmond Avenue,Staten Island,10314,Richmond
POINT (-73.97709 40.68139),Banco Popular North America,52-16th Fifth Avenue,Brooklyn,11220,Kings
POINT (-73.44736 44.68082),Arrow Bank National Association,5023 US Avenue,Plattsburgh,12903,Clinton
POINT (-73.85226 41.32374),Apple Bank,1753 East Main Street,Mohegan Lake,10547,Westchester
POINT (-73.77462 43.49608),Arrow Bank National Association,3853 Main Street,Warrensburg,12885,Warren
POINT (-73.99978 40.7333),Bank of America N.A. GA1-006-15-40,390 Sixth Avenue,New York,10011,New York
POINT (-73.76796 42.85865),"Berkshire Bank (Pittsfield, MA)",7 Halfmoon Crossing,Halfmoon,12065,Saratoga
POINT (-77.971511 43.209831),"Bank of Castile, The",100 Isla Way,Brockport,14420,Monroe
POINT (-73.08994 40.78216),Bank of America N.A. GA1-006-15-40,4400 Veterans Memorial Highway,Holbrook,11741,Suffolk
POINT (-76.1137 43.06853),Bank of America N.A. GA1-006-15-40,2334 James Street,Syracuse,13206,Onondaga
POINT (-73.42006 40.77485),"BankUnited, NA",445 Broadhollow Road,Melville,11747,Suffolk
POINT (-73.81279 42.71715),"Berkshire Bank (Pittsfield, MA)",98 Wolf Road,Albany,12205,Albany
POINT (-77.60676 43.08327),Canandaigua National Corporation,1225 Commons Way,Rochester,14623,Monroe
POINT (-77.64591 43.23986),Bank of America N.A. GA1-006-15-40,3800 Dewey Avenue,Rochester,14616,Monroe
POINT (-72.31167 40.93396),"Bridgehampton National Bank, The",2200 Montauk Highway,Bridgehampton,11932,Suffolk
POINT (-73.79309 40.70684),Bank of America N.A. GA1-006-15-40,91-16 168th Street,Jamaica,11432,Queens
POINT (-73.99021 40.63685),Apple Bank,4519 13th Avenue,Brooklyn,11219,Kings
POINT (-73.99083 40.71724),Bank of America N.A. GA1-006-15-40,318 Grand Street,New York,10002,New York
POINT (-76.15578 43.04797),AmeriCU Credit Union,200 Walton Street,Syracuse,13202,Onondaga
POINT (-73.7816 40.75423),Astoria Bank,46-08 Francis Lewis Boulevard,Flushing,11361,Queens
POINT (-74.98617 43.02786),Adirondack Bank,214 North Washington Street,Herkimer,13350,Herkimer
POINT (-78.88003 42.88716),Buffalo Metropolitan Federal CU,62 South Elmwood Avenue,Buffalo,14202,Erie
POINT (-76.1906 43.03264),Bank of America N.A. GA1-006-15-40,4732 Onondaga Boulevard,Syracuse,13219,Onondaga
POINT (-73.95805 40.64552),Astoria Bank,1045 Flatbush Avenue,Brooklyn,11226,Kings
POINT (-73.86716 40.86545),Bank of America N.A. GA1-006-15-40,700 Allerton Avenue,Bronx,10467,Bronx
POINT (-73.98515 40.74175),Bank of America N.A. GA1-006-15-40,345 Park Avenue South,New York,10010,New York
POINT (-78.74316 42.7673),Bank of America N.A. GA1-006-15-40,6529 East Quaker Street,Orchard Park,14127,Erie
POINT (-73.70531 40.7284),Astoria Bank,155 Jericho Turnpike,Floral Park,11001,Nassau
POINT (-78.75283 42.83014),Bank of America N.A. GA1-006-15-40,4049 Seneca Street,West Seneca,14224,Erie
POINT (-73.76991 43.11988),Ballston Spa National Bank,625 Maple Avenue,Saratoga Springs,12866,Saratoga
POINT (-77.51014 42.78909),Canandaigua National Corporation,8633 U.S. Route 20A,Honeoye,14471,Ontario
POINT (-73.55288 41.85895),Bank of Millbrook,5094 Route 22,Amenia,12501,Dutchess
POINT (-73.95209 40.77802),"Capital One, N.A.",249 East 86th Street,New York,10028,New York
POINT (-78.892 42.94115),Bank of America N.A. GA1-006-15-40,164 Military Road,Buffalo,14207,Erie
POINT (-73.98658 40.74761),Bank of Hope,16 West 32nd Street,New York,10001,New York
,CFCU Community Credit Union,"The Campus Store, Cornell University",Ithaca,14853,Tompkins
POINT (-77.62609 43.12188),Advantage Federal C.U.,260 Crittenden Blvd,Rochester,14642,Monroe
POINT (-77.24555 42.87468),Canandaigua Federal Credit Union,3210 EASTERN BOULEVARD,CANANDAIGUA,14424,Ontario
POINT (-73.69776 43.33068),Arrow Bank National Association,339 Aviation Road,Queensbury,12804,Warren
POINT (-73.50251 40.80988),Bank of America N.A. GA1-006-15-40,378 Jericho Turnpike,Syosset,11791,Nassau
POINT (-73.983 40.76308),Bank of America N.A. GA1-006-15-40,1680 Broadway,New York,10019,New York
POINT (-73.95522 40.77311),"Capital One, N.A.",1510 Second Avenue,New York,10075,New York
POINT (-78.13893 43.01667),"Bank of Castile, The",1 College Road,Batavia,14020,Genesee
POINT (-73.98361 40.71501),Apple Bank,465 Grand Street,New York,10002,New York
POINT (-73.91378 40.66924),Banco Popular North America,1620 Pitkin Avenue,Brooklyn,11212,Kings
POINT (-73.49994 43.09062),Arrow Bank National Association,132 Main Street,Greenwich,12834,Washington
POINT (-78.96667 43.08971),Bank of America N.A. GA1-006-15-40,1263 Military Road,Niagara Falls,14304,Niagara
POINT (-78.60935 42.76786),Bank of America N.A. GA1-006-15-40,670 Main Street,East Aurora,14052,Erie
POINT (-72.53655 40.98612),"Bridgehampton National Bank, The",10900 Main Road,Mattituck,11952,Suffolk
POINT (-73.96104 40.65025),Bank of America N.A. GA1-006-15-40,515 Ocean Avenue,Brooklyn,11226,Kings
POINT (-73.9857 40.76279),Bank of America N.A. GA1-006-15-40,835 Eighth Avenue,New York,10019,New York
POINT (-77.50061 43.19361),Canandaigua National Corporation,1998 Empire Boulevard,Webster,14580,Monroe
POINT (-73.64018 40.7036),Bank of America N.A. GA1-006-15-40,60 Hempstead Avenue,West Hempstead,11552,Nassau
POINT (-73.99864 40.60484),Apple Bank,1973 86th Street,Brooklyn,11214,Kings
POINT (-73.97194 40.57986),Astoria Bank,489 Neptune Avenue,Brooklyn,11224,Kings
POINT (-73.79063 42.67974),Bank of America N.A. GA1-006-15-40,900 Central & Colvin Avenue,Albany,12206,Albany
POINT (-78.83116 42.71621),Bank of America N.A. GA1-006-15-40,43 Main Street,Hamburg,14075,Erie
POINT (-74.00318 40.60759),Bay Ridge Federal Credit Union,1750 86th Street,Brooklyn,11214,Kings
POINT (-75.00581 43.01113),Adirondack Bank,29 West Main Street,Mohawk,13407,Herkimer
POINT (-74.0312 43.0125),Ballston Spa National Bank,5091 Sacandaga Road,Galway,12074,Saratoga
POINT (-76.26781 43.04153),AmeriCU Credit Union,5212 West Genesee Street,Camillus,13031,Onondaga
POINT (-73.6961 42.77428),Capital Communications Federal CU,219 Ontario Street,Cohoes,12047,Albany
POINT (-73.96961 40.75739),Banco Popular North America,875 Third Avenue,New York,10022,New York
POINT (-78.73865 42.91937),Bank of America N.A. GA1-006-15-40,600 Dick Road,Depew,14043,Erie
POINT (-73.70969 42.59787),"Berkshire Bank (Pittsfield, MA)",602 Columbia Turnpike,East Greenbush,12061,Rensselaer
POINT (-73.83798 43.02283),"Adirondack Trust Company, The",162 Northline Road,Ballston Spa,12020,Saratoga
POINT (-73.85096 40.83156),Banco Popular North America,1170 Castle Hill Avenue,Bronx,10462,Bronx
POINT (-73.45958 44.04755),Arrow Bank National Association,4307 Main Street,Port Henry,12974,Essex
POINT (-73.17629 40.73499),Bank of America N.A. GA1-006-15-40,345 East Main Street,East Islip,11730,Suffolk
POINT (-78.69796 42.98441),Bank of America N.A. GA1-006-15-40,7864 Transit Road,Williamsville,14221,Erie
POINT (-77.85261 42.97274),"Bank of Castile, The",3155 State Street,Caledonia,14423,Livingston
POINT (-72.65967 40.91801),"Capital One, N.A.",140 East Main Street,Riverhead,11901,Suffolk
POINT (-73.78462 42.24816),"Berkshire Bank (Pittsfield, MA)",561 Warren Street,Hudson,12534,Columbia
POINT (-74.00749 40.64781),Amalgamated Bank,4502 5th Avenue,Brooklyn,11220,Kings
POINT (-73.03188 40.77821),Astoria Bank,361 Sunrise Highway,Patchogue,11772,Suffolk
POINT (-77.47649 43.13014),Canandaigua National Corporation,1816 Penfield Road,Penfield,14526,Monroe
POINT (-73.91802 40.75853),Alma Bank,41-02 Broadway,Astoria,11103,Queens
POINT (-72.94187 40.94523),"Capital One, N.A.",366 Route 25A,Rocky Point,11778,Suffolk
POINT (-73.96884 40.76084),"BankUnited, NA",136 East 57th Street,New York,10022,New York
POINT (-72.42675 41.06482),"Capital One, N.A.",54375 Route 25,Southold,11971,Suffolk
POINT (-73.88547 40.96076),Bank of America N.A. GA1-006-15-40,176 Roberts Avenue,Yonkers,10703,Westchester
POINT (-74.00727 40.71066),Abacus Federal Savings Bank,104-116 Nassau Street,New York,10038,New York
POINT (-77.62727 43.12925),Advantage Federal C.U.,701 Library Road,Rochester,14611,Monroe
POINT (-73.04574 40.92393),Astoria Bank,1015 Route 112,Port Jefferson Station,11776,Suffolk
POINT (-73.96772 40.80182),Bank of America N.A. GA1-006-15-40,2770 Broadway,New York,10025,New York
POINT (-73.69878 40.79598),Bank of America N.A. GA1-006-15-40,240 Plandome Road,Manhasset,11030,Nassau
POINT (-73.98797 40.74964),Bank of America N.A. GA1-006-15-40,1293 Broadway,New York,10001,New York
POINT (-73.62855 40.8092),Astoria Bank,114 Northern Boulevard,Greenvale,11548,Nassau
POINT (-73.63989 43.28665),Arrow Bank National Association,147 Saratoga Avenue,South Glens Falls,12803,Saratoga
POINT (-74.01255 40.70673),Amalgamated Bank,52 Broadway,New York,10004,New York
POINT (-73.84781 40.93034),Bank of America N.A. GA1-006-15-40,851 Kimball Avenue,Yonkers,10704,Westchester
POINT (-77.62437 43.1239),Advantage Federal C.U.,601 Elmwood Avenue,Rochester,14642,Monroe
POINT (-73.97616 40.75709),"Capital One, N.A.",424 Madison Avenue,New York,10017,New York
POINT (-73.90338 40.70025),Banco Popular North America,918 Seneca Avenue,Ridgewood,11385,Queens
POINT (-75.49135 43.2282),"Berkshire Bank (Pittsfield, MA)",1300 Erie Boulevard West,Rome,13440,Oneida
POINT (-73.69909 41.87201),Bank of Millbrook,11 Hunns Lake Road,Stanfordville,12581,Dutchess
POINT (-73.78533 43.08308),"Adirondack Trust Company, The",473 Broadway,Saratoga Springs,12866,Saratoga
POINT (-73.30012 40.70801),"Capital One, N.A.",450 Union Boulevard,West Islip,11795,Suffolk
POINT (-73.92327 40.85932),"Capital One, N.A.",21 Dyckman Street,New York,10040,New York
POINT (-77.57773 43.1481),Bank of America N.A. GA1-006-15-40,671 Park Avenue,Rochester,14607,Monroe
POINT (-73.47822 40.69121),Astoria Bank,995 Hicksville Road,Massapequa,11758,Nassau
POINT (-73.97859 40.75254),Bank of America N.A. GA1-006-15-40,56 East 42nd Street,New York,10017,New York
POINT (-73.9938 40.74153),Bank of America N.A. GA1-006-15-40,670 Avenue of the Americas,New York,10010,New York
POINT (-73.6559 43.30586),Arrow Bank National Association,4 Broad Street Plaza,Glens Falls,12801,Warren
POINT (-78.44139 42.53349),"Bank of Castile, The",604 West Main Street,Arcade,14009,Wyoming
POINT (-73.9976 40.71532),Bank of America N.A. GA1-006-15-40,50 Bayard Street,New York,10013,New York
POINT (-73.79632 42.72031),Capital Communications Federal CU,4 Winners Circle,Albany,12205,Albany
POINT (-72.36263 41.10173),"Bridgehampton National Bank, The",218 Front Street,Greenport,11944,Suffolk
POINT (-75.98525 43.0066),Bank of America N.A. GA1-006-15-40,343 Fayette Street,Manlius,13104,Onondaga
POINT (-73.96054 40.70625),Apple Bank,44 Lee Avenue,Brooklyn,11211,Kings
POINT (-73.95777 40.6708),"Capital One, N.A.",341 Eastern Parkway,Brooklyn,11216,Kings
POINT (-78.87426 42.88879),Bank of America N.A. GA1-006-15-40,10 Fountain Plaza,Buffalo,14202,Erie
POINT (-73.94419 40.83514),Apple Bank,3815 Broadway,New York,10032,New York
POINT (-77.89742 42.82769),"Bank of Castile, The",3768 Route 36,Piffard,14533,Livingston
POINT (-73.75894 41.02239),Bank of America N.A. GA1-006-15-40,500 Mamaroneck Avenue,White Plains,10605,Westchester
POINT (-73.61542 40.68229),Bank of America N.A. GA1-006-15-40,1150 Grand Avenue,South Hempstead,11550,Nassau
POINT (-74.06691 41.10755),Apple Bank,79 Route 59,Monsey,10952,Rockland
POINT (-73.92941 41.70271),Bank of America N.A. GA1-006-15-40,45 Market Street,Poughkeepsie,12601,Dutchess
POINT (-74.00767 40.71528),Bank of America N.A. GA1-006-15-40,168 Church Street,New York,10007,New York
POINT (-76.11825 43.17536),AmeriCU Credit Union,5798 NY  31,Cicero,13039,Onondaga
POINT (-73.7027 40.63707),"Bridgehampton National Bank, The",1218 Broadway,Hewlett,11557,Nassau
POINT (-77.59907 42.95022),Canandaigua National Corporation,99 West Main Street,Honeoye Falls,14472,Monroe
POINT (-73.94466 42.78423),Bank of America N.A. GA1-006-15-40,1428 Altamont Avenue,Schenectady,12303,Schenectady
POINT (-73.89507 42.77403),"Berkshire Bank (Pittsfield, MA)",120 Mansion Street,Niskayuna,12304,Schenectady
POINT (-73.84579 40.78495),Bank of America N.A. GA1-006-15-40,14-15 College Point Boulevard,College Point,11356,Queens
POINT (-73.66415 40.58866),"Capital One, N.A.",11 East Park Avenue,Long Beach,11561,Nassau
POINT (-77.58446 43.18735),Bank of America N.A. GA1-006-15-40,1394 Norton Street,Rochester,14621,Monroe
POINT (-73.97712 40.74997),Bank of America N.A. GA1-006-15-40,353 Lexington Avenue,New York,10016,New York
POINT (-73.54213 40.65967),"Bridgehampton National Bank, The",2222 Merrick Road,Merrick,11556,Nassau
POINT (-73.37447 40.70355),Apple Bank,151 East Sunrise Highway,North Lindenhurst,11757,Suffolk
POINT (-73.70141 40.63895),Bank of America N.A. GA1-006-15-40,1286 West Broadway,Hewlett,11557,Nassau
POINT (-73.92041 40.81679),Bank of America N.A. GA1-006-15-40,329A East 149th Street,Bronx,10451,Bronx
POINT (-78.4175 43.06751),Bank of Akron,986 Bloomingdale Road,Basom,14013,Erie
POINT (-73.97574 40.78908),Bank of America N.A. GA1-006-15-40,2380 Broadway,New York,10024,New York
POINT (-73.28735 40.84187),Bank of America N.A. GA1-006-15-40,41 Veterans Memorial Highway,Commack,11725,Suffolk
POINT (-73.6659 43.32706),Arrow Bank National Association,696 Upper Glen Street,Queensbury,12804,Warren
POINT (-73.98019 40.77302),American Broadcast Employees Federal Credit Union,77 West 66th Street,New York,10023,New York
POINT (-73.69367 40.70704),Bank of America N.A. GA1-006-15-40,1431 Hempstead Turnpike,Elmont,11003,Nassau
POINT (-73.21821 40.72773),"Capital One, N.A.",290 Main Street,Islip,11751,Suffolk
POINT (-73.99036 40.75646),Bank of America N.A. GA1-006-15-40,625 8th Avenue,New York,10018,New York
POINT (-73.97875 40.78534),Bank of America N.A. GA1-006-15-40,2260 Broadway,New York,10024,New York
POINT (-73.95839 40.64911),"Capital One, N.A.",927 Flatbush Avenue,Brooklyn,11226,Kings
POINT (-73.7524 42.64963),Bank of America N.A. GA1-006-15-40,69 State Street,Albany,12201,Albany
POINT (-73.95464 40.58792),Bank of America N.A. GA1-006-15-40,1415 Avenue Z,Brooklyn,11235,Kings
POINT (-73.65238 43.33505),"Adirondack Trust Company, The",376 Bay Road,Queensbury,12804,Saratoga
POINT (-73.98844 40.72758),Apple Bank,105 Second Avenue,New York,10003,New York
POINT (-76.27393 43.03926),Bank of America N.A. GA1-006-15-40,5345 West Genessee Street,Camillius,13031,Onondaga
POINT (-74.37242 43.00641),"Berkshire Bank (Pittsfield, MA)",51 West Main Street,Johnstown,12095,Fulton
POINT (-74.11267 42.03816),Bank of America N.A. GA1-006-15-40,81 Mill Hill Road,Woodstock,12498,Ulster
POINT (-73.6351 40.84126),Apple Bank,333 Glen Cove Avenue,Sea Cliff,11579,Nassau
POINT (-73.82468 40.98794),Apple Bank,1075 Central Park Avenue,Scarsdale,10583,Westchester
POINT (-73.83127 40.84549),Alma Bank,1705 Crosby Avenue,Bronx,10461,Bronx
POINT (-73.64673 40.65483),"Capital One, N.A.",77 Lincoln Avenue,Rockville Centre,11570,Nassau
POINT (-73.32739 43.17349),Arrow Bank National Association,212 Main Street,Salem,12865,Washington
POINT (-78.12655 42.76583),"Bank of Castile, The",2367 North Main Street,Warsaw,14569,Wyoming
POINT (-76.08961 43.07598),AmeriCU Credit Union,6303 Thompson Road,Syracuse,13206,Onondaga
POINT (-73.64282 40.65589),Astoria Bank,339 Merrick Road,Rockville Center,11570,Nassau
POINT (-74.13165 44.32633),Adirondack Bank,67 Main Street,Saranac Lake,12983,Franklin
POINT (-73.06708 40.94333),"Bridgehampton National Bank, The",414 Main Street,Port Jefferson,11777,Suffolk
POINT (-73.97711 40.77983),Bank of America N.A. GA1-006-15-40,334 Columbus Avenue,New York,10023,New York
POINT (-73.93872 40.84245),Banco Popular North America,1200 St. Nicholas Avenue,New York,10032,New York
POINT (-73.96222 40.62508),Apple Bank,1401 Avenue J,Brooklyn,11230,Kings
POINT (-74.01038 40.70932),Bank of America N.A. GA1-006-15-40,150 Broadway,New York,10038,New York
POINT (-77.97888 42.12351),Alco Federal Credit Union,2859 Lindy Lane,Wellsville,14895,Allegany
POINT (-76.54492 42.95423),AmeriCU Credit Union,295 Grant Avenue,Auburn,13021,Cayuga
POINT (-73.68994 40.83045),Astoria Bank,110 Main Street,Port Washington,11050,Nassau
POINT (-73.98167 40.75132),"Berkshire Bank, The",4 East 39th Street,New York,10016,New York
POINT (-73.97954 40.75246),"Capital One, N.A.",300 Madison Avenue,New York,10017,New York
POINT (-73.69541 40.79339),Apple Bank,1395 Northern Boulevard,Manhasset,11030,Nassau
POINT (-77.61793 43.15349),Advantage Federal C.U.,225 West Broad Street,Rochester,14614,Monroe
POINT (-73.87979 40.82854),Bank of America N.A. GA1-006-15-40,1500 Westchester Avenue,Bronx,10472,Bronx
POINT (-73.11464 40.9296),Bank of America N.A. GA1-006-15-40,15 Bennetts Road,East Setauket,11733,Suffolk
POINT (-73.98717 40.75065),"BankUnited, NA",960 Avenue of the Americas,New York,10001,New York
POINT (-73.30809 40.69645),Bank of America N.A. GA1-006-15-40,540 Montauk Highway,West Islip,11795,Suffolk
POINT (-73.98204 40.76519),"Capital One, N.A.",1745 Broadway,New York,10019,New York
POINT (-73.63933 40.62466),Astoria Bank,3535 Long Beach Road,Oceanside,11572,Nassau
,Bank of Holland,Route 16,Yorkshire,14173,Cattaraugus
POINT (-78.20136 43.00448),"Bank of Castile, The",358 West Main Street,Batavia,14020,Genesee
POINT (-73.87414 40.73478),Bank of America N.A. GA1-006-15-40,89-01 Queens Boulevard,Elmhurst,11373,Queens
POINT (-73.96687 40.79257),Banco Popular North America,90 West 96th Street,New York,10025,New York
POINT (-74.01319 40.70599),Bank of America N.A. GA1-006-15-40,29 Broadway,New York,10006,New York
POINT (-73.84434 40.72088),Bank of America N.A. GA1-006-15-40,10726 Continental Avenue,Forest Hills,11375,Queens
POINT (-73.99876 40.74492),Bank of America N.A. GA1-006-15-40,244 Eighth Avenue,New York,10011,New York
POINT (-73.54898 40.65666),Bank of America N.A. GA1-006-15-40,2020 Merrick Road,South Merrick,11566,Nassau
POINT (-73.45351 44.69645),Arrow Bank National Association,25 Margaret Street,Plattsburgh,12901,Clinton
POINT (-74.39499 41.71752),Bank of America N.A. GA1-006-15-40,Canal and Main Street,Ellenville,12428,Ulster
POINT (-73.4109 40.81873),Astoria Bank,320 Walt Whitman Road,Huntington Station,11746,Suffolk
POINT (-73.75273 40.67992),Bank of America N.A. GA1-006-15-40,216-02 Merrick Boulevard,Springfield Gardens,11413,Queens
POINT (-73.64601 43.31068),Arrow Bank National Association,250 Glen Street,Glens Falls,12801,Warren
POINT (-73.41411 40.75472),"Capital One, N.A.",1995 New Highway,Farmingdale,11735,Nassau
POINT (-77.27278 42.87674),Canandaigua National Corporation,709 South Main Street,Canandaigua,14424,Ontario
POINT (-73.73601 40.6653),Bank of America N.A. GA1-006-15-40,241-42 South Conduit Boulevard,Rosedale,11422,Queens
POINT (-78.86289 42.87833),Buffalo Metropolitan Federal CU,370 Seneca Street,Buffalo,14202,Erie
POINT (-73.79457 43.06986),Bank of America N.A. GA1-006-15-40,"189 Ballston Avenue, Route 50",Saratoga,12866,Saratoga
POINT (-73.9347 40.84973),"Capital One, N.A.",620 West 181st Street,New York,10033,New York
POINT (-73.0478 40.9257),Bank of America N.A. GA1-006-15-40,911 Route 112,Port Jefferson Station,11776,Suffolk
POINT (-73.7143 41.12603),Bank of America N.A. GA1-006-15-40,401 Main Street,Armonk,10504,Westchester
POINT (-73.84146 40.66441),"Capital One, N.A.",155-14 Cross Bay Boulevard,Howard Beach,11414,Queens
POINT (-74.16291 40.62632),Bank of America N.A. GA1-006-15-40,2196 Forest Avenue,Staten Island,10303,Richmond
POINT (-74.3055 42.67238),Bank of Richmondville,428 Main Street,Schoharie,12157,Schoharie
POINT (-73.66058 43.30448),"Berkshire Bank (Pittsfield, MA)",14 LaRose Street,Glens Falls,12801,Warren
POINT (-78.62132 42.97457),Bank of Akron,9865 Main Street,Clarence,14031,Erie
POINT (-74.02924 40.62795),Bank of America N.A. GA1-006-15-40,7923 3rd Avenue,Brooklyn,11209,Kings
POINT (-74.00084 40.73187),"Capital One, N.A.",347 Sixth Avenue,New York,10014,New York
POINT (-73.51941 40.72598),Bank of America N.A. GA1-006-15-40,3161 Hempstead Turnpike,Levittown,11756,Nassau
POINT (-73.95583 40.77915),Bank of America N.A. GA1-006-15-40,1275 Lexington Avenue,New York,10028,New York
POINT (-72.7773 40.809),"Bridgehampton National Bank, The",15 Frowein Road,Center Moriches,11934,Suffolk
POINT (-76.05127 43.03106),Bank of America N.A. GA1-006-15-40,6801 East Genesee Street,Fayetteville,13066,Onondaga
POINT (-73.82401 40.7646),Bank of America N.A. GA1-006-15-40,141-61 Northern Boulevard,Flushing,11354,Queens
POINT (-73.98638 40.63064),Apple Bank,1575 50th Street,Brooklyn,11219,Kings
POINT (-78.54115 42.64094),Bank of Holland,12 South Main Street,Holland,14080,Erie
POINT (-73.96747 40.69326),Bank of America N.A. GA1-006-15-40,449 Myrtle Avenue,Brooklyn,11205,Kings
POINT (-73.80898 40.78745),Astoria Bank,153-17 Cross Island Parkway,Whitestone,11357,Queens
POINT (-74.69151 41.37492),Bank of America N.A. GA1-006-15-40,13-17 Hammond Street,Port Jervis,12771,Orange
POINT (-74.97061 43.71195),Adirondack Bank,108 Codling Street,Old Forge,13420,Herkimer
POINT (-73.54528 40.72514),Bank of America N.A. GA1-006-15-40,2443 Hempstead Turnpike,East Meadow,11554,Nassau
POINT (-76.20604 42.596),CFCU Community Credit Union,3910 Route 281,Cortland,13045,Cortland
POINT (-73.66779 40.67744),Astoria Bank,363 Hempstead Avenue,Malverne,11565,Nassau
POINT (-73.00835 40.79215),Astoria Bank,718 Medford Avenue,Patchogue,11772,Suffolk
POINT (-77.28185 42.88667),Canandaigua National Corporation,17 Chapin Street,Canandaigua,14424,Ontario
POINT (-73.91428 40.74387),Bank of Hope,50-15 Roosevelt Avenue,Woodside,11317,Queens
POINT (-73.89305 40.74738),Astoria Bank,72-35 Broadway,Jackson Heights,11372,Queens
POINT (-75.25441 43.24311),Adirondack Bank,9576 Main Street,Holland Patent,13354,Oneida
POINT (-73.94098 40.79835),Banco Popular North America,164 East 116th Street,New York,10029,New York
POINT (-73.98588 40.75242),Alma Bank,1023 Avenue of the Americas,New York,10018,New York
POINT (-73.93159 42.86983),"Berkshire Bank (Pittsfield, MA)",262 Saratoga Road,Glenville,12302,Schenectady
POINT (-74.98007 43.02751),AmeriCU Credit Union,326 East State Street,Herkimer,13350,Herkimer
POINT (-78.13484 42.2075),Alco Federal Credit Union,25 West Main Street,Friendship,14739,Allegany
POINT (-75.03605 43.01493),"Berkshire Bank (Pittsfield, MA)",1 Central Plaza,Ilion,13357,Herkimer
POINT (-73.42341 40.72629),Bank of America N.A. GA1-006-15-40,901 Broad Hollow Road,Farmingdale,11735,Nassau
POINT (-73.99152 40.61782),Apple Bank,6701 18th Avenue,Brooklyn,11204,Kings
POINT (-73.86764 40.85636),Bank of America N.A. GA1-006-15-40,2198 White Plains Road,Bronx,10462,Bronx
POINT (-76.18009 43.00594),Bank of America N.A. GA1-006-15-40,4865 West Seneca Street,Syracuse,13215,Onondaga
POINT (-73.63712 42.74891),Capital Communications Federal CU,799 Hoosick Street,Brunswick,12180,Rensselaer
POINT (-75.41963 43.22086),AmeriCU Credit Union,231 Hill Road,Rome,13440,Oneida
POINT (-74.02633 41.93692),Bank of America N.A. GA1-006-15-40,451 Washington Avenue,Kingston,12401,Ulster
POINT (-74.1108 40.57103),BCB Community Bank,354 New Dorp Lane,Staten Island,10306,Richmond
POINT (-73.95206 40.58615),Astoria Bank,1672 Sheepshead Bay Road,Brooklyn,11235,Kings
POINT (-73.53054 40.77952),Astoria Bank,301 North Broadway,Jericho,11753,Nassau
POINT (-73.83808 42.74318),Arrow Bank National Association,501 New Karner Road,Albany,12205,Albany
POINT (-74.00827 40.74691),"Capital One, N.A.",Chelsea Pier #61,New York,10011,New York
POINT (-77.6552 43.09219),Advantage Federal C.U.,100 Park Point Drive,Rochester,14623,Monroe
POINT (-73.99183 40.75063),Bank of America N.A. GA1-006-15-40,One Penn Plaza East,New York,10119,New York
POINT (-73.76287 42.65653),"Berkshire Bank (Pittsfield, MA)",194 Washington Avenue,Albany,12201,Albany
POINT (-78.85425 42.94772),Bank of America N.A. GA1-006-15-40,1452 Hertel Avenue,Buffalo,14216,Erie
POINT (-71.94493 41.03485),"Bridgehampton National Bank, The",3 The Plaza,Montauk,11954,Suffolk
POINT (-73.71299 43.41673),Arrow Bank National Association,2252 State Route 9,Lake George,12845,Warren
POINT (-73.97237 40.75363),Bank of America N.A. GA1-006-15-40,750 Third Avenue,New York,10017,New York
POINT (-73.95047 40.82626),Banco Popular North America,3540 Broadway,New York,10031,New York
POINT (-73.21236 40.80258),Bank of America N.A. GA1-006-15-40,185 Wheeler Road,Central Islip,11722,Suffolk
POINT (-73.9404 42.81191),Bank of America N.A. GA1-006-15-40,500 State Street,Schenectady,12305,Schenectady
POINT (-73.94875 40.76324),Amalgamated Bank,619 Main Street,Roosevelt Island,10044,New York
POINT (-73.50916 40.67379),Bank of America N.A. GA1-006-15-40,3330 Park Avenue,Wantagh,11793,Nassau
POINT (-76.15353 43.05075),Bank of America N.A. GA1-006-15-40,One Clinton Square,Syracuse,13202,Onondaga
POINT (-73.64361 40.74833),Bank of America N.A. GA1-006-15-40,199 Jericho Turnpike,Mineola,11501,Nassau
POINT (-73.97532 40.75244),Bank of America N.A. GA1-006-15-40,425 Lexington Avenue,New York,10174,New York
POINT (-73.83165 40.70611),"Capital One, N.A.",119-01 Metropolitan Avenue,Kew Gardens,11415,Queens
POINT (-73.99194 40.73111),Bank of America N.A. GA1-006-15-40,770 Broadway,New York,10003,New York
POINT (-72.39251 40.88731),Bank of America N.A. GA1-006-15-40,60 Jagger Lane,Southampton,11968,Suffolk
POINT (-73.91764 40.81635),"Capital One, N.A.",557 Melrose Avenue,Bronx,10455,Bronx
POINT (-73.82655 40.86844),Bank of America N.A. GA1-006-15-40,2136 Bartow Avenue,Bronx,10475,Bronx
POINT (-78.88271 42.88608),Buffalo Metropolitan Federal CU,257 West Genesee Street,Buffalo,14202,Erie
POINT (-73.89863 40.93316),Bank of America N.A. GA1-006-15-40,20 South Broadway,Yonkers,10701,Westchester
POINT (-73.42578 40.87128),Bank of America N.A. GA1-006-15-40,250 Main Street,Huntington,11743,Suffolk
POINT (-73.99103 40.63607),Bank of America N.A. GA1-006-15-40,4701 13th Avenue,Brooklyn,11219,Kings
POINT (-73.6575 40.70632),Astoria Bank,490 Hempstead Turnpike,West Hempstead,11552,Nassau
POINT (-73.79437 42.68427),"Berkshire Bank (Pittsfield, MA)",979 Central Avenue,Albany,12205,Albany
POINT (-78.50299 43.0133),Bank of Akron,77 Buell Street,Akron,14001,Erie
POINT (-73.93913 40.8435),Bank of America N.A. GA1-006-15-40,4061 Broadway,New York,10032,New York
,Bank of America N.A. GA1-006-15-40,River Avenue,Bronx,10451,Bronx
POINT (-72.20795 40.95478),Apple Bank,50 Montauk Highway,East Hampton,11937,Suffolk
POINT (-73.10835 40.94089),"Capital One, N.A.",61 Route 25A,East Setauket,11733,Suffolk
POINT (-77.75263 43.10444),Canandaigua National Corporation,3228 Chili Avenue,Rochester,14626,Monroe
POINT (-73.99087 40.61844),Bank of America N.A. GA1-006-15-40,6601 18th Avenue,Brooklyn,11204,Kings
POINT (-73.95141 40.80984),"Capital One, N.A.",2310 Frederick Douglas Boulevard,New York,10027,New York
POINT (-73.62345 40.78477),Bank of America N.A. GA1-006-15-40,1 Old Westbury Road,Roslyn Heights,11577,Nassau
POINT (-74.32545 41.40213),Bank of America N.A. GA1-006-15-40,54 West Main Street,Goshen,10924,Orange
POINT (-77.69921 43.2535),Canandaigua National Corporation,3204 Latta Road,Rochester,14626,Monroe
POINT (-74.00687 40.62082),"Capital One, N.A.",7401 13th Avenue,Brooklyn,11228,Kings
POINT (-74.0676 40.59148),Atlas Bank,339 Sand Lane,Staten Island,10305,Richmond
POINT (-73.73378 40.79346),"Bridgehampton National Bank, The",200 Middle Neck Road,Great Neck,11021,Nassau
POINT (-73.9813 40.77846),"Capital One, N.A.",175 West 72nd Street,New York,10023,New York
POINT (-73.92996 40.75669),Bank of America N.A. GA1-006-15-40,30-18 36th Avenue,Long Island City,11106,Queens
POINT (-73.68067 41.44123),Wells Fargo ATM,259 Route 52,Carmel,10512,Putnam
POINT (-75.31154 43.08968),Adirondack Bank,4697 Commercial Drive,New Hartford,13413,Oneida
POINT (-73.61995 40.85556),Astoria Bank,44 Cedar Swamp Road,Glen Cove,11542,Nassau
POINT (-72.38443 40.88816),"Bridgehampton National Bank, The",150 Hampton Road,Southampton,11968,Suffolk
POINT (-73.96443 40.62484),"Berkshire Bank, The",1119 Avenue J,Brooklyn,11230,Kings
POINT (-73.5761 40.72295),Astoria Bank,1622 Hempstead Turnpike,East Meadow,11554,Nassau
POINT (-73.9801 40.75169),Banco Popular North America,285 Madison Avenue,New York,10014,New York
POINT (-75.46053 43.20849),Access Federal Credit Union,230 South James Street,Rome,13440,Oneida
POINT (-78.18212 42.99738),Bank of America N.A. GA1-006-15-40,100 Main Street,Batavia,14020,Genesee
POINT (-73.79165 42.96683),Capital Communications Federal CU,2439 Route 9,Malta,12020,Saratoga
POINT (-73.99106 40.69392),Bank of America N.A. GA1-006-15-40,205 Montague Street,Brooklyn,11201,Kings
POINT (-73.41962 40.85863),Astoria Bank,839-140 New York Avenue,Huntington,11743,Suffolk
POINT (-73.93788 40.85519),"Berkshire Bank, The",210 Pinehurst Avenue,New York,10033,New York
POINT (-73.93759 40.75911),Amalgamated Bank,36-18 21st Street,Long Island City,11106,Queens
POINT (-72.99381 40.82763),Bank of America N.A. GA1-006-15-40,2851 Horseblock Road,Medford,11763,Suffolk
POINT (-73.82288 40.75394),Apple Bank,43-73 Kissena Boulevard,Flushing,11355,Queens
POINT (-77.5796 43.19749),Bank of America N.A. GA1-006-15-40,1381 East Ridge Road,Rochester,14621,Monroe
POINT (-77.5965 43.15024),Advantage Federal C.U.,220 Alexander Street,Rochester,14607,Monroe
POINT (-73.8514 42.98727),Ballston Spa National Bank,990 Route 67,Ballston Spa,12020,Saratoga
POINT (-73.75392 42.77095),Capital Communications Federal CU,4 Century Hill Drive,Latham,12110,Albany
POINT (-73.71808 43.17071),Arrow Bank National Association,227 Ballard Road,Gansevort,12831,Saratoga
POINT (-74.11617 40.56401),Bank of America N.A. GA1-006-15-40,2820 Hylan Boulevard,Staten Island,10306,Richmond
POINT (-73.92094 40.76745),Alma Bank,2831 31st Street,Astoria,11102,Queens
POINT (-73.90376 40.83174),"Capital One, N.A.",1276 Fulton Avenue,Bronx,10456,Bronx
POINT (-72.19596 40.96333),"Bridgehampton National Bank, The",8 Gingerbread Lane,East Hampton,11937,Suffolk
POINT (-73.89461 40.86217),Banco Popular North America,301 Fordham Road,Bronx,10458,Bronx
POINT (-73.75274 43.10795),Arrow Bank National Association,Route 50 & Jones Road,Wilton,12831,Saratoga
POINT (-73.96734 40.79316),"Capital One, N.A.",750 Columbus Avenue,New York,10025,New York
POINT (-74.31206 42.66391),Bank of America N.A. GA1-006-15-40,287 Main Street,Schoharie,12157,Schoharie
POINT (-73.77002 40.76162),Bank of America N.A. GA1-006-15-40,4239 Bell Boulevard,Bayside,11361,Queens
POINT (-78.87279 42.98181),Bank of America N.A. GA1-006-15-40,3588 Delaware Avenue,Kenmore,14217,Erie
POINT (-78.83925 42.93891),Bank of America N.A. GA1-006-15-40,2389 Fillmore Avenue,Buffalo,14214,Erie
POINT (-73.95269 40.58698),Banco Popular North America,1619 Sheepshead Bay Road,Brooklyn,11235,Kings
POINT (-75.23277 43.10062),Bank of Utica,222 Genesee Street,Utica,13502,Oneida
POINT (-73.83 40.71379),Apple Bank,116-12 Queens Boulevard,Kew Gardens,11375,Queens
POINT (-73.88057 40.70196),Bank of America N.A. GA1-006-15-40,70-11 Myrtle Avenue,Glendale,11385,Queens
POINT (-77.61277 43.15607),Bank of America N.A. GA1-006-15-40,4 State Street,Rochester,14614,Monroe
POINT (-73.94472 40.74627),Bank of America N.A. GA1-006-15-40,24-10  Jackson Avenue,Long Island City,11101,Queens
POINT (-73.97633 40.7516),Apple Bank,122 East 42nd Street,New York,10168,New York
POINT (-78.87878 42.88653),Buffalo Metropolitan Federal CU,65 Niagara Square,Buffalo,14202,Erie
POINT (-73.60675 40.71273),Bank of America N.A. GA1-006-15-40,730 Fulton Avenue,Hempstead,11550,Nassau
POINT (-73.99754 40.7449),Apple Bank,250 West 23rd Street,New York,10011,New York
POINT (-73.74018 40.65922),"Capital One, N.A.",145-15 243rd Street,Rosedale,11422,Queens
POINT (-73.98247 40.74561),"Capital One, N.A.",470 Park Avenue,New York,10016,New York
POINT (-73.96719 40.80333),Banco Popular North America,2812 Broadway,New York,10025,New York
POINT (-73.52111 40.72529),Astoria Bank,3105 Hempstead Turnpike,Levittown,11756,Nassau
POINT (-73.98204 40.76519),Amalgamated Bank,1745 Broadway,New York,10019,New York
POINT (-73.90273 40.77848),Bank of America N.A. GA1-006-15-40,19-50 37th Street,Astoria,11105,Queens
POINT (-73.80942 40.7633),Broadway National Bank,156-44 Northern Boulevard,Flushing,11354,Queens
POINT (-73.68544 40.68897),Astoria Bank,711 Franklin Avenue,Franklin Square,11010,Nassau
POINT (-73.35048 40.86745),Apple Bank,775 Pulaski Road,Greenlawn,11740,Suffolk
POINT (-73.63683 40.72455),Bank of America N.A. GA1-006-15-40,96 7th Street,Garden City,11530,Nassau
POINT (-73.43178 40.70278),Apple Bank,943 Carmens Road,Massapequa,11758,Nassau
,Bank of America N.A. GA1-006-15-40,Pinwlawn Road,Melville,11747,Suffolk
POINT (-73.96627 40.75371),Bank of America N.A. GA1-006-15-40,882 First Avenue,New York,10022,New York
POINT (-73.98891 40.66604),Bank of America N.A. GA1-006-15-40,534 5th Avenue,Brooklyn,11215,Kings
POINT (-73.3302 40.76549),Bank of America N.A. GA1-006-15-40,1979 Deer Park Avenue,Deer Park,11729,Suffolk
POINT (-73.947 40.63219),Bank of America N.A. GA1-006-15-40,1580 Flatbush Avenue,Brooklyn,11210,Kings
POINT (-73.93614 40.85032),Apple Bank,706 West 181st Street,New  York,10033,New York
POINT (-73.72749 40.78715),Bank of America N.A. GA1-006-15-40,10 Middle Neck Road,Great Neck,11021,Nassau
POINT (-73.75421 40.59676),Bank of America N.A. GA1-006-15-40,231 Beach 20th Street,Queens,11691,Queens
POINT (-77.69403 43.20908),Canandaigua National Corporation,2455 West Ridge Road,Rochester,14626,Monroe
POINT (-73.80847 42.93618),"Adirondack Trust Company, The",322 Ruhle Road,Ballston Lake,12019,Saratoga
POINT (-73.82097 40.8253),"Capital One, N.A.",3780 East Tremont Avenue,Bronx,10465,Bronx
POINT (-73.219 40.72795),Bank of America N.A. GA1-006-15-40,265 Montauk Highway,Islip,11751,Suffolk
POINT (-73.46803 40.81645),Bank of America N.A. GA1-006-15-40,8225 Jericho Turnpike,Woodbury,11797,Nassau
POINT (-73.86712 40.90405),Bank of America N.A. GA1-006-15-40,928 McLean Avenue,Yonkers,10704,Westchester
POINT (-77.42019 42.90193),Canandaigua National Corporation,4 Main Street,Bloomfield,14469,Ontario
POINT (-73.96912 40.69311),Apple Bank,418 Myrtle Avenue,Brooklyn,11205,Kings
POINT (-73.80328 40.76252),Bank of Hope,162-05 Crocheron Avenue,Flushing,11358,Queens
POINT (-73.99889 44.29677),Adirondack Bank,38 Hadjis Way,Lake Placid,12946,Essex
POINT (-73.70283 40.68711),Astoria Bank,1585 Dutch Broadway,Elmont,11003,Nassau
POINT (-73.68422 40.74856),Bank of America N.A. GA1-006-15-40,1600 Hillside Avenue,New Hyde Park,11040,Nassau
POINT (-76.51052 42.43955),Alternatives Federal Credit Union,125 North Fulton Street,Ithaca,14850,Tompkins
POINT (-73.788 43.07215),Arrow Bank National Association,171 South Broadway,Saratoga Springs,12866,Albany
POINT (-73.8994 42.80252),Bank of America N.A. GA1-006-15-40,1757 Union Street,Niskayuna,12309,Schenectady
POINT (-73.87129 40.75244),Banco Popular North America,35-30 Junction Boulevard,Corona,11368,Queens
POINT (-77.41146 42.98312),Canandaigua National Corporation,61 West Main Street,Victor,14564,Ontario
POINT (-73.703 40.66209),Astoria Bank,120 South Franklin Avenue,Valley Stream,11580,Nassau
POINT (-73.35823 40.83196),Bank of America N.A. GA1-006-15-40,709 Old Country Road,Dix Hills,11746,Suffolk
POINT (-78.45038 43.05115),Bank of Akron,383 Bloomingdale Road,Akron,14001,Erie
POINT (-73.99066 40.63642),"Capital One, N.A.",4612 13th Avenue,Brooklyn,11219,Kings
POINT (-73.69052 42.7302),Bank of America N.A. GA1-006-15-40,59 Third Street,Troy,12180,Rensselaer
POINT (-73.63981 40.63621),"Bridgehampton National Bank, The",3121 Long Beach Road,Oceanside,11572,Nassau
POINT (-73.92597 40.82764),Apple Bank,44 East 161st Street,Bronx,10451,Bronx
POINT (-73.29338 40.842),Apple Bank,41 Commack Road,Commack,11725,Suffolk
POINT (-73.41062 40.76234),Bank of America N.A. GA1-006-15-40,25 Deshon Boulevard,Melville,11747,Suffolk
POINT (-73.18679 40.85576),"Bridgehampton National Bank, The",180 East Main Street,Smithtown,11787,Suffolk
POINT (-77.62102 43.11847),Advantage Federal C.U.,1625 Mount Hope Avenue,Rochester,14620,Monroe
POINT (-78.74702 42.96249),Bank of America N.A. GA1-006-15-40,5529 Main Street,Williamsville,14221,Erie
POINT (-77.73489 42.91013),"Bank of Castile, The",263 East Main Street,Avon,14414,Livingston
POINT (-73.80425 43.07885),Arrow Bank National Association,91 West Avenue,Saratoga Springs,12866,Saratoga
POINT (-73.94959 40.59957),"Capital One, N.A.",2123 Avenue U,Brooklyn,11229,Kings
POINT (-73.88773 40.74939),Apple Bank,78-01 37th Avenue,Jackson Heights,11372,Queens
POINT (-76.06097 43.06369),"Berkshire Bank (Pittsfield, MA)",6611 Manlius Road,East Syracuse,13057,Onondaga
POINT (-78.86931 42.74208),Bank of America N.A. GA1-006-15-40,5340 Southwestern Boulevard,Hamburg,14075,Erie
POINT (-73.8519 42.99012),"Adirondack Trust Company, The",224 Church Avenue,Ballston Spa,12020,Saratoga
POINT (-73.96666 40.76145),Bank of America N.A. GA1-006-15-40,988 Third Avenue,New York,10022,New York
POINT (-73.8682 40.65585),Bank of America N.A. GA1-006-15-40,642 Gateway Drive,Brooklyn,11239,Kings
POINT (-73.59543 42.36334),"Berkshire Bank (Pittsfield, MA)",50-52 Main Street,Chatham,12037,Columbia
POINT (-73.84598 41.01312),Astoria Bank,729 Saw Mill River Road,Ardsley,10502,Westchester
POINT (-74.00606 40.62851),"Capital One, N.A.",6501 11th Avenue,Brooklyn,11219,Kings
POINT (-73.92245 40.76739),Astoria Bank,29-34 30th Avenue,Long Island City,11102,Queens
POINT (-73.95304 40.5881),Bay Ridge Federal Credit Union,1609 Avenue Z,Brooklyn,11235,Kings
POINT (-77.56227 43.12394),Canandaigua National Corporation,2075 Monroe Avenue,Rochester,14618,Monroe
POINT (-73.97461 40.75611),"BankUnited, NA",299 Park Avenue,New York,10171,New York
POINT (-75.43528 43.23686),AmeriCU Credit Union,1916 Black River Boulevard,Rome,13440,Oneida
POINT (-77.6039 43.15744),Bank of America N.A. GA1-006-15-40,1 East Avenue,Rochester,14638,Monroe
POINT (-75.29107 43.1171),"Berkshire Bank (Pittsfield, MA)",34 Oriskany Boulevard,Whitesboro,13492,Oneida
POINT (-74.02107 40.63327),Bank of America N.A. GA1-006-15-40,6901 5th Avenue,Brooklyn,11209,Kings
POINT (-73.42266 40.77473),Astoria Bank,532 Broad Hollow Road,Melville,11747,Suffolk
POINT (-74.56345 42.63439),Bank of Richmondville,284  Main Street,Richmondville,12149,Schoharie
POINT (-73.89564 40.86221),Bank of America N.A. GA1-006-15-40,248 East Fordham Road,Bronx,10458,Bronx
POINT (-73.90993 40.88582),Bank of America N.A. GA1-006-15-40,3508 Johnson Avenue,Riverdale,10463,Bronx
POINT (-73.72403 40.62223),Apple Bank,115 Cedarhurst Avenue,Cedarhurst,11516,Nassau
POINT (-73.98888 40.75331),Bank of America N.A. GA1-006-15-40,515 Seventh Avenue,New York,10018,New York
POINT (-74.00845 40.74592),"Capital One, N.A.",Chelsea Pier #60,New York,10011,New York
POINT (-73.63602 40.73066),"Bridgehampton National Bank, The",1055 Franklin Avenue,Garden City,11530,Nassau
POINT (-73.98137 40.57633),Bank of America N.A. GA1-006-15-40,2915 Stillwell Avenue,Brooklyn,11224,Kings
POINT (-72.18618 40.96273),"Bridgehampton National Bank, The",55 Main Street,East Hampton,11937,Suffolk
POINT (-75.46214 42.93962),"Berkshire Bank (Pittsfield, MA)",210-216 Main Street,Oriskany Falls,13425,Oneida
POINT (-78.82374 42.84457),Bank of America N.A. GA1-006-15-40,1989 South Park Avenue,Buffalo,14220,Erie
POINT (-73.9118 40.77693),Alma Bank,28-20 Ditmars Boulevard,Astoria,11105,Queens
POINT (-73.77235 40.75958),Bank of Hope,210-16 Northern Boulevard,Bayside,11361,Queens
POINT (-77.82196 42.79638),"Bank of Castile, The",10 Mac Vittie Circle,Geneseo,14454,Livingston
POINT (-73.82385 42.77288),Ballston Spa National Bank,1207 Troy Schenectady Road,Latham,12110,Albany
POINT (-73.20551 40.82373),Astoria Bank,845 Wheeler Road,Hauppague,11788,Suffolk
POINT (-73.95349 40.72852),Bank of America N.A. GA1-006-15-40,826 Manhattan Avenue,Brooklyn,11222,Kings
POINT (-73.95456 40.71407),"Capital One, N.A.",416 Metropolitan Avenue,Brooklyn,11211,Kings
POINT (-73.9582 40.60879),Bank of America N.A. GA1-006-15-40,1502 Kings Highway,Brooklyn,11229,Kings
POINT (-73.68287 43.34154),Arrow Bank National Association,1002 State Route 9,Queensbury,12804,Warren
POINT (-76.47893 42.47827),CFCU Community Credit Union,99 Sheraton Drive,Ithaca,14850,Tompkins
POINT (-73.81459 40.76478),Bank of Hope,150-24 Northern Boulevard,Flushing,11354,Queens
POINT (-78.81324 42.92248),Bank of America N.A. GA1-006-15-40,1171 East Delavan Avenue,Buffalo,14215,Erie
POINT (-74.02763 40.62234),Apple Bank,426 86th Street,Brooklyn,11209,Kings
POINT (-77.50459 43.15347),Advantage Federal C.U.,2515 Browncroft Boulevard,Rochester,14626,Monroe
POINT (-73.92393 40.69007),Bank of America N.A. GA1-006-15-40,880 Quincy Street,Brooklyn,11221,Kings
POINT (-73.57268 40.71346),"Capital One, N.A.",369 Merrick Avenue,East Meadow,11554,Nassau
POINT (-73.80077 43.65263),Arrow Bank National Association,6353 Route 9,Chestertown,12817,Warren
POINT (-73.70341 40.70722),Apple Bank,1693 Hempstead Turnpike,Elmont,11003,Nassau
POINT (-75.48403 43.77803),AmeriCU Credit Union,7394 Utica Boulevard,Lowville,13367,Lewis
POINT (-73.13059 40.86822),"Capital One, N.A.",2003 Smith Haven Plaza,Lake Grove,11755,Suffolk
POINT (-72.2964 41.0021),"Bridgehampton National Bank, The",15 Long Island Ave,Sag Harbor,11963,Suffolk
POINT (-73.9427 41.1216),"Capital One, N.A.",15 Lake Ridge Plaza,Valley Cottage,10989,Rockland
POINT (-73.77297 41.15767),Bank of America N.A. GA1-006-15-40,91 South Greeley Avenue,Chappaqua,10514,Westchester
POINT (-75.43971 43.23015),"Berkshire Bank (Pittsfield, MA)",1629 Black River Boulevard,Rome,13440,Oneida
POINT (-73.08404 40.73375),"Capital One, N.A.",160 Main Street,Sayville,11782,Suffolk
POINT (-73.97203 40.57977),Apple Bank,486 NEPTUNE AVENUE,BROOKLYN,11224,Kings
POINT (-73.91539 41.23504),Bank of America N.A. GA1-006-15-40,"2042 Albany Post Road, Suite 8",Croton-on-Hudson,10520,Westchester
POINT (-75.29353 43.12031),Adirondack Bank,136 Oriskany Boulevard,Whitesboro,13492,Oneida
POINT (-73.65965 41.73005),Bank of Millbrook,76 Flint Road,Millbrook,12545,Dutchess
POINT (-72.33486 41.0679),"Bridgehampton National Bank, The",21 North Ferry Road,Shelter Island,11964,Suffolk
POINT (-76.01842 43.0389),AmeriCU Credit Union,5439 North Burdick Street,Fayetteville,13066,Onondaga
POINT (-73.86795 40.90078),Bank of America N.A. GA1-006-15-40,4361 Katonah Avenue,Bronx,10470,Bronx
POINT (-77.44109 43.06954),Canandaigua National Corporation,6720 Pittsford Palmyra Road,Fairport,14450,Monroe
POINT (-74.00845 40.74593),"Capital One, N.A.",Chelsea Pier #59,New York,10011,New York
POINT (-73.58651 43.2829),Arrow Bank National Association,343 Broadway,Fort Edward,12828,Washington
POINT (-78.68575 42.90111),Bank of America N.A. GA1-006-15-40,5091 Broadway,Depew,14043,Erie
POINT (-73.97619 40.63118),Astoria Bank,4302 18th Avenue,Brooklyn,11218,Kings
POINT (-73.49131 43.23784),Arrow Bank National Association,93 Main Street,Argyle,12809,Washington
POINT (-77.45929 43.21039),Bank of America N.A. GA1-006-15-40,980 Ridge Road,Webster,14580,Monroe
POINT (-72.90416 40.89066),Astoria Bank,1880 Middle Country Road,Ridge,11961,Suffolk
POINT (-77.54188 43.10672),"Bank of Castile, The",3140 Monroe Avenue,Rochester,14618,Monroe
POINT (-73.8354 40.70728),Astoria Bank,116-22 Metropolitan Avenue,Kew Gardens,11418,Queens
POINT (-73.91919 40.74209),Bank of America N.A. GA1-006-15-40,45-26 Greenpoint Avenue,Sunnyside,11104,Queens
POINT (-73.04723 40.86358),Bank of America N.A. GA1-006-15-40,994 Middle Country Road,Selden,11784,Suffolk
POINT (-72.64548 40.8115),Astoria Bank,71 Sunset Avenue,Westhampton Beach,11978,Suffolk
POINT (-73.74739 43.10011),"Adirondack Trust Company, The",3017 Route  50,Wilton,12866,Saratoga
POINT (-78.82337 42.98638),Bank of America N.A. GA1-006-15-40,1188 Niagara Falls Boulevard,Tonawanda,14150,Erie
POINT (-73.9772 40.75372),Bank of America N.A. GA1-006-15-40,200 Park Avenue,New York,10166,New York
POINT (-73.36326 40.83368),Astoria Bank,1229 East Jericho Turnpike,Huntington,11743,Suffolk
POINT (-75.19388 42.88517),"Berkshire Bank (Pittsfield, MA)",381 West Main Street,West Winfield,13491,Herkimer
POINT (-73.99749 40.71425),Abacus Federal Savings Bank,6-8 Bowery,New York,10013,New York
POINT (-73.6622 40.5884),Bank of America N.A. GA1-006-15-40,52 East Park Avenue,Long Beach,11561,Nassau
POINT (-73.42379 40.76241),Bank of America N.A. GA1-006-15-40,600 Broadhollow Road,Melville,11747,Suffolk
POINT (-73.96872 40.75861),Bank of America N.A. GA1-006-15-40,900 Third Avenue,New York,10022,New York
POINT (-72.29446 41.00201),"Bridgehampton National Bank, The",2 Bay Street,Sag Harbor,11963,Suffolk
POINT (-73.98347 40.72144),Banco Popular North America,310 Houston Street,New York,10002,New York
POINT (-73.98869 40.73409),Apple Bank,4 Irving Place,New York,10003,New York
POINT (-73.66095 40.73746),Bank of Hope,100 Broadway,Forest Hills,11375,Queens
POINT (-73.8662 42.6907),Bank of America N.A. GA1-006-15-40,1791 Western Avenue,Albany,12203,Albany
POINT (-78.64491 42.89545),Alden State Bank,5802 Broadway,Lancaster,14086,Erie
POINT (-75.0464 43.01998),Adirondack Bank,296 West Main Street,Ilion,13357,Herkimer
POINT (-73.87877 40.87319),Bank of America N.A. GA1-006-15-40,299 East 204th Street,Bronx,10467,Bronx
POINT (-72.9445 40.94494),Astoria Bank,325 Route 25A,Rocky Point,11778,Suffolk
POINT (-73.31363 40.76116),"Bridgehampton National Bank, The",410 Commack Road,Deer Park,11729,Suffolk
POINT (-76.11116 43.02689),Bank of America N.A. GA1-006-15-40,401 Nottingham Road,Syracuse,13210,Onondaga
POINT (-73.20708 40.82566),"Capital One, N.A.",99 Smithtown By-Pass,Hauppauge,11788,Suffolk
POINT (-73.91829 40.6258),"Capital One, N.A.",2102-2128 Ralph Avenue,Brooklyn,11234,Kings
POINT (-73.76197 43.83597),Arrow Bank National Association,1080 Route 9,Schroon Lake,12870,Saratoga
POINT (-73.79286 42.97236),"Adirondack Trust Company, The",2510 Route 9,Malta,12020,Saratoga
POINT (-73.64347 40.75721),Bank of America N.A. GA1-006-15-40,100 Hillside Avenue,Williston Park,11596,Nassau
POINT (-75.47009 43.28408),"Berkshire Bank (Pittsfield, MA)",6310 Elmer Hill Road,Rome,13440,Oneida
POINT (-73.84977 43.04356),Ballston Spa National Bank,344 Rowland Street,Ballston Spa,12020,Saratoga
POINT (-73.88408 40.74848),Bank of America N.A. GA1-006-15-40,37-41 82nd Street,Jackson Heights,11372,Queens
POINT (-74.0062 40.71427),"Capital One, N.A.",277 Broadway,New York,10007,New York
POINT (-73.9867 40.66868),Astoria Bank,459 Fifth Avenue,Brooklyn,11215,Kings
POINT (-73.08193 40.8116),Bank of America N.A. GA1-006-15-40,300 Union Avenue,Holbrook,11741,Suffolk
POINT (-73.9859 40.63065),"Berkshire Bank, The",4917 16th Avenue,Brooklyn,11204,Kings
POINT (-73.93647 40.62225),Apple Bank,1954 Flatbush Avenue,Brooklyn,11234,Kings
POINT (-73.9873 40.69027),Banco Popular North America,166 Livingston Street,Brooklyn,11201,Kings
POINT (-73.18691 40.85381),Bank of America N.A. GA1-006-15-40,31 Route 111,Smithtown,11787,Suffolk
POINT (-73.90036 40.88432),Bank of America N.A. GA1-006-15-40,193 West 237th Street,Bronx,10463,Bronx
POINT (-77.81595 42.79364),"Bank of Castile, The",11 South Street,Geneseo,14454,Livingston
POINT (-77.60657 43.13569),Advantage Federal C.U.,1000 South Avenue,Rochester,14620,Monroe
POINT (-73.96392 40.76515),Bank of America N.A. GA1-006-15-40,1107 Third Avenue,New York,10065,New York
POINT (-73.80794 40.79336),Astoria Bank,153-01 10th Avenue,Whitestone,11357,Queens
POINT (-73.76173 42.74712),Bank of America N.A. GA1-006-15-40,804 Loudon Road,Latham,12110,Albany
POINT (-73.7473 40.69582),Bank of America N.A. GA1-006-15-40,205-02 Linden Boulevard,St. Albans,11412,Queens
POINT (-78.87847 42.88541),Buffalo Metropolitan Federal CU,50 Delaware Avenue,Buffalo,14202,Erie
POINT (-73.7442 40.93983),Bank of America N.A. GA1-006-15-40,1160 West Boston Post Road,Mamaroneck,10543,Westchester
POINT (-75.2151 43.11277),AmeriCU Credit Union,224 North Genesee Street,Utica,13502,Oneida
POINT (-73.90256 42.90453),Ballston Spa National Bank,770 Saratoga Road,Burnt Hills,12027,Saratoga
POINT (-74.02248 40.62988),Apple Bank,7415 Fifth Avenue,Brooklyn,11209,Kings
POINT (-73.86053 40.83779),Bank of America N.A. GA1-006-15-40,65 Metropolitan Oval,Bronx,10462,Bronx
POINT (-73.97137 40.79511),Bank of America N.A. GA1-006-15-40,2574 Broadway,New York,10025,New York
,Adirondack Bank,Utica College,Utica,13501,Oneida
POINT (-73.72688 40.61942),Bank of America N.A. GA1-006-15-40,400 Central Avenue,Lawrence,11559,Nassau
POINT (-74.02531 41.50097),Bank of America N.A. GA1-006-15-40,385 Broadway,Newburgh,12550,Orange
POINT (-73.83159 40.76234),Arrow Bank National Association,36-30 Main Street,Flushing,11354,Queens
POINT (-73.82837 40.75554),CTBC Bank Corp. (USA),41-99 Main Street,Flushing,11355,Queens
POINT (-73.92706 40.86524),Bank of America N.A. GA1-006-15-40,210 Dyckman Street,New York,10040,New York
POINT (-73.65495 40.75403),"Capital One, N.A.",380 Hillside Avenue,Williston Park,11596,Nassau
POINT (-76.99476 42.85882),Canandaigua National Corporation,291 Hamilton Street,Geneva,14456,Ontario
POINT (-73.99727 40.72484),Bank of America N.A. GA1-006-15-40,589 Broadway,New York,10012,New York
POINT (-73.91448 40.76453),Banco Popular North America,28-36 Steinway Street,Long Island City,11103,Queens
POINT (-73.97581 40.67392),Astoria Bank,110 Seventh Avenue,Brooklyn,11215,Kings
POINT (-73.48707 43.41694),Arrow Bank National Association,110 George Street,Fort Ann,12827,Washington
,Bank of Holland,Route 78,Java Village,14083,Wyoming
POINT (-73.97778 40.75958),Banco Popular North America,11 West 51st Street,New York,10019,New York
POINT (-73.90587 40.85325),Amalgamated Bank,94 East Burnside Avenue,Bronx,10453,Bronx
POINT (-73.09962 40.78301),"Bridgehampton National Bank, The",4155 Veterans Memorial Highway,Ronkonkoma,11779,Suffolk
POINT (-73.96041 40.60789),Alma Bank,1218 Kings Highway,Brooklyn,11237,Kings
POINT (-72.86729 40.80024),"Capital One, N.A.",800 Montauk Highway,Shirley,11967,Suffolk
POINT (-75.63241 43.0537),Access Federal Credit Union,2094 Glenwood Plaza,Oneida,13421,Madison
POINT (-77.70861 43.14722),Bank of America N.A. GA1-006-15-40,100 Pixley Road,Rochester,14624,Monroe
POINT (-73.6765 42.73871),Arrow Bank National Association,120 Hoosick Street,Troy,12180,Rensselaer
POINT (-73.90984 40.8861),"Capital One, N.A.",3517 Johnson Avenue,Bronx,10463,Bronx
POINT (-73.98953 41.14955),"Capital One, N.A.",65 North Main Street,New City,10956,Rockland
POINT (-75.43945 43.23142),Adirondack Bank,1709 Black River Boulevard,Rome,13440,Oneida
POINT (-73.83413 40.76909),Astoria Bank,30-33 Stratton Street,Flushing,11354,Queens
POINT (-73.7735 42.65361),Bank of America N.A. GA1-006-15-40,33 New Scotland Avenue,Albany,12208,Albany
POINT (-73.85519 42.72839),Capital Communications Federal CU,341 New Karner Road,Albany,12205,Albany
POINT (-73.95961 40.76288),Apple Bank,1168 First Avenue,New York,10021,New York
POINT (-73.7914 42.97179),Ballston Spa National Bank,124 Dunning Street,Ballston Spa,12020,Saratoga
POINT (-73.78903 43.06857),"Adirondack Trust Company, The",112 Broadway,Saratoga Springs,12866,Saratoga
POINT (-79.03877 43.0951),Bank of America N.A. GA1-006-15-40,1900 Pine Avenue,Niagara Falls,14301,Niagara
POINT (-73.68897 40.72021),Astoria Bank,99 Covert Avenue,Floral Park,11001,Nassau
POINT (-73.3758 42.44849),"Berkshire Bank (Pittsfield, MA)",Highways 20 & 22,New Lebanon,12125,Columbia
POINT (-73.78172 42.86246),Bank of America N.A. GA1-006-15-40,1 Clifton Country Road,Clifton Park,12065,Saratoga
POINT (-73.96073 40.61793),Astoria Bank,1401 Avenue M,Brooklyn,11230,Kings
POINT (-73.96632 40.79455),Bank of America N.A. GA1-006-15-40,808 Columbus Avenue,New York,10025,New York
POINT (-77.54837 43.11212),Bank of America N.A. GA1-006-15-40,2830 Monroe Avenue,Rochester,14618,Monroe
POINT (-73.29642 40.70914),Astoria Bank,526 Union Boulevard,West Islip,11795,Suffolk
POINT (-73.7779 42.70797),Bank of America N.A. GA1-006-15-40,477 Albany Shaker Road,Loudonville,12211,Albany
POINT (-74.00097 40.74188),"Capital One, N.A.",144 Eighth Avenue,New York,10011,New York
POINT (-73.93458 40.84967),Banco Popular North America,615 West 181 Street,New York,10033,New York
POINT (-73.58763 40.75763),Bank of America N.A. GA1-006-15-40,248 Post Avenue,Westbury,11590,Nassau
POINT (-73.99109 40.69236),"Capital One, N.A.",50 Court Street,Brooklyn,11201,Kings
POINT (-73.98834 40.69183),Bank of America N.A. GA1-006-15-40,350 Fulton Street,Brooklyn,11201,Queens
POINT (-73.54653 40.65769),Astoria Bank,2090 Merrick Road,Merrick,11566,Nassau
POINT (-73.50109 40.77064),Bank of America N.A. GA1-006-15-40,565 South Oyster Bay Road,Plainview,11803,Nassau
POINT (-73.42131 40.77843),"Bridgehampton National Bank, The",400 Broadhollow Road,Melville,11747,Suffolk
POINT (-73.01626 40.76577),Bank of America N.A. GA1-006-15-40,47 West Main Street,Patchogue,11772,Suffolk
POINT (-73.50251 40.8247),Astoria Bank,50 Jackson Avenue,Syosset,11791,Nassau
POINT (-73.81031 40.73163),Amalgamated Bank,70-23 Parsons Boulevard,Flushing,11365,Queens
POINT (-73.87717 40.73777),Amerasia Bank,86-26 Broadway,Elmhurst,11373,Queens
POINT (-73.98068 40.74219),Bank of America N.A. GA1-006-15-40,399 Third Avenue,New York,10016,New York
POINT (-73.80588 42.71862),Bank of America N.A. GA1-006-15-40,133 Wolf Road,Albany,12205,Albany
POINT (-73.48212 40.74343),Bank of America N.A. GA1-006-15-40,521 Stewart Avenue,Bethpage,11714,Nassau
POINT (-73.41309 40.79988),"Bridgehampton National Bank, The",859 Walt Whitman Road,Melville,11747,Suffolk
POINT (-73.97694 40.74299),Bank of America N.A. GA1-006-15-40,560 Second Avenue,New York,10016,New York
POINT (-73.33446 40.69331),"Capital One, N.A.",8 Little East Neck Road,Babylon,11702,Suffolk
POINT (-73.6698 40.67545),Bank of America N.A. GA1-006-15-40,269 Hempstead Avenue,Malverne,11565,Nassau
POINT (-73.75145 42.64957),"Berkshire Bank (Pittsfield, MA)",41 State Street,Albany,12207,Albany
POINT (-73.84331 40.84015),Apple Bank,12 Westchester Square,Bronx,10461,Bronx
POINT (-73.55295 40.66479),"Capital One, N.A.",35 Merrick Avenue,Merrick,11566,Nassau
POINT (-78.63681 43.01039),Bank of Akron,9470 Clarence Center Road,Clarence Center,14032,Erie
POINT (-73.93947 40.6688),Apple Bank,318 Albany Avenue,Brooklyn,11213,Kings
POINT (-73.9396 40.59007),Banco Popular North America,3851 Nostrand Avenue,Brooklyn,11235,Kings
POINT (-77.67451 43.09165),Advantage Federal C.U.,38 Lomb Memorial Drive,Rochester,14623,Monroe
POINT (-73.79357 40.71048),Apple Bank,168-42 Hillside Avenue,Jamaica,11432,Queens
POINT (-72.53497 40.99201),"Capital One, N.A.",245 Love Lane,Mattituck,11952,Suffolk
POINT (-73.76771 42.69767),"Berkshire Bank (Pittsfield, MA)",399 Albany Shaker Road,Loudonville,12211,Albany
POINT (-73.53594 40.78889),Bank of America N.A. GA1-006-15-40,479 North Broadway,Jericho,11753,Nassau
POINT (-73.99205 40.749),Astoria Bank,7 Penn Plaza,New York,10001,New York
POINT (-73.4233 43.84876),Arrow Bank National Association,123 Montcalm Street,Ticonderoga,12883,Essex
POINT (-75.23121 43.1015),Adirondack Bank,185 Genesee Street,Utica,13501,Oneida
POINT (-73.83566 40.92611),Bank of America N.A. GA1-006-15-40,572 Gramatan Avenue,Mount Vernon,10552,Westchester
POINT (-78.17577 42.9961),"Bank of Castile, The",408 East Main Street,Batavia,14020,Genesee
POINT (-73.84967 40.73309),Astoria Bank,63-72 108th Street,Forest Hills,11375,Queens
POINT (-73.64305 40.65618),"Bridgehampton National Bank, The",333 Merrick Road,Rockville Centre,11570,Nassau
POINT (-78.87694 42.91049),Bank of America N.A. GA1-006-15-40,495 Elmwood Avenue,Buffalo,14222,Erie
POINT (-73.97318 40.7581),Bank of America N.A. GA1-006-15-40,345 Park Avenue,New York,10154,New York
POINT (-73.18249 40.73288),Astoria Bank,180 East Main Street,East Islip,11730,Suffolk
POINT (-75.20949 43.11544),"Berkshire Bank (Pittsfield, MA)",50 Auert Avenue,Utica,13502,Oneida
POINT (-73.96219 40.57745),Bank of America N.A. GA1-006-15-40,501 Brighton Beach Avenue,Brookyn,11235,Kings
POINT (-73.47855 40.69234),"Bridgehampton National Bank, The",750 Hicksville Road,Massapequa,11758,Nassau
POINT (-73.97414 40.75117),Bank of America N.A. GA1-006-15-40,675 Third Avenue,New York,10017,New York
POINT (-77.44235 43.09984),Bank of America N.A. GA1-006-15-40,58 South Main Street,Fairport,14450,Monroe
POINT (-73.91867 40.81633),Apple Bank,370 East 149th Street,Bronx,10455,Bronx
POINT (-73.8556 40.70241),"Capital One, N.A.",83-24 Woodhaven Boulevard,Glendale,11385,Queens
POINT (-77.69301 43.20998),Bank of America N.A. GA1-006-15-40,2450 Ridge Road,Rochester,14626,Monroe
POINT (-73.98748 42.80932),Bank of America N.A. GA1-006-15-40,93 West Campbell Road,Schenectady,12305,Schenectady
POINT (-73.76617 41.03129),Apple Bank,33 Mamaroneck Avenue,White Plains,10601,Westchester
POINT (-73.94228 40.7018),Banco Popular North America,15 Graham Avenue,Brooklyn,11205,Kings
POINT (-73.98046 40.77525),Bank of America N.A. GA1-006-15-40,192 Columbus Avenue,New York,10023,New York
POINT (-74.00163 40.71922),Bank of America N.A. GA1-006-15-40,277 Canal Street,New York,10013,New York
POINT (-79.03758 43.17041),Bank of America N.A. GA1-006-15-40,767 Cayuga Street,Lewiston,14092,Niagara
POINT (-77.51511 43.09104),Bank of America N.A. GA1-006-15-40,9 North Main Street,Pittsford,14534,Monroe
POINT (-73.12871 40.92079),Astoria Bank,1047 North Country Road,Stonybrook,11790,Suffolk
POINT (-72.39448 40.89022),"Bridgehampton National Bank, The",243 Windmill Lane,Southampton,11969,Suffolk
POINT (-73.97883 40.76206),Apple Bank,1320 Avenue of the Americas,New York,10019,New York
POINT (-73.91556 40.83941),Apple Bank,101 East 170th Street,Bronx,10452,Bronx
POINT (-76.20493 42.59759),AmeriCU Credit Union,3944 NY Rt 281,Cortland,13045,Cortland
POINT (-73.67588 41.29405),Bank of America N.A. GA1-006-15-40,130 North Country Shopping Center,Goldens Bridge,10526,Westchester
POINT (-73.68723 40.79445),"Capital One, N.A.",1615 Northern Boulevard,Manhasset,11030,Nassau
POINT (-73.90033 40.70089),"Capital One, N.A.",70-01 Forest Avenue,Ridgewood,11385,Queens
POINT (-73.80928 42.62942),Bank of America N.A. GA1-006-15-40,111 Delaware Avenue,Delmar,12054,Albany
POINT (-77.22269 42.95558),Bank of America N.A. GA1-006-15-40,40 West Main Street,Shortsville,14548,Ontario
POINT (-77.36328 42.97436),Canandaigua National Corporation,6183 Route 96,Farmington,14425,Ontario
POINT (-74.00728 40.70509),Bank of America N.A. GA1-006-15-40,95 Wall Street,New York,10005,New York
POINT (-73.67408 40.99392),Bank of America N.A. GA1-006-15-40,433 Boston Post Road,Port Chester,10573,Westchester
POINT (-73.58188 43.09855),Arrow Bank National Association,73 Broad Street,Schuylerville,12871,Warren
POINT (-73.50291 40.78575),Apple Bank,365 South Oyster Bay Road,Plainview,11803,Nassau
POINT (-73.64524 43.31183),"Adirondack Trust Company, The",24 Maple Street,Glens Falls,12801,Warren
POINT (-73.01415 40.76568),"Bridgehampton National Bank, The",41 East Main Street,Patchogue,11772,Suffolk
POINT (-77.61813 43.12347),Canandaigua National Corporation,1341 Mount Hope Avenue,Rochester,14620,Monroe
POINT (-73.67363 40.65728),Astoria Bank,360 Merrick Road,Lynbrook,11563,Nassau
POINT (-73.13356 40.74253),Astoria Bank,1336 Montauk Highway,Oakdale,11769,Suffolk
POINT (-73.68341 41.25476),Bank of America N.A. GA1-006-15-40,256 Katonah Avenue,Katonah,10536,Westchester
POINT (-73.90386 40.74451),Astoria Bank,60-20 Woodside Avenue,Woodside,11377,Queens
POINT (-73.98929 40.63774),Alma Bank,4401 13th Avenue,Brooklyn,11219,Kings
POINT (-73.67057 40.65719),Bank of America N.A. GA1-006-15-40,300 Merrick Road,Lynbrook,11563,Nassau
POINT (-73.23965 40.7251),Astoria Bank,300 East Main Street,Bay Shore,11706,Suffolk
POINT (-74.23563 40.51771),"Capital One, N.A.",240 Page Avenue,Staten Island,10307,Richmond
POINT (-75.72882 43.19907),Adirondack Bank,808 Main Street,Sylvan Beach,13157,Oneida
POINT (-73.89188 40.82414),Banco Popular North America,1046 Southern Boulevard,Bronx,10459,Bronx
POINT (-73.83677 42.74287),"Berkshire Bank (Pittsfield, MA)",151 Vly Road,Colonie,12205,Albany
POINT (-73.77459 42.87068),Capital Communications Federal CU,1744 Route 9,Clifton Park,12065,Saratoga
POINT (-73.99298 40.63422),"Berkshire Bank, The",5010 13th Avenue,Brooklyn,11219,Kings
POINT (-78.27596 42.21717),Alco Federal Credit Union,9 West Main Street,Cuba,14727,Allegany
POINT (-77.99027 42.97764),"Bank of Castile, The",29 Main Street,Leroy,14482,Genesee
POINT (-73.87676 40.71326),Astoria Bank,75-25 Metropolitan Avenue,Middle Village,11379,Queens
POINT (-73.95128 40.68049),Banco Popular North America,1230 Fulton Street,Brooklyn,11216,Kings
POINT (-73.69532 41.7851),Bank of Millbrook,3263 Franklin Avenue,Millbrook,12545,Dutchess
POINT (-73.44028 40.67807),Bank of America N.A. GA1-006-15-40,5310 Sunrise Highway,Massapequa Park,11762,Nassau
POINT (-73.82121 40.8258),Amalgamated Bank,3770 East Tremont Avenue,Bronx,10465,Bronx
POINT (-73.82313 42.77093),"Berkshire Bank (Pittsfield, MA)",1202 Troy Schenectady Road,Latham,12110,Albany
POINT (-77.44006 43.13175),Bank of America N.A. GA1-006-15-40,2200 Penfield Road,Penfield,14526,Monroe
POINT (-74.10224 40.63098),"Capital One, N.A.",386 Forest Avenue,Staten Island,10301,Richmond
POINT (-73.91752 40.62463),Banco Popular North America,2095 Ralph Avenue,Brooklyn,11234,Kings
POINT (-77.5757 43.20226),Advantage Federal C.U.,100 Kings Highway South,Rochester,14617,Monroe
POINT (-73.13715 40.78819),Apple Bank,3075 Veterans Highway,Ronkonkoma,11779,Suffolk
POINT (-72.99708 40.82235),Astoria Bank,2775 Route 112,Medford,11763,Suffolk
POINT (-73.53114 40.87086),Bank of America N.A. GA1-006-15-40,157 South Street,Oyster Bay,11771,Nassau
POINT (-73.90965 41.58831),Bank of America N.A. GA1-006-15-40,"67 Middlebush Road, Route 9",Wappingers Falls,12590,Dutchess
POINT (-73.97263 40.67398),CTBC Bank Corp. (USA),54-18 8th Avenue,Brooklyn,11220,Kings
POINT (-73.88922 40.84447),Banco Popular North America,752 East Tremont Avenue,Bronx,10457,Bronx
POINT (-73.98101 40.7533),Bank of America N.A. GA1-006-15-40,501 Fifth Avenue,New York,10017,New York
POINT (-73.98203 40.77107),Bank of America N.A. GA1-006-15-40,1886 Broadway,New York,10023,New York
POINT (-73.95873 40.77519),Bank of America N.A. GA1-006-15-40,1143 Lexington Avenue,New York,10021,New York
POINT (-73.13483 40.86568),"Capital One, N.A.",143 Alexander Avenue,Lake Grove,11755,Suffolk
POINT (-78.71919 42.91066),Buffalo Metropolitan Federal CU,3010 Walden Avenue,Depew,14043,Erie
POINT (-73.45828 40.71779),Bank of America N.A. GA1-006-15-40,3 Northwest Drive,South Farmingdale,11735,Nassau
POINT (-73.98302 40.73901),Amalgamated Bank,301 Third Avenue,New York,10010,New York
POINT (-73.79121 42.60632),Capital Communications Federal CU,384 Bender Lane,Glenmont,12077,Albany
POINT (-73.34104 40.68726),Bank of America N.A. GA1-006-15-40,560 Montauk Highway,West Babylon,11704,Suffolk
POINT (-72.18561 40.96425),Bank of America N.A. GA1-006-15-40,14 Newtown Lane,East Hampton,11937,Suffolk
POINT (-73.94252 40.70321),Bank of America N.A. GA1-006-15-40,47 Graham Avenue,Brooklyn,11206,Kings
POINT (-78.67176 42.9156),Bank of Akron,3619 Walden Avenue,Lancaster,14086,Erie
POINT (-73.77157 43.10595),Arrow Bank National Association,3 Carpenter Lane,Wilton,12831,Saratoga
POINT (-73.9495 40.80947),Banco Popular North America,231 West 125th Street,New York,10027,New York
POINT (-74.01132 40.71496),Bank of America N.A. GA1-006-15-40,260 Greenwich Street,New York,10007,New York
POINT (-73.18798 40.85023),Apple Bank,91 Route 111,Smithtown,11787,Suffolk
POINT (-77.28152 42.88654),Canandaigua National Corporation,60-70 South Main Street,Canandaigua,14424,Ontario
POINT (-78.76873 43.01331),Bank of America N.A. GA1-006-15-40,2305 Millersport Highway,Getzville,14068,Erie
POINT (-73.32198 40.86863),Bank of America N.A. GA1-006-15-40,385 Larkfield Road,East Northport,11731,Suffolk
POINT (-73.8045 43.08548),"Adirondack Trust Company, The",315 Church Street,Saratoga Springs,12866,Saratoga
POINT (-72.94772 40.88219),Astoria Bank,599 Middle Country Road,Middle Island,11953,Suffolk
POINT (-73.59588 40.87937),Apple Bank,200 Birch Hill Road,Locust Valley,11560,Nassau
POINT (-73.95821 40.77591),Apple Bank,1170 Lexington Avenue,New York,10028,New York
POINT (-77.44316 43.03129),Canandaigua National Corporation,7979 Victor Pittsford Road,Victor,14564,Ontario
POINT (-73.95533 42.77967),"Berkshire Bank (Pittsfield, MA)",1925 Curry Road,Rotterdam,12303,Schenectady
POINT (-73.99559 40.68297),Apple Bank,326 Court Street,Brooklyn,11231,Kings
POINT (-73.46846 40.81598),"Bridgehampton National Bank, The",8191 Jericho Turnpike,Woodbury,11797,Nassau
POINT (-73.76992 40.76018),Alma Bank,21311 Northern Boulevard,Bayside,11361,Queens
POINT (-72.64693 40.81484),"Bridgehampton National Bank, The",194 Mill Road,Westhampton Beach,11978,Suffolk
POINT (-73.8213 42.62663),"Berkshire Bank (Pittsfield, MA)",255 Delaware Avenue,Delmar,12054,Albany
POINT (-73.99551 40.71714),Bank of America N.A. GA1-006-15-40,88 Bowery Street,New York,10013,New York
POINT (-75.29906 43.10372),AmeriCU Credit Union,4957 Commercial Drive,Yorkville,13495,Oneida
POINT (-73.99717 40.6797),"Capital One, N.A.",420 Court Street,Brooklyn,11231,Kings
POINT (-74.13031 44.32844),Adirondack Bank,139 Church Street Extension,Saranac Lake,12983,Franklin
POINT (-73.93204 40.75513),Astoria Bank,37-16 30th Street,Long Island City,11103,Queens
POINT (-73.45573 40.67839),Astoria Bank,1001 Park Boulevard,Massapequa Park,11762,Nassau
POINT (-73.68329 43.29667),Arrow Bank National Association,221 Corinth Road,Queensbury,12804,Warren
,Astoria Bank,Towne Centre at Somers,Somers,10589,Westchester
POINT (-74.07035 41.52192),Bank of America N.A. GA1-006-15-40,1414 Union Avenue,Newburgh,12550,Orange
POINT (-73.26344 43.39521),Arrow Bank National Association,8646 State Route 22,Granville,12832,Washington
POINT (-73.99237 40.73771),Bank of America N.A. GA1-006-15-40,116 Fifth Avenue,New York,10011,New York
POINT (-74.00922 40.70434),Apple Bank,10 Hanover Square,New York,10005,New York
POINT (-78.83285 42.94493),Buffalo Metropolitan Federal CU,2855 Main Street,Buffalo,14214,Erie
POINT (-73.99431 40.63293),Astoria Bank,5220 13th Avenue,Brooklyn,11219,Kings
POINT (-73.68947 42.65377),Capital Communications Federal CU,100 Van Rensselaer Square,Rensselaer,12144,Rensselaer
POINT (-77.58545 43.1929),Advantage Federal C.U.,1425 Portland Avenue,Rochester,14621,Monroe
POINT (-74.32365 41.40193),"Berkshire Bank, The",2 South Church Street,Goshen,10924,Orange
POINT (-73.4131 40.82377),Apple Bank,"167 Walt Whitman Road, Route 110",Huntington Station,11746,Suffolk
POINT (-77.56295 43.15841),Advantage Federal C.U.,1801 East Main Street,Rochester,14609,Monroe
POINT (-73.87428 40.8296),Bank of America N.A. GA1-006-15-40,1620 Westchester Avenue,Bronx,10472,Bronx
POINT (-73.85885 42.68723),"Berkshire Bank (Pittsfield, MA)",1704 Western Avenue,Albany,12203,Albany
POINT (-74.0104 40.64501),"Capital One, N.A.",5001 5th Avenue,Brooklyn,11220,Kings
POINT (-73.96659 40.76441),Apple Bank,812-814 Lexington Avenue,New York,10022,New York
POINT (-73.53332 40.87232),"Capital One, N.A.",68 West Main Street,Oyster Bay,11771,Nassau
POINT (-73.9995 40.72215),"Capital One, N.A.",501 Broadway,New York,10012,New York
POINT (-78.78436 42.94808),Bank of America N.A. GA1-006-15-40,3838 Harlem Road,Cheektowaga,14215,Erie
POINT (-78.14672 42.55994),"Bank of Castile, The",1 Main Street,Gainsville,14066,Wyoming
POINT (-73.9206 40.86788),Apple Bank,4950 Broadway,New York,10034,New York
POINT (-72.4297 41.06318),Bank of America N.A. GA1-006-15-40,53300 Main Road,Southold,11971,Suffolk
POINT (-73.6533 43.33708),Arrow Bank National Association,402 Bay Road,Queensbury,12804,Warren
POINT (-73.78725 43.08182),Bank of America N.A. GA1-006-15-40,27 Division Street,Saratoga Springs,12866,Saratoga
POINT (-73.91177 40.84362),"Capital One, N.A.",1650 Grand Concourse,Bronx,10468,Bronx
POINT (-73.55232 40.66401),Bank of America N.A. GA1-006-15-40,15 Merrick Avenue,Merrick,11566,Nassau
POINT (-74.02733 40.62216),Bank of America N.A. GA1-006-15-40,438 86th Street,Brooklyn,11209,Kings
POINT (-73.78167 41.2781),Bank of America N.A. GA1-006-15-40,2 Triangle Center,Yorktown Heights,10598,Westchester
POINT (-73.65686 43.3326),"Berkshire Bank (Pittsfield, MA)",183 Quaker Road,Queensbury,12804,Warren
POINT (-73.68854 40.83053),Bank of America N.A. GA1-006-15-40,79 Main Street,Port Washington,11050,Nassau
POINT (-73.99296 40.73573),Amalgamated Bank,10 East 14th Street,New York,10003,New York
POINT (-73.94252 40.66962),Bank of America N.A. GA1-006-15-40,781 Eastern Parkway,Brooklyn,11213,Kings
POINT (-74.47067 42.68109),Bank of Richmondville,857 East Main Street,Cobleskill,12043,Schoharie
POINT (-73.64538 40.75622),Astoria Bank,162 Hillside Avenue,Williston Park,11596,Nassau
POINT (-73.77103 41.11345),Apple Bank,666 Columbus Ave (Rose Hill Shopping Center),Thornwood,10594,Westchester
POINT (-73.10637 40.94103),Apple Bank,10 Route 25A,East Setauket,11733,Suffolk
POINT (-78.50127 43.02087),Bank of Akron,46 Main Street,Akron,14001,Erie
POINT (-77.60024 43.20678),Canandaigua National Corporation,2128 Hudson Avenue,Rochester,14617,Monroe
POINT (-72.69919 40.81906),"Capital One, N.A.",172 Montauk Highway,Speonk,11972,Suffolk
POINT (-73.97977 40.77284),American Broadcast Employees Federal Credit Union,30 West 66th Street,New York,10023,New York
POINT (-73.98205 40.77866),Bank of America N.A. GA1-006-15-40,2077 Broadway,New York,10023,New York
POINT (-73.59249 40.74675),Apple Bank,1000 Merchants Councourse,Westbury,11590,Nassau
POINT (-74.03818 41.4341),Bank of America N.A. GA1-006-15-40,25 Quaker Avenue,Cornwall,12518,Orange
POINT (-77.99805 42.72232),"Bank of Castile, The",102 North Main Street,Perry,14530,Wyoming
POINT (-73.95057 40.59947),Bank of America N.A. GA1-006-15-40,2022 Avenue U,Brooklyn,11229,Kings
POINT (-73.99359 40.74323),"Capital One, N.A.",120 West 23rd Street,New York,10011,New York
POINT (-73.92065 40.70013),Bank of America N.A. GA1-006-15-40,386 Knickerbocker Avenue,Brooklyn,11237,Kings
POINT (-73.61059 40.65512),Bank of America N.A. GA1-006-15-40,2300 Grand Avenue,Baldwin,11510,Nassau
POINT (-75.28472 43.07486),Adirondack Bank,2817 Genesee Street,Utica,13501,Oneida
POINT (-77.44378 43.20998),Canandaigua National Corporation,1155 Ridge Road,Webster,14580,Monroe
POINT (-72.66255 40.91635),"Bridgehampton National Bank, The",40 Peconic Avenue,Riverhead,11901,Suffolk
POINT (-73.63679 40.73258),Astoria Bank,1150 Franklin Avenue,Garden City,11530,Nassau
POINT (-75.45785 43.21091),"Berkshire Bank (Pittsfield, MA)",100 West Dominick Street,Rome,13440,Oneida
POINT (-73.49163 44.69693),Adirondack Bank,448 Route 3,Plattsburgh,12901,Clinton
POINT (-73.88397 40.70169),Astoria Bank,68-17 Myrtle Avenue,Glendale,11385,Queens
POINT (-72.47799 41.0223),"Bridgehampton National Bank, The",32845 Main Road,Cutchogue,11935,Suffolk
POINT (-73.95818 40.64809),Banco Popular North America,956 Flatbush Avenue,Brooklyn,11226,Kings
POINT (-73.98723 40.74478),Broadway National Bank,250 Fifth Avenue,New York,10001,New York
POINT (-73.80466 40.8967),Bank of America N.A. GA1-006-15-40,4767 Boston Post Road,Pelham Manor,10803,Westchester
POINT (-76.22969 43.15857),AmeriCU Credit Union,8007 Oswego Road,Liverpool,13090,Onondaga
POINT (-76.12022 43.14728),Bank of America N.A. GA1-006-15-40,5834 East Circle Drive,Cicero,13039,Onondaga
POINT (-77.6745 43.09147),Advantage Federal C.U.,52 Lomb Memorial Drive,Rochester,14623,Monroe
POINT (-73.85191 43.00239),Ballston Spa National Bank,87 Front Street,Ballston Spa,12020,Saratoga
POINT (-73.88229 40.99551),Astoria Bank,560 Warburton Avenue,Hastings on Hudson,10706,Westchester
POINT (-73.94922 40.80935),Bank of America N.A. GA1-006-15-40,215 West 125th Street,New York,10027,New York
POINT (-74.00701 40.63792),Arrow Bank National Association,5518 8th Avenue,Brooklyn,11220,Kings
POINT (-74.02377 40.64564),Alma Bank,140 58th Street,Brooklyn,11220,Kings
POINT (-74.00299 40.72954),Apple Bank,10 Downing Street,New York,10014,New York
POINT (-73.97292 40.79327),"Capital One, N.A.",2519 Broadway,New York,10025,New York
POINT (-73.51569 43.10237),Arrow Bank National Association,1153 State Route 29,Greenwich,12834,Washington
POINT (-74.01386 40.70513),"Berkshire Bank, The",5 Broadway,New York,10004,New York
POINT (-73.9881 40.7379),Bank of America N.A. GA1-006-15-40,240 Park Avenue South,New York,10003,New York
POINT (-73.94803 40.63315),Astoria Bank,1550 Flatbush Avenue,Brooklyn,11210,Kings
POINT (-73.65616 41.97968),Bank of Millbrook,2971 Church Street,Pine Plains,12567,Dutchess
POINT (-77.67916 43.08896),Advantage Federal C.U.,6000 Reynolds Drive,Rochester,14623,Monroe
POINT (-73.40646 43.54698),"Berkshire Bank (Pittsfield, MA)",184 Broadway,Whitehall,12887,Washington
POINT (-73.57515 43.31682),Arrow Bank National Association,3019 Route 4,Hudson Falls,12839,Washington
POINT (-72.51807 40.88019),"Capital One, N.A.",95 East Montauk Highway,Hampton Bays,11946,Suffolk
POINT (-73.38448 43.02815),Arrow Bank National Association,25 West Main Street,Cambridge,12816,Washington
POINT (-73.41222 40.82743),Bank of America N.A. GA1-006-15-40,101 Walt Whitman Road,Huntington Station,11746,Suffolk
POINT (-78.63686 42.83417),Bank of Holland,2341 Bowen Road,Elma,14059,Erie
POINT (-73.98482 40.75515),Bank of America N.A. GA1-006-15-40,115 West 42nd Street,New York,10036,New York
POINT (-77.69588 43.24994),"Bank of Castile, The",724 Long Pond Road,Greece,14616,Monroe
POINT (-73.97872 40.75356),Bank of America N.A. GA1-006-15-40,335 Madison Avenue,New York,10017,New York
POINT (-73.8329 40.94023),Apple Bank,85 Pondfield Road,Bronxville,10708,Westchester
POINT (-78.81303 42.95119),Buffalo Service Credit Union,3495 Bailey Ave.,Buffalo,14215,Erie
POINT (-77.58367 43.09194),Advantage Federal C.U.,3111 South Winton Road,Rochester,14623,Monroe
POINT (-73.93787 40.80457),Apple Bank,124 East 125th Street,New York,10035,New York
POINT (-73.95851 40.61818),Apple Bank,1617 Avenue M,Brooklyn,11230,Kings
POINT (-73.95153 40.81032),"Capital One, N.A.",301 West 125th Street,New York,10027,New York
POINT (-73.5501 40.7853),"Capital One, N.A.",2 Jericho Plaza,Jericho,11753,Nassau
POINT (-73.42951 40.87084),"Bridgehampton National Bank, The",337 MAIN STREET,HUNTINGTON,11743,Suffolk
POINT (-73.47343 40.78486),Astoria Bank,164 Manetto Hill Road,Plainview,11803,Nassau
POINT (-75.28884 43.073),"Berkshire Bank (Pittsfield, MA)",50 Genesee Street,New Hartford,13413,Oneida
POINT (-73.43819 43.85667),Arrow Bank National Association,1127 Wicker Street / Route 9N,Ticonderoga,12883,Essex
POINT (-73.25617 40.80735),Bank of America N.A. GA1-006-15-40,190 Motor Parkway,Hauppauge,11788,Suffolk
POINT (-73.62101 40.87394),"Capital One, N.A.",115 Forest Avenue,Glen Cove,11542,Nassau
POINT (-72.8594 40.80326),Bank of America N.A. GA1-006-15-40,1017 Montauk Highway,Shirley,11967,Suffolk
POINT (-78.1827 42.99747),"Bank of Castile, The",90 Main Street,Batavia,14020,Genesee
POINT (-73.72902 41.20737),Bank of America N.A. GA1-006-15-40,35 South Moger Avenue,Mount Kisco,10549,Westchester
POINT (-74.05606 41.45601),Bank of America N.A. GA1-006-15-40,405 Windsor Highway,Vails Gate,12584,Orange
POINT (-73.9803 40.61316),Astoria Bank,2241 65th Street,Brooklyn,11204,Kings
POINT (-73.89886 40.93276),Bank of America N.A. GA1-006-15-40,35 South Broadway,Yonkers,10701,Westchester
POINT (-73.48902 40.72493),Apple Bank,3986 Hempstead Turnpike,Bethpage,11714,Nassau
POINT (-72.29547 40.9997),Apple Bank,138 Main Street,Sag Harbor,11963,Suffolk
POINT (-73.58805 40.65262),Bank of America N.A. GA1-006-15-40,189 West Merrick Road,Freeport,11520,Nassau
,AmeriCU Credit Union,Building P10750,Ft. Drum,13603,Jefferson
POINT (-73.7486 40.93425),"Capital One, N.A.",1370 Boston Post Road,Larchmont,10538,Westchester
POINT (-78.63522 42.76311),Bank of Holland,250 Quaker Road,East Aurora,14052,Erie
POINT (-73.39368 40.69298),Bank of America N.A. GA1-006-15-40,1283 Sunrise Highway,Copiague,11726,Suffolk
POINT (-73.80791 40.70156),Bank of America N.A. GA1-006-15-40,90-53 Sutphin Boulevard,Jamaica,11435,Queens
POINT (-74.00912 40.71344),Apple Bank,110 Church Street,New York,10007,New York
POINT (-73.48725 40.66647),Astoria Bank,3887 Merrick Road,Seaford,11783,Nassau
POINT (-75.31594 43.47601),Adirondack Bank,13150 State Route 12,Boonville,13309,Oneida
POINT (-73.99331 40.66144),Atlas Bank,689 5th Avenue,Brooklyn,11215,Kings
POINT (-73.76817 43.12332),"Adirondack Trust Company, The",650 Maple Avenue - Route 9,Wilton,12866,Saratoga
POINT (-75.38253 43.04741),Access Federal Credit Union,6 Franklin,Clinton,13323,Oneida
POINT (-77.23026 42.96047),Canandaigua National Corporation,119 South Main Street,Manchester,14504,Ontario
POINT (-73.85979 40.72941),Astoria Bank,97-33 Queens Boulevard,Rego Park,11374,Queens
POINT (-73.01254 40.76574),"Capital One, N.A.",116 E.Main Street,Patchogue,11772,Suffolk
POINT (-73.96309 40.57726),Apple Bank,405 Brighton Beach Avenue,Brooklyn,11235,Kings
POINT (-73.98682 40.76639),"Capital One, N.A.",840 Ninth Avenue,New York,10019,New York
POINT (-73.92653 40.86436),Banco Popular North America,180 Dyckman Street,New York,10040,New York
POINT (-73.66529 40.64312),Astoria Bank,464 Atlantic Avenue,East Rockaway,11518,Nassau
POINT (-72.84265 40.94436),"Bridgehampton National Bank, The",6324 Route 25A,Wading River,11792,Suffolk
,"Berkshire Bank (Pittsfield, MA)",Rear 139 West Dominick Street,Rome,13440,Oneida
POINT (-73.90191 41.69516),Bank of America N.A. GA1-006-15-40,11 Raymond Avenue,Poughkeepsie,12603,Dutchess
POINT (-75.95304 43.97523),AmeriCU Credit Union,20991 NYS Route 3,Watertown,13601,Jefferson
POINT (-78.0285 42.22504),Alco Federal Credit Union,32 Greenwich Street,Belmont,14813,Allegany
POINT (-73.9528 40.72731),Apple Bank,776 Manhattan Avenue,Brooklyn,11222,Kings
POINT (-76.14512 43.11569),Bank of America N.A. GA1-006-15-40,3600 Brewerton Road,North Syracuse,13212,Onondaga
POINT (-74.43694 41.55431),"Berkshire Bank, The",60 Main Street,Bloomingburg,12721,Sullivan
POINT (-73.96057 40.77267),Bank of America N.A. GA1-006-15-40,1066 Lexington Avenue,New York,10021,New York
POINT (-74.35845 41.46648),Bank of America N.A. GA1-006-15-40,715 Route 211 East,Middletown,10941,Orange
POINT (-73.67558 40.70744),Astoria Bank,955 Hempstead Turnpike,Franklin Square,11010,Nassau
POINT (-74.00801 40.74837),"Capital One, N.A.",Chelsea Piers #62,New York,10011,New York
POINT (-73.52532 40.76701),Bank of America N.A. GA1-006-15-40,20 Jerusalem Avenue,Hicksville,11801,Nassau
POINT (-73.69767 42.64915),"Berkshire Bank (Pittsfield, MA)",576 North Greenbush Road,North Greenbush,12144,Rensselaer
POINT (-73.76986 40.76126),"Bridgehampton National Bank, The",43-01 Bell Boulevard,Bayside,11361,Queens
POINT (-77.61957 43.13333),Advantage Federal C.U.,500 Wilson Boulevard,Rochester,14627,Monroe
POINT (-73.61742 41.84586),Bank of Millbrook,131 Millbrook School Road,Millbrook,12545,Dutchess
POINT (-73.58668 43.26897),Arrow Bank National Association,159 Broadway,Fort Edward,12828,Washington
POINT (-73.91873 40.75931),Bank of America N.A. GA1-006-15-40,31-81 Steinway Avenue,Astoria,11103,Queens
POINT (-78.38744 43.20852),"Bank of Castile, The",1410 South Main Street,Medina,14103,Orleans
POINT (-74.00147 40.7412),Bank of America N.A. GA1-006-15-40,127 Eighth Avenue,New York,10011,New York
POINT (-78.86861 42.32978),Bank of Cattaraugus,24 Main Street,Cattaraugus,14719,Cattaraugus
POINT (-73.78384 40.71298),Astoria Bank,179-25 Hillside Avenue,Jamaica,11432,Queens
POINT (-75.3017 43.15765),"Berkshire Bank (Pittsfield, MA)",9085 Old River Road,Marcy,13403,Oneida
POINT (-73.98718 40.71832),Banco Popular North America,134 Delancy Street,New York,10002,New York
POINT (-73.69228 40.58601),Bank of America N.A. GA1-006-15-40,915 West Beech Street,Long Beach,11561,Nassau
POINT (-78.80675 42.85228),Bank of America N.A. GA1-006-15-40,2221 Seneca Street,Buffalo,14210,Erie
POINT (-78.87825 43.05026),Bank of America N.A. GA1-006-15-40,1012 Payne Avenue,North Tonawanda,14120,Niagara
POINT (-73.84127 43.31776),Arrow Bank National Association,15 Main Street,Lake Luzerne,12846,Warren
POINT (-74.38285 41.44874),Bank of America N.A. GA1-006-15-40,507 Schutt Road Extension,Middletown,10940,Orange
POINT (-73.82812 40.86958),Amalgamated Bank,2067 Bartow Avenue,Bronx,10475,Bronx
POINT (-73.35123 40.86849),"Capital One, N.A.",739 Pulaski Road,Greenlawn,11740,Suffolk
POINT (-75.22194 43.09207),"Berkshire Bank (Pittsfield, MA)",1100 Mohawk Street,Utica,13501,Oneida
POINT (-73.99095 40.74546),Bank of America N.A. GA1-006-15-40,800 Avenue of the Americas,New York,10001,New York
POINT (-73.95561 40.59891),"Capital One, N.A.",1519 Avenue U,Brooklyn,11229,Kings
POINT (-73.62126 40.87366),Bank of America N.A. GA1-006-15-40,111 Forest Avenue,Glen Cove,11542,Nassau
POINT (-76.46233 42.43581),CFCU Community Credit Union,1022 Ellis Hollow Road,Ithaca,14850,Tompkins
POINT (-77.6941 43.16659),ESL Federal Credit Union,50 Spencerport Road,Gates,14606,Monroe
POINT (-76.80941 42.06142),Chemung Canal Trust Company,951 Pennsylvania Avenue,Elmira,14904,Chemung
POINT (-73.85985 41.32398),Citibank N. A.,3131 Westchester Mall,Mohegan Lake,10547,Westchester
POINT (-74.72411 41.78508),Catskill Hudson Bank,1987 State Route 52,Liberty,12754,Sullivan
POINT (-73.68868 40.79434),Citizens Bank,1577 Northern Boulevard,Manhasset,11030,Nassau
POINT (-73.68404 40.83038),Dime Community Bank,1000 Port Washington Boulevard,Port Washington,11050,Nassau
POINT (-73.45332 40.66621),"Capital One, N.A.",4966 Merrick Road,Massapequa,11762,Nassau
POINT (-73.75678 40.74817),Dime Community Bank,61-38 Springfield Boulevard,Bayside,11364,Queens
POINT (-73.17816 40.80373),Citizens Bank,1752 Veterans Memorial Highway,Islandia,11749,Suffolk
POINT (-74.92314 42.26555),"Community Bank, N.A.",85 Sherwood Road,Delhi,13753,Delaware
POINT (-74.07857 44.92657),"Community Bank, N.A.",178 East Main Street,Chateaugay,12920,Franklin
POINT (-75.05002 42.65982),Citizens Bank,3092 County Highway 11,Hartwick,13348,Otsego
POINT (-73.89136 42.78306),Citizens Bank,3333 Consaul Road,Niskayuna,12309,Schenectady
POINT (-73.85142 40.83356),Citibank N. A.,1265 Castle Hill Avenue,Bronx,10462,Bronx
POINT (-73.84086 40.66353),Citibank N. A.,156-19 Cross Bay Boulevard,Howard Beach,11414,Queens
POINT (-73.91193 40.70001),"Capital One, N.A.",315 Wyckoff Avenue,Brooklyn,11237,Kings
POINT (-73.94036 42.81189),Citizens Bank,501 State Street,Schenectady,12301,Schenectady
POINT (-75.22066 43.10729),Citizens Bank,90 North Genesee St,Utica,13502,Oneida
POINT (-73.89783 40.8624),"Capital One, N.A.",151 East Fordham Road,Bronx,10468,Bronx
POINT (-73.67235 40.65722),Citibank N. A.,320 Merrick Road,Lynbrook,11563,Nassau
POINT (-73.89795 41.6956),Catskill Hudson Bank,830 Main Street,Poughkeepsie,12603,Dutchess
POINT (-77.0537 42.14325),"Elmira Savings Bank, FSB","19 East Market Street, Suite 101",Corning,14830,Steuben
POINT (-73.4211 40.75315),Citibank N. A.,2261 Broad Hollow Road,East Farmingdale,11735,Nassau
POINT (-78.73864 42.97683),Citizens Bank,5225 Sheridan Drive,Williamsville,14221,Erie
POINT (-73.97006 40.75677),"Capital One, N.A.",845 Third Avenue,New York,10018,New York
POINT (-73.81614 40.70062),Citibank N. A.,8900 Van Wyck Expressway,Jamaica,11418,Queens
POINT (-78.34088 42.03898),"Community Bank, N.A.",7 North Main Street,Portville,14770,Cattaraugus
POINT (-73.51954 40.76449),Citibank N. A.,255 Broadway,Hicksville,11801,Nassau
POINT (-73.97155 40.79486),Citibank N. A.,2560 Broadway,New York,10025,New York
POINT (-73.91695 40.76149),"Capital One, N.A.",30-98 Steinway Street,Astoria,11103,Queens
POINT (-73.87943 40.87478),"Capital One, N.A.",3159 Bainbridge Avenue,Bronx,10467,Bronx
POINT (-73.95637 40.78421),Citibank N. A.,1275 Madison Avenue,New York,10028,New York
POINT (-73.71423 42.60362),"Community Bank, N.A.",567 Columbia Turnpike (US 9),East Greenbush,12061,Rensselaer
POINT (-73.64051 40.72432),Citibank N. A.,45 7th Street,Garden City,11530,Nassau
POINT (-73.83068 40.84761),"Capital One, N.A.",3049 Buhre Avenue,Bronx,10461,Bronx
POINT (-73.50786 40.6722),Citibank N. A.,3295 Sunrise Highway,Wantagh,11793,Nassau
POINT (-73.51015 40.67142),"Capital One, N.A.",3230 Sunrise Highway,Wantagh,11793,Nassau
POINT (-73.9747 40.7504),Country Bank,655 Third Avenue,New York,10017,New York
POINT (-73.63978 40.63325),Citibank N. A.,3195 Long Beach Road,Oceanside,11572,Nassau
POINT (-73.82856 40.75603),"Capital One, N.A.",41-60 Main Street,Flushing,11355,Queens
POINT (-73.99916 40.61853),"Capital One, N.A.",7120 New Utrecht Avenue,Brooklyn,11228,Kings
POINT (-75.88434 42.75994),Citizens Bank,750 Utica Street,Deruyter,13052,Madison
POINT (-77.41765 42.98632),ESL Federal Credit Union,250 West Main Street,Victor,14564,Ontario
POINT (-77.43309 43.21157),Citizens Bank,66 West Main Street,Webster,14580,Monroe
POINT (-76.80931 42.08727),"Community Bank, N.A.",300 West Water Street,Elmira,14901,Chemung
POINT (-73.96027 40.57791),Citibank N. A.,702 Brighton Beach Avenue,Brooklyn,11235,Kings
POINT (-72.35541 41.07494),"Capital One, N.A.",29 West Neck Road,Shelter Island,11965,Suffolk
POINT (-73.9086 41.56947),Citizens Bank,1201 Route 9,Wappingers Falls,12590,Dutchess
POINT (-73.95622 40.76749),Citibank N. A.,1330 First Avenue,New York,10021,New York
,Citibank N. A.,1445 East 82nd Street,New York,10028,New York
POINT (-75.31584 42.32514),Citizens Bank,191 Main Street,Unadilla,13849,Otsego
,"Community Bank, N.A.",CPO Box 502 / P.O. Box 128,Houghton,14744,Allegany
POINT (-73.92079 40.86782),Citibank N. A.,4949 Broadway,New York,10034,New York
POINT (-73.99228 40.73717),"Commerce Bank, N.A.",1st Avenue & 16th Street,New York,10003,New York
POINT (-73.88962 40.86935),Citibank N. A.,234 East 198th Street,Bronx,10458,Bronx
POINT (-79.32442 42.46537),Cattaraugus County Bank,1165 Main Street,Dunkirk,14048,Chautauqua
POINT (-73.94469 40.71449),Cross County Federal Savings Bank,731 Metropolitan Avenue,Brooklyn,11211,Kings
POINT (-73.63293 40.86265),Citibank N. A.,23 Glen Cove Avenue,Glen Cove,11542,Nassau
POINT (-77.64491 43.2404),Citizens Bank,3820 Dewey Avenue,Rochester,14616,Monroe
POINT (-73.74628 40.61531),Citibank N. A.,140 Doughty Boulevard,Inwood,11096,Nassau
POINT (-77.0908 42.15997),Chemung Canal Trust Company,243 North Hamilton Street,Painted Post,14870,Steuben
POINT (-77.44267 43.13325),ESL Federal Credit Union,2059 Fairport,Penfield,14526,Monroe
,Delta Employees Credit Union,"LGA Airport, Delta Concourse",Queens,11371,Queens
POINT (-73.9176 40.69888),Citibank N. A.,1455 Myrtle Avenue,Brooklyn,11237,Kings
POINT (-73.03625 40.86589),Citibank N. A.,684 Middle Country Road,Selden,11784,Suffolk
POINT (-75.3947 42.31281),"Community Bank, N.A.",19 Union Street,Sidney,13838,Delaware
POINT (-73.68727 42.7317),Citizens Bank,1818 Fifth Avenue,Troy,12180,Rensselaer
POINT (-73.9112 40.77575),Citibank N. A.,22-16 31st Street,Astoria,11105,Queens
POINT (-73.72472 41.19599),"Commerce Bank, N.A.",400East Main Street,Mt. Kisko,10549,Westchester
POINT (-77.67183 43.13842),ESL Federal Credit Union,4 Hinchey Road,Gates,14624,Monroe
POINT (-73.9447 40.68012),Citibank N. A.,1398 Fulton Street,Brooklyn,11216,Kings
POINT (-75.91158 43.97098),"Community Bank, N.A.",400 Washington Street,Watertown,13601,Jefferson
POINT (-73.55595 40.75506),Citibank N. A.,1150 Old Country Road,Westbury,11590,Nassau
POINT (-73.85773 40.82306),Dime Community Bank,1931 Turnbull Avenue,Bronx,10473,Bronx
POINT (-76.00435 42.09407),Chemung Canal Trust Company,100 Rano Boulevard,Vestal,13850,Broome
POINT (-73.98052 40.7218),Citibank N. A.,36 Avenue C,New York,10009,New York
POINT (-73.81011 40.73199),"Capital One, N.A.",70-09 Parsons Boulevard,Flushing,11365,Queens
POINT (-73.93609 40.84979),Citibank N. A.,4249 Broadway,New York,10033,New York
POINT (-77.06028 42.14448),"Community Bank, N.A.",150 West Market Street,Corning,14830,Steuben
POINT (-73.97872 40.75356),Emigrant Savings Bank - Manhattan,335 Madison Avenue,New York,10017,New York
POINT (-73.64941 42.69754),Citizens Bank,40 Main Avenue,Wynantskill,12198,Rensselaer
POINT (-73.83129 40.76185),Cathay Bank,36-54 Main Street,Flushing,11354,Queens
POINT (-74.12211 40.5642),"Commerce Bank, N.A.",1 White Hall Street,Staten Island,10004,New York
POINT (-73.82929 40.71351),"Capital One, N.A.",120-32 Queens Boulevard,Kew Gardens,11415,Queens
POINT (-73.03849 40.75343),"Capital One, N.A.",60 Montauk Highway,Blue Point,11715,Suffolk
POINT (-77.56005 43.20357),ESL Federal Credit Union,2255 East Ridge Road,Rochester,14622,Monroe
POINT (-73.516085 40.79809),Citibank N. A.,Robbins Lane,Jericho,11753,Nassau
POINT (-76.8319 42.0829),"Elmira Savings Bank, FSB",930 West Church Street,Elmira,14905,Chemung
POINT (-73.83608 40.58237),Citibank N. A.,113-11 Beach Channel Drive,Rockaway Park,11694,Queens
POINT (-73.81054 42.62733),"Community Bank, N.A.",180 Delaware Avenue,Delmar,12054,Albany
POINT (-73.4863 40.72496),Citibank N. A.,4060 Hempstead Turnpike,Bethpage,11714,Nassau
POINT (-78.77392 42.90877),Citizens Bank,1722 Walden Avenue,Cheektowaga,14225,Erie
POINT (-73.95874 40.70974),Dime Community Bank,209 Havemeyer Street,Brooklyn,11211,Kings
POINT (-77.79138 42.25849),"Community Bank, N.A.",12 Upper College Drive,Alfred,14802,Allegany
POINT (-76.53485 42.00714),Chemung Canal Trust Company,405 Chemung St.,Waverly,14892,Tioga
POINT (-73.4194 40.7764),Citibank N. A.,425 Broad Hollow Road,Melville,11747,Suffolk
POINT (-76.87336 42.38037),"Community Bank, N.A.",401 North Franklin Street,Watkins Glen,14891,Schuyler
POINT (-74.02803 40.63086),Dime Community Bank,7524 3rd Avenue,Brooklyn,11209,Kings
POINT (-73.27367 40.8448),"Capital One, N.A.",2050 Jericho Turnpike,Commack,11725,Suffolk
POINT (-74.69019 41.37654),Citizens Bank,5 South Broome Street,Port Jarvis,12771,Orange
POINT (-74.02888 40.62154),Citizens Bank,8724 4th Avenue,Brooklyn,11209,Kings
POINT (-73.96308 40.75812),Citibank N. A.,1044 First Avenue,New York,10022,New York
POINT (-73.10844 40.8271),"Capital One, N.A.",131 Portion Road,Ronkonkoma,11779,Suffolk
POINT (-73.69121 41.00673),Citibank N. A.,800 Westchester Avenue,Ryebrook,10573,Westchester
POINT (-77.60134 43.20939),Citizens Bank,2255 Hudson Avenue,Rochester,14617,Monroe
POINT (-73.05885 40.90561),"Capital One, N.A.",532 Old Town Road,Port Jefferson Station,11776,Suffolk
POINT (-76.05417 43.03145),Citizens Bank,6770 East Genesee Street,Fayetteville,13069,Onondaga
POINT (-73.84862 41.16512),Citibank N. A.,22 Pleasantville Road,Ossining,10562,Westchester
POINT (-73.9859 40.7705),"Commerce Bank, N.A.",113 West 60th Street,New York,10023,New York
POINT (-76.14286 43.11575),Empire Federal Credit Union,5404 Bay Road,N. Syracuse,13212,Onondaga
POINT (-73.88974 41.51991),Citizens Bank,463 Route 9,Fishkill,12524,Dutchess
POINT (-73.64639 40.84925),Citibank N. A.,263 Sea Cliff Avenue,Sea Cliff,11579,Nassau
POINT (-73.98492 40.75371),Citibank N. A.,1065 Avenue of the Americas,New York,10018,New York
POINT (-73.97772 40.5965),"Capital One, N.A.",179 Avenue U,Brooklyn,11223,Kings
POINT (-77.66856 42.82105),"Community Bank, N.A.",23 Commercial Street,Livonia,14487,Livingston
POINT (-73.98967 40.61964),Citizens Bank,6402 18th Avenue,Brooklyn,11214,Kings
POINT (-76.02168 43.80929),"Community Bank, N.A.",26 East Church Street,Adams,13605,Jefferson
POINT (-73.73643 40.73373),"Capital One, N.A.",233-15 Hillside Avenue,Queens Village,11427,Queens
POINT (-73.59414 44.21445),Champlain National Bank,7558 Court Street,Elizabethtown,12932,Essex
POINT (-73.63124 40.65299),Citibank N. A.,2445 Oceanside Road,Oceanside,11572,Nassau
POINT (-73.76468 41.03336),Citibank N. A.,244 Main Street,White Plains,10601,Westchester
POINT (-73.79129 40.72586),Citibank N. A.,176-50 Union Turnpike,Flushing,11366,Queens
POINT (-74.20112 40.52611),Citibank N. A.,5810 Amboy Road,Staten Island,10309,Richmond
POINT (-73.94923 40.80253),Carver Federal Savings Bank,142 Malcolm X Boulevard,New York,10026,New York
POINT (-73.31882 40.85837),Citizens Bank,563 Larkfield Road,East Northport,11731,Suffolk
POINT (-73.69584 41.03879),"Commerce Bank, N.A.",735 Anderson Hill Road,Purchase,10577,Westchester
POINT (-76.57887 43.3211),"Community Bank, N.A.",343 Church Street,Hannibal,13074,Oswego
POINT (-73.55905 40.77955),Citibank N. A.,8001 Brush Hollow Road,Westbury,11590,Nassau
POINT (-75.93695 42.10695),Citizens Bank,247 Main Street,Binghamton,13905,Broome
POINT (-75.47372 44.33402),"Community Bank, N.A.",100 Main Street,Gouverneur,13642,St. Lawrence
POINT (-76.04918 43.10261),Empire Federal Credit Union,85 Collamer Crossing,E. Syracuse,13057,Onondaga
POINT (-73.75979 42.72625),Chemung Canal Trust Company,581 Loudon Road,Latham,12110,Albany
POINT (-74.16934 40.57736),Citibank N. A.,2825 Richmond Avenue,Staten Island,10314,Richmond
POINT (-73.89688 40.67829),Citibank N. A.,80 Jamaica Avenue,Brooklyn,11207,Kings
POINT (-73.43323 44.18247),Champlain National Bank,6478 Main Street,Westport,12993,Essex
POINT (-73.78347 40.73409),Citibank N. A.,69-80 188th Street,Fesh Meadows,11365,Queens
POINT (-73.96686 40.7526),Citibank N. A.,866 United Nations Plaza,New York,10017,New York
POINT (-73.64886 40.77062),"Capital One, N.A.",983 Willis Avenue,Albertson,11507,Nassau
POINT (-76.14753 43.04351),Empire Federal Credit Union,800 State Street,Syracuse,13202,Onondaga
POINT (-73.81918 40.82178),Citibank N. A.,3924 East Tremont Avenue,Bronx,10465,Bronx
POINT (-77.65845 43.22262),ESL Federal Credit Union,3508 Mt. Read Boulevard,Rochester,14616,Monroe
POINT (-78.40242 42.07271),"Community Bank, N.A.",1471 East State Road,Olean,14760,Cattaraugus
POINT (-73.9857 40.66989),Citibank N. A.,424 5th Avenue,Brooklyn,11215,Kings
POINT (-73.32206 40.74422),"Capital One, N.A.",1383 Deer Park Avenue,North Babylon,11703,Suffolk
POINT (-78.45736 42.33765),"Community Bank, N.A.",13 Park Square,Franklinville,14737,Cattaraugus
POINT (-75.75128 43.07918),"Community Bank, N.A.",102 South Petersboro Street,Canastota,13032,Madison
POINT (-76.79718 42.91037),"Community Bank, N.A.",70 Fall Street,Seneca Falls,13148,Seneca
POINT (-73.67946 40.70784),Citibank N. A.,1060 Hempstead Turnpike,Franklin Square,11010,Nassau
POINT (-73.70049 40.63933),Citibank N. A.,1316 Broadway,Hewlett,11557,Nassau
POINT (-73.84343 40.84159),"Capital One, N.A.",35 Westchester Square,Bronx,10461,Bronx
POINT (-77.33783 42.34287),Chemung Canal Trust Company,410 West Morris Street,Bath,14810,Steuben
POINT (-77.80555 43.18182),ESL Federal Credit Union,41 Nichols Street,Spencerport,14559,Monroe
POINT (-77.05714 42.14388),Corning Federal Credit Union,64 West Market Street,Corning,14830,Steuben
POINT (-73.86768 40.90022),Country Bank,4349 Katonah Avenue,Bronx,10470,Bronx
POINT (-73.82229 42.70684),Citizens Bank,1440 Central Avenue,Albany,12205,Albany
POINT (-73.85747 40.92589),Citibank N. A.,740 Central Park Avenue,Yonkers,10704,Westchester
POINT (-74.0238 40.62667),Citizens Bank,7826 5th Avenue,Brooklyn,11209,Kings
POINT (-75.45491 43.24036),"Community Bank, N.A.",7812 Turin Road,Rome,13440,Oneida
POINT (-74.4204 43.97241),"Community Bank, N.A.",1199 Main Street,Long Lake,12847,Hamilton
POINT (-73.98681 40.7477),Citibank N. A.,22 West 32nd Street,New York,10001,New York
POINT (-74.59518 41.62431),Catskill Hudson Bank,244 Rock Hill Drive,Rock Hill,12775,Sullivan
POINT (-73.37692 40.70243),Citibank N. A.,120 East Sunrise Highway,North Lindenhurst,11757,Suffolk
POINT (-73.98737 40.75266),Citibank N. A.,1384 Broadway,New York,10018,New York
POINT (-73.95879 40.71684),Dime Community Bank,214 Bedford Ave,Brooklyn,11249,New York
POINT (-73.82704 40.76146),East West Bank,38-05 Union Street,Flushing,11354,Queens
,"Capital One, N.A.",Chelsea Piers,New York,10011,New York
POINT (-73.80581 40.97167),Citibank N. A.,725 White Plains Road,Eastchester,10583,Westchester
POINT (-74.01097 40.70865),Citibank N. A.,120 Broadway,New York,10271,New York
POINT (-73.24821 40.79892),"Capital One, N.A.",340 Washington Avenue,North Brentwood,11717,Suffolk
POINT (-73.86284 40.8459),Cross County Federal Savings Bank,791 Morris Park Avenue,Bronx,10462,Bronx
,Citibank N. A.,45 West Tarrytown Road,Elmsford,10523,Westchester
POINT (-76.86306 42.90467),"Community Bank, N.A.",2 West Main Street,Waterloo,13165,Seneca
POINT (-73.21607 40.87288),Citibank N. A.,153 East 53rd Street,Smithtown,11787,Suffolk
POINT (-76.54964 42.9468),Chemung Canal Trust Company,185 Grant Avenue,Auburn,13021,Cayuga
POINT (-73.83748 40.57972),"Capital One, N.A.",116-01 Rockaway Beach Boulevard,Rockaway Park,11694,Queens
POINT (-73.70703 40.70802),"Capital One, N.A.",620 Hempstead Turnpike,Elmont,11003,Nassau
POINT (-73.71493 40.66221),"Capital One, N.A.",5 Green Acres Road,Valley Stream,11582,Nassau
,Citizens Bank,2000 Eastview Mall,Victor,14564,Ontario
POINT (-73.99281 40.61653),Cathay Bank,6912 18th Ave,Brooklyn,11201,Kings
POINT (-77.60465 43.19613),ESL Federal Credit Union,518 East Ridge Road,Rochester,14621,Monroe
POINT (-73.70208 40.79782),Citibank N. A.,66 Bayview Avenue,Manhasset,11030,Nassau
POINT (-73.95094 40.66374),Carver Federal Savings Bank,1009 Nostrand Avenue,Brooklyn,11225,Kings
POINT (-73.55654 40.67497),Dime Community Bank,1775 Merrick Avenue,Merrick,11566,Nassau
POINT (-74.23404 40.5175),Citizens Bank,271 Page Avenue,Staten Island,10307,Richmond
POINT (-78.70368 43.16483),Cornerstone Community FCU,55 Stevens Street,Lockport,14094,Niagara
POINT (-77.70541 43.20985),Citizens Bank,2833 Ridge Road West,Rochester,14626,Monroe
POINT (-77.66044 42.35406),"Community Bank, N.A.",7279 Seneca Road North,Hornell,14843,Steuben
POINT (-77.69607 42.56074),"Community Bank, N.A.",189 Main Street,Dansville,14437,Livingston
POINT (-73.96022 40.60796),"Capital One, N.A.",1226 Kings Highway,Brooklyn,11229,Kings
POINT (-73.81054 42.62733),Citizens Bank,180 Delaware Plaza,Delmar,12054,Albany
POINT (-77.55296 43.11624),ESL Federal Credit Union,2560 Monroe Avenue,Rochester,14618,Monroe
POINT (-76.15418 43.06185),Cooperative Federal,800 North Salina Street,Syracuse,13208,Onondaga
POINT (-73.97291 40.75009),"Capital One, N.A.",220 East 42nd Street,New York,10017,New York
POINT (-73.94014 40.59147),Citizens Bank,3780 Nostrand Avenue,Brooklyn,11235,Kings
POINT (-72.676 40.93355),"Capital One, N.A.",1080 Route 58,Riverhead,11901,Suffolk
POINT (-73.65019 40.77506),"Capital One, N.A.",1145 Willis Avenue,Albertson,11507,Nassau
POINT (-74.12992 40.62645),Citizens Bank,1200 Forest Avenue,Staten Island,10310,Richmond
POINT (-76.12719 43.56702),"Community Bank, N.A.",4854 North Jefferson Street,Pulaski,13142,Oswego
POINT (-73.81357 42.71329),Chemung Canal Trust Company,65 Wolf Road,Albany,12205,Albany
POINT (-74.00544 40.72803),Citibank N. A.,200 Varick Street,New York,10014,New York
POINT (-73.79836 40.77492),Dime Community Bank,24-44 Francis Lewis Boulevard,Whitestone,11357,Queens
POINT (-76.27154 42.09894),"Community Bank, N.A.",50 West Main Street,Owego,13827,Tioga
POINT (-76.22403 43.13506),Citizens Bank,7541 Oswego Road,Liverpool,13090,Onondaga
POINT (-74.1322 44.32826),"Community Bank, N.A.",46 Broadway,Saranac Lake,12983,Franklin
POINT (-74.7503 42.59161),Citizens Bank,141 Main Street,Worcester,12197,Otsego
POINT (-73.83356 40.69897),"Capital One, N.A.",115-20 Jamaica Avenue,Richmond Hill,11418,Queens
POINT (-77.40926 42.07973),"Community Bank, N.A.",1608 Main Street,Woodhull,14898,Steuben
POINT (-76.42872 42.94622),"Community Bank, N.A.",1 East Genesee Street,Skaneateles,13152,Onondaga
POINT (-73.95361 40.72874),Citibank N. A.,836 Manhattan Avenue,Brooklyn,11222,Kings
POINT (-74.0071 40.62061),Citizens Bank,7414 13th Avenue,Brooklyn,11228,Queens
POINT (-73.97268 40.7532),Citibank N. A.,734 Third Avenue,New York,10017,New York
POINT (-73.74504 42.65838),Citizens Bank,833 Broadway,Albany,12207,Albany
POINT (-73.97666 40.76411),"Capital One, N.A.",57 West 57th Street,New York,10019,New York
POINT (-77.62885 43.08665),Citizens Bank,589 Jefferson Road,Rochester,14623,Monroe
POINT (-73.45103 44.67758),Dannemora Federal Credit Union,122 New York Road,Plattsburgh,12903,Clinton
POINT (-73.76797 42.2481),"Community Bank, N.A.",96 Union Turnpike (NY Route 66),Greenport,12534,Columbia
POINT (-73.87894 40.72514),Cross County Federal Savings Bank,80-10 Eliot Avenue,Middle Village,11379,Queens
POINT (-73.64424 40.65639),Citibank N. A.,297 Merrick Road,Rockville Centre,11570,Nassau
POINT (-73.89154 40.74742),Citibank N. A.,37-57 74th Street,Jackson Heights,11372,Queens
POINT (-73.91348 40.76575),Citibank N. A.,25-91 Steinway Street,Astoria,11109,Queens
POINT (-77.06007 42.14478),Chemung Canal Trust Company,149 West Market Street,Corning,14830,Steuben
POINT (-73.94642 40.78145),Citibank N. A.,340 East 93rd Street,New York,10128,New York
POINT (-73.63734 40.73667),"Capital One, N.A.",1415 Kellum Place,Garden City,11530,Nassau
POINT (-73.76216 40.69173),"Capital One, N.A.",189-02 Linden Boulevard,St. Albans,11412,Queens
POINT (-75.05959 41.76708),Catskill Hudson Bank,9 Lower Main Street,Callicoon,12723,Sullivan
POINT (-73.43748 40.67551),Citibank N. A.,5508 Sunrise Highway,Massapequa,11758,Nassau
POINT (-76.80929 42.10575),Corning Federal Credit Union,1100 Clemens Center Parkway,Elmira,14901,Chemung
POINT (-75.85424 42.9299),"Community Bank, N.A.",48 Albany Street,Cazenovia,13035,Madison
POINT (-76.88824 42.17689),"Elmira Savings Bank, FSB",Route 17 & Chambers Road,Big Flats,14814,Chemung
POINT (-73.90876 40.75309),Citibank N. A.,51-31 Northern Boulevard,Woodside,11377,Queens
POINT (-74.00742 40.71281),Citibank N. A.,250 Broadway,New York,10007,New York
POINT (-77.23526 42.10437),"Community Bank, N.A.",11 Tuscarora Street,Addison,14801,Steuben
POINT (-73.73771 40.71778),Citibank N. A.,217-10 Jamaica Avenue,Queens Village,11428,Queens
POINT (-77.05419 42.66239),"Community Bank, N.A.",151 MAIN STREET,PENN YAN,14527,Yates
POINT (-78.69691 42.88311),Citizens Bank,4964 Transit Road,Depew,14043,Erie
POINT (-74.01007 40.72076),Citibank N. A.,388 Greenwich Street,New York,10013,New York
POINT (-73.84517 40.78555),"Capital One, N.A.",122-03 14th Avenue,College Point,11356,Queens
POINT (-73.97895 40.75053),Citibank N. A.,90 Park Avenue,New York,10016,New York
POINT (-74.63335 42.14628),"Delaware National Bank of Delhi, The",42568 State Highway 28,Margaretville,12455,Delaware
POINT (-73.32076 40.73696),Citibank N. A.,1198 Deer Park Avenue,North Babylon,11703,Suffolk
POINT (-74.89216 44.92907),"Community Bank, N.A.",121 Main Street,Massena,13662,St. Lawrence
POINT (-76.69185 42.84253),Cayuga Lake National Bank,165 Cayuga Street,Union Springs,13160,Cayuga
POINT (-73.71407 41.12695),Citibank N. A.,435 Main Street,Armonk,10504,Westchester
POINT (-77.35876 42.98283),ESL Federal Credit Union,1100 Corporate Drive,Farmington,14425,Ontario
POINT (-73.72964 40.78507),Citibank N. A.,111 Great Neck Road,Great Neck,11021,Nassau
POINT (-73.79042 42.66655),Citizens Bank,501 Western Avenue,Albany,12203,Albany
POINT (-75.09588 42.45547),"Community Bank, N.A.",434 Chestnut Street,Oneonta,13820,Otsego
POINT (-73.94234 40.80351),"Commerce Bank, N.A.",1879 Madison Avenue,New York,10035,New York
POINT (-73.64787 40.70117),"Capital One, N.A.",255 Hempstead Avenue,West Hempstead,11552,Nassau
POINT (-73.94488 40.80753),Carver Federal Savings Bank,75 West 125th Street,New York,10027,New York
POINT (-73.1961 40.77082),"Commerce Bank, N.A.",300 Carleton Avenue,Central Islip,11722,Suffolk
POINT (-77.14019 42.96868),"Community Bank, N.A.",One Clifton Plaza Route 96,Clifton Springs,14432,Ontario
POINT (-73.9392 40.84301),Citibank N. A.,4058 Broadway,New York,10032,New York
POINT (-76.0483 42.10398),Citizens Bank,18 Washington Avenue,Endicott,13760,Broome
POINT (-73.80328 40.97371),"Capital One, N.A.",764 White Plains Road,Scarsdale,10583,Westchester
POINT (-73.99183 40.75063),"Capital One, N.A.",1 Penn Plaza,New York,10019,New York
POINT (-73.82557 40.74323),Dime Community Bank,59-23 Main Street,Flushing,11355,Queens
POINT (-75.38717 43.07859),"Community Bank, N.A.",4675 State Route 233,Westmoreland,13490,Oneida
POINT (-73.99964 40.71841),"Eastbank, NA",183 Centre Street,New York,10013,New York
POINT (-73.92474 40.76167),"Capital One, N.A.",31-17 Broadway,Astoria,11102,Queens
POINT (-73.82199 40.68709),Citibank N. A.,121-11 Liberty Avenue,South Richmond Hill,11419,Queens
POINT (-73.31481 40.84392),Citibank N. A.,710 Larkfield Road,East Northport,11731,Suffolk
POINT (-73.89082 40.8329),Citibank N. A.,1463 Southern Boulevard,Bronx,10460,Bronx
,Citibank N. A.,Route 100 North,Somers,10589,Westchester
POINT (-73.67127 40.66627),"Capital One, N.A.",1 Franklin Avenue,Lynbrook,11563,Nassau
POINT (-73.87962 40.99455),Citibank N. A.,65 Main Street,Hastings-on-Hudson,10706,Westchester
POINT (-73.51031 44.70578),Dannemora Federal Credit Union,344 Tom Miller Road,Plattsburgh,12901,Clinton
POINT (-73.6609 40.74302),Dime Community Bank,2401 Jericho Turnpike,Garden City,11040,Nassau
POINT (-78.96985 42.16355),Cattaraugus County Bank,42 Main Street,Randolph,14772,Cattaraugus
POINT (-73.80271 40.78027),"Capital One, N.A.",20-02 Francis Lewis Boulevard,Whitestone,11357,Queens
POINT (-72.53848 40.98609),"Capital One, N.A.",10095 Main Road,Mattituck,11952,Suffolk
POINT (-73.47081 40.79429),Citibank N. A.,100 Sunnyside Boulevard,Plainview,11803,Nassau
POINT (-75.80082 44.00542),"Community Bank, N.A.",28499 NYS Route 3,Black River,13612,Jefferson
POINT (-73.65547 41.19583),Citibank N. A.,422 Old Post Road (Route 22),Bedford Village,10506,Westchester
POINT (-73.9095 40.77529),Citizens Bank,33-02 Ditmars Boulevard,Astoria,11105,Queens
POINT (-73.79901 41.04198),Citibank N. A.,407 Tarrytown Road,Greenburgh,10607,Westchester
POINT (-73.83088 40.75931),Cathay Bank,135-34 Roosevelt Avenue,Flushing,11354,Queens
POINT (-73.06365 40.77009),Citibank N. A.,5801 Sunrise Highway,Holbrook,11741,Suffolk
POINT (-73.36996 40.68413),"Capital One, N.A.",300 South Wellwood Avenue,Lindenhurst,11757,Suffolk
POINT (-73.76664 41.03232),"Capital One, N.A.",9 Mamaroneck Avenue,White Plains,10601,Westchester
POINT (-76.87516 42.16193),Chemung Canal Trust Company,29 Arnot Road,Horseheads,14845,Chemung
POINT (-77.58549 43.09641),ESL Federal Credit Union,100 Canal View Boulevard,Rochester,14623,Monroe
POINT (-73.66211 40.70648),"Capital One, N.A.",611 Hempstead Turnpike,West Hempstead,11552,Nassau
POINT (-74.45676 41.53483),Citizens Bank,"3 Winterton Road, Route 17M",Bloomingburg,12721,Sullivan
POINT (-73.9572 40.8121),Citibank N. A.,1310 Amsterdam Avenue,New York,10027,New York
POINT (-73.44845 40.73215),Citibank N. A.,250 Conkin Street,Farmingdale,11735,Nassau
POINT (-78.82152 43.0308),Citizens Bank,2797 Niagara Falls Boulevard,Amherst,14226,Erie
POINT (-73.67631 44.44066),"Community Bank, N.A.",14230 Route 9N,Ausable,12912,Essex
POINT (-73.98793 41.15443),Citibank N. A.,170 North Main Street,New City,10956,Rockland
POINT (-73.49703 44.69629),Champlain National Bank,500 State Route 3,Plattsburg,12901,Clinton
POINT (-73.94842 40.64016),Citibank N. A.,1871 Nostrand Avenue,Brooklyn,11226,Kings
POINT (-76.07975 44.23743),"Community Bank, N.A.",205 State Street,Clayton,13624,Jefferson
POINT (-76.84803 42.3459),Chemung Canal Trust Company,303 West Main Street,Montour Falls,14865,Schuyler
POINT (-74.08824 40.59027),Citizens Bank,1556 Hylan Boulevard,Staten Island,10305,Richmond
POINT (-77.62791 43.19347),ESL Federal Credit Union,1490 Lake Avenue,Rochester,14615,Monroe
POINT (-75.06092 42.45479),"Community Bank, N.A.",245 Main Street,Oneonta,13820,Otsego
POINT (-73.84444 40.72072),"Capital One, N.A.",107-18 Continental Avenue,Forest Hills,11375,Queens
POINT (-73.97619 40.78879),"Capital One, N.A.",2379 Broadway,New York,10024,New York
POINT (-73.11469 40.75585),"Capital One, N.A.",4625 Sunrise Highway,Bohemia,11716,Suffolk
POINT (-73.78576 40.76286),Citibank N. A.,35-31 Francis Lewis Boulevard,Bayside,11358,Queens
POINT (-73.95315 40.58719),Citibank N. A.,1528 Sheepshead Bay Road,Brooklyn,11235,Kings
POINT (-73.92717 40.81882),"Commerce Bank, N.A.",558 Grand Concourse,Bronx,10451,Bronx
POINT (-73.78995 43.0785),Citizens Bank,84 Congress Street,Saratoga Springs,12866,Saratoga
POINT (-76.51303 42.44088),Chemung Canal Trust Company,806 West Buffalo Street,Ithaca,14850,Tompkins
POINT (-73.97916 40.75297),Citibank N. A.,330 Madison Avenue,New York,10017,New York
POINT (-73.6187 40.83606),Citibank N. A.,2-1 Park Plaza,Glen Head,11545,Nassau
POINT (-77.32093 43.06332),ESL Federal Credit Union,1503 Canandaigua Road,Macedon,14502,Wayne
POINT (-73.41686 40.67941),Citibank N. A.,241 Broadway,Amityville,11701,Suffolk
POINT (-73.82948 40.75974),"Capital One, N.A.",136-21 Roosevelt Avenue,Flushing,11354,Queens
POINT (-73.92072 40.67864),Carver Federal Savings Bank,1950 Fulton Street,Brooklyn,11216,Kings
POINT (-75.04772 42.4486),"Community Bank, N.A.","4987 State Highway 23, Suite 3",Oneonta,13820,Otsego
POINT (-73.78243 42.75771),"Community Bank, N.A.",782 Troy Schenectady Road,Latham,12110,Albany
POINT (-73.9451 40.68014),Carver Federal Savings Bank,1392 FULTON STREET,BROOKLYN,11216,Kings
POINT (-73.98507 40.72395),Citibank N. A.,50 Avenue A,New York,10009,New York
POINT (-73.60012 40.713),Citibank N. A.,128 Hofstra University,Hempstead,11550,Nassau
POINT (-73.78619 42.86331),Citizens Bank,1 Municipal Plaza,Clifton Park,12065,Saratoga
POINT (-74.00844 40.63654),East West Bank,5801 8th Avenue,Brooklyn,11220,Kings
POINT (-76.87361 42.38084),Chemung Canal Trust Company,318 North Franklin Street,Watkins Glen,14891,Schuyler
POINT (-73.68916 42.42951),"Community Bank, N.A.",2967 Route 9,Valatie,12184,Columbia
POINT (-74.67337 41.66849),Catskill Hudson Bank,4438 State Route 42 North,Monticello,12701,Sullivan
POINT (-73.72589 40.62014),Dime Community Bank,432 Central Avenue,Cedarhurst,11516,Nassau
POINT (-76.10597 43.17579),"Community Bank, N.A.",5966-5968  State Route 31,Cicero,13039,Onondaga
POINT (-73.77173 40.765),Citibank N. A.,39-01 Bell Boulevard,Bayside,11361,Queens
POINT (-73.84274 40.88984),Citibank N. A.,3955 Baychester Avenue,Bronx,10466,Bronx
POINT (-73.99152 40.69146),Citizens Bank,81 Court Street,Brooklyn,11201,Kings
POINT (-74.01401 40.70485),Citibank N. A.,1 Broadway,New York,10004,New York
POINT (-73.65609 40.75451),"Capital One, N.A.",422 Hillside Avenue,Williston Park,11596,Nassau
POINT (-73.98223 40.77672),"Capital One, N.A.",2025 Broadway,New York,10023,New York
POINT (-77.60553 42.27017),Citizens & Northern Bank,3 Main Street,Canisteo,14823,Steuben
POINT (-73.6465 43.31225),Citizens Bank,37 Bay Street,Glens Falls,12801,Warren
POINT (-75.91099 43.97361),"Community Bank, N.A.",216 Washington Street,Watertown,13601,Jefferson
,"Delaware National Bank of Delhi, The",SUNY DELHI CAMPUS,DELHI,13753,Delaware
POINT (-73.98692 40.77012),"Commerce Bank, N.A.",428 West 59th Street,New York,10019,New York
POINT (-74.29148 44.84923),"Community Bank, N.A.",10 Elm Street,Malone,12953,Franklin
POINT (-76.23511 43.04821),Citizens Bank,3524 West Genesee Street,Syracuse,13219,Onondaga
,"Community Bank, N.A.",SUNY Oneonta,Oneonta,13820,Otsego
POINT (-73.95417 40.73004),Citizens Bank,896 Manhattan Avenue,Brooklyn,11222,Kings
POINT (-73.24836 40.78074),Citibank N. A.,710 Suffolk Avenue,Brentwood,11717,Suffolk
,Citizens Bank,29 Glenwood Shopping Plaza,Oneida,13421,Madison
POINT (-73.80808 40.91422),"Capital One, N.A.",200 Fifth Avenue,Pelham,10803,Westchester
POINT (-73.73041 40.78599),"Capital One, N.A.",60 Cuttermill Road,Great Neck,11021,Nassau
POINT (-76.11907 43.03825),Cooperative Federal,723 Westcott Street,Syracuse,13210,Onondaga
POINT (-73.79307 42.96776),Catskill Hudson Bank,"2452 State Route 9, Suite 104",Malta,12020,Saratoga
POINT (-73.75194 42.65095),"Community Bank, N.A.",39 North Pearl Street,Albany,12207,Albany
POINT (-73.92146 40.60871),"Capital One, N.A.",2530 Flatbush Avenue,Brooklyn,11234,Kings
POINT (-73.68485 40.98371),"Capital One, N.A.",57 Purchase Street,Rye,10580,Westchester
POINT (-73.97599 40.7602),Citibank N. A.,666 Fifth Avenue,New York,10103,New York
POINT (-76.81109 42.12853),"Elmira Savings Bank, FSB",2075 Lake Road,Elmira Heights,14903,Chemung
POINT (-73.50971 40.81046),Citibank N. A.,177 Jericho Turnpike,Syosset,11791,Nassau
POINT (-73.99808 40.72909),Citibank N. A.,555 LaGuardia Place,New York,10012,New York
POINT (-73.61763 40.74256),Citibank N. A.,502 Old Country Road,Garden City,11530,Nassau
POINT (-74.13601 40.62494),"Capital One, N.A.",1411 Forest Avenue,Staten Island,10302,Richmond
POINT (-78.62686 42.76817),Citizens Bank,212 Main Street,East Aurora,14052,Erie
POINT (-73.70992 42.59878),Citizens Bank,"596 Columbia Turnpike, Suite 6",East Greenbush,12061,Rensselaer
POINT (-73.90181 41.94612),Citizens Bank,6708 Route 9,Rhinebeck,12572,Dutchess
POINT (-77.50275 43.19009),ESL Federal Credit Union,1854 Empire Boulevard,Webster,14580,Monroe
POINT (-77.49544 43.13515),ESL Federal Credit Union,1610 Penfield Road,Penfield,14625,Monroe
POINT (-73.97836 40.7627),Citibank N. A.,1345 Avenue of the Americas,New York,10105,New York
POINT (-74.00169 40.74663),"Capital One, N.A.",401 West 23rd Street,New York,10011,New York
POINT (-73.97755 40.6842),Carver Federal Savings Bank,139 Flatbush Avenue,Brooklyn,11217,New York
POINT (-76.50838 42.43153),"Elmira Savings Bank, FSB",702 South Meadow Street,Ithaca,14850,Tompkins
POINT (-73.91091 40.77597),"Capital One, N.A.",22-04 31st Street,Astoria,11105,Queens
POINT (-73.99723 40.71662),Citibank N. A.,164 Canal Street,New York,10013,New York
POINT (-73.52053 40.7645),"Capital One, N.A.",190 Broadway,Hicksville,11801,Nassau
POINT (-73.48676 44.6928),"Community Bank, N.A.",25 Consumer Square,Plattsburgh,12901,Clinton
POINT (-73.99939 40.74566),Citibank N. A.,322 West 23rd Street,New York,10011,New York
POINT (-74.0061 40.75014),"Commerce Bank, N.A.",201 Eleventh Avenue,New York,10004,New York
POINT (-76.82344 42.11905),Chemung Canal Trust Company,100 West McCann's Boulevard,Elmira Heights,14903,Chemung
POINT (-75.04489 44.16416),"Community Bank, N.A.",4091 State Highway 3,Star Lake,12980,Franklin
POINT (-73.49846 40.72567),"Capital One, N.A.",3721 Hempstead Turnpike,Levittown,11756,Nassau
POINT (-73.76476 41.02811),Citizens Bank,200 Mamaroneck Avenue,White Plains,10601,Westchester
POINT (-73.85742 42.63872),Chemung Canal Trust Company,1365 New Scotland Road,Slingerlands,12159,Albany
POINT (-73.59301 40.70578),Citibank N. A.,410 Uniondale Avenue,Uniondale,11553,Nassau
POINT (-78.87064 42.98097),Citizens Bank,1698 Sheridan Drive,Kenmore,14223,Erie
POINT (-73.84266 42.68221),Citizens Bank,1516 Western Avenue,Albany,12203,Albany
,Citibank N. A.,Hofstra University,Hempstead,11550,Nassau
POINT (-73.32533 40.69594),"Capital One, N.A.",124 West Main Street,Babylon,11702,Suffolk
POINT (-73.70405 40.66683),Dime Community Bank,175 West Merrick Road,Valley Stream,11580,Nassau
POINT (-77.78634 42.80008),ESL Federal Credit Union,22 Ryan Drive,Geneseo,14454,Livingston
POINT (-73.95751 40.5987),East West Bank,1322-1328 Avenue U,Brooklyn,11229,Kings
POINT (-73.91856 40.62891),Citibank N. A.,1992 Ralph Avenue,Brooklyn,11234,Kings
POINT (-73.97356 40.75756),Citibank N. A.,333 Park Avenue South,New York,10022,New York
POINT (-73.99714 40.71348),Cathay Bank,16-18 East Broadway,New York,10002,New York
POINT (-73.98177 40.73213),Citibank N. A.,262 First Avenue,New York,10009,New York
POINT (-73.87771 40.71289),"Capital One, N.A.",74-11 Metropolitan Avenue,Middle Village,11379,Queens
POINT (-73.94961 40.58581),"Capital One, N.A.",3090 Ocean Avenue,Brooklyn,11235,Kings
POINT (-73.97674 40.78791),Citibank N. A.,2350 Broadway,New York,10024,New York
POINT (-74.46555 44.22294),"Community Bank, N.A.",75 Park Street,Tupper Lake,12986,Franklin
,Citibank N. A.,60 Loehmann Plaza,Lake Grove,11755,Suffolk
POINT (-79.28766 42.09735),Cattaraugus County Bank,870 Fairmount Avenue,Jamestown,14701,Chautauqua
POINT (-73.06023 40.94663),Citibank N. A.,200 Belle Terre Road,Port Jefferson Station,11777,Suffolk
POINT (-79.31173 42.35194),"Community Bank, N.A.",8036 Route 60,Cassadaga,14718,Chautauqua
POINT (-74.00313 40.73356),Citibank N. A.,75 Christopher Street,New York,10014,New York
,"Commerce Bank, N.A.",830 Fifth Avenue,New York,10021,New York
POINT (-73.96082 40.76984),Citibank N. A.,171 East 72nd Street,New York,10021,New York
POINT (-76.49666 42.44138),Elmira Savings & Loan FA,200 E. Buffalo Street,Ithaca,14850,Tompkins
POINT (-73.88427 40.7495),"Capital One, N.A.",37-02 82 Street,Jackson Heights,11372,Queens
,"Community Bank, N.A.",Route 16 & Westover Avenue,Yorkshire,14173,Cattaraugus
POINT (-77.09504 43.04466),"Community Bank, N.A.",100 Church Street,Newark,14513,Wayne
POINT (-73.54318 40.69093),Dime Community Bank,2412 Jerusalem Avenue,Bellmore,11710,Nassau
POINT (-73.98128 40.77845),Citibank N. A.,170 West 72nd Street,New York,10023,New York
POINT (-76.87214 42.37812),"Elmira Savings Bank, FSB",712 North Franklin Street,Watkins Glen,14891,Schuyler
POINT (-78.69762 42.9669),Citizens Bank,6850 Main Street,Williamsville,14221,Erie
POINT (-73.96579 40.80525),Citibank N. A.,2872 Broadway,New York,10025,New York
POINT (-73.86767 40.85525),"Capital One, N.A.",2159 White Plains Road,Bronx,10462,Bronx
POINT (-73.74282 43.09951),Citizens Bank,3035 Route 50,Saratoga Springs,12866,Saratoga
POINT (-79.59534 42.15935),"Community Bank, N.A.",125 Main Street,Sherman,14781,Chautauqua
POINT (-72.53695 40.87578),Citibank N. A.,190 West Montauk Highway,Hampton Bays,11946,Suffolk
POINT (-73.80748 40.79333),Citibank N. A.,153-16 10th Avenue,Whitestone,11357,Queens
POINT (-74.00849 40.71648),Citibank N. A.,120 West Broadway,New York,10013,New York
POINT (-73.97755 40.6842),Citibank N. A.,139 Flatush Avenue,Brooklyn,11217,Kings
POINT (-73.97533 40.75117),Citibank N. A.,145 East 42nd Street,New York,10017,New York
POINT (-73.93939 40.82107),Citibank N. A.,2481 Adam Clayton Boulevard,New York,10030,New York
POINT (-76.42158 42.71259),"Elmira Savings Bank, FSB",142 Main Street,Moravia,13118,Tompkins
POINT (-77.54808 43.15936),ESL Federal Credit Union,215 Merchants Road,Rochester,14609,Monroe
POINT (-74.01254 40.64295),Citibank N. A.,5324 5th Avenue,Brooklyn,11220,Kings
POINT (-74.15254 41.1159),"Capital One, N.A.",50 Lafayette Avenue,Suffern,10901,Rockland
POINT (-73.97413 40.73717),Citibank N. A.,25 Waterside Plaza,New York,10010,New York
POINT (-73.96848 40.69314),Citibank N. A.,430 Myrtle Avenue,Brooklyn,11205,Kings
POINT (-73.98585 43.69866),"Community Bank, N.A.",244 Main Street,North Creek,12853,Warren
POINT (-74.00183 44.29616),Champlain National Bank,2040 Saranac Avenue,Lake Placid,12946,Essex
POINT (-73.64366 42.74245),Cohoes City Employees Federal Credit Union,716 Hoosick Road,Troy,12180,Rensselaer
POINT (-72.79795 40.80047),"Capital One, N.A.",500 Main Street,Center Moriches,11934,Suffolk
POINT (-78.97637 42.16191),"Community Bank, N.A.",122 Main Street,Randolph,14772,Cattaraugus
POINT (-73.98243 40.76224),Citibank N. A.,787 Seventh Avenue,New York,10019,New York
POINT (-73.81025 40.98651),Country Bank,80 Garth Road,Scarsdale,10583,Westchester
POINT (-74.52758 42.1565),"Community Bank, N.A.",1084 Main Street,Fleischmanns,12430,Ulster
POINT (-73.69179 40.75373),Citibank N. A.,1524 Union Turnpike,New Hyde Park,11040,Nassau
POINT (-73.95334 40.72824),Dime Community Bank,814 Manhattan Avenue,Brooklyn,11222,Kings
POINT (-73.81224 42.71749),Citizens Bank,96 Wolf Road,Albany,12205,Albany
POINT (-73.96437 40.76455),Citibank N. A.,1078 Third Avenue,New York,10021,New York
POINT (-73.9892 40.74265),Citibank N. A.,1107 Broadway,New York,10010,New York
POINT (-73.77925 41.12635),Citibank N. A.,1022 Broadway,Mount Pleasant,10594,Westchester
POINT (-73.78328 41.27519),Citibank N. A.,360 Downing Drive,Yorktown,10598,Westchester
POINT (-73.88271 40.81183),Citibank N. A.,550 Hunts Point Avenue,Bronx,10474,Bronx
POINT (-73.97382 40.75753),"Capital One, N.A.",320 Park Avenue,New York,10022,New York
POINT (-73.59929 40.71589),"Commerce Bank, N.A.",200 Hofstra University,Hempstead,11549,Nassau
POINT (-73.77559 42.70706),Citizens Bank,265 Osborne Road,Loudonville,12211,Albany
POINT (-73.78172 40.91094),Citibank N. A.,238 North Ave,New Rochelle,10801,Westchester
POINT (-76.1234 43.15524),Citizens Bank,7941 Brewerton Road,Cicero,13039,Onondaga
POINT (-73.67481 40.75171),"Capital One, N.A.",2055 Hillside Avenue,New Hyde Park,11040,Nassau
POINT (-73.9048 40.90657),Citibank N. A.,5671 Riverdale Avenue,Bronx,10471,Bronx
POINT (-77.94956 43.1989),ESL Federal Credit Union,6670 Fourth Section Road,Brockport,14420,Monroe
POINT (-73.95453 40.61032),Dime Community Bank,1902 Kings Highway,Brooklyn,11229,Kings
POINT (-78.45807 42.33669),Cattaraugus County Bank,7 South Main Street,Franklinville,14737,Cattaraugus
POINT (-76.42137 42.71092),"Community Bank, N.A.",105 Main Street,Moravia,13118,Tompkins
POINT (-74.00179 40.74076),Citibank N. A.,111 Eighth Avenue,New York,10011,New York
POINT (-73.57186 40.65592),Citibank N. A.,248 Sunrise Highway,Freeport,11520,Nassau
POINT (-73.81957 40.99537),Citibank N. A.,845 Central Park,Scarsdale,10583,Westchester
POINT (-74 40.71902),Cathay Bank,129 Lafayette Street,New York,10013,New York
POINT (-73.42794 44.98305),Dannemora Federal Credit Union,10 Elm Street,Champlain,12919,Clinton
POINT (-73.44458 40.6777),"Capital One, N.A.",5100 Sunrise Highway,Massapequa Park,11762,Nassau
POINT (-77.0598 42.65264),"Community Bank, N.A.",272 Lake Street,Penn Yan,14527,Yates
POINT (-77.24611 42.87565),"Community Bank, N.A.",3150 County Road 10,Canandaigua,14424,Ontario
POINT (-73.47574 40.66803),Citibank N. A.,10 Hicksville Road,Massapequa,11758,Nassau
POINT (-77.73648 42.9108),ESL Federal Credit Union,238 East Main Street,Avon,14414,Livingston
,Delta Employees Credit Union,JFK Terminal 3,Jamaica,11430,Queens
POINT (-74.02784 40.63134),Citibank N. A.,7501 3rd Avenue,Brooklyn,11209,Kings
POINT (-73.85376 40.85308),"Capital One, N.A.",1941 Williamsbridge Road,Bronx,10461,Bronx
POINT (-74.0097 40.71014),"Capital One, N.A.",176 Broadway,New York,10038,New York
POINT (-73.4167 40.78453),"Capital One, N.A.",265 Broadhollow Road,Melville,11747,Suffolk
,"Community Bank, N.A.",2297 Sanarac Avenue,Lake Placid,12946,Essex
POINT (-73.93682 40.59927),Dime Community Bank,2172 Coyle Street,Brooklyn,11229,Kings
POINT (-76.02547 43.07996),Core Federal Credit Union,7200 Kirkville Road,East Syracuse,13057,Onondaga
POINT (-78.73606 42.91901),Citizens Bank,2040 George Urban Boulevard,Depew,14043,Erie
POINT (-73.68416 40.69279),"Capital One, N.A.",550 Franklin Avenue,Franklin Square,11010,Nassau
POINT (-73.96189 40.77665),Citibank N. A.,1042 Madison Avenue,New York,10075,New York
POINT (-76.14276 42.98423),Empire Federal Credit Union,5933 South Salina Street,Syracuse,13205,Onondaga
POINT (-73.92648 40.74391),Citibank N. A.,38-18 Queens Boulevard,Long Island City,11101,Queens
POINT (-73.85007 40.57908),Cross County Federal Savings Bank,455 Beach 129th Street,Belle Harbor,11694,Queens
POINT (-73.7689 40.76033),"Capital One, N.A.",214-01 Northern Boulevard,Bayside,11361,Queens
POINT (-73.85635 42.63782),Citizens Bank,1375 New Scotland Road,Slingerland,12159,Albany
POINT (-73.96853 40.76754),Citibank N. A.,757 Madison Avenue,New York,10021,New York
POINT (-77.68996 43.2068),ESL Federal Credit Union,271 Greece Ridge Center Drive,Rochester,14626,Monroe
POINT (-78.69615 43.14217),Citizens Bank,5793 South Transit Road,Lockport,14094,Niagara
POINT (-73.78414 42.86216),Chemung Canal Trust Company,7 Southside Drive,Clifton Park,12065,Albany
POINT (-77.69785 43.18813),ESL Federal Credit Union,2480 Ridgeway Avenue,Rochester,14626,Monroe
POINT (-76.79666 42.91033),Chemung Canal Trust Company,54 Fall Street,Seneca Falls,13148,Seneca
POINT (-79.03792 43.17194),Cornerstone Community FCU,721 Center Street,Lewiston,14092,Niagara
POINT (-75.60913 43.97832),Carthage FS & LA,313 State Street,Carthage,13619,Jefferson
POINT (-77.44109 43.06954),Citizens Bank,6720 Pittsford-Palmyra Road,Fairport,14450,Monroe
POINT (-73.72321 40.62263),Citibank N. A.,530 Central Avenue,Cedarhurst,11516,Nassau
POINT (-77.88467 43.10144),ESL Federal Credit Union,45 South Main Street,Churchville,14428,Monroe
,Citibank N. A.,"JFK International Airport, Building 50",Jamaica,11434,Queens
POINT (-74.98687 44.67177),"Community Bank, N.A.",64-70 Market Street,Potsdam,13676,St. Lawrence
POINT (-74.15313 40.62019),Citibank N. A.,1141 Richmond Avenue,Staten Island,10302,Richmond
POINT (-73.98563 40.73988),Citibank N. A.,115 East 23rd Street,New York,10010,New York
POINT (-73.58765 40.76125),"Capital One, N.A.",341 Post Avenue,Westbury,11590,Nassau
POINT (-76.87957 42.15411),"Community Bank, N.A.",830 County Route 64,Elmira,14903,Chemung
POINT (-73.75985 42.65548),Citizens Bank,111 Washington Avenue,Albany,12207,Albany
POINT (-75.64201 43.07989),"Community Bank, N.A.",585 Main Street,Oneida,13421,Madison
POINT (-77.7913 42.79616),"Community Bank, N.A.",4218 Lakeville Road,Geneseo,14454,Livingston
POINT (-78.16788 42.06567),"Community Bank, N.A.",380 Main Street,Bolivar,14715,Allegany
POINT (-74.07633 40.62788),Citibank N. A.,577 Bay Street,Staten Island,10304,Richmond
POINT (-74.1431 40.55401),"Capital One, N.A.",150S Greaves Lane,Staten Island,10308,Richmond
POINT (-73.9907 40.7348),Citibank N. A.,52 East 14th Street,New York,10003,New York
POINT (-73.80501 40.67466),Citibank N. A.,133-07 Rockaway Boulevard,South Ozone Park,11420,Queens
POINT (-76.15227 43.04604),Empire Federal Credit Union,441 S. Salina St.,Syracuse,13202,Onondaga
POINT (-76.56791 42.9309),Chemung Canal Trust Company,120 Genesee Street,Auburn,13021,Cayuga
POINT (-73.9928 40.73713),Citibank N. A.,79 Fifth Avenue,New York,10003,New York
POINT (-75.48596 43.77851),"Community Bank, N.A.",7395 Turin Road,Lowville,13367,Lewis
POINT (-73.72886 40.78793),Citibank N. A.,51 Middle Neck Road,Great Neck,11022,Nassau
POINT (-75.62155 43.96877),"Community Bank, N.A.",84 Bridge Street,West Carthage,13619,Jefferson
POINT (-73.304 40.84224),Citibank N. A.,6105 Jericho Turnpike,Commack,11725,Suffolk
POINT (-74.07036 41.5224),Citizens Bank,1416  Union Avenue,Newburgh,12550,Orange
POINT (-73.10643 40.80863),"Capital One, N.A.",90 Railroad Avenue,Ronkonkoma,11779,Suffolk
POINT (-73.99544 40.63181),Citibank N. A.,5420 13th Avenue,Brooklyn,11219,Kings
POINT (-73.99579 40.7167),East West Bank,77 Bowery,New York,10002,New York
POINT (-73.64879 42.47577),Citizens Bank,406 Route 32,Vails Gate,12584,Orange
POINT (-74.96391 42.43777),"Delaware National Bank of Delhi, The",2503 Prosser Hollow Road,West Davenport,13860,Delaware
POINT (-78.47603 43.21248),Cornerstone Community FCU,5 State Street,Middleport,14105,Niagara
POINT (-73.90166 40.71642),Cross County Federal Savings Bank,60-20 Fresh Pond Road,Maspeth,11378,Queens
POINT (-73.95865 40.65019),Citibank N. A.,885 Flatbush Avenue,Brooklyn,11226,Kings
POINT (-77.32097 43.12331),ESL Federal Credit Union,3270 Canandaigua Road,Macedon,14502,Wayne
POINT (-73.42244 43.95056),Champlain National Bank,2687 Main Street,Crown Point,12928,Essex
POINT (-78.69532 43.11439),Cornerstone Community FCU,6485 South Transit Road,Lockport,14094,Niagara
POINT (-74.93713 42.68711),"Community Bank, N.A.",5378 State Highway 28,Cooperstown,13326,Otsego
POINT (-74.01157 40.70426),Citibank N. A.,80 Broad Street,New York,10004,New York
POINT (-76.82285 42.67603),"Community Bank, N.A.",7193 Main Street,Ovid,14521,Seneca
POINT (-77.13652 42.96147),"Community Bank, N.A.",26 East Main Street,Clifton Springs,14432,Ontario
POINT (-73.50848 40.69492),Citizens Bank,1164 Wantagh Avenue,Wantagh,11793,Nassau
POINT (-73.98004 40.75314),Emigrant Savings Bank - Manhattan,5 East 42nd Street,New York,10017,New York
POINT (-73.89823 40.86256),Citibank N. A.,2481 Creston Avenue,Bronx,10468,Bronx
POINT (-73.95612 40.77972),Citibank N. A.,123 East 86th Street,New York,10028,New York
POINT (-73.95897 40.61813),Dime Community Bank,1600 Avenue M,Brooklyn,11230,Kings
POINT (-75.20448 44.86545),"Community Bank, N.A.",1 Main Street,Waddington,13694,St. Lawrence
POINT (-73.77295 41.15774),Citibank N. A.,78-82 South Greenley Avenue,Chappaqua,10514,Westchester
POINT (-74.99039 43.02783),Citizens Bank,324 Prospect Street,Herkimer,13350,Herkimer
POINT (-77.43902 43.02596),Citizens Bank,5 Eastview Mall Drive,Victor,14564,Monroe
POINT (-74.00612 40.63878),Cathay Bank,5402 8th Avenue,Brooklyn,11220,Kings
POINT (-73.3278 40.75891),"Capital One, N.A.",1831 Deer Park Avenue,Deer Park,11729,Suffolk
POINT (-73.87186 40.68376),"Capital One, N.A.",3345 Fulton Street,Brooklyn,11208,Kings
POINT (-73.8363 40.92466),"Capital One, N.A.",510 Gramatan Avenue,Mount Vernon,10552,Westchester
POINT (-77.4028 42.61486),"Community Bank, N.A.",109 South Main Street,Naples,14512,Ontario
,Compass Federal Credit Union,Lake Road North,Oswego,13126,Oswego
POINT (-78.84439 42.73834),Citizens Bank,5469 Camp Road,Hamburg,14075,Erie
POINT (-74.40168 41.4545),Citizens Bank,253 Route 211 East,Middletown,10940,Orange
POINT (-76.8014 42.0883),"Elmira Savings Bank, FSB",333 East Water Street,Elmira,14901,Chemung
POINT (-73.51015 40.72667),Citibank N. A.,3375 Hempstead Turnpike,Levittown,11756,Nassau
POINT (-77.22401 43.06363),"Community Bank, N.A.",525 East Main Street,Palmyra,14522,Wayne
POINT (-73.59775 42.36204),"Community Bank, N.A.",5 Depot Square,Chatham,12037,Columbia
POINT (-76.85768 42.16194),Corning Federal Credit Union,101 John Roemmelt Drive,Horseheads,14845,Chemung
POINT (-77.60695 43.06973),ESL Federal Credit Union,2550 East Henrietta Road,Rochester,14623,Monroe
POINT (-73.9884 40.72339),Citibank N. A.,1510-12 First Avenue,New York,10021,New York
POINT (-73.81847 40.89123),Citibank N. A.,895 Pelham Parkway,Pelham Manor,10803,Westchester
POINT (-73.9489 40.80922),Citibank N. A.,201 West 125th Street,New York,10027,New York
POINT (-73.56962 40.70527),Citibank N. A.,670 Merrick Avenue,East Meadow,11554,Nassau
POINT (-73.91404 40.76506),Citizens Bank,28-22 Steinway Street,Astoria,11103,Queens
POINT (-74.02148 40.63227),"Capital One, N.A.",7110 5th Avenue,Brooklyn,11209,Kings
POINT (-76.82207 42.08607),Chemung Canal Trust Company,628 West Church Street,Elmira,14905,Chemung
POINT (-73.90236 40.6455),"Capital One, N.A.",1425 Rockaway Parkway,Brooklyn,11236,Kings
,"Community Bank, N.A.",Hartwick College,Oneonta,13820,Otsego
POINT (-73.70251 40.72399),"Capital One, N.A.",170 Tulip Avenue,Floral Park,11001,Nassau
POINT (-77.51423 43.09049),ESL Federal Credit Union,11 State Street,Pittsford,14534,Monroe
POINT (-73.75926 40.93238),Citibank N. A.,1920 Palmer Avenue,Larchmont,10538,Westchester
POINT (-73.99661 40.57534),Citibank N. A.,3002 Mermaid Avenue,Brooklyn,11224,Kings
POINT (-75.93848 43.97689),"Community Bank, N.A.",1125 Arsenal Street,Watertown,13601,Jefferson
POINT (-74.00017 40.72136),Citibank N. A.,476 Broadway,New York,10013,New York
POINT (-75.54246 42.82419),"Community Bank, N.A.",35 Broad Street,Hamilton,13346,Madison
POINT (-75.31876 43.47713),"Community Bank, N.A.",13187 State Route 12,Boonville,13309,Oneida
POINT (-73.92915 40.652),"Capital One, N.A.",5102 Church Avenue,Brooklyn,11203,Kings
POINT (-73.99869 40.71376),Citibank N. A.,2 Mott Street,New York,10013,New York
POINT (-73.97593 40.67374),Citibank N. A.,114 Seventh Avenue,Brooklyn,11215,Kings
,"Community Bank, N.A.",Hewitt Student Union SUNY Oswego,Oswego,13126,Oswego
POINT (-75.41796 43.22265),"Community Bank, N.A.",160 Brooks Road,Rome,13441,Oneida
POINT (-77.60518 43.15846),Citizens Bank,40 Franklin Street,Rochester,14604,Monroe
POINT (-73.98385 40.77557),Citibank N. A.,162 Amsterdam Avenue,New York,10023,New York
POINT (-78.79828 42.24971),Cattaraugus County Bank,120 Main Street,Little Valley,14755,Cattaraugus
POINT (-73.8515 40.85047),Citibank N. A.,1800 Williamsbridge Road,Bronx,10461,Bronx
POINT (-73.95473 40.59901),"Capital One, N.A.",1620 Avenue U,Brooklyn,11229,Kings
POINT (-77.74581 43.10732),ESL Federal Credit Union,3169 Chili Avenue,Rochester,14624,Monroe
POINT (-74.00857 40.72024),Citibank N. A.,127 Hudson Street,New York,10013,New York
POINT (-79.23816 42.0925),"Community Bank, N.A.",25 South Main Street,Jamestown,14701,Chautauqua
POINT (-73.64011 40.63477),"Capital One, N.A.",3151 Long Beach Road,Oceanside,11572,Nassau
POINT (-73.83043 40.97952),Citizens Bank,2371 Central Park Avenue,Yonkers,10710,Westchester
POINT (-73.73627 40.58935),"Capital One, N.A.",2025 Park Street,Atlantic Beach,11509,Nassau
POINT (-75.36348 43.61974),"Community Bank, N.A.",4116 Center Street,Lyons Falls,13368,Lewis
POINT (-77.69722 43.24846),ESL Federal Credit Union,745 Long Pond Road,Rochester,14612,Monroe
POINT (-73.83213 40.84666),Citibank N. A.,1766 Crosby Avenue,Bronx,10461,Bronx
POINT (-77.04699 42.95451),"Community Bank, N.A.",1334 Route 96,Phelps,14532,Ontario
POINT (-73.95675 40.66604),Citibank N. A.,1650 Bedford Avenue,Brooklyn,11225,Kings
POINT (-77.54162 43.10398),Citizens Bank,3349 Monroe Avenue,Rochester,14618,Monroe
POINT (-74.02607 40.6214),Citibank N. A.,502-512 86th Street,Brooklyn,11209,Kings
POINT (-77.60257 42.94954),ESL Federal Credit Union,145 West Main Street,Honeoye Falls,14472,Monroe
POINT (-74.26783 42.0088),"Community Bank, N.A.",4141 State Highway 28,Boiceville,12412,Ulster
POINT (-73.82388 40.77575),Citibank N. A.,25-47 Parsons Boulevard,Flushing,11354,Queens
POINT (-76.26157 42.10399),Chemung Canal Trust Company,203 Main Street,Owego,13827,Tioga
POINT (-73.45793 40.72325),"Capital One, N.A.",195 Merritts Road,South Farmingdale,11735,Nassau
POINT (-73.72637 40.95231),Citibank N. A.,711 East Boston Post Road,Mamaroneck,10543,Westchester
POINT (-73.83304 40.93974),Citibank N. A.,95 Pondfield Road,Bronxville,10708,Westchester
POINT (-73.76636 42.8614),Catskill Hudson Bank,1685 State Route 9,Halfmoon,12065,Saratoga
POINT (-73.82005 40.72349),"Capital One, N.A.",75-21 Main Street,Kew Gardens Hills,11367,Queens
POINT (-75.13268 44.74815),"Community Bank, N.A.",3748 County Route 14,Madrid,13660,St. Lawrence
POINT (-76.23429 42.09793),Chemung Canal Trust Company,1054 Route 17C,Owego,13827,Tioga
POINT (-73.97919 40.75816),Citibank N. A.,1 Rockefeller Plaza,New York,10020,New York
POINT (-73.90306 40.88063),Citibank N. A.,5660 Broadway,Bronx,10463,Bronx
POINT (-73.41421 40.77698),"Commerce Bank, N.A.",45 Melville Park Road,Melville,11747,Suffolk
,"Community Bank, N.A.",Hamilton Street,Geneva,14456,Ontario
POINT (-73.97675 40.75627),Citibank N. A.,400 Madison Avenue,New York,10017,New York
POINT (-73.9581 40.60883),Citibank N. A.,1501 Kings Highway,Brooklyn,11229,Kings
POINT (-74.29844 44.84865),"Community Bank, N.A.",320 West Main Street,Malone,12953,Franklin
POINT (-73.98303 40.75632),City National Bank,1140 Sixth Avenue,New York,10063,New York
POINT (-72.1866 40.96416),"Capital One, N.A.",40 Newtown Lane,East Hampton,11937,Suffolk
POINT (-74.97169 43.71137),"Community Bank, N.A.",3102 State Route 28,Old Forge,13420,Herkimer
POINT (-75.29318 43.11857),Citizens Bank,89 Oriskany Boulevard,Whitesboro,13492,Oneida
POINT (-74.3653 41.46521),Catskill Hudson Bank,643 Route 211 East,Middletown,10941,Orange
POINT (-76.86895 42.15558),"Elmira Savings Bank, FSB",971 Country Road 64,Elmira,14903,Chemung
POINT (-73.72983 40.79005),"Capital One, N.A.",121 Middle Neck Road,Great Neck,11021,Nassau
POINT (-73.24474 40.73825),"Capital One, N.A.",1701 Sunrise Highway,Bay Shore,11706,Suffolk
POINT (-73.98207 40.76511),Citibank N. A.,1748 Broadway,New York,10019,New York
POINT (-73.71713 40.74434),Dime Community Bank,253-15 Union Turnpike,Glen Oaks,11004,Queens
POINT (-73.99087 40.7511),Citibank N. A.,201 West 34th Street,New York,10001,New York
POINT (-73.82797 40.68571),"Capital One, N.A.",114-19 Liberty Avenue,Richmond Hill,11419,Queens
POINT (-74.00249 40.71982),Citibank N. A.,309 Canal Street,New York,10013,New York
POINT (-76.9359 42.14066),Corning Federal Credit Union,84 Canal Street,Big Flats,14814,Chemung
POINT (-73.91113 40.88587),Country Bank,583 West 235th Street,Bronx,10463,Bronx
POINT (-73.92355 40.74357),"Capital One, N.A.",40-20 Queens Boulvard,Sunnyside,11104,Queens
POINT (-73.98037 40.72158),"Capital One, N.A.",273 East 3rd Street,New York,10009,New York
POINT (-74.99299 42.07791),"Community Bank, N.A.",15299 State Highway 30,Downsville,13755,Delaware
POINT (-74.39379 41.71692),Catskill Hudson Bank,103 Canal Street,Ellenville,12428,Ulster
POINT (-73.26625 40.84593),Citizens Bank,1174 Jericho Turnpike,Commack,11725,Suffolk
POINT (-73.9805 40.67628),Dime Community Bank,208 5th Ave,Brooklyn,11215,Kings
POINT (-73.96976 40.76316),"Capital One, N.A.",502 Park Avenue,New York,10022,New York
POINT (-76.82178 42.15598),"Elmira Savings Bank, FSB",2149 Grand Central Avenue,Horseheads,14845,Chemung
POINT (-78.69612 43.02704),Citizens Bank,6545 Transit Road,East Amherst,14051,Erie
POINT (-77.07457 42.15246),"Community Bank, N.A.",331 West Pulteney Street,North Corning,14830,Steuben
POINT (-73.86479 40.67899),Citibank N. A.,1200 Liberty Avenue,Brooklyn,11208,Kings
POINT (-77.56326 43.12579),Citizens Bank,2000 Monroe Avenue,Rochester,14618,Monroe
POINT (-73.70194 40.75227),Citibank N. A.,272-06 Union Turnpike,New Hyde Park,11040,Nassau
POINT (-73.9353 40.79618),Citibank N. A.,2261 First Avenue,New York,10035,New York
POINT (-78.94094 42.59614),"Community Bank, N.A.",10490 Main Street,North Collins,14111,Erie
POINT (-78.7887 42.83148),Citizens Bank,101 Slade Avenue,West Seneca,14224,Erie
,Citizens Bank,Route 9,Queensbury,12801,Warren
POINT (-78.93748 42.46227),"Community Bank, N.A.",76 West Main Street,Gowanda,14070,Cattaraugus
POINT (-73.72975 41.20648),Citibank N. A.,66 South Moger Avenue,Mount Kisco,10549,Westchester
POINT (-73.86435 40.73066),Citibank N. A.,"95-12 63rd Road, Queens Boulevard",Rego Park,11374,Queens
POINT (-73.88166 40.64765),Citibank N. A.,1388 Pennsylvania Avenue,Brooklyn,11208,Kings
POINT (-74.6656 42.37736),"Delaware National Bank of Delhi, The",1058 Main Street,Hobart,13788,Delaware
POINT (-73.96191 40.80565),"Commerce Bank, N.A.",1111 Amsterdam Avenue,New York,10025,New York
POINT (-73.98114 40.66741),Citizens Bank,314 7th Avenue,Brooklyn,11215,Queens
POINT (-73.99363 40.6018),Citibank N. A.,2201 86th Street,Brooklyn,11214,Kings
POINT (-73.9754 40.68337),Carver Federal Savings Bank,625 Atlantic Avenue,Brooklyn,11216,Kings
POINT (-77.43962 43.03075),ESL Federal Credit Union,200 Cobblestone Court Drive,Victor,14564,Ontario
POINT (-73.41123 40.81942),Citibank N. A.,300 Walt Whitman Center,Huntington Station,11746,Suffolk
POINT (-75.74355 43.32747),"Community Bank, N.A.",41 Harden Boulevard,Camden,13316,Oneida
POINT (-73.96046 40.76592),"Capital One, N.A.",1295 Second Avenue,New York,10023,New York
,"Community Bank, N.A.",Thomson Mall,Alexandria Bay,13607,Jefferson
POINT (-73.97616 40.74015),Citibank N. A.,481 First Avenue,New York,10016,New York
POINT (-73.52737 40.66917),Citibank N. A.,2160 Bedford Avenue,Bellmore,11710,Nassau
POINT (-73.19027 40.85581),"Capital One, N.A.",82 East Main Street,Smithtown,11787,Suffolk
POINT (-73.77032 41.05162),"Capital One, N.A.",530 North Broadway,White Plains,10603,Westchester
POINT (-77.94409 43.19783),Citizens Bank,4871 Lake Road,Brockport,14420,Monroe
POINT (-73.70127 40.63808),"Capital One, N.A.",1295 Broadway,Hewlett,11557,Nassau
,"Community Bank, N.A.",Morrisville State College,Morrisville,13408,Madison
POINT (-76.1273 43.136),Core Federal Credit Union,651 Centerville Place,North Syracuse,13212,Onondaga
POINT (-73.82561 40.87967),"Capital One, N.A.",725 Co-Op City Boulevard,Bronx,10475,Bronx
,Citibank N. A.,JFK Airport North Service Road,Jamaica,11430,Queens
POINT (-73.83711 40.85196),"Commerce Bank, N.A.",1200 Waters Place,Bronx,10461,Bronx
POINT (-73.24585 40.72296),Citibank N. A.,77 East Main Street,Bay Shore,11706,Suffolk
POINT (-73.63846 43.31746),Citizens Bank,49 Dix Avenue,Queensbury,12801,Warren
POINT (-78.42994 42.07967),"Community Bank, N.A.",201 North Union Street,Olean,14760,Cattaraugus
POINT (-74.00743 40.70856),Citibank N. A.,100 William Street,New York,10038,New York
POINT (-77.92014 43.29726),ESL Federal Credit Union,1658 Lake Road,Hamlin,14464,Monroe
POINT (-73.58736 40.65293),Citibank N. A.,181 West Merrick Road,Freeport,11520,Nassau
POINT (-76.46521 43.32664),Empire Federal Credit Union,433 County Rt. 3,Fulton,13069,Oswego
POINT (-73.89229 40.9395),"Commerce Bank, N.A.",2 Park Avenue,Yonkers,10703,Westchester
POINT (-76.93634 42.14122),Chemung Canal Trust Company,437 Maple Street,Big Flats,14814,Chemung
POINT (-73.09871 40.78278),Citibank N. A.,4175 Veterans Memorial Highway,Ronkonkoma,11779,Suffolk
POINT (-73.44697 40.73238),"Capital One, N.A.",312 Conklin Street,Farmingdale,11735,Nassau
POINT (-73.6477 40.77044),Citibank N. A.,1000 Willis Avenue,Albertson,11507,Nassau
POINT (-73.98808 40.69173),"Capital One, N.A.",356 Fulton Street,Brooklyn,11201,Kings
POINT (-73.99139 40.69401),Dime Community Bank,188 Montague Street,Brooklyn,11201,Queens
POINT (-73.98724 40.75312),"Capital One, N.A.",1407 Broadway,New York,10018,New York
POINT (-73.65712 40.80091),Citibank N. A.,1075 Old Northern Boulevard,Roslyn,11576,Nassau
POINT (-77.56507 43.18348),Citizens Bank,230 WARING ROAD,ROCHESTER,14609,Monroe
POINT (-78.42882 42.0842),"Community Bank, N.A.",500 Delaware Avenue,Olean,14760,Cattaraugus
POINT (-73.96926 40.75388),Country Bank,902 Second Avenue,New York,10017,New York
POINT (-73.97446 40.78339),Citibank N. A.,441 Columbus Avenue,New York,10024,New York
POINT (-73.99886 40.7172),East West Bank,208 Canal Street,New York,10013,New York
POINT (-73.61753 40.74833),"Capital One, N.A.",225 Glen Cove Road,Carle Place,11514,Nassau
POINT (-77.49357 43.13235),Citizens Bank,715 Panorama Trail,Rochester,14625,Monroe
POINT (-77.1068 42.15156),"Community Bank, N.A.",240 South Hamilton Street,Painted Post,14870,Steuben
POINT (-73.7963 40.70611),Citibank N. A.,89-50 164th Street,Jamaica,11432,Queens
POINT (-74.02842 41.50153),Citizens Bank,456 Broadway,Newburgh,12550,Orange
POINT (-77.2386 42.87238),ESL Federal Credit Union,4175 Recreation Drive,Canandaigua,14424,Ontario
POINT (-76.70275 42.75502),Cayuga Lake National Bank,397 Main Street,Aurora,13026,Cayuga
POINT (-73.5538 40.74751),"Capital One, N.A.",2530 Stewart Avenue,Westbury,11590,Nassau
POINT (-76.22698 43.04875),Empire Federal Credit Union,"3328 W. Genesee Street, Suite U.",Syracuse,13219,Onondaga
POINT (-73.46512 40.77575),Citibank N. A.,1125 Old Country Road,Plainview,11803,Nassau
POINT (-73.97101 40.75548),Citibank N. A.,800 Third Avenue,New York,10022,New York
POINT (-77.3184 42.33374),"Community Bank, N.A.",8 Liberty Street,Bath,14810,Steuben
POINT (-73.9869 40.72968),"Capital One, N.A.",159 Second Avenue,New York,10003,New York
POINT (-73.77785 40.68977),Carver Federal Savings Bank,115-02 Merrick Boulevard,Jamaica,11434,Queens
POINT (-73.8639 40.7309),"Capital One, N.A.",95-25 Queens Boulevard,Rego Park,11374,Queens
POINT (-73.97166 40.69319),Carver Federal Savings Bank,362 Myrtle Avenue,Brooklyn,11205,New York
POINT (-73.6346 40.74024),Citibank N. A.,114 Old Country Road,Mineola,11501,Nassau
POINT (-75.65141 43.09419),"Community Bank, N.A.",182 Main Street,Oneida,13421,Madison
POINT (-77.60357 43.15255),ESL Federal Credit Union,225 Chestnut Street,Rochester,14604,Monroe
POINT (-75.05599 41.61207),Catskill Hudson Bank,120 Kirk Road,Narrowsburg,12764,Sullivan
POINT (-73.9772 40.75372),Citibank N. A.,200 Park Avenue,New York,10166,New York
POINT (-73.54377 40.70711),Citibank N. A.,651 Newbridge Road,East Meadow,11554,Nassau
POINT (-73.20679 40.82127),Citibank N. A.,730 Veterans Memorial Highway,Hauppauge,11788,Suffolk
POINT (-73.94456 40.82431),"Capital One, N.A.",700 Saint Nicholas Avenue,New York,10031,New York
POINT (-73.94279 40.61833),"Commerce Bank, N.A.",3201 Kings Highway,Brooklyn,11234,Kings
POINT (-74.08749 40.59194),Citibank N. A.,1492 Hylan Boulevard,Staten Island,10305,Richmond
POINT (-73.94248 40.82308),Carver Federal Savings Bank,300 West 145th Street,New York,10039,New York
POINT (-73.87553 40.73552),Citibank N. A.,87-11 Queens Boulevard,Elmhurst,11373,Queens
POINT (-73.68367 40.97997),Citibank N. A.,1040 Boston Post Road,Rye,10580,Westchester
POINT (-73.57406 40.75038),Dime Community Bank,622 Old Country Road,Westbury,11590,Nassau
POINT (-75.99617 42.09607),Citizens Bank,3212 Vestal Parkway,Vestal,13850,Broome
POINT (-78.87871 43.02019),Citizens Bank,20 Main Street,Tonawanda,14150,Erie
POINT (-75.12952 42.168),"Community Bank, N.A.",124 Delaware Street,Walton,13856,Delaware
POINT (-76.47861 42.46888),Chemung Canal Trust Company,909 Hanshaw Road,Ithaca,14850,Tompkins
POINT (-73.75814 40.74056),"Capital One, N.A.",73-16 Bell Boulevard,Bayside,11364,Queens
POINT (-73.86126 41.16308),Emigrant Savings Bank-Bronx/Westchester,13 Croton Avenue,Ossining,10562,Westchester
POINT (-73.79198 40.72578),Dime Community Bank,176-47 Union Turnpike,Flushing,11366,Queens
POINT (-73.18017 40.80573),Citibank N. A.,1727 Veterans Memorial Highway,Islandia,11749,Nassau
POINT (-78.96984 43.09009),Citizens Bank,8298 Niagara Falls Boulevard,Niagara Falls,14304,Niagara
POINT (-73.96795 41.50419),Citizens Bank,364 Main Street,Beacon,12508,Dutchess
POINT (-73.39592 44.36992),Champlain National Bank,3900 State Route 22,Willsboro,12996,Essex
POINT (-73.05471 40.91758),Citibank N. A.,4800 Nesconset Highway,Port Jefferson Station,11776,Suffolk
POINT (-73.79184 40.76878),"Capital One, N.A.",32-02 Francis Lewis Boulevard,Flushing,11358,Queens
POINT (-78.87759 42.9493),Citizens Bank,1893 Elmwood Avenue,Buffalo,14207,Erie
POINT (-73.96451 40.80658),Citibank N. A.,545 West 114th Street,New York,10027,New York
POINT (-73.66264 40.74154),Citibank N. A.,2301 Jericho Turnpike,Garden City Park,11040,Nassau
POINT (-78.71496 42.15847),"Community Bank, N.A.",103 Main Street,Salamanca,14779,Cattaraugus
POINT (-73.60194 40.73418),"Capital One, N.A.",877 Stewart Avenue,Garden City,11530,Nassau
POINT (-78.6676 42.50956),"Community Bank, N.A.",24 North Buffalo Street,Springville,14141,Erie
POINT (-73.94632 40.78102),Citibank N. A.,1781 First Avenue,New York,10128,New York
POINT (-73.31358 40.76071),Citibank N. A.,400 Commack Road,Deer Park,11729,Suffolk
POINT (-75.31544 44.14872),"Community Bank, N.A.",14216 State Street,Harrisville,13648,Lewis
POINT (-79.16646 42.54422),"Community Bank, N.A.",228 Central Avenue,Silver Creek,14136,Chautauqua
POINT (-73.43778 40.78168),Citibank N. A.,68 South Service Road,Melville,11747,Suffolk
POINT (-73.99621 40.6031),Citizens Bank,8601 21st Avenue,Brooklyn,11214,Kings
POINT (-73.98824 40.66684),"Capital One, N.A.",516 5th Avenue,Brooklyn,11215,Kings
POINT (-77.10614 42.15011),Corning Federal Credit Union,253 South Hamilton Street,Painted Post,14870,Steuben
POINT (-74.49436 44.98917),"Community Bank, N.A.",25 Water Street,Fort Covington,12937,Franklin
POINT (-73.90402 40.90791),"Capital One, N.A.",5977 Riverdale Avenue,Bronx,10471,Bronx
POINT (-74.11149 40.56851),Citizens Bank,2580 Hylan Boulevard,Staten Island,10306,Richmond
POINT (-74.02107 41.93597),Catskill Hudson Bank,157 Stockade Drive,Kingston,12401,Ulster
POINT (-76.5081 43.45732),"Community Bank, N.A.",100 East First Street,Oswego,13126,Oswego
POINT (-76.81817 42.16338),Chemung Canal Trust Company,602 South Main Street,Horseheads,14845,Chemung
POINT (-73.66031 40.79957),"Capital One, N.A.",1085 Northern Boulevard,Roslyn,11576,Nassau
POINT (-76.81833 42.05626),"Elmira Savings Bank, FSB",1136 Pennsylvania Avenue,Elmira,14904,Chemung
POINT (-75.16957 44.59787),"Community Bank, N.A.",45-49 Court Street,Canton,13617,St. Lawrence
POINT (-73.98697 40.71603),Citibank N. A.,411 Grand Street,New York,10002,New York
POINT (-78.87642 43.0251),Cornerstone Community FCU,107 Main Street,North Tonawanda,14120,Niagara
POINT (-73.96682 40.76122),Citibank N. A.,974 Third Avenue,New York,10022,New York
POINT (-73.98205 40.77168),Citibank N. A.,1900 Broadway,New York,10023,New York
POINT (-73.8494 42.68976),Citizens Bank,120 Washington Avenue Extension,Albany,12203,Albany
POINT (-76.33027 43.15887),Empire Federal Credit Union,31 E. Genesee Street,Baldwinsville,13027,Oswego
POINT (-73.88246 40.88165),Citibank N. A.,3454 Jerome Avenue,Bronx,10467,Bronx
POINT (-73.82507 41.7457),Citizens Bank,17 North Avenue,Pleasant Valley,12569,Dutchess
POINT (-73.72479 40.62091),"Capital One, N.A.",466 Central Avenue,Cedarhurst,11516,Nassau
POINT (-73.63639 40.73055),Citibank N. A.,1050 Franklin Avenue,Garden City,11530,Nassau
POINT (-79.6284 42.02083),"Community Bank, N.A.",8720 East Main Street,Clymer,14724,Chautauqua
POINT (-73.89238 42.69746),Citizens Bank,2080 Western Avenue,Guilderland,12084,Albany
POINT (-73.91988 40.81665),Citibank N. A.,349 East 149th Street,Bronx,10451,Bronx
POINT (-77.78621 43.28997),ESL Federal Credit Union,229 East Avenue,Hilton,14468,Monroe
POINT (-76.49541 42.43953),"Elmira Savings Bank, FSB",301 East State Street,Ithaca,14850,Tompkins
POINT (-73.95909 40.65186),Carver Federal Savings Bank,833 FLATBUSH AVENUE,BROOKLYN,11226,Kings
POINT (-74.26827 43.78252),"Community Bank, N.A.",6321 NYS Route 30,Indian Lake,12842,Hamilton
POINT (-73.42568 40.88034),Citibank N. A.,15 Southdown Road,Huntington,11743,Suffolk
POINT (-75.50848 42.53992),"Community Bank, N.A.",4837 State Highway 23,Norwich,13815,Chenango
POINT (-74.02143 40.64706),"Commerce Bank, N.A.",150 55th Street,Brooklyn,11220,Kings
POINT (-73.96652 40.76163),"Capital One, N.A.",991 Third Avenue,New York,10022,New York
POINT (-77.64678 43.25272),ESL Federal Credit Union,4440 Dewey Avenue,Rochester,14616,Monroe
POINT (-77.68667 43.13398),Citizens Bank,2042 Chili Avenue,Rochester,14624,Monroe
POINT (-78.74361 42.76525),"Community Bank, N.A.",5 Clark Street,Orchard Park,14127,Erie
POINT (-79.31487 42.45829),"Community Bank, N.A.",3909 Vineyard Drive,Dunkirk,14048,Chautauqua
POINT (-73.99837 40.75055),"Commerce Bank, N.A.",341 Ninth Avenue,New York,10001,New York
POINT (-73.95777 40.7654),Citibank N. A.,1266 First Avenue,New York,10021,New York
POINT (-73.99485 40.60254),"Capital One, N.A.",2150-54 86th Street,Brooklyn,11214,Kings
POINT (-77.46524 43.05158),Citibank N. A.,99 Garnsey Road,Pittsford,14534,Monroe
POINT (-73.98325 40.75026),"Capital One, N.A.",404 Fifth Avenue,New York,10022,New York
POINT (-73.98675 40.74544),Citizens Bank,267 Fifth Avenue,New York,10016,New York
POINT (-78.81583 42.98089),Citizens Bank,3180 Sheridan Drive,Amherst,14226,Erie
,Citizens Bank,Dutchess Mall Route 9,Fishkill,12524,Dutchess
POINT (-73.9737 40.76046),East West Bank,535 Madison Avenue,New York,10022,New York
POINT (-74.54828 41.84769),Catskill Hudson Bank,279 Main Street,Grahamsville,12740,Sullivan
POINT (-73.99289 40.6343),Dime Community Bank,5003 13th Avenue,Brooklyn,11219,Kings
POINT (-77.79046 42.25542),"Community Bank, N.A.",39 North Main Street,Alfred,14802,Allegany
POINT (-73.48124 40.74344),"Capital One, N.A.",570 Stewart Avenue,Bethpage,11714,Nassau
POINT (-73.77105 40.67311),Citibank N. A.,169-21 137th Avenue,Jamaica,11434,Queens
POINT (-73.98306 40.75051),Citibank N. A.,411 Fifth Avenue,New York,10016,New York
POINT (-73.98892 40.7309),"Commerce Bank, N.A.",47 Third Avenue,New York,10003,New York
POINT (-76.06959 43.05316),"Community Bank, N.A.",5821 Bridge Street,East Syracuse,13057,Onondaga
POINT (-73.9115 41.60886),Citizens Bank,453 Route 9,Poughkeepsie,12603,Dutchess
POINT (-76.50911 43.45227),Compass Federal Credit Union,300 West First Street,Oswego,13126,Oswego
POINT (-74.02689 40.63366),Citizens Bank,7123 3rd Avenue,Brooklyn,11209,Kings
POINT (-73.96353 40.62494),Citibank N. A.,1220 Avenue J,Brooklyn,11230,Kings
POINT (-73.6655 40.64145),"Capital One, N.A.",115 Main Street,East Rockaway,11518,Nassau
POINT (-76.3663 42.02184),"Community Bank, N.A.",41 East River Road,Nichols,13812,Tioga
POINT (-73.99264 40.7303),Citibank N. A.,749 Broadway,New York,10003,New York
POINT (-73.89657 40.70577),"Capital One, N.A.",67-09 Fresh Pond Road,Ridgewood,11385,Queens
POINT (-73.84467 40.72036),Citibank N. A.,107-01 71st Avenue,Forest Hills,11375,Queens
POINT (-74.10625 41.11267),Citibank N. A.,250 Route 59,Suffern,10901,Rockland
POINT (-73.71396 44.72515),Dannemora Federal Credit Union,50 State Road,Dannemora,12929,Clinton
POINT (-78.69018 42.50255),"Community Bank, N.A.",235 Cascade Drive,Springville,14141,Erie
POINT (-73.49372 44.69647),"Community Bank, N.A.",468 Route 3,Plattsburgh,12901,Clinton
POINT (-78.47222 42.07712),"Community Bank, N.A.",3140 West State Road,Allegany,14760,Cattaraugus
POINT (-77.74595 43.10757),Citizens Bank,800 Paul Road,Rochester,14624,Monroe
POINT (-77.4523 43.2096),ESL Federal Credit Union,1055 Ridge Road,Webster,14580,Monroe
POINT (-74.00703 41.04896),Citibank N. A.,1 Blue Hill Plaza,Pearl River,10965,Rockland
POINT (-73.39065 40.85677),Citibank N. A.,260 Pulaski Road,Greenlawn,11740,Suffolk
POINT (-73.97037 40.75923),"Capital One, N.A.",643 Lexington Avenue,New York,10022,New York
POINT (-73.9727 40.76472),Citibank N. A.,785 Fifth Avenue,New York,10022,New York
POINT (-73.97235 40.57979),"Capital One, N.A.",504 Neptune Avenue,Brooklyn,11224,Kings
POINT (-73.95838 40.77278),"Capital One, N.A.",1345 Third Avenue,New York,10075,New York
POINT (-73.89019 40.74912),Dime Community Bank,75-23 37th Avenue,Jackson Heights,11372,Queens
POINT (-75.94979 42.09831),"Community Bank, N.A.",23 Riverside Drive,Johnson City,13790,Broome
POINT (-76.4173 43.32466),"Community Bank, N.A.",1 South First Street,Fulton,13069,Oswego
POINT (-73.78692 44.25248),Champlain National Bank,10849 NYS Route 9N,Keene,12942,Essex
POINT (-74.00819 40.61101),Dime Community Bank,1545 86th Street,Brooklyn,11228,Kings
POINT (-73.45525 40.66647),Citibank N. A.,4881 Merrick Road,Massapequa Park,11762,Nassau
POINT (-77.11078 43.04587),Citizens Bank,711 Miller Street,Newark,14513,Wayne
POINT (-73.87521 41.6533),Citizens Bank,32 Vassar Road,Poughkeepsie,12603,Dutchess
POINT (-73.84934 40.7324),Citibank N. A.,64-20 108th Street,Forest Hills,11375,Queens
POINT (-75.65117 42.9004),Core Federal Credit Union,6 Cambridge Avenue,Morrisville,13408,Madison
POINT (-72.39234 40.88498),"Capital One, N.A.",46 Windmill Lane,Southampton,11968,Suffolk
POINT (-73.05032 40.74731),Citibank N. A.,835 Montauk Highway,Bayport,11705,Suffolk
POINT (-74.00655 40.70456),Citibank N. A.,111 Wall Street,New York,10005,New York
POINT (-77.65572 42.30511),Citizens & Northern Bank,6250 County Route 64,Hornell,14843,Steuben
POINT (-73.87505 40.71315),Citibank N. A.,78-09 Metropolitan,Middle Village,11379,New York
POINT (-75.492 44.69792),"Community Bank, N.A.",320 Ford Street,Ogdensburg,13669,St. Lawrence
POINT (-74.10078 40.57961),"Capital One, N.A.",2083 Hylan Boulevard,Staten Island,10306,Richmond
POINT (-73.66027 40.58894),Citibank N. A.,129 East Park Avenue,Long Beach,11561,Nassau
POINT (-73.91618 40.71354),Citibank N. A.,51-10 Metropolitan Avenue,Ridgewood,11385,Kings
POINT (-73.97702 40.6852),Carver Federal Savings Bank,4 Hanson Place,Brooklyn,11217,Kings
POINT (-75.90922 42.09928),Chemung Canal Trust Company,127 Court Street,Binghamton,13901,Broome
POINT (-73.88499 40.74752),Citibank N. A.,80-19 Roosevelt Avenue,Jackson Heights,11372,Queens
,Citibank N. A.,1 EAB Plaza,Uniondale,11555,Nassau
POINT (-77.50341 43.19188),Citizens Bank,1950 Empire Boulevard,Webster,14580,Monroe
POINT (-73.65129 40.59435),"Commerce Bank, N.A.",455 East Bay Drive,Long Beach,11561,Nassau
POINT (-73.79964 40.70253),Carver Federal Savings Bank,158-45 ARCHER AVENUE,JAMAICA,11433,Queens
POINT (-73.87329 40.71325),Cross County Federal Savings Bank,79-21 Metropolitan Avenue,Middle Village,11379,Queens
POINT (-75.02799 42.45722),"Community Bank, N.A.",2 FoxCare Drive,Oneonta,13820,Otsego
POINT (-77.0592 42.15052),Corning Federal Credit Union,One Credit Union Plaza,Corning,14830,Steuben
POINT (-73.68406 40.82824),Citibank N. A.,830 Port Washington Boulevard,Port Washington,11050,Nassau
POINT (-73.79323 40.71063),Citibank N. A.,168-48 Hillside Avenue,Jamaica,11432,Queens
POINT (-73.95321 40.728),"Capital One, N.A.",807 Manhattan Avenue,Brooklyn,11222,Kings
POINT (-73.7779 40.77851),"Capital One, N.A.",211-47 26th Avenue,Bayside,11360,Queens
POINT (-73.94379 40.74664),Citibank N. A.,1 Court Square,Long Island City,11101,Queens
POINT (-75.87255 42.16894),Citizens Bank,603 River Road,Chenango Bridge,13745,Broome
POINT (-73.74655 43.09695),Citizens Bank,95 Weible Avenue,Saratoga Springs,12866,Saratoga
POINT (-77.22273 42.40958),"Community Bank, N.A.",3 Park Place,Hammondsport,14840,Steuben
POINT (-73.08523 40.85839),"Capital One, N.A.",2100 Middle Country Road,Centereach,11720,Suffolk
POINT (-78.73549 42.15844),Cattaraugus County Bank,550 Broad Street,Salamanca,14779,Cattaraugus
POINT (-75.48749 44.69137),"Community Bank, N.A.",825 State Street,Ogdensburg,13669,St. Lawrence
POINT (-79.33451 42.48339),"Community Bank, N.A.",345 Central Avenue,Dunkirk,14048,Chautauqua
POINT (-73.98484 40.68692),Citizens Bank,399 Atlantic Avenue,Brooklyn,11217,Kings
POINT (-73.7431 40.6239),Citibank N. A.,603 Burnside Avenue,Inwood,11096,Queens
POINT (-78.20488 43.01537),ESL Federal Credit Union,4214 Veterans Memorial Drive,Batavia,14020,Genesee
POINT (-73.83059 40.76051),Citibank N. A.,3817 Main Street,Flushing,11354,Queens
POINT (-73.97237 40.75363),"Capital One, N.A.",750 Third Avenue,New York,10017,New York
POINT (-73.82722 40.7603),"Eastbank, NA",136-81 Roosevelt Avenue,Flushing,11354,Queens
POINT (-77.4415 43.07197),ESL Federal Credit Union,550 Moseley Road,Perinton,14450,Monroe
POINT (-74.11605 44.31219),"Community Bank, N.A.",588 Lake Flower Avenue,Saranac Lake,12983,Franklin
,Citibank N. A.,"La Guardia Airport, American Airlines",Flushing,11371,Queens
POINT (-73.63642 40.72478),"Capital One, N.A.",118 Seventh Street,Garden City,11530,Nassau
POINT (-79.57617 42.3233),"Community Bank, N.A.",70 East Main Street,Westfield,14787,Chautauqua
POINT (-74.10441 40.63073),Citibank N. A.,445 Forest Avenue,Staten Island,10301,Richmond
POINT (-73.9979 40.69091),"Commerce Bank, N.A.",339 Hicks Street,Brooklyn,11201,Queens
POINT (-73.96623 40.75803),"Capital One, N.A.",300 East 55th Street,New York,10022,New York
POINT (-73.82994 40.75918),Cathay Bank,40-14 Main Street,Flushing,11354,Queens
POINT (-74.916 42.27799),"Delaware National Bank of Delhi, The",124 Main Street,Delhi,13753,Delaware
POINT (-73.13345 40.86674),Citibank N. A.,131 Alexander Avenue,Lake Grove,11755,Suffolk
POINT (-77.30617 43.22729),ESL Federal Credit Union,6301 Ontario Center Road,Ontario,14519,Wayne
POINT (-73.79603 40.70081),Citibank N. A.,94-20 Guy R. Brewer Boulevard,Jamaica,11452,Queens
POINT (-73.99269 40.74305),Citibank N. A.,717 Avenue of Americas,New York,10010,New York
POINT (-73.70252 40.78923),Citibank N. A.,1110 Northern Boulevard,Manhasset,11030,Nassau
,Core Federal Credit Union,STUAC Building,Morrisville,13408,Madison
POINT (-73.25937 40.80767),Citibank N. A.,150 Vanderbilt Motor Parkway,Hauppauge,11788,Suffolk
POINT (-73.70258 40.72897),Citibank N. A.,215 Jericho Turnpike,Floral Park,11001,Nassau
POINT (-74.00952 41.09676),"Capital One, N.A.",52 East Route 59,Nanuet,10954,Rockland
POINT (-73.99493 40.71822),"Capital One, N.A.",116 Bowery,New York,10013,New York
POINT (-74.4759 42.67927),"Community Bank, N.A.",750-1 East Main Street,Cobleskill,12043,Schoharie
POINT (-79.24086 42.11644),"Community Bank, N.A.",1281 North Main Street,Jamestown,14701,Chautauqua
POINT (-73.81327 40.78897),Citizens Bank,150-07 14th Avenue,Whitestone,11357,Queens
POINT (-77.94748 42.12153),"Community Bank, N.A.",113 North Main Street,Wellsville,14895,Allegany
POINT (-73.54674 40.65813),Citibank N. A.,2085 Merrick Road,Merrick,11566,Nassau
POINT (-73.73816 40.71768),"Capital One, N.A.",216-19 Jamaica Avenue,Queens Village,11423,Queens
POINT (-73.88965 40.86019),"Commerce Bank, N.A.",441 East Fordham Road,Bronx,10458,Bronx
POINT (-73.8358 40.94157),"Capital One, N.A.",151 Parkway Road,Bronxville,10708,Westchester
POINT (-73.68091 43.33567),Citizens Bank,891 Route 9,Queensbury,12804,Warren
POINT (-73.49459 40.73872),Citibank N. A.,500 Hicksville Road,Bethpage,11714,Nassau
POINT (-73.95098 42.78252),Citizens Bank,1725 Altamont Avenue,Schenectady,12303,Schenectady
POINT (-78.8745 42.88533),Citizens Bank,414 Main Street,Buffalo,14202,Erie
POINT (-74.00934 40.71538),"Capital One, N.A.",90 West Broadway,New York,10007,New York
POINT (-73.75864 42.75502),Citizens Bank,882 New Loudon Road,Latham,12110,Albany
POINT (-73.98287 40.75652),Citibank N. A.,1155 Avenue of the Americas,New York,10036,New York
POINT (-73.97621 40.75155),"Capital One, N.A.",109 East 42nd Street,New York,10017,New York
POINT (-73.42228 44.98292),Champlain National Bank,636 Route 11,Champlain,12919,Clinton
POINT (-73.45367 44.69594),"Community Bank, N.A.",9 Margaret Street,Plattaburgh,12901,Clinton
POINT (-75.48044 43.78753),"Community Bank, N.A.",7605 State Street,Lowville,13367,Lewis
POINT (-77.01269 42.85642),"Community Bank, N.A.",811 Canandaigua Road,Geneva,14456,Ontario
POINT (-74.18613 42.96803),Citizens Bank,4883 State Highway 30,Amsterdam,12010,Montogomery
POINT (-73.95728 40.76607),Citibank N. A.,1285  First Avenue,New York,10021,New York
POINT (-78.11337 42.46597),"Community Bank, N.A.",44 West Main Street,Fillmore,14735,Allegany
POINT (-73.7525 42.65015),Citizens Bank,10 North Pearl Street,Albany,12207,Albany
POINT (-76.49667 42.43961),Chemung Canal Trust Company,202 East State Street,Ithaca,14850,Tompkins
POINT (-73.43064 40.87072),Citibank N. A.,349 Main Street,Huntington,11743,Suffolk
POINT (-73.97211 40.75991),City National Bank,400 Park Avenue,New York,10022,New York
POINT (-73.64572 40.65843),Citibank N. A.,41 Front Street,Rockville Centre,11571,Nassau
POINT (-77.87413 42.72577),"Community Bank, N.A.",46 Main Street,Mt. Morris,14510,Livingston
POINT (-73.97669 40.75925),Citibank N. A.,640 Fifth Avenue,New York,10019,New York
POINT (-73.76084 41.02298),Citibank N. A.,444 Mamaroneck Avenue,White Plains,10605,Westchester
POINT (-73.93084 40.65594),Citibank N. A.,702 Utica Avenue,Brooklyn,11203,Kings
POINT (-75.91359 43.97569),Carthage FS & LA,146 Arsenal Street,Watertown,13601,Jefferson
POINT (-78.69015 42.50056),Cattaraugus County Bank,325 South Cascade Drive,Springville,14141,Erie
POINT (-74.37268 43.00575),Citizens Bank,17 South Market,Johnstown,12095,Fulton
POINT (-73.62861 40.7536),Citizens Bank,190 East Jericho Turnpike,Mineola,11501,Nassau
POINT (-74.54543 44.67299),"Community Bank, N.A.",1573 Route 458,Saint Regis Falls,12980,Franklin
POINT (-77.09522 43.04601),ESL Federal Credit Union,140 South Main Street,Newark,14513,Wayne
POINT (-73.73515 40.80114),"Capital One, N.A.",540 Middle Neck Road,Great Neck,11023,Nassau
POINT (-72.35915 41.10314),"Capital One, N.A.",230 Main Street,Greenport,11944,Suffolk
POINT (-73.92207 40.76042),Citizens Bank,35-02 Broadway,Astoria,11106,Queens
POINT (-73.04077 40.91877),Citibank N. A.,1108 Route 112,Port Jefferson,11776,Suffolk
POINT (-73.54319 40.65943),"Capital One, N.A.",2192 Merrick Road,Merrick,11566,Nassau
POINT (-75.17002 44.5956),"Community Bank, N.A.",80 Main Street,Canton,13617,St. Lawrence
POINT (-77.10976 43.04518),"Community Bank, N.A.",710 West Miller Street,Newark,14513,Wayne
POINT (-76.57389 43.16795),"Community Bank, N.A.",2516 West Main Street,Cato,13033,Cayuga
POINT (-73.86701 40.86545),Citibank N. A.,704 Allerton Avenue,Bronx,10467,Bronx
POINT (-75.86606 43.05358),"Community Bank, N.A.",519 Genesee Street,Chittenango,13037,Madison
POINT (-73.99306 40.75861),Citibank N. A.,401 West 42nd Street,New York,10036,New York
POINT (-76.50833 42.42855),Chemung Canal Trust Company,304 Elmira Road,Ithaca,14850,Tompkins
POINT (-74.9155 42.27836),"Delaware National Bank of Delhi, The",121 Main Street,Delhi,13753,Delaware
POINT (-73.61012 40.65451),"Capital One, N.A.",2303 Grand Avenue,Baldwin,11510,Nassau
POINT (-73.88111 40.74157),Cathay Bank,82-62 Broadway,Elmhurst,11373,Queens
POINT (-73.56125 40.75453),"Capital One, N.A.",947 Old Country Road,Westbury,11590,Nassau
POINT (-73.97224 40.75938),Citibank N. A.,399 Park Avenue,New York,10022,New York
POINT (-73.98991 40.6194),Citibank N. A.,6414 18th Avenue,Brooklyn,11204,Kings
POINT (-73.89313 40.72729),Citizens Bank,69-71 Grand Avenue,Maspeth,11378,Queens
POINT (-73.95374 40.77915),"Capital One, N.A.",1536 Third Avenue,New York,10028,New York
POINT (-73.85724 40.89366),"Capital One, N.A.",4201 White Plains Road,Bronx,10466,Bronx
POINT (-73.42392 43.84878),"Community Bank, N.A.",117 Montcalm Street,Ticonderoga,12883,Essex
POINT (-77.13648 42.95929),"Community Bank, N.A.",2 Coulter Road,Clifton Springs,14432,Albany
POINT (-73.9252 40.7619),Citizens Bank,31-01 Broadway,Astoria,11106,Queens
POINT (-73.79147 41.02831),Educational and Governmental Federal CU,333 North Central Avenue,Hartsdale,10630,Westchester
POINT (-73.7534 40.60451),"Capital One, N.A.",20-10 Mott Avenue,Far Rockaway,11691,Queens
POINT (-77.11052 42.14684),"Elmira Savings Bank, FSB",404 South Hamilton Street,Painted Post,14870,Steuben
POINT (-73.98529 41.9661),Citizens Bank,1300 Ulster Avenue,Kingston,12401,Ulster
POINT (-73.19343 40.85466),Citibank N. A.,18 East Main Street,Smithtown,11787,Suffolk
POINT (-73.98247 40.75708),"Capital One, N.A.",1166 Avenue of the Americas,New York,10036,New York
POINT (-76.15217 43.05111),Empire Federal Credit Union,100 N. Salina Street,Syracuse,13202,Onondaga
POINT (-73.9687 40.75863),"Commerce Bank, N.A.",909 Third Avenue,New York,10022,New York
,Citizens Bank,Nelson Avenue,Saratoga Springs,12866,Saratoga
POINT (-74.0199 41.93307),Citizens Bank,273 Wall Street,Kingston,12401,Ulster
POINT (-73.72508 43.3398),Citizens Bank,Route 9 & Aviation Road,Glens Falls,12801,Warren
POINT (-73.45337 44.69952),Champlain National Bank,32 Cornelia Street,Plattsburgh,12901,Clinton
POINT (-76.98239 42.86669),"Community Bank, N.A.",5 Seneca Street,Geneva,14456,Ontario
POINT (-73.97821 40.75159),Citibank N. A.,120 Park Avenue,New York,10017,New York
POINT (-76.48461 42.48212),"Elmira Savings Bank, FSB",2300 North Triphammer Road,Ithaca,14830,Tompkins
POINT (-77.74101 43.02942),ESL Federal Credit Union,3892 Scottsville Road,Scottsville,14546,Monroe
POINT (-73.97066 40.7619),Citibank N. A.,460 Park Avenue,New York,10022,New York
POINT (-73.95381 40.78773),Citibank N. A.,1391 Madison Avenue,New York,10128,New York
POINT (-74.03368 40.61707),"Capital One, N.A.",9502 3rd Street,Brooklyn,11209,Kings
POINT (-73.4436 44.9786),"Community Bank, N.A.",864 State Route 11,Champlain,12919,Clinton
POINT (-73.48887 40.81191),"Capital One, N.A.",7600 Jericho Turnpike,Woodbury,11797,Nassau
POINT (-73.82443 40.68676),Citizens Bank,103-42 Lefferts Boulevard,Richmond Hill,11419,Queens
POINT (-74.92375 42.70037),"Community Bank, N.A.",62 Main Street,Cooperstown,13326,Otsego
POINT (-76.20259 42.59865),Chemung Canal Trust Company,1094 Highway 222,Cortland,13045,Cortland
POINT (-73.6857 40.69),Citibank N. A.,670 Franklin Avenue,Franklin Square,11010,Nassau
POINT (-73.99672 40.68063),Citibank N. A.,375 Court Street,Brooklyn,11231,Kings
POINT (-74.12763 40.6127),Citibank N. A.,1910 Victory Boulevard,Staten Island,10314,Richmond
POINT (-73.9866 40.76671),Citibank N. A.,842 Ninth Avenue,New York,10019,New York
POINT (-73.2917 40.81643),Citibank N. A.,18 Vanderbilt Motor Parkway,Commack,11746,Suffolk
POINT (-75.97382 43.15462),"Community Bank, N.A.",8013 State Route 31,Bridgeport,13030,Onondaga
POINT (-73.91638 40.75405),Dime Community Bank,45-14 46th Street,Long Island City,11104,Queens
POINT (-75.52372 42.53051),"Community Bank, N.A.",18 South Broad Street,Norwich,13815,Chenango
POINT (-73.20089 40.78772),Citibank N. A.,78 Carleton Avenue,Central Islip,11722,Suffolk
POINT (-77.44006 43.13175),Citizens Bank,2200 Penfield Road,Penfield,14526,Monroe
POINT (-73.46785 40.81609),"Capital One, N.A.",82-85 Jericho Turnpike,Woodbury,11797,Nassau
POINT (-76.80316 42.0887),Chemung Canal Trust Company,One Chemung Canal Plaza,Elmira,14902,Chemung
POINT (-73.64001 40.74157),Citibank N. A.,199 Second Street,Mineola,11501,Nassau
POINT (-77.27369 42.8776),"Community Bank, N.A.",659 South Main Street,Canandaigua,14424,Ontario
POINT (-73.82887 40.75683),Cathay Bank,41-48 Main Street,Flushing,11355,Queens
POINT (-73.47256 40.78255),"Capital One, N.A.",144 Manetto Hill Road,Plainview,11803,Nassau
POINT (-73.96226 40.76749),"Capital One, N.A.",1180 Third Avenue,New York,10021,New York
POINT (-73.86265 40.67091),"Commerce Bank, N.A.",1485 Dumont Avenue,Brooklyn,11208,Kings
POINT (-73.41717 40.7833),"Capital One, N.A.",275 Broadhollow Road,Melville,11747,Suffolk
POINT (-73.96017 40.61799),Citizens Bank,1421 Avenue M,Brooklyn,11230,Kings
POINT (-75.54026 43.07895),"Community Bank, N.A.",5238 West Seneca Street,Vernon,13476,Oneida
POINT (-79.05692 42.36463),Cattaraugus County Bank,517 Pine Street,South Dayton,14138,Erie
POINT (-74.02825 40.62303),Dime Community Bank,8520 4th Avenue,Brooklyn,11209,Kings
POINT (-73.90202 40.93479),Citibank N. A.,86 Main Street,Yonkers,10701,Westchester
POINT (-79.19039 42.12657),"Community Bank, N.A.",1982 East Main Street,Falconer,14733,Chautauqua
POINT (-73.982 40.74606),Citibank N. A.,1 Park Avenue,New York,10016,New York
POINT (-73.99207 40.69419),Citibank N. A.,181 Montague Street,Brooklyn,11201,Kings
POINT (-77.74631 42.91072),"Community Bank, N.A.",68 Genesee Street,Avon,14414,Livingston
POINT (-73.76981 40.76115),Citizens Bank,43-08 Bell Boulevard,Bayside,11361,Queens
POINT (-79.32662 42.09736),"Community Bank, N.A.",1 West Fairmount Avenue,Lakewood,14750,Chautauqua
POINT (-77.96821 42.1266),"Community Bank, N.A.",4196 Bolivar Road,Wellsville,14895,Allegany
POINT (-74.16258 40.59341),Citizens Bank,2200 Richmond Avenue,Staten Island,10314,Richmond
POINT (-78.27647 42.21701),"Community Bank, N.A.",21 West Main Street,Cuba,14727,Allegany
,Citizens Bank,Route 9W,Kingston,12401,Ulster
POINT (-73.98204 40.7677),Citibank N. A.,4 Columbus Circle,New York,10019,New York
POINT (-77.56005 43.20357),Citizens Bank,2255 East Ridge Road,Rochester,14622,Monroe
POINT (-73.91303 40.77425),Citizens Bank,23-02 31st Street,Astoria,11105,Queens
POINT (-73.82853 40.75594),East West Bank,41-80 Main Street,Flushing,11355,Queens
POINT (-73.98715 42.799),First National Bank of Scotia,2748 Maida Lane,Schenectady,12306,Madison
POINT (-77.59153 42.56725),Five Star Bank,1 South Main Street,Wayland,14572,Steuben
POINT (-77.33142 42.33753),Five Star Bank,323 West Washington Street,Bath,14810,Steuben
POINT (-74.0314 40.62263),"Empire State Bank, N.A.",8701 Third Avenue,Brooklyn,11209,Kings
POINT (-73.77038 40.7624),First Central Savings Bank,42-12 Bell Boulevard,Bayside,11361,Queens
POINT (-73.63984 40.63955),First National Bank of Long Island,2933 Long Beach Road,Oceanside,11572,Nassau
POINT (-78.73567 42.15771),Five Star Bank,545 Broad Street,Salamanca,14779,Cattaraugus
POINT (-75.20949 43.11544),First Source Federal Credit Union,50 Auert Avenue,Utica,13502,Oneida
POINT (-78.00491 42.97855),Five Star Bank,124 West Main Street,Leroy,14482,Genesee
POINT (-73.76709 42.6835),Excelsior Federal Credit Union,11 Corporate Woods Blvd.,Albany,12211,Albany
POINT (-76.29813 42.49926),"First National Bank of Dryden, The",120 North Street,Dryden,13053,Tompkins
POINT (-73.70065 40.63886),First National Bank of Long Island,1301 Broadway,Hewlett,11557,Nassau
POINT (-73.42512 40.87382),First National Bank of Long Island,253 New York Avenue,Huntington,11743,Suffolk
POINT (-73.99221 40.71388),First American International Bank,123 East Broadway,New York,10002,New York
POINT (-77.48695 43.10343),Family First Federal Credit Union,375 Fairport Road,East Rochester,14445,Monroe
POINT (-73.87736 40.73722),First American International Bank,86-55 Broadway,Elmhurst,11373,Queens
POINT (-76.24746 43.09838),Empower Federal Credit Union,963 State Fair Boulevard,Syracuse,13209,Onondaga
POINT (-73.77222 43.09844),"First New York, FCU",424 Maple Avenue,Saratoga,12866,Saratoga
POINT (-76.81978 42.12951),Five Star Bank,217 Prescott Avenue,Elmira Heights,14903,Chemung
POINT (-73.6938 40.66396),First National Bank of Long Island,127 East Merrick Road,Valley Stream,11580,Nassau
POINT (-76.15443 43.04915),Empire Federal Credit Union,250 S. Clinton Street,Syracuse,13202,Onondaga
POINT (-78.87306 42.88982),Five Star Bank,40-50 Fountain Plaza,Buffalo,14202,Erie
POINT (-76.8821 42.9562),Five Star Bank,655 Route 318,Waterloo,13165,Seneca
POINT (-73.83972 42.72391),First National Bank of Scotia,1705 Central Avenue,Albany,12205,Albany
POINT (-73.79037 42.67924),"First New York, FCU",818 Central Avenue,Albany,12206,Albany
POINT (-73.62934 40.83301),First National Bank of Long Island,10 Glen Head Road,Glen Head,11545,Nassau
POINT (-78.16553 42.99624),Five Star Bank,567 East Main Street,Batavia,14020,Genesee
POINT (-77.44194 43.10027),Fairport Savings Bank,45 South Main Street,Fairport,14450,Monroe
POINT (-78.75302 42.82612),Evans National Bank,938 Union Road,West Seneca,14224,Erie
,Five Star Bank,327 Main Street,Medina,14103,Orleans
,Five Star Bank,Route 417,St. Bonaventure,14778,Genesee
POINT (-76.11018 42.79835),Empire Federal Credit Union,6 Elm Street,Tully,13159,Onondaga
POINT (-76.56942 42.93277),Empower Federal Credit Union,65 State Street,Auburn,13021,Cayuga
POINT (-76.11868 43.17575),Empower Federal Credit Union,5791 Route 31,Cicero,13039,Onondaga
POINT (-76.42073 42.70493),First National Bank of Groton,41 South Main Street,Moravia,13118,Tompkins
POINT (-74.00675 40.63818),First American International Bank,5503 8th Avenue,Brooklyn,11220,Kings
POINT (-76.83911 42.17568),First Heritage Federal Credit Union,501 Gardner Road,Horseheads,14845,Chemung
POINT (-77.60018 43.20643),Fairport Savings Bank,2118 Hudson Avenue,Rochester,14617,Monroe
,Empower Federal Credit Union,Auburn Towne Plaza,Auburn,13021,Cayuga
POINT (-74.4741 42.68058),"First New York, FCU","795 East Main Street, Suite 1",Cobleskill,12043,Schoharie
POINT (-72.87168 40.80579),Empire National Bank,1044 William Floyd Parkway,Shirley,11967,Suffolk
POINT (-77.5642 43.12662),Five Star Bank,1940 Monroe Avenue,Brighton,14616,Monroe
POINT (-76.98227 42.86669),Five Star Bank,2 Seneca Street,Geneva,14456,Ontario
POINT (-76.9847 42.858),Five Star Bank,337 Pulteney Avenue,Geneva,14456,Ontario
POINT (-73.62728 40.80819),First National Bank of Long Island,7 Glen Cove Road,Greenvale,11548,Nassau
POINT (-73.7013 40.79998),First National Bank of Long Island,572 Plandome Road,Manhasset,11030,Nassau
POINT (-73.97262 40.76193),First Republic Bank,575 Madison Avenue,New York,10022,New York
POINT (-77.10364 42.15332),Five Star Bank,3131 Silverback Lane,Painted Post,14870,Steuben
POINT (-78.82256 43.03073),Evans National Bank,2800 Niagara Falls Boulevard,Tonawanda,14150,Erie
POINT (-73.00107 40.7666),First National Bank of Long Island,392 East Main Street,Patchogue,11772,Suffolk
POINT (-77.86741 42.72826),Five Star Bank,23 East State Street,Mount Morris,14510,Livingston
POINT (-76.06178 43.05436),Empire Federal Credit Union,5717 Enterprise Drive,E. Syracuse,13057,Onondaga
POINT (-79.04023 42.65056),Evans National Bank,8599 Erie Road,Angola,14006,Erie
POINT (-75.97938 42.12251),Empower Federal Credit Union,760 Harry L. Drive,Johnson City,13790,Broome
,First National Bank of Scotia,Washington Avenue,Schenectady,12301,Schenectady
POINT (-77.22178 42.40953),Five Star Bank,25 Shethar Street,Hammondsport,14840,Steuben
POINT (-78.73581 42.90956),Empower Federal Credit Union,2690 Walden Avenue,Cheektowaga,14225,Erie
POINT (-74.99148 43.02368),First Source Federal Credit Union,402 West Albany Street,Herkimer,13350,Herkimer
POINT (-74.116 40.57466),"Empire State Bank, N.A.",1361 North Railroad Avenue,Staten Island,10306,Richmond
POINT (-78.45357 42.70912),Five Star Bank,3672 Route 78,Strykersville,14145,Wyoming
POINT (-73.91789 40.76526),First Central Savings Bank,35-01 30th Avenue,Astoria,11103,Queens
POINT (-73.97308 40.7613),Entertainment Industries Federal Credit Union,550 Madison Avenue,New York,10022,New York
POINT (-77.40975 42.98262),Five Star Bank,3 West Main Street,Victor,14564,Ontario
POINT (-73.83586 40.78701),First National Bank of Long Island,132-11A 14th Avenue,College Point,11356,Queens
POINT (-76.14552 43.09917),Empire Federal Credit Union,2307 Brewerton Road,Mattydale,13211,Onondaga
POINT (-73.65079 40.78816),First National Bank of Long Island,130 Mineola Avenue,Roslyn Heights,11577,Nassau
POINT (-79.30691 42.09776),Five Star Bank,284 East Fairmount Avenue,Lakewood,14750,Chautauqua
POINT (-76.98281 42.86668),Finger Lakes Federal Credit Union,27 Seneca Street,Geneva,14456,Ontario
POINT (-73.98094 40.78178),First Republic Bank,2160 Broadway,New York,10024,New York
POINT (-73.45742 40.87101),First National Bank of Long Island,147 Main Street,Cold Spring Harbor,11724,Suffolk
POINT (-77.47269 43.20601),Family First Federal Credit Union,850 Ridge Road,Webster,14580,Monroe
POINT (-77.70675 42.84414),Five Star Bank,3261 Rochester Road,Lakeville,14480,Livingston
POINT (-76.12706 43.5675),Empire Federal Credit Union,4873 N. Jefferson Street,Pulaski,13142,Oswego
POINT (-76.82726 42.09993),Finger Lakes Health Care Federal Credit Union,600 Roe Avenue,Elmira,14905,Chemung
POINT (-77.60318 43.15499),Five Star Bank,100 Chestnut st,Rochester,14604,Monroe
POINT (-73.84255 40.71932),First Central Savings Bank,71-66 Austin Street,Forest Hills,11375,Queens
POINT (-73.93439 42.7748),First National Bank of Scotia,2695 Hamburg Street,Schenectady,12303,Schenectady
POINT (-76.23477 43.16175),Empower Federal Credit Union,8075 Oswego Road,Liverpool,13090,Onondaga
POINT (-73.62065 40.83575),First National Bank of Long Island,209 Glen Head Road,Glen Head,11545,Nassau
POINT (-78.87702 42.92233),Evans National Bank,925 Elmwood Avenue,Buffalo,14222,Erie
POINT (-73.9824 40.76813),First Republic Bank,10 Columbus Circle,New York,10019,New York
POINT (-76.10907 43.08892),Empower Federal Credit Union,6555 Ridings Road,Syracuse,13206,Onondaga
POINT (-77.05678 42.65536),Five Star Bank,218 Lake Street,Penn Yan,14527,Yates
POINT (-77.66497 42.36155),Five Star Bank,7434 Seneca Road,Hornell,14843,Steuben
POINT (-76.80921 42.09082),Empower Federal Credit Union,351 North Main Street,Elmira,14901,Chemung
POINT (-78.20324 43.00474),Five Star Bank,401 West Main Street,Batavia,14020,Genesee
POINT (-73.45535 40.68035),First National Bank of Long Island,1049 Park Boulevard,Massapequa Park,11762,Nassau
POINT (-73.74785 43.09955),First National Bank of Scotia,3013 Route 50,Saratoga Springs,12866,Saratoga
POINT (-73.82102 40.72485),First Central Savings Bank,72-76 Main Street,Flushing,11367,Queens
POINT (-77.80644 43.12104),Five Star Bank,3249 Union Street,North Chili,14514,Monroe
POINT (-78.12559 42.7672),Five Star Bank,2330 North Main Street,Warsaw,14569,Wyoming
POINT (-73.04265 40.92692),First National Bank of Long Island,5225 Nesconset Highway,Port Jefferson Station,11776,Suffolk
,Empower Federal Credit Union,State Street,Phoenix,13135,Oswego
POINT (-76.51806 43.45475),Empire Federal Credit Union,97-99 W. Bridge Street,Oswego,13126,Oswego
POINT (-77.46198 43.20919),Family First Federal Credit Union,964 Ridge Road,Webster,14580,Monroe
POINT (-75.26128 43.08704),Empower Federal Credit Union,1928 Genesee Street,Utica,13505,Oneida
POINT (-73.97382 40.75753),First Republic Bank,320 Park Avenue,New York,10022,New York
POINT (-78.68092 42.96444),Evans National Bank,8411 Main Street,Williamsville,14221,Erie
POINT (-73.94848 42.81134),First National Bank of Scotia,120 Erie Boulevard,Schenectady,12301,Schenectady
POINT (-75.90494 42.10954),Empower Federal Credit Union,32 West State Street,Binghamton,13901,Broome
POINT (-73.58295 40.59211),First National Bank of Long Island,26 Lido Boulevard,Point Lookout,11569,Nassau
POINT (-73.92487 40.6911),"Flagstar Bank, N.A.",1268 Broadway,Brooklyn,11221,Kings
POINT (-73.42267 40.76326),First National Bank of Long Island,555 Broadhollow Road,Melville,11747,Suffolk
POINT (-73.64376 40.65599),First National Bank of Long Island,310 Merrick Road,Rockville Centre,11570,Nassau
POINT (-77.5642 43.12662),Five Star Bank,1940 Monroe Ave,Rochester,14618,Monroe
POINT (-77.49378 42.50048),Five Star Bank,11 Maple Street,Cohocton,14826,Steuben
POINT (-73.96534 42.82663),First National Bank of Scotia,201 Mohawk Avenue,Scotia,12302,Schenectady
POINT (-77.71245 42.56544),Five Star Bank,152 Franklin Street,Dansville,14437,Livingston
POINT (-73.34995 40.90071),First National Bank of Long Island,105 Main Street,Northport Village,11768,Suffolk
POINT (-76.1616 43.04943),Empower Federal Credit Union,515 ERIE BOULEVARD WEST,SYRACUSE,13204,Onondaga
POINT (-76.15082 43.04793),Empire Federal Credit Union,344 S. Warren Street.,Syracuse,13202,Onondaga
POINT (-76.80112 42.08973),Five Star Bank,150 Lake Street,Elmira,14901,Chemung
POINT (-73.59974 40.87581),First National Bank of Long Island,108 Forest Avenue,Locust Valley,11560,Nassau
POINT (-77.2356 42.10488),First Heritage Federal Credit Union,11 Steuben Street,Addison,14801,Steuben
POINT (-73.983 40.7447),First Republic Bank,443 Park Avenue South,New York,10016,New York
POINT (-77.74492 43.10593),Five Star Bank,3177 Chili Avenue,Rochester,14624,Monroe
POINT (-78.80905 42.9806),Evans National Bank,3388 Sheridan Drive,Amherst,14226,Erie
POINT (-73.80261 40.78087),First Central Savings Bank,19-19 Francis Lewis Boulevard,Whitestone,11357,Queens
POINT (-78.69745 43.14939),Evans National Bank,5688 South Transit Road,Lockport,14094,Niagara
POINT (-73.52836 40.67154),First National Bank of Long Island,408 Bedford Avenue,Bellmore,11710,Nassau
POINT (-73.78673 43.0817),"First New York, FCU",23 Division Street,Saratoga Springs,12866,Saratoga
POINT (-77.05517 42.66114),Five Star Bank,129 Elm Street,Penn Yan,14527,Yates
POINT (-77.61035 43.06799),Five Star Bank,765 Calkins Road,Rochester,14623,Monroe
POINT (-76.16283 43.12147),Empower Federal Credit Union,5112 West Taft Road,Liverpool,13088,Onondaga
POINT (-76.23917 43.04692),Empower Federal Credit Union,3700 West Genesee Street,Syracuse,13219,Onondaga
POINT (-73.77845 42.74763),Excelsior Federal Credit Union,24 Avis Drive,Latham,12110,Albany
POINT (-76.21862 42.57182),"First National Bank of Dryden, The",853 State Route 13,Cortland,13045,Cortland
POINT (-73.82952 40.75832),First American International Bank,40-48 Main Street,Flushing,11354,Queens
POINT (-76.48603 43.46328),Empower Federal Credit Union,100 George Street,Oswego,13126,Sullivan
POINT (-73.89852 42.80139),"First New York, FCU",1776 Union Street,Schenectady,12309,Schenectady
POINT (-73.69613 40.75894),First National Bank of Long Island,3000 Marcus Avenue,Lake Success,11042,Nassau
POINT (-76.81944 42.16599),Five Star Bank,309 South Main Street,Horseheads,14845,Chemung
POINT (-76.97637 42.52204),Five Star Bank,32 Main Street,Dundee,14837,Yates
POINT (-73.33603 40.89549),First National Bank of Long Island,711 Fort Salonga Road,Northport,11768,Suffolk
,Evans National Bank,7204 Boston State Road,North Boston,14110,Erie
POINT (-74.03022 40.61829),First National Bank of Long Island,9202 4th Avenue,Brooklyn,11209,Kings
POINT (-78.65958 42.28574),Five Star Bank,6599 Route 219,Ellicottville,14731,Cattaraugus
POINT (-76.29815 42.49055),"First National Bank of Dryden, The",7 West Main Street,Dryden,13053,Tompkins
POINT (-74.06908 41.74248),"Empire State Bank, N.A.",275 Main Street,New Paltz,12561,Ulster
POINT (-77.40611 42.61042),Five Star Bank,184 South Main Street,Naples,14512,Ontario
POINT (-73.8923 42.81503),First National Bank of Scotia,1476 Balltown Road,Schenectady,12309,Schenectady
POINT (-73.99683 40.71495),First American International Bank,29 Bowery,New York,10002,New York
POINT (-73.18103 40.80659),Empire National Bank,1707 Veterans Highway,Islandia,11749,Suffolk
POINT (-78.66966 42.2764),Five Star Bank,54 Washington Street,Ellicottville,14731,Cattaraugus
POINT (-77.31826 42.33493),Five Star Bank,44 Liberty Street,Bath,14810,Steuben
POINT (-74.03133 41.52425),"Empire State Bank, N.A.",68 North Plank Road,Newburgh,12550,Orange
POINT (-77.85377 42.9726),Five Star Bank,3110 Main Street,Caledonia,14423,Livingston
POINT (-78.43116 42.07747),Five Star Bank,124 West State Street,Olean,14760,Cattaraugus
POINT (-78.98026 42.70156),Evans National Bank,6840 Erie Road,Derby,14047,Erie
POINT (-78.02313 42.87545),Five Star Bank,6948 Cato Street,Pavilion,14525,Genesee
POINT (-73.84002 40.65851),First National Bank of Long Island,159-14 Cross Bay Boulevard,Howard Beach,11414,Queens
POINT (-73.79394 40.78034),First National Bank of Long Island,19-01 Utopia Parkway,Whitestone,11357,Queens
POINT (-76.23764 43.0867),Empire Federal Credit Union,759 State Fair Blvd.,Syracuse,13209,Onondaga
POINT (-73.87884 42.82625),First National Bank of Scotia,1 Research Circle,Niskayuna,12309,Schenectady
POINT (-73.82823 40.75516),First American International Bank,42-08 Main Street,Flushing,11355,Queens
POINT (-76.1209 43.55998),Empower Federal Credit Union,3866 Rome Road,Pulaski,13124,Onondaga
POINT (-76.99885 42.85724),Five Star Bank,387 Hamilton Street,Geneva,14456,Ontario
POINT (-77.44194 43.12675),Fairport Savings Bank,2163 Fairport Nine Mile Road,Fairport,14450,Monroe
POINT (-78.28168 42.21819),Five Star Bank,27 Water Street,Cuba,14727,Allegany
POINT (-75.43654 43.23509),First Source Federal Credit Union,1822 Black River Boulevard,Rome,13440,Oneida
POINT (-73.63753 40.73997),Empire National Bank,170 Old Country Road,Mineola,11501,Nassau
POINT (-73.9013 40.70049),First Central Savings Bank,58-02 Myrtle Avenue,Ridgewood,11385,Kings
POINT (-77.6039 42.94812),Five Star Bank,166 West Main Street,Honeoye Falls,14472,Monroe
POINT (-73.46821 40.68299),First National Bank of Long Island,574 Broadway,Massapequa,11758,Nassau
POINT (-73.8414 42.7421),"First New York, FCU",2 Wall Street,Albany,12205,Albany
POINT (-76.822 42.68071),Five Star Bank,2168 Route 96A,Ovid,14521,Seneca
POINT (-77.43718 43.06844),Fairport Savings Bank,6797 Pittsford-Palmyra Road,Fairport,14450,Monroe
POINT (-77.7999 43.12385),Five Star Bank,2301 Westside Drive,Rochester,14514,Monroe
POINT (-76.36722 42.58902),First National Bank of Groton,161 Main Street,Groton,13073,Tompkins
POINT (-78.82653 42.73389),Evans National Bank,5999 South Park Avenue,Hamburg,14075,Erie
POINT (-76.55643 43.05569),Empire Federal Credit Union,2783 NY Rt. 31,Weedsport,13166,Cayuga
POINT (-76.33123 43.15896),Empower Federal Credit Union,15 East Genesee Street,Baldwinsville,13027,Oswego
POINT (-76.98864 42.87597),Five Star Bank,196-98 North Street,Geneva,14456,Ontario
POINT (-77.67164 42.8224),Five Star Bank,1 Main Street,Livonia,14487,Wyoming
POINT (-73.32351 40.69717),First National Bank of Long Island,42 Deer Park Avenue,Babylon Village,11702,Suffolk
POINT (-76.81928 42.12853),First Heritage Federal Credit Union,218 Prescott Avenue,Elmira Heights,14903,Chemung
POINT (-76.35066 43.15305),Empower Federal Credit Union,2265 Downer Street,Baldwinsville,13027,Oswego
POINT (-73.9273 42.86878),"First New York, FCU",19 Glenridge Road,Glenville,12302,Schenectady
POINT (-75.25487 43.08982),First Source Federal Credit Union,1634 Genesee Street,Utica,13502,Oneida
POINT (-77.78187 42.79887),Five Star Bank,4431 Genesee Valley Plaza,Geneseo,14454,Livingston
POINT (-77.50369 43.15408),Family First Federal Credit Union,2520 Browncroft Boulevard,Rochester,14625,Monroe
POINT (-73.99455 40.71837),First American International Bank,240 Grand Street,New York,10002,New York
,Empire Federal Credit Union,6360 Thompson Rd.,East Syracuse,13057,Onondaga
POINT (-73.88788 42.69847),First National Bank of Scotia,8 Karner Road,Guilderland,12084,Albany
POINT (-77.09328 42.15867),First Heritage Federal Credit Union,110 Village Square,Painted Post,14870,Steuben
POINT (-76.40667 43.31361),Empower Federal Credit Union,520 South 2nd Street,Fulton,13069,Oswego
POINT (-78.86975 42.95703),Evans National Bank,2670 Delaware Avenue,Buffalo,14216,Erie
POINT (-78.28315 42.8639),Five Star Bank,26 Main Street,Attica,14011,Wyoming
POINT (-77.93753 43.22069),Five Star Bank,2 West Avenue,Brockport,14420,Monroe
POINT (-73.95875 40.7749),First Republic Bank,148 East 79th Street,New York,10075,New York
POINT (-78.49598 42.0912),Five Star Bank,60 West Main Street,Allegany,14706,Cattaraugus
POINT (-76.0421 43.06244),Empire Federal Credit Union,6868 Manlius Center Rd,E. Syracuse,13057,Onondaga
POINT (-75.86626 43.04656),Empower Federal Credit Union,278 Genesee Street,Chittenango,13037,Madison
POINT (-73.64735 40.8493),First National Bank of Long Island,299 Sea Cliff Avenue,Sea Cliff,11579,Nassau
POINT (-73.55635 40.67383),First National Bank of Long Island,1810 Merrick Avenue,Merrick,11566,Nassau
POINT (-76.43193 43.31672),Empower Federal Credit Union,722 West Broadway,Fulton,13069,Oswego
POINT (-73.36374 40.67833),First National Bank of Long Island,1 East Montauk Highway,Lindenhurst,11757,Nassau
POINT (-77.70541 43.20985),Five Star Bank,2833 West Ridge Road,Rochester,14626,Monroe
POINT (-76.84579 42.90365),Five Star Bank,369 Main Street,Waterloo,13165,Seneca
POINT (-73.95889 42.83146),First National Bank of Scotia,240 Saratoga Road--Route 50,Scotia,12302,Schenectady
POINT (-78.13158 42.75469),Five Star Bank,400 North Main Street,Warsaw,14569,Wyoming
POINT (-73.9071 40.77359),First Central Savings Bank,37-28 Ditmars Boulevard,Astoria,11105,Queens
POINT (-73.08685 40.73363),First National Bank of Long Island,215 West Main Street,Sayville,11782,Nassau
POINT (-76.01708 43.02902),Empower Federal Credit Union,7320 East Genesee Street,Fayetteville,13066,Onondaga
POINT (-73.99861 40.73493),First Republic Bank,442 Avenue of the Americas,New York,10011,New York
POINT (-78.7598 42.96073),Evans National Bank,5178 Main Street,Williamsville,14221,Erie
POINT (-73.98151 40.74975),First National Bank of Long Island,232 Madison Avenue,New York,10016,New York
POINT (-77.08656 42.96249),Finger Lakes Federal Credit Union,1934 Route 96,Phelps,14532,Ontario
POINT (-78.74986 42.79606),Five Star Bank,3233 Southwestern Boulevard,Orchard Park,14127,Erie
POINT (-77.30087 42.91427),Five Star Bank,2425 Rochester Road,Canandaigua,14424,Ontario
POINT (-77.61148 43.11455),Five Star Bank,395 Westfall Road,Rochester,14620,Monroe
POINT (-77.06116 42.67034),Five Star Bank,418 North Main Street,Penn Yan,14527,Yates
POINT (-73.63639 40.73055),First National Bank of Long Island,1050 Franklin Avenue,Garden City,11530,Nassau
POINT (-78.13259 42.741),Five Star Bank,55 North Main Street,Warsaw,14569,Wyoming
POINT (-73.76727 42.86183),First National Bank of Scotia,1693 Route 9,Clifton Park,12065,Saratoga
POINT (-78.69663 42.883),Evans National Bank,4979 Transit Road,Depew,14043,Erie
,Empower Federal Credit Union,121 Price Chopper Plaza,Palatine Bridge,13428,Montogomery
POINT (-73.6288 40.86381),First Central Savings Bank,70 Glen Street,Glen Cove,11542,Nassau
POINT (-76.1707 43.13719),Empire Federal Credit Union,4989 Bear Road,N. Syracuse,13212,Onondaga
POINT (-77.608 43.07218),Ever$Green Federal Credit Union,2215 East Henrietta Road,Rochester,14623,Monroe
POINT (-76.79132 42.05923),First Heritage Federal Credit Union,1707 Cedar Street,Elmira,14904,Chemung
POINT (-76.83535 42.9029),Five Star Bank,1940 Routes 5 & 20,Waterloo,13165,Seneca
POINT (-78.73212 42.97747),Five Star Bank,5491 Sheridan Drive,Amherst,14221,Erie
POINT (-75.32393 43.0839),First Source Federal Credit Union,4451 Commercial Drive,New Hartford,13413,Oneida
POINT (-73.98899 40.7367),"Flagstar Bank, N.A.",200 Park Avenue South,New York,10003,New York
POINT (-76.98083 42.86551),Five Star Bank,65 Elizabeth Blackwell Street,Geneva,14456,Ontario
POINT (-78.47861 42.5295),Five Star Bank,12209 Route 16,Yorkshire,14173,Cattaraugus
POINT (-73.05318 40.91661),Empire National Bank,4747 Nesconset Highway,Port Jefferson Station,11776,Suffolk
POINT (-73.42529 40.71554),First National Bank of Long Island,22 Allen Boulevard,Farmingdale,11735,Nassau
POINT (-73.95534 42.78098),"First New York, FCU",1879 Altamont Avenue,Schenectady,12303,Schenectady
POINT (-78.62673 42.76787),Five Star Bank,211 Main Street,East Aurora,14052,Erie
POINT (-77.42139 42.40917),Five Star Bank,19 South Main Street,Avoca,14809,Steuben
POINT (-76.4083 43.31541),Empower Federal Credit Union,501-505 South 2nd Street,Fulton,13069,Onondaga
POINT (-79.177 42.46852),Evans National Bank,25 Main Street,Forestville,14062,Chautauqua
POINT (-76.86371 42.67761),Finger Lakes Federal Credit Union,7116 County Road 132,Ovid,14521,Seneca
POINT (-76.23466 43.186),Empire Federal Credit Union,4031 Route 31,Liverpool,13090,Onondaga
POINT (-74.00903 40.63598),First American International Bank,5902 8th Avenue,Brooklyn,11220,Kings
POINT (-77.44997 43.20982),Fairport Savings Bank,1075 Ridge Road East,Webster,14580,Monroe
POINT (-78.19372 43.24806),Five Star Bank,102 North Main Street,Albion,14411,Orleans
POINT (-73.4787 40.80495),First National Bank of Long Island,800 Woodbury Road,Woodbury,11797,Nassau
POINT (-73.5491 40.90721),First National Bank of Long Island,282 Bayville Avenue,Bayville,11709,Nassau
POINT (-76.20643 43.14184),Empower Federal Credit Union,7670 Morgan Road,Liverpool,13090,Onondaga
POINT (-73.56342 40.72481),First National Bank of Long Island,1975 Hempstead Turnpike,East Meadow,11554,Nassau
POINT (-76.31399 43.18078),Empire Federal Credit Union,2828 McLane Drive,Baldwinsville,13027,Oswego
POINT (-77.61148 43.11455),Five Star Bank,395 Westfall Road,Rochester,14620,Monroe
POINT (-78.7149 42.15865),Five Star Bank,107 Main Street,Salamanca,14779,Cattaraugus
POINT (-73.98107 40.759),First Republic Bank,1230 Avenue of the Americas,New York,10020,New York
POINT (-73.3647 40.86865),First National Bank of Long Island,76 Broadway,Greenlawn,11740,Suffolk
POINT (-76.58966 42.92024),Five Star Bank,345 Genesee Street,Auburn,13021,Cayuga
POINT (-73.63986 40.7391),"JPMorgan Chase Bank, National Association",216 Old Country Road,Mineola,11501,Nassau
POINT (-73.8899 40.63426),"HSBC Bank USA, National Association",2001 Rockaway Parkway,Brooklyn,11236,Kings
POINT (-73.90135 40.93466),"HSBC Bank USA, National Association",66 Main Street,Yonkers,10701,Westchester
POINT (-73.95028 40.77161),"JPMorgan Chase Bank, National Association",1495 York Avenue,New York,10075,New York
POINT (-73.51514 40.72502),FourLeaf Federal Credit Union,3284 Hempstead Turnpike,Levittown,11756,Nassau
POINT (-73.71447 40.74575),"JPMorgan Chase Bank, National Association",25621 Union Turnpike,Floral Park,11004,Queens
POINT (-73.98814 40.74847),"JPMorgan Chase Bank, National Association",1260 Broadway,New York,10001,New York
POINT (-73.95475 40.8207),"JPMorgan Chase Bank, National Association",3359 Broadway,New York,10031,New York
POINT (-74.13761 40.624),"JPMorgan Chase Bank, National Association",1480 Forest Avenue,Staten Island,10302,Richmond
POINT (-73.92776 40.81027),"JPMorgan Chase Bank, National Association",270 East 137th Street,Bronx,10454,Bronx
POINT (-73.8482 40.87149),"JPMorgan Chase Bank, National Association",1308 East Gun Hill Road,Bronx,10469,Bronx
POINT (-76.00085 43.07791),"JPMorgan Chase Bank, National Association",249 North Main Street,Minoa,13116,Onondaga
POINT (-73.97076 40.79352),"HSBC Bank USA, National Association",721 Amsterdam Avenue,New York,10025,New York
POINT (-73.98681 40.76641),"JPMorgan Chase Bank, National Association",839 Ninth Avenue,New York,10019,New York
POINT (-73.95741 40.60915),"JPMorgan Chase Bank, National Association",1521 Kings Highway,Brooklyn,11229,Kings
POINT (-73.97849 40.74123),"JPMorgan Chase Bank, National Association",501 Second Avenue,New York,10016,New York
POINT (-74.00235 40.73999),"HSBC Bank USA, National Association",80 Eighth Avenue,New York,10011,New York
POINT (-73.94844 40.7824),"JPMorgan Chase Bank, National Association",1801 Second Avenue,New York,10128,New York
POINT (-73.3349 40.69203),"Flagstar Bank, N.A.",400 West Main Street,Babylon,11702,Suffolk
POINT (-73.95835 40.77282),"HSBC Bank USA, National Association",1340 Third Avenue,New York,10021,New York
POINT (-73.97971 40.76539),"JPMorgan Chase Bank, National Association",171 West 57th Street,New York,10019,New York
POINT (-73.96529 40.80592),"JPMorgan Chase Bank, National Association",2898 Broadway,New York,10025,New York
POINT (-73.49465 40.81185),"HSBC Bank USA, National Association",603 Jericho Turnpike,Syosset,11791,Nassau
POINT (-73.07221 40.90677),"JPMorgan Chase Bank, National Association",4080 Nesconet Highway,East Setauket,11733,Suffolk
POINT (-73.9285 41.65136),Hudson Valley Federal Credit Union,Route 9 & IBM Road,Poughkeepsie,12601,Dutchess
POINT (-73.94626 40.59994),"JPMorgan Chase Bank, National Association",2512 Avenue U,Brooklyn,11231,Kings
POINT (-73.83162 40.71443),"JPMorgan Chase Bank, National Association",11830 Queens Boulevard,Forest Hills,11375,Queens
POINT (-73.74286 40.94013),"HSBC Bank USA, National Association",1043 West Boston Post Road,Mamaroneck,10543,Westchester
POINT (-73.70691 40.84252),"HSBC Bank USA, National Association",36 Soundview Market Place,Port Washington,11050,Nassau
POINT (-73.88997 41.51879),Hudson Valley Federal Credit Union,449 Route 9,Fishkill,12524,Dutchess
POINT (-74.08498 41.74792),"JPMorgan Chase Bank, National Association",2 Plattekill Avenue,New Paltz,12561,Ulster
POINT (-73.99851 40.71706),Industrial and Commercial Bank of China (USA) NA,202 Canal Street,New York,10013,New York
POINT (-73.89365 40.72694),"JPMorgan Chase Bank, National Association",69-55 Grand Avenue,Maspeth,11378,Queens
POINT (-73.32041 40.7592),"JPMorgan Chase Bank, National Association",615 Grand Avenue,Deer Park,11729,Suffolk
POINT (-74.4256 41.42808),Hudson Heritage Federal Credit Union,161-5 Dolson Avenue,Middletown,10940,Orange
POINT (-73.3588 40.75567),"Flagstar Bank, N.A.","40 Station Drive, Building A",Wyandanch,11798,Suffolk
POINT (-73.98095 40.77457),"JPMorgan Chase Bank, National Association",160 Columbus Avenue,New York,10023,New York
POINT (-73.98814 40.75431),"HSBC Bank USA, National Association",550 Seventh Avenue,New York,10018,New York
POINT (-73.8851 40.66077),"JPMorgan Chase Bank, National Association",2100 Linden Boulevard,Brooklyn,11207,Kings
POINT (-73.3147 40.75989),"Flagstar Bank, N.A.",720 Grand Boulevard,Deer Park,11729,Suffolk
POINT (-76.41675 43.32298),Fulton Savings Bank,75 South First Street,Fulton,13069,Oswego
POINT (-73.84112 40.66389),"Flagstar Bank, N.A.",156-02 Cross Bay Boulevard,Howard Beach,11414,Queens
POINT (-74.1356 40.63475),"Flagstar Bank, N.A.",282 Port Richmond Avenue,Staten Island,10302,Richmond
POINT (-73.68394 40.73259),"Flagstar Bank, N.A.",1114 Jericho Turnpike,New Hyde Park,11040,Nassau
POINT (-74.01281 40.70995),"JPMorgan Chase Bank, National Association",158 Greenwich St,New York,10007,New York
POINT (-73.86955 40.74938),"Flagstar Bank, N.A.",38-07 Junction Boulevard,Corona,11368,Queens
POINT (-72.3918 40.88606),"JPMorgan Chase Bank, National Association",66 Nugent Street,Southampton,11968,Suffolk
POINT (-73.72878 40.95125),"JPMorgan Chase Bank, National Association",535 East Boston Post Road,Mamaroneck,10543,Westchester
POINT (-73.75988 40.72123),"JPMorgan Chase Bank, National Association",20519 Hillside Avenue,Hollis,11423,Queens
POINT (-73.85083 40.66625),"JPMorgan Chase Bank, National Association",82-39 153rd Avenue,Howard Beach,11414,Queens
POINT (-73.83605 41.32677),"JPMorgan Chase Bank, National Association",1336 East Main Street,Shrub Oak,10588,Westchester
POINT (-73.65706 40.58843),"JPMorgan Chase Bank, National Association",220 East Park Avenue,Long Beach,11561,Nassau
POINT (-73.78114 40.90917),"JPMorgan Chase Bank, National Association",491 Main Street,New Rochelle,10801,Westchester
POINT (-73.39341 40.66888),"JPMorgan Chase Bank, National Association",895 Merrick Road/Montauk Highway,Copiague,11726,Suffolk
POINT (-73.00006 40.81448),"JPMorgan Chase Bank, National Association",2271 Route 112,Medford,11763,Suffolk
POINT (-73.33964 40.68853),"JPMorgan Chase Bank, National Association",523 West Montauk Highway,West Babylon,11704,Suffolk
POINT (-73.82985 40.97876),"JPMorgan Chase Bank, National Association",2368 Central Park Avenue,Yonkers,10710,Westchester
POINT (-74.16994 41.31744),Hometown Bank of the Hudson Valley,412 Route 17M,Monroe,10950,Orange
POINT (-76.69231 42.8413),Generations Bank,152 Cayuga Street,Union Springs,13160,Cayuga
POINT (-73.70979 40.67533),"JPMorgan Chase Bank, National Association",270 North Central Avenue,Valley Stream,11580,Nassau
POINT (-73.43094 40.87067),Gold Coast Bank,315 West Main Street,Huntington,11743,Suffolk
POINT (-73.11875 40.73683),"JPMorgan Chase Bank, National Association",861 Montauk Highway,Oakdale,11769,Suffolk
POINT (-73.62254 40.81176),"JPMorgan Chase Bank, National Association",57 Northern Boulevard,Greenvale,11548,Nassau
POINT (-73.94095 40.83924),"JPMorgan Chase Bank, National Association",3940 Broadway,New York,10032,New York
POINT (-73.69701 40.74129),"Flushing Savings Bank, FSB",661 Hillside Avenue,New Hyde Park,11040,Nassau
POINT (-73.92249 40.66461),"JPMorgan Chase Bank, National Association",86 East 98th Street,Brooklyn,11212,Kings
POINT (-73.26266 40.76751),"JPMorgan Chase Bank, National Association",1724 Fifth Avenue,Bay Shore,11706,Suffolk
POINT (-73.93966 40.75071),"JPMorgan Chase Bank, National Association",2515 Queens Plaza,Long Island City,11101,Queens
POINT (-73.32141 40.7383),"JPMorgan Chase Bank, National Association",35 Woods Road,North Babylon,11703,Suffolk
POINT (-73.98244 40.57687),"JPMorgan Chase Bank, National Association",1428 Mermaid Avenue,Brooklyn,11224,Kings
POINT (-73.72851 40.78557),"JPMorgan Chase Bank, National Association",60 Great Neck Road,Great Neck,11022,Nassau
POINT (-73.96507 40.77163),"JPMorgan Chase Bank, National Association",35 East 72nd Street,New York,10021,New York
POINT (-72.54881 40.86654),"HSBC Bank USA, National Association",248 Montauk Highway West,Hampton Bays,11946,Suffolk
POINT (-73.8888 41.7019),Hudson Valley Federal Credit Union,4 Tucker Drive,Poughkeepsie,12603,Dutchess
POINT (-74.00444 40.7164),"HSBC Bank USA, National Association",335 Broadway,New York,10013,New York
POINT (-73.6864 41.32833),"JPMorgan Chase Bank, National Association",265 Route 202,Somers,10589,Westchester
POINT (-73.63539 40.72639),"JPMorgan Chase Bank, National Association",350 Stewart Avenue,Garden City,11530,Nassau
POINT (-72.69357 40.92629),"JPMorgan Chase Bank, National Association",1450 Old Country Road,Riverhead,11901,Suffolk
POINT (-73.98719 40.70243),"JPMorgan Chase Bank, National Association",136 Front Street,Brooklyn,11201,Kings
POINT (-73.70969 40.66189),"HSBC Bank USA, National Association",260 West Sunrise Highway,Valley Stream,11581,Nassau
POINT (-73.91741 40.87882),"JPMorgan Chase Bank, National Association",13 B Knolls Crescent,Bronx,10463,Bronx
POINT (-74.03743 41.1357),"JPMorgan Chase Bank, National Association",501 South Main Street,Chestnut Ridge,10977,Rockland
POINT (-74.01027 40.63479),"HSBC Bank USA, National Association",6102 8th Avenue,Brooklyn,11200,Kings
POINT (-73.92814 41.02972),"JPMorgan Chase Bank, National Association",637 Main Street,Sparkill,10976,Rockland
POINT (-74.10021 40.57984),"Flagstar Bank, N.A.",2066 Hylan Boulevard,Staten Island,10306,Richmond
POINT (-73.667563 41.411551),Hudson Valley Federal Credit Union,2 Terrace Drive,Carmel,10512,Putnam
POINT (-74.16178 40.54499),"JPMorgan Chase Bank, National Association",4385 Amboy Road,Staten Island,10312,Richmond
POINT (-73.99162 40.71748),"HSBC Bank USA, National Association",307 Grand Street,New York,10002,New York
POINT (-73.96319 40.75847),"JPMorgan Chase Bank, National Association",360 East 57th Street,New York,10022,New York
POINT (-75.28189 43.07626),G.P.O Federal Credit Union,2711 Genesee Street,Utica,13501,Oneida
POINT (-74.00086 40.73184),"JPMorgan Chase Bank, National Association",340 Avenue of the Americas,New York,10011,New York
POINT (-73.99517 40.73965),"JPMorgan Chase Bank, National Association",611 Avenue of the Americas,New York,10011,New York
POINT (-73.95895 40.7094),"Flushing Savings Bank, FSB",217 Havermeyer Street,Brooklyn,11211,Kings
POINT (-73.59222 40.744688),"Flagstar Bank, N.A.",900 Merchants Concourse,Westbury,11590,Nassau
POINT (-74.02426 40.62555),"Flagstar Bank, N.A.",8010 5th Avenue,Brooklyn,11209,Kings
POINT (-73.5106 40.76678),Island Federal Credit Union,175 East Old Country Road,Hicksville,11801,Nassau
POINT (-74.1591 40.61306),"Flagstar Bank, N.A.",1460 Richmond Avenue,Staten Island,10314,Richmond
POINT (-73.00586 40.76547),FourLeaf Federal Credit Union,272 EAST MAIN STREET,PATCHOGUE,11772,Suffolk
POINT (-73.2183 40.81513),"JPMorgan Chase Bank, National Association",546 Route 111,Hauppauge,11788,Suffolk
POINT (-73.18805 40.85276),"Flagstar Bank, N.A.",50 Route 111,Smithtown,11787,Suffolk
POINT (-73.06869 40.94596),"JPMorgan Chase Bank, National Association",120 Main Street,Port Jefferson,11777,Suffolk
POINT (-73.83041 40.76014),Industrial and Commercial Bank of China (USA) NA,39-02 Main Street,Flushing,11354,Queens
POINT (-73.95908 40.5781),"JPMorgan Chase Bank, National Association",1002 Brighton Beach Avenue,Brooklyn,11235,Kings
POINT (-73.57847 40.65323),"Flagstar Bank, N.A.",160 South Main Street,Freeport,11520,Nassau
POINT (-73.84681 40.69496),"Flagstar Bank, N.A.",80 35 Jamaica Avenue,Woodhaven,11421,Queens
,"Flushing Savings Bank, FSB",188-08 Hollis Court Boulevard,Auburndale,11358,Queens
POINT (-73.85576 40.69271),"JPMorgan Chase Bank, National Association",8819 Jamaica Avenue,Woodhaven,11421,Queens
POINT (-73.81146 41.57943),"JPMorgan Chase Bank, National Association",817 Route 82 & Route 376,Hopewell Junction,12533,Dutchess
POINT (-73.9305 40.82004),"JPMorgan Chase Bank, National Association",654 Exterior Street,Bronx,10451,Bronx
POINT (-71.945 41.0342),"JPMorgan Chase Bank, National Association",731 Montauk Highway,Montauk,11954,Suffolk
POINT (-78.40298 42.07545),High Point Federal Credit Union,206 NORTH CLARK STREET,OLEAN,14760,Cattaraugus
POINT (-73.83196 40.84642),"HSBC Bank USA, National Association",1756 Crosby Avenue,Bronx,10461,Bronx
POINT (-73.77028 41.05273),Greater Hudson Bank,567 North Broadway,White Plains,10603,Westchester
POINT (-73.8217 43.24473),Hudson River Community Credit Union,312 Palmer Avenue,Corinth,12822,Saratoga
POINT (-74.19748 40.51906),"Flagstar Bank, N.A.",5770 Hylan Boulevard,Staten Island,10309,Richmond
POINT (-73.67547 40.65478),FourLeaf Federal Credit Union,613 Sunrise Highway,Lynbrook,11563,Nassau
POINT (-74.11483 41.11212),"JPMorgan Chase Bank, National Association",1 South Airmont Road,Suffern,10901,Rockland
POINT (-74.04436 41.49533),Hudson Heritage Federal Credit Union,2 Corwin Court,Newburgh,12550,Orange
POINT (-77.53669 43.10201),Genesee Regional Bank,3380 Monroe Avenue,Rochester,14618,Monroe
POINT (-73.82281 40.82721),"Flagstar Bank, N.A.",3681 East Tremont Avenue,Bronx,10465,Bronx
POINT (-73.95802 40.81589),"JPMorgan Chase Bank, National Association",3200 Broadway,New York,10027,New York
POINT (-73.56842 40.70558),"JPMorgan Chase Bank, National Association",501 Bellmore Avenue,East Meadow,11554,Nassau
POINT (-74.01103 40.70858),"HSBC Bank USA, National Association",117 Broadway,New York,10271,New York
POINT (-74.39733 41.45418),"JPMorgan Chase Bank, National Association",12 Lloyds Lane,Middletown,10940,Orange
POINT (-77.05753 42.95763),Generations Bank,89 Main Street,Phelps,14532,Ontario
POINT (-77.69297 43.1662),"JPMorgan Chase Bank, National Association",6 Spencerport Road,Rochester,14606,Monroe
POINT (-73.97189 40.60421),"HSBC Bank USA, National Association",481 Kings Highway,Brooklyn,11223,Kings
POINT (-73.94812 40.63324),"HSBC Bank USA, National Association",1545 Flatbush Ave.,Brooklyn,11210,Kings
POINT (-73.89633 40.91934),"JPMorgan Chase Bank, National Association",410 South Broadway,Yonkers,10705,Westchester
POINT (-73.99966 40.71781),"JPMorgan Chase Bank, National Association",221 Canal Street,New York,10013,New York
POINT (-73.64069 40.63528),"Flagstar Bank, N.A.",3140 Long Beach Road,Oceanside,11572,Nassau
POINT (-73.77701 40.78005),"JPMorgan Chase Bank, National Association",23-98 Bell Boulevard,Queens,11360,Queens
POINT (-73.84731 41.16446),"JPMorgan Chase Bank, National Association",1946 Pleasantville & Underhill Roads,Briarcliff,10510,Westchester
POINT (-73.95422 40.77892),"HSBC Bank USA, National Association",186 East 86th Street,New York,10028,New York
POINT (-73.19953 40.77122),FourLeaf Federal Credit Union,233 South Research Place,Central Islip,11722,Suffolk
POINT (-73.11545 40.92965),Gold Coast Bank,690 Route 25A,Setauket,11733,Suffolk
POINT (-73.77252 41.03233),"JPMorgan Chase Bank, National Association",1 North Lexington Avenue,White Plains,10601,Westchester
POINT (-73.98696 40.75404),"JPMorgan Chase Bank, National Association",1411 Broadway,New York,10018,New York
POINT (-74.04721 41.18215),"JPMorgan Chase Bank, National Association",1581 Route 202,Pomona,10970,Rockland
POINT (-73.97599 40.7602),"HSBC Bank USA, National Association",666 Fifth Avenue,New York,10103,New York
POINT (-73.92043 40.86649),"JPMorgan Chase Bank, National Association",570 West 207th Street,New York,10034,New York
POINT (-73.82995 40.86918),"HSBC Bank USA, National Association",2014 Bartow Avenue,Bronx,10475,Bronx
POINT (-73.0971 40.8291),"HSBC Bank USA, National Association",395 Portion Road,Lake Ronkonkoma,11779,Suffolk
POINT (-73.86831 41.01531),"JPMorgan Chase Bank, National Association",12 Ashford Avenue,Dobbs Ferry,10522,Westchester
POINT (-73.88571 40.74422),"JPMorgan Chase Bank, National Association",7906 Broadway,Elmhurst,11373,Queens
POINT (-73.73147 40.75981),"JPMorgan Chase Bank, National Association",56-21 Marathon Parkway,Little Neck,11362,Queens
POINT (-73.98964 40.6374),"Flagstar Bank, N.A.",4419-21 13th Avenue,Brooklyn,11219,Kings
POINT (-74.39922 41.44527),Hudson Heritage Federal Credit Union,357 East Main Street,Middletown,10940,Orange
POINT (-73.85313 40.72654),"JPMorgan Chase Bank, National Association",100-26 Queens Boulevard,Forest Hills,11375,Queens
POINT (-74.14793 40.55185),"Flagstar Bank, N.A.",3879 Amboy Road,Staten Island,10308,Richmond
POINT (-73.10881 40.82633),"JPMorgan Chase Bank, National Association",130 Portion Road,Ronkonkoma,11779,Suffolk
POINT (-73.98851 40.71855),"JPMorgan Chase Bank, National Association",109 Delancy Street,New York,10002,New York
POINT (-73.99083 40.75581),"JPMorgan Chase Bank, National Association",615 Eighth Avenue,New York,10018,New York
POINT (-73.63775 40.72422),"JPMorgan Chase Bank, National Association",82 Seventh Street,Garden City,11530,Nassau
POINT (-73.98513 40.74478),Habib American Bank,99 Madison Avenue,New York,10016,New York
POINT (-73.99075 40.63634),"Flushing Savings Bank, FSB",4616 13th Avenue,Brooklyn,11219,Kings
POINT (-74.02253 40.62977),"JPMorgan Chase Bank, National Association",7427 5th Avenue,Brooklyn,11209,Kings
POINT (-73.51714 40.76233),"JPMorgan Chase Bank, National Association",285 South Broadway,Hicksville,11801,Nassau
POINT (-73.99179 40.69091),"JPMorgan Chase Bank, National Association",101 Court Street,Brooklyn,11201,Kings
POINT (-73.96213 40.62509),"Flushing Savings Bank, FSB",1402 Avenue J,Brooklyn,11220,Kings
POINT (-73.90279 40.93485),"JPMorgan Chase Bank, National Association",92 Main Street,Yonkers,10701,Westchester
POINT (-76.56327 42.93187),Generations Bank,10 Osborn Street,Auburn,13021,Cayuga
POINT (-73.27829 40.72634),FourLeaf Federal Credit Union,834 Sunrise Highway,Bay Shore,11706,Suffolk
POINT (-73.96184 40.76807),"JPMorgan Chase Bank, National Association",1191 Third Avenue,New York,10021,New York
POINT (-73.11034 40.93504),"JPMorgan Chase Bank, National Association",430 Route 25A,East Setauket,11733,Suffolk
POINT (-73.88227 40.64821),"HSBC Bank USA, National Association",1330 Pennsylvania Avenue,Brooklyn,11239,Kings
POINT (-73.75615 40.74769),"Flushing Savings Bank, FSB",61-54 Springfield Boulevard,Bayside,11364,Queens
POINT (-73.42882 40.68426),FourLeaf Federal Credit Union,6257 Sunrise Highway,Massapequa,11758,Nassau
POINT (-74.3013 41.60922),"JPMorgan Chase Bank, National Association",75 Main Street,Pine Bush,12566,Orange
POINT (-73.86278 40.72942),"HSBC Bank USA, National Association",95-01 63rd Drive,Rego Park,11374,Queens
POINT (-73.89698 40.7066),"Flagstar Bank, N.A.",66-77 Fresh Pond Road,Ridgewood,11385,Kings
POINT (-73.83425 40.75809),"JPMorgan Chase Bank, National Association",4028 College Point Boulevard,Flushing,11354,Queens
POINT (-73.84448 40.66738),"Flagstar Bank, N.A.",82 10 153rd Avenue,Howard Beach,11414,Queens
POINT (-73.86316 40.7508),"Flagstar Bank, N.A.",37-97 103rd Street,Corona,11368,Queens
POINT (-73.99981 40.71792),"HSBC Bank USA, National Association",235 Canal Street,New York,10013,New York
POINT (-73.82497 40.86927),"JPMorgan Chase Bank, National Association",2130 Bartow Avenue,Bronx,10475,Bronx
POINT (-73.82708 41.74433),Hudson Valley Federal Credit Union,2 West Road,Pleasant Valley,12501,Dutchess
POINT (-73.58784 40.75592),"JPMorgan Chase Bank, National Association",201 Post Avenue,Westbury,11590,Nassau
POINT (-73.99135 40.60041),"HSBC Bank USA, National Association",2301 86th Street,Brooklyn,11214,Kings
POINT (-73.96649 41.50309),"JPMorgan Chase Bank, National Association",404 Main Street -- Bank of NY,Beacon,12508,Dutchess
POINT (-73.92092 40.75987),"Flagstar Bank, N.A.",36-10 Broadway,Astoria,11106,Queens
POINT (-73.95929 40.78106),"JPMorgan Chase Bank, National Association",12 East 86th Street,New York,10028,New York
POINT (-73.93432 40.62026),"HSBC Bank USA, National Association",2030 Flatbush Avenue,Brooklyn,11234,Kings
POINT (-74.12287 40.63409),"Flagstar Bank, N.A.",1214 Castleton Avenue,Staten Island,10310,Richmond
POINT (-73.97121 40.60429),"JPMorgan Chase Bank, National Association",506 Kings Highway,Brooklyn,11223,Kings
POINT (-74.13503 41.77892),Hudson Valley Federal Credit Union,1000 Mountain Rest Road,New Paltz,12561,Ulster
POINT (-73.07466 40.80854),"JPMorgan Chase Bank, National Association",991 Main Street,Holbrook,11741,Suffolk
POINT (-73.9919 40.73116),"HSBC Bank USA, National Association",769 Broadway,New York,10003,New York
POINT (-73.31871 40.85706),"Flagstar Bank, N.A.",580 Larkfield Road,East Northport,11731,Suffolk
POINT (-73.97464 40.79057),"JPMorgan Chase Bank, National Association",2438 Broadway,New York,10024,New York
POINT (-73.98306 40.73896),"HSBC Bank USA, National Association",302 Third Avenue,New York,10010,New York
POINT (-73.96278 40.77543),"HSBC Bank USA, National Association",1002 Madison Avenue,New York,10017,New York
POINT (-76.55004 42.94328),Generations Bank,621 North Seward Street,Auburn,13021,Cayuga
POINT (-73.94812 40.63324),"HSBC Bank USA, National Association",1545 Flatbush Avenue,Brooklyn,11210,Kings
POINT (-73.895 40.63857),"JPMorgan Chase Bank, National Association",1764 Rockaway Parkway,Brooklyn,11236,Kings
POINT (-73.89895 40.93238),"JPMorgan Chase Bank, National Association",47 South Broadway,Yonkers,10701,Westchester
POINT (-73.27937 40.72845),"JPMorgan Chase Bank, National Association",840 Sunrise Highway,Bay Shore,11706,Suffolk
POINT (-73.89659 40.91803),"HSBC Bank USA, National Association",449 South Broadway,Yonkers,10705,Westchester
POINT (-73.90711 41.58866),"JPMorgan Chase Bank, National Association",1460 Route 9,Wappingers Falls,12590,Dutchess
POINT (-73.65254 42.78517),Hudson River Community Credit Union,40 Leversee Road,Troy,12182,Rensselaer
POINT (-73.70075 40.63875),"JPMorgan Chase Bank, National Association",1304 Broadway,Hewlett,11557,Nassau
POINT (-73.87243 40.96494),"HSBC Bank USA, National Association",1201 Nepperhan Avenue,Yonkers,10703,Westchester
POINT (-77.59131 43.17537),"JPMorgan Chase Bank, National Association",520 Portland Avenue,Rochester,14605,Monroe
POINT (-73.84416 40.72115),"JPMorgan Chase Bank, National Association",107-36 71st Avenue,Forest Hills,11375,Queens
POINT (-74.01087 40.71091),"JPMorgan Chase Bank, National Association",185 Greenwich Street,New York,10007,New York
POINT (-73.43071 40.72465),FourLeaf Federal Credit Union,1033 Route 109,Farmingdale,11735,Nassau
POINT (-73.96158 40.60745),"JPMorgan Chase Bank, National Association",1100 Kings Highway,Brooklyn,11229,Kings
POINT (-73.96122 40.59589),"JPMorgan Chase Bank, National Association",2500 Coney Island Avenue,Brooklyn,11223,Kings
POINT (-73.6074 40.64058),"JPMorgan Chase Bank, National Association",915 Atlantic Avenue,Baldwin,11510,Nassau
POINT (-73.32381 40.87306),"HSBC Bank USA, National Association",310 Larkfield Road,East Northport,11731,Suffolk
POINT (-76.86264 42.90054),Generations Bank,59 Washington Street,Waterloo,13165,Seneca
POINT (-73.50722 40.6932),"JPMorgan Chase Bank, National Association",1201 Wantagh Avenue,Wantagh,11793,Nassau
POINT (-73.97231 40.59031),"JPMorgan Chase Bank, National Association",290 Avenue X,Brooklyn,11223,Kings
POINT (-73.99303 40.6027),"JPMorgan Chase Bank, National Association",8418 Bay Parkway,Brooklyn,11214,Kings
POINT (-73.70808 40.66957),"Flagstar Bank, N.A.",75 North Central Avenue,Valley Stream,11580,Nassau
POINT (-74.00531 40.72879),"HSBC Bank USA, National Association",207 Varick Street,New York,10014,New York
POINT (-73.52345 40.66901),"Flagstar Bank, N.A.",2267 Bellmore Avenue,Bellmore,11710,Nassau
POINT (-77.18576 43.23217),"JPMorgan Chase Bank, National Association",4124 Pearsall Street,Williamson,14589,Wayne
POINT (-73.97206 40.79446),"JPMorgan Chase Bank, National Association",2551 Broadway,New York,10025,New York
POINT (-73.99061 40.74014),"HSBC Bank USA, National Association",145 Fifth Avenue,New York,10010,New York
POINT (-74.35982 41.25684),"JPMorgan Chase Bank, National Association",30 Main Street,Warwick,10990,Orange
POINT (-73.6901 40.75431),"HSBC Bank USA, National Association",1572 Union Turnpike,New Hyde Park,11040,Nassau
POINT (-73.68163 41.00303),"JPMorgan Chase Bank, National Association",150 South Ridge Street,Rye Brook,10573,Westchester
POINT (-73.68482 40.98423),"JPMorgan Chase Bank, National Association",73 Purchase Street,Rye,10580,Westchester
POINT (-74.04721 41.18215),"JPMorgan Chase Bank, National Association",1581 ROUTE 202,POMONA,10970,Rockland
POINT (-77.79011 42.79832),Genesee Valley FCU,4621 Millennium Drive,Geneseo,14454,Livingston
POINT (-73.52946 40.7775),"Flagstar Bank, N.A.",265 North Broadway,Hicksville,11801,Nassau
POINT (-74.00026 40.60581),"JPMorgan Chase Bank, National Association",1901 86th Street,Brooklyn,11214,Kings
POINT (-76.29988 43.132),Fulton Savings Bank,7471 State Fair Boulevard,Baldwinsville,13027,Onondaga
POINT (-74.00179 40.74076),"JPMorgan Chase Bank, National Association",111 Eighth Avenue,New York,10011,New York
POINT (-73.98335 41.20219),"JPMorgan Chase Bank, National Association",250 Route 9W,Haverstraw,10927,Rockland
POINT (-73.98721 40.66808),"Flagstar Bank, N.A.",478 5th Avenue,Brooklyn,11215,Kings
POINT (-73.91724 40.6193),"JPMorgan Chase Bank, National Association",2401 Ralph Avenue,Brooklyn,11234,Kings
POINT (-74.00609 40.71699),"JPMorgan Chase Bank, National Association",65 Worth Street,New York,10013,New York
POINT (-73.42611 40.87295),"JPMorgan Chase Bank, National Association",295 New York Avenue,Huntington,11743,Suffolk
POINT (-74.23007 40.52721),"Flagstar Bank, N.A.",2875 Veterans Road West,Staten Island,10309,Richmond
POINT (-73.80773 40.98869),"HSBC Bank USA, National Association",34 Popham Road,Scarsdale,10583,Westchester
POINT (-73.97934 40.73724),"JPMorgan Chase Bank, National Association",333 East 23rd Street,New York,10010,New York
POINT (-73.32412 40.74955),"Flagstar Bank, N.A.",1501 Deer Park Avenue,North Babylon,11703,Suffolk
POINT (-74.01087 40.71091),"JPMorgan Chase Bank, National Association",185 Greenwich Street,New York,10007,New York
POINT (-73.78227 40.91147),"HSBC Bank USA, National Association",260 North Avenue,New Rochelle,10801,Westchester
POINT (-73.91809 40.76045),"Flagstar Bank, N.A.",31-42 Steinway Street,Astoria,11103,Queens
POINT (-72.33912 41.07047),"JPMorgan Chase Bank, National Association",48 North Ferry Road,Shelter Island,11964,Suffolk
POINT (-77.61957 43.13333),"JPMorgan Chase Bank, National Association",500 Joseph C. Wilson Boulevard,Rochester,14627,Monroe
POINT (-74.69263 41.37458),"JPMorgan Chase Bank, National Association",14 Sussex Street,Port Jervis,12771,Orange
POINT (-73.97776 40.76352),"JPMorgan Chase Bank, National Association",1370 Avenue of the Americas,New York,10019,New York
POINT (-73.99096 40.73389),"JPMorgan Chase Bank, National Association",835 Broadway,New York,10003,New York
POINT (-73.91833 40.74296),"JPMorgan Chase Bank, National Association",46-10 Queens Boulevard,Queens,11104,Queens
POINT (-73.84408 40.71991),Hanover Community Bank,71-15 Austin Street,Forest Hills,11375,Queens
POINT (-73.85772 41.07844),"JPMorgan Chase Bank, National Association",64 North Broadway,Tarrytown,10591,Westchester
POINT (-73.92072 40.76658),"Flushing Savings Bank, FSB",31-16 30th Avenue,Astoria,11102,Queens
POINT (-73.38511 40.83472),"Flagstar Bank, N.A.",693 Jericho Turnpike,Huntington Station,11746,Suffolk
POINT (-73.98273 40.61257),"HSBC Bank USA, National Association",6702 Bay Parkway,Brooklyn,11204,Kings
POINT (-73.98797 40.74376),"JPMorgan Chase Bank, National Association",225 Fifth Avenue,New York,10010,New York
POINT (-73.97193 40.75023),"JPMorgan Chase Bank, National Association",801 Second Avenue,New York,10017,New York
POINT (-74.05271 41.46115),"JPMorgan Chase Bank, National Association",353 Windsor Highway,New Windsor,12553,Orange
POINT (-73.82419 41.74524),Hudson Valley Federal Credit Union,12 North Avenue,Pleasant Valley,12569,Dutchess
POINT (-73.98226 40.76647),"HSBC Bank USA, National Association",252 West 57th Street,New York,10107,New York
POINT (-74.00899 40.71098),"JPMorgan Chase Bank, National Association",214 Broadway,New York,10038,New York
POINT (-73.81985 40.72286),"Flagstar Bank, N.A.",75-44 Main Street,Kew Gardens,11367,Queens
POINT (-73.6893 40.75776),"JPMorgan Chase Bank, National Association",2335B New Hyde Park Road,New Hyde Park,11042,Nassau
POINT (-73.96353 40.57717),"HSBC Bank USA, National Association",320 Brighton Avenue,Brooklyn,11235,Kings
POINT (-73.79561 41.04239),"HSBC Bank USA, National Association",371 Tarrytown Road,White Plains,10607,Westchester
POINT (-73.72548 40.62043),"JPMorgan Chase Bank, National Association",444 Central Avenue,Cedarhurst,11516,Nassau
POINT (-73.72307 40.68987),"JPMorgan Chase Bank, National Association",239-39 Linden Boulevard,Elmont,11003,Nassau
POINT (-73.83786 40.5808),"JPMorgan Chase Bank, National Association",257 Beach 116th Street,Queens,11694,Queens
POINT (-73.98723 40.69376),Island Federal Credit Union,1 Metrotech Center,Brooklyn,11202,New York
POINT (-73.70755 40.84292),"Flagstar Bank, N.A.",167 Shore Road,Port Washington,11050,Nassau
POINT (-74.15117 41.4262),Hudson Heritage Federal Credit Union,131 East Main Street,Washingtonville,10992,Orange
POINT (-73.41813 40.67134),"Flagstar Bank, N.A.",110 Merrick Road,Amityville,11701,Suffolk
POINT (-73.99157 40.69406),"Flushing Savings Bank, FSB",186 Montague Street,Brooklyn,11201,Queens
POINT (-73.94559 40.68017),"JPMorgan Chase Bank, National Association",1380 Fulton Avenue,Brooklyn,11216,Kings
POINT (-73.24308 40.8086),"Flagstar Bank, N.A.",360 Motor Parkway,Hauppauge,11788,Suffolk
POINT (-73.95786 40.78216),"JPMorgan Chase Bank, National Association",1221 Madison Avenue,New York,10128,New York
POINT (-73.10063 40.94327),"HSBC Bank USA, National Association",300 Main Street,East Setauket,11733,Suffolk
POINT (-75.03613 43.01633),G.P.O Federal Credit Union,3 Central Plaza,Ilion,13357,Herkimer
POINT (-73.64485 40.75685),"JPMorgan Chase Bank, National Association",138 Hillside Avenue,Williston Park,11596,Nassau
POINT (-73.67237 40.79616),"HSBC Bank USA, National Association",2030 Northern Boulevard,Manhasset,11030,Nassau
POINT (-73.18827 40.81199),"JPMorgan Chase Bank, National Association",1455 Veteran's Highway,Islandia,11749,Suffolk
POINT (-73.42359 40.7595),"Flagstar Bank, N.A.",610 Broadhollow Road,Melville,11747,Suffolk
POINT (-73.3646 40.86848),"JPMorgan Chase Bank, National Association",80 Broadway,Greenlawn,11740,Suffolk
POINT (-73.99738 40.71374),Global Bank,8 Catherine Street,New York,10038,New York
POINT (-73.89999 41.9486),Hudson Valley Federal Credit Union,6740 Route 9,Rhinebeck,12572,Dutchess
POINT (-73.61438 40.67999),"JPMorgan Chase Bank, National Association",1235 Grand Avenue,Baldwin,11510,Nassau
POINT (-73.6268 40.70727),"JPMorgan Chase Bank, National Association",49 North Franklin,Hempstead,11550,Nassau
POINT (-73.99631 40.71604),"HSBC Bank USA, National Association",58 Bowery,New York,10013,New York
POINT (-73.87833 40.87273),"JPMorgan Chase Bank, National Association",311 East 204th Street,Bronx,10467,Bronx
POINT (-73.97554 40.74925),"HSBC Bank USA, National Association",617 Third Ave.,New York,10158,New York
POINT (-74.16772 40.58516),"Flagstar Bank, N.A.",2555 Richmond Avenue,Staten Island,10314,Richmond
POINT (-73.50152 40.781),"JPMorgan Chase Bank, National Association",445 South Oyster Bay Boad,Plainview,11803,Nassau
POINT (-73.5129 40.75879),Habib American Bank,421 South Broadway,Hicksville,11801,Nassau
POINT (-75.92684 42.10131),Horizons Federal Credit Union,120 Main Street,Binghamton,13905,Broome
POINT (-73.99131 40.73572),"HSBC Bank USA, National Association",15 Union Square West,New York,10003,New York
POINT (-73.63129 40.86758),FourLeaf Federal Credit Union,111 School Street,Glen Cove,11542,Nassau
POINT (-73.96404 40.76499),"JPMorgan Chase Bank, National Association",1100 Third Avenue,New York,10065,New York
POINT (-73.90068 40.86261),"HSBC Bank USA, National Association",1 East Fordham Road,Bronx,10468,Bronx
POINT (-73.92243 41.60703),Hudson United Bank,Route 9 North,Wappingers Falls,12590,Dutchess
POINT (-73.85969 40.72937),"JPMorgan Chase Bank, National Association",97-41 Queens Boulevard,Queens,11374,Queens
POINT (-74.00873 40.71617),"HSBC Bank USA, National Association",110 West Broadway,New York,10013,New York
POINT (-73.83834 40.91137),"JPMorgan Chase Bank, National Association",22 West First Street,Mount Vernon,10550,Westchester
POINT (-73.87373 40.73466),"JPMorgan Chase Bank, National Association",8921 Queens Boulevard,Elmhurst,11373,Queens
POINT (-73.6117 40.65516),"JPMorgan Chase Bank, National Association",676 Sunrise Highway,Baldwin,11510,Nassau
POINT (-73.97663 40.75643),"JPMorgan Chase Bank, National Association",401 Madison Avenue,New York,10017,New York
POINT (-73.67455 40.70732),"JPMorgan Chase Bank, National Association",925 Hempstead Turnpike,Franklin Square,11010,Nassau
POINT (-73.98213 40.74611),"HSBC Bank USA, National Association",2 Park Avenue,New York,10016,New York
POINT (-73.9877 40.75108),"HSBC Bank USA, National Association",1350 Broadway,New York,10018,New York
POINT (-73.78415 41.27718),"JPMorgan Chase Bank, National Association",2035 Crompond Road,Yorktown Heights,10598,Westchester
POINT (-73.82717 40.75718),"HSBC Bank USA, National Association",41-77 Kissena Boulevard,Flushing,11355,Queens
POINT (-73.98664 40.75639),"JPMorgan Chase Bank, National Association",3 Times Square,New York,10036,New York
POINT (-73.33587 40.896),"JPMorgan Chase Bank, National Association",721 Fort Salonga Road,Northport,11768,Suffolk
POINT (-75.60661 43.07699),Genesee Valley FCU,390 West Seneca Street,Sherrill,13461,Oneida
POINT (-73.70263 40.6441),"HSBC Bank USA, National Association",1315 Peninsula Boulevard,Hewlett,11557,Nassau
POINT (-73.81934 41.05476),"JPMorgan Chase Bank, National Association",20 East Main Street,Elmsford,10523,Westchester
POINT (-73.77078 40.76324),"Flagstar Bank, N.A.",41-11 Bell Boulevard,Bayside,11361,Queens
POINT (-73.99742 40.71346),"HSBC Bank USA, National Association",11 East Broadway,New York,10038,New York
POINT (-73.73458 40.80064),"HSBC Bank USA, National Association",523 Middle Neck Road,Great Neck,11023,Nassau
POINT (-73.83034 40.75998),"HSBC Bank USA, National Association",39-10 Main Street,Flushing,11354,Queens
POINT (-73.81693 40.71835),"JPMorgan Chase Bank, National Association",14417 Union Turnpike,Flushing,11367,Queens
POINT (-73.99888 40.72291),"JPMorgan Chase Bank, National Association",525 Broadway,New York,10012,New York
POINT (-72.86444 40.78091),"JPMorgan Chase Bank, National Association",425 William Floyd Parkway,Shirley,11967,Suffolk
POINT (-73.95718 40.60925),"Flagstar Bank, N.A.",1608 Kings Highway,Homecrest,11229,Kings
POINT (-73.75867 41.02265),"JPMorgan Chase Bank, National Association",501 Mamaroneck Avenue,White Plains,10605,Westchester
POINT (-73.44564 40.7314),"JPMorgan Chase Bank, National Association",334 Main Street,Farmingdale,11735,Nassau
POINT (-73.19271 40.80981),Gold Coast Bank,2929 Expressway Drive North,Islandia,11749,Suffolk
POINT (-73.98089 40.7506),"JPMorgan Chase Bank, National Association",260 Madison Avenue,New York,10016,New York
POINT (-73.91792 40.72014),"JPMorgan Chase Bank, National Association",5754 Page Place,Maspeth,11378,Queens
POINT (-76.43789 43.32042),Fulton Savings Bank,1909 State Route 3,Fulton,13069,Oswego
POINT (-73.83934 41.66886),"JPMorgan Chase Bank, National Association",704 Freedom Plains Road,Poughkeepsie,12603,Dutchess
POINT (-73.47879 40.69336),Island Federal Credit Union,824 Hicksville Road,Massapequa,11758,Nassau
POINT (-73.41241 40.82886),"JPMorgan Chase Bank, National Association",55 West Jericho Turnpike,Huntington Station,11746,Suffolk
POINT (-73.65149 40.74535),"Flagstar Bank, N.A.",411 Jericho Turnpike,Mineola,11501,Nassau
POINT (-78.42715 42.0903),High Point Federal Credit Union,535 MAIN STREET,OLEAN,14760,Cattaraugus
POINT (-73.50035 40.76971),"Flagstar Bank, N.A.",509 Old Country Road,Plainview,11803,Nassau
POINT (-73.82429 41.74392),"JPMorgan Chase Bank, National Association",1 Maggiacomo Lane,Pleasant Valley,12569,Dutchess
POINT (-73.98398 40.74352),"Flagstar Bank, N.A.",404 Park Avenue South,New York,10016,New York
POINT (-73.98206 40.75188),"HSBC Bank USA, National Association",452 Fifth Avenue,New York,10018,New York
POINT (-73.87107 40.75202),"HSBC Bank USA, National Association",35-48 Junction Boulevard,Jackson Heights,11368,Queens
POINT (-73.23018 40.72699),"HSBC Bank USA, National Association",430 E. Main Street,Bayshore,11706,Suffolk
POINT (-73.68851 40.71982),"JPMorgan Chase Bank, National Association",110 Covert Avenue,Stewart Manor,11530,Nassau
POINT (-73.42958 40.68293),"Flagstar Bank, N.A.",6199 Sunrise Highway,Massapequa,11758,Nassau
POINT (-73.78202 40.695),"JPMorgan Chase Bank, National Association",110-36 Merrick Boulevard,Jamaica,11433,Queens
POINT (-73.93538 41.69428),Hudson Valley Federal Credit Union,45 Reade Place,Poughkeepsie,12601,Dutchess
POINT (-74.04158 41.12803),"JPMorgan Chase Bank, National Association",269 B North Main Street,Spring Valley,10977,Rockland
POINT (-73.96583 40.75431),"JPMorgan Chase Bank, National Association",900 First Avenue,New York,10022,New York
POINT (-73.22898 40.72878),FourLeaf Federal Credit Union,591 East Main Street,Bay Shore,11706,Suffolk
POINT (-73.05334 40.92953),"HSBC Bank USA, National Association",574 Jefferson Shpg Plaza,Port Jefferson,11776,Suffolk
POINT (-73.90463 40.74515),"JPMorgan Chase Bank, National Association",5926 Woodside Avenue,Woodside,11377,Queens
POINT (-73.42657 40.87249),FourLeaf Federal Credit Union,33 Gerard Street,Huntington,11743,Suffolk
POINT (-73.26571 40.72055),"JPMorgan Chase Bank, National Association",169 Orinoco Drive,Brightwaters,11718,Suffolk
POINT (-73.63679 40.72444),"Flagstar Bank, N.A.",108-110 Seventh Street,Garden City,11530,Nassau
POINT (-73.81885 40.89267),"JPMorgan Chase Bank, National Association",854 Pelham Parkway,Pelham,10803,Westchester
POINT (-73.98213 40.74611),"JPMorgan Chase Bank, National Association",2 Park Avenue,New York,10016,New York
POINT (-74.11222 40.56792),"JPMorgan Chase Bank, National Association",2626 Hylan Boulevard,Staten Island,10306,Richmond
POINT (-73.94741 40.81687),"JPMorgan Chase Bank, National Association",300 West 135th Street,New York,10030,New York
POINT (-73.60853 40.66689),FourLeaf Federal Credit Union,1800 Grand Avenue,Baldwin,11510,Nassau
POINT (-73.99041 40.74041),"JPMorgan Chase Bank, National Association",162 Fifth Avenue,New York,10010,New York
POINT (-73.86075 40.83717),"JPMorgan Chase Bank, National Association",1489 Metropolitan Avenue,Bronx,10462,Bronx
POINT (-73.93577 41.70992),Hudson United Bank,71 Dutchess Tpke,Poughkeepsie,12601,Dutchess
POINT (-73.82949 40.97756),"Flagstar Bank, N.A.",2320 Central Park Avenue,Yonkers,10710,Westchester
POINT (-74.00593 40.73597),"HSBC Bank USA, National Association",576 Hudson Street,New York,10014,New York
POINT (-73.88151 40.80903),"HSBC Bank USA, National Association",1360 East Bay Avenue,Bronx,10474,Bronx
POINT (-73.34678 40.70599),"HSBC Bank USA, National Association",85 Farmingdale Road,West Babylon,11704,Suffolk
POINT (-73.82604 40.74574),"JPMorgan Chase Bank, National Association",57-27 Main Street,Flushing,11355,Queens
POINT (-73.96498 40.71041),"Flagstar Bank, N.A.",97 Broadway,Brooklyn,11211,Kings
POINT (-73.70488 40.66813),FourLeaf Federal Credit Union,231 West Merrick Road,Valley Stream,11580,Nassau
POINT (-74.38001 41.23914),"JPMorgan Chase Bank, National Association",146 State Route 94 South,Warwick,10990,Orange
POINT (-73.82118 40.76531),"HSBC Bank USA, National Association",144-61 Northern Boulevard,Flushing,11354,Queens
POINT (-73.82435 40.6866),"JPMorgan Chase Bank, National Association",103-48 Lefferts Boulevard,Richmond Hill,11419,Queens
POINT (-73.73921 40.67565),"JPMorgan Chase Bank, National Association",23102 Merrick Boulevard,Laurelton,11413,Queens
POINT (-73.86365 40.67906),"JPMorgan Chase Bank, National Association",1240 Liberty Avenue,Brooklyn,11208,Kings
POINT (-73.98203 40.75769),"HSBC Bank USA, National Association",1185 Avenue of the Americas,New York,10036,New York
POINT (-78.13053 42.75935),Genesee Valley FCU,445 North Main Street,Warsaw,14569,Wyoming
POINT (-73.9669 40.80373),"JPMorgan Chase Bank, National Association",2824 Broadway,New York,10025,New York
POINT (-74.10334 40.61584),"Flagstar Bank, N.A.",1270 Clove Road,Staten Island,10301,Richmond
POINT (-73.8813 40.74206),"HSBC Bank USA, National Association",82-57 Broadway,Elmhurst,11373,Queens
POINT (-73.9848 40.73657),"JPMorgan Chase Bank, National Association",233 Third Avenue,New York,10003,New York
POINT (-73.95587 40.77961),"JPMorgan Chase Bank, National Association",126 East 86th Street,New York,10028,New York
POINT (-73.86593 40.87778),"JPMorgan Chase Bank, National Association",3514 White Plains Road,Bronx,10467,Bronx
POINT (-74.02094 41.69187),Hudson Valley Federal Credit Union,650 US Highway 9W,Highland,12528,Ulster
POINT (-73.24645 40.7787),"JPMorgan Chase Bank, National Association",1800 Brentwood Road,Brentwood,11717,Suffolk
POINT (-73.64007 40.70522),"Flagstar Bank, N.A.",50 Hempstead Turnpike,West Hempstead,11552,Nassau
POINT (-72.94002 40.7583),"HSBC Bank USA, National Association",20 Station Road,Bellport,11713,Suffolk
POINT (-73.83412 40.75768),"JPMorgan Chase Bank, National Association",4024 College Point Boulevard,Flushing,11354,Queens
POINT (-73.89662 40.70589),"JPMorgan Chase Bank, National Association",66-94 Fresh Pond Road,Ridgewood,11385,Queens
POINT (-73.7015 40.63814),"Flagstar Bank, N.A.",1280 Broadway,Hewlett,11557,Nassau
POINT (-73.7462 40.7358),"Flagstar Bank, N.A.",224-04 UNION TURNPIKE,BAYSIDE,11364,Queens
POINT (-74.23017 41.52584),Hometown Bank of the Hudson Valley,201 Ward Street,Montgomery,12549,Orange
POINT (-73.78125 41.27721),"JPMorgan Chase Bank, National Association",2002 Commerce Street,Yorktown Heights,10598,Westchester
POINT (-73.98732 40.72911),"HSBC Bank USA, National Association",143 Second Avenue,New York,10003,New York
POINT (-73.9809 40.75059),"Flagstar Bank, N.A.",261 Madison Avenue,New York,10016,New York
POINT (-74.77016 43.10294),G.P.O Federal Credit Union,39 North Main Street,Dolgeville,13329,Herkimer
POINT (-73.94228 40.79084),"JPMorgan Chase Bank, National Association",2065 Second Avenue,New York,10029,New York
POINT (-73.02166 40.82954),"JPMorgan Chase Bank, National Association",2430 North Ocean Avenue,Farmingville,11738,Suffolk
POINT (-73.97145 40.75488),"HSBC Bank USA, National Association",777 Third Avenue,New York,10017,New York
,Hudson Valley Federal Credit Union,1639 Ulster Avenue,Kingston,12401,Ulster
POINT (-73.1028 40.78258),"HSBC Bank USA, National Association",4040 Veteran's Memorial Highway,Bohemia,11716,Suffolk
POINT (-73.85505 40.74349),"Flagstar Bank, N.A.",51-13 108th Street,Corona Heights,11368,Queens
POINT (-73.25383 40.88274),"JPMorgan Chase Bank, National Association",38 Indian Head Road,Kings Park,11754,Suffolk
POINT (-73.99823 40.72366),"HSBC Bank USA, National Association",550 Broadway,New York,10012,New York
POINT (-73.77427 40.98454),"JPMorgan Chase Bank, National Association",20 Palmer Avenue,Scarsdale,10583,Westchester
POINT (-73.8085 40.7639),"Flagstar Bank, N.A.",156-10 Northern Boulevard,Flushing,11354,Queens
POINT (-75.90518 42.13139),GHS Federal Credit Union,910 Front Street,Binghamton,13905,Broome
POINT (-73.93524 41.64979),Hudson Valley Federal Credit Union,159 Barnegat Road,Poughkeepsie,12601,Dutchess
POINT (-73.78481 40.75789),"Flagstar Bank, N.A.",196-21 Northern Boulevard,Flushing,11358,Queens
POINT (-73.61969 40.87469),"JPMorgan Chase Bank, National Association",195C Forest Avenue,Glen Cove,11542,Nassau
POINT (-74.17371 41.42213),"JPMorgan Chase Bank, National Association",76 Main Street,Washingtonville,10992,Orange
POINT (-74.326 41.40302),"JPMorgan Chase Bank, National Association",100 Canal Street,Goshen,10924,Orange
POINT (-74.00589 40.70623),"JPMorgan Chase Bank, National Association",155 Water Street,New York,10038,New York
POINT (-73.89301 40.84629),"JPMorgan Chase Bank, National Association",601 East Tremont Avenue,Bronx,10457,Bronx
POINT (-73.05476 40.9178),FourLeaf Federal Credit Union,4802 Nesconset Highway,Port Jefferson Station,11776,Suffolk
POINT (-73.82946 40.85185),"JPMorgan Chase Bank, National Association",3217 Westchester Avenue,Bronx,10461,Bronx
POINT (-76.15251 43.30065),Fulton Savings Bank,885 U.S. Route 11,Central Square,13036,Oswego
POINT (-72.64178 40.81053),"JPMorgan Chase Bank, National Association",154 Main Street,Westhampton,11978,Suffolk
POINT (-73.64392 40.65738),"Flagstar Bank, N.A.",279 SUNRISE HIGHWAY,ROCKVILLE CENTER,11570,Nassau
POINT (-73.97957 40.5963),"Flagstar Bank, N.A.",132 Avenue U,Brooklyn,11223,Kings
POINT (-73.65019 40.77506),FourLeaf Federal Credit Union,1145 Willis Avenue,Albertson,11507,Nassau
POINT (-78.44385 42.08515),High Point Federal Credit Union,1201 WAYNE STREET,OLEAN,14760,Cattaraugus
POINT (-73.78924 40.76576),"HSBC Bank USA, National Association",34-15 Francis Lewis Boulevard,Flushing,11358,Queens
POINT (-73.85192 40.83443),"JPMorgan Chase Bank, National Association",1309 Castle Hill Avenue,Bronx,10462,Bronx
POINT (-74.05912 41.45511),Hudson United Bank,115 Temple Hill Road,New Windsor,12553,Orange
POINT (-73.69736 42.75893),Hudson River Community Credit Union,35 Niver Street,Cohoes,12047,Albany
POINT (-72.86789 40.80261),"JPMorgan Chase Bank, National Association",645 William Floyd Parkway,Shirley,11967,Suffolk
POINT (-73.96961 40.69311),"JPMorgan Chase Bank, National Association",402 Myrtle Avenue,Brooklyn,11205,Kings
POINT (-73.9673 40.75657),"JPMorgan Chase Bank, National Association",993 Second Avenue,New York,10022,New York
POINT (-73.05461 40.93783),"JPMorgan Chase Bank, National Association",60 North Country Road,Port Jefferson,11777,Suffolk
POINT (-73.83174 41.29152),"JPMorgan Chase Bank, National Association",3394 Crompond Road,Yorktown,10598,Westchester
POINT (-73.81522 40.95251),"HSBC Bank USA, National Association",356 White Plains Road,Eastchester,10709,Westchester
POINT (-73.32211 40.86948),FourLeaf Federal Credit Union,357 Larkfield Road,East Northport,11731,Suffolk
POINT (-73.99124 40.72982),"JPMorgan Chase Bank, National Association",26 Astor Place,New York,10003,New York
POINT (-74.00999 41.19896),"JPMorgan Chase Bank, National Association",58 West Ramapo Road,Garnersville,10923,Rockland
POINT (-73.82706 40.94994),"JPMorgan Chase Bank, National Association",62 Main Street,Tuckahoe,10707,Westchester
POINT (-73.88537 40.72239),"JPMorgan Chase Bank, National Association",7407 Eliot Avenue,Middle Village,11379,Queens
POINT (-73.96231 40.77608),"JPMorgan Chase Bank, National Association",1025 Madison Avenue,New York,10075,New York
POINT (-73.79095 41.13369),"JPMorgan Chase Bank, National Association",444 Bedford Road,Pleasantville,10570,Westchester
POINT (-73.99045 41.1363),"JPMorgan Chase Bank, National Association",316 South Main Street,New City,10956,Rockland
POINT (-73.91814 40.62581),"JPMorgan Chase Bank, National Association",2110 Ralph Avenue,Brooklyn,11234,Kings
POINT (-73.9312 41.76467),Hudson Valley Federal Credit Union,4011 Albany Post Road,Hyde Park,12538,Dutchess
POINT (-72.39074 40.88679),"HSBC Bank USA, National Association",25 Nugent Street,Southampton,11968,Suffolk
POINT (-74.00727 40.62044),"HSBC Bank USA, National Association",7424 13th Avenue,Brooklyn,11228,Kings
POINT (-74.28992 41.22677),"JPMorgan Chase Bank, National Association",138 Windermere Avenue,Greenwood Lake,10925,Rockland
POINT (-73.56433 40.72285),"JPMorgan Chase Bank, National Association",1960 Hempstead Turnpike,East Meadow,11554,Nassau
POINT (-73.98215 40.73194),"JPMorgan Chase Bank, National Association",255-57 First Avenue,New York,10003,New York
POINT (-73.69701 40.74093),"JPMorgan Chase Bank, National Association",350 Hillside Avenue,New Hyde Park,11040,Nassau
POINT (-73.43691 40.67737),"HSBC Bank USA, National Association",5500 Sunrise Highway,Massapequa,11758,Nassau
POINT (-73.79067 40.7679),"JPMorgan Chase Bank, National Association",3245 Francis Lewis Boulevard,Flushing,11358,Queens
POINT (-73.89141 40.84556),"JPMorgan Chase Bank, National Association",695 East Tremont Avenue,Bronx,10457,Bronx
POINT (-73.09887 40.78216),"JPMorgan Chase Bank, National Association",4170 Veterans Memorial Highway,Bohemia,11716,Suffolk
POINT (-73.0723 40.90513),"HSBC Bank USA, National Association",4036 Nesconset Highway,South Setauket,11733,Suffolk
POINT (-73.53213 40.78199),"HSBC Bank USA, National Association",366 North Broadway,Jericho,11753,Nassau
POINT (-73.80967 40.91136),"HSBC Bank USA, National Association",50 Fifth Avenue,Pelham,10803,Westchester
POINT (-73.83418 40.9745),"HSBC Bank USA, National Association",2205 Central Park Avenue,Yonkers,10710,Westchester
POINT (-73.95109 40.8257),"JPMorgan Chase Bank, National Association",3515 Broadway,New York,10031,New York
POINT (-74.32734 41.40258),Hudson Heritage Federal Credit Union,117 Grand Street,Goshen,10924,Orange
POINT (-72.66538 40.93452),"JPMorgan Chase Bank, National Association",655 Old Country Road,Riverhead,11901,Suffolk
POINT (-75.90993 42.09908),GHS Federal Credit Union,105 Court Street,Binghamton,13901,Broome
POINT (-73.52835 40.76602),"Flagstar Bank, N.A.",100 Duffy Avenue,Hicksville,11801,Nassau
POINT (-73.91619 40.62581),"HSBC Bank USA, National Association",2145 Ralph Avenue,Brooklyn,11234,Kings
POINT (-73.49648 40.81052),"JPMorgan Chase Bank, National Association",550 Jericho Turnpike,Syosset,11791,Nassau
POINT (-73.80788 40.99),"JPMorgan Chase Bank, National Association",54 East Parkway,Scarsdale,10583,Westchester
POINT (-73.24438 40.72384),"Flagstar Bank, N.A.",130 East Main Street,Bay Shore,11706,Suffolk
POINT (-73.91497 40.71348),"JPMorgan Chase Bank, National Association",5115 Metropolitan Avenue,Ridgewood,11385,Kings
POINT (-73.81185 40.72749),"JPMorgan Chase Bank, National Association",156-17 73rd Avenue,Flushing,11367,Queens
POINT (-73.84582 40.78405),"Flagstar Bank, N.A.",15-01 College Point Boulevard,College Point,11356,Queens
POINT (-73.83412 40.75768),"JPMorgan Chase Bank, National Association",4024 COLLEGE POINT BLVD,FLUSHING,11354,Queens
POINT (-73.9173 41.6218),Hudson Valley Federal Credit Union,Route 9,Poughkeepsie,12601,Dutchess
POINT (-73.99174 40.73135),"JPMorgan Chase Bank, National Association",785 Broadway,New York,10003,New York
POINT (-73.0867 40.85805),"JPMorgan Chase Bank, National Association",2102 Middle Country Road,Centereach,11720,Suffolk
POINT (-76.83961 42.90871),Generations Bank,1865 North Road,Waterloo,13165,Seneca
POINT (-73.04693 40.74905),"JPMorgan Chase Bank, National Association",925 Montauk Highway,Bayport,11705,Suffolk
POINT (-74.20986 41.51361),Hudson Valley Federal Credit Union,30 Hawkins Drive,Montgomery,12549,Orange
POINT (-73.76994 40.76245),"Flushing Savings Bank, FSB",42-11 Bell Boulevard,Bayside,11361,Queens
POINT (-73.93009 40.65122),"JPMorgan Chase Bank, National Association",891 Utica Avenue,Brooklyn,11203,Kings
POINT (-73.95734 40.80172),"HSBC Bank USA, National Association",2063 Fredrick Douglas Boulevard,New York,10026,New York
POINT (-78.4004 43.20655),Generations Bank,11182 MAPLE RIDGE ROAD,MEDINA,14103,Orleans
POINT (-73.86121 40.83743),"HSBC Bank USA, National Association",1499 West Avenue,Bronx,10462,Bronx
POINT (-74.02002 41.5212),"JPMorgan Chase Bank, National Association",5020 Route 9W,Newburgh,12550,Orange
POINT (-74.165938 41.314736),Greater Hudson Bank,360 Route 17M,Monroe,10950,Orange
POINT (-73.90868 41.22794),"JPMorgan Chase Bank, National Association",2003 Albany Post Road,Croton on Hudson,10520,Westchester
POINT (-73.95547 40.67051),"JPMorgan Chase Bank, National Association",391 Eastern Parkway,Brooklyn,11216,Kings
POINT (-73.04517 40.86443),Island Federal Credit Union,920 Middle Country Road,Selden,11784,Suffolk
POINT (-74.07204 41.52708),Hometown Bank of the Hudson Valley,211 South Plank Road,Newburgh,12550,Orange
POINT (-74.68462 41.65444),"JPMorgan Chase Bank, National Association",411 Broadway,Monticello,12701,Sullivan
POINT (-73.33104 40.76409),"JPMorgan Chase Bank, National Association",1948 Deer Park Avenue,Deer Park,11729,Suffolk
POINT (-74.16439 40.54318),"Flagstar Bank, N.A.",4523 Amboy Road,Staten Island,10312,Richmond
POINT (-72.94129 40.94358),"JPMorgan Chase Bank, National Association",346-20 Route 25A,Rocky Point,11778,Suffolk
POINT (-76.41811 43.31475),Fulton Savings Bank,356 West 1st Street,Fulton,13069,Oswego
POINT (-74.08691 40.5939),"HSBC Bank USA, National Association",1413 Hylan Boulevard,Staten Island,10305,Richmond
POINT (-73.98941 40.75259),"JPMorgan Chase Bank, National Association",498 Fashion Avenue,New York,10018,New York
POINT (-73.90372 40.74123),"Flagstar Bank, N.A.",60-10 Queens Boulevard,Woodside,11377,Queens
POINT (-73.26145 40.80623),Island Federal Credit Union,120 Motor Parkway,Hauppauge,11788,Suffolk
POINT (-74.18478 41.19446),"JPMorgan Chase Bank, National Association",241 Route 17 (Orange Turnpike),Tuxedo,10987,Rockland
POINT (-73.89054 40.74722),"JPMorgan Chase Bank, National Association",3767 75th Street,Jackson Heights,11372,Queens
POINT (-73.96507 41.71136),Hudson Valley Federal Credit Union,101 Tillson Avenue,Highland,12525,Dutchess
POINT (-73.75584 41.34467),"JPMorgan Chase Bank, National Association",80 U.S. Route 6,Baldwin Place,10505,Putnam
POINT (-73.10993 40.93605),"JPMorgan Chase Bank, National Association",1395  Route 25A,Setauket,11733,Suffolk
POINT (-73.66861 40.68894),"HSBC Bank USA, National Association",682 Dogwood Avenue,Franklin Square,11010,Nassau
POINT (-73.77431 40.90597),"JPMorgan Chase Bank, National Association",105 Pelham Road,New Rochelle,10805,Westchester
POINT (-73.78146 40.72917),"JPMorgan Chase Bank, National Association",187-15 Union Turnpike,Flushing,11366,Queens
POINT (-72.86199 40.80181),"Flagstar Bank, N.A.",950 Montauk Highway,Shirley,11967,Suffolk
POINT (-73.99946 40.73845),"JPMorgan Chase Bank, National Association",158 West 14th Street,New York,10011,New York
POINT (-75.91469 44.33178),Gouverneur Savings & Loan Association,15 NYS Route 12,Alexandria Bay,13607,Jefferson
POINT (-73.9543 40.59905),"HSBC Bank USA, National Association",1702 Avenue U,Brooklyn,11229,Kings
POINT (-74.02124 41.05932),"JPMorgan Chase Bank, National Association",1 East Central Avenue,Pearl River,10965,Rockland
POINT (-73.8643 40.92266),"HSBC Bank USA, National Association",778 Yonkers Avenue,Yonkers,10704,Westchester
POINT (-73.34601 40.6861),"Flagstar Bank, N.A.",653 Montauk Highway,West Babylon,11704,Suffolk
POINT (-73.85974 40.73773),"JPMorgan Chase Bank, National Association",5702 99th Street,Corona,11368,Queens
POINT (-74.00885 40.61893),"Flagstar Bank, N.A.",7709 13th Avenue,Brooklyn,11228,Kings
POINT (-73.80585 40.76302),"Flushing Savings Bank, FSB",159-18 Northern Boulevard,Flushing,11358,Queens
POINT (-73.03835 40.77908),"JPMorgan Chase Bank, National Association","499 North Service Road, Suite 84",Patchogue,11772,Suffolk
POINT (-76.13315 43.28694),Fulton Savings Bank,3069 East Avenue,Central Square,13036,Oswego
POINT (-73.93287 41.78343),"JPMorgan Chase Bank, National Association",4277 Albany Post Road,Hyde Park,12538,Dutchess
POINT (-72.5254 40.87714),"JPMorgan Chase Bank, National Association",47 Montauk Highway,Hampton Bays,11946,Suffolk
POINT (-73.66986 40.73808),Hanover Community Bank,2131 JERICHO TURNPIKE,GARDEN CITY PARK,11040,Nassau
POINT (-73.72623 40.76405),"Flagstar Bank, N.A.",254-09 Horace Harding Expressway,Deepdale,11362,Queens
POINT (-74.4172 41.44975),"JPMorgan Chase Bank, National Association",135 North Street,Middletown,10940,Orange
POINT (-73.98201 40.77672),"JPMorgan Chase Bank, National Association",2030  Broadway,New York,10023,New York
POINT (-73.91487 40.76406),"JPMorgan Chase Bank, National Association",28-56 Steinway Street,Queens,11103,Queens
POINT (-74.12288 40.61305),"Flagstar Bank, N.A.",1785 Victory Boulevard,Staten Island,10314,Richmond
POINT (-73.72352 40.72508),"Flagstar Bank, N.A.",244 19 Braddock Avenue,Bellerose,11426,Queens
POINT (-73.16994 40.8472),"JPMorgan Chase Bank, National Association",705 Smithtown Bypass,Smithtown,11787,Suffolk
POINT (-73.41105 40.82207),"HSBC Bank USA, National Association",160 Walt Whitman Road,Huntington Station,11746,Suffolk
POINT (-72.80835 40.80273),"JPMorgan Chase Bank, National Association",790 Montauk Highway,Center Moriches,11934,Suffolk
POINT (-73.79572 40.94686),"HSBC Bank USA, National Association",1300 North Avenue,New Rochelle,10804,Westchester
POINT (-73.94343 40.82348),"JPMorgan Chase Bank, National Association",330  West 145th Street,New York,10039,New York
,"JPMorgan Chase Bank, National Association",polaris pkwy,new york,,Albany
POINT (-73.45503 40.73115),"Flagstar Bank, N.A.",14 Conklin Street,Farmingdale,11735,Nassau
POINT (-74.36081 41.45054),Hudson Valley Federal Credit Union,85 Crystal Run Road,Middletown,10940,Orange
POINT (-73.10495 40.75766),Island Federal Credit Union,4820 Sunrise Highway,Sayville,11782,Suffolk
POINT (-73.8346 40.97375),"JPMorgan Chase Bank, National Association",2195 Central Park Avenue,Yonkers,10710,Westchester
POINT (-73.95279 40.74247),"JPMorgan Chase Bank, National Association",10-51 Jackson Avenue,Queens,11101,Queens
POINT (-76.99766 42.85866),Generations Bank,342 Hamilton Street,Geneva,14456,Ontario
POINT (-73.70339 40.6872),FourLeaf Federal Credit Union,1633 Dutch Broadway,Elmont,11003,Nassau
POINT (-72.3593 41.10352),"JPMorgan Chase Bank, National Association",238 Main Street,Greenport,11944,Suffolk
POINT (-73.83737 40.91466),"HSBC Bank USA, National Association",123 Gramatan Avenue,Mount Vernon,10550,Westchester
POINT (-73.94051 40.79816),"JPMorgan Chase Bank, National Association",179 East 116th Street,New York,10029,New York
POINT (-73.81859 40.70819),"JPMorgan Chase Bank, National Association",138-02 Queens Boulevard,Jamaica,11435,Queens
POINT (-73.57198 43.32015),Hudson River Community Credit Union,3762 Burgoyne Avenue,Hudson Falls,12839,Washington
POINT (-73.97823 40.75115),"HSBC Bank USA, National Association",101 Park Avenue,New York,10178,New York
POINT (-74.35878 41.2579),Greater Hudson Bank,62 Main Street,Warwick,10990,Orange
POINT (-73.84183 40.68989),"JPMorgan Chase Bank, National Association",102-20 Atlantic Avenue,Ozone Park,11416,Queens
POINT (-74.01427 41.08702),"JPMorgan Chase Bank, National Association",250 South Middletown Road,Nanuet,10954,Rockland
POINT (-73.37219 40.68602),"JPMorgan Chase Bank, National Association",166 S. Wellwood Avenue,Lindenhurst,11757,Suffolk
POINT (-73.45218 40.66627),"JPMorgan Chase Bank, National Association",4970 Merrick Road,Massapequa Park,11762,Nassau
POINT (-73.77062 40.76291),"JPMorgan Chase Bank, National Association",41-22 Bell Boulevard,Bayside,11361,Queens
POINT (-73.84978 40.73331),"JPMorgan Chase Bank, National Association",6363 108th Street,Forest Hills,11375,Queens
POINT (-73.9778 40.77889),"HSBC Bank USA, National Association",301 Columbus Avenue,New York,10023,New York
POINT (-73.96262 40.767),"HSBC Bank USA, National Association",1165 Third Avenue,New York,10021,New York
POINT (-73.98335 40.68951),"JPMorgan Chase Bank, National Association",490 Fulton Street,Brooklyn,11201,Kings
POINT (-73.67159 40.65648),"HSBC Bank USA, National Association",15 Atlantic Avenue,Lynbrook,11563,Nassau
POINT (-74.29597 41.60375),Hudson Heritage Federal Credit Union,36 Boniface Drive,Pine Bush,12566,Orange
POINT (-77.57468 43.10912),Genesee Regional Bank,1850 South Winton Road,Rochester,14618,Monroe
POINT (-73.77766 40.67842),"JPMorgan Chase Bank, National Association",165-40 Baisley Boulevard,Queens,11434,Queens
POINT (-73.89839 40.93535),"Flagstar Bank, N.A.",One Manor House Square,Yonkers,10701,Westchester
POINT (-73.99208 40.74508),FourLeaf Federal Credit Union,111 West 26th Street,New York,10001,New York
POINT (-73.91807 41.0917),"JPMorgan Chase Bank, National Association",20 North Broadway,Nyack,10960,Rockland
POINT (-73.63491 40.73365),"Flagstar Bank, N.A.",1225 FRANKLIN AVE,GARDEN CITY,11530,Nassau
POINT (-74.13244 40.56374),"JPMorgan Chase Bank, National Association",3155 Amboy Road,Staten Island,10306,Richmond
POINT (-73.91138 40.77662),"Flagstar Bank, N.A.",29-10 Ditmars Boulevard,Astoria,11105,Queens
POINT (-74.01336 40.70566),"HSBC Bank USA, National Association",26 Broadway,New York,10004,New York
POINT (-73.96955 40.76346),"JPMorgan Chase Bank, National Association",510 Park Avenue,New York,10022,New York
POINT (-73.98841 40.73726),"Flushing Savings Bank, FSB",225 Park Avenue South,New York,10003,New York
POINT (-73.66501 40.58838),FourLeaf Federal Credit Union,26 West Park Avenue,Long Beach,11561,Nassau
POINT (-73.66736 40.67776),"JPMorgan Chase Bank, National Association",368 Hempstead Avenue,Malverne,11565,Nassau
POINT (-73.90241 40.70049),"Flagstar Bank, N.A.",57-32 Myrtle Avenue,Ridgewood,11385,Queens
POINT (-73.97067 40.76189),"Flagstar Bank, N.A.",405 Park Avenue,New York,10022,New York
POINT (-73.94457 40.79171),"JPMorgan Chase Bank, National Association",1924 Third Avenue,New York,10029,New York
POINT (-73.88615 41.20161),"JPMorgan Chase Bank, National Association",171 South Riverside Avenue,Croton on Hudson,10520,Westchester
POINT (-74.09472 40.58468),"Flagstar Bank, N.A.",1833 Hylan Boulevard,Staten Island,10305,Richmond
POINT (-73.9293 41.66567),"JPMorgan Chase Bank, National Association",2586 South Road (Route 9),Poughkeepsie,12601,Dutchess
POINT (-74.03211 40.62088),"Flagstar Bank, N.A.",9003 3rd Avenue,Brooklyn,11209,Kings
POINT (-73.55288 40.66609),"Flagstar Bank, N.A.",2111 Merrick Avenue,Merrick,11566,Nassau
POINT (-73.95518 41.0453),"JPMorgan Chase Bank, National Association",60 Dutch Hills Road,Orangeburg,10962,Rockland
POINT (-73.91935 40.76594),"Flagstar Bank, N.A.",33-12 30th Avenue,Astoria,11103,Queens
POINT (-73.80946 40.91175),"JPMorgan Chase Bank, National Association",35 Fifth Avenue,Pelham,10803,Westchester
POINT (-73.83412 40.75768),"JPMorgan Chase Bank, National Association",4024 College Point Boulevard,Flushing,11354,Queens
POINT (-73.96751 41.70142),Hudson Valley Federal Credit Union,3650 US Highway 9W,Highland,12528,Ulster
POINT (-73.81279 40.72809),"HSBC Bank USA, National Association",156-02 Agular Avenue,Flushing,11367,Queens
POINT (-73.65893 43.30408),Hudson River Community Credit Union,160 Broad Street,Glens Falls,12801,Warren
POINT (-73.95981 40.61803),"JPMorgan Chase Bank, National Association",1501 Avenue M,Brooklyn,11230,Kings
POINT (-73.62915 40.70685),FourLeaf Federal Credit Union,170 Fulton Avenue,Hempstead,11550,Nassau
POINT (-73.84274 40.6852),"Flagstar Bank, N.A.",98-16 101st Avenue,Ozone Park,11416,Queens
POINT (-73.66187 41.00243),"JPMorgan Chase Bank, National Association",122 North Main Street,Port Chester,10573,Westchester
POINT (-73.16724 40.84825),"Flagstar Bank, N.A.",719 Smithtown By-Pass,Smithtown,11787,Suffolk
POINT (-73.91056 40.66973),"JPMorgan Chase Bank, National Association",1697 Pitkin Ave,Brooklyn,11212,Kings
POINT (-73.99756 40.71416),"JPMorgan Chase Bank, National Association",2 Bowery,New York,10013,New York
POINT (-74.13111 40.61632),"Flagstar Bank, N.A.",832 Jewett Avenue,Staten Island,10314,Richmond
POINT (-73.89019 40.75472),"Flagstar Bank, N.A.",76-02 Northern Boulevard,Jackson Heights,11372,Queens
POINT (-74.20257 41.52605),Hudson Heritage Federal Credit Union,17 Walnut Stret,Montgomery,12549,Orange
POINT (-73.70763 40.97009),"JPMorgan Chase Bank, National Association",402 Halstead Avenue,Harrison,10528,Westchester
POINT (-74.03271 40.61944),"HSBC Bank USA, National Association",9201 3rd Avenue,Brooklyn,11209,Kings
POINT (-73.93139 41.65904),Hudson Valley Federal Credit Union,2455 South Road,Poughkeepsie,12601,Dutchess
POINT (-74.2162 40.52223),"JPMorgan Chase Bank, National Association",6390 Amboy Road,Staten Island,10309,Richmond
POINT (-73.72424 40.62248),"HSBC Bank USA, National Association",125 Cedarhurst Avenue,Cedarhurst,11516,Nassau
POINT (-73.53643 40.74235),"JPMorgan Chase Bank, National Association",681 Newbridge Road,Levittown,11756,Nassau
POINT (-77.56755 43.12855),"JPMorgan Chase Bank, National Association",1775  Monroe Avenue,Rochester,14618,Monroe
POINT (-73.76998 41.05259),"JPMorgan Chase Bank, National Association",566 North Broadway,White plains,10603,Westchester
POINT (-73.83549 40.94064),"JPMorgan Chase Bank, National Association",132 Parkway Road,Bronxville,10708,Westchester
POINT (-73.86337 41.16063),"JPMorgan Chase Bank, National Association",21 Spring Street,Ossining,10562,Westchester
,"JPMorgan Chase Bank, National Association",77-01 31st Avenue,Jackson Heights,11370,Queens
POINT (-72.66278 40.91693),"JPMorgan Chase Bank, National Association",7 West Main Street,Riverhead,11901,Suffolk
POINT (-73.7139 40.74605),"HSBC Bank USA, National Association",257-15 Union Turnpike,Glen Oaks,11004,Queens
POINT (-73.90958 40.75216),"HSBC Bank USA, National Association",51-20 Northern Boulevard,Woodside,11377,Queens
POINT (-73.95713 40.78267),"HSBC Bank USA, National Association",45 East 89th Street,New York,10128,New York
POINT (-73.32085 40.83945),"JPMorgan Chase Bank, National Association",17 Huntington Square Mall,East Northport,11731,Suffolk
POINT (-77.35912 42.97463),Generations Bank,6120 ROUTE 96,FARMINGTON,14425,Ontario
POINT (-73.92967 40.65187),"JPMorgan Chase Bank, National Association",5015 Church Avenue,Brooklyn,11203,Kings
POINT (-74.02671 40.63409),"Flushing Savings Bank, FSB",7102 3rd Avenue,Brooklyn,11209,Kings
POINT (-73.00919 40.78463),"JPMorgan Chase Bank, National Association",472 Medford,North Patchogue,11772,Suffolk
POINT (-73.91918 40.75906),"JPMorgan Chase Bank, National Association",38-18 Broadway,Queens,11103,Queens
POINT (-73.87567 40.73563),"HSBC Bank USA, National Association",87-03 Queens Boulevard,Elmhurst,11373,Queens
POINT (-77.62761 43.12909),"JPMorgan Chase Bank, National Association",755 Library Road,Rochester,14627,Monroe
POINT (-74.16368 40.57759),"HSBC Bank USA, National Association",280 Marsh Avenue,Staten Island,10314,Richmond
POINT (-73.43114 40.87063),"HSBC Bank USA, National Association",355 West Main Street,Huntington,11743,Suffolk
POINT (-75.68817 43.07801),G.P.O Federal Credit Union,1000 Oneida Plaza Drive,Oneida,13421,Madison
POINT (-73.75914 40.933),"JPMorgan Chase Bank, National Association",124 Chatsworth Avenue,Larchmont,10538,Westchester
POINT (-73.89723 40.86742),"JPMorgan Chase Bank, National Association",2 East Kingsbridge Road,Bronx,10468,Bronx
POINT (-72.67583 40.93236),Island Federal Credit Union,1071 Old Country Road,Riverhead,11901,Suffolk
POINT (-73.90759 40.88813),"JPMorgan Chase Bank, National Association",3775 Riverdale,Bronx,10463,Bronx
POINT (-73.89547 40.86218),"JPMorgan Chase Bank, National Association",257 East Fordham Road,Bronx,10458,Bronx
POINT (-73.99658 40.68093),"JPMorgan Chase Bank, National Association",390 Court Street,Brooklyn,11231,Kings
POINT (-73.57545 41.42931),Hudson Valley Federal Credit Union,1620 Route 22,Brewster,10509,Putnam
POINT (-73.68761 41.32609),"JPMorgan Chase Bank, National Association",202 Somerstown Center and Route 100,Somers,10589,Westchester
POINT (-73.86288 40.90184),"JPMorgan Chase Bank, National Association",1044 McLean Avenue,Yonkers,10704,Westchester
POINT (-73.98206 40.76274),"JPMorgan Chase Bank, National Association",810 Seventh Avenue,New York,10019,New York
POINT (-73.83569 40.78293),"Flagstar Bank, N.A.",133-11 20th Avenue,College Point,11356,Queens
POINT (-73.61958 40.83654),"JPMorgan Chase Bank, National Association",240 Glen Head Road,Glen Head,11545,Nassau
POINT (-73.82856 40.75997),"Flushing Savings Bank, FSB",136-41 Roosevelt Avenue,Flushing,11354,Queens
POINT (-77.62609 43.12188),"JPMorgan Chase Bank, National Association",260 Crittenden Boulevard,Rochester,14642,Monroe
POINT (-73.43146 40.68136),"JPMorgan Chase Bank, National Association",Sunrise Mall 6 Carmans Road,Massapequa,11758,Nassau
POINT (-73.83165 40.84722),"JPMorgan Chase Bank, National Association",3008 Buhre Avenue,Bronx,10461,Bronx
POINT (-73.66896 40.99313),"JPMorgan Chase Bank, National Association",112 Midland Avenue,Portchester,10573,Westchester
POINT (-73.88306 40.83758),"JPMorgan Chase Bank, National Association",74 Horizon Plaza,Bronx,10460,Bronx
POINT (-73.98944 40.6376),"HSBC Bank USA, National Association",4410 13th Avenue,Brooklyn,11219,Kings
POINT (-73.73595 40.71824),"JPMorgan Chase Bank, National Association",219-01 Jamaica Avenue,Queens,11428,Queens
POINT (-74.00579 41.09463),"JPMorgan Chase Bank, National Association",123 East Route 59,Nanuet,10954,Rockland
POINT (-73.50162 40.82649),"Flagstar Bank, N.A.",2 Muttontown Road,Syosset,11791,Nassau
POINT (-73.97091 40.76121),"JPMorgan Chase Bank, National Association",445 Park Avenue,New York,10022,New York
POINT (-73.71428 41.12603),"JPMorgan Chase Bank, National Association","400 Main Street, Suite 1",Armonk,10504,Westchester
POINT (-73.455 40.66615),"Flagstar Bank, N.A.",4848 Merrick Road,Massapequa Park,11762,Nassau
POINT (-73.47999 40.74311),"JPMorgan Chase Bank, National Association",365 Broadway,Bethpage,11714,Nassau
POINT (-73.97527 40.79001),"HSBC Bank USA, National Association",2411 Broadway,New York,10024,New York
,Hudson United Bank,Reade Place,Poughkeepsie,12601,Dutchess
POINT (-73.41771 40.67127),"Flagstar Bank, N.A.",111-01 Merrick Road,Amityville,11701,Suffolk
POINT (-73.56986 40.75131),FourLeaf Federal Credit Union,750 Old Country Road,Westbury,11590,Nassau
POINT (-73.82307 43.24443),Hudson River Community Credit Union,One Third Street,Corinth,12822,Saratoga
POINT (-73.49682 40.72611),"JPMorgan Chase Bank, National Association",3737 Hempstead Turnpike,Levittown,11756,Nassau
,Fulton Savings Bank,Route 57,Phoenix,13135,Oswego
POINT (-73.99607 40.69395),"Flagstar Bank, N.A.",26 Court Street,Brooklyn,11201,Kings
POINT (-74.12157 41.33199),Hudson Heritage Federal Credit Union,273 Route 32,Central Valley,10917,Orange
POINT (-73.80869 41.57841),Hudson Valley Federal Credit Union,415 Route 376,Hopewell Junction,12533,Dutchess
POINT (-74.00809 40.63688),Industrial and Commercial Bank of China (USA) NA,5714 8th Avenue,Brooklyn,11220,Kings
POINT (-73.97329 40.75025),"JPMorgan Chase Bank, National Association",219 East 42nd Street,New York,10017,New York
POINT (-73.93691 40.64169),"HSBC Bank USA, National Association",4201 Avenue D,Brooklyn,11203,Kings
POINT (-74.38247 41.45485),"JPMorgan Chase Bank, National Association",440 Route 211 East,Middletown,10940,Orange
POINT (-73.86331 40.73027),"JPMorgan Chase Bank, National Association",95-38 Queens Boulevard,Rego Park,11374,Queens
POINT (-73.78573 40.71218),"JPMorgan Chase Bank, National Association",17562 Hillside Avenue,Jamaica,11432,Queens
POINT (-73.66501 40.64126),"JPMorgan Chase Bank, National Association",111 Main Street,East Rockaway,11518,Nassau
POINT (-74.09123 40.58752),"JPMorgan Chase Bank, National Association",1690 Hylan Boulevard,Staten Island,10305,Richmond
POINT (-73.8922 40.82455),"JPMorgan Chase Bank, National Association",1051 Westchester Avenue,Bronx,10459,Bronx
POINT (-73.95724 40.60922),"HSBC Bank USA, National Association",1602 Kings Highway,Brooklyn,11229,Kings
POINT (-73.82167 40.75296),"Flushing Savings Bank, FSB",44-43 Kissena Boulevard,Flushing,11355,Queens
POINT (-73.64179 40.65707),"HSBC Bank USA, National Association",330 Sunrise Highway,Rockville Center,11570,Nassau
POINT (-73.41969 40.71637),Gold Coast Bank,96 Allen Boulevard,Farmingdale,11735,Nassau
POINT (-73.8095 40.70579),"HSBC Bank USA, National Association",147-02 Hillside Avenue,Jamaica,11435,Queens
POINT (-73.99006 41.14384),"JPMorgan Chase Bank, National Association",102 South Main Street,New City,10956,Rockland
POINT (-73.98174 40.76696),"JPMorgan Chase Bank, National Association",1775 Broadway,New York,10019,New York
POINT (-73.92751 41.70368),"JPMorgan Chase Bank, National Association",285 Main Street,Poughkeepsie,12601,Dutchess
POINT (-73.96403 40.75682),"JPMorgan Chase Bank, National Association",994 First Avenue,New York,10022,New York
POINT (-73.28425 40.8385),FourLeaf Federal Credit Union,120 Veterans Highway,Commack,11725,Suffolk
POINT (-73.97947 40.67782),"JPMorgan Chase Bank, National Association",159-61 5th Avenue,Brooklyn,11217,Kings
POINT (-73.86367 41.08005),"JPMorgan Chase Bank, National Association",135 Wildey Street,Sleepy Hollow,10591,Westchester
POINT (-73.68337 40.82751),"JPMorgan Chase Bank, National Association",805 Port Washington Boulevard,Port Washington,11050,Nassau
POINT (-74.00942 40.63052),"JPMorgan Chase Bank, National Association",6501 Fort Hamilton Parkway,Brooklyn,11219,Kings
POINT (-74.34715 41.45266),Hudson Heritage Federal Credit Union,25 Rykowski Lane,Middletown,10941,Orange
POINT (-73.53933 40.6837),"JPMorgan Chase Bank, National Association",1542 Bellmore Avenue,North Bellmore,11710,Nassau
POINT (-73.12501 40.78735),"Flagstar Bank, N.A.",3425 Veterans Memorial Highway,Ronkonkoma,11779,Suffolk
POINT (-73.1841 40.8082),"Flagstar Bank, N.A.",1601 Veterans Highway,Islandia,11749,Suffolk
POINT (-74.00971 40.70651),"JPMorgan Chase Bank, National Association",45 Wall Street,New York,10005,New York
POINT (-73.97811 40.68495),"HSBC Bank USA, National Association",122 Flatbush Avenue,Brooklyn,11217,Kings
POINT (-75.22624 43.10088),G.P.O Federal Credit Union,301 Bleecker Street,Utica,13503,Oneida
POINT (-73.91209 41.61355),Hudson Valley Federal Credit Union,1810 South Road,Wappingers Falls,12590,Dutchess
POINT (-73.35113 40.8685),"JPMorgan Chase Bank, National Association",777 Pulaski Road,Greenlawn,11740,Suffolk
POINT (-73.84896 40.82303),"JPMorgan Chase Bank, National Association",784 Castle Hill Avenue,Bronx,10473,Bronx
,Hudson Valley Federal Credit Union,Building 300,Fishkill,12524,Dutchess
POINT (-73.50117 40.78412),"JPMorgan Chase Bank, National Association",404 Woodbury Road,Plainview,11803,Nassau
POINT (-72.39446 40.8908),Gold Coast Bank,97 North Sea Road,Southampton,11968,Suffolk
POINT (-73.9251 40.82775),"JPMorgan Chase Bank, National Association",75 East 161st Street,Bronx,10451,Bronx
POINT (-73.78712 40.75793),"Flagstar Bank, N.A.",194-03 Northern Boulevard,Flushing,11358,Queens
POINT (-73.98983 41.14845),"JPMorgan Chase Bank, National Association",2 New Hempstead Road,New City,10956,Rockland
POINT (-73.98408 40.6936),"JPMorgan Chase Bank, National Association",4 Chase Metro Tech Center,Brooklyn,11245,Kings
POINT (-73.94219 40.70121),"JPMorgan Chase Bank, National Association",12 Graham Avenue,Brooklyn,11206,Kings
POINT (-73.99156 40.68512),"JPMorgan Chase Bank, National Association",192 Smith Street #194,Brooklyn,11201,Kings
POINT (-73.82159 40.76489),"Flushing Savings Bank, FSB",144-51 Northern Boulevard,Flushing,11354,Queens
POINT (-74.01207 40.70731),"Flagstar Bank, N.A.",71 BROADWAY,NEW YORK,10006,New York
POINT (-76.13795 43.23333),Fulton Savings Bank,5501 Bartell Road,Brewerton,13029,Onondaga
POINT (-73.82552 40.58344),"Flagstar Bank, N.A.",104-08 Rockaway Beach Boulevard,Rockaway Beach,11694,Queens
POINT (-75.98371 42.09805),Horizons Federal Credit Union,3701 Vestal Parkway,Vestal,13850,Broome
POINT (-73.98201 40.76975),"JPMorgan Chase Bank, National Association",1860 Broadway,New York,10023,New York
POINT (-73.79954 41.04195),"JPMorgan Chase Bank, National Association",409 Tarrytown Road,White Plains,10607,Westchester
POINT (-74.02454 40.62484),"Flagstar Bank, N.A.",8110-8112 5th Avenue,Brooklyn,11209,Kings
POINT (-73.82769 40.76018),"Flagstar Bank, N.A.",136-65 Roosevelt Avenue,Flushing,11354,Queens
POINT (-73.7194 40.726),"Flagstar Bank, N.A.",247-53 Jamaica Avenue,Bellerose,11426,Queens
POINT (-73.96567 41.36984),"JPMorgan Chase Bank, National Association",271 Main Street,Highland Falls,10928,Orange
POINT (-73.86771 40.86545),"JPMorgan Chase Bank, National Association",699 Allerton Avenue,Bronx,10467,Bronx
POINT (-73.95466 40.7),"JPMorgan Chase Bank, National Association",210 Wallabout Street,Brooklyn,11206,Kings
POINT (-73.86174 41.14444),"JPMorgan Chase Bank, National Association",214 South Highland Avenue,Ossining,10562,Westchester
POINT (-73.71066 40.63398),"JPMorgan Chase Bank, National Association",1000 Railroad Avenue,Woodmere,11598,Nassau
POINT (-73.53479 40.8427),"JPMorgan Chase Bank, National Association",6311 Northern Boulevard,East Norwich,11732,Nassau
POINT (-73.70541 40.644),Island Federal Credit Union,455 Mill Road,Hewlett,11557,Nassau
POINT (-73.83412 40.75768),"JPMorgan Chase Bank, National Association",4024 College Point Blvd,Flushing,11354,Queens
POINT (-73.84072 40.66299),"JPMorgan Chase Bank, National Association",15633 Cross Bay Boulevard,Howard Beach,11414,Queens
POINT (-76.32066 43.48492),"JPMorgan Chase Bank, National Association",1157 West Route 104,Oswego,13126,Oswego
POINT (-73.96759 40.76305),"JPMorgan Chase Bank, National Association",770 Lexington Avenue,New York,10065,New York
POINT (-73.72116 40.72498),"JPMorgan Chase Bank, National Association",247-20 Jamaica Avenue,Bellrose,11001,Nassau
POINT (-73.47304 40.81552),"Flagstar Bank, N.A.",8081 Jericho Turnpike,Woodbury,11797,Nassau
POINT (-73.97441 40.75368),"JPMorgan Chase Bank, National Association",466 Lexington Avenue,New York,10017,New York
POINT (-73.82975 40.68542),Habib American Bank,112-17/19 Liberty Avenue,Richmond Hill,11419,Queens
POINT (-72.38945 40.88566),"JPMorgan Chase Bank, National Association",60 Main Street,Southampton,11968,Suffolk
POINT (-75.98535 42.99711),Geddes FS & LA,240 West Seneca Street,Manlius,13104,Onondaga
POINT (-73.72698 41.20769),"JPMorgan Chase Bank, National Association",55 East Main Street,Mount Kisco,10549,Westchester
POINT (-73.94365 40.71166),"JPMorgan Chase Bank, National Association",726 Grand Street,Brooklyn,11211,Kings
POINT (-73.87209 40.9649),"JPMorgan Chase Bank, National Association",1222 Nepperhan Avenue,Yonkers,10703,Westchester
POINT (-73.7046 40.72388),"JPMorgan Chase Bank, National Association",15 Verbena Avenue,Floral Park,11001,Nassau
POINT (-73.83434 40.69854),"JPMorgan Chase Bank, National Association",11420 Jamaica Avenue,Richmond Hill,11418,Queens
POINT (-73.775 41.02185),"JPMorgan Chase Bank, National Association",285 Maple Avenue,White Plains,10602,Westchester
POINT (-73.58934 40.65287),FourLeaf Federal Credit Union,210 West Merrick Road,Freeport,11520,Nassau
POINT (-73.85644 40.89327),"JPMorgan Chase Bank, National Association",725 East 233rd Street,Bronx,10466,Bronx
POINT (-73.83412 40.75768),"JPMorgan Chase Bank, National Association",4024 College Point Boulevard,Flushing,11354,Queens
POINT (-73.69977 40.66104),"JPMorgan Chase Bank, National Association",235 Rockaway Avenue,Valley Stream,11580,Nassau
POINT (-73.99997 41.09315),"JPMorgan Chase Bank, National Association",61 Smith Street,Nanuet,10954,Rockland
POINT (-73.79537 40.94579),"JPMorgan Chase Bank, National Association",1292 North Avenue,New Rochelle,10804,Westchester
POINT (-74.04017 41.53728),Hudson United Bank,161 North Plank Road,Newburgh,12550,Orange
POINT (-77.31983 43.0627),"JPMorgan Chase Bank, National Association",1499 Canandalgua Road,Macedon,14502,Wayne
POINT (-72.6756 40.93091),FourLeaf Federal Credit Union,1095 Old Country Road,Riverhead,11901,Suffolk
POINT (-73.99114 40.69394),"HSBC Bank USA, National Association",200 Montague Street,Brooklyn,11201,Kings
POINT (-74.01304 40.70618),"JPMorgan Chase Bank, National Association",42 Broadway,New York,10004,New York
POINT (-73.88215 41.52746),Hudson Valley Federal Credit Union,110 Merritt Boulevard,Fishkill,12514,Dutchess
POINT (-74.15136 41.11543),"JPMorgan Chase Bank, National Association",67 Lafayette Avenue,Suffern,10901,Rockland
POINT (-73.23694 40.80801),"HSBC Bank USA, National Association",660 Vanderbilt Motor Parkway,Hauppauge,11788,Suffolk
POINT (-77.6064 43.15714),"JPMorgan Chase Bank, National Association",1 CHASE SQUARE,ROCHESTER,14643,Monroe
POINT (-73.96965 40.76118),"HSBC Bank USA, National Association",131 East 57th Street,New York,10022,New York
POINT (-73.83118 40.76164),"JPMorgan Chase Bank, National Association",36-63 Main Street,Flushing,11354,Queens
POINT (-73.98694 40.72962),"JPMorgan Chase Bank, National Association",156 Second Avenue,New York,10003,New York
POINT (-73.63581 40.72517),"HSBC Bank USA, National Association",147 Seventh Street,Garden City,11530,Nassau
POINT (-74.00063 40.73214),"HSBC Bank USA, National Association",354 Avenue of the Americas,New York,10011,New York
POINT (-73.57747 40.74969),"JPMorgan Chase Bank, National Association",514 Old Country Road,Westbury,11590,Nassau
POINT (-73.96928 40.76651),"JPMorgan Chase Bank, National Association",726 Madison Avenue,New York,10065,New York
POINT (-76.15275 43.04869),"JPMorgan Chase Bank, National Association",110 West Fayette Street,Syracuse,13202,Onondaga
POINT (-73.82631 40.68583),"Flagstar Bank, N.A.",116-13 Liberty Avenue,South Richmond Hill,11419,Queens
POINT (-72.93999 40.7591),"JPMorgan Chase Bank, National Association",32 Station Road,Bellport,11713,Suffolk
POINT (-73.82867 40.7563),"Flagstar Bank, N.A.",41-60 Main Street.,Flushing,11355,Queens
POINT (-73.97577 40.75486),"HSBC Bank USA, National Association",250 Park Avenue,New York,10017,New York
POINT (-73.97707 40.77988),"JPMorgan Chase Bank, National Association",335 Columbus Avenue,New York,10023,New York
POINT (-73.79589 40.94743),"Flagstar Bank, N.A.",1 Quaker Ridge Road,New Rochelle,10804,Westchester
POINT (-73.64958 40.80029),"JPMorgan Chase Bank, National Association",1345 Old Northern Boulevard,Roslyn,11576,Nassau
POINT (-73.88225 40.99565),"JPMorgan Chase Bank, National Association",565 Warburton Avenue,Hastings,10706,Westchester
POINT (-73.87121 41.54453),Hudson Valley Federal Credit Union,1580 Route 52,Fishkill,12524,Dutchess
POINT (-73.53112 40.77833),"JPMorgan Chase Bank, National Association",284 North Broadway,Hicksville,11801,Nassau
POINT (-78.22592 43.23471),Generations Bank,13858 ROUTE 31,ALBION,14411,Orleans
POINT (-74.00918 40.70933),"Flagstar Bank, N.A.",15 Maiden Lane,New York,10038,New York
POINT (-73.87627 40.82902),"HSBC Bank USA, National Association",1580 Westchester Avenue,Bronx,10472,Bronx
POINT (-74.01273 40.71411),"JPMorgan Chase Bank, National Association",101 Barclay Street,New York,10007,New York
POINT (-73.96592 40.80541),"JPMorgan Chase Bank, National Association",2875 Broadway,New York,10025,New York
POINT (-73.42201 40.77413),"HSBC Bank USA, National Association",534 Broad Hollow Road,Melville,11747,Suffolk
POINT (-74.17743 40.54178),"Flagstar Bank, N.A.",820 Annadale Road,Staten Island,10312,Richmond
POINT (-72.98722 40.94304),"JPMorgan Chase Bank, National Association",385 Route 25A,Miller Place,11764,Suffolk
POINT (-73.51571 40.76475),Island Federal Credit Union,85 East Old Country Road,Hicksville,11801,Nassau
POINT (-74.04776 41.46867),Hudson Valley Federal Credit Union,265 Windsor Highway,New Windsor,12553,Orange
POINT (-73.59221 40.68267),FourLeaf Federal Credit Union,405 Nassau Road,Roosevelt,11575,Nassau
POINT (-74.18781 41.56121),Hometown Bank of the Hudson Valley,12 Main Street,Walden,12586,Orange
POINT (-73.91076 40.8858),"HSBC Bank USA, National Association",569 West 235th Street,Bronx,10463,Bronx
POINT (-73.9999 40.72852),"JPMorgan Chase Bank, National Association",166 Bleecker Street,New York,10012,New York
POINT (-75.46787 44.33523),Gouverneur Savings & Loan Association,42 Church Street,Gouverneur,13642,St. Lawrence
POINT (-73.09126 40.8582),FourLeaf Federal Credit Union,2245 Middle Country Road,Centereach,11720,Suffolk
POINT (-73.97307 40.75858),"JPMorgan Chase Bank, National Association",360 Park Avenue,New York,10022,New York
POINT (-73.9668 40.7939),"JPMorgan Chase Bank, National Association",775 Columbus Avenue,New York,10025,New York
POINT (-73.99164 40.69122),"JPMorgan Chase Bank, National Association",86 Court Street,Brooklyn,11201,Kings
,Hudson United Bank,Poughkeepsie Train Station ATM,Poughkeepsie,12601,Dutchess
POINT (-77.50341 43.19188),"JPMorgan Chase Bank, National Association",1950 Empire Boulevard,Webster,14580,Monroe
POINT (-73.08448 40.73524),"JPMorgan Chase Bank, National Association",131 Main Street,Sayville,11782,Suffolk
POINT (-73.48423 40.66618),FourLeaf Federal Credit Union,4006 Merrick Road,Seaford,11783,Nassau
POINT (-73.97686 40.75033),"JPMorgan Chase Bank, National Association",355 Lexington Avenue,New York,10017,New York
POINT (-73.52929 40.77666),"JPMorgan Chase Bank, National Association",249 North Broadway,Hicksville,11801,Nassau
POINT (-77.74886 43.02025),"JPMorgan Chase Bank, National Association",1 Rochester Street,Scottsville,14546,Monroe
POINT (-73.55455 40.78459),"Flagstar Bank, N.A.",100 JERICHO QUADRANGLE,JERICHO,11743,Suffolk
POINT (-73.35977 40.83146),"JPMorgan Chase Bank, National Association",699 Old Country Road,Dix Hills,11746,Suffolk
POINT (-73.85354 40.7109),"JPMorgan Chase Bank, National Association",99-00 Metropolitan Avenue,Forest Hills,11375,Queens
POINT (-74.11193 40.56841),"Flagstar Bank, N.A.",2595 Hylan Boulevard,Staten Island,10306,Richmond
POINT (-73.80001 41.0716),"JPMorgan Chase Bank, National Association",1150 Knollwood Road,White Plains,10603,Westchester
POINT (-73.78205 41.124),"JPMorgan Chase Bank, National Association",10 Marble Avenue,Thornwood,10594,Westchester
POINT (-73.83412 40.75768),"JPMorgan Chase Bank, National Association",4024 College Point Boulevard,Flushing,11354,Queens
POINT (-73.91652 40.76202),"Flagstar Bank, N.A.",30-75 Steinway Street,Astoria,11103,Queens
POINT (-73.97869 40.77767),"JPMorgan Chase Bank, National Association",260 Columbus Avenue,New York,10023,New York
POINT (-73.84681 40.69496),"Flagstar Bank, N.A.",93 22 Jamaica Avenue,Woodhaven,11421,Queens
POINT (-73.96203 40.77066),"JPMorgan Chase Bank, National Association",1003 Lexington Avenue,New York,10021,New York
POINT (-74.03953 41.43434),"JPMorgan Chase Bank, National Association",36 Broadway & Quaker Avenue,Cornwall,12518,Orange
POINT (-73.98711 40.73906),"JPMorgan Chase Bank, National Association",277 Park Avenue South,New York,10010,New York
POINT (-74.3951 41.45464),Hudson Valley Federal Credit Union,40 Lloyd Lane,Middletown,10941,Orange
POINT (-73.56619 40.72363),"Flagstar Bank, N.A.",1900 Hempstead Turnpike,East Meadow,11554,Nassau
POINT (-73.79066 41.02856),"JPMorgan Chase Bank, National Association",353 North Central Avenue,Hartsdale,10530,Westchester
POINT (-73.84731 41.01147),"JPMorgan Chase Bank, National Association",500 Ashford Avenue,Ardsley,10502,Westchester
POINT (-73.77763 40.71414),"JPMorgan Chase Bank, National Association",184-01 Hillside Avenue,Queens,11432,Queens
POINT (-73.84241 40.95948),"Flagstar Bank, N.A.",1759 Central Park Avenue,Yonkers,10710,Westchester
POINT (-73.96738 40.57636),"JPMorgan Chase Bank, National Association",128 Brighton Beach Avenue,Brooklyn,11235,Kings
POINT (-73.98223 40.77672),"HSBC Bank USA, National Association",2025 Broadway,New York,10023,New York
POINT (-73.83614 40.78628),"JPMorgan Chase Bank, National Association",132-01 14th Avenue,College Point,11356,Queens
POINT (-73.1547 40.88802),"Flagstar Bank, N.A.",556-02 North Country Road,Saint James,11780,Suffolk
POINT (-73.84939 40.73251),"HSBC Bank USA, National Association",64-02 108th Street,Forest Hills,11375,Queens
POINT (-73.28637 40.84186),"JPMorgan Chase Bank, National Association",60 Veterans Memorial Highway,Commack,11725,Suffolk
POINT (-73.71472 41.22495),"JPMorgan Chase Bank, National Association",711 Bedford Road,Bedford Hills,10507,Westchester
POINT (-73.83412 40.75768),"JPMorgan Chase Bank, National Association",4024 COLLEGE POINT BLVD,FLUSHING,11354,Queens
POINT (-73.9834 40.7558),"JPMorgan Chase Bank, National Association",1120 Avenue of the Americas,New York,10036,New York
POINT (-73.73494 40.805),"JPMorgan Chase Bank, National Association",675 Middle Neck Road,Great Neck,11023,Nassau
POINT (-73.87764 40.94625),"JPMorgan Chase Bank, National Association",270 Saw Mill River Road,Yonkers,10701,Westchester
POINT (-73.93867 40.8049),"JPMorgan Chase Bank, National Association",103 East 125th Street,New York,10035,New York
POINT (-73.46884 40.77674),"Flagstar Bank, N.A.",1092 Old Country Road,Plainview,11803,Nassau
POINT (-73.85716 40.92725),"JPMorgan Chase Bank, National Association",762 Central Park Avenue,Yonkers,10704,Westchester
POINT (-74.16875 40.57625),"JPMorgan Chase Bank, National Association",2845 Richmond Avenue,Staten Island,10314,Richmond
POINT (-73.96371 40.76836),"JPMorgan Chase Bank, National Association",941 Lexington Avenue,New York,10065,New York
POINT (-73.97971 40.7551),"JPMorgan Chase Bank, National Association",530 Fifth Avenue,New York,10036,New York
POINT (-77.59236 43.14579),"JPMorgan Chase Bank, National Association",560 Monroe Avenue,Rochester,14607,Monroe
POINT (-73.72992 40.61728),"Flagstar Bank, N.A.",333 Central Avenue,Lawrence,11559,Nassau
POINT (-74.19283 41.33664),"JPMorgan Chase Bank, National Association","845 Route 17M, Suite 10",Monroe,10950,Orange
,Hudson Valley Federal Credit Union,Route 44,Poughkeepsie,12601,Dutchess
POINT (-73.47924 40.72523),"JPMorgan Chase Bank, National Association",4276 Hempstead Turnpike,Bethpage,11714,Nassau
POINT (-73.58394 40.64603),"JPMorgan Chase Bank, National Association",180 Atlantic Avenue,Freeport,11520,Nassau
POINT (-74.20826 40.54258),"Flagstar Bank, N.A.",645-100 Rossville Avenue,Staten Island,10309,Richmond
POINT (-73.96489 40.6248),"JPMorgan Chase Bank, National Association",1101 Avenue J,Brooklyn,11230,Kings
POINT (-73.8852 40.96047),"Flagstar Bank, N.A.",780 Palisade Avenue,Yonkers,10703,Westchester
POINT (-73.72475 41.01898),"JPMorgan Chase Bank, National Association",100 Corporate Park Drive,White Plains,10604,Westchester
POINT (-74.0064 40.71403),"JPMorgan Chase Bank, National Association",270 Broadway,New York,10007,New York
POINT (-74.00651 40.6384),"JPMorgan Chase Bank, National Association",5423 8th Avenue,Brooklyn,11220,Kings
POINT (-73.94953 40.65033),"JPMorgan Chase Bank, National Association",1462 Nostrand Avenue,Brooklyn,11226,Kings
POINT (-73.93147 41.68931),Hudson United Bank,483 South Road,Poughkeepsie,12601,Dutchess
POINT (-73.84743 40.87669),"HSBC Bank USA, National Association",3478 Boston Road,Bronx,10469,Bronx
POINT (-73.32249 40.74286),FourLeaf Federal Credit Union,1350 Deer Park Avenue,North Babylon,11703,Suffolk
POINT (-72.6636 40.95415),Island Federal Credit Union,600 Doctors Path,Riverhead,11901,Suffolk
POINT (-73.29088 40.84289),"Flagstar Bank, N.A.",2225 Jericho Turnpike,Commack,11725,Suffolk
POINT (-73.96005 40.71566),"HSBC Bank USA, National Association",252 Bedford Avenue,Brooklyn,11211,Kings
POINT (-73.7648 41.15989),"JPMorgan Chase Bank, National Association",417 King Street,Chappaqua,10514,Westchester
POINT (-73.5444 40.72495),"JPMorgan Chase Bank, National Association",2469 Hempstead Turnpike,East Meadow,11554,Nassau
POINT (-73.72416 40.65356),"JPMorgan Chase Bank, National Association",930 Rosedale Road,Valley Stream,11581,Nassau
POINT (-73.74653 40.69604),"JPMorgan Chase Bank, National Association",20532 Linden Boulevard,Saint Albans,11412,Queens
POINT (-73.91137 41.60903),Hudson Valley Federal Credit Union,522 South Road,Poughkeepsie,12601,Dutchess
POINT (-74.12194 40.60908),"JPMorgan Chase Bank, National Association",754 Manor Road,Staten Island,10314,Richmond
POINT (-72.53735 40.9849),"JPMorgan Chase Bank, National Association",10300 Main Road,Mattituck,11952,Suffolk
POINT (-73.90443 41.59013),Hudson Valley Federal Credit Union,11 Marshall Road,Wappingers Falls,12590,Dutchess
POINT (-73.88911 40.74924),"HSBC Bank USA, National Association",76-27 37th Avenue,Jackson Heights,11372,Queens
POINT (-73.99503 40.74494),"JPMorgan Chase Bank, National Association",245 Seventh Avenue,New York,10001,New York
POINT (-73.81471 41.06579),"JPMorgan Chase Bank, National Association",324 Saw Mill River Road,Elmsford,10523,Westchester
,Hudson Valley Federal Credit Union,Building 600,Fishkill,12524,Dutchess
POINT (-73.47757 40.67525),"JPMorgan Chase Bank, National Association",4210 Sunrise Highway,Massapequa,11758,Nassau
POINT (-73.81474 40.95282),"JPMorgan Chase Bank, National Association",360 White Plains Road,Eastchester,10709,Westchester
POINT (-76.57283 43.32295),Fulton Savings Bank,409 Fulton Street,Hannibal,13074,Oswego
POINT (-73.91154 40.77547),"JPMorgan Chase Bank, National Association",2230 31st Street,Astoria,11105,Queens
POINT (-74.04721 41.18215),"JPMorgan Chase Bank, National Association",1581 Route 202,Pomona,10970,Rockland
POINT (-73.7437 40.7306),"HSBC Bank USA, National Association",220-09 Hillside Avenue,Queens Village,11427,Queens
POINT (-74.06123 41.50327),"JPMorgan Chase Bank, National Association",201 Auto Park Place,Newburgh,12550,Orange
POINT (-73.99975 41.09475),"JPMorgan Chase Bank, National Association",39 Smith St.,NANUET,10954,Rockland
POINT (-74.00877 40.61901),"JPMorgan Chase Bank, National Association",7702 13th Avenue,Brooklyn,11228,Kings
POINT (-72.83626 40.80614),"HSBC Bank USA, National Association",1718 Montauk Highway,Mastic,11950,Suffolk
POINT (-73.99349 40.73618),"JPMorgan Chase Bank, National Association",69 Fifth Avenue,New York,10003,New York
POINT (-73.09962 40.78301),"JPMorgan Chase Bank, National Association",4155 Veterans Memorial Highway,Ronkonkoma,11779,Suffolk
POINT (-73.48786 40.66636),"JPMorgan Chase Bank, National Association",3875 Merrick Road,Seaford,11783,Nassau
POINT (-73.75862 40.93279),"JPMorgan Chase Bank, National Association",125 Chatsworth Avenue,Larchmont,10538,Westchester
POINT (-73.93613 40.84976),"Flagstar Bank, N.A.",4246 Broadway,New York,10033,New York
POINT (-73.58236 40.65645),"JPMorgan Chase Bank, National Association",25 South Main Street,Freeport,11520,Nassau
POINT (-74.00721 40.70878),"HSBC Bank USA, National Association",110 William Street,New York,10038,New York
POINT (-72.97754 40.94345),"HSBC Bank USA, National Association",691 Route 25A,Miller Place,11764,Suffolk
POINT (-73.84072 40.66301),"Flagstar Bank, N.A.",156-39 Cross Bay Boulevard,Howard Beach,11414,Queens
POINT (-74.13981 41.31308),Hudson Heritage Federal Credit Union,95A River Road Extension,Harriman,10926,Orange
POINT (-73.73649 40.76984),"Flagstar Bank, N.A.",251-31 Northern Boulevard,Little Neck,11362,Queens
POINT (-73.93956 41.15009),"JPMorgan Chase Bank, National Association",56 Lake Road,Congers,10920,Rockland
POINT (-73.63647 40.73179),"Flushing Savings Bank, FSB",1122 Franklin Avenue,Garden City,11530,Nassau
POINT (-73.55974 40.65392),"JPMorgan Chase Bank, National Association",1696 Merrick Road,Merrick,11566,Nassau
POINT (-73.23092 40.72823),"JPMorgan Chase Bank, National Association",537 East Main Street,Bay Shore,11706,Suffolk
POINT (-74.03342 40.63281),"Flagstar Bank, N.A.",86-22 Bay Parkway,Brooklyn,11214,Kings
POINT (-73.98642 41.22663),"JPMorgan Chase Bank, National Association",22 South Liberty Drive,Stony Point,10980,Rockland
POINT (-73.26241 40.76003),"JPMorgan Chase Bank, National Association",1650 Fifth Avenue,Bay Shore,11706,Suffolk
POINT (-73.97203 41.09389),"JPMorgan Chase Bank, National Association",719 West Nyack Road,West Nyack,10994,Rockland
POINT (-77.6887 43.20916),Genesee Regional Bank,2300 West Ridge Road,Rochester,14626,Monroe
POINT (-74.07898 40.59851),"Flagstar Bank, N.A.",1100 Hylan Boulevard,Staten Island,10305,New York
POINT (-73.30639 40.70906),"JPMorgan Chase Bank, National Association",251 Higbie Lane,West Islip,11795,Suffolk
POINT (-74.01691 41.9366),"JPMorgan Chase Bank, National Association","256 Plaza Road, Kingston Plaza",Kingston,12401,Ulster
POINT (-73.99481 40.75935),"JPMorgan Chase Bank, National Association",471 West 42nd Street,New York,10036,New York
POINT (-73.9679 40.75974),"Flagstar Bank, N.A.",936 Third Avenue,New York,10022,New York
POINT (-73.61909 41.39448),"JPMorgan Chase Bank, National Association",28 Main Street,Brewster,10509,Putnam
POINT (-73.41177 40.82443),"JPMorgan Chase Bank, National Association",150 Walt Whitman Road,Huntington Station,11746,Suffolk
POINT (-73.18095 40.85534),FourLeaf Federal Credit Union,240 Middle Town Road,Smithtown,11787,Suffolk
POINT (-73.82351 40.87994),"JPMorgan Chase Bank, National Association",675 Co Op City Boulevard,Bronx,10475,Bronx
POINT (-73.73412 40.95053),"JPMorgan Chase Bank, National Association",242 Mamaroneck Avenue,Mamaroneck,10543,Westchester
POINT (-73.98566 40.66888),"HSBC Bank USA, National Association",325 9th Street,Brooklyn,11215,Kings
POINT (-73.68991 40.64952),"JPMorgan Chase Bank, National Association",1735 Peninsula Boulevard,Hewlett,11557,Nassau
POINT (-73.85868 40.729),"Flagstar Bank, N.A.",97-77 Queens Boulevard,Rego Park,11374,Queens
POINT (-74.10132 40.58956),"JPMorgan Chase Bank, National Association",1657 Richmond Road,Staten Island,10304,Richmond
POINT (-73.99226 40.72502),"JPMorgan Chase Bank, National Association",305 Bowery,New York,10003,New York
POINT (-74.01611 40.7108),"JPMorgan Chase Bank, National Association",331-337 South End Avenue,New York,10280,New York
POINT (-73.64084 40.62373),"HSBC Bank USA, National Association",3544 Long Beach Road,Oceanside,11572,Nassau
POINT (-77.69607 42.56167),Genesee Valley FCU,184 Main Street,Dansville,14437,Livingston
POINT (-73.38441 40.70126),"JPMorgan Chase Bank, National Association",655 North Wellwood Avenue,North Lindenhurst,11757,Suffolk
POINT (-73.49906 40.76105),FourLeaf Federal Credit Union,899 South Oyster Bay Road,Bethpage,11714,Nassau
POINT (-73.0124 40.76575),"JPMorgan Chase Bank, National Association",115 East Main Street,Patchogue,11772,Suffolk
POINT (-74.01249 40.64301),"JPMorgan Chase Bank, National Association",5323 5th Avenue,Brooklyn,11220,Kings
POINT (-73.91882 41.28994),"JPMorgan Chase Bank, National Association",1025 Brown Street,Peekskill,10566,Westchester
POINT (-74.48644 41.57659),"JPMorgan Chase Bank, National Association",140 Sullivan Street,Wurtsboro,12790,Sullivan
,"JPMorgan Chase Bank, National Association",Atrium Plaza/Route 59,Monsey,10952,Rockland
POINT (-74.00627 40.60948),"JPMorgan Chase Bank, National Association",1640 86th Street,Brooklyn,11214,Kings
POINT (-74.01087 40.71091),"JPMorgan Chase Bank, National Association",185 Greenwich Street,New York,10007,New York
POINT (-73.95239 40.7815),"JPMorgan Chase Bank, National Association",181 East 90th Street,New York,10128,New York
POINT (-73.89339 41.53106),"JPMorgan Chase Bank, National Association",15 Merritt Boulevard,Fishkill,12524,Dutchess
POINT (-73.93691 40.64169),"HSBC Bank USA, National Association",4201 Avenue D,Brooklyn,11203,New York
POINT (-74.07322 41.49589),Hudson Valley Federal Credit Union,953 Union Avenue,Newburgh,12550,Orange
POINT (-73.95291 40.81091),"JPMorgan Chase Bank, National Association",350 West 125th Street,New York,10027,New York
POINT (-76.00288 43.25026),Fulton Savings Bank,45 Redfield Street,Constantia,13044,Oswego
POINT (-73.87879 40.88015),"JPMorgan Chase Bank, National Association",3400 Bainbridge Avenue,Bronx,10467,Bronx
,"JPMorgan Chase Bank, National Association",6103 Springfield Boulevard,Oakland Gardens,11364,Queens
POINT (-73.13111 40.86805),"JPMorgan Chase Bank, National Association",2001 Nesconset-Port Jefferson Highway,Lake Grove,11755,Suffolk
POINT (-73.52482 40.66877),Island Federal Credit Union,2752 Sunrise Highway,Bellmore,11710,Nassau
POINT (-73.62207 40.74272),"HSBC Bank USA, National Association",1 Old Country Road,Carle Place,11514,Nassau
POINT (-72.94999 40.79063),"JPMorgan Chase Bank, National Association",10 Farber Drive (#49) Bellport Outlet,Bellport,11713,Suffolk
POINT (-73.94874 40.82892),"JPMorgan Chase Bank, National Association",3619 Broadway,New York,10031,New York
POINT (-73.53157 40.86673),"HSBC Bank USA, National Association",275 South Street,Oyster Bay,11771,Nassau
POINT (-73.89054 40.74722),"JPMorgan Chase Bank, National Association",37-67 75th Street,Queens,11372,Queens
POINT (-75.5205 42.53189),GHS Federal Credit Union,35 East Main Street,Norwich,13815,Chenango
POINT (-73.78618 40.73992),"Flagstar Bank, N.A.",61-49 188 Street,Fresh Meadows,11365,Queens
POINT (-73.30758 40.84046),"HSBC Bank USA, National Association",5880 Jericho Turnpike,Commack,11725,Suffolk
POINT (-76.01756 42.11562),Horizons Federal Credit Union,519 Hooper Road Suite 7,Endwell,13760,Broome
POINT (-73.60727 40.81673),FourLeaf Federal Credit Union,700 Northern Boulevard,Brookville,11548,Nassau
POINT (-73.46659 40.77742),"JPMorgan Chase Bank, National Association",1100 Old Country Road,Plainview,11803,Nassau
POINT (-73.83338 40.9404),"HSBC Bank USA, National Association",74 Pondfield Road,Bronxville,10708,Westchester
POINT (-73.81112 40.76513),"JPMorgan Chase Bank, National Association",3536 154th Street,Flushing,11354,Queens
POINT (-76.39997 43.3255),Fulton Savings Bank,1013 Emery Street,Fulton,13069,Oswego
POINT (-73.94215 40.6004),"Flagstar Bank, N.A.",2925 Avenue U,Brooklyn,11229,Kings
POINT (-73.79658 41.01136),"JPMorgan Chase Bank, National Association",232 East Hartsdale Avenue,Hartsdale,10530,Westchester
POINT (-73.35398 40.82929),Island Federal Credit Union,15 Park Avenue,Melville,11746,Suffolk
POINT (-73.96935 41.50471),Hudson Valley Federal Credit Union,324 Main Street,Beacon,12508,Dutchess
POINT (-73.9914 40.63572),"JPMorgan Chase Bank, National Association",4724 13th Avenue,Brooklyn,11219,Kings
POINT (-73.84467 40.72036),"Flushing Savings Bank, FSB",107-11 Continental Avenue,Forest Hills,11375,Queens
POINT (-73.02426 40.86924),"JPMorgan Chase Bank, National Association",295-115 Middle Country Road,Selden,11784,Suffolk
POINT (-76.796 42.91137),Generations Bank,19 CAYUGA STREET,SENECA FALLS,13148,Seneca
POINT (-73.76509 41.02883),"HSBC Bank USA, National Association",148 Mamaroneck Avenue,White Plains,10601,Westchester
POINT (-73.41122 40.8038),FourLeaf Federal Credit Union,722 Walt Whitman Road,Melville,11747,Suffolk
POINT (-73.54676 40.66414),"HSBC Bank USA, National Association",2160 Sunrise Highway,Merrick,11566,Nassau
POINT (-73.75201 40.60375),"JPMorgan Chase Bank, National Association",1912 Mott Avenue,Queens,11691,Queens
POINT (-73.09126 40.76478),"JPMorgan Chase Bank, National Association",5191-6 Sunrise Highway,Bohemia,11716,Suffolk
POINT (-73.60486 40.74508),"JPMorgan Chase Bank, National Association",400 Old Country Road,Carle Place,11514,Nassau
POINT (-72.18595 40.96243),"JPMorgan Chase Bank, National Association",66 Main Street,East Hampton,11937,Suffolk
POINT (-73.87022 41.03949),"JPMorgan Chase Bank, National Association",47 Main Street,Irvington,10533,Westchester
POINT (-73.64041 40.74906),FourLeaf Federal Credit Union,131 Jericho Turnpike,Mineola,11501,Nassau
POINT (-73.95196 40.8105),"JPMorgan Chase Bank, National Association",322 West 125th Street,New York,10027,New York
,Greater Hudson Bank,485 Schutt Road,Middletown,10940,Orange
POINT (-73.93041 40.81968),"JPMorgan Chase Bank, National Association",610 Exterior Street,Bronx,10451,Bronx
POINT (-73.82979 41.54439),Hudson Valley Federal Credit Union,2070 Route 52,Hopewell Junction,12533,Dutchess
POINT (-73.86316 40.75079),"JPMorgan Chase Bank, National Association",3794 103rd Street,Corona,11368,Queens
POINT (-73.75562 41.04017),"JPMorgan Chase Bank, National Association",107 Lake Street,White Plains,10604,Westchester
POINT (-73.76599 41.03288),"JPMorgan Chase Bank, National Association",235 Main Street,White Plains,10601,Westchester
POINT (-73.34199 40.68786),FourLeaf Federal Credit Union,555 Montauk Highway,West Babylon,11704,Suffolk
POINT (-73.64852 40.66069),"JPMorgan Chase Bank, National Association",120 North Village Avenue,Rockville Center,11570,Nassau
POINT (-73.65975 40.74222),"JPMorgan Chase Bank, National Association",2360 Jericho Turnpike,Garden City Park,11040,Nassau
POINT (-74.15718 40.61183),"Flagstar Bank, N.A.",1445 Richmond Avenue,Staten Island,10314,Richmond
POINT (-73.90935 40.87433),"JPMorgan Chase Bank, National Association",90 West 225th Street,Bronx,10463,Bronx
POINT (-73.70883 40.629),"Flagstar Bank, N.A.",923 Broadway,Woodmere,11598,Nassau
POINT (-73.84976 40.91324),"JPMorgan Chase Bank, National Association",156 Mount Vernon Avenue,Mount Vernon,10550,Westchester
POINT (-73.98291 40.6124),"JPMorgan Chase Bank, National Association",6701 Bay Parkway,Brooklyn,11204,Kings
POINT (-73.9401 40.59125),"JPMorgan Chase Bank, National Association",3804 Nostrand Avenue,Brooklyn,11235,Kings
POINT (-73.99095 40.74546),"HSBC Bank USA, National Association",800 Avenue of the Americas,New York,10001,New York
POINT (-73.99347 41.12008),Greater Hudson Bank,715 Route 304,Bardonia,10954,Rockland
POINT (-76.12385 43.15179),"JPMorgan Chase Bank, National Association",7888 Brewerton Road,Cicero,13039,Onondaga
POINT (-73.52839 40.66329),"Flagstar Bank, N.A.",2641 Merrick Road,Bellmore,11710,Nassau
POINT (-73.84486 40.72154),"Flagstar Bank, N.A.",107-40 Queens Boulevard,Forest Hills,11375,Queens
POINT (-73.68486 40.98399),"HSBC Bank USA, National Association",67 Purchase Street,Rye,10580,Westchester
POINT (-73.91569 40.83946),"JPMorgan Chase Bank, National Association",90 East 170th Street,Bronx,10452,Bronx
POINT (-73.79155 40.72579),"JPMorgan Chase Bank, National Association",176-70 Union Turnpike,Flushing,11366,Queens
POINT (-73.59898 40.87565),"JPMorgan Chase Bank, National Association",85 Forest Avenue,Locust Valley,11560,Nassau
POINT (-73.6986 40.75322),"Flagstar Bank, N.A.",1280 Union Turnpike,New Hyde Park,11040,Nassau
POINT (-73.99511 40.71857),"JPMorgan Chase Bank, National Association",231 Grand Street,New York,10013,New York
POINT (-73.95624 40.7679),"JPMorgan Chase Bank, National Association",360 East 72nd Street,New York,10021,New York
POINT (-73.80808 40.98914),"JPMorgan Chase Bank, National Association",8 East Parkway,Scarsdale,10583,Westchester
POINT (-73.84449 40.72065),"HSBC Bank USA, National Association",107-15 CONTINENTAL AVENUE,FOREST HILLS,11375,Queens
POINT (-73.68566 40.6905),"JPMorgan Chase Bank, National Association",654 Franklin Avenue,Franklin Square,11010,Nassau
POINT (-73.96283 40.76267),"JPMorgan Chase Bank, National Association",1180 Second Avenue,New York,10065,New York
POINT (-74.07342 41.7441),Hudson Heritage Federal Credit Union,234 Main Street,New Paltz,12561,Ulster
POINT (-73.68405 41.25768),"JPMorgan Chase Bank, National Association",140 Katonah Avenue,Katonah,10536,Westchester
POINT (-73.88422 40.7492),"JPMorgan Chase Bank, National Association",37-15 82nd Street.,Queens,11372,Queens
POINT (-75.34392 43.07344),G.P.O Federal Credit Union,4311 Middle Settlement Road,New Hartford,13413,Oneida
POINT (-73.57189 41.42014),"JPMorgan Chase Bank, National Association",700 Clocktower Commons,Brewster,10509,Putnam
POINT (-73.64746 40.80101),"Flagstar Bank, N.A.",1400 Old Northern Boulevard,Roslyn,11576,Nassau
POINT (-73.51999 40.7252),"HSBC Bank USA, National Association",3130 Hempstead Turnpike,Levittown,11756,Nassau
POINT (-74.04721 41.18215),"JPMorgan Chase Bank, National Association",1581 ROUTE 202,POMONA,10970,Rockland
POINT (-73.56552 40.77731),"JPMorgan Chase Bank, National Association",35 Jericho Turnpike,Jericho,11753,Nassau
POINT (-73.98872 40.66627),"JPMorgan Chase Bank, National Association",533 5th Avenue,Brooklyn,11215,Kings
POINT (-76.19982 43.04784),Geddes FS & LA,2208 West Genesee Street,Syracuse,13219,Onondaga
POINT (-73.80791 40.7014),"JPMorgan Chase Bank, National Association",90-59 Sutphin Boulevard,Jamaica,11435,Queens
POINT (-73.99655 40.71352),Global Bank,30 East Broadway,New York,10002,New York
POINT (-73.79696 40.59046),"JPMorgan Chase Bank, National Association",6820 Rockaway Beach Boulevard,Arverne,11692,Queens
POINT (-74.02594 40.62181),"JPMorgan Chase Bank, National Association",8515 5th Avenue,Brooklyn,11209,Kings
POINT (-73.95434 40.76604),"JPMorgan Chase Bank, National Association",1324 York Avenue,New York,10021,New York
POINT (-73.84513 40.71961),"Flagstar Bank, N.A.",106-19 Continental Avenue,Forest Hills,11375,Queens
POINT (-73.65606 40.60289),"JPMorgan Chase Bank, National Association",212 Long Beach Road,Island Park,11558,Nassau
POINT (-73.7648 41.03285),"HSBC Bank USA, National Association",1 City Place,White Plains,10601,Westchester
POINT (-74.44058 41.55468),Jeff Bank,85 Main Street,Bloomingburg,12721,Sullivan
POINT (-73.75247 42.64966),Manufacturers and Traders Trust Company,80 State Street,Albany,12207,Albany
POINT (-74.04256 41.10838),"Key Bank, National Association",193 Route 59,Spring Valley,10977,Rockland
POINT (-72.79439 40.8005),"JPMorgan Chase Bank, National Association",405 Main Street,Center Moriches,11934,Suffolk
POINT (-77.94361 43.2008),"Key Bank, National Association",4707 Lake Road South,Brockport,14420,Monroe
POINT (-74.36157 43.01653),"Key Bank, National Association",225 North Comrie Avenue,Johnstown,12095,Fulton
POINT (-75.01771 42.46083),"NBT Bank, National Association",5582 State Highway Route 7,Oneonta,13820,Otsego
POINT (-73.32395 40.69676),"JPMorgan Chase Bank, National Association",31 West Main Street,Babylon,11702,Suffolk
POINT (-73.1189 40.87634),Manufacturers and Traders Trust Company,1320 Stony Brook Rd.,Stony Brook,11790,Suffolk
POINT (-78.7589 42.96105),"Key Bank, National Association",5200 Main Street,Williamsville,14221,Erie
POINT (-78.81366 42.93756),Manufacturers and Traders Trust Company,3037 BAILEY AVENUE,BUFFALO,14215,Erie
POINT (-78.63228 42.76504),Manufacturers and Traders Trust Company,135 Hamburg Street,East Aurora,14052,Erie
POINT (-75.96271 42.09537),Manufacturers and Traders Trust Company,4481 Vestal Parkway,Vestal,13850,Broome
POINT (-73.8577 41.07904),"Key Bank, National Association",75 North Broadway,Tarrytown,10591,Westchester
POINT (-75.29383 43.11984),"NBT Bank, National Association",131 Oriskany Boulevard,Whiteboro,13492,Oneida
POINT (-78.38691 43.21998),"Key Bank, National Association",514 Main Street,Medina,14103,Orleans
POINT (-74.4785 42.6791),"NBT Bank, National Association",691 East Main Street,Cobleskill,12043,Schoharie
POINT (-73.1247 40.8746),"JPMorgan Chase Bank, National Association",2210 Nesconset Highway,Stony Brook,11790,Suffolk
POINT (-75.60934 43.97813),"Key Bank, National Association",302 State Street,Cathage,13619,Jefferson
POINT (-73.70355 40.66634),"JPMorgan Chase Bank, National Association",163 West Merrick Road,Valley Stream,11580,Nassau
POINT (-76.14229 43.0081),"Key Bank, National Association",4141 South Salina Street,Syracuse,13205,Onondaga
POINT (-76.48671 43.46014),"Key Bank, National Association",138 State Route 104,Oswego,13126,Oswego
POINT (-74.13061 44.32877),"Key Bank, National Association",151 Church Street,Saranac Lake,12983,Franklin
POINT (-73.78157 42.86013),"NBT Bank, National Association",9 Clifton Country Road,Clifton Park,12065,Saratoga
POINT (-77.75071 43.10552),"Key Bank, National Association",3230 Chili Avenue,Rochester,14624,Monroe
POINT (-73.91929 40.81711),Municipal Credit Union,560 Courtland Avenue,Bronx,10451,Bronx
POINT (-73.6364 43.30001),"NBT Bank, National Association",110 Main Street,South Glens Falls,12803,Warren
POINT (-73.91927 40.81649),Municipal Credit Union,355 E. 149th Street,Bronx,10455,Bronx
POINT (-78.25191 42.39234),Manufacturers and Traders Trust Company,9013 Main Street,Rushford,14777,Erie
POINT (-75.2928 43.11863),Manufacturers and Traders Trust Company,80 Oriskany Boulevard,Whitesboro,13492,Oneida
POINT (-74.00758 41.09403),"Key Bank, National Association",46 College Avenue,Nanuet,10954,Rockland
POINT (-78.68045 42.90084),"Key Bank, National Association",5207 Broadway,Lancaster,14086,Erie
POINT (-78.84788 42.92895),"Key Bank, National Association",2157 Main Street,Buffalo,14214,Erie
POINT (-76.13921 43.23219),"NBT Bank, National Association",9556 Brewerton,Brewerton,13029,Onondaga
POINT (-73.94481 41.04654),"JPMorgan Chase Bank, National Association",333 Route 303 & Orangeburg Road,Orangeburg,10962,Rockland
POINT (-75.95295 42.11378),Manufacturers and Traders Trust Company,20 Jenison Avenue,Johnson City,13790,Broome
POINT (-76.27155 43.04143),"Key Bank, National Association",5318 Genesee Street,Camillus,13031,Onondaga
POINT (-78.68888 43.17069),"Key Bank, National Association",150 Main Street,Lockport,14094,Niagara
POINT (-73.57802 41.42277),Manufacturers and Traders Trust Company,1525 Route 22,Brewster,10509,Putnam
POINT (-74.92535 42.70073),"Key Bank, National Association",103 Main Street,Cooperstown,13326,Otsego
POINT (-73.91011 41.93762),Mid-Hudson Valley Federal Credit Union,6567 Springbrook Avenue,Rhinebeck,12572,Dutchess
POINT (-73.74791 42.84267),"Key Bank, National Association",1532 Route 9,Halfmoon,12065,Albany
POINT (-76.81442 43.21916),Lyons National Bank,5996 New Hartford Street,Wolcott,14590,Wayne
POINT (-73.86208 41.06448),"JPMorgan Chase Bank, National Association",360 South Broadway,Tarrytown,10591,Westchester
POINT (-78.85574 42.88462),Manufacturers and Traders Trust Company,447 William Street,Buffalo,14204,Erie
POINT (-78.6969 43.14649),Manufacturers and Traders Trust Company,5741 South Transit Road,Lockport,14094,Niagara
POINT (-76.16715 43.07283),Manufacturers and Traders Trust Company,2100 Park Street,Syracuse,13208,Onondaga
POINT (-76.06732 43.04716),Manufacturers and Traders Trust Company,3401 Erie Boulevard East,DeWitt,13214,Onondaga
POINT (-74.32511 41.40279),"Key Bank, National Association",50 North Church Street,Goshen,10924,Orange
POINT (-73.80227 41.18757),"JPMorgan Chase Bank, National Association",230 Saw Mill River Road,Millwood,10546,Westchester
POINT (-73.03205 40.93226),"JPMorgan Chase Bank, National Association",5499 Nesconset Highway,Mount Sinai,11766,Suffolk
POINT (-73.93078 40.76473),"JPMorgan Chase Bank, National Association",21-21 Broadway,Queens,11106,Queens
POINT (-78.83494 42.72989),Manufacturers and Traders Trust Company,5771 Camp Road,Hamburg,14075,Erie
POINT (-75.05964 42.45343),"Key Bank, National Association",56 South Main Street,Oneonta,13820,Otsego
POINT (-76.26029 42.10265),Manufacturers and Traders Trust Company,195 Front Street,Owego,13827,Tioga
POINT (-73.99765 40.71678),"JPMorgan Chase Bank, National Association",180 Canal Street,New York,10013,New York
POINT (-78.83192 42.71629),Lake Shore Savings Bank,59 Main Street,Hamburg,14075,Erie
POINT (-75.98499 43.00584),"Key Bank, National Association",7670 Highbridge Road,Manlius,13104,Onondaga
POINT (-74.62345 42.93167),"NBT Bank, National Association",41 Canal Street,Fort Plain,13339,Montogomery
POINT (-73.76968 42.86415),"Key Bank, National Association",1703 Route 9,Clifton Park,12065,Saratoga
POINT (-73.1954 40.85451),"JPMorgan Chase Bank, National Association",42 West Main Street,Smithtown,11787,Suffolk
POINT (-78.81931 42.87301),Manufacturers and Traders Trust Company,644 Bailey Avenue,Buffalo,14206,Erie
POINT (-78.82793 42.76252),Meridia Community Credit Union,4500 Southwestern Boulevard,Hamburg,14075,Erie
POINT (-77.68974 43.13131),"JPMorgan Chase Bank, National Association",2130 Chili Avenue,Rochester,14624,Monroe
POINT (-73.65547 41.19584),"JPMorgan Chase Bank, National Association",420 Old Post Road,Bedford,10506,Westchester
POINT (-73.68642 40.73237),Maspeth Federal Savings & Loan,801 Jericho Turnpike,New Hyde Park,11040,Nassau
POINT (-74.13983 41.85231),"Key Bank, National Association",3565 Main Street,Stone Ridge,12484,Ulster
POINT (-75.43873 43.23264),"Key Bank, National Association",1725 Black River Boulevard,Rome,13440,Oneida
POINT (-73.90135 40.93466),"Key Bank, National Association",66 Main Street,Yonkers,10701,Westchester
POINT (-78.69619 42.98852),Manufacturers and Traders Trust Company,5225 Transit Road,Williamsville,14221,Erie
POINT (-78.64665 42.96995),Manufacturers and Traders Trust Company,9220 Main Street,Clarence,14031,Erie
POINT (-75.33231 42.62433),"NBT Bank, National Association",2 South Main Street,New Berlin,13411,Chenango
POINT (-73.89845 40.72428),"JPMorgan Chase Bank, National Association",66-02 Grand Avenue,Queens,11378,Queens
POINT (-73.91926 40.81649),Municipal Credit Union,357 East 149th Street,Bronx,10455,Bronx
POINT (-73.98723 40.69375),Municipal Credit Union,340 Jay Street,Brooklyn,11201,Kings
POINT (-78.8777 42.90418),"Key Bank, National Association",274 Elmwood Avenue,Buffalo,14222,Erie
POINT (-73.98469 40.74826),"JPMorgan Chase Bank, National Association",349 Fifth Avenue,New York,10016,New York
POINT (-74.03299 41.52632),"Key Bank, National Association",84 North Plank Road,Newburgh,12550,Orange
POINT (-74.28404 41.35704),"Key Bank, National Association",74 Brookside,Chester,10918,Orange
POINT (-73.75157 42.64919),"NBT Bank, National Association",54 State Street,Albany,12207,Albany
POINT (-73.9402 40.71206),"JPMorgan Chase Bank, National Association",819 Grand,Brooklyn,11211,Kings
POINT (-74.13155 44.32653),"Key Bank, National Association",75 Main Street,Saranac Lake,12983,Franklin
POINT (-75.91873 42.09521),Manufacturers and Traders Trust Company,47-49 Front Street,Binghamton,13905,Broome
POINT (-73.77655 42.75681),"NBT Bank, National Association",703 Troy-Schenectday Road,Latham,12110,Albany
POINT (-76.07989 43.08773),"NBT Bank, National Association",6563 Weighlock Drive,East Syracuse,13057,Onondaga
POINT (-73.97162 40.67602),Manufacturers and Traders Trust Company,354 Flatbush Avenue,Brooklyn,11238,Kings
POINT (-73.78262 40.91179),"JPMorgan Chase Bank, National Association",270 North Avenue,New Rochelle,10801,Westchester
POINT (-79.04173 43.17254),"Key Bank, National Association",493 Center Street,Lewiston,14092,Niagara
POINT (-75.89614 42.15688),"NBT Bank, National Association",1256 Front Street,Binghamton,13901,Broome
POINT (-76.0805 43.06689),"Key Bank, National Association",121 West Manillus Street,East Syracuse,13057,Onondaga
POINT (-75.198 44.86482),Massena Savings & Loan Association,155 Lincoln Avenue,Waddington,13694,St. Lawrence
POINT (-77.28963 42.5237),Manufacturers and Traders Trust Company,12 Chapel Street,Prattsburg,14873,Steuben
POINT (-73.50626 40.69446),Jovia Financial Credit Union,1157 Wantagh Avenue,Wantagh,11793,Nassau
POINT (-77.69462 43.16703),"Key Bank, National Association",12 Spencerport Road,Gates,14606,Monroe
POINT (-74.07043 41.49999),Mid-Hudson Valley Federal Credit Union,1224 Route 300,Newburgh,12550,Orange
POINT (-73.77149 41.11314),"JPMorgan Chase Bank, National Association",608 Columbus Avenue,Thornwood,10594,Westchester
POINT (-73.88852 41.69952),"Key Bank, National Association",55 Burnett Boulevard,Poughkeepsie,12603,Dutchess
POINT (-73.93102 40.66985),"JPMorgan Chase Bank, National Association",257 Utica Avenue,Brooklyn,11213,Kings
POINT (-74.07013 41.50083),"Key Bank, National Association",1228 Route 300,Newburgh,12550,Orange
POINT (-73.94424 40.80726),"JPMorgan Chase Bank, National Association",55 West 125th Street,New York,10027,New York
POINT (-74.00561 40.68285),"JPMorgan Chase Bank, National Association",79 Hamilton,Brooklyn,11231,Kings
POINT (-77.57029 43.13128),Manufacturers and Traders Trust Company,1627 Monroe Avenue,Rochester,14618,Monroe
POINT (-73.85987 40.71162),"JPMorgan Chase Bank, National Association",7104 Woodhaven Boulevard,Queens,11385,Queens
POINT (-76.20569 43.10167),Manufacturers and Traders Trust Company,203 Cypress Street,Liverpool,13088,Onondaga
POINT (-75.97227 42.125059),"Key Bank, National Association",200 Oakdale Mall,Johnson City,13790,Broome
POINT (-75.96685 42.32903),Manufacturers and Traders Trust Company,2669 Main Street,Whitney Point,13862,Broome
POINT (-73.90041 42.80307),"Key Bank, National Association",1742--1744 Union Street,Schenectady,12309,Schenectady
POINT (-79.10435 42.56796),Lake Shore Savings Bank,Routes 5 & 20,Irving,14081,Erie
POINT (-73.96816 40.75939),"JPMorgan Chase Bank, National Association",919 Third Avenue,New York,10022,New York
POINT (-78.28033 42.86402),"Key Bank, National Association",84 Main Street,Attica,14011,Wyoming
POINT (-79.33266 42.48343),"Key Bank, National Association",51 East 4th Street,Dunkirk,14048,Chautauqua
POINT (-73.89887 42.80182),Manufacturers and Traders Trust Company,1766 Uniion Street,Schenectady,12309,Schenectady
POINT (-75.98075 43.00288),Manufacturers and Traders Trust Company,204 Fayette Street,Manlius,13104,Onondaga
POINT (-73.99641 40.72588),"JPMorgan Chase Bank, National Association",623 Broadway,New York,10012,New York
POINT (-76.06749 43.03538),"JPMorgan Chase Bank, National Association",4425 East Genesee Street,DeWitt,13214,Onondaga
POINT (-74.57301 42.90575),"NBT Bank, National Association",20 Mohawk Street,Canajoharie,13317,Montogomery
POINT (-73.74811 40.93501),"JPMorgan Chase Bank, National Association",1350 Boston Post Road,Larchmont,10538,Westchester
POINT (-77.53868 43.10394),Manufacturers and Traders Trust Company,3290 Monroe Avenue,Rochester,14618,Monroe
POINT (-73.89661 40.6757),Manufacturers and Traders Trust Company,2644 ATLANTIC AVENUE,BROOKLYN,11207,Kings
POINT (-76.42936 42.94749),"Key Bank, National Association",32 Jordan Street,Skaneateles,13152,Onondaga
POINT (-78.87594 43.04925),Manufacturers and Traders Trust Company,955-969 PAYNE AVENUE,NORTH TONAWANDA,14120,Niagara
POINT (-73.73551 40.77038),"JPMorgan Chase Bank, National Association",252-34 Northern Boulevard,Queens,11362,Queens
POINT (-72.99042 40.94195),Manufacturers and Traders Trust Company,301 Route 25A,Miller Place,11764,Suffolk
POINT (-73.98844 41.15402),"Key Bank, National Association",3 Cavalry Drive,New City,10956,Rockland
POINT (-78.82936 42.72687),Meridia Community Credit Union,4111 Legion Drive,Hamburg,14075,Erie
POINT (-78.88024 43.02532),"Key Bank, National Association",100 River Road,North Tonawanda,14120,Niagara
POINT (-77.66013 42.35341),Maple City Savings Bank,7301 Seneca Road,Hornell,14843,Steuben
POINT (-77.26389 42.877),"Key Bank, National Association",145 Eastern Boulevard,Canandaigua,14424,Ontario
POINT (-78.98015 43.08832),"Key Bank, National Association",7350 Niagra Falls Boulevard,Niagra Falls,14304,Niagara
POINT (-73.04816 40.74845),Manufacturers and Traders Trust Company,903 Montauk Highway,Bayport,11705,Suffolk
POINT (-74.31629 41.40756),Manufacturers and Traders Trust Company,307 Main Street,Goshen,10924,Orange
POINT (-74.23434 40.51714),"JPMorgan Chase Bank, National Association",280 Page Avenue,Staten Island,10307,Richmond
POINT (-76.04825 42.10336),Manufacturers and Traders Trust Company,41 Washington Avenue,Endicott,13760,Broome
POINT (-78.87736 43.01862),Manufacturers and Traders Trust Company,65 BROAD STREET,TONAWANDA,14150,Erie
POINT (-76.21936 43.1287),"Key Bank, National Association",7379 Oswego Road,Liverpool,13090,Onondaga
POINT (-78.81335 42.99683),"Key Bank, National Association",4224 Ridge Lea Road,Amherst,14226,Erie
POINT (-78.78425 42.90132),Manufacturers and Traders Trust Company,2195 Harlem Road,Cheektowaga,14225,Erie
,Manufacturers and Traders Trust Company,Upper Front Street,Binghamton,13902,Broome
POINT (-76.14524 43.02543),"Key Bank, National Association",2209 South Salina Street,Syracuse,13205,Onondaga
POINT (-75.06204 42.45387),"Key Bank, National Association",202 Main Street,Oneonta,13820,Otsego
POINT (-79.04857 43.24963),"Key Bank, National Association",421 Second Street,Youngstown,14174,Niagara
POINT (-73.97867 40.73675),Manufacturers and Traders Trust Company,397 First Avenue,New York,10010,New York
POINT (-73.88523 40.96039),Mahopac Bank,775 Palisades Avenue,Yonkers,10703,Westchester
POINT (-73.79163 41.13452),Mahopac Bank,57 Wheeler Avenue,Pleasantville,10570,Westchester
POINT (-78.78703 42.83556),"Key Bank, National Association",320 Orchard Park Road,West Seneca,14224,Erie
,"Key Bank, National Association",Oakwood Commons,Poughkeepsie,12601,Dutchess
POINT (-76.33864 42.98278),"Key Bank, National Association",7 East Main Street,Marcellus,13108,Onondaga
POINT (-75.95929 42.11605),"NBT Bank, National Association",331 Main Street,Johnson City,13790,Broome
POINT (-73.94177 42.81379),"NBT Bank, National Association","433 State Street, Suite 130",Schenectady,12305,Schenectady
POINT (-77.66205 43.16465),Manufacturers and Traders Trust Company,1385 LYELL AVENUE,ROCHESTER,14606,Monroe
POINT (-77.45929 43.21039),"Key Bank, National Association",980 Ridge Road East,Webster,14580,Monroe
POINT (-73.82372 41.74438),"Key Bank, National Association",1609 Main Street,Pleasant Valley,12569,Dutchess
POINT (-74.11241 42.03803),Mid-Hudson Valley Federal Credit Union,85 Mill Hill Road,Woodstock,12498,Ulster
POINT (-74.59103 42.91523),"Key Bank, National Association",101 Palatine Plaza,Palatine Bridge,13428,Montogomery
POINT (-73.79651 40.91032),Manufacturers and Traders Trust Company,88 Fourth Street,New Rochelle,10801,Westchester
POINT (-73.90435 40.90593),"JPMorgan Chase Bank, National Association",5656 Riverdale Avenue,Bronx,10471,Bronx
POINT (-78.00318 42.71757),Manufacturers and Traders Trust Company,43 South Main Street,Perry,14530,Wyoming
POINT (-73.85221 40.72658),Manufacturers and Traders Trust Company,101-25 Queens Boulevard,Forest Hills,11375,Queens
POINT (-78.75361 42.89245),"Key Bank, National Association",2929 Union Road,Cheektowaga,14227,Erie
POINT (-73.76126 42.74466),"Key Bank, National Association",767 New Loudon Rd,Latham,12110,Albany
POINT (-78.69737 42.96698),Manufacturers and Traders Trust Company,7300 Transit Road,Williamsville,14221,Erie
POINT (-73.98614 40.66936),"JPMorgan Chase Bank, National Association",444 5th Avenue,Brooklyn,11215,Kings
POINT (-75.48492 43.22437),"NBT Bank, National Association",1148 Erie Boulevard,Rome,13440,Oneida
POINT (-73.97212 41.60548),"Key Bank, National Association",1 Western Avenue,Marlboro,12542,Ulster
POINT (-76.03167 43.06274),Manufacturers and Traders Trust Company,7095 Manlius Center Road,East Syracuse,13057,Onondaga
POINT (-73.90973 41.57529),Mahopac Bank,1281 Route 9,Wappingers Falls,12590,Dutchess
POINT (-73.68533 41.62295),"Key Bank, National Association",2600 Route 55,Poughquag,12570,Dutchess
POINT (-74.00732 40.72745),"JPMorgan Chase Bank, National Association",345 Hudson Street,New York,10014,New York
POINT (-73.75883 40.74066),"JPMorgan Chase Bank, National Association",215-16 73rd Avenue,Queens,11364,Queens
POINT (-73.98032 40.78355),"JPMorgan Chase Bank, National Association",2219 Broadway,New York,10024,New York
POINT (-73.72659 40.78748),Manufacturers and Traders Trust Company,23-25 North Station Plaza,Great Neck,11021,Nassau
POINT (-76.22342 43.13567),Manufacturers and Traders Trust Company,7538 Oswego Road,Liverpool,13090,Onondaga
POINT (-73.91121 40.61716),"JPMorgan Chase Bank, National Association",6510 Avenue U,Brooklyn,11234,Kings
POINT (-77.44345 43.00884),Manufacturers and Traders Trust Company,600 ROWLEY ROAD,VICTOR,14564,Ontario
POINT (-73.6451 42.69662),"Key Bank, National Association",86 Main Street --- Route 66,Wynantskill,12198,Rensselaer
POINT (-74.9631 42.64986),"NBT Bank, National Association",One Commons Drive,Cooperstown,13326,Otsego
POINT (-76.21768 42.57269),"Key Bank, National Association",860 NYS Route 13,Cortland,13045,Cortland
POINT (-73.74255 41.35244),"Key Bank, National Association","Route 6, Lake Plaza Shopping Center",Mahopac,10541,Putnam
POINT (-73.90641 40.64785),"JPMorgan Chase Bank, National Association",9601 Foster,Brooklyn,11236,Kings
POINT (-75.29837 43.07688),"Key Bank, National Association",1 New Hartford Shopping Center,New Hartford,13413,Oneida
POINT (-73.75764 41.78253),Manufacturers and Traders Trust Company,2509  Route 44,Salt Point,12545,Dutchess
POINT (-77.59049 43.19699),Manufacturers and Traders Trust Company,999 EAST RIDGE ROAD,IRONDEQUOIT,14621,Monroe
POINT (-76.23265 43.04877),"JPMorgan Chase Bank, National Association",3508 West Genesee,Syracuse,13219,Onondaga
POINT (-73.71262 40.96891),"JPMorgan Chase Bank, National Association",275 Halstead Avenue,Harrison,10528,Westchester
POINT (-73.7365 40.62662),"JPMorgan Chase Bank, National Association",335 Rockaway Turnpike,Lawrence,11559,Nassau
POINT (-78.8959 42.93595),"Key Bank, National Association",201 Amherst Drive,Buffalo,14207,Erie
POINT (-76.15221 43.05046),Manufacturers and Traders Trust Company,101 South Salina Street,Syracuse,13202,Onondaga
POINT (-73.83203 42.62226),"Key Bank, National Association",370 Delaware Avenue,Delmar,12054,Albany
POINT (-77.55359 43.14522),Manufacturers and Traders Trust Company,1882 East Avenue,Rochester,14610,Monroe
POINT (-73.83839 41.53991),"Key Bank, National Association",1941 Route 52,Hopewell Junction,12533,Dutchess
POINT (-79.57498 42.32411),Lake Shore Savings Bank,106 East Main Street,Westfield,14787,Chautauqua
POINT (-74.37589 42.95444),"NBT Bank, National Association",20 West Main Street,Fonda,12068,Albany
POINT (-73.759028 41.344187),"Key Bank, National Association",Route 6,Baldwin Place,10505,Westchester
POINT (-78.96909 43.09091),Manufacturers and Traders Trust Company,880 Military Road,Niagara Falls,14304,Niagara
POINT (-79.23935 42.09826),"Key Bank, National Association",417 Spring Street,Jamestown,14701,Chautauqua
POINT (-73.66384 40.70706),Jovia Financial Credit Union,648 Hempstead Turnpike,Franklin Square,11010,Nassau
POINT (-78.18516 42.9978),"Key Bank, National Association",45 Main Street,Batavia,14020,Genesee
POINT (-73.94616 40.63141),"JPMorgan Chase Bank, National Association",1599 Flatbush Avenue,Brooklyn,11210,Kings
POINT (-78.86409 42.87186),"Key Bank, National Association",418 South Park Avenue,Buffalo,14214,Erie
POINT (-79.57653 42.32272),"Key Bank, National Association",50 East Main Street,Westfield,14787,Chautauqua
POINT (-74.18651 42.96715),"NBT Bank, National Association","106 Hannaford Plaza, Route 30",Amsterdam,12010,Montogomery
POINT (-73.41355 40.78939),"JPMorgan Chase Bank, National Association",115 Broad Hollow,Melville,11747,Suffolk
POINT (-75.93986 42.10855),"Key Bank, National Association",282 Main Street,Binghamton,13905,Broome
POINT (-78.78158 42.9627),Manufacturers and Traders Trust Company,4564 Main Street,Amherst,14226,Erie
POINT (-73.99058 41.14329),"Key Bank, National Association",115 South Main Street,New City,10954,Rockland
POINT (-73.91817 40.62542),Municipal Credit Union,2142 Ralph Avenue,Brooklyn,11234,Kings
POINT (-78.8863 42.89602),Manufacturers and Traders Trust Company,425 Niagara Street,Buffalo,14201,Erie
POINT (-77.70287 43.2096),"Key Bank, National Association",2791 Ridge Road West,Rochester,14626,Monroe
POINT (-77.70694 43.14802),Manufacturers and Traders Trust Company,1955 Buffalo Road,Rochester,14624,Monroe
POINT (-73.95875 40.65056),"JPMorgan Chase Bank, National Association",883 Flatbush Avenue,Brooklyn,11226,Kings
POINT (-78.87659 42.89124),"Key Bank, National Association",250 Delaware Avenue,Buffalo,14202,Erie
POINT (-76.04334 43.0277),"NBT Bank, National Association",6930 East Genesee Street,Fayetteville,13066,Onondaga
POINT (-73.82631 40.83049),"JPMorgan Chase Bank, National Association",3528 East Tremont Avenue,Bronx,10465,Bronx
POINT (-73.96112 42.79916),"Key Bank, National Association",1708 Broadway,Schenectady,12306,Schenectady
POINT (-77.61149 43.1569),Manufacturers and Traders Trust Company,28 EAST MAIN STREET,ROCHESTER,14614,Monroe
POINT (-74.97967 43.02805),"NBT Bank, National Association",399 East Albany Street,Herkimer,13350,Herkimer
POINT (-73.73333 41.37265),Mahopac Bank,630 Route 6,Mahopac,10541,Putnam
POINT (-73.72821 41.20856),"JPMorgan Chase Bank, National Association",16 East Main Street,Mount Kisco,10549,Westchester
POINT (-73.98193 40.75969),"JPMorgan Chase Bank, National Association",1251 Avenue of the Americas,New York,10020,New York
POINT (-78.8234 43.00698),"Key Bank, National Association",1930 Niagara Falls Boulevard,Tonawanda,14150,Erie
POINT (-74.66426 41.77776),Jeff Bank,1278 Route 52,Loch Sheldrake,12759,Sullivan
POINT (-74.93385 41.78073),Jeff Bank,4864 Route 52,Jeffersonville,12748,Sullivan
POINT (-78.75359 42.92886),Manufacturers and Traders Trust Company,4237 Union Road,Cheekowaga,14225,Erie
POINT (-73.79181 41.13575),"JPMorgan Chase Bank, National Association",17 Washington Avenue,Pleasantville,10570,Westchester
POINT (-73.81347 42.7151),"NBT Bank, National Association",80 Wolf Road,Albany,12205,Albany
POINT (-77.4456 43.21139),"JPMorgan Chase Bank, National Association",920 Holt Road,Webster,14580,Monroe
POINT (-75.90579 42.11076),Manufacturers and Traders Trust Company,33 West State Street,Binghamton,13901,Broome
POINT (-73.96623 41.7004),Mid-Hudson Valley Federal Credit Union,5 Wingate Way,Highland,12528,Ulster
POINT (-73.92479 40.82729),"JPMorgan Chase Bank, National Association",76 East 161 Street,Bronx,10451,Bronx
POINT (-77.2507 42.87497),Lyons National Bank,3225 State Route 364,Canandaiqua,14424,Wayne
POINT (-76.15881 43.12153),Manufacturers and Traders Trust Company,5170 West Taft Road,North Syracuse,13212,Onondaga
POINT (-76.01897 43.02948),"Key Bank, National Association",410 Towne Road,Fayetteville,13066,Onondaga
POINT (-73.52054 40.80572),"JPMorgan Chase Bank, National Association",220 West Jericho Turnpike,Syosset,11791,Nassau
POINT (-79.30682 42.09875),Manufacturers and Traders Trust Company,281 East Fairmont Avenue,Lakewood,14750,Chautauqua
POINT (-75.65188 43.09501),"JPMorgan Chase Bank, National Association",150 Main Street,Oneida,13421,Madison
POINT (-76.98054 42.86904),Lyons National Bank,399 Exchange Street,Geneva,14456,Ontario
POINT (-78.73997 42.97704),Manufacturers and Traders Trust Company,428 Evans Road,Williamsville,14221,Erie
POINT (-73.09753 40.78138),Manufacturers and Traders Trust Company,640 Johnson Avenue,Bohemia,11716,Suffolk
POINT (-74.07986 44.92651),"Key Bank, National Association",151 West Main Street,Chateaugay,12920,Franklin
POINT (-75.98422 43.00524),"JPMorgan Chase Bank, National Association",329 Fayette Street,Manlius,13104,Onondaga
POINT (-73.75402 42.64771),"Key Bank, National Association",66 South Pearl Street,Albany,12207,Albany
POINT (-73.74745 41.21505),"Key Bank, National Association",50 Main Street,Mt. Kisco,10549,Westchester
POINT (-73.64794 40.65677),"JPMorgan Chase Bank, National Association",10 North Village Avenue,Rockville Center,11570,Nassau
POINT (-78.80839 42.85364),"Key Bank, National Association",2157 Seneca Street,Buffalo,14210,Erie
POINT (-73.98009 40.75648),Metropolitan National Bank,16 West 46th Street,New York,10036,New York
POINT (-78.87346 42.88865),Manufacturers and Traders Trust Company,1 Fountain Plaza,Buffalo,14203,Erie
POINT (-79.33039 42.44061),Lake Shore Savings Bank,30 East Main Street,Fredonia,14063,Chautauqua
POINT (-73.8703 40.75067),"JPMorgan Chase Bank, National Association",37-29 Junction Boulevard,Queens,11368,Queens
POINT (-76.15914 43.02117),Manufacturers and Traders Trust Company,1621 South Avenue,Syracuse,13207,Onondaga
POINT (-72.37363 41.09982),Manufacturers and Traders Trust Company,74825 Main Road,Greenport,11944,Suffolk
POINT (-74.35736 41.25985),"Key Bank, National Association",5 Maple Avenue,Warwick,10990,Orange
POINT (-73.94507 40.80824),Manufacturers and Traders Trust Company,310 Lenox Avenue,New York,10027,New York
POINT (-73.55511 40.78491),Manufacturers and Traders Trust Company,50 Jericho Quadrangle,Jericho,11753,Nassau
POINT (-73.89578 40.7264),Maspeth Federal Savings & Loan,56-18 69th Street,Maspeth,11378,Queens
POINT (-76.1436 42.98371),Manufacturers and Traders Trust Company,5958 South Salina Street,Syracuse,13205,Onondaga
POINT (-73.98538 40.74444),Manufacturers and Traders Trust Company,95 Madison Avenue,New York,10016,New York
POINT (-78.6808 42.90135),Manufacturers and Traders Trust Company,5226 Broadway,Lancaster,14086,Erie
POINT (-73.84441 40.68472),"JPMorgan Chase Bank, National Association",96-19 101st Avenue,Queens,11416,Queens
POINT (-73.89157 42.13457),"Key Bank, National Association",4291 Route 9G,Germantown,12526,Columbia
POINT (-78.69718 42.98929),"Key Bank, National Association",2397 Maple Road,Amherst,14221,Erie
POINT (-78.75486 42.9145),Manufacturers and Traders Trust Company,3700 Union Road,Cheektowaga,14225,Erie
POINT (-78.74501 42.77171),Manufacturers and Traders Trust Company,4098 North Buffalo Street,Orchard Park,14127,Erie
POINT (-77.59064 42.95386),Manufacturers and Traders Trust Company,28 North Main Street,Honeoye Falls,14472,Monroe
POINT (-74.32203 41.77384),"Key Bank, National Association",20 Ceder Street,Kerhonkson,12446,Ulster
POINT (-75.38164 43.04799),"Key Bank, National Association",2 Franklin Avenue,Clinton,13323,Oneida
POINT (-77.64061 43.07911),"Key Bank, National Association",3740 W. Henrietta Rd,Rochester,14623,Monroe
POINT (-74.23148 40.52707),Manufacturers and Traders Trust Company,2935 Veterans Road West,Staten Island,10309,Richmond
POINT (-78.97659 43.10214),"Key Bank, National Association",2429 Military Road,Niagara Falls,14304,Niagara
POINT (-78.08316 42.6599),Manufacturers and Traders Trust Company,17 North Main Street,Silver Springs,14550,Wyoming
POINT (-74.89305 44.93204),"Key Bank, National Association",41 Main Street,Massena,13662,Franklin
POINT (-73.89134 42.78305),"Key Bank, National Association",3337 Consaul Road,Schenectady,12309,Schenectady
POINT (-76.18047 42.60154),"Key Bank, National Association",One North Main Street,Cortland,13045,Cortland
POINT (-78.42349 42.534),Manufacturers and Traders Trust Company,271 Main Street,Arcade,14009,Wyoming
POINT (-76.00593 43.85968),"Key Bank, National Association",13235 State Route 11,Adams,13606,Jefferson
POINT (-76.87113 43.08236),Lyons National Bank,4 Williams Street,Clyde,14433,Wayne
POINT (-73.78533 40.84415),"JPMorgan Chase Bank, National Association",207 City Island Avenue,Bronx,10464,Bronx
POINT (-76.05857 42.19802),"NBT Bank, National Association",2647 Main Street,Maine,13802,Broome
POINT (-78.89024 42.91529),"Key Bank, National Association",306 West Ferry Street,Buffalo,14213,Erie
POINT (-78.82871 42.85672),"Key Bank, National Association",1510 South Park Avenue,Buffalo,14220,Erie
POINT (-76.00421 43.03004),Manufacturers and Traders Trust Company,500 EAST GENESEE STREET,FAYETTEVILLE,13066,Onondaga
POINT (-73.69951 42.64291),"Key Bank, National Association",281 Troy Road,Rensselaer,12144,Rensselaer
POINT (-75.29738 43.07424),Manufacturers and Traders Trust Company,120-126 Genesee Street,New Hartford,13413,Oneida
POINT (-73.88813 41.69832),Mid-Hudson Valley Federal Credit Union,21 Burnett Boulevard,Poughkeepsie,12603,Dutchess
POINT (-73.73187 42.68331),John V Ward Sr.,100 Broadway,Menands,12204,Albany
POINT (-78.77123 42.96027),Lake Shore Savings Bank,4950 Main Street,Snyder,14226,Erie
POINT (-73.81072 42.62869),"Key Bank, National Association",164 Delaware Avenue,Delmar,12054,Albany
POINT (-74.04627 41.11757),"JPMorgan Chase Bank, National Association",1 UN Plaza,New York,10017,New York
POINT (-74.74512 41.7988),"Key Bank, National Association",53 South Main Street,Liberty,12754,Sullivan
POINT (-73.8784 40.82865),"JPMorgan Chase Bank, National Association",1536 Westchester,Bronx,10472,Bronx
POINT (-73.98556 41.20999),"Key Bank, National Association",3 North Route 9W and Railroad Ave,West Haverstraw,10993,Rockland
POINT (-73.99997 41.09315),"JPMorgan Chase Bank, National Association",61 Smith Street,Nanuet,10954,Rockland
POINT (-74.13106 41.1125),Manufacturers and Traders Trust Company,Route 59  and  Hemion Road,Suffern,10901,Rockland
POINT (-73.97567 40.75196),"JPMorgan Chase Bank, National Association",405 Lexington Avenue,New York,10174,New York
POINT (-73.76324 41.03215),"Key Bank, National Association",270 Martine Avenue,White Plains,10601,Westchester
POINT (-78.96752 43.02676),Manufacturers and Traders Trust Company,2381 Grand Island Boulevard,Grand Island,14072,Erie
POINT (-77.69587 43.25234),"JPMorgan Chase Bank, National Association",690 Long Pond Road,Rochester,14612,Monroe
POINT (-73.34888 40.90059),"JPMorgan Chase Bank, National Association",163 Main Street,Northport,11768,Suffolk
POINT (-73.21311 40.72934),"JPMorgan Chase Bank, National Association",556 Main Street,Islip,11751,Suffolk
POINT (-73.50157 41.95286),"Key Bank, National Association",135 Route 44 East,Millerton,12546,Dutchess
POINT (-73.29335 40.84304),Jovia Financial Credit Union,6414 Jericho Turnpike,Commack,11725,Suffolk
POINT (-77.74309 43.10663),Manufacturers and Traders Trust Company,3175 Chili Avenue,Chili,14624,Monroe
POINT (-73.97759 40.75213),"JPMorgan Chase Bank, National Association",60 East 42nd Street,New York,10017,New York
POINT (-79.03544 43.17068),Manufacturers and Traders Trust Company,805 Cayuga Street,Lewiston,14092,Niagara
POINT (-76.41592 43.32171),"Key Bank, National Association",121 South First Street,Fulton,13069,Oswego
POINT (-73.84502 40.84239),"JPMorgan Chase Bank, National Association",2725 East Tremont Avenue,Bronx,10461,Bronx
POINT (-75.95388 43.9749),"Key Bank, National Association",20974 State Route 3,Watertown,13601,Jefferson
POINT (-76.33153 43.15878),"Key Bank, National Association",10 East Genesee Street,Baldwinsville,13027,Onondaga
POINT (-73.43582 40.66852),Jovia Financial Credit Union,5455 Merrick Road,Massapequa,11762,Nassau
POINT (-73.998 40.60482),"JPMorgan Chase Bank, National Association",8523 20th Avenue,Brooklyn,11214,Kings
POINT (-73.47668 40.81468),"JPMorgan Chase Bank, National Association",7977 Jericho Turnpike,Woodbury,11797,Nassau
POINT (-76.27485 43.04106),"NBT Bank, National Association",5390 West Genesee Street,Camillus,13031,Onondaga
POINT (-78.7604 42.99188),Manufacturers and Traders Trust Company,740 Maple Road,Williamsville,14221,Erie
POINT (-74.00983 40.70352),"JPMorgan Chase Bank, National Association",55 Water Street,New York,10041,New York
POINT (-78.86964 42.90022),"Key Bank, National Association",973 Main Street,Buffalo,14203,Erie
POINT (-76.54173 42.00098),"Key Bank, National Association",245 Broad Street,Waverly,14892,Tioga
POINT (-73.96403 41.71791),Manufacturers and Traders Trust Company,10 Milton Avenue,Highland,12528,Ulster
POINT (-73.98058 40.68837),"JPMorgan Chase Bank, National Association",20 Flatbush Avenue,Brooklyn,11217,Kings
POINT (-74.88483 41.52656),Jeff Bank,561 Route 55,Eldred,12732,Sullivan
POINT (-73.97638 40.67309),"JPMorgan Chase Bank, National Association",127 7th Avenue,Brooklyn,11215,Kings
POINT (-78.82507 42.73402),Manufacturers and Traders Trust Company,6000 South Park Avenue,Hamburg,14075,Erie
POINT (-78.90976 43.23887),"Key Bank, National Association",2547 Youngstown/Lockport Road,Ramsomville,14131,Niagara
POINT (-74.12967 41.1122),"Key Bank, National Association",59 Route 59,Suffern,10901,Rockland
POINT (-73.84868 40.72383),"JPMorgan Chase Bank, National Association",104-17 Queens Boulevard,Queens,11375,Queens
POINT (-78.86815 42.9817),"Key Bank, National Association",1776 Sheridan Drive,Tonawanda,14223,Erie
POINT (-79.33404 42.45361),Lake Shore Savings Bank,280 Central Avenue (Gregory Hall),Fredonia,14063,Chautauqua
POINT (-77.64648 43.23605),"Key Bank, National Association",3636 Dewey Avenue,Rochester,14616,Monroe
POINT (-77.48009 43.10274),Manufacturers and Traders Trust Company,908 Fairport Road,Perinton,14450,Monroe
POINT (-73.88317 40.88104),"JPMorgan Chase Bank, National Association",3408 Jerome Avenue,Bronx,10467,Bronx
POINT (-78.87626 42.88609),"Key Bank, National Association",47 Court Street,Buffalo,14240,Erie
POINT (-73.83918 41.66956),Mahopac Bank,706 Freedom Plains Road--Rte 55,Poughkeepsie,12601,Dutchess
POINT (-78.38876 43.3211),Manufacturers and Traders Trust Company,3 South Main Street,Lyndonville,14098,Orleans
POINT (-73.57976 41.73418),"NBT Bank, National Association",5 Dover Village Plaza,Dover,12522,Dutchess
POINT (-77.62595 43.16503),"Key Bank, National Association",70 Lyell Avenue,Rochester,14608,Monroe
POINT (-74.85901 43.04348),Manufacturers and Traders Trust Company,501 East Main Street,Little Falls,13365,Herkimer
POINT (-78.80282 42.8718),"Key Bank, National Association",1989 Clinton Street,Buffalo,14206,Erie
POINT (-75.54508 42.73959),"NBT Bank, National Association",2 South Main Street,Earlville,13332,Madison
POINT (-78.87695 42.95589),"Key Bank, National Association",2141 Elmwood Avenue,Buffalo,14207,Erie
POINT (-73.95304 40.72771),"JPMorgan Chase Bank, National Association",798 Manhattan,Brooklyn,11222,Kings
POINT (-73.96986 40.76264),"M.Y. Safra Bank, FSB",499 Park Avenue,New York,10022,New York
POINT (-76.82538 42.90801),Manufacturers and Traders Trust Company,2109 Routes 5,Seneca Falls,13148,Seneca
POINT (-73.80122 42.65627),"Key Bank, National Association",561 New Scotland Avenue,Albany,12208,Albany
POINT (-74.01924 41.5278),Manufacturers and Traders Trust Company,5075 Route 9W,Newburgh,12550,Orange
POINT (-77.60264 43.2087),"Key Bank, National Association",525 Titus Avenue,Rochester,14617,Monroe
,"NBT Bank, National Association",Route 3,Plattsburg,12901,Clinton
POINT (-76.04498 44.00617),"Key Bank, National Association",200 Water Street,Dexter,13634,Jefferson
POINT (-73.76006 42.72753),Manufacturers and Traders Trust Company,595 New Loudon Road,Latham,12110,Albany
POINT (-75.31629 43.07929),"NBT Bank, National Association",8549 Seneca Turnpike,New Hartford,13413,Oneida
POINT (-73.95218 42.06058),Mid-Hudson Valley Federal Credit Union,3180 Route 9W,Saugerties,12477,Ulster
POINT (-76.23026 43.45936),"Key Bank, National Association",3283 Main Street,Mexico,13114,Oswego
POINT (-73.8989 40.93264),Municipal Credit Union,38 South Broadway,Yonkers,10701,Westchester
POINT (-75.85424 42.9299),Manufacturers and Traders Trust Company,43 Albany Street,Cazenovia,13035,Madison
POINT (-73.97689 40.63085),"JPMorgan Chase Bank, National Association",4323 18th,Brooklyn,11218,Kings
POINT (-73.93358 40.84952),"JPMorgan Chase Bank, National Association",1421 St. Nicholas Avenue,New York,10033,New York
POINT (-73.25646 40.81484),Manufacturers and Traders Trust Company,140 Adams Avenue,Hauppauge,11788,Suffolk
POINT (-76.1403 43.05678),"JPMorgan Chase Bank, National Association",801 James Street,Syracuse,13203,Onondaga
POINT (-74.93454 42.69859),Leatherstocking Region Federal Credit Union,24 Glen Avenue,Cooperstown,13326,Otsego
POINT (-73.78546 40.75795),"JPMorgan Chase Bank, National Association",196-03 Northern Boulevard,Queens,11358,Queens
POINT (-78.87223 42.98387),Manufacturers and Traders Trust Company,3637 Delaware Avenue,Tonawanda,14217,Erie
POINT (-74.06783 41.10732),"Key Bank, National Association",87 Route 59,Monsey,10952,Rockland
POINT (-73.81976 42.86846),"Key Bank, National Association",525 Vischer Ferry Road,Clifton Park,12065,Saratoga
POINT (-75.2781 43.05468),"Key Bank, National Association",41 Kellogg Road,New Hartford,13413,Oneida
,Manufacturers and Traders Trust Company,1091 Groton Avenue,Cortland,13045,Cortland
POINT (-78.86862 42.94712),"Key Bank, National Association",2318 Delaware Avenue,Buffalo,14216,Erie
POINT (-76.03402 42.44056),"NBT Bank, National Association",14 East Main Street,Marathon,13803,Cortland
POINT (-78.8771 42.88828),"Key Bank, National Association",135 Delaware Avenue,Buffalo,14202,Erie
POINT (-74.25274 42.30722),"Key Bank, National Association",5387 Main Street,Windham,12496,Greene
POINT (-73.88161 41.98302),Manufacturers and Traders Trust Company,7280  South Broadway,Red Hook,12571,Dutchess
POINT (-73.6408 40.63954),Manufacturers and Traders Trust Company,12 Atlantic Avenue,Oceanside,11572,Nassau
POINT (-73.77683 41.06405),"Key Bank, National Association",76 Virginia Road,North White Plains,10603,Westchester
POINT (-76.54716 42.95072),Manufacturers and Traders Trust Company,237 Grant Avenue,Auburn,13021,Cayuga
POINT (-78.84941 42.94767),Manufacturers and Traders Trust Company,1580 Hertel Avenue,Buffalo,14216,Erie
POINT (-75.97456 42.33651),"NBT Bank, National Association",2950 NYS Route 11,Whitney Point,13862,Broome
POINT (-74.00708 40.71321),"JPMorgan Chase Bank, National Association",253 Broadway,New York,10007,New York
POINT (-75.75116 43.07967),"Key Bank, National Association",103 Peterboro Street,Canastota,13032,Madison
POINT (-73.92102 40.76671),"JPMorgan Chase Bank, National Association",31-05 30th Avenue,Queens,11102,Queens
POINT (-78.74124 42.97803),"Key Bank, National Association",5173 Sheridan Drive,Williamsville,14221,Erie
POINT (-73.910333 41.595156),"Key Bank, National Association",1555 Route 9,Wappingers Falls,12590,Dutchess
POINT (-73.50226 40.82311),Jovia Financial Credit Union,103 Jackson Avenue,Syosset,11791,Nassau
POINT (-73.70662 42.59622),"Key Bank, National Association",615 Columbia Turnpike,East Greenbush,12061,Rensselaer
POINT (-74.17471 43.22551),"NBT Bank, National Association",312 Bridge Street,Northville,12134,Fulton
POINT (-73.98447 40.74285),"JPMorgan Chase Bank, National Association",386 Park Avenue South,New York,10016,New York
POINT (-78.82417 43.03771),"Key Bank, National Association",3050 Niagara Falls Boulevard,Amherst,14228,Erie
POINT (-73.48551 44.69697),"Key Bank, National Association",380 State Route 3,Plattsburgh,12901,Clinton
POINT (-73.95643 40.60923),"JPMorgan Chase Bank, National Association",1663 East 17th,Brooklyn,11229,Kings
POINT (-77.46125 43.10172),Lyons National Bank,1314 Fairport Road,Fairport,14450,Monroe
POINT (-73.91598 40.8502),"JPMorgan Chase Bank, National Association",1755 University Avenue,Bronx,10453,Bronx
POINT (-74.36812 41.46357),Manufacturers and Traders Trust Company,624 Route 211 East,Middletown,10941,Orange
POINT (-73.68151 41.43493),Manufacturers and Traders Trust Company,186 Route 52,Carmel,10512,Putnam
POINT (-77.504 43.18867),Manufacturers and Traders Trust Company,1838 Empire Boulevard,Webster,14580,Monroe
POINT (-73.65939 42.73947),Manufacturers and Traders Trust Company,455 Hoosick Street,Troy,12180,Rensselaer
POINT (-78.75101 42.80009),Lake Shore Savings Bank,3111 Union Road,Orchard Park,14127,Erie
POINT (-78.27219 43.06785),Manufacturers and Traders Trust Company,54 Main Street,Oakfield,14125,Erie
POINT (-73.6595 43.33177),"Key Bank, National Association",154 Quaker Road,Queensbury,12804,Warren
POINT (-74.82647 41.67428),Jeff Bank,1460 State Route 17B,White Lake,12786,Sullivan
POINT (-74.89091 44.92393),"NBT Bank, National Association",264 Main Street,Massena,13662,St. Lawrence
POINT (-73.70168 40.70772),Municipal Credit Union,1660 Hempstead Turnpike,Elmont,11003,Nassau
POINT (-77.18906 43.14316),Manufacturers and Traders Trust Company,3824 North Main Street,Marion,14505,Wayne
POINT (-77.69876 43.25163),"Key Bank, National Association",3177 Latta Road,Rochester,14612,Monroe
POINT (-73.68096 41.00275),Manufacturers and Traders Trust Company,115 Sourth Ridge Street,Rye Brook,10573,Westchester
POINT (-75.64357 43.07965),"NBT Bank, National Association",118 Genesee Street,Oneida,13421,Madison
POINT (-73.50652 41.95333),"NBT Bank, National Association",87 Main Street,Millerton,12546,Dutchess
POINT (-77.51343 43.08997),"JPMorgan Chase Bank, National Association",31 State Street,Pittsford,14534,Monroe
POINT (-74.67291 41.66891),Manufacturers and Traders Trust Company,4446 Route 42,Monticello,12701,Sullivan
POINT (-73.72586 41.20154),Manufacturers and Traders Trust Company,251 Main Street,Mount Kisco,10549,Westchester
POINT (-73.66943 40.79726),"JPMorgan Chase Bank, National Association",2111 Northern Boulevard,Manhasset,11030,Nassau
POINT (-73.99368 40.74677),"JPMorgan Chase Bank, National Association",305 Seventh Avenue,New York,10001,New York
POINT (-78.8183 42.95946),Manufacturers and Traders Trust Company,3500 Main Street,Amherst,14226,Erie
POINT (-74.19281 40.55387),"JPMorgan Chase Bank, National Association",230 Arden Avenue,Staten Island,10312,Richmond
POINT (-73.95704 40.77419),"JPMorgan Chase Bank, National Association",201 East 79th Street,New York,10075,New York
POINT (-77.57111 43.15171),"Key Bank, National Association",1185 University Avenue,Rochester,14607,Monroe
POINT (-77.80031 43.19111),"Key Bank, National Association",184 South Union Street,Spencerport,14559,Monroe
POINT (-75.89413 42.15572),Manufacturers and Traders Trust Company,1250 Upper Front Street,Binghamton,13905,Broome
POINT (-78.70736 43.28179),"Key Bank, National Association",2743 Main Street,Newfane,14108,Niagara
POINT (-74.0194 41.93272),"Key Bank, National Association",267 Wall Street,Kingston,12401,Ulster
POINT (-73.64061 40.62793),Municipal Credit Union,3411 Long Beach Road,Oceanside,11572,Nassau
POINT (-78.77549 42.90718),"Key Bank, National Association",1675 Walden Avenue,Cheektowaga,14225,Erie
POINT (-73.97885 40.76005),"JPMorgan Chase Bank, National Association",51 West 51st Street,New York,10019,New York
POINT (-78.90232 42.93469),"Key Bank, National Association",1860 Niagara Street,Buffalo,14207,Erie
POINT (-78.78297 42.95074),Manufacturers and Traders Trust Company,2050 Kensington Avenue,Snyder,14226,Erie
POINT (-73.7908 42.68253),Manufacturers and Traders Trust Company,911 Central Avenue,Albany,12206,Albany
POINT (-74.18334 41.60496),"Key Bank, National Association",16 Wallkill Avenue,Wallkill,12589,Ulster
POINT (-77.65971 43.22463),"Key Bank, National Association",3603 Mt. Read Boulevard,Rochester,14616,Monroe
POINT (-73.9944 40.73206),"JPMorgan Chase Bank, National Association",32 University Place,New York,10003,New York
POINT (-76.08928 44.24185),"Key Bank, National Association",538 Riverside Drive,Clayton,13624,Jefferson
POINT (-73.79953 40.70362),"JPMorgan Chase Bank, National Association",159-17 Jamaica Avenue,Queens,11432,Queens
POINT (-73.99341 40.6338),Metropolitan National Bank,5101 13th Avenue,Brooklyn,11219,Kings
POINT (-79.23942 42.09756),Lake Shore Savings Bank,115 East Fourth Street,Jamestown,14701,Chautauqua
POINT (-73.8261 42.67699),"Key Bank, National Association",1196 Western Avenue,Albany,12203,Albany
POINT (-78.8771 42.91142),"Key Bank, National Association",529 Elmwood Avenue,Buffalo,14222,Erie
POINT (-74.02367 40.62698),Manufacturers and Traders Trust Company,7807 Fifth Avenue,Brooklyn,11209,Kings
POINT (-73.80216 40.76092),"JPMorgan Chase Bank, National Association",163-20 Northern Boulevard,Queens,11358,Queens
POINT (-74.00994 40.70754),"JPMorgan Chase Bank, National Association",1 Chase Manhattan Plaza,New York,10005,New York
POINT (-74.00225 40.71892),"JPMorgan Chase Bank, National Association",407 Broadway,New York,10013,New York
POINT (-78.69634 42.9533),Manufacturers and Traders Trust Company,6687 Transit Road,Lancaster,14221,Erie
POINT (-75.7475 43.33279),Manufacturers and Traders Trust Company,7 West Main Street,Camden,13316,Oneida
POINT (-77.69559 43.20846),Manufacturers and Traders Trust Company,1282 Long Pond Road,Rochester,14626,Monroe
,"Key Bank, National Association",Route 17K,Montgomery,12549,Orange
POINT (-78.75326 42.83074),"Key Bank, National Association",4050 Seneca Street,West Seneca,14224,Erie
POINT (-74.00189 41.12991),"Key Bank, National Association",270 South Little Tor Road,New City,10956,Rockland
POINT (-73.95535 40.69063),"JPMorgan Chase Bank, National Association",975 Bedford Avenue,Brooklyn,11205,Kings
POINT (-74.98063 42.85287),"NBT Bank, National Association","194 Main Street, Route 20",Richfield Springs,13439,Otsego
POINT (-73.63926 42.69533),Manufacturers and Traders Trust Company,150 Main Avenue -- Route 66,Wynantskill,12198,Rensselaer
POINT (-77.11172 43.04519),Lyons National Bank,750 West Miller Street,Newark,14513,Wayne
POINT (-73.59118 41.32771),Manufacturers and Traders Trust Company,60 June Road,North Salem,10560,Westchester
POINT (-76.17863 42.63617),"Key Bank, National Association",25 South Main Street,Homer,13077,Cortland
POINT (-74.23058 42.30521),"NBT Bank, National Association",49 State Route 296,Windham,12496,Greene
POINT (-73.85139 40.71074),Maspeth Federal Savings & Loan,101-09 Metropolitan Avenue,Forest Hills,11375,Queens
POINT (-76.1379 43.04161),Manufacturers and Traders Trust Company,725 Irving Avenue,Syracuse,13210,Onondaga
POINT (-73.58352 41.53807),Manufacturers and Traders Trust Company,180  Route 22,Pawling,12564,Dutchess
POINT (-75.8494 42.9289),"Key Bank, National Association",138 Albany Street,Cazenovia,13035,Madison
POINT (-73.8641 40.92282),Mahopac Bank,766 Yonkers Avenue,Yonkers,10704,Westchester
POINT (-76.01919 42.11949),Manufacturers and Traders Trust Company,540 Hooper Road,Endwell,13760,Broome
POINT (-75.01536 43.18559),Manufacturers and Traders Trust Company,3078 Bridge Street,Newport,13416,Herkimer
POINT (-74.69241 41.37446),Manufacturers and Traders Trust Company,13 Sussex Street,Port Jervis,12771,Orange
POINT (-73.95178 41.41867),Manufacturers and Traders Trust Company,40 Chestnut Street,Cold Spring,10516,Putnam
POINT (-78.76229 42.95997),"Key Bank, National Association",5110 Main Street,Williamsville,14221,Erie
POINT (-73.82663 40.88003),Municipal Credit Union,755 Co-Op City Blvd.,Bronx,10475,Bronx
POINT (-76.17726 43.00509),"Key Bank, National Association",4892 West Seneca Turnpike,Syracuse,13215,Onondaga
POINT (-73.68689 42.42637),"Key Bank, National Association",2938 US Highway 9,Valatie,12184,Columbia
POINT (-75.9563 42.99109),"NBT Bank, National Association",8250 Manilus-Cazenovia Road,Manilus,13104,Onondaga
POINT (-73.86129 40.66402),Municipal Credit Union,1050 Forbell Street,Brooklyn,11256,Kings
POINT (-74.11424 40.57287),"JPMorgan Chase Bank, National Association",200 New Dorp Lane,Staten Island,10306,Richmond
POINT (-78.73993 43.00194),"Key Bank, National Association",804 Hopkins Road,Amherst,14221,Erie
POINT (-73.54967 41.18951),"Key Bank, National Association",56 Westchester Avenue,Pound Ridge,10576,Westchester
POINT (-74.67665 41.66733),Jeff Bank,18 Anawana Lake Road,Monticello,12701,Sullivan
POINT (-74.10087 40.59089),Manufacturers and Traders Trust Company,1591 Richmond Road,Staten Island,10304,Richmond
POINT (-73.83621 40.92484),"JPMorgan Chase Bank, National Association",511 Gramatan Avenue,Mount Vernon,10552,Westchester
POINT (-74.37481 41.46415),"Key Bank, National Association",545 Route 211 East,Middletown,10941,Orange
POINT (-74.12235 44.323),"NBT Bank, National Association",209 Lake Flower Avenue,Saranac Lake,12983,Franklin
POINT (-75.2105 43.11635),Manufacturers and Traders Trust Company,1 Herkimer Road,Utica,13502,Oneida
POINT (-73.72964 40.78507),Metropolitan National Bank,111 Great Neck Road,Great Neck,11021,Nassau
POINT (-77.62064 43.24206),"JPMorgan Chase Bank, National Association",3917 Lake Avenue,Rochester,14612,Monroe
POINT (-78.8685 42.74249),"Key Bank, National Association",5334 Southwestern Boulevard,Hamburg,14075,Erie
POINT (-76.23931 43.18567),Manufacturers and Traders Trust Company,3945 Route 31,Liverpool,13090,Onondaga
POINT (-76.13588 43.04267),"Key Bank, National Association",1004 East Adam Street,Syracuse,13210,Onondaga
POINT (-73.68872 40.66189),Jovia Financial Credit Union,264 East Merrick Road,Valley Stream,11582,Nassau
POINT (-77.46542 43.2087),Manufacturers and Traders Trust Company,950 Ridge Road,Webster,14580,Monroe
POINT (-76.04588 42.10357),Manufacturers and Traders Trust Company,22 Grant Avenue,Endicott,13760,Broome
POINT (-78.83043 42.71621),"Key Bank, National Association",25 Main Street,Hamburg,14075,Erie
POINT (-78.40563 42.9601),Manufacturers and Traders Trust Company,1 East Main Street,Corfu,14036,Genesee
POINT (-73.83821 40.8663),"JPMorgan Chase Bank, National Association",1650 Gun Hill Road East,Bronx,10469,Bronx
POINT (-76.06614 42.09545),"Key Bank, National Association",117 West Main Street,Endicott,13760,Broome
POINT (-73.4458 44.97866),"Key Bank, National Association",888 Route 11,Champlain,12919,Clinton
POINT (-73.8832 40.81066),"JPMorgan Chase Bank, National Association",1355 Oak Point,Bronx,10474,Bronx
POINT (-78.69693 43.03157),"Key Bank, National Association",9640 Transit Road,Amherst,14051,Erie
POINT (-73.42208 40.7444),"JPMorgan Chase Bank, National Association",1745 Broad Hollow,East Farmingdale,11735,Nassau
POINT (-76.11022 43.02769),"Key Bank, National Association",215 Tecumesh Road,Syracuse,13224,Onondaga
POINT (-76.56752 42.9311),"Key Bank, National Association",115 Genesee Street,Auburn,13021,Cayuga
POINT (-73.80777 41.32821),"Key Bank, National Association",650 Lee Boulevard,Yorktown Heights,10598,Westchester
POINT (-74.39437 41.71821),Manufacturers and Traders Trust Company,80 North Main Street,Ellenville,12428,Ulster
POINT (-73.72002 42.60618),"NBT Bank, National Association",425 Columbia Turnpike,Rennselear,12144,Rensselaer
POINT (-73.89588 40.70068),"JPMorgan Chase Bank, National Association",60-67 Myrtle Avenue,Queens,11385,Queens
POINT (-76.04765 42.10489),"NBT Bank, National Association",1310 North Street,Endicott,13760,Broome
POINT (-73.86208 41.16081),Mahopac Bank,2 Church Street,Ossining,10562,Westchester
POINT (-73.84494 40.73086),Manufacturers and Traders Trust Company,111-32,FOREST HILLS,11375,Queens
POINT (-79.1668 42.54401),Manufacturers and Traders Trust Company,10 South Main Street,Silver Creek,14136,Chautauqua
POINT (-77.79107 43.28551),"Key Bank, National Association",100 South Avenue,Hilton,14468,Monroe
POINT (-76.55927 43.05379),"Key Bank, National Association",9015 North Seneca Street,Weedsport,13166,Cayuga
POINT (-78.18483 42.99775),Manufacturers and Traders Trust Company,55 Main Street,Batavia,14020,Genesee
POINT (-73.73481 40.95104),Manufacturers and Traders Trust Company,300 Mamaroneck Avenue,Mamaroneck,10543,Westchester
POINT (-73.83048 40.68496),"JPMorgan Chase Bank, National Association",111-18 Liberty Avenue,Queens,11419,Queens
POINT (-78.85905 42.98098),"Key Bank, National Association",2030 Sheridan Drive,Tonawanda,14223,Erie
POINT (-75.25828 43.08869),Manufacturers and Traders Trust Company,1800 Genesee Street,Utica,13502,Oneida
POINT (-74.16343 40.62638),Manufacturers and Traders Trust Company,2220 Forest Avenue,Staten Island,10303,Richmond
POINT (-78.69154 43.16892),Manufacturers and Traders Trust Company,118 Walnut Street,Lockport,14094,Niagara
POINT (-73.9536 42.07749),"Key Bank, National Association",258 Main Street,Saugerties,12477,Ulster
POINT (-73.98884 40.74036),"Key Bank, National Association",11 East 22nd Street,New York,10010,New York
POINT (-73.74644 42.63815),"Key Bank, National Association",16 Second Avenue,Rensselaer,12144,Rensselaer
POINT (-73.79441 40.94714),"JPMorgan Chase Bank, National Association",45 Quaker Ridge Road,New Rochelle,10804,Westchester
POINT (-73.97638 41.90625),Mid-Hudson Valley Federal Credit Union,185 Broadway (Route 9W),Port Ewen,12466,Ulster
POINT (-72.69055 40.92717),Manufacturers and Traders Trust Company,1430 Old Country Road,Riverhead,11901,Suffolk
POINT (-78.78663 42.97924),"Key Bank, National Association",3980 Sheridan Drive,Amherst,14226,Erie
POINT (-73.76476 41.0281),"JPMorgan Chase Bank, National Association",191 Mamaroneck Avenue,White Plains,10601,Westchester
POINT (-73.8677 40.85409),"JPMorgan Chase Bank, National Association",2126 White Plains Road,Bronx,10462,Bronx
POINT (-73.97177 40.76309),"JPMorgan Chase Bank, National Association",610 Madison Avenue,New York,10022,New York
POINT (-73.08935 40.83181),"JPMorgan Chase Bank, National Association",601 Portion Road,Lake Ronkonkoma,11779,Suffolk
POINT (-78.82483 42.79746),Manufacturers and Traders Trust Company,23 Lake Avenue,Blasdell,14219,Erie
POINT (-73.58125 41.73525),Manufacturers and Traders Trust Company,3081 Route 22,Dover Plains,12522,Dutchess
POINT (-77.93851 43.21525),"JPMorgan Chase Bank, National Association",66 Main Street,Brockport,14420,Monroe
POINT (-77.50386 43.19001),"Key Bank, National Association",1848 Empire Boulevard,Webster,14580,Monroe
POINT (-73.79438 42.97101),"Key Bank, National Association",507 Route 67,Ballston Spa,12020,Saratoga
POINT (-73.86063 40.69236),"JPMorgan Chase Bank, National Association",84-01 Jamaica Avenue,Queens,11421,Queens
POINT (-76.99045 43.06358),Lyons National Bank,Routes 14 & 31,Lyons,14489,Wayne
POINT (-76.09469 43.06868),Manufacturers and Traders Trust Company,3640 James Street,Syracuse,13206,Onondaga
POINT (-77.05579 42.65935),Lyons National Bank,205 Liberty Street,Penn Yan,14527,Yates
POINT (-73.82181 40.72689),"JPMorgan Chase Bank, National Association",71-41 Main Street,Queens,11367,Queens
POINT (-73.87368 41.33383),Mahopac Bank,21 Peekskill Hollow Road,Putnam Valley,10579,Putnam
POINT (-73.88122 42.21461),"Key Bank, National Association",245 West Bridge Street,Catskill,12414,Greene
POINT (-78.80523 42.83218),Manufacturers and Traders Trust Company,490 Dorrance Avenue,Buffalo,14218,Erie
POINT (-76.49683 42.44024),Manufacturers and Traders Trust Company,118 North Tioga Street,Ithaca,14850,Tompkins
,"JPMorgan Chase Bank, National Association",Cross River Plaza,Cross River,10518,Westchester
POINT (-72.79298 40.8003),"JPMorgan Chase Bank, National Association",366 Main Street,Center Moriches,11934,Suffolk
POINT (-79.33404 42.45361),Lake Shore Savings Bank,280 CENTRAL AVENUE (WILLIAMS CENTER),FREDONIA,14063,Chautauqua
POINT (-78.87497 42.88762),"Key Bank, National Association",300 Pearl Street,Buffalo,14202,Erie
POINT (-73.32428 40.87552),"JPMorgan Chase Bank, National Association",271 Larkfield Road,East Northport,11731,Suffolk
POINT (-76.86956 43.08406),"Key Bank, National Association",97 Glasgow Street,Clyde,14433,Wayne
POINT (-73.60997 40.74402),"JPMorgan Chase Bank, National Association",267 Old Country Road,Carle Place,11514,Nassau
POINT (-75.48111 43.7895),"Key Bank, National Association",7647 State Street,Lowville,13367,Lewis
POINT (-76.12176 43.07218),Manufacturers and Traders Trust Company,424 Grant Boulevard,Syracuse,13206,Onondaga
POINT (-77.44184 43.12897),"JPMorgan Chase Bank, National Association",2159 Fairport Nine Mile Point Road,Fairport,14450,Monroe
POINT (-76.48252 42.47858),Manufacturers and Traders Trust Company,2248 North Triphammer Road,Ithaca,14221,Tompkins
POINT (-76.18425 43.05233),"Key Bank, National Association",1510 West Genesee Street,Syracuse,13204,Onondaga
POINT (-72.78934 40.80004),Manufacturers and Traders Trust Company,248 Main Street,Center Moriches,11934,Suffolk
POINT (-74.42197 41.43798),Manufacturers and Traders Trust Company,Route 17M  and  Route 6,Middletown,10940,Orange
POINT (-76.54489 42.9526),"Key Bank, National Association",268 Grant Avenue,Auburn,13021,Cayuga
POINT (-78.18835 43.06848),Manufacturers and Traders Trust Company,7133 Oak Orchard Road,Elba,14058,Genesee
POINT (-77.6454 43.08936),"Key Bank, National Association",3333 West Henrietta,Rochester,14623,Monroe
POINT (-75.88962 42.1078),Manufacturers and Traders Trust Company,149-153 Robinson Street,Binghamton,13904,Broome
POINT (-78.69579 43.00449),Lake Shore Savings Bank,5751 Transit Road,East Amherst,14051,Erie
POINT (-72.39407 40.88391),Manufacturers and Traders Trust Company,25 Hill Street,Southampton,11968,Suffolk
POINT (-75.24414 42.69773),"NBT Bank, National Association",1 West Street,Edmeston,13335,Schuyler
POINT (-73.91793 41.09007),"Key Bank, National Association",17 South Broadway,Nyack,10960,Rockland
POINT (-73.69035 40.83094),"JPMorgan Chase Bank, National Association",115 Main Street,Port Washington,11050,Nassau
POINT (-75.8074 44.08756),"Key Bank, National Association",8489 South Main Street,Evans Mills,13637,Jefferson
POINT (-78.82949 42.71433),"Key Bank, National Association",57 South Buffalo,Hamburg,14075,Erie
POINT (-73.86599 40.72097),Maspeth Federal Savings & Loan,64-19 Woodhaven Boulevard,Rego Park,11374,Queens
POINT (-73.63746 42.74822),"Key Bank, National Association",782 Hoosick Road -- Route 7,Troy,12180,Rensselaer
POINT (-73.7908 42.68253),"Key Bank, National Association",911 Central Avenue,Albany,12206,Albany
POINT (-78.82585 42.7227),Meridia Community Credit Union,277 Buffalo Street,Hamburg,14075,Erie
POINT (-78.69463 43.14607),"Key Bank, National Association",6210 Shimer Drive,Lockport,14094,Niagara
POINT (-78.73524 42.919),"Key Bank, National Association",2066 George Urban Boulevard,Depew,14043,Erie
POINT (-78.19418 43.24726),"Key Bank, National Association",48 North Main Street,Albion,14411,Orleans
POINT (-73.88437 40.96838),"JPMorgan Chase Bank, National Association",984 North Broadway,Yonkers,10701,Westchester
POINT (-73.94857 40.82915),Municipal Credit Union,3621 Broadway @ 149th Street,New York,10031,New York
POINT (-78.74359 42.76809),"Key Bank, National Association",4239 North Buffalo Street,Orchard Park,14127,Erie
POINT (-73.96742 40.6977),"JPMorgan Chase Bank, National Association",210 Flushing Avenue,Brooklyn,11205,Kings
POINT (-74.21722 43.0479),"NBT Bank, National Association",3711 State Highway 30,Broadalbin,12025,Fulton
POINT (-77.4425 43.13028),"Key Bank, National Association",2155 Penfield Road,Penfield,14526,Monroe
POINT (-79.24224 42.09892),Manufacturers and Traders Trust Company,1 West Sixth Street,Jamestown,14701,Chautauqua
POINT (-73.98981 41.96583),"Key Bank, National Association",1203 Ulster Avenue,Kingston,12401,Ulster
POINT (-74.31242 44.84794),"NBT Bank, National Association",3392 State Route 11,Malone,12953,Franklin
POINT (-78.69623 43.14835),"Key Bank, National Association",5737 South Transit Road,Lockport,14094,Niagara
POINT (-73.95424 42.07731),Manufacturers and Traders Trust Company,294 Main Street,Saugerties,12477,Ulster
POINT (-78.82556 42.82579),"Key Bank, National Association",703 Ridge Road,Lackawanna,14218,Erie
POINT (-76.42815 42.94572),Manufacturers and Traders Trust Company,33 East Genesee Street,Skaneateles,13152,Onondaga
POINT (-76.83682 42.90707),Lyons National Bank,2433 State Route 414,Waterloo,13165,Seneca
POINT (-78.81585 42.97992),"Key Bank, National Association",3171 Sheridan Drive,Amherst,14226,Erie
POINT (-78.84384 42.9342),"Key Bank, National Association",2421 Main Street,Buffalo,14214,Erie
POINT (-78.69816 42.86756),"Key Bank, National Association",1455 French Road,Depew,14043,Erie
POINT (-74.31453 42.0832),"Key Bank, National Association",55 Main Street,Phoenicia,12464,Ulster
POINT (-73.70754 40.96986),Manufacturers and Traders Trust Company,389 Halstead Avenue,Harrison,10528,Westchester
POINT (-77.28047 42.88579),"JPMorgan Chase Bank, National Association",130 Main Street,Canandaigua,14424,Ontario
POINT (-78.897 42.65229),"Key Bank, National Association",8591 Main Street,Eden,14057,Erie
POINT (-72.42956 41.06401),Manufacturers and Traders Trust Company,53345 Main Road,Southold,11971,Suffolk
POINT (-73.24774 40.72153),Jovia Financial Credit Union,2 East Main Street,Bayshore,11706,Suffolk
POINT (-73.44835 44.68233),"Key Bank, National Association",5063 U.S. Avenue,Plattsburgh,12901,Clinton
POINT (-79.3915 42.15887),Manufacturers and Traders Trust Company,23 Main Street,Bemus Point,14712,Chautauqua
POINT (-76.00185 42.09581),"NBT Bank, National Association",3121 Vestal Parkway East,Vestal,13850,Broome
POINT (-73.73212 41.19799),Mahopac Bank,293 Lexington Avenue,Mount Kisco,10549,Westchester
POINT (-75.1842 43.25059),"Key Bank, National Association",8000 Route 12N,Barneveld,13304,Oneida
POINT (-73.89819 40.86234),"JPMorgan Chase Bank, National Association",128 East Fordham,Bronx,10468,Bronx
POINT (-79.29955 42.09899),"Key Bank, National Association",369 Fairmount Avenue,Lakewood,14750,Chautauqua
POINT (-77.59184 43.08702),Kinecta Federal Credit Union,1425 Jefferson Road,Henrietta,14623,Monroe
POINT (-73.97192 40.76016),"JPMorgan Chase Bank, National Association",410 Park Avenue,New York,10022,New York
POINT (-74.03023 41.93741),Mid-Hudson Valley Federal Credit Union,123 Hurley Avenue,Kingston,12401,Ulster
POINT (-73.43056 40.87073),"JPMorgan Chase Bank, National Association",350 Main Street,Huntington,11743,Suffolk
POINT (-78.9881 42.69749),"Key Bank, National Association",6932 Erie Road,Derby,14047,Erie
POINT (-78.698 43.02379),Manufacturers and Traders Trust Company,9328 Transit Road,East Amherst,14051,Erie
POINT (-78.81007 42.78535),"Key Bank, National Association",1080 McKinley Mall,Blasdell,14219,Erie
POINT (-73.81918 42.47696),"Key Bank, National Association",2327 Route 9 West,Ravena,12143,Albany
POINT (-76.0916 43.10014),Manufacturers and Traders Trust Company,6195 East Molley Road,East Syracuse,13057,Onondaga
POINT (-73.54602 40.65811),"JPMorgan Chase Bank, National Association",2122 Merrick Road,Merrick,11566,Nassau
POINT (-73.38267 40.83503),Jovia Financial Credit Union,721 East Jericho Turnpike,Huntington Station,11746,Suffolk
,Manufacturers and Traders Trust Company,Routes 11 and 20,LaFayette,13084,Onondaga
POINT (-79.33404 42.45361),Lake Shore Savings Bank,280 CENTRAL AVENUE (MCEWEN HALL),FREDONIA,14063,Chautauqua
POINT (-75.05626 41.61354),Jeff Bank,155 Kirk Road,Narrowsburg,12764,Sullivan
POINT (-73.77721 42.70825),"Key Bank, National Association",475 Albany Shaker Road,Loudonville,12211,Albany
POINT (-77.79136 43.2882),Manufacturers and Traders Trust Company,2 EAST AVENUE,HILTON,14468,Monroe
POINT (-73.89238 42.69746),Manufacturers and Traders Trust Company,2080 Western Avenue,Guilderland,12084,Albany
POINT (-73.80885 40.78726),"JPMorgan Chase Bank, National Association",153-15 Cross Island Parkway,Whitestone,11357,Queens
POINT (-79.33569 42.4877),Lake Shore Savings Bank,8-22 Central Avenue,Dunkirk,14048,Chautauqua
POINT (-79.04946 42.63742),"Key Bank, National Association",9094 Erie Road,Evans,14006,Erie
POINT (-77.56628 43.18452),Manufacturers and Traders Trust Company,314 Waring Road,Rochester,14609,Monroe
POINT (-73.64062 40.6311),"JPMorgan Chase Bank, National Association",3285 Long Beach Road,Oceanside,11572,Nassau
POINT (-77.61068 43.08943),"JPMorgan Chase Bank, National Association",1575 East Henrietta Road,Rochester,14623,Monroe
POINT (-75.29383 43.11984),"Key Bank, National Association",131 Oriskany Boulevard,Whitesboro,13492,Oneida
POINT (-78.87002 42.96267),Manufacturers and Traders Trust Company,2882 Delaware Avenue,Buffalo,14217,Erie
POINT (-73.86316 40.75079),"JPMorgan Chase Bank, National Association",37-94 103rd,Queens,11368,Queens
POINT (-74.14796 40.53946),Manufacturers and Traders Trust Company,4106 Hylan Blvd.,Staten Island,10308,Richmond
POINT (-75.75321 43.07012),Manufacturers and Traders Trust Company,3375 Seneca Turnpike,Canastota,13032,Madison
POINT (-78.96906 43.08945),"Key Bank, National Association",8301 Niagara Falls Boulevard,Niagara Falls,14304,Niagara
POINT (-76.12704 43.56241),"Key Bank, National Association",4763 Salina Street,Pulaski,13142,Oswego
POINT (-73.577 41.41994),"Key Bank, National Association",1505 Route 22,Brewster,10509,Putnam
POINT (-73.7481 43.10045),"Key Bank, National Association",3016 Route 50,Saratoga Springs,12866,Saratoga
POINT (-76.07159 42.99302),Manufacturers and Traders Trust Company,6499 East Seneca Turnpike,Dewitt,13078,Onondaga
POINT (-78.85398 42.91055),Manufacturers and Traders Trust Company,1300 Jefferson Avenue,Buffalo,14208,Erie
POINT (-73.95199 40.77798),"JPMorgan Chase Bank, National Association",244 East 86th Street,New York,10028,New York
POINT (-73.90874 41.59647),Manufacturers and Traders Trust Company,1568 Route 9,Wappingers Falls,12590,Dutchess
POINT (-72.31503 40.93468),Manufacturers and Traders Trust Company,2102 Montauk Highway,Bridgehampton,11932,Suffolk
POINT (-75.09484 42.4552),"Key Bank, National Association",426 Chestnut Street,Oneonta,13820,Otsego
POINT (-75.52425 42.55313),Manufacturers and Traders Trust Company,118 State Highway 320,Norwich,13815,Chenango
POINT (-73.90074 41.53886),"Key Bank, National Association",738 Route 9,Fishkill,12524,Dutchess
POINT (-74.03197 42.70095),"Key Bank, National Association",105 Park Place,Altamont,12009,Albany
POINT (-74.11451 40.56426),"JPMorgan Chase Bank, National Association",2754 Hylan Boulevard,Staten Island,10306,Richmond
POINT (-78.8689 42.94711),Manufacturers and Traders Trust Company,2310 Delaware Avenue,Buffalo,14216,Erie
POINT (-73.86418 40.73344),Municipal Credit Union,61-35 Junction Boulevard,Rego Park,11374,Queens
POINT (-74.98903 43.0287),Manufacturers and Traders Trust Company,319 NORTH MAIN STREET,HERKIMER,13350,Herkimer
POINT (-78.83684 42.89323),"Key Bank, National Association",1017 Broadway,Buffalo,14212,Erie
POINT (-73.8861 42.69863),"NBT Bank, National Association",5 New Karner Road -- Route 155,Guilderland,12084,Albany
POINT (-73.94789 40.63302),Municipal Credit Union,1556 Flatbush Avenue,Brooklyn,11210,Kings
POINT (-73.60059 40.74043),Jovia Financial Credit Union,1000 Corporate Drive,Westbury,11590,Nassau
POINT (-73.76069 41.37479),Mahopac Bank,591 Route 6N,Mahopac,10542,Putnam
POINT (-78.75233 42.8028),"Key Bank, National Association",3030 Union Road,Orchard Park,14127,Erie
POINT (-75.75994 43.06871),"NBT Bank, National Association",3273 Seneca Turnpike,Canastota,13032,Madison
POINT (-78.72705 42.90853),"Key Bank, National Association",2911 Walden Avenue,Depew,14043,Erie
POINT (-73.63492 40.72776),Manufacturers and Traders Trust Company,845 Franklin Avenue,Garden City,11530,Nassau
POINT (-73.80263 41.67173),Manufacturers and Traders Trust Company,1100 Route 55,Lagrangeville,12540,Dutchess
POINT (-75.23321 43.1004),Manufacturers and Traders Trust Company,233 Genesee Street,Utica,13501,Oneida
POINT (-75.65163 43.09457),"NBT Bank, National Association",160 Main Street,Oneida,13421,Madison
POINT (-78.81366 42.93998),"Key Bank, National Association",3134 Bailey Avenue,Buffalo,14215,Erie
POINT (-73.97185 40.78635),"JPMorgan Chase Bank, National Association",59 West 86th Street,New York,10024,New York
POINT (-74.42237 41.43149),"Key Bank, National Association",101 Dolson Avenue,Middletown,10940,Orange
POINT (-74.82665 41.90151),Jeff Bank,33 Main Street,Livingston Manor,12758,Sullivan
POINT (-74.36436 43.50184),"NBT Bank, National Association",Routes 8 & 30 - 2966 State Route 30,Speculator,12164,Hamilton
POINT (-73.67273 42.78384),"Key Bank, National Association",820 Second Ave.,Troy,12182,Rensselaer
POINT (-73.86273 41.14248),Manufacturers and Traders Trust Company,246 South Highland Avenue,Ossining,10562,Westchester
POINT (-73.74666 40.99218),"JPMorgan Chase Bank, National Association",1214 Mamaroneck Avenue,White Plains,10605,Westchester
POINT (-74.07076 41.1559),Manufacturers and Traders Trust Company,455 Route 306,Wesley Hills,10952,Rockland
POINT (-73.84345 41.01918),"JPMorgan Chase Bank, National Association",875 Saw Mill River Road,Ardsley,10502,Westchester
POINT (-73.97935 40.74405),"JPMorgan Chase Bank, National Association",450 Third Avenue,New York,10016,New York
POINT (-75.96314 43.97254),Manufacturers and Traders Trust Company,21877 Towne Center Drive,Watertown,13061,Jefferson
POINT (-73.93693 40.85497),"JPMorgan Chase Bank, National Association",596 Fort Washington Avenue,New York,10033,New York
POINT (-75.05461 42.44682),"NBT Bank, National Association",733 State Highway 28,Oneonta,13820,Otsego
POINT (-76.51094 43.456),"JPMorgan Chase Bank, National Association",204 West First Street,Oswego,13126,Oswego
POINT (-73.96277 40.63422),"JPMorgan Chase Bank, National Association",1509 Foster Avenue,Brooklyn,11230,Kings
POINT (-79.33208 42.45783),Lake Shore Savings Bank,1170 Central Avenue,Dunkirk,14048,Chautauqua
POINT (-74.18827 42.97644),"Key Bank, National Association",4773 State Highway Route 30,Amsterdam,12010,Montogomery
POINT (-74.39369 41.45488),Mid-Hudson Valley Federal Credit Union,360 Route 211,Middletown,10940,Orange
POINT (-74.11076 40.56939),Municipal Credit Union,2546 Hylan Boulevard,Staten Island,10306,Richmond
POINT (-73.83069 40.70854),"JPMorgan Chase Bank, National Association",81-35 Lefferts Boulevard,Queens,11415,Queens
POINT (-73.90475 40.87907),"JPMorgan Chase Bank, National Association",5581 Broadway,Bronx,10463,Bronx
POINT (-76.4389 43.03685),Manufacturers and Traders Trust Company,239 East Main Street,Elbridge,13060,Onondaga
POINT (-76.17113 43.09238),"JPMorgan Chase Bank, National Association",424 Seventh North Street,Liverpool,13088,Onondaga
POINT (-76.48516 42.4836),"Key Bank, National Association",2315 North Triphammer Road,Ithaca,14850,Tompkins
POINT (-77.43957 43.1303),Manufacturers and Traders Trust Company,2201 Penfield Road,Penfield,14526,Monroe
POINT (-73.76483 42.68108),"Key Bank, National Association",19 Corporate Woods Boulevard,Albany,12211,Albany
POINT (-73.30017 40.91215),"JPMorgan Chase Bank, National Association",2 Fort Salonga Road,Fort Salonga,11768,Suffolk
POINT (-74.00398 40.74761),"JPMorgan Chase Bank, National Association",475 West 23rd Street,New York,10011,New York
POINT (-73.98516 40.57468),Municipal Credit Union,1904 Surf Avenue,Brooklyn,11224,Kings
POINT (-74.1245 41.34985),Lakeland Bank,556 State Route 32,Highland Mills,10930,Orange
POINT (-73.79517 42.60073),"Key Bank, National Association",388 Feura Bush Road,Glenmont,12077,Albany
POINT (-73.04907 40.86383),"JPMorgan Chase Bank, National Association",999 Middle Country Road,Selden,11784,Suffolk
POINT (-75.4792 42.2937),"NBT Bank, National Association",9 North Main Street,Bainbridge,13733,Chenango
POINT (-73.90771 40.85385),"JPMorgan Chase Bank, National Association",5 West Burnside Avenue,Bronx,10453,Bronx
POINT (-78.87702 42.9244),"Key Bank, National Association",1000 Elmwood Avenue,Buffalo,14222,Erie
POINT (-77.60114 43.20716),Manufacturers and Traders Trust Company,2133 Hudson Avenue,Rochester,14617,Monroe
POINT (-74.18794 41.32409),Manufacturers and Traders Trust Company,"Mill Pond Plaza, Route 17M",Monroe,10950,Orange
POINT (-77.59877 43.21098),"JPMorgan Chase Bank, National Association",674 Titus Avenue,Rochester,14617,Monroe
POINT (-73.95427 41.04577),"Key Bank, National Association",65 Dutch Hill Road,Orangeburg,10962,Rockland
POINT (-78.88421 43.1429),"Key Bank, National Association",2952 Saunders Settlement Road,Sanborn,14132,Niagara
POINT (-78.66067 42.96693),"Key Bank, National Association",8899 Main Street,Williamsville,14221,Erie
POINT (-78.75375 42.82763),Manufacturers and Traders Trust Company,1024 Union Road,West Seneca,14224,Erie
POINT (-73.77882 42.86406),Manufacturers and Traders Trust Company,610 Old Route 146,Clifton Park,12065,Saratoga
POINT (-73.52642 42.1791),"Key Bank, National Association",2628 Route 23,Hillsdale,12529,Columbia
POINT (-77.61917 43.12116),"Key Bank, National Association",1475 Mount Hope Road,Rochester,14620,Monroe
POINT (-73.42892 40.71301),Manufacturers and Traders Trust Company,120 Broad Hollow Road,East Farmingdale,11735,Nassau
POINT (-73.81469 41.0622),Manufacturers and Traders Trust Company,218 Saw Mill River Road,Elmsford,10523,Westchester
POINT (-76.240225 43.185301),"Key Bank, National Association",3935 Route 31,Liverpool,13090,Onondaga
POINT (-74.13104 42.7609),"NBT Bank, National Association",4957 Western Avenue Route 20,Duanesburg,12056,Schenectady
POINT (-75.0705 43.03846),Manufacturers and Traders Trust Company,134 EAST MAIN STREET,FRANKFORT,13340,Herkimer
POINT (-78.42931 42.08381),"Key Bank, National Association",450 North Union Street,Olean,14760,Cattaraugus
POINT (-77.65968 42.32693),Maple City Savings Bank,145 Main Street,Hornell,14843,Steuben
POINT (-78.78564 42.97897),"Key Bank, National Association",4020 Sheridan Drive,Amherst,14226,Erie
POINT (-78.81965 42.99146),"Key Bank, National Association",3900 Maple Road,Amherst,14226,Erie
POINT (-73.95293 40.81031),Municipal Credit Union,280 St. Nicholas Avenue,New York,10027,New York
POINT (-77.43833 43.06826),Manufacturers and Traders Trust Company,2 Courtney Drive,Perinton,14450,Monroe
POINT (-79.05561 43.09584),Manufacturers and Traders Trust Company,750 Main Street,Niagara Falls,14301,Niagara
POINT (-74.34361 43.05169),"NBT Bank, National Association",12 Fremont Street,Gloversville,12078,Fulton
,Manufacturers and Traders Trust Company,4767 Consumer Square,New Hartford,13413,Oneida
POINT (-77.46117 43.2119),Manufacturers and Traders Trust Company,935 Hard Road,Webster,14580,Monroe
POINT (-73.91165 40.77473),"JPMorgan Chase Bank, National Association",22-45 31st Street,Queens,11105,Queens
POINT (-74.05853 41.45549),"Key Bank, National Association",119 Temple Hill Road,Vails Gate,12584,Orange
POINT (-76.1073 43.0691),"Key Bank, National Association",2801 James Street,Syracuse,13206,Onondaga
POINT (-78.84344 42.73708),"Key Bank, National Association",5510 Camp Road,Hamburg,14075,Erie
POINT (-74.8904 44.92457),Massena Savings & Loan Association,255 Main Street,Massena,13662,St. Lawrence
POINT (-73.87593 41.99445),Mid-Hudson Valley Federal Credit Union,7472 South Broadway,Red Hook,12571,Dutchess
POINT (-74.31311 42.66364),"NBT Bank, National Association",271 Main Street,Schoharie,12157,Schoharie
POINT (-73.8781 40.71286),"JPMorgan Chase Bank, National Association",74-03 Metropolitan Avenue,Queens,11379,Queens
POINT (-79.22858 42.08066),Manufacturers and Traders Trust Company,737 Foote Avenue,Jamestown,14701,Chautauqua
POINT (-74.69596 41.65575),Jeff Bank,19 Forestburgh Road,Monticello,12701,Sullivan
POINT (-73.99222 40.63493),"JPMorgan Chase Bank, National Association",4901 13th Avenue,Brooklyn,11219,Kings
POINT (-73.34941 40.71363),"JPMorgan Chase Bank, National Association",595 Sunrise Highway,West Babylon,11704,Suffolk
POINT (-73.88958 42.69726),"Key Bank, National Association",2050 Western Avenue,Guilderland,12084,Albany
POINT (-78.83812 42.89244),Manufacturers and Traders Trust Company,999  Broadway,Buffalo,14212,Erie
POINT (-77.59801 43.15597),Manufacturers and Traders Trust Company,255 East Avenue,Rochester,14610,Monroe
POINT (-77.48491 43.10237),Manufacturers and Traders Trust Company,825 Fairport Road,East Rochester,14445,Monroe
POINT (-73.95976 40.57799),"JPMorgan Chase Bank, National Association",722 Brighton Beach,Brooklyn,11235,Kings
POINT (-73.9385 42.76329),"Key Bank, National Association",3083 Carman Road,Rotterdam,12303,Schenectady
POINT (-73.57455 41.41536),Mahopac Bank,1441 Route 22,Brewster,10509,Putnam
POINT (-76.19336 43.03246),Manufacturers and Traders Trust Company,4726 Onondaga Boulevard,Syracuse,13219,Onondaga
POINT (-73.84655 43.0147),"Key Bank, National Association",2031 Doubleday Avenue,Ballston Spa,12020,Saratoga
POINT (-73.62246 40.78564),"JPMorgan Chase Bank, National Association",425 Glen Cove Road,Roslyn Heights,11577,Nassau
POINT (-77.28196 43.2263),Lyons National Bank,6280 Furnace Road,Ontario,14519,Wayne
POINT (-75.89359 42.16164),"Key Bank, National Association",1314 Front Street,Binghamton,13901,Broome
POINT (-76.14586 43.05085),Manufacturers and Traders Trust Company,444 Erie Boulevard East,Syracuse,13202,Onondaga
POINT (-79.05568 43.09683),"Key Bank, National Association",800 Main Street,Niagara Falls,14301,Niagara
POINT (-73.68618 40.7544),Jovia Financial Credit Union,1636 Marcus Avenue,New Hyde Park,11040,Nassau
POINT (-73.95329 40.74219),Manufacturers and Traders Trust Company,1030 Jackson Avenue,Long Island City,11101,Queens
POINT (-73.74175 42.8383),"NBT Bank, National Association",225 Guideboard Road,Half Moon,12065,Saratoga
POINT (-73.97438 41.50754),Manufacturers and Traders Trust Company,200 Main Street,Beacon,12508,Dutchess
POINT (-73.63627 40.75101),"JPMorgan Chase Bank, National Association",32 Jericho Turnpike,Mineola,11501,Nassau
POINT (-74.00259 40.73336),"JPMorgan Chase Bank, National Association",204 West 4th Street,New York,10014,New York
POINT (-77.56792 43.12889),"JPMorgan Chase Bank, National Association",1755 Monroe,Rochester,14618,Monroe
POINT (-73.81491 40.99959),"JPMorgan Chase Bank, National Association",660-662 Central Park Avenue,Scarsdale,10583,Westchester
POINT (-73.88737 40.85578),"JPMorgan Chase Bank, National Association",2402 Arthur Avenue,Bronx,10458,Bronx
POINT (-73.91901 40.81642),"JPMorgan Chase Bank, National Association",360 East 149th Street,Bronx,10455,Bronx
POINT (-73.69033 42.67696),Manufacturers and Traders Trust Company,313 North Greenbush Road -- Route 4,Troy,12180,Rensselaer
POINT (-73.78039 40.91085),"Key Bank, National Association",28 LeCount Place,New Rochelle,10801,Westchester
POINT (-73.9262 40.86381),"JPMorgan Chase Bank, National Association",161 Dyckman Street,New York,10040,New York
POINT (-74.48724 42.67707),"Key Bank, National Association",117 Veterans Drive,Cobleskill,12043,Schoharie
POINT (-73.95218 40.58757),"JPMorgan Chase Bank, National Association",2623 East 17th,Brooklyn,11235,Kings
POINT (-77.56487 43.20306),"JPMorgan Chase Bank, National Association",1982 East Ridge Road,Irondequoit,14622,Monroe
POINT (-78.66598 42.5091),Manufacturers and Traders Trust Company,22 Mechanic Street,Springville,14141,Erie
POINT (-78.8918 42.66247),Meridia Community Credit Union,8252 North Main St,Eden,14057,Erie
POINT (-78.87221 42.9776),Lake Shore Savings Bank,3438 Delaware Avenue,Kenmore,14217,Erie
POINT (-73.86077 41.14783),"Key Bank, National Association",170 South Highland Avenue,Ossining,10562,Westchester
POINT (-73.96616 41.36607),"Key Bank, National Association",195 Main Street,Highland Falls,10928,Orange
POINT (-73.69954 40.79715),"JPMorgan Chase Bank, National Association",330 Plandome Road,Manhasset,11030,Nassau
POINT (-73.48058 40.6961),"JPMorgan Chase Bank, National Association",1090 Hicksville Road,North Massapequa,11758,Nassau
POINT (-73.98836 40.73754),"JPMorgan Chase Bank, National Association",230 Park Avenue South,New York,10003,New York
POINT (-73.60179 41.56167),"Key Bank, National Association",3 West Main Street,Pawling,12564,Dutchess
POINT (-74.98569 43.02508),Manufacturers and Traders Trust Company,100 South Main Street,Herkimer,13350,Herkimer
POINT (-73.35053 42.90167),"Key Bank, National Association",14 Main Street,Hoosick Falls,12090,Rensselaer
POINT (-77.48491 43.10237),"Key Bank, National Association",825 Fairport Road,East Rochester,14445,Monroe
POINT (-77.56005 43.20357),"Key Bank, National Association",2255  East Ridge Road,Rochester,14622,Monroe
POINT (-73.79125 43.07972),"Key Bank, National Association",221 Congress Street (Suite 101),Saratoga Springs,12866,Saratoga
POINT (-76.14991 43.04978),"Key Bank, National Association",231 East Genesee Street,Syracuse,13202,Onondaga
POINT (-73.75439 40.6788),Municipal Credit Union,134-66 Springfield Boulevard,Springfield Gardens,11413,Queens
POINT (-73.5508 42.1035),"Key Bank, National Association",1674 Route 7A,Copake,12516,Columbia
POINT (-73.91935 41.29078),Manufacturers and Traders Trust Company,1019 Park Street,Peekskill,10566,Westchester
POINT (-78.78456 42.96345),"Key Bank, National Association",4467 Main Street,Snyder,14226,Erie
POINT (-78.85059 42.87588),"Key Bank, National Association",239 Van Rensselaer Street,Buffalo,14210,Erie
POINT (-73.98723 40.69345),Municipal Credit Union,350 Jay Street,Brooklyn,11201,Kings
POINT (-73.81105 42.71525),"Key Bank, National Association",95 Wolf Road,Colonie,12205,Albany
POINT (-77.59407 43.12182),Manufacturers and Traders Trust Company,1848 South Clinton Avenue,Rochester,14618,Monroe
POINT (-75.44735 43.22048),"NBT Bank, National Association",853 Black River Boulevard,Rome,13440,Oneida
POINT (-74.334 42.59778),"NBT Bank, National Association",299 Main Street,Middleburgh,12122,Schoharie
POINT (-73.99033 40.61899),"JPMorgan Chase Bank, National Association",6501 18th,Brooklyn,11204,Kings
POINT (-73.41851 40.77852),Manufacturers and Traders Trust Company,401 Broad Hollow Road,Melville,11747,Suffolk
POINT (-73.52852 40.66334),"JPMorgan Chase Bank, National Association",2631 Merrick Road,Bellmore,11710,Nassau
POINT (-75.46666 44.33538),"Key Bank, National Association",62 Church Street,Gouverneur,13642,St. Lawrence
POINT (-76.14524 43.11473),"Key Bank, National Association",3550 Brewerton Road,North Syracuse,13212,Onondaga
POINT (-78.47982 42.49084),Manufacturers and Traders Trust Company,48 North Main Street,Delevan,14042,Cattaraugus
POINT (-73.8068 40.97008),"JPMorgan Chase Bank, National Association",676 White Plains Road,Scarsdale,10583,Westchester
POINT (-73.99402 41.9629),Mid-Hudson Valley Federal Credit Union,1099 Morton Boulevard,Kingston,12401,Ulster
POINT (-73.853 42.73454),"Key Bank, National Association",1900 Central Avenue,Albany,12205,Albany
POINT (-73.63353 40.65406),Jovia Financial Credit Union,556 Merrick Road,Rockville Centre,11570,Nassau
POINT (-75.59687 42.44284),"NBT Bank, National Association",10 Canal Street,Oxford,13830,Otsego
POINT (-73.982 40.75395),Manufacturers and Traders Trust Company,11 West 42nd Street,New York,10036,New York
POINT (-78.80697 42.85265),Manufacturers and Traders Trust Company,2199 Seneca Street,Buffalo,14210,Erie
POINT (-73.89578 41.29604),"JPMorgan Chase Bank, National Association",1825 East Main Street,Peekskill,10566,Westchester
POINT (-73.47118 40.77627),"JPMorgan Chase Bank, National Association",1064 Old Country Road,Plainview,11803,Nassau
POINT (-74.10595 41.66756),"Key Bank, National Association",2080 Route 32,Modena,12548,Ulster
POINT (-74.0606 41.50407),Manufacturers and Traders Trust Company,56 Route 17K,Newburgh,12550,Orange
POINT (-75.23512 43.09948),"Key Bank, National Association",255 Genesee Street,Utica,13501,Oneida
POINT (-73.63175 40.70645),"JPMorgan Chase Bank, National Association",136 Fulton Street,West Hempstead,11550,Nassau
POINT (-73.67213 42.55046),"Key Bank, National Association",1817 Columbia Turnpike,Castleton,12033,Rensselaer
POINT (-74.49795 41.56568),Jeff Bank,2930 State Route 209,Wurtsboro,12790,Sullivan
POINT (-73.91612 41.04157),Manufacturers and Traders Trust Company,527 Piermont Avenue,Piermont,10968,Rockland
POINT (-77.94264 42.57967),Manufacturers and Traders Trust Company,6 State Street,Nunda,14517,Livingston
POINT (-73.97509 40.74986),"JPMorgan Chase Bank, National Association",633 Third Avenue,New York,10017,New York
POINT (-78.89096 42.91745),Manufacturers and Traders Trust Company,130 Grant Street,Buffalo,14213,Erie
POINT (-74.01318 40.6458),"JPMorgan Chase Bank, National Association",5101 4th Avenue,Brooklyn,11220,Kings
POINT (-73.76344 41.02511),Manufacturers and Traders Trust Company,320 Mamaroneck Avenue,White Plains,10605,Westchester
POINT (-78.67253 42.27521),Manufacturers and Traders Trust Company,3 Washington Street,Ellicottville,14731,Cattaraugus
POINT (-75.90978 42.09755),Manufacturers and Traders Trust Company,58-68 Exchange Street,Binghamton,13902,Broome
POINT (-76.22607 43.13616),"JPMorgan Chase Bank, National Association",4169 Elmcrest Road,Liverpool,13090,Onondaga
POINT (-78.87032 42.965),Manufacturers and Traders Trust Company,2968 Delaware Avenue,Kenmore,14217,Erie
POINT (-74.36057 43.01228),"NBT Bank, National Association",142 North Comrie Avenue,Johnstown,12095,Fulton
POINT (-78.74627 42.96331),"Key Bank, National Association",5556 Main Street,Williamsville,14221,Erie
POINT (-75.52272 42.51426),"NBT Bank, National Association",5632 State Highway 12,Norwich,13815,Chenango
POINT (-73.92135 41.0915),Manufacturers and Traders Trust Company,135 Main Street,Nyack,10960,Rockland
POINT (-73.86993 40.73358),Municipal Credit Union,90-15 Queens Boulevard,Elmhurst,11373,Queens
POINT (-78.82163 43.03804),Manufacturers and Traders Trust Company,3065 Niagara Falls Boulevard,Amherst,14228,Erie
POINT (-75.0635 42.45388),"NBT Bank, National Association",One Wall Street,Oneonta,13820,Otsego
,Manufacturers and Traders Trust Company,302 Somers Commons,Baldwin Place,10505,Putnam
POINT (-73.99242 40.74274),"JPMorgan Chase Bank, National Association",71 West 23rd Street,New York,10010,New York
POINT (-73.86047 41.08488),Mahopac Bank,49 Beekman Avenue,North Tarrytown,10591,Westchester
POINT (-76.1029 43.0814),"JPMorgan Chase Bank, National Association",6004 Court Street Road,Syracuse,13206,Onondaga
POINT (-73.7816 41.27551),Manufacturers and Traders Trust Company,1961 Commerce Street,Yorktown Heights,10598,Westchester
POINT (-78.18428 42.99768),"Key Bank, National Association",69 Main Street,Batavia,14020,Genesee
POINT (-73.80755 42.71731),Manufacturers and Traders Trust Company,125 Wolf Road,Albany,12205,Albany
POINT (-73.62979 40.80901),Jovia Financial Credit Union,90 Northern Boulevard,Greenvale,11548,Nassau
,Manufacturers and Traders Trust Company,5 Mile Point Shopping Center,Kirkwood,13795,Broome
POINT (-78.74341 42.94962),Manufacturers and Traders Trust Company,1100 Wehrle Drive,Bufffalo,14221,Erie
POINT (-78.4588 42.07767),Manufacturers and Traders Trust Company,2604 West State Street,Olean,14760,Cattaraugus
POINT (-77.49225 43.13427),Manufacturers and Traders Trust Company,625 Panorama Trail,Rochester,14625,Monroe
POINT (-73.83035 40.76002),"JPMorgan Chase Bank, National Association",39-01 Main Street,Queens,11354,Queens
POINT (-73.94367 42.81398),"Key Bank, National Association",315 State Street,Schenectady,12305,Schenectady
POINT (-72.52241 40.87845),Manufacturers and Traders Trust Company,18 East Montauk Highway,Hampton Bays,11946,Suffolk
POINT (-74.06579 41.10812),Manufacturers and Traders Trust Company,66 Route 59,Monsey,10952,Rockland
POINT (-75.39192 43.89282),"Key Bank, National Association",9760 Main Street,Croghan,13327,Lewis
POINT (-73.91709 40.74314),"JPMorgan Chase Bank, National Association",47-11 Queens Boulevard,Queens,11104,Queens
POINT (-74.32465 43.05938),"Key Bank, National Association",201 5th Avenue,Gloversville,12078,Fulton
POINT (-75.45594 44.70545),"NBT Bank, National Association",Route 37 & Ford Street,Ogdensburg,13669,St. Lawrence
,Manufacturers and Traders Trust Company,8304 South Main Street,Cicero,13039,Onondaga
POINT (-73.8915 41.52838),Mid-Hudson Valley Federal Credit Union,584 Route 9,Fishkill,12524,Dutchess
POINT (-77.09412 42.15778),Manufacturers and Traders Trust Company,109 West Water Street,Painted Post,14870,Steuben
POINT (-73.94156 41.1176),"JPMorgan Chase Bank, National Association",124 Route 303,Valley Cottage,10989,Rockland
POINT (-79.33127 42.4401),Manufacturers and Traders Trust Company,1 East Main Street,Fredonia,14063,Chautauqua
POINT (-77.44289 43.07015),"JPMorgan Chase Bank, National Association",609 Moseley Road,Fairport,14450,Monroe
POINT (-73.94686 40.81608),Municipal Credit Union,2518 Frederick Douglas Boulevard,New York,10030,New York
POINT (-74.17717 41.3186),"JPMorgan Chase Bank, National Association",475 Route 17M,Monroe,10950,Orange
POINT (-74.92312 42.69583),Leatherstocking Region Federal Credit Union,One Atwell Road,Cooperstown,13326,Otsego
POINT (-77.54105 43.10486),"Key Bank, National Association",3225 Monroe Avenue,Rochester,14618,Monroe
POINT (-73.72238 40.77912),"JPMorgan Chase Bank, National Association",410 Northern Boulevard,Great Neck,11021,Nassau
POINT (-76.22987 43.0477),"Key Bank, National Association","3413 West Genesee Street, Unit 202",Syracuse,13219,Onondaga
POINT (-73.78716 40.74045),"JPMorgan Chase Bank, National Association",187-08 Horace Harding Boulevard,Queens,11365,Queens
POINT (-76.49691 42.4416),"Key Bank, National Association",300 North Tioga Street,Ithaca,14850,Tompkins
POINT (-73.93159 42.86983),"Key Bank, National Association",262 Saratoga Road,Glenville,12302,Schenectady
POINT (-73.59961 42.35639),"Key Bank, National Association",16 Coleman Street,Chatham,12037,Columbia
POINT (-78.7882 42.82951),Manufacturers and Traders Trust Company,10 Slade Avenue,West Seneca,14220,Erie
POINT (-73.9345 41.70182),Manufacturers and Traders Trust Company,4 Jefferson Plaza,Poughkeepsie,12601,Dutchess
POINT (-73.78047 42.24762),"Key Bank, National Association",One Hudson City Center,Hudson,12534,Columbia
POINT (-73.93777 40.8126),"JPMorgan Chase Bank, National Association",2218 Fifth Avenue,New York,10037,New York
POINT (-74.77047 43.10391),Manufacturers and Traders Trust Company,71 North Main Street,Dolgeville,13329,Herkimer
,Manufacturers and Traders Trust Company,Spencerport Village Plaza,Spencerport,14559,Monroe
POINT (-78.6936 43.16883),"Key Bank, National Association",21 Cottage Street,Lockport,14094,Niagara
POINT (-76.14912 43.04548),"NBT Bank, National Association",120 Madison Street,Syracuse,13202,Onondaga
POINT (-75.49169 44.69806),"Key Bank, National Association",333 Ford Street,Ogdensburg,13669,St. Lawrence
POINT (-76.56641 42.93283),"Key Bank, National Association",1 Dill Street,Auburn,13021,Cayuga
POINT (-78.69584 42.9686),"Key Bank, National Association",4455 Transit Road,Williamsville,14221,Erie
POINT (-73.98756 40.75186),Metropolitan National Bank,1359 Broadway,New York,10018,New York
POINT (-78.75552 42.9611),Manufacturers and Traders Trust Company,Main-Union Road,Williamsville,14221,Erie
POINT (-73.96643 40.75775),Manufacturers and Traders Trust Company,1034 SECOND AVENUE1,NEW YORK,10022,New York
POINT (-77.54852 43.16013),"JPMorgan Chase Bank, National Association",245 Merchants Road,Rochester,14609,Monroe
POINT (-76.27509 43.04007),Manufacturers and Traders Trust Company,100 Kasson Road,Camillus,13031,Onondaga
POINT (-77.69474 42.55978),"Key Bank, National Association",133 Main Street,Dansville,14437,Livingston
POINT (-73.87866 41.30619),"Key Bank, National Association",3000 East Main Street,Corlandt Manor,10567,Westchester
POINT (-74.05539 41.08443),Manufacturers and Traders Trust Company,770 Chestnut Ridge Road,Chestnut Ridge,10977,Rockland
POINT (-73.7888 40.74001),Maspeth Federal Savings & Loan,185-18 Horace Harding Expressway,Fresh Meadows,11365,Queens
POINT (-74.6221 42.78985),"NBT Bank, National Association",105 Main Street,Sharon Springs,13459,Chemung
POINT (-79.33342 42.48332),Lake Shore Savings Bank,31 East Fourth Street,Dunkirk,14048,Chautauqua
POINT (-78.97245 43.09535),"Key Bank, National Association",1655 Military Road,Niagara Falls,14304,Niagara
POINT (-76.23997 43.04649),Manufacturers and Traders Trust Company,3701 West Genesee Street,Syracuse,13219,Onondaga
POINT (-73.86127 40.83354),"JPMorgan Chase Bank, National Association",11 Hugh J. Grant Circle,Bronx,10462,Bronx
POINT (-73.95381 40.5991),"JPMorgan Chase Bank, National Association",1722 Avenue U,Brooklyn,11229,Kings
POINT (-75.22174 43.09044),"Key Bank, National Association",1125 Mohawk Street,Utica,13501,Oneida
POINT (-73.76514 42.25682),"Key Bank, National Association",160 Fairview Avenue,Hudson,12534,Columbia
POINT (-78.86995 42.96205),"Key Bank, National Association",2858 Delaware Avenue,Kenmore,14217,Erie
POINT (-77.58271 43.08785),"Key Bank, National Association",3301 Winton Road South,Rochester,14623,Monroe
POINT (-78.6966 42.86715),Manufacturers and Traders Trust Company,4747 Transit Road,Depew,14043,Erie
POINT (-76.1508 43.04938),"Key Bank, National Association",201 South Warren Street,Syracuse,13202,Onondaga
POINT (-76.4732 43.06543),Lyons National Bank,2 North Main Street,Jordan,13080,Onondaga
POINT (-72.64247 40.80945),Manufacturers and Traders Trust Company,133 Main Street,West Hampton Beach,11978,Suffolk
POINT (-76.20843 43.10334),"Key Bank, National Association",301 Second Avenue,Liverpool,13088,Onondaga
POINT (-73.58706 42.90293),Manufacturers and Traders Trust Company,Routes 40 and 67,Schaghticoke,12154,Rensselaer
POINT (-75.06285 42.45567),"NBT Bank, National Association",33 Dietz Street,Oneonta,13820,Otsego
POINT (-73.41958 40.67905),"JPMorgan Chase Bank, National Association",4 John Street,Amityville,11701,Suffolk
POINT (-78.8224 42.9869),Manufacturers and Traders Trust Company,1205 Niagara Falls Boulevard,Amherst,14226,Erie
POINT (-74.6903 41.37264),Jeff Bank,20-22 Fowler Street,Port Jervis,12771,Orange
POINT (-73.40976 40.81269),Municipal Credit Union,498 Walt Whitman Road,Melville,11747,Suffolk
POINT (-78.69771 43.00054),"Key Bank, National Association",8550 Transit Road,East Amherst,14051,Erie
POINT (-73.94731 40.77601),"JPMorgan Chase Bank, National Association",453 East 86th Street,New York,10028,New York
POINT (-75.9147 43.95845),"Key Bank, National Association",1308 Washington Street,Watertown,13601,Jefferson
POINT (-78.84259 42.93601),"Key Bank, National Association",2495 Main Street,Buffalo,14214,Erie
POINT (-73.76304 41.67058),Mid-Hudson Valley Federal Credit Union,1516 Route 55,Lagrangeville,12540,Dutchess
POINT (-73.98602 40.76235),Manufacturers and Traders Trust Company,830 Eighth Avenue,New York,10019,New York
POINT (-78.8562 42.92279),Manufacturers and Traders Trust Company,1877 Main Street,Buffalo,14208,Erie
POINT (-76.13717 43.12601),Manufacturers and Traders Trust Company,507 South Main Street,North Syracuse,13212,Onondaga
POINT (-73.85403 40.84911),"JPMorgan Chase Bank, National Association",1068 Morris Park,Bronx,10461,Bronx
POINT (-78.6309 42.76656),"Key Bank, National Association",55 Douglas Lane,East Aurora,14052,Erie
POINT (-74.74316 41.79908),Jeff Bank,19 Church Street,Liberty,12754,Sullivan
POINT (-75.9122 42.0987),"Key Bank, National Association",65 Court Street,Binghamton,13901,Broome
POINT (-79.19862 42.11844),Manufacturers and Traders Trust Company,20 West Main Street,Falconer,14733,Chautauqua
POINT (-73.99296 40.75111),"JPMorgan Chase Bank, National Association",2 Penn Plaza,New York,10121,New York
POINT (-78.87705 42.91663),Manufacturers and Traders Trust Company,709 Elmwood Avenue,Buffalo,14222,Erie
POINT (-77.68983 43.16507),"Key Bank, National Association",2362 Lyell Avenue,Rochester,14606,Monroe
POINT (-76.0511 42.08584),Manufacturers and Traders Trust Company,148 VESTAL PARKWAY EAST,VESTAL,13850,Broome
POINT (-73.80956 41.32758),"JPMorgan Chase Bank, National Association",720 Lee Boulevard,Yorktown Heights,10598,Westchester
POINT (-73.69053 42.73094),"Key Bank, National Association",33 Third Street,Troy,12180,Rensselaer
POINT (-77.35956 43.06495),Lyons National Bank,359 State Route 31,Macedon,14502,Wayne
POINT (-73.75421 42.65057),"Key Bank, National Association",120 State Street,Albany,12207,Albany
POINT (-78.69799 43.08402),Manufacturers and Traders Trust Company,11520 Transit Road,East Amherst,14051,Erie
POINT (-74.03315 40.61836),"JPMorgan Chase Bank, National Association",9313 3rd Avenue,Brooklyn,11209,Kings
POINT (-79.5026 42.25285),Manufacturers and Traders Trust Company,76 South Erie Street,Mayville,14757,Chautauqua
POINT (-73.95911 40.70913),"JPMorgan Chase Bank, National Association",225 Havemeyer,Brooklyn,11211,Kings
POINT (-77.06274 43.23609),"Key Bank, National Association",26 West Main Street,Sodus,14551,Wayne
POINT (-74.0046 40.73755),"JPMorgan Chase Bank, National Association",302 West 12th Street,New York,10014,New York
POINT (-77.18708 43.22388),"Key Bank, National Association",4077 West Main,Williamson,14589,Wayne
POINT (-73.97872 40.75049),Metropolitan National Bank,99 Park Avenue,New York,10016,New York
POINT (-76.1363 43.04314),"JPMorgan Chase Bank, National Association",649 South Crouse Avenue,Syracuse,13210,Onondaga
POINT (-73.99886 40.74477),"JPMorgan Chase Bank, National Association",238 Eighth Avenue,New York,10011,New York
POINT (-73.91285 41.92598),Manufacturers and Traders Trust Company,6375 Mill Street,Rhinebeck,12572,Dutchess
POINT (-74.07569 40.62699),"JPMorgan Chase Bank, National Association",621 Bay Street,Staten Island,10304,Richmond
POINT (-73.81551 40.95386),"Key Bank, National Association",313 Main Street,Eastchester,10709,Westchester
POINT (-78.87497 42.88388),Manufacturers and Traders Trust Company,345 Main Street,Buffalo,14203,Erie
POINT (-77.9451 43.19837),Manufacturers and Traders Trust Company,6560 Fourth Section Road,Brockport,14420,Monroe
POINT (-73.49937 40.76966),Jovia Financial Credit Union,525 Old Country Road,Plainview,11803,Nassau
POINT (-74.08123 40.59862),"JPMorgan Chase Bank, National Association",1151 Hylan Boulevard,Staten Island,10305,Richmond
POINT (-74.92481 42.69904),"NBT Bank, National Association",62 Pioneer Street,Cooperstown,13326,Otsego
POINT (-76.10906 42.79826),"Key Bank, National Association",1 Clinton Street,Tully,13159,Onondaga
POINT (-73.70011 42.77505),"Key Bank, National Association",72 Mohawk Street,Cohoes,12047,Albany
POINT (-76.34591 43.1515),Manufacturers and Traders Trust Company,2300 Downer Street,Baldwinsville,13027,Onondaga
POINT (-74.01344 41.06249),"Key Bank, National Association",93 North Middletown Road,Pearl River,10965,Rockland
POINT (-73.80732 42.68381),"Key Bank, National Association",555 Patroon Creek Boulevard,Albany,12205,Albany
POINT (-79.29027 42.09577),Lake Shore Savings Bank,1 Green Avenue WE,Jamestown,14701,Chautauqua
POINT (-73.8973 40.70724),Maspeth Federal Savings & Loan,66-60 Fresh Pond Road,Ridgewood,11385,Queens
POINT (-73.25468 40.80849),"JPMorgan Chase Bank, National Association",200 Vanderbilt Motor Parkway,Hauppauge,11788,Suffolk
POINT (-73.55697 41.84984),Manufacturers and Traders Trust Company,4958 Route 22,Amenia,12501,Dutchess
POINT (-73.87085 40.68389),"JPMorgan Chase Bank, National Association",3380 Fulton,Brooklyn,11208,Kings
POINT (-73.62836 41.4211),Mahopac Bank,100 Independent Way,Brewster,10509,Putnam
POINT (-76.12208 43.15528),"Key Bank, National Association",7950 Brewerton Rd.,Cicero,13039,Onondaga
POINT (-73.5767 40.7224),Municipal Credit Union,1 Merrick Avenue,East Meadow,11554,Nassau
POINT (-75.88952 42.10722),"NBT Bank, National Association",156 Robinson Street,Binghamton,13904,Broome
POINT (-78.84972 42.87454),"Key Bank, National Association",726 Exchange Street,Buffalo,14210,Erie
POINT (-73.29134 40.8167),"JPMorgan Chase Bank, National Association",39 Vanderbilt Parkway,Commack,11725,Suffolk
POINT (-73.95097 40.66407),"JPMorgan Chase Bank, National Association",1000 Nostrand Avenue,Brooklyn,11225,Kings
POINT (-74.91328 41.9325),Manufacturers and Traders Trust Company,56 Stewart Avenue,Roscoe,12776,Sullivan
POINT (-75.91095 43.97384),"Key Bank, National Association",200 Washington Street,Watertown,13601,Jefferson
POINT (-74.19308 42.9388),"Key Bank, National Association",11 Division Street,Amsterdam,12010,Montogomery
POINT (-74.00967 41.49992),"Key Bank, National Association",78 Broadway,Newburgh,12550,Orange
POINT (-75.04487 41.76179),Jeff Bank,4499 State Route 17B,Callicoon,12723,Sullivan
POINT (-75.16686 44.59509),"NBT Bank, National Association",5 Park Place,Canton,13617,St. Lawrence
POINT (-74.68513 41.65456),"Key Bank, National Association",418 Broadway,Monticello,12701,Sullivan
POINT (-77.69583 43.25278),Manufacturers and Traders Trust Company,3165 Latta Road,Rochester,14612,Monroe
POINT (-78.73704 42.9173),Lake Shore Savings Bank,570 Dick Road,Depew,14043,Erie
POINT (-77.63028 43.08163),Manufacturers and Traders Trust Company,1400 Miracle Mile Drive,Rochester,14623,Monroe
POINT (-76.12691 43.56773),"NBT Bank, National Association",4879 North Jefferson Street,Pulaski,13142,Sullivan
POINT (-77.8167 42.79657),"Key Bank, National Association",66 Main Street,Geneseo,14454,Livingston
POINT (-77.28756 43.06918),"JPMorgan Chase Bank, National Association",1890 West Wayne Plaza,Macedon,14502,Wayne
POINT (-73.97016 40.75662),"JPMorgan Chase Bank, National Association",850 Third Avenue,New York,10022,New York
POINT (-76.0661 43.04248),"Key Bank, National Association",6570 Kinne Road,Dewitt,13214,Onondaga
POINT (-74.49418 42.36245),"NBT Bank, National Association",60814 State Road 30,Grand Gorge,12430,Ulster
POINT (-78.75484 42.86023),Manufacturers and Traders Trust Company,2180 Union Road,West Seneca,14224,Erie
POINT (-73.87951 40.87538),"JPMorgan Chase Bank, National Association",3169 Bainbridge,Bronx,10467,Bronx
POINT (-73.92443 42.64964),"Key Bank, National Association",3 Maple Road,Voorheesville,12186,Albany
POINT (-73.7268 40.78864),"JPMorgan Chase Bank, National Association",22 Grace Avenue,Great Neck,11021,Nassau
POINT (-77.48214 43.10211),"JPMorgan Chase Bank, National Association",865 Fairport Road,East Rochester,14445,Monroe
POINT (-76.83278 42.15011),Manufacturers and Traders Trust Company,2490 Corning Road,Elmira,14617,Chemung
POINT (-73.79863 41.01929),"JPMorgan Chase Bank, National Association",3 South Central Park Avenue,Hartsdale,10530,Westchester
,Mony Federal Credit Union,One MONY Plaza,Syracuse,13221,Onondaga
POINT (-78.59232 42.98087),Manufacturers and Traders Trust Company,10614 Main Street,Clarence,14031,Erie
POINT (-74.02332 41.93501),Manufacturers and Traders Trust Company,108 North Front Street,Kingston,12401,Ulster
POINT (-78.9041 42.95024),Manufacturers and Traders Trust Company,788 Tonawanda Street,Buffalo,14207,Erie
POINT (-74.0778 41.74585),Manufacturers and Traders Trust Company,191 Main Street,New Paltz,12561,Ulster
POINT (-76.59128 42.91956),"Key Bank, National Association",355 West Genesee Street,Auburn,13021,Cayuga
POINT (-73.87675 41.99526),"Key Bank, National Association",28 West Market Street,Red Hook,12571,Dutchess
POINT (-79.21914 42.1142),Lake Shore Savings Bank,525 Falconer Street,Jamestown,14702,Chautauqua
POINT (-73.98184 40.77951),"JPMorgan Chase Bank, National Association",2099 Broadway,New York,10023,New York
POINT (-73.86812 41.31252),Manufacturers and Traders Trust Company,3031 East Main Street,Mohegan Lake,10547,Westchester
POINT (-77.05412 42.14333),Manufacturers and Traders Trust Company,5 Market Street,Corning,14830,Steuben
POINT (-74.28997 44.84904),"Key Bank, National Association",469 East Main Street,Malone,12953,Franklin
POINT (-78.87807 43.05195),"Key Bank, National Association",1071 Payne Avenue,North Tonawanda,14121,Niagara
POINT (-75.7835 42.64511),"NBT Bank, National Association",1572 State Highway 26,South Otselic,13155,Chenango
POINT (-73.60694 42.64369),"Key Bank, National Association",3701  NY Route 43,West Sand Lake,12196,Rensselaer
,Manufacturers and Traders Trust Company,1983 State Street,Liberty,12754,Sullivan
POINT (-74.11144 40.62964),"JPMorgan Chase Bank, National Association",666 Forest Avenue,Staten Island,10310,Richmond
POINT (-74.10306 40.57675),Manufacturers and Traders Trust Company,2212 Hylan Boulevard,Staten Island,10306,Richmond
POINT (-72.18208 40.96966),Manufacturers and Traders Trust Company,126 North Main Street,East Hampton,11937,Suffolk
POINT (-78.87621 42.8925),Manufacturers and Traders Trust Company,285 Delaware Avenue,Buffalo,14202,Erie
POINT (-73.86559 40.86546),"JPMorgan Chase Bank, National Association",748 Allerton,Bronx,10467,Bronx
POINT (-73.97136 40.67566),"JPMorgan Chase Bank, National Association",401 Flatbush Avenue,Brooklyn,11238,Kings
POINT (-73.78634 43.07779),"NBT Bank, National Association",295 Broadway,Saratogo Springs,12866,Saratoga
POINT (-73.93549 40.62133),"JPMorgan Chase Bank, National Association",1987 Flatbush Avenue,Brooklyn,11234,Kings
POINT (-73.81047 41.57952),Mahopac Bank,831 Route 82,Hopewell Junction,12533,Dutchess
POINT (-73.75047 40.93089),Manufacturers and Traders Trust Company,2040 Boston Post Road,Larchmont,10538,Westchester
POINT (-73.90553 41.5342),Manufacturers and Traders Trust Company,67 Jackson Street,Fishkill,12524,Dutchess
POINT (-74.00348 40.71393),Municipal Credit Union,2 Lafayette Street,New York,10007,New York
,"Key Bank, National Association",Main Street & Chippewa,Buffalo,14202,Erie
POINT (-75.52604 42.22828),"NBT Bank, National Association",182 Main Street,Afton,13730,Chenango
POINT (-73.74787 41.04212),PCSB Bank,29 Taylor Square,East White Plains,10604,Westchester
POINT (-73.72847 41.20802),People's United Bank,14 South Moger Avenue,Mount Kisco,10549,Westchester
POINT (-73.75298 42.64992),Pioneer Savings Bank,90 State Street,Albany,12207,Albany
POINT (-79.05458 43.09757),Niagara's Choice Federal Credit Union,900 Main Street,Niagara Falls,14301,Niagara
POINT (-74.28491 41.35814),Orange Bank & Trust Company,91 Brookside Avenue,Chester,10918,Orange
POINT (-73.25308 40.88228),People's United Bank,14 Park Drive,Kings Park,11754,Suffolk
POINT (-73.96171 40.57756),Northfield Bank,518 Brighton Beach Avenue,Brooklyn,11235,Kings
POINT (-74.3223 43.05672),"NBT Bank, National Association",199 Second Avenue Extension,Gloversville,12078,Fulton
,Peoples Alliance Federal Credit Union,"JFK Cargo Area A, Building 14",Jamaica,11430,Queens
POINT (-73.89815 40.72443),Polish & Slavic Federal Credit Union,66-14 Grand Avenue,Maspeth,11378,Queens
POINT (-73.59222 40.744688),New York Commercial Bank,900 Merchants Concourse,Westbury,11590,Nassau
POINT (-73.05519 40.74704),People's United Bank,693 Montauk Highway,Bayport,11705,Suffolk
POINT (-73.81038 41.33188),PCSB Bank,3649 Lee Road  and  Route 6,Jefferson Valley,10535,Westchester
POINT (-76.12674 43.14355),"NBT Bank, National Association",700 North Main Street,Syracuse,13212,Onondaga
,"NBT Bank, National Association",1125 Groton Avenue,Cortland,13045,Cortland
POINT (-74.042 41.12784),North East Community Bank,72 West Eckerson Road,Spring Valley,10977,Rockland
POINT (-73.94437 40.79198),Ponce Bank,1925 Third Avenue,New York,10029,New York
POINT (-73.83186 40.84629),Ridgewood Savings Bank,1745 Crosby Avenue,Bronx,10461,Bronx
POINT (-77.59977 43.21022),Reliant Community Credit Union,625 Titus Avenue,Rochester,14617,Monroe
POINT (-76.23719 43.45994),Pathfinder Bank,3361 Main Street,Mexico,13114,Oswego
POINT (-73.31125 40.76751),People's United Bank,512 Commack Road,Deer Park,11729,Suffolk
POINT (-78.88747 42.906),Northwest Savings Bank,364 Connecticut Street,Buffalo,14213,Erie
POINT (-73.85321 40.72657),Ponce Bank,100-20 Queens Boulevard,Forest Hills,11375,Queens
POINT (-73.89919 41.53495),Orange Bank & Trust Company,701 Route 9,Fishkill,12524,Dutchess
POINT (-73.69084 42.78891),Pioneer Savings Bank,142 Saratoga Avenue,Waterford,12188,Saratoga
POINT (-73.01438 40.89023),People's United Bank,1830 Route 112,Coram,11727,Suffolk
POINT (-74.33766 42.61314),National Bank of Coxsackie,4507 State Route 30,Middleburgh,12122,Schoharie
POINT (-73.88099 41.69821),Rhinebeck Savings Bank,708 Dutchess Turnpike,Poughkeepsie,12603,Dutchess
POINT (-75.39271 42.31426),"NBT Bank, National Association",13 Division Street,Sidney,13838,Delaware
POINT (-78.81687 42.9809),Northwest Savings Bank,3150 Sheridan Drive,Amherst,14226,Erie
POINT (-75.90229 42.53983),"NBT Bank, National Association",2743 Route 26,Cincinnatus,13040,Cortland
POINT (-73.26694 40.81267),Peoples Alliance Federal Credit Union,125 Wireless Boulevard,Hauppauge,11788,Suffolk
POINT (-76.5161 43.45401),Pathfinder Bank,110 West Sixth Street,Oswego,13126,Oswego
POINT (-77.69599 43.23972),Northwest Savings Bank,860 Long Pond Road,Rochester,14612,Monroe
POINT (-79.50403 42.25346),Northwest Savings Bank,29 South Erie Street,Mayville,14757,Chautauqua
POINT (-76.1365 43.04163),"NBT Bank, National Association",101 Marshall Street,Syracuse,13210,Onondaga
,Pentagon Federal Credit Union,Building 745,West Point,10996,Orange
POINT (-78.82215 42.99604),Northwest Savings Bank,1531 Niagara Falls Boulevard,Amherst,14228,Erie
POINT (-73.71051 42.59847),Pioneer Savings Bank,598 Columbia Turnpike,East Greenbush,12061,Rensselaer
POINT (-78.75363 42.90975),Northwest Savings Bank,3517 Union Road,Cheektowaga,14225,Erie
POINT (-73.58879 44.96025),Rajesh Sinha,2489 Route 11,Mooers,12124,Albany
POINT (-74.03084 40.624),Northfield Bank,8512 3rd Avenue,Brooklyn,11209,Kings
POINT (-73.63679 40.72444),People's United Bank,106 Seventh Street,Garden City,11530,Nassau
POINT (-75.47395 43.78149),Northern Federal Credit Union,5801 Number 4 Road,Lowville,13367,Lewis
POINT (-78.84701 43.06882),Niagara's Choice Federal Credit Union,3577 Niagara Falls Boulevard,North Tonawanda,14120,Niagara
POINT (-75.55303 42.84295),"NBT Bank, National Association",1050 Madison Market Place,Hamilton,13346,Madison
POINT (-78.84327 42.9585),Northwest Savings Bank,690 Kenmore Avenue,Buffalo,14216,Erie
POINT (-79.04079 43.17311),Northwest Savings Bank,500 Center Street,Lewiston,14092,Niagara
POINT (-73.8655 40.955),Peoples Alliance Federal Credit Union,132 Tuckahoe Road,Yonkers,10710,Westchester
POINT (-73.3991 40.88003),People's United Bank,182 East Main Street,Huntington,11743,Suffolk
POINT (-73.96499 41.52675),Rhinebeck Savings Bank,1476 Route 9D,Fishkill,12524,Dutchess
POINT (-78.87622 43.05202),Northwest Savings Bank,275  Meadow Drive,North Tonawanda,14120,Niagara
POINT (-76.43698 43.31888),"NBT Bank, National Association",1930 State Route 3,Fulton,13069,Oswego
POINT (-77.09478 43.04894),Reliant Community Credit Union,205 North Main Street,Newark,14513,Wayne
POINT (-73.95495 40.73012),Polish & Slavic Federal Credit Union,140 Greenpoint Avenue,Brooklyn,11222,Kings
POINT (-73.85076 40.83432),Ponce Bank,2244 Westchester Avenue,Bronx,10462,Bronx
POINT (-76.50725 43.45775),Pathfinder Bank,34 East Bridge Street,Oswego,13126,Oswego
POINT (-73.78964 41.55364),Rhinebeck Savings Bank,2523 Route 52,Hopewell Junction,12533,Dutchess
POINT (-73.81301 42.62859),Pioneer Savings Bank,184 Delaware Avenue,Delmar,12054,Albany
POINT (-73.75521 41.34849),PCSB Bank,151 Route 6,Mahopac,10541,Putnam
POINT (-73.89839 40.93535),New York Commercial Bank,One Manor House Square,Yonkers,10701,Westchester
POINT (-73.80877 42.26025),National Bank of Coxsackie,1 North Washington Street,Athens,12015,Greene
POINT (-73.95339 41.04393),Palisades Federal Credit Union,16 Orangetown Center,Orangeburg,10962,Rockland
POINT (-74.2167 40.5214),Northfield Bank,6420 Amboy Road,Staten Island,10309,Richmond
POINT (-73.97514 40.59678),Northfield Bank,247 Avenue U,Brooklyn,11223,Kings
POINT (-73.59246 40.72996),Nassau Financial Federal Credit Union,One Education Drive,Garden City,11530,Nassau
POINT (-76.09207 43.17614),Pathfinder Bank,6194 State Route 31,Cicero,13039,Onondaga
POINT (-75.90705 43.9752),Northern Federal Credit Union,120 Factory Street,Watertown,13601,Jefferson
POINT (-73.31882 40.85837),People's United Bank,563 Lakefield Road,East Northport,11731,Suffolk
POINT (-73.70211 40.8383),People's United Bank,61 Shore Road,Port Washington,11050,Nassau
POINT (-74.05502 41.45876),Orange Bank & Trust Company,376 Windsor Highway,Vails Gate,12584,Orange
POINT (-73.71666 40.9547),People's United Bank,1444 East Boston Post Road,Mamaroneck,10543,Westchester
POINT (-74.98702 44.68566),"NBT Bank, National Association",6554 State Hwy 56,Potsdam,13676,St. Lawrence
POINT (-74.89176 44.93231),"North Country Savings Bank, The",22-24 Phillips Street,Massena,13662,St. Lawrence
POINT (-73.82034 40.76533),Newbank,146-01 Northern Boulevard,Flushing,11354,New York
POINT (-73.91884 40.6311),Ponce Bank,1900 Ralph Avenue,Brooklyn,11234,Kings
POINT (-74.07512 40.63269),Northfield Bank,385 Bay Street,Staten Island,10301,Richmond
POINT (-73.65547 41.19583),"Patriot Bank, N.A",432 Old Post Road,Bedford,10506,Westchester
POINT (-78.82313 43.03866),Northwest Savings Bank,3105 Niagara Falls Boulevard,Amherst,14228,Erie
POINT (-76.4899 43.46218),Pathfinder Bank,140 East 13th Street,Oswego,13126,Sullivan
POINT (-73.58212 40.7006),Nassau Financial Federal Credit Union,875 Jerusalem Avenue,Uniondale,11553,Nassau
POINT (-76.48374 43.46143),"NBT Bank, National Association",161 State Route 104,Oswego,13126,Oswego
POINT (-78.87354 42.8859),Northwest Savings Bank,14 Lafayette Square,Buffalo,14203,Erie
POINT (-78.87749 43.05147),Northwest Savings Bank,1035 Payne Avenue,North Tonawanda,14120,Niagara
POINT (-74.10642 40.63579),Northfield Bank,355 Bard Avenue,Staten Island,10310,Richmond
POINT (-79.22894 42.07952),Northwest Savings Bank,768 Foote Avenue,Jamestown,14701,Chautauqua
POINT (-73.58879 44.96025),North Country Federal Credit Union,2489 Route 11,Mooers,12958,Clinton
POINT (-74.12099 40.6132),Northfield Bank,1731 Victory Boulevard,Staten Island,10314,Richmond
POINT (-73.58293 40.7359),Peoples Alliance Federal Credit Union,1600 Stewart Avenue,Westbury,11590,Nassau
POINT (-75.37852 43.04992),"NBT Bank, National Association",One Kirkland Avenue,Clinton,13323,Oneida
POINT (-73.83483 40.91191),PCSB Bank,40 East 1st Street,Mount Vernon,10550,Westchester
POINT (-73.94843 40.72521),Polish & Slavic Federal Credit Union,100 McGuinness Boulevard,Brooklyn,11222,Kings
POINT (-76.49963 43.45999),Pathfinder Bank,155 East Bridge Street,Oswego,13126,Oswego
POINT (-73.98516 41.20824),People's United Bank,26 South Route 9W,West Haverstraw,10993,Rockland
POINT (-73.69114 42.7456),Pioneer Savings Bank,148 George Street,Green Island,12183,Albany
,Pathfinder Bank,West 2nd Street,Oswego,13126,Oswego
,Pentagon Federal Credit Union,Building 683 Buckner Loop,West Point,10996,Orange
POINT (-73.79109 42.60711),National Bank of Coxsackie,331 Route 9W,Glenmont,12077,Albany
POINT (-78.78398 42.7898),Northwest Savings Bank,3488 Amelia Drive,Orchard Park,14127,Erie
POINT (-73.7666 41.03216),People's United Bank,14 Mamaroneck Avenue,White Plains,10601,Westchester
POINT (-73.98889 41.15007),PCSB Bank,76 North Main Street,New City,10956,Rockland
POINT (-73.58747 44.96031),North Country Federal Credit Union,2488 Route 11,Mooers,12958,Clinton
POINT (-73.85161 40.8502),Ridgewood Savings Bank,1134 Morris Park Avenue,Bronx,10461,Bronx
POINT (-73.08977 40.90111),People's United Bank,184 North Belle Mead Road,East Setauket,11733,Suffolk
POINT (-73.9978 42.29859),Pioneer Savings Bank,440 Main Street,Cairo,12413,Greene
POINT (-73.69985 40.79801),People's United Bank,384 Plandome Road,Manhasset,11030,Nassau
POINT (-77.31548 43.06309),Reliant Community Credit Union,1520 Victor Road,Macedon,14502,Wayne
POINT (-73.99799 40.69123),Peoples Alliance Federal Credit Union,69 Altantic Avenue,Brooklyn,11201,Kings
POINT (-76.29951 43.16769),"NBT Bank, National Association",8260 Willett Parkway,Baldwinsville,13027,Onondaga
POINT (-73.39413 40.67083),Polish & Slavic Federal Credit Union,314 Great Neck Road,Copiague,11726,Suffolk
POINT (-75.77592 42.32391),"NBT Bank, National Association",80 South Chenango Street,Greene,13778,Chenango
POINT (-73.05353 40.93763),People's United Bank,68 North Country Road,Port Jefferson,11777,Suffolk
POINT (-73.78173 41.27389),PCSB Bank,331 Downing Drive,Yorktown Heights,10598,Westchester
POINT (-73.99025 41.13975),Palisades Federal Credit Union,244 SOUTH MAIN STREET,NEW CITY,10956,Rockland
POINT (-78.73447 42.91894),Northwest Savings Bank,2070 George Urban Boulevard,Depew,14043,Erie
POINT (-73.91429 41.78614),Rhinebeck Savings Bank,1075  Violet Avenue,Hyde Park,12538,Dutchess
POINT (-73.93743 40.84864),New York National Bank,4211 Broadway,New York,10033,New York
POINT (-73.76368 42.75022),Pioneer Savings Bank,531 Troy Schenectady Road,Latham,12110,Albany
POINT (-76.15277 43.04869),Pathfinder Bank,109 West Fayette Street,Syracuse,13202,Onondaga
POINT (-73.55042 40.72554),Nassau Financial Federal Credit Union,2295 Hempstead Turnpike,East Meadow,11554,Nassau
POINT (-73.32151 40.70205),People's United Bank,375 Deer Park Avenue,Babylon,11702,Suffolk
POINT (-73.7943 42.97243),Pioneer Savings Bank,10 Kendall Way,Malta,12020,Saratoga
POINT (-73.99046 40.63661),Northfield Bank,4602 13th Avenue,Brooklyn,11219,Kings
POINT (-74.98419 44.66867),"North Country Savings Bank, The",31 Main Street,Potsdam,13676,St. Lawrence
POINT (-73.58433 41.53539),PCSB Bank,144 ROUTE 22,PAWLING,12564,Dutchess
POINT (-73.8228 40.99077),People's United Bank,977 Central Park Avenue,Scarsdale,10583,Westchester
POINT (-73.3302 40.89891),People's United Bank,836 Fort Salonga Road,Northport,11768,Suffolk
POINT (-73.79349 42.72561),Pioneer Savings Bank,652 Albany-Shaker Road,Colonie,12211,Albany
POINT (-73.90537 41.53345),Rhinebeck Savings Bank,1022 Main Street,Fishkill,12524,Dutchess
POINT (-73.24661 40.77878),People's United Bank,1820 Brentwood Road,Brentwood,11717,Suffolk
POINT (-73.97368 41.92733),Provident Bank,85 Crane Street,Kingston,12401,Ulster
POINT (-79.05054 43.0947),Northwest Savings Bank,Pine & 10th Street,Niagara Falls,14301,Niagara
POINT (-74.13779 40.62453),Northfield Bank,1481 Forest Avenue,Staten Island,10302,Richmond
POINT (-78.87168 42.98042),Northwest Savings Bank,3545 Delaware Avenue,Tonawanda,14217,Erie
POINT (-73.65441 40.70545),People's United Bank,410 Hempstead Turnpike,West Hempstead,11552,Suffolk
POINT (-73.98007 40.60516),Northfield Bank,283 Kings Highway,Brooklyn,11223,Kings
POINT (-74.0967 40.58314),Polish & Slavic Federal Credit Union,1919 Hylan Boulevard,Staten Island,10305,Richmond
POINT (-78.96611 43.02452),Northwest Savings Bank,2300 Grand Island Boulevard,Grand Island,14072,Erie
POINT (-76.40806 43.31426),Pathfinder Bank,516 South 2nd Street,Fulton,13069,Oswego
POINT (-75.60242 43.06852),"NBT Bank, National Association",628 Sherrill Road,Sherill,13461,Oneida
POINT (-76.13496 43.0597),"NBT Bank, National Association",1001 James Street,Syracuse,13203,Onondaga
POINT (-74.64928 42.14831),"NBT Bank, National Association",723 Main Street,Margaretville,12455,Delaware
POINT (-73.6462 42.74317),Pioneer Savings Bank,712 Hoosick Road,Troy,12180,Rensselaer
POINT (-79.30376 42.09937),Northwest Savings Bank,311 East Fairmount Avenue,Lakewood,14750,Chautauqua
POINT (-73.81635 42.46717),National Bank of Coxsackie,Faith Plaza Route 9W,Ravena,12143,Albany
POINT (-73.27111 40.84499),People's United Bank,2020 Jericho Turnpike,Commack,11725,Suffolk
POINT (-73.90516 40.87844),Ponce Bank,5560 Broadway,Bronx,10463,Bronx
POINT (-74.16948 40.56032),Northfield Bank,3227 Richmond Avenue,Staten Island,10312,Richmond
POINT (-73.07327 40.90461),People's United Bank,4032 Nesconset Highway,East Setuaket,11733,Suffolk
POINT (-75.10412 42.44851),"NBT Bank, National Association",107 Onieda Street,Oneonta,13820,Otsego
POINT (-74.04181 41.12592),People's United Bank,253 North Main Street,Spring Valley,10977,Rockland
POINT (-78.87003 42.96546),Northwest Savings Bank,2981 Delaware Avenue,Kenmore,14217,Erie
POINT (-77.50733 43.18227),Northwest Savings Bank,475 Plank Road,Webster,14580,Monroe
POINT (-73.65166 43.33222),"NBT Bank, National Association",242 Quaker Road,Queensbury,12803,Warren
POINT (-75.54645 42.82789),"NBT Bank, National Association",40 Utica Street,Hamilton,13346,Madison
POINT (-73.91591 41.61854),Rhinebeck Savings Bank,1898 South Road,Poughkeepsie,12601,Dutchess
POINT (-73.95386 40.77071),North East Community Bank,1470 First Avenue,New York,10021,New York
POINT (-76.48203 43.46167),Pathfinder Bank,291 State Route 104 East,Oswego,13126,Oswego
,Pentagon Federal Credit Union,Building 602,West Point,10996,Orange
POINT (-77.06537 43.23119),Reliant Community Credit Union,10 Benton Place,Sodus,14551,Wayne
POINT (-73.95776 40.76965),Ridgewood Savings Bank,1404 SECOND AVENUE,NEW YORK,10021,New York
POINT (-73.89174 40.8225),Ponce Bank,980 Southern Boulevard,Bronx,10459,Bronx
POINT (-75.49942 42.67946),"NBT Bank, National Association",30 North Main Street,Sherburne,13460,Chenango
POINT (-79.20138 42.11595),Northwest Savings Bank,210 West Main Street,Falconer,14733,Chautauqua
POINT (-73.79064 42.60248),Pioneer Savings Bank,329 Glenmont Road,Glenmont,12077,Albany
POINT (-79.24148 42.0963),Northwest Savings Bank,1 West Third Street,Jamestown,14701,Chautauqua
POINT (-73.12401 40.78618),People's United Bank,3460 Veterans Memorial Highway,Bohemia,11716,Suffolk
POINT (-73.91883 40.81637),New York National Bank,369 East 149th Street,Bronx,10451,Bronx
POINT (-73.96103 40.60766),Northfield Bank,1123 Kings Highway,Brooklyn,11225,Kings
POINT (-73.98979 40.61952),Northfield Bank,6410 18th Avenue,Brooklyn,11204,Kings
POINT (-73.11524 40.8607),People's United Bank,2921 Middle Country Road,Lake Grove,11755,Suffolk
POINT (-74.32604 41.40367),Orange Bank & Trust Company,146 North Church Street,Goshen,10924,Orange
POINT (-76.42286 43.32439),Pathfinder Bank,5 West 1st Street,South Fulton,13069,Oswego
POINT (-78.80537 42.83074),Northwest Savings Bank,1248 Abbott Road,Lackawanna,14218,Erie
POINT (-73.57839 41.42102),People's United Bank,"1515 Route 22, Suite D-1",Brewster,10509,Putnam
POINT (-73.64345 43.30844),"NBT Bank, National Association",86 Glen Street,Glens Falls,12801,Warren
POINT (-73.24598 40.80795),New York Commercial Bank,350 Motor Parkway,Hauppauge,11788,Suffolk
POINT (-73.98528 44.28871),"NBT Bank, National Association",2483 MAIN STREET,LAKE PLACID,12946,Essex
POINT (-73.88772 40.85564),North East Community Bank,590 East 187th Street,Bronx,10458,Bronx
POINT (-73.93115 41.72361),Rhinebeck Savings Bank,3432 North Road,Poughkeepsie,12601,Dutchess
POINT (-73.72375 41.19641),PCSB Bank,12 South Bedford Road,Mt. Kisco,10549,Westchester
POINT (-76.21865 42.57021),"NBT Bank, National Association",819 Bennie Road,Cortland,13045,Cortland
POINT (-73.73187 42.68331),Rajesh Sinha,100 Broadway,Menads,12204,Albany
POINT (-76.06935 43.64347),Pathfinder Bank,1897 Harwood Drive,Lacona,13083,Oswego
POINT (-73.17043 40.87683),People's United Bank,417 North Country Road,St. James,11780,Suffolk
POINT (-73.45292 44.69755),"NBT Bank, National Association",83 Margaret Street,Plattsburgh,12901,Clinton
POINT (-73.91691 40.83993),Ponce Bank,30 East 170th Street,Bronx,10452,Bronx
POINT (-77.24528 42.87309),Reliant Community Credit Union,3255 Moran Road,Canandaigua,14424,Ontario
POINT (-75.62193 43.96826),Northern Federal Credit Union,88 Bridge Street,West Carthage,13619,Jefferson
POINT (-73.79911 41.04314),PCSB Bank,441 Tarrytown Road,Greenburgh,10607,Westchester
POINT (-73.78626 42.86452),Pioneer Savings Bank,843 Route 146,Clifton Park,12065,Saratoga
POINT (-78.70494 43.16746),Niagara's Choice Federal Credit Union,261 West Avenue,Lockport,14094,Niagara
POINT (-73.26813 40.80688),People's United Bank,100 Motor Parkway,Hauppauge,11788,Suffolk
POINT (-73.71553 41.02644),Nestegg Federal Credit Union,100 Manhattanville Road,Purchase,10577,Westchester
POINT (-73.62657 40.80968),People's United Bank,300 Wheatley Plaza,Greenvale,11548,Nassau
POINT (-78.87164 42.98121),Northwest Savings Bank,1690 Sheridan Drive,Kenmore,14223,Erie
POINT (-73.63522 41.39994),PCSB Bank,2477 Route 6,Brewster,10509,Putnam
POINT (-73.83441 40.94075),People's United Bank,111 Kraft Avenue,Bronxville,10708,Westchester
POINT (-75.94018 43.97935),Northern Federal Credit Union,1180 East Commerce Drive,Watertown,13601,Jefferson
POINT (-75.23964 42.54627),"NBT Bank, National Association",30-32 Broad Street,Morris,13808,Delaware
POINT (-73.68904 41.32778),PCSB Bank,249 Route 202,Somers,10589,Westchester
POINT (-73.9496 40.77657),Ridgewood Savings Bank,1646 First Avenue,New York,10028,New York
POINT (-73.92521 40.76191),Quontic Bank,31 - 05 Broadway,Astoria,11106,Queens
POINT (-76.5117 43.45174),"NBT Bank, National Association",30 West Utica Street,Oswego,13126,Oswego
POINT (-73.89177 40.82474),New York National Bank,1042 Westchester Avenue,Bronx,10459,Bronx
POINT (-73.99711 40.6039),Ponce Bank,2047 86th Street,Brooklyn,11214,Kings
POINT (-76.51112 43.45556),Pathfinder Bank,214 West First Street,Oswego,13126,Oswego
POINT (-75.52359 42.52881),"NBT Bank, National Association",52 South Broad Street,Norwich,13815,Chenango
POINT (-73.88415 42.37163),National Bank of Coxsackie,Routes 9W and 385 and 81,West Coxsackie,12051,Albany
POINT (-74.00131 41.0951),Palisades Federal Credit Union,240 EAST ROUTE 59,NANUET,10954,Sullivan
POINT (-73.64564 42.69685),Pioneer Savings Bank,78 Main Avenue --- Route 66,Wynantskill,12198,Rensselaer
POINT (-73.58744 40.74501),Nassau Financial Federal Credit Union,865 Merrick Avenue,Westbury,11590,Nassau
POINT (-75.23625 43.09895),"NBT Bank, National Association",270 Genesee Street,Utica,13502,Oneida
POINT (-79.01975 43.08894),Niagara's Choice Federal Credit Union,3619 Packard Road,Niagara Falls,14303,Niagara
POINT (-75.46035 44.70651),"NBT Bank, National Association",2800 Ford Street Extension,Ogdensburg,13669,St. Lawrence
POINT (-72.9889 40.94306),People's United Bank,347 Route 25A,Miller Place,11764,Suffolk
POINT (-79.00172 43.12615),Northwest Savings Bank,4381 Military Road,Niagara Falls,14305,Niagara
POINT (-77.68982 43.12986),Northwest Savings Bank,2113 Chili Avenue,Rochester,14624,Monroe
POINT (-76.11877 42.799),"NBT Bank, National Association",5789 Route 80,Tully,13159,Onondaga
POINT (-74.20834 41.51466),Orange Bank & Trust Company,2093 Route 208,Montgomery,12549,Orange
POINT (-73.62237 40.78601),People's United Bank,410 Glen Cove Road,East Hills,11577,Nassau
POINT (-77.44615 43.21696),Reliant Community Credit Union,870 Holt Road,Webster,14580,Monroe
POINT (-73.98057 40.73411),Ponce Bank,319 1st Avenue,New York,10003,New York
POINT (-78.69628 43.02263),Northwest Savings Bank,6409 Transit Road,East Amherst,14051,Erie
POINT (-73.84363 42.72758),Pioneer Savings Bank,1761 Central Avenue,Albany,12205,Albany
POINT (-73.07876 40.85945),People's United Bank,1919 Middle Country Road,Centereach,11720,Suffolk
POINT (-74.10708 40.63044),Northfield Bank,519 Forest Avenue,Staten Island,10310,Richmond
POINT (-74.03329 41.52559),Orange Bank & Trust Company,78 North Plank Road,Newburgh,12550,Orange
POINT (-73.13468 40.78893),Peoples Alliance Federal Credit Union,3125 Veterans Memorial Highway,Ronkonkoma,11779,Suffolk
POINT (-73.93789 40.79683),New York National Bank,2256 Second Avenue,New York,10029,New York
POINT (-76.12942 43.28671),Pathfinder Bank,3025 East Avenue,Central Square,13036,Oswego
POINT (-78.87544 42.88249),Northwest Savings Bank,295 Main Street,Buffalo,14203,Erie
POINT (-74.01778 41.93288),Rhinebeck Savings Bank,27 Main Street,Kingston,12401,Ulster
POINT (-73.8227 42.86882),Pioneer Savings Bank,1208 Route 146,Clifton Park,12065,Saratoga
POINT (-76.18037 42.59907),"NBT Bank, National Association",65 Main Street,Cortland,13045,Cortland
POINT (-78.68673 43.1719),Northwest Savings Bank,55 East Avenue,Lockport,14094,Niagara
POINT (-75.51909 42.5552),"NBT Bank, National Association",Corner State Route 12 & County Route 320,Norwich,13815,Chenango
POINT (-75.84118 44.04045),Northern Federal Credit Union,26424 Johnson Road,Evans Mills,13637,Jefferson
POINT (-77.54498 43.08692),Pittsford Federal Credit Uniion,20 Tobey Village Office Park,Pittsford,14624,Monroe
POINT (-73.90162 41.54238),PCSB Bank,804 Route 9,Fishkill,12524,Dutchess
POINT (-73.88053 41.98779),Rhinebeck Savings Bank,7350 South Broadway,Red Hook,12571,Dutchess
POINT (-72.94569 40.94567),People's United Bank,293 Route 25A,Rocky Point,11778,Suffolk
POINT (-73.991 40.68596),Ponce Bank,169 Smith Street,Brooklyn,11201,Kings
POINT (-74.01772 42.42786),Pioneer Savings Bank,11565 Highway 32,Greenville,12083,Greene
POINT (-73.146743 40.833089),People's United Bank,465 Smithtown Boulevard,Nesconset,11767,Suffolk
POINT (-75.41398 42.05514),"NBT Bank, National Association",63 Oak Street,Deposit,13754,Broome
POINT (-73.89317 40.88273),Ridgewood Savings Bank,3899 Sedgwick Avenue,Bronx,10463,Bronx
POINT (-73.68003 41.44018),PCSB Bank,256 Route 52,Kent Lakes,10512,Putnam
POINT (-73.91265 41.92748),Rhinebeck Savings Bank,6414 Montgomery Street,Rhinebeck,12572,Dutchess
,Pentagon Federal Credit Union,Building 1206 Stony Lonesome Rd.,West Point,10996,Orange
POINT (-76.11252 43.55427),Pathfinder Bank,3739 State Route 13,Pulaski,13142,Oswego
POINT (-73.87497 42.69311),Pioneer Savings Bank,1883 Western Avenue,Albany,12203,Albany
POINT (-73.98425 42.29165),National Bank of Coxsackie,76 Main Street,Cairo,12413,Albany
POINT (-79.05456 43.0967),Northwest Savings Bank,805 Main Street,Niagara Falls,14301,Niagara
POINT (-74.01717 42.42799),"NBT Bank, National Association",11567 State Route 32,Greenville,12083,Greene
POINT (-73.77934 41.12365),People's United Bank,59 Kensico Road,Thornwood,10594,Westchester
POINT (-73.99723 40.74477),North East Community Bank,242 West 23rd Street,New York,10011,New York
POINT (-78.69493 42.97123),Northwest Savings Bank,4545 Transit Road,Williamsville,14221,Erie
POINT (-73.92269 40.76071),Ponce Bank,34-05 Broadway,Astoria,11106,New York
POINT (-78.93554 43.09227),Niagara's Choice Federal Credit Union,2131 Sawyer Drive,Wheatfield,14304,Niagara
POINT (-76.14744 43.04826),"NBT Bank, National Association","300 South State Street, Floor 1",Syracuse,13202,Onondaga
POINT (-73.99979 40.62909),Polish & Slavic Federal Credit Union,1260 60th Street,Brooklyn,11219,Kings
POINT (-74.20104 40.52723),Northfield Bank,5775 Amboy Road,Staten Island,10309,Richmond
POINT (-74.16038 40.54544),Northfield Bank,4355 Amboy Road,Staten Island,10312,Richmond
POINT (-73.69685 41.03869),Pepsico Employees Federal Credit Union,700 Anderson Hill Road,Purchase,10577,Westchester
POINT (-73.66247 41.34822),Putnam County National Bank,12 Front Street,Croton Falls,10519,Westchester
,"NBT Bank, National Association",State Route 86,Wilmington,12997,Essex
POINT (-73.6394 40.63814),Nassau Financial Federal Credit Union,2995 Long Beach Road,Oceanside,11572,Nassau
POINT (-73.90853 42.0584),Rhinebeck Savings Bank,51 Broadway,Tivoli,12583,Dutchess
POINT (-74.38101 41.44956),Orange Bank & Trust Company,33 Trust Way,Middletown,10940,Orange
POINT (-73.94832 40.63238),Northfield Bank,24 Hillel Place,Brooklyn,11210,Kings
POINT (-73.8123 41.00526),"Patriot Bank, N.A",495 Central Park Avenue,Scarsdale,10583,Westchester
POINT (-78.69602 42.96784),Northwest Savings Bank,4434 Transit Road,Clarence,14221,Erie
POINT (-76.55772 43.44967),Pathfinder Bank,78 County Route 89,Oswego,13126,Oswego
POINT (-76.11406 42.89388),Pathfinder Bank,5829 Route 20,LaFayette,13084,Onondaga
POINT (-74.0815 40.59859),Northfield Bank,1158 Hylan Boulevard,Staten Island,10305,Richmond
POINT (-75.49061 44.69704),"North Country Savings Bank, The",401 Caroline Street,Ogdensburg,13669,St. Lawrence
POINT (-78.45912 42.07679),Northwest Savings Bank,2513 West State Street,Olean,14760,Cattaraugus
POINT (-73.97213 42.43932),National Bank of Coxsackie,Route 327 81,Greenville,12083,Albany
POINT (-73.179337 40.855774),People's United Bank,One East Main Street,Smithtown,11787,Suffolk
POINT (-75.42486 42.06201),"NBT Bank, National Association",108 Second Street,Deposit,13754,Delaware
POINT (-74.11388 40.56628),Northfield Bank,2706 Hylan Boulevard,Staten Island,10306,Richmond
POINT (-74.15915 40.61137),Northfield Bank,1497 Richmond Avenue,Staten Island,10314,Richmond
POINT (-77.50821 43.00204),Pittsford Federal Credit Uniion,1321 Pittsford Mendon Road,Mendon,14506,Monroe
POINT (-73.88401 40.74808),Ponce Bank,37-60 82nd Street,Jackson Heights,11372,Queens
POINT (-74.429 41.42626),Orange Bank & Trust Company,212 Dolson Avenue,Middletown,10940,Orange
,Pentagon Federal Credit Union,Building 1200,West Point,10996,Orange
POINT (-78.75327 42.82866),Northwest Savings Bank,1055 Union Road,West Seneca,14224,Erie
POINT (-72.83954 40.9435),People's United Bank,6241 Route 25A,Wading River,11792,Suffolk
POINT (-78.82584 42.7401),Northwest Savings Bank,5751 South Park Avenue,Hamburg,14075,Erie
POINT (-74.00891 40.61142),Northfield Bank,1501 86th Street,Brooklyn,11228,Kings
POINT (-76.01875 43.82644),Northern Federal Credit Union,10924 US Route 11,Adams,13605,Jefferson
POINT (-76.18381 42.22382),"NBT Bank, National Association",2 North Main Street,Newark Valley,13811,Tioga
POINT (-75.16849 44.5957),"North Country Savings Bank, The",127 Main Street,Canton,13617,St. Lawrence
POINT (-73.7014 42.73079),Pioneer Savings Bank,2000 Second Avenue,Watervliet,12189,Albany
POINT (-73.89536 40.70309),Polish & Slavic Federal Credit Union,69-03 Fresh Pond Road,Ridgewood,11385,Queens
POINT (-73.59857 41.56038),PCSB Bank,63 East Main Street,Pawling,12564,Dutchess
POINT (-73.95296 40.58959),Ridgewood Savings Bank,2520 East 17th Street,Brooklyn,11235,Kings
POINT (-74.31892 41.40464),Rhinebeck Savings Bank,252 Main Street,Goshen,10924,Orange
POINT (-73.21829 40.81526),People's United Bank,548 Route 111,Hauppauge,11788,Suffolk
POINT (-73.94197 42.81282),Pioneer Savings Bank,426 State Street,Schenectady,12305,Albany
POINT (-73.99799 40.74088),People's United Bank,127 Seventh Avenue,New York,10011,New York
POINT (-73.81262 40.95805),PCSB Bank,478 White Plains Road,Eastchester,10709,Westchester
POINT (-76.49626 43.45953),Pathfinder Bank,126 East Oneida Street,Oswego,13126,Oswego
POINT (-77.57383 43.1342),Northwest Savings Bank,1441 Monroe Avenue,Rochester,14618,Monroe
POINT (-73.95293 42.78113),Pioneer Savings Bank,1828 Altamont Avenue,Rotterdam,12303,Schenectady
POINT (-73.73511 40.80082),People's United Bank,534 Middle Neck Road,Great Neck,11023,Nassau
POINT (-73.63741 40.73423),Nassau Financial Federal Credit Union,1325 Franklin Avenue Plaza,Garden City,11530,Nassau
POINT (-74.07073 41.51816),TD Bank N.A.,1401 Route 300,Newburgh,12550,Orange
POINT (-72.79802 40.79907),Suffolk County National Bank of Riverhead,502 Main Street,Center Moriches,11934,Suffolk
POINT (-73.92811 41.67248),Ulster Savings Bank,2680 South Road,Poughkeepsie,12603,Dutchess
POINT (-73.4219 40.74992),TD Bank N.A.,2025 Broadhollow Road,Farmingdale,11735,Nassau
POINT (-73.57732 40.72262),TD Bank N.A.,1600 Hempstead Turnpike,East Meadow,11554,Nassau
POINT (-73.75365 42.65027),State Employees Federal Credit Union,110 State Street,Albany,12207,Albany
POINT (-73.99695 40.6038),Valley National Bank,2054 86TH STREET,BROOKLYN,11214,Kings
POINT (-76.15018 43.05051),Solvay Bank,109 South Warren Street,Syracuse,13202,Onondaga
POINT (-72.86637 40.79724),TD Bank N.A.,530 William Floyd Parkway,Shirley,11967,Suffolk
POINT (-74.23736 41.52646),Walden Savings Bank,21 Union Street,Montgomery,12549,Orange
POINT (-76.19011 42.601),Syracuse Federal Credit Union,117 Groton Avenue,Cortland,13045,Cortland
POINT (-75.89987 42.14873),State Employees Federal Credit Union,1137 Upper Front Street,Binghamton,13905,Broome
POINT (-73.762 42.73404),TD Bank N.A.,1 Old Loudon Road,Latham,12110,Albany
POINT (-73.9329 41.78267),Rondout Savings Bank,4269 Albany Post Road,Hyde Park,12538,Dutchess
POINT (-73.9617872622 41.72719082713),Sawyer Savings Bank,3515 Route 9W,Highland,12528,Ulster
POINT (-73.77453 43.49603),TD Bank N.A.,3852 Main Street,Warrensburg,12885,Warren
POINT (-74.18515 42.95889),State Employees Federal Credit Union,5003 State Highway 30,Amsterdam,12010,Albany
POINT (-73.86096 41.14745),TD Bank N.A.,174 South Highland Avenue,Ossining,10562,Westchester
POINT (-73.37057 40.83497),TD Bank N.A.,1040 Jericho Turnpike,Huntington Station,11746,Suffolk
POINT (-73.97552 40.74984),Sterling National Bank of New York,622 Third Avenue,New York,10017,New York
POINT (-74.13308 41.67486),Ulster Savings Bank,2201 Route 44/55,Gardiner,12525,Ulster
POINT (-73.88218 40.74782),Santander Bank,83-20 Roosevelt Avenue,Jackson Heights,11372,Queens
POINT (-73.12025 40.78614),TD Bank N.A.,3560 Veterans Memorial Highway,Bohemia,11716,Suffolk
POINT (-73.80804 40.99013),Webster Bank,51 East Parkway,Scarsdale,10583,Westchester
POINT (-73.94578 40.80789),TD Bank N.A.,100 West 125th Street,New York,10027,New York
POINT (-77.54903 43.15908),"Summit Federal Credit Union, The",2315 East Main Street,Rochester,14609,Monroe
POINT (-73.95138 40.79391),Sterling National Bank of New York,1249 Fifth Avenue,New York,10029,New York
POINT (-76.76014 43.06714),Savannah Bank N.A.,1565 Main Street,Savannah,13146,Wayne
POINT (-76.86454 42.38229),Visions Federal Credit Union,513 East 4th Street,Watkins Glens,14891,Schuyler
POINT (-73.60385 42.34988),Trustco Bank N.A. CTF,193 Hudson Avenue -- Route 66,Chatham,12037,Columbia
POINT (-73.85669 42.63895),State Employees Federal Credit Union,1395 New Scotland Avenue,Slingerlands,12159,Albany
POINT (-73.97971 40.76084),Santander Bank,1290 Avenue of the Americas,New York,10019,New York
POINT (-73.96613 41.1964),Sterling National Bank of New York,34-40 New Main Street,Haverstraw,10927,Rockland
POINT (-73.63635 43.3008),TD Bank N.A.,99 Main Street,South Glens Falls,12803,Warren
POINT (-74.18502 41.32147),Sterling National Bank of New York,591 Route 17M,Monroe,10950,Orange
POINT (-73.87349 40.75715),TD Bank N.A.,94-15 Northern Boulevard,Jackson Heights,11372,Queens
POINT (-73.94441 40.83453),TD Bank N.A.,3798 Broadway,New York,10032,New York
POINT (-74.45741 42.68122),Trustco Bank N.A. CTF,104 Merchant Plaza,Cobleskill,12043,Schoharie
POINT (-73.76041 40.72102),Ridgewood Savings Bank,205-09/11 Hillside Avenue,Hollis,11423,Queens
POINT (-73.22519 40.82144),Suffolk Federal Credit Union,100 Veterans Memorial Highway,Hauppauge,11788,Suffolk
POINT (-76.09862 43.17684),"Summit Federal Credit Union, The",6091 Route 31,Cicero,13039,Onondaga
POINT (-73.20687 40.82221),Suffolk Federal Credit Union,727 Veterans Memorial Highway,Hauppauge,11788,Suffolk
POINT (-73.99672 40.75108),TD Bank N.A.,350 West 31st Street,New York,10001,New York
POINT (-73.8412 40.7187),Santander Bank,72-44 Austin Street,Forest Hills,11375,Queens
POINT (-73.68803 42.72976),Trustco Bank N.A. CTF,Fifth Avenue State Street,Troy,12180,Rensselaer
POINT (-73.3493 40.68515),TD Bank N.A.,701 West Montauk Highway,West Babylon,11704,Suffolk
POINT (-73.7019 40.63804),Wells Fargo ATM,1250 Broadway,Hewlett,11557,Nassau
POINT (-74.87336 44.92872),Sea Comm Federal Credit Union,30 Stearns St,Massena,13662,St. Lawrence
POINT (-74.00714 40.70745),Santander Bank,2 Gold Street,New York,10038,New York
POINT (-75.43488 43.20442),"Rome Savings Bank, FSB",1300 E. Dominick St.,Rome,13440,Oneida
POINT (-73.98986 40.63718),Valley National Bank,4501 13th Avenue,Brooklyn,11219,Kings
POINT (-73.739029 42.838039),Trustco Bank N.A. CTF,215 Guideboard Road,Halfmoon,12065,Saratoga
POINT (-74.01143 40.7076),TD Bank N.A.,2 Wall Street,New York,10005,New York
POINT (-73.99455 44.29326),TRI-Lakes Federal Credit Union,453 Wesvalley Road,Lake Placid,12946,Essex
POINT (-73.84365 40.72151),Sterling National Bank of New York,108-01 Queens Boulevard,Forest Hills,11375,Queens
POINT (-73.96208 40.60727),Santander Bank,961 Kings Highway,Brooklyn,11223,Kings
POINT (-72.91763 40.8202),Suffolk Federal Credit Union,30 Yaphank Avenue,Yaphank,11980,Suffolk
POINT (-73.9649 40.76381),Santander Bank,1062 3rd Avenue,New York,10021,New York
POINT (-73.98414 41.22229),TD Bank N.A.,82 South Liberty Drive,Stony Point,10980,Rockland
POINT (-76.15224 43.04674),State Employees Federal Credit Union,401 Salinas Street,Syracuse,13202,Onondaga
POINT (-73.70151 40.63855),TD Bank N.A.,1 Veterans Memorial Plaza,Hewlett,11557,Nassau
POINT (-73.77139 40.75983),Shinhan Bank America,211-11 Northern Boulevard,Bayside,11361,Queens
POINT (-76.15514 43.04796),Solvay Bank,136 Walton Street,Syracuse,13202,Onondaga
POINT (-73.84977 40.73329),TD Bank N.A.,63-54 108th Stret,Forest Hills,11375,Queens
POINT (-73.67743 40.70762),Ridgewood Savings Bank,1010 Hempstead Turnpike,Franklin Square,11010,Nassau
POINT (-74.37291 41.46861),Sterling National Bank of New York,1 Industrial Drive,Middletown,10941,Orange
POINT (-73.69994 42.62434),State Employees Federal Credit Union,120 Troy Road,East Greenbush,12061,Rensselaer
POINT (-73.26311 40.75811),Suffolk Federal Credit Union,1630 5th Avenue,Bay Shore,11706,Suffolk
POINT (-72.79433 40.86764),Teachers Federal Credit Union,460 Country Road 111,Manorville,11949,Nassau
POINT (-73.83159 41.05652),UNISTAR Federal Credit Union,555 Taxter Road,Elmsford,10591,Westchester
POINT (-73.86134 42.64036),State Employees Federal Credit Union,12 Vista Boulevard,Slingerlands,12159,Albany
POINT (-74.92744 42.70119),State Employees Federal Credit Union,169 Main Street,Cooperstown,13326,Otsego
POINT (-73.68902 42.69759),State Employees Federal Credit Union,65 Vandenburgh Avenue,Troy,12180,Rensselaer
POINT (-73.84509 40.73138),Watertown Savings Bank,11109 66TH AVE,FOREST HILLS,11376,Bronx
POINT (-73.7182 42.60523),Trustco Bank N.A. CTF,501 Columbia Turnpike,Rensselaer,12144,Rensselaer
POINT (-76.52577 42.00269),Tioga State Bank,436 Cayuta Avenue,Waverly,14892,Tioga
POINT (-73.98909 40.73408),Wells Fargo ATM,104 East 14th Street,New York,10003,New York
POINT (-73.98161 40.78032),TD Bank N.A.,2109 Broadway,New York,10023,New York
POINT (-76.12203 42.06189),Visions Federal Credit Union,8806 State Route 434,Apalachin,13732,Broome
POINT (-74.10095 40.59194),Santander Bank,1550 Richmond Road,Staten Island,10304,Richmond
POINT (-76.27058 42.12219),Tioga State Bank,1387 State Route 96,Owego,13827,Tioga
POINT (-73.05038 40.86599),Teachers Federal Credit Union,301 Independence Plaza,Selden,11784,Suffolk
POINT (-77.96454 42.12663),Steuben Trust Company,475 North Highland Drive,Wellsville,14895,Allegany
POINT (-73.91883 40.81637),Sterling National Bank of New York,369 East 149th Street,Bronx,10455,Bronx
POINT (-74.15002 41.67931),Walden Savings Bank,2356 State Road 44/55,Gardiner,12525,Ulster
POINT (-74.0005 40.72098),Wells Fargo ATM,463 Broadway,New York,10013,New York
POINT (-76.78953 42.33664),Tompkins Trust Company,100 Main Street,Odessa,14869,Schuyler
POINT (-74.00796 40.67405),Santander Bank,498 Columbia Street,Brooklyn,11231,Kings
POINT (-78.12959 42.76146),Steuben Trust Company,2490 North Main Street,Warsaw,14569,Wyoming
POINT (-73.9941 40.61524),Ridgewood Savings Bank,7124 18th Avenue,Brooklyn,11204,Kings
POINT (-73.84865 42.73288),Sunmark Credit Union,1847 Central Avenue,Albany,12205,Albany
POINT (-73.97473 40.75326),TD Bank N.A.,451 Lexington Avenue,New York,10017,New York
POINT (-73.74263 40.71667),TD Bank N.A.,214-32 Jamaica Avenue,Queens Village,11428,Queens
POINT (-73.98225 40.77055),TD Bank N.A.,1873 Broadway,New York,10023,New York
POINT (-76.56861 42.93199),Savannah Bank N.A.,55 State Street,Auburn,13021,Cayuga
POINT (-73.79142 42.90253),Trustco Bank N.A. CTF,308 Ushers Road,Ballston Lake,12019,Saratoga
POINT (-73.8187 40.99502),TD Bank N.A.,824 Central Park Avenue,Scarsdale,10583,Westchester
POINT (-74.33558 41.3975),Sterling National Bank of New York,60 Matthews Street,Goshen,10924,Orange
POINT (-75.94051 43.97698),Watertown Savings Bank,101 Commerce Park Drive,Watertown,13601,Jefferson
POINT (-73.78436 40.75785),TD Bank N.A.,196-41 Northern Boulvard,Flushing,11358,Queens
POINT (-73.67048 40.99617),TD Bank N.A.,250 Boston Post Road,Port Chester,10573,Westchester
POINT (-73.01597 40.84519),Suffolk Federal Credit Union,1 Independence Hill,Farmingville,11738,Suffolk
POINT (-73.89233 42.13336),The Bank of Greene County,4266 State Route 9G,Germantown,12526,Columbia
POINT (-77.60116 43.20674),"Summit Federal Credit Union, The",2121 Hudson Avenue,Rochester,14617,Monroe
POINT (-76.16113 43.05009),Visions Federal Credit Union,500 West Erie Boulevard,Syracuse,13204,Onondaga
,Trustco Bank N.A. CTF,Curry Road Shopping Center,Schenectady,12306,Schenectady
POINT (-73.67841 41.00496),Sterling National Bank of New York,500 Westchester Avenue,Port Chester,10573,Westchester
POINT (-73.90009 40.70046),Ridgewood Savings Bank,71-02 Forest Avenue,Ridgewood,11385,Queens
POINT (-73.53068 40.87143),Valley National Bank,135 South Street,Oyster Bay,11771,Nassau
POINT (-73.41362 40.77913),TD Bank N.A.,324 South Service Road,Melville,11747,Nassau
POINT (-73.97779 40.75173),TD Bank N.A.,125 Park Avenue,New York,10017,New York
POINT (-73.87217 40.71348),TD Bank N.A.,79-55 Metropolitan Avenue,Middle Village,11379,Queens
POINT (-73.73589 40.77018),Shinhan Bank America,252-20  Northern Boulevard,Little Neck,11362,Queens
POINT (-73.42224 40.7315),Teachers Federal Credit Union,815 Broad Hollow Road,Farmingdale,11735,Nassau
POINT (-73.95908 40.76782),Valley National Bank,1328 Second Avenue,New York,10021,New York
POINT (-73.93274 41.78403),TEG Federal Credit Union,4282 Albany Post Road,Hyde Park,12538,Dutchess
POINT (-73.9877 40.75108),Santander Bank,1350 Broadway,New York,10018,New York
POINT (-76.19223 42.20851),Visions Federal Credit Union,7198 State Route 38,Newark Valley,13811,Tioga
POINT (-73.87712 40.90864),Ridgewood Savings Bank,670 McLean Avenue,Yonkers,10704,Westchester
POINT (-74.16219 40.60358),TD Bank N.A.,1837 Richmond Avenue,Staten Island,10314,Richmond
POINT (-73.32971 40.8999),TD Bank N.A.,647 Main Street,Northport,11768,Nassau
POINT (-74.13227 40.56391),Santander Bank,3150 Amboy Road,Staten Island,10306,Richmond
POINT (-72.66605 40.91915),Suffolk Federal Credit Union,1 Court Street,Riverhead,11901,Suffolk
POINT (-73.85169 42.98854),Trustco Bank N.A. CTF,235 Church Avenue,Ballston Spa,12020,Saratoga
POINT (-73.76979 43.12311),Trustco Bank N.A. CTF,649 Route 9,Saratoga Springs,12866,Saratoga
POINT (-76.10292 43.05608),State Employees Federal Credit Union,107 Simon Drive,Syracuse,13206,Onondaga
POINT (-74.0927 40.58586),Victory State Bank,1762 Hylan Boulevard,Staten Island,10305,Richmond
POINT (-73.45306 44.6994),TD Bank N.A.,136 Margaret Street,Plattsburgh,12901,Clinton
POINT (-75.05898 41.76684),Wayne Bank,3 River Road,Callicoon,12723,Sullivan
POINT (-76.99911 42.85731),USNY Bank,389 Hamilton Street,Geneva,14456,Ontario
POINT (-72.53315 40.87668),Suffolk County National Bank of Riverhead,168 Montauk Highway,Hampton Bays,11946,Suffolk
POINT (-73.90912 41.58294),Ulster Savings Bank,1387 Route 9,Wappingers Falls,12590,Dutchess
POINT (-74.00447 40.70799),TD Bank N.A.,40 Fulton Street,New York,10038,New York
POINT (-73.71178 40.96908),Wells Fargo ATM,291 Halstead Avenue,Harrison,10528,Westchester
POINT (-73.82984 40.95135),Sterling National Bank of New York,21 Scarsdale Road,Yonkers,10707,Westchester
POINT (-73.93166 41.68977),TD Bank N.A.,432 South Road,Poughkeepsie,12601,Dutchess
POINT (-78.78564 43.00197),State Employees Federal Credit Union,"520 Lee Entrance, Suite 101A",Amherst,14228,Erie
POINT (-73.81596 40.78716),TD Bank N.A.,148-08 Cross Island Parkway,Whitestone,11357,Queens
POINT (-78.16782 42.06693),Steuben Trust Company,319 Main Street,Bolivar,14715,Allegany
POINT (-73.91508 41.6162),TD Bank N.A.,1850 South Road,Poughkeepsie,12601,Dutchess
POINT (-73.76609 42.25797),TD Bank N.A.,177 Fairview Avenue --- Route 9,Hudson,12534,Columbia
POINT (-76.27739 43.16051),Seneca Federal Savings and Loan Assoc.,8040 River Road,Baldwinsville,13027,Onondaga
POINT (-74.02258 41.93682),Ulster Federal Credit Union,127 Schwenk Drive,Kingston,12401,Ulster
POINT (-74.00685 40.71349),TD Bank N.A.,258 Broadway,New York,10007,New York
POINT (-76.19754 43.04947),Solvay Bank,527 Charles Ave,Solvay,13209,Onondaga
POINT (-73.98855 41.9661),Trustco Bank N.A. CTF,1218 Ulster Avenue,Kingston,12401,Ulster
POINT (-73.98093 40.68887),TD Bank N.A.,2-4 Flatbush Avenue,Brooklyn,11217,Kings
POINT (-73.99369 40.71544),Valley National Bank,93 CANAL STREET,NEW YORK,10002,New York
POINT (-75.86551 43.0531),School Employees of CNY Federal Credit Union,524 E. Genesee Street,Chittenango,13037,Madison
POINT (-76.49808 42.4404),Tompkins Trust Company,119 East Seneca Street,Ithaca,14850,Tompkins
POINT (-73.42759 40.87106),Wells Fargo ATM,288 Main Street,Huntington,11743,Suffolk
POINT (-73.90129 40.70049),TD Bank N.A.,5801 Myrtle Avenue,Ridgewood,11385,Queens
POINT (-73.78 42.86436),State Employees Federal Credit Union,16 Park Avenue,Clifton Park,12065,Saratoga
POINT (-76.28275 43.14479),Seneca Federal Savings and Loan Assoc.,3275 Cold Springs Road,Baldwinsville,13027,Onondaga
POINT (-73.80797 40.91552),TD Bank N.A.,301 Fifth Avenue,Pelham,10803,Westchester
POINT (-73.95697 40.66491),TD Bank N.A.,1715 Bedford Avenue,Brooklyn,11225,Kings
POINT (-73.47852 40.69173),TD Bank N.A.,1354 Hicksville Road,Massapequa,11758,Nassau
POINT (-73.96109 40.62522),Valley National Bank,1505 Avenue J,Brooklyn,11230,Kings
POINT (-73.80131 42.71983),Trustco Bank N.A. CTF,6 Metro Park Boulevard,Albany,12205,Albany
POINT (-73.9905 40.69351),Sterling National Bank of New York,16 Court Street,Brooklyn,11241,Kings
POINT (-74.39533 41.71768),Sterling National Bank of New York,70 Canal Street,Ellenville,12428,Ulster
POINT (-73.01986 40.82869),Teachers Federal Credit Union,2410 North Ocean Avenue,Farmingville,11738,Suffolk
POINT (-73.68451 40.9829),TD Bank N.A.,38-42 Purchase Street,Rye,10580,Westchester
POINT (-77.44452 43.13107),"Summit Federal Credit Union, The",2146 Penfield Road,Penfield,14526,Monroe
POINT (-76.14854 43.04444),School Employees of CNY Federal Credit Union,515 Montgomery Street,Syracuse,13202,Onondaga
,State Employees Federal Credit Union,5 Empire State Plaza,Albany,12222,Albany
POINT (-73.98978 40.75208),TD Bank N.A.,469 Seventh Avenue,New York,10018,New York
POINT (-73.81203 42.93475),Trustco Bank N.A. CTF,43 Round Lake Road,Ballston Lake,12019,Saratoga
POINT (-73.93945 40.79873),TD Bank N.A.,2144 Third Avenue,New York,10035,New York
POINT (-73.99115 41.14133),Sterling National Bank of New York,179 South Main Street,New City,10956,Rockland
POINT (-73.67487 40.99245),USAlliance Financial,555 Boston Post Road,Port Chester,10573,Westchester
POINT (-73.98127 40.75782),Valley National Bank,71 West 47th Street,New York,10036,New York
POINT (-73.7753 40.78038),Santander Bank,23-56 Bell Boulevard,Bayside,11360,Queens
POINT (-73.9943 41.95243),Ulster Federal Credit Union,807 Ulster Avenue,Kingston,12401,Ulster
POINT (-73.83013 42.37316),The Bank of Greene County,2 Technology Drive,West Coxsackie,12192,Greene
POINT (-73.51707 44.69518),TD Bank N.A.,714 Route 3,Plattsburgh,12901,Clinton
POINT (-73.75952 42.65459),State Employees Federal Credit Union,99 Washington Avenue,Albany,12206,Albany
POINT (-75.39423 42.3089),Sidney Federal Credit Union,42 Union  Street,Sidney,13838,Delaware
POINT (-76.49261 42.53797),Tompkins Trust Company,3109 North Triphammer Road,Lansing,14882,Tompkins
POINT (-73.98715 42.799),Watertown Savings Bank,2748 Maida Lane,Schenectady,12306,New York
POINT (-73.8127 42.65197),Trustco Bank N.A. CTF,415 Whitehall Road,Albany,12208,Albany
POINT (-73.46196 44.04),Ticonderoga Federal Credit Union,43 Meacham Street,Port Henry,12974,Essex
POINT (-73.89375 42.77192),Trustco Bank N.A. CTF,3461 State Street,Schenectady,12304,Schenectady
POINT (-73.96157 40.60337),Soldan Realty Co,2207 Coney Island Avenue,Brooklyn,11223,Kings
POINT (-72.64441 40.81351),Suffolk County National Bank of Riverhead,144 Sunset Avenue,Westhampton Beach,11978,Suffolk
POINT (-73.7559 42.64352),State Employees Federal Credit Union,200 South Pearl Street,Albany,12207,Albany
POINT (-73.80867 40.98876),Webster Bank,17 Popham Road,Scarsdale,10583,Westchester
POINT (-74.38148 41.45557),TD Bank N.A.,468 Route 211 East,Middletown,10940,Orange
POINT (-73.01589 40.76574),Teachers Federal Credit Union,"31 West Main Street, Suite 23",Patchogue,11772,Suffolk
POINT (-73.48313 40.72418),TD Bank N.A.,145 Stewart Avenue,Bethpage,11714,Nassau
POINT (-78.7504 42.91467),Summit Bank,3735 Union Road,Cheektowaga,14225,Erie
POINT (-73.77339 42.65371),State Employees Federal Credit Union,16 New Scotland Avenue,Albany,12208,Albany
POINT (-73.8879 42.69755),State Employees Federal Credit Union,2114 Western Avenue,Guilderland,12203,Albany
POINT (-73.85102 43.04573),Trustco Bank N.A. CTF,2 Triebel Avenue,Ballston Spa,12020,Saratoga
POINT (-76.49307 42.20958),Tioga State Bank,3 South Main Street,Spencer,14883,Tioga
POINT (-74.14847 40.53877),Victory State Bank,4142 Hylan Boulevard,Staten Island,10308,Richmond
POINT (-73.87827 40.75678),Santander Bank,89-01 Northern Boulevard,Jackson Heights,11372,Queens
POINT (-73.65144 40.78851),TD Bank N.A.,111 Mineola Avenue,Roslyn Heights,11577,Nassau
POINT (-74.071079 41.498678),Ulster Savings Bank,1208 Route 300,Newburgh,12550,Orange
POINT (-75.77248 42.33027),Sidney Federal Credit Union,65 Genesee Street,Greene,13778,Chenango
POINT (-75.91301 42.09871),Visions Federal Credit Union,49 Court Street,Binghamton,13901,Broome
POINT (-73.99106 40.72438),TD Bank N.A.,21 East First Street,New York,10003,New York
POINT (-73.88365 40.85795),TD Bank N.A.,640 East Fordham Road,Bronx,10458,Bronx
POINT (-73.6628 43.33144),Trustco Bank N.A. CTF,118 Quaker Road,Queensbury,12804,Warren
POINT (-74.18865 41.56127),Walden Savings Bank,2 Bank Street,Walden,12586,Orange
POINT (-73.98743 40.75244),TD Bank N.A.,1375 Broadway,New York,10018,New York
POINT (-73.99323 40.73341),TD Bank N.A.,80 University Place,New York,10003,New York
POINT (-73.96711 40.80378),TD Bank N.A.,2831 Broadway,New York,10025,New York
,The Bank of Greene County,Ski Bowl Road,Hunter,12442,Greene
POINT (-73.8961 40.75472),TD Bank N.A.,70-05 Northern Boulevard,Jackson Heights,11372,Queens
POINT (-73.76087 42.72825),Trustco Bank N.A. CTF,602 New Loudon Road,Latham,12110,Albany
POINT (-73.96228 40.61776),Valley National Bank,1212  Avenue M,Brooklyn,11230,Kings
POINT (-76.02225 43.82337),Watertown Savings Bank,10729  US Route 12E,Adams,13605,Jefferson
POINT (-76.05002 43.02962),Solvay Bank,6828 East Genesee Street,Fayetteville,13066,Onondaga
POINT (-73.19283 40.76437),Suffolk Federal Credit Union,3 Courthouse Drive,Central Islip,11722,Suffolk
POINT (-73.99087 40.73427),Santander Bank,841 Broadway,New York,10003,New York
POINT (-74.98766 44.68073),Sea Comm Federal Credit Union,6 Sisson Street,Potsdam,13676,St. Lawrence
POINT (-74.72155 41.78431),Wayne Bank,1972 Route 52 East,Liberty,12754,Sullivan
POINT (-76.02932 42.09145),Tioga State Bank,1250 Vestal Parkway East,Vestal,13850,Broome
POINT (-73.90879 41.69783),TD Bank N.A.,707 Main Street &,Poughkeepsie,12601,Dutchess
POINT (-73.86042 40.83599),Santander Bank,1416 East Avenue,Bronx,10462,Bronx
POINT (-73.8929 42.815),Trustco Bank N.A. CTF,1475 Balltown Road,Niskayuna,12309,Schenectady
POINT (-76.85398 42.15921),Visions Federal Credit Union,1643 County Road 64,Horseheads,14845,Chemung
POINT (-73.68601 42.72868),School Employees of CNY Federal Credit Union,1600 7th Avenue,Troy,12118,Rensselaer
POINT (-77.78261 42.26309),ServU Federal Credit Union,180 North Main Street,Alfred,14802,Allegany
POINT (-73.30105 40.8291),Teachers Federal Credit Union,68 Hauppauge Road,Commack,11725,Suffolk
POINT (-73.19433 40.80486),Suffolk Federal Credit Union,1282 Motor Parkway,Islandia,11749,Suffolk
POINT (-75.16442 42.34147),Wayne Bank,536 Main Street,Franklin,13775,Franklin
POINT (-73.89272 42.81563),TD Bank N.A.,2301 Nott Streeet,East Niskayuna,12309,Schenectady
POINT (-74.29757 41.60332),Walden Savings Bank,50 Boniface Drive,Pine Bush,12566,Orange
POINT (-73.66093 40.71583),Valley National Bank,339 Nassau Boulevard,Garden City South,11530,Nassau
POINT (-73.60712 42.64358),Trustco Bank N.A. CTF,3703 NY Route 43,West Sand Lake,12196,Rensselaer
POINT (-73.90391 40.77054),Ridgewood Savings Bank,43-14 Ditmars Boulevard,Astoria,11105,Queens
POINT (-73.68722 42.42544),Trustco Bank N.A. CTF,2929 Route 9,Valatie,12184,Columbia
POINT (-73.97324 40.75242),Santander Bank,711 Third Avenue,New York,10017,New York
POINT (-73.52651 40.77457),TD Bank N.A.,225 North Broadway,Hicksville,11801,Nassau
POINT (-73.48112 44.50532),TD Bank N.A.,1744 Route 22,Keeseville,12944,Clinton
POINT (-74.17863 41.31982),TD Bank N.A.,515 Route 17M,Monroe,10950,Orange
POINT (-74.00487 40.62276),Ridgewood Savings Bank,7020 13th Avenue,Brooklyn,11228,Kings
POINT (-77.79684 42.79772),Steuben Trust Company,11 Megan Drive,Geneseo,14454,Livingston
POINT (-76.30936 43.03893),Solvay Bank,56 Genesee Street,Camillus,13031,Onondaga
POINT (-73.25714 40.73359),Teachers Federal Credit Union,3rd Avenue and Sunrise Highway,Bay Shore,11706,Suffolk
,Suffolk Federal Credit Union,Captree Commons/Student Lounge,Brentwood,11717,Suffolk
POINT (-73.99534 40.72712),TD Bank N.A.,666 Broadway,New York,10012,New York
POINT (-73.8307 42.62303),TD Bank N.A.,343 Delaware Avenue,Delmar,12054,Albany
POINT (-73.93406 42.83592),Trustco Bank N.A. CTF,1 Sarnowski Drive,Glenville,12302,Schenectady
POINT (-76.26081 42.10301),Tioga State Bank,18 Lake Street,Owego,13827,Tioga
POINT (-73.31975 40.85891),Teachers Federal Credit Union,556 Larkfield Road,East Northport,11731,Suffolk
POINT (-74.23326 40.5162),Santander Bank,6975 Amboy Road,Staten Island,10307,Richmond
POINT (-77.56897 43.13108),"Summit Federal Credit Union, The",1660 Monroe Avenue,Rochester,14618,Monroe
POINT (-73.838477 43.023659),Trustco Bank N.A. CTF,Route 50,Saratoga Springs,12866,Saratoga
POINT (-73.59734 44.21297),Ticonderoga Federal Credit Union,7519 Court Street,Elizabethtown,12932,Essex
POINT (-73.0526 40.93058),Teachers Federal Credit Union,450 Route 112,Jefferson Station,11776,Suffolk
POINT (-73.64341 43.30845),Trustco Bank N.A. CTF,100 Glen Street,Glens Falls,12801,Warren
POINT (-73.78151 42.86079),Trustco Bank N.A. CTF,7 Clifton Country Road,Clifton Park,12065,Saratoga
POINT (-73.98117 42.28911),The Bank of Greene County,230 Matthew Simon Road,Cairo,12413,Greene
POINT (-73.70899 43.41033),Trustco Bank N.A. CTF,4066 Route 9L,Lake George,12845,Warren
POINT (-73.97124 40.60901),Santander Bank,440 Avenue P,Brooklyn,11223,Kings
POINT (-73.98949 40.7695),TD Bank N.A.,524 West 57th Street,New York,10019,New York
POINT (-73.961771 40.607372),TD Bank N.A.,1122-1126 Kings Highway,Brooklyn,11229,Kings
POINT (-77.30602 42.35076),ServU Federal Credit Union,7215 State Route 54,Bath,14810,Steuben
POINT (-76.04464 42.10402),Visions Federal Credit Union,24 McKinley Avenue,Endicott,13760,Broome
POINT (-75.48001 42.29305),Sidney Federal Credit Union,16 South Main Street,Bainbridge,13733,Chenango
POINT (-76.43977 43.03668),School Employees of CNY Federal Credit Union,227 E. Main Street,Elbridge,13060,Onondaga
POINT (-73.48036 40.66663),TD Bank N.A.,4126 Merrick Road,Massapequa,11758,Nassau
POINT (-73.1946 40.85502),Teachers Federal Credit Union,One West Main Street,Smithtown,11787,Suffolk
POINT (-74.78041 42.191),Wayne Bank,314 Main Street,Andes,13731,Delaware
POINT (-73.74205 40.76554),TD Bank N.A.,244-05 Northern Boulevard,Little Neck,11362,Queens
POINT (-74.00937 41.54649),Walden Savings Bank,5239 Route 9W North,Newburgh,12550,Orange
POINT (-73.10882 40.78368),Suffolk County National Bank of Riverhead,3880 Veterans Memorial Highway,Bohemia,11716,Suffolk
POINT (-73.97027 40.76209),TD Bank N.A.,475 Park Avenue South,New York,10022,New York
POINT (-73.35645 40.72125),Suffolk County National Bank of Riverhead,955 Little East Neck Road,West Babylon,11704,Suffolk
POINT (-76.12683 44.06483),Watertown Savings Bank,12221 NYS Route 12E,Chaumont,13622,Jefferson
POINT (-73.80474 40.70715),TD Bank N.A.,150-50 Hillside Avenue,Jamaica,11423,Queens
POINT (-73.80417 40.72155),TD Bank N.A.,164-06 Union Turnpike,Fresh Meadows,11365,Queens
POINT (-73.87978 42.21291),The Bank of Greene County,100 Catskill Commons,Catskill,12414,Greene
POINT (-73.8791 40.97008),Suma Yonker Federal Credit Union,125 Corporate Boulevard,Yonkers,10701,Westchester
POINT (-73.77655 40.91339),Webster Bank,2 River Street,New Rochelle,10801,Westchester
POINT (-75.85458 42.93021),School Employees of CNY Federal Credit Union,41 Albany Street,Cazenovia,13035,Madison
POINT (-73.99121 41.13767),TD Bank N.A.,275 South Main Street (New City),Clarkstown,10956,Rockland
POINT (-75.28329 41.95439),Sidney Federal Credit Union,70 West Front Street,Hancock,13783,Delaware
POINT (-73.97246 40.65163),TD Bank N.A.,210-212 Prospect Park SW,Brooklyn,11218,Kings
POINT (-73.98382 40.76179),TD Bank N.A.,1633 Broadway,New York,10019,New York
POINT (-76.20332 43.06008),Solvay Bank,110 Freeman Avenue,Solvay,13209,Onondaga
POINT (-73.65766 40.74385),Wells Fargo ATM,2499 Jericho Turnpike,Garden City Park,11040,Nassau
POINT (-76.33319 43.15926),Seneca Federal Savings and Loan Assoc.,35 Oswego Street,Baldwinsville,13027,Onondaga
POINT (-73.93281 42.8701),Sunmark Credit Union,251 Saratoga Road,Glenville,12302,Schenectady
POINT (-73.99581 40.74417),TD Bank N.A.,202 West 23rd Street,New York,10011,New York
POINT (-73.90618 41.58958),Trustco Bank N.A. CTF,1490 Route 9,Wappingers Falls,12590,Dutchess
POINT (-73.98494 40.73958),TD Bank N.A.,131 East 23rd Street,New York,10010,New York
POINT (-73.29453 40.69431),Teachers Federal Credit Union,1000 Montauk Highway,West Islip,11795,Suffolk
POINT (-73.9901 40.73243),Valley National Bank,111 FOURTH AVENUE,NEW YORK,10003,New York
POINT (-73.81195 40.71907),Santander Bank,150-28 Union Turnpike,Flushing,11367,Queens
POINT (-76.05262 42.09663),Visions Federal Credit Union,628 East Main Street,Endicott,13760,Broome
POINT (-72.73323 40.82722),Suffolk Federal Credit Union,5 Eastport Manor Road,Eastport,11941,Suffolk
POINT (-74.59712 41.76023),USAlliance Financial,390 Route 52,Woodbourne,12788,Sullivan
POINT (-73.9546 42.78052),Trustco Bank N.A. CTF,1900 Altamont Avenue,Rotterdam,12303,Schenectady
POINT (-74.00079 40.74213),Valley National Bank,159 EIGHTH AVENUE,NEW YORK,10011,New York
POINT (-73.00745 40.76636),TD Bank N.A.,251 East Main Street,Patchogue,11772,Suffolk
POINT (-73.65524 43.55661),TD Bank N.A.,4945 Lake Shore Drive,Bolton Landing,12814,Warren
POINT (-73.40579 40.66835),Suffolk County National Bank of Riverhead,400 Merrick Road,Amityville,11701,Suffolk
POINT (-76.97973 42.86637),"Savings Bank of the Finger Lakes, FSB",41 Lakefront DRive,Geneva,14456,Ontario
POINT (-74.11293 40.56573),Santander Bank,2700 Hylan Boulevard,Staten Island,10306,Richmond
POINT (-73.34587 40.70469),Ridgewood Savings Bank,50 Route 109,West Babylon,11704,Suffolk
POINT (-74.35774 41.3348),Walden Savings Bank,95 North Main Street,Florida,10921,Orange
POINT (-77.60654 43.0777),"Summit Federal Credit Union, The",2087 East Henrietta Road,Rochester,14623,Monroe
POINT (-73.97343 40.75944),Santander Bank,45 East 53rd Street,New York,10022,New York
POINT (-73.80908 41.33252),TD Bank N.A.,3660 Lee Road,Jefferson Valley,10535,Westchester
POINT (-74.1623 40.54491),TD Bank N.A.,4401 Amboy Road,Staten Island,10312,Richmond
POINT (-78.69598 43.00189),"Summit Federal Credit Union, The",5641 Transit Road,East Amherst,14051,Erie
POINT (-73.83507 40.70714),TD Bank N.A.,116-24 Metropolitan Avenue,Richmond Hill,11418,Queens
POINT (-73.08088 40.73826),Suffolk County National Bank of Riverhead,161 North Main Street,Sayville,11782,Suffolk
POINT (-73.91189 40.77452),Santander Bank,22-59 31st Street,Long Island City,11105,Queens
POINT (-74.11404 42.03887),Ulster Savings Bank,68 Mill Hill Road,Woodstock,12498,Ulster
POINT (-73.98382 40.76179),TD Bank N.A.,1633 Broadway,New York,10019,New York
POINT (-73.98715 42.799),Watertown Savings Bank,2748 MAIDA LANE,SCHENECTADY,12306,New York
POINT (-74.01414 41.09687),TD Bank N.A.,104 Market Street,Nanuet,10954,Rockland
POINT (-73.66525 40.70695),TD Bank N.A.,690 Hempstead Turnpike,Franklin Square,11010,Nassau
POINT (-74.92163 42.26981),Sidney Federal Credit Union,5 Main Street,Delhi,13753,Delaware
POINT (-76.23055 43.14896),Seneca Federal Savings and Loan Assoc.,7799 Oswego Road,Liverpool,13090,Onondaga
,Valley National Bank,740 Vets Highway,Hauppauge,11788,Suffolk
POINT (-75.06344 42.44814),USNY Bank,34-36 Main Street,Oneonta,13820,Otsego
POINT (-76.04553 43.0277),Tompkins Trust Company,6872 East Genesee Street,Fayetteville,13066,Onondaga
POINT (-73.82374 40.7758),Ridgewood Savings Bank,25-29 Parsons Boulevard,Flushing,11354,Queens
POINT (-73.98213 40.67419),TD Bank N.A.,269 5th Avenue,Park Slope,11215,Kings
POINT (-73.08058 40.7654),Teachers Federal Credit Union,5439 Sunrise Highway,Holbrook,11741,Suffolk
POINT (-73.7023 40.772),Sperry Associates Federal Credit Union,600 Community Drive,Manhasset,11030,Nassau
POINT (-76.33801 43.16784),School Employees of CNY Federal Credit Union,80 Smokey Hollow Road,Baldwinsville,13027,Onondaga
POINT (-73.55875 40.77787),TD Bank N.A.,6060 Brush Hollow Road,Westbury,11590,Nassau
POINT (-75.90068 42.14982),Visions Federal Credit Union,1139 Upper Front Street,Binghamton,13901,Broome
POINT (-73.73723 40.95824),Sterling National Bank of New York,875 Mamaroneck Avenue,Mamaroneck,10543,Westchester
POINT (-73.49728 40.81049),TD Bank N.A.,540 Jericho Turnpike,Syosset,11791,Nassau
POINT (-73.78491 41.12675),Sterling National Bank of New York,501 Marble Avenue,Pleasantville,10570,Westchester
POINT (-72.67052 40.93533),Suffolk County National Bank of Riverhead,1201 Ostrander Avenue,Riverhead,11901,Suffolk
POINT (-74.00872 40.71949),Santander Bank,108 Hudson Street,New York,10013,New York
POINT (-74.89412 44.93166),Sea Comm Federal Credit Union,35 Andrews St,Massena,13662,St. Lawrence
POINT (-73.49978 43.09052),Trustco Bank N.A. CTF,131 Main Street,Greenwich,12834,Washington
POINT (-73.95203 40.72597),Santander Bank,717 Manhattan Avenue,Brooklyn,11222,Kings
POINT (-72.97754 40.94345),Suffolk Federal Credit Union,691 Route 25A,Miller Place,11764,Suffolk
POINT (-73.41734 40.68371),Teachers Federal Credit Union,355 Broadway Route 110,Amityville,11701,Suffolk
POINT (-73.68385 42.91036),Trustco Bank N.A. CTF,9 Price Chopper Plaza,Mechanicville,12118,Rensselaer
POINT (-73.81993 40.72233),TD Bank N.A.,76-02 Main Street,Kew Gardens,11367,Queens
POINT (-76.98332 42.85663),"Savings Bank of the Finger Lakes, FSB",51 St Clair Street,Geneva,14456,Ontario
POINT (-73.66977 43.36991),Trustco Bank N.A. CTF,9 Lake George Plaza Road,Lake George,12845,Warren
POINT (-73.94947 40.78501),TD Bank N.A.,1709 Third Avenue,New York,10128,New York
POINT (-74.02279 41.93681),Rondout Savings Bank,130 Schwenck Drive,Kingston,12401,Ulster
POINT (-73.96262 40.63458),Santander Bank,23 Newkirk Plaza,Brooklyn,11226,Kings
POINT (-74.15426 41.62024),USAlliance Financial,1296 Route 208,Wallkill,12589,Orange
POINT (-73.97848 40.7512),Valley National Bank,100 Park Avenue,New York,10017,New York
POINT (-74.01956 41.93327),Ulster Savings Bank,280 Wall Street,Kingston,12401,Ulster
POINT (-73.94172 42.7866),Sunmark Credit Union,1300 Altamont Avenue,Rotterdam,12303,Schenectady
POINT (-74.05748 41.45444),TD Bank N.A.,Routes 300 & 94,New Windsor,12553,Orange
POINT (-72.54068 40.87195),TD Bank N.A.,191 West Montauk Highway,Hampton Bays,11946,Suffolk
POINT (-75.45491 43.24036),"Rome Savings Bank, FSB",7812 Turin Rd.,Rome,13440,Oneida
POINT (-73.96742 40.76039),TD Bank N.A.,953 Third Avenue,New York,10022,New York
POINT (-76.46302 42.43672),Tompkins Trust Company,1012 Ellis Hollow Road,Ithaca,14850,Tompkins
POINT (-73.79127 42.66565),Trustco Bank N.A. CTF,1084 Madison Avenue,Albany,12208,Albany
POINT (-73.76998 42.86216),Sunmark Credit Union,2 Tower Way,Clifton Park,12065,Saratoga
POINT (-73.76364 42.66212),State Employees Federal Credit Union,388 Clinton Avenue,Albany,12206,Albany
POINT (-73.78644 42.24949),Trustco Bank N.A. CTF,507 Warren Street,Hudson,12534,Columbia
POINT (-78.69607 42.96663),State Employees Federal Credit Union,4375 Transit Road,Williamsville,14221,Erie
POINT (-73.81353 41.07558),Trustco Bank N.A. CTF,100 Clearbrook Road,Elmsford,10523,Westchester
POINT (-73.95458 40.778),TD Bank N.A.,1504 Third Avenue,New York,10028,New York
POINT (-73.93105 41.71814),TEG Federal Credit Union,11 Marist Drive (256 North Road),Poughkeepsie,12601,Dutchess
POINT (-73.76341 41.02588),TD Bank N.A.,285 Mamaroneck Avenue,White Plains,10605,Westchester
POINT (-73.93133 41.78116),TD Bank N.A.,4240 Albany Post Road,Hyde Park,12538,Dutchess
POINT (-73.98993 41.13919),Sterling National Bank of New York,254 South Main Street,New City,10956,Rockland
POINT (-73.76518 40.7607),TD Bank N.A.,216-10 Northern Boulevard,Bayside,11361,Queens
POINT (-73.92771 42.80136),Trustco Bank N.A. CTF,1048 State Street,Schenectady,12305,Schenectady
POINT (-77.61295 43.1556),Upstate National Bank,One West Main Street,Rochester,14614,Monroe
POINT (-73.83867 40.65394),TD Bank N.A.,162-02 Cross Bay Boulevard,Howard Beach,11414,Queens
POINT (-73.59605 40.70099),Summit Bank,Jerusalem Road and Meadowbrook,Uniondale,11553,Nassau
POINT (-73.98715 42.799),Watertown Savings Bank,2748 MAIDA LANE,SCHENECTADY,12306,Monroe
,WSB Municipal Bank,Boldt Castle,Alexandria Bay,13607,Jefferson
POINT (-73.99342 40.73627),TD Bank N.A.,90 Fifth Avenue,New York,11011,New York
POINT (-73.99017 40.5997),Santander Bank,2357 86th Street,Brooklyn,11214,Kings
POINT (-73.97916 40.75297),Santander Bank,330 Madison Avenue,New York,10017,New York
POINT (-73.06241 40.91113),TD Bank N.A.,86 West Nesconset Highway,Port Jefferson,11776,Suffolk
POINT (-74.14149 40.62464),TD Bank N.A.,1600 Forest Avenue,Staten Island,10302,Richmond
POINT (-73.99672 40.75108),USAlliance Financial,350 West 31st Street,New York,10001,New York
POINT (-74.48428 42.67801),State Employees Federal Credit Union,567 Main Street,Cobleskill,12043,Schoharie
POINT (-74.02269 40.62939),Santander Bank,7500 Fifth Avenue - Bay Ridge Parkway # 25,Brooklyn,11209,Kings
POINT (-73.99094 40.71727),TD Bank N.A.,314 Grand Street,New York,10002,New York
POINT (-73.84079 40.96098),TD Bank N.A.,1820 Central Park Avenue,Yonkers,10710,Westchester
POINT (-73.86238 40.88438),Ridgewood Savings Bank,3824 White Plains Road,Bronx,10467,Bronx
POINT (-73.94537 40.63086),TD Bank N.A.,1623 Flatbush Avenue,Brooklyn,11210,Kings
POINT (-73.99412 40.6021),TD Bank N.A.,2173 86th Street,Brooklyn,11214,Kings
POINT (-73.99222 40.68964),Santander Bank,215 Atlantic Avenue,Brooklyn,11201,Queens
POINT (-73.50175 43.09128),TD Bank N.A.,146 Main Street,Greenwich,12834,Washington
POINT (-74.91363 41.93199),Wayne Bank,43 Stewart Avenue,Roscoe,12776,Sullivan
POINT (-77.443 43.06839),"Summit Federal Credit Union, The",665 Moseley Road,Perinton,14450,Monroe
POINT (-74.21952 41.48288),Wallkill Valley FS & LA,205 Homestead Avenue,Maybrook,12543,Orange
POINT (-72.96173 40.94527),Suffolk County National Bank of Riverhead,159-21 Route 25A,Miller Place,11764,Suffolk
POINT (-73.98961 40.70305),Santander Bank,40 Washington Street,Brooklyn,11201,Queens
POINT (-73.31996 40.86305),TD Bank N.A.,517 Larkfield Road,East Northport,11731,Suffolk
POINT (-73.30041 40.84186),TD Bank N.A.,6190 Jericho Turnpike,Commack,11725,Suffolk
POINT (-73.78075 41.12379),TD Bank N.A.,241 Marble Avenue,Thornwood,10594,Westchester
POINT (-73.2112 40.73041),Suffolk Federal Credit Union,655 Main Street,Islip,11751,Suffolk
POINT (-74.02277 42.70376),State Employees Federal Credit Union,763 Main Street,Altamont,12009,Albany
POINT (-73.30265 40.84175),Suffolk Federal Credit Union,6150 Jericho Turnpike,Commack,11725,Suffolk
POINT (-73.85141 40.95409),Sterling National Bank of New York,35 East Grassy Sprain Road,Yonkers,10710,Westchester
POINT (-74.16732 40.58207),Santander Bank,2655 Richmond Avenue,Staten Island,10314,Richmond
POINT (-73.89476 41.52881),TD Bank N.A.,18 Westage Drive,Fishkill,12524,Dutchess
POINT (-73.78942 42.60318),State Employees Federal Credit Union,384 Route 9W,Glenmont,12077,Albany
POINT (-77.09478 43.04894),W.C.T.A Federal Credit Union,205 North Main Street,Newark,14513,Wayne
POINT (-74.23535 40.52136),TD Bank N.A.,126 Page Avenue,Staten Island,10309,Richmond
,Watervliet Arsenal Federal Credit Union,Building 40,Watervliet,12189,Albany
POINT (-73.828552 41.607323),TEG Federal Credit Union,900 Route 376,Wappingers Falls,12590,Dutchess
POINT (-73.91126 40.56076),Ridgewood Savings Bank,202-16 Rockaway Point Boulevard,Breezy Point,11697,Queens
POINT (-73.6228 40.70533),TD Bank N.A.,252 Peninsula Boulevard,Hempstead,11550,Nassau
POINT (-73.95862 40.65007),Santander Bank,893 Flatbush Ave,Brooklyn,11226,Kings
POINT (-73.96384 41.71377),Trustco Bank N.A. CTF,3580 Route 9W,Highland,12528,Ulster
POINT (-71.94404 41.03448),Suffolk County National Bank of Riverhead,746 Montauk Highway,Montauk,11954,Suffolk
POINT (-73.77839 40.89699),Ridgewood Savings Bank,382 Pelham Road,New Rochelle,10805,Westchester
POINT (-77.58204 43.16198),Visions Federal Credit Union,1130 Main Street East,Rochester,14609,Monroe
POINT (-73.89209 40.74892),TD Bank N.A.,73-14 37th Avenue,Jackson Heights,11372,Queens
POINT (-73.15779 40.88647),TD Bank N.A.,621 Lake Avenue,Saint James,11780,Suffolk
POINT (-73.46659 40.77742),TD Bank N.A.,1100 Old County Road,Plainview,11803,Nassau
POINT (-73.10354 40.8836),Teachers Federal Credit Union,260A Pond Path,South Setauket,11720,Suffolk
POINT (-73.25929 43.40804),TD Bank N.A.,6 Main Street,Granville,12832,Washington
POINT (-73.98529 40.75321),Valley National Bank,1040 SIXTH AVENUE,NEW YORK,10018,New York
POINT (-76.12254 43.94839),Watertown Savings Bank,304 West Main Street,Sackets Harbor,13685,Jefferson
POINT (-77.79023 42.25867),Steuben Trust Company,10 Upper College Drive,Alfred,14803,Allegany
POINT (-74.0744 41.74449),Ulster Savings Bank,226 Main Street,New Paltz,12561,Ulster
POINT (-73.34587 40.70469),Suffolk Federal Credit Union,50-108 Route 109,West Babylon,11704,Suffolk
POINT (-73.94756 42.79876),Trustco Bank N.A. CTF,959 Crane Street,Schenectady,12303,Schenectady
POINT (-73.80848 42.68561),State Employees Federal Credit Union,700 Patroon Creek Blvd,Albany,12206,Albany
POINT (-73.973 40.7614),TD Bank N.A.,555 Madison Avenue,New York,10022,New York
POINT (-73.09784 40.78969),Suffolk Federal Credit Union,100 Arrivals Avenue,Ronkonoma,11779,Suffolk
POINT (-73.98828 41.9693),Rondout Savings Bank,1296 Ulster Avenue,Kingston,12401,Ulster
POINT (-76.1253 43.15261),Solvay Bank,7895 Brewerton Road,Cicero,13039,Onondaga
POINT (-73.88278 40.88138),Ridgewood Savings Bank,3445 Jerome Avenue,Bronx,10467,Bronx
POINT (-73.99406 40.73129),Santander Bank,43 East 8th Street,New York,10003,New York
POINT (-73.81598 42.46586),The Bank of Greene County,2494 Route 9W,Ravena,12143,Albany
POINT (-74.00273 40.7393),TD Bank N.A.,122 Greenwich Avenue,New York,10011,New York
POINT (-73.98675 41.21794),Sterling National Bank of New York,153 South Liberty Drive,Stony Point,10980,Rockland
POINT (-73.86503 42.21801),Trustco Bank N.A. CTF,345 Main Street,Catskill,12414,Greene
POINT (-73.72681 41.20355),TD Bank N.A.,193 East Main Street,Mount Kisco,10549,Westchester
POINT (-73.82568 40.90094),TD Bank N.A.,229 East Sanford Boulevard,Mount Vernon,10550,Westchester
POINT (-74.35907 41.25758),TD Bank N.A.,51 Main Street,Warwick,10990,Orange
POINT (-73.35104 42.90008),Trustco Bank N.A. CTF,47 Main Street,Hoosick Falls,12090,Rensselaer
POINT (-73.50803 40.69316),TD Bank N.A.,1200 Wantagh Avenue,Wantagh,11793,Nassau
,Sterling National Bank of New York,68 H Bushville Road,Harris,12742,Sullivan
POINT (-73.65726 40.59122),TD Bank N.A.,550 Long Beach Boulevard,Long Beach,11561,Nassau
POINT (-76.50066 42.20962),Visions Federal Credit Union,95 Orchard Street,Spencer,14883,Tioga
POINT (-73.94507 41.15067),Sterling National Bank of New York,1 Lake Road West,Congers,10920,Rockland
POINT (-76.8105 42.09),Visions Federal Credit Union,312 College Avenue,Elmira,14901,Chemung
POINT (-73.98272 41.15803),Trustco Bank N.A. CTF,20 Squadron Boulevard,New City,10956,Rockland
POINT (-73.64624 40.76395),TD Bank N.A.,700 Willis Avenue,Williston,11596,Nassau
POINT (-73.58605 43.29271),TD Bank N.A.,14 Main Street,Hudson Falls,12839,Washington
POINT (-73.68342 42.73095),State Employees Federal Credit Union,110 8th Street,Troy,12180,Rensselaer
POINT (-73.91829 40.81624),Santander Bank,389 East 149th Street,Bronx,10455,Bronx
POINT (-73.94912 40.80293),Wells Fargo ATM,143 Lenox Avenue,New York,10026,New York
POINT (-73.93267 41.74666),TD Bank N.A.,1946 Campus Drive,Hyde Park,12538,Dutchess
POINT (-73.84261 40.72063),TD Bank N.A.,108-36/50 Queens Boulevard,Forest Hills,11375,Queens
POINT (-73.87324 40.9082),Webster Bank,760 McLean Avenue,Yonkers,10704,Westchester
POINT (-73.72183 41.21597),Wells Fargo ATM,195 North Bedford Road,Mount Kisco,10549,Westchester
POINT (-73.81864 42.71176),Trustco Bank N.A. CTF,34 Wolf Road,Albany,12205,Albany
POINT (-73.85331 42.73322),Trustco Bank N.A. CTF,1892 Central Avenue,Albany,12205,Albany
POINT (-72.66359 40.91891),Suffolk County National Bank of Riverhead,6 West Second Street,Riverhead,11901,Suffolk
POINT (-74.03324 40.6133),TD Bank N.A.,9904 Fourth Avenue,Brooklyn,11209,Kings
POINT (-73.81383 41.06497),TD Bank N.A.,300 Saw Mill River Road,Elmsford,10523,Westchester
POINT (-73.93676 41.27056),Trustco Bank N.A. CTF,20 Welcher Avenue,Peekskill,10566,Westchester
POINT (-75.13151 42.16909),Sidney Federal Credit Union,3 Liberty Street,Walton,13856,Delaware
POINT (-74.00569 40.65259),TD Bank N.A.,987 Fourth Avenue,Brooklyn,11232,Kings
POINT (-74.07688 40.64203),Santander Bank,15 Hyatt Street,Staten Island,10301,Richmond
POINT (-72.66853 40.91207),Suffolk Federal Credit Union,100 CENTER DRIVE SOUTH,RIVERHEAD,11901,Suffolk
POINT (-73.86309 40.72892),Valley National Bank,94-05 63RD DRIVE,REGO PARK,11374,Queens
POINT (-73.87052 40.70966),Valley National Bank,6920 80TH STREET,MIDDLE VILLAGE,11379,Queens
POINT (-77.77744 42.4613),Steuben Trust Company,37 Main Street,Canaseraga,14822,Allegany
POINT (-76.26841 43.05586),"Summit Federal Credit Union, The",130 Township Boulevard,Camillus,13031,Onondaga
POINT (-73.09329 40.82961),TD Bank N.A.,474 Portion Road,Lake Ronkonkoma,11779,Nassau
POINT (-73.58449 42.90686),Trustco Bank N.A. CTF,2 Main Street,Schaghticoke,12154,Rensselaer
POINT (-76.508 42.42875),Tompkins Trust Company,775 South Meadow Street,Ithaca,14850,Tompkins
POINT (-73.39321 40.85955),Teachers Federal Credit Union,770 Park Avenue,Huntington,11743,Suffolk
POINT (-73.83051 40.76034),TD Bank N.A.,38-19 Main Street,Flushing,11354,Queens
POINT (-73.76684 41.03348),Sterling National Bank of New York,40 Church Street,White Plains,10601,Westchester
POINT (-73.36902 40.86369),TD Bank N.A.,460 Pulaski Road,Greenlawn,11740,Suffolk
POINT (-73.95945 40.77998),TD Bank N.A.,1133 Madison Avenue,New York,10028,New York
POINT (-74.01352 41.0975),Sterling National Bank of New York,44 West Route 59,Nanuet,10954,Rockland
POINT (-73.63785 40.73882),Valley National Bank,222 Old Country Road,Mineola,11501,Nassau
POINT (-73.82616 40.6899),Santander Bank,118-11 101st Avenue,South Richmond Hill,11419,Queens
,Sterling National Bank of New York,5 New Hope Community Drive,Loch Sheldrake,12759,Sullivan
POINT (-73.98322 40.7474),Wells Fargo ATM,180 Madison Avenue,New York,10016,New York
POINT (-73.94159 40.6003),TD Bank N.A.,2944 Gravesend Neck Rd,Brooklyn,11229,Kings
POINT (-73.97001 40.76282),TD Bank N.A.,500 Park Ave,New York,10022,New York
POINT (-73.03833 40.80958),Teachers Federal Credit Union,5000 Corporate Drive,Holtsville,11742,Suffolk
POINT (-73.98228 40.77539),TD Bank N.A.,1995 Broadway,New York,10023,New York
POINT (-75.91764 44.33662),Watertown Savings Bank,4 Market Street,Alexandria Bay,13607,Jefferson
POINT (-73.07941 40.7388),Suffolk Federal Credit Union,213-215 North Main Street,Sayville,11782,Suffolk
POINT (-73.63799 40.64566),TD Bank N.A.,247 Long Beach Road,Oceanside,11572,Nassau
POINT (-74.00521 40.72008),Skyline Federal Credit Union,32 Avenue of the Americas,New York,10013,New York
POINT (-73.51092 40.67152),TD Bank N.A.,3222 Sunrise Highway,Wantagh,11793,Nassau
POINT (-75.15138 44.59678),Sea Comm Federal Credit Union,101 East Main Street,Canton,13617,St. Lawrence
POINT (-73.99143 40.61791),TD Bank N.A.,6628 18th Avenue,Brooklyn,11204,Kings
POINT (-74.12488 40.61294),Santander Bank,1837 Victory Boulevard,Staten Island,10314,Richmond
POINT (-74.04513 42.5149),The Bank of Greene County,593 Route 143,Westerlo,12193,Albany
POINT (-77.60605 43.24905),"Summit Federal Credit Union, The",100 Marina Drive,Rochester,14626,Monroe
POINT (-73.83367 43.248),TD Bank N.A.,97 Main Street,Corinth,12822,Saratoga
POINT (-73.97961 40.74657),Santander Bank,250 Lexington Avenue,New York,10016,New York
POINT (-77.70515 43.19372),Rochester & Monroe Co. Employees Federal Credit Union,1555 Long Pond Rd.,Rochester,14626,Monroe
POINT (-73.96406 41.61655),Sawyer Savings Bank,3 Riverview Drive,Marlboro,12542,Ulster
POINT (-73.83841 40.65288),Santander Bank,162-38 Cross Bay Boulevard,Howard Beach,11414,Queens
POINT (-74.11404 42.03887),TD Bank N.A.,68 Mill Hill Road,Woodstock,12498,Ulster
POINT (-73.96543 40.69338),TD Bank N.A.,490 Myrtle Avenue,Fort Greene,11205,Kings
POINT (-73.4212 40.75469),Valley National Bank,27 Smith Street,Farmingdale,11735,Nassau
POINT (-74.0101 41.19653),TD Bank N.A.,81 West Ramapo Road,Garnerville,10923,Rockland
POINT (-76.00761 42.09504),Visions Federal Credit Union,2521 Vestal Parkway East,Vestal,13850,Broome
POINT (-74.11686 41.11266),Sterling National Bank of New York,196 Route 59,Airmont,10901,Rockland
POINT (-73.41421 40.77698),TD Bank N.A.,45 Melville Park Road,Melville,11747,Suffolk
POINT (-73.98823 40.62106),Valley National Bank,6117 18TH AVENUE,BROOKLYN,11204,Kings
POINT (-73.99638 40.71635),TD Bank N.A.,155 Canal Street,New York,10013,New York
POINT (-74.03371 40.61698),Santander Bank,9512 Third Avenue,Brooklyn,11209,Kings
POINT (-75.95087 42.09167),Visions Federal Credit Union,4700 Vestal Parkway East,Vestal,13850,Broome
POINT (-72.29525 41.00168),Suffolk County National Bank of Riverhead,17 Main Street,Sag Harbor,11963,Suffolk
POINT (-75.91318 43.97247),Watertown Savings Bank,111 Clinton Street,Watertown,13601,Jefferson
POINT (-73.64466 40.65572),TD Bank N.A.,290 Merrick Rd,Rockville Centre,11570,Nassau
POINT (-73.97287 40.59701),Santander Bank,301 Avenue U,Brooklyn,11223,Kings
POINT (-76.29821 42.50069),Tompkins Trust Company,139 North Street Extension (Route 13),Dryden,13053,Tompkins
POINT (-73.52951 40.76156),Ridgewood Savings Bank,220 Old Country Road,Hicksville,11801,Nassau
POINT (-75.88967 42.16603),Tioga State Bank,1430 Upper Front Street,Binghamton,13901,Broome
POINT (-73.94275 40.60033),Valley National Bank,2902 Avenue U,Brooklyn,11229,Kings
POINT (-73.84549 41.01225),Trustco Bank N.A. CTF,33-35 Center St,Ardsley,10502,Westchester
POINT (-73.3275 43.17327),TD Bank N.A.,204 Main Street,Salem,12865,Washington
POINT (-74.01735 41.0597),TD Bank N.A.,105 East Central Avenue,Pearl River,10965,Rockland
POINT (-73.75389 42.6504),Trustco Bank N.A. CTF,112 State Street,Albany,12207,Albany
POINT (-73.91155 41.60974),TD Bank N.A.,838 South Road,Poughkeepsie,12601,Dutchess
POINT (-76.33857 42.22842),Tioga State Bank,73 Main Street,Candor,13743,Tioga
POINT (-74.19918 41.52581),Walden Savings Bank,15 Scotts Corners Drive,Montgomery,12549,Orange
POINT (-73.72076 41.01473),UNISTAR Federal Credit Union,2000 Westchester Avenue,White Plains,10627,Westchester
POINT (-74.01097 40.70865),Valley National Bank,120 Broadway,New York,10271,New York
POINT (-73.99024 40.63681),TD Bank N.A.,4526 13th Avenue,Borough Park,11219,Kings
POINT (-78.90551 42.9615),Riverside Federal Credit Union,245 Vulcan Street,Buffalo,14207,Erie
POINT (-74.0028 40.60736),Santander Bank,1769 86th Street,Brooklyn,11214,Kings
POINT (-73.22845 40.7276),TD Bank N.A.,479 Montauk Highway,Bay Shore,11706,Nassau
POINT (-73.97593 40.74872),TD Bank N.A.,593 Third Avenue,New York,10016,New York
POINT (-73.63861 43.28756),Trustco Bank N.A. CTF,133 Saratoga Road,South Glen Falls,12803,Warren
POINT (-73.70751 40.6679),TD Bank N.A.,275 West Merrick Road,Valley Stream,11580,Nassau
POINT (-74.19192 40.53181),Santander Bank,5472 Amboy Road,Staten Island,10312,Richmond
POINT (-76.1075 43.17503),School Employees of CNY Federal Credit Union,5962 Route 31,Cicero,13039,Onondaga
POINT (-73.99714 40.59573),TD Bank N.A.,2266 Cropsey Avenue,Brooklyn,11214,Kings
POINT (-73.7313 40.9496),Trustco Bank N.A. CTF,180-190 Boston Post Road,Mamaroneck,10543,Westchester
POINT (-73.37466 40.70442),Suffolk Federal Credit Union,200 Sunrise Highway,Lindenhurst,11757,Suffolk
POINT (-72.6984 40.87512),Suffolk Federal Credit Union,121 Speonk-Riverhead Road,Riverhead,11901,Suffolk
POINT (-74.19137 40.53179),TD Bank N.A.,929 Huguenot Avenue,Staten Island,10312,Richmond
POINT (-73.81862 42.86935),Trustco Bank N.A. CTF,1018 Route 146,Clifton Park,12065,Saratoga
POINT (-73.82334 40.68655),TD Bank N.A.,119-25 Liberty Avenue,Richmond Hill,11418,Queens
POINT (-73.96286 42.82544),Trustco Bank N.A. CTF,123 Mohawk Avenue,Scotia,12302,Schenectady
POINT (-73.64134 40.62318),Wells Fargo ATM,3584 Long Beach Road,Oceanside,11572,Nassau
POINT (-73.39133 40.85806),Teachers Federal Credit Union,780 Park Avenue,Huntington,11743,Suffolk
POINT (-73.74598 43.10339),State Employees Federal Credit Union,7 Lowes Drive,Wilton,12831,Saratoga
POINT (-73.98023 40.73457),TD Bank N.A.,329 First Avenue,New York,10003,New York
POINT (-73.73705 40.62964),TD Bank N.A.,490 Rockaway Turnpike,Lawrence,11559,Nassau
POINT (-74.00094 40.72046),Valley National Bank,450 Broadway,New York,10013,New York
POINT (-74.13729 44.33183),TRI-Lakes Federal Credit Union,197 Broadway,Saranac,12983,Franklin
POINT (-76.0211 43.80929),Watertown Savings Bank,30 East Church Street,Adams,13605,Jefferson
POINT (-76.14753 43.04351),School Employees of CNY Federal Credit Union,800 S. State Street,Syracuse,13203,Onondaga
POINT (-73.82073 40.90167),Sterling National Bank of New York,403 East Sandford Boulevard,Mount Vernon,10550,Westchester
POINT (-73.95575 40.77926),TD Bank N.A.,1276 Lexington Avenue,New York,10028,New York
POINT (-73.99467 40.74616),TD Bank N.A.,200 West 26th Street,New York,10001,New York
POINT (-73.785 41.03401),Sterling National Bank of New York,328 Central Park Avenue,White Plains,10606,Westchester
POINT (-74.19275 41.3335),Trustco Bank N.A. CTF,791 Route 17M,Monroe,10950,Orange
POINT (-73.68782 42.90399),TD Bank N.A.,3 Park Plaza,Mechanicville,12118,Rensselaer
POINT (-74.02481 40.62418),TD Bank N.A.,8206 Fifth Avenue,Brooklyn,11209,Kings
POINT (-73.87416 41.54451),Trustco Bank N.A. CTF,1545 Route 52,Fishkill,12524,Dutchess
POINT (-74.56179 42.28902),Wayne Bank,53898 State Highway 30,Roxbury,12474,Delaware
POINT (-73.68423 40.8298),Valley National Bank,960 Port Washington Boulevard,Port Washington,11050,Nassau
POINT (-72.39802 40.89459),Suffolk County National Bank of Riverhead,295 North Sea Road,Southampton,11968,Suffolk
POINT (-77.10878 42.16005),ServU Federal Credit Union,9823 Science Center Drive,Painted Post,14870,Steuben
POINT (-74.02522 41.93584),TD Bank N.A.,411 Washington Avenue,Kingston,12401,Ulster
POINT (-74.02694 41.52162),TD Bank N.A.,39 North Plank Road,Newburgh,12550,Orange
POINT (-74.14857 41.84464),Ulster Savings Bank,3857 Main Street,Stone Ridge,12484,Ulster
POINT (-72.83991 40.94346),Teachers Federal Credit Union,6257 Route 25A,Wading River,11792,Suffolk
POINT (-73.3634 40.83467),Suffolk Federal Credit Union,1071 Park Avenue,Huntington,11743,Suffolk
POINT (-73.95526 40.59896),TD Bank N.A.,1602-1606 Avenue U,Brooklyn,11229,Kings
POINT (-73.8139 40.76532),Shinhan Bank America,150-29 Northern Boulevard,Flushing,11354,Queens
POINT (-73.81569 41.06504),Summit Bank,333 Sawmill River Road,Elmford,10523,Westchester
POINT (-73.97233 40.78634),TD Bank N.A.,535 Columbus Avenue,New York,10024,New York
POINT (-78.87296 42.89029),State Employees Federal Credit Union,598 Main Street,Buffalo,14202,Erie
POINT (-73.80795 42.6838),State Employees Federal Credit Union,655 Patroon Creek Boulevard,Albany,12206,Albany
POINT (-73.85082 41.07651),UNISTAR Federal Credit Union,100 Marymount Avenue,Tarrytown,10591,Westchester
POINT (-73.96187 41.66162),Wallkill Valley FS & LA,1880 Route 9W,Milton,12547,Ulster
POINT (-73.99398 40.74129),TD Bank N.A.,655 Avenue of the Americas,New York,10010,New York
POINT (-75.93283 43.98501),Watertown Savings Bank,1000 Coffeen Street,Watertown,13601,Jefferson
POINT (-73.3947 40.88168),Teachers Federal Credit Union,211 East Main Street,Huntington,11743,Suffolk
POINT (-74.10531 40.63063),Santander Bank,475 Forest Avenue,Staten Island,10301,Richmond
POINT (-74.31429 42.08324),Ulster Savings Bank,58 Main Street,Phoenicia,12464,Ulster
POINT (-73.83907 42.68158),Trustco Bank N.A. CTF,Western Avenue at Fuller Road,Albany,12203,Albany
,Suffolk County National Bank of Riverhead,9926 Route 25A,Shoreham,11786,Suffolk
POINT (-73.85118 40.71052),TD Bank N.A.,101-10 Metropolitan Avenue,Forest Hills,11375,Queens
POINT (-74.13705 40.62435),Santander Bank,1460 Forest Avenue,Staten Island,10302,Richmond
POINT (-73.79091 42.97394),State Employees Federal Credit Union,2537 Route 9,Malta,12020,Saratoga
POINT (-73.91891 40.75909),TD Bank N.A.,31-90 Steinway Street,Astoria,11103,Queens
POINT (-73.76356 41.03431),Webster Bank,1 North Broadway,White Plains,10601,Westchester
POINT (-73.96307 40.62499),Santander Bank,1302 Avenue J,Brooklyn,11230,Kings
POINT (-77.69551 42.39271),Steuben Trust Company,29 Main Street,Arkport,14807,Steuben
POINT (-75.98535 42.99711),School Employees of CNY Federal Credit Union,240 W. Seneca St,Manlius,13104,Onondaga
POINT (-73.99581 40.68252),TD Bank N.A.,340 Court Street,Brooklyn,11231,Kings
POINT (-73.81365 40.76514),TD Bank N.A.,150-38 Northern Boulevard,Queens,11354,Queens
POINT (-73.92025 40.75956),Santander Bank,37-10 Broadway,Long Island City,11103,Queens
POINT (-76.02037 43.03531),Seneca Federal Savings and Loan Assoc.,200 Towne Drive,Fayetteville,13066,Onondaga
POINT (-73.66853 43.33138),TD Bank N.A.,54 Quaker Road,Queensbury,12804,Warren
POINT (-76.22085 43.12898),Solvay Bank,7421 Oswego Road,Liverpool,13088,Onondaga
POINT (-77.79033 42.25395),Steuben Trust Company,1 Saxon Drive,Alfred,14803,Allegany
POINT (-73.61908 40.744),Wells Fargo ATM,103 Old Country Road,Carle Place,11514,Nassau
POINT (-73.92998 40.61679),TD Bank N.A.,2195 Flatbush Avenue,Brooklyn,11234,Kings
POINT (-73.98415 40.76493),TD Bank N.A.,910 Eighth Avenue,New York,10019,New York
POINT (-74.1598 40.61042),Santander Bank,1535 Richmond Avenue,Staten Island,10314,Richmond
POINT (-73.76514 42.25682),The Bank of Greene County,160 Fairview Avenue,Hudson,12534,Columbia
POINT (-74.35738 41.34054),Sterling National Bank of New York,7 Edward J. Lempka Drive,Florida,10921,Orange
POINT (-73.16847 40.84873),TD Bank N.A.,714 Smithtown Bypass,Smithtown,11787,Suffolk
POINT (-76.1365 43.04204),State Employees Federal Credit Union,721 South Crouse Street,Syracuse,13210,Onondaga
POINT (-75.91418 43.97251),Watertown Savings Bank,140 CLINTON STREET,WATERTOWN,13601,Jefferson
POINT (-76.56641 42.93597),Tompkins Trust Company,86 North Street,Auburn,13021,Cayuga
POINT (-75.06073 42.45294),Sidney Federal Credit Union,53 Market Street,Oneonta,13820,Otsego
POINT (-73.13466 40.78883),Suffolk Federal Credit Union,3085 Veterans Memorial Highway,Ronkonkoma,11779,Suffolk
POINT (-73.52684 40.67234),Ridgewood Savings Bank,2080 Bellmore Avenue,Bellmore,11710,Nassau
POINT (-73.43195 40.66993),TD Bank N.A.,5555 Merrick Road,Massapequa,11758,Nassau
POINT (-73.74217 40.63449),Santander Bank,57 East Avenue A,New York,10009,New York
POINT (-74.16575 41.42765),TD Bank N.A.,21 East Main Street,Washingtonville,10992,Orange
POINT (-76.12699 43.04981),"Summit Federal Credit Union, The",1400 Erie Boulevard East,Syracuse,13210,Onondaga
POINT (-73.64064 42.69548),Trustco Bank N.A. CTF,134-136 Main Street,Wynantskill,12198,Rensselaer
POINT (-76.01802 42.11714),Tioga State Bank,510 Hooper Road,Endwell,13760,Broome
POINT (-73.94677 40.74594),TD Bank N.A.,2131 46th Avenue,Long Island City,11101,Queens
POINT (-75.94993 42.11652),Visions Federal Credit Union,100 Pavilion Road,Johnson City,13790,Broome
POINT (-73.19419 40.7618),Suffolk Federal Credit Union,400 Carleton Avenue,Central Islip,11722,Suffolk
POINT (-73.82153 40.82607),TD Bank N.A.,3755 East Tremont Avenue,Bronx,10465,Bronx
POINT (-73.72607 40.78628),TD Bank N.A.,2 Great Neck Road,Great Neck,11021,Nassau
POINT (-73.81933 42.76933),Trustco Bank N.A. CTF,1156 Troy Schenectady Road,Latham,12110,Albany
POINT (-74.12552 40.61274),Santander Bank,1850 Victory Boulevard,Staten Island,10314,Richmond
POINT (-74.14899 40.62303),Santander Bank,985 Richmond Avenue,Staten Island,10314,Richmond
POINT (-74.38813 41.51389),Walden Savings Bank,2108 Route 302,Circleville,10919,Orange
POINT (-73.53718 40.79018),Valley National Bank,501 North Broadway,Jericho,11753,Nassau
POINT (-73.9557 42.05704),Ulster Federal Credit Union,Route 9W Simmons Plaza,Saugerties,12477,Ulster
POINT (-76.20259 43.06043),Solvay Bank,1537 Milton Avenue,Solvay,13209,Onondaga
POINT (-73.42931 40.71175),TD Bank N.A.,90 Broad Hollow Road,Farmingdale,11735,Nassau
POINT (-73.84422 40.72176),Ridgewood Savings Bank,107-55 Queens Boulevard,Forest Hills,11375,Queens
POINT (-73.52712 44.58),TD Bank N.A.,2990 Main Street,Peru,12972,Clinton
POINT (-73.19107 40.73109),TD Bank N.A.,6 Main Street,East Islip,11730,Suffolk
POINT (-73.76518 42.65838),Trustco Bank N.A. CTF,40 Central Avenue,Albany,12206,Albany
POINT (-73.43721 43.86035),Ticonderoga Federal Credit Union,1178 NYS Route 9N,Ticonderoga,12883,Essex
POINT (-73.95617 40.7718),TD Bank N.A.,1470 Second Avenue,New York,10021,New York
POINT (-74.38245 41.45022),TD Bank N.A.,511 Schutt Road Extension,Middletown,10940,Orange
POINT (-75.89922 42.09412),Tioga State Bank,191 Conklin Avenue,Binghamton,13903,Broome
POINT (-77.65963 42.32926),Steuben Trust Company,One Steuben Square,Hornell,14843,Steuben
POINT (-74.19213 40.53227),Santander Bank,900 Huguenot Avenue,Staten Island,10312,Richmond
POINT (-73.78843 43.07846),Trustco Bank N.A. CTF,34 Congress Street,Saratoga Springs,12020,Saratoga
POINT (-73.56024 40.65397),Teachers Federal Credit Union,1638 Merrick Road,Merrick,11566,Nassau
POINT (-73.99144 40.69403),Santander Bank,195 Montague Street,Brooklyn,11201,Kings
POINT (-73.9834 40.7558),TD Bank N.A.,1120 Avenue of the Americas,New York,10036,New York
POINT (-73.93055 40.74561),Santander Bank,24-28 34th Street,Long Island City,11106,Queens
POINT (-73.54192 40.72473),TD Bank N.A.,2549 Hempstead Turnpike,East Meadow,11554,Nassau
POINT (-74.10575 41.1162),Sterling National Bank of New York,400 Rella Boulevard,Montebello,10901,Rockland
POINT (-73.98114 40.6595),Santander Bank,234 Prospect Park West,Brooklyn,11215,Kings
POINT (-77.66007 42.31418),Steuben Trust Company,411 Canisteo Street,Hornell,14843,Steuben
POINT (-74.02458 41.93661),Ulster Savings Bank,180 Schwenk Drive,Kingston,12401,Ulster
POINT (-75.88874 42.0964),Visions Federal Credit Union,303 Conklin Avenue,Binghamton,13903,Broome
POINT (-73.88824 40.73005),TD Bank N.A.,73-55 Grand Aveue,Maspeth,11378,Queens
POINT (-74.15117 41.4262),Walden Savings Bank,131 East Main Street,Washingtonville,10992,Orange
POINT (-75.38641 43.30102),"Rome Savings Bank, FSB",9074 Dopp Hill Road,Westernville,13486,Oneida
POINT (-73.98343 40.75),TD Bank N.A.,401 Fifth Avenue,New York,10016,New York
POINT (-73.90954 42.82341),Trustco Bank N.A. CTF,1350 Gerling Street,Schenectady,12308,Schenectady
POINT (-73.0717 40.94567),Suffolk County National Bank of Riverhead,135 West Broadway,Port Jefferson,11777,Suffolk
POINT (-73.90054 40.7122),TD Bank N.A.,6266 Fresh Pond Road,Ridgewood,11385,Queens
POINT (-73.2917 40.81643),Teachers Federal Credit Union,10 Vanderbilt Parkway,Commack,11725,Suffolk
POINT (-73.63557 40.72948),Santander Bank,998 Franklin Avenue,Garden City,11530,Nassau
POINT (-76.86455 42.90462),Savannah Bank N.A.,35 West Main Street,Waterloo,13165,Seneca
POINT (-73.98748 40.73873),TD Bank N.A.,260 Park Avenue South,New York,10010,New York
POINT (-74.00966 40.71019),TD Bank N.A.,182 Broadway,New York,10038,New York
POINT (-74.16611 40.58833),Santander Bank,43 Richmond Hill Road,Staten Island,10314,Richmond
POINT (-74.02865 40.6294),Valley National Bank,7726  3rd Avenue,Brooklyn,11209,Kings
POINT (-73.99251 40.75862),TD Bank N.A.,582-586 Ninth Avenue,New York,10036,New York
POINT (-73.86962 41.03941),Sunnyside FS & LA of Irvington,56 Main Street,Irvington,10533,Westchester
POINT (-72.84265 40.94539),Suffolk County National Bank of Riverhead,2065 Wading River Manor Road,Wading River,11792,Suffolk
POINT (-73.29643 40.7609),Suffolk County National Bank of Riverhead,21 East Industry Court,Deer Park,11729,Suffolk
POINT (-74.07692 40.62707),Santander Bank,81 Water Street,Staten Island,10304,Richmond
POINT (-74.07123 41.52258),Sterling National Bank of New York,1425 Route 300,Newburgh,12550,Orange
POINT (-72.9452 40.94462),TD Bank N.A.,320 Route 25A,Rocky Point,11778,Suffolk
POINT (-73.8699 40.9053),Sterling National Bank of New York,865 McLean Avenue,Yonkers,10704,Westchester
POINT (-78.86887 42.94634),"Summit Federal Credit Union, The",2290 Delaware Avenue,Buffalo,14216,Erie
POINT (-73.37023 40.68403),Ridgewood Savings Bank,317 South Wellwood Avenue,Lindenhurst,11757,Suffolk
POINT (-74.67521 41.66648),Wayne Bank,4353 Highway 42,Monticello,12701,Sullivan
POINT (-75.38186 43.30665),"Rome Savings Bank, FSB",9196 Main St.,Westernville,13486,Oneida
POINT (-74.10102 40.58992),Santander Bank,1630 Richmond Road,Staten Island,10304,Richmond
POINT (-74.04505 41.50284),TD Bank N.A.,800 Broadway,Newburgh,12550,Orange
POINT (-73.04503 40.81668),Teachers Federal Credit Union,1040 Waverly Avenue,Holtsville,11742,Suffolk
POINT (-73.08935 40.83181),Wells Fargo ATM,601 Portion Road,Lake Ronkonkoma,11779,Suffolk
POINT (-73.8639 40.7309),TD Bank N.A.,95-25 Queens Boulevard,Queens,11374,Queens
POINT (-73.79045 42.60372),Trustco Bank N.A. CTF,380 Route 9W,Glenmont,12077,Albany
POINT (-76.16262 43.05042),Syracuse Fire Department Employees Federal Credit Union,211 Wilkinson Street,Syracuse,13204,Onondaga
POINT (-73.72898 40.78805),Santander Bank,50 Middleneck Road,Great Neck,11021,Nassau
POINT (-74.68838 41.6554),TD Bank N.A.,463 Broadway,Monticello,12701,Sullivan
POINT (-76.61188 42.92972),Savannah Bank N.A.,1579 Clark Street,Auburn,13022,Cayuga
POINT (-72.96078 40.81662),Suffolk Federal Credit Union,3681 Horseblock Road,Medford,11763,Suffolk
POINT (-73.73286 40.78368),Sterling National Bank of New York,98 Cutter Mill Road,Great Neck,11021,Nassau
POINT (-73.70099 40.97365),USAlliance Financial,411 Theodore Fremd Avenue,Rye,10580,Westchester
POINT (-73.96087 40.7694),TD Bank N.A.,1230 Third Avenue,New York,10021,New York
POINT (-73.68179 40.82355),TD Bank N.A.,475 Port Washington Boulevard,Port Washington,11050,Nassau
POINT (-73.69391 40.79246),Santander Bank,1420 Northern Boulevard,Manhasset,11030,Nassau
POINT (-73.02436 40.77515),Teachers Federal Credit Union,155 Roe Boulevard,Patchogue,11772,Suffolk
POINT (-73.99052 40.68908),TD Bank N.A.,252 Atlantic Avenue,Brooklyn,11201,Kings
POINT (-73.68873 41.62439),TEG Federal Credit Union,2540 Route 55,Poughquag,12538,Dutchess
POINT (-73.69655 40.74201),Valley National Bank,699 Hillside Avenue,New Hyde Park,11040,Nassau
POINT (-77.10065 42.16921),ServU Federal Credit Union,77 Victory Highway,Painted Post,14870,Steuben
POINT (-74.12421 40.61282),TD Bank N.A.,1818 Victory Boulevard,Staten Island,10314,Richmond
POINT (-74.04721 41.18215),Trustco Bank N.A. CTF,1581 Route 202,Pomona,10970,Rockland
POINT (-73.81483 40.7886),Santander Bank,149-37  14th Avenue,Whitestone,11357,Queens
POINT (-73.99081 41.92533),Rondout Savings Bank,300 Broadway,Kingston,12401,Ulster
POINT (-73.95028 40.79542),Sterling National Bank of New York,1261 Fifth Avenue,New York,10001,New York
POINT (-74.1415 42.19555),The Bank of Greene County,6176 Route 23A,Tannersville,12485,Greene
POINT (-73.91966 40.77092),Sussex Bank,28-21 Astoria Boulevard,Astoria,11102,Queens
POINT (-73.88077 42.21466),Trustco Bank N.A. CTF,238 West Bridge Street -- Route 9W,Catskill,12414,Greene
POINT (-73.78097 40.90071),Ridgewood Savings Bank,29 Castle Place,New Rochelle,10805,Westchester
POINT (-74.25075 40.51309),Watertown Savings Bank,33 MAIN1 STREET,STATEN ISLAND,10304,Allegany
POINT (-73.82654 40.74698),TD Bank N.A.,5650 Main Street,Flushing,11355,Queens
POINT (-75.91198 42.0987),State Employees Federal Credit Union,82 Court Street,Binghamton,13901,Broome
POINT (-74.42608 41.42849),TD Bank N.A.,156-A-B Dolson Avenue,Middletown,10940,Orange
,Santander Bank,75-81 31st Avenue,Jackson Heights,11370,Queens
POINT (-75.98932 42.09666),State Employees Federal Credit Union,3460 Vestal Parkway,Vestal,13850,Broome
POINT (-74.00088 40.62605),TD Bank N.A.,1301 65th Street,Brooklyn,11219,Kings
POINT (-73.94087 42.81216),State Employees Federal Credit Union,469 State Street,Schenectady,12305,Schenectady
POINT (-73.93028 42.87208),Trustco Bank N.A. CTF,286 Saratoga Road,Glenville,12302,Schenectady
POINT (-77.79065 43.28929),"Summit Federal Credit Union, The",73 Railroad Avenue,Hilton,14468,Monroe
POINT (-73.90904 40.87939),TD Bank N.A.,281 West 230th Street,Bronx,10463,Bronx
POINT (-74.11431 40.62917),Victory State Bank,755 Forest Avenue,Staten Island,10310,Richmond
POINT (-74.63142 41.70765),Sterling National Bank of New York,"5193 Main Street, Route 42",South Fallsburg,12779,Sullivan
POINT (-73.99088 40.69387),TD Bank N.A.,211 Montague Street,Brooklyn,11201,Kings
POINT (-73.99864 40.75189),Sterling National Bank of New York,406 West 31st Street,New York,10001,New York
POINT (-75.405 43.11551),"Rome Savings Bank, FSB",7282 W. Main St.,Westmoreland,13490,Oneida
POINT (-74.36047 41.74447),USAlliance Financial,710 Berme Road,Napanoch,12358,Ulster
POINT (-73.97871 40.7857),Santander Bank,2275 Broadway,New York,10024,New York
POINT (-73.76526 41.02924),Webster Bank,146 Mamaroneck Avenue,White Plains,10601,Westchester
POINT (-73.96923 40.75791),TD Bank N.A.,880 Third Avenue,New York,10022,New York
POINT (-73.69478 40.75531),Ridgewood Savings Bank,1981 Marcus Avenue,New Hyde Park,11042,Nassau
POINT (-73.98988 41.97762),Ulster Savings Bank,1571 Ulster Avenue,Lake Katrine,12449,Ulster
POINT (-77.33229 42.3387),Steuben Trust Company,201 Bath Plaza,Bath,14810,Steuben
POINT (-75.97182 42.12508),Visions Federal Credit Union,223 Reynolds Road,Johnson City,13790,Broome
POINT (-76.13795 43.23333),School Employees of CNY Federal Credit Union,5501 Bartell Road,Brewerton,13029,Onondaga
POINT (-73.33572 40.77502),TD Bank N.A.,2178 Deer Park Avenue,Deer Park,11729,Suffolk
POINT (-73.70327 42.61414),TD Bank N.A.,71 Troy Road,East Greenbush,12061,Rensselaer
POINT (-73.67136 42.73809),State Employees Federal Credit Union,256 Hoosick Road - Route 7,Troy,12180,Rensselaer
POINT (-76.623 43.0359),Savannah Bank N.A.,126 Main Street,Port Byron,13140,Cayuga
POINT (-73.96416 40.76482),TD Bank N.A.,1091 Third Avenue,New York,10021,New York
POINT (-72.65066 40.93748),Teachers Federal Credit Union,176 Old Country Road,Riverhead,11901,Suffolk
POINT (-74.06427 41.75772),Ulster Federal Credit Union,100 Woodland Pond Circle,New Paltz,12561,Ulster
POINT (-74.01072 40.71619),TD Bank N.A.,166 Chambers Street,New York,10007,New York
POINT (-73.07005 40.94722),Suffolk County National Bank of Riverhead,102 West Broadway,Port Jefferson,11776,Suffolk
POINT (-73.74974 42.65156),State Employees Federal Credit Union,575 Broadway,Albany,12207,Albany
POINT (-73.94438 40.74641),Santander Bank,2429 Jackson Avenue,Long Island City,11101,Queens
POINT (-73.8345 40.68329),Valley National Bank,107-01 Liberty Avenue,Ozone Park,11417,Queens
POINT (-73.85703 41.68186),TEG Federal Credit Union,1 Commerce Street,Poughkeepsie,12603,Dutchess
POINT (-73.98931 40.7409),TD Bank N.A.,950 Broadway,New York,10010,New York
POINT (-76.66269 42.5421),Tompkins Trust Company,2 West Main Street,Trumansburg,14886,Tompkins
POINT (-73.73975 40.67583),Ridgewood Savings Bank,230-22 Merrick Boulevard,Laurelton,11413,Queens
POINT (-74.12912 41.11258),TD Bank N.A.,61 Route 59,Suffern,10901,Rockland
POINT (-73.96058 40.59034),TD Bank N.A.,2700 Coney Island Avenue,Brooklyn,11235,Kings
POINT (-73.9526 40.72697),TD Bank N.A.,765 Manhattan Avenue,Brooklyn,11222,Kings
POINT (-75.12999 42.16813),Wayne Bank,131-133 Delaware Street,Walton,13856,Delaware
POINT (-73.9892 40.73052),TD Bank N.A.,46 Third Avenue,New York,10003,New York
POINT (-73.98136 40.7661),TD Bank N.A.,224 West 57th Street,New York,10019,New York
POINT (-73.98889 40.74828),TD Bank N.A.,885 Sixth Avenue,New York,10001,New York
POINT (-76.19371 42.5957),"Summit Federal Credit Union, The",15 Neubig Road,Cortland,13045,Cortland
POINT (-73.69969 40.79751),Wells Fargo ATM,355 Plandome Road,Manhasset,11030,Nassau
POINT (-73.89351 42.7827),State Employees Federal Credit Union,3200 Balltown Road,Schenectady,12304,Schenectady
POINT (-73.75117 42.76211),Trustco Bank N.A. CTF,One Johnson Road,Latham,12110,Albany
POINT (-75.96676 44.19332),Watertown Savings Bank,36263 NYS Route 180,LaFargeville,13656,Jefferson
POINT (-73.95849 40.76441),TD Bank N.A.,1240 First Avenue,New York,10065,New York
POINT (-73.27026 40.79794),Suffolk Federal Credit Union,1001 Crooked Hill Road,Brentwood,11717,Suffolk
POINT (-73.99494 40.7471),Sterling National Bank of New York,227 West 27th Street,New York,10001,New York
POINT (-73.12076 40.73859),Teachers Federal Credit Union,951 Montauk Highway,Oakdale,11769,Suffolk
POINT (-73.92053 40.66285),Santander Bank,190 East 98th Street,Brooklyn,11212,Kings
POINT (-74.72857 41.78478),USAlliance Financial,25 Sullivan Road,Liberty,12754,Sullivan
POINT (-74.36033 41.25423),Sterling National Bank of New York,18 Oakland Avenue,Warwick,10990,Orange
POINT (-73.96674 40.57649),Valley National Bank,207 Brighton Beach Avenue,Brooklyn,11235,Kings
POINT (-73.95919 42.04972),Ulster Savings Bank,One Twin Maples Plaza --Route 9W,Saugerties,12477,Ulster
POINT (-73.64196 42.74461),Trustco Bank N.A. CTF,740 Hoosick Road,Troy,12180,Rensselaer
POINT (-73.77186 42.81869),Trustco Bank N.A. CTF,1532 Crescent Road,Clifton Park,12065,Saratoga
POINT (-73.75423 42.76386),State Employees Federal Credit Union,935 Loudon Road,Latham,12110,Albany
POINT (-73.184199 40.855585),Suffolk County National Bank of Riverhead,222 Middle Country Road,Smithtown,11787,Suffolk
POINT (-73.97275 40.7935),TD Bank N.A.,2521 Broadway,New York,10025,New York
POINT (-77.94179 42.11643),Steuben Trust Company,36 West Dyke Street,Wellsville,14895,Allegany
POINT (-73.82126 42.7714),Sunmark Credit Union,1187 Troy Schenectady Road,Latham,12110,Albany
POINT (-73.90579 40.64035),TD Bank N.A.,9001 Flatlands Avenue,Brooklyn,11236,Kings
POINT (-74.07652 40.64223),Victory State Bank,One Hyatt Street,Staten Island,10301,Richmond
POINT (-73.75526 42.65108),TD Bank N.A.,125 State Street,Albany,12207,Albany
POINT (-73.81765 42.71239),State Employees Federal Credit Union,40 Wolf Road,Colonie,12205,Albany
POINT (-73.83723 40.71635),Watertown Savings Bank,108-11 76TH AVE,FOREST HILLS,11378,Hamilton
POINT (-74.28424 41.3577),TD Bank N.A.,78 Brookside Avenue,Chester,10918,Orange
POINT (-73.99713 40.74206),Santander Bank,169 Seventh Avenue,New York,10011,New York
POINT (-73.92899 42.87297),State Employees Federal Credit Union,290 Saratoga Road,Scotia,12303,Schenectady
POINT (-73.64552 43.31159),TD Bank N.A.,28 Maple Street,Glens Falls,12801,Warren
POINT (-73.83363 40.93976),Trustco Bank N.A. CTF,5-7 Park Place,Bronxville,10708,Westchester
POINT (-73.68227 42.57947),State Employees Federal Credit Union,89 Miller Road,Castleton,12033,Rensselaer
POINT (-75.0614 41.60788),Wayne Bank,93 Main Street,Narrowsburg,12764,Sullivan
POINT (-73.89894 40.93171),Sterling National Bank of New York,61 South Broadway,Yonkers,10701,Westchester
POINT (-73.72644 41.20284),Trustco Bank N.A. CTF,222 East Main Street,Mount Kisco,10549,Westchester
POINT (-73.57103 43.3192),Trustco Bank N.A. CTF,3750 Burgoyne Avenue,Hudson Falls,12839,Washington
POINT (-74.14287 40.62485),Santander Bank,1630 Forest Avenue,Staten Island,10302,Richmond
POINT (-73.61602 40.83666),TD Bank N.A.,319 Glen Head Road,Glen Head,11545,Nassau
POINT (-73.94482 41.04792),Sterling National Bank of New York,375 Route 303,Orangeburg,10962,Rockland
POINT (-76.01788 42.11682),Visions Federal Credit Union,511 Hooper Road,Endwell,13760,Broome
POINT (-73.88187 41.98424),Ulster Savings Bank,7296 South Broadway,Red Hook,12571,Dutchess
POINT (-74.02612 41.44242),Walden Savings Bank,321 Hudson Street,Cornwall,12520,Orange
POINT (-74.15942 40.54574),Santander Bank,4310 Amboy Road,Staten Island,10312,Richmond
POINT (-76.70316 43.3161),Savannah Bank N.A.,563 Main Street,Fair Haven,13064,Cayuga
POINT (-72.92835 40.94688),Teachers Federal Credit Union,561 Route 25A,Rocky Point,11778,Suffolk
POINT (-73.97384 40.75159),TD Bank N.A.,685 Third Avenue,New York,10017,New York
POINT (-73.84423 40.73158),Watertown Savings Bank,111-31 66TH AVE,FOREST HILLS,11375,Allegany
POINT (-74.93072 42.69756),USNY Bank,73 Chestnut Street,Cooperstown,13326,Otsego
POINT (-73.38957 40.83286),Valley National Bank,580 East Jericho Turnpike,Huntington Station,11746,Suffolk
POINT (-73.97901 40.76095),TD Bank N.A.,51 West 52nd Street,New York,10019,New York
POINT (-73.24793 40.81163),Suffolk County National Bank of Riverhead,110 Marcus Boulevard,Hauppauge,11788,Suffolk
POINT (-74.00072 40.71856),TD Bank N.A.,254 Canal Street,New York,10013,New York
POINT (-74.61762 42.40796),Wayne Bank,1 Churchill Avenue,Stamford,12167,Delaware
POINT (-74.09592 41.10998),Trustco Bank N.A. CTF,327 Route 59 East,Airmont,10952,Rockland
POINT (-76.11926 43.16262),State Employees Federal Credit Union,8086 Brewerton Road,Cicero,13039,Onondaga
,Visions Federal Credit Union,Route 17C,Owego,13827,Tioga
POINT (-73.75802 40.93255),TD Bank N.A.,107 Chatsworth Avenue,Larchmont,10538,Westchester
POINT (-73.00579 40.80154),TD Bank N.A.,1806 Medford Avenue,Medford,11763,Suffolk
POINT (-73.83581 40.97168),Webster Bank,2143 Central Park Avenue,Yonkers,10710,Westchester
POINT (-76.08768 44.23996),Watertown Savings Bank,352 James Street,Clayton,13624,Jefferson
POINT (-74.00436 40.71649),Santander Bank,336 Broadway,New York,10013,New York
POINT (-74.06827 40.61727),Victory State Bank,1065 Bay Street,Staten Island,10305,Richmond
POINT (-73.96722 40.80329),Santander Bank,2814 Broadway,New York,10025,New York
POINT (-73.98964 41.96041),The Bank of Greene County,2 Miron Lane,Kingston,12401,Ulster
POINT (-73.6316 40.70741),Wells Fargo ATM,135-145 Fulton Avenue,Hempstead,11550,Nassau
POINT (-77.77817 42.26576),Steuben Trust Company,928 Route 244,Alfred Station,14803,Allegany
POINT (-73.91867 40.81633),TD Bank N.A.,371 East 149th Street,Bronx,10455,Bronx
POINT (-73.95285 40.77834),Santander Bank,225 East 86th Street,New York,10028,New York
POINT (-76.24537 43.04516),Solvay Bank,4131 West Genesee Street,Syracuse,13219,Onondaga
POINT (-74.00554 40.72736),TD Bank N.A.,175 Varick Street,New York,10014,New York
POINT (-72.65228 40.9131),Suffolk Federal Credit Union,2 Enterprise Zone Drive,Riverhead,11901,Suffolk
POINT (-73.61126 40.63923),Ridgewood Savings Bank,835 ATLANTIC AVENUE,BALDWIN HARBOR,11510,Nassau
POINT (-73.1599 40.83759),Teachers Federal Credit Union,127 Smithtown Boulevard,Nesconset,11767,Suffolk
POINT (-74.18615 42.96528),Trustco Bank N.A. CTF,4931 Route 30,Amsterdam,12010,Montogomery
POINT (-73.79294 42.97034),Trustco Bank N.A. CTF,2471 Route 9,Malta,12020,Saratoga
POINT (-73.73174 41.19),Sterling National Bank of New York,664 Main Street,Mount Kisco,10549,Westchester
POINT (-73.97525 40.78975),TD Bank N.A.,2400 Broadway,New York,10024,New York
POINT (-73.92848 41.67077),Trustco Bank N.A. CTF,2656 South Road -- Route 9,Poughkeepsie,12601,Dutchess
POINT (-73.83503 40.83813),Sterling National Bank of New York,3130 East Tremont Avenue,Bronx,10461,Bronx
POINT (-73.86668 40.86545),Ridgewood Savings Bank,711 Allerton Avenue,Bronx,10467,Bronx
POINT (-72.16339 40.96784),Suffolk County National Bank of Riverhead,351 Pantigo Road,East Hampton,11937,Suffolk
POINT (-73.6574 40.75317),Santander Bank,443 Hillside Avenue,Williston Park,11596,Nassau
POINT (-75.46975 43.27745),"Rome Savings Bank, FSB",8591 Turin Road,Rome,13440,Oneida
POINT (-74.37123 41.74218),USAlliance Financial,7500 Route 209,Napanoch,12458,Ulster
POINT (-75.46034 42.55581),Visions Federal Credit Union,5411 State Highway Route 12,Norwich,13815,Chenango
POINT (-73.992 40.63515),Santander Bank,4823 13th Avenue,Brooklyn,11219,Kings
POINT (-73.96313 40.75805),TD Bank N.A.,1031 First Avenue,New York,10022,New York
POINT (-73.90473 42.80455),Trustco Bank N.A. CTF,1620 Union Street,Schenectady,12309,Schenectady
POINT (-73.53584 40.7941),TD Bank N.A.,391 Jericho Turnpike,Jericho,11853,Nassau
POINT (-74.68486 41.36442),TD Bank N.A.,205 East Main Street,Port Jervis,12771,Orange
POINT (-75.82297 42.09049),State Employees Federal Credit Union,4 Crescent Drive,Kirkwood,13795,Broome
POINT (-73.69822 43.3302),TD Bank N.A.,340 Aviation Road,Queensbury,12804,Warren
POINT (-73.95296 40.78023),Valley National Bank,1569 THIRD AVENUE,NEW YORK,10128,New York
POINT (-73.79656 41.01136),Trustco Bank N.A. CTF,220 East Hartsdale Avenue,Hartsdale,10530,Westchester
POINT (-76.48221 42.47859),Tompkins Trust Company,2251 North Triphammer Road,Ithaca,14850,Tompkins
POINT (-73.96497 40.6248),TD Bank N.A.,1104 Avenue J,Brooklyn,11230,Kings
POINT (-76.59096 42.3619),Tioga State Bank,183 Main Street,Newfield,14867,Tompkins
POINT (-78.8237 43.03845),State Employees Federal Credit Union,3155 Niagara Falls Boulevard,Amherst,14226,Erie
POINT (-74.0237 41.47569),Walden Savings Bank,213 Quassaick Avenue,New Windsor,12553,Orange
POINT (-73.9437 42.814),Trustco Bank N.A. CTF,320 State Street,Schenectady,12305,Schenectady
POINT (-73.86786 40.85664),TD Bank N.A.,650 Pelham Parkway South,Bronx,10462,Bronx
POINT (-75.45542 43.23663),Rome Teachers Federal Credit Union,924 Turin Street,Rome,13440,Oneida
POINT (-73.94452 42.7838),Trustco Bank N.A. CTF,1400 Altamont Avenue,Schenectady,12303,Schenectady
POINT (-73.83459 40.8634),Ridgewood Savings Bank,1770 East Gunhill Road,Bronx,10469,Bronx
POINT (-76.55278 42.19919),Tioga State Bank,6 Main Street,Van Etten,14889,Chemung
POINT (-74.01758 42.42609),The Bank of Greene County,4 Garland Lane,Greenville,12083,Greene
POINT (-73.47919 40.69131),Teachers Federal Credit Union,4250A Jerusalem Avenue,Massapequa,11758,Suffolk
POINT (-73.54121 40.6604),TD Bank N.A.,2260 Merrick Road,Merrick,11566,Nassau
POINT (-72.6464 40.8216),TD Bank N.A.,115 Montauk Highway,Westhampton Beach,11978,Suffolk
POINT (-73.98358 40.63288),Santander Bank,4514 16th Avenue,Brooklyn,11204,Kings
POINT (-73.19975 40.82922),TD Bank N.A.,425 Route 347,Hauppauge,11788,Suffolk
POINT (-73.97569 40.75774),TD Bank N.A.,444 Madison Avenue,New York,10022,New York
POINT (-73.68184 41.00398),TD Bank N.A.,101 S Ridge Street,Rye Brook,10573,Westchester
POINT (-75.10239 42.4502),Sidney Federal Credit Union,75 Oneida Street,Oneonta,13820,Otsego
POINT (-73.65687 40.74434),TD Bank N.A.,540-550 Jericho Turnpike,Mineola,11501,Nassau
POINT (-73.85934 40.86564),Sterling National Bank of New York,975 Allerton Avenue,Bronx,10469,Bronx
POINT (-73.78506 40.78858),Ridgewood Savings Bank,208-24 Cross Island Parkway,Bayside,11360,Queens
POINT (-73.84112 40.68035),TD Bank N.A.,97-17 Rockaway Boulevard,Ozone Park,11417,Queens
POINT (-73.2653 43.39684),TD Bank N.A.,100 Quaker Street,Granville,12832,Washington
POINT (-73.98618 40.74622),Valley National Bank,295 FIFTH AVENUE,NEW YORK,10016,New York
POINT (-73.86375 41.06664),UNISTAR Federal Credit Union,303 South Broadway,Tarrytown,10591,Westchester
POINT (-73.74494 40.93817),Webster Bank,1265 Boston Road,Larchmont,10538,Westchester
POINT (-76.00096 43.07076),School Employees of CNY Federal Credit Union,91 Hulbert Street,Minoa,13116,Onondaga
POINT (-73.7892 42.65318),Trustco Bank N.A. CTF,301 New Scotland Avenue,Albany,12208,Albany
,Watertown Savings Bank,Jefferson Community College,Watertown,13601,Jefferson
POINT (-73.70439 40.75846),Sperry Associates Federal Credit Union,365 Lakeville Rd.,Great Neck,11020,Nassau
POINT (-73.02343 40.83094),TD Bank N.A.,949 Horseblock Road,Farmingville,11738,Suffolk
POINT (-73.8177 41.05422),Sterling National Bank of New York,37 East Main Street,Elmsford,10523,Westchester
POINT (-73.96843 40.79909),Santander Bank,2700 Broadway,New York,10025,New York
POINT (-73.92848 41.09349),Sterling National Bank of New York,24 North Highland Avenue,Nyack,10960,Rockland
POINT (-73.87995 41.99067),Trustco Bank N.A. CTF,7391 South Broadway  (Route 9),Red Hook,12571,Dutchess
POINT (-74.11357 40.57232),Santander Bank,260 New Dorp Lane,Staten Island,10306,Richmond
POINT (-73.67036 41.41439),Sterling National Bank of New York,1875 Route 6,Carmel,10512,Putnam
POINT (-73.64572 40.65843),Valley National Bank,41 Front Street,Rockville Centre,11570,Nassau
POINT (-74.31639 44.84868),Sea Comm Federal Credit Union,3349 Route 11,Malone,12953,Franklin
POINT (-76.80889 42.08992),Visions Federal Credit Union,303 North Main Street,Elmira,14901,Chemung
POINT (-73.95255 40.5868),Valley National Bank,1633 Sheepshead Bay Road,Brooklyn,11235,Kings
POINT (-72.48071 41.01879),Suffolk County National Bank of Riverhead,31525 Main Road,Cutchogue,11935,Suffolk
POINT (-76.2361 42.09933),Tioga State Bank,923 State Route 17C,Owego,13827,Tioga
POINT (-73.93206 42.71599),Trustco Bank N.A. CTF,3900 Carman Road,Schenectady,12303,Schenectady
POINT (-73.86296 40.83286),TD Bank N.A.,1866 Westchester Avenue,Bronx,10472,Bronx
POINT (-73.501 40.7702),TD Bank N.A.,500 Old Country Road,Plainview,11803,Nassau
POINT (-73.26702 40.80754),Teachers Federal Credit Union,102 Motor Parkway,Hauppauge,11788,Suffolk
POINT (-72.86407 40.78174),Teachers Federal Credit Union,437 William Floyd Parkway,Shirley,11967,Suffolk
,"Rome Savings Bank, FSB",Erie Blvd. W.,Rome,13440,Oneida
POINT (-74.48334 41.57515),Wayne Bank,101 Sullivan Street,Wurtsboro,12790,Sullivan
POINT (-73.94634 40.68038),TD Bank N.A.,957 Marcy Avenue,Brooklyn,11216,Kings
POINT (-73.83988 43.02293),Sunmark Credit Union,202 Northline Road,Ballston Spa,12020,Saratoga
POINT (-73.82964 40.76038),Shinhan Bank America,136-17 39th Avenue,Flushing,11354,Queens
POINT (-73.81083 42.69759),TD Bank N.A.,1256 Central Avenue,Albany,12205,Albany
POINT (-73.98954 40.74003),Valley National Bank,924 Broadway,New York,10010,New York
POINT (-73.21157 40.79937),Teachers Federal Credit Union,118 Wheeler Road,Central Islip,11722,Suffolk
POINT (-74.02744 40.62006),Santander Bank,8808 Fifth Avenue 88th Street,Brooklyn,11209,Kings
POINT (-73.86607 42.22071),The Bank of Greene County,425 Main Street,Catskill,12414,Greene
POINT (-75.87719 43.96615),Watertown Savings Bank,1816 State Street,Watertown,13601,Jefferson
POINT (-73.90709 41.56553),TEG Federal Credit Union,1145 Route 9,Wappingers Falls,12590,Dutchess
POINT (-73.05575 40.84712),Suffolk Federal Credit Union,533 College Road,Selden,11784,Suffolk
POINT (-73.88726 40.73029),Ridgewood Savings Bank,74-25 Grand Avenue,Elmhurst,11373,Queens
POINT (-73.89016 40.70116),Ridgewood Savings Bank,65-01 Myrtle Avenue,Glendale,11385,Queens
POINT (-73.96587 41.3682),Wallkill Valley FS & LA,225 Main Street,Highland Falls,10928,Orange
POINT (-73.88958 42.69726),Trustco Bank N.A. CTF,2050 Western Avenue,Guiderland,12084,Albany
POINT (-76.14184 43.12358),Solvay Bank,628 South Main Street,North Syracuse,13212,Onondaga
POINT (-73.99003 40.61929),Santander Bank,6424 18th Avenue,Brooklyn,11204,Kings
POINT (-73.88842 41.69861),Ulster Savings Bank,39 Burnett Boulevard,Poughkeepsie,12601,Dutchess
POINT (-73.10407 40.778),Teachers Federal Credit Union,105 Wilbur Place,Bohemia,11716,Suffolk
POINT (-73.69966 40.73903),TD Bank N.A.,100-110 Hillside Avenue,New Hyde Park,11040,Nassau
POINT (-73.95152 40.81032),TD Bank N.A.,300 West 125th Street,New York,10027,New York
,Summit Bank,West Genesee & Onondaga Blvd,Camillus,13031,Onondaga
POINT (-73.95454 42.0788),Sawyer Savings Bank,87 Market Street,Saugerties,12477,Ulster
POINT (-73.68482 40.98425),Webster Bank,72 Purchase Street,Rye,10580,Westchester
POINT (-73.60417 42.34858),The Bank of Greene County,2631 Route 66,Ghent,12705,Columbia
POINT (-73.85239 40.85212),TD Bank N.A.,1864 Williamsbridge Road,Bronx,10461,Bronx
POINT (-73.9802 41.2085),TD Bank N.A.,Route 9W & Samsondale Plaza,West Haverstraw,10993,Rockland
POINT (-77.66304 42.32417),ServU Federal Credit Union,10 Taylor Street,Hornell,14843,Steuben
POINT (-73.9822 42.81346),Trustco Bank N.A. CTF,141 West Campbell Road,Rotterdam,12306,Schenectady
POINT (-73.72498 40.62078),Wells Fargo ATM,464 Central Avenue,Cedarhurst,11516,Nassau
POINT (-75.51349 42.53633),Sidney Federal Credit Union,"East River Road, Route 23",Norwich,13815,Chenango
POINT (-78.03397 42.22319),Steuben Trust Company,11 Schuyler Street,Belmont,14813,Allegany
POINT (-73.8132 42.62929),Trustco Bank N.A. CTF,167 Delaware Avenue,Delmar,12054,Albany
POINT (-74.08798 40.59118),TD Bank N.A.,1540 Hylan Boulevard,Staten Island,10305,Richmond
POINT (-73.11332 40.85993),TD Bank N.A.,2822 Middle Country Road,Lake Grove,11755,Suffolk
POINT (-73.55898 40.75478),TD Bank N.A.,999 Old Country Road,Westbury,11590,Nassau
POINT (-73.71208 43.42702),TD Bank N.A.,350 Canada Street,Lake George,12845,Warren
POINT (-73.91829 40.81624),Santander Bank,389 East 149th Street,Bronx,10455,Bronx
POINT (-73.99959 40.59476),TD Bank N.A.,1630 Shore Parwkay,Brooklyn,11214,Kings
POINT (-74.18369 41.60521),Wallkill Valley FS & LA,23 Wallkill Avenue,Wallkill,12589,Ulster
POINT (-73.73413 42.73969),Trustco Bank N.A. CTF,201 Troy-Schenectady Road,Latham,12110,Albany
POINT (-76.47171 43.06581),School Employees of CNY Federal Credit Union,9 Mechanic Street,Jordan,13080,Onondaga
POINT (-75.45748 44.70528),Sea Comm Federal Credit Union,3001 Ford Street Extension,Ogdensburg,13669,St. Lawrence
POINT (-73.41633 40.79152),TD Bank N.A.,1144 Walt Whitman Road,Melville,11747,Suffolk
POINT (-72.42624 40.89221),Suffolk Federal Credit Union,"850 North Country Road Drive, Route 39",Southampton,11968,Suffolk
POINT (-73.73372 40.95019),Wells Fargo ATM,219 Mamaroneck Avenue,Mamaroneck,10543,Westchester
POINT (-73.7234 40.62192),TD Bank N.A.,516 East Central Avenue,Cedarhurst,11516,Nassau
POINT (-73.32068 40.73579),Teachers Federal Credit Union,1134 Deer Park Avenue,North Babylon,11703,Suffolk
POINT (-73.95904 42.80052),Sunmark Credit Union,1616 Broadway,Schenectady,12306,Schenectady
POINT (-73.91751 40.62717),TD Bank N.A.,2063 Ralph Avenue,Brooklyn,11234,Kings
POINT (-73.9016 40.72286),Valley National Bank,64-01 Grand Avenue,Maspeth,11378,Queens
POINT (-73.80868 40.91328),Trustco Bank N.A. CTF,136  Fifth Ave,Pelham,10803,Westchester
POINT (-73.91044 40.77596),TD Bank N.A.,31-04 Ditmars Boulevard,Astoria,11105,Queens
,TD Bank N.A.,Northern Boulevard,Old Westbury,11568,Nassau
POINT (-74.0244004642 41.52100020551),TEG Federal Credit Union,"16 North Plank Road, Suite 101",Newburgh,12550,Orange
POINT (-74.08551 40.59615),Santander Bank,1320 Hylan Boulevard,Staten Island,10305,Richmond
POINT (-74.10604 42.0056),Rondout Savings Bank,295-4 Route 375,West Hurley,12491,Ulster
POINT (-73.77318 40.71505),TD Bank N.A.,188-10 Hillside Avenue,Hollis,11423,Queens
POINT (-75.87451 42.1044),Visions Federal Credit Union,495 Court Street,Binghamton,13904,Broome
POINT (-73.55707 40.75555),Valley National Bank,1055 Old Country Road,Westbury,11590,Nassau
POINT (-73.98562 40.74698),Shinhan Bank America,313 Fifth Avenue,New York,10016,New York
POINT (-73.88516 40.73845),TD Bank N.A.,78-11 Queens Boulevard,Elmhurst,11373,Queens
POINT (-73.9691 40.75409),TD Bank N.A.,919 Second Avenue,New York,10017,New York
POINT (-73.68563 41.26095),Trustco Bank N.A. CTF,18 Woods Bridge Road,Katonah,10536,Westchester
POINT (-73.43735 44.89037),TD Bank N.A.,9679 Route 9,Chazy,12921,Franklin
POINT (-73.65841 40.74328),Ridgewood Savings Bank,2465 Jericho Turnpike,Garden City Park,11040,Nassau
POINT (-73.71541 40.95428),TD Bank N.A.,1521 East Boston Post Road,Mamaroneck,10543,Westchester
POINT (-76.81663 42.06221),Solutions Credit Union,907 Broadway,Elmira,14904,Chemung
POINT (-76.79867 42.91049),"Summit Federal Credit Union, The",123 Fall Street,Seneca Falls,13148,Seneca
POINT (-73.86602 42.62908),Trustco Bank N.A. CTF,1569 New Scotland Road,Slingerlands,12159,Albany
POINT (-73.74861 42.67585),Trustco Bank N.A. CTF,372 Northern Boulevard,Albany,12204,Albany
POINT (-72.19098 40.96465),Suffolk County National Bank of Riverhead,99 Newtown Lane,East Hampton,11937,Suffolk
POINT (-76.51107 42.44003),Tompkins Trust Company,701 West Seneca Street,Ithaca,14850,Tompkins
,Suffolk Federal Credit Union,1 Peace Keepers Drive,Southampton,11968,Suffolk
POINT (-78.76755 43.01506),Riverside Federal Credit Union,315 Stahl Road,Getzville,14068,Erie
POINT (-73.99365 40.75194),TD Bank N.A.,Five Penn Plaza,New York,10001,New York
POINT (-73.98485 40.7634),Santander Bank,260 West 52nd Street/864 Eithth Avenue,New York,10019,New York
POINT (-73.99793 40.71687),United Orient Bank,185 Canal Street,New York,10013,New York
POINT (-73.99434 40.68568),Ridgewood Savings Bank,244 Court Street,Brooklyn,11201,Kings
POINT (-73.82874 41.15139),Trustco Bank N.A. CTF,75 North State Road,Briarcliff Manor,10510,Westchester
POINT (-74.1511 40.54989),Santander Bank,4025 Amboy Road,Staten Island,10308,Richmond
POINT (-74.03092 40.6238),Ridgewood Savings Bank,8522 3rd Avenue,Brooklyn,11209,Kings
POINT (-73.93201 41.09328),Trustco Bank N.A. CTF,21 Route 59,Nyack,10960,Rockland
POINT (-73.69644 40.72996),TD Bank N.A.,372 Jericho Turnpike,Floral Park,11001,Nassau
POINT (-73.67925 41.43004),TD Bank N.A.,98 Gleneida Avenue,Carmel,10512,Putnam
POINT (-76.12816 43.29212),WSB Municipal Bank,3018 East Avenue,Central Square,13036,Oswego
POINT (-73.63479 40.72742),TD Bank N.A.,855 Franklin Avenue,Garden City,11533,Nassau
POINT (-76.98577 42.52572),ServU Federal Credit Union,46 Millard Street,Dundee,14837,Yates
POINT (-74.0146 40.71405),USAlliance Financial,200 Vesey Street,New York,10281,New York
POINT (-74.11595 40.62897),Santander Bank,800 Forest Avenue,Staten Island,10310,Richmond
POINT (-74.10625 41.11267),TD Bank N.A.,250 Route 59,Suffern,10901,Rockland
POINT (-73.92093 40.86778),TD Bank N.A.,4941 Broadway,New York,10034,New York
POINT (-72.99516 40.82678),Suffolk County National Bank of Riverhead,2801-B Route 112,Medford,11763,Suffolk
POINT (-73.97339 40.76087),Wells Fargo ATM,540 Madison Avenue,New York,10022,New York
POINT (-73.68387 40.98461),Wells Fargo ATM,12 Purdy Avenue,Rye,10580,Westchester
POINT (-73.91478 40.74376),Woori America Bank,43-22 50th Street,Woodside,11377,Queens
POINT (-73.91572 41.6158),Wells Fargo ATM,1863 South Road -- Route 9,Wappingers Falls,12590,Dutchess
POINT (-73.90246 41.53561),Wells Fargo ATM,1098 Main Street,Fishkill,12524,Dutchess
POINT (-73.77884 41.12579),Wells Fargo ATM,962 Broadway,Thornwood,10594,Westchester
POINT (-73.98519 40.74758),Woori America Bank,330 FIFTH AVENUE,NEW YORK,10001,New York
POINT (-73.66119 41.00273),Wells Fargo ATM,133 North Main Street,Portchester,10573,Westchester
POINT (-73.99159 40.73152),Wells Fargo ATM,781 BROADWAY,NEW YORK,10003,New York
POINT (-74.08796 41.74718),Wells Fargo ATM,29 Main Street,New Paltz,12561,Ulster
POINT (-73.8314 40.97647),Wells Fargo ATM,2290 Central Park Avenue,Yonkers,10710,Westchester
POINT (-73.97418 40.75112),Wells Fargo ATM,666 Third Avenue,New York,10017,New York
POINT (-78.8717 42.88881),Western Division Federal Credit Union,535 Washington Street,Buffalo,14202,Erie
POINT (-73.68344 41.25498),Wells Fargo ATM,262 Katonah Avenue,Katonah,10536,Westchester
POINT (-74.04134 41.19108),Wells Fargo ATM,7 Mount Ivy Road,Pomona,10970,Rockland
POINT (-73.97527 40.79001),Wells Fargo ATM,2411 Broadway,New York,10024,New York
POINT (-74.01765 41.93225),Wells Fargo ATM,235 Fair Street,Kingston,12401,Ulster
POINT (-77.53761 43.10302),Xceed Financial Credit Union,3330 Monroe Avenue,Rochester,14644,Monroe
POINT (-73.9579 40.77345),Wells Fargo ATM,1370 Third Avenue,New York,10021,New York
POINT (-73.72863 41.20654),"Westchester Bank, The",51 South Moger Avenue,Mount Kisco,10549,Westchester
POINT (-73.73494 40.95113),"Westchester Bank, The",305 Mamaroneck Avenue,Mamaroneck,10543,Westchester
POINT (-73.76678 41.05517),Wells Fargo ATM,674 North Broadway,North White Plains,10607,Westchester
POINT (-73.84333 41.02059),Wells Fargo ATM,921 Saw Mill River Road,Ardsley,10502,Westchester
POINT (-73.83685 41.32716),Wells Fargo ATM,1342 East Main Street,Shrub Oak,10588,Westchester
POINT (-74.01155 40.70464),Wells Fargo ATM,75 Broad Street,New York,10004,New York
POINT (-77.61782 43.15449),Xceed Financial Credit Union,189 West Main Street,Rochester,14580,Monroe
POINT (-73.87303 40.96669),Wells Fargo ATM,500 Odell Avenue,Yonkers,10703,Westchester
POINT (-73.92226 41.09166),Wells Fargo ATM,155 Main Street,Nyack,10960,Rockland
POINT (-73.86167 41.06454),Wells Fargo ATM,350 South Broadway,Tarrytown,10591,Westchester
POINT (-73.81401 40.95421),Wells Fargo ATM,375 White Plains Road,Eastchester,10709,Westchester
POINT (-73.98187 40.76585),Wells Fargo ATM,1755 Broadway,New York,10019,New York
POINT (-73.75946 42.65455),Woori America Bank,1 commerce plaza,Albany,12208,Albany
POINT (-77.41916 43.2216),Xceed Financial Credit Union,"800 Philips Road, Building 207",Webster,14580,Monroe
POINT (-77.8699 43.10812),Westside Community Federal Credit Union,125 East Buffalo Street,Churchville,14428,Monroe
POINT (-73.70613 40.84094),Wells Fargo ATM,100 Shore Road,Port Washington,11050,Nassau
POINT (-73.99795 40.73583),Wells Fargo ATM,475 SIXTH AVENUE,NEW YORK,10011,New York
POINT (-73.96964 40.75735),Wells Fargo ATM,866 Third Avenue,New York,10022,New York
POINT (-73.76021 41.02269),"Westchester Bank, The",464 Mamaroneck Avenue,White Plains,10605,Westchester
POINT (-73.97712 40.78744),Wells Fargo ATM,2330 Broadway,New York,10024,New York
POINT (-73.82735 40.95046),Wells Fargo ATM,50 Main Street,Tuckahoe,10707,Westchester
POINT (-73.50193 40.82232),Wells Fargo ATM,137 Jackson Avenue,Syosset,11791,Nassau
POINT (-73.75034 40.92986),Wells Fargo ATM,2065 Boston Post Road,Larchmont,10538,Westchester
POINT (-73.76704 40.76059),Woori America Bank,215-10 NORTHERN BOULEVARD,BAYSIDE,11361,Queens
POINT (-73.80664 40.98931),Wells Fargo ATM,24 Chase Road,Scarsdale,10583,Westchester
POINT (-74.07856 41.10925),Wells Fargo ATM,154 Route 59,Monsey,10952,Rockland
POINT (-73.79556 40.94654),Wells Fargo ATM,1307 North Avenue,New Rochelle,10804,Westchester
POINT (-78.75405 42.85299),Western New York Federal Credit Union,1937 UNION ROAD,WEST SENECA,14224,Erie
POINT (-73.82958 41.1491),Wells Fargo ATM,1050 Pleasantville Road,Briarcliff Manor,10510,Westchester
POINT (-73.85213 40.92933),Wells Fargo ATM,5080 Xavier Drive,Yonkers,10704,Westchester
POINT (-74.03065 41.1046),Wells Fargo ATM,154 Spring Valley Market,Spring Valley,10977,Rockland
POINT (-74.00379 40.74311),Wells Fargo ATM,112 Ninth Avenue,New York,10011,New York
POINT (-73.90712 40.88701),Wells Fargo ATM,3709 Riverdale Avenue,Riverdale,10463,Bronx
POINT (-78.84346 42.93125),Western Division Federal Credit Union,93 Dewey Avenue,Buffalo,14214,Erie
POINT (-73.77289 41.15792),Wells Fargo ATM,75 South Greeley Avenue,Chappaqua,10514,Westchester
POINT (-73.69121 41.00673),"Westchester Bank, The",800 Westchester Avenue,Rye Brook,10573,Westchester
POINT (-73.9527 41.41818),Wells Fargo ATM,41 Chestnut Street,Cold Spring,10516,Putnam
POINT (-73.68062 41.00043),Wells Fargo ATM,243 South Ridge Road,Rye Brook,10573,Westchester
POINT (-73.98281 40.75661),Wells Fargo ATM,1156 Avenue of the Americas,New York,10036,New York
POINT (-73.92119 41.29029),Wells Fargo ATM,920 South Street,Peekskill,10566,Westchester
POINT (-73.82731 40.76098),Woori America Bank,136-88 39th Avenue,Flushing,11354,Queens
POINT (-73.97583 40.75754),Wells Fargo ATM,437 Madison Avenue,New York,10022,New York
POINT (-73.77863 41.12615),"Westchester Bank, The",994 Broadway,Thornwood,10594,Westchester
POINT (-73.97578 40.75466),Wells Fargo ATM,230 Park Avenue,New York,10169,New York
POINT (-73.79208 41.13584),Wells Fargo ATM,44 Washington Avenue,Pleasantville,10570,Westchester
POINT (-77.60637 43.15707),Xceed Financial Credit Union,100 Clinton Avenue South,Rochester,14644,Monroe
POINT (-76.33083 43.03593),Westar Federal Credit Union,2565 Hambletonian Way,Camillus,13031,Onondaga
POINT (-77.66793 43.20565),Xceed Financial Credit Union,1552 West Ridge Road,Rochester,14615,Monroe
POINT (-73.80755 41.57813),Wells Fargo ATM,394 Route 376,Hopewell Junction,12533,Dutchess
POINT (-73.76469 41.02794),Wells Fargo ATM,202 Mamaroneck Avenue,White Plains,10602,Westchester
POINT (-73.9684 40.76194),Wells Fargo ATM,731 Lexington Avenue,New York,10022,New York
POINT (-73.83802 40.96692),"Westchester Bank, The",2001 Central Park Avenue,Yonkers,10710,Westchester
POINT (-73.99127 40.74501),Wells Fargo ATM,777 Avenue of the Americas,New York,10010,New York
POINT (-73.90882 41.22724),Wells Fargo ATM,5 Baltic Place,Croton-On-Hudson,10520,Westchester
POINT (-73.62874 40.8094),Wells Fargo ATM,9 Northern Boulevard,Greenvale,11548,Nassau
POINT (-73.84898 41.1665),Wells Fargo ATM,3 Pleasantville Road,Ossining,10562,Westchester
POINT (-73.99815 40.74066),Wells Fargo ATM,120 Seventh Avenue,New York,10011,New York
POINT (-77.59708 43.08511),Xceed Financial Credit Union,1335 Jefferson Road,Rochester,14623,Monroe
POINT (-73.85707 40.91352),Wells Fargo ATM,1076 Yonkers Avenue,Yonkers,10704,Westchester
POINT (-74.02907 41.52263),Wells Fargo ATM,43 North Plank Road,Newburgh,12550,Orange
POINT (-77.48355 43.11281),Xceed Financial Credit Union,300 Main Street #14B,East Rochester,14445,Monroe
POINT (-73.79029 41.02869),Wells Fargo ATM,401 North Central Avenue,Hartsdale,10530,Westchester
POINT (-73.98836 40.75402),Wells Fargo ATM,535 Seventh Avenue,New York,10018,New York
POINT (-73.88468 41.20267),Wells Fargo ATM,50 Maple Street,Croton-On-Hudson,10520,Westchester
POINT (-73.7127 41.12886),Wells Fargo ATM,490 Main Street,Armonk,10504,Westchester
POINT (-73.78135 41.27456),Wells Fargo ATM,1937 Commerce Street,Yorktown Heights,10598,Westchester
