variant,scheme,fold,model,feature,training_median,all_missing_in_training,scaler_mean,scaler_scale
primary_50m,spatial,fold_0,M0,log1p_background_primary,3.881510654509259,False,3.734690469106109,1.0217132618039566
primary_50m,spatial,fold_0,M1,log1p_background_primary,3.881510654509259,False,3.734690469106109,1.0217132618039564
primary_50m,spatial,fold_0,M1,log1p_population_density,9.742864663705216,False,9.432412355663402,1.6267458286308043
primary_50m,spatial,fold_0,M1,log1p_median_household_income,11.479058189789082,False,11.493359601872486,0.5249500971090281
primary_50m,spatial,fold_0,M1,unemployment_rate,0.04725274725274725,False,0.06642234176574927,0.07368980868420556
primary_50m,spatial,fold_0,M1,log1p_employment_density,3.654569098390558,False,3.972045667856165,1.6114574981261516
primary_50m,spatial,fold_0,M1,log1p_retail_employment_density,1.876626192050106,False,1.9483983190455025,1.2395068903503663
primary_50m,spatial,fold_0,M1,employment_mix,0.7597677350845125,False,0.7092802025640229,0.18809112744807574
primary_50m,spatial,fold_0,M1,log1p_road_network_density,3.44570588538181,False,3.4295692511747826,0.3204379095482653
primary_50m,spatial,fold_0,M1,log1p_auto_road_density,0.0,False,0.5158337064584386,0.915619824927785
primary_50m,spatial,fold_0,M1,log1p_intersection_density,4.6680319268913895,False,4.050495715554632,1.7662362732006516
primary_50m,spatial,fold_0,M1,log1p_transit_service_density,8.075178396492442,False,7.980928704939954,1.4526706455921683
primary_50m,spatial,fold_0,M1,log1p_auto_job_accessibility,13.501175085166965,False,13.357627049169258,0.508101389766241
primary_50m,spatial,fold_0,M1,log1p_atm_density_500m,2.293814424193674,False,2.1748488414932123,1.0654840129747138
primary_50m,spatial,fold_0,M1,log1p_nearest_other_atm,4.289693563483879,False,4.3251636623373795,1.24903283468144
primary_50m,spatial,fold_0,M2,log1p_background_primary,3.881510654509259,False,,
primary_50m,spatial,fold_0,M2,log1p_population_density,9.742864663705216,False,,
primary_50m,spatial,fold_0,M2,log1p_median_household_income,11.479058189789082,False,,
primary_50m,spatial,fold_0,M2,unemployment_rate,0.04725274725274725,False,,
primary_50m,spatial,fold_0,M2,log1p_employment_density,3.654569098390558,False,,
primary_50m,spatial,fold_0,M2,log1p_retail_employment_density,1.876626192050106,False,,
primary_50m,spatial,fold_0,M2,employment_mix,0.7597677350845125,False,,
primary_50m,spatial,fold_0,M2,log1p_road_network_density,3.44570588538181,False,,
primary_50m,spatial,fold_0,M2,log1p_auto_road_density,0.0,False,,
primary_50m,spatial,fold_0,M2,log1p_intersection_density,4.6680319268913895,False,,
primary_50m,spatial,fold_0,M2,log1p_transit_service_density,8.075178396492442,False,,
primary_50m,spatial,fold_0,M2,log1p_auto_job_accessibility,13.501175085166965,False,,
primary_50m,spatial,fold_0,M2,log1p_atm_density_500m,2.293814424193674,False,,
primary_50m,spatial,fold_0,M2,log1p_nearest_other_atm,4.289693563483879,False,,
primary_50m,spatial,fold_1,M0,log1p_background_primary,2.8903717578961645,False,2.9866903874306625,1.0742896001400573
primary_50m,spatial,fold_1,M1,log1p_background_primary,2.8903717578961645,False,2.986690387430662,1.0742896001400573
primary_50m,spatial,fold_1,M1,log1p_population_density,9.427686718877304,False,9.167491189748693,1.3935224640486705
primary_50m,spatial,fold_1,M1,log1p_median_household_income,11.242877898795072,False,11.237082390631127,0.43111931044101415
primary_50m,spatial,fold_1,M1,unemployment_rate,0.050505050505050504,False,0.07170776369230593,0.08094685229957742
primary_50m,spatial,fold_1,M1,log1p_employment_density,2.825866757615886,False,2.8597042051800385,1.0570947996221833
primary_50m,spatial,fold_1,M1,log1p_retail_employment_density,1.2382281894451195,False,1.3246019727159204,0.8789704786796844
primary_50m,spatial,fold_1,M1,employment_mix,0.7525423182972324,False,0.697779344353027,0.20113193655540157
primary_50m,spatial,fold_1,M1,log1p_road_network_density,3.381776047623448,False,3.3527748396730708,0.31708022771756156
primary_50m,spatial,fold_1,M1,log1p_auto_road_density,0.0,False,0.2531280507696106,0.6793283752584602
primary_50m,spatial,fold_1,M1,log1p_intersection_density,4.81638887700819,False,4.616135504061711,1.063796928908858
primary_50m,spatial,fold_1,M1,log1p_transit_service_density,7.213288233195665,False,7.010450436099725,1.3779798147032516
primary_50m,spatial,fold_1,M1,log1p_auto_job_accessibility,13.21626529334314,False,13.120947907665224,0.5483398833851637
primary_50m,spatial,fold_1,M1,log1p_atm_density_500m,1.5727155517124787,False,1.561025536290485,0.9087631301830793
primary_50m,spatial,fold_1,M1,log1p_nearest_other_atm,4.482158044584339,False,4.602081043356224,1.3302013100925967
primary_50m,spatial,fold_1,M2,log1p_background_primary,2.8903717578961645,False,,
primary_50m,spatial,fold_1,M2,log1p_population_density,9.427686718877304,False,,
primary_50m,spatial,fold_1,M2,log1p_median_household_income,11.242877898795072,False,,
primary_50m,spatial,fold_1,M2,unemployment_rate,0.050505050505050504,False,,
primary_50m,spatial,fold_1,M2,log1p_employment_density,2.825866757615886,False,,
primary_50m,spatial,fold_1,M2,log1p_retail_employment_density,1.2382281894451195,False,,
primary_50m,spatial,fold_1,M2,employment_mix,0.7525423182972324,False,,
primary_50m,spatial,fold_1,M2,log1p_road_network_density,3.381776047623448,False,,
primary_50m,spatial,fold_1,M2,log1p_auto_road_density,0.0,False,,
primary_50m,spatial,fold_1,M2,log1p_intersection_density,4.81638887700819,False,,
primary_50m,spatial,fold_1,M2,log1p_transit_service_density,7.213288233195665,False,,
primary_50m,spatial,fold_1,M2,log1p_auto_job_accessibility,13.21626529334314,False,,
primary_50m,spatial,fold_1,M2,log1p_atm_density_500m,1.5727155517124787,False,,
primary_50m,spatial,fold_1,M2,log1p_nearest_other_atm,4.482158044584339,False,,
primary_50m,spatial,fold_2,M0,log1p_background_primary,4.0943445622221,False,3.6946740668160105,1.2173890002281795
primary_50m,spatial,fold_2,M1,log1p_background_primary,4.0943445622221,False,3.6946740668160087,1.2173890002281802
primary_50m,spatial,fold_2,M1,log1p_population_density,9.611874887441171,False,9.289022029639494,1.678003129043255
primary_50m,spatial,fold_2,M1,log1p_median_household_income,11.558266100976672,False,11.537557127172622,0.5192289868418958
primary_50m,spatial,fold_2,M1,unemployment_rate,0.045263157894736845,False,0.06369558900546873,0.07240391546041595
primary_50m,spatial,fold_2,M1,log1p_employment_density,3.7018766767785145,False,3.9520079151011163,1.7611150047903121
primary_50m,spatial,fold_2,M1,log1p_retail_employment_density,1.887124186377208,False,1.9518459700414128,1.3237349189776717
primary_50m,spatial,fold_2,M1,employment_mix,0.7644595719924616,False,0.7141259085511232,0.19074770301155577
primary_50m,spatial,fold_2,M1,log1p_road_network_density,3.4529413541733045,False,3.4194006460870563,0.3491086389521566
primary_50m,spatial,fold_2,M1,log1p_auto_road_density,0.0,False,0.6183579616503234,0.9672319082934524
primary_50m,spatial,fold_2,M1,log1p_intersection_density,4.682221091699408,False,4.042248912619773,1.7926238399033512
primary_50m,spatial,fold_2,M1,log1p_transit_service_density,8.253978607671957,False,7.871440246043655,1.722592193341726
primary_50m,spatial,fold_2,M1,log1p_auto_job_accessibility,13.537659997425783,False,13.368680926647551,0.5919928960715052
primary_50m,spatial,fold_2,M1,log1p_atm_density_500m,2.1563374497238987,False,2.163338350110231,1.1166362415686388
primary_50m,spatial,fold_2,M1,log1p_nearest_other_atm,4.357670436655453,False,4.410444814186893,1.2464814934377528
primary_50m,spatial,fold_2,M2,log1p_background_primary,4.0943445622221,False,,
primary_50m,spatial,fold_2,M2,log1p_population_density,9.611874887441171,False,,
primary_50m,spatial,fold_2,M2,log1p_median_household_income,11.558266100976672,False,,
primary_50m,spatial,fold_2,M2,unemployment_rate,0.045263157894736845,False,,
primary_50m,spatial,fold_2,M2,log1p_employment_density,3.7018766767785145,False,,
primary_50m,spatial,fold_2,M2,log1p_retail_employment_density,1.887124186377208,False,,
primary_50m,spatial,fold_2,M2,employment_mix,0.7644595719924616,False,,
primary_50m,spatial,fold_2,M2,log1p_road_network_density,3.4529413541733045,False,,
primary_50m,spatial,fold_2,M2,log1p_auto_road_density,0.0,False,,
primary_50m,spatial,fold_2,M2,log1p_intersection_density,4.682221091699408,False,,
primary_50m,spatial,fold_2,M2,log1p_transit_service_density,8.253978607671957,False,,
primary_50m,spatial,fold_2,M2,log1p_auto_job_accessibility,13.537659997425783,False,,
primary_50m,spatial,fold_2,M2,log1p_atm_density_500m,2.1563374497238987,False,,
primary_50m,spatial,fold_2,M2,log1p_nearest_other_atm,4.357670436655453,False,,
primary_50m,spatial,fold_3,M0,log1p_background_primary,3.5263605246161616,False,3.5137668830231807,1.174538480182224
primary_50m,spatial,fold_3,M1,log1p_background_primary,3.5263605246161616,False,3.513766883023183,1.1745384801822227
primary_50m,spatial,fold_3,M1,log1p_population_density,9.594309350239419,False,9.302725102359128,1.6051160546492595
primary_50m,spatial,fold_3,M1,log1p_median_household_income,11.530947095166587,False,11.53739692323911,0.5140537303667531
primary_50m,spatial,fold_3,M1,unemployment_rate,0.042789223454833596,False,0.06080532556572056,0.06412861860504386
primary_50m,spatial,fold_3,M1,log1p_employment_density,3.6325908406637577,False,3.9101806349060184,1.73002860142634
primary_50m,spatial,fold_3,M1,log1p_retail_employment_density,1.7679158829047785,False,1.9018635421137737,1.2828611457139316
primary_50m,spatial,fold_3,M1,employment_mix,0.761203850872028,False,0.7169268293037713,0.182607241019288
primary_50m,spatial,fold_3,M1,log1p_road_network_density,3.443753624268729,False,3.416875752326326,0.31875744871986955
primary_50m,spatial,fold_3,M1,log1p_auto_road_density,0.0,False,0.5514402146933054,0.9355828780589182
primary_50m,spatial,fold_3,M1,log1p_intersection_density,4.638649943019482,False,4.026411154902905,1.7458325215694368
primary_50m,spatial,fold_3,M1,log1p_transit_service_density,7.912374029811021,False,7.787643084003558,1.6346856959676692
primary_50m,spatial,fold_3,M1,log1p_auto_job_accessibility,13.475030894174296,False,13.279615614171643,0.5865047596599253
primary_50m,spatial,fold_3,M1,log1p_atm_density_500m,2.293814424193674,False,2.1688678423362413,1.1154857379491665
primary_50m,spatial,fold_3,M1,log1p_nearest_other_atm,4.351459266833762,False,4.3963274363572244,1.2538338274549266
primary_50m,spatial,fold_3,M2,log1p_background_primary,3.5263605246161616,False,,
primary_50m,spatial,fold_3,M2,log1p_population_density,9.594309350239419,False,,
primary_50m,spatial,fold_3,M2,log1p_median_household_income,11.530947095166587,False,,
primary_50m,spatial,fold_3,M2,unemployment_rate,0.042789223454833596,False,,
primary_50m,spatial,fold_3,M2,log1p_employment_density,3.6325908406637577,False,,
primary_50m,spatial,fold_3,M2,log1p_retail_employment_density,1.7679158829047785,False,,
primary_50m,spatial,fold_3,M2,employment_mix,0.761203850872028,False,,
primary_50m,spatial,fold_3,M2,log1p_road_network_density,3.443753624268729,False,,
primary_50m,spatial,fold_3,M2,log1p_auto_road_density,0.0,False,,
primary_50m,spatial,fold_3,M2,log1p_intersection_density,4.638649943019482,False,,
primary_50m,spatial,fold_3,M2,log1p_transit_service_density,7.912374029811021,False,,
primary_50m,spatial,fold_3,M2,log1p_auto_job_accessibility,13.475030894174296,False,,
primary_50m,spatial,fold_3,M2,log1p_atm_density_500m,2.293814424193674,False,,
primary_50m,spatial,fold_3,M2,log1p_nearest_other_atm,4.351459266833762,False,,
primary_50m,spatial,fold_4,M0,log1p_background_primary,3.970291913552122,False,3.690510379531353,1.1676539473597523
primary_50m,spatial,fold_4,M1,log1p_background_primary,3.970291913552122,False,3.6905103795313545,1.167653947359753
primary_50m,spatial,fold_4,M1,log1p_population_density,9.73938356157139,False,9.337233087197141,1.7450222394255437
primary_50m,spatial,fold_4,M1,log1p_median_household_income,11.569627107839532,False,11.546239647801265,0.5397130929780766
primary_50m,spatial,fold_4,M1,unemployment_rate,0.044114785131716294,False,0.06557333923056026,0.0738822441609287
primary_50m,spatial,fold_4,M1,log1p_employment_density,3.751463002091177,False,4.055386080320923,1.698757097176606
primary_50m,spatial,fold_4,M1,log1p_retail_employment_density,1.882734596354446,False,1.9823555728073528,1.291773826005541
primary_50m,spatial,fold_4,M1,employment_mix,0.7571817660007433,False,0.7043168598155061,0.1908747230841397
primary_50m,spatial,fold_4,M1,log1p_road_network_density,3.4297364074784715,False,3.41170260011083,0.3298021818655012
primary_50m,spatial,fold_4,M1,log1p_auto_road_density,0.0,False,0.5818083189534806,0.9411919961430799
primary_50m,spatial,fold_4,M1,log1p_intersection_density,4.582758933260672,False,3.8982728169875758,1.8367404993702086
primary_50m,spatial,fold_4,M1,log1p_transit_service_density,8.23806893775228,False,7.955253881808555,1.6164759811108549
primary_50m,spatial,fold_4,M1,log1p_auto_job_accessibility,13.429052172268717,False,13.252140510949518,0.5974980348334059
primary_50m,spatial,fold_4,M1,log1p_atm_density_500m,2.293814424193674,False,2.232918703298313,1.0703271983957943
primary_50m,spatial,fold_4,M1,log1p_nearest_other_atm,4.320183171973455,False,4.35404940305215,1.227558976710112
primary_50m,spatial,fold_4,M2,log1p_background_primary,3.970291913552122,False,,
primary_50m,spatial,fold_4,M2,log1p_population_density,9.73938356157139,False,,
primary_50m,spatial,fold_4,M2,log1p_median_household_income,11.569627107839532,False,,
primary_50m,spatial,fold_4,M2,unemployment_rate,0.044114785131716294,False,,
primary_50m,spatial,fold_4,M2,log1p_employment_density,3.751463002091177,False,,
primary_50m,spatial,fold_4,M2,log1p_retail_employment_density,1.882734596354446,False,,
primary_50m,spatial,fold_4,M2,employment_mix,0.7571817660007433,False,,
primary_50m,spatial,fold_4,M2,log1p_road_network_density,3.4297364074784715,False,,
primary_50m,spatial,fold_4,M2,log1p_auto_road_density,0.0,False,,
primary_50m,spatial,fold_4,M2,log1p_intersection_density,4.582758933260672,False,,
primary_50m,spatial,fold_4,M2,log1p_transit_service_density,8.23806893775228,False,,
primary_50m,spatial,fold_4,M2,log1p_auto_job_accessibility,13.429052172268717,False,,
primary_50m,spatial,fold_4,M2,log1p_atm_density_500m,2.293814424193674,False,,
primary_50m,spatial,fold_4,M2,log1p_nearest_other_atm,4.320183171973455,False,,
primary_50m,leave_city_out,new_york_city,M0,log1p_background_primary,2.70805020110221,False,2.4910402345613196,0.8049997484809616
primary_50m,leave_city_out,new_york_city,M1,log1p_background_primary,2.70805020110221,False,2.491040234561319,0.8049997484809618
primary_50m,leave_city_out,new_york_city,M1,log1p_population_density,7.481310126736239,False,7.553668524766246,0.6398378961039798
primary_50m,leave_city_out,new_york_city,M1,log1p_median_household_income,11.019333812850217,False,10.926228199719946,0.4024152336969688
primary_50m,leave_city_out,new_york_city,M1,unemployment_rate,0.042364532019704436,False,0.057217039513313965,0.053770105408768136
primary_50m,leave_city_out,new_york_city,M1,log1p_employment_density,2.5802696426792373,False,2.9084653689847206,1.418744563995074
primary_50m,leave_city_out,new_york_city,M1,log1p_retail_employment_density,0.31222948293546415,False,0.3802221311509942,0.3219267749820777
primary_50m,leave_city_out,new_york_city,M1,employment_mix,0.6933901131846945,False,0.5917349403645676,0.2520987221790718
primary_50m,leave_city_out,new_york_city,M1,log1p_road_network_density,3.3002429676392797,False,3.2407200942540446,0.3138207475811887
primary_50m,leave_city_out,new_york_city,M1,log1p_auto_road_density,0.0,False,0.8165122750978705,0.9278150881477613
primary_50m,leave_city_out,new_york_city,M1,log1p_intersection_density,4.923216352756571,False,4.795731377399332,0.5599532090620063
primary_50m,leave_city_out,new_york_city,M1,log1p_transit_service_density,4.543548823030681,False,4.420631288670737,0.8644816802285921
primary_50m,leave_city_out,new_york_city,M1,log1p_auto_job_accessibility,11.378622030137894,False,11.388192877275072,0.12994015424678357
primary_50m,leave_city_out,new_york_city,M1,log1p_atm_density_500m,0.8212059263546096,False,1.0402550197303209,0.9675646482019528
primary_50m,leave_city_out,new_york_city,M1,log1p_nearest_other_atm,5.4422396581006875,False,5.457931470414444,1.243452245091153
primary_50m,leave_city_out,new_york_city,M2,log1p_background_primary,2.70805020110221,False,,
primary_50m,leave_city_out,new_york_city,M2,log1p_population_density,7.481310126736239,False,,
primary_50m,leave_city_out,new_york_city,M2,log1p_median_household_income,11.019333812850217,False,,
primary_50m,leave_city_out,new_york_city,M2,unemployment_rate,0.042364532019704436,False,,
primary_50m,leave_city_out,new_york_city,M2,log1p_employment_density,2.5802696426792373,False,,
primary_50m,leave_city_out,new_york_city,M2,log1p_retail_employment_density,0.31222948293546415,False,,
primary_50m,leave_city_out,new_york_city,M2,employment_mix,0.6933901131846945,False,,
primary_50m,leave_city_out,new_york_city,M2,log1p_road_network_density,3.3002429676392797,False,,
primary_50m,leave_city_out,new_york_city,M2,log1p_auto_road_density,0.0,False,,
primary_50m,leave_city_out,new_york_city,M2,log1p_intersection_density,4.923216352756571,False,,
primary_50m,leave_city_out,new_york_city,M2,log1p_transit_service_density,4.543548823030681,False,,
primary_50m,leave_city_out,new_york_city,M2,log1p_auto_job_accessibility,11.378622030137894,False,,
primary_50m,leave_city_out,new_york_city,M2,log1p_atm_density_500m,0.8212059263546096,False,,
primary_50m,leave_city_out,new_york_city,M2,log1p_nearest_other_atm,5.4422396581006875,False,,
primary_50m,leave_city_out,buffalo,M0,log1p_background_primary,3.7376696182833684,False,3.6100745493841835,1.1554519244432067
primary_50m,leave_city_out,buffalo,M1,log1p_background_primary,3.7376696182833684,False,3.6100745493841853,1.1554519244432064
primary_50m,leave_city_out,buffalo,M1,log1p_population_density,9.708440331931062,False,9.403908901008021,1.6005396595408916
primary_50m,leave_city_out,buffalo,M1,log1p_median_household_income,11.510332105117628,False,11.512386988643266,0.5103108958789874
primary_50m,leave_city_out,buffalo,M1,unemployment_rate,0.04716981132075472,False,0.0659876117225973,0.0730655900524363
primary_50m,leave_city_out,buffalo,M1,log1p_employment_density,3.5218331845630506,False,3.8567505320905973,1.6508161748001853
primary_50m,leave_city_out,buffalo,M1,log1p_retail_employment_density,1.8371769149498145,False,1.915488810248779,1.2351614514536737
primary_50m,leave_city_out,buffalo,M1,employment_mix,0.7602707284946608,False,0.7099424013847598,0.1897865054647935
primary_50m,leave_city_out,buffalo,M1,log1p_road_network_density,3.441796330035743,False,3.4188973712290607,0.3244857457533673
primary_50m,leave_city_out,buffalo,M1,log1p_auto_road_density,0.0,False,0.4996353023046014,0.9054643778016247
primary_50m,leave_city_out,buffalo,M1,log1p_intersection_density,4.671233994956426,False,4.074335857577557,1.7357857425371088
primary_50m,leave_city_out,buffalo,M1,log1p_transit_service_density,7.989064469654582,False,7.914189283057436,1.4627745300293948
primary_50m,leave_city_out,buffalo,M1,log1p_auto_job_accessibility,13.487017596470757,False,13.37079350119765,0.4230631490802903
primary_50m,leave_city_out,buffalo,M1,log1p_atm_density_500m,2.1563374497238987,False,2.1304050361548854,1.0667440320635637
primary_50m,leave_city_out,buffalo,M1,log1p_nearest_other_atm,4.325968785977107,False,4.358236050148168,1.2574567214211396
primary_50m,leave_city_out,buffalo,M2,log1p_background_primary,3.7376696182833684,False,,
primary_50m,leave_city_out,buffalo,M2,log1p_population_density,9.708440331931062,False,,
primary_50m,leave_city_out,buffalo,M2,log1p_median_household_income,11.510332105117628,False,,
primary_50m,leave_city_out,buffalo,M2,unemployment_rate,0.04716981132075472,False,,
primary_50m,leave_city_out,buffalo,M2,log1p_employment_density,3.5218331845630506,False,,
primary_50m,leave_city_out,buffalo,M2,log1p_retail_employment_density,1.8371769149498145,False,,
primary_50m,leave_city_out,buffalo,M2,employment_mix,0.7602707284946608,False,,
primary_50m,leave_city_out,buffalo,M2,log1p_road_network_density,3.441796330035743,False,,
primary_50m,leave_city_out,buffalo,M2,log1p_auto_road_density,0.0,False,,
primary_50m,leave_city_out,buffalo,M2,log1p_intersection_density,4.671233994956426,False,,
primary_50m,leave_city_out,buffalo,M2,log1p_transit_service_density,7.989064469654582,False,,
primary_50m,leave_city_out,buffalo,M2,log1p_auto_job_accessibility,13.487017596470757,False,,
primary_50m,leave_city_out,buffalo,M2,log1p_atm_density_500m,2.1563374497238987,False,,
primary_50m,leave_city_out,buffalo,M2,log1p_nearest_other_atm,4.325968785977107,False,,
primary_50m,leave_city_out,rochester,M0,log1p_background_primary,3.6888794541139363,False,3.609854296554395,1.1371122408845467
primary_50m,leave_city_out,rochester,M1,log1p_background_primary,3.6888794541139363,False,3.6098542965543943,1.1371122408845473
primary_50m,leave_city_out,rochester,M1,log1p_population_density,9.679352856935884,False,9.37419828477651,1.612440152037403
primary_50m,leave_city_out,rochester,M1,log1p_median_household_income,11.496465366186191,False,11.499159483710542,0.5187630047141991
primary_50m,leave_city_out,rochester,M1,unemployment_rate,0.04596560468482394,False,0.06487901261066206,0.07272110838025529
primary_50m,leave_city_out,rochester,M1,log1p_employment_density,3.5075741265608316,False,3.820115787743397,1.6591362328579118
primary_50m,leave_city_out,rochester,M1,log1p_retail_employment_density,1.8066080460912062,False,1.896238002542602,1.2358617276567454
primary_50m,leave_city_out,rochester,M1,employment_mix,0.761203850872028,False,0.7139128802074544,0.18423858082935796
primary_50m,leave_city_out,rochester,M1,log1p_road_network_density,3.4411444399292748,False,3.412626374022665,0.3276634989561673
primary_50m,leave_city_out,rochester,M1,log1p_auto_road_density,0.0,False,0.5013309322776868,0.9025607145482226
primary_50m,leave_city_out,rochester,M1,log1p_intersection_density,4.670354031861141,False,4.081786771992125,1.7258060037769525
primary_50m,leave_city_out,rochester,M1,log1p_transit_service_density,7.956304860873814,False,7.853860821525848,1.5228242126898281
primary_50m,leave_city_out,rochester,M1,log1p_auto_job_accessibility,13.479880435116439,False,13.333609821370013,0.509849335168781
primary_50m,leave_city_out,rochester,M1,log1p_atm_density_500m,2.1563374497238987,False,2.123259327297615,1.0724448308815655
primary_50m,leave_city_out,rochester,M1,log1p_nearest_other_atm,4.334857241840212,False,4.371489853527234,1.2466290177994706
primary_50m,leave_city_out,rochester,M2,log1p_background_primary,3.6888794541139363,False,,
primary_50m,leave_city_out,rochester,M2,log1p_population_density,9.679352856935884,False,,
primary_50m,leave_city_out,rochester,M2,log1p_median_household_income,11.496465366186191,False,,
primary_50m,leave_city_out,rochester,M2,unemployment_rate,0.04596560468482394,False,,
primary_50m,leave_city_out,rochester,M2,log1p_employment_density,3.5075741265608316,False,,
primary_50m,leave_city_out,rochester,M2,log1p_retail_employment_density,1.8066080460912062,False,,
primary_50m,leave_city_out,rochester,M2,employment_mix,0.761203850872028,False,,
primary_50m,leave_city_out,rochester,M2,log1p_road_network_density,3.4411444399292748,False,,
primary_50m,leave_city_out,rochester,M2,log1p_auto_road_density,0.0,False,,
primary_50m,leave_city_out,rochester,M2,log1p_intersection_density,4.670354031861141,False,,
primary_50m,leave_city_out,rochester,M2,log1p_transit_service_density,7.956304860873814,False,,
primary_50m,leave_city_out,rochester,M2,log1p_auto_job_accessibility,13.479880435116439,False,,
primary_50m,leave_city_out,rochester,M2,log1p_atm_density_500m,2.1563374497238987,False,,
primary_50m,leave_city_out,rochester,M2,log1p_nearest_other_atm,4.334857241840212,False,,
radius_25m,spatial,fold_0,M0,log1p_background_primary,3.881510654509259,False,3.734690469106109,1.0217132618039566
radius_25m,spatial,fold_0,M1,log1p_background_primary,3.881510654509259,False,3.734690469106109,1.0217132618039564
radius_25m,spatial,fold_0,M1,log1p_population_density,9.742864663705216,False,9.432412355663402,1.6267458286308043
radius_25m,spatial,fold_0,M1,log1p_median_household_income,11.479058189789082,False,11.493359601872486,0.5249500971090281
radius_25m,spatial,fold_0,M1,unemployment_rate,0.04725274725274725,False,0.06642234176574927,0.07368980868420556
radius_25m,spatial,fold_0,M1,log1p_employment_density,3.654569098390558,False,3.972045667856165,1.6114574981261516
radius_25m,spatial,fold_0,M1,log1p_retail_employment_density,1.876626192050106,False,1.9483983190455025,1.2395068903503663
radius_25m,spatial,fold_0,M1,employment_mix,0.7597677350845125,False,0.7092802025640229,0.18809112744807574
radius_25m,spatial,fold_0,M1,log1p_road_network_density,3.44570588538181,False,3.4295692511747826,0.3204379095482653
radius_25m,spatial,fold_0,M1,log1p_auto_road_density,0.0,False,0.5158337064584386,0.915619824927785
radius_25m,spatial,fold_0,M1,log1p_intersection_density,4.6680319268913895,False,4.050495715554632,1.7662362732006516
radius_25m,spatial,fold_0,M1,log1p_transit_service_density,8.075178396492442,False,7.980928704939954,1.4526706455921683
radius_25m,spatial,fold_0,M1,log1p_auto_job_accessibility,13.501175085166965,False,13.357627049169258,0.508101389766241
radius_25m,spatial,fold_0,M1,log1p_atm_density_500m,2.293814424193674,False,2.1748488414932123,1.0654840129747138
radius_25m,spatial,fold_0,M1,log1p_nearest_other_atm,4.289693563483879,False,4.3251636623373795,1.24903283468144
radius_25m,spatial,fold_0,M2,log1p_background_primary,3.881510654509259,False,,
radius_25m,spatial,fold_0,M2,log1p_population_density,9.742864663705216,False,,
radius_25m,spatial,fold_0,M2,log1p_median_household_income,11.479058189789082,False,,
radius_25m,spatial,fold_0,M2,unemployment_rate,0.04725274725274725,False,,
radius_25m,spatial,fold_0,M2,log1p_employment_density,3.654569098390558,False,,
radius_25m,spatial,fold_0,M2,log1p_retail_employment_density,1.876626192050106,False,,
radius_25m,spatial,fold_0,M2,employment_mix,0.7597677350845125,False,,
radius_25m,spatial,fold_0,M2,log1p_road_network_density,3.44570588538181,False,,
radius_25m,spatial,fold_0,M2,log1p_auto_road_density,0.0,False,,
radius_25m,spatial,fold_0,M2,log1p_intersection_density,4.6680319268913895,False,,
radius_25m,spatial,fold_0,M2,log1p_transit_service_density,8.075178396492442,False,,
radius_25m,spatial,fold_0,M2,log1p_auto_job_accessibility,13.501175085166965,False,,
radius_25m,spatial,fold_0,M2,log1p_atm_density_500m,2.293814424193674,False,,
radius_25m,spatial,fold_0,M2,log1p_nearest_other_atm,4.289693563483879,False,,
radius_25m,spatial,fold_1,M0,log1p_background_primary,2.8903717578961645,False,2.9866903874306625,1.0742896001400573
radius_25m,spatial,fold_1,M1,log1p_background_primary,2.8903717578961645,False,2.986690387430662,1.0742896001400573
radius_25m,spatial,fold_1,M1,log1p_population_density,9.427686718877304,False,9.167491189748693,1.3935224640486705
radius_25m,spatial,fold_1,M1,log1p_median_household_income,11.242877898795072,False,11.237082390631127,0.43111931044101415
radius_25m,spatial,fold_1,M1,unemployment_rate,0.050505050505050504,False,0.07170776369230593,0.08094685229957742
radius_25m,spatial,fold_1,M1,log1p_employment_density,2.825866757615886,False,2.8597042051800385,1.0570947996221833
radius_25m,spatial,fold_1,M1,log1p_retail_employment_density,1.2382281894451195,False,1.3246019727159204,0.8789704786796844
radius_25m,spatial,fold_1,M1,employment_mix,0.7525423182972324,False,0.697779344353027,0.20113193655540157
radius_25m,spatial,fold_1,M1,log1p_road_network_density,3.381776047623448,False,3.3527748396730708,0.31708022771756156
radius_25m,spatial,fold_1,M1,log1p_auto_road_density,0.0,False,0.2531280507696106,0.6793283752584602
radius_25m,spatial,fold_1,M1,log1p_intersection_density,4.81638887700819,False,4.616135504061711,1.063796928908858
radius_25m,spatial,fold_1,M1,log1p_transit_service_density,7.213288233195665,False,7.010450436099725,1.3779798147032516
radius_25m,spatial,fold_1,M1,log1p_auto_job_accessibility,13.21626529334314,False,13.120947907665224,0.5483398833851637
radius_25m,spatial,fold_1,M1,log1p_atm_density_500m,1.5727155517124787,False,1.561025536290485,0.9087631301830793
radius_25m,spatial,fold_1,M1,log1p_nearest_other_atm,4.482158044584339,False,4.602081043356224,1.3302013100925967
radius_25m,spatial,fold_1,M2,log1p_background_primary,2.8903717578961645,False,,
radius_25m,spatial,fold_1,M2,log1p_population_density,9.427686718877304,False,,
radius_25m,spatial,fold_1,M2,log1p_median_household_income,11.242877898795072,False,,
radius_25m,spatial,fold_1,M2,unemployment_rate,0.050505050505050504,False,,
radius_25m,spatial,fold_1,M2,log1p_employment_density,2.825866757615886,False,,
radius_25m,spatial,fold_1,M2,log1p_retail_employment_density,1.2382281894451195,False,,
radius_25m,spatial,fold_1,M2,employment_mix,0.7525423182972324,False,,
radius_25m,spatial,fold_1,M2,log1p_road_network_density,3.381776047623448,False,,
radius_25m,spatial,fold_1,M2,log1p_auto_road_density,0.0,False,,
radius_25m,spatial,fold_1,M2,log1p_intersection_density,4.81638887700819,False,,
radius_25m,spatial,fold_1,M2,log1p_transit_service_density,7.213288233195665,False,,
radius_25m,spatial,fold_1,M2,log1p_auto_job_accessibility,13.21626529334314,False,,
radius_25m,spatial,fold_1,M2,log1p_atm_density_500m,1.5727155517124787,False,,
radius_25m,spatial,fold_1,M2,log1p_nearest_other_atm,4.482158044584339,False,,
radius_25m,spatial,fold_2,M0,log1p_background_primary,4.0943445622221,False,3.6946740668160105,1.2173890002281795
radius_25m,spatial,fold_2,M1,log1p_background_primary,4.0943445622221,False,3.6946740668160087,1.2173890002281802
radius_25m,spatial,fold_2,M1,log1p_population_density,9.611874887441171,False,9.289022029639494,1.678003129043255
radius_25m,spatial,fold_2,M1,log1p_median_household_income,11.558266100976672,False,11.537557127172622,0.5192289868418958
radius_25m,spatial,fold_2,M1,unemployment_rate,0.045263157894736845,False,0.06369558900546873,0.07240391546041595
radius_25m,spatial,fold_2,M1,log1p_employment_density,3.7018766767785145,False,3.9520079151011163,1.7611150047903121
radius_25m,spatial,fold_2,M1,log1p_retail_employment_density,1.887124186377208,False,1.9518459700414128,1.3237349189776717
radius_25m,spatial,fold_2,M1,employment_mix,0.7644595719924616,False,0.7141259085511232,0.19074770301155577
radius_25m,spatial,fold_2,M1,log1p_road_network_density,3.4529413541733045,False,3.4194006460870563,0.3491086389521566
radius_25m,spatial,fold_2,M1,log1p_auto_road_density,0.0,False,0.6183579616503234,0.9672319082934524
radius_25m,spatial,fold_2,M1,log1p_intersection_density,4.682221091699408,False,4.042248912619773,1.7926238399033512
radius_25m,spatial,fold_2,M1,log1p_transit_service_density,8.253978607671957,False,7.871440246043655,1.722592193341726
radius_25m,spatial,fold_2,M1,log1p_auto_job_accessibility,13.537659997425783,False,13.368680926647551,0.5919928960715052
radius_25m,spatial,fold_2,M1,log1p_atm_density_500m,2.1563374497238987,False,2.163338350110231,1.1166362415686388
radius_25m,spatial,fold_2,M1,log1p_nearest_other_atm,4.357670436655453,False,4.410444814186893,1.2464814934377528
radius_25m,spatial,fold_2,M2,log1p_background_primary,4.0943445622221,False,,
radius_25m,spatial,fold_2,M2,log1p_population_density,9.611874887441171,False,,
radius_25m,spatial,fold_2,M2,log1p_median_household_income,11.558266100976672,False,,
radius_25m,spatial,fold_2,M2,unemployment_rate,0.045263157894736845,False,,
radius_25m,spatial,fold_2,M2,log1p_employment_density,3.7018766767785145,False,,
radius_25m,spatial,fold_2,M2,log1p_retail_employment_density,1.887124186377208,False,,
radius_25m,spatial,fold_2,M2,employment_mix,0.7644595719924616,False,,
radius_25m,spatial,fold_2,M2,log1p_road_network_density,3.4529413541733045,False,,
radius_25m,spatial,fold_2,M2,log1p_auto_road_density,0.0,False,,
radius_25m,spatial,fold_2,M2,log1p_intersection_density,4.682221091699408,False,,
radius_25m,spatial,fold_2,M2,log1p_transit_service_density,8.253978607671957,False,,
radius_25m,spatial,fold_2,M2,log1p_auto_job_accessibility,13.537659997425783,False,,
radius_25m,spatial,fold_2,M2,log1p_atm_density_500m,2.1563374497238987,False,,
radius_25m,spatial,fold_2,M2,log1p_nearest_other_atm,4.357670436655453,False,,
radius_25m,spatial,fold_3,M0,log1p_background_primary,3.5263605246161616,False,3.5137668830231807,1.174538480182224
radius_25m,spatial,fold_3,M1,log1p_background_primary,3.5263605246161616,False,3.513766883023183,1.1745384801822227
radius_25m,spatial,fold_3,M1,log1p_population_density,9.594309350239419,False,9.302725102359128,1.6051160546492595
radius_25m,spatial,fold_3,M1,log1p_median_household_income,11.530947095166587,False,11.53739692323911,0.5140537303667531
radius_25m,spatial,fold_3,M1,unemployment_rate,0.042789223454833596,False,0.06080532556572056,0.06412861860504386
radius_25m,spatial,fold_3,M1,log1p_employment_density,3.6325908406637577,False,3.9101806349060184,1.73002860142634
radius_25m,spatial,fold_3,M1,log1p_retail_employment_density,1.7679158829047785,False,1.9018635421137737,1.2828611457139316
radius_25m,spatial,fold_3,M1,employment_mix,0.761203850872028,False,0.7169268293037713,0.182607241019288
radius_25m,spatial,fold_3,M1,log1p_road_network_density,3.443753624268729,False,3.416875752326326,0.31875744871986955
radius_25m,spatial,fold_3,M1,log1p_auto_road_density,0.0,False,0.5514402146933054,0.9355828780589182
radius_25m,spatial,fold_3,M1,log1p_intersection_density,4.638649943019482,False,4.026411154902905,1.7458325215694368
radius_25m,spatial,fold_3,M1,log1p_transit_service_density,7.912374029811021,False,7.787643084003558,1.6346856959676692
radius_25m,spatial,fold_3,M1,log1p_auto_job_accessibility,13.475030894174296,False,13.279615614171643,0.5865047596599253
radius_25m,spatial,fold_3,M1,log1p_atm_density_500m,2.293814424193674,False,2.1688678423362413,1.1154857379491665
radius_25m,spatial,fold_3,M1,log1p_nearest_other_atm,4.351459266833762,False,4.3963274363572244,1.2538338274549266
radius_25m,spatial,fold_3,M2,log1p_background_primary,3.5263605246161616,False,,
radius_25m,spatial,fold_3,M2,log1p_population_density,9.594309350239419,False,,
radius_25m,spatial,fold_3,M2,log1p_median_household_income,11.530947095166587,False,,
radius_25m,spatial,fold_3,M2,unemployment_rate,0.042789223454833596,False,,
radius_25m,spatial,fold_3,M2,log1p_employment_density,3.6325908406637577,False,,
radius_25m,spatial,fold_3,M2,log1p_retail_employment_density,1.7679158829047785,False,,
radius_25m,spatial,fold_3,M2,employment_mix,0.761203850872028,False,,
radius_25m,spatial,fold_3,M2,log1p_road_network_density,3.443753624268729,False,,
radius_25m,spatial,fold_3,M2,log1p_auto_road_density,0.0,False,,
radius_25m,spatial,fold_3,M2,log1p_intersection_density,4.638649943019482,False,,
radius_25m,spatial,fold_3,M2,log1p_transit_service_density,7.912374029811021,False,,
radius_25m,spatial,fold_3,M2,log1p_auto_job_accessibility,13.475030894174296,False,,
radius_25m,spatial,fold_3,M2,log1p_atm_density_500m,2.293814424193674,False,,
radius_25m,spatial,fold_3,M2,log1p_nearest_other_atm,4.351459266833762,False,,
radius_25m,spatial,fold_4,M0,log1p_background_primary,3.970291913552122,False,3.690510379531353,1.1676539473597523
radius_25m,spatial,fold_4,M1,log1p_background_primary,3.970291913552122,False,3.6905103795313545,1.167653947359753
radius_25m,spatial,fold_4,M1,log1p_population_density,9.73938356157139,False,9.337233087197141,1.7450222394255437
radius_25m,spatial,fold_4,M1,log1p_median_household_income,11.569627107839532,False,11.546239647801265,0.5397130929780766
radius_25m,spatial,fold_4,M1,unemployment_rate,0.044114785131716294,False,0.06557333923056026,0.0738822441609287
radius_25m,spatial,fold_4,M1,log1p_employment_density,3.751463002091177,False,4.055386080320923,1.698757097176606
radius_25m,spatial,fold_4,M1,log1p_retail_employment_density,1.882734596354446,False,1.9823555728073528,1.291773826005541
radius_25m,spatial,fold_4,M1,employment_mix,0.7571817660007433,False,0.7043168598155061,0.1908747230841397
radius_25m,spatial,fold_4,M1,log1p_road_network_density,3.4297364074784715,False,3.41170260011083,0.3298021818655012
radius_25m,spatial,fold_4,M1,log1p_auto_road_density,0.0,False,0.5818083189534806,0.9411919961430799
radius_25m,spatial,fold_4,M1,log1p_intersection_density,4.582758933260672,False,3.8982728169875758,1.8367404993702086
radius_25m,spatial,fold_4,M1,log1p_transit_service_density,8.23806893775228,False,7.955253881808555,1.6164759811108549
radius_25m,spatial,fold_4,M1,log1p_auto_job_accessibility,13.429052172268717,False,13.252140510949518,0.5974980348334059
radius_25m,spatial,fold_4,M1,log1p_atm_density_500m,2.293814424193674,False,2.232918703298313,1.0703271983957943
radius_25m,spatial,fold_4,M1,log1p_nearest_other_atm,4.320183171973455,False,4.35404940305215,1.227558976710112
radius_25m,spatial,fold_4,M2,log1p_background_primary,3.970291913552122,False,,
radius_25m,spatial,fold_4,M2,log1p_population_density,9.73938356157139,False,,
radius_25m,spatial,fold_4,M2,log1p_median_household_income,11.569627107839532,False,,
radius_25m,spatial,fold_4,M2,unemployment_rate,0.044114785131716294,False,,
radius_25m,spatial,fold_4,M2,log1p_employment_density,3.751463002091177,False,,
radius_25m,spatial,fold_4,M2,log1p_retail_employment_density,1.882734596354446,False,,
radius_25m,spatial,fold_4,M2,employment_mix,0.7571817660007433,False,,
radius_25m,spatial,fold_4,M2,log1p_road_network_density,3.4297364074784715,False,,
radius_25m,spatial,fold_4,M2,log1p_auto_road_density,0.0,False,,
radius_25m,spatial,fold_4,M2,log1p_intersection_density,4.582758933260672,False,,
radius_25m,spatial,fold_4,M2,log1p_transit_service_density,8.23806893775228,False,,
radius_25m,spatial,fold_4,M2,log1p_auto_job_accessibility,13.429052172268717,False,,
radius_25m,spatial,fold_4,M2,log1p_atm_density_500m,2.293814424193674,False,,
radius_25m,spatial,fold_4,M2,log1p_nearest_other_atm,4.320183171973455,False,,
radius_25m,leave_city_out,new_york_city,M0,log1p_background_primary,2.70805020110221,False,2.4910402345613196,0.8049997484809616
radius_25m,leave_city_out,new_york_city,M1,log1p_background_primary,2.70805020110221,False,2.491040234561319,0.8049997484809618
radius_25m,leave_city_out,new_york_city,M1,log1p_population_density,7.481310126736239,False,7.553668524766246,0.6398378961039798
radius_25m,leave_city_out,new_york_city,M1,log1p_median_household_income,11.019333812850217,False,10.926228199719946,0.4024152336969688
radius_25m,leave_city_out,new_york_city,M1,unemployment_rate,0.042364532019704436,False,0.057217039513313965,0.053770105408768136
radius_25m,leave_city_out,new_york_city,M1,log1p_employment_density,2.5802696426792373,False,2.9084653689847206,1.418744563995074
radius_25m,leave_city_out,new_york_city,M1,log1p_retail_employment_density,0.31222948293546415,False,0.3802221311509942,0.3219267749820777
radius_25m,leave_city_out,new_york_city,M1,employment_mix,0.6933901131846945,False,0.5917349403645676,0.2520987221790718
radius_25m,leave_city_out,new_york_city,M1,log1p_road_network_density,3.3002429676392797,False,3.2407200942540446,0.3138207475811887
radius_25m,leave_city_out,new_york_city,M1,log1p_auto_road_density,0.0,False,0.8165122750978705,0.9278150881477613
radius_25m,leave_city_out,new_york_city,M1,log1p_intersection_density,4.923216352756571,False,4.795731377399332,0.5599532090620063
radius_25m,leave_city_out,new_york_city,M1,log1p_transit_service_density,4.543548823030681,False,4.420631288670737,0.8644816802285921
radius_25m,leave_city_out,new_york_city,M1,log1p_auto_job_accessibility,11.378622030137894,False,11.388192877275072,0.12994015424678357
radius_25m,leave_city_out,new_york_city,M1,log1p_atm_density_500m,0.8212059263546096,False,1.0402550197303209,0.9675646482019528
radius_25m,leave_city_out,new_york_city,M1,log1p_nearest_other_atm,5.4422396581006875,False,5.457931470414444,1.243452245091153
radius_25m,leave_city_out,new_york_city,M2,log1p_background_primary,2.70805020110221,False,,
radius_25m,leave_city_out,new_york_city,M2,log1p_population_density,7.481310126736239,False,,
radius_25m,leave_city_out,new_york_city,M2,log1p_median_household_income,11.019333812850217,False,,
radius_25m,leave_city_out,new_york_city,M2,unemployment_rate,0.042364532019704436,False,,
radius_25m,leave_city_out,new_york_city,M2,log1p_employment_density,2.5802696426792373,False,,
radius_25m,leave_city_out,new_york_city,M2,log1p_retail_employment_density,0.31222948293546415,False,,
radius_25m,leave_city_out,new_york_city,M2,employment_mix,0.6933901131846945,False,,
radius_25m,leave_city_out,new_york_city,M2,log1p_road_network_density,3.3002429676392797,False,,
radius_25m,leave_city_out,new_york_city,M2,log1p_auto_road_density,0.0,False,,
radius_25m,leave_city_out,new_york_city,M2,log1p_intersection_density,4.923216352756571,False,,
radius_25m,leave_city_out,new_york_city,M2,log1p_transit_service_density,4.543548823030681,False,,
radius_25m,leave_city_out,new_york_city,M2,log1p_auto_job_accessibility,11.378622030137894,False,,
radius_25m,leave_city_out,new_york_city,M2,log1p_atm_density_500m,0.8212059263546096,False,,
radius_25m,leave_city_out,new_york_city,M2,log1p_nearest_other_atm,5.4422396581006875,False,,
radius_25m,leave_city_out,buffalo,M0,log1p_background_primary,3.7376696182833684,False,3.6100745493841835,1.1554519244432067
radius_25m,leave_city_out,buffalo,M1,log1p_background_primary,3.7376696182833684,False,3.6100745493841853,1.1554519244432064
radius_25m,leave_city_out,buffalo,M1,log1p_population_density,9.708440331931062,False,9.403908901008021,1.6005396595408916
radius_25m,leave_city_out,buffalo,M1,log1p_median_household_income,11.510332105117628,False,11.512386988643266,0.5103108958789874
radius_25m,leave_city_out,buffalo,M1,unemployment_rate,0.04716981132075472,False,0.0659876117225973,0.0730655900524363
radius_25m,leave_city_out,buffalo,M1,log1p_employment_density,3.5218331845630506,False,3.8567505320905973,1.6508161748001853
radius_25m,leave_city_out,buffalo,M1,log1p_retail_employment_density,1.8371769149498145,False,1.915488810248779,1.2351614514536737
radius_25m,leave_city_out,buffalo,M1,employment_mix,0.7602707284946608,False,0.7099424013847598,0.1897865054647935
radius_25m,leave_city_out,buffalo,M1,log1p_road_network_density,3.441796330035743,False,3.4188973712290607,0.3244857457533673
radius_25m,leave_city_out,buffalo,M1,log1p_auto_road_density,0.0,False,0.4996353023046014,0.9054643778016247
radius_25m,leave_city_out,buffalo,M1,log1p_intersection_density,4.671233994956426,False,4.074335857577557,1.7357857425371088
radius_25m,leave_city_out,buffalo,M1,log1p_transit_service_density,7.989064469654582,False,7.914189283057436,1.4627745300293948
radius_25m,leave_city_out,buffalo,M1,log1p_auto_job_accessibility,13.487017596470757,False,13.37079350119765,0.4230631490802903
radius_25m,leave_city_out,buffalo,M1,log1p_atm_density_500m,2.1563374497238987,False,2.1304050361548854,1.0667440320635637
radius_25m,leave_city_out,buffalo,M1,log1p_nearest_other_atm,4.325968785977107,False,4.358236050148168,1.2574567214211396
radius_25m,leave_city_out,buffalo,M2,log1p_background_primary,3.7376696182833684,False,,
radius_25m,leave_city_out,buffalo,M2,log1p_population_density,9.708440331931062,False,,
radius_25m,leave_city_out,buffalo,M2,log1p_median_household_income,11.510332105117628,False,,
radius_25m,leave_city_out,buffalo,M2,unemployment_rate,0.04716981132075472,False,,
radius_25m,leave_city_out,buffalo,M2,log1p_employment_density,3.5218331845630506,False,,
radius_25m,leave_city_out,buffalo,M2,log1p_retail_employment_density,1.8371769149498145,False,,
radius_25m,leave_city_out,buffalo,M2,employment_mix,0.7602707284946608,False,,
radius_25m,leave_city_out,buffalo,M2,log1p_road_network_density,3.441796330035743,False,,
radius_25m,leave_city_out,buffalo,M2,log1p_auto_road_density,0.0,False,,
radius_25m,leave_city_out,buffalo,M2,log1p_intersection_density,4.671233994956426,False,,
radius_25m,leave_city_out,buffalo,M2,log1p_transit_service_density,7.989064469654582,False,,
radius_25m,leave_city_out,buffalo,M2,log1p_auto_job_accessibility,13.487017596470757,False,,
radius_25m,leave_city_out,buffalo,M2,log1p_atm_density_500m,2.1563374497238987,False,,
radius_25m,leave_city_out,buffalo,M2,log1p_nearest_other_atm,4.325968785977107,False,,
radius_25m,leave_city_out,rochester,M0,log1p_background_primary,3.6888794541139363,False,3.609854296554395,1.1371122408845467
radius_25m,leave_city_out,rochester,M1,log1p_background_primary,3.6888794541139363,False,3.6098542965543943,1.1371122408845473
radius_25m,leave_city_out,rochester,M1,log1p_population_density,9.679352856935884,False,9.37419828477651,1.612440152037403
radius_25m,leave_city_out,rochester,M1,log1p_median_household_income,11.496465366186191,False,11.499159483710542,0.5187630047141991
radius_25m,leave_city_out,rochester,M1,unemployment_rate,0.04596560468482394,False,0.06487901261066206,0.07272110838025529
radius_25m,leave_city_out,rochester,M1,log1p_employment_density,3.5075741265608316,False,3.820115787743397,1.6591362328579118
radius_25m,leave_city_out,rochester,M1,log1p_retail_employment_density,1.8066080460912062,False,1.896238002542602,1.2358617276567454
radius_25m,leave_city_out,rochester,M1,employment_mix,0.761203850872028,False,0.7139128802074544,0.18423858082935796
radius_25m,leave_city_out,rochester,M1,log1p_road_network_density,3.4411444399292748,False,3.412626374022665,0.3276634989561673
radius_25m,leave_city_out,rochester,M1,log1p_auto_road_density,0.0,False,0.5013309322776868,0.9025607145482226
radius_25m,leave_city_out,rochester,M1,log1p_intersection_density,4.670354031861141,False,4.081786771992125,1.7258060037769525
radius_25m,leave_city_out,rochester,M1,log1p_transit_service_density,7.956304860873814,False,7.853860821525848,1.5228242126898281
radius_25m,leave_city_out,rochester,M1,log1p_auto_job_accessibility,13.479880435116439,False,13.333609821370013,0.509849335168781
radius_25m,leave_city_out,rochester,M1,log1p_atm_density_500m,2.1563374497238987,False,2.123259327297615,1.0724448308815655
radius_25m,leave_city_out,rochester,M1,log1p_nearest_other_atm,4.334857241840212,False,4.371489853527234,1.2466290177994706
radius_25m,leave_city_out,rochester,M2,log1p_background_primary,3.6888794541139363,False,,
radius_25m,leave_city_out,rochester,M2,log1p_population_density,9.679352856935884,False,,
radius_25m,leave_city_out,rochester,M2,log1p_median_household_income,11.496465366186191,False,,
radius_25m,leave_city_out,rochester,M2,unemployment_rate,0.04596560468482394,False,,
radius_25m,leave_city_out,rochester,M2,log1p_employment_density,3.5075741265608316,False,,
radius_25m,leave_city_out,rochester,M2,log1p_retail_employment_density,1.8066080460912062,False,,
radius_25m,leave_city_out,rochester,M2,employment_mix,0.761203850872028,False,,
radius_25m,leave_city_out,rochester,M2,log1p_road_network_density,3.4411444399292748,False,,
radius_25m,leave_city_out,rochester,M2,log1p_auto_road_density,0.0,False,,
radius_25m,leave_city_out,rochester,M2,log1p_intersection_density,4.670354031861141,False,,
radius_25m,leave_city_out,rochester,M2,log1p_transit_service_density,7.956304860873814,False,,
radius_25m,leave_city_out,rochester,M2,log1p_auto_job_accessibility,13.479880435116439,False,,
radius_25m,leave_city_out,rochester,M2,log1p_atm_density_500m,2.1563374497238987,False,,
radius_25m,leave_city_out,rochester,M2,log1p_nearest_other_atm,4.334857241840212,False,,
radius_100m,spatial,fold_0,M0,log1p_background_primary,3.881510654509259,False,3.734690469106109,1.0217132618039566
radius_100m,spatial,fold_0,M1,log1p_background_primary,3.881510654509259,False,3.734690469106109,1.0217132618039564
radius_100m,spatial,fold_0,M1,log1p_population_density,9.742864663705216,False,9.432412355663402,1.6267458286308043
radius_100m,spatial,fold_0,M1,log1p_median_household_income,11.479058189789082,False,11.493359601872486,0.5249500971090281
radius_100m,spatial,fold_0,M1,unemployment_rate,0.04725274725274725,False,0.06642234176574927,0.07368980868420556
radius_100m,spatial,fold_0,M1,log1p_employment_density,3.654569098390558,False,3.972045667856165,1.6114574981261516
radius_100m,spatial,fold_0,M1,log1p_retail_employment_density,1.876626192050106,False,1.9483983190455025,1.2395068903503663
radius_100m,spatial,fold_0,M1,employment_mix,0.7597677350845125,False,0.7092802025640229,0.18809112744807574
radius_100m,spatial,fold_0,M1,log1p_road_network_density,3.44570588538181,False,3.4295692511747826,0.3204379095482653
radius_100m,spatial,fold_0,M1,log1p_auto_road_density,0.0,False,0.5158337064584386,0.915619824927785
radius_100m,spatial,fold_0,M1,log1p_intersection_density,4.6680319268913895,False,4.050495715554632,1.7662362732006516
radius_100m,spatial,fold_0,M1,log1p_transit_service_density,8.075178396492442,False,7.980928704939954,1.4526706455921683
radius_100m,spatial,fold_0,M1,log1p_auto_job_accessibility,13.501175085166965,False,13.357627049169258,0.508101389766241
radius_100m,spatial,fold_0,M1,log1p_atm_density_500m,2.293814424193674,False,2.1748488414932123,1.0654840129747138
radius_100m,spatial,fold_0,M1,log1p_nearest_other_atm,4.289693563483879,False,4.3251636623373795,1.24903283468144
radius_100m,spatial,fold_0,M2,log1p_background_primary,3.881510654509259,False,,
radius_100m,spatial,fold_0,M2,log1p_population_density,9.742864663705216,False,,
radius_100m,spatial,fold_0,M2,log1p_median_household_income,11.479058189789082,False,,
radius_100m,spatial,fold_0,M2,unemployment_rate,0.04725274725274725,False,,
radius_100m,spatial,fold_0,M2,log1p_employment_density,3.654569098390558,False,,
radius_100m,spatial,fold_0,M2,log1p_retail_employment_density,1.876626192050106,False,,
radius_100m,spatial,fold_0,M2,employment_mix,0.7597677350845125,False,,
radius_100m,spatial,fold_0,M2,log1p_road_network_density,3.44570588538181,False,,
radius_100m,spatial,fold_0,M2,log1p_auto_road_density,0.0,False,,
radius_100m,spatial,fold_0,M2,log1p_intersection_density,4.6680319268913895,False,,
radius_100m,spatial,fold_0,M2,log1p_transit_service_density,8.075178396492442,False,,
radius_100m,spatial,fold_0,M2,log1p_auto_job_accessibility,13.501175085166965,False,,
radius_100m,spatial,fold_0,M2,log1p_atm_density_500m,2.293814424193674,False,,
radius_100m,spatial,fold_0,M2,log1p_nearest_other_atm,4.289693563483879,False,,
radius_100m,spatial,fold_1,M0,log1p_background_primary,2.8903717578961645,False,2.9866903874306625,1.0742896001400573
radius_100m,spatial,fold_1,M1,log1p_background_primary,2.8903717578961645,False,2.986690387430662,1.0742896001400573
radius_100m,spatial,fold_1,M1,log1p_population_density,9.427686718877304,False,9.167491189748693,1.3935224640486705
radius_100m,spatial,fold_1,M1,log1p_median_household_income,11.242877898795072,False,11.237082390631127,0.43111931044101415
radius_100m,spatial,fold_1,M1,unemployment_rate,0.050505050505050504,False,0.07170776369230593,0.08094685229957742
radius_100m,spatial,fold_1,M1,log1p_employment_density,2.825866757615886,False,2.8597042051800385,1.0570947996221833
radius_100m,spatial,fold_1,M1,log1p_retail_employment_density,1.2382281894451195,False,1.3246019727159204,0.8789704786796844
radius_100m,spatial,fold_1,M1,employment_mix,0.7525423182972324,False,0.697779344353027,0.20113193655540157
radius_100m,spatial,fold_1,M1,log1p_road_network_density,3.381776047623448,False,3.3527748396730708,0.31708022771756156
radius_100m,spatial,fold_1,M1,log1p_auto_road_density,0.0,False,0.2531280507696106,0.6793283752584602
radius_100m,spatial,fold_1,M1,log1p_intersection_density,4.81638887700819,False,4.616135504061711,1.063796928908858
radius_100m,spatial,fold_1,M1,log1p_transit_service_density,7.213288233195665,False,7.010450436099725,1.3779798147032516
radius_100m,spatial,fold_1,M1,log1p_auto_job_accessibility,13.21626529334314,False,13.120947907665224,0.5483398833851637
radius_100m,spatial,fold_1,M1,log1p_atm_density_500m,1.5727155517124787,False,1.561025536290485,0.9087631301830793
radius_100m,spatial,fold_1,M1,log1p_nearest_other_atm,4.482158044584339,False,4.602081043356224,1.3302013100925967
radius_100m,spatial,fold_1,M2,log1p_background_primary,2.8903717578961645,False,,
radius_100m,spatial,fold_1,M2,log1p_population_density,9.427686718877304,False,,
radius_100m,spatial,fold_1,M2,log1p_median_household_income,11.242877898795072,False,,
radius_100m,spatial,fold_1,M2,unemployment_rate,0.050505050505050504,False,,
radius_100m,spatial,fold_1,M2,log1p_employment_density,2.825866757615886,False,,
radius_100m,spatial,fold_1,M2,log1p_retail_employment_density,1.2382281894451195,False,,
radius_100m,spatial,fold_1,M2,employment_mix,0.7525423182972324,False,,
radius_100m,spatial,fold_1,M2,log1p_road_network_density,3.381776047623448,False,,
radius_100m,spatial,fold_1,M2,log1p_auto_road_density,0.0,False,,
radius_100m,spatial,fold_1,M2,log1p_intersection_density,4.81638887700819,False,,
radius_100m,spatial,fold_1,M2,log1p_transit_service_density,7.213288233195665,False,,
radius_100m,spatial,fold_1,M2,log1p_auto_job_accessibility,13.21626529334314,False,,
radius_100m,spatial,fold_1,M2,log1p_atm_density_500m,1.5727155517124787,False,,
radius_100m,spatial,fold_1,M2,log1p_nearest_other_atm,4.482158044584339,False,,
radius_100m,spatial,fold_2,M0,log1p_background_primary,4.0943445622221,False,3.6946740668160105,1.2173890002281795
radius_100m,spatial,fold_2,M1,log1p_background_primary,4.0943445622221,False,3.6946740668160087,1.2173890002281802
radius_100m,spatial,fold_2,M1,log1p_population_density,9.611874887441171,False,9.289022029639494,1.678003129043255
radius_100m,spatial,fold_2,M1,log1p_median_household_income,11.558266100976672,False,11.537557127172622,0.5192289868418958
radius_100m,spatial,fold_2,M1,unemployment_rate,0.045263157894736845,False,0.06369558900546873,0.07240391546041595
radius_100m,spatial,fold_2,M1,log1p_employment_density,3.7018766767785145,False,3.9520079151011163,1.7611150047903121
radius_100m,spatial,fold_2,M1,log1p_retail_employment_density,1.887124186377208,False,1.9518459700414128,1.3237349189776717
radius_100m,spatial,fold_2,M1,employment_mix,0.7644595719924616,False,0.7141259085511232,0.19074770301155577
radius_100m,spatial,fold_2,M1,log1p_road_network_density,3.4529413541733045,False,3.4194006460870563,0.3491086389521566
radius_100m,spatial,fold_2,M1,log1p_auto_road_density,0.0,False,0.6183579616503234,0.9672319082934524
radius_100m,spatial,fold_2,M1,log1p_intersection_density,4.682221091699408,False,4.042248912619773,1.7926238399033512
radius_100m,spatial,fold_2,M1,log1p_transit_service_density,8.253978607671957,False,7.871440246043655,1.722592193341726
radius_100m,spatial,fold_2,M1,log1p_auto_job_accessibility,13.537659997425783,False,13.368680926647551,0.5919928960715052
radius_100m,spatial,fold_2,M1,log1p_atm_density_500m,2.1563374497238987,False,2.163338350110231,1.1166362415686388
radius_100m,spatial,fold_2,M1,log1p_nearest_other_atm,4.357670436655453,False,4.410444814186893,1.2464814934377528
radius_100m,spatial,fold_2,M2,log1p_background_primary,4.0943445622221,False,,
radius_100m,spatial,fold_2,M2,log1p_population_density,9.611874887441171,False,,
radius_100m,spatial,fold_2,M2,log1p_median_household_income,11.558266100976672,False,,
radius_100m,spatial,fold_2,M2,unemployment_rate,0.045263157894736845,False,,
radius_100m,spatial,fold_2,M2,log1p_employment_density,3.7018766767785145,False,,
radius_100m,spatial,fold_2,M2,log1p_retail_employment_density,1.887124186377208,False,,
radius_100m,spatial,fold_2,M2,employment_mix,0.7644595719924616,False,,
radius_100m,spatial,fold_2,M2,log1p_road_network_density,3.4529413541733045,False,,
radius_100m,spatial,fold_2,M2,log1p_auto_road_density,0.0,False,,
radius_100m,spatial,fold_2,M2,log1p_intersection_density,4.682221091699408,False,,
radius_100m,spatial,fold_2,M2,log1p_transit_service_density,8.253978607671957,False,,
radius_100m,spatial,fold_2,M2,log1p_auto_job_accessibility,13.537659997425783,False,,
radius_100m,spatial,fold_2,M2,log1p_atm_density_500m,2.1563374497238987,False,,
radius_100m,spatial,fold_2,M2,log1p_nearest_other_atm,4.357670436655453,False,,
radius_100m,spatial,fold_3,M0,log1p_background_primary,3.5263605246161616,False,3.5137668830231807,1.174538480182224
radius_100m,spatial,fold_3,M1,log1p_background_primary,3.5263605246161616,False,3.513766883023183,1.1745384801822227
radius_100m,spatial,fold_3,M1,log1p_population_density,9.594309350239419,False,9.302725102359128,1.6051160546492595
radius_100m,spatial,fold_3,M1,log1p_median_household_income,11.530947095166587,False,11.53739692323911,0.5140537303667531
radius_100m,spatial,fold_3,M1,unemployment_rate,0.042789223454833596,False,0.06080532556572056,0.06412861860504386
radius_100m,spatial,fold_3,M1,log1p_employment_density,3.6325908406637577,False,3.9101806349060184,1.73002860142634
radius_100m,spatial,fold_3,M1,log1p_retail_employment_density,1.7679158829047785,False,1.9018635421137737,1.2828611457139316
radius_100m,spatial,fold_3,M1,employment_mix,0.761203850872028,False,0.7169268293037713,0.182607241019288
radius_100m,spatial,fold_3,M1,log1p_road_network_density,3.443753624268729,False,3.416875752326326,0.31875744871986955
radius_100m,spatial,fold_3,M1,log1p_auto_road_density,0.0,False,0.5514402146933054,0.9355828780589182
radius_100m,spatial,fold_3,M1,log1p_intersection_density,4.638649943019482,False,4.026411154902905,1.7458325215694368
radius_100m,spatial,fold_3,M1,log1p_transit_service_density,7.912374029811021,False,7.787643084003558,1.6346856959676692
radius_100m,spatial,fold_3,M1,log1p_auto_job_accessibility,13.475030894174296,False,13.279615614171643,0.5865047596599253
radius_100m,spatial,fold_3,M1,log1p_atm_density_500m,2.293814424193674,False,2.1688678423362413,1.1154857379491665
radius_100m,spatial,fold_3,M1,log1p_nearest_other_atm,4.351459266833762,False,4.3963274363572244,1.2538338274549266
radius_100m,spatial,fold_3,M2,log1p_background_primary,3.5263605246161616,False,,
radius_100m,spatial,fold_3,M2,log1p_population_density,9.594309350239419,False,,
radius_100m,spatial,fold_3,M2,log1p_median_household_income,11.530947095166587,False,,
radius_100m,spatial,fold_3,M2,unemployment_rate,0.042789223454833596,False,,
radius_100m,spatial,fold_3,M2,log1p_employment_density,3.6325908406637577,False,,
radius_100m,spatial,fold_3,M2,log1p_retail_employment_density,1.7679158829047785,False,,
radius_100m,spatial,fold_3,M2,employment_mix,0.761203850872028,False,,
radius_100m,spatial,fold_3,M2,log1p_road_network_density,3.443753624268729,False,,
radius_100m,spatial,fold_3,M2,log1p_auto_road_density,0.0,False,,
radius_100m,spatial,fold_3,M2,log1p_intersection_density,4.638649943019482,False,,
radius_100m,spatial,fold_3,M2,log1p_transit_service_density,7.912374029811021,False,,
radius_100m,spatial,fold_3,M2,log1p_auto_job_accessibility,13.475030894174296,False,,
radius_100m,spatial,fold_3,M2,log1p_atm_density_500m,2.293814424193674,False,,
radius_100m,spatial,fold_3,M2,log1p_nearest_other_atm,4.351459266833762,False,,
radius_100m,spatial,fold_4,M0,log1p_background_primary,3.970291913552122,False,3.690510379531353,1.1676539473597523
radius_100m,spatial,fold_4,M1,log1p_background_primary,3.970291913552122,False,3.6905103795313545,1.167653947359753
radius_100m,spatial,fold_4,M1,log1p_population_density,9.73938356157139,False,9.337233087197141,1.7450222394255437
radius_100m,spatial,fold_4,M1,log1p_median_household_income,11.569627107839532,False,11.546239647801265,0.5397130929780766
radius_100m,spatial,fold_4,M1,unemployment_rate,0.044114785131716294,False,0.06557333923056026,0.0738822441609287
radius_100m,spatial,fold_4,M1,log1p_employment_density,3.751463002091177,False,4.055386080320923,1.698757097176606
radius_100m,spatial,fold_4,M1,log1p_retail_employment_density,1.882734596354446,False,1.9823555728073528,1.291773826005541
radius_100m,spatial,fold_4,M1,employment_mix,0.7571817660007433,False,0.7043168598155061,0.1908747230841397
radius_100m,spatial,fold_4,M1,log1p_road_network_density,3.4297364074784715,False,3.41170260011083,0.3298021818655012
radius_100m,spatial,fold_4,M1,log1p_auto_road_density,0.0,False,0.5818083189534806,0.9411919961430799
radius_100m,spatial,fold_4,M1,log1p_intersection_density,4.582758933260672,False,3.8982728169875758,1.8367404993702086
radius_100m,spatial,fold_4,M1,log1p_transit_service_density,8.23806893775228,False,7.955253881808555,1.6164759811108549
radius_100m,spatial,fold_4,M1,log1p_auto_job_accessibility,13.429052172268717,False,13.252140510949518,0.5974980348334059
radius_100m,spatial,fold_4,M1,log1p_atm_density_500m,2.293814424193674,False,2.232918703298313,1.0703271983957943
radius_100m,spatial,fold_4,M1,log1p_nearest_other_atm,4.320183171973455,False,4.35404940305215,1.227558976710112
radius_100m,spatial,fold_4,M2,log1p_background_primary,3.970291913552122,False,,
radius_100m,spatial,fold_4,M2,log1p_population_density,9.73938356157139,False,,
radius_100m,spatial,fold_4,M2,log1p_median_household_income,11.569627107839532,False,,
radius_100m,spatial,fold_4,M2,unemployment_rate,0.044114785131716294,False,,
radius_100m,spatial,fold_4,M2,log1p_employment_density,3.751463002091177,False,,
radius_100m,spatial,fold_4,M2,log1p_retail_employment_density,1.882734596354446,False,,
radius_100m,spatial,fold_4,M2,employment_mix,0.7571817660007433,False,,
radius_100m,spatial,fold_4,M2,log1p_road_network_density,3.4297364074784715,False,,
radius_100m,spatial,fold_4,M2,log1p_auto_road_density,0.0,False,,
radius_100m,spatial,fold_4,M2,log1p_intersection_density,4.582758933260672,False,,
radius_100m,spatial,fold_4,M2,log1p_transit_service_density,8.23806893775228,False,,
radius_100m,spatial,fold_4,M2,log1p_auto_job_accessibility,13.429052172268717,False,,
radius_100m,spatial,fold_4,M2,log1p_atm_density_500m,2.293814424193674,False,,
radius_100m,spatial,fold_4,M2,log1p_nearest_other_atm,4.320183171973455,False,,
radius_100m,leave_city_out,new_york_city,M0,log1p_background_primary,2.70805020110221,False,2.4910402345613196,0.8049997484809616
radius_100m,leave_city_out,new_york_city,M1,log1p_background_primary,2.70805020110221,False,2.491040234561319,0.8049997484809618
radius_100m,leave_city_out,new_york_city,M1,log1p_population_density,7.481310126736239,False,7.553668524766246,0.6398378961039798
radius_100m,leave_city_out,new_york_city,M1,log1p_median_household_income,11.019333812850217,False,10.926228199719946,0.4024152336969688
radius_100m,leave_city_out,new_york_city,M1,unemployment_rate,0.042364532019704436,False,0.057217039513313965,0.053770105408768136
radius_100m,leave_city_out,new_york_city,M1,log1p_employment_density,2.5802696426792373,False,2.9084653689847206,1.418744563995074
radius_100m,leave_city_out,new_york_city,M1,log1p_retail_employment_density,0.31222948293546415,False,0.3802221311509942,0.3219267749820777
radius_100m,leave_city_out,new_york_city,M1,employment_mix,0.6933901131846945,False,0.5917349403645676,0.2520987221790718
radius_100m,leave_city_out,new_york_city,M1,log1p_road_network_density,3.3002429676392797,False,3.2407200942540446,0.3138207475811887
radius_100m,leave_city_out,new_york_city,M1,log1p_auto_road_density,0.0,False,0.8165122750978705,0.9278150881477613
radius_100m,leave_city_out,new_york_city,M1,log1p_intersection_density,4.923216352756571,False,4.795731377399332,0.5599532090620063
radius_100m,leave_city_out,new_york_city,M1,log1p_transit_service_density,4.543548823030681,False,4.420631288670737,0.8644816802285921
radius_100m,leave_city_out,new_york_city,M1,log1p_auto_job_accessibility,11.378622030137894,False,11.388192877275072,0.12994015424678357
radius_100m,leave_city_out,new_york_city,M1,log1p_atm_density_500m,0.8212059263546096,False,1.0402550197303209,0.9675646482019528
radius_100m,leave_city_out,new_york_city,M1,log1p_nearest_other_atm,5.4422396581006875,False,5.457931470414444,1.243452245091153
radius_100m,leave_city_out,new_york_city,M2,log1p_background_primary,2.70805020110221,False,,
radius_100m,leave_city_out,new_york_city,M2,log1p_population_density,7.481310126736239,False,,
radius_100m,leave_city_out,new_york_city,M2,log1p_median_household_income,11.019333812850217,False,,
radius_100m,leave_city_out,new_york_city,M2,unemployment_rate,0.042364532019704436,False,,
radius_100m,leave_city_out,new_york_city,M2,log1p_employment_density,2.5802696426792373,False,,
radius_100m,leave_city_out,new_york_city,M2,log1p_retail_employment_density,0.31222948293546415,False,,
radius_100m,leave_city_out,new_york_city,M2,employment_mix,0.6933901131846945,False,,
radius_100m,leave_city_out,new_york_city,M2,log1p_road_network_density,3.3002429676392797,False,,
radius_100m,leave_city_out,new_york_city,M2,log1p_auto_road_density,0.0,False,,
radius_100m,leave_city_out,new_york_city,M2,log1p_intersection_density,4.923216352756571,False,,
radius_100m,leave_city_out,new_york_city,M2,log1p_transit_service_density,4.543548823030681,False,,
radius_100m,leave_city_out,new_york_city,M2,log1p_auto_job_accessibility,11.378622030137894,False,,
radius_100m,leave_city_out,new_york_city,M2,log1p_atm_density_500m,0.8212059263546096,False,,
radius_100m,leave_city_out,new_york_city,M2,log1p_nearest_other_atm,5.4422396581006875,False,,
radius_100m,leave_city_out,buffalo,M0,log1p_background_primary,3.7376696182833684,False,3.6100745493841835,1.1554519244432067
radius_100m,leave_city_out,buffalo,M1,log1p_background_primary,3.7376696182833684,False,3.6100745493841853,1.1554519244432064
radius_100m,leave_city_out,buffalo,M1,log1p_population_density,9.708440331931062,False,9.403908901008021,1.6005396595408916
radius_100m,leave_city_out,buffalo,M1,log1p_median_household_income,11.510332105117628,False,11.512386988643266,0.5103108958789874
radius_100m,leave_city_out,buffalo,M1,unemployment_rate,0.04716981132075472,False,0.0659876117225973,0.0730655900524363
radius_100m,leave_city_out,buffalo,M1,log1p_employment_density,3.5218331845630506,False,3.8567505320905973,1.6508161748001853
radius_100m,leave_city_out,buffalo,M1,log1p_retail_employment_density,1.8371769149498145,False,1.915488810248779,1.2351614514536737
radius_100m,leave_city_out,buffalo,M1,employment_mix,0.7602707284946608,False,0.7099424013847598,0.1897865054647935
radius_100m,leave_city_out,buffalo,M1,log1p_road_network_density,3.441796330035743,False,3.4188973712290607,0.3244857457533673
radius_100m,leave_city_out,buffalo,M1,log1p_auto_road_density,0.0,False,0.4996353023046014,0.9054643778016247
radius_100m,leave_city_out,buffalo,M1,log1p_intersection_density,4.671233994956426,False,4.074335857577557,1.7357857425371088
radius_100m,leave_city_out,buffalo,M1,log1p_transit_service_density,7.989064469654582,False,7.914189283057436,1.4627745300293948
radius_100m,leave_city_out,buffalo,M1,log1p_auto_job_accessibility,13.487017596470757,False,13.37079350119765,0.4230631490802903
radius_100m,leave_city_out,buffalo,M1,log1p_atm_density_500m,2.1563374497238987,False,2.1304050361548854,1.0667440320635637
radius_100m,leave_city_out,buffalo,M1,log1p_nearest_other_atm,4.325968785977107,False,4.358236050148168,1.2574567214211396
radius_100m,leave_city_out,buffalo,M2,log1p_background_primary,3.7376696182833684,False,,
radius_100m,leave_city_out,buffalo,M2,log1p_population_density,9.708440331931062,False,,
radius_100m,leave_city_out,buffalo,M2,log1p_median_household_income,11.510332105117628,False,,
radius_100m,leave_city_out,buffalo,M2,unemployment_rate,0.04716981132075472,False,,
radius_100m,leave_city_out,buffalo,M2,log1p_employment_density,3.5218331845630506,False,,
radius_100m,leave_city_out,buffalo,M2,log1p_retail_employment_density,1.8371769149498145,False,,
radius_100m,leave_city_out,buffalo,M2,employment_mix,0.7602707284946608,False,,
radius_100m,leave_city_out,buffalo,M2,log1p_road_network_density,3.441796330035743,False,,
radius_100m,leave_city_out,buffalo,M2,log1p_auto_road_density,0.0,False,,
radius_100m,leave_city_out,buffalo,M2,log1p_intersection_density,4.671233994956426,False,,
radius_100m,leave_city_out,buffalo,M2,log1p_transit_service_density,7.989064469654582,False,,
radius_100m,leave_city_out,buffalo,M2,log1p_auto_job_accessibility,13.487017596470757,False,,
radius_100m,leave_city_out,buffalo,M2,log1p_atm_density_500m,2.1563374497238987,False,,
radius_100m,leave_city_out,buffalo,M2,log1p_nearest_other_atm,4.325968785977107,False,,
radius_100m,leave_city_out,rochester,M0,log1p_background_primary,3.6888794541139363,False,3.609854296554395,1.1371122408845467
radius_100m,leave_city_out,rochester,M1,log1p_background_primary,3.6888794541139363,False,3.6098542965543943,1.1371122408845473
radius_100m,leave_city_out,rochester,M1,log1p_population_density,9.679352856935884,False,9.37419828477651,1.612440152037403
radius_100m,leave_city_out,rochester,M1,log1p_median_household_income,11.496465366186191,False,11.499159483710542,0.5187630047141991
radius_100m,leave_city_out,rochester,M1,unemployment_rate,0.04596560468482394,False,0.06487901261066206,0.07272110838025529
radius_100m,leave_city_out,rochester,M1,log1p_employment_density,3.5075741265608316,False,3.820115787743397,1.6591362328579118
radius_100m,leave_city_out,rochester,M1,log1p_retail_employment_density,1.8066080460912062,False,1.896238002542602,1.2358617276567454
radius_100m,leave_city_out,rochester,M1,employment_mix,0.761203850872028,False,0.7139128802074544,0.18423858082935796
radius_100m,leave_city_out,rochester,M1,log1p_road_network_density,3.4411444399292748,False,3.412626374022665,0.3276634989561673
radius_100m,leave_city_out,rochester,M1,log1p_auto_road_density,0.0,False,0.5013309322776868,0.9025607145482226
radius_100m,leave_city_out,rochester,M1,log1p_intersection_density,4.670354031861141,False,4.081786771992125,1.7258060037769525
radius_100m,leave_city_out,rochester,M1,log1p_transit_service_density,7.956304860873814,False,7.853860821525848,1.5228242126898281
radius_100m,leave_city_out,rochester,M1,log1p_auto_job_accessibility,13.479880435116439,False,13.333609821370013,0.509849335168781
radius_100m,leave_city_out,rochester,M1,log1p_atm_density_500m,2.1563374497238987,False,2.123259327297615,1.0724448308815655
radius_100m,leave_city_out,rochester,M1,log1p_nearest_other_atm,4.334857241840212,False,4.371489853527234,1.2466290177994706
radius_100m,leave_city_out,rochester,M2,log1p_background_primary,3.6888794541139363,False,,
radius_100m,leave_city_out,rochester,M2,log1p_population_density,9.679352856935884,False,,
radius_100m,leave_city_out,rochester,M2,log1p_median_household_income,11.496465366186191,False,,
radius_100m,leave_city_out,rochester,M2,unemployment_rate,0.04596560468482394,False,,
radius_100m,leave_city_out,rochester,M2,log1p_employment_density,3.5075741265608316,False,,
radius_100m,leave_city_out,rochester,M2,log1p_retail_employment_density,1.8066080460912062,False,,
radius_100m,leave_city_out,rochester,M2,employment_mix,0.761203850872028,False,,
radius_100m,leave_city_out,rochester,M2,log1p_road_network_density,3.4411444399292748,False,,
radius_100m,leave_city_out,rochester,M2,log1p_auto_road_density,0.0,False,,
radius_100m,leave_city_out,rochester,M2,log1p_intersection_density,4.670354031861141,False,,
radius_100m,leave_city_out,rochester,M2,log1p_transit_service_density,7.956304860873814,False,,
radius_100m,leave_city_out,rochester,M2,log1p_auto_job_accessibility,13.479880435116439,False,,
radius_100m,leave_city_out,rochester,M2,log1p_atm_density_500m,2.1563374497238987,False,,
radius_100m,leave_city_out,rochester,M2,log1p_nearest_other_atm,4.334857241840212,False,,
nearest_only_50m,spatial,fold_0,M0,log1p_background_primary,3.881510654509259,False,3.734690469106109,1.0217132618039566
nearest_only_50m,spatial,fold_0,M1,log1p_background_primary,3.881510654509259,False,3.734690469106109,1.0217132618039564
nearest_only_50m,spatial,fold_0,M1,log1p_population_density,9.742864663705216,False,9.432412355663402,1.6267458286308043
nearest_only_50m,spatial,fold_0,M1,log1p_median_household_income,11.479058189789082,False,11.493359601872486,0.5249500971090281
nearest_only_50m,spatial,fold_0,M1,unemployment_rate,0.04725274725274725,False,0.06642234176574927,0.07368980868420556
nearest_only_50m,spatial,fold_0,M1,log1p_employment_density,3.654569098390558,False,3.972045667856165,1.6114574981261516
nearest_only_50m,spatial,fold_0,M1,log1p_retail_employment_density,1.876626192050106,False,1.9483983190455025,1.2395068903503663
nearest_only_50m,spatial,fold_0,M1,employment_mix,0.7597677350845125,False,0.7092802025640229,0.18809112744807574
nearest_only_50m,spatial,fold_0,M1,log1p_road_network_density,3.44570588538181,False,3.4295692511747826,0.3204379095482653
nearest_only_50m,spatial,fold_0,M1,log1p_auto_road_density,0.0,False,0.5158337064584386,0.915619824927785
nearest_only_50m,spatial,fold_0,M1,log1p_intersection_density,4.6680319268913895,False,4.050495715554632,1.7662362732006516
nearest_only_50m,spatial,fold_0,M1,log1p_transit_service_density,8.075178396492442,False,7.980928704939954,1.4526706455921683
nearest_only_50m,spatial,fold_0,M1,log1p_auto_job_accessibility,13.501175085166965,False,13.357627049169258,0.508101389766241
nearest_only_50m,spatial,fold_0,M1,log1p_atm_density_500m,2.293814424193674,False,2.1748488414932123,1.0654840129747138
nearest_only_50m,spatial,fold_0,M1,log1p_nearest_other_atm,4.289693563483879,False,4.3251636623373795,1.24903283468144
nearest_only_50m,spatial,fold_0,M2,log1p_background_primary,3.881510654509259,False,,
nearest_only_50m,spatial,fold_0,M2,log1p_population_density,9.742864663705216,False,,
nearest_only_50m,spatial,fold_0,M2,log1p_median_household_income,11.479058189789082,False,,
nearest_only_50m,spatial,fold_0,M2,unemployment_rate,0.04725274725274725,False,,
nearest_only_50m,spatial,fold_0,M2,log1p_employment_density,3.654569098390558,False,,
nearest_only_50m,spatial,fold_0,M2,log1p_retail_employment_density,1.876626192050106,False,,
nearest_only_50m,spatial,fold_0,M2,employment_mix,0.7597677350845125,False,,
nearest_only_50m,spatial,fold_0,M2,log1p_road_network_density,3.44570588538181,False,,
nearest_only_50m,spatial,fold_0,M2,log1p_auto_road_density,0.0,False,,
nearest_only_50m,spatial,fold_0,M2,log1p_intersection_density,4.6680319268913895,False,,
nearest_only_50m,spatial,fold_0,M2,log1p_transit_service_density,8.075178396492442,False,,
nearest_only_50m,spatial,fold_0,M2,log1p_auto_job_accessibility,13.501175085166965,False,,
nearest_only_50m,spatial,fold_0,M2,log1p_atm_density_500m,2.293814424193674,False,,
nearest_only_50m,spatial,fold_0,M2,log1p_nearest_other_atm,4.289693563483879,False,,
nearest_only_50m,spatial,fold_1,M0,log1p_background_primary,2.8903717578961645,False,2.9866903874306625,1.0742896001400573
nearest_only_50m,spatial,fold_1,M1,log1p_background_primary,2.8903717578961645,False,2.986690387430662,1.0742896001400573
nearest_only_50m,spatial,fold_1,M1,log1p_population_density,9.427686718877304,False,9.167491189748693,1.3935224640486705
nearest_only_50m,spatial,fold_1,M1,log1p_median_household_income,11.242877898795072,False,11.237082390631127,0.43111931044101415
nearest_only_50m,spatial,fold_1,M1,unemployment_rate,0.050505050505050504,False,0.07170776369230593,0.08094685229957742
nearest_only_50m,spatial,fold_1,M1,log1p_employment_density,2.825866757615886,False,2.8597042051800385,1.0570947996221833
nearest_only_50m,spatial,fold_1,M1,log1p_retail_employment_density,1.2382281894451195,False,1.3246019727159204,0.8789704786796844
nearest_only_50m,spatial,fold_1,M1,employment_mix,0.7525423182972324,False,0.697779344353027,0.20113193655540157
nearest_only_50m,spatial,fold_1,M1,log1p_road_network_density,3.381776047623448,False,3.3527748396730708,0.31708022771756156
nearest_only_50m,spatial,fold_1,M1,log1p_auto_road_density,0.0,False,0.2531280507696106,0.6793283752584602
nearest_only_50m,spatial,fold_1,M1,log1p_intersection_density,4.81638887700819,False,4.616135504061711,1.063796928908858
nearest_only_50m,spatial,fold_1,M1,log1p_transit_service_density,7.213288233195665,False,7.010450436099725,1.3779798147032516
nearest_only_50m,spatial,fold_1,M1,log1p_auto_job_accessibility,13.21626529334314,False,13.120947907665224,0.5483398833851637
nearest_only_50m,spatial,fold_1,M1,log1p_atm_density_500m,1.5727155517124787,False,1.561025536290485,0.9087631301830793
nearest_only_50m,spatial,fold_1,M1,log1p_nearest_other_atm,4.482158044584339,False,4.602081043356224,1.3302013100925967
nearest_only_50m,spatial,fold_1,M2,log1p_background_primary,2.8903717578961645,False,,
nearest_only_50m,spatial,fold_1,M2,log1p_population_density,9.427686718877304,False,,
nearest_only_50m,spatial,fold_1,M2,log1p_median_household_income,11.242877898795072,False,,
nearest_only_50m,spatial,fold_1,M2,unemployment_rate,0.050505050505050504,False,,
nearest_only_50m,spatial,fold_1,M2,log1p_employment_density,2.825866757615886,False,,
nearest_only_50m,spatial,fold_1,M2,log1p_retail_employment_density,1.2382281894451195,False,,
nearest_only_50m,spatial,fold_1,M2,employment_mix,0.7525423182972324,False,,
nearest_only_50m,spatial,fold_1,M2,log1p_road_network_density,3.381776047623448,False,,
nearest_only_50m,spatial,fold_1,M2,log1p_auto_road_density,0.0,False,,
nearest_only_50m,spatial,fold_1,M2,log1p_intersection_density,4.81638887700819,False,,
nearest_only_50m,spatial,fold_1,M2,log1p_transit_service_density,7.213288233195665,False,,
nearest_only_50m,spatial,fold_1,M2,log1p_auto_job_accessibility,13.21626529334314,False,,
nearest_only_50m,spatial,fold_1,M2,log1p_atm_density_500m,1.5727155517124787,False,,
nearest_only_50m,spatial,fold_1,M2,log1p_nearest_other_atm,4.482158044584339,False,,
nearest_only_50m,spatial,fold_2,M0,log1p_background_primary,4.0943445622221,False,3.6946740668160105,1.2173890002281795
nearest_only_50m,spatial,fold_2,M1,log1p_background_primary,4.0943445622221,False,3.6946740668160087,1.2173890002281802
nearest_only_50m,spatial,fold_2,M1,log1p_population_density,9.611874887441171,False,9.289022029639494,1.678003129043255
nearest_only_50m,spatial,fold_2,M1,log1p_median_household_income,11.558266100976672,False,11.537557127172622,0.5192289868418958
nearest_only_50m,spatial,fold_2,M1,unemployment_rate,0.045263157894736845,False,0.06369558900546873,0.07240391546041595
nearest_only_50m,spatial,fold_2,M1,log1p_employment_density,3.7018766767785145,False,3.9520079151011163,1.7611150047903121
nearest_only_50m,spatial,fold_2,M1,log1p_retail_employment_density,1.887124186377208,False,1.9518459700414128,1.3237349189776717
nearest_only_50m,spatial,fold_2,M1,employment_mix,0.7644595719924616,False,0.7141259085511232,0.19074770301155577
nearest_only_50m,spatial,fold_2,M1,log1p_road_network_density,3.4529413541733045,False,3.4194006460870563,0.3491086389521566
nearest_only_50m,spatial,fold_2,M1,log1p_auto_road_density,0.0,False,0.6183579616503234,0.9672319082934524
nearest_only_50m,spatial,fold_2,M1,log1p_intersection_density,4.682221091699408,False,4.042248912619773,1.7926238399033512
nearest_only_50m,spatial,fold_2,M1,log1p_transit_service_density,8.253978607671957,False,7.871440246043655,1.722592193341726
nearest_only_50m,spatial,fold_2,M1,log1p_auto_job_accessibility,13.537659997425783,False,13.368680926647551,0.5919928960715052
nearest_only_50m,spatial,fold_2,M1,log1p_atm_density_500m,2.1563374497238987,False,2.163338350110231,1.1166362415686388
nearest_only_50m,spatial,fold_2,M1,log1p_nearest_other_atm,4.357670436655453,False,4.410444814186893,1.2464814934377528
nearest_only_50m,spatial,fold_2,M2,log1p_background_primary,4.0943445622221,False,,
nearest_only_50m,spatial,fold_2,M2,log1p_population_density,9.611874887441171,False,,
nearest_only_50m,spatial,fold_2,M2,log1p_median_household_income,11.558266100976672,False,,
nearest_only_50m,spatial,fold_2,M2,unemployment_rate,0.045263157894736845,False,,
nearest_only_50m,spatial,fold_2,M2,log1p_employment_density,3.7018766767785145,False,,
nearest_only_50m,spatial,fold_2,M2,log1p_retail_employment_density,1.887124186377208,False,,
nearest_only_50m,spatial,fold_2,M2,employment_mix,0.7644595719924616,False,,
nearest_only_50m,spatial,fold_2,M2,log1p_road_network_density,3.4529413541733045,False,,
nearest_only_50m,spatial,fold_2,M2,log1p_auto_road_density,0.0,False,,
nearest_only_50m,spatial,fold_2,M2,log1p_intersection_density,4.682221091699408,False,,
nearest_only_50m,spatial,fold_2,M2,log1p_transit_service_density,8.253978607671957,False,,
nearest_only_50m,spatial,fold_2,M2,log1p_auto_job_accessibility,13.537659997425783,False,,
nearest_only_50m,spatial,fold_2,M2,log1p_atm_density_500m,2.1563374497238987,False,,
nearest_only_50m,spatial,fold_2,M2,log1p_nearest_other_atm,4.357670436655453,False,,
nearest_only_50m,spatial,fold_3,M0,log1p_background_primary,3.5263605246161616,False,3.5137668830231807,1.174538480182224
nearest_only_50m,spatial,fold_3,M1,log1p_background_primary,3.5263605246161616,False,3.513766883023183,1.1745384801822227
nearest_only_50m,spatial,fold_3,M1,log1p_population_density,9.594309350239419,False,9.302725102359128,1.6051160546492595
nearest_only_50m,spatial,fold_3,M1,log1p_median_household_income,11.530947095166587,False,11.53739692323911,0.5140537303667531
nearest_only_50m,spatial,fold_3,M1,unemployment_rate,0.042789223454833596,False,0.06080532556572056,0.06412861860504386
nearest_only_50m,spatial,fold_3,M1,log1p_employment_density,3.6325908406637577,False,3.9101806349060184,1.73002860142634
nearest_only_50m,spatial,fold_3,M1,log1p_retail_employment_density,1.7679158829047785,False,1.9018635421137737,1.2828611457139316
nearest_only_50m,spatial,fold_3,M1,employment_mix,0.761203850872028,False,0.7169268293037713,0.182607241019288
nearest_only_50m,spatial,fold_3,M1,log1p_road_network_density,3.443753624268729,False,3.416875752326326,0.31875744871986955
nearest_only_50m,spatial,fold_3,M1,log1p_auto_road_density,0.0,False,0.5514402146933054,0.9355828780589182
nearest_only_50m,spatial,fold_3,M1,log1p_intersection_density,4.638649943019482,False,4.026411154902905,1.7458325215694368
nearest_only_50m,spatial,fold_3,M1,log1p_transit_service_density,7.912374029811021,False,7.787643084003558,1.6346856959676692
nearest_only_50m,spatial,fold_3,M1,log1p_auto_job_accessibility,13.475030894174296,False,13.279615614171643,0.5865047596599253
nearest_only_50m,spatial,fold_3,M1,log1p_atm_density_500m,2.293814424193674,False,2.1688678423362413,1.1154857379491665
nearest_only_50m,spatial,fold_3,M1,log1p_nearest_other_atm,4.351459266833762,False,4.3963274363572244,1.2538338274549266
nearest_only_50m,spatial,fold_3,M2,log1p_background_primary,3.5263605246161616,False,,
nearest_only_50m,spatial,fold_3,M2,log1p_population_density,9.594309350239419,False,,
nearest_only_50m,spatial,fold_3,M2,log1p_median_household_income,11.530947095166587,False,,
nearest_only_50m,spatial,fold_3,M2,unemployment_rate,0.042789223454833596,False,,
nearest_only_50m,spatial,fold_3,M2,log1p_employment_density,3.6325908406637577,False,,
nearest_only_50m,spatial,fold_3,M2,log1p_retail_employment_density,1.7679158829047785,False,,
nearest_only_50m,spatial,fold_3,M2,employment_mix,0.761203850872028,False,,
nearest_only_50m,spatial,fold_3,M2,log1p_road_network_density,3.443753624268729,False,,
nearest_only_50m,spatial,fold_3,M2,log1p_auto_road_density,0.0,False,,
nearest_only_50m,spatial,fold_3,M2,log1p_intersection_density,4.638649943019482,False,,
nearest_only_50m,spatial,fold_3,M2,log1p_transit_service_density,7.912374029811021,False,,
nearest_only_50m,spatial,fold_3,M2,log1p_auto_job_accessibility,13.475030894174296,False,,
nearest_only_50m,spatial,fold_3,M2,log1p_atm_density_500m,2.293814424193674,False,,
nearest_only_50m,spatial,fold_3,M2,log1p_nearest_other_atm,4.351459266833762,False,,
nearest_only_50m,spatial,fold_4,M0,log1p_background_primary,3.970291913552122,False,3.690510379531353,1.1676539473597523
nearest_only_50m,spatial,fold_4,M1,log1p_background_primary,3.970291913552122,False,3.6905103795313545,1.167653947359753
nearest_only_50m,spatial,fold_4,M1,log1p_population_density,9.73938356157139,False,9.337233087197141,1.7450222394255437
nearest_only_50m,spatial,fold_4,M1,log1p_median_household_income,11.569627107839532,False,11.546239647801265,0.5397130929780766
nearest_only_50m,spatial,fold_4,M1,unemployment_rate,0.044114785131716294,False,0.06557333923056026,0.0738822441609287
nearest_only_50m,spatial,fold_4,M1,log1p_employment_density,3.751463002091177,False,4.055386080320923,1.698757097176606
nearest_only_50m,spatial,fold_4,M1,log1p_retail_employment_density,1.882734596354446,False,1.9823555728073528,1.291773826005541
nearest_only_50m,spatial,fold_4,M1,employment_mix,0.7571817660007433,False,0.7043168598155061,0.1908747230841397
nearest_only_50m,spatial,fold_4,M1,log1p_road_network_density,3.4297364074784715,False,3.41170260011083,0.3298021818655012
nearest_only_50m,spatial,fold_4,M1,log1p_auto_road_density,0.0,False,0.5818083189534806,0.9411919961430799
nearest_only_50m,spatial,fold_4,M1,log1p_intersection_density,4.582758933260672,False,3.8982728169875758,1.8367404993702086
nearest_only_50m,spatial,fold_4,M1,log1p_transit_service_density,8.23806893775228,False,7.955253881808555,1.6164759811108549
nearest_only_50m,spatial,fold_4,M1,log1p_auto_job_accessibility,13.429052172268717,False,13.252140510949518,0.5974980348334059
nearest_only_50m,spatial,fold_4,M1,log1p_atm_density_500m,2.293814424193674,False,2.232918703298313,1.0703271983957943
nearest_only_50m,spatial,fold_4,M1,log1p_nearest_other_atm,4.320183171973455,False,4.35404940305215,1.227558976710112
nearest_only_50m,spatial,fold_4,M2,log1p_background_primary,3.970291913552122,False,,
nearest_only_50m,spatial,fold_4,M2,log1p_population_density,9.73938356157139,False,,
nearest_only_50m,spatial,fold_4,M2,log1p_median_household_income,11.569627107839532,False,,
nearest_only_50m,spatial,fold_4,M2,unemployment_rate,0.044114785131716294,False,,
nearest_only_50m,spatial,fold_4,M2,log1p_employment_density,3.751463002091177,False,,
nearest_only_50m,spatial,fold_4,M2,log1p_retail_employment_density,1.882734596354446,False,,
nearest_only_50m,spatial,fold_4,M2,employment_mix,0.7571817660007433,False,,
nearest_only_50m,spatial,fold_4,M2,log1p_road_network_density,3.4297364074784715,False,,
nearest_only_50m,spatial,fold_4,M2,log1p_auto_road_density,0.0,False,,
nearest_only_50m,spatial,fold_4,M2,log1p_intersection_density,4.582758933260672,False,,
nearest_only_50m,spatial,fold_4,M2,log1p_transit_service_density,8.23806893775228,False,,
nearest_only_50m,spatial,fold_4,M2,log1p_auto_job_accessibility,13.429052172268717,False,,
nearest_only_50m,spatial,fold_4,M2,log1p_atm_density_500m,2.293814424193674,False,,
nearest_only_50m,spatial,fold_4,M2,log1p_nearest_other_atm,4.320183171973455,False,,
nearest_only_50m,leave_city_out,new_york_city,M0,log1p_background_primary,2.70805020110221,False,2.4910402345613196,0.8049997484809616
nearest_only_50m,leave_city_out,new_york_city,M1,log1p_background_primary,2.70805020110221,False,2.491040234561319,0.8049997484809618
nearest_only_50m,leave_city_out,new_york_city,M1,log1p_population_density,7.481310126736239,False,7.553668524766246,0.6398378961039798
nearest_only_50m,leave_city_out,new_york_city,M1,log1p_median_household_income,11.019333812850217,False,10.926228199719946,0.4024152336969688
nearest_only_50m,leave_city_out,new_york_city,M1,unemployment_rate,0.042364532019704436,False,0.057217039513313965,0.053770105408768136
nearest_only_50m,leave_city_out,new_york_city,M1,log1p_employment_density,2.5802696426792373,False,2.9084653689847206,1.418744563995074
nearest_only_50m,leave_city_out,new_york_city,M1,log1p_retail_employment_density,0.31222948293546415,False,0.3802221311509942,0.3219267749820777
nearest_only_50m,leave_city_out,new_york_city,M1,employment_mix,0.6933901131846945,False,0.5917349403645676,0.2520987221790718
nearest_only_50m,leave_city_out,new_york_city,M1,log1p_road_network_density,3.3002429676392797,False,3.2407200942540446,0.3138207475811887
nearest_only_50m,leave_city_out,new_york_city,M1,log1p_auto_road_density,0.0,False,0.8165122750978705,0.9278150881477613
nearest_only_50m,leave_city_out,new_york_city,M1,log1p_intersection_density,4.923216352756571,False,4.795731377399332,0.5599532090620063
nearest_only_50m,leave_city_out,new_york_city,M1,log1p_transit_service_density,4.543548823030681,False,4.420631288670737,0.8644816802285921
nearest_only_50m,leave_city_out,new_york_city,M1,log1p_auto_job_accessibility,11.378622030137894,False,11.388192877275072,0.12994015424678357
nearest_only_50m,leave_city_out,new_york_city,M1,log1p_atm_density_500m,0.8212059263546096,False,1.0402550197303209,0.9675646482019528
nearest_only_50m,leave_city_out,new_york_city,M1,log1p_nearest_other_atm,5.4422396581006875,False,5.457931470414444,1.243452245091153
nearest_only_50m,leave_city_out,new_york_city,M2,log1p_background_primary,2.70805020110221,False,,
nearest_only_50m,leave_city_out,new_york_city,M2,log1p_population_density,7.481310126736239,False,,
nearest_only_50m,leave_city_out,new_york_city,M2,log1p_median_household_income,11.019333812850217,False,,
nearest_only_50m,leave_city_out,new_york_city,M2,unemployment_rate,0.042364532019704436,False,,
nearest_only_50m,leave_city_out,new_york_city,M2,log1p_employment_density,2.5802696426792373,False,,
nearest_only_50m,leave_city_out,new_york_city,M2,log1p_retail_employment_density,0.31222948293546415,False,,
nearest_only_50m,leave_city_out,new_york_city,M2,employment_mix,0.6933901131846945,False,,
nearest_only_50m,leave_city_out,new_york_city,M2,log1p_road_network_density,3.3002429676392797,False,,
nearest_only_50m,leave_city_out,new_york_city,M2,log1p_auto_road_density,0.0,False,,
nearest_only_50m,leave_city_out,new_york_city,M2,log1p_intersection_density,4.923216352756571,False,,
nearest_only_50m,leave_city_out,new_york_city,M2,log1p_transit_service_density,4.543548823030681,False,,
nearest_only_50m,leave_city_out,new_york_city,M2,log1p_auto_job_accessibility,11.378622030137894,False,,
nearest_only_50m,leave_city_out,new_york_city,M2,log1p_atm_density_500m,0.8212059263546096,False,,
nearest_only_50m,leave_city_out,new_york_city,M2,log1p_nearest_other_atm,5.4422396581006875,False,,
nearest_only_50m,leave_city_out,buffalo,M0,log1p_background_primary,3.7376696182833684,False,3.6100745493841835,1.1554519244432067
nearest_only_50m,leave_city_out,buffalo,M1,log1p_background_primary,3.7376696182833684,False,3.6100745493841853,1.1554519244432064
nearest_only_50m,leave_city_out,buffalo,M1,log1p_population_density,9.708440331931062,False,9.403908901008021,1.6005396595408916
nearest_only_50m,leave_city_out,buffalo,M1,log1p_median_household_income,11.510332105117628,False,11.512386988643266,0.5103108958789874
nearest_only_50m,leave_city_out,buffalo,M1,unemployment_rate,0.04716981132075472,False,0.0659876117225973,0.0730655900524363
nearest_only_50m,leave_city_out,buffalo,M1,log1p_employment_density,3.5218331845630506,False,3.8567505320905973,1.6508161748001853
nearest_only_50m,leave_city_out,buffalo,M1,log1p_retail_employment_density,1.8371769149498145,False,1.915488810248779,1.2351614514536737
nearest_only_50m,leave_city_out,buffalo,M1,employment_mix,0.7602707284946608,False,0.7099424013847598,0.1897865054647935
nearest_only_50m,leave_city_out,buffalo,M1,log1p_road_network_density,3.441796330035743,False,3.4188973712290607,0.3244857457533673
nearest_only_50m,leave_city_out,buffalo,M1,log1p_auto_road_density,0.0,False,0.4996353023046014,0.9054643778016247
nearest_only_50m,leave_city_out,buffalo,M1,log1p_intersection_density,4.671233994956426,False,4.074335857577557,1.7357857425371088
nearest_only_50m,leave_city_out,buffalo,M1,log1p_transit_service_density,7.989064469654582,False,7.914189283057436,1.4627745300293948
nearest_only_50m,leave_city_out,buffalo,M1,log1p_auto_job_accessibility,13.487017596470757,False,13.37079350119765,0.4230631490802903
nearest_only_50m,leave_city_out,buffalo,M1,log1p_atm_density_500m,2.1563374497238987,False,2.1304050361548854,1.0667440320635637
nearest_only_50m,leave_city_out,buffalo,M1,log1p_nearest_other_atm,4.325968785977107,False,4.358236050148168,1.2574567214211396
nearest_only_50m,leave_city_out,buffalo,M2,log1p_background_primary,3.7376696182833684,False,,
nearest_only_50m,leave_city_out,buffalo,M2,log1p_population_density,9.708440331931062,False,,
nearest_only_50m,leave_city_out,buffalo,M2,log1p_median_household_income,11.510332105117628,False,,
nearest_only_50m,leave_city_out,buffalo,M2,unemployment_rate,0.04716981132075472,False,,
nearest_only_50m,leave_city_out,buffalo,M2,log1p_employment_density,3.5218331845630506,False,,
nearest_only_50m,leave_city_out,buffalo,M2,log1p_retail_employment_density,1.8371769149498145,False,,
nearest_only_50m,leave_city_out,buffalo,M2,employment_mix,0.7602707284946608,False,,
nearest_only_50m,leave_city_out,buffalo,M2,log1p_road_network_density,3.441796330035743,False,,
nearest_only_50m,leave_city_out,buffalo,M2,log1p_auto_road_density,0.0,False,,
nearest_only_50m,leave_city_out,buffalo,M2,log1p_intersection_density,4.671233994956426,False,,
nearest_only_50m,leave_city_out,buffalo,M2,log1p_transit_service_density,7.989064469654582,False,,
nearest_only_50m,leave_city_out,buffalo,M2,log1p_auto_job_accessibility,13.487017596470757,False,,
nearest_only_50m,leave_city_out,buffalo,M2,log1p_atm_density_500m,2.1563374497238987,False,,
nearest_only_50m,leave_city_out,buffalo,M2,log1p_nearest_other_atm,4.325968785977107,False,,
nearest_only_50m,leave_city_out,rochester,M0,log1p_background_primary,3.6888794541139363,False,3.609854296554395,1.1371122408845467
nearest_only_50m,leave_city_out,rochester,M1,log1p_background_primary,3.6888794541139363,False,3.6098542965543943,1.1371122408845473
nearest_only_50m,leave_city_out,rochester,M1,log1p_population_density,9.679352856935884,False,9.37419828477651,1.612440152037403
nearest_only_50m,leave_city_out,rochester,M1,log1p_median_household_income,11.496465366186191,False,11.499159483710542,0.5187630047141991
nearest_only_50m,leave_city_out,rochester,M1,unemployment_rate,0.04596560468482394,False,0.06487901261066206,0.07272110838025529
nearest_only_50m,leave_city_out,rochester,M1,log1p_employment_density,3.5075741265608316,False,3.820115787743397,1.6591362328579118
nearest_only_50m,leave_city_out,rochester,M1,log1p_retail_employment_density,1.8066080460912062,False,1.896238002542602,1.2358617276567454
nearest_only_50m,leave_city_out,rochester,M1,employment_mix,0.761203850872028,False,0.7139128802074544,0.18423858082935796
nearest_only_50m,leave_city_out,rochester,M1,log1p_road_network_density,3.4411444399292748,False,3.412626374022665,0.3276634989561673
nearest_only_50m,leave_city_out,rochester,M1,log1p_auto_road_density,0.0,False,0.5013309322776868,0.9025607145482226
nearest_only_50m,leave_city_out,rochester,M1,log1p_intersection_density,4.670354031861141,False,4.081786771992125,1.7258060037769525
nearest_only_50m,leave_city_out,rochester,M1,log1p_transit_service_density,7.956304860873814,False,7.853860821525848,1.5228242126898281
nearest_only_50m,leave_city_out,rochester,M1,log1p_auto_job_accessibility,13.479880435116439,False,13.333609821370013,0.509849335168781
nearest_only_50m,leave_city_out,rochester,M1,log1p_atm_density_500m,2.1563374497238987,False,2.123259327297615,1.0724448308815655
nearest_only_50m,leave_city_out,rochester,M1,log1p_nearest_other_atm,4.334857241840212,False,4.371489853527234,1.2466290177994706
nearest_only_50m,leave_city_out,rochester,M2,log1p_background_primary,3.6888794541139363,False,,
nearest_only_50m,leave_city_out,rochester,M2,log1p_population_density,9.679352856935884,False,,
nearest_only_50m,leave_city_out,rochester,M2,log1p_median_household_income,11.496465366186191,False,,
nearest_only_50m,leave_city_out,rochester,M2,unemployment_rate,0.04596560468482394,False,,
nearest_only_50m,leave_city_out,rochester,M2,log1p_employment_density,3.5075741265608316,False,,
nearest_only_50m,leave_city_out,rochester,M2,log1p_retail_employment_density,1.8066080460912062,False,,
nearest_only_50m,leave_city_out,rochester,M2,employment_mix,0.761203850872028,False,,
nearest_only_50m,leave_city_out,rochester,M2,log1p_road_network_density,3.4411444399292748,False,,
nearest_only_50m,leave_city_out,rochester,M2,log1p_auto_road_density,0.0,False,,
nearest_only_50m,leave_city_out,rochester,M2,log1p_intersection_density,4.670354031861141,False,,
nearest_only_50m,leave_city_out,rochester,M2,log1p_transit_service_density,7.956304860873814,False,,
nearest_only_50m,leave_city_out,rochester,M2,log1p_auto_job_accessibility,13.479880435116439,False,,
nearest_only_50m,leave_city_out,rochester,M2,log1p_atm_density_500m,2.1563374497238987,False,,
nearest_only_50m,leave_city_out,rochester,M2,log1p_nearest_other_atm,4.334857241840212,False,,
report_cutoff_background,spatial,fold_0,M0,log1p_background_primary,3.8712010109078907,False,3.7296792844993845,1.0206772791669347
report_cutoff_background,spatial,fold_0,M1,log1p_background_primary,3.8712010109078907,False,3.72967928449939,1.0206772791669338
report_cutoff_background,spatial,fold_0,M1,log1p_population_density,9.742864663705216,False,9.432412355663402,1.6267458286308043
report_cutoff_background,spatial,fold_0,M1,log1p_median_household_income,11.479058189789082,False,11.493359601872486,0.5249500971090281
report_cutoff_background,spatial,fold_0,M1,unemployment_rate,0.04725274725274725,False,0.06642234176574927,0.07368980868420556
report_cutoff_background,spatial,fold_0,M1,log1p_employment_density,3.654569098390558,False,3.972045667856165,1.6114574981261516
report_cutoff_background,spatial,fold_0,M1,log1p_retail_employment_density,1.876626192050106,False,1.9483983190455025,1.2395068903503663
report_cutoff_background,spatial,fold_0,M1,employment_mix,0.7597677350845125,False,0.7092802025640229,0.18809112744807574
report_cutoff_background,spatial,fold_0,M1,log1p_road_network_density,3.44570588538181,False,3.4295692511747826,0.3204379095482653
report_cutoff_background,spatial,fold_0,M1,log1p_auto_road_density,0.0,False,0.5158337064584386,0.915619824927785
report_cutoff_background,spatial,fold_0,M1,log1p_intersection_density,4.6680319268913895,False,4.050495715554632,1.7662362732006516
report_cutoff_background,spatial,fold_0,M1,log1p_transit_service_density,8.075178396492442,False,7.980928704939954,1.4526706455921683
report_cutoff_background,spatial,fold_0,M1,log1p_auto_job_accessibility,13.501175085166965,False,13.357627049169258,0.508101389766241
report_cutoff_background,spatial,fold_0,M1,log1p_atm_density_500m,2.293814424193674,False,2.1748488414932123,1.0654840129747138
report_cutoff_background,spatial,fold_0,M1,log1p_nearest_other_atm,4.289693563483879,False,4.3251636623373795,1.24903283468144
report_cutoff_background,spatial,fold_0,M2,log1p_background_primary,3.8712010109078907,False,,
report_cutoff_background,spatial,fold_0,M2,log1p_population_density,9.742864663705216,False,,
report_cutoff_background,spatial,fold_0,M2,log1p_median_household_income,11.479058189789082,False,,
report_cutoff_background,spatial,fold_0,M2,unemployment_rate,0.04725274725274725,False,,
report_cutoff_background,spatial,fold_0,M2,log1p_employment_density,3.654569098390558,False,,
report_cutoff_background,spatial,fold_0,M2,log1p_retail_employment_density,1.876626192050106,False,,
report_cutoff_background,spatial,fold_0,M2,employment_mix,0.7597677350845125,False,,
report_cutoff_background,spatial,fold_0,M2,log1p_road_network_density,3.44570588538181,False,,
report_cutoff_background,spatial,fold_0,M2,log1p_auto_road_density,0.0,False,,
report_cutoff_background,spatial,fold_0,M2,log1p_intersection_density,4.6680319268913895,False,,
report_cutoff_background,spatial,fold_0,M2,log1p_transit_service_density,8.075178396492442,False,,
report_cutoff_background,spatial,fold_0,M2,log1p_auto_job_accessibility,13.501175085166965,False,,
report_cutoff_background,spatial,fold_0,M2,log1p_atm_density_500m,2.293814424193674,False,,
report_cutoff_background,spatial,fold_0,M2,log1p_nearest_other_atm,4.289693563483879,False,,
report_cutoff_background,spatial,fold_1,M0,log1p_background_primary,2.8903717578961645,False,2.982362089074279,1.0747086772214103
report_cutoff_background,spatial,fold_1,M1,log1p_background_primary,2.8903717578961645,False,2.982362089074279,1.0747086772214105
report_cutoff_background,spatial,fold_1,M1,log1p_population_density,9.427686718877304,False,9.167491189748693,1.3935224640486705
report_cutoff_background,spatial,fold_1,M1,log1p_median_household_income,11.242877898795072,False,11.237082390631127,0.43111931044101415
report_cutoff_background,spatial,fold_1,M1,unemployment_rate,0.050505050505050504,False,0.07170776369230593,0.08094685229957742
report_cutoff_background,spatial,fold_1,M1,log1p_employment_density,2.825866757615886,False,2.8597042051800385,1.0570947996221833
report_cutoff_background,spatial,fold_1,M1,log1p_retail_employment_density,1.2382281894451195,False,1.3246019727159204,0.8789704786796844
report_cutoff_background,spatial,fold_1,M1,employment_mix,0.7525423182972324,False,0.697779344353027,0.20113193655540157
report_cutoff_background,spatial,fold_1,M1,log1p_road_network_density,3.381776047623448,False,3.3527748396730708,0.31708022771756156
report_cutoff_background,spatial,fold_1,M1,log1p_auto_road_density,0.0,False,0.2531280507696106,0.6793283752584602
report_cutoff_background,spatial,fold_1,M1,log1p_intersection_density,4.81638887700819,False,4.616135504061711,1.063796928908858
report_cutoff_background,spatial,fold_1,M1,log1p_transit_service_density,7.213288233195665,False,7.010450436099725,1.3779798147032516
report_cutoff_background,spatial,fold_1,M1,log1p_auto_job_accessibility,13.21626529334314,False,13.120947907665224,0.5483398833851637
report_cutoff_background,spatial,fold_1,M1,log1p_atm_density_500m,1.5727155517124787,False,1.561025536290485,0.9087631301830793
report_cutoff_background,spatial,fold_1,M1,log1p_nearest_other_atm,4.482158044584339,False,4.602081043356224,1.3302013100925967
report_cutoff_background,spatial,fold_1,M2,log1p_background_primary,2.8903717578961645,False,,
report_cutoff_background,spatial,fold_1,M2,log1p_population_density,9.427686718877304,False,,
report_cutoff_background,spatial,fold_1,M2,log1p_median_household_income,11.242877898795072,False,,
report_cutoff_background,spatial,fold_1,M2,unemployment_rate,0.050505050505050504,False,,
report_cutoff_background,spatial,fold_1,M2,log1p_employment_density,2.825866757615886,False,,
report_cutoff_background,spatial,fold_1,M2,log1p_retail_employment_density,1.2382281894451195,False,,
report_cutoff_background,spatial,fold_1,M2,employment_mix,0.7525423182972324,False,,
report_cutoff_background,spatial,fold_1,M2,log1p_road_network_density,3.381776047623448,False,,
report_cutoff_background,spatial,fold_1,M2,log1p_auto_road_density,0.0,False,,
report_cutoff_background,spatial,fold_1,M2,log1p_intersection_density,4.81638887700819,False,,
report_cutoff_background,spatial,fold_1,M2,log1p_transit_service_density,7.213288233195665,False,,
report_cutoff_background,spatial,fold_1,M2,log1p_auto_job_accessibility,13.21626529334314,False,,
report_cutoff_background,spatial,fold_1,M2,log1p_atm_density_500m,1.5727155517124787,False,,
report_cutoff_background,spatial,fold_1,M2,log1p_nearest_other_atm,4.482158044584339,False,,
report_cutoff_background,spatial,fold_2,M0,log1p_background_primary,4.07753744390572,False,3.6886829929158,1.2173436616944682
report_cutoff_background,spatial,fold_2,M1,log1p_background_primary,4.07753744390572,False,3.6886829929157985,1.2173436616944677
report_cutoff_background,spatial,fold_2,M1,log1p_population_density,9.611874887441171,False,9.289022029639494,1.678003129043255
report_cutoff_background,spatial,fold_2,M1,log1p_median_household_income,11.558266100976672,False,11.537557127172622,0.5192289868418958
report_cutoff_background,spatial,fold_2,M1,unemployment_rate,0.045263157894736845,False,0.06369558900546873,0.07240391546041595
report_cutoff_background,spatial,fold_2,M1,log1p_employment_density,3.7018766767785145,False,3.9520079151011163,1.7611150047903121
report_cutoff_background,spatial,fold_2,M1,log1p_retail_employment_density,1.887124186377208,False,1.9518459700414128,1.3237349189776717
report_cutoff_background,spatial,fold_2,M1,employment_mix,0.7644595719924616,False,0.7141259085511232,0.19074770301155577
report_cutoff_background,spatial,fold_2,M1,log1p_road_network_density,3.4529413541733045,False,3.4194006460870563,0.3491086389521566
report_cutoff_background,spatial,fold_2,M1,log1p_auto_road_density,0.0,False,0.6183579616503234,0.9672319082934524
report_cutoff_background,spatial,fold_2,M1,log1p_intersection_density,4.682221091699408,False,4.042248912619773,1.7926238399033512
report_cutoff_background,spatial,fold_2,M1,log1p_transit_service_density,8.253978607671957,False,7.871440246043655,1.722592193341726
report_cutoff_background,spatial,fold_2,M1,log1p_auto_job_accessibility,13.537659997425783,False,13.368680926647551,0.5919928960715052
report_cutoff_background,spatial,fold_2,M1,log1p_atm_density_500m,2.1563374497238987,False,2.163338350110231,1.1166362415686388
report_cutoff_background,spatial,fold_2,M1,log1p_nearest_other_atm,4.357670436655453,False,4.410444814186893,1.2464814934377528
report_cutoff_background,spatial,fold_2,M2,log1p_background_primary,4.07753744390572,False,,
report_cutoff_background,spatial,fold_2,M2,log1p_population_density,9.611874887441171,False,,
report_cutoff_background,spatial,fold_2,M2,log1p_median_household_income,11.558266100976672,False,,
report_cutoff_background,spatial,fold_2,M2,unemployment_rate,0.045263157894736845,False,,
report_cutoff_background,spatial,fold_2,M2,log1p_employment_density,3.7018766767785145,False,,
report_cutoff_background,spatial,fold_2,M2,log1p_retail_employment_density,1.887124186377208,False,,
report_cutoff_background,spatial,fold_2,M2,employment_mix,0.7644595719924616,False,,
report_cutoff_background,spatial,fold_2,M2,log1p_road_network_density,3.4529413541733045,False,,
report_cutoff_background,spatial,fold_2,M2,log1p_auto_road_density,0.0,False,,
report_cutoff_background,spatial,fold_2,M2,log1p_intersection_density,4.682221091699408,False,,
report_cutoff_background,spatial,fold_2,M2,log1p_transit_service_density,8.253978607671957,False,,
report_cutoff_background,spatial,fold_2,M2,log1p_auto_job_accessibility,13.537659997425783,False,,
report_cutoff_background,spatial,fold_2,M2,log1p_atm_density_500m,2.1563374497238987,False,,
report_cutoff_background,spatial,fold_2,M2,log1p_nearest_other_atm,4.357670436655453,False,,
report_cutoff_background,spatial,fold_3,M0,log1p_background_primary,3.5263605246161616,False,3.5081541328796524,1.173807632899943
report_cutoff_background,spatial,fold_3,M1,log1p_background_primary,3.5263605246161616,False,3.5081541328796573,1.1738076328999438
report_cutoff_background,spatial,fold_3,M1,log1p_population_density,9.594309350239419,False,9.302725102359128,1.6051160546492595
report_cutoff_background,spatial,fold_3,M1,log1p_median_household_income,11.530947095166587,False,11.53739692323911,0.5140537303667531
report_cutoff_background,spatial,fold_3,M1,unemployment_rate,0.042789223454833596,False,0.06080532556572056,0.06412861860504386
report_cutoff_background,spatial,fold_3,M1,log1p_employment_density,3.6325908406637577,False,3.9101806349060184,1.73002860142634
report_cutoff_background,spatial,fold_3,M1,log1p_retail_employment_density,1.7679158829047785,False,1.9018635421137737,1.2828611457139316
report_cutoff_background,spatial,fold_3,M1,employment_mix,0.761203850872028,False,0.7169268293037713,0.182607241019288
report_cutoff_background,spatial,fold_3,M1,log1p_road_network_density,3.443753624268729,False,3.416875752326326,0.31875744871986955
report_cutoff_background,spatial,fold_3,M1,log1p_auto_road_density,0.0,False,0.5514402146933054,0.9355828780589182
report_cutoff_background,spatial,fold_3,M1,log1p_intersection_density,4.638649943019482,False,4.026411154902905,1.7458325215694368
report_cutoff_background,spatial,fold_3,M1,log1p_transit_service_density,7.912374029811021,False,7.787643084003558,1.6346856959676692
report_cutoff_background,spatial,fold_3,M1,log1p_auto_job_accessibility,13.475030894174296,False,13.279615614171643,0.5865047596599253
report_cutoff_background,spatial,fold_3,M1,log1p_atm_density_500m,2.293814424193674,False,2.1688678423362413,1.1154857379491665
report_cutoff_background,spatial,fold_3,M1,log1p_nearest_other_atm,4.351459266833762,False,4.3963274363572244,1.2538338274549266
report_cutoff_background,spatial,fold_3,M2,log1p_background_primary,3.5263605246161616,False,,
report_cutoff_background,spatial,fold_3,M2,log1p_population_density,9.594309350239419,False,,
report_cutoff_background,spatial,fold_3,M2,log1p_median_household_income,11.530947095166587,False,,
report_cutoff_background,spatial,fold_3,M2,unemployment_rate,0.042789223454833596,False,,
report_cutoff_background,spatial,fold_3,M2,log1p_employment_density,3.6325908406637577,False,,
report_cutoff_background,spatial,fold_3,M2,log1p_retail_employment_density,1.7679158829047785,False,,
report_cutoff_background,spatial,fold_3,M2,employment_mix,0.761203850872028,False,,
report_cutoff_background,spatial,fold_3,M2,log1p_road_network_density,3.443753624268729,False,,
report_cutoff_background,spatial,fold_3,M2,log1p_auto_road_density,0.0,False,,
report_cutoff_background,spatial,fold_3,M2,log1p_intersection_density,4.638649943019482,False,,
report_cutoff_background,spatial,fold_3,M2,log1p_transit_service_density,7.912374029811021,False,,
report_cutoff_background,spatial,fold_3,M2,log1p_auto_job_accessibility,13.475030894174296,False,,
report_cutoff_background,spatial,fold_3,M2,log1p_atm_density_500m,2.293814424193674,False,,
report_cutoff_background,spatial,fold_3,M2,log1p_nearest_other_atm,4.351459266833762,False,,
report_cutoff_background,spatial,fold_4,M0,log1p_background_primary,3.970291913552122,False,3.684956030486828,1.1674535975662608
report_cutoff_background,spatial,fold_4,M1,log1p_background_primary,3.970291913552122,False,3.6849560304868305,1.167453597566261
report_cutoff_background,spatial,fold_4,M1,log1p_population_density,9.73938356157139,False,9.337233087197141,1.7450222394255437
report_cutoff_background,spatial,fold_4,M1,log1p_median_household_income,11.569627107839532,False,11.546239647801265,0.5397130929780766
report_cutoff_background,spatial,fold_4,M1,unemployment_rate,0.044114785131716294,False,0.06557333923056026,0.0738822441609287
report_cutoff_background,spatial,fold_4,M1,log1p_employment_density,3.751463002091177,False,4.055386080320923,1.698757097176606
report_cutoff_background,spatial,fold_4,M1,log1p_retail_employment_density,1.882734596354446,False,1.9823555728073528,1.291773826005541
report_cutoff_background,spatial,fold_4,M1,employment_mix,0.7571817660007433,False,0.7043168598155061,0.1908747230841397
report_cutoff_background,spatial,fold_4,M1,log1p_road_network_density,3.4297364074784715,False,3.41170260011083,0.3298021818655012
report_cutoff_background,spatial,fold_4,M1,log1p_auto_road_density,0.0,False,0.5818083189534806,0.9411919961430799
report_cutoff_background,spatial,fold_4,M1,log1p_intersection_density,4.582758933260672,False,3.8982728169875758,1.8367404993702086
report_cutoff_background,spatial,fold_4,M1,log1p_transit_service_density,8.23806893775228,False,7.955253881808555,1.6164759811108549
report_cutoff_background,spatial,fold_4,M1,log1p_auto_job_accessibility,13.429052172268717,False,13.252140510949518,0.5974980348334059
report_cutoff_background,spatial,fold_4,M1,log1p_atm_density_500m,2.293814424193674,False,2.232918703298313,1.0703271983957943
report_cutoff_background,spatial,fold_4,M1,log1p_nearest_other_atm,4.320183171973455,False,4.35404940305215,1.227558976710112
report_cutoff_background,spatial,fold_4,M2,log1p_background_primary,3.970291913552122,False,,
report_cutoff_background,spatial,fold_4,M2,log1p_population_density,9.73938356157139,False,,
report_cutoff_background,spatial,fold_4,M2,log1p_median_household_income,11.569627107839532,False,,
report_cutoff_background,spatial,fold_4,M2,unemployment_rate,0.044114785131716294,False,,
report_cutoff_background,spatial,fold_4,M2,log1p_employment_density,3.751463002091177,False,,
report_cutoff_background,spatial,fold_4,M2,log1p_retail_employment_density,1.882734596354446,False,,
report_cutoff_background,spatial,fold_4,M2,employment_mix,0.7571817660007433,False,,
report_cutoff_background,spatial,fold_4,M2,log1p_road_network_density,3.4297364074784715,False,,
report_cutoff_background,spatial,fold_4,M2,log1p_auto_road_density,0.0,False,,
report_cutoff_background,spatial,fold_4,M2,log1p_intersection_density,4.582758933260672,False,,
report_cutoff_background,spatial,fold_4,M2,log1p_transit_service_density,8.23806893775228,False,,
report_cutoff_background,spatial,fold_4,M2,log1p_auto_job_accessibility,13.429052172268717,False,,
report_cutoff_background,spatial,fold_4,M2,log1p_atm_density_500m,2.293814424193674,False,,
report_cutoff_background,spatial,fold_4,M2,log1p_nearest_other_atm,4.320183171973455,False,,
report_cutoff_background,leave_city_out,new_york_city,M0,log1p_background_primary,2.70805020110221,False,2.4840911693519803,0.8067504567170245
report_cutoff_background,leave_city_out,new_york_city,M1,log1p_background_primary,2.70805020110221,False,2.48409116935198,0.8067504567170242
report_cutoff_background,leave_city_out,new_york_city,M1,log1p_population_density,7.481310126736239,False,7.553668524766246,0.6398378961039798
report_cutoff_background,leave_city_out,new_york_city,M1,log1p_median_household_income,11.019333812850217,False,10.926228199719946,0.4024152336969688
report_cutoff_background,leave_city_out,new_york_city,M1,unemployment_rate,0.042364532019704436,False,0.057217039513313965,0.053770105408768136
report_cutoff_background,leave_city_out,new_york_city,M1,log1p_employment_density,2.5802696426792373,False,2.9084653689847206,1.418744563995074
report_cutoff_background,leave_city_out,new_york_city,M1,log1p_retail_employment_density,0.31222948293546415,False,0.3802221311509942,0.3219267749820777
report_cutoff_background,leave_city_out,new_york_city,M1,employment_mix,0.6933901131846945,False,0.5917349403645676,0.2520987221790718
report_cutoff_background,leave_city_out,new_york_city,M1,log1p_road_network_density,3.3002429676392797,False,3.2407200942540446,0.3138207475811887
report_cutoff_background,leave_city_out,new_york_city,M1,log1p_auto_road_density,0.0,False,0.8165122750978705,0.9278150881477613
report_cutoff_background,leave_city_out,new_york_city,M1,log1p_intersection_density,4.923216352756571,False,4.795731377399332,0.5599532090620063
report_cutoff_background,leave_city_out,new_york_city,M1,log1p_transit_service_density,4.543548823030681,False,4.420631288670737,0.8644816802285921
report_cutoff_background,leave_city_out,new_york_city,M1,log1p_auto_job_accessibility,11.378622030137894,False,11.388192877275072,0.12994015424678357
report_cutoff_background,leave_city_out,new_york_city,M1,log1p_atm_density_500m,0.8212059263546096,False,1.0402550197303209,0.9675646482019528
report_cutoff_background,leave_city_out,new_york_city,M1,log1p_nearest_other_atm,5.4422396581006875,False,5.457931470414444,1.243452245091153
report_cutoff_background,leave_city_out,new_york_city,M2,log1p_background_primary,2.70805020110221,False,,
report_cutoff_background,leave_city_out,new_york_city,M2,log1p_population_density,7.481310126736239,False,,
report_cutoff_background,leave_city_out,new_york_city,M2,log1p_median_household_income,11.019333812850217,False,,
report_cutoff_background,leave_city_out,new_york_city,M2,unemployment_rate,0.042364532019704436,False,,
report_cutoff_background,leave_city_out,new_york_city,M2,log1p_employment_density,2.5802696426792373,False,,
report_cutoff_background,leave_city_out,new_york_city,M2,log1p_retail_employment_density,0.31222948293546415,False,,
report_cutoff_background,leave_city_out,new_york_city,M2,employment_mix,0.6933901131846945,False,,
report_cutoff_background,leave_city_out,new_york_city,M2,log1p_road_network_density,3.3002429676392797,False,,
report_cutoff_background,leave_city_out,new_york_city,M2,log1p_auto_road_density,0.0,False,,
report_cutoff_background,leave_city_out,new_york_city,M2,log1p_intersection_density,4.923216352756571,False,,
report_cutoff_background,leave_city_out,new_york_city,M2,log1p_transit_service_density,4.543548823030681,False,,
report_cutoff_background,leave_city_out,new_york_city,M2,log1p_auto_job_accessibility,11.378622030137894,False,,
report_cutoff_background,leave_city_out,new_york_city,M2,log1p_atm_density_500m,0.8212059263546096,False,,
report_cutoff_background,leave_city_out,new_york_city,M2,log1p_nearest_other_atm,5.4422396581006875,False,,
report_cutoff_background,leave_city_out,buffalo,M0,log1p_background_primary,3.7376696182833684,False,3.6047754729774786,1.1548401881942212
report_cutoff_background,leave_city_out,buffalo,M1,log1p_background_primary,3.7376696182833684,False,3.604775472977484,1.1548401881942207
report_cutoff_background,leave_city_out,buffalo,M1,log1p_population_density,9.708440331931062,False,9.403908901008021,1.6005396595408916
report_cutoff_background,leave_city_out,buffalo,M1,log1p_median_household_income,11.510332105117628,False,11.512386988643266,0.5103108958789874
report_cutoff_background,leave_city_out,buffalo,M1,unemployment_rate,0.04716981132075472,False,0.0659876117225973,0.0730655900524363
report_cutoff_background,leave_city_out,buffalo,M1,log1p_employment_density,3.5218331845630506,False,3.8567505320905973,1.6508161748001853
report_cutoff_background,leave_city_out,buffalo,M1,log1p_retail_employment_density,1.8371769149498145,False,1.915488810248779,1.2351614514536737
report_cutoff_background,leave_city_out,buffalo,M1,employment_mix,0.7602707284946608,False,0.7099424013847598,0.1897865054647935
report_cutoff_background,leave_city_out,buffalo,M1,log1p_road_network_density,3.441796330035743,False,3.4188973712290607,0.3244857457533673
report_cutoff_background,leave_city_out,buffalo,M1,log1p_auto_road_density,0.0,False,0.4996353023046014,0.9054643778016247
report_cutoff_background,leave_city_out,buffalo,M1,log1p_intersection_density,4.671233994956426,False,4.074335857577557,1.7357857425371088
report_cutoff_background,leave_city_out,buffalo,M1,log1p_transit_service_density,7.989064469654582,False,7.914189283057436,1.4627745300293948
report_cutoff_background,leave_city_out,buffalo,M1,log1p_auto_job_accessibility,13.487017596470757,False,13.37079350119765,0.4230631490802903
report_cutoff_background,leave_city_out,buffalo,M1,log1p_atm_density_500m,2.1563374497238987,False,2.1304050361548854,1.0667440320635637
report_cutoff_background,leave_city_out,buffalo,M1,log1p_nearest_other_atm,4.325968785977107,False,4.358236050148168,1.2574567214211396
report_cutoff_background,leave_city_out,buffalo,M2,log1p_background_primary,3.7376696182833684,False,,
report_cutoff_background,leave_city_out,buffalo,M2,log1p_population_density,9.708440331931062,False,,
report_cutoff_background,leave_city_out,buffalo,M2,log1p_median_household_income,11.510332105117628,False,,
report_cutoff_background,leave_city_out,buffalo,M2,unemployment_rate,0.04716981132075472,False,,
report_cutoff_background,leave_city_out,buffalo,M2,log1p_employment_density,3.5218331845630506,False,,
report_cutoff_background,leave_city_out,buffalo,M2,log1p_retail_employment_density,1.8371769149498145,False,,
report_cutoff_background,leave_city_out,buffalo,M2,employment_mix,0.7602707284946608,False,,
report_cutoff_background,leave_city_out,buffalo,M2,log1p_road_network_density,3.441796330035743,False,,
report_cutoff_background,leave_city_out,buffalo,M2,log1p_auto_road_density,0.0,False,,
report_cutoff_background,leave_city_out,buffalo,M2,log1p_intersection_density,4.671233994956426,False,,
report_cutoff_background,leave_city_out,buffalo,M2,log1p_transit_service_density,7.989064469654582,False,,
report_cutoff_background,leave_city_out,buffalo,M2,log1p_auto_job_accessibility,13.487017596470757,False,,
report_cutoff_background,leave_city_out,buffalo,M2,log1p_atm_density_500m,2.1563374497238987,False,,
report_cutoff_background,leave_city_out,buffalo,M2,log1p_nearest_other_atm,4.325968785977107,False,,
report_cutoff_background,leave_city_out,rochester,M0,log1p_background_primary,3.6888794541139363,False,3.6046069288515117,1.1365798427665457
report_cutoff_background,leave_city_out,rochester,M1,log1p_background_primary,3.6888794541139363,False,3.604606928851516,1.1365798427665461
report_cutoff_background,leave_city_out,rochester,M1,log1p_population_density,9.679352856935884,False,9.37419828477651,1.612440152037403
report_cutoff_background,leave_city_out,rochester,M1,log1p_median_household_income,11.496465366186191,False,11.499159483710542,0.5187630047141991
report_cutoff_background,leave_city_out,rochester,M1,unemployment_rate,0.04596560468482394,False,0.06487901261066206,0.07272110838025529
report_cutoff_background,leave_city_out,rochester,M1,log1p_employment_density,3.5075741265608316,False,3.820115787743397,1.6591362328579118
report_cutoff_background,leave_city_out,rochester,M1,log1p_retail_employment_density,1.8066080460912062,False,1.896238002542602,1.2358617276567454
report_cutoff_background,leave_city_out,rochester,M1,employment_mix,0.761203850872028,False,0.7139128802074544,0.18423858082935796
report_cutoff_background,leave_city_out,rochester,M1,log1p_road_network_density,3.4411444399292748,False,3.412626374022665,0.3276634989561673
report_cutoff_background,leave_city_out,rochester,M1,log1p_auto_road_density,0.0,False,0.5013309322776868,0.9025607145482226
report_cutoff_background,leave_city_out,rochester,M1,log1p_intersection_density,4.670354031861141,False,4.081786771992125,1.7258060037769525
report_cutoff_background,leave_city_out,rochester,M1,log1p_transit_service_density,7.956304860873814,False,7.853860821525848,1.5228242126898281
report_cutoff_background,leave_city_out,rochester,M1,log1p_auto_job_accessibility,13.479880435116439,False,13.333609821370013,0.509849335168781
report_cutoff_background,leave_city_out,rochester,M1,log1p_atm_density_500m,2.1563374497238987,False,2.123259327297615,1.0724448308815655
report_cutoff_background,leave_city_out,rochester,M1,log1p_nearest_other_atm,4.334857241840212,False,4.371489853527234,1.2466290177994706
report_cutoff_background,leave_city_out,rochester,M2,log1p_background_primary,3.6888794541139363,False,,
report_cutoff_background,leave_city_out,rochester,M2,log1p_population_density,9.679352856935884,False,,
report_cutoff_background,leave_city_out,rochester,M2,log1p_median_household_income,11.496465366186191,False,,
report_cutoff_background,leave_city_out,rochester,M2,unemployment_rate,0.04596560468482394,False,,
report_cutoff_background,leave_city_out,rochester,M2,log1p_employment_density,3.5075741265608316,False,,
report_cutoff_background,leave_city_out,rochester,M2,log1p_retail_employment_density,1.8066080460912062,False,,
report_cutoff_background,leave_city_out,rochester,M2,employment_mix,0.761203850872028,False,,
report_cutoff_background,leave_city_out,rochester,M2,log1p_road_network_density,3.4411444399292748,False,,
report_cutoff_background,leave_city_out,rochester,M2,log1p_auto_road_density,0.0,False,,
report_cutoff_background,leave_city_out,rochester,M2,log1p_intersection_density,4.670354031861141,False,,
report_cutoff_background,leave_city_out,rochester,M2,log1p_transit_service_density,7.956304860873814,False,,
report_cutoff_background,leave_city_out,rochester,M2,log1p_auto_job_accessibility,13.479880435116439,False,,
report_cutoff_background,leave_city_out,rochester,M2,log1p_atm_density_500m,2.1563374497238987,False,,
report_cutoff_background,leave_city_out,rochester,M2,log1p_nearest_other_atm,4.334857241840212,False,,
exclude_buffalo,spatial,fold_0,M0,log1p_background_primary,3.9512437185814275,False,3.7585287428464773,1.0162985141973284
exclude_buffalo,spatial,fold_0,M1,log1p_background_primary,3.9512437185814275,False,3.7585287428464764,1.0162985141973293
exclude_buffalo,spatial,fold_0,M1,log1p_population_density,9.766058014576092,False,9.484901023048803,1.6069147205428516
exclude_buffalo,spatial,fold_0,M1,log1p_median_household_income,11.498141396481671,False,11.51079545566958,0.5179408986978986
exclude_buffalo,spatial,fold_0,M1,unemployment_rate,0.047787610619469026,False,0.0670226152362924,0.07411207032223972
exclude_buffalo,spatial,fold_0,M1,log1p_employment_density,3.654569098390558,False,3.9928992423024536,1.6103921059269386
exclude_buffalo,spatial,fold_0,M1,log1p_retail_employment_density,1.9009515663222811,False,1.9877747874077742,1.2288337353251333
exclude_buffalo,spatial,fold_0,M1,employment_mix,0.7602707284946608,False,0.7103267426176938,0.18828528227080535
exclude_buffalo,spatial,fold_0,M1,log1p_road_network_density,3.4462265767781153,False,3.432831776151495,0.3212945376377954
exclude_buffalo,spatial,fold_0,M1,log1p_auto_road_density,0.0,False,0.5043876383468373,0.9136862684431608
exclude_buffalo,spatial,fold_0,M1,log1p_intersection_density,4.64290554091854,False,4.027773282822032,1.7804659753785983
exclude_buffalo,spatial,fold_0,M1,log1p_transit_service_density,8.168880497839693,False,8.075094442304678,1.3413700489154157
exclude_buffalo,spatial,fold_0,M1,log1p_auto_job_accessibility,13.51005949129953,False,13.40724626591267,0.4020529282414531
exclude_buffalo,spatial,fold_0,M1,log1p_atm_density_500m,2.293814424193674,False,2.1882525251419667,1.0599923110031424
exclude_buffalo,spatial,fold_0,M1,log1p_nearest_other_atm,4.26147172155423,False,4.304334895938509,1.2488494885904748
exclude_buffalo,spatial,fold_0,M2,log1p_background_primary,3.9512437185814275,False,,
exclude_buffalo,spatial,fold_0,M2,log1p_population_density,9.766058014576092,False,,
exclude_buffalo,spatial,fold_0,M2,log1p_median_household_income,11.498141396481671,False,,
exclude_buffalo,spatial,fold_0,M2,unemployment_rate,0.047787610619469026,False,,
exclude_buffalo,spatial,fold_0,M2,log1p_employment_density,3.654569098390558,False,,
exclude_buffalo,spatial,fold_0,M2,log1p_retail_employment_density,1.9009515663222811,False,,
exclude_buffalo,spatial,fold_0,M2,employment_mix,0.7602707284946608,False,,
exclude_buffalo,spatial,fold_0,M2,log1p_road_network_density,3.4462265767781153,False,,
exclude_buffalo,spatial,fold_0,M2,log1p_auto_road_density,0.0,False,,
exclude_buffalo,spatial,fold_0,M2,log1p_intersection_density,4.64290554091854,False,,
exclude_buffalo,spatial,fold_0,M2,log1p_transit_service_density,8.168880497839693,False,,
exclude_buffalo,spatial,fold_0,M2,log1p_auto_job_accessibility,13.51005949129953,False,,
exclude_buffalo,spatial,fold_0,M2,log1p_atm_density_500m,2.293814424193674,False,,
exclude_buffalo,spatial,fold_0,M2,log1p_nearest_other_atm,4.26147172155423,False,,
exclude_buffalo,spatial,fold_1,M0,log1p_background_primary,2.9444389791664403,False,3.0094578076243783,1.079472691165725
exclude_buffalo,spatial,fold_1,M1,log1p_background_primary,2.9444389791664403,False,3.0094578076243774,1.0794726911657255
exclude_buffalo,spatial,fold_1,M1,log1p_population_density,9.46832520149849,False,9.237412453695526,1.366258641530847
exclude_buffalo,spatial,fold_1,M1,log1p_median_household_income,11.254245405477397,False,11.256566059735468,0.41993241927369684
exclude_buffalo,spatial,fold_1,M1,unemployment_rate,0.05081967213114754,False,0.07248533698959009,0.08151934992253648
exclude_buffalo,spatial,fold_1,M1,log1p_employment_density,2.8798615523994764,False,2.897544691696881,1.0506362739617061
exclude_buffalo,spatial,fold_1,M1,log1p_retail_employment_density,1.2848217854821347,False,1.3588672427021444,0.8749228468787473
exclude_buffalo,spatial,fold_1,M1,employment_mix,0.7568279436132447,False,0.698505646906577,0.19996331651742114
exclude_buffalo,spatial,fold_1,M1,log1p_road_network_density,3.389501255224386,False,3.3661418854061105,0.3108767061968791
exclude_buffalo,spatial,fold_1,M1,log1p_auto_road_density,0.0,False,0.2428448822601096,0.6717360542953105
exclude_buffalo,spatial,fold_1,M1,log1p_intersection_density,4.832819983917363,False,4.620597265477626,1.0775095746922518
exclude_buffalo,spatial,fold_1,M1,log1p_transit_service_density,7.242805904676503,False,7.126555572411962,1.2608795405292508
exclude_buffalo,spatial,fold_1,M1,log1p_auto_job_accessibility,13.229569788348705,False,13.190896435353606,0.4249317505098912
exclude_buffalo,spatial,fold_1,M1,log1p_atm_density_500m,1.5727155517124787,False,1.595998993943434,0.9018642624206188
exclude_buffalo,spatial,fold_1,M1,log1p_nearest_other_atm,4.45597804688488,False,4.566575228528013,1.3238138812013969
exclude_buffalo,spatial,fold_1,M2,log1p_background_primary,2.9444389791664403,False,,
exclude_buffalo,spatial,fold_1,M2,log1p_population_density,9.46832520149849,False,,
exclude_buffalo,spatial,fold_1,M2,log1p_median_household_income,11.254245405477397,False,,
exclude_buffalo,spatial,fold_1,M2,unemployment_rate,0.05081967213114754,False,,
exclude_buffalo,spatial,fold_1,M2,log1p_employment_density,2.8798615523994764,False,,
exclude_buffalo,spatial,fold_1,M2,log1p_retail_employment_density,1.2848217854821347,False,,
exclude_buffalo,spatial,fold_1,M2,employment_mix,0.7568279436132447,False,,
exclude_buffalo,spatial,fold_1,M2,log1p_road_network_density,3.389501255224386,False,,
exclude_buffalo,spatial,fold_1,M2,log1p_auto_road_density,0.0,False,,
exclude_buffalo,spatial,fold_1,M2,log1p_intersection_density,4.832819983917363,False,,
exclude_buffalo,spatial,fold_1,M2,log1p_transit_service_density,7.242805904676503,False,,
exclude_buffalo,spatial,fold_1,M2,log1p_auto_job_accessibility,13.229569788348705,False,,
exclude_buffalo,spatial,fold_1,M2,log1p_atm_density_500m,1.5727155517124787,False,,
exclude_buffalo,spatial,fold_1,M2,log1p_nearest_other_atm,4.45597804688488,False,,
exclude_buffalo,spatial,fold_2,M0,log1p_background_primary,4.143134726391533,False,3.741601736228524,1.2194499726328638
exclude_buffalo,spatial,fold_2,M1,log1p_background_primary,4.143134726391533,False,3.741601736228522,1.2194499726328638
exclude_buffalo,spatial,fold_2,M1,log1p_population_density,9.704141916598873,False,9.373713233420418,1.665131713599637
exclude_buffalo,spatial,fold_2,M1,log1p_median_household_income,11.601439878500967,False,11.571328311548944,0.509323173452783
exclude_buffalo,spatial,fold_2,M1,unemployment_rate,0.04719957461892946,False,0.0648588770003062,0.07346739074475071
exclude_buffalo,spatial,fold_2,M1,log1p_employment_density,3.7295651531377,False,4.016138171587068,1.7549297601922127
exclude_buffalo,spatial,fold_2,M1,log1p_retail_employment_density,1.9853784173682845,False,2.0288252941514098,1.3101408665064178
exclude_buffalo,spatial,fold_2,M1,employment_mix,0.7698188486627365,False,0.7170211184442028,0.18941887382705175
exclude_buffalo,spatial,fold_2,M1,log1p_road_network_density,3.4571190863775394,False,3.430747626973136,0.34622002730427043
exclude_buffalo,spatial,fold_2,M1,log1p_auto_road_density,0.0,False,0.6103060245088672,0.9692610691721322
exclude_buffalo,spatial,fold_2,M1,log1p_intersection_density,4.675770799448478,False,4.0077527988069885,1.8242862975173586
exclude_buffalo,spatial,fold_2,M1,log1p_transit_service_density,8.395885425256497,False,8.0479668161435,1.570797719690778
exclude_buffalo,spatial,fold_2,M1,log1p_auto_job_accessibility,13.552407262276008,False,13.470035722248111,0.3867705189345527
exclude_buffalo,spatial,fold_2,M1,log1p_atm_density_500m,2.2250759369587865,False,2.210728332565626,1.0963216645725011
exclude_buffalo,spatial,fold_2,M1,log1p_nearest_other_atm,4.33200964508298,False,4.361408608276636,1.2346050364465018
exclude_buffalo,spatial,fold_2,M2,log1p_background_primary,4.143134726391533,False,,
exclude_buffalo,spatial,fold_2,M2,log1p_population_density,9.704141916598873,False,,
exclude_buffalo,spatial,fold_2,M2,log1p_median_household_income,11.601439878500967,False,,
exclude_buffalo,spatial,fold_2,M2,unemployment_rate,0.04719957461892946,False,,
exclude_buffalo,spatial,fold_2,M2,log1p_employment_density,3.7295651531377,False,,
exclude_buffalo,spatial,fold_2,M2,log1p_retail_employment_density,1.9853784173682845,False,,
exclude_buffalo,spatial,fold_2,M2,employment_mix,0.7698188486627365,False,,
exclude_buffalo,spatial,fold_2,M2,log1p_road_network_density,3.4571190863775394,False,,
exclude_buffalo,spatial,fold_2,M2,log1p_auto_road_density,0.0,False,,
exclude_buffalo,spatial,fold_2,M2,log1p_intersection_density,4.675770799448478,False,,
exclude_buffalo,spatial,fold_2,M2,log1p_transit_service_density,8.395885425256497,False,,
exclude_buffalo,spatial,fold_2,M2,log1p_auto_job_accessibility,13.552407262276008,False,,
exclude_buffalo,spatial,fold_2,M2,log1p_atm_density_500m,2.2250759369587865,False,,
exclude_buffalo,spatial,fold_2,M2,log1p_nearest_other_atm,4.33200964508298,False,,
exclude_buffalo,spatial,fold_3,M0,log1p_background_primary,3.58351893845611,False,3.546220662390534,1.1800276554871583
exclude_buffalo,spatial,fold_3,M1,log1p_background_primary,3.58351893845611,False,3.5462206623905357,1.1800276554871576
exclude_buffalo,spatial,fold_3,M1,log1p_population_density,9.634235993807401,False,9.376526474246424,1.5884321257254446
exclude_buffalo,spatial,fold_3,M1,log1p_median_household_income,11.566883206563613,False,11.56680685129596,0.5005380999305912
exclude_buffalo,spatial,fold_3,M1,unemployment_rate,0.04308931327160494,False,0.06136563288437214,0.06466558717124282
exclude_buffalo,spatial,fold_3,M1,log1p_employment_density,3.6981313526566906,False,3.9644541864571097,1.723187157437467
exclude_buffalo,spatial,fold_3,M1,log1p_retail_employment_density,1.8371857613512632,False,1.9633129249957646,1.2729548419623293
exclude_buffalo,spatial,fold_3,M1,employment_mix,0.764567568063217,False,0.7177147627262206,0.18314595837797187
exclude_buffalo,spatial,fold_3,M1,log1p_road_network_density,3.4456196275917006,False,3.4249439249008153,0.31606681471635695
exclude_buffalo,spatial,fold_3,M1,log1p_auto_road_density,0.0,False,0.5380705530366768,0.9341123080576967
exclude_buffalo,spatial,fold_3,M1,log1p_intersection_density,4.635649105772991,False,3.9961210882133584,1.77129389562018
exclude_buffalo,spatial,fold_3,M1,log1p_transit_service_density,8.005380340248264,False,7.935670780612718,1.496091060583181
exclude_buffalo,spatial,fold_3,M1,log1p_auto_job_accessibility,13.493742037506454,False,13.362342557522318,0.434533695215085
exclude_buffalo,spatial,fold_3,M1,log1p_atm_density_500m,2.293814424193674,False,2.2084372090624624,1.0973159362217288
exclude_buffalo,spatial,fold_3,M1,log1p_nearest_other_atm,4.33326031792616,False,4.35675718798399,1.2448118423938435
exclude_buffalo,spatial,fold_3,M2,log1p_background_primary,3.58351893845611,False,,
exclude_buffalo,spatial,fold_3,M2,log1p_population_density,9.634235993807401,False,,
exclude_buffalo,spatial,fold_3,M2,log1p_median_household_income,11.566883206563613,False,,
exclude_buffalo,spatial,fold_3,M2,unemployment_rate,0.04308931327160494,False,,
exclude_buffalo,spatial,fold_3,M2,log1p_employment_density,3.6981313526566906,False,,
exclude_buffalo,spatial,fold_3,M2,log1p_retail_employment_density,1.8371857613512632,False,,
exclude_buffalo,spatial,fold_3,M2,employment_mix,0.764567568063217,False,,
exclude_buffalo,spatial,fold_3,M2,log1p_road_network_density,3.4456196275917006,False,,
exclude_buffalo,spatial,fold_3,M2,log1p_auto_road_density,0.0,False,,
exclude_buffalo,spatial,fold_3,M2,log1p_intersection_density,4.635649105772991,False,,
exclude_buffalo,spatial,fold_3,M2,log1p_transit_service_density,8.005380340248264,False,,
exclude_buffalo,spatial,fold_3,M2,log1p_auto_job_accessibility,13.493742037506454,False,,
exclude_buffalo,spatial,fold_3,M2,log1p_atm_density_500m,2.293814424193674,False,,
exclude_buffalo,spatial,fold_3,M2,log1p_nearest_other_atm,4.33326031792616,False,,
exclude_buffalo,spatial,fold_4,M0,log1p_background_primary,4.04305126783455,False,3.732876583087493,1.169973758913723
exclude_buffalo,spatial,fold_4,M1,log1p_background_primary,4.04305126783455,False,3.7328765830874944,1.169973758913724
exclude_buffalo,spatial,fold_4,M1,log1p_population_density,9.795000337272885,False,9.416763872410389,1.7367909828849013
exclude_buffalo,spatial,fold_4,M1,log1p_median_household_income,11.602093882884112,False,11.579278111499459,0.5268060892225532
exclude_buffalo,spatial,fold_4,M1,unemployment_rate,0.046153846153846156,False,0.06652486478841134,0.07465536008685483
exclude_buffalo,spatial,fold_4,M1,log1p_employment_density,3.7755345123578747,False,4.114154565404616,1.6917518002888852
exclude_buffalo,spatial,fold_4,M1,log1p_retail_employment_density,1.992019622171648,False,2.0556339989279557,1.2754745188557166
exclude_buffalo,spatial,fold_4,M1,employment_mix,0.75984028651097,False,0.7066404482680735,0.18970910791498993
exclude_buffalo,spatial,fold_4,M1,log1p_road_network_density,3.4403632973616762,False,3.420439733533755,0.3278136344954138
exclude_buffalo,spatial,fold_4,M1,log1p_auto_road_density,0.0,False,0.5701372175817147,0.9413626705404875
exclude_buffalo,spatial,fold_4,M1,log1p_intersection_density,4.550345736847935,False,3.8572706985727505,1.8638915001770833
exclude_buffalo,spatial,fold_4,M1,log1p_transit_service_density,8.351884099031713,False,8.11468526203774,1.474654593132411
exclude_buffalo,spatial,fold_4,M1,log1p_auto_job_accessibility,13.457281549950407,False,13.341572274072446,0.4408415997156662
exclude_buffalo,spatial,fold_4,M1,log1p_atm_density_500m,2.293814424193674,False,2.2810858853847145,1.0431559797792076
exclude_buffalo,spatial,fold_4,M1,log1p_nearest_other_atm,4.257037004264767,False,4.302900010472563,1.2128047271138338
exclude_buffalo,spatial,fold_4,M2,log1p_background_primary,4.04305126783455,False,,
exclude_buffalo,spatial,fold_4,M2,log1p_population_density,9.795000337272885,False,,
exclude_buffalo,spatial,fold_4,M2,log1p_median_household_income,11.602093882884112,False,,
exclude_buffalo,spatial,fold_4,M2,unemployment_rate,0.046153846153846156,False,,
exclude_buffalo,spatial,fold_4,M2,log1p_employment_density,3.7755345123578747,False,,
exclude_buffalo,spatial,fold_4,M2,log1p_retail_employment_density,1.992019622171648,False,,
exclude_buffalo,spatial,fold_4,M2,employment_mix,0.75984028651097,False,,
exclude_buffalo,spatial,fold_4,M2,log1p_road_network_density,3.4403632973616762,False,,
exclude_buffalo,spatial,fold_4,M2,log1p_auto_road_density,0.0,False,,
exclude_buffalo,spatial,fold_4,M2,log1p_intersection_density,4.550345736847935,False,,
exclude_buffalo,spatial,fold_4,M2,log1p_transit_service_density,8.351884099031713,False,,
exclude_buffalo,spatial,fold_4,M2,log1p_auto_job_accessibility,13.457281549950407,False,,
exclude_buffalo,spatial,fold_4,M2,log1p_atm_density_500m,2.293814424193674,False,,
exclude_buffalo,spatial,fold_4,M2,log1p_nearest_other_atm,4.257037004264767,False,,
exclude_buffalo,leave_city_out,new_york_city,M0,log1p_background_primary,2.302585092994046,False,2.167463867131265,0.9098728982076733
exclude_buffalo,leave_city_out,new_york_city,M1,log1p_background_primary,2.302585092994046,False,2.167463867131265,0.9098728982076733
exclude_buffalo,leave_city_out,new_york_city,M1,log1p_population_density,7.623368431591831,False,7.607105770992761,0.4386711673962782
exclude_buffalo,leave_city_out,new_york_city,M1,log1p_median_household_income,11.084294078830224,False,11.014548950553635,0.36815486743772347
exclude_buffalo,leave_city_out,new_york_city,M1,unemployment_rate,0.07293666026871401,False,0.07643967227655982,0.056244332632788045
exclude_buffalo,leave_city_out,new_york_city,M1,log1p_employment_density,3.810753578978958,False,3.380243069391795,1.4622916421588519
exclude_buffalo,leave_city_out,new_york_city,M1,log1p_retail_employment_density,0.2528623739696666,False,0.2641854944102876,0.14544918268499193
exclude_buffalo,leave_city_out,new_york_city,M1,employment_mix,0.6103812669215928,False,0.4741814660716005,0.27526185254941443
exclude_buffalo,leave_city_out,new_york_city,M1,log1p_road_network_density,3.3258050225657296,False,3.3121751241700967,0.28953747476962405
exclude_buffalo,leave_city_out,new_york_city,M1,log1p_auto_road_density,0.2745157357889643,False,0.88485576389727,0.9760374220007743
exclude_buffalo,leave_city_out,new_york_city,M1,log1p_intersection_density,4.934949748605108,False,4.86183760469313,0.5223767195966419
exclude_buffalo,leave_city_out,new_york_city,M1,log1p_transit_service_density,4.3558417353848125,False,4.514487202995338,1.0645003274322693
exclude_buffalo,leave_city_out,new_york_city,M1,log1p_auto_job_accessibility,11.527094436287953,False,11.515913325858874,0.08785394118685656
exclude_buffalo,leave_city_out,new_york_city,M1,log1p_atm_density_500m,0.8212059263546096,False,0.8640120735542555,0.7513294900356583
exclude_buffalo,leave_city_out,new_york_city,M1,log1p_nearest_other_atm,5.5815603550617245,False,5.514494381012234,1.5175352966521867
exclude_buffalo,leave_city_out,new_york_city,M2,log1p_background_primary,2.302585092994046,False,,
exclude_buffalo,leave_city_out,new_york_city,M2,log1p_population_density,7.623368431591831,False,,
exclude_buffalo,leave_city_out,new_york_city,M2,log1p_median_household_income,11.084294078830224,False,,
exclude_buffalo,leave_city_out,new_york_city,M2,unemployment_rate,0.07293666026871401,False,,
exclude_buffalo,leave_city_out,new_york_city,M2,log1p_employment_density,3.810753578978958,False,,
exclude_buffalo,leave_city_out,new_york_city,M2,log1p_retail_employment_density,0.2528623739696666,False,,
exclude_buffalo,leave_city_out,new_york_city,M2,employment_mix,0.6103812669215928,False,,
exclude_buffalo,leave_city_out,new_york_city,M2,log1p_road_network_density,3.3258050225657296,False,,
exclude_buffalo,leave_city_out,new_york_city,M2,log1p_auto_road_density,0.2745157357889643,False,,
exclude_buffalo,leave_city_out,new_york_city,M2,log1p_intersection_density,4.934949748605108,False,,
exclude_buffalo,leave_city_out,new_york_city,M2,log1p_transit_service_density,4.3558417353848125,False,,
exclude_buffalo,leave_city_out,new_york_city,M2,log1p_auto_job_accessibility,11.527094436287953,False,,
exclude_buffalo,leave_city_out,new_york_city,M2,log1p_atm_density_500m,0.8212059263546096,False,,
exclude_buffalo,leave_city_out,new_york_city,M2,log1p_nearest_other_atm,5.5815603550617245,False,,
exclude_buffalo,leave_city_out,rochester,M0,log1p_background_primary,3.8501476017100584,False,3.6475281839279035,1.137015172504515
exclude_buffalo,leave_city_out,rochester,M1,log1p_background_primary,3.8501476017100584,False,3.647528183927902,1.1370151725045146
exclude_buffalo,leave_city_out,rochester,M1,log1p_population_density,9.733726511836071,False,9.450558221303854,1.5928728686878926
exclude_buffalo,leave_city_out,rochester,M1,log1p_median_household_income,11.527951925188379,False,11.527820161871466,0.5069718774547868
exclude_buffalo,leave_city_out,rochester,M1,unemployment_rate,0.0467561860074355,False,0.06570847484914644,0.07343319680542601
exclude_buffalo,leave_city_out,rochester,M1,log1p_employment_density,3.520225578153944,False,3.869315701763183,1.653578958660326
exclude_buffalo,leave_city_out,rochester,M1,log1p_retail_employment_density,1.8761944831391233,False,1.9585141210695984,1.222424773612211
exclude_buffalo,leave_city_out,rochester,M1,employment_mix,0.7646755641339724,False,0.7161065869409619,0.18311495628520472
exclude_buffalo,leave_city_out,rochester,M1,log1p_road_network_density,3.442570639606106,False,3.4215954892128635,0.32489057733506466
exclude_buffalo,leave_city_out,rochester,M1,log1p_auto_road_density,0.0,False,0.4898798164940389,0.9012726527370165
exclude_buffalo,leave_city_out,rochester,M1,log1p_intersection_density,4.650906118317643,False,4.053307577039108,1.7512655889431985
exclude_buffalo,leave_city_out,rochester,M1,log1p_transit_service_density,8.059447386876373,False,8.002099535322188,1.3674828673306065
exclude_buffalo,leave_city_out,rochester,M1,log1p_auto_job_accessibility,13.493742037506454,False,13.417466913705464,0.3082541137663978
exclude_buffalo,leave_city_out,rochester,M1,log1p_atm_density_500m,2.1563374497238987,False,2.1632836359001115,1.0536188379979183
exclude_buffalo,leave_city_out,rochester,M1,log1p_nearest_other_atm,4.270873397886625,False,4.328216809687057,1.2356572244714805
exclude_buffalo,leave_city_out,rochester,M2,log1p_background_primary,3.8501476017100584,False,,
exclude_buffalo,leave_city_out,rochester,M2,log1p_population_density,9.733726511836071,False,,
exclude_buffalo,leave_city_out,rochester,M2,log1p_median_household_income,11.527951925188379,False,,
exclude_buffalo,leave_city_out,rochester,M2,unemployment_rate,0.0467561860074355,False,,
exclude_buffalo,leave_city_out,rochester,M2,log1p_employment_density,3.520225578153944,False,,
exclude_buffalo,leave_city_out,rochester,M2,log1p_retail_employment_density,1.8761944831391233,False,,
exclude_buffalo,leave_city_out,rochester,M2,employment_mix,0.7646755641339724,False,,
exclude_buffalo,leave_city_out,rochester,M2,log1p_road_network_density,3.442570639606106,False,,
exclude_buffalo,leave_city_out,rochester,M2,log1p_auto_road_density,0.0,False,,
exclude_buffalo,leave_city_out,rochester,M2,log1p_intersection_density,4.650906118317643,False,,
exclude_buffalo,leave_city_out,rochester,M2,log1p_transit_service_density,8.059447386876373,False,,
exclude_buffalo,leave_city_out,rochester,M2,log1p_auto_job_accessibility,13.493742037506454,False,,
exclude_buffalo,leave_city_out,rochester,M2,log1p_atm_density_500m,2.1563374497238987,False,,
exclude_buffalo,leave_city_out,rochester,M2,log1p_nearest_other_atm,4.270873397886625,False,,
