variant,scheme,fold,model,candidate_index,params,inner_fold,average_precision,train_n,validation_n,train_id_hash,validation_id_hash
primary_50m,spatial,fold_0,M0,0,{},1,0.7387430356774662,569,477,17a5e53f46233dee377aeb2380eccf49461b3e71e55404caf0ffa601fa8b7075,f1293a4fca746c51f3c850a27fba5af34e647aad2430ec33864785b33a581f6b
primary_50m,spatial,fold_0,M0,0,{},2,0.5871213139585555,831,237,261455e102f6b71a18175b741422522ebe18e3b42b0fcbd953431f770d3ec3d0,efe591227166b872ea94a8c660e07c097d02b84086b60bc72a4108c9816dc163
primary_50m,spatial,fold_0,M0,0,{},3,0.7918232020240745,920,144,48b82b19bb788aff6c957b8ebbf3fd4a70ad0d6145a35258dcfbf5955f100073,ab3d116292cbaaabc1d797bfeca851bfa8627583ac8879964e65d3733c180e92
primary_50m,spatial,fold_0,M0,0,{},4,0.7189033019827406,846,242,2502cf0c9925b967146d29e9f184ea853b641463de27b4e304a442eb558b5159,4df90deeb1a597a40e203989aae9cc0bf6fb7a993b92957260993e8d2f86756d
primary_50m,spatial,fold_0,M0,0,{},MEAN,0.7091477134107093,1100,1100,9bfb63a9b4e11d73994a2a418af4f3916a2b9145d3378cf0dc797c31216db51b,
primary_50m,spatial,fold_0,M1,0,"{""C"": 0.1}",1,0.7609041749750581,569,477,17a5e53f46233dee377aeb2380eccf49461b3e71e55404caf0ffa601fa8b7075,f1293a4fca746c51f3c850a27fba5af34e647aad2430ec33864785b33a581f6b
primary_50m,spatial,fold_0,M1,0,"{""C"": 0.1}",2,0.6281035303746769,831,237,261455e102f6b71a18175b741422522ebe18e3b42b0fcbd953431f770d3ec3d0,efe591227166b872ea94a8c660e07c097d02b84086b60bc72a4108c9816dc163
primary_50m,spatial,fold_0,M1,0,"{""C"": 0.1}",3,0.8061770401197974,920,144,48b82b19bb788aff6c957b8ebbf3fd4a70ad0d6145a35258dcfbf5955f100073,ab3d116292cbaaabc1d797bfeca851bfa8627583ac8879964e65d3733c180e92
primary_50m,spatial,fold_0,M1,0,"{""C"": 0.1}",4,0.7224690412617955,846,242,2502cf0c9925b967146d29e9f184ea853b641463de27b4e304a442eb558b5159,4df90deeb1a597a40e203989aae9cc0bf6fb7a993b92957260993e8d2f86756d
primary_50m,spatial,fold_0,M1,0,"{""C"": 0.1}",MEAN,0.729413446682832,1100,1100,9bfb63a9b4e11d73994a2a418af4f3916a2b9145d3378cf0dc797c31216db51b,
primary_50m,spatial,fold_0,M1,1,"{""C"": 1.0}",1,0.7661979818447293,569,477,17a5e53f46233dee377aeb2380eccf49461b3e71e55404caf0ffa601fa8b7075,f1293a4fca746c51f3c850a27fba5af34e647aad2430ec33864785b33a581f6b
primary_50m,spatial,fold_0,M1,1,"{""C"": 1.0}",2,0.6173208396971946,831,237,261455e102f6b71a18175b741422522ebe18e3b42b0fcbd953431f770d3ec3d0,efe591227166b872ea94a8c660e07c097d02b84086b60bc72a4108c9816dc163
primary_50m,spatial,fold_0,M1,1,"{""C"": 1.0}",3,0.8064716751795167,920,144,48b82b19bb788aff6c957b8ebbf3fd4a70ad0d6145a35258dcfbf5955f100073,ab3d116292cbaaabc1d797bfeca851bfa8627583ac8879964e65d3733c180e92
primary_50m,spatial,fold_0,M1,1,"{""C"": 1.0}",4,0.7201671672274754,846,242,2502cf0c9925b967146d29e9f184ea853b641463de27b4e304a442eb558b5159,4df90deeb1a597a40e203989aae9cc0bf6fb7a993b92957260993e8d2f86756d
primary_50m,spatial,fold_0,M1,1,"{""C"": 1.0}",MEAN,0.727539415987229,1100,1100,9bfb63a9b4e11d73994a2a418af4f3916a2b9145d3378cf0dc797c31216db51b,
primary_50m,spatial,fold_0,M1,2,"{""C"": 10.0}",1,0.7664590771240367,569,477,17a5e53f46233dee377aeb2380eccf49461b3e71e55404caf0ffa601fa8b7075,f1293a4fca746c51f3c850a27fba5af34e647aad2430ec33864785b33a581f6b
primary_50m,spatial,fold_0,M1,2,"{""C"": 10.0}",2,0.6162727745374676,831,237,261455e102f6b71a18175b741422522ebe18e3b42b0fcbd953431f770d3ec3d0,efe591227166b872ea94a8c660e07c097d02b84086b60bc72a4108c9816dc163
primary_50m,spatial,fold_0,M1,2,"{""C"": 10.0}",3,0.8066624792386115,920,144,48b82b19bb788aff6c957b8ebbf3fd4a70ad0d6145a35258dcfbf5955f100073,ab3d116292cbaaabc1d797bfeca851bfa8627583ac8879964e65d3733c180e92
primary_50m,spatial,fold_0,M1,2,"{""C"": 10.0}",4,0.7201936773378121,846,242,2502cf0c9925b967146d29e9f184ea853b641463de27b4e304a442eb558b5159,4df90deeb1a597a40e203989aae9cc0bf6fb7a993b92957260993e8d2f86756d
primary_50m,spatial,fold_0,M1,2,"{""C"": 10.0}",MEAN,0.727397002059482,1100,1100,9bfb63a9b4e11d73994a2a418af4f3916a2b9145d3378cf0dc797c31216db51b,
primary_50m,spatial,fold_0,M2,0,"{""max_depth"": 2, ""reg_lambda"": 10}",1,0.740638254323935,569,477,17a5e53f46233dee377aeb2380eccf49461b3e71e55404caf0ffa601fa8b7075,f1293a4fca746c51f3c850a27fba5af34e647aad2430ec33864785b33a581f6b
primary_50m,spatial,fold_0,M2,0,"{""max_depth"": 2, ""reg_lambda"": 10}",2,0.6257841273154823,831,237,261455e102f6b71a18175b741422522ebe18e3b42b0fcbd953431f770d3ec3d0,efe591227166b872ea94a8c660e07c097d02b84086b60bc72a4108c9816dc163
primary_50m,spatial,fold_0,M2,0,"{""max_depth"": 2, ""reg_lambda"": 10}",3,0.8128384851240201,920,144,48b82b19bb788aff6c957b8ebbf3fd4a70ad0d6145a35258dcfbf5955f100073,ab3d116292cbaaabc1d797bfeca851bfa8627583ac8879964e65d3733c180e92
primary_50m,spatial,fold_0,M2,0,"{""max_depth"": 2, ""reg_lambda"": 10}",4,0.7294051759665993,846,242,2502cf0c9925b967146d29e9f184ea853b641463de27b4e304a442eb558b5159,4df90deeb1a597a40e203989aae9cc0bf6fb7a993b92957260993e8d2f86756d
primary_50m,spatial,fold_0,M2,0,"{""max_depth"": 2, ""reg_lambda"": 10}",MEAN,0.7271665106825093,1100,1100,9bfb63a9b4e11d73994a2a418af4f3916a2b9145d3378cf0dc797c31216db51b,
primary_50m,spatial,fold_0,M2,1,"{""max_depth"": 2, ""reg_lambda"": 1}",1,0.766700469137318,569,477,17a5e53f46233dee377aeb2380eccf49461b3e71e55404caf0ffa601fa8b7075,f1293a4fca746c51f3c850a27fba5af34e647aad2430ec33864785b33a581f6b
primary_50m,spatial,fold_0,M2,1,"{""max_depth"": 2, ""reg_lambda"": 1}",2,0.6273803830828704,831,237,261455e102f6b71a18175b741422522ebe18e3b42b0fcbd953431f770d3ec3d0,efe591227166b872ea94a8c660e07c097d02b84086b60bc72a4108c9816dc163
primary_50m,spatial,fold_0,M2,1,"{""max_depth"": 2, ""reg_lambda"": 1}",3,0.8177565813708819,920,144,48b82b19bb788aff6c957b8ebbf3fd4a70ad0d6145a35258dcfbf5955f100073,ab3d116292cbaaabc1d797bfeca851bfa8627583ac8879964e65d3733c180e92
primary_50m,spatial,fold_0,M2,1,"{""max_depth"": 2, ""reg_lambda"": 1}",4,0.731390471753155,846,242,2502cf0c9925b967146d29e9f184ea853b641463de27b4e304a442eb558b5159,4df90deeb1a597a40e203989aae9cc0bf6fb7a993b92957260993e8d2f86756d
primary_50m,spatial,fold_0,M2,1,"{""max_depth"": 2, ""reg_lambda"": 1}",MEAN,0.7358069763360563,1100,1100,9bfb63a9b4e11d73994a2a418af4f3916a2b9145d3378cf0dc797c31216db51b,
primary_50m,spatial,fold_0,M2,2,"{""max_depth"": 3, ""reg_lambda"": 10}",1,0.7199511601899027,569,477,17a5e53f46233dee377aeb2380eccf49461b3e71e55404caf0ffa601fa8b7075,f1293a4fca746c51f3c850a27fba5af34e647aad2430ec33864785b33a581f6b
primary_50m,spatial,fold_0,M2,2,"{""max_depth"": 3, ""reg_lambda"": 10}",2,0.6335792990245033,831,237,261455e102f6b71a18175b741422522ebe18e3b42b0fcbd953431f770d3ec3d0,efe591227166b872ea94a8c660e07c097d02b84086b60bc72a4108c9816dc163
primary_50m,spatial,fold_0,M2,2,"{""max_depth"": 3, ""reg_lambda"": 10}",3,0.8232088388321919,920,144,48b82b19bb788aff6c957b8ebbf3fd4a70ad0d6145a35258dcfbf5955f100073,ab3d116292cbaaabc1d797bfeca851bfa8627583ac8879964e65d3733c180e92
primary_50m,spatial,fold_0,M2,2,"{""max_depth"": 3, ""reg_lambda"": 10}",4,0.7211489835312213,846,242,2502cf0c9925b967146d29e9f184ea853b641463de27b4e304a442eb558b5159,4df90deeb1a597a40e203989aae9cc0bf6fb7a993b92957260993e8d2f86756d
primary_50m,spatial,fold_0,M2,2,"{""max_depth"": 3, ""reg_lambda"": 10}",MEAN,0.7244720703944547,1100,1100,9bfb63a9b4e11d73994a2a418af4f3916a2b9145d3378cf0dc797c31216db51b,
primary_50m,spatial,fold_0,M2,3,"{""max_depth"": 3, ""reg_lambda"": 1}",1,0.7316064822642273,569,477,17a5e53f46233dee377aeb2380eccf49461b3e71e55404caf0ffa601fa8b7075,f1293a4fca746c51f3c850a27fba5af34e647aad2430ec33864785b33a581f6b
primary_50m,spatial,fold_0,M2,3,"{""max_depth"": 3, ""reg_lambda"": 1}",2,0.6362163933345109,831,237,261455e102f6b71a18175b741422522ebe18e3b42b0fcbd953431f770d3ec3d0,efe591227166b872ea94a8c660e07c097d02b84086b60bc72a4108c9816dc163
primary_50m,spatial,fold_0,M2,3,"{""max_depth"": 3, ""reg_lambda"": 1}",3,0.8114380646432202,920,144,48b82b19bb788aff6c957b8ebbf3fd4a70ad0d6145a35258dcfbf5955f100073,ab3d116292cbaaabc1d797bfeca851bfa8627583ac8879964e65d3733c180e92
primary_50m,spatial,fold_0,M2,3,"{""max_depth"": 3, ""reg_lambda"": 1}",4,0.7203538876826758,846,242,2502cf0c9925b967146d29e9f184ea853b641463de27b4e304a442eb558b5159,4df90deeb1a597a40e203989aae9cc0bf6fb7a993b92957260993e8d2f86756d
primary_50m,spatial,fold_0,M2,3,"{""max_depth"": 3, ""reg_lambda"": 1}",MEAN,0.7249037069811586,1100,1100,9bfb63a9b4e11d73994a2a418af4f3916a2b9145d3378cf0dc797c31216db51b,
primary_50m,spatial,fold_1,M0,0,{},0,0.19577394827394828,569,84,17a5e53f46233dee377aeb2380eccf49461b3e71e55404caf0ffa601fa8b7075,c71a7a0d4c4c0622319806aa072f6897457234468a65eb5bb258d6120ba2c607
primary_50m,spatial,fold_1,M0,0,{},2,0.5922907641103604,431,221,9984ae049880c31822658ff5ded2f86e69a13ee4ef6f80a00c06c0334547344c,36b493e627f5002bd25109ed081931cbf8127a5f80499314d0ab965d41ef25e0
primary_50m,spatial,fold_1,M0,0,{},3,0.8101776982341317,520,132,47cde922aa0c58cbf104c0f4ecf2bcc5e94aa60dcb5cb61c3d4ed82dfb05a03b,d96cddebe5f965cc7f663e6f1e163296fd9266d8da7158e211de40d2fbe7dc72
primary_50m,spatial,fold_1,M0,0,{},4,0.732711761696754,435,217,3b40e02385fe9b6f5ebc9a6df92628cb8f07d33ec70bc765a488943854472642,352446c1a79a8f44ed254cf6e0decfd3c785fde5b13665bed51ee7a52fa3c3df
primary_50m,spatial,fold_1,M0,0,{},MEAN,0.5827385430787986,654,654,5cc671ec6dd57e54e630fbf5cc24746673f6addddd356e41a63cfb30655c1d6a,
primary_50m,spatial,fold_1,M1,0,"{""C"": 0.1}",0,0.306710166983391,569,84,17a5e53f46233dee377aeb2380eccf49461b3e71e55404caf0ffa601fa8b7075,c71a7a0d4c4c0622319806aa072f6897457234468a65eb5bb258d6120ba2c607
primary_50m,spatial,fold_1,M1,0,"{""C"": 0.1}",2,0.6046598652715833,431,221,9984ae049880c31822658ff5ded2f86e69a13ee4ef6f80a00c06c0334547344c,36b493e627f5002bd25109ed081931cbf8127a5f80499314d0ab965d41ef25e0
primary_50m,spatial,fold_1,M1,0,"{""C"": 0.1}",3,0.8052669043580575,520,132,47cde922aa0c58cbf104c0f4ecf2bcc5e94aa60dcb5cb61c3d4ed82dfb05a03b,d96cddebe5f965cc7f663e6f1e163296fd9266d8da7158e211de40d2fbe7dc72
primary_50m,spatial,fold_1,M1,0,"{""C"": 0.1}",4,0.7243120757530395,435,217,3b40e02385fe9b6f5ebc9a6df92628cb8f07d33ec70bc765a488943854472642,352446c1a79a8f44ed254cf6e0decfd3c785fde5b13665bed51ee7a52fa3c3df
primary_50m,spatial,fold_1,M1,0,"{""C"": 0.1}",MEAN,0.6102372530915179,654,654,5cc671ec6dd57e54e630fbf5cc24746673f6addddd356e41a63cfb30655c1d6a,
primary_50m,spatial,fold_1,M1,1,"{""C"": 1.0}",0,0.2903042281975502,569,84,17a5e53f46233dee377aeb2380eccf49461b3e71e55404caf0ffa601fa8b7075,c71a7a0d4c4c0622319806aa072f6897457234468a65eb5bb258d6120ba2c607
primary_50m,spatial,fold_1,M1,1,"{""C"": 1.0}",2,0.5785996255564991,431,221,9984ae049880c31822658ff5ded2f86e69a13ee4ef6f80a00c06c0334547344c,36b493e627f5002bd25109ed081931cbf8127a5f80499314d0ab965d41ef25e0
primary_50m,spatial,fold_1,M1,1,"{""C"": 1.0}",3,0.809319199076332,520,132,47cde922aa0c58cbf104c0f4ecf2bcc5e94aa60dcb5cb61c3d4ed82dfb05a03b,d96cddebe5f965cc7f663e6f1e163296fd9266d8da7158e211de40d2fbe7dc72
primary_50m,spatial,fold_1,M1,1,"{""C"": 1.0}",4,0.7080912954808168,435,217,3b40e02385fe9b6f5ebc9a6df92628cb8f07d33ec70bc765a488943854472642,352446c1a79a8f44ed254cf6e0decfd3c785fde5b13665bed51ee7a52fa3c3df
primary_50m,spatial,fold_1,M1,1,"{""C"": 1.0}",MEAN,0.5965785870777995,654,654,5cc671ec6dd57e54e630fbf5cc24746673f6addddd356e41a63cfb30655c1d6a,
primary_50m,spatial,fold_1,M1,2,"{""C"": 10.0}",0,0.2903042281975502,569,84,17a5e53f46233dee377aeb2380eccf49461b3e71e55404caf0ffa601fa8b7075,c71a7a0d4c4c0622319806aa072f6897457234468a65eb5bb258d6120ba2c607
primary_50m,spatial,fold_1,M1,2,"{""C"": 10.0}",2,0.5732702888313839,431,221,9984ae049880c31822658ff5ded2f86e69a13ee4ef6f80a00c06c0334547344c,36b493e627f5002bd25109ed081931cbf8127a5f80499314d0ab965d41ef25e0
primary_50m,spatial,fold_1,M1,2,"{""C"": 10.0}",3,0.8093990854215602,520,132,47cde922aa0c58cbf104c0f4ecf2bcc5e94aa60dcb5cb61c3d4ed82dfb05a03b,d96cddebe5f965cc7f663e6f1e163296fd9266d8da7158e211de40d2fbe7dc72
primary_50m,spatial,fold_1,M1,2,"{""C"": 10.0}",4,0.7080000320441066,435,217,3b40e02385fe9b6f5ebc9a6df92628cb8f07d33ec70bc765a488943854472642,352446c1a79a8f44ed254cf6e0decfd3c785fde5b13665bed51ee7a52fa3c3df
primary_50m,spatial,fold_1,M1,2,"{""C"": 10.0}",MEAN,0.5952434086236502,654,654,5cc671ec6dd57e54e630fbf5cc24746673f6addddd356e41a63cfb30655c1d6a,
primary_50m,spatial,fold_1,M2,0,"{""max_depth"": 2, ""reg_lambda"": 10}",0,0.24943848448847272,569,84,17a5e53f46233dee377aeb2380eccf49461b3e71e55404caf0ffa601fa8b7075,c71a7a0d4c4c0622319806aa072f6897457234468a65eb5bb258d6120ba2c607
primary_50m,spatial,fold_1,M2,0,"{""max_depth"": 2, ""reg_lambda"": 10}",2,0.5866216450240566,431,221,9984ae049880c31822658ff5ded2f86e69a13ee4ef6f80a00c06c0334547344c,36b493e627f5002bd25109ed081931cbf8127a5f80499314d0ab965d41ef25e0
primary_50m,spatial,fold_1,M2,0,"{""max_depth"": 2, ""reg_lambda"": 10}",3,0.8335176924144245,520,132,47cde922aa0c58cbf104c0f4ecf2bcc5e94aa60dcb5cb61c3d4ed82dfb05a03b,d96cddebe5f965cc7f663e6f1e163296fd9266d8da7158e211de40d2fbe7dc72
primary_50m,spatial,fold_1,M2,0,"{""max_depth"": 2, ""reg_lambda"": 10}",4,0.7232429789879011,435,217,3b40e02385fe9b6f5ebc9a6df92628cb8f07d33ec70bc765a488943854472642,352446c1a79a8f44ed254cf6e0decfd3c785fde5b13665bed51ee7a52fa3c3df
primary_50m,spatial,fold_1,M2,0,"{""max_depth"": 2, ""reg_lambda"": 10}",MEAN,0.5982052002287137,654,654,5cc671ec6dd57e54e630fbf5cc24746673f6addddd356e41a63cfb30655c1d6a,
primary_50m,spatial,fold_1,M2,1,"{""max_depth"": 2, ""reg_lambda"": 1}",0,0.27859754252096136,569,84,17a5e53f46233dee377aeb2380eccf49461b3e71e55404caf0ffa601fa8b7075,c71a7a0d4c4c0622319806aa072f6897457234468a65eb5bb258d6120ba2c607
primary_50m,spatial,fold_1,M2,1,"{""max_depth"": 2, ""reg_lambda"": 1}",2,0.5850261827759842,431,221,9984ae049880c31822658ff5ded2f86e69a13ee4ef6f80a00c06c0334547344c,36b493e627f5002bd25109ed081931cbf8127a5f80499314d0ab965d41ef25e0
primary_50m,spatial,fold_1,M2,1,"{""max_depth"": 2, ""reg_lambda"": 1}",3,0.8522266069240745,520,132,47cde922aa0c58cbf104c0f4ecf2bcc5e94aa60dcb5cb61c3d4ed82dfb05a03b,d96cddebe5f965cc7f663e6f1e163296fd9266d8da7158e211de40d2fbe7dc72
primary_50m,spatial,fold_1,M2,1,"{""max_depth"": 2, ""reg_lambda"": 1}",4,0.7183208744386207,435,217,3b40e02385fe9b6f5ebc9a6df92628cb8f07d33ec70bc765a488943854472642,352446c1a79a8f44ed254cf6e0decfd3c785fde5b13665bed51ee7a52fa3c3df
primary_50m,spatial,fold_1,M2,1,"{""max_depth"": 2, ""reg_lambda"": 1}",MEAN,0.6085428016649101,654,654,5cc671ec6dd57e54e630fbf5cc24746673f6addddd356e41a63cfb30655c1d6a,
primary_50m,spatial,fold_1,M2,2,"{""max_depth"": 3, ""reg_lambda"": 10}",0,0.27670283348838554,569,84,17a5e53f46233dee377aeb2380eccf49461b3e71e55404caf0ffa601fa8b7075,c71a7a0d4c4c0622319806aa072f6897457234468a65eb5bb258d6120ba2c607
primary_50m,spatial,fold_1,M2,2,"{""max_depth"": 3, ""reg_lambda"": 10}",2,0.5865461655748591,431,221,9984ae049880c31822658ff5ded2f86e69a13ee4ef6f80a00c06c0334547344c,36b493e627f5002bd25109ed081931cbf8127a5f80499314d0ab965d41ef25e0
primary_50m,spatial,fold_1,M2,2,"{""max_depth"": 3, ""reg_lambda"": 10}",3,0.8414213661644606,520,132,47cde922aa0c58cbf104c0f4ecf2bcc5e94aa60dcb5cb61c3d4ed82dfb05a03b,d96cddebe5f965cc7f663e6f1e163296fd9266d8da7158e211de40d2fbe7dc72
primary_50m,spatial,fold_1,M2,2,"{""max_depth"": 3, ""reg_lambda"": 10}",4,0.6941217716126551,435,217,3b40e02385fe9b6f5ebc9a6df92628cb8f07d33ec70bc765a488943854472642,352446c1a79a8f44ed254cf6e0decfd3c785fde5b13665bed51ee7a52fa3c3df
primary_50m,spatial,fold_1,M2,2,"{""max_depth"": 3, ""reg_lambda"": 10}",MEAN,0.59969803421009,654,654,5cc671ec6dd57e54e630fbf5cc24746673f6addddd356e41a63cfb30655c1d6a,
primary_50m,spatial,fold_1,M2,3,"{""max_depth"": 3, ""reg_lambda"": 1}",0,0.2783813039385795,569,84,17a5e53f46233dee377aeb2380eccf49461b3e71e55404caf0ffa601fa8b7075,c71a7a0d4c4c0622319806aa072f6897457234468a65eb5bb258d6120ba2c607
primary_50m,spatial,fold_1,M2,3,"{""max_depth"": 3, ""reg_lambda"": 1}",2,0.5975971630184209,431,221,9984ae049880c31822658ff5ded2f86e69a13ee4ef6f80a00c06c0334547344c,36b493e627f5002bd25109ed081931cbf8127a5f80499314d0ab965d41ef25e0
primary_50m,spatial,fold_1,M2,3,"{""max_depth"": 3, ""reg_lambda"": 1}",3,0.8491983701756673,520,132,47cde922aa0c58cbf104c0f4ecf2bcc5e94aa60dcb5cb61c3d4ed82dfb05a03b,d96cddebe5f965cc7f663e6f1e163296fd9266d8da7158e211de40d2fbe7dc72
primary_50m,spatial,fold_1,M2,3,"{""max_depth"": 3, ""reg_lambda"": 1}",4,0.7044003887266985,435,217,3b40e02385fe9b6f5ebc9a6df92628cb8f07d33ec70bc765a488943854472642,352446c1a79a8f44ed254cf6e0decfd3c785fde5b13665bed51ee7a52fa3c3df
primary_50m,spatial,fold_1,M2,3,"{""max_depth"": 3, ""reg_lambda"": 1}",MEAN,0.6073943064648416,654,654,5cc671ec6dd57e54e630fbf5cc24746673f6addddd356e41a63cfb30655c1d6a,
primary_50m,spatial,fold_2,M0,0,{},0,0.19088401236862035,831,87,261455e102f6b71a18175b741422522ebe18e3b42b0fcbd953431f770d3ec3d0,1b007a7cb3fa76db95ea07a6344fb8360ed65faa97dee961fd8b766403cefe5b
primary_50m,spatial,fold_2,M0,0,{},1,0.7328175739235241,431,451,9984ae049880c31822658ff5ded2f86e69a13ee4ef6f80a00c06c0334547344c,e79cf4b4fe480f622965aebf5468b6e1f815d4f18c2a9f11bb9a2e5c05e7b790
primary_50m,spatial,fold_2,M0,0,{},3,0.7909802304628872,740,145,720050c25cbfb69702a7023b7ee415ecdec26de7b0db661bd83511178408a775,2633b81347d801bceea5e86855860f8b6cf60edced61f327f877562e56330259
primary_50m,spatial,fold_2,M0,0,{},4,0.7200120816980494,673,240,056aacc1c4b7bdf9197555be3fe2666c7e200f9da60c4fbeedc38e22e5e9b6be,40e9dfc1ede69502c3333f7ce1078e733bcd7061ad3bc22d880aee98e40f0412
primary_50m,spatial,fold_2,M0,0,{},MEAN,0.6086734746132703,923,923,e33186184b30c3d883ed761e9c113a7ba846b6bd68f60db2c70b60b7f0857ad9,
primary_50m,spatial,fold_2,M1,0,"{""C"": 0.1}",0,0.25992005930086426,831,87,261455e102f6b71a18175b741422522ebe18e3b42b0fcbd953431f770d3ec3d0,1b007a7cb3fa76db95ea07a6344fb8360ed65faa97dee961fd8b766403cefe5b
primary_50m,spatial,fold_2,M1,0,"{""C"": 0.1}",1,0.7695170016256921,431,451,9984ae049880c31822658ff5ded2f86e69a13ee4ef6f80a00c06c0334547344c,e79cf4b4fe480f622965aebf5468b6e1f815d4f18c2a9f11bb9a2e5c05e7b790
primary_50m,spatial,fold_2,M1,0,"{""C"": 0.1}",3,0.8095353852681765,740,145,720050c25cbfb69702a7023b7ee415ecdec26de7b0db661bd83511178408a775,2633b81347d801bceea5e86855860f8b6cf60edced61f327f877562e56330259
primary_50m,spatial,fold_2,M1,0,"{""C"": 0.1}",4,0.7194663232732457,673,240,056aacc1c4b7bdf9197555be3fe2666c7e200f9da60c4fbeedc38e22e5e9b6be,40e9dfc1ede69502c3333f7ce1078e733bcd7061ad3bc22d880aee98e40f0412
primary_50m,spatial,fold_2,M1,0,"{""C"": 0.1}",MEAN,0.6396096923669946,923,923,e33186184b30c3d883ed761e9c113a7ba846b6bd68f60db2c70b60b7f0857ad9,
primary_50m,spatial,fold_2,M1,1,"{""C"": 1.0}",0,0.2519882169391973,831,87,261455e102f6b71a18175b741422522ebe18e3b42b0fcbd953431f770d3ec3d0,1b007a7cb3fa76db95ea07a6344fb8360ed65faa97dee961fd8b766403cefe5b
primary_50m,spatial,fold_2,M1,1,"{""C"": 1.0}",1,0.7735168013535729,431,451,9984ae049880c31822658ff5ded2f86e69a13ee4ef6f80a00c06c0334547344c,e79cf4b4fe480f622965aebf5468b6e1f815d4f18c2a9f11bb9a2e5c05e7b790
primary_50m,spatial,fold_2,M1,1,"{""C"": 1.0}",3,0.8121600126264236,740,145,720050c25cbfb69702a7023b7ee415ecdec26de7b0db661bd83511178408a775,2633b81347d801bceea5e86855860f8b6cf60edced61f327f877562e56330259
primary_50m,spatial,fold_2,M1,1,"{""C"": 1.0}",4,0.7162061710921905,673,240,056aacc1c4b7bdf9197555be3fe2666c7e200f9da60c4fbeedc38e22e5e9b6be,40e9dfc1ede69502c3333f7ce1078e733bcd7061ad3bc22d880aee98e40f0412
primary_50m,spatial,fold_2,M1,1,"{""C"": 1.0}",MEAN,0.6384678005028461,923,923,e33186184b30c3d883ed761e9c113a7ba846b6bd68f60db2c70b60b7f0857ad9,
primary_50m,spatial,fold_2,M1,2,"{""C"": 10.0}",0,0.25061080647087774,831,87,261455e102f6b71a18175b741422522ebe18e3b42b0fcbd953431f770d3ec3d0,1b007a7cb3fa76db95ea07a6344fb8360ed65faa97dee961fd8b766403cefe5b
primary_50m,spatial,fold_2,M1,2,"{""C"": 10.0}",1,0.7738717164318094,431,451,9984ae049880c31822658ff5ded2f86e69a13ee4ef6f80a00c06c0334547344c,e79cf4b4fe480f622965aebf5468b6e1f815d4f18c2a9f11bb9a2e5c05e7b790
primary_50m,spatial,fold_2,M1,2,"{""C"": 10.0}",3,0.8103851206323112,740,145,720050c25cbfb69702a7023b7ee415ecdec26de7b0db661bd83511178408a775,2633b81347d801bceea5e86855860f8b6cf60edced61f327f877562e56330259
primary_50m,spatial,fold_2,M1,2,"{""C"": 10.0}",4,0.7139977922285463,673,240,056aacc1c4b7bdf9197555be3fe2666c7e200f9da60c4fbeedc38e22e5e9b6be,40e9dfc1ede69502c3333f7ce1078e733bcd7061ad3bc22d880aee98e40f0412
primary_50m,spatial,fold_2,M1,2,"{""C"": 10.0}",MEAN,0.6372163589408861,923,923,e33186184b30c3d883ed761e9c113a7ba846b6bd68f60db2c70b60b7f0857ad9,
primary_50m,spatial,fold_2,M2,0,"{""max_depth"": 2, ""reg_lambda"": 10}",0,0.2257801343096993,831,87,261455e102f6b71a18175b741422522ebe18e3b42b0fcbd953431f770d3ec3d0,1b007a7cb3fa76db95ea07a6344fb8360ed65faa97dee961fd8b766403cefe5b
primary_50m,spatial,fold_2,M2,0,"{""max_depth"": 2, ""reg_lambda"": 10}",1,0.7133188257281575,431,451,9984ae049880c31822658ff5ded2f86e69a13ee4ef6f80a00c06c0334547344c,e79cf4b4fe480f622965aebf5468b6e1f815d4f18c2a9f11bb9a2e5c05e7b790
primary_50m,spatial,fold_2,M2,0,"{""max_depth"": 2, ""reg_lambda"": 10}",3,0.817945550214019,740,145,720050c25cbfb69702a7023b7ee415ecdec26de7b0db661bd83511178408a775,2633b81347d801bceea5e86855860f8b6cf60edced61f327f877562e56330259
primary_50m,spatial,fold_2,M2,0,"{""max_depth"": 2, ""reg_lambda"": 10}",4,0.6938679223605101,673,240,056aacc1c4b7bdf9197555be3fe2666c7e200f9da60c4fbeedc38e22e5e9b6be,40e9dfc1ede69502c3333f7ce1078e733bcd7061ad3bc22d880aee98e40f0412
primary_50m,spatial,fold_2,M2,0,"{""max_depth"": 2, ""reg_lambda"": 10}",MEAN,0.6127281081530965,923,923,e33186184b30c3d883ed761e9c113a7ba846b6bd68f60db2c70b60b7f0857ad9,
primary_50m,spatial,fold_2,M2,1,"{""max_depth"": 2, ""reg_lambda"": 1}",0,0.264100161127544,831,87,261455e102f6b71a18175b741422522ebe18e3b42b0fcbd953431f770d3ec3d0,1b007a7cb3fa76db95ea07a6344fb8360ed65faa97dee961fd8b766403cefe5b
primary_50m,spatial,fold_2,M2,1,"{""max_depth"": 2, ""reg_lambda"": 1}",1,0.7223383950894648,431,451,9984ae049880c31822658ff5ded2f86e69a13ee4ef6f80a00c06c0334547344c,e79cf4b4fe480f622965aebf5468b6e1f815d4f18c2a9f11bb9a2e5c05e7b790
primary_50m,spatial,fold_2,M2,1,"{""max_depth"": 2, ""reg_lambda"": 1}",3,0.8396856131977964,740,145,720050c25cbfb69702a7023b7ee415ecdec26de7b0db661bd83511178408a775,2633b81347d801bceea5e86855860f8b6cf60edced61f327f877562e56330259
primary_50m,spatial,fold_2,M2,1,"{""max_depth"": 2, ""reg_lambda"": 1}",4,0.6965314552296147,673,240,056aacc1c4b7bdf9197555be3fe2666c7e200f9da60c4fbeedc38e22e5e9b6be,40e9dfc1ede69502c3333f7ce1078e733bcd7061ad3bc22d880aee98e40f0412
primary_50m,spatial,fold_2,M2,1,"{""max_depth"": 2, ""reg_lambda"": 1}",MEAN,0.630663906161105,923,923,e33186184b30c3d883ed761e9c113a7ba846b6bd68f60db2c70b60b7f0857ad9,
primary_50m,spatial,fold_2,M2,2,"{""max_depth"": 3, ""reg_lambda"": 10}",0,0.2576119599209522,831,87,261455e102f6b71a18175b741422522ebe18e3b42b0fcbd953431f770d3ec3d0,1b007a7cb3fa76db95ea07a6344fb8360ed65faa97dee961fd8b766403cefe5b
primary_50m,spatial,fold_2,M2,2,"{""max_depth"": 3, ""reg_lambda"": 10}",1,0.7131130820108333,431,451,9984ae049880c31822658ff5ded2f86e69a13ee4ef6f80a00c06c0334547344c,e79cf4b4fe480f622965aebf5468b6e1f815d4f18c2a9f11bb9a2e5c05e7b790
primary_50m,spatial,fold_2,M2,2,"{""max_depth"": 3, ""reg_lambda"": 10}",3,0.8493990926121167,740,145,720050c25cbfb69702a7023b7ee415ecdec26de7b0db661bd83511178408a775,2633b81347d801bceea5e86855860f8b6cf60edced61f327f877562e56330259
primary_50m,spatial,fold_2,M2,2,"{""max_depth"": 3, ""reg_lambda"": 10}",4,0.6779253910348856,673,240,056aacc1c4b7bdf9197555be3fe2666c7e200f9da60c4fbeedc38e22e5e9b6be,40e9dfc1ede69502c3333f7ce1078e733bcd7061ad3bc22d880aee98e40f0412
primary_50m,spatial,fold_2,M2,2,"{""max_depth"": 3, ""reg_lambda"": 10}",MEAN,0.6245123813946969,923,923,e33186184b30c3d883ed761e9c113a7ba846b6bd68f60db2c70b60b7f0857ad9,
primary_50m,spatial,fold_2,M2,3,"{""max_depth"": 3, ""reg_lambda"": 1}",0,0.2675202907684109,831,87,261455e102f6b71a18175b741422522ebe18e3b42b0fcbd953431f770d3ec3d0,1b007a7cb3fa76db95ea07a6344fb8360ed65faa97dee961fd8b766403cefe5b
primary_50m,spatial,fold_2,M2,3,"{""max_depth"": 3, ""reg_lambda"": 1}",1,0.7252486697759178,431,451,9984ae049880c31822658ff5ded2f86e69a13ee4ef6f80a00c06c0334547344c,e79cf4b4fe480f622965aebf5468b6e1f815d4f18c2a9f11bb9a2e5c05e7b790
primary_50m,spatial,fold_2,M2,3,"{""max_depth"": 3, ""reg_lambda"": 1}",3,0.8518923481639386,740,145,720050c25cbfb69702a7023b7ee415ecdec26de7b0db661bd83511178408a775,2633b81347d801bceea5e86855860f8b6cf60edced61f327f877562e56330259
primary_50m,spatial,fold_2,M2,3,"{""max_depth"": 3, ""reg_lambda"": 1}",4,0.6747415960358176,673,240,056aacc1c4b7bdf9197555be3fe2666c7e200f9da60c4fbeedc38e22e5e9b6be,40e9dfc1ede69502c3333f7ce1078e733bcd7061ad3bc22d880aee98e40f0412
primary_50m,spatial,fold_2,M2,3,"{""max_depth"": 3, ""reg_lambda"": 1}",MEAN,0.6298507261860212,923,923,e33186184b30c3d883ed761e9c113a7ba846b6bd68f60db2c70b60b7f0857ad9,
primary_50m,spatial,fold_3,M0,0,{},0,0.1968504193458922,920,85,48b82b19bb788aff6c957b8ebbf3fd4a70ad0d6145a35258dcfbf5955f100073,9696a640277c78c02707f7658133fe4d7f5a3a503f246511816974633680fc24
primary_50m,spatial,fold_3,M0,0,{},1,0.7352757417926893,520,445,47cde922aa0c58cbf104c0f4ecf2bcc5e94aa60dcb5cb61c3d4ed82dfb05a03b,96f571ad44bee29e95c9f8f7903089317d6826fce3af2883ef15851110501e85
primary_50m,spatial,fold_3,M0,0,{},2,0.5871213139585555,740,237,720050c25cbfb69702a7023b7ee415ecdec26de7b0db661bd83511178408a775,efe591227166b872ea94a8c660e07c097d02b84086b60bc72a4108c9816dc163
primary_50m,spatial,fold_3,M0,0,{},4,0.7189033019827406,755,242,c3a1d26e83b0f46d4d2c753201f9440d43a46c5d22460bf10e8baf3cf55368d5,4df90deeb1a597a40e203989aae9cc0bf6fb7a993b92957260993e8d2f86756d
primary_50m,spatial,fold_3,M0,0,{},MEAN,0.5595376942699694,1009,1009,b5365b5532658f670134c2f57305964647d13c1445cf1e30aed7fa3d3bdcc2e0,
primary_50m,spatial,fold_3,M1,0,"{""C"": 0.1}",0,0.2963294147317574,920,85,48b82b19bb788aff6c957b8ebbf3fd4a70ad0d6145a35258dcfbf5955f100073,9696a640277c78c02707f7658133fe4d7f5a3a503f246511816974633680fc24
primary_50m,spatial,fold_3,M1,0,"{""C"": 0.1}",1,0.7484180700845469,520,445,47cde922aa0c58cbf104c0f4ecf2bcc5e94aa60dcb5cb61c3d4ed82dfb05a03b,96f571ad44bee29e95c9f8f7903089317d6826fce3af2883ef15851110501e85
primary_50m,spatial,fold_3,M1,0,"{""C"": 0.1}",2,0.6429127994475378,740,237,720050c25cbfb69702a7023b7ee415ecdec26de7b0db661bd83511178408a775,efe591227166b872ea94a8c660e07c097d02b84086b60bc72a4108c9816dc163
primary_50m,spatial,fold_3,M1,0,"{""C"": 0.1}",4,0.719087573841255,755,242,c3a1d26e83b0f46d4d2c753201f9440d43a46c5d22460bf10e8baf3cf55368d5,4df90deeb1a597a40e203989aae9cc0bf6fb7a993b92957260993e8d2f86756d
primary_50m,spatial,fold_3,M1,0,"{""C"": 0.1}",MEAN,0.6016869645262742,1009,1009,b5365b5532658f670134c2f57305964647d13c1445cf1e30aed7fa3d3bdcc2e0,
primary_50m,spatial,fold_3,M1,1,"{""C"": 1.0}",0,0.24667024712569882,920,85,48b82b19bb788aff6c957b8ebbf3fd4a70ad0d6145a35258dcfbf5955f100073,9696a640277c78c02707f7658133fe4d7f5a3a503f246511816974633680fc24
primary_50m,spatial,fold_3,M1,1,"{""C"": 1.0}",1,0.7510449208255728,520,445,47cde922aa0c58cbf104c0f4ecf2bcc5e94aa60dcb5cb61c3d4ed82dfb05a03b,96f571ad44bee29e95c9f8f7903089317d6826fce3af2883ef15851110501e85
primary_50m,spatial,fold_3,M1,1,"{""C"": 1.0}",2,0.6249794317423506,740,237,720050c25cbfb69702a7023b7ee415ecdec26de7b0db661bd83511178408a775,efe591227166b872ea94a8c660e07c097d02b84086b60bc72a4108c9816dc163
primary_50m,spatial,fold_3,M1,1,"{""C"": 1.0}",4,0.7131340153874466,755,242,c3a1d26e83b0f46d4d2c753201f9440d43a46c5d22460bf10e8baf3cf55368d5,4df90deeb1a597a40e203989aae9cc0bf6fb7a993b92957260993e8d2f86756d
primary_50m,spatial,fold_3,M1,1,"{""C"": 1.0}",MEAN,0.5839571537702672,1009,1009,b5365b5532658f670134c2f57305964647d13c1445cf1e30aed7fa3d3bdcc2e0,
primary_50m,spatial,fold_3,M1,2,"{""C"": 10.0}",0,0.24667024712569882,920,85,48b82b19bb788aff6c957b8ebbf3fd4a70ad0d6145a35258dcfbf5955f100073,9696a640277c78c02707f7658133fe4d7f5a3a503f246511816974633680fc24
primary_50m,spatial,fold_3,M1,2,"{""C"": 10.0}",1,0.7517397136544521,520,445,47cde922aa0c58cbf104c0f4ecf2bcc5e94aa60dcb5cb61c3d4ed82dfb05a03b,96f571ad44bee29e95c9f8f7903089317d6826fce3af2883ef15851110501e85
primary_50m,spatial,fold_3,M1,2,"{""C"": 10.0}",2,0.6236083502283233,740,237,720050c25cbfb69702a7023b7ee415ecdec26de7b0db661bd83511178408a775,efe591227166b872ea94a8c660e07c097d02b84086b60bc72a4108c9816dc163
primary_50m,spatial,fold_3,M1,2,"{""C"": 10.0}",4,0.7129507399766637,755,242,c3a1d26e83b0f46d4d2c753201f9440d43a46c5d22460bf10e8baf3cf55368d5,4df90deeb1a597a40e203989aae9cc0bf6fb7a993b92957260993e8d2f86756d
primary_50m,spatial,fold_3,M1,2,"{""C"": 10.0}",MEAN,0.5837422627462845,1009,1009,b5365b5532658f670134c2f57305964647d13c1445cf1e30aed7fa3d3bdcc2e0,
primary_50m,spatial,fold_3,M2,0,"{""max_depth"": 2, ""reg_lambda"": 10}",0,0.22589110733180146,920,85,48b82b19bb788aff6c957b8ebbf3fd4a70ad0d6145a35258dcfbf5955f100073,9696a640277c78c02707f7658133fe4d7f5a3a503f246511816974633680fc24
primary_50m,spatial,fold_3,M2,0,"{""max_depth"": 2, ""reg_lambda"": 10}",1,0.7208418016936282,520,445,47cde922aa0c58cbf104c0f4ecf2bcc5e94aa60dcb5cb61c3d4ed82dfb05a03b,96f571ad44bee29e95c9f8f7903089317d6826fce3af2883ef15851110501e85
primary_50m,spatial,fold_3,M2,0,"{""max_depth"": 2, ""reg_lambda"": 10}",2,0.6532418377078428,740,237,720050c25cbfb69702a7023b7ee415ecdec26de7b0db661bd83511178408a775,efe591227166b872ea94a8c660e07c097d02b84086b60bc72a4108c9816dc163
primary_50m,spatial,fold_3,M2,0,"{""max_depth"": 2, ""reg_lambda"": 10}",4,0.7087407487217162,755,242,c3a1d26e83b0f46d4d2c753201f9440d43a46c5d22460bf10e8baf3cf55368d5,4df90deeb1a597a40e203989aae9cc0bf6fb7a993b92957260993e8d2f86756d
primary_50m,spatial,fold_3,M2,0,"{""max_depth"": 2, ""reg_lambda"": 10}",MEAN,0.5771788738637472,1009,1009,b5365b5532658f670134c2f57305964647d13c1445cf1e30aed7fa3d3bdcc2e0,
primary_50m,spatial,fold_3,M2,1,"{""max_depth"": 2, ""reg_lambda"": 1}",0,0.1773186819127943,920,85,48b82b19bb788aff6c957b8ebbf3fd4a70ad0d6145a35258dcfbf5955f100073,9696a640277c78c02707f7658133fe4d7f5a3a503f246511816974633680fc24
primary_50m,spatial,fold_3,M2,1,"{""max_depth"": 2, ""reg_lambda"": 1}",1,0.7349196049238609,520,445,47cde922aa0c58cbf104c0f4ecf2bcc5e94aa60dcb5cb61c3d4ed82dfb05a03b,96f571ad44bee29e95c9f8f7903089317d6826fce3af2883ef15851110501e85
primary_50m,spatial,fold_3,M2,1,"{""max_depth"": 2, ""reg_lambda"": 1}",2,0.6481132878056179,740,237,720050c25cbfb69702a7023b7ee415ecdec26de7b0db661bd83511178408a775,efe591227166b872ea94a8c660e07c097d02b84086b60bc72a4108c9816dc163
primary_50m,spatial,fold_3,M2,1,"{""max_depth"": 2, ""reg_lambda"": 1}",4,0.7218258320431846,755,242,c3a1d26e83b0f46d4d2c753201f9440d43a46c5d22460bf10e8baf3cf55368d5,4df90deeb1a597a40e203989aae9cc0bf6fb7a993b92957260993e8d2f86756d
primary_50m,spatial,fold_3,M2,1,"{""max_depth"": 2, ""reg_lambda"": 1}",MEAN,0.5705443516713644,1009,1009,b5365b5532658f670134c2f57305964647d13c1445cf1e30aed7fa3d3bdcc2e0,
primary_50m,spatial,fold_3,M2,2,"{""max_depth"": 3, ""reg_lambda"": 10}",0,0.23708106573903764,920,85,48b82b19bb788aff6c957b8ebbf3fd4a70ad0d6145a35258dcfbf5955f100073,9696a640277c78c02707f7658133fe4d7f5a3a503f246511816974633680fc24
primary_50m,spatial,fold_3,M2,2,"{""max_depth"": 3, ""reg_lambda"": 10}",1,0.7101499196743061,520,445,47cde922aa0c58cbf104c0f4ecf2bcc5e94aa60dcb5cb61c3d4ed82dfb05a03b,96f571ad44bee29e95c9f8f7903089317d6826fce3af2883ef15851110501e85
primary_50m,spatial,fold_3,M2,2,"{""max_depth"": 3, ""reg_lambda"": 10}",2,0.6219533178189204,740,237,720050c25cbfb69702a7023b7ee415ecdec26de7b0db661bd83511178408a775,efe591227166b872ea94a8c660e07c097d02b84086b60bc72a4108c9816dc163
primary_50m,spatial,fold_3,M2,2,"{""max_depth"": 3, ""reg_lambda"": 10}",4,0.7202462448555313,755,242,c3a1d26e83b0f46d4d2c753201f9440d43a46c5d22460bf10e8baf3cf55368d5,4df90deeb1a597a40e203989aae9cc0bf6fb7a993b92957260993e8d2f86756d
primary_50m,spatial,fold_3,M2,2,"{""max_depth"": 3, ""reg_lambda"": 10}",MEAN,0.5723576370219489,1009,1009,b5365b5532658f670134c2f57305964647d13c1445cf1e30aed7fa3d3bdcc2e0,
primary_50m,spatial,fold_3,M2,3,"{""max_depth"": 3, ""reg_lambda"": 1}",0,0.21783145749162505,920,85,48b82b19bb788aff6c957b8ebbf3fd4a70ad0d6145a35258dcfbf5955f100073,9696a640277c78c02707f7658133fe4d7f5a3a503f246511816974633680fc24
primary_50m,spatial,fold_3,M2,3,"{""max_depth"": 3, ""reg_lambda"": 1}",1,0.7375304565855779,520,445,47cde922aa0c58cbf104c0f4ecf2bcc5e94aa60dcb5cb61c3d4ed82dfb05a03b,96f571ad44bee29e95c9f8f7903089317d6826fce3af2883ef15851110501e85
primary_50m,spatial,fold_3,M2,3,"{""max_depth"": 3, ""reg_lambda"": 1}",2,0.623514341071955,740,237,720050c25cbfb69702a7023b7ee415ecdec26de7b0db661bd83511178408a775,efe591227166b872ea94a8c660e07c097d02b84086b60bc72a4108c9816dc163
primary_50m,spatial,fold_3,M2,3,"{""max_depth"": 3, ""reg_lambda"": 1}",4,0.7147652022763951,755,242,c3a1d26e83b0f46d4d2c753201f9440d43a46c5d22460bf10e8baf3cf55368d5,4df90deeb1a597a40e203989aae9cc0bf6fb7a993b92957260993e8d2f86756d
primary_50m,spatial,fold_3,M2,3,"{""max_depth"": 3, ""reg_lambda"": 1}",MEAN,0.5734103643563883,1009,1009,b5365b5532658f670134c2f57305964647d13c1445cf1e30aed7fa3d3bdcc2e0,
primary_50m,spatial,fold_4,M0,0,{},0,0.19088401236862035,846,87,2502cf0c9925b967146d29e9f184ea853b641463de27b4e304a442eb558b5159,1b007a7cb3fa76db95ea07a6344fb8360ed65faa97dee961fd8b766403cefe5b
primary_50m,spatial,fold_4,M0,0,{},1,0.7364841290357418,435,471,3b40e02385fe9b6f5ebc9a6df92628cb8f07d33ec70bc765a488943854472642,a459d5d435dc25482d735e12d16bc8a1dd302c1aba8b32c3f305361b6a13baa0
primary_50m,spatial,fold_4,M0,0,{},2,0.5863897800586565,673,235,056aacc1c4b7bdf9197555be3fe2666c7e200f9da60c4fbeedc38e22e5e9b6be,90604268e1eeb1ba7ddb06856a6c6ecfafb437111725fe554d7cb0650d548399
primary_50m,spatial,fold_4,M0,0,{},3,0.7909802304628872,755,145,c3a1d26e83b0f46d4d2c753201f9440d43a46c5d22460bf10e8baf3cf55368d5,2633b81347d801bceea5e86855860f8b6cf60edced61f327f877562e56330259
primary_50m,spatial,fold_4,M0,0,{},MEAN,0.5761845379814765,938,938,964fe2083835ff6c342d839dc6251c2d9d402c88c3092d6275df131538f4c0bb,
primary_50m,spatial,fold_4,M1,0,"{""C"": 0.1}",0,0.2484695508883936,846,87,2502cf0c9925b967146d29e9f184ea853b641463de27b4e304a442eb558b5159,1b007a7cb3fa76db95ea07a6344fb8360ed65faa97dee961fd8b766403cefe5b
primary_50m,spatial,fold_4,M1,0,"{""C"": 0.1}",1,0.7398604610662421,435,471,3b40e02385fe9b6f5ebc9a6df92628cb8f07d33ec70bc765a488943854472642,a459d5d435dc25482d735e12d16bc8a1dd302c1aba8b32c3f305361b6a13baa0
primary_50m,spatial,fold_4,M1,0,"{""C"": 0.1}",2,0.6297966073348965,673,235,056aacc1c4b7bdf9197555be3fe2666c7e200f9da60c4fbeedc38e22e5e9b6be,90604268e1eeb1ba7ddb06856a6c6ecfafb437111725fe554d7cb0650d548399
primary_50m,spatial,fold_4,M1,0,"{""C"": 0.1}",3,0.7946548732026986,755,145,c3a1d26e83b0f46d4d2c753201f9440d43a46c5d22460bf10e8baf3cf55368d5,2633b81347d801bceea5e86855860f8b6cf60edced61f327f877562e56330259
primary_50m,spatial,fold_4,M1,0,"{""C"": 0.1}",MEAN,0.6031953731230577,938,938,964fe2083835ff6c342d839dc6251c2d9d402c88c3092d6275df131538f4c0bb,
primary_50m,spatial,fold_4,M1,1,"{""C"": 1.0}",0,0.25173048427155764,846,87,2502cf0c9925b967146d29e9f184ea853b641463de27b4e304a442eb558b5159,1b007a7cb3fa76db95ea07a6344fb8360ed65faa97dee961fd8b766403cefe5b
primary_50m,spatial,fold_4,M1,1,"{""C"": 1.0}",1,0.7364378762511035,435,471,3b40e02385fe9b6f5ebc9a6df92628cb8f07d33ec70bc765a488943854472642,a459d5d435dc25482d735e12d16bc8a1dd302c1aba8b32c3f305361b6a13baa0
primary_50m,spatial,fold_4,M1,1,"{""C"": 1.0}",2,0.614148805718535,673,235,056aacc1c4b7bdf9197555be3fe2666c7e200f9da60c4fbeedc38e22e5e9b6be,90604268e1eeb1ba7ddb06856a6c6ecfafb437111725fe554d7cb0650d548399
primary_50m,spatial,fold_4,M1,1,"{""C"": 1.0}",3,0.7956515079574066,755,145,c3a1d26e83b0f46d4d2c753201f9440d43a46c5d22460bf10e8baf3cf55368d5,2633b81347d801bceea5e86855860f8b6cf60edced61f327f877562e56330259
primary_50m,spatial,fold_4,M1,1,"{""C"": 1.0}",MEAN,0.5994921685496507,938,938,964fe2083835ff6c342d839dc6251c2d9d402c88c3092d6275df131538f4c0bb,
primary_50m,spatial,fold_4,M1,2,"{""C"": 10.0}",0,0.24812898067005404,846,87,2502cf0c9925b967146d29e9f184ea853b641463de27b4e304a442eb558b5159,1b007a7cb3fa76db95ea07a6344fb8360ed65faa97dee961fd8b766403cefe5b
primary_50m,spatial,fold_4,M1,2,"{""C"": 10.0}",1,0.7359801217529478,435,471,3b40e02385fe9b6f5ebc9a6df92628cb8f07d33ec70bc765a488943854472642,a459d5d435dc25482d735e12d16bc8a1dd302c1aba8b32c3f305361b6a13baa0
primary_50m,spatial,fold_4,M1,2,"{""C"": 10.0}",2,0.6101477023614592,673,235,056aacc1c4b7bdf9197555be3fe2666c7e200f9da60c4fbeedc38e22e5e9b6be,90604268e1eeb1ba7ddb06856a6c6ecfafb437111725fe554d7cb0650d548399
primary_50m,spatial,fold_4,M1,2,"{""C"": 10.0}",3,0.7961089814439244,755,145,c3a1d26e83b0f46d4d2c753201f9440d43a46c5d22460bf10e8baf3cf55368d5,2633b81347d801bceea5e86855860f8b6cf60edced61f327f877562e56330259
primary_50m,spatial,fold_4,M1,2,"{""C"": 10.0}",MEAN,0.5975914465570964,938,938,964fe2083835ff6c342d839dc6251c2d9d402c88c3092d6275df131538f4c0bb,
primary_50m,spatial,fold_4,M2,0,"{""max_depth"": 2, ""reg_lambda"": 10}",0,0.2418434352396183,846,87,2502cf0c9925b967146d29e9f184ea853b641463de27b4e304a442eb558b5159,1b007a7cb3fa76db95ea07a6344fb8360ed65faa97dee961fd8b766403cefe5b
primary_50m,spatial,fold_4,M2,0,"{""max_depth"": 2, ""reg_lambda"": 10}",1,0.7096261271711507,435,471,3b40e02385fe9b6f5ebc9a6df92628cb8f07d33ec70bc765a488943854472642,a459d5d435dc25482d735e12d16bc8a1dd302c1aba8b32c3f305361b6a13baa0
primary_50m,spatial,fold_4,M2,0,"{""max_depth"": 2, ""reg_lambda"": 10}",2,0.6069370733469208,673,235,056aacc1c4b7bdf9197555be3fe2666c7e200f9da60c4fbeedc38e22e5e9b6be,90604268e1eeb1ba7ddb06856a6c6ecfafb437111725fe554d7cb0650d548399
primary_50m,spatial,fold_4,M2,0,"{""max_depth"": 2, ""reg_lambda"": 10}",3,0.8072986477149114,755,145,c3a1d26e83b0f46d4d2c753201f9440d43a46c5d22460bf10e8baf3cf55368d5,2633b81347d801bceea5e86855860f8b6cf60edced61f327f877562e56330259
primary_50m,spatial,fold_4,M2,0,"{""max_depth"": 2, ""reg_lambda"": 10}",MEAN,0.5914263208681503,938,938,964fe2083835ff6c342d839dc6251c2d9d402c88c3092d6275df131538f4c0bb,
primary_50m,spatial,fold_4,M2,1,"{""max_depth"": 2, ""reg_lambda"": 1}",0,0.2336363429235602,846,87,2502cf0c9925b967146d29e9f184ea853b641463de27b4e304a442eb558b5159,1b007a7cb3fa76db95ea07a6344fb8360ed65faa97dee961fd8b766403cefe5b
primary_50m,spatial,fold_4,M2,1,"{""max_depth"": 2, ""reg_lambda"": 1}",1,0.7123838620221986,435,471,3b40e02385fe9b6f5ebc9a6df92628cb8f07d33ec70bc765a488943854472642,a459d5d435dc25482d735e12d16bc8a1dd302c1aba8b32c3f305361b6a13baa0
primary_50m,spatial,fold_4,M2,1,"{""max_depth"": 2, ""reg_lambda"": 1}",2,0.6153081630056467,673,235,056aacc1c4b7bdf9197555be3fe2666c7e200f9da60c4fbeedc38e22e5e9b6be,90604268e1eeb1ba7ddb06856a6c6ecfafb437111725fe554d7cb0650d548399
primary_50m,spatial,fold_4,M2,1,"{""max_depth"": 2, ""reg_lambda"": 1}",3,0.8276053432601276,755,145,c3a1d26e83b0f46d4d2c753201f9440d43a46c5d22460bf10e8baf3cf55368d5,2633b81347d801bceea5e86855860f8b6cf60edced61f327f877562e56330259
primary_50m,spatial,fold_4,M2,1,"{""max_depth"": 2, ""reg_lambda"": 1}",MEAN,0.5972334278028832,938,938,964fe2083835ff6c342d839dc6251c2d9d402c88c3092d6275df131538f4c0bb,
primary_50m,spatial,fold_4,M2,2,"{""max_depth"": 3, ""reg_lambda"": 10}",0,0.22642881535918155,846,87,2502cf0c9925b967146d29e9f184ea853b641463de27b4e304a442eb558b5159,1b007a7cb3fa76db95ea07a6344fb8360ed65faa97dee961fd8b766403cefe5b
primary_50m,spatial,fold_4,M2,2,"{""max_depth"": 3, ""reg_lambda"": 10}",1,0.701593599034459,435,471,3b40e02385fe9b6f5ebc9a6df92628cb8f07d33ec70bc765a488943854472642,a459d5d435dc25482d735e12d16bc8a1dd302c1aba8b32c3f305361b6a13baa0
primary_50m,spatial,fold_4,M2,2,"{""max_depth"": 3, ""reg_lambda"": 10}",2,0.6271482461106335,673,235,056aacc1c4b7bdf9197555be3fe2666c7e200f9da60c4fbeedc38e22e5e9b6be,90604268e1eeb1ba7ddb06856a6c6ecfafb437111725fe554d7cb0650d548399
primary_50m,spatial,fold_4,M2,2,"{""max_depth"": 3, ""reg_lambda"": 10}",3,0.8388111027554763,755,145,c3a1d26e83b0f46d4d2c753201f9440d43a46c5d22460bf10e8baf3cf55368d5,2633b81347d801bceea5e86855860f8b6cf60edced61f327f877562e56330259
primary_50m,spatial,fold_4,M2,2,"{""max_depth"": 3, ""reg_lambda"": 10}",MEAN,0.5984954408149376,938,938,964fe2083835ff6c342d839dc6251c2d9d402c88c3092d6275df131538f4c0bb,
primary_50m,spatial,fold_4,M2,3,"{""max_depth"": 3, ""reg_lambda"": 1}",0,0.18266983860877772,846,87,2502cf0c9925b967146d29e9f184ea853b641463de27b4e304a442eb558b5159,1b007a7cb3fa76db95ea07a6344fb8360ed65faa97dee961fd8b766403cefe5b
primary_50m,spatial,fold_4,M2,3,"{""max_depth"": 3, ""reg_lambda"": 1}",1,0.692601286026885,435,471,3b40e02385fe9b6f5ebc9a6df92628cb8f07d33ec70bc765a488943854472642,a459d5d435dc25482d735e12d16bc8a1dd302c1aba8b32c3f305361b6a13baa0
primary_50m,spatial,fold_4,M2,3,"{""max_depth"": 3, ""reg_lambda"": 1}",2,0.6036096026802273,673,235,056aacc1c4b7bdf9197555be3fe2666c7e200f9da60c4fbeedc38e22e5e9b6be,90604268e1eeb1ba7ddb06856a6c6ecfafb437111725fe554d7cb0650d548399
primary_50m,spatial,fold_4,M2,3,"{""max_depth"": 3, ""reg_lambda"": 1}",3,0.838392291162531,755,145,c3a1d26e83b0f46d4d2c753201f9440d43a46c5d22460bf10e8baf3cf55368d5,2633b81347d801bceea5e86855860f8b6cf60edced61f327f877562e56330259
primary_50m,spatial,fold_4,M2,3,"{""max_depth"": 3, ""reg_lambda"": 1}",MEAN,0.5793182546196052,938,938,964fe2083835ff6c342d839dc6251c2d9d402c88c3092d6275df131538f4c0bb,
primary_50m,leave_city_out,new_york_city,M0,0,{},0,0.19761904761904764,53,17,f3ee52405e0d325f5baf8d7ea494f4e8c5f3230561ec0ced863d8cd8753afb93,e353d37455319939c2e9e201d5a94e880f6b8ee4ac9f7a19a936a8ab13c34fae
primary_50m,leave_city_out,new_york_city,M0,0,{},1,0.39734394240788096,45,27,73fbcc733dbbe30ba136dc157aa9e752b81a037f1a8ef29fb0599251b94bba87,5a2c7c97163c272c0a4ae4447edd35d671dc83ea1d919e373fcdc2679b37eae0
primary_50m,leave_city_out,new_york_city,M0,0,{},2,0.22692307692307695,60,14,532b45838b41c6dc9700da73a044da4ea0ae19ecd81402f28106ca2ff74dfcb9,11b8d57fbe13447f5923d688e01c091fe56bc4111d5f0ef77a877dd2cb184e8d
primary_50m,leave_city_out,new_york_city,M0,0,{},3,0.4027777777777778,65,8,78a54bce5ff039c9341c66e72098abc14200280739f7d11346cc0752fd3aab49,653583388baf8fe0655e4666b2678431bca48b1fcbd259d36a48ac002f567cd1
primary_50m,leave_city_out,new_york_city,M0,0,{},4,0.25,65,9,1cbb71898bb2fe722fd1011cbc85cfdec565765dce0637eb52d705b7a502a30e,8e136feaacd58f9d044a88a4f433d56ba8b4eed91c47d09e38d88d7607578db7
primary_50m,leave_city_out,new_york_city,M0,0,{},MEAN,0.29493276894555664,75,75,4b07e38aa178d473616746c7fd9e2998b23db8ef8a244d2033c883d56f4e78af,
primary_50m,leave_city_out,new_york_city,M1,0,"{""C"": 0.1}",0,0.27677224736048267,53,17,f3ee52405e0d325f5baf8d7ea494f4e8c5f3230561ec0ced863d8cd8753afb93,e353d37455319939c2e9e201d5a94e880f6b8ee4ac9f7a19a936a8ab13c34fae
primary_50m,leave_city_out,new_york_city,M1,0,"{""C"": 0.1}",1,0.6489194139194139,45,27,73fbcc733dbbe30ba136dc157aa9e752b81a037f1a8ef29fb0599251b94bba87,5a2c7c97163c272c0a4ae4447edd35d671dc83ea1d919e373fcdc2679b37eae0
primary_50m,leave_city_out,new_york_city,M1,0,"{""C"": 0.1}",2,0.34523809523809523,60,14,532b45838b41c6dc9700da73a044da4ea0ae19ecd81402f28106ca2ff74dfcb9,11b8d57fbe13447f5923d688e01c091fe56bc4111d5f0ef77a877dd2cb184e8d
primary_50m,leave_city_out,new_york_city,M1,0,"{""C"": 0.1}",3,0.8333333333333333,65,8,78a54bce5ff039c9341c66e72098abc14200280739f7d11346cc0752fd3aab49,653583388baf8fe0655e4666b2678431bca48b1fcbd259d36a48ac002f567cd1
primary_50m,leave_city_out,new_york_city,M1,0,"{""C"": 0.1}",4,0.41666666666666663,65,9,1cbb71898bb2fe722fd1011cbc85cfdec565765dce0637eb52d705b7a502a30e,8e136feaacd58f9d044a88a4f433d56ba8b4eed91c47d09e38d88d7607578db7
primary_50m,leave_city_out,new_york_city,M1,0,"{""C"": 0.1}",MEAN,0.5041859513035983,75,75,4b07e38aa178d473616746c7fd9e2998b23db8ef8a244d2033c883d56f4e78af,
primary_50m,leave_city_out,new_york_city,M1,1,"{""C"": 1.0}",0,0.26715686274509803,53,17,f3ee52405e0d325f5baf8d7ea494f4e8c5f3230561ec0ced863d8cd8753afb93,e353d37455319939c2e9e201d5a94e880f6b8ee4ac9f7a19a936a8ab13c34fae
primary_50m,leave_city_out,new_york_city,M1,1,"{""C"": 1.0}",1,0.7725135975135975,45,27,73fbcc733dbbe30ba136dc157aa9e752b81a037f1a8ef29fb0599251b94bba87,5a2c7c97163c272c0a4ae4447edd35d671dc83ea1d919e373fcdc2679b37eae0
primary_50m,leave_city_out,new_york_city,M1,1,"{""C"": 1.0}",2,0.4888888888888888,60,14,532b45838b41c6dc9700da73a044da4ea0ae19ecd81402f28106ca2ff74dfcb9,11b8d57fbe13447f5923d688e01c091fe56bc4111d5f0ef77a877dd2cb184e8d
primary_50m,leave_city_out,new_york_city,M1,1,"{""C"": 1.0}",3,0.8333333333333333,65,8,78a54bce5ff039c9341c66e72098abc14200280739f7d11346cc0752fd3aab49,653583388baf8fe0655e4666b2678431bca48b1fcbd259d36a48ac002f567cd1
primary_50m,leave_city_out,new_york_city,M1,1,"{""C"": 1.0}",4,0.30952380952380953,65,9,1cbb71898bb2fe722fd1011cbc85cfdec565765dce0637eb52d705b7a502a30e,8e136feaacd58f9d044a88a4f433d56ba8b4eed91c47d09e38d88d7607578db7
primary_50m,leave_city_out,new_york_city,M1,1,"{""C"": 1.0}",MEAN,0.5342832984009454,75,75,4b07e38aa178d473616746c7fd9e2998b23db8ef8a244d2033c883d56f4e78af,
primary_50m,leave_city_out,new_york_city,M1,2,"{""C"": 10.0}",0,0.26715686274509803,53,17,f3ee52405e0d325f5baf8d7ea494f4e8c5f3230561ec0ced863d8cd8753afb93,e353d37455319939c2e9e201d5a94e880f6b8ee4ac9f7a19a936a8ab13c34fae
primary_50m,leave_city_out,new_york_city,M1,2,"{""C"": 10.0}",1,0.7697209653092005,45,27,73fbcc733dbbe30ba136dc157aa9e752b81a037f1a8ef29fb0599251b94bba87,5a2c7c97163c272c0a4ae4447edd35d671dc83ea1d919e373fcdc2679b37eae0
primary_50m,leave_city_out,new_york_city,M1,2,"{""C"": 10.0}",2,0.7222222222222222,60,14,532b45838b41c6dc9700da73a044da4ea0ae19ecd81402f28106ca2ff74dfcb9,11b8d57fbe13447f5923d688e01c091fe56bc4111d5f0ef77a877dd2cb184e8d
primary_50m,leave_city_out,new_york_city,M1,2,"{""C"": 10.0}",3,0.8333333333333333,65,8,78a54bce5ff039c9341c66e72098abc14200280739f7d11346cc0752fd3aab49,653583388baf8fe0655e4666b2678431bca48b1fcbd259d36a48ac002f567cd1
primary_50m,leave_city_out,new_york_city,M1,2,"{""C"": 10.0}",4,0.39285714285714285,65,9,1cbb71898bb2fe722fd1011cbc85cfdec565765dce0637eb52d705b7a502a30e,8e136feaacd58f9d044a88a4f433d56ba8b4eed91c47d09e38d88d7607578db7
primary_50m,leave_city_out,new_york_city,M1,2,"{""C"": 10.0}",MEAN,0.5970581052933993,75,75,4b07e38aa178d473616746c7fd9e2998b23db8ef8a244d2033c883d56f4e78af,
primary_50m,leave_city_out,new_york_city,M2,0,"{""max_depth"": 2, ""reg_lambda"": 10}",0,0.21060606060606063,53,17,f3ee52405e0d325f5baf8d7ea494f4e8c5f3230561ec0ced863d8cd8753afb93,e353d37455319939c2e9e201d5a94e880f6b8ee4ac9f7a19a936a8ab13c34fae
primary_50m,leave_city_out,new_york_city,M2,0,"{""max_depth"": 2, ""reg_lambda"": 10}",1,0.37037037037037035,45,27,73fbcc733dbbe30ba136dc157aa9e752b81a037f1a8ef29fb0599251b94bba87,5a2c7c97163c272c0a4ae4447edd35d671dc83ea1d919e373fcdc2679b37eae0
primary_50m,leave_city_out,new_york_city,M2,0,"{""max_depth"": 2, ""reg_lambda"": 10}",2,0.5333333333333333,60,14,532b45838b41c6dc9700da73a044da4ea0ae19ecd81402f28106ca2ff74dfcb9,11b8d57fbe13447f5923d688e01c091fe56bc4111d5f0ef77a877dd2cb184e8d
primary_50m,leave_city_out,new_york_city,M2,0,"{""max_depth"": 2, ""reg_lambda"": 10}",3,0.8095238095238095,65,8,78a54bce5ff039c9341c66e72098abc14200280739f7d11346cc0752fd3aab49,653583388baf8fe0655e4666b2678431bca48b1fcbd259d36a48ac002f567cd1
primary_50m,leave_city_out,new_york_city,M2,0,"{""max_depth"": 2, ""reg_lambda"": 10}",4,0.2777777777777778,65,9,1cbb71898bb2fe722fd1011cbc85cfdec565765dce0637eb52d705b7a502a30e,8e136feaacd58f9d044a88a4f433d56ba8b4eed91c47d09e38d88d7607578db7
primary_50m,leave_city_out,new_york_city,M2,0,"{""max_depth"": 2, ""reg_lambda"": 10}",MEAN,0.44032227032227034,75,75,4b07e38aa178d473616746c7fd9e2998b23db8ef8a244d2033c883d56f4e78af,
primary_50m,leave_city_out,new_york_city,M2,1,"{""max_depth"": 2, ""reg_lambda"": 1}",0,0.2142857142857143,53,17,f3ee52405e0d325f5baf8d7ea494f4e8c5f3230561ec0ced863d8cd8753afb93,e353d37455319939c2e9e201d5a94e880f6b8ee4ac9f7a19a936a8ab13c34fae
primary_50m,leave_city_out,new_york_city,M2,1,"{""max_depth"": 2, ""reg_lambda"": 1}",1,0.37037037037037035,45,27,73fbcc733dbbe30ba136dc157aa9e752b81a037f1a8ef29fb0599251b94bba87,5a2c7c97163c272c0a4ae4447edd35d671dc83ea1d919e373fcdc2679b37eae0
primary_50m,leave_city_out,new_york_city,M2,1,"{""max_depth"": 2, ""reg_lambda"": 1}",2,0.5888888888888888,60,14,532b45838b41c6dc9700da73a044da4ea0ae19ecd81402f28106ca2ff74dfcb9,11b8d57fbe13447f5923d688e01c091fe56bc4111d5f0ef77a877dd2cb184e8d
primary_50m,leave_city_out,new_york_city,M2,1,"{""max_depth"": 2, ""reg_lambda"": 1}",3,0.6984126984126984,65,8,78a54bce5ff039c9341c66e72098abc14200280739f7d11346cc0752fd3aab49,653583388baf8fe0655e4666b2678431bca48b1fcbd259d36a48ac002f567cd1
primary_50m,leave_city_out,new_york_city,M2,1,"{""max_depth"": 2, ""reg_lambda"": 1}",4,0.3611111111111111,65,9,1cbb71898bb2fe722fd1011cbc85cfdec565765dce0637eb52d705b7a502a30e,8e136feaacd58f9d044a88a4f433d56ba8b4eed91c47d09e38d88d7607578db7
primary_50m,leave_city_out,new_york_city,M2,1,"{""max_depth"": 2, ""reg_lambda"": 1}",MEAN,0.4466137566137566,75,75,4b07e38aa178d473616746c7fd9e2998b23db8ef8a244d2033c883d56f4e78af,
primary_50m,leave_city_out,new_york_city,M2,2,"{""max_depth"": 3, ""reg_lambda"": 10}",0,0.21060606060606063,53,17,f3ee52405e0d325f5baf8d7ea494f4e8c5f3230561ec0ced863d8cd8753afb93,e353d37455319939c2e9e201d5a94e880f6b8ee4ac9f7a19a936a8ab13c34fae
primary_50m,leave_city_out,new_york_city,M2,2,"{""max_depth"": 3, ""reg_lambda"": 10}",1,0.37037037037037035,45,27,73fbcc733dbbe30ba136dc157aa9e752b81a037f1a8ef29fb0599251b94bba87,5a2c7c97163c272c0a4ae4447edd35d671dc83ea1d919e373fcdc2679b37eae0
primary_50m,leave_city_out,new_york_city,M2,2,"{""max_depth"": 3, ""reg_lambda"": 10}",2,0.5333333333333333,60,14,532b45838b41c6dc9700da73a044da4ea0ae19ecd81402f28106ca2ff74dfcb9,11b8d57fbe13447f5923d688e01c091fe56bc4111d5f0ef77a877dd2cb184e8d
primary_50m,leave_city_out,new_york_city,M2,2,"{""max_depth"": 3, ""reg_lambda"": 10}",3,0.8095238095238095,65,8,78a54bce5ff039c9341c66e72098abc14200280739f7d11346cc0752fd3aab49,653583388baf8fe0655e4666b2678431bca48b1fcbd259d36a48ac002f567cd1
primary_50m,leave_city_out,new_york_city,M2,2,"{""max_depth"": 3, ""reg_lambda"": 10}",4,0.2777777777777778,65,9,1cbb71898bb2fe722fd1011cbc85cfdec565765dce0637eb52d705b7a502a30e,8e136feaacd58f9d044a88a4f433d56ba8b4eed91c47d09e38d88d7607578db7
primary_50m,leave_city_out,new_york_city,M2,2,"{""max_depth"": 3, ""reg_lambda"": 10}",MEAN,0.44032227032227034,75,75,4b07e38aa178d473616746c7fd9e2998b23db8ef8a244d2033c883d56f4e78af,
primary_50m,leave_city_out,new_york_city,M2,3,"{""max_depth"": 3, ""reg_lambda"": 1}",0,0.2142857142857143,53,17,f3ee52405e0d325f5baf8d7ea494f4e8c5f3230561ec0ced863d8cd8753afb93,e353d37455319939c2e9e201d5a94e880f6b8ee4ac9f7a19a936a8ab13c34fae
primary_50m,leave_city_out,new_york_city,M2,3,"{""max_depth"": 3, ""reg_lambda"": 1}",1,0.37037037037037035,45,27,73fbcc733dbbe30ba136dc157aa9e752b81a037f1a8ef29fb0599251b94bba87,5a2c7c97163c272c0a4ae4447edd35d671dc83ea1d919e373fcdc2679b37eae0
primary_50m,leave_city_out,new_york_city,M2,3,"{""max_depth"": 3, ""reg_lambda"": 1}",2,0.5888888888888888,60,14,532b45838b41c6dc9700da73a044da4ea0ae19ecd81402f28106ca2ff74dfcb9,11b8d57fbe13447f5923d688e01c091fe56bc4111d5f0ef77a877dd2cb184e8d
primary_50m,leave_city_out,new_york_city,M2,3,"{""max_depth"": 3, ""reg_lambda"": 1}",3,0.6984126984126984,65,8,78a54bce5ff039c9341c66e72098abc14200280739f7d11346cc0752fd3aab49,653583388baf8fe0655e4666b2678431bca48b1fcbd259d36a48ac002f567cd1
primary_50m,leave_city_out,new_york_city,M2,3,"{""max_depth"": 3, ""reg_lambda"": 1}",4,0.3611111111111111,65,9,1cbb71898bb2fe722fd1011cbc85cfdec565765dce0637eb52d705b7a502a30e,8e136feaacd58f9d044a88a4f433d56ba8b4eed91c47d09e38d88d7607578db7
primary_50m,leave_city_out,new_york_city,M2,3,"{""max_depth"": 3, ""reg_lambda"": 1}",MEAN,0.4466137566137566,75,75,4b07e38aa178d473616746c7fd9e2998b23db8ef8a244d2033c883d56f4e78af,
primary_50m,leave_city_out,buffalo,M0,0,{},0,0.21691676379176378,1074,72,671046a14446ff4015986ff5262aa3698381a3c2d59f4c64dab780141e9c6a8e,6ec3b019816e1672014f2b6c44139d77a453e8a723aa94c99ff1a339dc270ab2
primary_50m,leave_city_out,buffalo,M0,0,{},1,0.7404467708788887,630,462,206676a1f8fb0de7fd3881e543459e91841dc6823d88e14b853d0b3a35bb15f6,50e9c4f001ca1bfc479c6d714b059b22a4ee665e3f4652a57b7aab6f63934769
primary_50m,leave_city_out,buffalo,M0,0,{},2,0.5886869297843205,880,234,e050a2baada4ff941346efe32b5b49b3c5f0a2e3c20956c8af14a6455f9e976c,409c79794d38a24274df78762d0b1ba3b4cd6c0a5fbd0988a82afc694ef7732d
primary_50m,leave_city_out,buffalo,M0,0,{},3,0.7931393785255643,969,141,318dab8b80992d06d6ec7c7cc693bdad454aac3c5afdd86c1594a0cac149678b,0286f39a5636f04b9afb4b6bdfab7020561b6273fbd078045b744f20fcc2c79b
primary_50m,leave_city_out,buffalo,M0,0,{},4,0.7215415505244217,897,237,66317126577059cbd46aff8dbbe681694833a83155a328775c4fbe8631d69d2a,bc524ad27226077fc692991851c29694964ebc67e0b748288337c5284d584be1
primary_50m,leave_city_out,buffalo,M0,0,{},MEAN,0.6121462787009918,1146,1146,9dd1d722e953dca421a30bafacd210c5427ef16a1028f11b2a6137b168f0af9b,
primary_50m,leave_city_out,buffalo,M1,0,"{""C"": 0.1}",0,0.3320076475493727,1074,72,671046a14446ff4015986ff5262aa3698381a3c2d59f4c64dab780141e9c6a8e,6ec3b019816e1672014f2b6c44139d77a453e8a723aa94c99ff1a339dc270ab2
primary_50m,leave_city_out,buffalo,M1,0,"{""C"": 0.1}",1,0.7639385400680303,630,462,206676a1f8fb0de7fd3881e543459e91841dc6823d88e14b853d0b3a35bb15f6,50e9c4f001ca1bfc479c6d714b059b22a4ee665e3f4652a57b7aab6f63934769
primary_50m,leave_city_out,buffalo,M1,0,"{""C"": 0.1}",2,0.6314408783441601,880,234,e050a2baada4ff941346efe32b5b49b3c5f0a2e3c20956c8af14a6455f9e976c,409c79794d38a24274df78762d0b1ba3b4cd6c0a5fbd0988a82afc694ef7732d
primary_50m,leave_city_out,buffalo,M1,0,"{""C"": 0.1}",3,0.8055193733036862,969,141,318dab8b80992d06d6ec7c7cc693bdad454aac3c5afdd86c1594a0cac149678b,0286f39a5636f04b9afb4b6bdfab7020561b6273fbd078045b744f20fcc2c79b
primary_50m,leave_city_out,buffalo,M1,0,"{""C"": 0.1}",4,0.7238386575204387,897,237,66317126577059cbd46aff8dbbe681694833a83155a328775c4fbe8631d69d2a,bc524ad27226077fc692991851c29694964ebc67e0b748288337c5284d584be1
primary_50m,leave_city_out,buffalo,M1,0,"{""C"": 0.1}",MEAN,0.6513490193571376,1146,1146,9dd1d722e953dca421a30bafacd210c5427ef16a1028f11b2a6137b168f0af9b,
primary_50m,leave_city_out,buffalo,M1,1,"{""C"": 1.0}",0,0.3308858526775778,1074,72,671046a14446ff4015986ff5262aa3698381a3c2d59f4c64dab780141e9c6a8e,6ec3b019816e1672014f2b6c44139d77a453e8a723aa94c99ff1a339dc270ab2
primary_50m,leave_city_out,buffalo,M1,1,"{""C"": 1.0}",1,0.7674363375062428,630,462,206676a1f8fb0de7fd3881e543459e91841dc6823d88e14b853d0b3a35bb15f6,50e9c4f001ca1bfc479c6d714b059b22a4ee665e3f4652a57b7aab6f63934769
primary_50m,leave_city_out,buffalo,M1,1,"{""C"": 1.0}",2,0.6188789348233573,880,234,e050a2baada4ff941346efe32b5b49b3c5f0a2e3c20956c8af14a6455f9e976c,409c79794d38a24274df78762d0b1ba3b4cd6c0a5fbd0988a82afc694ef7732d
primary_50m,leave_city_out,buffalo,M1,1,"{""C"": 1.0}",3,0.8041856166249239,969,141,318dab8b80992d06d6ec7c7cc693bdad454aac3c5afdd86c1594a0cac149678b,0286f39a5636f04b9afb4b6bdfab7020561b6273fbd078045b744f20fcc2c79b
primary_50m,leave_city_out,buffalo,M1,1,"{""C"": 1.0}",4,0.7190082387520006,897,237,66317126577059cbd46aff8dbbe681694833a83155a328775c4fbe8631d69d2a,bc524ad27226077fc692991851c29694964ebc67e0b748288337c5284d584be1
primary_50m,leave_city_out,buffalo,M1,1,"{""C"": 1.0}",MEAN,0.6480789960768205,1146,1146,9dd1d722e953dca421a30bafacd210c5427ef16a1028f11b2a6137b168f0af9b,
primary_50m,leave_city_out,buffalo,M1,2,"{""C"": 10.0}",0,0.3308858526775778,1074,72,671046a14446ff4015986ff5262aa3698381a3c2d59f4c64dab780141e9c6a8e,6ec3b019816e1672014f2b6c44139d77a453e8a723aa94c99ff1a339dc270ab2
primary_50m,leave_city_out,buffalo,M1,2,"{""C"": 10.0}",1,0.768242454589911,630,462,206676a1f8fb0de7fd3881e543459e91841dc6823d88e14b853d0b3a35bb15f6,50e9c4f001ca1bfc479c6d714b059b22a4ee665e3f4652a57b7aab6f63934769
primary_50m,leave_city_out,buffalo,M1,2,"{""C"": 10.0}",2,0.6167625304887108,880,234,e050a2baada4ff941346efe32b5b49b3c5f0a2e3c20956c8af14a6455f9e976c,409c79794d38a24274df78762d0b1ba3b4cd6c0a5fbd0988a82afc694ef7732d
primary_50m,leave_city_out,buffalo,M1,2,"{""C"": 10.0}",3,0.8054961190657456,969,141,318dab8b80992d06d6ec7c7cc693bdad454aac3c5afdd86c1594a0cac149678b,0286f39a5636f04b9afb4b6bdfab7020561b6273fbd078045b744f20fcc2c79b
primary_50m,leave_city_out,buffalo,M1,2,"{""C"": 10.0}",4,0.7181664305319135,897,237,66317126577059cbd46aff8dbbe681694833a83155a328775c4fbe8631d69d2a,bc524ad27226077fc692991851c29694964ebc67e0b748288337c5284d584be1
primary_50m,leave_city_out,buffalo,M1,2,"{""C"": 10.0}",MEAN,0.6479106774707718,1146,1146,9dd1d722e953dca421a30bafacd210c5427ef16a1028f11b2a6137b168f0af9b,
primary_50m,leave_city_out,buffalo,M2,0,"{""max_depth"": 2, ""reg_lambda"": 10}",0,0.3003209878889227,1074,72,671046a14446ff4015986ff5262aa3698381a3c2d59f4c64dab780141e9c6a8e,6ec3b019816e1672014f2b6c44139d77a453e8a723aa94c99ff1a339dc270ab2
primary_50m,leave_city_out,buffalo,M2,0,"{""max_depth"": 2, ""reg_lambda"": 10}",1,0.7277167159519337,630,462,206676a1f8fb0de7fd3881e543459e91841dc6823d88e14b853d0b3a35bb15f6,50e9c4f001ca1bfc479c6d714b059b22a4ee665e3f4652a57b7aab6f63934769
primary_50m,leave_city_out,buffalo,M2,0,"{""max_depth"": 2, ""reg_lambda"": 10}",2,0.6315387875929184,880,234,e050a2baada4ff941346efe32b5b49b3c5f0a2e3c20956c8af14a6455f9e976c,409c79794d38a24274df78762d0b1ba3b4cd6c0a5fbd0988a82afc694ef7732d
primary_50m,leave_city_out,buffalo,M2,0,"{""max_depth"": 2, ""reg_lambda"": 10}",3,0.8186617211686389,969,141,318dab8b80992d06d6ec7c7cc693bdad454aac3c5afdd86c1594a0cac149678b,0286f39a5636f04b9afb4b6bdfab7020561b6273fbd078045b744f20fcc2c79b
primary_50m,leave_city_out,buffalo,M2,0,"{""max_depth"": 2, ""reg_lambda"": 10}",4,0.7330574432504111,897,237,66317126577059cbd46aff8dbbe681694833a83155a328775c4fbe8631d69d2a,bc524ad27226077fc692991851c29694964ebc67e0b748288337c5284d584be1
primary_50m,leave_city_out,buffalo,M2,0,"{""max_depth"": 2, ""reg_lambda"": 10}",MEAN,0.642259131170565,1146,1146,9dd1d722e953dca421a30bafacd210c5427ef16a1028f11b2a6137b168f0af9b,
primary_50m,leave_city_out,buffalo,M2,1,"{""max_depth"": 2, ""reg_lambda"": 1}",0,0.32166422798216276,1074,72,671046a14446ff4015986ff5262aa3698381a3c2d59f4c64dab780141e9c6a8e,6ec3b019816e1672014f2b6c44139d77a453e8a723aa94c99ff1a339dc270ab2
primary_50m,leave_city_out,buffalo,M2,1,"{""max_depth"": 2, ""reg_lambda"": 1}",1,0.7420690388013678,630,462,206676a1f8fb0de7fd3881e543459e91841dc6823d88e14b853d0b3a35bb15f6,50e9c4f001ca1bfc479c6d714b059b22a4ee665e3f4652a57b7aab6f63934769
primary_50m,leave_city_out,buffalo,M2,1,"{""max_depth"": 2, ""reg_lambda"": 1}",2,0.6221795234563738,880,234,e050a2baada4ff941346efe32b5b49b3c5f0a2e3c20956c8af14a6455f9e976c,409c79794d38a24274df78762d0b1ba3b4cd6c0a5fbd0988a82afc694ef7732d
primary_50m,leave_city_out,buffalo,M2,1,"{""max_depth"": 2, ""reg_lambda"": 1}",3,0.825665247128882,969,141,318dab8b80992d06d6ec7c7cc693bdad454aac3c5afdd86c1594a0cac149678b,0286f39a5636f04b9afb4b6bdfab7020561b6273fbd078045b744f20fcc2c79b
primary_50m,leave_city_out,buffalo,M2,1,"{""max_depth"": 2, ""reg_lambda"": 1}",4,0.7378130598333134,897,237,66317126577059cbd46aff8dbbe681694833a83155a328775c4fbe8631d69d2a,bc524ad27226077fc692991851c29694964ebc67e0b748288337c5284d584be1
primary_50m,leave_city_out,buffalo,M2,1,"{""max_depth"": 2, ""reg_lambda"": 1}",MEAN,0.64987821944042,1146,1146,9dd1d722e953dca421a30bafacd210c5427ef16a1028f11b2a6137b168f0af9b,
primary_50m,leave_city_out,buffalo,M2,2,"{""max_depth"": 3, ""reg_lambda"": 10}",0,0.32400210084033615,1074,72,671046a14446ff4015986ff5262aa3698381a3c2d59f4c64dab780141e9c6a8e,6ec3b019816e1672014f2b6c44139d77a453e8a723aa94c99ff1a339dc270ab2
primary_50m,leave_city_out,buffalo,M2,2,"{""max_depth"": 3, ""reg_lambda"": 10}",1,0.7054125497587438,630,462,206676a1f8fb0de7fd3881e543459e91841dc6823d88e14b853d0b3a35bb15f6,50e9c4f001ca1bfc479c6d714b059b22a4ee665e3f4652a57b7aab6f63934769
primary_50m,leave_city_out,buffalo,M2,2,"{""max_depth"": 3, ""reg_lambda"": 10}",2,0.6305360883145844,880,234,e050a2baada4ff941346efe32b5b49b3c5f0a2e3c20956c8af14a6455f9e976c,409c79794d38a24274df78762d0b1ba3b4cd6c0a5fbd0988a82afc694ef7732d
primary_50m,leave_city_out,buffalo,M2,2,"{""max_depth"": 3, ""reg_lambda"": 10}",3,0.8338186942607588,969,141,318dab8b80992d06d6ec7c7cc693bdad454aac3c5afdd86c1594a0cac149678b,0286f39a5636f04b9afb4b6bdfab7020561b6273fbd078045b744f20fcc2c79b
primary_50m,leave_city_out,buffalo,M2,2,"{""max_depth"": 3, ""reg_lambda"": 10}",4,0.7309743438164336,897,237,66317126577059cbd46aff8dbbe681694833a83155a328775c4fbe8631d69d2a,bc524ad27226077fc692991851c29694964ebc67e0b748288337c5284d584be1
primary_50m,leave_city_out,buffalo,M2,2,"{""max_depth"": 3, ""reg_lambda"": 10}",MEAN,0.6449487553981713,1146,1146,9dd1d722e953dca421a30bafacd210c5427ef16a1028f11b2a6137b168f0af9b,
primary_50m,leave_city_out,buffalo,M2,3,"{""max_depth"": 3, ""reg_lambda"": 1}",0,0.3407132083602672,1074,72,671046a14446ff4015986ff5262aa3698381a3c2d59f4c64dab780141e9c6a8e,6ec3b019816e1672014f2b6c44139d77a453e8a723aa94c99ff1a339dc270ab2
primary_50m,leave_city_out,buffalo,M2,3,"{""max_depth"": 3, ""reg_lambda"": 1}",1,0.7246590652426542,630,462,206676a1f8fb0de7fd3881e543459e91841dc6823d88e14b853d0b3a35bb15f6,50e9c4f001ca1bfc479c6d714b059b22a4ee665e3f4652a57b7aab6f63934769
primary_50m,leave_city_out,buffalo,M2,3,"{""max_depth"": 3, ""reg_lambda"": 1}",2,0.6019386303617678,880,234,e050a2baada4ff941346efe32b5b49b3c5f0a2e3c20956c8af14a6455f9e976c,409c79794d38a24274df78762d0b1ba3b4cd6c0a5fbd0988a82afc694ef7732d
primary_50m,leave_city_out,buffalo,M2,3,"{""max_depth"": 3, ""reg_lambda"": 1}",3,0.8194325800721174,969,141,318dab8b80992d06d6ec7c7cc693bdad454aac3c5afdd86c1594a0cac149678b,0286f39a5636f04b9afb4b6bdfab7020561b6273fbd078045b744f20fcc2c79b
primary_50m,leave_city_out,buffalo,M2,3,"{""max_depth"": 3, ""reg_lambda"": 1}",4,0.7193710922247378,897,237,66317126577059cbd46aff8dbbe681694833a83155a328775c4fbe8631d69d2a,bc524ad27226077fc692991851c29694964ebc67e0b748288337c5284d584be1
primary_50m,leave_city_out,buffalo,M2,3,"{""max_depth"": 3, ""reg_lambda"": 1}",MEAN,0.6412229152523089,1146,1146,9dd1d722e953dca421a30bafacd210c5427ef16a1028f11b2a6137b168f0af9b,
primary_50m,leave_city_out,rochester,M0,0,{},0,0.19533526783074068,1073,85,7f0f18459696577fc6f1bef5ec01ac3903fe8980f370a669c39609e27c6f6285,a08aae971d36119e88159fb2bc2a023e97a48222682fd74656303efcb37c1133
primary_50m,leave_city_out,rochester,M0,0,{},1,0.7388882488480508,633,473,8eaa7b5a3d80ec44fc9bc7149845fa63563319a4388f90316d589be11fc22238,7e86f55b9aded5a04a8d086ebadfe9aa4fab584a501d0bcef3b6c1a09300b28f
primary_50m,leave_city_out,rochester,M0,0,{},2,0.6015942926991122,906,226,39a293a8bb8266f15542023b91b4086afd6b4b647187b855182be129664a4477,1bf36cf2f0fbda4789915d1de30950c1b3be47bd8a1e6f3681c08a755bfc871d
primary_50m,leave_city_out,rochester,M0,0,{},3,0.7936211980007029,984,141,b1cebb051688ab4b4971132f4183c70f371c36b1d79c126429f74ea8e72a4d1e,149197e5fa72e48c82d7d99d1a07fb70a032d2a99b45962a60009dff629e6060
primary_50m,leave_city_out,rochester,M0,0,{},4,0.7214236435010074,914,238,f0fe70c73667b75ef63e488f6c2e1a3dc188ca42928198ec8c7716463cd43b31,e4349262ae92e0c3c6e2b83af094d74f382af17820f75b3797f4d8394f24926b
primary_50m,leave_city_out,rochester,M0,0,{},MEAN,0.6101725301759229,1163,1163,566b48ff0ff88800a77fd1aa0670f084181be443c320f83f3a0189e2aa67d26d,
primary_50m,leave_city_out,rochester,M1,0,"{""C"": 0.1}",0,0.26409210179530623,1073,85,7f0f18459696577fc6f1bef5ec01ac3903fe8980f370a669c39609e27c6f6285,a08aae971d36119e88159fb2bc2a023e97a48222682fd74656303efcb37c1133
primary_50m,leave_city_out,rochester,M1,0,"{""C"": 0.1}",1,0.7486898461496228,633,473,8eaa7b5a3d80ec44fc9bc7149845fa63563319a4388f90316d589be11fc22238,7e86f55b9aded5a04a8d086ebadfe9aa4fab584a501d0bcef3b6c1a09300b28f
primary_50m,leave_city_out,rochester,M1,0,"{""C"": 0.1}",2,0.6229429936574892,906,226,39a293a8bb8266f15542023b91b4086afd6b4b647187b855182be129664a4477,1bf36cf2f0fbda4789915d1de30950c1b3be47bd8a1e6f3681c08a755bfc871d
primary_50m,leave_city_out,rochester,M1,0,"{""C"": 0.1}",3,0.8111432874149669,984,141,b1cebb051688ab4b4971132f4183c70f371c36b1d79c126429f74ea8e72a4d1e,149197e5fa72e48c82d7d99d1a07fb70a032d2a99b45962a60009dff629e6060
primary_50m,leave_city_out,rochester,M1,0,"{""C"": 0.1}",4,0.730244068811551,914,238,f0fe70c73667b75ef63e488f6c2e1a3dc188ca42928198ec8c7716463cd43b31,e4349262ae92e0c3c6e2b83af094d74f382af17820f75b3797f4d8394f24926b
primary_50m,leave_city_out,rochester,M1,0,"{""C"": 0.1}",MEAN,0.6354224595657871,1163,1163,566b48ff0ff88800a77fd1aa0670f084181be443c320f83f3a0189e2aa67d26d,
primary_50m,leave_city_out,rochester,M1,1,"{""C"": 1.0}",0,0.25189453235483306,1073,85,7f0f18459696577fc6f1bef5ec01ac3903fe8980f370a669c39609e27c6f6285,a08aae971d36119e88159fb2bc2a023e97a48222682fd74656303efcb37c1133
primary_50m,leave_city_out,rochester,M1,1,"{""C"": 1.0}",1,0.7489893604758948,633,473,8eaa7b5a3d80ec44fc9bc7149845fa63563319a4388f90316d589be11fc22238,7e86f55b9aded5a04a8d086ebadfe9aa4fab584a501d0bcef3b6c1a09300b28f
primary_50m,leave_city_out,rochester,M1,1,"{""C"": 1.0}",2,0.613336358302335,906,226,39a293a8bb8266f15542023b91b4086afd6b4b647187b855182be129664a4477,1bf36cf2f0fbda4789915d1de30950c1b3be47bd8a1e6f3681c08a755bfc871d
primary_50m,leave_city_out,rochester,M1,1,"{""C"": 1.0}",3,0.8117652928949275,984,141,b1cebb051688ab4b4971132f4183c70f371c36b1d79c126429f74ea8e72a4d1e,149197e5fa72e48c82d7d99d1a07fb70a032d2a99b45962a60009dff629e6060
primary_50m,leave_city_out,rochester,M1,1,"{""C"": 1.0}",4,0.7267116779966178,914,238,f0fe70c73667b75ef63e488f6c2e1a3dc188ca42928198ec8c7716463cd43b31,e4349262ae92e0c3c6e2b83af094d74f382af17820f75b3797f4d8394f24926b
primary_50m,leave_city_out,rochester,M1,1,"{""C"": 1.0}",MEAN,0.6305394444049217,1163,1163,566b48ff0ff88800a77fd1aa0670f084181be443c320f83f3a0189e2aa67d26d,
primary_50m,leave_city_out,rochester,M1,2,"{""C"": 10.0}",0,0.25189453235483306,1073,85,7f0f18459696577fc6f1bef5ec01ac3903fe8980f370a669c39609e27c6f6285,a08aae971d36119e88159fb2bc2a023e97a48222682fd74656303efcb37c1133
primary_50m,leave_city_out,rochester,M1,2,"{""C"": 10.0}",1,0.7490288488141263,633,473,8eaa7b5a3d80ec44fc9bc7149845fa63563319a4388f90316d589be11fc22238,7e86f55b9aded5a04a8d086ebadfe9aa4fab584a501d0bcef3b6c1a09300b28f
primary_50m,leave_city_out,rochester,M1,2,"{""C"": 10.0}",2,0.6128503983907442,906,226,39a293a8bb8266f15542023b91b4086afd6b4b647187b855182be129664a4477,1bf36cf2f0fbda4789915d1de30950c1b3be47bd8a1e6f3681c08a755bfc871d
primary_50m,leave_city_out,rochester,M1,2,"{""C"": 10.0}",3,0.8117273719723271,984,141,b1cebb051688ab4b4971132f4183c70f371c36b1d79c126429f74ea8e72a4d1e,149197e5fa72e48c82d7d99d1a07fb70a032d2a99b45962a60009dff629e6060
primary_50m,leave_city_out,rochester,M1,2,"{""C"": 10.0}",4,0.7265462271174028,914,238,f0fe70c73667b75ef63e488f6c2e1a3dc188ca42928198ec8c7716463cd43b31,e4349262ae92e0c3c6e2b83af094d74f382af17820f75b3797f4d8394f24926b
primary_50m,leave_city_out,rochester,M1,2,"{""C"": 10.0}",MEAN,0.6304094757298866,1163,1163,566b48ff0ff88800a77fd1aa0670f084181be443c320f83f3a0189e2aa67d26d,
primary_50m,leave_city_out,rochester,M2,0,"{""max_depth"": 2, ""reg_lambda"": 10}",0,0.21278443233175953,1073,85,7f0f18459696577fc6f1bef5ec01ac3903fe8980f370a669c39609e27c6f6285,a08aae971d36119e88159fb2bc2a023e97a48222682fd74656303efcb37c1133
primary_50m,leave_city_out,rochester,M2,0,"{""max_depth"": 2, ""reg_lambda"": 10}",1,0.7268487389381111,633,473,8eaa7b5a3d80ec44fc9bc7149845fa63563319a4388f90316d589be11fc22238,7e86f55b9aded5a04a8d086ebadfe9aa4fab584a501d0bcef3b6c1a09300b28f
primary_50m,leave_city_out,rochester,M2,0,"{""max_depth"": 2, ""reg_lambda"": 10}",2,0.6407061672162309,906,226,39a293a8bb8266f15542023b91b4086afd6b4b647187b855182be129664a4477,1bf36cf2f0fbda4789915d1de30950c1b3be47bd8a1e6f3681c08a755bfc871d
primary_50m,leave_city_out,rochester,M2,0,"{""max_depth"": 2, ""reg_lambda"": 10}",3,0.8207475347378882,984,141,b1cebb051688ab4b4971132f4183c70f371c36b1d79c126429f74ea8e72a4d1e,149197e5fa72e48c82d7d99d1a07fb70a032d2a99b45962a60009dff629e6060
primary_50m,leave_city_out,rochester,M2,0,"{""max_depth"": 2, ""reg_lambda"": 10}",4,0.7183745140569374,914,238,f0fe70c73667b75ef63e488f6c2e1a3dc188ca42928198ec8c7716463cd43b31,e4349262ae92e0c3c6e2b83af094d74f382af17820f75b3797f4d8394f24926b
primary_50m,leave_city_out,rochester,M2,0,"{""max_depth"": 2, ""reg_lambda"": 10}",MEAN,0.6238922774561855,1163,1163,566b48ff0ff88800a77fd1aa0670f084181be443c320f83f3a0189e2aa67d26d,
primary_50m,leave_city_out,rochester,M2,1,"{""max_depth"": 2, ""reg_lambda"": 1}",0,0.2466601239708473,1073,85,7f0f18459696577fc6f1bef5ec01ac3903fe8980f370a669c39609e27c6f6285,a08aae971d36119e88159fb2bc2a023e97a48222682fd74656303efcb37c1133
primary_50m,leave_city_out,rochester,M2,1,"{""max_depth"": 2, ""reg_lambda"": 1}",1,0.7333401870270917,633,473,8eaa7b5a3d80ec44fc9bc7149845fa63563319a4388f90316d589be11fc22238,7e86f55b9aded5a04a8d086ebadfe9aa4fab584a501d0bcef3b6c1a09300b28f
primary_50m,leave_city_out,rochester,M2,1,"{""max_depth"": 2, ""reg_lambda"": 1}",2,0.633469737803807,906,226,39a293a8bb8266f15542023b91b4086afd6b4b647187b855182be129664a4477,1bf36cf2f0fbda4789915d1de30950c1b3be47bd8a1e6f3681c08a755bfc871d
primary_50m,leave_city_out,rochester,M2,1,"{""max_depth"": 2, ""reg_lambda"": 1}",3,0.8332519087710585,984,141,b1cebb051688ab4b4971132f4183c70f371c36b1d79c126429f74ea8e72a4d1e,149197e5fa72e48c82d7d99d1a07fb70a032d2a99b45962a60009dff629e6060
primary_50m,leave_city_out,rochester,M2,1,"{""max_depth"": 2, ""reg_lambda"": 1}",4,0.7379018255128826,914,238,f0fe70c73667b75ef63e488f6c2e1a3dc188ca42928198ec8c7716463cd43b31,e4349262ae92e0c3c6e2b83af094d74f382af17820f75b3797f4d8394f24926b
primary_50m,leave_city_out,rochester,M2,1,"{""max_depth"": 2, ""reg_lambda"": 1}",MEAN,0.6369247566171374,1163,1163,566b48ff0ff88800a77fd1aa0670f084181be443c320f83f3a0189e2aa67d26d,
primary_50m,leave_city_out,rochester,M2,2,"{""max_depth"": 3, ""reg_lambda"": 10}",0,0.22577548704186973,1073,85,7f0f18459696577fc6f1bef5ec01ac3903fe8980f370a669c39609e27c6f6285,a08aae971d36119e88159fb2bc2a023e97a48222682fd74656303efcb37c1133
primary_50m,leave_city_out,rochester,M2,2,"{""max_depth"": 3, ""reg_lambda"": 10}",1,0.6954391684125384,633,473,8eaa7b5a3d80ec44fc9bc7149845fa63563319a4388f90316d589be11fc22238,7e86f55b9aded5a04a8d086ebadfe9aa4fab584a501d0bcef3b6c1a09300b28f
primary_50m,leave_city_out,rochester,M2,2,"{""max_depth"": 3, ""reg_lambda"": 10}",2,0.6132029885921166,906,226,39a293a8bb8266f15542023b91b4086afd6b4b647187b855182be129664a4477,1bf36cf2f0fbda4789915d1de30950c1b3be47bd8a1e6f3681c08a755bfc871d
primary_50m,leave_city_out,rochester,M2,2,"{""max_depth"": 3, ""reg_lambda"": 10}",3,0.8382197406756882,984,141,b1cebb051688ab4b4971132f4183c70f371c36b1d79c126429f74ea8e72a4d1e,149197e5fa72e48c82d7d99d1a07fb70a032d2a99b45962a60009dff629e6060
primary_50m,leave_city_out,rochester,M2,2,"{""max_depth"": 3, ""reg_lambda"": 10}",4,0.7169872425770268,914,238,f0fe70c73667b75ef63e488f6c2e1a3dc188ca42928198ec8c7716463cd43b31,e4349262ae92e0c3c6e2b83af094d74f382af17820f75b3797f4d8394f24926b
primary_50m,leave_city_out,rochester,M2,2,"{""max_depth"": 3, ""reg_lambda"": 10}",MEAN,0.617924925459848,1163,1163,566b48ff0ff88800a77fd1aa0670f084181be443c320f83f3a0189e2aa67d26d,
primary_50m,leave_city_out,rochester,M2,3,"{""max_depth"": 3, ""reg_lambda"": 1}",0,0.29552307126165284,1073,85,7f0f18459696577fc6f1bef5ec01ac3903fe8980f370a669c39609e27c6f6285,a08aae971d36119e88159fb2bc2a023e97a48222682fd74656303efcb37c1133
primary_50m,leave_city_out,rochester,M2,3,"{""max_depth"": 3, ""reg_lambda"": 1}",1,0.7230712608774612,633,473,8eaa7b5a3d80ec44fc9bc7149845fa63563319a4388f90316d589be11fc22238,7e86f55b9aded5a04a8d086ebadfe9aa4fab584a501d0bcef3b6c1a09300b28f
primary_50m,leave_city_out,rochester,M2,3,"{""max_depth"": 3, ""reg_lambda"": 1}",2,0.6175800673412811,906,226,39a293a8bb8266f15542023b91b4086afd6b4b647187b855182be129664a4477,1bf36cf2f0fbda4789915d1de30950c1b3be47bd8a1e6f3681c08a755bfc871d
primary_50m,leave_city_out,rochester,M2,3,"{""max_depth"": 3, ""reg_lambda"": 1}",3,0.8387095568535241,984,141,b1cebb051688ab4b4971132f4183c70f371c36b1d79c126429f74ea8e72a4d1e,149197e5fa72e48c82d7d99d1a07fb70a032d2a99b45962a60009dff629e6060
primary_50m,leave_city_out,rochester,M2,3,"{""max_depth"": 3, ""reg_lambda"": 1}",4,0.7335973109885819,914,238,f0fe70c73667b75ef63e488f6c2e1a3dc188ca42928198ec8c7716463cd43b31,e4349262ae92e0c3c6e2b83af094d74f382af17820f75b3797f4d8394f24926b
primary_50m,leave_city_out,rochester,M2,3,"{""max_depth"": 3, ""reg_lambda"": 1}",MEAN,0.6416962534645002,1163,1163,566b48ff0ff88800a77fd1aa0670f084181be443c320f83f3a0189e2aa67d26d,
radius_25m,spatial,fold_0,M0,0,{},1,0.5583702389729488,569,477,17a5e53f46233dee377aeb2380eccf49461b3e71e55404caf0ffa601fa8b7075,f1293a4fca746c51f3c850a27fba5af34e647aad2430ec33864785b33a581f6b
radius_25m,spatial,fold_0,M0,0,{},2,0.37616098288475974,831,237,261455e102f6b71a18175b741422522ebe18e3b42b0fcbd953431f770d3ec3d0,efe591227166b872ea94a8c660e07c097d02b84086b60bc72a4108c9816dc163
radius_25m,spatial,fold_0,M0,0,{},3,0.5427719260087149,920,144,48b82b19bb788aff6c957b8ebbf3fd4a70ad0d6145a35258dcfbf5955f100073,ab3d116292cbaaabc1d797bfeca851bfa8627583ac8879964e65d3733c180e92
radius_25m,spatial,fold_0,M0,0,{},4,0.512998220432284,846,242,2502cf0c9925b967146d29e9f184ea853b641463de27b4e304a442eb558b5159,4df90deeb1a597a40e203989aae9cc0bf6fb7a993b92957260993e8d2f86756d
radius_25m,spatial,fold_0,M0,0,{},MEAN,0.4975753420746769,1100,1100,9bfb63a9b4e11d73994a2a418af4f3916a2b9145d3378cf0dc797c31216db51b,
radius_25m,spatial,fold_0,M1,0,"{""C"": 0.1}",1,0.5813206302395487,569,477,17a5e53f46233dee377aeb2380eccf49461b3e71e55404caf0ffa601fa8b7075,f1293a4fca746c51f3c850a27fba5af34e647aad2430ec33864785b33a581f6b
radius_25m,spatial,fold_0,M1,0,"{""C"": 0.1}",2,0.4022540110602918,831,237,261455e102f6b71a18175b741422522ebe18e3b42b0fcbd953431f770d3ec3d0,efe591227166b872ea94a8c660e07c097d02b84086b60bc72a4108c9816dc163
radius_25m,spatial,fold_0,M1,0,"{""C"": 0.1}",3,0.4870475122892617,920,144,48b82b19bb788aff6c957b8ebbf3fd4a70ad0d6145a35258dcfbf5955f100073,ab3d116292cbaaabc1d797bfeca851bfa8627583ac8879964e65d3733c180e92
radius_25m,spatial,fold_0,M1,0,"{""C"": 0.1}",4,0.5356152126052618,846,242,2502cf0c9925b967146d29e9f184ea853b641463de27b4e304a442eb558b5159,4df90deeb1a597a40e203989aae9cc0bf6fb7a993b92957260993e8d2f86756d
radius_25m,spatial,fold_0,M1,0,"{""C"": 0.1}",MEAN,0.501559341548591,1100,1100,9bfb63a9b4e11d73994a2a418af4f3916a2b9145d3378cf0dc797c31216db51b,
radius_25m,spatial,fold_0,M1,1,"{""C"": 1.0}",1,0.5812530415414605,569,477,17a5e53f46233dee377aeb2380eccf49461b3e71e55404caf0ffa601fa8b7075,f1293a4fca746c51f3c850a27fba5af34e647aad2430ec33864785b33a581f6b
radius_25m,spatial,fold_0,M1,1,"{""C"": 1.0}",2,0.3966826235192382,831,237,261455e102f6b71a18175b741422522ebe18e3b42b0fcbd953431f770d3ec3d0,efe591227166b872ea94a8c660e07c097d02b84086b60bc72a4108c9816dc163
radius_25m,spatial,fold_0,M1,1,"{""C"": 1.0}",3,0.49382009513347536,920,144,48b82b19bb788aff6c957b8ebbf3fd4a70ad0d6145a35258dcfbf5955f100073,ab3d116292cbaaabc1d797bfeca851bfa8627583ac8879964e65d3733c180e92
radius_25m,spatial,fold_0,M1,1,"{""C"": 1.0}",4,0.5349329173992893,846,242,2502cf0c9925b967146d29e9f184ea853b641463de27b4e304a442eb558b5159,4df90deeb1a597a40e203989aae9cc0bf6fb7a993b92957260993e8d2f86756d
radius_25m,spatial,fold_0,M1,1,"{""C"": 1.0}",MEAN,0.5016721693983659,1100,1100,9bfb63a9b4e11d73994a2a418af4f3916a2b9145d3378cf0dc797c31216db51b,
radius_25m,spatial,fold_0,M1,2,"{""C"": 10.0}",1,0.5807870674448813,569,477,17a5e53f46233dee377aeb2380eccf49461b3e71e55404caf0ffa601fa8b7075,f1293a4fca746c51f3c850a27fba5af34e647aad2430ec33864785b33a581f6b
radius_25m,spatial,fold_0,M1,2,"{""C"": 10.0}",2,0.39070251804542633,831,237,261455e102f6b71a18175b741422522ebe18e3b42b0fcbd953431f770d3ec3d0,efe591227166b872ea94a8c660e07c097d02b84086b60bc72a4108c9816dc163
radius_25m,spatial,fold_0,M1,2,"{""C"": 10.0}",3,0.4941451838143942,920,144,48b82b19bb788aff6c957b8ebbf3fd4a70ad0d6145a35258dcfbf5955f100073,ab3d116292cbaaabc1d797bfeca851bfa8627583ac8879964e65d3733c180e92
radius_25m,spatial,fold_0,M1,2,"{""C"": 10.0}",4,0.5382922886918514,846,242,2502cf0c9925b967146d29e9f184ea853b641463de27b4e304a442eb558b5159,4df90deeb1a597a40e203989aae9cc0bf6fb7a993b92957260993e8d2f86756d
radius_25m,spatial,fold_0,M1,2,"{""C"": 10.0}",MEAN,0.5009817644991383,1100,1100,9bfb63a9b4e11d73994a2a418af4f3916a2b9145d3378cf0dc797c31216db51b,
radius_25m,spatial,fold_0,M2,0,"{""max_depth"": 2, ""reg_lambda"": 10}",1,0.5279940078765677,569,477,17a5e53f46233dee377aeb2380eccf49461b3e71e55404caf0ffa601fa8b7075,f1293a4fca746c51f3c850a27fba5af34e647aad2430ec33864785b33a581f6b
radius_25m,spatial,fold_0,M2,0,"{""max_depth"": 2, ""reg_lambda"": 10}",2,0.3629397002046314,831,237,261455e102f6b71a18175b741422522ebe18e3b42b0fcbd953431f770d3ec3d0,efe591227166b872ea94a8c660e07c097d02b84086b60bc72a4108c9816dc163
radius_25m,spatial,fold_0,M2,0,"{""max_depth"": 2, ""reg_lambda"": 10}",3,0.476209706612873,920,144,48b82b19bb788aff6c957b8ebbf3fd4a70ad0d6145a35258dcfbf5955f100073,ab3d116292cbaaabc1d797bfeca851bfa8627583ac8879964e65d3733c180e92
radius_25m,spatial,fold_0,M2,0,"{""max_depth"": 2, ""reg_lambda"": 10}",4,0.5033461629148945,846,242,2502cf0c9925b967146d29e9f184ea853b641463de27b4e304a442eb558b5159,4df90deeb1a597a40e203989aae9cc0bf6fb7a993b92957260993e8d2f86756d
radius_25m,spatial,fold_0,M2,0,"{""max_depth"": 2, ""reg_lambda"": 10}",MEAN,0.4676223944022416,1100,1100,9bfb63a9b4e11d73994a2a418af4f3916a2b9145d3378cf0dc797c31216db51b,
radius_25m,spatial,fold_0,M2,1,"{""max_depth"": 2, ""reg_lambda"": 1}",1,0.5431127795321371,569,477,17a5e53f46233dee377aeb2380eccf49461b3e71e55404caf0ffa601fa8b7075,f1293a4fca746c51f3c850a27fba5af34e647aad2430ec33864785b33a581f6b
radius_25m,spatial,fold_0,M2,1,"{""max_depth"": 2, ""reg_lambda"": 1}",2,0.33613735535019884,831,237,261455e102f6b71a18175b741422522ebe18e3b42b0fcbd953431f770d3ec3d0,efe591227166b872ea94a8c660e07c097d02b84086b60bc72a4108c9816dc163
radius_25m,spatial,fold_0,M2,1,"{""max_depth"": 2, ""reg_lambda"": 1}",3,0.47567348606649357,920,144,48b82b19bb788aff6c957b8ebbf3fd4a70ad0d6145a35258dcfbf5955f100073,ab3d116292cbaaabc1d797bfeca851bfa8627583ac8879964e65d3733c180e92
radius_25m,spatial,fold_0,M2,1,"{""max_depth"": 2, ""reg_lambda"": 1}",4,0.46848452568966836,846,242,2502cf0c9925b967146d29e9f184ea853b641463de27b4e304a442eb558b5159,4df90deeb1a597a40e203989aae9cc0bf6fb7a993b92957260993e8d2f86756d
radius_25m,spatial,fold_0,M2,1,"{""max_depth"": 2, ""reg_lambda"": 1}",MEAN,0.4558520366596245,1100,1100,9bfb63a9b4e11d73994a2a418af4f3916a2b9145d3378cf0dc797c31216db51b,
radius_25m,spatial,fold_0,M2,2,"{""max_depth"": 3, ""reg_lambda"": 10}",1,0.5421243570215932,569,477,17a5e53f46233dee377aeb2380eccf49461b3e71e55404caf0ffa601fa8b7075,f1293a4fca746c51f3c850a27fba5af34e647aad2430ec33864785b33a581f6b
radius_25m,spatial,fold_0,M2,2,"{""max_depth"": 3, ""reg_lambda"": 10}",2,0.3630118050260629,831,237,261455e102f6b71a18175b741422522ebe18e3b42b0fcbd953431f770d3ec3d0,efe591227166b872ea94a8c660e07c097d02b84086b60bc72a4108c9816dc163
radius_25m,spatial,fold_0,M2,2,"{""max_depth"": 3, ""reg_lambda"": 10}",3,0.4985789724248304,920,144,48b82b19bb788aff6c957b8ebbf3fd4a70ad0d6145a35258dcfbf5955f100073,ab3d116292cbaaabc1d797bfeca851bfa8627583ac8879964e65d3733c180e92
radius_25m,spatial,fold_0,M2,2,"{""max_depth"": 3, ""reg_lambda"": 10}",4,0.4718146907784281,846,242,2502cf0c9925b967146d29e9f184ea853b641463de27b4e304a442eb558b5159,4df90deeb1a597a40e203989aae9cc0bf6fb7a993b92957260993e8d2f86756d
radius_25m,spatial,fold_0,M2,2,"{""max_depth"": 3, ""reg_lambda"": 10}",MEAN,0.4688824563127286,1100,1100,9bfb63a9b4e11d73994a2a418af4f3916a2b9145d3378cf0dc797c31216db51b,
radius_25m,spatial,fold_0,M2,3,"{""max_depth"": 3, ""reg_lambda"": 1}",1,0.5322066146324932,569,477,17a5e53f46233dee377aeb2380eccf49461b3e71e55404caf0ffa601fa8b7075,f1293a4fca746c51f3c850a27fba5af34e647aad2430ec33864785b33a581f6b
radius_25m,spatial,fold_0,M2,3,"{""max_depth"": 3, ""reg_lambda"": 1}",2,0.3258623672188583,831,237,261455e102f6b71a18175b741422522ebe18e3b42b0fcbd953431f770d3ec3d0,efe591227166b872ea94a8c660e07c097d02b84086b60bc72a4108c9816dc163
radius_25m,spatial,fold_0,M2,3,"{""max_depth"": 3, ""reg_lambda"": 1}",3,0.4633955798223644,920,144,48b82b19bb788aff6c957b8ebbf3fd4a70ad0d6145a35258dcfbf5955f100073,ab3d116292cbaaabc1d797bfeca851bfa8627583ac8879964e65d3733c180e92
radius_25m,spatial,fold_0,M2,3,"{""max_depth"": 3, ""reg_lambda"": 1}",4,0.4568015186154878,846,242,2502cf0c9925b967146d29e9f184ea853b641463de27b4e304a442eb558b5159,4df90deeb1a597a40e203989aae9cc0bf6fb7a993b92957260993e8d2f86756d
radius_25m,spatial,fold_0,M2,3,"{""max_depth"": 3, ""reg_lambda"": 1}",MEAN,0.4445665200723009,1100,1100,9bfb63a9b4e11d73994a2a418af4f3916a2b9145d3378cf0dc797c31216db51b,
radius_25m,spatial,fold_1,M0,0,{},0,0.08755862193362193,569,84,17a5e53f46233dee377aeb2380eccf49461b3e71e55404caf0ffa601fa8b7075,c71a7a0d4c4c0622319806aa072f6897457234468a65eb5bb258d6120ba2c607
radius_25m,spatial,fold_1,M0,0,{},2,0.385329329615365,431,221,9984ae049880c31822658ff5ded2f86e69a13ee4ef6f80a00c06c0334547344c,36b493e627f5002bd25109ed081931cbf8127a5f80499314d0ab965d41ef25e0
radius_25m,spatial,fold_1,M0,0,{},3,0.5580823121464514,520,132,47cde922aa0c58cbf104c0f4ecf2bcc5e94aa60dcb5cb61c3d4ed82dfb05a03b,d96cddebe5f965cc7f663e6f1e163296fd9266d8da7158e211de40d2fbe7dc72
radius_25m,spatial,fold_1,M0,0,{},4,0.5666337579677887,435,217,3b40e02385fe9b6f5ebc9a6df92628cb8f07d33ec70bc765a488943854472642,352446c1a79a8f44ed254cf6e0decfd3c785fde5b13665bed51ee7a52fa3c3df
radius_25m,spatial,fold_1,M0,0,{},MEAN,0.39940100541580675,654,654,5cc671ec6dd57e54e630fbf5cc24746673f6addddd356e41a63cfb30655c1d6a,
radius_25m,spatial,fold_1,M1,0,"{""C"": 0.1}",0,0.2657828282828283,569,84,17a5e53f46233dee377aeb2380eccf49461b3e71e55404caf0ffa601fa8b7075,c71a7a0d4c4c0622319806aa072f6897457234468a65eb5bb258d6120ba2c607
radius_25m,spatial,fold_1,M1,0,"{""C"": 0.1}",2,0.37141102187676533,431,221,9984ae049880c31822658ff5ded2f86e69a13ee4ef6f80a00c06c0334547344c,36b493e627f5002bd25109ed081931cbf8127a5f80499314d0ab965d41ef25e0
radius_25m,spatial,fold_1,M1,0,"{""C"": 0.1}",3,0.5122375277127748,520,132,47cde922aa0c58cbf104c0f4ecf2bcc5e94aa60dcb5cb61c3d4ed82dfb05a03b,d96cddebe5f965cc7f663e6f1e163296fd9266d8da7158e211de40d2fbe7dc72
radius_25m,spatial,fold_1,M1,0,"{""C"": 0.1}",4,0.5114099529303027,435,217,3b40e02385fe9b6f5ebc9a6df92628cb8f07d33ec70bc765a488943854472642,352446c1a79a8f44ed254cf6e0decfd3c785fde5b13665bed51ee7a52fa3c3df
radius_25m,spatial,fold_1,M1,0,"{""C"": 0.1}",MEAN,0.41521033270066776,654,654,5cc671ec6dd57e54e630fbf5cc24746673f6addddd356e41a63cfb30655c1d6a,
radius_25m,spatial,fold_1,M1,1,"{""C"": 1.0}",0,0.25923913043478264,569,84,17a5e53f46233dee377aeb2380eccf49461b3e71e55404caf0ffa601fa8b7075,c71a7a0d4c4c0622319806aa072f6897457234468a65eb5bb258d6120ba2c607
radius_25m,spatial,fold_1,M1,1,"{""C"": 1.0}",2,0.3449821701320538,431,221,9984ae049880c31822658ff5ded2f86e69a13ee4ef6f80a00c06c0334547344c,36b493e627f5002bd25109ed081931cbf8127a5f80499314d0ab965d41ef25e0
radius_25m,spatial,fold_1,M1,1,"{""C"": 1.0}",3,0.5179917091982571,520,132,47cde922aa0c58cbf104c0f4ecf2bcc5e94aa60dcb5cb61c3d4ed82dfb05a03b,d96cddebe5f965cc7f663e6f1e163296fd9266d8da7158e211de40d2fbe7dc72
radius_25m,spatial,fold_1,M1,1,"{""C"": 1.0}",4,0.4918468090696961,435,217,3b40e02385fe9b6f5ebc9a6df92628cb8f07d33ec70bc765a488943854472642,352446c1a79a8f44ed254cf6e0decfd3c785fde5b13665bed51ee7a52fa3c3df
radius_25m,spatial,fold_1,M1,1,"{""C"": 1.0}",MEAN,0.4035149547086974,654,654,5cc671ec6dd57e54e630fbf5cc24746673f6addddd356e41a63cfb30655c1d6a,
radius_25m,spatial,fold_1,M1,2,"{""C"": 10.0}",0,0.25469367588932806,569,84,17a5e53f46233dee377aeb2380eccf49461b3e71e55404caf0ffa601fa8b7075,c71a7a0d4c4c0622319806aa072f6897457234468a65eb5bb258d6120ba2c607
radius_25m,spatial,fold_1,M1,2,"{""C"": 10.0}",2,0.3410112705464876,431,221,9984ae049880c31822658ff5ded2f86e69a13ee4ef6f80a00c06c0334547344c,36b493e627f5002bd25109ed081931cbf8127a5f80499314d0ab965d41ef25e0
radius_25m,spatial,fold_1,M1,2,"{""C"": 10.0}",3,0.5186932720012571,520,132,47cde922aa0c58cbf104c0f4ecf2bcc5e94aa60dcb5cb61c3d4ed82dfb05a03b,d96cddebe5f965cc7f663e6f1e163296fd9266d8da7158e211de40d2fbe7dc72
radius_25m,spatial,fold_1,M1,2,"{""C"": 10.0}",4,0.48824839622314814,435,217,3b40e02385fe9b6f5ebc9a6df92628cb8f07d33ec70bc765a488943854472642,352446c1a79a8f44ed254cf6e0decfd3c785fde5b13665bed51ee7a52fa3c3df
radius_25m,spatial,fold_1,M1,2,"{""C"": 10.0}",MEAN,0.40066165366505524,654,654,5cc671ec6dd57e54e630fbf5cc24746673f6addddd356e41a63cfb30655c1d6a,
radius_25m,spatial,fold_1,M2,0,"{""max_depth"": 2, ""reg_lambda"": 10}",0,0.39006410256410257,569,84,17a5e53f46233dee377aeb2380eccf49461b3e71e55404caf0ffa601fa8b7075,c71a7a0d4c4c0622319806aa072f6897457234468a65eb5bb258d6120ba2c607
radius_25m,spatial,fold_1,M2,0,"{""max_depth"": 2, ""reg_lambda"": 10}",2,0.34626761080580065,431,221,9984ae049880c31822658ff5ded2f86e69a13ee4ef6f80a00c06c0334547344c,36b493e627f5002bd25109ed081931cbf8127a5f80499314d0ab965d41ef25e0
radius_25m,spatial,fold_1,M2,0,"{""max_depth"": 2, ""reg_lambda"": 10}",3,0.4619586091474422,520,132,47cde922aa0c58cbf104c0f4ecf2bcc5e94aa60dcb5cb61c3d4ed82dfb05a03b,d96cddebe5f965cc7f663e6f1e163296fd9266d8da7158e211de40d2fbe7dc72
radius_25m,spatial,fold_1,M2,0,"{""max_depth"": 2, ""reg_lambda"": 10}",4,0.5208277580239206,435,217,3b40e02385fe9b6f5ebc9a6df92628cb8f07d33ec70bc765a488943854472642,352446c1a79a8f44ed254cf6e0decfd3c785fde5b13665bed51ee7a52fa3c3df
radius_25m,spatial,fold_1,M2,0,"{""max_depth"": 2, ""reg_lambda"": 10}",MEAN,0.4297795201353165,654,654,5cc671ec6dd57e54e630fbf5cc24746673f6addddd356e41a63cfb30655c1d6a,
radius_25m,spatial,fold_1,M2,1,"{""max_depth"": 2, ""reg_lambda"": 1}",0,0.2163127413127413,569,84,17a5e53f46233dee377aeb2380eccf49461b3e71e55404caf0ffa601fa8b7075,c71a7a0d4c4c0622319806aa072f6897457234468a65eb5bb258d6120ba2c607
radius_25m,spatial,fold_1,M2,1,"{""max_depth"": 2, ""reg_lambda"": 1}",2,0.34154685224718917,431,221,9984ae049880c31822658ff5ded2f86e69a13ee4ef6f80a00c06c0334547344c,36b493e627f5002bd25109ed081931cbf8127a5f80499314d0ab965d41ef25e0
radius_25m,spatial,fold_1,M2,1,"{""max_depth"": 2, ""reg_lambda"": 1}",3,0.4992666646355699,520,132,47cde922aa0c58cbf104c0f4ecf2bcc5e94aa60dcb5cb61c3d4ed82dfb05a03b,d96cddebe5f965cc7f663e6f1e163296fd9266d8da7158e211de40d2fbe7dc72
radius_25m,spatial,fold_1,M2,1,"{""max_depth"": 2, ""reg_lambda"": 1}",4,0.5002458038631954,435,217,3b40e02385fe9b6f5ebc9a6df92628cb8f07d33ec70bc765a488943854472642,352446c1a79a8f44ed254cf6e0decfd3c785fde5b13665bed51ee7a52fa3c3df
radius_25m,spatial,fold_1,M2,1,"{""max_depth"": 2, ""reg_lambda"": 1}",MEAN,0.38934301551467393,654,654,5cc671ec6dd57e54e630fbf5cc24746673f6addddd356e41a63cfb30655c1d6a,
radius_25m,spatial,fold_1,M2,2,"{""max_depth"": 3, ""reg_lambda"": 10}",0,0.2177156177156177,569,84,17a5e53f46233dee377aeb2380eccf49461b3e71e55404caf0ffa601fa8b7075,c71a7a0d4c4c0622319806aa072f6897457234468a65eb5bb258d6120ba2c607
radius_25m,spatial,fold_1,M2,2,"{""max_depth"": 3, ""reg_lambda"": 10}",2,0.33950289673702844,431,221,9984ae049880c31822658ff5ded2f86e69a13ee4ef6f80a00c06c0334547344c,36b493e627f5002bd25109ed081931cbf8127a5f80499314d0ab965d41ef25e0
radius_25m,spatial,fold_1,M2,2,"{""max_depth"": 3, ""reg_lambda"": 10}",3,0.43774304689135995,520,132,47cde922aa0c58cbf104c0f4ecf2bcc5e94aa60dcb5cb61c3d4ed82dfb05a03b,d96cddebe5f965cc7f663e6f1e163296fd9266d8da7158e211de40d2fbe7dc72
radius_25m,spatial,fold_1,M2,2,"{""max_depth"": 3, ""reg_lambda"": 10}",4,0.5051990401194675,435,217,3b40e02385fe9b6f5ebc9a6df92628cb8f07d33ec70bc765a488943854472642,352446c1a79a8f44ed254cf6e0decfd3c785fde5b13665bed51ee7a52fa3c3df
radius_25m,spatial,fold_1,M2,2,"{""max_depth"": 3, ""reg_lambda"": 10}",MEAN,0.3750401503658684,654,654,5cc671ec6dd57e54e630fbf5cc24746673f6addddd356e41a63cfb30655c1d6a,
radius_25m,spatial,fold_1,M2,3,"{""max_depth"": 3, ""reg_lambda"": 1}",0,0.1703042328042328,569,84,17a5e53f46233dee377aeb2380eccf49461b3e71e55404caf0ffa601fa8b7075,c71a7a0d4c4c0622319806aa072f6897457234468a65eb5bb258d6120ba2c607
radius_25m,spatial,fold_1,M2,3,"{""max_depth"": 3, ""reg_lambda"": 1}",2,0.33497601533941634,431,221,9984ae049880c31822658ff5ded2f86e69a13ee4ef6f80a00c06c0334547344c,36b493e627f5002bd25109ed081931cbf8127a5f80499314d0ab965d41ef25e0
radius_25m,spatial,fold_1,M2,3,"{""max_depth"": 3, ""reg_lambda"": 1}",3,0.4836680115048202,520,132,47cde922aa0c58cbf104c0f4ecf2bcc5e94aa60dcb5cb61c3d4ed82dfb05a03b,d96cddebe5f965cc7f663e6f1e163296fd9266d8da7158e211de40d2fbe7dc72
radius_25m,spatial,fold_1,M2,3,"{""max_depth"": 3, ""reg_lambda"": 1}",4,0.49481575529333477,435,217,3b40e02385fe9b6f5ebc9a6df92628cb8f07d33ec70bc765a488943854472642,352446c1a79a8f44ed254cf6e0decfd3c785fde5b13665bed51ee7a52fa3c3df
radius_25m,spatial,fold_1,M2,3,"{""max_depth"": 3, ""reg_lambda"": 1}",MEAN,0.370941003735451,654,654,5cc671ec6dd57e54e630fbf5cc24746673f6addddd356e41a63cfb30655c1d6a,
radius_25m,spatial,fold_2,M0,0,{},0,0.08049554857292485,831,87,261455e102f6b71a18175b741422522ebe18e3b42b0fcbd953431f770d3ec3d0,1b007a7cb3fa76db95ea07a6344fb8360ed65faa97dee961fd8b766403cefe5b
radius_25m,spatial,fold_2,M0,0,{},1,0.5764827668026785,431,451,9984ae049880c31822658ff5ded2f86e69a13ee4ef6f80a00c06c0334547344c,e79cf4b4fe480f622965aebf5468b6e1f815d4f18c2a9f11bb9a2e5c05e7b790
radius_25m,spatial,fold_2,M0,0,{},3,0.5413149141196659,740,145,720050c25cbfb69702a7023b7ee415ecdec26de7b0db661bd83511178408a775,2633b81347d801bceea5e86855860f8b6cf60edced61f327f877562e56330259
radius_25m,spatial,fold_2,M0,0,{},4,0.5135594576193593,673,240,056aacc1c4b7bdf9197555be3fe2666c7e200f9da60c4fbeedc38e22e5e9b6be,40e9dfc1ede69502c3333f7ce1078e733bcd7061ad3bc22d880aee98e40f0412
radius_25m,spatial,fold_2,M0,0,{},MEAN,0.42796317177865717,923,923,e33186184b30c3d883ed761e9c113a7ba846b6bd68f60db2c70b60b7f0857ad9,
radius_25m,spatial,fold_2,M1,0,"{""C"": 0.1}",0,0.1617944147355912,831,87,261455e102f6b71a18175b741422522ebe18e3b42b0fcbd953431f770d3ec3d0,1b007a7cb3fa76db95ea07a6344fb8360ed65faa97dee961fd8b766403cefe5b
radius_25m,spatial,fold_2,M1,0,"{""C"": 0.1}",1,0.5794740986417113,431,451,9984ae049880c31822658ff5ded2f86e69a13ee4ef6f80a00c06c0334547344c,e79cf4b4fe480f622965aebf5468b6e1f815d4f18c2a9f11bb9a2e5c05e7b790
radius_25m,spatial,fold_2,M1,0,"{""C"": 0.1}",3,0.520928370660287,740,145,720050c25cbfb69702a7023b7ee415ecdec26de7b0db661bd83511178408a775,2633b81347d801bceea5e86855860f8b6cf60edced61f327f877562e56330259
radius_25m,spatial,fold_2,M1,0,"{""C"": 0.1}",4,0.5246250379272506,673,240,056aacc1c4b7bdf9197555be3fe2666c7e200f9da60c4fbeedc38e22e5e9b6be,40e9dfc1ede69502c3333f7ce1078e733bcd7061ad3bc22d880aee98e40f0412
radius_25m,spatial,fold_2,M1,0,"{""C"": 0.1}",MEAN,0.44670548049121,923,923,e33186184b30c3d883ed761e9c113a7ba846b6bd68f60db2c70b60b7f0857ad9,
radius_25m,spatial,fold_2,M1,1,"{""C"": 1.0}",0,0.13090225563909774,831,87,261455e102f6b71a18175b741422522ebe18e3b42b0fcbd953431f770d3ec3d0,1b007a7cb3fa76db95ea07a6344fb8360ed65faa97dee961fd8b766403cefe5b
radius_25m,spatial,fold_2,M1,1,"{""C"": 1.0}",1,0.5810668809813393,431,451,9984ae049880c31822658ff5ded2f86e69a13ee4ef6f80a00c06c0334547344c,e79cf4b4fe480f622965aebf5468b6e1f815d4f18c2a9f11bb9a2e5c05e7b790
radius_25m,spatial,fold_2,M1,1,"{""C"": 1.0}",3,0.5314557669647128,740,145,720050c25cbfb69702a7023b7ee415ecdec26de7b0db661bd83511178408a775,2633b81347d801bceea5e86855860f8b6cf60edced61f327f877562e56330259
radius_25m,spatial,fold_2,M1,1,"{""C"": 1.0}",4,0.5238899515438831,673,240,056aacc1c4b7bdf9197555be3fe2666c7e200f9da60c4fbeedc38e22e5e9b6be,40e9dfc1ede69502c3333f7ce1078e733bcd7061ad3bc22d880aee98e40f0412
radius_25m,spatial,fold_2,M1,1,"{""C"": 1.0}",MEAN,0.44182871378225824,923,923,e33186184b30c3d883ed761e9c113a7ba846b6bd68f60db2c70b60b7f0857ad9,
radius_25m,spatial,fold_2,M1,2,"{""C"": 10.0}",0,0.13090225563909774,831,87,261455e102f6b71a18175b741422522ebe18e3b42b0fcbd953431f770d3ec3d0,1b007a7cb3fa76db95ea07a6344fb8360ed65faa97dee961fd8b766403cefe5b
radius_25m,spatial,fold_2,M1,2,"{""C"": 10.0}",1,0.5816274022800236,431,451,9984ae049880c31822658ff5ded2f86e69a13ee4ef6f80a00c06c0334547344c,e79cf4b4fe480f622965aebf5468b6e1f815d4f18c2a9f11bb9a2e5c05e7b790
radius_25m,spatial,fold_2,M1,2,"{""C"": 10.0}",3,0.5247753255964094,740,145,720050c25cbfb69702a7023b7ee415ecdec26de7b0db661bd83511178408a775,2633b81347d801bceea5e86855860f8b6cf60edced61f327f877562e56330259
radius_25m,spatial,fold_2,M1,2,"{""C"": 10.0}",4,0.5249504401240604,673,240,056aacc1c4b7bdf9197555be3fe2666c7e200f9da60c4fbeedc38e22e5e9b6be,40e9dfc1ede69502c3333f7ce1078e733bcd7061ad3bc22d880aee98e40f0412
radius_25m,spatial,fold_2,M1,2,"{""C"": 10.0}",MEAN,0.4405638559098978,923,923,e33186184b30c3d883ed761e9c113a7ba846b6bd68f60db2c70b60b7f0857ad9,
radius_25m,spatial,fold_2,M2,0,"{""max_depth"": 2, ""reg_lambda"": 10}",0,0.504079254079254,831,87,261455e102f6b71a18175b741422522ebe18e3b42b0fcbd953431f770d3ec3d0,1b007a7cb3fa76db95ea07a6344fb8360ed65faa97dee961fd8b766403cefe5b
radius_25m,spatial,fold_2,M2,0,"{""max_depth"": 2, ""reg_lambda"": 10}",1,0.5263306083557069,431,451,9984ae049880c31822658ff5ded2f86e69a13ee4ef6f80a00c06c0334547344c,e79cf4b4fe480f622965aebf5468b6e1f815d4f18c2a9f11bb9a2e5c05e7b790
radius_25m,spatial,fold_2,M2,0,"{""max_depth"": 2, ""reg_lambda"": 10}",3,0.49186364050743697,740,145,720050c25cbfb69702a7023b7ee415ecdec26de7b0db661bd83511178408a775,2633b81347d801bceea5e86855860f8b6cf60edced61f327f877562e56330259
radius_25m,spatial,fold_2,M2,0,"{""max_depth"": 2, ""reg_lambda"": 10}",4,0.5409600911282073,673,240,056aacc1c4b7bdf9197555be3fe2666c7e200f9da60c4fbeedc38e22e5e9b6be,40e9dfc1ede69502c3333f7ce1078e733bcd7061ad3bc22d880aee98e40f0412
radius_25m,spatial,fold_2,M2,0,"{""max_depth"": 2, ""reg_lambda"": 10}",MEAN,0.5158083985176514,923,923,e33186184b30c3d883ed761e9c113a7ba846b6bd68f60db2c70b60b7f0857ad9,
radius_25m,spatial,fold_2,M2,1,"{""max_depth"": 2, ""reg_lambda"": 1}",0,0.2285421785421785,831,87,261455e102f6b71a18175b741422522ebe18e3b42b0fcbd953431f770d3ec3d0,1b007a7cb3fa76db95ea07a6344fb8360ed65faa97dee961fd8b766403cefe5b
radius_25m,spatial,fold_2,M2,1,"{""max_depth"": 2, ""reg_lambda"": 1}",1,0.5225023587381314,431,451,9984ae049880c31822658ff5ded2f86e69a13ee4ef6f80a00c06c0334547344c,e79cf4b4fe480f622965aebf5468b6e1f815d4f18c2a9f11bb9a2e5c05e7b790
radius_25m,spatial,fold_2,M2,1,"{""max_depth"": 2, ""reg_lambda"": 1}",3,0.5080942050270355,740,145,720050c25cbfb69702a7023b7ee415ecdec26de7b0db661bd83511178408a775,2633b81347d801bceea5e86855860f8b6cf60edced61f327f877562e56330259
radius_25m,spatial,fold_2,M2,1,"{""max_depth"": 2, ""reg_lambda"": 1}",4,0.5157164279416665,673,240,056aacc1c4b7bdf9197555be3fe2666c7e200f9da60c4fbeedc38e22e5e9b6be,40e9dfc1ede69502c3333f7ce1078e733bcd7061ad3bc22d880aee98e40f0412
radius_25m,spatial,fold_2,M2,1,"{""max_depth"": 2, ""reg_lambda"": 1}",MEAN,0.44371379256225296,923,923,e33186184b30c3d883ed761e9c113a7ba846b6bd68f60db2c70b60b7f0857ad9,
radius_25m,spatial,fold_2,M2,2,"{""max_depth"": 3, ""reg_lambda"": 10}",0,0.38071378340365686,831,87,261455e102f6b71a18175b741422522ebe18e3b42b0fcbd953431f770d3ec3d0,1b007a7cb3fa76db95ea07a6344fb8360ed65faa97dee961fd8b766403cefe5b
radius_25m,spatial,fold_2,M2,2,"{""max_depth"": 3, ""reg_lambda"": 10}",1,0.5113661996785148,431,451,9984ae049880c31822658ff5ded2f86e69a13ee4ef6f80a00c06c0334547344c,e79cf4b4fe480f622965aebf5468b6e1f815d4f18c2a9f11bb9a2e5c05e7b790
radius_25m,spatial,fold_2,M2,2,"{""max_depth"": 3, ""reg_lambda"": 10}",3,0.4893267438960105,740,145,720050c25cbfb69702a7023b7ee415ecdec26de7b0db661bd83511178408a775,2633b81347d801bceea5e86855860f8b6cf60edced61f327f877562e56330259
radius_25m,spatial,fold_2,M2,2,"{""max_depth"": 3, ""reg_lambda"": 10}",4,0.5327620926285195,673,240,056aacc1c4b7bdf9197555be3fe2666c7e200f9da60c4fbeedc38e22e5e9b6be,40e9dfc1ede69502c3333f7ce1078e733bcd7061ad3bc22d880aee98e40f0412
radius_25m,spatial,fold_2,M2,2,"{""max_depth"": 3, ""reg_lambda"": 10}",MEAN,0.4785422049016754,923,923,e33186184b30c3d883ed761e9c113a7ba846b6bd68f60db2c70b60b7f0857ad9,
radius_25m,spatial,fold_2,M2,3,"{""max_depth"": 3, ""reg_lambda"": 1}",0,0.3821078431372549,831,87,261455e102f6b71a18175b741422522ebe18e3b42b0fcbd953431f770d3ec3d0,1b007a7cb3fa76db95ea07a6344fb8360ed65faa97dee961fd8b766403cefe5b
radius_25m,spatial,fold_2,M2,3,"{""max_depth"": 3, ""reg_lambda"": 1}",1,0.508800300455768,431,451,9984ae049880c31822658ff5ded2f86e69a13ee4ef6f80a00c06c0334547344c,e79cf4b4fe480f622965aebf5468b6e1f815d4f18c2a9f11bb9a2e5c05e7b790
radius_25m,spatial,fold_2,M2,3,"{""max_depth"": 3, ""reg_lambda"": 1}",3,0.47131774589953845,740,145,720050c25cbfb69702a7023b7ee415ecdec26de7b0db661bd83511178408a775,2633b81347d801bceea5e86855860f8b6cf60edced61f327f877562e56330259
radius_25m,spatial,fold_2,M2,3,"{""max_depth"": 3, ""reg_lambda"": 1}",4,0.5081603630548513,673,240,056aacc1c4b7bdf9197555be3fe2666c7e200f9da60c4fbeedc38e22e5e9b6be,40e9dfc1ede69502c3333f7ce1078e733bcd7061ad3bc22d880aee98e40f0412
radius_25m,spatial,fold_2,M2,3,"{""max_depth"": 3, ""reg_lambda"": 1}",MEAN,0.46759656313685316,923,923,e33186184b30c3d883ed761e9c113a7ba846b6bd68f60db2c70b60b7f0857ad9,
radius_25m,spatial,fold_3,M0,0,{},0,0.08336707152496625,920,85,48b82b19bb788aff6c957b8ebbf3fd4a70ad0d6145a35258dcfbf5955f100073,9696a640277c78c02707f7658133fe4d7f5a3a503f246511816974633680fc24
radius_25m,spatial,fold_3,M0,0,{},1,0.5584791856624919,520,445,47cde922aa0c58cbf104c0f4ecf2bcc5e94aa60dcb5cb61c3d4ed82dfb05a03b,96f571ad44bee29e95c9f8f7903089317d6826fce3af2883ef15851110501e85
radius_25m,spatial,fold_3,M0,0,{},2,0.37616098288475974,740,237,720050c25cbfb69702a7023b7ee415ecdec26de7b0db661bd83511178408a775,efe591227166b872ea94a8c660e07c097d02b84086b60bc72a4108c9816dc163
radius_25m,spatial,fold_3,M0,0,{},4,0.512998220432284,755,242,c3a1d26e83b0f46d4d2c753201f9440d43a46c5d22460bf10e8baf3cf55368d5,4df90deeb1a597a40e203989aae9cc0bf6fb7a993b92957260993e8d2f86756d
radius_25m,spatial,fold_3,M0,0,{},MEAN,0.3827513651261255,1009,1009,b5365b5532658f670134c2f57305964647d13c1445cf1e30aed7fa3d3bdcc2e0,
radius_25m,spatial,fold_3,M1,0,"{""C"": 0.1}",0,0.2338113695090439,920,85,48b82b19bb788aff6c957b8ebbf3fd4a70ad0d6145a35258dcfbf5955f100073,9696a640277c78c02707f7658133fe4d7f5a3a503f246511816974633680fc24
radius_25m,spatial,fold_3,M1,0,"{""C"": 0.1}",1,0.5848766849354814,520,445,47cde922aa0c58cbf104c0f4ecf2bcc5e94aa60dcb5cb61c3d4ed82dfb05a03b,96f571ad44bee29e95c9f8f7903089317d6826fce3af2883ef15851110501e85
radius_25m,spatial,fold_3,M1,0,"{""C"": 0.1}",2,0.4469917306326935,740,237,720050c25cbfb69702a7023b7ee415ecdec26de7b0db661bd83511178408a775,efe591227166b872ea94a8c660e07c097d02b84086b60bc72a4108c9816dc163
radius_25m,spatial,fold_3,M1,0,"{""C"": 0.1}",4,0.5300009866246734,755,242,c3a1d26e83b0f46d4d2c753201f9440d43a46c5d22460bf10e8baf3cf55368d5,4df90deeb1a597a40e203989aae9cc0bf6fb7a993b92957260993e8d2f86756d
radius_25m,spatial,fold_3,M1,0,"{""C"": 0.1}",MEAN,0.448920192925473,1009,1009,b5365b5532658f670134c2f57305964647d13c1445cf1e30aed7fa3d3bdcc2e0,
radius_25m,spatial,fold_3,M1,1,"{""C"": 1.0}",0,0.2280049178961407,920,85,48b82b19bb788aff6c957b8ebbf3fd4a70ad0d6145a35258dcfbf5955f100073,9696a640277c78c02707f7658133fe4d7f5a3a503f246511816974633680fc24
radius_25m,spatial,fold_3,M1,1,"{""C"": 1.0}",1,0.5877728657980874,520,445,47cde922aa0c58cbf104c0f4ecf2bcc5e94aa60dcb5cb61c3d4ed82dfb05a03b,96f571ad44bee29e95c9f8f7903089317d6826fce3af2883ef15851110501e85
radius_25m,spatial,fold_3,M1,1,"{""C"": 1.0}",2,0.41947662484936094,740,237,720050c25cbfb69702a7023b7ee415ecdec26de7b0db661bd83511178408a775,efe591227166b872ea94a8c660e07c097d02b84086b60bc72a4108c9816dc163
radius_25m,spatial,fold_3,M1,1,"{""C"": 1.0}",4,0.5404534347310495,755,242,c3a1d26e83b0f46d4d2c753201f9440d43a46c5d22460bf10e8baf3cf55368d5,4df90deeb1a597a40e203989aae9cc0bf6fb7a993b92957260993e8d2f86756d
radius_25m,spatial,fold_3,M1,1,"{""C"": 1.0}",MEAN,0.4439269608186596,1009,1009,b5365b5532658f670134c2f57305964647d13c1445cf1e30aed7fa3d3bdcc2e0,
radius_25m,spatial,fold_3,M1,2,"{""C"": 10.0}",0,0.22724886950904394,920,85,48b82b19bb788aff6c957b8ebbf3fd4a70ad0d6145a35258dcfbf5955f100073,9696a640277c78c02707f7658133fe4d7f5a3a503f246511816974633680fc24
radius_25m,spatial,fold_3,M1,2,"{""C"": 10.0}",1,0.5876362922928478,520,445,47cde922aa0c58cbf104c0f4ecf2bcc5e94aa60dcb5cb61c3d4ed82dfb05a03b,96f571ad44bee29e95c9f8f7903089317d6826fce3af2883ef15851110501e85
radius_25m,spatial,fold_3,M1,2,"{""C"": 10.0}",2,0.41780767337630453,740,237,720050c25cbfb69702a7023b7ee415ecdec26de7b0db661bd83511178408a775,efe591227166b872ea94a8c660e07c097d02b84086b60bc72a4108c9816dc163
radius_25m,spatial,fold_3,M1,2,"{""C"": 10.0}",4,0.5407241862895368,755,242,c3a1d26e83b0f46d4d2c753201f9440d43a46c5d22460bf10e8baf3cf55368d5,4df90deeb1a597a40e203989aae9cc0bf6fb7a993b92957260993e8d2f86756d
radius_25m,spatial,fold_3,M1,2,"{""C"": 10.0}",MEAN,0.4433542553669333,1009,1009,b5365b5532658f670134c2f57305964647d13c1445cf1e30aed7fa3d3bdcc2e0,
radius_25m,spatial,fold_3,M2,0,"{""max_depth"": 2, ""reg_lambda"": 10}",0,0.22147435897435896,920,85,48b82b19bb788aff6c957b8ebbf3fd4a70ad0d6145a35258dcfbf5955f100073,9696a640277c78c02707f7658133fe4d7f5a3a503f246511816974633680fc24
radius_25m,spatial,fold_3,M2,0,"{""max_depth"": 2, ""reg_lambda"": 10}",1,0.5103985666688653,520,445,47cde922aa0c58cbf104c0f4ecf2bcc5e94aa60dcb5cb61c3d4ed82dfb05a03b,96f571ad44bee29e95c9f8f7903089317d6826fce3af2883ef15851110501e85
radius_25m,spatial,fold_3,M2,0,"{""max_depth"": 2, ""reg_lambda"": 10}",2,0.34607743660617346,740,237,720050c25cbfb69702a7023b7ee415ecdec26de7b0db661bd83511178408a775,efe591227166b872ea94a8c660e07c097d02b84086b60bc72a4108c9816dc163
radius_25m,spatial,fold_3,M2,0,"{""max_depth"": 2, ""reg_lambda"": 10}",4,0.4665381773622509,755,242,c3a1d26e83b0f46d4d2c753201f9440d43a46c5d22460bf10e8baf3cf55368d5,4df90deeb1a597a40e203989aae9cc0bf6fb7a993b92957260993e8d2f86756d
radius_25m,spatial,fold_3,M2,0,"{""max_depth"": 2, ""reg_lambda"": 10}",MEAN,0.38612213490291214,1009,1009,b5365b5532658f670134c2f57305964647d13c1445cf1e30aed7fa3d3bdcc2e0,
radius_25m,spatial,fold_3,M2,1,"{""max_depth"": 2, ""reg_lambda"": 1}",0,0.21039377289377287,920,85,48b82b19bb788aff6c957b8ebbf3fd4a70ad0d6145a35258dcfbf5955f100073,9696a640277c78c02707f7658133fe4d7f5a3a503f246511816974633680fc24
radius_25m,spatial,fold_3,M2,1,"{""max_depth"": 2, ""reg_lambda"": 1}",1,0.5350435378969896,520,445,47cde922aa0c58cbf104c0f4ecf2bcc5e94aa60dcb5cb61c3d4ed82dfb05a03b,96f571ad44bee29e95c9f8f7903089317d6826fce3af2883ef15851110501e85
radius_25m,spatial,fold_3,M2,1,"{""max_depth"": 2, ""reg_lambda"": 1}",2,0.3430025457098933,740,237,720050c25cbfb69702a7023b7ee415ecdec26de7b0db661bd83511178408a775,efe591227166b872ea94a8c660e07c097d02b84086b60bc72a4108c9816dc163
radius_25m,spatial,fold_3,M2,1,"{""max_depth"": 2, ""reg_lambda"": 1}",4,0.48003249077221893,755,242,c3a1d26e83b0f46d4d2c753201f9440d43a46c5d22460bf10e8baf3cf55368d5,4df90deeb1a597a40e203989aae9cc0bf6fb7a993b92957260993e8d2f86756d
radius_25m,spatial,fold_3,M2,1,"{""max_depth"": 2, ""reg_lambda"": 1}",MEAN,0.39211808681821864,1009,1009,b5365b5532658f670134c2f57305964647d13c1445cf1e30aed7fa3d3bdcc2e0,
radius_25m,spatial,fold_3,M2,2,"{""max_depth"": 3, ""reg_lambda"": 10}",0,0.20649509803921567,920,85,48b82b19bb788aff6c957b8ebbf3fd4a70ad0d6145a35258dcfbf5955f100073,9696a640277c78c02707f7658133fe4d7f5a3a503f246511816974633680fc24
radius_25m,spatial,fold_3,M2,2,"{""max_depth"": 3, ""reg_lambda"": 10}",1,0.5067283466550228,520,445,47cde922aa0c58cbf104c0f4ecf2bcc5e94aa60dcb5cb61c3d4ed82dfb05a03b,96f571ad44bee29e95c9f8f7903089317d6826fce3af2883ef15851110501e85
radius_25m,spatial,fold_3,M2,2,"{""max_depth"": 3, ""reg_lambda"": 10}",2,0.35996219948957575,740,237,720050c25cbfb69702a7023b7ee415ecdec26de7b0db661bd83511178408a775,efe591227166b872ea94a8c660e07c097d02b84086b60bc72a4108c9816dc163
radius_25m,spatial,fold_3,M2,2,"{""max_depth"": 3, ""reg_lambda"": 10}",4,0.48751527102334025,755,242,c3a1d26e83b0f46d4d2c753201f9440d43a46c5d22460bf10e8baf3cf55368d5,4df90deeb1a597a40e203989aae9cc0bf6fb7a993b92957260993e8d2f86756d
radius_25m,spatial,fold_3,M2,2,"{""max_depth"": 3, ""reg_lambda"": 10}",MEAN,0.3901752288017887,1009,1009,b5365b5532658f670134c2f57305964647d13c1445cf1e30aed7fa3d3bdcc2e0,
radius_25m,spatial,fold_3,M2,3,"{""max_depth"": 3, ""reg_lambda"": 1}",0,0.2510521885521885,920,85,48b82b19bb788aff6c957b8ebbf3fd4a70ad0d6145a35258dcfbf5955f100073,9696a640277c78c02707f7658133fe4d7f5a3a503f246511816974633680fc24
radius_25m,spatial,fold_3,M2,3,"{""max_depth"": 3, ""reg_lambda"": 1}",1,0.521955487030005,520,445,47cde922aa0c58cbf104c0f4ecf2bcc5e94aa60dcb5cb61c3d4ed82dfb05a03b,96f571ad44bee29e95c9f8f7903089317d6826fce3af2883ef15851110501e85
radius_25m,spatial,fold_3,M2,3,"{""max_depth"": 3, ""reg_lambda"": 1}",2,0.341569413508768,740,237,720050c25cbfb69702a7023b7ee415ecdec26de7b0db661bd83511178408a775,efe591227166b872ea94a8c660e07c097d02b84086b60bc72a4108c9816dc163
radius_25m,spatial,fold_3,M2,3,"{""max_depth"": 3, ""reg_lambda"": 1}",4,0.4777581946316876,755,242,c3a1d26e83b0f46d4d2c753201f9440d43a46c5d22460bf10e8baf3cf55368d5,4df90deeb1a597a40e203989aae9cc0bf6fb7a993b92957260993e8d2f86756d
radius_25m,spatial,fold_3,M2,3,"{""max_depth"": 3, ""reg_lambda"": 1}",MEAN,0.39808382093066225,1009,1009,b5365b5532658f670134c2f57305964647d13c1445cf1e30aed7fa3d3bdcc2e0,
radius_25m,spatial,fold_4,M0,0,{},0,0.08049554857292485,846,87,2502cf0c9925b967146d29e9f184ea853b641463de27b4e304a442eb558b5159,1b007a7cb3fa76db95ea07a6344fb8360ed65faa97dee961fd8b766403cefe5b
radius_25m,spatial,fold_4,M0,0,{},1,0.5573380606631071,435,471,3b40e02385fe9b6f5ebc9a6df92628cb8f07d33ec70bc765a488943854472642,a459d5d435dc25482d735e12d16bc8a1dd302c1aba8b32c3f305361b6a13baa0
radius_25m,spatial,fold_4,M0,0,{},2,0.3758739378665048,673,235,056aacc1c4b7bdf9197555be3fe2666c7e200f9da60c4fbeedc38e22e5e9b6be,90604268e1eeb1ba7ddb06856a6c6ecfafb437111725fe554d7cb0650d548399
radius_25m,spatial,fold_4,M0,0,{},3,0.5413149141196659,755,145,c3a1d26e83b0f46d4d2c753201f9440d43a46c5d22460bf10e8baf3cf55368d5,2633b81347d801bceea5e86855860f8b6cf60edced61f327f877562e56330259
radius_25m,spatial,fold_4,M0,0,{},MEAN,0.3887556153055507,938,938,964fe2083835ff6c342d839dc6251c2d9d402c88c3092d6275df131538f4c0bb,
radius_25m,spatial,fold_4,M1,0,"{""C"": 0.1}",0,0.15948879551820727,846,87,2502cf0c9925b967146d29e9f184ea853b641463de27b4e304a442eb558b5159,1b007a7cb3fa76db95ea07a6344fb8360ed65faa97dee961fd8b766403cefe5b
radius_25m,spatial,fold_4,M1,0,"{""C"": 0.1}",1,0.5692859401780662,435,471,3b40e02385fe9b6f5ebc9a6df92628cb8f07d33ec70bc765a488943854472642,a459d5d435dc25482d735e12d16bc8a1dd302c1aba8b32c3f305361b6a13baa0
radius_25m,spatial,fold_4,M1,0,"{""C"": 0.1}",2,0.385313949790975,673,235,056aacc1c4b7bdf9197555be3fe2666c7e200f9da60c4fbeedc38e22e5e9b6be,90604268e1eeb1ba7ddb06856a6c6ecfafb437111725fe554d7cb0650d548399
radius_25m,spatial,fold_4,M1,0,"{""C"": 0.1}",3,0.4804871188627654,755,145,c3a1d26e83b0f46d4d2c753201f9440d43a46c5d22460bf10e8baf3cf55368d5,2633b81347d801bceea5e86855860f8b6cf60edced61f327f877562e56330259
radius_25m,spatial,fold_4,M1,0,"{""C"": 0.1}",MEAN,0.3986439510875035,938,938,964fe2083835ff6c342d839dc6251c2d9d402c88c3092d6275df131538f4c0bb,
radius_25m,spatial,fold_4,M1,1,"{""C"": 1.0}",0,0.15691873915558124,846,87,2502cf0c9925b967146d29e9f184ea853b641463de27b4e304a442eb558b5159,1b007a7cb3fa76db95ea07a6344fb8360ed65faa97dee961fd8b766403cefe5b
radius_25m,spatial,fold_4,M1,1,"{""C"": 1.0}",1,0.5610224043533143,435,471,3b40e02385fe9b6f5ebc9a6df92628cb8f07d33ec70bc765a488943854472642,a459d5d435dc25482d735e12d16bc8a1dd302c1aba8b32c3f305361b6a13baa0
radius_25m,spatial,fold_4,M1,1,"{""C"": 1.0}",2,0.3783661951866514,673,235,056aacc1c4b7bdf9197555be3fe2666c7e200f9da60c4fbeedc38e22e5e9b6be,90604268e1eeb1ba7ddb06856a6c6ecfafb437111725fe554d7cb0650d548399
radius_25m,spatial,fold_4,M1,1,"{""C"": 1.0}",3,0.48291062744612534,755,145,c3a1d26e83b0f46d4d2c753201f9440d43a46c5d22460bf10e8baf3cf55368d5,2633b81347d801bceea5e86855860f8b6cf60edced61f327f877562e56330259
radius_25m,spatial,fold_4,M1,1,"{""C"": 1.0}",MEAN,0.3948044915354181,938,938,964fe2083835ff6c342d839dc6251c2d9d402c88c3092d6275df131538f4c0bb,
radius_25m,spatial,fold_4,M1,2,"{""C"": 10.0}",0,0.1492620439988861,846,87,2502cf0c9925b967146d29e9f184ea853b641463de27b4e304a442eb558b5159,1b007a7cb3fa76db95ea07a6344fb8360ed65faa97dee961fd8b766403cefe5b
radius_25m,spatial,fold_4,M1,2,"{""C"": 10.0}",1,0.5611344115360117,435,471,3b40e02385fe9b6f5ebc9a6df92628cb8f07d33ec70bc765a488943854472642,a459d5d435dc25482d735e12d16bc8a1dd302c1aba8b32c3f305361b6a13baa0
radius_25m,spatial,fold_4,M1,2,"{""C"": 10.0}",2,0.37634954653873526,673,235,056aacc1c4b7bdf9197555be3fe2666c7e200f9da60c4fbeedc38e22e5e9b6be,90604268e1eeb1ba7ddb06856a6c6ecfafb437111725fe554d7cb0650d548399
radius_25m,spatial,fold_4,M1,2,"{""C"": 10.0}",3,0.48046918041131265,755,145,c3a1d26e83b0f46d4d2c753201f9440d43a46c5d22460bf10e8baf3cf55368d5,2633b81347d801bceea5e86855860f8b6cf60edced61f327f877562e56330259
radius_25m,spatial,fold_4,M1,2,"{""C"": 10.0}",MEAN,0.3918037956212364,938,938,964fe2083835ff6c342d839dc6251c2d9d402c88c3092d6275df131538f4c0bb,
radius_25m,spatial,fold_4,M2,0,"{""max_depth"": 2, ""reg_lambda"": 10}",0,0.06314361738890041,846,87,2502cf0c9925b967146d29e9f184ea853b641463de27b4e304a442eb558b5159,1b007a7cb3fa76db95ea07a6344fb8360ed65faa97dee961fd8b766403cefe5b
radius_25m,spatial,fold_4,M2,0,"{""max_depth"": 2, ""reg_lambda"": 10}",1,0.5371133424449057,435,471,3b40e02385fe9b6f5ebc9a6df92628cb8f07d33ec70bc765a488943854472642,a459d5d435dc25482d735e12d16bc8a1dd302c1aba8b32c3f305361b6a13baa0
radius_25m,spatial,fold_4,M2,0,"{""max_depth"": 2, ""reg_lambda"": 10}",2,0.39568331693612635,673,235,056aacc1c4b7bdf9197555be3fe2666c7e200f9da60c4fbeedc38e22e5e9b6be,90604268e1eeb1ba7ddb06856a6c6ecfafb437111725fe554d7cb0650d548399
radius_25m,spatial,fold_4,M2,0,"{""max_depth"": 2, ""reg_lambda"": 10}",3,0.506323050188721,755,145,c3a1d26e83b0f46d4d2c753201f9440d43a46c5d22460bf10e8baf3cf55368d5,2633b81347d801bceea5e86855860f8b6cf60edced61f327f877562e56330259
radius_25m,spatial,fold_4,M2,0,"{""max_depth"": 2, ""reg_lambda"": 10}",MEAN,0.3755658317396634,938,938,964fe2083835ff6c342d839dc6251c2d9d402c88c3092d6275df131538f4c0bb,
radius_25m,spatial,fold_4,M2,1,"{""max_depth"": 2, ""reg_lambda"": 1}",0,0.08995445344129555,846,87,2502cf0c9925b967146d29e9f184ea853b641463de27b4e304a442eb558b5159,1b007a7cb3fa76db95ea07a6344fb8360ed65faa97dee961fd8b766403cefe5b
radius_25m,spatial,fold_4,M2,1,"{""max_depth"": 2, ""reg_lambda"": 1}",1,0.5377244075298278,435,471,3b40e02385fe9b6f5ebc9a6df92628cb8f07d33ec70bc765a488943854472642,a459d5d435dc25482d735e12d16bc8a1dd302c1aba8b32c3f305361b6a13baa0
radius_25m,spatial,fold_4,M2,1,"{""max_depth"": 2, ""reg_lambda"": 1}",2,0.37498006099437386,673,235,056aacc1c4b7bdf9197555be3fe2666c7e200f9da60c4fbeedc38e22e5e9b6be,90604268e1eeb1ba7ddb06856a6c6ecfafb437111725fe554d7cb0650d548399
radius_25m,spatial,fold_4,M2,1,"{""max_depth"": 2, ""reg_lambda"": 1}",3,0.5080632559763937,755,145,c3a1d26e83b0f46d4d2c753201f9440d43a46c5d22460bf10e8baf3cf55368d5,2633b81347d801bceea5e86855860f8b6cf60edced61f327f877562e56330259
radius_25m,spatial,fold_4,M2,1,"{""max_depth"": 2, ""reg_lambda"": 1}",MEAN,0.3776805444854727,938,938,964fe2083835ff6c342d839dc6251c2d9d402c88c3092d6275df131538f4c0bb,
radius_25m,spatial,fold_4,M2,2,"{""max_depth"": 3, ""reg_lambda"": 10}",0,0.043127425976263185,846,87,2502cf0c9925b967146d29e9f184ea853b641463de27b4e304a442eb558b5159,1b007a7cb3fa76db95ea07a6344fb8360ed65faa97dee961fd8b766403cefe5b
radius_25m,spatial,fold_4,M2,2,"{""max_depth"": 3, ""reg_lambda"": 10}",1,0.5063079954049626,435,471,3b40e02385fe9b6f5ebc9a6df92628cb8f07d33ec70bc765a488943854472642,a459d5d435dc25482d735e12d16bc8a1dd302c1aba8b32c3f305361b6a13baa0
radius_25m,spatial,fold_4,M2,2,"{""max_depth"": 3, ""reg_lambda"": 10}",2,0.34979932424853233,673,235,056aacc1c4b7bdf9197555be3fe2666c7e200f9da60c4fbeedc38e22e5e9b6be,90604268e1eeb1ba7ddb06856a6c6ecfafb437111725fe554d7cb0650d548399
radius_25m,spatial,fold_4,M2,2,"{""max_depth"": 3, ""reg_lambda"": 10}",3,0.5109007405810356,755,145,c3a1d26e83b0f46d4d2c753201f9440d43a46c5d22460bf10e8baf3cf55368d5,2633b81347d801bceea5e86855860f8b6cf60edced61f327f877562e56330259
radius_25m,spatial,fold_4,M2,2,"{""max_depth"": 3, ""reg_lambda"": 10}",MEAN,0.35253387155269844,938,938,964fe2083835ff6c342d839dc6251c2d9d402c88c3092d6275df131538f4c0bb,
radius_25m,spatial,fold_4,M2,3,"{""max_depth"": 3, ""reg_lambda"": 1}",0,0.05595298494841873,846,87,2502cf0c9925b967146d29e9f184ea853b641463de27b4e304a442eb558b5159,1b007a7cb3fa76db95ea07a6344fb8360ed65faa97dee961fd8b766403cefe5b
radius_25m,spatial,fold_4,M2,3,"{""max_depth"": 3, ""reg_lambda"": 1}",1,0.494546265703431,435,471,3b40e02385fe9b6f5ebc9a6df92628cb8f07d33ec70bc765a488943854472642,a459d5d435dc25482d735e12d16bc8a1dd302c1aba8b32c3f305361b6a13baa0
radius_25m,spatial,fold_4,M2,3,"{""max_depth"": 3, ""reg_lambda"": 1}",2,0.3192065035489227,673,235,056aacc1c4b7bdf9197555be3fe2666c7e200f9da60c4fbeedc38e22e5e9b6be,90604268e1eeb1ba7ddb06856a6c6ecfafb437111725fe554d7cb0650d548399
radius_25m,spatial,fold_4,M2,3,"{""max_depth"": 3, ""reg_lambda"": 1}",3,0.5036679641420306,755,145,c3a1d26e83b0f46d4d2c753201f9440d43a46c5d22460bf10e8baf3cf55368d5,2633b81347d801bceea5e86855860f8b6cf60edced61f327f877562e56330259
radius_25m,spatial,fold_4,M2,3,"{""max_depth"": 3, ""reg_lambda"": 1}",MEAN,0.34334342958570074,938,938,964fe2083835ff6c342d839dc6251c2d9d402c88c3092d6275df131538f4c0bb,
radius_25m,leave_city_out,new_york_city,M0,0,{},1,0.21014492753623187,45,27,73fbcc733dbbe30ba136dc157aa9e752b81a037f1a8ef29fb0599251b94bba87,5a2c7c97163c272c0a4ae4447edd35d671dc83ea1d919e373fcdc2679b37eae0
radius_25m,leave_city_out,new_york_city,M0,0,{},2,0.39285714285714285,60,14,532b45838b41c6dc9700da73a044da4ea0ae19ecd81402f28106ca2ff74dfcb9,11b8d57fbe13447f5923d688e01c091fe56bc4111d5f0ef77a877dd2cb184e8d
radius_25m,leave_city_out,new_york_city,M0,0,{},3,0.6333333333333333,65,8,78a54bce5ff039c9341c66e72098abc14200280739f7d11346cc0752fd3aab49,653583388baf8fe0655e4666b2678431bca48b1fcbd259d36a48ac002f567cd1
radius_25m,leave_city_out,new_york_city,M0,0,{},MEAN,0.412111801242236,75,49,4b07e38aa178d473616746c7fd9e2998b23db8ef8a244d2033c883d56f4e78af,
radius_25m,leave_city_out,new_york_city,M1,0,"{""C"": 0.1}",1,0.5526315789473684,45,27,73fbcc733dbbe30ba136dc157aa9e752b81a037f1a8ef29fb0599251b94bba87,5a2c7c97163c272c0a4ae4447edd35d671dc83ea1d919e373fcdc2679b37eae0
radius_25m,leave_city_out,new_york_city,M1,0,"{""C"": 0.1}",2,0.5833333333333333,60,14,532b45838b41c6dc9700da73a044da4ea0ae19ecd81402f28106ca2ff74dfcb9,11b8d57fbe13447f5923d688e01c091fe56bc4111d5f0ef77a877dd2cb184e8d
radius_25m,leave_city_out,new_york_city,M1,0,"{""C"": 0.1}",3,1.0,65,8,78a54bce5ff039c9341c66e72098abc14200280739f7d11346cc0752fd3aab49,653583388baf8fe0655e4666b2678431bca48b1fcbd259d36a48ac002f567cd1
radius_25m,leave_city_out,new_york_city,M1,0,"{""C"": 0.1}",MEAN,0.7119883040935672,75,49,4b07e38aa178d473616746c7fd9e2998b23db8ef8a244d2033c883d56f4e78af,
radius_25m,leave_city_out,new_york_city,M1,1,"{""C"": 1.0}",1,0.5454545454545454,45,27,73fbcc733dbbe30ba136dc157aa9e752b81a037f1a8ef29fb0599251b94bba87,5a2c7c97163c272c0a4ae4447edd35d671dc83ea1d919e373fcdc2679b37eae0
radius_25m,leave_city_out,new_york_city,M1,1,"{""C"": 1.0}",2,0.8333333333333333,60,14,532b45838b41c6dc9700da73a044da4ea0ae19ecd81402f28106ca2ff74dfcb9,11b8d57fbe13447f5923d688e01c091fe56bc4111d5f0ef77a877dd2cb184e8d
radius_25m,leave_city_out,new_york_city,M1,1,"{""C"": 1.0}",3,1.0,65,8,78a54bce5ff039c9341c66e72098abc14200280739f7d11346cc0752fd3aab49,653583388baf8fe0655e4666b2678431bca48b1fcbd259d36a48ac002f567cd1
radius_25m,leave_city_out,new_york_city,M1,1,"{""C"": 1.0}",MEAN,0.7929292929292929,75,49,4b07e38aa178d473616746c7fd9e2998b23db8ef8a244d2033c883d56f4e78af,
radius_25m,leave_city_out,new_york_city,M1,2,"{""C"": 10.0}",1,0.5434782608695652,45,27,73fbcc733dbbe30ba136dc157aa9e752b81a037f1a8ef29fb0599251b94bba87,5a2c7c97163c272c0a4ae4447edd35d671dc83ea1d919e373fcdc2679b37eae0
radius_25m,leave_city_out,new_york_city,M1,2,"{""C"": 10.0}",2,0.75,60,14,532b45838b41c6dc9700da73a044da4ea0ae19ecd81402f28106ca2ff74dfcb9,11b8d57fbe13447f5923d688e01c091fe56bc4111d5f0ef77a877dd2cb184e8d
radius_25m,leave_city_out,new_york_city,M1,2,"{""C"": 10.0}",3,0.9166666666666666,65,8,78a54bce5ff039c9341c66e72098abc14200280739f7d11346cc0752fd3aab49,653583388baf8fe0655e4666b2678431bca48b1fcbd259d36a48ac002f567cd1
radius_25m,leave_city_out,new_york_city,M1,2,"{""C"": 10.0}",MEAN,0.7367149758454107,75,49,4b07e38aa178d473616746c7fd9e2998b23db8ef8a244d2033c883d56f4e78af,
radius_25m,leave_city_out,new_york_city,M2,0,"{""max_depth"": 2, ""reg_lambda"": 10}",1,0.07407407407407407,45,27,73fbcc733dbbe30ba136dc157aa9e752b81a037f1a8ef29fb0599251b94bba87,5a2c7c97163c272c0a4ae4447edd35d671dc83ea1d919e373fcdc2679b37eae0
radius_25m,leave_city_out,new_york_city,M2,0,"{""max_depth"": 2, ""reg_lambda"": 10}",2,0.14285714285714285,60,14,532b45838b41c6dc9700da73a044da4ea0ae19ecd81402f28106ca2ff74dfcb9,11b8d57fbe13447f5923d688e01c091fe56bc4111d5f0ef77a877dd2cb184e8d
radius_25m,leave_city_out,new_york_city,M2,0,"{""max_depth"": 2, ""reg_lambda"": 10}",3,0.375,65,8,78a54bce5ff039c9341c66e72098abc14200280739f7d11346cc0752fd3aab49,653583388baf8fe0655e4666b2678431bca48b1fcbd259d36a48ac002f567cd1
radius_25m,leave_city_out,new_york_city,M2,0,"{""max_depth"": 2, ""reg_lambda"": 10}",MEAN,0.197310405643739,75,49,4b07e38aa178d473616746c7fd9e2998b23db8ef8a244d2033c883d56f4e78af,
radius_25m,leave_city_out,new_york_city,M2,1,"{""max_depth"": 2, ""reg_lambda"": 1}",1,0.07407407407407407,45,27,73fbcc733dbbe30ba136dc157aa9e752b81a037f1a8ef29fb0599251b94bba87,5a2c7c97163c272c0a4ae4447edd35d671dc83ea1d919e373fcdc2679b37eae0
radius_25m,leave_city_out,new_york_city,M2,1,"{""max_depth"": 2, ""reg_lambda"": 1}",2,0.14285714285714285,60,14,532b45838b41c6dc9700da73a044da4ea0ae19ecd81402f28106ca2ff74dfcb9,11b8d57fbe13447f5923d688e01c091fe56bc4111d5f0ef77a877dd2cb184e8d
radius_25m,leave_city_out,new_york_city,M2,1,"{""max_depth"": 2, ""reg_lambda"": 1}",3,0.375,65,8,78a54bce5ff039c9341c66e72098abc14200280739f7d11346cc0752fd3aab49,653583388baf8fe0655e4666b2678431bca48b1fcbd259d36a48ac002f567cd1
radius_25m,leave_city_out,new_york_city,M2,1,"{""max_depth"": 2, ""reg_lambda"": 1}",MEAN,0.197310405643739,75,49,4b07e38aa178d473616746c7fd9e2998b23db8ef8a244d2033c883d56f4e78af,
radius_25m,leave_city_out,new_york_city,M2,2,"{""max_depth"": 3, ""reg_lambda"": 10}",1,0.07407407407407407,45,27,73fbcc733dbbe30ba136dc157aa9e752b81a037f1a8ef29fb0599251b94bba87,5a2c7c97163c272c0a4ae4447edd35d671dc83ea1d919e373fcdc2679b37eae0
radius_25m,leave_city_out,new_york_city,M2,2,"{""max_depth"": 3, ""reg_lambda"": 10}",2,0.14285714285714285,60,14,532b45838b41c6dc9700da73a044da4ea0ae19ecd81402f28106ca2ff74dfcb9,11b8d57fbe13447f5923d688e01c091fe56bc4111d5f0ef77a877dd2cb184e8d
radius_25m,leave_city_out,new_york_city,M2,2,"{""max_depth"": 3, ""reg_lambda"": 10}",3,0.375,65,8,78a54bce5ff039c9341c66e72098abc14200280739f7d11346cc0752fd3aab49,653583388baf8fe0655e4666b2678431bca48b1fcbd259d36a48ac002f567cd1
radius_25m,leave_city_out,new_york_city,M2,2,"{""max_depth"": 3, ""reg_lambda"": 10}",MEAN,0.197310405643739,75,49,4b07e38aa178d473616746c7fd9e2998b23db8ef8a244d2033c883d56f4e78af,
radius_25m,leave_city_out,new_york_city,M2,3,"{""max_depth"": 3, ""reg_lambda"": 1}",1,0.07407407407407407,45,27,73fbcc733dbbe30ba136dc157aa9e752b81a037f1a8ef29fb0599251b94bba87,5a2c7c97163c272c0a4ae4447edd35d671dc83ea1d919e373fcdc2679b37eae0
radius_25m,leave_city_out,new_york_city,M2,3,"{""max_depth"": 3, ""reg_lambda"": 1}",2,0.14285714285714285,60,14,532b45838b41c6dc9700da73a044da4ea0ae19ecd81402f28106ca2ff74dfcb9,11b8d57fbe13447f5923d688e01c091fe56bc4111d5f0ef77a877dd2cb184e8d
radius_25m,leave_city_out,new_york_city,M2,3,"{""max_depth"": 3, ""reg_lambda"": 1}",3,0.375,65,8,78a54bce5ff039c9341c66e72098abc14200280739f7d11346cc0752fd3aab49,653583388baf8fe0655e4666b2678431bca48b1fcbd259d36a48ac002f567cd1
radius_25m,leave_city_out,new_york_city,M2,3,"{""max_depth"": 3, ""reg_lambda"": 1}",MEAN,0.197310405643739,75,49,4b07e38aa178d473616746c7fd9e2998b23db8ef8a244d2033c883d56f4e78af,
radius_25m,leave_city_out,buffalo,M0,0,{},0,0.13760198135198135,1074,72,671046a14446ff4015986ff5262aa3698381a3c2d59f4c64dab780141e9c6a8e,6ec3b019816e1672014f2b6c44139d77a453e8a723aa94c99ff1a339dc270ab2
radius_25m,leave_city_out,buffalo,M0,0,{},1,0.5590565432494106,630,462,206676a1f8fb0de7fd3881e543459e91841dc6823d88e14b853d0b3a35bb15f6,50e9c4f001ca1bfc479c6d714b059b22a4ee665e3f4652a57b7aab6f63934769
radius_25m,leave_city_out,buffalo,M0,0,{},2,0.37838257353222193,880,234,e050a2baada4ff941346efe32b5b49b3c5f0a2e3c20956c8af14a6455f9e976c,409c79794d38a24274df78762d0b1ba3b4cd6c0a5fbd0988a82afc694ef7732d
radius_25m,leave_city_out,buffalo,M0,0,{},3,0.5435754829952346,969,141,318dab8b80992d06d6ec7c7cc693bdad454aac3c5afdd86c1594a0cac149678b,0286f39a5636f04b9afb4b6bdfab7020561b6273fbd078045b744f20fcc2c79b
radius_25m,leave_city_out,buffalo,M0,0,{},4,0.5145488442633208,897,237,66317126577059cbd46aff8dbbe681694833a83155a328775c4fbe8631d69d2a,bc524ad27226077fc692991851c29694964ebc67e0b748288337c5284d584be1
radius_25m,leave_city_out,buffalo,M0,0,{},MEAN,0.4266330850784339,1146,1146,9dd1d722e953dca421a30bafacd210c5427ef16a1028f11b2a6137b168f0af9b,
radius_25m,leave_city_out,buffalo,M1,0,"{""C"": 0.1}",0,0.22984143049932523,1074,72,671046a14446ff4015986ff5262aa3698381a3c2d59f4c64dab780141e9c6a8e,6ec3b019816e1672014f2b6c44139d77a453e8a723aa94c99ff1a339dc270ab2
radius_25m,leave_city_out,buffalo,M1,0,"{""C"": 0.1}",1,0.580543522568989,630,462,206676a1f8fb0de7fd3881e543459e91841dc6823d88e14b853d0b3a35bb15f6,50e9c4f001ca1bfc479c6d714b059b22a4ee665e3f4652a57b7aab6f63934769
radius_25m,leave_city_out,buffalo,M1,0,"{""C"": 0.1}",2,0.3998508141425031,880,234,e050a2baada4ff941346efe32b5b49b3c5f0a2e3c20956c8af14a6455f9e976c,409c79794d38a24274df78762d0b1ba3b4cd6c0a5fbd0988a82afc694ef7732d
radius_25m,leave_city_out,buffalo,M1,0,"{""C"": 0.1}",3,0.4950184529917906,969,141,318dab8b80992d06d6ec7c7cc693bdad454aac3c5afdd86c1594a0cac149678b,0286f39a5636f04b9afb4b6bdfab7020561b6273fbd078045b744f20fcc2c79b
radius_25m,leave_city_out,buffalo,M1,0,"{""C"": 0.1}",4,0.5333587549104529,897,237,66317126577059cbd46aff8dbbe681694833a83155a328775c4fbe8631d69d2a,bc524ad27226077fc692991851c29694964ebc67e0b748288337c5284d584be1
radius_25m,leave_city_out,buffalo,M1,0,"{""C"": 0.1}",MEAN,0.44772259502261225,1146,1146,9dd1d722e953dca421a30bafacd210c5427ef16a1028f11b2a6137b168f0af9b,
radius_25m,leave_city_out,buffalo,M1,1,"{""C"": 1.0}",0,0.2875457875457875,1074,72,671046a14446ff4015986ff5262aa3698381a3c2d59f4c64dab780141e9c6a8e,6ec3b019816e1672014f2b6c44139d77a453e8a723aa94c99ff1a339dc270ab2
radius_25m,leave_city_out,buffalo,M1,1,"{""C"": 1.0}",1,0.5803347188967483,630,462,206676a1f8fb0de7fd3881e543459e91841dc6823d88e14b853d0b3a35bb15f6,50e9c4f001ca1bfc479c6d714b059b22a4ee665e3f4652a57b7aab6f63934769
radius_25m,leave_city_out,buffalo,M1,1,"{""C"": 1.0}",2,0.3801428577675126,880,234,e050a2baada4ff941346efe32b5b49b3c5f0a2e3c20956c8af14a6455f9e976c,409c79794d38a24274df78762d0b1ba3b4cd6c0a5fbd0988a82afc694ef7732d
radius_25m,leave_city_out,buffalo,M1,1,"{""C"": 1.0}",3,0.49752221277893904,969,141,318dab8b80992d06d6ec7c7cc693bdad454aac3c5afdd86c1594a0cac149678b,0286f39a5636f04b9afb4b6bdfab7020561b6273fbd078045b744f20fcc2c79b
radius_25m,leave_city_out,buffalo,M1,1,"{""C"": 1.0}",4,0.5423352103727246,897,237,66317126577059cbd46aff8dbbe681694833a83155a328775c4fbe8631d69d2a,bc524ad27226077fc692991851c29694964ebc67e0b748288337c5284d584be1
radius_25m,leave_city_out,buffalo,M1,1,"{""C"": 1.0}",MEAN,0.4575761574723424,1146,1146,9dd1d722e953dca421a30bafacd210c5427ef16a1028f11b2a6137b168f0af9b,
radius_25m,leave_city_out,buffalo,M1,2,"{""C"": 10.0}",0,0.2875457875457875,1074,72,671046a14446ff4015986ff5262aa3698381a3c2d59f4c64dab780141e9c6a8e,6ec3b019816e1672014f2b6c44139d77a453e8a723aa94c99ff1a339dc270ab2
radius_25m,leave_city_out,buffalo,M1,2,"{""C"": 10.0}",1,0.5804014069734607,630,462,206676a1f8fb0de7fd3881e543459e91841dc6823d88e14b853d0b3a35bb15f6,50e9c4f001ca1bfc479c6d714b059b22a4ee665e3f4652a57b7aab6f63934769
radius_25m,leave_city_out,buffalo,M1,2,"{""C"": 10.0}",2,0.37778257872013465,880,234,e050a2baada4ff941346efe32b5b49b3c5f0a2e3c20956c8af14a6455f9e976c,409c79794d38a24274df78762d0b1ba3b4cd6c0a5fbd0988a82afc694ef7732d
radius_25m,leave_city_out,buffalo,M1,2,"{""C"": 10.0}",3,0.500234832167999,969,141,318dab8b80992d06d6ec7c7cc693bdad454aac3c5afdd86c1594a0cac149678b,0286f39a5636f04b9afb4b6bdfab7020561b6273fbd078045b744f20fcc2c79b
radius_25m,leave_city_out,buffalo,M1,2,"{""C"": 10.0}",4,0.5442856808267763,897,237,66317126577059cbd46aff8dbbe681694833a83155a328775c4fbe8631d69d2a,bc524ad27226077fc692991851c29694964ebc67e0b748288337c5284d584be1
radius_25m,leave_city_out,buffalo,M1,2,"{""C"": 10.0}",MEAN,0.4580500572468316,1146,1146,9dd1d722e953dca421a30bafacd210c5427ef16a1028f11b2a6137b168f0af9b,
radius_25m,leave_city_out,buffalo,M2,0,"{""max_depth"": 2, ""reg_lambda"": 10}",0,0.2039534668149796,1074,72,671046a14446ff4015986ff5262aa3698381a3c2d59f4c64dab780141e9c6a8e,6ec3b019816e1672014f2b6c44139d77a453e8a723aa94c99ff1a339dc270ab2
radius_25m,leave_city_out,buffalo,M2,0,"{""max_depth"": 2, ""reg_lambda"": 10}",1,0.5296072225839465,630,462,206676a1f8fb0de7fd3881e543459e91841dc6823d88e14b853d0b3a35bb15f6,50e9c4f001ca1bfc479c6d714b059b22a4ee665e3f4652a57b7aab6f63934769
radius_25m,leave_city_out,buffalo,M2,0,"{""max_depth"": 2, ""reg_lambda"": 10}",2,0.3644499318302232,880,234,e050a2baada4ff941346efe32b5b49b3c5f0a2e3c20956c8af14a6455f9e976c,409c79794d38a24274df78762d0b1ba3b4cd6c0a5fbd0988a82afc694ef7732d
radius_25m,leave_city_out,buffalo,M2,0,"{""max_depth"": 2, ""reg_lambda"": 10}",3,0.4667845025891924,969,141,318dab8b80992d06d6ec7c7cc693bdad454aac3c5afdd86c1594a0cac149678b,0286f39a5636f04b9afb4b6bdfab7020561b6273fbd078045b744f20fcc2c79b
radius_25m,leave_city_out,buffalo,M2,0,"{""max_depth"": 2, ""reg_lambda"": 10}",4,0.5154317138136008,897,237,66317126577059cbd46aff8dbbe681694833a83155a328775c4fbe8631d69d2a,bc524ad27226077fc692991851c29694964ebc67e0b748288337c5284d584be1
radius_25m,leave_city_out,buffalo,M2,0,"{""max_depth"": 2, ""reg_lambda"": 10}",MEAN,0.41604536752638854,1146,1146,9dd1d722e953dca421a30bafacd210c5427ef16a1028f11b2a6137b168f0af9b,
radius_25m,leave_city_out,buffalo,M2,1,"{""max_depth"": 2, ""reg_lambda"": 1}",0,0.20651830808080807,1074,72,671046a14446ff4015986ff5262aa3698381a3c2d59f4c64dab780141e9c6a8e,6ec3b019816e1672014f2b6c44139d77a453e8a723aa94c99ff1a339dc270ab2
radius_25m,leave_city_out,buffalo,M2,1,"{""max_depth"": 2, ""reg_lambda"": 1}",1,0.520331039690634,630,462,206676a1f8fb0de7fd3881e543459e91841dc6823d88e14b853d0b3a35bb15f6,50e9c4f001ca1bfc479c6d714b059b22a4ee665e3f4652a57b7aab6f63934769
radius_25m,leave_city_out,buffalo,M2,1,"{""max_depth"": 2, ""reg_lambda"": 1}",2,0.3424028527271211,880,234,e050a2baada4ff941346efe32b5b49b3c5f0a2e3c20956c8af14a6455f9e976c,409c79794d38a24274df78762d0b1ba3b4cd6c0a5fbd0988a82afc694ef7732d
radius_25m,leave_city_out,buffalo,M2,1,"{""max_depth"": 2, ""reg_lambda"": 1}",3,0.4826789264794945,969,141,318dab8b80992d06d6ec7c7cc693bdad454aac3c5afdd86c1594a0cac149678b,0286f39a5636f04b9afb4b6bdfab7020561b6273fbd078045b744f20fcc2c79b
radius_25m,leave_city_out,buffalo,M2,1,"{""max_depth"": 2, ""reg_lambda"": 1}",4,0.4868292695059089,897,237,66317126577059cbd46aff8dbbe681694833a83155a328775c4fbe8631d69d2a,bc524ad27226077fc692991851c29694964ebc67e0b748288337c5284d584be1
radius_25m,leave_city_out,buffalo,M2,1,"{""max_depth"": 2, ""reg_lambda"": 1}",MEAN,0.4077520792967933,1146,1146,9dd1d722e953dca421a30bafacd210c5427ef16a1028f11b2a6137b168f0af9b,
radius_25m,leave_city_out,buffalo,M2,2,"{""max_depth"": 3, ""reg_lambda"": 10}",0,0.17869047619047618,1074,72,671046a14446ff4015986ff5262aa3698381a3c2d59f4c64dab780141e9c6a8e,6ec3b019816e1672014f2b6c44139d77a453e8a723aa94c99ff1a339dc270ab2
radius_25m,leave_city_out,buffalo,M2,2,"{""max_depth"": 3, ""reg_lambda"": 10}",1,0.5191118959204698,630,462,206676a1f8fb0de7fd3881e543459e91841dc6823d88e14b853d0b3a35bb15f6,50e9c4f001ca1bfc479c6d714b059b22a4ee665e3f4652a57b7aab6f63934769
radius_25m,leave_city_out,buffalo,M2,2,"{""max_depth"": 3, ""reg_lambda"": 10}",2,0.34171094654510176,880,234,e050a2baada4ff941346efe32b5b49b3c5f0a2e3c20956c8af14a6455f9e976c,409c79794d38a24274df78762d0b1ba3b4cd6c0a5fbd0988a82afc694ef7732d
radius_25m,leave_city_out,buffalo,M2,2,"{""max_depth"": 3, ""reg_lambda"": 10}",3,0.48838774327691625,969,141,318dab8b80992d06d6ec7c7cc693bdad454aac3c5afdd86c1594a0cac149678b,0286f39a5636f04b9afb4b6bdfab7020561b6273fbd078045b744f20fcc2c79b
radius_25m,leave_city_out,buffalo,M2,2,"{""max_depth"": 3, ""reg_lambda"": 10}",4,0.49258948582162193,897,237,66317126577059cbd46aff8dbbe681694833a83155a328775c4fbe8631d69d2a,bc524ad27226077fc692991851c29694964ebc67e0b748288337c5284d584be1
radius_25m,leave_city_out,buffalo,M2,2,"{""max_depth"": 3, ""reg_lambda"": 10}",MEAN,0.4040981095509172,1146,1146,9dd1d722e953dca421a30bafacd210c5427ef16a1028f11b2a6137b168f0af9b,
radius_25m,leave_city_out,buffalo,M2,3,"{""max_depth"": 3, ""reg_lambda"": 1}",0,0.1502199413489736,1074,72,671046a14446ff4015986ff5262aa3698381a3c2d59f4c64dab780141e9c6a8e,6ec3b019816e1672014f2b6c44139d77a453e8a723aa94c99ff1a339dc270ab2
radius_25m,leave_city_out,buffalo,M2,3,"{""max_depth"": 3, ""reg_lambda"": 1}",1,0.5208927368993969,630,462,206676a1f8fb0de7fd3881e543459e91841dc6823d88e14b853d0b3a35bb15f6,50e9c4f001ca1bfc479c6d714b059b22a4ee665e3f4652a57b7aab6f63934769
radius_25m,leave_city_out,buffalo,M2,3,"{""max_depth"": 3, ""reg_lambda"": 1}",2,0.3197128161475596,880,234,e050a2baada4ff941346efe32b5b49b3c5f0a2e3c20956c8af14a6455f9e976c,409c79794d38a24274df78762d0b1ba3b4cd6c0a5fbd0988a82afc694ef7732d
radius_25m,leave_city_out,buffalo,M2,3,"{""max_depth"": 3, ""reg_lambda"": 1}",3,0.4582222435682443,969,141,318dab8b80992d06d6ec7c7cc693bdad454aac3c5afdd86c1594a0cac149678b,0286f39a5636f04b9afb4b6bdfab7020561b6273fbd078045b744f20fcc2c79b
radius_25m,leave_city_out,buffalo,M2,3,"{""max_depth"": 3, ""reg_lambda"": 1}",4,0.4597636505219474,897,237,66317126577059cbd46aff8dbbe681694833a83155a328775c4fbe8631d69d2a,bc524ad27226077fc692991851c29694964ebc67e0b748288337c5284d584be1
radius_25m,leave_city_out,buffalo,M2,3,"{""max_depth"": 3, ""reg_lambda"": 1}",MEAN,0.3817622776972244,1146,1146,9dd1d722e953dca421a30bafacd210c5427ef16a1028f11b2a6137b168f0af9b,
radius_25m,leave_city_out,rochester,M0,0,{},0,0.08336707152496625,1073,85,7f0f18459696577fc6f1bef5ec01ac3903fe8980f370a669c39609e27c6f6285,a08aae971d36119e88159fb2bc2a023e97a48222682fd74656303efcb37c1133
radius_25m,leave_city_out,rochester,M0,0,{},1,0.5586895974228212,633,473,8eaa7b5a3d80ec44fc9bc7149845fa63563319a4388f90316d589be11fc22238,7e86f55b9aded5a04a8d086ebadfe9aa4fab584a501d0bcef3b6c1a09300b28f
radius_25m,leave_city_out,rochester,M0,0,{},2,0.3851669796140409,906,226,39a293a8bb8266f15542023b91b4086afd6b4b647187b855182be129664a4477,1bf36cf2f0fbda4789915d1de30950c1b3be47bd8a1e6f3681c08a755bfc871d
radius_25m,leave_city_out,rochester,M0,0,{},3,0.5454214622314674,984,141,b1cebb051688ab4b4971132f4183c70f371c36b1d79c126429f74ea8e72a4d1e,149197e5fa72e48c82d7d99d1a07fb70a032d2a99b45962a60009dff629e6060
radius_25m,leave_city_out,rochester,M0,0,{},4,0.5134307347331404,914,238,f0fe70c73667b75ef63e488f6c2e1a3dc188ca42928198ec8c7716463cd43b31,e4349262ae92e0c3c6e2b83af094d74f382af17820f75b3797f4d8394f24926b
radius_25m,leave_city_out,rochester,M0,0,{},MEAN,0.41721516910528733,1163,1163,566b48ff0ff88800a77fd1aa0670f084181be443c320f83f3a0189e2aa67d26d,
radius_25m,leave_city_out,rochester,M1,0,"{""C"": 0.1}",0,0.22380952380952382,1073,85,7f0f18459696577fc6f1bef5ec01ac3903fe8980f370a669c39609e27c6f6285,a08aae971d36119e88159fb2bc2a023e97a48222682fd74656303efcb37c1133
radius_25m,leave_city_out,rochester,M1,0,"{""C"": 0.1}",1,0.5807048260680184,633,473,8eaa7b5a3d80ec44fc9bc7149845fa63563319a4388f90316d589be11fc22238,7e86f55b9aded5a04a8d086ebadfe9aa4fab584a501d0bcef3b6c1a09300b28f
radius_25m,leave_city_out,rochester,M1,0,"{""C"": 0.1}",2,0.3909063107711496,906,226,39a293a8bb8266f15542023b91b4086afd6b4b647187b855182be129664a4477,1bf36cf2f0fbda4789915d1de30950c1b3be47bd8a1e6f3681c08a755bfc871d
radius_25m,leave_city_out,rochester,M1,0,"{""C"": 0.1}",3,0.49827289245445117,984,141,b1cebb051688ab4b4971132f4183c70f371c36b1d79c126429f74ea8e72a4d1e,149197e5fa72e48c82d7d99d1a07fb70a032d2a99b45962a60009dff629e6060
radius_25m,leave_city_out,rochester,M1,0,"{""C"": 0.1}",4,0.5310642231362762,914,238,f0fe70c73667b75ef63e488f6c2e1a3dc188ca42928198ec8c7716463cd43b31,e4349262ae92e0c3c6e2b83af094d74f382af17820f75b3797f4d8394f24926b
radius_25m,leave_city_out,rochester,M1,0,"{""C"": 0.1}",MEAN,0.4449515552478839,1163,1163,566b48ff0ff88800a77fd1aa0670f084181be443c320f83f3a0189e2aa67d26d,
radius_25m,leave_city_out,rochester,M1,1,"{""C"": 1.0}",0,0.17774170274170276,1073,85,7f0f18459696577fc6f1bef5ec01ac3903fe8980f370a669c39609e27c6f6285,a08aae971d36119e88159fb2bc2a023e97a48222682fd74656303efcb37c1133
radius_25m,leave_city_out,rochester,M1,1,"{""C"": 1.0}",1,0.5818132912016001,633,473,8eaa7b5a3d80ec44fc9bc7149845fa63563319a4388f90316d589be11fc22238,7e86f55b9aded5a04a8d086ebadfe9aa4fab584a501d0bcef3b6c1a09300b28f
radius_25m,leave_city_out,rochester,M1,1,"{""C"": 1.0}",2,0.38435900666930833,906,226,39a293a8bb8266f15542023b91b4086afd6b4b647187b855182be129664a4477,1bf36cf2f0fbda4789915d1de30950c1b3be47bd8a1e6f3681c08a755bfc871d
radius_25m,leave_city_out,rochester,M1,1,"{""C"": 1.0}",3,0.5067550360879339,984,141,b1cebb051688ab4b4971132f4183c70f371c36b1d79c126429f74ea8e72a4d1e,149197e5fa72e48c82d7d99d1a07fb70a032d2a99b45962a60009dff629e6060
radius_25m,leave_city_out,rochester,M1,1,"{""C"": 1.0}",4,0.5377172658820139,914,238,f0fe70c73667b75ef63e488f6c2e1a3dc188ca42928198ec8c7716463cd43b31,e4349262ae92e0c3c6e2b83af094d74f382af17820f75b3797f4d8394f24926b
radius_25m,leave_city_out,rochester,M1,1,"{""C"": 1.0}",MEAN,0.4376772605165118,1163,1163,566b48ff0ff88800a77fd1aa0670f084181be443c320f83f3a0189e2aa67d26d,
radius_25m,leave_city_out,rochester,M1,2,"{""C"": 10.0}",0,0.1694083694083694,1073,85,7f0f18459696577fc6f1bef5ec01ac3903fe8980f370a669c39609e27c6f6285,a08aae971d36119e88159fb2bc2a023e97a48222682fd74656303efcb37c1133
radius_25m,leave_city_out,rochester,M1,2,"{""C"": 10.0}",1,0.5822138093329352,633,473,8eaa7b5a3d80ec44fc9bc7149845fa63563319a4388f90316d589be11fc22238,7e86f55b9aded5a04a8d086ebadfe9aa4fab584a501d0bcef3b6c1a09300b28f
radius_25m,leave_city_out,rochester,M1,2,"{""C"": 10.0}",2,0.3846872898726773,906,226,39a293a8bb8266f15542023b91b4086afd6b4b647187b855182be129664a4477,1bf36cf2f0fbda4789915d1de30950c1b3be47bd8a1e6f3681c08a755bfc871d
radius_25m,leave_city_out,rochester,M1,2,"{""C"": 10.0}",3,0.5080339743084912,984,141,b1cebb051688ab4b4971132f4183c70f371c36b1d79c126429f74ea8e72a4d1e,149197e5fa72e48c82d7d99d1a07fb70a032d2a99b45962a60009dff629e6060
radius_25m,leave_city_out,rochester,M1,2,"{""C"": 10.0}",4,0.5380226713415329,914,238,f0fe70c73667b75ef63e488f6c2e1a3dc188ca42928198ec8c7716463cd43b31,e4349262ae92e0c3c6e2b83af094d74f382af17820f75b3797f4d8394f24926b
radius_25m,leave_city_out,rochester,M1,2,"{""C"": 10.0}",MEAN,0.43647322285280127,1163,1163,566b48ff0ff88800a77fd1aa0670f084181be443c320f83f3a0189e2aa67d26d,
radius_25m,leave_city_out,rochester,M2,0,"{""max_depth"": 2, ""reg_lambda"": 10}",0,0.26879795396419437,1073,85,7f0f18459696577fc6f1bef5ec01ac3903fe8980f370a669c39609e27c6f6285,a08aae971d36119e88159fb2bc2a023e97a48222682fd74656303efcb37c1133
radius_25m,leave_city_out,rochester,M2,0,"{""max_depth"": 2, ""reg_lambda"": 10}",1,0.5237456117193525,633,473,8eaa7b5a3d80ec44fc9bc7149845fa63563319a4388f90316d589be11fc22238,7e86f55b9aded5a04a8d086ebadfe9aa4fab584a501d0bcef3b6c1a09300b28f
radius_25m,leave_city_out,rochester,M2,0,"{""max_depth"": 2, ""reg_lambda"": 10}",2,0.35641104179929595,906,226,39a293a8bb8266f15542023b91b4086afd6b4b647187b855182be129664a4477,1bf36cf2f0fbda4789915d1de30950c1b3be47bd8a1e6f3681c08a755bfc871d
radius_25m,leave_city_out,rochester,M2,0,"{""max_depth"": 2, ""reg_lambda"": 10}",3,0.4677431513738804,984,141,b1cebb051688ab4b4971132f4183c70f371c36b1d79c126429f74ea8e72a4d1e,149197e5fa72e48c82d7d99d1a07fb70a032d2a99b45962a60009dff629e6060
radius_25m,leave_city_out,rochester,M2,0,"{""max_depth"": 2, ""reg_lambda"": 10}",4,0.5166389176240537,914,238,f0fe70c73667b75ef63e488f6c2e1a3dc188ca42928198ec8c7716463cd43b31,e4349262ae92e0c3c6e2b83af094d74f382af17820f75b3797f4d8394f24926b
radius_25m,leave_city_out,rochester,M2,0,"{""max_depth"": 2, ""reg_lambda"": 10}",MEAN,0.4266673352961554,1163,1163,566b48ff0ff88800a77fd1aa0670f084181be443c320f83f3a0189e2aa67d26d,
radius_25m,leave_city_out,rochester,M2,1,"{""max_depth"": 2, ""reg_lambda"": 1}",0,0.21250000000000002,1073,85,7f0f18459696577fc6f1bef5ec01ac3903fe8980f370a669c39609e27c6f6285,a08aae971d36119e88159fb2bc2a023e97a48222682fd74656303efcb37c1133
radius_25m,leave_city_out,rochester,M2,1,"{""max_depth"": 2, ""reg_lambda"": 1}",1,0.5304497176537871,633,473,8eaa7b5a3d80ec44fc9bc7149845fa63563319a4388f90316d589be11fc22238,7e86f55b9aded5a04a8d086ebadfe9aa4fab584a501d0bcef3b6c1a09300b28f
radius_25m,leave_city_out,rochester,M2,1,"{""max_depth"": 2, ""reg_lambda"": 1}",2,0.3524342734072651,906,226,39a293a8bb8266f15542023b91b4086afd6b4b647187b855182be129664a4477,1bf36cf2f0fbda4789915d1de30950c1b3be47bd8a1e6f3681c08a755bfc871d
radius_25m,leave_city_out,rochester,M2,1,"{""max_depth"": 2, ""reg_lambda"": 1}",3,0.47078440217864076,984,141,b1cebb051688ab4b4971132f4183c70f371c36b1d79c126429f74ea8e72a4d1e,149197e5fa72e48c82d7d99d1a07fb70a032d2a99b45962a60009dff629e6060
radius_25m,leave_city_out,rochester,M2,1,"{""max_depth"": 2, ""reg_lambda"": 1}",4,0.5059254418150255,914,238,f0fe70c73667b75ef63e488f6c2e1a3dc188ca42928198ec8c7716463cd43b31,e4349262ae92e0c3c6e2b83af094d74f382af17820f75b3797f4d8394f24926b
radius_25m,leave_city_out,rochester,M2,1,"{""max_depth"": 2, ""reg_lambda"": 1}",MEAN,0.4144187670109437,1163,1163,566b48ff0ff88800a77fd1aa0670f084181be443c320f83f3a0189e2aa67d26d,
radius_25m,leave_city_out,rochester,M2,2,"{""max_depth"": 3, ""reg_lambda"": 10}",0,0.25160075329566856,1073,85,7f0f18459696577fc6f1bef5ec01ac3903fe8980f370a669c39609e27c6f6285,a08aae971d36119e88159fb2bc2a023e97a48222682fd74656303efcb37c1133
radius_25m,leave_city_out,rochester,M2,2,"{""max_depth"": 3, ""reg_lambda"": 10}",1,0.5170811824113599,633,473,8eaa7b5a3d80ec44fc9bc7149845fa63563319a4388f90316d589be11fc22238,7e86f55b9aded5a04a8d086ebadfe9aa4fab584a501d0bcef3b6c1a09300b28f
radius_25m,leave_city_out,rochester,M2,2,"{""max_depth"": 3, ""reg_lambda"": 10}",2,0.3428426628639203,906,226,39a293a8bb8266f15542023b91b4086afd6b4b647187b855182be129664a4477,1bf36cf2f0fbda4789915d1de30950c1b3be47bd8a1e6f3681c08a755bfc871d
radius_25m,leave_city_out,rochester,M2,2,"{""max_depth"": 3, ""reg_lambda"": 10}",3,0.488439216065169,984,141,b1cebb051688ab4b4971132f4183c70f371c36b1d79c126429f74ea8e72a4d1e,149197e5fa72e48c82d7d99d1a07fb70a032d2a99b45962a60009dff629e6060
radius_25m,leave_city_out,rochester,M2,2,"{""max_depth"": 3, ""reg_lambda"": 10}",4,0.5113567020436761,914,238,f0fe70c73667b75ef63e488f6c2e1a3dc188ca42928198ec8c7716463cd43b31,e4349262ae92e0c3c6e2b83af094d74f382af17820f75b3797f4d8394f24926b
radius_25m,leave_city_out,rochester,M2,2,"{""max_depth"": 3, ""reg_lambda"": 10}",MEAN,0.42226410333595876,1163,1163,566b48ff0ff88800a77fd1aa0670f084181be443c320f83f3a0189e2aa67d26d,
radius_25m,leave_city_out,rochester,M2,3,"{""max_depth"": 3, ""reg_lambda"": 1}",0,0.5534420289855073,1073,85,7f0f18459696577fc6f1bef5ec01ac3903fe8980f370a669c39609e27c6f6285,a08aae971d36119e88159fb2bc2a023e97a48222682fd74656303efcb37c1133
radius_25m,leave_city_out,rochester,M2,3,"{""max_depth"": 3, ""reg_lambda"": 1}",1,0.5247044219215546,633,473,8eaa7b5a3d80ec44fc9bc7149845fa63563319a4388f90316d589be11fc22238,7e86f55b9aded5a04a8d086ebadfe9aa4fab584a501d0bcef3b6c1a09300b28f
radius_25m,leave_city_out,rochester,M2,3,"{""max_depth"": 3, ""reg_lambda"": 1}",2,0.3385075993112381,906,226,39a293a8bb8266f15542023b91b4086afd6b4b647187b855182be129664a4477,1bf36cf2f0fbda4789915d1de30950c1b3be47bd8a1e6f3681c08a755bfc871d
radius_25m,leave_city_out,rochester,M2,3,"{""max_depth"": 3, ""reg_lambda"": 1}",3,0.4516504436046416,984,141,b1cebb051688ab4b4971132f4183c70f371c36b1d79c126429f74ea8e72a4d1e,149197e5fa72e48c82d7d99d1a07fb70a032d2a99b45962a60009dff629e6060
radius_25m,leave_city_out,rochester,M2,3,"{""max_depth"": 3, ""reg_lambda"": 1}",4,0.4922839639806552,914,238,f0fe70c73667b75ef63e488f6c2e1a3dc188ca42928198ec8c7716463cd43b31,e4349262ae92e0c3c6e2b83af094d74f382af17820f75b3797f4d8394f24926b
radius_25m,leave_city_out,rochester,M2,3,"{""max_depth"": 3, ""reg_lambda"": 1}",MEAN,0.47211769156071937,1163,1163,566b48ff0ff88800a77fd1aa0670f084181be443c320f83f3a0189e2aa67d26d,
radius_100m,spatial,fold_0,M0,0,{},1,0.9671076455116309,569,477,17a5e53f46233dee377aeb2380eccf49461b3e71e55404caf0ffa601fa8b7075,f1293a4fca746c51f3c850a27fba5af34e647aad2430ec33864785b33a581f6b
radius_100m,spatial,fold_0,M0,0,{},2,0.8377882670457915,831,237,261455e102f6b71a18175b741422522ebe18e3b42b0fcbd953431f770d3ec3d0,efe591227166b872ea94a8c660e07c097d02b84086b60bc72a4108c9816dc163
radius_100m,spatial,fold_0,M0,0,{},3,0.9809649291126739,920,144,48b82b19bb788aff6c957b8ebbf3fd4a70ad0d6145a35258dcfbf5955f100073,ab3d116292cbaaabc1d797bfeca851bfa8627583ac8879964e65d3733c180e92
radius_100m,spatial,fold_0,M0,0,{},4,0.923625861224602,846,242,2502cf0c9925b967146d29e9f184ea853b641463de27b4e304a442eb558b5159,4df90deeb1a597a40e203989aae9cc0bf6fb7a993b92957260993e8d2f86756d
radius_100m,spatial,fold_0,M0,0,{},MEAN,0.9273716757236745,1100,1100,9bfb63a9b4e11d73994a2a418af4f3916a2b9145d3378cf0dc797c31216db51b,
radius_100m,spatial,fold_0,M1,0,"{""C"": 0.1}",1,0.9681781045731712,569,477,17a5e53f46233dee377aeb2380eccf49461b3e71e55404caf0ffa601fa8b7075,f1293a4fca746c51f3c850a27fba5af34e647aad2430ec33864785b33a581f6b
radius_100m,spatial,fold_0,M1,0,"{""C"": 0.1}",2,0.8389698548915421,831,237,261455e102f6b71a18175b741422522ebe18e3b42b0fcbd953431f770d3ec3d0,efe591227166b872ea94a8c660e07c097d02b84086b60bc72a4108c9816dc163
radius_100m,spatial,fold_0,M1,0,"{""C"": 0.1}",3,0.9834564199983996,920,144,48b82b19bb788aff6c957b8ebbf3fd4a70ad0d6145a35258dcfbf5955f100073,ab3d116292cbaaabc1d797bfeca851bfa8627583ac8879964e65d3733c180e92
radius_100m,spatial,fold_0,M1,0,"{""C"": 0.1}",4,0.9320616093826483,846,242,2502cf0c9925b967146d29e9f184ea853b641463de27b4e304a442eb558b5159,4df90deeb1a597a40e203989aae9cc0bf6fb7a993b92957260993e8d2f86756d
radius_100m,spatial,fold_0,M1,0,"{""C"": 0.1}",MEAN,0.9306664972114403,1100,1100,9bfb63a9b4e11d73994a2a418af4f3916a2b9145d3378cf0dc797c31216db51b,
radius_100m,spatial,fold_0,M1,1,"{""C"": 1.0}",1,0.9694914289209792,569,477,17a5e53f46233dee377aeb2380eccf49461b3e71e55404caf0ffa601fa8b7075,f1293a4fca746c51f3c850a27fba5af34e647aad2430ec33864785b33a581f6b
radius_100m,spatial,fold_0,M1,1,"{""C"": 1.0}",2,0.8334820700734198,831,237,261455e102f6b71a18175b741422522ebe18e3b42b0fcbd953431f770d3ec3d0,efe591227166b872ea94a8c660e07c097d02b84086b60bc72a4108c9816dc163
radius_100m,spatial,fold_0,M1,1,"{""C"": 1.0}",3,0.9837065530619098,920,144,48b82b19bb788aff6c957b8ebbf3fd4a70ad0d6145a35258dcfbf5955f100073,ab3d116292cbaaabc1d797bfeca851bfa8627583ac8879964e65d3733c180e92
radius_100m,spatial,fold_0,M1,1,"{""C"": 1.0}",4,0.9305116878349449,846,242,2502cf0c9925b967146d29e9f184ea853b641463de27b4e304a442eb558b5159,4df90deeb1a597a40e203989aae9cc0bf6fb7a993b92957260993e8d2f86756d
radius_100m,spatial,fold_0,M1,1,"{""C"": 1.0}",MEAN,0.9292979349728134,1100,1100,9bfb63a9b4e11d73994a2a418af4f3916a2b9145d3378cf0dc797c31216db51b,
radius_100m,spatial,fold_0,M1,2,"{""C"": 10.0}",1,0.9696237806122641,569,477,17a5e53f46233dee377aeb2380eccf49461b3e71e55404caf0ffa601fa8b7075,f1293a4fca746c51f3c850a27fba5af34e647aad2430ec33864785b33a581f6b
radius_100m,spatial,fold_0,M1,2,"{""C"": 10.0}",2,0.8311778500682373,831,237,261455e102f6b71a18175b741422522ebe18e3b42b0fcbd953431f770d3ec3d0,efe591227166b872ea94a8c660e07c097d02b84086b60bc72a4108c9816dc163
radius_100m,spatial,fold_0,M1,2,"{""C"": 10.0}",3,0.9837077991901626,920,144,48b82b19bb788aff6c957b8ebbf3fd4a70ad0d6145a35258dcfbf5955f100073,ab3d116292cbaaabc1d797bfeca851bfa8627583ac8879964e65d3733c180e92
radius_100m,spatial,fold_0,M1,2,"{""C"": 10.0}",4,0.9299368608596397,846,242,2502cf0c9925b967146d29e9f184ea853b641463de27b4e304a442eb558b5159,4df90deeb1a597a40e203989aae9cc0bf6fb7a993b92957260993e8d2f86756d
radius_100m,spatial,fold_0,M1,2,"{""C"": 10.0}",MEAN,0.928611572682576,1100,1100,9bfb63a9b4e11d73994a2a418af4f3916a2b9145d3378cf0dc797c31216db51b,
radius_100m,spatial,fold_0,M2,0,"{""max_depth"": 2, ""reg_lambda"": 10}",1,0.9610693426646482,569,477,17a5e53f46233dee377aeb2380eccf49461b3e71e55404caf0ffa601fa8b7075,f1293a4fca746c51f3c850a27fba5af34e647aad2430ec33864785b33a581f6b
radius_100m,spatial,fold_0,M2,0,"{""max_depth"": 2, ""reg_lambda"": 10}",2,0.7851258656978888,831,237,261455e102f6b71a18175b741422522ebe18e3b42b0fcbd953431f770d3ec3d0,efe591227166b872ea94a8c660e07c097d02b84086b60bc72a4108c9816dc163
radius_100m,spatial,fold_0,M2,0,"{""max_depth"": 2, ""reg_lambda"": 10}",3,0.9881716019997329,920,144,48b82b19bb788aff6c957b8ebbf3fd4a70ad0d6145a35258dcfbf5955f100073,ab3d116292cbaaabc1d797bfeca851bfa8627583ac8879964e65d3733c180e92
radius_100m,spatial,fold_0,M2,0,"{""max_depth"": 2, ""reg_lambda"": 10}",4,0.9055039809983457,846,242,2502cf0c9925b967146d29e9f184ea853b641463de27b4e304a442eb558b5159,4df90deeb1a597a40e203989aae9cc0bf6fb7a993b92957260993e8d2f86756d
radius_100m,spatial,fold_0,M2,0,"{""max_depth"": 2, ""reg_lambda"": 10}",MEAN,0.9099676978401539,1100,1100,9bfb63a9b4e11d73994a2a418af4f3916a2b9145d3378cf0dc797c31216db51b,
radius_100m,spatial,fold_0,M2,1,"{""max_depth"": 2, ""reg_lambda"": 1}",1,0.9592149200931313,569,477,17a5e53f46233dee377aeb2380eccf49461b3e71e55404caf0ffa601fa8b7075,f1293a4fca746c51f3c850a27fba5af34e647aad2430ec33864785b33a581f6b
radius_100m,spatial,fold_0,M2,1,"{""max_depth"": 2, ""reg_lambda"": 1}",2,0.7944611552266609,831,237,261455e102f6b71a18175b741422522ebe18e3b42b0fcbd953431f770d3ec3d0,efe591227166b872ea94a8c660e07c097d02b84086b60bc72a4108c9816dc163
radius_100m,spatial,fold_0,M2,1,"{""max_depth"": 2, ""reg_lambda"": 1}",3,0.9882433413879608,920,144,48b82b19bb788aff6c957b8ebbf3fd4a70ad0d6145a35258dcfbf5955f100073,ab3d116292cbaaabc1d797bfeca851bfa8627583ac8879964e65d3733c180e92
radius_100m,spatial,fold_0,M2,1,"{""max_depth"": 2, ""reg_lambda"": 1}",4,0.895382037120647,846,242,2502cf0c9925b967146d29e9f184ea853b641463de27b4e304a442eb558b5159,4df90deeb1a597a40e203989aae9cc0bf6fb7a993b92957260993e8d2f86756d
radius_100m,spatial,fold_0,M2,1,"{""max_depth"": 2, ""reg_lambda"": 1}",MEAN,0.9093253634571,1100,1100,9bfb63a9b4e11d73994a2a418af4f3916a2b9145d3378cf0dc797c31216db51b,
radius_100m,spatial,fold_0,M2,2,"{""max_depth"": 3, ""reg_lambda"": 10}",1,0.9642650402180521,569,477,17a5e53f46233dee377aeb2380eccf49461b3e71e55404caf0ffa601fa8b7075,f1293a4fca746c51f3c850a27fba5af34e647aad2430ec33864785b33a581f6b
radius_100m,spatial,fold_0,M2,2,"{""max_depth"": 3, ""reg_lambda"": 10}",2,0.7737111197028415,831,237,261455e102f6b71a18175b741422522ebe18e3b42b0fcbd953431f770d3ec3d0,efe591227166b872ea94a8c660e07c097d02b84086b60bc72a4108c9816dc163
radius_100m,spatial,fold_0,M2,2,"{""max_depth"": 3, ""reg_lambda"": 10}",3,0.9881317161913223,920,144,48b82b19bb788aff6c957b8ebbf3fd4a70ad0d6145a35258dcfbf5955f100073,ab3d116292cbaaabc1d797bfeca851bfa8627583ac8879964e65d3733c180e92
radius_100m,spatial,fold_0,M2,2,"{""max_depth"": 3, ""reg_lambda"": 10}",4,0.8986638634489912,846,242,2502cf0c9925b967146d29e9f184ea853b641463de27b4e304a442eb558b5159,4df90deeb1a597a40e203989aae9cc0bf6fb7a993b92957260993e8d2f86756d
radius_100m,spatial,fold_0,M2,2,"{""max_depth"": 3, ""reg_lambda"": 10}",MEAN,0.9061929348903017,1100,1100,9bfb63a9b4e11d73994a2a418af4f3916a2b9145d3378cf0dc797c31216db51b,
radius_100m,spatial,fold_0,M2,3,"{""max_depth"": 3, ""reg_lambda"": 1}",1,0.9647652454063973,569,477,17a5e53f46233dee377aeb2380eccf49461b3e71e55404caf0ffa601fa8b7075,f1293a4fca746c51f3c850a27fba5af34e647aad2430ec33864785b33a581f6b
radius_100m,spatial,fold_0,M2,3,"{""max_depth"": 3, ""reg_lambda"": 1}",2,0.7688242752474097,831,237,261455e102f6b71a18175b741422522ebe18e3b42b0fcbd953431f770d3ec3d0,efe591227166b872ea94a8c660e07c097d02b84086b60bc72a4108c9816dc163
radius_100m,spatial,fold_0,M2,3,"{""max_depth"": 3, ""reg_lambda"": 1}",3,0.9877172323571789,920,144,48b82b19bb788aff6c957b8ebbf3fd4a70ad0d6145a35258dcfbf5955f100073,ab3d116292cbaaabc1d797bfeca851bfa8627583ac8879964e65d3733c180e92
radius_100m,spatial,fold_0,M2,3,"{""max_depth"": 3, ""reg_lambda"": 1}",4,0.890617218463598,846,242,2502cf0c9925b967146d29e9f184ea853b641463de27b4e304a442eb558b5159,4df90deeb1a597a40e203989aae9cc0bf6fb7a993b92957260993e8d2f86756d
radius_100m,spatial,fold_0,M2,3,"{""max_depth"": 3, ""reg_lambda"": 1}",MEAN,0.902980992868646,1100,1100,9bfb63a9b4e11d73994a2a418af4f3916a2b9145d3378cf0dc797c31216db51b,
radius_100m,spatial,fold_1,M0,0,{},0,0.6409283003033003,569,84,17a5e53f46233dee377aeb2380eccf49461b3e71e55404caf0ffa601fa8b7075,c71a7a0d4c4c0622319806aa072f6897457234468a65eb5bb258d6120ba2c607
radius_100m,spatial,fold_1,M0,0,{},2,0.8259526732469764,431,221,9984ae049880c31822658ff5ded2f86e69a13ee4ef6f80a00c06c0334547344c,36b493e627f5002bd25109ed081931cbf8127a5f80499314d0ab965d41ef25e0
radius_100m,spatial,fold_1,M0,0,{},3,0.9807503887516982,520,132,47cde922aa0c58cbf104c0f4ecf2bcc5e94aa60dcb5cb61c3d4ed82dfb05a03b,d96cddebe5f965cc7f663e6f1e163296fd9266d8da7158e211de40d2fbe7dc72
radius_100m,spatial,fold_1,M0,0,{},4,0.9095190418405428,435,217,3b40e02385fe9b6f5ebc9a6df92628cb8f07d33ec70bc765a488943854472642,352446c1a79a8f44ed254cf6e0decfd3c785fde5b13665bed51ee7a52fa3c3df
radius_100m,spatial,fold_1,M0,0,{},MEAN,0.8392876010356294,654,654,5cc671ec6dd57e54e630fbf5cc24746673f6addddd356e41a63cfb30655c1d6a,
radius_100m,spatial,fold_1,M1,0,"{""C"": 0.1}",0,0.7229335682914573,569,84,17a5e53f46233dee377aeb2380eccf49461b3e71e55404caf0ffa601fa8b7075,c71a7a0d4c4c0622319806aa072f6897457234468a65eb5bb258d6120ba2c607
radius_100m,spatial,fold_1,M1,0,"{""C"": 0.1}",2,0.8250911655730293,431,221,9984ae049880c31822658ff5ded2f86e69a13ee4ef6f80a00c06c0334547344c,36b493e627f5002bd25109ed081931cbf8127a5f80499314d0ab965d41ef25e0
radius_100m,spatial,fold_1,M1,0,"{""C"": 0.1}",3,0.9881417257051192,520,132,47cde922aa0c58cbf104c0f4ecf2bcc5e94aa60dcb5cb61c3d4ed82dfb05a03b,d96cddebe5f965cc7f663e6f1e163296fd9266d8da7158e211de40d2fbe7dc72
radius_100m,spatial,fold_1,M1,0,"{""C"": 0.1}",4,0.8789851650627395,435,217,3b40e02385fe9b6f5ebc9a6df92628cb8f07d33ec70bc765a488943854472642,352446c1a79a8f44ed254cf6e0decfd3c785fde5b13665bed51ee7a52fa3c3df
radius_100m,spatial,fold_1,M1,0,"{""C"": 0.1}",MEAN,0.8537879061580863,654,654,5cc671ec6dd57e54e630fbf5cc24746673f6addddd356e41a63cfb30655c1d6a,
radius_100m,spatial,fold_1,M1,1,"{""C"": 1.0}",0,0.7009384398413014,569,84,17a5e53f46233dee377aeb2380eccf49461b3e71e55404caf0ffa601fa8b7075,c71a7a0d4c4c0622319806aa072f6897457234468a65eb5bb258d6120ba2c607
radius_100m,spatial,fold_1,M1,1,"{""C"": 1.0}",2,0.8117173228003101,431,221,9984ae049880c31822658ff5ded2f86e69a13ee4ef6f80a00c06c0334547344c,36b493e627f5002bd25109ed081931cbf8127a5f80499314d0ab965d41ef25e0
radius_100m,spatial,fold_1,M1,1,"{""C"": 1.0}",3,0.9886002472295514,520,132,47cde922aa0c58cbf104c0f4ecf2bcc5e94aa60dcb5cb61c3d4ed82dfb05a03b,d96cddebe5f965cc7f663e6f1e163296fd9266d8da7158e211de40d2fbe7dc72
radius_100m,spatial,fold_1,M1,1,"{""C"": 1.0}",4,0.8732730722550364,435,217,3b40e02385fe9b6f5ebc9a6df92628cb8f07d33ec70bc765a488943854472642,352446c1a79a8f44ed254cf6e0decfd3c785fde5b13665bed51ee7a52fa3c3df
radius_100m,spatial,fold_1,M1,1,"{""C"": 1.0}",MEAN,0.8436322705315499,654,654,5cc671ec6dd57e54e630fbf5cc24746673f6addddd356e41a63cfb30655c1d6a,
radius_100m,spatial,fold_1,M1,2,"{""C"": 10.0}",0,0.700832203838345,569,84,17a5e53f46233dee377aeb2380eccf49461b3e71e55404caf0ffa601fa8b7075,c71a7a0d4c4c0622319806aa072f6897457234468a65eb5bb258d6120ba2c607
radius_100m,spatial,fold_1,M1,2,"{""C"": 10.0}",2,0.808205487525375,431,221,9984ae049880c31822658ff5ded2f86e69a13ee4ef6f80a00c06c0334547344c,36b493e627f5002bd25109ed081931cbf8127a5f80499314d0ab965d41ef25e0
radius_100m,spatial,fold_1,M1,2,"{""C"": 10.0}",3,0.9886002472295514,520,132,47cde922aa0c58cbf104c0f4ecf2bcc5e94aa60dcb5cb61c3d4ed82dfb05a03b,d96cddebe5f965cc7f663e6f1e163296fd9266d8da7158e211de40d2fbe7dc72
radius_100m,spatial,fold_1,M1,2,"{""C"": 10.0}",4,0.8706468495767761,435,217,3b40e02385fe9b6f5ebc9a6df92628cb8f07d33ec70bc765a488943854472642,352446c1a79a8f44ed254cf6e0decfd3c785fde5b13665bed51ee7a52fa3c3df
radius_100m,spatial,fold_1,M1,2,"{""C"": 10.0}",MEAN,0.8420711970425119,654,654,5cc671ec6dd57e54e630fbf5cc24746673f6addddd356e41a63cfb30655c1d6a,
radius_100m,spatial,fold_1,M2,0,"{""max_depth"": 2, ""reg_lambda"": 10}",0,0.6075171557899353,569,84,17a5e53f46233dee377aeb2380eccf49461b3e71e55404caf0ffa601fa8b7075,c71a7a0d4c4c0622319806aa072f6897457234468a65eb5bb258d6120ba2c607
radius_100m,spatial,fold_1,M2,0,"{""max_depth"": 2, ""reg_lambda"": 10}",2,0.8326700012131598,431,221,9984ae049880c31822658ff5ded2f86e69a13ee4ef6f80a00c06c0334547344c,36b493e627f5002bd25109ed081931cbf8127a5f80499314d0ab965d41ef25e0
radius_100m,spatial,fold_1,M2,0,"{""max_depth"": 2, ""reg_lambda"": 10}",3,0.9906707079759186,520,132,47cde922aa0c58cbf104c0f4ecf2bcc5e94aa60dcb5cb61c3d4ed82dfb05a03b,d96cddebe5f965cc7f663e6f1e163296fd9266d8da7158e211de40d2fbe7dc72
radius_100m,spatial,fold_1,M2,0,"{""max_depth"": 2, ""reg_lambda"": 10}",4,0.8506708672835346,435,217,3b40e02385fe9b6f5ebc9a6df92628cb8f07d33ec70bc765a488943854472642,352446c1a79a8f44ed254cf6e0decfd3c785fde5b13665bed51ee7a52fa3c3df
radius_100m,spatial,fold_1,M2,0,"{""max_depth"": 2, ""reg_lambda"": 10}",MEAN,0.820382183065637,654,654,5cc671ec6dd57e54e630fbf5cc24746673f6addddd356e41a63cfb30655c1d6a,
radius_100m,spatial,fold_1,M2,1,"{""max_depth"": 2, ""reg_lambda"": 1}",0,0.65652189180165,569,84,17a5e53f46233dee377aeb2380eccf49461b3e71e55404caf0ffa601fa8b7075,c71a7a0d4c4c0622319806aa072f6897457234468a65eb5bb258d6120ba2c607
radius_100m,spatial,fold_1,M2,1,"{""max_depth"": 2, ""reg_lambda"": 1}",2,0.827967536326179,431,221,9984ae049880c31822658ff5ded2f86e69a13ee4ef6f80a00c06c0334547344c,36b493e627f5002bd25109ed081931cbf8127a5f80499314d0ab965d41ef25e0
radius_100m,spatial,fold_1,M2,1,"{""max_depth"": 2, ""reg_lambda"": 1}",3,0.9901318081592622,520,132,47cde922aa0c58cbf104c0f4ecf2bcc5e94aa60dcb5cb61c3d4ed82dfb05a03b,d96cddebe5f965cc7f663e6f1e163296fd9266d8da7158e211de40d2fbe7dc72
radius_100m,spatial,fold_1,M2,1,"{""max_depth"": 2, ""reg_lambda"": 1}",4,0.8554265344143863,435,217,3b40e02385fe9b6f5ebc9a6df92628cb8f07d33ec70bc765a488943854472642,352446c1a79a8f44ed254cf6e0decfd3c785fde5b13665bed51ee7a52fa3c3df
radius_100m,spatial,fold_1,M2,1,"{""max_depth"": 2, ""reg_lambda"": 1}",MEAN,0.8325119426753693,654,654,5cc671ec6dd57e54e630fbf5cc24746673f6addddd356e41a63cfb30655c1d6a,
radius_100m,spatial,fold_1,M2,2,"{""max_depth"": 3, ""reg_lambda"": 10}",0,0.6140288315813998,569,84,17a5e53f46233dee377aeb2380eccf49461b3e71e55404caf0ffa601fa8b7075,c71a7a0d4c4c0622319806aa072f6897457234468a65eb5bb258d6120ba2c607
radius_100m,spatial,fold_1,M2,2,"{""max_depth"": 3, ""reg_lambda"": 10}",2,0.8167258656664806,431,221,9984ae049880c31822658ff5ded2f86e69a13ee4ef6f80a00c06c0334547344c,36b493e627f5002bd25109ed081931cbf8127a5f80499314d0ab965d41ef25e0
radius_100m,spatial,fold_1,M2,2,"{""max_depth"": 3, ""reg_lambda"": 10}",3,0.9900983038315059,520,132,47cde922aa0c58cbf104c0f4ecf2bcc5e94aa60dcb5cb61c3d4ed82dfb05a03b,d96cddebe5f965cc7f663e6f1e163296fd9266d8da7158e211de40d2fbe7dc72
radius_100m,spatial,fold_1,M2,2,"{""max_depth"": 3, ""reg_lambda"": 10}",4,0.8548348903585146,435,217,3b40e02385fe9b6f5ebc9a6df92628cb8f07d33ec70bc765a488943854472642,352446c1a79a8f44ed254cf6e0decfd3c785fde5b13665bed51ee7a52fa3c3df
radius_100m,spatial,fold_1,M2,2,"{""max_depth"": 3, ""reg_lambda"": 10}",MEAN,0.8189219728594752,654,654,5cc671ec6dd57e54e630fbf5cc24746673f6addddd356e41a63cfb30655c1d6a,
radius_100m,spatial,fold_1,M2,3,"{""max_depth"": 3, ""reg_lambda"": 1}",0,0.6875550086563098,569,84,17a5e53f46233dee377aeb2380eccf49461b3e71e55404caf0ffa601fa8b7075,c71a7a0d4c4c0622319806aa072f6897457234468a65eb5bb258d6120ba2c607
radius_100m,spatial,fold_1,M2,3,"{""max_depth"": 3, ""reg_lambda"": 1}",2,0.8158298799364275,431,221,9984ae049880c31822658ff5ded2f86e69a13ee4ef6f80a00c06c0334547344c,36b493e627f5002bd25109ed081931cbf8127a5f80499314d0ab965d41ef25e0
radius_100m,spatial,fold_1,M2,3,"{""max_depth"": 3, ""reg_lambda"": 1}",3,0.9913348776919969,520,132,47cde922aa0c58cbf104c0f4ecf2bcc5e94aa60dcb5cb61c3d4ed82dfb05a03b,d96cddebe5f965cc7f663e6f1e163296fd9266d8da7158e211de40d2fbe7dc72
radius_100m,spatial,fold_1,M2,3,"{""max_depth"": 3, ""reg_lambda"": 1}",4,0.865890810604276,435,217,3b40e02385fe9b6f5ebc9a6df92628cb8f07d33ec70bc765a488943854472642,352446c1a79a8f44ed254cf6e0decfd3c785fde5b13665bed51ee7a52fa3c3df
radius_100m,spatial,fold_1,M2,3,"{""max_depth"": 3, ""reg_lambda"": 1}",MEAN,0.8401526442222526,654,654,5cc671ec6dd57e54e630fbf5cc24746673f6addddd356e41a63cfb30655c1d6a,
radius_100m,spatial,fold_2,M0,0,{},0,0.6738877075211149,831,87,261455e102f6b71a18175b741422522ebe18e3b42b0fcbd953431f770d3ec3d0,1b007a7cb3fa76db95ea07a6344fb8360ed65faa97dee961fd8b766403cefe5b
radius_100m,spatial,fold_2,M0,0,{},1,0.97173371326467,431,451,9984ae049880c31822658ff5ded2f86e69a13ee4ef6f80a00c06c0334547344c,e79cf4b4fe480f622965aebf5468b6e1f815d4f18c2a9f11bb9a2e5c05e7b790
radius_100m,spatial,fold_2,M0,0,{},3,0.9807975843129161,740,145,720050c25cbfb69702a7023b7ee415ecdec26de7b0db661bd83511178408a775,2633b81347d801bceea5e86855860f8b6cf60edced61f327f877562e56330259
radius_100m,spatial,fold_2,M0,0,{},4,0.9256368175752021,673,240,056aacc1c4b7bdf9197555be3fe2666c7e200f9da60c4fbeedc38e22e5e9b6be,40e9dfc1ede69502c3333f7ce1078e733bcd7061ad3bc22d880aee98e40f0412
radius_100m,spatial,fold_2,M0,0,{},MEAN,0.8880139556684757,923,923,e33186184b30c3d883ed761e9c113a7ba846b6bd68f60db2c70b60b7f0857ad9,
radius_100m,spatial,fold_2,M1,0,"{""C"": 0.1}",0,0.7267451921200099,831,87,261455e102f6b71a18175b741422522ebe18e3b42b0fcbd953431f770d3ec3d0,1b007a7cb3fa76db95ea07a6344fb8360ed65faa97dee961fd8b766403cefe5b
radius_100m,spatial,fold_2,M1,0,"{""C"": 0.1}",1,0.9769127448152575,431,451,9984ae049880c31822658ff5ded2f86e69a13ee4ef6f80a00c06c0334547344c,e79cf4b4fe480f622965aebf5468b6e1f815d4f18c2a9f11bb9a2e5c05e7b790
radius_100m,spatial,fold_2,M1,0,"{""C"": 0.1}",3,0.9802573436891877,740,145,720050c25cbfb69702a7023b7ee415ecdec26de7b0db661bd83511178408a775,2633b81347d801bceea5e86855860f8b6cf60edced61f327f877562e56330259
radius_100m,spatial,fold_2,M1,0,"{""C"": 0.1}",4,0.9291900102233535,673,240,056aacc1c4b7bdf9197555be3fe2666c7e200f9da60c4fbeedc38e22e5e9b6be,40e9dfc1ede69502c3333f7ce1078e733bcd7061ad3bc22d880aee98e40f0412
radius_100m,spatial,fold_2,M1,0,"{""C"": 0.1}",MEAN,0.9032763227119521,923,923,e33186184b30c3d883ed761e9c113a7ba846b6bd68f60db2c70b60b7f0857ad9,
radius_100m,spatial,fold_2,M1,1,"{""C"": 1.0}",0,0.6968929440301779,831,87,261455e102f6b71a18175b741422522ebe18e3b42b0fcbd953431f770d3ec3d0,1b007a7cb3fa76db95ea07a6344fb8360ed65faa97dee961fd8b766403cefe5b
radius_100m,spatial,fold_2,M1,1,"{""C"": 1.0}",1,0.9754234697091076,431,451,9984ae049880c31822658ff5ded2f86e69a13ee4ef6f80a00c06c0334547344c,e79cf4b4fe480f622965aebf5468b6e1f815d4f18c2a9f11bb9a2e5c05e7b790
radius_100m,spatial,fold_2,M1,1,"{""C"": 1.0}",3,0.9805130289423749,740,145,720050c25cbfb69702a7023b7ee415ecdec26de7b0db661bd83511178408a775,2633b81347d801bceea5e86855860f8b6cf60edced61f327f877562e56330259
radius_100m,spatial,fold_2,M1,1,"{""C"": 1.0}",4,0.92793615494008,673,240,056aacc1c4b7bdf9197555be3fe2666c7e200f9da60c4fbeedc38e22e5e9b6be,40e9dfc1ede69502c3333f7ce1078e733bcd7061ad3bc22d880aee98e40f0412
radius_100m,spatial,fold_2,M1,1,"{""C"": 1.0}",MEAN,0.895191399405435,923,923,e33186184b30c3d883ed761e9c113a7ba846b6bd68f60db2c70b60b7f0857ad9,
radius_100m,spatial,fold_2,M1,2,"{""C"": 10.0}",0,0.6921587662582094,831,87,261455e102f6b71a18175b741422522ebe18e3b42b0fcbd953431f770d3ec3d0,1b007a7cb3fa76db95ea07a6344fb8360ed65faa97dee961fd8b766403cefe5b
radius_100m,spatial,fold_2,M1,2,"{""C"": 10.0}",1,0.9750702825655657,431,451,9984ae049880c31822658ff5ded2f86e69a13ee4ef6f80a00c06c0334547344c,e79cf4b4fe480f622965aebf5468b6e1f815d4f18c2a9f11bb9a2e5c05e7b790
radius_100m,spatial,fold_2,M1,2,"{""C"": 10.0}",3,0.9805113989568971,740,145,720050c25cbfb69702a7023b7ee415ecdec26de7b0db661bd83511178408a775,2633b81347d801bceea5e86855860f8b6cf60edced61f327f877562e56330259
radius_100m,spatial,fold_2,M1,2,"{""C"": 10.0}",4,0.9276212267145061,673,240,056aacc1c4b7bdf9197555be3fe2666c7e200f9da60c4fbeedc38e22e5e9b6be,40e9dfc1ede69502c3333f7ce1078e733bcd7061ad3bc22d880aee98e40f0412
radius_100m,spatial,fold_2,M1,2,"{""C"": 10.0}",MEAN,0.8938404186237946,923,923,e33186184b30c3d883ed761e9c113a7ba846b6bd68f60db2c70b60b7f0857ad9,
radius_100m,spatial,fold_2,M2,0,"{""max_depth"": 2, ""reg_lambda"": 10}",0,0.7246378392745432,831,87,261455e102f6b71a18175b741422522ebe18e3b42b0fcbd953431f770d3ec3d0,1b007a7cb3fa76db95ea07a6344fb8360ed65faa97dee961fd8b766403cefe5b
radius_100m,spatial,fold_2,M2,0,"{""max_depth"": 2, ""reg_lambda"": 10}",1,0.9599019190709881,431,451,9984ae049880c31822658ff5ded2f86e69a13ee4ef6f80a00c06c0334547344c,e79cf4b4fe480f622965aebf5468b6e1f815d4f18c2a9f11bb9a2e5c05e7b790
radius_100m,spatial,fold_2,M2,0,"{""max_depth"": 2, ""reg_lambda"": 10}",3,0.9832208378125294,740,145,720050c25cbfb69702a7023b7ee415ecdec26de7b0db661bd83511178408a775,2633b81347d801bceea5e86855860f8b6cf60edced61f327f877562e56330259
radius_100m,spatial,fold_2,M2,0,"{""max_depth"": 2, ""reg_lambda"": 10}",4,0.9085430164630973,673,240,056aacc1c4b7bdf9197555be3fe2666c7e200f9da60c4fbeedc38e22e5e9b6be,40e9dfc1ede69502c3333f7ce1078e733bcd7061ad3bc22d880aee98e40f0412
radius_100m,spatial,fold_2,M2,0,"{""max_depth"": 2, ""reg_lambda"": 10}",MEAN,0.8940759031552895,923,923,e33186184b30c3d883ed761e9c113a7ba846b6bd68f60db2c70b60b7f0857ad9,
radius_100m,spatial,fold_2,M2,1,"{""max_depth"": 2, ""reg_lambda"": 1}",0,0.6479099331171403,831,87,261455e102f6b71a18175b741422522ebe18e3b42b0fcbd953431f770d3ec3d0,1b007a7cb3fa76db95ea07a6344fb8360ed65faa97dee961fd8b766403cefe5b
radius_100m,spatial,fold_2,M2,1,"{""max_depth"": 2, ""reg_lambda"": 1}",1,0.9607363231971021,431,451,9984ae049880c31822658ff5ded2f86e69a13ee4ef6f80a00c06c0334547344c,e79cf4b4fe480f622965aebf5468b6e1f815d4f18c2a9f11bb9a2e5c05e7b790
radius_100m,spatial,fold_2,M2,1,"{""max_depth"": 2, ""reg_lambda"": 1}",3,0.9786062825352635,740,145,720050c25cbfb69702a7023b7ee415ecdec26de7b0db661bd83511178408a775,2633b81347d801bceea5e86855860f8b6cf60edced61f327f877562e56330259
radius_100m,spatial,fold_2,M2,1,"{""max_depth"": 2, ""reg_lambda"": 1}",4,0.9113783103806911,673,240,056aacc1c4b7bdf9197555be3fe2666c7e200f9da60c4fbeedc38e22e5e9b6be,40e9dfc1ede69502c3333f7ce1078e733bcd7061ad3bc22d880aee98e40f0412
radius_100m,spatial,fold_2,M2,1,"{""max_depth"": 2, ""reg_lambda"": 1}",MEAN,0.8746577123075492,923,923,e33186184b30c3d883ed761e9c113a7ba846b6bd68f60db2c70b60b7f0857ad9,
radius_100m,spatial,fold_2,M2,2,"{""max_depth"": 3, ""reg_lambda"": 10}",0,0.7482374888286882,831,87,261455e102f6b71a18175b741422522ebe18e3b42b0fcbd953431f770d3ec3d0,1b007a7cb3fa76db95ea07a6344fb8360ed65faa97dee961fd8b766403cefe5b
radius_100m,spatial,fold_2,M2,2,"{""max_depth"": 3, ""reg_lambda"": 10}",1,0.9624802116522087,431,451,9984ae049880c31822658ff5ded2f86e69a13ee4ef6f80a00c06c0334547344c,e79cf4b4fe480f622965aebf5468b6e1f815d4f18c2a9f11bb9a2e5c05e7b790
radius_100m,spatial,fold_2,M2,2,"{""max_depth"": 3, ""reg_lambda"": 10}",3,0.9851712581679362,740,145,720050c25cbfb69702a7023b7ee415ecdec26de7b0db661bd83511178408a775,2633b81347d801bceea5e86855860f8b6cf60edced61f327f877562e56330259
radius_100m,spatial,fold_2,M2,2,"{""max_depth"": 3, ""reg_lambda"": 10}",4,0.9062222529494066,673,240,056aacc1c4b7bdf9197555be3fe2666c7e200f9da60c4fbeedc38e22e5e9b6be,40e9dfc1ede69502c3333f7ce1078e733bcd7061ad3bc22d880aee98e40f0412
radius_100m,spatial,fold_2,M2,2,"{""max_depth"": 3, ""reg_lambda"": 10}",MEAN,0.90052780289956,923,923,e33186184b30c3d883ed761e9c113a7ba846b6bd68f60db2c70b60b7f0857ad9,
radius_100m,spatial,fold_2,M2,3,"{""max_depth"": 3, ""reg_lambda"": 1}",0,0.6653208933508443,831,87,261455e102f6b71a18175b741422522ebe18e3b42b0fcbd953431f770d3ec3d0,1b007a7cb3fa76db95ea07a6344fb8360ed65faa97dee961fd8b766403cefe5b
radius_100m,spatial,fold_2,M2,3,"{""max_depth"": 3, ""reg_lambda"": 1}",1,0.9654875817235087,431,451,9984ae049880c31822658ff5ded2f86e69a13ee4ef6f80a00c06c0334547344c,e79cf4b4fe480f622965aebf5468b6e1f815d4f18c2a9f11bb9a2e5c05e7b790
radius_100m,spatial,fold_2,M2,3,"{""max_depth"": 3, ""reg_lambda"": 1}",3,0.9811085947640732,740,145,720050c25cbfb69702a7023b7ee415ecdec26de7b0db661bd83511178408a775,2633b81347d801bceea5e86855860f8b6cf60edced61f327f877562e56330259
radius_100m,spatial,fold_2,M2,3,"{""max_depth"": 3, ""reg_lambda"": 1}",4,0.8967022812085614,673,240,056aacc1c4b7bdf9197555be3fe2666c7e200f9da60c4fbeedc38e22e5e9b6be,40e9dfc1ede69502c3333f7ce1078e733bcd7061ad3bc22d880aee98e40f0412
radius_100m,spatial,fold_2,M2,3,"{""max_depth"": 3, ""reg_lambda"": 1}",MEAN,0.8771548377617469,923,923,e33186184b30c3d883ed761e9c113a7ba846b6bd68f60db2c70b60b7f0857ad9,
radius_100m,spatial,fold_3,M0,0,{},0,0.6934428483696286,920,85,48b82b19bb788aff6c957b8ebbf3fd4a70ad0d6145a35258dcfbf5955f100073,9696a640277c78c02707f7658133fe4d7f5a3a503f246511816974633680fc24
radius_100m,spatial,fold_3,M0,0,{},1,0.9664158131754994,520,445,47cde922aa0c58cbf104c0f4ecf2bcc5e94aa60dcb5cb61c3d4ed82dfb05a03b,96f571ad44bee29e95c9f8f7903089317d6826fce3af2883ef15851110501e85
radius_100m,spatial,fold_3,M0,0,{},2,0.8377882670457915,740,237,720050c25cbfb69702a7023b7ee415ecdec26de7b0db661bd83511178408a775,efe591227166b872ea94a8c660e07c097d02b84086b60bc72a4108c9816dc163
radius_100m,spatial,fold_3,M0,0,{},4,0.923625861224602,755,242,c3a1d26e83b0f46d4d2c753201f9440d43a46c5d22460bf10e8baf3cf55368d5,4df90deeb1a597a40e203989aae9cc0bf6fb7a993b92957260993e8d2f86756d
radius_100m,spatial,fold_3,M0,0,{},MEAN,0.8553181974538804,1009,1009,b5365b5532658f670134c2f57305964647d13c1445cf1e30aed7fa3d3bdcc2e0,
radius_100m,spatial,fold_3,M1,0,"{""C"": 0.1}",0,0.7125732790179995,920,85,48b82b19bb788aff6c957b8ebbf3fd4a70ad0d6145a35258dcfbf5955f100073,9696a640277c78c02707f7658133fe4d7f5a3a503f246511816974633680fc24
radius_100m,spatial,fold_3,M1,0,"{""C"": 0.1}",1,0.9692923246227942,520,445,47cde922aa0c58cbf104c0f4ecf2bcc5e94aa60dcb5cb61c3d4ed82dfb05a03b,96f571ad44bee29e95c9f8f7903089317d6826fce3af2883ef15851110501e85
radius_100m,spatial,fold_3,M1,0,"{""C"": 0.1}",2,0.8363718727951014,740,237,720050c25cbfb69702a7023b7ee415ecdec26de7b0db661bd83511178408a775,efe591227166b872ea94a8c660e07c097d02b84086b60bc72a4108c9816dc163
radius_100m,spatial,fold_3,M1,0,"{""C"": 0.1}",4,0.9315989849493058,755,242,c3a1d26e83b0f46d4d2c753201f9440d43a46c5d22460bf10e8baf3cf55368d5,4df90deeb1a597a40e203989aae9cc0bf6fb7a993b92957260993e8d2f86756d
radius_100m,spatial,fold_3,M1,0,"{""C"": 0.1}",MEAN,0.8624591153463003,1009,1009,b5365b5532658f670134c2f57305964647d13c1445cf1e30aed7fa3d3bdcc2e0,
radius_100m,spatial,fold_3,M1,1,"{""C"": 1.0}",0,0.7135930479419398,920,85,48b82b19bb788aff6c957b8ebbf3fd4a70ad0d6145a35258dcfbf5955f100073,9696a640277c78c02707f7658133fe4d7f5a3a503f246511816974633680fc24
radius_100m,spatial,fold_3,M1,1,"{""C"": 1.0}",1,0.9658382453577726,520,445,47cde922aa0c58cbf104c0f4ecf2bcc5e94aa60dcb5cb61c3d4ed82dfb05a03b,96f571ad44bee29e95c9f8f7903089317d6826fce3af2883ef15851110501e85
radius_100m,spatial,fold_3,M1,1,"{""C"": 1.0}",2,0.838396121574082,740,237,720050c25cbfb69702a7023b7ee415ecdec26de7b0db661bd83511178408a775,efe591227166b872ea94a8c660e07c097d02b84086b60bc72a4108c9816dc163
radius_100m,spatial,fold_3,M1,1,"{""C"": 1.0}",4,0.9299514842269485,755,242,c3a1d26e83b0f46d4d2c753201f9440d43a46c5d22460bf10e8baf3cf55368d5,4df90deeb1a597a40e203989aae9cc0bf6fb7a993b92957260993e8d2f86756d
radius_100m,spatial,fold_3,M1,1,"{""C"": 1.0}",MEAN,0.8619447247751857,1009,1009,b5365b5532658f670134c2f57305964647d13c1445cf1e30aed7fa3d3bdcc2e0,
radius_100m,spatial,fold_3,M1,2,"{""C"": 10.0}",0,0.7126033741656749,920,85,48b82b19bb788aff6c957b8ebbf3fd4a70ad0d6145a35258dcfbf5955f100073,9696a640277c78c02707f7658133fe4d7f5a3a503f246511816974633680fc24
radius_100m,spatial,fold_3,M1,2,"{""C"": 10.0}",1,0.9653995435607021,520,445,47cde922aa0c58cbf104c0f4ecf2bcc5e94aa60dcb5cb61c3d4ed82dfb05a03b,96f571ad44bee29e95c9f8f7903089317d6826fce3af2883ef15851110501e85
radius_100m,spatial,fold_3,M1,2,"{""C"": 10.0}",2,0.8385848432602231,740,237,720050c25cbfb69702a7023b7ee415ecdec26de7b0db661bd83511178408a775,efe591227166b872ea94a8c660e07c097d02b84086b60bc72a4108c9816dc163
radius_100m,spatial,fold_3,M1,2,"{""C"": 10.0}",4,0.9300592277443854,755,242,c3a1d26e83b0f46d4d2c753201f9440d43a46c5d22460bf10e8baf3cf55368d5,4df90deeb1a597a40e203989aae9cc0bf6fb7a993b92957260993e8d2f86756d
radius_100m,spatial,fold_3,M1,2,"{""C"": 10.0}",MEAN,0.8616617471827464,1009,1009,b5365b5532658f670134c2f57305964647d13c1445cf1e30aed7fa3d3bdcc2e0,
radius_100m,spatial,fold_3,M2,0,"{""max_depth"": 2, ""reg_lambda"": 10}",0,0.6714480436531133,920,85,48b82b19bb788aff6c957b8ebbf3fd4a70ad0d6145a35258dcfbf5955f100073,9696a640277c78c02707f7658133fe4d7f5a3a503f246511816974633680fc24
radius_100m,spatial,fold_3,M2,0,"{""max_depth"": 2, ""reg_lambda"": 10}",1,0.9593413700481267,520,445,47cde922aa0c58cbf104c0f4ecf2bcc5e94aa60dcb5cb61c3d4ed82dfb05a03b,96f571ad44bee29e95c9f8f7903089317d6826fce3af2883ef15851110501e85
radius_100m,spatial,fold_3,M2,0,"{""max_depth"": 2, ""reg_lambda"": 10}",2,0.7641115897018369,740,237,720050c25cbfb69702a7023b7ee415ecdec26de7b0db661bd83511178408a775,efe591227166b872ea94a8c660e07c097d02b84086b60bc72a4108c9816dc163
radius_100m,spatial,fold_3,M2,0,"{""max_depth"": 2, ""reg_lambda"": 10}",4,0.9205912563539904,755,242,c3a1d26e83b0f46d4d2c753201f9440d43a46c5d22460bf10e8baf3cf55368d5,4df90deeb1a597a40e203989aae9cc0bf6fb7a993b92957260993e8d2f86756d
radius_100m,spatial,fold_3,M2,0,"{""max_depth"": 2, ""reg_lambda"": 10}",MEAN,0.8288730649392668,1009,1009,b5365b5532658f670134c2f57305964647d13c1445cf1e30aed7fa3d3bdcc2e0,
radius_100m,spatial,fold_3,M2,1,"{""max_depth"": 2, ""reg_lambda"": 1}",0,0.6077290328607371,920,85,48b82b19bb788aff6c957b8ebbf3fd4a70ad0d6145a35258dcfbf5955f100073,9696a640277c78c02707f7658133fe4d7f5a3a503f246511816974633680fc24
radius_100m,spatial,fold_3,M2,1,"{""max_depth"": 2, ""reg_lambda"": 1}",1,0.9623617889595519,520,445,47cde922aa0c58cbf104c0f4ecf2bcc5e94aa60dcb5cb61c3d4ed82dfb05a03b,96f571ad44bee29e95c9f8f7903089317d6826fce3af2883ef15851110501e85
radius_100m,spatial,fold_3,M2,1,"{""max_depth"": 2, ""reg_lambda"": 1}",2,0.7448102738009056,740,237,720050c25cbfb69702a7023b7ee415ecdec26de7b0db661bd83511178408a775,efe591227166b872ea94a8c660e07c097d02b84086b60bc72a4108c9816dc163
radius_100m,spatial,fold_3,M2,1,"{""max_depth"": 2, ""reg_lambda"": 1}",4,0.9192325958175913,755,242,c3a1d26e83b0f46d4d2c753201f9440d43a46c5d22460bf10e8baf3cf55368d5,4df90deeb1a597a40e203989aae9cc0bf6fb7a993b92957260993e8d2f86756d
radius_100m,spatial,fold_3,M2,1,"{""max_depth"": 2, ""reg_lambda"": 1}",MEAN,0.8085334228596965,1009,1009,b5365b5532658f670134c2f57305964647d13c1445cf1e30aed7fa3d3bdcc2e0,
radius_100m,spatial,fold_3,M2,2,"{""max_depth"": 3, ""reg_lambda"": 10}",0,0.6333198519408154,920,85,48b82b19bb788aff6c957b8ebbf3fd4a70ad0d6145a35258dcfbf5955f100073,9696a640277c78c02707f7658133fe4d7f5a3a503f246511816974633680fc24
radius_100m,spatial,fold_3,M2,2,"{""max_depth"": 3, ""reg_lambda"": 10}",1,0.9539420064687605,520,445,47cde922aa0c58cbf104c0f4ecf2bcc5e94aa60dcb5cb61c3d4ed82dfb05a03b,96f571ad44bee29e95c9f8f7903089317d6826fce3af2883ef15851110501e85
radius_100m,spatial,fold_3,M2,2,"{""max_depth"": 3, ""reg_lambda"": 10}",2,0.7564470162950607,740,237,720050c25cbfb69702a7023b7ee415ecdec26de7b0db661bd83511178408a775,efe591227166b872ea94a8c660e07c097d02b84086b60bc72a4108c9816dc163
radius_100m,spatial,fold_3,M2,2,"{""max_depth"": 3, ""reg_lambda"": 10}",4,0.9182580653064677,755,242,c3a1d26e83b0f46d4d2c753201f9440d43a46c5d22460bf10e8baf3cf55368d5,4df90deeb1a597a40e203989aae9cc0bf6fb7a993b92957260993e8d2f86756d
radius_100m,spatial,fold_3,M2,2,"{""max_depth"": 3, ""reg_lambda"": 10}",MEAN,0.815491735002776,1009,1009,b5365b5532658f670134c2f57305964647d13c1445cf1e30aed7fa3d3bdcc2e0,
radius_100m,spatial,fold_3,M2,3,"{""max_depth"": 3, ""reg_lambda"": 1}",0,0.6096723416265794,920,85,48b82b19bb788aff6c957b8ebbf3fd4a70ad0d6145a35258dcfbf5955f100073,9696a640277c78c02707f7658133fe4d7f5a3a503f246511816974633680fc24
radius_100m,spatial,fold_3,M2,3,"{""max_depth"": 3, ""reg_lambda"": 1}",1,0.9452328315812106,520,445,47cde922aa0c58cbf104c0f4ecf2bcc5e94aa60dcb5cb61c3d4ed82dfb05a03b,96f571ad44bee29e95c9f8f7903089317d6826fce3af2883ef15851110501e85
radius_100m,spatial,fold_3,M2,3,"{""max_depth"": 3, ""reg_lambda"": 1}",2,0.7225019369544017,740,237,720050c25cbfb69702a7023b7ee415ecdec26de7b0db661bd83511178408a775,efe591227166b872ea94a8c660e07c097d02b84086b60bc72a4108c9816dc163
radius_100m,spatial,fold_3,M2,3,"{""max_depth"": 3, ""reg_lambda"": 1}",4,0.9092690737190499,755,242,c3a1d26e83b0f46d4d2c753201f9440d43a46c5d22460bf10e8baf3cf55368d5,4df90deeb1a597a40e203989aae9cc0bf6fb7a993b92957260993e8d2f86756d
radius_100m,spatial,fold_3,M2,3,"{""max_depth"": 3, ""reg_lambda"": 1}",MEAN,0.7966690459703103,1009,1009,b5365b5532658f670134c2f57305964647d13c1445cf1e30aed7fa3d3bdcc2e0,
radius_100m,spatial,fold_4,M0,0,{},0,0.6738877075211149,846,87,2502cf0c9925b967146d29e9f184ea853b641463de27b4e304a442eb558b5159,1b007a7cb3fa76db95ea07a6344fb8360ed65faa97dee961fd8b766403cefe5b
radius_100m,spatial,fold_4,M0,0,{},1,0.9669647403334535,435,471,3b40e02385fe9b6f5ebc9a6df92628cb8f07d33ec70bc765a488943854472642,a459d5d435dc25482d735e12d16bc8a1dd302c1aba8b32c3f305361b6a13baa0
radius_100m,spatial,fold_4,M0,0,{},2,0.8376142058892784,673,235,056aacc1c4b7bdf9197555be3fe2666c7e200f9da60c4fbeedc38e22e5e9b6be,90604268e1eeb1ba7ddb06856a6c6ecfafb437111725fe554d7cb0650d548399
radius_100m,spatial,fold_4,M0,0,{},3,0.9807975843129161,755,145,c3a1d26e83b0f46d4d2c753201f9440d43a46c5d22460bf10e8baf3cf55368d5,2633b81347d801bceea5e86855860f8b6cf60edced61f327f877562e56330259
radius_100m,spatial,fold_4,M0,0,{},MEAN,0.8648160595141907,938,938,964fe2083835ff6c342d839dc6251c2d9d402c88c3092d6275df131538f4c0bb,
radius_100m,spatial,fold_4,M1,0,"{""C"": 0.1}",0,0.7141312710927691,846,87,2502cf0c9925b967146d29e9f184ea853b641463de27b4e304a442eb558b5159,1b007a7cb3fa76db95ea07a6344fb8360ed65faa97dee961fd8b766403cefe5b
radius_100m,spatial,fold_4,M1,0,"{""C"": 0.1}",1,0.9438997628375225,435,471,3b40e02385fe9b6f5ebc9a6df92628cb8f07d33ec70bc765a488943854472642,a459d5d435dc25482d735e12d16bc8a1dd302c1aba8b32c3f305361b6a13baa0
radius_100m,spatial,fold_4,M1,0,"{""C"": 0.1}",2,0.840217107669153,673,235,056aacc1c4b7bdf9197555be3fe2666c7e200f9da60c4fbeedc38e22e5e9b6be,90604268e1eeb1ba7ddb06856a6c6ecfafb437111725fe554d7cb0650d548399
radius_100m,spatial,fold_4,M1,0,"{""C"": 0.1}",3,0.9819445885428667,755,145,c3a1d26e83b0f46d4d2c753201f9440d43a46c5d22460bf10e8baf3cf55368d5,2633b81347d801bceea5e86855860f8b6cf60edced61f327f877562e56330259
radius_100m,spatial,fold_4,M1,0,"{""C"": 0.1}",MEAN,0.8700481825355779,938,938,964fe2083835ff6c342d839dc6251c2d9d402c88c3092d6275df131538f4c0bb,
radius_100m,spatial,fold_4,M1,1,"{""C"": 1.0}",0,0.6937630801904091,846,87,2502cf0c9925b967146d29e9f184ea853b641463de27b4e304a442eb558b5159,1b007a7cb3fa76db95ea07a6344fb8360ed65faa97dee961fd8b766403cefe5b
radius_100m,spatial,fold_4,M1,1,"{""C"": 1.0}",1,0.9372875778333893,435,471,3b40e02385fe9b6f5ebc9a6df92628cb8f07d33ec70bc765a488943854472642,a459d5d435dc25482d735e12d16bc8a1dd302c1aba8b32c3f305361b6a13baa0
radius_100m,spatial,fold_4,M1,1,"{""C"": 1.0}",2,0.8378897903807414,673,235,056aacc1c4b7bdf9197555be3fe2666c7e200f9da60c4fbeedc38e22e5e9b6be,90604268e1eeb1ba7ddb06856a6c6ecfafb437111725fe554d7cb0650d548399
radius_100m,spatial,fold_4,M1,1,"{""C"": 1.0}",3,0.9824529006872214,755,145,c3a1d26e83b0f46d4d2c753201f9440d43a46c5d22460bf10e8baf3cf55368d5,2633b81347d801bceea5e86855860f8b6cf60edced61f327f877562e56330259
radius_100m,spatial,fold_4,M1,1,"{""C"": 1.0}",MEAN,0.8628483372729403,938,938,964fe2083835ff6c342d839dc6251c2d9d402c88c3092d6275df131538f4c0bb,
radius_100m,spatial,fold_4,M1,2,"{""C"": 10.0}",0,0.6858074154454851,846,87,2502cf0c9925b967146d29e9f184ea853b641463de27b4e304a442eb558b5159,1b007a7cb3fa76db95ea07a6344fb8360ed65faa97dee961fd8b766403cefe5b
radius_100m,spatial,fold_4,M1,2,"{""C"": 10.0}",1,0.9357195644434175,435,471,3b40e02385fe9b6f5ebc9a6df92628cb8f07d33ec70bc765a488943854472642,a459d5d435dc25482d735e12d16bc8a1dd302c1aba8b32c3f305361b6a13baa0
radius_100m,spatial,fold_4,M1,2,"{""C"": 10.0}",2,0.8368891453920444,673,235,056aacc1c4b7bdf9197555be3fe2666c7e200f9da60c4fbeedc38e22e5e9b6be,90604268e1eeb1ba7ddb06856a6c6ecfafb437111725fe554d7cb0650d548399
radius_100m,spatial,fold_4,M1,2,"{""C"": 10.0}",3,0.982503348190732,755,145,c3a1d26e83b0f46d4d2c753201f9440d43a46c5d22460bf10e8baf3cf55368d5,2633b81347d801bceea5e86855860f8b6cf60edced61f327f877562e56330259
radius_100m,spatial,fold_4,M1,2,"{""C"": 10.0}",MEAN,0.8602298683679198,938,938,964fe2083835ff6c342d839dc6251c2d9d402c88c3092d6275df131538f4c0bb,
radius_100m,spatial,fold_4,M2,0,"{""max_depth"": 2, ""reg_lambda"": 10}",0,0.7474525031114359,846,87,2502cf0c9925b967146d29e9f184ea853b641463de27b4e304a442eb558b5159,1b007a7cb3fa76db95ea07a6344fb8360ed65faa97dee961fd8b766403cefe5b
radius_100m,spatial,fold_4,M2,0,"{""max_depth"": 2, ""reg_lambda"": 10}",1,0.9409173196457494,435,471,3b40e02385fe9b6f5ebc9a6df92628cb8f07d33ec70bc765a488943854472642,a459d5d435dc25482d735e12d16bc8a1dd302c1aba8b32c3f305361b6a13baa0
radius_100m,spatial,fold_4,M2,0,"{""max_depth"": 2, ""reg_lambda"": 10}",2,0.7983175785228549,673,235,056aacc1c4b7bdf9197555be3fe2666c7e200f9da60c4fbeedc38e22e5e9b6be,90604268e1eeb1ba7ddb06856a6c6ecfafb437111725fe554d7cb0650d548399
radius_100m,spatial,fold_4,M2,0,"{""max_depth"": 2, ""reg_lambda"": 10}",3,0.9884328071087406,755,145,c3a1d26e83b0f46d4d2c753201f9440d43a46c5d22460bf10e8baf3cf55368d5,2633b81347d801bceea5e86855860f8b6cf60edced61f327f877562e56330259
radius_100m,spatial,fold_4,M2,0,"{""max_depth"": 2, ""reg_lambda"": 10}",MEAN,0.8687800520971952,938,938,964fe2083835ff6c342d839dc6251c2d9d402c88c3092d6275df131538f4c0bb,
radius_100m,spatial,fold_4,M2,1,"{""max_depth"": 2, ""reg_lambda"": 1}",0,0.7417414210804941,846,87,2502cf0c9925b967146d29e9f184ea853b641463de27b4e304a442eb558b5159,1b007a7cb3fa76db95ea07a6344fb8360ed65faa97dee961fd8b766403cefe5b
radius_100m,spatial,fold_4,M2,1,"{""max_depth"": 2, ""reg_lambda"": 1}",1,0.942804358588514,435,471,3b40e02385fe9b6f5ebc9a6df92628cb8f07d33ec70bc765a488943854472642,a459d5d435dc25482d735e12d16bc8a1dd302c1aba8b32c3f305361b6a13baa0
radius_100m,spatial,fold_4,M2,1,"{""max_depth"": 2, ""reg_lambda"": 1}",2,0.7980227897992654,673,235,056aacc1c4b7bdf9197555be3fe2666c7e200f9da60c4fbeedc38e22e5e9b6be,90604268e1eeb1ba7ddb06856a6c6ecfafb437111725fe554d7cb0650d548399
radius_100m,spatial,fold_4,M2,1,"{""max_depth"": 2, ""reg_lambda"": 1}",3,0.9854591870773534,755,145,c3a1d26e83b0f46d4d2c753201f9440d43a46c5d22460bf10e8baf3cf55368d5,2633b81347d801bceea5e86855860f8b6cf60edced61f327f877562e56330259
radius_100m,spatial,fold_4,M2,1,"{""max_depth"": 2, ""reg_lambda"": 1}",MEAN,0.8670069391364067,938,938,964fe2083835ff6c342d839dc6251c2d9d402c88c3092d6275df131538f4c0bb,
radius_100m,spatial,fold_4,M2,2,"{""max_depth"": 3, ""reg_lambda"": 10}",0,0.7330374332869883,846,87,2502cf0c9925b967146d29e9f184ea853b641463de27b4e304a442eb558b5159,1b007a7cb3fa76db95ea07a6344fb8360ed65faa97dee961fd8b766403cefe5b
radius_100m,spatial,fold_4,M2,2,"{""max_depth"": 3, ""reg_lambda"": 10}",1,0.9350906638841189,435,471,3b40e02385fe9b6f5ebc9a6df92628cb8f07d33ec70bc765a488943854472642,a459d5d435dc25482d735e12d16bc8a1dd302c1aba8b32c3f305361b6a13baa0
radius_100m,spatial,fold_4,M2,2,"{""max_depth"": 3, ""reg_lambda"": 10}",2,0.7996007273847155,673,235,056aacc1c4b7bdf9197555be3fe2666c7e200f9da60c4fbeedc38e22e5e9b6be,90604268e1eeb1ba7ddb06856a6c6ecfafb437111725fe554d7cb0650d548399
radius_100m,spatial,fold_4,M2,2,"{""max_depth"": 3, ""reg_lambda"": 10}",3,0.9895489804623242,755,145,c3a1d26e83b0f46d4d2c753201f9440d43a46c5d22460bf10e8baf3cf55368d5,2633b81347d801bceea5e86855860f8b6cf60edced61f327f877562e56330259
radius_100m,spatial,fold_4,M2,2,"{""max_depth"": 3, ""reg_lambda"": 10}",MEAN,0.8643194512545368,938,938,964fe2083835ff6c342d839dc6251c2d9d402c88c3092d6275df131538f4c0bb,
radius_100m,spatial,fold_4,M2,3,"{""max_depth"": 3, ""reg_lambda"": 1}",0,0.7571385410809157,846,87,2502cf0c9925b967146d29e9f184ea853b641463de27b4e304a442eb558b5159,1b007a7cb3fa76db95ea07a6344fb8360ed65faa97dee961fd8b766403cefe5b
radius_100m,spatial,fold_4,M2,3,"{""max_depth"": 3, ""reg_lambda"": 1}",1,0.9452406959471827,435,471,3b40e02385fe9b6f5ebc9a6df92628cb8f07d33ec70bc765a488943854472642,a459d5d435dc25482d735e12d16bc8a1dd302c1aba8b32c3f305361b6a13baa0
radius_100m,spatial,fold_4,M2,3,"{""max_depth"": 3, ""reg_lambda"": 1}",2,0.7968652680120639,673,235,056aacc1c4b7bdf9197555be3fe2666c7e200f9da60c4fbeedc38e22e5e9b6be,90604268e1eeb1ba7ddb06856a6c6ecfafb437111725fe554d7cb0650d548399
radius_100m,spatial,fold_4,M2,3,"{""max_depth"": 3, ""reg_lambda"": 1}",3,0.9871413672867594,755,145,c3a1d26e83b0f46d4d2c753201f9440d43a46c5d22460bf10e8baf3cf55368d5,2633b81347d801bceea5e86855860f8b6cf60edced61f327f877562e56330259
radius_100m,spatial,fold_4,M2,3,"{""max_depth"": 3, ""reg_lambda"": 1}",MEAN,0.8715964680817305,938,938,964fe2083835ff6c342d839dc6251c2d9d402c88c3092d6275df131538f4c0bb,
radius_100m,leave_city_out,new_york_city,M0,0,{},0,0.7835655929038281,53,17,f3ee52405e0d325f5baf8d7ea494f4e8c5f3230561ec0ced863d8cd8753afb93,e353d37455319939c2e9e201d5a94e880f6b8ee4ac9f7a19a936a8ab13c34fae
radius_100m,leave_city_out,new_york_city,M0,0,{},1,0.828558129654621,45,27,73fbcc733dbbe30ba136dc157aa9e752b81a037f1a8ef29fb0599251b94bba87,5a2c7c97163c272c0a4ae4447edd35d671dc83ea1d919e373fcdc2679b37eae0
radius_100m,leave_city_out,new_york_city,M0,0,{},2,0.4699245199245199,60,14,532b45838b41c6dc9700da73a044da4ea0ae19ecd81402f28106ca2ff74dfcb9,11b8d57fbe13447f5923d688e01c091fe56bc4111d5f0ef77a877dd2cb184e8d
radius_100m,leave_city_out,new_york_city,M0,0,{},3,0.9583333333333334,65,8,78a54bce5ff039c9341c66e72098abc14200280739f7d11346cc0752fd3aab49,653583388baf8fe0655e4666b2678431bca48b1fcbd259d36a48ac002f567cd1
radius_100m,leave_city_out,new_york_city,M0,0,{},4,0.8857142857142857,65,9,1cbb71898bb2fe722fd1011cbc85cfdec565765dce0637eb52d705b7a502a30e,8e136feaacd58f9d044a88a4f433d56ba8b4eed91c47d09e38d88d7607578db7
radius_100m,leave_city_out,new_york_city,M0,0,{},MEAN,0.7852191723061177,75,75,4b07e38aa178d473616746c7fd9e2998b23db8ef8a244d2033c883d56f4e78af,
radius_100m,leave_city_out,new_york_city,M1,0,"{""C"": 0.1}",0,0.852008547008547,53,17,f3ee52405e0d325f5baf8d7ea494f4e8c5f3230561ec0ced863d8cd8753afb93,e353d37455319939c2e9e201d5a94e880f6b8ee4ac9f7a19a936a8ab13c34fae
radius_100m,leave_city_out,new_york_city,M1,0,"{""C"": 0.1}",1,0.8102705255891531,45,27,73fbcc733dbbe30ba136dc157aa9e752b81a037f1a8ef29fb0599251b94bba87,5a2c7c97163c272c0a4ae4447edd35d671dc83ea1d919e373fcdc2679b37eae0
radius_100m,leave_city_out,new_york_city,M1,0,"{""C"": 0.1}",2,0.9340659340659339,60,14,532b45838b41c6dc9700da73a044da4ea0ae19ecd81402f28106ca2ff74dfcb9,11b8d57fbe13447f5923d688e01c091fe56bc4111d5f0ef77a877dd2cb184e8d
radius_100m,leave_city_out,new_york_city,M1,0,"{""C"": 0.1}",3,1.0,65,8,78a54bce5ff039c9341c66e72098abc14200280739f7d11346cc0752fd3aab49,653583388baf8fe0655e4666b2678431bca48b1fcbd259d36a48ac002f567cd1
radius_100m,leave_city_out,new_york_city,M1,0,"{""C"": 0.1}",4,0.9266666666666666,65,9,1cbb71898bb2fe722fd1011cbc85cfdec565765dce0637eb52d705b7a502a30e,8e136feaacd58f9d044a88a4f433d56ba8b4eed91c47d09e38d88d7607578db7
radius_100m,leave_city_out,new_york_city,M1,0,"{""C"": 0.1}",MEAN,0.9046023346660601,75,75,4b07e38aa178d473616746c7fd9e2998b23db8ef8a244d2033c883d56f4e78af,
radius_100m,leave_city_out,new_york_city,M1,1,"{""C"": 1.0}",0,0.9066558441558441,53,17,f3ee52405e0d325f5baf8d7ea494f4e8c5f3230561ec0ced863d8cd8753afb93,e353d37455319939c2e9e201d5a94e880f6b8ee4ac9f7a19a936a8ab13c34fae
radius_100m,leave_city_out,new_york_city,M1,1,"{""C"": 1.0}",1,0.8080181564508191,45,27,73fbcc733dbbe30ba136dc157aa9e752b81a037f1a8ef29fb0599251b94bba87,5a2c7c97163c272c0a4ae4447edd35d671dc83ea1d919e373fcdc2679b37eae0
radius_100m,leave_city_out,new_york_city,M1,1,"{""C"": 1.0}",2,0.889848246991104,60,14,532b45838b41c6dc9700da73a044da4ea0ae19ecd81402f28106ca2ff74dfcb9,11b8d57fbe13447f5923d688e01c091fe56bc4111d5f0ef77a877dd2cb184e8d
radius_100m,leave_city_out,new_york_city,M1,1,"{""C"": 1.0}",3,1.0,65,8,78a54bce5ff039c9341c66e72098abc14200280739f7d11346cc0752fd3aab49,653583388baf8fe0655e4666b2678431bca48b1fcbd259d36a48ac002f567cd1
radius_100m,leave_city_out,new_york_city,M1,1,"{""C"": 1.0}",4,0.9666666666666667,65,9,1cbb71898bb2fe722fd1011cbc85cfdec565765dce0637eb52d705b7a502a30e,8e136feaacd58f9d044a88a4f433d56ba8b4eed91c47d09e38d88d7607578db7
radius_100m,leave_city_out,new_york_city,M1,1,"{""C"": 1.0}",MEAN,0.9142377828528868,75,75,4b07e38aa178d473616746c7fd9e2998b23db8ef8a244d2033c883d56f4e78af,
radius_100m,leave_city_out,new_york_city,M1,2,"{""C"": 10.0}",0,0.8326839826839827,53,17,f3ee52405e0d325f5baf8d7ea494f4e8c5f3230561ec0ced863d8cd8753afb93,e353d37455319939c2e9e201d5a94e880f6b8ee4ac9f7a19a936a8ab13c34fae
radius_100m,leave_city_out,new_york_city,M1,2,"{""C"": 10.0}",1,0.8230107881919477,45,27,73fbcc733dbbe30ba136dc157aa9e752b81a037f1a8ef29fb0599251b94bba87,5a2c7c97163c272c0a4ae4447edd35d671dc83ea1d919e373fcdc2679b37eae0
radius_100m,leave_city_out,new_york_city,M1,2,"{""C"": 10.0}",2,0.85578231292517,60,14,532b45838b41c6dc9700da73a044da4ea0ae19ecd81402f28106ca2ff74dfcb9,11b8d57fbe13447f5923d688e01c091fe56bc4111d5f0ef77a877dd2cb184e8d
radius_100m,leave_city_out,new_york_city,M1,2,"{""C"": 10.0}",3,1.0,65,8,78a54bce5ff039c9341c66e72098abc14200280739f7d11346cc0752fd3aab49,653583388baf8fe0655e4666b2678431bca48b1fcbd259d36a48ac002f567cd1
radius_100m,leave_city_out,new_york_city,M1,2,"{""C"": 10.0}",4,1.0,65,9,1cbb71898bb2fe722fd1011cbc85cfdec565765dce0637eb52d705b7a502a30e,8e136feaacd58f9d044a88a4f433d56ba8b4eed91c47d09e38d88d7607578db7
radius_100m,leave_city_out,new_york_city,M1,2,"{""C"": 10.0}",MEAN,0.9022954167602201,75,75,4b07e38aa178d473616746c7fd9e2998b23db8ef8a244d2033c883d56f4e78af,
radius_100m,leave_city_out,new_york_city,M2,0,"{""max_depth"": 2, ""reg_lambda"": 10}",0,0.7702633477633478,53,17,f3ee52405e0d325f5baf8d7ea494f4e8c5f3230561ec0ced863d8cd8753afb93,e353d37455319939c2e9e201d5a94e880f6b8ee4ac9f7a19a936a8ab13c34fae
radius_100m,leave_city_out,new_york_city,M2,0,"{""max_depth"": 2, ""reg_lambda"": 10}",1,0.7846977242075281,45,27,73fbcc733dbbe30ba136dc157aa9e752b81a037f1a8ef29fb0599251b94bba87,5a2c7c97163c272c0a4ae4447edd35d671dc83ea1d919e373fcdc2679b37eae0
radius_100m,leave_city_out,new_york_city,M2,0,"{""max_depth"": 2, ""reg_lambda"": 10}",2,0.857142857142857,60,14,532b45838b41c6dc9700da73a044da4ea0ae19ecd81402f28106ca2ff74dfcb9,11b8d57fbe13447f5923d688e01c091fe56bc4111d5f0ef77a877dd2cb184e8d
radius_100m,leave_city_out,new_york_city,M2,0,"{""max_depth"": 2, ""reg_lambda"": 10}",3,0.9484126984126984,65,8,78a54bce5ff039c9341c66e72098abc14200280739f7d11346cc0752fd3aab49,653583388baf8fe0655e4666b2678431bca48b1fcbd259d36a48ac002f567cd1
radius_100m,leave_city_out,new_york_city,M2,0,"{""max_depth"": 2, ""reg_lambda"": 10}",4,0.8444444444444443,65,9,1cbb71898bb2fe722fd1011cbc85cfdec565765dce0637eb52d705b7a502a30e,8e136feaacd58f9d044a88a4f433d56ba8b4eed91c47d09e38d88d7607578db7
radius_100m,leave_city_out,new_york_city,M2,0,"{""max_depth"": 2, ""reg_lambda"": 10}",MEAN,0.840992214394175,75,75,4b07e38aa178d473616746c7fd9e2998b23db8ef8a244d2033c883d56f4e78af,
radius_100m,leave_city_out,new_york_city,M2,1,"{""max_depth"": 2, ""reg_lambda"": 1}",0,0.7925649350649351,53,17,f3ee52405e0d325f5baf8d7ea494f4e8c5f3230561ec0ced863d8cd8753afb93,e353d37455319939c2e9e201d5a94e880f6b8ee4ac9f7a19a936a8ab13c34fae
radius_100m,leave_city_out,new_york_city,M2,1,"{""max_depth"": 2, ""reg_lambda"": 1}",1,0.7830333800186742,45,27,73fbcc733dbbe30ba136dc157aa9e752b81a037f1a8ef29fb0599251b94bba87,5a2c7c97163c272c0a4ae4447edd35d671dc83ea1d919e373fcdc2679b37eae0
radius_100m,leave_city_out,new_york_city,M2,1,"{""max_depth"": 2, ""reg_lambda"": 1}",2,0.857142857142857,60,14,532b45838b41c6dc9700da73a044da4ea0ae19ecd81402f28106ca2ff74dfcb9,11b8d57fbe13447f5923d688e01c091fe56bc4111d5f0ef77a877dd2cb184e8d
radius_100m,leave_city_out,new_york_city,M2,1,"{""max_depth"": 2, ""reg_lambda"": 1}",3,0.976190476190476,65,8,78a54bce5ff039c9341c66e72098abc14200280739f7d11346cc0752fd3aab49,653583388baf8fe0655e4666b2678431bca48b1fcbd259d36a48ac002f567cd1
radius_100m,leave_city_out,new_york_city,M2,1,"{""max_depth"": 2, ""reg_lambda"": 1}",4,0.8583333333333333,65,9,1cbb71898bb2fe722fd1011cbc85cfdec565765dce0637eb52d705b7a502a30e,8e136feaacd58f9d044a88a4f433d56ba8b4eed91c47d09e38d88d7607578db7
radius_100m,leave_city_out,new_york_city,M2,1,"{""max_depth"": 2, ""reg_lambda"": 1}",MEAN,0.8534529963500551,75,75,4b07e38aa178d473616746c7fd9e2998b23db8ef8a244d2033c883d56f4e78af,
radius_100m,leave_city_out,new_york_city,M2,2,"{""max_depth"": 3, ""reg_lambda"": 10}",0,0.7702633477633478,53,17,f3ee52405e0d325f5baf8d7ea494f4e8c5f3230561ec0ced863d8cd8753afb93,e353d37455319939c2e9e201d5a94e880f6b8ee4ac9f7a19a936a8ab13c34fae
radius_100m,leave_city_out,new_york_city,M2,2,"{""max_depth"": 3, ""reg_lambda"": 10}",1,0.7846977242075281,45,27,73fbcc733dbbe30ba136dc157aa9e752b81a037f1a8ef29fb0599251b94bba87,5a2c7c97163c272c0a4ae4447edd35d671dc83ea1d919e373fcdc2679b37eae0
radius_100m,leave_city_out,new_york_city,M2,2,"{""max_depth"": 3, ""reg_lambda"": 10}",2,0.857142857142857,60,14,532b45838b41c6dc9700da73a044da4ea0ae19ecd81402f28106ca2ff74dfcb9,11b8d57fbe13447f5923d688e01c091fe56bc4111d5f0ef77a877dd2cb184e8d
radius_100m,leave_city_out,new_york_city,M2,2,"{""max_depth"": 3, ""reg_lambda"": 10}",3,0.9484126984126984,65,8,78a54bce5ff039c9341c66e72098abc14200280739f7d11346cc0752fd3aab49,653583388baf8fe0655e4666b2678431bca48b1fcbd259d36a48ac002f567cd1
radius_100m,leave_city_out,new_york_city,M2,2,"{""max_depth"": 3, ""reg_lambda"": 10}",4,0.8444444444444443,65,9,1cbb71898bb2fe722fd1011cbc85cfdec565765dce0637eb52d705b7a502a30e,8e136feaacd58f9d044a88a4f433d56ba8b4eed91c47d09e38d88d7607578db7
radius_100m,leave_city_out,new_york_city,M2,2,"{""max_depth"": 3, ""reg_lambda"": 10}",MEAN,0.840992214394175,75,75,4b07e38aa178d473616746c7fd9e2998b23db8ef8a244d2033c883d56f4e78af,
radius_100m,leave_city_out,new_york_city,M2,3,"{""max_depth"": 3, ""reg_lambda"": 1}",0,0.7925649350649351,53,17,f3ee52405e0d325f5baf8d7ea494f4e8c5f3230561ec0ced863d8cd8753afb93,e353d37455319939c2e9e201d5a94e880f6b8ee4ac9f7a19a936a8ab13c34fae
radius_100m,leave_city_out,new_york_city,M2,3,"{""max_depth"": 3, ""reg_lambda"": 1}",1,0.7830333800186742,45,27,73fbcc733dbbe30ba136dc157aa9e752b81a037f1a8ef29fb0599251b94bba87,5a2c7c97163c272c0a4ae4447edd35d671dc83ea1d919e373fcdc2679b37eae0
radius_100m,leave_city_out,new_york_city,M2,3,"{""max_depth"": 3, ""reg_lambda"": 1}",2,0.857142857142857,60,14,532b45838b41c6dc9700da73a044da4ea0ae19ecd81402f28106ca2ff74dfcb9,11b8d57fbe13447f5923d688e01c091fe56bc4111d5f0ef77a877dd2cb184e8d
radius_100m,leave_city_out,new_york_city,M2,3,"{""max_depth"": 3, ""reg_lambda"": 1}",3,0.976190476190476,65,8,78a54bce5ff039c9341c66e72098abc14200280739f7d11346cc0752fd3aab49,653583388baf8fe0655e4666b2678431bca48b1fcbd259d36a48ac002f567cd1
radius_100m,leave_city_out,new_york_city,M2,3,"{""max_depth"": 3, ""reg_lambda"": 1}",4,0.8583333333333333,65,9,1cbb71898bb2fe722fd1011cbc85cfdec565765dce0637eb52d705b7a502a30e,8e136feaacd58f9d044a88a4f433d56ba8b4eed91c47d09e38d88d7607578db7
radius_100m,leave_city_out,new_york_city,M2,3,"{""max_depth"": 3, ""reg_lambda"": 1}",MEAN,0.8534529963500551,75,75,4b07e38aa178d473616746c7fd9e2998b23db8ef8a244d2033c883d56f4e78af,
radius_100m,leave_city_out,buffalo,M0,0,{},0,0.6279099142476751,1074,72,671046a14446ff4015986ff5262aa3698381a3c2d59f4c64dab780141e9c6a8e,6ec3b019816e1672014f2b6c44139d77a453e8a723aa94c99ff1a339dc270ab2
radius_100m,leave_city_out,buffalo,M0,0,{},1,0.9678242640124489,630,462,206676a1f8fb0de7fd3881e543459e91841dc6823d88e14b853d0b3a35bb15f6,50e9c4f001ca1bfc479c6d714b059b22a4ee665e3f4652a57b7aab6f63934769
radius_100m,leave_city_out,buffalo,M0,0,{},2,0.8381468887548331,880,234,e050a2baada4ff941346efe32b5b49b3c5f0a2e3c20956c8af14a6455f9e976c,409c79794d38a24274df78762d0b1ba3b4cd6c0a5fbd0988a82afc694ef7732d
radius_100m,leave_city_out,buffalo,M0,0,{},3,0.9810071581644328,969,141,318dab8b80992d06d6ec7c7cc693bdad454aac3c5afdd86c1594a0cac149678b,0286f39a5636f04b9afb4b6bdfab7020561b6273fbd078045b744f20fcc2c79b
radius_100m,leave_city_out,buffalo,M0,0,{},4,0.9233175349607479,897,237,66317126577059cbd46aff8dbbe681694833a83155a328775c4fbe8631d69d2a,bc524ad27226077fc692991851c29694964ebc67e0b748288337c5284d584be1
radius_100m,leave_city_out,buffalo,M0,0,{},MEAN,0.8676411520280276,1146,1146,9dd1d722e953dca421a30bafacd210c5427ef16a1028f11b2a6137b168f0af9b,
radius_100m,leave_city_out,buffalo,M1,0,"{""C"": 0.1}",0,0.6387516706516814,1074,72,671046a14446ff4015986ff5262aa3698381a3c2d59f4c64dab780141e9c6a8e,6ec3b019816e1672014f2b6c44139d77a453e8a723aa94c99ff1a339dc270ab2
radius_100m,leave_city_out,buffalo,M1,0,"{""C"": 0.1}",1,0.9632907761752728,630,462,206676a1f8fb0de7fd3881e543459e91841dc6823d88e14b853d0b3a35bb15f6,50e9c4f001ca1bfc479c6d714b059b22a4ee665e3f4652a57b7aab6f63934769
radius_100m,leave_city_out,buffalo,M1,0,"{""C"": 0.1}",2,0.8507014929283304,880,234,e050a2baada4ff941346efe32b5b49b3c5f0a2e3c20956c8af14a6455f9e976c,409c79794d38a24274df78762d0b1ba3b4cd6c0a5fbd0988a82afc694ef7732d
radius_100m,leave_city_out,buffalo,M1,0,"{""C"": 0.1}",3,0.9863530322145225,969,141,318dab8b80992d06d6ec7c7cc693bdad454aac3c5afdd86c1594a0cac149678b,0286f39a5636f04b9afb4b6bdfab7020561b6273fbd078045b744f20fcc2c79b
radius_100m,leave_city_out,buffalo,M1,0,"{""C"": 0.1}",4,0.93375493389534,897,237,66317126577059cbd46aff8dbbe681694833a83155a328775c4fbe8631d69d2a,bc524ad27226077fc692991851c29694964ebc67e0b748288337c5284d584be1
radius_100m,leave_city_out,buffalo,M1,0,"{""C"": 0.1}",MEAN,0.8745703811730294,1146,1146,9dd1d722e953dca421a30bafacd210c5427ef16a1028f11b2a6137b168f0af9b,
radius_100m,leave_city_out,buffalo,M1,1,"{""C"": 1.0}",0,0.6338291971393908,1074,72,671046a14446ff4015986ff5262aa3698381a3c2d59f4c64dab780141e9c6a8e,6ec3b019816e1672014f2b6c44139d77a453e8a723aa94c99ff1a339dc270ab2
radius_100m,leave_city_out,buffalo,M1,1,"{""C"": 1.0}",1,0.962955519846795,630,462,206676a1f8fb0de7fd3881e543459e91841dc6823d88e14b853d0b3a35bb15f6,50e9c4f001ca1bfc479c6d714b059b22a4ee665e3f4652a57b7aab6f63934769
radius_100m,leave_city_out,buffalo,M1,1,"{""C"": 1.0}",2,0.8497718840295012,880,234,e050a2baada4ff941346efe32b5b49b3c5f0a2e3c20956c8af14a6455f9e976c,409c79794d38a24274df78762d0b1ba3b4cd6c0a5fbd0988a82afc694ef7732d
radius_100m,leave_city_out,buffalo,M1,1,"{""C"": 1.0}",3,0.9861167288765404,969,141,318dab8b80992d06d6ec7c7cc693bdad454aac3c5afdd86c1594a0cac149678b,0286f39a5636f04b9afb4b6bdfab7020561b6273fbd078045b744f20fcc2c79b
radius_100m,leave_city_out,buffalo,M1,1,"{""C"": 1.0}",4,0.9311134583665401,897,237,66317126577059cbd46aff8dbbe681694833a83155a328775c4fbe8631d69d2a,bc524ad27226077fc692991851c29694964ebc67e0b748288337c5284d584be1
radius_100m,leave_city_out,buffalo,M1,1,"{""C"": 1.0}",MEAN,0.8727573576517536,1146,1146,9dd1d722e953dca421a30bafacd210c5427ef16a1028f11b2a6137b168f0af9b,
radius_100m,leave_city_out,buffalo,M1,2,"{""C"": 10.0}",0,0.6312305940400236,1074,72,671046a14446ff4015986ff5262aa3698381a3c2d59f4c64dab780141e9c6a8e,6ec3b019816e1672014f2b6c44139d77a453e8a723aa94c99ff1a339dc270ab2
radius_100m,leave_city_out,buffalo,M1,2,"{""C"": 10.0}",1,0.9622214934088895,630,462,206676a1f8fb0de7fd3881e543459e91841dc6823d88e14b853d0b3a35bb15f6,50e9c4f001ca1bfc479c6d714b059b22a4ee665e3f4652a57b7aab6f63934769
radius_100m,leave_city_out,buffalo,M1,2,"{""C"": 10.0}",2,0.8490271596596032,880,234,e050a2baada4ff941346efe32b5b49b3c5f0a2e3c20956c8af14a6455f9e976c,409c79794d38a24274df78762d0b1ba3b4cd6c0a5fbd0988a82afc694ef7732d
radius_100m,leave_city_out,buffalo,M1,2,"{""C"": 10.0}",3,0.986186089097859,969,141,318dab8b80992d06d6ec7c7cc693bdad454aac3c5afdd86c1594a0cac149678b,0286f39a5636f04b9afb4b6bdfab7020561b6273fbd078045b744f20fcc2c79b
radius_100m,leave_city_out,buffalo,M1,2,"{""C"": 10.0}",4,0.9307238060655171,897,237,66317126577059cbd46aff8dbbe681694833a83155a328775c4fbe8631d69d2a,bc524ad27226077fc692991851c29694964ebc67e0b748288337c5284d584be1
radius_100m,leave_city_out,buffalo,M1,2,"{""C"": 10.0}",MEAN,0.8718778284543784,1146,1146,9dd1d722e953dca421a30bafacd210c5427ef16a1028f11b2a6137b168f0af9b,
radius_100m,leave_city_out,buffalo,M2,0,"{""max_depth"": 2, ""reg_lambda"": 10}",0,0.5829473228728526,1074,72,671046a14446ff4015986ff5262aa3698381a3c2d59f4c64dab780141e9c6a8e,6ec3b019816e1672014f2b6c44139d77a453e8a723aa94c99ff1a339dc270ab2
radius_100m,leave_city_out,buffalo,M2,0,"{""max_depth"": 2, ""reg_lambda"": 10}",1,0.9542205291304965,630,462,206676a1f8fb0de7fd3881e543459e91841dc6823d88e14b853d0b3a35bb15f6,50e9c4f001ca1bfc479c6d714b059b22a4ee665e3f4652a57b7aab6f63934769
radius_100m,leave_city_out,buffalo,M2,0,"{""max_depth"": 2, ""reg_lambda"": 10}",2,0.7632126933355272,880,234,e050a2baada4ff941346efe32b5b49b3c5f0a2e3c20956c8af14a6455f9e976c,409c79794d38a24274df78762d0b1ba3b4cd6c0a5fbd0988a82afc694ef7732d
radius_100m,leave_city_out,buffalo,M2,0,"{""max_depth"": 2, ""reg_lambda"": 10}",3,0.9866912856277504,969,141,318dab8b80992d06d6ec7c7cc693bdad454aac3c5afdd86c1594a0cac149678b,0286f39a5636f04b9afb4b6bdfab7020561b6273fbd078045b744f20fcc2c79b
radius_100m,leave_city_out,buffalo,M2,0,"{""max_depth"": 2, ""reg_lambda"": 10}",4,0.9072363753498852,897,237,66317126577059cbd46aff8dbbe681694833a83155a328775c4fbe8631d69d2a,bc524ad27226077fc692991851c29694964ebc67e0b748288337c5284d584be1
radius_100m,leave_city_out,buffalo,M2,0,"{""max_depth"": 2, ""reg_lambda"": 10}",MEAN,0.8388616412633023,1146,1146,9dd1d722e953dca421a30bafacd210c5427ef16a1028f11b2a6137b168f0af9b,
radius_100m,leave_city_out,buffalo,M2,1,"{""max_depth"": 2, ""reg_lambda"": 1}",0,0.5941615443245714,1074,72,671046a14446ff4015986ff5262aa3698381a3c2d59f4c64dab780141e9c6a8e,6ec3b019816e1672014f2b6c44139d77a453e8a723aa94c99ff1a339dc270ab2
radius_100m,leave_city_out,buffalo,M2,1,"{""max_depth"": 2, ""reg_lambda"": 1}",1,0.9611028552884678,630,462,206676a1f8fb0de7fd3881e543459e91841dc6823d88e14b853d0b3a35bb15f6,50e9c4f001ca1bfc479c6d714b059b22a4ee665e3f4652a57b7aab6f63934769
radius_100m,leave_city_out,buffalo,M2,1,"{""max_depth"": 2, ""reg_lambda"": 1}",2,0.7650354639854762,880,234,e050a2baada4ff941346efe32b5b49b3c5f0a2e3c20956c8af14a6455f9e976c,409c79794d38a24274df78762d0b1ba3b4cd6c0a5fbd0988a82afc694ef7732d
radius_100m,leave_city_out,buffalo,M2,1,"{""max_depth"": 2, ""reg_lambda"": 1}",3,0.9874684991244855,969,141,318dab8b80992d06d6ec7c7cc693bdad454aac3c5afdd86c1594a0cac149678b,0286f39a5636f04b9afb4b6bdfab7020561b6273fbd078045b744f20fcc2c79b
radius_100m,leave_city_out,buffalo,M2,1,"{""max_depth"": 2, ""reg_lambda"": 1}",4,0.9063865542269101,897,237,66317126577059cbd46aff8dbbe681694833a83155a328775c4fbe8631d69d2a,bc524ad27226077fc692991851c29694964ebc67e0b748288337c5284d584be1
radius_100m,leave_city_out,buffalo,M2,1,"{""max_depth"": 2, ""reg_lambda"": 1}",MEAN,0.8428309833899823,1146,1146,9dd1d722e953dca421a30bafacd210c5427ef16a1028f11b2a6137b168f0af9b,
radius_100m,leave_city_out,buffalo,M2,2,"{""max_depth"": 3, ""reg_lambda"": 10}",0,0.5982918500488366,1074,72,671046a14446ff4015986ff5262aa3698381a3c2d59f4c64dab780141e9c6a8e,6ec3b019816e1672014f2b6c44139d77a453e8a723aa94c99ff1a339dc270ab2
radius_100m,leave_city_out,buffalo,M2,2,"{""max_depth"": 3, ""reg_lambda"": 10}",1,0.9595668274632322,630,462,206676a1f8fb0de7fd3881e543459e91841dc6823d88e14b853d0b3a35bb15f6,50e9c4f001ca1bfc479c6d714b059b22a4ee665e3f4652a57b7aab6f63934769
radius_100m,leave_city_out,buffalo,M2,2,"{""max_depth"": 3, ""reg_lambda"": 10}",2,0.7581156558975166,880,234,e050a2baada4ff941346efe32b5b49b3c5f0a2e3c20956c8af14a6455f9e976c,409c79794d38a24274df78762d0b1ba3b4cd6c0a5fbd0988a82afc694ef7732d
radius_100m,leave_city_out,buffalo,M2,2,"{""max_depth"": 3, ""reg_lambda"": 10}",3,0.9898139313459055,969,141,318dab8b80992d06d6ec7c7cc693bdad454aac3c5afdd86c1594a0cac149678b,0286f39a5636f04b9afb4b6bdfab7020561b6273fbd078045b744f20fcc2c79b
radius_100m,leave_city_out,buffalo,M2,2,"{""max_depth"": 3, ""reg_lambda"": 10}",4,0.892683766615657,897,237,66317126577059cbd46aff8dbbe681694833a83155a328775c4fbe8631d69d2a,bc524ad27226077fc692991851c29694964ebc67e0b748288337c5284d584be1
radius_100m,leave_city_out,buffalo,M2,2,"{""max_depth"": 3, ""reg_lambda"": 10}",MEAN,0.8396944062742294,1146,1146,9dd1d722e953dca421a30bafacd210c5427ef16a1028f11b2a6137b168f0af9b,
radius_100m,leave_city_out,buffalo,M2,3,"{""max_depth"": 3, ""reg_lambda"": 1}",0,0.5895230811173251,1074,72,671046a14446ff4015986ff5262aa3698381a3c2d59f4c64dab780141e9c6a8e,6ec3b019816e1672014f2b6c44139d77a453e8a723aa94c99ff1a339dc270ab2
radius_100m,leave_city_out,buffalo,M2,3,"{""max_depth"": 3, ""reg_lambda"": 1}",1,0.9659152855211994,630,462,206676a1f8fb0de7fd3881e543459e91841dc6823d88e14b853d0b3a35bb15f6,50e9c4f001ca1bfc479c6d714b059b22a4ee665e3f4652a57b7aab6f63934769
radius_100m,leave_city_out,buffalo,M2,3,"{""max_depth"": 3, ""reg_lambda"": 1}",2,0.7478337859038544,880,234,e050a2baada4ff941346efe32b5b49b3c5f0a2e3c20956c8af14a6455f9e976c,409c79794d38a24274df78762d0b1ba3b4cd6c0a5fbd0988a82afc694ef7732d
radius_100m,leave_city_out,buffalo,M2,3,"{""max_depth"": 3, ""reg_lambda"": 1}",3,0.9889803580656665,969,141,318dab8b80992d06d6ec7c7cc693bdad454aac3c5afdd86c1594a0cac149678b,0286f39a5636f04b9afb4b6bdfab7020561b6273fbd078045b744f20fcc2c79b
radius_100m,leave_city_out,buffalo,M2,3,"{""max_depth"": 3, ""reg_lambda"": 1}",4,0.878682495871703,897,237,66317126577059cbd46aff8dbbe681694833a83155a328775c4fbe8631d69d2a,bc524ad27226077fc692991851c29694964ebc67e0b748288337c5284d584be1
radius_100m,leave_city_out,buffalo,M2,3,"{""max_depth"": 3, ""reg_lambda"": 1}",MEAN,0.8341870012959497,1146,1146,9dd1d722e953dca421a30bafacd210c5427ef16a1028f11b2a6137b168f0af9b,
radius_100m,leave_city_out,rochester,M0,0,{},0,0.6795630255202695,1073,85,7f0f18459696577fc6f1bef5ec01ac3903fe8980f370a669c39609e27c6f6285,a08aae971d36119e88159fb2bc2a023e97a48222682fd74656303efcb37c1133
radius_100m,leave_city_out,rochester,M0,0,{},1,0.9672034254772395,633,473,8eaa7b5a3d80ec44fc9bc7149845fa63563319a4388f90316d589be11fc22238,7e86f55b9aded5a04a8d086ebadfe9aa4fab584a501d0bcef3b6c1a09300b28f
radius_100m,leave_city_out,rochester,M0,0,{},2,0.8522837854286954,906,226,39a293a8bb8266f15542023b91b4086afd6b4b647187b855182be129664a4477,1bf36cf2f0fbda4789915d1de30950c1b3be47bd8a1e6f3681c08a755bfc871d
radius_100m,leave_city_out,rochester,M0,0,{},3,0.9817516434918585,984,141,b1cebb051688ab4b4971132f4183c70f371c36b1d79c126429f74ea8e72a4d1e,149197e5fa72e48c82d7d99d1a07fb70a032d2a99b45962a60009dff629e6060
radius_100m,leave_city_out,rochester,M0,0,{},4,0.9260390562577961,914,238,f0fe70c73667b75ef63e488f6c2e1a3dc188ca42928198ec8c7716463cd43b31,e4349262ae92e0c3c6e2b83af094d74f382af17820f75b3797f4d8394f24926b
radius_100m,leave_city_out,rochester,M0,0,{},MEAN,0.8813681872351719,1163,1163,566b48ff0ff88800a77fd1aa0670f084181be443c320f83f3a0189e2aa67d26d,
radius_100m,leave_city_out,rochester,M1,0,"{""C"": 0.1}",0,0.7256979581125393,1073,85,7f0f18459696577fc6f1bef5ec01ac3903fe8980f370a669c39609e27c6f6285,a08aae971d36119e88159fb2bc2a023e97a48222682fd74656303efcb37c1133
radius_100m,leave_city_out,rochester,M1,0,"{""C"": 0.1}",1,0.9625562428500655,633,473,8eaa7b5a3d80ec44fc9bc7149845fa63563319a4388f90316d589be11fc22238,7e86f55b9aded5a04a8d086ebadfe9aa4fab584a501d0bcef3b6c1a09300b28f
radius_100m,leave_city_out,rochester,M1,0,"{""C"": 0.1}",2,0.852619076449741,906,226,39a293a8bb8266f15542023b91b4086afd6b4b647187b855182be129664a4477,1bf36cf2f0fbda4789915d1de30950c1b3be47bd8a1e6f3681c08a755bfc871d
radius_100m,leave_city_out,rochester,M1,0,"{""C"": 0.1}",3,0.9880483409101855,984,141,b1cebb051688ab4b4971132f4183c70f371c36b1d79c126429f74ea8e72a4d1e,149197e5fa72e48c82d7d99d1a07fb70a032d2a99b45962a60009dff629e6060
radius_100m,leave_city_out,rochester,M1,0,"{""C"": 0.1}",4,0.933127664981924,914,238,f0fe70c73667b75ef63e488f6c2e1a3dc188ca42928198ec8c7716463cd43b31,e4349262ae92e0c3c6e2b83af094d74f382af17820f75b3797f4d8394f24926b
radius_100m,leave_city_out,rochester,M1,0,"{""C"": 0.1}",MEAN,0.8924098566608911,1163,1163,566b48ff0ff88800a77fd1aa0670f084181be443c320f83f3a0189e2aa67d26d,
radius_100m,leave_city_out,rochester,M1,1,"{""C"": 1.0}",0,0.7078581499523254,1073,85,7f0f18459696577fc6f1bef5ec01ac3903fe8980f370a669c39609e27c6f6285,a08aae971d36119e88159fb2bc2a023e97a48222682fd74656303efcb37c1133
radius_100m,leave_city_out,rochester,M1,1,"{""C"": 1.0}",1,0.9593467508312372,633,473,8eaa7b5a3d80ec44fc9bc7149845fa63563319a4388f90316d589be11fc22238,7e86f55b9aded5a04a8d086ebadfe9aa4fab584a501d0bcef3b6c1a09300b28f
radius_100m,leave_city_out,rochester,M1,1,"{""C"": 1.0}",2,0.8487227646371752,906,226,39a293a8bb8266f15542023b91b4086afd6b4b647187b855182be129664a4477,1bf36cf2f0fbda4789915d1de30950c1b3be47bd8a1e6f3681c08a755bfc871d
radius_100m,leave_city_out,rochester,M1,1,"{""C"": 1.0}",3,0.987765467600664,984,141,b1cebb051688ab4b4971132f4183c70f371c36b1d79c126429f74ea8e72a4d1e,149197e5fa72e48c82d7d99d1a07fb70a032d2a99b45962a60009dff629e6060
radius_100m,leave_city_out,rochester,M1,1,"{""C"": 1.0}",4,0.9307495877341747,914,238,f0fe70c73667b75ef63e488f6c2e1a3dc188ca42928198ec8c7716463cd43b31,e4349262ae92e0c3c6e2b83af094d74f382af17820f75b3797f4d8394f24926b
radius_100m,leave_city_out,rochester,M1,1,"{""C"": 1.0}",MEAN,0.8868885441511154,1163,1163,566b48ff0ff88800a77fd1aa0670f084181be443c320f83f3a0189e2aa67d26d,
radius_100m,leave_city_out,rochester,M1,2,"{""C"": 10.0}",0,0.7062705011241461,1073,85,7f0f18459696577fc6f1bef5ec01ac3903fe8980f370a669c39609e27c6f6285,a08aae971d36119e88159fb2bc2a023e97a48222682fd74656303efcb37c1133
radius_100m,leave_city_out,rochester,M1,2,"{""C"": 10.0}",1,0.9591417321588962,633,473,8eaa7b5a3d80ec44fc9bc7149845fa63563319a4388f90316d589be11fc22238,7e86f55b9aded5a04a8d086ebadfe9aa4fab584a501d0bcef3b6c1a09300b28f
radius_100m,leave_city_out,rochester,M1,2,"{""C"": 10.0}",2,0.8482073499694571,906,226,39a293a8bb8266f15542023b91b4086afd6b4b647187b855182be129664a4477,1bf36cf2f0fbda4789915d1de30950c1b3be47bd8a1e6f3681c08a755bfc871d
radius_100m,leave_city_out,rochester,M1,2,"{""C"": 10.0}",3,0.9878214520979245,984,141,b1cebb051688ab4b4971132f4183c70f371c36b1d79c126429f74ea8e72a4d1e,149197e5fa72e48c82d7d99d1a07fb70a032d2a99b45962a60009dff629e6060
radius_100m,leave_city_out,rochester,M1,2,"{""C"": 10.0}",4,0.9302734583654717,914,238,f0fe70c73667b75ef63e488f6c2e1a3dc188ca42928198ec8c7716463cd43b31,e4349262ae92e0c3c6e2b83af094d74f382af17820f75b3797f4d8394f24926b
radius_100m,leave_city_out,rochester,M1,2,"{""C"": 10.0}",MEAN,0.8863428987431791,1163,1163,566b48ff0ff88800a77fd1aa0670f084181be443c320f83f3a0189e2aa67d26d,
radius_100m,leave_city_out,rochester,M2,0,"{""max_depth"": 2, ""reg_lambda"": 10}",0,0.6732697543107385,1073,85,7f0f18459696577fc6f1bef5ec01ac3903fe8980f370a669c39609e27c6f6285,a08aae971d36119e88159fb2bc2a023e97a48222682fd74656303efcb37c1133
radius_100m,leave_city_out,rochester,M2,0,"{""max_depth"": 2, ""reg_lambda"": 10}",1,0.9548284645736429,633,473,8eaa7b5a3d80ec44fc9bc7149845fa63563319a4388f90316d589be11fc22238,7e86f55b9aded5a04a8d086ebadfe9aa4fab584a501d0bcef3b6c1a09300b28f
radius_100m,leave_city_out,rochester,M2,0,"{""max_depth"": 2, ""reg_lambda"": 10}",2,0.7666367433434702,906,226,39a293a8bb8266f15542023b91b4086afd6b4b647187b855182be129664a4477,1bf36cf2f0fbda4789915d1de30950c1b3be47bd8a1e6f3681c08a755bfc871d
radius_100m,leave_city_out,rochester,M2,0,"{""max_depth"": 2, ""reg_lambda"": 10}",3,0.9904512262051375,984,141,b1cebb051688ab4b4971132f4183c70f371c36b1d79c126429f74ea8e72a4d1e,149197e5fa72e48c82d7d99d1a07fb70a032d2a99b45962a60009dff629e6060
radius_100m,leave_city_out,rochester,M2,0,"{""max_depth"": 2, ""reg_lambda"": 10}",4,0.9177598255177348,914,238,f0fe70c73667b75ef63e488f6c2e1a3dc188ca42928198ec8c7716463cd43b31,e4349262ae92e0c3c6e2b83af094d74f382af17820f75b3797f4d8394f24926b
radius_100m,leave_city_out,rochester,M2,0,"{""max_depth"": 2, ""reg_lambda"": 10}",MEAN,0.8605892027901447,1163,1163,566b48ff0ff88800a77fd1aa0670f084181be443c320f83f3a0189e2aa67d26d,
radius_100m,leave_city_out,rochester,M2,1,"{""max_depth"": 2, ""reg_lambda"": 1}",0,0.6973923283237712,1073,85,7f0f18459696577fc6f1bef5ec01ac3903fe8980f370a669c39609e27c6f6285,a08aae971d36119e88159fb2bc2a023e97a48222682fd74656303efcb37c1133
radius_100m,leave_city_out,rochester,M2,1,"{""max_depth"": 2, ""reg_lambda"": 1}",1,0.9567774647696505,633,473,8eaa7b5a3d80ec44fc9bc7149845fa63563319a4388f90316d589be11fc22238,7e86f55b9aded5a04a8d086ebadfe9aa4fab584a501d0bcef3b6c1a09300b28f
radius_100m,leave_city_out,rochester,M2,1,"{""max_depth"": 2, ""reg_lambda"": 1}",2,0.7599586101098015,906,226,39a293a8bb8266f15542023b91b4086afd6b4b647187b855182be129664a4477,1bf36cf2f0fbda4789915d1de30950c1b3be47bd8a1e6f3681c08a755bfc871d
radius_100m,leave_city_out,rochester,M2,1,"{""max_depth"": 2, ""reg_lambda"": 1}",3,0.990024498093481,984,141,b1cebb051688ab4b4971132f4183c70f371c36b1d79c126429f74ea8e72a4d1e,149197e5fa72e48c82d7d99d1a07fb70a032d2a99b45962a60009dff629e6060
radius_100m,leave_city_out,rochester,M2,1,"{""max_depth"": 2, ""reg_lambda"": 1}",4,0.9082139600045096,914,238,f0fe70c73667b75ef63e488f6c2e1a3dc188ca42928198ec8c7716463cd43b31,e4349262ae92e0c3c6e2b83af094d74f382af17820f75b3797f4d8394f24926b
radius_100m,leave_city_out,rochester,M2,1,"{""max_depth"": 2, ""reg_lambda"": 1}",MEAN,0.8624733722602429,1163,1163,566b48ff0ff88800a77fd1aa0670f084181be443c320f83f3a0189e2aa67d26d,
radius_100m,leave_city_out,rochester,M2,2,"{""max_depth"": 3, ""reg_lambda"": 10}",0,0.6825262424175322,1073,85,7f0f18459696577fc6f1bef5ec01ac3903fe8980f370a669c39609e27c6f6285,a08aae971d36119e88159fb2bc2a023e97a48222682fd74656303efcb37c1133
radius_100m,leave_city_out,rochester,M2,2,"{""max_depth"": 3, ""reg_lambda"": 10}",1,0.9587571558090779,633,473,8eaa7b5a3d80ec44fc9bc7149845fa63563319a4388f90316d589be11fc22238,7e86f55b9aded5a04a8d086ebadfe9aa4fab584a501d0bcef3b6c1a09300b28f
radius_100m,leave_city_out,rochester,M2,2,"{""max_depth"": 3, ""reg_lambda"": 10}",2,0.7518325089337367,906,226,39a293a8bb8266f15542023b91b4086afd6b4b647187b855182be129664a4477,1bf36cf2f0fbda4789915d1de30950c1b3be47bd8a1e6f3681c08a755bfc871d
radius_100m,leave_city_out,rochester,M2,2,"{""max_depth"": 3, ""reg_lambda"": 10}",3,0.9880567299401668,984,141,b1cebb051688ab4b4971132f4183c70f371c36b1d79c126429f74ea8e72a4d1e,149197e5fa72e48c82d7d99d1a07fb70a032d2a99b45962a60009dff629e6060
radius_100m,leave_city_out,rochester,M2,2,"{""max_depth"": 3, ""reg_lambda"": 10}",4,0.8996639794770636,914,238,f0fe70c73667b75ef63e488f6c2e1a3dc188ca42928198ec8c7716463cd43b31,e4349262ae92e0c3c6e2b83af094d74f382af17820f75b3797f4d8394f24926b
radius_100m,leave_city_out,rochester,M2,2,"{""max_depth"": 3, ""reg_lambda"": 10}",MEAN,0.8561673233155155,1163,1163,566b48ff0ff88800a77fd1aa0670f084181be443c320f83f3a0189e2aa67d26d,
radius_100m,leave_city_out,rochester,M2,3,"{""max_depth"": 3, ""reg_lambda"": 1}",0,0.633048430779455,1073,85,7f0f18459696577fc6f1bef5ec01ac3903fe8980f370a669c39609e27c6f6285,a08aae971d36119e88159fb2bc2a023e97a48222682fd74656303efcb37c1133
radius_100m,leave_city_out,rochester,M2,3,"{""max_depth"": 3, ""reg_lambda"": 1}",1,0.9684703227587467,633,473,8eaa7b5a3d80ec44fc9bc7149845fa63563319a4388f90316d589be11fc22238,7e86f55b9aded5a04a8d086ebadfe9aa4fab584a501d0bcef3b6c1a09300b28f
radius_100m,leave_city_out,rochester,M2,3,"{""max_depth"": 3, ""reg_lambda"": 1}",2,0.7597210592162217,906,226,39a293a8bb8266f15542023b91b4086afd6b4b647187b855182be129664a4477,1bf36cf2f0fbda4789915d1de30950c1b3be47bd8a1e6f3681c08a755bfc871d
radius_100m,leave_city_out,rochester,M2,3,"{""max_depth"": 3, ""reg_lambda"": 1}",3,0.9886936236443311,984,141,b1cebb051688ab4b4971132f4183c70f371c36b1d79c126429f74ea8e72a4d1e,149197e5fa72e48c82d7d99d1a07fb70a032d2a99b45962a60009dff629e6060
radius_100m,leave_city_out,rochester,M2,3,"{""max_depth"": 3, ""reg_lambda"": 1}",4,0.8890008319151294,914,238,f0fe70c73667b75ef63e488f6c2e1a3dc188ca42928198ec8c7716463cd43b31,e4349262ae92e0c3c6e2b83af094d74f382af17820f75b3797f4d8394f24926b
radius_100m,leave_city_out,rochester,M2,3,"{""max_depth"": 3, ""reg_lambda"": 1}",MEAN,0.8477868536627767,1163,1163,566b48ff0ff88800a77fd1aa0670f084181be443c320f83f3a0189e2aa67d26d,
nearest_only_50m,spatial,fold_0,M0,0,{},1,0.6592109296159159,569,477,17a5e53f46233dee377aeb2380eccf49461b3e71e55404caf0ffa601fa8b7075,f1293a4fca746c51f3c850a27fba5af34e647aad2430ec33864785b33a581f6b
nearest_only_50m,spatial,fold_0,M0,0,{},2,0.5083000035955169,831,237,261455e102f6b71a18175b741422522ebe18e3b42b0fcbd953431f770d3ec3d0,efe591227166b872ea94a8c660e07c097d02b84086b60bc72a4108c9816dc163
nearest_only_50m,spatial,fold_0,M0,0,{},3,0.6430601069530973,920,144,48b82b19bb788aff6c957b8ebbf3fd4a70ad0d6145a35258dcfbf5955f100073,ab3d116292cbaaabc1d797bfeca851bfa8627583ac8879964e65d3733c180e92
nearest_only_50m,spatial,fold_0,M0,0,{},4,0.6089822513315322,846,242,2502cf0c9925b967146d29e9f184ea853b641463de27b4e304a442eb558b5159,4df90deeb1a597a40e203989aae9cc0bf6fb7a993b92957260993e8d2f86756d
nearest_only_50m,spatial,fold_0,M0,0,{},MEAN,0.6048883228740155,1100,1100,9bfb63a9b4e11d73994a2a418af4f3916a2b9145d3378cf0dc797c31216db51b,
nearest_only_50m,spatial,fold_0,M1,0,"{""C"": 0.1}",1,0.7003727351926385,569,477,17a5e53f46233dee377aeb2380eccf49461b3e71e55404caf0ffa601fa8b7075,f1293a4fca746c51f3c850a27fba5af34e647aad2430ec33864785b33a581f6b
nearest_only_50m,spatial,fold_0,M1,0,"{""C"": 0.1}",2,0.542861407412741,831,237,261455e102f6b71a18175b741422522ebe18e3b42b0fcbd953431f770d3ec3d0,efe591227166b872ea94a8c660e07c097d02b84086b60bc72a4108c9816dc163
nearest_only_50m,spatial,fold_0,M1,0,"{""C"": 0.1}",3,0.7229001320842658,920,144,48b82b19bb788aff6c957b8ebbf3fd4a70ad0d6145a35258dcfbf5955f100073,ab3d116292cbaaabc1d797bfeca851bfa8627583ac8879964e65d3733c180e92
nearest_only_50m,spatial,fold_0,M1,0,"{""C"": 0.1}",4,0.6333002195341602,846,242,2502cf0c9925b967146d29e9f184ea853b641463de27b4e304a442eb558b5159,4df90deeb1a597a40e203989aae9cc0bf6fb7a993b92957260993e8d2f86756d
nearest_only_50m,spatial,fold_0,M1,0,"{""C"": 0.1}",MEAN,0.6498586235559514,1100,1100,9bfb63a9b4e11d73994a2a418af4f3916a2b9145d3378cf0dc797c31216db51b,
nearest_only_50m,spatial,fold_0,M1,1,"{""C"": 1.0}",1,0.700066124130717,569,477,17a5e53f46233dee377aeb2380eccf49461b3e71e55404caf0ffa601fa8b7075,f1293a4fca746c51f3c850a27fba5af34e647aad2430ec33864785b33a581f6b
nearest_only_50m,spatial,fold_0,M1,1,"{""C"": 1.0}",2,0.5374486820303107,831,237,261455e102f6b71a18175b741422522ebe18e3b42b0fcbd953431f770d3ec3d0,efe591227166b872ea94a8c660e07c097d02b84086b60bc72a4108c9816dc163
nearest_only_50m,spatial,fold_0,M1,1,"{""C"": 1.0}",3,0.725797811227535,920,144,48b82b19bb788aff6c957b8ebbf3fd4a70ad0d6145a35258dcfbf5955f100073,ab3d116292cbaaabc1d797bfeca851bfa8627583ac8879964e65d3733c180e92
nearest_only_50m,spatial,fold_0,M1,1,"{""C"": 1.0}",4,0.6321978254197909,846,242,2502cf0c9925b967146d29e9f184ea853b641463de27b4e304a442eb558b5159,4df90deeb1a597a40e203989aae9cc0bf6fb7a993b92957260993e8d2f86756d
nearest_only_50m,spatial,fold_0,M1,1,"{""C"": 1.0}",MEAN,0.6488776107020884,1100,1100,9bfb63a9b4e11d73994a2a418af4f3916a2b9145d3378cf0dc797c31216db51b,
nearest_only_50m,spatial,fold_0,M1,2,"{""C"": 10.0}",1,0.6996122694856161,569,477,17a5e53f46233dee377aeb2380eccf49461b3e71e55404caf0ffa601fa8b7075,f1293a4fca746c51f3c850a27fba5af34e647aad2430ec33864785b33a581f6b
nearest_only_50m,spatial,fold_0,M1,2,"{""C"": 10.0}",2,0.5371941233110066,831,237,261455e102f6b71a18175b741422522ebe18e3b42b0fcbd953431f770d3ec3d0,efe591227166b872ea94a8c660e07c097d02b84086b60bc72a4108c9816dc163
nearest_only_50m,spatial,fold_0,M1,2,"{""C"": 10.0}",3,0.7256909406359469,920,144,48b82b19bb788aff6c957b8ebbf3fd4a70ad0d6145a35258dcfbf5955f100073,ab3d116292cbaaabc1d797bfeca851bfa8627583ac8879964e65d3733c180e92
nearest_only_50m,spatial,fold_0,M1,2,"{""C"": 10.0}",4,0.6325145473825264,846,242,2502cf0c9925b967146d29e9f184ea853b641463de27b4e304a442eb558b5159,4df90deeb1a597a40e203989aae9cc0bf6fb7a993b92957260993e8d2f86756d
nearest_only_50m,spatial,fold_0,M1,2,"{""C"": 10.0}",MEAN,0.648752970203774,1100,1100,9bfb63a9b4e11d73994a2a418af4f3916a2b9145d3378cf0dc797c31216db51b,
nearest_only_50m,spatial,fold_0,M2,0,"{""max_depth"": 2, ""reg_lambda"": 10}",1,0.6792672949235397,569,477,17a5e53f46233dee377aeb2380eccf49461b3e71e55404caf0ffa601fa8b7075,f1293a4fca746c51f3c850a27fba5af34e647aad2430ec33864785b33a581f6b
nearest_only_50m,spatial,fold_0,M2,0,"{""max_depth"": 2, ""reg_lambda"": 10}",2,0.5237776354864938,831,237,261455e102f6b71a18175b741422522ebe18e3b42b0fcbd953431f770d3ec3d0,efe591227166b872ea94a8c660e07c097d02b84086b60bc72a4108c9816dc163
nearest_only_50m,spatial,fold_0,M2,0,"{""max_depth"": 2, ""reg_lambda"": 10}",3,0.6961789458974816,920,144,48b82b19bb788aff6c957b8ebbf3fd4a70ad0d6145a35258dcfbf5955f100073,ab3d116292cbaaabc1d797bfeca851bfa8627583ac8879964e65d3733c180e92
nearest_only_50m,spatial,fold_0,M2,0,"{""max_depth"": 2, ""reg_lambda"": 10}",4,0.6230712622729591,846,242,2502cf0c9925b967146d29e9f184ea853b641463de27b4e304a442eb558b5159,4df90deeb1a597a40e203989aae9cc0bf6fb7a993b92957260993e8d2f86756d
nearest_only_50m,spatial,fold_0,M2,0,"{""max_depth"": 2, ""reg_lambda"": 10}",MEAN,0.6305737846451185,1100,1100,9bfb63a9b4e11d73994a2a418af4f3916a2b9145d3378cf0dc797c31216db51b,
nearest_only_50m,spatial,fold_0,M2,1,"{""max_depth"": 2, ""reg_lambda"": 1}",1,0.6702863308835971,569,477,17a5e53f46233dee377aeb2380eccf49461b3e71e55404caf0ffa601fa8b7075,f1293a4fca746c51f3c850a27fba5af34e647aad2430ec33864785b33a581f6b
nearest_only_50m,spatial,fold_0,M2,1,"{""max_depth"": 2, ""reg_lambda"": 1}",2,0.5126703201350841,831,237,261455e102f6b71a18175b741422522ebe18e3b42b0fcbd953431f770d3ec3d0,efe591227166b872ea94a8c660e07c097d02b84086b60bc72a4108c9816dc163
nearest_only_50m,spatial,fold_0,M2,1,"{""max_depth"": 2, ""reg_lambda"": 1}",3,0.6975543512274246,920,144,48b82b19bb788aff6c957b8ebbf3fd4a70ad0d6145a35258dcfbf5955f100073,ab3d116292cbaaabc1d797bfeca851bfa8627583ac8879964e65d3733c180e92
nearest_only_50m,spatial,fold_0,M2,1,"{""max_depth"": 2, ""reg_lambda"": 1}",4,0.6164384708296509,846,242,2502cf0c9925b967146d29e9f184ea853b641463de27b4e304a442eb558b5159,4df90deeb1a597a40e203989aae9cc0bf6fb7a993b92957260993e8d2f86756d
nearest_only_50m,spatial,fold_0,M2,1,"{""max_depth"": 2, ""reg_lambda"": 1}",MEAN,0.6242373682689392,1100,1100,9bfb63a9b4e11d73994a2a418af4f3916a2b9145d3378cf0dc797c31216db51b,
nearest_only_50m,spatial,fold_0,M2,2,"{""max_depth"": 3, ""reg_lambda"": 10}",1,0.6263359557720671,569,477,17a5e53f46233dee377aeb2380eccf49461b3e71e55404caf0ffa601fa8b7075,f1293a4fca746c51f3c850a27fba5af34e647aad2430ec33864785b33a581f6b
nearest_only_50m,spatial,fold_0,M2,2,"{""max_depth"": 3, ""reg_lambda"": 10}",2,0.5251758864591236,831,237,261455e102f6b71a18175b741422522ebe18e3b42b0fcbd953431f770d3ec3d0,efe591227166b872ea94a8c660e07c097d02b84086b60bc72a4108c9816dc163
nearest_only_50m,spatial,fold_0,M2,2,"{""max_depth"": 3, ""reg_lambda"": 10}",3,0.6998705395585012,920,144,48b82b19bb788aff6c957b8ebbf3fd4a70ad0d6145a35258dcfbf5955f100073,ab3d116292cbaaabc1d797bfeca851bfa8627583ac8879964e65d3733c180e92
nearest_only_50m,spatial,fold_0,M2,2,"{""max_depth"": 3, ""reg_lambda"": 10}",4,0.5744688465917346,846,242,2502cf0c9925b967146d29e9f184ea853b641463de27b4e304a442eb558b5159,4df90deeb1a597a40e203989aae9cc0bf6fb7a993b92957260993e8d2f86756d
nearest_only_50m,spatial,fold_0,M2,2,"{""max_depth"": 3, ""reg_lambda"": 10}",MEAN,0.6064628070953566,1100,1100,9bfb63a9b4e11d73994a2a418af4f3916a2b9145d3378cf0dc797c31216db51b,
nearest_only_50m,spatial,fold_0,M2,3,"{""max_depth"": 3, ""reg_lambda"": 1}",1,0.6327568744436253,569,477,17a5e53f46233dee377aeb2380eccf49461b3e71e55404caf0ffa601fa8b7075,f1293a4fca746c51f3c850a27fba5af34e647aad2430ec33864785b33a581f6b
nearest_only_50m,spatial,fold_0,M2,3,"{""max_depth"": 3, ""reg_lambda"": 1}",2,0.4913286796416359,831,237,261455e102f6b71a18175b741422522ebe18e3b42b0fcbd953431f770d3ec3d0,efe591227166b872ea94a8c660e07c097d02b84086b60bc72a4108c9816dc163
nearest_only_50m,spatial,fold_0,M2,3,"{""max_depth"": 3, ""reg_lambda"": 1}",3,0.7155840069603419,920,144,48b82b19bb788aff6c957b8ebbf3fd4a70ad0d6145a35258dcfbf5955f100073,ab3d116292cbaaabc1d797bfeca851bfa8627583ac8879964e65d3733c180e92
nearest_only_50m,spatial,fold_0,M2,3,"{""max_depth"": 3, ""reg_lambda"": 1}",4,0.5826081472698811,846,242,2502cf0c9925b967146d29e9f184ea853b641463de27b4e304a442eb558b5159,4df90deeb1a597a40e203989aae9cc0bf6fb7a993b92957260993e8d2f86756d
nearest_only_50m,spatial,fold_0,M2,3,"{""max_depth"": 3, ""reg_lambda"": 1}",MEAN,0.6055694270788711,1100,1100,9bfb63a9b4e11d73994a2a418af4f3916a2b9145d3378cf0dc797c31216db51b,
nearest_only_50m,spatial,fold_1,M0,0,{},0,0.19577394827394828,569,84,17a5e53f46233dee377aeb2380eccf49461b3e71e55404caf0ffa601fa8b7075,c71a7a0d4c4c0622319806aa072f6897457234468a65eb5bb258d6120ba2c607
nearest_only_50m,spatial,fold_1,M0,0,{},2,0.5278618788127671,431,221,9984ae049880c31822658ff5ded2f86e69a13ee4ef6f80a00c06c0334547344c,36b493e627f5002bd25109ed081931cbf8127a5f80499314d0ab965d41ef25e0
nearest_only_50m,spatial,fold_1,M0,0,{},3,0.6589712487241385,520,132,47cde922aa0c58cbf104c0f4ecf2bcc5e94aa60dcb5cb61c3d4ed82dfb05a03b,d96cddebe5f965cc7f663e6f1e163296fd9266d8da7158e211de40d2fbe7dc72
nearest_only_50m,spatial,fold_1,M0,0,{},4,0.5869068387565225,435,217,3b40e02385fe9b6f5ebc9a6df92628cb8f07d33ec70bc765a488943854472642,352446c1a79a8f44ed254cf6e0decfd3c785fde5b13665bed51ee7a52fa3c3df
nearest_only_50m,spatial,fold_1,M0,0,{},MEAN,0.49237847864184403,654,654,5cc671ec6dd57e54e630fbf5cc24746673f6addddd356e41a63cfb30655c1d6a,
nearest_only_50m,spatial,fold_1,M1,0,"{""C"": 0.1}",0,0.30705705958579516,569,84,17a5e53f46233dee377aeb2380eccf49461b3e71e55404caf0ffa601fa8b7075,c71a7a0d4c4c0622319806aa072f6897457234468a65eb5bb258d6120ba2c607
nearest_only_50m,spatial,fold_1,M1,0,"{""C"": 0.1}",2,0.5706686691267786,431,221,9984ae049880c31822658ff5ded2f86e69a13ee4ef6f80a00c06c0334547344c,36b493e627f5002bd25109ed081931cbf8127a5f80499314d0ab965d41ef25e0
nearest_only_50m,spatial,fold_1,M1,0,"{""C"": 0.1}",3,0.7502180539696933,520,132,47cde922aa0c58cbf104c0f4ecf2bcc5e94aa60dcb5cb61c3d4ed82dfb05a03b,d96cddebe5f965cc7f663e6f1e163296fd9266d8da7158e211de40d2fbe7dc72
nearest_only_50m,spatial,fold_1,M1,0,"{""C"": 0.1}",4,0.6153873332470534,435,217,3b40e02385fe9b6f5ebc9a6df92628cb8f07d33ec70bc765a488943854472642,352446c1a79a8f44ed254cf6e0decfd3c785fde5b13665bed51ee7a52fa3c3df
nearest_only_50m,spatial,fold_1,M1,0,"{""C"": 0.1}",MEAN,0.5608327789823302,654,654,5cc671ec6dd57e54e630fbf5cc24746673f6addddd356e41a63cfb30655c1d6a,
nearest_only_50m,spatial,fold_1,M1,1,"{""C"": 1.0}",0,0.3046354250068617,569,84,17a5e53f46233dee377aeb2380eccf49461b3e71e55404caf0ffa601fa8b7075,c71a7a0d4c4c0622319806aa072f6897457234468a65eb5bb258d6120ba2c607
nearest_only_50m,spatial,fold_1,M1,1,"{""C"": 1.0}",2,0.5514929898459014,431,221,9984ae049880c31822658ff5ded2f86e69a13ee4ef6f80a00c06c0334547344c,36b493e627f5002bd25109ed081931cbf8127a5f80499314d0ab965d41ef25e0
nearest_only_50m,spatial,fold_1,M1,1,"{""C"": 1.0}",3,0.7524264384961078,520,132,47cde922aa0c58cbf104c0f4ecf2bcc5e94aa60dcb5cb61c3d4ed82dfb05a03b,d96cddebe5f965cc7f663e6f1e163296fd9266d8da7158e211de40d2fbe7dc72
nearest_only_50m,spatial,fold_1,M1,1,"{""C"": 1.0}",4,0.6085061045874791,435,217,3b40e02385fe9b6f5ebc9a6df92628cb8f07d33ec70bc765a488943854472642,352446c1a79a8f44ed254cf6e0decfd3c785fde5b13665bed51ee7a52fa3c3df
nearest_only_50m,spatial,fold_1,M1,1,"{""C"": 1.0}",MEAN,0.5542652394840875,654,654,5cc671ec6dd57e54e630fbf5cc24746673f6addddd356e41a63cfb30655c1d6a,
nearest_only_50m,spatial,fold_1,M1,2,"{""C"": 10.0}",0,0.30493708413205023,569,84,17a5e53f46233dee377aeb2380eccf49461b3e71e55404caf0ffa601fa8b7075,c71a7a0d4c4c0622319806aa072f6897457234468a65eb5bb258d6120ba2c607
nearest_only_50m,spatial,fold_1,M1,2,"{""C"": 10.0}",2,0.5498898566000996,431,221,9984ae049880c31822658ff5ded2f86e69a13ee4ef6f80a00c06c0334547344c,36b493e627f5002bd25109ed081931cbf8127a5f80499314d0ab965d41ef25e0
nearest_only_50m,spatial,fold_1,M1,2,"{""C"": 10.0}",3,0.7536296971872474,520,132,47cde922aa0c58cbf104c0f4ecf2bcc5e94aa60dcb5cb61c3d4ed82dfb05a03b,d96cddebe5f965cc7f663e6f1e163296fd9266d8da7158e211de40d2fbe7dc72
nearest_only_50m,spatial,fold_1,M1,2,"{""C"": 10.0}",4,0.6060985135248493,435,217,3b40e02385fe9b6f5ebc9a6df92628cb8f07d33ec70bc765a488943854472642,352446c1a79a8f44ed254cf6e0decfd3c785fde5b13665bed51ee7a52fa3c3df
nearest_only_50m,spatial,fold_1,M1,2,"{""C"": 10.0}",MEAN,0.5536387878610616,654,654,5cc671ec6dd57e54e630fbf5cc24746673f6addddd356e41a63cfb30655c1d6a,
nearest_only_50m,spatial,fold_1,M2,0,"{""max_depth"": 2, ""reg_lambda"": 10}",0,0.1808307939645106,569,84,17a5e53f46233dee377aeb2380eccf49461b3e71e55404caf0ffa601fa8b7075,c71a7a0d4c4c0622319806aa072f6897457234468a65eb5bb258d6120ba2c607
nearest_only_50m,spatial,fold_1,M2,0,"{""max_depth"": 2, ""reg_lambda"": 10}",2,0.5216577246561858,431,221,9984ae049880c31822658ff5ded2f86e69a13ee4ef6f80a00c06c0334547344c,36b493e627f5002bd25109ed081931cbf8127a5f80499314d0ab965d41ef25e0
nearest_only_50m,spatial,fold_1,M2,0,"{""max_depth"": 2, ""reg_lambda"": 10}",3,0.6815402693656685,520,132,47cde922aa0c58cbf104c0f4ecf2bcc5e94aa60dcb5cb61c3d4ed82dfb05a03b,d96cddebe5f965cc7f663e6f1e163296fd9266d8da7158e211de40d2fbe7dc72
nearest_only_50m,spatial,fold_1,M2,0,"{""max_depth"": 2, ""reg_lambda"": 10}",4,0.5832311506456,435,217,3b40e02385fe9b6f5ebc9a6df92628cb8f07d33ec70bc765a488943854472642,352446c1a79a8f44ed254cf6e0decfd3c785fde5b13665bed51ee7a52fa3c3df
nearest_only_50m,spatial,fold_1,M2,0,"{""max_depth"": 2, ""reg_lambda"": 10}",MEAN,0.4918149846579912,654,654,5cc671ec6dd57e54e630fbf5cc24746673f6addddd356e41a63cfb30655c1d6a,
nearest_only_50m,spatial,fold_1,M2,1,"{""max_depth"": 2, ""reg_lambda"": 1}",0,0.21946579297602314,569,84,17a5e53f46233dee377aeb2380eccf49461b3e71e55404caf0ffa601fa8b7075,c71a7a0d4c4c0622319806aa072f6897457234468a65eb5bb258d6120ba2c607
nearest_only_50m,spatial,fold_1,M2,1,"{""max_depth"": 2, ""reg_lambda"": 1}",2,0.519810860483604,431,221,9984ae049880c31822658ff5ded2f86e69a13ee4ef6f80a00c06c0334547344c,36b493e627f5002bd25109ed081931cbf8127a5f80499314d0ab965d41ef25e0
nearest_only_50m,spatial,fold_1,M2,1,"{""max_depth"": 2, ""reg_lambda"": 1}",3,0.6843459389329294,520,132,47cde922aa0c58cbf104c0f4ecf2bcc5e94aa60dcb5cb61c3d4ed82dfb05a03b,d96cddebe5f965cc7f663e6f1e163296fd9266d8da7158e211de40d2fbe7dc72
nearest_only_50m,spatial,fold_1,M2,1,"{""max_depth"": 2, ""reg_lambda"": 1}",4,0.5549494325114632,435,217,3b40e02385fe9b6f5ebc9a6df92628cb8f07d33ec70bc765a488943854472642,352446c1a79a8f44ed254cf6e0decfd3c785fde5b13665bed51ee7a52fa3c3df
nearest_only_50m,spatial,fold_1,M2,1,"{""max_depth"": 2, ""reg_lambda"": 1}",MEAN,0.49464300622600493,654,654,5cc671ec6dd57e54e630fbf5cc24746673f6addddd356e41a63cfb30655c1d6a,
nearest_only_50m,spatial,fold_1,M2,2,"{""max_depth"": 3, ""reg_lambda"": 10}",0,0.2167279499147884,569,84,17a5e53f46233dee377aeb2380eccf49461b3e71e55404caf0ffa601fa8b7075,c71a7a0d4c4c0622319806aa072f6897457234468a65eb5bb258d6120ba2c607
nearest_only_50m,spatial,fold_1,M2,2,"{""max_depth"": 3, ""reg_lambda"": 10}",2,0.502701038317395,431,221,9984ae049880c31822658ff5ded2f86e69a13ee4ef6f80a00c06c0334547344c,36b493e627f5002bd25109ed081931cbf8127a5f80499314d0ab965d41ef25e0
nearest_only_50m,spatial,fold_1,M2,2,"{""max_depth"": 3, ""reg_lambda"": 10}",3,0.6889499962140834,520,132,47cde922aa0c58cbf104c0f4ecf2bcc5e94aa60dcb5cb61c3d4ed82dfb05a03b,d96cddebe5f965cc7f663e6f1e163296fd9266d8da7158e211de40d2fbe7dc72
nearest_only_50m,spatial,fold_1,M2,2,"{""max_depth"": 3, ""reg_lambda"": 10}",4,0.5690848644254474,435,217,3b40e02385fe9b6f5ebc9a6df92628cb8f07d33ec70bc765a488943854472642,352446c1a79a8f44ed254cf6e0decfd3c785fde5b13665bed51ee7a52fa3c3df
nearest_only_50m,spatial,fold_1,M2,2,"{""max_depth"": 3, ""reg_lambda"": 10}",MEAN,0.4943659622179285,654,654,5cc671ec6dd57e54e630fbf5cc24746673f6addddd356e41a63cfb30655c1d6a,
nearest_only_50m,spatial,fold_1,M2,3,"{""max_depth"": 3, ""reg_lambda"": 1}",0,0.20674297924297924,569,84,17a5e53f46233dee377aeb2380eccf49461b3e71e55404caf0ffa601fa8b7075,c71a7a0d4c4c0622319806aa072f6897457234468a65eb5bb258d6120ba2c607
nearest_only_50m,spatial,fold_1,M2,3,"{""max_depth"": 3, ""reg_lambda"": 1}",2,0.5118100831925019,431,221,9984ae049880c31822658ff5ded2f86e69a13ee4ef6f80a00c06c0334547344c,36b493e627f5002bd25109ed081931cbf8127a5f80499314d0ab965d41ef25e0
nearest_only_50m,spatial,fold_1,M2,3,"{""max_depth"": 3, ""reg_lambda"": 1}",3,0.697633483505994,520,132,47cde922aa0c58cbf104c0f4ecf2bcc5e94aa60dcb5cb61c3d4ed82dfb05a03b,d96cddebe5f965cc7f663e6f1e163296fd9266d8da7158e211de40d2fbe7dc72
nearest_only_50m,spatial,fold_1,M2,3,"{""max_depth"": 3, ""reg_lambda"": 1}",4,0.5580169608340614,435,217,3b40e02385fe9b6f5ebc9a6df92628cb8f07d33ec70bc765a488943854472642,352446c1a79a8f44ed254cf6e0decfd3c785fde5b13665bed51ee7a52fa3c3df
nearest_only_50m,spatial,fold_1,M2,3,"{""max_depth"": 3, ""reg_lambda"": 1}",MEAN,0.4935508766938841,654,654,5cc671ec6dd57e54e630fbf5cc24746673f6addddd356e41a63cfb30655c1d6a,
nearest_only_50m,spatial,fold_2,M0,0,{},0,0.19088401236862035,831,87,261455e102f6b71a18175b741422522ebe18e3b42b0fcbd953431f770d3ec3d0,1b007a7cb3fa76db95ea07a6344fb8360ed65faa97dee961fd8b766403cefe5b
nearest_only_50m,spatial,fold_2,M0,0,{},1,0.6658795973060562,431,451,9984ae049880c31822658ff5ded2f86e69a13ee4ef6f80a00c06c0334547344c,e79cf4b4fe480f622965aebf5468b6e1f815d4f18c2a9f11bb9a2e5c05e7b790
nearest_only_50m,spatial,fold_2,M0,0,{},3,0.642814648915212,740,145,720050c25cbfb69702a7023b7ee415ecdec26de7b0db661bd83511178408a775,2633b81347d801bceea5e86855860f8b6cf60edced61f327f877562e56330259
nearest_only_50m,spatial,fold_2,M0,0,{},4,0.6100266469848717,673,240,056aacc1c4b7bdf9197555be3fe2666c7e200f9da60c4fbeedc38e22e5e9b6be,40e9dfc1ede69502c3333f7ce1078e733bcd7061ad3bc22d880aee98e40f0412
nearest_only_50m,spatial,fold_2,M0,0,{},MEAN,0.52740122639369,923,923,e33186184b30c3d883ed761e9c113a7ba846b6bd68f60db2c70b60b7f0857ad9,
nearest_only_50m,spatial,fold_2,M1,0,"{""C"": 0.1}",0,0.27874096037718926,831,87,261455e102f6b71a18175b741422522ebe18e3b42b0fcbd953431f770d3ec3d0,1b007a7cb3fa76db95ea07a6344fb8360ed65faa97dee961fd8b766403cefe5b
nearest_only_50m,spatial,fold_2,M1,0,"{""C"": 0.1}",1,0.7171504730132051,431,451,9984ae049880c31822658ff5ded2f86e69a13ee4ef6f80a00c06c0334547344c,e79cf4b4fe480f622965aebf5468b6e1f815d4f18c2a9f11bb9a2e5c05e7b790
nearest_only_50m,spatial,fold_2,M1,0,"{""C"": 0.1}",3,0.7352873713244622,740,145,720050c25cbfb69702a7023b7ee415ecdec26de7b0db661bd83511178408a775,2633b81347d801bceea5e86855860f8b6cf60edced61f327f877562e56330259
nearest_only_50m,spatial,fold_2,M1,0,"{""C"": 0.1}",4,0.6333450934268152,673,240,056aacc1c4b7bdf9197555be3fe2666c7e200f9da60c4fbeedc38e22e5e9b6be,40e9dfc1ede69502c3333f7ce1078e733bcd7061ad3bc22d880aee98e40f0412
nearest_only_50m,spatial,fold_2,M1,0,"{""C"": 0.1}",MEAN,0.5911309745354179,923,923,e33186184b30c3d883ed761e9c113a7ba846b6bd68f60db2c70b60b7f0857ad9,
nearest_only_50m,spatial,fold_2,M1,1,"{""C"": 1.0}",0,0.27044731407982153,831,87,261455e102f6b71a18175b741422522ebe18e3b42b0fcbd953431f770d3ec3d0,1b007a7cb3fa76db95ea07a6344fb8360ed65faa97dee961fd8b766403cefe5b
nearest_only_50m,spatial,fold_2,M1,1,"{""C"": 1.0}",1,0.7130129321414296,431,451,9984ae049880c31822658ff5ded2f86e69a13ee4ef6f80a00c06c0334547344c,e79cf4b4fe480f622965aebf5468b6e1f815d4f18c2a9f11bb9a2e5c05e7b790
nearest_only_50m,spatial,fold_2,M1,1,"{""C"": 1.0}",3,0.734151792669616,740,145,720050c25cbfb69702a7023b7ee415ecdec26de7b0db661bd83511178408a775,2633b81347d801bceea5e86855860f8b6cf60edced61f327f877562e56330259
nearest_only_50m,spatial,fold_2,M1,1,"{""C"": 1.0}",4,0.6251634008993006,673,240,056aacc1c4b7bdf9197555be3fe2666c7e200f9da60c4fbeedc38e22e5e9b6be,40e9dfc1ede69502c3333f7ce1078e733bcd7061ad3bc22d880aee98e40f0412
nearest_only_50m,spatial,fold_2,M1,1,"{""C"": 1.0}",MEAN,0.585693859947542,923,923,e33186184b30c3d883ed761e9c113a7ba846b6bd68f60db2c70b60b7f0857ad9,
nearest_only_50m,spatial,fold_2,M1,2,"{""C"": 10.0}",0,0.267960225101219,831,87,261455e102f6b71a18175b741422522ebe18e3b42b0fcbd953431f770d3ec3d0,1b007a7cb3fa76db95ea07a6344fb8360ed65faa97dee961fd8b766403cefe5b
nearest_only_50m,spatial,fold_2,M1,2,"{""C"": 10.0}",1,0.7127199919085665,431,451,9984ae049880c31822658ff5ded2f86e69a13ee4ef6f80a00c06c0334547344c,e79cf4b4fe480f622965aebf5468b6e1f815d4f18c2a9f11bb9a2e5c05e7b790
nearest_only_50m,spatial,fold_2,M1,2,"{""C"": 10.0}",3,0.7343225994005362,740,145,720050c25cbfb69702a7023b7ee415ecdec26de7b0db661bd83511178408a775,2633b81347d801bceea5e86855860f8b6cf60edced61f327f877562e56330259
nearest_only_50m,spatial,fold_2,M1,2,"{""C"": 10.0}",4,0.6259595788777983,673,240,056aacc1c4b7bdf9197555be3fe2666c7e200f9da60c4fbeedc38e22e5e9b6be,40e9dfc1ede69502c3333f7ce1078e733bcd7061ad3bc22d880aee98e40f0412
nearest_only_50m,spatial,fold_2,M1,2,"{""C"": 10.0}",MEAN,0.58524059882203,923,923,e33186184b30c3d883ed761e9c113a7ba846b6bd68f60db2c70b60b7f0857ad9,
nearest_only_50m,spatial,fold_2,M2,0,"{""max_depth"": 2, ""reg_lambda"": 10}",0,0.20184682668597384,831,87,261455e102f6b71a18175b741422522ebe18e3b42b0fcbd953431f770d3ec3d0,1b007a7cb3fa76db95ea07a6344fb8360ed65faa97dee961fd8b766403cefe5b
nearest_only_50m,spatial,fold_2,M2,0,"{""max_depth"": 2, ""reg_lambda"": 10}",1,0.6841012156114764,431,451,9984ae049880c31822658ff5ded2f86e69a13ee4ef6f80a00c06c0334547344c,e79cf4b4fe480f622965aebf5468b6e1f815d4f18c2a9f11bb9a2e5c05e7b790
nearest_only_50m,spatial,fold_2,M2,0,"{""max_depth"": 2, ""reg_lambda"": 10}",3,0.721680227284239,740,145,720050c25cbfb69702a7023b7ee415ecdec26de7b0db661bd83511178408a775,2633b81347d801bceea5e86855860f8b6cf60edced61f327f877562e56330259
nearest_only_50m,spatial,fold_2,M2,0,"{""max_depth"": 2, ""reg_lambda"": 10}",4,0.6042430294729277,673,240,056aacc1c4b7bdf9197555be3fe2666c7e200f9da60c4fbeedc38e22e5e9b6be,40e9dfc1ede69502c3333f7ce1078e733bcd7061ad3bc22d880aee98e40f0412
nearest_only_50m,spatial,fold_2,M2,0,"{""max_depth"": 2, ""reg_lambda"": 10}",MEAN,0.5529678247636542,923,923,e33186184b30c3d883ed761e9c113a7ba846b6bd68f60db2c70b60b7f0857ad9,
nearest_only_50m,spatial,fold_2,M2,1,"{""max_depth"": 2, ""reg_lambda"": 1}",0,0.2060351726756702,831,87,261455e102f6b71a18175b741422522ebe18e3b42b0fcbd953431f770d3ec3d0,1b007a7cb3fa76db95ea07a6344fb8360ed65faa97dee961fd8b766403cefe5b
nearest_only_50m,spatial,fold_2,M2,1,"{""max_depth"": 2, ""reg_lambda"": 1}",1,0.6844475349799528,431,451,9984ae049880c31822658ff5ded2f86e69a13ee4ef6f80a00c06c0334547344c,e79cf4b4fe480f622965aebf5468b6e1f815d4f18c2a9f11bb9a2e5c05e7b790
nearest_only_50m,spatial,fold_2,M2,1,"{""max_depth"": 2, ""reg_lambda"": 1}",3,0.7362448140818392,740,145,720050c25cbfb69702a7023b7ee415ecdec26de7b0db661bd83511178408a775,2633b81347d801bceea5e86855860f8b6cf60edced61f327f877562e56330259
nearest_only_50m,spatial,fold_2,M2,1,"{""max_depth"": 2, ""reg_lambda"": 1}",4,0.5675791541122659,673,240,056aacc1c4b7bdf9197555be3fe2666c7e200f9da60c4fbeedc38e22e5e9b6be,40e9dfc1ede69502c3333f7ce1078e733bcd7061ad3bc22d880aee98e40f0412
nearest_only_50m,spatial,fold_2,M2,1,"{""max_depth"": 2, ""reg_lambda"": 1}",MEAN,0.5485766689624321,923,923,e33186184b30c3d883ed761e9c113a7ba846b6bd68f60db2c70b60b7f0857ad9,
nearest_only_50m,spatial,fold_2,M2,2,"{""max_depth"": 3, ""reg_lambda"": 10}",0,0.15670539582014842,831,87,261455e102f6b71a18175b741422522ebe18e3b42b0fcbd953431f770d3ec3d0,1b007a7cb3fa76db95ea07a6344fb8360ed65faa97dee961fd8b766403cefe5b
nearest_only_50m,spatial,fold_2,M2,2,"{""max_depth"": 3, ""reg_lambda"": 10}",1,0.6397284531115416,431,451,9984ae049880c31822658ff5ded2f86e69a13ee4ef6f80a00c06c0334547344c,e79cf4b4fe480f622965aebf5468b6e1f815d4f18c2a9f11bb9a2e5c05e7b790
nearest_only_50m,spatial,fold_2,M2,2,"{""max_depth"": 3, ""reg_lambda"": 10}",3,0.7064610169655177,740,145,720050c25cbfb69702a7023b7ee415ecdec26de7b0db661bd83511178408a775,2633b81347d801bceea5e86855860f8b6cf60edced61f327f877562e56330259
nearest_only_50m,spatial,fold_2,M2,2,"{""max_depth"": 3, ""reg_lambda"": 10}",4,0.5734735877113797,673,240,056aacc1c4b7bdf9197555be3fe2666c7e200f9da60c4fbeedc38e22e5e9b6be,40e9dfc1ede69502c3333f7ce1078e733bcd7061ad3bc22d880aee98e40f0412
nearest_only_50m,spatial,fold_2,M2,2,"{""max_depth"": 3, ""reg_lambda"": 10}",MEAN,0.5190921134021469,923,923,e33186184b30c3d883ed761e9c113a7ba846b6bd68f60db2c70b60b7f0857ad9,
nearest_only_50m,spatial,fold_2,M2,3,"{""max_depth"": 3, ""reg_lambda"": 1}",0,0.22363846797269601,831,87,261455e102f6b71a18175b741422522ebe18e3b42b0fcbd953431f770d3ec3d0,1b007a7cb3fa76db95ea07a6344fb8360ed65faa97dee961fd8b766403cefe5b
nearest_only_50m,spatial,fold_2,M2,3,"{""max_depth"": 3, ""reg_lambda"": 1}",1,0.6795097164472028,431,451,9984ae049880c31822658ff5ded2f86e69a13ee4ef6f80a00c06c0334547344c,e79cf4b4fe480f622965aebf5468b6e1f815d4f18c2a9f11bb9a2e5c05e7b790
nearest_only_50m,spatial,fold_2,M2,3,"{""max_depth"": 3, ""reg_lambda"": 1}",3,0.749051624220795,740,145,720050c25cbfb69702a7023b7ee415ecdec26de7b0db661bd83511178408a775,2633b81347d801bceea5e86855860f8b6cf60edced61f327f877562e56330259
nearest_only_50m,spatial,fold_2,M2,3,"{""max_depth"": 3, ""reg_lambda"": 1}",4,0.5618708167336011,673,240,056aacc1c4b7bdf9197555be3fe2666c7e200f9da60c4fbeedc38e22e5e9b6be,40e9dfc1ede69502c3333f7ce1078e733bcd7061ad3bc22d880aee98e40f0412
nearest_only_50m,spatial,fold_2,M2,3,"{""max_depth"": 3, ""reg_lambda"": 1}",MEAN,0.5535176563435737,923,923,e33186184b30c3d883ed761e9c113a7ba846b6bd68f60db2c70b60b7f0857ad9,
nearest_only_50m,spatial,fold_3,M0,0,{},0,0.1968504193458922,920,85,48b82b19bb788aff6c957b8ebbf3fd4a70ad0d6145a35258dcfbf5955f100073,9696a640277c78c02707f7658133fe4d7f5a3a503f246511816974633680fc24
nearest_only_50m,spatial,fold_3,M0,0,{},1,0.6595946805428449,520,445,47cde922aa0c58cbf104c0f4ecf2bcc5e94aa60dcb5cb61c3d4ed82dfb05a03b,96f571ad44bee29e95c9f8f7903089317d6826fce3af2883ef15851110501e85
nearest_only_50m,spatial,fold_3,M0,0,{},2,0.5083000035955169,740,237,720050c25cbfb69702a7023b7ee415ecdec26de7b0db661bd83511178408a775,efe591227166b872ea94a8c660e07c097d02b84086b60bc72a4108c9816dc163
nearest_only_50m,spatial,fold_3,M0,0,{},4,0.6089822513315322,755,242,c3a1d26e83b0f46d4d2c753201f9440d43a46c5d22460bf10e8baf3cf55368d5,4df90deeb1a597a40e203989aae9cc0bf6fb7a993b92957260993e8d2f86756d
nearest_only_50m,spatial,fold_3,M0,0,{},MEAN,0.4934318387039465,1009,1009,b5365b5532658f670134c2f57305964647d13c1445cf1e30aed7fa3d3bdcc2e0,
nearest_only_50m,spatial,fold_3,M1,0,"{""C"": 0.1}",0,0.33425838056266294,920,85,48b82b19bb788aff6c957b8ebbf3fd4a70ad0d6145a35258dcfbf5955f100073,9696a640277c78c02707f7658133fe4d7f5a3a503f246511816974633680fc24
nearest_only_50m,spatial,fold_3,M1,0,"{""C"": 0.1}",1,0.6966415977952777,520,445,47cde922aa0c58cbf104c0f4ecf2bcc5e94aa60dcb5cb61c3d4ed82dfb05a03b,96f571ad44bee29e95c9f8f7903089317d6826fce3af2883ef15851110501e85
nearest_only_50m,spatial,fold_3,M1,0,"{""C"": 0.1}",2,0.5446796984385165,740,237,720050c25cbfb69702a7023b7ee415ecdec26de7b0db661bd83511178408a775,efe591227166b872ea94a8c660e07c097d02b84086b60bc72a4108c9816dc163
nearest_only_50m,spatial,fold_3,M1,0,"{""C"": 0.1}",4,0.6177312965486799,755,242,c3a1d26e83b0f46d4d2c753201f9440d43a46c5d22460bf10e8baf3cf55368d5,4df90deeb1a597a40e203989aae9cc0bf6fb7a993b92957260993e8d2f86756d
nearest_only_50m,spatial,fold_3,M1,0,"{""C"": 0.1}",MEAN,0.5483277433362843,1009,1009,b5365b5532658f670134c2f57305964647d13c1445cf1e30aed7fa3d3bdcc2e0,
nearest_only_50m,spatial,fold_3,M1,1,"{""C"": 1.0}",0,0.31449435839679746,920,85,48b82b19bb788aff6c957b8ebbf3fd4a70ad0d6145a35258dcfbf5955f100073,9696a640277c78c02707f7658133fe4d7f5a3a503f246511816974633680fc24
nearest_only_50m,spatial,fold_3,M1,1,"{""C"": 1.0}",1,0.6939643403539693,520,445,47cde922aa0c58cbf104c0f4ecf2bcc5e94aa60dcb5cb61c3d4ed82dfb05a03b,96f571ad44bee29e95c9f8f7903089317d6826fce3af2883ef15851110501e85
nearest_only_50m,spatial,fold_3,M1,1,"{""C"": 1.0}",2,0.5354123430340771,740,237,720050c25cbfb69702a7023b7ee415ecdec26de7b0db661bd83511178408a775,efe591227166b872ea94a8c660e07c097d02b84086b60bc72a4108c9816dc163
nearest_only_50m,spatial,fold_3,M1,1,"{""C"": 1.0}",4,0.6143445115635915,755,242,c3a1d26e83b0f46d4d2c753201f9440d43a46c5d22460bf10e8baf3cf55368d5,4df90deeb1a597a40e203989aae9cc0bf6fb7a993b92957260993e8d2f86756d
nearest_only_50m,spatial,fold_3,M1,1,"{""C"": 1.0}",MEAN,0.5395538883371088,1009,1009,b5365b5532658f670134c2f57305964647d13c1445cf1e30aed7fa3d3bdcc2e0,
nearest_only_50m,spatial,fold_3,M1,2,"{""C"": 10.0}",0,0.30827426270301755,920,85,48b82b19bb788aff6c957b8ebbf3fd4a70ad0d6145a35258dcfbf5955f100073,9696a640277c78c02707f7658133fe4d7f5a3a503f246511816974633680fc24
nearest_only_50m,spatial,fold_3,M1,2,"{""C"": 10.0}",1,0.6938299756522577,520,445,47cde922aa0c58cbf104c0f4ecf2bcc5e94aa60dcb5cb61c3d4ed82dfb05a03b,96f571ad44bee29e95c9f8f7903089317d6826fce3af2883ef15851110501e85
nearest_only_50m,spatial,fold_3,M1,2,"{""C"": 10.0}",2,0.5341280172755414,740,237,720050c25cbfb69702a7023b7ee415ecdec26de7b0db661bd83511178408a775,efe591227166b872ea94a8c660e07c097d02b84086b60bc72a4108c9816dc163
nearest_only_50m,spatial,fold_3,M1,2,"{""C"": 10.0}",4,0.6140050815326146,755,242,c3a1d26e83b0f46d4d2c753201f9440d43a46c5d22460bf10e8baf3cf55368d5,4df90deeb1a597a40e203989aae9cc0bf6fb7a993b92957260993e8d2f86756d
nearest_only_50m,spatial,fold_3,M1,2,"{""C"": 10.0}",MEAN,0.5375593342908578,1009,1009,b5365b5532658f670134c2f57305964647d13c1445cf1e30aed7fa3d3bdcc2e0,
nearest_only_50m,spatial,fold_3,M2,0,"{""max_depth"": 2, ""reg_lambda"": 10}",0,0.18571229030906933,920,85,48b82b19bb788aff6c957b8ebbf3fd4a70ad0d6145a35258dcfbf5955f100073,9696a640277c78c02707f7658133fe4d7f5a3a503f246511816974633680fc24
nearest_only_50m,spatial,fold_3,M2,0,"{""max_depth"": 2, ""reg_lambda"": 10}",1,0.6990888070529161,520,445,47cde922aa0c58cbf104c0f4ecf2bcc5e94aa60dcb5cb61c3d4ed82dfb05a03b,96f571ad44bee29e95c9f8f7903089317d6826fce3af2883ef15851110501e85
nearest_only_50m,spatial,fold_3,M2,0,"{""max_depth"": 2, ""reg_lambda"": 10}",2,0.5339953604084218,740,237,720050c25cbfb69702a7023b7ee415ecdec26de7b0db661bd83511178408a775,efe591227166b872ea94a8c660e07c097d02b84086b60bc72a4108c9816dc163
nearest_only_50m,spatial,fold_3,M2,0,"{""max_depth"": 2, ""reg_lambda"": 10}",4,0.621005195295081,755,242,c3a1d26e83b0f46d4d2c753201f9440d43a46c5d22460bf10e8baf3cf55368d5,4df90deeb1a597a40e203989aae9cc0bf6fb7a993b92957260993e8d2f86756d
nearest_only_50m,spatial,fold_3,M2,0,"{""max_depth"": 2, ""reg_lambda"": 10}",MEAN,0.5099504132663721,1009,1009,b5365b5532658f670134c2f57305964647d13c1445cf1e30aed7fa3d3bdcc2e0,
nearest_only_50m,spatial,fold_3,M2,1,"{""max_depth"": 2, ""reg_lambda"": 1}",0,0.1976858203044535,920,85,48b82b19bb788aff6c957b8ebbf3fd4a70ad0d6145a35258dcfbf5955f100073,9696a640277c78c02707f7658133fe4d7f5a3a503f246511816974633680fc24
nearest_only_50m,spatial,fold_3,M2,1,"{""max_depth"": 2, ""reg_lambda"": 1}",1,0.7016742549079518,520,445,47cde922aa0c58cbf104c0f4ecf2bcc5e94aa60dcb5cb61c3d4ed82dfb05a03b,96f571ad44bee29e95c9f8f7903089317d6826fce3af2883ef15851110501e85
nearest_only_50m,spatial,fold_3,M2,1,"{""max_depth"": 2, ""reg_lambda"": 1}",2,0.5458035318757285,740,237,720050c25cbfb69702a7023b7ee415ecdec26de7b0db661bd83511178408a775,efe591227166b872ea94a8c660e07c097d02b84086b60bc72a4108c9816dc163
nearest_only_50m,spatial,fold_3,M2,1,"{""max_depth"": 2, ""reg_lambda"": 1}",4,0.613363150721076,755,242,c3a1d26e83b0f46d4d2c753201f9440d43a46c5d22460bf10e8baf3cf55368d5,4df90deeb1a597a40e203989aae9cc0bf6fb7a993b92957260993e8d2f86756d
nearest_only_50m,spatial,fold_3,M2,1,"{""max_depth"": 2, ""reg_lambda"": 1}",MEAN,0.5146316894523024,1009,1009,b5365b5532658f670134c2f57305964647d13c1445cf1e30aed7fa3d3bdcc2e0,
nearest_only_50m,spatial,fold_3,M2,2,"{""max_depth"": 3, ""reg_lambda"": 10}",0,0.23980327594329393,920,85,48b82b19bb788aff6c957b8ebbf3fd4a70ad0d6145a35258dcfbf5955f100073,9696a640277c78c02707f7658133fe4d7f5a3a503f246511816974633680fc24
nearest_only_50m,spatial,fold_3,M2,2,"{""max_depth"": 3, ""reg_lambda"": 10}",1,0.6639895895696523,520,445,47cde922aa0c58cbf104c0f4ecf2bcc5e94aa60dcb5cb61c3d4ed82dfb05a03b,96f571ad44bee29e95c9f8f7903089317d6826fce3af2883ef15851110501e85
nearest_only_50m,spatial,fold_3,M2,2,"{""max_depth"": 3, ""reg_lambda"": 10}",2,0.5384333523037212,740,237,720050c25cbfb69702a7023b7ee415ecdec26de7b0db661bd83511178408a775,efe591227166b872ea94a8c660e07c097d02b84086b60bc72a4108c9816dc163
nearest_only_50m,spatial,fold_3,M2,2,"{""max_depth"": 3, ""reg_lambda"": 10}",4,0.5898260162601598,755,242,c3a1d26e83b0f46d4d2c753201f9440d43a46c5d22460bf10e8baf3cf55368d5,4df90deeb1a597a40e203989aae9cc0bf6fb7a993b92957260993e8d2f86756d
nearest_only_50m,spatial,fold_3,M2,2,"{""max_depth"": 3, ""reg_lambda"": 10}",MEAN,0.5080130585192069,1009,1009,b5365b5532658f670134c2f57305964647d13c1445cf1e30aed7fa3d3bdcc2e0,
nearest_only_50m,spatial,fold_3,M2,3,"{""max_depth"": 3, ""reg_lambda"": 1}",0,0.22224187225075961,920,85,48b82b19bb788aff6c957b8ebbf3fd4a70ad0d6145a35258dcfbf5955f100073,9696a640277c78c02707f7658133fe4d7f5a3a503f246511816974633680fc24
nearest_only_50m,spatial,fold_3,M2,3,"{""max_depth"": 3, ""reg_lambda"": 1}",1,0.6835585265498507,520,445,47cde922aa0c58cbf104c0f4ecf2bcc5e94aa60dcb5cb61c3d4ed82dfb05a03b,96f571ad44bee29e95c9f8f7903089317d6826fce3af2883ef15851110501e85
nearest_only_50m,spatial,fold_3,M2,3,"{""max_depth"": 3, ""reg_lambda"": 1}",2,0.5240098506354304,740,237,720050c25cbfb69702a7023b7ee415ecdec26de7b0db661bd83511178408a775,efe591227166b872ea94a8c660e07c097d02b84086b60bc72a4108c9816dc163
nearest_only_50m,spatial,fold_3,M2,3,"{""max_depth"": 3, ""reg_lambda"": 1}",4,0.584509465489254,755,242,c3a1d26e83b0f46d4d2c753201f9440d43a46c5d22460bf10e8baf3cf55368d5,4df90deeb1a597a40e203989aae9cc0bf6fb7a993b92957260993e8d2f86756d
nearest_only_50m,spatial,fold_3,M2,3,"{""max_depth"": 3, ""reg_lambda"": 1}",MEAN,0.5035799287313236,1009,1009,b5365b5532658f670134c2f57305964647d13c1445cf1e30aed7fa3d3bdcc2e0,
nearest_only_50m,spatial,fold_4,M0,0,{},0,0.19088401236862035,846,87,2502cf0c9925b967146d29e9f184ea853b641463de27b4e304a442eb558b5159,1b007a7cb3fa76db95ea07a6344fb8360ed65faa97dee961fd8b766403cefe5b
nearest_only_50m,spatial,fold_4,M0,0,{},1,0.6561412842898309,435,471,3b40e02385fe9b6f5ebc9a6df92628cb8f07d33ec70bc765a488943854472642,a459d5d435dc25482d735e12d16bc8a1dd302c1aba8b32c3f305361b6a13baa0
nearest_only_50m,spatial,fold_4,M0,0,{},2,0.5073010116533356,673,235,056aacc1c4b7bdf9197555be3fe2666c7e200f9da60c4fbeedc38e22e5e9b6be,90604268e1eeb1ba7ddb06856a6c6ecfafb437111725fe554d7cb0650d548399
nearest_only_50m,spatial,fold_4,M0,0,{},3,0.642814648915212,755,145,c3a1d26e83b0f46d4d2c753201f9440d43a46c5d22460bf10e8baf3cf55368d5,2633b81347d801bceea5e86855860f8b6cf60edced61f327f877562e56330259
nearest_only_50m,spatial,fold_4,M0,0,{},MEAN,0.49928523930674973,938,938,964fe2083835ff6c342d839dc6251c2d9d402c88c3092d6275df131538f4c0bb,
nearest_only_50m,spatial,fold_4,M1,0,"{""C"": 0.1}",0,0.31575067444632665,846,87,2502cf0c9925b967146d29e9f184ea853b641463de27b4e304a442eb558b5159,1b007a7cb3fa76db95ea07a6344fb8360ed65faa97dee961fd8b766403cefe5b
nearest_only_50m,spatial,fold_4,M1,0,"{""C"": 0.1}",1,0.6682161550119861,435,471,3b40e02385fe9b6f5ebc9a6df92628cb8f07d33ec70bc765a488943854472642,a459d5d435dc25482d735e12d16bc8a1dd302c1aba8b32c3f305361b6a13baa0
nearest_only_50m,spatial,fold_4,M1,0,"{""C"": 0.1}",2,0.5529964657511806,673,235,056aacc1c4b7bdf9197555be3fe2666c7e200f9da60c4fbeedc38e22e5e9b6be,90604268e1eeb1ba7ddb06856a6c6ecfafb437111725fe554d7cb0650d548399
nearest_only_50m,spatial,fold_4,M1,0,"{""C"": 0.1}",3,0.7171374760698032,755,145,c3a1d26e83b0f46d4d2c753201f9440d43a46c5d22460bf10e8baf3cf55368d5,2633b81347d801bceea5e86855860f8b6cf60edced61f327f877562e56330259
nearest_only_50m,spatial,fold_4,M1,0,"{""C"": 0.1}",MEAN,0.5635251928198242,938,938,964fe2083835ff6c342d839dc6251c2d9d402c88c3092d6275df131538f4c0bb,
nearest_only_50m,spatial,fold_4,M1,1,"{""C"": 1.0}",0,0.3049653941895321,846,87,2502cf0c9925b967146d29e9f184ea853b641463de27b4e304a442eb558b5159,1b007a7cb3fa76db95ea07a6344fb8360ed65faa97dee961fd8b766403cefe5b
nearest_only_50m,spatial,fold_4,M1,1,"{""C"": 1.0}",1,0.6636208269887414,435,471,3b40e02385fe9b6f5ebc9a6df92628cb8f07d33ec70bc765a488943854472642,a459d5d435dc25482d735e12d16bc8a1dd302c1aba8b32c3f305361b6a13baa0
nearest_only_50m,spatial,fold_4,M1,1,"{""C"": 1.0}",2,0.5418661051762259,673,235,056aacc1c4b7bdf9197555be3fe2666c7e200f9da60c4fbeedc38e22e5e9b6be,90604268e1eeb1ba7ddb06856a6c6ecfafb437111725fe554d7cb0650d548399
nearest_only_50m,spatial,fold_4,M1,1,"{""C"": 1.0}",3,0.7183385914858225,755,145,c3a1d26e83b0f46d4d2c753201f9440d43a46c5d22460bf10e8baf3cf55368d5,2633b81347d801bceea5e86855860f8b6cf60edced61f327f877562e56330259
nearest_only_50m,spatial,fold_4,M1,1,"{""C"": 1.0}",MEAN,0.5571977294600805,938,938,964fe2083835ff6c342d839dc6251c2d9d402c88c3092d6275df131538f4c0bb,
nearest_only_50m,spatial,fold_4,M1,2,"{""C"": 10.0}",0,0.3021136336506058,846,87,2502cf0c9925b967146d29e9f184ea853b641463de27b4e304a442eb558b5159,1b007a7cb3fa76db95ea07a6344fb8360ed65faa97dee961fd8b766403cefe5b
nearest_only_50m,spatial,fold_4,M1,2,"{""C"": 10.0}",1,0.6640447321759877,435,471,3b40e02385fe9b6f5ebc9a6df92628cb8f07d33ec70bc765a488943854472642,a459d5d435dc25482d735e12d16bc8a1dd302c1aba8b32c3f305361b6a13baa0
nearest_only_50m,spatial,fold_4,M1,2,"{""C"": 10.0}",2,0.5401556273865938,673,235,056aacc1c4b7bdf9197555be3fe2666c7e200f9da60c4fbeedc38e22e5e9b6be,90604268e1eeb1ba7ddb06856a6c6ecfafb437111725fe554d7cb0650d548399
nearest_only_50m,spatial,fold_4,M1,2,"{""C"": 10.0}",3,0.7230225233716361,755,145,c3a1d26e83b0f46d4d2c753201f9440d43a46c5d22460bf10e8baf3cf55368d5,2633b81347d801bceea5e86855860f8b6cf60edced61f327f877562e56330259
nearest_only_50m,spatial,fold_4,M1,2,"{""C"": 10.0}",MEAN,0.5573341291462058,938,938,964fe2083835ff6c342d839dc6251c2d9d402c88c3092d6275df131538f4c0bb,
nearest_only_50m,spatial,fold_4,M2,0,"{""max_depth"": 2, ""reg_lambda"": 10}",0,0.17209031988496967,846,87,2502cf0c9925b967146d29e9f184ea853b641463de27b4e304a442eb558b5159,1b007a7cb3fa76db95ea07a6344fb8360ed65faa97dee961fd8b766403cefe5b
nearest_only_50m,spatial,fold_4,M2,0,"{""max_depth"": 2, ""reg_lambda"": 10}",1,0.6568302237942175,435,471,3b40e02385fe9b6f5ebc9a6df92628cb8f07d33ec70bc765a488943854472642,a459d5d435dc25482d735e12d16bc8a1dd302c1aba8b32c3f305361b6a13baa0
nearest_only_50m,spatial,fold_4,M2,0,"{""max_depth"": 2, ""reg_lambda"": 10}",2,0.5111965478403602,673,235,056aacc1c4b7bdf9197555be3fe2666c7e200f9da60c4fbeedc38e22e5e9b6be,90604268e1eeb1ba7ddb06856a6c6ecfafb437111725fe554d7cb0650d548399
nearest_only_50m,spatial,fold_4,M2,0,"{""max_depth"": 2, ""reg_lambda"": 10}",3,0.7225142563600221,755,145,c3a1d26e83b0f46d4d2c753201f9440d43a46c5d22460bf10e8baf3cf55368d5,2633b81347d801bceea5e86855860f8b6cf60edced61f327f877562e56330259
nearest_only_50m,spatial,fold_4,M2,0,"{""max_depth"": 2, ""reg_lambda"": 10}",MEAN,0.5156578369698923,938,938,964fe2083835ff6c342d839dc6251c2d9d402c88c3092d6275df131538f4c0bb,
nearest_only_50m,spatial,fold_4,M2,1,"{""max_depth"": 2, ""reg_lambda"": 1}",0,0.16572626624185774,846,87,2502cf0c9925b967146d29e9f184ea853b641463de27b4e304a442eb558b5159,1b007a7cb3fa76db95ea07a6344fb8360ed65faa97dee961fd8b766403cefe5b
nearest_only_50m,spatial,fold_4,M2,1,"{""max_depth"": 2, ""reg_lambda"": 1}",1,0.6509856700292822,435,471,3b40e02385fe9b6f5ebc9a6df92628cb8f07d33ec70bc765a488943854472642,a459d5d435dc25482d735e12d16bc8a1dd302c1aba8b32c3f305361b6a13baa0
nearest_only_50m,spatial,fold_4,M2,1,"{""max_depth"": 2, ""reg_lambda"": 1}",2,0.5046409041558283,673,235,056aacc1c4b7bdf9197555be3fe2666c7e200f9da60c4fbeedc38e22e5e9b6be,90604268e1eeb1ba7ddb06856a6c6ecfafb437111725fe554d7cb0650d548399
nearest_only_50m,spatial,fold_4,M2,1,"{""max_depth"": 2, ""reg_lambda"": 1}",3,0.725926122967073,755,145,c3a1d26e83b0f46d4d2c753201f9440d43a46c5d22460bf10e8baf3cf55368d5,2633b81347d801bceea5e86855860f8b6cf60edced61f327f877562e56330259
nearest_only_50m,spatial,fold_4,M2,1,"{""max_depth"": 2, ""reg_lambda"": 1}",MEAN,0.5118197408485103,938,938,964fe2083835ff6c342d839dc6251c2d9d402c88c3092d6275df131538f4c0bb,
nearest_only_50m,spatial,fold_4,M2,2,"{""max_depth"": 3, ""reg_lambda"": 10}",0,0.14095504490072006,846,87,2502cf0c9925b967146d29e9f184ea853b641463de27b4e304a442eb558b5159,1b007a7cb3fa76db95ea07a6344fb8360ed65faa97dee961fd8b766403cefe5b
nearest_only_50m,spatial,fold_4,M2,2,"{""max_depth"": 3, ""reg_lambda"": 10}",1,0.651570461752573,435,471,3b40e02385fe9b6f5ebc9a6df92628cb8f07d33ec70bc765a488943854472642,a459d5d435dc25482d735e12d16bc8a1dd302c1aba8b32c3f305361b6a13baa0
nearest_only_50m,spatial,fold_4,M2,2,"{""max_depth"": 3, ""reg_lambda"": 10}",2,0.5276945788105811,673,235,056aacc1c4b7bdf9197555be3fe2666c7e200f9da60c4fbeedc38e22e5e9b6be,90604268e1eeb1ba7ddb06856a6c6ecfafb437111725fe554d7cb0650d548399
nearest_only_50m,spatial,fold_4,M2,2,"{""max_depth"": 3, ""reg_lambda"": 10}",3,0.713255304964344,755,145,c3a1d26e83b0f46d4d2c753201f9440d43a46c5d22460bf10e8baf3cf55368d5,2633b81347d801bceea5e86855860f8b6cf60edced61f327f877562e56330259
nearest_only_50m,spatial,fold_4,M2,2,"{""max_depth"": 3, ""reg_lambda"": 10}",MEAN,0.5083688476070545,938,938,964fe2083835ff6c342d839dc6251c2d9d402c88c3092d6275df131538f4c0bb,
nearest_only_50m,spatial,fold_4,M2,3,"{""max_depth"": 3, ""reg_lambda"": 1}",0,0.16880850709347195,846,87,2502cf0c9925b967146d29e9f184ea853b641463de27b4e304a442eb558b5159,1b007a7cb3fa76db95ea07a6344fb8360ed65faa97dee961fd8b766403cefe5b
nearest_only_50m,spatial,fold_4,M2,3,"{""max_depth"": 3, ""reg_lambda"": 1}",1,0.6517624492686281,435,471,3b40e02385fe9b6f5ebc9a6df92628cb8f07d33ec70bc765a488943854472642,a459d5d435dc25482d735e12d16bc8a1dd302c1aba8b32c3f305361b6a13baa0
nearest_only_50m,spatial,fold_4,M2,3,"{""max_depth"": 3, ""reg_lambda"": 1}",2,0.5214968647763989,673,235,056aacc1c4b7bdf9197555be3fe2666c7e200f9da60c4fbeedc38e22e5e9b6be,90604268e1eeb1ba7ddb06856a6c6ecfafb437111725fe554d7cb0650d548399
nearest_only_50m,spatial,fold_4,M2,3,"{""max_depth"": 3, ""reg_lambda"": 1}",3,0.7468861437459593,755,145,c3a1d26e83b0f46d4d2c753201f9440d43a46c5d22460bf10e8baf3cf55368d5,2633b81347d801bceea5e86855860f8b6cf60edced61f327f877562e56330259
nearest_only_50m,spatial,fold_4,M2,3,"{""max_depth"": 3, ""reg_lambda"": 1}",MEAN,0.5222384912211147,938,938,964fe2083835ff6c342d839dc6251c2d9d402c88c3092d6275df131538f4c0bb,
nearest_only_50m,leave_city_out,new_york_city,M0,0,{},0,0.19761904761904764,53,17,f3ee52405e0d325f5baf8d7ea494f4e8c5f3230561ec0ced863d8cd8753afb93,e353d37455319939c2e9e201d5a94e880f6b8ee4ac9f7a19a936a8ab13c34fae
nearest_only_50m,leave_city_out,new_york_city,M0,0,{},1,0.35722810863475823,45,27,73fbcc733dbbe30ba136dc157aa9e752b81a037f1a8ef29fb0599251b94bba87,5a2c7c97163c272c0a4ae4447edd35d671dc83ea1d919e373fcdc2679b37eae0
nearest_only_50m,leave_city_out,new_york_city,M0,0,{},2,0.3619047619047619,60,14,532b45838b41c6dc9700da73a044da4ea0ae19ecd81402f28106ca2ff74dfcb9,11b8d57fbe13447f5923d688e01c091fe56bc4111d5f0ef77a877dd2cb184e8d
nearest_only_50m,leave_city_out,new_york_city,M0,0,{},3,0.4027777777777778,65,8,78a54bce5ff039c9341c66e72098abc14200280739f7d11346cc0752fd3aab49,653583388baf8fe0655e4666b2678431bca48b1fcbd259d36a48ac002f567cd1
nearest_only_50m,leave_city_out,new_york_city,M0,0,{},4,0.25,65,9,1cbb71898bb2fe722fd1011cbc85cfdec565765dce0637eb52d705b7a502a30e,8e136feaacd58f9d044a88a4f433d56ba8b4eed91c47d09e38d88d7607578db7
nearest_only_50m,leave_city_out,new_york_city,M0,0,{},MEAN,0.3139059391872691,75,75,4b07e38aa178d473616746c7fd9e2998b23db8ef8a244d2033c883d56f4e78af,
nearest_only_50m,leave_city_out,new_york_city,M1,0,"{""C"": 0.1}",0,0.2212166918049271,53,17,f3ee52405e0d325f5baf8d7ea494f4e8c5f3230561ec0ced863d8cd8753afb93,e353d37455319939c2e9e201d5a94e880f6b8ee4ac9f7a19a936a8ab13c34fae
nearest_only_50m,leave_city_out,new_york_city,M1,0,"{""C"": 0.1}",1,0.6296222296222296,45,27,73fbcc733dbbe30ba136dc157aa9e752b81a037f1a8ef29fb0599251b94bba87,5a2c7c97163c272c0a4ae4447edd35d671dc83ea1d919e373fcdc2679b37eae0
nearest_only_50m,leave_city_out,new_york_city,M1,0,"{""C"": 0.1}",2,0.4,60,14,532b45838b41c6dc9700da73a044da4ea0ae19ecd81402f28106ca2ff74dfcb9,11b8d57fbe13447f5923d688e01c091fe56bc4111d5f0ef77a877dd2cb184e8d
nearest_only_50m,leave_city_out,new_york_city,M1,0,"{""C"": 0.1}",3,0.8666666666666667,65,8,78a54bce5ff039c9341c66e72098abc14200280739f7d11346cc0752fd3aab49,653583388baf8fe0655e4666b2678431bca48b1fcbd259d36a48ac002f567cd1
nearest_only_50m,leave_city_out,new_york_city,M1,0,"{""C"": 0.1}",4,0.30952380952380953,65,9,1cbb71898bb2fe722fd1011cbc85cfdec565765dce0637eb52d705b7a502a30e,8e136feaacd58f9d044a88a4f433d56ba8b4eed91c47d09e38d88d7607578db7
nearest_only_50m,leave_city_out,new_york_city,M1,0,"{""C"": 0.1}",MEAN,0.48540587952352665,75,75,4b07e38aa178d473616746c7fd9e2998b23db8ef8a244d2033c883d56f4e78af,
nearest_only_50m,leave_city_out,new_york_city,M1,1,"{""C"": 1.0}",0,0.26715686274509803,53,17,f3ee52405e0d325f5baf8d7ea494f4e8c5f3230561ec0ced863d8cd8753afb93,e353d37455319939c2e9e201d5a94e880f6b8ee4ac9f7a19a936a8ab13c34fae
nearest_only_50m,leave_city_out,new_york_city,M1,1,"{""C"": 1.0}",1,0.7483423983423985,45,27,73fbcc733dbbe30ba136dc157aa9e752b81a037f1a8ef29fb0599251b94bba87,5a2c7c97163c272c0a4ae4447edd35d671dc83ea1d919e373fcdc2679b37eae0
nearest_only_50m,leave_city_out,new_york_city,M1,1,"{""C"": 1.0}",2,0.6984126984126984,60,14,532b45838b41c6dc9700da73a044da4ea0ae19ecd81402f28106ca2ff74dfcb9,11b8d57fbe13447f5923d688e01c091fe56bc4111d5f0ef77a877dd2cb184e8d
nearest_only_50m,leave_city_out,new_york_city,M1,1,"{""C"": 1.0}",3,0.8333333333333333,65,8,78a54bce5ff039c9341c66e72098abc14200280739f7d11346cc0752fd3aab49,653583388baf8fe0655e4666b2678431bca48b1fcbd259d36a48ac002f567cd1
nearest_only_50m,leave_city_out,new_york_city,M1,1,"{""C"": 1.0}",4,0.24285714285714285,65,9,1cbb71898bb2fe722fd1011cbc85cfdec565765dce0637eb52d705b7a502a30e,8e136feaacd58f9d044a88a4f433d56ba8b4eed91c47d09e38d88d7607578db7
nearest_only_50m,leave_city_out,new_york_city,M1,1,"{""C"": 1.0}",MEAN,0.5580204871381342,75,75,4b07e38aa178d473616746c7fd9e2998b23db8ef8a244d2033c883d56f4e78af,
nearest_only_50m,leave_city_out,new_york_city,M1,2,"{""C"": 10.0}",0,0.26715686274509803,53,17,f3ee52405e0d325f5baf8d7ea494f4e8c5f3230561ec0ced863d8cd8753afb93,e353d37455319939c2e9e201d5a94e880f6b8ee4ac9f7a19a936a8ab13c34fae
nearest_only_50m,leave_city_out,new_york_city,M1,2,"{""C"": 10.0}",1,0.7457181163063518,45,27,73fbcc733dbbe30ba136dc157aa9e752b81a037f1a8ef29fb0599251b94bba87,5a2c7c97163c272c0a4ae4447edd35d671dc83ea1d919e373fcdc2679b37eae0
nearest_only_50m,leave_city_out,new_york_city,M1,2,"{""C"": 10.0}",2,0.7916666666666666,60,14,532b45838b41c6dc9700da73a044da4ea0ae19ecd81402f28106ca2ff74dfcb9,11b8d57fbe13447f5923d688e01c091fe56bc4111d5f0ef77a877dd2cb184e8d
nearest_only_50m,leave_city_out,new_york_city,M1,2,"{""C"": 10.0}",3,0.8333333333333333,65,8,78a54bce5ff039c9341c66e72098abc14200280739f7d11346cc0752fd3aab49,653583388baf8fe0655e4666b2678431bca48b1fcbd259d36a48ac002f567cd1
nearest_only_50m,leave_city_out,new_york_city,M1,2,"{""C"": 10.0}",4,0.30952380952380953,65,9,1cbb71898bb2fe722fd1011cbc85cfdec565765dce0637eb52d705b7a502a30e,8e136feaacd58f9d044a88a4f433d56ba8b4eed91c47d09e38d88d7607578db7
nearest_only_50m,leave_city_out,new_york_city,M1,2,"{""C"": 10.0}",MEAN,0.5894797577150518,75,75,4b07e38aa178d473616746c7fd9e2998b23db8ef8a244d2033c883d56f4e78af,
nearest_only_50m,leave_city_out,new_york_city,M2,0,"{""max_depth"": 2, ""reg_lambda"": 10}",0,0.2547008547008547,53,17,f3ee52405e0d325f5baf8d7ea494f4e8c5f3230561ec0ced863d8cd8753afb93,e353d37455319939c2e9e201d5a94e880f6b8ee4ac9f7a19a936a8ab13c34fae
nearest_only_50m,leave_city_out,new_york_city,M2,0,"{""max_depth"": 2, ""reg_lambda"": 10}",1,0.3333333333333333,45,27,73fbcc733dbbe30ba136dc157aa9e752b81a037f1a8ef29fb0599251b94bba87,5a2c7c97163c272c0a4ae4447edd35d671dc83ea1d919e373fcdc2679b37eae0
nearest_only_50m,leave_city_out,new_york_city,M2,0,"{""max_depth"": 2, ""reg_lambda"": 10}",2,0.41025641025641024,60,14,532b45838b41c6dc9700da73a044da4ea0ae19ecd81402f28106ca2ff74dfcb9,11b8d57fbe13447f5923d688e01c091fe56bc4111d5f0ef77a877dd2cb184e8d
nearest_only_50m,leave_city_out,new_york_city,M2,0,"{""max_depth"": 2, ""reg_lambda"": 10}",3,0.8095238095238095,65,8,78a54bce5ff039c9341c66e72098abc14200280739f7d11346cc0752fd3aab49,653583388baf8fe0655e4666b2678431bca48b1fcbd259d36a48ac002f567cd1
nearest_only_50m,leave_city_out,new_york_city,M2,0,"{""max_depth"": 2, ""reg_lambda"": 10}",4,0.2777777777777778,65,9,1cbb71898bb2fe722fd1011cbc85cfdec565765dce0637eb52d705b7a502a30e,8e136feaacd58f9d044a88a4f433d56ba8b4eed91c47d09e38d88d7607578db7
nearest_only_50m,leave_city_out,new_york_city,M2,0,"{""max_depth"": 2, ""reg_lambda"": 10}",MEAN,0.41711843711843705,75,75,4b07e38aa178d473616746c7fd9e2998b23db8ef8a244d2033c883d56f4e78af,
nearest_only_50m,leave_city_out,new_york_city,M2,1,"{""max_depth"": 2, ""reg_lambda"": 1}",0,0.2550505050505051,53,17,f3ee52405e0d325f5baf8d7ea494f4e8c5f3230561ec0ced863d8cd8753afb93,e353d37455319939c2e9e201d5a94e880f6b8ee4ac9f7a19a936a8ab13c34fae
nearest_only_50m,leave_city_out,new_york_city,M2,1,"{""max_depth"": 2, ""reg_lambda"": 1}",1,0.3333333333333333,45,27,73fbcc733dbbe30ba136dc157aa9e752b81a037f1a8ef29fb0599251b94bba87,5a2c7c97163c272c0a4ae4447edd35d671dc83ea1d919e373fcdc2679b37eae0
nearest_only_50m,leave_city_out,new_york_city,M2,1,"{""max_depth"": 2, ""reg_lambda"": 1}",2,0.4583333333333333,60,14,532b45838b41c6dc9700da73a044da4ea0ae19ecd81402f28106ca2ff74dfcb9,11b8d57fbe13447f5923d688e01c091fe56bc4111d5f0ef77a877dd2cb184e8d
nearest_only_50m,leave_city_out,new_york_city,M2,1,"{""max_depth"": 2, ""reg_lambda"": 1}",3,0.8095238095238095,65,8,78a54bce5ff039c9341c66e72098abc14200280739f7d11346cc0752fd3aab49,653583388baf8fe0655e4666b2678431bca48b1fcbd259d36a48ac002f567cd1
nearest_only_50m,leave_city_out,new_york_city,M2,1,"{""max_depth"": 2, ""reg_lambda"": 1}",4,0.3611111111111111,65,9,1cbb71898bb2fe722fd1011cbc85cfdec565765dce0637eb52d705b7a502a30e,8e136feaacd58f9d044a88a4f433d56ba8b4eed91c47d09e38d88d7607578db7
nearest_only_50m,leave_city_out,new_york_city,M2,1,"{""max_depth"": 2, ""reg_lambda"": 1}",MEAN,0.44347041847041846,75,75,4b07e38aa178d473616746c7fd9e2998b23db8ef8a244d2033c883d56f4e78af,
nearest_only_50m,leave_city_out,new_york_city,M2,2,"{""max_depth"": 3, ""reg_lambda"": 10}",0,0.2547008547008547,53,17,f3ee52405e0d325f5baf8d7ea494f4e8c5f3230561ec0ced863d8cd8753afb93,e353d37455319939c2e9e201d5a94e880f6b8ee4ac9f7a19a936a8ab13c34fae
nearest_only_50m,leave_city_out,new_york_city,M2,2,"{""max_depth"": 3, ""reg_lambda"": 10}",1,0.3333333333333333,45,27,73fbcc733dbbe30ba136dc157aa9e752b81a037f1a8ef29fb0599251b94bba87,5a2c7c97163c272c0a4ae4447edd35d671dc83ea1d919e373fcdc2679b37eae0
nearest_only_50m,leave_city_out,new_york_city,M2,2,"{""max_depth"": 3, ""reg_lambda"": 10}",2,0.41025641025641024,60,14,532b45838b41c6dc9700da73a044da4ea0ae19ecd81402f28106ca2ff74dfcb9,11b8d57fbe13447f5923d688e01c091fe56bc4111d5f0ef77a877dd2cb184e8d
nearest_only_50m,leave_city_out,new_york_city,M2,2,"{""max_depth"": 3, ""reg_lambda"": 10}",3,0.8095238095238095,65,8,78a54bce5ff039c9341c66e72098abc14200280739f7d11346cc0752fd3aab49,653583388baf8fe0655e4666b2678431bca48b1fcbd259d36a48ac002f567cd1
nearest_only_50m,leave_city_out,new_york_city,M2,2,"{""max_depth"": 3, ""reg_lambda"": 10}",4,0.2777777777777778,65,9,1cbb71898bb2fe722fd1011cbc85cfdec565765dce0637eb52d705b7a502a30e,8e136feaacd58f9d044a88a4f433d56ba8b4eed91c47d09e38d88d7607578db7
nearest_only_50m,leave_city_out,new_york_city,M2,2,"{""max_depth"": 3, ""reg_lambda"": 10}",MEAN,0.41711843711843705,75,75,4b07e38aa178d473616746c7fd9e2998b23db8ef8a244d2033c883d56f4e78af,
nearest_only_50m,leave_city_out,new_york_city,M2,3,"{""max_depth"": 3, ""reg_lambda"": 1}",0,0.2550505050505051,53,17,f3ee52405e0d325f5baf8d7ea494f4e8c5f3230561ec0ced863d8cd8753afb93,e353d37455319939c2e9e201d5a94e880f6b8ee4ac9f7a19a936a8ab13c34fae
nearest_only_50m,leave_city_out,new_york_city,M2,3,"{""max_depth"": 3, ""reg_lambda"": 1}",1,0.3333333333333333,45,27,73fbcc733dbbe30ba136dc157aa9e752b81a037f1a8ef29fb0599251b94bba87,5a2c7c97163c272c0a4ae4447edd35d671dc83ea1d919e373fcdc2679b37eae0
nearest_only_50m,leave_city_out,new_york_city,M2,3,"{""max_depth"": 3, ""reg_lambda"": 1}",2,0.4583333333333333,60,14,532b45838b41c6dc9700da73a044da4ea0ae19ecd81402f28106ca2ff74dfcb9,11b8d57fbe13447f5923d688e01c091fe56bc4111d5f0ef77a877dd2cb184e8d
nearest_only_50m,leave_city_out,new_york_city,M2,3,"{""max_depth"": 3, ""reg_lambda"": 1}",3,0.8095238095238095,65,8,78a54bce5ff039c9341c66e72098abc14200280739f7d11346cc0752fd3aab49,653583388baf8fe0655e4666b2678431bca48b1fcbd259d36a48ac002f567cd1
nearest_only_50m,leave_city_out,new_york_city,M2,3,"{""max_depth"": 3, ""reg_lambda"": 1}",4,0.3611111111111111,65,9,1cbb71898bb2fe722fd1011cbc85cfdec565765dce0637eb52d705b7a502a30e,8e136feaacd58f9d044a88a4f433d56ba8b4eed91c47d09e38d88d7607578db7
nearest_only_50m,leave_city_out,new_york_city,M2,3,"{""max_depth"": 3, ""reg_lambda"": 1}",MEAN,0.44347041847041846,75,75,4b07e38aa178d473616746c7fd9e2998b23db8ef8a244d2033c883d56f4e78af,
nearest_only_50m,leave_city_out,buffalo,M0,0,{},0,0.21691676379176378,1074,72,671046a14446ff4015986ff5262aa3698381a3c2d59f4c64dab780141e9c6a8e,6ec3b019816e1672014f2b6c44139d77a453e8a723aa94c99ff1a339dc270ab2
nearest_only_50m,leave_city_out,buffalo,M0,0,{},1,0.6607490204363861,630,462,206676a1f8fb0de7fd3881e543459e91841dc6823d88e14b853d0b3a35bb15f6,50e9c4f001ca1bfc479c6d714b059b22a4ee665e3f4652a57b7aab6f63934769
nearest_only_50m,leave_city_out,buffalo,M0,0,{},2,0.5097060495389711,880,234,e050a2baada4ff941346efe32b5b49b3c5f0a2e3c20956c8af14a6455f9e976c,409c79794d38a24274df78762d0b1ba3b4cd6c0a5fbd0988a82afc694ef7732d
nearest_only_50m,leave_city_out,buffalo,M0,0,{},3,0.6443655163351613,969,141,318dab8b80992d06d6ec7c7cc693bdad454aac3c5afdd86c1594a0cac149678b,0286f39a5636f04b9afb4b6bdfab7020561b6273fbd078045b744f20fcc2c79b
nearest_only_50m,leave_city_out,buffalo,M0,0,{},4,0.6111476140837866,897,237,66317126577059cbd46aff8dbbe681694833a83155a328775c4fbe8631d69d2a,bc524ad27226077fc692991851c29694964ebc67e0b748288337c5284d584be1
nearest_only_50m,leave_city_out,buffalo,M0,0,{},MEAN,0.5285769928372138,1146,1146,9dd1d722e953dca421a30bafacd210c5427ef16a1028f11b2a6137b168f0af9b,
nearest_only_50m,leave_city_out,buffalo,M1,0,"{""C"": 0.1}",0,0.28730986827929555,1074,72,671046a14446ff4015986ff5262aa3698381a3c2d59f4c64dab780141e9c6a8e,6ec3b019816e1672014f2b6c44139d77a453e8a723aa94c99ff1a339dc270ab2
nearest_only_50m,leave_city_out,buffalo,M1,0,"{""C"": 0.1}",1,0.7029688083911174,630,462,206676a1f8fb0de7fd3881e543459e91841dc6823d88e14b853d0b3a35bb15f6,50e9c4f001ca1bfc479c6d714b059b22a4ee665e3f4652a57b7aab6f63934769
nearest_only_50m,leave_city_out,buffalo,M1,0,"{""C"": 0.1}",2,0.5464815823008644,880,234,e050a2baada4ff941346efe32b5b49b3c5f0a2e3c20956c8af14a6455f9e976c,409c79794d38a24274df78762d0b1ba3b4cd6c0a5fbd0988a82afc694ef7732d
nearest_only_50m,leave_city_out,buffalo,M1,0,"{""C"": 0.1}",3,0.7271622888218396,969,141,318dab8b80992d06d6ec7c7cc693bdad454aac3c5afdd86c1594a0cac149678b,0286f39a5636f04b9afb4b6bdfab7020561b6273fbd078045b744f20fcc2c79b
nearest_only_50m,leave_city_out,buffalo,M1,0,"{""C"": 0.1}",4,0.6373060630641461,897,237,66317126577059cbd46aff8dbbe681694833a83155a328775c4fbe8631d69d2a,bc524ad27226077fc692991851c29694964ebc67e0b748288337c5284d584be1
nearest_only_50m,leave_city_out,buffalo,M1,0,"{""C"": 0.1}",MEAN,0.5802457221714526,1146,1146,9dd1d722e953dca421a30bafacd210c5427ef16a1028f11b2a6137b168f0af9b,
nearest_only_50m,leave_city_out,buffalo,M1,1,"{""C"": 1.0}",0,0.2764288438487523,1074,72,671046a14446ff4015986ff5262aa3698381a3c2d59f4c64dab780141e9c6a8e,6ec3b019816e1672014f2b6c44139d77a453e8a723aa94c99ff1a339dc270ab2
nearest_only_50m,leave_city_out,buffalo,M1,1,"{""C"": 1.0}",1,0.7008765985425377,630,462,206676a1f8fb0de7fd3881e543459e91841dc6823d88e14b853d0b3a35bb15f6,50e9c4f001ca1bfc479c6d714b059b22a4ee665e3f4652a57b7aab6f63934769
nearest_only_50m,leave_city_out,buffalo,M1,1,"{""C"": 1.0}",2,0.5338533076229564,880,234,e050a2baada4ff941346efe32b5b49b3c5f0a2e3c20956c8af14a6455f9e976c,409c79794d38a24274df78762d0b1ba3b4cd6c0a5fbd0988a82afc694ef7732d
nearest_only_50m,leave_city_out,buffalo,M1,1,"{""C"": 1.0}",3,0.7281223639588206,969,141,318dab8b80992d06d6ec7c7cc693bdad454aac3c5afdd86c1594a0cac149678b,0286f39a5636f04b9afb4b6bdfab7020561b6273fbd078045b744f20fcc2c79b
nearest_only_50m,leave_city_out,buffalo,M1,1,"{""C"": 1.0}",4,0.6383885258481494,897,237,66317126577059cbd46aff8dbbe681694833a83155a328775c4fbe8631d69d2a,bc524ad27226077fc692991851c29694964ebc67e0b748288337c5284d584be1
nearest_only_50m,leave_city_out,buffalo,M1,1,"{""C"": 1.0}",MEAN,0.5755339279642432,1146,1146,9dd1d722e953dca421a30bafacd210c5427ef16a1028f11b2a6137b168f0af9b,
nearest_only_50m,leave_city_out,buffalo,M1,2,"{""C"": 10.0}",0,0.2764288438487523,1074,72,671046a14446ff4015986ff5262aa3698381a3c2d59f4c64dab780141e9c6a8e,6ec3b019816e1672014f2b6c44139d77a453e8a723aa94c99ff1a339dc270ab2
nearest_only_50m,leave_city_out,buffalo,M1,2,"{""C"": 10.0}",1,0.7002284455893075,630,462,206676a1f8fb0de7fd3881e543459e91841dc6823d88e14b853d0b3a35bb15f6,50e9c4f001ca1bfc479c6d714b059b22a4ee665e3f4652a57b7aab6f63934769
nearest_only_50m,leave_city_out,buffalo,M1,2,"{""C"": 10.0}",2,0.5339081406886728,880,234,e050a2baada4ff941346efe32b5b49b3c5f0a2e3c20956c8af14a6455f9e976c,409c79794d38a24274df78762d0b1ba3b4cd6c0a5fbd0988a82afc694ef7732d
nearest_only_50m,leave_city_out,buffalo,M1,2,"{""C"": 10.0}",3,0.7281423104894016,969,141,318dab8b80992d06d6ec7c7cc693bdad454aac3c5afdd86c1594a0cac149678b,0286f39a5636f04b9afb4b6bdfab7020561b6273fbd078045b744f20fcc2c79b
nearest_only_50m,leave_city_out,buffalo,M1,2,"{""C"": 10.0}",4,0.6384059543792873,897,237,66317126577059cbd46aff8dbbe681694833a83155a328775c4fbe8631d69d2a,bc524ad27226077fc692991851c29694964ebc67e0b748288337c5284d584be1
nearest_only_50m,leave_city_out,buffalo,M1,2,"{""C"": 10.0}",MEAN,0.5754227389990844,1146,1146,9dd1d722e953dca421a30bafacd210c5427ef16a1028f11b2a6137b168f0af9b,
nearest_only_50m,leave_city_out,buffalo,M2,0,"{""max_depth"": 2, ""reg_lambda"": 10}",0,0.2156198088310157,1074,72,671046a14446ff4015986ff5262aa3698381a3c2d59f4c64dab780141e9c6a8e,6ec3b019816e1672014f2b6c44139d77a453e8a723aa94c99ff1a339dc270ab2
nearest_only_50m,leave_city_out,buffalo,M2,0,"{""max_depth"": 2, ""reg_lambda"": 10}",1,0.6915275295214554,630,462,206676a1f8fb0de7fd3881e543459e91841dc6823d88e14b853d0b3a35bb15f6,50e9c4f001ca1bfc479c6d714b059b22a4ee665e3f4652a57b7aab6f63934769
nearest_only_50m,leave_city_out,buffalo,M2,0,"{""max_depth"": 2, ""reg_lambda"": 10}",2,0.5309654587974018,880,234,e050a2baada4ff941346efe32b5b49b3c5f0a2e3c20956c8af14a6455f9e976c,409c79794d38a24274df78762d0b1ba3b4cd6c0a5fbd0988a82afc694ef7732d
nearest_only_50m,leave_city_out,buffalo,M2,0,"{""max_depth"": 2, ""reg_lambda"": 10}",3,0.6995464812961213,969,141,318dab8b80992d06d6ec7c7cc693bdad454aac3c5afdd86c1594a0cac149678b,0286f39a5636f04b9afb4b6bdfab7020561b6273fbd078045b744f20fcc2c79b
nearest_only_50m,leave_city_out,buffalo,M2,0,"{""max_depth"": 2, ""reg_lambda"": 10}",4,0.6259747169445736,897,237,66317126577059cbd46aff8dbbe681694833a83155a328775c4fbe8631d69d2a,bc524ad27226077fc692991851c29694964ebc67e0b748288337c5284d584be1
nearest_only_50m,leave_city_out,buffalo,M2,0,"{""max_depth"": 2, ""reg_lambda"": 10}",MEAN,0.5527267990781135,1146,1146,9dd1d722e953dca421a30bafacd210c5427ef16a1028f11b2a6137b168f0af9b,
nearest_only_50m,leave_city_out,buffalo,M2,1,"{""max_depth"": 2, ""reg_lambda"": 1}",0,0.1974919250711798,1074,72,671046a14446ff4015986ff5262aa3698381a3c2d59f4c64dab780141e9c6a8e,6ec3b019816e1672014f2b6c44139d77a453e8a723aa94c99ff1a339dc270ab2
nearest_only_50m,leave_city_out,buffalo,M2,1,"{""max_depth"": 2, ""reg_lambda"": 1}",1,0.6787099860813751,630,462,206676a1f8fb0de7fd3881e543459e91841dc6823d88e14b853d0b3a35bb15f6,50e9c4f001ca1bfc479c6d714b059b22a4ee665e3f4652a57b7aab6f63934769
nearest_only_50m,leave_city_out,buffalo,M2,1,"{""max_depth"": 2, ""reg_lambda"": 1}",2,0.5207236842329904,880,234,e050a2baada4ff941346efe32b5b49b3c5f0a2e3c20956c8af14a6455f9e976c,409c79794d38a24274df78762d0b1ba3b4cd6c0a5fbd0988a82afc694ef7732d
nearest_only_50m,leave_city_out,buffalo,M2,1,"{""max_depth"": 2, ""reg_lambda"": 1}",3,0.7132929813628146,969,141,318dab8b80992d06d6ec7c7cc693bdad454aac3c5afdd86c1594a0cac149678b,0286f39a5636f04b9afb4b6bdfab7020561b6273fbd078045b744f20fcc2c79b
nearest_only_50m,leave_city_out,buffalo,M2,1,"{""max_depth"": 2, ""reg_lambda"": 1}",4,0.6168873260529726,897,237,66317126577059cbd46aff8dbbe681694833a83155a328775c4fbe8631d69d2a,bc524ad27226077fc692991851c29694964ebc67e0b748288337c5284d584be1
nearest_only_50m,leave_city_out,buffalo,M2,1,"{""max_depth"": 2, ""reg_lambda"": 1}",MEAN,0.5454211805602664,1146,1146,9dd1d722e953dca421a30bafacd210c5427ef16a1028f11b2a6137b168f0af9b,
nearest_only_50m,leave_city_out,buffalo,M2,2,"{""max_depth"": 3, ""reg_lambda"": 10}",0,0.23871600621600622,1074,72,671046a14446ff4015986ff5262aa3698381a3c2d59f4c64dab780141e9c6a8e,6ec3b019816e1672014f2b6c44139d77a453e8a723aa94c99ff1a339dc270ab2
nearest_only_50m,leave_city_out,buffalo,M2,2,"{""max_depth"": 3, ""reg_lambda"": 10}",1,0.6524284190602032,630,462,206676a1f8fb0de7fd3881e543459e91841dc6823d88e14b853d0b3a35bb15f6,50e9c4f001ca1bfc479c6d714b059b22a4ee665e3f4652a57b7aab6f63934769
nearest_only_50m,leave_city_out,buffalo,M2,2,"{""max_depth"": 3, ""reg_lambda"": 10}",2,0.5279879143008926,880,234,e050a2baada4ff941346efe32b5b49b3c5f0a2e3c20956c8af14a6455f9e976c,409c79794d38a24274df78762d0b1ba3b4cd6c0a5fbd0988a82afc694ef7732d
nearest_only_50m,leave_city_out,buffalo,M2,2,"{""max_depth"": 3, ""reg_lambda"": 10}",3,0.7143487675723099,969,141,318dab8b80992d06d6ec7c7cc693bdad454aac3c5afdd86c1594a0cac149678b,0286f39a5636f04b9afb4b6bdfab7020561b6273fbd078045b744f20fcc2c79b
nearest_only_50m,leave_city_out,buffalo,M2,2,"{""max_depth"": 3, ""reg_lambda"": 10}",4,0.6109863589408864,897,237,66317126577059cbd46aff8dbbe681694833a83155a328775c4fbe8631d69d2a,bc524ad27226077fc692991851c29694964ebc67e0b748288337c5284d584be1
nearest_only_50m,leave_city_out,buffalo,M2,2,"{""max_depth"": 3, ""reg_lambda"": 10}",MEAN,0.5488934932180596,1146,1146,9dd1d722e953dca421a30bafacd210c5427ef16a1028f11b2a6137b168f0af9b,
nearest_only_50m,leave_city_out,buffalo,M2,3,"{""max_depth"": 3, ""reg_lambda"": 1}",0,0.22892142991888323,1074,72,671046a14446ff4015986ff5262aa3698381a3c2d59f4c64dab780141e9c6a8e,6ec3b019816e1672014f2b6c44139d77a453e8a723aa94c99ff1a339dc270ab2
nearest_only_50m,leave_city_out,buffalo,M2,3,"{""max_depth"": 3, ""reg_lambda"": 1}",1,0.6520881774874877,630,462,206676a1f8fb0de7fd3881e543459e91841dc6823d88e14b853d0b3a35bb15f6,50e9c4f001ca1bfc479c6d714b059b22a4ee665e3f4652a57b7aab6f63934769
nearest_only_50m,leave_city_out,buffalo,M2,3,"{""max_depth"": 3, ""reg_lambda"": 1}",2,0.4972345364688137,880,234,e050a2baada4ff941346efe32b5b49b3c5f0a2e3c20956c8af14a6455f9e976c,409c79794d38a24274df78762d0b1ba3b4cd6c0a5fbd0988a82afc694ef7732d
nearest_only_50m,leave_city_out,buffalo,M2,3,"{""max_depth"": 3, ""reg_lambda"": 1}",3,0.7124263979946095,969,141,318dab8b80992d06d6ec7c7cc693bdad454aac3c5afdd86c1594a0cac149678b,0286f39a5636f04b9afb4b6bdfab7020561b6273fbd078045b744f20fcc2c79b
nearest_only_50m,leave_city_out,buffalo,M2,3,"{""max_depth"": 3, ""reg_lambda"": 1}",4,0.6117555509085162,897,237,66317126577059cbd46aff8dbbe681694833a83155a328775c4fbe8631d69d2a,bc524ad27226077fc692991851c29694964ebc67e0b748288337c5284d584be1
nearest_only_50m,leave_city_out,buffalo,M2,3,"{""max_depth"": 3, ""reg_lambda"": 1}",MEAN,0.5404852185556621,1146,1146,9dd1d722e953dca421a30bafacd210c5427ef16a1028f11b2a6137b168f0af9b,
nearest_only_50m,leave_city_out,rochester,M0,0,{},0,0.19533526783074068,1073,85,7f0f18459696577fc6f1bef5ec01ac3903fe8980f370a669c39609e27c6f6285,a08aae971d36119e88159fb2bc2a023e97a48222682fd74656303efcb37c1133
nearest_only_50m,leave_city_out,rochester,M0,0,{},1,0.659409303561018,633,473,8eaa7b5a3d80ec44fc9bc7149845fa63563319a4388f90316d589be11fc22238,7e86f55b9aded5a04a8d086ebadfe9aa4fab584a501d0bcef3b6c1a09300b28f
nearest_only_50m,leave_city_out,rochester,M0,0,{},2,0.5198077840803449,906,226,39a293a8bb8266f15542023b91b4086afd6b4b647187b855182be129664a4477,1bf36cf2f0fbda4789915d1de30950c1b3be47bd8a1e6f3681c08a755bfc871d
nearest_only_50m,leave_city_out,rochester,M0,0,{},3,0.6442838229028631,984,141,b1cebb051688ab4b4971132f4183c70f371c36b1d79c126429f74ea8e72a4d1e,149197e5fa72e48c82d7d99d1a07fb70a032d2a99b45962a60009dff629e6060
nearest_only_50m,leave_city_out,rochester,M0,0,{},4,0.6112109432540438,914,238,f0fe70c73667b75ef63e488f6c2e1a3dc188ca42928198ec8c7716463cd43b31,e4349262ae92e0c3c6e2b83af094d74f382af17820f75b3797f4d8394f24926b
nearest_only_50m,leave_city_out,rochester,M0,0,{},MEAN,0.526009424325802,1163,1163,566b48ff0ff88800a77fd1aa0670f084181be443c320f83f3a0189e2aa67d26d,
nearest_only_50m,leave_city_out,rochester,M1,0,"{""C"": 0.1}",0,0.3234575068692589,1073,85,7f0f18459696577fc6f1bef5ec01ac3903fe8980f370a669c39609e27c6f6285,a08aae971d36119e88159fb2bc2a023e97a48222682fd74656303efcb37c1133
nearest_only_50m,leave_city_out,rochester,M1,0,"{""C"": 0.1}",1,0.7023259678503568,633,473,8eaa7b5a3d80ec44fc9bc7149845fa63563319a4388f90316d589be11fc22238,7e86f55b9aded5a04a8d086ebadfe9aa4fab584a501d0bcef3b6c1a09300b28f
nearest_only_50m,leave_city_out,rochester,M1,0,"{""C"": 0.1}",2,0.541296673346483,906,226,39a293a8bb8266f15542023b91b4086afd6b4b647187b855182be129664a4477,1bf36cf2f0fbda4789915d1de30950c1b3be47bd8a1e6f3681c08a755bfc871d
nearest_only_50m,leave_city_out,rochester,M1,0,"{""C"": 0.1}",3,0.7386008987840873,984,141,b1cebb051688ab4b4971132f4183c70f371c36b1d79c126429f74ea8e72a4d1e,149197e5fa72e48c82d7d99d1a07fb70a032d2a99b45962a60009dff629e6060
nearest_only_50m,leave_city_out,rochester,M1,0,"{""C"": 0.1}",4,0.6387813687180237,914,238,f0fe70c73667b75ef63e488f6c2e1a3dc188ca42928198ec8c7716463cd43b31,e4349262ae92e0c3c6e2b83af094d74f382af17820f75b3797f4d8394f24926b
nearest_only_50m,leave_city_out,rochester,M1,0,"{""C"": 0.1}",MEAN,0.588892483113642,1163,1163,566b48ff0ff88800a77fd1aa0670f084181be443c320f83f3a0189e2aa67d26d,
nearest_only_50m,leave_city_out,rochester,M1,1,"{""C"": 1.0}",0,0.308029944018589,1073,85,7f0f18459696577fc6f1bef5ec01ac3903fe8980f370a669c39609e27c6f6285,a08aae971d36119e88159fb2bc2a023e97a48222682fd74656303efcb37c1133
nearest_only_50m,leave_city_out,rochester,M1,1,"{""C"": 1.0}",1,0.6987775057849164,633,473,8eaa7b5a3d80ec44fc9bc7149845fa63563319a4388f90316d589be11fc22238,7e86f55b9aded5a04a8d086ebadfe9aa4fab584a501d0bcef3b6c1a09300b28f
nearest_only_50m,leave_city_out,rochester,M1,1,"{""C"": 1.0}",2,0.5350942878947182,906,226,39a293a8bb8266f15542023b91b4086afd6b4b647187b855182be129664a4477,1bf36cf2f0fbda4789915d1de30950c1b3be47bd8a1e6f3681c08a755bfc871d
nearest_only_50m,leave_city_out,rochester,M1,1,"{""C"": 1.0}",3,0.7413215646484457,984,141,b1cebb051688ab4b4971132f4183c70f371c36b1d79c126429f74ea8e72a4d1e,149197e5fa72e48c82d7d99d1a07fb70a032d2a99b45962a60009dff629e6060
nearest_only_50m,leave_city_out,rochester,M1,1,"{""C"": 1.0}",4,0.6409353385604178,914,238,f0fe70c73667b75ef63e488f6c2e1a3dc188ca42928198ec8c7716463cd43b31,e4349262ae92e0c3c6e2b83af094d74f382af17820f75b3797f4d8394f24926b
nearest_only_50m,leave_city_out,rochester,M1,1,"{""C"": 1.0}",MEAN,0.5848317281814174,1163,1163,566b48ff0ff88800a77fd1aa0670f084181be443c320f83f3a0189e2aa67d26d,
nearest_only_50m,leave_city_out,rochester,M1,2,"{""C"": 10.0}",0,0.3045864178477901,1073,85,7f0f18459696577fc6f1bef5ec01ac3903fe8980f370a669c39609e27c6f6285,a08aae971d36119e88159fb2bc2a023e97a48222682fd74656303efcb37c1133
nearest_only_50m,leave_city_out,rochester,M1,2,"{""C"": 10.0}",1,0.6981729070103624,633,473,8eaa7b5a3d80ec44fc9bc7149845fa63563319a4388f90316d589be11fc22238,7e86f55b9aded5a04a8d086ebadfe9aa4fab584a501d0bcef3b6c1a09300b28f
nearest_only_50m,leave_city_out,rochester,M1,2,"{""C"": 10.0}",2,0.534367622317971,906,226,39a293a8bb8266f15542023b91b4086afd6b4b647187b855182be129664a4477,1bf36cf2f0fbda4789915d1de30950c1b3be47bd8a1e6f3681c08a755bfc871d
nearest_only_50m,leave_city_out,rochester,M1,2,"{""C"": 10.0}",3,0.7413215646484457,984,141,b1cebb051688ab4b4971132f4183c70f371c36b1d79c126429f74ea8e72a4d1e,149197e5fa72e48c82d7d99d1a07fb70a032d2a99b45962a60009dff629e6060
nearest_only_50m,leave_city_out,rochester,M1,2,"{""C"": 10.0}",4,0.6406062410641257,914,238,f0fe70c73667b75ef63e488f6c2e1a3dc188ca42928198ec8c7716463cd43b31,e4349262ae92e0c3c6e2b83af094d74f382af17820f75b3797f4d8394f24926b
nearest_only_50m,leave_city_out,rochester,M1,2,"{""C"": 10.0}",MEAN,0.583810950577739,1163,1163,566b48ff0ff88800a77fd1aa0670f084181be443c320f83f3a0189e2aa67d26d,
nearest_only_50m,leave_city_out,rochester,M2,0,"{""max_depth"": 2, ""reg_lambda"": 10}",0,0.17207559439039394,1073,85,7f0f18459696577fc6f1bef5ec01ac3903fe8980f370a669c39609e27c6f6285,a08aae971d36119e88159fb2bc2a023e97a48222682fd74656303efcb37c1133
nearest_only_50m,leave_city_out,rochester,M2,0,"{""max_depth"": 2, ""reg_lambda"": 10}",1,0.6913517162723877,633,473,8eaa7b5a3d80ec44fc9bc7149845fa63563319a4388f90316d589be11fc22238,7e86f55b9aded5a04a8d086ebadfe9aa4fab584a501d0bcef3b6c1a09300b28f
nearest_only_50m,leave_city_out,rochester,M2,0,"{""max_depth"": 2, ""reg_lambda"": 10}",2,0.5193632224580995,906,226,39a293a8bb8266f15542023b91b4086afd6b4b647187b855182be129664a4477,1bf36cf2f0fbda4789915d1de30950c1b3be47bd8a1e6f3681c08a755bfc871d
nearest_only_50m,leave_city_out,rochester,M2,0,"{""max_depth"": 2, ""reg_lambda"": 10}",3,0.7154166914625588,984,141,b1cebb051688ab4b4971132f4183c70f371c36b1d79c126429f74ea8e72a4d1e,149197e5fa72e48c82d7d99d1a07fb70a032d2a99b45962a60009dff629e6060
nearest_only_50m,leave_city_out,rochester,M2,0,"{""max_depth"": 2, ""reg_lambda"": 10}",4,0.6178284238846601,914,238,f0fe70c73667b75ef63e488f6c2e1a3dc188ca42928198ec8c7716463cd43b31,e4349262ae92e0c3c6e2b83af094d74f382af17820f75b3797f4d8394f24926b
nearest_only_50m,leave_city_out,rochester,M2,0,"{""max_depth"": 2, ""reg_lambda"": 10}",MEAN,0.5432071296936201,1163,1163,566b48ff0ff88800a77fd1aa0670f084181be443c320f83f3a0189e2aa67d26d,
nearest_only_50m,leave_city_out,rochester,M2,1,"{""max_depth"": 2, ""reg_lambda"": 1}",0,0.18192720938798113,1073,85,7f0f18459696577fc6f1bef5ec01ac3903fe8980f370a669c39609e27c6f6285,a08aae971d36119e88159fb2bc2a023e97a48222682fd74656303efcb37c1133
nearest_only_50m,leave_city_out,rochester,M2,1,"{""max_depth"": 2, ""reg_lambda"": 1}",1,0.6841173306197954,633,473,8eaa7b5a3d80ec44fc9bc7149845fa63563319a4388f90316d589be11fc22238,7e86f55b9aded5a04a8d086ebadfe9aa4fab584a501d0bcef3b6c1a09300b28f
nearest_only_50m,leave_city_out,rochester,M2,1,"{""max_depth"": 2, ""reg_lambda"": 1}",2,0.5119862055727485,906,226,39a293a8bb8266f15542023b91b4086afd6b4b647187b855182be129664a4477,1bf36cf2f0fbda4789915d1de30950c1b3be47bd8a1e6f3681c08a755bfc871d
nearest_only_50m,leave_city_out,rochester,M2,1,"{""max_depth"": 2, ""reg_lambda"": 1}",3,0.7275389900498035,984,141,b1cebb051688ab4b4971132f4183c70f371c36b1d79c126429f74ea8e72a4d1e,149197e5fa72e48c82d7d99d1a07fb70a032d2a99b45962a60009dff629e6060
nearest_only_50m,leave_city_out,rochester,M2,1,"{""max_depth"": 2, ""reg_lambda"": 1}",4,0.6048078160991959,914,238,f0fe70c73667b75ef63e488f6c2e1a3dc188ca42928198ec8c7716463cd43b31,e4349262ae92e0c3c6e2b83af094d74f382af17820f75b3797f4d8394f24926b
nearest_only_50m,leave_city_out,rochester,M2,1,"{""max_depth"": 2, ""reg_lambda"": 1}",MEAN,0.542075510345905,1163,1163,566b48ff0ff88800a77fd1aa0670f084181be443c320f83f3a0189e2aa67d26d,
nearest_only_50m,leave_city_out,rochester,M2,2,"{""max_depth"": 3, ""reg_lambda"": 10}",0,0.2135027057796448,1073,85,7f0f18459696577fc6f1bef5ec01ac3903fe8980f370a669c39609e27c6f6285,a08aae971d36119e88159fb2bc2a023e97a48222682fd74656303efcb37c1133
nearest_only_50m,leave_city_out,rochester,M2,2,"{""max_depth"": 3, ""reg_lambda"": 10}",1,0.6347753267238809,633,473,8eaa7b5a3d80ec44fc9bc7149845fa63563319a4388f90316d589be11fc22238,7e86f55b9aded5a04a8d086ebadfe9aa4fab584a501d0bcef3b6c1a09300b28f
nearest_only_50m,leave_city_out,rochester,M2,2,"{""max_depth"": 3, ""reg_lambda"": 10}",2,0.5128889576081781,906,226,39a293a8bb8266f15542023b91b4086afd6b4b647187b855182be129664a4477,1bf36cf2f0fbda4789915d1de30950c1b3be47bd8a1e6f3681c08a755bfc871d
nearest_only_50m,leave_city_out,rochester,M2,2,"{""max_depth"": 3, ""reg_lambda"": 10}",3,0.7197284611381007,984,141,b1cebb051688ab4b4971132f4183c70f371c36b1d79c126429f74ea8e72a4d1e,149197e5fa72e48c82d7d99d1a07fb70a032d2a99b45962a60009dff629e6060
nearest_only_50m,leave_city_out,rochester,M2,2,"{""max_depth"": 3, ""reg_lambda"": 10}",4,0.6091065335066688,914,238,f0fe70c73667b75ef63e488f6c2e1a3dc188ca42928198ec8c7716463cd43b31,e4349262ae92e0c3c6e2b83af094d74f382af17820f75b3797f4d8394f24926b
nearest_only_50m,leave_city_out,rochester,M2,2,"{""max_depth"": 3, ""reg_lambda"": 10}",MEAN,0.5380003969512946,1163,1163,566b48ff0ff88800a77fd1aa0670f084181be443c320f83f3a0189e2aa67d26d,
nearest_only_50m,leave_city_out,rochester,M2,3,"{""max_depth"": 3, ""reg_lambda"": 1}",0,0.1943221188597117,1073,85,7f0f18459696577fc6f1bef5ec01ac3903fe8980f370a669c39609e27c6f6285,a08aae971d36119e88159fb2bc2a023e97a48222682fd74656303efcb37c1133
nearest_only_50m,leave_city_out,rochester,M2,3,"{""max_depth"": 3, ""reg_lambda"": 1}",1,0.6471159027829608,633,473,8eaa7b5a3d80ec44fc9bc7149845fa63563319a4388f90316d589be11fc22238,7e86f55b9aded5a04a8d086ebadfe9aa4fab584a501d0bcef3b6c1a09300b28f
nearest_only_50m,leave_city_out,rochester,M2,3,"{""max_depth"": 3, ""reg_lambda"": 1}",2,0.4975883142423014,906,226,39a293a8bb8266f15542023b91b4086afd6b4b647187b855182be129664a4477,1bf36cf2f0fbda4789915d1de30950c1b3be47bd8a1e6f3681c08a755bfc871d
nearest_only_50m,leave_city_out,rochester,M2,3,"{""max_depth"": 3, ""reg_lambda"": 1}",3,0.7456557832575166,984,141,b1cebb051688ab4b4971132f4183c70f371c36b1d79c126429f74ea8e72a4d1e,149197e5fa72e48c82d7d99d1a07fb70a032d2a99b45962a60009dff629e6060
nearest_only_50m,leave_city_out,rochester,M2,3,"{""max_depth"": 3, ""reg_lambda"": 1}",4,0.5945293629017274,914,238,f0fe70c73667b75ef63e488f6c2e1a3dc188ca42928198ec8c7716463cd43b31,e4349262ae92e0c3c6e2b83af094d74f382af17820f75b3797f4d8394f24926b
nearest_only_50m,leave_city_out,rochester,M2,3,"{""max_depth"": 3, ""reg_lambda"": 1}",MEAN,0.5358422964088436,1163,1163,566b48ff0ff88800a77fd1aa0670f084181be443c320f83f3a0189e2aa67d26d,
report_cutoff_background,spatial,fold_0,M0,0,{},1,0.7387781905946823,569,477,17a5e53f46233dee377aeb2380eccf49461b3e71e55404caf0ffa601fa8b7075,f1293a4fca746c51f3c850a27fba5af34e647aad2430ec33864785b33a581f6b
report_cutoff_background,spatial,fold_0,M0,0,{},2,0.5867389078808652,831,237,261455e102f6b71a18175b741422522ebe18e3b42b0fcbd953431f770d3ec3d0,efe591227166b872ea94a8c660e07c097d02b84086b60bc72a4108c9816dc163
report_cutoff_background,spatial,fold_0,M0,0,{},3,0.7915160293098874,920,144,48b82b19bb788aff6c957b8ebbf3fd4a70ad0d6145a35258dcfbf5955f100073,ab3d116292cbaaabc1d797bfeca851bfa8627583ac8879964e65d3733c180e92
report_cutoff_background,spatial,fold_0,M0,0,{},4,0.7177566313716568,846,242,2502cf0c9925b967146d29e9f184ea853b641463de27b4e304a442eb558b5159,4df90deeb1a597a40e203989aae9cc0bf6fb7a993b92957260993e8d2f86756d
report_cutoff_background,spatial,fold_0,M0,0,{},MEAN,0.7086974397892729,1100,1100,9bfb63a9b4e11d73994a2a418af4f3916a2b9145d3378cf0dc797c31216db51b,
report_cutoff_background,spatial,fold_0,M1,0,"{""C"": 0.1}",1,0.7603301675908639,569,477,17a5e53f46233dee377aeb2380eccf49461b3e71e55404caf0ffa601fa8b7075,f1293a4fca746c51f3c850a27fba5af34e647aad2430ec33864785b33a581f6b
report_cutoff_background,spatial,fold_0,M1,0,"{""C"": 0.1}",2,0.6282009641179909,831,237,261455e102f6b71a18175b741422522ebe18e3b42b0fcbd953431f770d3ec3d0,efe591227166b872ea94a8c660e07c097d02b84086b60bc72a4108c9816dc163
report_cutoff_background,spatial,fold_0,M1,0,"{""C"": 0.1}",3,0.8063737484000261,920,144,48b82b19bb788aff6c957b8ebbf3fd4a70ad0d6145a35258dcfbf5955f100073,ab3d116292cbaaabc1d797bfeca851bfa8627583ac8879964e65d3733c180e92
report_cutoff_background,spatial,fold_0,M1,0,"{""C"": 0.1}",4,0.7228120824411755,846,242,2502cf0c9925b967146d29e9f184ea853b641463de27b4e304a442eb558b5159,4df90deeb1a597a40e203989aae9cc0bf6fb7a993b92957260993e8d2f86756d
report_cutoff_background,spatial,fold_0,M1,0,"{""C"": 0.1}",MEAN,0.7294292406375141,1100,1100,9bfb63a9b4e11d73994a2a418af4f3916a2b9145d3378cf0dc797c31216db51b,
report_cutoff_background,spatial,fold_0,M1,1,"{""C"": 1.0}",1,0.7657866949177164,569,477,17a5e53f46233dee377aeb2380eccf49461b3e71e55404caf0ffa601fa8b7075,f1293a4fca746c51f3c850a27fba5af34e647aad2430ec33864785b33a581f6b
report_cutoff_background,spatial,fold_0,M1,1,"{""C"": 1.0}",2,0.6188494374906807,831,237,261455e102f6b71a18175b741422522ebe18e3b42b0fcbd953431f770d3ec3d0,efe591227166b872ea94a8c660e07c097d02b84086b60bc72a4108c9816dc163
report_cutoff_background,spatial,fold_0,M1,1,"{""C"": 1.0}",3,0.8065553945213345,920,144,48b82b19bb788aff6c957b8ebbf3fd4a70ad0d6145a35258dcfbf5955f100073,ab3d116292cbaaabc1d797bfeca851bfa8627583ac8879964e65d3733c180e92
report_cutoff_background,spatial,fold_0,M1,1,"{""C"": 1.0}",4,0.7188966759042651,846,242,2502cf0c9925b967146d29e9f184ea853b641463de27b4e304a442eb558b5159,4df90deeb1a597a40e203989aae9cc0bf6fb7a993b92957260993e8d2f86756d
report_cutoff_background,spatial,fold_0,M1,1,"{""C"": 1.0}",MEAN,0.7275220507084992,1100,1100,9bfb63a9b4e11d73994a2a418af4f3916a2b9145d3378cf0dc797c31216db51b,
report_cutoff_background,spatial,fold_0,M1,2,"{""C"": 10.0}",1,0.7668545164862974,569,477,17a5e53f46233dee377aeb2380eccf49461b3e71e55404caf0ffa601fa8b7075,f1293a4fca746c51f3c850a27fba5af34e647aad2430ec33864785b33a581f6b
report_cutoff_background,spatial,fold_0,M1,2,"{""C"": 10.0}",2,0.617271308204194,831,237,261455e102f6b71a18175b741422522ebe18e3b42b0fcbd953431f770d3ec3d0,efe591227166b872ea94a8c660e07c097d02b84086b60bc72a4108c9816dc163
report_cutoff_background,spatial,fold_0,M1,2,"{""C"": 10.0}",3,0.8068085849733897,920,144,48b82b19bb788aff6c957b8ebbf3fd4a70ad0d6145a35258dcfbf5955f100073,ab3d116292cbaaabc1d797bfeca851bfa8627583ac8879964e65d3733c180e92
report_cutoff_background,spatial,fold_0,M1,2,"{""C"": 10.0}",4,0.7185433146588744,846,242,2502cf0c9925b967146d29e9f184ea853b641463de27b4e304a442eb558b5159,4df90deeb1a597a40e203989aae9cc0bf6fb7a993b92957260993e8d2f86756d
report_cutoff_background,spatial,fold_0,M1,2,"{""C"": 10.0}",MEAN,0.7273694310806889,1100,1100,9bfb63a9b4e11d73994a2a418af4f3916a2b9145d3378cf0dc797c31216db51b,
report_cutoff_background,spatial,fold_0,M2,0,"{""max_depth"": 2, ""reg_lambda"": 10}",1,0.7466209502619002,569,477,17a5e53f46233dee377aeb2380eccf49461b3e71e55404caf0ffa601fa8b7075,f1293a4fca746c51f3c850a27fba5af34e647aad2430ec33864785b33a581f6b
report_cutoff_background,spatial,fold_0,M2,0,"{""max_depth"": 2, ""reg_lambda"": 10}",2,0.6318160449064901,831,237,261455e102f6b71a18175b741422522ebe18e3b42b0fcbd953431f770d3ec3d0,efe591227166b872ea94a8c660e07c097d02b84086b60bc72a4108c9816dc163
report_cutoff_background,spatial,fold_0,M2,0,"{""max_depth"": 2, ""reg_lambda"": 10}",3,0.8145656432929907,920,144,48b82b19bb788aff6c957b8ebbf3fd4a70ad0d6145a35258dcfbf5955f100073,ab3d116292cbaaabc1d797bfeca851bfa8627583ac8879964e65d3733c180e92
report_cutoff_background,spatial,fold_0,M2,0,"{""max_depth"": 2, ""reg_lambda"": 10}",4,0.7304987989783376,846,242,2502cf0c9925b967146d29e9f184ea853b641463de27b4e304a442eb558b5159,4df90deeb1a597a40e203989aae9cc0bf6fb7a993b92957260993e8d2f86756d
report_cutoff_background,spatial,fold_0,M2,0,"{""max_depth"": 2, ""reg_lambda"": 10}",MEAN,0.7308753593599296,1100,1100,9bfb63a9b4e11d73994a2a418af4f3916a2b9145d3378cf0dc797c31216db51b,
report_cutoff_background,spatial,fold_0,M2,1,"{""max_depth"": 2, ""reg_lambda"": 1}",1,0.7671672314592586,569,477,17a5e53f46233dee377aeb2380eccf49461b3e71e55404caf0ffa601fa8b7075,f1293a4fca746c51f3c850a27fba5af34e647aad2430ec33864785b33a581f6b
report_cutoff_background,spatial,fold_0,M2,1,"{""max_depth"": 2, ""reg_lambda"": 1}",2,0.6281851204135898,831,237,261455e102f6b71a18175b741422522ebe18e3b42b0fcbd953431f770d3ec3d0,efe591227166b872ea94a8c660e07c097d02b84086b60bc72a4108c9816dc163
report_cutoff_background,spatial,fold_0,M2,1,"{""max_depth"": 2, ""reg_lambda"": 1}",3,0.8121705717101835,920,144,48b82b19bb788aff6c957b8ebbf3fd4a70ad0d6145a35258dcfbf5955f100073,ab3d116292cbaaabc1d797bfeca851bfa8627583ac8879964e65d3733c180e92
report_cutoff_background,spatial,fold_0,M2,1,"{""max_depth"": 2, ""reg_lambda"": 1}",4,0.7402478180344683,846,242,2502cf0c9925b967146d29e9f184ea853b641463de27b4e304a442eb558b5159,4df90deeb1a597a40e203989aae9cc0bf6fb7a993b92957260993e8d2f86756d
report_cutoff_background,spatial,fold_0,M2,1,"{""max_depth"": 2, ""reg_lambda"": 1}",MEAN,0.736942685404375,1100,1100,9bfb63a9b4e11d73994a2a418af4f3916a2b9145d3378cf0dc797c31216db51b,
report_cutoff_background,spatial,fold_0,M2,2,"{""max_depth"": 3, ""reg_lambda"": 10}",1,0.7202255960818358,569,477,17a5e53f46233dee377aeb2380eccf49461b3e71e55404caf0ffa601fa8b7075,f1293a4fca746c51f3c850a27fba5af34e647aad2430ec33864785b33a581f6b
report_cutoff_background,spatial,fold_0,M2,2,"{""max_depth"": 3, ""reg_lambda"": 10}",2,0.6273833422824309,831,237,261455e102f6b71a18175b741422522ebe18e3b42b0fcbd953431f770d3ec3d0,efe591227166b872ea94a8c660e07c097d02b84086b60bc72a4108c9816dc163
report_cutoff_background,spatial,fold_0,M2,2,"{""max_depth"": 3, ""reg_lambda"": 10}",3,0.8333890905344328,920,144,48b82b19bb788aff6c957b8ebbf3fd4a70ad0d6145a35258dcfbf5955f100073,ab3d116292cbaaabc1d797bfeca851bfa8627583ac8879964e65d3733c180e92
report_cutoff_background,spatial,fold_0,M2,2,"{""max_depth"": 3, ""reg_lambda"": 10}",4,0.7249998231200048,846,242,2502cf0c9925b967146d29e9f184ea853b641463de27b4e304a442eb558b5159,4df90deeb1a597a40e203989aae9cc0bf6fb7a993b92957260993e8d2f86756d
report_cutoff_background,spatial,fold_0,M2,2,"{""max_depth"": 3, ""reg_lambda"": 10}",MEAN,0.7264994630046759,1100,1100,9bfb63a9b4e11d73994a2a418af4f3916a2b9145d3378cf0dc797c31216db51b,
report_cutoff_background,spatial,fold_0,M2,3,"{""max_depth"": 3, ""reg_lambda"": 1}",1,0.7382501158248154,569,477,17a5e53f46233dee377aeb2380eccf49461b3e71e55404caf0ffa601fa8b7075,f1293a4fca746c51f3c850a27fba5af34e647aad2430ec33864785b33a581f6b
report_cutoff_background,spatial,fold_0,M2,3,"{""max_depth"": 3, ""reg_lambda"": 1}",2,0.6316072408740081,831,237,261455e102f6b71a18175b741422522ebe18e3b42b0fcbd953431f770d3ec3d0,efe591227166b872ea94a8c660e07c097d02b84086b60bc72a4108c9816dc163
report_cutoff_background,spatial,fold_0,M2,3,"{""max_depth"": 3, ""reg_lambda"": 1}",3,0.8131139217804718,920,144,48b82b19bb788aff6c957b8ebbf3fd4a70ad0d6145a35258dcfbf5955f100073,ab3d116292cbaaabc1d797bfeca851bfa8627583ac8879964e65d3733c180e92
report_cutoff_background,spatial,fold_0,M2,3,"{""max_depth"": 3, ""reg_lambda"": 1}",4,0.7316803691512486,846,242,2502cf0c9925b967146d29e9f184ea853b641463de27b4e304a442eb558b5159,4df90deeb1a597a40e203989aae9cc0bf6fb7a993b92957260993e8d2f86756d
report_cutoff_background,spatial,fold_0,M2,3,"{""max_depth"": 3, ""reg_lambda"": 1}",MEAN,0.728662911907636,1100,1100,9bfb63a9b4e11d73994a2a418af4f3916a2b9145d3378cf0dc797c31216db51b,
report_cutoff_background,spatial,fold_1,M0,0,{},0,0.2049486461251167,569,84,17a5e53f46233dee377aeb2380eccf49461b3e71e55404caf0ffa601fa8b7075,c71a7a0d4c4c0622319806aa072f6897457234468a65eb5bb258d6120ba2c607
report_cutoff_background,spatial,fold_1,M0,0,{},2,0.5894806812529588,431,221,9984ae049880c31822658ff5ded2f86e69a13ee4ef6f80a00c06c0334547344c,36b493e627f5002bd25109ed081931cbf8127a5f80499314d0ab965d41ef25e0
report_cutoff_background,spatial,fold_1,M0,0,{},3,0.8095381368559643,520,132,47cde922aa0c58cbf104c0f4ecf2bcc5e94aa60dcb5cb61c3d4ed82dfb05a03b,d96cddebe5f965cc7f663e6f1e163296fd9266d8da7158e211de40d2fbe7dc72
report_cutoff_background,spatial,fold_1,M0,0,{},4,0.7317249058600606,435,217,3b40e02385fe9b6f5ebc9a6df92628cb8f07d33ec70bc765a488943854472642,352446c1a79a8f44ed254cf6e0decfd3c785fde5b13665bed51ee7a52fa3c3df
report_cutoff_background,spatial,fold_1,M0,0,{},MEAN,0.5839230925235251,654,654,5cc671ec6dd57e54e630fbf5cc24746673f6addddd356e41a63cfb30655c1d6a,
report_cutoff_background,spatial,fold_1,M1,0,"{""C"": 0.1}",0,0.2874189819779203,569,84,17a5e53f46233dee377aeb2380eccf49461b3e71e55404caf0ffa601fa8b7075,c71a7a0d4c4c0622319806aa072f6897457234468a65eb5bb258d6120ba2c607
report_cutoff_background,spatial,fold_1,M1,0,"{""C"": 0.1}",2,0.6052687555003153,431,221,9984ae049880c31822658ff5ded2f86e69a13ee4ef6f80a00c06c0334547344c,36b493e627f5002bd25109ed081931cbf8127a5f80499314d0ab965d41ef25e0
report_cutoff_background,spatial,fold_1,M1,0,"{""C"": 0.1}",3,0.8053518358668035,520,132,47cde922aa0c58cbf104c0f4ecf2bcc5e94aa60dcb5cb61c3d4ed82dfb05a03b,d96cddebe5f965cc7f663e6f1e163296fd9266d8da7158e211de40d2fbe7dc72
report_cutoff_background,spatial,fold_1,M1,0,"{""C"": 0.1}",4,0.7242266440187299,435,217,3b40e02385fe9b6f5ebc9a6df92628cb8f07d33ec70bc765a488943854472642,352446c1a79a8f44ed254cf6e0decfd3c785fde5b13665bed51ee7a52fa3c3df
report_cutoff_background,spatial,fold_1,M1,0,"{""C"": 0.1}",MEAN,0.6055665543409423,654,654,5cc671ec6dd57e54e630fbf5cc24746673f6addddd356e41a63cfb30655c1d6a,
report_cutoff_background,spatial,fold_1,M1,1,"{""C"": 1.0}",0,0.28852645041977243,569,84,17a5e53f46233dee377aeb2380eccf49461b3e71e55404caf0ffa601fa8b7075,c71a7a0d4c4c0622319806aa072f6897457234468a65eb5bb258d6120ba2c607
report_cutoff_background,spatial,fold_1,M1,1,"{""C"": 1.0}",2,0.579488606692609,431,221,9984ae049880c31822658ff5ded2f86e69a13ee4ef6f80a00c06c0334547344c,36b493e627f5002bd25109ed081931cbf8127a5f80499314d0ab965d41ef25e0
report_cutoff_background,spatial,fold_1,M1,1,"{""C"": 1.0}",3,0.8088116990308554,520,132,47cde922aa0c58cbf104c0f4ecf2bcc5e94aa60dcb5cb61c3d4ed82dfb05a03b,d96cddebe5f965cc7f663e6f1e163296fd9266d8da7158e211de40d2fbe7dc72
report_cutoff_background,spatial,fold_1,M1,1,"{""C"": 1.0}",4,0.7084017367933709,435,217,3b40e02385fe9b6f5ebc9a6df92628cb8f07d33ec70bc765a488943854472642,352446c1a79a8f44ed254cf6e0decfd3c785fde5b13665bed51ee7a52fa3c3df
report_cutoff_background,spatial,fold_1,M1,1,"{""C"": 1.0}",MEAN,0.5963071232341519,654,654,5cc671ec6dd57e54e630fbf5cc24746673f6addddd356e41a63cfb30655c1d6a,
report_cutoff_background,spatial,fold_1,M1,2,"{""C"": 10.0}",0,0.28489008678340877,569,84,17a5e53f46233dee377aeb2380eccf49461b3e71e55404caf0ffa601fa8b7075,c71a7a0d4c4c0622319806aa072f6897457234468a65eb5bb258d6120ba2c607
report_cutoff_background,spatial,fold_1,M1,2,"{""C"": 10.0}",2,0.5737498707425688,431,221,9984ae049880c31822658ff5ded2f86e69a13ee4ef6f80a00c06c0334547344c,36b493e627f5002bd25109ed081931cbf8127a5f80499314d0ab965d41ef25e0
report_cutoff_background,spatial,fold_1,M1,2,"{""C"": 10.0}",3,0.8088702250069444,520,132,47cde922aa0c58cbf104c0f4ecf2bcc5e94aa60dcb5cb61c3d4ed82dfb05a03b,d96cddebe5f965cc7f663e6f1e163296fd9266d8da7158e211de40d2fbe7dc72
report_cutoff_background,spatial,fold_1,M1,2,"{""C"": 10.0}",4,0.7067586202626978,435,217,3b40e02385fe9b6f5ebc9a6df92628cb8f07d33ec70bc765a488943854472642,352446c1a79a8f44ed254cf6e0decfd3c785fde5b13665bed51ee7a52fa3c3df
report_cutoff_background,spatial,fold_1,M1,2,"{""C"": 10.0}",MEAN,0.5935672006989049,654,654,5cc671ec6dd57e54e630fbf5cc24746673f6addddd356e41a63cfb30655c1d6a,
report_cutoff_background,spatial,fold_1,M2,0,"{""max_depth"": 2, ""reg_lambda"": 10}",0,0.3121747797483428,569,84,17a5e53f46233dee377aeb2380eccf49461b3e71e55404caf0ffa601fa8b7075,c71a7a0d4c4c0622319806aa072f6897457234468a65eb5bb258d6120ba2c607
report_cutoff_background,spatial,fold_1,M2,0,"{""max_depth"": 2, ""reg_lambda"": 10}",2,0.5879898727648639,431,221,9984ae049880c31822658ff5ded2f86e69a13ee4ef6f80a00c06c0334547344c,36b493e627f5002bd25109ed081931cbf8127a5f80499314d0ab965d41ef25e0
report_cutoff_background,spatial,fold_1,M2,0,"{""max_depth"": 2, ""reg_lambda"": 10}",3,0.8363613073321019,520,132,47cde922aa0c58cbf104c0f4ecf2bcc5e94aa60dcb5cb61c3d4ed82dfb05a03b,d96cddebe5f965cc7f663e6f1e163296fd9266d8da7158e211de40d2fbe7dc72
report_cutoff_background,spatial,fold_1,M2,0,"{""max_depth"": 2, ""reg_lambda"": 10}",4,0.7241643787306475,435,217,3b40e02385fe9b6f5ebc9a6df92628cb8f07d33ec70bc765a488943854472642,352446c1a79a8f44ed254cf6e0decfd3c785fde5b13665bed51ee7a52fa3c3df
report_cutoff_background,spatial,fold_1,M2,0,"{""max_depth"": 2, ""reg_lambda"": 10}",MEAN,0.615172584643989,654,654,5cc671ec6dd57e54e630fbf5cc24746673f6addddd356e41a63cfb30655c1d6a,
report_cutoff_background,spatial,fold_1,M2,1,"{""max_depth"": 2, ""reg_lambda"": 1}",0,0.2510519587764763,569,84,17a5e53f46233dee377aeb2380eccf49461b3e71e55404caf0ffa601fa8b7075,c71a7a0d4c4c0622319806aa072f6897457234468a65eb5bb258d6120ba2c607
report_cutoff_background,spatial,fold_1,M2,1,"{""max_depth"": 2, ""reg_lambda"": 1}",2,0.5857547735253461,431,221,9984ae049880c31822658ff5ded2f86e69a13ee4ef6f80a00c06c0334547344c,36b493e627f5002bd25109ed081931cbf8127a5f80499314d0ab965d41ef25e0
report_cutoff_background,spatial,fold_1,M2,1,"{""max_depth"": 2, ""reg_lambda"": 1}",3,0.8562672641793005,520,132,47cde922aa0c58cbf104c0f4ecf2bcc5e94aa60dcb5cb61c3d4ed82dfb05a03b,d96cddebe5f965cc7f663e6f1e163296fd9266d8da7158e211de40d2fbe7dc72
report_cutoff_background,spatial,fold_1,M2,1,"{""max_depth"": 2, ""reg_lambda"": 1}",4,0.7222220587755921,435,217,3b40e02385fe9b6f5ebc9a6df92628cb8f07d33ec70bc765a488943854472642,352446c1a79a8f44ed254cf6e0decfd3c785fde5b13665bed51ee7a52fa3c3df
report_cutoff_background,spatial,fold_1,M2,1,"{""max_depth"": 2, ""reg_lambda"": 1}",MEAN,0.6038240138141788,654,654,5cc671ec6dd57e54e630fbf5cc24746673f6addddd356e41a63cfb30655c1d6a,
report_cutoff_background,spatial,fold_1,M2,2,"{""max_depth"": 3, ""reg_lambda"": 10}",0,0.2780119653497596,569,84,17a5e53f46233dee377aeb2380eccf49461b3e71e55404caf0ffa601fa8b7075,c71a7a0d4c4c0622319806aa072f6897457234468a65eb5bb258d6120ba2c607
report_cutoff_background,spatial,fold_1,M2,2,"{""max_depth"": 3, ""reg_lambda"": 10}",2,0.5876289583532475,431,221,9984ae049880c31822658ff5ded2f86e69a13ee4ef6f80a00c06c0334547344c,36b493e627f5002bd25109ed081931cbf8127a5f80499314d0ab965d41ef25e0
report_cutoff_background,spatial,fold_1,M2,2,"{""max_depth"": 3, ""reg_lambda"": 10}",3,0.8380230556683566,520,132,47cde922aa0c58cbf104c0f4ecf2bcc5e94aa60dcb5cb61c3d4ed82dfb05a03b,d96cddebe5f965cc7f663e6f1e163296fd9266d8da7158e211de40d2fbe7dc72
report_cutoff_background,spatial,fold_1,M2,2,"{""max_depth"": 3, ""reg_lambda"": 10}",4,0.6949372373676347,435,217,3b40e02385fe9b6f5ebc9a6df92628cb8f07d33ec70bc765a488943854472642,352446c1a79a8f44ed254cf6e0decfd3c785fde5b13665bed51ee7a52fa3c3df
report_cutoff_background,spatial,fold_1,M2,2,"{""max_depth"": 3, ""reg_lambda"": 10}",MEAN,0.5996503041847496,654,654,5cc671ec6dd57e54e630fbf5cc24746673f6addddd356e41a63cfb30655c1d6a,
report_cutoff_background,spatial,fold_1,M2,3,"{""max_depth"": 3, ""reg_lambda"": 1}",0,0.2917903091060986,569,84,17a5e53f46233dee377aeb2380eccf49461b3e71e55404caf0ffa601fa8b7075,c71a7a0d4c4c0622319806aa072f6897457234468a65eb5bb258d6120ba2c607
report_cutoff_background,spatial,fold_1,M2,3,"{""max_depth"": 3, ""reg_lambda"": 1}",2,0.5913928028615963,431,221,9984ae049880c31822658ff5ded2f86e69a13ee4ef6f80a00c06c0334547344c,36b493e627f5002bd25109ed081931cbf8127a5f80499314d0ab965d41ef25e0
report_cutoff_background,spatial,fold_1,M2,3,"{""max_depth"": 3, ""reg_lambda"": 1}",3,0.8538584437882417,520,132,47cde922aa0c58cbf104c0f4ecf2bcc5e94aa60dcb5cb61c3d4ed82dfb05a03b,d96cddebe5f965cc7f663e6f1e163296fd9266d8da7158e211de40d2fbe7dc72
report_cutoff_background,spatial,fold_1,M2,3,"{""max_depth"": 3, ""reg_lambda"": 1}",4,0.7161271609106886,435,217,3b40e02385fe9b6f5ebc9a6df92628cb8f07d33ec70bc765a488943854472642,352446c1a79a8f44ed254cf6e0decfd3c785fde5b13665bed51ee7a52fa3c3df
report_cutoff_background,spatial,fold_1,M2,3,"{""max_depth"": 3, ""reg_lambda"": 1}",MEAN,0.6132921791666563,654,654,5cc671ec6dd57e54e630fbf5cc24746673f6addddd356e41a63cfb30655c1d6a,
report_cutoff_background,spatial,fold_2,M0,0,{},0,0.19681865301010953,831,87,261455e102f6b71a18175b741422522ebe18e3b42b0fcbd953431f770d3ec3d0,1b007a7cb3fa76db95ea07a6344fb8360ed65faa97dee961fd8b766403cefe5b
report_cutoff_background,spatial,fold_2,M0,0,{},1,0.7328522209477113,431,451,9984ae049880c31822658ff5ded2f86e69a13ee4ef6f80a00c06c0334547344c,e79cf4b4fe480f622965aebf5468b6e1f815d4f18c2a9f11bb9a2e5c05e7b790
report_cutoff_background,spatial,fold_2,M0,0,{},3,0.7906761271538437,740,145,720050c25cbfb69702a7023b7ee415ecdec26de7b0db661bd83511178408a775,2633b81347d801bceea5e86855860f8b6cf60edced61f327f877562e56330259
report_cutoff_background,spatial,fold_2,M0,0,{},4,0.7188632117280622,673,240,056aacc1c4b7bdf9197555be3fe2666c7e200f9da60c4fbeedc38e22e5e9b6be,40e9dfc1ede69502c3333f7ce1078e733bcd7061ad3bc22d880aee98e40f0412
report_cutoff_background,spatial,fold_2,M0,0,{},MEAN,0.6098025532099316,923,923,e33186184b30c3d883ed761e9c113a7ba846b6bd68f60db2c70b60b7f0857ad9,
report_cutoff_background,spatial,fold_2,M1,0,"{""C"": 0.1}",0,0.2589543583351633,831,87,261455e102f6b71a18175b741422522ebe18e3b42b0fcbd953431f770d3ec3d0,1b007a7cb3fa76db95ea07a6344fb8360ed65faa97dee961fd8b766403cefe5b
report_cutoff_background,spatial,fold_2,M1,0,"{""C"": 0.1}",1,0.7697159111274605,431,451,9984ae049880c31822658ff5ded2f86e69a13ee4ef6f80a00c06c0334547344c,e79cf4b4fe480f622965aebf5468b6e1f815d4f18c2a9f11bb9a2e5c05e7b790
report_cutoff_background,spatial,fold_2,M1,0,"{""C"": 0.1}",3,0.8091320046365654,740,145,720050c25cbfb69702a7023b7ee415ecdec26de7b0db661bd83511178408a775,2633b81347d801bceea5e86855860f8b6cf60edced61f327f877562e56330259
report_cutoff_background,spatial,fold_2,M1,0,"{""C"": 0.1}",4,0.7194080023409083,673,240,056aacc1c4b7bdf9197555be3fe2666c7e200f9da60c4fbeedc38e22e5e9b6be,40e9dfc1ede69502c3333f7ce1078e733bcd7061ad3bc22d880aee98e40f0412
report_cutoff_background,spatial,fold_2,M1,0,"{""C"": 0.1}",MEAN,0.6393025691100244,923,923,e33186184b30c3d883ed761e9c113a7ba846b6bd68f60db2c70b60b7f0857ad9,
report_cutoff_background,spatial,fold_2,M1,1,"{""C"": 1.0}",0,0.2422957897661125,831,87,261455e102f6b71a18175b741422522ebe18e3b42b0fcbd953431f770d3ec3d0,1b007a7cb3fa76db95ea07a6344fb8360ed65faa97dee961fd8b766403cefe5b
report_cutoff_background,spatial,fold_2,M1,1,"{""C"": 1.0}",1,0.7741780381329082,431,451,9984ae049880c31822658ff5ded2f86e69a13ee4ef6f80a00c06c0334547344c,e79cf4b4fe480f622965aebf5468b6e1f815d4f18c2a9f11bb9a2e5c05e7b790
report_cutoff_background,spatial,fold_2,M1,1,"{""C"": 1.0}",3,0.8119842576559924,740,145,720050c25cbfb69702a7023b7ee415ecdec26de7b0db661bd83511178408a775,2633b81347d801bceea5e86855860f8b6cf60edced61f327f877562e56330259
report_cutoff_background,spatial,fold_2,M1,1,"{""C"": 1.0}",4,0.7151661668069073,673,240,056aacc1c4b7bdf9197555be3fe2666c7e200f9da60c4fbeedc38e22e5e9b6be,40e9dfc1ede69502c3333f7ce1078e733bcd7061ad3bc22d880aee98e40f0412
report_cutoff_background,spatial,fold_2,M1,1,"{""C"": 1.0}",MEAN,0.63590606309048,923,923,e33186184b30c3d883ed761e9c113a7ba846b6bd68f60db2c70b60b7f0857ad9,
report_cutoff_background,spatial,fold_2,M1,2,"{""C"": 10.0}",0,0.23511528910735097,831,87,261455e102f6b71a18175b741422522ebe18e3b42b0fcbd953431f770d3ec3d0,1b007a7cb3fa76db95ea07a6344fb8360ed65faa97dee961fd8b766403cefe5b
report_cutoff_background,spatial,fold_2,M1,2,"{""C"": 10.0}",1,0.7733362228199082,431,451,9984ae049880c31822658ff5ded2f86e69a13ee4ef6f80a00c06c0334547344c,e79cf4b4fe480f622965aebf5468b6e1f815d4f18c2a9f11bb9a2e5c05e7b790
report_cutoff_background,spatial,fold_2,M1,2,"{""C"": 10.0}",3,0.8114850555656241,740,145,720050c25cbfb69702a7023b7ee415ecdec26de7b0db661bd83511178408a775,2633b81347d801bceea5e86855860f8b6cf60edced61f327f877562e56330259
report_cutoff_background,spatial,fold_2,M1,2,"{""C"": 10.0}",4,0.7142715386298919,673,240,056aacc1c4b7bdf9197555be3fe2666c7e200f9da60c4fbeedc38e22e5e9b6be,40e9dfc1ede69502c3333f7ce1078e733bcd7061ad3bc22d880aee98e40f0412
report_cutoff_background,spatial,fold_2,M1,2,"{""C"": 10.0}",MEAN,0.6335520265306938,923,923,e33186184b30c3d883ed761e9c113a7ba846b6bd68f60db2c70b60b7f0857ad9,
report_cutoff_background,spatial,fold_2,M2,0,"{""max_depth"": 2, ""reg_lambda"": 10}",0,0.26165636288246974,831,87,261455e102f6b71a18175b741422522ebe18e3b42b0fcbd953431f770d3ec3d0,1b007a7cb3fa76db95ea07a6344fb8360ed65faa97dee961fd8b766403cefe5b
report_cutoff_background,spatial,fold_2,M2,0,"{""max_depth"": 2, ""reg_lambda"": 10}",1,0.7123523493234991,431,451,9984ae049880c31822658ff5ded2f86e69a13ee4ef6f80a00c06c0334547344c,e79cf4b4fe480f622965aebf5468b6e1f815d4f18c2a9f11bb9a2e5c05e7b790
report_cutoff_background,spatial,fold_2,M2,0,"{""max_depth"": 2, ""reg_lambda"": 10}",3,0.8198387945349201,740,145,720050c25cbfb69702a7023b7ee415ecdec26de7b0db661bd83511178408a775,2633b81347d801bceea5e86855860f8b6cf60edced61f327f877562e56330259
report_cutoff_background,spatial,fold_2,M2,0,"{""max_depth"": 2, ""reg_lambda"": 10}",4,0.7059807696312145,673,240,056aacc1c4b7bdf9197555be3fe2666c7e200f9da60c4fbeedc38e22e5e9b6be,40e9dfc1ede69502c3333f7ce1078e733bcd7061ad3bc22d880aee98e40f0412
report_cutoff_background,spatial,fold_2,M2,0,"{""max_depth"": 2, ""reg_lambda"": 10}",MEAN,0.6249570690930258,923,923,e33186184b30c3d883ed761e9c113a7ba846b6bd68f60db2c70b60b7f0857ad9,
report_cutoff_background,spatial,fold_2,M2,1,"{""max_depth"": 2, ""reg_lambda"": 1}",0,0.2974646108961432,831,87,261455e102f6b71a18175b741422522ebe18e3b42b0fcbd953431f770d3ec3d0,1b007a7cb3fa76db95ea07a6344fb8360ed65faa97dee961fd8b766403cefe5b
report_cutoff_background,spatial,fold_2,M2,1,"{""max_depth"": 2, ""reg_lambda"": 1}",1,0.7175554142887784,431,451,9984ae049880c31822658ff5ded2f86e69a13ee4ef6f80a00c06c0334547344c,e79cf4b4fe480f622965aebf5468b6e1f815d4f18c2a9f11bb9a2e5c05e7b790
report_cutoff_background,spatial,fold_2,M2,1,"{""max_depth"": 2, ""reg_lambda"": 1}",3,0.8445120726663402,740,145,720050c25cbfb69702a7023b7ee415ecdec26de7b0db661bd83511178408a775,2633b81347d801bceea5e86855860f8b6cf60edced61f327f877562e56330259
report_cutoff_background,spatial,fold_2,M2,1,"{""max_depth"": 2, ""reg_lambda"": 1}",4,0.701363142301811,673,240,056aacc1c4b7bdf9197555be3fe2666c7e200f9da60c4fbeedc38e22e5e9b6be,40e9dfc1ede69502c3333f7ce1078e733bcd7061ad3bc22d880aee98e40f0412
report_cutoff_background,spatial,fold_2,M2,1,"{""max_depth"": 2, ""reg_lambda"": 1}",MEAN,0.6402238100382682,923,923,e33186184b30c3d883ed761e9c113a7ba846b6bd68f60db2c70b60b7f0857ad9,
report_cutoff_background,spatial,fold_2,M2,2,"{""max_depth"": 3, ""reg_lambda"": 10}",0,0.25286009162294515,831,87,261455e102f6b71a18175b741422522ebe18e3b42b0fcbd953431f770d3ec3d0,1b007a7cb3fa76db95ea07a6344fb8360ed65faa97dee961fd8b766403cefe5b
report_cutoff_background,spatial,fold_2,M2,2,"{""max_depth"": 3, ""reg_lambda"": 10}",1,0.7085723067056586,431,451,9984ae049880c31822658ff5ded2f86e69a13ee4ef6f80a00c06c0334547344c,e79cf4b4fe480f622965aebf5468b6e1f815d4f18c2a9f11bb9a2e5c05e7b790
report_cutoff_background,spatial,fold_2,M2,2,"{""max_depth"": 3, ""reg_lambda"": 10}",3,0.8431065520547202,740,145,720050c25cbfb69702a7023b7ee415ecdec26de7b0db661bd83511178408a775,2633b81347d801bceea5e86855860f8b6cf60edced61f327f877562e56330259
report_cutoff_background,spatial,fold_2,M2,2,"{""max_depth"": 3, ""reg_lambda"": 10}",4,0.6856717683282951,673,240,056aacc1c4b7bdf9197555be3fe2666c7e200f9da60c4fbeedc38e22e5e9b6be,40e9dfc1ede69502c3333f7ce1078e733bcd7061ad3bc22d880aee98e40f0412
report_cutoff_background,spatial,fold_2,M2,2,"{""max_depth"": 3, ""reg_lambda"": 10}",MEAN,0.6225526796779048,923,923,e33186184b30c3d883ed761e9c113a7ba846b6bd68f60db2c70b60b7f0857ad9,
report_cutoff_background,spatial,fold_2,M2,3,"{""max_depth"": 3, ""reg_lambda"": 1}",0,0.22036832261611533,831,87,261455e102f6b71a18175b741422522ebe18e3b42b0fcbd953431f770d3ec3d0,1b007a7cb3fa76db95ea07a6344fb8360ed65faa97dee961fd8b766403cefe5b
report_cutoff_background,spatial,fold_2,M2,3,"{""max_depth"": 3, ""reg_lambda"": 1}",1,0.7316424033216334,431,451,9984ae049880c31822658ff5ded2f86e69a13ee4ef6f80a00c06c0334547344c,e79cf4b4fe480f622965aebf5468b6e1f815d4f18c2a9f11bb9a2e5c05e7b790
report_cutoff_background,spatial,fold_2,M2,3,"{""max_depth"": 3, ""reg_lambda"": 1}",3,0.851521220886598,740,145,720050c25cbfb69702a7023b7ee415ecdec26de7b0db661bd83511178408a775,2633b81347d801bceea5e86855860f8b6cf60edced61f327f877562e56330259
report_cutoff_background,spatial,fold_2,M2,3,"{""max_depth"": 3, ""reg_lambda"": 1}",4,0.6827890939094153,673,240,056aacc1c4b7bdf9197555be3fe2666c7e200f9da60c4fbeedc38e22e5e9b6be,40e9dfc1ede69502c3333f7ce1078e733bcd7061ad3bc22d880aee98e40f0412
report_cutoff_background,spatial,fold_2,M2,3,"{""max_depth"": 3, ""reg_lambda"": 1}",MEAN,0.6215802601834406,923,923,e33186184b30c3d883ed761e9c113a7ba846b6bd68f60db2c70b60b7f0857ad9,
report_cutoff_background,spatial,fold_3,M0,0,{},0,0.2027142620021877,920,85,48b82b19bb788aff6c957b8ebbf3fd4a70ad0d6145a35258dcfbf5955f100073,9696a640277c78c02707f7658133fe4d7f5a3a503f246511816974633680fc24
report_cutoff_background,spatial,fold_3,M0,0,{},1,0.7352660418787451,520,445,47cde922aa0c58cbf104c0f4ecf2bcc5e94aa60dcb5cb61c3d4ed82dfb05a03b,96f571ad44bee29e95c9f8f7903089317d6826fce3af2883ef15851110501e85
report_cutoff_background,spatial,fold_3,M0,0,{},2,0.5867389078808652,740,237,720050c25cbfb69702a7023b7ee415ecdec26de7b0db661bd83511178408a775,efe591227166b872ea94a8c660e07c097d02b84086b60bc72a4108c9816dc163
report_cutoff_background,spatial,fold_3,M0,0,{},4,0.7177566313716568,755,242,c3a1d26e83b0f46d4d2c753201f9440d43a46c5d22460bf10e8baf3cf55368d5,4df90deeb1a597a40e203989aae9cc0bf6fb7a993b92957260993e8d2f86756d
report_cutoff_background,spatial,fold_3,M0,0,{},MEAN,0.5606189607833637,1009,1009,b5365b5532658f670134c2f57305964647d13c1445cf1e30aed7fa3d3bdcc2e0,
report_cutoff_background,spatial,fold_3,M1,0,"{""C"": 0.1}",0,0.26618802172707673,920,85,48b82b19bb788aff6c957b8ebbf3fd4a70ad0d6145a35258dcfbf5955f100073,9696a640277c78c02707f7658133fe4d7f5a3a503f246511816974633680fc24
report_cutoff_background,spatial,fold_3,M1,0,"{""C"": 0.1}",1,0.7479533691254858,520,445,47cde922aa0c58cbf104c0f4ecf2bcc5e94aa60dcb5cb61c3d4ed82dfb05a03b,96f571ad44bee29e95c9f8f7903089317d6826fce3af2883ef15851110501e85
report_cutoff_background,spatial,fold_3,M1,0,"{""C"": 0.1}",2,0.642093318162368,740,237,720050c25cbfb69702a7023b7ee415ecdec26de7b0db661bd83511178408a775,efe591227166b872ea94a8c660e07c097d02b84086b60bc72a4108c9816dc163
report_cutoff_background,spatial,fold_3,M1,0,"{""C"": 0.1}",4,0.7185347981001436,755,242,c3a1d26e83b0f46d4d2c753201f9440d43a46c5d22460bf10e8baf3cf55368d5,4df90deeb1a597a40e203989aae9cc0bf6fb7a993b92957260993e8d2f86756d
report_cutoff_background,spatial,fold_3,M1,0,"{""C"": 0.1}",MEAN,0.5936923767787685,1009,1009,b5365b5532658f670134c2f57305964647d13c1445cf1e30aed7fa3d3bdcc2e0,
report_cutoff_background,spatial,fold_3,M1,1,"{""C"": 1.0}",0,0.2431087825143123,920,85,48b82b19bb788aff6c957b8ebbf3fd4a70ad0d6145a35258dcfbf5955f100073,9696a640277c78c02707f7658133fe4d7f5a3a503f246511816974633680fc24
report_cutoff_background,spatial,fold_3,M1,1,"{""C"": 1.0}",1,0.7510046524528281,520,445,47cde922aa0c58cbf104c0f4ecf2bcc5e94aa60dcb5cb61c3d4ed82dfb05a03b,96f571ad44bee29e95c9f8f7903089317d6826fce3af2883ef15851110501e85
report_cutoff_background,spatial,fold_3,M1,1,"{""C"": 1.0}",2,0.6265668818903746,740,237,720050c25cbfb69702a7023b7ee415ecdec26de7b0db661bd83511178408a775,efe591227166b872ea94a8c660e07c097d02b84086b60bc72a4108c9816dc163
report_cutoff_background,spatial,fold_3,M1,1,"{""C"": 1.0}",4,0.71360768443882,755,242,c3a1d26e83b0f46d4d2c753201f9440d43a46c5d22460bf10e8baf3cf55368d5,4df90deeb1a597a40e203989aae9cc0bf6fb7a993b92957260993e8d2f86756d
report_cutoff_background,spatial,fold_3,M1,1,"{""C"": 1.0}",MEAN,0.5835720003240837,1009,1009,b5365b5532658f670134c2f57305964647d13c1445cf1e30aed7fa3d3bdcc2e0,
report_cutoff_background,spatial,fold_3,M1,2,"{""C"": 10.0}",0,0.2431087825143123,920,85,48b82b19bb788aff6c957b8ebbf3fd4a70ad0d6145a35258dcfbf5955f100073,9696a640277c78c02707f7658133fe4d7f5a3a503f246511816974633680fc24
report_cutoff_background,spatial,fold_3,M1,2,"{""C"": 10.0}",1,0.7516717418768444,520,445,47cde922aa0c58cbf104c0f4ecf2bcc5e94aa60dcb5cb61c3d4ed82dfb05a03b,96f571ad44bee29e95c9f8f7903089317d6826fce3af2883ef15851110501e85
report_cutoff_background,spatial,fold_3,M1,2,"{""C"": 10.0}",2,0.6248816796940679,740,237,720050c25cbfb69702a7023b7ee415ecdec26de7b0db661bd83511178408a775,efe591227166b872ea94a8c660e07c097d02b84086b60bc72a4108c9816dc163
report_cutoff_background,spatial,fold_3,M1,2,"{""C"": 10.0}",4,0.7127455767734896,755,242,c3a1d26e83b0f46d4d2c753201f9440d43a46c5d22460bf10e8baf3cf55368d5,4df90deeb1a597a40e203989aae9cc0bf6fb7a993b92957260993e8d2f86756d
report_cutoff_background,spatial,fold_3,M1,2,"{""C"": 10.0}",MEAN,0.5831019452146786,1009,1009,b5365b5532658f670134c2f57305964647d13c1445cf1e30aed7fa3d3bdcc2e0,
report_cutoff_background,spatial,fold_3,M2,0,"{""max_depth"": 2, ""reg_lambda"": 10}",0,0.2321988536450139,920,85,48b82b19bb788aff6c957b8ebbf3fd4a70ad0d6145a35258dcfbf5955f100073,9696a640277c78c02707f7658133fe4d7f5a3a503f246511816974633680fc24
report_cutoff_background,spatial,fold_3,M2,0,"{""max_depth"": 2, ""reg_lambda"": 10}",1,0.7227547771202973,520,445,47cde922aa0c58cbf104c0f4ecf2bcc5e94aa60dcb5cb61c3d4ed82dfb05a03b,96f571ad44bee29e95c9f8f7903089317d6826fce3af2883ef15851110501e85
report_cutoff_background,spatial,fold_3,M2,0,"{""max_depth"": 2, ""reg_lambda"": 10}",2,0.6558268290496418,740,237,720050c25cbfb69702a7023b7ee415ecdec26de7b0db661bd83511178408a775,efe591227166b872ea94a8c660e07c097d02b84086b60bc72a4108c9816dc163
report_cutoff_background,spatial,fold_3,M2,0,"{""max_depth"": 2, ""reg_lambda"": 10}",4,0.7070802332131487,755,242,c3a1d26e83b0f46d4d2c753201f9440d43a46c5d22460bf10e8baf3cf55368d5,4df90deeb1a597a40e203989aae9cc0bf6fb7a993b92957260993e8d2f86756d
report_cutoff_background,spatial,fold_3,M2,0,"{""max_depth"": 2, ""reg_lambda"": 10}",MEAN,0.5794651732570255,1009,1009,b5365b5532658f670134c2f57305964647d13c1445cf1e30aed7fa3d3bdcc2e0,
report_cutoff_background,spatial,fold_3,M2,1,"{""max_depth"": 2, ""reg_lambda"": 1}",0,0.18314746948237212,920,85,48b82b19bb788aff6c957b8ebbf3fd4a70ad0d6145a35258dcfbf5955f100073,9696a640277c78c02707f7658133fe4d7f5a3a503f246511816974633680fc24
report_cutoff_background,spatial,fold_3,M2,1,"{""max_depth"": 2, ""reg_lambda"": 1}",1,0.7401795427642325,520,445,47cde922aa0c58cbf104c0f4ecf2bcc5e94aa60dcb5cb61c3d4ed82dfb05a03b,96f571ad44bee29e95c9f8f7903089317d6826fce3af2883ef15851110501e85
report_cutoff_background,spatial,fold_3,M2,1,"{""max_depth"": 2, ""reg_lambda"": 1}",2,0.6471869393711667,740,237,720050c25cbfb69702a7023b7ee415ecdec26de7b0db661bd83511178408a775,efe591227166b872ea94a8c660e07c097d02b84086b60bc72a4108c9816dc163
report_cutoff_background,spatial,fold_3,M2,1,"{""max_depth"": 2, ""reg_lambda"": 1}",4,0.7304396563354614,755,242,c3a1d26e83b0f46d4d2c753201f9440d43a46c5d22460bf10e8baf3cf55368d5,4df90deeb1a597a40e203989aae9cc0bf6fb7a993b92957260993e8d2f86756d
report_cutoff_background,spatial,fold_3,M2,1,"{""max_depth"": 2, ""reg_lambda"": 1}",MEAN,0.5752384019883081,1009,1009,b5365b5532658f670134c2f57305964647d13c1445cf1e30aed7fa3d3bdcc2e0,
report_cutoff_background,spatial,fold_3,M2,2,"{""max_depth"": 3, ""reg_lambda"": 10}",0,0.22389566124256347,920,85,48b82b19bb788aff6c957b8ebbf3fd4a70ad0d6145a35258dcfbf5955f100073,9696a640277c78c02707f7658133fe4d7f5a3a503f246511816974633680fc24
report_cutoff_background,spatial,fold_3,M2,2,"{""max_depth"": 3, ""reg_lambda"": 10}",1,0.7126692656682138,520,445,47cde922aa0c58cbf104c0f4ecf2bcc5e94aa60dcb5cb61c3d4ed82dfb05a03b,96f571ad44bee29e95c9f8f7903089317d6826fce3af2883ef15851110501e85
report_cutoff_background,spatial,fold_3,M2,2,"{""max_depth"": 3, ""reg_lambda"": 10}",2,0.6227419431515246,740,237,720050c25cbfb69702a7023b7ee415ecdec26de7b0db661bd83511178408a775,efe591227166b872ea94a8c660e07c097d02b84086b60bc72a4108c9816dc163
report_cutoff_background,spatial,fold_3,M2,2,"{""max_depth"": 3, ""reg_lambda"": 10}",4,0.712124555253318,755,242,c3a1d26e83b0f46d4d2c753201f9440d43a46c5d22460bf10e8baf3cf55368d5,4df90deeb1a597a40e203989aae9cc0bf6fb7a993b92957260993e8d2f86756d
report_cutoff_background,spatial,fold_3,M2,2,"{""max_depth"": 3, ""reg_lambda"": 10}",MEAN,0.567857856328905,1009,1009,b5365b5532658f670134c2f57305964647d13c1445cf1e30aed7fa3d3bdcc2e0,
report_cutoff_background,spatial,fold_3,M2,3,"{""max_depth"": 3, ""reg_lambda"": 1}",0,0.2188133636588448,920,85,48b82b19bb788aff6c957b8ebbf3fd4a70ad0d6145a35258dcfbf5955f100073,9696a640277c78c02707f7658133fe4d7f5a3a503f246511816974633680fc24
report_cutoff_background,spatial,fold_3,M2,3,"{""max_depth"": 3, ""reg_lambda"": 1}",1,0.7403145177439193,520,445,47cde922aa0c58cbf104c0f4ecf2bcc5e94aa60dcb5cb61c3d4ed82dfb05a03b,96f571ad44bee29e95c9f8f7903089317d6826fce3af2883ef15851110501e85
report_cutoff_background,spatial,fold_3,M2,3,"{""max_depth"": 3, ""reg_lambda"": 1}",2,0.6301690619023961,740,237,720050c25cbfb69702a7023b7ee415ecdec26de7b0db661bd83511178408a775,efe591227166b872ea94a8c660e07c097d02b84086b60bc72a4108c9816dc163
report_cutoff_background,spatial,fold_3,M2,3,"{""max_depth"": 3, ""reg_lambda"": 1}",4,0.7064033744351511,755,242,c3a1d26e83b0f46d4d2c753201f9440d43a46c5d22460bf10e8baf3cf55368d5,4df90deeb1a597a40e203989aae9cc0bf6fb7a993b92957260993e8d2f86756d
report_cutoff_background,spatial,fold_3,M2,3,"{""max_depth"": 3, ""reg_lambda"": 1}",MEAN,0.5739250794350779,1009,1009,b5365b5532658f670134c2f57305964647d13c1445cf1e30aed7fa3d3bdcc2e0,
report_cutoff_background,spatial,fold_4,M0,0,{},0,0.19681865301010953,846,87,2502cf0c9925b967146d29e9f184ea853b641463de27b4e304a442eb558b5159,1b007a7cb3fa76db95ea07a6344fb8360ed65faa97dee961fd8b766403cefe5b
report_cutoff_background,spatial,fold_4,M0,0,{},1,0.7365083534288246,435,471,3b40e02385fe9b6f5ebc9a6df92628cb8f07d33ec70bc765a488943854472642,a459d5d435dc25482d735e12d16bc8a1dd302c1aba8b32c3f305361b6a13baa0
report_cutoff_background,spatial,fold_4,M0,0,{},2,0.5860046509715628,673,235,056aacc1c4b7bdf9197555be3fe2666c7e200f9da60c4fbeedc38e22e5e9b6be,90604268e1eeb1ba7ddb06856a6c6ecfafb437111725fe554d7cb0650d548399
report_cutoff_background,spatial,fold_4,M0,0,{},3,0.7906761271538437,755,145,c3a1d26e83b0f46d4d2c753201f9440d43a46c5d22460bf10e8baf3cf55368d5,2633b81347d801bceea5e86855860f8b6cf60edced61f327f877562e56330259
report_cutoff_background,spatial,fold_4,M0,0,{},MEAN,0.5775019461410852,938,938,964fe2083835ff6c342d839dc6251c2d9d402c88c3092d6275df131538f4c0bb,
report_cutoff_background,spatial,fold_4,M1,0,"{""C"": 0.1}",0,0.23895827539252126,846,87,2502cf0c9925b967146d29e9f184ea853b641463de27b4e304a442eb558b5159,1b007a7cb3fa76db95ea07a6344fb8360ed65faa97dee961fd8b766403cefe5b
report_cutoff_background,spatial,fold_4,M1,0,"{""C"": 0.1}",1,0.7404062007971564,435,471,3b40e02385fe9b6f5ebc9a6df92628cb8f07d33ec70bc765a488943854472642,a459d5d435dc25482d735e12d16bc8a1dd302c1aba8b32c3f305361b6a13baa0
report_cutoff_background,spatial,fold_4,M1,0,"{""C"": 0.1}",2,0.6302615482695257,673,235,056aacc1c4b7bdf9197555be3fe2666c7e200f9da60c4fbeedc38e22e5e9b6be,90604268e1eeb1ba7ddb06856a6c6ecfafb437111725fe554d7cb0650d548399
report_cutoff_background,spatial,fold_4,M1,0,"{""C"": 0.1}",3,0.7950825526974831,755,145,c3a1d26e83b0f46d4d2c753201f9440d43a46c5d22460bf10e8baf3cf55368d5,2633b81347d801bceea5e86855860f8b6cf60edced61f327f877562e56330259
report_cutoff_background,spatial,fold_4,M1,0,"{""C"": 0.1}",MEAN,0.6011771442891716,938,938,964fe2083835ff6c342d839dc6251c2d9d402c88c3092d6275df131538f4c0bb,
report_cutoff_background,spatial,fold_4,M1,1,"{""C"": 1.0}",0,0.24321614147150059,846,87,2502cf0c9925b967146d29e9f184ea853b641463de27b4e304a442eb558b5159,1b007a7cb3fa76db95ea07a6344fb8360ed65faa97dee961fd8b766403cefe5b
report_cutoff_background,spatial,fold_4,M1,1,"{""C"": 1.0}",1,0.7365495264417812,435,471,3b40e02385fe9b6f5ebc9a6df92628cb8f07d33ec70bc765a488943854472642,a459d5d435dc25482d735e12d16bc8a1dd302c1aba8b32c3f305361b6a13baa0
report_cutoff_background,spatial,fold_4,M1,1,"{""C"": 1.0}",2,0.6134697714812349,673,235,056aacc1c4b7bdf9197555be3fe2666c7e200f9da60c4fbeedc38e22e5e9b6be,90604268e1eeb1ba7ddb06856a6c6ecfafb437111725fe554d7cb0650d548399
report_cutoff_background,spatial,fold_4,M1,1,"{""C"": 1.0}",3,0.795397156778709,755,145,c3a1d26e83b0f46d4d2c753201f9440d43a46c5d22460bf10e8baf3cf55368d5,2633b81347d801bceea5e86855860f8b6cf60edced61f327f877562e56330259
report_cutoff_background,spatial,fold_4,M1,1,"{""C"": 1.0}",MEAN,0.5971581490433064,938,938,964fe2083835ff6c342d839dc6251c2d9d402c88c3092d6275df131538f4c0bb,
report_cutoff_background,spatial,fold_4,M1,2,"{""C"": 10.0}",0,0.24354252816152364,846,87,2502cf0c9925b967146d29e9f184ea853b641463de27b4e304a442eb558b5159,1b007a7cb3fa76db95ea07a6344fb8360ed65faa97dee961fd8b766403cefe5b
report_cutoff_background,spatial,fold_4,M1,2,"{""C"": 10.0}",1,0.7359985266147178,435,471,3b40e02385fe9b6f5ebc9a6df92628cb8f07d33ec70bc765a488943854472642,a459d5d435dc25482d735e12d16bc8a1dd302c1aba8b32c3f305361b6a13baa0
report_cutoff_background,spatial,fold_4,M1,2,"{""C"": 10.0}",2,0.6105911788777163,673,235,056aacc1c4b7bdf9197555be3fe2666c7e200f9da60c4fbeedc38e22e5e9b6be,90604268e1eeb1ba7ddb06856a6c6ecfafb437111725fe554d7cb0650d548399
report_cutoff_background,spatial,fold_4,M1,2,"{""C"": 10.0}",3,0.7957218339871912,755,145,c3a1d26e83b0f46d4d2c753201f9440d43a46c5d22460bf10e8baf3cf55368d5,2633b81347d801bceea5e86855860f8b6cf60edced61f327f877562e56330259
report_cutoff_background,spatial,fold_4,M1,2,"{""C"": 10.0}",MEAN,0.5964635169102872,938,938,964fe2083835ff6c342d839dc6251c2d9d402c88c3092d6275df131538f4c0bb,
report_cutoff_background,spatial,fold_4,M2,0,"{""max_depth"": 2, ""reg_lambda"": 10}",0,0.23905132790727066,846,87,2502cf0c9925b967146d29e9f184ea853b641463de27b4e304a442eb558b5159,1b007a7cb3fa76db95ea07a6344fb8360ed65faa97dee961fd8b766403cefe5b
report_cutoff_background,spatial,fold_4,M2,0,"{""max_depth"": 2, ""reg_lambda"": 10}",1,0.7058607214569808,435,471,3b40e02385fe9b6f5ebc9a6df92628cb8f07d33ec70bc765a488943854472642,a459d5d435dc25482d735e12d16bc8a1dd302c1aba8b32c3f305361b6a13baa0
report_cutoff_background,spatial,fold_4,M2,0,"{""max_depth"": 2, ""reg_lambda"": 10}",2,0.6036224241345346,673,235,056aacc1c4b7bdf9197555be3fe2666c7e200f9da60c4fbeedc38e22e5e9b6be,90604268e1eeb1ba7ddb06856a6c6ecfafb437111725fe554d7cb0650d548399
report_cutoff_background,spatial,fold_4,M2,0,"{""max_depth"": 2, ""reg_lambda"": 10}",3,0.811825024321113,755,145,c3a1d26e83b0f46d4d2c753201f9440d43a46c5d22460bf10e8baf3cf55368d5,2633b81347d801bceea5e86855860f8b6cf60edced61f327f877562e56330259
report_cutoff_background,spatial,fold_4,M2,0,"{""max_depth"": 2, ""reg_lambda"": 10}",MEAN,0.5900898744549747,938,938,964fe2083835ff6c342d839dc6251c2d9d402c88c3092d6275df131538f4c0bb,
report_cutoff_background,spatial,fold_4,M2,1,"{""max_depth"": 2, ""reg_lambda"": 1}",0,0.19303829437749076,846,87,2502cf0c9925b967146d29e9f184ea853b641463de27b4e304a442eb558b5159,1b007a7cb3fa76db95ea07a6344fb8360ed65faa97dee961fd8b766403cefe5b
report_cutoff_background,spatial,fold_4,M2,1,"{""max_depth"": 2, ""reg_lambda"": 1}",1,0.7160290192546632,435,471,3b40e02385fe9b6f5ebc9a6df92628cb8f07d33ec70bc765a488943854472642,a459d5d435dc25482d735e12d16bc8a1dd302c1aba8b32c3f305361b6a13baa0
report_cutoff_background,spatial,fold_4,M2,1,"{""max_depth"": 2, ""reg_lambda"": 1}",2,0.6120689807747959,673,235,056aacc1c4b7bdf9197555be3fe2666c7e200f9da60c4fbeedc38e22e5e9b6be,90604268e1eeb1ba7ddb06856a6c6ecfafb437111725fe554d7cb0650d548399
report_cutoff_background,spatial,fold_4,M2,1,"{""max_depth"": 2, ""reg_lambda"": 1}",3,0.8212508092651953,755,145,c3a1d26e83b0f46d4d2c753201f9440d43a46c5d22460bf10e8baf3cf55368d5,2633b81347d801bceea5e86855860f8b6cf60edced61f327f877562e56330259
report_cutoff_background,spatial,fold_4,M2,1,"{""max_depth"": 2, ""reg_lambda"": 1}",MEAN,0.5855967759180363,938,938,964fe2083835ff6c342d839dc6251c2d9d402c88c3092d6275df131538f4c0bb,
report_cutoff_background,spatial,fold_4,M2,2,"{""max_depth"": 3, ""reg_lambda"": 10}",0,0.23549377411587893,846,87,2502cf0c9925b967146d29e9f184ea853b641463de27b4e304a442eb558b5159,1b007a7cb3fa76db95ea07a6344fb8360ed65faa97dee961fd8b766403cefe5b
report_cutoff_background,spatial,fold_4,M2,2,"{""max_depth"": 3, ""reg_lambda"": 10}",1,0.7000248898102492,435,471,3b40e02385fe9b6f5ebc9a6df92628cb8f07d33ec70bc765a488943854472642,a459d5d435dc25482d735e12d16bc8a1dd302c1aba8b32c3f305361b6a13baa0
report_cutoff_background,spatial,fold_4,M2,2,"{""max_depth"": 3, ""reg_lambda"": 10}",2,0.6327573837282695,673,235,056aacc1c4b7bdf9197555be3fe2666c7e200f9da60c4fbeedc38e22e5e9b6be,90604268e1eeb1ba7ddb06856a6c6ecfafb437111725fe554d7cb0650d548399
report_cutoff_background,spatial,fold_4,M2,2,"{""max_depth"": 3, ""reg_lambda"": 10}",3,0.8389665395840571,755,145,c3a1d26e83b0f46d4d2c753201f9440d43a46c5d22460bf10e8baf3cf55368d5,2633b81347d801bceea5e86855860f8b6cf60edced61f327f877562e56330259
report_cutoff_background,spatial,fold_4,M2,2,"{""max_depth"": 3, ""reg_lambda"": 10}",MEAN,0.6018106468096137,938,938,964fe2083835ff6c342d839dc6251c2d9d402c88c3092d6275df131538f4c0bb,
report_cutoff_background,spatial,fold_4,M2,3,"{""max_depth"": 3, ""reg_lambda"": 1}",0,0.18187359931094493,846,87,2502cf0c9925b967146d29e9f184ea853b641463de27b4e304a442eb558b5159,1b007a7cb3fa76db95ea07a6344fb8360ed65faa97dee961fd8b766403cefe5b
report_cutoff_background,spatial,fold_4,M2,3,"{""max_depth"": 3, ""reg_lambda"": 1}",1,0.6939434304235002,435,471,3b40e02385fe9b6f5ebc9a6df92628cb8f07d33ec70bc765a488943854472642,a459d5d435dc25482d735e12d16bc8a1dd302c1aba8b32c3f305361b6a13baa0
report_cutoff_background,spatial,fold_4,M2,3,"{""max_depth"": 3, ""reg_lambda"": 1}",2,0.6121589528101172,673,235,056aacc1c4b7bdf9197555be3fe2666c7e200f9da60c4fbeedc38e22e5e9b6be,90604268e1eeb1ba7ddb06856a6c6ecfafb437111725fe554d7cb0650d548399
report_cutoff_background,spatial,fold_4,M2,3,"{""max_depth"": 3, ""reg_lambda"": 1}",3,0.8481990824894989,755,145,c3a1d26e83b0f46d4d2c753201f9440d43a46c5d22460bf10e8baf3cf55368d5,2633b81347d801bceea5e86855860f8b6cf60edced61f327f877562e56330259
report_cutoff_background,spatial,fold_4,M2,3,"{""max_depth"": 3, ""reg_lambda"": 1}",MEAN,0.5840437662585153,938,938,964fe2083835ff6c342d839dc6251c2d9d402c88c3092d6275df131538f4c0bb,
report_cutoff_background,leave_city_out,new_york_city,M0,0,{},0,0.19761904761904764,53,17,f3ee52405e0d325f5baf8d7ea494f4e8c5f3230561ec0ced863d8cd8753afb93,e353d37455319939c2e9e201d5a94e880f6b8ee4ac9f7a19a936a8ab13c34fae
report_cutoff_background,leave_city_out,new_york_city,M0,0,{},1,0.39734394240788096,45,27,73fbcc733dbbe30ba136dc157aa9e752b81a037f1a8ef29fb0599251b94bba87,5a2c7c97163c272c0a4ae4447edd35d671dc83ea1d919e373fcdc2679b37eae0
report_cutoff_background,leave_city_out,new_york_city,M0,0,{},2,0.22692307692307695,60,14,532b45838b41c6dc9700da73a044da4ea0ae19ecd81402f28106ca2ff74dfcb9,11b8d57fbe13447f5923d688e01c091fe56bc4111d5f0ef77a877dd2cb184e8d
report_cutoff_background,leave_city_out,new_york_city,M0,0,{},3,0.4027777777777778,65,8,78a54bce5ff039c9341c66e72098abc14200280739f7d11346cc0752fd3aab49,653583388baf8fe0655e4666b2678431bca48b1fcbd259d36a48ac002f567cd1
report_cutoff_background,leave_city_out,new_york_city,M0,0,{},4,0.25,65,9,1cbb71898bb2fe722fd1011cbc85cfdec565765dce0637eb52d705b7a502a30e,8e136feaacd58f9d044a88a4f433d56ba8b4eed91c47d09e38d88d7607578db7
report_cutoff_background,leave_city_out,new_york_city,M0,0,{},MEAN,0.29493276894555664,75,75,4b07e38aa178d473616746c7fd9e2998b23db8ef8a244d2033c883d56f4e78af,
report_cutoff_background,leave_city_out,new_york_city,M1,0,"{""C"": 0.1}",0,0.27677224736048267,53,17,f3ee52405e0d325f5baf8d7ea494f4e8c5f3230561ec0ced863d8cd8753afb93,e353d37455319939c2e9e201d5a94e880f6b8ee4ac9f7a19a936a8ab13c34fae
report_cutoff_background,leave_city_out,new_york_city,M1,0,"{""C"": 0.1}",1,0.6489194139194139,45,27,73fbcc733dbbe30ba136dc157aa9e752b81a037f1a8ef29fb0599251b94bba87,5a2c7c97163c272c0a4ae4447edd35d671dc83ea1d919e373fcdc2679b37eae0
report_cutoff_background,leave_city_out,new_york_city,M1,0,"{""C"": 0.1}",2,0.34523809523809523,60,14,532b45838b41c6dc9700da73a044da4ea0ae19ecd81402f28106ca2ff74dfcb9,11b8d57fbe13447f5923d688e01c091fe56bc4111d5f0ef77a877dd2cb184e8d
report_cutoff_background,leave_city_out,new_york_city,M1,0,"{""C"": 0.1}",3,0.8333333333333333,65,8,78a54bce5ff039c9341c66e72098abc14200280739f7d11346cc0752fd3aab49,653583388baf8fe0655e4666b2678431bca48b1fcbd259d36a48ac002f567cd1
report_cutoff_background,leave_city_out,new_york_city,M1,0,"{""C"": 0.1}",4,0.41666666666666663,65,9,1cbb71898bb2fe722fd1011cbc85cfdec565765dce0637eb52d705b7a502a30e,8e136feaacd58f9d044a88a4f433d56ba8b4eed91c47d09e38d88d7607578db7
report_cutoff_background,leave_city_out,new_york_city,M1,0,"{""C"": 0.1}",MEAN,0.5041859513035983,75,75,4b07e38aa178d473616746c7fd9e2998b23db8ef8a244d2033c883d56f4e78af,
report_cutoff_background,leave_city_out,new_york_city,M1,1,"{""C"": 1.0}",0,0.26715686274509803,53,17,f3ee52405e0d325f5baf8d7ea494f4e8c5f3230561ec0ced863d8cd8753afb93,e353d37455319939c2e9e201d5a94e880f6b8ee4ac9f7a19a936a8ab13c34fae
report_cutoff_background,leave_city_out,new_york_city,M1,1,"{""C"": 1.0}",1,0.7725135975135975,45,27,73fbcc733dbbe30ba136dc157aa9e752b81a037f1a8ef29fb0599251b94bba87,5a2c7c97163c272c0a4ae4447edd35d671dc83ea1d919e373fcdc2679b37eae0
report_cutoff_background,leave_city_out,new_york_city,M1,1,"{""C"": 1.0}",2,0.4888888888888888,60,14,532b45838b41c6dc9700da73a044da4ea0ae19ecd81402f28106ca2ff74dfcb9,11b8d57fbe13447f5923d688e01c091fe56bc4111d5f0ef77a877dd2cb184e8d
report_cutoff_background,leave_city_out,new_york_city,M1,1,"{""C"": 1.0}",3,0.8333333333333333,65,8,78a54bce5ff039c9341c66e72098abc14200280739f7d11346cc0752fd3aab49,653583388baf8fe0655e4666b2678431bca48b1fcbd259d36a48ac002f567cd1
report_cutoff_background,leave_city_out,new_york_city,M1,1,"{""C"": 1.0}",4,0.30952380952380953,65,9,1cbb71898bb2fe722fd1011cbc85cfdec565765dce0637eb52d705b7a502a30e,8e136feaacd58f9d044a88a4f433d56ba8b4eed91c47d09e38d88d7607578db7
report_cutoff_background,leave_city_out,new_york_city,M1,1,"{""C"": 1.0}",MEAN,0.5342832984009454,75,75,4b07e38aa178d473616746c7fd9e2998b23db8ef8a244d2033c883d56f4e78af,
report_cutoff_background,leave_city_out,new_york_city,M1,2,"{""C"": 10.0}",0,0.26715686274509803,53,17,f3ee52405e0d325f5baf8d7ea494f4e8c5f3230561ec0ced863d8cd8753afb93,e353d37455319939c2e9e201d5a94e880f6b8ee4ac9f7a19a936a8ab13c34fae
report_cutoff_background,leave_city_out,new_york_city,M1,2,"{""C"": 10.0}",1,0.7757815713698065,45,27,73fbcc733dbbe30ba136dc157aa9e752b81a037f1a8ef29fb0599251b94bba87,5a2c7c97163c272c0a4ae4447edd35d671dc83ea1d919e373fcdc2679b37eae0
report_cutoff_background,leave_city_out,new_york_city,M1,2,"{""C"": 10.0}",2,0.7222222222222222,60,14,532b45838b41c6dc9700da73a044da4ea0ae19ecd81402f28106ca2ff74dfcb9,11b8d57fbe13447f5923d688e01c091fe56bc4111d5f0ef77a877dd2cb184e8d
report_cutoff_background,leave_city_out,new_york_city,M1,2,"{""C"": 10.0}",3,0.8333333333333333,65,8,78a54bce5ff039c9341c66e72098abc14200280739f7d11346cc0752fd3aab49,653583388baf8fe0655e4666b2678431bca48b1fcbd259d36a48ac002f567cd1
report_cutoff_background,leave_city_out,new_york_city,M1,2,"{""C"": 10.0}",4,0.39285714285714285,65,9,1cbb71898bb2fe722fd1011cbc85cfdec565765dce0637eb52d705b7a502a30e,8e136feaacd58f9d044a88a4f433d56ba8b4eed91c47d09e38d88d7607578db7
report_cutoff_background,leave_city_out,new_york_city,M1,2,"{""C"": 10.0}",MEAN,0.5982702265055205,75,75,4b07e38aa178d473616746c7fd9e2998b23db8ef8a244d2033c883d56f4e78af,
report_cutoff_background,leave_city_out,new_york_city,M2,0,"{""max_depth"": 2, ""reg_lambda"": 10}",0,0.21060606060606063,53,17,f3ee52405e0d325f5baf8d7ea494f4e8c5f3230561ec0ced863d8cd8753afb93,e353d37455319939c2e9e201d5a94e880f6b8ee4ac9f7a19a936a8ab13c34fae
report_cutoff_background,leave_city_out,new_york_city,M2,0,"{""max_depth"": 2, ""reg_lambda"": 10}",1,0.37037037037037035,45,27,73fbcc733dbbe30ba136dc157aa9e752b81a037f1a8ef29fb0599251b94bba87,5a2c7c97163c272c0a4ae4447edd35d671dc83ea1d919e373fcdc2679b37eae0
report_cutoff_background,leave_city_out,new_york_city,M2,0,"{""max_depth"": 2, ""reg_lambda"": 10}",2,0.5333333333333333,60,14,532b45838b41c6dc9700da73a044da4ea0ae19ecd81402f28106ca2ff74dfcb9,11b8d57fbe13447f5923d688e01c091fe56bc4111d5f0ef77a877dd2cb184e8d
report_cutoff_background,leave_city_out,new_york_city,M2,0,"{""max_depth"": 2, ""reg_lambda"": 10}",3,0.8095238095238095,65,8,78a54bce5ff039c9341c66e72098abc14200280739f7d11346cc0752fd3aab49,653583388baf8fe0655e4666b2678431bca48b1fcbd259d36a48ac002f567cd1
report_cutoff_background,leave_city_out,new_york_city,M2,0,"{""max_depth"": 2, ""reg_lambda"": 10}",4,0.2777777777777778,65,9,1cbb71898bb2fe722fd1011cbc85cfdec565765dce0637eb52d705b7a502a30e,8e136feaacd58f9d044a88a4f433d56ba8b4eed91c47d09e38d88d7607578db7
report_cutoff_background,leave_city_out,new_york_city,M2,0,"{""max_depth"": 2, ""reg_lambda"": 10}",MEAN,0.44032227032227034,75,75,4b07e38aa178d473616746c7fd9e2998b23db8ef8a244d2033c883d56f4e78af,
report_cutoff_background,leave_city_out,new_york_city,M2,1,"{""max_depth"": 2, ""reg_lambda"": 1}",0,0.2142857142857143,53,17,f3ee52405e0d325f5baf8d7ea494f4e8c5f3230561ec0ced863d8cd8753afb93,e353d37455319939c2e9e201d5a94e880f6b8ee4ac9f7a19a936a8ab13c34fae
report_cutoff_background,leave_city_out,new_york_city,M2,1,"{""max_depth"": 2, ""reg_lambda"": 1}",1,0.37037037037037035,45,27,73fbcc733dbbe30ba136dc157aa9e752b81a037f1a8ef29fb0599251b94bba87,5a2c7c97163c272c0a4ae4447edd35d671dc83ea1d919e373fcdc2679b37eae0
report_cutoff_background,leave_city_out,new_york_city,M2,1,"{""max_depth"": 2, ""reg_lambda"": 1}",2,0.5888888888888888,60,14,532b45838b41c6dc9700da73a044da4ea0ae19ecd81402f28106ca2ff74dfcb9,11b8d57fbe13447f5923d688e01c091fe56bc4111d5f0ef77a877dd2cb184e8d
report_cutoff_background,leave_city_out,new_york_city,M2,1,"{""max_depth"": 2, ""reg_lambda"": 1}",3,0.6984126984126984,65,8,78a54bce5ff039c9341c66e72098abc14200280739f7d11346cc0752fd3aab49,653583388baf8fe0655e4666b2678431bca48b1fcbd259d36a48ac002f567cd1
report_cutoff_background,leave_city_out,new_york_city,M2,1,"{""max_depth"": 2, ""reg_lambda"": 1}",4,0.3611111111111111,65,9,1cbb71898bb2fe722fd1011cbc85cfdec565765dce0637eb52d705b7a502a30e,8e136feaacd58f9d044a88a4f433d56ba8b4eed91c47d09e38d88d7607578db7
report_cutoff_background,leave_city_out,new_york_city,M2,1,"{""max_depth"": 2, ""reg_lambda"": 1}",MEAN,0.4466137566137566,75,75,4b07e38aa178d473616746c7fd9e2998b23db8ef8a244d2033c883d56f4e78af,
report_cutoff_background,leave_city_out,new_york_city,M2,2,"{""max_depth"": 3, ""reg_lambda"": 10}",0,0.21060606060606063,53,17,f3ee52405e0d325f5baf8d7ea494f4e8c5f3230561ec0ced863d8cd8753afb93,e353d37455319939c2e9e201d5a94e880f6b8ee4ac9f7a19a936a8ab13c34fae
report_cutoff_background,leave_city_out,new_york_city,M2,2,"{""max_depth"": 3, ""reg_lambda"": 10}",1,0.37037037037037035,45,27,73fbcc733dbbe30ba136dc157aa9e752b81a037f1a8ef29fb0599251b94bba87,5a2c7c97163c272c0a4ae4447edd35d671dc83ea1d919e373fcdc2679b37eae0
report_cutoff_background,leave_city_out,new_york_city,M2,2,"{""max_depth"": 3, ""reg_lambda"": 10}",2,0.5333333333333333,60,14,532b45838b41c6dc9700da73a044da4ea0ae19ecd81402f28106ca2ff74dfcb9,11b8d57fbe13447f5923d688e01c091fe56bc4111d5f0ef77a877dd2cb184e8d
report_cutoff_background,leave_city_out,new_york_city,M2,2,"{""max_depth"": 3, ""reg_lambda"": 10}",3,0.8095238095238095,65,8,78a54bce5ff039c9341c66e72098abc14200280739f7d11346cc0752fd3aab49,653583388baf8fe0655e4666b2678431bca48b1fcbd259d36a48ac002f567cd1
report_cutoff_background,leave_city_out,new_york_city,M2,2,"{""max_depth"": 3, ""reg_lambda"": 10}",4,0.2777777777777778,65,9,1cbb71898bb2fe722fd1011cbc85cfdec565765dce0637eb52d705b7a502a30e,8e136feaacd58f9d044a88a4f433d56ba8b4eed91c47d09e38d88d7607578db7
report_cutoff_background,leave_city_out,new_york_city,M2,2,"{""max_depth"": 3, ""reg_lambda"": 10}",MEAN,0.44032227032227034,75,75,4b07e38aa178d473616746c7fd9e2998b23db8ef8a244d2033c883d56f4e78af,
report_cutoff_background,leave_city_out,new_york_city,M2,3,"{""max_depth"": 3, ""reg_lambda"": 1}",0,0.2142857142857143,53,17,f3ee52405e0d325f5baf8d7ea494f4e8c5f3230561ec0ced863d8cd8753afb93,e353d37455319939c2e9e201d5a94e880f6b8ee4ac9f7a19a936a8ab13c34fae
report_cutoff_background,leave_city_out,new_york_city,M2,3,"{""max_depth"": 3, ""reg_lambda"": 1}",1,0.37037037037037035,45,27,73fbcc733dbbe30ba136dc157aa9e752b81a037f1a8ef29fb0599251b94bba87,5a2c7c97163c272c0a4ae4447edd35d671dc83ea1d919e373fcdc2679b37eae0
report_cutoff_background,leave_city_out,new_york_city,M2,3,"{""max_depth"": 3, ""reg_lambda"": 1}",2,0.5888888888888888,60,14,532b45838b41c6dc9700da73a044da4ea0ae19ecd81402f28106ca2ff74dfcb9,11b8d57fbe13447f5923d688e01c091fe56bc4111d5f0ef77a877dd2cb184e8d
report_cutoff_background,leave_city_out,new_york_city,M2,3,"{""max_depth"": 3, ""reg_lambda"": 1}",3,0.6984126984126984,65,8,78a54bce5ff039c9341c66e72098abc14200280739f7d11346cc0752fd3aab49,653583388baf8fe0655e4666b2678431bca48b1fcbd259d36a48ac002f567cd1
report_cutoff_background,leave_city_out,new_york_city,M2,3,"{""max_depth"": 3, ""reg_lambda"": 1}",4,0.3611111111111111,65,9,1cbb71898bb2fe722fd1011cbc85cfdec565765dce0637eb52d705b7a502a30e,8e136feaacd58f9d044a88a4f433d56ba8b4eed91c47d09e38d88d7607578db7
report_cutoff_background,leave_city_out,new_york_city,M2,3,"{""max_depth"": 3, ""reg_lambda"": 1}",MEAN,0.4466137566137566,75,75,4b07e38aa178d473616746c7fd9e2998b23db8ef8a244d2033c883d56f4e78af,
report_cutoff_background,leave_city_out,buffalo,M0,0,{},0,0.20976245976245977,1074,72,671046a14446ff4015986ff5262aa3698381a3c2d59f4c64dab780141e9c6a8e,6ec3b019816e1672014f2b6c44139d77a453e8a723aa94c99ff1a339dc270ab2
report_cutoff_background,leave_city_out,buffalo,M0,0,{},1,0.7404822126851691,630,462,206676a1f8fb0de7fd3881e543459e91841dc6823d88e14b853d0b3a35bb15f6,50e9c4f001ca1bfc479c6d714b059b22a4ee665e3f4652a57b7aab6f63934769
report_cutoff_background,leave_city_out,buffalo,M0,0,{},2,0.5883056977974372,880,234,e050a2baada4ff941346efe32b5b49b3c5f0a2e3c20956c8af14a6455f9e976c,409c79794d38a24274df78762d0b1ba3b4cd6c0a5fbd0988a82afc694ef7732d
report_cutoff_background,leave_city_out,buffalo,M0,0,{},3,0.7928377062946621,969,141,318dab8b80992d06d6ec7c7cc693bdad454aac3c5afdd86c1594a0cac149678b,0286f39a5636f04b9afb4b6bdfab7020561b6273fbd078045b744f20fcc2c79b
report_cutoff_background,leave_city_out,buffalo,M0,0,{},4,0.7204113768395956,897,237,66317126577059cbd46aff8dbbe681694833a83155a328775c4fbe8631d69d2a,bc524ad27226077fc692991851c29694964ebc67e0b748288337c5284d584be1
report_cutoff_background,leave_city_out,buffalo,M0,0,{},MEAN,0.6103598906758647,1146,1146,9dd1d722e953dca421a30bafacd210c5427ef16a1028f11b2a6137b168f0af9b,
report_cutoff_background,leave_city_out,buffalo,M1,0,"{""C"": 0.1}",0,0.3281679672984021,1074,72,671046a14446ff4015986ff5262aa3698381a3c2d59f4c64dab780141e9c6a8e,6ec3b019816e1672014f2b6c44139d77a453e8a723aa94c99ff1a339dc270ab2
report_cutoff_background,leave_city_out,buffalo,M1,0,"{""C"": 0.1}",1,0.7636508880788272,630,462,206676a1f8fb0de7fd3881e543459e91841dc6823d88e14b853d0b3a35bb15f6,50e9c4f001ca1bfc479c6d714b059b22a4ee665e3f4652a57b7aab6f63934769
report_cutoff_background,leave_city_out,buffalo,M1,0,"{""C"": 0.1}",2,0.632098047983499,880,234,e050a2baada4ff941346efe32b5b49b3c5f0a2e3c20956c8af14a6455f9e976c,409c79794d38a24274df78762d0b1ba3b4cd6c0a5fbd0988a82afc694ef7732d
report_cutoff_background,leave_city_out,buffalo,M1,0,"{""C"": 0.1}",3,0.8062284611329973,969,141,318dab8b80992d06d6ec7c7cc693bdad454aac3c5afdd86c1594a0cac149678b,0286f39a5636f04b9afb4b6bdfab7020561b6273fbd078045b744f20fcc2c79b
report_cutoff_background,leave_city_out,buffalo,M1,0,"{""C"": 0.1}",4,0.7234516216222746,897,237,66317126577059cbd46aff8dbbe681694833a83155a328775c4fbe8631d69d2a,bc524ad27226077fc692991851c29694964ebc67e0b748288337c5284d584be1
report_cutoff_background,leave_city_out,buffalo,M1,0,"{""C"": 0.1}",MEAN,0.6507193972232,1146,1146,9dd1d722e953dca421a30bafacd210c5427ef16a1028f11b2a6137b168f0af9b,
report_cutoff_background,leave_city_out,buffalo,M1,1,"{""C"": 1.0}",0,0.3270461724266072,1074,72,671046a14446ff4015986ff5262aa3698381a3c2d59f4c64dab780141e9c6a8e,6ec3b019816e1672014f2b6c44139d77a453e8a723aa94c99ff1a339dc270ab2
report_cutoff_background,leave_city_out,buffalo,M1,1,"{""C"": 1.0}",1,0.7672880360040095,630,462,206676a1f8fb0de7fd3881e543459e91841dc6823d88e14b853d0b3a35bb15f6,50e9c4f001ca1bfc479c6d714b059b22a4ee665e3f4652a57b7aab6f63934769
report_cutoff_background,leave_city_out,buffalo,M1,1,"{""C"": 1.0}",2,0.6187709138756072,880,234,e050a2baada4ff941346efe32b5b49b3c5f0a2e3c20956c8af14a6455f9e976c,409c79794d38a24274df78762d0b1ba3b4cd6c0a5fbd0988a82afc694ef7732d
report_cutoff_background,leave_city_out,buffalo,M1,1,"{""C"": 1.0}",3,0.8049419782121001,969,141,318dab8b80992d06d6ec7c7cc693bdad454aac3c5afdd86c1594a0cac149678b,0286f39a5636f04b9afb4b6bdfab7020561b6273fbd078045b744f20fcc2c79b
report_cutoff_background,leave_city_out,buffalo,M1,1,"{""C"": 1.0}",4,0.7189668811768202,897,237,66317126577059cbd46aff8dbbe681694833a83155a328775c4fbe8631d69d2a,bc524ad27226077fc692991851c29694964ebc67e0b748288337c5284d584be1
report_cutoff_background,leave_city_out,buffalo,M1,1,"{""C"": 1.0}",MEAN,0.6474027963390288,1146,1146,9dd1d722e953dca421a30bafacd210c5427ef16a1028f11b2a6137b168f0af9b,
report_cutoff_background,leave_city_out,buffalo,M1,2,"{""C"": 10.0}",0,0.3270461724266072,1074,72,671046a14446ff4015986ff5262aa3698381a3c2d59f4c64dab780141e9c6a8e,6ec3b019816e1672014f2b6c44139d77a453e8a723aa94c99ff1a339dc270ab2
report_cutoff_background,leave_city_out,buffalo,M1,2,"{""C"": 10.0}",1,0.767859593304756,630,462,206676a1f8fb0de7fd3881e543459e91841dc6823d88e14b853d0b3a35bb15f6,50e9c4f001ca1bfc479c6d714b059b22a4ee665e3f4652a57b7aab6f63934769
report_cutoff_background,leave_city_out,buffalo,M1,2,"{""C"": 10.0}",2,0.6175057420591017,880,234,e050a2baada4ff941346efe32b5b49b3c5f0a2e3c20956c8af14a6455f9e976c,409c79794d38a24274df78762d0b1ba3b4cd6c0a5fbd0988a82afc694ef7732d
report_cutoff_background,leave_city_out,buffalo,M1,2,"{""C"": 10.0}",3,0.8053289255231917,969,141,318dab8b80992d06d6ec7c7cc693bdad454aac3c5afdd86c1594a0cac149678b,0286f39a5636f04b9afb4b6bdfab7020561b6273fbd078045b744f20fcc2c79b
report_cutoff_background,leave_city_out,buffalo,M1,2,"{""C"": 10.0}",4,0.7185016068101049,897,237,66317126577059cbd46aff8dbbe681694833a83155a328775c4fbe8631d69d2a,bc524ad27226077fc692991851c29694964ebc67e0b748288337c5284d584be1
report_cutoff_background,leave_city_out,buffalo,M1,2,"{""C"": 10.0}",MEAN,0.6472484080247524,1146,1146,9dd1d722e953dca421a30bafacd210c5427ef16a1028f11b2a6137b168f0af9b,
report_cutoff_background,leave_city_out,buffalo,M2,0,"{""max_depth"": 2, ""reg_lambda"": 10}",0,0.2921937264854516,1074,72,671046a14446ff4015986ff5262aa3698381a3c2d59f4c64dab780141e9c6a8e,6ec3b019816e1672014f2b6c44139d77a453e8a723aa94c99ff1a339dc270ab2
report_cutoff_background,leave_city_out,buffalo,M2,0,"{""max_depth"": 2, ""reg_lambda"": 10}",1,0.7361770600420512,630,462,206676a1f8fb0de7fd3881e543459e91841dc6823d88e14b853d0b3a35bb15f6,50e9c4f001ca1bfc479c6d714b059b22a4ee665e3f4652a57b7aab6f63934769
report_cutoff_background,leave_city_out,buffalo,M2,0,"{""max_depth"": 2, ""reg_lambda"": 10}",2,0.6337905095415552,880,234,e050a2baada4ff941346efe32b5b49b3c5f0a2e3c20956c8af14a6455f9e976c,409c79794d38a24274df78762d0b1ba3b4cd6c0a5fbd0988a82afc694ef7732d
report_cutoff_background,leave_city_out,buffalo,M2,0,"{""max_depth"": 2, ""reg_lambda"": 10}",3,0.8257325159306154,969,141,318dab8b80992d06d6ec7c7cc693bdad454aac3c5afdd86c1594a0cac149678b,0286f39a5636f04b9afb4b6bdfab7020561b6273fbd078045b744f20fcc2c79b
report_cutoff_background,leave_city_out,buffalo,M2,0,"{""max_depth"": 2, ""reg_lambda"": 10}",4,0.7440002806740943,897,237,66317126577059cbd46aff8dbbe681694833a83155a328775c4fbe8631d69d2a,bc524ad27226077fc692991851c29694964ebc67e0b748288337c5284d584be1
report_cutoff_background,leave_city_out,buffalo,M2,0,"{""max_depth"": 2, ""reg_lambda"": 10}",MEAN,0.6463788185347535,1146,1146,9dd1d722e953dca421a30bafacd210c5427ef16a1028f11b2a6137b168f0af9b,
report_cutoff_background,leave_city_out,buffalo,M2,1,"{""max_depth"": 2, ""reg_lambda"": 1}",0,0.318205928745938,1074,72,671046a14446ff4015986ff5262aa3698381a3c2d59f4c64dab780141e9c6a8e,6ec3b019816e1672014f2b6c44139d77a453e8a723aa94c99ff1a339dc270ab2
report_cutoff_background,leave_city_out,buffalo,M2,1,"{""max_depth"": 2, ""reg_lambda"": 1}",1,0.7428499505021382,630,462,206676a1f8fb0de7fd3881e543459e91841dc6823d88e14b853d0b3a35bb15f6,50e9c4f001ca1bfc479c6d714b059b22a4ee665e3f4652a57b7aab6f63934769
report_cutoff_background,leave_city_out,buffalo,M2,1,"{""max_depth"": 2, ""reg_lambda"": 1}",2,0.6182356285782675,880,234,e050a2baada4ff941346efe32b5b49b3c5f0a2e3c20956c8af14a6455f9e976c,409c79794d38a24274df78762d0b1ba3b4cd6c0a5fbd0988a82afc694ef7732d
report_cutoff_background,leave_city_out,buffalo,M2,1,"{""max_depth"": 2, ""reg_lambda"": 1}",3,0.8256907989631003,969,141,318dab8b80992d06d6ec7c7cc693bdad454aac3c5afdd86c1594a0cac149678b,0286f39a5636f04b9afb4b6bdfab7020561b6273fbd078045b744f20fcc2c79b
report_cutoff_background,leave_city_out,buffalo,M2,1,"{""max_depth"": 2, ""reg_lambda"": 1}",4,0.7400379226070782,897,237,66317126577059cbd46aff8dbbe681694833a83155a328775c4fbe8631d69d2a,bc524ad27226077fc692991851c29694964ebc67e0b748288337c5284d584be1
report_cutoff_background,leave_city_out,buffalo,M2,1,"{""max_depth"": 2, ""reg_lambda"": 1}",MEAN,0.6490040458793045,1146,1146,9dd1d722e953dca421a30bafacd210c5427ef16a1028f11b2a6137b168f0af9b,
report_cutoff_background,leave_city_out,buffalo,M2,2,"{""max_depth"": 3, ""reg_lambda"": 10}",0,0.32761814491976543,1074,72,671046a14446ff4015986ff5262aa3698381a3c2d59f4c64dab780141e9c6a8e,6ec3b019816e1672014f2b6c44139d77a453e8a723aa94c99ff1a339dc270ab2
report_cutoff_background,leave_city_out,buffalo,M2,2,"{""max_depth"": 3, ""reg_lambda"": 10}",1,0.7009914339391229,630,462,206676a1f8fb0de7fd3881e543459e91841dc6823d88e14b853d0b3a35bb15f6,50e9c4f001ca1bfc479c6d714b059b22a4ee665e3f4652a57b7aab6f63934769
report_cutoff_background,leave_city_out,buffalo,M2,2,"{""max_depth"": 3, ""reg_lambda"": 10}",2,0.626668183508007,880,234,e050a2baada4ff941346efe32b5b49b3c5f0a2e3c20956c8af14a6455f9e976c,409c79794d38a24274df78762d0b1ba3b4cd6c0a5fbd0988a82afc694ef7732d
report_cutoff_background,leave_city_out,buffalo,M2,2,"{""max_depth"": 3, ""reg_lambda"": 10}",3,0.8376987129937835,969,141,318dab8b80992d06d6ec7c7cc693bdad454aac3c5afdd86c1594a0cac149678b,0286f39a5636f04b9afb4b6bdfab7020561b6273fbd078045b744f20fcc2c79b
report_cutoff_background,leave_city_out,buffalo,M2,2,"{""max_depth"": 3, ""reg_lambda"": 10}",4,0.7269393426116428,897,237,66317126577059cbd46aff8dbbe681694833a83155a328775c4fbe8631d69d2a,bc524ad27226077fc692991851c29694964ebc67e0b748288337c5284d584be1
report_cutoff_background,leave_city_out,buffalo,M2,2,"{""max_depth"": 3, ""reg_lambda"": 10}",MEAN,0.6439831635944644,1146,1146,9dd1d722e953dca421a30bafacd210c5427ef16a1028f11b2a6137b168f0af9b,
report_cutoff_background,leave_city_out,buffalo,M2,3,"{""max_depth"": 3, ""reg_lambda"": 1}",0,0.32197043219461696,1074,72,671046a14446ff4015986ff5262aa3698381a3c2d59f4c64dab780141e9c6a8e,6ec3b019816e1672014f2b6c44139d77a453e8a723aa94c99ff1a339dc270ab2
report_cutoff_background,leave_city_out,buffalo,M2,3,"{""max_depth"": 3, ""reg_lambda"": 1}",1,0.7326566221233899,630,462,206676a1f8fb0de7fd3881e543459e91841dc6823d88e14b853d0b3a35bb15f6,50e9c4f001ca1bfc479c6d714b059b22a4ee665e3f4652a57b7aab6f63934769
report_cutoff_background,leave_city_out,buffalo,M2,3,"{""max_depth"": 3, ""reg_lambda"": 1}",2,0.6127496661034016,880,234,e050a2baada4ff941346efe32b5b49b3c5f0a2e3c20956c8af14a6455f9e976c,409c79794d38a24274df78762d0b1ba3b4cd6c0a5fbd0988a82afc694ef7732d
report_cutoff_background,leave_city_out,buffalo,M2,3,"{""max_depth"": 3, ""reg_lambda"": 1}",3,0.8141259760611561,969,141,318dab8b80992d06d6ec7c7cc693bdad454aac3c5afdd86c1594a0cac149678b,0286f39a5636f04b9afb4b6bdfab7020561b6273fbd078045b744f20fcc2c79b
report_cutoff_background,leave_city_out,buffalo,M2,3,"{""max_depth"": 3, ""reg_lambda"": 1}",4,0.7330090723588591,897,237,66317126577059cbd46aff8dbbe681694833a83155a328775c4fbe8631d69d2a,bc524ad27226077fc692991851c29694964ebc67e0b748288337c5284d584be1
report_cutoff_background,leave_city_out,buffalo,M2,3,"{""max_depth"": 3, ""reg_lambda"": 1}",MEAN,0.6429023537682849,1146,1146,9dd1d722e953dca421a30bafacd210c5427ef16a1028f11b2a6137b168f0af9b,
report_cutoff_background,leave_city_out,rochester,M0,0,{},0,0.20119911048703618,1073,85,7f0f18459696577fc6f1bef5ec01ac3903fe8980f370a669c39609e27c6f6285,a08aae971d36119e88159fb2bc2a023e97a48222682fd74656303efcb37c1133
report_cutoff_background,leave_city_out,rochester,M0,0,{},1,0.7389328569118764,633,473,8eaa7b5a3d80ec44fc9bc7149845fa63563319a4388f90316d589be11fc22238,7e86f55b9aded5a04a8d086ebadfe9aa4fab584a501d0bcef3b6c1a09300b28f
report_cutoff_background,leave_city_out,rochester,M0,0,{},2,0.6009806489473782,906,226,39a293a8bb8266f15542023b91b4086afd6b4b647187b855182be129664a4477,1bf36cf2f0fbda4789915d1de30950c1b3be47bd8a1e6f3681c08a755bfc871d
report_cutoff_background,leave_city_out,rochester,M0,0,{},3,0.7933382228353634,984,141,b1cebb051688ab4b4971132f4183c70f371c36b1d79c126429f74ea8e72a4d1e,149197e5fa72e48c82d7d99d1a07fb70a032d2a99b45962a60009dff629e6060
report_cutoff_background,leave_city_out,rochester,M0,0,{},4,0.7202659096206814,914,238,f0fe70c73667b75ef63e488f6c2e1a3dc188ca42928198ec8c7716463cd43b31,e4349262ae92e0c3c6e2b83af094d74f382af17820f75b3797f4d8394f24926b
report_cutoff_background,leave_city_out,rochester,M0,0,{},MEAN,0.6109433497604672,1163,1163,566b48ff0ff88800a77fd1aa0670f084181be443c320f83f3a0189e2aa67d26d,
report_cutoff_background,leave_city_out,rochester,M1,0,"{""C"": 0.1}",0,0.26128810318746537,1073,85,7f0f18459696577fc6f1bef5ec01ac3903fe8980f370a669c39609e27c6f6285,a08aae971d36119e88159fb2bc2a023e97a48222682fd74656303efcb37c1133
report_cutoff_background,leave_city_out,rochester,M1,0,"{""C"": 0.1}",1,0.7486036825672785,633,473,8eaa7b5a3d80ec44fc9bc7149845fa63563319a4388f90316d589be11fc22238,7e86f55b9aded5a04a8d086ebadfe9aa4fab584a501d0bcef3b6c1a09300b28f
report_cutoff_background,leave_city_out,rochester,M1,0,"{""C"": 0.1}",2,0.6227851184487146,906,226,39a293a8bb8266f15542023b91b4086afd6b4b647187b855182be129664a4477,1bf36cf2f0fbda4789915d1de30950c1b3be47bd8a1e6f3681c08a755bfc871d
report_cutoff_background,leave_city_out,rochester,M1,0,"{""C"": 0.1}",3,0.8115729683079205,984,141,b1cebb051688ab4b4971132f4183c70f371c36b1d79c126429f74ea8e72a4d1e,149197e5fa72e48c82d7d99d1a07fb70a032d2a99b45962a60009dff629e6060
report_cutoff_background,leave_city_out,rochester,M1,0,"{""C"": 0.1}",4,0.7293022462826154,914,238,f0fe70c73667b75ef63e488f6c2e1a3dc188ca42928198ec8c7716463cd43b31,e4349262ae92e0c3c6e2b83af094d74f382af17820f75b3797f4d8394f24926b
report_cutoff_background,leave_city_out,rochester,M1,0,"{""C"": 0.1}",MEAN,0.6347104237587988,1163,1163,566b48ff0ff88800a77fd1aa0670f084181be443c320f83f3a0189e2aa67d26d,
report_cutoff_background,leave_city_out,rochester,M1,1,"{""C"": 1.0}",0,0.2456846306315178,1073,85,7f0f18459696577fc6f1bef5ec01ac3903fe8980f370a669c39609e27c6f6285,a08aae971d36119e88159fb2bc2a023e97a48222682fd74656303efcb37c1133
report_cutoff_background,leave_city_out,rochester,M1,1,"{""C"": 1.0}",1,0.7489512771990627,633,473,8eaa7b5a3d80ec44fc9bc7149845fa63563319a4388f90316d589be11fc22238,7e86f55b9aded5a04a8d086ebadfe9aa4fab584a501d0bcef3b6c1a09300b28f
report_cutoff_background,leave_city_out,rochester,M1,1,"{""C"": 1.0}",2,0.6136754568719839,906,226,39a293a8bb8266f15542023b91b4086afd6b4b647187b855182be129664a4477,1bf36cf2f0fbda4789915d1de30950c1b3be47bd8a1e6f3681c08a755bfc871d
report_cutoff_background,leave_city_out,rochester,M1,1,"{""C"": 1.0}",3,0.8117768494874075,984,141,b1cebb051688ab4b4971132f4183c70f371c36b1d79c126429f74ea8e72a4d1e,149197e5fa72e48c82d7d99d1a07fb70a032d2a99b45962a60009dff629e6060
report_cutoff_background,leave_city_out,rochester,M1,1,"{""C"": 1.0}",4,0.7262883099903448,914,238,f0fe70c73667b75ef63e488f6c2e1a3dc188ca42928198ec8c7716463cd43b31,e4349262ae92e0c3c6e2b83af094d74f382af17820f75b3797f4d8394f24926b
report_cutoff_background,leave_city_out,rochester,M1,1,"{""C"": 1.0}",MEAN,0.6292753048360633,1163,1163,566b48ff0ff88800a77fd1aa0670f084181be443c320f83f3a0189e2aa67d26d,
report_cutoff_background,leave_city_out,rochester,M1,2,"{""C"": 10.0}",0,0.24599314564591518,1073,85,7f0f18459696577fc6f1bef5ec01ac3903fe8980f370a669c39609e27c6f6285,a08aae971d36119e88159fb2bc2a023e97a48222682fd74656303efcb37c1133
report_cutoff_background,leave_city_out,rochester,M1,2,"{""C"": 10.0}",1,0.7491416979782113,633,473,8eaa7b5a3d80ec44fc9bc7149845fa63563319a4388f90316d589be11fc22238,7e86f55b9aded5a04a8d086ebadfe9aa4fab584a501d0bcef3b6c1a09300b28f
report_cutoff_background,leave_city_out,rochester,M1,2,"{""C"": 10.0}",2,0.613071514881594,906,226,39a293a8bb8266f15542023b91b4086afd6b4b647187b855182be129664a4477,1bf36cf2f0fbda4789915d1de30950c1b3be47bd8a1e6f3681c08a755bfc871d
report_cutoff_background,leave_city_out,rochester,M1,2,"{""C"": 10.0}",3,0.8117285275564515,984,141,b1cebb051688ab4b4971132f4183c70f371c36b1d79c126429f74ea8e72a4d1e,149197e5fa72e48c82d7d99d1a07fb70a032d2a99b45962a60009dff629e6060
report_cutoff_background,leave_city_out,rochester,M1,2,"{""C"": 10.0}",4,0.7260121609764123,914,238,f0fe70c73667b75ef63e488f6c2e1a3dc188ca42928198ec8c7716463cd43b31,e4349262ae92e0c3c6e2b83af094d74f382af17820f75b3797f4d8394f24926b
report_cutoff_background,leave_city_out,rochester,M1,2,"{""C"": 10.0}",MEAN,0.6291894094077168,1163,1163,566b48ff0ff88800a77fd1aa0670f084181be443c320f83f3a0189e2aa67d26d,
report_cutoff_background,leave_city_out,rochester,M2,0,"{""max_depth"": 2, ""reg_lambda"": 10}",0,0.2140749087773457,1073,85,7f0f18459696577fc6f1bef5ec01ac3903fe8980f370a669c39609e27c6f6285,a08aae971d36119e88159fb2bc2a023e97a48222682fd74656303efcb37c1133
report_cutoff_background,leave_city_out,rochester,M2,0,"{""max_depth"": 2, ""reg_lambda"": 10}",1,0.7281258050709145,633,473,8eaa7b5a3d80ec44fc9bc7149845fa63563319a4388f90316d589be11fc22238,7e86f55b9aded5a04a8d086ebadfe9aa4fab584a501d0bcef3b6c1a09300b28f
report_cutoff_background,leave_city_out,rochester,M2,0,"{""max_depth"": 2, ""reg_lambda"": 10}",2,0.6439502492869968,906,226,39a293a8bb8266f15542023b91b4086afd6b4b647187b855182be129664a4477,1bf36cf2f0fbda4789915d1de30950c1b3be47bd8a1e6f3681c08a755bfc871d
report_cutoff_background,leave_city_out,rochester,M2,0,"{""max_depth"": 2, ""reg_lambda"": 10}",3,0.8283286986057717,984,141,b1cebb051688ab4b4971132f4183c70f371c36b1d79c126429f74ea8e72a4d1e,149197e5fa72e48c82d7d99d1a07fb70a032d2a99b45962a60009dff629e6060
report_cutoff_background,leave_city_out,rochester,M2,0,"{""max_depth"": 2, ""reg_lambda"": 10}",4,0.7308210468327047,914,238,f0fe70c73667b75ef63e488f6c2e1a3dc188ca42928198ec8c7716463cd43b31,e4349262ae92e0c3c6e2b83af094d74f382af17820f75b3797f4d8394f24926b
report_cutoff_background,leave_city_out,rochester,M2,0,"{""max_depth"": 2, ""reg_lambda"": 10}",MEAN,0.6290601417147467,1163,1163,566b48ff0ff88800a77fd1aa0670f084181be443c320f83f3a0189e2aa67d26d,
report_cutoff_background,leave_city_out,rochester,M2,1,"{""max_depth"": 2, ""reg_lambda"": 1}",0,0.25995991296743176,1073,85,7f0f18459696577fc6f1bef5ec01ac3903fe8980f370a669c39609e27c6f6285,a08aae971d36119e88159fb2bc2a023e97a48222682fd74656303efcb37c1133
report_cutoff_background,leave_city_out,rochester,M2,1,"{""max_depth"": 2, ""reg_lambda"": 1}",1,0.7369929090263814,633,473,8eaa7b5a3d80ec44fc9bc7149845fa63563319a4388f90316d589be11fc22238,7e86f55b9aded5a04a8d086ebadfe9aa4fab584a501d0bcef3b6c1a09300b28f
report_cutoff_background,leave_city_out,rochester,M2,1,"{""max_depth"": 2, ""reg_lambda"": 1}",2,0.6344730752337273,906,226,39a293a8bb8266f15542023b91b4086afd6b4b647187b855182be129664a4477,1bf36cf2f0fbda4789915d1de30950c1b3be47bd8a1e6f3681c08a755bfc871d
report_cutoff_background,leave_city_out,rochester,M2,1,"{""max_depth"": 2, ""reg_lambda"": 1}",3,0.8353508363932047,984,141,b1cebb051688ab4b4971132f4183c70f371c36b1d79c126429f74ea8e72a4d1e,149197e5fa72e48c82d7d99d1a07fb70a032d2a99b45962a60009dff629e6060
report_cutoff_background,leave_city_out,rochester,M2,1,"{""max_depth"": 2, ""reg_lambda"": 1}",4,0.7492718607425227,914,238,f0fe70c73667b75ef63e488f6c2e1a3dc188ca42928198ec8c7716463cd43b31,e4349262ae92e0c3c6e2b83af094d74f382af17820f75b3797f4d8394f24926b
report_cutoff_background,leave_city_out,rochester,M2,1,"{""max_depth"": 2, ""reg_lambda"": 1}",MEAN,0.6432097188726535,1163,1163,566b48ff0ff88800a77fd1aa0670f084181be443c320f83f3a0189e2aa67d26d,
report_cutoff_background,leave_city_out,rochester,M2,2,"{""max_depth"": 3, ""reg_lambda"": 10}",0,0.21827120463909191,1073,85,7f0f18459696577fc6f1bef5ec01ac3903fe8980f370a669c39609e27c6f6285,a08aae971d36119e88159fb2bc2a023e97a48222682fd74656303efcb37c1133
report_cutoff_background,leave_city_out,rochester,M2,2,"{""max_depth"": 3, ""reg_lambda"": 10}",1,0.7018188938652843,633,473,8eaa7b5a3d80ec44fc9bc7149845fa63563319a4388f90316d589be11fc22238,7e86f55b9aded5a04a8d086ebadfe9aa4fab584a501d0bcef3b6c1a09300b28f
report_cutoff_background,leave_city_out,rochester,M2,2,"{""max_depth"": 3, ""reg_lambda"": 10}",2,0.6186600157392634,906,226,39a293a8bb8266f15542023b91b4086afd6b4b647187b855182be129664a4477,1bf36cf2f0fbda4789915d1de30950c1b3be47bd8a1e6f3681c08a755bfc871d
report_cutoff_background,leave_city_out,rochester,M2,2,"{""max_depth"": 3, ""reg_lambda"": 10}",3,0.8360777102743223,984,141,b1cebb051688ab4b4971132f4183c70f371c36b1d79c126429f74ea8e72a4d1e,149197e5fa72e48c82d7d99d1a07fb70a032d2a99b45962a60009dff629e6060
report_cutoff_background,leave_city_out,rochester,M2,2,"{""max_depth"": 3, ""reg_lambda"": 10}",4,0.7195225636347183,914,238,f0fe70c73667b75ef63e488f6c2e1a3dc188ca42928198ec8c7716463cd43b31,e4349262ae92e0c3c6e2b83af094d74f382af17820f75b3797f4d8394f24926b
report_cutoff_background,leave_city_out,rochester,M2,2,"{""max_depth"": 3, ""reg_lambda"": 10}",MEAN,0.6188700776305361,1163,1163,566b48ff0ff88800a77fd1aa0670f084181be443c320f83f3a0189e2aa67d26d,
report_cutoff_background,leave_city_out,rochester,M2,3,"{""max_depth"": 3, ""reg_lambda"": 1}",0,0.24119967486335775,1073,85,7f0f18459696577fc6f1bef5ec01ac3903fe8980f370a669c39609e27c6f6285,a08aae971d36119e88159fb2bc2a023e97a48222682fd74656303efcb37c1133
report_cutoff_background,leave_city_out,rochester,M2,3,"{""max_depth"": 3, ""reg_lambda"": 1}",1,0.7302764049374038,633,473,8eaa7b5a3d80ec44fc9bc7149845fa63563319a4388f90316d589be11fc22238,7e86f55b9aded5a04a8d086ebadfe9aa4fab584a501d0bcef3b6c1a09300b28f
report_cutoff_background,leave_city_out,rochester,M2,3,"{""max_depth"": 3, ""reg_lambda"": 1}",2,0.6167889588026707,906,226,39a293a8bb8266f15542023b91b4086afd6b4b647187b855182be129664a4477,1bf36cf2f0fbda4789915d1de30950c1b3be47bd8a1e6f3681c08a755bfc871d
report_cutoff_background,leave_city_out,rochester,M2,3,"{""max_depth"": 3, ""reg_lambda"": 1}",3,0.841587774948007,984,141,b1cebb051688ab4b4971132f4183c70f371c36b1d79c126429f74ea8e72a4d1e,149197e5fa72e48c82d7d99d1a07fb70a032d2a99b45962a60009dff629e6060
report_cutoff_background,leave_city_out,rochester,M2,3,"{""max_depth"": 3, ""reg_lambda"": 1}",4,0.7267922066042187,914,238,f0fe70c73667b75ef63e488f6c2e1a3dc188ca42928198ec8c7716463cd43b31,e4349262ae92e0c3c6e2b83af094d74f382af17820f75b3797f4d8394f24926b
report_cutoff_background,leave_city_out,rochester,M2,3,"{""max_depth"": 3, ""reg_lambda"": 1}",MEAN,0.6313290040311316,1163,1163,566b48ff0ff88800a77fd1aa0670f084181be443c320f83f3a0189e2aa67d26d,
exclude_buffalo,spatial,fold_0,M0,0,{},1,0.7404467708788887,558,462,bd0d34104b6051555160fcb8c15d8fae158d0ad46ee6f8e56150ff66ffc287c5,50e9c4f001ca1bfc479c6d714b059b22a4ee665e3f4652a57b7aab6f63934769
exclude_buffalo,spatial,fold_0,M0,0,{},2,0.5886869297843205,808,234,402da6590b9cc464c534ba6f56fac14dd85b25f97b03ffc9a0906bb74047432c,409c79794d38a24274df78762d0b1ba3b4cd6c0a5fbd0988a82afc694ef7732d
exclude_buffalo,spatial,fold_0,M0,0,{},3,0.7931393785255643,897,141,d53af5c5ac5b6ee21bcde8644afdb76dd8cfb7daf94e0a813fb50a36d21f36a5,0286f39a5636f04b9afb4b6bdfab7020561b6273fbd078045b744f20fcc2c79b
exclude_buffalo,spatial,fold_0,M0,0,{},4,0.7215415505244217,825,237,90842bdeee69da480e9ea59cd32c6ed2052bd7e1880f7ed77b3c034e54a43329,bc524ad27226077fc692991851c29694964ebc67e0b748288337c5284d584be1
exclude_buffalo,spatial,fold_0,M0,0,{},MEAN,0.7109536574282989,1074,1074,671046a14446ff4015986ff5262aa3698381a3c2d59f4c64dab780141e9c6a8e,
exclude_buffalo,spatial,fold_0,M1,0,"{""C"": 0.1}",1,0.764242308255701,558,462,bd0d34104b6051555160fcb8c15d8fae158d0ad46ee6f8e56150ff66ffc287c5,50e9c4f001ca1bfc479c6d714b059b22a4ee665e3f4652a57b7aab6f63934769
exclude_buffalo,spatial,fold_0,M1,0,"{""C"": 0.1}",2,0.6249365929450293,808,234,402da6590b9cc464c534ba6f56fac14dd85b25f97b03ffc9a0906bb74047432c,409c79794d38a24274df78762d0b1ba3b4cd6c0a5fbd0988a82afc694ef7732d
exclude_buffalo,spatial,fold_0,M1,0,"{""C"": 0.1}",3,0.7959099733132825,897,141,d53af5c5ac5b6ee21bcde8644afdb76dd8cfb7daf94e0a813fb50a36d21f36a5,0286f39a5636f04b9afb4b6bdfab7020561b6273fbd078045b744f20fcc2c79b
exclude_buffalo,spatial,fold_0,M1,0,"{""C"": 0.1}",4,0.7184621984172597,825,237,90842bdeee69da480e9ea59cd32c6ed2052bd7e1880f7ed77b3c034e54a43329,bc524ad27226077fc692991851c29694964ebc67e0b748288337c5284d584be1
exclude_buffalo,spatial,fold_0,M1,0,"{""C"": 0.1}",MEAN,0.7258877682328181,1074,1074,671046a14446ff4015986ff5262aa3698381a3c2d59f4c64dab780141e9c6a8e,
exclude_buffalo,spatial,fold_0,M1,1,"{""C"": 1.0}",1,0.7700601464299411,558,462,bd0d34104b6051555160fcb8c15d8fae158d0ad46ee6f8e56150ff66ffc287c5,50e9c4f001ca1bfc479c6d714b059b22a4ee665e3f4652a57b7aab6f63934769
exclude_buffalo,spatial,fold_0,M1,1,"{""C"": 1.0}",2,0.6160597398490696,808,234,402da6590b9cc464c534ba6f56fac14dd85b25f97b03ffc9a0906bb74047432c,409c79794d38a24274df78762d0b1ba3b4cd6c0a5fbd0988a82afc694ef7732d
exclude_buffalo,spatial,fold_0,M1,1,"{""C"": 1.0}",3,0.7972286714311956,897,141,d53af5c5ac5b6ee21bcde8644afdb76dd8cfb7daf94e0a813fb50a36d21f36a5,0286f39a5636f04b9afb4b6bdfab7020561b6273fbd078045b744f20fcc2c79b
exclude_buffalo,spatial,fold_0,M1,1,"{""C"": 1.0}",4,0.715201223376478,825,237,90842bdeee69da480e9ea59cd32c6ed2052bd7e1880f7ed77b3c034e54a43329,bc524ad27226077fc692991851c29694964ebc67e0b748288337c5284d584be1
exclude_buffalo,spatial,fold_0,M1,1,"{""C"": 1.0}",MEAN,0.7246374452716711,1074,1074,671046a14446ff4015986ff5262aa3698381a3c2d59f4c64dab780141e9c6a8e,
exclude_buffalo,spatial,fold_0,M1,2,"{""C"": 10.0}",1,0.7710142385969692,558,462,bd0d34104b6051555160fcb8c15d8fae158d0ad46ee6f8e56150ff66ffc287c5,50e9c4f001ca1bfc479c6d714b059b22a4ee665e3f4652a57b7aab6f63934769
exclude_buffalo,spatial,fold_0,M1,2,"{""C"": 10.0}",2,0.6138718773238939,808,234,402da6590b9cc464c534ba6f56fac14dd85b25f97b03ffc9a0906bb74047432c,409c79794d38a24274df78762d0b1ba3b4cd6c0a5fbd0988a82afc694ef7732d
exclude_buffalo,spatial,fold_0,M1,2,"{""C"": 10.0}",3,0.7994653901040311,897,141,d53af5c5ac5b6ee21bcde8644afdb76dd8cfb7daf94e0a813fb50a36d21f36a5,0286f39a5636f04b9afb4b6bdfab7020561b6273fbd078045b744f20fcc2c79b
exclude_buffalo,spatial,fold_0,M1,2,"{""C"": 10.0}",4,0.7143945526699687,825,237,90842bdeee69da480e9ea59cd32c6ed2052bd7e1880f7ed77b3c034e54a43329,bc524ad27226077fc692991851c29694964ebc67e0b748288337c5284d584be1
exclude_buffalo,spatial,fold_0,M1,2,"{""C"": 10.0}",MEAN,0.7246865146737156,1074,1074,671046a14446ff4015986ff5262aa3698381a3c2d59f4c64dab780141e9c6a8e,
exclude_buffalo,spatial,fold_0,M2,0,"{""max_depth"": 2, ""reg_lambda"": 10}",1,0.7380853491426045,558,462,bd0d34104b6051555160fcb8c15d8fae158d0ad46ee6f8e56150ff66ffc287c5,50e9c4f001ca1bfc479c6d714b059b22a4ee665e3f4652a57b7aab6f63934769
exclude_buffalo,spatial,fold_0,M2,0,"{""max_depth"": 2, ""reg_lambda"": 10}",2,0.6403272325752861,808,234,402da6590b9cc464c534ba6f56fac14dd85b25f97b03ffc9a0906bb74047432c,409c79794d38a24274df78762d0b1ba3b4cd6c0a5fbd0988a82afc694ef7732d
exclude_buffalo,spatial,fold_0,M2,0,"{""max_depth"": 2, ""reg_lambda"": 10}",3,0.8045488217075661,897,141,d53af5c5ac5b6ee21bcde8644afdb76dd8cfb7daf94e0a813fb50a36d21f36a5,0286f39a5636f04b9afb4b6bdfab7020561b6273fbd078045b744f20fcc2c79b
exclude_buffalo,spatial,fold_0,M2,0,"{""max_depth"": 2, ""reg_lambda"": 10}",4,0.7295343205024711,825,237,90842bdeee69da480e9ea59cd32c6ed2052bd7e1880f7ed77b3c034e54a43329,bc524ad27226077fc692991851c29694964ebc67e0b748288337c5284d584be1
exclude_buffalo,spatial,fold_0,M2,0,"{""max_depth"": 2, ""reg_lambda"": 10}",MEAN,0.728123930981982,1074,1074,671046a14446ff4015986ff5262aa3698381a3c2d59f4c64dab780141e9c6a8e,
exclude_buffalo,spatial,fold_0,M2,1,"{""max_depth"": 2, ""reg_lambda"": 1}",1,0.7489265614536698,558,462,bd0d34104b6051555160fcb8c15d8fae158d0ad46ee6f8e56150ff66ffc287c5,50e9c4f001ca1bfc479c6d714b059b22a4ee665e3f4652a57b7aab6f63934769
exclude_buffalo,spatial,fold_0,M2,1,"{""max_depth"": 2, ""reg_lambda"": 1}",2,0.6268844995536007,808,234,402da6590b9cc464c534ba6f56fac14dd85b25f97b03ffc9a0906bb74047432c,409c79794d38a24274df78762d0b1ba3b4cd6c0a5fbd0988a82afc694ef7732d
exclude_buffalo,spatial,fold_0,M2,1,"{""max_depth"": 2, ""reg_lambda"": 1}",3,0.8093347460058288,897,141,d53af5c5ac5b6ee21bcde8644afdb76dd8cfb7daf94e0a813fb50a36d21f36a5,0286f39a5636f04b9afb4b6bdfab7020561b6273fbd078045b744f20fcc2c79b
exclude_buffalo,spatial,fold_0,M2,1,"{""max_depth"": 2, ""reg_lambda"": 1}",4,0.724746990726656,825,237,90842bdeee69da480e9ea59cd32c6ed2052bd7e1880f7ed77b3c034e54a43329,bc524ad27226077fc692991851c29694964ebc67e0b748288337c5284d584be1
exclude_buffalo,spatial,fold_0,M2,1,"{""max_depth"": 2, ""reg_lambda"": 1}",MEAN,0.7274731994349388,1074,1074,671046a14446ff4015986ff5262aa3698381a3c2d59f4c64dab780141e9c6a8e,
exclude_buffalo,spatial,fold_0,M2,2,"{""max_depth"": 3, ""reg_lambda"": 10}",1,0.7167266266433252,558,462,bd0d34104b6051555160fcb8c15d8fae158d0ad46ee6f8e56150ff66ffc287c5,50e9c4f001ca1bfc479c6d714b059b22a4ee665e3f4652a57b7aab6f63934769
exclude_buffalo,spatial,fold_0,M2,2,"{""max_depth"": 3, ""reg_lambda"": 10}",2,0.6396136633035181,808,234,402da6590b9cc464c534ba6f56fac14dd85b25f97b03ffc9a0906bb74047432c,409c79794d38a24274df78762d0b1ba3b4cd6c0a5fbd0988a82afc694ef7732d
exclude_buffalo,spatial,fold_0,M2,2,"{""max_depth"": 3, ""reg_lambda"": 10}",3,0.8167021837031146,897,141,d53af5c5ac5b6ee21bcde8644afdb76dd8cfb7daf94e0a813fb50a36d21f36a5,0286f39a5636f04b9afb4b6bdfab7020561b6273fbd078045b744f20fcc2c79b
exclude_buffalo,spatial,fold_0,M2,2,"{""max_depth"": 3, ""reg_lambda"": 10}",4,0.7178830350976135,825,237,90842bdeee69da480e9ea59cd32c6ed2052bd7e1880f7ed77b3c034e54a43329,bc524ad27226077fc692991851c29694964ebc67e0b748288337c5284d584be1
exclude_buffalo,spatial,fold_0,M2,2,"{""max_depth"": 3, ""reg_lambda"": 10}",MEAN,0.7227313771868928,1074,1074,671046a14446ff4015986ff5262aa3698381a3c2d59f4c64dab780141e9c6a8e,
exclude_buffalo,spatial,fold_0,M2,3,"{""max_depth"": 3, ""reg_lambda"": 1}",1,0.7225664993804161,558,462,bd0d34104b6051555160fcb8c15d8fae158d0ad46ee6f8e56150ff66ffc287c5,50e9c4f001ca1bfc479c6d714b059b22a4ee665e3f4652a57b7aab6f63934769
exclude_buffalo,spatial,fold_0,M2,3,"{""max_depth"": 3, ""reg_lambda"": 1}",2,0.6323978790664292,808,234,402da6590b9cc464c534ba6f56fac14dd85b25f97b03ffc9a0906bb74047432c,409c79794d38a24274df78762d0b1ba3b4cd6c0a5fbd0988a82afc694ef7732d
exclude_buffalo,spatial,fold_0,M2,3,"{""max_depth"": 3, ""reg_lambda"": 1}",3,0.834775110269255,897,141,d53af5c5ac5b6ee21bcde8644afdb76dd8cfb7daf94e0a813fb50a36d21f36a5,0286f39a5636f04b9afb4b6bdfab7020561b6273fbd078045b744f20fcc2c79b
exclude_buffalo,spatial,fold_0,M2,3,"{""max_depth"": 3, ""reg_lambda"": 1}",4,0.7178982542301283,825,237,90842bdeee69da480e9ea59cd32c6ed2052bd7e1880f7ed77b3c034e54a43329,bc524ad27226077fc692991851c29694964ebc67e0b748288337c5284d584be1
exclude_buffalo,spatial,fold_0,M2,3,"{""max_depth"": 3, ""reg_lambda"": 1}",MEAN,0.7269094357365572,1074,1074,671046a14446ff4015986ff5262aa3698381a3c2d59f4c64dab780141e9c6a8e,
exclude_buffalo,spatial,fold_1,M0,0,{},0,0.21691676379176378,558,72,bd0d34104b6051555160fcb8c15d8fae158d0ad46ee6f8e56150ff66ffc287c5,6ec3b019816e1672014f2b6c44139d77a453e8a723aa94c99ff1a339dc270ab2
exclude_buffalo,spatial,fold_1,M0,0,{},2,0.5940536275276891,410,218,33e1b573a30c275d1a9b28349d6f7e6dd7b3ef6b67151e3d9ae10b5eac2a84d0,6b9dfbb220eac446e3d75f68217fe1fbb8febbbc30fb9957899513dd1cb3b2df
exclude_buffalo,spatial,fold_1,M0,0,{},3,0.8126988639400312,502,128,fe951783ca0462f7ec7f8e687fe7577615d2ea6074ef4c742db2e71a686cf8c1,4acb12df952fb9593edf36d03b149c70e9adf49b0f9393dd6badfbbdca097c04
exclude_buffalo,spatial,fold_1,M0,0,{},4,0.7360898662464719,416,212,48ddb885fb8e9a1f94841472e9ff536413b1a179d63a46afae0bc9b112971f93,27ca0b07881e3a97d271f03f7943dd68e3e9c2306f44db75d1ef2652f8b2aa6b
exclude_buffalo,spatial,fold_1,M0,0,{},MEAN,0.589939780376489,630,630,206676a1f8fb0de7fd3881e543459e91841dc6823d88e14b853d0b3a35bb15f6,
exclude_buffalo,spatial,fold_1,M1,0,"{""C"": 0.1}",0,0.3269403687320938,558,72,bd0d34104b6051555160fcb8c15d8fae158d0ad46ee6f8e56150ff66ffc287c5,6ec3b019816e1672014f2b6c44139d77a453e8a723aa94c99ff1a339dc270ab2
exclude_buffalo,spatial,fold_1,M1,0,"{""C"": 0.1}",2,0.6005825747937035,410,218,33e1b573a30c275d1a9b28349d6f7e6dd7b3ef6b67151e3d9ae10b5eac2a84d0,6b9dfbb220eac446e3d75f68217fe1fbb8febbbc30fb9957899513dd1cb3b2df
exclude_buffalo,spatial,fold_1,M1,0,"{""C"": 0.1}",3,0.8041946969302785,502,128,fe951783ca0462f7ec7f8e687fe7577615d2ea6074ef4c742db2e71a686cf8c1,4acb12df952fb9593edf36d03b149c70e9adf49b0f9393dd6badfbbdca097c04
exclude_buffalo,spatial,fold_1,M1,0,"{""C"": 0.1}",4,0.7300553632495408,416,212,48ddb885fb8e9a1f94841472e9ff536413b1a179d63a46afae0bc9b112971f93,27ca0b07881e3a97d271f03f7943dd68e3e9c2306f44db75d1ef2652f8b2aa6b
exclude_buffalo,spatial,fold_1,M1,0,"{""C"": 0.1}",MEAN,0.6154432509264041,630,630,206676a1f8fb0de7fd3881e543459e91841dc6823d88e14b853d0b3a35bb15f6,
exclude_buffalo,spatial,fold_1,M1,1,"{""C"": 1.0}",0,0.3307414967101668,558,72,bd0d34104b6051555160fcb8c15d8fae158d0ad46ee6f8e56150ff66ffc287c5,6ec3b019816e1672014f2b6c44139d77a453e8a723aa94c99ff1a339dc270ab2
exclude_buffalo,spatial,fold_1,M1,1,"{""C"": 1.0}",2,0.5594401069233111,410,218,33e1b573a30c275d1a9b28349d6f7e6dd7b3ef6b67151e3d9ae10b5eac2a84d0,6b9dfbb220eac446e3d75f68217fe1fbb8febbbc30fb9957899513dd1cb3b2df
exclude_buffalo,spatial,fold_1,M1,1,"{""C"": 1.0}",3,0.8049797999381271,502,128,fe951783ca0462f7ec7f8e687fe7577615d2ea6074ef4c742db2e71a686cf8c1,4acb12df952fb9593edf36d03b149c70e9adf49b0f9393dd6badfbbdca097c04
exclude_buffalo,spatial,fold_1,M1,1,"{""C"": 1.0}",4,0.7111694336309538,416,212,48ddb885fb8e9a1f94841472e9ff536413b1a179d63a46afae0bc9b112971f93,27ca0b07881e3a97d271f03f7943dd68e3e9c2306f44db75d1ef2652f8b2aa6b
exclude_buffalo,spatial,fold_1,M1,1,"{""C"": 1.0}",MEAN,0.6015827093006397,630,630,206676a1f8fb0de7fd3881e543459e91841dc6823d88e14b853d0b3a35bb15f6,
exclude_buffalo,spatial,fold_1,M1,2,"{""C"": 10.0}",0,0.3307414967101668,558,72,bd0d34104b6051555160fcb8c15d8fae158d0ad46ee6f8e56150ff66ffc287c5,6ec3b019816e1672014f2b6c44139d77a453e8a723aa94c99ff1a339dc270ab2
exclude_buffalo,spatial,fold_1,M1,2,"{""C"": 10.0}",2,0.553150641606156,410,218,33e1b573a30c275d1a9b28349d6f7e6dd7b3ef6b67151e3d9ae10b5eac2a84d0,6b9dfbb220eac446e3d75f68217fe1fbb8febbbc30fb9957899513dd1cb3b2df
exclude_buffalo,spatial,fold_1,M1,2,"{""C"": 10.0}",3,0.804274664245388,502,128,fe951783ca0462f7ec7f8e687fe7577615d2ea6074ef4c742db2e71a686cf8c1,4acb12df952fb9593edf36d03b149c70e9adf49b0f9393dd6badfbbdca097c04
exclude_buffalo,spatial,fold_1,M1,2,"{""C"": 10.0}",4,0.7108097423914782,416,212,48ddb885fb8e9a1f94841472e9ff536413b1a179d63a46afae0bc9b112971f93,27ca0b07881e3a97d271f03f7943dd68e3e9c2306f44db75d1ef2652f8b2aa6b
exclude_buffalo,spatial,fold_1,M1,2,"{""C"": 10.0}",MEAN,0.5997441362382973,630,630,206676a1f8fb0de7fd3881e543459e91841dc6823d88e14b853d0b3a35bb15f6,
exclude_buffalo,spatial,fold_1,M2,0,"{""max_depth"": 2, ""reg_lambda"": 10}",0,0.27685394699258004,558,72,bd0d34104b6051555160fcb8c15d8fae158d0ad46ee6f8e56150ff66ffc287c5,6ec3b019816e1672014f2b6c44139d77a453e8a723aa94c99ff1a339dc270ab2
exclude_buffalo,spatial,fold_1,M2,0,"{""max_depth"": 2, ""reg_lambda"": 10}",2,0.574994326430307,410,218,33e1b573a30c275d1a9b28349d6f7e6dd7b3ef6b67151e3d9ae10b5eac2a84d0,6b9dfbb220eac446e3d75f68217fe1fbb8febbbc30fb9957899513dd1cb3b2df
exclude_buffalo,spatial,fold_1,M2,0,"{""max_depth"": 2, ""reg_lambda"": 10}",3,0.8321992277255968,502,128,fe951783ca0462f7ec7f8e687fe7577615d2ea6074ef4c742db2e71a686cf8c1,4acb12df952fb9593edf36d03b149c70e9adf49b0f9393dd6badfbbdca097c04
exclude_buffalo,spatial,fold_1,M2,0,"{""max_depth"": 2, ""reg_lambda"": 10}",4,0.7248337966948347,416,212,48ddb885fb8e9a1f94841472e9ff536413b1a179d63a46afae0bc9b112971f93,27ca0b07881e3a97d271f03f7943dd68e3e9c2306f44db75d1ef2652f8b2aa6b
exclude_buffalo,spatial,fold_1,M2,0,"{""max_depth"": 2, ""reg_lambda"": 10}",MEAN,0.6022203244608296,630,630,206676a1f8fb0de7fd3881e543459e91841dc6823d88e14b853d0b3a35bb15f6,
exclude_buffalo,spatial,fold_1,M2,1,"{""max_depth"": 2, ""reg_lambda"": 1}",0,0.2432315981948335,558,72,bd0d34104b6051555160fcb8c15d8fae158d0ad46ee6f8e56150ff66ffc287c5,6ec3b019816e1672014f2b6c44139d77a453e8a723aa94c99ff1a339dc270ab2
exclude_buffalo,spatial,fold_1,M2,1,"{""max_depth"": 2, ""reg_lambda"": 1}",2,0.5952829313354429,410,218,33e1b573a30c275d1a9b28349d6f7e6dd7b3ef6b67151e3d9ae10b5eac2a84d0,6b9dfbb220eac446e3d75f68217fe1fbb8febbbc30fb9957899513dd1cb3b2df
exclude_buffalo,spatial,fold_1,M2,1,"{""max_depth"": 2, ""reg_lambda"": 1}",3,0.8501289788038675,502,128,fe951783ca0462f7ec7f8e687fe7577615d2ea6074ef4c742db2e71a686cf8c1,4acb12df952fb9593edf36d03b149c70e9adf49b0f9393dd6badfbbdca097c04
exclude_buffalo,spatial,fold_1,M2,1,"{""max_depth"": 2, ""reg_lambda"": 1}",4,0.7249822094353479,416,212,48ddb885fb8e9a1f94841472e9ff536413b1a179d63a46afae0bc9b112971f93,27ca0b07881e3a97d271f03f7943dd68e3e9c2306f44db75d1ef2652f8b2aa6b
exclude_buffalo,spatial,fold_1,M2,1,"{""max_depth"": 2, ""reg_lambda"": 1}",MEAN,0.603406429442373,630,630,206676a1f8fb0de7fd3881e543459e91841dc6823d88e14b853d0b3a35bb15f6,
exclude_buffalo,spatial,fold_1,M2,2,"{""max_depth"": 3, ""reg_lambda"": 10}",0,0.3049287068448334,558,72,bd0d34104b6051555160fcb8c15d8fae158d0ad46ee6f8e56150ff66ffc287c5,6ec3b019816e1672014f2b6c44139d77a453e8a723aa94c99ff1a339dc270ab2
exclude_buffalo,spatial,fold_1,M2,2,"{""max_depth"": 3, ""reg_lambda"": 10}",2,0.582078399283711,410,218,33e1b573a30c275d1a9b28349d6f7e6dd7b3ef6b67151e3d9ae10b5eac2a84d0,6b9dfbb220eac446e3d75f68217fe1fbb8febbbc30fb9957899513dd1cb3b2df
exclude_buffalo,spatial,fold_1,M2,2,"{""max_depth"": 3, ""reg_lambda"": 10}",3,0.8365875607015096,502,128,fe951783ca0462f7ec7f8e687fe7577615d2ea6074ef4c742db2e71a686cf8c1,4acb12df952fb9593edf36d03b149c70e9adf49b0f9393dd6badfbbdca097c04
exclude_buffalo,spatial,fold_1,M2,2,"{""max_depth"": 3, ""reg_lambda"": 10}",4,0.7080620439957273,416,212,48ddb885fb8e9a1f94841472e9ff536413b1a179d63a46afae0bc9b112971f93,27ca0b07881e3a97d271f03f7943dd68e3e9c2306f44db75d1ef2652f8b2aa6b
exclude_buffalo,spatial,fold_1,M2,2,"{""max_depth"": 3, ""reg_lambda"": 10}",MEAN,0.6079141777064454,630,630,206676a1f8fb0de7fd3881e543459e91841dc6823d88e14b853d0b3a35bb15f6,
exclude_buffalo,spatial,fold_1,M2,3,"{""max_depth"": 3, ""reg_lambda"": 1}",0,0.24423971406553374,558,72,bd0d34104b6051555160fcb8c15d8fae158d0ad46ee6f8e56150ff66ffc287c5,6ec3b019816e1672014f2b6c44139d77a453e8a723aa94c99ff1a339dc270ab2
exclude_buffalo,spatial,fold_1,M2,3,"{""max_depth"": 3, ""reg_lambda"": 1}",2,0.5919073884127359,410,218,33e1b573a30c275d1a9b28349d6f7e6dd7b3ef6b67151e3d9ae10b5eac2a84d0,6b9dfbb220eac446e3d75f68217fe1fbb8febbbc30fb9957899513dd1cb3b2df
exclude_buffalo,spatial,fold_1,M2,3,"{""max_depth"": 3, ""reg_lambda"": 1}",3,0.8428589146925516,502,128,fe951783ca0462f7ec7f8e687fe7577615d2ea6074ef4c742db2e71a686cf8c1,4acb12df952fb9593edf36d03b149c70e9adf49b0f9393dd6badfbbdca097c04
exclude_buffalo,spatial,fold_1,M2,3,"{""max_depth"": 3, ""reg_lambda"": 1}",4,0.7139289236644172,416,212,48ddb885fb8e9a1f94841472e9ff536413b1a179d63a46afae0bc9b112971f93,27ca0b07881e3a97d271f03f7943dd68e3e9c2306f44db75d1ef2652f8b2aa6b
exclude_buffalo,spatial,fold_1,M2,3,"{""max_depth"": 3, ""reg_lambda"": 1}",MEAN,0.5982337352088096,630,630,206676a1f8fb0de7fd3881e543459e91841dc6823d88e14b853d0b3a35bb15f6,
exclude_buffalo,spatial,fold_2,M0,0,{},0,0.21691676379176378,808,72,402da6590b9cc464c534ba6f56fac14dd85b25f97b03ffc9a0906bb74047432c,6ec3b019816e1672014f2b6c44139d77a453e8a723aa94c99ff1a339dc270ab2
exclude_buffalo,spatial,fold_2,M0,0,{},1,0.7349515550424488,410,432,33e1b573a30c275d1a9b28349d6f7e6dd7b3ef6b67151e3d9ae10b5eac2a84d0,2f7ba55b271139f5201fc342870fbd7999d3cb4b27a97bbb19c2dde2a48fd206
exclude_buffalo,spatial,fold_2,M0,0,{},3,0.7931393785255643,703,141,911ad4537b8d6b0b5b28bc4d8b9a4af03700ae60a921088749b502c46b63a58e,0286f39a5636f04b9afb4b6bdfab7020561b6273fbd078045b744f20fcc2c79b
exclude_buffalo,spatial,fold_2,M0,0,{},4,0.7226520023718003,635,235,0b86a8c238b80c50f68370a4f59f6445352eb52a8539d4241b0433475acd5072,708b6a419ee5367b1ac09cb0c95d472fb79614a8210ec7a35df71ee771cdc92b
exclude_buffalo,spatial,fold_2,M0,0,{},MEAN,0.6169149249328942,880,880,e050a2baada4ff941346efe32b5b49b3c5f0a2e3c20956c8af14a6455f9e976c,
exclude_buffalo,spatial,fold_2,M1,0,"{""C"": 0.1}",0,0.3092227217227217,808,72,402da6590b9cc464c534ba6f56fac14dd85b25f97b03ffc9a0906bb74047432c,6ec3b019816e1672014f2b6c44139d77a453e8a723aa94c99ff1a339dc270ab2
exclude_buffalo,spatial,fold_2,M1,0,"{""C"": 0.1}",1,0.7756669116992689,410,432,33e1b573a30c275d1a9b28349d6f7e6dd7b3ef6b67151e3d9ae10b5eac2a84d0,2f7ba55b271139f5201fc342870fbd7999d3cb4b27a97bbb19c2dde2a48fd206
exclude_buffalo,spatial,fold_2,M1,0,"{""C"": 0.1}",3,0.8106668002987939,703,141,911ad4537b8d6b0b5b28bc4d8b9a4af03700ae60a921088749b502c46b63a58e,0286f39a5636f04b9afb4b6bdfab7020561b6273fbd078045b744f20fcc2c79b
exclude_buffalo,spatial,fold_2,M1,0,"{""C"": 0.1}",4,0.7199845332331326,635,235,0b86a8c238b80c50f68370a4f59f6445352eb52a8539d4241b0433475acd5072,708b6a419ee5367b1ac09cb0c95d472fb79614a8210ec7a35df71ee771cdc92b
exclude_buffalo,spatial,fold_2,M1,0,"{""C"": 0.1}",MEAN,0.6538852417384793,880,880,e050a2baada4ff941346efe32b5b49b3c5f0a2e3c20956c8af14a6455f9e976c,
exclude_buffalo,spatial,fold_2,M1,1,"{""C"": 1.0}",0,0.27522401582503886,808,72,402da6590b9cc464c534ba6f56fac14dd85b25f97b03ffc9a0906bb74047432c,6ec3b019816e1672014f2b6c44139d77a453e8a723aa94c99ff1a339dc270ab2
exclude_buffalo,spatial,fold_2,M1,1,"{""C"": 1.0}",1,0.7779439343079975,410,432,33e1b573a30c275d1a9b28349d6f7e6dd7b3ef6b67151e3d9ae10b5eac2a84d0,2f7ba55b271139f5201fc342870fbd7999d3cb4b27a97bbb19c2dde2a48fd206
exclude_buffalo,spatial,fold_2,M1,1,"{""C"": 1.0}",3,0.8091558815757947,703,141,911ad4537b8d6b0b5b28bc4d8b9a4af03700ae60a921088749b502c46b63a58e,0286f39a5636f04b9afb4b6bdfab7020561b6273fbd078045b744f20fcc2c79b
exclude_buffalo,spatial,fold_2,M1,1,"{""C"": 1.0}",4,0.7157839218403402,635,235,0b86a8c238b80c50f68370a4f59f6445352eb52a8539d4241b0433475acd5072,708b6a419ee5367b1ac09cb0c95d472fb79614a8210ec7a35df71ee771cdc92b
exclude_buffalo,spatial,fold_2,M1,1,"{""C"": 1.0}",MEAN,0.6445269383872928,880,880,e050a2baada4ff941346efe32b5b49b3c5f0a2e3c20956c8af14a6455f9e976c,
exclude_buffalo,spatial,fold_2,M1,2,"{""C"": 10.0}",0,0.2583240493166964,808,72,402da6590b9cc464c534ba6f56fac14dd85b25f97b03ffc9a0906bb74047432c,6ec3b019816e1672014f2b6c44139d77a453e8a723aa94c99ff1a339dc270ab2
exclude_buffalo,spatial,fold_2,M1,2,"{""C"": 10.0}",1,0.7792695807003714,410,432,33e1b573a30c275d1a9b28349d6f7e6dd7b3ef6b67151e3d9ae10b5eac2a84d0,2f7ba55b271139f5201fc342870fbd7999d3cb4b27a97bbb19c2dde2a48fd206
exclude_buffalo,spatial,fold_2,M1,2,"{""C"": 10.0}",3,0.808820247611361,703,141,911ad4537b8d6b0b5b28bc4d8b9a4af03700ae60a921088749b502c46b63a58e,0286f39a5636f04b9afb4b6bdfab7020561b6273fbd078045b744f20fcc2c79b
exclude_buffalo,spatial,fold_2,M1,2,"{""C"": 10.0}",4,0.7161344079285484,635,235,0b86a8c238b80c50f68370a4f59f6445352eb52a8539d4241b0433475acd5072,708b6a419ee5367b1ac09cb0c95d472fb79614a8210ec7a35df71ee771cdc92b
exclude_buffalo,spatial,fold_2,M1,2,"{""C"": 10.0}",MEAN,0.6406370713892443,880,880,e050a2baada4ff941346efe32b5b49b3c5f0a2e3c20956c8af14a6455f9e976c,
exclude_buffalo,spatial,fold_2,M2,0,"{""max_depth"": 2, ""reg_lambda"": 10}",0,0.27557305123718784,808,72,402da6590b9cc464c534ba6f56fac14dd85b25f97b03ffc9a0906bb74047432c,6ec3b019816e1672014f2b6c44139d77a453e8a723aa94c99ff1a339dc270ab2
exclude_buffalo,spatial,fold_2,M2,0,"{""max_depth"": 2, ""reg_lambda"": 10}",1,0.7156575837585065,410,432,33e1b573a30c275d1a9b28349d6f7e6dd7b3ef6b67151e3d9ae10b5eac2a84d0,2f7ba55b271139f5201fc342870fbd7999d3cb4b27a97bbb19c2dde2a48fd206
exclude_buffalo,spatial,fold_2,M2,0,"{""max_depth"": 2, ""reg_lambda"": 10}",3,0.8050509601920546,703,141,911ad4537b8d6b0b5b28bc4d8b9a4af03700ae60a921088749b502c46b63a58e,0286f39a5636f04b9afb4b6bdfab7020561b6273fbd078045b744f20fcc2c79b
exclude_buffalo,spatial,fold_2,M2,0,"{""max_depth"": 2, ""reg_lambda"": 10}",4,0.7044303144952425,635,235,0b86a8c238b80c50f68370a4f59f6445352eb52a8539d4241b0433475acd5072,708b6a419ee5367b1ac09cb0c95d472fb79614a8210ec7a35df71ee771cdc92b
exclude_buffalo,spatial,fold_2,M2,0,"{""max_depth"": 2, ""reg_lambda"": 10}",MEAN,0.6251779774207479,880,880,e050a2baada4ff941346efe32b5b49b3c5f0a2e3c20956c8af14a6455f9e976c,
exclude_buffalo,spatial,fold_2,M2,1,"{""max_depth"": 2, ""reg_lambda"": 1}",0,0.24626698784307482,808,72,402da6590b9cc464c534ba6f56fac14dd85b25f97b03ffc9a0906bb74047432c,6ec3b019816e1672014f2b6c44139d77a453e8a723aa94c99ff1a339dc270ab2
exclude_buffalo,spatial,fold_2,M2,1,"{""max_depth"": 2, ""reg_lambda"": 1}",1,0.7239829349983453,410,432,33e1b573a30c275d1a9b28349d6f7e6dd7b3ef6b67151e3d9ae10b5eac2a84d0,2f7ba55b271139f5201fc342870fbd7999d3cb4b27a97bbb19c2dde2a48fd206
exclude_buffalo,spatial,fold_2,M2,1,"{""max_depth"": 2, ""reg_lambda"": 1}",3,0.8260698147627313,703,141,911ad4537b8d6b0b5b28bc4d8b9a4af03700ae60a921088749b502c46b63a58e,0286f39a5636f04b9afb4b6bdfab7020561b6273fbd078045b744f20fcc2c79b
exclude_buffalo,spatial,fold_2,M2,1,"{""max_depth"": 2, ""reg_lambda"": 1}",4,0.700089639115641,635,235,0b86a8c238b80c50f68370a4f59f6445352eb52a8539d4241b0433475acd5072,708b6a419ee5367b1ac09cb0c95d472fb79614a8210ec7a35df71ee771cdc92b
exclude_buffalo,spatial,fold_2,M2,1,"{""max_depth"": 2, ""reg_lambda"": 1}",MEAN,0.6241023441799481,880,880,e050a2baada4ff941346efe32b5b49b3c5f0a2e3c20956c8af14a6455f9e976c,
exclude_buffalo,spatial,fold_2,M2,2,"{""max_depth"": 3, ""reg_lambda"": 10}",0,0.2809216444982666,808,72,402da6590b9cc464c534ba6f56fac14dd85b25f97b03ffc9a0906bb74047432c,6ec3b019816e1672014f2b6c44139d77a453e8a723aa94c99ff1a339dc270ab2
exclude_buffalo,spatial,fold_2,M2,2,"{""max_depth"": 3, ""reg_lambda"": 10}",1,0.7136126550476283,410,432,33e1b573a30c275d1a9b28349d6f7e6dd7b3ef6b67151e3d9ae10b5eac2a84d0,2f7ba55b271139f5201fc342870fbd7999d3cb4b27a97bbb19c2dde2a48fd206
exclude_buffalo,spatial,fold_2,M2,2,"{""max_depth"": 3, ""reg_lambda"": 10}",3,0.8436119628589562,703,141,911ad4537b8d6b0b5b28bc4d8b9a4af03700ae60a921088749b502c46b63a58e,0286f39a5636f04b9afb4b6bdfab7020561b6273fbd078045b744f20fcc2c79b
exclude_buffalo,spatial,fold_2,M2,2,"{""max_depth"": 3, ""reg_lambda"": 10}",4,0.6886957043670944,635,235,0b86a8c238b80c50f68370a4f59f6445352eb52a8539d4241b0433475acd5072,708b6a419ee5367b1ac09cb0c95d472fb79614a8210ec7a35df71ee771cdc92b
exclude_buffalo,spatial,fold_2,M2,2,"{""max_depth"": 3, ""reg_lambda"": 10}",MEAN,0.6317104916929864,880,880,e050a2baada4ff941346efe32b5b49b3c5f0a2e3c20956c8af14a6455f9e976c,
exclude_buffalo,spatial,fold_2,M2,3,"{""max_depth"": 3, ""reg_lambda"": 1}",0,0.341640406162465,808,72,402da6590b9cc464c534ba6f56fac14dd85b25f97b03ffc9a0906bb74047432c,6ec3b019816e1672014f2b6c44139d77a453e8a723aa94c99ff1a339dc270ab2
exclude_buffalo,spatial,fold_2,M2,3,"{""max_depth"": 3, ""reg_lambda"": 1}",1,0.7363202232787596,410,432,33e1b573a30c275d1a9b28349d6f7e6dd7b3ef6b67151e3d9ae10b5eac2a84d0,2f7ba55b271139f5201fc342870fbd7999d3cb4b27a97bbb19c2dde2a48fd206
exclude_buffalo,spatial,fold_2,M2,3,"{""max_depth"": 3, ""reg_lambda"": 1}",3,0.8530339110312538,703,141,911ad4537b8d6b0b5b28bc4d8b9a4af03700ae60a921088749b502c46b63a58e,0286f39a5636f04b9afb4b6bdfab7020561b6273fbd078045b744f20fcc2c79b
exclude_buffalo,spatial,fold_2,M2,3,"{""max_depth"": 3, ""reg_lambda"": 1}",4,0.6866017323518379,635,235,0b86a8c238b80c50f68370a4f59f6445352eb52a8539d4241b0433475acd5072,708b6a419ee5367b1ac09cb0c95d472fb79614a8210ec7a35df71ee771cdc92b
exclude_buffalo,spatial,fold_2,M2,3,"{""max_depth"": 3, ""reg_lambda"": 1}",MEAN,0.6543990682060791,880,880,e050a2baada4ff941346efe32b5b49b3c5f0a2e3c20956c8af14a6455f9e976c,
exclude_buffalo,spatial,fold_3,M0,0,{},0,0.21691676379176378,897,72,d53af5c5ac5b6ee21bcde8644afdb76dd8cfb7daf94e0a813fb50a36d21f36a5,6ec3b019816e1672014f2b6c44139d77a453e8a723aa94c99ff1a339dc270ab2
exclude_buffalo,spatial,fold_3,M0,0,{},1,0.7372754351077908,502,426,fe951783ca0462f7ec7f8e687fe7577615d2ea6074ef4c742db2e71a686cf8c1,143d547d6d06f9f557c3c7befebc518f78cffc837360f70d9a1d0d8417611846
exclude_buffalo,spatial,fold_3,M0,0,{},2,0.5886869297843205,703,234,911ad4537b8d6b0b5b28bc4d8b9a4af03700ae60a921088749b502c46b63a58e,409c79794d38a24274df78762d0b1ba3b4cd6c0a5fbd0988a82afc694ef7732d
exclude_buffalo,spatial,fold_3,M0,0,{},4,0.7215415505244217,720,237,550fad603a24f881fa096f32824e73135005cc8bf444ebba1a9a56f9589f8139,bc524ad27226077fc692991851c29694964ebc67e0b748288337c5284d584be1
exclude_buffalo,spatial,fold_3,M0,0,{},MEAN,0.5661051698020741,969,969,318dab8b80992d06d6ec7c7cc693bdad454aac3c5afdd86c1594a0cac149678b,
exclude_buffalo,spatial,fold_3,M1,0,"{""C"": 0.1}",0,0.301438484994916,897,72,d53af5c5ac5b6ee21bcde8644afdb76dd8cfb7daf94e0a813fb50a36d21f36a5,6ec3b019816e1672014f2b6c44139d77a453e8a723aa94c99ff1a339dc270ab2
exclude_buffalo,spatial,fold_3,M1,0,"{""C"": 0.1}",1,0.7462338750781491,502,426,fe951783ca0462f7ec7f8e687fe7577615d2ea6074ef4c742db2e71a686cf8c1,143d547d6d06f9f557c3c7befebc518f78cffc837360f70d9a1d0d8417611846
exclude_buffalo,spatial,fold_3,M1,0,"{""C"": 0.1}",2,0.6452487038609578,703,234,911ad4537b8d6b0b5b28bc4d8b9a4af03700ae60a921088749b502c46b63a58e,409c79794d38a24274df78762d0b1ba3b4cd6c0a5fbd0988a82afc694ef7732d
exclude_buffalo,spatial,fold_3,M1,0,"{""C"": 0.1}",4,0.7134152745815321,720,237,550fad603a24f881fa096f32824e73135005cc8bf444ebba1a9a56f9589f8139,bc524ad27226077fc692991851c29694964ebc67e0b748288337c5284d584be1
exclude_buffalo,spatial,fold_3,M1,0,"{""C"": 0.1}",MEAN,0.6015840846288887,969,969,318dab8b80992d06d6ec7c7cc693bdad454aac3c5afdd86c1594a0cac149678b,
exclude_buffalo,spatial,fold_3,M1,1,"{""C"": 1.0}",0,0.2905908652816449,897,72,d53af5c5ac5b6ee21bcde8644afdb76dd8cfb7daf94e0a813fb50a36d21f36a5,6ec3b019816e1672014f2b6c44139d77a453e8a723aa94c99ff1a339dc270ab2
exclude_buffalo,spatial,fold_3,M1,1,"{""C"": 1.0}",1,0.7485122042479879,502,426,fe951783ca0462f7ec7f8e687fe7577615d2ea6074ef4c742db2e71a686cf8c1,143d547d6d06f9f557c3c7befebc518f78cffc837360f70d9a1d0d8417611846
exclude_buffalo,spatial,fold_3,M1,1,"{""C"": 1.0}",2,0.6313814882468951,703,234,911ad4537b8d6b0b5b28bc4d8b9a4af03700ae60a921088749b502c46b63a58e,409c79794d38a24274df78762d0b1ba3b4cd6c0a5fbd0988a82afc694ef7732d
exclude_buffalo,spatial,fold_3,M1,1,"{""C"": 1.0}",4,0.7100027851449155,720,237,550fad603a24f881fa096f32824e73135005cc8bf444ebba1a9a56f9589f8139,bc524ad27226077fc692991851c29694964ebc67e0b748288337c5284d584be1
exclude_buffalo,spatial,fold_3,M1,1,"{""C"": 1.0}",MEAN,0.5951218357303609,969,969,318dab8b80992d06d6ec7c7cc693bdad454aac3c5afdd86c1594a0cac149678b,
exclude_buffalo,spatial,fold_3,M1,2,"{""C"": 10.0}",0,0.2903351668596694,897,72,d53af5c5ac5b6ee21bcde8644afdb76dd8cfb7daf94e0a813fb50a36d21f36a5,6ec3b019816e1672014f2b6c44139d77a453e8a723aa94c99ff1a339dc270ab2
exclude_buffalo,spatial,fold_3,M1,2,"{""C"": 10.0}",1,0.7487762372066729,502,426,fe951783ca0462f7ec7f8e687fe7577615d2ea6074ef4c742db2e71a686cf8c1,143d547d6d06f9f557c3c7befebc518f78cffc837360f70d9a1d0d8417611846
exclude_buffalo,spatial,fold_3,M1,2,"{""C"": 10.0}",2,0.6280530505900168,703,234,911ad4537b8d6b0b5b28bc4d8b9a4af03700ae60a921088749b502c46b63a58e,409c79794d38a24274df78762d0b1ba3b4cd6c0a5fbd0988a82afc694ef7732d
exclude_buffalo,spatial,fold_3,M1,2,"{""C"": 10.0}",4,0.7098248323088665,720,237,550fad603a24f881fa096f32824e73135005cc8bf444ebba1a9a56f9589f8139,bc524ad27226077fc692991851c29694964ebc67e0b748288337c5284d584be1
exclude_buffalo,spatial,fold_3,M1,2,"{""C"": 10.0}",MEAN,0.5942473217413065,969,969,318dab8b80992d06d6ec7c7cc693bdad454aac3c5afdd86c1594a0cac149678b,
exclude_buffalo,spatial,fold_3,M2,0,"{""max_depth"": 2, ""reg_lambda"": 10}",0,0.24546432508410063,897,72,d53af5c5ac5b6ee21bcde8644afdb76dd8cfb7daf94e0a813fb50a36d21f36a5,6ec3b019816e1672014f2b6c44139d77a453e8a723aa94c99ff1a339dc270ab2
exclude_buffalo,spatial,fold_3,M2,0,"{""max_depth"": 2, ""reg_lambda"": 10}",1,0.7289124241316094,502,426,fe951783ca0462f7ec7f8e687fe7577615d2ea6074ef4c742db2e71a686cf8c1,143d547d6d06f9f557c3c7befebc518f78cffc837360f70d9a1d0d8417611846
exclude_buffalo,spatial,fold_3,M2,0,"{""max_depth"": 2, ""reg_lambda"": 10}",2,0.6099884282279004,703,234,911ad4537b8d6b0b5b28bc4d8b9a4af03700ae60a921088749b502c46b63a58e,409c79794d38a24274df78762d0b1ba3b4cd6c0a5fbd0988a82afc694ef7732d
exclude_buffalo,spatial,fold_3,M2,0,"{""max_depth"": 2, ""reg_lambda"": 10}",4,0.7267596724381851,720,237,550fad603a24f881fa096f32824e73135005cc8bf444ebba1a9a56f9589f8139,bc524ad27226077fc692991851c29694964ebc67e0b748288337c5284d584be1
exclude_buffalo,spatial,fold_3,M2,0,"{""max_depth"": 2, ""reg_lambda"": 10}",MEAN,0.5777812124704489,969,969,318dab8b80992d06d6ec7c7cc693bdad454aac3c5afdd86c1594a0cac149678b,
exclude_buffalo,spatial,fold_3,M2,1,"{""max_depth"": 2, ""reg_lambda"": 1}",0,0.25578631138975966,897,72,d53af5c5ac5b6ee21bcde8644afdb76dd8cfb7daf94e0a813fb50a36d21f36a5,6ec3b019816e1672014f2b6c44139d77a453e8a723aa94c99ff1a339dc270ab2
exclude_buffalo,spatial,fold_3,M2,1,"{""max_depth"": 2, ""reg_lambda"": 1}",1,0.7536807224188881,502,426,fe951783ca0462f7ec7f8e687fe7577615d2ea6074ef4c742db2e71a686cf8c1,143d547d6d06f9f557c3c7befebc518f78cffc837360f70d9a1d0d8417611846
exclude_buffalo,spatial,fold_3,M2,1,"{""max_depth"": 2, ""reg_lambda"": 1}",2,0.6268935826200248,703,234,911ad4537b8d6b0b5b28bc4d8b9a4af03700ae60a921088749b502c46b63a58e,409c79794d38a24274df78762d0b1ba3b4cd6c0a5fbd0988a82afc694ef7732d
exclude_buffalo,spatial,fold_3,M2,1,"{""max_depth"": 2, ""reg_lambda"": 1}",4,0.7277325756002503,720,237,550fad603a24f881fa096f32824e73135005cc8bf444ebba1a9a56f9589f8139,bc524ad27226077fc692991851c29694964ebc67e0b748288337c5284d584be1
exclude_buffalo,spatial,fold_3,M2,1,"{""max_depth"": 2, ""reg_lambda"": 1}",MEAN,0.5910232980072307,969,969,318dab8b80992d06d6ec7c7cc693bdad454aac3c5afdd86c1594a0cac149678b,
exclude_buffalo,spatial,fold_3,M2,2,"{""max_depth"": 3, ""reg_lambda"": 10}",0,0.2360996357763599,897,72,d53af5c5ac5b6ee21bcde8644afdb76dd8cfb7daf94e0a813fb50a36d21f36a5,6ec3b019816e1672014f2b6c44139d77a453e8a723aa94c99ff1a339dc270ab2
exclude_buffalo,spatial,fold_3,M2,2,"{""max_depth"": 3, ""reg_lambda"": 10}",1,0.711737226668459,502,426,fe951783ca0462f7ec7f8e687fe7577615d2ea6074ef4c742db2e71a686cf8c1,143d547d6d06f9f557c3c7befebc518f78cffc837360f70d9a1d0d8417611846
exclude_buffalo,spatial,fold_3,M2,2,"{""max_depth"": 3, ""reg_lambda"": 10}",2,0.6003539351130693,703,234,911ad4537b8d6b0b5b28bc4d8b9a4af03700ae60a921088749b502c46b63a58e,409c79794d38a24274df78762d0b1ba3b4cd6c0a5fbd0988a82afc694ef7732d
exclude_buffalo,spatial,fold_3,M2,2,"{""max_depth"": 3, ""reg_lambda"": 10}",4,0.7228534498572816,720,237,550fad603a24f881fa096f32824e73135005cc8bf444ebba1a9a56f9589f8139,bc524ad27226077fc692991851c29694964ebc67e0b748288337c5284d584be1
exclude_buffalo,spatial,fold_3,M2,2,"{""max_depth"": 3, ""reg_lambda"": 10}",MEAN,0.5677610618537925,969,969,318dab8b80992d06d6ec7c7cc693bdad454aac3c5afdd86c1594a0cac149678b,
exclude_buffalo,spatial,fold_3,M2,3,"{""max_depth"": 3, ""reg_lambda"": 1}",0,0.27309821611382135,897,72,d53af5c5ac5b6ee21bcde8644afdb76dd8cfb7daf94e0a813fb50a36d21f36a5,6ec3b019816e1672014f2b6c44139d77a453e8a723aa94c99ff1a339dc270ab2
exclude_buffalo,spatial,fold_3,M2,3,"{""max_depth"": 3, ""reg_lambda"": 1}",1,0.735914255923042,502,426,fe951783ca0462f7ec7f8e687fe7577615d2ea6074ef4c742db2e71a686cf8c1,143d547d6d06f9f557c3c7befebc518f78cffc837360f70d9a1d0d8417611846
exclude_buffalo,spatial,fold_3,M2,3,"{""max_depth"": 3, ""reg_lambda"": 1}",2,0.6095592364140527,703,234,911ad4537b8d6b0b5b28bc4d8b9a4af03700ae60a921088749b502c46b63a58e,409c79794d38a24274df78762d0b1ba3b4cd6c0a5fbd0988a82afc694ef7732d
exclude_buffalo,spatial,fold_3,M2,3,"{""max_depth"": 3, ""reg_lambda"": 1}",4,0.7166256240840639,720,237,550fad603a24f881fa096f32824e73135005cc8bf444ebba1a9a56f9589f8139,bc524ad27226077fc692991851c29694964ebc67e0b748288337c5284d584be1
exclude_buffalo,spatial,fold_3,M2,3,"{""max_depth"": 3, ""reg_lambda"": 1}",MEAN,0.583799333133745,969,969,318dab8b80992d06d6ec7c7cc693bdad454aac3c5afdd86c1594a0cac149678b,
exclude_buffalo,spatial,fold_4,M0,0,{},0,0.21691676379176378,825,72,90842bdeee69da480e9ea59cd32c6ed2052bd7e1880f7ed77b3c034e54a43329,6ec3b019816e1672014f2b6c44139d77a453e8a723aa94c99ff1a339dc270ab2
exclude_buffalo,spatial,fold_4,M0,0,{},1,0.738598490821196,416,452,48ddb885fb8e9a1f94841472e9ff536413b1a179d63a46afae0bc9b112971f93,a070f9a9e26ded4c77b92a5dbe4de3726875a0d1ea550543eb6ea18483f7baf0
exclude_buffalo,spatial,fold_4,M0,0,{},2,0.5879851110546996,635,232,0b86a8c238b80c50f68370a4f59f6445352eb52a8539d4241b0433475acd5072,2acb7d791136098bc30b48396996ddf2b78f3fc1c87b6912b46cfaab29eae077
exclude_buffalo,spatial,fold_4,M0,0,{},3,0.7931393785255643,720,141,550fad603a24f881fa096f32824e73135005cc8bf444ebba1a9a56f9589f8139,0286f39a5636f04b9afb4b6bdfab7020561b6273fbd078045b744f20fcc2c79b
exclude_buffalo,spatial,fold_4,M0,0,{},MEAN,0.5841599360483059,897,897,66317126577059cbd46aff8dbbe681694833a83155a328775c4fbe8631d69d2a,
exclude_buffalo,spatial,fold_4,M1,0,"{""C"": 0.1}",0,0.31119293025127936,825,72,90842bdeee69da480e9ea59cd32c6ed2052bd7e1880f7ed77b3c034e54a43329,6ec3b019816e1672014f2b6c44139d77a453e8a723aa94c99ff1a339dc270ab2
exclude_buffalo,spatial,fold_4,M1,0,"{""C"": 0.1}",1,0.7411702526289665,416,452,48ddb885fb8e9a1f94841472e9ff536413b1a179d63a46afae0bc9b112971f93,a070f9a9e26ded4c77b92a5dbe4de3726875a0d1ea550543eb6ea18483f7baf0
exclude_buffalo,spatial,fold_4,M1,0,"{""C"": 0.1}",2,0.6276785878628045,635,232,0b86a8c238b80c50f68370a4f59f6445352eb52a8539d4241b0433475acd5072,2acb7d791136098bc30b48396996ddf2b78f3fc1c87b6912b46cfaab29eae077
exclude_buffalo,spatial,fold_4,M1,0,"{""C"": 0.1}",3,0.7873402724931088,720,141,550fad603a24f881fa096f32824e73135005cc8bf444ebba1a9a56f9589f8139,0286f39a5636f04b9afb4b6bdfab7020561b6273fbd078045b744f20fcc2c79b
exclude_buffalo,spatial,fold_4,M1,0,"{""C"": 0.1}",MEAN,0.6168455108090398,897,897,66317126577059cbd46aff8dbbe681694833a83155a328775c4fbe8631d69d2a,
exclude_buffalo,spatial,fold_4,M1,1,"{""C"": 1.0}",0,0.3104554723895578,825,72,90842bdeee69da480e9ea59cd32c6ed2052bd7e1880f7ed77b3c034e54a43329,6ec3b019816e1672014f2b6c44139d77a453e8a723aa94c99ff1a339dc270ab2
exclude_buffalo,spatial,fold_4,M1,1,"{""C"": 1.0}",1,0.7392568485747174,416,452,48ddb885fb8e9a1f94841472e9ff536413b1a179d63a46afae0bc9b112971f93,a070f9a9e26ded4c77b92a5dbe4de3726875a0d1ea550543eb6ea18483f7baf0
exclude_buffalo,spatial,fold_4,M1,1,"{""C"": 1.0}",2,0.6027379390457469,635,232,0b86a8c238b80c50f68370a4f59f6445352eb52a8539d4241b0433475acd5072,2acb7d791136098bc30b48396996ddf2b78f3fc1c87b6912b46cfaab29eae077
exclude_buffalo,spatial,fold_4,M1,1,"{""C"": 1.0}",3,0.7903822789220531,720,141,550fad603a24f881fa096f32824e73135005cc8bf444ebba1a9a56f9589f8139,0286f39a5636f04b9afb4b6bdfab7020561b6273fbd078045b744f20fcc2c79b
exclude_buffalo,spatial,fold_4,M1,1,"{""C"": 1.0}",MEAN,0.6107081347330188,897,897,66317126577059cbd46aff8dbbe681694833a83155a328775c4fbe8631d69d2a,
exclude_buffalo,spatial,fold_4,M1,2,"{""C"": 10.0}",0,0.3104554723895578,825,72,90842bdeee69da480e9ea59cd32c6ed2052bd7e1880f7ed77b3c034e54a43329,6ec3b019816e1672014f2b6c44139d77a453e8a723aa94c99ff1a339dc270ab2
exclude_buffalo,spatial,fold_4,M1,2,"{""C"": 10.0}",1,0.7388974326746784,416,452,48ddb885fb8e9a1f94841472e9ff536413b1a179d63a46afae0bc9b112971f93,a070f9a9e26ded4c77b92a5dbe4de3726875a0d1ea550543eb6ea18483f7baf0
exclude_buffalo,spatial,fold_4,M1,2,"{""C"": 10.0}",2,0.6003992558329663,635,232,0b86a8c238b80c50f68370a4f59f6445352eb52a8539d4241b0433475acd5072,2acb7d791136098bc30b48396996ddf2b78f3fc1c87b6912b46cfaab29eae077
exclude_buffalo,spatial,fold_4,M1,2,"{""C"": 10.0}",3,0.7902935217209288,720,141,550fad603a24f881fa096f32824e73135005cc8bf444ebba1a9a56f9589f8139,0286f39a5636f04b9afb4b6bdfab7020561b6273fbd078045b744f20fcc2c79b
exclude_buffalo,spatial,fold_4,M1,2,"{""C"": 10.0}",MEAN,0.6100114206545328,897,897,66317126577059cbd46aff8dbbe681694833a83155a328775c4fbe8631d69d2a,
exclude_buffalo,spatial,fold_4,M2,0,"{""max_depth"": 2, ""reg_lambda"": 10}",0,0.26310416162106504,825,72,90842bdeee69da480e9ea59cd32c6ed2052bd7e1880f7ed77b3c034e54a43329,6ec3b019816e1672014f2b6c44139d77a453e8a723aa94c99ff1a339dc270ab2
exclude_buffalo,spatial,fold_4,M2,0,"{""max_depth"": 2, ""reg_lambda"": 10}",1,0.6981249383404778,416,452,48ddb885fb8e9a1f94841472e9ff536413b1a179d63a46afae0bc9b112971f93,a070f9a9e26ded4c77b92a5dbe4de3726875a0d1ea550543eb6ea18483f7baf0
exclude_buffalo,spatial,fold_4,M2,0,"{""max_depth"": 2, ""reg_lambda"": 10}",2,0.6056735382127099,635,232,0b86a8c238b80c50f68370a4f59f6445352eb52a8539d4241b0433475acd5072,2acb7d791136098bc30b48396996ddf2b78f3fc1c87b6912b46cfaab29eae077
exclude_buffalo,spatial,fold_4,M2,0,"{""max_depth"": 2, ""reg_lambda"": 10}",3,0.8037475108604283,720,141,550fad603a24f881fa096f32824e73135005cc8bf444ebba1a9a56f9589f8139,0286f39a5636f04b9afb4b6bdfab7020561b6273fbd078045b744f20fcc2c79b
exclude_buffalo,spatial,fold_4,M2,0,"{""max_depth"": 2, ""reg_lambda"": 10}",MEAN,0.5926625372586702,897,897,66317126577059cbd46aff8dbbe681694833a83155a328775c4fbe8631d69d2a,
exclude_buffalo,spatial,fold_4,M2,1,"{""max_depth"": 2, ""reg_lambda"": 1}",0,0.291768927674648,825,72,90842bdeee69da480e9ea59cd32c6ed2052bd7e1880f7ed77b3c034e54a43329,6ec3b019816e1672014f2b6c44139d77a453e8a723aa94c99ff1a339dc270ab2
exclude_buffalo,spatial,fold_4,M2,1,"{""max_depth"": 2, ""reg_lambda"": 1}",1,0.701087536569904,416,452,48ddb885fb8e9a1f94841472e9ff536413b1a179d63a46afae0bc9b112971f93,a070f9a9e26ded4c77b92a5dbe4de3726875a0d1ea550543eb6ea18483f7baf0
exclude_buffalo,spatial,fold_4,M2,1,"{""max_depth"": 2, ""reg_lambda"": 1}",2,0.6209809756856968,635,232,0b86a8c238b80c50f68370a4f59f6445352eb52a8539d4241b0433475acd5072,2acb7d791136098bc30b48396996ddf2b78f3fc1c87b6912b46cfaab29eae077
exclude_buffalo,spatial,fold_4,M2,1,"{""max_depth"": 2, ""reg_lambda"": 1}",3,0.8055500039664085,720,141,550fad603a24f881fa096f32824e73135005cc8bf444ebba1a9a56f9589f8139,0286f39a5636f04b9afb4b6bdfab7020561b6273fbd078045b744f20fcc2c79b
exclude_buffalo,spatial,fold_4,M2,1,"{""max_depth"": 2, ""reg_lambda"": 1}",MEAN,0.6048468609741644,897,897,66317126577059cbd46aff8dbbe681694833a83155a328775c4fbe8631d69d2a,
exclude_buffalo,spatial,fold_4,M2,2,"{""max_depth"": 3, ""reg_lambda"": 10}",0,0.2715863760057124,825,72,90842bdeee69da480e9ea59cd32c6ed2052bd7e1880f7ed77b3c034e54a43329,6ec3b019816e1672014f2b6c44139d77a453e8a723aa94c99ff1a339dc270ab2
exclude_buffalo,spatial,fold_4,M2,2,"{""max_depth"": 3, ""reg_lambda"": 10}",1,0.7035607345321739,416,452,48ddb885fb8e9a1f94841472e9ff536413b1a179d63a46afae0bc9b112971f93,a070f9a9e26ded4c77b92a5dbe4de3726875a0d1ea550543eb6ea18483f7baf0
exclude_buffalo,spatial,fold_4,M2,2,"{""max_depth"": 3, ""reg_lambda"": 10}",2,0.624474495321349,635,232,0b86a8c238b80c50f68370a4f59f6445352eb52a8539d4241b0433475acd5072,2acb7d791136098bc30b48396996ddf2b78f3fc1c87b6912b46cfaab29eae077
exclude_buffalo,spatial,fold_4,M2,2,"{""max_depth"": 3, ""reg_lambda"": 10}",3,0.8151950987655242,720,141,550fad603a24f881fa096f32824e73135005cc8bf444ebba1a9a56f9589f8139,0286f39a5636f04b9afb4b6bdfab7020561b6273fbd078045b744f20fcc2c79b
exclude_buffalo,spatial,fold_4,M2,2,"{""max_depth"": 3, ""reg_lambda"": 10}",MEAN,0.6037041761561899,897,897,66317126577059cbd46aff8dbbe681694833a83155a328775c4fbe8631d69d2a,
exclude_buffalo,spatial,fold_4,M2,3,"{""max_depth"": 3, ""reg_lambda"": 1}",0,0.2753770148410241,825,72,90842bdeee69da480e9ea59cd32c6ed2052bd7e1880f7ed77b3c034e54a43329,6ec3b019816e1672014f2b6c44139d77a453e8a723aa94c99ff1a339dc270ab2
exclude_buffalo,spatial,fold_4,M2,3,"{""max_depth"": 3, ""reg_lambda"": 1}",1,0.691165764883408,416,452,48ddb885fb8e9a1f94841472e9ff536413b1a179d63a46afae0bc9b112971f93,a070f9a9e26ded4c77b92a5dbe4de3726875a0d1ea550543eb6ea18483f7baf0
exclude_buffalo,spatial,fold_4,M2,3,"{""max_depth"": 3, ""reg_lambda"": 1}",2,0.6177319449769042,635,232,0b86a8c238b80c50f68370a4f59f6445352eb52a8539d4241b0433475acd5072,2acb7d791136098bc30b48396996ddf2b78f3fc1c87b6912b46cfaab29eae077
exclude_buffalo,spatial,fold_4,M2,3,"{""max_depth"": 3, ""reg_lambda"": 1}",3,0.8071249062714249,720,141,550fad603a24f881fa096f32824e73135005cc8bf444ebba1a9a56f9589f8139,0286f39a5636f04b9afb4b6bdfab7020561b6273fbd078045b744f20fcc2c79b
exclude_buffalo,spatial,fold_4,M2,3,"{""max_depth"": 3, ""reg_lambda"": 1}",MEAN,0.5978499077431904,897,897,66317126577059cbd46aff8dbbe681694833a83155a328775c4fbe8631d69d2a,
exclude_buffalo,leave_city_out,new_york_city,M0,0,{},1,0.41666666666666663,21,8,ebb4c239a2ae86b229c2dd5543a7b4aabe9a303d3ac6daf29fc51096751ed83b,8f5940a7f8d9a9c96871417f805e1fb26cb43c8bfa9f69118fcdea6a2d3abfa0
exclude_buffalo,leave_city_out,new_york_city,M0,0,{},2,0.26785714285714285,17,11,9f9346383cb8e51d026323a8df0a51a1862a1a0f1f2fd496c34f3b903a3d0855,ac358e3366c542a33575cfcee56b52e4911545f7a9ba5f22f2fbfc5a90255d92
exclude_buffalo,leave_city_out,new_york_city,M0,0,{},3,0.75,25,4,c9281ff0700975ee3a4cadb7921fa0f2051575dc39e1bb179f67e2ef2bf497cf,842b00cf06f934aeee1c15b9ffd2564ac7c45c0d3ffb70a3ba5ee1ece860c9fe
exclude_buffalo,leave_city_out,new_york_city,M0,0,{},4,0.5,24,4,038943da52a810fd1e45bfd2c2d18eadba459b2ff00b2269b9ea6a12f2fe6e59,71db02f09b04406f630e980d7b04dc8a52b26ac654905f8067d078cea4fe6129
exclude_buffalo,leave_city_out,new_york_city,M0,0,{},MEAN,0.4836309523809524,29,27,3cc642977ef384ce664f6eab0c0310481ce32a10a5d0fd33d291f13b1b504b0a,
exclude_buffalo,leave_city_out,new_york_city,M1,0,"{""C"": 0.1}",1,1.0,21,8,ebb4c239a2ae86b229c2dd5543a7b4aabe9a303d3ac6daf29fc51096751ed83b,8f5940a7f8d9a9c96871417f805e1fb26cb43c8bfa9f69118fcdea6a2d3abfa0
exclude_buffalo,leave_city_out,new_york_city,M1,0,"{""C"": 0.1}",2,1.0,17,11,9f9346383cb8e51d026323a8df0a51a1862a1a0f1f2fd496c34f3b903a3d0855,ac358e3366c542a33575cfcee56b52e4911545f7a9ba5f22f2fbfc5a90255d92
exclude_buffalo,leave_city_out,new_york_city,M1,0,"{""C"": 0.1}",3,1.0,25,4,c9281ff0700975ee3a4cadb7921fa0f2051575dc39e1bb179f67e2ef2bf497cf,842b00cf06f934aeee1c15b9ffd2564ac7c45c0d3ffb70a3ba5ee1ece860c9fe
exclude_buffalo,leave_city_out,new_york_city,M1,0,"{""C"": 0.1}",4,1.0,24,4,038943da52a810fd1e45bfd2c2d18eadba459b2ff00b2269b9ea6a12f2fe6e59,71db02f09b04406f630e980d7b04dc8a52b26ac654905f8067d078cea4fe6129
exclude_buffalo,leave_city_out,new_york_city,M1,0,"{""C"": 0.1}",MEAN,1.0,29,27,3cc642977ef384ce664f6eab0c0310481ce32a10a5d0fd33d291f13b1b504b0a,
exclude_buffalo,leave_city_out,new_york_city,M1,1,"{""C"": 1.0}",1,0.45,21,8,ebb4c239a2ae86b229c2dd5543a7b4aabe9a303d3ac6daf29fc51096751ed83b,8f5940a7f8d9a9c96871417f805e1fb26cb43c8bfa9f69118fcdea6a2d3abfa0
exclude_buffalo,leave_city_out,new_york_city,M1,1,"{""C"": 1.0}",2,1.0,17,11,9f9346383cb8e51d026323a8df0a51a1862a1a0f1f2fd496c34f3b903a3d0855,ac358e3366c542a33575cfcee56b52e4911545f7a9ba5f22f2fbfc5a90255d92
exclude_buffalo,leave_city_out,new_york_city,M1,1,"{""C"": 1.0}",3,1.0,25,4,c9281ff0700975ee3a4cadb7921fa0f2051575dc39e1bb179f67e2ef2bf497cf,842b00cf06f934aeee1c15b9ffd2564ac7c45c0d3ffb70a3ba5ee1ece860c9fe
exclude_buffalo,leave_city_out,new_york_city,M1,1,"{""C"": 1.0}",4,0.5,24,4,038943da52a810fd1e45bfd2c2d18eadba459b2ff00b2269b9ea6a12f2fe6e59,71db02f09b04406f630e980d7b04dc8a52b26ac654905f8067d078cea4fe6129
exclude_buffalo,leave_city_out,new_york_city,M1,1,"{""C"": 1.0}",MEAN,0.7375,29,27,3cc642977ef384ce664f6eab0c0310481ce32a10a5d0fd33d291f13b1b504b0a,
exclude_buffalo,leave_city_out,new_york_city,M1,2,"{""C"": 10.0}",1,0.24285714285714285,21,8,ebb4c239a2ae86b229c2dd5543a7b4aabe9a303d3ac6daf29fc51096751ed83b,8f5940a7f8d9a9c96871417f805e1fb26cb43c8bfa9f69118fcdea6a2d3abfa0
exclude_buffalo,leave_city_out,new_york_city,M1,2,"{""C"": 10.0}",2,1.0,17,11,9f9346383cb8e51d026323a8df0a51a1862a1a0f1f2fd496c34f3b903a3d0855,ac358e3366c542a33575cfcee56b52e4911545f7a9ba5f22f2fbfc5a90255d92
exclude_buffalo,leave_city_out,new_york_city,M1,2,"{""C"": 10.0}",3,0.75,25,4,c9281ff0700975ee3a4cadb7921fa0f2051575dc39e1bb179f67e2ef2bf497cf,842b00cf06f934aeee1c15b9ffd2564ac7c45c0d3ffb70a3ba5ee1ece860c9fe
exclude_buffalo,leave_city_out,new_york_city,M1,2,"{""C"": 10.0}",4,0.3333333333333333,24,4,038943da52a810fd1e45bfd2c2d18eadba459b2ff00b2269b9ea6a12f2fe6e59,71db02f09b04406f630e980d7b04dc8a52b26ac654905f8067d078cea4fe6129
exclude_buffalo,leave_city_out,new_york_city,M1,2,"{""C"": 10.0}",MEAN,0.5815476190476191,29,27,3cc642977ef384ce664f6eab0c0310481ce32a10a5d0fd33d291f13b1b504b0a,
exclude_buffalo,leave_city_out,new_york_city,M2,0,"{""max_depth"": 2, ""reg_lambda"": 10}",1,0.25,21,8,ebb4c239a2ae86b229c2dd5543a7b4aabe9a303d3ac6daf29fc51096751ed83b,8f5940a7f8d9a9c96871417f805e1fb26cb43c8bfa9f69118fcdea6a2d3abfa0
exclude_buffalo,leave_city_out,new_york_city,M2,0,"{""max_depth"": 2, ""reg_lambda"": 10}",2,0.18181818181818182,17,11,9f9346383cb8e51d026323a8df0a51a1862a1a0f1f2fd496c34f3b903a3d0855,ac358e3366c542a33575cfcee56b52e4911545f7a9ba5f22f2fbfc5a90255d92
exclude_buffalo,leave_city_out,new_york_city,M2,0,"{""max_depth"": 2, ""reg_lambda"": 10}",3,0.5,25,4,c9281ff0700975ee3a4cadb7921fa0f2051575dc39e1bb179f67e2ef2bf497cf,842b00cf06f934aeee1c15b9ffd2564ac7c45c0d3ffb70a3ba5ee1ece860c9fe
exclude_buffalo,leave_city_out,new_york_city,M2,0,"{""max_depth"": 2, ""reg_lambda"": 10}",4,0.25,24,4,038943da52a810fd1e45bfd2c2d18eadba459b2ff00b2269b9ea6a12f2fe6e59,71db02f09b04406f630e980d7b04dc8a52b26ac654905f8067d078cea4fe6129
exclude_buffalo,leave_city_out,new_york_city,M2,0,"{""max_depth"": 2, ""reg_lambda"": 10}",MEAN,0.29545454545454547,29,27,3cc642977ef384ce664f6eab0c0310481ce32a10a5d0fd33d291f13b1b504b0a,
exclude_buffalo,leave_city_out,new_york_city,M2,1,"{""max_depth"": 2, ""reg_lambda"": 1}",1,0.25,21,8,ebb4c239a2ae86b229c2dd5543a7b4aabe9a303d3ac6daf29fc51096751ed83b,8f5940a7f8d9a9c96871417f805e1fb26cb43c8bfa9f69118fcdea6a2d3abfa0
exclude_buffalo,leave_city_out,new_york_city,M2,1,"{""max_depth"": 2, ""reg_lambda"": 1}",2,0.18181818181818182,17,11,9f9346383cb8e51d026323a8df0a51a1862a1a0f1f2fd496c34f3b903a3d0855,ac358e3366c542a33575cfcee56b52e4911545f7a9ba5f22f2fbfc5a90255d92
exclude_buffalo,leave_city_out,new_york_city,M2,1,"{""max_depth"": 2, ""reg_lambda"": 1}",3,0.5,25,4,c9281ff0700975ee3a4cadb7921fa0f2051575dc39e1bb179f67e2ef2bf497cf,842b00cf06f934aeee1c15b9ffd2564ac7c45c0d3ffb70a3ba5ee1ece860c9fe
exclude_buffalo,leave_city_out,new_york_city,M2,1,"{""max_depth"": 2, ""reg_lambda"": 1}",4,0.25,24,4,038943da52a810fd1e45bfd2c2d18eadba459b2ff00b2269b9ea6a12f2fe6e59,71db02f09b04406f630e980d7b04dc8a52b26ac654905f8067d078cea4fe6129
exclude_buffalo,leave_city_out,new_york_city,M2,1,"{""max_depth"": 2, ""reg_lambda"": 1}",MEAN,0.29545454545454547,29,27,3cc642977ef384ce664f6eab0c0310481ce32a10a5d0fd33d291f13b1b504b0a,
exclude_buffalo,leave_city_out,new_york_city,M2,2,"{""max_depth"": 3, ""reg_lambda"": 10}",1,0.25,21,8,ebb4c239a2ae86b229c2dd5543a7b4aabe9a303d3ac6daf29fc51096751ed83b,8f5940a7f8d9a9c96871417f805e1fb26cb43c8bfa9f69118fcdea6a2d3abfa0
exclude_buffalo,leave_city_out,new_york_city,M2,2,"{""max_depth"": 3, ""reg_lambda"": 10}",2,0.18181818181818182,17,11,9f9346383cb8e51d026323a8df0a51a1862a1a0f1f2fd496c34f3b903a3d0855,ac358e3366c542a33575cfcee56b52e4911545f7a9ba5f22f2fbfc5a90255d92
exclude_buffalo,leave_city_out,new_york_city,M2,2,"{""max_depth"": 3, ""reg_lambda"": 10}",3,0.5,25,4,c9281ff0700975ee3a4cadb7921fa0f2051575dc39e1bb179f67e2ef2bf497cf,842b00cf06f934aeee1c15b9ffd2564ac7c45c0d3ffb70a3ba5ee1ece860c9fe
exclude_buffalo,leave_city_out,new_york_city,M2,2,"{""max_depth"": 3, ""reg_lambda"": 10}",4,0.25,24,4,038943da52a810fd1e45bfd2c2d18eadba459b2ff00b2269b9ea6a12f2fe6e59,71db02f09b04406f630e980d7b04dc8a52b26ac654905f8067d078cea4fe6129
exclude_buffalo,leave_city_out,new_york_city,M2,2,"{""max_depth"": 3, ""reg_lambda"": 10}",MEAN,0.29545454545454547,29,27,3cc642977ef384ce664f6eab0c0310481ce32a10a5d0fd33d291f13b1b504b0a,
exclude_buffalo,leave_city_out,new_york_city,M2,3,"{""max_depth"": 3, ""reg_lambda"": 1}",1,0.25,21,8,ebb4c239a2ae86b229c2dd5543a7b4aabe9a303d3ac6daf29fc51096751ed83b,8f5940a7f8d9a9c96871417f805e1fb26cb43c8bfa9f69118fcdea6a2d3abfa0
exclude_buffalo,leave_city_out,new_york_city,M2,3,"{""max_depth"": 3, ""reg_lambda"": 1}",2,0.18181818181818182,17,11,9f9346383cb8e51d026323a8df0a51a1862a1a0f1f2fd496c34f3b903a3d0855,ac358e3366c542a33575cfcee56b52e4911545f7a9ba5f22f2fbfc5a90255d92
exclude_buffalo,leave_city_out,new_york_city,M2,3,"{""max_depth"": 3, ""reg_lambda"": 1}",3,0.5,25,4,c9281ff0700975ee3a4cadb7921fa0f2051575dc39e1bb179f67e2ef2bf497cf,842b00cf06f934aeee1c15b9ffd2564ac7c45c0d3ffb70a3ba5ee1ece860c9fe
exclude_buffalo,leave_city_out,new_york_city,M2,3,"{""max_depth"": 3, ""reg_lambda"": 1}",4,0.25,24,4,038943da52a810fd1e45bfd2c2d18eadba459b2ff00b2269b9ea6a12f2fe6e59,71db02f09b04406f630e980d7b04dc8a52b26ac654905f8067d078cea4fe6129
exclude_buffalo,leave_city_out,new_york_city,M2,3,"{""max_depth"": 3, ""reg_lambda"": 1}",MEAN,0.29545454545454547,29,27,3cc642977ef384ce664f6eab0c0310481ce32a10a5d0fd33d291f13b1b504b0a,
exclude_buffalo,leave_city_out,rochester,M0,0,{},0,0.2244127363864206,1047,70,1807044920db023e6890a4e527b5e11df6014a65f462a39cf26c7076904ce1e6,53b82b3869ad0ef9cedc75f384d285cf7cbe283e2a15db46aa6360208a25f551
exclude_buffalo,leave_city_out,rochester,M0,0,{},1,0.7409218740134866,609,454,feca5450aa6df2cdfb8955d74b713acd3d80b3d739328029ee039559d4813f15,65be45ac4000c9904864a29a954c752c9cf9ad7d9a86bdeb0a771f779ee9c596
exclude_buffalo,leave_city_out,rochester,M0,0,{},2,0.6032463763762537,863,223,99bbdb35ca67cebf154f188a161053d0d216e6f662f4f7984574f3ae1ebb0eea,9db51fa1db503b8a00ef8e893c1893d0042f8d30d1d0085c43a6eacaeaac2d05
exclude_buffalo,leave_city_out,rochester,M0,0,{},3,0.7956470185068152,944,137,c9ecf864c56bae162b78336f1714336a06b7fbd548cb37cfa03e2db769acda1f,04edaf84620fc6776f390da304be1cb9d8dfc6164fe9ad772754fb2ec8aafc02
exclude_buffalo,leave_city_out,rochester,M0,0,{},4,0.7241021677526704,873,233,ef5fb2dd9931a3b5f5c4c5507334775affc24a88266a905ea96ddb76ff38446e,448931a5ba8bce7fa9f63e3a0f7cfa36e96c0c5772488d56343e068c54fbc854
exclude_buffalo,leave_city_out,rochester,M0,0,{},MEAN,0.6176660346071292,1117,1117,3d382046445cc12882471f30f8c3a876f3c07de969054a7d1322150522e4f525,
exclude_buffalo,leave_city_out,rochester,M1,0,"{""C"": 0.1}",0,0.32675945378151255,1047,70,1807044920db023e6890a4e527b5e11df6014a65f462a39cf26c7076904ce1e6,53b82b3869ad0ef9cedc75f384d285cf7cbe283e2a15db46aa6360208a25f551
exclude_buffalo,leave_city_out,rochester,M1,0,"{""C"": 0.1}",1,0.7476235085829455,609,454,feca5450aa6df2cdfb8955d74b713acd3d80b3d739328029ee039559d4813f15,65be45ac4000c9904864a29a954c752c9cf9ad7d9a86bdeb0a771f779ee9c596
exclude_buffalo,leave_city_out,rochester,M1,0,"{""C"": 0.1}",2,0.6254236656025377,863,223,99bbdb35ca67cebf154f188a161053d0d216e6f662f4f7984574f3ae1ebb0eea,9db51fa1db503b8a00ef8e893c1893d0042f8d30d1d0085c43a6eacaeaac2d05
exclude_buffalo,leave_city_out,rochester,M1,0,"{""C"": 0.1}",3,0.8111213146824195,944,137,c9ecf864c56bae162b78336f1714336a06b7fbd548cb37cfa03e2db769acda1f,04edaf84620fc6776f390da304be1cb9d8dfc6164fe9ad772754fb2ec8aafc02
exclude_buffalo,leave_city_out,rochester,M1,0,"{""C"": 0.1}",4,0.7274546675126532,873,233,ef5fb2dd9931a3b5f5c4c5507334775affc24a88266a905ea96ddb76ff38446e,448931a5ba8bce7fa9f63e3a0f7cfa36e96c0c5772488d56343e068c54fbc854
exclude_buffalo,leave_city_out,rochester,M1,0,"{""C"": 0.1}",MEAN,0.6476765220324138,1117,1117,3d382046445cc12882471f30f8c3a876f3c07de969054a7d1322150522e4f525,
exclude_buffalo,leave_city_out,rochester,M1,1,"{""C"": 1.0}",0,0.32726443036230884,1047,70,1807044920db023e6890a4e527b5e11df6014a65f462a39cf26c7076904ce1e6,53b82b3869ad0ef9cedc75f384d285cf7cbe283e2a15db46aa6360208a25f551
exclude_buffalo,leave_city_out,rochester,M1,1,"{""C"": 1.0}",1,0.7501347408623166,609,454,feca5450aa6df2cdfb8955d74b713acd3d80b3d739328029ee039559d4813f15,65be45ac4000c9904864a29a954c752c9cf9ad7d9a86bdeb0a771f779ee9c596
exclude_buffalo,leave_city_out,rochester,M1,1,"{""C"": 1.0}",2,0.6152193659541747,863,223,99bbdb35ca67cebf154f188a161053d0d216e6f662f4f7984574f3ae1ebb0eea,9db51fa1db503b8a00ef8e893c1893d0042f8d30d1d0085c43a6eacaeaac2d05
exclude_buffalo,leave_city_out,rochester,M1,1,"{""C"": 1.0}",3,0.8126219872691823,944,137,c9ecf864c56bae162b78336f1714336a06b7fbd548cb37cfa03e2db769acda1f,04edaf84620fc6776f390da304be1cb9d8dfc6164fe9ad772754fb2ec8aafc02
exclude_buffalo,leave_city_out,rochester,M1,1,"{""C"": 1.0}",4,0.7246563103875125,873,233,ef5fb2dd9931a3b5f5c4c5507334775affc24a88266a905ea96ddb76ff38446e,448931a5ba8bce7fa9f63e3a0f7cfa36e96c0c5772488d56343e068c54fbc854
exclude_buffalo,leave_city_out,rochester,M1,1,"{""C"": 1.0}",MEAN,0.645979366967099,1117,1117,3d382046445cc12882471f30f8c3a876f3c07de969054a7d1322150522e4f525,
exclude_buffalo,leave_city_out,rochester,M1,2,"{""C"": 10.0}",0,0.32680905695611573,1047,70,1807044920db023e6890a4e527b5e11df6014a65f462a39cf26c7076904ce1e6,53b82b3869ad0ef9cedc75f384d285cf7cbe283e2a15db46aa6360208a25f551
exclude_buffalo,leave_city_out,rochester,M1,2,"{""C"": 10.0}",1,0.7504952973625261,609,454,feca5450aa6df2cdfb8955d74b713acd3d80b3d739328029ee039559d4813f15,65be45ac4000c9904864a29a954c752c9cf9ad7d9a86bdeb0a771f779ee9c596
exclude_buffalo,leave_city_out,rochester,M1,2,"{""C"": 10.0}",2,0.6145075276159235,863,223,99bbdb35ca67cebf154f188a161053d0d216e6f662f4f7984574f3ae1ebb0eea,9db51fa1db503b8a00ef8e893c1893d0042f8d30d1d0085c43a6eacaeaac2d05
exclude_buffalo,leave_city_out,rochester,M1,2,"{""C"": 10.0}",3,0.811355568647478,944,137,c9ecf864c56bae162b78336f1714336a06b7fbd548cb37cfa03e2db769acda1f,04edaf84620fc6776f390da304be1cb9d8dfc6164fe9ad772754fb2ec8aafc02
exclude_buffalo,leave_city_out,rochester,M1,2,"{""C"": 10.0}",4,0.7243212597196055,873,233,ef5fb2dd9931a3b5f5c4c5507334775affc24a88266a905ea96ddb76ff38446e,448931a5ba8bce7fa9f63e3a0f7cfa36e96c0c5772488d56343e068c54fbc854
exclude_buffalo,leave_city_out,rochester,M1,2,"{""C"": 10.0}",MEAN,0.6454977420603297,1117,1117,3d382046445cc12882471f30f8c3a876f3c07de969054a7d1322150522e4f525,
exclude_buffalo,leave_city_out,rochester,M2,0,"{""max_depth"": 2, ""reg_lambda"": 10}",0,0.2504505170721452,1047,70,1807044920db023e6890a4e527b5e11df6014a65f462a39cf26c7076904ce1e6,53b82b3869ad0ef9cedc75f384d285cf7cbe283e2a15db46aa6360208a25f551
exclude_buffalo,leave_city_out,rochester,M2,0,"{""max_depth"": 2, ""reg_lambda"": 10}",1,0.72029591015498,609,454,feca5450aa6df2cdfb8955d74b713acd3d80b3d739328029ee039559d4813f15,65be45ac4000c9904864a29a954c752c9cf9ad7d9a86bdeb0a771f779ee9c596
exclude_buffalo,leave_city_out,rochester,M2,0,"{""max_depth"": 2, ""reg_lambda"": 10}",2,0.6329394601140044,863,223,99bbdb35ca67cebf154f188a161053d0d216e6f662f4f7984574f3ae1ebb0eea,9db51fa1db503b8a00ef8e893c1893d0042f8d30d1d0085c43a6eacaeaac2d05
exclude_buffalo,leave_city_out,rochester,M2,0,"{""max_depth"": 2, ""reg_lambda"": 10}",3,0.8176313680024898,944,137,c9ecf864c56bae162b78336f1714336a06b7fbd548cb37cfa03e2db769acda1f,04edaf84620fc6776f390da304be1cb9d8dfc6164fe9ad772754fb2ec8aafc02
exclude_buffalo,leave_city_out,rochester,M2,0,"{""max_depth"": 2, ""reg_lambda"": 10}",4,0.7325471320074612,873,233,ef5fb2dd9931a3b5f5c4c5507334775affc24a88266a905ea96ddb76ff38446e,448931a5ba8bce7fa9f63e3a0f7cfa36e96c0c5772488d56343e068c54fbc854
exclude_buffalo,leave_city_out,rochester,M2,0,"{""max_depth"": 2, ""reg_lambda"": 10}",MEAN,0.6307728774702162,1117,1117,3d382046445cc12882471f30f8c3a876f3c07de969054a7d1322150522e4f525,
exclude_buffalo,leave_city_out,rochester,M2,1,"{""max_depth"": 2, ""reg_lambda"": 1}",0,0.24565781251232072,1047,70,1807044920db023e6890a4e527b5e11df6014a65f462a39cf26c7076904ce1e6,53b82b3869ad0ef9cedc75f384d285cf7cbe283e2a15db46aa6360208a25f551
exclude_buffalo,leave_city_out,rochester,M2,1,"{""max_depth"": 2, ""reg_lambda"": 1}",1,0.7452728093987876,609,454,feca5450aa6df2cdfb8955d74b713acd3d80b3d739328029ee039559d4813f15,65be45ac4000c9904864a29a954c752c9cf9ad7d9a86bdeb0a771f779ee9c596
exclude_buffalo,leave_city_out,rochester,M2,1,"{""max_depth"": 2, ""reg_lambda"": 1}",2,0.6175872139622391,863,223,99bbdb35ca67cebf154f188a161053d0d216e6f662f4f7984574f3ae1ebb0eea,9db51fa1db503b8a00ef8e893c1893d0042f8d30d1d0085c43a6eacaeaac2d05
exclude_buffalo,leave_city_out,rochester,M2,1,"{""max_depth"": 2, ""reg_lambda"": 1}",3,0.8450564480906383,944,137,c9ecf864c56bae162b78336f1714336a06b7fbd548cb37cfa03e2db769acda1f,04edaf84620fc6776f390da304be1cb9d8dfc6164fe9ad772754fb2ec8aafc02
exclude_buffalo,leave_city_out,rochester,M2,1,"{""max_depth"": 2, ""reg_lambda"": 1}",4,0.7425135658493639,873,233,ef5fb2dd9931a3b5f5c4c5507334775affc24a88266a905ea96ddb76ff38446e,448931a5ba8bce7fa9f63e3a0f7cfa36e96c0c5772488d56343e068c54fbc854
exclude_buffalo,leave_city_out,rochester,M2,1,"{""max_depth"": 2, ""reg_lambda"": 1}",MEAN,0.63921756996267,1117,1117,3d382046445cc12882471f30f8c3a876f3c07de969054a7d1322150522e4f525,
exclude_buffalo,leave_city_out,rochester,M2,2,"{""max_depth"": 3, ""reg_lambda"": 10}",0,0.2680426871603342,1047,70,1807044920db023e6890a4e527b5e11df6014a65f462a39cf26c7076904ce1e6,53b82b3869ad0ef9cedc75f384d285cf7cbe283e2a15db46aa6360208a25f551
exclude_buffalo,leave_city_out,rochester,M2,2,"{""max_depth"": 3, ""reg_lambda"": 10}",1,0.7208737046420968,609,454,feca5450aa6df2cdfb8955d74b713acd3d80b3d739328029ee039559d4813f15,65be45ac4000c9904864a29a954c752c9cf9ad7d9a86bdeb0a771f779ee9c596
exclude_buffalo,leave_city_out,rochester,M2,2,"{""max_depth"": 3, ""reg_lambda"": 10}",2,0.6149891012238456,863,223,99bbdb35ca67cebf154f188a161053d0d216e6f662f4f7984574f3ae1ebb0eea,9db51fa1db503b8a00ef8e893c1893d0042f8d30d1d0085c43a6eacaeaac2d05
exclude_buffalo,leave_city_out,rochester,M2,2,"{""max_depth"": 3, ""reg_lambda"": 10}",3,0.8441538940397455,944,137,c9ecf864c56bae162b78336f1714336a06b7fbd548cb37cfa03e2db769acda1f,04edaf84620fc6776f390da304be1cb9d8dfc6164fe9ad772754fb2ec8aafc02
exclude_buffalo,leave_city_out,rochester,M2,2,"{""max_depth"": 3, ""reg_lambda"": 10}",4,0.7350467845904871,873,233,ef5fb2dd9931a3b5f5c4c5507334775affc24a88266a905ea96ddb76ff38446e,448931a5ba8bce7fa9f63e3a0f7cfa36e96c0c5772488d56343e068c54fbc854
exclude_buffalo,leave_city_out,rochester,M2,2,"{""max_depth"": 3, ""reg_lambda"": 10}",MEAN,0.6366212343313018,1117,1117,3d382046445cc12882471f30f8c3a876f3c07de969054a7d1322150522e4f525,
exclude_buffalo,leave_city_out,rochester,M2,3,"{""max_depth"": 3, ""reg_lambda"": 1}",0,0.2722363792127914,1047,70,1807044920db023e6890a4e527b5e11df6014a65f462a39cf26c7076904ce1e6,53b82b3869ad0ef9cedc75f384d285cf7cbe283e2a15db46aa6360208a25f551
exclude_buffalo,leave_city_out,rochester,M2,3,"{""max_depth"": 3, ""reg_lambda"": 1}",1,0.7137104370542322,609,454,feca5450aa6df2cdfb8955d74b713acd3d80b3d739328029ee039559d4813f15,65be45ac4000c9904864a29a954c752c9cf9ad7d9a86bdeb0a771f779ee9c596
exclude_buffalo,leave_city_out,rochester,M2,3,"{""max_depth"": 3, ""reg_lambda"": 1}",2,0.6063277044381031,863,223,99bbdb35ca67cebf154f188a161053d0d216e6f662f4f7984574f3ae1ebb0eea,9db51fa1db503b8a00ef8e893c1893d0042f8d30d1d0085c43a6eacaeaac2d05
exclude_buffalo,leave_city_out,rochester,M2,3,"{""max_depth"": 3, ""reg_lambda"": 1}",3,0.8438085849820334,944,137,c9ecf864c56bae162b78336f1714336a06b7fbd548cb37cfa03e2db769acda1f,04edaf84620fc6776f390da304be1cb9d8dfc6164fe9ad772754fb2ec8aafc02
exclude_buffalo,leave_city_out,rochester,M2,3,"{""max_depth"": 3, ""reg_lambda"": 1}",4,0.7429943572688404,873,233,ef5fb2dd9931a3b5f5c4c5507334775affc24a88266a905ea96ddb76ff38446e,448931a5ba8bce7fa9f63e3a0f7cfa36e96c0c5772488d56343e068c54fbc854
exclude_buffalo,leave_city_out,rochester,M2,3,"{""max_depth"": 3, ""reg_lambda"": 1}",MEAN,0.6358154925912002,1117,1117,3d382046445cc12882471f30f8c3a876f3c07de969054a7d1322150522e4f525,
