baseline_id,address,longitude,latitude,snapshot_date,source_row
fd95a7c0c7bb2f25,1000 Merchants Councourse,-73.59249,40.74675,2024-12-15,0
5ecf995c7641837a,390 West Seneca Street,-75.60661,43.07699,2024-12-15,1
f210c15a908faaab,277 North Avenue,-73.78237,40.91227,2024-12-15,2
464eb7f6fbdda10d,29 Main Street,-77.99027,42.97764,2024-12-15,3
2d1efdfbe0d2ceef,363 Hempstead Avenue,-73.66779,40.67744,2024-12-15,4
f9d76462d4707f22,1672 Sheepshead Bay Road,-73.95206,40.58615,2024-12-15,5
499a47cdad1f1798,450 Union Boulevard,-73.30012,40.70801,2024-12-15,6
f7b024668316989c,301 Third Avenue,-73.98302,40.73901,2024-12-15,7
c9317e73fb966812,613 Sunrise Highway,-73.67547,40.65478,2024-12-15,8
ca0dcf46085e37b2,262 Saratoga Road,-73.93159,42.86983,2024-12-15,9
ebdd01c9f62c4d36,100 West Dominick Street,-75.45785,43.21091,2024-12-15,10
281294649509ce93,50-52 Main Street,-73.59543,42.36334,2024-12-15,11
f5a4895da14a4006,1625 Mount Hope Avenue,-77.62102,43.11847,2024-12-15,12
295b593e646d0eaf,67 Main Street,-74.13165,44.32633,2024-12-15,13
c01e3d3a24efa7a5,11 Raymond Avenue,-73.90191,41.69516,2024-12-15,14
b77c7b3f09b28eb1,245 Love Lane,-72.53497,40.99201,2024-12-15,15
c18e41ac8ebf585e,30-33 Stratton Street,-73.83413,40.76909,2024-12-15,16
32d6c28e07fe8b5e,8491 Seneca Turnpike,-75.32075,43.08093,2024-12-15,17
59951eaeebdbe266,91-31 Queens Boulevard,-73.86955,40.73344,2024-12-15,18
906658bdd123b12d,33 New Scotland Avenue,-73.7735,42.65361,2024-12-15,19
f98a9299eb64b7e4,900 Central & Colvin Avenue,-73.79063,42.67974,2024-12-15,20
a1d097ce1ff5c1ba,100 Van Rensselaer Square,-73.68947,42.65377,2024-12-15,21
69d7fad273ec7ca7,1622 Hempstead Turnpike,-73.5761,40.72295,2024-12-15,22
a4f8dbc5a83d7f93,5094 Route 22,-73.55185,41.85906,2024-12-15,23
0c914204416c779c,20991 NYS Route 3,-75.95298,43.97504,2024-12-15,24
dc906750c183b85d,145-15 243rd Street,-73.74018,40.65922,2024-12-15,25
8ed4895cb8bccc9b,231 West Merrick Road,-73.70488,40.66813,2024-12-15,26
d47755fcbe3caa40,532 Broad Hollow Road,-73.42266,40.77473,2024-12-15,27
56cdad68957c916e,88 Bowery Street,-73.99551,40.71714,2024-12-15,28
51566207f2a72038,Chelsea Pier #60,-74.00845,40.74592,2024-12-15,29
624c9453aeae9185,750 Old Country Road,-73.56986,40.75131,2024-12-15,30
394b51d7a5e6bd9f,6601 18th Avenue,-73.99087,40.61844,2024-12-15,31
da237391bc8a03cc,486 NEPTUNE AVENUE,-73.97203,40.57977,2024-12-15,32
249d787593391c80,1202 Troy Schenectady Road,-73.82313,42.77093,2024-12-15,33
ef59a0ace746b3c6,620 West 181st Street,-73.9347,40.84973,2024-12-15,34
89231eb78e430abc,168 Church Street,-74.00767,40.71528,2024-12-15,35
76ebe1431a1b7221,1170 Castle Hill Avenue,-73.85096,40.83156,2024-12-15,36
ddeb135e32e65d5e,4612 13th Avenue,-73.99066,40.63642,2024-12-15,37
85b6fbd973695299,804 Loudon Road,-73.76173,42.74712,2024-12-15,38
a5d797c2f0f6e500,25 West 51st Street,-73.9783,40.75981,2024-12-15,39
c5d56efb4327e0ac,10 Downing Street,-74.00299,40.72954,2024-12-15,40
e51356c4c63266bf,301 West 125th Street,-73.95153,40.81032,2024-12-15,41
f8cc0fbaa33ee8b0,71 Sunset Avenue,-72.64548,40.8115,2024-12-15,42
395b09a0f2519972,120 West 23rd Street,-73.99359,40.74323,2024-12-15,43
1355810de09c1658,43-01 Bell Boulevard,-73.76986,40.76126,2024-12-15,44
683e84c99541bbbe,70-24 Myrtle Avenue,-73.88017,40.70199,2024-12-15,45
1c3c2f34edde9d78,315 Lafayette Street,-73.99518,40.72529,2024-12-15,46
ce302f99c4479e6e,619 Main Street,-73.94875,40.76324,2024-12-15,47
096639803ad788b0,2439 Route 9,-73.79128,42.96701,2024-12-15,48
adb980879eddf0ff,3105 Hempstead Turnpike,-73.52111,40.72529,2024-12-15,49
45d22bdcb40dc9e2,413 86th Street,-74.02799,40.62256,2024-12-15,50
e9c83e248956e429,2535 Richmond Avenue,-74.16689,40.58607,2024-12-15,51
02dc2497c6b43d05,555 Montauk Highway,-73.34199,40.68786,2024-12-15,52
ab82870905e6cc84,1218 Kings Highway,-73.96041,40.60789,2024-12-15,53
240c1750819f9873,2200 Montauk Highway,-72.31167,40.93396,2024-12-15,54
6cbb04abd4c9b8ab,87 Front Street,-73.85191,43.00239,2024-12-15,55
bda86741109209c8,2367 North Main Street,-78.12655,42.76583,2024-12-15,56
37071e81cb956402,4701 13th Avenue,-73.99103,40.63607,2024-12-15,57
4347299cecd89b3d,301 North Broadway,-73.53054,40.77952,2024-12-15,58
57acaae16146891a,1600 Hillside Avenue,-73.68422,40.74856,2024-12-15,59
06ee7c3557ae74de,5310 Sunrise Highway,-73.44028,40.67807,2024-12-15,60
7d90b0ed51aa56b5,115 Cedarhurst Avenue,-73.72403,40.62223,2024-12-15,61
5bbea1f048091779,Canal and Main Street,-74.39499,41.71752,2024-12-15,62
98fd1284743562c1,47 Broadway,-73.36536,40.87002,2024-12-15,63
3ac1755432e168f2,224 Church Avenue,-73.8519,42.99012,2024-12-15,64
c183f4bcdb36ad7c,33 Gerard Street,-73.42673,40.87284,2024-12-15,65
05a630d97ba0b203,1619 Sheepshead Bay Road,-73.95269,40.58698,2024-12-15,66
f836ac8c3745c6c6,839-140 New York Avenue,-73.41962,40.85863,2024-12-15,67
0bf26ba8b52ac748,3535 Long Beach Road,-73.63933,40.62466,2024-12-15,68
d759ef078c697580,63-72 108th Street,-73.84967,40.73309,2024-12-15,69
a22861d537f69050,1609 Avenue Z,-73.95304,40.5881,2024-12-15,70
9466f7e3a865b0e7,40 Peconic Avenue,-72.66255,40.91635,2024-12-15,71
30830dae0e520163,333 Merrick Road,-73.64305,40.65618,2024-12-15,72
38bb111b39412d80,79 Main Street,-73.68854,40.83053,2024-12-15,73
dff62024736a2e3a,300 Union Avenue,-73.08193,40.8116,2024-12-15,74
8f0c2af54f84369f,711 Franklin Avenue,-73.68544,40.68897,2024-12-15,75
a74335b30ee76808,339 Sand Lane,-74.0676,40.59148,2024-12-15,76
625fac6e308c3a4d,341 New Karner Road,-73.85519,42.72839,2024-12-15,77
1289d9bb3e1bb224,2022 Avenue U,-73.95057,40.59947,2024-12-15,78
a377a30e4cccfd4c,900 Third Avenue,-73.96872,40.75861,2024-12-15,79
25940b23c01ba14a,739 Pulaski Road,-73.35123,40.86849,2024-12-15,80
d9b2213323c2c1cd,3204 Latta Road,-77.69921,43.2535,2024-12-15,81
c74910b9d5c83457,287 Main Street,-74.31206,42.66391,2024-12-15,82
89580d9c1e5a02a8,50 Court Street,-73.99109,40.69236,2024-12-15,83
22fbbbafb6409aa8,3495 Bailey Ave.,-78.81303,42.95119,2024-12-15,84
2c5c8a59a56e5989,335 Madison Avenue,-73.97872,40.75356,2024-12-15,85
fe8ab14dcd28f336,291 Hamilton Street,-76.99476,42.85882,2024-12-15,86
23d04fc40c9e18e5,426 86th Street,-74.02763,40.62234,2024-12-15,88
b1af765e4407ae2d,2655 Richmond Avenue,-74.16732,40.58207,2024-12-15,89
05175ad92a355bdb,12 Westchester Square,-73.84331,40.84015,2024-12-15,90
f6a27fc1366d2a3c,1209 St. Johnland,-73.2205,40.88295,2024-12-15,91
2d937e84e0098ee2,1 Central Plaza,-75.03605,43.01493,2024-12-15,92
6220aea54e2d2717,185 Wheeler Road,-73.21198,40.80292,2024-12-15,93
e8969d2ca125986b,160 Main Street,-73.08404,40.73375,2024-12-15,94
5c175f559dc856e8,1973 86th Street,-73.99864,40.60484,2024-12-15,95
f69ad72aa4294c28,50 North Main Street,-78.04813,42.63394,2024-12-15,96
e122ba3250146097,77 Buell Street,-78.50299,43.0133,2024-12-15,97
1b35753cb054a682,6414 State Route 31,-76.07788,43.17673,2024-12-15,98
58b482d64de06dec,1000 West Montauk Highway,-73.34925,40.6836,2024-12-15,99
5ce3d83f35d62e49,1017 Montauk Highway,-72.8594,40.80326,2024-12-15,100
24878eb58a4add58,35 South Broadway,-73.89886,40.93276,2024-12-15,101
1bf8821bf39d4714,104-116 Nassau Street,-74.00727,40.71066,2024-12-15,102
057e7a446b8385ca,44 Cedar Swamp Road,-73.61995,40.85556,2024-12-15,103
4af272a37e2d32cd,337 MAIN STREET,-73.42951,40.87084,2024-12-15,104
2b3e97444dbda88d,265 Montauk Highway,-73.219,40.72795,2024-12-15,105
6759fd5ed3083260,3552-B Johnson Avenue,-73.90969,40.88655,2024-12-15,106
6c292e3ac588a500,485 Great Neck Road,-73.73248,40.77515,2024-12-15,107
4c627b0db4402502,1286 West Broadway,-73.70141,40.63895,2024-12-15,109
26da9f0d940e6bef,2455 West Ridge Road,-77.69403,43.20908,2024-12-15,110
508156962ad1392c,4697 Commercial Drive,-75.31154,43.08968,2024-12-15,111
54878ab62d8769c2,781 Eastern Parkway,-73.94252,40.66962,2024-12-15,112
028766bde0b8aa27,1119 Avenue J,-73.96443,40.62484,2024-12-15,113
fc0a1d6d78405279,61 Route 25A,-73.10835,40.94089,2024-12-15,114
fbc76adb775285df,90 Main Street,-78.1827,42.99747,2024-12-15,115
c120e01169e30eb2,1995 New Highway,-73.41411,40.75472,2024-12-15,116
efb35547f279cdf8,41-99 Main Street,-73.82837,40.75554,2024-12-15,117
25e8e73cb7847218,3838 Harlem Road,-78.78436,42.94808,2024-12-15,118
079d4a74af4d9774,4865 West Seneca Street,-76.18009,43.00594,2024-12-15,119
e540c952e8a0a283,1 Old Westbury Road,-73.62345,40.78477,2024-12-15,120
b07ab9850e95739b,857 East Main Street,-74.47067,42.68109,2024-12-15,121
7a6698476cb63f76,345 Park Avenue,-73.97318,40.7581,2024-12-15,122
ad21b53b18662316,285 Madison Avenue,-73.9801,40.75169,2024-12-15,123
5e20ff949b1ae396,31-24 Ditmars Boulevard,-73.90995,40.7756,2024-12-15,124
9fdc13ba397d4b2a,7864 Transit Road,-78.69796,42.98441,2024-12-15,125
2017d04d88d1f2ff,184 Broadway,-73.40646,43.54698,2024-12-15,126
08f090bdd3351924,27 Division Street,-73.78725,43.08182,2024-12-15,127
6f26204bb7176f0a,345 East Main Street,-73.17629,40.73499,2024-12-15,128
4c31d51ee1cafa72,628 Loudon Road (Route 9),-73.76261,42.73204,2024-12-15,129
334f8183f54d1ab1,75-25 Metropolitan Avenue,-73.87676,40.71326,2024-12-15,130
4d2690e1bfecc4f2,4361 Katonah Avenue,-73.86795,40.90078,2024-12-15,131
60f607f80a9061df,14 LaRose Street,-73.66008,43.30466,2024-12-15,132
2d827ce4d268a300,300 Merrick Road,-73.67057,40.65719,2024-12-15,133
926274ee52e91c6f,47 West Main Street,-73.01626,40.76577,2024-12-15,134
c4eee8b8fe62fb93,51 Assembly Drive,-77.50824,43.0004,2024-12-15,135
948d9ee199d9c586,1816 Penfield Road,-77.47649,43.13014,2024-12-15,136
3f38ba58b6e4d2f9,225 West Broad Street,-77.61793,43.15349,2024-12-15,137
b1193bf7eac7d31d,911 Central Park Avenue,-73.82132,40.99278,2024-12-15,138
99ead1e2d2f39cf6,1757 Union Street,-73.8994,42.80252,2024-12-15,139
2bc4d71babf27907,299 East 204th Street,-73.87877,40.87319,2024-12-15,140
d8b7cf16cd53f43d,43-73 Kissena Boulevard,-73.82288,40.75394,2024-12-15,141
a624d8785c3cb138,310 Houston Street,-73.98347,40.72144,2024-12-15,142
6c1867dde2e5a4dd,329A East 149th Street,-73.92041,40.81679,2024-12-15,143
e8af41b34f173a89,10 Fountain Plaza,-78.87426,42.88879,2024-12-15,144
30ee7bfed0018f89,92 Delancey Street,-73.98926,40.71896,2024-12-15,145
f732355748b8f4fa,485 County Road 111,-72.79879,40.87105,2024-12-15,146
1bd169997375a2f4,715 Route 211 East,-74.35832,41.46607,2024-12-15,147
7531aa7eb398a116,2604 Central Park Avenue,-73.82533,40.98479,2024-12-15,148
0f1084822260cb9c,15 Frowein Road,-72.77719,40.80888,2024-12-15,149
023d4e8e938c0e5e,750 Third Avenue,-73.97237,40.75363,2024-12-15,150
569a4a20c5139582,200 Walton Street,-76.15578,43.04797,2024-12-15,151
7db96c9f009c4b43,9865 Main Street,-78.62132,42.97457,2024-12-15,152
77757ef6d74841c2,2820 Hylan Boulevard,-74.11617,40.56401,2024-12-15,153
574a242a74b292d1,59-01 Myrtle Avenue,-73.90007,40.7005,2024-12-15,154
193f0b52d93783da,194 Mill Road,-72.64693,40.81484,2024-12-15,155
a0dc1ee630ac0ebd,248-40 Northern Boulevard,-73.73827,40.76745,2024-12-15,156
95251d2ec93eab1e,700 Allerton Avenue,-73.86716,40.86545,2024-12-15,157
0382f708feb469df,2 Jericho Plaza,-73.5501,40.7853,2024-12-15,158
2c47fb1d708cb661,6529 East Quaker Street,-78.74316,42.7673,2024-12-15,159
4ed33bd4e02bc92b,12 South Main Street,-78.54115,42.64094,2024-12-15,160
85c4812c0e623562,2077 Broadway,-73.98205,40.77866,2024-12-15,161
5c82d4b12428a9d1,127 Eighth Avenue,-74.00147,40.7412,2024-12-15,162
b7a76f131a59950c,72-35 Broadway,-73.89305,40.74738,2024-12-15,163
c0b82eeec57ecfe9,11 South Street,-77.81595,42.79364,2024-12-15,164
aa834278400ad8a8,60 Main Street,-74.43694,41.55431,2024-12-15,165
5de1321964d53478,114 Northern Boulevard,-73.62855,40.8092,2024-12-15,166
f59aefc7a43b30ef,2 Triangle Center,-73.78167,41.2781,2024-12-15,167
8811dde79d15acc7,272 EAST MAIN STREET,-73.00641,40.76539,2024-12-15,168
c707e0f61599fcb2,1045 Flatbush Avenue,-73.95805,40.64552,2024-12-15,169
63f58f6dc6bf30c9,490 Hempstead Turnpike,-73.6575,40.70632,2024-12-15,170
14cdf1b5faacb492,589 Broadway,-73.99727,40.72484,2024-12-15,171
67d3b33d5f8e88dd,882 First Avenue,-73.96626,40.75372,2024-12-15,172
19f3edcf6d3effce,222 Genesee Street,-75.23277,43.10062,2024-12-15,173
754bd27ef83856fa,52 Broadway,-74.01255,40.70673,2024-12-15,174
b9b6589f7e7ca92a,1143 Lexington Avenue,-73.95873,40.77519,2024-12-15,175
7925aed5b7a3734f,1979 Deer Park Avenue,-73.3302,40.76549,2024-12-15,176
f7a2d97312caa0bf,168-42 Hillside Avenue,-73.79357,40.71048,2024-12-15,177
7df9192b8bc33913,180 East Main Street,-73.18679,40.85576,2024-12-15,178
1ce782656da19145,3263 Franklin Avenue,-73.69532,41.7851,2024-12-15,179
f9c34fa5d193a346,2915 Stillwell Avenue,-73.98137,40.57633,2024-12-15,180
85df254c7a5ffa77,18 State Street,-77.5142,43.09077,2024-12-15,181
0dde05368df6c53f,1276 Fulton Avenue,-73.90376,40.83174,2024-12-15,182
f20143a3fb9b97ec,153-17 Cross Island Parkway,-73.80898,40.78745,2024-12-15,183
735ad0f7a6860b51,1095 Old Country Road,-72.6756,40.93091,2024-12-15,184
d88efde08f2eb3af,4401 13th Avenue,-73.98929,40.63774,2024-12-15,185
bef8c8e15722e378,34 Oriskany Boulevard,-75.29107,43.1171,2024-12-15,186
6b718fdd10b87bd2,1321 Kings Highway,-73.95935,40.60829,2024-12-15,187
d7e6ad1611cce649,752 East Tremont Avenue,-73.88922,40.84447,2024-12-15,188
5d3cce064c0142c3,224 West 4th Street,-74.00286,40.73388,2024-12-15,189
4b4e66ff876ccbb7,110 14th Street,-78.88446,42.90391,2024-12-15,190
ab80c434639e3114,576 North Greenbush Road,-73.69767,42.64915,2024-12-15,191
4a3a847719b570b6,1414 Union Avenue,-74.07035,41.52192,2024-12-15,192
b55f773a0353c4f8,57-07 Junction Boulevard,-73.86558,40.73617,2024-12-15,193
8c442ad3946d5aa0,378 Jericho Turnpike,-73.50251,40.80988,2024-12-15,194
a3936a382e82f882,25 Deshon Boulevard,-73.41062,40.76234,2024-12-15,195
a039596c914632e5,7923 3rd Avenue,-74.02924,40.62795,2024-12-15,196
b9e1f9f0bd88ebfc,470 Park Avenue,-73.98247,40.74561,2024-12-15,197
d06f42e062f5f2cd,54970 Main Road,-72.42486,41.06563,2024-12-15,198
1ef9b2718f6e227c,52-16th Fifth Avenue,-73.97709,40.68139,2024-12-15,199
9d1efa2742ec74c9,4732 Onondaga Boulevard,-76.1906,43.03264,2024-12-15,200
289ce4d9b1be2e4b,1207 Troy Schenectady Road,-73.82385,42.77288,2024-12-15,201
8a58c6bbc10ef346,41 State Street,-73.75145,42.64957,2024-12-15,202
aee23f331bc4fa4c,2305 Millersport Highway,-78.76873,43.01331,2024-12-15,203
467bd0ef4a97ee39,296 West Main Street,-75.0464,43.01998,2024-12-15,204
2f2febc9ac40331b,2021 Bartow Avenue,-73.83078,40.86911,2024-12-15,205
2eff0e9f1032718d,8 Little East Neck Road,-73.33446,40.69331,2024-12-15,206
5ee628b0f93cf5ec,60 Hempstead Avenue,-73.64018,40.7036,2024-12-15,207
4c157664e49c0040,120 South Franklin Avenue,-73.703,40.66209,2024-12-15,208
9cf335baddfcfe61,45 East Main Street,-77.61151,43.15593,2024-12-15,209
2f21e5e0d9a4c199,15 Long Island Ave,-72.2964,41.0021,2024-12-15,210
547cf2e1258430f4,4 State Street,-77.61277,43.15607,2024-12-15,211
0d33f240ce4d9b57,358 Fifth Avenue,-73.98438,40.74868,2024-12-15,212
d83099e228061028,"167 Walt Whitman Road, Route 110",-73.4131,40.82377,2024-12-15,213
ef8a8c200fc6ebab,438 86th Street,-74.02733,40.62216,2024-12-15,214
7527e0d48be9fc3f,858 Fulton Street,-73.96701,40.6835,2024-12-15,215
2ab1519ee6c27321,2380 Broadway,-73.97574,40.78908,2024-12-15,216
b5bd19923db7e56e,215 West 125th Street,-73.94922,40.80935,2024-12-15,217
43c20fa105bc9ac2,157 East 125th Street,-73.93659,40.80403,2024-12-15,218
8d506a03fbd1389f,1763 Milton Avenue,-76.20576,43.06126,2024-12-15,219
23b0cbed2a90e24b,175 West 72nd Street,-73.9813,40.77846,2024-12-15,220
95f6c33de48f947a,5010 13th Avenue,-73.99298,40.63422,2024-12-15,221
b3891c9a2a86f325,354 New Dorp Lane,-74.1108,40.57103,2024-12-15,222
4993ceed38972ee2,358 West Main Street,-78.20136,43.00448,2024-12-15,223
f9c53730c5b28970,100 Park Point Drive,-77.65521,43.09219,2024-12-15,224
843482f27008c4d5,1145 Willis Avenue,-73.65019,40.77506,2024-12-15,225
226a5a7c397a7b44,100 Broadway,-73.66095,40.73746,2024-12-15,226
1717f1192359ee3e,250 Fifth Avenue,-73.98723,40.74478,2024-12-15,227
9e514796942c134c,120 Flatbush Avenue,-73.97819,40.68506,2024-12-15,228
608f33b125e313bb,61-24 188th Street,-73.78651,40.74034,2024-12-15,229
a8ae789515fb95ef,6324 Route 25A,-72.84265,40.94436,2024-12-15,230
c35f02f6760bb667,2310 Frederick Douglas Boulevard,-73.95141,40.80984,2024-12-15,231
9516d1c7c5e03bd4,136 East 57th Street,-73.96884,40.76084,2024-12-15,232
f1abeeba7b3a5f0f,50 Bayard Street,-73.9976,40.71532,2024-12-15,233
42345f39c7ab930b,277 Broadway,-74.0062,40.71427,2024-12-15,234
98e707f1d8587501,80 Route 17M,-74.15209,41.30737,2024-12-15,235
a9433ebe52678105,21311 Northern Boulevard,-73.76992,40.76018,2024-12-15,236
4bc32b69586ea351,845 Wheeler Road,-73.20551,40.82373,2024-12-15,237
dee69d8784a07dc1,505 White Plains Road,-73.84283,41.06342,2024-12-15,238
72b1132be5f454ce,248 Post Avenue,-73.58763,40.75763,2024-12-15,239
baf71e83b0fe2f97,111 West 26th Street,-73.99208,40.74508,2024-12-15,240
80f2ecb82f7fd16a,859 Walt Whitman Road,-73.41309,40.79988,2024-12-15,241
06215b1cb9feb55f,994 Middle Country Road,-73.04723,40.86358,2024-12-15,242
1bc22254c0383f2c,102-35 Queens Boulevard,-73.85059,40.72553,2024-12-15,243
0feb46594ed2c817,233 South Research Place,-73.19953,40.77122,2024-12-15,244
ebe1a2b830971017,32 Greenwich Street,-78.0285,42.22504,2024-12-15,245
adb3f0d66c1aa15f,3060 Route 9N,-73.84639,43.12589,2024-12-15,246
0938d97beefb819b,120 East Fordham Road,-73.89838,40.8623,2024-12-15,247
61b04c4038675df2,1452 Hertel Avenue,-78.85425,42.94772,2024-12-15,248
e3a56bf2010b20e1,1343 Ulster Avenue,-73.9892,41.97031,2024-12-15,249
cb9e89731f087d5d,1 New Paltz Plaza,-74.07026,41.74309,2024-12-15,250
d9b86399bf9f160f,709 South Main Street,-77.27328,42.87665,2024-12-15,251
132e93f967bcf223,999-25 Montauk Highway,-72.85955,40.8041,2024-12-15,252
3d6afbd74e165159,5834 East Circle Drive,-76.12022,43.14728,2024-12-15,253
80f8b02dcda952df,162 Hillside Avenue,-73.64538,40.75622,2024-12-15,254
c9c39227a0069696,50 West Fordham Road,-73.90364,40.86275,2024-12-15,255
3e6df5070f04bc69,20 South Broadway,-73.89863,40.93316,2024-12-15,256
85e36f51368819e9,166 Livingston Street,-73.9873,40.69027,2024-12-15,257
02ab582c48f315d4,124 East 125th Street,-73.93787,40.80457,2024-12-15,258
3e91d1b2cc8b48a8,35-30 Junction Boulevard,-73.87129,40.75244,2024-12-15,259
302a18e82b475de7,4006 Merrick Road,-73.48423,40.66618,2024-12-15,260
58a4925749c62fee,101 Church Avenue,-73.97918,40.6429,2024-12-15,261
47969a1f44e10011,645 Jericho Avenue,-73.68716,40.73244,2024-12-15,262
e0d2813bc88eac52,1085 Northern Boulevard,-73.66031,40.79957,2024-12-15,263
87d7242a8ddd57da,671 Park Avenue,-77.57773,43.1481,2024-12-15,264
c2d9cd62bf1e762c,385 Larkfield Road,-73.32198,40.86863,2024-12-15,265
f366796570590eeb,17 Chapin Street,-77.28185,42.88667,2024-12-15,266
0d33d9435397ad1e,151 East Sunrise Highway,-73.37447,40.70355,2024-12-15,267
b7f50f4009dac8c0,2100 Broadway,-73.98159,40.77964,2024-12-15,268
45c6ac8f95b6de10,642 Gateway Drive,-73.8682,40.65585,2024-12-15,269
b64b41fe952e7f4a,405 Brighton Beach Avenue,-73.96309,40.57726,2024-12-15,270
6c8fe637fdadf391,898 Veterans Memorial Highway,-73.20207,40.81919,2024-12-15,271
9cd6a8372eefbc2f,5439 North Burdick Street,-76.01842,43.0389,2024-12-15,272
1a12e03628aa140a,164 East 116th Street,-73.94098,40.79835,2024-12-15,273
e06a0c7a4a87183c,5518 8th Avenue,-74.00701,40.63792,2024-12-15,274
f93ff39dcb632d62,250 Quaker Road,-78.63522,42.76311,2024-12-15,275
e0525c218da7006d,345 Park Avenue South,-73.98515,40.74175,2024-12-15,276
5e1ce4a384207dcb,20 Jerusalem Avenue,-73.52532,40.76701,2024-12-15,277
652f53a8ebd6230b,1401 Avenue J,-73.96222,40.62508,2024-12-15,278
40984dd9658f0f74,1620 Westchester Avenue,-73.87428,40.8296,2024-12-15,279
7ca13427196f6b2b,210 Pinehurst Avenue,-73.93788,40.85519,2024-12-15,280
e15622cd59c4eab0,60 Jagger Lane,-72.39251,40.88731,2024-12-15,281
7fbf9310a8a49ae8,21 Dyckman Street,-73.92327,40.85932,2024-12-15,282
d7f66dfd7a687d31,2855 Main Street,-78.83285,42.94493,2024-12-15,283
75491348c4134d62,4917 16th Avenue,-73.9859,40.63065,2024-12-15,284
2619da3e2159631d,138-02 NORTHERN BOULEVARD1,-73.82792,40.76392,2024-12-15,285
c0a57fa789c7102b,1230 Fulton Street,-73.95128,40.68049,2024-12-15,286
335e52f36f09bb24,11 West 51st Street,-73.97778,40.75958,2024-12-15,287
d9b3cd0d98691447,14 Newtown Lane,-72.18561,40.96425,2024-12-15,288
2711c19e654aec30,3910 Route 281,-76.20604,42.596,2024-12-15,289
6eb1b7d73af1f76f,3780 East Tremont Avenue,-73.82097,40.8253,2024-12-15,290
09a87bed32c6a70e,200 Birch Hill Road,-73.59588,40.87937,2024-12-15,291
74456212d3c7b36a,68 West Main Street,-73.53332,40.87232,2024-12-15,292
8a8dc7d09920c6a3,353 Lexington Avenue,-73.97712,40.74997,2024-12-15,293
ee246d38a7800a1d,2095 Ralph Avenue,-73.91752,40.62463,2024-12-15,294
ab2158d43180b5a9,2300 Grand Avenue,-73.61059,40.65512,2024-12-15,295
9729fd799f479624,79 Route 59,-74.06691,41.10755,2024-12-15,296
7230af398b73b5fa,50 Auert Avenue,-75.20713,43.11415,2024-12-15,297
51171a5bd1e98a97,1925 Curry Road,-73.95533,42.77967,2024-12-15,298
f966052cf4e7a337,244 Eighth Avenue,-73.99876,40.74492,2024-12-15,299
18b379b8374d3e9b,1170 Lexington Avenue,-73.95821,40.77591,2024-12-15,300
e9126724ea01fac0,43 Main Street,-78.83116,42.71621,2024-12-15,301
a832a4190ebb904d,3025 Route 50,-73.74597,43.10024,2024-12-15,302
23ba1658796d640b,2067 Bartow Avenue,-73.82812,40.86958,2024-12-15,303
8de6147c3919edd7,256 Katonah Avenue,-73.68341,41.25476,2024-12-15,304
e7be6015dbd9d73e,1336 Montauk Highway,-73.13356,40.74253,2024-12-15,305
f095fc3ba7b41410,94 East Burnside Avenue,-73.90587,40.85325,2024-12-15,306
c78bf3f298419315,29 West Main Street,-75.00581,43.01113,2024-12-15,307
c7baf073b73c0f80,200 Saratoga Road #2 ---Route 50,-73.96112,42.82653,2024-12-15,308
b279e2649a15f8f6,1704 Western Avenue,-73.85885,42.68723,2024-12-15,309
c47f64a28f6eaffc,99 West Main Street,-77.59907,42.95022,2024-12-15,310
7333ec7cd3d7c439,2389 Fillmore Avenue,-78.83925,42.93891,2024-12-15,311
9bab18c31743e9f0,96 7th Street,-73.63683,40.72455,2024-12-15,312
b67c4dfaba5c1fe6,334 Columbus Avenue,-73.97711,40.77983,2024-12-15,313
468666ed0a889013,284  Main Street,-74.56345,42.63439,2024-12-15,314
90be6041310169c1,615 West 181 Street,-73.93458,40.84967,2024-12-15,315
e9ac9a82c620295e,361 Sunrise Highway,-73.03188,40.77821,2024-12-15,316
d68b1de7322e40fc,1275 Lexington Avenue,-73.95583,40.77915,2024-12-15,317
3a5dacb62b456030,3912 Main Street,-73.83026,40.75983,2024-12-15,318
c2d198c161da1733,1140 Wilmot Road,-73.77687,40.98503,2024-12-15,319
54b380dd6159d84a,1149 Wantagh Avenue,-73.50701,40.695,2024-12-15,320
bd68513e6ea02b54,465 Grand Street,-73.98361,40.71501,2024-12-15,321
088271899e80d84c,8007 Oswego Road,-76.22969,43.15857,2024-12-15,322
a38716cfbc2ea731,240 Page Avenue,-74.23563,40.51771,2024-12-15,323
12d1788dd8da8c8b,4 Winners Circle,-73.79632,42.72031,2024-12-15,324
09e050a94a0874fe,979 Central Avenue,-73.79437,42.68427,2024-12-15,325
e608ea949acd8990,15 Merrick Avenue,-73.55232,40.66401,2024-12-15,326
8a0ee7031aaa3dae,360 Merrick Road,-73.67363,40.65728,2024-12-15,327
09df2813b6ac12e2,369 Merrick Avenue,-73.57268,40.71346,2024-12-15,328
40e6e4b8b00fd242,473 Broadway,-73.78533,43.08308,2024-12-15,329
c7d4d7eb53e92a63,990 Route 67,-73.8514,42.98727,2024-12-15,330
bc411f39761e35d2,390 Sixth Avenue,-73.99978,40.7333,2024-12-15,331
80f0bc190273cf42,2198 White Plains Road,-73.86764,40.85636,2024-12-15,332
72e71f2ac40ff834,2574 Broadway,-73.97137,40.79511,2024-12-15,333
9a5053aa081823a8,2770 Broadway,-73.96772,40.80182,2024-12-15,334
02ad0bca9292562f,269 Middle Country Road,-72.99627,40.87096,2024-12-15,335
2337541d4ad112b5,724 Long Pond Road,-77.69588,43.24994,2024-12-15,336
1f9ca9dc95dff7f3,36 East 14th Street,-73.9919,40.7353,2024-12-15,337
930ddf8f8984ee40,507 Schutt Road Extension,-74.38285,41.44874,2024-12-15,338
8628c697cf86737b,386 Forest Avenue,-74.10224,40.63098,2024-12-15,339
39c4cb87b4ebc5c1,1212 Fulton Street,-73.95207,40.68053,2024-12-15,340
5e383d541d645a7d,269 Hempstead Avenue,-73.6698,40.67545,2024-12-15,341
2304dc9320a7df2f,477 Albany Shaker Road,-73.7779,42.70797,2024-12-15,342
3cc16c6631af112a,50 Genesee Street,-75.28884,43.073,2024-12-15,343
45b4fb86d31a272d,48 East Montauk Highway,-72.52053,40.87907,2024-12-15,344
a7195be1c5e42817,70-01 Forest Avenue,-73.90033,40.70089,2024-12-15,345
ee5598d164cacc50,263 East Main Street,-77.73489,42.91013,2024-12-15,346
0928101176491545,9 North Main Street,-77.51511,43.09104,2024-12-15,347
5ba777f92902dc6e,151-16 84th Street,-73.851,40.66728,2024-12-15,348
b213134c36d9296f,"189 Ballston Avenue, Route 50",-73.79457,43.06986,2024-12-15,349
05014e2ada5f3421,706 West 181st Street,-73.93614,40.85032,2024-12-15,350
e0b189cc58103c2b,4155 Veterans Memorial Highway,-73.09962,40.78301,2024-12-15,351
37054f525b2fc413,65 Niagara Square,-78.87875,42.88653,2024-12-15,352
8bd735e77236f44f,1801 East Main Street,-77.56295,43.15841,2024-12-15,353
fabc24aab4a99864,30 West 66th Street,-73.97977,40.77284,2024-12-15,354
b865771102a79a8c,6257 Sunrise Highway,-73.42882,40.68426,2024-12-15,355
5f3c373f4080cf9d,8225 Jericho Turnpike,-73.46803,40.81645,2024-12-15,356
dc9f5751542560f5,901 Broad Hollow Road,-73.42341,40.72629,2024-12-15,357
2b9a3742bfbaf37c,110 Seventh Avenue,-73.97581,40.67392,2024-12-15,358
eca98633a58073b7,4802 Nesconset Highway,-73.05476,40.9178,2024-12-15,359
b18063c533271cc8,70-23 Parsons Boulevard,-73.81031,40.73163,2024-12-15,360
ed3dc5f26b14e0bf,136 Oriskany Boulevard,-75.29353,43.12031,2024-12-15,361
54ae596a6258d951,2923 Third Avenue,-73.91574,40.81742,2024-12-15,362
a307a22115b25d76,10 Mac Vittie Circle,-77.82249,42.79621,2024-12-15,363
9b83109f4b4bfa14,3424 Jerome Avenue,-73.88291,40.88127,2024-12-15,364
d44cb9c2168d935c,1 Clifton Country Road,-73.78172,42.86246,2024-12-15,365
96afb1e48c3fa6b0,105 Second Avenue,-73.98844,40.72758,2024-12-15,366
b7d8ac5f7387b47d,200 Middle Neck Road,-73.73378,40.79346,2024-12-15,367
c96a7960c3a88e44,4 Century Hill Drive,-73.75392,42.77095,2024-12-15,368
d940d9325f2ab16d,500 Mamaroneck Avenue,-73.75894,41.02239,2024-12-15,369
12a2b5b836e07cf4,9470 Clarence Center Road,-78.63681,43.01039,2024-12-15,370
80c54956659729a9,625 8th Avenue,-73.99036,40.75646,2024-12-15,371
4acad3b4f8337e34,943 Carmens Road,-73.43178,40.70278,2024-12-15,372
62e7106396a2a6ee,One Penn Plaza East,-73.99183,40.75063,2024-12-15,373
3ad41bee88bd72bd,1580 Flatbush Avenue,-73.947,40.63219,2024-12-15,374
ee084d19501e9b76,Chelsea Pier #61,-74.00827,40.74691,2024-12-15,375
af75bccca6e45ce9,565 South Oyster Bay Road,-73.50109,40.77064,2024-12-15,376
70fb42a0fce229fd,1022 Ellis Hollow Road,-76.46233,42.43581,2024-12-15,377
0449757fb12d17e9,185 Broadway,-73.96216,40.70987,2024-12-15,378
39cc62538da7ac7c,280 Genesee Street,-75.65162,43.07857,2024-12-15,379
65d7339f0230dd69,60-70 South Main Street,-77.28152,42.88654,2024-12-15,380
42a6370eaa6ff068,4239 Bell Boulevard,-73.77002,40.76162,2024-12-15,381
85051523852816f0,89-01 Queens Boulevard,-73.87414,40.73478,2024-12-15,382
26ab853fc553a801,550 Fifth Avenue,-73.97932,40.75564,2024-12-15,383
c175f8542fe3e362,45 Market Street,-73.92941,41.70271,2024-12-15,384
c34c90c5481e4f24,370 East 149th Street,-73.91867,40.81633,2024-12-15,385
08e721dc1b7c4b1b,602 Columbia Turnpike,-73.70969,42.59787,2024-12-15,386
dfff034b9e4dc0b3,1415 Avenue Z,-73.95464,40.58792,2024-12-15,387
1494d7a1b5a9a274,4110 Veterans Memorial Highway,-73.10055,40.78224,2024-12-15,388
7058ff0f7f6602fc,730 Fulton Avenue,-73.60675,40.71273,2024-12-15,389
75a146a03faa1c34,318 Albany Avenue,-73.93947,40.6688,2024-12-15,390
0847ea4ac222ed5b,2133 Knapp Street,-73.93412,40.60043,2024-12-15,391
3f885d76b0228e63,164 Military Road,-78.892,42.94115,2024-12-15,392
f2f571837b47b003,3017 Route  50,-73.74739,43.10011,2024-12-15,393
83226cd07badc4f5,3800 Dewey Avenue,-77.6444,43.23967,2024-12-15,394
0b982ee63772bf97,119-01 Metropolitan Avenue,-73.83165,40.70611,2024-12-15,395
48240d501d7ff4d8,44 East 161st Street,-73.92597,40.82764,2024-12-15,396
ef0c9eaa674d235a,134 Delancy Street,-73.98718,40.71832,2024-12-15,397
34fedfd0070629af,19-50 37th Street,-73.90176,40.77855,2024-12-15,398
9d5eccbf9d4a7eb8,1283 Sunrise Highway,-73.39368,40.69298,2024-12-15,399
9145cf1bedb514b2,140 Sanford Farms,-74.18561,42.96225,2024-12-15,400
33476d8b9620666b,1168 First Avenue,-73.95961,40.76288,2024-12-15,401
0fe5c53d5f245769,500 East Main Street,-74.85928,43.04382,2024-12-15,402
c7c7353f1a9e9619,156 South Main Street,-78.19448,43.24246,2024-12-15,403
f16a03c04d871a9c,35 Merrick Avenue,-73.55295,40.66479,2024-12-15,404
45a910633baf2a46,750 Columbus Avenue,-73.96734,40.79316,2024-12-15,405
830d831b8624c9f4,75 Route 25 A,-72.96003,40.94572,2024-12-15,406
a3d86be112989db0,3333 West Henrietta Road,-77.6454,43.08936,2024-12-15,407
20541fcd685f90a2,2241 65th Street,-73.9803,40.61316,2024-12-15,408
b9c5fc0e349e99b1,4585 W. Seneca Tpke,-76.19566,43.00078,2024-12-15,409
978c3ca162640059,159 Second Avenue,-73.9869,40.72968,2024-12-15,410
be0e6c747b1cbec9,140 East Main Street,-72.65967,40.91801,2024-12-15,411
1210a6c8432136f4,13216 Broadway,-78.49567,42.9002,2024-12-15,412
554e1df61275f99a,1020 Port Washington Boulevard,-73.68454,40.8306,2024-12-15,413
128a287fa7d7d19a,301 West 145th Street,-73.94275,40.82319,2024-12-15,414
d5eb7cc80e713b93,51 West Main Street,-74.37242,43.00641,2024-12-15,415
d1230c2886925a26,5345 West Genessee Street,-76.27393,43.03926,2024-12-15,416
d893f36d705bfd4a,138 Main Street,-72.29547,40.9997,2024-12-15,417
44e5fa8b4f05f525,3080 Middle Country Road,-73.12283,40.86145,2024-12-15,418
9a610669ea29dd8a,425 Lexington Avenue,-73.97532,40.75244,2024-12-15,419
181b9caec18fa77c,557 Melrose Avenue,-73.91764,40.81635,2024-12-15,420
bd4a0314238233ad,26-26 Jackson Avenue,-73.94127,40.74754,2024-12-15,421
298399e84fd0ef20,108 Codling Street,-74.97061,43.71195,2024-12-15,422
2df558ac431a9b9b,1975 Buffalo Road,-77.70804,43.14795,2024-12-15,423
76c9cf0d96f0ec51,"67 Middlebush Road, Route 9",-73.90965,41.58831,2024-12-15,424
40d4b43942ebde4d,31 Route 111,-73.18691,40.85381,2024-12-15,425
ba3c220af9fcfd09,24 Main Street,-78.86861,42.32978,2024-12-15,426
2695f4cd6abb8c26,205 Montague Street,-73.99106,40.69392,2024-12-15,427
9c91227033f4c6ed,3210 EASTERN BOULEVARD,-77.24555,42.87468,2024-12-15,428
1dff2c6500b74d09,85 Pondfield Road,-73.8329,40.94023,2024-12-15,429
8ccca5851cfc3240,58 South Main Street,-77.44235,43.09984,2024-12-15,430
ad384eceff1bfba6,521 Stewart Avenue,-73.48212,40.74343,2024-12-15,431
9b42d9e22bdc8e30,Route  50  and  Route 9,-73.78812,43.0751,2024-12-15,432
655176add6fc9c84,111 Forest Avenue,-73.62126,40.87366,2024-12-15,433
73e5c993801fa6c0,23 East Main Street,-74.16556,41.42776,2024-12-15,434
aad5d51a1a986346,3140 Monroe Avenue,-77.54188,43.10672,2024-12-15,435
2d8c7423ebde485e,154 Bleecker Street,-73.99947,40.72831,2024-12-15,436
b16a05740a054734,1617 Avenue M,-73.95851,40.61818,2024-12-15,437
40905f10ce83bbb5,130 North Country Shopping Center,-73.67588,41.29405,2024-12-15,438
f20d559527a08a55,155 Jericho Turnpike,-73.70531,40.7284,2024-12-15,439
51cd975618ea12ca,1047 North Country Road,-73.12871,40.92079,2024-12-15,440
bbf4211ec1bab4ad,2812 Broadway,-73.96719,40.80333,2024-12-15,441
9ccdff6e6bb10f81,38 Lomb Memorial Drive,-77.67451,43.09165,2024-12-15,442
2d7f0989a68fa0d3,193 West 237th Street,-73.90036,40.88432,2024-12-15,443
79a73c2fd2c65d2b,6701 18th Avenue,-73.99152,40.61782,2024-12-15,444
acb503a62a9d0533,102 North Main Street,-77.99805,42.72232,2024-12-15,445
2b836dc92f96e342,170 Fulton Avenue,-73.62915,40.70685,2024-12-15,446
7b573cf4ff54f48c,210-216 Main Street,-75.46214,42.93962,2024-12-15,447
5ca60f451d5b6a09,1001 Park Boulevard,-73.45573,40.67839,2024-12-15,448
b6828973d59723ad,81 Mill Hill Road,-74.11267,42.03816,2024-12-15,449
5bd1dea0d0a06b8e,1744 Route 9,-73.77459,42.87068,2024-12-15,450
8d70686c84b37e97,1900 Pine Avenue,-79.03877,43.0951,2024-12-15,451
938e1715383bb1cb,6303 Thompson Road,-76.08961,43.07598,2024-12-15,452
2cb88f6a4553c15b,99 Sheraton Drive,-76.47893,42.47827,2024-12-15,453
d85b0c45dadd05b2,218 Front Street,-72.36263,41.10173,2024-12-15,454
5a2431d736ec116f,5091 Broadway,-78.68575,42.90111,2024-12-15,455
8c275b0e0dcadf87,835 Eighth Avenue,-73.9857,40.76279,2024-12-15,456
4cf583e696a34ea4,401 Main Street,-73.7143,41.12603,2024-12-15,457
768298e87e52ac4e,464 Atlantic Avenue,-73.66529,40.64312,2024-12-15,458
b595a415d1e4c746,1954 Flatbush Avenue,-73.93647,40.62225,2024-12-15,459
0db4b979ba2b5eed,6183 Route 96,-77.36328,42.97436,2024-12-15,460
bf6ad01a07c25a7c,156-44 Northern Boulevard,-73.80942,40.7633,2024-12-15,461
4cf0053d599044cf,4950 Broadway,-73.9206,40.86788,2024-12-15,462
03b4de21eb57162b,1001 Avenue of The Americas,-73.98625,40.75189,2024-12-15,463
730ecbeaff0819eb,144 Eighth Avenue,-74.00097,40.74188,2024-12-15,464
08f483f11c56e2e3,1680 Broadway,-73.983,40.76308,2024-12-15,465
b9ef05833aba4f26,7 Penn Plaza,-73.99205,40.749,2024-12-15,466
053ffec445186937,40 West Main Street,-77.22269,42.95558,2024-12-15,467
9acbfd4c84149aa4,591 East Main Street,-73.22898,40.72878,2024-12-15,468
8ab86e4b0b9d13f9,147 Long Beach Road,-73.65562,40.60172,2024-12-15,469
6c89cb359b391c9b,326 Court Street,-73.99559,40.68297,2024-12-15,470
21dbf8868ee34c76,8424 5th Avenue,-74.02559,40.62229,2024-12-15,471
c9ba4ff15909e60c,257-03 Hillside Avenue,-73.71077,40.73717,2024-12-15,472
19ca70a4ee6523ea,6348 Route 25A,-72.84737,40.94434,2024-12-15,473
e04c6a464ee33a3a,986 Bloomingdale Road,-78.4175,43.06751,2024-12-15,474
110f05e1e22b2398,82 Albany Street,-75.85269,42.92989,2024-12-15,475
4c6d2f56c0c8a8a2,1428 Altamont Avenue,-73.94466,42.78423,2024-12-15,476
42e4b4aab68f1a78,86-26 Broadway,-73.87717,40.73777,2024-12-15,477
b9125c2fc54f9ee4,515 Seventh Avenue,-73.98888,40.75331,2024-12-15,478
2a4a0ee800030d67,775 Pulaski Road,-73.35048,40.86745,2024-12-15,480
72e0dcb5761908ab,241-42 South Conduit Boulevard,-73.73601,40.6653,2024-12-15,481
6e58b9329950eb0d,834 Sunrise Highway,-73.27829,40.72634,2024-12-15,482
0d6b3fbf9b17728a,10900 Main Road,-72.53655,40.98612,2024-12-15,483
cccca554d6a33a8f,1322-1328 Avenue U,-73.95751,40.5987,2024-12-15,484
094296e3fa0456c4,274 7th Avenue,-73.98022,40.66852,2024-12-15,485
b76760ddc88263ab,11 Hunns Lake Road,-73.69909,41.87201,2024-12-15,486
4798c198228e0a41,153-01 10th Avenue,-73.80794,40.79336,2024-12-15,487
ad062c367c3eaf4d,77 Lincoln Avenue,-73.64673,40.65483,2024-12-15,488
03a1e2a8d36970bc,1519 Avenue U,-73.95561,40.59891,2024-12-15,489
ca970af74f1dfd2c,143 Alexander Avenue,-73.13444,40.86603,2024-12-15,490
741cac89f55c8498,101 Walt Whitman Road,-73.41222,40.82743,2024-12-15,491
420d56b8adb49bd2,3161 Hempstead Turnpike,-73.51941,40.72598,2024-12-15,492
37f26dc2b9c5d5ec,2196 Forest Avenue,-74.16291,40.62632,2024-12-15,493
d8f98c269a4c534c,189 West Merrick Road,-73.58805,40.65262,2024-12-15,494
64a34949e9923591,2775 Route 112,-72.99708,40.82235,2024-12-15,495
a9707b50419ab972,729 Saw Mill River Road,-73.84598,41.01312,2024-12-15,496
90ddac82dae41077,74 Hugh J Grant Circle,-73.86049,40.83284,2024-12-15,497
2ee4854e757dc53a,1341 Mount Hope Avenue,-77.61813,43.12347,2024-12-15,498
1279165d0c9e7ae1,3 Northwest Drive,-73.45828,40.71779,2024-12-15,499
4cea927d6a3fcd5d,381 West Main Street,-75.19388,42.88517,2024-12-15,500
3407a7a958031db0,675 Third Avenue,-73.97414,40.75117,2024-12-15,501
0020943da0986db0,339 Merrick Road,-73.64282,40.65589,2024-12-15,502
c2c45fefa789058d,1401 Avenue M,-73.96073,40.61793,2024-12-15,503
4bca744fe0406684,15 Lake Ridge Plaza,-73.9427,41.1216,2024-12-15,504
6fa4bb9b3e325d31,3619 Walden Avenue,-78.67176,42.9156,2024-12-15,505
2ef877abd1d28911,41-06 Main Street,-73.82935,40.75794,2024-12-15,506
77019df183448fe5,9576 Main Street,-75.25441,43.24311,2024-12-15,507
de6892d4356bb710,200 Lomb Memorial Drive,-77.67471,43.08478,2024-12-15,508
b461e18a7152b8a2,6501 11th Avenue,-74.00606,40.62851,2024-12-15,509
411a6537385855c2,6901 5th Avenue,-74.02107,40.63327,2024-12-15,510
7f32531617201a12,626 Pelham Parkway South,-73.86836,40.85662,2024-12-15,511
b50e0451bdc3cec3,812-814 Lexington Avenue,-73.96659,40.76441,2024-12-15,512
1532b4a87bd72bfd,91 Route 111,-73.18798,40.85023,2024-12-15,513
2898b17b9f2b6b1b,2094 Glenwood Plaza,-75.63241,43.0537,2024-12-15,514
8db6c5c246170358,4 Irving Place,-73.98869,40.73409,2024-12-15,516
32a75fb1a5a9e88c,400 Central Avenue,-73.72688,40.61942,2024-12-15,517
86366990841d73b7,16 West 32nd Street,-73.98658,40.74761,2024-12-15,518
3ae59232d5ca2073,45-26 Greenpoint Avenue,-73.91919,40.74209,2024-12-15,519
bce2aac1c90c3f0a,115 West 42nd Street,-73.98482,40.75515,2024-12-15,520
05a9f11829b340b6,770 Broadway,-73.99194,40.73111,2024-12-15,521
6849e027fc547169,100 Hillside Avenue,-73.64347,40.75721,2024-12-15,522
66a91b0e620e7870,111 Delaware Avenue,-73.80928,42.62942,2024-12-15,523
d82b28078ccf6ac7,260 Greenwich Street,-74.01132,40.71496,2024-12-15,524
28ce072913f582f1,83-24 Woodhaven Boulevard,-73.85538,40.70244,2024-12-15,525
23c41a4d453edba8,182 Port Watson Street,-76.16526,42.59831,2024-12-15,526
c026353951cb55e8,408 East Main Street,-78.17577,42.9961,2024-12-15,527
0adf0535c75e0511,8633 U.S. Route 20A,-77.51014,42.78909,2024-12-15,528
c7348bacd3732e6e,41 Veterans Memorial Highway,-73.28735,40.84187,2024-12-15,529
3536c3962976af5e,100 Isla Way,-77.971511,43.209831,2024-12-15,530
fc82bee4d31ccd91,116 Fifth Avenue,-73.99237,40.73771,2024-12-15,531
17c429e8036d7504,7 Halfmoon Crossing,-73.76796,42.85865,2024-12-15,532
3a0a05432ec3e4c5,1350 Deer Park Avenue,-73.32249,40.74286,2024-12-15,533
072719986cfbec2a,3770 East Tremont Avenue,-73.82121,40.8258,2024-12-15,534
66767136ae64f77d,99 Smithtown By-Pass,-73.20708,40.82566,2024-12-15,535
2964dc49246436d9,179-25 Hillside Avenue,-73.78384,40.71298,2024-12-15,536
733a63a274582e71,180 Dyckman Street,-73.92653,40.86436,2024-12-15,537
304f96a0a418e48e,37-41 82nd Street,-73.88408,40.74848,2024-12-15,538
51518a4c1fd3a281,256 Ushers Road,-73.7782,42.9047,2024-12-15,539
da875aeae03d7f7c,445 Broadhollow Road,-73.42006,40.77485,2024-12-15,540
74770435a8cf4526,60-20 Woodside Avenue,-73.90386,40.74451,2024-12-15,541
23e48e2952e0d26d,911 Route 112,-73.04736,40.92579,2024-12-15,542
bf6f7773f40b8120,15 Bennetts Road,-73.11464,40.9296,2024-12-15,543
0aac750641100b83,46-08 Francis Lewis Boulevard,-73.7816,40.75423,2024-12-15,544
e37f7d1dab115a7a,696 Horseblock Road,-73.03474,40.83204,2024-12-15,545
d0138a07c7706191,133 Wolf Road,-73.80588,42.71862,2024-12-15,546
f00b6786e5de4873,1023 Avenue of the Americas,-73.98588,40.75242,2024-12-15,547
a11bc719cdbf00b5,800 Avenue of the Americas,-73.99095,40.74546,2024-12-15,548
612dd7f7230d2060,799 Hillside Avenue,-73.69392,40.74312,2024-12-15,549
83142d24ed801d63,4400 Veterans Memorial Highway,-73.08994,40.78216,2024-12-15,550
811517a58444d462,650 Maple Avenue - Route 9,-73.76817,43.12332,2024-12-15,551
0aa1eff5b8b177d7,295 Grant Avenue,-76.54492,42.95423,2024-12-15,552
7bf05d0ca56b331f,210 Alexander Street,-77.5974,43.14937,2024-12-15,553
0dfb9ff53f93a9f3,1575 Mount Hope Avenue,-77.62056,43.11911,2024-12-15,554
ebac6b3e8e29276d,220 Alexander Street,-77.5965,43.15024,2024-12-15,555
7004b8c4caa399ac,375 Park Avenue South,-73.98465,40.74244,2024-12-15,556
20d81389326da14a,95 Wall Street,-74.00728,40.70509,2024-12-15,557
931a36f1293e0e44,1500 Westchester Avenue,-73.87979,40.82854,2024-12-15,558
28748ecc40651803,371 Seventh Avenue,-73.99211,40.74891,2024-12-15,559
6ea501f61bf8c17a,630 Montauk Highway,-72.87561,40.80051,2024-12-15,560
3d9b2537d38540ff,100 Main Street,-78.18212,42.99738,2024-12-15,561
afb9b75341465c8f,3540 Broadway,-73.95047,40.82626,2024-12-15,562
c12d61b5280f8f1a,9 West Main Street,-78.27596,42.21717,2024-12-15,563
4cc225b0d69dcd62,1295 Second Avenue,-73.96046,40.76592,2024-12-15,564
f7178e62abfe553d,19 Jericho Turnpike,-73.40819,40.82832,2024-12-15,565
ae77d3ee4cd4303d,560 Montauk Highway,-73.34104,40.68726,2024-12-15,566
d3d9e6c07ca8d7a7,767 Cayuga Street,-79.03758,43.17041,2024-12-15,567
e1364c05a372bb1f,1394 Norton Street,-77.58446,43.18735,2024-12-15,569
e6292c81394aaf4c,4 Great Neck Road,-73.72618,40.78614,2024-12-15,570
82b2a70d14fb8d22,383 Bloomingdale Road,-78.45038,43.05115,2024-12-15,571
cde65a61c223040f,428 Hudson Avenue,-73.66747,42.92978,2024-12-15,572
848590978a4ce2df,1320 Avenue of the Americas,-73.97883,40.76206,2024-12-15,573
02f33f6ba8f0e5f4,150-24 Northern Boulevard,-73.81459,40.76478,2024-12-15,574
d1520d14f2ddabff,420 Court Street,-73.99717,40.6797,2024-12-15,575
a192d132831d5bdc,451 Washington Avenue,-74.02633,41.93692,2024-12-15,576
c76597757b1e9a88,162 Northline Road,-73.83798,43.02283,2024-12-15,577
ece2ae0580c96b89,6-8 Bowery,-73.99749,40.71425,2024-12-15,578
0889715222a2fa32,1330 First Avenue,-73.95622,40.76749,2024-12-15,579
295cf5bf2ebc3607,141-61 Northern Boulevard,-73.82401,40.7646,2024-12-15,580
4314d8d25e2c5060,140 58th Street,-74.02377,40.64564,2024-12-15,581
49cb655ec6920b10,357 Larkfield Road,-73.32211,40.86948,2024-12-15,582
83e415b545b1aeb3,770 Saratoga Road,-73.90256,42.90453,2024-12-15,583
745f862ee90e92e4,479 North Broadway,-73.53594,40.78889,2024-12-15,584
83f4f792fd5539ee,666 Columbus Ave (Rose Hill Shopping Center),-73.77103,41.11345,2024-12-15,585
a642abb65e306b73,3075 Veterans Highway,-73.13774,40.78913,2024-12-15,586
403bfb80a9501020,8 Gingerbread Lane,-72.19596,40.96333,2024-12-15,587
006d0537f8b74f2f,1150 Grand Avenue,-73.61542,40.68229,2024-12-15,588
975909d399ab0b6e,4201 Main Street,-73.82826,40.75526,2024-12-15,589
0e43a323a6728f79,955 Hempstead Turnpike,-73.67558,40.70744,2024-12-15,590
271810bc403bb43b,1200 St. Nicholas Avenue,-73.93872,40.84245,2024-12-15,591
c5c5be562421ddfa,1229 East Jericho Turnpike,-73.36326,40.83368,2024-12-15,592
e491a7f26461a046,1012 Payne Avenue,-78.87825,43.05026,2024-12-15,593
a7a5ea8c3f4b7604,190 Motor Parkway,-73.25617,40.80735,2024-12-15,594
26c1e7490458c2da,2102-2128 Ralph Avenue,-73.91829,40.6258,2024-12-15,595
383bfa92baa871a8,700 Northern Boulevard,-73.60727,40.81673,2024-12-15,596
a75e257cf16972e8,5 Broadway,-74.01388,40.70513,2024-12-15,597
3606a1a849e20a43,322 Ruhle Road,-73.80847,42.93618,2024-12-15,598
fef1e9dd86c7d6e5,4374 Sunrise Highway,-73.47233,40.6757,2024-12-15,599
af99065e223b8b51,231 West 125th Street,-73.9495,40.80947,2024-12-15,600
d6d2e445a0fd016f,116-22 Metropolitan Avenue,-73.8354,40.70728,2024-12-15,601
58ca79127e70ef2f,4767 Boston Post Road,-73.80466,40.8967,2024-12-15,602
bf7b1a72c308e1cd,3986 Hempstead Turnpike,-73.48902,40.72493,2024-12-15,603
83a45259b7492aa7,1750 86th Street,-74.00318,40.60759,2024-12-15,604
d1040865faf7358f,224 North Genesee Street,-75.2151,43.11277,2024-12-15,605
3d5ab74ff576c11d,175-57 Hillside Avenue,-73.7858,40.71216,2024-12-15,606
ad2ad36496574ae6,400 Broadhollow Road,-73.42131,40.77843,2024-12-15,607
9f2f86ad0cd41417,146-21 Jamaica Avenue,-73.80858,40.7018,2024-12-15,608
d5d83316e29051bb,6788 Northern Boulevard,-76.07596,43.10291,2024-12-15,609
8754de969f124959,2817 Genesee Street,-75.28472,43.07486,2024-12-15,610
740aa35f7f716d96,1 East Avenue,-77.6039,43.15744,2024-12-15,611
2c10e8eef6a3c597,1629 Black River Boulevard,-75.43971,43.23015,2024-12-15,612
f70cc388dc6afb0d,240 Park Avenue South,-73.9881,40.7379,2024-12-15,613
be398d5f08de5ab6,33 Mamaroneck Avenue,-73.76617,41.03129,2024-12-15,614
150166fa3c4dc6ce,449 Myrtle Avenue,-73.96747,40.69326,2024-12-15,615
0ab0d053b73e28ad,601 Elmwood Avenue,-77.62437,43.1239,2024-12-15,616
88c8692faa26a805,582 Balltown Road,-73.89243,42.78378,2024-12-15,617
461665a498ac2a51,106 West 117th Street,-73.94958,40.80286,2024-12-15,618
850bfa2147710aef,277 Canal Street,-74.00163,40.71922,2024-12-15,619
404004e64a2dbcc8,115 Forest Avenue,-73.62101,40.87394,2024-12-15,620
9f3b002117638363,561 Warren Street,-73.78462,42.24816,2024-12-15,621
7f4bc61e89690dce,515 Ocean Avenue,-73.96104,40.65025,2024-12-15,622
7998d2ea377f7e05,1800 Grand Avenue,-73.60853,40.66689,2024-12-15,623
b62151a4c57e8117,93 West Campbell Road,-73.98748,42.80932,2024-12-15,624
2368325e923b0a59,1450 Western Avenue,-73.83787,42.6806,2024-12-15,625
62f3af549b31a060,78-01 37th Avenue,-73.88773,40.74939,2024-12-15,626
ed7f392a5bef4693,Chelsea Pier #59,-74.00845,40.7459,2024-12-15,627
0268aa8b278b53a5,65 Metropolitan Oval,-73.86053,40.83779,2024-12-15,628
5aa9e4bf632eeb3f,3851 Nostrand Avenue,-73.9396,40.59007,2024-12-15,629
0f5c2e470dc27adf,275 Seventh Avenue,-73.99448,40.74569,2024-12-15,630
32035154178afb55,325 Route 25A,-72.9445,40.94494,2024-12-15,631
93a824ee1b1fab60,5798 NY  31,-76.11825,43.17536,2024-12-15,632
1e3dc88cfb006135,2136 Bartow Avenue,-73.82655,40.86844,2024-12-15,633
3d04728619cd578e,344 Rowland Street,-73.84977,43.04356,2024-12-15,634
625d43020d0754d8,9085 Old River Road,-75.3017,43.15765,2024-12-15,635
cb884c1e4a3556ea,54 West Main Street,-74.32545,41.40213,2024-12-15,636
a2f96fef7e8ef72e,1585 Dutch Broadway,-73.70283,40.68711,2024-12-15,637
43c15eee48b9ac38,4061 Broadway,-73.93913,40.8435,2024-12-15,638
991c52319affd3fe,526 Union Boulevard,-73.29642,40.70914,2024-12-15,639
176d1874d742060b,5001 5th Avenue,-74.0104,40.64501,2024-12-15,640
a562ba4445d5db57,261 Broadway,-74.00665,40.71374,2024-12-15,641
950d3f379ca5fd37,210 Mineola Boulevard,-73.64206,40.74582,2024-12-15,642
ab02e0c6f9f7f49d,21 North Ferry Road,-72.33486,41.0679,2024-12-15,643
baecfb14562fb4e9,119 South Main Street,-77.23026,42.96047,2024-12-15,644
d23f3cfe64ae2bf2,120 Veterans Highway,-73.28425,40.8385,2024-12-15,645
d9f7409b7773ed4e,326 East State Street,-74.98007,43.02751,2024-12-15,646
f923b6c491071cae,851 Kimball Avenue,-73.84781,40.93034,2024-12-15,647
184d79e19358fece,280 East Park Avenue,-73.65568,40.58845,2024-12-15,648
b548f17e34d94e21,2260 Broadway,-73.97875,40.78534,2024-12-15,649
8c23d4f61d411f42,219 Ontario Street,-73.6961,42.77428,2024-12-15,650
5fff23e6be7d1682,41-02 Broadway,-73.91802,40.75853,2024-12-15,651
6ab46f12de000d86,2 Bay Street,-72.29446,41.00201,2024-12-15,652
cad474d4e1ec3938,2123 Avenue U,-73.94959,40.59957,2024-12-15,653
2b3807003d7a74ed,1150 Franklin Avenue,-73.63679,40.73258,2024-12-15,654
374772967bf4e710,500 Wilson Boulevard,-77.61957,43.13333,2024-12-15,655
6d1c21df902539bc,2200 Penfield Road,-77.44006,43.13175,2024-12-15,656
5746aa8153d34282,300 Madison Avenue,-73.97954,40.75246,2024-12-15,657
6f1f44db2847df05,15 Graham Avenue,-73.94228,40.7018,2024-12-15,658
247bc4256e3fdf03,36-30 Main Street,-73.83159,40.76234,2024-12-15,659
5bfddfd1bda60a63,4519 13th Avenue,-73.99021,40.63685,2024-12-15,660
f917af5f4c468376,3252 Chili Avenue,-77.75373,43.10389,2024-12-15,661
d0f33eddff276802,861 Montauk Highway,-73.35053,40.68605,2024-12-15,662
a1af3981a13c6235,2851 Horseblock Road,-72.99381,40.82763,2024-12-15,663
2da229b35f4fa89f,50 Delaware Avenue,-78.87847,42.88541,2024-12-15,664
110d20c6f6def829,2334 James Street,-76.1137,43.06853,2024-12-15,665
b8162b98a701bd5a,200 East 161st Street,-73.92092,40.82556,2024-12-15,666
4a46aedbaa47a42f,1709 Black River Boulevard,-75.43945,43.23142,2024-12-15,667
3eb4c504a2b09e11,399 Third Avenue,-73.98068,40.74219,2024-12-15,668
4683cabb6633ab7a,13 Triebel Avenue,-73.85219,43.04756,2024-12-15,669
f328122dc9be00cb,50 Montauk Highway,-72.20795,40.95478,2024-12-15,670
6ebd67ba1c5521f6,5220 13th Avenue,-73.99431,40.63293,2024-12-15,671
1dbaeb23a8635ec3,164 Manetto Hill Road,-73.47343,40.78486,2024-12-15,672
af0fd28b7ce789a8,808 Main Street,-75.72882,43.19907,2024-12-15,673
fe7252d977b3404f,418 Myrtle Avenue,-73.96912,40.69311,2024-12-15,674
281fdc500e25f73e,3111 South Winton Road,-77.58367,43.09194,2024-12-15,675
6ec4f8eec506e34c,500 State Street,-73.9404,42.81191,2024-12-15,676
f6ee7dbdd0996a69,1693 Hempstead Turnpike,-73.70341,40.70722,2024-12-15,677
7561d54865e0649e,116-12 Queens Boulevard,-73.83,40.71379,2024-12-15,678
f9e32a07b24c4c2c,2756 Long Beach Road,-73.63944,40.64474,2024-12-15,679
12ac1d5cdd88e667,68-17 Myrtle Avenue,-73.88397,40.70169,2024-12-15,680
231bceb0a60f7374,252-25 Union Turnpike,-73.71787,40.74395,2024-12-15,681
9e50c79741b95cac,320 Walt Whitman Road,-73.4109,40.81873,2024-12-15,682
d7da65ca5130af8a,1745 Broadway,-73.98204,40.76519,2024-12-15,683
a32e9f7cb66d6868,183 Quaker Road,-73.65677,43.33203,2024-12-15,684
3dfca0dea1b7cb91,625 Maple Avenue,-73.76991,43.11988,2024-12-15,685
670d21db1389a91d,1033 Route 109,-73.43071,40.72465,2024-12-15,686
73cbf57a7c0411a1,2971 Church Street,-73.65616,41.97968,2024-12-15,687
71d1449aa7937e1a,131 Jericho Turnpike,-73.64041,40.74906,2024-12-15,688
22416789657fe7a4,405 Windsor Highway,-74.05606,41.45601,2024-12-15,689
58b6057ad2bda3b2,1171 East Delavan Avenue,-78.81342,42.9224,2024-12-15,690
011f49ca2f727a49,1263 Military Road,-78.96667,43.08971,2024-12-15,691
f7485d465f013db0,2075 Monroe Avenue,-77.56227,43.12394,2024-12-15,692
086a861d7889b753,61 West Main Street,-77.41146,42.98312,2024-12-15,693
13f0499ed4a950ef,257 West Genesee Street,-78.88286,42.88599,2024-12-15,694
ccccb146e54d3db8,11 Vista Boulevard,-73.8607,42.64075,2024-12-15,695
2eed91d64c410757,50 Jackson Avenue,-73.50251,40.8247,2024-12-15,696
2f7c60828e24acc3,52 Lomb Memorial Drive,-77.6745,43.09147,2024-12-15,697
3d1ec8daa195af36,47 Graham Avenue,-73.94252,40.70321,2024-12-15,698
e4264b484f3c15eb,380 Hillside Avenue,-73.65495,40.75403,2024-12-15,700
df5223243196ee55,401 Nottingham Road,-76.11116,43.02689,2024-12-15,701
fa1c71121b3473bb,3815 Broadway,-73.94419,40.83514,2024-12-15,702
edcb593bd4f54e9e,414 Flushing Avenue,-73.95818,40.69879,2024-12-15,703
0cc3c118762bbaeb,38 Hadjis Way,-73.99889,44.29677,2024-12-15,704
9507c9c34a5531ca,416 Metropolitan Avenue,-73.95456,40.71407,2024-12-15,705
fbc90c554dd9cc64,343 Fayette Street,-75.98525,43.0066,2024-12-15,706
412a939372207e15,192 Columbus Avenue,-73.98046,40.77525,2024-12-15,707
d810cd810c804ede,7415 Fifth Avenue,-74.02248,40.62988,2024-12-15,708
c65c607d947633fa,28-36 Steinway Street,-73.91448,40.76453,2024-12-15,709
cde8357e4f112eea,4502 5th Avenue,-74.00749,40.64781,2024-12-15,710
804c9bfaaf217fb2,915 West Beech Street,-73.69228,40.58601,2024-12-15,711
9954d3bb63749e99,206 Main Street,-73.76586,41.03292,2024-12-15,712
ee87abcdfd0d07ab,7394 Utica Boulevard,-75.48403,43.77803,2024-12-15,713
3af76c731cb1d1d5,1502 Kings Highway,-73.9582,40.60879,2024-12-15,714
0b9f5557e6c02cd2,260 Crittenden Blvd,-77.62609,43.12188,2024-12-15,716
48660cb01ba3ffe2,44 Lee Avenue,-73.96054,40.70625,2024-12-15,717
78fa6449ababd9cb,1 College Road,-78.13893,43.01667,2024-12-15,718
a74f500797bef1a9,501 Broadway,-73.9995,40.72215,2024-12-15,719
6ecb109b0fbf27ff,155-14 Cross Bay Boulevard,-73.84146,40.66441,2024-12-15,720
59ee70ea73e00564,1395 Northern Boulevard,-73.69541,40.79339,2024-12-15,721
0212e97665e241c9,46 Main Street,-78.50127,43.02087,2024-12-15,722
d0c007a4598a9f79,840 Ninth Avenue,-73.98682,40.76639,2024-12-15,723
62c58bbd0b9baf52,4 East 39th Street,-73.98167,40.75132,2024-12-15,724
9d0acd59ef7833fe,214 North Washington Street,-74.98617,43.02786,2024-12-15,725
d9d6505248631a6d,1431 Hempstead Turnpike,-73.69367,40.70704,2024-12-15,726
f11b1128c5c8395f,100 Christie Place,-73.80755,40.99044,2024-12-15,727
e81708d87f411754,3887 Merrick Road,-73.48725,40.66647,2024-12-15,729
d15e5a1a0dfd4413,2830 Monroe Avenue,-77.54837,43.11212,2024-12-15,730
abe9466e88ac980c,50-15 Roosevelt Avenue,-73.91428,40.74387,2024-12-15,731
ca8cc3fed70fab22,26 West Park Avenue,-73.66501,40.58838,2024-12-15,732
6a34d8f666494c68,1410 South Main Street,-78.38744,43.20852,2024-12-15,733
f5fa39d68ddcf6bb,960 Avenue of the Americas,-73.98717,40.75065,2024-12-15,734
aa82a57191c9ad06,24 Maple Street,-73.64543,43.31158,2024-12-15,735
722b0d251b206a44,540 Montauk Highway,-73.30809,40.69645,2024-12-15,736
a79bd913735c0d37,318 Grand Street,-73.99083,40.71724,2024-12-15,737
ba944a489fb33f24,6 Franklin,-75.38253,43.04741,2024-12-15,738
48e6f4f6420f6ab6,709 Old Country Road,-73.35823,40.83196,2024-12-15,739
59c3d1cdae395304,194 Washington Avenue,-73.76287,42.65653,2024-12-15,740
351b690d9f9cc892,1753 East Main Street,-73.85226,41.32374,2024-12-15,741
0b6cc2c77303b75e,65 North Main Street,-73.98925,41.1492,2024-12-15,742
78ef18b85005b777,11 East Park Avenue,-73.66415,40.58866,2024-12-15,743
7e0cf9ed84bcb4c7,995 Hicksville Road,-73.47822,40.69121,2024-12-15,744
d2821b2c91c71f0e,489 Neptune Avenue,-73.97194,40.57986,2024-12-15,745
e31f87589fa9e405,6310 Elmer Hill Road,-75.47009,43.28408,2024-12-15,746
d10a85e0d04e15b7,200 Park Avenue,-73.9772,40.75372,2024-12-15,747
d45b29c398d37778,1705 Crosby Avenue,-73.83127,40.84549,2024-12-15,748
935a7945c0a30cb9,2222 Merrick Road,-73.54213,40.65967,2024-12-15,750
5b98556460bde772,231 Beach 20th Street,-73.75421,40.59676,2024-12-15,751
971ef5a54b2bfa22,6720 Pittsford Palmyra Road,-77.44109,43.06954,2024-12-15,752
585a8af0c709f3d8,2443 Hempstead Turnpike,-73.54528,40.72514,2024-12-15,753
4ddfa60089475e8a,90 West 96th Street,-73.96687,40.79257,2024-12-15,754
4a38ada02eab443f,157 South Street,-73.53114,40.87086,2024-12-15,755
77d5c6df49ed2fdb,54375 Route 25,-72.42675,41.06482,2024-12-15,756
f1b4a13feef00c2e,110 Main Street,-73.68994,40.83045,2024-12-15,757
bed59a9452e6734f,3600 Brewerton Road,-76.14512,43.11569,2024-12-15,758
718cbdf0a34f6d8f,2895 Richmond Avenue,-74.16951,40.57418,2024-12-15,759
0683a18268c03ab4,231 Hill Road,-75.41892,43.22081,2024-12-15,760
de5adc58e86c0836,71-20 Kissena Boulevard,-73.81537,40.72893,2024-12-15,761
16e1ab317d05d5f3,988 Third Avenue,-73.96666,40.76145,2024-12-15,762
6db3fd77277cacf9,370 Seneca Street,-78.86289,42.87833,2024-12-15,763
1fe13986e8d4e3e3,1575 50th Street,-73.98638,40.63064,2024-12-15,764
90eb1b1a7a219c14,2341 Bowen Road,-78.63686,42.83417,2024-12-15,765
ed54b8c7da02f295,6000 Reynolds Drive,-77.67916,43.08896,2024-12-15,766
feb4a753da4d6e6c,875 Third Avenue,-73.96961,40.75739,2024-12-15,767
99ce197d4b51af90,32845 Main Road,-72.47799,41.0223,2024-12-15,768
10bb33f687b7dfe0,101 East 170th Street,-73.91556,40.83941,2024-12-15,769
7cf0356424b4933d,1555 First Avenue,-73.95182,40.77347,2024-12-15,770
5944240d984ac384,57 Purchase Street,-73.68485,40.98371,2024-12-15,771
fb23b761cd8210f7,5091 Sacandaga Road,-74.0312,43.0125,2024-12-15,772
61ed3141f4bf5afe,2450 Ridge Road,-77.69301,43.20998,2024-12-15,773
6db034f088f6684e,249 East 86th Street,-73.95209,40.77802,2024-12-15,774
6fdf35213b5e98c0,3768 Route 36,-77.89742,42.82769,2024-12-15,775
690e6eaf2aab31ba,1066 Lexington Avenue,-73.96057,40.77267,2024-12-15,776
ca36b92bb855ee7c,5212 West Genesee Street,-76.26781,43.04153,2024-12-15,777
76d04273f74d4384,3881 Richmond Avenue,-74.16407,40.54371,2024-12-15,778
2fd76fd82b0e9c59,7610 Oswego Road,-76.22627,43.13863,2024-12-15,779
afb655451948d496,One Astoria Federal Plaza,-73.70014,40.75907,2024-12-15,780
52226770e08f8c31,5802 Broadway,-78.64491,42.89545,2024-12-15,782
d78eea1c9c7de5e2,3155 State Street,-77.85261,42.97274,2024-12-15,783
14441de547555365,2003 Smith Haven Plaza,-73.13059,40.86822,2024-12-15,784
50b473a8a3bde6be,300 East Main Street,-73.23965,40.7251,2024-12-15,785
d4a936eff524f417,162-05 Crocheron Avenue,-73.80328,40.76252,2024-12-15,786
76d4de1f832b4067,1989 South Park Avenue,-78.82374,42.84457,2024-12-15,787
28394b81407518f8,534 5th Avenue,-73.98891,40.66604,2024-12-15,788
66e6cbb6456ae9e3,880 Quincy Street,-73.92393,40.69007,2024-12-15,789
9c92379f914716eb,110 Church Street,-74.00912,40.71344,2024-12-15,790
fdbe0db925ed7b13,3010 Walden Avenue,-78.71919,42.91066,2024-12-15,791
a58792768cdb2b5d,3121 Long Beach Road,-73.63981,40.63621,2024-12-15,792
fbdab1ba5847d20b,1510 Second Avenue,-73.95522,40.77311,2024-12-15,793
015da0e1a2f9ce32,1000 South Avenue,-77.60657,43.13569,2024-12-15,794
0aca3c36d23d18e4,150 Hampton Road,-72.38443,40.88816,2024-12-15,795
791104a2f085f974,718 Medford Avenue,-73.00835,40.79215,2024-12-15,796
8e3ff584b42e2970,2245 Middle Country Road,-73.09126,40.8582,2024-12-15,797
642473e0209349c7,826 Manhattan Avenue,-73.95349,40.72852,2024-12-15,798
d20da84cd15e7655,980 Ridge Road,-77.45986,43.20919,2024-12-15,799
f912607bfc24face,139 Church Street Extension,-74.13031,44.32844,2024-12-15,800
9203219b68ef2fb4,112 Broadway,-73.78903,43.06857,2024-12-15,801
0ee5da54a23bd67f,5340 Southwestern Boulevard,-78.86931,42.74208,2024-12-15,802
4188d07e5a576484,70-11 Myrtle Avenue,-73.88057,40.70196,2024-12-15,803
9975ecf423b8da8d,Chelsea Piers #62,-74.00801,40.74837,2024-12-15,804
565e5b61910ca401,928 McLean Avenue,-73.86712,40.90405,2024-12-15,805
b3b397d5f83cbb15,120 Mansion Street,-73.89507,42.77403,2024-12-15,806
312abe1d45a66f1f,448 Route 3,-73.49163,44.69693,2024-12-15,807
a37bd39c69d4e944,750 Hicksville Road,-73.47855,40.69234,2024-12-15,808
cb9530c2b8563e4b,428 Main Street,-74.3055,42.67238,2024-12-15,809
c2c35681dec34b3c,Highways 20 & 22,-73.3758,42.44849,2024-12-15,810
f82edb39483d7f0e,1100 Mohawk Street,-75.22194,43.09207,2024-12-15,811
54d3b3e0b58228b8,185 Genesee Street,-75.23121,43.1015,2024-12-15,812
29c936e047e22137,1998 Empire Boulevard,-77.50061,43.19361,2024-12-15,813
edd059cb11d13e4b,91 South Greeley Avenue,-73.77297,41.15767,2024-12-15,814
1bb12dcebc07b024,3517 Johnson Avenue,-73.90984,40.8861,2024-12-15,815
22919828313ce803,376 Bay Road,-73.65238,43.33505,2024-12-15,816
b5743e344790f7f4,1880 Middle Country Road,-72.90416,40.89066,2024-12-15,817
f4e64af871953377,2128 Hudson Avenue,-77.60024,43.20678,2024-12-15,818
4f010d64713bfa68,350 Fulton Street,-73.98834,40.69183,2024-12-15,819
58a592c7d770aa78,433 Boston Post Road,-73.67408,40.99392,2024-12-15,820
81da2f58fa90f1b4,10726 Continental Avenue,-73.84434,40.72088,2024-12-15,821
8da9e4591cbc0187,3 Main Street,-73.62371,40.70653,2024-12-15,822
72d89e22efcea954,6611 Manlius Road,-76.06097,43.06369,2024-12-15,823
e7e9191bf38c3663,2090 Merrick Road,-73.54653,40.65769,2024-12-15,824
1977ec7ba6d42f69,501 Fifth Avenue,-73.98101,40.7533,2024-12-15,825
85958fa6b4fda252,4302 18th Avenue,-73.97619,40.63118,2024-12-15,826
c88513bf6233a1b4,97-33 Queens Boulevard,-73.85979,40.72941,2024-12-15,827
5e56b01d719a009e,250 Main Street,-73.42578,40.87128,2024-12-15,828
4f79d5e9305fbfb7,1155 Ridge Road,-77.44378,43.20998,2024-12-15,829
7a64b474f9fa054b,199 Jericho Turnpike,-73.64361,40.74833,2024-12-15,830
da982d51fa686aba,927 Flatbush Avenue,-73.95839,40.64911,2024-12-15,831
df1759ef801ebfed,25 Quaker Avenue,-74.03818,41.4341,2024-12-15,832
d1b5bbde90cd1b28,10 Route 25A,-73.10637,40.94103,2024-12-15,833
39fde35a55f9ebb7,1188 Niagara Falls Boulevard,-78.82337,42.98638,2024-12-15,834
7495d0c498eb46a9,30-18 36th Avenue,-73.92996,40.75669,2024-12-15,835
be6db269a9d32b70,2 South Church Street,-74.32365,41.40193,2024-12-15,837
0c92d355dd34274a,3 The Plaza,-71.94493,41.03485,2024-12-15,838
2b09bfb34f930666,1160 West Boston Post Road,-73.7442,40.93983,2024-12-15,839
74606f3276d64a9c,800 Montauk Highway,-72.86729,40.80024,2024-12-15,840
ee266ede39afbef0,386 Knickerbocker Avenue,-73.92065,40.70013,2024-12-15,841
c11ec8a4c2f2159a,2515 Browncroft Boulevard,-77.50459,43.15347,2024-12-15,842
3b8b1cfc175facc6,365 South Oyster Bay Road,-73.50291,40.78575,2024-12-15,843
be9b9bdd1b26377c,53300 Main Road,-72.4297,41.06318,2024-12-15,844
6c0d246fa9fcbdcb,210 West Merrick Road,-73.58934,40.65287,2024-12-15,845
2c495c9dea9265cd,116 E.Main Street,-73.01254,40.76574,2024-12-15,846
04af2768f0d4e1cc,31-81 Steinway Avenue,-73.91873,40.75931,2024-12-15,847
59cf036639136d8b,409 North Meadow Street,-76.50853,42.44288,2024-12-15,848
3089e12a40ed48b5,495 Elmwood Avenue,-78.87694,42.91049,2024-12-15,849
bee27db2121891ea,62 South Elmwood Avenue,-78.88003,42.88716,2024-12-15,850
fc776c355dd77132,1425 Portland Avenue,-77.58545,43.1929,2024-12-15,851
a75fac362b318e90,560 Warburton Avenue,-73.88229,40.99551,2024-12-15,852
4214580e97516dab,424 Madison Avenue,-73.97616,40.75709,2024-12-15,853
e8e714a17fd40cd4,1370 Boston Post Road,-73.7486,40.93425,2024-12-15,854
88e56cc0bcb653f7,77 West 66th Street,-73.98019,40.77302,2024-12-15,855
4804ee3bc5870778,240 Middle Town Road,-73.18095,40.85534,2024-12-15,856
d50f3449251eafb3,380 East Main Street,-73.23557,40.72649,2024-12-15,857
a468d95642930fb7,"2042 Albany Post Road, Suite 8",-73.91539,41.23504,2024-12-15,858
1b0d3a3b2ff5227e,10 East 14th Street,-73.99296,40.73573,2024-12-15,860
f29b236bed02a43f,560 Second Avenue,-73.97694,40.74299,2024-12-15,861
60802a9b1df7c552,776 Manhattan Avenue,-73.9528,40.72731,2024-12-15,862
43ee72f552215867,216-02 Merrick Boulevard,-73.75273,40.67992,2024-12-15,863
ff9faee9f24f3656,29-34 30th Avenue,-73.92245,40.76739,2024-12-15,864
676c7692dc9c30f1,37-16 30th Street,-73.93204,40.75513,2024-12-15,865
fd485701baa6a62c,7401 13th Avenue,-74.00687,40.62082,2024-12-15,866
b79a4a4b6764e65a,13150 State Route 12,-75.31594,43.47601,2024-12-15,867
f957fb5d391caea4,1015 Route 112,-73.04574,40.92393,2024-12-15,868
715e7aa2d05a42d2,2859 Lindy Lane,-77.97888,42.12351,2024-12-15,869
ac6162b90a9221b9,1633 Dutch Broadway,-73.70339,40.6872,2024-12-15,870
07925a494c210f40,890 Old Country Road,-73.5645,40.75317,2024-12-15,871
1284bfee291bcd9d,385 Broadway,-74.02531,41.50097,2024-12-15,872
a1a5f1bcf6912eb4,76 Flint Road,-73.65965,41.73005,2024-12-15,873
dde23b6fd28617a1,4957 Commercial Drive,-75.29856,43.10312,2024-12-15,874
ccf05430a09d4ffc,1225 Commons Way,-77.60676,43.08327,2024-12-15,875
8f9463f9a019568a,3588 Delaware Avenue,-78.87279,42.98181,2024-12-15,876
310a42f85e8561c1,1620 Pitkin Avenue,-73.91378,40.66924,2024-12-15,877
f8c17c7792def2d1,808 Columbus Avenue,-73.96632,40.79455,2024-12-15,878
35b8688090a57bb8,1550 Flatbush Avenue,-73.94803,40.63315,2024-12-15,879
6d7de649757a4fd0,33 Main Street,-73.25533,40.88487,2024-12-15,880
554da632ff8794bb,2519 Broadway,-73.97292,40.79327,2024-12-15,881
2ef71cf7c8c47998,122 East 42nd Street,-73.97633,40.7516,2024-12-15,882
a3aa2c5b547eee95,One Clinton Square,-76.15353,43.05075,2024-12-15,883
1b464a124c954a28,2221 Seneca Street,-78.80675,42.85228,2024-12-15,884
ee0bf0a49fbdfcd2,600 Broadhollow Road,-73.42379,40.76241,2024-12-15,885
e0ffdb6c3d3548ea,10 Hanover Square,-74.00922,40.70434,2024-12-15,886
0e9d0a0109d482c8,66 Court Street,-73.99136,40.6918,2024-12-15,887
8a77d6c47ed0b81c,1075 Central Park Avenue,-73.82468,40.98794,2024-12-15,888
f6a9be15feba6fcf,55 Main Street,-72.18618,40.96273,2024-12-15,889
6197c208c48a4ddb,722 Walt Whitman Road,-73.41122,40.8038,2024-12-15,890
106df7837d339d87,2831 31st Street,-73.92094,40.76745,2024-12-15,891
e642beefe3a6d732,1650 Grand Concourse,-73.91177,40.84362,2024-12-15,892
5d34cf041199813b,1791 Western Avenue,-73.8662,42.6907,2024-12-15,893
dd2fcfbef4c07c89,315 Church Street,-73.8045,43.08548,2024-12-15,894
be0f3d6518e31e61,131 Millbrook School Road,-73.61742,41.84586,2024-12-15,895
f1f9c6fb8db9e477,91 School Street,-73.63123,40.8672,2024-12-15,896
7764637e62029549,180 West Main Street,-73.3269,40.695,2024-12-15,897
d16145f4f8ec38af,8191 Jericho Turnpike,-73.46846,40.81598,2024-12-15,898
20bf8b63e08a8758,347 Sixth Avenue,-74.00084,40.73187,2024-12-15,899
7d916ffa44b29404,1226 Kings Highway,-73.96022,40.60796,2024-12-15,900
76ac5154cc15e4cf,1055 Franklin Avenue,-73.63602,40.73066,2024-12-15,901
0a5ae3dcb4d68094,3944 NY Rt 281,-76.20493,42.59759,2024-12-15,902
f5827c09f085d678,72 Second Avenue,-73.98936,40.72629,2024-12-15,903
dc1e92c4c3b545c0,4 Main Street,-77.42019,42.90193,2024-12-15,904
014792c778af1705,1615 Northern Boulevard,-73.68723,40.79445,2024-12-15,905
747e6d6a600e1b59,91-16 168th Street,-73.79309,40.70684,2024-12-15,906
5732ab51f465c6e3,689 5th Avenue,-73.99331,40.66144,2024-12-15,907
deca6b022518f4f1,405 Nassau Road,-73.59221,40.68267,2024-12-15,908
93ddeb6770c63ac7,414 Main Street,-73.06708,40.94333,2024-12-15,909
26696c23d0e1db30,90-53 Sutphin Boulevard,-73.80791,40.70156,2024-12-15,910
7bdf2872c6bdc4a8,210-16 Northern Boulevard,-73.77235,40.75958,2024-12-15,911
217dfe0d5312dda1,2020 Merrick Road,-73.54898,40.65666,2024-12-15,912
0f3fdf54fea1e709,604 West Main Street,-78.44139,42.53349,2024-12-15,913
5315d7bf88217fe1,14-15 College Point Boulevard,-73.84579,40.78495,2024-12-15,914
086497dbade760b7,333 Glen Cove Avenue,-73.6351,40.84126,2024-12-15,915
2acdd8f61029b0f7,501 Brighton Beach Avenue,-73.96219,40.57745,2024-12-15,916
b0d0d8888bbd4470,1421 Kings Highway,-73.95843,40.60868,2024-12-15,917
419961d3823162c0,10 Middle Neck Road,-73.72749,40.78715,2024-12-15,918
2d83b9f7b9fb8138,572 Gramatan Avenue,-73.83566,40.92611,2024-12-15,919
108003d5887445a8,1107 Third Avenue,-73.96392,40.76515,2024-12-15,920
b0b08ad1fbdf5223,384 Bender Lane,-73.79121,42.60632,2024-12-15,921
b3ed80a86247ca53,35 South Moger Avenue,-73.72902,41.20737,2024-12-15,922
3277599501e36409,1 Main Street,-78.14672,42.55994,2024-12-15,923
0bce7642b7121967,299 Park Avenue,-73.97461,40.75611,2024-12-15,924
3161b2a6f6bfe08c,36-18 21st Street,-73.93759,40.75911,2024-12-15,925
2a358bd7f4dde59d,95 East Montauk Highway,-72.51807,40.88019,2024-12-15,926
39ebf88d55ebff83,250 West 23rd Street,-73.99754,40.7449,2024-12-15,927
cf46b6c638cf960f,38 South Main Street,-77.88399,43.10327,2024-12-15,928
9090b9fe70556d4c,3284 Hempstead Turnpike,-73.51514,40.72502,2024-12-15,929
5cb0f0d0c8315fec,99 Covert Avenue,-73.68897,40.72021,2024-12-15,930
e2203009b2597576,1218 Broadway,-73.7027,40.63707,2024-12-15,931
40bb0d100cd78c33,176 Roberts Avenue,-73.88547,40.96076,2024-12-15,932
00401c010f136216,65 Nugent Street,-72.39214,40.88631,2024-12-15,933
c9c284030e0ede6d,899 South Oyster Bay Road,-73.49873,40.76144,2024-12-15,934
fff7a4a616afd3a8,3228 Chili Avenue,-77.75263,43.10444,2024-12-15,935
891beb08972ff40f,125 North Fulton Street,-76.51052,42.43955,2024-12-15,936
5a13260250df500f,1300 Erie Boulevard West,-75.49135,43.2282,2024-12-15,937
e70203cf08ed8d53,255 Delaware Avenue,-73.8213,42.62663,2024-12-15,938
4f619d23570ea712,29 Broadway,-74.01319,40.70599,2024-12-15,939
92fcd98825bd18e2,4049 Seneca Street,-78.75283,42.83014,2024-12-15,940
48424d0093ed3447,83-22 Baxter Avenue,-73.88265,40.74758,2024-12-15,941
42c7d8e66f089cc2,25 West Main Street,-78.13484,42.2075,2024-12-15,942
d721f77911c663cc,24-10  Jackson Avenue,-73.94472,40.74627,2024-12-15,943
2895b5bcc4d8b2d2,111 W. Huron St.,-78.87805,42.88946,2024-12-15,944
1e8bf385de74f233,600 Dick Road,-78.73865,42.91937,2024-12-15,945
1da117d282ed4aca,1916 Black River Boulevard,-75.43528,43.23686,2024-12-15,946
32420fec95ae799d,301 Fordham Road,-73.89461,40.86217,2024-12-15,947
dbe39f74fe1f4e54,441 Second Avenue,-73.97985,40.73936,2024-12-15,948
cf50be94dddababb,410 Commack Road,-73.31363,40.76116,2024-12-15,949
04032a0bd9855d9d,100 Pixley Road,-77.70861,43.14722,2024-12-15,950
263058447cbf0204,210 Dyckman Street,-73.92706,40.86524,2024-12-15,951
7a1487a2a97c390a,150 Broadway,-74.01038,40.70932,2024-12-15,952
53e72ce4abe12ad7,124 Dunning Street,-73.7914,42.97179,2024-12-15,953
d96af87d9f42ac95,366 Route 25A,-72.94187,40.94523,2024-12-15,954
967474ac71899766,2510 Route 9,-73.79286,42.97236,2024-12-15,955
a1235261a9e1d4d5,1293 Broadway,-73.98797,40.74964,2024-12-15,956
3ecd292de8a11265,670 Avenue of the Americas,-73.9938,40.74153,2024-12-15,957
178fa4b5f188f240,41 Commack Road,-73.29338,40.842,2024-12-15,958
3acada8b9f7564b5,180 East Main Street,-73.18249,40.73288,2024-12-15,959
88fd4002cf1f1f63,459 Fifth Avenue,-73.9867,40.66868,2024-12-15,960
9689cad3dd6850ab,1381 East Ridge Road,-77.5796,43.19749,2024-12-15,961
7ab8082527d7bb5c,1046 Southern Boulevard,-73.89188,40.82414,2024-12-15,962
d1ee4ac0e8d853fe,28-20 Ditmars Boulevard,-73.9118,40.77693,2024-12-15,963
a7898378b2678351,172 Montauk Highway,-72.69919,40.81906,2024-12-15,964
683f1bfaedbf7aed,399 Albany Shaker Road,-73.76771,42.69767,2024-12-15,965
c783ee5631ad856e,205-02 Linden Boulevard,-73.7473,40.69582,2024-12-15,966
aefb1f7ecbc0cce4,52 East Park Avenue,-73.6622,40.5884,2024-12-15,967
746a31e1b11339b0,3330 Park Avenue,-73.50916,40.67379,2024-12-15,968
725496346e6a06e8,341 Eastern Parkway,-73.95777,40.6708,2024-12-15,969
6d75b7ab5b771a6e,1775 Broadway,-73.98174,40.76696,2024-12-15,970
a0d036d9d65d5827,13-17 Hammond Street,-74.69151,41.37492,2024-12-15,971
d34af5a3d27280f9,69 State Street,-73.7524,42.64963,2024-12-15,972
5c25af171088882d,230 South James Street,-75.46053,43.20849,2024-12-15,973
99d83236b046a9da,One West Main Street,-74.85995,43.04311,2024-12-15,974
0f0d5ca34c65235a,100 Kings Highway South,-77.5757,43.20226,2024-12-15,975
d4b36fff7eb4b175,54-18 8th Avenue,-73.97263,40.67398,2024-12-15,976
50d6f53c53e63452,6801 East Genesee Street,-76.05127,43.03106,2024-12-15,977
bf261e213296a2ec,248 East Fordham Road,-73.89564,40.86221,2024-12-15,978
f8a15ebf7b1fa73d,56 East 42nd Street,-73.97859,40.75254,2024-12-15,979
8ad4de7804b30993,98 Wolf Road,-73.81279,42.71715,2024-12-15,981
049b8e05e1c01dfd,956 Flatbush Avenue,-73.95818,40.64809,2024-12-15,982
975c83aa681842b5,1886 Broadway,-73.98203,40.77107,2024-12-15,983
dba493928d0273d2,240 Plandome Road,-73.69878,40.79598,2024-12-15,984
df6dbdd0153d3414,701 Library Road,-77.62727,43.12925,2024-12-15,985
302acf763f8a1176,111 School Street,-73.63129,40.86758,2024-12-15,986
2eadd32a17c58b7d,5529 Main Street,-78.74702,42.96249,2024-12-15,987
8455ba8182a3186f,41 East Main Street,-73.01415,40.76568,2024-12-15,988
3588f4d9f9e8cede,3508 Johnson Avenue,-73.90993,40.88582,2024-12-15,989
c4a09ca2ba28f072,599 Middle Country Road,-72.94772,40.88219,2024-12-15,990
c2681db319c09a1f,799 Hoosick Street,-73.63712,42.74891,2024-12-15,991
7cbd4af223e47690,59 Third Street,-73.69052,42.7302,2024-12-15,992
d115f786859a6cfe,266 Broadway,-73.95907,40.70885,2024-12-15,993
6d550aa1222bd16e,670 Main Street,-78.60935,42.76786,2024-12-15,994
c55ee8ca89002336,243 Windmill Lane,-72.39448,40.89022,2024-12-15,995
56d36c596310af41,680 Fort Salonga Road,-73.33583,40.89433,2024-12-15,996
84b00a7e11e91172,290 Main Street,-73.21821,40.72773,2024-12-15,997
529ea70c910a54a9,7979 Victor Pittsford Road,-77.44401,43.03016,2024-12-15,998
3663f45e83c0ff88,151 Vly Road,-73.83677,42.74287,2024-12-15,999
4edf411b5ca03606,918 Seneca Avenue,-73.90338,40.70025,2024-12-15,1000
9d53512e3809750c,18 Washington Avenue,-76.0483,42.10398,2024-12-15,1001
07c1437a71069990,3 Park Place,-77.22273,42.40958,2024-12-15,1002
ef74a55f0b07806e,401 West 42nd Street,-73.99306,40.75861,2024-12-15,1003
a6a1ce6203a318aa,82-62 Broadway,-73.88111,40.74157,2024-12-15,1004
9d11c4080af6dc6f,7812 Turin Road,-75.45491,43.24036,2024-12-15,1005
574df6ba3f571fd0,271 Greece Ridge Center Drive,-77.68996,43.2068,2024-12-15,1006
93a711cb994e297b,432 Central Avenue,-73.72589,40.62014,2024-12-15,1007
7965bc7cb81ec932,1610 Penfield Road,-77.49544,43.13515,2024-12-15,1008
f5eb8bb15dd51d4f,115 Main Street,-73.6655,40.64145,2024-12-15,1009
ae64dbf647fc8408,70 East Main Street,-79.57617,42.3233,2024-12-15,1010
ab4855170d567fc7,85 Collamer Crossing,-76.04918,43.10261,2024-12-15,1011
98148d47b1c8e454,1055 Ridge Road,-77.4523,43.2096,2024-12-15,1012
1851bc6b4abdfdc5,3201 Kings Highway,-73.94279,40.61833,2024-12-15,1013
e3830c0979837b7a,45-49 Court Street,-75.16957,44.59787,2024-12-15,1014
b748b87a7733ede8,2521 Broadway,-73.97275,40.7935,2024-12-15,1015
a3bdd3da0d50a04a,5717 Enterprise Drive,-76.06178,43.05436,2024-12-15,1016
c01c3647fa167f54,238 North Ave,-73.78172,40.91094,2024-12-15,1017
5c2f3c8966780a4b,320 Merrick Road,-73.67235,40.65722,2024-12-15,1018
c4710c0386b0353a,320 Ford Street,-75.492,44.69792,2024-12-15,1019
bbfd7d3693cdab55,162 Amsterdam Avenue,-73.98385,40.77557,2024-12-15,1020
8f25b3d50f694a48,230 WARING ROAD,-77.56507,43.18348,2024-12-15,1021
5b8593f63fbf7b95,1516 Western Avenue,-73.84253,42.68266,2024-12-15,1022
fc0310707ea7c5b0,100 Canal View Boulevard,-77.58549,43.09641,2024-12-15,1023
693744ab9d6cb1cc,502-512 86th Street,-74.02607,40.6214,2024-12-15,1024
776a1361f3043fc2,2371 Central Park Avenue,-73.83043,40.97952,2024-12-15,1025
f30a9a2bc0365cea,1 Penn Plaza,-73.99183,40.75063,2024-12-15,1026
f2a51e98f1100fb3,5238 West Seneca Street,-75.54026,43.07895,2024-12-15,1027
a364490f198d799b,6478 Main Street,-73.43323,44.18247,2024-12-15,1028
e0ac4121ec60d723,7 North Main Street,-78.34088,42.03898,2024-12-15,1029
34f997b97cf10a00,670 Merrick Avenue,-73.56962,40.70527,2024-12-15,1030
2e5d24aa99722081,3780 Nostrand Avenue,-73.94014,40.59147,2024-12-15,1031
38e70a56d8659a66,1407 Broadway,-73.98724,40.75312,2024-12-15,1032
3d566e10afcb4356,220 East 42nd Street,-73.97291,40.75009,2024-12-15,1033
4f5d10837a4cc3cd,One Credit Union Plaza,-77.05879,42.15053,2024-12-15,1034
1c3b18fb076df686,577 Bay Street,-74.07633,40.62788,2024-12-15,1035
96ca90aab2729930,272 Lake Street,-77.0598,42.65264,2024-12-15,1036
55c13d908cc5fa19,9 Margaret Street,-73.45367,44.69594,2024-12-15,1037
1b27a4586743ba3a,20-02 Francis Lewis Boulevard,-73.80271,40.78027,2024-12-15,1038
a85d3a33de6260d3,435 Main Street,-73.71407,41.12695,2024-12-15,1039
7eaf7f53ab7e8bb4,95 Pondfield Road,-73.83304,40.93974,2024-12-15,1040
0ed75708aea9ae0a,99 Garnsey Road,-77.46524,43.05158,2024-12-15,1041
08653152f89b37c4,139 Flatbush Avenue,-73.97755,40.6842,2024-12-15,1042
4c0140e9b8ea5552,659 South Main Street,-77.27384,42.87747,2024-12-15,1043
1f00cce106492076,725 White Plains Road,-73.80581,40.97167,2024-12-15,1044
10be4816aa360929,271 Page Avenue,-74.23404,40.5175,2024-12-15,1045
87e1caef47ad8d3a,5469 Camp Road,-78.84439,42.73834,2024-12-15,1047
6a7293e851873954,3035 Route 50,-73.74282,43.09951,2024-12-15,1048
509427dea39ac12b,Route 17 & Chambers Road,-76.88824,42.17689,2024-12-15,1049
ac36f2045d4dbb1b,265 Osborne Road,-73.77559,42.70706,2024-12-15,1050
002c3c2dc97fc41f,2075 Lake Road,-76.81109,42.12853,2024-12-15,1051
127e28bb4f7263f3,504 Neptune Avenue,-73.97235,40.57979,2024-12-15,1052
ad3ff9d954383bbb,61-38 Springfield Boulevard,-73.75678,40.74817,2024-12-15,1053
cb2193cd99ab42ac,710 Suffolk Avenue,-73.24853,40.78038,2024-12-15,1054
7622449ab8e46942,400East Main Street,-73.72472,41.19599,2024-12-15,1055
31cb3f0baa4504c7,684 Middle Country Road,-73.03625,40.86589,2024-12-15,1056
5c62e75f8277c9ad,253 Route 211 East,-74.40168,41.4545,2024-12-15,1057
acaef36cb656a004,2 Mott Street,-73.99869,40.71376,2024-12-15,1058
cfc246032f10b251,3049 Buhre Avenue,-73.83068,40.84761,2024-12-15,1059
e500de8ae6acf058,1893 Elmwood Avenue,-78.87759,42.9493,2024-12-15,1060
0ade714322237538,255 Broadway,-73.51954,40.76449,2024-12-15,1061
710e669af1dded83,111 Great Neck Road,-73.72964,40.78507,2024-12-15,1062
5d3c1aacbe067e49,158-45 ARCHER AVENUE,-73.79964,40.70253,2024-12-15,1063
d958384962422269,107 Main Street,-78.87642,43.0251,2024-12-15,1064
891e997000b9b768,502 Old Country Road,-73.61763,40.74256,2024-12-15,1066
c514e47f8a8fa5a4,164 Canal Street,-73.99723,40.71662,2024-12-15,1067
6bdfd2ef9047a315,183 Centre Street,-73.99964,40.71841,2024-12-15,1068
bc35f916d050d70f,199 Second Street,-73.64001,40.74157,2024-12-15,1069
cc38242510025d60,45 7th Street,-73.64051,40.72432,2024-12-15,1070
638c1f6205ae7aac,9 Lower Main Street,-75.05959,41.76708,2024-12-15,1071
88ca71c8d0bc03e6,3820 Dewey Avenue,-77.64491,43.2404,2024-12-15,1072
8a3d3efd49afb513,60 Montauk Highway,-73.03849,40.75343,2024-12-15,1073
a8ec93f34bdf742f,3159 Bainbridge Avenue,-73.87943,40.87478,2024-12-15,1074
cc3e74271f4a7f4d,5420 13th Avenue,-73.99544,40.63181,2024-12-15,1077
943a002a876923a4,1065 Avenue of the Americas,-73.98492,40.75371,2024-12-15,1078
6784deecf2e960c9,460 Park Avenue,-73.97066,40.7619,2024-12-15,1079
4e1eddeba23b7ef6,243 North Hamilton Street,-77.09046,42.15986,2024-12-15,1080
18ad250dbdefc611,5 Seneca Street,-76.98239,42.86669,2024-12-15,1081
39d7f1aed9727835,131 Portion Road,-73.10844,40.8271,2024-12-15,1082
6359160e2f070e5f,1490 Lake Avenue,-77.62791,43.19347,2024-12-15,1083
25aa4b8321050cc4,1727 Veterans Memorial Highway,-73.18017,40.80573,2024-12-15,1084
7db2c4ab4f1cd6f4,7501 3rd Avenue,-74.02784,40.63134,2024-12-15,1085
c3715fe688035c81,1375 New Scotland Road,-73.85635,42.63782,2024-12-15,1086
e4b39f402cbe774c,6105 Jericho Turnpike,-73.304,40.84224,2024-12-15,1087
e99ee32a7c64b792,123 East 86th Street,-73.95612,40.77972,2024-12-15,1088
1982130283e59849,41 Harden Boulevard,-75.74355,43.32747,2024-12-15,1089
3725df55c75d8af7,160 Brooks Road,-75.41796,43.22265,2024-12-15,1090
a995dc211edfc5ae,830 Port Washington Boulevard,-73.68406,40.82824,2024-12-15,1091
ccda2ec8cf27f27e,116-01 Rockaway Beach Boulevard,-73.83748,40.57972,2024-12-15,1092
92e6164620e66c5a,1752 Veterans Memorial Highway,-73.17816,40.80373,2024-12-15,1093
b16901eec304d4f4,89-50 164th Street,-73.7963,40.70611,2024-12-15,1094
3ad7e44ed6dd5eb9,5793 South Transit Road,-78.69615,43.14217,2024-12-15,1095
a9b729adc7e46f72,212 Main Street,-78.62686,42.76817,2024-12-15,1096
f8918d8bb8294cbb,118 Seventh Street,-73.63642,40.72478,2024-12-15,1097
417dc40e08de3cc6,45 Melville Park Road,-73.41514,40.77632,2024-12-15,1098
ab5eedb381b8409e,345 Central Avenue,-79.33451,42.48339,2024-12-15,1099
c04385cafd891ac8,52 East 14th Street,-73.9907,40.7348,2024-12-15,1100
acb0e49a05eef498,25 Waterside Plaza,-73.97413,40.73717,2024-12-15,1101
6df2cfe10be1b0af,96 Wolf Road,-73.81224,42.71749,2024-12-15,1102
6944ead98d77aeac,44 West Main Street,-78.11337,42.46597,2024-12-15,1103
b3e830a7fcba6b9c,545 West 114th Street,-73.96451,40.80658,2024-12-15,1104
10101be4601a23b5,1650 Bedford Avenue,-73.95675,40.66604,2024-12-15,1105
02abbc5e3fcf4fa5,7941 Brewerton Road,-76.1234,43.15524,2024-12-15,1106
99ea8dead28b4c89,5 Green Acres Road,-73.71493,40.66221,2024-12-15,1107
26d673515be15704,1009 Nostrand Avenue,-73.95094,40.66374,2024-12-15,1108
cc8e08248f180700,8720 East Main Street,-79.6284,42.02083,2024-12-15,1109
c0c67ec41a505e68,481 First Avenue,-73.97616,40.74015,2024-12-15,1110
8200b300ae2ba303,1042 Madison Avenue,-73.96189,40.77665,2024-12-15,1111
66a4b20e32ae732a,80-10 Eliot Avenue,-73.87894,40.72514,2024-12-15,1112
337e3e0972da6aa4,735 Anderson Hill Road,-73.69584,41.03879,2024-12-15,1113
29195af11084abda,100 Sunnyside Boulevard,-73.47081,40.79429,2024-12-15,1114
1191dff8e193aecf,7 Southside Drive,-73.78414,42.86216,2024-12-15,1115
a0105feca75e8b23,142 Malcolm X Boulevard,-73.94923,40.80253,2024-12-15,1116
b09877bcb86ae241,3909 Vineyard Drive,-79.31487,42.45829,2024-12-15,1117
55f2eeb061a6e52b,45 South Main Street,-77.88467,43.10144,2024-12-15,1118
a493783a2aad209f,453 Route 9,-73.9115,41.60886,2024-12-15,1119
c2cbb3ce3061adf9,7120 New Utrecht Avenue,-73.99916,40.61853,2024-12-15,1120
9e998de426827bc2,2301 Jericho Turnpike,-73.66264,40.74154,2024-12-15,1121
42a6aa397183b36d,125 Main Street,-79.59534,42.15935,2024-12-15,1122
8f1c5038e669c242,7600 Jericho Turnpike,-73.48887,40.81191,2024-12-15,1123
f6ba771dabcab9d2,200 E. Buffalo Street,-76.49666,42.44138,2024-12-15,1125
cdafb7d4bae9837e,2833 Ridge Road West,-77.70541,43.20985,2024-12-15,1126
8f4f16ef7401fbda,18 South Broad Street,-75.52372,42.53051,2024-12-15,1127
fd45e6fa1664facb,120 Main Street,-78.79828,42.24971,2024-12-15,1129
523cf09538ef8bfc,581 Loudon Road,-73.75979,42.72625,2024-12-15,1130
da6f1dc96ef9ade3,2560 Broadway,-73.97155,40.79486,2024-12-15,1131
de79955be343a05e,1536 Third Avenue,-73.95374,40.77915,2024-12-15,1132
151bc33591024a13,145 West Main Street,-77.60257,42.94954,2024-12-15,1133
2710023e37d37be3,1054 Route 17C,-76.23416,42.09806,2024-12-15,1134
9d96d407cffe4736,1 Rockefeller Plaza,-73.97919,40.75816,2024-12-15,1135
6374a6717fb0098d,7395 Turin Road,-75.48596,43.77851,2024-12-15,1136
92d941a0fb46d27a,111 Washington Avenue,-73.75985,42.65548,2024-12-15,1137
d55921d6f2260384,131 Alexander Avenue,-73.13345,40.86674,2024-12-15,1138
c9eaf175793b88b0,2530 Stewart Avenue,-73.5538,40.74751,2024-12-15,1139
35a6df2f04e3ca2b,866 United Nations Plaza,-73.96686,40.7526,2024-12-15,1140
0fa7cb89efec97c5,1078 Third Avenue,-73.96437,40.76455,2024-12-15,1141
d13fad682a4d4f43,77 East Main Street,-73.24585,40.72296,2024-12-15,1142
0e601a367063f45b,32 Cornelia Street,-73.45337,44.69952,2024-12-15,1143
32937de70c2103bb,76 West Main Street,-78.93748,42.46227,2024-12-15,1144
0934289b5fb3b44c,273 Wall Street,-74.01947,41.93294,2024-12-15,1145
7008f537fa03c4dd,1685 State Route 9,-73.76636,42.8614,2024-12-15,1146
129f2b51023e60be,156-19 Cross Bay Boulevard,-73.84044,40.66353,2024-12-15,1147
676e02415257f195,297 Merrick Road,-73.64424,40.65639,2024-12-15,1148
6f4d079093db5620,1201 Route 9,-73.9086,41.56947,2024-12-15,1149
cd71f3f721827c76,845 Third Avenue,-73.97006,40.75677,2024-12-15,1150
d14e74e29bae4885,2 Park Avenue,-73.89229,40.9395,2024-12-15,1152
4a88e928d5997b3e,540 Middle Neck Road,-73.73515,40.80114,2024-12-15,1153
1ddc0d9e9047be9f,6485 South Transit Road,-78.69532,43.11439,2024-12-15,1154
c075f6447dc7be4d,100 West McCann's Boulevard,-76.82344,42.11905,2024-12-15,1155
9c1008f26919fd4d,78-82 South Greenley Avenue,-73.77295,41.15774,2024-12-15,1156
d6c877df631baf48,406 Route 32,-73.64879,42.47577,2024-12-15,1157
41e1f1e04d3f7225,1 Main Street,-75.20448,44.86545,2024-12-15,1158
1e0b32f57c68a9c3,1818 Fifth Avenue,-73.68727,42.7317,2024-12-15,1159
62c56916ee2a28c2,759 State Fair Blvd.,-76.23764,43.0867,2024-12-15,1160
d3fe3c2d5ae0a15d,1748 Broadway,-73.98207,40.76511,2024-12-15,1161
44aa6f2135b7a262,360 Downing Drive,-73.78276,41.27429,2024-12-15,1162
300e165db4826a39,1334 Route 96,-77.04699,42.95451,2024-12-15,1163
9240d0750b7d450e,15299 State Highway 30,-74.99299,42.07791,2024-12-15,1164
02ca33fbfef1aaf3,4175 Veterans Memorial Highway,-73.09871,40.78278,2024-12-15,1165
088007bc0caec239,1658 Lake Road,-77.92014,43.29726,2024-12-15,1166
14ae816de63dcfc6,628 West Church Street,-76.82207,42.08607,2024-12-15,1167
a778a83c845a68e4,4837 State Highway 23,-75.50848,42.53992,2024-12-15,1168
aa1e951b17184748,1136 Pennsylvania Avenue,-76.81833,42.05626,2024-12-15,1169
dfa2c9fb10be45e6,4349 Katonah Avenue,-73.86768,40.90022,2024-12-15,1170
d11f61689afb3fae,25 South Main Street,-79.23816,42.0925,2024-12-15,1171
b065248d5551a05e,5660 Broadway,-73.90306,40.88063,2024-12-15,1172
99454ca72836e52e,5671 Riverdale Avenue,-73.9048,40.90657,2024-12-15,1173
ca4a26be528b193d,250 Broadway,-74.00742,40.71281,2024-12-15,1174
8ea04a8cc5a83208,20-10 Mott Avenue,-73.7534,40.60451,2024-12-15,1175
de1529c2a34f1586,87-11 Queens Boulevard,-73.87553,40.73552,2024-12-15,1177
0527c1f8624ff296,36 Avenue C,-73.98052,40.7218,2024-12-15,1178
8295f3c8ed7ea865,31-01 Broadway,-73.9252,40.7619,2024-12-15,1179
9a4de7e9d98c82d3,124 West Main Street,-73.32533,40.69594,2024-12-15,1180
071008da346a5caa,1503 Canandaigua Road,-77.32093,43.06332,2024-12-15,1181
1d565be74cb7315e,4883 State Highway 30,-74.18613,42.96803,2024-12-15,1182
e6311477c3814049,870 Fairmount Avenue,-79.28766,42.09735,2024-12-15,1183
9a49daa271b8461e,2516 West Main Street,-76.57389,43.16795,2024-12-15,1184
17f4dded7ec93d60,7193 Main Street,-76.82285,42.67603,2024-12-15,1185
bb121df4700be343,300 West Water Street,-76.80931,42.08727,2024-12-15,1186
f6d6bf060436b0d8,2480 Ridgeway Avenue,-77.69785,43.18813,2024-12-15,1187
de74e0885ab162ea,255 Hempstead Avenue,-73.64787,40.70117,2024-12-15,1188
a10fb008bd87fee1,1398 Fulton Street,-73.9447,40.68012,2024-12-15,1189
07fc7db744f4acea,74-11 Metropolitan Avenue,-73.87771,40.71289,2024-12-15,1191
4de405a3035101d8,3345 Fulton Street,-73.87186,40.68376,2024-12-15,1192
1e3d6c63881f2052,3140 West State Road,-78.47222,42.07712,2024-12-15,1193
7f50ce1c94fe7ccb,400 Washington Street,-75.91158,43.97098,2024-12-15,1194
08f596ded1b6f55d,2200 Richmond Avenue,-74.16258,40.59341,2024-12-15,1195
af41a2677351c3bc,121 Main Street,-74.9155,42.27836,2024-12-15,1196
499f0dc15f40e586,325 South Cascade Drive,-78.69015,42.50056,2024-12-15,1197
e28f3c1b94bb7a5a,22 Pleasantville Road,-73.84862,41.16512,2024-12-15,1198
5e434b47eefe7fc7,1275 Madison Avenue,-73.95637,40.78421,2024-12-15,1199
0d4d21d8c7e55255,46 Main Street,-77.87413,42.72577,2024-12-15,1200
374bbc945b3583e6,10 Hicksville Road,-73.47574,40.66803,2024-12-15,1201
094afb9b2b0f600c,1455 Myrtle Avenue,-73.9176,40.69888,2024-12-15,1202
0c62ff12f1e9e377,625 Atlantic Avenue,-73.9754,40.68337,2024-12-15,1203
b08952383ee15790,300 South Wellwood Avenue,-73.36996,40.68413,2024-12-15,1204
32826fa226a42ddd,2687 Main Street,-73.42244,43.95056,2024-12-15,1205
531c790698658f00,150 55th Street,-74.02143,40.64706,2024-12-15,1206
eb17eced3a6cb834,75-21 Main Street,-73.82005,40.72349,2024-12-15,1207
2a37ea2a4c00dedd,530 Central Avenue,-73.72321,40.62263,2024-12-15,1208
b7035ee59fa252f5,7605 State Street,-75.48044,43.78753,2024-12-15,1209
9d62867283fe578f,238 East Main Street,-77.73648,42.9108,2024-12-15,1210
296a6bc8bd7bc68d,80 Main Street,-75.17002,44.5956,2024-12-15,1211
ec9d8e5a4f332968,410 Uniondale Avenue,-73.59301,40.70578,2024-12-15,1212
86fa892549943d7e,136-81 Roosevelt Avenue,-73.82722,40.7603,2024-12-15,1213
672a53c24ba64d5a,4116 Center Street,-75.36348,43.61974,2024-12-15,1214
62a3f76ed5d6fec7,208 5th Ave,-73.9805,40.67628,2024-12-15,1215
b7af881349a2624e,643 Route 211 East,-74.3653,41.46521,2024-12-15,1216
293fe6c933dda8a5,1698 Sheridan Drive,-78.87064,42.98097,2024-12-15,1217
368b9cf5d41a47a5,463 Route 9,-73.88974,41.51991,2024-12-15,1218
faa258e57aff07a7,8601 21st Avenue,-73.99621,40.6031,2024-12-15,1219
deac5d69764f15b1,36-54 Main Street,-73.83129,40.76185,2024-12-15,1220
feba2c80ccbbf7d0,1094 Highway 222,-76.20259,42.59865,2024-12-15,1221
4012aff40ef20207,200 Belle Terre Road,-73.06023,40.94663,2024-12-15,1222
a0e8fec0128fd4d1,234 East 198th Street,-73.88962,40.86935,2024-12-15,1223
20b3a469b0815512,2040 George Urban Boulevard,-78.73606,42.91901,2024-12-15,1224
2a76ae286e070a91,1573 Route 458,-74.54543,44.67299,2024-12-15,1225
8826a3146b2ca973,115-02 Merrick Boulevard,-73.77785,40.68977,2024-12-15,1226
42df23f424e8efd0,2261 Broad Hollow Road,-73.4211,40.75315,2024-12-15,1227
52dc0137f7957bcf,1902 Kings Highway,-73.95453,40.61032,2024-12-15,1228
910f5423034d4833,3333 Consaul Road,-73.89136,42.78306,2024-12-15,1229
61e48c236e9c3c5c,800 Westchester Avenue,-73.69121,41.00673,2024-12-15,1230
03fa4eee1c8bfea3,117 Montcalm Street,-73.42392,43.84878,2024-12-15,1231
a7838e72b6cd1596,68 Genesee Street,-77.74631,42.91072,2024-12-15,1232
f75926e624fc3d93,6402 18th Avenue,-73.98967,40.61964,2024-12-15,1233
9c127cc2bac3f9c2,3090 Ocean Avenue,-73.94961,40.58581,2024-12-15,1234
71fd6680394d3e77,1910 Victory Boulevard,-74.12763,40.6127,2024-12-15,1237
a346e64c558e3fea,5 State Street,-78.47603,43.21248,2024-12-15,1238
ed8e11a29b75ed18,2503 Prosser Hollow Road,-74.96388,42.43779,2024-12-15,1239
fb272fe47f3732dd,263 Sea Cliff Avenue,-73.64639,40.84925,2024-12-15,1241
bd65e88fdf286a42,190 East Jericho Turnpike,-73.62861,40.7536,2024-12-15,1242
67632ef902df9034,107-01 71st Avenue,-73.84467,40.72036,2024-12-15,1243
6fc14dc1cc0100cd,8520 4th Avenue,-74.02825,40.62303,2024-12-15,1244
7a146fbee9e887c6,215 Merchants Road,-77.54808,43.15936,2024-12-15,1245
c4f17b15c183b572,50 Lafayette Avenue,-74.15254,41.1159,2024-12-15,1246
2e729d2ecd95e8d8,341 Post Avenue,-73.58765,40.76125,2024-12-15,1247
dd96620f555e9996,5801 8th Avenue,-74.00844,40.63654,2024-12-15,1248
456c3b4d9e8b230e,120 Broadway,-74.01097,40.70865,2024-12-15,1249
021aa8498b565735,715 Panorama Trail,-77.49357,43.13235,2024-12-15,1250
17619867bf5955ba,6670 Fourth Section Road,-77.94956,43.1989,2024-12-15,1251
9a363a21840f1ade,35 Broad Street,-75.54246,42.82419,2024-12-15,1252
fabeb93f2ec36837,78 Carleton Avenue,-73.20089,40.78772,2024-12-15,1253
185a30fe998a016e,501 State Street,-73.94036,42.81189,2024-12-15,1254
6aec503553b482d0,70-09 Parsons Boulevard,-73.81011,40.73199,2024-12-15,1255
ef177c52a84061f8,64-70 Market Street,-74.98687,44.67177,2024-12-15,1256
d6768fe466c7a3a6,103 Canal Street,-74.39379,41.71692,2024-12-15,1257
ea51a9b4ee12c805,842 Ninth Avenue,-73.9866,40.76671,2024-12-15,1258
7a84cb327c398356,43-08 Bell Boulevard,-73.76981,40.76115,2024-12-15,1259
174de4996c60fd58,602 South Main Street,-76.81817,42.16338,2024-12-15,1260
488e2fc1b0681cca,23-02 31st Street,-73.91303,40.77425,2024-12-15,1261
2c53be0607ea00f7,2159 White Plains Road,-73.86767,40.85525,2024-12-15,1262
305d5f83961571df,133-07 Rockaway Boulevard,-73.80501,40.67466,2024-12-15,1264
8db07571e37e77f6,50 Spencerport Road,-77.6941,43.16659,2024-12-15,1265
24a090753f2da19f,517 Pine Street,-79.05692,42.36463,2024-12-15,1266
b8814d818b55d1c7,1388 Pennsylvania Avenue,-73.88166,40.64765,2024-12-15,1267
7d5604c56e7cf9a4,120 West Broadway,-74.00849,40.71648,2024-12-15,1268
9d96c798b2531ef6,466 Central Avenue,-73.72479,40.62091,2024-12-15,1269
895ac9f65daec940,170 Tulip Avenue,-73.70251,40.72399,2024-12-15,1270
c021623a04fe4f73,4 Hanson Place,-73.97702,40.6852,2024-12-15,1271
3f76bbc3cb2af72b,570 Stewart Avenue,-73.48124,40.74344,2024-12-15,1272
30b33bff3c16731e,4871 Lake Road,-77.94409,43.19783,2024-12-15,1273
beab2c559bd1d8e6,2-1 Park Plaza,-73.6187,40.83606,2024-12-15,1274
8a972794365493df,2797 Niagara Falls Boulevard,-78.82152,43.0308,2024-12-15,1275
1e4848c477aeb9ca,2160 Bedford Avenue,-73.52737,40.66917,2024-12-15,1276
074ac8ecbddfc967,1 Park Avenue,-73.982,40.74606,2024-12-15,1277
2b96cee3dda0af13,1620 Avenue U,-73.95473,40.59901,2024-12-15,1278
0823101e2393bb2b,320 West Main Street,-74.29844,44.84865,2024-12-15,1279
94f6caaf29fc648f,10 Elm Street,-73.42794,44.98305,2024-12-15,1280
52f9d9160b40d4e7,10 Elm Street,-74.29148,44.84923,2024-12-15,1281
2d66a5efcfd14ef8,120 Genesee Street,-76.56791,42.9309,2024-12-15,1282
f8d55b87d4c3b47f,113 West 60th Street,-73.9859,40.7705,2024-12-15,1283
c8afd4d5acb3cfed,407 Tarrytown Road,-73.79901,41.04198,2024-12-15,1284
45d29ca812e36ec1,830 County Route 64,-76.87972,42.15453,2024-12-15,1285
ba5fe2da6e3efa3a,558 Grand Concourse,-73.92717,40.81882,2024-12-15,1286
3557149807d28e58,89 Oriskany Boulevard,-75.29318,43.11857,2024-12-15,1288
c5e11e76de4535a0,7541 Oswego Road,-76.22403,43.13506,2024-12-15,1289
0a968862a2b767cd,3721 Hempstead Turnpike,-73.49846,40.72567,2024-12-15,1290
47a09d8559ba2134,80 Jamaica Avenue,-73.89688,40.67829,2024-12-15,1291
48d8d3558816abd1,4854 North Jefferson Street,-76.12719,43.56702,2024-12-15,1292
dd6e72d9cdb51861,2172 Coyle Street,-73.93682,40.59927,2024-12-15,1293
9f0f8caa4f711e66,One Chemung Canal Plaza,-76.80316,42.0887,2024-12-15,1294
34213bccd143ebb6,555 LaGuardia Place,-73.99808,40.72909,2024-12-15,1295
94415f31b76e0389,22 West 32nd Street,-73.98681,40.7477,2024-12-15,1296
70fb946b5cec0e4c,16-18 East Broadway,-73.99714,40.71348,2024-12-15,1297
de1975cacbfecc8c,974 Third Avenue,-73.96682,40.76122,2024-12-15,1298
aeb5ac8d138ca5c3,12 Upper College Drive,-77.79138,42.25849,2024-12-15,1299
2787a82481cfe476,1080 Route 58,-72.676,40.93355,2024-12-15,1300
f63cfed0e250d011,814 Manhattan Avenue,-73.95334,40.72824,2024-12-15,1301
4e791c4cf847611b,711 Miller Street,-77.11078,43.04587,2024-12-15,1302
9f4ae14d14626867,265 Broadhollow Road,-73.4167,40.78453,2024-12-15,1303
10dfae4e36c2cf35,111 Eighth Avenue,-74.00179,40.74076,2024-12-15,1304
ec4c83d086f3bd40,6912 18th Ave,-73.99281,40.61653,2024-12-15,1305
9c19a665c2b249b8,800 Third Avenue,-73.97101,40.75548,2024-12-15,1306
e8883fd192245314,1310 Amsterdam Avenue,-73.9572,40.8121,2024-12-15,1307
ba7198bde3794d6c,60-20 Fresh Pond Road,-73.90166,40.71642,2024-12-15,1308
71949f446ece41d2,909 Hanshaw Road,-76.47861,42.46888,2024-12-15,1309
1e70022b8ee5f63d,740 Central Park Avenue,-73.85747,40.92589,2024-12-15,1311
d8d400bf3ed1b0b0,120-32 Queens Boulevard,-73.82929,40.71351,2024-12-15,1312
4bc00d857da11816,114 Old Country Road,-73.6346,40.74024,2024-12-15,1313
922a240b489a4f2a,6250 County Route 64,-77.65572,42.30511,2024-12-15,1314
5a60ac9610591431,441 East Fordham Road,-73.88965,40.86019,2024-12-15,1315
16f1ef7c4f055e95,833 Broadway,-73.74504,42.65838,2024-12-15,1316
d7b437c814b1f527,6321 NYS Route 30,-74.26827,43.78252,2024-12-15,1317
0b19be5c9cca26a9,400 Park Avenue,-73.97211,40.75991,2024-12-15,1318
e28691becda939d0,2481 Adam Clayton Boulevard,-73.93939,40.82107,2024-12-15,1319
0d0be8499be9a397,5 South Broome Street,-74.69019,41.37654,2024-12-15,1320
a9227e9571f26ee4,3002 Mermaid Avenue,-73.99661,40.57534,2024-12-15,1321
03bcb59d5f424006,1060 Hempstead Turnpike,-73.67946,40.70784,2024-12-15,1322
3e726c013d60cdcf,120 Kirk Road,-75.05652,41.61219,2024-12-15,1323
02197f86a1540fd1,5966-5968  State Route 31,-76.10596,43.17579,2024-12-15,1324
d4eb2354ebea1070,10095 Main Road,-72.53848,40.98609,2024-12-15,1325
b0a1cb92651c7533,1040 Boston Post Road,-73.68367,40.97997,2024-12-15,1326
f42b5157a4f27c78,260 Pulaski Road,-73.39065,40.85677,2024-12-15,1327
c61f290932ad26b4,4440 Dewey Avenue,-77.64678,43.25272,2024-12-15,1328
96a49201f296541a,388 Greenwich Street,-74.01007,40.72076,2024-12-15,1329
6ecf4aee5adc5051,180 Delaware Plaza,-73.81054,42.62733,2024-12-15,1330
12730b295484c97d,171 East 72nd Street,-73.96082,40.76984,2024-12-15,1331
d932c21bdaee1134,1577 Northern Boulevard,-73.68868,40.79434,2024-12-15,1332
f94314fd0dc0ecb5,14230 Route 9N,-73.67631,44.44066,2024-12-15,1333
bb63f79f6e578b00,947 Old Country Road,-73.56125,40.75453,2024-12-15,1334
b5232ae62048e447,3230 Sunrise Highway,-73.51015,40.67142,2024-12-15,1335
5ffb82bff19f4b4e,69-71 Grand Avenue,-73.89313,40.72729,2024-12-15,1336
a781d053cb6e64b8,1155 Avenue of the Americas,-73.98287,40.75652,2024-12-15,1337
0fa8571e123aaf77,"19 East Market Street, Suite 101",-77.0537,42.14325,2024-12-15,1338
36607cd378bbe2ac,50 Avenue A,-73.98507,40.72395,2024-12-15,1339
d93b2c2dcdd32d15,380 Main Street,-78.16788,42.06567,2024-12-15,1340
b220a3c14ff2a4fa,26 East Main Street,-77.13652,42.96147,2024-12-15,1341
cd70c03611c9e29d,4214 Veterans Memorial Drive,-78.20488,43.01537,2024-12-15,1342
8fa01562a7f41a24,349 Main Street,-73.43064,40.87072,2024-12-15,1343
0d43616008ea337d,6 Elm Street,-76.11018,42.79835,2024-12-15,1344
3663ae07b8507052,983 Willis Avenue,-73.64886,40.77062,2024-12-15,1345
2617d4720a4cb794,7123 3rd Avenue,-74.02689,40.63366,2024-12-15,1346
6e525575004f6b09,2303 Grand Avenue,-73.61012,40.65451,2024-12-15,1347
78d3be052d6ef6fc,250 Conkin Street,-73.44845,40.73215,2024-12-15,1348
d9465adecdd17b11,1174 Jericho Turnpike,-73.26625,40.84593,2024-12-15,1349
25dbea8b895dd309,434 Chestnut Street,-75.09555,42.45567,2024-12-15,1350
a8f89afa49094628,636 Route 11,-73.42291,44.98293,2024-12-15,1351
abbd8f8f34004b21,114 Seventh Avenue,-73.97593,40.67374,2024-12-15,1353
206e6ee09f7a26c2,344 Tom Miller Road,-73.51031,44.70578,2024-12-15,1354
95d9e6f042c15d6f,51-31 Northern Boulevard,-73.90876,40.75309,2024-12-15,1355
9246b1e24cd50c08,151 Parkway Road,-73.8358,40.94157,2024-12-15,1356
32e4093d533e4d5d,401 North Franklin Street,-76.87336,42.38037,2024-12-15,1357
89e7e0514180d8a0,9 Mamaroneck Avenue,-73.76664,41.03232,2024-12-15,1358
1a6c1260780f8f68,702 Utica Avenue,-73.93084,40.65594,2024-12-15,1359
58c67597c8643a83,178 East Main Street,-74.07857,44.92657,2024-12-15,1360
318f112af0d92b21,189-02 Linden Boulevard,-73.76216,40.69173,2024-12-15,1361
aa7661d972beaad2,330 Madison Avenue,-73.97916,40.75297,2024-12-15,1362
98a20266d42def22,21 West Main Street,-78.27647,42.21701,2024-12-15,1363
7c7a542867276d46,144 Manetto Hill Road,-73.47256,40.78255,2024-12-15,1364
aa0d8f2a5b7fe813,2481 Creston Avenue,-73.89823,40.86256,2024-12-15,1365
3266f4069dd89426,5404 Bay Road,-76.14286,43.11575,2024-12-15,1366
dd83dd63ed26a2c3,129 Lafayette Street,-74.0,40.71902,2024-12-15,1367
744b228d76b7eac5,2 Coulter Road,-77.13648,42.95929,2024-12-15,1368
37c987733149eff7,80 Broad Street,-74.01157,40.70426,2024-12-15,1369
12822caf5d5dfea9,177 Jericho Turnpike,-73.50971,40.81046,2024-12-15,1370
41789d11bd0a05c5,712 North Franklin Street,-76.87214,42.37812,2024-12-15,1371
422827a0c46a77e3,1000 Port Washington Boulevard,-73.68404,40.83038,2024-12-15,1372
eca1133839cb4912,414 Main Street,-78.8745,42.88533,2024-12-15,1373
afb89e4289fab33d,1510-12 First Avenue,-73.9884,40.72339,2024-12-15,1374
323416191dc72cd7,1300 Ulster Avenue,-73.98529,41.9661,2024-12-15,1375
b6835fc63af8f6c1,59-23 Main Street,-73.82557,40.74323,2024-12-15,1376
e4996e7b2d3f516a,79-21 Metropolitan Avenue,-73.87329,40.71325,2024-12-15,1377
dcd32e55bdcb205b,5810 Amboy Road,-74.20112,40.52611,2024-12-15,1378
5755aca6278c6d13,339 Hicks Street,-73.9979,40.69091,2024-12-15,1379
242c7558e04af450,25-91 Steinway Street,-73.91348,40.76575,2024-12-15,1380
03a6aae152dc346b,806 West Buffalo Street,-76.51303,42.44088,2024-12-15,1381
0ffaae8e85ae1c65,38-05 Union Street,-73.82704,40.76146,2024-12-15,1382
56805f50000f4a14,397 Main Street,-76.70275,42.75502,2024-12-15,1383
5936e72907fc9da0,146 Arsenal Street,-75.91359,43.97569,2024-12-15,1384
eca8875676fc032c,6 Cambridge Avenue,-75.65172,42.9002,2024-12-15,1385
1cf0677d07789f1d,216-19 Jamaica Avenue,-73.73816,40.71768,2024-12-15,1386
303d60b4c26ef578,101 John Roemmelt Drive,-76.85768,42.16194,2024-12-15,1387
961eae9ce066253e,86 Main Street,-73.90202,40.93479,2024-12-15,1388
6cc0600173958ead,40-14 Main Street,-73.82994,40.75918,2024-12-15,1389
f7e714182846f657,149 West Market Street,-77.06007,42.14478,2024-12-15,1390
f8829f620b88a205,532 Old Town Road,-73.06488,40.90874,2024-12-15,1391
4dc43ecb64914c2a,190 West Montauk Highway,-72.53695,40.87578,2024-12-15,1392
512f17f2cecf6f95,500 State Route 3,-73.49703,44.69629,2024-12-15,1393
4655a702711295a4,121-11 Liberty Avenue,-73.82199,40.68709,2024-12-15,1394
911b9f06f4127b37,2050 Jericho Turnpike,-73.27367,40.8448,2024-12-15,1395
4597381eba81189d,589 Jefferson Road,-77.62885,43.08665,2024-12-15,1396
ec660f6bae154e5d,157 Stockade Drive,-74.02107,41.93597,2024-12-15,1397
5540a1d30f44944f,3892 Scottsville Road,-77.74101,43.02942,2024-12-15,1398
e6b7c62f2f6d4982,825 State Street,-75.48749,44.69137,2024-12-15,1399
882f41d73cdd013b,100 N. Salina Street,-76.15217,43.05111,2024-12-15,1400
8ef0b5897115aae5,749 Broadway,-73.99264,40.7303,2024-12-15,1401
5daa68716115f95f,75 Park Street,-74.46555,44.22294,2024-12-15,1402
7293941697a03ff1,1722 Walden Avenue,-78.77392,42.90877,2024-12-15,1404
7807689a61a373dd,603 River Road,-75.87255,42.16894,2024-12-15,1406
f26e6fbb3dd1f5f7,62 Main Street,-74.92375,42.70037,2024-12-15,1407
e613c44c71696e39,930 West Church Street,-76.8319,42.0829,2024-12-15,1408
4d7303680ded094b,51-10 Metropolitan Avenue,-73.9063,40.7129,2024-12-15,1409
80eb32894f4977f1,176-47 Union Turnpike,-73.79198,40.72578,2024-12-15,1411
c0a862551505f1e3,1084 Main Street,-74.52758,42.1565,2024-12-15,1412
840446983b71ad03,124 Main Street,-74.916,42.27799,2024-12-15,1413
2ef8bba99d317802,140 South Main Street,-77.09522,43.04601,2024-12-15,1414
62f6264d67cc7278,300 West First Street,-76.50911,43.45227,2024-12-15,1415
5517f7ac20f9cfbe,4058 Broadway,-73.9392,40.84301,2024-12-15,1416
d40216edb43cb721,100 East First Street,-76.5081,43.45732,2024-12-15,1417
92da9cd33a13a77e,375 Court Street,-73.99672,40.68063,2024-12-15,1418
945fd00f517f22dc,2530 Flatbush Avenue,-73.92146,40.60871,2024-12-15,1419
9670c2b14e03a815,225 Glen Cove Road,-73.61753,40.74833,2024-12-15,1420
dad74bc6c8146d77,704 Allerton Avenue,-73.86701,40.86545,2024-12-15,1422
3e2bf9c9ad2f9d7f,836 Manhattan Avenue,-73.95361,40.72874,2024-12-15,1423
e8aa4c4901aa57ca,1200 Forest Avenue,-74.12992,40.62645,2024-12-15,1424
05836b93fe482ad8,46 Windmill Lane,-72.39234,40.88498,2024-12-15,1426
6d23a4d76a2e8f80,253 South Hamilton Street,-77.10672,42.15091,2024-12-15,1427
e1b1d9d62220e742,563 Larkfield Road,-73.31882,40.85837,2024-12-15,1428
e73748ac159a39ac,991 Third Avenue,-73.96652,40.76163,2024-12-15,1429
7c1570de73d76d8a,2083 Hylan Boulevard,-74.10078,40.57961,2024-12-15,1430
4fe66ab5fcaa9832,"2452 State Route 9, Suite 104",-73.79307,42.96776,2024-12-15,1431
b240af96d014df9a,116 Bowery,-73.99493,40.71822,2024-12-15,1432
6ed8c093e0c1d31f,811 Canandaigua Road,-77.01269,42.85642,2024-12-15,1433
dc74918c008bfbd5,215 Jericho Turnpike,-73.70258,40.72897,2024-12-15,1434
a94f60fabbcb0191,3748 County Route 14,-75.13268,44.74815,2024-12-15,1435
3e29a9ebf36bc83b,202 East State Street,-76.49667,42.43961,2024-12-15,1436
456ac0e2e5a586e8,235 Cascade Drive,-78.69018,42.50255,2024-12-15,1437
0b392c4f7e99c224,229 East Avenue,-77.78621,43.28997,2024-12-15,1438
e2fa814a75058298,800 State Street,-76.14753,43.04351,2024-12-15,1439
fa2fd49a6df14235,333 Park Avenue South,-73.97356,40.75756,2024-12-15,1440
d569f2dd9ae4f361,42 Main Street,-78.96985,42.16355,2024-12-15,1441
d38b09be95138054,241 Broadway,-73.41686,40.67941,2024-12-15,1442
ef41eb8d103bc95f,1st Avenue & 16th Street,-73.98898,40.72916,2024-12-15,1443
1daabfb72ebc0b9d,807 Manhattan Avenue,-73.95321,40.728,2024-12-15,1444
23c270fa660c4c9c,30-98 Steinway Street,-73.91695,40.76149,2024-12-15,1445
25589a158e38f7ba,216 Washington Street,-75.91099,43.97361,2024-12-15,1446
a906119479c1d237,2300 North Triphammer Road,-76.48461,42.48212,2024-12-15,1447
b61404348b67dfaf,1545 86th Street,-74.00819,40.61101,2024-12-15,1448
d4f932369f5d2329,200 Varick Street,-74.00544,40.72803,2024-12-15,1449
ad60eb11f24624c5,103 Main Street,-78.71496,42.15847,2024-12-15,1450
60e11cdd07c002e9,1463 Southern Boulevard,-73.89082,40.8329,2024-12-15,1451
5f647cbadfa281f8,3295 Sunrise Highway,-73.50786,40.6722,2024-12-15,1452
a7b08aab2fc6d3ec,66 West Main Street,-77.43309,43.21157,2024-12-15,1453
46cadf98563a898d,1365 New Scotland Road,-73.85742,42.63872,2024-12-15,1454
2cd6e4e595974b6d,1725 Altamont Avenue,-73.95098,42.78252,2024-12-15,1455
c5ed0e4e7865b6ed,201 West 34th Street,-73.99087,40.7511,2024-12-15,1456
0a710d4f696d0821,670 Franklin Avenue,-73.6857,40.69,2024-12-15,1457
acb320cc81bde530,37-57 74th Street,-73.89154,40.74742,2024-12-15,1458
6e7b8620fbd5ed31,90 West Broadway,-74.00934,40.71538,2024-12-15,1459
8c9ab7218bb13740,84 Canal Street,-76.9359,42.14066,2024-12-15,1460
37c861f58d79a4e2,122 Main Street,-78.97637,42.16191,2024-12-15,1461
70af72a791e62009,217-10 Jamaica Avenue,-73.73771,40.71778,2024-12-15,1462
5c2d4128f65c316e,5003 13th Avenue,-73.99289,40.6343,2024-12-15,1463
fab8ab30eb46fcc5,41-80 Main Street,-73.82853,40.75594,2024-12-15,1464
f3cc71c2fc860c56,550 Broad Street,-78.73548,42.15819,2024-12-15,1465
6c0b4bdeb775b482,410 West Morris Street,-77.33783,42.34287,2024-12-15,1466
015d13bf341359ab,1528 Sheepshead Bay Road,-73.95315,40.58719,2024-12-15,1467
dc418f5064908157,8298 Niagara Falls Boulevard,-78.96984,43.09009,2024-12-15,1468
38b5d5bdab29cb32,585 Main Street,-75.64269,43.07993,2024-12-15,1469
a0b81be9f42644c2,3900 State Route 22,-73.39592,44.36992,2024-12-15,1470
b50a0b46f4d11f76,203 Main Street,-76.26157,42.10399,2024-12-15,1471
76e95a96dc00f5f5,1 South First Street,-76.4173,43.32466,2024-12-15,1472
6591fda69d8befb6,3454 Jerome Avenue,-73.88246,40.88165,2024-12-15,1473
ceb9b8c0bc6925f3,2025 Broadway,-73.98223,40.77672,2024-12-15,1474
7d58b3ec8b6cce12,40 Main Avenue,-73.64941,42.69754,2024-12-15,1475
c727c1c9425b5015,31 E. Genesee Street,-76.33027,43.15887,2024-12-15,1476
5d5646a23229b5a4,115 East 23rd Street,-73.98563,40.73988,2024-12-15,1477
0e7af96cfa33e9f1,340 East 93rd Street,-73.94642,40.78145,2024-12-15,1478
708efa330edd60cf,1854 Empire Boulevard,-77.50275,43.19009,2024-12-15,1479
a10aa58e230e5fa0,75 West 125th Street,-73.94488,40.80753,2024-12-15,1480
aadd0748474f3fb0,500 Delaware Avenue,-78.42882,42.0842,2024-12-15,1481
9a4313698195c8ad,10 North Pearl Street,-73.7525,42.65015,2024-12-15,1482
cb0af0855d99db61,109 East 42nd Street,-73.97621,40.75155,2024-12-15,1483
48cbcec74bacacb8,4438 State Route 42 North,-74.67337,41.66849,2024-12-15,1484
90502ced5a1a627c,1411 Forest Avenue,-74.13601,40.62494,2024-12-15,1485
1e97c855ef894279,356 Fulton Street,-73.98808,40.69173,2024-12-15,1486
8f6c159fdd41f88a,2059 Fairport,-77.44267,43.13325,2024-12-15,1487
bda9f6082efa9884,188 Montague Street,-73.99139,40.69401,2024-12-15,1488
b8cf69780f3b6a24,902 Second Avenue,-73.96926,40.75388,2024-12-15,1489
4ea4021cf4b45cde,1 Franklin Avenue,-73.67127,40.66627,2024-12-15,1490
9a37106925605266,122-03 14th Avenue,-73.84517,40.78555,2024-12-15,1491
f1e068702012fb1b,233-15 Hillside Avenue,-73.73643,40.73373,2024-12-15,1492
b29f4aa8437494d1,141 Main Street,-74.7503,42.59161,2024-12-15,1493
96e564ca18e159a9,951 Pennsylvania Avenue,-76.80941,42.06142,2024-12-15,1494
37e6c755f346432c,1220 Avenue J,-73.96353,40.62494,2024-12-15,1495
544f6ac230c02369,331 West Pulteney Street,-77.07457,42.15246,2024-12-15,1496
5b99ae7011d1a73b,2000 Monroe Avenue,-77.56326,43.12579,2024-12-15,1497
f2c54a6b570f6f5f,1 Court Square,-73.94379,40.74664,2024-12-15,1498
54d7e6378797fcf2,723 Westcott Street,-76.11907,43.03825,2024-12-15,1499
6bcade3223e1083e,60 Cuttermill Road,-73.73041,40.78599,2024-12-15,1500
ffc71bdd1c414d23,201 North Union Street,-78.42994,42.07967,2024-12-15,1501
cceacc5b4c6b4c5c,181 West Merrick Road,-73.58736,40.65293,2024-12-15,1502
ddda54a67e61630d,200 Hofstra University,-73.59929,40.71589,2024-12-15,1503
bba8bd462fa2678c,1392 FULTON STREET,-73.9451,40.68014,2024-12-15,1504
67ed6c26dd98df12,7826 5th Avenue,-74.0238,40.62667,2024-12-15,1505
1ae2f664b14216e2,70 Fall Street,-76.79718,42.91037,2024-12-15,1506
adf997421cdd8678,5 Depot Square,-73.59775,42.36204,2024-12-15,1507
369665dee56f95fa,643 Lexington Avenue,-73.97037,40.75923,2024-12-15,1508
b0c8adb1490da94a,2412 Jerusalem Avenue,-73.54318,40.69093,2024-12-15,1509
e9dbb46701fd7b50,304 Elmira Road,-76.50833,42.42855,2024-12-15,1510
1ec415995037255a,80-19 Roosevelt Avenue,-73.88499,40.74752,2024-12-15,1511
5061159e86114919,885 Flatbush Avenue,-73.95865,40.65019,2024-12-15,1512
04dcb2c39f6f10d2,1879 Madison Avenue,-73.94234,40.80351,2024-12-15,1513
8878c15d248ab4cf,245 Main Street,-75.06092,42.45479,2024-12-15,1514
e45587a94b156a02,28499 NYS Route 3,-75.80082,44.00542,2024-12-15,1515
d0a8a1b74051feda,3955 Baychester Avenue,-73.84274,40.88984,2024-12-15,1516
0df0f48b0202e75a,78-09 Metropolitan,-73.87505,40.71315,2024-12-15,1517
cae4bf4cadfcd011,441 Columbus Avenue,-73.97446,40.78339,2024-12-15,1518
d5945f8b5b78983a,530 North Broadway,-73.77032,41.05162,2024-12-15,1519
4373efe89736142d,181 Montague Street,-73.99207,40.69419,2024-12-15,1520
7eb7d458f6b4b6dd,230 Main Street,-72.35915,41.10314,2024-12-15,1521
7323f08c4627ce26,151 East Fordham Road,-73.89783,40.8624,2024-12-15,1522
fc9369f3a525a036,301 East State Street,-76.49541,42.43953,2024-12-15,1523
4c17860320901cc5,882 New Loudon Road,-73.75864,42.75502,2024-12-15,1524
7fc83c9c6a6afada,730 Veterans Memorial Highway,-73.20651,40.82184,2024-12-15,1525
ecfcb0d9783a555d,180 Delaware Avenue,-73.81054,42.62733,2024-12-15,1526
43c9bb916286c90a,315 Wyckoff Avenue,-73.91193,40.70001,2024-12-15,1527
6d2b32180fe8a738,1345 Avenue of the Americas,-73.97836,40.7627,2024-12-15,1528
20c24d146b814dfe,79 Fifth Avenue,-73.9928,40.73713,2024-12-15,1529
c24f428b06c6f392,891 Route 9,-73.68091,43.33567,2024-12-15,1530
a663f1805452e581,14216 State Street,-75.31544,44.14872,2024-12-15,1531
6af62448107a0c33,100 William Street,-74.00743,40.70856,2024-12-15,1532
73fbf347157bceda,1524 Union Turnpike,-73.69179,40.75373,2024-12-15,1533
d087aece76057970,94-20 Guy R. Brewer Boulevard,-73.79603,40.70081,2024-12-15,1534
f758bea61ebf399b,1941 Williamsbridge Road,-73.85376,40.85308,2024-12-15,1535
91fa42d898b434f5,750 Utica Street,-75.88434,42.75994,2024-12-15,1536
dd052115abcc06a4,455 East Bay Drive,-73.65129,40.59435,2024-12-15,1537
a72356519d238a7b,120 East Sunrise Highway,-73.3773,40.7028,2024-12-15,1538
e79059decdef7c3e,424 5th Avenue,-73.9857,40.66989,2024-12-15,1539
5a14602ce05e7a99,39-01 Bell Boulevard,-73.77173,40.765,2024-12-15,1541
e90ec33a4e91efd5,54 Fall Street,-76.79666,42.91033,2024-12-15,1542
8782755826f622ba,41-48 Main Street,-73.82887,40.75683,2024-12-15,1543
ea97bdae20f1a025,75 Christopher Street,-74.00313,40.73356,2024-12-15,1544
3dfe91d89075ea47,"4987 State Highway 23, Suite 3",-75.04772,42.4486,2024-12-15,1545
ddfc4fe260795a6e,51 Middle Neck Road,-73.72886,40.78793,2024-12-15,1546
1a493f204569de1f,139 Flatush Avenue,-73.97755,40.6842,2024-12-15,1547
8767929d9dc1239d,1384 Broadway,-73.98737,40.75266,2024-12-15,1548
809c55cef3b898ad,2080 Western Avenue,-73.89238,42.69746,2024-12-15,1549
a03a4d783d73676c,5508 Sunrise Highway,-73.43748,40.67551,2024-12-15,1550
a5c93ce3baf72d51,52 East Route 59,-74.00952,41.09676,2024-12-15,1551
4a0439ea90bf045c,1415 Kellum Place,-73.63734,40.73667,2024-12-15,1552
8c026369cedab6f6,400 Commack Road,-73.31358,40.76071,2024-12-15,1553
0176e601164f6e36,29 Arnot Road,-76.87516,42.16193,2024-12-15,1554
87fe325cd0c32cd4,189 Main Street,-77.69607,42.56074,2024-12-15,1555
f5be333269831551,7279 Seneca Road North,-77.66044,42.35406,2024-12-15,1557
7fab4c8d877848e3,6770 East Genesee Street,-76.05417,43.03145,2024-12-15,1558
8e3f0c30b80a4930,4800 Nesconset Highway,-73.05471,40.91758,2024-12-15,1559
62e0a2a482899410,5 East 42nd Street,-73.98004,40.75314,2024-12-15,1560
87ff8348dc9cb4b0,1198 Deer Park Avenue,-73.32076,40.73696,2024-12-15,1561
2f406a9377f45cb8,2255 East Ridge Road,-77.56005,43.20357,2024-12-15,1562
62ed68532f990c88,1345 Third Avenue,-73.95838,40.77278,2024-12-15,1563
9bed88dbac24895a,42568 State Highway 28,-74.63335,42.14628,2024-12-15,1564
a50f3c0e720fa818,9502 3rd Street,-74.03368,40.61707,2024-12-15,1565
7db8dd613bd30a91,535 Madison Avenue,-73.9737,40.76046,2024-12-15,1566
0269708e4858a445,248 Sunrise Highway,-73.57186,40.65592,2024-12-15,1567
6043949c56bbca25,4201 White Plains Road,-73.85724,40.89366,2024-12-15,1568
d107eb9f735a96e3,82-85 Jericho Turnpike,-73.46785,40.81609,2024-12-15,1569
ff8acf984d8bd2a1,101 Slade Avenue,-78.7887,42.83148,2024-12-15,1570
61257ea8aa24fef8,1416  Union Avenue,-74.07036,41.5224,2024-12-15,1571
50b4d8b5d5b1518a,3195 Long Beach Road,-73.63978,40.63325,2024-12-15,1572
30a24f91e4ccac87,343 Church Street,-76.57887,43.3211,2024-12-15,1573
d77e7950e5346457,3151 Long Beach Road,-73.64011,40.63477,2024-12-15,1574
430b4de5896b3c91,3150 County Road 10,-77.24611,42.87565,2024-12-15,1575
32754c8e0ffbea30,2560 Monroe Avenue,-77.55296,43.11624,2024-12-15,1576
ff4493b65237f5de,4675 State Route 233,-75.38717,43.07859,2024-12-15,1578
a59191b2f6067bd1,6301 Ontario Center Road,-77.30617,43.22729,2024-12-15,1579
becf0e1de03b7d30,32 Vassar Road,-73.87521,41.6533,2024-12-15,1580
cac80c1b0e8df337,322 West 23rd Street,-73.99939,40.74566,2024-12-15,1581
722eda260c9ca0e7,877 Stewart Avenue,-73.60194,40.73418,2024-12-15,1582
f55225c40179d84b,3524 West Genesee Street,-76.23511,43.04821,2024-12-15,1583
9d127dc015471ddb,519 Genesee Street,-75.86606,43.05358,2024-12-15,1584
16a085f6075ba939,2350 Broadway,-73.97674,40.78791,2024-12-15,1585
e0b72524173f43cd,102 South Petersboro Street,-75.75128,43.07918,2024-12-15,1587
6fbc8ea56707e03a,191 Main Street,-75.31589,42.32489,2024-12-15,1588
40c6dfc4dfce5c88,214 Bedford Ave,-73.95879,40.71684,2024-12-15,1589
aaa45b16dbc246e6,6545 Transit Road,-78.69612,43.02704,2024-12-15,1590
8c87c3d625d85777,1044 First Avenue,-73.96308,40.75812,2024-12-15,1591
ab766bfab0989efd,195 Merritts Road,-73.45793,40.72325,2024-12-15,1592
8450d6740f458a4b,47 Third Avenue,-73.98892,40.7309,2024-12-15,1593
58d57d50eb3978fb,4966 Merrick Road,-73.45332,40.66621,2024-12-15,1594
dca4a1f878df4ca6,23 Glen Cove Avenue,-73.63293,40.86265,2024-12-15,1595
f79ddda8c5c95bcc,41 Front Street,-73.64572,40.65843,2024-12-15,1596
7d2288f895c201f1,1556 Hylan Boulevard,-74.08824,40.59027,2024-12-15,1598
72a12d0d89c02388,3375 Hempstead Turnpike,-73.51015,40.72667,2024-12-15,1599
12e7220c6fe517f0,One Clifton Plaza Route 96,-77.14019,42.96868,2024-12-15,1600
ddab7e7b08825742,422 Old Post Road (Route 22),-73.65547,41.19583,2024-12-15,1601
44d88d7f327767b7,404 South Hamilton Street,-77.11026,42.14665,2024-12-15,1602
1fba6a65d0f97788,711 East Boston Post Road,-73.72637,40.95231,2024-12-15,1603
8f8c1ae0692b64da,324 Prospect Street,-74.99039,43.02783,2024-12-15,1604
a03e85d93249f77c,201 Eleventh Avenue,-74.0061,40.75014,2024-12-15,1605
8744dd420a0ff348,300 Walt Whitman Center,-73.41123,40.81942,2024-12-15,1606
87683fc1a5c0eead,583 West 235th Street,-73.91113,40.88587,2024-12-15,1607
bef646f7c9e5c016,405 Chemung St.,-76.53485,42.00714,2024-12-15,1608
31c258dd044c5257,1285  First Avenue,-73.95728,40.76607,2024-12-15,1609
a61be981288e95ba,734 Third Avenue,-73.97268,40.7532,2024-12-15,1610
2c0719205291e65d,275 Broadhollow Road,-73.41717,40.7833,2024-12-15,1611
0218366feda830c9,300 West 145th Street,-73.94248,40.82308,2024-12-15,1613
98d95c10bb3acab3,7200 Kirkville Road,-76.02547,43.07996,2024-12-15,1614
3c09f9309160c8ac,214-01 Northern Boulevard,-73.7689,40.76033,2024-12-15,1615
52ebd4c133148440,1165 Main Street,-79.32442,42.46537,2024-12-15,1616
354e6b83e0288bd6,1266 First Avenue,-73.95777,40.7654,2024-12-15,1617
4d1fb37ecb1c31de,250 Route 59,-74.10625,41.11267,2024-12-15,1618
7b313493748b60d8,114-19 Liberty Avenue,-73.82797,40.68571,2024-12-15,1619
ca3c4cc409901da9,81 Court Street,-73.99152,40.69146,2024-12-15,1620
fbf20a7537434024,510 Gramatan Avenue,-73.8363,40.92466,2024-12-15,1621
9d73bf96a1c9d0e3,830 Main Street,-73.89795,41.6956,2024-12-15,1622
322394c5b3455d18,50 West Main Street,-76.27154,42.09894,2024-12-15,1623
708103ff9c9ef42e,8036 Route 60,-79.31173,42.35194,2024-12-15,1624
5ade942e0547081d,3169 Chili Avenue,-77.74581,43.10732,2024-12-15,1625
cc708366efa20296,3349 Monroe Avenue,-77.54162,43.10398,2024-12-15,1626
5ea5736a8d08663d,35-31 Francis Lewis Boulevard,-73.78572,40.76283,2024-12-15,1627
f44f133a32e7287f,725 Co-Op City Boulevard,-73.82561,40.87967,2024-12-15,1628
d13faba4e8c8e345,100 Rano Boulevard,-76.00435,42.09407,2024-12-15,1629
cda866663b2627e4,785 Fifth Avenue,-73.9727,40.76472,2024-12-15,1630
c86accf7d900d712,140 Doughty Boulevard,-73.74628,40.61531,2024-12-15,1631
72b5f3489383eccb,7414 13th Avenue,-74.0071,40.62061,2024-12-15,1632
c9da7d639dcc5b25,2192 Merrick Road,-73.54319,40.65943,2024-12-15,1633
7f2a24acf1f9e994,340 Washington Avenue,-73.24821,40.79892,2024-12-15,1634
08027d82aaca9e32,17 South Market,-74.37268,43.00575,2024-12-15,1635
ca24cd684eb4df4d,2783 NY Rt. 31,-76.55643,43.05569,2024-12-15,1636
efb683e7b9517cab,153 East 53rd Street,-73.21607,40.87288,2024-12-15,1637
54868c9c0a9424dd,3102 State Route 28,-74.97169,43.71137,2024-12-15,1638
69531e617e871020,7 South Main Street,-78.45807,42.33669,2024-12-15,1639
7fd727cff51c719e,312 Conklin Street,-73.44697,40.73238,2024-12-15,1640
57bde747cf8f1d01,228 Central Avenue,-79.16646,42.54422,2024-12-15,1641
b627135bf5678482,150 West Market Street,-77.06028,42.14448,2024-12-15,1642
1f7355989fe16fa6,225 Chestnut Street,-77.60357,43.15255,2024-12-15,1643
8d908e8cd6d5c712,411 Fifth Avenue,-73.98306,40.75051,2024-12-15,1644
1402afb98fcb3d97,1316 Broadway,-73.70049,40.63933,2024-12-15,1645
29722ffa9bfd7bd8,2042 Chili Avenue,-77.68667,43.13398,2024-12-15,1646
5d410ad056dea1e0,333 North Central Avenue,-73.79147,41.02831,2024-12-15,1647
d82020d7b661cba1,2040 Saranac Avenue,-74.00183,44.29616,2024-12-15,1648
efe7baf2b03e3e1a,25 Consumer Square,-73.48676,44.6928,2024-12-15,1649
958a6b02e5d12433,7524 3rd Avenue,-74.02803,40.63086,2024-12-15,1650
169b55d3058333b5,620 Hempstead Turnpike,-73.70703,40.70802,2024-12-15,1651
2308aaf04b4c25ce,1425 Rockaway Parkway,-73.90236,40.6455,2024-12-15,1652
0f9053bc2f540d58,4218 Lakeville Road,-77.7913,42.79616,2024-12-15,1653
7c798e2bfbe4d384,8900 Van Wyck Expressway,-73.81614,40.70062,2024-12-15,1654
63c906fa59b28a42,2055 Hillside Avenue,-73.67481,40.75171,2024-12-15,1656
a314b043718271b7,95 Weible Avenue,-73.74655,43.09695,2024-12-15,1657
96ca513ae0d14164,1125 Arsenal Street,-75.93848,43.97689,2024-12-15,1658
76971db7a4552d4d,4249 Broadway,-73.93609,40.84979,2024-12-15,1659
55edbd42613e9f09,8013 State Route 31,-75.97382,43.15462,2024-12-15,1660
8ffd4573ae7d3d95,1950 Fulton Street,-73.92072,40.67864,2024-12-15,1661
1f1dc47ffd4fdf5f,2445 Oceanside Road,-73.63124,40.65299,2024-12-15,1662
18da64d362ec338e,3212 Vestal Parkway,-75.99627,42.0965,2024-12-15,1663
ca4434715110417a,364 Main Street,-73.96795,41.50419,2024-12-15,1664
efdc8d79c5cb9d77,64-20 108th Street,-73.84934,40.7324,2024-12-15,1665
8f8cf057bb70af83,845 Central Park,-73.81957,40.99537,2024-12-15,1666
9f75e52a8d6d166a,113-11 Beach Channel Drive,-73.83608,40.58237,2024-12-15,1667
b7ab6f0c17b241bb,314 7th Avenue,-73.98114,40.66741,2024-12-15,1668
b927e9d597e0c3e7,95-25 Queens Boulevard,-73.8639,40.7309,2024-12-15,1669
071dd8755a7ef86d,5102 Church Avenue,-73.92915,40.652,2024-12-15,1670
bed43f7ddff3995a,1200 Waters Place,-73.8398,40.84416,2024-12-15,1671
f9cf8973c4f46cb1,67-09 Fresh Pond Road,-73.89657,40.70577,2024-12-15,1672
e9b6b09151ae21b2,895 Pelham Parkway,-73.81847,40.89123,2024-12-15,1673
9134c4f8db14a0c3,55 Stevens Street,-78.70368,43.16483,2024-12-15,1674
fc8e82b95a2d9aad,41-60 Main Street,-73.82856,40.75603,2024-12-15,1675
58998b41e74ac1dd,253-15 Union Turnpike,-73.71713,40.74434,2024-12-15,1676
67c05f50aa8db06b,2025 Park Street,-73.73627,40.58935,2024-12-15,1677
86bff8a50c558f34,22-16 31st Street,-73.9112,40.77575,2024-12-15,1678
b5ca89fcac42c375,11 State Street,-77.51423,43.09049,2024-12-15,1679
c59c1e2badba36dd,3092 County Highway 11,-75.05002,42.65982,2024-12-15,1680
75b9ffb02dfd4e07,500 Main Street,-72.79795,40.80047,2024-12-15,1681
472191a951b09250,8724 4th Avenue,-74.02888,40.62154,2024-12-15,1683
12ad98ff4775d414,3270 Canandaigua Road,-77.32097,43.12331,2024-12-15,1684
ef1041787d698001,211-47 26th Avenue,-73.77813,40.77804,2024-12-15,1685
8919acc8ca7b698e,40 Newtown Lane,-72.1866,40.96416,2024-12-15,1686
4ea114f2942ee103,240 South Hamilton Street,-77.10629,42.15133,2024-12-15,1687
546e202c9c20b777,13187 State Route 12,-75.31876,43.47713,2024-12-15,1688
f7583e6b6c6587ce,200 Cobblestone Court Drive,-77.43962,43.03075,2024-12-15,1689
4599c0921950e1c8,176-50 Union Turnpike,-73.79129,40.72586,2024-12-15,1690
737198a2758ca97f,13 Croton Avenue,-73.86126,41.16308,2024-12-15,1691
d3e976ec32359abf,3924 East Tremont Avenue,-73.81918,40.82178,2024-12-15,1692
2e5529c69afa6730,1180 Third Avenue,-73.96226,40.76749,2024-12-15,1693
66e556acf64f3109,90 North Genesee St,-75.22107,43.10758,2024-12-15,1694
2396d1f7c568883a,640 Fifth Avenue,-73.97669,40.75925,2024-12-15,1695
b769fcc0f1eed7af,764 White Plains Road,-73.80328,40.97371,2024-12-15,1696
ab6a3ce49af583f1,864 State Route 11,-73.4436,44.9786,2024-12-15,1697
78c4338b1709342d,1022 Broadway,-73.77925,41.12635,2024-12-15,1698
846fb00ebc67d1a8,757 Madison Avenue,-73.96853,40.76754,2024-12-15,1699
c657a8ed01a9a408,1987 State Route 52,-74.72411,41.78508,2024-12-15,1700
c38affa16b093728,5100 Sunrise Highway,-73.44458,40.6777,2024-12-15,1701
688c0bab33203f81,2201 86th Street,-73.99363,40.6018,2024-12-15,1702
64a204463f840adc,32-02 Francis Lewis Boulevard,-73.79184,40.76878,2024-12-15,1703
96e6471cbd742be5,244 Main Street,-73.76468,41.03336,2024-12-15,1704
169d60f726e86476,702 Brighton Beach Avenue,-73.96027,40.57791,2024-12-15,1705
47db955cd679d443,2100 Middle Country Road,-73.08523,40.85839,2024-12-15,1706
eb5ee0d16c48fcbc,430 Myrtle Avenue,-73.96848,40.69314,2024-12-15,1707
fcf864cabbc29964,100 Main Street,-75.47372,44.33402,2024-12-15,1709
4a8c60a59c20338e,1950 Empire Boulevard,-77.50341,43.19188,2024-12-15,1710
9d879991ae7824fe,525 East Main Street,-77.22401,43.06363,2024-12-15,1711
080baa77f5ca1d72,425 Broad Hollow Road,-73.4194,40.7764,2024-12-15,1712
b7ac11e9201c8fa9,1 White Hall Street,-74.12211,40.5642,2024-12-15,1713
f6e37235ef7852cd,244 Main Street,-73.98585,43.69866,2024-12-15,1714
9f792031e579b3d2,179 Avenue U,-73.97772,40.5965,2024-12-15,1716
a46eeff137db5cab,103-42 Lefferts Boulevard,-73.82443,40.68676,2024-12-15,1717
91736765ed0bb154,2149 Grand Central Avenue,-76.82178,42.15598,2024-12-15,1718
d67ca995ba303e6e,145 East 42nd Street,-73.97533,40.75117,2024-12-15,1719
253cb33c1c0a2618,5977 Riverdale Avenue,-73.90402,40.90791,2024-12-15,1720
41f27c7a385b1747,185 Grant Avenue,-76.54964,42.9468,2024-12-15,1721
77c2297838bd5e26,833 FLATBUSH AVENUE,-73.95909,40.65186,2024-12-15,1722
1dcc30be388c8de6,5225 Sheridan Drive,-78.73864,42.97683,2024-12-15,1723
03e43cd78a86e4a5,3131 Westchester Mall,-73.85985,41.32398,2024-12-15,1724
2cce085c3fbeb4a5,7110 5th Avenue,-74.02148,40.63227,2024-12-15,1725
594d4de04c26a16a,550 Hunts Point Avenue,-73.88271,40.81183,2024-12-15,1726
3278ab11d7c88b38,Route 9 & Aviation Road,-73.72508,43.3398,2024-12-15,1727
e52e25ebce5e0178,41 Nichols Street,-77.80555,43.18182,2024-12-15,1728
0f55e4ef86fc69e4,567 Columbia Turnpike (US 9),-73.71423,42.60362,2024-12-15,1729
2b54f9618119b61e,121 Main Street,-74.89216,44.92907,2024-12-15,1730
ef5bc4fe2f531dc1,23 Commercial Street,-77.66856,42.82105,2024-12-15,1731
5438ee8846285a7b,2085 Merrick Road,-73.54674,40.65813,2024-12-15,1732
165ace9b432a0c0b,2828 McLane Drive,-76.31399,43.18078,2024-12-15,1733
e2ceac5f3e4ef7c6,1600 Avenue M,-73.95897,40.61813,2024-12-15,1735
97c8e548dcadfbbf,150S Greaves Lane,-74.1431,40.55401,2024-12-15,1736
444965c720ce9737,273 East 3rd Street,-73.98037,40.72158,2024-12-15,1737
4cdcdd6bc95620db,17 North Avenue,-73.82507,41.7457,2024-12-15,1738
6b3a3f32699b70ca,85 Sherwood Road,-74.92314,42.26555,2024-12-15,1739
bdf0a2ce9fcffb4c,721 Center Street,-79.03792,43.17194,2024-12-15,1740
dd507648529a1681,127 Hudson Street,-74.00857,40.72024,2024-12-15,1741
9940fc231a55a013,1383 Deer Park Avenue,-73.32206,40.74422,2024-12-15,1742
a1ceaf71b7bf5b51,18 East Main Street,-73.19343,40.85466,2024-12-15,1743
cf1a433ad2446fc8,1107 Broadway,-73.9892,40.74265,2024-12-15,1744
7e995abc65804d02,1992 Ralph Avenue,-73.91856,40.62891,2024-12-15,1745
f38980c12f5ae846,1141 Richmond Avenue,-74.15313,40.62019,2024-12-15,1746
b82779fc266c4ee9,1108 Route 112,-73.04077,40.91877,2024-12-15,1747
99ef5c5c7118c3f9,37-02 82 Street,-73.88427,40.7495,2024-12-15,1748
5a9742347411b69e,200 Mamaroneck Avenue,-73.76476,41.02811,2024-12-15,1750
e1a7c1d8052c6e99,35 Westchester Square,-73.84343,40.84159,2024-12-15,1751
51ba005d7753ef85,38-18 Queens Boulevard,-73.92648,40.74391,2024-12-15,1752
9872f0d7b254000f,1166 Avenue of the Americas,-73.98247,40.75708,2024-12-15,1753
90c3b039737cf7c5,399 Park Avenue,-73.97224,40.75938,2024-12-15,1754
9d6eaad99a32fa17,404 Fifth Avenue,-73.98325,40.75026,2024-12-15,1755
59cbe2e04ac15e9d,3508 Mt. Read Boulevard,-77.65845,43.22262,2024-12-15,1756
089b2ec04103655a,400 Madison Avenue,-73.97675,40.75627,2024-12-15,1757
f1ba954ae26c714d,4949 Broadway,-73.92079,40.86782,2024-12-15,1758
056e32c58d7892a2,170 West 72nd Street,-73.98128,40.77845,2024-12-15,1759
b50c6727b861e9af,1831 Deer Park Avenue,-73.3278,40.75891,2024-12-15,1760
f8a7edcc9e578557,109 South Main Street,-77.4028,42.61486,2024-12-15,1761
d684e11424556eeb,105 Main Street,-76.42137,42.71092,2024-12-15,1762
2f79239213692282,120 Washington Avenue Extension,-73.8494,42.68976,2024-12-15,1763
a5f9e4cec6a3f7f7,1 Blue Hill Plaza,-74.00703,41.04896,2024-12-15,1764
be0bc893244ef8bf,35-02 Broadway,-73.92203,40.7604,2024-12-15,1765
39fcc8e3844235f4,300 Carleton Avenue,-73.1972,40.76656,2024-12-15,1766
b17683f5fd2b0f03,500 Hicksville Road,-73.49459,40.73872,2024-12-15,1767
836aec2ea88a484d,2872 Broadway,-73.96579,40.80525,2024-12-15,1768
8a6f75c82f5570e2,1164 Wantagh Avenue,-73.50848,40.69492,2024-12-15,1769
949dc18d66426a68,29 West Neck Road,-72.35541,41.07494,2024-12-15,1770
1331a766857f1de4,26 East Church Street,-76.02168,43.80929,2024-12-15,1771
54d7077cf47fd6bf,40 Franklin Street,-77.60518,43.15846,2024-12-15,1772
7fdd36375cf44dbd,19 Union Street,-75.3947,42.31281,2024-12-15,1773
af6a72d1ef203590,4964 Transit Road,-78.69691,42.88311,2024-12-15,1774
c6d06b4783fb53cc,603 Burnside Avenue,-73.7431,40.6239,2024-12-15,1776
bdd5bf433dd80c94,622 Old Country Road,-73.57406,40.75038,2024-12-15,1777
9307fc8cc2902478,66 South Moger Avenue,-73.72975,41.20648,2024-12-15,1778
c9937648d021a51b,1 West Fairmount Avenue,-79.32643,42.09787,2024-12-15,1779
09ac62f2ce77e6b6,318 North Franklin Street,-76.87361,42.38084,2024-12-15,1780
141d4545fba1d957,8 Liberty Street,-77.3184,42.33374,2024-12-15,1781
f4325fbe694a2dff,1920 Palmer Avenue,-73.75926,40.93238,2024-12-15,1782
6a9c5870a5af74ba,200 Fifth Avenue,-73.80808,40.91422,2024-12-15,1783
3d2f46f951f9fb08,1281 North Main Street,-79.24086,42.11644,2024-12-15,1784
fa43e9d246bfe0ab,142 Main Street,-76.42158,42.71259,2024-12-15,1785
2468f74a8702700d,411 Grand Street,-73.98697,40.71603,2024-12-15,1786
c644e949ee6265bb,121 Middle Neck Road,-73.72983,40.79005,2024-12-15,1787
88e72194eda8dac1,1485 Dumont Avenue,-73.86265,40.67091,2024-12-15,1788
a3366936dd11b1d1,262 First Avenue,-73.98177,40.73213,2024-12-15,1789
1eceb585c02245de,68 South Service Road,-73.43778,40.78168,2024-12-15,1790
76f3f8dd6203eb81,209 Havemeyer Street,-73.95874,40.70974,2024-12-15,1791
32b2b571730c681e,717 Avenue of Americas,-73.99269,40.74305,2024-12-15,1792
b312377816f637c5,1701 Sunrise Highway,-73.24474,40.73825,2024-12-15,1793
a46e80dfcd1cf642,5378 State Highway 28,-74.93713,42.68711,2024-12-15,1794
d7fe2faa133bc8a4,120 Park Avenue,-73.97821,40.75159,2024-12-15,1795
7070627bd8d5d95f,80 Garth Road,-73.81025,40.98651,2024-12-15,1796
f2553aef75971b58,455 Beach 129th Street,-73.85007,40.57908,2024-12-15,1797
4a7952b640cf0a21,5324 5th Avenue,-74.01254,40.64295,2024-12-15,1798
667dcedcc665df16,18 Vanderbilt Motor Parkway,-73.2917,40.81643,2024-12-15,1799
671426fdb66d7415,651 Centerville Place,-76.1273,43.136,2024-12-15,1800
0c9b2d415db4aaf8,437 Maple Street,-76.93634,42.14122,2024-12-15,1801
755d59f98dd48cb7,48 Albany Street,-75.85424,42.9299,2024-12-15,1803
c1a2774803beb715,73-16 Bell Boulevard,-73.75814,40.74056,2024-12-15,1804
51c9af9153ff98bb,710 Larkfield Road,-73.31481,40.84392,2024-12-15,1805
f5d7f8ff2d8bd29b,1440 Central Avenue,-73.82229,42.70684,2024-12-15,1806
587c455713af7c97,2550 East Henrietta Road,-77.60695,43.06973,2024-12-15,1807
c2f4a32a23a0c03c,1781 First Avenue,-73.94632,40.78102,2024-12-15,1808
13928149b5b76d32,136-21 Roosevelt Avenue,-73.82948,40.75974,2024-12-15,1809
22b59cd9c4056aad,28-22 Steinway Street,-73.91404,40.76506,2024-12-15,1810
b6feffd0e2e7d011,896 Manhattan Avenue,-73.95417,40.73004,2024-12-15,1811
43b38e833f30c3a3,46 Broadway,-74.1322,44.32826,2024-12-15,1812
f38712daf726d143,22-04 31st Street,-73.91091,40.77597,2024-12-15,1813
64f0ea847a75e011,1000 Willis Avenue,-73.6477,40.77044,2024-12-15,1814
387dd5b3abb67109,2150-54 86th Street,-73.99485,40.60254,2024-12-15,1815
41a0b92d41e3c4d6,5933 South Salina Street,-76.14276,42.98423,2024-12-15,1816
5d71f24dd8806d73,401 West 23rd Street,-74.00169,40.74663,2024-12-15,1817
64adeded8bb513af,750-1 East Main Street,-74.4759,42.67927,2024-12-15,1818
249af00aabfd9599,7558 Court Street,-73.59414,44.21445,2024-12-15,1819
d0bbc64cd721899c,791 Morris Park Avenue,-73.86284,40.8459,2024-12-15,1820
364e28916eaf218d,1501 Kings Highway,-73.9581,40.60883,2024-12-15,1821
4d3e6ceceb1a80d6,40-20 Queens Boulvard,-73.92355,40.74357,2024-12-15,1822
ec6a85747a323bb4,1100 Clemens Center Parkway,-76.80929,42.10575,2024-12-15,1823
41c2325d5848b9c4,113 North Main Street,-77.94748,42.12153,2024-12-15,1824
67815c0be1c430da,445 Forest Avenue,-74.10441,40.63073,2024-12-15,1825
ceeea97815f90647,129 East Park Avenue,-73.66027,40.58894,2024-12-15,1826
3fab904f912fc082,4091 State Highway 3,-75.04489,44.16416,2024-12-15,1827
0457f467ac0075ff,710 West Miller Street,-77.10976,43.04518,2024-12-15,1828
cf8180449f0bbbe1,2 West Main Street,-76.86306,42.90467,2024-12-15,1829
a0acf496e9a64983,96 Union Turnpike (NY Route 66),-73.76797,42.2481,2024-12-15,1830
432d351e0eebe4f2,1471 East State Road,-78.40242,42.07271,2024-12-15,1831
5cd6365fb118c64e,"3328 W. Genesee Street, Suite U.",-76.22698,43.04875,2024-12-15,1832
be474a1340577920,611 Hempstead Turnpike,-73.66211,40.70648,2024-12-15,1833
c72964627cf9f071,468 Route 3,-73.49372,44.69647,2024-12-15,1834
17d886c6af711b82,1931 Turnbull Avenue,-73.85773,40.82306,2024-12-15,1835
dc7465884872b118,909 Third Avenue,-73.9687,40.75863,2024-12-15,1836
e31ed819a3fdb4a8,39 North Pearl Street,-73.75194,42.65095,2024-12-15,1837
4508bacbe3e70fc1,1391 Madison Avenue,-73.95381,40.78773,2024-12-15,1838
0bfac045cf243bb6,1900 Broadway,-73.98205,40.77168,2024-12-15,1839
329fe6fccc797d2f,5402 8th Avenue,-74.00612,40.63878,2024-12-15,1840
1ccb07229fed8523,300 East 55th Street,-73.96623,40.75803,2024-12-15,1841
e93b2c1bc75cf30a,31-17 Broadway,-73.92474,40.76167,2024-12-15,1842
d61ab939428f3717,1766 Crosby Avenue,-73.83213,40.84666,2024-12-15,1843
6a6a074dd9fd899e,39 North Main Street,-77.79046,42.25542,2024-12-15,1844
555cc86b6289b7c5,"596 Columbia Turnpike, Suite 6",-73.70992,42.59878,2024-12-15,1845
ddf525803901a897,2255 Hudson Avenue,-77.60134,43.20939,2024-12-15,1846
68260f0f487ca2ac,127 Court Street,-75.90922,42.09928,2024-12-15,1847
71b8707613e4b119,731 Metropolitan Avenue,-73.94469,40.71449,2024-12-15,1848
cdd410ddac5ce2b0,135-34 Roosevelt Avenue,-73.83088,40.75931,2024-12-15,1849
305d7ddd22dd3fb3,1111 Amsterdam Avenue,-73.96191,40.80565,2024-12-15,1850
d7843a78935f4424,1 East Genesee Street,-76.42872,42.94622,2024-12-15,1851
11d6d81c3594b418,128 Hofstra University,-73.60012,40.713,2024-12-15,1852
9a271b251b8219f4,456 Broadway,-74.02842,41.50153,2024-12-15,1853
90503cba6d1431bd,2401 Jericho Turnpike,-73.6609,40.74302,2024-12-15,1854
1d43e2f9c6f74712,64 West Market Street,-77.05714,42.14388,2024-12-15,1855
1b44ed51b9945f10,501 Western Avenue,-73.79042,42.66655,2024-12-15,1856
d9adfac875518a89,3 Main Street,-77.60553,42.27017,2024-12-15,1857
a273217ce9f7ed25,320 Park Avenue,-73.97382,40.75753,2024-12-15,1858
8d67c9c8c62e02d4,1140 Sixth Avenue,-73.98303,40.75632,2024-12-15,1859
dbe44478723b2200,250 West Main Street,-77.41765,42.98632,2024-12-15,1860
45eea019062636c7,4060 Hempstead Turnpike,-73.4863,40.72496,2024-12-15,1861
70cf62a003a23b11,1050 Franklin Avenue,-73.63639,40.73055,2024-12-15,1862
59d135fc4a23a8b6,5 Eastview Mall Drive,-77.43895,43.02597,2024-12-15,1863
7d05edf371dcdb3a,279 Main Street,-74.54828,41.84769,2024-12-15,1864
d312dc766b9f91bd,49 Dix Avenue,-73.63846,43.31746,2024-12-15,1865
a9cca10bb9eacc34,1 Municipal Plaza,-73.78619,42.86331,2024-12-15,1866
65881b9778a9d49d,444 Mamaroneck Avenue,-73.76084,41.02298,2024-12-15,1867
fde9ace771b23cf2,151 MAIN STREET,-77.05419,42.66239,2024-12-15,1868
daa54ad4950d7709,20 Main Street,-78.87871,43.02019,2024-12-15,1869
1e4bcfbd5cdb578d,11 Tuscarora Street,-77.23526,42.10437,2024-12-15,1871
a416453db0245001,84 Bridge Street,-75.62155,43.96877,2024-12-15,1872
26ea246a71b412cd,10849 NYS Route 9N,-73.78692,44.25248,2024-12-15,1873
2528ba760cdb85d1,333 East Water Street,-76.8014,42.0883,2024-12-15,1874
b6a75c3c9a00c9fc,1110 Northern Boulevard,-73.70252,40.78923,2024-12-15,1875
689ecf06630959c6,1871 Nostrand Avenue,-73.94842,40.64016,2024-12-15,1876
8c7eb9bec6d36842,745 Long Pond Road,-77.69722,43.24846,2024-12-15,1877
c25567f5a3e7b82a,1200 Liberty Avenue,-73.86479,40.67899,2024-12-15,1878
553f0352e6c6c3d9,1058 Main Street,-74.6656,42.37736,2024-12-15,1879
4d0365ef4a095509,651 Newbridge Road,-73.54377,40.70711,2024-12-15,1881
cda4a33e611d7e23,2 FoxCare Drive,-75.02809,42.45754,2024-12-15,1882
2be9e478cd49a542,176 Broadway,-74.0097,40.71014,2024-12-15,1883
b99b282a91d3ab42,2379 Broadway,-73.97619,40.78879,2024-12-15,1884
85425006ff5e5107,1075 Old Northern Boulevard,-73.65712,40.80091,2024-12-15,1885
442cdac73bc228fe,4625 Sunrise Highway,-73.11469,40.75585,2024-12-15,1886
083b7392475ad19c,6414 18th Avenue,-73.98991,40.6194,2024-12-15,1887
931c05a183fd09e8,22 Ryan Drive,-77.78634,42.80008,2024-12-15,1888
b85d3d00d32b24ec,13 Park Square,-78.45736,42.33765,2024-12-15,1889
c02d216ad6b3f064,4881 Merrick Road,-73.45525,40.66647,2024-12-15,1890
eb228d78babbd824,170 North Main Street,-73.98793,41.15443,2024-12-15,1891
6dd21f0053177de3,971 Country Road 64,-76.86895,42.15558,2024-12-15,1892
aabe9a961f4b860b,150-07 14th Avenue,-73.81327,40.78897,2024-12-15,1893
918b2ffd3cc2e8e4,4196 Bolivar Road,-77.96799,42.12639,2024-12-15,1894
7bbf10240df07209,362 Myrtle Avenue,-73.97166,40.69319,2024-12-15,1895
31bc21cc3889e567,267 Fifth Avenue,-73.98675,40.74544,2024-12-15,1896
8db535424396be2a,835 Montauk Highway,-73.05032,40.74731,2024-12-15,1897
8bdaf6ec1e533b62,341 Ninth Avenue,-73.99837,40.75055,2024-12-15,1898
b307fded75c3c926,1608 Main Street,-77.40926,42.07973,2024-12-15,1899
0037d382b3910986,1982 East Main Street,-79.19039,42.12657,2024-12-15,1900
2559cf748e2475e9,75-23 37th Avenue,-73.89019,40.74912,2024-12-15,1901
d339ca8ad6058a5d,15 Southdown Road,-73.42568,40.88034,2024-12-15,1902
e4339f8d2890dbfe,1492 Hylan Boulevard,-74.08749,40.59194,2024-12-15,1903
2d61c7f57c4c6f4f,428 West 59th Street,-73.98692,40.77012,2024-12-15,1904
4d4a9428ee4d2cb3,208 Canal Street,-73.99886,40.7172,2024-12-15,1905
042f9d1a49583554,6850 Main Street,-78.69747,42.96584,2024-12-15,1906
81c2e3493405cc46,24-44 Francis Lewis Boulevard,-73.79836,40.77492,2024-12-15,1907
9880181478fc056d,205 State Street,-76.07975,44.23743,2024-12-15,1908
1f7ee530e22690fd,2261 First Avenue,-73.9353,40.79618,2024-12-15,1909
63a8e082cfa325bc,66 Bayview Avenue,-73.70208,40.79782,2024-12-15,1910
c121f844a757b799,5821 Bridge Street,-76.06959,43.05316,2024-12-15,1911
7d1914ace2c89b85,313 State Street,-75.60913,43.97832,2024-12-15,1912
f44ff10ec4ac1486,"3 Winterton Road, Route 17M",-74.45676,41.53483,2024-12-15,1913
1a160884bedb06be,716 Hoosick Road,-73.64366,42.74245,2024-12-15,1914
2bce103543daf435,782 Troy Schenectady Road,-73.78243,42.75771,2024-12-15,1915
715a2e422fc3e729,150 Vanderbilt Motor Parkway,-73.25937,40.80767,2024-12-15,1916
41e1b16f29ec5f76,84 Congress Street,-73.78995,43.0785,2024-12-15,1917
27cbf8b59619e380,115-20 Jamaica Avenue,-73.83356,40.69897,2024-12-15,1918
3c62fa9281b0a1af,100 Church Street,-77.09504,43.04466,2024-12-15,1919
7d2b82e446a55e09,247 Main Street,-75.93695,42.10695,2024-12-15,1920
1953069118360944,37 Bay Street,-73.64678,43.31228,2024-12-15,1921
f1ade01acd807e46,57 West 57th Street,-73.97666,40.76411,2024-12-15,1922
a6bf19344d60381c,550 Moseley Road,-77.4415,43.07197,2024-12-15,1923
4bb126b0eaefb736,4 Columbus Circle,-73.98209,40.76767,2024-12-15,1924
4566577cc73daafb,476 Broadway,-74.00017,40.72136,2024-12-15,1925
4093eee343926586,441 S. Salina St.,-76.15227,43.04604,2024-12-15,1926
64f19722f6b45556,41 East River Road,-76.3663,42.02184,2024-12-15,1927
63f47c10cabb1f8a,588 Lake Flower Avenue,-74.11605,44.31219,2024-12-15,1928
ec8ccf1de69dfbd2,3817 Main Street,-73.83059,40.76051,2024-12-15,1929
19fe2e0fbd95b8ce,190 Broadway,-73.52053,40.7645,2024-12-15,1930
3a8d7784ea79ab06,168-48 Hillside Avenue,-73.79323,40.71063,2024-12-15,1931
6421e1243e426ff2,518 East Ridge Road,-77.60465,43.19613,2024-12-15,1932
d29aeacf4bdcdd9d,182 Main Street,-75.65141,43.09419,2024-12-15,1933
9c1b6b3a5798c592,175 West Merrick Road,-73.70405,40.66683,2024-12-15,1934
7d6730023bcf378b,787 Seventh Avenue,-73.98243,40.76224,2024-12-15,1935
d41facef04851d2e,399 Atlantic Avenue,-73.98484,40.68692,2024-12-15,1936
a1c2ded514187415,550 Franklin Avenue,-73.68416,40.69279,2024-12-15,1937
255482fe9d4be397,107-18 Continental Avenue,-73.84444,40.72072,2024-12-15,1938
24200b8f3adc6619,1421 Avenue M,-73.96017,40.61799,2024-12-15,1939
2128f76ad3b884e9,272-06 Union Turnpike,-73.70194,40.75227,2024-12-15,1940
05bf2ed8d20fc6f8,800 Paul Road,-77.74595,43.10757,2024-12-15,1941
369011e3cb32c822,8001 Brush Hollow Road,-73.55905,40.77955,2024-12-15,1942
f7c4925de48e638d,4175 Recreation Drive,-77.2386,42.87238,2024-12-15,1943
03f7ab56f9b5c6bd,1125 Old Country Road,-73.46512,40.77575,2024-12-15,1944
0883339ec7c0b810,2967 Route 9,-73.68804,42.42708,2024-12-15,1946
ee3446b11cb84f8f,122 New York Road,-73.45103,44.67758,2024-12-15,1947
4ba1c68a99b50860,65 Main Street,-73.87962,40.99455,2024-12-15,1948
6c3cef8b06cf71b5,1 Broadway,-74.01403,40.70486,2024-12-15,1949
df1988f1e8e32af4,516 5th Avenue,-73.98824,40.66684,2024-12-15,1951
f789bdcf36ef3d33,124 Delaware Street,-75.12952,42.168,2024-12-15,1952
bcc39248c693863e,90 Railroad Avenue,-73.10644,40.80863,2024-12-15,1953
07d0f6a9d6d7ca42,65 Wolf Road,-73.81357,42.71329,2024-12-15,1954
18ab01c8042b44d6,111 Wall Street,-74.00655,40.70456,2024-12-15,1955
6169490131c0368c,1265 Castle Hill Avenue,-73.85142,40.83356,2024-12-15,1956
fb57462625868614,25-47 Parsons Boulevard,-73.82388,40.77575,2024-12-15,1957
50c6ab5e71e8bad3,666 Fifth Avenue,-73.97599,40.7602,2024-12-15,1958
56073d85baee9cf9,1800 Williamsbridge Road,-73.8515,40.85047,2024-12-15,1959
d76af090ce0e7f74,1775 Merrick Avenue,-73.55654,40.67497,2024-12-15,1960
5e3f37d0348e5d2c,82 East Main Street,-73.19027,40.85581,2024-12-15,1961
ae078f7566f03c04,702 South Meadow Street,-76.50838,42.43153,2024-12-15,1962
98da4b9385fcdbd6,349 East 149th Street,-73.91988,40.81665,2024-12-15,1963
67ddb6aaba6dfc30,45-14 46th Street,-73.91638,40.75405,2024-12-15,1964
e2fc6ccde21678ff,24 North Buffalo Street,-78.6676,42.50956,2024-12-15,1965
b0f6b5a0137ca661,201 West 125th Street,-73.9489,40.80922,2024-12-15,1966
65ddb2895c9c38cb,90 Park Avenue,-73.97895,40.75053,2024-12-15,1967
54387b0df3cc2a40,6708 Route 9,-73.90181,41.94612,2024-12-15,1968
ec4a4dbb35877407,77 Bowery,-73.99579,40.7167,2024-12-15,1969
a92b7103ff9c0669,5 Clark Street,-78.74361,42.76525,2024-12-15,1970
9cb5988dc1b85212,165 Cayuga Street,-76.69185,42.84253,2024-12-15,1971
65b76e187c51ff78,3180 Sheridan Drive,-78.81583,42.98089,2024-12-15,1972
cbd7e64ab2a80288,10490 Main Street,-78.94094,42.59614,2024-12-15,1973
ceb634c9ee437f68,69-80 188th Street,-73.78347,40.73409,2024-12-15,1974
7ba506e15fb74fd4,"95-12 63rd Road, Queens Boulevard",-73.86435,40.73066,2024-12-15,1975
f2e867645f02c02c,1199 Main Street,-74.4204,43.97241,2024-12-15,1976
1da415984d427440,244 Rock Hill Drive,-74.59518,41.62431,2024-12-15,1977
5b919541719872ef,169-21 137th Avenue,-73.77105,40.67311,2024-12-15,1979
7f58cf05ae7ab149,4 Hinchey Road,-77.67158,43.13924,2024-12-15,1980
359e89fa3d70ad6d,433 County Rt. 3,-76.46521,43.32664,2024-12-15,1981
e21f36d5c333bc48,309 Canal Street,-74.00249,40.71983,2024-12-15,1982
87dd99e1ea95fcf3,1150 Old Country Road,-73.55595,40.75506,2024-12-15,1983
148704732fa728e2,2825 Richmond Avenue,-74.16934,40.57736,2024-12-15,1984
377ac77c582fe52d,4141 State Highway 28,-74.26783,42.0088,2024-12-15,1985
501640dc93584357,303 West Main Street,-76.84803,42.3459,2024-12-15,1986
dc0b5fb1668e2023,25 Water Street,-74.49436,44.98917,2024-12-15,1987
f101e13b0d18f77b,700 Saint Nicholas Avenue,-73.94456,40.82431,2024-12-15,1988
184d2b4b9ce0dff0,1100 Corporate Drive,-77.35876,42.98283,2024-12-15,1989
9611b42e910af7b0,2580 Hylan Boulevard,-74.11149,40.56851,2024-12-15,1990
6d37063023ca3d12,655 Third Avenue,-73.9747,40.7504,2024-12-15,1991
a6c53181d9b63070,33-02 Ditmars Boulevard,-73.9095,40.77529,2024-12-15,1992
30706b48246a127f,153-16 10th Avenue,-73.80748,40.79333,2024-12-15,1993
2a93b8323c98a05d,422 Hillside Avenue,-73.65609,40.75451,2024-12-15,1994
d22483920ca79e00,1295 Broadway,-73.70127,40.63808,2024-12-15,1995
521e4c210ba7e99c,50 State Road,-73.71396,44.72515,2024-12-15,1996
c847175f435c3cec,800 North Salina Street,-76.15418,43.06185,2024-12-15,1997
b1219cd9f7d8d611,23 Riverside Drive,-75.94979,42.09831,2024-12-15,1998
e5764aa624e010da,5801 Sunrise Highway,-73.06365,40.77009,2024-12-15,1999
d2dfd80a35336fb7,502 Park Avenue,-73.96976,40.76316,2024-12-15,2000
c88b57d258840722,1044 William Floyd Parkway,-72.87168,40.80579,2024-12-15,2001
40910ca034e8797a,760 Harry L. Drive,-75.97938,42.12251,2024-12-15,2002
1f7fef3b47bb4bf0,144-51 Northern Boulevard,-73.82159,40.76489,2024-12-15,2003
29963fae2a52476e,600 Roe Avenue,-76.82726,42.09993,2024-12-15,2004
c51a26b3137ce9d3,11 Maple Street,-77.49378,42.50048,2024-12-15,2005
c1edd8c16b0e9ea6,130 Mineola Avenue,-73.65079,40.78816,2024-12-15,2006
5a2a39f84e0384b0,408 Bedford Avenue,-73.52836,40.67154,2024-12-15,2007
098d4af831895b7c,11 Corporate Woods Blvd.,-73.76709,42.6835,2024-12-15,2008
6b23a295a458401b,37-28 Ditmars Boulevard,-73.9071,40.77359,2024-12-15,2009
ff4acade1a9424a0,40-50 Fountain Plaza,-78.87306,42.88982,2024-12-15,2010
b71d192241d97f67,2690 Walden Avenue,-78.73581,42.90956,2024-12-15,2011
004404bb6a9f04bb,299 Sea Cliff Avenue,-73.64735,40.8493,2024-12-15,2012
e236ee203fb3fe87,1 South Main Street,-77.59153,42.56725,2024-12-15,2013
588831f8700c74ab,550 Madison Avenue,-73.97308,40.7613,2024-12-15,2014
b4ead867c9bc2136,2800 Niagara Falls Boulevard,-78.82256,43.03073,2024-12-15,2015
1e0de038bafcfe7f,1361 North Railroad Avenue,-74.116,40.57466,2024-12-15,2016
8fc68dab3fbe47a6,29 Bowery,-73.99683,40.71495,2024-12-15,2017
a6accbcefabdd551,209 Glen Head Road,-73.62065,40.83575,2024-12-15,2019
a06fb322e6916fdf,1075 Ridge Road East,-77.44997,43.20982,2024-12-15,2020
f29dad2033f80832,395 Westfall Road,-77.61148,43.11455,2024-12-15,2021
cb1511c4e0e1d193,284 East Fairmount Avenue,-79.30682,42.0983,2024-12-15,2022
2758173599afe2ab,2425 Rochester Road,-77.30087,42.91427,2024-12-15,2023
2b7817bfe81dc509,2670 Delaware Avenue,-78.86975,42.95703,2024-12-15,2024
d7a5c29433783a3a,1049 Park Boulevard,-73.45535,40.68035,2024-12-15,2025
b42687631964f951,501 Gardner Road,-76.83911,42.17568,2024-12-15,2026
f5d98705e81211d3,345 Genesee Street,-76.58966,42.92024,2024-12-15,2027
a61e57b676e9bd22,5225 Nesconset Highway,-73.04267,40.92767,2024-12-15,2028
bf707f963b938d36,323 West Washington Street,-77.33117,42.3378,2024-12-15,2029
47a5d5c59002574c,375 Fairport Road,-77.48695,43.10343,2024-12-15,2030
ef1776418e5c8dfb,1 Research Circle,-73.87884,42.82624,2024-12-15,2031
c00abde9d0512f89,9202 4th Avenue,-74.03022,40.61829,2024-12-15,2032
0a0a209b99353c26,963 State Fair Boulevard,-76.24746,43.09838,2024-12-15,2034
4ad5ecfffcc5da4b,40-48 Main Street,-73.82952,40.75832,2024-12-15,2035
23bb6b15e660204f,400 North Main Street,-78.13158,42.75469,2024-12-15,2036
40bf40c45ce25761,275 Main Street,-74.06908,41.74248,2024-12-15,2037
fef6b2c87431d8df,2163 Fairport Nine Mile Road,-77.44194,43.12675,2024-12-15,2038
189114cbe61fc06c,310 Merrick Road,-73.64376,40.65599,2024-12-15,2039
6092bbed1b263cf1,5112 West Taft Road,-76.16283,43.12147,2024-12-15,2041
f77bd3194408ba03,27 Water Street,-78.28142,42.21859,2024-12-15,2043
cde681a03edc7265,110 Village Square,-77.09328,42.15867,2024-12-15,2044
246f94699522f717,166 West Main Street,-77.6039,42.94812,2024-12-15,2045
c72a810263e40848,10 Columbus Circle,-73.98242,40.7681,2024-12-15,2046
bbd071a1adabf350,127 East Merrick Road,-73.6938,40.66396,2024-12-15,2047
0907b6c67e39cf10,3672 Route 78,-78.45357,42.70912,2024-12-15,2048
10a86af97004c363,201 Mohawk Avenue,-73.96534,42.82663,2024-12-15,2049
5b1f3449d11501b7,19 Glenridge Road,-73.9273,42.86878,2024-12-15,2050
5eb09395f1db3fdd,555 Broadhollow Road,-73.42267,40.76326,2024-12-15,2051
125732b155099d01,161 Main Street,-76.36722,42.58902,2024-12-15,2052
69591765567a690f,387 Hamilton Street,-76.99885,42.85724,2024-12-15,2053
a1d17a9b3b0de868,7116 County Road 132,-76.86371,42.67761,2024-12-15,2054
81d55e5dec10c404,211 Main Street,-78.62673,42.76787,2024-12-15,2055
8982a73604bc47ca,12209 Route 16,-78.47861,42.5295,2024-12-15,2056
f0ab45a262126cd5,1707 Veterans Highway,-73.18103,40.80659,2024-12-15,2057
3d792c0308dfcfe0,23 Division Street,-73.78673,43.0817,2024-12-15,2058
e992e229b5a48fc5,108 Forest Avenue,-73.59974,40.87581,2024-12-15,2059
6d7f6e412b2bb1b9,45 South Main Street,-77.44194,43.10027,2024-12-15,2060
761cbee2f7ef4b81,19-19 Francis Lewis Boulevard,-73.80261,40.78087,2024-12-15,2061
0daf52097457591d,250 S. Clinton Street,-76.15443,43.04915,2024-12-15,2062
7955f660dfc80ff6,1940 Monroe Ave,-77.5642,43.12662,2024-12-15,2063
4f27253f97a355fd,515 ERIE BOULEVARD WEST,-76.1616,43.04943,2024-12-15,2064
19c96a31d7b0aae7,1705 Central Avenue,-73.83972,42.72391,2024-12-15,2065
188141fe88b236c7,71-66 Austin Street,-73.84255,40.71932,2024-12-15,2066
f218f0dc8b4cd4d6,344 S. Warren Street.,-76.15082,43.04793,2024-12-15,2068
1c7c45d6f2e004b1,26 Lido Boulevard,-73.58295,40.59211,2024-12-15,2069
733a840f3c59da6e,8599 Erie Road,-79.04023,42.65056,2024-12-15,2070
52fb927c5a167649,120 North Street,-76.29813,42.49926,2024-12-15,2071
65007f740c6d7871,76 Broadway,-73.3647,40.86865,2024-12-15,2072
1709692d9c988e89,6948 Cato Street,-78.02313,42.87545,2024-12-15,2073
1b4b5f17d4553296,218 Lake Street,-77.05678,42.65536,2024-12-15,2074
083bbbce2364a874,54 Washington Street,-78.66966,42.2764,2024-12-15,2075
56977402fb53a5fd,424 Maple Avenue,-73.77222,43.09844,2024-12-15,2076
e3bd536735f57ea5,107 Main Street,-78.7149,42.15865,2024-12-15,2077
490a0207da156434,1810 Merrick Avenue,-73.55635,40.67383,2024-12-15,2078
d9ab70b26ac01c35,22 Allen Boulevard,-73.42529,40.71554,2024-12-15,2079
47cc7e281ad19d85,5902 8th Avenue,-74.00903,40.63598,2024-12-15,2080
1dd15ed2a8a74fb6,1707 Cedar Street,-76.79132,42.05923,2024-12-15,2081
a0c5a6278f42c46a,19 South Main Street,-77.42139,42.40917,2024-12-15,2082
a1e32fa8b79f6fd4,1 Main Street,-77.67164,42.8224,2024-12-15,2083
2a4f4957bbd4c6b4,61-54 Springfield Boulevard,-73.75615,40.74769,2024-12-15,2084
84d45bef2278a135,2520 Browncroft Boulevard,-77.50369,43.15408,2024-12-15,2085
236c597cabe08ece,1 East Montauk Highway,-73.36374,40.67833,2024-12-15,2086
a9294a2e50128708,129 Elm Street,-77.05517,42.66114,2024-12-15,2087
63b52e770dcef029,4451 Commercial Drive,-75.32393,43.0839,2024-12-15,2088
4d8830f0fcfcd8b5,309 South Main Street,-76.81944,42.16599,2024-12-15,2089
423397babc228dbd,711 Fort Salonga Road,-73.33603,40.89549,2024-12-15,2090
8013dc5297f08a35,2833 West Ridge Road,-77.70541,43.20985,2024-12-15,2091
b45872fe5b6b73d1,574 Broadway,-73.46821,40.68299,2024-12-15,2092
efefe5d278fc52ea,232 Madison Avenue,-73.98151,40.74975,2024-12-15,2093
9da85602f98d8603,3700 West Genesee Street,-76.23917,43.04692,2024-12-15,2094
bf31471ee9bdd78a,240 Grand Street,-73.99455,40.71837,2024-12-15,2095
184227c016afb805,1230 Avenue of the Americas,-73.98107,40.759,2024-12-15,2096
1e089c35235a5443,3233 Southwestern Boulevard,-78.74986,42.79606,2024-12-15,2097
659f97ebc9653889,5688 South Transit Road,-78.69745,43.14939,2024-12-15,2098
c2c33f4a5817b57b,4431 Genesee Valley Plaza,-77.78187,42.79887,2024-12-15,2099
2a59e9c8e142c2b8,100 George Street,-76.48603,43.46328,2024-12-15,2100
737ef97d675d5d3a,42-12 Bell Boulevard,-73.77038,40.7624,2024-12-15,2101
65cd9e7aa3828da7,152 Franklin Street,-77.71245,42.56544,2024-12-15,2102
c4bbaa2d0baf7994,184 South Main Street,-77.40611,42.61042,2024-12-15,2103
cd236edf7218c3c5,4873 N. Jefferson Street,-76.12706,43.5675,2024-12-15,2104
dee35f8608d59b98,32 Main Street,-76.97637,42.52204,2024-12-15,2105
ecd2bb635ccc0f7b,26 Main Street,-78.28315,42.8639,2024-12-15,2106
6647370b59024be4,150 Lake Street,-76.80112,42.08973,2024-12-15,2107
c532d5920f922dd9,1879 Altamont Avenue,-73.95534,42.78098,2024-12-15,2108
9d74c4993a7861b7,925 Elmwood Avenue,-78.87702,42.92233,2024-12-15,2109
288d4731b7cffc45,2748 Maida Lane,-73.98715,42.799,2024-12-15,2110
0e35451485f4b44c,3131 Silverback Lane,-77.1034,42.15363,2024-12-15,2111
c923f72e18baf7df,575 Madison Avenue,-73.97262,40.76193,2024-12-15,2113
5def633d35d5613e,4979 Transit Road,-78.69663,42.883,2024-12-15,2114
438c5a4480aceb93,8 Karner Road,-73.88788,42.69847,2024-12-15,2115
f05e8002854b240e,351 North Main Street,-76.80921,42.09082,2024-12-15,2116
fdb70ca662912b39,68 North Plank Road,-74.03133,41.52425,2024-12-15,2117
4de6b7017d467463,7670 Morgan Road,-76.20643,43.14184,2024-12-15,2118
a7cbf83a4490217e,5999 South Park Avenue,-78.82653,42.73389,2024-12-15,2119
5f8c1d2dbb6eb899,2307 Brewerton Road,-76.14552,43.09917,2024-12-15,2121
a43ba7fbda105811,402 West Albany Street,-74.99148,43.02368,2024-12-15,2122
652a130f021dddf3,196-98 North Street,-76.98864,42.87597,2024-12-15,2123
e0565a41918f30ab,3110 Main Street,-77.85377,42.9726,2024-12-15,2124
528e0738ee928569,337 Pulteney Avenue,-76.9847,42.858,2024-12-15,2126
d7cd1dd92f9bd63f,159-14 Cross Bay Boulevard,-73.84002,40.65851,2024-12-15,2127
6c6d273485e8ab5b,2695 Hamburg Street,-73.93439,42.7748,2024-12-15,2128
2648310d931750ff,2160 Broadway,-73.98094,40.78178,2024-12-15,2129
8ad240d9aeee42c4,6797 Pittsford-Palmyra Road,-77.43718,43.06844,2024-12-15,2130
b1bf61037f735349,215 West Main Street,-73.08685,40.73363,2024-12-15,2131
19f2be99953c6fe2,800 Woodbury Road,-73.4787,40.80495,2024-12-15,2132
31cef08c28a103f1,938 Union Road,-78.75302,42.82612,2024-12-15,2133
8b293e5a3835cac7,2933 Long Beach Road,-73.63984,40.63955,2024-12-15,2134
6808b506b9c8e8a4,72-76 Main Street,-73.82102,40.72485,2024-12-15,2135
7b0c60230ffc6c1c,100 Chestnut st,-77.60318,43.15499,2024-12-15,2136
a4d13c36788a44c0,2 Seneca Street,-76.98227,42.86669,2024-12-15,2137
735253740a7d8191,147 Main Street,-73.45742,40.87101,2024-12-15,2138
e5ba18a7acbfb244,25 Main Street,-79.177,42.46852,2024-12-15,2139
9f7c1fe7f46f7223,105 Main Street,-73.34995,40.90071,2024-12-15,2140
2e61a9de3ac59abe,253 New York Avenue,-73.42512,40.87382,2024-12-15,2141
b7a3033294b2ca4a,1634 Genesee Street,-75.25487,43.08982,2024-12-15,2142
ba2da0f6de05b81f,44 Liberty Street,-77.31826,42.33493,2024-12-15,2144
6b6196105b80acb2,1693 Route 9,-73.76727,42.86183,2024-12-15,2145
bc9ab94d661ce3c3,567 East Main Street,-78.16553,42.99624,2024-12-15,2146
1ddd8e44b6025d11,2118 Hudson Avenue,-77.60018,43.20643,2024-12-15,2147
1e819f04e9273363,27 Seneca Street,-76.98281,42.86668,2024-12-15,2148
b0f7c6b83fab3542,2 Wall Street,-73.8414,42.7421,2024-12-15,2149
1cbbb32c8dd57f8a,655 Route 318,-76.92163,42.95646,2024-12-15,2150
b123c484c1634fcc,2301 Westside Drive,-77.7999,43.12385,2024-12-15,2151
db65a1082e1bd804,65 State Street,-76.56942,42.93277,2024-12-15,2152
1d7e48f902fa4204,572 Plandome Road,-73.7013,40.79998,2024-12-15,2153
df3bcabca4791612,35-01 30th Avenue,-73.91789,40.76526,2024-12-15,2154
786089509cdb8868,7434 Seneca Road,-77.66497,42.36155,2024-12-15,2155
56fff84c102f319e,42 Deer Park Avenue,-73.32351,40.69717,2024-12-15,2156
49374e7901648f6b,"795 East Main Street, Suite 1",-74.4741,42.68058,2024-12-15,2157
41cea1fb78e26187,1940 Monroe Avenue,-77.5642,43.12662,2024-12-15,2159
a4141fd3c4d90453,8701 Third Avenue,-74.0314,40.62263,2024-12-15,2160
4cc9821335092b90,1934 Route 96,-77.08656,42.96249,2024-12-15,2161
dd81673cc0ed5e2e,10 Glen Head Road,-73.62934,40.83301,2024-12-15,2162
cf1ff0d58ad12e92,765 Calkins Road,-77.61035,43.06799,2024-12-15,2163
1ecfcacc2406bc40,818 Central Avenue,-73.79037,42.67924,2024-12-15,2164
e2f473523f92d7ef,4031 Route 31,-76.23466,43.186,2024-12-15,2165
421811eb5279870d,2168 Route 96A,-76.822,42.68071,2024-12-15,2166
7401ee314455108a,6868 Manlius Center Rd,-76.0421,43.06244,2024-12-15,2167
3fd504d1cfc609fe,6840 Erie Road,-78.98026,42.70156,2024-12-15,2168
2d0d9a9988ae4342,2215 East Henrietta Road,-77.608,43.07218,2024-12-15,2169
fdbac65f5a217184,4989 Bear Road,-76.1707,43.13719,2024-12-15,2170
28cb930c835dbbfd,86-55 Broadway,-73.87736,40.73722,2024-12-15,2171
d8997a64dbc65f76,7320 East Genesee Street,-76.01708,43.02902,2024-12-15,2172
63f19a62fde5090b,65 Elizabeth Blackwell Street,-76.98083,42.86551,2024-12-15,2173
010a067373324b14,11 Steuben Street,-77.2356,42.10488,2024-12-15,2174
7f090ee135bc5bfa,217 Prescott Avenue,-76.81978,42.12951,2024-12-15,2175
76636e10fd408134,24 Avis Drive,-73.77706,42.74691,2024-12-15,2176
47498200ca423b37,278 Genesee Street,-75.86626,43.04656,2024-12-15,2177
e1bb8f455cdea704,1975 Hempstead Turnpike,-73.56342,40.72481,2024-12-15,2178
d710605d01749be2,124 West State Street,-78.43116,42.07747,2024-12-15,2179
ac1e821a296cabb7,170 Old Country Road,-73.63753,40.73997,2024-12-15,2180
a3bfdb69479b55a2,1822 Black River Boulevard,-75.43658,43.23498,2024-12-15,2181
2feb2b3c72552a22,25 Shethar Street,-77.22178,42.40953,2024-12-15,2182
2d78f162dd3d3467,2265 Downer Street,-76.35066,43.15305,2024-12-15,2183
9e8a4837a511fa7e,23 East State Street,-77.86741,42.72826,2024-12-15,2184
d1809ad918b750e3,6599 Route 219,-78.65958,42.28574,2024-12-15,2186
e939fcdd2053583b,722 West Broadway,-76.43193,43.31672,2024-12-15,2187
4c62319d550d0e4a,1476 Balltown Road,-73.8923,42.81503,2024-12-15,2188
2781363551664859,282 Bayville Avenue,-73.5491,40.90721,2024-12-15,2189
320830cbd676fe3e,3388 Sheridan Drive,-78.80905,42.9806,2024-12-15,2190
4fd96fe1a1261e37,6555 Ridings Road,-76.10907,43.08892,2024-12-15,2191
eafc4560aba39253,442 Avenue of the Americas,-73.99861,40.73493,2024-12-15,2192
920892c7b1ef4be4,5503 8th Avenue,-74.00675,40.63818,2024-12-15,2193
ade541f84a16fab5,41 South Main Street,-76.42073,42.70493,2024-12-15,2194
8cf3a6431a7e3fc1,4747 Nesconset Highway,-73.05318,40.91661,2024-12-15,2195
baa186a362d3a44f,55 North Main Street,-78.13259,42.741,2024-12-15,2196
283517f56ca63988,7 West Main Street,-76.29815,42.49055,2024-12-15,2197
a45514b02ba8a3d8,1928 Genesee Street,-75.26128,43.08704,2024-12-15,2198
b8792cc3bcf801ac,964 Ridge Road,-77.46198,43.20919,2024-12-15,2199
c3203564cc19ae28,501-505 South 2nd Street,-76.4083,43.31541,2024-12-15,2200
2af33329de8bdcdd,1301 Broadway,-73.70065,40.63886,2024-12-15,2201
0dd42a2cd4483de5,1940 Routes 5 & 20,-76.83535,42.9029,2024-12-15,2202
db4cf8512262564e,369 Main Street,-76.84607,42.90179,2024-12-15,2203
dcc72b455aeea563,60 West Main Street,-78.49598,42.0912,2024-12-15,2204
78ed2b734c1457de,5178 Main Street,-78.7598,42.96073,2024-12-15,2205
8177e02128f8cc35,3261 Rochester Road,-77.70675,42.84414,2024-12-15,2206
71b260b01fdcd5ea,443 Park Avenue South,-73.983,40.7447,2024-12-15,2207
5b8c9ab2b7fb552f,2 West Avenue,-77.93753,43.22069,2024-12-15,2208
89eb2862ae7d85a1,520 South 2nd Street,-76.40667,43.31361,2024-12-15,2209
40f9598d17349b9b,5791 Route 31,-76.11868,43.17575,2024-12-15,2210
8d93bd198b1226c6,3013 Route 50,-73.74785,43.09955,2024-12-15,2211
8bcd0b2b0321a116,240 Saratoga Road--Route 50,-73.95889,42.83146,2024-12-15,2212
0698dd29a84305ab,32 West State Street,-75.90494,42.10954,2024-12-15,2213
1f86453d521ebe19,8075 Oswego Road,-76.23477,43.16175,2024-12-15,2214
c6717e53459e403e,58-02 Myrtle Avenue,-73.9013,40.70049,2024-12-15,2215
aa0c1243bb04c95a,3177 Chili Avenue,-77.74492,43.10593,2024-12-15,2217
085c1fb24397c118,392 East Main Street,-73.00107,40.7666,2024-12-15,2218
6b064fdc33a2ed3a,148 East 79th Street,-73.95875,40.7749,2024-12-15,2219
042462da37c6152c,102 North Main Street,-78.19372,43.24806,2024-12-15,2220
817bb12651514c31,19-01 Utopia Parkway,-73.79394,40.78034,2024-12-15,2221
2588ab4462f13e53,3249 Union Street,-77.80644,43.12104,2024-12-15,2222
d8c839826663ab4c,97-99 W. Bridge Street,-76.51806,43.45475,2024-12-15,2223
5ae7cfa532b837f2,70 Glen Street,-73.6288,40.86381,2024-12-15,2224
122258df67309094,124 West Main Street,-78.00491,42.97855,2024-12-15,2225
d7aaf6587a6e5627,7 Glen Cove Road,-73.62728,40.80819,2024-12-15,2226
77438df02ce516db,120 Erie Boulevard,-73.94848,42.81134,2024-12-15,2227
a518ef1ae7a1561f,132-11A 14th Avenue,-73.83586,40.78701,2024-12-15,2228
1621b92656e9b3ac,5491 Sheridan Drive,-78.73212,42.97747,2024-12-15,2229
58cf438488216a3f,218 Prescott Avenue,-76.81949,42.12857,2024-12-15,2230
4affc6dd1ac7bdd1,3000 Marcus Avenue,-73.69613,40.75894,2024-12-15,2231
7256f710f690ce7b,8411 Main Street,-78.68092,42.96444,2024-12-15,2232
04a85f4f3c868676,401 West Main Street,-78.20324,43.00474,2024-12-15,2233
8bd5551c0b124eb7,123 East Broadway,-73.99221,40.71388,2024-12-15,2234
9378e0ddc80ba0ce,3866 Rome Road,-76.1209,43.55998,2024-12-15,2235
d18a25012547e0a0,850 Ridge Road,-77.47269,43.20601,2024-12-15,2236
ae6c867d9a16ec2b,853 State Route 13,-76.21862,42.57182,2024-12-15,2237
c2b169485af2b666,15 East Genesee Street,-76.33123,43.15896,2024-12-15,2238
2ba0213c24f266cc,418 North Main Street,-77.06116,42.67034,2024-12-15,2239
2516e6e6271127d8,42-08 Main Street,-73.82823,40.75516,2024-12-15,2240
f6fcefcde3550f30,1776 Union Street,-73.89852,42.80139,2024-12-15,2241
0cf46ac041090164,3 West Main Street,-77.40975,42.98262,2024-12-15,2242
7f0d191d23e3bc53,2330 North Main Street,-78.12559,42.7672,2024-12-15,2243
dd6f8acb81e21a53,545 Broad Street,-78.73554,42.1582,2024-12-15,2244
5462888cb899b603,271 Larkfield Road,-73.32428,40.87552,2024-12-15,2245
f1ff4a87a3ab1cdc,360 White Plains Road,-73.81474,40.95282,2024-12-15,2246
6b55b814bebf774a,22-45 31st Street,-73.91165,40.77473,2024-12-15,2247
ede686778ad98310,342 Hamilton Street,-76.99766,42.85866,2024-12-15,2248
dfb0c14579e9bf35,3701 Vestal Parkway,-75.98393,42.09652,2024-12-15,2249
6dd3a8a4a7d18e1c,158 West 14th Street,-73.99946,40.73845,2024-12-15,2250
5dd3ec5dbd4e026d,1122 Franklin Avenue,-73.63647,40.73179,2024-12-15,2251
44055fcbbf6beb5c,2 Penn Plaza,-73.99296,40.75111,2024-12-15,2252
9d6dc980992adbcc,132 Parkway Road,-73.83549,40.94064,2024-12-15,2253
276e0c952c62a41f,21-21 Broadway,-73.93078,40.76473,2024-12-15,2254
54685c71d09e0978,54 East Parkway,-73.80791,40.99001,2024-12-15,2255
994c41e02de78ba8,402 Bay Road,-73.65366,43.33685,2024-12-15,2256
d74d854576e65b42,156 Second Avenue,-73.98694,40.72962,2024-12-15,2257
2c63db0256976d1c,941 Lexington Avenue,-73.96371,40.76836,2024-12-15,2258
033ac2b05867c68f,2014 Bartow Avenue,-73.82995,40.86918,2024-12-15,2259
948a905fea34b6ee,28 Main Street,-73.61909,41.39448,2024-12-15,2260
34b035fc56e44e5b,726 Madison Avenue,-73.96928,40.76651,2024-12-15,2261
82668af5b84bb6d2,161 Dyckman Street,-73.9262,40.86381,2024-12-15,2262
f494852c22a726d3,1100 Old Country Road,-73.46659,40.77742,2024-12-15,2263
ca1b24eb02007844,1 North Lexington Avenue,-73.77252,41.03233,2024-12-15,2264
8dd19c642cce7ead,1639 Ulster Avenue,-73.98893,41.97645,2024-12-15,2265
98de6902a652a399,90 West 225th Street,-73.90935,40.87433,2024-12-15,2266
877f9b22f32ced17,4277 Albany Post Road,-73.93287,41.78343,2024-12-15,2267
04f2348f24b1dba6,"400 Main Street, Suite 1",-73.71401,41.12583,2024-12-15,2268
5908a0993089dc4a,1581 ROUTE 202,-74.04721,41.18215,2024-12-15,2269
39e51d27becc81ac,136-41 Roosevelt Avenue,-73.82856,40.75997,2024-12-15,2270
eede7364c8df1639,1002 Madison Avenue,-73.96278,40.77543,2024-12-15,2271
fd101d8434cbf1c4,3019 Route 4,-73.57515,43.31682,2024-12-15,2272
526c09d2559c349f,440 Route 211 East,-74.38247,41.45485,2024-12-15,2273
89d0c4f530664d6b,2230 31st Street,-73.91154,40.77547,2024-12-15,2274
adb01aaaeb9edc01,5880 Jericho Turnpike,-73.30758,40.84046,2024-12-15,2275
87c32808417ecb5a,1336 East Main Street,-73.83605,41.32677,2024-12-15,2276
c60fdfefcfc14871,7977 Jericho Turnpike,-73.47668,40.81468,2024-12-15,2277
71e7a68a66b75c68,475 West 23rd Street,-74.00398,40.74761,2024-12-15,2278
83e5d4a44af68928,510 Park Avenue,-73.96955,40.76346,2024-12-15,2279
c396c62338af4a2f,80 Eighth Avenue,-74.00235,40.73999,2024-12-15,2280
a070e6f0b8752f7d,700 Clocktower Commons,-73.57189,41.42014,2024-12-15,2281
c67720222e5b77e2,1572 Union Turnpike,-73.6901,40.75431,2024-12-15,2282
91e963f638c8ecb7,654 Franklin Avenue,-73.68566,40.6905,2024-12-15,2283
b886ef9a2824a313,153-15 Cross Island Parkway,-73.80885,40.78726,2024-12-15,2284
d524a4b564ad72e5,110 William Street,-74.00721,40.70878,2024-12-15,2285
7f89621d01047609,3794 103rd Street,-73.86316,40.75079,2024-12-15,2286
fa1c45626b98cada,221 Corinth Road,-73.68329,43.29667,2024-12-15,2287
c65fd87d59e7f4c2,1755 Monroe,-77.56792,43.12889,2024-12-15,2288
88855abc517d1739,350 West 125th Street,-73.95291,40.81091,2024-12-15,2289
f3ed2d24cbeaffbf,705 Smithtown Bypass,-73.16994,40.8472,2024-12-15,2291
671abbd8e61ea6cf,501 South Main Street,-74.03743,41.1357,2024-12-15,2292
96b65a816c4e75eb,491 Main Street,-73.78114,40.90917,2024-12-15,2293
54f1fa7c52315450,15 NYS Route 12,-75.91469,44.33178,2024-12-15,2294
3f3ce91908ffb75a,59 Washington Street,-76.86264,42.90054,2024-12-15,2295
09ebafa782181d19,10 Osborn Street,-76.56327,42.93187,2024-12-15,2296
03b10bc3d0f81f84,330 Sunrise Highway,-73.64179,40.65707,2024-12-15,2297
4fdeb8a3400197b1,Route 9,-73.9173,41.6218,2024-12-15,2298
9ef626813c6969ee,472 Medford,-73.00919,40.78463,2024-12-15,2299
30872550ca58e9f4,81-35 Lefferts Boulevard,-73.83069,40.70854,2024-12-15,2300
69f67633985cdb4a,82 Seventh Street,-73.63775,40.72422,2024-12-15,2301
76dcbcdd126486b5,444 Central Avenue,-73.72548,40.62043,2024-12-15,2302
fe03025a779bdb68,60 Dutch Hills Road,-73.95518,41.0453,2024-12-15,2303
bd0b99fb629e098d,2402 Arthur Avenue,-73.88737,40.85578,2024-12-15,2304
626498363f7b6ed1,6390 Amboy Road,-74.2162,40.52223,2024-12-15,2305
fe672e5c4a5ef911,2360 Jericho Turnpike,-73.65975,40.74222,2024-12-15,2306
c94aa50f2abf524a,135 North Street,-74.4172,41.44975,2024-12-15,2307
0573fbbf3e1554d8,45 Quaker Ridge Road,-73.79441,40.94714,2024-12-15,2308
991e11f73c4af9ff,2030  Broadway,-73.98201,40.77672,2024-12-15,2309
5638289755c94c29,3853 Main Street,-73.77462,43.49608,2024-12-15,2310
376ae43d4468d3f3,1909 State Route 3,-76.43789,43.32042,2024-12-15,2311
9f805af508449136,302 West 12th Street,-74.0046,40.73755,2024-12-15,2312
30859965b56e9238,2160 Sunrise Highway,-73.54676,40.66414,2024-12-15,2313
359f421cda25ae6d,3536 154th Street,-73.81112,40.76513,2024-12-15,2314
c56d6fbf3c3a7c95,611 Avenue of the Americas,-73.99517,40.73965,2024-12-15,2315
aabf2722f1656d58,1380 Fulton Avenue,-73.94559,40.68017,2024-12-15,2316
8be6ae01de80f262,285 Maple Avenue,-73.775,41.02185,2024-12-15,2317
55f07bd75271aebc,2131 JERICHO TURNPIKE,-73.66986,40.73808,2024-12-15,2318
bdc95462d2d31502,5581 Broadway,-73.90475,40.87907,2024-12-15,2319
a9a5e85316222f57,3544 Long Beach Road,-73.64084,40.62373,2024-12-15,2320
0c12ae14ec7b49b6,401 Flatbush Avenue,-73.97136,40.67566,2024-12-15,2321
709f7fd1b542c7fd,15 Main Street,-73.84127,43.31776,2024-12-15,2322
b82effc6a754b892,90 East 170th Street,-73.91569,40.83946,2024-12-15,2323
3b048178a85d747c,3155 Amboy Road,-74.13244,40.56374,2024-12-15,2324
d1eb2edecbaf4d0c,135 Wildey Street,-73.86367,41.08005,2024-12-15,2325
4ed00ea1dc230799,107-11 Continental Avenue,-73.84467,40.72036,2024-12-15,2326
f93f9005516aa376,6740 Route 9,-73.89999,41.9486,2024-12-15,2327
1d089d03409aec98,220 East Park Avenue,-73.65706,40.58843,2024-12-15,2328
8e961ac1f3b180fe,61 Smith Street,-73.99997,41.09315,2024-12-15,2329
34e573e30779f2d2,97-41 Queens Boulevard,-73.85969,40.72937,2024-12-15,2331
855d72aafca72e18,301 Bleecker Street,-75.22624,43.10088,2024-12-15,2332
e5a57794996fe2c4,3130 Hempstead Turnpike,-73.51999,40.7252,2024-12-15,2333
bbdedf39c1ffcecd,699 Old Country Road,-73.35977,40.83146,2024-12-15,2334
d69c97834317958d,390 Court Street,-73.99658,40.68093,2024-12-15,2335
f00e4fa1d064b638,610 Exterior Street,-73.93041,40.81968,2024-12-15,2336
24627006c60f6fdc,32 Station Road,-72.93999,40.7591,2024-12-15,2337
52f6ba6b3b65d4ee,187-15 Union Turnpike,-73.78146,40.72917,2024-12-15,2338
cdf3b539ef0cc6b3,2063 Fredrick Douglas Boulevard,-73.95734,40.80172,2024-12-15,2339
2d331ded69d458b6,115 East Main Street,-73.0124,40.76575,2024-12-15,2340
4aa009a337a98afa,312 Palmer Avenue,-73.8217,43.24473,2024-12-15,2341
aa1d5867c693742f,138 Windermere Avenue,-74.28992,41.22677,2024-12-15,2342
2065c5a7de14a121,185 Greenwich Street,-74.01087,40.71091,2024-12-15,2344
fbac2d9bf0a17d00,69 Fifth Avenue,-73.99349,40.73618,2024-12-15,2345
824513e803e20c45,57 Northern Boulevard,-73.62254,40.81176,2024-12-15,2346
631b1e8e28c66ec2,655 North Wellwood Avenue,-73.38441,40.70126,2024-12-15,2347
3a0503730929f85b,35 Woods Road,-73.32141,40.7383,2024-12-15,2348
03c4e2589841ea2f,6 Spencerport Road,-77.69297,43.1662,2024-12-15,2349
f1fe582e867ac590,42 West Main Street,-73.1954,40.85451,2024-12-15,2350
712df5ae5285b95a,22 Grace Avenue,-73.7268,40.78864,2024-12-15,2351
91ae36ca59e8d0e0,1718 Montauk Highway,-72.83626,40.80614,2024-12-15,2352
714fd0066310cd25,44-43 Kissena Boulevard,-73.82167,40.75296,2024-12-15,2353
12870b5a15637151,22 South Liberty Drive,-73.98642,41.22663,2024-12-15,2354
183f7f85e2ba4c37,425 Glen Cove Road,-73.62246,40.78564,2024-12-15,2355
67dd05acd77bed79,192 Smith Street #194,-73.99156,40.68512,2024-12-15,2356
200b67ac84f317ae,330 Plandome Road,-73.69954,40.79715,2024-12-15,2357
b7732bf24940ba6a,2100 Linden Boulevard,-73.8851,40.66077,2024-12-15,2358
150abf9aaf0da633,550 Seventh Avenue,-73.98814,40.75431,2024-12-15,2359
34ed3b80c17d4a73,210 Wallabout Street,-73.95466,40.7,2024-12-15,2360
d1b9386279c47af3,255-57 First Avenue,-73.98215,40.73194,2024-12-15,2361
8c56ca4880e9f4e4,920 Middle Country Road,-73.04517,40.86443,2024-12-15,2362
ec8ba0544cd2095e,4724 13th Avenue,-73.9914,40.63572,2024-12-15,2363
1d913d0059eb4b82,41-22 Bell Boulevard,-73.77062,40.76291,2024-12-15,2364
e2261424a3310a75,284 North Broadway,-73.53112,40.77833,2024-12-15,2365
abbf8903fcc5533e,1214 Mamaroneck Avenue,-73.74666,40.99218,2024-12-15,2366
afd01924f482ed56,66 Main Street,-73.90137,40.93466,2024-12-15,2367
f629ee1062046108,97 North Sea Road,-72.39446,40.8908,2024-12-15,2368
104d2e4eeed42e06,117 Grand Street,-74.32734,41.40258,2024-12-15,2370
5e7be2ab5ed5f563,37-67 75th Street,-73.89054,40.74722,2024-12-15,2371
59cb0fb46b046e05,1308 East Gun Hill Road,-73.8482,40.87149,2024-12-15,2372
a0473843e20262ce,1421 St. Nicholas Avenue,-73.93358,40.84952,2024-12-15,2373
8be83c6f456b676c,1 Old Country Road,-73.62207,40.74272,2024-12-15,2374
cba23e833e87e312,12 Main Street,-74.18781,41.56121,2024-12-15,2375
dd66658b19dbf1f9,1640 86th Street,-74.00627,40.60948,2024-12-15,2376
df78eb8efe68c706,93 Main Street,-73.49131,43.23784,2024-12-15,2377
c991ce6a0c7d0047,2301 86th Street,-73.99135,40.60041,2024-12-15,2378
b71858f84bf4eae9,147 Seventh Street,-73.63581,40.72517,2024-12-15,2379
2240937c7bfa219f,60 East 42nd Street,-73.97759,40.75213,2024-12-15,2380
d5b472b9fbd7d6d6,3169 Bainbridge,-73.87951,40.87538,2024-12-15,2381
9ef037296c59709b,138 Hillside Avenue,-73.64485,40.75685,2024-12-15,2382
2380a5dab2966ed7,4621 Millennium Drive,-77.79011,42.79832,2024-12-15,2383
d7a5b0ef0cdd8a4f,305 Bowery,-73.99226,40.72502,2024-12-15,2384
00e624dc5b442184,1810 South Road,-73.91209,41.61355,2024-12-15,2385
c586320a7adc268f,1324 York Avenue,-73.95434,40.76604,2024-12-15,2386
9225d7e36707c618,62 Main Street,-74.35878,41.2579,2024-12-15,2387
10448e75f9ee551a,340 Avenue of the Americas,-74.00086,40.73184,2024-12-15,2388
c033a1ab974b768a,675 Co Op City Boulevard,-73.82351,40.87994,2024-12-15,2389
c3ee6f65268b2203,120 Motor Parkway,-73.26165,40.80672,2024-12-15,2390
e26afbb4ddcd3b85,1350 Broadway,-73.9877,40.75108,2024-12-15,2391
688cd507ae2c7ecf,252 Bedford Avenue,-73.96005,40.71566,2024-12-15,2392
95f3dc0aead3ea5f,28-56 Steinway Street,-73.91487,40.76406,2024-12-15,2393
dc6b371d9ae276c0,4080 Nesconet Highway,-73.07221,40.90677,2024-12-15,2394
a001732d99adda0f,126 East 86th Street,-73.95587,40.77961,2024-12-15,2395
61cedfd62c1ea5d6,45 Redfield Street,-76.00288,43.25026,2024-12-15,2396
dad97514b54df5d0,105 Court Street,-75.90993,42.09908,2024-12-15,2397
b4af5253462e9142,38 Indian Head Road,-73.25383,40.88274,2024-12-15,2398
85ad29f6fafbe764,204 West 4th Street,-74.00212,40.73284,2024-12-15,2399
74815a139055ab0b,3069 East Avenue,-76.13315,43.28694,2024-12-15,2400
afb3befe2deff03b,1002 Brighton Beach Avenue,-73.95908,40.5781,2024-12-15,2401
01254672e54135e5,1 South Airmont Road,-74.11483,41.11212,2024-12-15,2402
a506456ac422215f,260 Crittenden Boulevard,-77.62609,43.12188,2024-12-15,2403
d1246ffb1de5046a,522 South Road,-73.91137,41.60903,2024-12-15,2404
eac5a59bf6114a08,156-17 73rd Avenue,-73.81185,40.72749,2024-12-15,2405
02c30bfc59e8f244,245 Merchants Road,-77.54852,43.16013,2024-12-15,2406
f439375f754de4ec,107 Lake Street,-73.75562,41.04017,2024-12-15,2407
fd97561faf1cfcb3,74 Horizon Plaza,-73.88306,40.83758,2024-12-15,2408
773921a2cfeb60b3,171 South Riverside Avenue,-73.88615,41.20161,2024-12-15,2409
29db08475d0b3ab9,308 Cornelia Street,-73.47691,44.69753,2024-12-15,2410
1bfa7d18d8e76c5c,1428 Mermaid Avenue,-73.98244,40.57687,2024-12-15,2411
4badbe0bb7e527ce,360 Park Avenue,-73.97307,40.75858,2024-12-15,2412
07d6d2943f64c452,4311 Middle Settlement Road,-75.34217,43.07441,2024-12-15,2413
96907113be251798,453 East 86th Street,-73.94731,40.77601,2024-12-15,2414
5665342a193f5fae,415 Route 376,-73.80869,41.57841,2024-12-15,2415
7b05dd6fc3e68310,161-5 Dolson Avenue,-74.4256,41.42808,2024-12-15,2416
848f9835aeb29d20,200 New Dorp Lane,-74.11424,40.57287,2024-12-15,2417
239feb5484ac0efe,270 East 137th Street,-73.92776,40.81027,2024-12-15,2418
da2b78e5649c9de9,184-01 Hillside Avenue,-73.77763,40.71414,2024-12-15,2419
79357e03f472b62b,2411 Broadway,-73.97527,40.79001,2024-12-15,2420
877b803307dec1eb,335 Columbus Avenue,-73.97707,40.77988,2024-12-15,2421
84fccabd2f93a683,295-115 Middle Country Road,-73.02704,40.86908,2024-12-15,2422
b9db7bc17780b6f9,128 Brighton Beach Avenue,-73.96738,40.57636,2024-12-15,2423
f72913debdd3affe,1489 Metropolitan Avenue,-73.86075,40.83717,2024-12-15,2424
16d93eefa46bf2e9,1602 Kings Highway,-73.95724,40.60922,2024-12-15,2425
53a491146e56e1a8,110 George Street,-73.48707,43.41694,2024-12-15,2426
234f4dac443c09b7,798 Manhattan,-73.95304,40.72771,2024-12-15,2428
5abb1edeea000729,2195 Central Park Avenue,-73.8346,40.97375,2024-12-15,2429
4ea354fb7c6564f3,7906 Broadway,-73.88571,40.74422,2024-12-15,2430
7722aaf4134860dc,15 Park Avenue,-73.35401,40.82929,2024-12-15,2431
3df60cd617d30870,171 West 57th Street,-73.97971,40.76539,2024-12-15,2432
e7b3a9e3cf242723,20532 Linden Boulevard,-73.74653,40.69604,2024-12-15,2433
8b90aa7a6a95d5c1,412 Route 17M,-74.16994,41.31744,2024-12-15,2434
18007b4743a41257,4201 Avenue D,-73.93691,40.64169,2024-12-15,2435
f3a753fb5d3e0c3f,7888 Brewerton Road,-76.12385,43.15179,2024-12-15,2436
fb86bf7405104415,3478 Boston Road,-73.84743,40.87669,2024-12-15,2437
d4cc5e8170c71685,76 Main Street,-74.17371,41.42213,2024-12-15,2438
c243747b75262b0d,257 East Fordham Road,-73.89547,40.86218,2024-12-15,2439
a251aa476d38901c,117 Broadway,-74.01103,40.70858,2024-12-15,2440
13e31c232ae11091,525 Broadway,-73.99888,40.72291,2024-12-15,2441
110bcac2f6173299,15 Verbena Avenue,-73.7046,40.72388,2024-12-15,2442
794ccf082bc450b2,1480 Forest Avenue,-74.13761,40.624,2024-12-15,2443
c548cd5302e8dc02,67 Purchase Street,-73.68486,40.98399,2024-12-15,2444
e44293aa19284219,47 Main Street,-73.87022,41.03949,2024-12-15,2445
73f3b270d6e94822,696 Upper Glen Street,-73.6659,43.32706,2024-12-15,2446
e2210441a16d776f,120 North Village Avenue,-73.64852,40.66069,2024-12-15,2447
c1e1a7cbad4da566,2898 Broadway,-73.96529,40.80592,2024-12-15,2448
84878cd660c57a58,200 Montague Street,-73.99114,40.69394,2024-12-15,2449
1117fbd94f682a81,112 Midland Avenue,-73.66896,40.99313,2024-12-15,2450
d9acae13f1715c34,1580 Westchester Avenue,-73.87627,40.82902,2024-12-15,2451
09bf79907bde2f45,26 Broadway,-74.01336,40.70566,2024-12-15,2452
4f5a71b508db38e6,445 North Main Street,-78.13053,42.75935,2024-12-15,2453
19137ae03071f448,6120 ROUTE 96,-77.35912,42.97463,2024-12-15,2454
e7ccae7af017f68a,37-15 82nd Street.,-73.88422,40.7492,2024-12-15,2455
866fde0c0a4d7e16,485 Schutt Road,-74.38726,41.44456,2024-12-15,2456
6d5da095044ad887,161 North Plank Road,-74.04017,41.53728,2024-12-15,2457
853ea459eb3c3b6d,2065 Second Avenue,-73.94228,40.79084,2024-12-15,2458
4263f1b79db982c0,241 Route 17 (Orange Turnpike),-74.18478,41.19446,2024-12-15,2459
443d2ba2282af090,1000 Railroad Avenue,-73.71066,40.63398,2024-12-15,2460
29949bc7660e5450,650 US Highway 9W,-74.02094,41.69187,2024-12-15,2461
33b8dfb71afcfd82,666 Forest Avenue,-74.11144,40.62964,2024-12-15,2462
2a3bf3e59aa262f1,8646 State Route 22,-73.26344,43.39521,2024-12-15,2463
86c3e263f662667d,1068 Morris Park,-73.85403,40.84911,2024-12-15,2464
c3abba0b732b012b,550 Broadway,-73.99823,40.72366,2024-12-15,2465
ab6a4c291eca9ae9,523 West Montauk Highway,-73.33964,40.68853,2024-12-15,2466
73b74caf991898ee,248 Montauk Highway West,-72.54856,40.86711,2024-12-15,2467
7fe72ced23c2d9c8,143 Second Avenue,-73.98732,40.72911,2024-12-15,2468
c389ee95016b2a58,163 Main Street,-73.34888,40.90059,2024-12-15,2469
b8e50fb096d3c0c7,674 Titus Avenue,-77.59877,43.21098,2024-12-15,2470
d25c91c865e69561,107-36 71st Avenue,-73.84416,40.72115,2024-12-15,2471
af2d57ad6748bfee,Route 9 North,-73.92243,41.60703,2024-12-15,2472
f5f863e7c20d431a,45 Reade Place,-73.93538,41.69428,2024-12-15,2473
7003baa95c5a9494,2208 West Genesee Street,-76.19982,43.04784,2024-12-15,2474
29a68342f7bb6a0c,196-03 Northern Boulevard,-73.78546,40.75795,2024-12-15,2475
0ee662a9b0236b03,64 North Broadway,-73.85772,41.07844,2024-12-15,2476
35078327e87127d9,158 Greenwich St,-74.01281,40.70995,2024-12-15,2477
4eac0a6e7d58dcd7,5191-6 Sunrise Highway,-73.09126,40.76478,2024-12-15,2478
60cea356403f7af6,4970 Merrick Road,-73.45218,40.66627,2024-12-15,2479
8bae53a3d5f5291f,1180 Second Avenue,-73.96283,40.76267,2024-12-15,2480
9b56df3d1fe6df75,7407 Eliot Avenue,-73.88537,40.72239,2024-12-15,2481
488b9eb86d029ffa,691 Route 25A,-72.97754,40.94345,2024-12-15,2482
bdf577471eb76377,3737 Hempstead Turnpike,-73.49702,40.72567,2024-12-15,2483
7839a1da9cc0ddc9,39 Smith St.,-73.99975,41.09475,2024-12-15,2484
8b939451284c5b42,260 West Sunrise Highway,-73.70969,40.66189,2024-12-15,2485
b9088307c303be3a,9201 3rd Avenue,-74.03271,40.61944,2024-12-15,2486
ad28f34be92325d4,357 East Main Street,-74.39922,41.44527,2024-12-15,2487
f150e4872ba43af6,20 East Main Street,-73.81934,41.05476,2024-12-15,2488
5f244a9424b4713b,220-09 Hillside Avenue,-73.7437,40.7306,2024-12-15,2489
22e9e9d20689d9ad,1292 North Avenue,-73.79537,40.94579,2024-12-15,2490
b29bfcc719114ede,991 Main Street,-73.07466,40.80854,2024-12-15,2491
cb3fbdf3e700b22e,5101 4th Avenue,-74.01318,40.6458,2024-12-15,2492
104dca7c674081e9,2001 Rockaway Parkway,-73.8899,40.63426,2024-12-15,2493
bae784429bac1b18,360 East 57th Street,-73.96319,40.75847,2024-12-15,2494
9ba593c2e6d376a9,13 B Knolls Crescent,-73.91741,40.87882,2024-12-15,2495
6acf337b999aef9f,334 Main Street,-73.44564,40.7314,2024-12-15,2496
cd2c7247bbb72e03,4276 Hempstead Turnpike,-73.47924,40.72523,2024-12-15,2497
8d80b2f7a01c1bcb,770 Lexington Avenue,-73.96759,40.76305,2024-12-15,2498
6c9810e0720b0927,690 Route 25A,-73.11545,40.92965,2024-12-15,2499
1a4bbb68e16f8586,270 North Central Avenue,-73.70979,40.67533,2024-12-15,2500
f86428f238838895,103-48 Lefferts Boulevard,-73.82435,40.6866,2024-12-15,2501
60c3e508bc276d76,2300 West Ridge Road,-77.6887,43.20916,2024-12-15,2502
0657e81849c8b287,147-02 Hillside Avenue,-73.8095,40.70579,2024-12-15,2503
2951d55bdbfe7820,574 Jefferson Shpg Plaza,-73.05334,40.92953,2024-12-15,2504
a666555342b13390,1043 West Boston Post Road,-73.74286,40.94013,2024-12-15,2505
2db9c7be6ae3b66b,125 Cedarhurst Avenue,-73.72424,40.62248,2024-12-15,2506
a91d6afe7ca51088,4024 College Point Boulevard,-73.83412,40.75768,2024-12-15,2507
397d1f421cbb817e,7 West Main Street,-72.66278,40.91693,2024-12-15,2508
dae8bf1b9532865c,92 Main Street,-73.90279,40.93485,2024-12-15,2509
f3533d8e1b872c96,875 Saw Mill River Road,-73.84345,41.01918,2024-12-15,2510
d138b3f3eb74e28b,839 Ninth Avenue,-73.98681,40.76641,2024-12-15,2511
a34ec4e534b7c0b4,2035 Crompond Road,-73.78415,41.27718,2024-12-15,2512
8ce351249a5c1095,2 New Hempstead Road,-73.98983,41.14845,2024-12-15,2513
fb83460e01d6e892,1080 Route 9,-73.76197,43.83597,2024-12-15,2514
0aa9375da6a588d6,805 Port Washington Boulevard,-73.68337,40.82751,2024-12-15,2515
bcfbe2456c931a33,2438 Broadway,-73.97464,40.79057,2024-12-15,2516
99ca25c1dc24875b,824 Hicksville Road,-73.47879,40.69336,2024-12-15,2517
c18e5a03faae1ff2,530 Fifth Avenue,-73.97971,40.7551,2024-12-15,2518
172fd27ebc7ea904,32 Jericho Turnpike,-73.63627,40.75101,2024-12-15,2519
7a68b70d1cd2e13e,15 Atlantic Avenue,-73.67159,40.65648,2024-12-15,2520
49ed1358ac12de8f,150 South Ridge Street,-73.68163,41.00303,2024-12-15,2521
b74f2c210cbd7bdd,104-17 Queens Boulevard,-73.84868,40.72383,2024-12-15,2522
38e0b7d68b21a82b,430 Route 25A,-73.11034,40.93504,2024-12-15,2523
3a528d334f02ce07,900 First Avenue,-73.96583,40.75431,2024-12-15,2524
76dd0f83185de9de,36-63 Main Street,-73.83118,40.76164,2024-12-15,2525
eef3fff2f62cc7be,71 Dutchess Tpke,-73.93577,41.70992,2024-12-15,2526
4021b3530a3790cd,409 Fulton Street,-76.57283,43.32295,2024-12-15,2527
905c949175424103,26 Astor Place,-73.99124,40.72982,2024-12-15,2528
b57d95b478b10075,810 Seventh Avenue,-73.98206,40.76274,2024-12-15,2529
e40ac4c30d5e6887,10 North Village Avenue,-73.64794,40.65677,2024-12-15,2531
ad4d95efd605193c,112-17/19 Liberty Avenue,-73.82975,40.68542,2024-12-15,2532
506d6a982cc891dd,320 Brighton Avenue,-73.96353,40.57717,2024-12-15,2533
9b5a3f50e0793622,556 Main Street,-73.21311,40.72934,2024-12-15,2534
a6b8547132e2ba06,12 North Avenue,-73.82487,41.74494,2024-12-15,2535
226442643683d611,123 Gramatan Avenue,-73.83737,40.91466,2024-12-15,2536
e6317957afb21673,1542 Bellmore Avenue,-73.53968,40.68366,2024-12-15,2537
f7c99c70b285c068,2845 Richmond Avenue,-74.16875,40.57625,2024-12-15,2538
3082feac99d6230d,1000 Mountain Rest Road,-74.13503,41.77892,2024-12-15,2539
54876072504d6150,719 West Nyack Road,-73.97203,41.09389,2024-12-15,2540
6748f4b865294e76,31-05 30th Avenue,-73.92102,40.76671,2024-12-15,2541
aa24feb99907bb54,7102 3rd Avenue,-74.02671,40.63409,2024-12-15,2542
c65b904ea1bb202d,1650 Fifth Avenue,-73.26241,40.76003,2024-12-15,2543
8aeda51b6fb4443d,444 Bedford Road,-73.79095,41.13369,2024-12-15,2544
d397999ba7215312,3619 Broadway,-73.94874,40.82892,2024-12-15,2545
f0bd46eb6698a7f2,15633 Cross Bay Boulevard,-73.84029,40.66311,2024-12-15,2546
a4ff3bdc9bafcf83,2711 Genesee Street,-75.28189,43.07626,2024-12-15,2547
a02f04e3a5b0d2ab,175 East Old Country Road,-73.51206,40.76592,2024-12-15,2548
a6786dd579e333c9,60 Veterans Memorial Highway,-73.28637,40.84186,2024-12-15,2549
a4ee927e38b9271c,4 John Street,-73.41958,40.67905,2024-12-15,2550
b0b709ae81b3e545,343 Broadway,-73.58651,43.2829,2024-12-15,2551
14f429cc11794fa9,73 Broad Street,-73.58188,43.09855,2024-12-15,2552
155f4be0dcb96a32,994 First Avenue,-73.96403,40.75682,2024-12-15,2553
74503569ef4dfd7e,1309 Castle Hill Avenue,-73.85192,40.83443,2024-12-15,2554
528f06a5138b5b90,8418 Bay Parkway,-73.99303,40.6027,2024-12-15,2555
dedd84210b0dbdc1,2210 Nesconset Highway,-73.1247,40.8746,2024-12-15,2556
8af74e8f2f58e1ed,2551 Broadway,-73.97206,40.79446,2024-12-15,2557
ae65bcca0aa6b695,1 Metrotech Center,-73.98723,40.69376,2024-12-15,2558
07a5a6d9bb7e8797,4024 College Point Blvd,-73.83412,40.75768,2024-12-15,2559
3d2ce92425adbb79,8 Catherine Street,-73.99738,40.71374,2024-12-15,2560
aa1e077069052ec5,353 Windsor Highway,-74.05271,41.46115,2024-12-15,2561
1fbca49aa0059b9a,131 East Main Street,-74.15117,41.4262,2024-12-15,2562
62bfdfad73a0d4e0,11420 Jamaica Avenue,-73.83434,40.69854,2024-12-15,2563
2c5268f578f20dfb,40 Leversee Road,-73.65254,42.78517,2024-12-15,2564
d3e44ae1f249d21f,891 Utica Avenue,-73.93009,40.65122,2024-12-15,2565
b2c02c8f61f82705,1912 Mott Avenue,-73.75201,40.60375,2024-12-15,2566
187c5838b42dd2fd,47 Montauk Highway,-72.5254,40.87714,2024-12-15,2567
bd03dc003890bf05,87-03 Queens Boulevard,-73.87567,40.73563,2024-12-15,2568
8de1bded2fed7291,409 Tarrytown Road,-73.79954,41.04195,2024-12-15,2569
d589441704f49877,186 Montague Street,-73.99157,40.69406,2024-12-15,2570
49320dfadb0360cc,726 Grand Street,-73.94365,40.71166,2024-12-15,2571
f26f7dc3dbf8e903,1650 Gun Hill Road East,-73.83821,40.8663,2024-12-15,2572
b3386d1ff6b9c99f,7702 13th Avenue,-74.00877,40.61901,2024-12-15,2573
146e711c982895e6,105 Pelham Road,-73.77431,40.90597,2024-12-15,2574
5eb4b181a7a36fec,339 Aviation Road,-73.69808,43.33035,2024-12-15,2575
16b0d68840e5e81a,346-20 Route 25A,-72.94129,40.94358,2024-12-15,2576
6942bfe5ec075c47,501 Mamaroneck Avenue,-73.75867,41.02265,2024-12-15,2577
d5370fafd46e8a42,162 Fifth Avenue,-73.99041,40.74041,2024-12-15,2578
b2af7cd4f8d71c79,1499 West Avenue,-73.86121,40.83743,2024-12-15,2579
0ef962d5ea6266b8,1025 Madison Avenue,-73.96231,40.77608,2024-12-15,2580
a6c139dd4a124cb2,417 King Street,-73.7648,41.15989,2024-12-15,2581
761530978bf8cf64,355 West Main Street,-73.43114,40.87063,2024-12-15,2582
152f8172fc613fdd,300 West 135th Street,-73.94728,40.81682,2024-12-15,2583
ff90c30755764c22,123 Montcalm Street,-73.4233,43.84876,2024-12-15,2584
0f76aa5b6c14b596,11182 MAPLE RIDGE ROAD,-78.4004,43.20655,2024-12-15,2585
d8f58894706e2b71,131 Main Street,-73.08448,40.73524,2024-12-15,2586
0b6c3164d6609828,2929 Expressway Drive North,-73.19271,40.80981,2024-12-15,2587
342a278457cfb201,621 North Seward Street,-76.55004,42.94328,2024-12-15,2588
b891f0117910ea10,159-17 Jamaica Avenue,-73.79953,40.70362,2024-12-15,2589
9a7fd08b9a140f31,425 William Floyd Parkway,-72.86444,40.78091,2024-12-15,2590
d8d35fc7363130d9,42 Broadway,-74.01303,40.70619,2024-12-15,2591
0f1705b71cc81902,160 Walt Whitman Road,-73.41105,40.82207,2024-12-15,2592
f0c5680db78f42e4,1521 Kings Highway,-73.95741,40.60915,2024-12-15,2593
09cc9415804d9be3,11830 Queens Boulevard,-73.83162,40.71443,2024-12-15,2594
49a049e2917a3bfd,1013 Emery Street,-76.39997,43.3255,2024-12-15,2595
5f7bb5413679e3a0,4 Chase Metro Tech Center,-73.98408,40.6936,2024-12-15,2596
2118d50f4299354d,6820 Rockaway Beach Boulevard,-73.79696,40.59046,2024-12-15,2597
0c7d3092d992c0c5,127 7th Avenue,-73.97638,40.67309,2024-12-15,2598
bc6b00e33624b724,110-36 Merrick Boulevard,-73.78202,40.695,2024-12-15,2599
dfe9802925e4cf38,1000 Nostrand Avenue,-73.95097,40.66407,2024-12-15,2600
6c55164ff62ea4d0,65 Worth Street,-74.00609,40.71699,2024-12-15,2602
a0ada9788a7eb6d0,2875 Broadway,-73.96592,40.80541,2024-12-15,2603
364644df25afa720,2030 Flatbush Avenue,-73.93432,40.62026,2024-12-15,2604
882a4b3dc61113e0,1395  Route 25A,-73.10993,40.93605,2024-12-15,2605
de595a5c7e7c3221,212 Long Beach Road,-73.65606,40.60289,2024-12-15,2606
591056ef29e6c1eb,25 West Main Street,-73.38448,43.02815,2024-12-15,2607
df913f89f87f7c41,4011 Albany Post Road,-73.9312,41.76467,2024-12-15,2608
d84b1dc32131f0b7,1697 Pitkin Ave,-73.91056,40.66973,2024-12-15,2609
c0ca45840cb96cb6,207 Varick Street,-74.00531,40.72879,2024-12-15,2610
cf089fcb3d014330,156 Mount Vernon Avenue,-73.84976,40.91324,2024-12-15,2612
f778d5ed88f7e955,156-02 Agular Avenue,-73.81279,40.72809,2024-12-15,2613
af8635b6054ae59e,445 South Oyster Bay Boad,-73.50152,40.781,2024-12-15,2614
a9838e23d17c2882,3940 Broadway,-73.94095,40.83924,2024-12-15,2615
3face980c34aafb2,25621 Union Turnpike,-73.71447,40.74575,2024-12-15,2616
adac85ac328b3dfd,232 East Hartsdale Avenue,-73.79658,41.01136,2024-12-15,2617
d294c60c87f3eabb,101 Barclay Street,-74.01273,40.71411,2024-12-15,2618
abef296b79d93b4f,34-15 Francis Lewis Boulevard,-73.78924,40.76576,2024-12-15,2619
52937949a9ea2cfd,386 Park Avenue South,-73.98447,40.74285,2024-12-15,2620
f4654ba072496c21,790 Montauk Highway,-72.80835,40.80273,2024-12-15,2621
3ee6d95c3b49feb4,404 Woodbury Road,-73.50117,40.78412,2024-12-15,2622
e99009479060b0a4,111 Main Street,-73.66501,40.64126,2024-12-15,2623
d0122be1e9f42fa9,110 Covert Avenue,-73.68851,40.71982,2024-12-15,2624
141faeab71c3fde6,110 West Broadway,-74.00873,40.71617,2024-12-15,2626
c459643daa0e4b62,140 Katonah Avenue,-73.68405,41.25768,2024-12-15,2627
ebd366cd892b21db,42-11 Bell Boulevard,-73.76994,40.76245,2024-12-15,2628
2957823b3ede1423,13858 ROUTE 31,-78.22592,43.23471,2024-12-15,2629
2080b49cceb47df2,535 East Boston Post Road,-73.72878,40.95125,2024-12-15,2630
11328e3d4df87d3e,131 East 57th Street,-73.96965,40.76118,2024-12-15,2631
878331a0a4792785,3 Central Plaza,-75.03613,43.01633,2024-12-15,2632
96293afa6a123a6c,2 West Road,-73.82708,41.74433,2024-12-15,2633
f7f82154a03ce7ce,102 South Main Street,-73.99006,41.14384,2024-12-15,2634
1f837bfbdb47aaab,1946 Pleasantville & Underhill Roads,-73.84727,41.16479,2024-12-15,2635
5c63d2bbee415ab6,2512 Avenue U,-73.94626,40.59994,2024-12-15,2637
f9d9ca3185b36a9e,7424 13th Avenue,-74.00727,40.62044,2024-12-15,2638
b5f21394e41fb7ad,4169 Elmcrest Road,-76.22607,43.13616,2024-12-15,2639
0dcaf5dbbafd4a1c,60 North Country Road,-73.05461,40.93783,2024-12-15,2640
df79bb1dce0506af,115 Temple Hill Road,-74.05912,41.45511,2024-12-15,2641
138deae383c24432,30 Hawkins Drive,-74.20986,41.51361,2024-12-15,2642
f99e684ec6608c53,4028 College Point Boulevard,-73.83425,40.75809,2024-12-15,2643
6b604cf0b76c3cf4,219 East 42nd Street,-73.97329,40.75025,2024-12-15,2644
49a0af342a42de61,365 Broadway,-73.47999,40.74311,2024-12-15,2645
0d3cb8132d3fde3e,615 Eighth Avenue,-73.99083,40.75581,2024-12-15,2646
d02b0fa46e059d65,1755 University Avenue,-73.91598,40.8502,2024-12-15,2647
e96709a1058d9c50,95-01 63rd Drive,-73.86278,40.72942,2024-12-15,2648
f9b6b0ec3a045a00,2252 State Route 9,-73.71299,43.41673,2024-12-15,2649
32ec2091440e2ae8,1901 86th Street,-74.00026,40.60581,2024-12-15,2650
c53f88312b67d215,89 Main Street,-77.05753,42.95763,2024-12-15,2651
4eac7575879a9d62,360 South Broadway,-73.86208,41.06448,2024-12-15,2652
660b48101193e0c9,535 MAIN STREET,-78.42715,42.0903,2024-12-15,2653
81064d6232e82b38,51 West 51st Street,-73.97885,40.76005,2024-12-15,2654
4e1dd4ae002ac169,130 Portion Road,-73.10881,40.82633,2024-12-15,2655
048cbde173500dd5,315 West Main Street,-73.43094,40.87067,2024-12-15,2656
7511557f649979eb,5020 Route 9W,-74.02002,41.5212,2024-12-15,2657
e9b10e1bb303d9b0,850 Third Avenue,-73.97016,40.75662,2024-12-15,2658
d04c9b32f2e7786f,405 Main Street,-72.79434,40.80033,2024-12-15,2659
a7c3d73e9836ef13,102-20 Atlantic Avenue,-73.84183,40.68989,2024-12-15,2660
563b172d6f59c592,41-77 Kissena Boulevard,-73.82717,40.75718,2024-12-15,2661
e5278d5df00b2be1,775 Columbus Avenue,-73.9668,40.7939,2024-12-15,2662
e858ad129d607b87,69-55 Grand Avenue,-73.89365,40.72694,2024-12-15,2663
30a61b0cee36b979,1350 Boston Post Road,-73.74811,40.93501,2024-12-15,2664
fb4eb1d16dfba982,12 East 86th Street,-73.95929,40.78106,2024-12-15,2665
79a4748331629ba6,60 Great Neck Road,-73.72851,40.78557,2024-12-15,2666
eafaf65769795bb5,31 West Main Street,-73.32395,40.69676,2024-12-15,2668
5742b5b1b2718ef3,120 Main Street,-73.06869,40.94596,2024-12-15,2669
5159dad9bfa6e52b,251 Higbie Lane,-73.30639,40.70906,2024-12-15,2670
f95ca5aafeb544da,82-39 153rd Avenue,-73.85083,40.66625,2024-12-15,2671
48b32f178b6cfa0f,755 Library Road,-77.62761,43.12909,2024-12-15,2672
9ae342b0b4d78bfe,371 Tarrytown Road,-73.79652,41.04281,2024-12-15,2673
e838b12d22f60283,14 Sussex Street,-74.69263,41.37458,2024-12-15,2674
338a8d8005c6ee01,86 Court Street,-73.99164,40.69122,2024-12-15,2675
c63aa2e61358e4b3,601 Portion Road,-73.08935,40.83181,2024-12-15,2677
d5b7b170835eb6c4,275 South Street,-73.53157,40.86673,2024-12-15,2678
a6d5099b1414c430,1764 Rockaway Parkway,-73.895,40.63857,2024-12-15,2679
3bec89c3290acdfb,270 Saw Mill River Road,-73.87764,40.94625,2024-12-15,2680
fe0885c145d38205,8 East Parkway,-73.80812,40.98915,2024-12-15,2681
c75c2200ac43584b,1509 Foster Avenue,-73.96277,40.63422,2024-12-15,2682
3a7f8bdcf61e6979,449 Route 9,-73.88997,41.51879,2024-12-15,2683
b6d5da0c43b850fe,471 West 42nd Street,-73.99481,40.75935,2024-12-15,2684
da4c3624add2393d,5323 5th Avenue,-74.01249,40.64301,2024-12-15,2685
5983be70abf4d9d2,4 Tucker Drive,-73.8888,41.7019,2024-12-15,2686
192f82bca871253a,1025 Brown Street,-73.91882,41.28994,2024-12-15,2687
1c176e10dc439529,1745 Broad Hollow,-73.42208,40.7444,2024-12-15,2688
8ecb163b49047629,71-41 Main Street,-73.82181,40.72689,2024-12-15,2689
054d82a1b07d7487,115 Main Street,-73.69035,40.83094,2024-12-15,2690
8f8ba5c4f7ed6da7,35 Jericho Turnpike,-73.56552,40.77731,2024-12-15,2692
421bcb77ab57ca9c,225 Park Avenue South,-73.98841,40.73726,2024-12-15,2693
d4fe06c37b30b175,"256 Plaza Road, Kingston Plaza",-74.01691,41.9366,2024-12-15,2694
374db83981254ff5,35 East Main Street,-75.52048,42.5315,2024-12-15,2695
3e6211676e0999fc,202 Canal Street,-73.99851,40.71706,2024-12-15,2696
9a9f705c23c00c55,56 Lake Road,-73.93956,41.15009,2024-12-15,2697
9500a0623b01924e,534 Broad Hollow Road,-73.42201,40.77413,2024-12-15,2698
3182b2be9278fda7,546 Route 111,-73.2183,40.81513,2024-12-15,2699
b47d5a2d1fe2d1df,608 Columbus Avenue,-73.77241,41.11277,2024-12-15,2700
05e9bbe43e8720e5,273 Route 32,-74.12157,41.33199,2024-12-15,2701
543396ff80961869,1 City Place,-73.7648,41.03285,2024-12-15,2702
7f29a6075eb67971,5115 Metropolitan Avenue,-73.91497,40.71348,2024-12-15,2703
f651348b5012bd56,385 Route 25A,-72.98751,40.94206,2024-12-15,2704
4fc2deea2dfa4bf0,854 Pelham Parkway,-73.81885,40.89267,2024-12-15,2705
f4ae2d1766c59421,17562 Hillside Avenue,-73.78573,40.71218,2024-12-15,2707
2c9e9591a6481b21,354 Avenue of the Americas,-74.00063,40.73214,2024-12-15,2708
c0dd30602d0e437c,819 Grand,-73.9402,40.71206,2024-12-15,2709
979cde1af2a777b2,35 Fifth Avenue,-73.80946,40.91175,2024-12-15,2710
1553b41144e23d39,250 South Middletown Road,-74.01471,41.08696,2024-12-15,2711
bf0bf29c1033eab6,865 Fairport Road,-77.48214,43.10211,2024-12-15,2712
a1b39e3765f20c3f,80 Broadway,-73.3646,40.86848,2024-12-15,2713
a1bb1cd2d1094766,7471 State Fair Boulevard,-76.29988,43.132,2024-12-15,2714
ea79bfabb09123ab,3380 Monroe Avenue,-77.53669,43.10201,2024-12-15,2715
f3872069fc14f88e,3200 Broadway,-73.95802,40.81589,2024-12-15,2716
8548bd77a3657b13,2368 Central Park Avenue,-73.83076,40.97792,2024-12-15,2717
40ca85d398473895,180 Canal Street,-73.99765,40.71678,2024-12-15,2718
e65a47f7aaef3414,2 Park Avenue,-73.98213,40.74611,2024-12-15,2720
a060bc1e4f470a8a,62 Main Street,-73.82706,40.94994,2024-12-15,2722
2b2e8d15f5d2c661,1735 Peninsula Boulevard,-73.68991,40.64952,2024-12-15,2723
330dac83b803f29c,250 Park Avenue,-73.97591,40.75469,2024-12-15,2724
8489ccb57cb5802c,2003 Albany Post Road,-73.90868,41.22794,2024-12-15,2725
1e28843099b38d5f,76 East 161 Street,-73.92479,40.82729,2024-12-15,2726
7cac639461e6736e,410 Northern Boulevard,-73.72238,40.77912,2024-12-15,2727
c26f82055cd3cb48,2586 South Road (Route 9),-73.9293,41.66567,2024-12-15,2728
967ad8c1a3c0a424,3875 Merrick Road,-73.48786,40.66636,2024-12-15,2729
9d737ad65b58e9d7,1157 West Route 104,-76.32066,43.48492,2024-12-15,2730
91a8ae96598d5d51,2205 Central Park Avenue,-73.83418,40.9745,2024-12-15,2731
781ac50436a1623e,11 Hugh J. Grant Circle,-73.86127,40.83354,2024-12-15,2732
216b3eb85bab0165,3008 Buhre Avenue,-73.83165,40.84722,2024-12-15,2733
8561e00af7881e03,1696 Merrick Road,-73.55974,40.65392,2024-12-15,2734
df461a87a50e7ae1,2 Terrace Drive,-73.667563,41.411551,2024-12-15,2735
4de488e5e19e0705,1575 East Henrietta Road,-77.61068,43.08943,2024-12-15,2736
1352c3d9bf7e3c00,2130 Chili Avenue,-77.68711,43.13179,2024-12-15,2737
716494a4e6bb17a8,3515 Broadway,-73.95109,40.8257,2024-12-15,2738
ccddd7109546ee7a,257-15 Union Turnpike,-73.7139,40.74605,2024-12-15,2739
2ea094089a4476f9,501 Bellmore Avenue,-73.56842,40.70558,2024-12-15,2740
8542dcdcb8280a58,249 North Main Street,-76.00085,43.07791,2024-12-15,2741
252b44797fe896a9,Route 9 & IBM Road,-73.9285,41.65136,2024-12-15,2742
e9ffd6f5d680906c,1051 Westchester Avenue,-73.8922,40.82455,2024-12-15,2743
13125329627f193e,566 North Broadway,-73.76998,41.05259,2024-12-15,2744
356412d2b9089db4,85 Forest Avenue,-73.59898,40.87565,2024-12-15,2745
c8146222eaa27801,74 Pondfield Road,-73.83338,40.9404,2024-12-15,2746
e3b381166897c5fd,6102 8th Avenue,-74.01027,40.63479,2024-12-15,2747
92c6b11e86f7ed8d,35 Niver Street,-73.69736,42.75893,2024-12-15,2748
1ab096cf4c040b32,136 Front Street,-73.98719,40.70243,2024-12-15,2749
8aab083219a6fa81,10 Farber Drive (#49) Bellport Outlet,-72.94999,40.79063,2024-12-15,2750
daa50d8482ae5a79,331-337 South End Avenue,-74.01611,40.7108,2024-12-15,2751
420f84febfb87044,715 Route 304,-73.99347,41.12008,2024-12-15,2752
a6b9207971a16750,615 Grand Avenue,-73.32041,40.7592,2024-12-15,2753
43f43788a9ab39f2,2111 Northern Boulevard,-73.66943,40.79726,2024-12-15,2754
91fbb697603ac396,66 Main Street,-77.93851,43.21525,2024-12-15,2755
966d7d76d6980902,39-02 Main Street,-73.83041,40.76014,2024-12-15,2756
b70be8315f633f9d,230 Saw Mill River Road,-73.80227,41.18757,2024-12-15,2757
2661db95335e19fa,138-02 Queens Boulevard,-73.81859,40.70819,2024-12-15,2758
f39b7274106e3e99,75 Main Street,-74.3013,41.60922,2024-12-15,2760
c7e44fc58023e727,1545 Flatbush Avenue,-73.94812,40.63324,2024-12-15,2761
fd30e14f452db2c3,14417 Union Turnpike,-73.81658,40.71788,2024-12-15,2762
4bbe598e35280486,1260 Broadway,-73.98814,40.74847,2024-12-15,2763
c69a4d184dad27e6,769 Broadway,-73.9919,40.73116,2024-12-15,2764
944c6857fcf60dd2,250 Glen Street,-73.64601,43.31068,2024-12-15,2765
d11dac5f47bb0655,1151 Hylan Boulevard,-74.08123,40.59862,2024-12-15,2766
71db297a0b750166,100 Canal Street,-74.326,41.40302,2024-12-15,2767
646f87fa05ff420e,550 Jericho Turnpike,-73.49648,40.81052,2024-12-15,2768
c0e2f4c31c997197,1657 Richmond Road,-74.10132,40.58956,2024-12-15,2769
6a2d240d07aedf5e,147 Saratoga Avenue,-73.63989,43.28665,2024-12-15,2770
d8721eb786dbad6b,537 East Main Street,-73.23092,40.72823,2024-12-15,2771
7a59c54c534a04d9,301 Columbus Avenue,-73.9778,40.77889,2024-12-15,2772
a826e6fd60874ba4,501 Second Avenue,-73.97849,40.74123,2024-12-15,2773
1636e6508dad0ce9,3767 75th Street,-73.89054,40.74722,2024-12-15,2774
7d8fc37fb82fd0f3,160 Columbus Avenue,-73.98095,40.77457,2024-12-15,2775
2b2910520319fff7,1702 Avenue U,-73.9543,40.59905,2024-12-15,2776
e4abab70b6196524,165-40 Baisley Boulevard,-73.77766,40.67842,2024-12-15,2777
e82b5abea5746eda,211 South Plank Road,-74.07204,41.52708,2024-12-15,2778
143681eecb961e84,145 Fifth Avenue,-73.99061,40.74014,2024-12-15,2779
7c8ab99026fd3a3b,455 Mill Road,-73.70541,40.644,2024-12-15,2780
f8a4131e317a2736,1580 Route 52,-73.87121,41.54453,2024-12-15,2781
c0f0febfc88c850b,567 North Broadway,-73.77028,41.05273,2024-12-15,2782
c6bc41de4a8fd112,2 Plattekill Avenue,-74.08498,41.74792,2024-12-15,2783
1dfa87f3a064acfc,159-61 5th Avenue,-73.97947,40.67782,2024-12-15,2784
df74b022c29b4f86,2623 East 17th,-73.95218,40.58757,2024-12-15,2785
0dbc3ca137c7b4a5,191 Mamaroneck Avenue,-73.76476,41.0281,2024-12-15,2786
e23c86b75d36316f,34 Popham Road,-73.80774,40.98868,2024-12-15,2787
719be0258ee316ef,110 West Fayette Street,-76.15275,43.04869,2024-12-15,2789
fb57ff0f5129ca2c,184 Main Street,-77.69607,42.56167,2024-12-15,2790
36d5b37735163dac,919 Third Avenue,-73.96816,40.75939,2024-12-15,2791
f7c764c54af6d46e,603 Jericho Turnpike,-73.49465,40.81185,2024-12-15,2792
6e96369cbda2afdd,233 Third Avenue,-73.9848,40.73657,2024-12-15,2793
f23a39065f37ead4,350 Hillside Avenue,-73.69701,40.74093,2024-12-15,2794
945208647f4751c7,600 Doctors Path,-72.6636,40.95415,2024-12-15,2795
39ea8abdf0f421ac,1315 Peninsula Boulevard,-73.70263,40.6441,2024-12-15,2796
74d94768f5a21061,2159 Fairport Nine Mile Point Road,-77.44184,43.12897,2024-12-15,2797
57df2df8f23ccd6a,9313 3rd Avenue,-74.03315,40.61836,2024-12-15,2798
98dc7dc2beb2073c,4124 Pearsall Street,-77.18576,43.23217,2024-12-15,2799
1b9d13847cf5e0d9,265 Route 202,-73.6864,41.32833,2024-12-15,2800
6f135b1999538b4b,324 Main Street,-73.96935,41.50471,2024-12-15,2802
69884c77f6a11202,2102 Middle Country Road,-73.0867,40.85805,2024-12-15,2803
5fdb62a25079ff22,166 Bleecker Street,-73.9999,40.72852,2024-12-15,2804
1e5ddbf0de03261d,1090 Hicksville Road,-73.48058,40.6961,2024-12-15,2805
0606276cba1cdd49,725 East 233rd Street,-73.85644,40.89327,2024-12-15,2806
92006ef15dc822b0,6701 Bay Parkway,-73.98291,40.6124,2024-12-15,2807
fd51be458972a16f,654 Exterior Street,-73.9305,40.82004,2024-12-15,2808
f2dd2cd73acbb4b9,66-94 Fresh Pond Road,-73.89662,40.70589,2024-12-15,2809
c128cfa7137b517a,58 West Ramapo Road,-74.00999,41.19896,2024-12-15,2810
5f97e754fc075a5e,721 Amsterdam Avenue,-73.97076,40.79352,2024-12-15,2811
a2f366b6fbc9de24,One Third Street,-73.82307,43.24443,2024-12-15,2812
95b029133e3fba5b,107-15 CONTINENTAL AVENUE,-73.84449,40.72065,2024-12-15,2813
64dc88e29eabcac7,179 East 116th Street,-73.94051,40.79816,2024-12-15,2814
aae9e28b849abedc,1620 Route 22,-73.57545,41.42931,2024-12-15,2815
db0f664332ff0285,95-38 Queens Boulevard,-73.86331,40.73027,2024-12-15,2816
cba10ee9e3e94308,1948 Deer Park Avenue,-73.33104,40.76409,2024-12-15,2817
a05f4006680a0c2c,500 Joseph C. Wilson Boulevard,-77.61957,43.13333,2024-12-15,2818
ea6bebf74edabdea,122 North Main Street,-73.66187,41.00243,2024-12-15,2819
562628fdd15b6bc1,655 Old Country Road,-72.66538,40.93452,2024-12-15,2820
7fadebf5432a733c,4040 Veteran's Memorial Highway,-73.1028,40.78258,2024-12-15,2822
e946d8f56d22f713,132 Main Street,-73.49994,43.09062,2024-12-15,2823
aaaa51d0e2e7ef55,244 East 86th Street,-73.95199,40.77798,2024-12-15,2824
337a1195027c902e,186 East 86th Street,-73.95422,40.77892,2024-12-15,2825
d4869aa7242d0c81,2754 Hylan Boulevard,-74.11451,40.56426,2024-12-15,2826
146e318fd4a25fe0,85 Farmingdale Road,-73.34678,40.70599,2024-12-15,2827
a76f544343487f12,645 William Floyd Parkway,-72.86789,40.80261,2024-12-15,2828
05ab2d303f22e1fc,391 Eastern Parkway,-73.95547,40.67051,2024-12-15,2829
061a3b3f7465000d,249 North Broadway,-73.52873,40.77694,2024-12-15,2830
6e0e7a00160c361a,3514 White Plains Road,-73.86593,40.87778,2024-12-15,2831
7bb6dcf2549c4eee,51-20 Northern Boulevard,-73.90991,40.75298,2024-12-15,2832
ec540583eb605ee3,681 Newbridge Road,-73.53643,40.74235,2024-12-15,2833
83fb5b6541f583a5,333 East 23rd Street,-73.97934,40.73724,2024-12-15,2834
dcd389a1ffb8e27c,316 South Main Street,-73.99045,41.1363,2024-12-15,2835
d0c37b5a19b9477c,132-01 14th Avenue,-73.83614,40.78628,2024-12-15,2836
0c9b812873164ea6,99-00 Metropolitan Avenue,-73.85354,40.7109,2024-12-15,2837
6dc7b6fba792b2fc,260 Columbus Avenue,-73.97869,40.77767,2024-12-15,2838
5c6efbe2e23072ef,430 E. Main Street,-73.23018,40.72699,2024-12-15,2839
c9d7456a0dcfaa2b,511 Gramatan Avenue,-73.83605,40.92452,2024-12-15,2840
424f086b24e4ff11,1501 Avenue M,-73.95981,40.61803,2024-12-15,2841
d59593f9ce1be0cc,6363 108th Street,-73.84978,40.73331,2024-12-15,2842
4591364a99a6d3fa,925 Hempstead Turnpike,-73.67455,40.70732,2024-12-15,2843
63bc264fb7449ea1,201 Auto Park Place,-74.06123,41.50327,2024-12-15,2844
932488cb2d5eb824,245 Seventh Avenue,-73.99503,40.74494,2024-12-15,2845
f03cfab5cf0cb1b1,15 Union Square West,-73.99131,40.73572,2024-12-15,2846
dfe8ba97ea2496d2,1330 Pennsylvania Avenue,-73.88227,40.64821,2024-12-15,2847
ed2b92213021ad51,247-20 Jamaica Avenue,-73.72116,40.72498,2024-12-15,2848
1347ea85a77864c8,1221 Madison Avenue,-73.95786,40.78216,2024-12-15,2849
665477716edfdbc9,2145 Ralph Avenue,-73.91619,40.62581,2024-12-15,2850
bdae322c058261b9,993 Second Avenue,-73.9673,40.75657,2024-12-15,2851
4e23a4f104c71d76,212 Main Street,-73.32739,43.17349,2024-12-15,2852
5aad93479989a539,4616 13th Avenue,-73.99075,40.63634,2024-12-15,2853
768a20c0f7a0f620,3917 Lake Avenue,-77.62064,43.24206,2024-12-15,2854
fbf1d647ac662c72,240 West Seneca Street,-75.98535,42.99711,2024-12-15,2855
bbbcb6e8af139525,66 Main Street,-72.18595,40.96243,2024-12-15,2856
50b44975f2c0bb8d,5501 Bartell Road,-76.13795,43.23333,2024-12-15,2857
bc8da262128059ab,885 U.S. Route 11,-76.15251,43.30065,2024-12-15,2858
2ae7e719936ad209,785 Broadway,-73.99174,40.73135,2024-12-15,2859
3a81d9155c4e36cb,1801 Second Avenue,-73.94844,40.7824,2024-12-15,2860
0732da27b9767ae3,333 Route 303 & Orangeburg Road,-73.94521,41.04681,2024-12-15,2861
46fb550dbc6299f2,695 East Tremont Avenue,-73.89141,40.84556,2024-12-15,2862
325943cfe5d91186,402 Myrtle Avenue,-73.96961,40.69311,2024-12-15,2863
a842d6c7c51c2c25,953 Union Avenue,-74.07322,41.49589,2024-12-15,2864
499be50794e4ed1a,570 West 207th Street,-73.92043,40.86649,2024-12-15,2865
d7652cce37f72e40,55 East Main Street,-73.72698,41.20769,2024-12-15,2867
6d312f5125b800e1,277 Park Avenue South,-73.98711,40.73906,2024-12-15,2868
bcc5b1f9ae1702e8,335 Rockaway Turnpike,-73.7365,40.62662,2024-12-15,2869
b1b18422d44e0cee,25 Nugent Street,-72.39074,40.88679,2024-12-15,2870
190255c40bf6f4bd,1150 Knollwood Road,-73.80001,41.0716,2024-12-15,2871
0d6c67b1a08529af,3400 Bainbridge Avenue,-73.87879,40.88015,2024-12-15,2872
9090c47234b7b678,235 Rockaway Avenue,-73.69977,40.66104,2024-12-15,2873
ee71d10dcf38b7f4,219-01 Jamaica Avenue,-73.73595,40.71824,2024-12-15,2874
b59764528cdc5616,"845 Route 17M, Suite 10",-74.19283,41.33664,2024-12-15,2875
752eaff4f729fc0c,201 East 79th Street,-73.95704,40.77419,2024-12-15,2876
996585db0c725385,55 West Jericho Turnpike,-73.41241,40.82886,2024-12-15,2877
18e9e73d5223769e,637 Main Street,-73.92848,41.02966,2024-12-15,2878
4b60317d3738e146,5015 Church Avenue,-73.92967,40.65187,2024-12-15,2879
a1e291460e238897,2430 North Ocean Avenue,-73.02166,40.82954,2024-12-15,2880
de4997dce69987bb,235 Main Street,-73.76599,41.03288,2024-12-15,2881
8ac022ff8697761c,368 Hempstead Avenue,-73.66736,40.67776,2024-12-15,2882
46098eac993b33ac,2824 Broadway,-73.9669,40.80373,2024-12-15,2883
b871a2d64d0d04a2,754 Manor Road,-74.12194,40.60908,2024-12-15,2884
eb40bc5e3186e02c,1800 Brentwood Road,-73.24645,40.7787,2024-12-15,2885
56fa632c4177a349,8921 Queens Boulevard,-73.87373,40.73466,2024-12-15,2886
4674c63b90d1ac28,16 East Main Street,-73.72821,41.20856,2024-12-15,2887
7026af115a7778d0,1499 Canandalgua Road,-77.31983,43.0627,2024-12-15,2888
0896dde605d1f0ba,1756 Crosby Avenue,-73.83196,40.84642,2024-12-15,2889
e4bb6b408b198d4a,675 Middle Neck Road,-73.73494,40.805,2024-12-15,2890
d5e4e959e61e32b9,1850 South Winton Road,-77.57468,43.10912,2024-12-15,2891
9851178ca2892dd0,39-01 Main Street,-73.83035,40.76002,2024-12-15,2892
e8948fe6b1a98952,5926 Woodside Avenue,-73.90463,40.74515,2024-12-15,2893
5c15e1c960333466,148 Mamaroneck Avenue,-73.76509,41.02883,2024-12-15,2894
6d9ff97864f84232,595 Sunrise Highway,-73.34941,40.71363,2024-12-15,2895
a6f69d1044d54976,250 Route 9W,-73.98313,41.20245,2024-12-15,2896
ab96252dfd3dfbd6,225 Fifth Avenue,-73.98797,40.74376,2024-12-15,2898
d680970e542325dc,360 Route 17M,-74.165938,41.314736,2024-12-15,2899
66804525e2f4a558,2752 Sunrise Highway,-73.52482,40.66877,2024-12-15,2900
5e48cd6c9bb7e501,322 West 125th Street,-73.95196,40.8105,2024-12-15,2902
0c986426ed7e4aa1,2401 Ralph Avenue,-73.91724,40.6193,2024-12-15,2903
a128994751a3953a,111-18 Liberty Avenue,-73.83048,40.68496,2024-12-15,2904
0e3aec645b5474c8,1 Chase Manhattan Plaza,-74.00994,40.70754,2024-12-15,2905
dd518c433829788b,1825 East Main Street,-73.89578,41.29604,2024-12-15,2906
0d74ee4e544034d2,353 North Central Avenue,-73.79066,41.02856,2024-12-15,2907
22a1ba7e80b957c1,1460 Route 9,-73.90711,41.58866,2024-12-15,2908
7372c488966c8f0e,325 9th Street,-73.98566,40.66888,2024-12-15,2909
2eb2107294f14b12,181 East 90th Street,-73.95239,40.7815,2024-12-15,2910
98bc632e1b276d25,4210 Sunrise Highway,-73.47757,40.67525,2024-12-15,2911
058fe089fadb3159,239-39 Linden Boulevard,-73.72307,40.68987,2024-12-15,2912
9ff4f6abd3fc8d29,37-94 103rd,-73.86316,40.75079,2024-12-15,2913
fc90e12abea3c9ac,73 Purchase Street,-73.68482,40.98423,2024-12-15,2914
f901d26008554e80,519 Hooper Road Suite 7,-76.01845,42.11804,2024-12-15,2915
2ab24549b2ad96ab,660-662 Central Park Avenue,-73.81491,40.99959,2024-12-15,2918
30a8925e24f7d8a1,163-20 Northern Boulevard,-73.80216,40.76092,2024-12-15,2919
80844ec818a54abc,498 Fashion Avenue,-73.98941,40.75259,2024-12-15,2920
870220a49069d170,1 Maggiacomo Lane,-73.82429,41.74392,2024-12-15,2921
9ba594c65662cfb4,124 Route 303,-73.94156,41.1176,2024-12-15,2922
d0da8fbbd538e3d1,2070 Route 52,-73.82979,41.54439,2024-12-15,2923
19d1ad184c3c688a,285 Main Street,-73.92751,41.70368,2024-12-15,2924
885182ebb0766ea1,1064 Old Country Road,-73.47118,40.77627,2024-12-15,2925
4d892bd85636d088,195C Forest Avenue,-73.61969,40.87469,2024-12-15,2926
756f88820fb75ba1,11 Marshall Road,-73.90443,41.59013,2024-12-15,2927
6c353862b348e15d,12 Ashford Avenue,-73.86831,41.01531,2024-12-15,2928
ae819b8403f5a8b2,10300 Main Road,-72.53735,40.9849,2024-12-15,2929
6daf3cc514da6c09,895 Merrick Road/Montauk Highway,-73.39341,40.66888,2024-12-15,2930
a3c4d0a9a35c3270,22 West First Street,-73.83834,40.91137,2024-12-15,2931
d70baeb572f70830,1402 Avenue J,-73.96213,40.62509,2024-12-15,2932
f5874102a412f07a,214 South Highland Avenue,-73.86174,41.14444,2024-12-15,2933
60483367b8d2735b,1495 York Avenue,-73.95028,40.77161,2024-12-15,2934
cdd754782de90164,101 Court Street,-73.99179,40.69091,2024-12-15,2935
f69c645e83af8727,280 Page Avenue,-74.23434,40.51714,2024-12-15,2936
c0a3c1fc92c29b4f,6510 Avenue U,-73.91121,40.61716,2024-12-15,2937
79d2bc331c28a621,1222 Nepperhan Avenue,-73.87209,40.9649,2024-12-15,2938
cb09487bc0660acc,466 Lexington Avenue,-73.97441,40.75368,2024-12-15,2939
268c6a83e88d6b8b,23-98 Bell Boulevard,-73.77701,40.78005,2024-12-15,2940
d238acaf306cc372,1071 Old Country Road,-72.67583,40.93236,2024-12-15,2941
93f4ad1166a4f9b8,1345 Old Northern Boulevard,-73.64958,40.80029,2024-12-15,2942
7a744a04fb4907b9,60 Main Street,-72.38945,40.88566,2024-12-15,2943
1ca944142e709a48,506 Kings Highway,-73.97121,40.60429,2024-12-15,2944
d7f28af09f1d2b2e,1450 Old Country Road,-72.69357,40.92629,2024-12-15,2945
0ec1af1bd81eed2c,99 Madison Avenue,-73.98513,40.74478,2024-12-15,2946
7f248d9d3b5991cc,2626 Hylan Boulevard,-74.11222,40.56792,2024-12-15,2947
db88af35de5e3115,10 Marble Avenue,-73.78205,41.124,2024-12-15,2948
71131df48e192cc2,39 North Main Street,-74.77016,43.10294,2024-12-15,2949
b38edce9806d531d,861 Montauk Highway,-73.11875,40.73683,2024-12-15,2950
776caa12e7ea6926,42 Church Street,-75.46787,44.33523,2024-12-15,2951
88c7dd985e592ca5,731 Montauk Highway,-71.945,41.0342,2024-12-15,2952
b73de432898f97ec,159-18 Northern Boulevard,-73.80585,40.76302,2024-12-15,2953
cb8a76a057b9a37b,50 Fifth Avenue,-73.80967,40.91136,2024-12-15,2954
cd1b53fa61b00734,76-27 37th Avenue,-73.88911,40.74924,2024-12-15,2955
45a155e65da899c1,67 Lafayette Avenue,-74.15136,41.11543,2024-12-15,2956
a929fc5576d82e2e,7427 5th Avenue,-74.02253,40.62977,2024-12-15,2957
312a7a5c77ac0acb,12 Graham Avenue,-73.94219,40.70121,2024-12-15,2958
fb04170008e78f41,9601 Foster,-73.90641,40.64785,2024-12-15,2959
d57030d980c60e1b,1127 Wicker Street / Route 9N,-73.43819,43.85667,2024-12-15,2960
27ffff106d3718f6,187-08 Horace Harding Boulevard,-73.78716,40.74045,2024-12-15,2961
8270be90e505afd0,270 North Avenue,-73.78262,40.91179,2024-12-15,2962
e98f358a84420084,483 South Road,-73.93147,41.68931,2024-12-15,2963
8d9ad6edb0ab1e72,1120 Avenue of the Americas,-73.9834,40.7558,2024-12-15,2964
7b9c617b3b5eb170,1100 Third Avenue,-73.96404,40.76499,2024-12-15,2965
5d662c15667d6cd7,5754 Page Place,-73.91792,40.72014,2024-12-15,2966
cd452b3b7ac66b99,201 Post Avenue,-73.58784,40.75592,2024-12-15,2967
da90336d6f4c6ee3,271 Main Street,-73.96567,41.36984,2024-12-15,2968
7d27ea446a2d0ee6,2110 Ralph Avenue,-73.91814,40.62581,2024-12-15,2969
6c104308f11b5f21,676 Sunrise Highway,-73.6117,40.65516,2024-12-15,2970
2b0a6a89dbd663b2,115 Broad Hollow,-73.41355,40.78939,2024-12-15,2971
5eb5108d7fde2a90,95A River Road Extension,-74.13981,41.31308,2024-12-15,2972
cd4eda21aefe869b,910 Front Street,-75.90594,42.13069,2024-12-15,2973
c54d5b72701cab17,123 East Route 59,-74.00579,41.09463,2024-12-15,2974
3e3153464e640d6c,100-26 Queens Boulevard,-73.85313,40.72654,2024-12-15,2975
d26d1e393b6a7c0b,1 UN Plaza,-74.04627,41.11757,2024-12-15,2976
3837a341768e8485,103 East 125th Street,-73.93867,40.8049,2024-12-15,2978
61b9a54aa6792713,355 Lexington Avenue,-73.97686,40.75033,2024-12-15,2979
0d58ca96311ed8a5,109 Delancy Street,-73.98851,40.71855,2024-12-15,2980
21d209e198525616,176-70 Union Turnpike,-73.79155,40.72579,2024-12-15,2981
7671545d3b089979,404 Main Street -- Bank of NY,-73.96649,41.50309,2024-12-15,2982
94f6408fed6f4c61,23102 Merrick Boulevard,-73.73921,40.67565,2024-12-15,2983
28f12f9611df5653,290 Avenue X,-73.97231,40.59031,2024-12-15,2984
90f683258fc4dc30,40 Lloyd Lane,-74.3951,41.45464,2024-12-15,2985
05314f56272007c7,601 East Tremont Avenue,-73.89301,40.84629,2024-12-15,2986
b88cc57f662d7440,307 Grand Street,-73.99162,40.71748,2024-12-15,2987
d87135fd9e2e1346,217 Havermeyer Street,-73.95895,40.7094,2024-12-15,2988
f05908bf93fdf0c8,452 Fifth Avenue,-73.98206,40.75188,2024-12-15,2989
dec6040abf56e6bc,2219 Broadway,-73.98032,40.78355,2024-12-15,2990
ab7fcc289346440f,1100 Kings Highway,-73.96158,40.60745,2024-12-15,2991
d72a6d5f4ef88bda,1455 Veteran's Highway,-73.18827,40.81199,2024-12-15,2992
a28d93c6dc2ce61f,64-02 108th Street,-73.84939,40.73251,2024-12-15,2993
a9d9230e151f8181,80 U.S. Route 6,-73.75584,41.34467,2024-12-15,2994
cbcba173905e9945,30 East Broadway,-73.99655,40.71352,2024-12-15,2996
ccf52d1520b71c67,242 Mamaroneck Avenue,-73.73412,40.95053,2024-12-15,2997
bac9965488bc017a,47 South Broadway,-73.89895,40.93238,2024-12-15,2998
9ccb9be350fc51e6,19 CAYUGA STREET,-76.796,42.91137,2024-12-15,2999
226b5edb20223dc7,777 Third Avenue,-73.97145,40.75488,2024-12-15,3000
97c0020050d04dfa,100 Corporate Park Drive,-73.72475,41.01898,2024-12-15,3001
a14a21f5cb350f40,1370 Avenue of the Americas,-73.97776,40.76352,2024-12-15,3002
3b5173b610522248,79 Hamilton,-74.00561,40.68285,2024-12-15,3003
6a39bfa4630b2d50,335 Broadway,-74.00444,40.7164,2024-12-15,3004
b6a089da1c909fb2,31-16 30th Avenue,-73.92072,40.76658,2024-12-15,3005
20280d9a8846ea46,56-21 Marathon Parkway,-73.73147,40.75981,2024-12-15,3006
ac4b9139718be2f4,216 Old Country Road,-73.63986,40.7391,2024-12-15,3007
5592f968358edf93,2271 Route 112,-73.00006,40.81448,2024-12-15,3008
6d4b5e609f7dbf76,8515 5th Avenue,-74.02594,40.62181,2024-12-15,3009
6ee53687db379a9d,999 Middle Country Road,-73.04907,40.86383,2024-12-15,3010
ccef3770d6df662a,617 Third Ave.,-73.97554,40.74925,2024-12-15,3012
683b52fb5777367e,101 Park Avenue,-73.97823,40.75115,2024-12-15,3013
45588bf38ae0644a,36 Boniface Drive,-74.29597,41.60375,2024-12-15,3014
549a8e6b39325599,58 Bowery,-73.99631,40.71604,2024-12-15,3015
f15e8a3adcc425e7,1 CHASE SQUARE,-77.6064,43.15714,2024-12-15,3016
e4a16dccc9bb264f,3245 Francis Lewis Boulevard,-73.79067,40.7679,2024-12-15,3017
97580e31caecaabe,17 Washington Avenue,-73.79181,41.13575,2024-12-15,3018
73bb0de2142fbd20,48 North Ferry Road,-72.33912,41.07047,2024-12-15,3019
4d6712376c8c9409,569 West 235th Street,-73.91076,40.8858,2024-12-15,3020
17a317d78939b0d8,366 North Broadway,-73.53299,40.78194,2024-12-15,3021
6041101f40d4615b,395 Portion Road,-73.0971,40.8291,2024-12-15,3022
404ceba861d87170,146 State Route 94 South,-74.38001,41.23914,2024-12-15,3023
eaabc2dae5d7407e,2030 Northern Boulevard,-73.67237,40.79616,2024-12-15,3024
08612d16b8b46936,20 Station Road,-72.94002,40.7583,2024-12-15,3025
d6bd5ffb5114d5a0,633 Third Avenue,-73.97509,40.74986,2024-12-15,3026
ad013bb59edc6749,1924 Third Avenue,-73.94457,40.79171,2024-12-15,3027
ee534d7c999e9561,302 Third Avenue,-73.98306,40.73896,2024-12-15,3028
74018dd26d946ed1,295 New York Avenue,-73.42611,40.87295,2024-12-15,3029
ee655400525e7180,46-10 Queens Boulevard,-73.91833,40.74296,2024-12-15,3030
361e8276f1ec587f,475 Route 17M,-74.17717,41.3186,2024-12-15,3031
54a2149abebf3512,1101 Avenue J,-73.96489,40.6248,2024-12-15,3032
9a24108e72f133d7,1235 Grand Avenue,-73.61438,40.67999,2024-12-15,3033
cc23f8b2f902b485,125 Chatsworth Avenue,-73.75862,40.93279,2024-12-15,3034
9d061f99c7784813,1201 WAYNE STREET,-78.44385,42.08515,2024-12-15,3035
f3db4b4b30519c19,110 Merritt Boulevard,-73.88215,41.52746,2024-12-15,3036
5da15756a287005b,36 Broadway & Quaker Avenue,-74.03953,41.43434,2024-12-15,3037
10b4af5800b43f33,801 Second Avenue,-73.97193,40.75023,2024-12-15,3038
d7dbf5236f41eefd,285 South Broadway,-73.51609,40.76238,2024-12-15,3039
ad9d3b6af73a199b,260 North Avenue,-73.78227,40.91147,2024-12-15,3040
863472bd1a3b175e,1 Rochester Street,-77.74886,43.02025,2024-12-15,3041
074691fc9e0cffe5,2 East Kingsbridge Road,-73.89723,40.86742,2024-12-15,3042
39457ca8d96abfc8,20 Flatbush Avenue,-73.98058,40.68837,2024-12-15,3043
26a5f68975ce770b,682 Dogwood Avenue,-73.66861,40.68894,2024-12-15,3044
4d212273a3435f21,96-19 101st Avenue,-73.84441,40.68472,2024-12-15,3045
6f40ed7cb4f352aa,1360 East Bay Avenue,-73.88151,40.80903,2024-12-15,3046
8a00a8fb0e8ce828,1185 Avenue of the Americas,-73.98203,40.75769,2024-12-15,3047
e7ae317e2b36f8f0,410 South Broadway,-73.89633,40.91934,2024-12-15,3048
64487d83b5d29ca4,275 Halstead Avenue,-73.71262,40.96891,2024-12-15,3049
6ed016519a7d6fee,75 East 161st Street,-73.9251,40.82775,2024-12-15,3050
1d137d042515ddbc,15 Merritt Boulevard,-73.89339,41.53106,2024-12-15,3051
f4c06d6f2846ffc0,10-51 Jackson Avenue,-73.95279,40.74247,2024-12-15,3052
63b0c23808939f4c,1462 Nostrand Avenue,-73.94953,40.65033,2024-12-15,3053
5624e853389c14ec,11 East Broadway,-73.99742,40.71346,2024-12-15,3054
3594d50062327e9f,144-61 Northern Boulevard,-73.82118,40.76531,2024-12-15,3055
7b58ff10e335cdd6,4820 Sunrise Highway,-73.10495,40.75766,2024-12-15,3056
c15dccebed7da553,1251 Avenue of the Americas,-73.98193,40.75969,2024-12-15,3057
376dc7529c20626a,25 South Main Street,-73.58236,40.65645,2024-12-15,3058
2468075db07d16b5,4307 Main Street,-73.45958,44.04755,2024-12-15,3059
5517f2f9ef2dff50,234 Main Street,-74.07342,41.7441,2024-12-15,3060
ae91e98066f4f85a,3762 Burgoyne Avenue,-73.57254,43.32002,2024-12-15,3061
b8089035a982ae30,324 Saw Mill River Road,-73.81471,41.06579,2024-12-15,3062
349af99b25db263d,2500 Coney Island Avenue,-73.96122,40.59589,2024-12-15,3063
3c8ee40546d4d386,762 Central Park Avenue,-73.85716,40.92725,2024-12-15,3064
67c0812a321d1c61,711 Bedford Road,-73.71472,41.22495,2024-12-15,3065
6df74bcd72dae248,252 West 57th Street,-73.98226,40.76647,2024-12-15,3066
e55cc3342973ed14,39-10 Main Street,-73.83034,40.75998,2024-12-15,3067
96aab47f61df2d8d,45 Wall Street,-74.00971,40.70651,2024-12-15,3068
a48454bb4c640b9b,160 Broad Street,-73.65893,43.30408,2024-12-15,3069
47e6ed80f62f14ae,5500 Sunrise Highway,-73.43691,40.67737,2024-12-15,3070
b12c9446e75cd758,699 Allerton Avenue,-73.86771,40.86545,2024-12-15,3071
a9b728773fed3590,30 Main Street,-74.35982,41.25684,2024-12-15,3072
2bcb3f0f326f0bd9,721 Fort Salonga Road,-73.33587,40.896,2024-12-15,3073
70189e4d2f816763,2122 Merrick Road,-73.54602,40.65811,2024-12-15,3074
2131780408b97d50,45 East 89th Street,-73.95735,40.78277,2024-12-15,3075
b261ca3c14628116,2469 Hempstead Turnpike,-73.5444,40.72495,2024-12-15,3076
34f463ea54fe051d,265 Windsor Highway,-74.04804,41.46869,2024-12-15,3077
0e5787cec1df2ee3,260 Madison Avenue,-73.98089,40.7506,2024-12-15,3078
586e203436f5a7ab,120 Main Street,-75.92684,42.10131,2024-12-15,3079
6bcb9f62bc80b705,2130 Bartow Avenue,-73.82497,40.86927,2024-12-15,3080
0edaa3da0089c24a,1201 Nepperhan Avenue,-73.87243,40.96494,2024-12-15,3081
4b680f28e33de6b7,Sunrise Mall 6 Carmans Road,-73.43146,40.68136,2024-12-15,3082
d2c07db5d6eceb72,180 Atlantic Avenue,-73.58394,40.64603,2024-12-15,3083
bd654b9b14422adc,360 East 72nd Street,-73.95624,40.7679,2024-12-15,3084
c134b92e5d3ade9c,410 Park Avenue,-73.97192,40.76016,2024-12-15,3085
86d3bf5087f0c044,350 Main Street,-73.43056,40.87073,2024-12-15,3086
0806765339698c55,6563 Weighlock Drive,-76.07989,43.08773,2024-12-15,3087
c4558208d6863977,150 Walt Whitman Road,-73.41177,40.82443,2024-12-15,3088
05faedfab682eecf,356 White Plains Road,-73.81522,40.95251,2024-12-15,3090
d20aba4cba68a576,1003 Lexington Avenue,-73.96203,40.77066,2024-12-15,3091
82c5f5747e5cc88f,1775  Monroe Avenue,-77.56755,43.12855,2024-12-15,3092
9aa81b431af6ec7d,71 West 23rd Street,-73.99242,40.74274,2024-12-15,3093
16ecd7b15420e508,1191 Third Avenue,-73.96184,40.76807,2024-12-15,3094
4bc14fd4ecdc40c9,71-15 Austin Street,-73.84408,40.71991,2024-12-15,3095
e7d736f0bc329dbd,8523 20th Avenue,-73.998,40.60482,2024-12-15,3096
a3b69381daa23991,1411 Broadway,-73.98696,40.75404,2024-12-15,3097
fef3c2940d88e24a,1413 Hylan Boulevard,-74.08691,40.5939,2024-12-15,3098
5c22bf3ad5b3a02c,6353 Route 9,-73.80077,43.65263,2024-12-15,3099
381811f39eb7f141,1044 McLean Avenue,-73.86275,40.90153,2024-12-15,3100
2be719ef8a884f17,252-34 Northern Boulevard,-73.73551,40.77038,2024-12-15,3101
b94d5be83fd3064b,6311 Northern Boulevard,-73.53479,40.8427,2024-12-15,3102
6efc82b3d0c2b23b,20 North Broadway,-73.91807,41.0917,2024-12-15,3103
63bcc99957b64ef4,235 Canal Street,-73.99981,40.71792,2024-12-15,3104
3b7a12e43e44e805,238 Main Street,-72.3593,41.10352,2024-12-15,3106
32603f202f70f2de,270 Broadway,-74.0064,40.71403,2024-12-15,3107
3c106f57a951f542,1860 Broadway,-73.98201,40.76975,2024-12-15,3108
40f96ad2d584a6a5,166 S. Wellwood Avenue,-73.37219,40.68602,2024-12-15,3109
ee3e1ba1f3d8843f,366 Main Street,-72.79298,40.8003,2024-12-15,3110
c722225bfa5944d3,200 Vanderbilt Motor Parkway,-73.25468,40.80849,2024-12-15,3111
77a5fe4b1b3a3f00,1304 Broadway,-73.70075,40.63875,2024-12-15,3112
52355202a1a833ca,85 East Old Country Road,-73.51571,40.76475,2024-12-15,3113
167fd23b9fd5596f,4036 Nesconset Highway,-73.0723,40.90513,2024-12-15,3114
5aa2f644264c1b05,35 East 72nd Street,-73.96507,40.77163,2024-12-15,3115
096259f73bdabc2e,449 South Broadway,-73.89659,40.91803,2024-12-15,3116
db61cff88fd6ba62,835 Broadway,-73.99096,40.73389,2024-12-15,3117
50194aa744a6892f,3394 Crompond Road,-73.83174,41.29152,2024-12-15,3118
d565e0481f7e1e4f,330  West 145th Street,-73.94343,40.82348,2024-12-15,3119
4a6096a167b661bd,784 Castle Hill Avenue,-73.84896,40.82303,2024-12-15,3120
a42f4cc65ddf5f66,122 Flatbush Avenue,-73.97811,40.68495,2024-12-15,3121
b43c1eae4d8f7634,215-16 73rd Avenue,-73.75883,40.74066,2024-12-15,3122
e654f779240da6df,159 Barnegat Road,-73.93524,41.64979,2024-12-15,3123
c9d42d328363599b,25 Rykowski Lane,-74.34715,41.45266,2024-12-15,3124
4f4165dd3c4d2efa,1002 State Route 9,-73.68287,43.34154,2024-12-15,3125
5f1a2b89635705ed,154 Main Street,-72.64178,40.81053,2024-12-15,3126
114499d63d6163f4,2455 South Road,-73.93139,41.65904,2024-12-15,3127
d8d386566a9d4942,1 East Central Avenue,-74.02124,41.05932,2024-12-15,3128
b60858b9d7e156cc,500 Ashford Avenue,-73.84731,41.01147,2024-12-15,3129
74f5470097b1dc09,140 Sullivan Street,-74.48644,41.57659,2024-12-15,3130
a4dbd82caff0a499,1000 Oneida Plaza Drive,-75.68817,43.07801,2024-12-15,3131
80d1bf92eaa076d2,3775 Riverdale,-73.90759,40.88813,2024-12-15,3132
9df60e7fdab1c464,21 Spring Street,-73.86337,41.16063,2024-12-15,3133
7aefd7095a8aacb1,221 Canal Street,-73.99966,40.71781,2024-12-15,3134
c7dc7efb1d39adf8,6702 Bay Parkway,-73.98273,40.61257,2024-12-15,3135
9df2325ad97ca1f1,169 Orinoco Drive,-73.26571,40.72055,2024-12-15,3136
ace472c3974cf09e,280 Marsh Avenue,-74.16381,40.57854,2024-12-15,3137
5c720c30a301ae9e,1240 Liberty Avenue,-73.86365,40.67906,2024-12-15,3138
2bb023718040ae96,300 Main Street,-73.10063,40.94327,2024-12-15,3139
97e46db23d6f51e2,596 Fort Washington Avenue,-73.93693,40.85497,2024-12-15,3140
64255d8cba76474a,240 Glen Head Road,-73.61958,40.83654,2024-12-15,3141
099fe494735580f6,159 Broadway,-73.58668,43.26897,2024-12-15,3142
d8047c38271b23ef,5023 US Avenue,-73.44737,44.68081,2024-12-15,3143
eb636bfcf78b470f,4385 Amboy Road,-74.16178,40.54499,2024-12-15,3144
3a348ed2ffe11e5e,5656 Riverdale Avenue,-73.90435,40.90593,2024-12-15,3145
e6ffbd5369d35366,202 Somerstown Center and Route 100,-73.68612,41.32642,2024-12-15,3146
f5f33550c6fd098b,36 Soundview Market Place,-73.70681,40.84256,2024-12-15,3147
e3387d53f18cf5fb,124 Chatsworth Avenue,-73.75914,40.933,2024-12-15,3148
9af913bfd37013c9,2515 Queens Plaza,-73.93966,40.75071,2024-12-15,3149
068c78e33edb56b5,57-27 Main Street,-73.82604,40.74574,2024-12-15,3150
4b5b115db9ede742,96 Allen Boulevard,-73.41969,40.71637,2024-12-15,3151
ce62d2f81fe0a311,1340 Third Avenue,-73.95835,40.77282,2024-12-15,3152
37abdbf0ffc5b841,883 Flatbush Avenue,-73.95875,40.65056,2024-12-15,3153
4d19e5bc0fffb679,"499 North Service Road, Suite 84",-73.03835,40.77908,2024-12-15,3154
69fd993f37b879f1,930 Rosedale Road,-73.72416,40.65356,2024-12-15,3155
e86bdad53005f876,55 Water Street,-74.00983,40.70352,2024-12-15,3156
6d1590977189e013,445 Park Avenue,-73.97091,40.76121,2024-12-15,3157
81c0904f5a770b54,1165 Third Avenue,-73.96262,40.767,2024-12-15,3158
c90512b29e81dec3,1300 North Avenue,-73.79572,40.94686,2024-12-15,3159
205302d2521edffd,38-18 Broadway,-73.91918,40.75906,2024-12-15,3160
c7a2f45e8c10d747,311 East 204th Street,-73.87833,40.87273,2024-12-15,3161
432f2ee7710ffa1d,421 South Broadway,-73.5129,40.75879,2024-12-15,3162
e3ab4b8f9726ec6e,3285 Long Beach Road,-73.64062,40.6311,2024-12-15,3163
9c931227a7f5486b,1960 Hempstead Turnpike,-73.56433,40.72285,2024-12-15,3164
65edec9420a45c91,4 Broad Street Plaza,-73.6559,43.30586,2024-12-15,3165
b7b9b257d7602ab9,2725 East Tremont Avenue,-73.84502,40.84239,2024-12-15,3166
e453e94ce6d9178d,661 Hillside Avenue,-73.69835,40.742,2024-12-15,3167
ad147310df487f07,85 Crystal Run Road,-74.36081,41.45054,2024-12-15,3168
b9de0b6cb06775e5,817 Route 82 & Route 376,-73.81146,41.57943,2024-12-15,3170
84916a9049f9b58b,6501 Fort Hamilton Parkway,-74.00942,40.63052,2024-12-15,3171
bfc7a88ac4d5aefd,411 Broadway,-74.68462,41.65444,2024-12-15,3172
a2ff676bb3f4ba21,231 Grand Street,-73.99511,40.71857,2024-12-15,3173
af44c5e193deed9f,257 Beach 116th Street,-73.83786,40.5808,2024-12-15,3174
c930948c0bcde67a,1690 Hylan Boulevard,-74.09123,40.58752,2024-12-15,3175
27a4d513d6270151,20519 Hillside Avenue,-73.75988,40.72123,2024-12-15,3176
e8ee27441dabb172,481 Kings Highway,-73.97189,40.60421,2024-12-15,3177
dfa479bdddf347a8,82-57 Broadway,-73.8813,40.74206,2024-12-15,3178
db1f00fbdf28bc07,520 Portland Avenue,-77.59131,43.17537,2024-12-15,3179
9250dfad87b77935,101 Tillson Avenue,-73.96507,41.71136,2024-12-15,3180
07990b86a2b0105f,49 North Franklin,-73.6268,40.70727,2024-12-15,3181
b665f02803d684fb,400 Old Country Road,-73.60486,40.74508,2024-12-15,3182
b3d228c845bbfe9e,25 Margaret Street,-73.45351,44.69645,2024-12-15,3183
742a3cca31d4cd96,1865 North Road,-76.83961,42.90871,2024-12-15,3184
4d92c0176a70405f,533 5th Avenue,-73.98872,40.66627,2024-12-15,3185
58aa68712d3a039b,3650 US Highway 9W,-73.96751,41.70142,2024-12-15,3186
6ffdae4a0c24d378,2002 Commerce Street,-73.78125,41.27721,2024-12-15,3187
a409698248130141,560 Monroe Avenue,-77.59236,43.14579,2024-12-15,3188
5865e937bfa65f0d,402 Halstead Avenue,-73.70763,40.97009,2024-12-15,3189
80a6b50745fe6730,1724 Fifth Avenue,-73.26266,40.76751,2024-12-15,3190
059f35da6c504cad,3217 Westchester Avenue,-73.82946,40.85185,2024-12-15,3191
2bcc2ccece64dee3,201 Ward Street,-74.23017,41.52584,2024-12-15,3192
662b986818044d8a,5714 8th Avenue,-74.00809,40.63688,2024-12-15,3193
712f1aa362713f90,1545 Flatbush Ave.,-73.94812,40.63324,2024-12-15,3194
90f7e087405886c6,840 Sunrise Highway,-73.27937,40.72845,2024-12-15,3195
0231377759144ad3,86 East 98th Street,-73.92249,40.66461,2024-12-15,3196
e2a1898e9bc3b74a,1153 State Route 29,-73.51569,43.10237,2024-12-15,3197
3a7006836f75d284,8819 Jamaica Avenue,-73.85576,40.69271,2024-12-15,3198
ee36967bfa2ee4f7,777 Pulaski Road,-73.35113,40.8685,2024-12-15,3199
857d24a58784c0f1,514 Old Country Road,-73.57747,40.74969,2024-12-15,3200
5e0e339e20f34210,3804 Nostrand Avenue,-73.9401,40.59125,2024-12-15,3201
ca2f9969defbae4c,2 Corwin Court,-74.04436,41.49533,2024-12-15,3202
66f9e5d9c5556d4c,3 South Central Park Avenue,-73.79863,41.01929,2024-12-15,3203
a267040fbede6311,35-48 Junction Boulevard,-73.87107,40.75202,2024-12-15,3204
34b546e954d246f5,350 Stewart Avenue,-73.63539,40.72639,2024-12-15,3205
c67b52c70653e69b,401 Madison Avenue,-73.97663,40.75643,2024-12-15,3206
35f10ceea15fe94a,356 West 1st Street,-76.41811,43.31475,2024-12-15,3207
3119e920d8cef775,155 Water Street,-74.00589,40.70623,2024-12-15,3208
de4712505129f449,269 B North Main Street,-74.04158,41.12803,2024-12-15,3209
b328278413f04d46,660 Vanderbilt Motor Parkway,-73.23694,40.80801,2024-12-15,3210
01ab82bf5fae392f,310 Larkfield Road,-73.32381,40.87306,2024-12-15,3211
26c90ea2247b96e9,12 Lloyds Lane,-74.39733,41.45418,2024-12-15,3212
98ec5fe66ceb8eaf,3 Times Square,-73.98664,40.75639,2024-12-15,3213
e83f12f62a1ed19b,39 Vanderbilt Parkway,-73.29134,40.8167,2024-12-15,3214
7c5a2d6d57234889,623 Broadway,-73.99641,40.72588,2024-12-15,3215
5d6c2a26675175c4,206 NORTH CLARK STREET,-78.40298,42.07545,2024-12-15,3216
055aedb44ec87f9d,576 Hudson Street,-74.00593,40.73597,2024-12-15,3217
06c9ecb87390ef1c,4170 Veterans Memorial Highway,-73.09887,40.78216,2024-12-15,3218
766bf3a669e744c6,4410 13th Avenue,-73.98944,40.6376,2024-12-15,3219
6753d13b7b472666,152 Cayuga Street,-76.69231,42.8413,2024-12-15,3220
327f9ea365a6390c,2335B New Hyde Park Road,-73.6893,40.75776,2024-12-15,3221
3116825688c98682,238 Eighth Avenue,-73.99886,40.74477,2024-12-15,3222
aa3e53cb72f45307,75 South First Street,-76.41675,43.32298,2024-12-15,3223
f7f3a865875ecead,490 Fulton Street,-73.98335,40.68951,2024-12-15,3224
c9797827eb1a0e27,90-59 Sutphin Boulevard,-73.80791,40.7014,2024-12-15,3225
f3b8ae1ed45441df,5702 99th Street,-73.85974,40.73773,2024-12-15,3226
cbad5126960db98b,2 Bowery,-73.99756,40.71416,2024-12-15,3227
8d1ec9e467a1d736,214 Broadway,-74.00899,40.71098,2024-12-15,3228
5405c0c9cd7a1968,136 Fulton Street,-73.63175,40.70645,2024-12-15,3229
086039e15dbb223f,17 Walnut Stret,-74.20257,41.52605,2024-12-15,3230
d42aba9bb69b4b74,3359 Broadway,-73.95475,40.8207,2024-12-15,3231
2b1cf6a2a3237abf,778 Yonkers Avenue,-73.8643,40.92266,2024-12-15,3232
504d893c828603e1,915 Atlantic Avenue,-73.6074,40.64058,2024-12-15,3234
3828a65f7d2289e8,925 Montauk Highway,-73.04693,40.74905,2024-12-15,3235
d70dbcac78f20a95,5423 8th Avenue,-74.00651,40.6384,2024-12-15,3236
d980dffe2399df02,2001 Nesconset-Port Jefferson Highway,-73.13111,40.86805,2024-12-15,3237
5a015b8c7964b397,704 Freedom Plains Road,-73.83934,41.66886,2024-12-15,3238
3ef4a1590c4fbb91,523 Middle Neck Road,-73.73458,40.80064,2024-12-15,3239
9144e3dc5937e372,66 Nugent Street,-72.3918,40.88606,2024-12-15,3240
6f5149d5b7568fcc,1201 Wantagh Avenue,-73.50722,40.6932,2024-12-15,3241
63600292c2e27acd,17 Huntington Square Mall,-73.32085,40.83945,2024-12-15,3242
83bd65c67f3e1db7,1 East Fordham Road,-73.90068,40.86261,2024-12-15,3243
8c20ffd6af617f40,20 Palmer Avenue,-73.7745,40.98479,2024-12-15,3244
ae42b9c691d90f52,565 Warburton Avenue,-73.88225,40.99565,2024-12-15,3245
1f7405db069645af,12 Chapel Street,-77.28963,42.5237,2024-12-15,3246
35789ce101473f98,5789 Route 80,-76.11877,42.799,2024-12-15,3247
a398fad6662884e0,3411 Long Beach Road,-73.64061,40.62793,2024-12-15,3248
fc6dd0e1455d9264,6932 Erie Road,-78.9881,42.69749,2024-12-15,3249
beefe296aeb87e79,3031 East Main Street,-73.87102,41.30973,2024-12-15,3250
bfb18755d5b7b189,1505 Route 22,-73.577,41.41994,2024-12-15,3251
1e2d1b900e7445ca,3508 West Genesee,-76.23265,43.04877,2024-12-15,3252
28c5aa9e3f831951,Route 6,-73.759028,41.344187,2024-12-15,3253
38a1d89efa064ec0,16 Wallkill Avenue,-74.18334,41.60496,2024-12-15,3254
618a613d39900d5e,2 Church Street,-73.86208,41.16081,2024-12-15,3255
c1bc379ecb1cc4f9,4141 South Salina Street,-76.14229,43.0081,2024-12-15,3256
5defc4748f27ab6b,5632 State Highway 12,-75.52301,42.51415,2024-12-15,3257
af0e2eecd782e40d,2421 Main Street,-78.84384,42.9342,2024-12-15,3258
f0a62d40acf9f25b,270 South Little Tor Road,-74.00189,41.12991,2024-12-15,3259
c2c2dd4da1e62ffc,2669 Main Street,-75.96685,42.32903,2024-12-15,3260
501412a0338b40f2,30-32 Broad Street,-75.23964,42.54627,2024-12-15,3261
7ca36a916b1ae652,16 Coleman Street,-73.59962,42.35639,2024-12-15,3263
7781ea05049b145c,788 Tonawanda Street,-78.9041,42.95024,2024-12-15,3264
c7991b9e8c304bf9,145 Main Street,-77.65968,42.32693,2024-12-15,3265
e32df351530bc8ce,490 Dorrance Avenue,-78.80523,42.83218,2024-12-15,3266
de23e8d98c67c63e,2 Franklin Avenue,-75.38164,43.04799,2024-12-15,3267
45e150e98a25e992,3945 Route 31,-76.23931,43.18567,2024-12-15,3268
a9d32128e5bcf435,37-97 103rd Street,-73.86316,40.7508,2024-12-15,3269
6e21aef16a0cf4c6,3425 Veterans Memorial Highway,-73.12501,40.78735,2024-12-15,3270
fc9c2c65e8fde691,257 Utica Avenue,-73.93102,40.66985,2024-12-15,3271
ed929a3d6f11445f,3301 Winton Road South,-77.58271,43.08785,2024-12-15,3272
69bf027cb5c904e6,7670 Highbridge Road,-75.98499,43.00584,2024-12-15,3273
12c8d32fbb1e55c5,2212 Hylan Boulevard,-74.10306,40.57675,2024-12-15,3274
92c97c839a72aeaa,6570 Kinne Road,-76.0661,43.04248,2024-12-15,3275
c8b7d46bfd0632ce,21 Cottage Street,-78.6936,43.16883,2024-12-15,3276
3dee8a7aa1131fd1,2 South Main Street,-75.54508,42.73959,2024-12-15,3277
c68991236a7e0d5d,205 Liberty Street,-77.05579,42.65935,2024-12-15,3278
3f759219a14db513,300 Pearl Street,-78.87497,42.88762,2024-12-15,3279
b78cbbb91a8d4705,4077 West Main,-77.18708,43.22388,2024-12-15,3280
78ec84b80837359c,2882 Delaware Avenue,-78.87002,42.96267,2024-12-15,3281
55c07d642624380b,13235 State Route 11,-76.00593,43.85968,2024-12-15,3282
cc77db4812199547,221 Congress Street (Suite 101),-73.79125,43.07972,2024-12-15,3283
2bb3f5716a222b79,1268 Broadway,-73.92487,40.6911,2024-12-15,3284
c7f7df7af8e68c67,4901 13th Avenue,-73.99222,40.63493,2024-12-15,3285
b1e4c3e3174f0b32,40 Chestnut Street,-73.95178,41.41867,2024-12-15,3286
f32523d36d7517c8,1441 Route 22,-73.57455,41.41536,2024-12-15,3287
5d5365a110c65512,65 Dutch Hill Road,-73.95427,41.04577,2024-12-15,3288
e37e2dbd936729f1,1214 Castleton Avenue,-74.12287,40.63409,2024-12-15,3289
2b8058413373bf7f,653 Montauk Highway,-73.34601,40.6861,2024-12-15,3290
6521b8811cfca5d0,133 Main Street,-72.64247,40.80945,2024-12-15,3291
118d98ec25a49fe8,1475 Mount Hope Road,-77.61917,43.12116,2024-12-15,3292
a47b0ca511616d69,493 Center Street,-79.04173,43.17254,2024-12-15,3293
f372ab2ccf2fdb73,65 Main Street,-76.18037,42.59907,2024-12-15,3294
f0a33a123a5842bd,120 Madison Street,-76.14912,43.04548,2024-12-15,3295
f8f311027eed8a75,1636 Marcus Avenue,-73.68618,40.7544,2024-12-15,3296
b191a3ad1f45b953,59 West 86th Street,-73.97185,40.78635,2024-12-15,3297
8ceb60f7b291cc17,645-100 Rossville Avenue,-74.20826,40.54258,2024-12-15,3298
c14e9bbc0232fadd,2080 Route 32,-74.10595,41.66756,2024-12-15,3299
9e457d76a86b7f2c,349 Fifth Avenue,-73.98469,40.74826,2024-12-15,3300
b2e7d54e2259a88b,41 Washington Avenue,-76.04825,42.10336,2024-12-15,3301
d80f159ce8d68753,2 Muttontown Road,-73.50162,40.82649,2024-12-15,3302
4ae81d15e7afbe2d,268 Grant Avenue,-76.54489,42.9526,2024-12-15,3303
7e7914f3f30432df,313 Main Street,-73.81551,40.95386,2024-12-15,3304
e41b109a3216e27b,5226 Broadway,-78.6808,42.90135,2024-12-15,3305
3451cea53744326b,75 Main Street,-74.13155,44.32653,2024-12-15,3306
8856d78dfa6e9e14,30 North Main Street,-75.49942,42.67946,2024-12-15,3307
4fa638587151d194,314 Waring Road,-77.56628,43.18452,2024-12-15,3308
18661193f4b79222,248 Main Street,-72.78934,40.80004,2024-12-15,3309
b2fa9bf11a8b385d,331 Main Street,-75.95929,42.11605,2024-12-15,3310
518ae27c78785c1c,720 Lee Boulevard,-73.80956,41.32758,2024-12-15,3311
6d81a45ef5cd0290,300 North Tioga Street,-76.49691,42.4416,2024-12-15,3312
07368d22f78b36e6,28 West Market Street,-73.87675,41.99526,2024-12-15,3313
030977a51a51811a,5751 Transit Road,-78.69579,43.00449,2024-12-15,3314
c31c722adc9129a5,5101 13th Avenue,-73.99341,40.6338,2024-12-15,3315
169318ca7b149280,1278 Route 52,-74.66426,41.77776,2024-12-15,3316
c515f824a42ae240,55 Main Street,-78.18483,42.99775,2024-12-15,3317
97e3043fb29db1ca,2050 Western Avenue,-73.88958,42.69726,2024-12-15,3318
67d20b4b80f4d8e5,13 Sussex Street,-74.69241,41.37446,2024-12-15,3319
fde6899c90caf5e4,76 Main Street,-73.98425,42.29165,2024-12-15,3320
42393ff31f8625af,644 Bailey Avenue,-78.81931,42.87301,2024-12-15,3321
2e3c956e91967500,1 Dill Street,-76.56641,42.93283,2024-12-15,3322
dbe0e9cb3a2bacfb,650 Lee Boulevard,-73.80777,41.32821,2024-12-15,3323
0eb578dd8cdbe876,40 Utica Street,-75.54645,42.82789,2024-12-15,3324
7c01a1f65ea88f62,1591 Richmond Road,-74.10087,40.59089,2024-12-15,3325
d82fb698202b9799,One Manor House Square,-73.89839,40.93535,2024-12-15,3326
30e2ce349b5fc732,2631 Merrick Road,-73.52852,40.66334,2024-12-15,3328
fa972c56bd578944,117 West Main Street,-76.06614,42.09545,2024-12-15,3329
a8fcf2b2b52d1f95,2218 Fifth Avenue,-73.93777,40.8126,2024-12-15,3330
8a7940f100820d40,41 Canal Street,-74.62345,42.93167,2024-12-15,3331
aa6461ec837e2db6,121 West Manillus Street,-76.0717,43.06403,2024-12-15,3332
11103e5cd5ba2eff,738 Route 9,-73.90074,41.53886,2024-12-15,3333
aa1c6994c435c89e,6499 East Seneca Turnpike,-76.07099,42.99174,2024-12-15,3334
3c7729eb3f632907,"Mill Pond Plaza, Route 17M",-74.18794,41.32409,2024-12-15,3335
cff391414a67a695,424 Grant Boulevard,-76.12176,43.07218,2024-12-15,3336
9a00c0623ba7ec90,1660 Hempstead Turnpike,-73.70168,40.70772,2024-12-15,3337
4f2e87589fd628c9,120 State Street,-73.75421,42.65057,2024-12-15,3338
b6d1399b7a050958,1599 Flatbush Avenue,-73.94616,40.63141,2024-12-15,3339
8aeef71c2e852ce2,105 Park Place,-74.03197,42.70095,2024-12-15,3340
674d8cbd8a18e760,3083 Carman Road,-73.9385,42.76329,2024-12-15,3341
63aa47773d7c75bd,1148 Erie Boulevard,-75.48492,43.22437,2024-12-15,3342
2f22a5f0a90d5029,75 North Central Avenue,-73.70808,40.66957,2024-12-15,3343
924d4a0c68492d5f,1900 Central Avenue,-73.853,42.73454,2024-12-15,3344
fb2ba06fd51abc28,4446 Route 42,-74.67291,41.66891,2024-12-15,3345
c4be0c4ce3b14093,194-03 Northern Boulevard,-73.78712,40.75793,2024-12-15,3346
c5de429a578ef4f1,199 Second Avenue Extension,-74.3223,43.05672,2024-12-15,3347
ebbdc9f9d2f3ffbc,1000 Corporate Drive,-73.60059,40.74043,2024-12-15,3348
adb249d7d6f7b532,31-42 Steinway Street,-73.91809,40.76045,2024-12-15,3349
d6879a3d04507100,417 Spring Street,-79.23935,42.09826,2024-12-15,3350
74cf01f7ae032ed9,One North Main Street,-76.18048,42.60211,2024-12-15,3351
ff7ef1b397200cb9,302 State Street,-75.60934,43.97813,2024-12-15,3352
26105dd8161fb652,28 LeCount Place,-73.78039,40.91085,2024-12-15,3353
41926d48e759f8fa,2133 Hudson Avenue,-77.60114,43.20716,2024-12-15,3354
d32986265c26d833,1 New Hartford Shopping Center,-75.29837,43.07688,2024-12-15,3355
3c5724c7bdecb67f,610 Broadhollow Road,-73.42359,40.7595,2024-12-15,3356
34d898bf66be9835,128 East Fordham,-73.89819,40.86234,2024-12-15,3357
4cb6e7a941d48504,26 West Main Street,-77.06274,43.23609,2024-12-15,3358
c40b28e076c128c8,1848 South Clinton Avenue,-77.59407,43.12182,2024-12-15,3359
9384cd75f4b42682,1510 South Park Avenue,-78.82871,42.85672,2024-12-15,3360
1156b3a7f1185ec6,9556 Brewerton,-76.13921,43.23219,2024-12-15,3361
ae37c588591f34e4,2791 Ridge Road West,-77.70287,43.2096,2024-12-15,3362
c4cf2263bdbd5384,350 Jay Street,-73.98723,40.69345,2024-12-15,3363
af02f33ffeac30f9,5200 Main Street,-78.7589,42.96105,2024-12-15,3364
bfa080b90c32b199,93 North Middletown Road,-74.01344,41.06249,2024-12-15,3365
092b811f39c1736f,271 Main Street,-74.31311,42.66364,2024-12-15,3366
eaa99f254b3b23d0,9760 Main Street,-75.39192,43.89282,2024-12-15,3368
e4fa2da854a9bb85,193 Route 59,-74.04256,41.10838,2024-12-15,3369
efc747c563d8486b,830 Eighth Avenue,-73.98602,40.76235,2024-12-15,3370
e8d159fb08c59c11,4957 Western Avenue Route 20,-74.13104,42.7609,2024-12-15,3371
d7d410691ace9102,202 Main Street,-75.06204,42.45387,2024-12-15,3372
38475ddd0db0d8cb,85 Main Street,-74.44058,41.55468,2024-12-15,3373
490526aa2720ea65,Main-Union Road,-78.75552,42.9611,2024-12-15,3374
b7060288c8c90bd4,5225 Transit Road,-78.69619,42.98852,2024-12-15,3375
8b8c81ff8beccaef,418 Broadway,-74.68513,41.65456,2024-12-15,3376
3fca3e615ef2fcdc,1675 Walden Avenue,-78.77549,42.90718,2024-12-15,3378
f17794f3bf42213f,2040 Boston Post Road,-73.75047,40.93089,2024-12-15,3379
385a7463af22b18d,1817 Columbia Turnpike,-73.67213,42.55046,2024-12-15,3380
ea20bed280024ad7,1 North Washington Street,-73.80877,42.26025,2024-12-15,3381
ae2d284040ea9859,2628 Route 23,-73.52642,42.1791,2024-12-15,3382
4659eb165281dc8a,3030 Union Road,-78.75233,42.8028,2024-12-15,3383
c474af1190fb52ce,1 Western Avenue,-73.97196,41.60554,2024-12-15,3384
6f246b2891280818,2644 ATLANTIC AVENUE,-73.89661,40.6757,2024-12-15,3385
243b5a9c760bbc81,267 Wall Street,-74.0194,41.93272,2024-12-15,3386
547458d42d2b146e,3681 East Tremont Avenue,-73.82281,40.82721,2024-12-15,3387
9302674d6eac9a1f,648 Hempstead Turnpike,-73.66384,40.70706,2024-12-15,3388
44113e72483e2537,164 Delaware Avenue,-73.81072,42.62869,2024-12-15,3389
21cc0e76650a4284,74-03 Metropolitan Avenue,-73.8781,40.71286,2024-12-15,3390
cbb1731c226315df,6930 East Genesee Street,-76.04334,43.0277,2024-12-15,3391
03b4296df23aea60,54 Main Street,-78.27219,43.06785,2024-12-15,3392
9472df0646b6fda5,1019 Park Street,-73.91935,41.29078,2024-12-15,3393
b076f11ba1300cd9,"106 Hannaford Plaza, Route 30",-74.18651,42.96715,2024-12-15,3394
6e9fe76901f2dd12,1 Green Avenue WE,-79.29027,42.09577,2024-12-15,3395
4e3996380e8023ef,3121 Vestal Parkway East,-76.00185,42.09581,2024-12-15,3396
f4882d1603abc1e9,1185 University Avenue,-77.57111,43.15171,2024-12-15,3397
d3c17909a59b1a1a,691 East Main Street,-74.4785,42.6791,2024-12-15,3398
13697fa797deb6a3,3037 BAILEY AVENUE,-78.81366,42.93756,2024-12-15,3399
97a4428af7bc84e1,109 West Water Street,-77.09412,42.15778,2024-12-15,3400
101922be9f42eda6,3701 West Genesee Street,-76.23997,43.04649,2024-12-15,3401
50fa5a417fb5cbd1,230 Park Avenue South,-73.98836,40.73754,2024-12-15,3402
6fa3a90b778fd9bb,2 Lafayette Street,-74.00348,40.71393,2024-12-15,3403
f3585237b8208b0e,320 Mamaroneck Avenue,-73.76345,41.02512,2024-12-15,3404
044f873fdc0bf705,207 City Island Avenue,-73.78533,40.84415,2024-12-15,3405
4db6537ef3e66c41,1674 Route 7A,-73.55089,42.10377,2024-12-15,3406
d87ea2e17b27ae83,1359 Broadway,-73.98756,40.75186,2024-12-15,3407
edf5a300ce6a2849,281 Troy Road,-73.69951,42.64291,2024-12-15,3408
c8b1059ddeef0cc9,80 Wolf Road,-73.81347,42.7151,2024-12-15,3409
cf0b35ecbc872d8b,107 Onieda Street,-75.10412,42.44851,2024-12-15,3410
7d50d31d9d8600ab,900 Merchants Concourse,-73.59222,40.744688,2024-12-15,3411
f5f859ad0ce01e9c,444 5th Avenue,-73.98628,40.66919,2024-12-15,3412
1fcfa189c69cdd0c,150 Main Street,-75.65188,43.09501,2024-12-15,3413
0402b721e0eb53d3,767 New Loudon Rd,-73.76126,42.74466,2024-12-15,3414
269f47e776ba528d,3740 W. Henrietta Rd,-77.64061,43.07911,2024-12-15,3415
2b9a1b042f4c8828,4467 Main Street,-78.78456,42.96345,2024-12-15,3416
1d4cac7c83d2e38b,2126 White Plains Road,-73.8677,40.85409,2024-12-15,3417
2eecfac8af8af7d8,80 North Main Street,-74.39437,41.71821,2024-12-15,3418
b6820438273f7240,1308 Washington Street,-75.9147,43.95845,2024-12-15,3419
6d88a48b5b2b063b,8000 Route 12N,-75.1842,43.25059,2024-12-15,3420
076c39a5aaa6b83b,3500 Main Street,-78.81772,42.95816,2024-12-15,3421
b9c4723547d8237f,36-10 Broadway,-73.92092,40.75987,2024-12-15,3422
07ac9fd342e9ed61,421 Second Street,-79.04857,43.24963,2024-12-15,3424
2f82767f86418d87,29-10 Ditmars Boulevard,-73.91138,40.77662,2024-12-15,3425
5aa5633bdd9e04f3,7 West Main Street,-75.7475,43.33279,2024-12-15,3426
14e2fb6ca31c6c11,561 Route 55,-74.88483,41.52656,2024-12-15,3427
3713ae2aa941f4ff,7301 Seneca Road,-77.66013,42.35341,2024-12-15,3428
c0e3581ff81ff434,2518 Frederick Douglas Boulevard,-73.94686,40.81608,2024-12-15,3429
1625e8fdf583a26e,2509  Route 44,-73.75764,41.78253,2024-12-15,3430
ce34ae002f468c4c,66 South Pearl Street,-73.75402,42.64771,2024-12-15,3431
de87964824f9245b,78 Broadway,-74.00967,41.49992,2024-12-15,3432
c6e77f33253113a0,2647 Main Street,-76.05857,42.19802,2024-12-15,3433
fab099807b0a221b,103 Jackson Avenue,-73.50226,40.82311,2024-12-15,3434
b5c362f2036f2cfc,50 East Main Street,-79.57653,42.32272,2024-12-15,3435
93da3c373696ef85,Routes 8 & 30 - 2966 State Route 30,-74.36436,43.50184,2024-12-15,3436
ce4cf22e8c2f9394,722 Brighton Beach,-73.95976,40.57799,2024-12-15,3437
54cd91e8af551465,333 Ford Street,-75.49169,44.69806,2024-12-15,3438
bf3aa7e3b2e349c2,2050 Kensington Avenue,-78.78297,42.95074,2024-12-15,3439
54b0bd1cb8c94f91,6 State Street,-77.94264,42.57967,2024-12-15,3440
ca9b20cc007c11fe,8260 Willett Parkway,-76.3002,43.16812,2024-12-15,3441
b9eff2a754cd07b0,1099 Morton Boulevard,-73.99294,41.96314,2024-12-15,3442
3a38aede00638c08,250 Delaware Avenue,-78.87659,42.89124,2024-12-15,3443
ce9be143b707fa18,3134 Bailey Avenue,-78.81366,42.93998,2024-12-15,3444
4b00a937f7931e1e,315 State Street,-73.94308,42.81421,2024-12-15,3445
bb91d54caf1b7461,2295 Hempstead Turnpike,-73.55042,40.72554,2024-12-15,3446
17555c99e3e2213f,24 Glen Avenue,-74.93454,42.69859,2024-12-15,3447
0a95d002237e9cd7,3065 Niagara Falls Boulevard,-78.82163,43.03804,2024-12-15,3448
1e1b929de0762424,3701  NY Route 43,-73.60694,42.64369,2024-12-15,3449
31ea030b65b73dc8,2 North Main Street,-76.18381,42.22382,2024-12-15,3450
48647693f3e11df7,2604 West State Street,-78.4588,42.07767,2024-12-15,3451
d9d1480d2838b39f,405 Park Avenue,-73.97191,40.75984,2024-12-15,3452
add2d3d9eedd8fd7,Route 37 & Ford Street,-75.45594,44.70545,2024-12-15,3453
71df3e3669f9eadd,305 Seventh Avenue,-73.99368,40.74677,2024-12-15,3454
548516868e1b9cca,2031 Doubleday Avenue,-73.84655,43.0147,2024-12-15,3455
a4aa826a25686c07,215 Tecumesh Road,-76.11022,43.02769,2024-12-15,3456
c121ed2016b2014a,76-02 Northern Boulevard,-73.89019,40.75472,2024-12-15,3457
9ffca7a7898c9753,2318 Delaware Avenue,-78.86862,42.94712,2024-12-15,3458
90bd5368b4ee4919,43 South Main Street,-78.00318,42.71757,2024-12-15,3459
21eff6ae4ef3db19,6280 Furnace Road,-77.28196,43.2263,2024-12-15,3460
6a595d7dc72d36a2,401 Broad Hollow Road,-73.41851,40.77852,2024-12-15,3461
6f99cf5c7b9d0dc7,6000 South Park Avenue,-78.82507,42.73402,2024-12-15,3462
20013c858ecbdeaf,49 Beekman Avenue,-73.86047,41.08488,2024-12-15,3463
3c2fade9126c6204,1 Fountain Plaza,-78.87346,42.88865,2024-12-15,3464
31b90baf2a30243f,63 Oak Street,-75.41398,42.05514,2024-12-15,3465
f98454aa57181e1a,2199 Seneca Street,-78.80697,42.85265,2024-12-15,3466
3b2fcf37aedd9c4d,4291 Route 9G,-73.89157,42.13457,2024-12-15,3467
90d97bc2d3dca4cc,1961 Commerce Street,-73.7816,41.27551,2024-12-15,3468
f281c6fdbbd619af,700 North Main Street,-76.12674,43.14355,2024-12-15,3470
56a71c11c76b890d,800 Main Street,-79.05568,43.09683,2024-12-15,3471
2bc742aa7878bd92,455 Hoosick Street,-73.65939,42.73947,2024-12-15,3472
df825ffebf9ddc99,62 Church Street,-75.46666,44.33538,2024-12-15,3473
805458d29403100b,6004 Court Street Road,-76.1029,43.0814,2024-12-15,3474
52c15ad07fbef4c9,3175 Chili Avenue,-77.74309,43.10663,2024-12-15,3475
a8c8ab718dab5a5c,126 North Main Street,-72.18208,40.96966,2024-12-15,3476
79e648a0a62327f6,18 Anawana Lake Road,-74.67665,41.66733,2024-12-15,3477
7c61a7db12d3f28a,Route 327 81,-73.97213,42.43932,2024-12-15,3478
046528a3437337d0,5510 Camp Road,-78.84344,42.73708,2024-12-15,3479
34d6de5bcfca3d3b,99 Park Avenue,-73.97872,40.75049,2024-12-15,3480
c70383fb90318838,5063 U.S. Avenue,-73.44835,44.68233,2024-12-15,3481
8d728ef09dd99343,2300 Downer Street,-76.34651,43.15171,2024-12-15,3482
f2b00349742d1f8b,17 North Main Street,-78.08316,42.6599,2024-12-15,3483
5c050f181af55862,201 Amherst Drive,-78.8959,42.93595,2024-12-15,3484
e5080573bfe6790e,825 Fairport Road,-77.48491,43.10237,2024-12-15,3485
bd3f7ff0c129fcb4,45 Main Street,-78.18516,42.9978,2024-12-15,3486
7e102096e615aa0b,2800 Ford Street Extension,-75.46035,44.70651,2024-12-15,3487
bd07109bcdb0f8ab,329 Fayette Street,-75.98422,43.00524,2024-12-15,3488
eb2ad71a260bafb9,1536 Westchester,-73.8784,40.82865,2024-12-15,3489
d623db07605152a3,1708 Broadway,-73.96112,42.79916,2024-12-15,3490
57cbfa1ead8b5314,3050 Niagara Falls Boulevard,-78.82417,43.03771,2024-12-15,3491
950a262948ca03b8,1 Merrick Avenue,-73.5767,40.7224,2024-12-15,3492
92c5590ff6bea728,1572 State Highway 26,-75.7835,42.64511,2024-12-15,3493
cffa46b3ffb90dff,2141 Elmwood Avenue,-78.87695,42.95589,2024-12-15,3494
cda642e8ae82bec8,47-49 Front Street,-75.91873,42.09521,2024-12-15,3495
f8253eff4a7d165a,1100 Route 55,-73.80263,41.67173,2024-12-15,3496
30b00954027e9b0c,706 Freedom Plains Road--Rte 55,-73.83918,41.66956,2024-12-15,3497
556826a2e2f53991,30 West Utica Street,-76.5117,43.45174,2024-12-15,3498
790e290c3176b52a,2157 Main Street,-78.84927,42.92864,2024-12-15,3499
c79784c284f5ae53,135 Hamburg Street,-78.63228,42.76504,2024-12-15,3500
1e20bbc8bb784cdb,1400 Old Northern Boulevard,-73.64746,40.80101,2024-12-15,3501
0f808681bd4c444d,630 Route 6,-73.73333,41.37265,2024-12-15,3502
923abcc361c07923,103 Peterboro Street,-75.75116,43.07967,2024-12-15,3503
28fe0a9ef1809959,609 Moseley Road,-77.44289,43.07015,2024-12-15,3504
167895878c4d4075,2600 Route 55,-73.68533,41.62295,2024-12-15,3505
722cc7c9e391139a,7647 State Street,-75.48111,43.7895,2024-12-15,3506
d9f365c8aa9ad9f3,740 Maple Road,-78.7604,42.99188,2024-12-15,3508
6bf62f5936a6283b,14 Main Street,-73.35053,42.90167,2024-12-15,3509
7c239acd3513a95a,3 South Main Street,-78.38876,43.3211,2024-12-15,3510
f18e685a9e9b514c,721 East Jericho Turnpike,-73.38267,40.83503,2024-12-15,3511
598ce43a58a1393e,1256 Front Street,-75.89614,42.15688,2024-12-15,3512
1cb42ceca8199208,3 Cavalry Drive,-73.98844,41.15402,2024-12-15,3513
c855204d1d422f71,270 Genesee Street,-75.23625,43.09895,2024-12-15,3514
80651f2baa56e247,2 EAST AVENUE,-77.79136,43.2882,2024-12-15,3515
cc5084ff6830900e,57 South Buffalo,-78.82949,42.71433,2024-12-15,3516
0508b654da4fd932,258 Main Street,-73.9536,42.07749,2024-12-15,3517
ebb71da06fca631e,9094 Erie Road,-79.04946,42.63742,2024-12-15,3518
de36e42c918277e9,1516 Route 55,-73.76304,41.67058,2024-12-15,3519
6e499b633492b59a,676 White Plains Road,-73.8068,40.97008,2024-12-15,3520
9a4e66d19a6c98cb,411 Jericho Turnpike,-73.65149,40.74535,2024-12-15,3521
481214f8a399e862,295 Broadway,-73.78634,43.07779,2024-12-15,3522
3a048df61d13b5fd,1663 East 17th,-73.95643,40.60923,2024-12-15,3523
c2448462146852b8,33 Main Street,-74.82665,41.90151,2024-12-15,3524
abef48d29a5cf96b,1100 Wehrle Drive,-78.74341,42.94962,2024-12-15,3525
c8e6dfe2a641f91b,3900 Maple Road,-78.81965,42.99146,2024-12-15,3526
38202ca3b5811d84,118 Genesee Street,-75.64357,43.07965,2024-12-15,3527
b215498604328f74,11 Division Street,-74.19308,42.9388,2024-12-15,3529
ab8fd72afa4f7eef,Faith Plaza Route 9W,-73.81635,42.46717,2024-12-15,3530
6b4a7ed714762219,307 Main Street,-74.31576,41.40757,2024-12-15,3531
3175e4b1db7a316d,7104 Woodhaven Boulevard,-73.85987,40.71162,2024-12-15,3532
0cfa07b7867b5ddc,131 Oriskany Boulevard,-75.29383,43.11984,2024-12-15,3533
fa1e49e74d49bd58,255 Genesee Street,-75.23512,43.09948,2024-12-15,3534
538b7b4620dded56,5 Park Place,-75.16686,44.59509,2024-12-15,3535
427ac4e657fd6b22,621 Bay Street,-74.07569,40.62699,2024-12-15,3536
5985a9f9c1aad58c,527 Piermont Avenue,-73.91612,41.04157,2024-12-15,3538
e93e5505dee57fde,100 Manhattanville Road,-73.71553,41.02644,2024-12-15,3539
ef48ef838151e854,115 South Main Street,-73.99058,41.14329,2024-12-15,3540
9e1d0afea9e7bccc,22 Grant Avenue,-76.04588,42.10357,2024-12-15,3541
2bae4e95784f3fac,5741 South Transit Road,-78.6969,43.14649,2024-12-15,3542
20bcad9b81b8af79,233 Genesee Street,-75.23321,43.1004,2024-12-15,3543
53f4384161f30bf3,61-35 Junction Boulevard,-73.86418,40.73344,2024-12-15,3544
6cd97bd093c964eb,405 Lexington Avenue,-73.97567,40.75196,2024-12-15,3545
f9280e847baf823c,120 Broad Hollow Road,-73.42892,40.71301,2024-12-15,3546
6548afb20d5ad605,2595 Hylan Boulevard,-74.11193,40.56841,2024-12-15,3547
e55895ea8a55f35a,3177 Latta Road,-77.69876,43.25163,2024-12-15,3548
2a8dfa8de89bb8b5,4864 Route 52,-74.93385,41.78073,2024-12-15,3549
3fa669ec46af58cb,182 Main Street,-75.52604,42.22828,2024-12-15,3550
f3b237be0945ef92,61-49 188 Street,-73.78618,40.73992,2024-12-15,3551
68d1ce373a1826b9,499 Park Avenue,-73.96986,40.76264,2024-12-15,3552
06d14db41ba63749,936 Third Avenue,-73.9679,40.75974,2024-12-15,3553
f80c2b06c12a332d,8252 North Main St,-78.8918,42.66247,2024-12-15,3554
052c27cec98279e9,770 Chestnut Ridge Road,-74.05539,41.08443,2024-12-15,3555
1883052bfbb892ef,4224 Ridge Lea Road,-78.81335,42.99683,2024-12-15,3556
5c9fcc151f79f056,950 Montauk Highway,-72.86199,40.80181,2024-12-15,3557
54828c86f2c4b53f,410 Towne Road,-76.01897,43.02948,2024-12-15,3558
9d4083a1f22be6b7,30 East Main Street,-79.33039,42.44061,2024-12-15,3559
8876c42870ad1ca2,7538 Oswego Road,-76.22342,43.13567,2024-12-15,3561
f165509fe52fd85a,280 St. Nicholas Avenue,-73.95293,40.81031,2024-12-15,3562
4085787ed645b264,18 East Montauk Highway,-72.52241,40.87845,2024-12-15,3563
858e86a91b56a088,282 Main Street,-75.93986,42.10855,2024-12-15,3564
fc66e0553144f8eb,185-18 Horace Harding Expressway,-73.7888,40.74001,2024-12-15,3565
8e43f048ab30616f,4499 State Route 17B,-75.04487,41.76179,2024-12-15,3566
dd312f098f43dfbc,2995 Long Beach Road,-73.6394,40.63814,2024-12-15,3567
9622fb8ce3c0871f,66 Main Street,-77.8167,42.79657,2024-12-15,3568
db3dde1b32a91ae4,4892 West Seneca Turnpike,-76.17726,43.00509,2024-12-15,3569
815d02c8ff013e36,204 West First Street,-76.51094,43.456,2024-12-15,3570
21134fee9f371e0e,360 Route 211,-74.39369,41.45488,2024-12-15,3571
2d7c9bcd0b650cf8,3171 Sheridan Drive,-78.81585,42.97992,2024-12-15,3572
bffd5215bc5bbf17,10 Canal Street,-75.59687,42.44284,2024-12-15,3573
508f90741d04c477,1320 Stony Brook Rd.,-73.1189,40.87634,2024-12-15,3574
8ffe582a139013a4,556 Merrick Road,-73.63353,40.65406,2024-12-15,3575
df2a4f87fdab1fc8,4564 Main Street,-78.78158,42.9627,2024-12-15,3576
edf1c9cc5d07ab41,903 Montauk Highway,-73.04816,40.74845,2024-12-15,3577
221d5b796da7ac2e,801 James Street,-76.1403,43.05678,2024-12-15,3578
160e07f5ac39f962,225 Guideboard Road,-73.74175,42.8383,2024-12-15,3579
742010b0cfa538a5,2858 Delaware Avenue,-78.86995,42.96205,2024-12-15,3580
89358b03991c016b,134 EAST MAIN STREET,-75.0705,43.03846,2024-12-15,3581
8ebc06ef627da778,2320 Central Park Avenue,-73.82949,40.97756,2024-12-15,3582
f0585349f7073ce2,88 Fourth Street,-73.79653,40.91036,2024-12-15,3583
337e0093b50541d0,3621 Broadway @ 149th Street,-73.94857,40.82915,2024-12-15,3584
c6465dc47a24b13c,55 West 125th Street,-73.94424,40.80726,2024-12-15,3585
a57540db9c40d20f,529 Elmwood Avenue,-78.8771,42.91142,2024-12-15,3586
11cd914033fba62c,5737 South Transit Road,-78.69629,43.14737,2024-12-15,3587
d45fdb840bbef6ce,9013 Main Street,-78.25191,42.39234,2024-12-15,3588
78de3e8e2071f44b,4773 State Highway Route 30,-74.18827,42.97644,2024-12-15,3589
b42eb35b17134a8e,1982 East Ridge Road,-77.56487,43.20306,2024-12-15,3590
1223eec6a3885f97,"433 State Street, Suite 130",-73.94177,42.81379,2024-12-15,3591
3575479cdc99360f,723 Main Street,-74.64919,42.148,2024-12-15,3592
6b326afea5092da8,54 State Street,-73.75157,42.64919,2024-12-15,3593
006a09589299cbec,119 Temple Hill Road,-74.05853,41.45549,2024-12-15,3594
4f0c1be45c967ba5,231 East Genesee Street,-76.14991,43.04978,2024-12-15,3595
80221215f88231c0,9328 Transit Road,-78.698,43.02379,2024-12-15,3596
f5c5c214199034ed,3636 Dewey Avenue,-77.64648,43.23605,2024-12-15,3597
63e4d261f1fe3746,500 EAST GENESEE STREET,-76.00421,43.03004,2024-12-15,3598
347035b72f437f1c,10 Milton Avenue,-73.96403,41.71791,2024-12-15,3599
0a6aaebd3a382bde,3283 Main Street,-76.23026,43.45936,2024-12-15,3600
876f638b82a2425d,1766 Uniion Street,-73.89887,42.80182,2024-12-15,3601
e52fac8459d5f310,1280 Union Turnpike,-73.6986,40.75322,2024-12-15,3602
03cd3678727c87d6,9 Clifton Country Road,-73.78157,42.86013,2024-12-15,3603
79dbebffe036bd56,805 Cayuga Street,-79.03544,43.17068,2024-12-15,3604
d00ac6d0a1030b3f,195 Front Street,-76.26029,42.10265,2024-12-15,3605
70fccbbfebbd485a,58-68 Exchange Street,-75.90978,42.09755,2024-12-15,3606
7e9e8eacb2b8e49d,7300 Transit Road,-78.69737,42.96698,2024-12-15,3607
9376297d1211598b,4950 Main Street,-78.77123,42.96027,2024-12-15,3608
b5f1b2aed3713d84,3565 Main Street,-74.13983,41.85231,2024-12-15,3609
6e60e2d886a6c25f,3380 Fulton,-73.87085,40.68389,2024-12-15,3610
dd2d1ddf4c00d682,5996 New Hartford Street,-76.81442,43.21916,2024-12-15,3611
aae438c32205e870,10 East Genesee Street,-76.33153,43.15878,2024-12-15,3612
a730ca28635827af,7095 Manlius Center Road,-76.03167,43.06274,2024-12-15,3614
d52e24b4ae1e04e1,50 Main Street,-73.74745,41.21505,2024-12-15,3615
85042146ec57023f,149-153 Robinson Street,-75.88971,42.10751,2024-12-15,3616
9806bb8217e8ec10,59 Main Street,-78.83192,42.71629,2024-12-15,3617
07f50fc0b5ca5ef8,6687 Transit Road,-78.69634,42.9533,2024-12-15,3618
9e1802ffcf63a2c2,5207 Broadway,-78.68045,42.90084,2024-12-15,3619
ae31488f35b7be40,1205 Niagara Falls Boulevard,-78.8224,42.9869,2024-12-15,3620
7464df2841dc912d,225 Havemeyer,-73.95911,40.70913,2024-12-15,3621
94648a615e3acc50,200 Water Street,-76.04498,44.00617,2024-12-15,3622
1a904f8c83e1a972,1725 Black River Boulevard,-75.43873,43.23264,2024-12-15,3623
b22091a215715f99,64-19 Woodhaven Boulevard,-73.86599,40.72097,2024-12-15,3624
3ad362d30bfba82f,355 West Genesee Street,-76.59103,42.91989,2024-12-15,3625
a9bc7b49d89540b6,1100 Hylan Boulevard,-74.07898,40.59851,2024-12-15,3626
b59b2bba100757db,1989 Clinton Street,-78.80282,42.8718,2024-12-15,3627
c526560fc7729fb4,703 Troy-Schenectday Road,-73.77655,42.75681,2024-12-15,3629
4492d96d2f7eeaac,420 Old Post Road,-73.65547,41.19584,2024-12-15,3630
3f0743da8d4ce360,11567 State Route 32,-74.01717,42.42799,2024-12-15,3631
534bcd4fa34d4121,3016 Route 50,-73.7481,43.10045,2024-12-15,3632
fd821e2611b8ac17,2157 Seneca Street,-78.80839,42.85364,2024-12-15,3633
a5e1ea9977f6cfed,Route 17M  and  Route 6,-74.42197,41.43798,2024-12-15,3634
8c0770d179dd8b87,12 Spencerport Road,-77.69462,43.16703,2024-12-15,3635
8d292906af156395,50 Jericho Quadrangle,-73.55523,40.78482,2024-12-15,3636
3e768f2df6588e47,2490 Corning Road,-76.83278,42.15011,2024-12-15,3637
7295f92bd050d481,100 Broadway,-73.73187,42.68331,2024-12-15,3638
49b34640b3ad58a5,Corner State Route 12 & County Route 320,-75.51909,42.5552,2024-12-15,3639
b236d79f295860b4,97 Glasgow Street,-76.86956,43.08406,2024-12-15,3640
c80782f0c1dce75c,2201 Penfield Road,-77.43957,43.1303,2024-12-15,3641
11168929461c9af5,195 Main Street,-73.96616,41.36607,2024-12-15,3642
ec308be9e617c271,150 Main Street,-78.68888,43.17069,2024-12-15,3643
f405d44f37af35d0,1627 Monroe Avenue,-77.57029,43.13128,2024-12-15,3644
4b5e6ed2c365a743,3640 James Street,-76.09469,43.06868,2024-12-15,3645
cbbdc8407265f770,65 BROAD STREET,-78.87736,43.01862,2024-12-15,3646
bdb56e9f00c211a3,1955 Buffalo Road,-77.70665,43.14832,2024-12-15,3647
20903521a45302ea,185 Broadway (Route 9W),-73.97638,41.90625,2024-12-15,3648
147a3535165f46c5,2155 Penfield Road,-77.4425,43.13028,2024-12-15,3649
9947e29213038b76,101 Palatine Plaza,-74.59103,42.91523,2024-12-15,3650
4f00f968b92b81de,163 West Merrick Road,-73.70355,40.66634,2024-12-15,3651
9b652237bb95e35b,56 South Main Street,-75.05964,42.45343,2024-12-15,3652
6f4e774aa944fdea,55 Main Street,-74.31453,42.0832,2024-12-15,3653
f61395a43af8b3aa,23-25 North Station Plaza,-73.72659,40.78748,2024-12-15,3654
009a1dd657617a08,525 Vischer Ferry Road,-73.81976,42.86846,2024-12-15,3655
2559ecb24eb50d39,1 West Sixth Street,-79.24224,42.09892,2024-12-15,3656
e11998bb068a1ff1,591 Route 6N,-73.76069,41.37479,2024-12-15,3657
a4d7efce60427aec,95 Madison Avenue,-73.98538,40.74444,2024-12-15,3658
f6cb5859a54d45d9,130 Main Street,-77.28047,42.88579,2024-12-15,3660
acb15cfa4782315b,2911 Walden Avenue,-78.72705,42.90853,2024-12-15,3661
f75df7dd19756f3c,748 Allerton,-73.86559,40.86546,2024-12-15,3662
add244a36f397473,200 Main Street,-73.97438,41.50754,2024-12-15,3663
6c18eeb898f4cbee,3375 Seneca Turnpike,-75.75321,43.07012,2024-12-15,3664
6bb6e3e302c496f5,One Commons Drive,-74.9631,42.64986,2024-12-15,3665
95355371507ce515,5499 Nesconset Highway,-73.03205,40.93226,2024-12-15,3666
16785e50dbd87165,106 East Main Street,-79.57498,42.32411,2024-12-15,3667
8afd9bcfe4fea123,134-66 Springfield Boulevard,-73.75439,40.6788,2024-12-15,3669
07b0c77463df7c35,3225 State Route 364,-77.2507,42.87497,2024-12-15,3670
5e1afe11d67c0642,2547 Youngstown/Lockport Road,-78.90976,43.23887,2024-12-15,3671
1746167d01dee58f,"40 Station Drive, Building A",-73.3588,40.75567,2024-12-15,3672
fdfbe62a9b39687e,33 West State Street,-75.90546,42.10926,2024-12-15,3673
ef694c5af6e6030d,118 State Highway 320,-75.52425,42.55313,2024-12-15,3674
5592841b7bacf918,1776 Sheridan Drive,-78.86815,42.9817,2024-12-15,3675
5ba22f2579d5556e,3408 Jerome Avenue,-73.88317,40.88104,2024-12-15,3676
5a06dda2bb519bd1,3980 Sheridan Drive,-78.78663,42.97924,2024-12-15,3677
f639840ea177d45a,50 Route 111,-73.18805,40.85276,2024-12-15,3678
c5661926b1612d0e,3333 West Henrietta,-77.6454,43.08936,2024-12-15,3679
1d7df00fada8aca2,4763 Salina Street,-76.12704,43.56241,2024-12-15,3680
b1775e25811e18da,101-25 Queens Boulevard,-73.85215,40.72655,2024-12-15,3681
e1b7af65c22151c4,Routes 5 & 20,-79.10435,42.56796,2024-12-15,3682
55e1dd4bf893c496,21877 Towne Center Drive,-75.96314,43.97254,2024-12-15,3683
947d7c448c0b0d63,46 College Avenue,-74.00758,41.09403,2024-12-15,3684
3f57b065b82f80ac,1281 Route 9,-73.90973,41.57529,2024-12-15,3685
602f5bb1cebae28d,388 Feura Bush Road,-73.79517,42.60073,2024-12-15,3686
4c2db2db24e88b26,37-29 Junction Boulevard,-73.8703,40.75067,2024-12-15,3687
f38ea75125e47585,1800 Genesee Street,-75.25828,43.08869,2024-12-15,3688
1ec84dc8b04c7724,2099 Broadway,-73.98184,40.77951,2024-12-15,3689
25a2c9fad3134840,397 First Avenue,-73.97867,40.73675,2024-12-15,3690
7ade856b182c70b8,110 Main Street,-73.6364,43.30001,2024-12-15,3691
3e4b840f1bb23c29,66-02 Grand Avenue,-73.89845,40.72428,2024-12-15,3692
9af25eb8d63ab0d6,310 Lenox Avenue,-73.94507,40.80824,2024-12-15,3693
67e679378c8b37c4,5334 Southwestern Boulevard,-78.8685,42.74249,2024-12-15,3694
dc0f8bc3d6c84905,1510 West Genesee Street,-76.18425,43.05233,2024-12-15,3695
e4c76b116b051ea4,8591 Main Street,-78.897,42.65229,2024-12-15,3696
19b8634df797aaf5,8250 Manilus-Cazenovia Road,-75.9563,42.99109,2024-12-15,3697
8f9183c7ccf79221,23 Main Street,-79.3915,42.15887,2024-12-15,3698
9351aae36c8cf64d,1157 Wantagh Avenue,-73.50626,40.69446,2024-12-15,3699
a45cc619d08b2b15,570 Dick Road,-78.73704,42.9173,2024-12-15,3700
3271d02e3af702d5,55 Burnett Boulevard,-73.88852,41.69952,2024-12-15,3701
57c464c68490c91c,108 North Front Street,-74.02332,41.93501,2024-12-15,3702
10eca2bde5d6fc7a,507 Route 67,-73.79438,42.97101,2024-12-15,3703
a93543ecfa859a8b,86 Glen Street,-73.64297,43.30845,2024-12-15,3704
371bb69026080b1a,4726 Onondaga Boulevard,-76.19336,43.03246,2024-12-15,3705
6787b196a8c84cfa,191 Main Street,-74.0778,41.74585,2024-12-15,3706
1294b59a144ae439,100 River Road,-78.88024,43.02532,2024-12-15,3707
a26971019ac97915,1228 Route 300,-74.07013,41.50083,2024-12-15,3708
47b9f6a5056e9812,782 Hoosick Road -- Route 7,-73.63746,42.74822,2024-12-15,3709
80229f6fa08c3d87,20 West Main Street,-74.37589,42.95444,2024-12-15,3711
cedc7d5233fe8b49,354 Flatbush Avenue,-73.97162,40.67602,2024-12-15,3712
7b28e6626af5bdba,584 Route 9,-73.8915,41.52838,2024-12-15,3713
e7f0946838542386,450 Third Avenue,-73.97935,40.74405,2024-12-15,3714
ddc5fbb5e61a8b4c,1882 East Avenue,-77.55359,43.14522,2024-12-15,3715
8bfc2c210ccff223,245 West Bridge Street,-73.88122,42.21461,2024-12-15,3716
72e53f82a1112140,975 Bedford Avenue,-73.95535,40.69063,2024-12-15,3717
b825dffb8a9839e8,135 Delaware Avenue,-78.8771,42.88828,2024-12-15,3718
7c3e86f64a222283,1785 Victory Boulevard,-74.12288,40.61305,2024-12-15,3719
2f440350818cb396,200 Oakdale Mall,-75.97227,42.125059,2024-12-15,3720
9ba2ecb463b08891,265 North Broadway,-73.52946,40.7775,2024-12-15,3721
c53e188c30d5c31d,138 Albany Street,-75.84887,42.92951,2024-12-15,3722
3370b7a74f380bd0,1703 Route 9,-73.76898,42.86377,2024-12-15,3723
76f21a22d1e65379,1314 Fairport Road,-77.46125,43.10172,2024-12-15,3724
51a61fd61840db34,6195 East Molley Road,-76.0916,43.10014,2024-12-15,3725
0b1ddbf6790cbd70,25 Hill Street,-72.39407,40.88391,2024-12-15,3726
c6c151ee9015dc92,264 East Merrick Road,-73.68872,40.66189,2024-12-15,3727
6a27db3e0f78814c,1525 Route 22,-73.57802,41.42277,2024-12-15,3728
c00dabf046aa6c8f,108 Second Street,-75.42486,42.06201,2024-12-15,3729
df863a5581b77e68,115 East Fourth Street,-79.23942,42.09756,2024-12-15,3730
90928b0ee6dd5b4d,230 Arden Avenue,-74.19281,40.55387,2024-12-15,3731
9f7469cdac0cdc9b,33 East Genesee Street,-76.42815,42.94572,2024-12-15,3732
d529bea73e591627,107-40 Queens Boulevard,-73.84486,40.72154,2024-12-15,3733
dc40d5c2c3c6be44,285 Delaware Avenue,-78.87621,42.8925,2024-12-15,3734
127ab28a3ddd9548,819 Bennie Road,-76.21865,42.57021,2024-12-15,3735
ed40ca97b114a444,455 Route 306,-74.07076,41.1559,2024-12-15,3736
ffa88b698321d041,130 Grant Street,-78.89082,42.91745,2024-12-15,3737
80f24c9861e50955,60 June Road,-73.59118,41.32771,2024-12-15,3738
8cb13126e60d0394,8489 South Main Street,-75.8074,44.08756,2024-12-15,3739
59a6a6b3a736ea83,498 Walt Whitman Road,-73.40976,40.81269,2024-12-15,3740
cf0bfa8b7929eb7d,20-22 Fowler Street,-74.6903,41.37264,2024-12-15,3741
ccd7431a86fb931c,2 South Main Street,-75.33231,42.62433,2024-12-15,3742
29b45002e6058bbb,5110 Main Street,-78.76229,42.95997,2024-12-15,3743
4005dcf578e6ee2e,1833 Hylan Boulevard,-74.09472,40.58468,2024-12-15,3744
a3b50c9230a47c9f,204 Fayette Street,-75.98075,43.00288,2024-12-15,3745
00fe1ac1529af2c5,5771 Camp Road,-78.83494,42.72989,2024-12-15,3746
256bf8e3b9a75681,200 Washington Street,-75.91095,43.97384,2024-12-15,3747
f91350e54e8c22b7,66-60 Fresh Pond Road,-73.8973,40.70724,2024-12-15,3748
25ad6321e8f6a113,267 Old Country Road,-73.60997,40.74402,2024-12-15,3749
2bc20b77f48db1ba,138 State Route 104,-76.48671,43.46014,2024-12-15,3750
3900e4b9e0ba62aa,31 East Fourth Street,-79.33342,42.48332,2024-12-15,3751
48254cb134109880,313 North Greenbush Road -- Route 4,-73.69033,42.67696,2024-12-15,3752
95a5b0b9edef0fdf,90 Northern Boulevard,-73.62979,40.80901,2024-12-15,3753
e0784930046d364f,90-15 Queens Boulevard,-73.86993,40.73358,2024-12-15,3754
10aae292121c2ebb,1385 LYELL AVENUE,-77.66205,43.16465,2024-12-15,3755
08d527bc14f5b54b,103 Main Street,-74.92535,42.70073,2024-12-15,3756
59ce0f6565427f9e,1080 McKinley Mall,-78.81007,42.78535,2024-12-15,3757
39c2add142fc1572,6375 Mill Street,-73.91285,41.92598,2024-12-15,3758
0e77b0fb2c3ca375,319 NORTH MAIN STREET,-74.98903,43.0287,2024-12-15,3759
507fc827bf4c0c03,1580 Hertel Avenue,-78.84941,42.94767,2024-12-15,3760
ccc9a4e9ba157526,2109 Routes 5,-76.82538,42.90801,2024-12-15,3761
32bcb1ebffaf591f,111-01 Merrick Road,-73.41771,40.67127,2024-12-15,3762
29605ed8a1a734f0,301 Second Avenue,-76.20843,43.10334,2024-12-15,3763
6a0ac63233ae9a41,38 South Broadway,-73.8989,40.93264,2024-12-15,3764
c0307e2b2091c20c,1071 Payne Avenue,-78.87807,43.05195,2024-12-15,3765
25bbc7dee315c5b9,2429 Military Road,-78.97659,43.10214,2024-12-15,3766
8db7a247e0b870e8,984 North Broadway,-73.88437,40.96838,2024-12-15,3767
be4f4f89fa7088b0,1568 Route 9,-73.90874,41.59647,2024-12-15,3768
dc2f6df4175147c0,4323 18th,-73.97689,40.63085,2024-12-15,3769
1198578ee35c5c35,19 Corporate Woods Boulevard,-73.76483,42.68108,2024-12-15,3770
f8172a91a2a98112,426 Chestnut Street,-75.09484,42.4552,2024-12-15,3771
878129ec7b33095e,399 East Albany Street,-74.97967,43.02805,2024-12-15,3772
9bccabdfafcafef6,2495 Main Street,-78.84259,42.93601,2024-12-15,3773
b3bcc601c6bd3c7a,49 State Route 296,-74.23058,42.30521,2024-12-15,3774
d990dea8292c170b,251 Main Street,-73.72586,41.20154,2024-12-15,3775
687253cf4e21e428,908 Fairport Road,-77.48009,43.10274,2024-12-15,3776
911e992c34e33f65,7350 Niagra Falls Boulevard,-78.98015,43.08832,2024-12-15,3778
003accb7ca1ce473,3078 Bridge Street,-75.01536,43.18559,2024-12-15,3779
8e16e25fa8b9684d,271 Main Street,-78.42349,42.534,2024-12-15,3780
dc481fd8a30a8931,1325 Franklin Avenue Plaza,-73.63741,40.73423,2024-12-15,3781
8855cb6db0ff9450,41 Main Street,-74.89305,44.93204,2024-12-15,3782
41b279f224e97b38,425 Niagara Street,-78.8863,42.89602,2024-12-15,3783
a0f5e78d9fac59a0,43 Albany Street,-75.85424,42.9299,2024-12-15,3784
7839bf80d964cdca,100 Duffy Avenue,-73.52835,40.76602,2024-12-15,3785
562f70a13d4ac6aa,595 New Loudon Road,-73.76006,42.72753,2024-12-15,3786
7e8c111506792d98,525 Old Country Road,-73.49937,40.76966,2024-12-15,3787
d317d51f64733f77,3550 Brewerton Road,-76.14524,43.11473,2024-12-15,3788
7e2c549ba4ec5994,2220 Forest Avenue,-74.16343,40.62638,2024-12-15,3789
840e29d65075c733,5170 West Taft Road,-76.15881,43.12153,2024-12-15,3790
80afafe3bf99a3fd,1848 Empire Boulevard,-77.50386,43.19001,2024-12-15,3791
9f55c23a44c91e75,1 West Street,-75.24414,42.69773,2024-12-15,3792
59b737e011c0d254,4098 North Buffalo Street,-78.74501,42.77171,2024-12-15,3793
9d59022f7db10577,755 Co-Op City Blvd.,-73.82663,40.88003,2024-12-15,3794
84044c6993e0874e,2 Courtney Drive,-77.43833,43.06826,2024-12-15,3795
837a5d214df9361e,600 ROWLEY ROAD,-77.44345,43.00884,2024-12-15,3796
8da7b3dd2c7745d2,7379 Oswego Road,-76.21936,43.1287,2024-12-15,3797
9c0ef09e70cddc63,201 South Warren Street,-76.1508,43.04938,2024-12-15,3798
213f80ba667f4116,3637 Delaware Avenue,-78.87223,42.98387,2024-12-15,3799
8ba80ce38a262bb5,3879 Amboy Road,-74.14793,40.55185,2024-12-15,3800
90f61a06d9ad8b6b,725 Irving Avenue,-76.1379,43.04161,2024-12-15,3801
7e673aa026d05c52,9220 Main Street,-78.64665,42.96995,2024-12-15,3802
b0526eb287e36241,399 Exchange Street,-76.98054,42.86904,2024-12-15,3803
a7ea22ac948f750a,53345 Main Road,-72.42956,41.06401,2024-12-15,3804
e30e306c1d743ed9,860 NYS Route 13,-76.21768,42.57269,2024-12-15,3805
e1fc5ffbb1a6955b,1050 Forbell Street,-73.86129,40.66402,2024-12-15,3806
c9ba35600d55e921,555 Patroon Creek Boulevard,-73.80732,42.68381,2024-12-15,3807
0601e28416a5ce5c,8301 Niagara Falls Boulevard,-78.96906,43.08945,2024-12-15,3808
0edc60e09ffa9ec8,935 Hard Road,-77.46117,43.21183,2024-12-15,3809
c63f727a9cac487d,1 Clinton Street,-76.10906,42.79826,2024-12-15,3810
71fe0ff4176c24f6,2950 NYS Route 11,-75.97456,42.33651,2024-12-15,3811
5689c30ab626e0e6,8110-8112 5th Avenue,-74.02454,40.62484,2024-12-15,3812
7d77dd051fd330a1,831 Route 82,-73.81033,41.57935,2024-12-15,3813
3a713f79e193ffd9,3824 North Main Street,-77.18906,43.14316,2024-12-15,3814
e3af353b0d18747f,282 Port Richmond Avenue,-74.1356,40.63475,2024-12-15,3815
b6169206cdcf4ff8,999 EAST RIDGE ROAD,-77.59049,43.19699,2024-12-15,3816
f55ad6835ad7c9f7,100 South Avenue,-77.79107,43.28551,2024-12-15,3817
27b208ac55ca9065,1300 Jefferson Avenue,-78.85398,42.91055,2024-12-15,3818
b930253239c8da14,9015 North Seneca Street,-76.55927,43.05379,2024-12-15,3819
6daab89d476ea27c,407 Broadway,-74.00225,40.71892,2024-12-15,3820
d25ee64651ed82d5,5390 West Genesee Street,-76.27485,43.04106,2024-12-15,3821
045b448218829585,4106 Hylan Blvd.,-74.14796,40.53946,2024-12-15,3822
9dfe61b684db957f,1621 South Avenue,-76.15914,43.02117,2024-12-15,3823
f4d339cf8c88b938,1355 Oak Point,-73.8832,40.81066,2024-12-15,3824
e3cf2cb03127e14b,1555 Route 9,-73.910333,41.595156,2024-12-15,3825
9fbc4d7a1a10c70f,3165 Latta Road,-77.69583,43.25278,2024-12-15,3826
63e6e54f8698b3e3,301 Route 25A,-72.99256,40.94123,2024-12-15,3827
c68bd17cb4f1603a,3180 Route 9W,-73.95218,42.06058,2024-12-15,3828
fde4be2517497f41,One Atwell Road,-74.92312,42.69583,2024-12-15,3829
276c7bb485a145a3,1 East Main Street,-78.40563,42.9601,2024-12-15,3830
c64d2407a632093d,10 Slade Avenue,-78.7882,42.82951,2024-12-15,3831
1ca7f4994bbd49a6,5582 State Highway Route 7,-75.01771,42.46083,2024-12-15,3832
72236270b1e14bb0,2930 State Route 209,-74.49865,41.56594,2024-12-15,3833
e3fe3fe1154dfa0f,950 Ridge Road,-77.46542,43.2087,2024-12-15,3834
dfe0032f68575905,277 Buffalo Street,-78.82585,42.7227,2024-12-15,3835
486603d60cea1110,2327 Route 9 West,-73.81918,42.47696,2024-12-15,3836
753f2c1460a2c090,624 Route 211 East,-74.36812,41.46357,2024-12-15,3838
737d622bd1793891,610 Old Route 146,-73.77882,42.86406,2024-12-15,3839
b0f8b8d534db6497,246 South Highland Avenue,-73.86273,41.14248,2024-12-15,3840
a85c1bbd2852e76c,1425 Jefferson Road,-77.59184,43.08702,2024-12-15,3841
39f96880b95bda4a,300 Mamaroneck Avenue,-73.73481,40.95104,2024-12-15,3842
349d9bc55e97a71b,2 Fort Salonga Road,-73.30017,40.91215,2024-12-15,3843
fba282527610cd44,7950 Brewerton Rd.,-76.12208,43.15528,2024-12-15,3844
5ccdb5ca0389f9fb,3392 State Route 11,-74.31242,44.84794,2024-12-15,3845
74203b0d56b23b03,101 Marshall Street,-76.1365,43.04163,2024-12-15,3846
48540956ce137e13,4 Williams Street,-76.87113,43.08236,2024-12-15,3847
ec9f3044d6d03e49,57 Wheeler Avenue,-73.79163,41.13452,2024-12-15,3848
de467503f704e12e,2801 James Street,-76.1073,43.0691,2024-12-15,3849
c4f8d88f9b081849,1050 Madison Market Place,-75.55303,42.84295,2024-12-15,3850
6852088505ab6f81,115 Sourth Ridge Street,-73.68096,41.00275,2024-12-15,3851
fd0c22deec4e588d,475 Albany Shaker Road,-73.77721,42.70825,2024-12-15,3852
8cc92135c9e134d2,3290 Monroe Avenue,-77.53868,43.10394,2024-12-15,3853
f4fb21bfdf5809dd,853 Black River Boulevard,-75.44735,43.22048,2024-12-15,3854
220078cf327c1622,150 Main Avenue -- Route 66,-73.63926,42.69533,2024-12-15,3855
668d61e1d4ab9df8,47-11 Queens Boulevard,-73.91709,40.74314,2024-12-15,3856
47d2eb32688177b5,One Education Drive,-73.59246,40.72996,2024-12-15,3857
9e7ad9f882202267,28 North Main Street,-77.59064,42.95386,2024-12-15,3858
489a19332bc613a1,123 Hurley Avenue,-74.03023,41.93741,2024-12-15,3860
feaba66d555c3e21,5958 South Salina Street,-76.1436,42.98371,2024-12-15,3861
548133379a6cfcce,1004 East Adam Street,-76.13588,43.04267,2024-12-15,3862
855d958c79ef47c5,41-60 Main Street.,-73.82867,40.7563,2024-12-15,3863
55703af60bba2787,6501 18th,-73.99033,40.61899,2024-12-15,3864
ee4d43d621c8cf93,220 West Jericho Turnpike,-73.52054,40.80572,2024-12-15,3865
a6554800dfa4fe64,16 West 46th Street,-73.98009,40.75648,2024-12-15,3866
bbbb5948e08555b7,2180 Union Road,-78.75484,42.86023,2024-12-15,3867
aa9909fa64f651f1,911 Central Avenue,-73.7908,42.68253,2024-12-15,3868
e2092a241842861e,15 Maiden Lane,-74.00918,40.70933,2024-12-15,3869
ea80ad8740db6114,100 Independent Way,-73.62836,41.4211,2024-12-15,3870
16c7349ce7d2b0d8,67 Jackson Street,-73.90553,41.5342,2024-12-15,3871
41c093d6a2e30d4d,135 Main Street,-73.92135,41.0915,2024-12-15,3872
9ebd936c767d13d6,556-02 North Country Road,-73.1547,40.88802,2024-12-15,3873
18d43940aee42b94,59 Route 59,-74.12967,41.1122,2024-12-15,3874
e9ddbbd3837e9757,5 Market Street,-77.05412,42.14333,2024-12-15,3875
869137bcfaa5876e,186 Route 52,-73.68151,41.43493,2024-12-15,3876
84c6bfd42cd66971,69 Main Street,-78.18428,42.99768,2024-12-15,3877
daaecf77ae0011d2,766 Yonkers Avenue,-73.8641,40.92282,2024-12-15,3878
36df1ad5ee04aed9,888 Route 11,-73.4458,44.97866,2024-12-15,3879
f35193b374052059,"194 Main Street, Route 20",-74.98063,42.85287,2024-12-15,3880
9adf609ec4ce486e,121 South First Street,-76.41592,43.32171,2024-12-15,3881
e93168ceca3f5039,2935 Veterans Road West,-74.23148,40.52707,2024-12-15,3882
6ba579e253821405,561 New Scotland Avenue,-73.80122,42.65627,2024-12-15,3883
50c647144cdfa2b3,10614 Main Street,-78.59232,42.98087,2024-12-15,3884
7d175f662d957c10,5455 Merrick Road,-73.43582,40.66852,2024-12-15,3885
2e8381e5050a78ec,1250 Upper Front Street,-75.89413,42.15572,2024-12-15,3886
1dd9d8c106e29a25,6567 Springbrook Avenue,-73.91011,41.93762,2024-12-15,3887
d17614d043b9514a,5 Maple Avenue,-74.35736,41.25985,2024-12-15,3888
73d6ec854e9dbdad,359 State Route 31,-77.35956,43.06495,2024-12-15,3889
fd14681f5cf5d0d0,"300 South State Street, Floor 1",-76.14744,43.04826,2024-12-15,3890
e40b08b213f269f4,145 Eastern Boulevard,-77.26389,42.877,2024-12-15,3891
555d3be3b76db080,19 Church Street,-74.74316,41.79908,2024-12-15,3892
094315fc66522b7e,142 North Comrie Avenue,-74.36057,43.01228,2024-12-15,3893
a7c7fa406bd66ada,331 Route 9W,-73.79109,42.60711,2024-12-15,3894
d3e1261d0ab51601,955-969 PAYNE AVENUE,-78.87594,43.04925,2024-12-15,3895
87c8ab80c322d8cd,55 Douglas Lane,-78.6309,42.76656,2024-12-15,3896
be6504ec4a467f07,1092 Old Country Road,-73.46884,40.77674,2024-12-15,3897
5427bd9545d93031,Route 59  and  Hemion Road,-74.13106,41.1125,2024-12-15,3898
edee7fd3419015c8,20974 State Route 3,-75.95388,43.9749,2024-12-15,3899
51f37aa23ecc8b3e,345 Main Street,-78.87497,42.88388,2024-12-15,3900
a31f29cfd45af3a7,28 EAST MAIN STREET,-77.61149,43.1569,2024-12-15,3901
fe1100ed6af98f59,270 Martine Avenue,-73.76324,41.03215,2024-12-15,3902
2d4d525dc96f39b7,3273 Seneca Turnpike,-75.75994,43.06871,2024-12-15,3903
c50e51b2ed79ac9e,5173 Sheridan Drive,-78.74124,42.97803,2024-12-15,3904
5bc8360a1b3ecbe6,1400 Miracle Mile Drive,-77.63028,43.08163,2024-12-15,3905
1c8597caa161162a,294 Main Street,-73.95424,42.07731,2024-12-15,3906
bcab9a36d1fcdc3d,242 Quaker Road,-73.65166,43.33222,2024-12-15,3907
2c9a19ce2c31716a,775 Palisades Avenue,-73.88523,40.96039,2024-12-15,3908
b687acc45be91bb8,3401 Erie Boulevard East,-76.06732,43.04716,2024-12-15,3909
6f6df2c18406eafb,2397 Maple Road,-78.69718,42.98929,2024-12-15,3910
851d2df23519fe9a,2743 Main Street,-78.70736,43.28179,2024-12-15,3912
eb8754d5bedbdbb6,74825 Main Road,-72.37363,41.09982,2024-12-15,3913
a96637aa3089f3fc,31 State Street,-77.51343,43.08997,2024-12-15,3914
bb48562cafae28e4,4500 Southwestern Boulevard,-78.82793,42.76252,2024-12-15,3915
18766af774e3cab7,525 Titus Avenue,-77.60264,43.2087,2024-12-15,3916
13bf6b8561d1bf61,4 Jefferson Plaza,-73.9345,41.70182,2024-12-15,3917
e76bff13306210f4,151 West Main Street,-74.07986,44.92651,2024-12-15,3918
b3fb8fc78878cb46,53 South Main Street,-74.74512,41.7988,2024-12-15,3919
96dc6bd2aedf1476,2267 Bellmore Avenue,-73.52345,40.66901,2024-12-15,3920
320e71439acaf144,148 VESTAL PARKWAY EAST,-76.05105,42.0864,2024-12-15,3921
1444e31677c34870,4707 Lake Road South,-77.94361,43.2008,2024-12-15,3922
6cd01127c338c4ea,355 E. 149th Street,-73.91927,40.81649,2024-12-15,3923
1742ea94db4cbb3b,1601 Veterans Highway,-73.18276,40.80782,2024-12-15,3924
43e3d6a943aa7a19,20 Jenison Avenue,-75.95295,42.11378,2024-12-15,3925
1b5a3840c864abb9,245 Broad Street,-76.54173,42.00098,2024-12-15,3926
22ea373ce93ee3d2,66-77 Fresh Pond Road,-73.89698,40.7066,2024-12-15,3927
32736866c973cf78,3711 State Highway 30,-74.21722,43.0479,2024-12-15,3928
1ab3b39fd3d0e597,2225 Jericho Turnpike,-73.29088,40.84289,2024-12-15,3929
b0514c976dd6041f,101-09 Metropolitan Avenue,-73.85139,40.71074,2024-12-15,3930
32077ae15f8249ac,8550 Transit Road,-78.69771,43.00054,2024-12-15,3931
8b5ee4075f77649a,20 Ceder Street,-74.32203,41.77384,2024-12-15,3932
95e8bcec22396dea,3337 Consaul Road,-73.89134,42.78305,2024-12-15,3933
4c9a96303089afc1,84 Main Street,-78.28033,42.86402,2024-12-15,3935
030555b5abb392c5,7807 Fifth Avenue,-74.02367,40.62698,2024-12-15,3936
f4cf761058108ba7,306 West Ferry Street,-78.89024,42.91529,2024-12-15,3937
479ab3ca6e3abffa,11 West 42nd Street,-73.982,40.75395,2024-12-15,3938
0ffa953ffac64807,450 North Union Street,-78.42931,42.08381,2024-12-15,3939
eaa744e513c59ed0,One Hudson City Center,-73.78047,42.24762,2024-12-15,3940
444c0650219b8b97,320 Orchard Park Road,-78.78677,42.83502,2024-12-15,3941
e06792168fdffd12,1445 Richmond Avenue,-74.15718,40.61183,2024-12-15,3942
748a7e1765bcf58e,2195 Harlem Road,-78.78425,42.90132,2024-12-15,3943
d69c6ef8fe49fc3e,610 Madison Avenue,-73.97177,40.76309,2024-12-15,3944
51e3f7aaacb1a146,4958 Route 22,-73.55697,41.84984,2024-12-15,3946
dd10a312172dda07,6560 Fourth Section Road,-77.94509,43.19862,2024-12-15,3947
22c6934c7d2f57ee,19 Forestburgh Road,-74.69596,41.65575,2024-12-15,3948
3ef3e526a0d54431,2100 Park Street,-76.16715,43.07283,2024-12-15,3949
d47171ce1260ef09,625 Panorama Trail,-77.49225,43.13427,2024-12-15,3950
6bf8b5b7c7870ee1,360 East 149th Street,-73.91901,40.81642,2024-12-15,3951
921ea2553b8884d8,118 Walnut Street,-78.69154,43.16892,2024-12-15,3952
6eeb1fd4de280412,3225 Monroe Avenue,-77.54105,43.10486,2024-12-15,3953
7f71dd63eb341b59,105 Main Street,-74.6221,42.78985,2024-12-15,3954
a7258b46947a46aa,170 South Highland Avenue,-73.86077,41.14783,2024-12-15,3955
e5572d2230f34cd5,3000 East Main Street,-73.87866,41.30619,2024-12-15,3956
80d6edb6ef7e5399,5770 Hylan Boulevard,-74.19748,40.51906,2024-12-15,3957
514900538e47b8ca,251-31 Northern Boulevard,-73.73649,40.76984,2024-12-15,3958
0d7fd024eea6cb04,133 Main Street,-77.69474,42.55978,2024-12-15,3959
529c444ffa6c1ff8,5 West Burnside Avenue,-73.90771,40.85385,2024-12-15,3960
cf3a8e22dd27fc49,2546 Hylan Boulevard,-74.11076,40.56939,2024-12-15,3961
b92e321680ae940c,80 South Chenango Street,-75.77592,42.32391,2024-12-15,3962
bcff75d7749dbb06,880 Military Road,-78.96909,43.09091,2024-12-15,3963
da6b9e797b06e7c9,507 South Main Street,-76.13717,43.12601,2024-12-15,3964
4d16e3db8ba6a2fb,1460 Richmond Avenue,-74.1591,40.61306,2024-12-15,3965
16537a7cb06db5d0,111-32,-73.84494,40.73086,2024-12-15,3966
92627e9542dfd6e5,4419-21 13th Avenue,-73.98964,40.6374,2024-12-15,3967
fb893d473fa16854,733 State Highway 28,-75.05461,42.44682,2024-12-15,3968
8a316c425658c9ad,76 South Erie Street,-79.50279,42.25255,2024-12-15,3969
b1c71685c0b450aa,135 Route 44 East,-73.50157,41.95286,2024-12-15,3970
c53702efaab1b8ac,5556 Main Street,-78.74627,42.96331,2024-12-15,3971
e915d171493ccb02,3111 Union Road,-78.75101,42.80009,2024-12-15,3972
712c8ec112d93775,1314 Front Street,-75.89359,42.16164,2024-12-15,3973
11b27d2f8eb807a1,95 Wolf Road,-73.81105,42.71525,2024-12-15,3974
bbd3d67eac207475,1125 Mohawk Street,-75.22174,43.09044,2024-12-15,3975
f1fd8abd45577a1c,1430 Old Country Road,-72.69055,40.92717,2024-12-15,3976
ae4f7cbfe24dc5d7,418 South Park Avenue,-78.86409,42.87186,2024-12-15,3977
3db7c72491280d30,239 East Main Street,-76.4389,43.03685,2024-12-15,3978
dae6a13b6aa13c41,538 Riverside Drive,-76.08928,44.24185,2024-12-15,3979
819ab6368e926e10,97-77 Queens Boulevard,-73.85868,40.729,2024-12-15,3980
987c89b2298494e3,239 Van Rensselaer Street,-78.85059,42.87588,2024-12-15,3981
1a7928919d1f7250,218 Saw Mill River Road,-73.81469,41.0622,2024-12-15,3982
e37b07477af500fa,50 North Church Street,-74.32511,41.40279,2024-12-15,3983
0ffc98e694f78ee8,51-13 108th Street,-73.85505,40.74349,2024-12-15,3984
d4f713e15ca80ed5,2310 Delaware Avenue,-78.8689,42.94711,2024-12-15,3985
97d47653868fe02b,444 Erie Boulevard East,-76.14586,43.05085,2024-12-15,3986
43444ecf2713aef2,726 Exchange Street,-78.84972,42.87454,2024-12-15,3987
58fa4a6d49f2aefd,3935 Route 31,-76.240225,43.185301,2024-12-15,3988
cf916fcbe8d21761,80 Oriskany Boulevard,-75.2928,43.11863,2024-12-15,3989
038e268405a3c96a,132 Avenue U,-73.97957,40.5963,2024-12-15,3990
2ac778273ec58af0,4455 Transit Road,-78.69584,42.9686,2024-12-15,3991
63e7c9496c0abf66,845 Franklin Avenue,-73.63492,40.72776,2024-12-15,3992
a14813dafe7b8aaa,16 Second Avenue,-73.74644,42.63815,2024-12-15,3993
54800e268ba1698e,2209 South Salina Street,-76.14524,43.02543,2024-12-15,3994
3336470a2913633c,4425 East Genesee Street,-76.06749,43.03538,2024-12-15,3995
9b109ee03744be86,155 Lincoln Avenue,-75.198,44.86482,2024-12-15,3996
8cf1919a0c46c24f,2968 Delaware Avenue,-78.87032,42.96495,2024-12-15,3997
268bd6aff8543c81,628 Sherrill Road,-75.60242,43.06852,2024-12-15,3999
a8221df124df6f3d,514 Main Street,-78.38691,43.21998,2024-12-15,4000
d8afc33cf0efb500,7472 South Broadway,-73.87593,41.99445,2024-12-15,4001
51f10389edff672f,41 Kellogg Road,-75.2781,43.05468,2024-12-15,4002
86c1ddf1d7cf1170,2952 Saunders Settlement Road,-78.88421,43.1429,2024-12-15,4003
eeda8e413f5b1ff2,1890 West Wayne Plaza,-77.28756,43.06918,2024-12-15,4004
5062f9d41876fcba,4481 Vestal Parkway,-75.96271,42.09537,2024-12-15,4005
c8c25dc74f227034,87 Main Street,-73.50652,41.95333,2024-12-15,4006
808e1d2dda9b6330,280 Central Avenue (Gregory Hall),-79.33404,42.45361,2024-12-15,4007
bd1d4d236880e2ca,74 Brookside,-74.28283,41.3568,2024-12-15,4008
e67c0044a127952a,7280  South Broadway,-73.88161,41.98302,2024-12-15,4009
95d5977623171683,6210 Shimer Drive,-78.69463,43.14607,2024-12-15,4010
3f7ce64da054b5ed,389 Halstead Avenue,-73.70754,40.96986,2024-12-15,4011
e646293f93205b03,One Kirkland Avenue,-75.37852,43.04992,2024-12-15,4012
3db803cbc209da4e,72 Mohawk Street,-73.70011,42.77505,2024-12-15,4013
1f1a6915ef2d188d,56 Stewart Avenue,-74.91328,41.9325,2024-12-15,4014
c2e5a7d89d400ce1,2 East Main Street,-73.24774,40.72153,2024-12-15,4015
1a87daa6ea1e7ce7,6554 State Hwy 56,-74.98702,44.68566,2024-12-15,4016
03b8268347908614,1170 Central Avenue,-79.33208,42.45783,2024-12-15,4017
bdcff9c3b6c45e32,1941 Route 52,-73.83839,41.53991,2024-12-15,4018
0028213439d100a6,649 South Crouse Avenue,-76.1363,43.04314,2024-12-15,4019
1077cec35a81864b,1 East Main Street,-79.33127,42.4401,2024-12-15,4020
5e512dfd83e5dc0f,160 Main Street,-75.65163,43.09457,2024-12-15,4021
adf26891d75d6252,1532 Route 9,-73.74791,42.84267,2024-12-15,4022
7c2434ea90589907,1722 Avenue U,-73.95381,40.5991,2024-12-15,4023
7228a131a15b4ce2,100 Kasson Road,-76.27509,43.04007,2024-12-15,4024
69c137adff2c080a,60814 State Road 30,-74.49418,42.36245,2024-12-15,4025
f40dc37a20f90ced,690 Long Pond Road,-77.69587,43.25234,2024-12-15,4026
55884fc5e1be624f,184 South Union Street,-77.80031,43.19111,2024-12-15,4027
e4b1b0d19e0b590c,1987 Flatbush Avenue,-73.93549,40.62133,2024-12-15,4028
29ad7500ed4db873,4747 Transit Road,-78.6966,42.86715,2024-12-15,4029
13bbb2957df8136c,293 Lexington Avenue,-73.73212,41.19799,2024-12-15,4030
c1ff17369acd5a4a,820 Second Ave.,-73.67273,42.78384,2024-12-15,4031
796adbb83a71b46e,703 Ridge Road,-78.82556,42.82579,2024-12-15,4032
afbb025583d932f6,1742--1744 Union Street,-73.90041,42.80307,2024-12-15,4033
7b2cc7b350f8a216,2929 Union Road,-78.75361,42.89245,2024-12-15,4034
2411cab5dde9bb35,509 Old Country Road,-73.50035,40.76971,2024-12-15,4035
309937104229178b,101 Dolson Avenue,-74.42237,41.43149,2024-12-15,4036
514083041c21c704,1930 Niagara Falls Boulevard,-78.8234,43.00698,2024-12-15,4037
a50ad059f14b899d,1655 Military Road,-78.97245,43.09535,2024-12-15,4038
4b4af20042749329,15-01 College Point Boulevard,-73.84582,40.78405,2024-12-15,4039
ca120ba941cee698,5387 Main Street,-74.25274,42.30722,2024-12-15,4040
e3f96174f3a52876,255 Main Street,-74.89071,44.92436,2024-12-15,4041
196f0f54ca0d40d5,750 West Miller Street,-77.11172,43.04519,2024-12-15,4042
92bb15b37e40a2ad,180  Route 22,-73.58352,41.53807,2024-12-15,4043
5ff6dafbcdbfdb76,737 Foote Avenue,-79.2289,42.08065,2024-12-15,4044
9e55dde7af4f91c2,525 Falconer Street,-79.21914,42.1142,2024-12-15,4045
87458943461830da,75 North Broadway,-73.8577,41.07904,2024-12-15,4046
0a86b04db44fbf31,4020 Sheridan Drive,-78.78564,42.97897,2024-12-15,4047
15da98684c8b24b9,400 West Main Street,-73.3349,40.69203,2024-12-15,4048
ff9ee3fa4750a471,3 Maple Road,-73.92443,42.64964,2024-12-15,4049
e1ad74fdf4320751,8899 Main Street,-78.66067,42.96693,2024-12-15,4050
c93e261eee7f8f04,1034 SECOND AVENUE1,-73.96643,40.75775,2024-12-15,4051
25b8dbe0843683a4,"3413 West Genesee Street, Unit 202",-76.22987,43.0477,2024-12-15,4052
0548048f5f25307e,51 East 4th Street,-79.33266,42.48343,2024-12-15,4053
60f61a78ee6fd924,4523 Amboy Road,-74.16439,40.54318,2024-12-15,4054
4b6fd52ff60f3019,"Route 6, Lake Plaza Shopping Center",-73.74255,41.35244,2024-12-15,4055
8d15e54fd3f0adce,1838 Empire Boulevard,-77.504,43.18867,2024-12-15,4056
05ba22db5f5c54f7,2743 Route 26,-75.90229,42.53983,2024-12-15,4058
cfe6a87f8c1a6839,1556 Flatbush Avenue,-73.94789,40.63302,2024-12-15,4059
e6e848dae05629ca,801 Jericho Turnpike,-73.68642,40.73237,2024-12-15,4060
65f22757f482528e,8010 5th Avenue,-74.02426,40.62555,2024-12-15,4061
c1757de5352810f8,4239 North Buffalo Street,-78.74359,42.76809,2024-12-15,4062
5ae4996356781412,210 Flushing Avenue,-73.96742,40.6977,2024-12-15,4063
3a1860b7c9b2a80f,424 Seventh North Street,-76.17113,43.09238,2024-12-15,4064
f3630816f10ec350,980 Ridge Road East,-77.45986,43.20919,2024-12-15,4065
d564bdc0011ebc89,4237 Union Road,-78.75359,42.92886,2024-12-15,4066
57bcba78d3d5b53d,66 Route 59,-74.06579,41.10812,2024-12-15,4067
ac63be3eaeff5576,1609 Main Street,-73.82372,41.74438,2024-12-15,4068
21e7cb454042db3b,62 Pioneer Street,-74.92481,42.69904,2024-12-15,4069
8a959ee2c16afb58,274 Elmwood Avenue,-78.8777,42.90418,2024-12-15,4070
f08d0e955b09a34b,4507 State Route 30,-74.33766,42.61314,2024-12-15,4071
6802ab91645f058c,161 State Route 104,-76.48374,43.46143,2024-12-15,4072
5043d212a803e103,21 Burnett Boulevard,-73.88813,41.69832,2024-12-15,4073
81321989732f2485,140 Adams Avenue,-73.25646,40.81484,2024-12-15,4074
fea4fa722948d45d,87 Route 59,-74.06783,41.10732,2024-12-15,4075
4aeeff76a53dff50,780 Palisade Avenue,-73.8852,40.96047,2024-12-15,4076
5427c69a076669f1,25 South Main Street,-76.17863,42.63617,2024-12-15,4077
3b037fe915880729,71 North Main Street,-74.77047,43.10391,2024-12-15,4078
f4a6bd5632d108f8,345 Hudson Street,-74.00732,40.72745,2024-12-15,4079
da080bce62171532,60-10 Queens Boulevard,-73.90372,40.74123,2024-12-15,4080
d4e8286cab9ffc7a,48 North Main Street,-78.47982,42.49084,2024-12-15,4081
7de94c5b861d5cd7,1196 Western Avenue,-73.8261,42.67699,2024-12-15,4082
f9d99999958e3115,23 Lake Avenue,-78.82483,42.79746,2024-12-15,4083
99f8e03004389d3a,350 Motor Parkway,-73.24598,40.80795,2024-12-15,4084
a712169547434a34,1282 Long Pond Road,-77.69559,43.20846,2024-12-15,4085
39e5386aeccf1bcb,209 Lake Flower Avenue,-74.12235,44.323,2024-12-15,4086
914ff380ddcde662,201 5th Avenue,-74.32465,43.05938,2024-12-15,4087
dda8f1a7ec2dbe0c,920 Holt Road,-77.4456,43.21139,2024-12-15,4088
edcfbe75e2fd40d7,312 Bridge Street,-74.17471,43.22551,2024-12-15,4089
990f4b457f29adf4,1024 Union Road,-78.75375,42.82763,2024-12-15,4090
8efb182a54cb7ccd,56 Westchester Avenue,-73.54993,41.18917,2024-12-15,4091
b450c59072cbca0a,33 Dietz Street,-75.06285,42.45567,2024-12-15,4092
2b0663d253f957bb,370 Delaware Avenue,-73.83203,42.62226,2024-12-15,4093
9b62f0890243648b,4879 North Jefferson Street,-76.12691,43.56773,2024-12-15,4094
86f857b0d5340557,224-04 UNION TURNPIKE,-73.7462,40.7358,2024-12-15,4095
7cce1bfe80e8c1de,3 Washington Street,-78.67253,42.27521,2024-12-15,4096
57632f1b551eed2a,65 Court Street,-75.9122,42.0987,2024-12-15,4097
d08382330d4563d8,11520 Transit Road,-78.69799,43.08402,2024-12-15,4098
e32792a6771dded8,80 State Street,-73.75247,42.64966,2024-12-15,4099
aaac1c5e409a20ac,133-11 20th Avenue,-73.83569,40.78293,2024-12-15,4100
4e6b5520b03da8c7,3081 Route 22,-73.58125,41.73525,2024-12-15,4101
3c2e8ae02493af1e,84-01 Jamaica Avenue,-73.86063,40.69236,2024-12-15,4102
5b1c438ad7bc9754,5318 Genesee Street,-76.27155,43.04143,2024-12-15,4103
b34a76225cbe202f,2 North Main Street,-76.4732,43.06543,2024-12-15,4104
9507511a3e3782a2,3438 Delaware Avenue,-78.87221,42.9776,2024-12-15,4105
c4e30c044fd5a2f8,1904 Surf Avenue,-73.98516,40.57468,2024-12-15,4107
baeab9013bd382bf,110 Merrick Road,-73.41813,40.67134,2024-12-15,4108
67852ac8fdb18ae9,14 East Main Street,-76.03402,42.44056,2024-12-15,4109
f898d2d1344133ab,280 CENTRAL AVENUE (WILLIAMS CENTER),-79.33404,42.45361,2024-12-15,4110
45ff3c043e32667a,75-44 Main Street,-73.81985,40.72286,2024-12-15,4111
cba449457a964f6c,3603 Mt. Read Boulevard,-77.65971,43.22463,2024-12-15,4112
92b748454a65ffc9,2111 Merrick Avenue,-73.55288,40.66609,2024-12-15,4113
7a97ddf55bd85ddb,48 North Main Street,-78.19418,43.24726,2024-12-15,4114
9f33963d3c4a7a4f,380 State Route 3,-73.48551,44.69697,2024-12-15,4115
3c695a967ffa555e,57-32 Myrtle Avenue,-73.90241,40.70049,2024-12-15,4116
1e287e1855f1334a,255 East Avenue,-77.59769,43.15589,2024-12-15,4117
569fc4a0ddda2f55,2142 Ralph Avenue,-73.91817,40.62542,2024-12-15,4118
956fcf1d83c65cf8,3 North Route 9W and Railroad Ave,-73.98556,41.20999,2024-12-15,4119
060657295f6a2ab4,2381 Grand Island Boulevard,-78.96752,43.02676,2024-12-15,4120
4d42e8362d7aa6f4,56-18 69th Street,-73.89578,40.7264,2024-12-15,4121
3710898a7e2ec417,60-67 Myrtle Avenue,-73.89588,40.70068,2024-12-15,4122
5ad77b0e292f7491,86 Main Street --- Route 66,-73.6467,42.69688,2024-12-15,4123
cd4e71fecad96146,155 Kirk Road,-75.05626,41.61354,2024-12-15,4124
861f399c83585c1e,425 Columbia Turnpike,-73.72002,42.60618,2024-12-15,4125
c1bdd2e1567193bb,6414 Jericho Turnpike,-73.29335,40.84304,2024-12-15,4126
8505c8783c659981,3 West Main Street,-73.60179,41.56167,2024-12-15,4127
657a5a92d0515334,8549 Seneca Turnpike,-75.31629,43.07929,2024-12-15,4128
c815d767f3fa8d5d,7 East Main Street,-76.33864,42.98278,2024-12-15,4129
9e3b9feb1c2a9abb,100 South Main Street,-74.98569,43.02508,2024-12-15,4130
2fc86f0bb4e9ce3d,1877 Main Street,-78.8562,42.92279,2024-12-15,4131
7deed0133f0bcea8,299 Main Street,-74.334,42.59778,2024-12-15,4132
bb477a8f3f750c82,615 Columbia Turnpike,-73.70662,42.59622,2024-12-15,4133
3c77b1d2b086d328,52 South Broad Street,-75.52359,42.52881,2024-12-15,4134
4922bea06a22b98d,32 Jordan Street,-76.42936,42.94749,2024-12-15,4135
5ac64fcaebf36648,160 South Main Street,-73.57847,40.65323,2024-12-15,4136
9682ebbbf60ffeca,1759 Central Park Avenue,-73.84241,40.95948,2024-12-15,4137
c92dc7df05574811,2030 Sheridan Drive,-78.85905,42.98098,2024-12-15,4138
aa1e60d62000a666,501 East Main Street,-74.85901,43.04348,2024-12-15,4139
72fc7f502969a984,2248 North Triphammer Road,-76.48252,42.47858,2024-12-15,4140
9cc6946d1b20edb2,225 North Comrie Avenue,-74.36131,43.01656,2024-12-15,4141
7f03abbc42f56246,264 Main Street,-74.89054,44.92381,2024-12-15,4142
bc746b9d0236b129,151 Church Street,-74.13061,44.32877,2024-12-15,4143
d98eb890af83d724,203 Cypress Street,-76.20569,43.10167,2024-12-15,4144
db7deac78a6330a7,999  Broadway,-78.83812,42.89244,2024-12-15,4145
74556062d46c9c61,5075 Route 9W,-74.01961,41.52775,2024-12-15,4146
9cba862c0ad76c60,1203 Ulster Avenue,-73.98981,41.96583,2024-12-15,4147
dcf5a474e90abd5b,9 North Main Street,-75.4792,42.2937,2024-12-15,4148
4997088d8377e577,3230 Chili Avenue,-77.75071,43.10552,2024-12-15,4149
59bc024a4917de31,125 Wolf Road,-73.80755,42.71731,2024-12-15,4150
a4f58f33ba31020c,1224 Route 300,-74.07043,41.49999,2024-12-15,4151
a48788c7197c549a,12 Atlantic Avenue,-73.6408,40.63954,2024-12-15,4152
0527a948f528fc13,1310 North Street,-76.04765,42.10489,2024-12-15,4153
7f4a43ef9a09ab8e,804 Hopkins Road,-78.73993,43.00194,2024-12-15,4154
0a969e6738fb4e6c,22 Mechanic Street,-78.66598,42.5091,2024-12-15,4155
611d84b89a64549b,Routes 9W and 385 and 81,-73.88415,42.37163,2024-12-15,4156
6cd90f7b4f93c4ff,1000 Elmwood Avenue,-78.87702,42.9244,2024-12-15,4157
1743facaef8ee838,118 North Tioga Street,-76.49683,42.44024,2024-12-15,4158
ad77f83e82dd914c,2555 Richmond Avenue,-74.16772,40.58516,2024-12-15,4159
1ca2693b87df9a90,2938 US Highway 9,-73.68689,42.42637,2024-12-15,4160
385a5587f5b4f69f,2066 George Urban Boulevard,-78.73524,42.919,2024-12-15,4161
57b06091a426d779,136-65 Roosevelt Avenue,-73.82769,40.76018,2024-12-15,4162
38db321ef3784b64,2315 North Triphammer Road,-76.48563,42.48359,2024-12-15,4163
cdc93e6d9f7e456e,17 South Broadway,-73.91793,41.09007,2024-12-15,4164
ae14f64e02949958,2433 State Route 414,-76.83682,42.90707,2024-12-15,4165
ee8caa204ee4e290,117 Veterans Drive,-74.48724,42.67707,2024-12-15,4166
2b0c57fb5e89aeac,5 New Karner Road -- Route 155,-73.8861,42.69863,2024-12-15,4167
3f2f7c4a8c2c7c2b,84 North Plank Road,-74.03299,41.52632,2024-12-15,4168
f6f9c017c3ee15f0,865 Merrick Avenue,-73.58744,40.74501,2024-12-15,4169
e04dc960e8e6108d,101 South Salina Street,-76.15221,43.05046,2024-12-15,4170
29d4a9ddd4f69bf0,116-13 Liberty Avenue,-73.82631,40.68583,2024-12-15,4171
1355c377bdbfba38,357 East 149th Street,-73.91926,40.81649,2024-12-15,4172
bd81a5cb8fd79864,2875 Veterans Road West,-74.23007,40.52721,2024-12-15,4173
deaf6c3a6b99ab80,540 Hooper Road,-76.01919,42.11949,2024-12-15,4174
8d611f57a4d4e7b1,369 Fairmount Avenue,-79.29955,42.09899,2024-12-15,4175
52f3ecb24e4a7c34,7133 Oak Orchard Road,-78.18835,43.06848,2024-12-15,4177
cffe9454ea9dda1b,4050 Seneca Street,-78.75326,42.83074,2024-12-15,4178
26048e2abead9ce4,160 Fairview Avenue,-73.76514,42.25682,2024-12-15,4179
b0f4573fddb4b851,86-22 Bay Parkway,-74.03342,40.63281,2024-12-15,4180
8892b5b4e722db3f,280 CENTRAL AVENUE (MCEWEN HALL),-79.33404,42.45361,2024-12-15,4181
4b408c033eb5356b,156 Robinson Street,-75.88976,42.10751,2024-12-15,4182
4bd2143fc83d605a,2102 Montauk Highway,-72.31503,40.93468,2024-12-15,4183
2c0a60d4f00f2678,875 Jerusalem Avenue,-73.58212,40.7006,2024-12-15,4184
0ac350e1a0429b21,1017 Broadway,-78.83684,42.89323,2024-12-15,4185
57148cb17e25224d,76 Virginia Road,-73.77683,41.06405,2024-12-15,4186
7a199d012aa38f5d,3528 East Tremont Avenue,-73.82631,40.83049,2024-12-15,4187
63d2a304e2b72ae0,1460 State Route 17B,-74.82647,41.67428,2024-12-15,4188
64ecb260b5dc8b44,4246 Broadway,-73.93613,40.84976,2024-12-15,4189
d29eafe3cfcdd7de,1030 Jackson Avenue,-73.95329,40.74219,2024-12-15,4190
a8ad082585377bc5,545 Route 211 East,-74.37481,41.46415,2024-12-15,4191
4e7c4018aea212eb,3700 Union Road,-78.75486,42.9145,2024-12-15,4192
2ce4cef8056176be,Routes 40 and 67,-73.58706,42.90293,2024-12-15,4193
0538ff10ce15b20b,8-22 Central Avenue,-79.33567,42.4876,2024-12-15,4194
01848327c5fc8dae,340 Jay Street,-73.98723,40.69375,2024-12-15,4195
65c5f823e2f8c8a7,281 East Fairmont Avenue,-79.30706,42.09827,2024-12-15,4196
efeddd52d8894462,5 Wingate Way,-73.96623,41.7004,2024-12-15,4197
3eac9b83bbdf323f,70 Lyell Avenue,-77.62595,43.16503,2024-12-15,4198
3df0a2764001931d,20 Mohawk Street,-74.57301,42.90575,2024-12-15,4199
44d3b5281d221e69,750 Main Street,-79.05561,43.09584,2024-12-15,4200
74a18c76f336290c,469 East Main Street,-74.28997,44.84904,2024-12-15,4201
05d74e18eebdc996,1930 State Route 3,-76.43698,43.31888,2024-12-15,4202
90bfe2032401ab99,1860 Niagara Street,-78.90232,42.93469,2024-12-15,4203
8ef6a4d191c762b5,13 Division Street,-75.39271,42.31426,2024-12-15,4204
d2a18220004bc7a4,56 Route 17K,-74.0606,41.50407,2024-12-15,4205
7900e746f15ff0ca,1455 French Road,-78.69816,42.86756,2024-12-15,4206
11691177fd9f3a89,820 Annadale Road,-74.17743,40.54178,2024-12-15,4207
610833c17d402f62,32 University Place,-73.9944,40.73206,2024-12-15,4208
fc4de848bbbc3c7a,447 William Street,-78.85405,42.88498,2024-12-15,4209
dee4c172a1fef880,2483 MAIN STREET,-73.98528,44.28871,2024-12-15,4211
516c5549f89b0b52,One Wall Street,-75.0635,42.45388,2024-12-15,4212
6ab54dada7714797,709 Elmwood Avenue,-78.87705,42.91663,2024-12-15,4213
777a19a5fd605cb3,167 Shore Road,-73.70755,40.84292,2024-12-15,4214
89093b3343d54064,5 Dover Village Plaza,-73.57976,41.73418,2024-12-15,4215
16f533cfbf6b9bd7,2362 Lyell Avenue,-77.68983,43.16507,2024-12-15,4216
5acbc5fd1091dd0f,10 South Main Street,-79.1668,42.54401,2024-12-15,4217
1d4fa2b81d6ff1ad,85 Mill Hill Road,-74.11241,42.03803,2024-12-15,4218
634a0cf09df18bf4,47 Court Street,-78.87626,42.88609,2024-12-15,4219
7d0faaaade9028ec,33 Third Street,-73.69053,42.73094,2024-12-15,4220
c79f5f2f908dd524,12 Fremont Street,-74.3436,43.05197,2024-12-15,4221
26d86a67c6cc0756,25 Main Street,-78.83043,42.71621,2024-12-15,4222
61a5ce4737730a76,1 Herkimer Road,-75.2105,43.11635,2024-12-15,4223
c6887e55c2ee69ec,154 Quaker Road,-73.6595,43.332,2024-12-15,4224
5d989fb1d1077f75,120-126 Genesee Street,-75.29738,43.07424,2024-12-15,4225
276fa22a501ed6a3,115 Genesee Street,-76.56752,42.9311,2024-12-15,4226
5c07fa660d600cbb,973 Main Street,-78.86964,42.90022,2024-12-15,4227
de1ef5854a97e206,83 Margaret Street,-73.45292,44.69755,2024-12-15,4228
d9c840dfc2ffcd12,21 Peekskill Hollow Road,-73.87368,41.33383,2024-12-15,4229
ef24338dfe0acb87,832 Jewett Avenue,-74.13111,40.61632,2024-12-15,4230
c5d63d381173023a,556 State Route 32,-74.1245,41.34985,2024-12-15,4231
959efbad80819392,237 Grant Avenue,-76.54716,42.95072,2024-12-15,4232
4d9a122f0a263d2c,156-10 Northern Boulevard,-73.8085,40.7639,2024-12-15,4233
adf2745f831fff62,11 East 22nd Street,-73.98884,40.74036,2024-12-15,4234
8b22d04bfb0221b1,253 Broadway,-74.00708,40.71321,2024-12-15,4235
a2b66a813013ffd7,428 Evans Road,-78.73997,42.97704,2024-12-15,4236
aa63efb498caf41c,640 Johnson Avenue,-73.09753,40.78138,2024-12-15,4237
45966cf8a36d4d1c,20 West Main Street,-79.19861,42.11846,2024-12-15,4238
deeb0ba315fba8b3,1270 Clove Road,-74.10334,40.61584,2024-12-15,4239
f3485ef49d93c49e,Routes 14 & 31,-76.99045,43.06358,2024-12-15,4240
587d28923464f130,1001 James Street,-76.13496,43.0597,2024-12-15,4241
db43175e12b1097c,4111 Legion Drive,-78.82936,42.72687,2024-12-15,4242
43410da54d36cc85,560 Courtland Avenue,-73.91929,40.81711,2024-12-15,4243
9f8ea1b12e2fe563,9640 Transit Road,-78.69693,43.03157,2024-12-15,4244
4c14799e701c2d11,1321 Pittsford Mendon Road,-77.50821,43.00204,2024-12-15,4245
b69caf29ac611e78,980 Southern Boulevard,-73.89174,40.8225,2024-12-15,4246
4abdd3efc9835595,120 Factory Street,-75.90705,43.9752,2024-12-15,4247
1c189606153e188f,701 Route 9,-73.89919,41.53495,2024-12-15,4248
b98095fed45f4134,3460 Veterans Memorial Highway,-73.12401,40.78618,2024-12-15,4249
fdf3abbf4a87f463,78 Main Avenue --- Route 66,-73.6467,42.69688,2024-12-15,4250
60ac11ef2d50acf3,2131 Sawyer Drive,-78.93554,43.09227,2024-12-15,4251
c7b4753ade64de4e,3899 Sedgwick Avenue,-73.89317,40.88273,2024-12-15,4252
fac348af7e591614,275  Meadow Drive,-78.87622,43.05202,2024-12-15,4253
5a77f044b101c199,1501 86th Street,-74.00891,40.61142,2024-12-15,4254
17f14e794e1dfabc,1883 Western Avenue,-73.87497,42.69311,2024-12-15,4255
9eb457af46ea3313,155 East Bridge Street,-76.49963,43.45999,2024-12-15,4256
a6fdd836651173c2,37-60 82nd Street,-73.88401,40.74808,2024-12-15,4257
783677256640ce7c,111 Kraft Avenue,-73.83441,40.94075,2024-12-15,4258
43a0cbc3a0a47bdc,843 Route 146,-73.78626,42.86452,2024-12-15,4259
5bd42c1e9c3108c1,76 North Main Street,-73.98889,41.15007,2024-12-15,4260
d788cfa018ce11d0,1646 First Avenue,-73.94958,40.7766,2024-12-15,4261
13f9568ad70b9eec,4032 Nesconset Highway,-73.07327,40.90461,2024-12-15,4263
16cdcc871aa4f013,"1515 Route 22, Suite D-1",-73.57839,41.42102,2024-12-15,4264
3b8e64990a5e33b7,1761 Central Avenue,-73.84363,42.72758,2024-12-15,4265
0746c2b1fa7595b9,184 North Belle Mead Road,-73.08977,40.90111,2024-12-15,4266
4bef0fdb8b4d6b08,1520 Victor Road,-77.31548,43.06309,2024-12-15,4267
4007e976e593a236,26424 Johnson Road,-75.84118,44.04045,2024-12-15,4268
017c1042c961cb11,40 East 1st Street,-73.83483,40.91191,2024-12-15,4269
9b6006648147c89e,254-09 Horace Harding Expressway,-73.72623,40.76405,2024-12-15,4270
2c94d5cbda8e2e55,4545 Transit Road,-78.69493,42.97123,2024-12-15,4271
8b946eb08978657c,14 South Moger Avenue,-73.72847,41.20802,2024-12-15,4272
6b88dccff29b9511,98-16 101st Avenue,-73.84274,40.6852,2024-12-15,4273
39bcbf56438f7356,1260 60th Street,-73.99979,40.62909,2024-12-15,4275
8429158dbea66602,1134 Morris Park Avenue,-73.85161,40.8502,2024-12-15,4276
7554215257adad7f,1280 Broadway,-73.7015,40.63814,2024-12-15,4277
c289fa304f0ed42c,214 West First Street,-76.51112,43.45556,2024-12-15,4279
d98aeacce664fee0,870 Holt Road,-77.44615,43.21696,2024-12-15,4280
862eeb3b688c5681,2300 Grand Island Boulevard,-78.96611,43.02452,2024-12-15,4281
58454f547baf2c9e,720 Grand Boulevard,-73.3147,40.75989,2024-12-15,4282
0189043b736bc7d6,29 Castle Place,-73.78097,40.90071,2024-12-15,4283
f7b8b1ff73660a20,1208 Route 146,-73.8227,42.86882,2024-12-15,4284
a3e332bb41e048cb,426 State Street,-73.94179,42.81279,2024-12-15,4285
2fedabf369478328,2093 Route 208,-74.20834,41.51466,2024-12-15,4286
7ed3a891d9aa9d53,27 Main Street,-74.01778,41.93288,2024-12-15,4287
6cb9878dffb4cc03,6199 Sunrise Highway,-73.42958,40.68293,2024-12-15,4288
7a9bf7f9e5a09cc4,41-11 Bell Boulevard,-73.77078,40.76324,2024-12-15,4289
64540e0a1cade57b,100 Motor Parkway,-73.26813,40.80688,2024-12-15,4290
1aff03a55f3178f8,205 North Main Street,-77.09478,43.04894,2024-12-15,4291
c9e4fd623e69492a,1035 Payne Avenue,-78.87749,43.05147,2024-12-15,4292
d6e4681cd2b05532,1476 Route 9D,-73.96499,41.52675,2024-12-15,4293
f37fbac3d96cec97,14 Conklin Street,-73.45503,40.73115,2024-12-15,4294
9ef233e0cf58430c,465 Smithtown Boulevard,-73.146743,40.833089,2024-12-15,4295
bd7905da3164e27d,1900 Ralph Avenue,-73.91884,40.6311,2024-12-15,4296
f7874ce7442dcb55,24 Hillel Place,-73.94832,40.63238,2024-12-15,4297
a1ea1bea20db9ac3,12 Front Street,-73.66247,41.34822,2024-12-15,4298
0e045242a02be9ae,300 Wheatley Plaza,-73.62657,40.80968,2024-12-15,4299
40f0b784933c80e5,534 Middle Neck Road,-73.73511,40.80082,2024-12-15,4300
7db5ac0f5dbe1395,382 Pelham Road,-73.77839,40.89699,2024-12-15,4301
22e2bfa3ae672c9d,401 Caroline Street,-75.49061,44.69704,2024-12-15,4302
013e29313f094e6d,151 Route 6,-73.75521,41.34849,2024-12-15,4303
71087aa492040933,404 Park Avenue South,-73.98398,40.74352,2024-12-15,4304
7fcc9b9397315220,500 Center Street,-79.04079,43.17311,2024-12-15,4305
a910b451d7fcee01,3125 Veterans Memorial Highway,-73.13468,40.78893,2024-12-15,4306
84c82aafe7940d03,3150 Sheridan Drive,-78.81687,42.9809,2024-12-15,4307
36f0abb8c1fd81e7,548 Route 111,-73.21829,40.81526,2024-12-15,4308
feff06905e7bcfcf,693 Jericho Turnpike,-73.38511,40.83472,2024-12-15,4309
59faf0fdabaad750,31 Main Street,-74.98419,44.66867,2024-12-15,4310
0a8b0aeb97f2e224,4434 Transit Road,-78.69602,42.96784,2024-12-15,4311
b0b506fa2ad15a43,50 Route 109,-73.34587,40.70469,2024-12-15,4312
612636421527f669,6414 Montgomery Street,-73.91265,41.92748,2024-12-15,4313
001aa0ea9b1a6a79,8081 Jericho Turnpike,-73.47304,40.81552,2024-12-15,4314
af2d5af7fe664b4b,3361 Main Street,-76.23719,43.45994,2024-12-15,4315
c1a6b77a2f6552b8,6410 18th Avenue,-73.98979,40.61952,2024-12-15,4316
fcc8c18fa07a9c70,5560 Broadway,-73.90516,40.87844,2024-12-15,4317
e0f811f9985931ec,804 Route 9,-73.90162,41.54238,2024-12-15,4318
5f3e88aa1cfa6b39,51 Broadway,-73.90853,42.0584,2024-12-15,4319
e92881c967ea0197,2256 Second Avenue,-73.93789,40.79683,2024-12-15,4320
0bf6b188e31a7526,29 Taylor Square,-73.74787,41.04212,2024-12-15,4321
8cbb8b060500738a,625 Titus Avenue,-77.59977,43.21022,2024-12-15,4322
df0b258241c8510a,109 West Fayette Street,-76.15277,43.04869,2024-12-15,4323
11f12b936c2387ba,2706 Hylan Boulevard,-74.11388,40.56628,2024-12-15,4324
2ca73710f19ecca1,61 Shore Road,-73.70211,40.8383,2024-12-15,4325
0d48eb46cabcfbb4,110 West Sixth Street,-76.5161,43.45401,2024-12-15,4326
b1b3a745030dcbd8,495 Central Park Avenue,-73.8123,41.00526,2024-12-15,4327
8025a81e77f5af90,1745 Crosby Avenue,-73.83186,40.84629,2024-12-15,4328
29f10a5b99951360,8512 3rd Avenue,-74.03084,40.624,2024-12-15,4329
fd04d9be9d6207ba,3739 State Route 13,-76.11252,43.55427,2024-12-15,4330
baa41f9f7957bdd0,14 Lafayette Square,-78.87354,42.8859,2024-12-15,4331
9e5af1a4422ebe9f,2921 Middle Country Road,-73.11524,40.8607,2024-12-15,4332
438541b7e9e3bc5d,1600 Stewart Avenue,-73.58293,40.7359,2024-12-15,4333
0df1d9699f812eb4,1022 Main Street,-73.90537,41.53345,2024-12-15,4334
9fca3fec7d840e18,242 West 23rd Street,-73.99723,40.74477,2024-12-15,4335
9aedc468478a4bf5,719 Smithtown By-Pass,-73.16724,40.84825,2024-12-15,4336
e9f6317233166524,1608 Kings Highway,-73.95718,40.60925,2024-12-15,4337
50be76d9155c0b03,244 SOUTH MAIN STREET,-73.99025,41.13975,2024-12-15,4338
fc7c4e0c9c553702,1770 East Gunhill Road,-73.83459,40.8634,2024-12-15,4339
e02417779ad8b9b0,3649 Lee Road  and  Route 6,-73.81038,41.33188,2024-12-15,4340
cbcb176f5192502d,14 Mamaroneck Avenue,-73.7666,41.03216,2024-12-15,4341
64def570f7a81a09,1925 Third Avenue,-73.94437,40.79198,2024-12-15,4342
15a28daf1599d1af,78 County Route 89,-76.55772,43.44967,2024-12-15,4343
6bf3e5af68801c7b,417 North Country Road,-73.17043,40.87683,2024-12-15,4344
990be25fd78e2e85,6241 Route 25A,-72.83945,40.94419,2024-12-15,4345
2ba60a2b40a75190,253 North Main Street,-74.04181,41.12592,2024-12-15,4346
1a7f05dd6c663b56,2047 86th Street,-73.99711,40.6039,2024-12-15,4347
e4f5872b4c0876e4,3105 Niagara Falls Boulevard,-78.82313,43.03866,2024-12-15,4348
063c8eef5514e781,1820 Brentwood Road,-73.24661,40.77878,2024-12-15,4349
616e608863649d6f,210 West Main Street,-79.20138,42.11595,2024-12-15,4350
998c126546f34097,3619 Packard Road,-79.01975,43.08894,2024-12-15,4351
239527209dc6d725,66-14 Grand Avenue,-73.89815,40.72443,2024-12-15,4352
0911566d2a4786d4,6409 Transit Road,-78.69628,43.02263,2024-12-15,4353
77109f47b89b62e1,One East Main Street,-73.179337,40.855774,2024-12-15,4354
c2a9d029b5ac7dad,4355 Amboy Road,-74.16038,40.54544,2024-12-15,4355
00d2efb6e3c13f9c,652 Albany-Shaker Road,-73.79349,42.72561,2024-12-15,4356
00c3171bfe00c9fe,712 Hoosick Road,-73.6462,42.74317,2024-12-15,4357
39adea7fb0bea6e7,91 Brookside Avenue,-74.28491,41.35814,2024-12-15,4358
000a001954de9a6b,30 East 170th Street,-73.91691,40.83993,2024-12-15,4359
0ccbeb7b2bc3c29a,355 Bard Avenue,-74.10642,40.63579,2024-12-15,4360
75d8c8663872023d,252 Main Street,-74.31892,41.40464,2024-12-15,4361
56d0c1263a9ed136,5801 Number 4 Road,-75.47395,43.78149,2024-12-15,4362
bbcc671820255bb6,4381 Military Road,-79.00172,43.12615,2024-12-15,4363
a6cb863e3d8d923b,68 North Country Road,-73.05353,40.93763,2024-12-15,4364
1207f440453bff65,440 Main Street,-73.9978,42.29859,2024-12-15,4365
5ffac60cd22eb099,2981 Delaware Avenue,-78.87003,42.96546,2024-12-15,4366
53038e2809f200cc,104-08 Rockaway Beach Boulevard,-73.82552,40.58344,2024-12-15,4367
c1323fcd95271654,156-02 Cross Bay Boulevard,-73.84112,40.66389,2024-12-15,4368
18265f1ff972b53f,295 Main Street,-78.87544,42.88249,2024-12-15,4369
d100efce5fef3c8c,182 East Main Street,-73.3991,40.88003,2024-12-15,4370
3f025cd4bad792ba,10 Kendall Way,-73.7943,42.97243,2024-12-15,4371
89dc33f1783fa78a,329 Glenmont Road,-73.79064,42.60248,2024-12-15,4372
7663aacf1dec1c3b,1690 Sheridan Drive,-78.87164,42.98121,2024-12-15,4373
21a72f097c5bad27,860 Long Pond Road,-77.69599,43.23972,2024-12-15,4374
30a14cc78b707aea,1919 Hylan Boulevard,-74.0967,40.58314,2024-12-15,4375
c4431cb70cb88c94,1404 SECOND AVENUE,-73.95776,40.76965,2024-12-15,4376
a56659972b93340a,1441 Monroe Avenue,-77.57383,43.1342,2024-12-15,4378
46ebcdfccb5f7da9,2020 Jericho Turnpike,-73.27284,40.84513,2024-12-15,4379
9eeff4de173dbddd,34 East Bridge Street,-76.50725,43.45775,2024-12-15,4380
866e63dd499171c6,4602 13th Avenue,-73.99046,40.63661,2024-12-15,4381
05be73c5c0125eba,3432 North Road,-73.93115,41.72361,2024-12-15,4382
4bf55db376bca50a,74-25 Grand Avenue,-73.88726,40.73029,2024-12-15,4383
e9471a70db8e9ac5,38-07 Junction Boulevard,-73.86955,40.74938,2024-12-15,4384
fd55d3a187901eae,2641 Merrick Road,-73.52839,40.66329,2024-12-15,4385
aeb40fec155b326b,85 Crane Street,-73.97368,41.92733,2024-12-15,4386
7c5fcd96a562818e,563 Lakefield Road,-73.31882,40.85837,2024-12-15,4387
f41ae74bf6a2db05,693 Montauk Highway,-73.05519,40.74704,2024-12-15,4388
5f44789c66d95002,410 Hempstead Turnpike,-73.65441,40.70545,2024-12-15,4389
f64bda5ff947e2f2,196-21 Northern Boulevard,-73.78481,40.75789,2024-12-15,4390
5a911451548ec411,33-12 30th Avenue,-73.91935,40.76594,2024-12-15,4391
78b8e8b05d472740,22-24 Phillips Street,-74.89176,44.93231,2024-12-15,4392
ac03730d4ecabcd0,7350 South Broadway,-73.88053,41.98779,2024-12-15,4393
7abfc594ea1ed214,3255 Moran Road,-77.24528,42.87309,2024-12-15,4394
02628fddfc284854,33 Trust Way,-74.38101,41.44956,2024-12-15,4395
8897488d042e5ab9,4848 Merrick Road,-73.455,40.66615,2024-12-15,4396
54d6514cca0be2b7,333 Central Avenue,-73.72992,40.61728,2024-12-15,4397
aeb0c699d2ef12b8,29 South Erie Street,-79.50403,42.25346,2024-12-15,4398
a1ab5107becfa586,2113 Chili Avenue,-77.68982,43.12986,2024-12-15,4399
522413b95e7dda43,156-39 Cross Bay Boulevard,-73.84072,40.66301,2024-12-15,4400
645fc349c8119723,518 Brighton Beach Avenue,-73.96171,40.57756,2024-12-15,4401
54f6a1372941f62d,369 East 149th Street,-73.91883,40.81637,2024-12-15,4403
bcf2ed1bc3261eaf,63 East Main Street,-73.59857,41.56038,2024-12-15,4404
4035c86529211e14,376 Windsor Highway,-74.05502,41.45876,2024-12-15,4405
24793189d0688952,90 State Street,-73.75298,42.64992,2024-12-15,4406
0cd29c171edce247,385 Bay Street,-74.07512,40.63269,2024-12-15,4407
40abf0adcd517671,69-03 Fresh Pond Road,-73.89536,40.70309,2024-12-15,4408
cc3336fa62335b13,291 State Route 104 East,-76.48203,43.46167,2024-12-15,4409
1ae0e7cc1fcd3126,2070 George Urban Boulevard,-78.73447,42.91894,2024-12-15,4410
aeeef4b9f7f3b12d,512 Commack Road,-73.31074,40.76693,2024-12-15,4411
43bdc2ae265781ce,711 Allerton Avenue,-73.86668,40.86545,2024-12-15,4412
ac8d7ffc7aadbfe3,293 Route 25A,-72.94569,40.94567,2024-12-15,4413
0ed58a34f55413e9,1497 Richmond Avenue,-74.15959,40.61159,2024-12-15,4414
ecc2784be73fab61,212 Dolson Avenue,-74.429,41.42626,2024-12-15,4415
85bad06d57477309,441 Tarrytown Road,-73.79911,41.04314,2024-12-15,4416
9f7c144278ef6040,2489 Route 11,-73.58879,44.96025,2024-12-15,4417
a65925ff8ee54b3e,768 Foote Avenue,-79.2283,42.07973,2024-12-15,4418
dfd1a129d78ef634,3488 Amelia Drive,-78.78398,42.7898,2024-12-15,4419
5677c519a092dace,1900 Hempstead Turnpike,-73.56619,40.72363,2024-12-15,4420
230d8f20dedec0b0,475 Plank Road,-77.50733,43.18227,2024-12-15,4421
54dc57e0c6d6ca55,314 Great Neck Road,-73.39413,40.67083,2024-12-15,4423
1e7851eafa9c3bed,247-53 Jamaica Avenue,-73.71934,40.72581,2024-12-15,4424
fb9322014494ba1d,478 White Plains Road,-73.81262,40.95805,2024-12-15,4425
0071aa2573abf874,142 Saratoga Avenue,-73.69084,42.78891,2024-12-15,4426
c52396f338c00f87,16 Orangetown Center,-73.95339,41.04393,2024-12-15,4427
39f5b188643b73d6,1158 Hylan Boulevard,-74.0815,40.59859,2024-12-15,4428
c7ce478cd9d402b6,1897 Harwood Drive,-76.06935,43.64347,2024-12-15,4429
a92850ba6c332970,590 East 187th Street,-73.88772,40.85564,2024-12-15,4430
eb2546eec7e6f467,384 Plandome Road,-73.69985,40.79801,2024-12-15,4431
1b9110047102b51e,169 Smith Street,-73.991,40.68596,2024-12-15,4432
4b40b5c6132d710d,43-14 Ditmars Boulevard,-73.90391,40.77054,2024-12-15,4433
cd14deed7214b078,1830 Route 112,-73.01438,40.89023,2024-12-15,4434
662b7fe58e7c026a,88 Bridge Street,-75.62193,43.96826,2024-12-15,4435
9e553f0c511771b1,249 Route 202,-73.68904,41.32778,2024-12-15,4436
9d5ff75365bb4c06,311 East Fairmount Avenue,-79.30342,42.099,2024-12-15,4437
b544a3b627a8278d,132 Tuckahoe Road,-73.8655,40.955,2024-12-15,4438
31809be6ddb73d02,261 West Avenue,-78.70494,43.16746,2024-12-15,4439
401b40fbeb983001,6194 State Route 31,-76.09207,43.17614,2024-12-15,4440
6fc609370b54a5fb,1055 Union Road,-78.75327,42.82866,2024-12-15,4441
fdc26c9ef2a814de,836 Fort Salonga Road,-73.3302,40.89891,2024-12-15,4442
7cfd0b76455db5b9,5829 Route 20,-76.11708,42.89332,2024-12-15,4443
c32bbea0bf622ec6,531 Troy Schenectady Road,-73.76368,42.75022,2024-12-15,4444
b2bb3b2149a23fd6,805 Main Street,-79.05456,43.0967,2024-12-15,4445
cde1e05a35271fc4,2925 Avenue U,-73.94215,40.6004,2024-12-15,4446
4e2633a597fe2e48,100 McGuinness Boulevard,-73.94843,40.72521,2024-12-15,4447
97768f7c3252797b,690 Kenmore Avenue,-78.84327,42.9585,2024-12-15,4448
6e0aba65aaa7481e,283 Kings Highway,-73.98007,40.60516,2024-12-15,4449
50c6dffb1f7b5ba0,256 Route 52,-73.68003,41.44018,2024-12-15,4450
5d8164fc5d46d08c,80 35 Jamaica Avenue,-73.84681,40.69496,2024-12-15,4451
80cbc655bb51f238,31 - 05 Broadway,-73.92521,40.76191,2024-12-15,4452
63476beb01f16a1d,106 Seventh Street,-73.63679,40.72444,2024-12-15,4453
3f0eb182b21b7121,2244 Westchester Avenue,-73.85076,40.83432,2024-12-15,4454
4f5dbc65424121c6,375 Deer Park Avenue,-73.32151,40.70205,2024-12-15,4455
328adeba78252102,125 Wireless Boulevard,-73.26694,40.81267,2024-12-15,4456
729c6963c01b4f4f,7709 13th Avenue,-74.00885,40.61893,2024-12-15,4457
91b01ff238bb6ec7,598 Columbia Turnpike,-73.71051,42.59847,2024-12-15,4458
2c85fb01c0b5f88e,146 North Church Street,-74.32604,41.40367,2024-12-15,4459
60164dedae3ebd96,127 Main Street,-75.16849,44.5957,2024-12-15,4460
e824ee722350a8c9,2523 Route 52,-73.78964,41.55364,2024-12-15,4461
f5bdfbd128f37abb,126 East Oneida Street,-76.49626,43.45953,2024-12-15,4462
4572a8b5bcd00b83,2513 West State Street,-78.45901,42.07707,2024-12-15,4463
606cf1034e7d3b68,410 Glen Cove Road,-73.62237,40.78601,2024-12-15,4464
1b7562cc4e0fae16,5775 Amboy Road,-74.20104,40.52723,2024-12-15,4465
146e9903107daee4,148 George Street,-73.69114,42.7456,2024-12-15,4466
264e51e2697fe806,1501 Deer Park Avenue,-73.32412,40.74955,2024-12-15,4467
7b1a6fc88c99f940,130 East Main Street,-73.24438,40.72384,2024-12-15,4468
467033319d8a4702,59 Kensico Road,-73.77934,41.12365,2024-12-15,4469
04d32b9887c983cc,69 Altantic Avenue,-73.99799,40.69123,2024-12-15,4470
ab7081feefbcf554,184 Delaware Avenue,-73.81301,42.62859,2024-12-15,4471
b2493b605e3cb29d,670 McLean Avenue,-73.87712,40.90864,2024-12-15,4472
739966e7a751cc49,20 Tobey Village Office Park,-77.54498,43.08692,2024-12-15,4473
9d54032e771a6e0a,1123 Kings Highway,-73.96103,40.60766,2024-12-15,4474
22b01007b8aa1d7f,3517 Union Road,-78.75363,42.90975,2024-12-15,4475
dec32fbeda823683,140 Greenpoint Avenue,-73.95495,40.73012,2024-12-15,4476
e6be917ce199dfc2,1919 Middle Country Road,-73.07876,40.85945,2024-12-15,4477
269f0d8077395723,1248 Abbott Road,-78.80537,42.83074,2024-12-15,4478
fb0fb3c2e5ac89bd,1 West Third Street,-79.24148,42.0963,2024-12-15,4479
a3c35c8b4ebe71ff,10924 US Route 11,-76.01962,43.82687,2024-12-15,4480
024ce27e36d0f3aa,700 Anderson Hill Road,-73.69402,41.03538,2024-12-15,4481
a55b40863849ee52,478 5th Avenue,-73.98721,40.66808,2024-12-15,4482
8a6ff9632b670b2f,977 Central Park Avenue,-73.8228,40.99077,2024-12-15,4483
428a72c68252855c,146-01 Northern Boulevard,-73.82034,40.76533,2024-12-15,4484
09b6e477edbd87bf,244 Court Street,-73.99434,40.68568,2024-12-15,4485
d17ae551a27a417a,106-19 Continental Avenue,-73.84513,40.71961,2024-12-15,4486
5d41f3d691e39a2d,11565 Highway 32,-74.01718,42.42784,2024-12-15,4487
f1ca314d40b498c2,1481 Forest Avenue,-74.13779,40.62453,2024-12-15,4488
be9e70250d12be39,3227 Richmond Avenue,-74.16948,40.56032,2024-12-15,4489
2498a0f5f5ec109d,580 Larkfield Road,-73.31919,40.85725,2024-12-15,4490
117949f97166816b,319 1st Avenue,-73.98057,40.73411,2024-12-15,4491
ad4baf33830329d2,3545 Delaware Avenue,-78.87168,42.98042,2024-12-15,4492
dda114a452dbef45,1828 Altamont Avenue,-73.95293,42.78113,2024-12-15,4493
982467b3f39961d7,100-20 Queens Boulevard,-73.85321,40.72657,2024-12-15,4494
2c456cd364e04d86,55 East Avenue,-78.68673,43.1719,2024-12-15,4495
8c67b56dadbe1584,Pine & 10th Street,-79.05054,43.0947,2024-12-15,4496
9d836ecf5d75da6e,708 Dutchess Turnpike,-73.88099,41.69821,2024-12-15,4497
6064b4a3e54bff35,1444 East Boston Post Road,-73.71666,40.9547,2024-12-15,4498
04dd2ca775c7ca66,4211 Broadway,-73.93743,40.84864,2024-12-15,4499
d53a9633db949b50,364 Connecticut Street,-78.88747,42.906,2024-12-15,4500
629d95deb0ef5fe6,247 Avenue U,-73.97514,40.59678,2024-12-15,4501
21d69b9bba712134,1470 First Avenue,-73.95386,40.77071,2024-12-15,4502
dd826dee53710bd0,5 West 1st Street,-76.42286,43.32439,2024-12-15,4503
d0757804f363d41d,14 Park Drive,-73.25308,40.88228,2024-12-15,4504
44f8e022b074b098,3140 Long Beach Road,-73.64069,40.63528,2024-12-15,4505
dc9d13a75aff1c6c,2477 Route 6,-73.63522,41.39994,2024-12-15,4506
5704cc7375abca6b,1531 Niagara Falls Boulevard,-78.82215,42.99604,2024-12-15,4507
bde6266415f267cc,82 10 153rd Avenue,-73.85174,40.66612,2024-12-15,4508
7f7e044156cea60b,6420 Amboy Road,-74.2167,40.5214,2024-12-15,4509
aa6954b776dcb935,1731 Victory Boulevard,-74.12099,40.6132,2024-12-15,4510
0f95cd3f6843f081,2520 East 17th Street,-73.95296,40.58959,2024-12-15,4511
14687b27167b1c96,432 Old Post Road,-73.65547,41.19583,2024-12-15,4512
8a825fe615ce9a4d,244 19 Braddock Avenue,-73.72352,40.72508,2024-12-15,4513
56e7007808db2ab0,2488 Route 11,-73.58747,44.96031,2024-12-15,4514
3d9ebde39ded63c8,516 South 2nd Street,-76.40806,43.31426,2024-12-15,4515
1d5f972cb8463e20,78 North Plank Road,-74.03329,41.52559,2024-12-15,4516
b99f5559f2e613b4,331 Downing Drive,-73.78173,41.27389,2024-12-15,4517
e503436ae97731e6,1042 Westchester Avenue,-73.89177,40.82474,2024-12-15,4518
a12e497938be2adb,26 South Route 9W,-73.98508,41.20802,2024-12-15,4519
02a7676fe0a0caa7,10 Benton Place,-77.06537,43.23119,2024-12-15,4520
d41ca28bc7edc4ff,1075  Violet Avenue,-73.91429,41.78614,2024-12-15,4521
8b48362e2dc8c283,3025 East Avenue,-76.12942,43.28671,2024-12-15,4522
8054b5446a0b550a,72 West Eckerson Road,-74.042,41.12784,2024-12-15,4523
f83eb0c29aad6cab,30-75 Steinway Street,-73.91652,40.76202,2024-12-15,4524
a855b6ed4a6330ea,108-110 Seventh Street,-73.63679,40.72444,2024-12-15,4525
bcc5641eabdc21c8,240 EAST ROUTE 59,-74.00131,41.0951,2024-12-15,4526
2c86598da787c02c,1114 Jericho Turnpike,-73.68385,40.73282,2024-12-15,4527
c61a7e786e1d27e0,50 Hempstead Turnpike,-73.64007,40.70522,2024-12-15,4528
b43131f06e675a6c,5751 South Park Avenue,-78.82584,42.7401,2024-12-15,4529
a91d4cb613309e90,900 Main Street,-79.05458,43.09757,2024-12-15,4530
786e3e95ca07344a,347 Route 25A,-72.9889,40.94306,2024-12-15,4531
d094033760ee44b8,12 South Bedford Road,-73.72375,41.19641,2024-12-15,4532
767dce7665128201,2000 Second Avenue,-73.7014,42.73079,2024-12-15,4533
88bba1798e6d4991,1898 South Road,-73.91591,41.61854,2024-12-15,4534
5d5d669979747bdf,519 Forest Avenue,-74.10708,40.63044,2024-12-15,4535
f4d58416c55d378e,34-05 Broadway,-73.92269,40.76071,2024-12-15,4537
5065a68a4cccbbe4,140 East 13th Street,-76.4899,43.46218,2024-12-15,4538
1e51c1125466c333,144 ROUTE 22,-73.58433,41.53539,2024-12-15,4539
f341e0a01db19469,3445 Jerome Avenue,-73.88278,40.88138,2024-12-15,4540
26be05625620f2a8,1180 East Commerce Drive,-75.94018,43.97935,2024-12-15,4541
79938456b027a414,93 22 Jamaica Avenue,-73.84681,40.69496,2024-12-15,4542
27fb092bcb50161e,127 Seventh Avenue,-73.99799,40.74088,2024-12-15,4544
0964d95854b89f30,3577 Niagara Falls Boulevard,-78.84701,43.06882,2024-12-15,4545
d360aa85d1574f66,1537 Milton Avenue,-76.20259,43.06043,2024-12-15,4546
6b8110d1423e1e2a,3755 East Tremont Avenue,-73.82153,40.82607,2024-12-15,4547
1b97bea61533ddb1,1532 Crescent Road,-73.77186,42.81869,2024-12-15,4548
7641b31e9e68f2a4,2 Miron Lane,-73.98964,41.96041,2024-12-15,4549
d31d2ec78a3273bf,475 Forest Avenue,-74.10531,40.63063,2024-12-15,4550
d88a7fc338c7e6ab,89 Miller Road,-73.68227,42.57947,2024-12-15,4551
e5c67ebcd368123c,4501 13th Avenue,-73.98986,40.63718,2024-12-15,4552
800875fa47a685a3,649 Route 9,-73.76979,43.12311,2024-12-15,4553
454f7cd6e06d7b61,515 Montgomery Street,-76.14854,43.04444,2024-12-15,4554
419c30e8189103f9,200 West 26th Street,-73.99467,40.74616,2024-12-15,4555
ac9e074cd9ab7094,556 Larkfield Road,-73.31975,40.85891,2024-12-15,4556
37684da37928be22,8086 Brewerton Road,-76.11926,43.16262,2024-12-15,4557
79d0c38cb52a1884,182 Broadway,-74.00966,40.71019,2024-12-15,4558
91d36f2a7dec0599,191 Conklin Avenue,-75.89922,42.09412,2024-12-15,4559
f426529ce20dd3a6,174 South Highland Avenue,-73.86096,41.14745,2024-12-15,4560
3dd1413aeffca1c2,115 Montauk Highway,-72.6464,40.8216,2024-12-15,4561
924a04dc062280f2,100 Woodland Pond Circle,-74.06203,41.75809,2024-12-15,4562
7898d2a18effe2ef,100 Clearbrook Road,-73.81353,41.07558,2024-12-15,4563
5df141a64c25749e,68 Mill Hill Road,-74.11404,42.03887,2024-12-15,4564
20a9649cef12446a,161 North Main Street,-73.08088,40.73826,2024-12-15,4565
c2d2cde110eb4ce5,501 Marble Avenue,-73.78491,41.12675,2024-12-15,4566
7130b27a2f25b2e1,436 Cayuta Avenue,-76.52577,42.00269,2024-12-15,4567
322654bad06571ec,7124 18th Avenue,-73.9941,40.61524,2024-12-15,4568
cd08e0459f7df343,118 Wheeler Road,-73.21157,40.79937,2024-12-15,4569
8b9184c1d1e512d5,800 Forest Avenue,-74.11595,40.62897,2024-12-15,4570
5f4cd3ce9a3cce77,451 Lexington Avenue,-73.97473,40.75326,2024-12-15,4571
f7cb906b2abf9fc9,51 West 52nd Street,-73.97901,40.76095,2024-12-15,4572
5967c47d2c658d41,8206 Fifth Avenue,-74.02481,40.62418,2024-12-15,4573
409f9569070a164d,1550 Richmond Road,-74.10095,40.59194,2024-12-15,4574
cae921ba12ec2ada,295 North Sea Road,-72.39802,40.89459,2024-12-15,4575
c04ef9f949178044,2357 86th Street,-73.99017,40.5997,2024-12-15,4576
f1c3bcda28e9d1b9,155 Canal Street,-73.99638,40.71634,2024-12-15,4577
631d522982dedf9b,760 McLean Avenue,-73.87324,40.9082,2024-12-15,4578
b8c34047f8b6deaa,1620 Union Street,-73.90473,42.80455,2024-12-15,4579
891f5271e640891e,2656 South Road -- Route 9,-73.92848,41.67077,2024-12-15,4580
65e42cb9a4d72184,655 Patroon Creek Boulevard,-73.80795,42.6838,2024-12-15,4581
2770885e88b1aaf9,2000 Westchester Avenue,-73.72076,41.01473,2024-12-15,4582
56c29564105b863e,460 Country Road 111,-72.79433,40.86764,2024-12-15,4583
503d1d0b9386db32,1100 Old County Road,-73.46659,40.77742,2024-12-15,4584
10e3efd8b7670d6e,Route 50 & Jones Road,-73.75274,43.10795,2024-12-15,4585
9573b9c65d1f9f3d,71-02 Forest Avenue,-73.90009,40.70046,2024-12-15,4586
75c65b779a66be50,146 Main Street,-73.50175,43.09128,2024-12-15,4587
fd590f5060fcccf3,5650 Main Street,-73.82654,40.74698,2024-12-15,4588
58695ad620ad840a,352 James Street,-76.08768,44.23996,2024-12-15,4589
b919da4620335948,961 Kings Highway,-73.96208,40.60727,2024-12-15,4590
14984dd7e259989f,54 Quaker Road,-73.66853,43.33138,2024-12-15,4591
21f1be730e130191,3798 Broadway,-73.94441,40.83453,2024-12-15,4592
5df371b6721e3069,45 East 53rd Street,-73.97343,40.75944,2024-12-15,4593
4aefb11431cbd3ef,685 Third Avenue,-73.97384,40.75159,2024-12-15,4594
c43100d54d549756,517 Larkfield Road,-73.31996,40.86305,2024-12-15,4595
729c296db0761553,86 West Nesconset Highway,-73.06241,40.91113,2024-12-15,4596
b36452c2b0158538,9 Mechanic Street,-76.47171,43.06581,2024-12-15,4597
f8a0749d1227acbe,70 West Front Street,-75.28329,41.95439,2024-12-15,4598
062c4e7db4c9bc00,1145 Route 9,-73.90709,41.56553,2024-12-15,4599
c276dc1cba053bd2,5439 Sunrise Highway,-73.08058,40.7654,2024-12-15,4600
ee171eea9b44f62a,319 Main Street,-78.16782,42.06693,2024-12-15,4601
3c17b7a1de8d678c,1602-1606 Avenue U,-73.95526,40.59896,2024-12-15,4602
d228f226256052fc,1001 Crooked Hill Road,-73.27026,40.79794,2024-12-15,4603
c1d285667df14c9e,1328 Second Avenue,-73.95908,40.76782,2024-12-15,4604
b5c42c3d0a8818e9,1873 Broadway,-73.98225,40.77055,2024-12-15,4605
a2d1b69403bb2e76,2251 North Triphammer Road,-76.48221,42.47859,2024-12-15,4606
ebd4b4c2ef1a6d91,9 Lake George Plaza Road,-73.66977,43.36991,2024-12-15,4607
1d27efcca897503f,110 State Street,-73.75365,42.65027,2024-12-15,4609
0b4f143169fa6811,1 Independence Hill,-73.01597,40.84519,2024-12-15,4610
431ab4bb04e7333b,2549 Hempstead Turnpike,-73.54192,40.72473,2024-12-15,4611
ee0f02e7c3b17cf3,44 West Route 59,-74.01352,41.0975,2024-12-15,4612
9fab37e0e151806d,4250A Jerusalem Avenue,-73.47919,40.69131,2024-12-15,4613
30211c8131c22c6e,1425 Route 300,-74.07123,41.52258,2024-12-15,4614
8e78dc3d42f3fe58,43 Meacham Street,-73.46196,44.04,2024-12-15,4615
6d266cdf0647c70c,469 Seventh Avenue,-73.98978,40.75208,2024-12-15,4616
b69cd1ee1760e981,390 Route 52,-74.59712,41.76023,2024-12-15,4617
6823f185ef419f2f,2 Tower Way,-73.76998,42.86216,2024-12-15,4618
63f8818ad9bf160a,101-10 Metropolitan Avenue,-73.85118,40.71052,2024-12-15,4619
77245f0beabeebd6,261 Madison Avenue,-73.9809,40.75059,2024-12-15,4620
17e8eef497469378,320 Route 25A,-72.9452,40.94462,2024-12-15,4621
111b13e7e7d7fc14,17 Popham Road,-73.80867,40.98876,2024-12-15,4622
b874cd0addc034b6,2207 Coney Island Avenue,-73.96157,40.60337,2024-12-15,4623
a1fc32b19bd03516,6091 Route 31,-76.09862,43.17684,2024-12-15,4624
5eaf3ca5925ba448,327 Route 59 East,-74.09654,41.11075,2024-12-15,4625
a4d4a0755f687e30,1 Sarnowski Drive,-73.93406,42.83592,2024-12-15,4626
6479dc2dca2b312d,125 Park Avenue,-73.97779,40.75173,2024-12-15,4627
5d7e0a0276e787c6,103 Old Country Road,-73.61908,40.744,2024-12-15,4628
c4b5cbc07698a895,"850 North Country Road Drive, Route 39",-72.4268,40.89226,2024-12-15,4629
8e58bd25c5bd41dc,380 Route 9W,-73.79045,42.60372,2024-12-15,4630
46255be7b56ff67d,1555 Long Pond Rd.,-77.70515,43.19372,2024-12-15,4631
48f4aa68d68376cb,1995 Broadway,-73.98228,40.77539,2024-12-15,4632
769fa352dff68d87,200 Towne Drive,-76.02037,43.03531,2024-12-15,4633
1a1db4eeb6a36997,6872 East Genesee Street,-76.04553,43.0277,2024-12-15,4634
0a24f8d0d81689c4,4823 13th Avenue,-73.992,40.63515,2024-12-15,4635
cda59c7b255c6c45,183 Main Street,-76.59096,42.3619,2024-12-15,4636
ae4108f182359dae,1 Commerce Street,-73.85703,41.68186,2024-12-15,4637
8953bcfe9f1d9eeb,593 Third Avenue,-73.97593,40.74872,2024-12-15,4638
6cf01880540d459c,230 Matthew Simon Road,-73.98117,42.28911,2024-12-15,4639
e2d2c05e423f3e69,490 Rockaway Turnpike,-73.73705,40.62964,2024-12-15,4640
ef0c4b64f743db4f,250 Boston Post Road,-73.67048,40.99617,2024-12-15,4641
a8c2d54b9e1accf5,453 Wesvalley Road,-73.99455,44.29326,2024-12-15,4642
bd07c45ad37045b3,7726  3rd Avenue,-74.02865,40.6294,2024-12-15,4643
f41c4c540257fef3,81 West Ramapo Road,-74.0101,41.19653,2024-12-15,4644
0a09e7784328e3ac,31525 Main Road,-72.48071,41.01879,2024-12-15,4645
f60fdfa29946ffa5,4310 Amboy Road,-74.15942,40.54574,2024-12-15,4646
6003165900663eda,317 South Wellwood Avenue,-73.37023,40.68403,2024-12-15,4647
efbfb5de4af56235,65 Genesee Street,-75.77248,42.33027,2024-12-15,4648
cbeeb3f6db9fa9d9,93 Main Street,-75.0614,41.60788,2024-12-15,4649
0d5109e81fc5e0e6,1296 Ulster Avenue,-73.98828,41.9693,2024-12-15,4650
d6fefb956a984969,700 Patroon Creek Blvd,-73.80848,42.68561,2024-12-15,4651
fc54cfa1937e780f,1623 Flatbush Avenue,-73.94537,40.63086,2024-12-15,4652
011a148b335fb9c9,1837 Victory Boulevard,-74.12488,40.61294,2024-12-15,4653
7889619f0d742dfb,535 Columbus Avenue,-73.97233,40.78634,2024-12-15,4654
e0cb4753baaf2ab8,One Johnson Road,-73.75117,42.76211,2024-12-15,4655
9b87c090192e0d4a,303 Conklin Avenue,-75.88874,42.0964,2024-12-15,4656
010fea6949bbb335,100 Veterans Memorial Highway,-73.22519,40.82144,2024-12-15,4657
db84b1ac31a250ed,2201 Route 44/55,-74.13308,41.67486,2024-12-15,4658
d71e080da41e8b6d,97 Main Street,-73.83389,43.24768,2024-12-15,4659
af12d982df5e6803,711 Third Avenue,-73.97324,40.75242,2024-12-15,4660
25b8f0df9f47fabd,928 Route 244,-77.77817,42.26576,2024-12-15,4661
bede33432c2ba41c,425 Route 347,-73.19975,40.82922,2024-12-15,4662
3be76d6b6e828cc9,204 Main Street,-73.3275,43.17327,2024-12-15,4663
5c691cd11a14cd4b,2108 Route 302,-74.38813,41.51389,2024-12-15,4664
f2dda9f88589b7d5,105 East Central Avenue,-74.01735,41.0597,2024-12-15,4665
ec502724cc4b317e,2 Main Street,-73.58449,42.90686,2024-12-15,4666
0f33a5cbd55dec40,1290 Avenue of the Americas,-73.97971,40.76084,2024-12-15,4667
47ebab383fd86955,100 Glen Street,-73.64316,43.30868,2024-12-15,4668
ed58d5a482cd47e5,350 West 31st Street,-73.99672,40.75108,2024-12-15,4669
79738229c7f77359,8040 River Road,-76.27739,43.16051,2024-12-15,4670
d1593ba1376cf3ab,190 East 98th Street,-73.92053,40.66285,2024-12-15,4671
585e8401681771a4,1395 New Scotland Avenue,-73.85669,42.63895,2024-12-15,4672
efb4a920dfed2bab,1137 Upper Front Street,-75.89987,42.14873,2024-12-15,4673
6e413a2a33044426,111-31 66TH AVE,-73.84423,40.73158,2024-12-15,4674
d6a632774926a981,100 Marina Drive,-77.60605,43.24905,2024-12-15,4675
5ccef39536192605,3750 Burgoyne Avenue,-73.57149,43.31912,2024-12-15,4676
d4b55537af0509a3,5-7 Park Place,-73.83363,40.93976,2024-12-15,4677
707e86a5f23d78c7,227 Ballard Road,-73.71808,43.17071,2024-12-15,4678
e22492b80b9189ad,53898 State Highway 30,-74.56179,42.28902,2024-12-15,4679
aee069f3e864dac9,"East River Road, Route 23",-75.51349,42.53633,2024-12-15,4680
07a61d0903d1e05a,1420 Northern Boulevard,-73.69391,40.79246,2024-12-15,4681
aa1be06170f5e11c,561 Route 25A,-72.92835,40.94688,2024-12-15,4682
ea9dc9600dd727b8,2054 86TH STREET,-73.99695,40.6038,2024-12-15,4683
5a000b616b1a733e,1875 Route 6,-73.66988,41.41467,2024-12-15,4684
09b3df664eceef87,321 Hudson Street,-74.02612,41.44242,2024-12-15,4685
fe0668b7bacbb251,950 Broadway,-73.98931,40.7409,2024-12-15,4686
2bc97dfe4940dfd6,200 Vesey Street,-74.0146,40.71405,2024-12-15,4687
dd0e8aa51fd8b848,Route 50,-73.838477,43.023659,2024-12-15,4688
25f6f391081cd489,1208 Route 300,-74.071079,41.498678,2024-12-15,4689
9f7eedd0116f9b16,4025 Amboy Road,-74.1511,40.54989,2024-12-15,4690
b4b90e5759bc17aa,23 Newkirk Plaza,-73.96262,40.63458,2024-12-15,4691
d74c9427a2155f57,193 East Main Street,-73.72681,41.20355,2024-12-15,4692
ff6a601c0158bfe6,33 MAIN1 STREET,-74.25075,40.51309,2024-12-15,4693
6079cfb12ed938f4,815 Broad Hollow Road,-73.42224,40.7315,2024-12-15,4694
3985f07ad28fa1d1,4375 Transit Road,-78.69607,42.96663,2024-12-15,4695
2143324b06edbab3,4066 Route 9L,-73.70899,43.41033,2024-12-15,4697
11d0f9317dc6d5e8,38-19 Main Street,-73.83051,40.76034,2024-12-15,4698
40f127afd325d357,2540 Route 55,-73.68873,41.62439,2024-12-15,4699
93baf1a43be2600f,3 Carpenter Lane,-73.77157,43.10595,2024-12-15,4700
fdb194df956cc0b2,511 Hooper Road,-76.01788,42.11682,2024-12-15,4701
a03976d00373f0d3,78-11 Queens Boulevard,-73.88516,40.73845,2024-12-15,4702
710ca73c4a3843bc,295 FIFTH AVENUE,-73.98618,40.74622,2024-12-15,4703
e063406a675ab9a8,701 West Seneca Street,-76.51107,42.44003,2024-12-15,4704
d56aa491313d9767,1300 Altamont Avenue,-73.94172,42.7866,2024-12-15,4705
615ae5d12dabf6f8,6176 Route 23A,-74.14155,42.19532,2024-12-15,4706
ae80fe8b06be9604,118 Quaker Road,-73.66296,43.33195,2024-12-15,4707
5bda3541713ef9ff,3560 Veterans Memorial Highway,-73.12025,40.78614,2024-12-15,4708
e6d2469aa88a80d9,135-145 Fulton Avenue,-73.6316,40.70741,2024-12-15,4709
eb5777a304d172eb,1972 Route 52 East,-74.72155,41.78431,2024-12-15,4710
9c509ab59b5d44bb,83-20 Roosevelt Avenue,-73.88218,40.74782,2024-12-15,4711
dd18709268d887e5,2700 Coney Island Avenue,-73.96058,40.59034,2024-12-15,4712
fac583ff83e347fd,61 Route 59,-74.12912,41.11258,2024-12-15,4713
2e59c9f3f14ae48c,21 Scarsdale Road,-73.82984,40.95135,2024-12-15,4715
184c0e0f026b3f52,329 First Avenue,-73.98023,40.73457,2024-12-15,4716
1728168388c419dc,800 Broadway,-74.04505,41.50284,2024-12-15,4717
619996cd2210d448,550 Long Beach Boulevard,-73.65726,40.59122,2024-12-15,4718
92ae123ae51d8a15,202 West 23rd Street,-73.99581,40.74417,2024-12-15,4719
d5c048ba331c4d99,108-36/50 Queens Boulevard,-73.84261,40.72063,2024-12-15,4720
c9bff6d2b91d80d1,230-22 Merrick Boulevard,-73.73975,40.67583,2024-12-15,4721
836604a5d36f6e54,207 Brighton Beach Avenue,-73.96674,40.57649,2024-12-15,4723
ba1bdda88fcb1389,16 New Scotland Avenue,-73.77339,42.65371,2024-12-15,4724
97ce9ae37d234e66,68 Hauppauge Road,-73.30105,40.8291,2024-12-15,4725
e7ecc77d470fbe4a,533 College Road,-73.05575,40.84712,2024-12-15,4726
c0199ee87213fb9f,621 Lake Avenue,-73.15779,40.88647,2024-12-15,4727
ba679ce51c2d2f88,4353 Highway 42,-74.67521,41.66648,2024-12-15,4728
e6fae5ce29e0f312,100 JERICHO QUADRANGLE,-73.55506,40.78621,2024-12-15,4729
63703e7981b521d2,998 Franklin Avenue,-73.63557,40.72948,2024-12-15,4731
20c5b0c933237713,313 Fifth Avenue,-73.98562,40.74698,2024-12-15,4732
fe6f13b5ee083f88,6150 Jericho Turnpike,-73.30265,40.84175,2024-12-15,4733
d22a7a57f9cc0964,201 Troy-Schenectady Road,-73.73463,42.73921,2024-12-15,4734
d947157db7501c80,885 Sixth Avenue,-73.98889,40.74828,2024-12-15,4735
74ba9d40461ff313,82 Court Street,-75.91198,42.0987,2024-12-15,4736
0214d8698e12cbc7,150-28 Union Turnpike,-73.81195,40.71907,2024-12-15,4737
41a0d98101ab322e,101 Sullivan Street,-74.48334,41.57515,2024-12-15,4738
7d1355b7ed0942b3,340 Court Street,-73.99581,40.68252,2024-12-15,4739
78b6a72b737afe2d,3 Riverview Drive,-73.96406,41.61655,2024-12-15,4740
321b66fcd9a11bb6,176 Old Country Road,-72.65066,40.93748,2024-12-15,4741
09f8848d6262d3e7,2 Technology Drive,-73.83013,42.37316,2024-12-15,4742
1aafe119f960e81a,490 Myrtle Avenue,-73.96543,40.69338,2024-12-15,4743
ac013a2376068002,1880 Route 9W,-73.96187,41.66162,2024-12-15,4744
7a0fac176e0b66fd,372 Northern Boulevard,-73.74861,42.67585,2024-12-15,4745
605ea6110ac196d9,7296 South Broadway,-73.88187,41.98424,2024-12-15,4746
0b8a2a6bdbe96c14,1 Veterans Memorial Plaza,-73.70151,40.63855,2024-12-15,4747
d244f8634d14470c,717 Manhattan Avenue,-73.95203,40.72597,2024-12-15,4748
d461064d647c6b2f,200 Park Avenue South,-73.98899,40.7367,2024-12-15,4749
0d31e3d2f658988a,2471 Route 9,-73.7929,42.97036,2024-12-15,4750
aa1d903c407f8225,71 Troy Road,-73.70327,42.61414,2024-12-15,4752
156d220186cfbc32,6628 18th Avenue,-73.99143,40.61791,2024-12-15,4753
b070231f2ffdb93c,2822 Middle Country Road,-73.11332,40.85993,2024-12-15,4754
4d803e5a0a4f722f,339 Nassau Boulevard,-73.66093,40.71583,2024-12-15,4755
c9591743faefa5de,475 Port Washington Boulevard,-73.68179,40.82355,2024-12-15,4756
0fb72f43d6e4e3c1,923 State Route 17C,-76.2361,42.09933,2024-12-15,4757
5ae08ab18e94e7fe,301 New Scotland Avenue,-73.7892,42.65318,2024-12-15,4758
86006130e592cb69,252-20  Northern Boulevard,-73.73589,40.77018,2024-12-15,4759
b6bd567ec7a9ec30,2400 Broadway,-73.97525,40.78975,2024-12-15,4760
d911b01d07d1db81,511 Schutt Road Extension,-74.38245,41.45022,2024-12-15,4761
691a940a1664cbb2,136 Margaret Street,-73.45306,44.6994,2024-12-15,4762
b04038e84a79ce91,39 North Plank Road,-74.02694,41.52162,2024-12-15,4763
a5d24fd30473efc9,1 Lake Road West,-73.94507,41.15067,2024-12-15,4764
6d781f76d0acc81c,18 Woods Bridge Road,-73.68563,41.26095,2024-12-15,4765
77b29265468b95c1,500 Old Country Road,-73.501,40.7702,2024-12-15,4766
845b51b43f0867a9,223 Reynolds Road,-75.97182,42.12508,2024-12-15,4767
fc659df2af21bc29,7020 13th Avenue,-74.00487,40.62276,2024-12-15,4768
b47432979db52413,90 Fifth Avenue,-73.99342,40.73627,2024-12-15,4769
b4af878d19711bdd,30 Stearns St,-74.87336,44.92872,2024-12-15,4770
96bff24aea33ff6e,31-04 Ditmars Boulevard,-73.91044,40.77596,2024-12-15,4774
3bd167b8d1c92d54,130 Schwenck Drive,-74.02279,41.93681,2024-12-15,4775
05816d5c4fbaed8b,169 Seventh Avenue,-73.99713,40.74206,2024-12-15,4776
a3ecb48ed3cb9783,24 North Highland Avenue,-73.92848,41.09349,2024-12-15,4777
7d37529bc17391e6,240 W. Seneca St,-75.98535,42.99711,2024-12-15,4778
321b20a4382a2e42,136 Walton Street,-76.15514,43.04796,2024-12-15,4779
7076e9fe32abc1b6,400 Merrick Road,-73.40579,40.66835,2024-12-15,4780
2bee33f04c868182,51 St Clair Street,-76.98332,42.85663,2024-12-15,4781
18b8b015603e2f66,314 Main Street,-74.78041,42.191,2024-12-15,4782
07cd9b2d314a11e4,119 East Seneca Street,-76.49808,42.4404,2024-12-15,4783
74078ae6b020efe0,3681 Horseblock Road,-72.96078,40.81662,2024-12-15,4784
7049f468e029bcc8,254 South Main Street,-73.99069,41.13888,2024-12-15,4785
90ac83fffc492b23,140 CLINTON STREET,-75.91418,43.97251,2024-12-15,4786
bb01aed28dca9f27,14 Main Street,-73.58637,43.2929,2024-12-15,4787
468efe552842b620,1010 Hempstead Turnpike,-73.67743,40.70762,2024-12-15,4788
34b91c094ac115fa,214-32 Jamaica Avenue,-73.74263,40.71667,2024-12-15,4789
c3d48ce4ccac8e7d,2315 East Main Street,-77.54903,43.15908,2024-12-15,4790
ad38a3c0f0976423,1040 Waverly Avenue,-73.04503,40.81668,2024-12-15,4791
c40824fbcaa9948a,226 Main Street,-74.0744,41.74449,2024-12-15,4792
101bd7d92b8d52f0,622 Third Avenue,-73.97552,40.74984,2024-12-15,4793
ea65a0368250a6cc,"520 Lee Entrance, Suite 101A",-78.78564,43.00197,2024-12-15,4794
0c5aab8b48e54b45,7215 State Route 54,-77.30602,42.35076,2024-12-15,4795
6537aac1bda323a2,6190 Jericho Turnpike,-73.30041,40.84186,2024-12-15,4796
5b2565ce755e405a,290 Merrick Rd,-73.64466,40.65572,2024-12-15,4797
7081cb5a5dfef32f,880 Third Avenue,-73.96923,40.75791,2024-12-15,4798
ea0e889c9ed576d8,1302 Avenue J,-73.96307,40.62499,2024-12-15,4799
19eff8a546535528,1565 Main Street,-76.76014,43.06714,2024-12-15,4800
30d54a80f30ab79c,227 West 27th Street,-73.99494,40.7471,2024-12-15,4801
1a2a349894a80e54,93 CANAL STREET,-73.99369,40.71544,2024-12-15,4802
84e912f5e4e7c625,110 Freeman Avenue,-76.20332,43.06008,2024-12-15,4803
16a178f32ce026db,1301 65th Street,-74.00088,40.62605,2024-12-15,4804
3382915e4c4f31d1,156-A-B Dolson Avenue,-74.42598,41.42839,2024-12-15,4805
91ff4683ca2e92f9,21 East Main Street,-74.16575,41.42765,2024-12-15,4806
5ee886c2f54070c0,1762 Hylan Boulevard,-74.0927,40.58586,2024-12-15,4807
682d162531a63773,175 Varick Street,-74.00554,40.72736,2024-12-15,4808
a94c0f3d3197d5a0,1638 Merrick Road,-73.56024,40.65397,2024-12-15,4809
3d4089bfd5ba30c0,1250 Vestal Parkway East,-76.02931,42.09201,2024-12-15,4810
0ae748c5c84d1800,1084 Madison Avenue,-73.79127,42.66565,2024-12-15,4811
acb6bd02575e58f2,4945 Lake Shore Drive,-73.65524,43.55661,2024-12-15,4812
a1177e607b6cfa3f,3900 Carman Road,-73.93206,42.71599,2024-12-15,4813
cc390309dd46b95a,999 Old Country Road,-73.55898,40.75478,2024-12-15,4814
3a6d424e2712319b,1144 Walt Whitman Road,-73.41633,40.79152,2024-12-15,4815
7f581a54b46ae854,6 Main Street,-73.25929,43.40804,2024-12-15,4816
d3bd4ef56a4b81cf,9196 Main St.,-75.38186,43.30665,2024-12-15,4817
f2ae4f370c2ccce8,57 East Avenue A,-73.74217,40.63449,2024-12-15,4818
42eb91fe5f045468,100-110 Hillside Avenue,-73.69966,40.73903,2024-12-15,4819
a0fe6a5c8d7115fb,100 Pavilion Road,-75.94948,42.11683,2024-12-15,4820
760ebcf545dd2581,167 Delaware Avenue,-73.8132,42.62929,2024-12-15,4822
e2da4d97d49e6599,403 East Sandford Boulevard,-73.82073,40.90167,2024-12-15,4823
950badb008d735ad,20 Welcher Avenue,-73.93676,41.27056,2024-12-15,4824
2e50592d4c6854e5,865 McLean Avenue,-73.8699,40.9053,2024-12-15,4825
89867b9fc3a0f518,Jerusalem Road and Meadowbrook,-73.59605,40.70099,2024-12-15,4827
1c51c97259f40be8,260 New Dorp Lane,-74.11357,40.57232,2024-12-15,4828
0e9e7c00a889a7ac,1012 Ellis Hollow Road,-76.46302,42.43672,2024-12-15,4829
ab3cb9942c75da98,123 Mohawk Avenue,-73.96286,42.82544,2024-12-15,4830
0628b858725affad,211-11 Northern Boulevard,-73.77139,40.75983,2024-12-15,4831
a997eedb8e064323,555 Taxter Road,-73.83159,41.05652,2024-12-15,4832
958a6ad2c62401bc,2144 Third Avenue,-73.93945,40.79873,2024-12-15,4833
6ce91826ae090da1,1569 New Scotland Road,-73.86602,42.62908,2024-12-15,4834
5893df5868e9401c,740 Hoosick Road,-73.64196,42.74461,2024-12-15,4835
64c8f5720ab37258,12221 NYS Route 12E,-76.12683,44.06483,2024-12-15,4836
85398b668f7ca939,Routes 300 & 94,-74.05748,41.45444,2024-12-15,4837
f075492ea46a1338,6 Sisson Street,-74.98765,44.68103,2024-12-15,4838
9f660be6abc13fd1,260 West 52nd Street/864 Eithth Avenue,-73.98485,40.7634,2024-12-15,4839
b015132593d8ddca,300 Saw Mill River Road,-73.81383,41.06497,2024-12-15,4840
aeb2632c298ad518,213 Quassaick Avenue,-74.0237,41.47569,2024-12-15,4841
a6a83adef15d9bea,241 Marble Avenue,-73.78075,41.12379,2024-12-15,4842
9739680140e96376,2-4 Flatbush Avenue,-73.98093,40.68887,2024-12-15,4843
92c52b60e62d9e2f,285 Mamaroneck Avenue,-73.76341,41.02588,2024-12-15,4844
9343a7f97ec65f9d,727 Veterans Memorial Highway,-73.20687,40.82221,2024-12-15,4845
852f8f9955e15797,216-10 Northern Boulevard,-73.76518,40.7607,2024-12-15,4846
c9a0d597136227e0,34-40 New Main Street,-73.96613,41.1964,2024-12-15,4847
b5f6d0993c945d7d,5003 State Highway 30,-74.18581,42.95899,2024-12-15,4848
9dc77b99c55b2353,3880 Veterans Memorial Highway,-73.10882,40.78368,2024-12-15,4849
aa2dfee353a70560,166 Chambers Street,-74.01072,40.71619,2024-12-15,4850
2f7a1440983f3a92,2080 Bellmore Avenue,-73.52684,40.67234,2024-12-15,4852
14263a755405e164,308 Ushers Road,-73.79142,42.90253,2024-12-15,4853
54ed35bd0a201c67,150-29 Northern Boulevard,-73.8139,40.76532,2024-12-15,4854
e2eb397111651688,281 West 230th Street,-73.90904,40.87939,2024-12-15,4855
fd01263ca5b063c4,2990 Main Street,-73.52712,44.58,2024-12-15,4856
5f911b984a85a350,234 Prospect Park West,-73.98114,40.6595,2024-12-15,4857
b4554417afa06913,43 Stewart Avenue,-74.91363,41.93199,2024-12-15,4858
1290eaa1a055b5d8,15 Neubig Road,-76.19371,42.5957,2024-12-15,4859
054cd18e2f3b6747,108-01 Queens Boulevard,-73.84365,40.72151,2024-12-15,4860
7d7cf493e986ed8b,1579 Clark Street,-76.61188,42.92972,2024-12-15,4861
231fb9e6ee51fb42,450 Route 112,-73.0526,40.93058,2024-12-15,4862
e4c86ef6e1034e06,220 East Hartsdale Avenue,-73.79656,41.01136,2024-12-15,4863
ba73c43dcba63e9a,"5193 Main Street, Route 42",-74.63142,41.70765,2024-12-15,4864
06b2e5af2ff41180,1660 Monroe Avenue,-77.56897,43.13108,2024-12-15,4865
394770f052775877,1569 THIRD AVENUE,-73.95296,40.78023,2024-12-15,4866
6fd2cd882254330e,3155 Niagara Falls Boulevard,-78.8237,43.03845,2024-12-15,4868
ea5dd6f951586aef,31-90 Steinway Street,-73.91891,40.75909,2024-12-15,4869
dca6dd4d3d5d4347,164-06 Union Turnpike,-73.80417,40.72155,2024-12-15,4870
0a9d707e9147e98b,1600 Forest Avenue,-74.14149,40.62464,2024-12-15,4871
72b966cf256167d6,6257 Route 25A,-72.83991,40.94346,2024-12-15,4872
11b9adf9c7b19c40,34 Congress Street,-73.78843,43.07846,2024-12-15,4873
1ae8e713f06083b1,100 Catskill Commons,-73.87978,42.21291,2024-12-15,4874
941af13fe2a482c0,127 Schwenk Drive,-74.02258,41.93682,2024-12-15,4876
888264c0e21bb079,1065 Bay Street,-74.06827,40.61727,2024-12-15,4877
413bd697cb221bf1,406 West 31st Street,-73.99864,40.75189,2024-12-15,4878
fda7f3a982f2acb8,2814 Broadway,-73.96722,40.80329,2024-12-15,4879
817a24833d526ed2,5411 State Highway Route 12,-75.46034,42.55581,2024-12-15,4880
58d8f17ff99e78fa,3 Courthouse Drive,-73.19283,40.76437,2024-12-15,4881
16f9be9dbf6ee809,1354 Hicksville Road,-73.47852,40.69173,2024-12-15,4882
61dfa4ac51138fac,953 Third Avenue,-73.96742,40.76039,2024-12-15,4883
430c281b326ce79b,252 Peninsula Boulevard,-73.6228,40.70533,2024-12-15,4884
71c8d75b0b6215d3,2929 Route 9,-73.68722,42.42544,2024-12-15,4885
c4137e24aa699827,One Twin Maples Plaza --Route 9W,-73.95919,42.04972,2024-12-15,4886
eec90541d22ff522,111 Clinton Street,-75.91318,43.97247,2024-12-15,4887
49a719adf320be43,215 Guideboard Road,-73.739029,42.838039,2024-12-15,4888
5dc2c1b85bfe9906,197 Broadway,-74.13729,44.33183,2024-12-15,4889
bf4bdadb60b1d2ba,145 Stewart Avenue,-73.48313,40.72418,2024-12-15,4890
ce897173d379dc01,180-190 Boston Post Road,-73.7313,40.9496,2024-12-15,4891
b8fcf5cd9b92494e,100 Park Avenue,-73.97848,40.7512,2024-12-15,4892
163929a7b79f9415,244-05 Northern Boulevard,-73.74205,40.76554,2024-12-15,4893
0bbfc41cbcd4443c,2944 Gravesend Neck Rd,-73.94159,40.6003,2024-12-15,4894
eab6355626889a1b,351 Pantigo Road,-72.16339,40.96784,2024-12-15,4895
be968c1f28a131c2,97 Broadway,-73.96498,40.71041,2024-12-15,4896
f6f7c4483ec77cbc,108-11 76TH AVE,-73.83723,40.71635,2024-12-15,4897
0684e32810b5127e,91 West Avenue,-73.80425,43.07885,2024-12-15,4898
c0015725c4083d2c,3824 White Plains Road,-73.86238,40.88438,2024-12-15,4899
ba5567e5958841de,251 Saratoga Road,-73.93281,42.8701,2024-12-15,4900
686f8e2309acd1a4,2109 Broadway,-73.98161,40.78032,2024-12-15,4901
8ca691ec6f8c84ef,25 Sullivan Road,-74.72898,41.78464,2024-12-15,4902
756809c191292ec3,628 South Main Street,-76.14184,43.12358,2024-12-15,4903
1492ec358eb6bebb,4 Market Street,-75.91764,44.33662,2024-12-15,4904
36642dde3d4b8852,7895 Brewerton Road,-76.1253,43.15261,2024-12-15,4905
eb8d48889a1fd16b,4526 13th Avenue,-73.99024,40.63681,2024-12-15,4906
8882ecdaccd567a3,40 Washington Street,-73.98961,40.70305,2024-12-15,4907
13968643d51006ac,95 North Main Street,-74.35774,41.3348,2024-12-15,4908
9bdd307efaad2e25,501 Columbia Turnpike,-73.7182,42.60523,2024-12-15,4909
2a4fe1caab6b191e,100 Main Street,-76.78953,42.33664,2024-12-15,4910
9b69ba1ebd041068,1630 Forest Avenue,-74.14287,40.62485,2024-12-15,4911
90480caee6de1f74,76-02 Main Street,-73.81993,40.72233,2024-12-15,4912
050e40a2c9a5ba44,1130 Main Street East,-77.58204,43.16198,2024-12-15,4913
e156242a31617dd3,2131 46th Avenue,-73.94677,40.74594,2024-12-15,4914
40847ae50e1e0fb3,360 Motor Parkway,-73.24308,40.8086,2024-12-15,4915
3d92c5026c4a6164,475 Park Avenue South,-73.97027,40.76209,2024-12-15,4916
aa46d174f1b65b76,1820 Central Park Avenue,-73.84079,40.96098,2024-12-15,4918
6fcab65d9903e229,180 North Main Street,-77.78261,42.26309,2024-12-15,4919
0373323811da1541,89-01 Northern Boulevard,-73.87827,40.75678,2024-12-15,4920
7b61cd937fdc8d5f,1709 Third Avenue,-73.94947,40.78501,2024-12-15,4921
55c69e81feee30fa,112 State Street,-73.75389,42.6504,2024-12-15,4922
8582dd7b3e00b61f,202-16 Rockaway Point Boulevard,-73.91126,40.56076,2024-12-15,4923
16cc77e731ac3707,2066 Hylan Boulevard,-74.10021,40.57984,2024-12-15,4924
e1be3cc5eee7bbda,2490 North Main Street,-78.12959,42.76146,2024-12-15,4925
6462ee129f225d45,36263 NYS Route 180,-75.96676,44.19332,2024-12-15,4926
77997f5196460878,3735 Union Road,-78.7504,42.91467,2024-12-15,4927
7f53b37910855e26,43 Richmond Hill Road,-74.16611,40.58833,2024-12-15,4928
30386637f5540b79,3703 NY Route 43,-73.6076,42.64372,2024-12-15,4929
20ea7348675f633d,91 Hulbert Street,-76.00096,43.07076,2024-12-15,4930
7c5a8104e6cc8ab6,875 Mamaroneck Avenue,-73.73723,40.95824,2024-12-15,4931
3cdff7c1ffd3f577,275 West Merrick Road,-73.70751,40.6679,2024-12-15,4932
24ced7eec29f7550,256 Hoosick Road - Route 7,-73.67136,42.73809,2024-12-15,4933
e88df23000c25a21,763 Main Street,-74.02277,42.70376,2024-12-15,4934
daa395eae2526f3f,710 Berme Road,-74.36047,41.74447,2024-12-15,4935
3b36dbce5a4e063b,111 FOURTH AVENUE,-73.9901,40.73243,2024-12-15,4936
daf7936de8410749,1387 State Route 96,-76.27058,42.12219,2024-12-15,4937
558187d3e8510939,24 McKinley Avenue,-76.04464,42.10402,2024-12-15,4938
e90603bde11ccc54,168 Montauk Highway,-72.53315,40.87668,2024-12-15,4939
4fc60e5254b37538,34 Wolf Road,-73.81864,42.71176,2024-12-15,4940
e4a014271c20c0e2,1187 Troy Schenectady Road,-73.82126,42.7714,2024-12-15,4941
c7b67852a388b617,324 South Service Road,-73.41362,40.77913,2024-12-15,4942
3ca877d321e9de55,87 Market Street,-73.95454,42.0788,2024-12-15,4943
ec868b91c339840d,1265 Boston Road,-73.74494,40.93817,2024-12-15,4945
b8ea2eb4a0a32fd2,2 Enterprise Zone Drive,-72.65228,40.9131,2024-12-15,4946
cf0db72c1fe22a47,6 Main Street,-73.19107,40.73109,2024-12-15,4947
cebd2f2760a7f292,6920 80TH STREET,-73.87052,40.70966,2024-12-15,4948
ee99fd58f4c09579,8591 Turin Road,-75.46975,43.27745,2024-12-15,4949
a2bc3acdd1b6576b,133 Saratoga Road,-73.63861,43.28756,2024-12-15,4950
3ea8603769f2ca63,193 Hudson Avenue -- Route 66,-73.60385,42.34988,2024-12-15,4951
37940e82b56bd6d5,70-05 Northern Boulevard,-73.8961,40.75472,2024-12-15,4952
68849555a3a11c3c,6 Main Street,-76.55278,42.19919,2024-12-15,4953
e4bc663de40c298f,71 BROADWAY,-74.01207,40.70731,2024-12-15,4954
5ca237ea5261aece,1400 Erie Boulevard East,-76.12699,43.04981,2024-12-15,4955
ec50e913b3aebb3f,102 Motor Parkway,-73.26702,40.80754,2024-12-15,4956
37568a8157880394,951 Montauk Highway,-73.12076,40.73859,2024-12-15,4957
76e6cf9a80a29672,117 Groton Avenue,-76.19011,42.601,2024-12-15,4958
89510b8737306cf0,4269 Albany Post Road,-73.9329,41.78267,2024-12-15,4959
3043d6a6a8c091c7,343 Delaware Avenue,-73.8307,42.62303,2024-12-15,4960
e94dcf0cc2cd1632,One West Main Street,-73.1946,40.85502,2024-12-15,4961
9432918f3e19ad78,985 Richmond Avenue,-74.14899,40.62303,2024-12-15,4962
323f9f78aeb5e8bd,721 South Crouse Street,-76.13668,43.04217,2024-12-15,4963
1c26932e4f2b071d,100 CENTER DRIVE SOUTH,-72.66853,40.91207,2024-12-15,4964
fbb831b2dd1016ba,580 East Jericho Turnpike,-73.38957,40.83286,2024-12-15,4965
943b8b665a9c7ae7,21 East First Street,-73.99106,40.72438,2024-12-15,4966
96e2719ac2148a6d,3130 East Tremont Avenue,-73.83503,40.83813,2024-12-15,4967
b341728ee2771cb9,411 Theodore Fremd Avenue,-73.70099,40.97365,2024-12-15,4968
3d7e56babd4fc74f,315 Stahl Road,-78.76755,43.01506,2024-12-15,4969
a82ad221130b3e46,365 Lakeville Rd.,-73.70439,40.75846,2024-12-15,4970
5b90523bebdebb2a,205 Homestead Avenue,-74.21952,41.48288,2024-12-15,4971
863b059960a221ba,16 South Main Street,-75.48001,42.29305,2024-12-15,4972
77e7335293bfb549,162-02 Cross Bay Boulevard,-73.83867,40.65394,2024-12-15,4973
3d0f0e3948995d40,755 Forest Avenue,-74.11431,40.62917,2024-12-15,4974
08f44baa194b3a8a,304 West Main Street,-76.12254,43.94839,2024-12-15,4975
0c51f9739ed27024,655 Avenue of the Americas,-73.99398,40.74129,2024-12-15,4976
f03800dfb714d448,807 Ulster Avenue,-73.9943,41.95243,2024-12-15,4977
48e8b7f6547b4c7d,389 East 149th Street,-73.91829,40.81624,2024-12-15,4978
89a8470a641a4045,2275 Broadway,-73.97871,40.7857,2024-12-15,4979
6ce026b1847855d9,567 Main Street,-74.48428,42.67801,2024-12-15,4980
2d10609123937a53,3 South Main Street,-76.49307,42.20958,2024-12-15,4981
ec59c16aca72fd5b,1460 Forest Avenue,-74.13705,40.62435,2024-12-15,4982
c79d1e0bbf9021b2,1769 86th Street,-74.0028,40.60736,2024-12-15,4983
122c996476aace21,80 University Place,-73.99323,40.73341,2024-12-15,4984
011a3ce3f4d3cb87,2631 Route 66,-73.60417,42.34858,2024-12-15,4985
8d2d994daf93c418,372 Jericho Turnpike,-73.69644,40.72996,2024-12-15,4986
30b536f0e937acde,1201 Ostrander Avenue,-72.67052,40.93533,2024-12-15,4987
c9bf8db4a7bbbd39,200 South Pearl Street,-73.7559,42.64352,2024-12-15,4988
32022d9399d095bf,11 Megan Drive,-77.79684,42.79772,2024-12-15,4989
81f1379da9dbcf91,5641 Transit Road,-78.69598,43.00189,2024-12-15,4990
71b88ec85bd6fcd7,1864 Williamsbridge Road,-73.85273,40.85205,2024-12-15,4991
092563be9e881b1a,1475 Balltown Road,-73.8929,42.815,2024-12-15,4992
3f83d26291b23dc0,8522 3rd Avenue,-74.03092,40.6238,2024-12-15,4993
914d5b007e109861,238 West Bridge Street -- Route 9W,-73.88077,42.21466,2024-12-15,4994
9640be984fd7b01f,55 State Street,-76.56861,42.93199,2024-12-15,4996
1abd7bba7aea75f2,9823 Science Center Drive,-77.10831,42.15951,2024-12-15,4997
680e0c0ca28af490,1350 Gerling Street,-73.90954,42.82341,2024-12-15,4998
de9ddf710818daaf,463 Broadway,-74.0005,40.72098,2024-12-15,4999
64a050cb84b708d2,185 Canal Street,-73.99793,40.71687,2024-12-15,5000
a0078c0e582ecc45,7 Lowes Drive,-73.74598,43.10339,2024-12-15,5001
bae1a7e228ca2d36,555 Boston Post Road,-73.67487,40.99245,2024-12-15,5003
757939c95d1a025f,1946 Campus Drive,-73.93267,41.74666,2024-12-15,5004
a70decfc54d5b138,388 Clinton Avenue,-73.76364,42.66212,2024-12-15,5005
c4cec7cc09927ea9,225 North Broadway,-73.52651,40.77457,2024-12-15,5006
d3f098837ea6b7b6,780 Park Avenue,-73.39133,40.85806,2024-12-15,5007
7a448cdbe59df2bf,64-01 Grand Avenue,-73.9016,40.72286,2024-12-15,5008
ccf853976535ccf7,Fifth Avenue State Street,-73.68803,42.72976,2024-12-15,5009
d5b6805528184464,900 Huguenot Avenue,-74.19213,40.53227,2024-12-15,5010
ff600b95d8527fbc,105 Wilbur Place,-73.10407,40.778,2024-12-15,5011
86a7b56e12d05f60,9003 3rd Avenue,-74.03211,40.62088,2024-12-15,5012
7fdaed8fbb388a48,1055 Old Country Road,-73.55707,40.75555,2024-12-15,5013
8790dbaee24dca18,1633 Sheepshead Bay Road,-73.95255,40.5868,2024-12-15,5014
209678cd773cbb82,23-56 Bell Boulevard,-73.7753,40.78038,2024-12-15,5015
5661111cde15334c,949 Horseblock Road,-73.02343,40.83094,2024-12-15,5016
c7b9872e89113677,3109 North Triphammer Road,-76.49261,42.53797,2024-12-15,5017
6e80b9ee095105ce,39 Burnett Boulevard,-73.88842,41.69861,2024-12-15,5018
7e5aa2f4cc1e1733,80 Smokey Hollow Road,-76.33801,43.16784,2024-12-15,5019
ae8fc8153ab5116a,955 Little East Neck Road,-73.35645,40.72125,2024-12-15,5020
201cabdca0d37ea1,411 Canisteo Street,-77.66007,42.31418,2024-12-15,5021
f11c53ac268f7acb,100 Quaker Street,-73.2653,43.39684,2024-12-15,5022
1921cb8873769c57,507 Warren Street,-73.78644,42.24949,2024-12-15,5023
9fe8e16e76d852b3,1178 NYS Route 9N,-73.43779,43.86015,2024-12-15,5024
5ef5bb33515dd071,575 Broadway,-73.74974,42.65156,2024-12-15,5025
97c73548ec2d9c93,501 New Karner Road,-73.83808,42.74318,2024-12-15,5026
b98bce5687e50410,650 Pelham Parkway South,-73.86786,40.85664,2024-12-15,5027
359430ccbf7d39f4,258 Broadway,-74.00685,40.71349,2024-12-15,5028
e8491b3b4763e6b8,97-17 Rockaway Boulevard,-73.84112,40.68035,2024-12-15,5029
3ad9cfda2d2fce45,40 Church Street,-73.76684,41.03348,2024-12-15,5030
8b377a368aef7fb7,17 Main Street,-72.29525,41.00168,2024-12-15,5031
f4e1000db5ad0eb1,119-25 Liberty Avenue,-73.82334,40.68655,2024-12-15,5032
6aaf10f6e0de5c07,1134 Deer Park Avenue,-73.32068,40.73579,2024-12-15,5033
ed876ee1f77c6a02,1261 Fifth Avenue,-73.95028,40.79542,2024-12-15,5034
a18130bae408a44a,22-59 31st Street,-73.91189,40.77452,2024-12-15,5035
6d7e6ad7c149b0bb,400 Carleton Avenue,-73.19419,40.7618,2024-12-15,5036
9dbcf31c3e630c5c,235 Church Avenue,-73.85169,42.98854,2024-12-15,5037
72039b151eb21d7c,510 Hooper Road,-76.01802,42.11714,2024-12-15,5038
a17dc6591434807a,582-586 Ninth Avenue,-73.99251,40.75862,2024-12-15,5039
8ded9e98bd6a2d5d,699 Hillside Avenue,-73.69655,40.74201,2024-12-15,5040
1cf8ef3f6c04815e,95 Orchard Street,-76.50066,42.20962,2024-12-15,5041
63de81eff6d5d9e4,460 Pulaski Road,-73.36902,40.86369,2024-12-15,5042
0969f86778eba636,1571 Ulster Avenue,-73.98928,41.97768,2024-12-15,5043
42bb06cd295b0f6d,4131 West Genesee Street,-76.24537,43.04516,2024-12-15,5044
0ae3d943cae4f6b6,107 Simon Drive,-76.10292,43.05608,2024-12-15,5045
729db337caac7149,43 Round Lake Road,-73.81203,42.93475,2024-12-15,5046
808855ac2155366c,4266 State Route 9G,-73.89233,42.13336,2024-12-15,5047
ea5f0137ae84c3a6,229 East Sanford Boulevard,-73.82568,40.90094,2024-12-15,5048
5d4492701a067831,924 Broadway,-73.98954,40.74003,2024-12-15,5049
5d2e82d23c3fec1b,1866 Westchester Avenue,-73.86296,40.83286,2024-12-15,5050
284bf9f350f164aa,227 E. Main Street,-76.43977,43.03668,2024-12-15,5051
5b50c923f744b29e,40 Central Avenue,-73.76518,42.65838,2024-12-15,5052
fc127b755465e021,1071 Park Avenue,-73.3634,40.83467,2024-12-15,5053
a1d9d117834d8f7d,3349 Route 11,-74.31613,44.84776,2024-12-15,5054
124e00defea3dfb5,50-108 Route 109,-73.34587,40.70469,2024-12-15,5055
50225281546044a7,"16 North Plank Road, Suite 101",-74.0244004642,41.52100020551,2024-12-15,5056
c8b300773218b904,1850 Victory Boulevard,-74.12552,40.61274,2024-12-15,5057
4d4ccae5db6f608b,2 Gold Street,-74.00714,40.70745,2024-12-15,5058
1cc56f50ff95385c,655 Main Street,-73.21118,40.73039,2024-12-15,5059
f4f2c4e8ef712a43,425 Main Street,-73.86607,42.22071,2024-12-15,5060
9150896548b1d275,131 Main Street,-73.49978,43.09052,2024-12-15,5061
ffd11cdfec4b5a22,51 East Parkway,-73.80803,40.99014,2024-12-15,5063
9325468cd6fadcf1,38-42 Purchase Street,-73.68451,40.9829,2024-12-15,5064
8a1c13bca925dad2,9512 Third Avenue,-74.03371,40.61698,2024-12-15,5065
f33812b7afed11bc,513 East 4th Street,-76.86454,42.38229,2024-12-15,5066
1a741b2eb7928a44,56 Main Street,-73.86962,41.03941,2024-12-15,5067
eee4e96e57559e5b,18 Oakland Avenue,-74.36033,41.25423,2024-12-15,5068
1d38645ed5fbe1de,437 William Floyd Parkway,-72.86407,40.78174,2024-12-15,5069
55ea3a18c47c08de,252 Atlantic Avenue,-73.99056,40.68909,2024-12-15,5070
8fdcfe8d88dc92ba,555 Madison Avenue,-73.973,40.7614,2024-12-15,5071
a994ded2ed77ca19,4126 Merrick Road,-73.48036,40.66663,2024-12-15,5072
dd26b740cb1e05d6,1091 Third Avenue,-73.96416,40.76482,2024-12-15,5073
35d2f8d18550438e,1256 Central Avenue,-73.81083,42.69759,2024-12-15,5074
596f3b1b53e914d9,86 North Street,-76.56641,42.93597,2024-12-15,5075
cc8d640ca56327e4,841 Broadway,-73.99087,40.73427,2024-12-15,5076
0ff93090d16eadfb,36 West Dyke Street,-77.9418,42.11643,2024-12-15,5077
c2e5bb07869693a5,35 Oswego Street,-76.33319,43.15926,2024-12-15,5078
597862d29fd4ea4c,3857 Main Street,-74.14857,41.84464,2024-12-15,5079
29aa4578c55a4cf5,123 Fall Street,-76.79867,42.91049,2024-12-15,5080
861d3e0a20cc545c,222 Old Country Road,-73.63785,40.73882,2024-12-15,5082
0bae6c7c8b1cb5e8,386 Clifton Park Center Road,-73.77604,42.86011,2024-12-15,5083
b4447e062b4afe65,100 Marymount Avenue,-73.85082,41.07651,2024-12-15,5084
34120159d35cf8b5,53 Market Street,-75.06073,42.45294,2024-12-15,5085
43659b8f60291fbf,1416 East Avenue,-73.86042,40.83599,2024-12-15,5086
bd03c4771cc045e3,1847 Central Avenue,-73.84865,42.73288,2024-12-15,5087
0458fbe3269ad468,150-50 Hillside Avenue,-73.80474,40.70715,2024-12-15,5088
e09e281df1b181df,279 SUNRISE HIGHWAY,-73.64392,40.65738,2024-12-15,5089
dd38b71cd0da519d,70 Canal Street,-74.39533,41.71768,2024-12-15,5090
7bed63ebd9192c5b,56 Genesee Street,-76.30936,43.03893,2024-12-15,5091
bddd34ad209b1785,9 Price Chopper Plaza,-73.68385,42.91036,2024-12-15,5092
1d5a7578d555a4ec,30 East Church Street,-76.0211,43.80929,2024-12-15,5094
f4729e4b88d63d5b,110 8th Street,-73.68342,42.73095,2024-12-15,5095
ea0dfb8f415e9ab4,314 Grand Street,-73.99094,40.71727,2024-12-15,5096
aaa51bbeb9232534,One West Main Street,-77.61295,43.1556,2024-12-15,5097
0696108a1489d961,2 Wall Street,-74.01143,40.7076,2024-12-15,5098
f533d4afa4bd473d,5 Eastport Manor Road,-72.73323,40.82722,2024-12-15,5099
5676b1cdc6a18276,800 S. State Street,-76.14753,43.04351,2024-12-15,5100
95221122a1a546b6,1375 Broadway,-73.98743,40.75244,2024-12-15,5101
fb88ac2e3e87a447,65 Vandenburgh Avenue,-73.68858,42.69811,2024-12-15,5102
92b0a55385d55d5f,1300 E. Dominick St.,-75.43488,43.20442,2024-12-15,5103
cc6775260662b751,7799 Oswego Road,-76.23055,43.14896,2024-12-15,5104
f1e09fe0d0db0a11,126 Page Avenue,-74.23535,40.52136,2024-12-15,5105
61baf2b5f60b0809,1401 Route 300,-74.07073,41.51816,2024-12-15,5106
d0a37e597f9cb5d2,2801-B Route 112,-72.99516,40.82678,2024-12-15,5107
f8f6a4faa3190ec1,5 Main Street,-74.92163,42.26981,2024-12-15,5108
20d7c2babc2eb28a,440 Avenue P,-73.97124,40.60901,2024-12-15,5109
6b623fd792458417,8806 State Route 434,-76.12203,42.06189,2024-12-15,5110
045acfba05dc671c,65-01 Myrtle Avenue,-73.89016,40.70116,2024-12-15,5111
7e870cfd7893920e,213-215 North Main Street,-73.07941,40.7388,2024-12-15,5112
c20dd153143f1eab,24-28 34th Street,-73.93055,40.74561,2024-12-15,5113
0435ea8ead912204,300 Broadway,-73.99081,41.92533,2024-12-15,5114
9ff724edf491e91e,1900 Altamont Avenue,-73.9546,42.78052,2024-12-15,5115
9f8824e15ce96b6b,16 Park Avenue,-73.78,42.86436,2024-12-15,5116
dc54c39c14168c08,5555 Merrick Road,-73.43195,40.66993,2024-12-15,5117
6606f1212688461c,15 Hyatt Street,-74.07688,40.64203,2024-12-15,5118
a779bce0ad7c3dfe,Route 9W Simmons Plaza,-73.9557,42.05704,2024-12-15,5119
56009bc2bab8fc24,10729  US Route 12E,-76.02225,43.82337,2024-12-15,5120
3150fe9dcf09c69d,3852 Main Street,-73.77453,43.49603,2024-12-15,5121
feef661323a53b6c,61 South Broadway,-73.89894,40.93171,2024-12-15,5122
b106c9003608e707,107-55 Queens Boulevard,-73.84422,40.72176,2024-12-15,5123
f19cc2fe050128fa,50 Middleneck Road,-73.72898,40.78805,2024-12-15,5124
d437994b36af0cea,201 Bath Plaza,-77.33229,42.3387,2024-12-15,5125
1ab40cf68a51ee9a,27 Smith Street,-73.4212,40.75469,2024-12-15,5126
51a9646eaca7619e,2 Great Neck Road,-73.72607,40.78628,2024-12-15,5127
3a5947d46bf37dde,60 Matthews Street,-74.33558,41.3975,2024-12-15,5128
5283a2abfb82402c,107 Chatsworth Avenue,-73.75802,40.93255,2024-12-15,5129
2467608ba0ce2e90,3660 Lee Road,-73.80908,41.33252,2024-12-15,5130
f6d8b1bcf62941db,600 Community Drive,-73.7023,40.772,2024-12-15,5131
a445d1ca40bf20ab,3460 Vestal Parkway,-75.98932,42.09666,2024-12-15,5133
3aa7099df1147318,131 East 23rd Street,-73.98494,40.73958,2024-12-15,5134
0f00aa32e5edfbff,1630 Shore Parwkay,-73.99959,40.59476,2024-12-15,5135
64b5649ad4dc2aea,444 Madison Avenue,-73.97569,40.75774,2024-12-15,5136
c05352524800636e,838 South Road,-73.91155,41.60974,2024-12-15,5137
d0934fc5a0aa4c8b,35 West Main Street,-76.86455,42.90462,2024-12-15,5138
3b0a8e3702a6d20a,301 Independence Plaza,-73.05038,40.86599,2024-12-15,5139
7e06722fe98b3d72,15 Scotts Corners Drive,-74.19918,41.52581,2024-12-15,5140
2f5b052b0ec4bcb4,18 Lake Street,-76.26081,42.10301,2024-12-15,5141
cbceeb0fa917c807,935 Loudon Road,-73.75423,42.76386,2024-12-15,5142
e27463b6e060e8aa,3 Park Plaza,-73.68782,42.90399,2024-12-15,5143
ce0e669d7e034e12,21 Union Street,-74.23736,41.52646,2024-12-15,5144
5c98544813a966e8,959 Crane Street,-73.94756,42.79876,2024-12-15,5145
a38a1ed45bd9cb3e,196 Route 59,-74.11686,41.11266,2024-12-15,5146
de82ae169f45a63f,"31 West Main Street, Suite 23",-73.01589,40.76574,2024-12-15,5147
9704a347561e37a5,9904 Fourth Avenue,-74.03324,40.6133,2024-12-15,5148
bd23d10379245437,770 Park Avenue,-73.39321,40.85955,2024-12-15,5149
fbe3f29b65c879cf,791 Route 17M,-74.19275,41.3335,2024-12-15,5150
28e81f400e74b607,26 Court Street,-73.99607,40.69395,2024-12-15,5151
60462aebcfc02291,2290 Delaware Avenue,-78.86887,42.94634,2024-12-15,5152
2b0311b8e17be132,58 Main Street,-74.31429,42.08324,2024-12-15,5153
2d1a9d8021a5f1a7,1320 Hylan Boulevard,-74.08551,40.59615,2024-12-15,5154
1a6ce2230897fed1,28 Maple Street,-73.64552,43.31159,2024-12-15,5155
7d3f9bb86cc8443f,94-15 Northern Boulevard,-73.87349,40.75715,2024-12-15,5157
7af0ab16ec49a3a8,1818 Victory Boulevard,-74.12421,40.61282,2024-12-15,5158
6bf8b87414e676c0,288 Main Street,-73.42759,40.87106,2024-12-15,5159
476fa1715bd330e5,2902 Avenue U,-73.94275,40.60033,2024-12-15,5160
1728555f7619aa96,90 Broad Hollow Road,-73.42931,40.71175,2024-12-15,5161
56128b7c4c101c27,4282 Albany Post Road,-73.93274,41.78403,2024-12-15,5162
fb4ac5969375bc27,110 Marcus Boulevard,-73.24793,40.81163,2024-12-15,5163
df843de08d3b450f,855 Franklin Avenue,-73.63479,40.72742,2024-12-15,5164
090584442754ed08,251 East Main Street,-73.00745,40.76636,2024-12-15,5165
1d4f568e75ab747d,1 Industrial Drive,-74.37291,41.46861,2024-12-15,5166
f566b6295e2e7427,312 College Avenue,-76.8105,42.09,2024-12-15,5167
07f606637a44a9b3,524 West 57th Street,-73.98949,40.7695,2024-12-15,5168
f6522564268322c5,23 Wallkill Avenue,-74.18369,41.60521,2024-12-15,5169
893a5fa5ad64049a,540-550 Jericho Turnpike,-73.65687,40.74434,2024-12-15,5170
4321aa063b7664ab,700 Willis Avenue,-73.64624,40.76395,2024-12-15,5171
0bee09ba76fc58aa,2114 Western Avenue,-73.8879,42.69755,2024-12-15,5172
36c461c1e5fec0a1,1545 Route 52,-73.87416,41.54451,2024-12-15,5173
12edb943af6dcffa,144 Sunset Avenue,-72.64441,40.81351,2024-12-15,5174
7c5ee53f5d4abf09,6117 18TH AVENUE,-73.98823,40.62106,2024-12-15,5175
c4b2190ca5ec7bde,195 Montague Street,-73.99144,40.69403,2024-12-15,5176
db0554c5a42cbd56,4700 Vestal Parkway East,-75.95033,42.09268,2024-12-15,5177
547feccdc8a5463b,2266 Cropsey Avenue,-73.99714,40.59573,2024-12-15,5178
551f0b3d4d6eea8f,919 Second Avenue,-73.9691,40.75409,2024-12-15,5179
b54bc2ba3c3a6920,647 Main Street,-73.32971,40.8999,2024-12-15,5180
e108321645f1be2c,7391 South Broadway  (Route 9),-73.87995,41.99067,2024-12-15,5181
7f3f6e05fa10fa04,1981 Marcus Avenue,-73.69478,40.75531,2024-12-15,5182
22e58fa898124984,1225 FRANKLIN AVE,-73.63491,40.73365,2024-12-15,5183
3a09533d84e1ee97,98 Cutter Mill Road,-73.73286,40.78368,2024-12-15,5184
84c3467894d16e15,3 Liberty Street,-75.13151,42.16909,2024-12-15,5185
f916d9159a4c867b,7 Clifton Country Road,-73.78151,42.86079,2024-12-15,5186
74146be5f878f593,46 Millard Street,-76.98577,42.52572,2024-12-15,5187
cd7fa8a0f2b2a6b3,11 Schuyler Street,-78.03397,42.22319,2024-12-15,5188
1abb16c98613a45f,1744 Route 22,-73.48112,44.50532,2024-12-15,5189
3e0500671ed710b6,1504 Third Avenue,-73.95458,40.778,2024-12-15,5190
00e3cc9493a5312d,8808 Fifth Avenue 88th Street,-74.02744,40.62006,2024-12-15,5191
3c5d081812a4413d,3515 Route 9W,-73.9617872622,41.72719082713,2024-12-15,5192
76a8f45de6565b08,1048 State Street,-73.92771,42.80136,2024-12-15,5193
1e95ec5aeef83590,527 Charles Ave,-76.19754,43.04947,2024-12-15,5194
a9f8dcd6270a2de3,4240 Albany Post Road,-73.93133,41.78116,2024-12-15,5195
361cc10414476890,463 Broadway,-74.68838,41.6554,2024-12-15,5196
ef15fb9e69b836d3,371 East 149th Street,-73.91867,40.81633,2024-12-15,5197
352afd52098d7181,125 Corporate Boulevard,-73.8791,40.97008,2024-12-15,5198
851894874e2252e5,149-37  14th Avenue,-73.81483,40.7886,2024-12-15,5199
c2ac14583565c02a,1031 First Avenue,-73.96313,40.75805,2024-12-15,5200
6f3010d097f93480,50 Boniface Drive,-74.29757,41.60332,2024-12-15,5201
a71d88cc254605f4,1 Old Loudon Road,-73.762,42.73404,2024-12-15,5202
4d392b459934803e,411 Washington Avenue,-74.02522,41.93584,2024-12-15,5203
b62b64cdd206f0d2,1156 Troy Schenectady Road,-73.81933,42.76933,2024-12-15,5204
b19b475fe29e72a5,108 Hudson Street,-74.00872,40.71949,2024-12-15,5205
48b4df5143b338e1,7812 Turin Rd.,-75.45491,43.24036,2024-12-15,5206
a63d4c7d62c1f5a1,20 Squadron Boulevard,-73.98272,41.15803,2024-12-15,5207
5b9285bfd0de2efc,29 Main Street,-77.69551,42.39271,2024-12-15,5208
50202f1e1a0a799e,1490 Route 9,-73.90796,41.59037,2024-12-15,5209
9b88b13fe80c528c,301 Fifth Avenue,-73.80797,40.91552,2024-12-15,5211
ce70aee7eecb22dc,286 Saratoga Road,-73.93028,42.87208,2024-12-15,5212
b61e751a4b12c3e1,35 Andrews St,-74.89412,44.93166,2024-12-15,5213
f4f768ab1f83c017,73-14 37th Avenue,-73.89209,40.74892,2024-12-15,5214
0de9723952f8d00b,188-10 Hillside Avenue,-73.77318,40.71505,2024-12-15,5215
543a20ead277463e,73 Main Street,-76.33857,42.22842,2024-12-15,5216
bcf0b956f36b2dae,536 Main Street,-75.16442,42.34147,2024-12-15,5217
7ac0e94de2853c33,238 Main Street,-73.83316,43.24588,2024-12-15,5218
051c85354d207cb0,1104 Avenue J,-73.96497,40.6248,2024-12-15,5219
0e794400c97871cc,2831 Broadway,-73.96711,40.80378,2024-12-15,5220
f484199387eac610,1212  Avenue M,-73.96228,40.61776,2024-12-15,5221
16850b51338f1740,975 Allerton Avenue,-73.85934,40.86564,2024-12-15,5222
347a3f5140fa9a48,1616 Broadway,-73.95904,42.80052,2024-12-15,5223
2a8705e80d809dca,34-36 Main Street,-75.06344,42.44814,2024-12-15,5224
f43a95d2c906e2bb,924 Turin Street,-75.45542,43.23663,2024-12-15,5225
9949b498307c8d70,3001 Ford Street Extension,-75.45748,44.70528,2024-12-15,5226
12580c118b5de4db,43 East 8th Street,-73.99406,40.73129,2024-12-15,5227
c10ead519c2e7b9b,7421 Oswego Road,-76.22085,43.12898,2024-12-15,5228
cbba4ab3d298b316,4142 Hylan Boulevard,-74.14847,40.53877,2024-12-15,5229
cebe26c4bd20c37d,345 Main Street,-73.86503,42.21801,2024-12-15,5230
a47faa3271606dce,1282 Motor Parkway,-73.19433,40.80486,2024-12-15,5232
bb2f4399a9080dd8,102 West Broadway,-73.07005,40.94722,2024-12-15,5233
960b6051a9ff22c4,2143 Central Park Avenue,-73.83547,40.97178,2024-12-15,5234
128b536b3559a4e6,49 Court Street,-75.91301,42.09871,2024-12-15,5235
e26e4646db467fe1,1630 5th Avenue,-73.26311,40.75811,2024-12-15,5236
01830fc0203b10eb,303 South Broadway,-73.86375,41.06664,2024-12-15,5238
4612e35290c6dcc6,40 Fulton Street,-74.00447,40.70799,2024-12-15,5239
abc4c0c2889b5adb,2178 Deer Park Avenue,-73.33572,40.77502,2024-12-15,5240
b9280c8064c6fdee,665 Moseley Road,-77.443,43.06839,2024-12-15,5241
7ffc06046ba2a785,10 Vanderbilt Parkway,-73.2917,40.81643,2024-12-15,5242
1ec25ff05b7eb642,3580 Route 9W,-73.96384,41.71377,2024-12-15,5243
ceb750018f518d5e,2537 Route 9,-73.79091,42.97394,2024-12-15,5244
e181d6370194d2a9,960 Port Washington Boulevard,-73.68423,40.8298,2024-12-15,5245
41cb658d2a7eada3,215 Atlantic Avenue,-73.99222,40.68964,2024-12-15,5246
ec51ab99917c2f1d,99 Washington Avenue,-73.75952,42.65459,2024-12-15,5247
fa74fc14ff1dfe65,1240 First Avenue,-73.95849,40.76441,2024-12-15,5248
cccc5528e78ac1e3,3085 Veterans Memorial Highway,-73.13466,40.78883,2024-12-15,5249
eadeeb66a2fbff57,130 Township Boulevard,-76.26841,43.05586,2024-12-15,5250
2695fdacbb1d6484,33-35 Center St,-73.84549,41.01225,2024-12-15,5251
b86ad4c7a59e4278,134-136 Main Street,-73.64064,42.69548,2024-12-15,5252
87ae301bcc092e5b,400 Rella Boulevard,-74.10575,41.1162,2024-12-15,5253
1b9787555414e24b,893 Flatbush Ave,-73.95862,40.65007,2024-12-15,5254
56c5f18cf231dd9c,1133 Madison Avenue,-73.95945,40.77998,2024-12-15,5255
f26a079eeec8a369,21 East Industry Court,-73.29643,40.7609,2024-12-15,5257
d2b4f8500caabeb2,Five Penn Plaza,-73.99365,40.75194,2024-12-15,5258
f4b67986241b8d10,1387 Route 9,-73.90912,41.58294,2024-12-15,5259
56d435c4f95de2e5,2700 Broadway,-73.96843,40.79909,2024-12-15,5261
53771c39e8f85f84,907 Broadway,-76.81663,42.06221,2024-12-15,5262
85df6e9e8204e22a,450 Broadway,-74.00094,40.72046,2024-12-15,5263
62da1180275ae58d,7500 Fifth Avenue - Bay Ridge Parkway # 25,-74.02269,40.62939,2024-12-15,5264
963289a8a5711f77,443 Hillside Avenue,-73.6574,40.75317,2024-12-15,5265
602cc76fbbdc98d5,40 Wolf Road,-73.81765,42.71239,2024-12-15,5266
6fad3e221db362dd,136-17 39th Avenue,-73.82964,40.76038,2024-12-15,5267
ed01e64a81986ff4,127 Smithtown Boulevard,-73.1605,40.83848,2024-12-15,5268
e9de8abd7e246be8,1715 Bedford Avenue,-73.95697,40.66491,2024-12-15,5269
e5b2e5f15d361466,79-55 Metropolitan Avenue,-73.8719,40.71329,2024-12-15,5270
ab21b82e1b53c7ed,1200 Wantagh Avenue,-73.50803,40.69316,2024-12-15,5271
4d2e18506f413098,1850 South Road,-73.91508,41.6162,2024-12-15,5272
b996fe5c5614f66f,1000 Coffeen Street,-75.93283,43.98501,2024-12-15,5274
31abe50e062bbb95,159-21 Route 25A,-72.9982,40.94123,2024-12-15,5275
2cdf56e2384bb8fe,75 North State Road,-73.82874,41.15139,2024-12-15,5276
ed456fcf5e6d225d,35 East Grassy Sprain Road,-73.85141,40.95409,2024-12-15,5277
d5d23068ef355bca,300 West 125th Street,-73.95152,40.81032,2024-12-15,5278
a4a31ad45f8c86eb,254 Canal Street,-74.00072,40.71856,2024-12-15,5279
043184a91a36c229,269 5th Avenue,-73.98213,40.67419,2024-12-15,5280
3376b0db22b33848,516 East Central Avenue,-73.7234,40.62192,2024-12-15,5281
14d3ab59e21f541d,1540 Hylan Boulevard,-74.08798,40.59118,2024-12-15,5282
82234c4d5f79855a,1 Saxon Drive,-77.79033,42.25395,2024-12-15,5283
a74f7379f4561afe,3 River Road,-75.05898,41.76684,2024-12-15,5284
f82dfef326fbc9e0,4 Garland Lane,-74.01749,42.42609,2024-12-15,5285
4eeca95757c123b9,2063 Ralph Avenue,-73.91751,40.62717,2024-12-15,5286
95bc563a0d6702b6,18 Westage Drive,-73.89476,41.52881,2024-12-15,5287
280b4921751bd868,2700 Hylan Boulevard,-74.11293,40.56573,2024-12-15,5288
1f0d4b2c3918feae,131-133 Delaware Street,-75.12999,42.16813,2024-12-15,5289
59cbb471357b4d67,290 Saratoga Road,-73.92899,42.87297,2024-12-15,5290
ad9cf34988545893,500 Park Ave,-73.97001,40.76282,2024-12-15,5291
0ada540f148b3f86,25-29 Parsons Boulevard,-73.82374,40.7758,2024-12-15,5292
91ea23441aab1d34,1633 Broadway,-73.98384,40.76176,2024-12-15,5293
30a87f00e6f1591b,6060 Brush Hollow Road,-73.55875,40.77787,2024-12-15,5295
6cd61c460695939f,475 North Highland Drive,-77.96454,42.12663,2024-12-15,5296
cf1335a6d9330f6d,9001 Flatlands Avenue,-73.90579,40.64035,2024-12-15,5297
9c0b6752019d7c84,1 Churchill Avenue,-74.61762,42.40796,2024-12-15,5298
3516e47ca2966bf3,71 West 47th Street,-73.98127,40.75782,2024-12-15,5299
e9073d0a82042e29,101 Commerce Park Drive,-75.94051,43.97698,2024-12-15,5300
bb5af75c8fad2213,1018 Route 146,-73.81862,42.86935,2024-12-15,5301
693e3f77c98c15c1,2410 North Ocean Avenue,-73.01987,40.82807,2024-12-15,5302
d5b24198c21a7781,41 Albany Street,-75.85458,42.93021,2024-12-15,5303
9ca08eeb27de8d72,3200 Balltown Road,-73.89351,42.7827,2024-12-15,5305
adc1f161aa3f7453,135 West Broadway,-73.0717,40.94567,2024-12-15,5306
5f39791410396abe,275 South Main Street (New City),-73.99121,41.13767,2024-12-15,5307
3456eb3b095e9d04,6424 18th Avenue,-73.99003,40.61929,2024-12-15,5308
d5fcaa9cf13e769a,120 Troy Road,-73.69994,42.62434,2024-12-15,5309
01e50834a8ea6fd5,900 Route 376,-73.828552,41.607323,2024-12-15,5310
17d31c1000dc309b,2173 86th Street,-73.99412,40.6021,2024-12-15,5311
996600a10b2bd1f1,107-01 Liberty Avenue,-73.8345,40.68329,2024-12-15,5312
2f04e023a4a44e6f,126 Main Street,-76.623,43.0359,2024-12-15,5313
61c0bdd2c23fddfb,1806 Medford Avenue,-73.00579,40.80154,2024-12-15,5314
21cc841ca9d2efad,171 South Broadway,-73.788,43.07215,2024-12-15,5315
58db1cf6c1f5dde8,7500 Route 209,-74.37123,41.74218,2024-12-15,5316
a0f782a84fb8f49d,401 Salinas Street,-76.15224,43.04674,2024-12-15,5317
4adc05becd3e3909,1122-1126 Kings Highway,-73.961771,40.607372,2024-12-15,5318
3e707ab7b57f2ed2,1139 Upper Front Street,-75.90068,42.14982,2024-12-15,5319
a97d188ae4aa8175,7282 W. Main St.,-75.405,43.11551,2024-12-15,5320
f63ff720ae0354ec,37-10 Broadway,-73.92025,40.75956,2024-12-15,5321
236adf02142c2fe9,690 Hempstead Turnpike,-73.66525,40.70695,2024-12-15,5322
98a790f68af26917,5000 Corporate Drive,-73.03833,40.80958,2024-12-15,5323
45ba2e2ea0aefcbe,146 Mamaroneck Avenue,-73.76526,41.02924,2024-12-15,5324
3471bc881b9d3179,1643 County Road 64,-76.85398,42.15921,2024-12-15,5325
6539c9aa7ec0d1dd,1000 Montauk Highway,-73.29453,40.69431,2024-12-15,5326
89047ce050be60b5,1040 SIXTH AVENUE,-73.98529,40.75321,2024-12-15,5327
d3efe0e02d6ab30b,987 Fourth Avenue,-74.00569,40.65259,2024-12-15,5328
ea07004f8497e224,116-24 Metropolitan Avenue,-73.83507,40.70714,2024-12-15,5329
7548c2848234072c,16 Court Street,-73.9905,40.69351,2024-12-15,5330
d61319baea5fe027,5472 Amboy Road,-74.19192,40.53181,2024-12-15,5331
86d43dd6fd5146df,501 North Broadway,-73.53665,40.79051,2024-12-15,5332
9e0d9299433f7f2d,136  Fifth Ave,-73.80868,40.91328,2024-12-15,5333
15a3129770159672,177 Fairview Avenue --- Route 9,-73.76609,42.25797,2024-12-15,5334
da5340de45fd94e4,4401 Amboy Road,-74.1623,40.54491,2024-12-15,5335
511b71c2a629ba9a,746 Montauk Highway,-71.94404,41.03448,2024-12-15,5336
1dd65d2d3816a78a,479 Montauk Highway,-73.22845,40.7276,2024-12-15,5337
bf884f9043c59b45,4941 Broadway,-73.92093,40.86778,2024-12-15,5338
db1ced1eadba7dc4,205 East Main Street,-74.68486,41.36442,2024-12-15,5339
63600789adc5b78c,180 Schwenk Drive,-74.02458,41.93661,2024-12-15,5340
a484e9c4274dbff1,82 South Liberty Drive,-73.98414,41.22229,2024-12-15,5341
5232e19882630363,11109 66TH AVE,-73.84509,40.73138,2024-12-15,5342
ff377852b03b9a63,2087 East Henrietta Road,-77.60654,43.0777,2024-12-15,5343
2611459e90dd942a,12 Vista Boulevard,-73.86134,42.64036,2024-12-15,5344
79f4212e4bb31acc,1600 Hempstead Turnpike,-73.57732,40.72262,2024-12-15,5345
4ede537a425d230c,6828 East Genesee Street,-76.05002,43.02962,2024-12-15,5346
9edd0becac328f22,109 South Warren Street,-76.15018,43.05051,2024-12-15,5347
6ed4f8f545c3f946,336 Broadway,-74.00436,40.71649,2024-12-15,5348
dea5700648c12bba,211 East Main Street,-73.3947,40.88168,2024-12-15,5349
e5116869134c853f,99 Newtown Lane,-72.19098,40.96465,2024-12-15,5350
9a26cd580299b968,2 Bank Street,-74.18865,41.56127,2024-12-15,5351
ce27a98cca626d45,6975 Amboy Road,-74.23326,40.5162,2024-12-15,5352
896e15971a0c65ef,148-08 Cross Island Parkway,-73.81596,40.78716,2024-12-15,5353
41bc0a0a769e551a,72-44 Austin Street,-73.8412,40.7187,2024-12-15,5354
5564ab77f54789a1,37 Main Street,-77.77744,42.4613,2024-12-15,5355
c8215bfd52e92815,78 Brookside Avenue,-74.28424,41.3577,2024-12-15,5356
ce338ff925bd9958,77 Victory Highway,-77.10065,42.16921,2024-12-15,5357
56e74de29c7c5529,530 William Floyd Parkway,-72.86637,40.79724,2024-12-15,5358
75077a67b5613590,957 Marcy Avenue,-73.94634,40.68038,2024-12-15,5359
fda09133771eafe3,333 Sawmill River Road,-73.81569,41.06504,2024-12-15,5360
c5aed1e932f8818d,301 Avenue U,-73.97287,40.59701,2024-12-15,5361
2f1ae3af0154bc3a,122 Greenwich Avenue,-74.00273,40.7393,2024-12-15,5362
cec4ac8c6ba26142,155 Roe Boulevard,-73.02436,40.77515,2024-12-15,5363
fe70c9cd35646229,7 Edward J. Lempka Drive,-74.35738,41.34054,2024-12-15,5364
9cc126339d1dd1f1,664 Main Street,-73.73174,41.19,2024-12-15,5365
2dda4b73ca1fd1a6,3461 State Street,-73.89375,42.77192,2024-12-15,5366
74a6fd8ac8b37e73,498 Columbia Street,-74.00796,40.67405,2024-12-15,5367
36967122686fdfcc,2260 Merrick Road,-73.54121,40.6604,2024-12-15,5368
b38a509813bd841f,1062 3rd Avenue,-73.9649,40.76381,2024-12-15,5369
6a621bfdeb27af38,Western Avenue at Fuller Road,-73.83907,42.68158,2024-12-15,5370
1681d224183cae7e,3rd Avenue and Sunrise Highway,-73.25714,40.73359,2024-12-15,5371
f604868064e2a0d4,169 Main Street,-74.92744,42.70119,2024-12-15,5372
43f75057637851bb,51 Main Street,-74.35907,41.25758,2024-12-15,5373
d9937bf4246c35d2,593 Route 143,-74.04513,42.5149,2024-12-15,5374
a9b535bf19bdca13,104 Market Street,-74.01414,41.09687,2024-12-15,5375
4d09a17875cd18b4,2521 Vestal Parkway East,-76.00761,42.09504,2024-12-15,5376
e5d85dc29e625fbd,72 Purchase Street,-73.68482,40.98425,2024-12-15,5377
02786482908ba7eb,73 Chestnut Street,-74.93072,42.69756,2024-12-15,5378
14f44472edfcbb48,9074 Dopp Hill Road,-75.38641,43.30102,2024-12-15,5379
8fac647102aca620,1521 East Boston Post Road,-73.71541,40.95428,2024-12-15,5381
b52609aaa21d312b,540 Jericho Turnpike,-73.49728,40.81049,2024-12-15,5382
c8608241c0183b64,One Hyatt Street,-74.07652,40.64223,2024-12-15,5383
2907da328ac7a090,21 Route 59,-73.93201,41.09328,2024-12-15,5384
4974b3c35f285960,94-05 63RD DRIVE,-73.86309,40.72892,2024-12-15,5385
39c269b36c8677f8,121 Speonk-Riverhead Road,-72.6984,40.87512,2024-12-15,5386
cc1df619fe918c05,355 Broadway Route 110,-73.41734,40.68371,2024-12-15,5387
5086b9b3b75a6709,222 East Main Street,-73.72644,41.20284,2024-12-15,5389
dec34fcfda9cfd05,1249 Fifth Avenue,-73.95138,40.79391,2024-12-15,5390
0ecabbd5d5260bb7,474 Portion Road,-73.09329,40.82961,2024-12-15,5391
58b76f02f1d0738e,1276 Lexington Avenue,-73.95575,40.77926,2024-12-15,5392
1ab4aa6ee61ebcbb,2465 Jericho Turnpike,-73.65841,40.74328,2024-12-15,5393
06cadaef504152be,125 State Street,-73.75526,42.65108,2024-12-15,5394
b7f2f9c331d6e7b1,280 Wall Street,-74.01956,41.93327,2024-12-15,5396
33f5126a4c64ceee,162-38 Cross Bay Boulevard,-73.83841,40.65288,2024-12-15,5397
c2d0f0540c30882b,320 State Street,-73.9437,42.814,2024-12-15,5398
f890b723c5adbfd9,2429 Jackson Avenue,-73.94438,40.74641,2024-12-15,5399
edb9d5ee8ac85cc7,515 Route 17M,-74.17863,41.31982,2024-12-15,5400
8a57a86f97640498,210-212 Prospect Park SW,-73.97246,40.65164,2024-12-15,5401
fc9c69258fda3c38,2025 Broadhollow Road,-73.4219,40.74992,2024-12-15,5402
5943476c759dd586,98 Gleneida Avenue,-73.67966,41.42994,2024-12-15,5403
ab90b6b8d60dc0ca,375 Route 303,-73.94482,41.04792,2024-12-15,5404
2976f2694c8d2570,100 Arrivals Avenue,-73.09784,40.78969,2024-12-15,5405
2eaeb2e33fe7a0da,101 East Main Street,-75.15138,44.59678,2024-12-15,5406
d1f949bdfcf5db6f,500 Westchester Avenue,-73.67841,41.00496,2024-12-15,5407
f6e367291c3bcd6b,1 Quaker Ridge Road,-73.79589,40.94743,2024-12-15,5408
93a870e29845eaae,222 Middle Country Road,-73.184199,40.855585,2024-12-15,5409
b72af62221811a16,469 State Street,-73.94087,42.81216,2024-12-15,5410
36c912cbb1063c3c,340 Aviation Road,-73.69833,43.3304,2024-12-15,5412
3f7c594bb2261c52,666 Broadway,-73.99534,40.72712,2024-12-15,5413
cb8b543cff15ad27,191 West Montauk Highway,-72.54068,40.87195,2024-12-15,5414
c6bb94167ba40684,41 Lakefront DRive,-76.97973,42.86637,2024-12-15,5415
435ec9adc8bbe715,350 Canada Street,-73.71208,43.42702,2024-12-15,5416
caed8465d903a0fb,495 Court Street,-75.87451,42.1044,2024-12-15,5417
7343f16bd5e597e1,63-54 108th Stret,-73.84977,40.73329,2024-12-15,5418
4bf42b2f4c4f6b79,2065 Wading River Manor Road,-72.84265,40.94539,2024-12-15,5419
2190023cc573cb7a,391 Jericho Turnpike,-73.53584,40.7941,2024-12-15,5420
b1cd4327e1059a41,75 Oneida Street,-75.10239,42.4502,2024-12-15,5421
4f926622b845543d,73 Railroad Avenue,-77.79065,43.28929,2024-12-15,5422
a25f99c5e96a1422,701 West Montauk Highway,-73.3493,40.68515,2024-12-15,5423
955f6e9af612a7be,2195 Flatbush Avenue,-73.92998,40.61679,2024-12-15,5424
33b0e0fc0a0ea25a,6266 Fresh Pond Road,-73.90078,40.71248,2024-12-15,5425
7196559a81740eaa,220 Old Country Road,-73.52951,40.76156,2024-12-15,5426
f771bca70602294f,1 Court Street,-72.66605,40.91915,2024-12-15,5427
6c51ef768824954c,1400 Altamont Avenue,-73.94452,42.7838,2024-12-15,5428
245ff167d4d6981b,524 E. Genesee Street,-75.86551,43.0531,2024-12-15,5429
5e6717855764fed1,6 West Second Street,-72.66359,40.91891,2024-12-15,5430
4edcca9af87c79c1,1892 Central Avenue,-73.85331,42.73322,2024-12-15,5431
0a9e3e8f07153cbb,432 South Road,-73.93166,41.68977,2024-12-15,5432
38ec663484e92521,81 Water Street,-74.07692,40.62707,2024-12-15,5433
64d5712b85875608,1230 Third Avenue,-73.96087,40.7694,2024-12-15,5434
ef931293babc3430,150-38 Northern Boulevard,-73.81365,40.76514,2024-12-15,5435
baa16e53b72aa389,2 Triebel Avenue,-73.85102,43.04573,2024-12-15,5436
a05395e8b91a141e,3018 East Avenue,-76.12816,43.29212,2024-12-15,5437
5c0f28bf0252376e,563 Main Street,-76.70316,43.3161,2024-12-15,5438
a0776b6553593826,2494 Route 9W,-73.81598,42.46586,2024-12-15,5439
ae61a7db1ed4da19,One Steuben Square,-77.65963,42.32926,2024-12-15,5440
a932147e1c31b212,46 Third Avenue,-73.9892,40.73052,2024-12-15,5441
737d958190447450,3222 Sunrise Highway,-73.51092,40.67152,2024-12-15,5442
743c3180572057f2,1218 Ulster Avenue,-73.98855,41.9661,2024-12-15,5443
4bece3d3419ba454,1 North Broadway,-73.76356,41.03431,2024-12-15,5444
af0b225770e8c3c1,28-21 Astoria Boulevard,-73.91966,40.77092,2024-12-15,5445
9aef9e4c495500ce,500 West Erie Boulevard,-76.16107,43.04993,2024-12-15,5446
a78219f9cee74615,1040 Jericho Turnpike,-73.37057,40.83497,2024-12-15,5447
70184772e4fbf1af,1505 Avenue J,-73.96109,40.62522,2024-12-15,5449
685a307c7ede890e,3275 Cold Springs Road,-76.28275,43.14479,2024-12-15,5450
d659b886bc07f98a,32 Avenue of the Americas,-74.00521,40.72008,2024-12-15,5451
211653446a85c0d5,2 West Main Street,-76.66269,42.5421,2024-12-15,5452
bb4247732cc1b6df,591 Route 17M,-74.18502,41.32147,2024-12-15,5453
3702d8ed8d6b56e8,602 New Loudon Road,-73.76087,42.72825,2024-12-15,5454
0b02c1874c65272c,2301 Nott Streeet,-73.89272,42.81563,2024-12-15,5455
a1b8029b43730c9a,3150 Amboy Road,-74.13227,40.56391,2024-12-15,5456
dfc09c2f19300afc,250 Lexington Avenue,-73.97961,40.74657,2024-12-15,5457
14c5a3a82eea0172,104 Merchant Plaza,-74.45741,42.68122,2024-12-15,5458
bbc3cf3e743763ed,153 South Liberty Drive,-73.98675,41.21794,2024-12-15,5459
8bc7084f5f07c475,5962 Route 31,-76.1075,43.17503,2024-12-15,5460
968558a5fead83fe,824 Central Park Avenue,-73.8187,40.99502,2024-12-15,5461
8b2b5d1be3f84fe9,211 Montague Street,-73.99088,40.69387,2024-12-15,5462
54c57145f1e27810,99 Main Street,-73.63635,43.3008,2024-12-15,5463
a83dcddbf87a202d,245 Vulcan Street,-78.90551,42.9615,2024-12-15,5464
d69a9b78f52012f8,7519 Court Street,-73.59734,44.21297,2024-12-15,5465
dd67e68ccd050031,2680 South Road,-73.92811,41.67248,2024-12-15,5466
009d14a634b6ccba,73-55 Grand Aveue,-73.88824,40.73005,2024-12-15,5467
02cdf51197a3205f,640 East Fordham Road,-73.88365,40.85795,2024-12-15,5468
c36a41db372feae4,247 Long Beach Road,-73.63799,40.64566,2024-12-15,5469
3041621fd14a29eb,929 Huguenot Avenue,-74.19137,40.53179,2024-12-15,5470
d4e67c1662b29a8e,2356 State Road 44/55,-74.15002,41.67931,2024-12-15,5472
93f14c00791b22a4,224 West 57th Street,-73.98136,40.7661,2024-12-15,5473
f6d70f47f74408d2,502 Main Street,-72.79802,40.79907,2024-12-15,5474
527fd159c2ec046b,328 Central Park Avenue,-73.785,41.03401,2024-12-15,5475
e64a3b20956d2488,37 East Main Street,-73.8177,41.05422,2024-12-15,5476
34aed62fc44590a0,225 Main Street,-73.96587,41.3682,2024-12-15,5477
ed04c58855cf5a22,139 North Street Extension (Route 13),-76.29821,42.50069,2024-12-15,5478
40abaeaf65e6fd7e,1816 State Street,-75.87719,43.96615,2024-12-15,5479
dbae6f9fbd783ed3,707 Main Street &,-73.90879,41.69783,2024-12-15,5480
fd4bee53cbb77c8d,1430 Upper Front Street,-75.88967,42.16603,2024-12-15,5481
39632627a09fd948,205-09/11 Hillside Avenue,-73.76041,40.72102,2024-12-15,5482
dec895d44dcdfd37,7198 State Route 38,-76.19223,42.20851,2024-12-15,5483
e6f888232e38b451,100 West 125th Street,-73.94555,40.8078,2024-12-15,5485
fe663e0691cf4505,5801 Myrtle Avenue,-73.90129,40.70049,2024-12-15,5486
eb887a2dfa8a8894,598 Main Street,-78.87296,42.89029,2024-12-15,5488
373d3107eb0b793c,303 North Main Street,-76.80889,42.08992,2024-12-15,5489
29780d53a1c0cde0,835 ATLANTIC AVENUE,-73.61126,40.63923,2024-12-15,5490
77a725ab702ef7a8,714 Route 3,-73.51707,44.69518,2024-12-15,5491
4532b36a9b53818b,1535 Richmond Avenue,-74.1598,40.61042,2024-12-15,5492
541a31bf5a1f1a93,101 S Ridge Street,-73.68184,41.00398,2024-12-15,5493
53a9b3de77395331,415 Whitehall Road,-73.8127,42.65197,2024-12-15,5494
cf1cbc9f9ca8d969,11 Marist Drive (256 North Road),-73.93105,41.71814,2024-12-15,5495
3f561cd2e4796a37,2146 Penfield Road,-77.44452,43.13107,2024-12-15,5496
54eb8d6096c7d1a1,159 EIGHTH AVENUE,-74.00079,40.74213,2024-12-15,5497
42b12f61af5d969f,10 Taylor Street,-77.66304,42.32417,2024-12-15,5498
4169d9f6cad6403e,200 Sunrise Highway,-73.37466,40.70442,2024-12-15,5499
25fc5ec80bfa051e,141 West Campbell Road,-73.9822,42.81346,2024-12-15,5500
18f4bac8243c4959,389 Hamilton Street,-76.99893,42.85749,2024-12-15,5501
e2e14f3ad21341e0,118-11 101st Avenue,-73.82616,40.6899,2024-12-15,5502
8695a3dacd1bb247,1837 Richmond Avenue,-74.16219,40.60358,2024-12-15,5503
26d478b2361e66b7,1600 7th Avenue,-73.68601,42.72868,2024-12-15,5504
7feb31a20bb2a6d0,111 Mineola Avenue,-73.65144,40.78851,2024-12-15,5505
3abb59e9fcc75b76,468 Route 211 East,-74.38148,41.45557,2024-12-15,5506
4081f31424354348,628 East Main Street,-76.05262,42.09663,2024-12-15,5507
75846e57ac68479a,714 Smithtown Bypass,-73.16847,40.84873,2024-12-15,5508
2823665443366fdf,9679 Route 9,-73.43735,44.89037,2024-12-15,5509
8b7e337f538914cc,2 River Street,-73.77655,40.91339,2024-12-15,5510
c4414299bed947df,401 Fifth Avenue,-73.98343,40.75,2024-12-15,5511
07845e24370595b2,384 Route 9W,-73.78942,42.60318,2024-12-15,5512
769588dff4217a7c,4931 Route 30,-74.18615,42.96528,2024-12-15,5513
b13d1fb68254838f,1470 Second Avenue,-73.95617,40.7718,2024-12-15,5514
d90244de719fa6c0,211 Wilkinson Street,-76.16262,43.05042,2024-12-15,5515
07d2435125990f96,2121 Hudson Avenue,-77.60116,43.20674,2024-12-15,5516
d9ad2c8df5ddc1db,135 South Street,-73.53068,40.87143,2024-12-15,5517
595ad095bd73babc,47 Main Street,-73.35104,42.90008,2024-12-15,5518
e38440d2b5106a48,225 East 86th Street,-73.95285,40.77834,2024-12-15,5519
9f5240b54e0fc914,6 Metro Park Boulevard,-73.80131,42.71983,2024-12-15,5520
3127b0e86abaf6ee,196-41 Northern Boulvard,-73.78436,40.75785,2024-12-15,5522
0c746294406915b5,910 Eighth Avenue,-73.98415,40.76493,2024-12-15,5523
8e4c47aeacd54219,775 South Meadow Street,-76.508,42.42875,2024-12-15,5524
a271c4b08c0326f3,120 Hoosick Street,-73.6765,42.73871,2024-12-15,5525
cf180d3a401ea33e,10 Upper College Drive,-77.79023,42.25867,2024-12-15,5526
a11923f426d8fea0,923 Broadway,-73.70883,40.629,2024-12-15,5527
9ec6ab621551e2e8,179 South Main Street,-73.99115,41.14133,2024-12-15,5528
d7cf8949ace8e9b2,202 Northline Road,-73.83988,43.02293,2024-12-15,5529
e59e69d195f8ad4d,5239 Route 9W North,-74.00937,41.54649,2024-12-15,5530
f1798bb5b0d826e9,1630 Richmond Road,-74.10102,40.58992,2024-12-15,5531
6eadf8ea3791ee4b,208-24 Cross Island Parkway,-73.78506,40.78858,2024-12-15,5532
708d43dd6360d0e6,319 Glen Head Road,-73.61602,40.83666,2024-12-15,5533
82dd2c368a117fdc,260 Park Avenue South,-73.98748,40.73873,2024-12-15,5534
cd1c17453f7a1e02,260A Pond Path,-73.10354,40.8836,2024-12-15,5535
20ae191bd8867448,Route 9W & Samsondale Plaza,-73.9802,41.2085,2024-12-15,5536
2ecc8955762772c2,4 Crescent Drive,-75.82297,42.09049,2024-12-15,5537
b2764fc7554a3fbe,42 Union  Street,-75.39423,42.3089,2024-12-15,5538
d53f0c09d958653d,4514 16th Avenue,-73.98358,40.63288,2024-12-15,5539
6891b1a73c0d59bf,765 Manhattan Avenue,-73.9526,40.72697,2024-12-15,5540
7e0b23f59274b3f3,295-4 Route 375,-74.10604,42.0056,2024-12-15,5541
852151007de0cee1,30 Yaphank Avenue,-72.91763,40.8202,2024-12-15,5542
02e8fb2fca2c8b77,1296 Route 208,-74.15426,41.62024,2024-12-15,5544
999e1660907a630b,2330 Broadway,-73.97712,40.78744,2024-12-15,5545
c1b5e07770d02c81,1156 Avenue of the Americas,-73.98281,40.75661,2024-12-15,5546
83037860e3230817,291 Halstead Avenue,-73.71178,40.96908,2024-12-15,5547
b6d150ea50b480d7,136-88 39th Avenue,-73.82731,40.76098,2024-12-15,5548
0d2220735d76a03a,921 Saw Mill River Road,-73.84333,41.02059,2024-12-15,5549
5ae06331aa9b62c8,43 North Plank Road,-74.02907,41.52263,2024-12-15,5550
0480dc81d02ec4c5,195 North Bedford Road,-73.72281,41.21616,2024-12-15,5551
4862f180984d9953,866 Third Avenue,-73.96964,40.75735,2024-12-15,5552
f61d34bc2de80c89,230 Park Avenue,-73.97578,40.75466,2024-12-15,5553
dc0e6f7782d12a53,7 Mount Ivy Road,-74.04134,41.19108,2024-12-15,5554
9319cb03f373f8a9,1 commerce plaza,-73.75946,42.65455,2024-12-15,5555
057ca20a9c80b6b5,3709 Riverdale Avenue,-73.90712,40.88701,2024-12-15,5556
1d2c0f1e6c86ff27,394 Route 376,-73.80755,41.57813,2024-12-15,5557
fdc281a52cf0ab9e,262 Katonah Avenue,-73.68344,41.25498,2024-12-15,5558
93ddc24f01a4cb9b,777 Avenue of the Americas,-73.99127,40.74501,2024-12-15,5559
306dd68fea547532,189 West Main Street,-77.61782,43.15449,2024-12-15,5560
f0dec3493d16c247,44 Washington Avenue,-73.79209,41.13584,2024-12-15,5561
af04be85602611bb,1307 North Avenue,-73.79556,40.94654,2024-12-15,5562
0cdaf8a9dc18c2de,154 Spring Valley Market,-74.03065,41.1046,2024-12-15,5563
c6421e80c1724a62,41 Chestnut Street,-73.9527,41.41818,2024-12-15,5564
d3695d1d8230e390,305 Mamaroneck Avenue,-73.73494,40.95113,2024-12-15,5565
0af70a364a4f3326,215-10 NORTHERN BOULEVARD,-73.76704,40.76059,2024-12-15,5566
6c88f095e97ae07e,75 South Greeley Avenue,-73.77289,41.15792,2024-12-15,5567
c93a705af7945ce1,5080 Xavier Drive,-73.85213,40.92933,2024-12-15,5568
528f12767dfc1120,180 Madison Avenue,-73.98322,40.7474,2024-12-15,5569
6b48c4c464d6da0f,1370 Third Avenue,-73.9579,40.77345,2024-12-15,5570
81311442f7383423,100 Shore Road,-73.70592,40.84109,2024-12-15,5571
92c7ec549b28d4aa,1335 Jefferson Road,-77.59708,43.08511,2024-12-15,5572
4e4aa4141eb95d60,1937 Commerce Street,-73.78135,41.27456,2024-12-15,5573
9151a2e9e29de21f,50 Main Street,-73.82735,40.95046,2024-12-15,5574
6f1921c17539fa85,994 Broadway,-73.78,41.12633,2024-12-15,5575
550ba6d7e7f94f52,2001 Central Park Avenue,-73.83802,40.96692,2024-12-15,5576
268075ae1d32bec1,490 Main Street,-73.7127,41.12886,2024-12-15,5577
125a81f09829b640,112 Ninth Avenue,-74.00379,40.74311,2024-12-15,5578
9775c25aae0f89ac,104 East 14th Street,-73.98909,40.73408,2024-12-15,5579
af52d22e1ec12fc2,1552 West Ridge Road,-77.66793,43.20565,2024-12-15,5580
db756e570f120678,350 South Broadway,-73.86167,41.06454,2024-12-15,5581
28ac25e90c26b281,259 Route 52,-73.68067,41.44123,2024-12-15,5582
cb057df8d3e8ff86,3 Pleasantville Road,-73.84898,41.1665,2024-12-15,5583
c05ac672b3abb6a7,2290 Central Park Avenue,-73.8314,40.97647,2024-12-15,5584
602d916fc60b33b9,475 SIXTH AVENUE,-73.99795,40.73583,2024-12-15,5585
8c2735a8a9cfa7c0,133 North Main Street,-73.66119,41.00273,2024-12-15,5586
441cd1b634db4294,100 Clinton Avenue South,-77.60637,43.15707,2024-12-15,5587
0bea5497e4b42789,9 Northern Boulevard,-73.62874,40.8094,2024-12-15,5588
6165038aa6bae749,1250 Broadway,-73.7019,40.63804,2024-12-15,5589
32588ee0dbce465a,1098 Main Street,-73.90246,41.53561,2024-12-15,5590
c8418aa82ac8227a,962 Broadway,-73.77884,41.12579,2024-12-15,5591
1f96f3f2556c5fb0,535 Washington Street,-78.8717,42.88881,2024-12-15,5593
83a2ee4f0db0c1f4,12 Purdy Avenue,-73.68387,40.98461,2024-12-15,5594
2e42b0dad951870a,540 Madison Avenue,-73.97339,40.76087,2024-12-15,5595
2b76b9ef4008c43d,243 South Ridge Road,-73.68062,41.00043,2024-12-15,5596
eca2dcb5222d0c19,235 Fair Street,-74.01765,41.93225,2024-12-15,5597
00f97d0f537cff68,330 FIFTH AVENUE,-73.98519,40.74758,2024-12-15,5598
02c0e8cb485cafe3,535 Seventh Avenue,-73.98836,40.75402,2024-12-15,5599
ed5b00e8fc4c537d,401 North Central Avenue,-73.79029,41.02869,2024-12-15,5600
5f77fecb6bcc2148,674 North Broadway,-73.76678,41.05517,2024-12-15,5601
90eb9a54b15dcea7,43-22 50th Street,-73.91478,40.74376,2024-12-15,5603
13dc4bd4a6cd45f8,120 Seventh Avenue,-73.99815,40.74066,2024-12-15,5604
724844d47559d603,29 Main Street,-74.08796,41.74718,2024-12-15,5605
1164dc4bf7842cc3,355 Plandome Road,-73.69969,40.79751,2024-12-15,5606
b81f58a6e766f18f,666 Third Avenue,-73.97418,40.75112,2024-12-15,5607
9e48e44d1777be46,781 BROADWAY,-73.99159,40.73152,2024-12-15,5608
5755f4b5b3956dfd,1076 Yonkers Avenue,-73.85707,40.91352,2024-12-15,5609
8c998708b9ed6502,125 East Buffalo Street,-77.8699,43.10812,2024-12-15,5610
52ca1b46aef48e01,202 Mamaroneck Avenue,-73.76469,41.02794,2024-12-15,5611
2b0039c814bf796a,219 Mamaroneck Avenue,-73.73372,40.95019,2024-12-15,5612
0fe5912b0f859228,731 Lexington Avenue,-73.9684,40.76194,2024-12-15,5613
2a086517e98bd02f,2565 Hambletonian Way,-76.33083,43.03593,2024-12-15,5614
574ade69ba0ca623,5 Baltic Place,-73.90882,41.22724,2024-12-15,5615
40b85179ac036a76,300 Main Street #14B,-77.48355,43.11281,2024-12-15,5616
7faebadb5c19e45d,1050 Pleasantville Road,-73.82958,41.1491,2024-12-15,5617
044ef2498f97fcc6,143 Lenox Avenue,-73.94912,40.80293,2024-12-15,5618
f6ee9ce5d06e2992,"800 Philips Road, Building 207",-77.41916,43.2216,2024-12-15,5619
3a79b67a9d287bfa,437 Madison Avenue,-73.97583,40.75754,2024-12-15,5620
edea61e829bf721e,154 Route 59,-74.0785,41.10931,2024-12-15,5622
c8d05e835bf032bb,375 White Plains Road,-73.81401,40.95421,2024-12-15,5623
d095b9dc30086942,920 South Street,-73.92119,41.29029,2024-12-15,5624
f5223725e2a59d62,93 Dewey Avenue,-78.84346,42.93125,2024-12-15,5625
0de663842b0d1875,50 Maple Street,-73.88468,41.20267,2024-12-15,5626
5f29d9d2315e53ee,137 Jackson Avenue,-73.50193,40.82232,2024-12-15,5627
8f83b170cf42fa67,1863 South Road -- Route 9,-73.91572,41.6158,2024-12-15,5628
074684e227292779,1755 Broadway,-73.98187,40.76585,2024-12-15,5629
3337bcfa67b03857,464 Mamaroneck Avenue,-73.76021,41.02269,2024-12-15,5630
d0724c072dde5b4d,500 Odell Avenue,-73.87303,40.96669,2024-12-15,5631
441417bc26782308,464 Central Avenue,-73.72498,40.62078,2024-12-15,5632
434cfdbd35eb7bee,1937 UNION ROAD,-78.75405,42.85299,2024-12-15,5633
4974dc23bc6e14e4,75 Broad Street,-74.01155,40.70464,2024-12-15,5634
099a7c62a7b6f723,51 South Moger Avenue,-73.72863,41.20654,2024-12-15,5635
2b722a6ebf48e90f,3584 Long Beach Road,-73.64134,40.62318,2024-12-15,5636
f5b088d8d58fda54,24 Chase Road,-73.80664,40.98931,2024-12-15,5637
bd4d2dc24facedd8,3330 Monroe Avenue,-77.53761,43.10302,2024-12-15,5638
e00fd79dde0b29f3,1342 East Main Street,-73.83685,41.32716,2024-12-15,5639
b1a0f0e6c351f987,2499 Jericho Turnpike,-73.65766,40.74385,2024-12-15,5640
4c91ff056d33b9ed,155 Main Street,-73.92226,41.09166,2024-12-15,5641
bc08e021920e6ebe,2065 Boston Post Road,-73.75034,40.92986,2024-12-15,5642
