site_id,log1p_transit_centroid_distance,log1p_transit_job_accessibility,log1p_background_report_date_cutoff
dfs_09dc1cdf11a17fc2,5.427809361780791,13.40154240118465,3.367295829986474
dfs_324eddf80b83f62e,0.0,15.659714300615976,4.61512051684126
dfs_c922852f36743f38,5.76472077276128,14.325505036424678,2.833213344056216
dfs_887cfaf39f0edbc6,4.801558999993482,14.760890855792253,3.912023005428146
dfs_3d08f164d6a3b867,5.103639787544498,13.812871077598766,2.3978952727983707
dfs_99c928a1f341d15e,4.95455864787585,15.41006871386541,5.003946305945459
dfs_a2a347789eb92af9,4.991656327498453,14.763220884004179,3.1354942159291497
dfs_351f04b6ac3a60af,0.0,13.799783534101916,2.639057329615259
dfs_f5d8a3140106f796,5.883545204888487,13.009671609222544,3.091042453358316
dfs_2b8103d04a58419f,4.779291546216706,14.705086403830853,4.48863636973214
dfs_48295340da20d958,0.0,15.664634123581875,4.304065093204169
dfs_753e448f3375dbf8,5.64417400305089,14.51255214546788,3.8066624897703196
dfs_b9bc0f0ba8d05423,5.367096881942863,13.913089072242537,2.3978952727983707
dfs_074610a926460e25,0.0,14.90810443896136,4.454347296253507
dfs_d2e64e706db36600,5.315715143724457,15.13037738979313,5.135798437050262
dfs_8b0f9b46b2ada6eb,4.991656327498453,14.862849552044835,4.663439094112067
dfs_84773a53c23595ee,5.523259299803626,15.470974245734832,4.941642422609304
dfs_d80ac125ec5ac77f,5.027492411162679,13.146441166883358,2.772588722239781
dfs_428cf3787eca310c,0.0,13.005406999971864,2.3978952727983707
dfs_b79d2ef68fdd3cb3,4.277776613300082,15.198496702966585,4.990432586778736
dfs_e143fb92ef5fef1d,4.823341395675743,14.651249152427596,1.0986122886681096
dfs_252be5537019291f,4.9159582471543475,14.437951435666058,2.3978952727983707
dfs_d5f43f3ba5c010a3,5.726130878319963,14.164888443008621,2.833213344056216
dfs_a01410f8346f8232,4.973279507552487,13.828604457475432,3.5553480614894135
dfs_f713586d38b300cb,0.0,13.8999105281974,2.5649493574615367
dfs_900edd74b0f37fd1,5.302458779048587,13.444694671956587,3.295836866004329
dfs_dc8081ace0ff09d3,6.032486521630903,14.101336659166444,2.833213344056216
dfs_815e713bb112cd00,5.427809361780791,13.40154240118465,3.1780538303479458
dfs_f914f1313df19a45,4.709259894512472,13.647430310612586,1.0986122886681096
dfs_4b7380df88c0194b,4.2961963780686885,13.530072632197271,3.4011973816621555
dfs_bf482492b1085acb,4.991656327498453,15.241282330056972,4.248495242049359
dfs_e03b586629bf4348,4.672361435528415,14.733248242497341,4.969813299576001
dfs_b19bfa0a80b38b5d,0.0,15.354911125067046,4.7535901911063645
dfs_354bcd03dd9af739,4.9159582471543475,14.437951435666058,2.3978952727983707
dfs_a3e1f5cffe53b1ca,5.726130878319963,14.164888443008621,1.0986122886681096
dfs_ba8d10f9a1e3e618,4.756516938482616,14.327460749167207,3.6888794541139363
dfs_9da6a4c9ccdee9f5,5.930944607312194,13.466956833186535,3.1780538303479458
dfs_df60fc85f5c5dadb,5.204281374621442,15.665388609552545,4.304065093204169
dfs_0a80b2868057fc15,5.580484258311707,14.757996382895614,2.5649493574615367
dfs_8c3876569c7c0ce6,0.0,14.338505632672513,3.258096538021482
dfs_f1f2464637572ccb,0.0,13.824479219018462,2.833213344056216
dfs_3ee01d22734e7ae2,5.485045865160197,14.542903114418912,4.465908118654584
dfs_36a8fc34a980331b,5.554895693948484,15.375415100119689,4.553876891600541
dfs_b7441961ef66c44f,4.416548827045609,15.574513681586748,4.68213122712422
dfs_04584da2c9ac5a8f,5.485045865160197,14.960943771534996,2.3978952727983707
dfs_103f2af167945642,5.620147210360944,13.755343269055201,1.6094379124341003
dfs_fe709364d770269f,5.809942670484592,14.123170977566714,2.3978952727983707
dfs_ca686707e7ffa1c4,0.0,14.76194710422065,4.304065093204169
dfs_5392085d2fd1be62,5.456815724368715,14.295932230450862,3.58351893845611
dfs_e243a36ebb3781c1,4.159351723530711,14.923092829114283,4.962844630259907
dfs_0a763d1d9cc54cb7,0.0,14.419358109117168,5.529429087511423
dfs_84d3e338cf3c93f0,5.127766265352998,14.928808811336658,5.049856007249537
dfs_f239d2357141dc6d,4.697111059686448,15.391881535850143,4.304065093204169
dfs_64b8f71facc815d7,5.456815724368715,12.680223911426785,2.8903717578961645
dfs_2c22a1372d3ad6a5,4.963962885897825,14.237976332323877,3.5553480614894135
dfs_bd5dac6aaf4895f2,5.972816752735499,14.148207821187928,2.1972245773362196
dfs_470c77758ed9aa39,5.053503194323431,14.961860393502496,4.248495242049359
dfs_0907374a4d0095eb,0.0,14.798043234326304,4.04305126783455
dfs_237854274a67e491,5.462559809942086,14.860668974262246,4.653960350157523
dfs_af04b3a730d03d08,,,4.653960350157523
dfs_893273cd9f591446,5.634611015794902,14.185442439110775,3.713572066704308
dfs_57776d4743da69cd,5.726130878319963,15.294341711147034,5.181783550292085
dfs_0575cf6c2bf03ae0,5.433678334478489,14.971614408676011,3.6109179126442243
dfs_47c11efaafb251a5,,,3.970291913552122
dfs_d5faa618283e7cf5,5.4395130632148145,15.0960537715841,4.143134726391533
dfs_0d7ffa45e8befda0,,,4.394449154672439
dfs_c25e6e3dc5f5288a,5.549659572220925,13.095004513522897,3.58351893845611
dfs_659b0d941d1dfed0,4.36665915754276,14.049613040234412,4.948759890378168
dfs_aca5e91cfdc659b8,5.676822293073418,13.228622489203683,2.0794415416798357
dfs_47a5131f02935210,5.445313945282377,13.882142511342709,2.639057329615259
dfs_2d1175df8f71294c,5.433678334478489,13.99744203868845,3.2188758248682006
dfs_983a46f3bd84712d,4.945065129886807,14.064001336830014,4.787491742782046
dfs_235b1f307929d9bd,0.0,15.115623470336072,5.1298987149230735
dfs_efeec7fa5b9a6b3d,4.982510130370407,14.569934383021776,4.110873864173311
dfs_b8ae1a380f9675d0,4.9159582471543475,14.432674778910375,2.1972245773362196
dfs_6e38689a5e16fcf6,4.8860542039388735,15.665956301037303,4.852030263919617
dfs_aa6476c805b1d564,0.0,14.635483762830233,4.634728988229636
dfs_865b2f7282670643,6.741995810487161,12.366242317682572,2.833213344056216
dfs_d355539b9f0e1bbc,3.975936331171799,15.676875999583395,5.726847747587197
dfs_639680c2afc1011c,4.9159582471543475,14.437951435666058,2.3978952727983707
dfs_0b5ac4baadd0c8f3,5.261549642355822,14.558735169048786,3.8918202981106265
dfs_8ba9c766e9dd1b81,5.302458779048587,14.735915614385588,4.110873864173311
dfs_0c28316449d83790,5.397891171444129,15.050416171607864,4.875197323201151
dfs_e6745c7aa51020e2,0.0,15.056350731577687,4.532599493153256
dfs_d43a49c2dbc293a4,5.078854533073399,14.799400871147252,4.143134726391533
dfs_8dc989492fdda649,5.240476366858187,14.075804218672157,2.4849066497880004
dfs_cb441654b0d43346,5.6995401553980685,13.556936700818095,2.70805020110221
dfs_5be820b7477609f0,0.0,15.751562127671408,5.181783550292085
dfs_af4b09123e7edb8c,4.138201945285877,14.714467931387079,4.499809670330265
dfs_975d266f13e49229,4.844738115716443,13.86760573076138,2.833213344056216
dfs_3fe8a4f9d7146f0b,5.397891171444129,15.050416171607864,4.6913478822291435
dfs_ca7d124978d2e190,0.0,15.248039200719168,4.382026634673881
dfs_6acb3227d4e8542e,5.070475294452272,15.625277907638562,4.804021044733257
dfs_604a00e75135497a,,,4.290459441148391
dfs_dad606e6fb07ab29,5.027492411162679,13.146441166883358,2.9444389791664403
dfs_c70abc1dd7955cb3,5.523259299803626,15.470974245734832,5.081404364984463
dfs_8cf18445d30dd918,5.528595406762846,14.25038558991823,2.833213344056216
dfs_0a555f7ea62c5ff6,0.0,14.645690307371963,5.247024072160486
dfs_ab82c47f632be81a,4.779291546216706,14.699327270477609,4.948759890378168
dfs_cf219ebb189c50d0,4.982510130370407,14.710739029537596,4.983606621708336
dfs_5220038e0e3c73c8,0.0,15.056350731577687,4.74493212836325
dfs_27765d6f8b36e445,5.119788607992779,14.323882975077975,4.962844630259907
dfs_107a4d82bc2a8281,0.0,14.165154945357253,2.995732273553991
dfs_8cbde93b58c25164,4.855228269843183,14.74741003706158,4.219507705176107
dfs_088802ae88228a36,5.708471464142333,13.073798987745914,2.1972245773362196
dfs_2b93d09b39942a6f,5.554895693948484,13.31312257035039,3.332204510175204
dfs_c4a700d88616e12a,0.0,15.05646117741178,4.90527477843843
dfs_a1ba7952f71057b6,0.0,13.84982599064606,4.07753744390572
dfs_3b14b11e5e9940d2,5.27535575491069,15.702742163577948,4.736198448394496
dfs_88a84cd2fe9ca72f,5.983003856190115,13.594453578244686,2.639057329615259
dfs_69fb52600b67bc28,,,4.6443908991413725
dfs_26b3052d25d15d4b,4.9159582471543475,14.371462499346375,3.6888794541139363
dfs_48dfd7c52cd27c21,5.948609236801553,14.67411836199447,3.784189633918261
dfs_60cad2288987ad81,0.0,13.334534956167168,1.6094379124341003
dfs_c0f872c323e78132,5.6536113574098374,14.508676238353097,4.382026634673881
dfs_4a15a422dcf93f38,5.615279076064797,14.421475437837058,4.219507705176107
dfs_7eee513ab830498a,0.0,14.90810443896136,4.418840607796598
dfs_487b108d2db09190,5.5754186594556305,13.77506869951648,2.70805020110221
dfs_b1e43278dc6a4cac,4.906089261471868,15.410581761689148,4.304065093204169
dfs_1c3ff9ca0db21f53,5.610387127056648,12.72220814691104,2.1972245773362196
dfs_c33446ea3d9e5fcd,0.0,15.24832178698683,4.356708826689592
dfs_8493a19cbcbc8b22,,,4.465908118654584
dfs_b40576f4e676a8db,4.834057211929367,13.088864503263855,3.295836866004329
dfs_c9be4bd19fe93df8,4.865609522045998,14.603822453203552,4.844187086458591
dfs_22a51c8bbf1e0bb4,5.560066056973313,14.736332209700734,4.418840607796598
dfs_84feaf0ed772ff26,4.779291546216706,14.705086403830853,4.477336814478207
dfs_67abc792d755382f,0.0,15.09468480067748,4.248495242049359
dfs_4c1665643ad8e740,5.549659572220925,14.51767198782537,4.564348191467836
dfs_b28a5baefcb4e2a5,5.053503194323431,15.168246067300856,4.276666119016055
dfs_f17043b11a9d32f1,5.979619672740059,11.401792766717712,1.0986122886681096
dfs_82a365b40d8cb621,5.4682289032653095,15.131241350412264,5.153291594497779
dfs_1d64d5c69dcb6401,5.3352759075335685,14.769254672952831,4.0943445622221
dfs_1d3e4b235e31aea6,5.196893536410073,14.734312933020313,4.465908118654584
dfs_2eadff8dfbab0e72,0.0,14.734727404585977,4.174387269895637
dfs_1fd823cd10ad655b,5.391807709635375,15.498709953960429,4.7535901911063645
dfs_fe01be3a16d763f9,6.012981390570231,13.043729177318095,0.6931471805599453
dfs_52ea8d4edc2fcec2,5.615279076064797,14.421475437837058,4.2626798770413155
dfs_d5ee51e17e56d1b7,5.360822571899434,14.125238328382506,3.5553480614894135
dfs_b74e3f448cfe27b9,6.299224944142071,14.267121066093118,2.772588722239781
dfs_1bd8799123cd2d45,5.348107031050552,14.704674667448085,4.465908118654584
dfs_872c177b9976b606,5.0362380614757605,14.757369226537923,4.219507705176107
dfs_9eb12eaed2a8bc0b,4.494350350882848,14.477558119834455,3.295836866004329
dfs_f85ae358f8e33206,4.991656327498453,14.115134294080994,1.9459101490553132
dfs_e5e1aa6b27c942d6,5.962499068814967,14.173674392954425,5.25227342804663
dfs_90aaa5d7d92325df,5.295764109760319,14.848119430838144,3.4657359027997265
dfs_153055f95bd7a785,5.233352087695677,15.029808870280386,4.8283137373023015
dfs_bff7b35228f999b4,5.433678334478489,15.459932336160803,5.420534999272286
dfs_b6636d81f9dc0733,0.0,15.476395292999866,5.805134968916488
dfs_9120eae87b180155,5.533903190752134,13.659374742391563,3.091042453358316
dfs_a1304b911730b99d,4.991656327498453,14.763220884004179,3.258096538021482
dfs_bec996fc8d84cb6f,4.767969076293182,14.682638776355596,4.304065093204169
dfs_a24bd1498f46be17,5.027492411162679,13.146441166883358,2.772588722239781
dfs_dee660f19cd32c99,5.00071962930888,14.806255116463312,4.634728988229636
dfs_96498dc670fc685e,,,4.6913478822291435
dfs_69a6d6e7644dce07,5.570327269605522,14.430861048330653,5.484796933490655
dfs_cfafe4e0ef3dfe04,5.427809361780791,13.40154240118465,3.332204510175204
dfs_33ecd20869d21580,,,3.6375861597263857
dfs_815611b3f413a441,5.127766265352998,12.375671949910299,2.8903717578961645
dfs_e40720d651a2510f,5.181952075416771,14.124676931141797,2.772588722239781
dfs_cc6a9a6cb0f29634,0.0,14.94582175204065,4.204692619390966
dfs_94e1e4b3f9c36efb,5.14353315274717,15.078477856169767,4.844187086458591
dfs_b76f1de721511937,5.620147210360944,14.05015254812455,2.1972245773362196
dfs_a31e4beba5c32cdf,5.730489317484765,14.966953408818084,4.0943445622221
dfs_7702431c908ade2d,5.427809361780791,14.650208080758595,4.31748811353631
dfs_d3dd977034f9b974,6.1649135253983385,13.550009980404552,2.772588722239781
dfs_f1a65a2ba9fbac8a,4.812509505757334,15.182683005050134,4.709530201312334
dfs_16af1602876554ad,4.906089261471868,14.531843851059353,4.663439094112067
dfs_00794f902290c13b,4.697111059686448,15.391881535850143,4.343805421853684
dfs_e147ef8f6341374a,0.0,14.419358109117168,5.236441962829949
dfs_fd4f1e299572d8b6,0.0,14.96270092482111,4.07753744390572
dfs_9dcc022ee0658d0b,4.672361435528415,14.733248242497341,4.343805421853684
dfs_a624ba8d7d0fd237,4.95455864787585,15.489781635624112,5.19295685089021
dfs_3a07cf2e13f760ec,5.27535575491069,13.604298047868019,3.295836866004329
dfs_9ebd27eccf09abfe,0.0,14.71432099583759,3.7376696182833684
dfs_9d917b6a8fe64a17,5.3795286219728595,14.825072301041866,3.713572066704308
dfs_54038e2a95d35b31,,,2.70805020110221
dfs_264f9ce91410f4b4,4.721262904974945,15.304234468654256,4.90527477843843
dfs_f12b335fdf08fc26,5.078854533073399,13.383303551413105,2.0794415416798357
dfs_ad6afc553f47b575,3.9504741918023987,14.114600561819554,3.258096538021482
dfs_10631758b56712e7,,,3.9889840465642745
dfs_d55bdaff61f58508,5.174396784628558,15.591078820858131,5.8998973535824915
dfs_62db0d0d4e915f9b,5.462559809942086,14.860668974262246,4.727387818712341
dfs_53e32c26b06385bd,5.473866039054562,15.307651666512163,4.836281906951478
dfs_59832588165e5b0d,0.0,15.476395292999866,5.8998973535824915
dfs_2b24da7489c0b2da,5.549659572220925,14.56897925558552,3.4339872044851463
dfs_1d576857ac259b4f,5.32227800399288,14.438080219288823,2.1972245773362196
dfs_9c231b4ccf4ebe10,4.8860542039388735,13.178236966209973,2.0794415416798357
dfs_30cc5616be6f9152,0.0,14.599603407693456,4.07753744390572
dfs_fbb0a0860b3a9d6e,5.726130878319963,15.294059754254938,6.023447592961033
dfs_ae4187b0641e117b,5.456815724368715,13.525100768673179,1.9459101490553132
dfs_e5e4b9a95991c4e3,0.0,13.28371492577783,3.4011973816621555
dfs_8619bf4d98edc4d7,5.857047047721082,14.27220032477128,3.258096538021482
dfs_e1039acb59b0e74f,5.3091089276262355,12.782362923939676,1.3862943611198906
dfs_aa35476ddbb4d160,3.9504741918023987,13.828345832274222,2.9444389791664403
dfs_5e23f7e21c58ba03,6.274272259143502,14.2907094185948,2.0794415416798357
dfs_5cd02b7574360ad0,5.473866039054562,14.512857905460622,4.543294782270004
dfs_50c956fa7e3011c1,4.865609522045998,15.195686489610315,4.31748811353631
dfs_7f7139b01fa31035,5.415967059981408,13.46247896894034,3.4657359027997265
dfs_13ba2c1c851ca3a8,,,4.804021044733257
dfs_71841f28610a0ac1,6.24608738544881,13.705091714956817,3.2188758248682006
dfs_7943b4b13b12a816,5.805917794958333,14.432059591534045,2.639057329615259
dfs_354d4ca5780abc4e,4.855228269843183,14.776193607164169,4.02535169073515
dfs_64e3ca5db83d42fd,4.58046757334772,15.162635724603774,4.406719247264253
dfs_1ed9a679e3ba4033,4.74493212836325,15.442128052674775,4.48863636973214
dfs_9b7403cbec3dd1f2,0.0,15.711738595183077,5.739792912179234
dfs_9c3c4cbd63d0902f,5.166783976586187,14.54631280361303,4.1588830833596715
dfs_e9c2013345f78dc7,5.119788607992779,15.414603949862661,5.3471075307174685
dfs_5180e1d4fdfc802a,4.6340491455384685,15.48690058717394,4.962844630259907
dfs_f78bc9395edf8b52,0.0,15.629652982707178,3.970291913552122
dfs_f16f0372431d6a40,0.0,13.908883407810755,1.6094379124341003
dfs_2e339efd4f298b86,5.391807709635375,15.498709953960429,4.955827057601261
dfs_dd8912d36d1d0ebf,,,2.70805020110221
dfs_6177ad46c11e9a22,4.767969076293182,13.885205449644044,3.5263605246161616
dfs_c408f4d1703853c8,5.523259299803626,14.49292055609682,4.143134726391533
dfs_b86c856e744a460b,4.6848128136402885,15.13195042650835,4.762173934797756
dfs_ecd98c13eeba835d,5.905716008765504,14.520968153473808,3.6888794541139363
dfs_0400bd341ac2618e,5.934497291466729,12.662661700354048,2.3978952727983707
dfs_6c3b582e7fcb7613,5.433678334478489,15.459932336160803,5.869296913133774
dfs_5fbd4ab8b0f174d0,0.0,15.58519907920085,5.153291594497779
dfs_538b2fe450a87121,5.27535575491069,15.702742163577948,4.787491742782046
dfs_800d856b9483aa95,5.288973851544884,15.741562109585681,3.8918202981106265
dfs_ea1b89d93df34dbe,4.935480620495495,14.154852957438887,4.532599493153256
dfs_65ecfe2dd60382a6,0.0,15.476395292999866,5.83773044716594
dfs_f59087db84b5454b,0.0,14.75512828747418,3.9889840465642745
dfs_069855f2726fdcbf,5.078854533073399,15.047578569727373,4.343805421853684
dfs_5d3541fb4837acfa,0.0,14.90810443896136,4.3694478524670215
dfs_9ed0b17383fedc30,5.095466518501589,14.050917801849819,3.295836866004329
dfs_79509e7e0872bf21,5.560066056973313,14.552891825231468,2.8903717578961645
dfs_655a8bdeb5e73bea,5.070475294452272,15.625277907638562,4.543294782270004
dfs_363fab56f0f1c82f,5.196893536410073,14.769911771528161,4.174387269895637
dfs_e9ad50cbf1f2f460,5.247550249494384,14.497455729648847,4.07753744390572
dfs_021d97693a19233e,5.218895299570546,14.612986221819801,2.639057329615259
dfs_eef150ccf9b1b0e5,5.813951411306332,14.548993214713622,4.189654742026425
dfs_03dc65fcbdaba84d,4.025173103360802,14.685495118003988,4.454347296253507
dfs_d64e6738c62a3ddc,5.0362380614757605,13.104319562490462,2.0794415416798357
dfs_fb3f9d0a43dc021a,5.0362380614757605,15.75625998479935,3.713572066704308
dfs_b2e895b5ec15e27e,5.397891171444129,15.050416171607864,4.897839799950911
dfs_245eec2a84ccd548,5.0449078880383516,14.110281693526192,2.639057329615259
dfs_09241ef47d35ea2a,4.767969076293182,13.681170838731807,3.2188758248682006
dfs_9a2dfbb1704d7833,5.662960480135946,13.992642002731168,3.7376696182833684
dfs_355a0fbc63062d38,5.7434518051144074,14.097645020846176,4.634728988229636
dfs_5ebc853d52cee0cd,5.6995401553980685,15.67335485218564,4.941642422609304
dfs_0f57f9987899c3b7,5.615279076064797,14.514313216120257,3.6109179126442243
dfs_f66fcced9a2d38f6,5.773090851921525,14.810073323100575,4.477336814478207
dfs_d7101b1887680e76,4.697111059686448,15.613764393072106,4.836281906951478
dfs_84db50db1f4fcbca,5.328798073801623,14.409475873409695,3.912023005428146
dfs_ac696ec73685deb1,5.254574443600118,15.132062749086042,5.25227342804663
dfs_fcd33750fed7aba5,4.991656327498453,14.763220884004179,3.1780538303479458
dfs_815bcccf892d8d2d,5.254574443600118,14.525011779216433,4.330733340286331
dfs_16d71b0522c41d75,5.204281374621442,12.755023189980424,3.1780538303479458
dfs_cc00e94ac86f28ba,5.523259299803626,15.470974245734832,5.049856007249537
dfs_54e85dc4d9b52d4e,4.834057211929367,13.088864503263855,3.295836866004329
dfs_c06da3b3acb3a1b9,5.523259299803626,14.685305312009865,4.5217885770490405
dfs_437811111cd4a532,5.451081371099666,14.108345829846854,3.784189633918261
dfs_3db7deaa0b0f885e,,,4.499809670330265
dfs_6bbbf0f17a675071,4.697111059686448,14.677046854713016,4.127134385045092
dfs_981324897083d521,5.127766265352998,14.569961658976847,3.332204510175204
dfs_8ad5fbe802c7e5cb,4.2961963780686885,13.530072632197271,3.1354942159291497
dfs_2ce24d3379993443,4.416548827045609,15.574513681586748,4.59511985013459
dfs_41e536765bf454f2,5.196893536410073,14.504820385292964,4.382026634673881
dfs_ca129311b915d656,4.991656327498453,14.533714187357182,4.605170185988092
dfs_9ae6632aead478ec,5.00071962930888,13.929106171928368,2.639057329615259
dfs_a3bc25e3750353e1,4.875884110209718,14.59995442046475,4.955827057601261
dfs_d779f7c22821dc6c,4.875884110209718,15.617343452779261,4.5217885770490405
dfs_69fcb8479849c5bf,5.204281374621442,13.729762019621797,1.9459101490553132
dfs_66f2542f1c5979e9,4.607567310587813,14.51891445807914,3.4657359027997265
dfs_ed060d718cbbe831,4.756516938482616,14.23318680570705,2.302585092994046
dfs_ba02c46d8dcd8bc0,5.456815724368715,13.656403448641992,2.9444389791664403
dfs_f9f6ccd38af4ca2e,5.872286789278651,14.091591092069818,1.9459101490553132
dfs_b9afee0688593579,5.805917794958333,15.192981103474368,4.442651256490317
dfs_7a60e3333adc1300,5.196893536410073,14.504820385292964,4.553876891600541
dfs_91ef980230417f30,5.261549642355822,14.671572614624791,4.406719247264253
dfs_ab9a5096710891df,5.103639787544498,14.341890385476887,3.2188758248682006
dfs_32f723c1a1a28f1b,5.13568078307048,14.630493882561709,4.406719247264253
dfs_0755276e96deaf1f,5.027492411162679,14.809767011299405,4.219507705176107
dfs_366f293cbbdd38b1,5.295764109760319,14.343624474263763,2.772588722239781
dfs_a9f3400839a98fc4,0.0,14.513316867904942,3.332204510175204
dfs_3f2db526f0f735fa,5.282187984618153,14.136844500923988,3.6109179126442243
dfs_ea14ecab11c821f9,0.0,14.000239215365651,3.5263605246161616
dfs_41f268d4079c7600,5.777249765426953,14.470754916570712,3.784189633918261
dfs_102bcf5d475097db,5.32227800399288,15.57230014643561,5.075173815233827
dfs_3970dab80675c862,5.13568078307048,14.064353824326986,2.1972245773362196
dfs_9aabab98d56ba113,5.734828843061527,14.835443209555889,4.859812404361672
dfs_1777366e20519328,4.416548827045609,15.574513681586748,4.820281565605037
dfs_a5d13ec888db7c8d,4.448399410038142,14.731476036949443,3.4657359027997265
dfs_1ed21ec7ce97ae37,5.726130878319963,15.294059754254938,5.181783550292085
dfs_a842dd094518d969,,,5.0106352940962555
dfs_7f5271262f48137b,4.906089261471868,13.09070551367384,3.091042453358316
dfs_90c72856c81fb865,4.697111059686448,15.391881535850143,4.653960350157523
dfs_35cd9a50f2a0228d,5.354508646197779,14.372942248208131,3.4339872044851463
dfs_341743c990a01ab6,4.5666372362713075,14.650035765635042,3.044522437723423
dfs_8738bcce0d3ccd15,0.0,14.72994677128142,4.442651256490317
dfs_dfaf576a77029764,5.726130878319963,14.164888443008621,0.6931471805599453
dfs_f073cbc306bccee6,5.9129893602315375,13.864077840154506,1.9459101490553132
dfs_363b4b2fafb990c5,0.0,15.23726399884966,4.48863636973214
dfs_eb1c294b3a51abdd,5.501584687857454,13.944136815057291,1.791759469228055
dfs_2b8c093ff5844e48,5.421905740792655,15.357137828374125,4.31748811353631
dfs_1c3d8c9281692e56,4.945065129886807,14.593462933683396,4.795790545596741
dfs_61a85344eb145892,5.22612294699955,14.933905539089343,4.304065093204169
dfs_6636656e72fa0f7b,0.0,15.078530458113619,4.74493212836325
dfs_57570248d06c9245,4.823341395675743,14.919750316015882,4.04305126783455
dfs_49511bbb6d1a27f6,6.061037250459942,13.546847799562993,1.6094379124341003
dfs_bfd8f6d1b064079d,5.373332070353483,14.110610797651153,2.70805020110221
dfs_6d06179c4219ed9b,5.955578268543573,14.275677212431798,3.8712010109078907
dfs_3f06441d85389383,5.218895299570546,14.474192062242928,3.6888794541139363
dfs_f56e9bc97e219078,0.0,15.664634123581875,4.624972813284271
dfs_828cfc76ea1f036f,5.174396784628558,14.767230979982207,4.465908118654584
dfs_11cd60872c9ce35c,5.59053911904185,14.512259743508249,3.4011973816621555
dfs_9dbcadcc765b78ca,5.456815724368715,13.656403448641992,2.302585092994046
dfs_6ab568bdf90a3140,4.991656327498453,14.763220884004179,3.1780538303479458
dfs_601836d279af19bf,5.580484258311707,14.757996382895614,2.772588722239781
dfs_6904f06855d9e4e2,4.982510130370407,14.710739029537596,5.236441962829949
dfs_e30889de347e8d34,5.496102083395356,14.361021626081785,2.70805020110221
dfs_c03a7c2f30941e0d,4.416548827045609,15.574513681586748,4.90527477843843
dfs_3888023a2b41f33a,5.704015780771546,14.142156820285436,2.9444389791664403
dfs_db03243aca301d35,5.070475294452272,14.72204020507709,3.58351893845611
dfs_a38b4e6f51ee07be,5.103639787544498,14.169665529437795,4.02535169073515
dfs_0204c9fe0bd76c03,5.127766265352998,14.673971309371614,3.1780538303479458
dfs_a4c985b8c5d14968,5.496102083395356,14.414495399698312,4.634728988229636
dfs_c3d825ced956bc83,5.127766265352998,14.569961658976847,3.332204510175204
dfs_8bf8f6c67f3f711f,0.0,15.354911125067046,4.465908118654584
dfs_d1326ce0acb3a28d,5.0362380614757605,14.757369226537923,4.276666119016055
dfs_d346b554b0b4a928,5.159055299214529,15.390862074053762,4.897839799950911
dfs_89dbcc7c76560bd7,5.496102083395356,15.111825779002544,4.2626798770413155
dfs_7234521721090f07,0.0,14.607788791305818,3.258096538021482
dfs_6ab7c99f7a065ed0,4.74493212836325,12.056586071829793,2.4849066497880004
dfs_1b4f005685075917,5.174396784628558,14.965354155765555,3.1780538303479458
dfs_d61e558c30d7cf42,6.064157232501422,14.600480936777704,3.8501476017100584
dfs_3986ecf9293bc4f1,5.189450711560923,13.642496749373848,2.5649493574615367
dfs_2ee9f73bc8283d6d,4.594109238628667,13.882564350652508,4.007333185232471
dfs_b187d7f9451cd276,5.760477818332746,14.639886419441982,4.477336814478207
dfs_1ae31cbdf53dd32f,5.533903190752134,13.659374742391563,3.4011973816621555
dfs_ecff52c2f70dc683,4.672361435528415,14.737775011580519,4.2626798770413155
dfs_0d0b3fd2934daa10,4.697111059686448,15.391881535850143,4.343805421853684
dfs_d3b55208db236d0e,5.288973851544884,15.741562109585681,3.7376696182833684
dfs_9e99c9168e670475,4.672361435528415,14.733248242497341,5.0106352940962555
dfs_75e5bd6954fb5d14,5.302458779048587,15.037131906508508,3.332204510175204
dfs_9fd1caba95ab582c,5.174396784628558,14.595802856570115,4.770684624465665
dfs_61dabad4768b46d8,5.233352087695677,15.15648637187313,5.081404364984463
dfs_701c8647372dc58b,4.973279507552487,13.828604457475432,3.58351893845611
dfs_9eb32c98ecb7b9f5,,,4.955827057601261
dfs_9acb0d56b9e25d64,5.302458779048587,14.300981449987379,4.406719247264253
dfs_f293bc99edfe11bb,5.983003856190115,14.169122214826325,3.4657359027997265
dfs_aa2cda6b01d2a4ee,5.7434518051144074,14.097645020846176,4.465908118654584
dfs_cf5603a50966c4c7,6.085751476297188,13.41120627583685,2.639057329615259
dfs_2803c91e9f698cb7,5.13568078307048,13.132974875776688,2.995732273553991
dfs_3786027acf3a03d1,5.554895693948484,13.31312257035039,3.258096538021482
dfs_25e1e891fdfb52f9,5.433678334478489,13.99744203868845,3.4011973816621555
dfs_0c477812fd3a4b3a,5.523259299803626,15.109897941811317,4.418840607796598
dfs_5aa840524e04b320,4.697111059686448,15.391881535850143,4.418840607796598
dfs_cb7f8e909bfb0726,5.348107031050552,14.570367418510887,3.4965075614664802
dfs_977283ef4f2d92e7,0.0,15.24832178698683,4.624972813284271
dfs_5eb9e44cfdd07f18,5.0362380614757605,15.75625998479935,3.7612001156935624
dfs_289a5f248f13eead,0.0,15.13201020835289,4.795790545596741
dfs_949b58e4fe74927e,0.0,14.96270092482111,3.4965075614664802
dfs_e0c78307c35215fc,0.0,14.770548044537298,5.4116460518550396
dfs_30ec6cd993b9a3a9,5.585524326151581,15.611948068076671,4.430816798843313
dfs_52a0c77608c47489,5.151324342807377,14.609253922757782,4.127134385045092
dfs_6715ceeab6eabbe0,5.211615032708743,15.736879300854092,4.343805421853684
dfs_e205e7a44da4b56a,0.0,15.476395292999866,5.093750200806762
dfs_d2ddb64f5c927267,5.247550249494384,15.508442752989511,4.77912349311153
dfs_a8cc4e591ebb5183,4.416548827045609,14.556790067319781,3.58351893845611
dfs_363d8dc0ce7838a9,0.0,14.127174746761296,4.983606621708336
dfs_274560dcef1de683,5.672223005748435,14.786692424230631,2.70805020110221
dfs_50d4bdb18f523a28,,,2.0794415416798357
dfs_bdcb660f23345c45,5.240476366858187,14.475767744017546,3.4339872044851463
dfs_57805ce8a5badaaa,0.0,15.107512371316675,4.382026634673881
dfs_81fead61030d51d5,5.427809361780791,14.596161161106226,2.639057329615259
dfs_d37679609ae233db,5.204281374621442,14.771858960337484,5.389071729816501
dfs_a041e0facd9bf814,0.0,15.354911125067046,4.605170185988092
dfs_5736c80131dada55,5.103639787544498,14.169665529437795,3.9318256327243257
dfs_b3f8d250898d3c1b,4.945065129886807,14.828541355958798,4.23410650459726
dfs_c762487f0fe9df95,5.580484258311707,14.757996382895614,2.833213344056216
dfs_c22aad794dec6ce5,4.767969076293182,14.682638776355596,4.07753744390572
dfs_152997bacba9e34f,5.777249765426953,14.199506851456785,3.8066624897703196
dfs_0eaf04b48333c6dc,5.760477818332746,14.78391392847179,5.3230099791384085
dfs_c26dfe0349d2dd05,5.930944607312194,15.018010678423455,3.9512437185814275
dfs_83631792359ccdd5,5.288973851544884,13.491600090905207,2.302585092994046
dfs_1861787e85cd7ae8,4.7331235502985525,14.73076675489164,4.23410650459726
dfs_6de66517f4abddba,0.0,14.745619773298051,4.477336814478207
dfs_f7d2d7c85ed5bfeb,4.9159582471543475,14.437951435666058,2.1972245773362196
dfs_164f14f86b950fac,0.0,15.476395292999866,5.805134968916488
dfs_1a918c7ffff33214,5.204281374621442,12.755023189980424,3.295836866004329
dfs_80e3aeb8c9c780a4,5.433678334478489,15.459932336160803,5.976350909297934
dfs_574b7b33d6ec5cd7,4.865609522045998,15.195686489610315,4.204692619390966
dfs_aa05fd8c3a2efac2,4.973279507552487,12.516094564988729,2.833213344056216
dfs_f24270bcc656c175,5.517894565982638,12.857806510940943,2.639057329615259
dfs_59f97f8dbd448434,5.456815724368715,14.71252509195397,4.343805421853684
dfs_1cf48a456a13e90c,5.979619672740059,11.401792766717712,1.0986122886681096
dfs_4ba136650c268617,5.883545204888487,13.009671609222544,3.4339872044851463
dfs_4c8ab00f4fb1dd87,5.397891171444129,13.981792498446987,2.4849066497880004
dfs_a46536a89f286a95,5.204281374621442,15.633356302330085,4.356708826689592
dfs_6064ebc0d7c5dffa,5.456815724368715,14.382747516576183,3.5263605246161616
dfs_348656ab857ed5f4,5.40393784841172,14.074445873376542,4.07753744390572
dfs_68d975543163f832,5.070475294452272,15.625277907638562,4.983606621708336
dfs_86e6b1c63e0058e9,5.610387127056648,15.574024467203596,5.030437921392435
dfs_b4c937833ca7850f,0.0,14.848419202558174,4.1588830833596715
dfs_635571e01ec47c8b,5.204281374621442,13.729762019621797,2.3978952727983707
dfs_917d09918af07da5,4.8860542039388735,15.476453612344645,5.225746673713202
dfs_ea0912d8a092559f,0.0,15.491472830950993,4.465908118654584
dfs_c6824e8be3731122,0.0,14.342961413506291,2.4849066497880004
dfs_93c62fd79388eec3,0.0,15.09468480067748,4.290459441148391
dfs_969a81cac7323648,5.773090851921525,14.58331427447502,2.302585092994046
dfs_f1d766afc0b5fab6,5.4395130632148145,14.140617742056785,5.049856007249537
dfs_5cbd22e4a0114104,5.6995401553980685,15.67335485218564,4.605170185988092
dfs_d22465046f738784,5.151324342807377,14.648352287324133,2.995732273553991
dfs_815bbb243b7c0303,5.328798073801623,14.707208142301246,3.6888794541139363
dfs_fe820daa7fa3955e,5.658296844495069,14.371180858404589,2.5649493574615367
dfs_31dc8123b16190a9,5.610387127056648,14.349688970327927,3.091042453358316
dfs_01a6eb32998d0464,5.560066056973313,14.655229916771836,4.07753744390572
dfs_84a5e98f2216fc74,5.445313945282377,15.096005418197532,3.367295829986474
dfs_6d6691de4e2131fe,5.111746795464668,13.961866365125566,2.1972245773362196
dfs_f44788b69aca9275,5.282187984618153,15.095139107453646,4.406719247264253
dfs_c2eb86d7c0e5d09a,5.756248414559503,13.69361294402855,2.639057329615259
dfs_d405025c90af5f30,5.196893536410073,14.734312933020313,4.51085950651685
dfs_60a80d5cbe738ab4,4.925730787005811,15.078902834676294,4.430816798843313
dfs_562bbdcdbf0cef3a,5.433678334478489,15.181996521771339,4.499809670330265
dfs_6ff557ffe2cd11e4,5.433678334478489,14.971614408676011,3.5263605246161616
dfs_035861e5ea828e84,5.712907382433202,15.107575554988058,4.553876891600541
dfs_5c0921d8a7f2d6a0,5.421905740792655,15.105462506711062,1.791759469228055
dfs_b665427a0cd6e313,5.421905740792655,15.357137828374125,4.304065093204169
dfs_838f35da12b11f55,5.805917794958333,15.192981103474368,4.442651256490317
dfs_2c36966ced755dee,4.74493212836325,14.231174810853343,2.70805020110221
dfs_9f3aab42173732dd,4.963962885897825,14.769829369009525,4.343805421853684
dfs_85b6bc41dec02ddc,5.570327269605522,14.483971525913368,2.70805020110221
dfs_6e3588128efd60ef,,,4.653960350157523
dfs_51c9893d875fc6c9,5.989738057582281,14.636201428080339,3.9512437185814275
dfs_9ab9979385807a23,0.0,14.599603407693456,4.605170185988092
dfs_ce4e151a2669cafa,5.181952075416771,14.559611275200655,4.584967478670572
dfs_38357a10be6bf4b4,5.3091089276262355,14.660517940064835,3.1354942159291497
dfs_eac96c0a995b051d,0.0,14.39692697585855,4.3694478524670215
dfs_2eea8bbe2053defb,5.624991760689139,13.703378276680473,1.6094379124341003
dfs_19659b564a626020,4.74493212836325,14.030035475323261,4.0943445622221
dfs_4b2e480bb08e59c3,6.335532860350823,14.163481431145017,1.3862943611198906
dfs_2b53ab03439f9a9d,5.672223005748435,15.096416347477218,3.9512437185814275
dfs_8ae7e12caefb7d2f,5.268476524537015,14.30816691577289,4.718498871295094
dfs_5fa4fe0d883ed407,4.6340491455384685,14.70622457654618,4.663439094112067
dfs_5e73a3fd2b353128,5.427809361780791,14.549996399549347,3.091042453358316
dfs_33391a70735714da,5.676822293073418,13.770352091191386,1.6094379124341003
dfs_08dfbc7b7b25ce7f,5.181952075416771,14.520013022562354,4.564348191467836
dfs_1fa5ea07ead75720,0.0,14.55908037900263,3.5263605246161616
dfs_2ecb9bb057e750a2,5.261549642355822,13.476157575977668,3.2188758248682006
dfs_f57bf4d52a2c32ba,4.991656327498453,14.533714187357182,4.564348191467836
dfs_e720db02490968bb,5.40393784841172,14.774817483342463,4.394449154672439
dfs_5a4515597f0a2726,5.941591296612255,13.066336793391516,2.4849066497880004
dfs_ae4319fca5a066fe,5.0097015249361645,13.66789762707396,3.332204510175204
dfs_f105ace28ed715cb,6.142101919635312,13.499422152256711,2.70805020110221
dfs_8bca2907f6dc706e,0.0,13.666775023071716,3.1354942159291497
dfs_d1a91463ef3b5405,5.554895693948484,14.167630443357726,0.6931471805599453
dfs_ba02a381a4e35944,5.496102083395356,14.361021626081785,2.5649493574615367
dfs_f0660fa8c0df0cb8,0.0,14.438037293257343,2.1972245773362196
dfs_04c03f898aead8d4,6.048435443367608,13.963733129800776,4.07753744390572
dfs_6846d4b5c381fd1b,,,4.276666119016055
dfs_4a126837e19f1730,4.991656327498453,14.115134294080994,2.302585092994046
dfs_a9b8805867711874,,,4.74493212836325
dfs_2818688a11e94331,5.027492411162679,13.146441166883358,2.772588722239781
dfs_255abec223a99c49,5.672223005748435,14.964097388514633,3.367295829986474
dfs_eea547e30be8cef5,5.3352759075335685,14.769254672952831,3.8501476017100584
dfs_21a81387c0780d5e,5.857047047721082,13.142387548785257,2.772588722239781
dfs_f9511afb4e0cccfe,5.3091089276262355,12.284010061708873,2.70805020110221
dfs_fb8637ca3fe33f5e,0.0,15.580748931445042,4.343805421853684
dfs_ca2e072347d34c64,5.456815724368715,14.71252509195397,4.418840607796598
dfs_785753b3e333aefe,4.756516938482616,15.675349615096092,4.859812404361672
dfs_85bd8f32a14b4c5a,4.95455864787585,13.935530201658228,3.091042453358316
dfs_5fe8ff7a4d5c53da,5.397891171444129,14.765236065924666,4.605170185988092
dfs_d21b82f1ea01d8e6,5.295764109760319,14.730194800124558,4.330733340286331
dfs_5ce617c997ca9780,5.111746795464668,14.531316577080423,3.9318256327243257
dfs_11a0cfb33fbcc15b,5.68140052376307,12.715891762938538,3.367295829986474
dfs_7b5e0ff7543fa1ec,5.421905740792655,15.45965574405957,5.247024072160486
dfs_1c1e1ae7dd4b454d,0.0,15.711738595183077,5.765191102784844
dfs_5506b51ac331e874,5.64417400305089,15.526370480314682,4.330733340286331
dfs_ab0246590acdd907,0.0,15.23726399884966,4.454347296253507
dfs_eb9b4d8477e03097,5.59053911904185,14.512259743508249,3.295836866004329
dfs_5efbdbcc74e4c873,0.0,14.862353649547423,4.51085950651685
dfs_8adb64bd87ad02f1,0.0,13.501376359218696,3.1354942159291497
dfs_ca3f498912aa3ab7,0.0,15.357523868533516,4.330733340286331
dfs_733ee6edc5693fca,5.247550249494384,14.793927654063294,4.465908118654584
dfs_56291cee1facee97,,,2.639057329615259
dfs_a5161dd91d2977c4,4.756516938482616,14.23318680570705,3.044522437723423
dfs_dae7a55bdec87320,5.580484258311707,14.554071733652956,5.327876168789581
dfs_9495bbe56f47bc4f,4.607567310587813,15.394622037603872,4.454347296253507
dfs_4f5d6518486991cd,5.070475294452272,14.794194135660257,4.553876891600541
dfs_1bb178e841773599,5.159055299214529,11.951419077092181,3.8501476017100584
dfs_55f2104e597149e5,5.0186695991245776,15.398528722167546,3.1780538303479458
dfs_76180ee954d64c9a,0.0,15.118728969948135,4.127134385045092
dfs_8137ddb5acd6c258,5.708471464142333,13.978619563333034,2.5649493574615367
dfs_0c51a5b92a55f0da,5.433678334478489,15.181996521771339,5.176149732573829
dfs_654e2d092ca952e1,5.151324342807377,14.822374084112825,4.890349128221754
dfs_519e449dfcabe51f,5.496102083395356,14.423433672433362,2.639057329615259
dfs_96ee53a0f61fa72c,4.801558999993482,14.470317557588634,3.332204510175204
dfs_926a714b9d46920c,5.927379256579233,15.008709734621206,3.1354942159291497
dfs_12bb61a730f70200,5.580484258311707,13.87768973553841,3.4657359027997265
dfs_dc245a2cd94a049a,5.5652098247922615,11.667576019839137,1.9459101490553132
dfs_1d35bc5daa632405,0.0,15.354911125067046,4.663439094112067
dfs_8e2fdf0ede289cd5,5.08716414308538,14.7701801102379,5.267858159063328
dfs_0d394b0e1e636ac2,5.32227800399288,15.57230014643561,5.0369526024136295
dfs_f37e079df0fa28d2,5.189450711560923,15.482262016649113,3.6635616461296463
dfs_90c9deb7bd1fec0f,5.119788607992779,15.15092548641246,4.882801922586371
dfs_c112138e24fd11bf,5.658296844495069,13.235202657257732,3.044522437723423
dfs_5a1730c7dd9328b8,4.991656327498453,13.823886382606101,2.302585092994046
dfs_681a894fefc68bee,5.3352759075335685,12.139430580160614,0.0
dfs_6d9e8d7d7d2dffb1,5.797788774475323,14.565761345306733,3.6109179126442243
dfs_8aae7ce34a0e9965,5.667602467201444,14.175160671692915,3.6109179126442243
dfs_357a98417d28f988,5.549659572220925,14.51767198782537,4.532599493153256
dfs_4a5c43791bcacdad,,,2.833213344056216
dfs_996888fe27dbaee2,5.181952075416771,14.520013022562354,4.564348191467836
dfs_a1550d8471e55baa,,,3.258096538021482
dfs_d348acfa8ecb6807,4.6340491455384685,15.48690058717394,4.61512051684126
dfs_4ce2023bc1785519,5.261549642355822,14.122479683650296,2.995732273553991
dfs_1b72821e3bdae502,5.5652098247922615,13.98317437977688,2.833213344056216
dfs_35c07e07cdd9aba4,4.025173103360802,14.685495118003988,4.5217885770490405
dfs_783c4e2afccbe480,5.560066056973313,14.552891825231468,2.833213344056216
dfs_e4d93d6286d17dc5,5.793714582156809,12.418882992704592,2.70805020110221
dfs_024a4b57366ce6fb,5.053503194323431,14.961860393502496,4.248495242049359
dfs_85faed5a0397cde7,5.59053911904185,14.512259743508249,3.367295829986474
dfs_1f90a39366baa177,5.777249765426953,14.324244395470048,1.6094379124341003
dfs_dd99c160d4a099fc,0.0,15.164262696477152,4.48863636973214
dfs_9bdb4dd16d720019,5.809942670484592,12.746310458848846,0.6931471805599453
dfs_1b1426a501c15cdd,4.95455864787585,15.41006871386541,5.017279836814924
dfs_b0747043b4110f17,5.554895693948484,15.375415100119689,4.454347296253507
dfs_78f8992693445a17,5.233352087695677,15.029808870280386,4.820281565605037
dfs_c73fd653fe79337a,0.0,14.607788791305818,3.332204510175204
dfs_9802191238978efa,5.523259299803626,14.542056247028231,3.6888794541139363
dfs_c18fbd46323255fb,5.211615032708743,13.890680180653296,2.70805020110221
dfs_499c55bc5f2e1ae1,4.963962885897825,15.415485638698183,4.634728988229636
dfs_e8b32f41e4bea9be,5.053503194323431,14.120712507159787,4.700480365792417
dfs_ec04ba2a3b816705,5.726130878319963,15.294059754254938,5.375278407684165
dfs_d85975ad40f633e9,4.672361435528415,15.132299952213037,4.553876891600541
dfs_c5b34e7cdecd3ef1,0.0,15.664634123581875,3.970291913552122
dfs_a5321c316184ce54,5.501584687857454,12.929033450230737,2.833213344056216
dfs_e196f482b1a09f22,5.240476366858187,14.075804218672157,2.4849066497880004
dfs_17d9a361af12e67f,5.485045865160197,14.542903114418912,4.700480365792417
dfs_af7123c81be8cf47,5.427809361780791,13.40154240118465,3.367295829986474
dfs_3b2ce15a077f666c,5.295764109760319,14.848119430838144,3.58351893845611
dfs_ccc1e1610f08172e,5.103639787544498,14.809882074198425,4.2626798770413155
dfs_ef730c03b9dbcece,0.0,15.730544623257867,4.406719247264253
dfs_1186f6e539405cc3,5.196893536410073,15.047102712193812,4.382026634673881
dfs_4f0eeb3ec4eb7417,4.58046757334772,15.125585912572236,4.77912349311153
dfs_78cafa8a2505f139,4.697111059686448,15.391881535850143,4.330733340286331
dfs_c58f6c978677760b,5.078854533073399,14.355464600107823,2.1972245773362196
dfs_f1d32b837783e979,4.982510130370407,14.710739029537596,5.2574953720277815
dfs_490d737e4d82b967,4.672361435528415,14.733248242497341,4.330733340286331
dfs_fad2115c66ed4244,5.451081371099666,15.281709540301128,4.143134726391533
dfs_d4f336e53dbf34b1,5.585524326151581,13.173046985971245,2.9444389791664403
dfs_9046b6a518bd88f5,4.349503442968322,14.091724623474933,1.3862943611198906
dfs_09b0b4f8a586ccb5,5.676822293073418,13.633626505451362,2.70805020110221
dfs_caddeb1f11479c84,0.0,14.96270092482111,3.5553480614894135
dfs_8f9db524b43d65eb,0.0,14.39692697585855,4.3694478524670215
dfs_6ede0ea901b3474d,5.600530844845727,14.170394398835136,2.302585092994046
dfs_295f2d9482abb498,5.13568078307048,15.348737611804946,4.430816798843313
dfs_84b664a6b0636a69,0.0,15.13201020835289,4.700480365792417
dfs_a8366e98614b56e6,5.103639787544498,14.169665529437795,4.060443010546419
dfs_34c1d2a8443af401,5.485045865160197,15.058880406050182,5.056245805348308
dfs_861d6a0afe4d08f8,4.790487251761845,12.09497906052448,3.2188758248682006
dfs_43891e80638cae30,5.620147210360944,13.755343269055201,2.3978952727983707
dfs_b331e772c50894a1,5.809942670484592,14.72604032731445,4.23410650459726
dfs_b66731cd4f081fb7,4.672361435528415,14.733248242497341,4.189654742026425
dfs_381912b46f4b1f32,0.0,14.645690307371963,5.231108616854587
dfs_fc39be1581e2d8eb,0.0,14.554321592302578,4.6913478822291435
dfs_4d166233b03c04a5,0.0,14.90810443896136,4.219507705176107
dfs_ce79ce24eb39e307,5.391807709635375,15.498709953960429,4.941642422609304
dfs_896c195d96a39d66,5.211615032708743,15.736879300854092,4.204692619390966
dfs_fcafe240e1b9ce91,5.40393784841172,14.074445873376542,4.276666119016055
dfs_89fe981afca1aaa5,4.9159582471543475,14.647980888992114,2.833213344056216
dfs_1ecd845c90e0c5f0,4.552612935249416,14.554334967295832,3.713572066704308
dfs_06ad3447191f9f73,4.4326009206368155,13.37789512251229,2.639057329615259
dfs_6999aa81742b9c63,,,4.897839799950911
dfs_e47bbd146a76d081,0.0,15.113361062039258,5.135798437050262
dfs_2283279c52bc809a,5.456815724368715,14.71252509195397,4.343805421853684
dfs_2f98876367b11f56,5.726130878319963,15.294059754254938,6.0063531596017325
dfs_c03d06bf5ec8f8af,0.0,15.354911125067046,4.812184355372417
dfs_02f4e236037e4bb1,0.0,15.085774346966154,4.248495242049359
dfs_01843a305fcfef2f,5.768914569593983,13.882583053375532,2.639057329615259
dfs_e0f042c8c847c7bf,4.607567310587813,15.394622037603872,4.394449154672439
dfs_c25b9edd2c04439b,5.360822571899434,15.094341081884494,4.04305126783455
dfs_8fc53df29305ebdc,5.053503194323431,15.138707492404329,4.406719247264253
dfs_af021aaa1fff103e,5.127766265352998,14.683260834489154,4.248495242049359
dfs_1b7191d9d81b3379,5.0186695991245776,14.748266589741553,4.143134726391533
dfs_165b81da815a6fb4,4.509319860331257,15.236552179713863,4.290459441148391
dfs_8338be11ce59d85a,4.812509505757334,15.182683005050134,5.0689042022202315
dfs_b30673ec9eaaf2dd,5.4682289032653095,13.528273719714367,1.6094379124341003
dfs_aabf16db09fd6419,4.991656327498453,14.763220884004179,3.367295829986474
dfs_0a85f7b02d8964eb,5.793714582156809,14.757844015006754,2.5649493574615367
dfs_4099a5dfc4ebfa60,4.906089261471868,15.149885902657614,4.143134726391533
dfs_91b03290a2e7d767,,,4.219507705176107
dfs_34940b6568e4501d,4.906089261471868,14.531843851059353,4.6913478822291435
dfs_afe58524539cacaa,5.027492411162679,13.146441166883358,2.8903717578961645
dfs_39824fcce40c0cf9,5.078854533073399,15.047578569727373,4.0943445622221
dfs_14f2df95cd22eaab,0.0,14.805136134634772,3.7376696182833684
dfs_e6862b0dd2c363d7,4.672361435528415,14.733248242497341,5.0369526024136295
dfs_cac13f5ce6d67410,5.639386165628231,12.738223266610605,3.044522437723423
dfs_6aee0f8d08ed5ea8,4.834057211929367,13.088864503263855,2.4849066497880004
dfs_1644760a0d084655,,,4.1588830833596715
dfs_c17227adaa5fcfb9,5.189450711560923,13.642496749373848,2.5649493574615367
dfs_58d8f8d27b380ccd,5.174396784628558,15.591078820858131,5.062595033026967
dfs_5f93c62a632937ac,0.0,14.342961413506291,2.5649493574615367
dfs_f6461df5856b5548,5.658296844495069,13.973728953407337,2.0794415416798357
dfs_f8d070106cc64a4a,5.909359297189138,14.034020992951419,3.8918202981106265
dfs_6393a106913a2ed6,0.0,14.70525729449616,4.543294782270004
dfs_13d082a3f3ae1a8d,5.282187984618153,14.4674596316159,3.9512437185814275
dfs_43b97dc7c4ace56c,5.544434981422068,14.757888831501726,2.833213344056216
dfs_9272e7d43cbde2fc,0.0,14.74371918871,2.772588722239781
dfs_b1cc80c5cebcc3f5,5.462559809942086,14.515452104455916,3.2188758248682006
dfs_96954dc0428511e6,5.103639787544498,14.720139555369158,3.332204510175204
dfs_bd4a5b77b47915f5,4.906089261471868,13.405148479243403,3.1354942159291497
dfs_32a485301c591bda,6.274272259143502,13.723390883081938,3.8066624897703196
dfs_bcac2264b24f6da5,6.264121810291653,13.645323479688912,3.044522437723423
dfs_73bfc6a5f662d8f9,5.485045865160197,14.542903114418912,4.700480365792417
dfs_df2751ad0b6e06d4,5.451081371099666,14.082448960478107,1.9459101490553132
dfs_71cdd5ee12168c79,5.485045865160197,14.960943771534996,2.772588722239781
dfs_6e53221eda3a6f82,5.14353315274717,13.985257551951749,2.639057329615259
dfs_bab5f4ce5d29665d,6.294287663244266,13.539734658234968,2.4849066497880004
dfs_a639ef12b4198feb,6.091830108727296,13.824762625286215,2.833213344056216
dfs_9d84319c4905a761,5.0449078880383516,13.931208755187868,3.1780538303479458
dfs_d2b664a42a5ba139,4.58046757334772,15.318741596680589,4.189654742026425
dfs_7fecbcdb76fd8a1f,0.0,14.90810443896136,4.31748811353631
dfs_535eacb4ff99d453,4.95455864787585,15.292566131644241,3.8501476017100584
dfs_15193832fda3ca65,4.7331235502985525,13.560429903491631,2.8903717578961645
dfs_beff705e8a1fffbc,5.174396784628558,13.469244114301937,2.302585092994046
dfs_a5420a118d1050b9,4.982510130370407,13.16380470010129,3.091042453358316
dfs_bea4910cdf6452af,5.181952075416771,14.51436193859704,3.6109179126442243
dfs_0386be8441c7bba1,5.777249765426953,12.734769621115127,0.0
dfs_fe4b4d3953f52bd0,0.0,13.096255513818543,2.639057329615259
dfs_f9535e42f5726819,5.189450711560923,14.787711191277696,3.258096538021482
dfs_adb1dcb36300c09a,4.697111059686448,15.391881535850143,4.204692619390966
dfs_0399404e242a4bd9,6.054767930777221,14.247824002200751,2.5649493574615367
dfs_54dc95bc7ad6ef5a,5.456815724368715,14.410840368343157,4.189654742026425
dfs_70759790a7430d81,5.805917794958333,14.432059591534045,2.5649493574615367
dfs_75404f58255ec679,5.08716414308538,13.996690630179193,3.4657359027997265
dfs_7968c553e5878c6c,5.27535575491069,13.604298047868019,3.332204510175204
dfs_1579f6bbef4e5e7f,6.432843625063815,13.539349858859604,1.3862943611198906
dfs_2a1b9d5054fcb173,4.159351723530711,14.923092829114283,4.553876891600541
dfs_82c06b2c5ff37efe,0.0,15.588700169723086,3.4011973816621555
dfs_ea159f06bce9d006,5.6536113574098374,15.656333487346345,4.9344739331306915
dfs_5aa08c73129d7893,5.793714582156809,13.273562276438554,2.5649493574615367
dfs_0cbfad7c45974428,4.9159582471543475,14.493027215883185,2.0794415416798357
dfs_ee0e44cb2c18970d,4.6848128136402885,15.13195042650835,4.969813299576001
dfs_daab51135a62d909,4.756516938482616,14.327460749167207,3.7376696182833684
dfs_32334d1a6c0a0ced,5.282187984618153,14.618201591810797,3.8712010109078907
dfs_911b2f2ff6849e07,5.433678334478489,15.181996521771339,5.056245805348308
dfs_ffb5cbb365bdb223,5.554895693948484,15.375415100119689,4.382026634673881
dfs_7d5bfb61075957d5,5.174396784628558,15.591078820858131,5.0689042022202315
dfs_24a39d653c6a0526,0.0,15.354911125067046,4.672828834461906
dfs_e997df54ac65dfbd,5.295764109760319,14.403275000397255,3.970291913552122
dfs_f156e4e0f3fc5459,5.078854533073399,14.799400871147252,4.143134726391533
dfs_9cbed4e495654c65,5.528595406762846,14.570205228484467,3.8066624897703196
dfs_5488f9c7b8c05466,5.282187984618153,14.715529214801538,3.7376696182833684
dfs_23f86145bf1cd345,5.560066056973313,15.168652397160473,4.8283137373023015
dfs_72b0f9b8d952b43f,5.354508646197779,14.687678854851494,3.367295829986474
dfs_d4b1ac89a4f964c3,5.233352087695677,15.051700666416934,4.290459441148391
dfs_b3b6ab6844a87c83,4.767969076293182,14.682638776355596,4.189654742026425
dfs_b40a80ce74cfa1f0,5.6536113574098374,15.656333487346345,4.68213122712422
dfs_8d3328b2515cd555,4.416548827045609,15.574513681586748,4.406719247264253
dfs_020a573f324525d9,5.721720619787214,13.89894872530387,1.0986122886681096
dfs_3c378a4773124133,5.103639787544498,14.130457055012238,4.07753744390572
dfs_8989312c4634377d,4.844738115716443,14.02047628926774,2.772588722239781
dfs_5e3e968e8b28a29d,4.834057211929367,14.968068586839923,4.330733340286331
dfs_68d40e66ffe0477f,5.181952075416771,14.520013022562354,4.605170185988092
dfs_9338703d7eed368a,0.0,14.513316867904942,3.58351893845611
dfs_afed731b79b5dd46,,,3.332204510175204
dfs_d341663c7e201ba9,5.485045865160197,14.960943771534996,2.772588722239781
dfs_cfc03445073f09bd,5.261549642355822,13.476157575977668,3.044522437723423
dfs_2b96183bf82d6cf8,0.0,14.783226075580613,4.330733340286331
dfs_c534fbcd6121e1c4,5.0097015249361645,14.49486353444705,3.044522437723423
dfs_a8bf8761401b6cc3,0.0,14.000239215365651,3.5263605246161616
dfs_62aeac2b91cbffd4,5.773090851921525,14.51297739535839,3.9318256327243257
dfs_d312ee04486256df,4.963962885897825,14.153652114780625,0.6931471805599453
dfs_dfcadb0b41eb922d,5.159055299214529,14.104417879491749,3.8066624897703196
dfs_245a6e17da394c04,4.991656327498453,15.241282330056972,4.248495242049359
dfs_5c3108c628d42fd0,4.349503442968322,15.121758232236045,4.1588830833596715
dfs_2acc23d8a464d361,4.896121907307495,14.792276065134317,4.31748811353631
dfs_7ef8e3ef4bbc3b07,5.620147210360944,14.01662115665481,3.9512437185814275
dfs_ca87af021f5ddd42,5.00071962930888,15.151424628834096,4.477336814478207
dfs_108d9d3332e9a4ef,5.174396784628558,14.656977307564476,3.091042453358316
dfs_1ed8524dc3b1cfa1,5.354508646197779,14.372942248208131,3.258096538021482
dfs_3dde7644e7f04f96,5.341712048867226,14.667255088671366,4.02535169073515
dfs_874436bde7590c13,5.22612294699955,14.668150694378152,4.574710978503383
dfs_df1e52d8c480ef13,5.341712048867226,14.605209874054882,4.189654742026425
dfs_deab932891ab81e0,4.607567310587813,15.394622037603872,4.430816798843313
dfs_0858cf59f6845689,5.433678334478489,15.181996521771339,5.220355825078325
dfs_6c48325ee16906fe,0.0,14.211082893562757,3.9889840465642745
dfs_daa6142c67eff88a,4.4326009206368155,14.645844193263482,4.204692619390966
dfs_639ee923fdf56592,,,4.189654742026425
dfs_fc032b292ae073be,5.103639787544498,14.734315725992635,4.07753744390572
dfs_ec021d941ff27a12,6.142101919635312,13.499422152256711,2.70805020110221
dfs_36853798b96cadf8,5.676822293073418,13.228622489203683,2.1972245773362196
dfs_dc1ec8044d87dd68,4.906089261471868,14.524827303646747,3.1354942159291497
dfs_1a084ce8cfc74b3d,0.0,15.751562127671408,5.204006687076795
dfs_4966feb86ac369d6,5.695044408712916,15.089763804502097,4.465908118654584
dfs_483bc386112f77b8,4.95455864787585,15.001771631545525,4.882801922586371
dfs_5f7ef22b145cfb2f,5.952099823585705,13.197795472520182,1.791759469228055
dfs_9ce07318c3c0ba04,5.3091089276262355,14.733092455924629,4.584967478670572
dfs_ee113d63a8c5581f,5.712907382433202,15.585095819922161,4.804021044733257
dfs_43338cad4d119016,5.667602467201444,12.646087317530965,2.995732273553991
dfs_14445e502c3045c1,5.391807709635375,14.862597244561739,4.5217885770490405
dfs_f15a089aeb5fbe69,,,2.995732273553991
dfs_c8f69806e7bb0845,5.240476366858187,15.189417257853034,4.02535169073515
dfs_d183c092a6c80f0f,0.0,15.107512371316675,4.304065093204169
dfs_566e2b2c7c8a399c,5.32227800399288,15.57230014643561,5.081404364984463
dfs_6c33d5b6b7d12a40,5.549659572220925,14.51767198782537,4.543294782270004
dfs_3c35f770ef124fa5,,,4.406719247264253
dfs_d25c97507763ba5b,4.721262904974945,15.304234468654256,4.804021044733257
dfs_ef06be1c7d31ddeb,5.315715143724457,14.615534853563602,5.3471075307174685
dfs_045eb9271ec80960,5.496102083395356,14.361021626081785,2.639057329615259
dfs_b4b7f1534e127787,5.415967059981408,13.46247896894034,3.367295829986474
dfs_81db30c4092d3783,5.027492411162679,14.190369368732746,1.6094379124341003
dfs_bdc77b590b58d192,5.0362380614757605,15.75625998479935,3.6888794541139363
dfs_182daadc09c41839,5.078854533073399,14.303172974003813,3.7612001156935624
dfs_147d7b3d809b359f,5.288973851544884,15.741562109585681,3.6888794541139363
dfs_4212d1e46e2fe1e2,5.3795286219728595,14.520779966526067,4.02535169073515
dfs_3b6c6d6b80943720,5.211615032708743,13.622155151522616,2.4849066497880004
dfs_e9ecd2cdd56e3fd2,4.607567310587813,15.394622037603872,4.189654742026425
dfs_270079b57a497289,4.9159582471543475,14.647980888992114,2.302585092994046
dfs_ef72aa3087e1aae0,0.0,14.419358109117168,5.476463551931511
dfs_163dd7ea6c081469,5.218895299570546,14.716180721530367,3.4965075614664802
dfs_385476af90324fb6,5.397891171444129,15.050416171607864,4.941642422609304
dfs_11a0719a5219c9a0,4.416548827045609,15.574513681586748,4.605170185988092
dfs_1a8457296d519980,4.95455864787585,15.41006871386541,5.062595033026967
dfs_4cceb83c3dbdcbaa,5.32227800399288,13.885817099542042,2.833213344056216
dfs_a956f4be85537db4,4.594109238628667,14.90942281878533,3.1780538303479458
dfs_423f63fa2634c81f,6.219754831241722,13.847113870710885,2.1972245773362196
dfs_e7f984fc35ba740d,4.906089261471868,15.659947546431793,4.867534450455582
dfs_c887941e388385ba,5.726130878319963,14.164888443008621,1.3862943611198906
dfs_e3bee7a990ec39f7,0.0,14.634291212031938,4.584967478670572
dfs_1af5314be13f3203,5.712907382433202,12.680311045463885,2.3978952727983707
dfs_45e9ec0f4fdd3124,4.865609522045998,15.195686489610315,4.290459441148391
dfs_7229da0928af37d9,5.512500896490735,14.787868152597643,2.3978952727983707
dfs_7328d368006adace,5.3091089276262355,12.782362923939676,1.3862943611198906
dfs_332cd5f5f1e02b23,5.268476524537015,15.405828849800008,4.3694478524670215
dfs_fd62e1a7b7005b07,5.062025250478552,14.154055644746418,3.6635616461296463
dfs_67d9e30568341153,5.821921002673243,14.64365923751265,3.4965075614664802
dfs_aaacbf0ca7be42ff,4.607567310587813,15.394622037603872,4.430816798843313
dfs_16af0345c6c6866d,5.549659572220925,12.31407915745028,1.9459101490553132
dfs_3038c509a2e8f2e3,4.95455864787585,15.41006871386541,4.770684624465665
dfs_8a0ecce59a0761c1,5.070475294452272,13.846625430453697,2.5649493574615367
dfs_78797c7488bb1e85,5.397891171444129,14.761238919690353,4.634728988229636
dfs_39d3c654ba52acc5,5.507037397196522,14.822016329615929,4.330733340286331
dfs_039c8d16a280cc4b,5.969397858758734,12.864602501068426,2.4849066497880004
dfs_83bd0f963099a3c0,5.809942670484592,14.299728927382603,2.995732273553991
dfs_80c8f19fd5a963a9,0.0,14.207241786617796,4.04305126783455
dfs_d9bdf6669192e8d8,5.397891171444129,13.981792498446987,2.5649493574615367
dfs_ed735ef9a2240524,4.416548827045609,15.574513681586748,4.852030263919617
dfs_19db609469c3761a,4.95455864787585,15.41006871386541,4.941642422609304
dfs_d8b1cb712e0725aa,5.433678334478489,15.181996521771339,4.897839799950911
dfs_c1cf1ec725c8ef2b,5.027492411162679,13.146441166883358,2.772588722239781
dfs_a12e3dafb492653c,0.0,15.491472830950993,4.477336814478207
dfs_518e733456aaf04a,5.853207721476128,14.064323415480036,2.1972245773362196
dfs_a7253cb63d714d43,5.295764109760319,14.737383679267982,4.442651256490317
dfs_756454753deda99b,5.809942670484592,13.71228886450579,1.3862943611198906
dfs_f952266703939d51,5.397891171444129,14.947459939030898,3.6375861597263857
dfs_4e58f20d20a03750,5.14353315274717,13.985257551951749,2.4849066497880004
dfs_c3ca4df97da60bf3,0.0,14.599603407693456,4.0943445622221
dfs_87331313b6a7a549,,,5.176149732573829
dfs_a1e89ec6afe9cace,0.0,13.84982599064606,4.07753744390572
dfs_108ea5c8dd1051ee,5.549659572220925,15.667278930080998,4.718498871295094
dfs_49df9d4515aa510c,4.963962885897825,14.237976332323877,3.5263605246161616
dfs_c1a336c7702cc493,5.0097015249361645,15.096517734070915,4.219507705176107
dfs_b6a6cac540157167,4.865609522045998,12.857506809727775,1.9459101490553132
dfs_c1cec98ae8b12d1d,6.26666909804865,12.298811340080297,1.9459101490553132
dfs_84aee7f19abddae5,5.433678334478489,15.0756891058172,4.7535901911063645
dfs_715c8aefd32c0158,5.813951411306332,14.548993214713622,4.174387269895637
dfs_e4dfcea77ec646df,5.485045865160197,14.960943771534996,3.091042453358316
dfs_3b593969f366e063,0.0,15.128614948514944,4.74493212836325
dfs_90f041bb624143a2,0.0,15.476395292999866,5.786897381366708
dfs_8040e7e2f7e5ffcf,5.708471464142333,14.662276705588726,3.332204510175204
dfs_b0dabd761c173a62,4.812509505757334,15.182683005050134,4.709530201312334
dfs_d4944471c1d89f72,4.58046757334772,15.318741596680589,4.07753744390572
dfs_1c0f2f81b59d8f58,4.834057211929367,13.088864503263855,2.4849066497880004
dfs_79866bc340ab46ec,4.95455864787585,15.292566131644241,3.9889840465642745
dfs_5d3924383c75970b,5.523259299803626,14.49292055609682,4.1588830833596715
dfs_2f61145fe71f5194,4.116595171156921,14.770684253653132,3.912023005428146
dfs_f9970f873ee023a8,5.181952075416771,14.520013022562354,4.499809670330265
dfs_b5303069336af0fb,5.517894565982638,14.919518928228479,3.367295829986474
dfs_971f83fb0735bbe7,5.485045865160197,14.960943771534996,2.9444389791664403
dfs_435d220f06c7bff3,0.0,14.783226075580613,3.784189633918261
dfs_c122ab1d2d9dfb80,5.268476524537015,15.405828849800008,4.406719247264253
dfs_28502d3d15cc00d1,5.451081371099666,14.89419731178338,4.605170185988092
dfs_4e7a0b621c88a9c8,5.676822293073418,13.228622489203683,2.0794415416798357
dfs_96ed23de00cd28cd,5.211615032708743,15.736879300854092,4.04305126783455
dfs_1496b6b2763930c4,5.952099823585705,14.372305227427276,4.948759890378168
dfs_4c8de67989ff6239,0.0,14.793318877548003,4.624972813284271
dfs_b8e4f30884262ca1,,,2.5649493574615367
dfs_9269348b1c9ef772,5.544434981422068,13.639878973320632,5.442417710521793
dfs_281aad073cea5c3f,6.4371434648294485,11.698350534216814,1.0986122886681096
dfs_451bb24a1cee04b1,5.103639787544498,14.809882074198425,4.2626798770413155
dfs_3ef05f6974c9bde9,4.58046757334772,14.858246786695688,4.820281565605037
dfs_9f03221c4c5b49dd,0.0,14.098909721842908,3.295836866004329
dfs_fa3cdc98da7d6d16,5.247550249494384,15.508442752989511,4.859812404361672
dfs_e4aeb642813ebe72,0.0,14.39692697585855,4.382026634673881
dfs_0b329d47c7e0efe0,4.6848128136402885,14.883566039883304,4.442651256490317
dfs_43ab0b4699560226,4.2961963780686885,14.661380542278607,2.70805020110221
dfs_6bc9b3018d4d453b,4.945065129886807,14.593462933683396,4.804021044733257
dfs_eac655f4d4b0c7ea,6.837053805809153,10.044379291233609,1.6094379124341003
dfs_1bf0cdcb9b1ad851,5.496102083395356,14.361021626081785,2.5649493574615367
dfs_8454b6322d5d3f08,,,3.6109179126442243
dfs_2bd1e0e5e58ed168,5.560066056973313,14.552891825231468,2.9444389791664403
dfs_3e57db7d490c7db5,5.302458779048587,14.809282195821408,4.584967478670572
dfs_f622a076a0509bbd,5.615279076064797,14.049327347088274,2.70805020110221
dfs_3a9d568157214d58,5.3795286219728595,14.727323278494843,4.110873864173311
dfs_74baf096aa9f73dc,5.127766265352998,15.733102798836168,4.382026634673881
dfs_0b28fe3454ebc056,5.391807709635375,15.498709953960429,4.969813299576001
dfs_9c79b8045d3856ce,4.9159582471543475,14.29278270739967,3.4965075614664802
dfs_c7d080bc4e66c234,5.676822293073418,14.596999605020017,3.713572066704308
dfs_ecc9e9163087af30,5.517894565982638,13.40519219182864,3.912023005428146
dfs_c8e8de1e8616406f,5.433678334478489,15.459932336160803,5.996452088619021
dfs_caf81dd312b86597,5.415967059981408,14.571166231798816,3.7612001156935624
dfs_13c152710ac546e5,5.427809361780791,14.99242742925675,4.276666119016055
dfs_94e6c0686c4ebf42,0.0,13.8999105281974,2.4849066497880004
dfs_6831029d2fd7d10f,5.027492411162679,13.146441166883358,2.772588722239781
dfs_d92481ddf65bd86c,4.95455864787585,15.001771631545525,4.6913478822291435
dfs_8699eecaf1ffdfeb,5.159055299214529,14.811267708412373,3.4965075614664802
dfs_e79e46560a882ddd,4.8860542039388735,14.70525565145573,4.51085950651685
dfs_a15ab652cc8faa0c,5.027492411162679,13.944833858977745,3.044522437723423
dfs_5337052154a9c3b1,6.085751476297188,13.345108449336173,3.1780538303479458
dfs_a9ae30c485f64e48,4.697111059686448,15.391881535850143,4.3694478524670215
dfs_8308f55642e5b24c,,,4.02535169073515
dfs_ea76c9eeccb04277,5.40393784841172,15.146702008895451,5.003946305945459
dfs_a0e9dd2eb00672d8,5.523259299803626,14.682663565276881,3.5553480614894135
dfs_2dfcb5b35d169fc8,5.233352087695677,15.15648637187313,5.081404364984463
dfs_6e61da5c76e59f44,4.834057211929367,12.715924795624385,2.0794415416798357
dfs_e53a4fab67aca70e,5.726130878319963,15.294059754254938,5.3230099791384085
dfs_9e9346a026c929e9,4.620846665373099,14.679664692602543,4.3694478524670215
dfs_3167b3142b0053d0,5.600530844845727,14.94746445267888,3.258096538021482
dfs_3aabe408174f1437,0.0,15.09468480067748,4.343805421853684
dfs_31402e9ad6e7e953,5.580484258311707,14.888124465230193,5.081404364984463
dfs_671a327e3d364c78,5.544434981422068,12.905057752190325,3.1780538303479458
dfs_37553c89f6b44837,5.624991760689139,13.890446401623509,1.6094379124341003
dfs_0c823f3ffeb3c170,5.095466518501589,14.171471647169334,4.718498871295094
dfs_712a89c225ca40f7,0.0,13.52926212402819,3.1780538303479458
dfs_66c05cfe0627d72c,4.607567310587813,15.394622037603872,4.532599493153256
dfs_bd16c39f04919c23,0.0,14.96458177636787,3.8066624897703196
dfs_31833065ae590d08,5.6995401553980685,13.556936700818095,1.791759469228055
dfs_2a5fcc4a1e8fe150,5.40393784841172,14.565544087580124,4.653960350157523
dfs_679761650c91ed80,5.485045865160197,13.563526333991735,3.4339872044851463
dfs_06ef429a8e17ea3d,5.151324342807377,14.666460313486443,4.189654742026425
dfs_2013dab34ebb177a,5.560066056973313,14.736332209700734,4.430816798843313
dfs_4fc03c10e18c760b,5.0362380614757605,13.191818542017344,3.1354942159291497
dfs_2c5f5331382dc0df,4.865609522045998,14.512959472783912,4.31748811353631
dfs_48822d5acab51bb3,4.6848128136402885,13.989387391575452,3.1780538303479458
dfs_597837c4bed57c02,0.0,14.607788791305818,3.4011973816621555
dfs_bf17a20babf00c63,4.779291546216706,15.038431212603907,4.941642422609304
dfs_ce71ae32a9d59390,5.233352087695677,15.177536304094106,4.418840607796598
dfs_63a1dfae1476eec7,5.554895693948484,11.912392621274757,2.0794415416798357
dfs_6eba71e3373aec75,5.544434981422068,13.032683716436415,2.302585092994046
dfs_e46e97890a04230d,5.0186695991245776,14.836679729316204,3.58351893845611
dfs_db77b673e71d2bbc,5.204281374621442,14.771858960337484,5.365976015021851
dfs_b2f22d5f04fb3b5e,,,4.2626798770413155
dfs_5dfc8b65503893e7,5.32227800399288,15.57230014643561,5.117993812416755
dfs_69b072f0de9c48ad,5.983003856190115,14.355493155676816,1.791759469228055
dfs_bbd859ec248c0449,5.295764109760319,14.716017783046192,3.58351893845611
dfs_911be92201050048,4.672361435528415,14.733248242497341,4.31748811353631
dfs_ec75d73ba9486961,5.302458779048587,13.88072697427898,4.700480365792417
dfs_6cc68ecd8fd2b115,5.0362380614757605,15.75625998479935,3.784189633918261
dfs_c2a05c4ee2d8c8f3,0.0,15.131984741187905,4.8283137373023015
dfs_52c44bc5816d49b3,4.991656327498453,14.779293850579798,5.231108616854587
dfs_f6e9b2dfa936b190,5.717323710222868,14.156945460165232,1.6094379124341003
dfs_2097a6f503c2f2cd,4.991656327498453,14.760742425635168,3.091042453358316
dfs_48e47f5e381b9680,5.726130878319963,15.294341711147034,5.062595033026967
dfs_832ee7d46fc6b6fa,5.233352087695677,15.029808870280386,4.624972813284271
dfs_215314e0e5f30750,5.496102083395356,14.361021626081785,2.772588722239781
dfs_a9d51716b9867872,5.934497291466729,12.662661700354048,2.9444389791664403
dfs_954bfdbd5639c590,5.127766265352998,15.733102798836168,4.23410650459726
dfs_61a6ae33837270f2,5.496102083395356,15.160988393298956,4.454347296253507
dfs_74bcd4e184d938ae,5.00071962930888,13.606990805758722,1.9459101490553132
dfs_7b9f022fec1bede6,0.0,13.924392765180452,2.5649493574615367
dfs_da6b43618a7c66af,5.315715143724457,14.091118277925156,1.791759469228055
dfs_eb074a60e1c9ee23,5.08716414308538,14.367757548591026,3.6888794541139363
dfs_8094ffa5c9b698c6,5.479471575589985,12.730150074971913,2.5649493574615367
dfs_98a8c3f46f9819da,5.268476524537015,15.238111293520944,4.2626798770413155
dfs_66946713afa2966a,5.409992900438626,14.247901879878324,1.6094379124341003
dfs_5e33a1ef1b83fcb3,,,4.5217885770490405
dfs_0d5a31452d9d962d,5.189450711560923,14.787711191277696,3.295836866004329
dfs_289b1cecbbe0c4fa,5.0186695991245776,14.18216830747639,4.204692619390966
dfs_2834d96357790568,5.22612294699955,14.668150694378152,4.564348191467836
dfs_e8641a2dbb0e4f3d,5.734828843061527,14.835443209555889,4.859812404361672
dfs_8f89e4ad9adf4196,5.240476366858187,14.667806620786498,4.248495242049359
dfs_98d78ea67d33f3fc,0.0,15.354911125067046,4.7535901911063645
dfs_97357eb332a7a74b,5.14353315274717,14.341137499773572,2.9444389791664403
dfs_fb9fdd49c2eafed5,5.433678334478489,14.971614408676011,3.4011973816621555
dfs_3e45b64028b04490,4.991656327498453,14.533714187357182,4.61512051684126
dfs_0781c822637f09f3,0.0,15.485090717067093,4.74493212836325
dfs_cad3eecf6cf91d2d,4.721262904974945,15.304234468654256,4.653960350157523
dfs_d5bee389699dc3ae,4.875884110209718,14.805156207088897,3.332204510175204
dfs_84efea1177701214,,,3.4011973816621555
dfs_2a3b1d062b063310,5.726130878319963,14.164888443008621,0.6931471805599453
dfs_0c082a9002887d13,4.646983688801502,15.037128369479648,3.4965075614664802
dfs_80bbc96321c99769,5.496102083395356,14.423433672433362,2.772588722239781
dfs_479154c76d97fd31,5.233352087695677,14.746488108574175,4.04305126783455
dfs_f2ea2f6dd4a874fc,5.421905740792655,15.105462506711062,1.0986122886681096
dfs_749ef28a78fafd86,5.485045865160197,15.232818487882243,4.07753744390572
dfs_86f95d066db8338d,0.0,14.504982493075923,4.07753744390572
dfs_b6ef8b3267694919,4.7331235502985525,13.560429903491631,3.091042453358316
dfs_0b92502e8bde71f4,4.7331235502985525,14.73076675489164,4.499809670330265
dfs_002735ea840ad463,0.0,14.798928956244719,5.209486152841421
dfs_8fd0f1a88100f150,5.22612294699955,14.668150694378152,4.564348191467836
dfs_aa47ae737e75af32,5.64417400305089,15.526370480314682,4.31748811353631
dfs_e33a3ab0abf5aab1,5.7434518051144074,14.05040084543101,2.639057329615259
dfs_2ef50e17da3dd6d8,4.906089261471868,13.405148479243403,3.1780538303479458
dfs_08f2be08b8720f08,5.053503194323431,14.43656112684354,3.8712010109078907
dfs_5286a4581d3e0969,0.0,14.599603407693456,4.59511985013459
dfs_7d27720d0c43ab20,4.672361435528415,14.733248242497341,4.204692619390966
dfs_5ffab38318a8d57b,5.315715143724457,14.603397755816786,3.8066624897703196
dfs_1e983836874ba5e9,0.0,12.910083106414703,3.044522437723423
dfs_3886c8ca0c046b74,5.777249765426953,14.023572958250378,2.639057329615259
dfs_a3acd1c4ab2de870,5.445313945282377,15.72167833782745,4.770684624465665
dfs_6e9fd60a2a2f1960,4.865609522045998,14.512959472783912,4.248495242049359
dfs_740bab15389e174a,5.0097015249361645,14.967185458188101,3.4965075614664802
dfs_7c7793c011724125,4.9159582471543475,14.775220484712069,4.406719247264253
dfs_b8a7255a92818d6a,5.580484258311707,14.329568153279,4.127134385045092
dfs_35ec71bf9b32ac4c,5.0362380614757605,15.75625998479935,3.8918202981106265
dfs_3ca51f48947d84da,0.0,14.000239215365651,3.258096538021482
dfs_aab28f01db29d1fd,4.973279507552487,14.237417095310496,2.0794415416798357
dfs_337d61889e26678e,5.59053911904185,14.740684913347698,5.214935757608986
dfs_a8fbf61c807a519d,5.354508646197779,14.649303637920314,2.4849066497880004
dfs_f75ba64272ce6421,5.189450711560923,14.399255175901146,3.2188758248682006
dfs_3f9e91372c77604d,5.962499068814967,13.256679212273568,2.639057329615259
dfs_1aa22ef38c59eb2a,,,3.044522437723423
dfs_9f92793a45353af2,4.906089261471868,15.659947546431793,4.465908118654584
dfs_4a75c53b9e41c526,5.204281374621442,14.715003391818524,3.7376696182833684
dfs_a5a66797c5dcdad3,5.111746795464668,13.049446388056637,2.639057329615259
dfs_49b9f6085806765a,5.159055299214529,14.08724082418209,4.1588830833596715
dfs_74f45e4065d89026,5.409992900438626,14.85803315562234,4.890349128221754
dfs_3c3a69174db4ecfb,5.624991760689139,13.890446401623509,1.791759469228055
dfs_d35e4da82efb65b9,5.6995401553980685,14.67073704640257,4.574710978503383
dfs_ba8195d5562dac5c,5.451081371099666,14.082448960478107,1.9459101490553132
dfs_96c3cd532586708d,0.0,15.629652982707178,4.248495242049359
dfs_e8681b668988e227,5.793714582156809,13.55373791845222,3.044522437723423
dfs_e41347798a1d35b4,0.0,15.687785699923333,4.820281565605037
dfs_3c0292a4bd36af68,0.0,15.580748931445042,4.2626798770413155
dfs_cb34374265997282,5.027492411162679,13.146441166883358,2.639057329615259
dfs_9c277b7d5fb8fa9a,4.896121907307495,15.477193991274346,4.442651256490317
dfs_f8fe5234346f146d,0.0,13.202923489662563,2.70805020110221
dfs_ac9ec4cbaef78815,5.189450711560923,13.642496749373848,2.639057329615259
dfs_8800c9840e7b7dd0,5.22612294699955,14.668150694378152,4.584967478670572
dfs_321d8b8902862529,4.865609522045998,15.195686489610315,4.219507705176107
dfs_a93b2f65c5ca581b,5.433678334478489,15.459932336160803,5.4638318050256105
dfs_5e1c3e7f49aa96cc,4.935480620495495,14.609780085820798,4.430816798843313
dfs_cbc7763797eac8a0,4.594109238628667,14.90942281878533,3.2188758248682006
dfs_75fdad535da4fce3,5.930944607312194,13.466956833186535,3.5553480614894135
dfs_11a7eb6fe835308a,0.0,14.90810443896136,4.605170185988092
dfs_ae2f91c6f9d5522c,5.421905740792655,15.357137828374125,4.23410650459726
dfs_ead2d597ab7f6464,5.8798064655651,14.90375832001199,2.3978952727983707
dfs_fb53c4a6e55a86f4,,,4.709530201312334
dfs_6705ba2bcaa38d57,5.760477818332746,14.639886419441982,4.499809670330265
dfs_f0a3119367ef057c,4.875884110209718,13.942071840712225,2.0794415416798357
dfs_52d323646659eb2d,4.9159582471543475,15.140245954655587,4.04305126783455
dfs_e74b4584340223e3,6.39772933538671,14.26730120825314,2.5649493574615367
dfs_4cc194217a99b99f,4.672361435528415,14.733248242497341,5.003946305945459
dfs_bfddb1ab5088fee5,5.841600499862562,13.041886242047417,2.1972245773362196
dfs_7a339f37ac910c9b,4.935480620495495,14.312870930776695,3.1354942159291497
dfs_e07024e8f2a96742,5.760477818332746,14.78391392847179,5.0369526024136295
dfs_083a58ffe9f681e1,5.103639787544498,14.130457055012238,4.060443010546419
dfs_40bc9362b637f5cd,5.605471129189413,13.901573568730116,2.1972245773362196
dfs_e37143ef1b537e23,5.385687012684944,15.576506477867694,4.976733742420574
dfs_4de165db131a99e9,5.712907382433202,15.585095819922161,4.859812404361672
dfs_fec1970a7ce47e26,4.925730787005811,14.298526656610981,2.5649493574615367
dfs_c3c54ef17a0d0091,5.662960480135946,13.992642002731168,3.7612001156935624
dfs_d2df36d33c14fafc,5.233352087695677,15.15648637187313,5.093750200806762
dfs_52da513dae935985,5.354508646197779,14.569042802237139,3.9889840465642745
dfs_f34cc17199629735,4.646983688801502,14.752144163332211,4.2626798770413155
dfs_3707f73509ccdc52,5.070475294452272,15.625277907638562,4.962844630259907
dfs_dd408ff095cb6c62,4.8860542039388735,15.665956301037303,4.875197323201151
dfs_ec5648cf2ff45577,4.697111059686448,15.391881535850143,4.74493212836325
dfs_4132bb1480f78fce,0.0,14.94582175204065,4.219507705176107
dfs_e30e315d271e2dd6,5.473866039054562,14.512857905460622,4.634728988229636
dfs_7a6b33dc45565b2a,5.456815724368715,14.382747516576183,3.367295829986474
dfs_3bf096145265a4c7,4.906089261471868,14.753474715119893,4.248495242049359
dfs_d6c8f4c250b164d8,5.451081371099666,14.082448960478107,1.791759469228055
dfs_ffac53ec665fffbf,5.174396784628558,14.219381062033598,4.976733742420574
dfs_5630b33408f6d27b,0.0,14.185807795712202,3.9512437185814275
dfs_5bf68d8ffdf64fca,5.40393784841172,14.798304878964597,3.9318256327243257
dfs_3c6cca5f4c62ccda,5.82982758150686,15.665464404237046,3.5263605246161616
dfs_97265acf2dfc436a,5.549659572220925,14.51767198782537,4.51085950651685
dfs_bc02226adfd8cf72,5.240476366858187,14.11844595471949,2.1972245773362196
dfs_48f31b2d36d0979a,5.533903190752134,13.659374742391563,3.4339872044851463
dfs_9d93158b2bc13fa4,5.174396784628558,14.051472402800218,2.4849066497880004
dfs_28618a0f8a8bbf43,0.0,15.711738595183077,5.707110264748875
dfs_0425d9542eb15302,4.6340491455384685,15.48690058717394,4.990432586778736
dfs_eac195a44e60325c,5.89098100852966,13.508315336313485,1.6094379124341003
dfs_a6df984f9c7bd8c1,5.999779878711696,12.740086335990629,1.791759469228055
dfs_2f11ffb23a82c580,5.095466518501589,14.719926664718058,4.465908118654584
dfs_07658d7b48f9382f,4.875884110209718,15.617343452779261,4.430816798843313
dfs_80b6bb79f0e8c671,4.95455864787585,15.001771631545525,4.6913478822291435
dfs_c232fa63ccd61b68,0.0,14.745619773298051,4.343805421853684
dfs_73a955e4b37aff3c,4.95455864787585,13.935530201658228,3.091042453358316
dfs_c593752c1530ac22,5.421905740792655,12.270506473687625,3.044522437723423
dfs_82315fe634e17e51,5.391807709635375,15.498709953960429,4.77912349311153
dfs_1ac946b2ae4a1cec,0.0,14.56507257042007,3.8712010109078907
dfs_469293b9a13780fa,5.302458779048587,13.444694671956587,3.332204510175204
dfs_ed0e69427ef3782a,4.991656327498453,15.241282330056972,4.51085950651685
dfs_8b6d1f2204e5b10d,5.151324342807377,15.308905095654074,4.68213122712422
dfs_27461123d0446d0f,5.070475294452272,13.846625430453697,2.4849066497880004
dfs_c02331d0b3fbdc86,4.95455864787585,15.489781635624112,5.181783550292085
dfs_63e0f5f805cc1cda,5.288973851544884,15.062863489995893,4.060443010546419
dfs_f991bd200978a697,5.76472077276128,13.535936856973148,3.044522437723423
dfs_27f80ddd45e8f1a9,5.302458779048587,14.809282195821408,4.543294782270004
dfs_09ef7cf7766ad351,6.264121810291653,13.645323479688912,3.091042453358316
dfs_8f552010d9624c74,0.0,14.646312680122714,4.5217885770490405
dfs_293df3e4d0469e5f,5.496102083395356,14.361021626081785,2.639057329615259
dfs_0d5fa4b0148271ae,0.0,15.05646117741178,4.859812404361672
dfs_9d287ff874d1f5a1,4.594109238628667,14.90942281878533,3.258096538021482
dfs_e8fa9d47fb93125f,0.0,15.078530458113619,4.736198448394496
dfs_d8fd946f57832a0b,0.0,15.09468480067748,4.356708826689592
dfs_d70621056681d020,5.456815724368715,12.680223911426785,2.8903717578961645
dfs_2ff87a0b3572e808,5.240476366858187,14.475767744017546,3.784189633918261
dfs_ef6571808bcd52fd,5.501584687857454,14.991228938976471,4.356708826689592
dfs_7b9a106ca70eb7bf,5.927379256579233,15.008709734621206,3.4339872044851463
dfs_7a6573a9f6759c4a,0.0,15.446175181245275,3.9512437185814275
dfs_24359b940653f931,5.08716414308538,13.258026496285057,1.791759469228055
dfs_7ed7ba8bef2a18a6,5.32227800399288,14.014516322743667,2.3978952727983707
dfs_0d8a81f3bb96676f,5.211615032708743,14.746763988257701,4.248495242049359
dfs_4dce52de842ca531,5.415967059981408,13.46247896894034,3.2188758248682006
dfs_bd0b43dc4648f75c,6.032486521630903,14.101336659166444,2.833213344056216
dfs_93ed47ecf968a115,5.523259299803626,15.470974245734832,4.9344739331306915
dfs_077b1fab011cc908,5.6995401553980685,15.67335485218564,4.59511985013459
dfs_cd74a590367a4a1c,5.3091089276262355,12.284010061708873,2.5649493574615367
dfs_04916dcea7eac564,5.507037397196522,15.095448630030754,4.143134726391533
dfs_c188c65385cd4a6d,5.610387127056648,12.72220814691104,2.0794415416798357
dfs_4835968766c19858,5.6995401553980685,15.343671818395242,4.143134726391533
dfs_ddc7bf6aee0d7c2e,5.367096881942863,13.913089072242537,2.3978952727983707
dfs_fa9199284337a347,4.6340491455384685,15.48690058717394,4.9344739331306915
dfs_ed83b588bdb524f5,5.196893536410073,15.047102712193812,4.74493212836325
dfs_d99255e49f8991b0,4.756516938482616,13.66874338616415,4.5217885770490405
dfs_72132e2fa3c05b2e,4.607567310587813,14.51891445807914,3.4657359027997265
dfs_3e2cca7997d4df19,5.295764109760319,14.403275000397255,4.060443010546419
dfs_030e3027c0a82b21,5.181952075416771,15.684563266231043,4.6443908991413725
dfs_b488e898198c2d0d,5.0097015249361645,14.842088927271611,4.1588830833596715
dfs_c71ceddf8e0a4f87,5.348107031050552,13.90012097161348,2.5649493574615367
dfs_3175148faddebc66,0.0,15.096044879182712,4.382026634673881
dfs_d81abaccd812aee3,4.906089261471868,13.405148479243403,3.258096538021482
dfs_9dc08e35be271518,0.0,14.71432099583759,3.7612001156935624
dfs_2192d96c5a809af6,5.451081371099666,14.167557308318766,0.6931471805599453
dfs_577f5bb1cc3b5fa3,5.00071962930888,14.806255116463312,4.61512051684126
dfs_fdb1ab1fc8c91d4c,5.354508646197779,14.372942248208131,3.4011973816621555
dfs_77f5c8aaaeab0902,5.549659572220925,14.51767198782537,4.532599493153256
dfs_5d277b10b67411dc,5.905716008765504,14.520968153473808,3.6375861597263857
dfs_aeeba16d0b2a0c96,0.0,15.687785699923333,5.159055299214529
dfs_8ead278e5cc6dfc0,4.991656327498453,14.862849552044835,4.795790545596741
dfs_27817d3212836f5d,5.22612294699955,11.968278547132394,2.1972245773362196
dfs_89596153cca15538,4.36665915754276,14.84006861662427,3.2188758248682006
dfs_2c3d484cd6ebb401,5.288973851544884,15.741562109585681,4.499809670330265
dfs_8b0d1e9aee5332a0,4.552612935249416,14.554334967295832,3.6888794541139363
dfs_cbede9dea5393191,5.288973851544884,15.095900644505138,4.634728988229636
dfs_46bb8d4b16175a98,5.952099823585705,14.372305227427276,4.948759890378168
dfs_da23a33180edbf1b,5.0449078880383516,14.0904378833612,2.995732273553991
dfs_bc25e7e7f15bed89,5.726130878319963,15.294059754254938,6.0330862217988015
dfs_87c5cc099e6f091e,5.983003856190115,13.594453578244686,2.639057329615259
dfs_7ad392579b80374a,4.659753063758383,14.759316841014966,3.784189633918261
dfs_baadfe1be49bc6f6,4.865609522045998,14.688904644718123,4.634728988229636
dfs_e73aec3d7c215c50,5.979619672740059,11.401792766717712,0.6931471805599453
dfs_26e79939d5107b5d,5.59053911904185,11.831524640056731,1.791759469228055
dfs_b6d5ecde74c3b4b3,4.697111059686448,15.391881535850143,4.5217885770490405
dfs_17001698a600337f,6.294287663244266,13.539734658234968,2.0794415416798357
dfs_80eb32a774309a68,5.605471129189413,13.159285296507896,2.3978952727983707
dfs_93a6bccbf013eccf,0.0,15.751562127671408,5.111987788356544
dfs_e416a5e3017aeff9,5.712907382433202,12.680311045463885,2.302585092994046
dfs_84adeabb0e066463,3.9504741918023987,14.114600561819554,3.044522437723423
dfs_1d6b544659a7a06d,4.95455864787585,15.001771631545525,5.225746673713202
dfs_6b7854de8d4a46a0,5.427809361780791,14.43199211374838,2.772588722239781
dfs_9334a0ac61960891,5.196893536410073,14.504820385292964,4.343805421853684
dfs_9f6b4900832acf48,5.768914569593983,13.695851638938354,2.5649493574615367
dfs_208d126a3c1a219e,4.844738115716443,13.86760573076138,2.9444389791664403
dfs_b6b365a90566e626,5.433678334478489,15.181996521771339,5.236441962829949
dfs_a69b5d603f90c70c,5.523259299803626,15.109897941811317,4.454347296253507
dfs_c3bdbb3680e88aae,5.600530844845727,13.864773943480154,1.9459101490553132
dfs_3a1c1a742b62824c,5.0362380614757605,13.104319562490462,1.9459101490553132
dfs_792093bfe12ab61a,5.726130878319963,14.230218816239208,2.70805020110221
dfs_0178509cc6e964d0,0.0,15.056350731577687,4.6443908991413725
dfs_2b65a00e69906bdf,4.906089261471868,15.410581761689148,4.1588830833596715
dfs_059321f4dbd3d4ac,5.127766265352998,14.928808811336658,4.983606621708336
dfs_6b60a5dfda148ed7,6.091830108727296,13.824762625286215,2.833213344056216
dfs_7489e2765847bc12,4.896121907307495,12.181052229218032,2.1972245773362196
dfs_1a1c77dd587736a5,5.539182950849863,13.205231014282367,2.70805020110221
dfs_02ec33ede8d56365,5.554895693948484,14.51638728843613,4.477336814478207
dfs_d1bf7b078c0915f8,4.963962885897825,14.921507843623933,5.049856007249537
dfs_f0cc71008cc038d4,4.767969076293182,14.682638776355596,4.204692619390966
dfs_b1496be776e935c8,4.416548827045609,15.574513681586748,4.976733742420574
dfs_87e84c1401a28bb7,5.151324342807377,14.734779650116852,3.9889840465642745
dfs_2e9da23ac14acfbd,4.973279507552487,13.828604457475432,3.367295829986474
dfs_4540547961fa7c80,5.544434981422068,14.757888831501726,2.833213344056216
dfs_62dabf7d2855fb23,5.64417400305089,15.526370480314682,4.465908118654584
dfs_a4e38262c0ca14e6,5.451081371099666,15.281709540301128,4.23410650459726
dfs_b19281d0d97dbcd4,0.0,14.90810443896136,4.1588830833596715
dfs_a0fff05c1d0223ca,4.2961963780686885,14.32144403466903,1.9459101490553132
dfs_32d306931fce77e9,4.906089261471868,15.659947546431793,4.477336814478207
dfs_df6a831e1edde2e1,4.646983688801502,15.037128369479648,3.4339872044851463
dfs_0461cb7a09f4fcee,5.89467827842029,13.965314949205311,2.0794415416798357
dfs_3019da440dfa00c4,5.32227800399288,14.438080219288823,2.0794415416798357
dfs_e92b1f2a03290018,4.865609522045998,15.195686489610315,4.276666119016055
dfs_27e32a61be354666,5.14353315274717,15.575008509236188,4.3694478524670215
dfs_7be47bf7371b0190,5.070475294452272,15.625277907638562,4.976733742420574
dfs_e1687690388be2ad,5.373332070353483,13.330711615872241,2.8903717578961645
dfs_05e14d0bdacde1e3,5.793714582156809,14.757844015006754,2.5649493574615367
dfs_b9d770bca47db9df,4.865609522045998,15.195686489610315,4.189654742026425
dfs_4e42b92b13761711,5.078854533073399,14.727498847593285,5.049856007249537
dfs_4639e33b3546aed8,0.0,15.659714300615976,4.574710978503383
dfs_31f6150f6fced7e5,0.0,14.710732084771163,4.127134385045092
dfs_a3cdfc0d20b8d9fb,0.0,13.824479219018462,2.70805020110221
dfs_a56e2fc18b9bc39e,4.865609522045998,15.195686489610315,3.8918202981106265
dfs_74221a2093f9d06f,5.070475294452272,14.884111648742024,5.017279836814924
dfs_ffefe6cd4175a342,4.982510130370407,14.710739029537596,5.117993812416755
dfs_30b0ccc8c2df9d0e,0.0,14.866347916937988,3.4339872044851463
dfs_7c4c6a747b28e978,6.173327665501776,13.337798898030288,2.3978952727983707
dfs_5a57a49f036da41c,5.433678334478489,15.181996521771339,4.983606621708336
dfs_e115fb5e40708be4,5.151324342807377,14.58748647886827,4.248495242049359
dfs_adf95f40e54f57ee,4.36665915754276,14.805140223500697,3.295836866004329
dfs_86c5d31cf9831dc9,5.159055299214529,14.327596187589377,4.143134726391533
dfs_870e6b8f4822638f,4.672361435528415,15.626087856008137,4.23410650459726
dfs_1ea85acd234d1a7e,5.062025250478552,14.154055644746418,3.7612001156935624
dfs_85488a395f96281e,4.875884110209718,15.313127352140896,4.9344739331306915
dfs_3dbc5cc63740ba78,5.813951411306332,13.262504378362488,2.772588722239781
dfs_8ab0ff0b69720682,0.0,15.107512371316675,4.356708826689592
dfs_32b1b001ca96eac5,5.549659572220925,14.51767198782537,4.532599493153256
dfs_9a23deaad63114e2,5.288973851544884,15.741562109585681,4.499809670330265
dfs_e170236ca685bc24,0.0,14.965010492088863,4.290459441148391
dfs_f9fa68cd71058463,5.354508646197779,15.096189648756901,4.0943445622221
dfs_8468b95ed9198204,4.416548827045609,15.574513681586748,4.68213122712422
dfs_aabf99911726a4bf,4.834057211929367,13.088864503263855,2.4849066497880004
dfs_d2cc6bcdb3eb2aa8,0.0,15.04416348699773,4.189654742026425
dfs_d4e2c1ca36c70423,4.607567310587813,15.394622037603872,4.454347296253507
dfs_0c88888b2060b9d1,5.302458779048587,15.079006295117184,4.02535169073515
dfs_01a3b16adae1c3c0,5.6536113574098374,15.656333487346345,4.787491742782046
dfs_e438ec0659b58775,4.58046757334772,15.318741596680589,4.219507705176107
dfs_6b543db9445d9296,5.496102083395356,14.361021626081785,2.4849066497880004
dfs_23d319816b763f6a,5.295764109760319,13.468091219879083,3.1780538303479458
dfs_78320a8f4c4dce78,5.433678334478489,15.459932336160803,5.963579343618446
dfs_dec38bafd565ff9f,6.1008793330938484,13.270519554619632,2.0794415416798357
dfs_729022a8811ba8ac,6.178898015788112,13.95352227393421,1.791759469228055
dfs_dac4b3ce76b3323a,,,4.962844630259907
dfs_93156cbf0e78f46f,,,4.330733340286331
dfs_317ce0fe7b7815d0,0.0,14.815906013267167,4.219507705176107
dfs_170517f86aef67cc,5.254574443600118,15.32921193971943,3.7376696182833684
dfs_31059fb01484a987,4.9159582471543475,15.462814227551691,4.74493212836325
dfs_d5ab581ddb78f109,5.189450711560923,14.535914378258942,4.5217885770490405
dfs_c9f8d2da2090162a,5.315715143724457,13.918967462904368,3.2188758248682006
dfs_f314fd107340ac49,4.138201945285877,14.714467931387079,4.394449154672439
dfs_048df32835ed2730,4.844738115716443,14.02047628926774,2.772588722239781
dfs_88fb90671f26fae8,,,2.8903717578961645
dfs_1c971fab0c057ed6,,,4.7535901911063645
dfs_358893485986dd30,5.76472077276128,13.535936856973148,3.044522437723423
dfs_92235fdce105a703,5.726130878319963,14.164888443008621,0.6931471805599453
dfs_070ccf45086fd13e,4.4326009206368155,14.645844193263482,4.110873864173311
dfs_e15bb8f95c7b94a4,,,3.7612001156935624
dfs_e0a2fdfc76492dc4,6.061037250459942,13.546847799562993,1.3862943611198906
dfs_7b610871ce7c09cb,5.027492411162679,14.482092999598418,2.639057329615259
dfs_8faaf0ab76f3fcfb,5.211615032708743,14.844108024560343,4.174387269895637
dfs_6f4ccfb3a87cf6e3,0.0,13.419803683051784,2.302585092994046
dfs_7aab1e6eabb5a6a0,0.0,15.085774346966154,4.248495242049359
dfs_cf42e5e7145d7360,5.456815724368715,14.410840368343157,4.04305126783455
dfs_7d0e34335b5cf4b3,5.189450711560923,15.482262016649113,3.4339872044851463
dfs_32ee8e96cc8cbce7,4.896121907307495,15.477193991274346,4.532599493153256
dfs_1f50e36bc0227952,5.103639787544498,15.108941269083685,4.110873864173311
dfs_bff8237d122ca3a6,5.391807709635375,14.576763016216317,3.5263605246161616
dfs_beb75e69e7a63e0b,4.95455864787585,14.401270726464444,4.23410650459726
dfs_cef7e94b0b2c38e7,4.756516938482616,14.327460749167207,4.007333185232471
dfs_076df237776af954,5.585524326151581,14.2216627633004,3.4339872044851463
dfs_6ed1c3b36ed28238,5.254574443600118,15.365006515511837,5.049856007249537
dfs_4caf430d57f2836a,4.4326009206368155,14.743745670855402,2.639057329615259
dfs_258542f50a0dc9c0,4.094511215001422,13.136617305770091,1.3862943611198906
dfs_efbcad571bf5655d,5.7434518051144074,12.967919988075158,2.5649493574615367
dfs_25f8564c60884b48,5.605471129189413,13.159285296507896,2.3978952727983707
dfs_429f259481a4c0de,5.6536113574098374,14.998185770090645,4.060443010546419
dfs_b8fc9538fdfbc660,5.955578268543573,14.275677212431798,3.784189633918261
dfs_83887af8c6f4b464,5.8258821063183035,14.359026580255986,3.1354942159291497
dfs_4af1312873e3d65f,6.048435443367608,13.963733129800776,4.02535169073515
dfs_bfa5c9b131692c44,5.533903190752134,13.659374742391563,3.4339872044851463
dfs_69ed0d4e889d5768,5.240476366858187,14.078859721874425,4.060443010546419
dfs_fdd0d80eb2472419,5.485045865160197,14.150370781704886,3.4339872044851463
dfs_b40510abadc10422,5.204281374621442,12.755023189980424,3.332204510175204
dfs_5c5c236d1c0a8553,5.119788607992779,14.323882975077975,4.9344739331306915
dfs_cadccf3f83fd3d31,0.0,15.354911125067046,4.6913478822291435
dfs_17726443ee2c58cb,5.218895299570546,15.670359999689715,3.9318256327243257
dfs_6055c6ec19230262,5.119788607992779,15.414603949862661,5.424950017481403
dfs_892ef7d812392763,4.22038966907276,15.461778443393092,5.049856007249537
dfs_7cb5659b5a215678,,,4.795790545596741
dfs_54ce1fd5444004cd,5.445313945282377,13.882142511342709,2.639057329615259
dfs_e437803864d27387,0.0,15.24832178698683,4.343805421853684
dfs_890a43b1171c26cb,4.982510130370407,14.710739029537596,5.1647859739235145
dfs_32d1d7ac35653dc6,5.7434518051144074,14.097645020846176,4.3694478524670215
dfs_5b75c69df6d08599,,,3.784189633918261
dfs_12575b659bb893ea,5.070475294452272,15.625277907638562,4.48863636973214
dfs_df15edee711d0e3a,5.127766265352998,15.733102798836168,4.406719247264253
dfs_9a7e0504755ee1a4,0.0,14.75307107562516,4.2626798770413155
dfs_a6ea8c3a031f61b1,5.620147210360944,14.01662115665481,4.04305126783455
dfs_23be329fdb286896,5.181952075416771,14.710090915950374,5.147494476813453
dfs_4dd444c89d42294e,5.952099823585705,14.372305227427276,4.948759890378168
dfs_09d28d0cec63437b,0.0,14.126857642034622,4.1588830833596715
dfs_3307f067ef02591f,5.620147210360944,13.545133879668846,1.3862943611198906
dfs_dcadbbf8f740a476,5.247550249494384,14.183757586309632,3.970291913552122
dfs_c11abb5808c799ee,0.0,13.863603336159484,2.639057329615259
dfs_0cc3bccbabd0a2a4,5.053503194323431,14.343662805080536,2.833213344056216
dfs_ef5b1ff4bc657077,0.0,14.714852873404347,4.290459441148391
dfs_0a36821423d81c47,,,0.0
dfs_3cf2c8d716644710,3.975936331171799,15.676875999583395,5.6937321388027
dfs_10dd0a64ece0db4e,5.240476366858187,14.075804218672157,2.3978952727983707
dfs_083cd29cacbfadd7,4.094511215001422,13.136617305770091,1.791759469228055
dfs_2611ef654155d613,5.354508646197779,14.819243873844949,4.48863636973214
dfs_4c1c1344e4d1cb75,5.391807709635375,13.791733101490772,3.295836866004329
dfs_cb2ebcc59591462c,5.247550249494384,12.665227008751563,2.70805020110221
dfs_cbf566ff84b65560,5.391807709635375,14.576763016216317,3.6375861597263857
dfs_622dfa0666e3cdf6,0.0,14.645690307371963,5.247024072160486
dfs_b7b84d0125c1a3e6,0.0,14.798928956244719,5.220355825078325
dfs_cfccabb7e78c93c0,4.721262904974945,15.304234468654256,4.919980925828125
dfs_d79828ac0218e97f,5.111746795464668,14.531316577080423,4.330733340286331
dfs_2dceff3df419a603,5.7434518051144074,14.009880079022837,2.639057329615259
dfs_b316ff016ccb509c,,,1.6094379124341003
dfs_76149c340431753f,5.6995401553980685,15.67335485218564,4.962844630259907
dfs_497afeecaceb60db,4.697111059686448,15.613764393072106,4.23410650459726
dfs_76e8669e5664565b,5.27535575491069,11.380467781428035,1.3862943611198906
dfs_f42c241cb8261839,5.726130878319963,15.294059754254938,5.958424693029782
dfs_3a5d7b787b2f1c86,4.552612935249416,14.554334967295832,3.6109179126442243
dfs_d12950ceeebbdd04,5.427809361780791,14.786719685599003,3.8712010109078907
dfs_219b1655832e8f5b,5.528595406762846,14.570205228484467,3.7612001156935624
dfs_8a4e7fa5e3c17e06,5.672223005748435,14.786692424230631,2.70805020110221
dfs_9ff14ffc027de13f,4.9159582471543475,14.775220484712069,4.5217885770490405
dfs_984d24e0faa605bd,4.982510130370407,13.16380470010129,2.8903717578961645
dfs_b6968c10c0da811e,5.554895693948484,15.375415100119689,4.465908118654584
dfs_bd0ea331f63925a6,0.0,15.58519907920085,4.919980925828125
dfs_47cce3117ef1a618,5.747735562184664,14.959192447287462,3.4011973816621555
dfs_fe68d1ada39c9408,5.14353315274717,15.575008509236188,4.605170185988092
dfs_79cd96c75f925a4d,4.935480620495495,14.154852957438887,4.51085950651685
dfs_2ef5ecaa1de0b3d9,4.6848128136402885,13.989387391575452,3.258096538021482
dfs_19dc28be3ece1984,5.883545204888487,13.858851616975697,2.5649493574615367
dfs_388bfc59bf74c0db,4.973279507552487,12.516094564988729,2.8903717578961645
dfs_84ec40d5c582711b,4.896121907307495,14.744350616611483,4.1588830833596715
dfs_0caf18f4d630c483,4.697111059686448,15.391881535850143,4.276666119016055
dfs_9afe38f7cb57ef07,4.594109238628667,12.727686862570582,2.3978952727983707
dfs_408b258925d30369,6.501589925759579,13.768345572476273,2.8903717578961645
dfs_fec76f7b69fc6285,4.896121907307495,15.477193991274346,4.382026634673881
dfs_5758affb9e0fe4b6,4.991656327498453,15.241282330056972,4.394449154672439
dfs_5fb8cf774bd1d259,4.991656327498453,14.862849552044835,4.6443908991413725
dfs_53b8b38e36240bbd,6.153562137855051,13.483122569435272,3.044522437723423
dfs_393110fe6566311d,5.233352087695677,14.746488108574175,4.060443010546419
dfs_12fba9086478946c,4.58046757334772,15.125585912572236,4.653960350157523
dfs_f561b46ae3c94619,4.74493212836325,14.030035475323261,4.02535169073515
dfs_8df06aa925f43934,4.767969076293182,14.682638776355596,4.219507705176107
dfs_e36c95a2e5929707,5.288973851544884,14.025807139213741,1.9459101490553132
dfs_487271c4efd84e06,5.89098100852966,13.508315336313485,2.302585092994046
dfs_81cda237030310e8,0.0,15.751562127671408,5.0689042022202315
dfs_48f4b40596464b2e,5.456815724368715,14.974442794589471,4.31748811353631
dfs_967c2003f9bd242d,5.797788774475323,12.688893778486523,2.70805020110221
dfs_e0179df89af7c3ce,5.295764109760319,14.848119430838144,3.5263605246161616
dfs_78bd833789d93793,5.533903190752134,14.19912806925066,2.70805020110221
dfs_09e908c75f978fb1,4.844738115716443,14.456431904193268,5.0369526024136295
dfs_f0597958528adec2,4.973279507552487,14.797323826673713,4.219507705176107
dfs_b624b3aec57ca775,0.0,15.44599013369389,3.6635616461296463
dfs_c51f22d6e918b342,4.697111059686448,13.869167905774214,2.0794415416798357
dfs_c9cb8216f003dd1b,4.58046757334772,15.125585912572236,4.795790545596741
dfs_56ad5ce2fc6265fc,5.3795286219728595,14.594687258650119,2.833213344056216
dfs_e0a0b547eb620a58,5.605471129189413,15.399409304582914,4.574710978503383
dfs_5059f49cc6c13203,5.523259299803626,14.571269091365304,4.304065093204169
dfs_0b81134838eefa8c,5.554895693948484,14.167630443357726,0.0
dfs_286ce115edb50959,5.64417400305089,12.829781319608356,0.0
dfs_1298e6c1b5453b43,4.697111059686448,14.390517576605843,2.9444389791664403
dfs_0972b3cf473031e9,5.739149618493492,12.789318460806243,1.0986122886681096
dfs_fe6a128b7932d5d9,5.59053911904185,13.89438920376522,2.5649493574615367
dfs_ef5a52668266f31e,4.801558999993482,14.760890855792253,3.8501476017100584
dfs_a9353db7b2ad5067,5.704015780771546,14.142156820285436,2.8903717578961645
dfs_4f47f2c781fe2709,6.274272259143502,14.2907094185948,1.791759469228055
dfs_46af17cd54acb342,4.834057211929367,13.088864503263855,2.772588722239781
dfs_3bc02023ad36d744,6.2250731482699555,10.718675359005099,1.0986122886681096
dfs_d79d54662dcd0c37,4.790487251761845,13.284570658344736,2.70805020110221
dfs_8add2e22501e8ce9,0.0,14.43048103877449,2.833213344056216
dfs_264f401163213a04,,,3.2188758248682006
dfs_0a059b19f7a3af92,4.697111059686448,15.613764393072106,4.882801922586371
dfs_239921bf41560b46,5.898361928845658,12.952933563839824,0.6931471805599453
dfs_8d8c56505b494812,6.173327665501776,13.337798898030288,3.4657359027997265
dfs_986ea9d0e1000531,0.0,14.710732084771163,4.0943445622221
dfs_fd718c03d9d7fd1a,5.485045865160197,14.542903114418912,4.820281565605037
dfs_ca77d87407cfdff8,6.142101919635312,13.499422152256711,2.639057329615259
dfs_4ca6e8a487c328b5,5.433678334478489,15.181996521771339,4.663439094112067
dfs_82e66e752e91f891,5.211615032708743,15.736879300854092,4.276666119016055
dfs_6986b148e38e5428,5.615279076064797,11.447437159597042,2.0794415416798357
dfs_ebf0e59136814a8d,,,5.43372200355424
dfs_03b40f8854d18602,6.264121810291653,13.645323479688912,2.8903717578961645
dfs_715c798fcb5b6537,5.32227800399288,14.014516322743667,2.302585092994046
dfs_3e1e0e58a3b9d498,5.600530844845727,14.170394398835136,2.1972245773362196
dfs_d29fa9111f314147,4.8860542039388735,15.476453612344645,5.204006687076795
dfs_29b08c43565ae69f,5.517894565982638,14.37401601542518,1.6094379124341003
dfs_688403df9cc0ecba,0.0,15.491472830950993,4.356708826689592
dfs_23764f4313baecdf,5.570327269605522,14.430861048330653,5.407171771460119
dfs_672a62992be947df,5.3352759075335685,12.139430580160614,0.6931471805599453
dfs_7bc6acda4ba0eb7f,5.817944146267096,13.282962364992612,2.1972245773362196
dfs_b3caa6b7f712b0a6,5.615279076064797,14.62529300463396,4.6443908991413725
dfs_f65f0ab7d94ea66c,5.712907382433202,12.680311045463885,2.8903717578961645
dfs_c05c3c2defca8a6f,5.485045865160197,14.491724680074322,1.791759469228055
dfs_156264d269bdc335,6.20089449533443,14.696300114619333,2.1972245773362196
dfs_a300818b763522e8,5.445313945282377,13.882142511342709,2.5649493574615367
dfs_f1e8cd33c2b3cac1,,,3.58351893845611
dfs_ff530f174352f0c8,5.367096881942863,13.624552211244415,4.07753744390572
dfs_b26a5bc4d80b1626,0.0,13.096255513818543,3.1354942159291497
dfs_caf5653aa66832a4,4.95455864787585,13.935530201658228,2.995732273553991
dfs_0bd602d8157b9c6d,5.268476524537015,13.29644104654239,2.3978952727983707
dfs_39b2d422439a9b88,4.53838915229774,13.175974284052606,2.772588722239781
dfs_69e2179e24c3e832,5.485045865160197,15.232818487882243,4.394449154672439
dfs_0c6dec05d23bd02c,6.42635899924015,13.550564062405911,1.9459101490553132
dfs_2d8253d0a8afcbc3,5.533903190752134,13.659374742391563,3.4011973816621555
dfs_faff757f0bf15bc1,0.0,14.43048103877449,2.639057329615259
dfs_ac77ff58f88fe1dc,0.0,14.402772640852861,2.3978952727983707
dfs_d826c9aad414cfdb,0.0,15.320586345071906,4.189654742026425
dfs_2df031bb54db8e5d,,,3.6888794541139363
dfs_fe1fcd8a169b1a61,0.0,14.102781295829582,1.9459101490553132
dfs_ce21009cc5d4a71f,5.08716414308538,13.258026496285057,2.4849066497880004
dfs_83e0a58349a8455d,5.84935359797542,13.628255250212543,2.9444389791664403
dfs_5fb03400ee9754b1,5.445313945282377,12.682803595525336,3.7612001156935624
dfs_f1013594f49ad29a,5.676822293073418,13.770352091191386,1.6094379124341003
dfs_2a5cffe48242af39,4.963962885897825,14.237976332323877,3.5263605246161616
dfs_479715c79c345474,5.0362380614757605,13.104319562490462,2.0794415416798357
dfs_a6e0b9b2aaa0c2bf,5.159055299214529,13.839169465734157,2.639057329615259
dfs_e3ecb321a111c1d1,5.27535575491069,14.24416210430106,3.367295829986474
dfs_52db3ff399a5ac1b,5.726130878319963,14.164888443008621,2.772588722239781
dfs_5118ee04fa66536a,5.181952075416771,14.520013022562354,4.605170185988092
dfs_0399fe060d189e0c,0.0,14.805136134634772,3.6375861597263857
dfs_ba2d22cde7e763ee,0.0,14.419358109117168,5.43372200355424
dfs_fd69979d22f08039,5.615279076064797,11.447437159597042,1.6094379124341003
dfs_aa64f2fc82ff22c9,5.570327269605522,13.871452231876328,2.3978952727983707
dfs_b612d2f917df8618,5.397891171444129,13.710606604732627,2.4849066497880004
dfs_3d3bf9ca5be525c9,0.0,14.70525729449616,4.543294782270004
dfs_a86f7125c647fca8,4.36665915754276,14.805140223500697,3.6375861597263857
dfs_dd2a9491fc24c44e,0.0,14.798928956244719,5.209486152841421
dfs_07581cc8e6e61a47,6.184437509077075,12.873617362210569,1.0986122886681096
dfs_877f49b65584fc6f,4.4326009206368155,15.535523367508757,4.948759890378168
dfs_a1afca4cef908104,5.84935359797542,14.148251556451928,1.3862943611198906
dfs_e52894fb4431a747,3.9504741918023987,14.114600561819554,3.332204510175204
dfs_212df93a629e1b42,5.445313945282377,15.72167833782745,4.770684624465665
dfs_7d026f95ebcd4d77,4.697111059686448,15.613764393072106,4.624972813284271
dfs_24cc448d83965e1f,5.752001046926676,13.75453262374036,1.3862943611198906
dfs_74672c41bff441ec,0.0,14.419358109117168,5.318119993844216
dfs_2c108161e53e4fbc,0.0,14.127174746761296,4.787491742782046
dfs_13f924fbcc0740f2,6.038896646667843,14.196539520591566,2.772588722239781
dfs_1a8d4d46939c4589,5.211615032708743,13.890680180653296,2.639057329615259
dfs_64af649499065a2e,4.6848128136402885,15.13195042650835,4.804021044733257
dfs_887c56dec10c0106,0.0,14.96458177636787,4.304065093204169
dfs_8ac863336a2d937e,5.752001046926676,14.119773898230132,2.5649493574615367
dfs_3ca3724b3fdb6e60,0.0,14.866347916937988,2.995732273553991
dfs_1315dca537598fea,5.348107031050552,14.112567548226135,3.1780538303479458
dfs_1176fa18237ddbbb,4.991656327498453,14.760742425635168,2.5649493574615367
dfs_393c996287b4b109,4.4326009206368155,13.37789512251229,2.772588722239781
dfs_d79630cd55ffa4b3,5.793714582156809,13.273562276438554,2.8903717578961645
dfs_f59aa843624d1344,5.533903190752134,13.659374742391563,3.367295829986474
dfs_c46f39142074e7d9,0.0,15.751562127671408,4.852030263919617
dfs_c15088fcee686a8f,6.142101919635312,13.499422152256711,2.639057329615259
dfs_924fdce892b11e5f,4.6848128136402885,14.883566039883304,4.31748811353631
dfs_057686788d34a5b8,5.391807709635375,14.862597244561739,5.0369526024136295
dfs_1d3c826b4432591b,5.456815724368715,12.680223911426785,1.3862943611198906
dfs_1abc36e0abfe28c1,5.354508646197779,14.372942248208131,3.4011973816621555
dfs_60c7bea540cb347e,5.295764109760319,13.76247574801842,2.4849066497880004
dfs_14aa5145277e9d36,0.0,15.24832178698683,4.61512051684126
dfs_57d6b9f2d5a9b8dd,4.6848128136402885,13.989387391575452,3.2188758248682006
dfs_1d86b6d42e9495d9,6.41763057174018,12.656877527607417,3.1780538303479458
dfs_dc59953ca9234b69,5.078854533073399,14.727498847593285,5.049856007249537
dfs_fed34f0857c4203d,5.348107031050552,13.467463996525247,3.1354942159291497
dfs_429dc9bb8861f479,4.697111059686448,13.869167905774214,2.1972245773362196
dfs_1395c60e7f19cc42,6.061037250459942,13.546847799562993,1.3862943611198906
dfs_d6271c33596b8a3c,5.111746795464668,14.59139005671965,4.727387818712341
dfs_37eb6ee14e52c20e,5.938063770380866,13.945927229878562,0.6931471805599453
dfs_3f1da4d229ecea85,4.8860542039388735,14.747178846818748,2.639057329615259
dfs_77e5b5b99618ff6f,5.421905740792655,15.105462506711062,2.0794415416798357
dfs_6a925d9ae387419d,5.999779878711696,12.740086335990629,1.3862943611198906
dfs_8f60de2c083f8072,5.0097015249361645,15.045311622471607,4.3694478524670215
dfs_d282dedc90651121,5.367096881942863,13.913089072242537,2.639057329615259
dfs_1d5a68868555b76b,4.552612935249416,14.529624393959052,2.3978952727983707
dfs_555af94df575a073,,,4.90527477843843
dfs_4c8b7d44d527e336,5.934497291466729,12.662661700354048,2.833213344056216
dfs_f1e8e7db7a4bd417,5.658296844495069,14.962600898607809,3.6635616461296463
dfs_6011f2674ca5dc7c,5.421905740792655,15.105462506711062,1.0986122886681096
dfs_5fe4e64250a23a4c,,,3.258096538021482
dfs_318792577b7db1e5,5.570327269605522,14.430861048330653,5.484796933490655
dfs_558905e1fd5fe81e,4.973279507552487,12.516094564988729,2.4849066497880004
dfs_403cda0d9438848d,5.7434518051144074,13.947660997511864,3.4965075614664802
dfs_917322c101a745c4,5.456815724368715,14.974442794589471,4.330733340286331
dfs_711cda7250d6734b,5.517894565982638,14.37401601542518,1.3862943611198906
dfs_cb50450f8fe19879,5.496102083395356,13.126793549683644,1.791759469228055
dfs_30ae86a41cf2330e,,,1.9459101490553132
dfs_01d94561904aea6f,5.4682289032653095,13.375980264103449,5.424950017481403
dfs_b6e253a99b6b8fc6,5.4395130632148145,14.605441831584544,4.1588830833596715
dfs_6e6b02b74da6e666,5.5652098247922615,14.82577603288935,2.833213344056216
dfs_8ef614e79351af0d,5.68140052376307,12.715891762938538,2.833213344056216
dfs_73b7b706374e49e7,5.456815724368715,14.504656745214433,3.4011973816621555
dfs_d46b2838214911ce,5.103639787544498,13.584023546588249,3.1354942159291497
dfs_36334c63915554f2,,,3.1354942159291497
dfs_fa0688ca05f01186,5.3091089276262355,14.660517940064835,3.1354942159291497
dfs_38485f7fc0ca43fc,5.857047047721082,14.508720736539802,4.248495242049359
dfs_46615d57e360745c,5.777249765426953,14.023572958250378,2.639057329615259
dfs_ae4a9cabee986fd6,6.181671598175927,12.411842138186676,1.0986122886681096
dfs_ea05cbe270a708c9,5.560066056973313,14.299748644904456,3.5553480614894135
dfs_b07712d5a06bfe7b,4.973279507552487,13.828604457475432,3.4011973816621555
dfs_67405179f87ce8df,0.0,14.488952866449843,3.5263605246161616
dfs_64c6aa6127fd324f,5.785516059682871,14.304104683112842,3.58351893845611
dfs_06f1135a25474943,5.062025250478552,14.154055644746418,3.4965075614664802
dfs_43aee8eda8bee043,5.560066056973313,14.604297409494913,3.6375861597263857
dfs_dbce3f1b3684e8dd,5.809942670484592,14.299728927382603,2.833213344056216
dfs_cd3751ca8bd03063,5.3352759075335685,14.46304093391903,1.791759469228055
dfs_c68115bee089631b,6.054767930777221,13.514521674643987,1.0986122886681096
dfs_cdfa3f2f131812e3,5.397891171444129,15.076943830507142,4.219507705176107
dfs_49e1ec851ff10de9,5.726130878319963,14.230218816239208,2.70805020110221
dfs_3f57fa40b74b0548,0.0,14.707194203590575,4.718498871295094
dfs_a641b573bf8aada6,5.620147210360944,13.238662646156165,2.5649493574615367
dfs_0f925b1b48b1754b,5.391807709635375,14.760490976644467,4.189654742026425
dfs_889a2fd632746897,6.39772933538671,14.26730120825314,2.772588722239781
dfs_e79423a881fa4cae,6.4371434648294485,11.698350534216814,1.0986122886681096
dfs_b644968ef3d12abd,5.070475294452272,14.16746799193017,0.6931471805599453
dfs_06f68809d618b392,5.752001046926676,13.378347330907532,3.091042453358316
dfs_d55b06264e11fc99,6.006402419472189,13.319008526671352,1.3862943611198906
dfs_1fc41c5ac4edb76a,,,4.927253685157205
dfs_e50a5ef6729769a3,5.523259299803626,14.542056247028231,3.4965075614664802
dfs_d90c3792a5a6e777,,,1.6094379124341003
dfs_5194d4c37cfc5ba8,5.528595406762846,14.570205228484467,3.7376696182833684
dfs_7329c021e5243882,5.295764109760319,14.848119430838144,3.367295829986474
dfs_67f227c84a2bee16,,,3.1354942159291497
dfs_85339d63eb079641,5.512500896490735,15.130823553996471,4.836281906951478
dfs_40ad5c0f4e31e094,5.5754186594556305,13.77506869951648,2.70805020110221
dfs_850d5e3b65874105,4.963962885897825,14.153652114780625,1.0986122886681096
dfs_58e74cab8b014625,5.00071962930888,13.929106171928368,2.5649493574615367
dfs_b2e5e03b5367935a,0.0,15.45676046045999,4.90527477843843
dfs_2061dd14dbe9515b,,,4.174387269895637
dfs_6e4e7b9b3ba92fe3,0.0,13.598320499390411,2.8903717578961645
dfs_b4a32b39167c1e18,5.717323710222868,14.156945460165232,2.1972245773362196
dfs_6b9ca5dbaa55bc5a,4.697111059686448,15.391881535850143,4.454347296253507
dfs_28d056883a5906d2,0.0,14.90810443896136,4.59511985013459
dfs_bd45a8fe491f4d66,5.159055299214529,14.430474010210677,2.8903717578961645
dfs_cfec7977f19005c9,6.271744289793001,12.99286270763395,1.791759469228055
dfs_6f103d85677593e2,6.085751476297188,13.345108449336173,3.258096538021482
dfs_1c2f8aeb4a343b48,5.070475294452272,15.625277907638562,5.017279836814924
dfs_10c2316bb15059d7,4.963962885897825,14.237976332323877,3.5263605246161616
dfs_ad666e9769d7b5a4,0.0,13.419803683051784,2.4849066497880004
dfs_45174d7b80f8516d,4.239886867512759,13.766307708652041,3.258096538021482
dfs_cff905b2218bade8,0.0,14.671652055007694,4.5217885770490405
dfs_82d33ad0b7c72920,4.607567310587813,15.394622037603872,4.5217885770490405
dfs_f83761fab7ed86b9,4.865609522045998,15.195686489610315,4.2626798770413155
dfs_f093e7cee95fe205,4.95455864787585,13.935530201658228,2.833213344056216
dfs_85faafdf68204bcc,5.3352759075335685,14.992767654622353,4.406719247264253
dfs_cda34cabfdf5e0cf,0.0,14.815906013267167,4.343805421853684
dfs_cebf976a5e28fdf2,5.726130878319963,15.294059754254938,5.5093883366279774
dfs_0f2a32971f9f0f2e,5.8798064655651,13.934633140471474,2.302585092994046
dfs_255cd9c5828efe68,4.416548827045609,15.574513681586748,4.68213122712422
dfs_0866f18925978133,5.996427212687727,13.809860627121852,3.2188758248682006
dfs_475460049922dfcc,5.14353315274717,15.575008509236188,4.3694478524670215
dfs_a932de97fd9545fa,0.0,14.745619773298051,4.304065093204169
dfs_ae140e975602a121,,,2.639057329615259
dfs_1b3d4c79841f294f,5.32227800399288,15.343187069951526,4.110873864173311
dfs_808e6c71a28b0c74,0.0,14.351425398589594,2.1972245773362196
dfs_7d4c9d861254fcad,6.468847134753621,12.73068282426678,0.6931471805599453
dfs_6f824bf7720f97dd,5.166783976586187,13.754811058344567,3.295836866004329
dfs_e08c57b7c388beb1,5.240476366858187,14.375043485323998,1.0986122886681096
dfs_c3d84d5820ae8d2a,5.22612294699955,14.685235330290988,4.3694478524670215
dfs_f4e438ee5c963041,5.13568078307048,15.281489562660402,4.219507705176107
dfs_a02e927e80064f05,0.0,14.90810443896136,4.653960350157523
dfs_a0c57c95f93ae3a1,5.288973851544884,15.017589369818289,4.770684624465665
dfs_86dee87fec7413d9,,,3.912023005428146
dfs_3c4627f752d3c76f,6.20089449533443,14.696300114619333,1.6094379124341003
dfs_41b02a8c4c67bcf9,5.348107031050552,13.467463996525247,3.1354942159291497
dfs_58f32983d675b2c7,4.416548827045609,15.728877444274353,4.962844630259907
dfs_2faea1ac1b2bb0ff,0.0,15.625666273841837,3.8712010109078907
dfs_3b213d7c025eb8e4,6.523488882014966,10.609353505503847,0.6931471805599453
dfs_845861d48f085b35,4.659753063758383,14.306096534954982,2.639057329615259
dfs_9cdeb59e0b79ce5b,5.385687012684944,11.443146570362313,1.0986122886681096
dfs_b22b491b4b142e87,5.549659572220925,14.51767198782537,4.454347296253507
dfs_8132d2617b05d952,,,3.5553480614894135
dfs_b82e4f9d551d5f66,0.0,15.751562127671408,5.10594547390058
dfs_d5dfdb75a56ba2dd,5.726130878319963,15.148346123796369,4.770684624465665
dfs_4c503a4371dd6f22,5.920210191821679,13.72319349431535,2.5649493574615367
dfs_b4baeacb9c7674eb,5.4682289032653095,15.397192615869379,3.8712010109078907
dfs_502bcbbd24732143,0.0,15.24832178698683,4.955827057601261
dfs_edc7dbf2ffa58655,5.496102083395356,14.361021626081785,2.8903717578961645
dfs_1c7ed3ee4051e274,4.896121907307495,12.181052229218032,2.3978952727983707
dfs_c9bc110e217ca3b8,5.0362380614757605,13.191818542017344,3.332204510175204
dfs_f60edb852654866f,3.975936331171799,15.676875999583395,5.771441123130016
dfs_f4b7a3b826367881,,,5.805134968916488
dfs_554ef63d0e9bf9d2,4.697111059686448,14.032581307085048,2.995732273553991
dfs_ea9801cff8b1a021,5.549659572220925,14.56897925558552,3.4339872044851463
dfs_3a3dd45227a15002,5.560066056973313,14.529696855953258,3.1780538303479458
dfs_85958aa8dc93e06f,0.0,14.607788791305818,3.295836866004329
dfs_c613a271940f4e1a,5.6995401553980685,15.67335485218564,4.976733742420574
dfs_3cf0f835314088d8,,,2.70805020110221
dfs_889f05b45f7bacbe,,,2.0794415416798357
dfs_9ad3e38a8e2833e7,5.240476366858187,14.667806620786498,4.174387269895637
dfs_db3181e849951e85,0.0,13.812800890128003,2.639057329615259
dfs_0dd0125c28ec5039,5.391807709635375,15.498709953960429,4.948759890378168
dfs_d199ef406ea5651b,5.415967059981408,14.787760740765068,2.639057329615259
dfs_5efcf7ab3d34aa91,5.268476524537015,15.386497620824064,4.820281565605037
dfs_d6bb6b09a8299228,,,2.302585092994046
dfs_397b68ba398050bb,4.906089261471868,15.410581761689148,4.174387269895637
dfs_95f90c19f9d992a0,0.0,15.35300252860252,4.304065093204169
dfs_f877d9030748fb01,5.938063770380866,13.594081785575947,2.4849066497880004
dfs_57db1863e7b66fac,5.22612294699955,15.47623817477948,4.7535901911063645
dfs_e9f11f6c29782a56,4.991656327498453,15.328132457396114,4.890349128221754
dfs_2449b8f64ac7bb34,5.853207721476128,14.05531376338922,3.1354942159291497
dfs_73b8273f192c1112,5.809942670484592,12.847481695935702,1.3862943611198906
dfs_041b09fc3aefae5f,4.963962885897825,15.415485638698183,4.574710978503383
dfs_b99b4f287aba9a39,5.490589254195159,13.55683438412193,1.9459101490553132
dfs_47796f232999477d,5.027492411162679,13.146441166883358,2.5649493574615367
dfs_4faefc10bf926fed,4.991656327498453,14.865915312700986,4.882801922586371
dfs_2c86a605e3bc2a32,5.473866039054562,15.307651666512163,4.90527477843843
dfs_d898cc156be337c5,4.982510130370407,14.710739029537596,5.123963979403259
dfs_f11223fca41a5134,0.0,13.423408268376157,2.833213344056216
dfs_6ae39adb172a1dd4,0.0,15.629652982707178,3.970291913552122
dfs_1eb6ba63285d18f0,0.0,13.278621549195211,3.1780538303479458
dfs_5afd5058ce79cfb3,5.254574443600118,14.677470544959968,4.127134385045092
dfs_4c67406d30c1c4dd,4.779291546216706,14.270908669016286,2.4849066497880004
dfs_70c761ae7f9fcc0c,4.844738115716443,14.368241557181411,2.833213344056216
dfs_67154071dee3999e,5.295764109760319,15.078796536299478,4.418840607796598
dfs_124185a694d41bc4,,,3.4339872044851463
dfs_7b7ab786cd8f3518,5.84935359797542,13.9935429293398,2.833213344056216
dfs_27fac05193fecd12,5.3352759075335685,14.46304093391903,1.9459101490553132
dfs_b94b2f755443e063,5.517894565982638,12.717185228119543,1.6094379124341003
dfs_f0dc8cf416c0235a,5.288973851544884,15.017589369818289,4.248495242049359
dfs_a82d9aaf3a1114c7,0.0,14.71432099583759,3.7612001156935624
dfs_58b111252789d935,0.0,15.23726399884966,4.465908118654584
dfs_393268733df29bc6,4.416548827045609,15.574513681586748,4.454347296253507
dfs_6ae8c231b59be4f1,6.413245819701083,14.15176205593879,2.302585092994046
dfs_9760530abe029c6b,5.68140052376307,12.715891762938538,2.772588722239781
dfs_67cd734430bb6c32,5.189450711560923,14.51832139462674,3.8918202981106265
dfs_00910f80c8d58196,4.945065129886807,14.196985523358986,2.639057329615259
dfs_6b9cce30f83bb65c,5.533903190752134,14.98620658092215,4.276666119016055
dfs_9e637b875ba9c4c8,4.855228269843183,14.74741003706158,4.31748811353631
dfs_d80ad1ece31f6a06,5.00071962930888,13.929106171928368,2.639057329615259
dfs_3ae07c7d4cc651e7,4.875884110209718,14.695984249612932,4.1588830833596715
dfs_51989bb72b65fbb0,5.3352759075335685,14.46304093391903,2.0794415416798357
dfs_59d5e7cc24141950,5.809942670484592,13.71228886450579,1.6094379124341003
dfs_a6fdf50e3bed6643,5.295764109760319,14.991280473382565,3.8918202981106265
dfs_d08083aafd66b636,4.896121907307495,15.477193991274346,4.430816798843313
dfs_b01349e23d4498c4,4.721262904974945,14.430058155711576,3.8501476017100584
dfs_6f1bdb3d3780bb4c,5.166783976586187,15.08789966759482,4.543294782270004
dfs_9254ddced0981256,,,0.0
dfs_7235e7dc7cd2dba8,,,0.6931471805599453
dfs_021746bc50cd6e0d,5.938063770380866,14.165064709128615,1.0986122886681096
dfs_b7a6d2ded0d4eb37,5.174396784628558,15.273087367488351,4.983606621708336
dfs_fe5366c0720ff214,5.634611015794902,13.698157304938103,1.6094379124341003
dfs_8989470f61b70380,4.855228269843183,14.956293691045468,3.2188758248682006
dfs_b9ae15fbf2156885,,,4.248495242049359
dfs_81fdbb81dfd07d6e,4.9159582471543475,14.493027215883185,1.6094379124341003
dfs_c332f608a853d5c4,5.40393784841172,15.146702008895451,4.955827057601261
dfs_8c00a90f1aeefcd7,5.517894565982638,14.35916768110413,2.70805020110221
dfs_d1a82630472ac27f,5.615279076064797,14.064189293634819,2.1972245773362196
dfs_c86fc1e460b95bd1,5.717323710222868,14.156945460165232,1.9459101490553132
dfs_b46a5470f8426637,5.247550249494384,15.508442752989511,4.762173934797756
dfs_f9e4c7a8fe61bffa,0.0,14.419358109117168,5.3471075307174685
dfs_23ee2a54d16dfba7,5.151324342807377,14.734779650116852,4.1588830833596715
dfs_d0597e3c12f0135a,5.078854533073399,14.355464600107823,2.1972245773362196
dfs_3771a8f6eb8c16b6,4.767969076293182,13.681170838731807,3.367295829986474
dfs_65fb5a92946f4fd1,5.721720619787214,15.390943809958891,5.0238805208462765
dfs_496b3e3fc825ec4c,4.9159582471543475,14.647980888992114,2.5649493574615367
dfs_a35d1209a1095925,5.295764109760319,13.76247574801842,2.3978952727983707
dfs_fe5750be96992a3c,5.32227800399288,15.57230014643561,4.882801922586371
dfs_12f1558ce9c894e1,5.712907382433202,15.585095819922161,4.919980925828125
dfs_5a01804c0377f14e,0.0,13.911536844939008,1.9459101490553132
dfs_2b2f82c965106c6b,6.181671598175927,12.411842138186676,0.0
dfs_db7547dc0e08880c,5.605471129189413,13.982009257660527,2.772588722239781
dfs_855768e6b9907911,5.302458779048587,13.444694671956587,3.295836866004329
dfs_97856326cabffcbe,5.821921002673243,13.25524781079585,1.3862943611198906
dfs_1a3efd2b982d9d8e,5.247550249494384,14.774787596544455,4.0943445622221
dfs_3cdd341223947b82,,,4.553876891600541
dfs_68b34cac845297c5,5.902032059776429,15.001442398353525,3.367295829986474
dfs_cc50a847b69bbc2a,5.302458779048587,14.691881388309914,3.2188758248682006
dfs_bfaf254b4dfda64b,4.973279507552487,15.034478570087701,4.465908118654584
dfs_1ba5b7fe98c65855,5.485045865160197,14.960943771534996,3.332204510175204
dfs_615f7908209bbef1,5.288973851544884,14.820281287876043,5.337538079701318
dfs_feaf8a5b5763c17e,5.445313945282377,15.72167833782745,4.795790545596741
dfs_429791480706d3ae,4.95455864787585,14.61220841741506,4.59511985013459
dfs_dcfde44ba5213b6f,5.554895693948484,14.167630443357726,1.0986122886681096
dfs_343dadf480b5ac81,5.218895299570546,15.670359999689715,4.31748811353631
dfs_109f57a93206f65e,5.421905740792655,13.753872360153194,2.639057329615259
dfs_1feb0378de0737ce,5.4395130632148145,14.672347207673074,5.093750200806762
dfs_5bd6df91df241d3f,4.607567310587813,15.394622037603872,4.454347296253507
dfs_978007a12d677216,5.523259299803626,15.109897941811317,4.465908118654584
dfs_65f911e18a0f5326,4.9159582471543475,15.462814227551691,4.68213122712422
dfs_7099db5f966f0785,4.672361435528415,14.51300925691991,4.454347296253507
dfs_944dcca92e268316,4.672361435528415,14.314365821991847,3.9889840465642745
dfs_cc30cb13224a6789,5.159055299214529,14.845578445995917,4.997212273764115
dfs_261431367e9779e5,5.288973851544884,15.741562109585681,4.330733340286331
dfs_e79332b7516e918c,5.726130878319963,15.294059754254938,6.008813185442595
dfs_f4994643871491c0,6.4371434648294485,11.698350534216814,1.6094379124341003
dfs_8b9ac85060cddebd,6.051594929161006,13.336332169032286,2.772588722239781
dfs_4096e20a62dcc730,5.4395130632148145,13.996935045845534,3.1780538303479458
dfs_6fe6e6c486e6ab0b,5.539182950849863,14.932005658405275,2.8903717578961645
dfs_f4e21be342f000b0,4.659753063758383,13.304339874672092,3.332204510175204
dfs_b14b14b5a2ea9a33,5.151324342807377,14.427909073388008,2.9444389791664403
dfs_15498b0de2d90949,0.0,15.730544623257867,4.406719247264253
dfs_b914d960fbe1c23e,4.74493212836325,14.0012271783355,1.791759469228055
dfs_f156cf05bf939ede,4.607567310587813,15.394622037603872,4.465908118654584
dfs_ae2708fdcbc4ec5a,,,1.9459101490553132
dfs_dec0193c919095a3,6.198173791958767,14.57282994257588,4.04305126783455
dfs_7353cfd8ba925806,5.89098100852966,13.508315336313485,2.70805020110221
dfs_ca56fe706b1a0ca8,0.0,13.994592706870844,4.02535169073515
dfs_20f494b0fb274d5c,5.554895693948484,14.167630443357726,0.6931471805599453
dfs_e1fc8334da2c4a6f,5.68140052376307,12.715891762938538,2.833213344056216
dfs_6a28d3223d94e309,5.490589254195159,14.656151021264478,4.110873864173311
dfs_e54a038be84d31a9,4.646983688801502,13.509147069424046,3.1354942159291497
dfs_62906e4a802340fe,4.672361435528415,14.733248242497341,4.330733340286331
dfs_0fb6298a4fa6aed1,4.74493212836325,14.0012271783355,2.4849066497880004
dfs_49cd43a6b5047356,5.501584687857454,15.17873483947495,4.110873864173311
dfs_56bdfdca592cb396,0.0,15.02082246529144,4.3694478524670215
dfs_0aebae736da60d41,4.906089261471868,14.436185427946466,2.9444389791664403
dfs_6e7ff0594aaa7159,5.570327269605522,14.430861048330653,5.484796933490655
dfs_f826f38955f408db,4.200354866721424,13.214442889672158,1.9459101490553132
dfs_d4ac4d9c72e841e7,4.509319860331257,15.236552179713863,4.276666119016055
dfs_ff92a93ac18f57d1,0.0,15.588700169723086,3.784189633918261
dfs_c33af7ea39bba40f,4.672361435528415,15.132299952213037,4.77912349311153
dfs_3b468b2a7b1bbdfb,5.151324342807377,13.880133763016062,2.8903717578961645
dfs_1ca34b9fbebdf563,4.659753063758383,13.810452788987345,2.70805020110221
dfs_286f1b251b49c2cb,5.070475294452272,14.714289652220154,3.7376696182833684
dfs_5d78dee98a3a1713,5.095466518501589,13.578318790924005,3.4011973816621555
dfs_726f0ae426c65555,0.0,14.713309770664239,3.4339872044851463
dfs_192f0c2a91d331a4,5.247550249494384,15.487879137130543,4.859812404361672
dfs_7717865521cf4006,5.898361928845658,12.952933563839824,0.6931471805599453
dfs_68ce708ed7ef6ef2,5.174396784628558,15.636102675880549,3.6888794541139363
dfs_c08037849376c64f,,,4.605170185988092
dfs_749fa7d22e7740c1,5.078854533073399,15.047578569727373,4.07753744390572
dfs_b69461eb69077786,5.103639787544498,14.169665529437795,4.110873864173311
dfs_1812f347eaa3c731,5.523259299803626,15.095893696259424,4.04305126783455
dfs_79721f55efe653ec,0.0,15.476395292999866,5.655991810819852
dfs_de89ef90ba2403e6,4.790487251761845,14.738650977076436,4.219507705176107
dfs_99ea16db4ec9ed64,5.32227800399288,15.57230014643561,5.056245805348308
dfs_679cfab706e12cae,5.427809361780791,14.43199211374838,2.70805020110221
dfs_a510f5123fa866d8,5.549659572220925,14.51767198782537,4.68213122712422
dfs_3be466ce92b742fc,5.605471129189413,14.268731009285021,2.5649493574615367
dfs_4f4f9e65d6533d7c,4.991656327498453,13.823886382606101,1.791759469228055
dfs_b593ef73bf317978,4.991656327498453,14.862849552044835,4.663439094112067
dfs_b9fc9186c66130b1,4.697111059686448,15.613764393072106,4.897839799950911
dfs_693931df6aa41535,3.8124236402053913,14.545820084692938,3.6375861597263857
dfs_a50c29ac7fedd5d1,5.4682289032653095,13.528273719714367,1.6094379124341003
dfs_d92ad0ed98d3d363,5.610387127056648,12.72220814691104,2.302585092994046
dfs_e6dbffc1a1e91e4c,5.456815724368715,12.680223911426785,1.6094379124341003
dfs_d7ae859430d84fd6,0.0,15.491472830950993,4.406719247264253
dfs_67d95026038f8356,5.211615032708743,13.622155151522616,2.4849066497880004
dfs_07ab1a453ad10ce0,4.721262904974945,15.304234468654256,4.9344739331306915
dfs_53ef094ad83da669,5.969397858758734,13.42984807715229,2.70805020110221
dfs_1471b190d8c3a984,5.433678334478489,15.181996521771339,4.948759890378168
dfs_8b17009387db97f9,6.142101919635312,13.499422152256711,2.70805020110221
dfs_38e48bb2f2aa3ad9,5.261549642355822,13.476157575977668,3.1354942159291497
dfs_695b8a85cec83b15,5.6489038131462115,14.860865167964425,3.5553480614894135
dfs_ef2282b367b159a8,4.973279507552487,13.828604457475432,3.367295829986474
dfs_dbcfa868a9731c1a,5.528595406762846,14.570205228484467,3.5263605246161616
dfs_222f3c37318fe37c,5.174396784628558,15.591078820858131,5.91350300563827
dfs_1d546262b6e0385f,0.0,14.485783608990827,3.5553480614894135
dfs_00a8e7a60d12f0dc,5.872286789278651,14.004159554224843,2.70805020110221
dfs_4ab560e73e25f82c,0.0,14.798928956244719,4.8283137373023015
dfs_f6bd49e694e03d8c,6.230363330366698,11.98487719543398,0.0
dfs_a210d91cc3223dd4,6.061037250459942,13.546847799562993,1.3862943611198906
dfs_a33c3aeecfc143b8,5.295764109760319,14.403275000397255,4.060443010546419
dfs_55532cab6bb3fe90,6.20089449533443,14.696300114619333,2.0794415416798357
dfs_ff0d30c8ca9a5cd5,4.906089261471868,15.659947546431793,4.454347296253507
dfs_0ffbb8288669c595,5.979619672740059,11.401792766717712,1.0986122886681096
dfs_beb86af1075ace47,5.634611015794902,13.526295310800567,1.9459101490553132
dfs_0e138186757ef13a,5.496102083395356,14.361021626081785,3.1780538303479458
dfs_277709abff50a451,5.517894565982638,14.408428479865234,4.330733340286331
dfs_23145da140d38664,5.517894565982638,13.215339927320374,2.5649493574615367
dfs_8b1a80deb25c2f74,4.552612935249416,15.079205836117021,4.584967478670572
dfs_a7fb9524948e704e,0.0,14.288433671365796,3.4657359027997265
dfs_f381f815eaec047a,5.473866039054562,15.163882882285579,4.61512051684126
dfs_923e9ad8e9b4c9d5,5.690528358977785,13.304249839558336,3.2188758248682006
dfs_2e7b403d8b28c41f,4.594109238628667,14.90942281878533,3.1354942159291497
dfs_2430d57dfc070029,5.181952075416771,15.034489209291038,4.143134726391533
dfs_c3d1c6130f61514e,0.0,15.09468480067748,4.31748811353631
dfs_92268ec0db546f1e,5.615279076064797,14.064189293634819,2.0794415416798357
dfs_1bcad76437990086,0.0,14.96270092482111,3.4965075614664802
dfs_edbd7d3697437696,5.872286789278651,14.254186690500159,2.0794415416798357
dfs_6de2479e69da04ed,4.277776613300082,15.198496702966585,5.049856007249537
dfs_e26f4ff49bb26185,6.032486521630903,14.101336659166444,2.8903717578961645
dfs_3ff9902607a8ea04,0.0,12.934890977766399,3.091042453358316
dfs_ffc7cb9f0b188970,5.341712048867226,13.937276761376014,3.044522437723423
dfs_c2af28f08dd70b73,5.5652098247922615,12.494734238095456,3.2188758248682006
dfs_a61cae48ae9e58b3,0.0,15.118728969948135,4.0943445622221
dfs_9d9dcb84c0e7a438,0.0,13.278621549195211,3.1780538303479458
dfs_ff85c44e210ee411,4.812509505757334,15.182683005050134,5.003946305945459
dfs_0fd0d5add40994d8,5.4395130632148145,14.96190234151747,3.4657359027997265
dfs_8464d77fb30ea29e,0.0,14.078967302381248,2.639057329615259
dfs_8bff338abfa61ba7,5.3091089276262355,15.620852861420216,4.48863636973214
dfs_a7618cc0cabccc57,,,1.791759469228055
dfs_0a6fb5038078ca04,5.254574443600118,15.676174783686157,4.584967478670572
dfs_115b7997aa18c8af,4.672361435528415,14.733248242497341,4.418840607796598
dfs_b83bb7ab69289bb1,,,2.639057329615259
dfs_7f9812bcae9091ae,5.837701292221988,13.732086556822338,4.605170185988092
dfs_e89072881da47a71,6.189966984505741,12.138516241829183,0.0
dfs_f7b98c112a47b06d,0.0,15.107512371316675,4.442651256490317
dfs_d4b7d52b6eccaec9,5.7434518051144074,12.967919988075158,2.5649493574615367
dfs_704fcf4f09f87db7,5.479471575589985,15.05747485872762,4.727387818712341
dfs_fe86ac2d5a2738c4,4.963962885897825,14.237976332323877,3.5263605246161616
dfs_de049f84f27ac695,5.517894565982638,14.37401601542518,1.6094379124341003
dfs_d9b0457bfebc3f97,5.462559809942086,14.860668974262246,4.6443908991413725
dfs_198f3d55d1eb3167,5.189450711560923,14.787711191277696,3.5553480614894135
dfs_2df5d4490ab7e9df,6.882078432192154,12.548789628784387,0.6931471805599453
dfs_21d45e40a57ae567,5.174396784628558,15.591078820858131,5.717027701406222
dfs_123beee94c759e19,5.427809361780791,14.762352997044907,4.2626798770413155
dfs_528829b43ca74740,0.0,15.078530458113619,4.499809670330265
dfs_a26ff1d041e0f5d3,5.934497291466729,12.662661700354048,2.833213344056216
dfs_411a5c6d6cddbff8,5.805917794958333,15.192981103474368,4.787491742782046
dfs_2911f19b6d1e21dc,5.999779878711696,12.740086335990629,1.791759469228055
dfs_d5469eb737cd73a8,6.127567630100322,12.584803558435702,0.0
dfs_110d7e1223154c5e,5.6995401553980685,15.67335485218564,4.820281565605037
dfs_8733828898e85b93,6.085751476297188,13.932640936241713,2.302585092994046
dfs_b42de37cc9e05243,0.0,14.607788791305818,3.295836866004329
dfs_d19893153db0ca16,5.127766265352998,14.683260834489154,4.276666119016055
dfs_75b69075a435aaec,5.433678334478489,15.181996521771339,5.14166355650266
dfs_8a9178ad87f54a3f,5.549659572220925,14.51767198782537,4.430816798843313
dfs_a4d5d50d1e180aae,5.421905740792655,15.357137828374125,4.356708826689592
dfs_1c74315d216fcfb6,4.697111059686448,15.391881535850143,4.700480365792417
dfs_c26efaf46c3a4697,5.580484258311707,14.757996382895614,2.8903717578961645
dfs_3ce56a2bd3a2d0a4,5.6536113574098374,15.656333487346345,5.093750200806762
dfs_a06b649fea2ecc08,5.174396784628558,13.407366364309135,2.833213344056216
dfs_af0a17cfbbb1e1d7,4.8860542039388735,15.665956301037303,5.043425116919247
dfs_0baccfae53d506a5,5.5652098247922615,15.06686195923866,4.204692619390966
dfs_394e16fad466c195,5.204281374621442,14.873499443502665,4.31748811353631
dfs_befc7db42cbba3e5,5.174396784628558,15.273087367488351,4.543294782270004
dfs_01ef0e708e5da6f2,5.261549642355822,15.442861273886221,4.990432586778736
dfs_a1db363f6022948e,4.607567310587813,15.394622037603872,4.442651256490317
dfs_49a8951b68def988,3.975936331171799,15.676875999583395,5.697093486505405
dfs_af7c22fdc71596e1,5.433678334478489,15.459932336160803,6.052089168924417
dfs_302900efcb2b2c18,4.448399410038142,14.731476036949443,3.332204510175204
dfs_c2dd892d8207730f,5.512500896490735,15.130823553996471,4.859812404361672
dfs_1a309fbe9a5fdd02,4.865609522045998,15.195686489610315,4.304065093204169
dfs_9327b0d52838d8e7,4.6340491455384685,15.48690058717394,4.969813299576001
dfs_cf25f2a449362395,0.0,15.248039200719168,4.465908118654584
dfs_bef226352d3cf75e,5.773090851921525,14.810073323100575,4.430816798843313
dfs_3c40f1aa9d241ed9,4.607567310587813,15.394622037603872,4.454347296253507
dfs_c3d82528191137c1,5.233352087695677,15.177536304094106,4.465908118654584
dfs_4b82487f7c705fee,5.189450711560923,15.482262016649113,3.6635616461296463
dfs_b12bcee59d956caf,5.433678334478489,14.971614408676011,3.6109179126442243
dfs_48374abb9dcd4f9a,5.528595406762846,14.570205228484467,3.784189633918261
dfs_c586d8cb24f153ad,5.639386165628231,12.738223266610605,3.044522437723423
dfs_9578086b8a386644,5.421905740792655,15.105462506711062,1.9459101490553132
dfs_daa2ef403cadbd78,5.580484258311707,14.554071733652956,5.209486152841421
dfs_cdb70df74dbf3fe4,4.906089261471868,15.659947546431793,4.867534450455582
dfs_687dc63396c36978,6.274272259143502,13.723390883081938,2.302585092994046
dfs_4b3e56d6ffc68e83,5.421905740792655,15.105462506711062,1.0986122886681096
dfs_eec617b030204211,5.533903190752134,14.19912806925066,2.70805020110221
dfs_8eba9ad74c3ad2ef,5.254574443600118,15.365006515511837,4.997212273764115
dfs_e0ba8638f39f3277,5.341712048867226,13.937276761376014,2.995732273553991
dfs_da44c16c38071b80,4.721262904974945,15.304234468654256,4.948759890378168
dfs_f8dfbeb8b9f1cf29,6.676579555970663,13.143809751048185,2.302585092994046
dfs_c91928fddf686d04,5.0362380614757605,15.75625998479935,3.713572066704308
dfs_780faa0e900efd0f,5.391807709635375,15.498709953960429,4.976733742420574
dfs_994e40479d0c4f0f,5.0362380614757605,15.75625998479935,3.6635616461296463
dfs_b488acc7add61614,4.925730787005811,14.298526656610981,2.3978952727983707
dfs_b587daa490159ec6,0.0,15.107512371316675,4.31748811353631
dfs_54af7258b67763e7,,,4.330733340286331
dfs_14e1b1eab0384fd5,5.174396784628558,14.051472402800218,2.639057329615259
dfs_cc4f6b0388548e95,4.9159582471543475,14.775220484712069,4.330733340286331
dfs_fc8128e0edf09fc2,5.496102083395356,13.126793549683644,1.791759469228055
dfs_744419513c8adee5,0.0,15.354911125067046,4.68213122712422
dfs_1f0adca02c75a757,4.552612935249416,14.554334967295832,3.58351893845611
dfs_e23c85436ab99131,0.0,15.113361062039258,5.147494476813453
dfs_496b8e8159ff9b31,0.0,14.96458177636787,4.304065093204169
dfs_ef246f8646ab7926,5.517894565982638,14.37401601542518,1.3862943611198906
dfs_16d62a025094404c,5.479471575589985,15.05747485872762,4.700480365792417
dfs_c53fe394bc0589ab,4.991656327498453,13.823886382606101,2.4849066497880004
dfs_21bd75fcc5008952,5.872286789278651,14.254186690500159,2.0794415416798357
dfs_35cf6c7b9902360a,5.341712048867226,13.937276761376014,2.995732273553991
dfs_60aaf712c80b13d7,,,5.087596335232384
dfs_5013e4789ef30039,5.391807709635375,13.524626029787362,2.4849066497880004
dfs_bcb5d53c6384dd3b,5.427809361780791,13.40154240118465,3.4011973816621555
dfs_cad4c40e18a87a9a,5.174396784628558,15.273087367488351,4.983606621708336
dfs_73ef9bcb88401e09,0.0,13.423408268376157,2.9444389791664403
dfs_bc1c0e9c2a7c6fe5,4.945065129886807,14.593462933683396,4.795790545596741
dfs_6d15d146116cc19c,0.0,15.58519907920085,5.780743515792329
dfs_f906e8b5a44736e3,5.726130878319963,14.230218816239208,2.833213344056216
dfs_bd32349c4f0cf337,5.070475294452272,15.625277907638562,4.976733742420574
dfs_032144fd4cbd5b99,5.151324342807377,14.609253922757782,4.0943445622221
dfs_1181512c10fe107d,5.560066056973313,14.055026546468044,3.8066624897703196
dfs_a7859007bd4311ed,5.676822293073418,13.633626505451362,2.70805020110221
dfs_02b883aaaffb5ed0,3.9504741918023987,13.828345832274222,2.9444389791664403
dfs_2676a77d5fbd064e,5.64417400305089,15.526370480314682,4.5217885770490405
dfs_be61cd582eb81844,5.027492411162679,13.146441166883358,2.8903717578961645
dfs_cc412a6322080272,4.620846665373099,14.679664692602543,4.276666119016055
dfs_974808c9a341bec7,0.0,14.00529916680546,3.7612001156935624
dfs_d309bf3597fd6b4e,4.9159582471543475,15.462814227551691,4.605170185988092
dfs_de3380b0416edce8,4.767969076293182,14.682638776355596,4.143134726391533
dfs_e0be57b761c2ae35,5.726130878319963,15.294059754254938,5.135798437050262
dfs_d35d481f02f2d45f,5.549659572220925,14.56897925558552,3.4339872044851463
dfs_dca6e8f73cc9876e,5.3352759075335685,14.769254672952831,4.0943445622221
dfs_8b426e1ef6f36c5d,5.523259299803626,14.542056247028231,3.713572066704308
dfs_a9d36e3d1de16a41,5.726130878319963,15.294059754254938,5.846438775057724
dfs_e9d99d493df817a9,0.0,15.248413180825255,4.59511985013459
dfs_7b1335b80bfb9f5e,5.938063770380866,14.345213675339858,2.0794415416798357
dfs_7a0b3bd2ed88c574,4.844738115716443,13.86760573076138,2.833213344056216
dfs_fea9d2a2e7f882bb,5.0362380614757605,15.75625998479935,3.7612001156935624
dfs_613eb73b663f6327,5.421905740792655,14.403152212352877,3.970291913552122
dfs_78502a64c5fce5e2,4.697111059686448,15.391881535850143,4.418840607796598
dfs_1aaa554e5b7e6189,0.0,15.056350731577687,4.553876891600541
dfs_6f089fb1540d0cd3,4.779291546216706,14.705086403830853,4.51085950651685
dfs_c5a4e8e0d41bf55e,5.6536113574098374,14.508676238353097,4.382026634673881
dfs_81beac877ea9c6de,0.0,13.501376359218696,3.1354942159291497
dfs_85d4ee3e5945d3f1,4.7331235502985525,13.560429903491631,3.091042453358316
dfs_b1cb50bd977290e9,0.0,14.43048103877449,2.639057329615259
dfs_8fce031355724715,6.299224944142071,14.267121066093118,2.772588722239781
dfs_787b57b9baf958d7,5.070475294452272,14.16746799193017,0.6931471805599453
dfs_30b17703be84ae8c,0.0,14.607788791305818,3.367295829986474
dfs_0eea5e02f218d9ee,5.528595406762846,14.570205228484467,3.784189633918261
dfs_8567a0ddfc9defaf,5.6536113574098374,14.072746309446254,3.5553480614894135
dfs_bd013114a48bc390,4.875884110209718,13.352646183484106,3.332204510175204
dfs_3c8c238807eb3e79,4.767969076293182,14.682638776355596,4.143134726391533
dfs_fed231e8b3e70a4b,5.070475294452272,14.438886885916991,3.6375861597263857
dfs_df659158e75d43ec,4.697111059686448,15.391881535850143,4.477336814478207
dfs_8827269e742acf97,5.373332070353483,14.057504911183543,2.995732273553991
dfs_0bd52dbca9555bf0,0.0,15.751562127671408,4.770684624465665
dfs_5656f48718313dd6,5.445313945282377,13.882142511342709,2.5649493574615367
dfs_2973f1442df625ad,5.560066056973313,14.552891825231468,3.2188758248682006
dfs_7679fd47d1f6e145,6.139216225497416,14.374004002021653,0.0
dfs_1558c6ab4ac65d34,5.934497291466729,12.662661700354048,2.9444389791664403
dfs_a7684e513fcad706,5.462559809942086,14.375057200652076,1.791759469228055
dfs_0d33e965fa6fcc6e,4.607567310587813,15.394622037603872,4.418840607796598
dfs_385c6903f9b7baff,5.127766265352998,14.080097734546303,2.70805020110221
dfs_4d06ccbe1f5b3b6c,5.282187984618153,14.4674596316159,3.912023005428146
dfs_8b27a27d41b40e35,4.963962885897825,14.237976332323877,3.5263605246161616
dfs_8cd548f88bf221e9,5.282187984618153,14.048455518152235,3.828641396489095
dfs_0a894f689db4731d,4.767969076293182,14.682638776355596,4.02535169073515
dfs_365bd0319c833ac7,5.367096881942863,13.913089072242537,2.3978952727983707
dfs_a34efb8130f6bbe3,5.367096881942863,13.21457786139214,3.4011973816621555
dfs_14ceba2e31f737d2,,,0.0
dfs_2ee8b98c2bf35f85,5.676822293073418,13.633626505451362,2.70805020110221
dfs_df20bfec9bff564d,5.288973851544884,15.017589369818289,4.007333185232471
dfs_e65e50cf7bf0cd4b,5.409992900438626,13.479492218316242,2.8903717578961645
dfs_1644c7a721836a57,5.923801148622886,14.677476457611522,4.787491742782046
dfs_b372617f65272b2c,5.391807709635375,15.498709953960429,4.882801922586371
dfs_6cf6cb26d068a67e,5.549659572220925,14.51767198782537,4.499809670330265
dfs_bae7b0f979a062b2,4.95455864787585,15.41006871386541,5.0238805208462765
dfs_7efab100396aca18,0.0,14.710732084771163,4.07753744390572
dfs_a991de4ccb0e350a,5.14353315274717,15.575008509236188,4.605170185988092
dfs_a3433c13ff4da00e,5.027492411162679,13.146441166883358,2.9444389791664403
dfs_43b6b12548937c9d,5.8798064655651,14.90375832001199,2.3978952727983707
dfs_5a9cd832ca5a6a31,5.76472077276128,13.40104607669931,3.295836866004329
dfs_62741226c82c6197,0.0,15.58519907920085,4.919980925828125
dfs_98b5a7c93a0a3211,5.070475294452272,15.625277907638562,4.976733742420574
dfs_02e99c2991c5b46b,0.0,14.39692697585855,4.343805421853684
dfs_8f2d346af3cce176,5.549659572220925,14.51767198782537,4.532599493153256
dfs_53cd4603cbe2de19,4.672361435528415,14.733248242497341,4.219507705176107
dfs_c7dec4f327b134e2,5.89098100852966,13.508315336313485,2.302585092994046
dfs_9163676e67993010,5.070475294452272,15.625277907638562,4.962844630259907
dfs_5f8de45372c09237,5.218895299570546,14.612986221819801,3.4965075614664802
dfs_92845718720bebdd,0.0,14.329230788311511,4.727387818712341
dfs_8b5d1e3775c4c06d,5.0449078880383516,14.0904378833612,3.258096538021482
dfs_0f02f43245931eeb,0.0,14.599603407693456,3.970291913552122
dfs_4592b51f9c099af3,5.189450711560923,13.522643064424582,3.332204510175204
dfs_7a54b71779647472,5.070475294452272,15.625277907638562,4.276666119016055
dfs_05cd3bd5dd8b5e28,5.233352087695677,15.177536304094106,4.418840607796598
dfs_45fbe1652b21e7f1,4.6848128136402885,14.772232808132765,5.327876168789581
dfs_c4e8a290cee30bce,4.973279507552487,14.237417095310496,2.0794415416798357
dfs_6fcd1efaf4f5be4f,,,2.995732273553991
dfs_4d8c637de1d95974,5.544434981422068,13.639878973320632,5.44673737166631
dfs_b029d60db69139b6,5.580484258311707,14.554071733652956,5.247024072160486
dfs_3973f684b8231845,0.0,15.687785699923333,5.1647859739235145
dfs_294a6c6400c3ca5d,4.58046757334772,14.858246786695688,4.820281565605037
dfs_b060ef7e8cbcef89,5.554895693948484,15.375415100119689,4.553876891600541
dfs_bb4d5d17f7c618c8,0.0,15.107512371316675,4.304065093204169
dfs_d9309609d7241ef7,4.9159582471543475,14.437951435666058,2.3978952727983707
dfs_bca27e088b2bf124,4.945065129886807,14.593462933683396,4.787491742782046
dfs_fd67bab855b0b7fa,4.58046757334772,15.125585912572236,4.653960350157523
dfs_ed3a725dda89dd1a,5.421905740792655,15.357137828374125,4.23410650459726
dfs_5e849045db92deb0,,,0.0
dfs_d7c46b2af996f612,5.712907382433202,12.680311045463885,2.3978952727983707
dfs_0a807ebe0c6d351d,5.22612294699955,14.685235330290988,4.3694478524670215
dfs_94525a2b912b58e9,5.268476524537015,15.238111293520944,4.574710978503383
dfs_74ae4881d598e828,5.544434981422068,12.905057752190325,3.1780538303479458
dfs_b02556c4b6c399c2,0.0,14.70525729449616,4.532599493153256
dfs_a9ea74f9f5c2e61b,4.4326009206368155,14.743745670855402,2.639057329615259
dfs_c08c246d37fd5737,6.085751476297188,13.932640936241713,1.9459101490553132
dfs_b9f0cb979f71e031,4.416548827045609,15.728877444274353,5.056245805348308
dfs_8036de0bfc3bd52e,5.785516059682871,14.304104683112842,3.58351893845611
dfs_03752612db99ea08,5.6995401553980685,15.67335485218564,4.634728988229636
dfs_567469c502c8eeaf,5.22612294699955,14.668150694378152,4.584967478670572
dfs_d652e8821931541c,5.445313945282377,14.865241378294852,5.147494476813453
dfs_16bbc6fd8b370a0c,5.367096881942863,14.017318515589501,0.6931471805599453
dfs_79daf3fb5038a85b,5.549659572220925,14.51767198782537,4.532599493153256
dfs_9c9d98c2b45d53d3,5.288973851544884,15.741562109585681,4.430816798843313
dfs_a48599acf20f4417,5.5652098247922615,14.11573810581825,3.044522437723423
dfs_b0751ca232003c03,6.061037250459942,13.546847799562993,1.3862943611198906
dfs_5cc3b4d8e342a485,0.0,13.419803683051784,2.302585092994046
dfs_f1616a4646623e72,5.415967059981408,14.571166231798816,3.7612001156935624
dfs_60551ed355060425,4.982510130370407,14.710739029537596,5.1647859739235145
dfs_cf5767cfbe4d412e,5.580484258311707,14.329568153279,4.0943445622221
dfs_81ffbd0aa3fafc85,5.672223005748435,15.096416347477218,4.110873864173311
dfs_35ca359793027fb3,5.174396784628558,14.219381062033598,4.976733742420574
dfs_41de2b40b80487fb,5.268476524537015,13.29644104654239,2.3978952727983707
dfs_d9a999cf48142c36,5.189450711560923,15.482262016649113,3.091042453358316
dfs_bf0c0c4f9f71de5d,0.0,13.52926212402819,3.1780538303479458
dfs_54d9c4f93f653358,0.0,15.354911125067046,4.68213122712422
dfs_b43185e9d7044877,5.288973851544884,15.017589369818289,4.61512051684126
dfs_f479c9b767826f00,5.0449078880383516,14.603587391391898,4.727387818712341
dfs_6aefe3ba4f6aec66,3.975936331171799,15.676875999583395,5.768320995793772
dfs_f2682ff0f16ce49c,4.6848128136402885,13.989387391575452,3.258096538021482
dfs_c0be9e9f85ce6e83,4.607567310587813,15.394622037603872,4.532599493153256
dfs_0c02a95f0ac732ec,5.354508646197779,14.819243873844949,4.48863636973214
dfs_6c1c38766b791fa4,0.0,14.90810443896136,4.59511985013459
dfs_dba1aeabacd2b4da,4.991656327498453,14.763220884004179,4.02535169073515
dfs_467329ac0d943157,0.0,14.96270092482111,4.248495242049359
dfs_251acafbef904e79,5.354508646197779,14.649303637920314,2.4849066497880004
dfs_573eab4f56b6103d,5.983003856190115,14.355493155676816,1.791759469228055
dfs_36622cabc4db3bef,5.485045865160197,15.232818487882243,4.394449154672439
dfs_40d2c1f54bdfc3d1,4.8860542039388735,15.665956301037303,4.852030263919617
dfs_2b9f56ec7704246b,6.1008793330938484,13.270519554619632,2.0794415416798357
dfs_3ea38aa83e5de2a3,,,3.367295829986474
dfs_78e979dbfa2b01b9,5.456815724368715,14.974442794589471,4.31748811353631
dfs_1dd8016b499ca257,4.8860542039388735,14.823445120427225,4.304065093204169
dfs_c23101206462ce13,4.552612935249416,14.728813631227817,4.465908118654584
dfs_74ce056717b34f8f,6.178898015788112,13.95352227393421,1.791759469228055
dfs_864faa4178d6c1b2,5.127766265352998,15.733102798836168,4.382026634673881
dfs_50541a8a41596aca,5.397891171444129,14.761238919690353,4.59511985013459
dfs_c8c089dd2a103c30,5.952099823585705,13.197795472520182,2.0794415416798357
dfs_ade0c05a896f99f5,0.0,15.629652982707178,4.454347296253507
dfs_ed554d4b20f4316b,5.295764109760319,14.403275000397255,4.060443010546419
dfs_8a8687ed6942865d,6.173327665501776,13.337798898030288,3.4657359027997265
dfs_76e7a3d69faac1ce,0.0,15.476395292999866,5.786897381366708
dfs_d194d10ea116a813,0.0,15.09468480067748,4.356708826689592
dfs_d0e84027f82459a8,5.0449078880383516,11.940980162857523,2.70805020110221
dfs_6c596ae9cb2869bb,5.254574443600118,15.32921193971943,3.7376696182833684
dfs_b1185c32ec1d58c9,5.189450711560923,15.482262016649113,3.4339872044851463
dfs_c004a5e8eb679313,0.0,13.863603336159484,2.639057329615259
dfs_7dc8fbce86458455,5.0186695991245776,14.748266589741553,3.9512437185814275
dfs_4e09a5fd40caacf5,4.697111059686448,15.613764393072106,4.890349128221754
dfs_41dfd8339580191f,0.0,13.957042237777756,3.1780538303479458
dfs_3068852f31c013b8,0.0,14.645690307371963,5.272999558563747
dfs_eea3ac2d22dbe5b8,5.240476366858187,14.075804218672157,2.3978952727983707
dfs_b8b9950559d8b720,5.070475294452272,15.625277907638562,5.0106352940962555
dfs_0c32f6146546d424,5.934497291466729,12.662661700354048,2.70805020110221
dfs_8f902b557af30dbd,0.0,14.185807795712202,3.9512437185814275
dfs_5f100c5b14df57ca,0.0,15.09468480067748,4.219507705176107
dfs_50e90cac8e265a6b,5.3352759075335685,14.769254672952831,3.8501476017100584
dfs_928ac69f2e4aca9e,5.462559809942086,14.375057200652076,1.791759469228055
dfs_066b5ab4c7ab93f5,5.103639787544498,14.130457055012238,3.970291913552122
dfs_19e7d9571e2adde7,4.672361435528415,14.733248242497341,4.219507705176107
dfs_63ad266626a2e283,4.875884110209718,14.59995442046475,4.948759890378168
dfs_c6426ec7019b2399,4.697111059686448,15.613764393072106,4.919980925828125
dfs_f9d2078dd13a35b0,5.348107031050552,13.467463996525247,3.1354942159291497
dfs_c4398a841478a1ff,4.865609522045998,14.688904644718123,4.68213122712422
dfs_298cc876d719fd8a,4.721262904974945,15.304234468654256,4.9344739331306915
dfs_1253fd94da2eeaed,5.328798073801623,14.707208142301246,3.6888794541139363
dfs_88a40cb2d6cc65ce,5.354508646197779,14.372942248208131,3.295836866004329
dfs_cc14aa01fb373ab4,5.174396784628558,15.109511982819054,4.418840607796598
dfs_17c6c5189e131a25,5.103639787544498,14.169665529437795,4.02535169073515
dfs_0aea54a616ede5e3,0.0,15.751562127671408,4.762173934797756
dfs_574c6c6c40f2ae38,5.397891171444129,14.589833957377312,4.07753744390572
dfs_e82acaaf43cf0cd0,5.3795286219728595,14.594687258650119,2.70805020110221
dfs_41bd82cda93fcb39,5.433678334478489,13.452357533641726,2.5649493574615367
dfs_247d19f19768695c,5.898361928845658,12.952933563839824,0.6931471805599453
dfs_46d8cb0c10061a5c,4.8860542039388735,15.476453612344645,5.204006687076795
dfs_4522d55c9d6bcfb1,5.211615032708743,14.594776717445113,4.6913478822291435
dfs_ed9dd175619012c2,4.9159582471543475,14.493027215883185,1.0986122886681096
dfs_2e3815b578c1e0c8,5.433678334478489,15.459932336160803,5.4116460518550396
dfs_9708815b7dfa97d2,0.0,15.476395292999866,5.846438775057724
dfs_371fc6bd13e2e60a,4.607567310587813,14.51891445807914,3.828641396489095
dfs_59601fcbb7e37ff9,5.528595406762846,14.970967155591003,4.343805421853684
dfs_4326367b11b6518e,0.0,14.39692697585855,4.330733340286331
dfs_9bfd4e112a86cd36,5.127766265352998,15.733102798836168,4.406719247264253
dfs_ae141eee71f30d00,5.181952075416771,14.520013022562354,4.574710978503383
dfs_48ad24a7e99fd133,4.607567310587813,15.394622037603872,4.454347296253507
dfs_e35011fa954530c2,5.445313945282377,14.892581148027915,5.017279836814924
dfs_915412a7d40f5df6,6.432843625063815,13.539349858859604,1.3862943611198906
dfs_f2c928fc7f7759f3,0.0,15.751562127671408,4.762173934797756
dfs_ad46e74c0951dd50,0.0,15.078530458113619,4.499809670330265
dfs_e8ff9f782b26f868,5.159055299214529,14.327596187589377,4.143134726391533
dfs_578097b8b2b616df,6.091830108727296,13.824762625286215,2.833213344056216
dfs_1aa8f6245de34dfc,0.0,13.577966312604746,3.2188758248682006
dfs_051052f4e9473eae,5.570327269605522,14.522588256724196,4.23410650459726
dfs_6f26b4041f65f7f5,0.0,15.664634123581875,4.290459441148391
dfs_22df4aed8ffb11ea,5.13568078307048,14.770334458995189,4.007333185232471
dfs_9789b450b9d25f0a,4.945065129886807,14.022382440803586,3.6375861597263857
dfs_56218377242b9d43,5.341712048867226,12.300800837830803,1.9459101490553132
dfs_71b01e9f1459fe4a,0.0,15.248039200719168,4.406719247264253
dfs_5c525fcb9a3904ec,5.111746795464668,14.59139005671965,4.7535901911063645
dfs_d3f6252cb81bf11c,4.963962885897825,14.237976332323877,3.5263605246161616
dfs_19ce778db63c8e3d,6.741995810487161,12.366242317682572,2.772588722239781
dfs_aef4f6b0109275c4,4.935480620495495,14.154852957438887,4.532599493153256
dfs_44e1b16479eedf5e,4.74493212836325,14.592485887749316,4.8283137373023015
dfs_204844aa0ef9ffd1,0.0,14.645690307371963,5.303304908059076
dfs_445e555a5b85a7fe,0.0,14.635483762830233,4.465908118654584
dfs_d26971d65dbc92af,5.240476366858187,14.7004538529432,4.477336814478207
dfs_9de9625bfcc2c854,5.501584687857454,14.991228938976471,4.394449154672439
dfs_fe89e6525897df35,0.0,14.645690307371963,5.236441962829949
dfs_761f9cc2d6532864,4.945065129886807,14.064001336830014,4.59511985013459
dfs_02357ccbf0b58355,5.507037397196522,14.895361616893485,4.382026634673881
dfs_f9ae48ec98f0c7e7,,,4.890349128221754
dfs_7fde2ab3a4512040,5.934497291466729,12.662661700354048,2.3978952727983707
dfs_de4ccacaeb6d2cef,4.58046757334772,15.125585912572236,4.653960350157523
dfs_9a00cd3e43ebba7d,0.0,14.809266278045973,4.0943445622221
dfs_47b6bc627a0ae7ba,5.605471129189413,14.526317385001843,3.367295829986474
dfs_ae2bc198f5e6df07,5.0186695991245776,14.931861580859872,4.465908118654584
dfs_4310ddef2c6bc470,0.0,15.23726399884966,4.51085950651685
dfs_c20ef9c5bf1e8d67,0.0,15.476395292999866,5.099866427824199
dfs_18fa9089162932f1,5.070475294452272,14.16746799193017,0.6931471805599453
dfs_28c17ad5a76bbdb8,4.416548827045609,14.556790067319781,3.58351893845611
dfs_869a0d500a06a058,5.0449078880383516,14.0904378833612,3.258096538021482
dfs_e3fd88c2ac1ab094,4.991656327498453,14.763220884004179,3.713572066704308
dfs_eece94a5d54a162a,5.373332070353483,14.862596893602962,4.290459441148391
dfs_89fe305c6ceb31b5,5.367096881942863,14.88925587717607,4.9344739331306915
dfs_1ed95296817f488f,4.607567310587813,15.394622037603872,4.454347296253507
dfs_5c422af3b656c3c6,4.58046757334772,15.125585912572236,4.762173934797756
dfs_49a149940dd94e99,4.95455864787585,15.41006871386541,5.0106352940962555
dfs_3bce5596c21ca7e0,4.620846665373099,14.761617922916416,3.258096538021482
dfs_b2fb847f2857b795,5.174396784628558,13.407366364309135,2.833213344056216
dfs_f746b99126606206,4.991656327498453,14.763220884004179,3.4011973816621555
dfs_e48359ea6f77e460,4.697111059686448,15.391881535850143,4.477336814478207
dfs_cb332c186e715d95,5.08716414308538,14.738597344257428,4.290459441148391
dfs_a84c634d36ab4434,5.32227800399288,15.57230014643561,5.062595033026967
dfs_e9c666975879e482,0.0,15.078530458113619,4.700480365792417
dfs_bf2a9203ae28dd11,0.0,15.45676046045999,4.624972813284271
dfs_da634e80d8404195,5.070475294452272,15.153745862590373,4.859812404361672
dfs_6afd5dd73800c5b2,5.905716008765504,14.520968153473808,3.6888794541139363
dfs_b36db5850c485560,0.0,15.751562127671408,5.135798437050262
dfs_3c851d13288a667f,0.0,14.214125591122357,3.828641396489095
dfs_f3be928b635a7243,5.070475294452272,14.72204020507709,3.58351893845611
dfs_35831bef7d7bfc93,5.151324342807377,14.666460313486443,4.204692619390966
dfs_de905cc70c53c48a,5.760477818332746,14.78391392847179,4.8283137373023015
dfs_6932a48a71b576f7,5.676822293073418,13.228622489203683,2.0794415416798357
dfs_1db542a0001c0b5c,4.991656327498453,14.763220884004179,3.8501476017100584
dfs_8560c4d43526310f,5.676822293073418,13.770352091191386,1.791759469228055
dfs_54b2b4fde7707d8e,0.0,15.476395292999866,5.805134968916488
dfs_15b48e4957373b98,4.991656327498453,14.763220884004179,3.9889840465642745
dfs_5a8b2cfd1f2fbe9a,5.490589254195159,15.168473808124512,4.709530201312334
dfs_d8f90ab18d9ffa9b,5.517894565982638,15.14566754263162,5.159055299214529
dfs_7e9d04c946a522fe,4.991656327498453,14.763220884004179,3.8501476017100584
dfs_ccf650c6101773d7,5.726130878319963,15.294341711147034,5.056245805348308
dfs_949f84b644c076b7,4.935480620495495,15.277462564873204,3.4657359027997265
dfs_49fbf579599ffbfc,6.274272259143502,13.723390883081938,2.0794415416798357
dfs_a78d183c5c20b91f,5.496102083395356,14.361021626081785,2.639057329615259
dfs_21ae6ee7996ce9e6,4.672361435528415,15.132299952213037,4.624972813284271
dfs_cb046b4036c008e1,5.805917794958333,13.981723057825043,2.3978952727983707
dfs_1f6e4a20e11b7d08,5.4682289032653095,13.375980264103449,5.424950017481403
dfs_6840b216ff0fec5a,5.837701292221988,13.732086556822338,4.605170185988092
dfs_a3fab52ac53ad0df,5.22612294699955,14.668150694378152,4.624972813284271
dfs_84b816f60b490efc,5.433678334478489,15.459932336160803,5.8664680569332965
dfs_9eef3edd25c613ef,5.174396784628558,14.360847747309625,3.8712010109078907
dfs_1664661ce7f4ab31,5.174396784628558,14.360847747309625,3.912023005428146
dfs_51e5f80868cf783c,0.0,14.96270092482111,4.007333185232471
dfs_1507807b322b23ee,5.809942670484592,14.72604032731445,4.174387269895637
dfs_e5417a55b15c853a,5.726130878319963,14.164888443008621,2.4849066497880004
dfs_089447b5dbec3bcd,4.416548827045609,15.574513681586748,4.59511985013459
dfs_464c6355300210e5,5.3795286219728595,14.825072301041866,3.713572066704308
dfs_fff7e04ef6d7ab43,5.13568078307048,15.281489562660402,4.219507705176107
dfs_474d703b446c1f93,6.178898015788112,14.921180880010946,4.07753744390572
dfs_0e6c8b015faee950,0.0,14.682348826397245,3.2188758248682006
dfs_845ec3ca9f658baf,5.726130878319963,14.164888443008621,1.3862943611198906
dfs_3791a2a5f28da0ef,5.560066056973313,14.655229916771836,4.07753744390572
dfs_a7eb5e71ae35e4f1,5.952099823585705,13.197795472520182,1.791759469228055
dfs_93e794fa4561c151,5.805917794958333,15.192981103474368,4.442651256490317
dfs_44b9858d3152dc6b,5.397891171444129,13.60105912053757,2.302585092994046
dfs_cfe14f7880c8c11f,6.42635899924015,13.550564062405911,1.9459101490553132
dfs_fd6ace9c8dd2ea1b,6.294287663244266,13.539734658234968,2.0794415416798357
dfs_046c0cbce0fd3fac,5.952099823585705,13.197795472520182,2.0794415416798357
dfs_3536db91c60f3538,4.834057211929367,13.088864503263855,2.4849066497880004
dfs_fd108459ba408101,5.952099823585705,13.197795472520182,2.0794415416798357
dfs_4e4fe1791544aeb2,5.473866039054562,14.512857905460622,4.574710978503383
dfs_d1ff58db17459aef,5.189450711560923,15.482262016649113,3.58351893845611
dfs_0d6ceb5971c67346,4.9159582471543475,14.775220484712069,4.442651256490317
dfs_a32dca8337e1cb3c,5.367096881942863,14.017318515589501,0.6931471805599453
dfs_19fc175b005054c1,5.456815724368715,12.680223911426785,2.9444389791664403
dfs_6c96f4696aba7337,6.491466809040135,13.982904584840538,2.772588722239781
dfs_0c469399fee46017,0.0,14.707194203590575,4.718498871295094
dfs_014d7c6ce8fa05d8,0.0,14.734092263552949,4.04305126783455
dfs_4b6b1f2e8d6b2656,5.89098100852966,13.508315336313485,1.9459101490553132
dfs_b5998f5754894bf4,5.166783976586187,15.08789966759482,4.543294782270004
dfs_a9b20b125356a09f,6.1008793330938484,13.270519554619632,1.6094379124341003
dfs_6f584400de01c220,4.991656327498453,14.763220884004179,3.4011973816621555
dfs_616b9bb0ba9a8a25,0.0,15.248413180825255,4.59511985013459
dfs_d468780c945e9a72,5.070475294452272,15.625277907638562,4.990432586778736
dfs_7f2f582f532fcf04,5.485045865160197,15.232818487882243,4.394449154672439
dfs_eb097b79772cee27,0.0,15.491472830950993,4.477336814478207
dfs_812d69a981e8958b,5.111746795464668,14.531316577080423,4.330733340286331
dfs_717ff686d8efc0ff,5.512500896490735,15.130823553996471,4.836281906951478
dfs_5d1fad61dc2e4fbb,5.898361928845658,12.952933563839824,0.6931471805599453
dfs_9ac54f4c59eaf14b,,,5.075173815233827
dfs_9bf444993c7d477c,4.607567310587813,15.394622037603872,4.189654742026425
dfs_cda58ec0de78edea,4.9159582471543475,15.462814227551691,4.574710978503383
dfs_76e4adda2e823cbb,4.138201945285877,14.714467931387079,4.61512051684126
dfs_473cd444c2114483,0.0,15.23726399884966,4.454347296253507
dfs_1381bb691e5c17fb,5.585524326151581,14.72747032473392,3.5263605246161616
dfs_e2be9eb7d8133dd6,5.3091089276262355,12.284010061708873,2.639057329615259
dfs_fcbf15f40996e561,6.274272259143502,13.723390883081938,2.0794415416798357
dfs_de8a7a6e12a538a1,5.282187984618153,14.048455518152235,3.8501476017100584
dfs_7cecb1230426cf23,6.130487085756784,14.715399106473976,3.5263605246161616
dfs_af6726f1a665fecb,5.89098100852966,13.508315336313485,2.302585092994046
dfs_3921e9b09ce540f5,4.834057211929367,13.088864503263855,3.7376696182833684
dfs_d6f7089b01152cf3,6.491466809040135,13.982904584840538,2.772588722239781
dfs_ffc2d2d20ba0a4b4,5.690528358977785,14.510455621363857,3.091042453358316
dfs_00b188e5cf09faf0,4.709259894512472,14.798771851167283,3.367295829986474
dfs_37472a72ec00cdab,5.934497291466729,12.662661700354048,2.70805020110221
dfs_8ff582ed32d681b1,4.74493212836325,14.0012271783355,2.0794415416798357
dfs_e229abd8cce09de7,5.4682289032653095,13.528273719714367,1.6094379124341003
dfs_3f7fe22642e4d712,5.934497291466729,12.662661700354048,2.3978952727983707
dfs_3886998cd2b38f27,5.768914569593983,11.722059337415338,1.3862943611198906
dfs_79bca88e6d2debe0,4.025173103360802,11.6545118290321,3.4339872044851463
dfs_699d3e16e9cad15d,5.837701292221988,11.50699793180543,2.772588722239781
dfs_86ad9cc384b94c48,5.211615032708743,11.397615618458733,2.0794415416798357
dfs_3b2d873a91b5f9fb,5.64417400305089,11.585915669797602,2.3978952727983707
dfs_cfd2433b4f3ab2a9,5.0449078880383516,11.569967205337425,2.70805020110221
dfs_4cdf93f33e060d37,4.025173103360802,11.6545118290321,2.639057329615259
dfs_40d83861a4148d6a,5.726130878319963,11.372835468791305,2.995732273553991
dfs_ee7d9ce3f379f59f,4.025173103360802,11.6545118290321,2.3978952727983707
dfs_c035b624edba282d,5.127766265352998,11.263591930565777,3.1354942159291497
dfs_73501d2380cdf6cb,6.181671598175927,11.480267966725288,2.4849066497880004
dfs_9eed7791430009f3,5.174396784628558,11.531118955162192,1.9459101490553132
dfs_847e5c34aa34e454,6.227721737567575,10.705063038271945,1.791759469228055
dfs_cbbe035777871e49,5.585524326151581,11.660767717014435,3.091042453358316
dfs_0275d22fbd4de4aa,6.181671598175927,11.480267966725288,2.833213344056216
dfs_769eb5927951ec89,6.235645257487992,10.827548021674644,2.70805020110221
dfs_411f35aaadb4b3d0,4.025173103360802,11.6545118290321,3.58351893845611
dfs_9bf65cc8291ad866,6.1008793330938484,11.430000273595963,1.791759469228055
dfs_6fdcdafa4b3fb1a1,4.025173103360802,11.6545118290321,2.995732273553991
dfs_66387fc226948722,4.025173103360802,11.6545118290321,3.4011973816621555
dfs_c1feea62b3b1df5a,6.1008793330938484,11.430000273595963,3.044522437723423
dfs_ac9c90beea125df0,4.116595171156921,11.470904835707616,2.9444389791664403
dfs_39d701f175069cdc,4.259011183777335,11.600533330691745,2.5649493574615367
dfs_120f0391cb881c3d,5.496102083395356,11.242467534979284,2.8903717578961645
dfs_0652d1f3493fc900,5.533903190752134,10.525031314236381,0.6931471805599453
dfs_638de1f9a09a9fa5,4.025173103360802,11.6545118290321,3.367295829986474
dfs_bd21d373f903e955,5.955578268543573,10.983732183846053,1.6094379124341003
dfs_46ca344068e72f6c,4.277776613300082,11.085276095726181,2.70805020110221
dfs_49be6c1f460b2bdc,5.4682289032653095,11.219935999860484,3.044522437723423
dfs_b5043c6b081b819f,4.025173103360802,11.6545118290321,2.995732273553991
dfs_99615c7be7056b65,5.533903190752134,11.24877761085195,3.2188758248682006
dfs_765428c440dcf313,5.070475294452272,11.39704312185282,3.295836866004329
dfs_88a29f36b5fdfea1,4.025173103360802,11.6545118290321,3.332204510175204
dfs_f78eba4e9843e79c,6.235645257487992,10.827548021674644,2.70805020110221
dfs_8873e4cc2851aac5,5.726130878319963,11.372835468791305,1.6094379124341003
dfs_416f4e543f149bd0,6.1008793330938484,11.430000273595963,2.8903717578961645
dfs_81686564b0b3532e,4.259011183777335,11.600533330691745,1.9459101490553132
dfs_3309772265b1f072,5.367096881942863,11.576669920921471,3.1780538303479458
dfs_05f1e35f45b220bc,6.235645257487992,10.98967294619611,2.639057329615259
dfs_b0ee454f7dbd1134,6.235645257487992,10.827548021674644,2.9444389791664403
dfs_9e304fc147b054cb,4.025173103360802,11.6545118290321,3.4657359027997265
dfs_6243f71a97c838a8,4.025173103360802,11.6545118290321,2.8903717578961645
dfs_71015e03b5964c9f,4.973279507552487,11.529644912776996,3.7376696182833684
dfs_a798d8fcf2285c21,4.594109238628667,11.26264193370378,1.791759469228055
dfs_2016d2a79015558a,4.6340491455384685,11.593066629335206,2.772588722239781
dfs_989ee4cd8a667963,5.166783976586187,11.565394567823994,2.995732273553991
dfs_4a07ea8e8efc7b47,5.989738057582281,11.077145468859705,2.995732273553991
dfs_77601ac5f00bc064,4.025173103360802,11.6545118290321,3.1354942159291497
dfs_a0b50fb75dbf9e57,4.945065129886807,11.528877551184156,3.58351893845611
dfs_be34331872a1e3c5,5.512500896490735,10.916142454026694,2.302585092994046
dfs_0d40f6ddcea6133d,5.247550249494384,11.462011046168678,1.9459101490553132
dfs_90911e99223e1f8e,5.070475294452272,11.39704312185282,3.295836866004329
dfs_93886223e34fbefd,5.247550249494384,11.462011046168678,1.3862943611198906
dfs_d88eae6ccd7a8045,4.790487251761845,11.646013009108584,3.2188758248682006
dfs_8c9f6f2f2d553c21,5.32227800399288,11.591662705507613,2.0794415416798357
dfs_991c56a32e9cd118,5.4682289032653095,11.599149031718847,2.833213344056216
dfs_2925389dfa0a33eb,5.233352087695677,11.598974712595139,2.70805020110221
dfs_b0d8becc50e7051b,5.4682289032653095,11.599149031718847,2.70805020110221
dfs_e581ff6317a87a50,0.0,11.536241520784817,1.6094379124341003
dfs_4e1d9eeb8835fa95,5.507037397196522,11.472228462638125,2.302585092994046
dfs_809986e1cc5faddc,5.385687012684944,11.491252289288735,2.3978952727983707
dfs_d3709192987363a3,4.025173103360802,11.6545118290321,2.833213344056216
dfs_3f6f202f266fa9b5,5.473866039054562,11.681739538405681,3.044522437723423
dfs_55ea817d8fd62e16,4.025173103360802,11.6545118290321,2.9444389791664403
dfs_cc01e844ba9f9019,4.025173103360802,11.6545118290321,3.044522437723423
dfs_bd62bd47b0919eef,5.837701292221988,11.50699793180543,2.9444389791664403
dfs_089842ccfc25c26a,5.070475294452272,11.39704312185282,2.5649493574615367
dfs_14463fd146ecef79,4.025173103360802,11.6545118290321,2.9444389791664403
dfs_0bc7d524efb67136,4.025173103360802,11.6545118290321,3.2188758248682006
dfs_2e5a33979427395d,4.259011183777335,11.600533330691745,1.9459101490553132
dfs_a14abf45b6d87f28,4.259011183777335,11.600533330691745,1.6094379124341003
dfs_5d7e29267e1f6a2d,4.025173103360802,11.6545118290321,2.639057329615259
dfs_1c3fd68bd664cabf,5.127766265352998,11.263591930565777,3.044522437723423
dfs_0ba8c2c6fb24577f,4.973279507552487,11.529644912776996,3.8712010109078907
dfs_5d2cfaf19202cf65,4.025173103360802,11.6545118290321,3.2188758248682006
dfs_37f37bd591789fa1,5.485045865160197,11.14284680553232,2.1972245773362196
dfs_c26e789a1b390638,6.181671598175927,11.480267966725288,2.833213344056216
dfs_8294514597815711,6.1008793330938484,11.430000273595963,2.8903717578961645
dfs_08c75b62ec116542,5.302458779048587,11.58880258554332,3.044522437723423
dfs_2c5c3b2822312a3d,5.68140052376307,10.85944120746666,2.70805020110221
dfs_7bd403758af40b76,4.025173103360802,11.6545118290321,3.332204510175204
dfs_3af920f85ffcd094,0.0,11.382942056513771,2.70805020110221
dfs_8340b8d6a14c6220,4.025173103360802,11.6545118290321,3.1354942159291497
dfs_7c389cd0d745ca6c,4.025173103360802,11.6545118290321,2.5649493574615367
dfs_8ba2c99a4ba487ec,6.1008793330938484,11.430000273595963,2.833213344056216
dfs_67eae18f8b520420,4.025173103360802,11.6545118290321,3.332204510175204
dfs_977fc95895fa07e9,5.89467827842029,11.473519134591136,2.4849066497880004
dfs_6507553346504962,5.4682289032653095,11.599149031718847,2.833213344056216
dfs_4c33644e807d4e02,6.206313795597372,11.519354752735133,2.995732273553991
dfs_6d2b73be3145563b,4.906089261471868,11.656644783982241,2.639057329615259
dfs_83c023660da1f655,0.0,11.683115396951518,1.3862943611198906
dfs_2bbb1d3e40d88475,6.1008793330938484,11.430000273595963,3.044522437723423
dfs_bdd44f42cb6455c5,6.227721737567575,10.705063038271945,1.791759469228055
dfs_5ccadfa28fcaef0a,6.206313795597372,11.519354752735133,2.995732273553991
dfs_b435f7c0924b2d9a,5.4682289032653095,11.599149031718847,2.833213344056216
dfs_f437682b742ceab2,4.025173103360802,11.6545118290321,3.332204510175204
dfs_224afd536ac32598,5.6298129544560265,11.16896929343927,1.791759469228055
dfs_32bd5fdec29348ec,5.288973851544884,11.795363813098955,3.2188758248682006
dfs_011e2e213148822f,5.288973851544884,11.795363813098955,2.9444389791664403
dfs_3210e3700973f429,5.288973851544884,11.795363813098955,2.4849066497880004
dfs_633e1e9f9f65ae97,4.790487251761845,11.385614684158762,2.302585092994046
dfs_9fbbd6ee7702ecb2,6.130487085756784,11.371373421319406,2.0794415416798357
dfs_238502b6353dea7e,0.0,11.62004742836771,1.3862943611198906
dfs_7fcecada14761565,,,3.1354942159291497
dfs_0a417253652e5916,5.6298129544560265,11.16896929343927,1.9459101490553132
dfs_c95905c085cfa431,4.6848128136402885,11.404003057746042,3.367295829986474
dfs_8558c24f5babf9d2,5.938063770380866,11.381768394268391,2.0794415416798357
dfs_c1b5a9505997c121,5.549659572220925,11.864532589175711,3.044522437723423
dfs_8114a043f4b23dc0,5.6298129544560265,11.16896929343927,0.6931471805599453
dfs_f4d84445ec4acc1b,5.373332070353483,11.507852619820937,1.6094379124341003
dfs_cea3aee00c0bf47f,5.6298129544560265,11.16896929343927,0.6931471805599453
dfs_4d75618a8115915f,5.517894565982638,11.463934780697985,2.0794415416798357
dfs_21e1056cc4855ea7,5.938063770380866,11.381768394268391,0.6931471805599453
dfs_ccff27da08fe2cb1,5.22612294699955,11.485348697199994,0.6931471805599453
dfs_0dda13c1a8c4582f,5.247550249494384,11.37308851978243,1.3862943611198906
dfs_9deb8d86783b1ae4,5.876053695596654,11.367934374399486,2.302585092994046
dfs_505a97e8ac349c24,5.062025250478552,11.370324496371206,1.9459101490553132
dfs_9c80a2c2fcb567f7,5.549659572220925,11.864532589175711,3.258096538021482
dfs_4606e978a45cc55a,5.734828843061527,11.925147692241552,2.8903717578961645
dfs_3699c865fdc46142,0.0,11.62004742836771,0.6931471805599453
dfs_8a609a381506974c,5.549659572220925,11.864532589175711,3.4657359027997265
dfs_c5309d3801217e58,5.6298129544560265,11.16896929343927,0.6931471805599453
dfs_15ba4cfedbf54719,5.062025250478552,11.370324496371206,1.791759469228055
dfs_810ade59d6f68ea4,5.22612294699955,11.485348697199994,0.6931471805599453
dfs_cad8ecde2f34fa25,5.373332070353483,11.507852619820937,1.6094379124341003
dfs_61f9a4642fb8a7ba,5.385687012684944,11.36922828971304,2.0794415416798357
dfs_643f4db7c1980f06,5.549659572220925,11.864532589175711,3.1354942159291497
dfs_89c77045ca341c10,4.6340491455384685,11.373318510583811,2.995732273553991
dfs_eaa673ff4c6479ee,5.768914569593983,11.467457276923081,2.995732273553991
dfs_86e5c36c97e00333,5.6298129544560265,11.16896929343927,1.9459101490553132
dfs_65f1246d8c224b05,5.247550249494384,11.37308851978243,0.0
dfs_a63fd6b45b19514e,5.797788774475323,11.382771220498846,1.0986122886681096
dfs_cb462e3d552291fb,6.073459194660609,11.596163063540285,2.3978952727983707
dfs_ebb7713f72c5c825,6.067267510523482,11.987331887680755,1.791759469228055
dfs_a0f2abfe63aa90fe,5.288973851544884,11.795363813098955,3.091042453358316
dfs_13b555d9b484aee9,4.865609522045998,11.720207891053436,3.295836866004329
dfs_1fd0868c718adcf2,4.672361435528415,11.986759249796316,3.1780538303479458
dfs_6edb1819b2224303,6.281836747917639,11.373031013816169,1.9459101490553132
dfs_247c3098348cdf3e,5.797788774475323,11.463493594951633,2.3978952727983707
dfs_88691d07b3a702ce,5.288973851544884,11.795363813098955,2.5649493574615367
dfs_a728a336c1f97c39,5.288973851544884,11.795363813098955,2.70805020110221
dfs_497685504704a47a,5.549659572220925,11.864532589175711,3.1780538303479458
dfs_06d73906417b2be2,5.999779878711696,11.424531314207632,2.4849066497880004
dfs_9f198afac612868f,5.549659572220925,11.864532589175711,3.044522437723423
dfs_23e3941803569a84,5.462559809942086,11.407342702395164,3.091042453358316
dfs_e592d6c9a3870c49,5.570327269605522,11.37647553183233,3.6635616461296463
dfs_97799947c5f67e23,5.385687012684944,11.36922828971304,2.0794415416798357
dfs_beb9b24ffa1518f7,4.823341395675743,11.630859600321589,2.4849066497880004
dfs_e99261cdb104b20e,5.549659572220925,11.864532589175711,3.2188758248682006
dfs_45c9f5d981c0c3dc,5.797788774475323,11.382771220498846,1.0986122886681096
dfs_2798d2745c5fd380,5.288973851544884,11.795363813098955,2.4849066497880004
dfs_439907953911ad6d,5.282187984618153,11.779235779684317,2.70805020110221
dfs_434b01749593b572,5.549659572220925,11.864532589175711,3.1780538303479458
dfs_7c1e78337a20ec5c,5.549659572220925,11.864532589175711,3.1780538303479458
