site_id,log1p_background_primary,log1p_population_density,log1p_median_household_income,unemployment_rate,log1p_employment_density,log1p_retail_employment_density,employment_mix,log1p_road_network_density,log1p_auto_road_density,log1p_intersection_density,log1p_transit_service_density,log1p_auto_job_accessibility,log1p_atm_density_500m,log1p_nearest_other_atm
dfs_09dc1cdf11a17fc2,3.367295829986474,9.849048381970444,10.997773830833216,0.06428571428571428,5.382380183468143,2.188853649412911,0.2896018325982899,3.339983656412264,0.024828322553405082,5.324116765736946,7.331866103010753,12.958382202876598,2.4146555189783867,4.433802317465365
dfs_324eddf80b83f62e,4.61512051684126,11.02220402248395,,0.1443609022556391,5.565550385559454,2.4236404206966835,0.4844912580652158,3.4442537330532454,0.0392241820296735,0.0,9.579542821139121,13.759732485132835,3.119942268016456,2.0148506416228615
dfs_c922852f36743f38,2.833213344056216,6.093700799314302,11.921173364187759,0.07692307692307693,2.9518189610135996,1.5260097197599893,0.8187067554219131,3.449462685720812,1.9902388195736571,5.056019883430565,6.7700683648730635,13.6624246444055,0.0,6.657388894062047
dfs_887cfaf39f0edbc6,3.912023005428146,9.90039066601641,11.088262246808512,0.023346303501945526,4.190624573997635,0.9607635773403083,0.6505908276944755,4.444822194732614,3.665844284500486,4.426788620714167,8.326528968629072,13.726707759154499,1.996901660409805,3.601864043429907
dfs_3d08f164d6a3b867,2.3978952727983707,8.823993029577334,11.173964133120124,0.05805515239477504,1.5097670188461136,0.7244577664198607,0.8428827067729036,3.5191065984439187,0.35567089644773614,4.939416236837791,6.32760419361652,13.331805491253567,0.0,6.636875037902533
dfs_99c928a1f341d15e,5.0106352940962555,10.255549576180687,10.481251939552509,0.15852682145716573,4.24056871158301,2.3368300133260385,0.8605920988071709,4.005841328569343,2.7848730802981736,4.636214586941295,8.261456028295646,13.585516092638306,3.66860496723193,4.012549009931627
dfs_a2a347789eb92af9,3.1780538303479458,0.0,,,4.850762106403298,2.2565482261885,0.8500535039046089,3.550353594198743,2.3100722920005934,4.5437915015281245,5.898469009027747,13.511823757059654,1.807133707454955,1.1696856591847087
dfs_351f04b6ac3a60af,2.639057329615259,10.073370637169406,11.4699762094338,0.038181818181818185,2.031523501875705,1.7348545801025883,0.5469594058776011,3.511866237190117,0.0,4.5785566614596585,7.094792257421766,12.987386368952,2.6197576726867497,4.338078448474477
dfs_f5d8a3140106f796,3.091042453358316,9.741424398087174,11.177858240856517,0.1725206611570248,3.7385606233345747,2.294259223997261,0.5904418731842087,2.823388723992886,0.0,4.219451958576968,7.235290718575705,12.9055199386386,1.2659553055395139,2.6076935505072085
dfs_2b8103d04a58419f,4.48863636973214,10.45749747673962,11.200185379844262,0.11850311850311851,4.2164336174908765,3.2303196646725842,0.8628753077348783,3.543566788996832,0.0,5.343198100584686,9.421658296208209,13.487288395697817,2.1563374497238987,2.5738188470737544
dfs_48295340da20d958,4.304065093204169,10.406036448767747,12.429224196812383,0.0,6.5107188859254475,2.5307616363817633,0.6501944775738764,3.4604815678723244,0.0,4.720221461433057,9.11108192613823,13.64914777974828,3.22650867441372,4.9006635364347915
dfs_753e448f3375dbf8,3.8066624897703196,9.398516262639598,10.735069708483318,0.05823863636363636,2.4046380559707097,0.9751422871802529,0.8712248917744471,3.5851520468586124,2.7782381166578864,3.9861916863248377,7.499202199534697,13.527480424946441,1.5727155517124787,5.422590196896155
dfs_b9bc0f0ba8d05423,2.3978952727983707,10.30798417036818,,0.08096280087527352,3.5233021516103533,1.6523617421433643,0.7598255424837388,3.429405926392046,0.0,0.0,7.214470616412972,13.102305557549297,3.0620738268031755,2.5415964605074346
dfs_074610a926460e25,4.454347296253507,8.62024880379107,12.14935413491861,0.03106508875739645,7.075775939733857,4.263548386621239,0.7529708732846061,3.441796330035743,1.8226561434071085,4.507984722765767,8.820849910272013,13.581228958239562,3.7907621809913215,3.947333713541937
dfs_d2e64e706db36600,5.135798437050262,10.433747346615904,11.648111737525296,0.10727496917385944,4.433394740170136,0.6430905580259731,0.647313141198706,3.697659757761727,2.132570488338707,4.176956143933065,9.487840756698182,13.48355888816675,2.9352045584387274,5.365755409378463
dfs_8b0f9b46b2ada6eb,4.663439094112067,9.946584493446608,,0.15247776365946633,3.864710301008259,3.07046645201084,0.7823528106148119,3.8310736215260186,0.0,5.216676409718539,8.740180402292317,13.548425568387081,2.4146555189783867,0.6118065338510674
dfs_84773a53c23595ee,4.948759890378168,10.39465317158289,12.233113717841213,0.001890359168241966,6.040196000377083,3.0799160834785866,0.840087364265592,3.3888069159137024,1.9260832661256493,0.0,8.973670089686022,13.619835032508112,3.5660751120561667,4.377002276584052
dfs_d80ac125ec5ac77f,2.772588722239781,8.998756969226282,11.931333122447288,0.0022988505747126436,3.2935547667820053,1.9047749474114417,0.9015940920784954,3.552537928421958,0.0,5.52375710431016,6.648527929973644,13.567064583162818,2.8651744031446778,2.633645236193398
dfs_428cf3787eca310c,2.3978952727983707,9.848344989602323,11.476168115244377,0.0,3.2887371735904654,0.9816819270722263,0.49719456922966604,3.2619479135753275,0.0,3.9490954226425914,6.18275707588428,13.565176934251562,1.2659553055395139,3.554460869152689
dfs_b79d2ef68fdd3cb3,4.997212273764115,9.86220790638821,12.198237027095697,0.04725274725274725,5.787896476562201,3.6810647652537525,0.8750564181399527,3.5618972823687836,0.0,5.067728670380679,9.233373550711384,13.5550090574742,2.5224557664912224,4.8190302254832265
dfs_e143fb92ef5fef1d,1.0986122886681096,10.290232385795315,11.017743505192259,0.10097719869706841,3.8064717429617527,0.3630623818340243,0.3227175302107382,3.7825114204945747,1.7587286844877785,5.582180311936642,5.9546403081717285,13.354698159647059,0.0,6.33894907791705
dfs_252be5537019291f,2.3978952727983707,9.241095055083395,11.611249281025925,0.024132730015082957,4.02888235566618,3.7096378890552795,0.5276862481783293,3.319134276587202,0.0,4.8041219370268795,7.844477602485479,13.21626529334314,3.0006498211243393,3.690063974009577
dfs_d5f43f3ba5c010a3,2.833213344056216,7.301502986475572,11.221850978115445,0.16152897657213316,3.1325910460137356,2.8173919657144033,0.5345922360428029,3.1649551742659985,1.464713422360483,4.5893215382245085,5.0645486604788434,12.917214447379001,1.5727155517124787,4.820937245879161
dfs_a01410f8346f8232,3.5553480614894135,9.529567889528655,10.87570482869929,0.039783001808318265,4.535459499920829,1.7623719277865906,0.3200166958145974,3.3613122500461503,0.0,4.120086801140949,8.452005804521205,12.830397475777891,2.8651744031446778,2.9370600140951777
dfs_f713586d38b300cb,2.5649493574615367,10.807570310219322,10.422013452928306,0.059800664451827246,3.413872397230957,1.5360119742417058,0.6892045824563885,3.237252106901976,0.0,4.527295923335985,7.214152823645515,13.09975369400999,3.0620738268031755,3.6689401907486054
dfs_900edd74b0f37fd1,3.295836866004329,9.22611026624673,,0.09883720930232558,2.8078937111613596,1.2330789790700531,0.9246250769376066,3.4102909285375542,0.0,4.139506492373162,7.6142305341775565,12.867489192128506,2.4146555189783867,3.1879215955282922
dfs_dc8081ace0ff09d3,2.833213344056216,9.990283857204373,11.108499816436726,0.04155124653739612,2.816202081171732,1.9348955720952739,0.7102333437665996,3.447533199722648,0.0,3.9825139473262166,7.387603380792606,13.645644705803445,2.293814424193674,3.2093086802272017
dfs_815e713bb112cd00,3.1780538303479458,9.849048381970444,10.997773830833216,0.06428571428571428,5.382380183468143,2.188853649412911,0.2896018325982899,3.339983656412264,0.024828322553405082,5.324116765736946,7.331866103010753,12.958382202876598,2.4146555189783867,4.549852772558217
dfs_f914f1313df19a45,1.0986122886681096,6.664000236979421,11.747823658981607,0.07659574468085106,0.8937476937731975,0.16874358368624512,0.8261704488414826,3.202504640301445,0.0,4.8226130110056245,5.724507965038772,13.178265335567664,0.0,7.123594197551487
dfs_4b7380df88c0194b,3.4011973816621555,9.741432367094749,11.252988252827006,0.04040404040404041,3.299268130955248,1.8035011884625325,0.6572144077857769,3.540257551144345,0.0,5.06601609703802,6.98719437822229,12.876692991508508,2.293814424193674,4.4389918745423245
dfs_bf482492b1085acb,4.248495242049359,10.710800598778066,12.276605663715413,0.07815845824411134,6.141756391081469,4.452247863199179,0.759889457409523,3.4697608615678357,2.5999775611856837,0.0,9.830137548149171,13.741649786023293,4.043446627710712,1.3324044270445687
dfs_e03b586629bf4348,4.976733742420574,10.123567241460117,12.395576679800147,0.01689545934530095,5.833582069314111,2.807337174490028,0.48988816575263966,3.4456196275917006,0.0726101649982274,4.7914277943495245,8.753342433774081,13.589217050743953,3.3228044116247886,4.208302698822419
dfs_b19bfa0a80b38b5d,4.770684624465665,0.0,,,7.307631960417874,4.968043972491383,0.750825465540471,3.587525079039738,0.0,4.632307622927234,9.27641498792517,13.819083168584296,4.149286206736435,4.334960479946639
dfs_354bcd03dd9af739,2.3978952727983707,9.241095055083395,11.611249281025925,0.024132730015082957,4.02888235566618,3.7096378890552795,0.5276862481783293,3.319134276587202,0.0,4.8041219370268795,7.844477602485479,13.21626529334314,3.0006498211243393,3.5058356403062745
dfs_a3e1f5cffe53b1ca,1.0986122886681096,7.301502986475572,11.221850978115445,0.16152897657213316,3.1325910460137356,2.8173919657144033,0.5345922360428029,3.1649551742659985,1.464713422360483,4.5893215382245085,5.0645486604788434,12.917214447379001,1.5727155517124787,5.845857145727663
dfs_ba8d10f9a1e3e618,3.6888794541139363,8.979774346379592,10.697972167001991,0.0,3.1573144766454972,2.3830907020546723,0.7772162186556255,3.667418166218136,0.0,5.611451210537541,7.4177460781790465,13.581087380174825,1.2659553055395139,5.082851317884932
dfs_9da6a4c9ccdee9f5,3.1780538303479458,9.763024758720402,11.011819122265148,0.1559792027729636,2.6163041347459064,1.4998494140014695,0.9259043889684369,3.17902207016176,0.0,3.265225796705024,7.4385052589879805,12.917580237422051,2.5224557664912224,4.011186519474764
dfs_df60fc85f5c5dadb,4.304065093204169,10.628625481901853,12.325906909312303,0.05504201680672269,6.327725074492025,2.7605870427821824,0.6535695307115059,3.866557733139863,2.20820339703792,5.357712086630931,9.460196981241795,13.653337451015929,3.4106363451196224,5.0147879720966335
dfs_0a80b2868057fc15,2.5649493574615367,10.128584776459546,11.4796995470716,0.01981230448383733,2.854164778216358,1.2863987838918234,0.8605631958133455,3.544287560847281,0.0,5.80466115113216,6.877670621266555,13.349153073446614,2.1563374497238987,3.961717798223513
dfs_8c3876569c7c0ce6,3.258096538021482,10.48286982189259,11.308530063617711,0.09102402022756005,3.0696575482948045,0.0,0.3736482490183718,3.735489260328469,0.0,4.26396334983285,7.9637170231739605,13.13981029100805,0.8212059263546096,5.614932796432271
dfs_f1f2464637572ccb,2.833213344056216,9.723164221629101,11.040631214253112,0.024691358024691357,4.373784351415104,2.9581583737454182,0.7832188653504225,3.283911674714544,0.0,4.051152736068241,8.041252375835551,13.094891456111194,2.293814424193674,3.693206421726702
dfs_3ee01d22734e7ae2,4.465908118654584,10.786172611578356,10.305279255277984,0.030303030303030304,6.772843025911417,2.279071890040988,0.14517712155333268,3.3326046341579967,0.0,4.599786096048308,9.458630993426606,13.56716201281484,2.9352045584387274,3.510100436948138
dfs_36a8fc34a980331b,4.553876891600541,8.277199575540198,11.986404298691774,0.14285714285714285,6.76210126578141,2.305263014972481,0.6040334286533122,3.6762673869528824,0.0,4.788464065320435,9.592356588525734,13.784290236163267,3.9741114275380682,4.009274732658728
dfs_b7441961ef66c44f,4.700480365792417,9.848900958176326,12.352680665166265,0.1135091926458833,7.405952455737231,3.2581464723811995,0.6759401581693133,3.5637683391986146,1.0608486804709338,3.8596034749659283,9.56249633427854,13.84182819095692,4.043446627710712,4.592230762241995
dfs_04584da2c9ac5a8f,2.3978952727983707,8.718738289935978,11.846722698387037,0.0,3.760590211940432,2.191646654344999,0.8971933883893395,3.198194427914702,0.0,4.624696202397509,6.937999586570417,13.704434852790465,2.7084257966964724,3.956359131225852
dfs_103f2af167945642,1.6094379124341003,9.629035547019106,11.739407437549838,0.0392156862745098,2.006933006508919,1.0503519179203011,0.9528539747588416,3.4440181593658963,0.0,5.001350125154607,6.55353776516139,13.678621534801856,1.996901660409805,4.512817506705978
dfs_fe709364d770269f,2.3978952727983707,9.74955170529173,11.598249586010423,0.0,1.5836027928545575,0.09827496250557281,0.7388106177633268,3.479291269510653,0.0,4.2008120781543035,6.671888745925573,13.151642528896762,1.5727155517124787,4.207969502874038
dfs_ca686707e7ffa1c4,4.304065093204169,9.988975329159262,,0.19736842105263158,3.1760730550376586,2.5647879706492547,0.6187903317263153,3.2488522836451765,0.0,5.409723574912464,8.871116963564452,13.262007051916555,1.5727155517124787,4.160893406585262
dfs_5392085d2fd1be62,3.58351893845611,10.597348251481375,10.845524000828698,0.11158798283261803,1.8336037796017293,0.0,0.5953179117692786,2.811112049564598,0.0,0.0,8.882565567708005,13.619589343617122,1.807133707454955,5.012504845296942
dfs_e243a36ebb3781c1,4.962844630259907,10.66663662198093,11.830025553054554,0.021939953810623556,3.6375573436666317,1.00464694305465,0.7785537034458867,3.591775106698305,0.0,5.042730460113425,7.091010089717463,13.640579623118546,1.996901660409805,5.535071484268185
dfs_0a763d1d9cc54cb7,5.537334267018537,8.9464362124937,,0.296551724137931,5.708316194521091,3.05350997904407,0.3575653351584455,3.393349985608822,0.0,4.892605069129603,8.4564151577078,13.755507867708307,2.7084257966964724,3.878272734558014
dfs_84d3e338cf3c93f0,5.056245805348308,10.296508568439169,11.562353520881551,0.045263157894736845,4.6650435210655266,2.8404103818220916,0.8569472599391376,3.923726998116226,2.689203984364026,4.892722436834765,9.25197675161404,13.549548228216393,2.6197576726867497,4.369819395263105
dfs_f239d2357141dc6d,4.31748811353631,9.95714752555329,11.927832523903248,0.1065891472868217,7.1674296480381265,3.037959626315032,0.6967525928383413,3.6045573429957227,1.3978712228661296,4.13300514897262,8.854774002360383,13.885176536197378,3.8466654526656625,4.015597831001917
dfs_64b8f71facc815d7,2.9444389791664403,9.398234107928122,10.462388799533683,0.04142692750287687,2.5606468035513386,2.2638808672647848,0.5642531952353166,2.639538709825469,0.0,4.251295547763353,6.989208072540196,12.62573647303815,1.5727155517124787,4.971861845418229
dfs_2c22a1372d3ad6a5,3.5553480614894135,10.235738064928173,11.139118894862325,0.1952755905511811,3.9910431005666385,2.7682311670514754,0.6181357570285356,3.6228305688577778,0.0,4.989650821430637,8.253978607671957,13.565133261866375,2.4146555189783867,1.7496628558203144
dfs_bd5dac6aaf4895f2,2.1972245773362196,8.142289773810923,11.78168462306491,0.12100456621004566,1.6964100267987585,1.1207662265142484,0.5728183704598925,3.4290268396769474,1.4726736925475088,4.923956081953795,5.850772370998177,13.468028939893728,1.807133707454955,5.723593086249416
dfs_470c77758ed9aa39,4.2626798770413155,9.817548461630455,,0.07046070460704607,1.879137912321187,1.2533270940645773,0.7849917153778485,3.644257411011508,0.0,5.451376805827433,7.63350635681586,13.345750099150212,1.807133707454955,2.6134396275061973
dfs_0907374a4d0095eb,4.04305126783455,10.638275072508469,12.429224196812383,0.0,5.383704862961759,4.452036566602784,0.7240558872375749,3.3101644518779456,0.0,0.0,9.505531392564771,13.502688439505384,3.0620738268031755,4.220899880352326
dfs_237854274a67e491,4.653960350157523,9.894125669492963,11.54138657759226,0.1743119266055046,5.009383784491791,2.71855907856876,0.931445305675763,3.1774055361604248,1.67340879620125,0.0,9.81655862589101,13.490784069173111,2.8651744031446778,4.040220730885549
dfs_af04b3a730d03d08,4.653960350157523,9.905787975251023,11.282152886491527,0.036989795918367346,,,,,,,,,2.1563374497238987,4.85674762658504
dfs_893273cd9f591446,3.713572066704308,10.98877251056454,10.960496291349163,0.03347578347578348,3.580938727737694,3.248296426035248,0.5245301388033908,3.6699519670797485,0.0,5.169598728994737,8.308051395602126,13.224479435497228,1.2659553055395139,5.6580971518527
dfs_57776d4743da69cd,5.187385805840755,9.50311679697753,11.530971648661291,0.1051912568306011,6.761212418186499,5.27149265810729,0.8489658130716438,3.6467282598844077,0.0,4.724907830534141,9.194684329602032,13.431928265001716,2.7084257966964724,4.9232155365004
dfs_0575cf6c2bf03ae0,3.6109179126442243,10.433044741394701,12.214913450195656,0.03648269410664172,3.323205876078989,0.13642622829450513,0.7034620004002714,4.00251901236315,3.348181786774209,0.0,7.190013908943462,13.66410377686807,2.9352045584387274,4.329532112986176
dfs_47c11efaafb251a5,3.970291913552122,9.819675767031809,12.280511991345007,0.01863932898415657,,,,,,,,,3.4518191713062434,4.295883147929795
dfs_d5faa618283e7cf5,4.1588830833596715,10.696771570934644,12.429224196812383,0.042789223454833596,4.348411057310034,1.9487239607327282,0.738037034284895,3.2624489052406416,1.8141461940734311,0.0,9.720190549983611,13.582453025136251,2.8651744031446778,3.5040127426884085
dfs_0d7ffa45e8befda0,4.394449154672439,10.687585551456378,11.221650278341562,0.0,,,,,,,,,1.2659553055395139,3.532524608132828
dfs_c25e6e3dc5f5288a,3.58351893845611,9.1489421476541,10.8556858227487,0.0791599353796446,2.536089016538182,0.2999414565350324,0.5946120788221636,2.6781561531315585,0.0,4.726022249663962,7.543940319700897,12.909150354767027,1.2659553055395139,4.697250964513114
dfs_659b0d941d1dfed0,4.948759890378168,10.625498453153286,10.162152675917417,0.25336927223719674,4.932861122794522,1.0584746234958415,0.13440965099833518,3.3867889149870427,0.0,4.218742721832206,7.579806702942079,13.734513061291421,0.0,7.003101163006074
dfs_aca5e91cfdc659b8,2.0794415416798357,8.448876166835223,11.335603389914535,0.024161073825503355,2.45965659173061,0.959626587133286,0.8238584929496564,3.3065393718999525,1.6769977616765854,4.951996832638069,5.071380015442414,13.53230246233594,1.2659553055395139,3.2101199847694692
dfs_47a5131f02935210,2.639057329615259,10.389260468649509,11.327908278228264,0.07034220532319392,3.7417499411847843,2.1898792495067934,0.7571319494791352,3.6172478012436207,0.0,4.2430452671075,7.289374846159744,13.07354071270676,2.8651744031446778,3.0477379043559303
dfs_2d1175df8f71294c,3.2188758248682006,10.249079115713315,10.751927617502108,0.05714285714285714,4.582978754054782,3.09569820014246,0.5986948673181731,2.678800611841512,0.0,3.730017477056035,8.0541323695408,12.849693390939718,2.9352045584387274,4.421782868851532
dfs_983a46f3bd84712d,4.795790545596741,9.398407551175795,,0.16731517509727625,3.2655790635834143,1.0728763352757404,0.33216782335372863,3.461392397092275,1.920937373427256,4.540084900668687,7.639822356714388,13.462164353334662,1.2659553055395139,5.40186442143424
dfs_235b1f307929d9bd,5.1298987149230735,10.33266830762645,,0.001430615164520744,4.457993985250358,2.419638907551009,0.6192540078638407,3.650730465916828,2.357058564997225,4.883521591133619,9.936443392587174,13.489197145311515,2.7084257966964724,3.7664241467565533
dfs_efeec7fa5b9a6b3d,4.110873864173311,11.697027882367,11.35482030983524,0.03889886295631358,3.3622914272575093,2.5637354632239493,0.8480219004583732,2.8491208837663247,0.0,4.936382989319711,8.313227482044795,13.690035766452901,1.5727155517124787,5.788162264286978
dfs_b8ae1a380f9675d0,2.1972245773362196,9.46460272131216,11.86901823948122,0.06971153846153846,2.6422969036643855,1.3338026560658058,0.8749096363318284,3.19568578971274,0.0,3.7749955554951553,7.186535409673429,13.172385163768057,2.4146555189783867,5.133311536834625
dfs_6e38689a5e16fcf6,4.852030263919617,10.479074506806112,11.949902159950943,0.12332695984703633,6.830129600895368,4.862290723088251,0.8915372773189791,3.5374018529267723,0.0,4.239604447055321,10.0089564530901,13.84636657670898,3.4518191713062434,4.1512040648545065
dfs_aa6476c805b1d564,4.672828834461906,9.943198001913252,12.429224196812383,0.013856812933025405,3.814691443922556,2.5709627591167967,0.7726295328428953,3.651902446584556,0.0,5.669807730938841,9.706522474922505,13.306052332216678,2.293814424193674,5.572968539740204
dfs_865b2f7282670643,2.8903717578961645,6.379065923771364,,0.0,1.1931866529018058,0.7495104456586832,0.4304229174621521,2.9364663261215562,0.0,4.844819065319896,7.927988651286345,13.163069525214613,1.807133707454955,4.268306608345089
dfs_d355539b9f0e1bbc,5.730099782973575,10.154265659977325,12.209277504479084,0.08036529680365297,6.3376792879443675,3.0083849182672306,0.8338374732418006,3.5079181943553586,0.0,3.739491985294608,9.896188857938032,13.919415514810156,3.7907621809913215,3.9979486114616494
dfs_639680c2afc1011c,2.3978952727983707,9.241095055083395,11.611249281025925,0.024132730015082957,4.02888235566618,3.7096378890552795,0.5276862481783293,3.319134276587202,0.0,4.8041219370268795,7.844477602485479,13.21626529334314,3.0620738268031755,3.5058356403062745
dfs_0b5ac4baadd0c8f3,3.8918202981106265,9.966907852126129,11.919782936623559,0.02,3.8111078533146956,0.0,0.5034087967839157,3.4746736480586136,0.0,5.396265356336063,7.444906617286662,13.371693838924058,0.0,6.565838937630724
dfs_8ba9c766e9dd1b81,4.127134385045092,10.250138722672432,11.975778590187122,0.0,4.337944244262991,3.0729038483087043,0.7770952795938085,3.268594955580383,0.0,4.733639375524463,9.024522158199956,13.393376288124976,2.6197576726867497,3.9278310726285697
dfs_0c28316449d83790,4.882801922586371,10.108343532689764,11.311812449476772,0.10194174757281553,4.507032949458194,2.987292913164351,0.89725069568194,3.4590142128344388,0.0,3.3864309729464828,8.552527975894062,13.327574295892333,2.789868226539849,3.336649309211963
dfs_e6745c7aa51020e2,4.543294782270004,8.795630237684103,,0.38271604938271603,4.175659550892392,2.0446780897140373,0.6496341834726722,3.4497888164618185,1.1264240282975253,4.067331720606191,8.806684110101322,13.699526029024666,1.5727155517124787,4.8246360666349295
dfs_d43a49c2dbc293a4,4.143134726391533,11.48265649370596,,0.021399652978600348,5.0596498718821925,3.285327999835249,0.7536042383932345,3.764003460726023,1.9305207674502591,0.0,9.781522597145523,13.429052172268717,3.0620738268031755,1.105522688408767
dfs_8dc989492fdda649,2.5649493574615367,9.679352856935884,10.596659732783579,0.04296875,4.2358616998334835,2.6767855555763034,0.6794736553363534,3.6955256959267015,0.0,5.216975633392372,7.216114158854171,13.080390721126678,3.0620738268031755,2.541608604871337
dfs_cb441654b0d43346,2.772588722239781,8.208731493342082,11.283524879179666,0.08408408408408409,2.1806871180207623,0.6733732483393952,0.7361933888788729,3.4636128802115884,0.0,4.531653044101166,6.756691294336511,12.770994332255778,2.1563374497238987,5.210285268772734
dfs_5be820b7477609f0,5.187385805840755,8.932567699682743,12.318458922624307,0.1346153846153846,6.334663106895385,2.5173822150236775,0.7996261974842283,3.5098420044138674,0.0,4.2740340772733845,9.699606795211766,13.873860594872692,3.6355827541784427,4.439790267958474
dfs_af4b09123e7edb8c,4.51085950651685,9.996029588035487,12.261294463155368,0.03198031980319803,3.286909955189425,0.8063813575531845,0.8372759246767633,3.6302378371231288,0.0,4.996991043322709,9.525902919554001,13.522269060507256,2.4146555189783867,2.7055376479331
dfs_975d266f13e49229,2.8903717578961645,9.092570436360727,11.465917711362888,0.03295668549905838,3.029046195097797,1.3435490354865638,0.7359117140343234,3.266842116626849,0.0,4.994917334355889,6.239027999744372,13.558927848054223,1.5727155517124787,4.013400970389591
dfs_3fe8a4f9d7146f0b,4.6913478822291435,9.946584493446608,,0.15247776365946633,4.507032949458194,2.987292913164351,0.89725069568194,3.4590142128344388,0.0,3.3864309729464828,8.552527975894062,13.327574295892333,2.4146555189783867,4.009260866218477
dfs_ca7d124978d2e190,4.394449154672439,9.647928465027446,11.978236852849545,0.07733333333333334,7.027847201106745,4.62825704027435,0.5624887305273047,3.224018252909974,0.600879905467028,0.0,10.440963148447953,13.869447454953235,3.997761355241824,4.371024193367175
dfs_6acb3227d4e8542e,4.812184355372417,9.934561144585928,10.987426038970444,0.06485671191553545,5.666324671167185,3.2022361366501406,0.830926675107132,3.3306956816866373,0.0,4.697369959343955,9.134401602408696,13.636475993088567,3.5660751120561667,4.356068010598876
dfs_604a00e75135497a,4.290459441148391,6.736251065457,12.429224196812383,0.18840579710144928,,,,,,,,,3.174644349887469,3.4830206921180342
dfs_dad606e6fb07ab29,2.9444389791664403,8.998756969226282,11.931333122447288,0.0022988505747126436,3.2935547667820053,1.9047749474114417,0.9015940920784954,3.552537928421958,0.0,5.52375710431016,6.648527929973644,13.567064583162818,2.789868226539849,4.485531509734331
dfs_c70abc1dd7955cb3,5.093750200806762,10.22314396714775,12.429224196812383,0.020249221183800622,6.040196000377083,3.0799160834785866,0.840087364265592,3.3888069159137024,1.9260832661256493,0.0,8.973670089686022,13.619835032508112,3.3676843746371405,4.246373675214877
dfs_8cf18445d30dd918,2.833213344056216,10.310360163339283,11.426135881564402,0.025796661608497723,2.7804874282353307,1.4200740745113853,0.8600404081411653,3.368458400977361,0.0,0.0,8.60358347807119,13.350785771080947,1.807133707454955,5.163525787960682
dfs_0a555f7ea62c5ff6,5.247024072160486,10.824317000439551,10.300920488947028,0.08482142857142858,3.0531615772188494,2.3018600782261407,0.8387445912170021,3.746176541899425,0.0,5.521358137446623,8.611185637871204,13.334517161838868,2.4146555189783867,2.8692269427133508
dfs_ab82c47f632be81a,4.948759890378168,10.212912624594722,,0.14983351831298558,1.8878585599354065,1.708437592369481,0.4269087407965246,4.087550003539211,0.0,6.744863403462936,7.9440963689880135,13.32482900646347,1.996901660409805,5.525612753458956
dfs_cf219ebb189c50d0,4.990432586778736,10.153884528140091,12.031231043990045,0.04048996257230351,5.9243709097805235,3.529739453743084,0.5443193023639348,3.5803339670264704,0.0,5.288965217735767,8.604776249644004,13.559608766661665,3.0620738268031755,5.170614285093885
dfs_5220038e0e3c73c8,4.74493212836325,8.795630237684103,,0.38271604938271603,4.175659550892392,2.0446780897140373,0.6496341834726722,3.4497888164618185,1.1264240282975253,4.067331720606191,8.806684110101322,13.699526029024666,1.5727155517124787,4.354295607970797
dfs_27765d6f8b36e445,4.969813299576001,9.841041142692085,11.38368200884907,0.029748283752860413,2.2557734442879127,1.405480138393718,0.8211814573214455,3.677666405715029,0.0,5.475387950964515,7.956304860873814,13.709802204039955,1.5727155517124787,3.9358335425588233
dfs_107a4d82bc2a8281,2.995732273553991,9.52334813729766,10.87963084355714,0.2075,3.2105667505706084,2.338182611387384,0.8350538080727932,3.6285059745003454,0.0,3.829773095107643,8.250731680748906,13.320687868133957,0.0,6.937729742654551
dfs_8cbde93b58c25164,4.219507705176107,10.585748327985787,11.697062040287744,0.07171853856562922,4.108239492559196,0.43760076503237627,0.727701587974026,3.7304250038427575,1.599435293057426,0.0,9.475749686898935,13.467396011901076,3.0620738268031755,3.2797481957566563
dfs_088802ae88228a36,2.1972245773362196,8.0683657720576,10.880101684393388,0.03523758675920982,2.6088625695311025,2.060626676644386,0.6357577904366905,2.3660422619370864,1.3491505932389722,3.207951657367429,3.8542639517893997,13.161757152504604,0.0,6.984862615006051
dfs_2b93d09b39942a6f,3.332204510175204,9.658949598003597,10.34354730540879,0.025,3.0593820834766787,1.5046283018151145,0.8855824233088929,3.2695116474559116,0.0,0.0,7.971447494481743,12.91495783144218,2.4146555189783867,3.67812821706281
dfs_c4a700d88616e12a,4.90527477843843,10.442610403128043,10.693262226679666,0.045121951219512194,3.5836702873296837,2.3898315036887228,0.919088885234156,3.427620292015925,0.8492167840789564,0.0,8.891137585349355,13.521174396081587,1.5727155517124787,3.827047320268064
dfs_a1ba7952f71057b6,4.07753744390572,10.268583107539973,11.090705779538261,0.008620689655172414,3.340257955051807,1.9046164432043444,0.8768264347111702,3.0426690009044703,0.0,3.8444857906522407,6.97353300949813,13.132367172174812,2.293814424193674,3.618870137302741
dfs_3b14b11e5e9940d2,4.74493212836325,10.054026824788936,11.991777332840016,0.05935483870967742,6.097903451911589,2.3193687000106986,0.8123208212784259,3.578862260979684,0.0,4.670354031861141,9.69362766261572,13.796130981169611,3.4518191713062434,4.482900506378911
dfs_88a84cd2fe9ca72f,2.639057329615259,10.663160393222663,11.647246545709,0.0,2.7396091676741436,0.7623147784595168,0.8948222682133978,2.9664734702191007,0.0,0.0,8.118051844706418,13.036916593981411,2.293814424193674,2.162800266698063
dfs_69fb52600b67bc28,4.653960350157523,9.929240882383008,10.746927982596027,0.0,,,,,,,,,1.5727155517124787,5.1973541116589494
dfs_26b3052d25d15d4b,3.6888794541139363,10.768736092581396,11.7607694337224,0.0,3.0008678252410665,0.5183275519312253,0.7725462373402399,3.8453844839033984,0.0,6.017903492830488,8.677132389848339,13.5035030055207,0.8212059263546096,4.439660072665118
dfs_48dfd7c52cd27c21,3.784189633918261,0.0,,,0.18684941597466734,0.0,0.0,3.7488982215843447,2.8109811962252116,4.171579255983393,6.703197327865893,13.424585725825668,0.0,6.323388493738523
dfs_60cad2288987ad81,1.6094379124341003,9.588377905060378,11.495596176448407,0.12320916905444126,2.9167709188133646,1.5346811226596824,0.8377916555255945,3.231682228696845,0.0,4.599450173997774,6.155209497954719,13.050085114925848,1.2659553055395139,3.7286929857929496
dfs_c0f872c323e78132,4.394449154672439,9.62339033412749,,0.12179487179487179,4.743099637667428,0.6995328746640876,0.530143981892652,3.1787349791602706,0.0,4.470923667488446,8.879795744264358,13.549786957239867,3.119942268016456,5.649348039187672
dfs_4a15a422dcf93f38,4.219507705176107,9.396073726260262,,0.08832807570977919,3.015884020246591,2.189217415905255,0.8543952091824528,3.5292342481019805,0.0,4.299400177678837,8.073187762106004,13.261432906203483,1.5727155517124787,4.2185404340951544
dfs_7eee513ab830498a,4.430816798843313,8.62024880379107,12.14935413491861,0.03106508875739645,7.075775939733857,4.263548386621239,0.7529708732846061,3.441796330035743,1.8226561434071085,4.507984722765767,8.820849910272013,13.581228958239562,3.8734872112924554,3.947333713541937
dfs_487b108d2db09190,2.70805020110221,9.024716581558257,11.28657678270707,0.0,2.322580144470516,1.212536384828221,0.7867095229241824,3.6237429702393187,2.4666590357055758,4.71171221744242,5.326451701324158,13.66517010997549,1.807133707454955,4.096028054337226
dfs_b1e43278dc6a4cac,4.330733340286331,10.03959539282777,12.076914533302284,0.06280788177339902,6.681503232249115,3.302074352841755,0.7529308777905114,3.4167919007030285,0.0,4.2601234833055015,10.081723201055732,13.929365890282678,3.9741114275380682,3.8418329113621743
dfs_1c3ff9ca0db21f53,2.1972245773362196,9.044949486642112,11.698724302343727,0.0817490494296578,2.736000127441131,2.2496131419789482,0.6652879491269864,3.0294331861354977,0.0,4.575388414128743,5.915436941912543,12.7636177195881,2.1563374497238987,4.649574412967594
dfs_c33446ea3d9e5fcd,4.3694478524670215,10.597732600523837,11.651451861764512,0.0,4.802330220832712,2.7172854015523638,0.7823563820820753,3.623245390655153,1.9339547922802904,0.0,9.871216889897998,13.608079171557028,3.22650867441372,2.9794093123313377
dfs_8493a19cbcbc8b22,4.477336814478207,10.696771570934644,12.429224196812383,0.042789223454833596,,,,,,,,,3.22650867441372,4.524111132928099
dfs_b40576f4e676a8db,3.295836866004329,6.379065923771364,,0.0,3.1092958255193386,2.4541927502193803,0.8303220885922638,3.349862250906147,2.213298396605888,4.237281510372564,5.264660404795732,13.133222206339202,1.807133707454955,5.084745436038987
dfs_c9be4bd19fe93df8,4.844187086458591,10.883898379179591,10.659703424563057,0.16870748299319727,3.629571139508472,1.9453648684773392,0.5207539289565429,3.4929187207878396,0.0,4.353513421408167,8.91880957344806,13.505596509737408,0.8212059263546096,5.134935210422123
dfs_22a51c8bbf1e0bb4,4.418840607796598,10.459985206922351,,0.12338858195211787,3.497986509972004,1.6855225842844246,0.6403166614569811,2.8322105789506153,2.547954382069251,0.0,9.631543313949932,13.409867434012229,2.789868226539849,2.0147117706701336
dfs_84feaf0ed772ff26,4.477336814478207,10.45749747673962,11.200185379844262,0.11850311850311851,4.2164336174908765,3.2303196646725842,0.8628753077348783,3.543566788996832,0.0,5.343198100584686,9.421658296208209,13.487288395697817,2.1563374497238987,2.5738188470737544
dfs_67abc792d755382f,4.2626798770413155,10.884845998493509,12.09496229789174,0.0057306590257879654,4.965022603973693,4.0360493232652255,0.8279913142539225,3.563258766680548,0.0,0.0,10.106198851466916,13.56375531825457,3.0620738268031755,2.7052409422043393
dfs_4c1665643ad8e740,4.564348191467836,9.2099891033099,10.68434794707383,0.09900990099009901,4.627287623121323,2.428214243175518,0.8644089409486961,3.2283046432735745,0.12030246687724604,4.89843647061219,7.832669933222492,13.671648270652781,3.6014327256248992,2.943123040260253
dfs_b28a5baefcb4e2a5,4.290459441148391,10.611013238958916,11.533041768555053,0.03200883002207505,3.9393482840655354,0.0,0.5095437481932094,3.296235789085097,0.0,4.77164161831865,8.788407602176157,13.772320135932532,1.2659553055395139,5.725764397385618
dfs_f17043b11a9d32f1,1.0986122886681096,7.589896275165347,11.811495547328615,0.009146341463414634,1.410205901379872,0.5127755726036596,0.9641457917873738,2.6985502264494388,0.06801439633472364,4.429330113484021,3.880618229646979,12.548722191798014,1.807133707454955,4.846731354136598
dfs_82a365b40d8cb621,5.153291594497779,9.871543714107066,11.96333844445096,0.03855421686746988,4.359067214644442,2.402432447061228,0.7625252808715471,3.5162924474313457,1.7347023048316432,4.7484402150829395,10.12491864245694,13.428541341391941,2.7084257966964724,5.0004280120576485
dfs_1d64d5c69dcb6401,4.0943445622221,10.954851953770127,11.417031114571483,0.13118279569892474,3.3230015143336082,2.766499308075421,0.7230696042570444,3.480359370463227,0.0,4.194606540968607,8.470084169550464,13.303527598076453,1.807133707454955,3.6164990824972074
dfs_1d3e4b235e31aea6,4.465908118654584,10.396169849165835,12.429224196812383,0.0,3.8179516987158952,2.5419215842750322,0.840951624057142,3.6513422408281726,2.3016529214920056,4.740521632383173,9.499708150614103,13.457281549950407,2.5224557664912224,3.4857502854580837
dfs_2eadff8dfbab0e72,4.174387269895637,11.047561166447837,11.797382342066316,0.08553459119496855,3.450018737539345,2.2886658642625393,0.8720061125950999,2.8330061244875813,0.0,0.0,9.316842375523745,13.253102124220929,2.4146555189783867,5.133491052700174
dfs_1fd823cd10ad655b,4.762173934797756,10.264536811558195,12.340389354712912,0.07043235704323571,6.810292875989046,4.591855373715217,0.8245961480908294,3.6140240254471987,0.0,4.522693524872332,9.461391923599159,13.517710807324207,3.4106363451196224,4.237835879789537
dfs_fe01be3a16d763f9,0.6931471805599453,8.608481249277295,11.32207967995518,0.08644067796610169,1.3866613282055056,0.09979686174178325,0.6011540917757646,3.485280035613545,0.0,5.218505174817695,5.736450724266888,12.896821953490118,1.5727155517124787,5.229370816518737
dfs_52ea8d4edc2fcec2,4.2626798770413155,9.706150786502745,10.94537074695815,0.08182912154031288,3.015884020246591,2.189217415905255,0.8543952091824528,3.5292342481019805,0.0,4.299400177678837,8.073187762106004,13.261432906203483,1.2659553055395139,4.2185404340951544
dfs_d5ee51e17e56d1b7,3.5553480614894135,10.227796072952879,11.502814521219499,0.09200603318250378,2.2003877991344596,0.651045443147306,0.8180760359111027,3.5053791837750126,0.0,4.995908142899167,8.515680425909263,13.55745977703601,2.4146555189783867,3.903272131911627
dfs_b74e3f448cfe27b9,2.772588722239781,8.528751496661034,11.206332367626686,0.23563218390804597,2.995596920287511,1.8711059828298042,0.8712709606568073,3.3589099966307168,0.0,5.152266210067918,6.322140023052457,13.277767556986689,1.2659553055395139,4.755989427353996
dfs_1bd8799123cd2d45,4.465908118654584,10.458887532541251,11.472551286831916,0.0,4.719801229449292,2.7536778995525264,0.546669882296614,3.65579856663637,0.0,5.456047851045862,9.282113546214287,13.483122569435272,2.1563374497238987,4.094475568779855
dfs_872c177b9976b606,4.219507705176107,10.634405823687773,12.2352527352925,0.023575638506876228,4.564513484862704,0.0,0.5071134750525824,3.8211743251988985,1.918962838695514,0.0,9.269003991879893,13.548616248318336,2.7084257966964724,3.7305954595121857
dfs_9eb12eaed2a8bc0b,3.295836866004329,10.294871309816129,12.17877338859235,0.03829787234042553,4.064280677002751,2.940703667021677,0.887556431261022,3.3323245693144257,0.0,0.0,8.835218596115016,13.224186845076575,2.1563374497238987,3.1534230753764727
dfs_f85ae358f8e33206,1.9459101490553132,10.212872034172321,11.589071359149516,0.0855614973262032,2.256863572423669,1.1625250222693315,0.6250514336934413,2.33870246834165,0.0,4.413884850786085,7.312861201064057,13.475902008250829,1.5727155517124787,3.7932620046831045
dfs_e5e1aa6b27c942d6,5.262690188904886,8.256808003035712,,0.4358974358974359,3.274865538722428,2.3376955341164063,0.6825597185612915,3.292241716502941,0.0,4.884300791145273,7.311345887119137,13.752528158774005,2.7084257966964724,5.300994971658077
dfs_90aaa5d7d92325df,3.4657359027997265,10.526989908563513,10.944629614049688,0.024029574861367836,5.019334511192957,2.8810327453721762,0.4229372455381336,3.0593997704122207,0.0,4.0454516962678015,9.05784945796227,13.270260832223869,1.807133707454955,2.8570346424829296
dfs_153055f95bd7a785,4.852030263919617,10.223373403545231,11.870236206746673,0.10019455252918288,4.565170937198459,2.444759803032357,0.6751932330336113,3.658840964055582,0.0,4.485812713223388,9.305880565616206,13.512993658238958,3.0006498211243393,5.099739261742283
dfs_bff7b35228f999b4,5.420534999272286,9.593368715331676,11.771443882099637,0.09814612868047982,7.102285406624366,4.386937893794496,0.9013993158765462,3.3524942346128275,1.8346741896849987,0.0,9.491911239501107,13.881192487661062,2.9352045584387274,4.423334530221535
dfs_b6636d81f9dc0733,5.814130531825066,9.301735297929737,11.576172527534057,0.07644628099173553,7.154137915564674,4.353580503882807,0.8374052449312414,3.3507468559610434,1.8735365534475572,3.029411054302419,8.95647989274598,13.706903667417984,3.4106363451196224,0.0
dfs_9120eae87b180155,3.091042453358316,9.47561181933882,11.444046872667448,0.02288329519450801,4.119980288911468,2.6010440463873503,0.7898221447225314,3.604547446376448,0.0,4.627890639269155,8.560913086992354,13.010962432810647,2.293814424193674,4.7277316774446465
dfs_a1304b911730b99d,3.295836866004329,0.0,,,4.850762106403298,2.2565482261885,0.8500535039046089,3.550353594198743,2.3100722920005934,4.5437915015281245,5.898469009027747,13.511823757059654,1.996901660409805,4.718361535834347
dfs_bec996fc8d84cb6f,4.31748811353631,10.184896528142387,11.169772964992372,0.06842539159109645,4.3539722059396135,1.611685902808102,0.766559797875434,3.504865834801005,2.536343240283901,2.916293363182448,7.631351269090183,13.583529319079725,2.1563374497238987,5.508281748949721
dfs_a24bd1498f46be17,2.772588722239781,8.998756969226282,11.931333122447288,0.0022988505747126436,3.2935547667820053,1.9047749474114417,0.9015940920784954,3.552537928421958,0.0,5.52375710431016,6.648527929973644,13.567064583162818,2.8651744031446778,3.7658135475226704
dfs_dee660f19cd32c99,4.634728988229636,9.872154857640771,11.436152406164314,0.021251475796930343,2.1104934374625053,0.0,0.693554335268299,3.547826047400165,0.0,5.041033171489176,8.253638419629644,13.698828416101883,2.293814424193674,3.6404399228228668
dfs_96498dc670fc685e,4.709530201312334,6.7716528292667935,,0.12121212121212122,,,,,,,,,3.9741114275380682,4.240103735904428
dfs_69a6d6e7644dce07,5.493061443340548,8.365165232601553,11.175590856613375,0.0,5.193750169287973,2.0412128922631387,0.19677101291592017,3.2934306531486333,0.0,5.406089523320143,8.055162836993949,13.770869822993827,2.7084257966964724,0.0
dfs_cfafe4e0ef3dfe04,3.332204510175204,9.849048381970444,10.997773830833216,0.06428571428571428,5.382380183468143,2.188853649412911,0.2896018325982899,3.339983656412264,0.024828322553405082,5.324116765736946,7.331866103010753,12.958382202876598,2.4146555189783867,4.926658523261017
dfs_33ecd20869d21580,3.6375861597263857,9.785685781701243,11.2355632920364,0.17378048780487804,,,,,,,,,0.8212059263546096,5.614932796432271
dfs_815611b3f413a441,2.8903717578961645,10.08613398927519,11.271299664277132,0.04568527918781726,2.3696030637540195,2.2595723800648306,0.24486286738523258,3.4215673452056303,0.0,0.0,7.081430812731804,12.847542247348478,0.8212059263546096,5.573432358276454
dfs_e40720d651a2510f,2.772588722239781,9.828870704899595,11.347118783793917,0.15863453815261044,1.6441416327343452,0.19870264266096194,0.661395382266709,3.3857474964910703,0.0,5.525997222979073,7.22160620767195,13.518120178702477,1.5727155517124787,5.644662953579836
dfs_cc6a9a6cb0f29634,4.204692619390966,9.912163832763357,11.171969190058952,0.06493506493506493,3.45192047546787,1.1789466080696096,0.701202873827184,3.2751544328805777,0.0,5.002421631345266,8.678332387518898,13.752388632980413,1.5727155517124787,4.322775523628465
dfs_94e1e4b3f9c36efb,4.859812404361672,10.198559727217567,,0.04904904904904905,3.537780775584242,1.7770626152289966,0.7160212550748923,3.674730103906069,2.2648288276558417,3.4465459305568595,8.424526889952576,13.561411542029532,2.4146555189783867,4.755662632473295
dfs_b76f1de721511937,2.1972245773362196,8.890754575836661,11.669211007213342,0.03472931562819203,3.1731432503230903,0.46389788668586046,0.6935057025598846,3.419939390312327,0.0,4.9381684072504015,5.3106194334998245,13.607940113887867,0.0,6.569149310592467
dfs_a31e4beba5c32cdf,4.0943445622221,10.88595216310492,12.173001783219286,0.013869625520110958,4.472361790190814,2.6614775697417272,0.8079958414810807,3.8684648536836357,2.717634224224153,0.0,9.885890227118846,13.700106440437008,2.6197576726867497,5.275305026548985
dfs_7702431c908ade2d,4.31748811353631,11.163266864479677,12.181006088031118,0.19362186788154898,4.883458145857485,2.939876022974781,0.3386285583666367,3.4676582789415145,0.0,4.683483794983245,9.650992140685712,13.377857945602864,2.5224557664912224,4.351459266833762
dfs_d3dd977034f9b974,2.772588722239781,10.218893108586231,10.900823566261407,0.02538787023977433,2.246273088048579,0.855432117618462,0.36546251768375426,3.1072542835719674,0.0,0.0,7.841294186324533,13.052037474969142,1.2659553055395139,5.379089831434553
dfs_f1a65a2ba9fbac8a,4.727387818712341,10.718259307739883,12.030611502192858,0.05241935483870968,4.299734472674036,1.887124186377208,0.5473027482560646,3.7021748700466963,0.0,0.0,10.039494192795456,13.392411888434768,3.0006498211243393,2.13662593336092
dfs_16af1602876554ad,4.672828834461906,11.09701516805099,11.58292716075612,0.08780795957043588,3.5200869387921405,2.9965655335954944,0.6652392555843448,3.2186997216477673,0.0,4.947999037982955,9.03258636777594,13.511833240927258,1.807133707454955,3.2901175643306435
dfs_00794f902290c13b,4.356708826689592,9.441418950319182,12.135596531725849,0.06179775280898876,7.1674296480381265,3.037959626315032,0.6967525928383413,3.6045573429957227,1.3978712228661296,4.13300514897262,8.854774002360383,13.885176536197378,4.087135624454778,4.126328187782586
dfs_e147ef8f6341374a,5.247024072160486,8.9464362124937,,0.296551724137931,5.708316194521091,3.05350997904407,0.3575653351584455,3.393349985608822,0.0,4.892605069129603,8.4564151577078,13.755507867708307,2.7084257966964724,4.046264872402673
dfs_fd4f1e299572d8b6,4.0943445622221,10.464447708920922,11.938199736300925,0.03988831272437176,4.400402028662769,0.8749782594815292,0.801579729758352,3.7339670511468794,2.56733091180153,4.900226167113467,6.683053555633151,13.92322530025463,1.996901660409805,5.464372643839963
dfs_9dcc022ee0658d0b,4.343805421853684,10.123567241460117,12.395576679800147,0.01689545934530095,5.833582069314111,2.807337174490028,0.48988816575263966,3.4456196275917006,0.0726101649982274,4.7914277943495245,8.753342433774081,13.589217050743953,3.22650867441372,2.093992198985617
dfs_a624ba8d7d0fd237,5.19295685089021,10.760972627494112,11.861368620515416,0.05456852791878172,5.1290047208745495,3.1045735929095044,0.7964937367708781,3.772390549742013,0.0,5.455417045021667,10.226083969459278,13.436654274120139,2.7084257966964724,3.7879876289138594
dfs_3a07cf2e13f760ec,3.295836866004329,8.82055101067856,10.875212991298383,0.09671179883945841,5.159289838026876,1.4838001339476738,0.17928190325741764,3.677102144287131,0.0,4.65791269135796,7.572967465609938,12.981490818522913,1.996901660409805,3.6968149448942063
dfs_9ebd27eccf09abfe,3.7376696182833684,11.156972420886314,11.677125480650488,0.03734439834024896,3.8615138505928703,1.028608426831583,0.7079055201354324,3.286876084068973,1.0947746618684568,0.0,8.542199195963487,13.234341150640375,2.5224557664912224,1.8103752300841274
dfs_9d917b6a8fe64a17,3.713572066704308,9.28350111078734,,0.17406749555950266,2.80861881318482,2.1079640477067407,0.7195359742745777,3.662097050214435,2.8930819488211768,4.550545617006842,7.872263793437108,13.35006611979416,0.8212059263546096,6.152156888535586
dfs_54038e2a95d35b31,2.70805020110221,9.712344363089642,10.893660516800988,0.0,,,,,,,,,2.6197576726867497,2.607504423792077
dfs_264f9ce91410f4b4,4.919980925828125,9.947300938429834,11.311616788263537,0.01348314606741573,7.12573065630007,2.197589453915631,0.7646755641339724,3.1920360877337153,0.7918053084717013,0.0,9.226791420600108,13.625400348207059,2.9352045584387274,4.0401491216892405
dfs_f12b335fdf08fc26,2.0794415416798357,9.459990093434023,11.518748478273016,0.04716981132075472,3.3208760091062133,0.7488608614923618,0.657894308978417,3.676841716270595,0.0,5.282351195110672,7.601543380848136,12.879231381530982,1.2659553055395139,4.8871866195506595
dfs_ad6afc553f47b575,3.258096538021482,8.153605598204756,11.44446459480262,0.05136986301369863,2.7458114788290233,1.5719041318785616,0.8600961291789382,3.3227661317713166,0.0,4.707472527109105,6.651357787052101,13.492705498533157,2.1563374497238987,4.638036464974386
dfs_10631758b56712e7,3.9889840465642745,9.42794169107656,11.467854874601327,0.09852941176470588,,,,,,,,,1.5727155517124787,2.9095301862930882
dfs_d55bdaff61f58508,5.902633333401366,9.515826682287745,12.429224196812383,0.01091901728844404,7.124858691720833,4.285427869011039,0.8850906464517411,3.335216930499754,1.1030955981392276,3.591815626103021,9.53194411246356,13.828390257391005,3.899608315072645,4.214141461781557
dfs_62db0d0d4e915f9b,4.727387818712341,10.559297617564818,11.776880770752264,0.0,5.009383784491791,2.71855907856876,0.931445305675763,3.1774055361604248,1.67340879620125,0.0,9.81655862589101,13.490784069173111,3.0006498211243393,3.485920920025003
dfs_53e32c26b06385bd,4.852030263919617,9.947300938429834,11.311616788263537,0.01348314606741573,6.48814521914762,3.084099485004735,0.7315267719505488,3.520843423554592,1.9294938345529529,3.703576674348329,9.46355057766389,13.63626067873476,3.4518191713062434,4.487430704009676
dfs_59832588165e5b0d,5.902633333401366,9.301735297929737,11.576172527534057,0.07644628099173553,7.154137915564674,4.353580503882807,0.8374052449312414,3.3507468559610434,1.8735365534475572,3.029411054302419,8.95647989274598,13.706903667417984,3.4518191713062434,2.5018932019494167
dfs_2b24da7489c0b2da,3.4339872044851463,9.414407277729588,12.16940347442314,0.0,3.1023646686655675,1.8371769149498145,0.7443671615236607,3.923498052568471,0.0,6.4102418250552935,7.946480585622136,13.437016440580473,2.1563374497238987,3.9948962651679203
dfs_1d576857ac259b4f,2.1972245773362196,10.190268238359,11.149542357241431,0.022774327122153208,3.0093059348119917,2.251600916423246,0.8316616845901712,3.2028426379522954,0.0,4.984406252026435,8.6153063706356,13.20296592833638,2.9352045584387274,4.1267619749493205
dfs_9c231b4ccf4ebe10,2.0794415416798357,8.322566524136608,11.79732214643048,0.08755760368663594,1.9169120133643285,1.0795228462637345,0.9654770886084548,3.488777148267169,0.0,4.951077510922191,6.624771060649238,13.210927215369237,0.0,6.868484318642077
dfs_30cc5616be6f9152,4.07753744390572,9.427686718877304,11.135216564531996,0.025,4.158557905710318,3.596644114630928,0.6993532801305652,3.5745930739301808,0.0,4.675770799448478,7.695153760677665,13.688323568413644,1.996901660409805,4.161227650682029
dfs_fbb0a0860b3a9d6e,6.028278520230698,7.0379396444192395,11.922555222209168,0.0,7.434867685767489,5.3143429531040365,0.8817944755033347,3.265347396466099,2.1245474954120827,2.756068646061024,9.571561144209412,13.698197786716248,3.4913728443217287,4.513590059502646
dfs_ae4187b0641e117b,1.9459101490553132,8.83178624667287,11.585608851454896,0.04926108374384237,1.469031579389058,0.0,0.18250103531464995,3.6412064110290734,0.0,5.933499488872695,5.61107200143547,13.40804595219232,0.0,6.636875037902533
dfs_e5e4b9a95991c4e3,3.4011973816621555,9.97570595232779,,0.06319702602230483,2.8813313433343546,1.4415598157234468,0.8246380153843372,2.9475866566719766,0.0,0.0,7.3016500536356235,12.866389252436825,2.1563374497238987,5.096838277886815
dfs_8619bf4d98edc4d7,3.258096538021482,7.910382132089024,,,6.438661928414624,2.4870397240033912,0.06390518745078107,3.292190109729997,0.0,4.251068887384777,8.291705126336236,13.171128779362418,1.5727155517124787,4.988780803026291
dfs_e1039acb59b0e74f,1.3862943611198906,8.098292604088387,11.76298354882532,0.08862876254180602,2.335498927854318,0.11205019969363211,0.6823448318763703,3.004673139789154,0.0,4.9909817407264585,4.499700178445136,13.456136259759035,0.8212059263546096,3.6880164171303216
dfs_aa35476ddbb4d160,2.9444389791664403,9.964265792587318,10.830856691617283,0.0,2.6126997431610084,1.4407713354732121,0.8716783883248763,3.4234208893143316,0.0,4.213001621060119,7.243326731047304,12.881305315179816,2.1563374497238987,3.438522125585233
dfs_5e23f7e21c58ba03,2.0794415416798357,8.612478125368984,11.672950286765573,0.0663265306122449,1.595560130697978,0.5826270242742486,0.7995019689386238,3.3536047322206235,0.0,5.105658614712163,6.353666812823553,13.155827166609333,0.8212059263546096,3.8176700666054515
dfs_5cd02b7574360ad0,4.543294782270004,9.503087538063692,,0.0,2.016326253325569,1.1703621376111562,0.8430525332358014,3.7161481979175024,2.9385526418355177,4.231019335631517,8.431880584367184,13.661501201483734,1.807133707454955,4.63316599677071
dfs_50c956fa7e3011c1,4.343805421853684,9.564649429386892,,0.0,7.15210330154699,2.1567291444257486,0.6048848655322846,3.6756954290543202,2.798549962134293,4.111648330962977,9.082896729749473,13.858505869120126,3.8734872112924554,2.0148093310034345
dfs_7f7139b01fa31035,3.4657359027997265,10.12074568069066,11.382828169079987,0.0,3.517574459872383,1.7277050810507741,0.8631736324754642,3.48725835367174,0.0,4.887586183849005,7.1999612700332385,12.915523692796649,1.996901660409805,3.8888120651567237
dfs_13ba2c1c851ca3a8,4.804021044733257,10.318604998912432,11.23150375548926,0.3205240174672489,,,,,,,,,3.6355827541784427,3.8193274428641026
dfs_71841f28610a0ac1,3.2188758248682006,9.690925078845812,11.113134229957868,0.04695652173913043,3.1615155918044007,1.7637868147083084,0.7219550750741763,3.1972388161154734,0.0,3.7972516601594424,7.339945647073687,13.140837671876575,0.8212059263546096,5.892825592722807
dfs_7943b4b13b12a816,2.639057329615259,10.18552385222704,10.890329940361228,0.0680379746835443,2.2580519671497252,1.0337922292440482,0.887771187675267,3.495617953497776,0.0,5.3559713135301,8.9392823574058,13.17845633495837,2.1563374497238987,4.765058502322689
dfs_354d4ca5780abc4e,4.02535169073515,10.465438503957195,11.497334555923976,0.06451612903225806,4.660923267152187,2.2268482718680156,0.36632471158548624,3.0839171862608725,0.0,0.0,8.254284884700196,13.453192579154235,1.807133707454955,3.7662357770870605
dfs_64e3ca5db83d42fd,4.406719247264253,10.252642850406204,12.353958025003001,0.0,5.645860762568085,5.400233161305603,0.4965759776158332,3.2523403269544677,0.309723459906541,0.0,10.147155738358139,13.790796670147586,3.4518191713062434,5.0656521338507075
dfs_1ed9a679e3ba4033,4.499809670330265,10.341104195450514,12.276363341145608,0.0,7.0148580179440705,1.2022018369607954,0.2691754016364908,3.3314746070866774,0.0,4.608204652707402,10.302000962189508,13.598385111475627,3.4106363451196224,3.549824517432651
dfs_9b7403cbec3dd1f2,5.7430031878094825,9.842356488324786,11.77425072832449,0.09173715029277814,7.300707808832833,4.946544591926088,0.7925948481488273,3.463691952034393,0.8265773134524672,3.95682536637479,9.506564855106696,13.736415401222526,3.7005714823508122,3.1287357984486768
dfs_9c3c4cbd63d0902f,4.189654742026425,9.834120884370291,11.287842534274967,0.0,3.8852263091912063,2.3870587662148486,0.8223944685521305,3.6237497430740584,0.0,4.667224821356863,8.236971852162018,13.81877422639987,1.996901660409805,4.802974586932048
dfs_e9c2013345f78dc7,5.351858133476067,8.288944219421792,10.102707195730964,0.11904761904761904,7.789873534417853,4.732439084878656,0.7545697319490239,3.4567572565065223,0.0006624198967019077,4.483866097192054,10.165159866280156,13.682838224813905,3.6355827541784427,4.948486801016035
dfs_5180e1d4fdfc802a,4.969813299576001,10.462228034720455,12.306754734396083,0.046153846153846156,6.223099849109933,3.728681835629385,0.5389824812106082,4.031472698219104,0.0,5.541244038814226,10.176799347894221,13.511773626550962,3.3676843746371405,2.0148773065005283
dfs_f78bc9395edf8b52,3.970291913552122,10.248406933632728,12.429224196812383,0.036458333333333336,5.987643876248244,3.611543612922728,0.6402774045197678,3.6393243706265794,1.890091581167364,4.682233975226449,9.014726187202418,13.610254811647518,3.119942268016456,4.988353442171953
dfs_f16f0372431d6a40,1.6094379124341003,8.953589751622886,11.762773262718616,0.0,2.2694177921397096,0.24670298472134794,0.6772483372627233,3.705694369411654,2.0716619890345904,4.664599049738982,7.132944843343429,13.586915926471574,0.0,6.859876309572626
dfs_2e339efd4f298b86,4.955827057601261,10.264536811558195,12.340389354712912,0.07043235704323571,6.810292875989046,4.591855373715217,0.8245961480908294,3.6140240254471987,0.0,4.522693524872332,9.461391923599159,13.517710807324207,3.4913728443217287,4.31673717613257
dfs_dd8912d36d1d0ebf,2.70805020110221,9.21243600412299,11.302216779257382,0.12056737588652482,,,,,,,,,1.807133707454955,3.721943750222256
dfs_6177ad46c11e9a22,3.5263605246161616,10.14873774976793,11.171040606504132,0.14601769911504425,3.4754234469145,1.5569559310096737,0.7026003684719205,3.1985531473390876,0.0,5.020953311058905,8.79304911867986,13.401758709468663,1.2659553055395139,5.213579098020059
dfs_c408f4d1703853c8,4.143134726391533,10.569872734209246,11.043945311794133,0.02696871628910464,3.5061179218908216,1.6694328951038286,0.8639238417846399,3.3043523879562455,0.0,4.2477307772987745,8.559904393036113,13.373024036469149,1.2659553055395139,4.221215331617478
dfs_b86c856e744a460b,4.762173934797756,10.403212678645078,11.603140870241532,0.027247956403269755,4.319974348623362,3.3080348238925747,0.8086988925301657,3.267100263996534,0.0,5.350799866038919,8.608545159887703,13.685604585554792,2.5224557664912224,3.824530638428447
dfs_ecd98c13eeba835d,3.6888794541139363,10.201459929723683,11.503743438895341,0.0,3.1164139298799753,1.2578294628228002,0.967566089904378,3.512462514625397,0.0,4.863602578737047,8.289754059584714,13.751850584124318,1.2659553055395139,4.5781604132148805
dfs_0400bd341ac2618e,2.3978952727983707,8.419257802741859,11.266078186956783,0.044573643410852716,1.7638219243413609,0.07724853819451985,0.7342911514319279,3.4491510587141105,0.0,5.188728888048136,6.490577781311983,13.497652399457158,1.2659553055395139,6.143487801760292
dfs_6c3b582e7fcb7613,5.869296913133774,6.544704608931094,11.4213692302888,0.2727272727272727,7.102285406624366,4.386937893794496,0.9013993158765462,3.3524942346128275,1.8346741896849987,0.0,9.491911239501107,13.881192487661062,3.8466654526656625,4.214141461781557
dfs_5fbd4ab8b0f174d0,5.1647859739235145,9.932390890431925,12.298856910623504,0.0756234915526951,7.3186503871562465,3.155832838233634,0.5231554471572339,3.3999153644246762,2.5479489335340477,0.0,9.467248065075633,13.645402906817823,3.529421369656171,4.057202783517952
dfs_538b2fe450a87121,4.787491742782046,10.054026824788936,11.991777332840016,0.05935483870967742,6.097903451911589,2.3193687000106986,0.8123208212784259,3.578862260979684,0.0,4.670354031861141,9.69362766261572,13.796130981169611,3.4913728443217287,3.8918459234862364
dfs_800d856b9483aa95,3.8918202981106265,9.396373968712968,,0.11455108359133127,6.9468278000735,2.515903281652096,0.6177876443954804,3.761475864333623,1.8043084034806594,5.319698583798728,8.395885425256497,13.565610985445597,3.0620738268031755,4.457406426588953
dfs_ea1b89d93df34dbe,4.532599493153256,10.57769929288202,11.156507630833081,0.02592912705272256,2.771285597579056,2.242860553745403,0.7047002315222441,2.758693269062263,0.0,4.055704674628195,7.9506051188669415,13.627824638671168,1.5727155517124787,4.778156298784869
dfs_65ecfe2dd60382a6,5.840641657373398,9.301735297929737,11.576172527534057,0.07644628099173553,7.154137915564674,4.353580503882807,0.8374052449312414,3.3507468559610434,1.8735365534475572,3.029411054302419,8.95647989274598,13.706903667417984,3.4106363451196224,2.5018932019494167
dfs_f59087db84b5454b,3.9889840465642745,10.564632118780196,10.922984481188694,0.1892361111111111,3.219923059017831,2.238925177817208,0.8289179223516491,3.312421882849893,0.0,4.7151379189188285,9.025944872127114,13.395658451532933,1.5727155517124787,4.409852669463366
dfs_069855f2726fdcbf,4.343805421853684,10.433943406370162,11.879822979929134,0.026785714285714284,4.415711709945013,1.3405658592413525,0.5946105839987089,3.5877204736169013,2.549922306798013,0.0,8.840197994461818,13.631123669841122,3.275815204077272,5.390322022846332
dfs_5d3541fb4837acfa,4.382026634673881,8.62024880379107,12.14935413491861,0.03106508875739645,7.075775939733857,4.263548386621239,0.7529708732846061,3.441796330035743,1.8226561434071085,4.507984722765767,8.820849910272013,13.581228958239562,3.529421369656171,4.411594607295604
dfs_9ed0b17383fedc30,3.332204510175204,9.161622812310366,11.002649690009672,0.0,3.565188996445113,1.0649988363996985,0.339274855013728,3.5621945296812,0.0,5.415026502771769,7.756335445927041,13.537659997425783,1.996901660409805,4.438015113989721
dfs_79509e7e0872bf21,2.8903717578961645,9.619763112924524,12.174654215251746,0.0,3.506320288099626,1.5867195915473031,0.5806451015524332,3.356478714797112,0.0,4.68184821404615,7.757213013117522,13.433938230471027,1.807133707454955,4.710057726470213
dfs_655a8bdeb5e73bea,4.553876891600541,9.934561144585928,10.987426038970444,0.06485671191553545,5.666324671167185,3.2022361366501406,0.830926675107132,3.3306956816866373,0.0,4.697369959343955,9.134401602408696,13.636475993088567,3.4106363451196224,2.534764069378118
dfs_363fab56f0f1c82f,4.189654742026425,11.684631174149384,12.094789067564824,0.0,5.048760562219352,0.4956454714938481,0.3391199072578792,3.5807859705427862,0.0,4.92627925998575,9.0622500794471,13.780347521295697,2.8651744031446778,3.840775402410599
dfs_e9ad50cbf1f2f460,4.127134385045092,10.268739492950829,10.501362052588641,0.08573717948717949,3.6711958642041127,0.5712675779042105,0.30376489820597774,3.07494981198311,0.0,4.077789314221171,8.385060157233806,13.636224788501448,2.1563374497238987,5.336824658754854
dfs_021d97693a19233e,2.639057329615259,0.0,,,3.218363040687803,1.391192039196371,0.6511098347683645,3.108539629692097,1.8916092689203183,4.227426640347218,5.367145525751331,13.254133469849934,0.8212059263546096,5.537570715964269
dfs_eef150ccf9b1b0e5,4.189654742026425,10.238769271781543,10.819798284210286,0.0,2.3049281712245193,1.2375157543861852,0.8027306458489606,3.3582854054081013,0.0,5.100893921872521,9.32877935438134,13.634640746877395,2.7084257966964724,2.516907656090872
dfs_03dc65fcbdaba84d,4.454347296253507,10.127964180324764,11.12651270276754,0.006944444444444444,3.3165060594860707,2.7390368238269662,0.7749702449619347,3.783898969821257,0.0,5.580078930093666,8.874938963651847,13.470484642716952,1.5727155517124787,4.320192209277669
dfs_d64e6738c62a3ddc,2.0794415416798357,9.366422005148065,11.279403241077631,0.06017925736235595,1.4839347376500354,0.26738292529544927,0.799677527899983,3.5467084733338456,0.0,4.85165499128604,6.285736621694681,12.828362717993418,2.1563374497238987,2.6203018546701498
dfs_fb3f9d0a43dc021a,3.713572066704308,10.031105918562057,11.923543938319188,0.0,6.764632605638261,3.1732349845845387,0.7071308182644691,4.057872261622182,2.940245309484199,5.1721449690495405,9.02657365755279,13.561308392753096,3.0006498211243393,3.5131144085517834
dfs_b2e895b5ec15e27e,4.90527477843843,10.108343532689764,11.311812449476772,0.10194174757281553,4.507032949458194,2.987292913164351,0.89725069568194,3.4590142128344388,0.0,3.3864309729464828,8.552527975894062,13.327574295892333,2.7084257966964724,3.336649309211963
dfs_245eec2a84ccd548,2.639057329615259,8.600298399394202,11.774497107703782,0.03355704697986577,2.764265335782125,0.7326497809795607,0.6669199953434463,3.393511165286178,0.0,5.0242065387898585,7.057600101479662,13.610604684561286,1.5727155517124787,3.49432114106948
dfs_09241ef47d35ea2a,3.2188758248682006,9.583397570253107,10.982475198067938,0.19123505976095617,3.280923109102455,1.8020201043444115,0.6907164354153077,3.4946690412331454,0.0,5.467460982618661,7.228941622697186,13.10642300200183,1.807133707454955,3.7392956265453527
dfs_9a2dfbb1704d7833,3.7376696182833684,10.14873774976793,11.171040606504132,0.14601769911504425,3.250825196611605,1.1512786200116327,0.5661682071688084,3.489535350337471,0.0,5.340793423563765,8.931426415623148,13.327476554054513,1.2659553055395139,1.990368409769892
dfs_355a0fbc63062d38,4.634728988229636,10.285127717936444,,0.033584647018505824,3.3330894948591285,1.741547003109444,0.8453672129654806,3.4201340417526382,0.0,5.467403470145671,9.00259323219042,13.536940180980906,1.5727155517124787,4.15233950437855
dfs_5ebc853d52cee0cd,4.941642422609304,9.285501186109391,12.429224196812383,0.03545051698670606,6.691485484122061,4.757226350018008,0.878024410524374,3.8343090743009904,0.0,6.208493695145907,9.399807710648792,13.57842020051744,3.5660751120561667,3.841873513900156
dfs_0f57f9987899c3b7,3.6109179126442243,9.818374423066079,12.10551170457556,0.11173184357541899,1.985564144546136,1.1422787748827026,0.8057106273612394,2.3763438211554426,0.0,4.342142483082041,8.293344743378196,13.560641533872221,2.1563374497238987,4.470531066585261
dfs_f66fcced9a2d38f6,4.477336814478207,9.873595511755598,,0.006198347107438017,3.6494091520779843,0.3679690959593145,0.5827242286991986,3.4584371478197617,0.0,0.0,8.69915887475808,13.415268784461295,1.2659553055395139,3.7034713774291173
dfs_d7101b1887680e76,4.852030263919617,9.208074732305137,12.129240196125775,0.03171641791044776,7.218876027522499,2.555187009298325,0.4919252406684339,3.889843299001871,0.35695118345902344,5.704286210637073,8.682363528150137,13.562739927077676,3.3228044116247886,4.144414740881673
dfs_84db50db1f4fcbca,3.912023005428146,10.88300958686494,11.233555418386214,0.08327953518398967,2.019566737922614,1.2848217854821347,0.826192044037312,3.145330715121352,0.0,5.23049954853278,8.854008429454309,13.259003931572884,2.1563374497238987,5.286849063993383
dfs_ac696ec73685deb1,5.25227342804663,10.803397969338103,11.547858151510251,0.10218978102189781,3.025893130143192,0.9197434123147935,0.6766066848892961,3.388678872712885,0.0,4.933994719140113,9.44684342781046,13.651914578067663,2.789868226539849,4.776849582695731
dfs_fcd33750fed7aba5,3.2188758248682006,0.0,,,4.850762106403298,2.2565482261885,0.8500535039046089,3.550353594198743,2.3100722920005934,4.5437915015281245,5.898469009027747,13.511823757059654,1.807133707454955,1.1696856591847087
dfs_815bcccf892d8d2d,4.330733340286331,10.725311272966474,10.995846999538472,0.05114401076716016,1.8596843308106668,0.5440057690357407,0.5974762039755868,2.923379453686619,0.0,3.678163607578277,7.402066242791123,13.418956627114767,1.807133707454955,4.261423508191863
dfs_16d71b0522c41d75,3.1780538303479458,9.136725770121462,,0.010752688172043012,2.6060161576060517,1.6261795444802223,0.8747158333742285,3.264261255827969,0.0,4.39471021428857,6.391287237786224,12.915243262407964,1.2659553055395139,4.932319858845144
dfs_cc00e94ac86f28ba,5.062595033026967,10.22314396714775,12.429224196812383,0.020249221183800622,6.040196000377083,3.0799160834785866,0.840087364265592,3.3888069159137024,1.9260832661256493,0.0,8.973670089686022,13.619835032508112,3.3228044116247886,4.018258267902191
dfs_54e85dc4d9b52d4e,3.332204510175204,6.379065923771364,,0.0,3.1092958255193386,2.4541927502193803,0.8303220885922638,3.349862250906147,2.213298396605888,4.237281510372564,5.264660404795732,13.133222206339202,1.807133707454955,5.093620761271362
dfs_c06da3b3acb3a1b9,4.5217885770490405,11.141452030280183,11.179925194094393,0.03690685413005272,3.418626516715019,1.8491978798673654,0.6467529799540768,3.127828197079533,0.0,0.0,9.415130316320361,13.333636756148051,1.5727155517124787,4.020594306708887
dfs_437811111cd4a532,3.784189633918261,10.565702461071943,10.958235027557299,0.05124223602484472,3.7007376914777557,2.314352004945157,0.4031535810499479,2.953368312868467,0.0,4.243567668056554,7.7160102976373715,13.046427890207939,1.807133707454955,5.529335383798381
dfs_3db7deaa0b0f885e,4.499809670330265,6.736251065457,12.429224196812383,0.18840579710144928,,,,,,,,,3.3228044116247886,3.511583261622323
dfs_6bbbf0f17a675071,4.143134726391533,11.168514229097909,12.105213096419126,0.02691065662002153,4.622782717275905,3.4131320790154445,0.8832782828797001,3.457480916248557,0.0,4.630549130723246,9.075213661164021,13.475158805744524,2.4146555189783867,3.7165002762315975
dfs_981324897083d521,3.332204510175204,9.691344890113857,11.376784957277593,0.12188365650969529,3.5868809736423954,2.627348649265032,0.8547207006524985,3.222298032286339,0.0,3.599113639148709,7.385973914951195,13.436438080012048,2.6197576726867497,4.590522805018463
dfs_8ad5fbe802c7e5cb,3.1354942159291497,9.741432367094749,11.252988252827006,0.04040404040404041,3.299268130955248,1.8035011884625325,0.6572144077857769,3.540257551144345,0.0,5.06601609703802,6.98719437822229,12.876692991508508,2.1563374497238987,4.4389918745423245
dfs_2ce24d3379993443,4.605170185988092,9.848900958176326,12.352680665166265,0.1135091926458833,7.405952455737231,3.2581464723811995,0.6759401581693133,3.5637683391986146,1.0608486804709338,3.8596034749659283,9.56249633427854,13.84182819095692,4.128995525391798,4.191090172795871
dfs_41e536765bf454f2,4.382026634673881,8.519215659692716,,0.0,3.731571457318234,3.17343912829041,0.6896434477228419,3.73348456053184,0.0,5.438720023986425,8.372343130554453,13.457374547187026,1.2659553055395139,4.20407214347853
dfs_ca129311b915d656,4.624972813284271,8.913902593723613,11.352087474843115,0.05709342560553633,3.7263216026728228,1.9337926132459493,0.9247663881122462,3.5411464437916176,0.0,4.881746929317303,7.862547927467994,13.727380737568113,3.22650867441372,4.111224208366183
dfs_9ae6632aead478ec,2.639057329615259,10.529466028910043,11.024154831985069,0.076158940397351,4.494242531154532,1.882734596354446,0.39055394010608646,3.09822250041935,0.0,3.8440538872931627,7.213288233195665,13.191389315011257,3.0006498211243393,1.8108688489966804
dfs_a3bc25e3750353e1,4.955827057601261,0.0,,,4.100371429100207,3.0554034177097753,0.7220098138181829,0.08832389679110077,0.0,0.0,7.660804651433553,13.742389175893543,1.5727155517124787,5.93962081622707
dfs_d779f7c22821dc6c,4.5217885770490405,11.717550947222122,11.929917218650237,0.14169491525423727,4.086309471608274,1.66759658944944,0.7964279534493289,2.7689997229497507,2.7689997229497507,0.0,9.968904905402006,13.625160861722991,3.275815204077272,5.3682876507467485
dfs_69fcb8479849c5bf,2.0794415416798357,9.752023189136015,11.113432488132354,0.22401847575057737,3.751463002091177,1.8609941873955789,0.7625204598091023,3.442570639606106,0.0,4.526719438378771,7.40682345665923,12.994632273392218,2.6197576726867497,4.820343496738618
dfs_66f2542f1c5979e9,3.4657359027997265,9.363009020968164,11.337893276063083,0.0,3.033796854965142,1.228033271831178,0.6433390966245145,3.338507938931669,0.0,4.998360142955026,8.256270559072618,13.561938726522152,1.996901660409805,3.7475460527999926
dfs_ed060d718cbbe831,2.302585092994046,9.764334511850802,11.5517518696249,0.04868355688027819,4.445844394656185,0.334170218609377,0.5510953789946014,3.836089317675039,2.9765941119172474,4.554916249928921,7.4375521982013755,13.618905475574563,1.2659553055395139,4.22789342068829
dfs_ba02c46d8dcd8bc0,2.9444389791664403,10.228940926862151,11.363345987924099,0.0872093023255814,2.5937076260408634,1.7060238762904858,0.808576350924521,3.2747421199803055,0.0,5.195688800984268,6.54143175133096,13.538075801964043,1.2659553055395139,5.669553065443903
dfs_f9f6ccd38af4ca2e,1.9459101490553132,9.48659963218304,11.599460895381918,0.0,1.4282811758624774,0.681000306942434,0.7745022123171362,3.662304740470597,0.0,5.000564479216917,6.604248069584276,13.356320253422004,1.5727155517124787,4.344313457499347
dfs_b9afee0688593579,4.465908118654584,9.773251338082952,11.982566528496957,0.0,6.637717203624146,3.197294735431477,0.75984028651097,3.377161405559332,2.1270791153283044,0.0,9.732721013406403,13.664978323659726,3.4106363451196224,2.3261061478864264
dfs_7a60e3333adc1300,4.553876891600541,8.519215659692716,,0.0,3.731571457318234,3.17343912829041,0.6896434477228419,3.73348456053184,0.0,5.438720023986425,8.372343130554453,13.457374547187026,1.2659553055395139,5.06818797971014
dfs_91ef980230417f30,4.406719247264253,11.131418925910392,11.480846389506482,0.016786570743405275,2.9780890584293775,0.7361731928921216,0.7328682545839852,3.427029607929638,0.0,5.11687330984635,9.107172343769124,13.510398800560358,0.8212059263546096,4.266004219754919
dfs_ab9a5096710891df,3.2188758248682006,10.28160437738591,10.627430633893226,0.18131101813110181,3.6303320547385316,1.7589196508325264,0.8756743194165404,3.163799567786724,0.0,4.217569525978943,7.1123525929032505,13.576908131587519,0.8212059263546096,5.791287857941694
dfs_32f723c1a1a28f1b,4.442651256490317,10.011049841945471,11.977275643536622,0.008118081180811807,3.680079740536928,1.1757442871596615,0.9190742664178958,3.6007133668729323,0.04793872351550355,5.319057576447488,7.892763767125989,13.567845035749572,1.2659553055395139,6.1581625852005875
dfs_0755276e96deaf1f,4.219507705176107,10.787034290133787,12.259025561982847,0.03074141048824593,4.237911614355207,2.736286989516447,0.8806151529071911,3.6610098372583084,2.5460378033148827,4.782450914276555,9.86372352679449,13.552279117608434,3.0620738268031755,4.467074827841691
dfs_366f293cbbdd38b1,2.772588722239781,10.025357974682407,11.736492926421839,0.016901408450704224,2.883907007235423,1.0882187075645078,0.6989513996667825,3.203345505634629,0.0,4.758367910180795,7.740998911306215,13.150066089243277,2.4146555189783867,2.633821217129707
dfs_a9f3400839a98fc4,3.332204510175204,10.204599227510064,11.336880171167758,0.06451612903225806,3.448135904607924,2.023433711625426,0.857447931104751,3.254499912872089,0.0,4.483464473054858,6.3302995426271895,13.473848075288844,2.293814424193674,4.1385657339783775
dfs_3f2db526f0f735fa,3.6109179126442243,10.693734077733511,11.2971050340358,0.020674646354733407,2.195636724934926,1.003070927904727,0.939151796688806,3.142524835487818,0.0,0.0,8.045705755486441,12.894094212547575,0.8212059263546096,5.985352984734357
dfs_ea14ecab11c821f9,3.5263605246161616,9.540107932100014,11.575364909587336,0.0,4.491499093874819,1.4867010497005873,0.284487770635053,3.232275706863949,0.0,4.28793589267958,8.039459993129597,12.836838975506348,2.9352045584387274,2.356874836410133
dfs_41f268d4079c7600,3.828641396489095,10.519114540938098,10.048712804688908,0.0,3.662119855218199,1.8565671802069568,0.7990935957876657,3.5599448250706436,0.0,0.0,8.853597579918675,13.405627705979562,1.996901660409805,5.753572264879082
dfs_102bcf5d475097db,5.075173815233827,9.208074732305137,12.129240196125775,0.03171641791044776,5.775233738261305,4.147526603272718,0.924013753658421,3.7090091112853463,0.0,5.004630414945727,9.030116387791841,13.470834763992373,3.0006498211243393,4.608477628809699
dfs_3970dab80675c862,2.1972245773362196,8.493226324758572,12.29721962577843,0.13675213675213677,2.1729729854814566,0.9089236524972444,0.9275806228935993,3.609336733203064,2.052212187040247,4.788818412473886,5.457100974946102,13.311579445672159,1.807133707454955,4.182144440253572
dfs_9aabab98d56ba113,4.867534450455582,11.165746006469583,11.838358420904703,0.10431654676258993,4.432782432084463,3.104617308204783,0.8885748301980441,3.2219602276778287,1.6049139968440445,0.0,10.284697677367658,13.57166289814177,3.174644349887469,1.2167090041948714
dfs_1777366e20519328,4.844187086458591,9.848900958176326,12.352680665166265,0.1135091926458833,7.405952455737231,3.2581464723811995,0.6759401581693133,3.5637683391986146,1.0608486804709338,3.8596034749659283,9.56249633427854,13.84182819095692,3.8466654526656625,4.267887788362903
dfs_a5d13ec888db7c8d,3.4965075614664802,9.526665765029968,11.007070798829838,0.010554089709762533,3.455012072690399,2.487060215059901,0.8655228852817337,3.77831315591766,0.0,4.976812163469162,7.737747545860508,13.873537927486188,1.807133707454955,3.805801397507202
dfs_1ed21ec7ce97ae37,5.19295685089021,7.0379396444192395,11.922555222209168,0.0,7.434867685767489,5.3143429531040365,0.8817944755033347,3.265347396466099,2.1245474954120827,2.756068646061024,9.571561144209412,13.698197786716248,3.899608315072645,4.196432054193821
dfs_a842dd094518d969,5.017279836814924,10.15477318594965,,0.08624708624708624,,,,,,,,,3.0006498211243393,2.386313330607155
dfs_7f5271262f48137b,3.091042453358316,9.009685538611459,10.236776155340317,0.04054054054054054,2.973033687266092,0.5759325221753172,0.35416459780639425,3.73158756180715,2.796526389945037,4.406256397522338,6.318540210927999,12.939658547170492,1.2659553055395139,2.6076935505072085
dfs_90c72856c81fb865,4.653960350157523,0.0,,,7.1674296480381265,3.037959626315032,0.6967525928383413,3.6045573429957227,1.3978712228661296,4.13300514897262,8.854774002360383,13.885176536197378,4.128995525391798,4.87201946968369
dfs_35cd9a50f2a0228d,3.4339872044851463,9.068726058379715,11.065934990033494,0.07119741100323625,2.459083747744882,0.6616968821662,0.8507280639577828,3.5731858043905738,0.0,5.2211420468006295,7.48329807633265,13.327157197457574,1.996901660409805,4.633025032783856
dfs_341743c990a01ab6,3.044522437723423,9.830302231205089,11.163112637051942,0.15075921908893708,2.537481900601352,1.7612610950835164,0.8163187001958372,3.6287765301982913,0.0,5.399997582355848,7.250321090777302,12.62432892995464,0.0,6.6836565058785045
dfs_8738bcce0d3ccd15,4.442651256490317,11.152138421880709,12.0477507783841,0.0,3.2211954446731608,1.3717775993141155,0.9037368493300222,3.2343982055377745,0.0,4.31594253656495,8.922240194989548,13.391425163319541,2.293814424193674,4.351459266833762
dfs_dfaf576a77029764,0.6931471805599453,7.301502986475572,11.221850978115445,0.16152897657213316,3.1325910460137356,2.8173919657144033,0.5345922360428029,3.1649551742659985,1.464713422360483,4.5893215382245085,5.0645486604788434,12.917214447379001,1.2659553055395139,5.479398319256152
dfs_f073cbc306bccee6,1.9459101490553132,9.459366853504362,11.027978741746653,0.03887884267631103,2.4341490135879646,0.9230380711816615,0.7479153872852092,2.8881142067658776,0.0,4.279720527092306,6.956068020546389,13.520911283403409,1.2659553055395139,5.4726037171191
dfs_363b4b2fafb990c5,4.48863636973214,9.647928465027446,11.978236852849545,0.07733333333333334,5.507939547348197,3.992575497094015,0.8572728782933173,3.5427646491540865,2.7081948910170284,0.0,10.318465024036055,13.811796670012079,3.8466654526656625,3.187293630069596
dfs_eb1c294b3a51abdd,1.791759469228055,9.994564073052189,10.219574849493076,0.0,3.736074726311502,1.976157816411353,0.9434933276554558,3.4795801006505966,0.0,4.526544812993517,6.414177347222435,12.986057854722457,1.2659553055395139,3.7286929857929496
dfs_2b8c093ff5844e48,4.31748811353631,10.30836725001463,12.418414063310296,0.0,5.943306126517814,1.8741297933818368,0.655500013307884,3.032135950308754,2.2926796292043767,0.0,9.904880775450202,13.752858256794818,3.8466654526656625,1.8105115421829172
dfs_1c3d8c9281692e56,4.804021044733257,10.547084556792749,10.87468304957957,0.18222222222222223,3.052144546817311,2.5216622042741506,0.7704273051287405,3.885081085491318,0.0,5.585537381290243,8.90311089876364,13.401327559236387,1.2659553055395139,2.5870042725916784
dfs_61a85344eb145892,4.304065093204169,11.124125170909991,11.670851864929462,0.017191977077363897,4.00894468261789,1.8431511763285249,0.9628999850693798,3.568803419218025,0.0,5.003509407857411,8.598915727604723,13.659320967637628,2.293814424193674,5.501517773404468
dfs_6636656e72fa0f7b,4.7535901911063645,10.435195892585185,12.429224196812383,0.034482758620689655,5.3785219132960425,4.834696547943665,0.644716152516501,3.817348082621512,2.137661528206548,0.0,10.267768089321152,13.56623348144354,2.8651744031446778,2.355086386714489
dfs_57570248d06c9245,4.060443010546419,9.811088339120065,12.429224196812383,0.0,4.502276284553599,2.7273878706149035,0.8265821941579836,3.4166481509939897,0.0,0.0,9.366458003419451,13.563441416387493,3.119942268016456,5.2273078968455255
dfs_49511bbb6d1a27f6,1.6094379124341003,8.729346298382538,11.793560263618064,0.0,2.182767631997558,1.509111236832839,0.8102668801889522,3.2561400899941892,0.0,5.17692146098915,6.158375964117102,12.453744893562257,1.996901660409805,4.186572321240711
dfs_bfd8f6d1b064079d,2.70805020110221,8.94623277347036,11.173964133120124,0.15012106537530268,2.348410485298249,0.6480564736728524,0.852215823721998,3.475321355591675,0.0,4.910549120049824,6.997038479772249,13.33395081328313,1.5727155517124787,5.309648254628601
dfs_6d06179c4219ed9b,3.8712010109078907,9.7920455780637,11.955210971883275,0.0984009840098401,2.3856090664502707,0.766488733596266,0.8743081449420192,3.523509629274673,0.0,4.534486775544261,7.688151846455103,13.229598534822772,2.1563374497238987,3.4395773703226857
dfs_3f06441d85389383,3.6888794541139363,9.740544349761443,11.449612858758462,0.03273495248152059,4.466506499151404,1.1508586615912713,0.27139792065061996,3.4484668735070154,0.0,5.509207223755066,7.568984291559942,13.433829845264038,0.8212059263546096,4.943562108709255
dfs_f56e9bc97e219078,4.624972813284271,10.324490073618867,12.292718122253131,0.011501210653753027,6.5107188859254475,2.5307616363817633,0.6501944775738764,3.4604815678723244,0.0,4.720221461433057,9.11108192613823,13.64914777974828,3.4518191713062434,5.080029434681405
dfs_828cfc76ea1f036f,4.477336814478207,11.708930411788256,,0.20650406504065041,4.554886933513952,3.857220538265521,0.8106019619383212,3.336594213835439,1.007843564361771,0.0,9.654342610019645,13.611397276931811,2.8651744031446778,5.118704004209587
dfs_11cd60872c9ce35c,3.4339872044851463,9.72670080883736,12.116793243970692,0.07003891050583658,2.475656023035845,0.8942534554944711,0.8457660575846943,3.4868979514060303,0.0,4.137963742580946,7.5881222409622024,13.569286437768753,2.5224557664912224,3.3123841999043706
dfs_9dbcadcc765b78ca,2.302585092994046,9.458434189755254,11.135143614962002,0.07127882599580712,2.5937076260408634,1.7060238762904858,0.808576350924521,3.2747421199803055,0.0,5.195688800984268,6.54143175133096,13.538075801964043,1.2659553055395139,3.554460869152689
dfs_6ab568bdf90a3140,3.2188758248682006,0.0,,,4.850762106403298,2.2565482261885,0.8500535039046089,3.550353594198743,2.3100722920005934,4.5437915015281245,5.898469009027747,13.511823757059654,1.996901660409805,5.103589990567994
dfs_601836d279af19bf,2.772588722239781,9.821892680758582,11.384910258747595,0.05138339920948617,2.854164778216358,1.2863987838918234,0.8605631958133455,3.544287560847281,0.0,5.80466115113216,6.877670621266555,13.349153073446614,2.1563374497238987,3.496697777407163
dfs_6904f06855d9e4e2,5.247024072160486,10.153884528140091,12.031231043990045,0.04048996257230351,5.9243709097805235,3.529739453743084,0.5443193023639348,3.5803339670264704,0.0,5.288965217735767,8.604776249644004,13.559608766661665,3.3676843746371405,3.2434912923401664
dfs_e30889de347e8d34,2.70805020110221,9.731492966549773,11.319449933234104,0.007001166861143524,4.780853323391498,2.275329723445248,0.791300276776222,4.017549333853467,0.0,5.756652288414767,8.67856765999838,13.446029681247984,2.9352045584387274,3.0288908581955063
dfs_c03a7c2f30941e0d,4.927253685157205,9.848900958176326,12.352680665166265,0.1135091926458833,7.405952455737231,3.2581464723811995,0.6759401581693133,3.5637683391986146,1.0608486804709338,3.8596034749659283,9.56249633427854,13.84182819095692,4.087135624454778,4.440526634031097
dfs_3888023a2b41f33a,2.9444389791664403,10.318032012952784,10.273912529999025,0.11269146608315099,3.1850639678013835,0.6612262530237207,0.8207507203756844,3.4475652246678474,0.0,5.185913880900397,7.212430279108046,13.220788700108798,0.8212059263546096,4.257635720039348
dfs_db03243aca301d35,3.58351893845611,9.902534387384986,10.5177267979912,0.0,5.188768736527895,2.5434010298791634,0.5192721474784291,3.886330553661465,0.0,4.729606356152922,8.168406972610505,13.622553039325933,2.293814424193674,2.355601086725274
dfs_a38b4e6f51ee07be,4.02535169073515,0.0,,,3.809669068601707,2.349322058987241,0.5920114554478205,3.1693641746962284,0.0,4.522652328602796,7.510219788311383,13.190717111353058,2.293814424193674,4.694696596238051
dfs_0204c9fe0bd76c03,3.1780538303479458,9.784895794182576,11.72096350026882,0.1082995951417004,3.3248765608455093,0.8919770201435974,0.8350988274115874,3.27495219485481,0.0,4.797478495151244,7.9768534795094785,13.661872080272436,0.8212059263546096,5.512229073759209
dfs_a4c985b8c5d14968,4.634728988229636,10.037501188396126,10.98356241320578,0.10379241516966067,2.5858654751955195,2.163532017588809,0.709093149238439,3.0188061973858455,0.0,4.356941930260749,8.692291420013097,13.503437427449985,0.8212059263546096,5.682805990230293
dfs_c3d825ced956bc83,3.332204510175204,9.324402694583862,11.870858617033038,0.02635431918008785,3.5868809736423954,2.627348649265032,0.8547207006524985,3.222298032286339,0.0,3.599113639148709,7.385973914951195,13.436438080012048,2.6197576726867497,3.393601608778742
dfs_8bf8f6c67f3f711f,4.465908118654584,6.7823598536952225,11.700450128762364,0.23809523809523808,7.307631960417874,4.968043972491383,0.750825465540471,3.587525079039738,0.0,4.632307622927234,9.27641498792517,13.819083168584296,3.8466654526656625,4.064170746459434
dfs_d1326ce0acb3a28d,4.276666119016055,10.634405823687773,12.2352527352925,0.023575638506876228,4.564513484862704,0.0,0.5071134750525824,3.8211743251988985,1.918962838695514,0.0,9.269003991879893,13.548616248318336,2.7084257966964724,3.7305954595121857
dfs_d346b554b0b4a928,4.897839799950911,10.473808402736134,11.982722822943508,0.14563928873835733,5.133717157660982,3.165112437204274,0.8611169628495143,3.317164184831234,0.0,3.84614611117242,9.664298146545406,13.511205756974933,3.4106363451196224,4.220874538556223
dfs_89dbcc7c76560bd7,4.2626798770413155,11.02021959405561,12.429224196812383,0.0,4.085396401499471,3.6756441134422237,0.5253402352546369,3.2663414248988327,0.0,0.0,9.29323452555257,13.722544029662012,2.1563374497238987,5.464404794071001
dfs_7234521721090f07,3.258096538021482,9.81745117698901,11.991684404385566,0.09078014184397164,4.674701576060757,2.96676281317977,0.6342569277989796,3.340115130910973,0.0,4.614659803636671,7.467477276682818,13.664932986973795,2.6197576726867497,3.746315629532779
dfs_6ab7c99f7a065ed0,2.4849066497880004,9.282585553160644,11.480112975223678,0.1072961373390558,4.219770405965784,1.0691848957921233,0.2062572627016868,3.6500604427261405,0.0,5.7752784936258195,6.90567287771285,13.263927173726088,0.8212059263546096,5.2392047772920485
dfs_1b4f005685075917,3.1780538303479458,9.78784223209492,11.656766034945901,0.03292894280762565,4.804236754621507,0.4504141763539308,0.15899601028748983,3.5314142853494337,0.0,4.254105785374675,7.8968655006218444,13.438105070634066,2.1563374497238987,4.857201671478289
dfs_d61e558c30d7cf42,3.8501476017100584,8.860928447398232,11.527823929632195,0.05172413793103448,4.185271806334779,0.4071331055163374,0.6581475472001145,3.567731607400171,0.0,4.683989418499625,7.966805691219125,13.616270283406612,0.8212059263546096,5.512229073759209
dfs_3986ecf9293bc4f1,2.5649493574615367,9.46278820129643,,0.0,2.4153771056015025,0.44377184130558245,0.6987307245065065,3.352074340843465,0.0,4.905704036191657,5.999367949550682,13.070343503332204,1.996901660409805,3.4459722215436446
dfs_2ee9f73bc8283d6d,4.02535169073515,10.517617660386831,10.202035378298214,0.1625615763546798,2.9489967935332535,1.803681238549246,0.800179200289862,3.3671161010722432,0.0,5.218943375336573,7.347537185872524,13.229569788348705,0.8212059263546096,5.629950138267171
dfs_b187d7f9451cd276,4.477336814478207,10.430168402123343,11.60274788726726,0.07402135231316725,4.250432442373834,3.984676842363212,0.4804824348135671,2.476422114667258,1.7807781438961232,0.0,8.642708836685179,13.393184092780698,2.293814424193674,4.42811190555133
dfs_1ae31cbdf53dd32f,3.4011973816621555,9.47561181933882,11.444046872667448,0.02288329519450801,4.119980288911468,2.6010440463873503,0.7898221447225314,3.604547446376448,0.0,4.627890639269155,8.560913086992354,13.010962432810647,2.293814424193674,2.6074281937715815
dfs_ecff52c2f70dc683,4.2626798770413155,11.431155194599452,12.333687193099847,0.022003034901365705,4.168715324113443,2.794421049489246,0.7688628350041963,3.7633905890856596,0.0,0.0,9.541904655697635,13.448142936272511,2.5224557664912224,3.4109953480955526
dfs_0d0b3fd2934daa10,4.356708826689592,0.0,,,7.1674296480381265,3.037959626315032,0.6967525928383413,3.6045573429957227,1.3978712228661296,4.13300514897262,8.854774002360383,13.885176536197378,4.065529698164491,2.530154822748723
dfs_d3b55208db236d0e,3.7376696182833684,11.17245604769387,12.14199801677789,0.047265987025023166,6.9468278000735,2.515903281652096,0.6177876443954804,3.761475864333623,1.8043084034806594,5.319698583798728,8.395885425256497,13.565610985445597,3.22650867441372,4.660030558267014
dfs_9e99c9168e670475,5.0238805208462765,10.123567241460117,12.395576679800147,0.01689545934530095,5.833582069314111,2.807337174490028,0.48988816575263966,3.4456196275917006,0.0726101649982274,4.7914277943495245,8.753342433774081,13.589217050743953,3.3228044116247886,3.7161390859328223
dfs_75e5bd6954fb5d14,3.332204510175204,9.589562969666694,11.365260374831925,0.03244495944380069,3.569449761715551,2.054995359032295,0.8938666111005001,3.3115590860309445,0.0,5.430534549084938,7.239823240994738,13.787434076542178,2.1563374497238987,4.424291796771004
dfs_9fd1caba95ab582c,4.770684624465665,10.707692127000874,11.09963481704077,0.08389715832205684,2.5678871050642256,1.022295134552829,0.505472303971633,4.025565707806766,1.9696382702832815,5.67455387500989,8.522311980753704,13.481063868536559,0.0,6.3409653672173265
dfs_61dabad4768b46d8,5.081404364984463,10.187584797159834,11.902532157143934,0.029262086513994912,6.774877824929491,2.793907528521438,0.2245106108194046,4.045277574176261,0.7304543246424122,6.3507877385862415,9.123450301018133,13.379668713197393,2.7084257966964724,1.555061988552468
dfs_701c8647372dc58b,3.58351893845611,9.529567889528655,10.87570482869929,0.039783001808318265,4.535459499920829,1.7623719277865906,0.3200166958145974,3.3613122500461503,0.0,4.120086801140949,8.452005804521205,12.830397475777891,2.8651744031446778,2.9370600140951777
dfs_9eb32c98ecb7b9f5,4.969813299576001,10.448243727557308,10.975310866114024,0.0429553264604811,,,,,,,,,2.7084257966964724,5.099739261742283
dfs_9acb0d56b9e25d64,4.418840607796598,9.747049140445965,10.947256392821705,0.09734513274336283,3.8674402783427637,2.43666152454646,0.6060898377382615,3.6434820398686707,0.0,5.2174593411448384,9.183896095389947,13.27866602579967,1.5727155517124787,5.649404382136337
dfs_f293bc99edfe11bb,3.4657359027997265,9.774421774284203,,0.05017103762827822,2.3451235449799173,0.0,0.7795454127396385,3.371870248259695,0.0,4.643645354051673,7.0528364729686706,13.253489880598984,0.0,6.4504042680682785
dfs_aa2cda6b01d2a4ee,4.465908118654584,8.979495572130084,10.878745062174133,0.07947019867549669,3.3330894948591285,1.741547003109444,0.8453672129654806,3.4201340417526382,0.0,5.467403470145671,9.00259323219042,13.536940180980906,1.5727155517124787,2.9321374541149337
dfs_cf5603a50966c4c7,2.639057329615259,9.5714368186032,11.657519193703212,0.10326797385620914,1.1945773290913382,0.2774382990969837,0.8119762668376012,3.4235380169294727,0.0,5.018083550940146,7.533774296227131,13.534316724625661,2.7084257966964724,4.46227682364289
dfs_2803c91e9f698cb7,2.995732273553991,8.889350334265272,11.23178196935803,0.5263157894736842,3.5007255791146825,1.1362672990789204,0.7935507988173751,3.6538839219408215,0.0,5.0442052698017585,7.081367020005406,13.43207500746602,1.2659553055395139,4.451139627773411
dfs_3786027acf3a03d1,3.258096538021482,10.015103217196579,10.604900477513105,0.04081632653061224,3.0593820834766787,1.5046283018151145,0.8855824233088929,3.2695116474559116,0.0,0.0,7.971447494481743,12.91495783144218,2.4146555189783867,3.7713259383976028
dfs_25e1e891fdfb52f9,3.4011973816621555,10.249079115713315,10.751927617502108,0.05714285714285714,4.582978754054782,3.09569820014246,0.5986948673181731,2.678800611841512,0.0,3.730017477056035,8.0541323695408,12.849693390939718,2.9352045584387274,3.177235808700392
dfs_0c477812fd3a4b3a,4.418840607796598,10.380160424939714,12.429224196812383,0.0,5.091325842387845,3.042891207499012,0.6817366214490088,3.4870426287264884,2.1349644291719536,0.0,10.5988732151247,13.83402510113421,3.174644349887469,3.0658988655885935
dfs_5aa840524e04b320,4.418840607796598,0.0,,,7.1674296480381265,3.037959626315032,0.6967525928383413,3.6045573429957227,1.3978712228661296,4.13300514897262,8.854774002360383,13.885176536197378,3.9498886044713344,5.142956597186409
dfs_cb7f8e909bfb0726,3.4965075614664802,7.916009260160958,,0.0,4.287978593197241,1.7666024575660573,0.7869230275244463,3.5772367469145863,0.0,5.242652113471515,6.693807006225246,13.709499830964862,0.0,6.469549989758537
dfs_977283ef4f2d92e7,4.624972813284271,10.223955080821543,,0.06181818181818182,4.802330220832712,2.7172854015523638,0.7823563820820753,3.623245390655153,1.9339547922802904,0.0,9.871216889897998,13.608079171557028,3.3228044116247886,3.4307064072981404
dfs_5eb9e44cfdd07f18,3.7612001156935624,9.819675767031809,12.280511991345007,0.01863932898415657,6.764632605638261,3.1732349845845387,0.7071308182644691,4.057872261622182,2.940245309484199,5.1721449690495405,9.02657365755279,13.561308392753096,3.119942268016456,3.2959028004078177
dfs_289a5f248f13eead,4.795790545596741,10.685426587078242,10.631422558581738,0.08839779005524862,4.072853038876637,2.4748534896708576,0.7405385159732799,3.407718177419321,0.0,4.466001787582725,8.429158412925526,13.70152293560593,2.4146555189783867,3.8879629633663084
dfs_949b58e4fe74927e,3.4965075614664802,9.064589718654501,12.213177347260105,0.01002865329512894,4.400402028662769,0.8749782594815292,0.801579729758352,3.7339670511468794,2.56733091180153,4.900226167113467,6.683053555633151,13.92322530025463,1.807133707454955,3.5161285126519415
dfs_e0c78307c35215fc,5.420534999272286,9.84232874627851,10.586887381641194,0.23696682464454977,3.3753821359562086,2.79943640624794,0.6713604645174495,3.706028031932633,0.0,5.637518314116657,9.276948872274755,13.319062743019238,2.293814424193674,4.29749321956528
dfs_30ec6cd993b9a3a9,4.430816798843313,11.613867491817091,12.010890747908109,0.0,3.748636192327543,2.284102606563796,0.971979171983544,3.6101639122222284,2.7669323624189155,0.0,10.28994166119549,13.64537801242635,2.6197576726867497,5.4735967717816845
dfs_52a0c77608c47489,4.127134385045092,10.595986708830878,11.707406132587993,0.09684684684684684,3.5095303439962113,2.2914153915085773,0.8347834783640267,3.2414500186599464,0.0,4.9249879503707925,8.231980235285029,13.355921310299353,1.2659553055395139,4.686342395582056
dfs_6715ceeab6eabbe0,4.343805421853684,10.457984686843709,12.429224196812383,0.06677524429967427,6.7585864610574555,3.036582541556458,0.6587567243144439,3.6698615515500737,0.0,4.909044545574589,9.463502900621545,13.6974047202129,3.3676843746371405,4.506042306582371
dfs_e205e7a44da4b56a,5.10594547390058,9.301735297929737,11.576172527534057,0.07644628099173553,7.154137915564674,4.353580503882807,0.8374052449312414,3.3507468559610434,1.8735365534475572,3.029411054302419,8.95647989274598,13.706903667417984,3.7907621809913215,4.880665016341616
dfs_d2ddb64f5c927267,4.787491742782046,9.549525262713246,12.362011725216648,0.05041246562786435,6.626238458494431,4.866767192142949,0.8627839799611426,3.4203602538009696,1.6500865575722004,3.1521813984150358,9.285833532914225,13.5974528020405,3.4518191713062434,3.4557859527821098
dfs_a8cc4e591ebb5183,3.58351893845611,10.069488334140859,11.972771429370589,0.0,3.20125389193907,1.494887428808434,0.6205387529317964,2.259707958879782,0.0,0.0,8.769418900783934,13.462281100086885,2.4146555189783867,4.217264858989851
dfs_363d8dc0ce7838a9,4.983606621708336,10.582895984570065,10.872788104723899,0.09697508896797152,3.4742798256792793,2.7240377788046843,0.7869207882717716,3.6533483787468626,0.0,5.035040482238029,8.843947652603989,13.682987799354542,1.5727155517124787,3.9877166201970766
dfs_274560dcef1de683,2.70805020110221,10.422003403388855,11.610950139017358,0.05678793256433008,2.776982475234432,0.7562553528059955,0.7102751009872202,2.9866583885381144,0.0,3.8964108695328816,7.522660713148367,13.705329553507994,2.6197576726867497,3.9203635627715605
dfs_50d4bdb18f523a28,2.0794415416798357,9.192885491309202,11.457423325808623,0.0,,,,,,,,,0.8212059263546096,4.2558296526637776
dfs_bdcb660f23345c45,3.4339872044851463,10.393943718763452,12.052175266952778,0.07299787384833452,2.4071986453585157,0.7046160779692976,0.7192794398195206,3.827150817639893,0.0,4.92316267008887,8.532165816193665,13.240237075617404,0.8212059263546096,5.288869554249068
dfs_57805ce8a5badaaa,4.394449154672439,10.076670079850674,,0.16257668711656442,5.951555210290123,2.372299042941958,0.6636338047073671,3.384446628978058,1.5412633641683093,4.061879684187877,9.882294647287472,13.650681904282544,3.174644349887469,4.2615199349165955
dfs_81fead61030d51d5,2.639057329615259,10.51940911177219,12.161080509711283,0.13612565445026178,2.8813637597600326,0.9991727474232406,0.5629366040156293,3.413544327226223,0.0,4.243358673973175,8.76165143036073,13.191695391375966,1.996901660409805,5.376451138923369
dfs_d37679609ae233db,5.389071729816501,11.277653436787816,10.94889243537189,0.048013245033112585,3.5750505906735803,3.489841775273425,0.196236135739877,3.9135205335269734,0.0,0.0,10.173016366717576,13.366457132590885,2.293814424193674,2.7546049821205343
dfs_a041e0facd9bf814,4.61512051684126,0.0,,,7.307631960417874,4.968043972491383,0.750825465540471,3.587525079039738,0.0,4.632307622927234,9.27641498792517,13.819083168584296,4.128995525391798,4.231245191956127
dfs_5736c80131dada55,3.9318256327243257,0.0,,,3.809669068601707,2.349322058987241,0.5920114554478205,3.1693641746962284,0.0,4.522652328602796,7.510219788311383,13.190717111353058,2.293814424193674,4.750587872392474
dfs_b3f8d250898d3c1b,4.248495242049359,11.473758399855267,12.243209458100893,0.0,4.574441011232558,1.7347339273115079,0.9176018048306178,3.9483694619425673,0.0,0.0,10.3046931286581,13.620722415200872,2.8651744031446778,4.121624242335968
dfs_c762487f0fe9df95,2.833213344056216,9.821892680758582,11.384910258747595,0.05138339920948617,2.854164778216358,1.2863987838918234,0.8605631958133455,3.544287560847281,0.0,5.80466115113216,6.877670621266555,13.349153073446614,2.1563374497238987,3.496697777407163
dfs_c22aad794dec6ce5,4.110873864173311,10.184896528142387,11.169772964992372,0.06842539159109645,4.3539722059396135,1.611685902808102,0.766559797875434,3.504865834801005,2.536343240283901,2.916293363182448,7.631351269090183,13.583529319079725,1.996901660409805,3.474345889569039
dfs_152997bacba9e34f,3.8066624897703196,9.780919372585972,11.67495927681746,0.09611451942740286,3.1744371822596,1.5742182453303353,0.7113736562189176,3.5449798598801747,0.0,5.231545156716295,8.16176603046385,13.459274089309774,2.1563374497238987,4.468238790557277
dfs_0eaf04b48333c6dc,5.332718793265369,11.5046651457708,,0.22520661157024793,4.2422492951518675,1.3383249041451273,0.8487110746602609,4.47852937372156,4.041229962146551,0.0,9.455537965269052,13.744399015105902,1.807133707454955,3.859803693446438
dfs_c26dfe0349d2dd05,3.9512437185814275,9.739216907572693,10.706855916545168,0.15028901734104047,2.36542608884986,1.5170815084949438,0.8940270950581929,3.604822746485937,0.0,4.378993043903911,6.990592099036268,13.7401240765581,1.5727155517124787,4.055795667972503
dfs_83631792359ccdd5,2.302585092994046,9.308165832553403,11.130419760996974,0.03339882121807466,3.2693343831199644,2.70236975741484,0.7215828452198945,3.7118204108996937,0.0,4.941188622392983,6.932162843642891,12.854405497800277,0.0,6.537480568063535
dfs_1861787e85cd7ae8,4.23410650459726,10.236829746628466,11.74981411807611,0.09158415841584158,3.929178829305519,0.5393624320642347,0.5590285246182671,3.718562433152017,0.0,0.0,9.50753797790659,13.486912042087637,2.5224557664912224,3.4109953480955526
dfs_6de66517f4abddba,4.477336814478207,11.33136543069125,12.158907660042173,0.03929273084479371,5.755158307810987,4.587069367251069,0.843381331282066,4.007178821017414,2.544045268958674,0.0,9.858889987730755,13.561441195477423,2.9352045584387274,4.90555842124622
dfs_f7d2d7c85ed5bfeb,2.1972245773362196,9.241095055083395,11.611249281025925,0.024132730015082957,4.02888235566618,3.7096378890552795,0.5276862481783293,3.319134276587202,0.0,4.8041219370268795,7.844477602485479,13.21626529334314,3.0006498211243393,3.867842346711224
dfs_164f14f86b950fac,5.814130531825066,9.301735297929737,11.576172527534057,0.07644628099173553,7.154137915564674,4.353580503882807,0.8374052449312414,3.3507468559610434,1.8735365534475572,3.029411054302419,8.95647989274598,13.706903667417984,3.4106363451196224,0.0
dfs_1a918c7ffff33214,3.295836866004329,9.136725770121462,,0.010752688172043012,2.6060161576060517,1.6261795444802223,0.8747158333742285,3.264261255827969,0.0,4.39471021428857,6.391287237786224,12.915243262407964,1.2659553055395139,3.245076415111518
dfs_80e3aeb8c9c780a4,5.981414211254481,6.544704608931094,11.4213692302888,0.2727272727272727,7.102285406624366,4.386937893794496,0.9013993158765462,3.3524942346128275,1.8346741896849987,0.0,9.491911239501107,13.881192487661062,3.6355827541784427,3.9749786211376352
dfs_574b7b33d6ec5cd7,4.219507705176107,9.564649429386892,,0.0,7.15210330154699,2.1567291444257486,0.6048848655322846,3.6756954290543202,2.798549962134293,4.111648330962977,9.082896729749473,13.858505869120126,3.6014327256248992,3.629186206701677
dfs_aa05fd8c3a2efac2,2.833213344056216,8.302764269265554,11.004197639286383,0.009966777408637873,2.167765871839535,1.0643735414350821,0.9010652822123828,3.3828799613687157,0.0,4.99658145576455,6.056865455499935,12.863255804156532,1.2659553055395139,4.643149591404053
dfs_f24270bcc656c175,2.639057329615259,8.635491802532746,11.888796970231315,0.0,2.162894998706734,0.7668623549281376,0.8020043293148762,3.5997180977170267,0.0,5.255627381588167,5.317767244091219,13.542918063033095,0.8212059263546096,4.221892983906643
dfs_59f97f8dbd448434,4.356708826689592,9.46960872733318,12.007371675551127,0.028199566160520606,4.81336516221085,3.697417536782065,0.8460314307172815,3.4003890385863307,0.0,4.447992495310446,8.88933152107356,13.430993009702098,2.1563374497238987,0.0
dfs_1cf48a456a13e90c,1.0986122886681096,7.589896275165347,11.811495547328615,0.009146341463414634,1.410205901379872,0.5127755726036596,0.9641457917873738,2.6985502264494388,0.06801439633472364,4.429330113484021,3.880618229646979,12.548722191798014,1.807133707454955,3.878996923623851
dfs_4ba136650c268617,3.4339872044851463,9.741424398087174,11.177858240856517,0.1725206611570248,3.7385606233345747,2.294259223997261,0.5904418731842087,2.823388723992886,0.0,4.219451958576968,7.235290718575705,12.9055199386386,1.2659553055395139,3.3387685772316633
dfs_4c8ab00f4fb1dd87,2.4849066497880004,9.790378350756535,11.62019116461195,0.010884353741496598,2.6981315923513782,0.8988774681275284,0.9216334860289495,3.1828663421554015,0.0,4.682221091699408,6.392104321238304,13.577381533215444,0.8212059263546096,4.334857241840212
dfs_a46536a89f286a95,4.356708826689592,10.791877692591587,,0.0945945945945946,3.236971163833607,0.5610477519094268,0.4700071829069127,3.991930407596672,3.3892443411093307,4.805621177792417,8.961519147009442,13.736106896057489,3.3228044116247886,4.666350717630035
dfs_6064ebc0d7c5dffa,3.5263605246161616,9.925581189534276,11.44206298971997,0.19928400954653938,2.862204666404939,1.756529216653824,0.9495367227954657,3.6199869512048157,0.0,4.517589353662719,7.737004421827738,13.368596696463541,2.1563374497238987,4.538572663340134
dfs_348656ab857ed5f4,4.0943445622221,9.87799178735448,11.085352775198356,0.08350515463917525,1.7669616966716895,0.013244439621362472,0.15923991483083821,3.010441834045322,0.0,4.316988101906102,7.8312927862520825,13.375360833044247,1.5727155517124787,4.807285946881177
dfs_68d975543163f832,4.990432586778736,9.934561144585928,10.987426038970444,0.06485671191553545,5.666324671167185,3.2022361366501406,0.830926675107132,3.3306956816866373,0.0,4.697369959343955,9.134401602408696,13.636475993088567,3.6355827541784427,3.7059111235474353
dfs_86e6b1c63e0058e9,5.043425116919247,10.066441551978004,11.71129260018265,0.005399568034557235,5.004524546726847,3.664901978022311,0.8851211331436346,3.618568283723763,0.0,4.709061424268343,9.385319555263303,13.494063476238612,3.6014327256248992,4.047910315676717
dfs_b4c937833ca7850f,4.1588830833596715,10.445259765180579,10.091708341261072,0.23061224489795917,1.5212036076088573,0.2350856880854875,0.6122300565466458,3.4271219550723937,0.0,0.0,8.784318848094363,13.201863784213174,1.5727155517124787,4.219085141687295
dfs_635571e01ec47c8b,2.3978952727983707,9.716962304216981,10.971021885633377,0.09859154929577464,3.751463002091177,1.8609941873955789,0.7625204598091023,3.442570639606106,0.0,4.526719438378771,7.40682345665923,12.994632273392218,2.293814424193674,5.061761423544423
dfs_917d09918af07da5,5.225746673713202,0.0,,,4.281554844654029,0.8801971473127048,0.8012063084270417,3.370749741571644,1.8231565630619915,5.237395013388254,10.467210863092747,13.841617779279854,3.8466654526656625,4.169953270280796
dfs_ea0912d8a092559f,4.477336814478207,8.804922709158225,12.237067309632398,0.0,7.175800678736306,5.297570143956522,0.8309928224117421,3.4945330095510054,1.4856810583068403,4.210713073900205,9.766074586135982,13.794996577716567,3.8466654526656625,3.6916279669054233
dfs_c6824e8be3731122,2.4849066497880004,10.131607312543343,11.392507711491088,0.09949409780775717,2.5502767785534073,0.26857867425785864,0.7674367322493401,2.8519642012561124,0.0,4.20063708210057,7.630599223256796,13.186188519147317,2.5224557664912224,4.037307073585723
dfs_93c62fd79388eec3,4.304065093204169,10.884845998493509,12.09496229789174,0.0057306590257879654,4.965022603973693,4.0360493232652255,0.8279913142539225,3.563258766680548,0.0,0.0,10.106198851466916,13.56375531825457,3.119942268016456,3.2341219335304694
dfs_969a81cac7323648,2.302585092994046,9.188016391839314,11.9093094643422,0.08710801393728224,1.6984410312987739,0.11795964296826,0.8466635968339096,3.146445034768065,0.0,2.784452056164483,6.864379169902104,12.4220989290755,1.2659553055395139,4.8296731848477545
dfs_f1d766afc0b5fab6,5.056245805348308,9.59671621673883,10.49940771733497,0.02545968882602546,3.4991403512293786,3.178294263926684,0.5700279445874951,3.0249438632821923,0.0,4.328114879604634,9.170150339585165,13.304983223039077,1.5727155517124787,5.649404382136337
dfs_5cbd22e4a0114104,4.61512051684126,10.202586520531668,12.429224196812383,0.0,6.691485484122061,4.757226350018008,0.878024410524374,3.8343090743009904,0.0,6.208493695145907,9.399807710648792,13.57842020051744,3.4913728443217287,4.120376120321368
dfs_d22465046f738784,3.044522437723423,10.268125638360948,11.554556731941181,0.0213857998289136,3.428470674056193,0.0,0.4269653028584132,4.39156127556316,3.7837335686063636,4.723183850997591,8.064226050951413,13.835429845122095,1.5727155517124787,5.9234802000036595
dfs_815bbb243b7c0303,3.6888794541139363,9.364329066586254,,0.11062590975254731,6.7584688565957585,0.0,0.008093487009896172,3.7686954241397954,0.0,6.075979945282539,7.19740710563623,13.162937021088068,2.4146555189783867,4.600236139847057
dfs_fe820daa7fa3955e,2.5649493574615367,10.619274228517979,10.982441203541054,0.0859538784067086,3.584406634357582,0.0,0.20345131644892453,3.4647320045202554,0.0,4.786150342109983,8.066249413821453,13.209458084255262,0.8212059263546096,4.850897385012033
dfs_31dc8123b16190a9,3.091042453358316,10.44199173468856,11.245059091624615,0.1138121546961326,1.3043702183974857,0.5694234351192138,0.8549912206176893,3.192768718968619,0.0,0.0,8.281360523846566,13.105384040869412,0.8212059263546096,3.630544323860051
dfs_01a6eb32998d0464,4.07753744390572,9.060709599019376,11.111148547119075,0.1278648974668275,6.243340567262055,0.3097876366192948,0.23786619648778715,2.9487695295773273,0.0,3.2897400858833215,7.326659546876201,13.847540091840855,2.293814424193674,5.444433345151839
dfs_84a5e98f2216fc74,3.367295829986474,9.226481562724665,,0.0,4.306800788427147,2.747176906833646,0.6577403172619841,3.5106876707355053,2.0812748267398233,0.0,9.566127058182795,13.593757289758472,2.5224557664912224,4.297992797784659
dfs_6d6691de4e2131fe,2.1972245773362196,8.955500154961522,11.631898902927675,0.04592901878914405,1.6552620357674173,1.0711505672787125,0.8502697729268194,3.4080241411829344,0.0,4.6717296900251135,6.637521750208744,13.634724621501654,0.0,6.436460874620371
dfs_f44788b69aca9275,4.406719247264253,10.804633267954442,11.714019707087466,0.054333764553686936,3.7717721891725677,2.267491263492981,0.5803585258765345,3.280690022222137,0.0,3.9299328049524713,7.728244923463352,13.51313709356949,1.2659553055395139,3.8368584849026344
dfs_c2eb86d7c0e5d09a,2.639057329615259,9.36700139420965,11.744679836532333,0.09026548672566372,1.3292891680751966,0.2935659991238896,0.7706922034621032,3.259117691908243,0.0,4.549517408383955,6.699605225332219,13.080730637652291,0.0,6.334808938973541
dfs_d405025c90af5f30,4.51085950651685,10.396169849165835,12.429224196812383,0.0,3.8179516987158952,2.5419215842750322,0.840951624057142,3.6513422408281726,2.3016529214920056,4.740521632383173,9.499708150614103,13.457281549950407,2.5224557664912224,3.4857502854580837
dfs_60a80d5cbe738ab4,4.442651256490317,11.282709753636496,12.316611729228429,0.13881278538812786,4.364737608045969,3.627902570383724,0.7717889946243819,3.3451858797684846,2.56187787654603,0.0,10.277633251109732,13.515278057334033,2.9352045584387274,3.889730527710204
dfs_562bbdcdbf0cef3a,4.499809670330265,8.554544469596793,11.433243525545334,0.05847953216374269,7.054644597597323,4.251826233626138,0.8903568187029036,3.502597732893101,1.8223406939870326,3.9170339189558865,9.270715933104285,13.733692942740499,3.66860496723193,5.196573162014076
dfs_6ff557ffe2cd11e4,3.5263605246161616,10.433044741394701,12.214913450195656,0.03648269410664172,3.323205876078989,0.13642622829450513,0.7034620004002714,4.00251901236315,3.348181786774209,0.0,7.190013908943462,13.66410377686807,2.5224557664912224,4.907494652391997
dfs_035861e5ea828e84,4.553876891600541,11.424616799686284,12.280632658355257,0.09869848156182212,4.399833898292318,1.2815960014020484,0.7495557630405301,3.3411824234359586,2.1402207238846405,0.0,10.65720419615835,13.761214866152148,3.3676843746371405,3.578890547533037
dfs_5c0921d8a7f2d6a0,1.791759469228055,8.078006775098672,12.33970715783768,0.08018867924528301,2.4279357865181774,1.7830258028295938,0.7060170922313446,3.3657056067780644,0.0,4.911587493554796,6.64293264978737,13.376126139402052,1.807133707454955,3.8986127823755448
dfs_b665427a0cd6e313,4.304065093204169,10.30836725001463,12.418414063310296,0.0,5.943306126517814,1.8741297933818368,0.655500013307884,3.032135950308754,2.2926796292043767,0.0,9.904880775450202,13.752858256794818,3.8466654526656625,2.9793764119422805
dfs_838f35da12b11f55,4.465908118654584,9.773251338082952,11.982566528496957,0.0,6.637717203624146,3.197294735431477,0.75984028651097,3.377161405559332,2.1270791153283044,0.0,9.732721013406403,13.664978323659726,3.4106363451196224,2.3261061478864264
dfs_2c36966ced755dee,2.70805020110221,9.08741506958738,11.920894103296432,0.018617021276595744,2.1065822560860035,0.31401492637912237,0.6724355820440321,3.387149672893278,0.0,4.226218366517981,6.777592120398629,13.164477976151671,1.5727155517124787,4.207969502874038
dfs_9f3aab42173732dd,4.343805421853684,9.31418908805841,9.519661619531444,0.3704918032786885,4.2662076509128575,2.5257800645770265,0.5663368808034654,3.1760801816524626,2.254225213870647,3.4201717239840352,7.6530877150325285,13.4042074418009,1.5727155517124787,5.417360967043639
dfs_85b6bc41dec02ddc,2.70805020110221,9.958373792098822,11.525742968680843,0.0,2.9534916847999324,2.1161235020746796,0.7318267546129636,2.8588505210563713,0.0,4.970136920874083,7.056797009108323,13.28174719757863,1.2659553055395139,4.401263615348542
dfs_6e3588128efd60ef,4.653960350157523,6.736251065457,12.429224196812383,0.18840579710144928,,,,,,,,,3.529421369656171,3.9871415038234512
dfs_51c9893d875fc6c9,3.9512437185814275,8.870050129796287,11.305298407808552,0.15135135135135136,1.7351583966185502,1.0655798860325663,0.7903204555119988,3.4806833052005923,0.0,5.145674928218029,6.540778952538916,12.67441865167754,0.8212059263546096,4.982136459686214
dfs_9ab9979385807a23,4.605170185988092,9.427686718877304,11.135216564531996,0.025,4.158557905710318,3.596644114630928,0.6993532801305652,3.5745930739301808,0.0,4.675770799448478,7.695153760677665,13.688323568413644,1.996901660409805,2.8904804291281154
dfs_ce4e151a2669cafa,4.584967478670572,10.655102986589112,10.938432051980692,0.08229166666666667,2.9902369177560395,1.700381702250485,0.9070594287854611,3.6115679944258745,0.0,4.5865560278803885,7.061580455821902,13.629356867918013,1.5727155517124787,3.3506807090295783
dfs_38357a10be6bf4b4,3.1354942159291497,9.58399299897832,11.823779482187794,0.0,3.5743159999615264,1.5999729634041449,0.8157638038500081,3.426255718374692,0.0,5.355742777662238,7.637186162096208,13.665922951464728,2.1563374497238987,0.8734033256614713
dfs_eac96c0a995b051d,4.382026634673881,9.370548744492694,11.305901295535902,0.052556818181818184,3.8994956265817655,3.100647753176469,0.756786434143733,3.3653261113662,0.0,3.326108484687389,7.826055222969113,13.287828662131503,1.5727155517124787,3.552174481749298
dfs_2eea8bbe2053defb,1.6094379124341003,9.629035547019106,11.739407437549838,0.0392156862745098,1.883555823289534,0.5193260382228502,0.8604403312660388,3.2945305655562938,0.0,4.715878890712516,6.26648785654946,13.669410220335863,1.996901660409805,3.5299618019820773
dfs_19659b564a626020,4.0943445622221,10.247354591478308,11.1887038817275,0.03735325506937033,2.1275129965080137,1.3010639612205117,0.8629177201214869,3.4528546851390702,0.0,4.901706067241609,6.915938989944267,13.35183883979157,0.8212059263546096,4.472702681151135
dfs_4b2e480bb08e59c3,1.3862943611198906,9.091683009862347,11.25535867420079,0.09598214285714286,1.141978853882085,0.31054195419401454,0.46018510900933074,3.400174118517935,0.0,4.969198614078405,5.801117881929519,12.99549544879534,0.0,6.46048951341734
dfs_2b53ab03439f9a9d,3.9512437185814275,9.387474548101702,12.429224196812383,0.0,4.671034364605087,3.1491187107725125,0.8057266654804216,3.5016523557677517,0.0,4.2579918185851655,9.190258807275702,13.365692227884537,2.1563374497238987,5.198721056307513
dfs_8ae7e12caefb7d2f,4.718498871295094,10.248896564754647,11.400316520587575,0.03643724696356275,4.7477768169259775,1.7741457125412354,0.29157613576125396,3.6132527248355615,0.0,5.027784825127101,8.422627188845135,13.40510777960148,1.2659553055395139,5.682805990230293
dfs_5fa4fe0d883ed407,4.700480365792417,10.14960111157694,11.857309180291313,0.0362087326943557,2.8376507251232668,1.1616955883684619,0.7374998063210179,3.286538570948631,0.0,5.119193635461228,9.427029573451485,13.410921565954295,2.1563374497238987,5.3219709040663865
dfs_5e73a3fd2b353128,3.091042453358316,9.025764537347092,10.533268857474253,0.016826923076923076,5.368402884521711,0.6814129438031884,0.15537313647134682,3.8739681919394253,2.3985370350953117,5.196698211877388,7.160171149074355,13.233643537343838,0.8212059263546096,5.537570715964269
dfs_33391a70735714da,1.6094379124341003,9.322338797723845,11.104340495150785,0.12654320987654322,0.8380813210997327,0.33187458501445116,0.680531612294831,3.469478736485898,0.0,4.326030078604112,6.888136141530106,13.561387045039758,1.807133707454955,4.290078912894552
dfs_08dfbc7b7b25ce7f,4.574710978503383,9.2099891033099,10.68434794707383,0.09900990099009901,4.839692784254205,4.005187576943879,0.8148184584138211,2.897643562975572,0.0,4.650906118317643,8.821071278187206,13.567044070447498,3.4913728443217287,3.7580329799089003
dfs_1fa5ea07ead75720,3.5263605246161616,9.852077490121578,12.249563076604701,0.025806451612903226,2.832401475907648,1.4544052176612423,0.8505925259175549,3.442969291355997,0.0,0.0,7.836107005597406,13.309232909794313,1.996901660409805,5.26221312118036
dfs_2ecb9bb057e750a2,3.2188758248682006,9.594309350239419,11.285522856735636,0.06842923794712286,3.4402551254061153,2.514089405496886,0.9126378426592426,3.3189791890033993,0.0,4.710741502051797,7.569974248989534,12.961219972027573,2.5224557664912224,4.613387319189305
dfs_f57bf4d52a2c32ba,4.584967478670572,8.913902593723613,11.352087474843115,0.05709342560553633,3.7263216026728228,1.9337926132459493,0.9247663881122462,3.5411464437916176,0.0,4.881746929317303,7.862547927467994,13.727380737568113,3.3228044116247886,3.262010121885564
dfs_e720db02490968bb,4.406719247264253,10.23690453768022,10.778581219559944,0.2238372093023256,3.482774644165828,0.4283637610528422,0.2314482489631199,3.6483371985506756,0.0,4.967219584134302,8.895870204748793,13.337776324448471,0.0,6.518255914332024
dfs_5a4515597f0a2726,2.4849066497880004,9.197675960957582,11.079122608830309,0.06797583081570997,2.4672815234950174,0.5218259059226013,0.15682077250310036,3.440492549822807,0.0,5.1241992735726996,7.392904224119009,13.13297289688552,0.0,6.522634361334439
dfs_ae4319fca5a066fe,3.332204510175204,10.282777937538743,11.031771905639792,0.07217847769028872,3.0602042518909944,1.862022022908365,0.8183951038082328,2.9863928937661943,0.0,4.567770657852948,8.23806893775228,12.913908911290461,2.4146555189783867,5.309560830277362
dfs_f105ace28ed715cb,2.70805020110221,10.208429179281056,,0.36666666666666664,3.1173021175669042,1.992019622171648,0.9120639668531578,3.059197486369263,0.0,0.0,7.641002189424819,13.015535118471467,2.5224557664912224,2.876576297610927
dfs_8bca2907f6dc706e,3.1354942159291497,9.756137610631317,11.370578183484108,0.18041958041958042,2.774231046924983,1.3327476902570057,0.8566507375621473,3.3614297529689834,0.0,4.944403150686009,7.639676818372939,12.973884250538399,2.293814424193674,5.3557554694315375
dfs_d1a91463ef3b5405,0.6931471805599453,8.4239979314512,11.782670119540732,0.11231884057971014,1.2295664966345434,0.43554645086216903,0.9488168176767685,3.4754050426924246,0.3770075045590774,4.697922909521838,6.655824343324034,13.170248370124902,1.996901660409805,5.190818496555241
dfs_ba02a381a4e35944,2.5649493574615367,9.731492966549773,11.319449933234104,0.007001166861143524,4.780853323391498,2.275329723445248,0.791300276776222,4.017549333853467,0.0,5.756652288414767,8.67856765999838,13.446029681247984,2.8651744031446778,0.0
dfs_f0660fa8c0df0cb8,2.1972245773362196,9.903123023807483,11.46284196480224,0.1721014492753623,3.892837774930217,3.1269788074462808,0.750934268294662,3.389501255224386,0.0,5.249320934505305,8.515092020658232,13.114425959282318,3.0006498211243393,4.054198242761648
dfs_04c03f898aead8d4,4.07753744390572,9.505436423282115,10.915106645867503,0.16140350877192983,3.738759571962764,2.1822147624228347,0.7233733990544614,3.33325504725147,0.0,4.527540595346038,7.379499539075656,13.096317099021691,2.293814424193674,3.8914308975053262
dfs_6846d4b5c381fd1b,4.276666119016055,10.368100604063777,12.130044369233632,0.0952970297029703,,,,,,,,,3.4913728443217287,2.3302775104257583
dfs_4a126837e19f1730,2.302585092994046,10.212872034172321,11.589071359149516,0.0855614973262032,2.256863572423669,1.1625250222693315,0.6250514336934413,2.33870246834165,0.0,4.413884850786085,7.312861201064057,13.475902008250829,1.2659553055395139,3.7932620046831045
dfs_a9b8805867711874,4.7535901911063645,10.433959504126625,,0.08280254777070063,,,,,,,,,3.119942268016456,3.6568531721598885
dfs_2818688a11e94331,2.772588722239781,8.998756969226282,11.931333122447288,0.0022988505747126436,3.2935547667820053,1.9047749474114417,0.9015940920784954,3.552537928421958,0.0,5.52375710431016,6.648527929973644,13.567064583162818,2.8651744031446778,2.633645236193398
dfs_255abec223a99c49,3.4011973816621555,9.823035770536217,11.46044198891317,0.052676295666949875,3.094516957719413,0.7761860648737303,0.680275419893045,3.34165702810286,0.0,4.935196666972272,7.076167218620525,13.817144222806897,2.6197576726867497,4.623038458561996
dfs_eea547e30be8cef5,3.8501476017100584,10.954851953770127,11.417031114571483,0.13118279569892474,3.3230015143336082,2.766499308075421,0.7230696042570444,3.480359370463227,0.0,4.194606540968607,8.470084169550464,13.303527598076453,1.807133707454955,4.822639241555109
dfs_21a81387c0780d5e,2.772588722239781,9.74030619386371,11.647849637226749,0.13873473917869034,1.279541430528788,0.036918605951228756,0.7097805839977067,3.4143705787305128,0.0,5.382885456034208,6.887456388271796,13.48013152357969,0.0,7.597124488370475
dfs_f9511afb4e0cccfe,2.70805020110221,9.107643576086291,10.7177677069941,0.192197906755471,1.42621658893726,0.0,0.05021849784649635,3.727904169176568,1.1779949754324381,5.895690274374928,5.794397367897803,13.057743786314012,0.8212059263546096,4.404315588376611
dfs_fb8637ca3fe33f5e,4.343805421853684,9.293091519868518,12.343235561185619,0.028311425682507583,5.594897024779027,1.745200896236009,0.6933352216132774,3.8345092568191137,2.3768278578084407,5.093276167140907,8.425925945934164,13.519734483946813,3.275815204077272,3.7124457813518497
dfs_ca2e072347d34c64,4.442651256490317,9.46960872733318,12.007371675551127,0.028199566160520606,4.81336516221085,3.697417536782065,0.8460314307172815,3.4003890385863307,0.0,4.447992495310446,8.88933152107356,13.430993009702098,2.293814424193674,4.577119195528554
dfs_785753b3e333aefe,4.859812404361672,9.596565473269381,12.170077524556508,0.0,6.655524928615728,3.491242327216015,0.6642244314906652,3.8431557087382724,1.5771086328724269,4.911879872359098,9.951187425730497,13.96702490858467,3.4518191713062434,2.588032367012437
dfs_85bd8f32a14b4c5a,3.091042453358316,10.017836146083557,10.516210702728278,0.033823529411764704,2.6926826868070317,1.5272650276145134,0.8230108761672836,3.3919568374467786,0.0,4.1759077523876185,7.004208197148564,12.856980160482243,2.293814424193674,3.6287717951487415
dfs_5fe8ff7a4d5c53da,4.61512051684126,10.908362958299403,12.227951547248615,0.06616862326574173,4.800710150420922,0.4045254456503045,0.2601310973567711,3.4252345613707553,1.4245225237532608,3.986892577745521,8.802127179530789,13.356943679055178,2.7084257966964724,4.573665599053
dfs_d21b82f1ea01d8e6,4.330733340286331,2.6618749410391924,,,2.8861405539114124,0.07798406176021414,0.1988066316836027,3.0917688503347978,0.02087923995561133,4.471978833990452,7.619225631414963,13.716291147063211,1.2659553055395139,5.671758863934668
dfs_5ce617c997ca9780,3.9512437185814275,9.516169112521277,10.975516275221215,0.0,3.301763082039986,0.9598612367740418,0.5325115993511139,3.688887274657553,0.13334231521924417,5.092433539904242,7.713704571309464,13.385376661981928,0.8212059263546096,5.6682171256871925
dfs_11a0cfb33fbcc15b,3.367295829986474,9.33786621349495,11.197090801098856,0.04017857142857143,3.3151582271960622,1.3697186797771892,0.7966379821960843,3.2374899680318143,0.0,2.9941734859245592,6.697528899259297,12.777425003968869,1.5727155517124787,5.573432358276454
dfs_7b5e0ff7543fa1ec,5.247024072160486,10.943228320044506,11.85559985697268,0.0,2.385204729278637,0.0,0.6533152453481933,3.47953711430221,0.0,5.071362439240312,9.726933268783556,13.517018265060209,2.9352045584387274,4.989863002162478
dfs_1c1e1ae7dd4b454d,5.768320995793772,9.842356488324786,11.77425072832449,0.09173715029277814,7.300707808832833,4.946544591926088,0.7925948481488273,3.463691952034393,0.8265773134524672,3.95682536637479,9.506564855106696,13.736415401222526,3.66860496723193,3.1287357984486768
dfs_5506b51ac331e874,4.330733340286331,10.192746102089052,11.011010027333993,0.08389261744966443,5.214998242793046,3.4965472038250063,0.865166647364001,3.169608260774259,0.0,0.0,8.498825173681128,13.658031846377645,3.22650867441372,3.209374396963328
dfs_ab0246590acdd907,4.454347296253507,10.306200789829449,11.601439878500967,0.10013531799729364,5.507939547348197,3.992575497094015,0.8572728782933173,3.5427646491540865,2.7081948910170284,0.0,10.318465024036055,13.811796670012079,3.899608315072645,3.3976686357276553
dfs_eb9b4d8477e03097,3.332204510175204,9.72670080883736,12.116793243970692,0.07003891050583658,2.475656023035845,0.8942534554944711,0.8457660575846943,3.4868979514060303,0.0,4.137963742580946,7.5881222409622024,13.569286437768753,2.5224557664912224,3.3953727195661583
dfs_5efbdbcc74e4c873,4.51085950651685,9.79239216056848,11.897548205439511,0.026988636363636364,4.093543981391448,1.5729734828589867,0.6750846444826806,3.580412282864808,0.0,0.0,10.393446062630877,13.471588238263857,2.7084257966964724,4.040220730885549
dfs_8adb64bd87ad02f1,3.1354942159291497,9.712344363089642,10.893660516800988,0.0,2.483267651348549,1.4625561216154175,0.8810066994690037,2.910648117031335,0.0,0.0,6.661942669533664,12.976379921487707,2.5224557664912224,5.199056167688543
dfs_ca3f498912aa3ab7,4.330733340286331,9.631434687906475,11.525357861463222,0.03171806167400881,6.233101743935183,2.406394257148956,0.8062702779170815,3.485512895284914,2.358777343926057,0.0,9.512081703105357,13.773127971353391,3.9498886044713344,4.347556475746898
dfs_733ee6edc5693fca,4.477336814478207,10.657767515689107,11.925412528011819,0.07428040854224698,3.129010598015083,0.0,0.0,3.398741439084241,0.0,5.147426697147841,8.966040486326254,13.514366275223248,1.807133707454955,5.956705153282542
dfs_56291cee1facee97,2.639057329615259,9.484731560020135,11.19822841866684,0.0364963503649635,,,,,,,,,0.8212059263546096,6.097634096591197
dfs_a5161dd91d2977c4,3.044522437723423,9.764334511850802,11.5517518696249,0.04868355688027819,4.445844394656185,0.334170218609377,0.5510953789946014,3.836089317675039,2.9765941119172474,4.554916249928921,7.4375521982013755,13.618905475574563,1.2659553055395139,4.22789342068829
dfs_dae7a55bdec87320,5.3471075307174685,9.240458615461085,10.52376829760896,0.10905349794238683,4.1438179458723186,0.774706337483705,0.5034887757667347,3.4382607442279216,0.0,4.921169160116339,7.707342823871412,13.289589908736176,0.8212059263546096,6.160085222091514
dfs_9495bbe56f47bc4f,4.465908118654584,5.851387762511735,,0.0,6.998911988158418,4.611838875032824,0.8132780189664125,3.526212893730343,0.0,4.109613683755075,9.01680864259625,13.765641512011134,4.043446627710712,2.975076225737213
dfs_4f5d6518486991cd,4.553876891600541,10.624429232347463,,0.11382113821138211,3.225258911387626,1.6569261813693996,0.8056588011485276,3.1828454736806044,0.0,4.717086970608936,8.189623218015155,13.660121444928413,1.5727155517124787,5.841175756106605
dfs_1bb178e841773599,3.8501476017100584,8.541485286536146,,0.26991150442477874,1.8193265581108218,1.5543966088077772,0.5254404263513275,3.1101346840064767,0.0,4.81638887700819,6.584564289167412,12.691485072147088,0.0,6.880666938206484
dfs_55f2104e597149e5,3.1780538303479458,9.50216791132139,11.542358045653934,0.017985611510791366,6.3544006412234735,1.262074043686528,0.13091414263935952,3.27109714328643,2.4999739668142196,0.0,7.780640098869754,13.45258612659559,1.807133707454955,4.9435687163644175
dfs_76180ee954d64c9a,4.143134726391533,10.279635049389636,12.10763808994308,0.0,4.254020723102926,1.846488668438289,0.7617053681993949,3.6274952224004084,2.407451359259244,0.0,9.958595181512454,13.580783931094413,3.119942268016456,3.912898089362539
dfs_8137ddb5acd6c258,2.5649493574615367,9.65026245581282,10.98334166827565,0.23309178743961353,3.6949301291467944,0.8219324547727328,0.769524715717056,3.4954459668828886,0.0,4.980325389203445,6.920176899266709,13.801582004466367,1.2659553055395139,4.0885925892905775
dfs_0c51a5b92a55f0da,5.181783550292085,6.7716528292667935,,0.12121212121212122,7.054644597597323,4.251826233626138,0.8903568187029036,3.502597732893101,1.8223406939870326,3.9170339189558865,9.270715933104285,13.733692942740499,3.3228044116247886,2.5018727655179083
dfs_654e2d092ca952e1,4.897839799950911,10.576173516475167,12.0232729744578,0.35872235872235875,4.021235736082607,2.985589568987387,0.8708702585335854,3.3146596896355507,0.0,5.007488748723191,8.584484549828623,13.522336096587441,2.1563374497238987,5.666869552807915
dfs_519e449dfcabe51f,2.639057329615259,10.334086821223583,11.07787190418095,0.11994784876140809,2.9446278912139148,1.401512755146646,0.7321756829849142,3.092824347847059,0.0,4.1467746918928015,7.774896875543228,13.168706741073546,2.1563374497238987,3.934165687671363
dfs_96ee53a0f61fa72c,3.332204510175204,10.145578397093578,12.429224196812383,0.01957585644371941,2.873525993870684,1.416917681967255,0.6642910731179681,3.334925949655271,0.0,4.24780949821271,8.448268063388932,13.221046045788896,2.1563374497238987,3.1534230753764727
dfs_926a714b9d46920c,3.1354942159291497,8.951773606541948,11.499992189558329,0.033210332103321034,3.3093730908804093,1.3732892913901555,0.7327935656988848,3.358030201859579,0.0,5.045361456366119,7.416042440074246,13.810244717731738,0.8212059263546096,4.593916424430898
dfs_12bb61a730f70200,3.4657359027997265,9.769811282427286,11.11636558733258,0.0,1.7249591878045536,0.6624513254284622,0.7998550138290605,3.543103450167708,0.0,5.105900645973176,7.971846052405826,13.02525979040625,1.2659553055395139,6.134005747437573
dfs_dc245a2cd94a049a,1.9459101490553132,9.162785290251618,11.308088324138652,0.07651006711409396,2.011423028425564,0.7907759082973799,0.6862006941110566,3.3652425279546523,0.0,5.576366099965521,6.2673461327366375,13.108933600292604,0.0,7.197894831904091
dfs_1d35bc5daa632405,4.672828834461906,0.0,,,7.307631960417874,4.968043972491383,0.750825465540471,3.587525079039738,0.0,4.632307622927234,9.27641498792517,13.819083168584296,4.128995525391798,4.191090172795871
dfs_8e2fdf0ede289cd5,5.267858159063328,10.802054196960254,,0.2413793103448276,4.191601834634777,3.5260498374841305,0.6670167490581336,3.7617939876691566,0.0,4.695566728574933,9.512133252029605,13.352423752246217,2.4146555189783867,3.2450476364141165
dfs_0d394b0e1e636ac2,5.049856007249537,9.208074732305137,12.129240196125775,0.03171641791044776,5.775233738261305,4.147526603272718,0.924013753658421,3.7090091112853463,0.0,5.004630414945727,9.030116387791841,13.470834763992373,3.6014327256248992,4.320886120314174
dfs_f37e079df0fa28d2,3.6635616461296463,8.893244649769672,12.311504158667619,0.006564551422319475,6.962144054788186,2.8766408324278117,0.6771938505199872,3.7641449476858257,2.3144446665689506,5.2539574970313625,8.122351972977484,13.649494933914191,3.119942268016456,3.766584467937945
dfs_90c9deb7bd1fec0f,4.890349128221754,10.577015741713367,11.677100023158134,0.06275720164609054,3.8450824394874186,1.942140882866298,0.7907002634969994,3.516488469783427,0.0,4.238018478458253,9.070374265719447,13.403186984257573,2.293814424193674,5.526172541827626
dfs_c112138e24fd11bf,3.044522437723423,9.56745378146286,11.281422067311539,0.0,2.8219987182020336,1.2197904277575868,0.760310685152658,3.791502148697463,2.1801775568857344,4.389066481311065,6.481920750238111,13.808671222941483,1.2659553055395139,5.643839178270702
dfs_5a1730c7dd9328b8,2.302585092994046,9.138759098576175,11.671440891132548,0.04739336492890995,2.454118968645741,0.8628100782406909,0.7106275246680877,3.1183051406944626,0.0,4.646218624858586,6.496612880362009,13.648851304435945,2.1563374497238987,4.775226872151899
dfs_681a894fefc68bee,0.0,7.137146343836151,11.838430639756742,0.016840417000801924,0.9118127071168713,0.1670181816430791,0.8113375824550856,2.7657056073847563,0.0,4.2733572991196604,4.537748987765414,12.50124658374025,0.8212059263546096,4.832741851746057
dfs_6d9e8d7d7d2dffb1,3.6109179126442243,10.160287502507943,12.429224196812383,0.17073170731707318,3.9677032986858785,0.373869677743836,0.17934932358319552,3.376432402097877,0.0,4.582244654833779,6.895160973009214,13.543321184802993,1.2659553055395139,3.620078986807821
dfs_8aae7ce34a0e9965,3.6109179126442243,10.327153273085301,11.51709675303904,0.10064102564102564,2.89249549046298,0.9047326078666098,0.7572315825223513,3.2487459920353836,0.0,4.40683061257613,6.4910545653097085,13.608100090064063,2.1563374497238987,4.511278730063453
dfs_357a98417d28f988,4.553876891600541,10.530547784928348,10.567437615438774,0.06620209059233449,4.627287623121323,2.428214243175518,0.8644089409486961,3.2283046432735745,0.12030246687724604,4.89843647061219,7.832669933222492,13.671648270652781,3.3676843746371405,4.077105061475534
dfs_4a5c43791bcacdad,2.833213344056216,8.613691724303212,11.726026761206368,0.038338658146964855,,,,,,,,,1.5727155517124787,3.7040236149950982
dfs_996888fe27dbaee2,4.564348191467836,9.897177034125386,10.282197923335472,0.1953727506426735,4.839692784254205,4.005187576943879,0.8148184584138211,2.897643562975572,0.0,4.650906118317643,8.821071278187206,13.567044070447498,3.66860496723193,4.308399977827718
dfs_a1550d8471e55baa,3.258096538021482,9.870522870754288,11.559475025623208,0.0,,,,,,,,,1.996901660409805,4.866875586950474
dfs_d348acfa8ecb6807,4.624972813284271,10.462228034720455,12.306754734396083,0.046153846153846156,6.223099849109933,3.728681835629385,0.5389824812106082,4.031472698219104,0.0,5.541244038814226,10.176799347894221,13.511773626550962,3.275815204077272,4.68809638487679
dfs_4ce2023bc1785519,2.995732273553991,9.265742377835094,11.022735454804309,0.0076045627376425855,2.7616608234542768,0.08154621250949726,0.22331172830480267,3.3248176867350177,0.0,5.098823183558965,6.572715753148303,13.708187005699122,0.8212059263546096,6.152228534994114
dfs_1b72821e3bdae502,2.8903717578961645,8.953767530708083,12.120100728115206,0.0,3.0954280099836575,1.0587520983918326,0.3577427163323951,3.473253543565537,0.0,4.29200671558772,6.664114871678388,13.406398808935911,1.2659553055395139,3.6201888712040855
dfs_35c07e07cdd9aba4,4.5217885770490405,11.232863785715377,11.18978200424029,0.0316622691292876,3.3165060594860707,2.7390368238269662,0.7749702449619347,3.783898969821257,0.0,5.580078930093666,8.874938963651847,13.470484642716952,1.5727155517124787,4.020594306708887
dfs_783c4e2afccbe480,2.833213344056216,9.619763112924524,12.174654215251746,0.0,3.506320288099626,1.5867195915473031,0.5806451015524332,3.356478714797112,0.0,4.68184821404615,7.757213013117522,13.433938230471027,1.807133707454955,3.5933118392066565
dfs_e4d93d6286d17dc5,2.70805020110221,8.505828044195159,11.06165722706025,0.09033613445378151,2.628353092572097,1.4182010556783857,0.7600420809971696,3.4170545313350873,1.461515553208207,4.325647802980785,6.85871669842746,12.838721133844222,0.0,7.04930099429245
dfs_024a4b57366ce6fb,4.276666119016055,9.817548461630455,,0.07046070460704607,1.879137912321187,1.2533270940645773,0.7849917153778485,3.644257411011508,0.0,5.451376805827433,7.63350635681586,13.345750099150212,1.807133707454955,2.6134396275061973
dfs_85faed5a0397cde7,3.4011973816621555,10.318726418230026,11.909444004953487,0.0,2.475656023035845,0.8942534554944711,0.8457660575846943,3.4868979514060303,0.0,4.137963742580946,7.5881222409622024,13.569286437768753,2.5224557664912224,3.3123841999043706
dfs_1f90a39366baa177,1.6094379124341003,9.057813315309705,11.494629102687112,0.06060606060606061,0.8673502792290437,0.13156856767817052,0.9267209424917711,3.172602587198599,0.0,4.922946123605055,5.152177247132334,13.138722828866188,0.0,6.296866105946984
dfs_dd99c160d4a099fc,4.48863636973214,10.631744860199529,12.077710725272096,0.0,4.330636677775943,3.2590044950532944,0.875351905170895,3.5711765398741826,2.7443029426820744,0.0,9.847040966949265,13.768077172953587,3.819104412943722,3.187293630069596
dfs_9bdb4dd16d720019,0.6931471805599453,8.742631721792021,11.530922541671883,0.01859504132231405,1.52374479705408,0.07757216002350786,0.8060936977033798,3.4459870791715157,0.0,5.292841860935003,6.985470077453299,12.85764755017916,1.2659553055395139,4.018219931606203
dfs_1b1426a501c15cdd,5.0238805208462765,10.255549576180687,10.481251939552509,0.15852682145716573,4.24056871158301,2.3368300133260385,0.8605920988071709,4.005841328569343,2.7848730802981736,4.636214586941295,8.261456028295646,13.585516092638306,3.4518191713062434,3.6155250120294173
dfs_b0747043b4110f17,4.454347296253507,8.277199575540198,11.986404298691774,0.14285714285714285,6.76210126578141,2.305263014972481,0.6040334286533122,3.6762673869528824,0.0,4.788464065320435,9.592356588525734,13.784290236163267,3.997761355241824,3.144429506621763
dfs_78f8992693445a17,4.836281906951478,10.223373403545231,11.870236206746673,0.10019455252918288,4.565170937198459,2.444759803032357,0.6751932330336113,3.658840964055582,0.0,4.485812713223388,9.305880565616206,13.512993658238958,3.0006498211243393,4.951200009954876
dfs_c73fd653fe79337a,3.367295829986474,9.81745117698901,11.991684404385566,0.09078014184397164,4.674701576060757,2.96676281317977,0.6342569277989796,3.340115130910973,0.0,4.614659803636671,7.467477276682818,13.664932986973795,2.5224557664912224,3.3953727195661583
dfs_9802191238978efa,3.6888794541139363,9.669970153044584,11.498948237039368,0.12841091492776885,3.2111183759906567,2.3006846571104678,0.8962622926352921,3.5659857281733163,0.0,4.524347198899901,6.411959316161111,13.565908805074368,2.9352045584387274,4.250697528624192
dfs_c18fbd46323255fb,2.70805020110221,9.689669685137023,11.577082663413542,0.013972055888223553,2.0876195523892056,1.3364462026252562,0.7940575551375492,3.350952813995379,0.0,3.9653266457976684,6.4902549388121535,13.0106359693683,1.2659553055395139,4.344623841616531
dfs_499c55bc5f2e1ae1,4.634728988229636,9.583280264684898,12.281342442503984,0.0,5.820818718361798,2.6243428282269923,0.6341823318073908,3.4661708803071765,2.234425443370988,0.0,8.351884099031713,13.384318327344825,1.996901660409805,4.329162048325749
dfs_e8b32f41e4bea9be,4.709530201312334,8.7133340769245,,0.6412213740458015,3.508068308613881,1.0791073239394884,0.34047814800102816,3.6061275863169633,0.0,5.338468502522802,7.8352443199833015,13.622802851361865,0.0,6.729535509274923
dfs_ec04ba2a3b816705,5.384495062789089,7.0379396444192395,11.922555222209168,0.0,7.434867685767489,5.3143429531040365,0.8817944755033347,3.265347396466099,2.1245474954120827,2.756068646061024,9.571561144209412,13.698197786716248,3.4518191713062434,4.579039763649927
dfs_d85975ad40f633e9,4.564348191467836,10.757618400822512,11.319437798563529,0.017137096774193547,4.096049832406254,2.867786307066956,0.8475327457600533,3.4567251802845016,0.0,4.973876681170434,8.762332120883654,13.682163148413828,2.293814424193674,4.4810478560645866
dfs_c5b34e7cdecd3ef1,3.970291913552122,10.406036448767747,12.429224196812383,0.0,6.5107188859254475,2.5307616363817633,0.6501944775738764,3.4604815678723244,0.0,4.720221461433057,9.11108192613823,13.64914777974828,3.22650867441372,4.632288889717148
dfs_a5321c316184ce54,2.833213344056216,8.613691724303212,11.726026761206368,0.038338658146964855,1.7366230322286447,0.491228983352361,0.7491617964480477,3.4586024970362335,0.0,5.085975180552909,7.842540819153426,13.433620364884478,1.5727155517124787,3.7040236149950982
dfs_e196f482b1a09f22,2.5649493574615367,9.679352856935884,10.596659732783579,0.04296875,4.2358616998334835,2.6767855555763034,0.6794736553363534,3.6955256959267015,0.0,5.216975633392372,7.216114158854171,13.080390721126678,3.119942268016456,2.541608604871337
dfs_17d9a361af12e67f,4.700480365792417,10.786172611578356,10.305279255277984,0.030303030303030304,6.772843025911417,2.279071890040988,0.14517712155333268,3.3326046341579967,0.0,4.599786096048308,9.458630993426606,13.56716201281484,3.22650867441372,2.4257314486238695
dfs_af7123c81be8cf47,3.367295829986474,9.849048381970444,10.997773830833216,0.06428571428571428,5.382380183468143,2.188853649412911,0.2896018325982899,3.339983656412264,0.024828322553405082,5.324116765736946,7.331866103010753,12.958382202876598,2.4146555189783867,3.8371048173783326
dfs_3b2ce15a077f666c,3.58351893845611,10.090475818047823,10.866451924607954,0.0,5.019334511192957,2.8810327453721762,0.4229372455381336,3.0593997704122207,0.0,4.0454516962678015,9.05784945796227,13.270260832223869,1.807133707454955,3.7215840652437344
dfs_ccc1e1610f08172e,4.2626798770413155,11.09119924718796,,0.11455108359133127,4.219678850245431,2.7657828209441218,0.8371407309839315,3.9023658216800787,2.5500944018684417,0.0,9.869913472409923,13.537695644590153,3.0006498211243393,2.9741031868254915
dfs_ef730c03b9dbcece,4.406719247264253,10.199731299369445,12.26947458350174,0.0,6.216423578870405,2.54976038791088,0.747591170093135,3.4995032124138072,0.0,5.284334694805067,10.20773689988822,13.835557273115649,3.4106363451196224,4.22142961002596
dfs_1186f6e539405cc3,4.394449154672439,10.495090877119504,11.65126030255907,0.0,3.5070799445077823,0.3668357180545983,0.8133359619971676,3.4170807968056027,1.8831304796740913,0.0,9.58608707441312,13.541956217477052,1.5727155517124787,3.9018055704099526
dfs_4f0eeb3ec4eb7417,4.77912349311153,9.922439379556032,11.107960231903714,0.05268389662027833,4.423497605009977,2.0606264249867725,0.674137149006721,3.3516573432658974,0.0,5.0226872538083125,8.24008093449934,13.505976800330345,2.293814424193674,4.139451476556792
dfs_78cafa8a2505f139,4.343805421853684,0.0,,,7.1674296480381265,3.037959626315032,0.6967525928383413,3.6045573429957227,1.3978712228661296,4.13300514897262,8.854774002360383,13.885176536197378,4.065529698164491,2.530154822748723
dfs_c58f6c978677760b,2.302585092994046,8.268971842156047,,0.12217194570135746,1.5970599635616267,0.27230904999444916,0.3828656988671555,3.555664426799154,0.0,5.457392696758242,6.147959469044899,13.16522169720623,1.807133707454955,4.706889476221185
dfs_f1d32b837783e979,5.267858159063328,10.153884528140091,12.031231043990045,0.04048996257230351,5.9243709097805235,3.529739453743084,0.5443193023639348,3.5803339670264704,0.0,5.288965217735767,8.604776249644004,13.559608766661665,3.3676843746371405,3.2434912923401664
dfs_490d737e4d82b967,4.330733340286331,10.123567241460117,12.395576679800147,0.01689545934530095,5.833582069314111,2.807337174490028,0.48988816575263966,3.4456196275917006,0.0726101649982274,4.7914277943495245,8.753342433774081,13.589217050743953,3.22650867441372,1.7534006059148939
dfs_fad2115c66ed4244,4.143134726391533,9.9886847599916,12.275328149192942,0.0,6.586557800284961,2.0858262871247324,0.5727261552671827,3.5887603397581382,2.1579908537265924,0.0,9.513358525733498,13.868897758599235,3.275815204077272,3.330481689797339
dfs_d4f336e53dbf34b1,2.9444389791664403,9.372849084760583,11.37395071267964,0.01094391244870041,1.8931007961364554,0.0,0.6417308585953138,3.517777810025249,0.0,4.660175322668493,6.808135699627769,13.491022029028194,1.2659553055395139,4.451139627773411
dfs_9046b6a518bd88f5,1.3862943611198906,7.546721316332168,10.698107702026707,0.0,2.7405685970820395,0.6386982245424686,0.26069894003238675,3.4838449478585107,0.0,5.524788988650571,6.947791633121392,13.437873142941953,0.0,6.560565510693836
dfs_09b0b4f8a586ccb5,2.70805020110221,10.189509514817914,10.901026419110801,0.08390022675736962,2.6089683004863664,1.2737442462990802,0.9330853180692104,3.041572734685409,0.0,0.0,8.118805217424397,13.072181044617713,2.293814424193674,3.6967179059946798
dfs_caddeb1f11479c84,3.5553480614894135,9.064589718654501,12.213177347260105,0.01002865329512894,4.400402028662769,0.8749782594815292,0.801579729758352,3.7339670511468794,2.56733091180153,4.900226167113467,6.683053555633151,13.92322530025463,1.807133707454955,4.0429462629474315
dfs_8f9db524b43d65eb,4.382026634673881,9.370548744492694,11.305901295535902,0.052556818181818184,3.8994956265817655,3.100647753176469,0.756786434143733,3.3653261113662,0.0,3.326108484687389,7.826055222969113,13.287828662131503,1.5727155517124787,3.552174481749298
dfs_6ede0ea901b3474d,2.302585092994046,10.044195779459864,11.185309892059308,0.032948929159802305,3.0088976616568655,1.1548327700837033,0.773016838122109,3.5960566999951302,0.0,4.8477849791805765,7.8526406417271755,13.040773640364375,2.4146555189783867,3.6146661374284337
dfs_295f2d9482abb498,4.430816798843313,8.277199575540198,11.986404298691774,0.14285714285714285,6.796184460157716,2.611781415636825,0.756772419950057,3.4744189477061465,2.1525944495906058,0.0,9.546692296431607,13.74714713119257,4.128995525391798,4.994668074987169
dfs_84b664a6b0636a69,4.709530201312334,10.685426587078242,10.631422558581738,0.08839779005524862,4.072853038876637,2.4748534896708576,0.7405385159732799,3.407718177419321,0.0,4.466001787582725,8.429158412925526,13.70152293560593,2.789868226539849,4.649429021454543
dfs_a8366e98614b56e6,4.060443010546419,0.0,,,3.809669068601707,2.349322058987241,0.5920114554478205,3.1693641746962284,0.0,4.522652328602796,7.510219788311383,13.190717111353058,2.1563374497238987,2.678626734566875
dfs_34c1d2a8443af401,5.056245805348308,0.0,,,0.0,0.0,0.0,4.162480276994867,0.0,6.9215442140843475,8.784615957978422,13.376650493977037,1.996901660409805,5.8493980696680214
dfs_861d6a0afe4d08f8,3.2188758248682006,9.655268291708374,12.001235504698597,0.12250332889480692,2.015772563558077,1.4109789558054915,0.7276259225855698,3.3453249585257083,0.0,4.82467640057184,5.650250710204999,13.09971277848418,0.0,7.1039397836761164
dfs_43891e80638cae30,2.3978952727983707,9.495180923840223,11.362939434273745,0.0,2.006933006508919,1.0503519179203011,0.9528539747588416,3.4440181593658963,0.0,5.001350125154607,6.55353776516139,13.678621534801856,1.996901660409805,4.9836641062204
dfs_b331e772c50894a1,4.248495242049359,10.654464935254035,12.429224196812383,0.0,5.276643597603632,2.3360607265138333,0.558229725856484,3.850236469041293,1.9137239901595517,0.0,9.509469689133475,13.419065149786821,2.293814424193674,5.926097749404701
dfs_b66731cd4f081fb7,4.189654742026425,10.123567241460117,12.395576679800147,0.01689545934530095,5.833582069314111,2.807337174490028,0.48988816575263966,3.4456196275917006,0.0726101649982274,4.7914277943495245,8.753342433774081,13.589217050743953,3.174644349887469,3.821203259500911
dfs_381912b46f4b1f32,5.231108616854587,10.824317000439551,10.300920488947028,0.08482142857142858,3.0531615772188494,2.3018600782261407,0.8387445912170021,3.746176541899425,0.0,5.521358137446623,8.611185637871204,13.334517161838868,2.4146555189783867,3.4680566105330244
dfs_fc39be1581e2d8eb,4.6913478822291435,9.573316652668895,11.306036587736513,0.08819345661450925,4.761754615947269,2.7716699908906293,0.42464368240363753,3.426232681931441,0.0,5.142759478522612,8.215037443598375,13.48712315085388,0.8212059263546096,6.207309711307644
dfs_4d166233b03c04a5,4.23410650459726,8.62024880379107,12.14935413491861,0.03106508875739645,7.075775939733857,4.263548386621239,0.7529708732846061,3.441796330035743,1.8226561434071085,4.507984722765767,8.820849910272013,13.581228958239562,3.529421369656171,4.411594607295604
dfs_ce79ce24eb39e307,4.941642422609304,10.864052770478247,11.317470035226188,0.0,6.810292875989046,4.591855373715217,0.8245961480908294,3.6140240254471987,0.0,4.522693524872332,9.461391923599159,13.517710807324207,3.4913728443217287,4.31673717613257
dfs_896c195d96a39d66,4.204692619390966,10.624155594674624,11.883364251154715,0.05002810567734682,6.7585864610574555,3.036582541556458,0.6587567243144439,3.6698615515500737,0.0,4.909044545574589,9.463502900621545,13.6974047202129,3.4106363451196224,3.456311847627656
dfs_fcafe240e1b9ce91,4.304065093204169,0.0,,,1.7669616966716895,0.013244439621362472,0.15923991483083821,3.010441834045322,0.0,4.316988101906102,7.8312927862520825,13.375360833044247,1.2659553055395139,5.888739566159153
dfs_89fe981afca1aaa5,2.833213344056216,9.766058014576092,11.61578886542944,0.01865284974093264,2.4320281557209245,0.11192162959357245,0.6687066527831884,3.1299130582444747,0.0,3.9421270530976606,7.329867562992465,13.344270965230246,1.807133707454955,4.974108467317542
dfs_1ecd845c90e0c5f0,3.713572066704308,9.60753028917408,11.733577916069146,0.13333333333333333,3.9479377619100906,2.4269697114822164,0.6864731200949044,3.5990316860874607,0.0,4.631390881261162,8.059447386876373,13.405012807328035,2.4146555189783867,4.531635003742012
dfs_06ad3447191f9f73,2.639057329615259,8.981387203382415,11.51293546492023,0.022857142857142857,3.40368792156827,1.201428869895093,0.9119929466547285,3.4898321252613234,0.0,5.347908751381761,6.708951567087501,13.480215428280781,2.293814424193674,5.357842747571359
dfs_6999aa81742b9c63,4.897839799950911,10.786172611578356,10.305279255277984,0.030303030303030304,,,,,,,,,3.529421369656171,4.13085773738537
dfs_e47bbd146a76d081,5.135798437050262,10.33266830762645,,0.001430615164520744,4.658591581854577,3.341183448714251,0.8384371111866588,3.9909863640675765,2.1115584891653008,5.006890823525058,9.736434198279058,13.350887626764264,2.6197576726867497,3.7664241467565533
dfs_2283279c52bc809a,4.356708826689592,9.46960872733318,12.007371675551127,0.028199566160520606,4.81336516221085,3.697417536782065,0.8460314307172815,3.4003890385863307,0.0,4.447992495310446,8.88933152107356,13.430993009702098,2.1563374497238987,0.0
dfs_2f98876367b11f56,6.0112671744041615,7.0379396444192395,11.922555222209168,0.0,7.434867685767489,5.3143429531040365,0.8817944755033347,3.265347396466099,2.1245474954120827,2.756068646061024,9.571561144209412,13.698197786716248,3.66860496723193,3.2561992569007376
dfs_c03d06bf5ec8f8af,4.8283137373023015,6.7823598536952225,11.700450128762364,0.23809523809523808,7.307631960417874,4.968043972491383,0.750825465540471,3.587525079039738,0.0,4.632307622927234,9.27641498792517,13.819083168584296,4.128995525391798,4.35253323594798
dfs_02f4e236037e4bb1,4.248495242049359,11.02030319135877,11.684784142914062,0.0,5.029194657367783,1.953562079735151,0.6710373438105084,3.0076036715005774,2.1384446937725827,0.0,9.936198088628913,13.580219776880675,3.0620738268031755,1.8104657669638489
dfs_01843a305fcfef2f,2.639057329615259,9.507387480012014,11.292627860105938,0.0,2.707414953092207,1.667154640031576,0.9708251883754665,3.5355864157111228,0.0,5.462102654800628,8.207299185264707,13.081178817165066,2.1563374497238987,2.425825301567815
dfs_e0f042c8c847c7bf,4.406719247264253,7.815552286210703,11.47341510987477,0.028985507246376812,6.998911988158418,4.611838875032824,0.8132780189664125,3.526212893730343,0.0,4.109613683755075,9.01680864259625,13.765641512011134,4.1082845903468765,3.9800258086623974
dfs_c25b9edd2c04439b,4.060443010546419,9.605018992277737,,0.3281733746130031,5.114251637886096,0.327140146142193,0.22446008419628782,3.630903931000212,0.0,5.266274284155695,7.915374823646803,13.10829690685925,0.8212059263546096,4.396047454740792
dfs_8fc53df29305ebdc,4.418840607796598,10.597732600523837,11.651451861764512,0.0,4.201258370676973,1.8804768379409484,0.6524430026460004,3.453189318907458,0.0,3.787083977004528,8.820087192835178,13.679237123662974,3.0620738268031755,4.594093285842574
dfs_af021aaa1fff103e,4.2626798770413155,10.812818013242655,11.874995827425868,0.0,4.124420710006376,2.7447579087074114,0.8660669074232292,3.6161862123793838,1.269074036415895,0.0,9.082759544827695,13.390515475386769,2.6197576726867497,4.131330911854921
dfs_1b7191d9d81b3379,4.174387269895637,10.002372088192594,12.096659484542986,0.018518518518518517,4.104216690303248,2.5488247281400804,0.9238178068550439,3.4151446781247268,0.0,0.0,7.904830801904301,13.513601087701458,1.2659553055395139,5.134827139509879
dfs_165b81da815a6fb4,4.290459441148391,11.343936399788028,11.620137265941437,0.0625,4.2510930099415685,0.34660922119936277,0.73168647758874,1.1216008411792933,0.0,0.0,10.323745395550144,13.843628516864168,3.0006498211243393,2.287070470822991
dfs_8338be11ce59d85a,5.087596335232384,10.718259307739883,12.030611502192858,0.05241935483870968,4.299734472674036,1.887124186377208,0.5473027482560646,3.7021748700466963,0.0,0.0,10.039494192795456,13.392411888434768,3.3228044116247886,3.8994568205231914
dfs_b30673ec9eaaf2dd,1.6094379124341003,8.550636432665787,11.369355280437118,0.04405286343612335,2.3975249405994954,1.7262332588116642,0.8219557036017073,3.4434890891715626,0.0,5.110899224272865,6.178438242633609,13.00088025486142,1.807133707454955,4.648431355084922
dfs_aabf16db09fd6419,3.4339872044851463,0.0,,,4.850762106403298,2.2565482261885,0.8500535039046089,3.550353594198743,2.3100722920005934,4.5437915015281245,5.898469009027747,13.511823757059654,1.5727155517124787,5.5423285531456
dfs_0a85f7b02d8964eb,2.5649493574615367,9.717235838046692,11.641767127983346,0.07617728531855955,2.6025927123413037,0.11630847762560163,0.3147807016149129,3.567824309393883,0.0,5.221531067945225,6.890879217606526,13.337502176000209,2.1563374497238987,3.500680386854762
dfs_4099a5dfc4ebfa60,4.143134726391533,11.392574343164508,12.429224196812383,0.2675925925925926,3.8440509383785164,2.0399080052886216,0.8698443465459165,3.88586555386584,2.090877313492734,0.0,9.93992521125182,13.565329772581658,2.8651744031446778,4.455880511559633
dfs_91b03290a2e7d767,4.23410650459726,9.441418950319182,12.135596531725849,0.06179775280898876,,,,,,,,,3.8466654526656625,4.015597831001917
dfs_34940b6568e4501d,4.700480365792417,11.09701516805099,11.58292716075612,0.08780795957043588,3.5200869387921405,2.9965655335954944,0.6652392555843448,3.2186997216477673,0.0,4.947999037982955,9.03258636777594,13.511833240927258,1.807133707454955,3.2901175643306435
dfs_afe58524539cacaa,2.8903717578961645,8.998756969226282,11.931333122447288,0.0022988505747126436,3.2935547667820053,1.9047749474114417,0.9015940920784954,3.552537928421958,0.0,5.52375710431016,6.648527929973644,13.567064583162818,2.789868226539849,4.485531509734331
dfs_39824fcce40c0cf9,4.0943445622221,10.433943406370162,11.879822979929134,0.026785714285714284,4.415711709945013,1.3405658592413525,0.5946105839987089,3.5877204736169013,2.549922306798013,0.0,8.840197994461818,13.631123669841122,2.789868226539849,4.455880511559633
dfs_14f2df95cd22eaab,3.7376696182833684,9.95067130520775,10.788762220879093,0.3246217331499312,2.0726093093019338,1.6481388287311018,0.7075157558318407,3.5210774832829155,0.0,4.173753576692427,7.496874527550116,13.253419709592212,2.293814424193674,4.95552348662224
dfs_e6862b0dd2c363d7,5.049856007249537,10.123567241460117,12.395576679800147,0.01689545934530095,5.833582069314111,2.807337174490028,0.48988816575263966,3.4456196275917006,0.0726101649982274,4.7914277943495245,8.753342433774081,13.589217050743953,3.3228044116247886,3.3849470799377994
dfs_cac13f5ce6d67410,3.044522437723423,9.146540601512786,11.722416239830652,0.11933534743202417,1.2118069240413356,0.3017118818715544,0.6731991484317787,3.483520746101072,0.0,5.604175499813257,7.080134367766261,13.476769549625756,0.8212059263546096,6.090592277363287
dfs_6aee0f8d08ed5ea8,2.5649493574615367,8.303229388760576,,0.16012725344644752,3.1092958255193386,2.4541927502193803,0.8303220885922638,3.349862250906147,2.213298396605888,4.237281510372564,5.264660404795732,13.133222206339202,1.2659553055395139,4.562411064164112
dfs_1644760a0d084655,4.174387269895637,0.0,,,,,,,,,,,3.275815204077272,5.289826365411678
dfs_c17227adaa5fcfb9,2.5649493574615367,9.46278820129643,,0.0,2.4153771056015025,0.44377184130558245,0.6987307245065065,3.352074340843465,0.0,4.905704036191657,5.999367949550682,13.070343503332204,1.996901660409805,3.2081725121099347
dfs_58d8f8d27b380ccd,5.075173815233827,9.515826682287745,12.429224196812383,0.01091901728844404,7.124858691720833,4.285427869011039,0.8850906464517411,3.335216930499754,1.1030955981392276,3.591815626103021,9.53194411246356,13.828390257391005,3.997761355241824,3.498498197949751
dfs_5f93c62a632937ac,2.5649493574615367,10.131607312543343,11.392507711491088,0.09949409780775717,2.5502767785534073,0.26857867425785864,0.7674367322493401,2.8519642012561124,0.0,4.20063708210057,7.630599223256796,13.186188519147317,2.4146555189783867,4.037307073585723
dfs_f6461df5856b5548,2.0794415416798357,9.380204518249613,11.040935864989436,0.12790697674418605,3.4247570084525907,0.40789357411960797,0.5629638709389114,2.8661857026071083,0.0,4.1062954804646585,7.539709058611471,12.99773395866088,0.8212059263546096,6.0675849739113135
dfs_f8d070106cc64a4a,3.8918202981106265,9.12980465989841,11.53927524029301,0.05807622504537205,4.4867253593695775,1.748589931916754,0.29059912365069657,3.4063459976210333,1.9925330210485872,4.550155557859246,6.696199259292797,13.421866307410632,0.0,6.48192071006902
dfs_6393a106913a2ed6,4.543294782270004,10.138897127683256,11.640447588047344,0.08505154639175258,3.3822834221232787,2.046975690671665,0.5578555411568713,3.6001575147678264,0.0,5.696011238693091,8.977386052084688,13.501175085166965,2.1563374497238987,1.7476222051938013
dfs_13d082a3f3ae1a8d,3.970291913552122,8.945136683562078,11.675384392667931,0.12064965197215777,2.8084243229750765,1.0645060606538894,0.4735101153225718,3.5407789534066043,0.0,4.628286111775922,7.231566664922274,13.298629973197707,0.0,7.088793284565304
dfs_43b97dc7c4ace56c,2.833213344056216,9.687567884869257,11.523301447795,0.05823293172690763,3.11171005869967,2.105233964358074,0.9162666112699218,3.6152278574622465,0.0,5.192202417678597,7.406346920127008,13.560564113318573,2.293814424193674,2.6336837627219167
dfs_9272e7d43cbde2fc,2.772588722239781,7.891098229055865,11.077346450578775,0.10459183673469388,2.5594881504792077,0.965262735165999,0.5097705082373162,3.223867773865618,0.03403329278104708,4.4945415103934065,5.537574529558692,12.483571797581934,1.2659553055395139,5.444359292969922
dfs_b1cc80c5cebcc3f5,3.2188758248682006,10.012943885679997,11.915466301561146,0.025145067698259187,2.9407790519116235,1.2440053741158101,0.6387988552403638,3.632622448163131,0.0,4.930379630650319,8.284971891220831,13.216822285889107,1.996901660409805,4.988780803026291
dfs_96954dc0428511e6,3.332204510175204,9.380231086127456,10.929206515683912,0.03296703296703297,5.323908687110839,4.02736222342039,0.7218589709605983,3.5597522394965395,0.0,4.806962807526322,7.93000969360387,13.619437278172727,2.4146555189783867,3.8591794141019204
dfs_bd4a5b77b47915f5,3.1354942159291497,9.923187865758658,10.977363060971824,0.14854517611026033,2.8798615523994764,1.5401164043386795,0.6755532768658282,3.3696330798433847,0.0,4.634596138514011,7.629273221454757,12.962304947804249,1.5727155517124787,3.8562637653115166
dfs_32a485301c591bda,3.8066624897703196,6.0586172510428,,0.0,3.180942667331465,0.5979281029394066,0.2916562120170973,3.3066507508034433,2.2743898248189622,4.170442805262528,5.834308738149484,13.371726569928972,1.2659553055395139,6.0391486114105115
dfs_bcac2264b24f6da5,3.044522437723423,8.350651496233976,11.672268356193772,0.06490066225165562,2.3670419623475336,0.8642739995586677,0.7642282351647945,2.61244948481949,0.0,4.955084208011925,6.49672129155558,13.544686913623616,1.807133707454955,2.7066927391372055
dfs_73bfc6a5f662d8f9,4.700480365792417,10.786172611578356,10.305279255277984,0.030303030303030304,6.772843025911417,2.279071890040988,0.14517712155333268,3.3326046341579967,0.0,4.599786096048308,9.458630993426606,13.56716201281484,3.275815204077272,2.4257314486238695
dfs_df2751ad0b6e06d4,1.9459101490553132,8.580327565122342,11.400003097105111,0.07187894073139975,1.7599106642076459,1.2672519010568024,0.8133096643466892,3.099170876935271,0.0,4.286240165789338,5.627256941776584,13.327730662964353,1.5727155517124787,4.344313457499347
dfs_71cdd5ee12168c79,2.772588722239781,8.718738289935978,11.846722698387037,0.0,3.760590211940432,2.191646654344999,0.8971933883893395,3.198194427914702,0.0,4.624696202397509,6.937999586570417,13.704434852790465,2.7084257966964724,3.571964513385249
dfs_6e53221eda3a6f82,2.639057329615259,10.15479989540953,10.910934393452123,0.12743628185907047,3.568420973088995,1.2747363772176645,0.7748014315028966,3.04645364282982,0.0,3.793574399486889,8.075178396492442,13.09381780167539,3.0006498211243393,4.920104137955287
dfs_bab5f4ce5d29665d,2.4849066497880004,7.277860243554182,11.824797584723209,0.0,3.091431862466875,2.187287322210082,0.878361695044909,3.2475678852933623,0.0,5.203388972450901,5.793502899643357,13.48137259480568,1.2659553055395139,5.49473731561134
dfs_a639ef12b4198feb,2.8903717578961645,7.746831146053569,11.703405318840641,0.047325102880658436,1.5597034996328922,0.2778088771182107,0.5890687471953414,3.2962366186094956,0.028910136727301732,4.639592456978494,6.077576870565491,13.492897438571125,1.2659553055395139,3.190494801600392
dfs_9d84319c4905a761,3.1780538303479458,9.117999434564219,,0.0,0.7983964221115742,0.07588369638424107,0.6248164896346619,3.4457921431719187,1.0996447022492646,5.270031467921799,5.795943190696019,13.557303141819046,1.2659553055395139,6.0403738475330115
dfs_d2b664a42a5ba139,4.189654742026425,9.323108608200773,,0.0335195530726257,4.977115849136945,2.3063271028155823,0.5064714708640878,3.6014265634543063,2.4312711126257387,3.5791576559374305,9.020434389582928,13.6860770432715,3.119942268016456,4.148325136563703
dfs_7fecbcdb76fd8a1f,4.330733340286331,8.62024880379107,12.14935413491861,0.03106508875739645,7.075775939733857,4.263548386621239,0.7529708732846061,3.441796330035743,1.8226561434071085,4.507984722765767,8.820849910272013,13.581228958239562,3.8466654526656625,4.605841962437735
dfs_535eacb4ff99d453,3.8501476017100584,8.838577086878127,12.429224196812383,0.0,4.629853055555215,2.6933503123227087,0.7900000805955841,3.424486602589726,2.435016022539942,0.0,10.02927301000199,13.731027255427108,2.6197576726867497,4.8808259140815995
dfs_15193832fda3ca65,2.8903717578961645,10.114601385250458,,0.16474464579901152,3.0871939201096317,2.2713166673739247,0.8848759261619716,3.275556758347335,0.0,3.794607200241569,7.904670599315133,13.04030697694503,2.5224557664912224,3.9926124059297012
dfs_beff705e8a1fffbc,2.302585092994046,8.779385098033481,11.132777164845853,0.01768172888015717,1.9101274607139451,0.24498553450378951,0.7201235463398177,3.634239852175629,0.0,5.44895347045014,6.116422337668334,13.48957125472764,1.2659553055395139,4.941302367149601
dfs_a5420a118d1050b9,3.091042453358316,10.015103217196579,10.604900477513105,0.04081632653061224,3.6597290447031314,1.9435532759631875,0.7376636917753876,3.402967629682487,0.0,4.751471798398508,7.7005690985194715,12.937950034350157,2.1563374497238987,3.808567830082113
dfs_bea4910cdf6452af,3.6109179126442243,10.955935962994124,11.653434953949743,0.08778280542986425,3.89466351394078,0.6076820166295648,0.22417352140917976,3.3137502225728492,0.0,0.0,8.300929339233829,13.53077214868172,1.996901660409805,4.01092619336113
dfs_0386be8441c7bba1,0.0,8.118432090781512,11.8879382384223,0.11019283746556474,0.9204201976373984,0.0,0.03758970360702205,3.4535300075240922,0.0,5.363524413275792,6.533698869738071,12.655076055652822,0.0,6.223534496133407
dfs_fe4b4d3953f52bd0,2.639057329615259,9.748363225337288,10.856611534455633,0.0326530612244898,2.3331682085236807,1.422440675373454,0.9400689739366007,3.5297566955210793,0.0,4.843314308992523,7.675529440048023,12.854211999853629,1.5727155517124787,5.069927193960482
dfs_f9535e42f5726819,3.258096538021482,9.778488460078199,11.759371394654206,0.006920415224913495,2.3753752513110897,1.213821226453401,0.8766548971445044,3.157895672175311,0.0,4.1401806417666,7.350229373980532,13.329514122827577,2.293814424193674,2.9962875138985723
dfs_adb1dcb36300c09a,4.219507705176107,9.441418950319182,12.135596531725849,0.06179775280898876,7.1674296480381265,3.037959626315032,0.6967525928383413,3.6045573429957227,1.3978712228661296,4.13300514897262,8.854774002360383,13.885176536197378,3.9498886044713344,4.4596992413805925
dfs_0399404e242a4bd9,2.5649493574615367,7.742155958102893,,0.0,1.751047285914616,0.21844051127822042,0.5029038521490339,2.895413051286488,0.0,4.255294454310732,6.694899965142044,13.235704562633208,1.2659553055395139,5.097882434325493
dfs_54dc95bc7ad6ef5a,4.189654742026425,10.88300958686494,11.233555418386214,0.08327953518398967,3.0674288938899235,2.6110480355313332,0.665247454653075,3.0294166977992125,0.0,4.795856809593383,8.355067033742921,13.226770238478139,2.1563374497238987,4.998546038028375
dfs_70759790a7430d81,2.5649493574615367,10.18552385222704,10.890329940361228,0.0680379746835443,2.2580519671497252,1.0337922292440482,0.887771187675267,3.495617953497776,0.0,5.3559713135301,8.9392823574058,13.17845633495837,2.1563374497238987,4.765058502322689
dfs_75404f58255ec679,3.4657359027997265,0.0,,,2.938881777145822,1.897286689440218,0.4708421856421928,2.45487769011101,0.0,3.337716316111653,3.867780600072652,13.536096874641556,1.2659553055395139,4.922518195410824
dfs_7968c553e5878c6c,3.332204510175204,8.82055101067856,10.875212991298383,0.09671179883945841,5.159289838026876,1.4838001339476738,0.17928190325741764,3.677102144287131,0.0,4.65791269135796,7.572967465609938,12.981490818522913,1.996901660409805,3.6968149448942063
dfs_1579f6bbef4e5e7f,1.3862943611198906,8.515739998045033,10.9425090597906,0.03627760252365931,1.4666737290235676,0.9627281424953759,0.8347719593559516,3.0191778227392305,0.0,4.954534201242533,3.870023992407888,12.545590240337347,0.8212059263546096,6.163811464661112
dfs_2a1b9d5054fcb173,4.553876891600541,10.57785063820935,9.744198694852747,0.09726027397260274,3.6375573436666317,1.00464694305465,0.7785537034458867,3.591775106698305,0.0,5.042730460113425,7.091010089717463,13.640579623118546,1.5727155517124787,3.3506807090295783
dfs_82c06b2c5ff37efe,3.4011973816621555,9.938042550878873,,0.0425531914893617,5.406032308057965,2.8408866770305954,0.8477869831298894,3.7879617911484305,0.05950418205693238,5.097641782331522,9.077662188891146,13.55441329051697,2.293814424193674,4.445530784512711
dfs_ea159f06bce9d006,4.9344739331306915,10.3908076186445,12.429224196812383,0.03385178408051235,6.752448812899181,3.9354373647504084,0.8627802398956875,3.3536548166924955,1.072695016844224,4.178469032125125,8.589279094286844,13.567791230983994,3.5660751120561667,5.088851929079272
dfs_5aa08c73129d7893,2.5649493574615367,9.413211682272006,11.192995644968327,0.040354330708661415,2.574392237389652,1.8066080460912062,0.8987862516538379,3.5049358469422196,0.0,4.999493182197191,7.206870621738157,12.861774935230658,2.293814424193674,5.3644096980666545
dfs_0cbfad7c45974428,2.0794415416798357,8.65525813374909,11.67392123504943,0.038669760247486466,2.0337839488975713,1.791482407379595,0.5362918958688218,3.629813469348543,2.5953970626969203,4.689644322783231,6.14532492985169,13.231626667321407,0.8212059263546096,6.157724315852124
dfs_ee0e44cb2c18970d,4.969813299576001,10.18351632696123,10.501966846976991,0.16029143897996356,4.319974348623362,3.3080348238925747,0.8086988925301657,3.267100263996534,0.0,5.350799866038919,8.608545159887703,13.685604585554792,2.4146555189783867,3.5433120686937336
dfs_daab51135a62d909,3.7376696182833684,8.979774346379592,10.697972167001991,0.0,3.1573144766454972,2.3830907020546723,0.7772162186556255,3.667418166218136,0.0,5.611451210537541,7.4177460781790465,13.581087380174825,1.5727155517124787,5.082851317884932
dfs_32334d1a6c0a0ced,3.8712010109078907,9.124105650782962,11.153460919422749,0.13949843260188088,5.475189056304453,0.32922260517435686,0.2859308679377194,3.268930740371306,1.6713749128470856,4.432952089190373,6.815989700029422,13.894948159521103,1.2659553055395139,5.526775236662798
dfs_911b2f2ff6849e07,5.056245805348308,6.7716528292667935,,0.12121212121212122,7.054644597597323,4.251826233626138,0.8903568187029036,3.502597732893101,1.8223406939870326,3.9170339189558865,9.270715933104285,13.733692942740499,3.4913728443217287,4.103778886864885
dfs_ffb5cbb365bdb223,4.394449154672439,8.277199575540198,11.986404298691774,0.14285714285714285,6.76210126578141,2.305263014972481,0.6040334286533122,3.6762673869528824,0.0,4.788464065320435,9.592356588525734,13.784290236163267,4.020864861806105,4.080728486426149
dfs_7d5bfb61075957d5,5.081404364984463,9.515826682287745,12.429224196812383,0.01091901728844404,7.124858691720833,4.285427869011039,0.8850906464517411,3.335216930499754,1.1030955981392276,3.591815626103021,9.53194411246356,13.828390257391005,3.9741114275380682,3.498498197949751
dfs_24a39d653c6a0526,4.6913478822291435,6.7823598536952225,11.700450128762364,0.23809523809523808,7.307631960417874,4.968043972491383,0.750825465540471,3.587525079039738,0.0,4.632307622927234,9.27641498792517,13.819083168584296,3.9741114275380682,3.065928350498611
dfs_e997df54ac65dfbd,3.970291913552122,9.42794169107656,11.467854874601327,0.09852941176470588,3.3528648339096314,1.878540178925501,0.7775336717648701,3.3241696154938722,0.0,5.563059121756517,8.867462589173924,13.407763347841037,1.5727155517124787,2.6108545855309004
dfs_f156e4e0f3fc5459,4.143134726391533,11.48265649370596,,0.021399652978600348,5.0596498718821925,3.285327999835249,0.7536042383932345,3.764003460726023,1.9305207674502591,0.0,9.781522597145523,13.429052172268717,3.0620738268031755,1.105522688408767
dfs_9cbed4e495654c65,3.8066624897703196,10.460379597801891,11.646319348140759,0.047692307692307694,2.7584657509073596,1.1542465986873272,0.9216658021469915,3.1733324078389877,0.0,4.016450231359968,7.623099221931849,13.422064925680312,2.8651744031446778,4.197276357668852
dfs_5488f9c7b8c05466,3.7376696182833684,11.38615037129965,,0.19620958751393533,3.646519235335402,2.974386096066235,0.7521709776201141,2.7787429643187544,0.0,4.385820208307799,9.002726577112256,13.198865053789364,2.5224557664912224,3.0856412524557144
dfs_23f86145bf1cd345,4.836281906951478,10.198559727217567,,0.04904904904904905,3.4318051339749314,2.302580441321876,0.7977094878576683,2.630477106384376,0.0,4.346808436349633,8.394279503730669,13.684892631358618,2.293814424193674,5.544861831173938
dfs_72b0f9b8d952b43f,3.367295829986474,9.229951653529303,10.813820572436036,0.020804438280166437,1.9527380111082466,0.0,0.030795005929512804,3.720958290772902,0.0,4.9420804493276265,7.000006086849714,13.212109012899877,0.0,6.6524899670998225
dfs_d4b1ac89a4f964c3,4.31748811353631,11.226681345568538,11.440204223169058,0.0,2.383383098919577,0.49475647487896157,0.7607023335446611,2.986789838849047,0.0,0.0,8.382648793772484,13.55849864407879,1.5727155517124787,3.67411632601238
dfs_b3b6ab6844a87c83,4.219507705176107,10.184896528142387,11.169772964992372,0.06842539159109645,4.3539722059396135,1.611685902808102,0.766559797875434,3.504865834801005,2.536343240283901,2.916293363182448,7.631351269090183,13.583529319079725,1.996901660409805,3.754638974343908
dfs_b40a80ce74cfa1f0,4.68213122712422,9.71072987735938,12.174829625790242,0.012154696132596685,6.752448812899181,3.9354373647504084,0.8627802398956875,3.3536548166924955,1.072695016844224,4.178469032125125,8.589279094286844,13.567791230983994,3.4913728443217287,3.7446295443911986
dfs_8d3328b2515cd555,4.418840607796598,9.848900958176326,12.352680665166265,0.1135091926458833,7.405952455737231,3.2581464723811995,0.6759401581693133,3.5637683391986146,1.0608486804709338,3.8596034749659283,9.56249633427854,13.84182819095692,4.1082845903468765,3.682024618202654
dfs_020a573f324525d9,1.0986122886681096,8.919169596886228,11.899044641480856,0.01384083044982699,1.5570463493850966,0.49262925029878385,0.8984897558900099,3.53460296860277,0.0,4.785210398936999,5.062741951898418,12.559703962331447,0.0,6.958715393801351
dfs_3c378a4773124133,4.07753744390572,10.213308171750272,,0.10363636363636364,2.395304739127306,1.0377132903191826,0.7262775898787261,3.3325456180235387,0.0,4.929010944202083,7.715507004067672,13.113774599217505,1.5727155517124787,2.185131641775808
dfs_8989312c4634377d,2.772588722239781,9.344475477888158,11.15550738783355,0.10270270270270271,2.25219349128597,1.7538396864658201,0.7819091290174971,2.6810358667866456,0.0,3.4919915958207373,6.3419517289179606,13.557793677658383,0.8212059263546096,4.099809887169065
dfs_5e3e968e8b28a29d,4.343805421853684,11.456077103774573,10.92255145577777,0.07297605473204105,3.386094277523552,0.0,0.49105923767271015,3.658828036267954,0.07417799343788287,0.0,9.441899586751658,13.891855668713479,1.2659553055395139,3.9018055704099526
dfs_68d40e66ffe0477f,4.605170185988092,9.2099891033099,10.68434794707383,0.09900990099009901,4.839692784254205,4.005187576943879,0.8148184584138211,2.897643562975572,0.0,4.650906118317643,8.821071278187206,13.567044070447498,3.6355827541784427,4.213861093996462
dfs_9338703d7eed368a,3.58351893845611,9.928149327343803,11.312961186603424,0.06386861313868614,3.448135904607924,2.023433711625426,0.857447931104751,3.254499912872089,0.0,4.483464473054858,6.3302995426271895,13.473848075288844,2.293814424193674,4.257037004264767
dfs_afed731b79b5dd46,3.367295829986474,10.318726418230026,11.909444004953487,0.0,,,,,,,,,2.5224557664912224,4.211958969568532
dfs_d341663c7e201ba9,2.772588722239781,8.718738289935978,11.846722698387037,0.0,3.760590211940432,2.191646654344999,0.8971933883893395,3.198194427914702,0.0,4.624696202397509,6.937999586570417,13.704434852790465,2.7084257966964724,3.571964513385249
dfs_cfc03445073f09bd,3.044522437723423,9.594309350239419,11.285522856735636,0.06842923794712286,3.4402551254061153,2.514089405496886,0.9126378426592426,3.3189791890033993,0.0,4.710741502051797,7.569974248989534,12.961219972027573,2.5224557664912224,4.379161287634109
dfs_2b96183bf82d6cf8,4.330733340286331,10.101591750773366,,0.09818181818181818,4.081333645313983,1.0091417286921947,0.5808792779336341,3.8014269546310424,1.9302051676117697,0.0,8.948868117992221,13.522314645530708,2.293814424193674,5.406814888948268
dfs_c534fbcd6121e1c4,3.091042453358316,9.801566141890307,10.866203750120928,0.2395644283121597,2.291245724587284,0.647894809429281,0.6140846211154763,3.3145930192625026,0.0,4.808595043136094,7.1713080860068565,13.426451137610023,0.0,6.715421921729125
dfs_a8bf8761401b6cc3,3.5263605246161616,9.540107932100014,11.575364909587336,0.0,4.491499093874819,1.4867010497005873,0.284487770635053,3.232275706863949,0.0,4.28793589267958,8.039459993129597,12.836838975506348,2.9352045584387274,2.356874836410133
dfs_62aeac2b91cbffd4,3.9318256327243257,10.510451592570853,11.438460506027381,0.08150470219435736,3.539463921034052,1.350132569148857,0.5905583717115057,3.701279023576158,2.0734337512534067,4.230384956839871,8.435456088136217,13.838847129595335,1.5727155517124787,5.526775236662798
dfs_d312ee04486256df,0.6931471805599453,8.738455872207178,11.782807553496298,0.0,1.6640289444613678,1.1012367084350356,0.857744495450947,3.420761523875383,0.0,5.082076170006108,5.786258283767091,13.003259970441277,1.5727155517124787,4.356045082258749
dfs_dfcadb0b41eb922d,3.8066624897703196,0.0,,,2.7804487529635558,2.703319976919485,0.20595564583092824,4.12990141035489,2.4277287425851406,6.338826268326266,6.756895421254943,13.730794363209442,0.0,6.607788648132539
dfs_245a6e17da394c04,4.248495242049359,10.710800598778066,12.276605663715413,0.07815845824411134,6.141756391081469,4.452247863199179,0.759889457409523,3.4697608615678357,2.5999775611856837,0.0,9.830137548149171,13.741649786023293,4.065529698164491,1.3324044270445687
dfs_5c3108c628d42fd0,4.174387269895637,10.825227375816741,11.948492916894836,0.10058479532163743,3.8733909356005993,1.0903719900214712,0.8325921224073375,3.012998798232094,0.0,5.275554719984378,9.587983137940332,13.425894684548421,1.2659553055395139,6.103996582001082
dfs_2acc23d8a464d361,4.330733340286331,11.150090738994452,11.875281242375891,0.0,5.900088608881824,2.240582250116679,0.826664528128547,3.152388915231335,2.572433617302034,0.0,9.823565068794155,13.606616252230769,2.8651744031446778,4.230640075210894
dfs_7ef8e3ef4bbc3b07,3.9512437185814275,10.268583107539973,11.090705779538261,0.008620689655172414,3.117296112408932,1.551101337988383,0.8966756717431669,3.333035129881026,0.0,3.8446758898282116,7.029524076950888,13.099815064159978,2.1563374497238987,3.999371037385304
dfs_ca87af021f5ddd42,4.477336814478207,10.710800598778066,12.276605663715413,0.07815845824411134,5.981859615207856,1.6535115518366124,0.37405927970118896,3.6649160570919914,0.0,0.0,10.330323008603743,13.6857230055588,3.529421369656171,3.5941353568662593
dfs_108d9d3332e9a4ef,3.091042453358316,10.245100050549905,11.197899601992871,0.16329704510108864,2.9536353221483234,2.0960924808209915,0.8002962376586498,3.2659456884387703,0.0,4.013798502714839,7.651108434292828,13.504506633001105,2.1563374497238987,3.8604462428062183
dfs_1ed8524dc3b1cfa1,3.258096538021482,9.068726058379715,11.065934990033494,0.07119741100323625,2.459083747744882,0.6616968821662,0.8507280639577828,3.5731858043905738,0.0,5.2211420468006295,7.48329807633265,13.327157197457574,1.996901660409805,3.4424436772820712
dfs_3dde7644e7f04f96,4.02535169073515,10.154242024631417,12.178716864853651,0.02543068088597211,3.2217220203073977,1.4484940651326452,0.7582169337336715,3.4134971243931034,0.0,4.517662685640497,7.821275375877504,13.623749387878732,1.2659553055395139,5.790945938621595
dfs_874436bde7590c13,4.574710978503383,9.2099891033099,10.68434794707383,0.09900990099009901,4.066286811021425,3.5046709462712724,0.7669423454266724,3.094530018848259,1.3307456579987997,4.2298725787104265,8.225451817746105,13.571470180937078,3.6014327256248992,4.368748171148837
dfs_df1e52d8c480ef13,4.189654742026425,9.364329066586254,,0.11062590975254731,5.434470466232692,0.0,0.056316631772948704,3.4313905878107422,0.0,4.838693870630201,8.620655710745647,13.253112653529257,2.1563374497238987,5.495052022060191
dfs_deab932891ab81e0,4.430816798843313,5.851387762511735,,0.0,6.998911988158418,4.611838875032824,0.8132780189664125,3.526212893730343,0.0,4.109613683755075,9.01680864259625,13.765641512011134,3.9741114275380682,3.144429506621763
dfs_0858cf59f6845689,5.225746673713202,6.7716528292667935,,0.12121212121212122,7.054644597597323,4.251826233626138,0.8903568187029036,3.502597732893101,1.8223406939870326,3.9170339189558865,9.270715933104285,13.733692942740499,3.4913728443217287,3.295712851954806
dfs_6c48325ee16906fe,3.9889840465642745,10.101488205366216,,0.06909090909090909,2.5753581597796686,2.0269784730378313,0.7339519297070143,3.365599067455069,0.0,4.218880418045338,8.508322862307116,12.978952485703722,0.0,6.64621317165687
dfs_daa6142c67eff88a,4.219507705176107,10.251848124036274,,0.11614401858304298,2.273964921267731,1.810658905838538,0.7011236167648074,3.582301395883672,0.0,5.08888100972034,7.385671612698012,13.24019263421472,0.8212059263546096,4.58180804107087
dfs_639ee923fdf56592,4.189654742026425,10.457984686843709,12.429224196812383,0.06677524429967427,,,,,,,,,3.3676843746371405,2.0149485243623095
dfs_fc032b292ae073be,4.0943445622221,10.469096126006397,11.875072410164853,0.06827309236947791,4.073403327574549,2.518218433984458,0.719923521130771,3.693724447040813,0.0,4.761107482022778,9.05222733723978,13.415486619805492,2.6197576726867497,3.9278310726285697
dfs_ec021d941ff27a12,2.70805020110221,10.208429179281056,,0.36666666666666664,3.1173021175669042,1.992019622171648,0.9120639668531578,3.059197486369263,0.0,0.0,7.641002189424819,13.015535118471467,2.5224557664912224,2.826390926630744
dfs_36853798b96cadf8,2.1972245773362196,8.54939406191072,11.619544188752133,0.05081967213114754,2.45965659173061,0.959626587133286,0.8238584929496564,3.3065393718999525,1.6769977616765854,4.951996832638069,5.071380015442414,13.53230246233594,1.807133707454955,4.933977916720558
dfs_dc1ec8044d87dd68,3.1354942159291497,9.795811435783044,12.109170699537964,0.008893280632411068,2.9232543404268223,0.7437160272208276,0.631145770778578,3.4673621582867464,0.0,5.008728461869324,7.5738159834887,13.572984116252027,1.807133707454955,5.1619369281926
dfs_1a084ce8cfc74b3d,5.214935757608986,8.932567699682743,12.318458922624307,0.1346153846153846,6.334663106895385,2.5173822150236775,0.7996261974842283,3.5098420044138674,0.0,4.2740340772733845,9.699606795211766,13.873860594872692,3.5660751120561667,4.439790267958474
dfs_4966feb86ac369d6,4.477336814478207,10.915588385786027,11.18898043422584,0.0,3.0180425558594246,1.4521214057769711,0.9202244958517798,3.2311979444163876,1.3765045758465053,0.0,10.119429705739307,13.671978467503903,1.996901660409805,5.020866955741559
dfs_483bc386112f77b8,4.882801922586371,10.365889950937378,11.065387580440156,0.058671268334771355,3.475437062116076,2.4106989473404985,0.8874745260799913,3.5404113209256285,0.0,5.6517263511235845,8.750584119727971,13.771909705993583,2.4146555189783867,4.534510710274649
dfs_5f7ef22b145cfb2f,1.791759469228055,8.884007897887662,11.2150987761264,0.039660056657223795,2.752763449917198,0.04013436192179466,0.1371499048187671,2.8211872597949466,0.0,4.415552569333674,4.799094611929797,13.09011700688438,1.807133707454955,4.554272923633941
dfs_9ce07318c3c0ba04,4.59511985013459,10.788254116666801,12.1021555321104,0.08333333333333333,6.483656793149754,3.2941732224892237,0.2795671725631378,3.421271613211756,1.289654282523338,0.0,9.826842197469709,13.479629346653189,2.7084257966964724,4.573665599053
dfs_ee113d63a8c5581f,4.812184355372417,10.684770658203275,11.196583253025215,0.0911062906724512,5.245772256788458,3.783383723867926,0.8859917101375365,3.9263222443233166,0.0,5.70895143386583,10.026381516784252,13.55076866918693,3.7907621809913215,3.5383592783840574
dfs_43338cad4d119016,2.995732273553991,8.857902765584319,11.688104910834536,0.01726844583987441,1.714900492276806,0.31932143441954025,0.6092021001489474,3.413523501693736,0.0,5.431163664067457,5.576333312835896,13.511329116446623,0.0,6.550281995525482
dfs_14445e502c3045c1,4.532599493153256,10.163370802343819,11.354937431911715,0.03443526170798898,3.511931142255935,1.9305016736861673,0.7505022577932894,2.94673286809801,2.0255158979011285,0.0,9.050099548201617,13.43992361857048,1.5727155517124787,5.443236437696759
dfs_f15a089aeb5fbe69,2.995732273553991,9.929510485083814,11.505034412347458,0.024485798237022526,,,,,,,,,0.8212059263546096,4.411589303131412
dfs_c8f69806e7bb0845,4.060443010546419,9.38809123282517,12.244576755831105,0.022944550669216062,6.542048718947252,4.608886986432667,0.9044987052737069,3.5776773676061215,1.826369591149261,5.524403044832585,9.512367912457776,13.660442624254934,3.3228044116247886,4.741991708694357
dfs_d183c092a6c80f0f,4.31748811353631,10.076670079850674,,0.16257668711656442,5.951555210290123,2.372299042941958,0.6636338047073671,3.384446628978058,1.5412633641683093,4.061879684187877,9.882294647287472,13.650681904282544,3.174644349887469,4.0304328768585505
dfs_566e2b2c7c8a399c,5.087596335232384,9.208074732305137,12.129240196125775,0.03171641791044776,5.775233738261305,4.147526603272718,0.924013753658421,3.7090091112853463,0.0,5.004630414945727,9.030116387791841,13.470834763992373,3.119942268016456,3.943083770922618
dfs_6c33d5b6b7d12a40,4.553876891600541,9.2099891033099,10.68434794707383,0.09900990099009901,4.627287623121323,2.428214243175518,0.8644089409486961,3.2283046432735745,0.12030246687724604,4.89843647061219,7.832669933222492,13.671648270652781,3.529421369656171,3.046927079139116
dfs_3c35f770ef124fa5,4.406719247264253,10.687585551456378,11.221650278341562,0.0,,,,,,,,,1.2659553055395139,3.532524608132828
dfs_d25c97507763ba5b,4.812184355372417,9.947300938429834,11.311616788263537,0.01348314606741573,7.12573065630007,2.197589453915631,0.7646755641339724,3.1920360877337153,0.7918053084717013,0.0,9.226791420600108,13.625400348207059,3.4106363451196224,4.169922405860198
dfs_ef06be1c7d31ddeb,5.356586274672012,9.93517759622586,12.327280919465665,0.047787610619469026,2.3750243871567767,0.15295784339133064,0.4817911546275574,3.2802513976449537,0.0,4.670738299887739,9.343547576018516,13.377275326839076,1.807133707454955,5.752518571020095
dfs_045eb9271ec80960,2.639057329615259,9.731492966549773,11.319449933234104,0.007001166861143524,4.780853323391498,2.275329723445248,0.791300276776222,4.017549333853467,0.0,5.756652288414767,8.67856765999838,13.446029681247984,2.9352045584387274,2.2871806396368455
dfs_b4b7f1534e127787,3.367295829986474,10.12074568069066,11.382828169079987,0.0,3.517574459872383,1.7277050810507741,0.8631736324754642,3.48725835367174,0.0,4.887586183849005,7.1999612700332385,12.915523692796649,1.996901660409805,3.458994235544711
dfs_81db30c4092d3783,1.6094379124341003,8.291242876955943,12.198237027095697,0.0,1.452544428028455,0.09858374319993991,0.7804526682474897,3.7159997779069003,0.0,5.694403515475615,6.250371391380513,13.27770420586651,0.8212059263546096,5.710898953609051
dfs_bdc77b590b58d192,3.6888794541139363,10.031105918562057,11.923543938319188,0.0,6.764632605638261,3.1732349845845387,0.7071308182644691,4.057872261622182,2.940245309484199,5.1721449690495405,9.02657365755279,13.561308392753096,3.0006498211243393,3.5131144085517834
dfs_182daadc09c41839,3.7612001156935624,9.988203981469056,11.962643475298108,0.014634146341463415,3.164984153956647,1.3269349999246247,0.6037794694908429,3.509387743556174,0.0,4.2365907229145,8.740383587388418,13.388252192570079,2.293814424193674,4.33326031792616
dfs_147d7b3d809b359f,3.6888794541139363,9.396373968712968,,0.11455108359133127,6.9468278000735,2.515903281652096,0.6177876443954804,3.761475864333623,1.8043084034806594,5.319698583798728,8.395885425256497,13.565610985445597,2.789868226539849,4.457406426588953
dfs_4212d1e46e2fe1e2,4.02535169073515,10.281819565794088,11.415323661400773,0.0,2.8900493518390755,0.8508546052488466,0.6245322620321117,3.1770324395518568,0.0,4.064634439348972,8.084869258400733,13.615711149488021,1.5727155517124787,4.625994765897445
dfs_3b6c6d6b80943720,2.4849066497880004,9.773703683195142,11.372536325948367,0.024390243902439025,2.4561847444266505,1.8770579009610888,0.8079634299975538,2.962740988815719,0.0,4.842810588256275,7.041266560555684,13.616140904668486,0.8212059263546096,2.6431959274451744
dfs_e9ecd2cdd56e3fd2,4.204692619390966,8.62024880379107,12.14935413491861,0.03106508875739645,6.998911988158418,4.611838875032824,0.8132780189664125,3.526212893730343,0.0,4.109613683755075,9.01680864259625,13.765641512011134,3.8466654526656625,4.803422162839161
dfs_270079b57a497289,2.302585092994046,9.766058014576092,11.61578886542944,0.01865284974093264,2.4320281557209245,0.11192162959357245,0.6687066527831884,3.1299130582444747,0.0,3.9421270530976606,7.329867562992465,13.344270965230246,1.807133707454955,3.4777191956889846
dfs_ef72aa3087e1aae0,5.484796933490655,8.9464362124937,,0.296551724137931,5.708316194521091,3.05350997904407,0.3575653351584455,3.393349985608822,0.0,4.892605069129603,8.4564151577078,13.755507867708307,2.7084257966964724,3.878272734558014
dfs_163dd7ea6c081469,3.4965075614664802,10.000702299929516,11.440365524765756,0.10157367668097282,2.4794528597377727,1.2010577666996851,0.8263583450700872,3.363379230403864,0.0,4.635570033466116,7.649915775197083,13.645759658344172,0.0,6.2488477487435645
dfs_385476af90324fb6,4.948759890378168,10.108343532689764,11.311812449476772,0.10194174757281553,4.507032949458194,2.987292913164351,0.89725069568194,3.4590142128344388,0.0,3.3864309729464828,8.552527975894062,13.327574295892333,2.789868226539849,3.4537214180561415
dfs_11a0719a5219c9a0,4.634728988229636,9.662710466234882,11.66629869980829,0.040697674418604654,7.405952455737231,3.2581464723811995,0.6759401581693133,3.5637683391986146,1.0608486804709338,3.8596034749659283,9.56249633427854,13.84182819095692,3.9741114275380682,3.040959476919519
dfs_1a8457296d519980,5.0689042022202315,9.855468597150326,,0.12222222222222222,4.24056871158301,2.3368300133260385,0.8605920988071709,4.005841328569343,2.7848730802981736,4.636214586941295,8.261456028295646,13.585516092638306,3.66860496723193,4.012549009931627
dfs_4cceb83c3dbdcbaa,2.833213344056216,9.130288671075837,11.44718088350086,0.06899902818270165,1.4613274444238626,0.023885302618015327,0.3799645233160584,2.927138731773508,0.0,5.283425409954938,6.404160311901362,13.491471507951397,0.0,6.351122967534572
dfs_a956f4be85537db4,3.1780538303479458,10.07179800865596,11.271859767147028,0.05017605633802817,4.9431325244051605,2.048873414976803,0.3505718614270679,3.7010971704814155,0.0,5.139689318054747,7.755109589331726,13.63024788031146,2.293814424193674,3.8591794141019204
dfs_423f63fa2634c81f,2.1972245773362196,9.74096768174191,11.254141782561096,0.15819209039548024,2.670666509881511,0.9649984179726185,0.5272385482616596,1.6763797077854987,0.0,4.436488373172346,6.656241115951145,13.286519266352608,0.0,6.701239582939628
dfs_e7f984fc35ba740d,4.875197323201151,9.594953512257192,12.090414849950422,0.061317183951551855,6.823180844418769,2.7825941409231594,0.4689406023844733,3.3516818337780747,0.0,4.0082323864130265,9.184267683286775,13.52300487056476,3.174644349887469,4.608564280850425
dfs_c887941e388385ba,1.3862943611198906,7.301502986475572,11.221850978115445,0.16152897657213316,3.1325910460137356,2.8173919657144033,0.5345922360428029,3.1649551742659985,1.464713422360483,4.5893215382245085,5.0645486604788434,12.917214447379001,1.5727155517124787,4.897834433033129
dfs_e3bee7a990ec39f7,4.59511985013459,10.705275437393224,11.374169016916182,0.13985148514851486,2.240516005709648,1.3246969325297875,0.6783066650520856,3.612552280114138,0.0,5.429800877564913,8.484641033962662,13.509251666606131,1.5727155517124787,4.894845358770581
dfs_1af5314be13f3203,2.3978952727983707,8.526131606232909,11.26528428205562,0.0,1.7834786999894514,1.313048055689418,0.7308114103563208,3.317531740437681,0.0,4.986205866606376,5.724259394726034,12.69146968594574,2.293814424193674,3.685860449653747
dfs_45e9ec0f4fdd3124,4.31748811353631,9.564649429386892,,0.0,7.15210330154699,2.1567291444257486,0.6048848655322846,3.6756954290543202,2.798549962134293,4.111648330962977,9.082896729749473,13.858505869120126,3.8734872112924554,4.240120977477395
dfs_7229da0928af37d9,2.3978952727983707,10.374983943673666,11.213089836345878,0.14262023217247097,2.9069926757495095,1.1622248513897329,0.5900863068669724,3.343497783603211,0.0,4.7721697604199305,7.962693146973629,13.682348240080433,2.7084257966964724,3.956359131225852
dfs_7328d368006adace,1.3862943611198906,8.098292604088387,11.76298354882532,0.08862876254180602,2.335498927854318,0.11205019969363211,0.6823448318763703,3.004673139789154,0.0,4.9909817407264585,4.499700178445136,13.456136259759035,0.8212059263546096,3.6880164171303216
dfs_332cd5f5f1e02b23,4.382026634673881,9.396651714933588,11.94540893430204,0.15384615384615385,6.067279320902287,3.695074259191118,0.8487156508032495,3.6129541379138095,2.4331265299210023,0.0,10.065254469062515,13.75886189653143,3.7615931774174802,3.6568632185068366
dfs_fd62e1a7b7005b07,3.6888794541139363,10.23273163297988,,0.013513513513513514,3.796719889999832,2.0269784730378313,0.7740938057350473,3.4265083206850555,0.0,4.564619646577735,7.900640518693964,13.607804729438902,1.5727155517124787,4.078958048462358
dfs_67d9e30568341153,3.5263605246161616,9.58828739523709,11.88665219729118,0.0,2.4940339050394233,0.5578385910419145,0.7710498367589398,3.270637291832916,0.0,4.106790347695025,7.989064469654582,13.695744557532148,2.6197576726867497,5.62737305807244
dfs_aaacbf0ca7be42ff,4.430816798843313,5.851387762511735,,0.0,6.998911988158418,4.611838875032824,0.8132780189664125,3.526212893730343,0.0,4.109613683755075,9.01680864259625,13.765641512011134,3.997761355241824,2.6389197968758666
dfs_16af0345c6c6866d,1.9459101490553132,8.462076947979117,11.94888098007639,0.032719836400818,2.660649952379185,0.6434809504286566,0.4896328397529127,3.547413557984276,0.0,4.8299244866572195,6.010702222861342,12.806462883998512,1.2659553055395139,5.519194560068561
dfs_3038c509a2e8f2e3,4.77912349311153,10.255549576180687,10.481251939552509,0.15852682145716573,4.24056871158301,2.3368300133260385,0.8605920988071709,4.005841328569343,2.7848730802981736,4.636214586941295,8.261456028295646,13.585516092638306,3.4913728443217287,4.356068010598876
dfs_8a0ecce59a0761c1,2.5649493574615367,9.725532361447655,11.206563334905086,0.06808943089430894,3.611929182473805,2.176958788745715,0.860637512862891,3.3181916950134873,0.0,5.044448022590553,7.580322471001727,13.144242279122771,2.6197576726867497,5.510917780576195
dfs_78797c7488bb1e85,4.634728988229636,10.268791536038517,,0.05743740795287187,3.6841657047679925,1.7462664732430726,0.8250385356103521,2.996855182106739,0.0,4.404517013900346,9.580570367287027,13.622882875029514,3.66860496723193,3.8193274428641026
dfs_39d3c654ba52acc5,4.343805421853684,9.723920972477636,12.26063658552054,0.0,6.6718931193947,5.14056871945463,0.7677506002027041,3.2869155237875094,0.6263205858140029,0.0,9.641624446113463,13.52772848051216,3.174644349887469,4.0304328768585505
dfs_039c8d16a280cc4b,2.4849066497880004,9.039596931725551,,0.030927835051546393,0.6872936484446469,0.0,0.7355544978908312,2.948800345275256,0.0,4.759360211674365,5.851831554984632,13.527194951538885,0.8212059263546096,4.221892983906643
dfs_83bd0f963099a3c0,2.995732273553991,9.58914350436277,11.742718857002318,0.0625,2.7060183483968885,1.8366678753072074,0.8287025324943013,3.688120636444696,0.0,6.013270949817383,7.742252742466709,13.509720182038704,2.8651744031446778,4.899570912253967
dfs_80c8f19fd5a963a9,4.04305126783455,9.505436423282115,10.915106645867503,0.16140350877192983,4.528976166998694,2.1691210880735468,0.5062888617788159,3.8380015223529242,0.0,5.58181617812382,7.7475289517297234,13.239043582944847,2.293814424193674,4.391221327716289
dfs_d9bdf6669192e8d8,2.5649493574615367,9.790378350756535,11.62019116461195,0.010884353741496598,2.6981315923513782,0.8988774681275284,0.9216334860289495,3.1828663421554015,0.0,4.682221091699408,6.392104321238304,13.577381533215444,0.8212059263546096,4.334857241840212
dfs_ed735ef9a2240524,4.875197323201151,9.662710466234882,11.66629869980829,0.040697674418604654,7.405952455737231,3.2581464723811995,0.6759401581693133,3.5637683391986146,1.0608486804709338,3.8596034749659283,9.56249633427854,13.84182819095692,3.9741114275380682,4.678058763383004
dfs_19db609469c3761a,4.948759890378168,10.255549576180687,10.481251939552509,0.15852682145716573,4.24056871158301,2.3368300133260385,0.8605920988071709,4.005841328569343,2.7848730802981736,4.636214586941295,8.261456028295646,13.585516092638306,3.3676843746371405,3.6155250120294173
dfs_d8b1cb712e0725aa,4.897839799950911,8.554544469596793,11.433243525545334,0.05847953216374269,7.054644597597323,4.251826233626138,0.8903568187029036,3.502597732893101,1.8223406939870326,3.9170339189558865,9.270715933104285,13.733692942740499,3.66860496723193,4.668788712413578
dfs_c1cf1ec725c8ef2b,2.772588722239781,8.998756969226282,11.931333122447288,0.0022988505747126436,3.2935547667820053,1.9047749474114417,0.9015940920784954,3.552537928421958,0.0,5.52375710431016,6.648527929973644,13.567064583162818,2.8651744031446778,3.6523376017665417
dfs_a12e3dafb492653c,4.477336814478207,8.804922709158225,12.237067309632398,0.0,7.175800678736306,5.297570143956522,0.8309928224117421,3.4945330095510054,1.4856810583068403,4.210713073900205,9.766074586135982,13.794996577716567,3.899608315072645,4.220009223368308
dfs_518e733456aaf04a,2.1972245773362196,9.06998100046352,11.782334090333578,0.17775905644481887,2.414120332875532,1.1021649905992232,0.7568279436132447,3.4963192392054654,0.0,4.574613721422527,5.666297616568526,13.212646396730975,0.0,6.222986928951682
dfs_a7253cb63d714d43,4.442651256490317,10.888698973184265,12.285064031527924,0.006983240223463687,5.4285021791634485,2.957453988902047,0.726676650261237,3.653643452023315,1.366307545914245,4.17702932984204,8.990004764727049,13.472572261362068,2.8651744031446778,5.151635697324182
dfs_756454753deda99b,1.3862943611198906,9.138682396978654,11.725307316360391,0.0,1.7613921315033303,0.5595363301241424,0.9606474164422156,3.503637859146134,0.0,5.332171229220775,6.206332942091633,13.573259362796936,1.807133707454955,5.152294870500581
dfs_f952266703939d51,3.6375861597263857,10.204599227510064,11.336880171167758,0.06451612903225806,2.7613325002919895,1.2107929076509747,0.7933973771179416,2.678505328550656,0.0,4.587881343006125,7.661639671434134,13.594756649178699,2.7084257966964724,4.980601977196761
dfs_4e58f20d20a03750,2.4849066497880004,10.15479989540953,10.910934393452123,0.12743628185907047,3.568420973088995,1.2747363772176645,0.7748014315028966,3.04645364282982,0.0,3.793574399486889,8.075178396492442,13.09381780167539,3.0006498211243393,4.920889481750735
dfs_c3ca4df97da60bf3,4.0943445622221,9.427686718877304,11.135216564531996,0.025,4.158557905710318,3.596644114630928,0.6993532801305652,3.5745930739301808,0.0,4.675770799448478,7.695153760677665,13.688323568413644,1.996901660409805,4.161227650682029
dfs_87331313b6a7a549,5.176149732573829,9.671235334056496,11.470122342644919,0.02727272727272727,,,,,,,,,2.9352045584387274,4.748766613925216
dfs_a1e89ec6afe9cace,4.07753744390572,10.268583107539973,11.090705779538261,0.008620689655172414,3.340257955051807,1.9046164432043444,0.8768264347111702,3.0426690009044703,0.0,3.8444857906522407,6.97353300949813,13.132367172174812,2.293814424193674,3.489367626699853
dfs_108ea5c8dd1051ee,4.718498871295094,10.44399038199929,,0.014742014742014743,5.937546877401374,2.654162293153591,0.6941372904565218,3.6104554043604318,0.0,4.95540065165616,9.961243791989673,13.864892927697753,3.4106363451196224,4.714247735489076
dfs_49df9d4515aa510c,3.5263605246161616,10.235738064928173,11.139118894862325,0.1952755905511811,3.9910431005666385,2.7682311670514754,0.6181357570285356,3.6228305688577778,0.0,4.989650821430637,8.253978607671957,13.565133261866375,2.293814424193674,0.6125599705105129
dfs_c1a336c7702cc493,4.23410650459726,10.811360469599444,11.828611733831607,0.15030674846625766,4.4293242509115895,1.8431639019506987,0.8181743221335841,2.7992495462796714,0.0,0.0,9.618820579387375,13.582790043586467,2.8651744031446778,3.5040127426884085
dfs_b6a6cac540157167,2.0794415416798357,9.126181474958345,11.41921899852992,0.0375234521575985,1.2999550968749718,0.5362103345132412,0.847520839261507,3.130824790620947,0.0,4.471810341759423,4.978303029059734,13.5309077397393,0.0,6.564082742399682
dfs_c1cec98ae8b12d1d,1.9459101490553132,8.1308989976431,11.411534836649514,0.037803780378037805,1.8735258458635495,0.45243691570192823,0.7081944441211487,3.2597518914086003,1.4163578738702174,4.759142226650109,4.911761698072981,13.350508798485137,1.2659553055395139,4.447827408320205
dfs_84aee7f19abddae5,4.7535901911063645,10.320052222684925,10.575232326835637,0.2694136291600634,3.80860648955144,1.983788131127903,0.8155523706903657,3.652765805043412,0.0,5.876044492809768,8.323283392248669,13.579071511969966,3.0620738268031755,5.369042591483953
dfs_715c8aefd32c0158,4.174387269895637,10.238769271781543,10.819798284210286,0.0,2.3049281712245193,1.2375157543861852,0.8027306458489606,3.3582854054081013,0.0,5.100893921872521,9.32877935438134,13.634640746877395,2.7084257966964724,2.516907656090872
dfs_e4dfcea77ec646df,3.091042453358316,8.718738289935978,11.846722698387037,0.0,3.760590211940432,2.191646654344999,0.8971933883893395,3.198194427914702,0.0,4.624696202397509,6.937999586570417,13.704434852790465,2.7084257966964724,3.4623737659138656
dfs_3b593969f366e063,4.74493212836325,10.702808721780654,12.108211715326288,0.03434343434343434,5.671813763174473,3.517433008429644,0.7676760228286353,3.72579916641585,1.8338769567858062,0.0,10.386962433792172,13.489118148761682,2.8651744031446778,5.599195018918879
dfs_90f041bb624143a2,5.796057750765372,9.301735297929737,11.576172527534057,0.07644628099173553,7.154137915564674,4.353580503882807,0.8374052449312414,3.3507468559610434,1.8735365534475572,3.029411054302419,8.95647989274598,13.706903667417984,3.275815204077272,4.7008942254237756
dfs_8040e7e2f7e5ffcf,3.332204510175204,9.634042808780766,11.819704033112998,0.07006369426751592,3.033780865088719,1.4414260375540495,0.8579988570284484,3.2247437767047615,0.0,4.761241591966309,6.420639807434891,13.410576808660013,0.0,6.338642145985581
dfs_b0dabd761c173a62,4.727387818712341,10.718259307739883,12.030611502192858,0.05241935483870968,4.299734472674036,1.887124186377208,0.5473027482560646,3.7021748700466963,0.0,0.0,10.039494192795456,13.392411888434768,3.0006498211243393,2.13662593336092
dfs_d4944471c1d89f72,4.07753744390572,9.323108608200773,,0.0335195530726257,4.977115849136945,2.3063271028155823,0.5064714708640878,3.6014265634543063,2.4312711126257387,3.5791576559374305,9.020434389582928,13.6860770432715,2.9352045584387274,5.055948537392081
dfs_1c0f2f81b59d8f58,2.5649493574615367,6.379065923771364,,0.0,3.1092958255193386,2.4541927502193803,0.8303220885922638,3.349862250906147,2.213298396605888,4.237281510372564,5.264660404795732,13.133222206339202,1.807133707454955,4.268306608345089
dfs_79866bc340ab46ec,3.9889840465642745,8.838577086878127,12.429224196812383,0.0,4.629853055555215,2.6933503123227087,0.7900000805955841,3.424486602589726,2.435016022539942,0.0,10.02927301000199,13.731027255427108,3.0006498211243393,4.8808259140815995
dfs_5d3924383c75970b,4.1588830833596715,10.569872734209246,11.043945311794133,0.02696871628910464,3.5061179218908216,1.6694328951038286,0.8639238417846399,3.3043523879562455,0.0,4.2477307772987745,8.559904393036113,13.373024036469149,1.2659553055395139,4.221215331617478
dfs_2f61145fe71f5194,3.912023005428146,0.0,,,2.2647034920825515,1.935770255128479,0.5959297273083302,2.6239645306167367,0.0,3.5810766766259845,7.775933295725034,13.373010027215258,0.0,6.334216954624424
dfs_f9970f873ee023a8,4.499809670330265,9.2099891033099,10.68434794707383,0.09900990099009901,4.839692784254205,4.005187576943879,0.8148184584138211,2.897643562975572,0.0,4.650906118317643,8.821071278187206,13.567044070447498,3.529421369656171,4.357670436655453
dfs_b5303069336af0fb,3.367295829986474,9.226481562724665,,0.0,4.948078708258984,3.0772061534892687,0.6278509326543221,3.3382732132457624,2.4337850906265674,0.0,9.53331092702241,13.583034847189584,2.6197576726867497,4.423269680926458
dfs_971f83fb0735bbe7,2.9444389791664403,8.718738289935978,11.846722698387037,0.0,3.760590211940432,2.191646654344999,0.8971933883893395,3.198194427914702,0.0,4.624696202397509,6.937999586570417,13.704434852790465,2.7084257966964724,3.7685312994686804
dfs_435d220f06c7bff3,3.8066624897703196,10.101591750773366,,0.09818181818181818,4.081333645313983,1.0091417286921947,0.5808792779336341,3.8014269546310424,1.9302051676117697,0.0,8.948868117992221,13.522314645530708,2.4146555189783867,5.406814888948268
dfs_c122ab1d2d9dfb80,4.418840607796598,9.396651714933588,11.94540893430204,0.15384615384615385,6.067279320902287,3.695074259191118,0.8487156508032495,3.6129541379138095,2.4331265299210023,0.0,10.065254469062515,13.75886189653143,3.7907621809913215,3.6568632185068366
dfs_28502d3d15cc00d1,4.605170185988092,10.116721172181112,11.792003125413581,0.16891891891891891,5.294084220943995,2.8905922183874493,0.7728334850529165,2.074744637541188,1.2084430096429548,0.0,10.318182127790445,13.454831895544736,2.7084257966964724,4.431705483249505
dfs_4e7a0b621c88a9c8,2.0794415416798357,8.448876166835223,11.335603389914535,0.024161073825503355,2.45965659173061,0.959626587133286,0.8238584929496564,3.3065393718999525,1.6769977616765854,4.951996832638069,5.071380015442414,13.53230246233594,1.2659553055395139,3.2101199847694692
dfs_96ed23de00cd28cd,4.04305126783455,10.624155594674624,11.883364251154715,0.05002810567734682,6.7585864610574555,3.036582541556458,0.6587567243144439,3.6698615515500737,0.0,4.909044545574589,9.463502900621545,13.6974047202129,3.3676843746371405,3.456311847627656
dfs_1496b6b2763930c4,4.948759890378168,10.403023590298085,11.303992956749982,0.09263657957244656,2.696080985408644,1.8761944831391233,0.8498204243325227,3.278830705314192,0.0,4.474385673616983,7.965559936624058,13.557593091817647,1.2659553055395139,0.0
dfs_4c8de67989ff6239,4.624972813284271,10.088006216012904,11.391367814409831,0.04978038067349927,3.9392700930601188,1.2092938014818677,0.7410850155299246,3.309840179756379,0.0,5.232854230432872,8.887075272099707,13.549447762354804,2.5224557664912224,4.214369753804446
dfs_b8e4f30884262ca1,2.5649493574615367,9.762441930552864,11.216525501898724,0.022375215146299483,,,,,,,,,1.5727155517124787,5.644662953579836
dfs_9269348b1c9ef772,5.4510384535657,9.637421412199986,,0.13333333333333333,4.044629769096787,1.4842835087532162,0.607242539673259,3.622726295681977,0.0,4.481217496458134,8.142239053808074,13.382764177074247,1.2659553055395139,3.536783826110845
dfs_281aad073cea5c3f,1.0986122886681096,8.176590572177716,11.523786272302974,0.021739130434782608,1.556814517964395,0.46527037797195586,0.9408303008985487,3.1445930522925245,2.172281779207444,4.626515789618897,3.629838982712453,12.617827928940528,0.8212059263546096,4.629273745022343
dfs_451bb24a1cee04b1,4.2626798770413155,11.09119924718796,,0.11455108359133127,4.219678850245431,2.7657828209441218,0.8371407309839315,3.9023658216800787,2.5500944018684417,0.0,9.869913472409923,13.537695644590153,3.0006498211243393,2.9741031868254915
dfs_3ef05f6974c9bde9,4.820281565605037,10.574983598795122,,0.10028929604628736,3.8607031605285873,1.5034371110078553,0.6979157387969671,3.6344271509935226,0.0,5.6253555589953566,9.82779666319438,13.461661617114604,2.4146555189783867,5.343968716212501
dfs_9f03221c4c5b49dd,3.295836866004329,9.634235993807401,11.113700844451518,0.04133858267716536,2.785094253907764,0.7432166342268918,0.8507520531137971,3.612701491357501,0.0,5.391219616097256,7.939959574559753,13.520117498788952,1.996901660409805,5.36886300019459
dfs_fa3cdc98da7d6d16,4.859812404361672,9.549525262713246,12.362011725216648,0.05041246562786435,6.626238458494431,4.866767192142949,0.8627839799611426,3.4203602538009696,1.6500865575722004,3.1521813984150358,9.285833532914225,13.5974528020405,3.174644349887469,5.342409441603239
dfs_e4aeb642813ebe72,4.394449154672439,9.370548744492694,11.305901295535902,0.052556818181818184,3.8994956265817655,3.100647753176469,0.756786434143733,3.3653261113662,0.0,3.326108484687389,7.826055222969113,13.287828662131503,1.807133707454955,3.7508826288152064
dfs_0b329d47c7e0efe0,4.442651256490317,9.63516093311979,10.03828064887766,0.10862619808306709,3.6465314203491546,2.230703793548026,0.8631459561147494,3.4280930868818515,0.0,5.664365405229951,8.387388829635096,13.352382438139829,1.5727155517124787,4.369856930301978
dfs_43ab0b4699560226,2.70805020110221,10.449863514325049,12.29963584570836,0.02225130890052356,5.240964098165854,1.3139700535052854,0.37375371444607536,3.921691287630628,1.73167885408163,5.0308432517933435,7.822452406903757,13.244465959262694,1.807133707454955,3.84207555412492
dfs_6bc9b3018d4d453b,4.812184355372417,10.547084556792749,10.87468304957957,0.18222222222222223,3.052144546817311,2.5216622042741506,0.7704273051287405,3.885081085491318,0.0,5.585537381290243,8.90311089876364,13.401327559236387,1.2659553055395139,2.5870042725916784
dfs_eac655f4d4b0c7ea,1.6094379124341003,7.687258149872614,11.823618248603953,0.1844106463878327,2.1379048385390376,0.35738526193706277,0.2655642028314641,3.09939260644458,0.0,5.100327335990732,3.837841624923482,12.701975476218264,0.8212059263546096,3.2084644342019217
dfs_1bf0cdcb9b1ad851,2.5649493574615367,9.731492966549773,11.319449933234104,0.007001166861143524,4.780853323391498,2.275329723445248,0.791300276776222,4.017549333853467,0.0,5.756652288414767,8.67856765999838,13.446029681247984,2.8651744031446778,0.0
dfs_8454b6322d5d3f08,3.6109179126442243,9.902534387384986,10.5177267979912,0.0,,,,,,,,,2.293814424193674,2.355601086725274
dfs_2bd1e0e5e58ed168,2.9444389791664403,9.619763112924524,12.174654215251746,0.0,3.506320288099626,1.5867195915473031,0.5806451015524332,3.356478714797112,0.0,4.68184821404615,7.757213013117522,13.433938230471027,1.807133707454955,3.5933118392066565
dfs_3e57db7d490c7db5,4.584967478670572,6.286002604240128,,0.5181818181818182,3.0815968113005066,2.286416105983772,0.8824548164277329,3.7072262195537826,2.8798864770833346,4.374194141860462,6.975798049690251,13.873619075867936,1.2659553055395139,3.7303280384900224
dfs_f622a076a0509bbd,2.70805020110221,8.50281319606043,11.999208364911965,0.0,1.7901917851478528,0.5433593216400416,0.8777253860768987,3.5844906952717364,0.0,4.536904071456414,6.647501488814822,13.446576491391195,0.0,6.351122967534572
dfs_3a9d568157214d58,4.110873864173311,10.935295563461366,11.52946788158954,0.0980891719745223,1.7750521307372773,0.4481749488424407,0.9148555834592077,3.352805124102451,0.0,4.620502237764855,8.833025335057442,13.39754362671314,0.0,6.368864418740935
dfs_74baf096aa9f73dc,4.382026634673881,5.4481961339966505,,0.0,6.085272370960391,4.062797153041002,0.8176862988899157,3.302375129200046,0.06792259243385314,4.680335492087913,8.642012792407048,13.627031683738132,3.529421369656171,4.873648993445943
dfs_0b28fe3454ebc056,4.969813299576001,10.264536811558195,12.340389354712912,0.07043235704323571,6.810292875989046,4.591855373715217,0.8245961480908294,3.6140240254471987,0.0,4.522693524872332,9.461391923599159,13.517710807324207,3.275815204077272,2.5346879837371317
dfs_9c79b8045d3856ce,3.4965075614664802,10.822590150119863,10.979206442390929,0.12723214285714285,3.0389660427998324,2.07798949395137,0.7413375661412502,3.2806792583255624,0.0,4.962873485875453,8.57353857184452,13.53266875249758,0.8212059263546096,5.012504845296942
dfs_c7d080bc4e66c234,3.7376696182833684,9.653338670286683,12.353574125485062,0.04736842105263158,3.307429945033993,1.1881976672420869,0.6250845583308794,3.6371609287286786,0.0,5.163857482643242,8.009018298782914,13.409414250691823,1.996901660409805,4.6597038734215275
dfs_ecc9e9163087af30,3.912023005428146,9.102357348656994,,0.1032258064516129,2.502812161217904,1.0520818401870746,0.5123746384033699,3.856545173519395,0.0,5.485095218942508,7.180567911198616,13.151048011264237,0.0,7.255690110160201
dfs_c8e8de1e8616406f,6.0014148779611505,6.544704608931094,11.4213692302888,0.2727272727272727,7.102285406624366,4.386937893794496,0.9013993158765462,3.3524942346128275,1.8346741896849987,0.0,9.491911239501107,13.881192487661062,3.3676843746371405,3.6422824176939237
dfs_caf81dd312b86597,3.7612001156935624,11.203311025012683,10.996148835710798,0.11215753424657535,3.883402741183588,2.4441180716507542,0.7679067175299794,3.48334304196481,0.0,4.985490989761293,7.486207951838575,13.501936153546543,0.8212059263546096,5.791287857941694
dfs_13c152710ac546e5,4.31748811353631,10.375952271601857,11.663936936922068,0.07429245283018868,6.469416957557503,2.436902919037524,0.12377387783320058,3.546633299977429,0.0,0.0,8.704464677013883,13.544153176368347,1.996901660409805,3.67411632601238
dfs_94e6c0686c4ebf42,2.4849066497880004,9.181320962487872,10.814343542920238,0.04395604395604396,3.413872397230957,1.5360119742417058,0.6892045824563885,3.237252106901976,0.0,4.527295923335985,7.214152823645515,13.09975369400999,3.0620738268031755,3.929926137028211
dfs_6831029d2fd7d10f,2.772588722239781,8.998756969226282,11.931333122447288,0.0022988505747126436,3.2935547667820053,1.9047749474114417,0.9015940920784954,3.552537928421958,0.0,5.52375710431016,6.648527929973644,13.567064583162818,2.789868226539849,3.690307599932564
dfs_d92481ddf65bd86c,4.700480365792417,10.365889950937378,11.065387580440156,0.058671268334771355,3.475437062116076,2.4106989473404985,0.8874745260799913,3.5404113209256285,0.0,5.6517263511235845,8.750584119727971,13.771909705993583,2.4146555189783867,0.0
dfs_8699eecaf1ffdfeb,3.4965075614664802,9.424785354462895,11.264143541476004,0.056016597510373446,0.7862084894636687,0.21431397193533347,0.8227250175729062,3.698971001571323,0.0,5.584303987322093,7.532196675396973,13.18607217942017,0.0,6.366649122348588
dfs_e79e46560a882ddd,4.51085950651685,10.872896329567734,,0.13110749185667753,3.418063820126254,2.8705559992779617,0.7044010963566287,3.609215232932603,0.0,5.090208832644349,9.181226815120098,13.473718596665302,2.1563374497238987,4.465398429558136
dfs_a15ab652cc8faa0c,3.044522437723423,9.619781691659169,11.46747820705829,0.031161473087818695,1.639196580401146,0.6092425325456463,0.7572979094518807,3.34687621227118,0.0,4.816151509534598,6.953403495790842,13.12571973851742,1.807133707454955,5.464223692770673
dfs_5337052154a9c3b1,3.1780538303479458,10.44346234595055,10.553753327777704,0.172,2.2807618220092505,1.36364093928905,0.8251950403371738,3.4957313925375058,0.0,4.995708055199056,7.776045431477329,12.920917715066237,1.996901660409805,4.853953253090709
dfs_a9ae30c485f64e48,4.3694478524670215,0.0,,,7.1674296480381265,3.037959626315032,0.6967525928383413,3.6045573429957227,1.3978712228661296,4.13300514897262,8.854774002360383,13.885176536197378,4.149286206736435,3.8820250057787407
dfs_8308f55642e5b24c,4.02535169073515,10.581657606196897,10.735069708483318,0.09284332688588008,,,,,,,,,1.5727155517124787,4.219085141687295
dfs_ea76c9eeccb04277,5.003946305945459,10.561835688794028,11.93906863406412,0.1260720411663808,4.3112455634905835,1.9602862366905491,0.712697098203712,3.8293614654107513,0.0,5.471120463477324,9.322932088931566,13.481149092098272,2.4146555189783867,4.826802939686752
dfs_a0e9dd2eb00672d8,3.5553480614894135,11.053399285176814,12.106650021205724,0.0,7.17799757622857,1.0493594540373157,0.02353216740897079,4.031530904191422,3.0452309317703947,0.0,8.755245925359823,13.735208983454276,2.293814424193674,5.425410885735286
dfs_2dfcb5b35d169fc8,5.081404364984463,10.187584797159834,11.902532157143934,0.029262086513994912,6.774877824929491,2.793907528521438,0.2245106108194046,4.045277574176261,0.7304543246424122,6.3507877385862415,9.123450301018133,13.379668713197393,2.7084257966964724,1.555061988552468
dfs_6e61da5c76e59f44,2.1972245773362196,8.303229388760576,,0.16012725344644752,1.4946531922413924,0.0,0.0,2.688588023564473,0.0,4.740951989577199,7.888952415742588,13.092965462219768,1.2659553055395139,5.195875300784486
dfs_e53a4fab67aca70e,5.332718793265369,7.0379396444192395,11.922555222209168,0.0,7.434867685767489,5.3143429531040365,0.8817944755033347,3.265347396466099,2.1245474954120827,2.756068646061024,9.571561144209412,13.698197786716248,3.7907621809913215,4.196432054193821
dfs_9e9346a026c929e9,4.406719247264253,10.160131050287944,11.582572788923105,0.1023391812865497,3.841803959353249,2.2349351766330683,0.8803492805391109,3.785320095647631,0.0,5.057591216603028,7.683287516885299,13.589465300770618,1.2659553055395139,5.134827139509879
dfs_3167b3142b0053d0,3.258096538021482,10.204599227510064,11.336880171167758,0.06451612903225806,3.787507658653818,1.5328642798217929,0.859320573400356,3.5271098221972097,0.0,5.066176281627058,7.625287255000646,13.65347151330335,2.4146555189783867,4.1385657339783775
dfs_3aabe408174f1437,4.356708826689592,10.884845998493509,12.09496229789174,0.0057306590257879654,4.965022603973693,4.0360493232652255,0.8279913142539225,3.563258766680548,0.0,0.0,10.106198851466916,13.56375531825457,3.0620738268031755,3.2341219335304694
dfs_31402e9ad6e7e953,5.081404364984463,10.187584797159834,11.902532157143934,0.029262086513994912,4.838414163671887,2.8172901614598076,0.7145997430845467,3.761952805866013,2.0246205856647324,4.610038498729359,9.7470757509178,13.406544829829203,2.6197576726867497,4.770069491891963
dfs_671a327e3d364c78,3.1780538303479458,10.488924052344506,,0.02197802197802198,2.2401251549670937,0.24465226544830418,0.5115708665467462,3.3764951211456573,0.0,5.3578849561440824,7.2096982047433675,12.92618059617273,2.1563374497238987,4.091953739138863
dfs_37553c89f6b44837,1.6094379124341003,9.60312885854675,,0.014755959137343927,3.019665823721004,2.496008845261367,0.7724344142046229,3.113928723678004,0.0,5.093718947806881,6.75345450250344,13.544318442427404,1.5727155517124787,4.650728430834261
dfs_0c823f3ffeb3c170,4.718498871295094,9.286703175093404,9.580247384683632,0.42283298097251587,2.9893945069253407,2.0994899039413903,0.8914081000257854,3.4133071524016394,1.7387772361863167,5.098850663301643,7.44815212521157,13.63853946189284,0.0,6.729535509274923
dfs_712a89c225ca40f7,3.1780538303479458,9.592753299130546,11.35409384662443,0.09659090909090909,2.747236907064958,0.6739544468442465,0.7369641351015089,3.1597374436373875,0.0,5.094558244757104,8.163084190211777,12.892638214724565,1.2659553055395139,4.697250964513114
dfs_66c05cfe0627d72c,4.543294782270004,5.851387762511735,,0.0,6.998911988158418,4.611838875032824,0.8132780189664125,3.526212893730343,0.0,4.109613683755075,9.01680864259625,13.765641512011134,3.997761355241824,4.009274732658728
dfs_bd16c39f04919c23,3.8501476017100584,11.488497336444276,12.285479766645976,0.13174748398902103,3.6033313492358277,2.008950219282451,0.9449130083327248,3.468080656255989,0.41888350969171656,0.0,8.985769398318013,13.601232590962537,1.807133707454955,5.315775275821198
dfs_31833065ae590d08,1.791759469228055,8.208731493342082,11.283524879179666,0.08408408408408409,2.1806871180207623,0.6733732483393952,0.7361933888788729,3.4636128802115884,0.0,4.531653044101166,6.756691294336511,12.770994332255778,1.807133707454955,4.435088246817687
dfs_2a5fcc4a1e8fe150,4.663439094112067,7.0110341527990405,,0.10382513661202186,3.206425646080341,0.8153588092194896,0.7393069160267933,3.7721533202928375,2.807512456750061,4.675656645801075,7.457369619288923,13.889626815797955,0.0,6.784835714897461
dfs_679761650c91ed80,3.4339872044851463,9.977902860354153,11.329987718370322,0.05273069679849341,2.7302215045812837,1.1722451007409735,0.5495233849365107,3.417104313310276,0.0,4.751872877954307,8.386547107464104,13.229700937421372,0.8212059263546096,5.96705513626848
dfs_06ef429a8e17ea3d,4.204692619390966,10.733320593304978,12.429224196812383,0.0,4.100892513899824,2.6087410976164143,0.7158722718783532,3.3531652099372256,0.0,4.782632248338144,9.480852164434838,13.399485893462742,2.6197576726867497,3.3986027998822577
dfs_2013dab34ebb177a,4.430816798843313,10.459985206922351,,0.12338858195211787,3.497986509972004,1.6855225842844246,0.6403166614569811,2.8322105789506153,2.547954382069251,0.0,9.631543313949932,13.409867434012229,2.789868226539849,2.0147117706701336
dfs_4fc03c10e18c760b,3.1354942159291497,9.91654693382266,11.251106052044175,0.03982930298719772,3.903077935772348,2.3120464023422347,0.4725939087608153,3.863910450171055,0.0,5.907551737996272,7.930821626210484,12.914876616366156,1.996901660409805,4.044447494627419
dfs_2c5f5331382dc0df,4.31748811353631,11.106315617574607,10.981063453138141,0.15164644714038128,3.808728131275293,3.657402652957683,0.34591601629356117,3.7751699972423345,0.0,5.421556829619083,8.91009718192844,13.325580101709894,1.996901660409805,3.899181136667735
dfs_48822d5acab51bb3,3.1780538303479458,9.753339801765735,11.498948237039368,0.017713365539452495,4.291244552262245,1.7602432137661121,0.33518068930127326,3.361479722909037,0.0,4.577562832042226,8.243793300675009,12.924985033976146,2.9352045584387274,1.9562958899090872
dfs_597837c4bed57c02,3.4011973816621555,9.81745117698901,11.991684404385566,0.09078014184397164,4.674701576060757,2.96676281317977,0.6342569277989796,3.340115130910973,0.0,4.614659803636671,7.467477276682818,13.664932986973795,2.6197576726867497,3.5907519695164356
dfs_bf17a20babf00c63,4.948759890378168,9.794361133768563,10.91126297453246,0.013769363166953529,5.645875604351139,1.4731825156801455,0.3179577979663067,3.379834464264587,0.0,5.4954564230046214,8.624971330723655,13.731453721110155,2.293814424193674,5.920163717708051
dfs_ce71ae32a9d59390,4.430816798843313,10.445243333648511,11.964128464752246,0.0,7.199393535845701,2.840160462064127,0.7105331326205213,3.134145203152094,0.0,0.0,10.28372721303055,13.67128446608458,3.174644349887469,5.081884819956967
dfs_63a1dfae1476eec7,2.0794415416798357,9.192885491309202,11.457423325808623,0.0,1.2136763879502284,0.0,0.5121767991497127,3.561016442025945,0.0,5.273962291240796,7.193549255291682,13.227024248367876,0.8212059263546096,4.2558296526637776
dfs_6eba71e3373aec75,2.302585092994046,9.250156846018387,10.864330911459342,0.08398950131233596,2.32290520900468,0.0,0.16979314881530838,3.428727781355501,0.0,4.153780165472794,6.879819482172678,12.961328052702854,0.0,6.897043491018619
dfs_e46e97890a04230d,3.58351893845611,10.113694755258452,11.79239641826299,0.0,2.1962904385269404,0.3081541944376061,0.5088009390019224,2.9482030239093553,0.0,4.804037882644806,7.596765324960398,13.198136676416926,0.0,6.366649122348588
dfs_db77b673e71d2bbc,5.3706380281276624,11.277653436787816,10.94889243537189,0.048013245033112585,3.5750505906735803,3.489841775273425,0.196236135739877,3.9135205335269734,0.0,0.0,10.173016366717576,13.366457132590885,2.293814424193674,2.7546049821205343
dfs_b2f22d5f04fb3b5e,4.2626798770413155,9.819675767031809,12.280511991345007,0.01863932898415657,,,,,,,,,3.529421369656171,2.3302775104257583
dfs_5dfc8b65503893e7,5.117993812416755,9.208074732305137,12.129240196125775,0.03171641791044776,5.775233738261305,4.147526603272718,0.924013753658421,3.7090091112853463,0.0,5.004630414945727,9.030116387791841,13.470834763992373,2.7084257966964724,4.608477628809699
dfs_69b072f0de9c48ad,1.9459101490553132,8.887127725699662,12.231194434303953,0.018092105263157895,0.511173309817109,0.0,0.679361594524317,3.709240049512757,0.0,5.579830806892528,5.494662884566868,13.175845374832953,1.996901660409805,4.123795816160804
dfs_bbd859ec248c0449,3.58351893845611,11.463801629515874,11.07260490208959,0.10814094775212636,4.916676492321751,0.0,0.46491782993931563,3.6523737715357947,0.0,4.385321666041651,9.0022218089411,13.218356959999397,2.5224557664912224,4.365343982599453
dfs_911be92201050048,4.31748811353631,10.123567241460117,12.395576679800147,0.01689545934530095,5.833582069314111,2.807337174490028,0.48988816575263966,3.4456196275917006,0.0726101649982274,4.7914277943495245,8.753342433774081,13.589217050743953,3.22650867441372,2.093992198985617
dfs_ec75d73ba9486961,4.700480365792417,10.571503827576993,10.376112742486816,0.10060975609756098,2.4335115132394436,0.939939232260665,0.6734647405899649,3.593467385258653,2.9208342200435253,0.0,7.498918018918614,13.667535933649244,1.5727155517124787,5.1973541116589494
dfs_6cc68ecd8fd2b115,3.784189633918261,10.031105918562057,11.923543938319188,0.0,6.764632605638261,3.1732349845845387,0.7071308182644691,4.057872261622182,2.940245309484199,5.1721449690495405,9.02657365755279,13.561308392753096,3.119942268016456,3.6978727045859405
dfs_c2a05c4ee2d8c8f3,4.8283137373023015,10.18351632696123,10.501966846976991,0.16029143897996356,4.596993968287628,3.31411500597621,0.7251065046163978,3.612479636091628,0.0,4.953969829801569,8.704410870235797,13.714007038966992,2.4146555189783867,3.5433120686937336
dfs_52c44bc5816d49b3,5.231108616854587,11.009483884417696,10.56452467917784,0.13880445795339413,0.5011278775940037,0.0,0.39548848910372325,3.497466542400767,1.9048633095614198,0.0,8.090274737970784,13.333860167741127,1.2659553055395139,5.380257731534295
dfs_f6e9b2dfa936b190,1.6094379124341003,8.001648741223633,11.979673801495291,0.05128205128205128,1.8804777315892518,0.389815797296989,0.6017908836803179,3.3796723576456276,0.0,4.901668533325731,5.408947269388709,13.06786495206783,1.5727155517124787,5.518902695885218
dfs_2097a6f503c2f2cd,3.091042453358316,8.97067931105421,11.240696705965528,0.05472636815920398,2.689171126871032,0.441872365167441,0.6522057587095764,3.3107698942657495,0.0,4.020104412565872,6.289794562453276,13.350204676999795,1.807133707454955,5.473397232772252
dfs_48e47f5e381b9680,5.062595033026967,9.50311679697753,11.530971648661291,0.1051912568306011,6.761212418186499,5.27149265810729,0.8489658130716438,3.6467282598844077,0.0,4.724907830534141,9.194684329602032,13.431928265001716,2.5224557664912224,4.612757951719585
dfs_832ee7d46fc6b6fa,4.6443908991413725,10.223373403545231,11.870236206746673,0.10019455252918288,4.565170937198459,2.444759803032357,0.6751932330336113,3.658840964055582,0.0,4.485812713223388,9.305880565616206,13.512993658238958,2.9352045584387274,4.191170869473915
dfs_215314e0e5f30750,2.772588722239781,9.58914350436277,11.742718857002318,0.0625,4.780853323391498,2.275329723445248,0.791300276776222,4.017549333853467,0.0,5.756652288414767,8.67856765999838,13.446029681247984,2.9352045584387274,3.544416708087268
dfs_a9d51716b9867872,2.9444389791664403,8.89121895838871,11.613612074928163,0.05,1.7638219243413609,0.07724853819451985,0.7342911514319279,3.4491510587141105,0.0,5.188728888048136,6.490577781311983,13.497652399457158,1.5727155517124787,4.0305241591639405
dfs_954bfdbd5639c590,4.23410650459726,10.368100604063777,12.130044369233632,0.0952970297029703,6.085272370960391,4.062797153041002,0.8176862988899157,3.302375129200046,0.06792259243385314,4.680335492087913,8.642012792407048,13.627031683738132,3.4106363451196224,5.2809121878008565
dfs_61a6ae33837270f2,4.454347296253507,10.443337711116179,11.686155821752402,0.0,4.182513768358902,0.7479159440100399,0.7677325555108561,3.927466998840499,2.978797306918103,0.0,10.127370495456981,13.807589267216265,3.119942268016456,5.379034651571588
dfs_74bcd4e184d938ae,1.9459101490553132,9.021710446430907,11.11547316837192,0.01580135440180587,0.9832833971418496,0.0,0.627322027364913,3.486361760078532,0.0,4.734005770503585,6.284936279895676,13.693419757196512,0.0,6.436460874620371
dfs_7b9f022fec1bede6,2.5649493574615367,9.791909327495254,11.871305953640322,0.0,2.2020208494428735,0.6755901621767515,0.6645941255303667,3.528926075763409,0.0,4.52786029655482,8.482221386233881,13.032766843592572,2.4146555189783867,4.84084769629863
dfs_da6b43618a7c66af,1.791759469228055,8.843846829264734,11.316350813698163,0.039586919104991396,1.360392723352954,0.6572394217903466,0.7749370220764739,3.2276499791968485,0.20849482418321544,4.262683502847173,7.33230291579209,13.417378000875892,0.0,6.423017503129272
dfs_eb074a60e1c9ee23,3.6888794541139363,10.477759457749862,11.164827915496382,0.0,3.1765609854945924,1.647985951439754,0.7075195611505397,3.381920782132614,0.0,4.325515839470508,7.886886569030297,13.146329872776851,1.5727155517124787,5.529335383798381
dfs_8094ffa5c9b698c6,2.5649493574615367,9.52655376057411,11.392507711491088,0.06463195691202872,1.5586678953910051,0.9421950325521582,0.7036806946396922,3.4104969569103343,0.0,4.568791058160462,6.379222745498701,13.04753422218368,0.0,6.469819175811223
dfs_98a8c3f46f9819da,4.2626798770413155,11.264457686027804,11.970381957078013,0.09068825910931175,4.749330879981679,1.0497265478746685,0.7313448616706453,3.7551695819642714,2.050562273401599,0.0,10.80741180916344,13.813908274994235,3.0006498211243393,3.7126382186939075
dfs_66946713afa2966a,1.6094379124341003,10.003414563404766,11.366511446514693,0.1312410841654779,2.0019612433402507,1.384372194403344,0.7980870314165058,3.279041736896991,2.313002126282014,3.930682622954376,6.801841349596956,13.302395649117006,0.0,6.564321812041021
dfs_5e33a1ef1b83fcb3,4.5217885770490405,9.793111390620998,12.069548206779963,0.10227272727272728,,,,,,,,,3.7005714823508122,4.95559910611279
dfs_0d5a31452d9d962d,3.295836866004329,9.870522870754288,11.559475025623208,0.0,2.3753752513110897,1.213821226453401,0.8766548971445044,3.157895672175311,0.0,4.1401806417666,7.350229373980532,13.329514122827577,2.293814424193674,2.9962875138985723
dfs_289b1cecbbe0c4fa,4.204692619390966,10.085831773725696,11.351029870570525,0.06521739130434782,3.537319156746394,1.8415184911031848,0.639241960436314,3.567528699472185,0.0,5.287829899403715,9.125671241801404,13.48481381104784,1.5727155517124787,6.065345975880463
dfs_2834d96357790568,4.564348191467836,9.810063900436294,11.467697947033539,0.0009182736455463728,4.066286811021425,3.5046709462712724,0.7669423454266724,3.094530018848259,1.3307456579987997,4.2298725787104265,8.225451817746105,13.571470180937078,3.0620738268031755,0.0
dfs_e8641a2dbb0e4f3d,4.867534450455582,11.165746006469583,11.838358420904703,0.10431654676258993,4.432782432084463,3.104617308204783,0.8885748301980441,3.2219602276778287,1.6049139968440445,0.0,10.284697677367658,13.57166289814177,3.174644349887469,1.2167090041948714
dfs_8f89e4ad9adf4196,4.2626798770413155,11.816872483551535,12.313405714425043,0.01719777440566515,4.225999818931883,1.3773855630293625,0.7907458726104265,3.603468929411095,0.06923868848156448,0.0,9.48222461799242,13.372480644929729,2.6197576726867497,4.416682328918585
dfs_98d78ea67d33f3fc,4.77912349311153,6.7716528292667935,,0.12121212121212122,7.307631960417874,4.968043972491383,0.750825465540471,3.587525079039738,0.0,4.632307622927234,9.27641498792517,13.819083168584296,4.020864861806105,4.240103735904428
dfs_97357eb332a7a74b,2.9444389791664403,10.642338189090625,11.514803699982,0.03671875,2.914261930567503,1.9778042905252677,0.8601341008457943,3.8523576970169446,0.0,4.704369117521851,8.71022088965369,13.416209910466385,2.6197576726867497,5.518856084965575
dfs_fb9fdd49c2eafed5,3.4011973816621555,10.433044741394701,12.214913450195656,0.03648269410664172,3.323205876078989,0.13642622829450513,0.7034620004002714,4.00251901236315,3.348181786774209,0.0,7.190013908943462,13.66410377686807,3.119942268016456,4.329532112986176
dfs_3e45b64028b04490,4.634728988229636,8.913902593723613,11.352087474843115,0.05709342560553633,3.7263216026728228,1.9337926132459493,0.9247663881122462,3.5411464437916176,0.0,4.881746929317303,7.862547927467994,13.727380737568113,3.3228044116247886,3.262010121885564
dfs_0781c822637f09f3,4.7535901911063645,10.462228034720455,12.306754734396083,0.046153846153846156,5.612018437475253,3.014114034542339,0.779032331938337,3.2133482607554593,0.0,3.778135093870892,9.016019928621104,13.534034521505113,3.275815204077272,4.873099224389037
dfs_cad3eecf6cf91d2d,4.663439094112067,9.192673559796846,12.354630572171319,0.011204481792717087,7.12573065630007,2.197589453915631,0.7646755641339724,3.1920360877337153,0.7918053084717013,0.0,9.226791420600108,13.625400348207059,3.4518191713062434,4.169922405860198
dfs_d5bee389699dc3ae,3.332204510175204,9.733726511836071,11.163382173096926,0.15492957746478872,2.509054277028783,1.6793299262110368,0.8845982094875601,3.5701978130505707,0.0,4.751221630774268,7.576268892385995,13.294282684578544,2.1563374497238987,4.3957970751095745
dfs_84efea1177701214,3.4011973816621555,9.658949598003597,10.34354730540879,0.025,,,,,,,,,2.4146555189783867,3.67812821706281
dfs_2a3b1d062b063310,0.6931471805599453,7.301502986475572,11.221850978115445,0.16152897657213316,3.1325910460137356,2.8173919657144033,0.5345922360428029,3.1649551742659985,1.464713422360483,4.5893215382245085,5.0645486604788434,12.917214447379001,1.5727155517124787,4.897834433033129
dfs_0c082a9002887d13,3.4965075614664802,9.912077726720595,11.830520645821752,0.0,3.7212279620540554,2.875842484824517,0.7778582258475994,3.401546171285237,0.0,4.883722614159657,7.567300718151564,13.72976528821341,2.1563374497238987,3.406335410996313
dfs_80bbc96321c99769,2.772588722239781,10.334086821223583,11.07787190418095,0.11994784876140809,2.9446278912139148,1.401512755146646,0.7321756829849142,3.092824347847059,0.0,4.1467746918928015,7.774896875543228,13.168706741073546,1.996901660409805,3.934165687671363
dfs_479154c76d97fd31,4.060443010546419,9.499975351998762,11.254245405477397,0.06852791878172589,1.5073620276472002,0.8255704471293275,0.8913392432892969,3.417604098269195,2.298362483691881,4.625812613764188,7.216932672726716,13.429609813475636,1.5727155517124787,3.410875815665068
dfs_f2ea2f6dd4a874fc,1.0986122886681096,8.078006775098672,12.33970715783768,0.08018867924528301,2.4279357865181774,1.7830258028295938,0.7060170922313446,3.3657056067780644,0.0,4.911587493554796,6.64293264978737,13.376126139402052,1.807133707454955,3.66406446571771
dfs_749ef28a78fafd86,4.07753744390572,11.193951277447393,11.317093046148326,0.13422131147540983,4.036734059853021,2.2194282128062612,0.8451308627834304,2.270452477788901,0.0,0.0,10.287689392763838,13.712140282685723,3.0620738268031755,5.058217276949787
dfs_86f95d066db8338d,4.07753744390572,9.472047681684824,10.796816672772936,0.0299625468164794,2.5281729951872274,1.3180349583038835,0.789573188214953,3.6374318548668176,0.0,5.606190630403526,8.167298285157282,13.317357628661917,1.5727155517124787,4.601165496067674
dfs_b6ef8b3267694919,3.091042453358316,9.870487182291763,,0.0,3.0871939201096317,2.2713166673739247,0.8848759261619716,3.275556758347335,0.0,3.794607200241569,7.904670599315133,13.04030697694503,2.5224557664912224,4.728306443149966
dfs_0b92502e8bde71f4,4.499809670330265,10.236829746628466,11.74981411807611,0.09158415841584158,3.929178829305519,0.5393624320642347,0.5590285246182671,3.718562433152017,0.0,0.0,9.50753797790659,13.486912042087637,2.6197576726867497,4.140790978017623
dfs_002735ea840ad463,5.214935757608986,9.149223981251065,12.009151024608384,0.06891271056661562,7.383076572378626,2.4370764265680203,0.45043977592357853,3.901577724107426,0.276257574244883,5.826674966596204,8.481001920571858,13.568114016161735,3.22650867441372,0.7469153768254082
dfs_8fd0f1a88100f150,4.564348191467836,9.810063900436294,11.467697947033539,0.0009182736455463728,4.066286811021425,3.5046709462712724,0.7669423454266724,3.094530018848259,1.3307456579987997,4.2298725787104265,8.225451817746105,13.571470180937078,3.0620738268031755,0.0
dfs_aa47ae737e75af32,4.31748811353631,10.192746102089052,11.011010027333993,0.08389261744966443,5.214998242793046,3.4965472038250063,0.865166647364001,3.169608260774259,0.0,0.0,8.498825173681128,13.658031846377645,3.275815204077272,3.474345876380155
dfs_e33a3ab0abf5aab1,2.639057329615259,9.560357372496643,11.53496089183084,0.04428044280442804,2.880685817406624,0.0,0.1700059178104209,3.7207753666331183,0.0,5.116384620224949,7.356159967746394,13.460425777616427,0.8212059263546096,4.411589303131412
dfs_2ef50e17da3dd6d8,3.1780538303479458,9.923187865758658,10.977363060971824,0.14854517611026033,2.8798615523994764,1.5401164043386795,0.6755532768658282,3.3696330798433847,0.0,4.634596138514011,7.629273221454757,12.962304947804249,1.2659553055395139,4.3999644814493895
dfs_08f2be08b8720f08,3.8712010109078907,9.647464208226586,10.64901368794098,0.06144393241167435,2.0862759712620553,1.1422034989427012,0.8456821959099821,3.4059477414996517,0.0,4.996430253655737,7.005105976059802,12.717008263246608,0.8212059263546096,4.982136459686214
dfs_5286a4581d3e0969,4.59511985013459,9.427686718877304,11.135216564531996,0.025,4.158557905710318,3.596644114630928,0.6993532801305652,3.5745930739301808,0.0,4.675770799448478,7.695153760677665,13.688323568413644,1.996901660409805,2.8904804291281154
dfs_7d27720d0c43ab20,4.204692619390966,10.123567241460117,12.395576679800147,0.01689545934530095,5.833582069314111,2.807337174490028,0.48988816575263966,3.4456196275917006,0.0726101649982274,4.7914277943495245,8.753342433774081,13.589217050743953,3.22650867441372,2.52428128657748
dfs_5ffab38318a8d57b,3.8066624897703196,9.95981425756212,11.795205472508014,0.1349009900990099,3.0471017119742734,1.37738959070067,0.7602307718366637,3.168746461542282,0.0,0.0,8.082581135500897,13.613180152611998,1.2659553055395139,5.689992518934687
dfs_1e983836874ba5e9,3.044522437723423,7.985817104643638,11.397110491408544,0.05197505197505198,0.6953861668174715,0.14543521327127718,0.8015944074333443,3.1957779286658035,1.5139186502585922,4.721544147767002,6.480378957980919,13.22144461962454,0.8212059263546096,6.097367063247285
dfs_3886c8ca0c046b74,2.639057329615259,9.538890380618996,11.189049560401877,0.02734375,2.3198702224134147,0.6673528921789388,0.6363183291004408,3.343944641830097,0.0,4.226680439294136,5.719336701559818,13.002944504495462,1.807133707454955,2.49888853249796
dfs_a3acd1c4ab2de870,4.77912349311153,10.419163105474102,12.0937490549462,0.0,6.4499688871155865,4.034461962426279,0.8708268200905773,3.060740998503687,0.0,0.0,10.475115200589805,13.641690361981155,3.4106363451196224,3.5671234524721975
dfs_6e9fd60a2a2f1960,4.248495242049359,11.106315617574607,10.981063453138141,0.15164644714038128,3.808728131275293,3.657402652957683,0.34591601629356117,3.7751699972423345,0.0,5.421556829619083,8.91009718192844,13.325580101709894,1.807133707454955,3.899181136667735
dfs_740bab15389e174a,3.4965075614664802,9.226481562724665,,0.0,5.21351446677246,3.039367578640875,0.7644595719924616,3.4999785210585026,0.0,4.2041430125784425,9.253874012649021,13.603775432381887,2.7084257966964724,4.297992797784659
dfs_7c7793c011724125,4.418840607796598,10.04264589979298,11.818717556594327,0.0955794504181601,3.0358244716228895,0.9523595812717438,0.5286890226058313,3.5081882343509383,0.0,5.033811625532116,8.172716193305968,13.519801690144863,0.8212059263546096,4.50525514578348
dfs_b8a7255a92818d6a,4.143134726391533,9.87799178735448,11.085352775198356,0.08350515463917525,4.633879115008745,2.5620930848237444,0.5836883397348877,3.4016276127006617,0.0,5.018327358754207,9.43249204222697,13.312929190070776,1.5727155517124787,4.807285946881177
dfs_35ec71bf9b32ac4c,3.8918202981106265,9.819675767031809,12.280511991345007,0.01863932898415657,6.764632605638261,3.1732349845845387,0.7071308182644691,4.057872261622182,2.940245309484199,5.1721449690495405,9.02657365755279,13.561308392753096,3.174644349887469,3.2959028004078177
dfs_3ca51f48947d84da,3.258096538021482,9.540107932100014,11.575364909587336,0.0,4.491499093874819,1.4867010497005873,0.284487770635053,3.232275706863949,0.0,4.28793589267958,8.039459993129597,12.836838975506348,2.9352045584387274,2.8537517581682956
dfs_aab28f01db29d1fd,2.0794415416798357,9.660555736228764,11.801399723559697,0.022641509433962263,3.776249408480693,1.434584796837189,0.42361155464976763,4.1030913437101715,2.772175403965218,5.326625173951572,7.957834471391028,13.558666727821093,1.2659553055395139,5.044950261794306
dfs_337d61889e26678e,5.214935757608986,10.548408838751813,11.813200413279553,0.04600219058050383,3.9928849521207237,2.228385992862516,0.939911897315566,3.709113374095392,0.29256740537798676,5.210932218057619,8.664799595725253,13.552325957112881,2.293814424193674,5.5901268257754815
dfs_a8fbf61c807a519d,2.5649493574615367,8.912804315639331,11.326318739943364,0.06331045003813883,1.8562882472737352,0.16884742181791482,0.4680708300434881,3.3739723117854887,0.0,5.3179336425686285,5.153366146649335,12.56062684227343,0.0,7.840470299500674
dfs_f75ba64272ce6421,3.2188758248682006,10.18384149310189,12.429224196812383,0.015402843601895734,3.2683165812278925,2.8350961836706965,0.6291852866983791,3.5002773638159534,0.0,4.712763963972839,7.075881374054455,13.198698296641117,1.807133707454955,4.413943620518211
dfs_3f9e91372c77604d,2.639057329615259,9.340847497769548,11.459450845854384,0.03185595567867036,1.2305879557052226,0.0634376195698532,0.7522858946671866,3.4633910696010983,0.0,5.414313928582575,7.7000604367428025,13.24366909003103,0.0,6.522634361334439
dfs_1aa22ef38c59eb2a,3.091042453358316,8.816208350424736,11.355827111685702,0.07116104868913857,,,,,,,,,0.8212059263546096,3.630544323860051
dfs_9f92793a45353af2,4.465908118654584,10.418837154233682,12.429224196812383,0.02975724353954581,6.823180844418769,2.7825941409231594,0.4689406023844733,3.3516818337780747,0.0,4.0082323864130265,9.184267683286775,13.52300487056476,3.4106363451196224,5.043706559476938
dfs_4a75c53b9e41c526,3.7376696182833684,11.231054674795555,11.946018710195867,0.08433734939759036,5.095935104756982,1.1254145305538863,0.4327772529002491,3.5853318994372807,0.0,4.718615017640969,9.044831446082755,13.235709919694752,2.5224557664912224,3.0856412524557144
dfs_a5a66797c5dcdad3,2.639057329615259,9.12043291677688,11.421796531559126,0.13958333333333334,3.0261615169459297,0.9524420046290292,0.6813670804443585,3.148185268426484,0.0,4.601524757786674,7.357432271949589,12.835662157093108,1.2659553055395139,5.047663222778144
dfs_49b9f6085806765a,4.174387269895637,10.196065251697927,10.378198833381107,0.22661122661122662,3.1039531690813256,1.1599911556127334,0.68462898373631,3.8221788914330186,0.0,6.065829897901951,7.25914396616845,13.219250495006598,0.8212059263546096,5.629950138267171
dfs_74f45e4065d89026,4.890349128221754,9.585386498451488,12.181938751827332,0.03212290502793296,4.756548191746192,1.2566245617776888,0.6722728166972897,3.6117891534062005,2.225623104978402,0.0,9.134633483780137,13.436585622947675,2.1563374497238987,4.455608533300185
dfs_3c3a69174db4ecfb,1.791759469228055,9.60312885854675,,0.014755959137343927,3.019665823721004,2.496008845261367,0.7724344142046229,3.113928723678004,0.0,5.093718947806881,6.75345450250344,13.544318442427404,1.807133707454955,4.650728430834261
dfs_d35e4da82efb65b9,4.574710978503383,9.227185440907284,,0.12,3.55502275694873,1.2235390616705013,0.6492934466573291,3.576706535518561,1.1061227225005998,5.262688601041665,7.828218431107935,13.475189724987679,1.5727155517124787,6.001523024670988
dfs_ba8195d5562dac5c,1.9459101490553132,8.580327565122342,11.400003097105111,0.07187894073139975,1.7599106642076459,1.2672519010568024,0.8133096643466892,3.099170876935271,0.0,4.286240165789338,5.627256941776584,13.327730662964353,1.5727155517124787,4.086715794032418
dfs_96c3cd532586708d,4.248495242049359,10.248406933632728,12.429224196812383,0.036458333333333336,5.987643876248244,3.611543612922728,0.6402774045197678,3.6393243706265794,1.890091581167364,4.682233975226449,9.014726187202418,13.610254811647518,2.9352045584387274,5.030443397410185
dfs_e8681b668988e227,3.044522437723423,8.810870781397998,11.442159594076902,0.10150375939849623,1.889460269629035,0.8322350552090041,0.7904807367135961,3.565147463915076,1.4166393878285188,5.119200397549025,6.141844431130274,13.491969156571983,1.5727155517124787,5.589333414325541
dfs_e41347798a1d35b4,4.820281565605037,10.298935955393809,,0.06995884773662552,7.168291005440428,3.0559227504652746,0.779742987565073,3.417779787802938,0.0,4.107482637506677,9.170322257827294,13.796148313685258,3.4518191713062434,3.8918459234862364
dfs_3c0292a4bd36af68,4.2626798770413155,9.293091519868518,12.343235561185619,0.028311425682507583,5.594897024779027,1.745200896236009,0.6933352216132774,3.8345092568191137,2.3768278578084407,5.093276167140907,8.425925945934164,13.519734483946813,3.174644349887469,3.7124457813518497
dfs_cb34374265997282,2.639057329615259,8.998756969226282,11.931333122447288,0.0022988505747126436,3.2935547667820053,1.9047749474114417,0.9015940920784954,3.552537928421958,0.0,5.52375710431016,6.648527929973644,13.567064583162818,2.8651744031446778,3.6523376017665417
dfs_9c277b7d5fb8fa9a,4.454347296253507,9.354827642522489,12.429224196812383,0.008298755186721992,6.622585818354012,3.792116483438633,0.7589352347707612,3.5463894428916753,2.0464515841789175,4.2055489385301215,10.465935818219167,13.755459021902825,3.9741114275380682,4.371024193367175
dfs_f8fe5234346f146d,2.70805020110221,9.682111549451404,,0.056708160442600276,1.7841819861517876,1.0302305189955794,0.8005619440215153,3.450219434235191,0.0,4.860755481597477,7.212919672783419,12.876644408160569,1.996901660409805,5.655421868939618
dfs_ac9ec4cbaef78815,2.639057329615259,9.46278820129643,,0.0,2.4153771056015025,0.44377184130558245,0.6987307245065065,3.352074340843465,0.0,4.905704036191657,5.999367949550682,13.070343503332204,1.996901660409805,3.2081725121099347
dfs_8800c9840e7b7dd0,4.584967478670572,9.810063900436294,11.467697947033539,0.0009182736455463728,4.066286811021425,3.5046709462712724,0.7669423454266724,3.094530018848259,1.3307456579987997,4.2298725787104265,8.225451817746105,13.571470180937078,3.119942268016456,3.8677544627838234
dfs_321d8b8902862529,4.23410650459726,9.564649429386892,,0.0,7.15210330154699,2.1567291444257486,0.6048848655322846,3.6756954290543202,2.798549962134293,4.111648330962977,9.082896729749473,13.858505869120126,3.6355827541784427,3.629186206701677
dfs_a93b2f65c5ca581b,5.4638318050256105,9.593368715331676,11.771443882099637,0.09814612868047982,7.102285406624366,4.386937893794496,0.9013993158765462,3.3524942346128275,1.8346741896849987,0.0,9.491911239501107,13.881192487661062,2.9352045584387274,4.423334530221535
dfs_5e1c3e7f49aa96cc,4.430816798843313,10.623808208186956,10.39056336913101,0.1069182389937107,2.473674099875972,1.444302149035441,0.8865500445424378,3.68872823030161,0.0,5.1892585645687,8.35130784098961,13.707974343856813,0.0,6.694061889504555
dfs_cbc7763797eac8a0,3.2188758248682006,10.07179800865596,11.271859767147028,0.05017605633802817,4.9431325244051605,2.048873414976803,0.3505718614270679,3.7010971704814155,0.0,5.139689318054747,7.755109589331726,13.63024788031146,2.4146555189783867,4.133411669345961
dfs_75fdad535da4fce3,3.5553480614894135,9.763024758720402,11.011819122265148,0.1559792027729636,2.6163041347459064,1.4998494140014695,0.9259043889684369,3.17902207016176,0.0,3.265225796705024,7.4385052589879805,12.917580237422051,2.293814424193674,5.166839481232664
dfs_11a7eb6fe835308a,4.605170185988092,8.62024880379107,12.14935413491861,0.03106508875739645,7.075775939733857,4.263548386621239,0.7529708732846061,3.441796330035743,1.8226561434071085,4.507984722765767,8.820849910272013,13.581228958239562,3.66860496723193,3.999042772560071
dfs_ae2f91c6f9d5522c,4.23410650459726,10.30836725001463,12.418414063310296,0.0,5.943306126517814,1.8741297933818368,0.655500013307884,3.032135950308754,2.2926796292043767,0.0,9.904880775450202,13.752858256794818,3.819104412943722,2.9793764119422805
dfs_ead2d597ab7f6464,2.3978952727983707,9.897164642104576,11.75914471261388,0.06153846153846154,2.8046413741639,1.077013488361367,0.7974579380347154,3.559536500179226,0.0,4.8785516270204985,6.691148930579527,13.364380497122147,0.0,6.268081772360242
dfs_fb53c4a6e55a86f4,4.709530201312334,10.268791536038517,,0.05743740795287187,,,,,,,,,3.4518191713062434,5.0087830452832
dfs_6705ba2bcaa38d57,4.499809670330265,10.430168402123343,11.60274788726726,0.07402135231316725,4.250432442373834,3.984676842363212,0.4804824348135671,2.476422114667258,1.7807781438961232,0.0,8.642708836685179,13.393184092780698,2.293814424193674,4.42811190555133
dfs_f0a3119367ef057c,2.0794415416798357,9.130610589039312,10.95471119445029,0.06573426573426573,3.0873630942826007,1.2712601500310943,0.6094590672541228,3.6989518765339304,2.5066739019017903,5.076868591997445,6.385362561844071,13.81611937259903,1.5727155517124787,4.0885925892905775
dfs_52d323646659eb2d,4.04305126783455,10.55191041263871,12.429224196812383,0.0234375,4.760409058748566,2.7717710091688774,0.7550956895666371,2.979585755942539,0.0,4.624625553758459,9.874033961074835,13.413442174449823,2.5224557664912224,4.80149110066342
dfs_e74b4584340223e3,2.5649493574615367,8.636857188178723,11.494323516570567,0.0,1.9215105289277132,1.0697824102295987,0.9395226443290806,3.4220382596655523,0.0,5.068014234027719,5.841806241847856,13.230767456719812,1.2659553055395139,4.3731178205589485
dfs_4cc194217a99b99f,5.017279836814924,10.123567241460117,12.395576679800147,0.01689545934530095,5.833582069314111,2.807337174490028,0.48988816575263966,3.4456196275917006,0.0726101649982274,4.7914277943495245,8.753342433774081,13.589217050743953,3.3228044116247886,3.3849470799377994
dfs_bfddb1ab5088fee5,2.1972245773362196,9.597815986300175,11.493304221223058,0.1013215859030837,2.0757153484586155,1.402396727247511,0.8069494344733315,3.0319699763518155,0.0,4.163186176777021,7.176711890318089,12.93123919089622,0.0,6.469819175811223
dfs_7a339f37ac910c9b,3.1354942159291497,9.291162730647159,12.422050585059472,0.10509554140127389,0.9125185516439946,0.24842370272820138,0.8238496483351736,3.4300668885648973,0.0,4.725120593098947,7.424704261297098,13.128945666529653,0.8212059263546096,3.7598637640581014
dfs_e07024e8f2a96742,5.043425116919247,11.5046651457708,,0.22520661157024793,4.2422492951518675,1.3383249041451273,0.8487110746602609,4.47852937372156,4.041229962146551,0.0,9.455537965269052,13.744399015105902,1.5727155517124787,5.1362927445786575
dfs_083a58ffe9f681e1,4.060443010546419,10.213308171750272,,0.10363636363636364,2.395304739127306,1.0377132903191826,0.7262775898787261,3.3325456180235387,0.0,4.929010944202083,7.715507004067672,13.113774599217505,1.5727155517124787,2.185131641775808
dfs_40bc9362b637f5cd,2.1972245773362196,9.395313209016145,11.73254280650788,0.018823529411764704,2.0850046980600694,0.0,0.2107693918239468,3.6056572045166746,0.0,4.9781634820357095,6.807797173403404,13.57274321336213,1.5727155517124787,5.468760608482276
dfs_e37143ef1b537e23,4.976733742420574,10.085535425815932,12.389360402069453,0.026829268292682926,6.014108085042463,2.908616487236427,0.8543204201037033,3.6738621528774287,0.0,5.009884079373142,10.270231979248958,13.71530451294651,3.5660751120561667,3.4775160283960904
dfs_4de165db131a99e9,4.867534450455582,10.684770658203275,11.196583253025215,0.0911062906724512,5.245772256788458,3.783383723867926,0.8859917101375365,3.9263222443233166,0.0,5.70895143386583,10.026381516784252,13.55076866918693,3.7615931774174802,3.5383592783840574
dfs_fec1970a7ce47e26,2.5649493574615367,8.856870168500441,11.06377489151959,0.044058744993324434,3.27078017154073,0.9858511749627143,0.5370850977110675,2.732196335712443,0.0,4.113039005080468,5.069117102819441,13.77501871727058,0.0,6.601815158055953
dfs_c3c54ef17a0d0091,3.7612001156935624,10.14873774976793,11.171040606504132,0.14601769911504425,3.250825196611605,1.1512786200116327,0.5661682071688084,3.489535350337471,0.0,5.340793423563765,8.931426415623148,13.327476554054513,1.2659553055395139,1.990368409769892
dfs_d2df36d33c14fafc,5.093750200806762,9.677723170109372,12.298474053502016,0.09015544041450778,6.774877824929491,2.793907528521438,0.2245106108194046,4.045277574176261,0.7304543246424122,6.3507877385862415,9.123450301018133,13.379668713197393,2.789868226539849,3.579009803656084
dfs_52da513dae935985,3.9889840465642745,7.760675230956691,11.818511304199594,0.04289544235924933,3.454186161349801,0.8296481600490844,0.6968353252099148,3.1762741153232406,0.0,4.803562956625388,5.969349633080855,13.6251475552365,1.2659553055395139,5.689992518934687
dfs_f34cc17199629735,4.2626798770413155,8.64571796168617,,0.0,4.324539688193535,3.4125796396105494,0.8839344822323958,3.7779271236848806,2.016154467234939,5.042770961538669,7.346570340604352,13.544437784263874,0.8212059263546096,6.05802227218239
dfs_3707f73509ccdc52,4.969813299576001,10.577859186054443,,0.10078740157480315,5.666324671167185,3.2022361366501406,0.830926675107132,3.3306956816866373,0.0,4.697369959343955,9.134401602408696,13.636475993088567,3.6355827541784427,3.284019369731749
dfs_dd408ff095cb6c62,4.875197323201151,10.479074506806112,11.949902159950943,0.12332695984703633,6.830129600895368,4.862290723088251,0.8915372773189791,3.5374018529267723,0.0,4.239604447055321,10.0089564530901,13.84636657670898,3.4913728443217287,2.588032367012437
dfs_ec5648cf2ff45577,4.762173934797756,0.0,,,7.1674296480381265,3.037959626315032,0.6967525928383413,3.6045573429957227,1.3978712228661296,4.13300514897262,8.854774002360383,13.885176536197378,4.065529698164491,2.52351770369085
dfs_4132bb1480f78fce,4.219507705176107,9.912163832763357,11.171969190058952,0.06493506493506493,3.45192047546787,1.1789466080696096,0.701202873827184,3.2751544328805777,0.0,5.002421631345266,8.678332387518898,13.752388632980413,1.5727155517124787,4.0670997027549785
dfs_e30e315d271e2dd6,4.634728988229636,9.503087538063692,,0.0,2.016326253325569,1.1703621376111562,0.8430525332358014,3.7161481979175024,2.9385526418355177,4.231019335631517,8.431880584367184,13.661501201483734,2.1563374497238987,4.63316599677071
dfs_7a6b33dc45565b2a,3.367295829986474,9.925581189534276,11.44206298971997,0.19928400954653938,2.862204666404939,1.756529216653824,0.9495367227954657,3.6199869512048157,0.0,4.517589353662719,7.737004421827738,13.368596696463541,1.996901660409805,4.320174134669242
dfs_3bf096145265a4c7,4.248495242049359,9.950811998989652,,0.04241071428571429,3.0095392904233034,0.8081465742520028,0.5784277908688058,3.75073605995495,2.196366363906443,5.489932814639633,7.6236821300590405,13.41542694360852,1.5727155517124787,4.409852669463366
dfs_d6c8f4c250b164d8,1.791759469228055,8.580327565122342,11.400003097105111,0.07187894073139975,1.7599106642076459,1.2672519010568024,0.8133096643466892,3.099170876935271,0.0,4.286240165789338,5.627256941776584,13.327730662964353,1.5727155517124787,4.086715794032418
dfs_ffac53ec665fffbf,4.976733742420574,9.45011414428025,11.44393973631491,0.060263653483992465,3.7738607367584347,3.390582612479328,0.5931953302188424,2.8085862825625134,0.0,4.411670157592897,8.725939070041674,13.735135295000356,1.5727155517124787,3.760364604342252
dfs_5630b33408f6d27b,3.9512437185814275,9.81843663656521,10.868587496017359,0.0512396694214876,3.2703613997675807,2.22162106219694,0.8226583592750355,3.018288426345743,0.0,3.4307289550695326,7.405771445976416,13.25728754966085,2.1563374497238987,5.134152921507929
dfs_5bf68d8ffdf64fca,3.9512437185814275,10.120374872022465,12.429224196812383,0.0,5.356613947348331,3.6261005922031595,0.8348569092176289,4.486886817518362,3.5059566715577595,5.290075543135149,7.61821224751515,13.699381154304547,0.8212059263546096,5.378961863253245
dfs_3c6cca5f4c62ccda,3.5263605246161616,10.926163918651824,12.094062290843357,0.033775633293124246,4.991726748143088,3.5581775029116027,0.7757698139407183,3.543875970549209,1.577144551368462,5.278207985529105,9.329471280852083,13.66814679482599,2.1563374497238987,5.688330608436193
dfs_97265acf2dfc436a,4.51085950651685,9.2099891033099,10.68434794707383,0.09900990099009901,4.627287623121323,2.428214243175518,0.8644089409486961,3.2283046432735745,0.12030246687724604,4.89843647061219,7.832669933222492,13.671648270652781,3.6014327256248992,2.725006288920219
dfs_bc02226adfd8cf72,2.1972245773362196,9.384720435749946,11.803136836047733,0.04936305732484077,3.2052746491857462,0.9646546910058316,0.6926826766954367,3.7849614034455077,1.474096458285292,5.160568585060153,7.903358198801563,13.591939415245887,0.0,6.702066236944824
dfs_48f31b2d36d0979a,3.4339872044851463,9.47561181933882,11.444046872667448,0.02288329519450801,4.119980288911468,2.6010440463873503,0.7898221447225314,3.604547446376448,0.0,4.627890639269155,8.560913086992354,13.010962432810647,2.293814424193674,0.0
dfs_9d93158b2bc13fa4,2.4849066497880004,9.906995678868737,11.5722127223251,0.0199288256227758,3.0585026586110775,2.752411221479857,0.5029518334019375,3.535046135789596,0.0,4.63278275358809,7.465603818001261,13.622282541371515,0.8212059263546096,6.025662427357921
dfs_28618a0f8a8bbf43,5.71042701737487,9.842356488324786,11.77425072832449,0.09173715029277814,7.300707808832833,4.946544591926088,0.7925948481488273,3.463691952034393,0.8265773134524672,3.95682536637479,9.506564855106696,13.736415401222526,3.7315477135942685,4.216009043725608
dfs_0425d9542eb15302,4.997212273764115,10.462228034720455,12.306754734396083,0.046153846153846156,6.223099849109933,3.728681835629385,0.5389824812106082,4.031472698219104,0.0,5.541244038814226,10.176799347894221,13.511773626550962,3.3676843746371405,2.0148773065005283
dfs_eac195a44e60325c,1.6094379124341003,8.57575292448758,10.781307689847694,0.04524886877828054,2.1879447052985115,1.5061402100579724,0.8564905429827533,3.336412782891646,0.0,5.055741528695753,6.1976293462860435,13.096643437293702,1.5727155517124787,3.1820160874967574
dfs_a6df984f9c7bd8c1,1.791759469228055,8.749343254691544,10.555500189737518,0.11457455770850884,1.1131130572064705,0.1657999842567292,0.7011980070261573,3.2112160113599475,0.0,5.138845025549122,5.970406268740849,12.864703430264091,1.5727155517124787,3.878702075421863
dfs_2f11ffb23a82c580,4.465908118654584,10.791298275682722,11.97795424012444,0.015587529976019185,4.479164866990249,1.718791643888917,0.8782412495712313,3.8129372795762517,2.5489217816370453,0.0,9.826456524237155,13.363689420774687,2.8651744031446778,4.7919612441816595
dfs_07658d7b48f9382f,4.430816798843313,11.717550947222122,11.929917218650237,0.14169491525423727,4.086309471608274,1.66759658944944,0.7964279534493289,2.7689997229497507,2.7689997229497507,0.0,9.968904905402006,13.625160861722991,2.5224557664912224,5.3682876507467485
dfs_80b6bb79f0e8c671,4.700480365792417,10.365889950937378,11.065387580440156,0.058671268334771355,3.475437062116076,2.4106989473404985,0.8874745260799913,3.5404113209256285,0.0,5.6517263511235845,8.750584119727971,13.771909705993583,2.4146555189783867,0.0
dfs_c232fa63ccd61b68,4.343805421853684,10.469089625713517,,0.0,5.755158307810987,4.587069367251069,0.843381331282066,4.007178821017414,2.544045268958674,0.0,9.858889987730755,13.561441195477423,2.9352045584387274,4.467074827841691
dfs_73a955e4b37aff3c,3.091042453358316,10.017836146083557,10.516210702728278,0.033823529411764704,2.6926826868070317,1.5272650276145134,0.8230108761672836,3.3919568374467786,0.0,4.1759077523876185,7.004208197148564,12.856980160482243,2.293814424193674,3.6287717951487415
dfs_c593752c1530ac22,3.044522437723423,9.342545894851815,10.896442985345695,0.06880733944954129,2.1793893683713566,1.139316712564391,0.6615617623560152,1.635187964440008,0.0,3.3316635656689355,6.48287646181647,13.255429911999098,0.0,6.701239582939628
dfs_82315fe634e17e51,4.787491742782046,9.549525262713246,12.362011725216648,0.05041246562786435,6.810292875989046,4.591855373715217,0.8245961480908294,3.6140240254471987,0.0,4.522693524872332,9.461391923599159,13.517710807324207,3.4913728443217287,3.5671234524721975
dfs_1ac946b2ae4a1cec,3.8712010109078907,9.65519641502533,12.151790678981559,0.03189066059225513,3.2534303078961946,1.2175397838252142,0.7298206779209402,3.2974800803019724,0.0,4.449967359375332,8.735166050163341,13.300902790902823,1.5727155517124787,5.26221312118036
dfs_469293b9a13780fa,3.332204510175204,9.22611026624673,,0.09883720930232558,2.8078937111613596,1.2330789790700531,0.9246250769376066,3.4102909285375542,0.0,4.139506492373162,7.6142305341775565,12.867489192128506,2.4146555189783867,4.375305218363863
dfs_ed0e69427ef3782a,4.51085950651685,10.710800598778066,12.276605663715413,0.07815845824411134,6.141756391081469,4.452247863199179,0.759889457409523,3.4697608615678357,2.5999775611856837,0.0,9.830137548149171,13.741649786023293,4.065529698164491,3.820767503682535
dfs_8b6d1f2204e5b10d,4.68213122712422,9.659591408297073,11.964981495290264,0.11481481481481481,4.102079937752012,0.5611763941514016,0.7969906722124408,1.9635172504727392,0.0,0.0,10.577356705918337,13.60611704017423,3.0006498211243393,5.718291201708627
dfs_27461123d0446d0f,2.4849066497880004,9.725532361447655,11.206563334905086,0.06808943089430894,3.611929182473805,2.176958788745715,0.860637512862891,3.3181916950134873,0.0,5.044448022590553,7.580322471001727,13.144242279122771,2.1563374497238987,4.84084769629863
dfs_c02331d0b3fbdc86,5.181783550292085,10.760972627494112,11.861368620515416,0.05456852791878172,5.1290047208745495,3.1045735929095044,0.7964937367708781,3.772390549742013,0.0,5.455417045021667,10.226083969459278,13.436654274120139,2.789868226539849,3.7879876289138594
dfs_63e0f5f805cc1cda,4.060443010546419,9.532474309259689,,0.13980263157894737,2.3440623548759065,0.13871097297990265,0.6836816058113828,3.603675310931713,0.0,5.308543466841981,7.6274345436181665,13.167720990438283,0.8212059263546096,4.396047454740792
dfs_f991bd200978a697,3.044522437723423,10.246419357878239,11.520248585350009,0.040257648953301126,1.928115733409801,1.09595801104086,0.8465910741130834,3.4200084393427,0.0,5.009181307747274,8.005380340248264,13.039405591683007,1.2659553055395139,3.229109380981614
dfs_27f80ddd45e8f1a9,4.543294782270004,6.286002604240128,,0.5181818181818182,3.0815968113005066,2.286416105983772,0.8824548164277329,3.7072262195537826,2.8798864770833346,4.374194141860462,6.975798049690251,13.873619075867936,1.2659553055395139,3.7303280384900224
dfs_09ef7cf7766ad351,3.091042453358316,8.350651496233976,11.672268356193772,0.06490066225165562,2.3670419623475336,0.8642739995586677,0.7642282351647945,2.61244948481949,0.0,4.955084208011925,6.49672129155558,13.544686913623616,1.807133707454955,2.7066927391372055
dfs_8f552010d9624c74,4.5217885770490405,10.264735089977732,11.992928928794298,0.0,3.534302540263563,1.8243250648417413,0.626425989257726,2.921524640352531,0.0,0.0,9.685457992231663,13.414296899622558,2.6197576726867497,5.026772532959284
dfs_293df3e4d0469e5f,2.639057329615259,9.731492966549773,11.319449933234104,0.007001166861143524,4.780853323391498,2.275329723445248,0.791300276776222,4.017549333853467,0.0,5.756652288414767,8.67856765999838,13.446029681247984,2.8651744031446778,2.2871806396368455
dfs_0d5fa4b0148271ae,4.859812404361672,10.442610403128043,10.693262226679666,0.045121951219512194,3.5836702873296837,2.3898315036887228,0.919088885234156,3.427620292015925,0.8492167840789564,0.0,8.891137585349355,13.521174396081587,1.807133707454955,3.827047320268064
dfs_9d287ff874d1f5a1,3.258096538021482,10.07179800865596,11.271859767147028,0.05017605633802817,4.9431325244051605,2.048873414976803,0.3505718614270679,3.7010971704814155,0.0,5.139689318054747,7.755109589331726,13.63024788031146,2.4146555189783867,4.464747715832136
dfs_e8fa9d47fb93125f,4.74493212836325,11.282709753636496,12.316611729228429,0.13881278538812786,5.3785219132960425,4.834696547943665,0.644716152516501,3.817348082621512,2.137661528206548,0.0,10.267768089321152,13.56623348144354,2.8651744031446778,2.355086386714489
dfs_d8fd946f57832a0b,4.3694478524670215,10.884845998493509,12.09496229789174,0.0057306590257879654,4.965022603973693,4.0360493232652255,0.8279913142539225,3.563258766680548,0.0,0.0,10.106198851466916,13.56375531825457,3.0620738268031755,3.889730527710204
dfs_d70621056681d020,2.9444389791664403,9.398234107928122,10.462388799533683,0.04142692750287687,2.5606468035513386,2.2638808672647848,0.5642531952353166,2.639538709825469,0.0,4.251295547763353,6.989208072540196,12.62573647303815,1.807133707454955,4.971861845418229
dfs_2ff87a0b3572e808,3.8066624897703196,10.393943718763452,12.052175266952778,0.07299787384833452,2.4071986453585157,0.7046160779692976,0.7192794398195206,3.827150817639893,0.0,4.92316267008887,8.532165816193665,13.240237075617404,0.8212059263546096,5.288869554249068
dfs_ef6571808bcd52fd,4.356708826689592,9.727836550168641,10.481588573774555,0.0634441087613293,3.4982704868209065,1.45896821317116,0.4100310899241646,3.4588282372864136,0.0,4.531512636209815,7.708122243134574,13.18739052914252,0.0,6.6753996957514605
dfs_7b9a106ca70eb7bf,3.4339872044851463,8.951773606541948,11.499992189558329,0.033210332103321034,3.3093730908804093,1.3732892913901555,0.7327935656988848,3.358030201859579,0.0,5.045361456366119,7.416042440074246,13.810244717731738,0.8212059263546096,4.593916424430898
dfs_7a6573a9f6759c4a,3.970291913552122,10.878992159602497,11.204155940187963,0.0757238307349666,3.717950609235587,3.3593822216884743,0.6182784576513625,3.602648164695586,0.0,4.844617164387344,9.593214569482283,13.705371978853348,2.6197576726867497,4.375878140958469
dfs_24359b940653f931,1.791759469228055,8.1308989976431,11.411534836649514,0.037803780378037805,3.1371653356753813,2.2411689536079407,0.8895262668213442,3.3097236118707136,1.6673101090640872,4.746329786762974,5.029164802104198,13.578515262672317,1.2659553055395139,4.447827408320205
dfs_7ed7ba8bef2a18a6,2.4849066497880004,8.785164092413257,10.900934218371287,0.0,1.9707995416393853,1.0792871569426448,0.8741300792725136,3.4589871093181657,0.0,5.45898483832474,7.284052398057126,13.496918317253728,1.2659553055395139,5.212463620885527
dfs_0d8a81f3bb96676f,4.248495242049359,10.539549859837773,12.429224196812383,0.18095238095238095,5.219886997098714,3.4769976913997693,0.8606536430606923,3.39393415814054,1.937500514151036,0.0,9.671212686096036,13.398468191273448,3.0620738268031755,5.049330423526106
dfs_4dce52de842ca531,3.2188758248682006,8.82055101067856,10.875212991298383,0.09671179883945841,3.517574459872383,1.7277050810507741,0.8631736324754642,3.48725835367174,0.0,4.887586183849005,7.1999612700332385,12.915523692796649,1.996901660409805,3.458994235544711
dfs_bd0b43dc4648f75c,2.833213344056216,9.990283857204373,11.108499816436726,0.04155124653739612,2.816202081171732,1.9348955720952739,0.7102333437665996,3.447533199722648,0.0,3.9825139473262166,7.387603380792606,13.645644705803445,2.1563374497238987,1.2167495526296792
dfs_93ed47ecf968a115,4.941642422609304,10.22314396714775,12.429224196812383,0.020249221183800622,6.040196000377083,3.0799160834785866,0.840087364265592,3.3888069159137024,1.9260832661256493,0.0,8.973670089686022,13.619835032508112,3.22650867441372,4.568142397560587
dfs_077b1fab011cc908,4.59511985013459,9.285501186109391,12.429224196812383,0.03545051698670606,6.691485484122061,4.757226350018008,0.878024410524374,3.8343090743009904,0.0,6.208493695145907,9.399807710648792,13.57842020051744,3.3676843746371405,4.237835879789537
dfs_cd74a590367a4a1c,2.5649493574615367,9.107643576086291,10.7177677069941,0.192197906755471,1.42621658893726,0.0,0.05021849784649635,3.727904169176568,1.1779949754324381,5.895690274374928,5.794397367897803,13.057743786314012,0.8212059263546096,4.404315588376611
dfs_04916dcea7eac564,4.143134726391533,10.782958168704495,12.287081040623638,0.046228710462287104,4.671375602232063,2.697326868865167,0.573150776847552,3.5733922983917363,0.0,4.621580925864548,9.999304165417936,13.48468574458674,2.789868226539849,4.397681556484445
dfs_c188c65385cd4a6d,2.0794415416798357,9.044949486642112,11.698724302343727,0.0817490494296578,2.736000127441131,2.2496131419789482,0.6652879491269864,3.0294331861354977,0.0,4.575388414128743,5.915436941912543,12.7636177195881,2.1563374497238987,5.1119151690019695
dfs_4835968766c19858,4.143134726391533,10.30836725001463,12.418414063310296,0.0,3.834667013978042,1.8447985801896816,0.8094042123424097,2.4025608343062723,0.0,0.0,9.614947459890276,13.679577426329384,3.4913728443217287,5.018782476451247
dfs_ddc7bf6aee0d7c2e,2.3978952727983707,10.30798417036818,,0.08096280087527352,3.5233021516103533,1.6523617421433643,0.7598255424837388,3.429405926392046,0.0,0.0,7.214470616412972,13.102305557549297,3.0620738268031755,2.5415964605074346
dfs_fa9199284337a347,4.941642422609304,10.462228034720455,12.306754734396083,0.046153846153846156,6.223099849109933,3.728681835629385,0.5389824812106082,4.031472698219104,0.0,5.541244038814226,10.176799347894221,13.511773626550962,3.4106363451196224,3.167018211508433
dfs_ed83b588bdb524f5,4.762173934797756,10.584534437404654,11.742488368086622,0.0024154589371980675,3.5070799445077823,0.3668357180545983,0.8133359619971676,3.4170807968056027,1.8831304796740913,0.0,9.58608707441312,13.541956217477052,1.996901660409805,5.30583581064663
dfs_d99255e49f8991b0,4.5217885770490405,10.373091678744107,,0.0773405698778833,2.8668304337439126,1.2382281894451195,0.8034081916136973,3.664242121783439,0.0,5.403411918624264,7.868481930069969,13.493014793825635,1.2659553055395139,5.065184427659576
dfs_72132e2fa3c05b2e,3.4657359027997265,9.363009020968164,11.337893276063083,0.0,3.033796854965142,1.228033271831178,0.6433390966245145,3.338507938931669,0.0,4.998360142955026,8.256270559072618,13.561938726522152,1.996901660409805,3.7475460527999926
dfs_3e2cca7997d4df19,4.060443010546419,10.495521488805899,,0.0,3.3528648339096314,1.878540178925501,0.7775336717648701,3.3241696154938722,0.0,5.563059121756517,8.867462589173924,13.407763347841037,1.5727155517124787,5.0128258763277005
dfs_030e3027c0a82b21,4.6443908991413725,10.642671810128713,11.69240130989757,0.0,4.841985094373882,0.9777935880817565,0.6296242861497968,3.6281162999698706,0.0,5.181508187466648,10.305616828253667,13.74456757195371,3.275815204077272,3.895138206998355
dfs_b488e898198c2d0d,4.1588830833596715,9.644961454441283,11.286438831779758,0.15173410404624277,6.623787493009168,0.0,0.010765659720390522,3.1747018158973663,0.0,5.090753819563602,8.175652139264326,13.165489914425468,1.807133707454955,5.864572690506546
dfs_c71ceddf8e0a4f87,2.5649493574615367,8.299650191353958,11.535997252537985,0.19646017699115045,2.6681955589904924,0.8880372341542879,0.964969008053044,3.334091453670685,0.0,5.3083941506319965,7.107861229917022,13.430387637445804,1.2659553055395139,5.064089187934762
dfs_3175148faddebc66,4.394449154672439,11.366198983224448,11.619696984693451,0.0,4.964574684184725,2.349771507338575,0.4087307139900883,3.399083945877945,2.440718337570046,0.0,9.651325160228183,13.577230525939525,2.9352045584387274,4.70641665455713
dfs_d81abaccd812aee3,3.258096538021482,9.923187865758658,10.977363060971824,0.14854517611026033,2.8798615523994764,1.5401164043386795,0.6755532768658282,3.3696330798433847,0.0,4.634596138514011,7.629273221454757,12.962304947804249,1.5727155517124787,3.8562637653115166
dfs_9dc08e35be271518,3.7612001156935624,11.156972420886314,11.677125480650488,0.03734439834024896,3.8615138505928703,1.028608426831583,0.7079055201354324,3.286876084068973,1.0947746618684568,0.0,8.542199195963487,13.234341150640375,2.5224557664912224,2.9740091446338797
dfs_2192d96c5a809af6,0.6931471805599453,8.989038040810147,11.715041479092347,0.017543859649122806,2.7400151333578293,0.5820710207847019,0.25841732714892546,3.387729016926191,1.8104373512384369,4.894771802304088,6.270151540673695,13.182786567169984,1.807133707454955,6.10696484285397
dfs_577f5bb1cc3b5fa3,4.61512051684126,9.872154857640771,11.436152406164314,0.021251475796930343,2.1104934374625053,0.0,0.693554335268299,3.547826047400165,0.0,5.041033171489176,8.253638419629644,13.698828416101883,2.293814424193674,3.6404399228228668
dfs_fdb1ab1fc8c91d4c,3.4011973816621555,9.068726058379715,11.065934990033494,0.07119741100323625,2.459083747744882,0.6616968821662,0.8507280639577828,3.5731858043905738,0.0,5.2211420468006295,7.48329807633265,13.327157197457574,1.996901660409805,2.8746493582312107
dfs_77f5c8aaaeab0902,4.532599493153256,9.2099891033099,10.68434794707383,0.09900990099009901,4.627287623121323,2.428214243175518,0.8644089409486961,3.2283046432735745,0.12030246687724604,4.89843647061219,7.832669933222492,13.671648270652781,3.6014327256248992,1.7086525277379165
dfs_5d277b10b67411dc,3.6375861597263857,10.201459929723683,11.503743438895341,0.0,3.1164139298799753,1.2578294628228002,0.967566089904378,3.512462514625397,0.0,4.863602578737047,8.289754059584714,13.751850584124318,1.2659553055395139,4.5781604132148805
dfs_aeeba16d0b2a0c96,5.1647859739235145,10.3616327590063,12.314025298694853,0.0,7.168291005440428,3.0559227504652746,0.779742987565073,3.417779787802938,0.0,4.107482637506677,9.170322257827294,13.796148313685258,3.5660751120561667,4.87036887493648
dfs_8ead278e5cc6dfc0,4.795790545596741,9.946584493446608,,0.15247776365946633,3.864710301008259,3.07046645201084,0.7823528106148119,3.8310736215260186,0.0,5.216676409718539,8.740180402292317,13.548425568387081,2.5224557664912224,3.7477052418250114
dfs_27817d3212836f5d,2.1972245773362196,9.359009016015932,11.444753684866894,0.0,3.089840105931698,0.6195057247081124,0.27360772411995143,3.5712683379314205,0.0,5.15855914423275,7.011501955441736,12.71169978053732,0.0,6.334833483081073
dfs_89596153cca15538,3.2188758248682006,9.521745000708027,11.433936368719857,0.04741379310344827,1.5234647319125572,0.7820256037297326,0.8622306349147094,3.2682413723797046,0.0,4.712091212091563,6.790970887549455,13.314422371104014,1.807133707454955,4.3957970751095745
dfs_2c3d484cd6ebb401,4.499809670330265,10.711690531344571,12.253046876175627,0.09656301145662848,6.9468278000735,2.515903281652096,0.6177876443954804,3.761475864333623,1.8043084034806594,5.319698583798728,8.395885425256497,13.565610985445597,3.66860496723193,4.762339450624705
dfs_8b0d1e9aee5332a0,3.6888794541139363,9.60753028917408,11.733577916069146,0.13333333333333333,3.9479377619100906,2.4269697114822164,0.6864731200949044,3.5990316860874607,0.0,4.631390881261162,8.059447386876373,13.405012807328035,2.5224557664912224,4.1544391686036075
dfs_cbede9dea5393191,4.653960350157523,11.080653442713828,11.888350521721733,0.028,4.0521120313987025,2.0269784730378313,0.8777435206023451,3.434302724561319,2.2845007067062335,0.0,10.189086572607446,13.525338721955249,3.0620738268031755,5.010734530781268
dfs_46bb8d4b16175a98,4.948759890378168,10.403023590298085,11.303992956749982,0.09263657957244656,2.696080985408644,1.8761944831391233,0.8498204243325227,3.278830705314192,0.0,4.474385673616983,7.965559936624058,13.557593091817647,1.2659553055395139,0.0
dfs_da23a33180edbf1b,2.995732273553991,9.235203942795458,11.29757645712193,0.07487520798668885,3.246789770465696,1.0820106734894015,0.8448722512289831,3.5509284832007277,0.0,5.595591938518094,7.208749112318356,13.42925672586799,1.2659553055395139,5.309648254628601
dfs_bc25e7e7f15bed89,6.040254711277414,7.0379396444192395,11.922555222209168,0.0,7.434867685767489,5.3143429531040365,0.8817944755033347,3.265347396466099,2.1245474954120827,2.756068646061024,9.571561144209412,13.698197786716248,3.6355827541784427,4.18483625335068
dfs_87c5cc099e6f091e,2.639057329615259,10.663160393222663,11.647246545709,0.0,2.7396091676741436,0.7623147784595168,0.8948222682133978,2.9664734702191007,0.0,0.0,8.118051844706418,13.036916593981411,2.293814424193674,2.162800266698063
dfs_7ad392579b80374a,3.784189633918261,11.152671018549707,12.232373719949544,0.0,4.213556012092631,2.633336612968109,0.6913784125831153,3.4791114614333942,0.0,4.222836533751036,7.810435593839462,13.822425593897679,1.807133707454955,5.501517773404468
dfs_baadfe1be49bc6f6,4.653960350157523,10.54440460714575,12.056783462786443,0.050951086956521736,5.082510781828871,3.0266087924418743,0.517968032535761,3.3244499680547466,0.0,4.956806497677104,9.464339663375418,13.583355272677,3.3228044116247886,3.6292763976572853
dfs_e73aec3d7c215c50,0.6931471805599453,7.589896275165347,11.811495547328615,0.009146341463414634,1.410205901379872,0.5127755726036596,0.9641457917873738,2.6985502264494388,0.06801439633472364,4.429330113484021,3.880618229646979,12.548722191798014,1.807133707454955,3.878996923623851
dfs_26e79939d5107b5d,1.791759469228055,9.310352818081718,,0.0,1.5930827558575658,0.8493631519641041,0.8661956189224783,2.9959245016435134,0.0,4.415090839471941,5.878028206027904,12.624799427621523,0.0,6.334833483081073
dfs_b6d5ecde74c3b4b3,4.543294782270004,9.441418950319182,12.135596531725849,0.06179775280898876,7.1674296480381265,3.037959626315032,0.6967525928383413,3.6045573429957227,1.3978712228661296,4.13300514897262,8.854774002360383,13.885176536197378,4.128995525391798,4.005580851464314
dfs_17001698a600337f,2.0794415416798357,7.277860243554182,11.824797584723209,0.0,3.091431862466875,2.187287322210082,0.878361695044909,3.2475678852933623,0.0,5.203388972450901,5.793502899643357,13.48137259480568,1.2659553055395139,5.010149755359726
dfs_80eb32a774309a68,2.3978952727983707,9.543202803769697,11.157078749384256,0.1984126984126984,2.776484734376618,1.837194607752712,0.7688034461200293,3.3401951209936747,0.0,3.4354726816464574,7.521810934681543,13.047480335731045,0.8212059263546096,4.081501645080846
dfs_93a6bccbf013eccf,5.111987788356544,10.175619991076283,12.429224196812383,0.024423337856173677,6.334663106895385,2.5173822150236775,0.7996261974842283,3.5098420044138674,0.0,4.2740340772733845,9.699606795211766,13.873860594872692,3.4913728443217287,3.790073724030041
dfs_e416a5e3017aeff9,2.302585092994046,8.526131606232909,11.26528428205562,0.0,1.7834786999894514,1.313048055689418,0.7308114103563208,3.317531740437681,0.0,4.986205866606376,5.724259394726034,12.69146968594574,2.293814424193674,4.1059015865010675
dfs_84adeabb0e066463,3.044522437723423,8.153605598204756,11.44446459480262,0.05136986301369863,2.7458114788290233,1.5719041318785616,0.8600961291789382,3.3227661317713166,0.0,4.707472527109105,6.651357787052101,13.492705498533157,1.807133707454955,5.416064209666011
dfs_1d6b544659a7a06d,5.225746673713202,10.365889950937378,11.065387580440156,0.058671268334771355,3.475437062116076,2.4106989473404985,0.8874745260799913,3.5404113209256285,0.0,5.6517263511235845,8.750584119727971,13.771909705993583,2.789868226539849,4.534510710274649
dfs_6b7854de8d4a46a0,2.772588722239781,10.025357974682407,11.736492926421839,0.016901408450704224,3.627624337660884,1.1623379176748696,0.530163354060688,3.6871953908299493,0.0,4.85863897012836,7.623925118633526,13.099319904235717,2.5224557664912224,2.633821217129707
dfs_9334a0ac61960891,4.343805421853684,8.519215659692716,,0.0,3.731571457318234,3.17343912829041,0.6896434477228419,3.73348456053184,0.0,5.438720023986425,8.372343130554453,13.457374547187026,1.2659553055395139,4.20407214347853
dfs_9f6b4900832acf48,2.5649493574615367,9.519841675861402,,0.1319073083778966,2.094694699272772,0.602775177502028,0.5120187356014974,3.265733177991611,0.0,4.491248716810732,7.828290996968163,12.96908864715453,0.8212059263546096,6.0675849739113135
dfs_208d126a3c1a219e,2.995732273553991,9.092570436360727,11.465917711362888,0.03295668549905838,3.029046195097797,1.3435490354865638,0.7359117140343234,3.266842116626849,0.0,4.994917334355889,6.239027999744372,13.558927848054223,1.5727155517124787,4.047329743308124
dfs_b6b365a90566e626,5.241747015059643,6.7716528292667935,,0.12121212121212122,7.054644597597323,4.251826233626138,0.8903568187029036,3.502597732893101,1.8223406939870326,3.9170339189558865,9.270715933104285,13.733692942740499,3.66860496723193,4.199552048157568
dfs_a69b5d603f90c70c,4.454347296253507,10.380160424939714,12.429224196812383,0.0,5.091325842387845,3.042891207499012,0.6817366214490088,3.4870426287264884,2.1349644291719536,0.0,10.5988732151247,13.83402510113421,3.275815204077272,3.0658988655885935
dfs_c3bdbb3680e88aae,1.9459101490553132,0.0,,,2.85452185759302,0.9111735611497036,0.5025376283630665,2.6061760525307633,0.8889321279521328,3.7387405046639928,4.0161039732763175,13.821729182177963,0.0,6.661159200725406
dfs_3a1c1a742b62824c,1.9459101490553132,9.366422005148065,11.279403241077631,0.06017925736235595,1.4839347376500354,0.26738292529544927,0.799677527899983,3.5467084733338456,0.0,4.85165499128604,6.285736621694681,12.828362717993418,2.1563374497238987,2.6203018546701498
dfs_792093bfe12ab61a,2.70805020110221,10.566895985259771,,0.09427609427609428,2.7545405003375274,2.2267629411692003,0.6757716266938428,3.039204945463471,0.0,0.0,8.261759844145681,13.386888382712154,1.807133707454955,2.1441789121626784
dfs_0178509cc6e964d0,4.6443908991413725,8.795630237684103,,0.38271604938271603,4.175659550892392,2.0446780897140373,0.6496341834726722,3.4497888164618185,1.1264240282975253,4.067331720606191,8.806684110101322,13.699526029024666,1.5727155517124787,4.354295607970797
dfs_2b65a00e69906bdf,4.174387269895637,0.0,,,6.681503232249115,3.302074352841755,0.7529308777905114,3.4167919007030285,0.0,4.2601234833055015,10.081723201055732,13.929365890282678,4.043446627710712,3.8418329113621743
dfs_059321f4dbd3d4ac,4.990432586778736,10.389490415291535,11.900884905748706,0.0,4.6650435210655266,2.8404103818220916,0.8569472599391376,3.923726998116226,2.689203984364026,4.892722436834765,9.25197675161404,13.549548228216393,2.1563374497238987,4.369819395263105
dfs_6b60a5dfda148ed7,2.8903717578961645,7.746831146053569,11.703405318840641,0.047325102880658436,1.5597034996328922,0.2778088771182107,0.5890687471953414,3.2962366186094956,0.028910136727301732,4.639592456978494,6.077576870565491,13.492897438571125,1.2659553055395139,3.190494801600392
dfs_7489e2765847bc12,2.1972245773362196,8.832234776108779,11.508756788098008,0.008241758241758242,3.3463011063947694,0.6725853331455702,0.3003257422743817,3.642132511433375,0.0,4.882650414502444,6.270982070728427,13.248541299413507,0.8212059263546096,3.9286617319189427
dfs_1a1c77dd587736a5,2.70805020110221,9.503049649040058,11.014802157447122,0.03293413173652695,1.9802475087286124,1.313139915739718,0.8130138248362319,3.53854572666739,0.0,4.935021053977329,6.328108673776683,13.018641518415011,0.0,6.615418704218885
dfs_02ec33ede8d56365,4.48863636973214,8.690841855233655,10.330616300280319,0.1201923076923077,3.8817329066946034,0.2681142065160542,0.551107271266706,3.981927868200592,1.6991796423918473,6.343021918810304,6.777822629061384,13.551926449789882,1.2659553055395139,5.065184427659576
dfs_d1bf7b078c0915f8,5.056245805348308,11.013067157403626,11.543183052130926,0.0,4.345249592945554,2.9437280356710547,0.9262154292194883,3.605674984784285,0.0,0.0,9.691747160101507,13.54809505745729,3.0620738268031755,4.14325985780073
dfs_f0cc71008cc038d4,4.23410650459726,10.184896528142387,11.169772964992372,0.06842539159109645,4.3539722059396135,1.611685902808102,0.766559797875434,3.504865834801005,2.536343240283901,2.916293363182448,7.631351269090183,13.583529319079725,1.996901660409805,3.5231367409302825
dfs_b1496be776e935c8,4.990432586778736,9.515826682287745,12.429224196812383,0.01091901728844404,7.405952455737231,3.2581464723811995,0.6759401581693133,3.5637683391986146,1.0608486804709338,3.8596034749659283,9.56249633427854,13.84182819095692,4.065529698164491,4.267887788362903
dfs_87e84c1401a28bb7,3.9889840465642745,10.628714445431811,12.429224196812383,0.03456221198156682,4.400931748852488,3.58953779873384,0.705302641433164,3.8033277466922737,0.0,4.909427237822054,8.663396110207053,13.544840293989525,2.5224557664912224,5.320107856552179
dfs_2e9da23ac14acfbd,3.367295829986474,9.529567889528655,10.87570482869929,0.039783001808318265,4.535459499920829,1.7623719277865906,0.3200166958145974,3.3613122500461503,0.0,4.120086801140949,8.452005804521205,12.830397475777891,2.9352045584387274,2.962130997016214
dfs_4540547961fa7c80,2.833213344056216,9.687567884869257,11.523301447795,0.05823293172690763,3.11171005869967,2.105233964358074,0.9162666112699218,3.6152278574622465,0.0,5.192202417678597,7.406346920127008,13.560564113318573,2.293814424193674,2.6336837627219167
dfs_62dabf7d2855fb23,4.465908118654584,10.192746102089052,11.011010027333993,0.08389261744966443,5.214998242793046,3.4965472038250063,0.865166647364001,3.169608260774259,0.0,0.0,8.498825173681128,13.658031846377645,3.22650867441372,3.9328364089555
dfs_a4e38262c0ca14e6,4.23410650459726,9.95714752555329,11.927832523903248,0.1065891472868217,6.586557800284961,2.0858262871247324,0.5727261552671827,3.5887603397581382,2.1579908537265924,0.0,9.513358525733498,13.868897758599235,3.8734872112924554,4.347556475746898
dfs_b19281d0d97dbcd4,4.189654742026425,8.62024880379107,12.14935413491861,0.03106508875739645,7.075775939733857,4.263548386621239,0.7529708732846061,3.441796330035743,1.8226561434071085,4.507984722765767,8.820849910272013,13.581228958239562,3.4518191713062434,4.6559064031917305
dfs_a0fff05c1d0223ca,2.0794415416798357,9.434882760557144,11.835450895458816,0.012903225806451613,2.90450789904391,0.8790764231683184,0.7197231359417855,4.191354719051294,3.022929613216336,5.172480579402768,5.749117373688657,13.620134156296519,0.0,6.674496313147216
dfs_32d306931fce77e9,4.477336814478207,10.418837154233682,12.429224196812383,0.02975724353954581,6.823180844418769,2.7825941409231594,0.4689406023844733,3.3516818337780747,0.0,4.0082323864130265,9.184267683286775,13.52300487056476,3.4518191713062434,2.5699840704590553
dfs_df6a831e1edde2e1,3.4339872044851463,9.912077726720595,11.830520645821752,0.0,3.7212279620540554,2.875842484824517,0.7778582258475994,3.401546171285237,0.0,4.883722614159657,7.567300718151564,13.72976528821341,2.1563374497238987,3.406335410996313
dfs_0461cb7a09f4fcee,2.0794415416798357,8.608406462788409,11.25670329913672,0.02625,2.0643239114774294,0.09671768983724947,0.6960606016465555,3.067307468507194,0.8272323874191088,4.376493535966373,4.5330760212172265,13.453112123198798,0.0,6.472520453553738
dfs_3019da440dfa00c4,2.0794415416798357,10.190268238359,11.149542357241431,0.022774327122153208,3.0093059348119917,2.251600916423246,0.8316616845901712,3.2028426379522954,0.0,4.984406252026435,8.6153063706356,13.20296592833638,2.9352045584387274,3.867842346711224
dfs_e92b1f2a03290018,4.304065093204169,9.564649429386892,,0.0,7.15210330154699,2.1567291444257486,0.6048848655322846,3.6756954290543202,2.798549962134293,4.111648330962977,9.082896729749473,13.858505869120126,3.7315477135942685,4.197814080806843
dfs_27e32a61be354666,4.382026634673881,0.0,,,7.168295158643323,2.5306285959305015,0.6277928025256241,3.725718186922117,2.2351335915421844,4.833955653490345,9.986984023148924,13.913873346541177,4.087135624454778,3.128102457745343
dfs_7be47bf7371b0190,4.983606621708336,9.934561144585928,10.987426038970444,0.06485671191553545,5.666324671167185,3.2022361366501406,0.830926675107132,3.3306956816866373,0.0,4.697369959343955,9.134401602408696,13.636475993088567,3.66860496723193,3.5506369072924917
dfs_e1687690388be2ad,2.8903717578961645,8.897231050016973,11.110595437357537,0.125,2.9634353574918366,0.5460979709570858,0.5984882734852054,3.3795753715119394,0.0,4.800361011345291,6.4029818110812124,13.507980817201982,1.2659553055395139,4.941302367149601
dfs_05e14d0bdacde1e3,2.5649493574615367,9.717235838046692,11.641767127983346,0.07617728531855955,2.6025927123413037,0.11630847762560163,0.3147807016149129,3.567824309393883,0.0,5.221531067945225,6.890879217606526,13.337502176000209,2.1563374497238987,3.500680386854762
dfs_b9d770bca47db9df,4.219507705176107,9.564649429386892,,0.0,7.15210330154699,2.1567291444257486,0.6048848655322846,3.6756954290543202,2.798549962134293,4.111648330962977,9.082896729749473,13.858505869120126,3.8466654526656625,3.621200448618711
dfs_4e42b92b13761711,5.056245805348308,10.7862797322931,10.614351853901232,0.09732142857142857,3.451894177901322,1.196745353178933,0.4882118471230983,2.9014912171325604,1.987883099137533,0.0,8.502600808827555,13.401539375562166,1.2659553055395139,3.566949180779021
dfs_4639e33b3546aed8,4.574710978503383,11.02220402248395,,0.1443609022556391,5.565550385559454,2.4236404206966835,0.4844912580652158,3.4442537330532454,0.0392241820296735,0.0,9.579542821139121,13.759732485132835,3.119942268016456,2.0148506416228615
dfs_31f6150f6fced7e5,4.1588830833596715,10.118501304927939,11.25101509747592,0.0943089430894309,3.618842887164575,2.2029930675883884,0.6937371116077454,3.843858784840198,2.6220928541330344,0.0,8.496621987826591,13.766306658218081,1.996901660409805,4.6786267150866365
dfs_a3cdfc0d20b8d9fb,2.70805020110221,9.601618855902892,11.094891701186208,0.0,4.373784351415104,2.9581583737454182,0.7832188653504225,3.283911674714544,0.0,4.051152736068241,8.041252375835551,13.094891456111194,2.293814424193674,2.050120628747053
dfs_a56e2fc18b9bc39e,3.8918202981106265,9.564649429386892,,0.0,7.15210330154699,2.1567291444257486,0.6048848655322846,3.6756954290543202,2.798549962134293,4.111648330962977,9.082896729749473,13.858505869120126,3.4518191713062434,4.445125875338232
dfs_74221a2093f9d06f,5.0238805208462765,10.565468912364665,9.896462937599164,0.3064066852367688,3.520364217515748,2.9235200421366603,0.5953205103754187,3.3326852712649444,0.0,4.3132877595992,9.408331005694524,13.386823904715248,0.0,6.304913578847247
dfs_ffefe6cd4175a342,5.135798437050262,10.153884528140091,12.031231043990045,0.04048996257230351,5.9243709097805235,3.529739453743084,0.5443193023639348,3.5803339670264704,0.0,5.288965217735767,8.604776249644004,13.559608766661665,2.1563374497238987,4.1575430064303704
dfs_30b0ccc8c2df9d0e,3.4339872044851463,9.264576573461145,11.510332105117628,0.07226890756302522,2.4730687656491703,0.5108860443997661,0.6835562045335325,3.4940534650447868,0.0,4.410277273921078,7.703476785376831,13.204676735967066,0.8212059263546096,5.023224777943384
dfs_7c4c6a747b28e978,2.3978952727983707,6.145000253148181,,,3.346178624508614,1.1261106636934526,0.6297439470542734,2.9655639693155296,0.0,4.166646909034953,3.6118239847747056,13.476655885595457,1.2659553055395139,5.444287086382829
dfs_5a57a49f036da41c,4.983606621708336,8.554544469596793,11.433243525545334,0.05847953216374269,7.054644597597323,4.251826233626138,0.8903568187029036,3.502597732893101,1.8223406939870326,3.9170339189558865,9.270715933104285,13.733692942740499,3.4913728443217287,4.201403154541516
dfs_e115fb5e40708be4,4.248495242049359,9.996486618046278,10.500261488438484,0.3383177570093458,3.2692959190227944,1.4519569080205978,0.6733674199868931,3.9353312836479746,0.0,5.831608239080931,7.736766689129041,13.724729904350221,1.5727155517124787,4.0670997027549785
dfs_adf95f40e54f57ee,3.295836866004329,9.489458770384912,11.788555198897836,0.030324400564174896,4.438187260733458,0.8095018232940452,0.8233476012349044,3.8515079983560265,2.59783519000961,5.0457741618886605,7.034452941784565,13.806843103872714,0.8212059263546096,3.978616859977267
dfs_86c5d31cf9831dc9,4.143134726391533,9.812632039091804,11.358608104585871,0.21739130434782608,3.036309939988783,2.506835088336251,0.7313254478844714,3.344625048942708,0.0,4.576319652549397,8.345644902787063,13.082336899709974,0.0,6.636626196953358
dfs_870e6b8f4822638f,4.23410650459726,9.908031035922527,11.813037464800539,0.06369426751592357,4.4916422752538345,2.0399295282907928,0.547590646606813,3.6523011515869346,0.07282331150695742,5.391527870402142,8.968373841944564,13.740280417954116,3.22650867441372,3.209374396963328
dfs_1ea85acd234d1a7e,3.784189633918261,10.23273163297988,,0.013513513513513514,3.796719889999832,2.0269784730378313,0.7740938057350473,3.4265083206850555,0.0,4.564619646577735,7.900640518693964,13.607804729438902,1.5727155517124787,4.078958048462358
dfs_85488a395f96281e,4.9344739331306915,8.403629636646475,11.775297421715827,0.1487603305785124,7.2493111678464786,3.3841614478955204,0.6119310809677918,3.3327944199021515,1.6594944339666235,0.0,9.15195120616482,13.777312202025714,3.4913728443217287,4.668788712413578
dfs_3dbc5cc63740ba78,2.772588722239781,9.99552161506336,10.904634006310749,0.06235565819861432,1.9882880727118202,0.71073965973066,0.9410632206977654,3.4099867578198393,0.0,5.3118527478829085,6.553990359066235,12.964150457842274,0.8212059263546096,6.095155142291733
dfs_8ab0ff0b69720682,4.3694478524670215,10.076670079850674,,0.16257668711656442,5.951555210290123,2.372299042941958,0.6636338047073671,3.384446628978058,1.5412633641683093,4.061879684187877,9.882294647287472,13.650681904282544,3.174644349887469,4.2615199349165955
dfs_32b1b001ca96eac5,4.532599493153256,9.2099891033099,10.68434794707383,0.09900990099009901,4.627287623121323,2.428214243175518,0.8644089409486961,3.2283046432735745,0.12030246687724604,4.89843647061219,7.832669933222492,13.671648270652781,3.6014327256248992,1.7086525277379165
dfs_9a23deaad63114e2,4.499809670330265,8.893804492139774,12.429224196812383,0.0,6.9468278000735,2.515903281652096,0.6177876443954804,3.761475864333623,1.8043084034806594,5.319698583798728,8.395885425256497,13.565610985445597,3.6014327256248992,4.762339450624705
dfs_e170236ca685bc24,4.31748811353631,10.787456983100938,10.793085172154122,0.08048289738430583,2.258482799861294,1.7743284979165272,0.650531560545499,3.476540931198496,0.0,5.004729927218398,8.26268182703242,13.318462913747169,1.807133707454955,3.857953774988702
dfs_f9fa68cd71058463,4.0943445622221,10.782958168704495,12.287081040623638,0.046228710462287104,4.110329891652565,2.0332399593842982,0.5943457365537963,3.625947601405003,0.0,4.257779699962894,9.631154285628696,13.266183162544618,2.6197576726867497,4.397681556484445
dfs_8468b95ed9198204,4.709530201312334,9.662710466234882,11.66629869980829,0.040697674418604654,7.405952455737231,3.2581464723811995,0.6759401581693133,3.5637683391986146,1.0608486804709338,3.8596034749659283,9.56249633427854,13.84182819095692,3.997761355241824,0.8734387671386208
dfs_aabf99911726a4bf,2.5649493574615367,6.379065923771364,,0.0,3.1092958255193386,2.4541927502193803,0.8303220885922638,3.349862250906147,2.213298396605888,4.237281510372564,5.264660404795732,13.133222206339202,1.807133707454955,5.093620761271362
dfs_d2cc6bcdb3eb2aa8,4.204692619390966,10.711450149478004,11.583821856945308,0.0,4.312778065372651,2.535961294916461,0.7796546228232948,3.6728085298851507,0.0,0.0,9.404563305573298,13.662049307092914,2.8651744031446778,3.840775402410599
dfs_d4e2c1ca36c70423,4.465908118654584,5.851387762511735,,0.0,6.998911988158418,4.611838875032824,0.8132780189664125,3.526212893730343,0.0,4.109613683755075,9.01680864259625,13.765641512011134,4.065529698164491,3.4984643100148727
dfs_0c88888b2060b9d1,4.04305126783455,10.278795795655899,,0.04938271604938271,4.375499779601014,2.1605196510571707,0.8186838800138573,2.8931480558475458,0.0,0.0,9.882441681269034,13.559829610298165,2.8651744031446778,4.926166256680714
dfs_01a3b16adae1c3c0,4.787491742782046,9.71072987735938,12.174829625790242,0.012154696132596685,6.752448812899181,3.9354373647504084,0.8627802398956875,3.3536548166924955,1.072695016844224,4.178469032125125,8.589279094286844,13.567791230983994,3.4518191713062434,3.7446295443911986
dfs_e438ec0659b58775,4.219507705176107,9.323108608200773,,0.0335195530726257,4.977115849136945,2.3063271028155823,0.5064714708640878,3.6014265634543063,2.4312711126257387,3.5791576559374305,9.020434389582928,13.6860770432715,3.22650867441372,4.31113447232083
dfs_6b543db9445d9296,2.4849066497880004,9.58914350436277,11.742718857002318,0.0625,4.780853323391498,2.275329723445248,0.791300276776222,4.017549333853467,0.0,5.756652288414767,8.67856765999838,13.446029681247984,2.8651744031446778,4.270873397886625
dfs_23d319816b763f6a,3.1780538303479458,10.694884918884565,11.147743005961724,0.011612903225806452,3.6138955831914905,3.072236517012372,0.7728129202034062,2.958271318798208,0.0,4.2079638453297115,8.182239110681381,12.963684125723342,2.6197576726867497,4.011186519474764
dfs_78320a8f4c4dce78,5.968707559985366,6.544704608931094,11.4213692302888,0.2727272727272727,7.102285406624366,4.386937893794496,0.9013993158765462,3.3524942346128275,1.8346741896849987,0.0,9.491911239501107,13.881192487661062,3.5660751120561667,4.6545375283183485
dfs_dec38bafd565ff9f,2.0794415416798357,8.845439836926808,11.401423909444526,0.07905138339920949,2.8841828752428307,0.7470672247166129,0.3931364548857577,3.2445211903661764,0.0,5.100737392033264,6.205267767911798,13.048589810869277,1.807133707454955,5.412178158237974
dfs_729022a8811ba8ac,1.791759469228055,8.506687066033937,12.241246720537827,0.007853403141361256,1.6838168741899215,0.18750954234359313,0.7232968459294453,3.2202316526588137,0.0,4.723034504757054,5.953972020178475,13.41624419785884,1.5727155517124787,3.689373282740818
dfs_dac4b3ce76b3323a,4.969813299576001,10.066441551978004,11.71129260018265,0.005399568034557235,,,,,,,,,3.66860496723193,2.9232883655815103
dfs_93156cbf0e78f46f,4.330733340286331,6.736251065457,12.429224196812383,0.18840579710144928,,,,,,,,,3.174644349887469,3.4830206921180342
dfs_317ce0fe7b7815d0,4.23410650459726,9.693089159500325,,0.16037735849056603,6.7967900856432895,2.7956156655022566,0.3029047421473616,3.8615453556311006,2.267249753563501,5.529760092603652,9.496996844357463,13.616143345931693,2.8651744031446778,4.523102887986736
dfs_170517f86aef67cc,3.7376696182833684,10.07567872639143,12.178115460015547,0.0642504118616145,4.257674818335747,2.70749259170407,0.7618924212791691,3.507390556130442,2.434306665675309,0.0,9.071712425064208,13.579260236981087,2.293814424193674,5.6324366219672415
dfs_31059fb01484a987,4.7535901911063645,10.202586520531668,12.429224196812383,0.0,5.823147515304215,4.568039051146446,0.8658071461766992,3.5533199510875684,0.0,5.532679247536597,9.554941568330776,13.604942601351844,3.529421369656171,3.7814108210278694
dfs_d5ab581ddb78f109,4.532599493153256,0.0,,,2.8920843168142523,1.8356509918074264,0.8116124769498793,3.1045349156845155,0.0,4.398550996339114,8.81958648359264,13.49640248781264,1.807133707454955,4.201495438250478
dfs_c9f8d2da2090162a,3.2188758248682006,9.200654879072168,10.616486378798674,0.02247191011235955,1.5956918350138511,0.7369335463908633,0.8326831654596505,3.2678584749697026,0.0,4.404955733484921,6.745091448505546,13.480394401450663,0.0,6.607788648132539
dfs_f314fd107340ac49,4.406719247264253,9.996029588035487,12.261294463155368,0.03198031980319803,3.286909955189425,0.8063813575531845,0.8372759246767633,3.6302378371231288,0.0,4.996991043322709,9.525902919554001,13.522269060507256,2.4146555189783867,2.7055376479331
dfs_048df32835ed2730,2.772588722239781,9.344475477888158,11.15550738783355,0.10270270270270271,2.25219349128597,1.7538396864658201,0.7819091290174971,2.6810358667866456,0.0,3.4919915958207373,6.3419517289179606,13.557793677658383,0.8212059263546096,4.099809887169065
dfs_88fb90671f26fae8,2.8903717578961645,10.128584776459546,11.4796995470716,0.01981230448383733,,,,,,,,,2.1563374497238987,4.879258141817753
dfs_1c971fab0c057ed6,4.762173934797756,10.066441551978004,11.71129260018265,0.005399568034557235,,,,,,,,,3.7005714823508122,2.9232883655815103
dfs_358893485986dd30,3.044522437723423,10.246419357878239,11.520248585350009,0.040257648953301126,1.928115733409801,1.09595801104086,0.8465910741130834,3.4200084393427,0.0,5.009181307747274,8.005380340248264,13.039405591683007,1.2659553055395139,3.229109380981614
dfs_92235fdce105a703,0.6931471805599453,7.301502986475572,11.221850978115445,0.16152897657213316,3.1325910460137356,2.8173919657144033,0.5345922360428029,3.1649551742659985,1.464713422360483,4.5893215382245085,5.0645486604788434,12.917214447379001,1.5727155517124787,6.188700015255017
dfs_070ccf45086fd13e,4.127134385045092,10.251848124036274,,0.11614401858304298,2.273964921267731,1.810658905838538,0.7011236167648074,3.582301395883672,0.0,5.08888100972034,7.385671612698012,13.24019263421472,0.8212059263546096,4.58180804107087
dfs_e15bb8f95c7b94a4,3.7612001156935624,10.620402687978727,11.969533522831421,0.05198358413132695,,,,,,,,,0.8212059263546096,4.439660072665118
dfs_e0a2fdfc76492dc4,1.3862943611198906,8.729346298382538,11.793560263618064,0.0,2.182767631997558,1.509111236832839,0.8102668801889522,3.2561400899941892,0.0,5.17692146098915,6.158375964117102,12.453744893562257,1.996901660409805,3.82726354976461
dfs_7b610871ce7c09cb,2.639057329615259,8.208945943873607,11.758597337264945,0.019464720194647202,2.233069138749846,0.3456184659655952,0.7372843117263358,3.4403632973616762,1.7772772864109836,4.5872035336295625,6.316790697840201,13.261485114892064,1.2659553055395139,4.401263615348542
dfs_8faaf0ab76f3fcfb,4.174387269895637,9.758702149705702,12.066298953085983,0.040325564187939325,5.543364831391374,0.5052362585889871,0.25898524057742006,3.676096745457264,1.610852502105081,4.044933594034651,8.317757532685489,13.811420203860221,0.8212059263546096,5.935878446469903
dfs_6f4ccfb3a87cf6e3,2.302585092994046,8.64177825045305,11.47981325685335,0.0,4.942078954410411,1.416916693060726,0.18719961613278333,3.353969325228214,0.0,5.076120849281292,6.111137787255082,13.773437781542366,1.2659553055395139,4.976943076618679
dfs_7aab1e6eabb5a6a0,4.248495242049359,11.02030319135877,11.684784142914062,0.0,5.029194657367783,1.953562079735151,0.6710373438105084,3.0076036715005774,2.1384446937725827,0.0,9.936198088628913,13.580219776880675,3.0620738268031755,1.8104657669638489
dfs_cf42e5e7145d7360,4.04305126783455,10.664405146153886,11.214735039333107,0.0523590333716916,3.0674288938899235,2.6110480355313332,0.665247454653075,3.0294166977992125,0.0,4.795856809593383,8.355067033742921,13.226770238478139,2.1563374497238987,3.760011831745346
dfs_7d0e34335b5cf4b3,3.4339872044851463,8.893244649769672,12.311504158667619,0.006564551422319475,6.962144054788186,2.8766408324278117,0.6771938505199872,3.7641449476858257,2.3144446665689506,5.2539574970313625,8.122351972977484,13.649494933914191,3.119942268016456,4.660030558267014
dfs_32ee8e96cc8cbce7,4.543294782270004,9.354827642522489,12.429224196812383,0.008298755186721992,6.622585818354012,3.792116483438633,0.7589352347707612,3.5463894428916753,2.0464515841789175,4.2055489385301215,10.465935818219167,13.755459021902825,3.9498886044713344,4.387991289252124
dfs_1f50e36bc0227952,4.110873864173311,10.176752326804191,,0.004098360655737705,5.413219973549394,3.5441129877187234,0.5774955797533525,3.729847147115391,1.5615348403043172,0.0,10.116485646422419,13.709335266021938,3.174644349887469,4.148325136563703
dfs_bff8237d122ca3a6,3.5263605246161616,9.324402694583862,11.870858617033038,0.02635431918008785,3.7723713382815904,2.72821346657529,0.857037201020794,3.5921865661091514,0.0,4.939641721879113,7.485001439837143,13.572478025625509,2.6197576726867497,3.1797662916234035
dfs_beb75e69e7a63e0b,4.23410650459726,10.426711449228826,10.718254842205894,0.0,3.0390205144096516,2.1803331650480673,0.8319528312054275,3.3984421286647324,0.0,5.126643437848126,8.586611801340519,13.290744888339585,1.5727155517124787,4.160893406585262
dfs_cef7e94b0b2c38e7,4.007333185232471,8.979774346379592,10.697972167001991,0.0,3.1573144766454972,2.3830907020546723,0.7772162186556255,3.667418166218136,0.0,5.611451210537541,7.4177460781790465,13.581087380174825,1.5727155517124787,5.08669150048732
dfs_076df237776af954,3.4339872044851463,8.806616778587072,11.174553424864646,0.07096774193548387,3.6827310454927256,2.6016028739488677,0.8612398812678358,3.6197945231496815,0.8392409442867744,4.969191327341864,7.590455134100662,13.272547343070393,1.2659553055395139,5.892825592722807
dfs_6ed1c3b36ed28238,5.056245805348308,9.855468597150326,,0.12222222222222222,5.572639451721616,3.4447671984186683,0.7795537364952376,3.6261796311091046,0.31016981030531854,5.225520287168398,9.552543600773596,13.525033917676005,3.4106363451196224,3.755055360904582
dfs_4caf430d57f2836a,2.639057329615259,9.188016391839314,11.9093094643422,0.08710801393728224,2.0635560492402827,0.7409453285079503,0.8622168826264356,3.550647108019878,0.0,5.443421888907494,6.325763407931313,12.529238891650525,1.2659553055395139,4.8296731848477545
dfs_258542f50a0dc9c0,1.3862943611198906,8.743992304462944,11.294246930615177,0.06811594202898551,2.1453104227337216,0.6993215594923252,0.9096370062224582,3.3909099822794455,0.0,5.109509122431193,6.901142653758907,13.008320837363653,1.807133707454955,5.409018340504425
dfs_efbcad571bf5655d,2.5649493574615367,9.504572014300765,11.215691249044829,0.03718728870858688,2.14482385537787,1.2146848507358974,0.8864456053500901,3.226991887028471,0.0,4.635728178079868,7.500477704187341,13.432730683154482,0.8212059263546096,3.941340653305804
dfs_25f8564c60884b48,2.3978952727983707,9.543202803769697,11.157078749384256,0.1984126984126984,2.776484734376618,1.837194607752712,0.7688034461200293,3.3401951209936747,0.0,3.4354726816464574,7.521810934681543,13.047480335731045,0.8212059263546096,4.081501645080846
dfs_429f259481a4c0de,4.060443010546419,11.553974955835537,11.15146767285506,0.18828451882845187,2.5890354077795594,1.1881211620792345,0.8209571224793694,2.7935578804596335,0.0,4.873848154735764,8.535759109950344,13.615487652640779,1.2659553055395139,4.055795667972503
dfs_b8fc9538fdfbc660,3.784189633918261,9.7920455780637,11.955210971883275,0.0984009840098401,2.3856090664502707,0.766488733596266,0.8743081449420192,3.523509629274673,0.0,4.534486775544261,7.688151846455103,13.229598534822772,2.293814424193674,3.4395773703226857
dfs_83887af8c6f4b464,3.1354942159291497,9.71589354072036,12.096040121908695,0.20574162679425836,0.8659322046248783,0.07575508197928763,0.912624042555589,3.4402272552920805,0.0,4.536601948795624,7.783948903308647,13.309052051113309,0.8212059263546096,6.1799424152315945
dfs_4af1312873e3d65f,4.02535169073515,10.480867697033007,10.276945864509205,0.03762376237623762,3.738759571962764,2.1822147624228347,0.7233733990544614,3.33325504725147,0.0,4.527540595346038,7.379499539075656,13.096317099021691,2.293814424193674,3.8914308975053262
dfs_bfa5c9b131692c44,3.4339872044851463,9.47561181933882,11.444046872667448,0.02288329519450801,4.119980288911468,2.6010440463873503,0.7898221447225314,3.604547446376448,0.0,4.627890639269155,8.560913086992354,13.010962432810647,2.293814424193674,0.0
dfs_69ed0d4e889d5768,4.07753744390572,9.820745710868623,11.198721441040869,0.0,2.6168587608645537,2.2310431986413746,0.5959112459450976,2.946289962453913,0.0,4.084983403032973,8.000177955253708,13.033188935402713,0.8212059263546096,5.550077923938175
dfs_fdd0d80eb2472419,3.4339872044851463,9.955271475407146,11.149542357241431,0.04120879120879121,2.2869949195515056,1.4389995564995928,0.6257378720945621,3.704611180629874,0.0,4.7855078358775245,7.597613703106251,13.46943212926735,0.8212059263546096,6.026994080235384
dfs_b40510abadc10422,3.332204510175204,9.136725770121462,,0.010752688172043012,2.6060161576060517,1.6261795444802223,0.8747158333742285,3.264261255827969,0.0,4.39471021428857,6.391287237786224,12.915243262407964,1.2659553055395139,3.245076415111518
dfs_5c5c236d1c0a8553,4.941642422609304,9.841041142692085,11.38368200884907,0.029748283752860413,2.2557734442879127,1.405480138393718,0.8211814573214455,3.677666405715029,0.0,5.475387950964515,7.956304860873814,13.709802204039955,1.5727155517124787,3.9358335425588233
dfs_cadccf3f83fd3d31,4.709530201312334,0.0,,,7.307631960417874,4.968043972491383,0.750825465540471,3.587525079039738,0.0,4.632307622927234,9.27641498792517,13.819083168584296,3.9250644399271866,3.065928350498611
dfs_17726443ee2c58cb,3.9318256327243257,11.218307959441562,12.322761749728329,0.01439162668992586,6.2637174828852435,2.8699820686976185,0.7044066449406793,3.89343777496833,1.9336054720097078,5.858907670572716,9.046036808778346,13.680531260488387,2.789868226539849,5.152096693442219
dfs_6055c6ec19230262,5.429345628954441,8.288944219421792,10.102707195730964,0.11904761904761904,7.789873534417853,4.732439084878656,0.7545697319490239,3.4567572565065223,0.0006624198967019077,4.483866097192054,10.165159866280156,13.682838224813905,3.3676843746371405,5.33442941706109
dfs_892ef7d812392763,5.056245805348308,10.4882080070165,12.429224196812383,0.028716216216216218,5.296947602701789,3.14239520704778,0.8363357485554772,3.649275075235554,0.0,3.936091391780218,9.703332357184294,13.53065648295554,2.7084257966964724,4.8190302254832265
dfs_7cb5659b5a215678,4.795790545596741,10.574983598795122,,0.10028929604628736,,,,,,,,,1.996901660409805,5.343968716212501
dfs_54ce1fd5444004cd,2.639057329615259,10.438187434715564,10.461244470986552,0.0,3.7417499411847843,2.1898792495067934,0.7571319494791352,3.6172478012436207,0.0,4.2430452671075,7.289374846159744,13.07354071270676,2.9352045584387274,3.0477379043559303
dfs_e437803864d27387,4.356708826689592,10.529358610311261,11.551472874582467,0.0,4.802330220832712,2.7172854015523638,0.7823563820820753,3.623245390655153,1.9339547922802904,0.0,9.871216889897998,13.608079171557028,3.22650867441372,2.9794093123313377
dfs_890a43b1171c26cb,5.176149732573829,10.153884528140091,12.031231043990045,0.04048996257230351,5.9243709097805235,3.529739453743084,0.5443193023639348,3.5803339670264704,0.0,5.288965217735767,8.604776249644004,13.559608766661665,2.293814424193674,5.382451742836564
dfs_32d1d7ac35653dc6,4.3694478524670215,8.979495572130084,10.878745062174133,0.07947019867549669,3.3330894948591285,1.741547003109444,0.8453672129654806,3.4201340417526382,0.0,5.467403470145671,9.00259323219042,13.536940180980906,1.2659553055395139,2.9321374541149337
dfs_5b75c69df6d08599,3.8066624897703196,10.739192286496365,11.274922050748994,0.09040590405904059,,,,,,,,,0.0,6.261171250570743
dfs_12575b659bb893ea,4.499809670330265,9.934561144585928,10.987426038970444,0.06485671191553545,5.666324671167185,3.2022361366501406,0.830926675107132,3.3306956816866373,0.0,4.697369959343955,9.134401602408696,13.636475993088567,3.3228044116247886,2.534764069378118
dfs_df15edee711d0e3a,4.406719247264253,5.4481961339966505,,0.0,6.085272370960391,4.062797153041002,0.8176862988899157,3.302375129200046,0.06792259243385314,4.680335492087913,8.642012792407048,13.627031683738132,3.529421369656171,4.6578667579396935
dfs_9a7e0504755ee1a4,4.2626798770413155,11.61715576051729,10.687982527555349,0.2261904761904762,3.042951843436854,1.0135424712249137,0.8266742012437421,3.593383019325406,0.0,4.550345736847935,9.139440864630505,13.47525156060614,0.0,6.4005689672010915
dfs_a6ea8c3a031f61b1,4.04305126783455,10.268583107539973,11.090705779538261,0.008620689655172414,3.117296112408932,1.551101337988383,0.8966756717431669,3.333035129881026,0.0,3.8446758898282116,7.029524076950888,13.099815064159978,2.1563374497238987,3.489367626699853
dfs_23be329fdb286896,5.147494476813453,10.739701791578314,,0.014462809917355372,3.5943591762670892,2.2774639766721734,0.6350868163696183,3.2848794780040675,0.0,3.738981872272907,8.887903693205876,13.380226758846405,2.293814424193674,5.287988214432317
dfs_4dd444c89d42294e,4.948759890378168,10.403023590298085,11.303992956749982,0.09263657957244656,2.696080985408644,1.8761944831391233,0.8498204243325227,3.278830705314192,0.0,4.474385673616983,7.965559936624058,13.557593091817647,1.2659553055395139,0.7469205932922477
dfs_09d28d0cec63437b,4.1588830833596715,9.54347075670286,11.640218690627604,0.0,2.9361144698948283,1.3019268380679823,0.6918919666151897,3.3244350856282496,0.0,4.746599791743063,8.733210471877854,13.057890987413378,0.0,6.58608235378639
dfs_3307f067ef02591f,1.3862943611198906,8.432241303861812,11.581994333569327,0.023445463812436288,2.798089293814255,1.7388843842101636,0.7796247715574258,3.3533369756350675,0.0,4.912969288134832,5.9967188307690265,12.779957571929287,1.2659553055395139,5.920664872867408
dfs_dcadbbf8f740a476,3.970291913552122,9.860251094012106,11.374628449066137,0.042268041237113405,2.2823492009501285,1.1831440408443874,0.7843514339607575,3.1266400563196055,0.0,3.747389708813732,8.014318245767479,13.47301602365646,0.8212059263546096,4.943562108709255
dfs_c11abb5808c799ee,2.70805020110221,10.173319966143714,10.650720375249316,0.3562874251497006,3.7729682671394604,0.8735911938112086,0.5719238477117693,3.1836215639980407,0.0,4.244221064439263,7.608877282383412,13.105575241958618,3.119942268016456,3.4566949425481437
dfs_0cc3bccbabd0a2a4,2.833213344056216,8.85383916702493,12.077636819853943,0.04649042844120328,2.2864760790874405,0.547768440950601,0.7085432820641221,3.0021915365040877,0.0,4.781553037825662,6.042937625596777,12.996146879867124,0.0,6.705752102967916
dfs_ef5b1ff4bc657077,4.290459441148391,10.913205189376182,12.429224196812383,0.0,4.402387608340039,0.9950946731964185,0.4868587954211334,3.1215832693017993,0.0,4.701560043014766,9.04063794021423,13.324410761159772,2.4146555189783867,3.7264216425991714
dfs_0a36821423d81c47,0.0,8.764041126582283,11.17729887069272,0.04777415852334419,0.8375256146479784,0.28755770512290546,0.8778771406113052,2.8416621886581366,1.3395894190916204,4.463527290880336,3.8832042231841477,12.614513322239867,0.0,7.486470102726922
dfs_3cf2c8d716644710,5.700443573390686,10.154265659977325,12.209277504479084,0.08036529680365297,6.3376792879443675,3.0083849182672306,0.8338374732418006,3.5079181943553586,0.0,3.739491985294608,9.896188857938032,13.919415514810156,3.7315477135942685,3.9979486114616494
dfs_10dd0a64ece0db4e,2.4849066497880004,9.679352856935884,10.596659732783579,0.04296875,4.2358616998334835,2.6767855555763034,0.6794736553363534,3.6955256959267015,0.0,5.216975633392372,7.216114158854171,13.080390721126678,2.9352045584387274,4.096821715088351
dfs_083cd29cacbfadd7,1.791759469228055,8.743992304462944,11.294246930615177,0.06811594202898551,2.1453104227337216,0.6993215594923252,0.9096370062224582,3.3909099822794455,0.0,5.109509122431193,6.901142653758907,13.008320837363653,1.5727155517124787,4.695563770231876
dfs_2611ef654155d613,4.48863636973214,10.295775791069573,11.348734550248555,0.0940254652301665,3.247219610249804,2.4800924772062567,0.7457188782536339,2.8180021516856155,0.0,4.623153917432734,8.201149896394272,13.708783553530232,0.0,6.665000416529811
dfs_4c1c1344e4d1cb75,3.295836866004329,9.920757740891672,10.75329654310945,0.03376205787781351,3.684406591143613,3.406965447465834,0.4955643248557397,3.1696226962077643,0.0,5.061562612660273,8.168880497839693,12.939973018243546,2.293814424193674,4.516763916859389
dfs_cb2ebcc59591462c,2.70805020110221,8.89121895838871,11.613612074928163,0.05,2.3719911984826028,0.3590321588770847,0.8957034676496821,3.4155609903047797,0.0,5.339356819726195,7.0891776861622064,13.522329393181641,1.5727155517124787,4.950118580588792
dfs_cbf566ff84b65560,3.6375861597263857,9.324402694583862,11.870858617033038,0.02635431918008785,3.7723713382815904,2.72821346657529,0.857037201020794,3.5921865661091514,0.0,4.939641721879113,7.485001439837143,13.572478025625509,2.7084257966964724,4.931940888854519
dfs_622dfa0666e3cdf6,5.247024072160486,10.824317000439551,10.300920488947028,0.08482142857142858,3.0531615772188494,2.3018600782261407,0.8387445912170021,3.746176541899425,0.0,5.521358137446623,8.611185637871204,13.334517161838868,2.4146555189783867,2.8692269427133508
dfs_b7b84d0125c1a3e6,5.225746673713202,9.149223981251065,12.009151024608384,0.06891271056661562,7.383076572378626,2.4370764265680203,0.45043977592357853,3.901577724107426,0.276257574244883,5.826674966596204,8.481001920571858,13.568114016161735,3.22650867441372,3.535565005180532
dfs_cfccabb7e78c93c0,4.9344739331306915,9.947300938429834,11.311616788263537,0.01348314606741573,7.12573065630007,2.197589453915631,0.7646755641339724,3.1920360877337153,0.7918053084717013,0.0,9.226791420600108,13.625400348207059,2.8651744031446778,4.0401491216892405
dfs_d79828ac0218e97f,4.343805421853684,9.516169112521277,10.975516275221215,0.0,3.301763082039986,0.9598612367740418,0.5325115993511139,3.688887274657553,0.13334231521924417,5.092433539904242,7.713704571309464,13.385376661981928,0.8212059263546096,5.6682171256871925
dfs_2dceff3df419a603,2.639057329615259,9.256676720742453,11.455677635368104,0.059748427672955975,2.859735129287919,0.08963183779000478,0.5623789807730747,3.2580397659693103,0.005146761988383873,4.949058747437271,6.347618373072076,13.531297129472172,1.807133707454955,5.120324050553715
dfs_b316ff016ccb509c,1.6094379124341003,9.629035547019106,11.739407437549838,0.0392156862745098,,,,,,,,,1.807133707454955,3.5299618019820773
dfs_76149c340431753f,4.962844630259907,9.285501186109391,12.429224196812383,0.03545051698670606,6.691485484122061,4.757226350018008,0.878024410524374,3.8343090743009904,0.0,6.208493695145907,9.399807710648792,13.57842020051744,3.5660751120561667,3.4775160283960904
dfs_497afeecaceb60db,4.23410650459726,6.736251065457,12.429224196812383,0.18840579710144928,7.218876027522499,2.555187009298325,0.4919252406684339,3.889843299001871,0.35695118345902344,5.704286210637073,8.682363528150137,13.562739927077676,2.8651744031446778,5.454954892603436
dfs_76e8669e5664565b,1.3862943611198906,8.542944483507389,11.854626862808454,0.21653084982537835,1.9176602440013573,0.27453553403158526,0.8328892626390428,3.07631630957818,0.0,5.125795664045497,3.6426709887698303,12.911975623878796,0.0,8.202323357173677
dfs_f42c241cb8261839,5.966146739123692,7.0379396444192395,11.922555222209168,0.0,7.434867685767489,5.3143429531040365,0.8817944755033347,3.265347396466099,2.1245474954120827,2.756068646061024,9.571561144209412,13.698197786716248,3.7315477135942685,4.194754293141118
dfs_3a5d7b787b2f1c86,3.6109179126442243,9.60753028917408,11.733577916069146,0.13333333333333333,3.9479377619100906,2.4269697114822164,0.6864731200949044,3.5990316860874607,0.0,4.631390881261162,8.059447386876373,13.405012807328035,2.4146555189783867,4.1544391686036075
dfs_d12950ceeebbdd04,3.8712010109078907,10.232433201509664,10.515316211918485,0.0,3.6030038226092964,3.078567303692185,0.6235607162038437,3.80430299700507,0.0,5.574743830255334,9.131103695394707,13.413328554565025,1.807133707454955,4.866334575884637
dfs_219b1655832e8f5b,3.7612001156935624,9.577562021603589,11.697502808895521,0.11693989071038251,2.7584657509073596,1.1542465986873272,0.9216658021469915,3.1733324078389877,0.0,4.016450231359968,7.623099221931849,13.422064925680312,2.8651744031446778,4.2080514895579295
dfs_8a4e7fa5e3c17e06,2.70805020110221,10.422003403388855,11.610950139017358,0.05678793256433008,2.776982475234432,0.7562553528059955,0.7102751009872202,2.9866583885381144,0.0,3.8964108695328816,7.522660713148367,13.705329553507994,2.7084257966964724,3.9203635627715605
dfs_9ff14ffc027de13f,4.5217885770490405,10.04264589979298,11.818717556594327,0.0955794504181601,3.0358244716228895,0.9523595812717438,0.5286890226058313,3.5081882343509383,0.0,5.033811625532116,8.172716193305968,13.519801690144863,0.8212059263546096,4.50525514578348
dfs_984d24e0faa605bd,2.8903717578961645,10.015103217196579,10.604900477513105,0.04081632653061224,3.6597290447031314,1.9435532759631875,0.7376636917753876,3.402967629682487,0.0,4.751471798398508,7.7005690985194715,12.937950034350157,2.1563374497238987,3.808567830082113
dfs_b6968c10c0da811e,4.477336814478207,8.277199575540198,11.986404298691774,0.14285714285714285,6.76210126578141,2.305263014972481,0.6040334286533122,3.6762673869528824,0.0,4.788464065320435,9.592356588525734,13.784290236163267,4.087135624454778,2.975076225737213
dfs_bd0ea331f63925a6,4.941642422609304,9.932390890431925,12.298856910623504,0.0756234915526951,7.3186503871562465,3.155832838233634,0.5231554471572339,3.3999153644246762,2.5479489335340477,0.0,9.467248065075633,13.645402906817823,3.3676843746371405,4.687754039084913
dfs_47cce3117ef1a618,3.4011973816621555,10.958008508120828,11.231874690116287,0.009221311475409836,1.327901866454574,0.0,0.6364309202140607,3.341401854228186,0.0,5.0455523813876715,8.122904562184914,13.819247566641183,0.8212059263546096,6.214763472348998
dfs_fe68d1ada39c9408,4.634728988229636,10.07295320405854,12.069685751267224,0.0,7.168295158643323,2.5306285959305015,0.6277928025256241,3.725718186922117,2.2351335915421844,4.833955653490345,9.986984023148924,13.913873346541177,3.997761355241824,3.040959476919519
dfs_79cd96c75f925a4d,4.51085950651685,10.57769929288202,11.156507630833081,0.02592912705272256,2.771285597579056,2.242860553745403,0.7047002315222441,2.758693269062263,0.0,4.055704674628195,7.9506051188669415,13.627824638671168,1.5727155517124787,4.778156298784869
dfs_2ef5ecaa1de0b3d9,3.258096538021482,9.753339801765735,11.498948237039368,0.017713365539452495,4.291244552262245,1.7602432137661121,0.33518068930127326,3.361479722909037,0.0,4.577562832042226,8.243793300675009,12.924985033976146,2.8651744031446778,4.166842354939151
dfs_19dc28be3ece1984,2.5649493574615367,9.010333960302521,11.536720113535946,0.0,2.7319051461666013,2.3104193009654637,0.6387646698772408,3.4214718622611495,1.7162111866675394,4.510823293208175,6.820589100566294,13.511754657595013,0.0,6.2949630100219025
dfs_388bfc59bf74c0db,2.8903717578961645,8.302764269265554,11.004197639286383,0.009966777408637873,2.167765871839535,1.0643735414350821,0.9010652822123828,3.3828799613687157,0.0,4.99658145576455,6.056865455499935,12.863255804156532,1.2659553055395139,4.658198200841187
dfs_84ec40d5c582711b,4.1588830833596715,9.063588455438445,11.688532865511437,0.050505050505050504,2.5801179420460447,1.0008566917662391,0.8162923797457612,3.9328642244978163,2.9922359960130662,4.693819163222408,7.269867853789182,13.712662439148298,2.293814424193674,5.649163580827496
dfs_0caf18f4d630c483,4.290459441148391,9.441418950319182,12.135596531725849,0.06179775280898876,7.1674296480381265,3.037959626315032,0.6967525928383413,3.6045573429957227,1.3978712228661296,4.13300514897262,8.854774002360383,13.885176536197378,4.065529698164491,4.126328187782586
dfs_9afe38f7cb57ef07,2.3978952727983707,8.209752734577798,11.410028578750374,0.07191780821917808,1.8742787827692282,0.0,0.30403106277726044,3.385998748251499,0.0,4.583273211687566,6.46979378864168,12.786552122286704,2.293814424193674,3.685860449653747
dfs_408b258925d30369,2.9444389791664403,9.424895454043051,11.101205838074172,0.032225579053373615,2.7072367156121007,0.5125437065048996,0.7597099276852861,3.3079546063161933,0.17229400427324565,4.824963854634813,6.204892505531972,13.503978317965625,1.5727155517124787,4.013400970389591
dfs_fec76f7b69fc6285,4.394449154672439,9.354827642522489,12.429224196812383,0.008298755186721992,6.622585818354012,3.792116483438633,0.7589352347707612,3.5463894428916753,2.0464515841789175,4.2055489385301215,10.465935818219167,13.755459021902825,3.7907621809913215,3.205330455573669
dfs_5758affb9e0fe4b6,4.394449154672439,10.630237235339036,11.70652485393573,0.06557377049180328,6.141756391081469,4.452247863199179,0.759889457409523,3.4697608615678357,2.5999775611856837,0.0,9.830137548149171,13.741649786023293,4.043446627710712,3.820767503682535
dfs_5fb8cf774bd1d259,4.6443908991413725,10.088006216012904,11.391367814409831,0.04978038067349927,3.864710301008259,3.07046645201084,0.7823528106148119,3.8310736215260186,0.0,5.216676409718539,8.740180402292317,13.548425568387081,2.5224557664912224,4.214369753804446
dfs_53b8b38e36240bbd,3.044522437723423,8.554450752439008,11.43994608648425,0.017271157167530225,1.2745592743393996,0.19061038008387962,0.8731508272689861,3.679677706745428,1.5429117329100652,4.671904203879111,6.375772418723766,13.513085675722346,1.5727155517124787,4.99644856832841
dfs_393110fe6566311d,4.07753744390572,9.499975351998762,11.254245405477397,0.06852791878172589,1.5073620276472002,0.8255704471293275,0.8913392432892969,3.417604098269195,2.298362483691881,4.625812613764188,7.216932672726716,13.429609813475636,1.5727155517124787,3.410875815665068
dfs_12fba9086478946c,4.653960350157523,9.922439379556032,11.107960231903714,0.05268389662027833,4.423497605009977,2.0606264249867725,0.674137149006721,3.3516573432658974,0.0,5.0226872538083125,8.24008093449934,13.505976800330345,2.1563374497238987,4.139451476556792
dfs_f561b46ae3c94619,4.02535169073515,10.247354591478308,11.1887038817275,0.03735325506937033,2.1275129965080137,1.3010639612205117,0.8629177201214869,3.4528546851390702,0.0,4.901706067241609,6.915938989944267,13.35183883979157,0.8212059263546096,4.472702681151135
dfs_8df06aa925f43934,4.248495242049359,10.184896528142387,11.169772964992372,0.06842539159109645,4.3539722059396135,1.611685902808102,0.766559797875434,3.504865834801005,2.536343240283901,2.916293363182448,7.631351269090183,13.583529319079725,1.996901660409805,3.474345889569039
dfs_e36c95a2e5929707,1.9459101490553132,9.486939028509493,11.403601549855479,0.10930735930735931,1.8778667626183099,0.8205870242139943,0.892173491516494,3.6272932901335926,2.1017053146136,5.236136081497354,6.432893599552279,13.595718882831404,0.0,6.821328092833282
dfs_487271c4efd84e06,2.302585092994046,8.57575292448758,10.781307689847694,0.04524886877828054,2.1879447052985115,1.5061402100579724,0.8564905429827533,3.336412782891646,0.0,5.055741528695753,6.1976293462860435,13.096643437293702,1.2659553055395139,5.256658412431836
dfs_81cda237030310e8,5.075173815233827,10.113452050678697,12.429224196812383,0.12277867528271405,6.334663106895385,2.5173822150236775,0.7996261974842283,3.5098420044138674,0.0,4.2740340772733845,9.699606795211766,13.873860594872692,3.4106363451196224,3.790073724030041
dfs_48f4b40596464b2e,4.330733340286331,9.998964310283197,,0.10160427807486631,2.9385071627065398,2.100249093755933,0.755937758258906,3.4238054261973074,0.0,4.846276376121337,7.81210888052101,13.331257080171653,1.807133707454955,4.5315268135712365
dfs_967c2003f9bd242d,2.70805020110221,8.428933806866677,11.702801746168292,0.01862464183381089,2.244982476558067,1.2087656923096424,0.801042088279087,3.379932232443622,0.0,4.9897739378300665,6.21374558927009,13.222091058394263,0.8212059263546096,5.2392047772920485
dfs_e0179df89af7c3ce,3.5263605246161616,10.526989908563513,10.944629614049688,0.024029574861367836,5.019334511192957,2.8810327453721762,0.4229372455381336,3.0593997704122207,0.0,4.0454516962678015,9.05784945796227,13.270260832223869,1.807133707454955,3.5454286222262095
dfs_78bd833789d93793,2.70805020110221,10.58881954727143,11.603478894810914,0.0,2.7132915979088055,0.7195542704879885,0.6234826168294796,3.899938313654501,0.0,5.659927216110995,8.359711600637361,13.41197458787222,1.807133707454955,4.428430111985357
dfs_09e908c75f978fb1,5.043425116919247,10.866805119435574,11.159473891814098,0.011961722488038277,3.1396990110758978,2.15509344669758,0.901251908149675,3.620708449577646,0.0,5.640671737921409,8.046016643668054,13.687225948298128,1.5727155517124787,5.060258762108131
dfs_f0597958528adec2,4.219507705176107,10.888143249393401,11.87193468237158,0.0,5.040445930609112,3.983692792868633,0.9608489392027363,3.520894568574351,0.053681832754790416,0.0,9.405608483265791,13.470553829622581,3.0620738268031755,3.2797481957566563
dfs_b624b3aec57ca775,3.713572066704308,11.479571973464916,12.429224196812383,0.0,3.9610625211894765,2.7451678712783636,0.8246722492561134,3.4431028577101372,0.0,0.0,9.662630550289,13.739226527604623,2.5224557664912224,4.375878140958469
dfs_c51f22d6e918b342,2.0794415416798357,8.334642345080757,11.212090605940148,0.02028397565922921,1.9930918708787495,0.9426377665548319,0.8880609751050865,3.9921228199090324,3.085599711448103,5.316352189698172,6.513957703851169,13.904343441669495,1.5727155517124787,3.444547910772142
dfs_c9cb8216f003dd1b,4.795790545596741,9.922439379556032,11.107960231903714,0.05268389662027833,4.423497605009977,2.0606264249867725,0.674137149006721,3.3516573432658974,0.0,5.0226872538083125,8.24008093449934,13.505976800330345,2.1563374497238987,4.166134226328738
dfs_56ad5ce2fc6265fc,2.833213344056216,10.410852875804311,12.429224196812383,0.0,3.9096793411294497,0.2725828527187271,0.40862524489769475,3.18182640409872,0.0,4.217277044076075,8.790909916985003,13.24648362378953,1.807133707454955,3.84207555412492
dfs_e0a0b547eb620a58,4.574710978503383,11.031060317463096,,0.06462303231151616,4.361151089777225,2.9623661261597083,0.8054679036568224,3.1381829474822514,2.5322858140818734,0.0,9.349402334744507,13.679004459572136,2.8651744031446778,5.464345962099111
dfs_5059f49cc6c13203,4.330733340286331,10.122636446849118,,0.10836909871244635,2.226349512280585,0.6650991388420111,0.7932633506796913,3.02995361705408,0.0,3.9393095119019477,7.927349983816286,13.48966406761623,0.0,6.809141772976496
dfs_0b81134838eefa8c,0.0,8.4239979314512,11.782670119540732,0.11231884057971014,1.2295664966345434,0.43554645086216903,0.9488168176767685,3.4754050426924246,0.3770075045590774,4.697922909521838,6.655824343324034,13.170248370124902,2.1563374497238987,4.757147333463723
dfs_286ce115edb50959,0.0,8.791644627428825,,0.04219409282700422,1.7996576529925354,0.8861898666284326,0.781317295800422,3.4179451706614996,0.0,5.011379621876477,5.143849768974321,12.771429067308663,0.0,7.5029174191657395
dfs_1298e6c1b5453b43,2.9444389791664403,9.731492966549773,11.319449933234104,0.007001166861143524,3.8950113379848736,2.12973554759164,0.7924401975936388,3.958151394927259,0.0,6.342640823133837,8.400800922674549,13.415417991871808,2.9352045584387274,4.099918114610288
dfs_0972b3cf473031e9,1.0986122886681096,8.679244798481857,11.381061253255544,0.0,1.8813024209594358,1.323285574929608,0.721890616176975,3.468591912235298,0.0,5.517966505721866,6.948792967598748,12.95253781939078,1.5727155517124787,5.377327400624478
dfs_fe6a128b7932d5d9,2.5649493574615367,10.3871157412922,11.201319484399074,0.1608695652173913,2.5681546844926504,0.18015714106151953,0.7497993193656286,3.621744507198969,0.0,4.445310668829228,7.883872216408213,13.63328459660093,1.807133707454955,4.344347533761528
dfs_ef5a52668266f31e,3.8501476017100584,9.90039066601641,11.088262246808512,0.023346303501945526,4.190624573997635,0.9607635773403083,0.6505908276944755,4.444822194732614,3.665844284500486,4.426788620714167,8.326528968629072,13.726707759154499,1.996901660409805,3.601864043429907
dfs_a9353db7b2ad5067,2.8903717578961645,10.318032012952784,10.273912529999025,0.11269146608315099,3.1850639678013835,0.6612262530237207,0.8207507203756844,3.4475652246678474,0.0,5.185913880900397,7.212430279108046,13.220788700108798,0.8212059263546096,4.257635720039348
dfs_4f47f2c781fe2709,1.791759469228055,8.612478125368984,11.672950286765573,0.0663265306122449,1.595560130697978,0.5826270242742486,0.7995019689386238,3.3536047322206235,0.0,5.105658614712163,6.353666812823553,13.155827166609333,0.8212059263546096,3.8176700666054515
dfs_46af17cd54acb342,2.833213344056216,8.303229388760576,,0.16012725344644752,3.1092958255193386,2.4541927502193803,0.8303220885922638,3.349862250906147,2.213298396605888,4.237281510372564,5.264660404795732,13.133222206339202,1.2659553055395139,4.562411064164112
dfs_3bc02023ad36d744,1.0986122886681096,8.424136580001335,11.799719643360714,0.07284172661870504,1.900811471061967,0.02891462550197916,0.45356722221801427,3.375895533520364,0.0,5.23913506827885,4.960396069623876,12.50864456200204,1.2659553055395139,5.848294889930098
dfs_d79d54662dcd0c37,2.70805020110221,9.203055633789981,11.394389646043603,0.07329136690647482,1.8422372111400087,0.37578130468581117,0.6106878867141966,3.2039657752243884,0.0,4.72057563539694,5.230809684558459,13.18715436666914,0.0,6.6524899670998225
dfs_8add2e22501e8ce9,2.833213344056216,10.070407583354203,11.624350553872434,0.10317460317460317,2.3251100815815327,1.2691162572388794,0.8186076074435886,3.269032548127174,0.0,4.577697737383922,8.187530736563618,13.182918349736472,2.7084257966964724,4.353738857986422
dfs_264f401163213a04,3.2188758248682006,9.408111465034317,11.19135563385109,0.22040302267002518,,,,,,,,,0.0,6.947398089409286
dfs_0a059b19f7a3af92,4.890349128221754,10.315413579598383,12.294925658999173,0.04714640198511166,7.218876027522499,2.555187009298325,0.4919252406684339,3.889843299001871,0.35695118345902344,5.704286210637073,8.682363528150137,13.562739927077676,3.275815204077272,4.144414740881673
dfs_239921bf41560b46,0.6931471805599453,9.071645869471373,11.623052602215697,0.007692307692307693,2.109828214948884,0.5594280549514704,0.8585685155130007,3.2630009448120503,0.0,4.730530685860085,6.276144761623588,12.28758350570943,0.8212059263546096,4.488226526538295
dfs_8d8c56505b494812,3.4657359027997265,6.145000253148181,,,3.346178624508614,1.1261106636934526,0.6297439470542734,2.9655639693155296,0.0,4.166646909034953,3.6118239847747056,13.476655885595457,1.2659553055395139,4.922518195410824
dfs_986ea9d0e1000531,4.127134385045092,10.118501304927939,11.25101509747592,0.0943089430894309,3.618842887164575,2.2029930675883884,0.6937371116077454,3.843858784840198,2.6220928541330344,0.0,8.496621987826591,13.766306658218081,1.807133707454955,4.6786267150866365
dfs_fd718c03d9d7fd1a,4.820281565605037,10.786172611578356,10.305279255277984,0.030303030303030304,6.772843025911417,2.279071890040988,0.14517712155333268,3.3326046341579967,0.0,4.599786096048308,9.458630993426606,13.56716201281484,3.4518191713062434,3.4778245121735116
dfs_ca77d87407cfdff8,2.639057329615259,10.496095788574348,11.019972502738868,0.15154536390827517,3.1173021175669042,1.992019622171648,0.9120639668531578,3.059197486369263,0.0,0.0,7.641002189424819,13.015535118471467,2.5224557664912224,3.758488667892438
dfs_4ca6e8a487c328b5,4.672828834461906,8.554544469596793,11.433243525545334,0.05847953216374269,7.054644597597323,4.251826233626138,0.8903568187029036,3.502597732893101,1.8223406939870326,3.9170339189558865,9.270715933104285,13.733692942740499,3.7907621809913215,4.742382203306077
dfs_82e66e752e91f891,4.276666119016055,10.457984686843709,12.429224196812383,0.06677524429967427,6.7585864610574555,3.036582541556458,0.6587567243144439,3.6698615515500737,0.0,4.909044545574589,9.463502900621545,13.6974047202129,3.4518191713062434,4.616194352880958
dfs_6986b148e38e5428,2.0794415416798357,5.2378465811187915,11.994585889023035,0.010752688172043012,1.6284211639451933,0.6794206217174115,0.7958197301407849,2.4198834942209233,1.1397953994582677,3.5223224453977084,2.642390420014247,12.788011690826771,0.8212059263546096,4.799762632308756
dfs_ebf0e59136814a8d,5.438079308923196,8.9464362124937,,0.296551724137931,,,,,,,,,2.7084257966964724,0.6117641404954787
dfs_03b40f8854d18602,2.8903717578961645,8.350651496233976,11.672268356193772,0.06490066225165562,2.3670419623475336,0.8642739995586677,0.7642282351647945,2.61244948481949,0.0,4.955084208011925,6.49672129155558,13.544686913623616,1.807133707454955,4.344347533761528
dfs_715c798fcb5b6537,2.302585092994046,8.785164092413257,10.900934218371287,0.0,1.9707995416393853,1.0792871569426448,0.8741300792725136,3.4589871093181657,0.0,5.45898483832474,7.284052398057126,13.496918317253728,1.2659553055395139,3.4402674475889934
dfs_3e1e0e58a3b9d498,2.1972245773362196,10.044195779459864,11.185309892059308,0.032948929159802305,3.0088976616568655,1.1548327700837033,0.773016838122109,3.5960566999951302,0.0,4.8477849791805765,7.8526406417271755,13.040773640364375,2.5224557664912224,3.6146661374284337
dfs_d29fa9111f314147,5.220355825078325,6.7716528292667935,,0.12121212121212122,4.281554844654029,0.8801971473127048,0.8012063084270417,3.370749741571644,1.8231565630619915,5.237395013388254,10.467210863092747,13.841617779279854,4.020864861806105,4.713597550463881
dfs_29b08c43565ae69f,1.6094379124341003,8.21958024015047,11.827575607973674,0.008275862068965517,2.3039060218169567,1.1136141312076273,0.8578866959433985,3.5486359140284565,2.7861905346359603,4.696881808343069,5.897892289570761,13.19157969059299,1.5727155517124787,5.331195857378078
dfs_688403df9cc0ecba,4.356708826689592,8.804922709158225,12.237067309632398,0.0,7.175800678736306,5.297570143956522,0.8309928224117421,3.4945330095510054,1.4856810583068403,4.210713073900205,9.766074586135982,13.794996577716567,3.7315477135942685,5.000326904541838
dfs_23764f4313baecdf,5.4116460518550396,8.365165232601553,11.175590856613375,0.0,5.193750169287973,2.0412128922631387,0.19677101291592017,3.2934306531486333,0.0,5.406089523320143,8.055162836993949,13.770869822993827,2.7084257966964724,2.8431360669820585
dfs_672a62992be947df,0.6931471805599453,7.845108568957519,,0.017507723995880537,0.9118127071168713,0.1670181816430791,0.8113375824550856,2.7657056073847563,0.0,4.2733572991196604,4.537748987765414,12.50124658374025,0.0,6.736301434673902
dfs_7bc6acda4ba0eb7f,2.1972245773362196,8.490495732639852,11.557057176330137,0.08013355592654424,1.723109552246929,0.3246117542173491,0.8121658974935739,3.357602648974402,0.0,5.349504568809539,5.906681703267255,13.375359280103327,1.5727155517124787,4.161680924968711
dfs_b3caa6b7f712b0a6,4.6443908991413725,10.20665865386512,10.761513376278307,0.10862068965517241,3.3530748335853886,0.7521542286331814,0.6219042711657695,3.6902064045356213,0.0,4.287443772560947,8.61330068939248,13.438115280051086,0.8212059263546096,5.134935210422123
dfs_f65f0ab7d94ea66c,2.9444389791664403,8.526131606232909,11.26528428205562,0.0,1.7834786999894514,1.313048055689418,0.7308114103563208,3.317531740437681,0.0,4.986205866606376,5.724259394726034,12.69146968594574,2.4146555189783867,4.759016687804818
dfs_c05c3c2defca8a6f,1.791759469228055,8.799670469633767,11.39045269970244,0.04926108374384237,2.256872187823659,0.16610799393634923,0.48811302108057253,3.165835466972921,0.007141955884389799,4.730549322832968,6.178679746284441,13.217929887989476,1.5727155517124787,5.132397067711683
dfs_156264d269bdc335,2.1972245773362196,8.910535230222486,11.534579318865058,0.07840236686390532,3.1418855094294513,0.14290835497715096,0.04778319756453148,3.6024523356842137,0.0,5.366477356386243,6.324615747411005,13.572711343554117,2.293814424193674,4.096330452881674
dfs_a300818b763522e8,2.5649493574615367,10.389260468649509,11.327908278228264,0.07034220532319392,3.7417499411847843,2.1898792495067934,0.7571319494791352,3.6172478012436207,0.0,4.2430452671075,7.289374846159744,13.07354071270676,2.9352045584387274,3.3645204305809053
dfs_f1e8cd33c2b3cac1,3.58351893845611,9.902534387384986,10.5177267979912,0.0,,,,,,,,,2.1563374497238987,4.561230251173696
dfs_ff530f174352f0c8,4.0943445622221,10.139847404636198,11.35409384662443,0.013843111404087014,2.096506258315345,0.0,0.7981857078325767,3.3778105442700195,0.0,4.966474643727707,6.812654602500358,13.684654440740038,0.0,6.624561129728806
dfs_b26a5bc4d80b1626,3.1354942159291497,9.748363225337288,10.856611534455633,0.0326530612244898,2.3331682085236807,1.422440675373454,0.9400689739366007,3.5297566955210793,0.0,4.843314308992523,7.675529440048023,12.854211999853629,1.2659553055395139,5.069927193960482
dfs_caf5653aa66832a4,2.995732273553991,10.017836146083557,10.516210702728278,0.033823529411764704,2.6926826868070317,1.5272650276145134,0.8230108761672836,3.3919568374467786,0.0,4.1759077523876185,7.004208197148564,12.856980160482243,2.293814424193674,3.7575897225825656
dfs_0bd602d8157b9c6d,2.3978952727983707,9.459990093434023,11.518748478273016,0.04716981132075472,1.7853357152463027,1.1038128368136102,0.7395310685409743,3.873637354061358,0.0,5.699588613128156,7.862264429603386,12.873088867075303,1.2659553055395139,4.8871866195506595
dfs_39b2d422439a9b88,2.772588722239781,9.50541905255749,11.124523942287944,0.19808306709265175,3.107570845130314,1.1847034390183773,0.7998972445863536,3.6014921790682264,0.0,5.019072395421783,6.918765471607102,13.496420374352812,1.2659553055395139,4.614891228344564
dfs_69e2179e24c3e832,4.394449154672439,10.710800598778066,12.276605663715413,0.07815845824411134,4.036734059853021,2.2194282128062612,0.8451308627834304,2.270452477788901,0.0,0.0,10.287689392763838,13.712140282685723,3.6014327256248992,3.5941353568662593
dfs_0c6dec05d23bd02c,1.9459101490553132,8.875254148648278,11.930602371288195,0.026160337552742614,1.0368449343946557,0.28016156482953347,0.8840206810005915,3.3920529697158637,0.0,5.3127347688609055,5.990341234603663,12.593669055095855,1.807133707454955,4.186572321240711
dfs_2d8253d0a8afcbc3,3.4011973816621555,9.47561181933882,11.444046872667448,0.02288329519450801,4.119980288911468,2.6010440463873503,0.7898221447225314,3.604547446376448,0.0,4.627890639269155,8.560913086992354,13.010962432810647,2.293814424193674,2.979247252056871
dfs_faff757f0bf15bc1,2.639057329615259,10.070407583354203,11.624350553872434,0.10317460317460317,2.3251100815815327,1.2691162572388794,0.8186076074435886,3.269032548127174,0.0,4.577697737383922,8.187530736563618,13.182918349736472,2.9352045584387274,4.422755052181134
dfs_ac77ff58f88fe1dc,2.3978952727983707,7.710737426331435,12.238365570726437,0.0,3.9058699826071126,1.1454924427515265,0.7033163440517576,3.5227836703525797,0.6961800507041737,4.95425984424257,6.641494426287618,13.554045788829534,0.8212059263546096,6.202679936525657
dfs_d826c9aad414cfdb,4.189654742026425,9.153534789647416,12.429224196812383,0.013582342954159592,5.636611330861522,2.6246228797680216,0.8738469685961027,3.8840603399043157,2.8795589441568525,4.3679853952373255,7.579289575944227,13.521166342638942,1.807133707454955,5.021955604528826
dfs_2df031bb54db8e5d,3.6888794541139363,10.444756615636395,10.8693871609623,0.10427010923535253,,,,,,,,,1.2659553055395139,5.90108133966934
dfs_fe1fcd8a169b1a61,1.9459101490553132,8.747884359577807,11.50540727406543,0.02936857562408223,1.5194919615526157,0.24521547193770848,0.5787142629621597,3.51844616771745,1.4973443910576587,4.784276865849301,7.086543445113791,13.474902982604066,0.0,6.423017503129272
dfs_ce21009cc5d4a71f,2.4849066497880004,7.5860274378845745,11.27201246804444,0.01664145234493192,3.1371653356753813,2.2411689536079407,0.8895262668213442,3.3097236118707136,1.6673101090640872,4.746329786762974,5.029164802104198,13.578515262672317,1.2659553055395139,5.926794670460854
dfs_83e0a58349a8455d,2.9444389791664403,9.386351943697692,11.251833390925226,0.0584070796460177,2.6821836701759345,1.080204719773315,0.7200136363912848,3.706269197993054,0.0,5.445153010795432,6.397462832788386,13.45053698978226,0.8212059263546096,6.026994080235384
dfs_5fb03400ee9754b1,3.7612001156935624,7.2761734463312715,9.406811351874557,0.08294930875576037,2.398212410615727,0.8084204722538704,0.7176237268564041,2.876922720517698,0.0,4.769190020810545,5.787039754249612,12.710933515468662,1.2659553055395139,5.816926899128162
dfs_f1013594f49ad29a,1.6094379124341003,9.322338797723845,11.104340495150785,0.12654320987654322,0.8380813210997327,0.33187458501445116,0.680531612294831,3.469478736485898,0.0,4.326030078604112,6.888136141530106,13.561387045039758,1.807133707454955,4.098379034237728
dfs_2a5cffe48242af39,3.5263605246161616,9.752267505960853,,0.0431266846361186,3.9910431005666385,2.7682311670514754,0.6181357570285356,3.6228305688577778,0.0,4.989650821430637,8.253978607671957,13.565133261866375,2.1563374497238987,4.468238790557277
dfs_479715c79c345474,2.0794415416798357,9.366422005148065,11.279403241077631,0.06017925736235595,1.4839347376500354,0.26738292529544927,0.799677527899983,3.5467084733338456,0.0,4.85165499128604,6.285736621694681,12.828362717993418,2.1563374497238987,3.792845809227935
dfs_a6e0b9b2aaa0c2bf,2.639057329615259,9.180628352402326,,0.09732824427480916,2.5084369371850723,0.7684802113355098,0.5418881567664531,3.5286225335632153,1.159901339804996,5.237679222182907,6.727214562021218,13.84703926333218,1.807133707454955,5.250570228327987
dfs_e3ecb321a111c1d1,3.367295829986474,8.971568914060304,11.277696680519853,0.014827018121911038,2.8111673045674084,0.9940673629601011,0.7244703313766713,3.1655596079880244,0.0,4.63770742906047,7.137708784242434,13.493420598774295,2.293814424193674,5.606574893885703
dfs_52db3ff399a5ac1b,2.772588722239781,7.301502986475572,11.221850978115445,0.16152897657213316,3.1325910460137356,2.8173919657144033,0.5345922360428029,3.1649551742659985,1.464713422360483,4.5893215382245085,5.0645486604788434,12.917214447379001,1.5727155517124787,4.820937245879161
dfs_5118ee04fa66536a,4.61512051684126,9.2099891033099,10.68434794707383,0.09900990099009901,4.839692784254205,4.005187576943879,0.8148184584138211,2.897643562975572,0.0,4.650906118317643,8.821071278187206,13.567044070447498,3.4913728443217287,3.7580329799089003
dfs_0399fe060d189e0c,3.6375861597263857,9.95067130520775,10.788762220879093,0.3246217331499312,2.0726093093019338,1.6481388287311018,0.7075157558318407,3.5210774832829155,0.0,4.173753576692427,7.496874527550116,13.253419709592212,2.4146555189783867,4.95552348662224
dfs_ba2d22cde7e763ee,5.438079308923196,8.9464362124937,,0.296551724137931,5.708316194521091,3.05350997904407,0.3575653351584455,3.393349985608822,0.0,4.892605069129603,8.4564151577078,13.755507867708307,2.7084257966964724,0.6117641404954787
dfs_fd69979d22f08039,1.6094379124341003,5.2378465811187915,11.994585889023035,0.010752688172043012,1.6284211639451933,0.6794206217174115,0.7958197301407849,2.4198834942209233,1.1397953994582677,3.5223224453977084,2.642390420014247,12.788011690826771,0.8212059263546096,4.799762632308756
dfs_aa64f2fc82ff22c9,2.3978952727983707,9.423805760971872,11.877769947171007,0.04151838671411625,0.996214599355459,0.26740244803227037,0.7162695742088946,3.7222426956746384,1.9349108088320996,4.811580921977501,6.16333406937959,13.257310267739111,0.8212059263546096,6.215610962146528
dfs_b612d2f917df8618,2.4849066497880004,9.282288838019026,11.5871512873222,0.08170731707317073,3.3290355375443186,0.7566728154082857,0.49538138378499347,3.2259778899059546,0.0,4.910362391383339,6.248743471226649,13.609951489407067,0.8212059263546096,6.152453568422975
dfs_3d3bf9ca5be525c9,4.543294782270004,10.138897127683256,11.640447588047344,0.08505154639175258,3.3822834221232787,2.046975690671665,0.5578555411568713,3.6001575147678264,0.0,5.696011238693091,8.977386052084688,13.501175085166965,2.1563374497238987,1.7476222051938013
dfs_a86f7125c647fca8,3.6375861597263857,9.489458770384912,11.788555198897836,0.030324400564174896,4.438187260733458,0.8095018232940452,0.8233476012349044,3.8515079983560265,2.59783519000961,5.0457741618886605,7.034452941784565,13.806843103872714,0.8212059263546096,3.978616859977267
dfs_dd2a9491fc24c44e,5.214935757608986,9.149223981251065,12.009151024608384,0.06891271056661562,7.383076572378626,2.4370764265680203,0.45043977592357853,3.901577724107426,0.276257574244883,5.826674966596204,8.481001920571858,13.568114016161735,3.22650867441372,0.7469153768254082
dfs_07581cc8e6e61a47,1.0986122886681096,8.023272681013768,11.534794583053756,0.00991407799074686,0.9998764372113182,0.01498990955088163,0.6049141349952203,3.4626874786250186,2.0352076612684167,4.76922745718298,3.5959234375186284,12.604170683292772,0.0,7.01800761523823
dfs_877f49b65584fc6f,4.955827057601261,10.82413696830865,12.429224196812383,0.0,4.007303457616353,2.570802323279136,0.784541505428541,3.6873732575812745,0.0,0.0,10.717956054261952,13.519492504228909,3.3676843746371405,4.513080987100407
dfs_a1afca4cef908104,1.3862943611198906,8.3640134494631,11.39038488010255,0.03951367781155015,0.8636002012423966,0.05792774579855894,0.4338203827617188,3.312469332252979,0.0,4.918083115332437,6.275066652635577,13.179284207467932,0.8212059263546096,6.213238817375036
dfs_e52894fb4431a747,3.332204510175204,8.153605598204756,11.44446459480262,0.05136986301369863,2.7458114788290233,1.5719041318785616,0.8600961291789382,3.3227661317713166,0.0,4.707472527109105,6.651357787052101,13.492705498533157,2.1563374497238987,4.638036464974386
dfs_212df93a629e1b42,4.77912349311153,10.419163105474102,12.0937490549462,0.0,6.4499688871155865,4.034461962426279,0.8708268200905773,3.060740998503687,0.0,0.0,10.475115200589805,13.641690361981155,3.4106363451196224,4.256478104748057
dfs_7d026f95ebcd4d77,4.624972813284271,6.736251065457,12.429224196812383,0.18840579710144928,7.218876027522499,2.555187009298325,0.4919252406684339,3.889843299001871,0.35695118345902344,5.704286210637073,8.682363528150137,13.562739927077676,3.4518191713062434,3.6288012457217054
dfs_24cc448d83965e1f,1.3862943611198906,8.938063813091503,11.739981353104353,0.07523510971786834,1.098485804668167,0.3000554061291413,0.7870787300537283,3.5819443560920825,2.099756551611735,5.064682379763627,5.638165603881928,13.18722184735282,0.0,7.328504832089498
dfs_74672c41bff441ec,5.3230099791384085,8.9464362124937,,0.296551724137931,5.708316194521091,3.05350997904407,0.3575653351584455,3.393349985608822,0.0,4.892605069129603,8.4564151577078,13.755507867708307,2.7084257966964724,4.246663587465656
dfs_2c108161e53e4fbc,4.787491742782046,10.582895984570065,10.872788104723899,0.09697508896797152,3.4742798256792793,2.7240377788046843,0.7869207882717716,3.6533483787468626,0.0,5.035040482238029,8.843947652603989,13.682987799354542,1.5727155517124787,5.212243809509043
dfs_13f924fbcc0740f2,2.772588722239781,9.80614569012581,10.865133986131081,0.0,2.695797052468727,0.09481270112286388,0.2278636751665754,3.0847690573664077,0.0,5.1237887678153,6.624687470147044,13.18927782379481,0.0,6.449199529426596
dfs_1a8d4d46939c4589,2.639057329615259,9.689669685137023,11.577082663413542,0.013972055888223553,2.0876195523892056,1.3364462026252562,0.7940575551375492,3.350952813995379,0.0,3.9653266457976684,6.4902549388121535,13.0106359693683,1.2659553055395139,4.344623841616531
dfs_64af649499065a2e,4.804021044733257,10.403212678645078,11.603140870241532,0.027247956403269755,4.319974348623362,3.3080348238925747,0.8086988925301657,3.267100263996534,0.0,5.350799866038919,8.608545159887703,13.685604585554792,2.5224557664912224,3.824530638428447
dfs_887c56dec10c0106,4.330733340286331,10.069202827083249,,0.043209876543209874,3.6033313492358277,2.008950219282451,0.9449130083327248,3.468080656255989,0.41888350969171656,0.0,8.985769398318013,13.601232590962537,2.5224557664912224,5.315775275821198
dfs_8ac863336a2d937e,2.5649493574615367,8.195590389373741,11.153460919422749,0.04271356783919598,2.204928172604896,0.534086659078149,0.7490467360078722,3.4518601701248053,2.0255953961627733,4.951430298112931,5.107639381652682,13.46517405502758,0.0,6.472520453553738
dfs_3ca3724b3fdb6e60,2.995732273553991,9.264576573461145,11.510332105117628,0.07226890756302522,2.4730687656491703,0.5108860443997661,0.6835562045335325,3.4940534650447868,0.0,4.410277273921078,7.703476785376831,13.204676735967066,0.8212059263546096,5.023224777943384
dfs_1315dca537598fea,3.2188758248682006,9.452103205485704,11.211833885608513,0.07939914163090128,3.4222199861359255,1.0084836882468655,0.6507654813979266,3.525077223180122,0.0,4.596543506036772,6.8827047766438945,13.209227076823495,1.2659553055395139,5.860649630569618
dfs_1176fa18237ddbbb,2.5649493574615367,9.766058014576092,11.61578886542944,0.01865284974093264,2.689171126871032,0.441872365167441,0.6522057587095764,3.3107698942657495,0.0,4.020104412565872,6.289794562453276,13.350204676999795,1.807133707454955,3.4777191956889846
dfs_393c996287b4b109,2.772588722239781,8.981387203382415,11.51293546492023,0.022857142857142857,3.40368792156827,1.201428869895093,0.9119929466547285,3.4898321252613234,0.0,5.347908751381761,6.708951567087501,13.480215428280781,2.789868226539849,3.690307599932564
dfs_d79630cd55ffa4b3,2.8903717578961645,9.413211682272006,11.192995644968327,0.040354330708661415,2.574392237389652,1.8066080460912062,0.8987862516538379,3.5049358469422196,0.0,4.999493182197191,7.206870621738157,12.861774935230658,1.2659553055395139,5.502659070282398
dfs_f59aa843624d1344,3.367295829986474,9.47561181933882,11.444046872667448,0.02288329519450801,4.119980288911468,2.6010440463873503,0.7898221447225314,3.604547446376448,0.0,4.627890639269155,8.560913086992354,13.010962432810647,2.293814424193674,4.392463263658522
dfs_c46f39142074e7d9,4.852030263919617,10.175619991076283,12.429224196812383,0.024423337856173677,6.334663106895385,2.5173822150236775,0.7996261974842283,3.5098420044138674,0.0,4.2740340772733845,9.699606795211766,13.873860594872692,3.3228044116247886,4.455956441336185
dfs_c15088fcee686a8f,2.639057329615259,10.208429179281056,,0.36666666666666664,3.1173021175669042,1.992019622171648,0.9120639668531578,3.059197486369263,0.0,0.0,7.641002189424819,13.015535118471467,2.5224557664912224,2.876576297610927
dfs_924fdce892b11e5f,4.31748811353631,9.63516093311979,10.03828064887766,0.10862619808306709,3.6465314203491546,2.230703793548026,0.8631459561147494,3.4280930868818515,0.0,5.664365405229951,8.387388829635096,13.352382438139829,1.5727155517124787,4.369856930301978
dfs_057686788d34a5b8,5.043425116919247,10.163370802343819,11.354937431911715,0.03443526170798898,3.511931142255935,1.9305016736861673,0.7505022577932894,2.94673286809801,2.0255158979011285,0.0,9.050099548201617,13.43992361857048,1.807133707454955,5.443236437696759
dfs_1d3c826b4432591b,1.3862943611198906,9.398234107928122,10.462388799533683,0.04142692750287687,2.5606468035513386,2.2638808672647848,0.5642531952353166,2.639538709825469,0.0,4.251295547763353,6.989208072540196,12.62573647303815,2.293814424193674,4.625042058504469
dfs_1abc36e0abfe28c1,3.4011973816621555,9.068726058379715,11.065934990033494,0.07119741100323625,2.459083747744882,0.6616968821662,0.8507280639577828,3.5731858043905738,0.0,5.2211420468006295,7.48329807633265,13.327157197457574,1.996901660409805,2.8746493582312107
dfs_60c7bea540cb347e,2.4849066497880004,9.626726041996543,11.062740149172154,0.12993039443155452,3.7973495966676714,1.2300119114677752,0.692642548295712,3.381776047623448,0.0,3.997006052627472,8.142781616202372,13.080520028145518,2.789868226539849,3.187093645891922
dfs_14aa5145277e9d36,4.61512051684126,10.223955080821543,,0.06181818181818182,4.802330220832712,2.7172854015523638,0.7823563820820753,3.623245390655153,1.9339547922802904,0.0,9.871216889897998,13.608079171557028,3.3676843746371405,3.4307064072981404
dfs_57d6b9f2d5a9b8dd,3.2188758248682006,9.753339801765735,11.498948237039368,0.017713365539452495,4.291244552262245,1.7602432137661121,0.33518068930127326,3.361479722909037,0.0,4.577562832042226,8.243793300675009,12.924985033976146,2.9352045584387274,1.9562958899090872
dfs_1d86b6d42e9495d9,3.1780538303479458,8.334389383963059,12.073426575177924,0.0,3.1655209281496575,1.8244752046706636,0.49455707467285126,3.660773763730573,1.2181722553410093,5.424576458835221,6.445591695233586,13.349510105304342,0.8212059263546096,6.097367063247285
dfs_dc59953ca9234b69,5.056245805348308,10.7862797322931,10.614351853901232,0.09732142857142857,3.451894177901322,1.196745353178933,0.4882118471230983,2.9014912171325604,1.987883099137533,0.0,8.502600808827555,13.401539375562166,1.2659553055395139,3.566949180779021
dfs_fed34f0857c4203d,3.1354942159291497,10.138323212715571,11.566883206563613,0.01808785529715762,2.2788647375720426,1.1823672129183704,0.890445034315803,3.3366497273218974,0.0,4.1166356674058475,7.917833765989151,12.980573981132814,2.5224557664912224,2.9184589221479618
dfs_429dc9bb8861f479,2.1972245773362196,8.334642345080757,11.212090605940148,0.02028397565922921,1.9930918708787495,0.9426377665548319,0.8880609751050865,3.9921228199090324,3.085599711448103,5.316352189698172,6.513957703851169,13.904343441669495,1.807133707454955,3.444547910772142
dfs_1395c60e7f19cc42,1.3862943611198906,8.729346298382538,11.793560263618064,0.0,2.182767631997558,1.509111236832839,0.8102668801889522,3.2561400899941892,0.0,5.17692146098915,6.158375964117102,12.453744893562257,1.996901660409805,4.487297088370426
dfs_d6271c33596b8a3c,4.736198448394496,10.55943593214328,,0.0,3.4329155591608616,3.080562131958329,0.640438538600347,3.552416937682302,0.0,0.0,9.170312405880862,13.44848941911425,1.2659553055395139,4.75681117950895
dfs_37eb6ee14e52c20e,0.6931471805599453,7.22912915116382,11.587039865674715,0.029885057471264367,3.0817703825730294,0.04503256153207485,0.05199586296087986,2.993247351578255,0.0,4.984519830056138,5.003196614117559,12.915703225348473,0.0,6.365861103416369
dfs_3f1da4d229ecea85,2.70805020110221,9.416107922865566,11.233158650714929,0.081437125748503,1.3170929869630907,0.0,0.684853779163492,3.2102313206804087,0.0,3.6807322358503174,6.165575114705679,12.521474451532095,0.0,6.805618109235549
dfs_77e5b5b99618ff6f,2.0794415416798357,8.078006775098672,12.33970715783768,0.08018867924528301,2.4279357865181774,1.7830258028295938,0.7060170922313446,3.3657056067780644,0.0,4.911587493554796,6.64293264978737,13.376126139402052,1.807133707454955,4.182144440253572
dfs_6a925d9ae387419d,1.3862943611198906,8.749343254691544,10.555500189737518,0.11457455770850884,1.1131130572064705,0.1657999842567292,0.7011980070261573,3.2112160113599475,0.0,5.138845025549122,5.970406268740849,12.864703430264091,1.5727155517124787,5.482585520319315
dfs_8f60de2c083f8072,4.382026634673881,10.651973389315387,12.268300687064237,0.0,4.442996811817561,2.466753877983108,0.9740701749654737,3.1592215647382402,2.3323066018453105,0.0,8.810202162723675,13.65022663291644,3.22650867441372,5.450063604543859
dfs_d282dedc90651121,2.639057329615259,10.30798417036818,,0.08096280087527352,3.5233021516103533,1.6523617421433643,0.7598255424837388,3.429405926392046,0.0,0.0,7.214470616412972,13.102305557549297,3.0006498211243393,3.3338032275863823
dfs_1d5a68868555b76b,2.3978952727983707,9.451404627173059,11.201292171695934,0.015544041450777202,3.069921586251915,2.8893034477587514,0.40713195984729195,2.951687724563125,0.0,4.992869444762988,6.40866593005914,13.788926307354311,0.8212059263546096,4.4770190007982515
dfs_555af94df575a073,4.90527477843843,10.866805119435574,11.159473891814098,0.011961722488038277,,,,,,,,,1.5727155517124787,5.060258762108131
dfs_4c8b7d44d527e336,2.833213344056216,8.89121895838871,11.613612074928163,0.05,1.7638219243413609,0.07724853819451985,0.7342911514319279,3.4491510587141105,0.0,5.188728888048136,6.490577781311983,13.497652399457158,1.807133707454955,3.670149925894361
dfs_f1e8e7db7a4bd417,3.6635616461296463,10.676108306554244,11.639452383441869,0.01189767995240928,2.8172748592318793,1.8069335912937587,0.8700557692853328,3.289492635468358,0.0,4.989837311957028,7.653714607119927,13.48951029829346,2.6197576726867497,4.918235052913504
dfs_6011f2674ca5dc7c,1.0986122886681096,8.078006775098672,12.33970715783768,0.08018867924528301,2.4279357865181774,1.7830258028295938,0.7060170922313446,3.3657056067780644,0.0,4.911587493554796,6.64293264978737,13.376126139402052,1.807133707454955,3.66406446571771
dfs_5fe4e64250a23a4c,3.258096538021482,10.015103217196579,10.604900477513105,0.04081632653061224,,,,,,,,,2.4146555189783867,3.7713259383976028
dfs_318792577b7db1e5,5.493061443340548,8.365165232601553,11.175590856613375,0.0,5.193750169287973,2.0412128922631387,0.19677101291592017,3.2934306531486333,0.0,5.406089523320143,8.055162836993949,13.770869822993827,2.7084257966964724,2.72201873245157
dfs_558905e1fd5fe81e,2.4849066497880004,8.302764269265554,11.004197639286383,0.009966777408637873,2.167765871839535,1.0643735414350821,0.9010652822123828,3.3828799613687157,0.0,4.99658145576455,6.056865455499935,12.863255804156532,0.0,6.300522352911376
dfs_403cda0d9438848d,3.4965075614664802,10.034921075742352,11.24759179618221,0.07131901840490798,2.4639743258629734,0.5837405112692837,0.5082359585737402,3.587206958318459,0.0,5.540233770562746,7.567999648429655,13.575613700445107,2.5224557664912224,5.606574893885703
dfs_917322c101a745c4,4.356708826689592,9.817548461630455,,0.07046070460704607,2.9385071627065398,2.100249093755933,0.755937758258906,3.4238054261973074,0.0,4.846276376121337,7.81210888052101,13.331257080171653,1.807133707454955,3.361104132931209
dfs_711cda7250d6734b,1.3862943611198906,8.21958024015047,11.827575607973674,0.008275862068965517,2.3039060218169567,1.1136141312076273,0.8578866959433985,3.5486359140284565,2.7861905346359603,4.696881808343069,5.897892289570761,13.19157969059299,1.5727155517124787,4.883817496604766
dfs_cb50450f8fe19879,1.791759469228055,8.863102720035542,11.453387752254033,0.09045226130653267,2.125916988855057,1.098831615193938,0.9611359996211751,3.282222084959045,0.0,4.895928766884304,5.557739611158395,13.306360196828576,1.2659553055395139,5.194451290186974
dfs_30ae86a41cf2330e,1.9459101490553132,8.282650596155278,12.219748700513014,0.02056555269922879,,,,,,,,,1.5727155517124787,3.1820160874967574
dfs_01d94561904aea6f,5.43372200355424,9.637421412199986,,0.13333333333333333,3.34548394970221,1.9127507779607653,0.6909729597246522,3.505241782613273,0.0,0.0,8.725364121691381,13.384306014537968,1.2659553055395139,3.536783826110845
dfs_b6e253a99b6b8fc6,4.174387269895637,9.812272656745433,11.949171928667829,0.07111111111111111,3.816502016304208,1.32099557945205,0.5415051277427576,2.999830913293966,0.0,4.840906157870483,8.304101331305686,13.503983780013948,1.807133707454955,4.6597038734215275
dfs_6e6b02b74da6e666,2.833213344056216,9.625561509642015,11.52946788158954,0.06198347107438017,3.3224912927512475,1.3335346445235687,0.8408321929446825,3.229581227113559,0.0,3.685851109602749,6.782631926455948,13.75142100269311,0.8212059263546096,6.072403520729638
dfs_8ef614e79351af0d,2.833213344056216,9.41700393603905,10.908722791698938,0.047021943573667714,3.3151582271960622,1.3697186797771892,0.7966379821960843,3.2374899680318143,0.0,2.9941734859245592,6.697528899259297,12.777425003968869,1.807133707454955,3.9056538648250587
dfs_73b7b706374e49e7,3.4011973816621555,9.735204217111285,11.429554725537322,0.05922551252847381,3.218549605399196,0.8737544407472518,0.8406214481582616,3.6796802319844764,0.0,5.413172894712114,7.390324311067573,13.620417390246615,1.807133707454955,5.757740404103204
dfs_d46b2838214911ce,3.1354942159291497,10.46573465343194,11.021477541630475,0.12612612612612611,2.716053575084218,2.070121354537678,0.8209759301832478,2.992761233523975,0.0,3.784962135384716,7.21809390332216,13.011228444062928,0.0,6.55295374267373
dfs_36334c63915554f2,3.1354942159291497,9.362984736167235,11.407964869333728,0.01935483870967742,,,,,,,,,0.8212059263546096,0.0
dfs_fa0688ca05f01186,3.1354942159291497,9.58399299897832,11.823779482187794,0.0,3.5743159999615264,1.5999729634041449,0.8157638038500081,3.426255718374692,0.0,5.355742777662238,7.637186162096208,13.665922951464728,2.1563374497238987,0.8734033256614713
dfs_38485f7fc0ca43fc,4.248495242049359,9.800423782362511,10.949683108979107,0.05457463884430177,2.4078270779115902,0.846653012604599,0.9672605531626577,3.4909801918662655,0.0,5.049953629210562,7.542572035759657,13.586408037205658,1.5727155517124787,4.601165496067674
dfs_46615d57e360745c,2.639057329615259,9.538890380618996,11.189049560401877,0.02734375,2.3198702224134147,0.6673528921789388,0.6363183291004408,3.343944641830097,0.0,4.226680439294136,5.719336701559818,13.002944504495462,1.807133707454955,2.49888853249796
dfs_ae4a9cabee986fd6,1.0986122886681096,7.92455220470037,11.56884255312859,0.0419047619047619,1.162877727329723,0.06675250814900346,0.6306237620241048,3.418532149239408,1.9198201490409608,4.777778323831408,4.845979768006607,12.570937956652605,0.8212059263546096,4.832741851746057
dfs_ea05cbe270a708c9,3.5553480614894135,8.86045908715066,11.971147462554596,0.07482394366197183,2.1434136956304655,0.05715169894283907,0.7439275428642576,3.7973289426463017,2.6497797042648568,4.857809174367257,5.010292157631672,13.559338780411238,1.2659553055395139,3.620078986807821
dfs_b07712d5a06bfe7b,3.4011973816621555,9.529567889528655,10.87570482869929,0.039783001808318265,4.535459499920829,1.7623719277865906,0.3200166958145974,3.3613122500461503,0.0,4.120086801140949,8.452005804521205,12.830397475777891,2.9352045584387274,3.9714699192612617
dfs_67405179f87ce8df,3.5553480614894135,10.002769759650969,11.67813477215422,0.01893939393939394,3.1866034442839464,2.4946702590178265,0.8339190144327339,3.351527800735885,0.0,4.051281269967727,7.5000171740535775,13.585649494602531,2.4146555189783867,4.211958969568532
dfs_64c6aa6127fd324f,3.58351893845611,10.107040157801167,11.9312738922425,0.0,2.581104808362768,0.9214602542943555,0.7316421167965323,3.5529876432703134,0.0,4.936827432730074,8.736447345090406,13.283493643154761,2.293814424193674,4.386592215349682
dfs_06f1135a25474943,3.5263605246161616,10.23273163297988,,0.013513513513513514,3.796719889999832,2.0269784730378313,0.7740938057350473,3.4265083206850555,0.0,4.564619646577735,7.900640518693964,13.607804729438902,1.807133707454955,4.27608817498086
dfs_43aee8eda8bee043,3.6375861597263857,9.335199527504095,12.3243222389982,0.02586206896551724,3.338749024535494,0.18470582250596648,0.3986282747123402,3.641502717698952,0.0,5.381886674577252,8.321706505638174,13.598183806221625,2.1563374497238987,5.497549793198923
dfs_dbce3f1b3684e8dd,2.833213344056216,8.872191002764858,11.725105131959442,0.046052631578947366,2.7060183483968885,1.8366678753072074,0.8287025324943013,3.688120636444696,0.0,6.013270949817383,7.742252742466709,13.509720182038704,2.8651744031446778,4.531613724195876
dfs_cd3751ca8bd03063,1.9459101490553132,8.733950003585312,11.78306709944502,0.012224938875305624,2.043816417228871,1.4390165259727519,0.7905450627440271,3.2746802478583588,0.0,5.005670595073633,6.31911162234588,13.165495661150073,1.996901660409805,4.123795816160804
dfs_c68115bee089631b,1.3862943611198906,8.949634583524603,11.739112380549862,0.02533532041728763,1.6994042005607501,0.7694093956563572,0.9384364458261528,3.2189722635124007,0.0,4.790432669424096,5.996600692032211,12.564362285145908,0.0,7.3395983808248335
dfs_cdfa3f2f131812e3,4.219507705176107,10.024259282446497,11.689455281972373,0.020242914979757085,5.385621688746683,1.1672758548412168,0.18978274333436315,3.5070898496511713,0.0,4.609667966924079,9.421559833524647,13.517081610835842,2.1563374497238987,4.087701833087557
dfs_49e1ec851ff10de9,2.70805020110221,10.566895985259771,,0.09427609427609428,2.7545405003375274,2.2267629411692003,0.6757716266938428,3.039204945463471,0.0,0.0,8.261759844145681,13.386888382712154,1.807133707454955,2.1441789121626784
dfs_3f57fa40b74b0548,4.718498871295094,10.036716632908675,10.924336478294055,0.08281573498964803,2.155107071618597,0.9578418474153644,0.9161572672309652,4.7263237387110975,4.375963154357996,4.99575366159844,8.580270595835593,13.53776957539887,2.1563374497238987,5.116751905523422
dfs_a641b573bf8aada6,2.5649493574615367,8.836268845170435,11.015509528114155,0.04417670682730924,2.793164311825664,1.2555601404851553,0.7350724279376945,3.6668023083729087,0.0,5.646799501675961,7.038778804912412,12.941527117011352,1.5727155517124787,5.272156808545153
dfs_0f925b1b48b1754b,4.204692619390966,11.48075551617975,,0.0,4.022801070802966,1.3885550051383375,0.6323593841946687,3.928234459142458,0.0,5.004871946109408,8.735974496021004,13.56371029740026,2.7084257966964724,5.4403946625240724
dfs_889a2fd632746897,2.772588722239781,8.528751496661034,11.206332367626686,0.23563218390804597,1.9215105289277132,1.0697824102295987,0.9395226443290806,3.4220382596655523,0.0,5.068014234027719,5.841806241847856,13.230767456719812,1.2659553055395139,4.3731178205589485
dfs_e79423a881fa4cae,1.0986122886681096,8.176590572177716,11.523786272302974,0.021739130434782608,1.556814517964395,0.46527037797195586,0.9408303008985487,3.1445930522925245,2.172281779207444,4.626515789618897,3.629838982712453,12.617827928940528,0.8212059263546096,4.629273745022343
dfs_b644968ef3d12abd,0.6931471805599453,8.690586145285833,11.728552840470655,0.0,1.7919210893479276,0.16408680062516062,0.5439900355032254,3.4182529158851693,2.130981584936552,4.490416096055655,5.581171422729532,13.228295129875335,1.996901660409805,5.086402207537019
dfs_06f68809d618b392,3.091042453358316,9.450199231217844,11.488304849787982,0.036470588235294116,3.3196385662239227,1.8015816843354102,0.5562227719044435,3.4687609983132814,0.0,4.795238664703974,6.9332723373699965,12.939305549629404,2.293814424193674,5.115577961438786
dfs_d55b06264e11fc99,1.3862943611198906,8.788997429584363,11.612969875145785,0.0463980463980464,1.9487107023527144,1.0635363161239466,0.8900487925721093,3.793183556706203,2.309184769180506,5.200473256900029,6.669839183556981,13.34599800811931,1.2659553055395139,5.301766075183223
dfs_1fc41c5ac4edb76a,4.927253685157205,10.525333945466011,10.498222246109226,0.11011904761904762,,,,,,,,,1.5727155517124787,3.760364604342252
dfs_e50a5ef6729769a3,3.4965075614664802,9.324402694583862,11.870858617033038,0.02635431918008785,3.2111183759906567,2.3006846571104678,0.8962622926352921,3.5659857281733163,0.0,4.524347198899901,6.411959316161111,13.565908805074368,3.0006498211243393,4.250697528624192
dfs_d90c3792a5a6e777,1.6094379124341003,8.913252990381798,11.592678900039248,0.0,,,,,,,,,1.807133707454955,5.025371557731103
dfs_5194d4c37cfc5ba8,3.7376696182833684,10.460379597801891,11.646319348140759,0.047692307692307694,2.7584657509073596,1.1542465986873272,0.9216658021469915,3.1733324078389877,0.0,4.016450231359968,7.623099221931849,13.422064925680312,2.789868226539849,4.197276357668852
dfs_7329c021e5243882,3.367295829986474,10.526989908563513,10.944629614049688,0.024029574861367836,5.019334511192957,2.8810327453721762,0.4229372455381336,3.0593997704122207,0.0,4.0454516962678015,9.05784945796227,13.270260832223869,1.807133707454955,2.8570346424829296
dfs_67f227c84a2bee16,3.1354942159291497,9.362984736167235,11.407964869333728,0.01935483870967742,,,,,,,,,0.8212059263546096,0.0
dfs_85339d63eb079641,4.836281906951478,10.559297617564818,11.776880770752264,0.0,4.768250181526211,3.4046589273728016,0.8733293241107921,3.273981013020439,1.175177418048366,0.0,9.87673838057234,13.466015491194415,3.174644349887469,3.3645148477020754
dfs_40ad5c0f4e31e094,2.70805020110221,9.024716581558257,11.28657678270707,0.0,2.322580144470516,1.212536384828221,0.7867095229241824,3.6237429702393187,2.4666590357055758,4.71171221744242,5.326451701324158,13.66517010997549,1.5727155517124787,3.721943750222256
dfs_850d5e3b65874105,1.0986122886681096,8.738455872207178,11.782807553496298,0.0,1.6640289444613678,1.1012367084350356,0.857744495450947,3.420761523875383,0.0,5.082076170006108,5.786258283767091,13.003259970441277,1.5727155517124787,4.356045082258749
dfs_58e74cab8b014625,2.5649493574615367,10.529466028910043,11.024154831985069,0.076158940397351,4.494242531154532,1.882734596354446,0.39055394010608646,3.09822250041935,0.0,3.8440538872931627,7.213288233195665,13.191389315011257,3.0006498211243393,3.4566832425651817
dfs_b2e5e03b5367935a,4.927253685157205,10.938010217428547,12.337929511917883,0.0,6.246903794707587,4.210235275514237,0.7066487241089483,3.559422893978971,1.9343451392913105,0.0,9.243965396946546,13.588879682999256,3.174644349887469,4.018258267902191
dfs_2061dd14dbe9515b,4.174387269895637,10.457984686843709,12.429224196812383,0.06677524429967427,,,,,,,,,3.3676843746371405,2.0149485243623095
dfs_6e4e7b9b3ba92fe3,2.8903717578961645,9.738222773381338,11.12780695382697,0.019230769230769232,2.101317841829238,0.6947598765219787,0.9034508710781094,3.334304643879294,0.0,4.602961465839118,6.269073458006363,12.969825063682608,1.807133707454955,5.199063053609594
dfs_b4a32b39167c1e18,2.1972245773362196,8.784212449697726,10.63931100737651,0.0,1.8804777315892518,0.389815797296989,0.6017908836803179,3.3796723576456276,0.0,4.901668533325731,5.408947269388709,13.06786495206783,1.2659553055395139,4.952430947390717
dfs_6b9ca5dbaa55bc5a,4.477336814478207,0.0,,,7.1674296480381265,3.037959626315032,0.6967525928383413,3.6045573429957227,1.3978712228661296,4.13300514897262,8.854774002360383,13.885176536197378,4.169173350808388,4.005580851464314
dfs_28d056883a5906d2,4.605170185988092,8.62024880379107,12.14935413491861,0.03106508875739645,7.075775939733857,4.263548386621239,0.7529708732846061,3.441796330035743,1.8226561434071085,4.507984722765767,8.820849910272013,13.581228958239562,3.4913728443217287,4.1166931072075
dfs_bd45a8fe491f4d66,2.8903717578961645,10.008721772872278,11.61750167313933,0.10300429184549356,2.2639230297846566,0.8768757339999674,0.9149911880269361,3.326566499872506,0.0,4.862204522056036,8.815402657313289,13.150066089243277,2.789868226539849,4.353738857986422
dfs_cfec7977f19005c9,1.791759469228055,8.81394971248742,11.357054973781509,0.00980392156862745,1.5224831639435603,0.14415169127238103,0.5212641515916258,3.3752640740617847,0.0,4.776009896633471,5.609553353382809,12.981292779112424,1.5727155517124787,4.768944333145124
dfs_6f103d85677593e2,3.258096538021482,10.44346234595055,10.553753327777704,0.172,2.2807618220092505,1.36364093928905,0.8251950403371738,3.4957313925375058,0.0,4.995708055199056,7.776045431477329,12.920917715066237,1.807133707454955,4.853953253090709
dfs_1c2f8aeb4a343b48,5.0238805208462765,9.855468597150326,,0.12222222222222222,5.666324671167185,3.2022361366501406,0.830926675107132,3.3306956816866373,0.0,4.697369959343955,9.134401602408696,13.636475993088567,3.66860496723193,3.5506369072924917
dfs_10c2316bb15059d7,3.5263605246161616,10.235738064928173,11.139118894862325,0.1952755905511811,3.9910431005666385,2.7682311670514754,0.6181357570285356,3.6228305688577778,0.0,4.989650821430637,8.253978607671957,13.565133261866375,2.4146555189783867,1.7496628558203144
dfs_ad666e9769d7b5a4,2.4849066497880004,8.64177825045305,11.47981325685335,0.0,4.942078954410411,1.416916693060726,0.18719961613278333,3.353969325228214,0.0,5.076120849281292,6.111137787255082,13.773437781542366,1.2659553055395139,4.976943076618679
dfs_45174d7b80f8516d,3.258096538021482,8.93525259448999,,0.0,2.786274374110877,1.809257214704274,0.818907463580807,3.503428585451095,0.0,5.339884538285623,7.504573843212791,13.02382840353639,2.8651744031446778,3.3843564492938283
dfs_cff905b2218bade8,4.5217885770490405,10.83854131870146,9.498971993463552,0.4532520325203252,3.483124833843761,1.942490939653852,0.610857037941503,3.4580391159484205,0.0,4.7918333719337145,9.361694751233784,13.43307228556632,0.8212059263546096,4.266004219754919
dfs_82d33ad0b7c72920,4.532599493153256,5.851387762511735,,0.0,6.998911988158418,4.611838875032824,0.8132780189664125,3.526212893730343,0.0,4.109613683755075,9.01680864259625,13.765641512011134,4.020864861806105,4.617332536079795
dfs_f83761fab7ed86b9,4.290459441148391,9.564649429386892,,0.0,7.15210330154699,2.1567291444257486,0.6048848655322846,3.6756954290543202,2.798549962134293,4.111648330962977,9.082896729749473,13.858505869120126,3.9498886044713344,3.990417714741983
dfs_f093e7cee95fe205,2.833213344056216,10.017836146083557,10.516210702728278,0.033823529411764704,2.6926826868070317,1.5272650276145134,0.8230108761672836,3.3919568374467786,0.0,4.1759077523876185,7.004208197148564,12.856980160482243,2.293814424193674,3.438522125585233
dfs_85faafdf68204bcc,4.418840607796598,11.153724764621755,,0.0,4.494826587119414,2.4386201929770874,0.7628105943225258,2.6017233855487487,0.7835122444787366,0.0,9.935395499961615,13.609855684318761,3.0006498211243393,5.449194827726492
dfs_cda34cabfdf5e0cf,4.356708826689592,9.693089159500325,,0.16037735849056603,6.7967900856432895,2.7956156655022566,0.3029047421473616,3.8615453556311006,2.267249753563501,5.529760092603652,9.496996844357463,13.616143345931693,2.8651744031446778,4.121624242335968
dfs_cebf976a5e28fdf2,5.521460917862246,7.0379396444192395,11.922555222209168,0.0,7.434867685767489,5.3143429531040365,0.8817944755033347,3.265347396466099,2.1245474954120827,2.756068646061024,9.571561144209412,13.698197786716248,3.5660751120561667,4.18483625335068
dfs_0f2a32971f9f0f2e,2.302585092994046,8.785164092413257,10.900934218371287,0.0,1.8392842867056556,0.274552979343785,0.7405842516990621,3.1112196732437614,0.0,4.22569571413996,6.352396962784595,13.410746204270373,1.2659553055395139,3.4402674475889934
dfs_255cd9c5828efe68,4.709530201312334,9.662710466234882,11.66629869980829,0.040697674418604654,7.405952455737231,3.2581464723811995,0.6759401581693133,3.5637683391986146,1.0608486804709338,3.8596034749659283,9.56249633427854,13.84182819095692,3.997761355241824,0.8734387671386208
dfs_0866f18925978133,3.2188758248682006,9.156492745826139,10.429398813720159,0.16993464052287582,2.992356383413213,0.2409138825393895,0.6197497836393567,3.2580873634030727,0.0,5.246732368138192,7.8913753016660495,12.93301720567341,1.807133707454955,6.078160946148945
dfs_475460049922dfcc,4.3694478524670215,0.0,,,7.168295158643323,2.5306285959305015,0.6277928025256241,3.725718186922117,2.2351335915421844,4.833955653490345,9.986984023148924,13.913873346541177,4.1082845903468765,3.682024618202654
dfs_a932de97fd9545fa,4.304065093204169,11.33136543069125,12.158907660042173,0.03929273084479371,5.755158307810987,4.587069367251069,0.843381331282066,4.007178821017414,2.544045268958674,0.0,9.858889987730755,13.561441195477423,3.0006498211243393,4.90555842124622
dfs_ae140e975602a121,2.639057329615259,10.173319966143714,10.650720375249316,0.3562874251497006,,,,,,,,,3.119942268016456,3.4566949425481437
dfs_1b3d4c79841f294f,4.143134726391533,11.162962067814957,,0.1271186440677966,4.008258685395006,0.3880686164508019,0.7999495235350407,4.055430602219323,2.7678093288975436,0.0,10.669884050157966,13.914943138079167,3.7005714823508122,4.226034796927278
dfs_808e6c71a28b0c74,2.1972245773362196,9.536762254111698,11.569627107839532,0.11359724612736662,2.4249461723840406,0.5857070402596343,0.7069681782858578,3.132827883832374,0.0,3.491964609750766,6.906628384711227,13.202041095400313,1.996901660409805,5.133311536834625
dfs_7d4c9d861254fcad,0.6931471805599453,8.622276500575683,11.934926432385152,0.0,1.6796655846296984,0.4302973807021419,0.6333333771905606,3.294224687908878,0.0,5.002828234560997,6.0867151126445025,12.430846866579515,1.807133707454955,4.487297088370426
dfs_6f824bf7720f97dd,3.295836866004329,9.920757740891672,10.75329654310945,0.03376205787781351,1.7961706780901894,0.0,0.5778094794005432,3.648425443665872,0.0,6.018763227832923,8.644357380099791,12.941364145952734,2.293814424193674,4.516763916859389
dfs_e08c57b7c388beb1,1.0986122886681096,7.828603176036132,11.176753183358013,0.0,2.2935283100084662,1.5511706530265696,0.8895326937613194,3.1821699769506298,0.0,5.028091945253531,6.428170712866443,13.220183132860546,2.1563374497238987,4.081663772501414
dfs_c3d84d5820ae8d2a,4.3694478524670215,10.466495629462736,12.337061433473261,0.0,4.529858601464518,2.1398809559840233,0.5694516883635257,3.1548987652218865,1.7049349952027233,0.0,8.801544644194465,13.311031419257148,2.4146555189783867,3.7264216425991714
dfs_f4e438ee5c963041,4.248495242049359,10.028347061899144,11.637953304653513,0.3003048780487805,6.0999027765004445,2.8558899202108363,0.7795640894418867,3.543335961777003,2.5201099779740237,0.0,9.543542904228213,13.8602104636581,3.8734872112924554,4.60203913285355
dfs_a02e927e80064f05,4.653960350157523,8.62024880379107,12.14935413491861,0.03106508875739645,7.075775939733857,4.263548386621239,0.7529708732846061,3.441796330035743,1.8226561434071085,4.507984722765767,8.820849910272013,13.581228958239562,3.4106363451196224,4.1166931072075
dfs_a0c57c95f93ae3a1,4.770684624465665,8.758791104506846,12.429224196812383,0.0,5.80389369492336,3.94423223729801,0.8904179695512241,3.3025474148673997,2.7903768253563457,0.0,8.329142188574957,13.718863084381082,2.6197576726867497,5.025618915415734
dfs_86dee87fec7413d9,3.9512437185814275,10.569251058333027,,0.48216106014271154,,,,,,,,,0.8212059263546096,5.550077923938175
dfs_3c4627f752d3c76f,1.6094379124341003,8.910535230222486,11.534579318865058,0.07840236686390532,3.1418855094294513,0.14290835497715096,0.04778319756453148,3.6024523356842137,0.0,5.366477356386243,6.324615747411005,13.572711343554117,1.996901660409805,4.343392212204661
dfs_41b02a8c4c67bcf9,3.1354942159291497,10.138323212715571,11.566883206563613,0.01808785529715762,2.2788647375720426,1.1823672129183704,0.890445034315803,3.3366497273218974,0.0,4.1166356674058475,7.917833765989151,12.980573981132814,2.5224557664912224,2.9184589221479618
dfs_58f32983d675b2c7,4.969813299576001,9.280950700651307,12.429224196812383,0.03063063063063063,5.936842452404424,3.2213301391254943,0.8493506464496711,4.299844206469743,0.0,6.740402776830939,9.542394003746733,13.764081464882814,3.4913728443217287,4.2893082140732055
dfs_2faea1ac1b2bb0ff,3.8712010109078907,8.015133042828042,12.429224196812383,0.0,5.778234297111002,2.0988754622957138,0.5734825602127508,4.0121531386116995,2.3456453979355136,6.204145934662919,8.527131630087803,13.56198125007602,2.4146555189783867,5.069854277992734
dfs_3b213d7c025eb8e4,0.6931471805599453,8.801744608102222,11.921631980702667,0.056137012369172214,1.381388490178352,0.751107067020883,0.8681038830321957,3.47513130633551,0.0,5.430924524359369,5.28151141491233,12.411781084771025,0.8212059263546096,5.848294889930098
dfs_845861d48f085b35,2.639057329615259,8.890574098882665,11.803735141365816,0.10437710437710437,4.046291429432948,1.5360268396621355,0.32067978804758474,3.4584843278740194,0.0,4.44668284086014,7.676258303654272,13.1990799442146,0.8212059263546096,3.7598637640581014
dfs_9cdeb59e0b79ce5b,1.0986122886681096,8.250776610345643,11.915359316793001,0.015432098765432098,2.0781878716508673,0.13475677267003122,0.4161323470314464,3.3031816613340435,0.0,5.14611908340291,5.160916004235642,12.478905004731619,0.0,7.230765080525801
dfs_b22b491b4b142e87,4.454347296253507,9.2099891033099,10.68434794707383,0.09900990099009901,4.627287623121323,2.428214243175518,0.8644089409486961,3.2283046432735745,0.12030246687724604,4.89843647061219,7.832669933222492,13.671648270652781,3.529421369656171,3.046927079139116
dfs_8132d2617b05d952,3.5553480614894135,9.02077097041786,11.540978279412263,0.24691358024691357,,,,,,,,,0.8212059263546096,6.190094317087239
dfs_b82e4f9d551d5f66,5.111987788356544,8.932567699682743,12.318458922624307,0.1346153846153846,6.334663106895385,2.5173822150236775,0.7996261974842283,3.5098420044138674,0.0,4.2740340772733845,9.699606795211766,13.873860594872692,3.5660751120561667,4.582371709650339
dfs_d5dfdb75a56ba2dd,4.77912349311153,10.74053489462651,11.007700793213884,0.02175805047867711,3.2087890002300217,1.3429178722240072,0.7557439053341964,2.989240141150385,0.0,5.469158466169348,8.520235399138135,13.705102882351598,2.293814424193674,3.8879629633663084
dfs_4c503a4371dd6f22,2.5649493574615367,9.627211154344147,11.527567741707099,0.06130268199233716,3.8710760288880692,0.7702682596200611,0.3275308230144118,3.409932840834239,0.0,4.826707098740035,7.162138777014527,12.944451284619044,0.0,6.347662809242591
dfs_b4baeacb9c7674eb,3.8918202981106265,10.222023315836209,,0.0,3.7755345123578747,1.9493533401933871,0.6391264532002096,3.4363995507621756,0.0,4.398613100382407,8.770746212120812,13.704465024281873,2.1563374497238987,4.087701833087557
dfs_502bcbbd24732143,4.962844630259907,10.223955080821543,,0.06181818181818182,4.802330220832712,2.7172854015523638,0.7823563820820753,3.623245390655153,1.9339547922802904,0.0,9.871216889897998,13.608079171557028,3.3676843746371405,4.6908166545838315
dfs_edc7dbf2ffa58655,2.8903717578961645,9.58914350436277,11.742718857002318,0.0625,4.780853323391498,2.275329723445248,0.791300276776222,4.017549333853467,0.0,5.756652288414767,8.67856765999838,13.446029681247984,2.8651744031446778,4.885960582017143
dfs_1c7ed3ee4051e274,2.3978952727983707,8.832234776108779,11.508756788098008,0.008241758241758242,3.3463011063947694,0.6725853331455702,0.3003257422743817,3.642132511433375,0.0,4.882650414502444,6.270982070728427,13.248541299413507,0.8212059263546096,3.9286617319189427
dfs_c9bc110e217ca3b8,3.332204510175204,9.91654693382266,11.251106052044175,0.03982930298719772,3.903077935772348,2.3120464023422347,0.4725939087608153,3.863910450171055,0.0,5.907551737996272,7.930821626210484,12.914876616366156,1.996901660409805,4.044447494627419
dfs_f60edb852654866f,5.7745515455444085,10.154265659977325,12.209277504479084,0.08036529680365297,6.3376792879443675,3.0083849182672306,0.8338374732418006,3.5079181943553586,0.0,3.739491985294608,9.896188857938032,13.919415514810156,3.6014327256248992,4.342293216382348
dfs_f4b7a3b826367881,5.805134968916488,9.301735297929737,11.576172527534057,0.07644628099173553,,,,,,,,,3.66860496723193,4.216009043725608
dfs_554ef63d0e9bf9d2,3.044522437723423,9.553527328482648,11.136849241755852,0.034375,2.882405331469413,1.7734598380229665,0.6768629356813555,2.6818132057150996,0.0,4.3250573812540445,8.187858442187098,13.588279915861563,0.8212059263546096,6.025662427357921
dfs_ea9801cff8b1a021,3.4339872044851463,9.414407277729588,12.16940347442314,0.0,3.1023646686655675,1.8371769149498145,0.7443671615236607,3.923498052568471,0.0,6.4102418250552935,7.946480585622136,13.437016440580473,2.1563374497238987,3.9948962651679203
dfs_3a3dd45227a15002,3.1780538303479458,10.476927341743957,11.228531314706773,0.1352,2.545395129813834,2.2740660294560713,0.4656704702066219,2.892089468724935,0.0,3.482516307770043,7.343373784913202,13.55990450525157,1.807133707454955,5.158727750879782
dfs_85958aa8dc93e06f,3.295836866004329,9.81745117698901,11.991684404385566,0.09078014184397164,4.674701576060757,2.96676281317977,0.6342569277989796,3.340115130910973,0.0,4.614659803636671,7.467477276682818,13.664932986973795,2.5224557664912224,4.804348752065502
dfs_c613a271940f4e1a,4.976733742420574,9.285501186109391,12.429224196812383,0.03545051698670606,6.691485484122061,4.757226350018008,0.878024410524374,3.8343090743009904,0.0,6.208493695145907,9.399807710648792,13.57842020051744,3.529421369656171,4.3841163490103465
dfs_3cf0f835314088d8,2.70805020110221,10.496095788574348,11.019972502738868,0.15154536390827517,,,,,,,,,2.6197576726867497,2.607504423792077
dfs_889f05b45f7bacbe,2.0794415416798357,8.506687066033937,12.241246720537827,0.007853403141361256,,,,,,,,,1.5727155517124787,3.689373282740818
dfs_9ad3e38a8e2833e7,4.189654742026425,11.816872483551535,12.313405714425043,0.01719777440566515,4.225999818931883,1.3773855630293625,0.7907458726104265,3.603468929411095,0.06923868848156448,0.0,9.48222461799242,13.372480644929729,2.6197576726867497,3.3986027998822577
dfs_db3181e849951e85,2.639057329615259,9.822190749638908,11.431281475929719,0.0706436420722135,3.2321681470207313,1.593604808547285,0.8429415723456031,3.605785107577387,0.0,4.931011973680018,6.7442385037536265,13.129632890351328,1.807133707454955,5.616589017280691
dfs_0dd0125c28ec5039,4.948759890378168,10.264536811558195,12.340389354712912,0.07043235704323571,6.810292875989046,4.591855373715217,0.8245961480908294,3.6140240254471987,0.0,4.522693524872332,9.461391923599159,13.517710807324207,3.3228044116247886,2.5346879837371317
dfs_d199ef406ea5651b,2.639057329615259,10.374983943673666,11.213089836345878,0.14262023217247097,3.5139881917255984,2.4632445174327233,0.9225860015821484,3.53701170766368,0.0,4.668839032425916,7.565842115099463,13.690628508833031,2.7084257966964724,3.7060478897086426
dfs_5efcf7ab3d34aa91,4.820281565605037,10.66731568891465,11.894405210327882,0.0754985754985755,5.804768207245302,4.029994196066191,0.9364529011154605,3.268169455004346,1.762567748234205,0.0,9.181115781139624,13.527541777749084,3.3676843746371405,5.016112864332551
dfs_d6bb6b09a8299228,2.302585092994046,9.22977776258075,11.617861890714638,0.03443877551020408,,,,,,,,,1.2659553055395139,5.978857817322506
dfs_397b68ba398050bb,4.204692619390966,10.03959539282777,12.076914533302284,0.06280788177339902,6.681503232249115,3.302074352841755,0.7529308777905114,3.4167919007030285,0.0,4.2601234833055015,10.081723201055732,13.929365890282678,3.8734872112924554,3.621200448618711
dfs_95f90c19f9d992a0,4.304065093204169,10.64541523505968,12.429224196812383,0.029296875,5.982428933090409,0.8847214132111098,0.6464140382995205,3.404575989236846,2.128391444171755,0.0,10.597964718011413,13.77617079772517,3.9741114275380682,4.2056196062061195
dfs_f877d9030748fb01,2.4849066497880004,9.810460596643912,11.095681254825768,0.03724928366762178,2.2958648719402737,0.8044282741509606,0.9056055474926307,3.5178206880728418,0.0,4.809262737935927,8.11556034616851,13.05733193480093,2.293814424193674,3.6967179059946798
dfs_57db1863e7b66fac,4.770684624465665,9.899056603234575,12.080310990170013,0.14866310160427806,6.323884381750578,2.2036152406611955,0.6872294634505274,3.1162785049672914,1.9309617149523308,0.0,9.133388546220592,13.578892887039405,3.3676843746371405,4.680720489583694
dfs_e9f11f6c29782a56,4.90527477843843,10.912868836373137,10.282882432911109,0.21178343949044587,4.672744350179885,1.9360185861485237,0.7822345565182399,3.518401071698732,0.0,4.266809047953248,9.043039464195424,13.621560450894368,3.4913728443217287,5.369042591483953
dfs_2449b8f64ac7bb34,3.1354942159291497,10.090662132134254,,0.03571428571428571,5.581625043075906,0.8730558642468889,0.14293628254444216,3.4931288769679805,0.0,4.855704637473161,7.563766166783223,13.127563831571242,1.2659553055395139,5.860649630569618
dfs_73b8273f192c1112,1.3862943611198906,8.682183262119656,11.640544413493148,0.0625,1.2016069497456865,0.2824533181871403,0.6419076668278991,3.350732687754833,0.0,5.166726396147614,5.5486109365670835,12.921103619590124,1.5727155517124787,5.377327400624478
dfs_041b09fc3aefae5f,4.574710978503383,9.583280264684898,12.281342442503984,0.0,5.820818718361798,2.6243428282269923,0.6341823318073908,3.4661708803071765,2.234425443370988,0.0,8.351884099031713,13.384318327344825,1.996901660409805,4.329162048325749
dfs_b99b4f287aba9a39,1.9459101490553132,8.236027057790759,11.796366055039636,0.06066176470588235,3.064886351849051,1.059963395751633,0.6620343754791665,3.471074729014144,0.0,4.983013749643017,6.671707076537379,12.807192252633445,2.1563374497238987,4.435088246817687
dfs_47796f232999477d,2.5649493574615367,8.998756969226282,11.931333122447288,0.0022988505747126436,3.2935547667820053,1.9047749474114417,0.9015940920784954,3.552537928421958,0.0,5.52375710431016,6.648527929973644,13.567064583162818,2.7084257966964724,4.46227682364289
dfs_4faefc10bf926fed,4.882801922586371,10.442610403128043,10.693262226679666,0.045121951219512194,3.726170483274112,2.082755463975662,0.859537904296856,3.4239864739229393,2.0024298562606764,0.0,9.231996487383883,13.558721025761663,1.807133707454955,4.705781233723665
dfs_2c86a605e3bc2a32,4.919980925828125,9.947300938429834,11.311616788263537,0.01348314606741573,6.48814521914762,3.084099485004735,0.7315267719505488,3.520843423554592,1.9294938345529529,3.703576674348329,9.46355057766389,13.63626067873476,3.174644349887469,4.602064758270557
dfs_d898cc156be337c5,5.1298987149230735,10.153884528140091,12.031231043990045,0.04048996257230351,5.9243709097805235,3.529739453743084,0.5443193023639348,3.5803339670264704,0.0,5.288965217735767,8.604776249644004,13.559608766661665,1.996901660409805,4.1575430064303704
dfs_f11223fca41a5134,2.833213344056216,8.873154226572408,11.374191993537472,0.061823802163833076,3.388017102573455,0.5987341756025955,0.6320169338295006,3.126900216785145,0.0,5.02447052227947,6.731863554421913,13.428009623525698,2.4146555189783867,5.065947114690781
dfs_6ae39adb172a1dd4,3.970291913552122,10.248406933632728,12.429224196812383,0.036458333333333336,5.987643876248244,3.611543612922728,0.6402774045197678,3.6393243706265794,1.890091581167364,4.682233975226449,9.014726187202418,13.610254811647518,3.119942268016456,4.988353442171953
dfs_1eb6ba63285d18f0,3.1780538303479458,9.945489207255244,11.027523893544396,0.052930056710775046,3.961634706322244,1.19788833613696,0.31177315067123484,3.4233545204624503,0.0,5.3271613972851855,6.663252961879899,13.572397690462063,1.996901660409805,3.403556045223319
dfs_5afd5058ce79cfb3,4.127134385045092,9.49484879137728,11.43835276946472,0.026627218934911243,3.2653466405197316,0.8229458483343364,0.549749868681788,3.240598241267662,0.0,5.074942113722249,7.488439607570792,13.365963459820076,1.2659553055395139,5.84248998276626
dfs_4c67406d30c1c4dd,2.4849066497880004,9.281076130284045,12.429224196812383,0.029182879377431907,3.701332576166587,0.37744623188737214,0.4317593557975512,3.012913501882374,0.0,4.59363410568028,7.900279822250887,13.35290985928512,0.0,6.779222800836275
dfs_70c761ae7f9fcc0c,2.833213344056216,10.67030979302546,11.609071658853741,0.022222222222222223,3.7264617230336636,2.2840754303475856,0.48761237267174135,3.9067279454436648,0.0,5.214474692385546,9.256908564174203,13.445792347832496,2.9352045584387274,4.035785395419001
dfs_67154071dee3999e,4.442651256490317,10.398249679489808,12.176746816148345,0.03322784810126582,3.863797194180666,1.4543321798597701,0.7595248961069969,3.8675445495773806,2.039305277676863,0.0,10.381418043373014,13.523535282892405,3.0006498211243393,4.925941183676914
dfs_124185a694d41bc4,3.4339872044851463,9.324402694583862,11.870858617033038,0.02635431918008785,,,,,,,,,2.6197576726867497,3.1797662916234035
dfs_7b7ab786cd8f3518,2.9444389791664403,8.770973236013054,11.860507190629843,0.02745995423340961,3.0206973087601114,0.0,0.10649299626836421,3.5577629972559097,0.0,5.0443293705964205,7.011313080600973,13.525786401878268,0.0,6.570450857878939
dfs_27fac05193fecd12,1.9459101490553132,8.733950003585312,11.78306709944502,0.012224938875305624,2.043816417228871,1.4390165259727519,0.7905450627440271,3.2746802478583588,0.0,5.005670595073633,6.31911162234588,13.165495661150073,1.996901660409805,4.788062395723192
dfs_b94b2f755443e063,1.6094379124341003,8.21992567442715,,0.15789473684210525,2.111909030142367,0.9918540335469327,0.8303871044088994,3.2676713458682194,0.0,5.313234787777562,5.628640440834693,13.20228669333557,0.0,7.130649501809826
dfs_f0dc8cf416c0235a,4.276666119016055,10.112685685590172,11.688289541196685,0.05628616517622304,5.80389369492336,3.94423223729801,0.8904179695512241,3.3025474148673997,2.7903768253563457,0.0,8.329142188574957,13.718863084381082,1.807133707454955,5.020866955741559
dfs_a82d9aaf3a1114c7,3.7612001156935624,11.156972420886314,11.677125480650488,0.03734439834024896,3.8615138505928703,1.028608426831583,0.7079055201354324,3.286876084068973,1.0947746618684568,0.0,8.542199195963487,13.234341150640375,2.5224557664912224,1.8103752300841274
dfs_58b111252789d935,4.465908118654584,10.306200789829449,11.601439878500967,0.10013531799729364,5.507939547348197,3.992575497094015,0.8572728782933173,3.5427646491540865,2.7081948910170284,0.0,10.318465024036055,13.811796670012079,3.997761355241824,4.428228720134545
dfs_393268733df29bc6,4.465908118654584,9.848900958176326,12.352680665166265,0.1135091926458833,7.405952455737231,3.2581464723811995,0.6759401581693133,3.5637683391986146,1.0608486804709338,3.8596034749659283,9.56249633427854,13.84182819095692,4.1082845903468765,3.128102457745343
dfs_6ae8c231b59be4f1,2.302585092994046,8.211974984014418,12.048307106632107,0.09663865546218488,1.3823197206575784,0.4201719461683047,0.5581718327228097,3.523921834180521,1.333507425647426,5.284968674027658,5.7661546891481095,13.52638744771609,0.8212059263546096,5.951174125267032
dfs_9760530abe029c6b,2.772588722239781,9.33786621349495,11.197090801098856,0.04017857142857143,3.3151582271960622,1.3697186797771892,0.7966379821960843,3.2374899680318143,0.0,2.9941734859245592,6.697528899259297,12.777425003968869,1.807133707454955,3.9056538648250587
dfs_67cd734430bb6c32,3.912023005428146,10.519363033987593,10.989537936492082,0.07424242424242425,6.4669525226393105,1.5354542255123305,0.3276673843283227,3.3985156903957154,0.0,4.082524099620056,8.048689183119123,13.429022736652502,0.8212059263546096,5.508281748949721
dfs_00910f80c8d58196,2.639057329615259,10.23491629892365,11.530116842782805,0.014194464158977998,3.0669520335144873,1.7272644459646735,0.8702834968881088,3.7649973972481843,0.0,4.422060543419679,7.851846995270061,13.420256637772225,0.8212059263546096,6.054428860461536
dfs_6b9cce30f83bb65c,4.276666119016055,9.735353747765837,9.972547088467623,0.14105793450881612,1.1287447843882412,0.0,0.24058857579708925,3.612503997844971,0.0,0.0,7.809887938362464,13.110582251668488,0.0,6.6753996957514605
dfs_9e637b875ba9c4c8,4.31748811353631,9.914449326578717,,0.0,4.108239492559196,0.43760076503237627,0.727701587974026,3.7304250038427575,1.599435293057426,0.0,9.475749686898935,13.467396011901076,2.8651744031446778,4.3377172842595
dfs_d80ad1ece31f6a06,2.639057329615259,10.529466028910043,11.024154831985069,0.076158940397351,4.494242531154532,1.882734596354446,0.39055394010608646,3.09822250041935,0.0,3.8440538872931627,7.213288233195665,13.191389315011257,3.0006498211243393,1.8108688489966804
dfs_3ae07c7d4cc651e7,4.1588830833596715,9.634422388982221,12.429224196812383,0.04530313124583611,4.745361930670407,1.9955514449318021,0.9098257502927476,4.177227465873493,3.133992429270139,5.459417101749795,7.431777785102603,13.659878448027763,0.8212059263546096,5.378961863253245
dfs_51989bb72b65fbb0,2.0794415416798357,8.733950003585312,11.78306709944502,0.012224938875305624,2.043816417228871,1.4390165259727519,0.7905450627440271,3.2746802478583588,0.0,5.005670595073633,6.31911162234588,13.165495661150073,1.807133707454955,4.788062395723192
dfs_59d5e7cc24141950,1.6094379124341003,9.138682396978654,11.725307316360391,0.0,1.7613921315033303,0.5595363301241424,0.9606474164422156,3.503637859146134,0.0,5.332171229220775,6.206332942091633,13.573259362796936,1.5727155517124787,4.098379034237728
dfs_a6fdf50e3bed6643,3.8918202981106265,9.611874887441171,11.841495129790678,0.1574539363484087,3.0044012239884865,1.0068731872100471,0.8049359623988763,3.587737122049486,0.0,5.4945021655576385,8.807666826265985,13.675480379617063,1.807133707454955,5.18163211944258
dfs_d08083aafd66b636,4.442651256490317,9.354827642522489,12.429224196812383,0.008298755186721992,6.622585818354012,3.792116483438633,0.7589352347707612,3.5463894428916753,2.0464515841789175,4.2055489385301215,10.465935818219167,13.755459021902825,3.8466654526656625,3.6916279669054233
dfs_b01349e23d4498c4,3.8501476017100584,10.35919114546379,11.082773119257247,0.13740458015267176,3.366459375960818,2.1018773573777243,0.4936225753471029,3.108843288085698,0.0,0.0,7.830642370075082,13.737740349540578,0.8212059263546096,6.008138920010794
dfs_6f1bdb3d3780bb4c,4.564348191467836,10.536661774882475,11.987275883225275,0.10498409331919406,4.583318320908677,2.770010095007845,0.676429276783536,3.7812053871985554,2.6096993358642515,0.0,9.881637256648848,13.63060165687998,1.807133707454955,5.7157069223610675
dfs_9254ddced0981256,0.0,8.24555650517972,11.92669598744148,0.022748815165876776,0.4144953725282516,0.0,0.4488393855208422,3.5146927710887224,0.0,5.486060621708231,,12.378550074164588,0.0,8.305165465405835
dfs_7235e7dc7cd2dba8,0.6931471805599453,8.742631721792021,11.530922541671883,0.01859504132231405,,,,,,,,,1.5727155517124787,4.018219931606203
dfs_021746bc50cd6e0d,1.0986122886681096,8.956410719517073,11.413933515763278,0.0,2.3467873199537634,0.9282152718756189,0.7811823003706483,3.415131227185952,0.11006764260524188,5.275458873708001,7.050138969656751,12.936787731801694,1.2659553055395139,5.562624810414515
dfs_b7a6d2ded0d4eb37,4.997212273764115,11.124696110523994,12.018085067109592,0.0855379188712522,5.453191766637762,4.066256685153147,0.8147906787224156,3.4210512427370343,0.0,4.933352466309089,9.678573731568815,13.441714160596769,3.4518191713062434,5.0901528768509205
dfs_fe5366c0720ff214,1.6094379124341003,8.640678186484635,11.795348734122818,0.09012875536480687,2.1140493336494552,0.45304657905207957,0.7725191518587566,3.4979343590311602,0.0,5.114767062360137,6.085930205709188,13.592506996850979,1.2659553055395139,6.041761765705733
dfs_8989470f61b70380,3.2188758248682006,9.82846182668941,11.299682738333281,0.12406015037593984,1.9923381610271909,0.9996502092786492,0.8439705266784981,3.3016873266769786,0.0,4.244103420661064,6.371428233950328,13.851574370268636,0.8212059263546096,6.214763472348998
dfs_b9ae15fbf2156885,4.248495242049359,9.819675767031809,12.280511991345007,0.01863932898415657,,,,,,,,,3.529421369656171,4.158034751607724
dfs_81fdbb81dfd07d6e,1.791759469228055,8.65525813374909,11.67392123504943,0.038669760247486466,2.0337839488975713,1.791482407379595,0.5362918958688218,3.629813469348543,2.5953970626969203,4.689644322783231,6.14532492985169,13.231626667321407,0.8212059263546096,6.157724315852124
dfs_c332f608a853d5c4,4.955827057601261,10.561835688794028,11.93906863406412,0.1260720411663808,4.3112455634905835,1.9602862366905491,0.712697098203712,3.8293614654107513,0.0,5.471120463477324,9.322932088931566,13.481149092098272,2.293814424193674,4.826802939686752
dfs_8c00a90f1aeefcd7,2.70805020110221,9.57048692048795,11.340486910030222,0.00625,1.0344587811825314,0.06032339114024031,0.7266835047425872,3.712359583285594,3.1568234766733365,4.4218688634864804,5.737637448910394,13.564683582287612,0.0,6.59915615017533
dfs_d1a82630472ac27f,2.1972245773362196,7.993896763221542,11.67526537844559,0.0,2.3749259739363864,0.058679419675593175,0.4839242743252165,3.4466610103843114,0.0,4.725104911925282,5.982483566469626,13.198433280854449,0.8212059263546096,4.7936919878620365
dfs_c86fc1e460b95bd1,1.9459101490553132,8.784212449697726,10.63931100737651,0.0,1.8804777315892518,0.389815797296989,0.6017908836803179,3.3796723576456276,0.0,4.901668533325731,5.408947269388709,13.06786495206783,1.2659553055395139,4.952430947390717
dfs_b46a5470f8426637,4.770684624465665,10.382199224658791,12.120705370808873,0.07223113964686999,6.626238458494431,4.866767192142949,0.8627839799611426,3.4203602538009696,1.6500865575722004,3.1521813984150358,9.285833532914225,13.5974528020405,3.3676843746371405,3.4557859527821098
dfs_f9e4c7a8fe61bffa,5.356586274672012,8.365165232601553,11.175590856613375,0.0,5.708316194521091,3.05350997904407,0.3575653351584455,3.393349985608822,0.0,4.892605069129603,8.4564151577078,13.755507867708307,2.7084257966964724,3.543325635806827
dfs_23ee2a54d16dfba7,4.174387269895637,10.628714445431811,12.429224196812383,0.03456221198156682,4.400931748852488,3.58953779873384,0.705302641433164,3.8033277466922737,0.0,4.909427237822054,8.663396110207053,13.544840293989525,2.4146555189783867,3.7165002762315975
dfs_d0597e3c12f0135a,2.302585092994046,8.268971842156047,,0.12217194570135746,1.5970599635616267,0.27230904999444916,0.3828656988671555,3.555664426799154,0.0,5.457392696758242,6.147959469044899,13.16522169720623,1.996901660409805,4.131697495479431
dfs_3771a8f6eb8c16b6,3.367295829986474,9.583397570253107,10.982475198067938,0.19123505976095617,3.280923109102455,1.8020201043444115,0.6907164354153077,3.4946690412331454,0.0,5.467460982618661,7.228941622697186,13.10642300200183,1.996901660409805,3.7392956265453527
dfs_65fb5a92946f4fd1,5.030437921392435,10.787767139381174,12.429224196812383,0.07572815533980583,5.6504899678455045,2.649872986373908,0.7110225147361334,3.2583158595145165,0.0,0.0,10.110814092672346,13.481425669358678,3.4913728443217287,5.1960825271116144
dfs_496b3e3fc825ec4c,2.5649493574615367,8.844221202948852,11.739821965153745,0.0391304347826087,2.4320281557209245,0.11192162959357245,0.6687066527831884,3.1299130582444747,0.0,3.9421270530976606,7.329867562992465,13.344270965230246,1.807133707454955,4.974108467317542
dfs_a35d1209a1095925,2.3978952727983707,9.626726041996543,11.062740149172154,0.12993039443155452,3.7973495966676714,1.2300119114677752,0.692642548295712,3.381776047623448,0.0,3.997006052627472,8.142781616202372,13.080520028145518,2.789868226539849,3.187093645891922
dfs_fe5750be96992a3c,4.890349128221754,9.208074732305137,12.129240196125775,0.03171641791044776,5.775233738261305,4.147526603272718,0.924013753658421,3.7090091112853463,0.0,5.004630414945727,9.030116387791841,13.470834763992373,3.0620738268031755,3.943083770922618
dfs_12f1558ce9c894e1,4.927253685157205,10.684770658203275,11.196583253025215,0.0911062906724512,5.245772256788458,3.783383723867926,0.8859917101375365,3.9263222443233166,0.0,5.70895143386583,10.026381516784252,13.55076866918693,3.6355827541784427,3.284019369731749
dfs_5a01804c0377f14e,1.9459101490553132,9.22409054703229,12.029812680114814,0.017543859649122806,2.9233350274373557,0.4630043912162015,0.7109372089498414,3.4850747352313944,0.0,5.327927845037594,6.893844611862869,13.768866439390834,1.2659553055395139,5.737667150381261
dfs_2b2f82c965106c6b,0.0,7.92455220470037,11.56884255312859,0.0419047619047619,1.162877727329723,0.06675250814900346,0.6306237620241048,3.418532149239408,1.9198201490409608,4.777778323831408,4.845979768006607,12.570937956652605,1.2659553055395139,4.008982665790598
dfs_db7547dc0e08880c,2.772588722239781,9.49226492514016,11.088552728934436,0.16244725738396623,3.211051767202956,2.585610835140372,0.8293884448513376,3.617433570472386,0.0,5.304962798312831,8.072643236257456,13.106368132819092,2.9352045584387274,5.128555722149311
dfs_855768e6b9907911,3.295836866004329,9.22611026624673,,0.09883720930232558,2.8078937111613596,1.2330789790700531,0.9246250769376066,3.4102909285375542,0.0,4.139506492373162,7.6142305341775565,12.867489192128506,2.4146555189783867,3.1879215955282922
dfs_97856326cabffcbe,1.3862943611198906,8.417903990961975,11.684784142914062,0.027946537059538274,1.9166440820334327,0.9477534529299844,0.7823666252494367,3.3300242441312844,1.6799327223698095,4.738902902518826,5.309945228790973,13.44732100318128,1.2659553055395139,5.010149755359726
dfs_1a3efd2b982d9d8e,4.0943445622221,10.465438503957195,11.497334555923976,0.06451612903225806,1.6942440845629245,0.11636302340207261,0.46723411963764605,3.520319665174753,0.0,4.58462817803125,8.576834111280753,13.456616009668169,1.807133707454955,3.6164990824972074
dfs_3cdd341223947b82,4.553876891600541,6.736251065457,12.429224196812383,0.18840579710144928,,,,,,,,,3.3228044116247886,3.511583261622323
dfs_68b34cac845297c5,3.367295829986474,9.444245682304555,10.76111049674444,0.07522935779816514,3.048962583370299,1.9929525442113012,0.9550969693066816,3.7052401957899086,0.0,5.187935665447119,7.276041323144707,13.187557308713723,0.0,6.322064002741452
dfs_cc50a847b69bbc2a,3.2188758248682006,9.76160607516466,11.121540761070069,0.018111254851228976,3.7018766767785145,0.9818861938343737,0.319153875824182,3.55137844910097,0.0,4.887571130881163,6.77534921870844,13.314889358179599,2.1563374497238987,4.4608164659963485
dfs_bfaf254b4dfda64b,4.465908118654584,10.956519772932314,10.47522952026939,0.06313645621181263,3.4783410743284056,1.3456641040025397,0.6638059484001384,3.1340498089198605,0.0,0.0,9.318725319463733,13.094745490367655,0.8212059263546096,5.260970828429355
dfs_1ba5b7fe98c65855,3.367295829986474,8.718738289935978,11.846722698387037,0.0,3.760590211940432,2.191646654344999,0.8971933883893395,3.198194427914702,0.0,4.624696202397509,6.937999586570417,13.704434852790465,2.7084257966964724,3.4623737659138656
dfs_615f7908209bbef1,5.351858133476067,11.5046651457708,,0.22520661157024793,5.1937943943105775,3.1543159999972707,0.5570435835473819,3.5558512925677097,2.129611639578232,0.0,10.761450353637345,13.781867938280053,1.807133707454955,3.859803693446438
dfs_feaf8a5b5763c17e,4.804021044733257,10.419163105474102,12.0937490549462,0.0,6.4499688871155865,4.034461962426279,0.8708268200905773,3.060740998503687,0.0,0.0,10.475115200589805,13.641690361981155,3.4518191713062434,4.256478104748057
dfs_429791480706d3ae,4.59511985013459,10.107042508560363,10.854643371736362,0.06580829756795423,1.7887343586331703,0.8292492508120392,0.8294738335863812,3.209494931367973,0.0,4.378595176200571,8.240869188210263,13.683826600636932,1.5727155517124787,5.089526611092555
dfs_dcfde44ba5213b6f,1.0986122886681096,8.4239979314512,11.782670119540732,0.11231884057971014,1.2295664966345434,0.43554645086216903,0.9488168176767685,3.4754050426924246,0.3770075045590774,4.697922909521838,6.655824343324034,13.170248370124902,1.996901660409805,4.086600410150602
dfs_343dadf480b5ac81,4.31748811353631,11.218307959441562,12.322761749728329,0.01439162668992586,6.2637174828852435,2.8699820686976185,0.7044066449406793,3.89343777496833,1.9336054720097078,5.858907670572716,9.046036808778346,13.680531260488387,3.4106363451196224,4.841633406550704
dfs_109f57a93206f65e,2.639057329615259,9.507387480012014,11.292627860105938,0.0,2.5547337088584823,0.8594608841838649,0.8309030894214039,3.2860372774373956,0.0,0.0,8.412743124809419,13.001467251105694,2.1563374497238987,2.425825301567815
dfs_1feb0378de0737ce,5.10594547390058,10.063414704753763,11.942640811412936,0.10171017101710171,5.851559314139489,2.914517525257073,0.4192814009260507,3.5203193396267802,0.0,3.724255744776101,9.090518948038657,13.587673509403773,2.8651744031446778,5.037174869357646
dfs_5bd6df91df241d3f,4.454347296253507,5.851387762511735,,0.0,6.998911988158418,4.611838875032824,0.8132780189664125,3.526212893730343,0.0,4.109613683755075,9.01680864259625,13.765641512011134,3.997761355241824,2.6389197968758666
dfs_978007a12d677216,4.465908118654584,10.380160424939714,12.429224196812383,0.0,5.091325842387845,3.042891207499012,0.6817366214490088,3.4870426287264884,2.1349644291719536,0.0,10.5988732151247,13.83402510113421,3.3228044116247886,3.11019795998132
dfs_65f911e18a0f5326,4.6913478822291435,10.202586520531668,12.429224196812383,0.0,5.823147515304215,4.568039051146446,0.8658071461766992,3.5533199510875684,0.0,5.532679247536597,9.554941568330776,13.604942601351844,3.5660751120561667,3.7814108210278694
dfs_7099db5f966f0785,4.454347296253507,10.505596335409665,,0.24199288256227758,3.178659331106541,2.4222286312644385,0.770112981608417,3.72087246195696,0.0,5.903482884979353,9.393667867127785,13.583552018551332,2.1563374497238987,4.905001944786183
dfs_944dcca92e268316,3.9889840465642745,10.316956341200077,11.300016857468423,0.093255620316403,2.5871678749928355,2.2622266787438843,0.5807183463646902,3.334484474017838,0.0,4.157873603276502,9.080287711179349,13.394607901724756,0.8212059263546096,6.065345975880463
dfs_cc30cb13224a6789,5.003946305945459,10.317927154497625,,0.009884678747940691,4.386141511511386,2.340905220747731,0.8676082678346602,3.7497671865733526,0.0,4.792992903044376,9.399398924822481,13.608205906394083,3.0006498211243393,2.386313330607155
dfs_261431367e9779e5,4.330733340286331,8.893804492139774,12.429224196812383,0.0,6.9468278000735,2.515903281652096,0.6177876443954804,3.761475864333623,1.8043084034806594,5.319698583798728,8.395885425256497,13.565610985445597,3.6014327256248992,4.158034751607724
dfs_e79332b7516e918c,6.013715156042802,7.0379396444192395,11.922555222209168,0.0,7.434867685767489,5.3143429531040365,0.8817944755033347,3.265347396466099,2.1245474954120827,2.756068646061024,9.571561144209412,13.698197786716248,3.7005714823508122,3.2561992569007376
dfs_f4994643871491c0,1.6094379124341003,6.7182064061943105,,0.14979757085020243,1.556814517964395,0.46527037797195586,0.9408303008985487,3.1445930522925245,2.172281779207444,4.626515789618897,3.629838982712453,12.617827928940528,1.5727155517124787,6.0088300600982
dfs_8b9ac85060cddebd,2.772588722239781,9.224220233797421,,0.041666666666666664,3.1987064635649514,0.6799559370619593,0.5267577173214775,3.142359400113166,0.0,0.0,7.441018077122544,12.991074040921054,0.0,6.263673929983483
dfs_4096e20a62dcc730,3.1780538303479458,9.697553955838366,11.885619416747849,0.0625,3.1317899783276704,2.572354489792625,0.6175601434353812,3.3809171288051814,0.0,5.3978492073851285,6.971446526503518,13.55841200527011,1.2659553055395139,6.188986305114973
dfs_6fe6e6c486e6ab0b,2.8903717578961645,4.74441710782641,,1.0,4.572010363766219,1.4150430145188608,0.7363963831863848,3.5475596728027017,1.7555672173549575,3.8087050092987607,7.365516758562781,13.849265398878458,0.8212059263546096,5.974256158928716
dfs_f4e21be342f000b0,3.367295829986474,8.465626645773652,11.529733416619596,0.03741496598639456,3.15832154799075,0.4077874298840491,0.5911882878261627,3.1738274001952367,0.0,4.04876069791233,7.1012203789813775,12.724536027222543,0.8212059263546096,3.6555946746048535
dfs_b14b14b5a2ea9a33,2.9444389791664403,10.157129110582346,,0.05390835579514825,2.966094612236829,0.0,0.5208985973636666,3.958189025456273,0.0,4.65683901011753,8.866945885930944,13.603031191559678,2.9352045584387274,4.035785395419001
dfs_15498b0de2d90949,4.406719247264253,10.199731299369445,12.26947458350174,0.0,6.216423578870405,2.54976038791088,0.747591170093135,3.4995032124138072,0.0,5.284334694805067,10.20773689988822,13.835557273115649,3.3676843746371405,4.22142961002596
dfs_b914d960fbe1c23e,1.791759469228055,9.337837652751935,11.021722713783415,0.056847545219638244,3.6165422448032953,2.722928381011977,0.6379108853045701,3.6166918156940397,2.476453922903887,5.053939002690759,6.539510249384973,13.100379492895387,0.8212059263546096,5.458272948395175
dfs_f156cf05bf939ede,4.465908118654584,7.815552286210703,11.47341510987477,0.028985507246376812,6.998911988158418,4.611838875032824,0.8132780189664125,3.526212893730343,0.0,4.109613683755075,9.01680864259625,13.765641512011134,3.9498886044713344,3.2642395101750488
dfs_ae2708fdcbc4ec5a,1.9459101490553132,8.985826430093375,11.665492033612775,0.03614457831325301,,,,,,,,,1.2659553055395139,6.02000812965929
dfs_dec0193c919095a3,4.04305126783455,10.2071632469858,11.738737452838711,0.0,3.56572320158129,2.8481397829665545,0.7883834969357625,3.6028366285592517,0.0,4.1250400921904955,9.399092040569675,13.56821902697026,3.0006498211243393,5.82935976734673
dfs_7353cfd8ba925806,2.70805020110221,8.57575292448758,10.781307689847694,0.04524886877828054,2.1879447052985115,1.5061402100579724,0.8564905429827533,3.336412782891646,0.0,5.055741528695753,6.1976293462860435,13.096643437293702,1.807133707454955,5.625942062838837
dfs_ca56fe706b1a0ca8,4.04305126783455,9.574757357299639,11.777134181236367,0.0777027027027027,3.3311666686014885,0.753202140352372,0.5432595059791926,3.2712606907955832,0.0,4.624546693558124,7.057881879675358,13.741012201928372,0.8212059263546096,6.008138920010794
dfs_20f494b0fb274d5c,0.6931471805599453,8.4239979314512,11.782670119540732,0.11231884057971014,1.2295664966345434,0.43554645086216903,0.9488168176767685,3.4754050426924246,0.3770075045590774,4.697922909521838,6.655824343324034,13.170248370124902,2.1563374497238987,4.081663772501414
dfs_e1fc8334da2c4a6f,2.833213344056216,9.33786621349495,11.197090801098856,0.04017857142857143,3.3151582271960622,1.3697186797771892,0.7966379821960843,3.2374899680318143,0.0,2.9941734859245592,6.697528899259297,12.777425003968869,1.5727155517124787,3.958452921680339
dfs_6a28d3223d94e309,4.110873864173311,9.594662382893727,,0.09633649932157395,4.60392020632079,2.4258576481584035,0.8269274467726078,3.5588215634574563,2.4997166830312607,3.969208187088687,5.425479867429736,13.60121400628486,1.996901660409805,5.43214747639016
dfs_e54a038be84d31a9,3.1354942159291497,9.341613343207081,10.890572199710363,0.0,2.397868168496079,1.4992116152723869,0.9362933802806733,3.2551252726528035,0.0,4.25650795933245,6.994581059290602,13.071825587025424,2.4146555189783867,5.299705535880901
dfs_62906e4a802340fe,4.330733340286331,10.123567241460117,12.395576679800147,0.01689545934530095,5.833582069314111,2.807337174490028,0.48988816575263966,3.4456196275917006,0.0726101649982274,4.7914277943495245,8.753342433774081,13.589217050743953,3.22650867441372,1.7534006059148939
dfs_0fb6298a4fa6aed1,2.4849066497880004,9.337837652751935,11.021722713783415,0.056847545219638244,3.6165422448032953,2.722928381011977,0.6379108853045701,3.6166918156940397,2.476453922903887,5.053939002690759,6.539510249384973,13.100379492895387,0.8212059263546096,5.458272948395175
dfs_49cd43a6b5047356,4.110873864173311,9.9886847599916,12.275328149192942,0.0,4.209690883599924,3.1701131403944713,0.8641975471842483,3.5020362984479796,1.27639830554032,0.0,9.66720996420609,13.812258275020863,3.275815204077272,3.330481689797339
dfs_56bdfdca592cb396,4.3694478524670215,10.76882613523056,11.98413461728095,0.009562841530054645,4.765162938483459,2.375269600027427,0.9123413490156973,1.8524978381779336,1.2483907586328853,0.0,10.340622654202152,13.537398546052268,3.119942268016456,4.678324953925935
dfs_0aebae736da60d41,2.9444389791664403,9.705247031243248,11.04404120899241,0.05567010309278351,3.2555759855924618,1.8860730416867506,0.7654373758390473,2.923052075501223,0.0,3.7871404860462636,8.199232064727466,13.206208079099376,2.789868226539849,5.245062455752957
dfs_6e7ff0594aaa7159,5.493061443340548,8.365165232601553,11.175590856613375,0.0,5.193750169287973,2.0412128922631387,0.19677101291592017,3.2934306531486333,0.0,5.406089523320143,8.055162836993949,13.770869822993827,2.7084257966964724,0.0
dfs_f826f38955f408db,1.9459101490553132,8.54939406191072,11.619544188752133,0.05081967213114754,2.89358826445487,1.1366581090161416,0.8702111447435334,3.3172858892215027,0.6061847452581409,4.633261233165096,5.198215600236889,13.602270306694331,1.2659553055395139,4.933977916720558
dfs_d4ac4d9c72e841e7,4.276666119016055,11.343936399788028,11.620137265941437,0.0625,4.2510930099415685,0.34660922119936277,0.73168647758874,1.1216008411792933,0.0,0.0,10.323745395550144,13.843628516864168,3.0006498211243393,2.287070470822991
dfs_ff92a93ac18f57d1,3.784189633918261,9.938042550878873,,0.0425531914893617,5.406032308057965,2.8408866770305954,0.8477869831298894,3.7879617911484305,0.05950418205693238,5.097641782331522,9.077662188891146,13.55441329051697,2.7084257966964724,4.445530784512711
dfs_c33af7ea39bba40f,4.77912349311153,10.757618400822512,11.319437798563529,0.017137096774193547,4.096049832406254,2.867786307066956,0.8475327457600533,3.4567251802845016,0.0,4.973876681170434,8.762332120883654,13.682163148413828,2.293814424193674,5.093697751552833
dfs_3b468b2a7b1bbdfb,2.8903717578961645,9.16533995547103,11.528336108669661,0.05845181674565561,0.9747134932011472,0.2542896119956771,0.9029625840589304,3.620315560357093,0.0,4.8246708697864085,7.93707643251926,13.376479876216246,0.8212059263546096,5.96705513626848
dfs_1ca34b9fbebdf563,2.70805020110221,9.601618855902892,11.094891701186208,0.0,4.685405115248731,1.5506467082572037,0.22211122485093784,3.3576671730258743,0.0,4.774044361717175,7.387220469411267,13.173717869919235,2.293814424193674,2.050120628747053
dfs_286f1b251b49c2cb,3.7376696182833684,9.477176310209842,11.878012924266404,0.11073059360730593,3.3367429154430255,1.9573122224576878,0.741107729298438,4.172534237608676,2.335924346744611,5.7614871391242755,7.6283798899594535,13.222966795996754,2.5224557664912224,2.9740091446338797
dfs_5d78dee98a3a1713,3.4011973816621555,9.538247528830578,11.214088069286818,0.08391608391608392,4.343778429430832,1.8921426480168804,0.4198885569997228,3.5272335786879094,0.0,5.038235356090108,7.0107168243804665,13.073315980153303,1.996901660409805,4.894187114429487
dfs_726f0ae426c65555,3.4339872044851463,8.727739455028551,,0.01038961038961039,2.734425258250536,1.344425143621558,0.7847480613344376,3.5284240719656275,0.0,5.4331475005523,6.2973876030512175,13.345508528717259,0.0,6.269647318667597
dfs_192f0c2a91d331a4,4.859812404361672,10.365784574562841,12.429224196812383,0.058333333333333334,4.301779841607882,1.461054797332282,0.5953034410256361,3.692587006566781,0.0,4.827694427898995,9.300885012806946,13.560216937474395,3.174644349887469,4.513080987100407
dfs_7717865521cf4006,0.6931471805599453,9.071645869471373,11.623052602215697,0.007692307692307693,2.109828214948884,0.5594280549514704,0.8585685155130007,3.2630009448120503,0.0,4.730530685860085,6.276144761623588,12.28758350570943,0.8212059263546096,4.488226526538295
dfs_68ce708ed7ef6ef2,3.6888794541139363,8.404699712971496,,0.0,4.166394300693034,0.840975706666444,0.7976033005279645,4.2815847954853385,3.439880336921863,5.676243952157973,8.379090035375201,13.783861983669375,2.6197576726867497,5.439572607380457
dfs_c08037849376c64f,4.624972813284271,10.063414704753763,11.942640811412936,0.10171017101710171,,,,,,,,,3.174644349887469,4.987975840638235
dfs_749fa7d22e7740c1,4.07753744390572,10.433943406370162,11.879822979929134,0.026785714285714284,4.415711709945013,1.3405658592413525,0.5946105839987089,3.5877204736169013,2.549922306798013,0.0,8.840197994461818,13.631123669841122,3.0620738268031755,4.841248511695825
dfs_b69461eb69077786,4.110873864173311,0.0,,,3.809669068601707,2.349322058987241,0.5920114554478205,3.1693641746962284,0.0,4.522652328602796,7.510219788311383,13.190717111353058,2.1563374497238987,2.678626734566875
dfs_1812f347eaa3c731,4.04305126783455,10.55482026815542,12.033705379977585,0.11743119266055047,4.243752826499173,0.7371550801103114,0.6983390546522096,3.610270263884676,0.0,0.0,9.992341688657573,13.495484341137885,2.8651744031446778,4.80149110066342
dfs_79721f55efe653ec,5.666426688112432,8.758791104506846,12.429224196812383,0.0,7.154137915564674,4.353580503882807,0.8374052449312414,3.3507468559610434,1.8735365534475572,3.029411054302419,8.95647989274598,13.706903667417984,2.8651744031446778,4.7008942254237756
dfs_de89ef90ba2403e6,4.219507705176107,10.626785696269874,11.862208153389401,0.0,4.132762988531976,2.5663984070191685,0.9633290307424041,3.817710287792693,2.523058000695596,0.0,9.06524599910011,13.285850338208574,1.5727155517124787,5.736671015310873
dfs_99ea16db4ec9ed64,5.0689042022202315,9.208074732305137,12.129240196125775,0.03171641791044776,5.775233738261305,4.147526603272718,0.924013753658421,3.7090091112853463,0.0,5.004630414945727,9.030116387791841,13.470834763992373,3.174644349887469,4.243868578519217
dfs_679cfab706e12cae,2.70805020110221,10.025357974682407,11.736492926421839,0.016901408450704224,3.627624337660884,1.1623379176748696,0.530163354060688,3.6871953908299493,0.0,4.85863897012836,7.623925118633526,13.099319904235717,2.5224557664912224,3.813656741294999
dfs_a510f5123fa866d8,4.6913478822291435,9.2099891033099,10.68434794707383,0.09900990099009901,4.627287623121323,2.428214243175518,0.8644089409486961,3.2283046432735745,0.12030246687724604,4.89843647061219,7.832669933222492,13.671648270652781,3.5660751120561667,4.266457632851698
dfs_3be466ce92b742fc,2.5649493574615367,9.795000337272885,11.202452304217632,0.17087667161961367,2.3039502308441606,1.4534142664304999,0.7801156117674035,3.286640125493002,0.0,4.908945250109135,7.912374029811021,13.172069312603632,0.8212059263546096,4.850897385012033
dfs_4f4f9e65d6533d7c,1.791759469228055,9.138759098576175,11.671440891132548,0.04739336492890995,2.454118968645741,0.8628100782406909,0.7106275246680877,3.1183051406944626,0.0,4.646218624858586,6.496612880362009,13.648851304435945,1.996901660409805,4.775226872151899
dfs_b593ef73bf317978,4.663439094112067,9.946584493446608,,0.15247776365946633,3.864710301008259,3.07046645201084,0.7823528106148119,3.8310736215260186,0.0,5.216676409718539,8.740180402292317,13.548425568387081,2.4146555189783867,0.6118065338510674
dfs_b9fc9186c66130b1,4.912654885736052,10.315413579598383,12.294925658999173,0.04714640198511166,7.218876027522499,2.555187009298325,0.4919252406684339,3.889843299001871,0.35695118345902344,5.704286210637073,8.682363528150137,13.562739927077676,3.5660751120561667,4.387470170085264
dfs_693931df6aa41535,3.6375861597263857,10.14479429755471,12.056545427678044,0.04006968641114982,3.7837347313100236,0.3552942610709149,0.4791790596350439,3.4079434950082987,0.0,4.237810674476491,8.022896304063593,13.32197132653341,1.2659553055395139,5.601828406072932
dfs_a50c29ac7fedd5d1,1.6094379124341003,8.550636432665787,11.369355280437118,0.04405286343612335,2.3975249405994954,1.7262332588116642,0.8219557036017073,3.4434890891715626,0.0,5.110899224272865,6.178438242633609,13.00088025486142,1.807133707454955,4.554272923633941
dfs_d92ad0ed98d3d363,2.302585092994046,9.044949486642112,11.698724302343727,0.0817490494296578,2.736000127441131,2.2496131419789482,0.6652879491269864,3.0294331861354977,0.0,4.575388414128743,5.915436941912543,12.7636177195881,2.293814424193674,5.082361064549499
dfs_e6dbffc1a1e91e4c,1.6094379124341003,9.398234107928122,10.462388799533683,0.04142692750287687,2.5606468035513386,2.2638808672647848,0.5642531952353166,2.639538709825469,0.0,4.251295547763353,6.989208072540196,12.62573647303815,2.293814424193674,4.625042058504469
dfs_d7ae859430d84fd6,4.418840607796598,8.804922709158225,12.237067309632398,0.0,7.175800678736306,5.297570143956522,0.8309928224117421,3.4945330095510054,1.4856810583068403,4.210713073900205,9.766074586135982,13.794996577716567,3.7907621809913215,3.205330455573669
dfs_67d95026038f8356,2.4849066497880004,9.773703683195142,11.372536325948367,0.024390243902439025,2.4561847444266505,1.8770579009610888,0.8079634299975538,2.962740988815719,0.0,4.842810588256275,7.041266560555684,13.616140904668486,0.8212059263546096,2.6431959274451744
dfs_07ab1a453ad10ce0,4.948759890378168,9.947300938429834,11.311616788263537,0.01348314606741573,7.12573065630007,2.197589453915631,0.7646755641339724,3.1920360877337153,0.7918053084717013,0.0,9.226791420600108,13.625400348207059,3.22650867441372,4.87858232214464
dfs_53ef094ad83da669,2.70805020110221,9.85886786308735,11.199816176839953,0.10526315789473684,1.2229500837745744,0.10123983630972926,0.8851647975103758,3.3638045153574594,0.0,4.922705375958322,7.306437776637611,12.864304830018618,0.0,6.465023305095743
dfs_1471b190d8c3a984,4.948759890378168,8.554544469596793,11.433243525545334,0.05847953216374269,7.054644597597323,4.251826233626138,0.8903568187029036,3.502597732893101,1.8223406939870326,3.9170339189558865,9.270715933104285,13.733692942740499,3.5660751120561667,4.201403154541516
dfs_8b17009387db97f9,2.70805020110221,10.208429179281056,,0.36666666666666664,3.1173021175669042,1.992019622171648,0.9120639668531578,3.059197486369263,0.0,0.0,7.641002189424819,13.015535118471467,2.5224557664912224,2.826390926630744
dfs_38e48bb2f2aa3ad9,3.1354942159291497,9.594309350239419,11.285522856735636,0.06842923794712286,3.4402551254061153,2.514089405496886,0.9126378426592426,3.3189791890033993,0.0,4.710741502051797,7.569974248989534,12.961219972027573,2.6197576726867497,3.9926124059297012
dfs_695b8a85cec83b15,3.5553480614894135,9.626469308830739,11.56244869371549,0.10822510822510822,1.75575476309664,0.3357466474104284,0.6108710895691875,3.4084007439576465,0.0,5.026284664760983,6.966152011945604,13.23271979274722,1.2659553055395139,5.961368496607456
dfs_ef2282b367b159a8,3.367295829986474,10.41324362635332,11.249051060815567,0.0128,4.535459499920829,1.7623719277865906,0.3200166958145974,3.3613122500461503,0.0,4.120086801140949,8.452005804521205,12.830397475777891,2.9352045584387274,2.962130997016214
dfs_dbcfa868a9731c1a,3.5263605246161616,9.577562021603589,11.697502808895521,0.11693989071038251,2.7584657509073596,1.1542465986873272,0.9216658021469915,3.1733324078389877,0.0,4.016450231359968,7.623099221931849,13.422064925680312,2.8651744031446778,4.2080514895579295
dfs_222f3c37318fe37c,5.91350300563827,9.515826682287745,12.429224196812383,0.01091901728844404,7.124858691720833,4.285427869011039,0.8850906464517411,3.335216930499754,1.1030955981392276,3.591815626103021,9.53194411246356,13.828390257391005,3.8466654526656625,4.169953270280796
dfs_1d546262b6e0385f,3.5553480614894135,9.454447297811186,11.633407078410277,0.0,3.2398129311798716,0.6035947208279766,0.8240255581622882,3.36349444376929,0.0,4.272687067168701,7.865476989000213,13.152207575809717,0.0,6.315730876655378
dfs_00a8e7a60d12f0dc,2.70805020110221,8.600298399394202,11.774497107703782,0.03355704697986577,3.0899529219027895,0.9176507766732359,0.541059174097406,3.463044706210866,0.0,5.370071935109808,7.538780815711514,13.510710810503797,1.5727155517124787,3.49432114106948
dfs_4ab560e73e25f82c,4.8283137373023015,9.149223981251065,12.009151024608384,0.06891271056661562,7.383076572378626,2.4370764265680203,0.45043977592357853,3.901577724107426,0.276257574244883,5.826674966596204,8.481001920571858,13.568114016161735,3.3228044116247886,3.9566455025785494
dfs_f6bd49e694e03d8c,0.0,7.137146343836151,11.838430639756742,0.016840417000801924,1.5110828160337768,0.025090042400831906,0.2709466836284446,2.812366359198087,0.0,4.553558926060479,3.72134519988205,12.418519187296049,1.2659553055395139,3.8639485369771274
dfs_a210d91cc3223dd4,1.3862943611198906,8.729346298382538,11.793560263618064,0.0,2.182767631997558,1.509111236832839,0.8102668801889522,3.2561400899941892,0.0,5.17692146098915,6.158375964117102,12.453744893562257,1.996901660409805,3.82726354976461
dfs_a33c3aeecfc143b8,4.060443010546419,9.42794169107656,11.467854874601327,0.09852941176470588,3.3528648339096314,1.878540178925501,0.7775336717648701,3.3241696154938722,0.0,5.563059121756517,8.867462589173924,13.407763347841037,1.5727155517124787,2.6108545855309004
dfs_55532cab6bb3fe90,2.0794415416798357,8.910535230222486,11.534579318865058,0.07840236686390532,3.1418855094294513,0.14290835497715096,0.04778319756453148,3.6024523356842137,0.0,5.366477356386243,6.324615747411005,13.572711343554117,2.293814424193674,4.096330452881674
dfs_ff0d30c8ca9a5cd5,4.454347296253507,10.418837154233682,12.429224196812383,0.02975724353954581,6.823180844418769,2.7825941409231594,0.4689406023844733,3.3516818337780747,0.0,4.0082323864130265,9.184267683286775,13.52300487056476,3.4913728443217287,2.5699840704590553
dfs_0ffbb8288669c595,1.0986122886681096,7.589896275165347,11.811495547328615,0.009146341463414634,1.410205901379872,0.5127755726036596,0.9641457917873738,2.6985502264494388,0.06801439633472364,4.429330113484021,3.880618229646979,12.548722191798014,1.5727155517124787,4.940399493193421
dfs_beb86af1075ace47,1.9459101490553132,8.519733486156287,10.710208923978403,0.5060422960725075,2.9001303651093275,2.0366849486919834,0.8755964464735615,3.738753713487451,2.6149057249129695,4.931725723119352,6.141441310848506,13.58226111369774,1.2659553055395139,5.232149934740008
dfs_0e138186757ef13a,3.1780538303479458,9.58914350436277,11.742718857002318,0.0625,4.780853323391498,2.275329723445248,0.791300276776222,4.017549333853467,0.0,5.756652288414767,8.67856765999838,13.446029681247984,2.9352045584387274,4.899570912253967
dfs_277709abff50a451,4.343805421853684,9.63500706374879,11.38935571855211,0.043209876543209874,3.2347609309357406,2.1920655706076437,0.864186419539785,3.363910504898382,0.0,5.156989231459559,8.927393274862693,13.300884387929571,1.996901660409805,4.227677437103172
dfs_23145da140d38664,2.5649493574615367,9.48789775523713,11.342220177316014,0.04640371229698376,3.0984528003547194,0.9944147941032371,0.7006140161548492,3.48451140514384,0.0,5.086713315229283,6.822434119887666,12.991912948020264,1.2659553055395139,5.272156808545153
dfs_8b1a80deb25c2f74,4.584967478670572,10.533033701758827,11.955474389308256,0.025879917184265012,3.998778628187564,0.9131527806024713,0.7433381175547412,3.9176839695946897,0.0,4.790598523323811,10.077260108219967,13.439664444460815,2.7084257966964724,4.431705483249505
dfs_a7fb9524948e704e,3.4657359027997265,7.078165468212436,11.80311439263319,0.0,3.6415438448984205,0.4648833655860998,0.35161588033445185,3.5075354409418433,0.0,5.283648782011628,5.048350690745604,13.409258140009033,0.0,6.9059649637983505
dfs_f381f815eaec047a,4.61512051684126,10.964734220708111,12.429224196812383,0.0594855305466238,3.45933427857522,2.1699357335790346,0.6108404412142807,3.526335172763341,2.1374314128311154,0.0,10.644884850042441,13.81336726274715,3.4518191713062434,4.549352509412303
dfs_923e9ad8e9b4c9d5,3.258096538021482,8.80193525912756,10.93828994344506,0.0811232449297972,3.029498035982369,0.6037255350146803,0.7136520225928644,3.4425557982056545,0.0,5.383194933186178,7.539268060482167,12.759546754765811,0.8212059263546096,3.6555946746048535
dfs_2e7b403d8b28c41f,3.1354942159291497,10.07179800865596,11.271859767147028,0.05017605633802817,4.9431325244051605,2.048873414976803,0.3505718614270679,3.7010971704814155,0.0,5.139689318054747,7.755109589331726,13.63024788031146,2.293814424193674,4.133411669345961
dfs_2430d57dfc070029,4.143134726391533,9.662436085008535,11.464218297356487,0.15668202764976957,5.076395543058618,1.0748807728958842,0.3798248322091511,3.3386259564916934,0.0,4.243394351752638,8.89903438434084,13.171749554399016,0.8212059263546096,5.260970828429355
dfs_c3d1c6130f61514e,4.330733340286331,10.884845998493509,12.09496229789174,0.0057306590257879654,4.965022603973693,4.0360493232652255,0.8279913142539225,3.563258766680548,0.0,0.0,10.106198851466916,13.56375531825457,3.0620738268031755,2.7052409422043393
dfs_92268ec0db546f1e,2.0794415416798357,7.993896763221542,11.67526537844559,0.0,2.3749259739363864,0.058679419675593175,0.4839242743252165,3.4466610103843114,0.0,4.725104911925282,5.982483566469626,13.198433280854449,0.8212059263546096,4.7936919878620365
dfs_1bcad76437990086,3.4965075614664802,9.064589718654501,12.213177347260105,0.01002865329512894,4.400402028662769,0.8749782594815292,0.801579729758352,3.7339670511468794,2.56733091180153,4.900226167113467,6.683053555633151,13.92322530025463,1.807133707454955,3.5161285126519415
dfs_edbd7d3697437696,2.0794415416798357,9.990140160545092,12.106948200656742,0.0,2.602337845190717,0.0,0.51224247043505,4.065908520470246,2.8455630630488127,5.304995233514273,7.810429823907871,13.371396093447473,0.0,6.886665161647693
dfs_6de2479e69da04ed,5.056245805348308,9.86220790638821,12.198237027095697,0.04725274725274725,5.787896476562201,3.6810647652537525,0.8750564181399527,3.5618972823687836,0.0,5.067728670380679,9.233373550711384,13.5550090574742,2.789868226539849,5.110301153635812
dfs_e26f4ff49bb26185,2.8903717578961645,9.990283857204373,11.108499816436726,0.04155124653739612,2.816202081171732,1.9348955720952739,0.7102333437665996,3.447533199722648,0.0,3.9825139473262166,7.387603380792606,13.645644705803445,2.1563374497238987,1.2167495526296792
dfs_3ff9902607a8ea04,3.091042453358316,9.15225156955217,11.319352851746254,0.10833333333333334,1.9994533878657752,0.9162253308646866,0.9852181395875879,3.4668280172663373,0.0,4.620744359840468,7.777803356750467,12.818139914039378,0.0,6.279093117797772
dfs_ffc7cb9f0b188970,3.044522437723423,9.559599054564053,11.083910216401804,0.12046204620462046,2.2333303859487588,0.0720569067426255,0.6717550056613225,3.420373546201409,0.0,4.485251322674008,7.235430547945568,13.733682090103038,1.2659553055395139,6.097634096591197
dfs_c2af28f08dd70b73,3.2188758248682006,8.99825634321241,10.643828385423177,0.0,2.127488955173246,0.5325975018104344,0.5919926277758808,3.4482622472000375,0.0,5.5501883730129755,5.982042715903543,12.957632591790626,1.2659553055395139,4.643149591404053
dfs_a61cae48ae9e58b3,4.110873864173311,10.279635049389636,12.10763808994308,0.0,4.254020723102926,1.846488668438289,0.7617053681993949,3.6274952224004084,2.407451359259244,0.0,9.958595181512454,13.580783931094413,3.119942268016456,3.912898089362539
dfs_9d9dcb84c0e7a438,3.1780538303479458,9.945489207255244,11.027523893544396,0.052930056710775046,3.961634706322244,1.19788833613696,0.31177315067123484,3.4233545204624503,0.0,5.3271613972851855,6.663252961879899,13.572397690462063,1.996901660409805,3.403556045223319
dfs_ff85c44e210ee411,5.0238805208462765,10.294191891851977,12.09190680991061,0.034074074074074076,4.299734472674036,1.887124186377208,0.5473027482560646,3.7021748700466963,0.0,0.0,10.039494192795456,13.392411888434768,3.3676843746371405,3.8994568205231914
dfs_0fd0d5add40994d8,3.4657359027997265,9.283213191367208,11.482064114781311,0.03713527851458886,3.325255283616926,1.2023408211475954,0.7845706678276445,3.2879543963072155,0.15293125746003952,5.605702614027671,7.8878390485926495,13.793558361999875,1.807133707454955,5.994481104209708
dfs_8464d77fb30ea29e,2.639057329615259,9.881340169121577,11.092595419088065,0.048417132216014895,2.258809444536268,0.5532748773550372,0.3151884916056688,3.2609658165069666,0.0,3.8772672586254053,7.463364886740357,13.049321605887418,2.293814424193674,4.501704920920867
dfs_8bff338abfa61ba7,4.48863636973214,9.207640832147527,12.429224196812383,0.05869074492099323,7.286968263562336,2.0094070573420946,0.6388156563479934,3.7914393797089234,0.0,5.087240848414192,9.34279967235388,13.552535406943582,3.0006498211243393,5.44882297587583
dfs_a7618cc0cabccc57,1.791759469228055,8.477736805793452,11.443382442177796,0.09208400646203554,,,,,,,,,0.8212059263546096,3.2084644342019217
dfs_0a6fb5038078ca04,4.584967478670572,10.97707868894694,11.9199826384029,0.0,3.9565811202393983,2.420870880294424,0.8610618952616148,3.612062334720523,2.389638831617871,0.0,11.015312644218088,13.923386008520543,3.3228044116247886,5.350182915653549
dfs_115b7997aa18c8af,4.418840607796598,10.123567241460117,12.395576679800147,0.01689545934530095,5.833582069314111,2.807337174490028,0.48988816575263966,3.4456196275917006,0.0726101649982274,4.7914277943495245,8.753342433774081,13.589217050743953,3.22650867441372,2.8446588556461085
dfs_b83bb7ab69289bb1,2.639057329615259,9.590567300104794,10.975242387034355,0.071875,,,,,,,,,0.8212059263546096,4.4770190007982515
dfs_7f9812bcae9091ae,4.634728988229636,10.613789029742655,10.301390808437002,0.026804123711340205,1.975268824995543,0.5533757630685339,0.5462050092506235,4.056763756434264,0.0,5.06707346807948,8.923476697959693,13.390861101386179,1.2659553055395139,5.982782985432968
dfs_e89072881da47a71,0.0,7.193504591343461,11.573559498507079,0.0,0.30458564367601376,0.007547256045835819,0.6903666590721607,2.740219082519562,0.0,4.38482760482791,4.084844396830405,12.458405998974925,1.2659553055395139,3.8639485369771274
dfs_f7b98c112a47b06d,4.454347296253507,10.076670079850674,,0.16257668711656442,5.951555210290123,2.372299042941958,0.6636338047073671,3.384446628978058,1.5412633641683093,4.061879684187877,9.882294647287472,13.650681904282544,3.3676843746371405,3.9557372256191874
dfs_d4b7d52b6eccaec9,2.5649493574615367,9.504572014300765,11.215691249044829,0.03718728870858688,2.14482385537787,1.2146848507358974,0.8864456053500901,3.226991887028471,0.0,4.635728178079868,7.500477704187341,13.432730683154482,0.8212059263546096,3.941340653305804
dfs_704fcf4f09f87db7,4.727387818712341,9.550584728521471,,0.07530120481927711,4.325115139147949,3.2725464664535444,0.793270737516286,3.56598678238233,0.0,4.461709211530299,7.999381851003394,13.397742578949314,2.1563374497238987,4.166134226328738
dfs_fe86ac2d5a2738c4,3.5263605246161616,10.235738064928173,11.139118894862325,0.1952755905511811,3.9910431005666385,2.7682311670514754,0.6181357570285356,3.6228305688577778,0.0,4.989650821430637,8.253978607671957,13.565133261866375,2.293814424193674,0.6125599705105129
dfs_de049f84f27ac695,1.6094379124341003,8.21958024015047,11.827575607973674,0.008275862068965517,2.3039060218169567,1.1136141312076273,0.8578866959433985,3.5486359140284565,2.7861905346359603,4.696881808343069,5.897892289570761,13.19157969059299,1.5727155517124787,4.883817496604766
dfs_d9b0457bfebc3f97,4.6443908991413725,10.559297617564818,11.776880770752264,0.0,5.009383784491791,2.71855907856876,0.931445305675763,3.1774055361604248,1.67340879620125,0.0,9.81655862589101,13.490784069173111,3.0620738268031755,3.485920920025003
dfs_198f3d55d1eb3167,3.5553480614894135,9.744296960315683,11.252651015317811,0.06372549019607843,2.3753752513110897,1.213821226453401,0.8766548971445044,3.157895672175311,0.0,4.1401806417666,7.350229373980532,13.329514122827577,2.1563374497238987,5.937837429534747
dfs_2df5d4490ab7e9df,0.6931471805599453,5.883886947935205,10.929780012957599,0.0,1.5958599298814926,0.07632696447790552,0.24703723937808794,2.903512964940515,0.0,4.978601386469824,4.108658566926421,12.897565959205936,0.0,6.668264476296736
dfs_21d45e40a57ae567,5.723585101952381,9.515826682287745,12.429224196812383,0.01091901728844404,7.124858691720833,4.285427869011039,0.8850906464517411,3.335216930499754,1.1030955981392276,3.591815626103021,9.53194411246356,13.828390257391005,4.043446627710712,3.5154191744480854
dfs_123beee94c759e19,4.2626798770413155,9.716048476689556,11.75351592988816,0.0,4.122832810065606,1.9052826413314703,0.8706215137555552,2.9138861749326304,2.0875711436175632,0.0,9.922073294963447,13.574294681517317,3.119942268016456,5.118704004209587
dfs_528829b43ca74740,4.51085950651685,10.435195892585185,12.429224196812383,0.034482758620689655,5.3785219132960425,4.834696547943665,0.644716152516501,3.817348082621512,2.137661528206548,0.0,10.267768089321152,13.56623348144354,2.789868226539849,4.30865983922261
dfs_a26ff1d041e0f5d3,2.833213344056216,8.89121895838871,11.613612074928163,0.05,1.7638219243413609,0.07724853819451985,0.7342911514319279,3.4491510587141105,0.0,5.188728888048136,6.490577781311983,13.497652399457158,1.807133707454955,3.670149925894361
dfs_411a5c6d6cddbff8,4.795790545596741,9.773251338082952,11.982566528496957,0.0,6.637717203624146,3.197294735431477,0.75984028651097,3.377161405559332,2.1270791153283044,0.0,9.732721013406403,13.664978323659726,3.22650867441372,5.1804067812131755
dfs_2911f19b6d1e21dc,1.791759469228055,8.749343254691544,10.555500189737518,0.11457455770850884,1.1131130572064705,0.1657999842567292,0.7011980070261573,3.2112160113599475,0.0,5.138845025549122,5.970406268740849,12.864703430264091,1.5727155517124787,3.878702075421863
dfs_d5469eb737cd73a8,0.0,8.711169440277198,11.903669413230332,0.06809338521400778,1.0237658053244716,0.3588718698388722,0.9286200792371445,3.7062395146651386,3.186532454134164,4.535256900100798,5.2012812536967825,13.502607766831979,0.0,7.061986945544096
dfs_110d7e1223154c5e,4.820281565605037,9.285501186109391,12.429224196812383,0.03545051698670606,6.691485484122061,4.757226350018008,0.878024410524374,3.8343090743009904,0.0,6.208493695145907,9.399807710648792,13.57842020051744,3.3228044116247886,3.895138206998355
dfs_8733828898e85b93,2.302585092994046,9.585439631517094,11.248790633974506,0.022222222222222223,2.407064357554129,1.3783028840844933,0.846214369040555,3.4793192592627964,0.0,4.283746925402725,7.136644322046736,13.190036979037373,1.2659553055395139,5.758856898325346
dfs_b42de37cc9e05243,3.295836866004329,9.81745117698901,11.991684404385566,0.09078014184397164,4.674701576060757,2.96676281317977,0.6342569277989796,3.340115130910973,0.0,4.614659803636671,7.467477276682818,13.664932986973795,2.6197576726867497,3.746315629532779
dfs_d19893153db0ca16,4.290459441148391,10.812818013242655,11.874995827425868,0.0,4.124420710006376,2.7447579087074114,0.8660669074232292,3.6161862123793838,1.269074036415895,0.0,9.082759544827695,13.390515475386769,2.6197576726867497,4.131330911854921
dfs_75b69075a435aaec,5.147494476813453,6.7716528292667935,,0.12121212121212122,7.054644597597323,4.251826233626138,0.8903568187029036,3.502597732893101,1.8223406939870326,3.9170339189558865,9.270715933104285,13.733692942740499,3.3228044116247886,2.5018727655179083
dfs_8a9178ad87f54a3f,4.454347296253507,9.2099891033099,10.68434794707383,0.09900990099009901,4.627287623121323,2.428214243175518,0.8644089409486961,3.2283046432735745,0.12030246687724604,4.89843647061219,7.832669933222492,13.671648270652781,3.4106363451196224,4.077105061475534
dfs_a4d5d50d1e180aae,4.356708826689592,10.30836725001463,12.418414063310296,0.0,5.943306126517814,1.8741297933818368,0.655500013307884,3.032135950308754,2.2926796292043767,0.0,9.904880775450202,13.752858256794818,3.8466654526656625,1.8105115421829172
dfs_1c74315d216fcfb6,4.718498871295094,0.0,,,7.1674296480381265,3.037959626315032,0.6967525928383413,3.6045573429957227,1.3978712228661296,4.13300514897262,8.854774002360383,13.885176536197378,4.065529698164491,2.52351770369085
dfs_c26efaf46c3a4697,2.8903717578961645,10.128584776459546,11.4796995470716,0.01981230448383733,2.854164778216358,1.2863987838918234,0.8605631958133455,3.544287560847281,0.0,5.80466115113216,6.877670621266555,13.349153073446614,2.1563374497238987,4.879258141817753
dfs_3ce56a2bd3a2d0a4,5.10594547390058,9.932390890431925,12.298856910623504,0.0756234915526951,6.752448812899181,3.9354373647504084,0.8627802398956875,3.3536548166924955,1.072695016844224,4.178469032125125,8.589279094286844,13.567791230983994,3.4913728443217287,4.057202783517952
dfs_a06b649fea2ecc08,2.833213344056216,9.053616492342108,11.54510219666545,0.0874493927125506,4.970835085967541,1.0691424007090382,0.1653863556873308,3.411024600641229,0.07374939043507504,5.320988337974767,6.237873944560816,13.508895719777025,2.789868226539849,5.065947114690781
dfs_af0a17cfbbb1e1d7,5.043425116919247,10.479074506806112,11.949902159950943,0.12332695984703633,6.830129600895368,4.862290723088251,0.8915372773189791,3.5374018529267723,0.0,4.239604447055321,10.0089564530901,13.84636657670898,3.6355827541784427,5.060263775775844
dfs_0baccfae53d506a5,4.204692619390966,10.980705507663954,12.429224196812383,0.0,4.322082673307985,2.8350189836136295,0.9828845212432287,3.371437243884558,2.1372618200926783,0.0,9.726391659079065,13.557550381249687,3.0620738268031755,4.3896292890692115
dfs_394e16fad466c195,4.330733340286331,10.037217139528735,10.931265990440082,0.17268041237113402,5.23848840217465,2.283399370184478,0.5447105563753412,3.072106747840889,0.7680883660871136,0.0,9.470192059178812,13.447780444491402,2.7084257966964724,5.6188348039351155
dfs_befc7db42cbba3e5,4.553876891600541,11.603618202752052,11.784866799472464,0.06308610400682012,5.453191766637762,4.066256685153147,0.8147906787224156,3.4210512427370343,0.0,4.933352466309089,9.678573731568815,13.441714160596769,3.4518191713062434,3.549824517432651
dfs_01ef0e708e5da6f2,4.990432586778736,9.542557461491892,12.232461379868077,0.005970149253731343,3.727558848957166,1.378535446712198,0.7517493187624219,3.5719023490058235,0.7903089522032942,0.0,10.190145160966297,13.413827787789051,2.789868226539849,4.748766613925216
dfs_a1db363f6022948e,4.454347296253507,5.851387762511735,,0.0,6.998911988158418,4.611838875032824,0.8132780189664125,3.526212893730343,0.0,4.109613683755075,9.01680864259625,13.765641512011134,4.043446627710712,3.9800258086623974
dfs_49a8951b68def988,5.700443573390686,9.842356488324786,11.77425072832449,0.09173715029277814,6.3376792879443675,3.0083849182672306,0.8338374732418006,3.5079181943553586,0.0,3.739491985294608,9.896188857938032,13.919415514810156,3.66860496723193,4.342293216382348
dfs_af7c22fdc71596e1,6.056784013228625,6.544704608931094,11.4213692302888,0.2727272727272727,7.102285406624366,4.386937893794496,0.9013993158765462,3.3524942346128275,1.8346741896849987,0.0,9.491911239501107,13.881192487661062,3.4518191713062434,3.6422824176939237
dfs_302900efcb2b2c18,3.367295829986474,10.531702727560909,11.082957601247717,0.054093567251461985,3.455012072690399,2.487060215059901,0.8655228852817337,3.77831315591766,0.0,4.976812163469162,7.737747545860508,13.873537927486188,1.807133707454955,3.805801397507202
dfs_c2dd892d8207730f,4.859812404361672,10.559297617564818,11.776880770752264,0.0,4.768250181526211,3.4046589273728016,0.8733293241107921,3.273981013020439,1.175177418048366,0.0,9.87673838057234,13.466015491194415,3.174644349887469,3.3645148477020754
dfs_1a309fbe9a5fdd02,4.330733340286331,9.564649429386892,,0.0,7.15210330154699,2.1567291444257486,0.6048848655322846,3.6756954290543202,2.798549962134293,4.111648330962977,9.082896729749473,13.858505869120126,3.8734872112924554,2.0148093310034345
dfs_9327b0d52838d8e7,4.976733742420574,10.462228034720455,12.306754734396083,0.046153846153846156,6.223099849109933,3.728681835629385,0.5389824812106082,4.031472698219104,0.0,5.541244038814226,10.176799347894221,13.511773626550962,3.4106363451196224,3.167018211508433
dfs_cf25f2a449362395,4.477336814478207,9.354827642522489,12.429224196812383,0.008298755186721992,7.027847201106745,4.62825704027435,0.5624887305273047,3.224018252909974,0.600879905467028,0.0,10.440963148447953,13.869447454953235,3.899608315072645,4.857322417634283
dfs_bef226352d3cf75e,4.430816798843313,9.873595511755598,,0.006198347107438017,3.6494091520779843,0.3679690959593145,0.5827242286991986,3.4584371478197617,0.0,0.0,8.69915887475808,13.415268784461295,1.2659553055395139,3.7034713774291173
dfs_3c40f1aa9d241ed9,4.454347296253507,7.815552286210703,11.47341510987477,0.028985507246376812,6.998911988158418,4.611838875032824,0.8132780189664125,3.526212893730343,0.0,4.109613683755075,9.01680864259625,13.765641512011134,3.9741114275380682,3.2642395101750488
dfs_c3d82528191137c1,4.48863636973214,10.807439761999474,12.429224196812383,0.07658157602663707,7.199393535845701,2.840160462064127,0.7105331326205213,3.134145203152094,0.0,0.0,10.28372721303055,13.67128446608458,3.4106363451196224,3.9557372256191874
dfs_4b82487f7c705fee,3.6635616461296463,8.893244649769672,12.311504158667619,0.006564551422319475,6.962144054788186,2.8766408324278117,0.6771938505199872,3.7641449476858257,2.3144446665689506,5.2539574970313625,8.122351972977484,13.649494933914191,3.174644349887469,3.766584467937945
dfs_b12bcee59d956caf,3.6109179126442243,10.433044741394701,12.214913450195656,0.03648269410664172,3.323205876078989,0.13642622829450513,0.7034620004002714,4.00251901236315,3.348181786774209,0.0,7.190013908943462,13.66410377686807,3.0006498211243393,0.8734289900980624
dfs_48374abb9dcd4f9a,3.784189633918261,10.460379597801891,11.646319348140759,0.047692307692307694,2.7584657509073596,1.1542465986873272,0.9216658021469915,3.1733324078389877,0.0,4.016450231359968,7.623099221931849,13.422064925680312,2.8651744031446778,1.6178753053725812
dfs_c586d8cb24f153ad,3.044522437723423,9.146540601512786,11.722416239830652,0.11933534743202417,1.2118069240413356,0.3017118818715544,0.6731991484317787,3.483520746101072,0.0,5.604175499813257,7.080134367766261,13.476769549625756,1.2659553055395139,1.7481618944485686
dfs_9578086b8a386644,1.9459101490553132,8.078006775098672,12.33970715783768,0.08018867924528301,2.4279357865181774,1.7830258028295938,0.7060170922313446,3.3657056067780644,0.0,4.911587493554796,6.64293264978737,13.376126139402052,1.996901660409805,3.597746828984464
dfs_daa2ef403cadbd78,5.231108616854587,8.812648571311351,9.582731172354919,0.20894160583941607,4.1438179458723186,0.774706337483705,0.5034887757667347,3.4382607442279216,0.0,4.921169160116339,7.707342823871412,13.289589908736176,1.807133707454955,4.547025118737162
dfs_cdb70df74dbf3fe4,4.875197323201151,10.091517945258278,12.429224196812383,0.0,6.823180844418769,2.7825941409231594,0.4689406023844733,3.3516818337780747,0.0,4.0082323864130265,9.184267683286775,13.52300487056476,3.22650867441372,0.746917761288597
dfs_687dc63396c36978,2.302585092994046,6.0586172510428,,0.0,3.180942667331465,0.5979281029394066,0.2916562120170973,3.3066507508034433,2.2743898248189622,4.170442805262528,5.834308738149484,13.371726569928972,0.0,6.471090943674572
dfs_4b3e56d6ffc68e83,1.0986122886681096,8.078006775098672,12.33970715783768,0.08018867924528301,2.4279357865181774,1.7830258028295938,0.7060170922313446,3.3657056067780644,0.0,4.911587493554796,6.64293264978737,13.376126139402052,1.996901660409805,1.169675724639206
dfs_eec617b030204211,2.70805020110221,10.58881954727143,11.603478894810914,0.0,2.7132915979088055,0.7195542704879885,0.6234826168294796,3.899938313654501,0.0,5.659927216110995,8.359711600637361,13.41197458787222,1.996901660409805,1.9552498151807438
dfs_8eba9ad74c3ad2ef,5.003946305945459,9.855468597150326,,0.12222222222222222,5.572639451721616,3.4447671984186683,0.7795537364952376,3.6261796311091046,0.31016981030531854,5.225520287168398,9.552543600773596,13.525033917676005,3.7005714823508122,0.7469174428965932
dfs_e0ba8638f39f3277,2.995732273553991,9.559599054564053,11.083910216401804,0.12046204620462046,2.2333303859487588,0.0720569067426255,0.6717550056613225,3.420373546201409,0.0,4.485251322674008,7.235430547945568,13.733682090103038,1.5727155517124787,3.523716695758847
dfs_da44c16c38071b80,4.962844630259907,9.947300938429834,11.311616788263537,0.01348314606741573,7.12573065630007,2.197589453915631,0.7646755641339724,3.1920360877337153,0.7918053084717013,0.0,9.226791420600108,13.625400348207059,3.275815204077272,1.5549929560308833
dfs_f8dfbeb8b9f1cf29,2.302585092994046,0.0,,,1.4870975432129954,0.524654306366461,0.5876439850358911,2.3333255981782375,0.0,3.892246066158769,2.7099238842011992,13.539671413711856,0.8212059263546096,4.4218704943877745
dfs_c91928fddf686d04,3.713572066704308,10.031105918562057,11.923543938319188,0.0,6.764632605638261,3.1732349845845387,0.7071308182644691,4.057872261622182,2.940245309484199,5.1721449690495405,9.02657365755279,13.561308392753096,3.0620738268031755,0.989608282650453
dfs_780faa0e900efd0f,4.976733742420574,10.264536811558195,12.340389354712912,0.07043235704323571,6.810292875989046,4.591855373715217,0.8245961480908294,3.6140240254471987,0.0,4.522693524872332,9.461391923599159,13.517710807324207,3.529421369656171,3.8099387417839643
dfs_994e40479d0c4f0f,3.6635616461296463,10.031105918562057,11.923543938319188,0.0,6.764632605638261,3.1732349845845387,0.7071308182644691,4.057872261622182,2.940245309484199,5.1721449690495405,9.02657365755279,13.561308392753096,3.0620738268031755,1.106035039396703
dfs_b488acc7add61614,2.3978952727983707,0.0,,,3.27078017154073,0.9858511749627143,0.5370850977110675,2.732196335712443,0.0,4.113039005080468,5.069117102819441,13.77501871727058,0.8212059263546096,4.639184798373654
dfs_b587daa490159ec6,4.330733340286331,10.642855047564948,12.233152649933915,0.028530670470756064,5.951555210290123,2.372299042941958,0.6636338047073671,3.384446628978058,1.5412633641683093,4.061879684187877,9.882294647287472,13.650681904282544,3.22650867441372,1.85280958054847
dfs_54af7258b67763e7,4.343805421853684,10.642855047564948,12.233152649933915,0.028530670470756064,,,,,,,,,3.22650867441372,1.5549783252416092
dfs_14e1b1eab0384fd5,2.639057329615259,9.906995678868737,11.5722127223251,0.0199288256227758,3.0585026586110775,2.752411221479857,0.5029518334019375,3.535046135789596,0.0,4.63278275358809,7.465603818001261,13.622282541371515,1.2659553055395139,4.110684437004561
dfs_cc4f6b0388548e95,4.343805421853684,10.04264589979298,11.818717556594327,0.0955794504181601,3.0358244716228895,0.9523595812717438,0.5286890226058313,3.5081882343509383,0.0,5.033811625532116,8.172716193305968,13.519801690144863,1.2659553055395139,2.5872533130332207
dfs_fc8128e0edf09fc2,1.791759469228055,8.863102720035542,11.453387752254033,0.09045226130653267,2.125916988855057,1.098831615193938,0.9611359996211751,3.282222084959045,0.0,4.895928766884304,5.557739611158395,13.306360196828576,1.5727155517124787,3.1223468523596356
dfs_744419513c8adee5,4.700480365792417,0.0,,,7.307631960417874,4.968043972491383,0.750825465540471,3.587525079039738,0.0,4.632307622927234,9.27641498792517,13.819083168584296,4.043446627710712,3.145267277821988
dfs_1f0adca02c75a757,3.58351893845611,9.60753028917408,11.733577916069146,0.13333333333333333,3.9479377619100906,2.4269697114822164,0.6864731200949044,3.5990316860874607,0.0,4.631390881261162,8.059447386876373,13.405012807328035,2.5224557664912224,3.147702927053656
dfs_e23c85436ab99131,5.147494476813453,10.33266830762645,,0.001430615164520744,4.658591581854577,3.341183448714251,0.8384371111866588,3.9909863640675765,2.1115584891653008,5.006890823525058,9.736434198279058,13.350887626764264,2.789868226539849,3.9461363366072555
dfs_496b8e8159ff9b31,4.330733340286331,10.069202827083249,,0.043209876543209874,3.6033313492358277,2.008950219282451,0.9449130083327248,3.468080656255989,0.41888350969171656,0.0,8.985769398318013,13.601232590962537,2.6197576726867497,1.5549587775230194
dfs_ef246f8646ab7926,1.3862943611198906,8.21958024015047,11.827575607973674,0.008275862068965517,2.3039060218169567,1.1136141312076273,0.8578866959433985,3.5486359140284565,2.7861905346359603,4.696881808343069,5.897892289570761,13.19157969059299,1.807133707454955,3.8184785399368084
dfs_16d62a025094404c,4.700480365792417,9.550584728521471,,0.07530120481927711,4.325115139147949,3.2725464664535444,0.793270737516286,3.56598678238233,0.0,4.461709211530299,7.999381851003394,13.397742578949314,2.293814424193674,3.1280556212069612
dfs_c53fe394bc0589ab,2.4849066497880004,9.138759098576175,11.671440891132548,0.04739336492890995,2.454118968645741,0.8628100782406909,0.7106275246680877,3.1183051406944626,0.0,4.646218624858586,6.496612880362009,13.648851304435945,2.1563374497238987,3.4680904837302666
dfs_21bd75fcc5008952,2.0794415416798357,9.990140160545092,12.106948200656742,0.0,2.602337845190717,0.0,0.51224247043505,4.065908520470246,2.8455630630488127,5.304995233514273,7.810429823907871,13.371396093447473,0.8212059263546096,0.7469115265474123
dfs_35cf6c7b9902360a,2.995732273553991,9.559599054564053,11.083910216401804,0.12046204620462046,2.2333303859487588,0.0720569067426255,0.6717550056613225,3.420373546201409,0.0,4.485251322674008,7.235430547945568,13.733682090103038,1.5727155517124787,3.640806655592374
dfs_60aaf712c80b13d7,5.099866427824199,10.063414704753763,11.942640811412936,0.10171017101710171,,,,,,,,,2.9352045584387274,1.517072704132454
dfs_5013e4789ef30039,2.4849066497880004,8.844221202948852,11.739821965153745,0.0391304347826087,1.4486647390979623,0.5106006006370101,0.782433842378204,3.4356367328020663,0.0,5.01779955019911,6.702317082794144,13.34354179911554,1.996901660409805,3.424425437262734
dfs_bcb5d53c6384dd3b,3.4011973816621555,9.849048381970444,10.997773830833216,0.06428571428571428,5.382380183468143,2.188853649412911,0.2896018325982899,3.339983656412264,0.024828322553405082,5.324116765736946,7.331866103010753,12.958382202876598,2.5224557664912224,3.886700219401071
dfs_cad4c40e18a87a9a,4.997212273764115,11.124696110523994,12.018085067109592,0.0855379188712522,5.453191766637762,4.066256685153147,0.8147906787224156,3.4210512427370343,0.0,4.933352466309089,9.678573731568815,13.441714160596769,3.4913728443217287,0.0
dfs_73ef9bcb88401e09,2.9444389791664403,8.873154226572408,11.374191993537472,0.061823802163833076,3.388017102573455,0.5987341756025955,0.6320169338295006,3.126900216785145,0.0,5.02447052227947,6.731863554421913,13.428009623525698,2.8651744031446778,3.7878039161102537
dfs_bc1c0e9c2a7c6fe5,4.804021044733257,10.547084556792749,10.87468304957957,0.18222222222222223,3.052144546817311,2.5216622042741506,0.7704273051287405,3.885081085491318,0.0,5.585537381290243,8.90311089876364,13.401327559236387,1.5727155517124787,0.0
dfs_6d15d146116cc19c,5.783825182329737,9.932390890431925,12.298856910623504,0.0756234915526951,7.3186503871562465,3.155832838233634,0.5231554471572339,3.3999153644246762,2.5479489335340477,0.0,9.467248065075633,13.645402906817823,3.3228044116247886,4.558032221580134
dfs_f906e8b5a44736e3,2.833213344056216,10.566895985259771,,0.09427609427609428,2.7545405003375274,2.2267629411692003,0.6757716266938428,3.039204945463471,0.0,0.0,8.261759844145681,13.386888382712154,1.807133707454955,3.968796189129234
dfs_bd32349c4f0cf337,4.983606621708336,9.934561144585928,10.987426038970444,0.06485671191553545,5.666324671167185,3.2022361366501406,0.830926675107132,3.3306956816866373,0.0,4.697369959343955,9.134401602408696,13.636475993088567,3.7005714823508122,3.0878920610018525
dfs_032144fd4cbd5b99,4.0943445622221,10.595986708830878,11.707406132587993,0.09684684684684684,3.5095303439962113,2.2914153915085773,0.8347834783640267,3.2414500186599464,0.0,4.9249879503707925,8.231980235285029,13.355921310299353,1.5727155517124787,1.9603000471485188
dfs_1181512c10fe107d,3.8066624897703196,9.203564100720254,11.301871044753337,0.06430868167202572,1.9034095500117827,1.097413340948445,0.805683093246498,3.1372362361595814,0.0,4.4889058288989965,7.5615527396985955,13.476192676333097,1.807133707454955,5.465118860432135
dfs_a7859007bd4311ed,2.70805020110221,10.189509514817914,10.901026419110801,0.08390022675736962,2.6089683004863664,1.2737442462990802,0.9330853180692104,3.041572734685409,0.0,0.0,8.118805217424397,13.072181044617713,2.4146555189783867,2.5570240698431728
dfs_02b883aaaffb5ed0,2.9444389791664403,9.964265792587318,10.830856691617283,0.0,2.6126997431610084,1.4407713354732121,0.8716783883248763,3.4234208893143316,0.0,4.213001621060119,7.243326731047304,12.881305315179816,2.293814424193674,0.8739135307391712
dfs_2676a77d5fbd064e,4.5217885770490405,10.192746102089052,11.011010027333993,0.08389261744966443,5.214998242793046,3.4965472038250063,0.865166647364001,3.169608260774259,0.0,0.0,8.498825173681128,13.658031846377645,3.275815204077272,3.9986183147297174
dfs_be61cd582eb81844,2.8903717578961645,8.998756969226282,11.931333122447288,0.0022988505747126436,3.2935547667820053,1.9047749474114417,0.9015940920784954,3.552537928421958,0.0,5.52375710431016,6.648527929973644,13.567064583162818,2.8651744031446778,0.0
dfs_cc412a6322080272,4.31748811353631,10.160131050287944,11.582572788923105,0.1023391812865497,3.841803959353249,2.2349351766330683,0.8803492805391109,3.785320095647631,0.0,5.057591216603028,7.683287516885299,13.589465300770618,1.5727155517124787,3.3819292623732555
dfs_974808c9a341bec7,3.7612001156935624,10.235121643163687,11.077624666290484,0.6224,3.394390985785764,0.8875236062248851,0.48229765776609346,3.372767045810881,0.0,4.526806762758131,6.3365927269198785,13.01004985664339,1.2659553055395139,6.046662098725299
dfs_d309bf3597fd6b4e,4.61512051684126,10.202586520531668,12.429224196812383,0.0,5.823147515304215,4.568039051146446,0.8658071461766992,3.5533199510875684,0.0,5.532679247536597,9.554941568330776,13.604942601351844,3.5660751120561667,3.357413067990943
dfs_de3380b0416edce8,4.174387269895637,10.184896528142387,11.169772964992372,0.06842539159109645,4.3539722059396135,1.611685902808102,0.766559797875434,3.504865834801005,2.536343240283901,2.916293363182448,7.631351269090183,13.583529319079725,2.293814424193674,3.731603225686131
dfs_e0be57b761c2ae35,5.147494476813453,7.0379396444192395,11.922555222209168,0.0,7.434867685767489,5.3143429531040365,0.8817944755033347,3.265347396466099,2.1245474954120827,2.756068646061024,9.571561144209412,13.698197786716248,3.8466654526656625,3.336808069664508
dfs_d35d481f02f2d45f,3.4339872044851463,9.414407277729588,12.16940347442314,0.0,3.1023646686655675,1.8371769149498145,0.7443671615236607,3.923498052568471,0.0,6.4102418250552935,7.946480585622136,13.437016440580473,2.293814424193674,0.0
dfs_dca6e8f73cc9876e,4.0943445622221,10.954851953770127,11.417031114571483,0.13118279569892474,3.3230015143336082,2.766499308075421,0.7230696042570444,3.480359370463227,0.0,4.194606540968607,8.470084169550464,13.303527598076453,1.996901660409805,3.5985816765332803
dfs_8b426e1ef6f36c5d,3.713572066704308,9.669970153044584,11.498948237039368,0.12841091492776885,3.2111183759906567,2.3006846571104678,0.8962622926352921,3.5659857281733163,0.0,4.524347198899901,6.411959316161111,13.565908805074368,3.0006498211243393,2.014774266359744
dfs_a9d36e3d1de16a41,5.855071922202427,7.0379396444192395,11.922555222209168,0.0,7.434867685767489,5.3143429531040365,0.8817944755033347,3.265347396466099,2.1245474954120827,2.756068646061024,9.571561144209412,13.698197786716248,3.529421369656171,4.073758813390112
dfs_e9d99d493df817a9,4.605170185988092,10.223955080821543,,0.06181818181818182,4.580478051801188,3.1424934077219278,0.8568560634529163,3.2398160430752085,2.236841170377012,0.0,9.87879344194551,13.613158115825254,3.0006498211243393,4.731191953950517
dfs_7b1335b80bfb9f5e,2.1972245773362196,8.422347888520772,11.241234844936493,0.0851305334846765,1.538482751465488,0.5948625953746428,0.8151982847336058,3.447243317378384,1.4935122053280223,5.213090506932002,5.613069793195188,13.127911955534739,2.1563374497238987,4.274145185628467
dfs_7a0b3bd2ed88c574,2.8903717578961645,9.092570436360727,11.465917711362888,0.03295668549905838,3.029046195097797,1.3435490354865638,0.7359117140343234,3.266842116626849,0.0,4.994917334355889,6.239027999744372,13.558927848054223,1.807133707454955,0.0
dfs_fea9d2a2e7f882bb,3.7612001156935624,9.819675767031809,12.280511991345007,0.01863932898415657,6.764632605638261,3.1732349845845387,0.7071308182644691,4.057872261622182,2.940245309484199,5.1721449690495405,9.02657365755279,13.561308392753096,3.174644349887469,0.8735784718824169
dfs_613eb73b663f6327,3.970291913552122,11.04876028009354,,0.1303827751196172,3.9025525619154475,2.72759355871187,0.7593642569153392,3.432886390228171,0.0,4.832166069201026,8.577732085593928,13.377428762044389,1.807133707454955,4.215323737704136
dfs_78502a64c5fce5e2,4.418840607796598,0.0,,,7.1674296480381265,3.037959626315032,0.6967525928383413,3.6045573429957227,1.3978712228661296,4.13300514897262,8.854774002360383,13.885176536197378,3.9741114275380682,0.0
dfs_1aaa554e5b7e6189,4.564348191467836,8.795630237684103,,0.38271604938271603,4.175659550892392,2.0446780897140373,0.6496341834726722,3.4497888164618185,1.1264240282975253,4.067331720606191,8.806684110101322,13.699526029024666,1.5727155517124787,3.4059284938046805
dfs_6f089fb1540d0cd3,4.51085950651685,10.45749747673962,11.200185379844262,0.11850311850311851,4.2164336174908765,3.2303196646725842,0.8628753077348783,3.543566788996832,0.0,5.343198100584686,9.421658296208209,13.487288395697817,2.293814424193674,3.7381783024571265
dfs_c5a4e8e0d41bf55e,4.394449154672439,9.62339033412749,,0.12179487179487179,4.743099637667428,0.6995328746640876,0.530143981892652,3.1787349791602706,0.0,4.470923667488446,8.879795744264358,13.549786957239867,3.174644349887469,0.0
dfs_81beac877ea9c6de,3.1354942159291497,9.711513629345147,10.913031805286236,0.07419354838709677,2.483267651348549,1.4625561216154175,0.8810066994690037,2.910648117031335,0.0,0.0,6.661942669533664,12.976379921487707,2.6197576726867497,3.263103352542963
dfs_85d4ee3e5945d3f1,3.091042453358316,10.114601385250458,,0.16474464579901152,3.0871939201096317,2.2713166673739247,0.8848759261619716,3.275556758347335,0.0,3.794607200241569,7.904670599315133,13.04030697694503,2.6197576726867497,4.197111231127526
dfs_b1cb50bd977290e9,2.639057329615259,10.070407583354203,11.624350553872434,0.10317460317460317,2.3251100815815327,1.2691162572388794,0.8186076074435886,3.269032548127174,0.0,4.577697737383922,8.187530736563618,13.182918349736472,3.0006498211243393,0.0
dfs_8fce031355724715,2.772588722239781,8.528751496661034,11.206332367626686,0.23563218390804597,2.995596920287511,1.8711059828298042,0.8712709606568073,3.3589099966307168,0.0,5.152266210067918,6.322140023052457,13.277767556986689,1.5727155517124787,3.9267112697660735
dfs_787b57b9baf958d7,0.6931471805599453,8.690586145285833,11.728552840470655,0.0,1.7919210893479276,0.16408680062516062,0.5439900355032254,3.4182529158851693,2.130981584936552,4.490416096055655,5.581171422729532,13.228295129875335,2.1563374497238987,4.118257987811968
dfs_30b17703be84ae8c,3.367295829986474,9.81745117698901,11.991684404385566,0.09078014184397164,4.674701576060757,2.96676281317977,0.6342569277989796,3.340115130910973,0.0,4.614659803636671,7.467477276682818,13.664932986973795,2.7084257966964724,4.099882192661377
dfs_0eea5e02f218d9ee,3.784189633918261,10.460379597801891,11.646319348140759,0.047692307692307694,2.7584657509073596,1.1542465986873272,0.9216658021469915,3.1733324078389877,0.0,4.016450231359968,7.623099221931849,13.422064925680312,2.8651744031446778,1.6178753053725812
dfs_8567a0ddfc9defaf,3.5553480614894135,9.529567889528655,10.87570482869929,0.039783001808318265,3.9705461472588754,2.048876267792687,0.5901745711016468,3.5722113302492495,0.0,4.82507954373295,8.066804770753519,12.912932871027724,2.9352045584387274,3.1945672156960994
dfs_bd013114a48bc390,3.332204510175204,9.784791239329062,10.651383301144275,0.014492753623188406,3.1879812021680927,1.295297824423647,0.6427076988987532,3.226600886094416,0.0,4.469408764745731,6.896307919399796,12.892932602858572,2.4146555189783867,4.343312449507544
dfs_3c8c238807eb3e79,4.174387269895637,10.184896528142387,11.169772964992372,0.06842539159109645,4.3539722059396135,1.611685902808102,0.766559797875434,3.504865834801005,2.536343240283901,2.916293363182448,7.631351269090183,13.583529319079725,2.293814424193674,4.488595192290608
dfs_fed231e8b3e70a4b,3.6375861597263857,10.173298546068548,11.918397239722838,0.1011764705882353,2.482773267828659,1.2511009845928691,0.9305144401375837,3.574164875827618,0.0,5.769120830839548,8.052005182894856,13.728118744981684,0.8212059263546096,6.002456127770934
dfs_df659158e75d43ec,4.48863636973214,0.0,,,7.1674296480381265,3.037959626315032,0.6967525928383413,3.6045573429957227,1.3978712228661296,4.13300514897262,8.854774002360383,13.885176536197378,4.169173350808388,3.1826539375307603
dfs_8827269e742acf97,2.995732273553991,10.138607136708986,11.577832668136228,0.2457627118644068,2.2700416006819935,1.475313824483639,0.7486043335448554,3.1083859656291475,0.0,3.202755379441755,6.420289875121577,13.364501386396354,1.2659553055395139,3.806967966265178
dfs_0bd52dbca9555bf0,4.770684624465665,10.175619991076283,12.429224196812383,0.024423337856173677,6.334663106895385,2.5173822150236775,0.7996261974842283,3.5098420044138674,0.0,4.2740340772733845,9.699606795211766,13.873860594872692,3.4518191713062434,3.794051169800968
dfs_5656f48718313dd6,2.5649493574615367,10.389260468649509,11.327908278228264,0.07034220532319392,3.7417499411847843,2.1898792495067934,0.7571319494791352,3.6172478012436207,0.0,4.2430452671075,7.289374846159744,13.07354071270676,3.0006498211243393,0.0
dfs_2973f1442df625ad,3.2188758248682006,9.619763112924524,12.174654215251746,0.0,3.506320288099626,1.5867195915473031,0.5806451015524332,3.356478714797112,0.0,4.68184821404615,7.757213013117522,13.433938230471027,1.807133707454955,5.035864635678493
dfs_7679fd47d1f6e145,0.0,6.798085221576675,10.996903027797362,0.0660377358490566,1.7018765687709612,0.18943685249704656,0.7667312662904883,2.5766986031732273,0.0,3.8109702520076603,4.834727780652734,13.119429076551274,0.0,7.3743689833201325
dfs_1558c6ab4ac65d34,2.9444389791664403,8.89121895838871,11.613612074928163,0.05,1.7638219243413609,0.07724853819451985,0.7342911514319279,3.4491510587141105,0.0,5.188728888048136,6.490577781311983,13.497652399457158,1.807133707454955,3.138404770386825
dfs_a7684e513fcad706,1.791759469228055,8.659672334265446,11.441150154659564,0.018957345971563982,1.3020507789692528,0.22142572894664836,0.8250023587914669,3.363569654835585,1.4529390643368383,4.566511251011209,6.923837562501068,13.208964837055992,1.2659553055395139,5.842397152780091
dfs_0d33e965fa6fcc6e,4.418840607796598,5.851387762511735,,0.0,6.998911988158418,4.611838875032824,0.8132780189664125,3.526212893730343,0.0,4.109613683755075,9.01680864259625,13.765641512011134,3.9498886044713344,4.363786541173793
dfs_385c6903f9b7baff,2.70805020110221,9.778390631179015,11.29990549682687,0.06201550387596899,2.472238380032969,1.525398398725133,0.8021348928825319,3.805670597842513,0.0,5.564461728368648,7.406695910535347,13.392074434134864,1.5727155517124787,5.911212159364751
dfs_4d06ccbe1f5b3b6c,3.912023005428146,8.945136683562078,11.675384392667931,0.12064965197215777,2.8084243229750765,1.0645060606538894,0.4735101153225718,3.5407789534066043,0.0,4.628286111775922,7.231566664922274,13.298629973197707,0.8212059263546096,5.239473234242521
dfs_8b27a27d41b40e35,3.5263605246161616,9.752267505960853,,0.0431266846361186,3.9910431005666385,2.7682311670514754,0.6181357570285356,3.6228305688577778,0.0,4.989650821430637,8.253978607671957,13.565133261866375,2.4146555189783867,3.4578266534633073
dfs_8cd548f88bf221e9,3.828641396489095,10.960397592942712,10.60129883922295,0.22011385199240988,0.7212541836116316,0.0,0.0,3.725467816432081,0.0,5.241486302289396,8.33631185530081,13.622935008216482,0.8212059263546096,3.1530054760928077
dfs_0a894f689db4731d,4.060443010546419,10.184896528142387,11.169772964992372,0.06842539159109645,4.3539722059396135,1.611685902808102,0.766559797875434,3.504865834801005,2.536343240283901,2.916293363182448,7.631351269090183,13.583529319079725,2.1563374497238987,3.9316640816328183
dfs_365bd0319c833ac7,2.3978952727983707,10.30798417036818,,0.08096280087527352,3.5233021516103533,1.6523617421433643,0.7598255424837388,3.429405926392046,0.0,0.0,7.214470616412972,13.102305557549297,3.119942268016456,2.376943811244107
dfs_a34efb8130f6bbe3,3.4011973816621555,9.658949598003597,10.34354730540879,0.025,2.6818808380243,2.141587141931364,0.7608414957414792,3.6687371654485648,0.0,5.254754922479,7.968769787305848,12.864157255865576,2.4146555189783867,4.792233785785849
dfs_14ceba2e31f737d2,0.0,8.764041126582283,11.17729887069272,0.04777415852334419,0.8375256146479784,0.28755770512290546,0.8778771406113052,2.8416621886581366,1.3395894190916204,4.463527290880336,3.8832042231841477,12.614513322239867,0.8212059263546096,0.0
dfs_2ee8b98c2bf35f85,2.70805020110221,10.189509514817914,10.901026419110801,0.08390022675736962,2.6089683004863664,1.2737442462990802,0.9330853180692104,3.041572734685409,0.0,0.0,8.118805217424397,13.072181044617713,2.4146555189783867,3.5591807608790837
dfs_df20bfec9bff564d,4.04305126783455,10.112685685590172,11.688289541196685,0.05628616517622304,5.80389369492336,3.94423223729801,0.8904179695512241,3.3025474148673997,2.7903768253563457,0.0,8.329142188574957,13.718863084381082,1.5727155517124787,5.3783053727777475
dfs_e65e50cf7bf0cd4b,2.8903717578961645,9.849081990545493,11.198324303167183,0.09923664122137404,3.657938172607534,1.1919306523331088,0.6390008992470533,3.4658384373582827,0.0,5.046677865836879,8.052765300971235,12.903132162910035,1.2659553055395139,6.0836908271247925
dfs_1644c7a721836a57,4.787491742782046,10.795658842781142,11.91170829631447,0.03242955874534822,3.493420172328126,1.1943097365681619,0.2348098258164294,3.231001221329528,0.0,5.390247210634979,8.831501027795245,13.601200377301712,1.2659553055395139,5.546537134217333
dfs_b372617f65272b2c,4.882801922586371,11.094178529390446,11.667216134998402,0.034303534303534305,6.810292875989046,4.591855373715217,0.8245961480908294,3.6140240254471987,0.0,4.522693524872332,9.461391923599159,13.517710807324207,3.4106363451196224,3.5555866435667753
dfs_6cf6cb26d068a67e,4.499809670330265,9.2099891033099,10.68434794707383,0.09900990099009901,4.627287623121323,2.428214243175518,0.8644089409486961,3.2283046432735745,0.12030246687724604,4.89843647061219,7.832669933222492,13.671648270652781,3.4518191713062434,5.184481232507436
dfs_bae7b0f979a062b2,5.030437921392435,10.255549576180687,10.481251939552509,0.15852682145716573,4.24056871158301,2.3368300133260385,0.8605920988071709,4.005841328569343,2.7848730802981736,4.636214586941295,8.261456028295646,13.585516092638306,3.6014327256248992,4.0087170541710355
dfs_7efab100396aca18,4.110873864173311,10.118501304927939,11.25101509747592,0.0943089430894309,3.618842887164575,2.2029930675883884,0.6937371116077454,3.843858784840198,2.6220928541330344,0.0,8.496621987826591,13.766306658218081,1.996901660409805,1.476692134840644
dfs_a991de4ccb0e350a,4.634728988229636,10.07295320405854,12.069685751267224,0.0,7.168295158643323,2.5306285959305015,0.6277928025256241,3.725718186922117,2.2351335915421844,4.833955653490345,9.986984023148924,13.913873346541177,4.020864861806105,0.0
dfs_a3433c13ff4da00e,2.9444389791664403,8.998756969226282,11.931333122447288,0.0022988505747126436,3.2935547667820053,1.9047749474114417,0.9015940920784954,3.552537928421958,0.0,5.52375710431016,6.648527929973644,13.567064583162818,2.8651744031446778,2.915730591610526
dfs_43b6b12548937c9d,2.3978952727983707,9.897164642104576,11.75914471261388,0.06153846153846154,2.8046413741639,1.077013488361367,0.7974579380347154,3.559536500179226,0.0,4.8785516270204985,6.691148930579527,13.364380497122147,0.8212059263546096,3.157698737096686
dfs_5a9cd832ca5a6a31,3.295836866004329,10.763238482230038,,0.03354632587859425,1.996483806537711,0.0,0.6532695277772949,3.3204513769644577,0.0,4.657956515610753,7.980971887457927,13.54658350543611,2.1563374497238987,5.372786344651009
dfs_62741226c82c6197,4.941642422609304,9.932390890431925,12.298856910623504,0.0756234915526951,7.3186503871562465,3.155832838233634,0.5231554471572339,3.3999153644246762,2.5479489335340477,0.0,9.467248065075633,13.645402906817823,3.4106363451196224,0.0
dfs_98b5a7c93a0a3211,4.983606621708336,9.934561144585928,10.987426038970444,0.06485671191553545,5.666324671167185,3.2022361366501406,0.830926675107132,3.3306956816866373,0.0,4.697369959343955,9.134401602408696,13.636475993088567,3.7005714823508122,3.1231392534303657
dfs_02e99c2991c5b46b,4.356708826689592,9.63500706374879,11.38935571855211,0.043209876543209874,3.8994956265817655,3.100647753176469,0.756786434143733,3.3653261113662,0.0,3.326108484687389,7.826055222969113,13.287828662131503,2.1563374497238987,5.146690139112097
dfs_8f2d346af3cce176,4.553876891600541,9.2099891033099,10.68434794707383,0.09900990099009901,4.627287623121323,2.428214243175518,0.8644089409486961,3.2283046432735745,0.12030246687724604,4.89843647061219,7.832669933222492,13.671648270652781,3.4106363451196224,3.9950987483006046
dfs_53cd4603cbe2de19,4.219507705176107,10.123567241460117,12.395576679800147,0.01689545934530095,5.833582069314111,2.807337174490028,0.48988816575263966,3.4456196275917006,0.0726101649982274,4.7914277943495245,8.753342433774081,13.589217050743953,3.22650867441372,2.775072698356807
dfs_c7dec4f327b134e2,2.302585092994046,8.57575292448758,10.781307689847694,0.04524886877828054,2.1879447052985115,1.5061402100579724,0.8564905429827533,3.336412782891646,0.0,5.055741528695753,6.1976293462860435,13.096643437293702,1.5727155517124787,0.0
dfs_9163676e67993010,4.969813299576001,10.577859186054443,,0.10078740157480315,5.666324671167185,3.2022361366501406,0.830926675107132,3.3306956816866373,0.0,4.697369959343955,9.134401602408696,13.636475993088567,3.66860496723193,0.0
dfs_5f8de45372c09237,3.4965075614664802,0.0,,,3.218363040687803,1.391192039196371,0.6511098347683645,3.108539629692097,1.8916092689203183,4.227426640347218,5.367145525751331,13.254133469849934,0.0,6.311156130411432
dfs_92845718720bebdd,4.727387818712341,10.285127717936444,,0.033584647018505824,3.489980467949918,2.119406696979112,0.7448183746610876,3.4289961104429687,0.0,5.28827707632552,9.475282301677547,13.434914632222974,1.807133707454955,5.216277310415779
dfs_8b5d1e3775c4c06d,3.295836866004329,9.235203942795458,11.29757645712193,0.07487520798668885,3.246789770465696,1.0820106734894015,0.8448722512289831,3.5509284832007277,0.0,5.595591938518094,7.208749112318356,13.42925672586799,1.5727155517124787,4.54729385255319
dfs_0f02f43245931eeb,3.970291913552122,9.427686718877304,11.135216564531996,0.025,4.158557905710318,3.596644114630928,0.6993532801305652,3.5745930739301808,0.0,4.675770799448478,7.695153760677665,13.688323568413644,2.1563374497238987,4.0474447978387245
dfs_4592b51f9c099af3,3.332204510175204,10.583898690276849,10.645377277084064,0.0888529886914378,2.073571402073288,1.265886090660472,0.8057451160057962,3.520139334180789,0.0,4.8390798951928655,7.396696898634758,12.968946428330813,0.8212059263546096,6.1741723943980045
dfs_7a54b71779647472,4.276666119016055,9.934561144585928,10.987426038970444,0.06485671191553545,5.666324671167185,3.2022361366501406,0.830926675107132,3.3306956816866373,0.0,4.697369959343955,9.134401602408696,13.636475993088567,3.3676843746371405,3.86129786983838
dfs_05cd3bd5dd8b5e28,4.430816798843313,10.445243333648511,11.964128464752246,0.0,7.199393535845701,2.840160462064127,0.7105331326205213,3.134145203152094,0.0,0.0,10.28372721303055,13.67128446608458,3.22650867441372,0.0
dfs_45fbe1652b21e7f1,5.332718793265369,10.05904030945123,10.705130329249373,0.08900523560209424,5.525611728695097,3.045800152531631,0.28760467812440144,3.780195216474385,0.0,5.095238838486104,8.91786953398637,13.395436253322083,2.4146555189783867,4.7397586501550615
dfs_c4e8a290cee30bce,2.0794415416798357,9.660555736228764,11.801399723559697,0.022641509433962263,3.776249408480693,1.434584796837189,0.42361155464976763,4.1030913437101715,2.772175403965218,5.326625173951572,7.957834471391028,13.558666727821093,1.5727155517124787,0.0
dfs_6fcd1efaf4f5be4f,2.995732273553991,9.929510485083814,11.505034412347458,0.024485798237022526,,,,,,,,,1.2659553055395139,0.0
dfs_4d8c637de1d95974,5.455321115357702,9.637421412199986,,0.13333333333333333,4.044629769096787,1.4842835087532162,0.607242539673259,3.622726295681977,0.0,4.481217496458134,8.142239053808074,13.382764177074247,1.5727155517124787,2.045429044774998
dfs_b029d60db69139b6,5.272999558563747,9.240458615461085,10.52376829760896,0.10905349794238683,4.1438179458723186,0.774706337483705,0.5034887757667347,3.4382607442279216,0.0,4.921169160116339,7.707342823871412,13.289589908736176,1.807133707454955,4.56563917995756
dfs_3973f684b8231845,5.170483995038151,10.298935955393809,,0.06995884773662552,7.168291005440428,3.0559227504652746,0.779742987565073,3.417779787802938,0.0,4.107482637506677,9.170322257827294,13.796148313685258,3.6355827541784427,4.9749305026780775
dfs_294a6c6400c3ca5d,4.820281565605037,10.574983598795122,,0.10028929604628736,3.8607031605285873,1.5034371110078553,0.6979157387969671,3.6344271509935226,0.0,5.6253555589953566,9.82779666319438,13.461661617114604,2.5224557664912224,0.0
dfs_b060ef7e8cbcef89,4.553876891600541,8.277199575540198,11.986404298691774,0.14285714285714285,6.76210126578141,2.305263014972481,0.6040334286533122,3.6762673869528824,0.0,4.788464065320435,9.592356588525734,13.784290236163267,3.997761355241824,0.0
dfs_bb4d5d17f7c618c8,4.31748811353631,10.076670079850674,,0.16257668711656442,5.951555210290123,2.372299042941958,0.6636338047073671,3.384446628978058,1.5412633641683093,4.061879684187877,9.882294647287472,13.650681904282544,3.3228044116247886,4.284263040991891
dfs_d9309609d7241ef7,2.3978952727983707,9.241095055083395,11.611249281025925,0.024132730015082957,4.02888235566618,3.7096378890552795,0.5276862481783293,3.319134276587202,0.0,4.8041219370268795,7.844477602485479,13.21626529334314,3.0620738268031755,0.0
dfs_bca27e088b2bf124,4.795790545596741,10.547084556792749,10.87468304957957,0.18222222222222223,3.052144546817311,2.5216622042741506,0.7704273051287405,3.885081085491318,0.0,5.585537381290243,8.90311089876364,13.401327559236387,1.5727155517124787,1.8758395091353997
dfs_fd67bab855b0b7fa,4.653960350157523,9.922439379556032,11.107960231903714,0.05268389662027833,4.423497605009977,2.0606264249867725,0.674137149006721,3.3516573432658974,0.0,5.0226872538083125,8.24008093449934,13.505976800330345,2.293814424193674,0.0
dfs_ed3a725dda89dd1a,4.23410650459726,10.30836725001463,12.418414063310296,0.0,5.943306126517814,1.8741297933818368,0.655500013307884,3.032135950308754,2.2926796292043767,0.0,9.904880775450202,13.752858256794818,3.8466654526656625,0.0
dfs_5e849045db92deb0,0.0,8.764041126582283,11.17729887069272,0.04777415852334419,0.8375256146479784,0.28755770512290546,0.8778771406113052,2.8416621886581366,1.3395894190916204,4.463527290880336,3.8832042231841477,12.614513322239867,0.8212059263546096,4.535533959388095
dfs_d7c46b2af996f612,2.3978952727983707,8.526131606232909,11.26528428205562,0.0,1.7834786999894514,1.313048055689418,0.7308114103563208,3.317531740437681,0.0,4.986205866606376,5.724259394726034,12.69146968594574,2.5224557664912224,4.298892769386201
dfs_0a807ebe0c6d351d,4.3694478524670215,10.466495629462736,12.337061433473261,0.0,4.529858601464518,2.1398809559840233,0.5694516883635257,3.1548987652218865,1.7049349952027233,0.0,8.801544644194465,13.311031419257148,2.5224557664912224,0.0
dfs_94525a2b912b58e9,4.574710978503383,10.529301776954291,12.429224196812383,0.0,4.749330879981679,1.0497265478746685,0.7313448616706453,3.7551695819642714,2.050562273401599,0.0,10.80741180916344,13.813908274994235,3.4518191713062434,5.1243730505847
dfs_74ae4881d598e828,3.1780538303479458,10.488924052344506,,0.02197802197802198,2.2401251549670937,0.24465226544830418,0.5115708665467462,3.3764951211456573,0.0,5.3578849561440824,7.2096982047433675,12.92618059617273,2.293814424193674,0.0
dfs_b02556c4b6c399c2,4.532599493153256,10.138897127683256,11.640447588047344,0.08505154639175258,3.3822834221232787,2.046975690671665,0.5578555411568713,3.6001575147678264,0.0,5.696011238693091,8.977386052084688,13.501175085166965,2.293814424193674,3.982794626904316
dfs_a9ea74f9f5c2e61b,2.639057329615259,9.188016391839314,11.9093094643422,0.08710801393728224,2.0635560492402827,0.7409453285079503,0.8622168826264356,3.550647108019878,0.0,5.443421888907494,6.325763407931313,12.529238891650525,1.5727155517124787,0.0
dfs_c08c246d37fd5737,1.9459101490553132,10.807570310219322,10.422013452928306,0.059800664451827246,2.407064357554129,1.3783028840844933,0.846214369040555,3.4793192592627964,0.0,4.283746925402725,7.136644322046736,13.190036979037373,1.5727155517124787,5.059490887472522
dfs_b9f0cb979f71e031,5.062595033026967,9.280950700651307,12.429224196812383,0.03063063063063063,5.936842452404424,3.2213301391254943,0.8493506464496711,4.299844206469743,0.0,6.740402776830939,9.542394003746733,13.764081464882814,3.6014327256248992,5.2002616129509365
dfs_8036de0bfc3bd52e,3.58351893845611,10.107040157801167,11.9312738922425,0.0,2.581104808362768,0.9214602542943555,0.7316421167965323,3.5529876432703134,0.0,4.936827432730074,8.736447345090406,13.283493643154761,2.4146555189783867,0.0
dfs_03752612db99ea08,4.634728988229636,9.285501186109391,12.429224196812383,0.03545051698670606,6.691485484122061,4.757226350018008,0.878024410524374,3.8343090743009904,0.0,6.208493695145907,9.399807710648792,13.57842020051744,3.4518191713062434,4.423400917095887
dfs_567469c502c8eeaf,4.584967478670572,9.810063900436294,11.467697947033539,0.0009182736455463728,4.066286811021425,3.5046709462712724,0.7669423454266724,3.094530018848259,1.3307456579987997,4.2298725787104265,8.225451817746105,13.571470180937078,3.174644349887469,0.0
dfs_d652e8821931541c,5.153291594497779,11.235959846355811,11.04194535912636,0.02457956015523933,2.4524019820783023,1.8588628724068983,0.6414907785058349,3.4999918002158514,0.0,0.0,9.553833649788288,13.29039836543983,0.8212059263546096,5.054225008821421
dfs_16bbc6fd8b370a0c,0.6931471805599453,8.43828271495128,11.426495736971841,0.0,1.0674172109636175,0.17889592787858852,0.695156050306755,2.1525430450213214,0.4170095609277815,2.7436322314824504,5.311667822700394,13.400543448488257,0.0,6.770512776771114
dfs_79daf3fb5038a85b,4.553876891600541,9.2099891033099,10.68434794707383,0.09900990099009901,4.627287623121323,2.428214243175518,0.8644089409486961,3.2283046432735745,0.12030246687724604,4.89843647061219,7.832669933222492,13.671648270652781,3.4913728443217287,3.778936866964064
dfs_9c9d98c2b45d53d3,4.430816798843313,10.711690531344571,12.253046876175627,0.09656301145662848,6.9468278000735,2.515903281652096,0.6177876443954804,3.761475864333623,1.8043084034806594,5.319698583798728,8.395885425256497,13.565610985445597,3.6014327256248992,4.7897239355705095
dfs_a48599acf20f4417,3.044522437723423,9.452148184793856,11.237685665408335,0.03110419906687403,0.9853279731265085,0.35042626030505686,0.8357905026811298,3.5281558752392197,0.0,4.401548994538413,6.73636637787239,13.803317524131753,0.8212059263546096,6.111614298017095
dfs_b0751ca232003c03,1.3862943611198906,8.729346298382538,11.793560263618064,0.0,2.182767631997558,1.509111236832839,0.8102668801889522,3.2561400899941892,0.0,5.17692146098915,6.158375964117102,12.453744893562257,2.1563374497238987,0.0
dfs_5cc3b4d8e342a485,2.302585092994046,8.64177825045305,11.47981325685335,0.0,4.942078954410411,1.416916693060726,0.18719961613278333,3.353969325228214,0.0,5.076120849281292,6.111137787255082,13.773437781542366,1.5727155517124787,0.0
dfs_f1616a4646623e72,3.7612001156935624,11.203311025012683,10.996148835710798,0.11215753424657535,3.883402741183588,2.4441180716507542,0.7679067175299794,3.48334304196481,0.0,4.985490989761293,7.486207951838575,13.501936153546543,1.2659553055395139,0.0
dfs_60551ed355060425,5.176149732573829,10.153884528140091,12.031231043990045,0.04048996257230351,5.9243709097805235,3.529739453743084,0.5443193023639348,3.5803339670264704,0.0,5.288965217735767,8.604776249644004,13.559608766661665,2.4146555189783867,0.0
dfs_cf5767cfbe4d412e,4.0943445622221,9.87799178735448,11.085352775198356,0.08350515463917525,4.633879115008745,2.5620930848237444,0.5836883397348877,3.4016276127006617,0.0,5.018327358754207,9.43249204222697,13.312929190070776,1.807133707454955,4.856135431408784
dfs_81ffbd0aa3fafc85,4.110873864173311,10.06861437106631,12.266476066412897,0.09567198177676538,4.671034364605087,3.1491187107725125,0.8057266654804216,3.5016523557677517,0.0,4.2579918185851655,9.190258807275702,13.365692227884537,1.996901660409805,4.44450390818937
dfs_35ca359793027fb3,4.976733742420574,9.45011414428025,11.44393973631491,0.060263653483992465,3.7738607367584347,3.390582612479328,0.5931953302188424,2.8085862825625134,0.0,4.411670157592897,8.725939070041674,13.735135295000356,1.807133707454955,0.0
dfs_41de2b40b80487fb,2.3978952727983707,9.459990093434023,11.518748478273016,0.04716981132075472,1.7853357152463027,1.1038128368136102,0.7395310685409743,3.873637354061358,0.0,5.699588613128156,7.862264429603386,12.873088867075303,1.5727155517124787,0.0
dfs_d9a999cf48142c36,3.091042453358316,8.893244649769672,12.311504158667619,0.006564551422319475,6.962144054788186,2.8766408324278117,0.6771938505199872,3.7641449476858257,2.3144446665689506,5.2539574970313625,8.122351972977484,13.649494933914191,2.7084257966964724,5.3269385147891875
dfs_bf0c0c4f9f71de5d,3.1780538303479458,9.592753299130546,11.35409384662443,0.09659090909090909,2.747236907064958,0.6739544468442465,0.7369641351015089,3.1597374436373875,0.0,5.094558244757104,8.163084190211777,12.892638214724565,1.5727155517124787,0.0
dfs_54d9c4f93f653358,4.700480365792417,6.7823598536952225,11.700450128762364,0.23809523809523808,7.307631960417874,4.968043972491383,0.750825465540471,3.587525079039738,0.0,4.632307622927234,9.27641498792517,13.819083168584296,4.1082845903468765,4.329525560288748
dfs_b43185e9d7044877,4.624972813284271,10.112685685590172,11.688289541196685,0.05628616517622304,5.80389369492336,3.94423223729801,0.8904179695512241,3.3025474148673997,2.7903768253563457,0.0,8.329142188574957,13.718863084381082,1.996901660409805,4.544254568798594
dfs_f479c9b767826f00,4.727387818712341,10.049561396521717,7.824046010856292,0.4290909090909091,3.1776152616118676,2.32420494278005,0.799233762525521,2.2332395819814495,0.0,4.301872770840528,8.951805659184245,13.475636541846571,1.2659553055395139,4.404371406746311
dfs_6aefe3ba4f6aec66,5.771441123130016,9.842356488324786,11.77425072832449,0.09173715029277814,6.3376792879443675,3.0083849182672306,0.8338374732418006,3.5079181943553586,0.0,3.739491985294608,9.896188857938032,13.919415514810156,3.6355827541784427,2.534650969828095
dfs_f2682ff0f16ce49c,3.258096538021482,9.753339801765735,11.498948237039368,0.017713365539452495,4.291244552262245,1.7602432137661121,0.33518068930127326,3.361479722909037,0.0,4.577562832042226,8.243793300675009,12.924985033976146,2.9352045584387274,0.0
dfs_c0be9e9f85ce6e83,4.543294782270004,5.851387762511735,,0.0,6.998911988158418,4.611838875032824,0.8132780189664125,3.526212893730343,0.0,4.109613683755075,9.01680864259625,13.765641512011134,4.020864861806105,0.0
dfs_0c02a95f0ac732ec,4.48863636973214,10.295775791069573,11.348734550248555,0.0940254652301665,3.247219610249804,2.4800924772062567,0.7457188782536339,2.8180021516856155,0.0,4.623153917432734,8.201149896394272,13.708783553530232,0.8212059263546096,0.0
dfs_6c1c38766b791fa4,4.605170185988092,8.62024880379107,12.14935413491861,0.03106508875739645,7.075775939733857,4.263548386621239,0.7529708732846061,3.441796330035743,1.8226561434071085,4.507984722765767,8.820849910272013,13.581228958239562,3.529421369656171,0.0
dfs_dba1aeabacd2b4da,4.04305126783455,8.08107047528319,11.846966176400027,0.05189873417721519,4.850762106403298,2.2565482261885,0.8500535039046089,3.550353594198743,2.3100722920005934,4.5437915015281245,5.898469009027747,13.511823757059654,1.5727155517124787,5.670112152604425
dfs_467329ac0d943157,4.248495242049359,8.01559613072854,11.881256215304662,0.07238605898123325,4.400402028662769,0.8749782594815292,0.801579729758352,3.7339670511468794,2.56733091180153,4.900226167113467,6.683053555633151,13.92322530025463,1.2659553055395139,4.646753052692138
dfs_251acafbef904e79,2.5649493574615367,8.912804315639331,11.326318739943364,0.06331045003813883,1.8562882472737352,0.16884742181791482,0.4680708300434881,3.3739723117854887,0.0,5.3179336425686285,5.153366146649335,12.56062684227343,0.8212059263546096,0.0
dfs_573eab4f56b6103d,1.9459101490553132,8.887127725699662,12.231194434303953,0.018092105263157895,0.511173309817109,0.0,0.679361594524317,3.709240049512757,0.0,5.579830806892528,5.494662884566868,13.175845374832953,2.1563374497238987,0.0
dfs_36622cabc4db3bef,4.394449154672439,10.710800598778066,12.276605663715413,0.07815845824411134,4.036734059853021,2.2194282128062612,0.8451308627834304,2.270452477788901,0.0,0.0,10.287689392763838,13.712140282685723,3.6355827541784427,0.0
dfs_40d2c1f54bdfc3d1,4.852030263919617,10.479074506806112,11.949902159950943,0.12332695984703633,6.830129600895368,4.862290723088251,0.8915372773189791,3.5374018529267723,0.0,4.239604447055321,10.0089564530901,13.84636657670898,3.4913728443217287,0.0
dfs_2b9f56ec7704246b,2.0794415416798357,8.845439836926808,11.401423909444526,0.07905138339920949,2.8841828752428307,0.7470672247166129,0.3931364548857577,3.2445211903661764,0.0,5.100737392033264,6.205267767911798,13.048589810869277,1.996901660409805,0.0
dfs_3ea38aa83e5de2a3,3.4011973816621555,10.318726418230026,11.909444004953487,0.0,,,,,,,,,2.6197576726867497,3.759751103165799
dfs_78e979dbfa2b01b9,4.330733340286331,9.998964310283197,,0.10160427807486631,2.9385071627065398,2.100249093755933,0.755937758258906,3.4238054261973074,0.0,4.846276376121337,7.81210888052101,13.331257080171653,1.996901660409805,0.0
dfs_1dd8016b499ca257,4.304065093204169,10.785555022135684,11.524013761955649,0.03942953020134228,3.389327189916794,1.1489211618274966,0.7584060673703853,4.013724617967479,0.0,5.095238838486104,9.581556495398738,13.525170288969791,0.0,6.230455185128351
dfs_c23101206462ce13,4.465908118654584,10.264735089977732,11.992928928794298,0.0,4.515470168286783,2.858772037288228,0.7116630167091089,3.613823548174082,2.1156698801931926,0.0,9.507361351597782,13.424788238910258,2.7084257966964724,3.8941753112506223
dfs_74ce056717b34f8f,1.791759469228055,8.506687066033937,12.241246720537827,0.007853403141361256,1.6838168741899215,0.18750954234359313,0.7232968459294453,3.2202316526588137,0.0,4.723034504757054,5.953972020178475,13.41624419785884,1.807133707454955,0.0
dfs_864faa4178d6c1b2,4.382026634673881,5.4481961339966505,,0.0,6.085272370960391,4.062797153041002,0.8176862988899157,3.302375129200046,0.06792259243385314,4.680335492087913,8.642012792407048,13.627031683738132,3.5660751120561667,0.0
dfs_50541a8a41596aca,4.59511985013459,10.268791536038517,,0.05743740795287187,3.6841657047679925,1.7462664732430726,0.8250385356103521,2.996855182106739,0.0,4.404517013900346,9.580570367287027,13.622882875029514,3.7005714823508122,2.791143269557673
dfs_c8c089dd2a103c30,2.0794415416798357,8.884007897887662,11.2150987761264,0.039660056657223795,2.752763449917198,0.04013436192179466,0.1371499048187671,2.8211872597949466,0.0,4.415552569333674,4.799094611929797,13.09011700688438,1.996901660409805,4.049511997588038
dfs_ade0c05a896f99f5,4.454347296253507,10.248406933632728,12.429224196812383,0.036458333333333336,5.987643876248244,3.611543612922728,0.6402774045197678,3.6393243706265794,1.890091581167364,4.682233975226449,9.014726187202418,13.610254811647518,3.4518191713062434,4.82377113554697
dfs_ed554d4b20f4316b,4.060443010546419,10.495521488805899,,0.0,3.3528648339096314,1.878540178925501,0.7775336717648701,3.3241696154938722,0.0,5.563059121756517,8.867462589173924,13.407763347841037,1.807133707454955,0.0
dfs_8a8687ed6942865d,3.4657359027997265,6.145000253148181,,,3.346178624508614,1.1261106636934526,0.6297439470542734,2.9655639693155296,0.0,4.166646909034953,3.6118239847747056,13.476655885595457,1.5727155517124787,0.0
dfs_76e7a3d69faac1ce,5.796057750765372,9.301735297929737,11.576172527534057,0.07644628099173553,7.154137915564674,4.353580503882807,0.8374052449312414,3.3507468559610434,1.8735365534475572,3.029411054302419,8.95647989274598,13.706903667417984,3.3228044116247886,0.0
dfs_d194d10ea116a813,4.3694478524670215,10.398249679489808,12.176746816148345,0.03322784810126582,4.965022603973693,4.0360493232652255,0.8279913142539225,3.563258766680548,0.0,0.0,10.106198851466916,13.56375531825457,3.119942268016456,3.5242875664627222
dfs_d0e84027f82459a8,2.70805020110221,7.445858276394452,11.748226809888031,0.0,2.941307207639571,2.2418088203880466,0.7729015945140331,2.846846660111813,0.9530537637360323,4.162107860433909,6.239610669655297,12.722521429654261,0.8212059263546096,4.037930494078613
dfs_6c596ae9cb2869bb,3.7376696182833684,10.07567872639143,12.178115460015547,0.0642504118616145,4.257674818335747,2.70749259170407,0.7618924212791691,3.507390556130442,2.434306665675309,0.0,9.071712425064208,13.579260236981087,2.4146555189783867,0.0
dfs_b1185c32ec1d58c9,3.4339872044851463,8.893244649769672,12.311504158667619,0.006564551422319475,6.962144054788186,2.8766408324278117,0.6771938505199872,3.7641449476858257,2.3144446665689506,5.2539574970313625,8.122351972977484,13.649494933914191,3.174644349887469,0.0
dfs_c004a5e8eb679313,2.70805020110221,10.173319966143714,10.650720375249316,0.3562874251497006,3.7729682671394604,0.8735911938112086,0.5719238477117693,3.1836215639980407,0.0,4.244221064439263,7.608877282383412,13.105575241958618,3.174644349887469,0.0
dfs_7dc8fbce86458455,4.007333185232471,10.002372088192594,12.096659484542986,0.018518518518518517,4.104216690303248,2.5488247281400804,0.9238178068550439,3.4151446781247268,0.0,0.0,7.904830801904301,13.513601087701458,1.2659553055395139,5.087603855084913
dfs_4e09a5fd40caacf5,4.90527477843843,10.315413579598383,12.294925658999173,0.04714640198511166,7.218876027522499,2.555187009298325,0.4919252406684339,3.889843299001871,0.35695118345902344,5.704286210637073,8.682363528150137,13.562739927077676,3.6355827541784427,3.877402342432572
dfs_41dfd8339580191f,3.2188758248682006,8.875231628039588,,0.02604920405209841,3.4638278560718607,0.9079179428228188,0.6258638304068307,3.5572292349656705,1.363209623641836,4.963057719060402,6.296458998205675,13.624599416082557,0.8212059263546096,6.011342389292852
dfs_3068852f31c013b8,5.272999558563747,10.824317000439551,10.300920488947028,0.08482142857142858,3.0531615772188494,2.3018600782261407,0.8387445912170021,3.746176541899425,0.0,5.521358137446623,8.611185637871204,13.334517161838868,2.4146555189783867,2.644609560321766
dfs_eea3ac2d22dbe5b8,2.4849066497880004,9.679352856935884,10.596659732783579,0.04296875,4.2358616998334835,2.6767855555763034,0.6794736553363534,3.6955256959267015,0.0,5.216975633392372,7.216114158854171,13.080390721126678,3.0006498211243393,1.3328983619911208
dfs_b8b9950559d8b720,5.017279836814924,10.577859186054443,,0.10078740157480315,5.666324671167185,3.2022361366501406,0.830926675107132,3.3306956816866373,0.0,4.697369959343955,9.134401602408696,13.636475993088567,3.6355827541784427,2.588354827081817
dfs_0c32f6146546d424,2.70805020110221,8.419257802741859,11.266078186956783,0.044573643410852716,1.7638219243413609,0.07724853819451985,0.7342911514319279,3.4491510587141105,0.0,5.188728888048136,6.490577781311983,13.497652399457158,1.807133707454955,4.391956190072877
dfs_8f902b557af30dbd,3.9512437185814275,9.81843663656521,10.868587496017359,0.0512396694214876,3.2703613997675807,2.22162106219694,0.8226583592750355,3.018288426345743,0.0,3.4307289550695326,7.405771445976416,13.25728754966085,2.293814424193674,0.0
dfs_5f100c5b14df57ca,4.23410650459726,10.884845998493509,12.09496229789174,0.0057306590257879654,4.965022603973693,4.0360493232652255,0.8279913142539225,3.563258766680548,0.0,0.0,10.106198851466916,13.56375531825457,3.174644349887469,2.9992652185728286
dfs_50e90cac8e265a6b,3.8501476017100584,10.954851953770127,11.417031114571483,0.13118279569892474,3.3230015143336082,2.766499308075421,0.7230696042570444,3.480359370463227,0.0,4.194606540968607,8.470084169550464,13.303527598076453,1.996901660409805,2.581399621761846
dfs_928ac69f2e4aca9e,1.791759469228055,8.659672334265446,11.441150154659564,0.018957345971563982,1.3020507789692528,0.22142572894664836,0.8250023587914669,3.363569654835585,1.4529390643368383,4.566511251011209,6.923837562501068,13.208964837055992,1.2659553055395139,5.9344885004050205
dfs_066b5ab4c7ab93f5,3.970291913552122,10.213308171750272,,0.10363636363636364,2.395304739127306,1.0377132903191826,0.7262775898787261,3.3325456180235387,0.0,4.929010944202083,7.715507004067672,13.113774599217505,1.807133707454955,4.37374581139419
dfs_19e7d9571e2adde7,4.219507705176107,10.123567241460117,12.395576679800147,0.01689545934530095,5.833582069314111,2.807337174490028,0.48988816575263966,3.4456196275917006,0.0726101649982274,4.7914277943495245,8.753342433774081,13.589217050743953,3.275815204077272,2.7235615266271447
dfs_63ad266626a2e283,4.948759890378168,0.0,,,4.100371429100207,3.0554034177097753,0.7220098138181829,0.08832389679110077,0.0,0.0,7.660804651433553,13.742389175893543,1.807133707454955,1.2166364933767702
dfs_c6426ec7019b2399,4.9344739331306915,9.208074732305137,12.129240196125775,0.03171641791044776,7.218876027522499,2.555187009298325,0.4919252406684339,3.889843299001871,0.35695118345902344,5.704286210637073,8.682363528150137,13.562739927077676,3.66860496723193,3.905486138278985
dfs_f9d2078dd13a35b0,3.1354942159291497,10.138323212715571,11.566883206563613,0.01808785529715762,2.2788647375720426,1.1823672129183704,0.890445034315803,3.3366497273218974,0.0,4.1166356674058475,7.917833765989151,12.980573981132814,2.6197576726867497,2.1288008454848715
dfs_c4398a841478a1ff,4.700480365792417,10.54440460714575,12.056783462786443,0.050951086956521736,5.082510781828871,3.0266087924418743,0.517968032535761,3.3244499680547466,0.0,4.956806497677104,9.464339663375418,13.583355272677,3.275815204077272,4.25232692160205
dfs_298cc876d719fd8a,4.948759890378168,9.947300938429834,11.311616788263537,0.01348314606741573,7.12573065630007,2.197589453915631,0.7646755641339724,3.1920360877337153,0.7918053084717013,0.0,9.226791420600108,13.625400348207059,3.275815204077272,2.7688452216221053
dfs_1253fd94da2eeaed,3.6888794541139363,9.364329066586254,,0.11062590975254731,6.7584688565957585,0.0,0.008093487009896172,3.7686954241397954,0.0,6.075979945282539,7.19740710563623,13.162937021088068,2.5224557664912224,3.172046797279854
dfs_88a40cb2d6cc65ce,3.295836866004329,9.068726058379715,11.065934990033494,0.07119741100323625,2.459083747744882,0.6616968821662,0.8507280639577828,3.5731858043905738,0.0,5.2211420468006295,7.48329807633265,13.327157197457574,2.1563374497238987,2.6386088553914284
dfs_cc14aa01fb373ab4,4.418840607796598,11.107773015630304,12.394889727317691,0.11538461538461539,4.948749243592966,2.673723125160855,0.3968377077477646,4.087439229490803,2.125231606778196,0.0,10.220169098370635,13.814705233777783,3.22650867441372,3.455704009338521
dfs_17c6c5189e131a25,4.02535169073515,0.0,,,3.809669068601707,2.349322058987241,0.5920114554478205,3.1693641746962284,0.0,4.522652328602796,7.510219788311383,13.190717111353058,2.4146555189783867,3.507983662937775
dfs_0aea54a616ede5e3,4.762173934797756,10.175619991076283,12.429224196812383,0.024423337856173677,6.334663106895385,2.5173822150236775,0.7996261974842283,3.5098420044138674,0.0,4.2740340772733845,9.699606795211766,13.873860594872692,3.4518191713062434,3.728723574057113
dfs_574c6c6c40f2ae38,4.127134385045092,10.46581265485399,12.144282344573723,0.03688808764387741,3.471882033131919,1.363818508705541,0.954923360287857,3.4434961976948046,0.0,4.75782897379588,6.206399166051261,13.548402057384585,1.2659553055395139,5.551478804576998
dfs_e82acaaf43cf0cd0,2.70805020110221,10.410852875804311,12.429224196812383,0.0,3.9096793411294497,0.2725828527187271,0.40862524489769475,3.18182640409872,0.0,4.217277044076075,8.790909916985003,13.24648362378953,1.996901660409805,4.1280020636052015
dfs_41bd82cda93fcb39,2.5649493574615367,9.229713951603003,11.430456482938787,0.053811659192825115,2.0259481565816264,0.2736384192297441,0.5740383700658481,3.5446581398754105,0.0,5.310658553164559,7.102613296970347,13.092192788059211,0.0,6.940887434887227
dfs_247d19f19768695c,0.6931471805599453,9.071645869471373,11.623052602215697,0.007692307692307693,2.109828214948884,0.5594280549514704,0.8585685155130007,3.2630009448120503,0.0,4.730530685860085,6.276144761623588,12.28758350570943,1.2659553055395139,0.0
dfs_46d8cb0c10061a5c,5.220355825078325,6.7716528292667935,,0.12121212121212122,4.281554844654029,0.8801971473127048,0.8012063084270417,3.370749741571644,1.8231565630619915,5.237395013388254,10.467210863092747,13.841617779279854,4.043446627710712,0.0
dfs_4522d55c9d6bcfb1,4.709530201312334,9.898370066499583,9.230829038403499,0.2012987012987013,4.324282279115062,1.1933449019676097,0.4552094706382422,3.3243730777270386,0.0,4.052975230264902,8.53911728801014,13.779735182811917,0.0,6.35960083423339
dfs_ed9dd175619012c2,1.3862943611198906,8.65525813374909,11.67392123504943,0.038669760247486466,2.0337839488975713,1.791482407379595,0.5362918958688218,3.629813469348543,2.5953970626969203,4.689644322783231,6.14532492985169,13.231626667321407,1.2659553055395139,5.1312329063291955
dfs_2e3815b578c1e0c8,5.420534999272286,6.544704608931094,11.4213692302888,0.2727272727272727,7.102285406624366,4.386937893794496,0.9013993158765462,3.3524942346128275,1.8346741896849987,0.0,9.491911239501107,13.881192487661062,3.529421369656171,4.503776955167186
dfs_9708815b7dfa97d2,5.855071922202427,9.301735297929737,11.576172527534057,0.07644628099173553,7.154137915564674,4.353580503882807,0.8374052449312414,3.3507468559610434,1.8735365534475572,3.029411054302419,8.95647989274598,13.706903667417984,3.529421369656171,4.151793178461425
dfs_371fc6bd13e2e60a,3.828641396489095,9.363009020968164,11.337893276063083,0.0,3.033796854965142,1.228033271831178,0.6433390966245145,3.338507938931669,0.0,4.998360142955026,8.256270559072618,13.561938726522152,2.1563374497238987,5.2860165034541895
dfs_59601fcbb7e37ff9,4.343805421853684,10.080199300721063,11.166752326385875,0.13777777777777778,2.496720085598437,1.8258315706610038,0.7700363955093078,3.407654735893066,0.0,4.363273796850603,7.403413597843205,13.065695666679323,0.8212059263546096,5.851535435757972
dfs_4326367b11b6518e,4.343805421853684,9.63500706374879,11.38935571855211,0.043209876543209874,3.8994956265817655,3.100647753176469,0.756786434143733,3.3653261113662,0.0,3.326108484687389,7.826055222969113,13.287828662131503,2.1563374497238987,5.326003998004359
dfs_9bfd4e112a86cd36,4.406719247264253,5.4481961339966505,,0.0,6.085272370960391,4.062797153041002,0.8176862988899157,3.302375129200046,0.06792259243385314,4.680335492087913,8.642012792407048,13.627031683738132,3.5660751120561667,2.6391029366667
dfs_ae141eee71f30d00,4.574710978503383,9.2099891033099,10.68434794707383,0.09900990099009901,4.839692784254205,4.005187576943879,0.8148184584138211,2.897643562975572,0.0,4.650906118317643,8.821071278187206,13.567044070447498,3.66860496723193,2.7227340259895585
dfs_48ad24a7e99fd133,4.454347296253507,7.815552286210703,11.47341510987477,0.028985507246376812,6.998911988158418,4.611838875032824,0.8132780189664125,3.526212893730343,0.0,4.109613683755075,9.01680864259625,13.765641512011134,3.997761355241824,0.0
dfs_e35011fa954530c2,5.0238805208462765,10.7862797322931,10.614351853901232,0.09732142857142857,4.469276870309952,2.928897434506312,0.5820139509578353,2.835388055446461,1.9645390674466858,0.0,8.878142412859177,13.499114832698204,1.5727155517124787,3.4735456510719662
dfs_915412a7d40f5df6,1.3862943611198906,8.515739998045033,10.9425090597906,0.03627760252365931,1.4666737290235676,0.9627281424953759,0.8347719593559516,3.0191778227392305,0.0,4.954534201242533,3.870023992407888,12.545590240337347,1.2659553055395139,0.0
dfs_f2c928fc7f7759f3,4.762173934797756,10.175619991076283,12.429224196812383,0.024423337856173677,6.334663106895385,2.5173822150236775,0.7996261974842283,3.5098420044138674,0.0,4.2740340772733845,9.699606795211766,13.873860594872692,3.4518191713062434,3.728723574057113
dfs_ad46e74c0951dd50,4.51085950651685,11.282709753636496,12.316611729228429,0.13881278538812786,5.3785219132960425,4.834696547943665,0.644716152516501,3.817348082621512,2.137661528206548,0.0,10.267768089321152,13.56623348144354,2.8651744031446778,0.6120261505029643
dfs_e8ff9f782b26f868,4.143134726391533,9.991599915265972,10.56653628527204,0.08412322274881516,3.036309939988783,2.506835088336251,0.7313254478844714,3.344625048942708,0.0,4.576319652549397,8.345644902787063,13.082336899709974,0.8212059263546096,4.65226722601255
dfs_578097b8b2b616df,2.8903717578961645,7.746831146053569,11.703405318840641,0.047325102880658436,1.5597034996328922,0.2778088771182107,0.5890687471953414,3.2962366186094956,0.028910136727301732,4.639592456978494,6.077576870565491,13.492897438571125,1.5727155517124787,3.137380313949293
dfs_1aa8f6245de34dfc,3.258096538021482,9.03908216960334,11.864666255972727,0.031805425631431246,2.949008568432649,0.5318085303270195,0.6368838547224124,3.4795778439105725,0.0,4.823023666377858,5.867283950488862,13.575505649574653,0.0,6.323855809692325
dfs_051052f4e9473eae,4.23410650459726,9.936265631890784,11.557927510890012,0.13034410844629823,1.3428869040700986,0.9281305577048945,0.7298404670803806,3.58820662907947,0.0,3.9110788702888426,8.095854351590182,13.373111200750527,0.0,6.328300696163039
dfs_6f26b4041f65f7f5,4.290459441148391,10.406036448767747,12.429224196812383,0.0,6.5107188859254475,2.5307616363817633,0.6501944775738764,3.4604815678723244,0.0,4.720221461433057,9.11108192613823,13.64914777974828,3.275815204077272,4.1844877985495
dfs_22df4aed8ffb11ea,4.02535169073515,11.573875012574636,12.388764966915774,0.07031778228532792,4.0523061616988665,2.499551373245089,0.9105470418174793,3.8736922892985732,0.0,5.620860496414013,9.067335325412593,13.792514155994953,2.8651744031446778,4.107913623597018
dfs_9789b450b9d25f0a,3.6375861597263857,10.191258366310095,,0.15757575757575756,2.857849636978585,1.4818165994233121,0.7675754528884523,3.427408004483978,0.0,5.362938454423533,7.644412373954024,13.759603478525825,0.8212059263546096,5.886542351500798
dfs_56218377242b9d43,1.9459101490553132,9.159225256787106,11.256250982947074,0.04126984126984127,2.1212992749439232,0.4138671695882599,0.5470647878912798,3.2323254565296295,0.0,5.130030853270007,6.738964499272852,13.135238140804434,0.8212059263546096,3.7103142926946555
dfs_71b01e9f1459fe4a,4.418840607796598,9.354827642522489,12.429224196812383,0.008298755186721992,7.027847201106745,4.62825704027435,0.5624887305273047,3.224018252909974,0.600879905467028,0.0,10.440963148447953,13.869447454953235,3.9498886044713344,4.073636981711938
dfs_5c525fcb9a3904ec,4.762173934797756,10.422769940273277,10.81037420433499,0.08560311284046693,3.4329155591608616,3.080562131958329,0.640438538600347,3.552416937682302,0.0,0.0,9.170312405880862,13.44848941911425,1.5727155517124787,3.6538735132050917
dfs_d3f6252cb81bf11c,3.5263605246161616,10.235738064928173,11.139118894862325,0.1952755905511811,3.9910431005666385,2.7682311670514754,0.6181357570285356,3.6228305688577778,0.0,4.989650821430637,8.253978607671957,13.565133261866375,2.5224557664912224,0.0
dfs_19ce778db63c8e3d,2.833213344056216,6.379065923771364,,0.0,1.1931866529018058,0.7495104456586832,0.4304229174621521,2.9364663261215562,0.0,4.844819065319896,7.927988651286345,13.163069525214613,1.807133707454955,4.109154075088732
dfs_aef4f6b0109275c4,4.532599493153256,10.57769929288202,11.156507630833081,0.02592912705272256,2.771285597579056,2.242860553745403,0.7047002315222441,2.758693269062263,0.0,4.055704674628195,7.9506051188669415,13.627824638671168,1.807133707454955,0.6116813257826467
dfs_44e1b16479eedf5e,4.844187086458591,10.806523106928346,10.531482690459336,0.04793028322440087,3.277362429450976,2.4098623816274154,0.6726332298345153,3.559118802090123,0.0,5.327859220275775,8.574205153401081,13.801469441244507,0.0,6.411791317145401
dfs_204844aa0ef9ffd1,5.303304908059076,10.824317000439551,10.300920488947028,0.08482142857142858,3.0531615772188494,2.3018600782261407,0.8387445912170021,3.746176541899425,0.0,5.521358137446623,8.611185637871204,13.334517161838868,2.5224557664912224,4.157486840517197
dfs_445e555a5b85a7fe,4.477336814478207,10.14960111157694,11.857309180291313,0.0362087326943557,3.814691443922556,2.5709627591167967,0.7726295328428953,3.651902446584556,0.0,5.669807730938841,9.706522474922505,13.306052332216678,1.996901660409805,5.1010006489745665
dfs_d26971d65dbc92af,4.477336814478207,9.469037541015718,,0.2453416149068323,2.2431804876322374,0.966613275814326,0.800199153739403,3.2285582232199426,0.0,4.629331794541879,8.090535691318282,13.311026450876748,0.8212059263546096,5.84534295471544
dfs_9de9625bfcc2c854,4.394449154672439,9.727836550168641,10.481588573774555,0.0634441087613293,3.4982704868209065,1.45896821317116,0.4100310899241646,3.4588282372864136,0.0,4.531512636209815,7.708122243134574,13.18739052914252,0.8212059263546096,3.7134159687191146
dfs_fe89e6525897df35,5.236441962829949,10.824317000439551,10.300920488947028,0.08482142857142858,3.0531615772188494,2.3018600782261407,0.8387445912170021,3.746176541899425,0.0,5.521358137446623,8.611185637871204,13.334517161838868,2.4146555189783867,4.0507322892575885
dfs_761f9cc2d6532864,4.59511985013459,9.398407551175795,,0.16731517509727625,3.2655790635834143,1.0728763352757404,0.33216782335372863,3.461392397092275,1.920937373427256,4.540084900668687,7.639822356714388,13.462164353334662,1.5727155517124787,4.637500490212094
dfs_02357ccbf0b58355,4.382026634673881,9.979028482965623,11.87685999423822,0.0724907063197026,4.000114413390148,3.2625231459820183,0.7952669411936436,3.061975651242144,0.0,0.0,9.437999653217341,13.564718279053942,2.7084257966964724,4.728361447598974
dfs_f9ae48ec98f0c7e7,4.890349128221754,10.142718550697236,,0.0,,,,,,,,,1.996901660409805,5.2238334835130305
dfs_7fde2ab3a4512040,2.3978952727983707,8.419257802741859,11.266078186956783,0.044573643410852716,1.7638219243413609,0.07724853819451985,0.7342911514319279,3.4491510587141105,0.0,5.188728888048136,6.490577781311983,13.497652399457158,1.5727155517124787,0.0
dfs_de4ccacaeb6d2cef,4.653960350157523,9.922439379556032,11.107960231903714,0.05268389662027833,4.423497605009977,2.0606264249867725,0.674137149006721,3.3516573432658974,0.0,5.0226872538083125,8.24008093449934,13.505976800330345,2.293814424193674,3.9109508971138975
dfs_9a00cd3e43ebba7d,4.0943445622221,11.034984081289647,,0.2231638418079096,4.601091496249982,2.107504021323708,0.8041261041204671,3.3445527639597596,2.3146678160272973,0.0,9.86550780071772,13.41970563961252,3.0006498211243393,4.015900138026024
dfs_47b6bc627a0ae7ba,3.367295829986474,10.091283633358639,11.750847277862164,0.07244655581947744,3.8599766722987514,1.357131932526979,0.6378869708304021,3.2087370780159294,0.0,3.903790394589522,6.677682358672014,13.605591673978216,2.7084257966964724,4.896270981486533
dfs_ae2bc198f5e6df07,4.477336814478207,11.162393778911868,12.240643140080339,0.0,4.29425776646837,3.1465214680536655,0.952295805544277,3.1771141572358848,1.6528524706431582,0.0,9.072558216391501,13.675054674867939,2.8651744031446778,4.528546717008285
dfs_4310ddef2c6bc470,4.51085950651685,10.306200789829449,11.601439878500967,0.10013531799729364,5.507939547348197,3.992575497094015,0.8572728782933173,3.5427646491540865,2.7081948910170284,0.0,10.318465024036055,13.811796670012079,3.9250644399271866,3.945884917510969
dfs_c20ef9c5bf1e8d67,5.099866427824199,9.842356488324786,11.77425072832449,0.09173715029277814,7.154137915564674,4.353580503882807,0.8374052449312414,3.3507468559610434,1.8735365534475572,3.029411054302419,8.95647989274598,13.706903667417984,3.8466654526656625,3.9262931813470834
dfs_18fa9089162932f1,0.6931471805599453,8.690586145285833,11.728552840470655,0.0,1.7919210893479276,0.16408680062516062,0.5439900355032254,3.4182529158851693,2.130981584936552,4.490416096055655,5.581171422729532,13.228295129875335,2.1563374497238987,0.0
dfs_28c17ad5a76bbdb8,3.58351893845611,10.069488334140859,11.972771429370589,0.0,3.20125389193907,1.494887428808434,0.6205387529317964,2.259707958879782,0.0,0.0,8.769418900783934,13.462281100086885,2.5224557664912224,0.0
dfs_869a0d500a06a058,3.295836866004329,9.235203942795458,11.29757645712193,0.07487520798668885,3.246789770465696,1.0820106734894015,0.8448722512289831,3.5509284832007277,0.0,5.595591938518094,7.208749112318356,13.42925672586799,1.5727155517124787,4.360381965144491
dfs_e3fd88c2ac1ab094,3.7376696182833684,8.08107047528319,11.846966176400027,0.05189873417721519,4.850762106403298,2.2565482261885,0.8500535039046089,3.550353594198743,2.3100722920005934,4.5437915015281245,5.898469009027747,13.511823757059654,1.807133707454955,5.45162009634774
dfs_eece94a5d54a162a,4.290459441148391,10.236011830231764,11.163382173096926,0.0,4.845089678053904,1.8294666660333367,0.7564295615370549,3.646210348343506,2.137612241915326,0.0,9.243895207092958,13.620052696488075,3.22650867441372,5.025122868182631
dfs_89fe305c6ceb31b5,4.941642422609304,10.682871880947575,12.09896059683354,0.04741980474198047,6.960503969704892,2.192958608884998,0.5810601513047744,3.18940915070203,0.08183883666948948,0.0,9.930155083359349,13.688618788462591,2.9352045584387274,3.208678086166705
dfs_1ed95296817f488f,4.465908118654584,5.851387762511735,,0.0,6.998911988158418,4.611838875032824,0.8132780189664125,3.526212893730343,0.0,4.109613683755075,9.01680864259625,13.765641512011134,4.065529698164491,0.8734065846227492
dfs_5c422af3b656c3c6,4.762173934797756,9.922439379556032,11.107960231903714,0.05268389662027833,4.423497605009977,2.0606264249867725,0.674137149006721,3.3516573432658974,0.0,5.0226872538083125,8.24008093449934,13.505976800330345,2.293814424193674,4.013831630682826
dfs_49a149940dd94e99,5.0106352940962555,10.255549576180687,10.481251939552509,0.15852682145716573,4.24056871158301,2.3368300133260385,0.8605920988071709,4.005841328569343,2.7848730802981736,4.636214586941295,8.261456028295646,13.585516092638306,3.7005714823508122,3.1143153302847106
dfs_3bce5596c21ca7e0,3.258096538021482,0.0,,,3.3885712385747557,1.0575945035306205,0.7561299299481752,3.9942789339867666,3.44246815159206,4.250726158700127,7.363364595359868,13.747264907238343,0.0,6.474491659785407
dfs_b2fb847f2857b795,2.833213344056216,9.053616492342108,11.54510219666545,0.0874493927125506,4.970835085967541,1.0691424007090382,0.1653863556873308,3.411024600641229,0.07374939043507504,5.320988337974767,6.237873944560816,13.508895719777025,2.8651744031446778,0.0
dfs_f746b99126606206,3.4339872044851463,8.08107047528319,11.846966176400027,0.05189873417721519,4.850762106403298,2.2565482261885,0.8500535039046089,3.550353594198743,2.3100722920005934,4.5437915015281245,5.898469009027747,13.511823757059654,0.8212059263546096,6.160202614488936
dfs_e48359ea6f77e460,4.499809670330265,0.0,,,7.1674296480381265,3.037959626315032,0.6967525928383413,3.6045573429957227,1.3978712228661296,4.13300514897262,8.854774002360383,13.885176536197378,4.1082845903468765,3.48588691769346
dfs_cb332c186e715d95,4.290459441148391,10.589527059708645,10.90137670441254,0.21052631578947367,3.6867646500930777,1.679620955498947,0.8116794144648636,3.196162112920339,0.0,4.0603214148718525,8.703414600962754,13.496176814748653,0.8212059263546096,6.090252452674143
dfs_a84c634d36ab4434,5.075173815233827,9.208074732305137,12.129240196125775,0.03171641791044776,5.775233738261305,4.147526603272718,0.924013753658421,3.7090091112853463,0.0,5.004630414945727,9.030116387791841,13.470834763992373,3.174644349887469,3.5521589372156015
dfs_e9c666975879e482,4.709530201312334,10.435195892585185,12.429224196812383,0.034482758620689655,5.3785219132960425,4.834696547943665,0.644716152516501,3.817348082621512,2.137661528206548,0.0,10.267768089321152,13.56623348144354,2.9352045584387274,3.2626505012179665
dfs_bf2a9203ae28dd11,4.6443908991413725,10.75778438485845,,0.0,6.246903794707587,4.210235275514237,0.7066487241089483,3.559422893978971,1.9343451392913105,0.0,9.243965396946546,13.588879682999256,3.0006498211243393,4.9300105123316
dfs_da634e80d8404195,4.859812404361672,10.545240511087608,11.927244593632016,0.017204301075268817,5.06697261441308,3.576364019283222,0.7903476704459372,3.0885112132708787,0.8335008229124853,0.0,9.91499994169123,13.46432480651882,2.9352045584387274,4.553738057296651
dfs_6afd5dd73800c5b2,3.6888794541139363,10.201459929723683,11.503743438895341,0.0,3.1164139298799753,1.2578294628228002,0.967566089904378,3.512462514625397,0.0,4.863602578737047,8.289754059584714,13.751850584124318,1.5727155517124787,0.0
dfs_b36db5850c485560,5.147494476813453,8.932567699682743,12.318458922624307,0.1346153846153846,6.334663106895385,2.5173822150236775,0.7996261974842283,3.5098420044138674,0.0,4.2740340772733845,9.699606795211766,13.873860594872692,3.6014327256248992,3.899406430536053
dfs_3c851d13288a667f,3.828641396489095,10.043312670289975,12.071752370391078,0.0627062706270627,2.9279207667756726,0.8763664894999345,0.8907210866973686,3.1759883596031058,0.0,0.0,8.404050964884076,13.22118737650845,2.4146555189783867,5.483551616248602
dfs_f3be928b635a7243,3.58351893845611,9.902534387384986,10.5177267979912,0.0,5.188768736527895,2.5434010298791634,0.5192721474784291,3.886330553661465,0.0,4.729606356152922,8.168406972610505,13.622553039325933,2.4146555189783867,0.0
dfs_35831bef7d7bfc93,4.219507705176107,10.733320593304978,12.429224196812383,0.0,4.100892513899824,2.6087410976164143,0.7158722718783532,3.3531652099372256,0.0,4.782632248338144,9.480852164434838,13.399485893462742,2.6197576726867497,2.9280017619807404
dfs_de905cc70c53c48a,4.836281906951478,10.312004454078219,11.78101943711327,0.1004566210045662,4.2422492951518675,1.3383249041451273,0.8487110746602609,4.47852937372156,4.041229962146551,0.0,9.455537965269052,13.744399015105902,1.5727155517124787,3.5159819767290164
dfs_6932a48a71b576f7,2.0794415416798357,8.448876166835223,11.335603389914535,0.024161073825503355,2.45965659173061,0.959626587133286,0.8238584929496564,3.3065393718999525,1.6769977616765854,4.951996832638069,5.071380015442414,13.53230246233594,1.5727155517124787,0.0
dfs_1db542a0001c0b5c,3.8918202981106265,8.08107047528319,11.846966176400027,0.05189873417721519,4.850762106403298,2.2565482261885,0.8500535039046089,3.550353594198743,2.3100722920005934,4.5437915015281245,5.898469009027747,13.511823757059654,1.5727155517124787,5.244825874628604
dfs_8560c4d43526310f,1.791759469228055,9.322338797723845,11.104340495150785,0.12654320987654322,0.8380813210997327,0.33187458501445116,0.680531612294831,3.469478736485898,0.0,4.326030078604112,6.888136141530106,13.561387045039758,1.807133707454955,3.8018532030360075
dfs_54b2b4fde7707d8e,5.814130531825066,9.301735297929737,11.576172527534057,0.07644628099173553,7.154137915564674,4.353580503882807,0.8374052449312414,3.3507468559610434,1.8735365534475572,3.029411054302419,8.95647989274598,13.706903667417984,3.4518191713062434,2.229873923610606
dfs_15b48e4957373b98,4.02535169073515,8.08107047528319,11.846966176400027,0.05189873417721519,4.850762106403298,2.2565482261885,0.8500535039046089,3.550353594198743,2.3100722920005934,4.5437915015281245,5.898469009027747,13.511823757059654,1.5727155517124787,5.257403548503126
dfs_5a8b2cfd1f2fbe9a,4.718498871295094,10.198559727217567,,0.04904904904904905,3.2537424285236933,1.7615443402065583,0.6193184304857511,3.81475114108566,2.257705145467102,4.80421227301716,8.35504231134702,13.672333942222199,2.4146555189783867,4.860400771400209
dfs_d8f90ab18d9ffa9b,5.159055299214529,9.755637942374454,11.181458680147426,0.09940357852882704,5.048189148145281,4.235102683574778,0.7794468517783697,3.85225157233937,0.0,6.060007458096339,9.110501929651587,13.48192694524894,2.5224557664912224,5.001152144364919
dfs_7e9d04c946a522fe,3.8918202981106265,8.08107047528319,11.846966176400027,0.05189873417721519,4.850762106403298,2.2565482261885,0.8500535039046089,3.550353594198743,2.3100722920005934,4.5437915015281245,5.898469009027747,13.511823757059654,1.5727155517124787,5.425986314016051
dfs_ccf650c6101773d7,5.056245805348308,9.50311679697753,11.530971648661291,0.1051912568306011,6.761212418186499,5.27149265810729,0.8489658130716438,3.6467282598844077,0.0,4.724907830534141,9.194684329602032,13.431928265001716,2.6197576726867497,2.8750765313461737
dfs_949f84b644c076b7,3.4657359027997265,8.838577086878127,12.429224196812383,0.0,4.864358323270309,3.3581584729243064,0.861893939756544,3.6485397922374485,0.0,3.980023467842262,9.558431088376976,13.707891939153908,2.293814424193674,5.060346304608747
dfs_49fbf579599ffbfc,2.0794415416798357,6.0586172510428,,0.0,3.180942667331465,0.5979281029394066,0.2916562120170973,3.3066507508034433,2.2743898248189622,4.170442805262528,5.834308738149484,13.371726569928972,0.0,6.402903900614306
dfs_a78d183c5c20b91f,2.639057329615259,9.58914350436277,11.742718857002318,0.0625,4.780853323391498,2.275329723445248,0.791300276776222,4.017549333853467,0.0,5.756652288414767,8.67856765999838,13.446029681247984,2.9352045584387274,3.2544625118607438
dfs_21ae6ee7996ce9e6,4.634728988229636,10.757618400822512,11.319437798563529,0.017137096774193547,4.096049832406254,2.867786307066956,0.8475327457600533,3.4567251802845016,0.0,4.973876681170434,8.762332120883654,13.682163148413828,2.4146555189783867,3.8002141351568297
dfs_cb046b4036c008e1,2.3978952727983707,9.045949874683261,11.633991992949673,0.0,1.538237247735498,0.9723465427469946,0.7664618217791617,3.1480807328776557,1.3463833783720092,4.376481097789299,6.419187045771003,13.483505926715704,1.2659553055395139,4.246161983353968
dfs_1f6e4a20e11b7d08,5.43372200355424,9.995314265096448,10.113262136111384,0.026066350710900472,3.34548394970221,1.9127507779607653,0.6909729597246522,3.505241782613273,0.0,0.0,8.725364121691381,13.384306014537968,1.5727155517124787,0.6114949792286678
dfs_6840b216ff0fec5a,4.6443908991413725,10.613789029742655,10.301390808437002,0.026804123711340205,1.975268824995543,0.5533757630685339,0.5462050092506235,4.056763756434264,0.0,5.06707346807948,8.923476697959693,13.390861101386179,1.5727155517124787,1.6788872975505666
dfs_a3fab52ac53ad0df,4.624972813284271,9.2099891033099,10.68434794707383,0.09900990099009901,4.066286811021425,3.5046709462712724,0.7669423454266724,3.094530018848259,1.3307456579987997,4.2298725787104265,8.225451817746105,13.571470180937078,3.6355827541784427,4.0525144788972955
dfs_84b816f60b490efc,5.872117789475416,6.544704608931094,11.4213692302888,0.2727272727272727,7.102285406624366,4.386937893794496,0.9013993158765462,3.3524942346128275,1.8346741896849987,0.0,9.491911239501107,13.881192487661062,3.5660751120561667,3.915874178452909
dfs_9eef3edd25c613ef,3.8712010109078907,0.0,,,1.8999392710625593,0.6793635225470793,0.7402449732666192,2.78210476404603,0.0,4.332486742820352,6.375942593509185,13.46717077981546,0.8212059263546096,5.942098054984708
dfs_1664661ce7f4ab31,3.912023005428146,8.111039545272945,10.686269748667398,0.2318840579710145,1.8999392710625593,0.6793635225470793,0.7402449732666192,2.78210476404603,0.0,4.332486742820352,6.375942593509185,13.46717077981546,0.8212059263546096,6.086161712793678
dfs_51e5f80868cf783c,4.02535169073515,9.064589718654501,12.213177347260105,0.01002865329512894,4.400402028662769,0.8749782594815292,0.801579729758352,3.7339670511468794,2.56733091180153,4.900226167113467,6.683053555633151,13.92322530025463,2.1563374497238987,4.644569214723515
dfs_1507807b322b23ee,4.189654742026425,10.654464935254035,12.429224196812383,0.0,5.276643597603632,2.3360607265138333,0.558229725856484,3.850236469041293,1.9137239901595517,0.0,9.509469689133475,13.419065149786821,2.4146555189783867,1.332306266825629
dfs_e5417a55b15c853a,2.4849066497880004,7.301502986475572,11.221850978115445,0.16152897657213316,3.1325910460137356,2.8173919657144033,0.5345922360428029,3.1649551742659985,1.464713422360483,4.5893215382245085,5.0645486604788434,12.917214447379001,1.807133707454955,5.003826761820888
dfs_089447b5dbec3bcd,4.624972813284271,9.662710466234882,11.66629869980829,0.040697674418604654,7.405952455737231,3.2581464723811995,0.6759401581693133,3.5637683391986146,1.0608486804709338,3.8596034749659283,9.56249633427854,13.84182819095692,3.997761355241824,1.7495908720164466
dfs_464c6355300210e5,3.713572066704308,9.28350111078734,,0.17406749555950266,2.80861881318482,2.1079640477067407,0.7195359742745777,3.662097050214435,2.8930819488211768,4.550545617006842,7.872263793437108,13.35006611979416,1.2659553055395139,2.991318144434892
dfs_fff7e04ef6d7ab43,4.23410650459726,9.441418950319182,12.135596531725849,0.06179775280898876,6.0999027765004445,2.8558899202108363,0.7795640894418867,3.543335961777003,2.5201099779740237,0.0,9.543542904228213,13.8602104636581,3.8734872112924554,2.9281164716268457
dfs_474d703b446c1f93,4.07753744390572,0.0,,,4.440559718703808,0.8710842065174071,0.4811457099394868,3.8503123656278238,0.08081971738477495,6.077550036334323,6.157355635572009,13.428046455205662,3.174644349887469,4.412808207712897
dfs_0e6c8b015faee950,3.2188758248682006,9.5665665934914,11.334360842053979,0.09030837004405286,2.521335129819657,1.5557305922272626,0.8157467861881814,3.4822711138598827,0.0,4.72696100135151,6.956942278440125,13.841513531169257,1.2659553055395139,3.6145154871047964
dfs_845ec3ca9f658baf,1.3862943611198906,7.301502986475572,11.221850978115445,0.16152897657213316,3.1325910460137356,2.8173919657144033,0.5345922360428029,3.1649551742659985,1.464713422360483,4.5893215382245085,5.0645486604788434,12.917214447379001,1.807133707454955,1.4900433605585106
dfs_3791a2a5f28da0ef,4.07753744390572,11.416308848683368,,0.0,6.243340567262055,0.3097876366192948,0.23786619648778715,2.9487695295773273,0.0,3.2897400858833215,7.326659546876201,13.847540091840855,2.4146555189783867,2.014846769219857
dfs_a7eb5e71ae35e4f1,1.791759469228055,8.884007897887662,11.2150987761264,0.039660056657223795,2.752763449917198,0.04013436192179466,0.1371499048187671,2.8211872597949466,0.0,4.415552569333674,4.799094611929797,13.09011700688438,1.996901660409805,1.8244026080099678
dfs_93e794fa4561c151,4.465908118654584,9.773251338082952,11.982566528496957,0.0,6.637717203624146,3.197294735431477,0.75984028651097,3.377161405559332,2.1270791153283044,0.0,9.732721013406403,13.664978323659726,3.4518191713062434,1.4899355730421007
dfs_44b9858d3152dc6b,2.302585092994046,8.282650596155278,12.219748700513014,0.02056555269922879,1.3468204417392116,0.05261370885844084,0.5042251593256256,3.385681142409566,0.0,5.158649045087849,6.594227843138309,13.285525899751788,1.5727155517124787,2.0433375221136805
dfs_cfe14f7880c8c11f,1.9459101490553132,8.875254148648278,11.930602371288195,0.026160337552742614,1.0368449343946557,0.28016156482953347,0.8840206810005915,3.3920529697158637,0.0,5.3127347688609055,5.990341234603663,12.593669055095855,1.996901660409805,2.4579592238051715
dfs_fd6ace9c8dd2ea1b,2.0794415416798357,7.277860243554182,11.824797584723209,0.0,3.091431862466875,2.187287322210082,0.878361695044909,3.2475678852933623,0.0,5.203388972450901,5.793502899643357,13.48137259480568,1.5727155517124787,3.582841490206958
dfs_046c0cbce0fd3fac,2.0794415416798357,8.884007897887662,11.2150987761264,0.039660056657223795,2.752763449917198,0.04013436192179466,0.1371499048187671,2.8211872597949466,0.0,4.415552569333674,4.799094611929797,13.09011700688438,1.996901660409805,4.100731043494868
dfs_3536db91c60f3538,2.5649493574615367,6.379065923771364,,0.0,3.1092958255193386,2.4541927502193803,0.8303220885922638,3.349862250906147,2.213298396605888,4.237281510372564,5.264660404795732,13.133222206339202,1.996901660409805,2.52207026773437
dfs_fd108459ba408101,2.0794415416798357,8.884007897887662,11.2150987761264,0.039660056657223795,2.752763449917198,0.04013436192179466,0.1371499048187671,2.8211872597949466,0.0,4.415552569333674,4.799094611929797,13.09011700688438,1.996901660409805,3.3425757571869044
dfs_4e4fe1791544aeb2,4.574710978503383,9.503087538063692,,0.0,2.016326253325569,1.1703621376111562,0.8430525332358014,3.7161481979175024,2.9385526418355177,4.231019335631517,8.431880584367184,13.661501201483734,2.293814424193674,2.822056786545969
dfs_d1ff58db17459aef,3.58351893845611,8.893244649769672,12.311504158667619,0.006564551422319475,6.962144054788186,2.8766408324278117,0.6771938505199872,3.7641449476858257,2.3144446665689506,5.2539574970313625,8.122351972977484,13.649494933914191,3.174644349887469,3.6030394804211165
dfs_0d6ceb5971c67346,4.454347296253507,10.04264589979298,11.818717556594327,0.0955794504181601,3.0358244716228895,0.9523595812717438,0.5286890226058313,3.5081882343509383,0.0,5.033811625532116,8.172716193305968,13.519801690144863,1.2659553055395139,2.4693423973863244
dfs_a32dca8337e1cb3c,0.6931471805599453,8.43828271495128,11.426495736971841,0.0,1.0674172109636175,0.17889592787858852,0.695156050306755,2.1525430450213214,0.4170095609277815,2.7436322314824504,5.311667822700394,13.400543448488257,0.0,6.767639992628207
dfs_19fc175b005054c1,2.995732273553991,9.398234107928122,10.462388799533683,0.04142692750287687,2.5606468035513386,2.2638808672647848,0.5642531952353166,2.639538709825469,0.0,4.251295547763353,6.989208072540196,12.62573647303815,1.996901660409805,2.848320254818977
dfs_6c96f4696aba7337,2.833213344056216,8.684307364725615,11.797653177595572,0.25735294117647056,3.2166097077440816,0.16332419282903926,0.21405456562822792,3.137931219487232,1.4093588863225757,4.362459935108898,5.78215058535919,13.529473797910088,1.5727155517124787,6.092017515944722
dfs_0c469399fee46017,4.718498871295094,10.036716632908675,10.924336478294055,0.08281573498964803,2.155107071618597,0.9578418474153644,0.9161572672309652,4.7263237387110975,4.375963154357996,4.99575366159844,8.580270595835593,13.53776957539887,2.293814424193674,1.2166082244432217
dfs_014d7c6ce8fa05d8,4.04305126783455,11.053463135699715,12.429224196812383,0.018018018018018018,4.525494784258517,3.12570025133412,0.7736156293138184,3.5617950963946856,2.125359262025006,4.54895746565401,8.824398647033597,13.550066054427491,2.4146555189783867,4.5519681242181065
dfs_4b6b1f2e8d6b2656,1.9459101490553132,8.57575292448758,10.781307689847694,0.04524886877828054,2.1879447052985115,1.5061402100579724,0.8564905429827533,3.336412782891646,0.0,5.055741528695753,6.1976293462860435,13.096643437293702,1.807133707454955,1.749809271111021
dfs_b5998f5754894bf4,4.553876891600541,10.466412817772348,11.447746738945234,0.062385321100917435,4.583318320908677,2.770010095007845,0.676429276783536,3.7812053871985554,2.6096993358642515,0.0,9.881637256648848,13.63060165687998,2.1563374497238987,3.691738823116936
dfs_a9b20b125356a09f,1.6094379124341003,8.845439836926808,11.401423909444526,0.07905138339920949,2.8841828752428307,0.7470672247166129,0.3931364548857577,3.2445211903661764,0.0,5.100737392033264,6.205267767911798,13.048589810869277,1.996901660409805,1.5181011336578853
dfs_6f584400de01c220,3.4339872044851463,8.08107047528319,11.846966176400027,0.05189873417721519,4.850762106403298,2.2565482261885,0.8500535039046089,3.550353594198743,2.3100722920005934,4.5437915015281245,5.898469009027747,13.511823757059654,1.2659553055395139,5.999476999756261
dfs_616b9bb0ba9a8a25,4.605170185988092,10.223955080821543,,0.06181818181818182,4.580478051801188,3.1424934077219278,0.8568560634529163,3.2398160430752085,2.236841170377012,0.0,9.87879344194551,13.613158115825254,3.0620738268031755,4.711477977026344
dfs_d468780c945e9a72,4.997212273764115,9.934561144585928,10.987426038970444,0.06485671191553545,5.666324671167185,3.2022361366501406,0.830926675107132,3.3306956816866373,0.0,4.697369959343955,9.134401602408696,13.636475993088567,3.66860496723193,3.5549094798564154
dfs_7f2f582f532fcf04,4.394449154672439,10.710800598778066,12.276605663715413,0.07815845824411134,4.036734059853021,2.2194282128062612,0.8451308627834304,2.270452477788901,0.0,0.0,10.287689392763838,13.712140282685723,3.6355827541784427,0.0
dfs_eb097b79772cee27,4.477336814478207,8.804922709158225,12.237067309632398,0.0,7.175800678736306,5.297570143956522,0.8309928224117421,3.4945330095510054,1.4856810583068403,4.210713073900205,9.766074586135982,13.794996577716567,3.9250644399271866,0.0
dfs_812d69a981e8958b,4.343805421853684,9.516169112521277,10.975516275221215,0.0,3.301763082039986,0.9598612367740418,0.5325115993511139,3.688887274657553,0.13334231521924417,5.092433539904242,7.713704571309464,13.385376661981928,1.2659553055395139,3.933385802021263
dfs_717ff686d8efc0ff,4.836281906951478,10.559297617564818,11.776880770752264,0.0,4.768250181526211,3.4046589273728016,0.8733293241107921,3.273981013020439,1.175177418048366,0.0,9.87673838057234,13.466015491194415,3.22650867441372,0.0
dfs_5d1fad61dc2e4fbb,0.6931471805599453,9.071645869471373,11.623052602215697,0.007692307692307693,2.109828214948884,0.5594280549514704,0.8585685155130007,3.2630009448120503,0.0,4.730530685860085,6.276144761623588,12.28758350570943,1.2659553055395139,0.0
dfs_9ac54f4c59eaf14b,5.075173815233827,10.187584797159834,11.902532157143934,0.029262086513994912,,,,,,,,,2.9352045584387274,4.252052914329458
dfs_9bf444993c7d477c,4.204692619390966,7.815552286210703,11.47341510987477,0.028985507246376812,6.998911988158418,4.611838875032824,0.8132780189664125,3.526212893730343,0.0,4.109613683755075,9.01680864259625,13.765641512011134,3.8734872112924554,3.4858627334672647
dfs_cda58ec0de78edea,4.584967478670572,10.202586520531668,12.429224196812383,0.0,5.823147515304215,4.568039051146446,0.8658071461766992,3.5533199510875684,0.0,5.532679247536597,9.554941568330776,13.604942601351844,3.529421369656171,2.248762989893411
dfs_76e4adda2e823cbb,4.624972813284271,9.46960872733318,12.007371675551127,0.028199566160520606,3.286909955189425,0.8063813575531845,0.8372759246767633,3.6302378371231288,0.0,4.996991043322709,9.525902919554001,13.522269060507256,2.4146555189783867,4.467369063153432
dfs_473cd444c2114483,4.454347296253507,10.306200789829449,11.601439878500967,0.10013531799729364,5.507939547348197,3.992575497094015,0.8572728782933173,3.5427646491540865,2.7081948910170284,0.0,10.318465024036055,13.811796670012079,3.9498886044713344,0.8734054886777886
dfs_1381bb691e5c17fb,3.5263605246161616,10.433044741394701,12.214913450195656,0.03648269410664172,2.7098950302178957,0.0,0.6647843836423403,3.7466024385130368,3.3368835783561877,4.585953167232016,6.624228478846891,13.797776230261078,2.1563374497238987,4.3621680757756325
dfs_e2be9eb7d8133dd6,2.639057329615259,9.107643576086291,10.7177677069941,0.192197906755471,1.42621658893726,0.0,0.05021849784649635,3.727904169176568,1.1779949754324381,5.895690274374928,5.794397367897803,13.057743786314012,1.2659553055395139,5.289508572561151
dfs_fcbf15f40996e561,2.0794415416798357,6.0586172510428,,0.0,3.180942667331465,0.5979281029394066,0.2916562120170973,3.3066507508034433,2.2743898248189622,4.170442805262528,5.834308738149484,13.371726569928972,0.0,6.418512136127523
dfs_de8a7a6e12a538a1,3.8501476017100584,10.960397592942712,10.60129883922295,0.22011385199240988,0.7212541836116316,0.0,0.0,3.725467816432081,0.0,5.241486302289396,8.33631185530081,13.622935008216482,0.8212059263546096,3.227940130445306
dfs_7cecb1230426cf23,3.5263605246161616,10.6923830666441,11.393589974879816,0.004329004329004329,2.8083288768018457,2.266501745401954,0.7472422427168345,3.5420881583245047,0.0,4.865059715848082,8.207495188944979,13.357063889043191,2.1563374497238987,3.31115269454592
dfs_af6726f1a665fecb,2.302585092994046,8.57575292448758,10.781307689847694,0.04524886877828054,2.1879447052985115,1.5061402100579724,0.8564905429827533,3.336412782891646,0.0,5.055741528695753,6.1976293462860435,13.096643437293702,1.5727155517124787,1.4900312474850796
dfs_3921e9b09ce540f5,3.7612001156935624,6.379065923771364,,0.0,3.1092958255193386,2.4541927502193803,0.8303220885922638,3.349862250906147,2.213298396605888,4.237281510372564,5.264660404795732,13.133222206339202,1.996901660409805,4.9019638012996545
dfs_d6f7089b01152cf3,2.833213344056216,8.684307364725615,11.797653177595572,0.25735294117647056,3.2166097077440816,0.16332419282903926,0.21405456562822792,3.137931219487232,1.4093588863225757,4.362459935108898,5.78215058535919,13.529473797910088,1.5727155517124787,6.094021088974417
dfs_ffc2d2d20ba0a4b4,3.091042453358316,8.709908310054182,11.22269347758021,0.014256619144602852,2.8060985423939044,2.0399672237684308,0.8199880096445765,3.301098318900579,0.0,5.087135675187196,5.73306243001062,13.693661517301624,0.0,6.4068198601371815
dfs_00b188e5cf09faf0,3.4011973816621555,9.030964732546499,11.840436238789916,0.09262166405023547,4.205490111562078,0.9797958746506845,0.8005557106665626,3.4533692660732243,0.0,5.294164729469624,8.502947480919353,13.762709812153062,1.2659553055395139,5.884931077622879
dfs_37472a72ec00cdab,2.70805020110221,8.419257802741859,11.266078186956783,0.044573643410852716,1.7638219243413609,0.07724853819451985,0.7342911514319279,3.4491510587141105,0.0,5.188728888048136,6.490577781311983,13.497652399457158,1.807133707454955,4.38099084962413
dfs_8ff582ed32d681b1,2.0794415416798357,9.337837652751935,11.021722713783415,0.056847545219638244,3.6165422448032953,2.722928381011977,0.6379108853045701,3.6166918156940397,2.476453922903887,5.053939002690759,6.539510249384973,13.100379492895387,1.2659553055395139,1.3330526495577983
dfs_e229abd8cce09de7,1.6094379124341003,8.550636432665787,11.369355280437118,0.04405286343612335,2.3975249405994954,1.7262332588116642,0.8219557036017073,3.4434890891715626,0.0,5.110899224272865,6.178438242633609,13.00088025486142,1.996901660409805,2.095603945669578
dfs_3f7fe22642e4d712,2.3978952727983707,8.419257802741859,11.266078186956783,0.044573643410852716,1.7638219243413609,0.07724853819451985,0.7342911514319279,3.4491510587141105,0.0,5.188728888048136,6.490577781311983,13.497652399457158,1.5727155517124787,0.7469209078351414
dfs_3886998cd2b38f27,1.3862943611198906,6.398392849532535,,0.0,2.7655902435100703,0.01588790488855451,0.04274274622553446,3.275857644145397,0.0,6.0564302710270095,4.568521573787766,11.361602450193962,0.0,6.762412164772184
dfs_79bca88e6d2debe0,3.4339872044851463,7.140023873302486,10.841774582282179,0.030395136778115502,4.477311414258113,0.37451445725214183,0.707866996627886,3.519512581244035,1.8332275943811764,5.115086025707712,4.595239152258213,11.29665821759545,2.8651744031446778,4.222086252598313
dfs_699d3e16e9cad15d,2.772588722239781,8.789079804527832,11.275809756089135,0.05108225108225108,1.7719565185349375,0.1986740325693673,0.8210882523084371,3.268942168026657,0.0,4.602876313093762,4.498431085400799,11.323434267617863,0.8212059263546096,5.8263890714048125
dfs_86ad9cc384b94c48,2.0794415416798357,8.618400865752916,11.165677376847421,0.01544943820224719,1.3642374717959083,0.3443496590002483,0.7794178594611174,3.1091821811030456,0.0,4.711762714548478,3.7755143641081337,11.062065422371672,0.8212059263546096,5.981494847512788
dfs_3b2d873a91b5f9fb,2.3978952727983707,7.4164358720530075,11.204618827524007,0.09455128205128205,1.5350696656106786,0.0,0.18735574517601422,2.926923185846523,0.0,4.030957266267207,4.54311551253406,11.321195790299079,0.0,6.744756245961404
dfs_cfd2433b4f3ab2a9,2.70805020110221,8.112468254792704,10.537229679803534,0.14241486068111456,1.9810261479882252,0.7137810738470124,0.7740688908085399,3.1492999808559325,0.0,4.7839954080403535,5.240206555674332,11.335663088912208,0.8212059263546096,6.047455598124897
dfs_4cdf93f33e060d37,2.639057329615259,6.965781679289525,11.109967212073245,0.026785714285714284,4.477311414258113,0.37451445725214183,0.707866996627886,3.519512581244035,1.8332275943811764,5.115086025707712,4.595239152258213,11.29665821759545,2.789868226539849,4.842802999653284
dfs_40d83861a4148d6a,3.044522437723423,7.3602546357883805,,0.0,1.375921469542063,0.13722617540450455,0.7026387227001871,2.9065391365283544,1.4596526389295494,3.9913019506542753,4.034312446345806,11.283713538254412,0.0,6.493113127104608
dfs_ee7d9ce3f379f59f,2.3978952727983707,6.965781679289525,11.109967212073245,0.026785714285714284,4.477311414258113,0.37451445725214183,0.707866996627886,3.519512581244035,1.8332275943811764,5.115086025707712,4.595239152258213,11.29665821759545,2.7084257966964724,4.848166975148289
dfs_c035b624edba282d,3.1780538303479458,6.939419923584725,10.433792221839603,0.0,1.2789335514327294,0.21996466344250887,0.4829114139690738,2.9007554039942183,0.0,4.624607408392799,4.299653677956985,11.386999364371379,0.0,7.429674633181501
dfs_73501d2380cdf6cb,2.4849066497880004,7.492210869188141,9.826120428959685,0.5465587044534413,2.857411091473467,0.0,0.3734182513468653,3.606658350571023,2.744956511758241,4.45691052083931,5.603031709564466,11.442449351165903,1.5727155517124787,5.584312913366011
dfs_9eed7791430009f3,1.9459101490553132,7.440701912049693,10.718653230950043,0.12589413447782546,1.8741173839646352,0.2915768040752542,0.8229073870668586,3.2579501661517143,1.623193129915613,4.758578006212398,4.924181413240411,11.413270861810044,0.0,6.588115788259398
dfs_847e5c34aa34e454,1.791759469228055,7.918251669927757,10.87185826927572,0.14361702127659576,1.297886458226638,0.26812435096614534,0.4224534836585388,3.0815611224956445,0.0,3.162631997514009,2.8221144419052626,11.086578847782176,0.0,7.251735127443533
dfs_cbbe035777871e49,3.1354942159291497,8.3526258422133,11.984090919036053,0.0,3.5515174084316063,0.30098385353464735,0.22527824047422262,2.775933523468328,0.0,4.110192979570848,5.080188540019676,11.363241461342312,0.8212059263546096,4.6552689388482325
dfs_0275d22fbd4de4aa,2.833213344056216,7.492210869188141,9.826120428959685,0.5465587044534413,2.857411091473467,0.0,0.3734182513468653,3.606658350571023,2.744956511758241,4.45691052083931,5.603031709564466,11.442449351165903,2.4146555189783867,4.842802999653284
dfs_769eb5927951ec89,2.70805020110221,7.089869198360311,10.571496396185374,0.06625258799171843,1.2365453360636136,0.4793844696176478,0.7366783683422715,2.956853891009174,0.0,4.999946274959014,2.586839719991996,11.225683295746833,1.2659553055395139,3.825691761177995
dfs_411f35aaadb4b3d0,3.58351893845611,7.140023873302486,10.841774582282179,0.030395136778115502,4.477311414258113,0.37451445725214183,0.707866996627886,3.519512581244035,1.8332275943811764,5.115086025707712,4.595239152258213,11.29665821759545,2.789868226539849,5.032627224079899
dfs_9bf65cc8291ad866,1.791759469228055,6.961909617160361,10.780579971006125,0.04384133611691023,2.143642173545784,1.3523105052475055,0.9093654855000717,2.785063376095632,0.0,4.138424174336399,4.15950087506832,11.255384549430435,0.0,6.59981001626164
dfs_6fdcdafa4b3fb1a1,2.995732273553991,6.965781679289525,11.109967212073245,0.026785714285714284,4.477311414258113,0.37451445725214183,0.707866996627886,3.519512581244035,1.8332275943811764,5.115086025707712,4.595239152258213,11.29665821759545,2.789868226539849,4.622979254018697
dfs_66387fc226948722,3.4011973816621555,7.140023873302486,10.841774582282179,0.030395136778115502,4.477311414258113,0.37451445725214183,0.707866996627886,3.519512581244035,1.8332275943811764,5.115086025707712,4.595239152258213,11.29665821759545,2.7084257966964724,3.9861597631312646
dfs_c1feea62b3b1df5a,3.044522437723423,6.961909617160361,10.780579971006125,0.04384133611691023,2.143642173545784,1.3523105052475055,0.9093654855000717,2.785063376095632,0.0,4.138424174336399,4.15950087506832,11.255384549430435,0.0,6.326006868131512
dfs_ac9c90beea125df0,2.9444389791664403,8.817244366166065,11.116023587522552,0.0258751902587519,1.2053533283192723,0.0,0.6593170096264127,3.4529413541733045,0.0,5.037359612710564,4.45453258895901,11.352639335036887,0.8212059263546096,5.4422396581006875
dfs_39d701f175069cdc,2.5649493574615367,7.054191548092819,10.436465980943252,0.0,3.405454310409594,0.06711941290062494,0.44523491071139293,2.706159552946685,0.4196542410517675,4.0987412380461405,4.260139714428656,11.426506639659898,1.2659553055395139,5.422666129731013
dfs_120f0391cb881c3d,2.8903717578961645,7.880804752110544,10.972035744656358,0.07555555555555556,0.6886701156897551,0.26558103802534677,0.8465412991834239,3.717777291199174,2.551225390424568,5.353304838179962,4.798729390710022,11.281837943714027,0.0,7.136622149285878
dfs_0652d1f3493fc900,0.6931471805599453,7.495057869945895,11.478416832506566,0.0,1.0171425472610696,0.2103987076738786,0.9437230319446005,3.114050276806556,0.0,4.304656247409639,3.180415285811764,11.20943916097348,0.8212059263546096,5.083748461520571
dfs_638de1f9a09a9fa5,3.367295829986474,6.965781679289525,11.109967212073245,0.026785714285714284,4.477311414258113,0.37451445725214183,0.707866996627886,3.519512581244035,1.8332275943811764,5.115086025707712,4.595239152258213,11.29665821759545,3.0006498211243393,4.965144669825902
dfs_bd21d373f903e955,1.6094379124341003,5.666964294848781,10.455589467613958,0.0,2.28577254071836,0.10441019186192818,0.5142859612227876,2.659220172770365,1.5290002075419902,3.8229376630276297,2.5872148192106343,11.394153190178114,0.0,7.211614214897557
dfs_46ca344068e72f6c,2.70805020110221,7.741013225709144,10.74391184398016,0.24571428571428572,1.2688985079171422,0.3945686102973914,0.9004495938650744,2.9108001541459574,0.0,4.748677279140808,4.595633611754667,11.282329211130834,0.0,7.251735127443533
dfs_49be6c1f460b2bdc,3.044522437723423,8.29250937617588,11.029650155291243,0.0,1.6840507528947004,0.023691629794366658,0.1971618720525492,3.0057298942310773,0.0,4.47714751909154,5.193294517174533,11.533952832162305,0.8212059263546096,5.597834878884846
dfs_b5043c6b081b819f,2.995732273553991,7.140023873302486,10.841774582282179,0.030395136778115502,4.477311414258113,0.37451445725214183,0.707866996627886,3.519512581244035,1.8332275943811764,5.115086025707712,4.595239152258213,11.29665821759545,2.5224557664912224,4.972410610726546
dfs_99615c7be7056b65,3.2188758248682006,8.411843686422282,10.882771862738064,0.03773584905660377,1.5934468976367198,0.5381592669221221,0.5899277438574912,3.2498068933009057,0.0,4.898753999263428,4.944058216071929,11.427846764611914,0.8212059263546096,5.597834878884846
dfs_765428c440dcf313,3.295836866004329,7.481310126736239,11.019333812850217,0.05783582089552239,2.3531611270901456,1.2154959048585885,0.9253586290106376,2.6626151349691125,0.0,3.70311150681263,4.228228649207238,11.173388536976171,1.2659553055395139,3.172958801431404
dfs_88a29f36b5fdfea1,3.332204510175204,7.140023873302486,10.841774582282179,0.030395136778115502,4.477311414258113,0.37451445725214183,0.707866996627886,3.519512581244035,1.8332275943811764,5.115086025707712,4.595239152258213,11.29665821759545,2.8651744031446778,4.222086252598313
dfs_f78eba4e9843e79c,2.70805020110221,7.089869198360311,10.571496396185374,0.06625258799171843,1.2365453360636136,0.4793844696176478,0.7366783683422715,2.956853891009174,0.0,4.999946274959014,2.586839719991996,11.225683295746833,1.2659553055395139,3.825691761177995
dfs_8873e4cc2851aac5,1.791759469228055,7.3602546357883805,,0.0,1.375921469542063,0.13722617540450455,0.7026387227001871,2.9065391365283544,1.4596526389295494,3.9913019506542753,4.034312446345806,11.283713538254412,0.0,6.297871308102408
dfs_416f4e543f149bd0,2.8903717578961645,6.961909617160361,10.780579971006125,0.04384133611691023,2.143642173545784,1.3523105052475055,0.9093654855000717,2.785063376095632,0.0,4.138424174336399,4.15950087506832,11.255384549430435,0.0,6.400264514604473
dfs_81686564b0b3532e,1.9459101490553132,7.054191548092819,10.436465980943252,0.0,3.405454310409594,0.06711941290062494,0.44523491071139293,2.706159552946685,0.4196542410517675,4.0987412380461405,4.260139714428656,11.426506639659898,0.0,6.322381099724541
dfs_3309772265b1f072,3.2188758248682006,8.873358600502963,11.209059808577656,0.022770398481973434,1.4977169333959428,0.0817545497311059,0.7586444149166521,3.2836605667755165,0.0,4.416208718731469,4.614230500885623,11.35012414266218,0.8212059263546096,4.6552689388482325
dfs_05f1e35f45b220bc,2.639057329615259,7.695282244491107,10.973100049353933,0.03519061583577713,0.37940082068894143,0.05187061775901969,0.5985004108034002,3.3474484825532027,2.119321468062542,4.6730588672995585,3.6589694429144703,11.352028748385067,0.0,7.211614214897557
dfs_b0ee454f7dbd1134,2.9444389791664403,7.089869198360311,10.571496396185374,0.06625258799171843,1.2365453360636136,0.4793844696176478,0.7366783683422715,2.956853891009174,0.0,4.999946274959014,2.586839719991996,11.225683295746833,1.2659553055395139,5.080746363926872
dfs_9e304fc147b054cb,3.4657359027997265,6.965781679289525,11.109967212073245,0.026785714285714284,4.477311414258113,0.37451445725214183,0.707866996627886,3.519512581244035,1.8332275943811764,5.115086025707712,4.595239152258213,11.29665821759545,3.0006498211243393,5.032627224079899
dfs_6243f71a97c838a8,2.8903717578961645,7.140023873302486,10.841774582282179,0.030395136778115502,4.477311414258113,0.37451445725214183,0.707866996627886,3.519512581244035,1.8332275943811764,5.115086025707712,4.595239152258213,11.29665821759545,2.293814424193674,4.972410610726546
dfs_71015e03b5964c9f,3.7376696182833684,8.55400127308911,10.934391858180161,0.003003003003003003,1.3288467881431902,1.2802515441576567,0.16669519018531673,3.004055206670475,0.0,4.066360460013145,5.257931408398021,11.366140921754768,0.8212059263546096,5.503644830146574
dfs_a798d8fcf2285c21,1.791759469228055,8.350980563674703,11.07830442345797,0.02809917355371901,0.9631131394397625,0.11666041127015828,0.5685465764664008,3.188147096306853,0.0,4.669143081293658,3.67306006198032,11.267638548970329,0.8212059263546096,5.981494847512788
dfs_2016d2a79015558a,2.772588722239781,8.112468254792704,10.537229679803534,0.14241486068111456,2.226141954921544,0.12979989268911662,0.6261493988268321,3.1314322622254487,1.6604634722099871,4.66692036693307,4.1850794719360485,11.462673733231087,1.2659553055395139,5.422666129731013
dfs_989ee4cd8a667963,3.044522437723423,8.686107906180226,,0.0,2.3793184822974105,0.6011621627910843,0.42337525796703146,3.2443085998265335,0.0,4.43020693222444,5.378434397448764,11.490086633066195,0.0,6.7915537284935095
dfs_4a07ea8e8efc7b47,2.995732273553991,7.952961523713407,10.441646202369757,0.14454277286135694,0.2766783292145927,0.23974953493731244,0.3219671967752471,3.1864189245218535,0.0,5.024951116196083,4.600898392322775,11.36262569419901,0.0,7.224596088789532
dfs_77601ac5f00bc064,3.1354942159291497,6.965781679289525,11.109967212073245,0.026785714285714284,4.477311414258113,0.37451445725214183,0.707866996627886,3.519512581244035,1.8332275943811764,5.115086025707712,4.595239152258213,11.29665821759545,2.293814424193674,5.075910951400043
dfs_a0b50fb75dbf9e57,3.58351893845611,8.01648704289001,10.163657102686784,0.031746031746031744,1.6391398061669875,1.0379578217877226,0.8002503366984737,3.4025562545936925,0.0,5.249330230831874,5.56849933173646,11.377827131048445,0.8212059263546096,5.503644830146574
dfs_be34331872a1e3c5,2.302585092994046,6.84361777535495,9.32259705432185,0.0,2.598542846804179,0.023574494253534493,0.7031214833232298,3.309544189032852,0.9890628332220297,5.404310869656163,3.825440272600389,11.38822354896805,0.0,6.588115788259398
dfs_0d40f6ddcea6133d,1.9459101490553132,6.5194715905678455,10.955863912197044,0.08459214501510574,3.1303410943910692,0.1938176749930424,0.6739322316576039,3.1164457914699746,1.18795934644117,4.728380495166145,3.7707283677534065,11.398994998629336,0.8212059263546096,5.111760286459416
dfs_90911e99223e1f8e,3.295836866004329,7.481310126736239,11.019333812850217,0.05783582089552239,2.3531611270901456,1.2154959048585885,0.9253586290106376,2.6626151349691125,0.0,3.70311150681263,4.228228649207238,11.173388536976171,1.2659553055395139,3.172958801431404
dfs_93886223e34fbefd,1.3862943611198906,6.5194715905678455,10.955863912197044,0.08459214501510574,3.1303410943910692,0.1938176749930424,0.6739322316576039,3.1164457914699746,1.18795934644117,4.728380495166145,3.7707283677534065,11.398994998629336,0.8212059263546096,5.111760286459416
dfs_d88eae6ccd7a8045,3.2188758248682006,8.587005825444951,,0.09216589861751152,1.6589206320083918,0.7587030773437016,0.6841415036692017,3.0285723866185523,0.0,4.742341389804116,5.288302108963124,11.384569229518085,0.0,6.316962725517722
dfs_8c9f6f2f2d553c21,2.0794415416798357,8.766067564863393,10.844490409005417,0.036734693877551024,3.1399211917884973,0.13267768558055362,0.20282551286179376,3.7833239429392065,1.2999187030781019,6.461816091046987,4.8585125954332975,11.349394258587163,0.0,6.760003651218179
dfs_991c56a32e9cd118,2.833213344056216,7.656294685471409,10.12942719115234,0.2437357630979499,1.055576913241279,0.6572889475686361,0.8055135747643166,3.3928621167868327,0.0,4.637432507509071,4.322334075213126,11.292777422635817,0.8212059263546096,4.923658945945068
dfs_2925389dfa0a33eb,2.70805020110221,8.947029153108236,11.441569088318415,0.028112449799196786,2.196339266239776,0.23933749774678126,0.48793716174070134,3.1613936898157005,0.0,4.434836145790554,4.57620255307543,11.28689023678548,0.8212059263546096,5.4422396581006875
dfs_b0d8becc50e7051b,2.70805020110221,7.656294685471409,10.12942719115234,0.2437357630979499,1.055576913241279,0.6572889475686361,0.8055135747643166,3.3928621167868327,0.0,4.637432507509071,4.322334075213126,11.292777422635817,0.8212059263546096,4.923658945945068
dfs_e581ff6317a87a50,1.6094379124341003,7.607316689115619,10.403353336065777,0.1745152354570637,1.4677010094797098,0.17246044749754202,0.433819614885297,3.50023030478653,2.537607841863796,4.674761687694668,4.371500773747211,11.379416929227343,0.0,6.297871308102408
dfs_4e1d9eeb8835fa95,2.302585092994046,7.924925519704137,9.076923258535832,0.6071428571428571,1.428705593970776,0.7172544898096311,0.8478589900952814,4.109997601156167,0.0,7.0465244484787695,4.590937893122102,11.394974915284154,0.0,6.941303890936924
dfs_809986e1cc5faddc,2.3978952727983707,8.781131486329599,11.285886837687134,0.04487179487179487,2.0417858254637644,1.1995398822877579,0.7854449453841694,3.317345795342514,0.0,4.628242945203052,5.122798814046192,11.318065631478168,0.0,6.362681196950155
dfs_d3709192987363a3,2.833213344056216,6.965781679289525,11.109967212073245,0.026785714285714284,4.477311414258113,0.37451445725214183,0.707866996627886,3.519512581244035,1.8332275943811764,5.115086025707712,4.595239152258213,11.29665821759545,2.9352045584387274,5.122380306900519
dfs_3f6f202f266fa9b5,3.044522437723423,8.305213806405327,11.165040348492274,0.042364532019704436,3.8777344426594116,0.7327621697866904,0.658349506661251,3.1609735630539935,0.0,4.605334739954358,5.317205447592879,11.428467189677395,0.0,6.675483702665757
dfs_55ea817d8fd62e16,2.9444389791664403,6.965781679289525,11.109967212073245,0.026785714285714284,4.477311414258113,0.37451445725214183,0.707866996627886,3.519512581244035,1.8332275943811764,5.115086025707712,4.595239152258213,11.29665821759545,2.8651744031446778,4.622979254018697
dfs_cc01e844ba9f9019,3.044522437723423,6.965781679289525,11.109967212073245,0.026785714285714284,4.477311414258113,0.37451445725214183,0.707866996627886,3.519512581244035,1.8332275943811764,5.115086025707712,4.595239152258213,11.29665821759545,1.996901660409805,5.075910951400043
dfs_bd62bd47b0919eef,2.9444389791664403,8.789079804527832,11.275809756089135,0.05108225108225108,1.7719565185349375,0.1986740325693673,0.8210882523084371,3.268942168026657,0.0,4.602876313093762,4.498431085400799,11.323434267617863,0.8212059263546096,5.8263890714048125
dfs_089842ccfc25c26a,2.5649493574615367,7.481310126736239,11.019333812850217,0.05783582089552239,2.3531611270901456,1.2154959048585885,0.9253586290106376,2.6626151349691125,0.0,3.70311150681263,4.228228649207238,11.173388536976171,1.2659553055395139,4.461018467818849
dfs_14463fd146ecef79,2.9444389791664403,7.140023873302486,10.841774582282179,0.030395136778115502,4.477311414258113,0.37451445725214183,0.707866996627886,3.519512581244035,1.8332275943811764,5.115086025707712,4.595239152258213,11.29665821759545,2.6197576726867497,3.9861597631312646
dfs_0bc7d524efb67136,3.2188758248682006,7.140023873302486,10.841774582282179,0.030395136778115502,4.477311414258113,0.37451445725214183,0.707866996627886,3.519512581244035,1.8332275943811764,5.115086025707712,4.595239152258213,11.29665821759545,2.6197576726867497,4.98268403000585
dfs_2e5a33979427395d,1.9459101490553132,7.054191548092819,10.436465980943252,0.0,3.405454310409594,0.06711941290062494,0.44523491071139293,2.706159552946685,0.4196542410517675,4.0987412380461405,4.260139714428656,11.426506639659898,0.8212059263546096,5.7996514533754535
dfs_a14abf45b6d87f28,1.6094379124341003,7.054191548092819,10.436465980943252,0.0,3.405454310409594,0.06711941290062494,0.44523491071139293,2.706159552946685,0.4196542410517675,4.0987412380461405,4.260139714428656,11.426506639659898,1.2659553055395139,4.78401533917401
dfs_5d7e29267e1f6a2d,2.639057329615259,6.965781679289525,11.109967212073245,0.026785714285714284,4.477311414258113,0.37451445725214183,0.707866996627886,3.519512581244035,1.8332275943811764,5.115086025707712,4.595239152258213,11.29665821759545,2.8651744031446778,1.2385845326772804
dfs_1c3fd68bd664cabf,3.091042453358316,6.939419923584725,10.433792221839603,0.0,1.2789335514327294,0.21996466344250887,0.4829114139690738,2.9007554039942183,0.0,4.624607408392799,4.299653677956985,11.386999364371379,0.8212059263546096,2.8999999569996917
dfs_0ba8c2c6fb24577f,3.8712010109078907,8.55400127308911,10.934391858180161,0.003003003003003003,1.3288467881431902,1.2802515441576567,0.16669519018531673,3.004055206670475,0.0,4.066360460013145,5.257931408398021,11.366140921754768,1.2659553055395139,2.520193832362745
dfs_5d2cfaf19202cf65,3.2188758248682006,7.140023873302486,10.841774582282179,0.030395136778115502,4.477311414258113,0.37451445725214183,0.707866996627886,3.519512581244035,1.8332275943811764,5.115086025707712,4.595239152258213,11.29665821759545,2.7084257966964724,0.0
dfs_37f37bd591789fa1,2.1972245773362196,6.825175910063065,10.110095135210239,0.27900552486187846,1.2802014607967367,0.04596213807356497,0.7023721191540738,2.748109391435845,0.7323721344681992,3.795438692181242,3.867563654619976,11.339464536608471,0.0,7.386677867008631
dfs_c26e789a1b390638,2.833213344056216,7.492210869188141,9.826120428959685,0.5465587044534413,2.857411091473467,0.0,0.3734182513468653,3.606658350571023,2.744956511758241,4.45691052083931,5.603031709564466,11.442449351165903,2.5224557664912224,0.0
dfs_8294514597815711,2.8903717578961645,6.961909617160361,10.780579971006125,0.04384133611691023,2.143642173545784,1.3523105052475055,0.9093654855000717,2.785063376095632,0.0,4.138424174336399,4.15950087506832,11.255384549430435,0.8212059263546096,0.0
dfs_08c75b62ec116542,3.091042453358316,9.007043409812333,11.25331241244604,0.021505376344086023,2.14629027572231,0.9069359146363083,0.6234527074580677,2.8921399869623596,0.0,4.294670510331767,5.310321025399473,11.413878311368995,1.2659553055395139,4.793102942591974
dfs_2c5c3b2822312a3d,2.70805020110221,8.191373839672847,,0.11564625850340136,1.0818407612278567,0.14121725935774876,0.3685534537772809,2.98852209576909,0.0,4.797693471807916,3.638269965462155,11.352134453526546,1.5727155517124787,4.486622924513891
dfs_7bd403758af40b76,3.332204510175204,7.140023873302486,10.841774582282179,0.030395136778115502,4.477311414258113,0.37451445725214183,0.707866996627886,3.519512581244035,1.8332275943811764,5.115086025707712,4.595239152258213,11.29665821759545,2.9352045584387274,0.0
dfs_3af920f85ffcd094,2.70805020110221,8.236886099427567,,0.0,2.364022883896114,2.046119489282705,0.5360832423139077,3.4014692865589407,2.042840390834704,5.145693059024275,4.457949148886122,11.293724132888643,0.0,6.560734648536493
dfs_8340b8d6a14c6220,3.1354942159291497,6.965781679289525,11.109967212073245,0.026785714285714284,4.477311414258113,0.37451445725214183,0.707866996627886,3.519512581244035,1.8332275943811764,5.115086025707712,4.595239152258213,11.29665821759545,3.0620738268031755,4.569613042883445
dfs_7c389cd0d745ca6c,2.5649493574615367,7.140023873302486,10.841774582282179,0.030395136778115502,4.477311414258113,0.37451445725214183,0.707866996627886,3.519512581244035,1.8332275943811764,5.115086025707712,4.595239152258213,11.29665821759545,2.6197576726867497,4.518834130473931
dfs_8ba2c99a4ba487ec,2.833213344056216,6.961909617160361,10.780579971006125,0.04384133611691023,2.143642173545784,1.3523105052475055,0.9093654855000717,2.785063376095632,0.0,4.138424174336399,4.15950087506832,11.255384549430435,0.8212059263546096,4.607780305889808
dfs_67eae18f8b520420,3.332204510175204,7.140023873302486,10.841774582282179,0.030395136778115502,4.477311414258113,0.37451445725214183,0.707866996627886,3.519512581244035,1.8332275943811764,5.115086025707712,4.595239152258213,11.29665821759545,2.9352045584387274,1.6549434528220093
dfs_977fc95895fa07e9,2.4849066497880004,7.2884936035158105,11.29867971059163,0.07755102040816327,0.8619683954091091,0.21153116194641564,0.30614971785734074,3.3658862291694542,0.0,4.532099492483492,4.2593513546404,11.406286354480516,0.8212059263546096,5.967098673389927
dfs_6507553346504962,2.833213344056216,7.656294685471409,10.12942719115234,0.2437357630979499,1.055576913241279,0.6572889475686361,0.8055135747643166,3.3928621167868327,0.0,4.637432507509071,4.322334075213126,11.292777422635817,1.2659553055395139,0.0
dfs_4c33644e807d4e02,2.995732273553991,7.701511206140928,10.130184782049636,0.12683823529411764,1.5444783640847444,0.09096735606059775,0.3248981027855614,3.059951798743345,0.0,4.560353334517337,4.687303758470332,11.356716000633117,0.8212059263546096,5.2863426689800574
dfs_6d2b73be3145563b,2.639057329615259,8.759079053836706,,0.039755351681957186,2.9174627352890727,0.5189223030460663,0.2674138806755441,2.972459278382664,0.0,4.699346619372602,5.642620494461943,11.450581866559727,0.8212059263546096,5.964210807480135
dfs_83c023660da1f655,1.3862943611198906,6.511924086396489,10.122984462930141,0.10833333333333334,0.2233334701265653,0.07152445730226407,0.6026058880639427,3.128381157485642,0.0,4.148276648285725,4.178354284111771,11.387282873765944,0.0,6.906900709644531
dfs_2bbb1d3e40d88475,3.044522437723423,6.961909617160361,10.780579971006125,0.04384133611691023,2.143642173545784,1.3523105052475055,0.9093654855000717,2.785063376095632,0.0,4.138424174336399,4.15950087506832,11.255384549430435,0.8212059263546096,0.0
dfs_bdd44f42cb6455c5,1.791759469228055,7.918251669927757,10.87185826927572,0.14361702127659576,1.297886458226638,0.26812435096614534,0.4224534836585388,3.0815611224956445,0.0,3.162631997514009,2.8221144419052626,11.086578847782176,0.8212059263546096,2.8065407360136865
dfs_5ccadfa28fcaef0a,2.995732273553991,7.701511206140928,10.130184782049636,0.12683823529411764,1.5444783640847444,0.09096735606059775,0.3248981027855614,3.059951798743345,0.0,4.560353334517337,4.687303758470332,11.356716000633117,0.8212059263546096,5.2753600318399885
dfs_b435f7c0924b2d9a,2.833213344056216,7.656294685471409,10.12942719115234,0.2437357630979499,1.055576913241279,0.6572889475686361,0.8055135747643166,3.3928621167868327,0.0,4.637432507509071,4.322334075213126,11.292777422635817,1.2659553055395139,0.0
dfs_f437682b742ceab2,3.332204510175204,7.140023873302486,10.841774582282179,0.030395136778115502,4.477311414258113,0.37451445725214183,0.707866996627886,3.519512581244035,1.8332275943811764,5.115086025707712,4.595239152258213,11.29665821759545,2.9352045584387274,1.6549434528220093
dfs_224afd536ac32598,1.791759469228055,7.7253937477312045,11.341555717580368,0.042789223454833596,4.7081433583677335,0.2528623739696666,0.06384188377327543,3.3258050225657296,0.0,5.105899368747237,4.3558417353848125,11.407164869291062,1.2659553055395139,4.398814216996665
dfs_32bd5fdec29348ec,3.2188758248682006,7.084653066968085,11.084294078830224,0.10875331564986737,5.168959631606533,0.2425067296279847,0.47993509407040347,3.716253117079313,2.1424119065204876,5.549115053700267,5.989221982694032,11.575317934986494,1.2659553055395139,4.722556967601942
dfs_011e2e213148822f,2.9444389791664403,7.084653066968085,11.084294078830224,0.10875331564986737,5.168959631606533,0.2425067296279847,0.47993509407040347,3.716253117079313,2.1424119065204876,5.549115053700267,5.989221982694032,11.575317934986494,1.996901660409805,4.650667822242097
dfs_3210e3700973f429,2.4849066497880004,7.084653066968085,11.084294078830224,0.10875331564986737,5.168959631606533,0.2425067296279847,0.47993509407040347,3.716253117079313,2.1424119065204876,5.549115053700267,5.989221982694032,11.575317934986494,1.807133707454955,4.011481404616179
dfs_633e1e9f9f65ae97,2.302585092994046,8.21143792217821,11.482321917172051,0.06377952755905512,2.5619964385542953,0.31363101046579867,0.7525423182972324,3.2008786841232553,0.0,4.835162376405718,4.537999629146034,11.586306029770215,0.0,6.51089300117476
dfs_9fbbd6ee7702ecb2,2.0794415416798357,7.3280698018469925,11.045430685926252,0.025830258302583026,1.948967397862123,0.0,0.5108626523161864,3.0075116170013185,0.0,4.526746163372951,3.6131720340269795,11.458775462495906,0.0,6.906020206973695
dfs_238502b6353dea7e,1.3862943611198906,7.525188311922032,10.601497888762061,0.16631130063965885,1.6358195520670358,0.5442939347777815,0.7147776927122967,3.0247684055695103,0.0,4.492968644192665,4.549098016915329,11.592411094427582,0.8212059263546096,5.602950191605009
dfs_7fcecada14761565,3.1354942159291497,8.462124258115203,10.719250516636261,0.048125349748181306,,,,,,,,,0.8212059263546096,4.806059446195808
dfs_0a417253652e5916,1.9459101490553132,7.7253937477312045,11.341555717580368,0.042789223454833596,4.7081433583677335,0.2528623739696666,0.06384188377327543,3.3258050225657296,0.0,5.105899368747237,4.3558417353848125,11.407164869291062,1.2659553055395139,4.398814216996665
dfs_c95905c085cfa431,3.367295829986474,8.46752356026134,10.902629352637497,0.03994673768308921,3.0109902764914285,0.16329451213499357,0.573624934614872,3.077561005467887,0.0,4.7294290048295515,4.162960546184093,11.612834146349808,0.8212059263546096,4.806059446195808
dfs_8558c24f5babf9d2,2.0794415416798357,7.226518926637079,10.66478391544408,0.08732394366197183,3.810753578978958,0.37246641014464776,0.06150645337942094,3.364624202874167,1.724976919384754,4.923216352756571,3.0472905330861773,11.432398473383499,0.0,6.434249391213383
dfs_c1b5a9505997c121,3.044522437723423,7.9939367340404495,11.167035015895737,0.015027322404371584,4.149610904781815,0.023051232081043774,0.6218131557330777,3.5039171493133208,1.967613683186663,4.946683144453646,5.918605839300816,11.642856634562259,1.807133707454955,5.042643085673167
dfs_8114a043f4b23dc0,0.6931471805599453,7.623368431591831,11.07964713021658,0.10176991150442478,4.7081433583677335,0.2528623739696666,0.06384188377327543,3.3258050225657296,0.0,5.105899368747237,4.3558417353848125,11.407164869291062,1.2659553055395139,5.5815603550617245
dfs_f4d84445ec4acc1b,1.6094379124341003,6.917555287719425,10.856611534455633,0.0062056737588652485,1.4600927801690178,0.0,0.4298475254909566,3.2614970940490293,0.0,4.9442810676945435,3.759589759183852,11.485831721972112,0.8212059263546096,0.0
dfs_cea3aee00c0bf47f,0.6931471805599453,7.623368431591831,11.07964713021658,0.10176991150442478,4.7081433583677335,0.2528623739696666,0.06384188377327543,3.3258050225657296,0.0,5.105899368747237,4.3558417353848125,11.407164869291062,1.2659553055395139,0.0
dfs_4d75618a8115915f,2.1972245773362196,7.470488559460674,11.675970755915507,0.0,3.4399905285414083,0.0,0.011922441798066181,3.172826446096315,0.0,4.708976182600051,3.9563424995978136,11.541833570117436,0.0,6.994600583652977
dfs_21e1056cc4855ea7,0.6931471805599453,7.226518926637079,10.66478391544408,0.08732394366197183,3.810753578978958,0.37246641014464776,0.06150645337942094,3.364624202874167,1.724976919384754,4.923216352756571,3.0472905330861773,11.432398473383499,0.0,6.41802744388542
dfs_ccff27da08fe2cb1,0.6931471805599453,8.795327747883706,,0.12753036437246965,0.6170159435734874,0.0,0.3340889241458405,3.522809569393755,0.0,5.487113397928338,4.8068479710370635,11.370647359710572,0.8212059263546096,3.522941714166076
dfs_0dda13c1a8c4582f,1.3862943611198906,7.879423913253047,10.693852183811433,0.04090909090909091,1.5362941169464321,0.4180060707304256,0.6031034125280501,3.364185820850312,0.0,5.319560487324569,3.1225026103650495,11.478033768090118,0.8212059263546096,5.028760704349189
dfs_9deb8d86783b1ae4,2.302585092994046,7.331579783692016,10.963272384049013,0.0,0.9001479736025066,0.4456634237305373,0.7190636860653234,3.098728330014838,0.5490314715779286,3.8906119596756694,4.933184567817526,11.305741381151263,0.0,7.557262063897669
dfs_505a97e8ac349c24,1.9459101490553132,7.966703374768616,11.388880363441581,0.0,1.6758374316750249,0.4763653457048475,0.6176591213151355,3.2157944973122254,0.0,4.415293144063941,3.176913874574354,11.492753369429062,1.2659553055395139,4.4342685892199905
dfs_9c80a2c2fcb567f7,3.258096538021482,7.9939367340404495,11.167035015895737,0.015027322404371584,4.149610904781815,0.023051232081043774,0.6218131557330777,3.5039171493133208,1.967613683186663,4.946683144453646,5.918605839300816,11.642856634562259,0.8212059263546096,5.612848272449994
dfs_4606e978a45cc55a,2.8903717578961645,8.491123735702256,,0.01738122827346466,3.515852937863368,0.2991485141944757,0.5955616996707653,3.4997906948286395,1.8087710196276239,5.358107296823583,6.525983309615255,11.658358254177763,1.807133707454955,5.042643085673167
dfs_3699c865fdc46142,0.6931471805599453,7.525188311922032,10.601497888762061,0.16631130063965885,1.6358195520670358,0.5442939347777815,0.7147776927122967,3.0247684055695103,0.0,4.492968644192665,4.549098016915329,11.592411094427582,0.0,6.792594236160116
dfs_8a609a381506974c,3.4657359027997265,7.9939367340404495,11.167035015895737,0.015027322404371584,4.149610904781815,0.023051232081043774,0.6218131557330777,3.5039171493133208,1.967613683186663,4.946683144453646,5.918605839300816,11.642856634562259,2.1563374497238987,5.612848272449994
dfs_c5309d3801217e58,0.6931471805599453,7.623368431591831,11.07964713021658,0.10176991150442478,4.7081433583677335,0.2528623739696666,0.06384188377327543,3.3258050225657296,0.0,5.105899368747237,4.3558417353848125,11.407164869291062,1.2659553055395139,0.0
dfs_15ba4cfedbf54719,1.791759469228055,7.966703374768616,11.388880363441581,0.0,1.6758374316750249,0.4763653457048475,0.6176591213151355,3.2157944973122254,0.0,4.415293144063941,3.176913874574354,11.492753369429062,1.2659553055395139,4.540386751846144
dfs_810ade59d6f68ea4,0.6931471805599453,8.795327747883706,,0.12753036437246965,0.6170159435734874,0.0,0.3340889241458405,3.522809569393755,0.0,5.487113397928338,4.8068479710370635,11.370647359710572,0.8212059263546096,3.522941714166076
dfs_cad8ecde2f34fa25,1.6094379124341003,6.917555287719425,10.856611534455633,0.0062056737588652485,1.4600927801690178,0.0,0.4298475254909566,3.2614970940490293,0.0,4.9442810676945435,3.759589759183852,11.485831721972112,0.8212059263546096,0.0
dfs_61f9a4642fb8a7ba,2.0794415416798357,7.200936754885083,10.986376880739002,0.07584597432905485,0.22515063510432431,0.019535386793111495,0.8605843631694072,2.841837452857036,1.3837526530386146,4.10733635138277,2.5488419556997184,11.047232531311577,0.0,7.256814471284405
dfs_643f4db7c1980f06,3.1354942159291497,7.9939367340404495,11.167035015895737,0.015027322404371584,4.149610904781815,0.023051232081043774,0.6218131557330777,3.5039171493133208,1.967613683186663,4.946683144453646,5.918605839300816,11.642856634562259,2.1563374497238987,2.2138088029128467
dfs_89c77045ca341c10,2.995732273553991,7.698598262506368,9.427304872213677,0.10108303249097472,0.961510624877408,0.23575615025669228,0.6962810933355236,3.406338447157462,0.0,5.195001530544008,4.1291326118320715,11.60957111627176,0.0,7.275000310073326
dfs_eaa673ff4c6479ee,2.995732273553991,8.654970437385948,10.589735991404917,0.19963031423290203,1.8231175032719165,0.44175169291316624,0.6492054545356089,3.290941746245707,0.0,4.857145991951187,4.239318261319169,11.51235530245847,0.0,6.349486199325529
dfs_86e5c36c97e00333,1.9459101490553132,7.7253937477312045,11.341555717580368,0.042789223454833596,4.7081433583677335,0.2528623739696666,0.06384188377327543,3.3258050225657296,0.0,5.105899368747237,4.3558417353848125,11.407164869291062,1.5727155517124787,5.542405332042535
dfs_65f1246d8c224b05,0.0,7.879423913253047,10.693852183811433,0.04090909090909091,1.5362941169464321,0.4180060707304256,0.6031034125280501,3.364185820850312,0.0,5.319560487324569,3.1225026103650495,11.478033768090118,0.8212059263546096,5.028760704349189
dfs_a63fd6b45b19514e,1.0986122886681096,7.7545704183702355,11.091483402338923,0.06948109058927,2.9710449230294382,0.13545029919597507,0.725086656010756,2.715056999537218,0.0,4.511702306096878,3.4209099816707065,11.522935199999527,0.0,6.51089300117476
dfs_cb462e3d552291fb,2.3978952727983707,6.84643302926748,11.858293728629645,0.02771855010660981,1.128315021240402,0.1584377966822635,0.9187452632253265,3.388952992771081,2.6503210902261154,3.7364229529868433,3.4388424588547157,11.48935996694752,0.0,7.3682319308712865
dfs_ebb7713f72c5c825,1.791759469228055,7.943124279737974,10.197313214435868,0.1860828772478499,2.445755894008114,0.3108279554051297,0.6315508694768714,2.448010455218559,0.773766676620373,3.4791182962621368,2.211416832995226,11.566750551665136,0.0,7.723396314480085
dfs_a0f2abfe63aa90fe,3.091042453358316,7.084653066968085,11.084294078830224,0.10875331564986737,5.168959631606533,0.2425067296279847,0.47993509407040347,3.716253117079313,2.1424119065204876,5.549115053700267,5.989221982694032,11.575317934986494,1.996901660409805,4.689283251184182
dfs_13b555d9b484aee9,3.295836866004329,7.9939367340404495,11.167035015895737,0.015027322404371584,3.1939915828433705,0.7533972825108161,0.706461546898391,3.7249973278899997,2.0731139211101937,5.591261600479405,6.282237424879204,11.593804745695852,0.8212059263546096,6.1281506094435425
dfs_1fd0868c718adcf2,3.2188758248682006,7.8720329474990045,10.564911840900125,0.12371134020618557,2.825866757615886,0.14320437160416136,0.6330596264103318,3.240934123076175,1.348327757875519,4.832819983917363,4.554386700497478,11.631810115847912,0.0,7.204697882024572
dfs_6edb1819b2224303,1.9459101490553132,7.3280698018469925,11.045430685926252,0.025830258302583026,1.095815560485404,0.14152749452345684,0.816490143166111,3.176042274706905,0.0,4.796279708207082,3.9050043741268547,11.462147827082694,1.2659553055395139,4.4342685892199905
dfs_247c3098348cdf3e,2.4849066497880004,7.308270931127582,10.603585520307838,0.07293666026871401,2.0556642811329597,0.17958189809264138,0.6506462637357001,2.629150844899142,0.0,4.239458164604205,3.8144621338860922,11.476697070362942,0.0,7.274110317161931
dfs_88691d07b3a702ce,2.5649493574615367,7.084653066968085,11.084294078830224,0.10875331564986737,5.168959631606533,0.2425067296279847,0.47993509407040347,3.716253117079313,2.1424119065204876,5.549115053700267,5.989221982694032,11.575317934986494,1.996901660409805,4.011481404616179
dfs_a728a336c1f97c39,2.70805020110221,7.084653066968085,11.084294078830224,0.10875331564986737,5.168959631606533,0.2425067296279847,0.47993509407040347,3.716253117079313,2.1424119065204876,5.549115053700267,5.989221982694032,11.575317934986494,1.5727155517124787,4.722556967601942
dfs_497685504704a47a,3.1780538303479458,7.9939367340404495,11.167035015895737,0.015027322404371584,4.149610904781815,0.023051232081043774,0.6218131557330777,3.5039171493133208,1.967613683186663,4.946683144453646,5.918605839300816,11.642856634562259,2.1563374497238987,2.2138088029128467
dfs_06d73906417b2be2,2.4849066497880004,8.07939986063172,10.812270168919962,0.0,2.7467266542213835,0.0,0.0,3.175284989172262,0.0,4.915611402224115,4.376830928883375,11.45278260208932,0.0,6.367830664956578
dfs_9f198afac612868f,3.044522437723423,7.9939367340404495,11.167035015895737,0.015027322404371584,4.149610904781815,0.023051232081043774,0.6218131557330777,3.5039171493133208,1.967613683186663,4.946683144453646,5.918605839300816,11.642856634562259,1.996901660409805,4.62194992352439
dfs_23e3941803569a84,3.091042453358316,7.744756216678429,9.862873869650832,0.288135593220339,1.7523131699420231,0.31528636390379955,0.6077717157320838,2.8293963106417115,0.0,4.509699624575621,4.638940228371138,11.53723751735187,0.8212059263546096,6.1476578957519905
dfs_e592d6c9a3870c49,3.6888794541139363,7.774050708692296,10.15338987315103,0.2246376811594203,1.2660904033281364,0.8872168396698163,0.7301197224569232,2.9255485110926465,0.0,4.606637999308326,4.15023111683504,11.51268543616562,0.0,6.603246845533087
dfs_97799947c5f67e23,2.0794415416798357,7.200936754885083,10.986376880739002,0.07584597432905485,0.22515063510432431,0.019535386793111495,0.8605843631694072,2.841837452857036,1.3837526530386146,4.10733635138277,2.5488419556997184,11.047232531311577,0.8212059263546096,0.0
dfs_beb9b24ffa1518f7,2.5649493574615367,8.594182121078505,10.26353679711381,0.1566757493188011,2.0574586024770882,0.277479483541733,0.45481753093882116,2.8979805260072142,0.0,4.363551125459116,4.561799105922693,11.613259368353763,0.0,7.203321704616
dfs_e99261cdb104b20e,3.2188758248682006,7.9939367340404495,11.167035015895737,0.015027322404371584,4.149610904781815,0.023051232081043774,0.6218131557330777,3.5039171493133208,1.967613683186663,4.946683144453646,5.918605839300816,11.642856634562259,2.4146555189783867,4.61441053336426
dfs_45c9f5d981c0c3dc,1.0986122886681096,7.7545704183702355,11.091483402338923,0.06948109058927,2.9710449230294382,0.13545029919597507,0.725086656010756,2.715056999537218,0.0,4.511702306096878,3.4209099816707065,11.522935199999527,0.8212059263546096,3.125501889954433
dfs_2798d2745c5fd380,2.4849066497880004,7.084653066968085,11.084294078830224,0.10875331564986737,5.168959631606533,0.2425067296279847,0.47993509407040347,3.716253117079313,2.1424119065204876,5.549115053700267,5.989221982694032,11.575317934986494,2.1563374497238987,1.7329881519078738
dfs_439907953911ad6d,2.70805020110221,8.0285535641389,9.671933733861948,0.23113207547169812,1.5563636163154944,1.0042139784077866,0.5699116915359378,3.136524149731113,0.0,5.007140184383287,4.979470831131994,11.673171814112326,0.0,7.281155207040461
dfs_434b01749593b572,3.1780538303479458,7.9939367340404495,11.167035015895737,0.015027322404371584,4.149610904781815,0.023051232081043774,0.6218131557330777,3.5039171493133208,1.967613683186663,4.946683144453646,5.918605839300816,11.642856634562259,2.4146555189783867,3.903130098660164
dfs_7c1e78337a20ec5c,3.1780538303479458,7.9939367340404495,11.167035015895737,0.015027322404371584,4.149610904781815,0.023051232081043774,0.6218131557330777,3.5039171493133208,1.967613683186663,4.946683144453646,5.918605839300816,11.642856634562259,2.1563374497238987,5.229921072779896
