{"type":"FeatureCollection","features":[{"type":"Feature","id":9818,"geometry":{"type":"Polygon","coordinates":[[[-74.258576000416767,40.502545000284002],[-74.258595999609923,40.502280999747427],[-74.254587999781521,40.502302999774891],[-74.254428999772855,40.502255999707415],[-74.255422000182861,40.504281000079303],[-74.255469000038531,40.504731000132217],[-74.255459999817688,40.50502200021198],[-74.255469000038531,40.50533100028764],[-74.255417000159994,40.505755000075162],[-74.255412999962033,40.506025000273048],[-74.255412999962033,40.506353000068188],[-74.255403999741191,40.506531000205996],[-74.255432000228623,40.506738000040706],[-74.255488000305107,40.506915999839748],[-74.255544000381605,40.507102999898734],[-74.255628999872101,40.507269000288552],[-74.255653000161544,40.507440999814662],[-74.255713000436003,40.507608999894863],[-74.255694000169427,40.507729999907411],[-74.257976000367151,40.507793000312965],[-74.258186000429433,40.507919000263506],[-74.258290000186506,40.506493999755797],[-74.258312999752718,40.506177999971023],[-74.258392000293753,40.505078999988143],[-74.258558999800016,40.502781999950464],[-74.258576000416767,40.502545000284002]]]},"properties":{"OBJECTID":9818,"GEOID":"360850244010","STATE":"36","COUNTY":"085","AREALAND":0,"AREAWATER":160447}},{"type":"Feature","id":9819,"geometry":{"type":"Polygon","coordinates":[[[-74.147380000401043,40.629827000133332],[-74.147536000036638,40.629371000274197],[-74.146133000446127,40.629075000325621],[-74.145935999904324,40.627823999729955],[-74.145643999826262,40.627863000321497],[-74.145463000076305,40.627886999677756],[-74.145473999946958,40.627405999826152],[-74.145509000107069,40.627079999974015],[-74.145590000297915,40.626608000120498],[-74.14577600007074,40.625971999699068],[-74.146145000141672,40.624930000112137],[-74.145766999849926,40.624958000021785],[-74.145028999708032,40.62512700012801],[-74.144083999876926,40.62542100011273],[-74.144062999960511,40.625337999777372],[-74.143874999639536,40.625412000278516],[-74.143641000186122,40.625441000194542],[-74.143277999962962,40.625527999867124],[-74.143087999992147,40.625613999902292],[-74.143015000197224,40.625711000031032],[-74.142950999724832,40.62579699983057],[-74.142688999783999,40.626229000287694],[-74.14240400027694,40.626950999984231],[-74.142318000063227,40.627179999884532],[-74.142189000191792,40.627620000302706],[-74.141855000280955,40.62854000030066],[-74.141123999811754,40.629213999778528],[-74.140787000426187,40.629512000087743],[-74.140601999579943,40.629658000330423],[-74.14254999986683,40.630327000119642],[-74.143402999636422,40.630487999893823],[-74.143755999813848,40.630553999769518],[-74.14398199976965,40.630599999685622],[-74.145699999902746,40.630927000206363],[-74.145915999812843,40.630967999918902],[-74.146910000047754,40.631156000107602],[-74.147380000401043,40.629827000133332]]]},"properties":{"OBJECTID":9819,"GEOID":"360850247001","STATE":"36","COUNTY":"085","AREALAND":211867,"AREAWATER":0}},{"type":"Feature","id":9820,"geometry":{"type":"Polygon","coordinates":[[[-74.158530000200301,40.590908000100718],[-74.159193999824041,40.590151999925851],[-74.158442000336763,40.589726999923982],[-74.157659999813944,40.589283000032225],[-74.155071000367883,40.587813999872509],[-74.154681000380535,40.587594000270037],[-74.153894999659769,40.587149999860586],[-74.153183000355469,40.587891999991861],[-74.152630999986414,40.588466999918836],[-74.152073999594492,40.589042999748372],[-74.151810000003849,40.589313000007181],[-74.151516000275976,40.589614999823695],[-74.150969999754722,40.590175999867824],[-74.15216200035637,40.590835999672713],[-74.152352000327156,40.590936999985971],[-74.153070000377568,40.591336000211257],[-74.153104999639339,40.591356000264142],[-74.153927000345121,40.591811999711325],[-74.154508999953094,40.592135999708674],[-74.155372999593354,40.592597000066405],[-74.156103000237621,40.593046999850777],[-74.156366000003374,40.593197000015401],[-74.157099999947292,40.592424000131572],[-74.158530000200301,40.590908000100718]]]},"properties":{"OBJECTID":9820,"GEOID":"360850277051","STATE":"36","COUNTY":"085","AREALAND":233651,"AREAWATER":0}},{"type":"Feature","id":10097,"geometry":{"type":"Polygon","coordinates":[[[-74.100391999802696,40.643118000334184],[-74.100195000159204,40.6418129996933],[-74.099358000283118,40.641785999998241],[-74.098087999863679,40.641792999743515],[-74.096138999751886,40.641950999933222],[-74.095146000240206,40.64203200014861],[-74.093203999801105,40.642389999856086],[-74.09202499961826,40.642700000062185],[-74.092222000160064,40.64335999990503],[-74.092303000350924,40.643629000285422],[-74.092437000245226,40.644081999770719],[-74.092518000436073,40.644359000050713],[-74.092639999736505,40.644755999813185],[-74.092863000217562,40.64547499984792],[-74.089692000265231,40.646296999915677],[-74.08929700025503,40.64645800003013],[-74.08893300020695,40.646665000190865],[-74.089105999560999,40.646911999967244],[-74.089200999995555,40.647031999914979],[-74.089554000172967,40.647220999735943],[-74.089599000378811,40.647570999859006],[-74.092715999904485,40.646677000239762],[-74.093813000071563,40.646082000101195],[-74.096132000079209,40.645985000256132],[-74.098886000280018,40.645823999682179],[-74.098949000029208,40.645434000183087],[-74.100021999906858,40.645414999864428],[-74.100134000059839,40.644975000154943],[-74.099715999585101,40.644759000252236],[-74.099569000170334,40.643155000285951],[-74.100391999802696,40.643118000334184]]]},"properties":{"OBJECTID":10097,"GEOID":"360850081001","STATE":"36","COUNTY":"085","AREALAND":315063,"AREAWATER":0}},{"type":"Feature","id":10098,"geometry":{"type":"Polygon","coordinates":[[[-74.100195000159204,40.6418129996933],[-74.099960999807493,40.640181000172262],[-74.099288999787845,40.640204999872893],[-74.097880000349534,40.64035799980644],[-74.097672999761983,40.638960999933431],[-74.096379999776332,40.639035000334992],[-74.095708999581575,40.639098999934511],[-74.094094000278957,40.639266999699025],[-74.093288000365007,40.63939799975352],[-74.092839999753039,40.639471999670718],[-74.092053999930556,40.63960599999362],[-74.091145999909372,40.639757999942738],[-74.091377999712975,40.640544000175616],[-74.091626000308409,40.641379999884109],[-74.091791000164847,40.641932999947755],[-74.09202499961826,40.642700000062185],[-74.093203999801105,40.642389999856086],[-74.095146000240206,40.64203200014861],[-74.096138999751886,40.641950999933222],[-74.098087999863679,40.641792999743515],[-74.099358000283118,40.641785999998241],[-74.100195000159204,40.6418129996933]]]},"properties":{"OBJECTID":10098,"GEOID":"360850081002","STATE":"36","COUNTY":"085","AREALAND":204614,"AREAWATER":0}},{"type":"Feature","id":10099,"geometry":{"type":"Polygon","coordinates":[[[-74.092724000300407,40.597464000105951],[-74.093363999634676,40.597032999804135],[-74.092633000063813,40.596795999918008],[-74.092075999671877,40.596650000154213],[-74.09121899970431,40.596432000212445],[-74.090292000314861,40.596196000206383],[-74.089364000202181,40.596069999821559],[-74.088289999601301,40.596056000294666],[-74.087733000107704,40.596011999716183],[-74.087148000126703,40.595966999823219],[-74.085875000232519,40.595890000224131],[-74.085866000011691,40.595952000306887],[-74.085825999828714,40.59613800021031],[-74.085758000056643,40.59633999967334],[-74.085684000436814,40.596502000152334],[-74.085615999766432,40.596623999891897],[-74.085512999834265,40.596780999905562],[-74.085394000008577,40.596932999784848],[-74.085260000114275,40.597076999710666],[-74.08511799982405,40.597207999989536],[-74.084964999663171,40.597329999804884],[-74.084809000027576,40.597438000160146],[-74.08463499995031,40.597541999882644],[-74.084464000246072,40.597629999678816],[-74.084249000160924,40.597725000313176],[-74.084056999641973,40.597794000323141],[-74.083833000234321,40.597860999701133],[-74.083608000103411,40.597911999997109],[-74.082288000353557,40.598402000149441],[-74.08199999957516,40.598682000085539],[-74.081547999663542,40.59901199974702],[-74.08130400016438,40.599387000175312],[-74.081164000422305,40.600207000330485],[-74.081202999882052,40.600446000202723],[-74.081396000225894,40.600925000005461],[-74.081844999764456,40.601534999770507],[-74.082187999896149,40.601941000012744],[-74.082814999709939,40.601974000080297],[-74.083841999556824,40.601922000276474],[-74.084327999803634,40.601872000190838],[-74.084571000376187,40.601822999947899],[-74.085152000159241,40.601677000249886],[-74.085838000422584,40.601427999781578],[-74.086184999853913,40.601345000328806],[-74.086583000237169,40.601250000064347],[-74.088275000431011,40.601113000177641],[-74.088706000426228,40.60104400018308],[-74.089201999820474,40.600963999932233],[-74.089476000355162,40.600904000192834],[-74.090832999914923,40.59998799980287],[-74.091540000094668,40.599455999833999],[-74.091778999570977,40.59923900009386],[-74.091782999768938,40.598719000103891],[-74.091928000432191,40.598503999877067],[-74.092285999734173,40.598082000248034],[-74.092724000300407,40.597464000105951]]]},"properties":{"OBJECTID":10099,"GEOID":"360850096011","STATE":"36","COUNTY":"085","AREALAND":437455,"AREAWATER":0}},{"type":"Feature","id":10100,"geometry":{"type":"Polygon","coordinates":[[[-74.095861999742453,40.595951000339014],[-74.097220999850379,40.59536500022179],[-74.095568000014595,40.594494999872822],[-74.094685999932665,40.594033000326128],[-74.093766000215908,40.593550000239276],[-74.093026000424189,40.593166999736532],[-74.091637000179063,40.592435999695965],[-74.091576999904603,40.592420000048953],[-74.091371999865203,40.592311999773436],[-74.090830000440192,40.592037999921395],[-74.090242999911055,40.591734000071227],[-74.088809000358395,40.590984999980051],[-74.088364999944389,40.59075199998491],[-74.087846999910525,40.591359999728297],[-74.08738900015112,40.592189999669266],[-74.087163000195304,40.592782999753275],[-74.086857999698466,40.593501000035545],[-74.086580999689033,40.594152999806589],[-74.086317999923295,40.594809999965854],[-74.085875000232519,40.595890000224131],[-74.087148000126703,40.595966999823219],[-74.087733000107704,40.596011999716183],[-74.088289999601301,40.596056000294666],[-74.089364000202181,40.596069999821559],[-74.090292000314861,40.596196000206383],[-74.09121899970431,40.596432000212445],[-74.092075999671877,40.596650000154213],[-74.092633000063813,40.596795999918008],[-74.093363999634676,40.597032999804135],[-74.093755000345254,40.596745000134888],[-74.094275999853835,40.596449000224091],[-74.094902999667653,40.596295999963871],[-74.095861999742453,40.595951000339014]]]},"properties":{"OBJECTID":10100,"GEOID":"360850096012","STATE":"36","COUNTY":"085","AREALAND":338824,"AREAWATER":0}},{"type":"Feature","id":10101,"geometry":{"type":"Polygon","coordinates":[[[-74.095301999875801,40.591860999788537],[-74.095813000236987,40.591284000318524],[-74.094194999662975,40.590446000327312],[-74.095169999631324,40.589719000117924],[-74.095060000026479,40.589663000084535],[-74.094576000327805,40.589417000088901],[-74.093026000424189,40.588619999675231],[-74.091118000320293,40.587633999879515],[-74.090770000165733,40.588028999683971],[-74.090384000376346,40.588467999998635],[-74.089878999862975,40.589038000074382],[-74.089378000445876,40.589604999878681],[-74.088871000282666,40.590177999976312],[-74.088364999944389,40.59075199998491],[-74.088809000358395,40.590984999980051],[-74.090242999911055,40.591734000071227],[-74.090830000440192,40.592037999921395],[-74.091371999865203,40.592311999773436],[-74.091576999904603,40.592420000048953],[-74.091637000179063,40.592435999695965],[-74.093026000424189,40.593166999736532],[-74.093766000215908,40.593550000239276],[-74.094285000074663,40.592995999936448],[-74.094794999712605,40.59242500015219],[-74.095301999875801,40.591860999788537]]]},"properties":{"OBJECTID":10101,"GEOID":"360850096021","STATE":"36","COUNTY":"085","AREALAND":214819,"AREAWATER":0}},{"type":"Feature","id":10102,"geometry":{"type":"Polygon","coordinates":[[[-74.100830000368944,40.592632000006631],[-74.100975999958806,40.591832000304059],[-74.099722000331198,40.591233999780066],[-74.097933000052976,40.590313999708329],[-74.095825999757452,40.589227000315908],[-74.095169999631324,40.589719000117924],[-74.094194999662975,40.590446000327312],[-74.095813000236987,40.591284000318524],[-74.095301999875801,40.591860999788537],[-74.094794999712605,40.59242500015219],[-74.094285000074663,40.592995999936448],[-74.093766000215908,40.593550000239276],[-74.094685999932665,40.594033000326128],[-74.095568000014595,40.594494999872822],[-74.097220999850379,40.59536500022179],[-74.097986999581352,40.594931000081282],[-74.098068999597118,40.594881000223609],[-74.098738000142021,40.594487999944874],[-74.099026999847013,40.594320000089404],[-74.09949200017742,40.59404800027297],[-74.099795999951041,40.593871000003723],[-74.100067000112688,40.593640999840289],[-74.100415000267233,40.593342999816144],[-74.100529999894974,40.59319600000633],[-74.10064100022305,40.593028000315229],[-74.100739999957256,40.592847000017308],[-74.100816999950155,40.592667999945583],[-74.100830000368944,40.592632000006631]]]},"properties":{"OBJECTID":10102,"GEOID":"360850096023","STATE":"36","COUNTY":"085","AREALAND":234894,"AREAWATER":0}},{"type":"Feature","id":10103,"geometry":{"type":"Polygon","coordinates":[[[-74.111748000364614,40.637643000171138],[-74.111176999728997,40.634739000008182],[-74.110221000027224,40.634734999731208],[-74.109759000069872,40.63473200020497],[-74.10893200023952,40.634721000123143],[-74.107737999988046,40.634706999830478],[-74.106537000063909,40.634702000163522],[-74.106747000126177,40.635732000009213],[-74.107038000379319,40.637115000179293],[-74.107055000097759,40.637194000062863],[-74.107101000128509,40.637404999759582],[-74.107214000106424,40.637949999864219],[-74.107337000130059,40.638540000177805],[-74.107464000351669,40.638439000223684],[-74.108228000432831,40.638313999744888],[-74.108688999666953,40.638239999907405],[-74.108856999896446,40.638223000301629],[-74.109042999669285,40.638186999678624],[-74.109203000401166,40.638141000217622],[-74.109348000166122,40.638085999872111],[-74.109482000060424,40.638020999963047],[-74.109542000334883,40.637986999953938],[-74.110807999658064,40.637746000014602],[-74.111748000364614,40.637643000171138]]]},"properties":{"OBJECTID":10103,"GEOID":"360850105001","STATE":"36","COUNTY":"085","AREALAND":143753,"AREAWATER":0}},{"type":"Feature","id":18678,"geometry":{"type":"Polygon","coordinates":[[[-74.077809000346946,40.606303999751098],[-74.077867000073269,40.606066000180803],[-74.07724199990929,40.606036000220662],[-74.076589999981138,40.60600499974754],[-74.076570999714548,40.606255000029215],[-74.076553999996122,40.606371999959826],[-74.076497000094705,40.606783999664607],[-74.075395999729665,40.606595999756813],[-74.074939999620071,40.607050000001863],[-74.074737000128806,40.607152999973771],[-74.074513999647735,40.607271999975382],[-74.074014000055541,40.607527999742004],[-74.073304000401052,40.607890000146547],[-74.072601000419269,40.608267000120556],[-74.072203000036012,40.608477999830733],[-74.071879999995829,40.608650000045458],[-74.071120999937548,40.609050999810172],[-74.070674999873702,40.608493999726662],[-74.070551000025134,40.608336999943084],[-74.070028999793323,40.60773199983435],[-74.069467000276845,40.607980000217829],[-74.068463999821105,40.608468999759765],[-74.069238999772907,40.609249999818722],[-74.069678999988952,40.609768000197889],[-74.070089999892701,40.61024799978231],[-74.070619999622124,40.610854999789765],[-74.071190000432836,40.6115170001911],[-74.07144200032792,40.611388000150427],[-74.07233899958014,40.610933000307682],[-74.074149999599669,40.610014000330395],[-74.074969999757315,40.609512999911367],[-74.07533100033065,40.609163999856925],[-74.075768999998559,40.608742000010288],[-74.076728000073373,40.607964000198848],[-74.077596999736528,40.60688600024212],[-74.077738000201833,40.60649800002323],[-74.077769000163968,40.606415000046063],[-74.077809000346946,40.606303999751098]]]},"properties":{"OBJECTID":18678,"GEOID":"360850020011","STATE":"36","COUNTY":"085","AREALAND":180427,"AREAWATER":0}},{"type":"Feature","id":18679,"geometry":{"type":"Polygon","coordinates":[[[-74.076600000026872,40.605946000259429],[-74.076682999867543,40.605472999925993],[-74.076196999620734,40.605426999755323],[-74.074931000297582,40.605290000245596],[-74.073824999909647,40.605119999910919],[-74.072761000252839,40.603361000339582],[-74.072398999854599,40.602863000109188],[-74.072054999898,40.60234799970727],[-74.071717999614123,40.601786000283482],[-74.072504000334902,40.601736999977511],[-74.072064999943763,40.599956999934939],[-74.071967000034448,40.598831999885576],[-74.071955000338903,40.598696999671454],[-74.071950000316036,40.598636999943501],[-74.071941000095194,40.598533999807465],[-74.071997000171692,40.598201999964232],[-74.072007000217425,40.598132999693334],[-74.071998999821503,40.598060000288065],[-74.071972000057329,40.597988000058407],[-74.071932999699285,40.597929000314529],[-74.071874000148057,40.597870999775608],[-74.071803999827836,40.597823999890053],[-74.07177100021589,40.59780700022803],[-74.070957999730922,40.59734399974711],[-74.070439999697058,40.596734999891986],[-74.069570000209012,40.597019999748689],[-74.068926999603363,40.597231000178589],[-74.068351999668096,40.597420999717919],[-74.067395999966337,40.597733999784694],[-74.066620000189616,40.597995000302014],[-74.066265000362378,40.598109999814547],[-74.06604699990416,40.598180000043797],[-74.065923999880525,40.598221000075796],[-74.065815999925491,40.598257999667162],[-74.06518400008882,40.59846699973977],[-74.063758999858678,40.598935000244566],[-74.062819999875344,40.59924600020647],[-74.062035999702701,40.599503999851095],[-74.061920000250055,40.599542000010722],[-74.060984999566372,40.599844000008673],[-74.060935000235972,40.599860999834775],[-74.061812000295021,40.60115000021451],[-74.061956000235071,40.601237000146924],[-74.062742000057526,40.601596000191115],[-74.063176000425798,40.601820000307661],[-74.063768999904426,40.602127000304627],[-74.064050000111806,40.602205000096994],[-74.065466999946025,40.602606000338369],[-74.066265000362378,40.602838000081988],[-74.068928000326594,40.603825999768794],[-74.069182999696409,40.603931000314198],[-74.069945999952665,40.604205999694393],[-74.070908000400522,40.604600999812781],[-74.071823999919332,40.604977000092951],[-74.071947999767886,40.605017000215959],[-74.072720000244971,40.605270000268803],[-74.073085000117956,40.60537400008284],[-74.074008000207755,40.605566999820425],[-74.076589999981138,40.60600499974754],[-74.076600000026872,40.605946000259429]]]},"properties":{"OBJECTID":18679,"GEOID":"360850020021","STATE":"36","COUNTY":"085","AREALAND":537737,"AREAWATER":0}},{"type":"Feature","id":18680,"geometry":{"type":"Polygon","coordinates":[[[-74.081407000096547,40.630301000005396],[-74.08173099996165,40.630011999705594],[-74.080759000366342,40.629494000157152],[-74.079724999948454,40.628951000196821],[-74.079134000119666,40.629573000195293],[-74.078642999849976,40.630109000264142],[-74.078371999688343,40.630405999854098],[-74.077867000073269,40.630967999918902],[-74.077492000154535,40.631569999933419],[-74.077123000083603,40.632303999740401],[-74.076537000277668,40.633461000202004],[-74.076323999842344,40.633920999726037],[-74.076175999704333,40.634233999952649],[-74.076363000200402,40.634742000215837],[-74.076430000147553,40.63497400018295],[-74.076877999861225,40.63564900021845],[-74.077981999700995,40.63786400003702],[-74.0779330001955,40.637524999758078],[-74.077954999936807,40.636977000166993],[-74.078000000142652,40.636513999755856],[-74.078096000402127,40.636039999677735],[-74.07818699974041,40.635616999795189],[-74.078303000091367,40.635287000245071],[-74.078453999704109,40.634863999681976],[-74.078708999972221,40.634065999793457],[-74.078991999829441,40.633191999749897],[-74.079088000088902,40.632886000089847],[-74.079365000098335,40.63222500020624],[-74.080355999960219,40.631211000026482],[-74.081407000096547,40.630301000005396]]]},"properties":{"OBJECTID":18680,"GEOID":"360850021001","STATE":"36","COUNTY":"085","AREALAND":152254,"AREAWATER":0}},{"type":"Feature","id":21340,"geometry":{"type":"Polygon","coordinates":[[[-74.107065999968412,40.615049999703338],[-74.107948999875262,40.614855999708908],[-74.106862999578809,40.613099999801506],[-74.106809999875367,40.613127000185528],[-74.106110000266625,40.612050000044917],[-74.105875999914915,40.611689999817663],[-74.105597000255656,40.611182000145291],[-74.105399999713839,40.610412999908718],[-74.105348999660222,40.61021499970812],[-74.10414199988827,40.61025399967005],[-74.102147999570647,40.610318000257685],[-74.100026999929725,40.610415000093759],[-74.097657999693368,40.610502999991951],[-74.097883999649184,40.610749999893038],[-74.098102999932294,40.610961999690183],[-74.098466999980374,40.611349999905919],[-74.098514999660935,40.611386999731494],[-74.099350999712129,40.612418999918617],[-74.099877000141902,40.612918999976131],[-74.100550999811375,40.613461000321173],[-74.100683999880758,40.613554000186326],[-74.101276000432776,40.613984999660495],[-74.102094000042285,40.614600000056306],[-74.102567999695211,40.615188000024354],[-74.103026000352926,40.615780999992964],[-74.103510999876519,40.616414000273778],[-74.104560000363023,40.615966999954416],[-74.105345000360572,40.615624999955998],[-74.106187000259524,40.615254000017828],[-74.107065999968412,40.615049999703338]]]},"properties":{"OBJECTID":21340,"GEOID":"360850169012","STATE":"36","COUNTY":"085","AREALAND":323816,"AREAWATER":0}},{"type":"Feature","id":21341,"geometry":{"type":"Polygon","coordinates":[[[-74.193274000307028,40.534884999718514],[-74.193008999993154,40.534326000077968],[-74.192670999884342,40.533633000335293],[-74.192373999783413,40.533040999886239],[-74.191743999596568,40.531916999906251],[-74.190234999700834,40.53274200008304],[-74.1894649997719,40.533091999758312],[-74.188597999758585,40.533361000261756],[-74.187995000234224,40.533539999924827],[-74.187438999667222,40.53370500018999],[-74.186298000017516,40.534094999822223],[-74.185462999791255,40.534400999803509],[-74.18509799991827,40.534526000069917],[-74.184137000193616,40.534857000315256],[-74.184064000398692,40.534880000094155],[-74.184011999621845,40.53489700004441],[-74.183202000408244,40.535153999851048],[-74.181958999752993,40.535549000182201],[-74.181193999846911,40.53581499982765],[-74.180829999798846,40.535925000183418],[-74.179919000302917,40.536727999835371],[-74.179653999989043,40.536961999706747],[-74.179115999863711,40.537493000216969],[-74.178549000324352,40.538109999897408],[-74.177905999718718,40.538703000075159],[-74.177810000357567,40.538778999819769],[-74.177666000417531,40.538910000255122],[-74.177544000218788,40.539045999748176],[-74.177438999738484,40.539188999901221],[-74.177348000400201,40.539346000223787],[-74.177278000080008,40.539507000011525],[-74.177231000224339,40.539844000286422],[-74.177222999828416,40.540022999696411],[-74.1772350004223,40.540186000142761],[-74.177262000186474,40.540340999943851],[-74.177308000217224,40.540499999842808],[-74.177330999783436,40.54061899966198],[-74.177374000339469,40.540834000256361],[-74.177367999593372,40.541129999815546],[-74.177349000225107,40.541273999718584],[-74.177348000400201,40.541405000053608],[-74.177364000293736,40.54154300013991],[-74.177398999555507,40.541685999741375],[-74.177416999997163,40.541765999896086],[-74.177442000111526,40.541945000314314],[-74.177447999959313,40.542117000307464],[-74.177435000438834,40.542297999962265],[-74.177402999753468,40.542478999810655],[-74.177349000225107,40.54266400017989],[-74.177280999554739,40.542827999740474],[-74.177194000414417,40.542993999735984],[-74.176909000009061,40.543699999768243],[-74.176498000105312,40.544487000241993],[-74.177302000369451,40.544928999697007],[-74.178095999689518,40.545354000308002],[-74.178883000235203,40.545756000137118],[-74.179904000234316,40.546268000039397],[-74.180428999940858,40.546531000056824],[-74.180721000018906,40.546672999909354],[-74.182625999749774,40.544410000091126],[-74.183141000308879,40.543865000269363],[-74.185169000063397,40.541544000238424],[-74.18678500008923,40.539607999986188],[-74.187402999682206,40.538915999716501],[-74.187811000111196,40.53846000020534],[-74.188339000190823,40.537980000097562],[-74.188718000307489,40.537661000092093],[-74.189695999750583,40.536915000037418],[-74.18982799999506,40.536824999910444],[-74.190791000267836,40.536170000047463],[-74.192502999654849,40.535216999748812],[-74.193274000307028,40.534884999718514]]]},"properties":{"OBJECTID":21341,"GEOID":"360850170051","STATE":"36","COUNTY":"085","AREALAND":964216,"AREAWATER":681}},{"type":"Feature","id":21342,"geometry":{"type":"Polygon","coordinates":[[[-74.197694999688991,40.558887000330898],[-74.196604000267996,40.557813000251976],[-74.19474300001977,40.556000000025691],[-74.193584999753327,40.554878000111955],[-74.192752000075188,40.55408699992509],[-74.191428000127388,40.552801000040191],[-74.191014999675517,40.552399000180714],[-74.190731999818297,40.552115999825361],[-74.190145000187471,40.551600999737396],[-74.189914000208788,40.551431000111194],[-74.189699000123611,40.551283999660861],[-74.189390000327151,40.551093000158495],[-74.189104000096876,40.550933000191769],[-74.188827999912363,40.550792999736643],[-74.188600000306721,40.550686999753133],[-74.187572999561525,40.550146999666616],[-74.186144000031732,40.551972999967546],[-74.185439000400123,40.552908999947718],[-74.185050000237695,40.553356000082381],[-74.184888999680894,40.553549999713049],[-74.184645000181732,40.553807000307394],[-74.184538999876537,40.553912000215917],[-74.184152000262245,40.554296000156249],[-74.183469000371957,40.55493100022013],[-74.183180999593532,40.555201000287425],[-74.182038000294014,40.556304999714961],[-74.181967000148902,40.556378000331854],[-74.181942999859459,40.556402999982559],[-74.18153799980351,40.556818000055095],[-74.181147999816162,40.557240999881145],[-74.181001000401395,40.557385999814741],[-74.180979999586683,40.557407000325078],[-74.180659000094622,40.557720999825342],[-74.180249000015806,40.558277999732191],[-74.18018399971848,40.558433999825013],[-74.1801500002816,40.558574000001293],[-74.180132999664849,40.55872000030228],[-74.180161999977159,40.558876999887275],[-74.180326999833611,40.559971999664342],[-74.180408999849362,40.560538000333686],[-74.180930000256282,40.56049299977672],[-74.181004999701031,40.560521000066188],[-74.181088000440027,40.560536999836323],[-74.181173999755444,40.560539000148552],[-74.181276999687611,40.560525000009072],[-74.181542999826377,40.560613000057273],[-74.18319099963928,40.560457000264861],[-74.184096000185747,40.560298999789559],[-74.18440699963206,40.560267999950582],[-74.184655000227494,40.560293000196097],[-74.185839000433205,40.560173999844714],[-74.186230000245459,40.560023000189737],[-74.186581999699655,40.559989000071297],[-74.18666000041577,40.560591999870148],[-74.186771999670455,40.560790000300223],[-74.186862999907035,40.561316999690533],[-74.18690700028796,40.561611999690314],[-74.186873999777703,40.561775999939861],[-74.187031999961448,40.562721000137223],[-74.187138000266657,40.562914999929603],[-74.187212999711406,40.563401999907136],[-74.187192999619938,40.563576000291327],[-74.187268999787918,40.564041999766985],[-74.189099000073995,40.563689999850631],[-74.189280999648886,40.563645999816259],[-74.189468000144956,40.563585000263565],[-74.189638000024274,40.563514000221971],[-74.189807999903579,40.563423999666945],[-74.189972999760016,40.563317000115845],[-74.1901119996772,40.56320399969632],[-74.190352999701616,40.56296799981731],[-74.190500000014708,40.562855000173464],[-74.190665999696066,40.562752000205094],[-74.190832000275719,40.562671999868535],[-74.190980000413731,40.562614000144798],[-74.191135000224435,40.56256600026483],[-74.191330000218102,40.56252299995927],[-74.19152900040973,40.562497000078537],[-74.191695999915993,40.562487999959956],[-74.19186199959735,40.562490000213884],[-74.19203499984971,40.5625039999424],[-74.192213999949857,40.562532000073148],[-74.192412000316565,40.562580999761863],[-74.192587000218751,40.562639999980092],[-74.192733999633532,40.56265200011066],[-74.192860999855142,40.56264999986157],[-74.192904000411161,40.562649000078231],[-74.193051999650848,40.562630999880788],[-74.193173999849577,40.562604000257942],[-74.193441999638182,40.562468999933195],[-74.193700000279364,40.562321999831013],[-74.193948999801407,40.562165999926592],[-74.194076000023003,40.562078999664507],[-74.197694999688991,40.558887000330898]]]},"properties":{"OBJECTID":21342,"GEOID":"360850170071","STATE":"36","COUNTY":"085","AREALAND":1195127,"AREAWATER":1188}},{"type":"Feature","id":21343,"geometry":{"type":"Polygon","coordinates":[[[-74.197308000074713,40.543262000003693],[-74.197021999844438,40.542526999756248],[-74.19671300004795,40.541847000049252],[-74.19640199970334,40.541173000207756],[-74.196092000081919,40.540497000183137],[-74.193512999783309,40.541218000096464],[-74.190874999933442,40.541946999816659],[-74.188261000373018,40.5426720001511],[-74.188369000328038,40.542903000188268],[-74.188417999833533,40.543009000204655],[-74.188587999712837,40.543370999665726],[-74.188854999676536,40.544022999933915],[-74.189197999808215,40.544693000245893],[-74.189542999589705,40.545353000266367],[-74.189884999896478,40.546039000065619],[-74.191526999861594,40.546907999874087],[-74.191895999932527,40.546671999887423],[-74.192268000376529,40.546432999675304],[-74.192738999656413,40.546139999748185],[-74.193060999871676,40.545970999943492],[-74.193820999754877,40.545495999925507],[-74.195139999679796,40.544682999730163],[-74.195861999928169,40.544317999679578],[-74.196814000330292,40.543626999665051],[-74.197308000074713,40.543262000003693]]]},"properties":{"OBJECTID":21343,"GEOID":"360850170091","STATE":"36","COUNTY":"085","AREALAND":308383,"AREAWATER":0}},{"type":"Feature","id":21344,"geometry":{"type":"Polygon","coordinates":[[[-74.196092000081919,40.540497000183137],[-74.195764000018869,40.539838999666735],[-74.195425000085152,40.539178999929092],[-74.19507699993062,40.53848700000686],[-74.194762000286346,40.537830999853902],[-74.194683999570216,40.537662000248559],[-74.194440000071083,40.537156999885561],[-74.194096999939404,40.536508000214553],[-74.193771000424476,40.53583399990822],[-74.193561000362195,40.535406999959626],[-74.193404000003355,40.535143999959374],[-74.193274000307028,40.534884999718514],[-74.192502999654849,40.535216999748812],[-74.190791000267836,40.536170000047463],[-74.18982799999506,40.536824999910444],[-74.189695999750583,40.536915000037418],[-74.188718000307489,40.537661000092093],[-74.188339000190823,40.537980000097562],[-74.187811000111196,40.53846000020534],[-74.187402999682206,40.538915999716501],[-74.18678500008923,40.539607999986188],[-74.186920999633372,40.539894999758964],[-74.187088999862851,40.540246999851824],[-74.187308999970895,40.540669999909881],[-74.187601999873849,40.54133900020868],[-74.187924999914031,40.541999999919597],[-74.188261000373018,40.5426720001511],[-74.190874999933442,40.541946999816659],[-74.193512999783309,40.541218000096464],[-74.196092000081919,40.540497000183137]]]},"properties":{"OBJECTID":21344,"GEOID":"360850170092","STATE":"36","COUNTY":"085","AREALAND":386221,"AREAWATER":0}},{"type":"Feature","id":21421,"geometry":{"type":"Polygon","coordinates":[[[-74.070677000421838,40.611775999938402],[-74.071190000432836,40.6115170001911],[-74.070619999622124,40.610854999789765],[-74.070089999892701,40.61024799978231],[-74.069678999988952,40.609768000197889],[-74.069238999772907,40.609249999818722],[-74.068463999821105,40.608468999759765],[-74.067519999814891,40.608918000005247],[-74.067101000413558,40.609115000186002],[-74.066765999779477,40.609272000187708],[-74.066450000310297,40.609422999858737],[-74.065890000443659,40.609677000044172],[-74.063665000147338,40.610744999796367],[-74.064255000151221,40.611540999965008],[-74.064444000297101,40.611803999906286],[-74.064753999918508,40.612221999930959],[-74.064959999782829,40.612501000219986],[-74.065588000319849,40.613350999844279],[-74.066133999942821,40.61408900023271],[-74.06699400028343,40.613658000065534],[-74.067729000052267,40.613273999811895],[-74.067891000433974,40.613193999879073],[-74.068899999839189,40.612678999979003],[-74.069330000009501,40.612460000081882],[-74.070677000421838,40.611775999938402]]]},"properties":{"OBJECTID":21421,"GEOID":"360850008002","STATE":"36","COUNTY":"085","AREALAND":208348,"AREAWATER":0}},{"type":"Feature","id":21422,"geometry":{"type":"Polygon","coordinates":[[[-74.068463999821105,40.608468999759765],[-74.068241000238345,40.608295999977962],[-74.067930999718627,40.607946999705653],[-74.067823999588512,40.607821000328087],[-74.067426000103566,40.607348000306821],[-74.067129999827557,40.606987999982003],[-74.066930999635929,40.606718999977595],[-74.066738000190398,40.606498999833349],[-74.0665840002046,40.606323000287745],[-74.066143000163635,40.605819000017043],[-74.065928999903392,40.605589000037831],[-74.065821999773263,40.605421999942401],[-74.06575099962815,40.605251000114762],[-74.065723999863991,40.605047999783295],[-74.065590999794594,40.604858000097053],[-74.0653730002347,40.604503999721977],[-74.065163000172419,40.60420099979013],[-74.060429999722587,40.606353999931351],[-74.060680999792766,40.606697000132165],[-74.060988999764319,40.607100000306012],[-74.06146300031557,40.607757999868227],[-74.061991000395153,40.608480999854159],[-74.062065000015025,40.608582999887595],[-74.062556000284687,40.60923700009328],[-74.06264900017112,40.609358000010559],[-74.062890000195537,40.6096919998907],[-74.0631489997633,40.610043000111659],[-74.063337000084289,40.610302000116548],[-74.063408000229401,40.610398000224023],[-74.063665000147338,40.610744999796367],[-74.065890000443659,40.609677000044172],[-74.066450000310297,40.609422999858737],[-74.066765999779477,40.609272000187708],[-74.067101000413558,40.609115000186002],[-74.067519999814891,40.608918000005247],[-74.068463999821105,40.608468999759765]]]},"properties":{"OBJECTID":21422,"GEOID":"360850008003","STATE":"36","COUNTY":"085","AREALAND":255332,"AREAWATER":0}},{"type":"Feature","id":21423,"geometry":{"type":"Polygon","coordinates":[[[-74.084143999680634,40.643430999702773],[-74.083341000139711,40.642369000124305],[-74.083240999682289,40.64184599983588],[-74.083212000268304,40.641710999954952],[-74.083171000260407,40.641592999916163],[-74.083117999658654,40.641486000001017],[-74.083035999642888,40.641361999744667],[-74.082956000175258,40.641265999827773],[-74.082899000273841,40.641208000095098],[-74.082281999607474,40.640600999822155],[-74.082047000329155,40.640339000087721],[-74.081926999780237,40.639870999855482],[-74.081100999774804,40.639922000127513],[-74.081306999639125,40.640741999779202],[-74.081473000218793,40.641511999849648],[-74.080555000151847,40.641691999939695],[-74.07965200015353,40.641856000144408],[-74.079122000424093,40.641944000204518],[-74.078846000239579,40.641995000255982],[-74.078197999611064,40.642115000183232],[-74.079134999944586,40.643337999856364],[-74.079206000089684,40.643430999702773],[-74.080282000340361,40.644793000220176],[-74.082372000019149,40.644644999832444],[-74.082181000223443,40.64436500028274],[-74.082073000268409,40.644208000281786],[-74.084143999680634,40.643430999702773]]]},"properties":{"OBJECTID":21423,"GEOID":"360850009001","STATE":"36","COUNTY":"085","AREALAND":134712,"AREAWATER":0}},{"type":"Feature","id":21424,"geometry":{"type":"Polygon","coordinates":[[[-74.087278999647936,40.637812000214581],[-74.086547000252168,40.637156000182301],[-74.085879000430481,40.636692000290886],[-74.085133999717584,40.636358999784186],[-74.08373399960179,40.635737000280749],[-74.083020999574273,40.636025000293401],[-74.081780000365441,40.636623000224063],[-74.080551999778805,40.637319999942584],[-74.080944000314275,40.63727800000909],[-74.081113000368674,40.637953999948621],[-74.080632000144732,40.638021999983117],[-74.081100999774804,40.639922000127513],[-74.081926999780237,40.639870999855482],[-74.081790000411189,40.639254999681143],[-74.081735999984517,40.638556999702864],[-74.084537999865915,40.638169000041486],[-74.087278999647936,40.637812000214581]]]},"properties":{"OBJECTID":21424,"GEOID":"360850011002","STATE":"36","COUNTY":"085","AREALAND":114588,"AREAWATER":0}},{"type":"Feature","id":21439,"geometry":{"type":"Polygon","coordinates":[[[-74.085748999835829,40.633954999760718],[-74.085433000366635,40.633844000225139],[-74.085334999559038,40.633810000133984],[-74.085199999839816,40.633763000300227],[-74.084912999784649,40.633640000100016],[-74.083442000422053,40.632275000077613],[-74.082917999642106,40.632917999776893],[-74.082476999601141,40.633460000113665],[-74.082312999569595,40.633661999936301],[-74.081760000273974,40.634256000274938],[-74.080454999694425,40.635496999775654],[-74.080725000031151,40.635713999710177],[-74.081063000139963,40.636009000173814],[-74.081392999852852,40.63630600010719],[-74.081780000365441,40.636623000224063],[-74.083020999574273,40.636025000293401],[-74.08373399960179,40.635737000280749],[-74.083947000037114,40.635653999814544],[-74.084265000054444,40.635492000167858],[-74.084436999583588,40.635404999841839],[-74.085081999839034,40.634691000076764],[-74.085748999835829,40.633954999760718]]]},"properties":{"OBJECTID":21439,"GEOID":"360850017002","STATE":"36","COUNTY":"085","AREALAND":100484,"AREAWATER":0}},{"type":"Feature","id":21440,"geometry":{"type":"Polygon","coordinates":[[[-74.065163000172419,40.60420099979013],[-74.065128000012322,40.603856999888528],[-74.064760999591201,40.603663000134702],[-74.064363000106269,40.603130000225683],[-74.064259000349182,40.602988000104943],[-74.063902999798714,40.602503000179439],[-74.063896000126022,40.602483999920864],[-74.063768999904426,40.602127000304627],[-74.063176000425798,40.601820000307661],[-74.062742000057526,40.601596000191115],[-74.061956000235071,40.601237000146924],[-74.061812000295021,40.60115000021451],[-74.060935000235972,40.599860999834775],[-74.060984999566372,40.599844000008673],[-74.061920000250055,40.599542000010722],[-74.062035999702701,40.599503999851095],[-74.062819999875344,40.59924600020647],[-74.063758999858678,40.598935000244566],[-74.063298999551137,40.598363000092093],[-74.062896000043324,40.597862000322536],[-74.062481999766518,40.597347000270304],[-74.062075999885664,40.596840999935097],[-74.06187699969405,40.596594999744717],[-74.060450999638988,40.594975000006997],[-74.060045999583011,40.594487999944874],[-74.059694000128829,40.594082000139984],[-74.053556000438661,40.599500000192009],[-74.052999000046739,40.599979999860345],[-74.053096999956026,40.600132999874305],[-74.053182000344847,40.600205999744176],[-74.053486000118454,40.600443999719317],[-74.053474000422895,40.600608000280879],[-74.053333999782495,40.600777999814483],[-74.053266999835344,40.601033999901176],[-74.053139999613734,40.601246999716388],[-74.053085000260452,40.60159999972479],[-74.053091000108253,40.601818999745554],[-74.053102999803798,40.602025999843661],[-74.053260999987558,40.602256999680655],[-74.05331600023915,40.602578999795583],[-74.053415999798261,40.602873999981753],[-74.053370999592431,40.603164000248263],[-74.05352200010347,40.603609999745458],[-74.053582000377929,40.603801000101775],[-74.053620000012756,40.603996999832141],[-74.053589999875527,40.604076000016789],[-74.053595999723314,40.604198000256666],[-74.053656999822664,40.604441000227425],[-74.053779000021422,40.604679000128243],[-74.053864000410243,40.604830999781896],[-74.054034000289548,40.604940000128387],[-74.053639000279333,40.605238000293447],[-74.053839000295881,40.60592000020258],[-74.054557000346264,40.606089999866377],[-74.054794999997654,40.606156999795608],[-74.055134999756277,40.606291000134604],[-74.055201999703428,40.606407000190714],[-74.055123000060718,40.606570999761871],[-74.05505000026578,40.606559000006527],[-74.055014000280764,40.606655999842857],[-74.055148000175066,40.606722999886685],[-74.055184000160082,40.6066260001476],[-74.05523900041166,40.606668000262843],[-74.0553480001916,40.606516000012931],[-74.055470000390343,40.606480000028746],[-74.055744000026735,40.606522000235742],[-74.056017999663112,40.606747000018387],[-74.056473999772706,40.607265000021272],[-74.056796999812889,40.607782000310202],[-74.056729999865738,40.607877000156563],[-74.056807999683542,40.608064999870713],[-74.057786999849853,40.607449000227646],[-74.05801100015583,40.607369000140885],[-74.060378999668956,40.60627700002015],[-74.060429999722587,40.606353999931351],[-74.065163000172419,40.60420099979013]]]},"properties":{"OBJECTID":21440,"GEOID":"360850018001","STATE":"36","COUNTY":"085","AREALAND":910163,"AREAWATER":0}},{"type":"Feature","id":29277,"geometry":{"type":"Polygon","coordinates":[[[-74.117656999725924,40.638062000091345],[-74.117548999770904,40.636954000023557],[-74.117423000272524,40.63576599980334],[-74.11738399991448,40.635395999989733],[-74.117198999966547,40.634568000222714],[-74.114537999652143,40.634763000301866],[-74.113160000175967,40.634753000294147],[-74.112252000154783,40.634746999879795],[-74.111176999728997,40.634739000008182],[-74.111748000364614,40.637643000171138],[-74.111980000168202,40.637618000205052],[-74.112793999579765,40.637530999922753],[-74.113735999936139,40.637428999776532],[-74.114994999586614,40.637291999762617],[-74.115191000303525,40.638347000253951],[-74.11578600033026,40.638274999803933],[-74.116413999968984,40.638202999957898],[-74.117087999638471,40.63812799997892],[-74.117656999725924,40.638062000091345]]]},"properties":{"OBJECTID":29277,"GEOID":"360850105005","STATE":"36","COUNTY":"085","AREALAND":172953,"AREAWATER":0}},{"type":"Feature","id":29278,"geometry":{"type":"Polygon","coordinates":[[[-74.095009999797767,40.577262999726869],[-74.095212000362437,40.577045000035653],[-74.094837000443718,40.576805999758214],[-74.09408699970794,40.576418999890777],[-74.093356999961969,40.576046999722294],[-74.092571999964449,40.575672000083635],[-74.091822000126982,40.57527499975695],[-74.09109400003085,40.574899999885247],[-74.090328000299863,40.574514999804578],[-74.089605000226598,40.574130000237815],[-74.088869999559449,40.573723000041568],[-74.087677999856112,40.573071000334721],[-74.085802000437582,40.574134999661524],[-74.085457999582673,40.574328999803114],[-74.084887999670286,40.574678000220807],[-74.084258000381737,40.575046000056048],[-74.083767999936981,40.575331999831825],[-74.083341999964631,40.575579000049977],[-74.082906999771453,40.575834999728137],[-74.08243999979122,40.576108000197976],[-74.081715999893035,40.57652000014258],[-74.080788999605261,40.577048999673316],[-74.08110300032294,40.577216999932553],[-74.082176000200576,40.577783000097064],[-74.082874000159478,40.578143000084992],[-74.084502999705819,40.578982999800921],[-74.086604000153571,40.580034000000076],[-74.088754000106789,40.581140000265428],[-74.089353000331528,40.580490999750523],[-74.089950000008088,40.579865999992251],[-74.090318000254115,40.579375000243459],[-74.090796999929935,40.578749000067553],[-74.09093699967201,40.578862999707496],[-74.091103000251678,40.578945000238114],[-74.091175000221682,40.578961999919514],[-74.091376999888055,40.578988999765826],[-74.09154900031551,40.57903299994689],[-74.091721999669559,40.579055000026571],[-74.091858999936903,40.579093000209184],[-74.09202499961826,40.579186999670419],[-74.092248000099346,40.579384000137878],[-74.092313000396658,40.579450000008912],[-74.092349000381674,40.57949999980584],[-74.092449999765705,40.579614999742724],[-74.092601000276758,40.579752000014658],[-74.092644999759372,40.57977900022442],[-74.092838999928119,40.579873000086288],[-74.092881999585828,40.579877999763134],[-74.092916999745924,40.579889000006077],[-74.093070999731722,40.579708999835049],[-74.093443000175697,40.579049000067577],[-74.094037000377554,40.578378999670257],[-74.094665000016263,40.577656999814209],[-74.094951000246539,40.577326999833119],[-74.095009999797767,40.577262999726869]]]},"properties":{"OBJECTID":29278,"GEOID":"360850112011","STATE":"36","COUNTY":"085","AREALAND":552615,"AREAWATER":0}},{"type":"Feature","id":29279,"geometry":{"type":"Polygon","coordinates":[[[-74.099740999699463,40.580208000123804],[-74.100390999977805,40.579688999710342],[-74.099400999940841,40.579186999670419],[-74.098511000361299,40.578731000106636],[-74.09747600011849,40.578207000031711],[-74.097411999646084,40.578173999832316],[-74.096132000079209,40.577526000124053],[-74.095212000362437,40.577045000035653],[-74.095009999797767,40.577262999726869],[-74.094951000246539,40.577326999833119],[-74.094665000016263,40.577656999814209],[-74.094037000377554,40.578378999670257],[-74.093443000175697,40.579049000067577],[-74.093070999731722,40.579708999835049],[-74.092916999745924,40.579889000006077],[-74.092881999585828,40.579877999763134],[-74.092838999928119,40.579873000086288],[-74.092644999759372,40.57977900022442],[-74.092601000276758,40.579752000014658],[-74.092449999765705,40.579614999742724],[-74.092349000381674,40.57949999980584],[-74.092313000396658,40.579450000008912],[-74.092248000099346,40.579384000137878],[-74.09202499961826,40.579186999670419],[-74.091858999936903,40.579093000209184],[-74.091721999669559,40.579055000026571],[-74.09154900031551,40.57903299994689],[-74.091376999888055,40.578988999765826],[-74.091175000221682,40.578961999919514],[-74.091103000251678,40.578945000238114],[-74.09093699967201,40.578862999707496],[-74.090796999929935,40.578749000067553],[-74.090318000254115,40.579375000243459],[-74.089950000008088,40.579865999992251],[-74.089353000331528,40.580490999750523],[-74.088754000106789,40.581140000265428],[-74.090830000440192,40.582208999718105],[-74.092604999576409,40.583120000011469],[-74.094711000047013,40.58420299985054],[-74.095438000318254,40.583624000177124],[-74.09616899988913,40.583044000106362],[-74.096630999846482,40.582671999935641],[-74.096993000244723,40.582386000154585],[-74.097040000100392,40.582348999967166],[-74.097717999967827,40.581814999832275],[-74.098440000216186,40.581241999718074],[-74.099088999771283,40.580725000213164],[-74.099740999699463,40.580208000123804]]]},"properties":{"OBJECTID":29279,"GEOID":"360850112012","STATE":"36","COUNTY":"085","AREALAND":382825,"AREAWATER":0}},{"type":"Feature","id":29280,"geometry":{"type":"Polygon","coordinates":[[[-74.104548999594059,40.586500000244328],[-74.105259000146859,40.585923000224888],[-74.102788999628146,40.584225000276568],[-74.102617000099016,40.584103999890459],[-74.102497000448409,40.58401600003031],[-74.10061199991074,40.582711999759816],[-74.098440000216186,40.581241999718074],[-74.097717999967827,40.581814999832275],[-74.097040000100392,40.582348999967166],[-74.096993000244723,40.582386000154585],[-74.096630999846482,40.582671999935641],[-74.09616899988913,40.583044000106362],[-74.097020000008925,40.583558999801909],[-74.097800999808499,40.584026000128809],[-74.098485000422031,40.584455000080062],[-74.097220000025459,40.585496999829033],[-74.098000999825047,40.585916000081809],[-74.098795999868344,40.586301000043264],[-74.09809399971148,40.586850000035525],[-74.097478999593235,40.587298000097178],[-74.09793100040315,40.587515999803117],[-74.098506000338432,40.58780800001697],[-74.097584000073525,40.588488000227159],[-74.098938999983474,40.589180999880419],[-74.100883000072372,40.590179000030531],[-74.101493999992655,40.589344000035332],[-74.101760999956355,40.589067000088406],[-74.102078999973656,40.58874100007742],[-74.10270900016053,40.588172000283187],[-74.103925999978202,40.587075999960561],[-74.104548999594059,40.586500000244328]]]},"properties":{"OBJECTID":29280,"GEOID":"360850114012","STATE":"36","COUNTY":"085","AREALAND":366820,"AREAWATER":0}},{"type":"Feature","id":29281,"geometry":{"type":"Polygon","coordinates":[[[-74.110743000259049,40.625526000134514],[-74.110710999573669,40.62525200006862],[-74.110633999580784,40.624567999980194],[-74.110549999915193,40.623843999966645],[-74.110488999815828,40.623274000067937],[-74.110261000210201,40.621794000047963],[-74.110015000162903,40.620687999916662],[-74.108435000122057,40.621259999924511],[-74.107584999827182,40.621530999883539],[-74.10682199957094,40.621794000047963],[-74.106015999656989,40.622137999664481],[-74.105644000111297,40.622321000252882],[-74.104453000232894,40.622913000070767],[-74.104255999691091,40.623682000303603],[-74.104290999851187,40.623828999888062],[-74.10444300018716,40.624484999948429],[-74.104587999952102,40.625098000075596],[-74.104748999610592,40.625805000091695],[-74.104844000045134,40.626207000047842],[-74.105789999701187,40.62609700010357],[-74.10666699976025,40.62599699993504],[-74.107508999659188,40.625887000326657],[-74.108347000258519,40.625805000091695],[-74.109234000363301,40.625699999826679],[-74.110012999614767,40.625609999760414],[-74.110743000259049,40.625526000134514]]]},"properties":{"OBJECTID":29281,"GEOID":"360850121001","STATE":"36","COUNTY":"085","AREALAND":237959,"AREAWATER":0}},{"type":"Feature","id":29282,"geometry":{"type":"Polygon","coordinates":[[[-74.119110000443499,40.576157000181908],[-74.119785999762783,40.575814999809893],[-74.119036999750236,40.575415999781796],[-74.118296999958531,40.575022999741854],[-74.117557999991732,40.574628000231627],[-74.116682999582508,40.57415899989244],[-74.116413000144078,40.574070000300786],[-74.116316000059697,40.573950999879784],[-74.115520000191495,40.574415000227525],[-74.11484200032406,40.574889999787125],[-74.114176999977104,40.575370000082209],[-74.113506999607282,40.575852999785916],[-74.112822000067169,40.576321999849931],[-74.112104999841677,40.576856999737792],[-74.11144000039306,40.577368999933512],[-74.111693999937955,40.577506000028997],[-74.111885999558567,40.577610000048601],[-74.113313000336845,40.578364999851082],[-74.114818000034631,40.579177000213072],[-74.115423000107114,40.578631000008194],[-74.11702099969132,40.578196999745572],[-74.117490000219661,40.577755999764001],[-74.117587000304056,40.577580999842887],[-74.118034000192793,40.577169999857844],[-74.118496999975065,40.57661600032165],[-74.119110000443499,40.576157000181908]]]},"properties":{"OBJECTID":29282,"GEOID":"360850122003","STATE":"36","COUNTY":"085","AREALAND":201654,"AREAWATER":0}},{"type":"Feature","id":29283,"geometry":{"type":"Polygon","coordinates":[[[-74.11422700020583,40.579734000323626],[-74.114818000034631,40.579177000213072],[-74.113313000336845,40.578364999851082],[-74.111885999558567,40.577610000048601],[-74.111693999937955,40.577506000028997],[-74.11144000039306,40.577368999933512],[-74.109648999566687,40.576412000117628],[-74.109014000255286,40.576945000146203],[-74.108379999870465,40.577478000022296],[-74.107747000208889,40.578010999745793],[-74.107110000349337,40.578536000219707],[-74.108794999972162,40.579438000161261],[-74.108944999759984,40.579519999987063],[-74.109112000164572,40.579608999833965],[-74.110058999645517,40.580115000255141],[-74.11221000032198,40.581267000316039],[-74.112986999923606,40.580819000110232],[-74.113673000186949,40.580313999757806],[-74.113950000196382,40.58004200028234],[-74.11422700020583,40.579734000323626]]]},"properties":{"OBJECTID":29283,"GEOID":"360850122004","STATE":"36","COUNTY":"085","AREALAND":171196,"AREAWATER":0}},{"type":"Feature","id":29294,"geometry":{"type":"Polygon","coordinates":[[[-74.124890999758293,40.631727999776423],[-74.124489999900305,40.631135000250609],[-74.124314999998106,40.630878000134437],[-74.124017999897191,40.630439000181482],[-74.123613999666148,40.629843999831671],[-74.123218999655933,40.629248000164687],[-74.123033999708014,40.629010999980018],[-74.122055000440014,40.628364000178756],[-74.119470000293589,40.629392000004209],[-74.119902999938645,40.630172000101609],[-74.118231999661191,40.630630000206658],[-74.116505000205592,40.630756000202567],[-74.116665999864068,40.631709999761412],[-74.116835999743387,40.632674999745788],[-74.118103999614689,40.632521999928997],[-74.119167000344888,40.632392000121094],[-74.12043699986603,40.632239999762525],[-74.121684999645851,40.632091000066403],[-74.122794000406813,40.631963999751754],[-74.123859999713446,40.631835000333666],[-74.124890999758293,40.631727999776423]]]},"properties":{"OBJECTID":29294,"GEOID":"360850125001","STATE":"36","COUNTY":"085","AREALAND":185955,"AREAWATER":0}},{"type":"Feature","id":30439,"geometry":{"type":"Polygon","coordinates":[[[-74.120128999894447,40.626535999965149],[-74.119666000112176,40.626184999800749],[-74.119164999796766,40.625823999855747],[-74.118459000340238,40.625269000249745],[-74.1182309998363,40.625076999677141],[-74.118100000315039,40.62496299973656],[-74.117876999833967,40.624833999748475],[-74.117557000166812,40.624693000285234],[-74.117126999996515,40.6245329997165],[-74.115389999596843,40.623886999718593],[-74.113309000138884,40.62304199967803],[-74.113585000323411,40.623697999967916],[-74.113934000302862,40.624330000007276],[-74.114093000311527,40.624600000244207],[-74.114742999691543,40.625863999772044],[-74.115011000378473,40.626376999915287],[-74.115259999900488,40.626860000052886],[-74.115448000221463,40.627220999852284],[-74.115609999704859,40.627549000051772],[-74.115885000064466,40.628088999997118],[-74.115952000011617,40.628229999790406],[-74.116142999807337,40.628701999770499],[-74.117833000351354,40.627624000324204],[-74.118132999927013,40.627871999825445],[-74.120128999894447,40.626535999965149]]]},"properties":{"OBJECTID":30439,"GEOID":"360850125003","STATE":"36","COUNTY":"085","AREALAND":152529,"AREAWATER":0}},{"type":"Feature","id":30440,"geometry":{"type":"Polygon","coordinates":[[[-74.113196999985888,40.567061000285726],[-74.113761999875422,40.566497000314428],[-74.112112000412679,40.56550599986052],[-74.110139999836363,40.564311000182535],[-74.109362000409831,40.563908999824243],[-74.108615999872029,40.563527999736316],[-74.107869000407618,40.563145999751107],[-74.10710399960324,40.562771000151578],[-74.106906999959747,40.562668000053897],[-74.106172000190924,40.562295999872205],[-74.10432900038434,40.564255000032908],[-74.103182999813455,40.565463999820139],[-74.102089000019419,40.566646999972214],[-74.103069999835554,40.567122999799032],[-74.103869000076799,40.567501000079737],[-74.104669999967868,40.567877000179791],[-74.105473000407088,40.568255999995763],[-74.10660400001106,40.568778000148079],[-74.108738999895678,40.569991999849634],[-74.109762000442899,40.570467999767985],[-74.110342000401047,40.569892000336722],[-74.110912000313434,40.569329000023842],[-74.111482000225848,40.56876299999265],[-74.112054999612951,40.568194999867835],[-74.112622000050621,40.567632999999752],[-74.113196999985888,40.567061000285726]]]},"properties":{"OBJECTID":30440,"GEOID":"360850128041","STATE":"36","COUNTY":"085","AREALAND":455204,"AREAWATER":0}},{"type":"Feature","id":30441,"geometry":{"type":"Polygon","coordinates":[[[-74.128572000246876,40.566312000273562],[-74.12941999999363,40.565720999719382],[-74.126471999624044,40.565317000153698],[-74.127208000116099,40.56470700029341],[-74.126971000289629,40.564569999923833],[-74.126729000440321,40.564430000003661],[-74.125709000266127,40.565327000317666],[-74.125141999828458,40.565888999760048],[-74.124258999921622,40.566821999830388],[-74.122743000353182,40.565901999725313],[-74.121317000298134,40.565043000266542],[-74.119126000337005,40.563721999919551],[-74.117543999748023,40.562740000092454],[-74.116964999614794,40.563320000118331],[-74.116362000090447,40.563914999776017],[-74.117213000210242,40.564418000191857],[-74.118040000040594,40.564921999989217],[-74.118760999565708,40.565354999949882],[-74.119480000339351,40.565779000162927],[-74.120240000222523,40.566227999813229],[-74.1216660002776,40.567088000157852],[-74.123093000157567,40.567967000206139],[-74.123293000174087,40.568075000214542],[-74.123596000122802,40.568240999723344],[-74.12395099995004,40.568430999741011],[-74.124899000154215,40.568948999771472],[-74.125994999598063,40.568226000129947],[-74.126762999877172,40.567803999819262],[-74.127143999643692,40.567579000001906],[-74.127762000134965,40.566947000326309],[-74.128159999619925,40.566629999891411],[-74.128444000200361,40.566398999810588],[-74.128572000246876,40.566312000273562]]]},"properties":{"OBJECTID":30441,"GEOID":"360850132011","STATE":"36","COUNTY":"085","AREALAND":225752,"AREAWATER":0}},{"type":"Feature","id":30879,"geometry":{"type":"Polygon","coordinates":[[[-74.168909000245748,40.620957000281301],[-74.169187000080086,40.620546999883381],[-74.167729000237969,40.620258000330978],[-74.167868999980044,40.619622999742177],[-74.168026000338884,40.618922000221758],[-74.168167999730812,40.618269999976413],[-74.168376000143269,40.617333999840476],[-74.168515999885344,40.61668500011718],[-74.1682039997158,40.616645999817436],[-74.166391000046474,40.616424999961716],[-74.165473999804448,40.616297000195395],[-74.164563000308505,40.616130999930753],[-74.163603000408784,40.615993000193725],[-74.163445000225025,40.615968999973148],[-74.161705000350608,40.615674000308459],[-74.160553999756857,40.615465000169124],[-74.160166000317645,40.615258999777033],[-74.159880000087369,40.615160999791264],[-74.159320000220731,40.615040999835585],[-74.158459000055188,40.6148480001821],[-74.157660999638864,40.61439200034085],[-74.157432000208317,40.614891999954338],[-74.157386000177567,40.614991000017739],[-74.157311999659399,40.615154999662209],[-74.157400000421262,40.615222000049812],[-74.157965000310796,40.61565299967473],[-74.160501000053401,40.617416000246806],[-74.161532000098262,40.617988000314803],[-74.162107999858421,40.618297000316836],[-74.162931000389122,40.618734999995908],[-74.163609000256557,40.619096999692815],[-74.164703999875499,40.619631999674567],[-74.165877000210571,40.620139000272218],[-74.166384000373768,40.620332999926809],[-74.167340000075541,40.620726999902338],[-74.167986000155921,40.620971000047554],[-74.16872500012272,40.621208999716224],[-74.168807999963391,40.621089999987888],[-74.168863000214969,40.62102400030502],[-74.168909000245748,40.620957000281301]]]},"properties":{"OBJECTID":30879,"GEOID":"360850291041","STATE":"36","COUNTY":"085","AREALAND":280632,"AREAWATER":0}},{"type":"Feature","id":30880,"geometry":{"type":"Polygon","coordinates":[[[-74.168482000448464,40.621561999972293],[-74.16872500012272,40.621208999716224],[-74.167986000155921,40.620971000047554],[-74.167340000075541,40.620726999902338],[-74.166384000373768,40.620332999926809],[-74.165877000210571,40.620139000272218],[-74.164703999875499,40.619631999674567],[-74.163609000256557,40.619096999692815],[-74.162931000389122,40.618734999995908],[-74.162107999858421,40.618297000316836],[-74.161532000098262,40.617988000314803],[-74.160501000053401,40.617416000246806],[-74.157965000310796,40.61565299967473],[-74.157400000421262,40.615222000049812],[-74.157311999659399,40.615154999662209],[-74.157084000053771,40.615651000328398],[-74.157048000068755,40.615737000124312],[-74.156759000363763,40.616362999775248],[-74.156135999849596,40.61735299996856],[-74.155777999649317,40.617922000294648],[-74.155242999897013,40.618431999809488],[-74.155002999697501,40.618648999967903],[-74.154791999810314,40.618840000300224],[-74.154291000393201,40.619300000305039],[-74.154400999998046,40.619375000294568],[-74.155425000370201,40.620068999857814],[-74.155635000432483,40.620099000336623],[-74.15666999977698,40.620245000019736],[-74.156764000386616,40.620260000221307],[-74.159212000265683,40.620640999711362],[-74.159289000258596,40.620652000067011],[-74.162175999630492,40.621073999698865],[-74.162278999562645,40.621093999718617],[-74.164789000264307,40.62158100026155],[-74.164985000082893,40.621619000141983],[-74.16510100043385,40.621181000280536],[-74.166534000161604,40.621599000279375],[-74.16680399960002,40.621588999663963],[-74.16722700009764,40.621741999983499],[-74.167331999679618,40.621756000267084],[-74.16750800030502,40.621792000203612],[-74.167689000054992,40.621846000071947],[-74.167860999584136,40.621914999726556],[-74.168021000316017,40.621998999802805],[-74.168140999966624,40.622077999843064],[-74.168482000448464,40.621561999972293]]]},"properties":{"OBJECTID":30880,"GEOID":"360850303011","STATE":"36","COUNTY":"085","AREALAND":342790,"AREAWATER":0}},{"type":"Feature","id":30881,"geometry":{"type":"Polygon","coordinates":[[[-74.166775000186021,40.626548000223686],[-74.16740399964965,40.623909000040825],[-74.166036000219222,40.623713000075917],[-74.1630359999711,40.623360000278126],[-74.162081000094247,40.623254000019017],[-74.161579999778823,40.624276000101631],[-74.161429999990986,40.625013000272716],[-74.161311000165313,40.62576399993641],[-74.161182000293863,40.626598999764411],[-74.161408000249693,40.626622000065908],[-74.163733000105111,40.626873999945516],[-74.165440000367553,40.627151000041806],[-74.166559000275953,40.627367000331276],[-74.166775000186021,40.626548000223686]]]},"properties":{"OBJECTID":30881,"GEOID":"360850303021","STATE":"36","COUNTY":"085","AREALAND":179128,"AREAWATER":0}},{"type":"Feature","id":38428,"geometry":{"type":"Polygon","coordinates":[[[-74.090615000355029,40.64957199976066],[-74.091126999642796,40.649300999776713],[-74.089599000378811,40.647570999859006],[-74.088436999914393,40.648229000191975],[-74.087683999703899,40.648281000078399],[-74.086277999740332,40.648889999742984],[-74.084336000199556,40.649077000045622],[-74.083957999907781,40.64862299984226],[-74.0821720000026,40.648397000150908],[-74.081818999825202,40.648494999761226],[-74.08138700000508,40.648563999824773],[-74.080415000409772,40.648298999715081],[-74.079836000276543,40.648397000150908],[-74.079042000058152,40.648170999694123],[-74.077344000016538,40.647424999937343],[-74.076636999836794,40.647091999807955],[-74.076263999567885,40.646758000172603],[-74.075036999704466,40.645687999762643],[-74.074359999661937,40.645099999747707],[-74.073707999733784,40.6451299998878],[-74.072696999780419,40.647901999898977],[-74.071660999712705,40.651496000051104],[-74.072557000038344,40.651492000096688],[-74.086985999744982,40.651506000276797],[-74.090615000355029,40.64957199976066]]]},"properties":{"OBJECTID":38428,"GEOID":"360850007000","STATE":"36","COUNTY":"085","AREALAND":0,"AREAWATER":605460}},{"type":"Feature","id":38429,"geometry":{"type":"Polygon","coordinates":[[[-74.087683999703899,40.648281000078399],[-74.087647999718882,40.647964999986229],[-74.087573000274134,40.647835000260208],[-74.087424000311216,40.647573000294528],[-74.086373999999807,40.648179999868695],[-74.085910000392616,40.648349999681635],[-74.085615999766432,40.648398000015476],[-74.085398000206538,40.648426000307914],[-74.084500000231088,40.648228000324814],[-74.080684000023282,40.647316000067669],[-74.081091999553962,40.646610999944102],[-74.081433999860721,40.646023999782145],[-74.081160000224344,40.645868000178226],[-74.080282000340361,40.644793000220176],[-74.079206000089684,40.643430999702773],[-74.078440000358697,40.643775000331942],[-74.077764999966021,40.644072999725118],[-74.076816999761846,40.644450999914],[-74.076410000056086,40.644450999914],[-74.075604000142121,40.644384000218743],[-74.07525599998759,40.644363999676123],[-74.075122000093288,40.644379999838037],[-74.074952000213969,40.644435999693044],[-74.074681000052308,40.644578000331876],[-74.074384999776299,40.644767000286315],[-74.07430899960832,40.644837000032652],[-74.07427500017144,40.644906999705562],[-74.073707999733784,40.6451299998878],[-74.074359999661937,40.645099999747707],[-74.075036999704466,40.645687999762643],[-74.076263999567885,40.646758000172603],[-74.076636999836794,40.647091999807955],[-74.077344000016538,40.647424999937343],[-74.079042000058152,40.648170999694123],[-74.079836000276543,40.648397000150908],[-74.080415000409772,40.648298999715081],[-74.08138700000508,40.648563999824773],[-74.081818999825202,40.648494999761226],[-74.0821720000026,40.648397000150908],[-74.083957999907781,40.64862299984226],[-74.084336000199556,40.649077000045622],[-74.086277999740332,40.648889999742984],[-74.087683999703899,40.648281000078399]]]},"properties":{"OBJECTID":38429,"GEOID":"360850007004","STATE":"36","COUNTY":"085","AREALAND":234362,"AREAWATER":0}},{"type":"Feature","id":38430,"geometry":{"type":"Polygon","coordinates":[[[-74.076570999714548,40.606255000029215],[-74.076589999981138,40.60600499974754],[-74.074008000207755,40.605566999820425],[-74.073085000117956,40.60537400008284],[-74.072720000244971,40.605270000268803],[-74.071947999767886,40.605017000215959],[-74.071823999919332,40.604977000092951],[-74.070908000400522,40.604600999812781],[-74.069945999952665,40.604205999694393],[-74.069182999696409,40.603931000314198],[-74.068928000326594,40.603825999768794],[-74.066265000362378,40.602838000081988],[-74.065466999946025,40.602606000338369],[-74.064050000111806,40.602205000096994],[-74.063768999904426,40.602127000304627],[-74.063896000126022,40.602483999920864],[-74.063902999798714,40.602503000179439],[-74.064259000349182,40.602988000104943],[-74.064363000106269,40.603130000225683],[-74.064760999591201,40.603663000134702],[-74.065128000012322,40.603856999888528],[-74.065163000172419,40.60420099979013],[-74.0653730002347,40.604503999721977],[-74.065590999794594,40.604858000097053],[-74.065723999863991,40.605047999783295],[-74.06575099962815,40.605251000114762],[-74.065821999773263,40.605421999942401],[-74.065928999903392,40.605589000037831],[-74.066143000163635,40.605819000017043],[-74.0665840002046,40.606323000287745],[-74.066738000190398,40.606498999833349],[-74.066930999635929,40.606718999977595],[-74.067129999827557,40.606987999982003],[-74.067426000103566,40.607348000306821],[-74.067823999588512,40.607821000328087],[-74.067930999718627,40.607946999705653],[-74.068241000238345,40.608295999977962],[-74.068463999821105,40.608468999759765],[-74.069467000276845,40.607980000217829],[-74.070028999793323,40.60773199983435],[-74.070551000025134,40.608336999943084],[-74.070674999873702,40.608493999726662],[-74.071120999937548,40.609050999810172],[-74.071879999995829,40.608650000045458],[-74.072203000036012,40.608477999830733],[-74.072601000419269,40.608267000120556],[-74.073304000401052,40.607890000146547],[-74.074014000055541,40.607527999742004],[-74.074513999647735,40.607271999975382],[-74.074737000128806,40.607152999973771],[-74.074939999620071,40.607050000001863],[-74.075395999729665,40.606595999756813],[-74.076497000094705,40.606783999664607],[-74.076553999996122,40.606371999959826],[-74.076570999714548,40.606255000029215]]]},"properties":{"OBJECTID":38430,"GEOID":"360850020012","STATE":"36","COUNTY":"085","AREALAND":332536,"AREAWATER":0}},{"type":"Feature","id":38431,"geometry":{"type":"Polygon","coordinates":[[[-74.077902000233365,40.605593000014608],[-74.077893000012523,40.605341000329851],[-74.077893000012523,40.605045000287788],[-74.07786899972308,40.604750000135141],[-74.077830000263347,40.604489999915181],[-74.077771999638713,40.604222999775189],[-74.077703000041737,40.603982999919189],[-74.077585000040969,40.603658000189824],[-74.077190000030754,40.602848999958667],[-74.076716000377829,40.602141999799564],[-74.076447999690913,40.601005000302983],[-74.074982000351184,40.60026099991115],[-74.073015999622655,40.599362000212174],[-74.072761000252839,40.599230000142867],[-74.07251100000758,40.599100000336534],[-74.072337999755234,40.599010999824905],[-74.072191000340453,40.598935000244566],[-74.071967000034448,40.598831999885576],[-74.072064999943763,40.599956999934939],[-74.072504000334902,40.601736999977511],[-74.071717999614123,40.601786000283482],[-74.072054999898,40.60234799970727],[-74.072398999854599,40.602863000109188],[-74.072761000252839,40.603361000339582],[-74.073824999909647,40.605119999910919],[-74.074931000297582,40.605290000245596],[-74.076196999620734,40.605426999755323],[-74.076682999867543,40.605472999925993],[-74.076600000026872,40.605946000259429],[-74.076589999981138,40.60600499974754],[-74.07724199990929,40.606036000220662],[-74.077867000073269,40.606066000180803],[-74.077871000271216,40.606000999795469],[-74.077902000233365,40.605593000014608]]]},"properties":{"OBJECTID":38431,"GEOID":"360850020022","STATE":"36","COUNTY":"085","AREALAND":234012,"AREAWATER":0}},{"type":"Feature","id":38432,"geometry":{"type":"Polygon","coordinates":[[[-74.079134000119666,40.629573000195293],[-74.079724999948454,40.628951000196821],[-74.077518000093818,40.627743000001857],[-74.076379999918842,40.627137999708587],[-74.075943000075839,40.6271660000561],[-74.075646999799829,40.626663999884599],[-74.074994999871663,40.626726000055683],[-74.074152000147791,40.626815999981716],[-74.073573000014576,40.626868000186668],[-74.073505000242506,40.626876000319506],[-74.073446999617872,40.626985999662523],[-74.073330000340334,40.627052000272244],[-74.073127999775636,40.627093999820524],[-74.073029999866364,40.627089000265272],[-74.072931000132158,40.627107999664098],[-74.07274799983405,40.62717800020144],[-74.072691999757552,40.627238999713782],[-74.072654999947645,40.627291000271192],[-74.072566000259187,40.627314000334401],[-74.072509000357769,40.627314000334401],[-74.072476999672404,40.627328000131804],[-74.072311999815966,40.62717800020144],[-74.072350000349118,40.627450000190407],[-74.072415999573025,40.627655999805782],[-74.072480999870365,40.627824999902707],[-74.072902999644739,40.629991000170556],[-74.068150000001751,40.628565999737042],[-74.068074999658663,40.628781000063789],[-74.072902999644739,40.630243999745701],[-74.072958999721251,40.630318999718455],[-74.07320300011871,40.631424999899515],[-74.07292199991133,40.631472000015485],[-74.072968999766985,40.631715999766939],[-74.07320300011871,40.631678000177196],[-74.073230999707803,40.63177200001995],[-74.072902999644739,40.631828000226001],[-74.072950000398734,40.632024999664623],[-74.073296999830063,40.631977999937888],[-74.073034000064325,40.633083999909708],[-74.07292199991133,40.63357199969257],[-74.073024999843497,40.634106000226794],[-74.072997000254404,40.634566000079133],[-74.073061999653405,40.63508100031045],[-74.0732220003853,40.635643999940321],[-74.073127999775636,40.635916000212227],[-74.073127999775636,40.635981000125717],[-74.073166000308802,40.636047000025535],[-74.073183999852134,40.6362810003221],[-74.073296999830063,40.636271999906313],[-74.073352999906547,40.636525000223962],[-74.071721999812084,40.636665999928312],[-74.071741000078646,40.636741000186369],[-74.073325000317453,40.636599999958726],[-74.073362000127389,40.636786999930315],[-74.073419000028778,40.637256000000946],[-74.073502999694369,40.637311999697573],[-74.073578000037458,40.637781000170122],[-74.072546999992596,40.63786600008185],[-74.07257499958169,40.637972000325348],[-74.072604999718905,40.637971000304525],[-74.073136000171559,40.637918999883787],[-74.073297999654955,40.637903000218131],[-74.07374000041915,40.637860999969718],[-74.075072999689468,40.637783000217389],[-74.075288999599536,40.637798999911809],[-74.076018000418912,40.637748000062913],[-74.076840000226383,40.637750000111218],[-74.076983000341514,40.637795999841586],[-74.077898999860324,40.63809400002431],[-74.078132000387143,40.638172000094954],[-74.077981999700995,40.63786400003702],[-74.076877999861225,40.63564900021845],[-74.076430000147553,40.63497400018295],[-74.076363000200402,40.634742000215837],[-74.076175999704333,40.634233999952649],[-74.076323999842344,40.633920999726037],[-74.076537000277668,40.633461000202004],[-74.077123000083603,40.632303999740401],[-74.077492000154535,40.631569999933419],[-74.077867000073269,40.630967999918902],[-74.078371999688343,40.630405999854098],[-74.078642999849976,40.630109000264142],[-74.079134000119666,40.629573000195293]]]},"properties":{"OBJECTID":38432,"GEOID":"360850021002","STATE":"36","COUNTY":"085","AREALAND":476201,"AREAWATER":0}},{"type":"Feature","id":38433,"geometry":{"type":"Polygon","coordinates":[[[-74.08277299987715,40.623587999982284],[-74.082920000190242,40.622677000154958],[-74.082639999807739,40.622177000167277],[-74.082181000223443,40.621352999843118],[-74.08189199962014,40.620828000056562],[-74.078260000433644,40.621990000189321],[-74.078904999790808,40.623255999819648],[-74.079217999785243,40.623871000099513],[-74.079597999726843,40.624602000004536],[-74.079970000170832,40.624483000184647],[-74.080323000348258,40.624365999920073],[-74.081188999638343,40.624091000321187],[-74.08277299987715,40.623587999982284]]]},"properties":{"OBJECTID":38433,"GEOID":"360850029002","STATE":"36","COUNTY":"085","AREALAND":102891,"AREAWATER":0}},{"type":"Feature","id":38434,"geometry":{"type":"Polygon","coordinates":[[[-74.078979000308962,40.607077000102542],[-74.079140999792358,40.606739000202786],[-74.078164999999089,40.606898999742931],[-74.077596999736528,40.60688600024212],[-74.076728000073373,40.607964000198848],[-74.075768999998559,40.608742000010288],[-74.07533100033065,40.609163999856925],[-74.074969999757315,40.609512999911367],[-74.074149999599669,40.610014000330395],[-74.07233899958014,40.610933000307682],[-74.07144200032792,40.611388000150427],[-74.071190000432836,40.6115170001911],[-74.070677000421838,40.611775999938402],[-74.071412000190676,40.612726000330454],[-74.071865999752134,40.613315999840587],[-74.072458000304138,40.61407800016017],[-74.074592000363836,40.613085999749593],[-74.075281999926844,40.612773999683135],[-74.07568199995994,40.612589999817793],[-74.076097999886528,40.612199999851292],[-74.075697999853446,40.6120070001747],[-74.075038000427696,40.611697999722558],[-74.074371000430915,40.611226000285797],[-74.074923999726565,40.610889999718658],[-74.076292999880209,40.609343999856613],[-74.077073999679783,40.609717000082043],[-74.077973000378478,40.608505000036473],[-74.078364000190717,40.607977000171921],[-74.078801000033721,40.607453999888932],[-74.078979000308962,40.607077000102542]]]},"properties":{"OBJECTID":38434,"GEOID":"360850036002","STATE":"36","COUNTY":"085","AREALAND":162437,"AREAWATER":0}},{"type":"Feature","id":38435,"geometry":{"type":"Polygon","coordinates":[[[-74.09925799982571,40.620000999950015],[-74.099684999622966,40.619652999739415],[-74.098949000029208,40.619311999818088],[-74.098683999715334,40.619202000110022],[-74.098405000056076,40.619090000295579],[-74.097814000227302,40.618853999828268],[-74.097702000074321,40.618809000311963],[-74.094624000008395,40.619654000034522],[-74.09426300033337,40.620108000204887],[-74.094210999556495,40.620144999953659],[-74.094126999890918,40.620191000220828],[-74.094020999585709,40.62023100010132],[-74.093904000308171,40.620255000154486],[-74.093782999934334,40.620262000111524],[-74.093675999804205,40.620253999868325],[-74.093575000420202,40.620231999705965],[-74.093483000358674,40.620200000076686],[-74.091923000409324,40.619889999721174],[-74.091054999672792,40.619717999800805],[-74.090223999644479,40.619409000234789],[-74.089859999596399,40.619875000118398],[-74.089420000278679,40.620307000012808],[-74.088674999565782,40.621031000181517],[-74.088629000433343,40.621458000123532],[-74.088544999869441,40.622618999955513],[-74.088489999617835,40.623448999728915],[-74.088498000013757,40.623880000141384],[-74.088528000150987,40.624180000161594],[-74.088718999946707,40.625899000020048],[-74.090494999806126,40.625903000144618],[-74.090831000265098,40.62609400018934],[-74.091581000102565,40.62654599983987],[-74.092238999878504,40.625742999747366],[-74.093953999638558,40.624334000225822],[-74.094509000380654,40.623878999909557],[-74.095151000263058,40.623352999963849],[-74.096399999867799,40.622329000248577],[-74.097435999935527,40.62148499985723],[-74.09761400021074,40.62133999974499],[-74.098015999893661,40.621013000010585],[-74.098061999924425,40.620976000060786],[-74.09823199980373,40.620836999826601],[-74.098620000141239,40.620521000052726],[-74.098995999884878,40.620212999714873],[-74.09925799982571,40.620000999950015]]]},"properties":{"OBJECTID":38435,"GEOID":"360850039002","STATE":"36","COUNTY":"085","AREALAND":431132,"AREAWATER":0}},{"type":"Feature","id":38436,"geometry":{"type":"Polygon","coordinates":[[[-74.08614399984603,40.603583000290229],[-74.086184999853913,40.601345000328806],[-74.085838000422584,40.601427999781578],[-74.085152000159241,40.601677000249886],[-74.084571000376187,40.601822999947899],[-74.084327999803634,40.601872000190838],[-74.083841999556824,40.601922000276474],[-74.082814999709939,40.601974000080297],[-74.082187999896149,40.601941000012744],[-74.08024899983009,40.601707000120406],[-74.079220000333407,40.601384999897149],[-74.077328000123003,40.601329999972911],[-74.076447999690913,40.601005000302983],[-74.076716000377829,40.602141999799564],[-74.077190000030754,40.602848999958667],[-74.077585000040969,40.603658000189824],[-74.077703000041737,40.603982999919189],[-74.077771999638713,40.604222999775189],[-74.077830000263347,40.604489999915181],[-74.07786899972308,40.604750000135141],[-74.077893000012523,40.605045000287788],[-74.077893000012523,40.605341000329851],[-74.077902000233365,40.605593000014608],[-74.077871000271216,40.606000999795469],[-74.077867000073269,40.606066000180803],[-74.081643999923017,40.606178000003908],[-74.082909000319574,40.60630699987211],[-74.083064999955198,40.60615399966791],[-74.083519000414967,40.605740999668015],[-74.084466999720817,40.6047880000406],[-74.084653000391953,40.604596999776689],[-74.085205999687602,40.604086999689784],[-74.08565299957634,40.603738999795944],[-74.085870000209653,40.603847999877239],[-74.08614399984603,40.603583000290229]]]},"properties":{"OBJECTID":38436,"GEOID":"360850050003","STATE":"36","COUNTY":"085","AREALAND":284567,"AREAWATER":42337}},{"type":"Feature","id":38646,"geometry":{"type":"Polygon","coordinates":[[[-74.078197999611064,40.642115000183232],[-74.078846000239579,40.641995000255982],[-74.077898999860324,40.63809400002431],[-74.076983000341514,40.637795999841586],[-74.076840000226383,40.637750000111218],[-74.076018000418912,40.637748000062913],[-74.075288999599536,40.637798999911809],[-74.075072999689468,40.637783000217389],[-74.07374000041915,40.637860999969718],[-74.073297999654955,40.637903000218131],[-74.073136000171559,40.637918999883787],[-74.072604999718905,40.637971000304525],[-74.07257499958169,40.637972000325348],[-74.072630999658188,40.638069000227119],[-74.072644000076991,40.638162999934167],[-74.072393999831718,40.638175000148294],[-74.072406000425602,40.638250000074464],[-74.072630999658188,40.63823799987383],[-74.072630999658188,40.638318999823092],[-74.07266900019134,40.638318999823092],[-74.07266900019134,40.638381000079697],[-74.072919000436599,40.63837499999142],[-74.072925000284371,40.638580999987305],[-74.07311199988213,40.638588000068658],[-74.073100000186543,40.63918800022352],[-74.073069000224422,40.63918800022352],[-74.073049999957831,40.639868999870771],[-74.073080999919981,40.639874999824777],[-74.073086999767767,40.640338000102361],[-74.073131000148706,40.640338000102361],[-74.073106000034358,40.640513000036442],[-74.072861999636871,40.640530999723218],[-74.07293699997993,40.640805999787105],[-74.071793999782102,40.640913000110615],[-74.071793999782102,40.640949999921354],[-74.070000000379324,40.641087999900527],[-74.070031000341473,40.641275000251873],[-74.071824999744237,40.641125000295972],[-74.07181899989645,40.641043999661548],[-74.072880999903447,40.64093800020607],[-74.073075000072194,40.641630999997638],[-74.070218999764137,40.642024999746795],[-74.070255999574044,40.642213000156929],[-74.073143999669171,40.641830999711132],[-74.073219000012259,40.642181000153506],[-74.07036899955196,40.642544000186817],[-74.070412000107979,40.642674999945065],[-74.072136999913766,40.642437999705159],[-74.072181000294691,40.642693999680525],[-74.071494000206442,40.642837999831549],[-74.071479999962747,40.642887999934409],[-74.072126999868033,40.642780000101567],[-74.072469999999711,40.642681000328444],[-74.072623000160576,40.642706999711613],[-74.07300300010219,40.642538999743486],[-74.073466999709353,40.642422999713453],[-74.07369299966517,40.64239600026513],[-74.074667999633519,40.642167000062017],[-74.075352000247037,40.642034000068563],[-74.076147000290334,40.64192800014024],[-74.076393000337632,40.642275000205117],[-74.077042999717648,40.641963000148046],[-74.077898999860324,40.641585000183234],[-74.077932000370581,40.641720000319054],[-74.077976999678128,40.64182899978514],[-74.078033999579546,40.641926000217168],[-74.078114999770392,40.642031000188666],[-74.078197999611064,40.642115000183232]]]},"properties":{"OBJECTID":38646,"GEOID":"360850003002","STATE":"36","COUNTY":"085","AREALAND":230006,"AREAWATER":0}},{"type":"Feature","id":38647,"geometry":{"type":"Polygon","coordinates":[[[-74.0723219998617,40.624862999915521],[-74.072237000371203,40.62460900018786],[-74.072181000294691,40.624516000029864],[-74.072012000240292,40.624309000049131],[-74.071861999554159,40.624037999769989],[-74.071777999888567,40.623886999718593],[-74.071505999902016,40.623531000129226],[-74.07134699989335,40.62323099992134],[-74.07118700005978,40.622913000070767],[-74.070934000339804,40.622705999894826],[-74.070766000110311,40.622593999818783],[-74.070690999767237,40.622444000165473],[-74.070577999789322,40.622340999899322],[-74.070460999613459,40.622124999719119],[-74.070375000298043,40.622014999870316],[-74.07030599980277,40.621922999770874],[-74.070219999589042,40.621753000157874],[-74.070119000205011,40.621599999863534],[-74.070077000372223,40.62147300005271],[-74.069916999640327,40.621314000222988],[-74.069757999631676,40.621201999858428],[-74.069523000353342,40.621051999806518],[-74.069477000322607,40.621088999714232],[-74.069340999880154,40.621009000275009],[-74.069195000290307,40.62087300025842],[-74.069166999802889,40.620836000231073],[-74.069049999627026,40.620699999862204],[-74.068877000272977,40.620592000274542],[-74.0684780000648,40.620301999949511],[-74.068394000399209,40.620296999885831],[-74.067686000394559,40.619777000085037],[-74.06717000001052,40.619420000111489],[-74.066672999893072,40.619092000220824],[-74.066706000403343,40.619031000086409],[-74.066205000087933,40.618727000251667],[-74.065543999938924,40.619270000149271],[-74.065450000227614,40.619209000177442],[-74.066641000106017,40.618052000313433],[-74.066443999564214,40.617883000035143],[-74.06605000027723,40.618197000062125],[-74.065641999848211,40.617905999928659],[-74.06540300037193,40.618084000289713],[-74.064962000330965,40.61777499998442],[-74.064358000083388,40.618258000276199],[-74.064255000151221,40.618178000174119],[-74.065097999875078,40.617507999734734],[-74.064470000236383,40.61706200025003],[-74.0643809996496,40.617127999756057],[-74.064493999627501,40.617222000303705],[-74.064221999640949,40.61741899986896],[-74.064117000058957,40.617345999706657],[-74.063836999676468,40.617572999837584],[-74.063726000246703,40.617497999870658],[-74.063912000019556,40.617325000280388],[-74.064137000150438,40.61714699994269],[-74.064332999969025,40.616999000319808],[-74.064194999876761,40.616907999785376],[-74.064142999998239,40.616895000185949],[-74.06408199989886,40.616881999902148],[-74.063961000423348,40.616844999709933],[-74.06384300042258,40.616800000204123],[-74.063795999668599,40.616764999961454],[-74.063752000185985,40.616677999785324],[-74.063743999790063,40.616635000165893],[-74.063696000109488,40.616547999820433],[-74.063614000093722,40.616424999961716],[-74.062906999913977,40.615776000272817],[-74.062880000149804,40.615743999872898],[-74.062704000422684,40.61553499995258],[-74.062675000110374,40.615497999696238],[-74.06228599994796,40.61514500012786],[-74.061869000196424,40.614816999705297],[-74.061582999966163,40.614503000158095],[-74.061408999888897,40.614311000007618],[-74.061278000367636,40.61409499977556],[-74.061127999681503,40.613763000166237],[-74.061016000426818,40.613538000138099],[-74.060794999595558,40.613021999767312],[-74.060717999602673,40.613037000226825],[-74.060654999853483,40.612825000193574],[-74.060678000318006,40.612707999967611],[-74.060678000318006,40.612586000259853],[-74.060683000340887,40.61251600011456],[-74.060640999609788,40.612398000307628],[-74.060612000195789,40.612308999772139],[-74.060556000119277,40.612172999774579],[-74.060500000042794,40.612084000303305],[-74.060429999722587,40.611990999756031],[-74.060377999844036,40.611934000236523],[-74.060358999577474,40.611915999660312],[-74.060105999857498,40.612037999909468],[-74.060036000435602,40.611934000236523],[-74.060237000277041,40.611841000162379],[-74.060247000322789,40.611816999814259],[-74.060204999591676,40.61179800015767],[-74.060144000390636,40.611808000192987],[-74.060091999613775,40.61182199983071],[-74.060069000047562,40.611813000210056],[-74.060022000191893,40.611793999870379],[-74.059993999704488,40.61178000022678],[-74.059975000336237,40.611770000187327],[-74.059932999605124,40.611760999877767],[-74.059905000016016,40.611747000227268],[-74.059862000358336,40.611742000205254],[-74.05947800021876,40.611694999843614],[-74.059370000263726,40.611577999684833],[-74.059290999722705,40.6114940001439],[-74.05917799974479,40.61129700015691],[-74.059037000177796,40.611077000080421],[-74.059000000367888,40.610987999831273],[-74.059027999956967,40.610944999959607],[-74.059074999812637,40.61091700031379],[-74.05911699964544,40.610902999804502],[-74.05916400039942,40.610861000304965],[-74.05917799974479,40.610795000063789],[-74.05917799974479,40.610757999910426],[-74.059155000178578,40.610716000319748],[-74.059104999949867,40.610647000009358],[-74.058873000146278,40.610363999789726],[-74.058766000016149,40.610219000090005],[-74.058577999695174,40.610012999890884],[-74.058386000074549,40.609834000089464],[-74.058268999898687,40.609749999720187],[-74.058104999867155,40.609633000247662],[-74.057955000079332,40.609510999699374],[-74.057800000268642,40.609407999951827],[-74.057546999650327,40.609163999856925],[-74.057262000143282,40.608866000147941],[-74.056807999683542,40.608064999870713],[-74.056746999584178,40.608102999937344],[-74.047514000109629,40.612318999730931],[-74.047567999638005,40.612406000127713],[-74.04810099974047,40.613263999995979],[-74.049074999883899,40.614829999709052],[-74.049623999879898,40.615712000139567],[-74.049962999813616,40.616257000005049],[-74.05235200014144,40.620134000196344],[-74.052476999814928,40.620344000333169],[-74.05352200010347,40.622090999797578],[-74.05383799957265,40.622617999704801],[-74.055323999902157,40.625102999779877],[-74.056827999775024,40.625103999993435],[-74.065837999666812,40.625131999830131],[-74.0723219998617,40.624862999915521]]]},"properties":{"OBJECTID":38647,"GEOID":"360850006000","STATE":"36","COUNTY":"085","AREALAND":0,"AREAWATER":2045497}},{"type":"Feature","id":38648,"geometry":{"type":"Polygon","coordinates":[[[-74.064959999782829,40.612501000219986],[-74.064753999918508,40.612221999930959],[-74.064444000297101,40.611803999906286],[-74.064255000151221,40.611540999965008],[-74.063665000147338,40.610744999796367],[-74.063408000229401,40.610398000224023],[-74.063337000084289,40.610302000116548],[-74.0631489997633,40.610043000111659],[-74.062890000195537,40.6096919998907],[-74.06264900017112,40.609358000010559],[-74.062556000284687,40.60923700009328],[-74.062065000015025,40.608582999887595],[-74.061991000395153,40.608480999854159],[-74.06146300031557,40.607757999868227],[-74.060988999764319,40.607100000306012],[-74.060680999792766,40.606697000132165],[-74.060429999722587,40.606353999931351],[-74.060378999668956,40.60627700002015],[-74.05801100015583,40.607369000140885],[-74.057786999849853,40.607449000227646],[-74.056807999683542,40.608064999870713],[-74.057262000143282,40.608866000147941],[-74.057546999650327,40.609163999856925],[-74.057800000268642,40.609407999951827],[-74.057955000079332,40.609510999699374],[-74.058104999867155,40.609633000247662],[-74.058268999898687,40.609749999720187],[-74.058386000074549,40.609834000089464],[-74.058577999695174,40.610012999890884],[-74.058766000016149,40.610219000090005],[-74.058873000146278,40.610363999789726],[-74.059104999949867,40.610647000009358],[-74.059155000178578,40.610716000319748],[-74.05917799974479,40.610757999910426],[-74.05917799974479,40.610795000063789],[-74.05916400039942,40.610861000304965],[-74.05911699964544,40.610902999804502],[-74.059074999812637,40.61091700031379],[-74.059027999956967,40.610944999959607],[-74.059000000367888,40.610987999831273],[-74.059037000177796,40.611077000080421],[-74.05917799974479,40.61129700015691],[-74.059290999722705,40.6114940001439],[-74.059370000263726,40.611577999684833],[-74.05947800021876,40.611694999843614],[-74.059862000358336,40.611742000205254],[-74.059905000016016,40.611747000227268],[-74.059932999605124,40.611760999877767],[-74.059975000336237,40.611770000187327],[-74.059993999704488,40.61178000022678],[-74.060022000191893,40.611793999870379],[-74.060069000047562,40.611813000210056],[-74.060091999613775,40.61182199983071],[-74.060144000390636,40.611808000192987],[-74.060204999591676,40.61179800015767],[-74.060247000322789,40.611816999814259],[-74.060237000277041,40.611841000162379],[-74.060036000435602,40.611934000236523],[-74.060105999857498,40.612037999909468],[-74.060358999577474,40.611915999660312],[-74.060377999844036,40.611934000236523],[-74.060429999722587,40.611990999756031],[-74.060500000042794,40.612084000303305],[-74.060556000119277,40.612172999774579],[-74.060612000195789,40.612308999772139],[-74.060640999609788,40.612398000307628],[-74.060683000340887,40.61251600011456],[-74.060678000318006,40.612586000259853],[-74.060678000318006,40.612707999967611],[-74.060654999853483,40.612825000193574],[-74.060717999602673,40.613037000226825],[-74.060794999595558,40.613021999767312],[-74.061016000426818,40.613538000138099],[-74.061127999681503,40.613763000166237],[-74.061278000367636,40.61409499977556],[-74.061408999888897,40.614311000007618],[-74.061582999966163,40.614503000158095],[-74.061869000196424,40.614816999705297],[-74.06228599994796,40.61514500012786],[-74.062675000110374,40.615497999696238],[-74.062704000422684,40.61553499995258],[-74.062880000149804,40.615743999872898],[-74.062935000401367,40.615710000113083],[-74.062820999700264,40.614926000130367],[-74.062894000393499,40.614210999923849],[-74.062759999600885,40.614024999847274],[-74.062542999865897,40.613742999997385],[-74.062890000195537,40.613550999708771],[-74.063248000395816,40.613375000323337],[-74.063964999722984,40.613007999699064],[-74.064959999782829,40.612501000219986]]]},"properties":{"OBJECTID":38648,"GEOID":"360850006002","STATE":"36","COUNTY":"085","AREALAND":290277,"AREAWATER":0}},{"type":"Feature","id":39766,"geometry":{"type":"Polygon","coordinates":[[[-74.201395000444165,40.526394000036568],[-74.201526999790332,40.526264999681828],[-74.200965000273854,40.525413000059523],[-74.200803999717067,40.52516500012193],[-74.200463000133524,40.524640999967389],[-74.200367999698955,40.524492999776029],[-74.200078000169057,40.524044000222574],[-74.199954000320503,40.523853000206309],[-74.199741999710085,40.523533000178347],[-74.199259999661223,40.522800000026578],[-74.199150999881283,40.52265500032594],[-74.19879299968099,40.522176000055573],[-74.198705999642357,40.52205599986798],[-74.197566999642476,40.520504000301671],[-74.19747399975607,40.520266999753851],[-74.197298999853885,40.519976000269111],[-74.197197999571529,40.519683999779282],[-74.197135999647259,40.519126000104563],[-74.196995999905184,40.517864999978549],[-74.196908000041631,40.516934000240155],[-74.196841000094466,40.516209000035722],[-74.196820000178064,40.515928000038343],[-74.196791999690674,40.515553000324182],[-74.19674300018518,40.514968999836206],[-74.19668000043599,40.514141999769407],[-74.196676000238028,40.513663000136262],[-74.196851000140228,40.513200999803239],[-74.197058999654345,40.512612000081404],[-74.197124999776605,40.512417000190744],[-74.197784000275774,40.510524999954306],[-74.19750300006838,40.510319000079072],[-74.197194000271892,40.51012199989821],[-74.196819000353159,40.509916000151009],[-74.196481000244361,40.509775000144856],[-74.195871000148998,40.509757000079148],[-74.195196999581214,40.509897000235256],[-74.195034000272912,40.509993000329501],[-74.194803000294243,40.510140999750213],[-74.194644000285578,40.510319000079072],[-74.194325000443342,40.510580999956879],[-74.194221999612864,40.510665999749463],[-74.19400599970281,40.510909000008489],[-74.193846999694131,40.511152999939078],[-74.193743999761992,40.51130299994837],[-74.193444000186332,40.511705999736826],[-74.193188999918206,40.511932000017367],[-74.192947000068855,40.512099999774691],[-74.192871999725796,40.512202999787689],[-74.192805999603564,40.512297000291355],[-74.192741000204549,40.512400000001811],[-74.192665999861461,40.512577999798062],[-74.192608999960072,40.512643999970805],[-74.192496999807076,40.512662999791168],[-74.192271999676166,40.512746999831172],[-74.192158999698265,40.5128410002552],[-74.191916000024023,40.512963000231281],[-74.191633999991708,40.513178000096673],[-74.191550000326117,40.513300000142578],[-74.191352999784314,40.513544000251358],[-74.19116600018657,40.513749999780721],[-74.190958999599019,40.514003000107067],[-74.190058999973743,40.514874999663604],[-74.189759000398098,40.515184000098792],[-74.18965599956762,40.515259000075808],[-74.189488000236423,40.515297000278018],[-74.189299999915463,40.515287999962482],[-74.189150000127626,40.51527799983814],[-74.189094000051142,40.515362999823218],[-74.188981000073241,40.5155969998602],[-74.18875599994233,40.515924999961534],[-74.188128000303621,40.51654399976222],[-74.186778000416552,40.517808999913001],[-74.18596300028176,40.518456000196416],[-74.185475000385139,40.518803000098018],[-74.18475300013678,40.519300000127011],[-74.184500000416776,40.519459000105812],[-74.184190999721991,40.519646999757384],[-74.183862999658928,40.519749999786079],[-74.183440999884539,40.519806000278926],[-74.183168000073067,40.519904000004544],[-74.182877999644845,40.519974999848657],[-74.182578000069185,40.520124999926097],[-74.182306000082619,40.520283999996799],[-74.182193999929638,40.520340999775733],[-74.182044000141801,40.520350000095775],[-74.181941000209633,40.520388000143981],[-74.181752999888673,40.520490999717047],[-74.181659000177333,40.520527999956016],[-74.181388000015687,40.520641000005632],[-74.181059000127703,40.520658999881164],[-74.180712999622969,40.520593999814757],[-74.180383999735014,40.52054700027378],[-74.179981000227201,40.520527999956016],[-74.179888000340782,40.520518999659821],[-74.179550000231984,40.520378000097438],[-74.179258999978828,40.520096999818769],[-74.179156000046689,40.520078000056294],[-74.178913000372418,40.520106000171566],[-74.178715999830615,40.520059000288441],[-74.178575000263621,40.519974999848657],[-74.178453000064906,40.519899999684078],[-74.178424999577487,40.519815999727953],[-74.178350000132738,40.519656000170649],[-74.178247000200571,40.519627999867375],[-74.178152999590935,40.519627999867375],[-74.178078000146158,40.519571999908734],[-74.177889999825183,40.519462000024483],[-74.178237000154837,40.520054999977226],[-74.178422000102742,40.520439999815615],[-74.178494999897694,40.520630999996818],[-74.178564000392981,40.520788999824838],[-74.17893400028882,40.521696999776644],[-74.179339000344768,40.522513999793546],[-74.180389999582786,40.522130999668981],[-74.182713999613313,40.521262000087553],[-74.183111999996569,40.521116000070926],[-74.183824000199195,40.520855000109499],[-74.184973000244796,40.522410000213291],[-74.186098999825887,40.523996000008715],[-74.186643999623939,40.524780000107867],[-74.187185000122327,40.525520999745538],[-74.187582999607258,40.526077999801224],[-74.188812000018828,40.52781999991776],[-74.189852000284503,40.52926300019719],[-74.190290999777332,40.529878000014932],[-74.190725999970525,40.530482000165577],[-74.191167999836381,40.531099999801221],[-74.191743999596568,40.531916999906251],[-74.19252399957125,40.531498999763187],[-74.193132999841708,40.531195000007685],[-74.193983999961489,40.530870999864007],[-74.19453999963018,40.530620000220502],[-74.194979000021334,40.530436999893247],[-74.19608399968601,40.529911999718131],[-74.197072999898069,40.529402999907994],[-74.197794000321508,40.529032000239752],[-74.199098000177841,40.528299999752981],[-74.199275999554757,40.528196999888848],[-74.199842999992427,40.527857999828051],[-74.20052800043085,40.527365000306922],[-74.200704000157941,40.527231999889814],[-74.200885999732819,40.527070999966028],[-74.201027000198124,40.526925999945441],[-74.201171000138189,40.526753999872135],[-74.201228000039578,40.526631000088891],[-74.20130099983453,40.526512000006036],[-74.201395000444165,40.526394000036568]]]},"properties":{"OBJECTID":39766,"GEOID":"360850198004","STATE":"36","COUNTY":"085","AREALAND":1907969,"AREAWATER":81004}},{"type":"Feature","id":39767,"geometry":{"type":"Polygon","coordinates":[[[-74.072696999780419,40.647901999898977],[-74.073707999733784,40.6451299998878],[-74.072475999847484,40.644518000223627],[-74.071514000297924,40.643547000025848],[-74.071479999962747,40.642887999934409],[-74.071494000206442,40.642837999831549],[-74.072181000294691,40.642693999680525],[-74.072136999913766,40.642437999705159],[-74.070412000107979,40.642674999945065],[-74.07036899955196,40.642544000186817],[-74.073219000012259,40.642181000153506],[-74.073143999669171,40.641830999711132],[-74.070255999574044,40.642213000156929],[-74.070218999764137,40.642024999746795],[-74.073075000072194,40.641630999997638],[-74.072880999903447,40.64093800020607],[-74.07181899989645,40.641043999661548],[-74.071824999744237,40.641125000295972],[-74.070031000341473,40.641275000251873],[-74.070000000379324,40.641087999900527],[-74.071793999782102,40.640949999921354],[-74.071793999782102,40.640913000110615],[-74.07293699997993,40.640805999787105],[-74.072861999636871,40.640530999723218],[-74.073106000034358,40.640513000036442],[-74.073131000148706,40.640338000102361],[-74.073086999767767,40.640338000102361],[-74.073080999919981,40.639874999824777],[-74.073049999957831,40.639868999870771],[-74.073069000224422,40.63918800022352],[-74.073100000186543,40.63918800022352],[-74.07311199988213,40.638588000068658],[-74.072925000284371,40.638580999987305],[-74.072919000436599,40.63837499999142],[-74.07266900019134,40.638381000079697],[-74.07266900019134,40.638318999823092],[-74.072630999658188,40.638318999823092],[-74.072630999658188,40.63823799987383],[-74.072406000425602,40.638250000074464],[-74.072393999831718,40.638175000148294],[-74.072644000076991,40.638162999934167],[-74.072630999658188,40.638069000227119],[-74.07257499958169,40.637972000325348],[-74.064774999834896,40.638123999904948],[-74.056232999748275,40.638177000183802],[-74.056192999565297,40.63928099971708],[-74.055749000049602,40.65147600027673],[-74.05577400016395,40.65147600027673],[-74.069780000271308,40.65148899996035],[-74.071660999712705,40.651496000051104],[-74.072696999780419,40.647901999898977]]]},"properties":{"OBJECTID":39767,"GEOID":"360850003000","STATE":"36","COUNTY":"085","AREALAND":0,"AREAWATER":2080565}},{"type":"Feature","id":41272,"geometry":{"type":"Polygon","coordinates":[[[-74.153558000274174,40.612748999953538],[-74.153688999795435,40.612322000263816],[-74.15313800014961,40.611937999833479],[-74.152384999939116,40.611352000062915],[-74.15050600014753,40.609905999834844],[-74.149968999847104,40.609539999698924],[-74.149542999874754,40.609627000304165],[-74.148936000152432,40.609751999925017],[-74.147741000076053,40.609998999874165],[-74.146968999598982,40.610150999703819],[-74.146893000329328,40.610631999695215],[-74.146802000092705,40.611334999749609],[-74.146703000358514,40.612072000173967],[-74.146544000349849,40.613261999896267],[-74.146458000136136,40.613891000013801],[-74.146407000082519,40.614273000061623],[-74.14603499963853,40.617013000233698],[-74.146900999826912,40.617050999985118],[-74.147096999645512,40.617060000264011],[-74.147320000126584,40.61707499981695],[-74.147768999665132,40.617105999927958],[-74.147946000115468,40.617117999835095],[-74.148029999781059,40.617127000104965],[-74.148722999717108,40.617205000120144],[-74.14889799961928,40.617224999934507],[-74.149023000191065,40.617240000132306],[-74.149051999605078,40.617242999762347],[-74.149772000203612,40.617325000280388],[-74.149871999762723,40.61733599981833],[-74.149947000105783,40.617345000058833],[-74.150856999776821,40.617434000023188],[-74.151553000085897,40.617513000007165],[-74.151983000256223,40.617530000112303],[-74.152496000267192,40.6165559998256],[-74.153050000286058,40.614692000012383],[-74.153143999997397,40.614371999678411],[-74.153558000274174,40.612748999953538]]]},"properties":{"OBJECTID":41272,"GEOID":"360850251003","STATE":"36","COUNTY":"085","AREALAND":430071,"AREAWATER":0}},{"type":"Feature","id":41273,"geometry":{"type":"Polygon","coordinates":[[[-74.135833999868339,40.617201000156555],[-74.136216000358061,40.615787000065801],[-74.13553799959233,40.615668999898396],[-74.135096999551351,40.615589999779623],[-74.134851000402364,40.61554599978524],[-74.134725000005673,40.615528999857112],[-74.134601999982038,40.615524999793145],[-74.134498000224966,40.615507999859723],[-74.134379000399264,40.615471000270347],[-74.134279999766761,40.615425000162574],[-74.134185000230516,40.615362999729967],[-74.133590000203753,40.614829000023576],[-74.133487000271614,40.614718999753123],[-74.133299999775545,40.614521000037371],[-74.132087999980712,40.613233999857457],[-74.131606999756784,40.613051000288998],[-74.130736000443832,40.612796999971643],[-74.130779000101526,40.613263999995979],[-74.130849000421733,40.613954000147082],[-74.130911000346003,40.614582999887482],[-74.130919999668521,40.614674999867013],[-74.130931000437499,40.614755000072329],[-74.130960999676404,40.615010999812959],[-74.130991999638553,40.615328999776267],[-74.130991999638553,40.615362000052471],[-74.131081000225322,40.616098000034384],[-74.131122000233219,40.616461000043579],[-74.131164999890899,40.616822000132991],[-74.131224000340453,40.617265000227235],[-74.1322129996542,40.617416000246806],[-74.132881000374184,40.617520999896719],[-74.133567999564136,40.617628999676171],[-74.13425800002544,40.617738000286771],[-74.134021000198985,40.618610000132804],[-74.134709000112153,40.618718999824637],[-74.135395000375496,40.618826999712972],[-74.135629999653816,40.617953000012619],[-74.135833999868339,40.617201000156555]]]},"properties":{"OBJECTID":41273,"GEOID":"360850197002","STATE":"36","COUNTY":"085","AREALAND":157617,"AREAWATER":0}},{"type":"Feature","id":41274,"geometry":{"type":"Polygon","coordinates":[[[-74.136667000444774,40.556336000024082],[-74.137430999627611,40.555817999976576],[-74.136098000357293,40.554721999923522],[-74.134987999771397,40.553810999968924],[-74.134437000125601,40.553362000297533],[-74.133766999755764,40.552814999747326],[-74.133184000322885,40.552344000241476],[-74.132452999853697,40.55293999978155],[-74.131785000032025,40.553486000072922],[-74.131117000210338,40.553953000083496],[-74.130459000434385,40.554416999848243],[-74.129787000414751,40.555014999842044],[-74.128956000386438,40.555777999771983],[-74.128116999962216,40.556534999949129],[-74.129606999591374,40.55748499972546],[-74.129723999767236,40.558131999832312],[-74.129982000408404,40.558910999888049],[-74.129988000256191,40.55898399971084],[-74.130025999891032,40.559260000181951],[-74.130076000119743,40.559476999973391],[-74.130142000241989,40.55970099990089],[-74.130219000234874,40.559904999865218],[-74.130324999641786,40.560135000016146],[-74.130939999760002,40.560543000090412],[-74.129665000216008,40.561609000293686],[-74.130061999876048,40.562001000157011],[-74.130800999842847,40.561384999926076],[-74.132058999668402,40.560336999704667],[-74.132913000161238,40.55962900000592],[-74.133794000418249,40.558892000210932],[-74.134678000150018,40.558161000277153],[-74.135388999629413,40.557584000172341],[-74.136181000197951,40.556940999704068],[-74.136027000212181,40.556818000055095],[-74.136667000444774,40.556336000024082]]]},"properties":{"OBJECTID":41274,"GEOID":"360850132042","STATE":"36","COUNTY":"085","AREALAND":376411,"AREAWATER":0}},{"type":"Feature","id":41275,"geometry":{"type":"Polygon","coordinates":[[[-74.120636000057658,40.636573000200265],[-74.120239000397632,40.634300000216058],[-74.119430000110626,40.63436300018968],[-74.118492999777104,40.634446000215704],[-74.117809999886816,40.634521000240817],[-74.117198999966547,40.634568000222714],[-74.11738399991448,40.635395999989733],[-74.117423000272524,40.63576599980334],[-74.117548999770904,40.636954000023557],[-74.119752000325917,40.636666999968675],[-74.120636000057658,40.636573000200265]]]},"properties":{"OBJECTID":41275,"GEOID":"360850133011","STATE":"36","COUNTY":"085","AREALAND":67337,"AREAWATER":0}},{"type":"Feature","id":41276,"geometry":{"type":"Polygon","coordinates":[[[-74.081473000218793,40.641511999849648],[-74.081306999639125,40.640741999779202],[-74.081100999774804,40.639922000127513],[-74.080632000144732,40.638021999983117],[-74.081113000368674,40.637953999948621],[-74.080944000314275,40.63727800000909],[-74.080551999778805,40.637319999942584],[-74.078787999614931,40.638268999706078],[-74.078132000387143,40.638172000094954],[-74.077898999860324,40.63809400002431],[-74.078846000239579,40.641995000255982],[-74.079122000424093,40.641944000204518],[-74.07965200015353,40.641856000144408],[-74.080555000151847,40.641691999939695],[-74.081473000218793,40.641511999849648]]]},"properties":{"OBJECTID":41276,"GEOID":"360850011001","STATE":"36","COUNTY":"085","AREALAND":102191,"AREAWATER":0}},{"type":"Feature","id":41277,"geometry":{"type":"Polygon","coordinates":[[[-74.120919999739783,40.606358999674541],[-74.120835000249286,40.605215000131203],[-74.120781999647519,40.604531000169189],[-74.120737000339986,40.603846000177683],[-74.120686000286369,40.603083999806536],[-74.120640000255619,40.602476000277044],[-74.120595999874695,40.60181000014191],[-74.119575999700501,40.601816999985296],[-74.117838000374221,40.601857999832788],[-74.116844000139309,40.601895000139393],[-74.114870999738059,40.602136999740956],[-74.11537700007635,40.603983999766925],[-74.11544200037369,40.604695000251652],[-74.115546999955669,40.605397000190372],[-74.115675999827118,40.606133000134051],[-74.115791000353141,40.606862000160383],[-74.115876999668558,40.607158000339147],[-74.11596000040754,40.607452000297258],[-74.116492999611694,40.607655999939603],[-74.117069000270206,40.608204999865727],[-74.117425999747269,40.609290000112189],[-74.11834499963912,40.609143999675474],[-74.118264000346571,40.60807499978268],[-74.118211999569724,40.607359000123274],[-74.118141000322922,40.606616000018818],[-74.119126000337005,40.606523999855234],[-74.120032999634986,40.606436999984332],[-74.120919999739783,40.606358999674541]]]},"properties":{"OBJECTID":41277,"GEOID":"360850173001","STATE":"36","COUNTY":"085","AREALAND":276824,"AREAWATER":0}},{"type":"Feature","id":43643,"geometry":{"type":"Polygon","coordinates":[[[-74.109184000134604,40.571041999701876],[-74.109762000442899,40.570467999767985],[-74.108738999895678,40.569991999849634],[-74.108137000196223,40.570491000283198],[-74.106494000406187,40.572111999803823],[-74.10636100033679,40.572193000097634],[-74.105794999724054,40.572540999738834],[-74.105429999851069,40.573205999744864],[-74.104710000150845,40.574005999808215],[-74.10426900010988,40.573810999795882],[-74.103522999572064,40.573428000199328],[-74.102771999909706,40.573046000085562],[-74.102028999744959,40.572661999888034],[-74.101271000409895,40.572278000216222],[-74.100539999940722,40.57188199986718],[-74.09954099968293,40.572959000319173],[-74.098559999866794,40.574001999988639],[-74.097835999968609,40.573606000289821],[-74.097037999552271,40.574455000212744],[-74.097616999685499,40.574773000029069],[-74.096597000409602,40.575928000088282],[-74.096081999850497,40.57655299979325],[-74.096692999770752,40.576867000224233],[-74.096476999860684,40.577112999984294],[-74.096132000079209,40.577526000124053],[-74.097411999646084,40.578173999832316],[-74.09747600011849,40.578207000031711],[-74.098511000361299,40.578731000106636],[-74.099400999940841,40.579186999670419],[-74.100390999977805,40.579688999710342],[-74.101052000126785,40.57916899982736],[-74.101669999719746,40.578623000239482],[-74.102315999800126,40.577944999819664],[-74.102972999751159,40.577254000229424],[-74.103689999976652,40.576504999675713],[-74.104542999746272,40.575653999977177],[-74.105111999833753,40.575086999943906],[-74.10526099979667,40.574940999862569],[-74.105676999723272,40.574526999852935],[-74.105833000257192,40.574373000319667],[-74.106423000261088,40.573785999823173],[-74.106990999625339,40.573219999961239],[-74.107542999994394,40.572674000268776],[-74.108087999792417,40.572130999822583],[-74.108635000138605,40.571587000096599],[-74.109184000134604,40.571041999701876]]]},"properties":{"OBJECTID":43643,"GEOID":"360850112031","STATE":"36","COUNTY":"085","AREALAND":441223,"AREAWATER":0}},{"type":"Feature","id":43644,"geometry":{"type":"Polygon","coordinates":[[[-74.200478000202139,40.579926999714942],[-74.200583999609023,40.579511000110948],[-74.198878999894717,40.579302000145368],[-74.197498000045499,40.578859000178284],[-74.19362499993629,40.577259999667085],[-74.191957999856825,40.576571000340174],[-74.191767999886011,40.576624000330341],[-74.190642000304919,40.576685000279994],[-74.190547999695283,40.576282000298626],[-74.190531999801763,40.576211000080853],[-74.190359000447714,40.57623899993547],[-74.190190000393329,40.576255000042075],[-74.189959000414632,40.576276999670718],[-74.18973099991068,40.576285999981906],[-74.189557999658334,40.576269999882719],[-74.189313000334252,40.574384000103166],[-74.189388999603906,40.572557999682758],[-74.184292999829239,40.572851000004782],[-74.183952000245711,40.572512000065309],[-74.18369799980249,40.572354999708693],[-74.182819999918507,40.572096000071184],[-74.180007999991375,40.571436999911114],[-74.179571999973291,40.571047000038682],[-74.179077000403964,40.569874999715445],[-74.177866000434051,40.564994000332888],[-74.177617999838631,40.563803999898269],[-74.176594000364787,40.563241000235145],[-74.175399000288422,40.562964999799043],[-74.174887999927265,40.562825999714732],[-74.174217999557428,40.562567999834023],[-74.17348500033674,40.562266999853691],[-74.172255000100265,40.561704000229319],[-74.171877999633381,40.561566000055834],[-74.171542999897639,40.561439000144233],[-74.171285999979688,40.561343000029602],[-74.169827000312665,40.561077999880268],[-74.169768999688046,40.56268199974523],[-74.169745000296913,40.563446999873342],[-74.169724000380498,40.563911999800204],[-74.169701999740894,40.564376000151178],[-74.169659999908106,40.56530699998828],[-74.169617000250383,40.566237000111336],[-74.169611000402611,40.566443000082387],[-74.169604999656499,40.566649000101854],[-74.169834999810277,40.570878999981097],[-74.169919000374179,40.573973999880195],[-74.169756000167567,40.576688999939179],[-74.169731000053218,40.576964999726705],[-74.169471999587117,40.579372999811895],[-74.169078000300132,40.582205999880124],[-74.169052000360864,40.582399999814513],[-74.169021000398729,40.582625999767124],[-74.168953999553267,40.583101999862201],[-74.168797000092738,40.584286000117643],[-74.168713000427147,40.585284000319128],[-74.168592999878229,40.585802000181801],[-74.168524000281252,40.586106999825837],[-74.168212999936642,40.587302999901254],[-74.168075999669298,40.587897999839861],[-74.1678720003531,40.588523000271564],[-74.167827000147255,40.588616000047203],[-74.167807000055788,40.588648999870522],[-74.167726999689833,40.58877900021492],[-74.167689999879912,40.58882799978592],[-74.167613999711932,40.588927000257463],[-74.165786999798883,40.590708000008846],[-74.163626999799902,40.592307999684081],[-74.163527000240791,40.592369000338493],[-74.163317000178509,40.592507999765488],[-74.163507999974215,40.593271999971563],[-74.163603000408784,40.593374000022436],[-74.16439099988105,40.593481999946853],[-74.164744000058477,40.593499000026462],[-74.165084999642005,40.593526000143981],[-74.165436000169592,40.59356700030159],[-74.165775000103309,40.593618999783168],[-74.166140999801215,40.593689999941425],[-74.166483000107974,40.593770000029387],[-74.166786999881595,40.5938530000195],[-74.167116999594469,40.59395599986393],[-74.167418999718265,40.594063000216444],[-74.167776000093653,40.594209000172533],[-74.168835999552471,40.594720999882092],[-74.168284000081741,40.596433000173135],[-74.167996000201668,40.59792200006396],[-74.167621000282921,40.599849000238841],[-74.167196999960396,40.602075999814062],[-74.169228000087955,40.602295000321412],[-74.170043000222734,40.602393999950927],[-74.17053899961698,40.602431999831737],[-74.170651999594881,40.602446000069563],[-74.17096700013748,40.602488000083412],[-74.171444000163433,40.602545000157477],[-74.171808000211513,40.602633000188249],[-74.172021999573445,40.602701999906614],[-74.172501000147548,40.602943999996675],[-74.174625999986432,40.602253000186288],[-74.174733000116561,40.602264000159288],[-74.174836000048714,40.602324000042067],[-74.174892000125226,40.602279000305536],[-74.175827999735503,40.601527000013114],[-74.178238999804648,40.599811000253737],[-74.179541000011142,40.596746000090889],[-74.182076999753761,40.594248999917994],[-74.182559999627514,40.593546000224023],[-74.182850000055751,40.593331999739434],[-74.183173000095934,40.593037999748354],[-74.183867999681809,40.592371999720648],[-74.184195999744858,40.591996000163512],[-74.18426299969201,40.591862999846612],[-74.184296000202295,40.591739000225829],[-74.184348000080831,40.591634000312126],[-74.18434300005795,40.591563000017139],[-74.184385999715658,40.591487000155922],[-74.184528000005884,40.59135800033733],[-74.184676000143895,40.591238999972035],[-74.184876000160429,40.591110999715291],[-74.1850510000626,40.591069000057281],[-74.185347000338624,40.590940000114472],[-74.185493999753405,40.590777999802079],[-74.185794000227375,40.590431000254604],[-74.185964999931585,40.590193000105778],[-74.186098000000982,40.589984000090617],[-74.18622199984955,40.589817999952608],[-74.186242999765938,40.58974400027607],[-74.186245000314074,40.589626999892126],[-74.186211999803788,40.589503000218009],[-74.186145999681557,40.589379999697911],[-74.186117000267558,40.589303000017011],[-74.185989000221042,40.589194000095681],[-74.18591700025101,40.589146000180385],[-74.185807999572759,40.589074999972404],[-74.185670000378806,40.588999000012194],[-74.185513000019981,40.588874999855804],[-74.185456000118563,40.588784999983346],[-74.185436999851987,40.588680000206473],[-74.18544600007283,40.58860900018599],[-74.185498999776257,40.588508999846695],[-74.185626999822787,40.588319000222661],[-74.185883999740739,40.588111999978366],[-74.186135999635823,40.588028999683971],[-74.186246000138979,40.588028999683971],[-74.186317000284092,40.588062999882759],[-74.186374000185509,40.588100999723324],[-74.186460000399222,40.588119999976605],[-74.186540999691772,40.588119999976605],[-74.18662600008058,40.588100999723324],[-74.186744999906253,40.588052999705724],[-74.186901000440187,40.58791100030453],[-74.18702299974062,40.587691000339007],[-74.187348000328939,40.587344999877935],[-74.187446000238225,40.587279000292561],[-74.187822999806784,40.587025999686738],[-74.188385000221572,40.586756999850635],[-74.188931999669435,40.586432999714795],[-74.189479999840515,40.586098000153747],[-74.189956000041576,40.58567499987285],[-74.190207000111741,40.58562200023129],[-74.190305000021041,40.585623999793754],[-74.191110000110072,40.585830000115394],[-74.191317999624218,40.585705000101875],[-74.192319000430146,40.58556999998865],[-74.192434000057887,40.585396000168444],[-74.192543999662732,40.585318999993703],[-74.192716000090186,40.585199999797425],[-74.192887999619316,40.585160000096657],[-74.19332500036063,40.585037999906504],[-74.193600999646847,40.585123000079321],[-74.194183999978037,40.585068999869669],[-74.194378999971704,40.585008000060526],[-74.194702999836792,40.584849000106374],[-74.196200999861873,40.5839610001442],[-74.197684999643258,40.58300799976211],[-74.197980000094361,40.582876000153419],[-74.198180999935815,40.582765999825654],[-74.198735999779572,40.582557999964322],[-74.199118000269323,40.582431999805941],[-74.199471000446735,40.582295999736772],[-74.199795000311852,40.582102999675676],[-74.200075999620921,40.581543999820873],[-74.200075999620921,40.581274999768567],[-74.199996000153305,40.580951999876859],[-74.199966999840967,40.580568000025231],[-74.20008999986463,40.580266000291928],[-74.200169000405637,40.580141000114075],[-74.200421000300722,40.579955000061112],[-74.200478000202139,40.579926999714942]]]},"properties":{"OBJECTID":43644,"GEOID":"360850228021","STATE":"36","COUNTY":"085","AREALAND":5507696,"AREAWATER":860085}},{"type":"Feature","id":43645,"geometry":{"type":"Polygon","coordinates":[[[-74.207031999818923,40.557615999747718],[-74.206461000081617,40.557590000008545],[-74.205703999673148,40.557502000081485],[-74.205144999631429,40.557346999726988],[-74.204932000094402,40.557213000267296],[-74.203984999715132,40.556616999859344],[-74.203342999832714,40.55613299998496],[-74.203145000364316,40.556088999760824],[-74.202338999552069,40.555910000288264],[-74.202054000045024,40.555877999897426],[-74.201849000005595,40.555871000023181],[-74.201643999966194,40.555876000128457],[-74.201418000010392,40.555896999747397],[-74.201206000298285,40.555931999780213],[-74.20100000043395,40.555980000322016],[-74.200792999846414,40.556045000190295],[-74.200695999762019,40.556092999968513],[-74.200510999814099,40.55620199990593],[-74.200345999957662,40.556317000298655],[-74.200193999621689,40.556443999689819],[-74.200058999902495,40.556578000006098],[-74.199771000022395,40.556870000122906],[-74.199466000423854,40.557180999816794],[-74.197694999688991,40.558887000330898],[-74.194076000023003,40.562078999664507],[-74.193948999801407,40.562165999926592],[-74.193700000279364,40.562321999831013],[-74.193441999638182,40.562468999933195],[-74.193173999849577,40.562604000257942],[-74.193051999650848,40.562630999880788],[-74.192904000411161,40.562649000078231],[-74.192860999855142,40.56264999986157],[-74.192733999633532,40.56265200011066],[-74.192587000218751,40.562639999980092],[-74.192412000316565,40.562580999761863],[-74.192213999949857,40.562532000073148],[-74.19203499984971,40.5625039999424],[-74.19186199959735,40.562490000213884],[-74.191695999915993,40.562487999959956],[-74.19152900040973,40.562497000078537],[-74.191330000218102,40.56252299995927],[-74.191135000224435,40.56256600026483],[-74.190980000413731,40.562614000144798],[-74.190832000275719,40.562671999868535],[-74.190665999696066,40.562752000205094],[-74.190500000014708,40.562855000173464],[-74.190352999701616,40.56296799981731],[-74.1901119996772,40.56320399969632],[-74.189972999760016,40.563317000115845],[-74.189807999903579,40.563423999666945],[-74.189638000024274,40.563514000221971],[-74.189468000144956,40.563585000263565],[-74.189280999648886,40.563645999816259],[-74.189099000073995,40.563689999850631],[-74.187268999787918,40.564041999766985],[-74.186889999671209,40.564158000101585],[-74.186518999950465,40.564261999712926],[-74.186060000366155,40.564377999666299],[-74.185627999647707,40.564474999961234],[-74.185253999553879,40.56454900029572],[-74.184995999811022,40.564719999805831],[-74.184774000053181,40.564851000000992],[-74.184544999724324,40.564971999724243],[-74.18427899958553,40.56509700026335],[-74.184004000124247,40.565210000216688],[-74.183712000046199,40.565312999814736],[-74.183403000249697,40.565405000043874],[-74.183282999700779,40.565431999901683],[-74.183076000011553,40.565466999726389],[-74.182819999918507,40.565491000336579],[-74.182603000183548,40.565494999982462],[-74.182397000319213,40.565486000267001],[-74.182203000150452,40.565465000243854],[-74.182003000133918,40.565431000159897],[-74.18178600039893,40.565378999917797],[-74.181581000359543,40.565312999814736],[-74.181394999688365,40.565237999897839],[-74.177945000076789,40.563983000102048],[-74.177617999838631,40.563803999898269],[-74.177866000434051,40.564994000332888],[-74.179077000403964,40.569874999715445],[-74.179571999973291,40.571047000038682],[-74.180007999991375,40.571436999911114],[-74.182819999918507,40.572096000071184],[-74.18369799980249,40.572354999708693],[-74.183952000245711,40.572512000065309],[-74.184292999829239,40.572851000004782],[-74.189388999603906,40.572557999682758],[-74.189313000334252,40.574384000103166],[-74.189557999658334,40.576269999882719],[-74.18973099991068,40.576285999981906],[-74.189959000414632,40.576276999670718],[-74.190190000393329,40.576255000042075],[-74.190359000447714,40.57623899993547],[-74.190531999801763,40.576211000080853],[-74.19040999960302,40.57568200006488],[-74.190223000005275,40.574856999998524],[-74.190068000194572,40.574081999746618],[-74.190037000232437,40.573703000174348],[-74.190043000080223,40.572967000082791],[-74.190119000248202,40.572242999859348],[-74.190259999815197,40.57156100032509],[-74.190674000091974,40.570758999681694],[-74.191779999581584,40.569216999886365],[-74.192299000338664,40.568535000218986],[-74.192682999579901,40.568055999726532],[-74.193378000064087,40.567285000083274],[-74.193897999747762,40.566706000018399],[-74.194356000405477,40.56620799975309],[-74.194424000177534,40.566133999887995],[-74.1950610000371,40.565460000172394],[-74.195663999561447,40.564837999831589],[-74.196283999702558,40.564215000092318],[-74.196973000338957,40.563539999707679],[-74.197647999833336,40.562896999803705],[-74.198360000035947,40.562236000243615],[-74.19906300001773,40.561600999854775],[-74.199906999566522,40.560853999783191],[-74.2007009997849,40.560154999843569],[-74.200885999732819,40.560009999765114],[-74.201078000251755,40.559880000157285],[-74.20128300029117,40.559759999927735],[-74.201480999759582,40.559660000140816],[-74.201658000209903,40.559581000032956],[-74.201869999921996,40.559500000171084],[-74.202117999619119,40.559420999874362],[-74.202382999932993,40.559354000206262],[-74.202700999950295,40.559293000154696],[-74.20368000011662,40.559109999666461],[-74.203783000048787,40.559079999796033],[-74.204116999959624,40.559046999718291],[-74.204810999720593,40.558901000130497],[-74.205243000439026,40.558747999968354],[-74.205599999916089,40.558586000178266],[-74.205854000359309,40.558453000314614],[-74.20639199958633,40.55810200020607],[-74.207031999818923,40.557615999747718]]]},"properties":{"OBJECTID":43645,"GEOID":"360850228011","STATE":"36","COUNTY":"085","AREALAND":1453186,"AREAWATER":39528}},{"type":"Feature","id":43663,"geometry":{"type":"Polygon","coordinates":[[[-74.212411000349121,40.55790499986972],[-74.212166000126757,40.557728000188675],[-74.211978999630688,40.557419000028737],[-74.211791000208024,40.55725000002267],[-74.211537999589723,40.557203000256131],[-74.211247000234891,40.557305999890204],[-74.210966000027511,40.557428000146331],[-74.210432000100127,40.557605999796735],[-74.209897000347837,40.557681000075199],[-74.209428999644373,40.557775000269167],[-74.208715999616828,40.557924999680857],[-74.208124999788055,40.558075000121534],[-74.207909999702906,40.558130999981451],[-74.207581999639828,40.558158999893863],[-74.207272000018435,40.558168999762245],[-74.20639199958633,40.55810200020607],[-74.205854000359309,40.558453000314614],[-74.205599999916089,40.558586000178266],[-74.205243000439026,40.558747999968354],[-74.204810999720593,40.558901000130497],[-74.204116999959624,40.559046999718291],[-74.203783000048787,40.559079999796033],[-74.20368000011662,40.559109999666461],[-74.202700999950295,40.559293000154696],[-74.202382999932993,40.559354000206262],[-74.202117999619119,40.559420999874362],[-74.201869999921996,40.559500000171084],[-74.201658000209903,40.559581000032956],[-74.201480999759582,40.559660000140816],[-74.20128300029117,40.559759999927735],[-74.201078000251755,40.559880000157285],[-74.200885999732819,40.560009999765114],[-74.2007009997849,40.560154999843569],[-74.199906999566522,40.560853999783191],[-74.19906300001773,40.561600999854775],[-74.198360000035947,40.562236000243615],[-74.197647999833336,40.562896999803705],[-74.196973000338957,40.563539999707679],[-74.196283999702558,40.564215000092318],[-74.195663999561447,40.564837999831589],[-74.1950610000371,40.565460000172394],[-74.194424000177534,40.566133999887995],[-74.194356000405477,40.56620799975309],[-74.193897999747762,40.566706000018399],[-74.193378000064087,40.567285000083274],[-74.192682999579901,40.568055999726532],[-74.192299000338664,40.568535000218986],[-74.191779999581584,40.569216999886365],[-74.190674000091974,40.570758999681694],[-74.190259999815197,40.57156100032509],[-74.190119000248202,40.572242999859348],[-74.190043000080223,40.572967000082791],[-74.190037000232437,40.573703000174348],[-74.190068000194572,40.574081999746618],[-74.190223000005275,40.574856999998524],[-74.19040999960302,40.57568200006488],[-74.190531999801763,40.576211000080853],[-74.190547999695283,40.576282000298626],[-74.190642000304919,40.576685000279994],[-74.191767999886011,40.576624000330341],[-74.191957999856825,40.576571000340174],[-74.19362499993629,40.577259999667085],[-74.197498000045499,40.578859000178284],[-74.198878999894717,40.579302000145368],[-74.200583999609023,40.579511000110948],[-74.202950000370663,40.58010200032188],[-74.204412000410713,40.580169999892327],[-74.206016999667611,40.579818999731771],[-74.206066999896322,40.579604999667062],[-74.205881999948389,40.578647000225033],[-74.206293999677044,40.578071999795348],[-74.206406999654945,40.577684000187219],[-74.206578000257494,40.57741799967615],[-74.206651999877323,40.577144999775626],[-74.20665699990019,40.576934000101488],[-74.206644000379725,40.576846999932172],[-74.206693999710126,40.576733999841338],[-74.206932000259826,40.576547000292187],[-74.207082000047635,40.576447000340643],[-74.207107000161997,40.576321999849931],[-74.207019000298445,40.576172000044473],[-74.207019000298445,40.575984000022686],[-74.207093999743208,40.57575899973402],[-74.207231999835471,40.57544700011038],[-74.207394000217178,40.575321999798263],[-74.207507000195079,40.57517199979776],[-74.207406999737643,40.57509700001259],[-74.207293999759742,40.574971999728909],[-74.20725699994982,40.574834000301692],[-74.207219000314993,40.574597000205898],[-74.207231999835471,40.574471999670436],[-74.20725699994982,40.574309000116976],[-74.207268999645379,40.57414699977808],[-74.207282000064168,40.574033999903314],[-74.207282000064168,40.573959000207147],[-74.207169000086267,40.573746999737921],[-74.208057999840904,40.572596000143918],[-74.207769000135897,40.570721999887184],[-74.208293999842454,40.570296999931806],[-74.208569000202075,40.570122000289587],[-74.208794000332958,40.569897000077077],[-74.208893999892084,40.569472000341143],[-74.209093999908603,40.56907200033173],[-74.209319000039514,40.568696999814826],[-74.209544000170425,40.568171999928175],[-74.209744000186959,40.567297000063427],[-74.209868999860419,40.566921999836374],[-74.210119000105678,40.566446999671449],[-74.210344000236589,40.566047000006549],[-74.210418999681337,40.56579700019622],[-74.210618999697871,40.565371999672109],[-74.210769000384005,40.565172000338237],[-74.210868999943116,40.564872000216788],[-74.210944000286204,40.564421999901924],[-74.211144000302738,40.564221999776578],[-74.211243999861864,40.564021999736006],[-74.211369000433635,40.563597000224703],[-74.211393999649673,40.56317200006221],[-74.211319000204924,40.562896999803705],[-74.211193999633124,40.562596999722075],[-74.211169000417087,40.562372000143405],[-74.211094000074013,40.562172000034614],[-74.211170000242006,40.560893999684851],[-74.211238000014049,40.560474999682],[-74.211510000000644,40.559912999824398],[-74.211744000352354,40.559341000334157],[-74.211809999576289,40.559058999810489],[-74.211884999919349,40.558777999987562],[-74.211940999995846,40.55857200031285],[-74.212016000338934,40.55840299980489],[-74.212119000271088,40.558253000099171],[-74.212411000349121,40.55790499986972]]]},"properties":{"OBJECTID":43663,"GEOID":"360850228012","STATE":"36","COUNTY":"085","AREALAND":2611914,"AREAWATER":324947}},{"type":"Feature","id":43664,"geometry":{"type":"Polygon","coordinates":[[[-74.117240999799336,40.554311000141233],[-74.117290000203127,40.553781999687367],[-74.117168999829303,40.55355899966824],[-74.117108999554858,40.553384999865898],[-74.11706699972207,40.552937999924829],[-74.116612000335707,40.552521999757253],[-74.114418000001535,40.550530000074573],[-74.113968999564648,40.549684000322898],[-74.114069000022084,40.549718000214071],[-74.114089999938486,40.549730999906913],[-74.114123000448757,40.549733999835702],[-74.11422700020583,40.549705999812808],[-74.114498000367476,40.549543000007795],[-74.114597999926588,40.549470000129801],[-74.114628999888737,40.549441999996532],[-74.114628999888737,40.549367000045052],[-74.114663000223914,40.549339999850893],[-74.114561000116666,40.549263999801944],[-74.114545000223146,40.549252000001879],[-74.11432099991714,40.549084999830825],[-74.112726999632613,40.54736099986399],[-74.112556999753295,40.547562999867715],[-74.111999000434778,40.548270000202272],[-74.109127000233187,40.551910000128942],[-74.108609000199337,40.552190000171265],[-74.109535999588786,40.552811000026345],[-74.10968999957457,40.552958999782739],[-74.113263999933039,40.556396000163197],[-74.114130000121463,40.557284000167229],[-74.114257000343045,40.557251999750655],[-74.114730999995984,40.557130999722084],[-74.115290000037731,40.556892999851293],[-74.11544300019861,40.556819999795941],[-74.115584999590496,40.556733000093452],[-74.115706999789253,40.556639999674594],[-74.115818999942235,40.556532000325028],[-74.115889000262428,40.556450000310711],[-74.116604999764689,40.555481000218315],[-74.116778999841969,40.555137000177837],[-74.116999999774919,40.554756999888049],[-74.117240999799336,40.554311000141233]]]},"properties":{"OBJECTID":43664,"GEOID":"360850128054","STATE":"36","COUNTY":"085","AREALAND":402136,"AREAWATER":1760}},{"type":"Feature","id":43665,"geometry":{"type":"Polygon","coordinates":[[[-74.169768999688046,40.56268199974523],[-74.169827000312665,40.561077999880268],[-74.166889999813762,40.560476000180287],[-74.165893999929011,40.56028299996251],[-74.165549999972413,40.56064200010988],[-74.164992999580505,40.56144699992003],[-74.16489200019646,40.562064999847102],[-74.164852999838416,40.562340000111547],[-74.164765999799769,40.562951000166947],[-74.164530999623139,40.56461300027923],[-74.164438999561625,40.565253000160915],[-74.164401999751703,40.565515000255672],[-74.164386999683103,40.56562500028673],[-74.164275000428404,40.565693000240287],[-74.162562000318189,40.56673200031144],[-74.157660999638864,40.568537000292203],[-74.157162999696482,40.568720000256391],[-74.156877000364531,40.56882499997635],[-74.155258999790533,40.569419999826877],[-74.152630999986414,40.570387000115538],[-74.152672999819202,40.570585000230089],[-74.152824000330256,40.570666999988838],[-74.153220000165376,40.570903999675195],[-74.153321000447718,40.570919999692897],[-74.153385999846734,40.570893000001973],[-74.153429000402767,40.570794000132459],[-74.153429000402767,40.570679000044933],[-74.153371999603038,40.570366000265459],[-74.153385999846734,40.570278000074723],[-74.153443999573057,40.570195000168688],[-74.153508999870382,40.570151000316514],[-74.153667000054128,40.570108000107346],[-74.154077000132958,40.570135000114995],[-74.154264999555608,40.570212000026288],[-74.154805000229103,40.570597000300943],[-74.154877000199136,40.570634999828627],[-74.154940999773231,40.570646000226624],[-74.155012999743249,40.570624000111238],[-74.155099999781882,40.570530999884753],[-74.155201000064224,40.570520000150275],[-74.155243999721932,40.570491999949404],[-74.155293999950644,40.570305999682709],[-74.15534500000426,40.570239999661894],[-74.155423999646985,40.570201000239315],[-74.15551800025662,40.570185000049754],[-74.15564700012807,40.570201999909855],[-74.155863000038138,40.570454000340519],[-74.155941999680834,40.570723000232306],[-74.156006999978175,40.57080000014939],[-74.156157999590903,40.570866000300214],[-74.156288000185555,40.57087699997787],[-74.156396000140603,40.570838999905192],[-74.156834999633418,40.570514999774041],[-74.157540999988257,40.570147000266495],[-74.157612999958275,40.570102999700381],[-74.157670999684598,40.570091999895553],[-74.157714000240617,40.570075999679872],[-74.157814999624634,40.569943999801843],[-74.157881999571785,40.569872000006768],[-74.158095999832042,40.569745000160431],[-74.158206000335213,40.569717000317709],[-74.158269000084402,40.569681000307767],[-74.161798000237027,40.569601999744108],[-74.165214000411751,40.568564999946233],[-74.166448999772783,40.567494999767021],[-74.167976999935092,40.567201000161745],[-74.169298000408162,40.566752999937044],[-74.169611000402611,40.566443000082387],[-74.169617000250383,40.566237000111336],[-74.169659999908106,40.56530699998828],[-74.169701999740894,40.564376000151178],[-74.169724000380498,40.563911999800204],[-74.169745000296913,40.563446999873342],[-74.169768999688046,40.56268199974523]]]},"properties":{"OBJECTID":43665,"GEOID":"360850279004","STATE":"36","COUNTY":"085","AREALAND":400823,"AREAWATER":117653}},{"type":"Feature","id":43666,"geometry":{"type":"Polygon","coordinates":[[[-74.096821999642202,40.569947999864041],[-74.096089000421486,40.569560000227064],[-74.095347000081659,40.569181999975612],[-74.094605999566724,40.568789000168948],[-74.093873000346022,40.568409000262172],[-74.092685999767255,40.568064999778812],[-74.092587000033035,40.568244999887291],[-74.09246499983432,40.568427000270525],[-74.092315000046483,40.568616999760124],[-74.092171999931352,40.568771000257961],[-74.092043999884822,40.568893000090569],[-74.091070999566313,40.569928999907816],[-74.090277000246232,40.570782000096941],[-74.089724000052286,40.571371000323417],[-74.089179000254248,40.571948999960036],[-74.088765999802376,40.572374999978884],[-74.087677999856112,40.573071000334721],[-74.088869999559449,40.573723000041568],[-74.089605000226598,40.574130000237815],[-74.090328000299863,40.574514999804578],[-74.09109400003085,40.574899999885247],[-74.091822000126982,40.57527499975695],[-74.092602999926569,40.574462000190621],[-74.093485000008499,40.573527000265926],[-74.094114000370453,40.572860999725286],[-74.094902999667653,40.57201099972135],[-74.095875999986163,40.570971000064866],[-74.096821999642202,40.569947999864041]]]},"properties":{"OBJECTID":43666,"GEOID":"360850112033","STATE":"36","COUNTY":"085","AREALAND":290642,"AREAWATER":0}},{"type":"Feature","id":43667,"geometry":{"type":"Polygon","coordinates":[[[-74.092587000033035,40.568244999887291],[-74.092685999767255,40.568064999778812],[-74.091662000293397,40.567359999753492],[-74.091164000351043,40.566718000102412],[-74.089093000040535,40.568004999862495],[-74.088329999784278,40.568756999793081],[-74.087209000226068,40.569811999663472],[-74.085007000394285,40.57175800004805],[-74.086009999951727,40.572250999708622],[-74.087677999856112,40.573071000334721],[-74.088765999802376,40.572374999978884],[-74.089179000254248,40.571948999960036],[-74.089724000052286,40.571371000323417],[-74.090277000246232,40.570782000096941],[-74.091070999566313,40.569928999907816],[-74.092043999884822,40.568893000090569],[-74.092171999931352,40.568771000257961],[-74.092315000046483,40.568616999760124],[-74.09246499983432,40.568427000270525],[-74.092587000033035,40.568244999887291]]]},"properties":{"OBJECTID":43667,"GEOID":"360850112042","STATE":"36","COUNTY":"085","AREALAND":189572,"AREAWATER":0}},{"type":"Feature","id":43668,"geometry":{"type":"Polygon","coordinates":[[[-74.100539999940722,40.57188199986718],[-74.099786999730213,40.57150399976711],[-74.099048999588319,40.571110999949717],[-74.098319999667282,40.570731000263251],[-74.097565999631854,40.570342000038799],[-74.096821999642202,40.569947999864041],[-74.095875999986163,40.570971000064866],[-74.094902999667653,40.57201099972135],[-74.094114000370453,40.572860999725286],[-74.093485000008499,40.573527000265926],[-74.092602999926569,40.574462000190621],[-74.091822000126982,40.57527499975695],[-74.092571999964449,40.575672000083635],[-74.093356999961969,40.576046999722294],[-74.09408699970794,40.576418999890777],[-74.094837000443718,40.576805999758214],[-74.095212000362437,40.577045000035653],[-74.096132000079209,40.577526000124053],[-74.096476999860684,40.577112999984294],[-74.096692999770752,40.576867000224233],[-74.096081999850497,40.57655299979325],[-74.096597000409602,40.575928000088282],[-74.097616999685499,40.574773000029069],[-74.097037999552271,40.574455000212744],[-74.097835999968609,40.573606000289821],[-74.098559999866794,40.574001999988639],[-74.09954099968293,40.572959000319173],[-74.100539999940722,40.57188199986718]]]},"properties":{"OBJECTID":43668,"GEOID":"360850112032","STATE":"36","COUNTY":"085","AREALAND":269733,"AREAWATER":0}},{"type":"Feature","id":43669,"geometry":{"type":"Polygon","coordinates":[[[-74.12374799956045,40.555162000291865],[-74.123801000162217,40.555085000129047],[-74.119528000019926,40.552267000250644],[-74.119464000445817,40.55222500009419],[-74.119400999798302,40.552182999911444],[-74.118051999736139,40.552008000003944],[-74.118629000219556,40.55133999974047],[-74.118106999987731,40.550631999772833],[-74.117441999640775,40.551037999829084],[-74.117108999554858,40.553384999865898],[-74.117168999829303,40.55355899966824],[-74.117290000203127,40.553781999687367],[-74.117240999799336,40.554311000141233],[-74.116999999774919,40.554756999888049],[-74.116778999841969,40.555137000177837],[-74.116604999764689,40.555481000218315],[-74.115889000262428,40.556450000310711],[-74.115818999942235,40.556532000325028],[-74.115706999789253,40.556639999674594],[-74.115584999590496,40.556733000093452],[-74.11544300019861,40.556819999795941],[-74.115290000037731,40.556892999851293],[-74.114730999995984,40.557130999722084],[-74.114961000149748,40.557315000022989],[-74.115712999637026,40.557767999910737],[-74.116648000320708,40.556882999792329],[-74.117579999733039,40.556025999699813],[-74.118522000089428,40.555147999710442],[-74.119132000184791,40.554545000017669],[-74.119430000110626,40.55430900032546],[-74.120214000283269,40.554758999690442],[-74.120899999648316,40.555152999869712],[-74.121564000170338,40.555533999849153],[-74.121693000041773,40.555607999830158],[-74.122079999656052,40.555829999965077],[-74.122405000244385,40.556016000193864],[-74.122807999752197,40.556292999811639],[-74.12294300036973,40.55638699990687],[-74.123365999969025,40.555728999881197],[-74.12374799956045,40.555162000291865]]]},"properties":{"OBJECTID":43669,"GEOID":"360850128052","STATE":"36","COUNTY":"085","AREALAND":175796,"AREAWATER":1240}},{"type":"Feature","id":43670,"geometry":{"type":"Polygon","coordinates":[[[-74.214574999647766,40.560532999894157],[-74.216495000345546,40.558587999866347],[-74.212411000349121,40.55790499986972],[-74.212119000271088,40.558253000099171],[-74.212016000338934,40.55840299980489],[-74.211940999995846,40.55857200031285],[-74.211884999919349,40.558777999987562],[-74.211809999576289,40.559058999810489],[-74.211744000352354,40.559341000334157],[-74.211510000000644,40.559912999824398],[-74.211238000014049,40.560474999682],[-74.211170000242006,40.560893999684851],[-74.211094000074013,40.562172000034614],[-74.211169000417087,40.562372000143405],[-74.211193999633124,40.562596999722075],[-74.211319000204924,40.562896999803705],[-74.211393999649673,40.56317200006221],[-74.211369000433635,40.563597000224703],[-74.211243999861864,40.564021999736006],[-74.211144000302738,40.564221999776578],[-74.210944000286204,40.564421999901924],[-74.210868999943116,40.564872000216788],[-74.210769000384005,40.565172000338237],[-74.210618999697871,40.565371999672109],[-74.210418999681337,40.56579700019622],[-74.210344000236589,40.566047000006549],[-74.210119000105678,40.566446999671449],[-74.209868999860419,40.566921999836374],[-74.209744000186959,40.567297000063427],[-74.209544000170425,40.568171999928175],[-74.209319000039514,40.568696999814826],[-74.209093999908603,40.56907200033173],[-74.208893999892084,40.569472000341143],[-74.208794000332958,40.569897000077077],[-74.208569000202075,40.570122000289587],[-74.208293999842454,40.570296999931806],[-74.207769000135897,40.570721999887184],[-74.208057999840904,40.572596000143918],[-74.207169000086267,40.573746999737921],[-74.207282000064168,40.573959000207147],[-74.207282000064168,40.574033999903314],[-74.207268999645379,40.57414699977808],[-74.20725699994982,40.574309000116976],[-74.207231999835471,40.574471999670436],[-74.207219000314993,40.574597000205898],[-74.20725699994982,40.574834000301692],[-74.207293999759742,40.574971999728909],[-74.207406999737643,40.57509700001259],[-74.207507000195079,40.57517199979776],[-74.207394000217178,40.575321999798263],[-74.207231999835471,40.57544700011038],[-74.207093999743208,40.57575899973402],[-74.207019000298445,40.575984000022686],[-74.207019000298445,40.576172000044473],[-74.207107000161997,40.576321999849931],[-74.207082000047635,40.576447000340643],[-74.206932000259826,40.576547000292187],[-74.206693999710126,40.576733999841338],[-74.206644000379725,40.576846999932172],[-74.20665699990019,40.576934000101488],[-74.206651999877323,40.577144999775626],[-74.206578000257494,40.57741799967615],[-74.206406999654945,40.577684000187219],[-74.206293999677044,40.578071999795348],[-74.205881999948389,40.578647000225033],[-74.206066999896322,40.579604999667062],[-74.209094999733537,40.578853000201725],[-74.209544000170425,40.576666000189803],[-74.210144000220041,40.573723999659528],[-74.210667000276757,40.572166999879215],[-74.211884000094457,40.568544000206792],[-74.212029999684304,40.568110999723672],[-74.214574999647766,40.560532999894157]]]},"properties":{"OBJECTID":43670,"GEOID":"360850228010","STATE":"36","COUNTY":"085","AREALAND":0,"AREAWATER":561805}},{"type":"Feature","id":43671,"geometry":{"type":"Polygon","coordinates":[[[-74.108137000196223,40.570491000283198],[-74.108738999895678,40.569991999849634],[-74.10660400001106,40.568778000148079],[-74.105473000407088,40.568255999995763],[-74.104669999967868,40.567877000179791],[-74.103869000076799,40.567501000079737],[-74.103069999835554,40.567122999799032],[-74.102089000019419,40.566646999972214],[-74.101549000244248,40.566385999941851],[-74.100787999637831,40.566014999684405],[-74.100021999906858,40.565642999679021],[-74.0976319997541,40.564483999812595],[-74.095438000318254,40.563411999674777],[-74.09489000014716,40.562942000109416],[-74.094296999770222,40.563022000123276],[-74.091320999811558,40.56653399971534],[-74.091164000351043,40.566718000102412],[-74.091662000293397,40.567359999753492],[-74.092685999767255,40.568064999778812],[-74.093873000346022,40.568409000262172],[-74.094605999566724,40.568789000168948],[-74.095347000081659,40.569181999975612],[-74.096089000421486,40.569560000227064],[-74.096821999642202,40.569947999864041],[-74.097565999631854,40.570342000038799],[-74.098319999667282,40.570731000263251],[-74.099048999588319,40.571110999949717],[-74.099786999730213,40.57150399976711],[-74.100539999940722,40.57188199986718],[-74.101271000409895,40.572278000216222],[-74.102028999744959,40.572661999888034],[-74.102771999909706,40.573046000085562],[-74.103522999572064,40.573428000199328],[-74.10426900010988,40.573810999795882],[-74.104710000150845,40.574005999808215],[-74.105429999851069,40.573205999744864],[-74.105794999724054,40.572540999738834],[-74.10636100033679,40.572193000097634],[-74.106494000406187,40.572111999803823],[-74.108137000196223,40.570491000283198]]]},"properties":{"OBJECTID":43671,"GEOID":"360850112041","STATE":"36","COUNTY":"085","AREALAND":786354,"AREAWATER":0}},{"type":"Feature","id":43672,"geometry":{"type":"Polygon","coordinates":[[[-74.094296999770222,40.563022000123276],[-74.09489000014716,40.562942000109416],[-74.090389000399227,40.560987000336439],[-74.089045000359945,40.560403999753902],[-74.084973999883999,40.56378699977779],[-74.078960999867306,40.568787000103264],[-74.080607999855289,40.569596999981719],[-74.080791999978302,40.569686999742117],[-74.085007000394285,40.57175800004805],[-74.087209000226068,40.569811999663472],[-74.088329999784278,40.568756999793081],[-74.089093000040535,40.568004999862495],[-74.091164000351043,40.566718000102412],[-74.091320999811558,40.56653399971534],[-74.094296999770222,40.563022000123276]]]},"properties":{"OBJECTID":43672,"GEOID":"360850112040","STATE":"36","COUNTY":"085","AREALAND":0,"AREAWATER":741224}},{"type":"Feature","id":43673,"geometry":{"type":"Polygon","coordinates":[[[-74.117441999640775,40.551037999829084],[-74.118106999987731,40.550631999772833],[-74.11602399998165,40.549361000154569],[-74.114982999891069,40.549578999927668],[-74.114663000223914,40.549339999850893],[-74.114628999888737,40.549367000045052],[-74.114628999888737,40.549441999996532],[-74.114597999926588,40.549470000129801],[-74.114498000367476,40.549543000007795],[-74.11422700020583,40.549705999812808],[-74.114123000448757,40.549733999835702],[-74.114089999938486,40.549730999906913],[-74.114069000022084,40.549718000214071],[-74.113968999564648,40.549684000322898],[-74.114418000001535,40.550530000074573],[-74.116612000335707,40.552521999757253],[-74.11706699972207,40.552937999924829],[-74.117108999554858,40.553384999865898],[-74.117441999640775,40.551037999829084]]]},"properties":{"OBJECTID":43673,"GEOID":"360850128053","STATE":"36","COUNTY":"085","AREALAND":66390,"AREAWATER":0}},{"type":"Feature","id":44231,"geometry":{"type":"Polygon","coordinates":[[[-74.097266999881128,40.633997999819869],[-74.097198000284152,40.632883999895881],[-74.097154999728119,40.631897999906236],[-74.095921000192007,40.631722999886343],[-74.09296600014973,40.631184000133956],[-74.092694000163164,40.632001999860485],[-74.092531999781471,40.631992000121045],[-74.091971000089899,40.633273999776968],[-74.091284999826541,40.632771999844607],[-74.090642000119203,40.632617000048121],[-74.090037000046735,40.632770999745958],[-74.090559000278546,40.633495999877056],[-74.090687000325062,40.63422299978879],[-74.090907000433077,40.635484999761864],[-74.091819999578846,40.635555999755439],[-74.092448999940785,40.635618999907337],[-74.092730999973099,40.635370999863881],[-74.093479999985632,40.634944000250186],[-74.095885000207005,40.635642999884631],[-74.095900000275606,40.635638000287713],[-74.096454000294472,40.635333999687695],[-74.096864000373301,40.634562999863626],[-74.097266999881128,40.633997999819869]]]},"properties":{"OBJECTID":44231,"GEOID":"360850075003","STATE":"36","COUNTY":"085","AREALAND":208878,"AREAWATER":0}},{"type":"Feature","id":44232,"geometry":{"type":"Polygon","coordinates":[[[-74.082917999642106,40.632917999776893],[-74.083442000422053,40.632275000077613],[-74.082602999997832,40.63146499986977],[-74.082014999643775,40.630891999866463],[-74.081407000096547,40.630301000005396],[-74.080355999960219,40.631211000026482],[-74.079365000098335,40.63222500020624],[-74.079088000088902,40.632886000089847],[-74.078991999829441,40.633191999749897],[-74.078708999972221,40.634065999793457],[-74.078453999704109,40.634863999681976],[-74.078303000091367,40.635287000245071],[-74.07818699974041,40.635616999795189],[-74.078096000402127,40.636039999677735],[-74.078000000142652,40.636513999755856],[-74.077954999936807,40.636977000166993],[-74.0779330001955,40.637524999758078],[-74.077981999700995,40.63786400003702],[-74.078132000387143,40.638172000094954],[-74.078787999614931,40.638268999706078],[-74.080551999778805,40.637319999942584],[-74.081780000365441,40.636623000224063],[-74.081392999852852,40.63630600010719],[-74.081063000139963,40.636009000173814],[-74.080725000031151,40.635713999710177],[-74.080454999694425,40.635496999775654],[-74.081760000273974,40.634256000274938],[-74.082312999569595,40.633661999936301],[-74.082476999601141,40.633460000113665],[-74.082917999642106,40.632917999776893]]]},"properties":{"OBJECTID":44232,"GEOID":"360850017001","STATE":"36","COUNTY":"085","AREALAND":205520,"AREAWATER":0}},{"type":"Feature","id":44233,"geometry":{"type":"Polygon","coordinates":[[[-74.09809399971148,40.586850000035525],[-74.098795999868344,40.586301000043264],[-74.098000999825047,40.585916000081809],[-74.097220000025459,40.585496999829033],[-74.098485000422031,40.584455000080062],[-74.097800999808499,40.584026000128809],[-74.097020000008925,40.583558999801909],[-74.09616899988913,40.583044000106362],[-74.095438000318254,40.583624000177124],[-74.094711000047013,40.58420299985054],[-74.09402499978367,40.584748000149425],[-74.093407000190695,40.585240000156489],[-74.092616000345373,40.585940000179605],[-74.094163999700854,40.586735000257413],[-74.095070999897118,40.587203000337865],[-74.0965610004246,40.587971000107487],[-74.096802000449046,40.588095999978961],[-74.097010999788083,40.588189999750163],[-74.097193000261285,40.588284000071489],[-74.097584000073525,40.588488000227159],[-74.098506000338432,40.58780800001697],[-74.09793100040315,40.587515999803117],[-74.097478999593235,40.587298000097178],[-74.09809399971148,40.586850000035525]]]},"properties":{"OBJECTID":44233,"GEOID":"360850114011","STATE":"36","COUNTY":"085","AREALAND":160072,"AREAWATER":0}},{"type":"Feature","id":44234,"geometry":{"type":"Polygon","coordinates":[[[-74.166274999695517,40.633650000274443],[-74.166329999947095,40.632166000009917],[-74.165243999650656,40.632149000220963],[-74.165324000016597,40.630288999739463],[-74.1637749999379,40.630256000019727],[-74.162651999831553,40.630229999877777],[-74.161773999947584,40.630213999732966],[-74.161717000046167,40.63164300023093],[-74.1603880000755,40.631595000118999],[-74.16034200004475,40.6329979999499],[-74.160311000082601,40.633787999664726],[-74.161628000357709,40.633870999723818],[-74.162557000295308,40.633817000033865],[-74.163676000203708,40.633766999953764],[-74.164672000088444,40.633672000107431],[-74.165235000328153,40.633618999660769],[-74.166274999695517,40.633650000274443]]]},"properties":{"OBJECTID":44234,"GEOID":"360850319011","STATE":"36","COUNTY":"085","AREALAND":159746,"AREAWATER":0}},{"type":"Feature","id":44235,"geometry":{"type":"Polygon","coordinates":[[[-74.078423999566866,40.598404999943043],[-74.077811999821691,40.597284000168997],[-74.07626299974298,40.594822999768894],[-74.07539900010272,40.595103999668723],[-74.074537999937178,40.595386999704367],[-74.073680000144691,40.595667999962238],[-74.072817000329337,40.595952000306887],[-74.071186000234889,40.596489999953462],[-74.070439999697058,40.596734999891986],[-74.070957999730922,40.59734399974711],[-74.07177100021589,40.59780700022803],[-74.071803999827836,40.597823999890053],[-74.071874000148057,40.597870999775608],[-74.071932999699285,40.597929000314529],[-74.071972000057329,40.597988000058407],[-74.071998999821503,40.598060000288065],[-74.072007000217425,40.598132999693334],[-74.071997000171692,40.598201999964232],[-74.071941000095194,40.598533999807465],[-74.071950000316036,40.598636999943501],[-74.071955000338903,40.598696999671454],[-74.071967000034448,40.598831999885576],[-74.072191000340453,40.598935000244566],[-74.072289000249739,40.598803000014136],[-74.072342999778101,40.598730999902614],[-74.072398000029679,40.598657999786198],[-74.07273100011561,40.598283999976154],[-74.072989999683401,40.598047999686742],[-74.073279000286689,40.597857999883161],[-74.073871999765302,40.59763699995996],[-74.074905000358299,40.597613999910536],[-74.076227999582869,40.598090999671491],[-74.076535999554451,40.598189000136152],[-74.0767010003092,40.598241000115557],[-74.077164000091472,40.598390000291616],[-74.078423999566866,40.598404999943043]]]},"properties":{"OBJECTID":44235,"GEOID":"360850064002","STATE":"36","COUNTY":"085","AREALAND":147818,"AREAWATER":0}},{"type":"Feature","id":44236,"geometry":{"type":"Polygon","coordinates":[[[-74.086080000271934,40.618514999862214],[-74.086266999869679,40.617831999976126],[-74.085249000243621,40.617511000034597],[-74.084858000431367,40.617399999759684],[-74.08357399976822,40.61700799992385],[-74.082743999564826,40.616581000176431],[-74.081740000182464,40.617310999750032],[-74.08110300032294,40.617788999735652],[-74.080001000132967,40.618553000123022],[-74.079389000387792,40.618886000102322],[-74.078053999671013,40.619585000089977],[-74.077691000346178,40.61977599979172],[-74.076954999854109,40.62016099978333],[-74.077855000377696,40.621196999862114],[-74.07804299980036,40.621563000238872],[-74.078260000433644,40.621990000189321],[-74.08189199962014,40.620828000056562],[-74.081798999733707,40.620709999928842],[-74.081721999740822,40.620594000154817],[-74.08163899990015,40.62044200021657],[-74.08157600015096,40.620293999711102],[-74.081529000295276,40.620141000166051],[-74.08149599978502,40.619969000210126],[-74.081482000439607,40.619780999894381],[-74.081490999762138,40.619611000284998],[-74.081496999609911,40.619571000033247],[-74.081978999658759,40.618778000309312],[-74.083675999875481,40.618913999818083],[-74.083899000356553,40.618931999872686],[-74.084782000263402,40.619000999809892],[-74.086006999578686,40.619094000146063],[-74.086040999913862,40.618820000287457],[-74.086080000271934,40.618514999862214]]]},"properties":{"OBJECTID":44236,"GEOID":"360850029003","STATE":"36","COUNTY":"085","AREALAND":181046,"AREAWATER":0}},{"type":"Feature","id":44237,"geometry":{"type":"Polygon","coordinates":[[[-74.136115000075719,40.633960000165352],[-74.136541000048069,40.633342999896378],[-74.13450700044578,40.632186000116938],[-74.133369000270818,40.631552999992735],[-74.132349000096639,40.630986000133987],[-74.131617999627437,40.630583000179747],[-74.131073999654319,40.631147999805734],[-74.130610999872033,40.630902999897344],[-74.130461000084225,40.630896999818766],[-74.130609000222222,40.631320000289605],[-74.130470000305053,40.631675999947049],[-74.131581999642421,40.631993999660033],[-74.130940999584922,40.633139000285702],[-74.131631000046227,40.63348699976757],[-74.133098000109172,40.634253000045504],[-74.134233999735997,40.63484200024174],[-74.135213999727213,40.635344999668511],[-74.135554000384161,40.634800000112719],[-74.135674000034754,40.63461400010042],[-74.136115000075719,40.633960000165352]]]},"properties":{"OBJECTID":44237,"GEOID":"360850213001","STATE":"36","COUNTY":"085","AREALAND":126904,"AREAWATER":0}},{"type":"Feature","id":44238,"geometry":{"type":"Polygon","coordinates":[[[-74.112104999841677,40.576856999737792],[-74.112822000067169,40.576321999849931],[-74.110949999948275,40.57532600022126],[-74.109046999867232,40.574312000309092],[-74.106990999625339,40.573219999961239],[-74.106423000261088,40.573785999823173],[-74.105833000257192,40.574373000319667],[-74.105676999723272,40.574526999852935],[-74.10526099979667,40.574940999862569],[-74.105111999833753,40.575086999943906],[-74.104542999746272,40.575653999977177],[-74.103689999976652,40.576504999675713],[-74.104233999949784,40.576740000007959],[-74.104958999672888,40.577100000149976],[-74.105599999730373,40.577577999797363],[-74.107110000349337,40.578536000219707],[-74.107747000208889,40.578010999745793],[-74.108379999870465,40.577478000022296],[-74.109014000255286,40.576945000146203],[-74.109648999566687,40.576412000117628],[-74.11144000039306,40.577368999933512],[-74.112104999841677,40.576856999737792]]]},"properties":{"OBJECTID":44238,"GEOID":"360850122001","STATE":"36","COUNTY":"085","AREALAND":210673,"AREAWATER":0}},{"type":"Feature","id":44239,"geometry":{"type":"Polygon","coordinates":[[[-74.114152999687676,40.632993000154968],[-74.114033999861974,40.632435999927132],[-74.113973999587529,40.632154000079147],[-74.113746999806807,40.631096000206448],[-74.113550999988206,40.63016999982635],[-74.113359000367609,40.629281999851763],[-74.111226999957708,40.629685000158197],[-74.110202999585553,40.629874000010581],[-74.110002999569019,40.629909000202296],[-74.109298999762316,40.630040000211643],[-74.110221000027224,40.634734999731208],[-74.111176999728997,40.634739000008182],[-74.110903999917511,40.633373999956405],[-74.111953000404029,40.633257000270156],[-74.113161999825792,40.63311199980928],[-74.114152999687676,40.632993000154968]]]},"properties":{"OBJECTID":44239,"GEOID":"360850105003","STATE":"36","COUNTY":"085","AREALAND":154459,"AREAWATER":0}},{"type":"Feature","id":44240,"geometry":{"type":"Polygon","coordinates":[[[-74.087091000225286,40.640334000160813],[-74.087205999853012,40.639895999659572],[-74.085034000158458,40.640197999961096],[-74.082281999607474,40.640600999822155],[-74.082899000273841,40.641208000095098],[-74.082956000175258,40.641265999827773],[-74.083035999642888,40.641361999744667],[-74.083117999658654,40.641486000001017],[-74.083171000260407,40.641592999916163],[-74.083212000268304,40.641710999954952],[-74.083240999682289,40.64184599983588],[-74.083341000139711,40.642369000124305],[-74.084143999680634,40.643430999702773],[-74.084968999861132,40.643130000339212],[-74.085749999660734,40.642846000095936],[-74.086523999787616,40.642563999911587],[-74.086676999948494,40.641909000186757],[-74.086827999561237,40.641337999778415],[-74.087019000255268,40.640613000279686],[-74.087091000225286,40.640334000160813]]]},"properties":{"OBJECTID":44240,"GEOID":"360850009002","STATE":"36","COUNTY":"085","AREALAND":97165,"AREAWATER":0}},{"type":"Feature","id":55406,"geometry":{"type":"Polygon","coordinates":[[[-74.100975999958806,40.591832000304059],[-74.100904999813693,40.591020000081876],[-74.100889999745078,40.590446000327312],[-74.100883000072372,40.590179000030531],[-74.098938999983474,40.589180999880419],[-74.097584000073525,40.588488000227159],[-74.097193000261285,40.588284000071489],[-74.097010999788083,40.588189999750163],[-74.096802000449046,40.588095999978961],[-74.0965610004246,40.587971000107487],[-74.095070999897118,40.587203000337865],[-74.094163999700854,40.586735000257413],[-74.092616000345373,40.585940000179605],[-74.092073000197146,40.586544000260254],[-74.091617999912472,40.587067999837373],[-74.091118000320293,40.587633999879515],[-74.093026000424189,40.588619999675231],[-74.094576000327805,40.589417000088901],[-74.095060000026479,40.589663000084535],[-74.095169999631324,40.589719000117924],[-74.095825999757452,40.589227000315908],[-74.097933000052976,40.590313999708329],[-74.099722000331198,40.591233999780066],[-74.100975999958806,40.591832000304059]]]},"properties":{"OBJECTID":55406,"GEOID":"360850096022","STATE":"36","COUNTY":"085","AREALAND":167892,"AREAWATER":0}},{"type":"Feature","id":55407,"geometry":{"type":"Polygon","coordinates":[[[-74.132065000414499,40.623095000337777],[-74.132076000285153,40.622702000260624],[-74.131907000230754,40.621653999887094],[-74.131517000243406,40.621684000335925],[-74.130409000205688,40.621771000129343],[-74.129240000068577,40.621862000176101],[-74.128075999954348,40.621964999817131],[-74.128003000159396,40.622017999967753],[-74.127902999701973,40.622064000308818],[-74.127810999640474,40.622090000220751],[-74.127722999776921,40.622101999914484],[-74.127612000347156,40.622101999914484],[-74.127505000217027,40.622085000290916],[-74.127399999736738,40.622050000089786],[-74.127333999614493,40.622016000130067],[-74.126880999877955,40.622048000253052],[-74.126476999646925,40.622076000007162],[-74.126418999920588,40.62207999967891],[-74.126184999568864,40.622096999985544],[-74.1242659995943,40.622304000003254],[-74.124515999839559,40.623028999908612],[-74.124602999878192,40.623342000053022],[-74.124696999589531,40.623681000068764],[-74.124741999795376,40.62395499976143],[-74.124745999993337,40.624380000335499],[-74.124730000099802,40.625041999680228],[-74.124842000252812,40.625825000058498],[-74.125132999607615,40.627101999926282],[-74.126664000142995,40.626890000208782],[-74.128261999727172,40.626673000231925],[-74.129202000433736,40.626541000243598],[-74.130036999761685,40.626428000268355],[-74.130861999942212,40.626362999918477],[-74.131309999655855,40.626327999913627],[-74.131412999588022,40.626019999762043],[-74.131561999550939,40.625580999917709],[-74.131590000038358,40.625497000255393],[-74.131917000276502,40.624545999875025],[-74.13203899957692,40.623754000126596],[-74.132053999645521,40.623661999695024],[-74.132057999843511,40.623386999924847],[-74.132065000414499,40.623095000337777]]]},"properties":{"OBJECTID":55407,"GEOID":"360850151001","STATE":"36","COUNTY":"085","AREALAND":316575,"AREAWATER":0}},{"type":"Feature","id":55408,"geometry":{"type":"Polygon","coordinates":[[[-74.160402000319195,40.628911000084145],[-74.16040399996902,40.628804000295581],[-74.157955000265034,40.628787999809092],[-74.157274000024572,40.628786000174145],[-74.15659100013427,40.628781000063789],[-74.155510999685617,40.628662999668919],[-74.155323000262953,40.630820000239346],[-74.155314999867045,40.630906000277321],[-74.155314000042125,40.630918999877061],[-74.155281000430165,40.631302000164609],[-74.155215000307919,40.632079000122161],[-74.155067000169922,40.633756999796866],[-74.155036000207787,40.634083999855079],[-74.156116999583006,40.634119999963751],[-74.157033000000141,40.633921999807519],[-74.158106999702696,40.633938999826746],[-74.159329000441573,40.633856999934643],[-74.160311000082601,40.633787999664726],[-74.16034200004475,40.6329979999499],[-74.1603880000755,40.631595000118999],[-74.160381000402793,40.630470000226268],[-74.160379999679577,40.630185999981698],[-74.160392000273447,40.629476000221665],[-74.160402000319195,40.628911000084145]]]},"properties":{"OBJECTID":55408,"GEOID":"360850231001","STATE":"36","COUNTY":"085","AREALAND":247759,"AREAWATER":0}},{"type":"Feature","id":55409,"geometry":{"type":"Polygon","coordinates":[[[-74.127598999928367,40.631169999781392],[-74.127193000047498,40.629345999937684],[-74.12705800032829,40.628719999914566],[-74.126915000213145,40.628047999880458],[-74.126664000142995,40.626890000208782],[-74.125132999607615,40.627101999926282],[-74.124248000050969,40.627212000260613],[-74.123648999826258,40.627290000090433],[-74.122955999890209,40.627377000081566],[-74.122645000443896,40.62741600025236],[-74.122161999671818,40.627477000229113],[-74.121257000023675,40.627823000238926],[-74.122055000440014,40.628364000178756],[-74.123033999708014,40.629010999980018],[-74.123218999655933,40.629248000164687],[-74.123613999666148,40.629843999831671],[-74.124017999897191,40.630439000181482],[-74.124314999998106,40.630878000134437],[-74.124489999900305,40.631135000250609],[-74.124890999758293,40.631727999776423],[-74.126724000417425,40.631280000232493],[-74.127598999928367,40.631169999781392]]]},"properties":{"OBJECTID":55409,"GEOID":"360850141001","STATE":"36","COUNTY":"085","AREALAND":163067,"AREAWATER":0}},{"type":"Feature","id":55410,"geometry":{"type":"Polygon","coordinates":[[[-74.249513999748132,40.514156999868057],[-74.249201999578602,40.513804999992274],[-74.248563000069225,40.513093000073496],[-74.247870000133204,40.512348000240685],[-74.246682999554423,40.511072000245321],[-74.245248000176844,40.509543000066053],[-74.244990000433972,40.509621999773799],[-74.243740999930949,40.509991999760075],[-74.243538000439671,40.510062999856245],[-74.243234999592659,40.510183000338507],[-74.243005000337206,40.510286999763167],[-74.242736999650276,40.510421000215764],[-74.24257299961873,40.510512000166578],[-74.242411000135348,40.51059299985377],[-74.241981999789957,40.510816000165114],[-74.240585000047219,40.511492999660625],[-74.240251000136368,40.511659999973212],[-74.239701000315463,40.511946000070111],[-74.241755000009235,40.514069000243055],[-74.243528000393923,40.51577700033102],[-74.243622999930167,40.515833000045035],[-74.243699000098147,40.515893000272136],[-74.245326999819568,40.515419999688568],[-74.246229999817885,40.515156999786008],[-74.24774299991158,40.514736999970665],[-74.248456999764016,40.514538999974498],[-74.249102999844396,40.514314000107284],[-74.249513999748132,40.514156999868057]]]},"properties":{"OBJECTID":55410,"GEOID":"360850248002","STATE":"36","COUNTY":"085","AREALAND":320351,"AREAWATER":0}},{"type":"Feature","id":55411,"geometry":{"type":"Polygon","coordinates":[[[-74.131696000343553,40.620360999717946],[-74.13147000038775,40.619007000275367],[-74.131378000326251,40.618407999783251],[-74.131355999686619,40.618294000052231],[-74.127885999983533,40.618516999804676],[-74.126244000018417,40.618643000152105],[-74.125385000401025,40.618608999822008],[-74.123490999642513,40.618501999893603],[-74.123391000083402,40.618771999823224],[-74.123391000083402,40.619166999761994],[-74.125514000272446,40.619307999980663],[-74.125611000356827,40.620014999916634],[-74.125683000326845,40.620662999739018],[-74.126375000437974,40.620587000232575],[-74.126488000415875,40.62057500026669],[-74.127160000435524,40.620726999902338],[-74.128177000236676,40.620645000150837],[-74.129065000166378,40.620577999746978],[-74.129883999600807,40.620512000240055],[-74.130800999842847,40.62044200021657],[-74.131696000343553,40.620360999717946]]]},"properties":{"OBJECTID":55411,"GEOID":"360850151003","STATE":"36","COUNTY":"085","AREALAND":130947,"AREAWATER":0}},{"type":"Feature","id":58349,"geometry":{"type":"Polygon","coordinates":[[[-74.140251999775572,40.575801999723318],[-74.139179999722856,40.575657000108968],[-74.138764999621159,40.575715000128895],[-74.136935000233379,40.575918999728927],[-74.136804999638713,40.575230000238122],[-74.136778999699445,40.575085999664033],[-74.136679999965253,40.574564999878206],[-74.136519000306748,40.573739999685237],[-74.136353999552,40.572991000050315],[-74.135792000035536,40.573051999900564],[-74.134617999875545,40.573199000317921],[-74.133825000380398,40.573294000179082],[-74.133652999952943,40.573314000168615],[-74.133286000430132,40.57337600002986],[-74.133006999872563,40.573432999675489],[-74.132637999801631,40.573522000114437],[-74.132545999740117,40.573547999806351],[-74.132307000263836,40.573617999818914],[-74.132235000293804,40.573642000235225],[-74.131944000040676,40.573739000067555],[-74.130940999584922,40.57410599999654],[-74.129302999817767,40.574675000045104],[-74.129143999809102,40.574730000060732],[-74.128147999924352,40.575056000130857],[-74.127794999746925,40.575185000006705],[-74.127653000355025,40.575235000261955],[-74.12753000033139,40.575398000288786],[-74.127397000261993,40.575602999762879],[-74.127290000131865,40.575799999867236],[-74.127203999918152,40.575995000223607],[-74.127135000321175,40.576193999700422],[-74.127089000290425,40.576368999838074],[-74.127172999956002,40.576811999918363],[-74.127249000123996,40.577551000063885],[-74.126935000304627,40.578390999707871],[-74.126891999748622,40.578489999936089],[-74.126870000007301,40.578595000018034],[-74.126870999832221,40.578710000146124],[-74.126890000098797,40.578798999706123],[-74.126931999931585,40.578899999776311],[-74.126967000091682,40.578957999713921],[-74.127115000229693,40.5791789999682],[-74.127491999798238,40.579788000064482],[-74.127640999761155,40.580032000270513],[-74.127823000234343,40.580293999813975],[-74.128022000425972,40.580546999959097],[-74.128213000221692,40.580766000032114],[-74.128429000131746,40.580989999664112],[-74.128598000186159,40.581150000111627],[-74.128754999646674,40.581324000061564],[-74.128942000142743,40.581503999980498],[-74.129113999671887,40.581650000066865],[-74.129322000084343,40.581805000085488],[-74.129385999658425,40.581848000282299],[-74.129579000002281,40.581964999948106],[-74.129752000254655,40.582087000285497],[-74.129910000438386,40.582212000238158],[-74.130075000294838,40.582363999805921],[-74.130235000128394,40.582539000177626],[-74.130360999626774,40.5827009999811],[-74.130399999984846,40.582759000034358],[-74.130621999742687,40.582610999987118],[-74.130762000383086,40.582516999879282],[-74.1311859998073,40.582232999781588],[-74.131508000022578,40.582096999990064],[-74.131747000397183,40.581974999670976],[-74.131816999819065,40.581885000064631],[-74.13141900033412,40.580307999911739],[-74.131371999580153,40.580208000123804],[-74.131353000211888,40.580121000118517],[-74.131349999838832,40.580029999858588],[-74.131370999755234,40.57992900012988],[-74.13140699974025,40.579848000331893],[-74.131456999968961,40.579772000120542],[-74.131543000182674,40.579685000230512],[-74.131627999673185,40.57962400028714],[-74.131719999734685,40.579575000113401],[-74.131780999834064,40.57955099977849],[-74.133082000215651,40.579055000026571],[-74.133271000361532,40.579000000154963],[-74.133466000355213,40.578955999952186],[-74.133673000044439,40.578923000122266],[-74.133928000312551,40.578899000235737],[-74.13415000007042,40.578893000262759],[-74.135053999893657,40.578798000164028],[-74.135423999789495,40.578506999733101],[-74.135447000254032,40.578447999857161],[-74.135453999926725,40.578375000112111],[-74.135444999705896,40.578316000119749],[-74.135416000291897,40.578243999781044],[-74.135366000063186,40.578179999869782],[-74.135294999918074,40.578121999939903],[-74.135270999628617,40.578109000301644],[-74.134955000159451,40.577950999877665],[-74.134883000189419,40.57792499984987],[-74.134823999739879,40.577890999955727],[-74.134766000013556,40.577840000082077],[-74.134724000180768,40.577780000060592],[-74.13470099971623,40.57771599970544],[-74.134699999891311,40.577634999957041],[-74.134711999586898,40.577591000221105],[-74.134770000211518,40.577504000223854],[-74.134867000295912,40.577398000231121],[-74.134971000052971,40.577314000040339],[-74.135080999657831,40.57724699986133],[-74.135201000206749,40.577191000301767],[-74.135345000146785,40.577142999959698],[-74.137927999745074,40.576507000193033],[-74.140251999775572,40.575801999723318]]]},"properties":{"OBJECTID":58349,"GEOID":"360850279002","STATE":"36","COUNTY":"085","AREALAND":549927,"AREAWATER":0}},{"type":"Feature","id":58440,"geometry":{"type":"Polygon","coordinates":[[[-74.204383999923309,40.588412999680472],[-74.204106999913876,40.586792000118763],[-74.203641999583482,40.585316999739902],[-74.202546999964525,40.585484000259555],[-74.202009999664099,40.585710000025053],[-74.198929000123428,40.587005999703187],[-74.198647999916034,40.587079000262278],[-74.197043999585759,40.58791000021639],[-74.195716000338308,40.588699000295257],[-74.194008000250946,40.589749999957867],[-74.193568000034873,40.590012000319881],[-74.193297999698146,40.59017499981362],[-74.192938999672947,40.59037900034027],[-74.192625999678484,40.590580000100012],[-74.192326000102838,40.590745999710791],[-74.191572999892344,40.59117300013672],[-74.190812000184238,40.591618999823737],[-74.190100999806546,40.5920270003122],[-74.189428999786884,40.592432000296178],[-74.1888179998666,40.59279499993535],[-74.188331999619805,40.593072000128956],[-74.188046000287855,40.593241999726338],[-74.186929999854186,40.593900999966728],[-74.186676000309291,40.59405200025823],[-74.186503000056931,40.594157999780286],[-74.185358000209291,40.59480400005593],[-74.184980999742407,40.595062999771478],[-74.183810999780391,40.595853999973642],[-74.182025999700144,40.597110000133135],[-74.180131999839929,40.598461000157975],[-74.178238999804648,40.599811000253737],[-74.183221999601429,40.602243999959022],[-74.18407799974409,40.602660999894752],[-74.182464000266364,40.604209999753884],[-74.182275000120484,40.604366999684316],[-74.181870000064535,40.604718999747554],[-74.181573999788512,40.6049909997977],[-74.181234000029889,40.605320999686313],[-74.18089300044636,40.60567099985434],[-74.180577000078856,40.606015999785086],[-74.18024499981783,40.606401999769147],[-74.179967999808397,40.606746000211992],[-74.179730000157036,40.607059000263988],[-74.179426000383415,40.607483999894512],[-74.179175000313251,40.607867000214959],[-74.178591999982061,40.608595999740253],[-74.178325000018376,40.608908999993481],[-74.176966999735384,40.610510000288862],[-74.175625000244239,40.612217999669049],[-74.174866000185943,40.613195000270906],[-74.17189400042524,40.616838000076704],[-74.169187000080086,40.620546999883381],[-74.168909000245748,40.620957000281301],[-74.168863000214969,40.62102400030502],[-74.168807999963391,40.621089999987888],[-74.16872500012272,40.621208999716224],[-74.168777000001242,40.621218999706663],[-74.169219999692032,40.621306000105726],[-74.173095000349377,40.621883999801625],[-74.173430000085148,40.621992000027802],[-74.173768000193959,40.622116999699045],[-74.174107999952582,40.622260000339722],[-74.174256999915499,40.622329000248577],[-74.174400999855536,40.622396999832027],[-74.174721000420988,40.622563000208977],[-74.175010999950899,40.622732000238756],[-74.175226000036062,40.622867999879581],[-74.175477999931147,40.623045999973719],[-74.175773000382236,40.623274000067937],[-74.176072999957881,40.623532999921501],[-74.176328000225993,40.623775999810803],[-74.177669999717168,40.625066000050225],[-74.178844999702065,40.626105999845493],[-74.180315000138037,40.626959000107114],[-74.181679000268815,40.627789999982312],[-74.183516000227598,40.628765000253573],[-74.184478999602064,40.629227999859395],[-74.186420000216245,40.630293999736928],[-74.186462000049048,40.630249999882963],[-74.186530999646024,40.630209999866601],[-74.192314000407279,40.633249000220019],[-74.192424999837044,40.633307000050429],[-74.192517999723464,40.633363999740702],[-74.19598800032486,40.635171999946259],[-74.196785999842902,40.634532999746192],[-74.196626000009317,40.634455000195928],[-74.196579000153648,40.63436300018968],[-74.196829000398907,40.634023999858059],[-74.196841000094466,40.633856999934643],[-74.196768000299542,40.633696000102873],[-74.19646100015288,40.633509999741925],[-74.196450000282226,40.633440999795141],[-74.196517000229377,40.633355000295147],[-74.19698199966146,40.633169999758756],[-74.197130999624378,40.633101000142297],[-74.197364999976116,40.63282699979586],[-74.197476000304192,40.632785999861333],[-74.197873999789152,40.632812999787781],[-74.198486000432638,40.633057000092791],[-74.198765999916816,40.633138000192481],[-74.199336999654122,40.632886000089847],[-74.200514000187155,40.63147099989736],[-74.201155000244654,40.629351000005755],[-74.201459999843181,40.62595000005637],[-74.201545000231974,40.625019999731194],[-74.201671999555288,40.623604999905112],[-74.201576000194137,40.62304199967803],[-74.201090999772234,40.620198999789707],[-74.201291999613687,40.619045999878743],[-74.200382999767584,40.616430999976707],[-74.200444999691854,40.616077999882634],[-74.200771999930012,40.614230000258175],[-74.202357999818631,40.613155000269181],[-74.202459999925878,40.60974099982046],[-74.202312999612786,40.608887000186982],[-74.202629999805197,40.605860999957471],[-74.20014900031417,40.603682999910326],[-74.199452000180173,40.601805999938733],[-74.198791000031179,40.600891000208065],[-74.198381999777268,40.600678999837776],[-74.197040000286108,40.599983000265219],[-74.197022999669358,40.59875899987945],[-74.197437999771054,40.598460000227625],[-74.19739299956521,40.596878000290268],[-74.198000000185843,40.596617000186797],[-74.199056000345053,40.594898999931132],[-74.20233600007731,40.591483000017256],[-74.2040590002333,40.589633000266645],[-74.204383999923309,40.588412999680472]]]},"properties":{"OBJECTID":58440,"GEOID":"360850291021","STATE":"36","COUNTY":"085","AREALAND":8094581,"AREAWATER":661997}},{"type":"Feature","id":59705,"geometry":{"type":"Polygon","coordinates":[[[-74.106537000063909,40.634702000163522],[-74.106153999749253,40.632825000281862],[-74.105983999869935,40.632022000016683],[-74.105767999959866,40.630568999701168],[-74.105849999975632,40.630373000192115],[-74.105773999807653,40.629929999763121],[-74.10557799998908,40.629190000217378],[-74.105291999758805,40.628103999800679],[-74.105240999705188,40.627878000175826],[-74.105063000328258,40.62717800020144],[-74.104172000025514,40.627276000285015],[-74.103002999888403,40.627400000115117],[-74.10303600039866,40.627577000226971],[-74.103052000292209,40.62766100000038],[-74.103134000307975,40.628099000321043],[-74.103248000110767,40.628723999870168],[-74.103376000157297,40.629403000282174],[-74.103504000203813,40.630095999824981],[-74.10368300030396,40.63080599981047],[-74.102669999802472,40.630926000080024],[-74.102890999735394,40.63169700031564],[-74.103038999873419,40.632389999912327],[-74.103187999836322,40.633081000309346],[-74.10333599997432,40.633753000142733],[-74.103537999640693,40.634698999954125],[-74.103988999727392,40.634698999954125],[-74.104547999769139,40.634698999954125],[-74.105522999737488,40.634701000093713],[-74.106537000063909,40.634702000163522]]]},"properties":{"OBJECTID":59705,"GEOID":"360850067002","STATE":"36","COUNTY":"085","AREALAND":183414,"AREAWATER":0}},{"type":"Feature","id":59706,"geometry":{"type":"Polygon","coordinates":[[[-74.068145999803789,40.59245600010199],[-74.067951999635028,40.592082999730209],[-74.06751499979201,40.59133500017434],[-74.067166999637465,40.590866000315252],[-74.066626000037388,40.590341999799371],[-74.065331000401898,40.591408000100891],[-74.06440999996191,40.592165999767971],[-74.064343000014759,40.592220999728013],[-74.064178999983227,40.592341999753771],[-74.063359999650515,40.592907000166605],[-74.063182000273585,40.593272999979504],[-74.06312100017422,40.593285000073635],[-74.062992000302785,40.593322999675379],[-74.062879000324884,40.593371000003096],[-74.062776000392716,40.593429999676594],[-74.0626769997602,40.59350500005354],[-74.06260099959222,40.593581999670832],[-74.061818000142821,40.594190000285082],[-74.060450999638988,40.594975000006997],[-74.06187699969405,40.596594999744717],[-74.062075999885664,40.596840999935097],[-74.062481999766518,40.597347000270304],[-74.062896000043324,40.597862000322536],[-74.063298999551137,40.598363000092093],[-74.063758999858678,40.598935000244566],[-74.06518400008882,40.59846699973977],[-74.064640000115688,40.597658000116787],[-74.06447600008417,40.597413000150254],[-74.064136000325533,40.596957000021398],[-74.063887999730099,40.596623999891897],[-74.063557000192318,40.596180000094918],[-74.063121999999126,40.595598999804373],[-74.063888999555019,40.595262999797598],[-74.064062999632299,40.595182000152427],[-74.064507999871225,40.594950999741059],[-74.064825000063607,40.594748000188275],[-74.065658999566651,40.594153999801364],[-74.06605399957688,40.593903999962293],[-74.066565999762958,40.593221000228795],[-74.067339000064919,40.592849000045902],[-74.068145999803789,40.59245600010199]]]},"properties":{"OBJECTID":59706,"GEOID":"360850074002","STATE":"36","COUNTY":"085","AREALAND":208126,"AREAWATER":0}},{"type":"Feature","id":60404,"geometry":{"type":"Polygon","coordinates":[[[-74.100240000365048,40.648064000100582],[-74.100021999906858,40.645414999864428],[-74.098949000029208,40.645434000183087],[-74.098886000280018,40.645823999682179],[-74.096132000079209,40.645985000256132],[-74.093813000071563,40.646082000101195],[-74.092715999904485,40.646677000239762],[-74.089599000378811,40.647570999859006],[-74.091126999642796,40.649300999776713],[-74.093442000350791,40.648064999970195],[-74.094189999640093,40.648064999970195],[-74.100240000365048,40.648064000100582]]]},"properties":{"OBJECTID":60404,"GEOID":"360850081000","STATE":"36","COUNTY":"085","AREALAND":0,"AREAWATER":194554}},{"type":"Feature","id":60405,"geometry":{"type":"Polygon","coordinates":[[[-74.083911000052126,40.572728000249398],[-74.085007000394285,40.57175800004805],[-74.080791999978302,40.569686999742117],[-74.080607999855289,40.569596999981719],[-74.078960999867306,40.568787000103264],[-74.070915000073214,40.575474000010637],[-74.071981000278157,40.576062999874821],[-74.072069999966615,40.576111999891708],[-74.076030999939377,40.578301000055575],[-74.07621699971223,40.578120999705398],[-74.076923999891974,40.577662000338925],[-74.079237999876739,40.576031999831649],[-74.080933000443622,40.574833000018032],[-74.083911000052126,40.572728000249398]]]},"properties":{"OBJECTID":60405,"GEOID":"360850112010","STATE":"36","COUNTY":"085","AREALAND":0,"AREAWATER":585976}},{"type":"Feature","id":60406,"geometry":{"type":"Polygon","coordinates":[[[-74.099308000054407,40.559589000030805],[-74.100336999551132,40.559079999796033],[-74.095526000181806,40.556578999880152],[-74.095378999868714,40.556502999857017],[-74.094372999938216,40.555980000322016],[-74.089045000359945,40.560403999753902],[-74.090389000399227,40.560987000336439],[-74.09489000014716,40.562942000109416],[-74.095197000293822,40.562790000092612],[-74.095649000205441,40.562220999986856],[-74.098144999765083,40.559145999902753],[-74.099308000054407,40.559589000030805]]]},"properties":{"OBJECTID":60406,"GEOID":"360850128040","STATE":"36","COUNTY":"085","AREALAND":0,"AREAWATER":342703}},{"type":"Feature","id":60407,"geometry":{"type":"Polygon","coordinates":[[[-74.111999000434778,40.548270000202272],[-74.112556999753295,40.547562999867715],[-74.109867000024892,40.545579999778681],[-74.108286999984045,40.544414999686936],[-74.103417000165194,40.548464000233615],[-74.103701999672225,40.548668000307728],[-74.104245999645329,40.549059000191818],[-74.108609000199337,40.552190000171265],[-74.109127000233187,40.551910000128942],[-74.111999000434778,40.548270000202272]]]},"properties":{"OBJECTID":60407,"GEOID":"360850128050","STATE":"36","COUNTY":"085","AREALAND":0,"AREAWATER":341653}},{"type":"Feature","id":60483,"geometry":{"type":"Polygon","coordinates":[[[-74.106467999568594,40.553351999711168],[-74.108609000199337,40.552190000171265],[-74.104245999645329,40.549059000191818],[-74.103701999672225,40.548668000307728],[-74.103417000165194,40.548464000233615],[-74.094372999938216,40.555980000322016],[-74.095378999868714,40.556502999857017],[-74.095526000181806,40.556578999880152],[-74.100336999551132,40.559079999796033],[-74.101064999647278,40.558542000201314],[-74.102295999708645,40.556886999952575],[-74.102680999673112,40.556369000073111],[-74.10472600004438,40.552505000184404],[-74.106467999568594,40.553351999711168]]]},"properties":{"OBJECTID":60483,"GEOID":"360850128060","STATE":"36","COUNTY":"085","AREALAND":0,"AREAWATER":580167}},{"type":"Feature","id":60484,"geometry":{"type":"Polygon","coordinates":[[[-74.120051999901563,40.560394000219375],[-74.119377000407184,40.559984000273204],[-74.11864000009021,40.559541999858915],[-74.11791500036712,40.559103999966482],[-74.117171000377439,40.558652999932555],[-74.116440999733172,40.558211000285105],[-74.115712999637026,40.557767999910737],[-74.114961000149748,40.557315000022989],[-74.114730999995984,40.557130999722084],[-74.114257000343045,40.557251999750655],[-74.114130000121463,40.557284000167229],[-74.113263999933039,40.556396000163197],[-74.112751999746962,40.556860000060503],[-74.112355999911841,40.557220000001244],[-74.1109519995981,40.558516000139271],[-74.110624000433361,40.558819000287819],[-74.111376999745545,40.559248000125784],[-74.113140999909405,40.560138999982144],[-74.115452000419424,40.561446000118728],[-74.116022000331824,40.560841000202366],[-74.116911000086446,40.56116199997939],[-74.117607000395537,40.561610000092564],[-74.117661999748805,40.561688999853359],[-74.117766000404202,40.561812999903218],[-74.117881000031929,40.561922999876231],[-74.118024000147059,40.562034000143477],[-74.118180999607588,40.562130999740603],[-74.119105000420618,40.561270999853328],[-74.120051999901563,40.560394000219375]]]},"properties":{"OBJECTID":60484,"GEOID":"360850128061","STATE":"36","COUNTY":"085","AREALAND":223264,"AREAWATER":0}},{"type":"Feature","id":60485,"geometry":{"type":"Polygon","coordinates":[[[-74.115500000100013,40.564774999814816],[-74.116362000090447,40.563914999776017],[-74.115100000066931,40.563166000043829],[-74.114657000376127,40.562893999782204],[-74.114299000175862,40.562674999899926],[-74.112263000025422,40.561457999780885],[-74.111489999723446,40.56254700026021],[-74.110821000076854,40.56342099966907],[-74.110139999836363,40.564311000182535],[-74.112112000412679,40.56550599986052],[-74.113761999875422,40.566497000314428],[-74.11433799963558,40.56591699983958],[-74.114930000187613,40.565338000223335],[-74.115500000100013,40.564774999814816]]]},"properties":{"OBJECTID":60485,"GEOID":"360850128063","STATE":"36","COUNTY":"085","AREALAND":149759,"AREAWATER":0}},{"type":"Feature","id":60486,"geometry":{"type":"Polygon","coordinates":[[[-74.108909999599888,40.553424000213909],[-74.109535999588786,40.552811000026345],[-74.108609000199337,40.552190000171265],[-74.106467999568594,40.553351999711168],[-74.10472600004438,40.552505000184404],[-74.102680999673112,40.556369000073111],[-74.102295999708645,40.556886999952575],[-74.101064999647278,40.558542000201314],[-74.100336999551132,40.559079999796033],[-74.100637000025102,40.55924899995992],[-74.101550999894073,40.559784999680474],[-74.101656000374362,40.559852000282184],[-74.101733000367261,40.559900999885286],[-74.101890999652696,40.559719000203785],[-74.102504999946021,40.559003000044342],[-74.104012000191929,40.557690000157571],[-74.105213999941,40.556642999976376],[-74.105728999601823,40.55619500006555],[-74.106461999720821,40.555278000316889],[-74.108909999599888,40.553424000213909]]]},"properties":{"OBJECTID":60486,"GEOID":"360850128064","STATE":"36","COUNTY":"085","AREALAND":197080,"AREAWATER":0}},{"type":"Feature","id":60487,"geometry":{"type":"Polygon","coordinates":[[[-74.130964999874379,40.568825999667489],[-74.130979000118074,40.568103000061917],[-74.130957000376753,40.567375999936132],[-74.130908999797867,40.566637000005464],[-74.130815000086542,40.56591399995343],[-74.130703999758452,40.565205000126177],[-74.130476999977731,40.565149999788105],[-74.130471000129958,40.564971999724243],[-74.130087999815316,40.565256000076644],[-74.12941999999363,40.565720999719382],[-74.128572000246876,40.566312000273562],[-74.128444000200361,40.566398999810588],[-74.128159999619925,40.566629999891411],[-74.127762000134965,40.566947000326309],[-74.127143999643692,40.567579000001906],[-74.126762999877172,40.567803999819262],[-74.125994999598063,40.568226000129947],[-74.124899000154215,40.568948999771472],[-74.12604800019983,40.569581000330075],[-74.126218999904069,40.569679000268692],[-74.126808999907922,40.570008999758812],[-74.128089000373123,40.570751000336479],[-74.128728999707391,40.57133699982807],[-74.129825999874484,40.572219999946327],[-74.130191999572389,40.572480999741579],[-74.130307000098412,40.572160999984867],[-74.130826999782101,40.570008000085402],[-74.130964999874379,40.568825999667489]]]},"properties":{"OBJECTID":60487,"GEOID":"360850138003","STATE":"36","COUNTY":"085","AREALAND":211549,"AREAWATER":0}},{"type":"Feature","id":60488,"geometry":{"type":"Polygon","coordinates":[[[-74.128147999924352,40.575056000130857],[-74.129143999809102,40.574730000060732],[-74.127715000279323,40.573758999924024],[-74.126810999557748,40.573408999866551],[-74.12593400039701,40.573064000211318],[-74.125494000180964,40.57288400010038],[-74.122169000242835,40.57093999970958],[-74.121625000269702,40.571501999782562],[-74.121286000335999,40.572107000228961],[-74.121394000291019,40.572974999845513],[-74.121604000353315,40.573556000181902],[-74.121699999714465,40.573833000228106],[-74.121831000134037,40.574216999846264],[-74.121852999875358,40.574652000285653],[-74.121770000034658,40.575054000252479],[-74.122643999720694,40.575482999747521],[-74.122760000071622,40.575565999917593],[-74.122871000399698,40.575630000282558],[-74.123018999639399,40.575698000304733],[-74.12317699982313,40.575750000034205],[-74.123319999938275,40.575783000064682],[-74.12349700038861,40.575807999973506],[-74.124084000019423,40.575834000141761],[-74.12513400033086,40.575880999790343],[-74.125637000296095,40.575972999819967],[-74.126656999571978,40.576285999981906],[-74.127089000290425,40.576368999838074],[-74.127135000321175,40.576193999700422],[-74.127203999918152,40.575995000223607],[-74.127290000131865,40.575799999867236],[-74.127397000261993,40.575602999762879],[-74.12753000033139,40.575398000288786],[-74.127653000355025,40.575235000261955],[-74.127794999746925,40.575185000006705],[-74.128147999924352,40.575056000130857]]]},"properties":{"OBJECTID":60488,"GEOID":"360850138005","STATE":"36","COUNTY":"085","AREALAND":207597,"AREAWATER":0}},{"type":"Feature","id":60489,"geometry":{"type":"Polygon","coordinates":[[[-74.168067000346781,40.552944000177433],[-74.168052000278152,40.552718000302562],[-74.167894000094407,40.552000999725102],[-74.167865999607017,40.551889999886136],[-74.167767999697716,40.551437999767053],[-74.167735000085756,40.551291000014658],[-74.167617999909893,40.550775999724806],[-74.167571999879129,40.550574999820064],[-74.167417999893345,40.549881000275718],[-74.167258999884695,40.549166999991371],[-74.16709900005111,40.548448000308568],[-74.167092000378432,40.548318000093488],[-74.167069999738814,40.548205000294793],[-74.167028999730917,40.548086000300714],[-74.166972999654419,40.547970000102993],[-74.166889999813762,40.547846999673808],[-74.166832000087425,40.547779000022203],[-74.166232999862714,40.547343000334216],[-74.166047999914781,40.547595000136809],[-74.16603000037145,40.547790000080923],[-74.166028999648205,40.547978000123067],[-74.166047999914781,40.548182000312444],[-74.166081000425052,40.548359999970017],[-74.166134000128523,40.548550999759009],[-74.166154000220004,40.548605000090184],[-74.165240000351019,40.548730999783459],[-74.164255000336937,40.548834000163801],[-74.163385999775471,40.548915999949074],[-74.162096000162862,40.549084999830825],[-74.162030000040616,40.549091999731914],[-74.161624999984667,40.5491379997463],[-74.161168000050168,40.549191000302407],[-74.160824000093584,40.549274000316252],[-74.160178000013218,40.549430000228405],[-74.160354999565229,40.550181000005303],[-74.160203999952486,40.551324999772504],[-74.160106999868106,40.551540000129968],[-74.159993000065285,40.552295999823244],[-74.159967999950922,40.552440000292165],[-74.159964999577866,40.552602999871112],[-74.159988000042404,40.552765999735776],[-74.160028000225381,40.552900999834144],[-74.160073000431225,40.553009000262925],[-74.16031299973244,40.553716999669717],[-74.161262999586427,40.553589999883648],[-74.162462999685673,40.553435999948924],[-74.163394000171394,40.553316999694715],[-74.164339999827419,40.553196000062542],[-74.165240000351019,40.553089999787623],[-74.166180999984178,40.552916000131631],[-74.166324999924228,40.552867000193999],[-74.166509999872147,40.552824999731342],[-74.166658000010145,40.552805999692175],[-74.166827999889463,40.552798000248856],[-74.167263000082656,40.552823999801255],[-74.167475999619654,40.552848000166712],[-74.167694999902778,40.552883999674954],[-74.167931999729234,40.552937999924829],[-74.168067000346781,40.552944000177433]]]},"properties":{"OBJECTID":60489,"GEOID":"360850146043","STATE":"36","COUNTY":"085","AREALAND":313771,"AREAWATER":0}},{"type":"Feature","id":60490,"geometry":{"type":"Polygon","coordinates":[[[-74.166232999862714,40.547343000334216],[-74.166196999877698,40.547110999894336],[-74.165743000316283,40.545398000077448],[-74.165488999873062,40.544652000169698],[-74.165401000009496,40.544433000003622],[-74.165296000427517,40.544272999825488],[-74.164788000439401,40.543802000312162],[-74.164231000047479,40.543301000103568],[-74.163445000225025,40.543769000213445],[-74.159726999926505,40.545775000128749],[-74.159295000106368,40.546022000212247],[-74.158865999760977,40.546255999702552],[-74.158999999655279,40.546811000064082],[-74.159368999726212,40.547327000141351],[-74.15964699956055,40.54780600016317],[-74.15989900035396,40.54825500022924],[-74.160178000013218,40.549430000228405],[-74.160824000093584,40.549274000316252],[-74.161168000050168,40.549191000302407],[-74.161624999984667,40.5491379997463],[-74.162030000040616,40.549091999731914],[-74.162096000162862,40.549084999830825],[-74.163385999775471,40.548915999949074],[-74.164255000336937,40.548834000163801],[-74.165240000351019,40.548730999783459],[-74.166154000220004,40.548605000090184],[-74.166134000128523,40.548550999759009],[-74.166081000425052,40.548359999970017],[-74.166047999914781,40.548182000312444],[-74.166028999648205,40.547978000123067],[-74.16603000037145,40.547790000080923],[-74.166047999914781,40.547595000136809],[-74.166232999862714,40.547343000334216]]]},"properties":{"OBJECTID":60490,"GEOID":"360850146044","STATE":"36","COUNTY":"085","AREALAND":274565,"AREAWATER":0}},{"type":"Feature","id":60491,"geometry":{"type":"Polygon","coordinates":[[[-74.15301199975292,40.557330999876903],[-74.152629000336603,40.556473000183381],[-74.152323000014832,40.55578199999826],[-74.152071999944667,40.555216999964003],[-74.151686999980214,40.554359999704694],[-74.151219999999981,40.553312000080886],[-74.150912999853318,40.552604999737845],[-74.150636999668777,40.551949999914171],[-74.150502999774488,40.551635000020411],[-74.150369999705106,40.551293999873515],[-74.150106000114434,40.550818000107519],[-74.149720000325075,40.551142999984386],[-74.149677999593962,40.551188999955031],[-74.149569999638928,40.551288000155672],[-74.149446999615293,40.551379999866136],[-74.149311999896071,40.55146099999628],[-74.149157000085367,40.551533999751548],[-74.14899200022893,40.55159300015012],[-74.148843000266012,40.551632000176788],[-74.148555000385926,40.551646000128322],[-74.148254999911956,40.551646000128322],[-74.147967999856775,40.551634000072518],[-74.147648000189648,40.551607000109811],[-74.147385000423895,40.55157199986381],[-74.145895999721347,40.551360000147554],[-74.145293000196986,40.551563000324165],[-74.145571999856244,40.552017000166352],[-74.145598999620432,40.552080999845408],[-74.14557600005422,40.552708000302566],[-74.145557999612549,40.553195000138004],[-74.145626000282931,40.553376999809196],[-74.145790000314449,40.553813999714883],[-74.146069999798613,40.554642000228398],[-74.14636299970158,40.555759999774494],[-74.146551000022555,40.556235000021005],[-74.145487000365748,40.557320000020425],[-74.144859999653633,40.557824000027495],[-74.144217999771215,40.558335999800406],[-74.144617999804296,40.558718999777746],[-74.145653000047105,40.559716000039856],[-74.146357999678699,40.559281999938079],[-74.147067000406594,40.558855999838045],[-74.147547999732211,40.558578000060557],[-74.148094000253465,40.559174999908386],[-74.149818000234362,40.558315000263981],[-74.150520000391239,40.557980999666292],[-74.15219400014341,40.55754500019988],[-74.15301199975292,40.557330999876903]]]},"properties":{"OBJECTID":60491,"GEOID":"360850146052","STATE":"36","COUNTY":"085","AREALAND":414516,"AREAWATER":0}},{"type":"Feature","id":60492,"geometry":{"type":"Polygon","coordinates":[[[-74.146551000022555,40.556235000021005],[-74.14636299970158,40.555759999774494],[-74.146069999798613,40.554642000228398],[-74.145790000314449,40.553813999714883],[-74.145626000282931,40.553376999809196],[-74.145557999612549,40.553195000138004],[-74.14557600005422,40.552708000302566],[-74.145598999620432,40.552080999845408],[-74.145571999856244,40.552017000166352],[-74.145293000196986,40.551563000324165],[-74.144785000208884,40.551681000335648],[-74.144603999560587,40.551765999885326],[-74.144376999779865,40.551888999942108],[-74.144170999915545,40.552021999876821],[-74.144010000257055,40.552142000325141],[-74.14383899965452,40.552288000318939],[-74.143696000437714,40.552430000250666],[-74.143389000291037,40.552619000168512],[-74.143134999847831,40.552755999742956],[-74.142862000036359,40.552886000215842],[-74.142590000049793,40.553000000233858],[-74.1423299997588,40.553095000100583],[-74.141162000344906,40.553554000072481],[-74.141020999879601,40.553623999839267],[-74.140886999985298,40.553704000068166],[-74.140747000243223,40.553804999794018],[-74.140614999998732,40.553922000036145],[-74.140511000241673,40.554033999831319],[-74.140477999731388,40.55417600015555],[-74.140428000400988,40.554359999704694],[-74.140254000323708,40.554794000318161],[-74.140182000353704,40.55496299969851],[-74.139869000359255,40.55570800020957],[-74.139783000145528,40.555904000301446],[-74.139655999923917,40.556109999995478],[-74.139515000356923,40.556302999958739],[-74.139352000150296,40.556495000172859],[-74.13917899989795,40.556671999701223],[-74.139034000132995,40.556802999949248],[-74.138850999834887,40.556950999754378],[-74.13878200023791,40.557032999837595],[-74.138614000008417,40.557211999720245],[-74.138439000106231,40.557375999829418],[-74.138259000181179,40.557526999994991],[-74.138110000218262,40.557637000185906],[-74.138035999700094,40.557691000014977],[-74.139265000111678,40.558478999718623],[-74.139665000144745,40.558648999877818],[-74.142588000399968,40.559893999749171],[-74.143858999746016,40.559161000166078],[-74.144617999804296,40.558718999777746],[-74.144217999771215,40.558335999800406],[-74.144859999653633,40.557824000027495],[-74.145487000365748,40.557320000020425],[-74.146551000022555,40.556235000021005]]]},"properties":{"OBJECTID":60492,"GEOID":"360850146062","STATE":"36","COUNTY":"085","AREALAND":368008,"AREAWATER":0}},{"type":"Feature","id":60493,"geometry":{"type":"Polygon","coordinates":[[[-74.150861999799673,40.568528999998975],[-74.151700000399003,40.567856999930029],[-74.150778000134096,40.566911999910722],[-74.148779999618498,40.565250000245072],[-74.148125000215629,40.564710000233596],[-74.143125999627003,40.560507999738277],[-74.142588000399968,40.559893999749171],[-74.139665000144745,40.558648999877818],[-74.139265000111678,40.558478999718623],[-74.138035999700094,40.557691000014977],[-74.137393999817689,40.558020999919691],[-74.136601000322514,40.558388999901197],[-74.135749000377828,40.558850000115306],[-74.135192999810812,40.559747999961154],[-74.134807999846345,40.560798999964632],[-74.133971999795165,40.561576000097709],[-74.13340699990566,40.562129999949519],[-74.133216999934859,40.562602999791459],[-74.133109999804731,40.562868000045562],[-74.132633999603669,40.563512999769088],[-74.131699999643203,40.564536000067655],[-74.132401999800081,40.564760999878857],[-74.13329800012572,40.564973999903948],[-74.134587999738329,40.56527599973888],[-74.13493300041813,40.565391999982076],[-74.135278000199634,40.565526000130433],[-74.135577999775293,40.565655999692062],[-74.135886999571781,40.565805999869809],[-74.136193999718444,40.565972999963428],[-74.13651099991084,40.566168000297253],[-74.137622000321642,40.566686999824142],[-74.138137999807356,40.566052000034155],[-74.13723800018208,40.565623000126443],[-74.136485999796491,40.565245999902103],[-74.13723700035716,40.564541999963232],[-74.137408000061399,40.564421000145046],[-74.137567999894941,40.564325000212612],[-74.137719000405994,40.564247999669668],[-74.137914000399675,40.564163000270305],[-74.138086999753725,40.564100000300634],[-74.138208000127548,40.564040000241825],[-74.138321999930369,40.563969000000426],[-74.138449999976899,40.563870000124439],[-74.138550000434307,40.5637749998507],[-74.13863900012278,40.563672999701197],[-74.138716999940584,40.563556999890949],[-74.138774999666907,40.563445000330468],[-74.138803999979203,40.563369999685243],[-74.138841999614058,40.563283000305624],[-74.13894000042167,40.563062000094405],[-74.139019000064366,40.562970999835493],[-74.139105000278093,40.562899000045405],[-74.139198000164527,40.562842000298829],[-74.139301000096665,40.562793999899959],[-74.139420999747273,40.562755000232904],[-74.139546000319058,40.562731000006607],[-74.139671999817452,40.562721999919482],[-74.139753000008284,40.562722999701741],[-74.139880000229894,40.562737000063969],[-74.139983000162061,40.562758000260636],[-74.140092999766921,40.562790999873847],[-74.140185999653355,40.562830000202332],[-74.140264000369442,40.562870000288143],[-74.140483999579189,40.562994999975736],[-74.140567000318171,40.563046000245293],[-74.140860000221124,40.563202999921259],[-74.141164999819637,40.563339999676607],[-74.14130399973682,40.563392999910249],[-74.14179500000651,40.563583000042357],[-74.142258999613702,40.563736999839932],[-74.14235900007111,40.563919999962948],[-74.142359999896016,40.564000000172754],[-74.142338999979629,40.564063999998822],[-74.142297999971746,40.564123000274748],[-74.142241999895248,40.564172000163666],[-74.142193000389753,40.564200000279058],[-74.141754999823533,40.564530000171501],[-74.14102199970452,40.565106999777697],[-74.139797000389223,40.566103000021627],[-74.139600999672325,40.566264000315883],[-74.139410999701525,40.566639999859149],[-74.138900000238692,40.567292999842806],[-74.139763999878951,40.567712000158245],[-74.140275000240109,40.567953999959634],[-74.141311000307823,40.56843299981734],[-74.142635000255638,40.568978999995522],[-74.142891000348669,40.569084999678715],[-74.144387999650519,40.569707000127359],[-74.144899999836596,40.569916000042383],[-74.145601000168568,40.570212000026288],[-74.146290999731562,40.570497000327357],[-74.146385000341198,40.570530999884753],[-74.146477000402697,40.570549000004725],[-74.146562999718114,40.570555000043619],[-74.146669000023337,40.57054999967005],[-74.146778999628182,40.570528000205485],[-74.147207000148683,40.570534000246262],[-74.147896999711662,40.570888000336048],[-74.149838000325843,40.569357000028894],[-74.149895000227247,40.569311000258097],[-74.150346000313959,40.568941999899195],[-74.150691000095463,40.568667000146739],[-74.150861999799673,40.568528999998975]]]},"properties":{"OBJECTID":60493,"GEOID":"360850146063","STATE":"36","COUNTY":"085","AREALAND":1064519,"AREAWATER":192}},{"type":"Feature","id":67718,"geometry":{"type":"Polygon","coordinates":[[[-74.079217999785243,40.623871000099513],[-74.078904999790808,40.623255999819648],[-74.078260000433644,40.621990000189321],[-74.07804299980036,40.621563000238872],[-74.077855000377696,40.621196999862114],[-74.076954999854109,40.62016099978333],[-74.075580999677584,40.620877000002139],[-74.073814000038993,40.621797000155382],[-74.072535000297037,40.622463999775029],[-74.074399999844914,40.624462999815925],[-74.074840000060959,40.625226000023879],[-74.075030999856679,40.625602999681952],[-74.075983000258802,40.625509000018809],[-74.07568199995994,40.624918000244691],[-74.078154999953355,40.624193999934178],[-74.079217999785243,40.623871000099513]]]},"properties":{"OBJECTID":67718,"GEOID":"360850027001","STATE":"36","COUNTY":"085","AREALAND":178853,"AREAWATER":0}},{"type":"Feature","id":67719,"geometry":{"type":"Polygon","coordinates":[[[-74.085898999623637,40.619908999804139],[-74.086006999578686,40.619094000146063],[-74.084782000263402,40.619000999809892],[-74.083899000356553,40.618931999872686],[-74.083675999875481,40.618913999818083],[-74.081978999658759,40.618778000309312],[-74.081496999609911,40.619571000033247],[-74.081490999762138,40.619611000284998],[-74.081482000439607,40.619780999894381],[-74.08149599978502,40.619969000210126],[-74.081529000295276,40.620141000166051],[-74.08157600015096,40.620293999711102],[-74.08163899990015,40.62044200021657],[-74.081721999740822,40.620594000154817],[-74.081798999733707,40.620709999928842],[-74.08189199962014,40.620828000056562],[-74.082181000223443,40.621352999843118],[-74.082639999807739,40.622177000167277],[-74.082920000190242,40.622677000154958],[-74.08277299987715,40.623587999982284],[-74.083824000013479,40.623252000218379],[-74.085250000068527,40.622800999659979],[-74.085374999742015,40.622187000012758],[-74.085465999978595,40.621743999829398],[-74.085486999894997,40.621650000189902],[-74.085604999895779,40.62114300015093],[-74.085630000010127,40.621044000339793],[-74.085701999980145,40.62076200011483],[-74.085802000437582,40.620365000174182],[-74.085898999623637,40.619908999804139]]]},"properties":{"OBJECTID":67719,"GEOID":"360850029001","STATE":"36","COUNTY":"085","AREALAND":140312,"AREAWATER":0}},{"type":"Feature","id":67802,"geometry":{"type":"Polygon","coordinates":[[[-74.094090000080996,40.617873000227199],[-74.094081999685073,40.617759000265124],[-74.09407099981442,40.617704000177973],[-74.093829999789989,40.617981000119492],[-74.093767999865733,40.618062000094589],[-74.093684000200142,40.618139999699999],[-74.093603999834201,40.618195000110092],[-74.093511999772687,40.618241999990673],[-74.093409999665425,40.61828100004066],[-74.093310999931219,40.618305999745971],[-74.093207999999066,40.618320999701062],[-74.09308099977747,40.618325000279469],[-74.092977999845303,40.618318000119409],[-74.092858000194695,40.618296000001351],[-74.092747999691539,40.618260999860539],[-74.092643000109547,40.61821200004168],[-74.092534000329607,40.618141000017772],[-74.092269000015733,40.61796299980859],[-74.092000000402223,40.617801000202],[-74.091817000104115,40.617700999886729],[-74.091663999943236,40.617566999925145],[-74.091478999995317,40.617430999719879],[-74.091278000153849,40.617308000123032],[-74.091109000099451,40.617220000322433],[-74.090913000280878,40.617133000056924],[-74.090698000195729,40.617054999957681],[-74.090468999866872,40.616990000032693],[-74.090307000383461,40.616952000246584],[-74.089853999748627,40.616859999993046],[-74.08980199987009,40.61680800017912],[-74.089600000203731,40.616607999835672],[-74.087414000265468,40.615929999937364],[-74.086984999920077,40.616533000149168],[-74.0865709996433,40.617170000089644],[-74.086266999869679,40.617831999976126],[-74.086080000271934,40.618514999862214],[-74.086040999913862,40.618820000287457],[-74.086006999578686,40.619094000146063],[-74.085898999623637,40.619908999804139],[-74.085802000437582,40.620365000174182],[-74.085701999980145,40.62076200011483],[-74.085630000010127,40.621044000339793],[-74.085604999895779,40.62114300015093],[-74.085486999894997,40.621650000189902],[-74.085465999978595,40.621743999829398],[-74.085374999742015,40.622187000012758],[-74.085250000068527,40.622800999659979],[-74.084962000188455,40.62462500031193],[-74.084153999726368,40.626267000251012],[-74.083762000089209,40.626775999953843],[-74.083394999668087,40.627119999819854],[-74.083033000168143,40.627371999865701],[-74.082573999685522,40.627440999947801],[-74.082335000209241,40.627473000198819],[-74.082206000337791,40.627474999873122],[-74.082057000374888,40.627436999915346],[-74.081876999551511,40.627402999970677],[-74.081694999976634,40.627366000151603],[-74.081530999945116,40.627339000068019],[-74.081371999936451,40.627332000170796],[-74.081139000307957,40.627325999771358],[-74.081016000284279,40.627343000106343],[-74.080924000222794,40.627364999971981],[-74.080831000336374,40.627408000184211],[-74.08078699995545,40.627434000061314],[-74.080725000031151,40.627493999843878],[-74.080684000023282,40.62756399997663],[-74.080644999665211,40.627675999900077],[-74.080626000296959,40.62773700032114],[-74.08061299987817,40.627819000229358],[-74.080591999961783,40.627922000229155],[-74.080586000113982,40.628015999904967],[-74.080569000395556,40.628073000021111],[-74.080513000319044,40.628146000050947],[-74.080447000196827,40.628222999986612],[-74.080379000424756,40.628261999663351],[-74.079724999948454,40.628951000196821],[-74.080759000366342,40.629494000157152],[-74.08173099996165,40.630011999705594],[-74.083029999795102,40.62872500002949],[-74.083881999739802,40.629285999773757],[-74.084562000155358,40.629733000279614],[-74.085207000410833,40.629312999751939],[-74.08636200030422,40.63003000017833],[-74.08649100017567,40.630110999859518],[-74.086823000436695,40.630318000264829],[-74.088077000064288,40.631080999711415],[-74.08890399989464,40.630292000147023],[-74.091581000102565,40.62654599983987],[-74.090831000265098,40.62609400018934],[-74.090494999806126,40.625903000144618],[-74.088718999946707,40.625899000020048],[-74.088528000150987,40.624180000161594],[-74.088498000013757,40.623880000141384],[-74.088489999617835,40.623448999728915],[-74.088544999869441,40.622618999955513],[-74.088629000433343,40.621458000123532],[-74.088674999565782,40.621031000181517],[-74.089420000278679,40.620307000012808],[-74.089859999596399,40.619875000118398],[-74.090223999644479,40.619409000234789],[-74.090668000058486,40.618709000141827],[-74.091075999589194,40.6186109997617],[-74.091921999686093,40.618575000156504],[-74.092140999969217,40.618639999903081],[-74.092376000145848,40.618694000273869],[-74.092586000208144,40.618729999814953],[-74.092787000049583,40.618753999725499],[-74.093032000271961,40.618769999888386],[-74.093095999846071,40.61877100019673],[-74.093218000044814,40.618773000131576],[-74.093334000395757,40.618760000213214],[-74.093438000152844,40.618736000304771],[-74.093547999757689,40.618696999838576],[-74.093648000215126,40.618643000152105],[-74.093734000428853,40.618579999667176],[-74.093809999698507,40.618503000206005],[-74.093861999577058,40.618427000287731],[-74.093934000445387,40.618338000282478],[-74.093998000019496,40.618234999821972],[-74.094048000248208,40.618116999886993],[-74.094079000210343,40.617996000147542],[-74.094090000080996,40.617873000227199]]]},"properties":{"OBJECTID":67802,"GEOID":"360850033002","STATE":"36","COUNTY":"085","AREALAND":686183,"AREAWATER":0}},{"type":"Feature","id":67803,"geometry":{"type":"Polygon","coordinates":[[[-74.08149599978502,40.60636599972355],[-74.081643999923017,40.606178000003908],[-74.077867000073269,40.606066000180803],[-74.077809000346946,40.606303999751098],[-74.077769000163968,40.606415000046063],[-74.077738000201833,40.60649800002323],[-74.077596999736528,40.60688600024212],[-74.078164999999089,40.606898999742931],[-74.079140999792358,40.606739000202786],[-74.078979000308962,40.607077000102542],[-74.078801000033721,40.607453999888932],[-74.078364000190717,40.607977000171921],[-74.077973000378478,40.608505000036473],[-74.077073999679783,40.609717000082043],[-74.076292999880209,40.609343999856613],[-74.074923999726565,40.610889999718658],[-74.074371000430915,40.611226000285797],[-74.075038000427696,40.611697999722558],[-74.075697999853446,40.6120070001747],[-74.076097999886528,40.612199999851292],[-74.07568199995994,40.612589999817793],[-74.075281999926844,40.612773999683135],[-74.074592000363836,40.613085999749593],[-74.072458000304138,40.61407800016017],[-74.072783999819066,40.614519999665347],[-74.073454000188889,40.615415999663369],[-74.073584999710135,40.615583999689136],[-74.073954999605988,40.61605599970877],[-74.074547000158006,40.616942999953132],[-74.076204000191751,40.61441900020278],[-74.077556999553551,40.612137000109996],[-74.077842999783826,40.611655000307792],[-74.079428999672444,40.609098999756775],[-74.080109999912921,40.608135999690504],[-74.080694999893922,40.607389000171551],[-74.081296999593377,40.606619000125832],[-74.08136699991357,40.606530000077328],[-74.08149599978502,40.60636599972355]]]},"properties":{"OBJECTID":67803,"GEOID":"360850036001","STATE":"36","COUNTY":"085","AREALAND":246746,"AREAWATER":0}},{"type":"Feature","id":67804,"geometry":{"type":"Polygon","coordinates":[[[-74.097702000074321,40.618809000311963],[-74.097387000430047,40.616597000177855],[-74.097147000230521,40.61528500029187],[-74.096646999740003,40.615522999761104],[-74.096443000423832,40.615620000224176],[-74.096233000361551,40.615720000244792],[-74.094302999618023,40.616655000150899],[-74.09407099981442,40.617704000177973],[-74.094081999685073,40.617759000265124],[-74.094090000080996,40.617873000227199],[-74.094079000210343,40.617996000147542],[-74.094048000248208,40.618116999886993],[-74.093998000019496,40.618234999821972],[-74.093934000445387,40.618338000282478],[-74.093861999577058,40.618427000287731],[-74.093809999698507,40.618503000206005],[-74.093734000428853,40.618579999667176],[-74.093648000215126,40.618643000152105],[-74.093547999757689,40.618696999838576],[-74.093438000152844,40.618736000304771],[-74.093334000395757,40.618760000213214],[-74.093218000044814,40.618773000131576],[-74.093095999846071,40.61877100019673],[-74.093032000271961,40.618769999888386],[-74.092787000049583,40.618753999725499],[-74.092586000208144,40.618729999814953],[-74.092376000145848,40.618694000273869],[-74.092140999969217,40.618639999903081],[-74.091921999686093,40.618575000156504],[-74.091075999589194,40.6186109997617],[-74.090668000058486,40.618709000141827],[-74.090223999644479,40.619409000234789],[-74.091054999672792,40.619717999800805],[-74.091923000409324,40.619889999721174],[-74.093483000358674,40.620200000076686],[-74.093575000420202,40.620231999705965],[-74.093675999804205,40.620253999868325],[-74.093782999934334,40.620262000111524],[-74.093904000308171,40.620255000154486],[-74.094020999585709,40.62023100010132],[-74.094126999890918,40.620191000220828],[-74.094210999556495,40.620144999953659],[-74.09426300033337,40.620108000204887],[-74.094624000008395,40.619654000034522],[-74.097702000074321,40.618809000311963]]]},"properties":{"OBJECTID":67804,"GEOID":"360850039001","STATE":"36","COUNTY":"085","AREALAND":151928,"AREAWATER":0}},{"type":"Feature","id":67805,"geometry":{"type":"Polygon","coordinates":[[[-74.103510999876519,40.616414000273778],[-74.103026000352926,40.615780999992964],[-74.102567999695211,40.615188000024354],[-74.102094000042285,40.614600000056306],[-74.101276000432776,40.613984999660495],[-74.100683999880758,40.613554000186326],[-74.100550999811375,40.613461000321173],[-74.099877000141902,40.612918999976131],[-74.099350999712129,40.612418999918617],[-74.098109999604986,40.612791000312235],[-74.097923000007242,40.613478999799227],[-74.097526000347202,40.614074999706098],[-74.097635999952061,40.614302999733674],[-74.097954999794297,40.614943999895694],[-74.098117000176003,40.615296999844176],[-74.098995999884878,40.615807000304656],[-74.099723999981023,40.616220000148601],[-74.100441000206501,40.616629000169212],[-74.101165000104686,40.617041999704966],[-74.101898000223713,40.617453000122801],[-74.102549000326945,40.616852999679487],[-74.103510999876519,40.616414000273778]]]},"properties":{"OBJECTID":67805,"GEOID":"360850047002","STATE":"36","COUNTY":"085","AREALAND":141503,"AREAWATER":0}},{"type":"Feature","id":67806,"geometry":{"type":"Polygon","coordinates":[[[-74.092822000209679,40.601809000261653],[-74.092837000278308,40.601089000068967],[-74.091778999570977,40.59923900009386],[-74.091540000094668,40.599455999833999],[-74.090832999914923,40.59998799980287],[-74.089476000355162,40.600904000192834],[-74.089201999820474,40.600963999932233],[-74.088706000426228,40.60104400018308],[-74.088275000431011,40.601113000177641],[-74.086583000237169,40.601250000064347],[-74.086184999853913,40.601345000328806],[-74.08614399984603,40.603583000290229],[-74.088831999924608,40.605015999701649],[-74.089524000035738,40.605383999715436],[-74.090312000406342,40.605823999800265],[-74.090403999569531,40.605875999978487],[-74.090699000020621,40.606040999987599],[-74.090915999755609,40.606162000235507],[-74.091703000301294,40.606657000332618],[-74.092400000435305,40.607071999731104],[-74.092660999652892,40.606799999966057],[-74.092761999935234,40.60659800005606],[-74.092777000003849,40.606439000288319],[-74.09268300029251,40.605912000288029],[-74.092652000330375,40.605658000114715],[-74.092586000208144,40.60514099976308],[-74.092608999774356,40.603229999841524],[-74.092720000102446,40.602498000147783],[-74.092822000209679,40.601809000261653]]]},"properties":{"OBJECTID":67806,"GEOID":"360850050001","STATE":"36","COUNTY":"085","AREALAND":290259,"AREAWATER":0}},{"type":"Feature","id":67807,"geometry":{"type":"Polygon","coordinates":[[[-74.092257000320174,40.607208999679983],[-74.092400000435305,40.607071999731104],[-74.091703000301294,40.606657000332618],[-74.090915999755609,40.606162000235507],[-74.090699000020621,40.606040999987599],[-74.090403999569531,40.605875999978487],[-74.090312000406342,40.605823999800265],[-74.089524000035738,40.605383999715436],[-74.088831999924608,40.605015999701649],[-74.08614399984603,40.603583000290229],[-74.085870000209653,40.603847999877239],[-74.08565299957634,40.603738999795944],[-74.085205999687602,40.604086999689784],[-74.084653000391953,40.604596999776689],[-74.084466999720817,40.6047880000406],[-74.083519000414967,40.605740999668015],[-74.083064999955198,40.60615399966791],[-74.082909000319574,40.60630699987211],[-74.083507999645988,40.606404999885712],[-74.083964999580473,40.606493000290484],[-74.084949999594556,40.606725999988889],[-74.085558999865029,40.606905999735382],[-74.086436999748997,40.607210999960877],[-74.08689799988143,40.607393999837271],[-74.087612999558786,40.607678999943758],[-74.088355999723547,40.607997000020632],[-74.088888000001091,40.608229999931389],[-74.090567999601078,40.609002000056392],[-74.090801000127897,40.608778999915984],[-74.090960000136548,40.608629999710182],[-74.092029999641127,40.607426000144329],[-74.092257000320174,40.607208999679983]]]},"properties":{"OBJECTID":67807,"GEOID":"360850050002","STATE":"36","COUNTY":"085","AREALAND":217696,"AREAWATER":0}},{"type":"Feature","id":68251,"geometry":{"type":"Polygon","coordinates":[[[-74.126729000440321,40.564430000003661],[-74.125980000427774,40.563974000183286],[-74.125234999714891,40.563526999966086],[-74.124504000144,40.563084999742742],[-74.123774000398029,40.5626439997964],[-74.123042000103936,40.562197000251501],[-74.122309999809829,40.561755999914325],[-74.121576999690816,40.561311999991673],[-74.120841999921979,40.560866000233936],[-74.120051999901563,40.560394000219375],[-74.119105000420618,40.561270999853328],[-74.118180999607588,40.562130999740603],[-74.117543999748023,40.562740000092454],[-74.119126000337005,40.563721999919551],[-74.121317000298134,40.565043000266542],[-74.122743000353182,40.565901999725313],[-74.124258999921622,40.566821999830388],[-74.125141999828458,40.565888999760048],[-74.125709000266127,40.565327000317666],[-74.126729000440321,40.564430000003661]]]},"properties":{"OBJECTID":68251,"GEOID":"360850132012","STATE":"36","COUNTY":"085","AREALAND":243833,"AREAWATER":0}},{"type":"Feature","id":68252,"geometry":{"type":"Polygon","coordinates":[[[-74.1423299997588,40.553095000100583],[-74.141555999631905,40.552542999745633],[-74.140862999695855,40.552039000254915],[-74.140182000353704,40.551560999743749],[-74.139479000371921,40.551068999846585],[-74.138730000359374,40.551540000129968],[-74.13800999976084,40.55199400012809],[-74.13728400021283,40.552451000267894],[-74.136557999766524,40.55290500023235],[-74.135833000043419,40.553356000082381],[-74.134987999771397,40.553810999968924],[-74.136098000357293,40.554721999923522],[-74.137430999627611,40.555817999976576],[-74.137697999591296,40.556021000288261],[-74.138850999834887,40.556950999754378],[-74.139034000132995,40.556802999949248],[-74.13917899989795,40.556671999701223],[-74.139352000150296,40.556495000172859],[-74.139515000356923,40.556302999958739],[-74.139655999923917,40.556109999995478],[-74.139783000145528,40.555904000301446],[-74.139869000359255,40.55570800020957],[-74.140182000353704,40.55496299969851],[-74.140254000323708,40.554794000318161],[-74.140428000400988,40.554359999704694],[-74.140477999731388,40.55417600015555],[-74.140511000241673,40.554033999831319],[-74.140614999998732,40.553922000036145],[-74.140747000243223,40.553804999794018],[-74.140886999985298,40.553704000068166],[-74.141020999879601,40.553623999839267],[-74.141162000344906,40.553554000072481],[-74.1423299997588,40.553095000100583]]]},"properties":{"OBJECTID":68252,"GEOID":"360850132031","STATE":"36","COUNTY":"085","AREALAND":186659,"AREAWATER":0}},{"type":"Feature","id":68263,"geometry":{"type":"Polygon","coordinates":[[[-74.152214000234892,40.631842999871523],[-74.152611999719838,40.629134999997412],[-74.151604000139542,40.629134999997412],[-74.151667999713638,40.62869700033562],[-74.151671999911599,40.628663999829108],[-74.149882999633377,40.62844899980746],[-74.148778999793592,40.628307999794778],[-74.147912999605197,40.628185999940058],[-74.145935999904324,40.627823999729955],[-74.146133000446127,40.629075000325621],[-74.147536000036638,40.629371000274197],[-74.147380000401043,40.629827000133332],[-74.146910000047754,40.631156000107602],[-74.146828999856893,40.631382000228562],[-74.146659999802509,40.631951999784732],[-74.146617000144786,40.632073000149191],[-74.146566999916075,40.632238000230899],[-74.146520999885325,40.632391000016753],[-74.146421000326214,40.63272000014652],[-74.145839999644849,40.634575000043128],[-74.145631000305784,40.635245999775918],[-74.146128000423261,40.634972000051476],[-74.146704000183433,40.634656999735142],[-74.147042000292231,40.634516999950733],[-74.148029999781059,40.634328999681088],[-74.14951600011058,40.634128999987922],[-74.149620999692559,40.634115000252841],[-74.150850000104128,40.634192000122887],[-74.15186000023256,40.63417899979693],[-74.151948999921018,40.633636999842892],[-74.152214000234892,40.631842999871523]]]},"properties":{"OBJECTID":68263,"GEOID":"360850239001","STATE":"36","COUNTY":"085","AREALAND":315025,"AREAWATER":0}},{"type":"Feature","id":68264,"geometry":{"type":"Polygon","coordinates":[[[-74.152872000010845,40.627362000114665],[-74.153133999951649,40.625596999808991],[-74.152259000440722,40.625513999692338],[-74.152136000417087,40.625501999929824],[-74.15173999968367,40.62546199979672],[-74.151352000244458,40.62542100011273],[-74.150168999863624,40.625275999681335],[-74.148767999922939,40.625103999993435],[-74.146699999985472,40.624914000061125],[-74.1463290002647,40.624922999962465],[-74.146145000141672,40.624930000112137],[-74.14577600007074,40.625971999699068],[-74.145590000297915,40.626608000120498],[-74.145509000107069,40.627079999974015],[-74.145473999946958,40.627405999826152],[-74.145463000076305,40.627886999677756],[-74.145643999826262,40.627863000321497],[-74.145935999904324,40.627823999729955],[-74.147912999605197,40.628185999940058],[-74.148778999793592,40.628307999794778],[-74.149882999633377,40.62844899980746],[-74.151671999911599,40.628663999829108],[-74.151667999713638,40.62869700033562],[-74.151604000139542,40.629134999997412],[-74.152611999719838,40.629134999997412],[-74.15266699997143,40.628758999982892],[-74.152719999674886,40.628390999847937],[-74.152872000010845,40.627362000114665]]]},"properties":{"OBJECTID":68264,"GEOID":"360850239002","STATE":"36","COUNTY":"085","AREALAND":217059,"AREAWATER":0}},{"type":"Feature","id":68265,"geometry":{"type":"Polygon","coordinates":[[[-74.19078600024497,40.547400000307547],[-74.191526999861594,40.546907999874087],[-74.189884999896478,40.546039000065619],[-74.189542999589705,40.545353000266367],[-74.189197999808215,40.544693000245893],[-74.188854999676536,40.544022999933915],[-74.188587999712837,40.543370999665726],[-74.188417999833533,40.543009000204655],[-74.188369000328038,40.542903000188268],[-74.188261000373018,40.5426720001511],[-74.187924999914031,40.541999999919597],[-74.187601999873849,40.54133900020868],[-74.187308999970895,40.540669999909881],[-74.187088999862851,40.540246999851824],[-74.186920999633372,40.539894999758964],[-74.18678500008923,40.539607999986188],[-74.185169000063397,40.541544000238424],[-74.183141000308879,40.543865000269363],[-74.182625999749774,40.544410000091126],[-74.180721000018906,40.546672999909354],[-74.180940000302016,40.546784000204596],[-74.18128500008352,40.546958000094229],[-74.181995999562915,40.547323000092575],[-74.182777000260828,40.547709000288627],[-74.183558000060387,40.548103000312828],[-74.184348999905723,40.548491000098416],[-74.185117000184846,40.548894000199688],[-74.185891000311756,40.549288000078178],[-74.186671000286438,40.549670999938385],[-74.187572999561525,40.550146999666616],[-74.18807600042507,40.549522999740567],[-74.188587999712837,40.548944000302271],[-74.189299000090543,40.548377999909071],[-74.190060999623569,40.547867999763071],[-74.19078600024497,40.547400000307547]]]},"properties":{"OBJECTID":68265,"GEOID":"360850170093","STATE":"36","COUNTY":"085","AREALAND":487736,"AREAWATER":0}},{"type":"Feature","id":68266,"geometry":{"type":"Polygon","coordinates":[[[-74.171958999824255,40.534283000069962],[-74.171573999859774,40.533664999749227],[-74.171195999567985,40.533049000323913],[-74.170415999593331,40.53179700008954],[-74.170034999826825,40.531182999701549],[-74.169665999755878,40.530539999728518],[-74.16929500003512,40.529919999846555],[-74.170854999984471,40.529268000240656],[-74.170637000424577,40.528827999766015],[-74.170556000233731,40.528629999736488],[-74.170085999880456,40.527970999811231],[-74.169408999837927,40.527005000339308],[-74.169100999866345,40.526565999668151],[-74.168526999756011,40.525732000336987],[-74.168465999656632,40.524166999973524],[-74.168434999694483,40.524076999794858],[-74.168412999953176,40.524015000026331],[-74.16818799982228,40.524080999866065],[-74.168018999767895,40.52415600013267],[-74.167793999636984,40.524250000266385],[-74.167530999871246,40.524400000337536],[-74.167155999952527,40.524624999814833],[-74.166883999965961,40.524806999959239],[-74.166153000395084,40.525271999866163],[-74.165946999632453,40.525375000128626],[-74.165618999569404,40.525534000037403],[-74.165308999947982,40.525638000233187],[-74.165196999795,40.525740999933255],[-74.164990999930666,40.525947000224079],[-74.164841000142843,40.52605899968556],[-74.164616000011961,40.526191000054339],[-74.164363000291956,40.526283999739093],[-74.164194000237558,40.526283999739093],[-74.16404399955141,40.52629400027017],[-74.163789000181609,40.526334000331225],[-74.163719999686322,40.526350000075816],[-74.163564000050712,40.526451999723506],[-74.163516000370123,40.526494999976975],[-74.163409000240009,40.526566999990244],[-74.16322699976682,40.526674999865172],[-74.163172000413553,40.526714999698839],[-74.163126000382803,40.526761000058364],[-74.163018000427755,40.52681700015664],[-74.162895000404106,40.5268900001413],[-74.162763000159643,40.526944000181686],[-74.16256499979292,40.527037000187114],[-74.162507000066597,40.527067999705103],[-74.162440999944351,40.527095000000386],[-74.162384999867868,40.527126000174313],[-74.162329999616261,40.52716599973882],[-74.162271999889953,40.527194000307396],[-74.162225999859203,40.527202000077516],[-74.162143999843437,40.527180000024551],[-74.162097999812687,40.527157000333901],[-74.161967000291426,40.52710400009645],[-74.161826999651026,40.527070999966028],[-74.161691999931804,40.527024000186785],[-74.161646999725974,40.527013999764634],[-74.161582000326959,40.527013000131987],[-74.161527000075381,40.527028999714531],[-74.161398000203931,40.527091999740541],[-74.161337999929486,40.527128000118992],[-74.161270999982335,40.527159999908079],[-74.161199000012317,40.527185999853508],[-74.160935000421659,40.527310999922989],[-74.160875000147229,40.527347999811404],[-74.160814999872741,40.527378999868311],[-74.160691999849107,40.527433999823849],[-74.160618000229263,40.527466999775527],[-74.160475000114133,40.527504000260642],[-74.160408999991901,40.527530000072623],[-74.16034100021983,40.527550000078683],[-74.160304000409909,40.527555999874465],[-74.160265000051837,40.527553000318029],[-74.160207000325528,40.52750800012732],[-74.16016799996747,40.527448000053631],[-74.160131000157534,40.527402000165587],[-74.160106999868106,40.527380999805438],[-74.160084000301893,40.52736099974895],[-74.160055999814475,40.52734500024566],[-74.160010999608616,40.527343000307511],[-74.159943999661479,40.527363999996751],[-74.1598829995621,40.527369000181906],[-74.159973999798709,40.527493000284629],[-74.160058000362611,40.527635000208541],[-74.160424999885421,40.528118999833403],[-74.161917000062715,40.527495999843751],[-74.16210500038369,40.527418000338031],[-74.162401999586294,40.527702000202815],[-74.16257800021171,40.527963999751371],[-74.163046000016848,40.528664000072851],[-74.16401099993945,40.528255000063851],[-74.164853999663322,40.527909000230792],[-74.166083000074877,40.529689000105456],[-74.166385000198687,40.530123999727316],[-74.16664399976645,40.530514999981925],[-74.16689800020967,40.530917999676412],[-74.167274999778201,40.531537999883554],[-74.167654999719815,40.532160000293608],[-74.168036000384646,40.532787000172945],[-74.168424999648749,40.533435000165198],[-74.168777000001242,40.534061000193176],[-74.169156000117951,40.534669999830975],[-74.169500000074521,40.535291000333366],[-74.171958999824255,40.534283000069962]]]},"properties":{"OBJECTID":68266,"GEOID":"360850176004","STATE":"36","COUNTY":"085","AREALAND":397871,"AREAWATER":0}},{"type":"Feature","id":68267,"geometry":{"type":"Polygon","coordinates":[[[-74.130399999984846,40.582759000034358],[-74.130360999626774,40.5827009999811],[-74.130235000128394,40.582539000177626],[-74.130075000294838,40.582363999805921],[-74.129910000438386,40.582212000238158],[-74.129752000254655,40.582087000285497],[-74.129579000002281,40.581964999948106],[-74.129385999658425,40.581848000282299],[-74.129322000084343,40.581805000085488],[-74.129113999671887,40.581650000066865],[-74.128942000142743,40.581503999980498],[-74.128754999646674,40.581324000061564],[-74.128598000186159,40.581150000111627],[-74.128429000131746,40.580989999664112],[-74.128213000221692,40.580766000032114],[-74.128022000425972,40.580546999959097],[-74.127823000234343,40.580293999813975],[-74.127640999761155,40.580032000270513],[-74.127491999798238,40.579788000064482],[-74.127115000229693,40.5791789999682],[-74.126967000091682,40.578957999713921],[-74.126931999931585,40.578899999776311],[-74.126890000098797,40.578798999706123],[-74.126870999832221,40.578710000146124],[-74.126870000007301,40.578595000018034],[-74.126891999748622,40.578489999936089],[-74.126935000304627,40.578390999707871],[-74.127249000123996,40.577551000063885],[-74.127172999956002,40.576811999918363],[-74.127089000290425,40.576368999838074],[-74.126656999571978,40.576285999981906],[-74.125637000296095,40.575972999819967],[-74.12513400033086,40.575880999790343],[-74.124084000019423,40.575834000141761],[-74.12349700038861,40.575807999973506],[-74.123319999938275,40.575783000064682],[-74.12317699982313,40.575750000034205],[-74.123018999639399,40.575698000304733],[-74.122871000399698,40.575630000282558],[-74.122760000071622,40.575565999917593],[-74.122643999720694,40.575482999747521],[-74.121770000034658,40.575054000252479],[-74.121176999657735,40.575286000074435],[-74.119785999762783,40.575814999809893],[-74.119110000443499,40.576157000181908],[-74.118496999975065,40.57661600032165],[-74.118034000192793,40.577169999857844],[-74.117587000304056,40.577580999842887],[-74.118288999562608,40.578191999943087],[-74.118470000210891,40.57902200024548],[-74.118672999702156,40.579750999804574],[-74.118891000160374,40.580477999890334],[-74.119211999652421,40.581165999725975],[-74.119148999903217,40.581508000033843],[-74.119228000444267,40.581595999782287],[-74.119564999829848,40.581833999824624],[-74.11994800014449,40.582063000169576],[-74.120364000071092,40.582379000323527],[-74.120508000011156,40.582650999847772],[-74.120749000035559,40.582974999884378],[-74.12097300034155,40.58320600005127],[-74.12105199998426,40.583276000192399],[-74.121293000008677,40.583387999993008],[-74.123112000424143,40.585104000338987],[-74.122214000448679,40.586160999879588],[-74.121107000235853,40.587249000087361],[-74.120174000100292,40.588215999881292],[-74.120558000239853,40.588505000212031],[-74.117024999889267,40.593760000023643],[-74.116476999718188,40.594595000128102],[-74.115925000247444,40.595818999673618],[-74.115399999642577,40.596164999944264],[-74.114936000035385,40.596506999950371],[-74.11473299964581,40.596604000050455],[-74.114498000367476,40.596653000026443],[-74.114392999887173,40.596643999727306],[-74.114310999871407,40.596637000024295],[-74.114137999619061,40.596546999685202],[-74.113251000412575,40.596103000058974],[-74.113053999870758,40.595569999894757],[-74.11276299961763,40.595491999863654],[-74.11237099998047,40.595424000182099],[-74.112102000366946,40.595415999693408],[-74.111950000030987,40.595471999683632],[-74.111774000303882,40.595575999735942],[-74.111529999906409,40.59576000006188],[-74.111381999768412,40.595896000036596],[-74.111233999630414,40.595987999822498],[-74.110785999916743,40.596126999911377],[-74.111309999798394,40.597057000004739],[-74.111319999844142,40.597551000060896],[-74.111302000300768,40.598208000251361],[-74.113022999908623,40.600134999684947],[-74.113382999758741,40.600570000045209],[-74.114870999738059,40.602136999740956],[-74.116844000139309,40.601895000139393],[-74.117838000374221,40.601857999832788],[-74.119575999700501,40.601816999985296],[-74.120595999874695,40.60181000014191],[-74.120569999935412,40.601236000258098],[-74.120554000041906,40.601022999725821],[-74.120771999601786,40.600671999875168],[-74.122293999916295,40.599686999685403],[-74.12264299989576,40.599419000223591],[-74.125788999733757,40.594266999795664],[-74.1262850000263,40.593454999811577],[-74.126384999585397,40.59072500011154],[-74.127820999686207,40.589437000033598],[-74.12779999976982,40.588319000222661],[-74.127782000226475,40.587449000291471],[-74.129101999976299,40.586291000284973],[-74.128980999602476,40.585361999978183],[-74.128937000119876,40.585014000167256],[-74.129141000334371,40.584164999841839],[-74.129178000144279,40.584040000127679],[-74.129240000068577,40.583910000122614],[-74.129322000084343,40.583787999699069],[-74.129424000191591,40.583675999886054],[-74.130399999984846,40.582759000034358]]]},"properties":{"OBJECTID":68267,"GEOID":"360850181002","STATE":"36","COUNTY":"085","AREALAND":2125944,"AREAWATER":13324}},{"type":"Feature","id":68333,"geometry":{"type":"Polygon","coordinates":[[[-74.148936999977352,40.545672999858958],[-74.148720000242363,40.545273000299943],[-74.148484000240828,40.544834999899571],[-74.148162000025536,40.544326000135889],[-74.148011000412794,40.544114000007887],[-74.14746499989154,40.543497000331648],[-74.147293000362396,40.54335900017508],[-74.146811000313548,40.543003999821281],[-74.145911999614853,40.542423999915997],[-74.145160999952495,40.54307200022506],[-74.145077000286918,40.543134000111458],[-74.144910999707264,40.543273000121687],[-74.144772999614986,40.543409999702135],[-74.144666000383168,40.543533000088324],[-74.14454900020732,40.543690999853311],[-74.144442000077191,40.543868999842076],[-74.14433099974913,40.544034999988256],[-74.1442029997026,40.544196000111199],[-74.144053999739683,40.544355999790675],[-74.143889999708151,40.544505999911031],[-74.143733000247636,40.544629999702252],[-74.143584000284719,40.544734999665231],[-74.142718000096309,40.545434000177615],[-74.142066999993062,40.545920999669114],[-74.141403000369351,40.546418999999183],[-74.140886999985298,40.546803999924585],[-74.140444000294522,40.547132000214376],[-74.139515000356923,40.547831000283963],[-74.139415999724406,40.547897999879183],[-74.138640999772591,40.548475000179813],[-74.137371000251463,40.549577999949115],[-74.136089000136451,40.550423999674756],[-74.1345579996011,40.55125500033256],[-74.133184000322885,40.552344000241476],[-74.133766999755764,40.552814999747326],[-74.134437000125601,40.553362000297533],[-74.134987999771397,40.553810999968924],[-74.135833000043419,40.553356000082381],[-74.136557999766524,40.55290500023235],[-74.13728400021283,40.552451000267894],[-74.13800999976084,40.55199400012809],[-74.138730000359374,40.551540000129968],[-74.139479000371921,40.551068999846585],[-74.138803000154311,40.550596999699806],[-74.140767000334705,40.548930999774065],[-74.142804000310036,40.547395000251932],[-74.142887999975628,40.547444000098103],[-74.143046999984279,40.54755199977172],[-74.143216000038677,40.547688000149456],[-74.143346999559938,40.547816000212599],[-74.143474999606454,40.547965000089938],[-74.144078999854045,40.547540999673856],[-74.144197999679719,40.547462000283296],[-74.144300999611886,40.547379000071544],[-74.144386999825613,40.547294999744246],[-74.144468999841365,40.547197999812141],[-74.144545000009359,40.54708000009245],[-74.144606999933629,40.546948999934457],[-74.144647000116606,40.54681600016329],[-74.145393999581003,40.547305999882461],[-74.146046000407495,40.546757999672273],[-74.147260999677016,40.546379999666982],[-74.148936999977352,40.545672999858958]]]},"properties":{"OBJECTID":68333,"GEOID":"360850132032","STATE":"36","COUNTY":"085","AREALAND":383021,"AREAWATER":0}},{"type":"Feature","id":68334,"geometry":{"type":"Polygon","coordinates":[[[-74.150794999852536,40.550037000138985],[-74.150839000233461,40.54996300014416],[-74.15074200014908,40.549568000162793],[-74.150629999996099,40.54911500008437],[-74.15043099980447,40.548195000303451],[-74.14995299995357,40.547452000181011],[-74.149424999873972,40.546563000136402],[-74.148936999977352,40.545672999858958],[-74.147260999677016,40.546379999666982],[-74.146046000407495,40.546757999672273],[-74.145393999581003,40.547305999882461],[-74.144647000116606,40.54681600016329],[-74.144606999933629,40.546948999934457],[-74.144545000009359,40.54708000009245],[-74.144468999841365,40.547197999812141],[-74.144386999825613,40.547294999744246],[-74.144300999611886,40.547379000071544],[-74.144197999679719,40.547462000283296],[-74.144078999854045,40.547540999673856],[-74.143474999606454,40.547965000089938],[-74.143346999559938,40.547816000212599],[-74.143216000038677,40.547688000149456],[-74.143046999984279,40.54755199977172],[-74.142887999975628,40.547444000098103],[-74.142804000310036,40.547395000251932],[-74.140767000334705,40.548930999774065],[-74.138803000154311,40.550596999699806],[-74.139479000371921,40.551068999846585],[-74.140182000353704,40.551560999743749],[-74.140862999695855,40.552039000254915],[-74.141555999631905,40.552542999745633],[-74.1423299997588,40.553095000100583],[-74.142590000049793,40.553000000233858],[-74.142862000036359,40.552886000215842],[-74.143134999847831,40.552755999742956],[-74.143389000291037,40.552619000168512],[-74.143696000437714,40.552430000250666],[-74.14383899965452,40.552288000318939],[-74.144010000257055,40.552142000325141],[-74.144170999915545,40.552021999876821],[-74.144376999779865,40.551888999942108],[-74.144603999560587,40.551765999885326],[-74.144785000208884,40.551681000335648],[-74.145293000196986,40.551563000324165],[-74.145895999721347,40.551360000147554],[-74.147385000423895,40.55157199986381],[-74.147648000189648,40.551607000109811],[-74.147967999856775,40.551634000072518],[-74.148254999911956,40.551646000128322],[-74.148555000385926,40.551646000128322],[-74.148843000266012,40.551632000176788],[-74.14899200022893,40.55159300015012],[-74.149157000085367,40.551533999751548],[-74.149311999896071,40.55146099999628],[-74.149446999615293,40.551379999866136],[-74.149569999638928,40.551288000155672],[-74.149677999593962,40.551188999955031],[-74.149720000325075,40.551142999984386],[-74.150106000114434,40.550818000107519],[-74.150259000275327,40.550682999904993],[-74.150421999583628,40.550521999676768],[-74.1505530000032,40.550372000061238],[-74.15067900039989,40.550210999767813],[-74.150794999852536,40.550037000138985]]]},"properties":{"OBJECTID":68334,"GEOID":"360850132033","STATE":"36","COUNTY":"085","AREALAND":458028,"AREAWATER":5153}},{"type":"Feature","id":68335,"geometry":{"type":"Polygon","coordinates":[[[-74.130939999760002,40.560543000090412],[-74.130324999641786,40.560135000016146],[-74.130219000234874,40.559904999865218],[-74.130142000241989,40.55970099990089],[-74.130076000119743,40.559476999973391],[-74.130025999891032,40.559260000181951],[-74.129988000256191,40.55898399971084],[-74.129982000408404,40.558910999888049],[-74.129723999767236,40.558131999832312],[-74.129606999591374,40.55748499972546],[-74.128116999962216,40.556534999949129],[-74.127829999907036,40.556802000078591],[-74.127301000002532,40.557295000029626],[-74.126697999579847,40.557853999778267],[-74.126102999553112,40.55840299980489],[-74.125501999678562,40.558949999747192],[-74.125450999624945,40.559002000206533],[-74.125304000210164,40.559132000154392],[-74.125141000003538,40.559252000144731],[-74.124963999553231,40.559358000218872],[-74.12480299989474,40.559439000252553],[-74.124689000091934,40.5594819998093],[-74.124472000356946,40.559549000031787],[-74.124275999640062,40.559592000200425],[-74.124074999798594,40.559620000184225],[-74.123884000002903,40.559633999830538],[-74.12368200033653,40.559633999830538],[-74.122453999749865,40.55948700032733],[-74.122370000084288,40.559476000142617],[-74.122169000242835,40.559459000287909],[-74.121922000370631,40.559459000287909],[-74.121729000026789,40.55947399979862],[-74.121539000055975,40.559501999831816],[-74.121354000108056,40.55954400020088],[-74.121158000289469,40.559605999852536],[-74.121092000167238,40.559630999662794],[-74.120908000044224,40.559713999703042],[-74.12073599961677,40.559810999932104],[-74.120576999608119,40.559919000134364],[-74.120051999901563,40.560394000219375],[-74.120841999921979,40.560866000233936],[-74.121576999690816,40.561311999991673],[-74.122309999809829,40.561755999914325],[-74.123042000103936,40.562197000251501],[-74.123774000398029,40.5626439997964],[-74.124504000144,40.563084999742742],[-74.125234999714891,40.563526999966086],[-74.125980000427774,40.563974000183286],[-74.126729000440321,40.564430000003661],[-74.126971000289629,40.564569999923833],[-74.129557000260988,40.562420999949254],[-74.130061999876048,40.562001000157011],[-74.129665000216008,40.561609000293686],[-74.130939999760002,40.560543000090412]]]},"properties":{"OBJECTID":68335,"GEOID":"360850132041","STATE":"36","COUNTY":"085","AREALAND":387025,"AREAWATER":0}},{"type":"Feature","id":68336,"geometry":{"type":"Polygon","coordinates":[[[-74.13878200023791,40.557032999837595],[-74.138850999834887,40.556950999754378],[-74.137697999591296,40.556021000288261],[-74.137430999627611,40.555817999976576],[-74.136667000444774,40.556336000024082],[-74.136027000212181,40.556818000055095],[-74.136181000197951,40.556940999704068],[-74.135388999629413,40.557584000172341],[-74.134678000150018,40.558161000277153],[-74.133794000418249,40.558892000210932],[-74.132913000161238,40.55962900000592],[-74.132058999668402,40.560336999704667],[-74.130800999842847,40.561384999926076],[-74.130061999876048,40.562001000157011],[-74.129557000260988,40.562420999949254],[-74.126971000289629,40.564569999923833],[-74.127208000116099,40.56470700029341],[-74.126471999624044,40.565317000153698],[-74.12941999999363,40.565720999719382],[-74.130087999815316,40.565256000076644],[-74.130471000129958,40.564971999724243],[-74.130600999826299,40.564989000226191],[-74.130748999964297,40.564992999902124],[-74.130909999622787,40.564979999760304],[-74.131036999844397,40.564956000331748],[-74.131173000286822,40.564916999877141],[-74.131289999564387,40.564870000034041],[-74.131381999625887,40.564821999724622],[-74.131466000189789,40.564768999940085],[-74.131563000274184,40.564691999907964],[-74.131643999566705,40.564608999898198],[-74.131699999643203,40.564536000067655],[-74.132633999603669,40.563512999769088],[-74.133109999804731,40.562868000045562],[-74.133216999934859,40.562602999791459],[-74.13340699990566,40.562129999949519],[-74.133971999795165,40.561576000097709],[-74.134807999846345,40.560798999964632],[-74.135192999810812,40.559747999961154],[-74.135749000377828,40.558850000115306],[-74.136601000322514,40.558388999901197],[-74.137393999817689,40.558020999919691],[-74.138035999700094,40.557691000014977],[-74.138110000218262,40.557637000185906],[-74.138259000181179,40.557526999994991],[-74.138439000106231,40.557375999829418],[-74.138614000008417,40.557211999720245],[-74.13878200023791,40.557032999837595]]]},"properties":{"OBJECTID":68336,"GEOID":"360850132043","STATE":"36","COUNTY":"085","AREALAND":281757,"AREAWATER":0}},{"type":"Feature","id":68337,"geometry":{"type":"Polygon","coordinates":[[[-74.129000999693986,40.634334000057699],[-74.129445999932912,40.633659999765584],[-74.128443000375469,40.633673000192587],[-74.125956999963236,40.63385900009947],[-74.125132999607615,40.63392000032627],[-74.124147999593532,40.633994000180174],[-74.123067000218299,40.634078000062331],[-74.123144000211184,40.634665999686923],[-74.123252999991124,40.635493000225757],[-74.12433300043979,40.63540800001951],[-74.124605000426342,40.637466000155015],[-74.12565200036471,40.637198000192505],[-74.126888000448972,40.637209999898445],[-74.12784699962549,40.637276999977864],[-74.128670000156163,40.637348000110798],[-74.128725000407769,40.637087999947397],[-74.128846999708173,40.636435999793093],[-74.128855999929016,40.635574000097023],[-74.129000999693986,40.634334000057699]]]},"properties":{"OBJECTID":68337,"GEOID":"360850133021","STATE":"36","COUNTY":"085","AREALAND":162904,"AREAWATER":0}},{"type":"Feature","id":68338,"geometry":{"type":"Polygon","coordinates":[[[-74.130470000305053,40.631675999947049],[-74.130609000222222,40.631320000289605],[-74.130461000084225,40.630896999818766],[-74.130160999610254,40.630923999827345],[-74.129206999558278,40.631010999856457],[-74.127931000189392,40.631136999815212],[-74.127598999928367,40.631169999781392],[-74.126724000417425,40.631280000232493],[-74.124890999758293,40.631727999776423],[-74.123859999713446,40.631835000333666],[-74.122794000406813,40.631963999751754],[-74.121684999645851,40.632091000066403],[-74.12043699986603,40.632239999762525],[-74.119167000344888,40.632392000121094],[-74.118103999614689,40.632521999928997],[-74.116835999743387,40.632674999745788],[-74.116958999767022,40.633350999935203],[-74.117044999980749,40.633817000033865],[-74.117076999767804,40.634006999860468],[-74.117198999966547,40.634568000222714],[-74.117809999886816,40.634521000240817],[-74.118492999777104,40.634446000215704],[-74.119430000110626,40.63436300018968],[-74.120239000397632,40.634300000216058],[-74.120641000080525,40.634259999898944],[-74.121227999711351,40.634220000239587],[-74.121938000264151,40.634160999760915],[-74.123067000218299,40.634078000062331],[-74.124147999593532,40.633994000180174],[-74.125132999607615,40.63392000032627],[-74.125956999963236,40.63385900009947],[-74.128443000375469,40.633673000192587],[-74.129445999932912,40.633659999765584],[-74.130165999633107,40.63237099997108],[-74.130470000305053,40.631675999947049]]]},"properties":{"OBJECTID":68338,"GEOID":"360850133023","STATE":"36","COUNTY":"085","AREALAND":277420,"AREAWATER":0}},{"type":"Feature","id":68339,"geometry":{"type":"Polygon","coordinates":[[[-74.121852999875358,40.574652000285653],[-74.121831000134037,40.574216999846264],[-74.121699999714465,40.573833000228106],[-74.121493999850145,40.574021999766536],[-74.120770999776866,40.573613999976146],[-74.120046999878682,40.573210000294374],[-74.119327000178473,40.572806999851998],[-74.118890000335469,40.572560000318099],[-74.118659000356772,40.572431000157657],[-74.118517999891466,40.57235299974959],[-74.118066999804768,40.572096999713395],[-74.117336000233877,40.571686999806033],[-74.116608999962651,40.571281000098431],[-74.115859000125198,40.57086499995723],[-74.115710000162281,40.571017000059335],[-74.113540000117581,40.569857999772275],[-74.111482000225848,40.56876299999265],[-74.110912000313434,40.569329000023842],[-74.110342000401047,40.569892000336722],[-74.109762000442899,40.570467999767985],[-74.111648999732097,40.571483999918996],[-74.111919999893757,40.571626999725382],[-74.113569000429877,40.572504000247292],[-74.114028000014187,40.572752999935069],[-74.114807999988869,40.573159000264198],[-74.115534000435176,40.573549999729742],[-74.116316000059697,40.573950999879784],[-74.116413000144078,40.574070000300786],[-74.116682999582508,40.57415899989244],[-74.117557999991732,40.574628000231627],[-74.118296999958531,40.575022999741854],[-74.119036999750236,40.575415999781796],[-74.119785999762783,40.575814999809893],[-74.121176999657735,40.575286000074435],[-74.121770000034658,40.575054000252479],[-74.121852999875358,40.574652000285653]]]},"properties":{"OBJECTID":68339,"GEOID":"360850134001","STATE":"36","COUNTY":"085","AREALAND":268185,"AREAWATER":0}},{"type":"Feature","id":68340,"geometry":{"type":"Polygon","coordinates":[[[-74.124178999555681,40.569434000153002],[-74.124899000154215,40.568948999771472],[-74.12395099995004,40.568430999741011],[-74.123596000122802,40.568240999723344],[-74.123293000174087,40.568075000214542],[-74.123093000157567,40.567967000206139],[-74.1216660002776,40.567088000157852],[-74.120240000222523,40.566227999813229],[-74.119574000050676,40.566948000045457],[-74.11903599992533,40.567534000084159],[-74.11848199990645,40.56812800011069],[-74.117917999841836,40.568709999917054],[-74.117362000173159,40.569283000233739],[-74.117024999889267,40.569643999917169],[-74.116814999826985,40.569865000231083],[-74.116266999655892,40.570444000260245],[-74.115859000125198,40.57086499995723],[-74.116608999962651,40.571281000098431],[-74.117336000233877,40.571686999806033],[-74.118066999804768,40.572096999713395],[-74.118517999891466,40.57235299974959],[-74.118659000356772,40.572431000157657],[-74.118890000335469,40.572560000318099],[-74.119327000178473,40.572806999851998],[-74.120046999878682,40.573210000294374],[-74.120770999776866,40.573613999976146],[-74.121493999850145,40.574021999766536],[-74.121699999714465,40.573833000228106],[-74.121604000353315,40.573556000181902],[-74.121394000291019,40.572974999845513],[-74.121286000335999,40.572107000228961],[-74.121625000269702,40.571501999782562],[-74.122169000242835,40.57093999970958],[-74.122595000215185,40.570595999953937],[-74.122790000208852,40.570430000145414],[-74.123427000068389,40.569907999914008],[-74.124178999555681,40.569434000153002]]]},"properties":{"OBJECTID":68340,"GEOID":"360850134003","STATE":"36","COUNTY":"085","AREALAND":297126,"AREAWATER":0}},{"type":"Feature","id":68341,"geometry":{"type":"Polygon","coordinates":[[[-74.144020000302802,40.570329999922272],[-74.144387999650519,40.569707000127359],[-74.142891000348669,40.569084999678715],[-74.142635000255638,40.568978999995522],[-74.141311000307823,40.56843299981734],[-74.140275000240109,40.567953999959634],[-74.139763999878951,40.567712000158245],[-74.138900000238692,40.567292999842806],[-74.137622000321642,40.566686999824142],[-74.137187999953369,40.567301999997696],[-74.136712999577213,40.567917999683637],[-74.136058999999236,40.568006000248225],[-74.136197999916391,40.568696999814826],[-74.136330000160868,40.569344000052347],[-74.136895999875321,40.570020999932957],[-74.13678299989742,40.570016000201818],[-74.136674999942372,40.570012000143727],[-74.136572000010219,40.570008999758812],[-74.136614999667927,40.570735000278361],[-74.136767999828791,40.571407999759117],[-74.136905999921055,40.572155000089914],[-74.137042000363493,40.572908999727765],[-74.138138999632261,40.572780000240158],[-74.138465999870405,40.572739999935955],[-74.140240000080013,40.572527999698472],[-74.141107000093342,40.572423000329948],[-74.141849000433183,40.572333000155176],[-74.14418599998416,40.57203800032584],[-74.144040000394298,40.571299999670785],[-74.14387399981463,40.570606000011438],[-74.144020000302802,40.570329999922272]]]},"properties":{"OBJECTID":68341,"GEOID":"360850138001","STATE":"36","COUNTY":"085","AREALAND":312525,"AREAWATER":0}},{"type":"Feature","id":68342,"geometry":{"type":"Polygon","coordinates":[[[-74.137187999953369,40.567301999997696],[-74.137622000321642,40.566686999824142],[-74.13651099991084,40.566168000297253],[-74.136193999718444,40.565972999963428],[-74.135886999571781,40.565805999869809],[-74.135577999775293,40.565655999692062],[-74.135278000199634,40.565526000130433],[-74.13493300041813,40.565391999982076],[-74.134587999738329,40.56527599973888],[-74.13329800012572,40.564973999903948],[-74.132401999800081,40.564760999878857],[-74.131699999643203,40.564536000067655],[-74.131643999566705,40.564608999898198],[-74.131563000274184,40.564691999907964],[-74.131466000189789,40.564768999940085],[-74.131381999625887,40.564821999724622],[-74.131289999564387,40.564870000034041],[-74.131173000286822,40.564916999877141],[-74.131036999844397,40.564956000331748],[-74.130909999622787,40.564979999760304],[-74.130748999964297,40.564992999902124],[-74.130600999826299,40.564989000226191],[-74.130471000129958,40.564971999724243],[-74.130476999977731,40.565149999788105],[-74.130703999758452,40.565205000126177],[-74.130815000086542,40.56591399995343],[-74.130908999797867,40.566637000005464],[-74.130957000376753,40.567375999936132],[-74.130979000118074,40.568103000061917],[-74.130964999874379,40.568825999667489],[-74.130826999782101,40.570008000085402],[-74.130307000098412,40.572160999984867],[-74.130191999572389,40.572480999741579],[-74.12987500027829,40.573250000317614],[-74.129510000405304,40.573982999818845],[-74.129143999809102,40.574730000060732],[-74.129302999817767,40.574675000045104],[-74.130940999584922,40.57410599999654],[-74.131944000040676,40.573739000067555],[-74.132235000293804,40.573642000235225],[-74.132307000263836,40.573617999818914],[-74.132545999740117,40.573547999806351],[-74.132637999801631,40.573522000114437],[-74.133006999872563,40.573432999675489],[-74.133286000430132,40.57337600002986],[-74.133652999952943,40.573314000168615],[-74.133825000380398,40.573294000179082],[-74.134617999875545,40.573199000317921],[-74.135792000035536,40.573051999900564],[-74.136353999552,40.572991000050315],[-74.137042000363493,40.572908999727765],[-74.136905999921055,40.572155000089914],[-74.136767999828791,40.571407999759117],[-74.136614999667927,40.570735000278361],[-74.136572000010219,40.570008999758812],[-74.136674999942372,40.570012000143727],[-74.13678299989742,40.570016000201818],[-74.136895999875321,40.570020999932957],[-74.136330000160868,40.569344000052347],[-74.136197999916391,40.568696999814826],[-74.136058999999236,40.568006000248225],[-74.136712999577213,40.567917999683637],[-74.137187999953369,40.567301999997696]]]},"properties":{"OBJECTID":68342,"GEOID":"360850138002","STATE":"36","COUNTY":"085","AREALAND":478665,"AREAWATER":0}},{"type":"Feature","id":68343,"geometry":{"type":"Polygon","coordinates":[[[-74.131135999578589,40.626898999843846],[-74.131309999655855,40.626327999913627],[-74.130861999942212,40.626362999918477],[-74.130036999761685,40.626428000268355],[-74.129202000433736,40.626541000243598],[-74.128261999727172,40.626673000231925],[-74.126664000142995,40.626890000208782],[-74.126915000213145,40.628047999880458],[-74.12705800032829,40.628719999914566],[-74.127193000047498,40.629345999937684],[-74.127598999928367,40.631169999781392],[-74.127931000189392,40.631136999815212],[-74.129206999558278,40.631010999856457],[-74.130160999610254,40.630923999827345],[-74.130461000084225,40.630896999818766],[-74.130246999823981,40.629609000009083],[-74.130329999664639,40.629385000322159],[-74.130533000054228,40.628796999870161],[-74.130692000062893,40.628336999816824],[-74.130993000361769,40.627374000224776],[-74.131135999578589,40.626898999843846]]]},"properties":{"OBJECTID":68343,"GEOID":"360850141002","STATE":"36","COUNTY":"085","AREALAND":148293,"AREAWATER":0}},{"type":"Feature","id":68344,"geometry":{"type":"Polygon","coordinates":[[[-74.160203999952486,40.551324999772504],[-74.160354999565229,40.550181000005303],[-74.160178000013218,40.549430000228405],[-74.159264000144233,40.549678999755265],[-74.158373999666381,40.549913000119751],[-74.157234999666514,40.550218000233791],[-74.15605600038198,40.550532000003216],[-74.156720999830625,40.551982000134657],[-74.155796999915879,40.552098000208474],[-74.154879999673852,40.552326999940881],[-74.154248999662101,40.552487999924679],[-74.153650000335688,40.552645999723168],[-74.152626999788453,40.55290500023235],[-74.152138999891818,40.553018000290784],[-74.151710000444737,40.55315499973144],[-74.151219999999981,40.553312000080886],[-74.151686999980214,40.554359999704694],[-74.152071999944667,40.555216999964003],[-74.153457999816766,40.554851999992032],[-74.153940999690519,40.554725000311208],[-74.154868999803199,40.554502000020037],[-74.155830000426164,40.554272000309822],[-74.156739000272268,40.554183000206962],[-74.157672000407814,40.554057999763067],[-74.16031299973244,40.553716999669717],[-74.160073000431225,40.553009000262925],[-74.160028000225381,40.552900999834144],[-74.159988000042404,40.552765999735776],[-74.159964999577866,40.552602999871112],[-74.159967999950922,40.552440000292165],[-74.159993000065285,40.552295999823244],[-74.160106999868106,40.551540000129968],[-74.160203999952486,40.551324999772504]]]},"properties":{"OBJECTID":68344,"GEOID":"360850146041","STATE":"36","COUNTY":"085","AREALAND":240583,"AREAWATER":0}},{"type":"Feature","id":68704,"geometry":{"type":"Polygon","coordinates":[[[-74.122214000448679,40.586160999879588],[-74.123112000424143,40.585104000338987],[-74.121293000008677,40.583387999993008],[-74.12105199998426,40.583276000192399],[-74.12097300034155,40.58320600005127],[-74.120749000035559,40.582974999884378],[-74.120508000011156,40.582650999847772],[-74.120364000071092,40.582379000323527],[-74.11994800014449,40.582063000169576],[-74.119564999829848,40.581833999824624],[-74.119228000444267,40.581595999782287],[-74.119148999903217,40.581508000033843],[-74.119211999652421,40.581165999725975],[-74.118891000160374,40.580477999890334],[-74.118672999702156,40.579750999804574],[-74.118470000210891,40.57902200024548],[-74.118288999562608,40.578191999943087],[-74.117587000304056,40.577580999842887],[-74.117490000219661,40.577755999764001],[-74.11702099969132,40.578196999745572],[-74.115423000107114,40.578631000008194],[-74.114818000034631,40.579177000213072],[-74.11422700020583,40.579734000323626],[-74.113950000196382,40.58004200028234],[-74.113673000186949,40.580313999757806],[-74.112986999923606,40.580819000110232],[-74.11221000032198,40.581267000316039],[-74.111276000361514,40.581791999798391],[-74.11028600032455,40.582200000203748],[-74.109247999708685,40.582678999736032],[-74.107908999692285,40.583684999884014],[-74.107290000274403,40.584221999846761],[-74.106495000231121,40.584895000110535],[-74.105882999587593,40.585408000311702],[-74.105259000146859,40.585923000224888],[-74.104548999594059,40.586500000244328],[-74.103925999978202,40.587075999960561],[-74.10270900016053,40.588172000283187],[-74.102078999973656,40.58874100007742],[-74.101760999956355,40.589067000088406],[-74.101493999992655,40.589344000035332],[-74.100883000072372,40.590179000030531],[-74.100889999745078,40.590446000327312],[-74.100904999813693,40.591020000081876],[-74.101262000189081,40.591031999898227],[-74.105336000139744,40.590544999767836],[-74.106880000195559,40.590376000186545],[-74.107223000327252,40.590808999833264],[-74.10762199963709,40.591315000115124],[-74.107878999555041,40.591617999791055],[-74.10828500033422,40.591976000301997],[-74.10916700041615,40.592445999899724],[-74.110641000151787,40.59325199980956],[-74.110180000019326,40.594858999892402],[-74.110378000386049,40.595299999661833],[-74.110785999916743,40.596126999911377],[-74.111233999630414,40.595987999822498],[-74.111381999768412,40.595896000036596],[-74.111529999906409,40.59576000006188],[-74.111774000303882,40.595575999735942],[-74.111950000030987,40.595471999683632],[-74.112102000366946,40.595415999693408],[-74.11237099998047,40.595424000182099],[-74.11276299961763,40.595491999863654],[-74.113053999870758,40.595569999894757],[-74.113251000412575,40.596103000058974],[-74.114137999619061,40.596546999685202],[-74.114310999871407,40.596637000024295],[-74.114392999887173,40.596643999727306],[-74.114498000367476,40.596653000026443],[-74.11473299964581,40.596604000050455],[-74.114936000035385,40.596506999950371],[-74.115399999642577,40.596164999944264],[-74.115925000247444,40.595818999673618],[-74.116476999718188,40.594595000128102],[-74.117024999889267,40.593760000023643],[-74.120558000239853,40.588505000212031],[-74.120174000100292,40.588215999881292],[-74.121107000235853,40.587249000087361],[-74.122214000448679,40.586160999879588]]]},"properties":{"OBJECTID":68704,"GEOID":"360850181003","STATE":"36","COUNTY":"085","AREALAND":1879375,"AREAWATER":17790}},{"type":"Feature","id":75919,"geometry":{"type":"Polygon","coordinates":[[[-74.107260999962065,40.638615999705053],[-74.107337000130059,40.638540000177805],[-74.107214000106424,40.637949999864219],[-74.107101000128509,40.637404999759582],[-74.107055000097759,40.637194000062863],[-74.107038000379319,40.637115000179293],[-74.106747000126177,40.635732000009213],[-74.106537000063909,40.634702000163522],[-74.105522999737488,40.634701000093713],[-74.104547999769139,40.634698999954125],[-74.103988999727392,40.634698999954125],[-74.103537999640693,40.634698999954125],[-74.102525999862422,40.63466300015763],[-74.102141999722861,40.634594000038945],[-74.100463999772728,40.634292000290891],[-74.099414000359644,40.634106000226794],[-74.098386999614434,40.634004999700039],[-74.097266999881128,40.633997999819869],[-74.096864000373301,40.634562999863626],[-74.096454000294472,40.635333999687695],[-74.095900000275606,40.635638000287713],[-74.095885000207005,40.635642999884631],[-74.093479999985632,40.634944000250186],[-74.092730999973099,40.635370999863881],[-74.092448999940785,40.635618999907337],[-74.093388999749024,40.636599999958726],[-74.093627000298724,40.637284000195955],[-74.093863000300274,40.638025000043186],[-74.094094000278957,40.639266999699025],[-74.095708999581575,40.639098999934511],[-74.096379999776332,40.639035000334992],[-74.097672999761983,40.638960999933431],[-74.097880000349534,40.64035799980644],[-74.099288999787845,40.640204999872893],[-74.099960999807493,40.640181000172262],[-74.100423999589751,40.640040999701718],[-74.101295999625933,40.639827000177647],[-74.102166000012318,40.639617999948349],[-74.10268999989394,40.63949000031981],[-74.102968999553198,40.63942199973566],[-74.103053000117114,40.639400999751757],[-74.103937999673775,40.63919000022868],[-74.104371000217128,40.639083999874131],[-74.104809999709971,40.638977000027197],[-74.105422000353457,40.638899000215439],[-74.106906000134842,40.638726000159181],[-74.106998000196356,40.63872000010192],[-74.107091000082747,40.638699999907089],[-74.107177000296488,40.638667000254209],[-74.107260999962065,40.638615999705053]]]},"properties":{"OBJECTID":75919,"GEOID":"360850067001","STATE":"36","COUNTY":"085","AREALAND":602313,"AREAWATER":1786}},{"type":"Feature","id":75920,"geometry":{"type":"Polygon","coordinates":[[[-74.145028999708032,40.62512700012801],[-74.145766999849926,40.624958000021785],[-74.144025000325684,40.624991999847538],[-74.143074999573372,40.624846999848408],[-74.142190000016711,40.624714999660156],[-74.141661999937114,40.624640000211748],[-74.141280000345688,40.624594000281085],[-74.138265999853886,40.624247999906075],[-74.137227000311427,40.62429599984447],[-74.13618200002287,40.624837999936837],[-74.135809999578868,40.625064000303787],[-74.138059000164631,40.627068999995181],[-74.138064000187512,40.627568000001482],[-74.137858000323178,40.627690999796407],[-74.137306999779042,40.628189999927649],[-74.136741999889523,40.628662000190452],[-74.137603000055066,40.629258000315055],[-74.138598000114882,40.62994599997598],[-74.139506000136095,40.63057099996449],[-74.139907999818988,40.630241000017712],[-74.140601999579943,40.629658000330423],[-74.140787000426187,40.629512000087743],[-74.141123999811754,40.629213999778528],[-74.141855000280955,40.62854000030066],[-74.142189000191792,40.627620000302706],[-74.142318000063227,40.627179999884532],[-74.14240400027694,40.626950999984231],[-74.142688999783999,40.626229000287694],[-74.142950999724832,40.62579699983057],[-74.143015000197224,40.625711000031032],[-74.143087999992147,40.625613999902292],[-74.143277999962962,40.625527999867124],[-74.143641000186122,40.625441000194542],[-74.143874999639536,40.625412000278516],[-74.144062999960511,40.625337999777372],[-74.144083999876926,40.62542100011273],[-74.145028999708032,40.62512700012801]]]},"properties":{"OBJECTID":75920,"GEOID":"360850247002","STATE":"36","COUNTY":"085","AREALAND":267989,"AREAWATER":0}},{"type":"Feature","id":75921,"geometry":{"type":"Polygon","coordinates":[[[-74.255628999872101,40.507919000263506],[-74.255694000169427,40.507729999907411],[-74.255248999930501,40.507736000111208],[-74.25490099977597,40.507703999928786],[-74.253923000332875,40.507682000306765],[-74.252878000044333,40.50762500001067],[-74.252081000351211,40.507582999869328],[-74.251848999649297,40.507581999946964],[-74.25116499993409,40.507782999753857],[-74.250328999882925,40.508031999708834],[-74.249482999785997,40.508282000017346],[-74.24906900040753,40.508412999965302],[-74.248891000132289,40.50846500004581],[-74.248531000282199,40.508570999901082],[-74.248045999860295,40.508716000011646],[-74.247752000132422,40.508802000023337],[-74.246902999662453,40.509045000206804],[-74.246056999565525,40.509296999947694],[-74.245248000176844,40.509543000066053],[-74.246682999554423,40.511072000245321],[-74.247870000133204,40.512348000240685],[-74.248563000069225,40.513093000073496],[-74.249201999578602,40.513804999992274],[-74.249513999748132,40.514156999868057],[-74.250989000206999,40.513347999819899],[-74.252745999799842,40.512202999787689],[-74.25272200040871,40.511975999880626],[-74.253078999885773,40.512099999774691],[-74.253114000045869,40.512123999705608],[-74.253162999551364,40.511630999883359],[-74.253134999962271,40.511424999990815],[-74.253115999695694,40.511078000150107],[-74.253134999962271,40.510675000002422],[-74.253218999627848,40.510394000033983],[-74.253274999704374,40.510272000164761],[-74.253396999903089,40.510084000178111],[-74.253435000436241,40.509924999821628],[-74.253546999690911,40.509690999796888],[-74.253771999821822,40.509381000106217],[-74.253969000363625,40.509203000019582],[-74.25406300007495,40.509137999774218],[-74.254034999587546,40.509090999715198],[-74.254410000404604,40.508866000008098],[-74.2546639999495,40.508838999883245],[-74.255084999898983,40.508443999899924],[-74.25516899956456,40.508480999957349],[-74.255684999948599,40.50795599992756],[-74.255628999872101,40.507919000263506]]]},"properties":{"OBJECTID":75921,"GEOID":"360850248001","STATE":"36","COUNTY":"085","AREALAND":328755,"AREAWATER":0}},{"type":"Feature","id":75922,"geometry":{"type":"Polygon","coordinates":[[[-74.148227000322862,40.621502000315346],[-74.147931999871773,40.62133600002899],[-74.147218000019336,40.620932000204341],[-74.146816000336443,40.620713999682316],[-74.144585000192322,40.620665999897192],[-74.14461199995651,40.620425000170549],[-74.143704999760217,40.620317000138279],[-74.142783000393649,40.620201999968756],[-74.141878999672088,40.620091000073913],[-74.141907999984412,40.619866999828851],[-74.142036999855819,40.61897199982517],[-74.142150999658654,40.61818799993641],[-74.142214000306154,40.617755000334704],[-74.142337000329789,40.616607999835672],[-74.141616999731283,40.616521999797108],[-74.140982000419854,40.616447000014062],[-74.140724999603592,40.616414999935529],[-74.139821999605275,40.616299999867778],[-74.13964500005325,40.617015000221123],[-74.139441999663674,40.617765999801854],[-74.139238000347476,40.618520000059213],[-74.13900200034594,40.619395000141168],[-74.138737000032052,40.620374000006606],[-74.138533999642476,40.62112800014765],[-74.138367000136213,40.621738000291572],[-74.138613000183497,40.621772999974382],[-74.138507999703194,40.622633000055288],[-74.138265999853886,40.624247999906075],[-74.141280000345688,40.624594000281085],[-74.141661999937114,40.624640000211748],[-74.142190000016711,40.624714999660156],[-74.143074999573372,40.624846999848408],[-74.144025000325684,40.624991999847538],[-74.145766999849926,40.624958000021785],[-74.146145000141672,40.624930000112137],[-74.146335999937392,40.624416000221395],[-74.146487000448445,40.623990999876348],[-74.146741999818261,40.623546000274665],[-74.14705399998779,40.622971000014871],[-74.147388999723546,40.62247600008341],[-74.147690000022436,40.622072000335244],[-74.148227000322862,40.621502000315346]]]},"properties":{"OBJECTID":75922,"GEOID":"360850251001","STATE":"36","COUNTY":"085","AREALAND":453089,"AREAWATER":0}},{"type":"Feature","id":75923,"geometry":{"type":"Polygon","coordinates":[[[-74.149978000067918,40.596069999821559],[-74.149967000197279,40.595674999766644],[-74.14957899985977,40.595193999903941],[-74.149536000202062,40.595121999998284],[-74.149502999691776,40.595026999757806],[-74.149491999821123,40.59494499984374],[-74.14949799966891,40.594861999844987],[-74.14951600011058,40.594788000293413],[-74.149554999570327,40.5947030001267],[-74.149628000263561,40.594605999996979],[-74.149918999618393,40.594295000277846],[-74.149776000401573,40.594215000135897],[-74.149614999844758,40.594136999888299],[-74.149440999767492,40.594070000188886],[-74.149249000146881,40.594011999712791],[-74.149049000130333,40.593968999833024],[-74.148875999877987,40.59394299989232],[-74.148670000013652,40.593927999921924],[-74.148451999555448,40.593928999920053],[-74.148260999759742,40.59394299989232],[-74.148074000161984,40.593970999828052],[-74.14795299978816,40.59399599976075],[-74.1471179995619,40.594228000054628],[-74.146991000238614,40.594242999957729],[-74.146833000054841,40.594242999957729],[-74.146694000137686,40.594226000067295],[-74.146556999870342,40.594192000273509],[-74.146437000219734,40.594145999842787],[-74.146318000394047,40.594083000135818],[-74.146207999890876,40.594001999743178],[-74.146124000225285,40.593916999941499],[-74.146054999729998,40.593821000035504],[-74.146026000315999,40.593764000026091],[-74.145934000254485,40.593627999807431],[-74.145815000428811,40.593483999956455],[-74.145685999659065,40.59335299988426],[-74.145528000373616,40.593221000228795],[-74.145403999626765,40.593132000076345],[-74.145257000211984,40.593005000044514],[-74.145083000134719,40.592882999840505],[-74.144919000103187,40.592789999859725],[-74.144717000436813,40.592697999766195],[-74.14456500010084,40.59264300019845],[-74.144194000380068,40.593090000323478],[-74.143845000400631,40.593542000208487],[-74.14346100026107,40.593987999783316],[-74.143183000426731,40.594310000165912],[-74.142723000119176,40.594902999865489],[-74.142282999903131,40.595492999838399],[-74.141872999824315,40.596053999679938],[-74.144931999623637,40.59607199975374],[-74.146241000401162,40.59607199975374],[-74.146330999914539,40.596089999822745],[-74.146407999907424,40.596119000188914],[-74.146469000006789,40.596152999684904],[-74.146535000129035,40.596206999811862],[-74.146581000159784,40.596270000245951],[-74.146680999718896,40.596210999667967],[-74.146811000313548,40.596154000331886],[-74.146950000230731,40.596110999783392],[-74.147105999866326,40.596081000129878],[-74.14726300022518,40.596069999821559],[-74.149978000067918,40.596069999821559]]]},"properties":{"OBJECTID":75923,"GEOID":"360850273011","STATE":"36","COUNTY":"085","AREALAND":156235,"AREAWATER":0}},{"type":"Feature","id":75924,"geometry":{"type":"Polygon","coordinates":[[[-74.092863000217562,40.64547499984792],[-74.092639999736505,40.644755999813185],[-74.092518000436073,40.644359000050713],[-74.092437000245226,40.644081999770719],[-74.092303000350924,40.643629000285422],[-74.092222000160064,40.64335999990503],[-74.09202499961826,40.642700000062185],[-74.091791000164847,40.641932999947755],[-74.091626000308409,40.641379999884109],[-74.091377999712975,40.640544000175616],[-74.091145999909372,40.639757999942738],[-74.090292000314861,40.639899000317087],[-74.089349999958472,40.640050000290984],[-74.087984000177855,40.640262999795404],[-74.08795300021572,40.640465000166408],[-74.087091000225286,40.640334000160813],[-74.087019000255268,40.640613000279686],[-74.086827999561237,40.641337999778415],[-74.086676999948494,40.641909000186757],[-74.086523999787616,40.642563999911587],[-74.086519999589655,40.643897000331265],[-74.08893300020695,40.646665000190865],[-74.08929700025503,40.64645800003013],[-74.089692000265231,40.646296999915677],[-74.092863000217562,40.64547499984792]]]},"properties":{"OBJECTID":75924,"GEOID":"360850081003","STATE":"36","COUNTY":"085","AREALAND":287161,"AREAWATER":0}},{"type":"Feature","id":76017,"geometry":{"type":"Polygon","coordinates":[[[-74.1548400003892,40.595366000198432],[-74.155246000270068,40.595479000190686],[-74.154204000354554,40.594872999669938],[-74.152221999732504,40.593688999939715],[-74.150718999684557,40.592871999688114],[-74.150569999721625,40.592791999890018],[-74.148151999979802,40.591369000056616],[-74.147666999557899,40.591086000068202],[-74.147238999935738,40.590827999999327],[-74.147158999569783,40.590783000028146],[-74.145959000368848,40.590115999996698],[-74.145829999599101,40.590044000080233],[-74.1456670002908,40.589965999742148],[-74.145626000282931,40.590166000006761],[-74.145444999634634,40.59104100027065],[-74.14532099978608,40.591642999921369],[-74.144759000269602,40.592386000018919],[-74.14456500010084,40.59264300019845],[-74.144717000436813,40.592697999766195],[-74.144919000103187,40.592789999859725],[-74.145083000134719,40.592882999840505],[-74.145257000211984,40.593005000044514],[-74.145403999626765,40.593132000076345],[-74.145528000373616,40.593221000228795],[-74.145685999659065,40.59335299988426],[-74.145815000428811,40.593483999956455],[-74.145934000254485,40.593627999807431],[-74.146026000315999,40.593764000026091],[-74.146054999729998,40.593821000035504],[-74.146124000225285,40.593916999941499],[-74.146207999890876,40.594001999743178],[-74.146318000394047,40.594083000135818],[-74.146437000219734,40.594145999842787],[-74.146556999870342,40.594192000273509],[-74.146694000137686,40.594226000067295],[-74.146833000054841,40.594242999957729],[-74.146991000238614,40.594242999957729],[-74.1471179995619,40.594228000054628],[-74.14795299978816,40.59399599976075],[-74.148074000161984,40.593970999828052],[-74.148260999759742,40.59394299989232],[-74.148451999555448,40.593928999920053],[-74.148670000013652,40.593927999921924],[-74.148875999877987,40.59394299989232],[-74.149049000130333,40.593968999833024],[-74.149249000146881,40.594011999712791],[-74.149440999767492,40.594070000188886],[-74.149614999844758,40.594136999888299],[-74.149776000401573,40.594215000135897],[-74.149918999618393,40.594295000277846],[-74.149628000263561,40.594605999996979],[-74.149554999570327,40.5947030001267],[-74.14951600011058,40.594788000293413],[-74.14949799966891,40.594861999844987],[-74.149491999821123,40.59494499984374],[-74.149502999691776,40.595026999757806],[-74.149536000202062,40.595121999998284],[-74.14957899985977,40.595193999903941],[-74.149967000197279,40.595674999766644],[-74.149978000067918,40.596069999821559],[-74.14726300022518,40.596069999821559],[-74.147105999866326,40.596081000129878],[-74.146950000230731,40.596110999783392],[-74.146811000313548,40.596154000331886],[-74.146680999718896,40.596210999667967],[-74.146581000159784,40.596270000245951],[-74.146535000129035,40.596206999811862],[-74.146469000006789,40.596152999684904],[-74.146407999907424,40.596119000188914],[-74.146330999914539,40.596089999822745],[-74.146241000401162,40.59607199975374],[-74.144931999623637,40.59607199975374],[-74.141872999824315,40.596053999679938],[-74.141398000346456,40.596683000105351],[-74.140760999588608,40.597552999948725],[-74.140538999830753,40.597867000018866],[-74.140040999888384,40.59859600016663],[-74.140072999675425,40.59930199971695],[-74.140149999668338,40.600013000213927],[-74.140204999919931,40.600718999804648],[-74.140270000217242,40.601427999781578],[-74.140347000210141,40.60214299967484],[-74.140461999837868,40.603069999702356],[-74.142027999635005,40.60337200013025],[-74.142321000436283,40.602847000229268],[-74.142393000406315,40.602893000129463],[-74.142549000041896,40.602978999976649],[-74.142696000355002,40.603046000296338],[-74.142857999838398,40.603107999880912],[-74.143047999809184,40.603165000108255],[-74.143252999848613,40.603209999930357],[-74.143647000033909,40.603234999818426],[-74.144076000379314,40.603253000004813],[-74.14450400000149,40.603259999697144],[-74.144943000392615,40.603256000262782],[-74.145931999706363,40.603257000121388],[-74.146453999938174,40.602995999687479],[-74.14656500026625,40.603113999727633],[-74.146751999864009,40.603291000079381],[-74.146884999933405,40.60340199992207],[-74.146973999621849,40.603476000169501],[-74.147038999919175,40.6035259997373],[-74.147155000270132,40.603631999925],[-74.147237000285898,40.603727000214171],[-74.147315999928622,40.603843999796027],[-74.147376000203082,40.603967000307364],[-74.14741800003587,40.604093000130661],[-74.147439999777177,40.604212000124583],[-74.147443999975124,40.604275999678372],[-74.147469000089487,40.604386999931371],[-74.147510000097384,40.604490999755328],[-74.147572999846574,40.604596999776689],[-74.147659999885192,40.604701999792908],[-74.147766000190416,40.60479500025415],[-74.147894000236931,40.604878000197132],[-74.148009999689563,40.604913999680235],[-74.148112999621731,40.604935000279092],[-74.148252000437225,40.604950999659188],[-74.14828699969901,40.604950999659188],[-74.14828699969901,40.605000000337107],[-74.148304000315761,40.605871000199159],[-74.14842599961618,40.60588600021795],[-74.14864400007437,40.605951000033102],[-74.149275999911069,40.605969999988147],[-74.150744999623811,40.605988999937743],[-74.150897999784689,40.605932000072706],[-74.150967000279977,40.60587500015906],[-74.150985999648242,40.60576400033127],[-74.151046999747621,40.60564099971689],[-74.151165999573294,40.605519000064952],[-74.151358000092245,40.605406999819479],[-74.151415999818553,40.605527000026591],[-74.151496000184508,40.605650999991553],[-74.15159400009378,40.605769999939575],[-74.151708999721507,40.605880999757396],[-74.151864000430535,40.605999000160338],[-74.151999999974663,40.606081000155825],[-74.15216200035637,40.606159999923229],[-74.152184000097677,40.606167999808143],[-74.152343000106328,40.606228000278414],[-74.152878999683537,40.606390999795138],[-74.153394000242656,40.606559000006527],[-74.153678999749687,40.606666999773246],[-74.153802999598255,40.606494999910851],[-74.153927000345121,40.606294000256142],[-74.154032999752033,40.606086999735666],[-74.154113999942879,40.605890999996106],[-74.15418199971495,40.605682999769172],[-74.154235000316717,40.605456999988832],[-74.154267000103744,40.605220999788784],[-74.154296000416068,40.605034000090484],[-74.154310999586372,40.604838999825894],[-74.154308000111641,40.604633999931139],[-74.154284999647118,40.604413999743812],[-74.15424100016449,40.604146999982213],[-74.154225000270955,40.603925999707378],[-74.154230000293836,40.603687000001173],[-74.15425799988293,40.603448999978099],[-74.154308000111641,40.603223000146116],[-74.154359999990177,40.603056000277235],[-74.154421999914447,40.6028330000754],[-74.154457999899449,40.602632000320305],[-74.154477999990959,40.602420000015321],[-74.15447700016604,40.602190999808705],[-74.154442000005943,40.601940000134455],[-74.154230000293836,40.600390000286474],[-74.15421000020234,40.600098999674081],[-74.154154999950762,40.599875999838183],[-74.154098999874265,40.599705000145214],[-74.153996999767017,40.599505999680559],[-74.15387700011641,40.599366999796317],[-74.153641000114874,40.599126000318059],[-74.153385999846734,40.598906999659405],[-74.1548400003892,40.595366000198432]]]},"properties":{"OBJECTID":76017,"GEOID":"360850273012","STATE":"36","COUNTY":"085","AREALAND":1322411,"AREAWATER":1177}},{"type":"Feature","id":76018,"geometry":{"type":"Polygon","coordinates":[[[-74.140040999888384,40.59859600016663],[-74.140538999830753,40.597867000018866],[-74.137854000125216,40.59798899999582],[-74.137843000254563,40.598326999809053],[-74.136019999641164,40.598280000244081],[-74.134126999605868,40.598231000096426],[-74.134154000268381,40.597479999910128],[-74.133089999713249,40.597438000160146],[-74.13281299970383,40.597240999665253],[-74.132053999645521,40.597819000190505],[-74.131239000409067,40.598310000274985],[-74.13118699963222,40.598360000296594],[-74.131093999745801,40.59846699973977],[-74.131010999905129,40.598598999951534],[-74.130953000178792,40.598729000050028],[-74.130919999668521,40.598856000122481],[-74.130928999889363,40.599098999733663],[-74.130989999988728,40.599502999936348],[-74.132507000280384,40.599631999728238],[-74.13324799989698,40.600175999882026],[-74.133428999646966,40.600307000226877],[-74.133863000015225,40.60065399967575],[-74.134454999668932,40.601128999790554],[-74.13498399957345,40.601509999928673],[-74.135859999807579,40.602232000108856],[-74.136094000159332,40.602430000089818],[-74.137233999984119,40.603248999888052],[-74.137654000108682,40.603254999722111],[-74.138591000442204,40.603206999670327],[-74.139281000005184,40.60315299974139],[-74.139517000006734,40.603135000210052],[-74.140461999837868,40.603069999702356],[-74.140347000210141,40.60214299967484],[-74.140270000217242,40.601427999781578],[-74.140204999919931,40.600718999804648],[-74.140149999668338,40.600013000213927],[-74.140072999675425,40.59930199971695],[-74.140040999888384,40.59859600016663]]]},"properties":{"OBJECTID":76018,"GEOID":"360850273021","STATE":"36","COUNTY":"085","AREALAND":322581,"AREAWATER":0}},{"type":"Feature","id":76019,"geometry":{"type":"Polygon","coordinates":[[[-74.1456670002908,40.589965999742148],[-74.145833999797077,40.58856400008591],[-74.144199000402963,40.588637000308744],[-74.142781999670405,40.588699999689403],[-74.142739000012725,40.58870199984203],[-74.142077000038796,40.58873200007762],[-74.14194899999228,40.588734000229287],[-74.14177599973992,40.58873699977449],[-74.141360999638238,40.588754999771581],[-74.141010000008947,40.588780000290065],[-74.140841999779468,40.588809999808475],[-74.140409999959331,40.588877000003144],[-74.139963999895485,40.588933000012609],[-74.139481999846637,40.588977999864333],[-74.139096000057251,40.589003000299499],[-74.138666999711873,40.589020000153461],[-74.138496999832554,40.589314000074332],[-74.137310000152084,40.590759999667334],[-74.136397999932939,40.591973000219973],[-74.135539000315532,40.593713999977851],[-74.135491999561566,40.593854000018759],[-74.135101999574232,40.594535000129319],[-74.133775000151687,40.59633299993849],[-74.13281299970383,40.597240999665253],[-74.133089999713249,40.597438000160146],[-74.134154000268381,40.597479999910128],[-74.134126999605868,40.598231000096426],[-74.136019999641164,40.598280000244081],[-74.137843000254563,40.598326999809053],[-74.137854000125216,40.59798899999582],[-74.140538999830753,40.597867000018866],[-74.140760999588608,40.597552999948725],[-74.141398000346456,40.596683000105351],[-74.141872999824315,40.596053999679938],[-74.142282999903131,40.595492999838399],[-74.142723000119176,40.594902999865489],[-74.143183000426731,40.594310000165912],[-74.14346100026107,40.593987999783316],[-74.143845000400631,40.593542000208487],[-74.144194000380068,40.593090000323478],[-74.14456500010084,40.59264300019845],[-74.144759000269602,40.592386000018919],[-74.14532099978608,40.591642999921369],[-74.145444999634634,40.59104100027065],[-74.145626000282931,40.590166000006761],[-74.1456670002908,40.589965999742148]]]},"properties":{"OBJECTID":76019,"GEOID":"360850273022","STATE":"36","COUNTY":"085","AREALAND":698565,"AREAWATER":0}},{"type":"Feature","id":76020,"geometry":{"type":"Polygon","coordinates":[[[-74.162119999553994,40.575982000172054],[-74.162430000073712,40.575713999858401],[-74.16179099966601,40.575370000082209],[-74.160347999892522,40.576149000117368],[-74.159156000189199,40.576791000037794],[-74.157342999621534,40.577838999843351],[-74.156415000407165,40.578351000028974],[-74.156145999895344,40.578500000178423],[-74.155377999616235,40.578911999720475],[-74.154768000419168,40.579252000200455],[-74.154173000392419,40.579598000227264],[-74.15370999971185,40.579871999877966],[-74.153097999966647,40.580250999982702],[-74.152528000054247,40.580617000153843],[-74.15335900008256,40.581055999997417],[-74.153935999667638,40.581384999819221],[-74.155084999713267,40.581974999670976],[-74.155591999876478,40.58225699983651],[-74.155853999817296,40.581986000251284],[-74.156196000124055,40.581628000158339],[-74.156340000064091,40.581462999931624],[-74.156601000180004,40.581299999671891],[-74.156889000060104,40.581215000098815],[-74.157393999675165,40.580690000181434],[-74.157482000437028,40.580346000064822],[-74.158054999824159,40.579799999849357],[-74.158628999934507,40.57925500017091],[-74.159461999612631,40.578530000214165],[-74.159442000419475,40.578314999888136],[-74.159863000368944,40.578010999745793],[-74.160433000281344,40.577551000063885],[-74.160664000260013,40.577716999946006],[-74.160974999706326,40.57793999999835],[-74.161296999921618,40.577881000304608],[-74.161625999809587,40.576714999765009],[-74.162225000034283,40.57616200013647],[-74.162119999553994,40.575982000172054]]]},"properties":{"OBJECTID":76020,"GEOID":"360850277021","STATE":"36","COUNTY":"085","AREALAND":188664,"AREAWATER":0}},{"type":"Feature","id":76715,"geometry":{"type":"Polygon","coordinates":[[[-74.191743999596568,40.531916999906251],[-74.191167999836381,40.531099999801221],[-74.190725999970525,40.530482000165577],[-74.190290999777332,40.529878000014932],[-74.189852000284503,40.52926300019719],[-74.188812000018828,40.52781999991776],[-74.187582999607258,40.526077999801224],[-74.187185000122327,40.525520999745538],[-74.186643999623939,40.524780000107867],[-74.186098999825887,40.523996000008715],[-74.185231999812586,40.524307999760111],[-74.184421999700675,40.524597999890091],[-74.182697999719778,40.525217000184881],[-74.181763999759312,40.525557000285005],[-74.180979999586683,40.525842000174819],[-74.180310999940076,40.526089000009485],[-74.178408999683967,40.526710000147666],[-74.178232000131956,40.526740999816859],[-74.177938000404069,40.526781999930009],[-74.177606999967978,40.526809000340563],[-74.177307000392318,40.526819000110478],[-74.176986000001946,40.52681199993031],[-74.176741999604474,40.52679600029596],[-74.175732000374367,40.526763000013936],[-74.174759999880735,40.526734999948104],[-74.174933000133095,40.527048999870104],[-74.175568000342821,40.528104000127463],[-74.176170999867168,40.529193999832188],[-74.177047000101325,40.532059000014854],[-74.177211999957763,40.532425000186365],[-74.177515999731369,40.533064999830884],[-74.177856000388317,40.533740000214699],[-74.178165000184805,40.534317999792762],[-74.178534000255752,40.534974000206816],[-74.178867000341668,40.53553500027941],[-74.17911099984083,40.535559000013436],[-74.179362999735915,40.535597000314361],[-74.179611000331349,40.535647000102578],[-74.179843999959857,40.535706999662622],[-74.180829999798846,40.535925000183418],[-74.181193999846911,40.53581499982765],[-74.181958999752993,40.535549000182201],[-74.183202000408244,40.535153999851048],[-74.184011999621845,40.53489700004441],[-74.184064000398692,40.534880000094155],[-74.184137000193616,40.534857000315256],[-74.18509799991827,40.534526000069917],[-74.185462999791255,40.534400999803509],[-74.186298000017516,40.534094999822223],[-74.187438999667222,40.53370500018999],[-74.187995000234224,40.533539999924827],[-74.188597999758585,40.533361000261756],[-74.1894649997719,40.533091999758312],[-74.190234999700834,40.53274200008304],[-74.191743999596568,40.531916999906251]]]},"properties":{"OBJECTID":76715,"GEOID":"360850176001","STATE":"36","COUNTY":"085","AREALAND":1122760,"AREAWATER":534}},{"type":"Feature","id":76716,"geometry":{"type":"Polygon","coordinates":[[[-74.168424999648749,40.533435000165198],[-74.168036000384646,40.532787000172945],[-74.167654999719815,40.532160000293608],[-74.167274999778201,40.531537999883554],[-74.16689800020967,40.530917999676412],[-74.16664399976645,40.530514999981925],[-74.166385000198687,40.530123999727316],[-74.166083000074877,40.529689000105456],[-74.164853999663322,40.527909000230792],[-74.16401099993945,40.528255000063851],[-74.163046000016848,40.528664000072851],[-74.16257800021171,40.527963999751371],[-74.162401999586294,40.527702000202815],[-74.16210500038369,40.527418000338031],[-74.161917000062715,40.527495999843751],[-74.160424999885421,40.528118999833403],[-74.16085900025368,40.528718000049416],[-74.16134899980014,40.52937399998217],[-74.161753000031183,40.529931000107005],[-74.162194000072148,40.530524000301426],[-74.162630999915152,40.531126999837689],[-74.163077999803917,40.53171799988236],[-74.163503999776253,40.532318000255373],[-74.163947000365354,40.53293400025612],[-74.164414000345587,40.533503000041279],[-74.164857999861283,40.534104999870465],[-74.165264999567057,40.534747999771469],[-74.166652999987292,40.534120999807989],[-74.168424999648749,40.533435000165198]]]},"properties":{"OBJECTID":76716,"GEOID":"360850176002","STATE":"36","COUNTY":"085","AREALAND":247809,"AREAWATER":0}},{"type":"Feature","id":77019,"geometry":{"type":"Polygon","coordinates":[[[-74.146828999856893,40.631382000228562],[-74.146910000047754,40.631156000107602],[-74.145915999812843,40.630967999918902],[-74.145699999902746,40.630927000206363],[-74.14398199976965,40.630599999685622],[-74.143755999813848,40.630553999769518],[-74.143543000276836,40.631392000059364],[-74.143404000359666,40.631849999977618],[-74.143375999872248,40.631944999689331],[-74.142774000172807,40.633791999998493],[-74.142138999963095,40.633642999675317],[-74.141457999722604,40.633485000273339],[-74.141276999972646,40.633442999972424],[-74.140946000434838,40.634379000022051],[-74.140762000311824,40.634896999851264],[-74.14067100007523,40.635150999988873],[-74.140266000019281,40.636279000229784],[-74.140034000215692,40.636955000059622],[-74.139772000274874,40.637697000175052],[-74.139681000038266,40.637948999843076],[-74.143253999673519,40.636322000155594],[-74.143812999715252,40.63605200027348],[-74.14480100010239,40.635580999812014],[-74.145631000305784,40.635245999775918],[-74.145839999644849,40.634575000043128],[-74.146421000326214,40.63272000014652],[-74.146520999885325,40.632391000016753],[-74.146566999916075,40.632238000230899],[-74.146617000144786,40.632073000149191],[-74.146659999802509,40.631951999784732],[-74.146828999856893,40.631382000228562]]]},"properties":{"OBJECTID":77019,"GEOID":"360850213005","STATE":"36","COUNTY":"085","AREALAND":224192,"AREAWATER":0}},{"type":"Feature","id":83742,"geometry":{"type":"Polygon","coordinates":[[[-74.141203000352803,40.611305000108864],[-74.141077999781004,40.609800999810844],[-74.140924999620125,40.608089999988792],[-74.140901000229007,40.607786999946569],[-74.139830999826103,40.607825000171232],[-74.13639999958275,40.608022999951416],[-74.136006000295779,40.608071999741028],[-74.132123000140822,40.608274999753256],[-74.132150999729902,40.608551999913928],[-74.132310999563487,40.610258000049534],[-74.13230399989078,40.61243800008058],[-74.13323500037653,40.612376000285863],[-74.134170000161902,40.612330000093053],[-74.135108000320315,40.612293999831088],[-74.136040999557565,40.61226199980932],[-74.136633000109569,40.612169000191685],[-74.138229000043935,40.611874999845213],[-74.13843599973319,40.611839000020076],[-74.139209999860086,40.611691999964485],[-74.140218000338706,40.611496000296583],[-74.141203000352803,40.611305000108864]]]},"properties":{"OBJECTID":83742,"GEOID":"360850189012","STATE":"36","COUNTY":"085","AREALAND":332075,"AREAWATER":0}},{"type":"Feature","id":83743,"geometry":{"type":"Polygon","coordinates":[[[-74.109759000069872,40.63473200020497],[-74.110221000027224,40.634734999731208],[-74.109298999762316,40.630040000211643],[-74.109114999639303,40.630068000024181],[-74.108882999835714,40.630114999731802],[-74.108271000090525,40.630228999741043],[-74.108112999906766,40.630256000019727],[-74.107462999628439,40.63036700006591],[-74.106905000309922,40.63046599969352],[-74.106050999817086,40.630599000236138],[-74.105767999959866,40.630568999701168],[-74.105983999869935,40.632022000016683],[-74.106153999749253,40.632825000281862],[-74.106537000063909,40.634702000163522],[-74.107737999988046,40.634706999830478],[-74.10893200023952,40.634721000123143],[-74.109759000069872,40.63473200020497]]]},"properties":{"OBJECTID":83743,"GEOID":"360850105002","STATE":"36","COUNTY":"085","AREALAND":151034,"AREAWATER":0}},{"type":"Feature","id":84251,"geometry":{"type":"Polygon","coordinates":[[[-74.105687999593925,40.581628000158339],[-74.106398999971631,40.581158999767247],[-74.10513500029829,40.580479000089611],[-74.103797000106781,40.579766999753481],[-74.101669999719746,40.578623000239482],[-74.101052000126785,40.57916899982736],[-74.100390999977805,40.579688999710342],[-74.099740999699463,40.580208000123804],[-74.099088999771283,40.580725000213164],[-74.098440000216186,40.581241999718074],[-74.10061199991074,40.582711999759816],[-74.102497000448409,40.58401600003031],[-74.103156999874187,40.583522000263287],[-74.103843000137545,40.583029999899011],[-74.105033000191028,40.582153000218632],[-74.105687999593925,40.581628000158339]]]},"properties":{"OBJECTID":84251,"GEOID":"360850114021","STATE":"36","COUNTY":"085","AREALAND":200691,"AREAWATER":0}},{"type":"Feature","id":84252,"geometry":{"type":"Polygon","coordinates":[[[-74.116316000059697,40.573950999879784],[-74.115534000435176,40.573549999729742],[-74.114807999988869,40.573159000264198],[-74.114028000014187,40.572752999935069],[-74.113569000429877,40.572504000247292],[-74.111919999893757,40.571626999725382],[-74.111648999732097,40.571483999918996],[-74.109762000442899,40.570467999767985],[-74.109184000134604,40.571041999701876],[-74.108635000138605,40.571587000096599],[-74.108087999792417,40.572130999822583],[-74.107542999994394,40.572674000268776],[-74.106990999625339,40.573219999961239],[-74.109046999867232,40.574312000309092],[-74.110949999948275,40.57532600022126],[-74.112822000067169,40.576321999849931],[-74.113506999607282,40.575852999785916],[-74.114176999977104,40.575370000082209],[-74.11484200032406,40.574889999787125],[-74.115520000191495,40.574415000227525],[-74.116316000059697,40.573950999879784]]]},"properties":{"OBJECTID":84252,"GEOID":"360850122002","STATE":"36","COUNTY":"085","AREALAND":244289,"AREAWATER":0}},{"type":"Feature","id":84253,"geometry":{"type":"Polygon","coordinates":[[[-74.087832999666801,40.615317999907887],[-74.087776999590318,40.61494300021193],[-74.087429000334097,40.61441900020278],[-74.087210000050973,40.613306999739216],[-74.086929999668484,40.613499999752463],[-74.086281000113374,40.613974999951033],[-74.086174999808179,40.614062000237375],[-74.08546400032877,40.614582000198304],[-74.084649000193991,40.615205000039246],[-74.084049999969281,40.615626999985018],[-74.083793000051344,40.615809999999044],[-74.083312999652321,40.616163000145313],[-74.083234000009597,40.616220000148601],[-74.082743999564826,40.616581000176431],[-74.08357399976822,40.61700799992385],[-74.084858000431367,40.617399999759684],[-74.085249000243621,40.617511000034597],[-74.086266999869679,40.617831999976126],[-74.0865709996433,40.617170000089644],[-74.086984999920077,40.616533000149168],[-74.087414000265468,40.615929999937364],[-74.087703999795394,40.615526999825164],[-74.087832999666801,40.615317999907887]]]},"properties":{"OBJECTID":84253,"GEOID":"360850029004","STATE":"36","COUNTY":"085","AREALAND":102654,"AREAWATER":0}},{"type":"Feature","id":84254,"geometry":{"type":"Polygon","coordinates":[[[-74.116189999663007,40.628941000000424],[-74.116142999807337,40.628701999770499],[-74.115952000011617,40.628229999790406],[-74.115885000064466,40.628088999997118],[-74.115609999704859,40.627549000051772],[-74.115448000221463,40.627220999852284],[-74.115259999900488,40.626860000052886],[-74.115011000378473,40.626376999915287],[-74.114742999691543,40.625863999772044],[-74.114093000311527,40.624600000244207],[-74.113934000302862,40.624330000007276],[-74.113585000323411,40.623697999967916],[-74.113309000138884,40.62304199967803],[-74.111534000104371,40.621602999979629],[-74.110944000100488,40.621194999999851],[-74.110015000162903,40.620687999916662],[-74.110261000210201,40.621794000047963],[-74.110488999815828,40.623274000067937],[-74.110549999915193,40.623843999966645],[-74.110633999580784,40.624567999980194],[-74.110710999573669,40.62525200006862],[-74.110743000259049,40.625526000134514],[-74.110789000289799,40.625934999768958],[-74.110837999795294,40.6263750002081],[-74.110867999932495,40.626623999765691],[-74.110937000427796,40.627223000215928],[-74.110954000146236,40.627363999792294],[-74.11101100004764,40.627897000031979],[-74.111036999986922,40.628099000321043],[-74.111086000390713,40.628551000037191],[-74.111117000352863,40.628808999722438],[-74.111170999881224,40.629289999695466],[-74.111226999957708,40.629685000158197],[-74.113359000367609,40.629281999851763],[-74.116189999663007,40.628941000000424]]]},"properties":{"OBJECTID":84254,"GEOID":"360850121002","STATE":"36","COUNTY":"085","AREALAND":271703,"AREAWATER":0}},{"type":"Feature","id":84255,"geometry":{"type":"Polygon","coordinates":[[[-74.111226999957708,40.629685000158197],[-74.111170999881224,40.629289999695466],[-74.111117000352863,40.628808999722438],[-74.111086000390713,40.628551000037191],[-74.111036999986922,40.628099000321043],[-74.11101100004764,40.627897000031979],[-74.110954000146236,40.627363999792294],[-74.110937000427796,40.627223000215928],[-74.110867999932495,40.626623999765691],[-74.110837999795294,40.6263750002081],[-74.110789000289799,40.625934999768958],[-74.110743000259049,40.625526000134514],[-74.110012999614767,40.625609999760414],[-74.109234000363301,40.625699999826679],[-74.108347000258519,40.625805000091695],[-74.107508999659188,40.625887000326657],[-74.10666699976025,40.62599699993504],[-74.105789999701187,40.62609700010357],[-74.104844000045134,40.626207000047842],[-74.104910000167379,40.626495999769517],[-74.105063000328258,40.62717800020144],[-74.105240999705188,40.627878000175826],[-74.105291999758805,40.628103999800679],[-74.10557799998908,40.629190000217378],[-74.105773999807653,40.629929999763121],[-74.105849999975632,40.630373000192115],[-74.105767999959866,40.630568999701168],[-74.106050999817086,40.630599000236138],[-74.106905000309922,40.63046599969352],[-74.107462999628439,40.63036700006591],[-74.108112999906766,40.630256000019727],[-74.108271000090525,40.630228999741043],[-74.108882999835714,40.630114999731802],[-74.109114999639303,40.630068000024181],[-74.109298999762316,40.630040000211643],[-74.110002999569019,40.629909000202296],[-74.110202999585553,40.629874000010581],[-74.111226999957708,40.629685000158197]]]},"properties":{"OBJECTID":84255,"GEOID":"360850121003","STATE":"36","COUNTY":"085","AREALAND":232321,"AREAWATER":0}},{"type":"Feature","id":84256,"geometry":{"type":"Polygon","coordinates":[[[-74.123735999864891,40.620971000047554],[-74.123575000206415,40.620270999957818],[-74.123391000083402,40.619166999761994],[-74.123391000083402,40.618771999823224],[-74.123490999642513,40.618501999893603],[-74.123621000237165,40.618058999819482],[-74.123632999932724,40.617441000275882],[-74.123576000031306,40.616679999782782],[-74.122088999876894,40.616810000172684],[-74.119399000148491,40.617041000052588],[-74.118768000136726,40.61709400001866],[-74.117656999725924,40.61718999991448],[-74.117450000036698,40.616394999878679],[-74.117194999768586,40.615597999899499],[-74.116987000254426,40.614924999764462],[-74.116900000215793,40.614233000023304],[-74.116841999591159,40.613524999882969],[-74.116469000220576,40.613554000186326],[-74.115382999924137,40.613642000042205],[-74.115131999853986,40.613662000241241],[-74.114146000014969,40.613742000295652],[-74.113375000261115,40.613804999887549],[-74.11145399973843,40.61410700022347],[-74.109357000386936,40.614545999785896],[-74.108850000223754,40.614654999971158],[-74.107948999875262,40.614855999708908],[-74.107065999968412,40.615049999703338],[-74.106187000259524,40.615254000017828],[-74.105345000360572,40.615624999955998],[-74.104560000363023,40.615966999954416],[-74.103510999876519,40.616414000273778],[-74.104583999754141,40.617612000278115],[-74.104952999825088,40.618022999916811],[-74.105187000176826,40.61828199967448],[-74.106102999695608,40.618969000272813],[-74.10734100032802,40.619542999910983],[-74.107460999978613,40.619594000027533],[-74.107707000025911,40.619699999957987],[-74.109032999623551,40.620264000001725],[-74.110015000162903,40.620687999916662],[-74.110944000100488,40.621194999999851],[-74.111534000104371,40.621602999979629],[-74.113309000138884,40.62304199967803],[-74.115389999596843,40.623886999718593],[-74.117126999996515,40.6245329997165],[-74.118405999738471,40.623760999716957],[-74.118532000135161,40.622836999715098],[-74.118572000318139,40.622544000199056],[-74.119668999586906,40.621745000093249],[-74.120077999840845,40.621666999924116],[-74.123735999864891,40.620971000047554]]]},"properties":{"OBJECTID":84256,"GEOID":"360850147002","STATE":"36","COUNTY":"085","AREALAND":1143314,"AREAWATER":2000}},{"type":"Feature","id":84257,"geometry":{"type":"Polygon","coordinates":[[[-74.13928799967789,40.630744000018453],[-74.139506000136095,40.63057099996449],[-74.138598000114882,40.62994599997598],[-74.137603000055066,40.629258000315055],[-74.136741999889523,40.628662000190452],[-74.136045999580446,40.628188000274754],[-74.135860999632513,40.628061000036588],[-74.13408700032123,40.629541999734087],[-74.133437000042889,40.629075000325621],[-74.132284999624204,40.630019000003642],[-74.131617999627437,40.630583000179747],[-74.132349000096639,40.630986000133987],[-74.133369000270818,40.631552999992735],[-74.13450700044578,40.632186000116938],[-74.136541000048069,40.633342999896378],[-74.137121000006204,40.632778999853315],[-74.137669000177297,40.632262000060088],[-74.137737999774259,40.632196999934656],[-74.138229999868869,40.631727999776423],[-74.138371000334175,40.631591000335362],[-74.13879800013143,40.631180999766478],[-74.13894000042167,40.631042000317457],[-74.13928799967789,40.630744000018453]]]},"properties":{"OBJECTID":84257,"GEOID":"360850213003","STATE":"36","COUNTY":"085","AREALAND":194749,"AREAWATER":0}},{"type":"Feature","id":84258,"geometry":{"type":"Polygon","coordinates":[[[-74.151983000256223,40.617530000112303],[-74.151553000085897,40.617513000007165],[-74.150856999776821,40.617434000023188],[-74.149947000105783,40.617345000058833],[-74.149871999762723,40.61733599981833],[-74.149772000203612,40.617325000280388],[-74.149051999605078,40.617242999762347],[-74.149023000191065,40.617240000132306],[-74.14889799961928,40.617224999934507],[-74.148722999717108,40.617205000120144],[-74.148029999781059,40.617127000104965],[-74.147946000115468,40.617117999835095],[-74.147768999665132,40.617105999927958],[-74.147320000126584,40.61707499981695],[-74.147096999645512,40.617060000264011],[-74.146900999826912,40.617050999985118],[-74.14603499963853,40.617013000233698],[-74.145124000142587,40.616966000170322],[-74.144195000205002,40.616871000289457],[-74.143262000069427,40.616741000018258],[-74.142337000329789,40.616607999835672],[-74.142214000306154,40.617755000334704],[-74.142150999658654,40.61818799993641],[-74.142036999855819,40.61897199982517],[-74.141907999984412,40.619866999828851],[-74.141878999672088,40.620091000073913],[-74.142783000393649,40.620201999968756],[-74.143704999760217,40.620317000138279],[-74.14461199995651,40.620425000170549],[-74.144585000192322,40.620665999897192],[-74.146816000336443,40.620713999682316],[-74.147218000019336,40.620932000204341],[-74.147931999871773,40.62133600002899],[-74.148227000322862,40.621502000315346],[-74.151983000256223,40.617530000112303]]]},"properties":{"OBJECTID":84258,"GEOID":"360850251002","STATE":"36","COUNTY":"085","AREALAND":288540,"AREAWATER":0}},{"type":"Feature","id":84259,"geometry":{"type":"Polygon","coordinates":[[[-74.079206000089684,40.643430999702773],[-74.079134999944586,40.643337999856364],[-74.078197999611064,40.642115000183232],[-74.078114999770392,40.642031000188666],[-74.078033999579546,40.641926000217168],[-74.077976999678128,40.64182899978514],[-74.077932000370581,40.641720000319054],[-74.077898999860324,40.641585000183234],[-74.077042999717648,40.641963000148046],[-74.076393000337632,40.642275000205117],[-74.076147000290334,40.64192800014024],[-74.075352000247037,40.642034000068563],[-74.074667999633519,40.642167000062017],[-74.07369299966517,40.64239600026513],[-74.073466999709353,40.642422999713453],[-74.07300300010219,40.642538999743486],[-74.072623000160576,40.642706999711613],[-74.072469999999711,40.642681000328444],[-74.072126999868033,40.642780000101567],[-74.071479999962747,40.642887999934409],[-74.071514000297924,40.643547000025848],[-74.072475999847484,40.644518000223627],[-74.073707999733784,40.6451299998878],[-74.07427500017144,40.644906999705562],[-74.07430899960832,40.644837000032652],[-74.074384999776299,40.644767000286315],[-74.074681000052308,40.644578000331876],[-74.074952000213969,40.644435999693044],[-74.075122000093288,40.644379999838037],[-74.07525599998759,40.644363999676123],[-74.075604000142121,40.644384000218743],[-74.076410000056086,40.644450999914],[-74.076816999761846,40.644450999914],[-74.077764999966021,40.644072999725118],[-74.078440000358697,40.643775000331942],[-74.079206000089684,40.643430999702773]]]},"properties":{"OBJECTID":84259,"GEOID":"360850003001","STATE":"36","COUNTY":"085","AREALAND":147455,"AREAWATER":0}},{"type":"Feature","id":84344,"geometry":{"type":"Polygon","coordinates":[[[-74.075646999799829,40.626663999884599],[-74.075244000292017,40.626005999690442],[-74.075030999856679,40.625602999681952],[-74.074840000060959,40.625226000023879],[-74.074399999844914,40.624462999815925],[-74.072535000297037,40.622463999775029],[-74.072064000118843,40.62186000033374],[-74.071745000276607,40.621458999709809],[-74.071269999900466,40.620836000231073],[-74.070954000431271,40.620430999826304],[-74.070145000144279,40.619466000196077],[-74.069739000263411,40.618989999864198],[-74.069148000434623,40.618187000301177],[-74.068656000340042,40.617516999952066],[-74.068016999932354,40.616641999820338],[-74.067749000143749,40.616277999767028],[-74.067282999988421,40.615643000214909],[-74.066790000068934,40.614971999899829],[-74.066133999942821,40.61408900023271],[-74.065588000319849,40.613350999844279],[-74.064959999782829,40.612501000219986],[-74.063964999722984,40.613007999699064],[-74.063248000395816,40.613375000323337],[-74.062890000195537,40.613550999708771],[-74.062542999865897,40.613742999997385],[-74.062759999600885,40.614024999847274],[-74.062894000393499,40.614210999923849],[-74.062820999700264,40.614926000130367],[-74.062935000401367,40.615710000113083],[-74.062880000149804,40.615743999872898],[-74.062906999913977,40.615776000272817],[-74.063614000093722,40.616424999961716],[-74.063696000109488,40.616547999820433],[-74.063743999790063,40.616635000165893],[-74.063752000185985,40.616677999785324],[-74.063795999668599,40.616764999961454],[-74.06384300042258,40.616800000204123],[-74.063961000423348,40.616844999709933],[-74.06408199989886,40.616881999902148],[-74.064142999998239,40.616895000185949],[-74.064194999876761,40.616907999785376],[-74.064332999969025,40.616999000319808],[-74.064137000150438,40.61714699994269],[-74.063912000019556,40.617325000280388],[-74.063726000246703,40.617497999870658],[-74.063836999676468,40.617572999837584],[-74.064117000058957,40.617345999706657],[-74.064221999640949,40.61741899986896],[-74.064493999627501,40.617222000303705],[-74.0643809996496,40.617127999756057],[-74.064470000236383,40.61706200025003],[-74.065097999875078,40.617507999734734],[-74.064255000151221,40.618178000174119],[-74.064358000083388,40.618258000276199],[-74.064962000330965,40.61777499998442],[-74.06540300037193,40.618084000289713],[-74.065641999848211,40.617905999928659],[-74.06605000027723,40.618197000062125],[-74.066443999564214,40.617883000035143],[-74.066641000106017,40.618052000313433],[-74.065450000227614,40.619209000177442],[-74.065543999938924,40.619270000149271],[-74.066205000087933,40.618727000251667],[-74.066706000403343,40.619031000086409],[-74.066672999893072,40.619092000220824],[-74.06717000001052,40.619420000111489],[-74.067686000394559,40.619777000085037],[-74.068394000399209,40.620296999885831],[-74.0684780000648,40.620301999949511],[-74.068877000272977,40.620592000274542],[-74.069049999627026,40.620699999862204],[-74.069166999802889,40.620836000231073],[-74.069195000290307,40.62087300025842],[-74.069340999880154,40.621009000275009],[-74.069477000322607,40.621088999714232],[-74.069523000353342,40.621051999806518],[-74.069757999631676,40.621201999858428],[-74.069916999640327,40.621314000222988],[-74.070077000372223,40.62147300005271],[-74.070119000205011,40.621599999863534],[-74.070219999589042,40.621753000157874],[-74.07030599980277,40.621922999770874],[-74.070375000298043,40.622014999870316],[-74.070460999613459,40.622124999719119],[-74.070577999789322,40.622340999899322],[-74.070690999767237,40.622444000165473],[-74.070766000110311,40.622593999818783],[-74.070934000339804,40.622705999894826],[-74.07118700005978,40.622913000070767],[-74.07134699989335,40.62323099992134],[-74.071505999902016,40.623531000129226],[-74.071777999888567,40.623886999718593],[-74.071861999554159,40.624037999769989],[-74.072012000240292,40.624309000049131],[-74.072181000294691,40.624516000029864],[-74.072237000371203,40.62460900018786],[-74.0723219998617,40.624862999915521],[-74.072368999717369,40.624975000277736],[-74.072411000448469,40.625124999701576],[-74.072415999573025,40.625308000287959],[-74.072415999573025,40.625463000004899],[-74.072429999816734,40.625598000015088],[-74.072480999870365,40.625805000091695],[-74.072532999748901,40.625982999858579],[-74.072579999604557,40.626208000244866],[-74.072608000091975,40.626344000307711],[-74.072635999681069,40.626555000203041],[-74.072664000168459,40.626752000198287],[-74.072686999734671,40.626844999969911],[-74.072716000046995,40.626878000011693],[-74.072851999591137,40.626919999669404],[-74.072907999667621,40.626924999919098],[-74.073277999563487,40.626887000330171],[-74.073264000218089,40.626760999851946],[-74.073465999884462,40.626741999672653],[-74.073505000242506,40.626876000319506],[-74.073573000014576,40.626868000186668],[-74.074152000147791,40.626815999981716],[-74.074994999871663,40.626726000055683],[-74.075646999799829,40.626663999884599]]]},"properties":{"OBJECTID":84344,"GEOID":"360850006001","STATE":"36","COUNTY":"085","AREALAND":376492,"AREAWATER":0}},{"type":"Feature","id":84345,"geometry":{"type":"Polygon","coordinates":[[[-74.089599000378811,40.647570999859006],[-74.089554000172967,40.647220999735943],[-74.089200999995555,40.647031999914979],[-74.089105999560999,40.646911999967244],[-74.08893300020695,40.646665000190865],[-74.086519999589655,40.643897000331265],[-74.086523999787616,40.642563999911587],[-74.085749999660734,40.642846000095936],[-74.084968999861132,40.643130000339212],[-74.084143999680634,40.643430999702773],[-74.084595999592224,40.644026000300322],[-74.0850719997933,40.644650000117998],[-74.086020999822381,40.645925999951189],[-74.086538000031325,40.646490000027782],[-74.08696300017877,40.647020999815162],[-74.087424000311216,40.647573000294528],[-74.087573000274134,40.647835000260208],[-74.087647999718882,40.647964999986229],[-74.087683999703899,40.648281000078399],[-74.088436999914393,40.648229000191975],[-74.089599000378811,40.647570999859006]]]},"properties":{"OBJECTID":84345,"GEOID":"360850007001","STATE":"36","COUNTY":"085","AREALAND":104191,"AREAWATER":0}},{"type":"Feature","id":84346,"geometry":{"type":"Polygon","coordinates":[[[-74.086538000031325,40.646490000027782],[-74.086020999822381,40.645925999951189],[-74.0850719997933,40.644650000117998],[-74.084595999592224,40.644026000300322],[-74.084143999680634,40.643430999702773],[-74.082073000268409,40.644208000281786],[-74.082181000223443,40.64436500028274],[-74.082372000019149,40.644644999832444],[-74.080282000340361,40.644793000220176],[-74.081160000224344,40.645868000178226],[-74.081433999860721,40.646023999782145],[-74.084431999560707,40.646778999886656],[-74.084501999880899,40.646797999817039],[-74.084706000095409,40.646841999670897],[-74.084895000241303,40.646869000047076],[-74.085007000394285,40.646877999715649],[-74.085045999854032,40.646881000059295],[-74.08522800032722,40.646885000290055],[-74.085410999727031,40.646877999715649],[-74.085602000421034,40.646857999920393],[-74.085756000406832,40.646832000109399],[-74.086538000031325,40.646490000027782]]]},"properties":{"OBJECTID":84346,"GEOID":"360850007002","STATE":"36","COUNTY":"085","AREALAND":106709,"AREAWATER":0}},{"type":"Feature","id":84347,"geometry":{"type":"Polygon","coordinates":[[[-74.074547000158006,40.616942999953132],[-74.073954999605988,40.61605599970877],[-74.073584999710135,40.615583999689136],[-74.073454000188889,40.615415999663369],[-74.072783999819066,40.614519999665347],[-74.072458000304138,40.61407800016017],[-74.071865999752134,40.613315999840587],[-74.071412000190676,40.612726000330454],[-74.070677000421838,40.611775999938402],[-74.069330000009501,40.612460000081882],[-74.068899999839189,40.612678999979003],[-74.067891000433974,40.613193999879073],[-74.067729000052267,40.613273999811895],[-74.06699400028343,40.613658000065534],[-74.066133999942821,40.61408900023271],[-74.066790000068934,40.614971999899829],[-74.067282999988421,40.615643000214909],[-74.067749000143749,40.616277999767028],[-74.068016999932354,40.616641999820338],[-74.068656000340042,40.617516999952066],[-74.069148000434623,40.618187000301177],[-74.069739000263411,40.618989999864198],[-74.070145000144279,40.619466000196077],[-74.070954000431271,40.620430999826304],[-74.071309000258523,40.619638999696882],[-74.074547000158006,40.616942999953132]]]},"properties":{"OBJECTID":84347,"GEOID":"360850008001","STATE":"36","COUNTY":"085","AREALAND":336168,"AREAWATER":0}},{"type":"Feature","id":85492,"geometry":{"type":"Polygon","coordinates":[[[-74.165786999798883,40.590708000008846],[-74.164827999724068,40.590138999896844],[-74.163759999869285,40.589518999880795],[-74.162994999963217,40.5890780001845],[-74.162013000322176,40.588505000212031],[-74.161265000134563,40.588076999718801],[-74.160313999557346,40.589028000043136],[-74.159193999824041,40.590151999925851],[-74.159938999638612,40.590579000051797],[-74.162413000355272,40.591988999973942],[-74.163317000178509,40.592507999765488],[-74.163527000240791,40.592369000338493],[-74.163626999799902,40.592307999684081],[-74.165786999798883,40.590708000008846]]]},"properties":{"OBJECTID":85492,"GEOID":"360850277062","STATE":"36","COUNTY":"085","AREALAND":132536,"AREAWATER":0}},{"type":"Feature","id":85493,"geometry":{"type":"Polygon","coordinates":[[[-74.165786999798883,40.590708000008846],[-74.167613999711932,40.588927000257463],[-74.164842999792654,40.587364999760105],[-74.164611999813999,40.587228000072173],[-74.164400999926798,40.587104000042942],[-74.164204000283291,40.586987999917504],[-74.162989999940351,40.586299999931057],[-74.161265000134563,40.588076999718801],[-74.162013000322176,40.588505000212031],[-74.162994999963217,40.5890780001845],[-74.163759999869285,40.589518999880795],[-74.164827999724068,40.590138999896844],[-74.165786999798883,40.590708000008846]]]},"properties":{"OBJECTID":85493,"GEOID":"360850277063","STATE":"36","COUNTY":"085","AREALAND":119900,"AREAWATER":0}},{"type":"Feature","id":85494,"geometry":{"type":"Polygon","coordinates":[[[-74.174866000185943,40.613195000270906],[-74.175625000244239,40.612217999669049],[-74.169603000006688,40.611252000324221],[-74.165842000050461,40.610660999890314],[-74.164838999594693,40.610494999943988],[-74.164674999563175,40.611234000246249],[-74.164082999909482,40.613929000177109],[-74.163923999900817,40.614632000322231],[-74.163767000440288,40.615311999792929],[-74.163603000408784,40.615993000193725],[-74.164563000308505,40.616130999930753],[-74.165473999804448,40.616297000195395],[-74.166391000046474,40.616424999961716],[-74.1682039997158,40.616645999817436],[-74.168515999885344,40.61668500011718],[-74.168376000143269,40.617333999840476],[-74.168167999730812,40.618269999976413],[-74.168026000338884,40.618922000221758],[-74.167868999980044,40.619622999742177],[-74.167729000237969,40.620258000330978],[-74.169187000080086,40.620546999883381],[-74.17189400042524,40.616838000076704],[-74.174866000185943,40.613195000270906]]]},"properties":{"OBJECTID":85494,"GEOID":"360850291042","STATE":"36","COUNTY":"085","AREALAND":578366,"AREAWATER":0}},{"type":"Feature","id":85495,"geometry":{"type":"Polygon","coordinates":[[[-74.16232899979137,40.62238099985602],[-74.16234200021016,40.622337999816381],[-74.159603000077951,40.62197499969438],[-74.15785200033288,40.621797000155382],[-74.157759000446461,40.622179000000102],[-74.157736999806829,40.622273999832949],[-74.157193999658617,40.623975000282229],[-74.156141999697397,40.623892000195376],[-74.155380000164371,40.62384099995117],[-74.15306399963147,40.623451999761954],[-74.151082999732623,40.623260000102519],[-74.150773000111244,40.62345600003308],[-74.15011399961206,40.623334000178694],[-74.150044000190178,40.623494999766315],[-74.149240999750972,40.623328999660139],[-74.149151000237595,40.623598000298401],[-74.149090000138216,40.623723999925701],[-74.148988000030968,40.624189999707191],[-74.148767999922939,40.625103999993435],[-74.150168999863624,40.625275999681335],[-74.151352000244458,40.62542100011273],[-74.15173999968367,40.62546199979672],[-74.152136000417087,40.625501999929824],[-74.152259000440722,40.625513999692338],[-74.153133999951649,40.625596999808991],[-74.154519999823748,40.625738000090983],[-74.154898000115523,40.625789000250251],[-74.155761999755782,40.625908999990102],[-74.156677000347997,40.626047999896528],[-74.157826000393612,40.626218000168649],[-74.158567999835142,40.626312999711168],[-74.159408999909189,40.626417000182137],[-74.160244000135449,40.626498000154882],[-74.160501999878306,40.62653000017594],[-74.161182000293863,40.626598999764411],[-74.161311000165313,40.62576399993641],[-74.161429999990986,40.625013000272716],[-74.161579999778823,40.624276000101631],[-74.162081000094247,40.623254000019017],[-74.162213000338724,40.622828999780246],[-74.162310000423105,40.622444000165473],[-74.16232899979137,40.62238099985602]]]},"properties":{"OBJECTID":85495,"GEOID":"360850303023","STATE":"36","COUNTY":"085","AREALAND":336199,"AREAWATER":0}},{"type":"Feature","id":85496,"geometry":{"type":"Polygon","coordinates":[[[-74.171286999804607,40.640517999949942],[-74.171260999865325,40.639391999756661],[-74.171215999659495,40.637435999978685],[-74.169693000418363,40.637343999990101],[-74.168213999761548,40.637256000000946],[-74.168198999692947,40.637974999706024],[-74.168183999624318,40.638662000202075],[-74.168161999883026,40.639354999763967],[-74.168110999829395,40.640827000010624],[-74.167824999599119,40.641274000280532],[-74.168913000443695,40.642071999898974],[-74.169064000056437,40.6421020000368],[-74.169791000327663,40.64224899997204],[-74.170460999799175,40.641379999884109],[-74.17118499969736,40.641841999984699],[-74.171286999804607,40.640517999949942]]]},"properties":{"OBJECTID":85496,"GEOID":"360850319021","STATE":"36","COUNTY":"085","AREALAND":131868,"AREAWATER":0}},{"type":"Feature","id":92183,"geometry":{"type":"Polygon","coordinates":[[[-74.164674999563175,40.611234000246249],[-74.164838999594693,40.610494999943988],[-74.163875000395336,40.61033899984043],[-74.161496000113246,40.60996400016051],[-74.160402000319195,40.609806999738716],[-74.159997000263246,40.610703999944732],[-74.159432000373727,40.611942999840871],[-74.159266999618964,40.612362999804702],[-74.159179999580331,40.612526999762295],[-74.158761000178984,40.613006999986382],[-74.157660999638864,40.61439200034085],[-74.158459000055188,40.6148480001821],[-74.159320000220731,40.615040999835585],[-74.159880000087369,40.615160999791264],[-74.160166000317645,40.615258999777033],[-74.160553999756857,40.615465000169124],[-74.161705000350608,40.615674000308459],[-74.163445000225025,40.615968999973148],[-74.163603000408784,40.615993000193725],[-74.163767000440288,40.615311999792929],[-74.163923999900817,40.614632000322231],[-74.164082999909482,40.613929000177109],[-74.164674999563175,40.611234000246249]]]},"properties":{"OBJECTID":92183,"GEOID":"360850291043","STATE":"36","COUNTY":"085","AREALAND":269037,"AREAWATER":0}},{"type":"Feature","id":92184,"geometry":{"type":"Polygon","coordinates":[[[-74.157084000053771,40.615651000328398],[-74.157311999659399,40.615154999662209],[-74.156380000247069,40.614435999731413],[-74.155993999559371,40.614139999739429],[-74.154913000184123,40.613308000129408],[-74.154704999771653,40.613146000146166],[-74.153820000215006,40.612428000139602],[-74.153688999795435,40.612322000263816],[-74.153558000274174,40.612748999953538],[-74.153143999997397,40.614371999678411],[-74.153050000286058,40.614692000012383],[-74.152496000267192,40.6165559998256],[-74.151983000256223,40.617530000112303],[-74.148227000322862,40.621502000315346],[-74.147690000022436,40.622072000335244],[-74.147388999723546,40.62247600008341],[-74.14705399998779,40.622971000014871],[-74.146741999818261,40.623546000274665],[-74.146487000448445,40.623990999876348],[-74.146335999937392,40.624416000221395],[-74.146145000141672,40.624930000112137],[-74.1463290002647,40.624922999962465],[-74.146699999985472,40.624914000061125],[-74.148767999922939,40.625103999993435],[-74.148988000030968,40.624189999707191],[-74.149090000138216,40.623723999925701],[-74.149151000237595,40.623598000298401],[-74.149240999750972,40.623328999660139],[-74.149391000437092,40.623103000240718],[-74.149502999691776,40.622922999806107],[-74.149614000019866,40.622792999720822],[-74.150005999657026,40.622434999930093],[-74.150321000199597,40.62215000003139],[-74.150670000179076,40.621836000175378],[-74.150948000013415,40.621588000079633],[-74.151306000213708,40.621352999843118],[-74.151541000390353,40.621201999858428],[-74.151793000285409,40.621041000198559],[-74.152394000159944,40.620662999739018],[-74.152999000232455,40.620272999847757],[-74.153116000408318,40.620200000076686],[-74.153176999609371,40.620162000070891],[-74.15354700040352,40.619931000072931],[-74.153646999962646,40.619868999730834],[-74.153707000237091,40.619815999920711],[-74.154175000042244,40.61940200018838],[-74.154291000393201,40.619300000305039],[-74.154791999810314,40.618840000300224],[-74.155002999697501,40.618648999967903],[-74.155242999897013,40.618431999809488],[-74.155777999649317,40.617922000294648],[-74.156135999849596,40.61735299996856],[-74.156759000363763,40.616362999775248],[-74.157048000068755,40.615737000124312],[-74.157084000053771,40.615651000328398]]]},"properties":{"OBJECTID":92184,"GEOID":"360850303012","STATE":"36","COUNTY":"085","AREALAND":376530,"AREAWATER":0}},{"type":"Feature","id":92185,"geometry":{"type":"Polygon","coordinates":[[[-74.168140999966624,40.622077999843064],[-74.168021000316017,40.621998999802805],[-74.167860999584136,40.621914999726556],[-74.167689000054992,40.621846000071947],[-74.16750800030502,40.621792000203612],[-74.167331999679618,40.621756000267084],[-74.16722700009764,40.621741999983499],[-74.16680399960002,40.621588999663963],[-74.166534000161604,40.621599000279375],[-74.16510100043385,40.621181000280536],[-74.164985000082893,40.621619000141983],[-74.164789000264307,40.62158100026155],[-74.162278999562645,40.621093999718617],[-74.162175999630492,40.621073999698865],[-74.159289000258596,40.620652000067011],[-74.159212000265683,40.620640999711362],[-74.156764000386616,40.620260000221307],[-74.15666999977698,40.620245000019736],[-74.155635000432483,40.620099000336623],[-74.155425000370201,40.620068999857814],[-74.154400999998046,40.619375000294568],[-74.154291000393201,40.619300000305039],[-74.154175000042244,40.61940200018838],[-74.153707000237091,40.619815999920711],[-74.153646999962646,40.619868999730834],[-74.15354700040352,40.619931000072931],[-74.153176999609371,40.620162000070891],[-74.154668999786665,40.620377999780203],[-74.155227000003492,40.620527999981881],[-74.156678999997808,40.620726000305112],[-74.157597000064754,40.620834999953601],[-74.159053000257046,40.621138000150204],[-74.160200999579445,40.621256000203729],[-74.162493999647808,40.621606999679628],[-74.162404999959335,40.621971000016416],[-74.16234200021016,40.622337999816381],[-74.16232899979137,40.62238099985602],[-74.162310000423105,40.622444000165473],[-74.162213000338724,40.622828999780246],[-74.162081000094247,40.623254000019017],[-74.1630359999711,40.623360000278126],[-74.166036000219222,40.623713000075917],[-74.16740399964965,40.623909000040825],[-74.167596000168572,40.623125000139353],[-74.167680999659083,40.622939999898193],[-74.167934000277384,40.622401000166334],[-74.168140999966624,40.622077999843064]]]},"properties":{"OBJECTID":92185,"GEOID":"360850303022","STATE":"36","COUNTY":"085","AREALAND":153879,"AREAWATER":0}},{"type":"Feature","id":92186,"geometry":{"type":"Polygon","coordinates":[[[-74.162404999959335,40.621971000016416],[-74.162493999647808,40.621606999679628],[-74.160200999579445,40.621256000203729],[-74.159053000257046,40.621138000150204],[-74.157597000064754,40.620834999953601],[-74.156678999997808,40.620726000305112],[-74.155227000003492,40.620527999981881],[-74.154668999786665,40.620377999780203],[-74.153176999609371,40.620162000070891],[-74.153116000408318,40.620200000076686],[-74.152999000232455,40.620272999847757],[-74.152394000159944,40.620662999739018],[-74.151793000285409,40.621041000198559],[-74.151541000390353,40.621201999858428],[-74.151306000213708,40.621352999843118],[-74.150948000013415,40.621588000079633],[-74.150670000179076,40.621836000175378],[-74.150321000199597,40.62215000003139],[-74.150005999657026,40.622434999930093],[-74.149614000019866,40.622792999720822],[-74.149502999691776,40.622922999806107],[-74.149391000437092,40.623103000240718],[-74.149240999750972,40.623328999660139],[-74.150044000190178,40.623494999766315],[-74.15011399961206,40.623334000178694],[-74.150773000111244,40.62345600003308],[-74.151082999732623,40.623260000102519],[-74.15306399963147,40.623451999761954],[-74.155380000164371,40.62384099995117],[-74.156141999697397,40.623892000195376],[-74.157193999658617,40.623975000282229],[-74.157736999806829,40.622273999832949],[-74.157759000446461,40.622179000000102],[-74.15785200033288,40.621797000155382],[-74.159603000077951,40.62197499969438],[-74.16234200021016,40.622337999816381],[-74.162404999959335,40.621971000016416]]]},"properties":{"OBJECTID":92186,"GEOID":"360850303024","STATE":"36","COUNTY":"085","AREALAND":239557,"AREAWATER":0}},{"type":"Feature","id":92187,"geometry":{"type":"Polygon","coordinates":[[[-74.166468000039359,40.628519000302724],[-74.166559000275953,40.627367000331276],[-74.165440000367553,40.627151000041806],[-74.163733000105111,40.626873999945516],[-74.161408000249693,40.626622000065908],[-74.161182000293863,40.626598999764411],[-74.160501999878306,40.62653000017594],[-74.16043400010625,40.627995999912493],[-74.160424000060502,40.628249000228145],[-74.16040399996902,40.628804000295581],[-74.160402000319195,40.628911000084145],[-74.160392000273447,40.629476000221665],[-74.160379999679577,40.630185999981698],[-74.160381000402793,40.630470000226268],[-74.1603880000755,40.631595000118999],[-74.161717000046167,40.63164300023093],[-74.161773999947584,40.630213999732966],[-74.162651999831553,40.630229999877777],[-74.1637749999379,40.630256000019727],[-74.165324000016597,40.630288999739463],[-74.165243999650656,40.632149000220963],[-74.166329999947095,40.632166000009917],[-74.166401999917113,40.630308999726978],[-74.166432000054343,40.630084999661157],[-74.166447000122957,40.629065000147847],[-74.166468000039359,40.628519000302724]]]},"properties":{"OBJECTID":92187,"GEOID":"360850319012","STATE":"36","COUNTY":"085","AREALAND":228304,"AREAWATER":0}},{"type":"Feature","id":92188,"geometry":{"type":"Polygon","coordinates":[[[-74.171074000267581,40.643075000014441],[-74.17118499969736,40.641841999984699],[-74.170460999799175,40.641379999884109],[-74.169791000327663,40.64224899997204],[-74.169064000056437,40.6421020000368],[-74.168913000443695,40.642071999898974],[-74.167824999599119,40.641274000280532],[-74.167422999916226,40.641995000255982],[-74.165648999706619,40.64140799971274],[-74.165573000436964,40.642433999889462],[-74.164713999921247,40.642275000205117],[-74.164518000102646,40.641479000223548],[-74.163678999678424,40.641190999881822],[-74.162733999847319,40.641427999777839],[-74.160917999804909,40.640368000337894],[-74.161328999708658,40.638902000236094],[-74.160470999916171,40.638809000214536],[-74.160192000256913,40.640210999796686],[-74.161255000088815,40.641789999852776],[-74.16133100025678,40.642226000281738],[-74.161484000417659,40.643429999763725],[-74.161536000296209,40.644156999876344],[-74.162124999576861,40.644230999970688],[-74.170623000180882,40.645230000030146],[-74.171064000221833,40.64312000022155],[-74.171074000267581,40.643075000014441]]]},"properties":{"OBJECTID":92188,"GEOID":"360850319020","STATE":"36","COUNTY":"085","AREALAND":0,"AREAWATER":294299}},{"type":"Feature","id":92275,"geometry":{"type":"Polygon","coordinates":[[[-74.197415000204842,40.635920999788326],[-74.197446999991897,40.635874000077166],[-74.19737599984677,40.63583400002139],[-74.197135999647259,40.635699000252593],[-74.19598800032486,40.635171999946259],[-74.195923000027534,40.635223999779839],[-74.195892000065399,40.635248999960744],[-74.195272999749207,40.63616400027631],[-74.195113999740556,40.636437999880705],[-74.194958000104933,40.636703000047966],[-74.194757000263479,40.637045999867951],[-74.194609999950387,40.637240000176334],[-74.193132000016789,40.639192000233734],[-74.19036600012042,40.640514000019188],[-74.190224999655101,40.641036999837738],[-74.189102000447065,40.642185999942065],[-74.187139000091577,40.640540000246418],[-74.18684799983842,40.640980999857582],[-74.18771499985175,40.642635999825366],[-74.186268999705192,40.643343000239838],[-74.185077000001868,40.644414999923335],[-74.183834000244929,40.643511000229225],[-74.183734999612412,40.644686999902135],[-74.180716999820945,40.644721999826402],[-74.180614999713697,40.645284000031076],[-74.179791000256401,40.645461999674289],[-74.178719000203671,40.644995999748453],[-74.17887400001436,40.643092999691945],[-74.178023999719485,40.642806000127813],[-74.176724000061142,40.643772999782527],[-74.175763000336488,40.643543000276651],[-74.175451999991864,40.645115999733228],[-74.173809000201828,40.645027999765475],[-74.17242800035261,40.64414400012766],[-74.172091999893638,40.643218000082967],[-74.171074000267581,40.643075000014441],[-74.171064000221833,40.64312000022155],[-74.170623000180882,40.645230000030146],[-74.177372999616239,40.646024999682318],[-74.17759600009731,40.646050999807656],[-74.181649999956505,40.64652800004766],[-74.185641000066497,40.64604200002757],[-74.185688999747072,40.646009999815107],[-74.186985000105778,40.645110000250334],[-74.187755999859633,40.644574999884753],[-74.189216000249885,40.643560999827947],[-74.191429999777199,40.642024999746795],[-74.195241999787058,40.63859500014928],[-74.196203000410023,40.637733999723352],[-74.196246999892651,40.637688999975282],[-74.19739299956521,40.635956000218926],[-74.197415000204842,40.635920999788326]]]},"properties":{"OBJECTID":92275,"GEOID":"360850323000","STATE":"36","COUNTY":"085","AREALAND":0,"AREAWATER":463442}},{"type":"Feature","id":92276,"geometry":{"type":"Polygon","coordinates":[[[-74.258753999793683,40.500103000247044],[-74.258843000380466,40.498874999999039],[-74.258136000200707,40.497389000259247],[-74.257116999851434,40.495244999942685],[-74.256290000021096,40.49350600023071],[-74.256134000385472,40.493182999785795],[-74.253634999554478,40.487919999933297],[-74.253299999818722,40.487215000094231],[-74.253143000358207,40.486886000094536],[-74.253036000228079,40.486660000142578],[-74.249947000291499,40.485536000039168],[-74.248969999774999,40.485181000181768],[-74.246668000384119,40.484343000180601],[-74.243811000251128,40.483300999670625],[-74.240981999707245,40.482273999779508],[-74.23795600041818,40.481172000145179],[-74.235290000080909,40.480202000209232],[-74.229518000088632,40.478101999675182],[-74.228195999790628,40.477621000230087],[-74.227763000145586,40.477462999832312],[-74.22533100016004,40.476578000223199],[-74.218540999643409,40.477747000133718],[-74.216801999593883,40.478045999891471],[-74.206442999639961,40.479817999978479],[-74.200002999825969,40.480938000262768],[-74.176332000423983,40.485011999699694],[-74.162206999592627,40.487444000211539],[-74.158820999555147,40.488023000185187],[-74.137059999906853,40.491771999962047],[-74.130578000260087,40.492887999702432],[-74.102546999778809,40.497713000336603],[-74.098035000160237,40.498488999920355],[-74.094681999734703,40.499067000180844],[-74.092727999600044,40.499406000334254],[-74.091911999640359,40.499543000111743],[-74.091263999910154,40.499663000290298],[-74.085619999964379,40.500627000243419],[-74.083243000230439,40.501037000116028],[-74.069720999821769,40.503368999974761],[-74.056729000040818,40.505599000239478],[-74.043779999917589,40.507828000209123],[-74.042279000417778,40.508084999999632],[-74.038130999948947,40.538293999897149],[-74.037494000089396,40.542790000127766],[-74.036672000281925,40.548369999936781],[-74.036669999733803,40.548383999887683],[-74.036550999908116,40.549194000255341],[-74.03654900025829,40.54920900001806],[-74.036299999837951,40.550904999987637],[-74.036298000188111,40.550948000247551],[-74.03629700036322,40.550969000046976],[-74.036293000165259,40.551042000338597],[-74.036284999769322,40.551185000136925],[-74.036216000172345,40.552400000117132],[-74.036208999601357,40.552524000308964],[-74.035977999622673,40.556562999846527],[-74.035153000340472,40.571003000064394],[-74.035052999883035,40.572747000093258],[-74.035047000035249,40.572849999691464],[-74.034547000443055,40.576250000094454],[-74.037877000404052,40.589200999895702],[-74.041393000137887,40.603106000159208],[-74.042035999845211,40.604088000217949],[-74.043722000191281,40.606662000053149],[-74.043740999559532,40.606690999925057],[-74.043995999827644,40.606401999769147],[-74.046325999705971,40.602731999999151],[-74.047153000434605,40.601380999668592],[-74.050802000237837,40.595423000206331],[-74.054866000142752,40.58878399990828],[-74.055101000319397,40.588611999736798],[-74.059608999740021,40.584866999785504],[-74.070915000073214,40.575474000010637],[-74.078960999867306,40.568787000103264],[-74.084973999883999,40.56378699977779],[-74.089045000359945,40.560403999753902],[-74.094372999938216,40.555980000322016],[-74.103417000165194,40.548464000233615],[-74.108286999984045,40.544414999686936],[-74.10814499969382,40.544309999904904],[-74.133514999860694,40.525982000203932],[-74.133820000357531,40.525764000109824],[-74.152569999887035,40.518761999884397],[-74.17368899965291,40.510878999720617],[-74.205579999824607,40.498973000260072],[-74.205764999772526,40.498940999995426],[-74.220633999695224,40.49648800032368],[-74.233905999858649,40.494300000089815],[-74.233925999950131,40.494296000291349],[-74.253079999710693,40.491166999983733],[-74.254824999607976,40.493901000057384],[-74.255428999855553,40.494847000176861],[-74.258717999808667,40.500102000213126],[-74.258753999793683,40.500103000247044]]]},"properties":{"OBJECTID":92276,"GEOID":"360859901000","STATE":"36","COUNTY":"085","AREALAND":0,"AREAWATER":81772651}},{"type":"Feature","id":95933,"geometry":{"type":"Polygon","coordinates":[[[-74.118180999607588,40.562130999740603],[-74.118024000147059,40.562034000143477],[-74.117881000031929,40.561922999876231],[-74.117766000404202,40.561812999903218],[-74.117661999748805,40.561688999853359],[-74.117607000395537,40.561610000092564],[-74.116911000086446,40.56116199997939],[-74.116022000331824,40.560841000202366],[-74.115452000419424,40.561446000118728],[-74.113140999909405,40.560138999982144],[-74.111376999745545,40.559248000125784],[-74.110624000433361,40.558819000287819],[-74.110101000376631,40.559367000075795],[-74.109549000007576,40.55993000024629],[-74.110270000431015,40.560334000250961],[-74.112263000025422,40.561457999780885],[-74.114299000175862,40.562674999899926],[-74.114657000376127,40.562893999782204],[-74.115100000066931,40.563166000043829],[-74.116362000090447,40.563914999776017],[-74.116964999614794,40.563320000118331],[-74.117543999748023,40.562740000092454],[-74.118180999607588,40.562130999740603]]]},"properties":{"OBJECTID":95933,"GEOID":"360850128062","STATE":"36","COUNTY":"085","AREALAND":139975,"AREAWATER":0}},{"type":"Feature","id":95934,"geometry":{"type":"Polygon","coordinates":[[[-74.12987500027829,40.573250000317614],[-74.130191999572389,40.572480999741579],[-74.129825999874484,40.572219999946327],[-74.128728999707391,40.57133699982807],[-74.128089000373123,40.570751000336479],[-74.126808999907922,40.570008999758812],[-74.126218999904069,40.569679000268692],[-74.12604800019983,40.569581000330075],[-74.124899000154215,40.568948999771472],[-74.124178999555681,40.569434000153002],[-74.123427000068389,40.569907999914008],[-74.122790000208852,40.570430000145414],[-74.122595000215185,40.570595999953937],[-74.122169000242835,40.57093999970958],[-74.125494000180964,40.57288400010038],[-74.12593400039701,40.573064000211318],[-74.126810999557748,40.573408999866551],[-74.127715000279323,40.573758999924024],[-74.129143999809102,40.574730000060732],[-74.129510000405304,40.573982999818845],[-74.12987500027829,40.573250000317614]]]},"properties":{"OBJECTID":95934,"GEOID":"360850138004","STATE":"36","COUNTY":"085","AREALAND":197099,"AREAWATER":0}},{"type":"Feature","id":97599,"geometry":{"type":"Polygon","coordinates":[[[-74.08199999957516,40.598682000085539],[-74.082288000353557,40.598402000149441],[-74.081710000045248,40.598562999795583],[-74.0812129999278,40.598625000127861],[-74.080761000016167,40.598609999843696],[-74.079579000358592,40.598546000321534],[-74.078538000268011,40.598491000107664],[-74.078423999566866,40.598404999943043],[-74.077164000091472,40.598390000291616],[-74.0767010003092,40.598241000115557],[-74.076535999554451,40.598189000136152],[-74.076227999582869,40.598090999671491],[-74.074905000358299,40.597613999910536],[-74.073871999765302,40.59763699995996],[-74.073279000286689,40.597857999883161],[-74.072989999683401,40.598047999686742],[-74.07273100011561,40.598283999976154],[-74.072398000029679,40.598657999786198],[-74.072342999778101,40.598730999902614],[-74.072289000249739,40.598803000014136],[-74.072191000340453,40.598935000244566],[-74.072337999755234,40.599010999824905],[-74.07251100000758,40.599100000336534],[-74.072761000252839,40.599230000142867],[-74.073015999622655,40.599362000212174],[-74.074982000351184,40.60026099991115],[-74.076447999690913,40.601005000302983],[-74.077328000123003,40.601329999972911],[-74.079220000333407,40.601384999897149],[-74.08024899983009,40.601707000120406],[-74.082187999896149,40.601941000012744],[-74.081844999764456,40.601534999770507],[-74.081396000225894,40.600925000005461],[-74.081202999882052,40.600446000202723],[-74.081164000422305,40.600207000330485],[-74.08130400016438,40.599387000175312],[-74.081547999663542,40.59901199974702],[-74.08199999957516,40.598682000085539]]]},"properties":{"OBJECTID":97599,"GEOID":"360850064001","STATE":"36","COUNTY":"085","AREALAND":224096,"AREAWATER":0}},{"type":"Feature","id":97679,"geometry":{"type":"Polygon","coordinates":[[[-74.085866000011691,40.595952000306887],[-74.085875000232519,40.595890000224131],[-74.084913999609569,40.595691999970775],[-74.084070000060777,40.595495999762534],[-74.083752000043447,40.595490999888895],[-74.083617000324253,40.595256999928324],[-74.083322999698055,40.594765999931617],[-74.083106999787987,40.594334999971863],[-74.08240999965399,40.593207000105359],[-74.081648999945884,40.592210000148931],[-74.080297000408976,40.592667999945583],[-74.079363000448524,40.592993999912245],[-74.078467000122885,40.593300000188286],[-74.078882000224581,40.59394299989232],[-74.078021999883958,40.594254999877769],[-74.077149999847776,40.59453400014025],[-74.07626299974298,40.594822999768894],[-74.077811999821691,40.597284000168997],[-74.078423999566866,40.598404999943043],[-74.078538000268011,40.598491000107664],[-74.079579000358592,40.598546000321534],[-74.080761000016167,40.598609999843696],[-74.0812129999278,40.598625000127861],[-74.081710000045248,40.598562999795583],[-74.082288000353557,40.598402000149441],[-74.083608000103411,40.597911999997109],[-74.083833000234321,40.597860999701133],[-74.084056999641973,40.597794000323141],[-74.084249000160924,40.597725000313176],[-74.084464000246072,40.597629999678816],[-74.08463499995031,40.597541999882644],[-74.084809000027576,40.597438000160146],[-74.084964999663171,40.597329999804884],[-74.08511799982405,40.597207999989536],[-74.085260000114275,40.597076999710666],[-74.085394000008577,40.596932999784848],[-74.085512999834265,40.596780999905562],[-74.085615999766432,40.596623999891897],[-74.085684000436814,40.596502000152334],[-74.085758000056643,40.59633999967334],[-74.085825999828714,40.59613800021031],[-74.085866000011691,40.595952000306887]]]},"properties":{"OBJECTID":97679,"GEOID":"360850064003","STATE":"36","COUNTY":"085","AREALAND":337890,"AREAWATER":0}},{"type":"Feature","id":97680,"geometry":{"type":"Polygon","coordinates":[[[-74.070439999697058,40.596734999891986],[-74.069704999928234,40.595375999963984],[-74.069644999653775,40.595263999775767],[-74.068318000231244,40.592784999783781],[-74.068145999803789,40.59245600010199],[-74.067339000064919,40.592849000045902],[-74.066565999762958,40.593221000228795],[-74.06605399957688,40.593903999962293],[-74.065658999566651,40.594153999801364],[-74.064825000063607,40.594748000188275],[-74.064507999871225,40.594950999741059],[-74.064062999632299,40.595182000152427],[-74.063888999555019,40.595262999797598],[-74.063121999999126,40.595598999804373],[-74.063557000192318,40.596180000094918],[-74.063887999730099,40.596623999891897],[-74.064136000325533,40.596957000021398],[-74.06447600008417,40.597413000150254],[-74.064640000115688,40.597658000116787],[-74.06518400008882,40.59846699973977],[-74.065815999925491,40.598257999667162],[-74.065923999880525,40.598221000075796],[-74.06604699990416,40.598180000043797],[-74.066265000362378,40.598109999814547],[-74.066620000189616,40.597995000302014],[-74.067395999966337,40.597733999784694],[-74.068351999668096,40.597420999717919],[-74.068926999603363,40.597231000178589],[-74.069570000209012,40.597019999748689],[-74.070439999697058,40.596734999891986]]]},"properties":{"OBJECTID":97680,"GEOID":"360850074001","STATE":"36","COUNTY":"085","AREALAND":219300,"AREAWATER":0}},{"type":"Feature","id":97681,"geometry":{"type":"Polygon","coordinates":[[[-74.090907000433077,40.635484999761864],[-74.090687000325062,40.63422299978879],[-74.090559000278546,40.633495999877056],[-74.090037000046735,40.632770999745958],[-74.089551999624831,40.633432999767052],[-74.088625000235382,40.63358199987713],[-74.088272999882875,40.634046000249548],[-74.08787799987266,40.63425400012197],[-74.086695000390165,40.634532999746192],[-74.085748999835829,40.633954999760718],[-74.085081999839034,40.634691000076764],[-74.084436999583588,40.635404999841839],[-74.084265000054444,40.635492000167858],[-74.083947000037114,40.635653999814544],[-74.08373399960179,40.635737000280749],[-74.085133999717584,40.636358999784186],[-74.085879000430481,40.636692000290886],[-74.086876999965043,40.635877000233762],[-74.087596999665266,40.63626200012466],[-74.088706000426228,40.636845000095775],[-74.08891700031343,40.636527999669603],[-74.089102000261349,40.63624700010854],[-74.089703000135884,40.63568300005489],[-74.090277000246232,40.635498999891396],[-74.090907000433077,40.635484999761864]]]},"properties":{"OBJECTID":97681,"GEOID":"360850075001","STATE":"36","COUNTY":"085","AREALAND":130351,"AREAWATER":0}},{"type":"Feature","id":97682,"geometry":{"type":"Polygon","coordinates":[[[-74.092694000163164,40.632001999860485],[-74.09296600014973,40.631184000133956],[-74.090416000163415,40.630674999940297],[-74.089672000173749,40.63053200027268],[-74.08890399989464,40.630292000147023],[-74.088077000064288,40.631080999711415],[-74.087617999581653,40.631648000127001],[-74.087140999555672,40.632239000337592],[-74.085748999835829,40.633954999760718],[-74.086695000390165,40.634532999746192],[-74.08787799987266,40.63425400012197],[-74.088272999882875,40.634046000249548],[-74.088625000235382,40.63358199987713],[-74.089551999624831,40.633432999767052],[-74.090037000046735,40.632770999745958],[-74.090642000119203,40.632617000048121],[-74.091284999826541,40.632771999844607],[-74.091971000089899,40.633273999776968],[-74.092531999781471,40.631992000121045],[-74.092694000163164,40.632001999860485]]]},"properties":{"OBJECTID":97682,"GEOID":"360850075002","STATE":"36","COUNTY":"085","AREALAND":141411,"AREAWATER":0}},{"type":"Feature","id":97683,"geometry":{"type":"Polygon","coordinates":[[[-74.094094000278957,40.639266999699025],[-74.093863000300274,40.638025000043186],[-74.093627000298724,40.637284000195955],[-74.093388999749024,40.636599999958726],[-74.092448999940785,40.635618999907337],[-74.091819999578846,40.635555999755439],[-74.090907000433077,40.635484999761864],[-74.090277000246232,40.635498999891396],[-74.089703000135884,40.63568300005489],[-74.089102000261349,40.63624700010854],[-74.08891700031343,40.636527999669603],[-74.088706000426228,40.636845000095775],[-74.087596999665266,40.63626200012466],[-74.086876999965043,40.635877000233762],[-74.085879000430481,40.636692000290886],[-74.086547000252168,40.637156000182301],[-74.087278999647936,40.637812000214581],[-74.087542000311998,40.638448999679255],[-74.087399000196854,40.639160000145417],[-74.087205999853012,40.639895999659572],[-74.087091000225286,40.640334000160813],[-74.08795300021572,40.640465000166408],[-74.087984000177855,40.640262999795404],[-74.089349999958472,40.640050000290984],[-74.090292000314861,40.639899000317087],[-74.091145999909372,40.639757999942738],[-74.092053999930556,40.63960599999362],[-74.092839999753039,40.639471999670718],[-74.093288000365007,40.63939799975352],[-74.094094000278957,40.639266999699025]]]},"properties":{"OBJECTID":97683,"GEOID":"360850077001","STATE":"36","COUNTY":"085","AREALAND":248536,"AREAWATER":0}},{"type":"Feature","id":112170,"geometry":{"type":"Polygon","coordinates":[[[-74.142359999896016,40.564000000172754],[-74.14235900007111,40.563919999962948],[-74.142258999613702,40.563736999839932],[-74.14179500000651,40.563583000042357],[-74.14130399973682,40.563392999910249],[-74.141164999819637,40.563339999676607],[-74.140860000221124,40.563202999921259],[-74.140567000318171,40.563046000245293],[-74.140483999579189,40.562994999975736],[-74.140264000369442,40.562870000288143],[-74.140185999653355,40.562830000202332],[-74.140092999766921,40.562790999873847],[-74.139983000162061,40.562758000260636],[-74.139880000229894,40.562737000063969],[-74.139753000008284,40.562722999701741],[-74.139671999817452,40.562721999919482],[-74.139546000319058,40.562731000006607],[-74.139420999747273,40.562755000232904],[-74.139301000096665,40.562793999899959],[-74.139198000164527,40.562842000298829],[-74.139105000278093,40.562899000045405],[-74.139019000064366,40.562970999835493],[-74.13894000042167,40.563062000094405],[-74.138841999614058,40.563283000305624],[-74.138803999979203,40.563369999685243],[-74.138774999666907,40.563445000330468],[-74.138716999940584,40.563556999890949],[-74.13863900012278,40.563672999701197],[-74.138550000434307,40.5637749998507],[-74.138449999976899,40.563870000124439],[-74.138321999930369,40.563969000000426],[-74.138208000127548,40.564040000241825],[-74.138086999753725,40.564100000300634],[-74.137914000399675,40.564163000270305],[-74.137719000405994,40.564247999669668],[-74.137567999894941,40.564325000212612],[-74.137408000061399,40.564421000145046],[-74.13723700035716,40.564541999963232],[-74.136485999796491,40.565245999902103],[-74.13723800018208,40.565623000126443],[-74.138137999807356,40.566052000034155],[-74.137622000321642,40.566686999824142],[-74.138900000238692,40.567292999842806],[-74.139410999701525,40.566639999859149],[-74.139600999672325,40.566264000315883],[-74.139797000389223,40.566103000021627],[-74.14102199970452,40.565106999777697],[-74.141754999823533,40.564530000171501],[-74.142193000389753,40.564200000279058],[-74.142241999895248,40.564172000163666],[-74.142297999971746,40.564123000274748],[-74.142338999979629,40.564063999998822],[-74.142359999896016,40.564000000172754]]]},"properties":{"OBJECTID":112170,"GEOID":"360850146064","STATE":"36","COUNTY":"085","AREALAND":119380,"AREAWATER":0}},{"type":"Feature","id":112171,"geometry":{"type":"Polygon","coordinates":[[[-74.152055000226241,40.535947000096378],[-74.152621999765586,40.535459000268354],[-74.150465000139647,40.534195000237581],[-74.150183000107347,40.534042999820329],[-74.149782000249346,40.533859999965479],[-74.149708999556111,40.533952999931799],[-74.14953299982902,40.534035999711989],[-74.149398000109798,40.534113999707792],[-74.149225999682344,40.534244999706544],[-74.148550000363045,40.534615999871527],[-74.147932999696678,40.534899999954881],[-74.147126999782728,40.535233000103574],[-74.146094999912975,40.535518999996754],[-74.145170000173337,40.535755999866524],[-74.143551999599339,40.53664499997641],[-74.143325999643537,40.536693000006096],[-74.14216900010031,40.537293000206397],[-74.142788000416502,40.537620999964979],[-74.14332099962067,40.538005999941163],[-74.143817999738133,40.538366000204746],[-74.144979000377631,40.539200000005373],[-74.146407999907424,40.54022600010375],[-74.147103000391596,40.54101200032796],[-74.147894000236931,40.540066000116518],[-74.148142999758974,40.539774999894099],[-74.148543999616962,40.539288000090927],[-74.149024000015984,40.538714999717158],[-74.149358999751726,40.538326999962408],[-74.149590999555329,40.538067000269841],[-74.150009999854987,40.537701000195327],[-74.150497999751607,40.537272999694665],[-74.150510000345491,40.537263000119196],[-74.150702999791022,40.537105999694028],[-74.151062999641127,40.536802000116488],[-74.151409000145847,40.536503000028581],[-74.151584999872966,40.536351000068244],[-74.152055000226241,40.535947000096378]]]},"properties":{"OBJECTID":112171,"GEOID":"360850156032","STATE":"36","COUNTY":"085","AREALAND":307447,"AREAWATER":0}},{"type":"Feature","id":112172,"geometry":{"type":"Polygon","coordinates":[[[-74.175958000330155,40.555114999742081],[-74.175835000306506,40.554244000136855],[-74.175771999658991,40.553913000129747],[-74.174780999797136,40.554024000027873],[-74.173044000295775,40.554258000224827],[-74.170622000355962,40.554568999766254],[-74.168524000281252,40.554851999992032],[-74.168684000114837,40.555567000293536],[-74.168843000123488,40.556268999998501],[-74.169002000132153,40.556971999718705],[-74.169166000163685,40.557700000096006],[-74.169316999776413,40.558410000096913],[-74.169476999609998,40.559125999773883],[-74.169736000076071,40.560249999795303],[-74.169827000312665,40.561077999880268],[-74.171285999979688,40.561343000029602],[-74.171542999897639,40.561439000144233],[-74.171877999633381,40.561566000055834],[-74.172280000214613,40.56117599998565],[-74.172510000368376,40.560938000163354],[-74.173275000274458,40.560093999839445],[-74.173421999689225,40.559853000107303],[-74.173777000414773,40.559091000045818],[-74.173810000026748,40.558957999820457],[-74.173876000148979,40.558688999732098],[-74.173898999715206,40.558600000040812],[-74.173912999958901,40.558543000046001],[-74.173934999700222,40.55845500000661],[-74.173960999639476,40.558321000034724],[-74.173984999928919,40.558198000191098],[-74.174350999626824,40.557663999764635],[-74.175007999577858,40.556628999704586],[-74.175958000330155,40.555114999742081]]]},"properties":{"OBJECTID":112172,"GEOID":"360850170121","STATE":"36","COUNTY":"085","AREALAND":335779,"AREAWATER":0}},{"type":"Feature","id":112173,"geometry":{"type":"Polygon","coordinates":[[[-74.121169999985042,40.60883399984845],[-74.120919999739783,40.606358999674541],[-74.120032999634986,40.606436999984332],[-74.119126000337005,40.606523999855234],[-74.118141000322922,40.606616000018818],[-74.118211999569724,40.607359000123274],[-74.118264000346571,40.60807499978268],[-74.11834499963912,40.609143999675474],[-74.121169999985042,40.60883399984845]]]},"properties":{"OBJECTID":112173,"GEOID":"360850173002","STATE":"36","COUNTY":"085","AREALAND":66400,"AREAWATER":0}},{"type":"Feature","id":112526,"geometry":{"type":"Polygon","coordinates":[[[-74.117198999966547,40.634568000222714],[-74.117076999767804,40.634006999860468],[-74.117044999980749,40.633817000033865],[-74.116958999767022,40.633350999935203],[-74.116835999743387,40.632674999745788],[-74.116665999864068,40.631709999761412],[-74.116505000205592,40.630756000202567],[-74.116346000196913,40.629834999911701],[-74.116189999663007,40.628941000000424],[-74.113359000367609,40.629281999851763],[-74.113550999988206,40.63016999982635],[-74.113746999806807,40.631096000206448],[-74.113973999587529,40.632154000079147],[-74.114033999861974,40.632435999927132],[-74.114152999687676,40.632993000154968],[-74.113161999825792,40.63311199980928],[-74.111953000404029,40.633257000270156],[-74.110903999917511,40.633373999956405],[-74.111176999728997,40.634739000008182],[-74.112252000154783,40.634746999879795],[-74.113160000175967,40.634753000294147],[-74.114537999652143,40.634763000301866],[-74.117198999966547,40.634568000222714]]]},"properties":{"OBJECTID":112526,"GEOID":"360850105004","STATE":"36","COUNTY":"085","AREALAND":194507,"AREAWATER":0}},{"type":"Feature","id":112527,"geometry":{"type":"Polygon","coordinates":[[[-74.185231999812586,40.524307999760111],[-74.186098999825887,40.523996000008715],[-74.184973000244796,40.522410000213291],[-74.183824000199195,40.520855000109499],[-74.183111999996569,40.521116000070926],[-74.182713999613313,40.521262000087553],[-74.180389999582786,40.522130999668981],[-74.179339000344768,40.522513999793546],[-74.17893400028882,40.521696999776644],[-74.178564000392981,40.520788999824838],[-74.178494999897694,40.520630999996818],[-74.178422000102742,40.520439999815615],[-74.178237000154837,40.520054999977226],[-74.177889999825183,40.519462000024483],[-74.177759000303936,40.519430999720306],[-74.177730999816532,40.519394000241611],[-74.177683999960863,40.519356000312861],[-74.177600000295271,40.519281000138655],[-74.177524999952212,40.519290999665941],[-74.177497000363104,40.519338000087501],[-74.177478000096542,40.519384000046841],[-74.177299999821301,40.519581000332025],[-74.176784000335587,40.520003000006945],[-74.176427999785119,40.520340999775733],[-74.17600600001073,40.520688000163581],[-74.173466000070164,40.522431000082449],[-74.172753000042619,40.522878999820939],[-74.172005999679911,40.523263000140133],[-74.171731000218614,40.523340999701404],[-74.17119700029123,40.523472000274914],[-74.1710750000925,40.523490999758266],[-74.170840999740761,40.523302999961516],[-74.170700000173767,40.523153000166793],[-74.17047500004287,40.523058999860375],[-74.170183999789728,40.523049999904003],[-74.170034000001905,40.523087999787371],[-74.169941000115486,40.523124999958569],[-74.169630999595768,40.52325600027136],[-74.169500000074521,40.523340999701404],[-74.169238000133703,40.523462999691191],[-74.169078000300132,40.523555999746947],[-74.16899399973623,40.523630999918147],[-74.168863000214969,40.523800000087427],[-74.168768999605334,40.523883999831206],[-74.168655999627418,40.523977999663572],[-74.168544000372762,40.524006000198327],[-74.168412999953176,40.524015000026331],[-74.168434999694483,40.524076999794858],[-74.168465999656632,40.524166999973524],[-74.168526999756011,40.525732000336987],[-74.169100999866345,40.526565999668151],[-74.169408999837927,40.527005000339308],[-74.170085999880456,40.527970999811231],[-74.170556000233731,40.528629999736488],[-74.170637000424577,40.528827999766015],[-74.170854999984471,40.529268000240656],[-74.16929500003512,40.529919999846555],[-74.169665999755878,40.530539999728518],[-74.170034999826825,40.531182999701549],[-74.170415999593331,40.53179700008954],[-74.171195999567985,40.533049000323913],[-74.171573999859774,40.533664999749227],[-74.171958999824255,40.534283000069962],[-74.169500000074521,40.535291000333366],[-74.169156000117951,40.534669999830975],[-74.168777000001242,40.534061000193176],[-74.168424999648749,40.533435000165198],[-74.166652999987292,40.534120999807989],[-74.165264999567057,40.534747999771469],[-74.165714000003945,40.535308000179342],[-74.166120999709719,40.535922999818602],[-74.166560000100858,40.536525999925168],[-74.166979000400516,40.537117000140206],[-74.167453999878362,40.537718000112513],[-74.167864999782097,40.538325999815868],[-74.168293000302583,40.538930999733033],[-74.168729000320667,40.539525999727751],[-74.169013000002806,40.540097999871506],[-74.16922600043813,40.540092999953465],[-74.169407000188102,40.540074999835824],[-74.169586000288248,40.54004699987081],[-74.169792999977474,40.539998000074512],[-74.169952999811059,40.539949000242416],[-74.170145000329981,40.539873999900493],[-74.170270999828375,40.539813999976168],[-74.170920000281797,40.539232000173975],[-74.171597000324311,40.538647999810948],[-74.17195600034951,40.538360000011352],[-74.172291999910172,40.538137999989353],[-74.173211999626957,40.538003000169759],[-74.173425999887186,40.537994000172162],[-74.173660000238911,40.537967000171946],[-74.173888999669458,40.537923999769944],[-74.174132000242025,40.537857999908866],[-74.174897999972998,40.537416999696141],[-74.175714999757602,40.536961999706747],[-74.176050000391655,40.536803999772346],[-74.176391999800117,40.536620999948674],[-74.176854999582375,40.536375999685696],[-74.177909999916665,40.53581499982765],[-74.178084999818864,40.535740999821847],[-74.178268999941878,40.535674999858436],[-74.178468000133492,40.535616999961015],[-74.178619999571154,40.535579999859031],[-74.178867000341668,40.53553500027941],[-74.178534000255752,40.534974000206816],[-74.178165000184805,40.534317999792762],[-74.177856000388317,40.533740000214699],[-74.177515999731369,40.533064999830884],[-74.177211999957763,40.532425000186365],[-74.177047000101325,40.532059000014854],[-74.176170999867168,40.529193999832188],[-74.175568000342821,40.528104000127463],[-74.174933000133095,40.527048999870104],[-74.174759999880735,40.526734999948104],[-74.175732000374367,40.526763000013936],[-74.176741999604474,40.52679600029596],[-74.176986000001946,40.52681199993031],[-74.177307000392318,40.526819000110478],[-74.177606999967978,40.526809000340563],[-74.177938000404069,40.526781999930009],[-74.178232000131956,40.526740999816859],[-74.178408999683967,40.526710000147666],[-74.180310999940076,40.526089000009485],[-74.180979999586683,40.525842000174819],[-74.181763999759312,40.525557000285005],[-74.182697999719778,40.525217000184881],[-74.184421999700675,40.524597999890091],[-74.185231999812586,40.524307999760111]]]},"properties":{"OBJECTID":112527,"GEOID":"360850176003","STATE":"36","COUNTY":"085","AREALAND":1497062,"AREAWATER":51861}},{"type":"Feature","id":124650,"geometry":{"type":"Polygon","coordinates":[[[-74.153183000355469,40.587891999991861],[-74.153894999659769,40.587149999860586],[-74.15312200025609,40.586710999762737],[-74.150444000223246,40.585268000325371],[-74.149684000340073,40.584865000200416],[-74.149932999862088,40.584638000171395],[-74.150147000122331,40.584451000202947],[-74.150747000171961,40.583929999667504],[-74.149631999563212,40.583369999915853],[-74.148803000083049,40.584056999878776],[-74.147619999702229,40.585019000142076],[-74.146321999693697,40.586070000332342],[-74.145833999797077,40.58856400008591],[-74.146335000112487,40.588550999748186],[-74.146454999763094,40.588558999693916],[-74.146873000237818,40.588573000108369],[-74.147760000342643,40.588556000140727],[-74.147896999711662,40.588556000140727],[-74.148055999720327,40.588570999951884],[-74.14819200016278,40.588598000012702],[-74.148333999554666,40.588640999935514],[-74.148465999799143,40.588697000142545],[-74.148578999777058,40.588760000148874],[-74.148692999579879,40.588843000218205],[-74.149727999822687,40.589493000256255],[-74.150969999754722,40.590175999867824],[-74.151516000275976,40.589614999823695],[-74.151810000003849,40.589313000007181],[-74.152073999594492,40.589042999748372],[-74.152630999986414,40.588466999918836],[-74.153183000355469,40.587891999991861]]]},"properties":{"OBJECTID":124650,"GEOID":"360850277042","STATE":"36","COUNTY":"085","AREALAND":260846,"AREAWATER":0}},{"type":"Feature","id":124729,"geometry":{"type":"Polygon","coordinates":[[[-74.169834999810277,40.570878999981097],[-74.169604999656499,40.566649000101854],[-74.169611000402611,40.566443000082387],[-74.169298000408162,40.566752999937044],[-74.167976999935092,40.567201000161745],[-74.166448999772783,40.567494999767021],[-74.165214000411751,40.568564999946233],[-74.161798000237027,40.569601999744108],[-74.158269000084402,40.569681000307767],[-74.158206000335213,40.569717000317709],[-74.158095999832042,40.569745000160431],[-74.157881999571785,40.569872000006768],[-74.157814999624634,40.569943999801843],[-74.157714000240617,40.570075999679872],[-74.157670999684598,40.570091999895553],[-74.157612999958275,40.570102999700381],[-74.157540999988257,40.570147000266495],[-74.156834999633418,40.570514999774041],[-74.156396000140603,40.570838999905192],[-74.156288000185555,40.57087699997787],[-74.156157999590903,40.570866000300214],[-74.156006999978175,40.57080000014939],[-74.155941999680834,40.570723000232306],[-74.155863000038138,40.570454000340519],[-74.15564700012807,40.570201999909855],[-74.15551800025662,40.570185000049754],[-74.155423999646985,40.570201000239315],[-74.15534500000426,40.570239999661894],[-74.155293999950644,40.570305999682709],[-74.155243999721932,40.570491999949404],[-74.155201000064224,40.570520000150275],[-74.155099999781882,40.570530999884753],[-74.155012999743249,40.570624000111238],[-74.154940999773231,40.570646000226624],[-74.154877000199136,40.570634999828627],[-74.154805000229103,40.570597000300943],[-74.154264999555608,40.570212000026288],[-74.154077000132958,40.570135000114995],[-74.153667000054128,40.570108000107346],[-74.153508999870382,40.570151000316514],[-74.153443999573057,40.570195000168688],[-74.153385999846734,40.570278000074723],[-74.153371999603038,40.570366000265459],[-74.153429000402767,40.570679000044933],[-74.153429000402767,40.570794000132459],[-74.153385999846734,40.570893000001973],[-74.153321000447718,40.570919999692897],[-74.153220000165376,40.570903999675195],[-74.152824000330256,40.570666999988838],[-74.152672999819202,40.570585000230089],[-74.152630999986414,40.570387000115538],[-74.151767000346155,40.569978000322635],[-74.151815000026716,40.569903999849465],[-74.152092000036163,40.569188000137068],[-74.152009000195477,40.569164000170325],[-74.151825000072463,40.569205000250491],[-74.150900000332825,40.568547999670294],[-74.150861999799673,40.568528999998975],[-74.150691000095463,40.568667000146739],[-74.150346000313959,40.568941999899195],[-74.149895000227247,40.569311000258097],[-74.149838000325843,40.569357000028894],[-74.147896999711662,40.570888000336048],[-74.147207000148683,40.570534000246262],[-74.146778999628182,40.570528000205485],[-74.146669000023337,40.57054999967005],[-74.146562999718114,40.570555000043619],[-74.146477000402697,40.570549000004725],[-74.146385000341198,40.570530999884753],[-74.146290999731562,40.570497000327357],[-74.145601000168568,40.570212000026288],[-74.144899999836596,40.569916000042383],[-74.144387999650519,40.569707000127359],[-74.144020000302802,40.570329999922272],[-74.14387399981463,40.570606000011438],[-74.144040000394298,40.571299999670785],[-74.14418599998416,40.57203800032584],[-74.141849000433183,40.572333000155176],[-74.141107000093342,40.572423000329948],[-74.140240000080013,40.572527999698472],[-74.138465999870405,40.572739999935955],[-74.138138999632261,40.572780000240158],[-74.137042000363493,40.572908999727765],[-74.136353999552,40.572991000050315],[-74.136519000306748,40.573739999685237],[-74.136679999965253,40.574564999878206],[-74.136778999699445,40.575085999664033],[-74.136804999638713,40.575230000238122],[-74.136935000233379,40.575918999728927],[-74.138764999621159,40.575715000128895],[-74.139179999722856,40.575657000108968],[-74.140251999775572,40.575801999723318],[-74.137927999745074,40.576507000193033],[-74.135345000146785,40.577142999959698],[-74.135201000206749,40.577191000301767],[-74.135080999657831,40.57724699986133],[-74.134971000052971,40.577314000040339],[-74.134867000295912,40.577398000231121],[-74.134770000211518,40.577504000223854],[-74.134711999586898,40.577591000221105],[-74.134699999891311,40.577634999957041],[-74.13470099971623,40.57771599970544],[-74.134724000180768,40.577780000060592],[-74.134766000013556,40.577840000082077],[-74.134823999739879,40.577890999955727],[-74.134883000189419,40.57792499984987],[-74.134955000159451,40.577950999877665],[-74.135270999628617,40.578109000301644],[-74.135294999918074,40.578121999939903],[-74.135366000063186,40.578179999869782],[-74.135416000291897,40.578243999781044],[-74.135444999705896,40.578316000119749],[-74.135453999926725,40.578375000112111],[-74.135447000254032,40.578447999857161],[-74.135423999789495,40.578506999733101],[-74.135053999893657,40.578798000164028],[-74.13415000007042,40.578893000262759],[-74.133928000312551,40.578899000235737],[-74.133673000044439,40.578923000122266],[-74.133466000355213,40.578955999952186],[-74.133271000361532,40.579000000154963],[-74.133082000215651,40.579055000026571],[-74.131780999834064,40.57955099977849],[-74.131719999734685,40.579575000113401],[-74.131627999673185,40.57962400028714],[-74.131543000182674,40.579685000230512],[-74.131456999968961,40.579772000120542],[-74.13140699974025,40.579848000331893],[-74.131370999755234,40.57992900012988],[-74.131349999838832,40.580029999858588],[-74.131353000211888,40.580121000118517],[-74.131371999580153,40.580208000123804],[-74.13141900033412,40.580307999911739],[-74.131816999819065,40.581885000064631],[-74.131747000397183,40.581974999670976],[-74.131508000022578,40.582096999990064],[-74.1311859998073,40.582232999781588],[-74.130762000383086,40.582516999879282],[-74.130621999742687,40.582610999987118],[-74.130399999984846,40.582759000034358],[-74.130544999749802,40.582898999814518],[-74.130722000200123,40.583042999945448],[-74.130907000148042,40.58316900031739],[-74.131098999768668,40.583277999824993],[-74.131253999579371,40.583355000302689],[-74.131463999641653,40.583441000040338],[-74.131651000137722,40.583504000222248],[-74.131872999895577,40.583565000038575],[-74.131974000177905,40.583586999992278],[-74.13216099977565,40.583608999938683],[-74.132317000309584,40.583635999956115],[-74.132481000341116,40.58367499973459],[-74.132662000091074,40.583729999855834],[-74.132826999947525,40.583792999765549],[-74.132992999628883,40.583870999798918],[-74.133165999881214,40.583970000103854],[-74.133293999927744,40.584056999878776],[-74.133433999669847,40.584168999736058],[-74.133519999883561,40.584249000298932],[-74.133600000249515,40.584360999834765],[-74.133662000173786,40.584484000034706],[-74.133702000356763,40.58461200001372],[-74.133719000075189,40.584719999762854],[-74.133720999725014,40.58483699986283],[-74.133700999633518,40.584968000244935],[-74.133662999998705,40.585086000041457],[-74.133627999838595,40.585161000225916],[-74.133567999564136,40.5852749998541],[-74.133529000104389,40.585391000221804],[-74.133508000188002,40.585513999892029],[-74.133509000012907,40.58564799999634],[-74.133535999777081,40.585784000072074],[-74.133584000355967,40.58590699970177],[-74.133652000128038,40.586023999771918],[-74.133745999839363,40.58613799997574],[-74.13384899977153,40.586232999883421],[-74.133940000008124,40.586298999818879],[-74.13408399994816,40.586383000324673],[-74.138666999711873,40.589020000153461],[-74.139096000057251,40.589003000299499],[-74.139481999846637,40.588977999864333],[-74.139963999895485,40.588933000012609],[-74.140409999959331,40.588877000003144],[-74.140841999779468,40.588809999808475],[-74.141010000008947,40.588780000290065],[-74.141360999638238,40.588754999771581],[-74.14177599973992,40.58873699977449],[-74.14194899999228,40.588734000229287],[-74.142077000038796,40.58873200007762],[-74.142739000012725,40.58870199984203],[-74.142781999670405,40.588699999689403],[-74.144199000402963,40.588637000308744],[-74.145833999797077,40.58856400008591],[-74.146321999693697,40.586070000332342],[-74.147619999702229,40.585019000142076],[-74.148803000083049,40.584056999878776],[-74.149631999563212,40.583369999915853],[-74.152528000054247,40.580617000153843],[-74.153097999966647,40.580250999982702],[-74.15370999971185,40.579871999877966],[-74.154173000392419,40.579598000227264],[-74.154768000419168,40.579252000200455],[-74.155377999616235,40.578911999720475],[-74.156145999895344,40.578500000178423],[-74.156415000407165,40.578351000028974],[-74.157342999621534,40.577838999843351],[-74.159156000189199,40.576791000037794],[-74.160347999892522,40.576149000117368],[-74.16179099966601,40.575370000082209],[-74.163933999946565,40.574174000202945],[-74.164554999912582,40.573787000122493],[-74.164681000309272,40.573717000286734],[-74.166221999992061,40.572856000206393],[-74.166677000276721,40.572601999999328],[-74.167781999941425,40.571998000260386],[-74.168452000311234,40.571633999999129],[-74.169834999810277,40.570878999981097]]]},"properties":{"OBJECTID":124729,"GEOID":"360850279001","STATE":"36","COUNTY":"085","AREALAND":3696471,"AREAWATER":7064}},{"type":"Feature","id":134403,"geometry":{"type":"Polygon","coordinates":[[[-74.255694000169427,40.507729999907411],[-74.255713000436003,40.507608999894863],[-74.255653000161544,40.507440999814662],[-74.255628999872101,40.507269000288552],[-74.255544000381605,40.507102999898734],[-74.255488000305107,40.506915999839748],[-74.255432000228623,40.506738000040706],[-74.255403999741191,40.506531000205996],[-74.255412999962033,40.506353000068188],[-74.255412999962033,40.506025000273048],[-74.255417000159994,40.505755000075162],[-74.255469000038531,40.50533100028764],[-74.255459999817688,40.50502200021198],[-74.255469000038531,40.504731000132217],[-74.255422000182861,40.504281000079303],[-74.254428999772855,40.502255999707415],[-74.253930999830487,40.502320999792005],[-74.25352900014758,40.502443999779658],[-74.252890999564798,40.502696999728308],[-74.251830000281046,40.502773999998439],[-74.251364000125719,40.502878999975991],[-74.250521000401861,40.503041999921216],[-74.249702000069121,40.50321200006654],[-74.248829000208019,40.503388999675614],[-74.247936000255436,40.503570000112667],[-74.247023000211357,40.50375699993802],[-74.24609000007581,40.503940000018467],[-74.245201000321188,40.50411599978159],[-74.244329000285006,40.504290999794534],[-74.243449999677793,40.504468999940343],[-74.244318000414353,40.507015999826592],[-74.244632000233707,40.507922000015498],[-74.244479000072815,40.508130000252258],[-74.244742999663472,40.508922000030076],[-74.244990000433972,40.509621999773799],[-74.245248000176844,40.509543000066053],[-74.246056999565525,40.509296999947694],[-74.246902999662453,40.509045000206804],[-74.247752000132422,40.508802000023337],[-74.248045999860295,40.508716000011646],[-74.248531000282199,40.508570999901082],[-74.248891000132289,40.50846500004581],[-74.24906900040753,40.508412999965302],[-74.249482999785997,40.508282000017346],[-74.250328999882925,40.508031999708834],[-74.25116499993409,40.507782999753857],[-74.251848999649297,40.507581999946964],[-74.252081000351211,40.507582999869328],[-74.252878000044333,40.50762500001067],[-74.253923000332875,40.507682000306765],[-74.25490099977597,40.507703999928786],[-74.255248999930501,40.507736000111208],[-74.255694000169427,40.507729999907411]]]},"properties":{"OBJECTID":134403,"GEOID":"360850244011","STATE":"36","COUNTY":"085","AREALAND":535737,"AREAWATER":0}},{"type":"Feature","id":134404,"geometry":{"type":"Polygon","coordinates":[[[-74.244990000433972,40.509621999773799],[-74.244742999663472,40.508922000030076],[-74.244479000072815,40.508130000252258],[-74.244632000233707,40.507922000015498],[-74.244318000414353,40.507015999826592],[-74.243449999677793,40.504468999940343],[-74.242538000356959,40.504651000161289],[-74.241638999658292,40.504831999925045],[-74.240733000185202,40.505012999883348],[-74.240498000008571,40.505061000028121],[-74.239810000095403,40.5051930000783],[-74.239317000175902,40.505293999858473],[-74.238180999650766,40.505527000245493],[-74.2374519997297,40.505674000008717],[-74.236328999623339,40.505900000126815],[-74.234895999895599,40.506189000029607],[-74.235059999927131,40.50668500005149],[-74.235121000026496,40.506873000004504],[-74.235347999807217,40.507547999845308],[-74.235646999557986,40.50845700008859],[-74.235746000190474,40.508766000047729],[-74.235863000366351,40.509123999818243],[-74.23595700007769,40.509408999908032],[-74.236126000132074,40.509916000151009],[-74.236271999721964,40.510359999991955],[-74.23635299991281,40.510615999763992],[-74.236833000311819,40.512036000144391],[-74.236865000098874,40.512121999996289],[-74.2373599996682,40.513513999776464],[-74.237461999775448,40.513466000217974],[-74.238172000328248,40.512981999961255],[-74.238799000142038,40.512523999794674],[-74.238901000249314,40.51245800018684],[-74.239701000315463,40.511946000070111],[-74.240251000136368,40.511659999973212],[-74.240585000047219,40.511492999660625],[-74.241981999789957,40.510816000165114],[-74.242411000135348,40.51059299985377],[-74.24257299961873,40.510512000166578],[-74.242736999650276,40.510421000215764],[-74.243005000337206,40.510286999763167],[-74.243234999592659,40.510183000338507],[-74.243538000439671,40.510062999856245],[-74.243740999930949,40.509991999760075],[-74.244990000433972,40.509621999773799]]]},"properties":{"OBJECTID":134404,"GEOID":"360850244012","STATE":"36","COUNTY":"085","AREALAND":512251,"AREAWATER":0}},{"type":"Feature","id":140223,"geometry":{"type":"Polygon","coordinates":[[[-74.212134000339702,40.540436000019028],[-74.21212599994378,40.539510999844445],[-74.212070999692202,40.538792999727399],[-74.212048000125975,40.538465000245253],[-74.211986000201705,40.538108000280531],[-74.211980000353918,40.537996999943907],[-74.211944000368916,40.537273999856936],[-74.21184399991148,40.536655999815558],[-74.208522000346392,40.537039000226777],[-74.205636999725996,40.537838000248456],[-74.205958999941288,40.53851799968966],[-74.206259000415258,40.53918200033052],[-74.206533999876555,40.539877999711493],[-74.206748999961704,40.54057799982273],[-74.206897999924621,40.541293000298957],[-74.206989999986121,40.54174700013251],[-74.207973000350407,40.541670999659054],[-74.209143000312409,40.541602999880972],[-74.209887000302075,40.541553999857527],[-74.210053999808352,40.541517999719915],[-74.210998999639457,40.541450999886422],[-74.212077000438299,40.54137100003819],[-74.212134000339702,40.540436000019028]]]},"properties":{"OBJECTID":140223,"GEOID":"360850208033","STATE":"36","COUNTY":"085","AREALAND":241927,"AREAWATER":0}},{"type":"Feature","id":140224,"geometry":{"type":"Polygon","coordinates":[[[-74.202962000066222,40.531986999756974],[-74.20289000009619,40.531711999776419],[-74.202803000057557,40.53104500012325],[-74.202685000056789,40.530307999809992],[-74.202571000253968,40.52959399981237],[-74.20224499984073,40.528870999860594],[-74.202022000257969,40.528376999985511],[-74.201966000181471,40.528262999707323],[-74.201645999616019,40.527637999761318],[-74.201171000138189,40.526753999872135],[-74.201027000198124,40.526925999945441],[-74.200885999732819,40.527070999966028],[-74.200704000157941,40.527231999889814],[-74.20052800043085,40.527365000306922],[-74.199842999992427,40.527857999828051],[-74.199275999554757,40.528196999888848],[-74.199098000177841,40.528299999752981],[-74.197794000321508,40.529032000239752],[-74.197072999898069,40.529402999907994],[-74.19608399968601,40.529911999718131],[-74.194979000021334,40.530436999893247],[-74.19453999963018,40.530620000220502],[-74.193983999961489,40.530870999864007],[-74.193132999841708,40.531195000007685],[-74.19252399957125,40.531498999763187],[-74.191743999596568,40.531916999906251],[-74.192373999783413,40.533040999886239],[-74.192670999884342,40.533633000335293],[-74.193008999993154,40.534326000077968],[-74.193274000307028,40.534884999718514],[-74.194361000428358,40.534459000070818],[-74.195261999878554,40.534117999862694],[-74.19630499961896,40.533825000003503],[-74.197433999573093,40.533498000313799],[-74.198871000397119,40.53313700029593],[-74.200474999829083,40.53269099994457],[-74.202962000066222,40.531986999756974]]]},"properties":{"OBJECTID":140224,"GEOID":"360850208043","STATE":"36","COUNTY":"085","AREALAND":410375,"AREAWATER":0}},{"type":"Feature","id":140225,"geometry":{"type":"Polygon","coordinates":[[[-74.2373599996682,40.513513999776464],[-74.236865000098874,40.512121999996289],[-74.236833000311819,40.512036000144391],[-74.23635299991281,40.510615999763992],[-74.236271999721964,40.510359999991955],[-74.236126000132074,40.509916000151009],[-74.23595700007769,40.509408999908032],[-74.235863000366351,40.509123999818243],[-74.235746000190474,40.508766000047729],[-74.235646999557986,40.50845700008859],[-74.235347999807217,40.507547999845308],[-74.235121000026496,40.506873000004504],[-74.235059999927131,40.50668500005149],[-74.234895999895599,40.506189000029607],[-74.233063000134777,40.50675600023375],[-74.230056000213949,40.507729999907411],[-74.227613000357778,40.508203000097062],[-74.225793999942326,40.508389000072199],[-74.224712999668768,40.508500000274275],[-74.223777000058476,40.508599999948274],[-74.223214999643687,40.508658999911354],[-74.222903000372469,40.508936000028207],[-74.226634000191453,40.517251000338796],[-74.226910000375995,40.519172000209366],[-74.227359999739448,40.519196000340585],[-74.227768999993373,40.519202999950416],[-74.228232999600564,40.519194999908485],[-74.228620000113168,40.519173999708478],[-74.22900500007762,40.519142000203992],[-74.229482000103616,40.519084000337642],[-74.229650000333095,40.519071000160551],[-74.229785999877222,40.519047999735989],[-74.229928999992353,40.519013000232782],[-74.230093000023885,40.51895399981909],[-74.23021900042059,40.518892999846081],[-74.230312000306995,40.51883999990288],[-74.230493000056967,40.518725999792778],[-74.230636999997003,40.518615999886144],[-74.230787999609745,40.518477999698383],[-74.230918000204412,40.51833000024029],[-74.231305999643624,40.517873000179186],[-74.231594000422007,40.517533999802531],[-74.232304000076496,40.516850999766405],[-74.232822000110346,40.516337000147146],[-74.234571000205591,40.515051999908088],[-74.235638000235454,40.514387999870735],[-74.236009999781132,40.514202999967544],[-74.236667999557071,40.513875000320411],[-74.2373599996682,40.513513999776464]]]},"properties":{"OBJECTID":140225,"GEOID":"360850244013","STATE":"36","COUNTY":"085","AREALAND":1054143,"AREAWATER":9637}},{"type":"Feature","id":140226,"geometry":{"type":"Polygon","coordinates":[[[-74.241638999658292,40.504831999925045],[-74.24077699966783,40.502340999805334],[-74.239917000225532,40.499842999814128],[-74.239011999679065,40.500025000291267],[-74.238102000008041,40.500208000306998],[-74.237908999664199,40.499698000330426],[-74.236486999807113,40.50041699990463],[-74.23628799961547,40.499893999671102],[-74.236118999561086,40.500006000305838],[-74.236054000162056,40.500081000181112],[-74.236007000306387,40.500146999674122],[-74.235912999696751,40.5002690002013],[-74.235743999642338,40.500334000161985],[-74.235528999557189,40.500437999831462],[-74.235331999913711,40.500475000207039],[-74.235125000224457,40.500512999906896],[-74.234984999584057,40.500530999721249],[-74.234816000427983,40.500597000137667],[-74.234647000373585,40.500681000263299],[-74.234544000441417,40.500672000035287],[-74.234294000196158,40.500603000296486],[-74.233737999629142,40.500587999898428],[-74.233457000320072,40.500558999802308],[-74.232997000012531,40.500677000162099],[-74.232956000004648,40.500677000162099],[-74.232921999669458,40.500794000290718],[-74.23286599959296,40.500972000153432],[-74.232781999927383,40.501103000034668],[-74.232649999682906,40.501262000130808],[-74.232472000305989,40.501374999862669],[-74.232171999832019,40.501468999833072],[-74.232088000166428,40.501487000073936],[-74.231909999891201,40.501562999671748],[-74.231769000324192,40.501627999744777],[-74.231693999981132,40.501646999953877],[-74.231488000116812,40.501675000252213],[-74.231375000138911,40.501666000157606],[-74.231216000130232,40.501637999855468],[-74.231093999931517,40.501693999764974],[-74.230971999732773,40.501787999971441],[-74.230924999877089,40.501806000126763],[-74.230794000355843,40.501816000210923],[-74.230635000347178,40.501806000126763],[-74.230437999805375,40.501797000049685],[-74.230307000284128,40.50177799988306],[-74.230138000229729,40.501843999755678],[-74.230043999620079,40.5018810000388],[-74.229612999624862,40.502031000294416],[-74.229237999706129,40.502125000028641],[-74.22906899965173,40.502191000242917],[-74.228825000152568,40.502200000267138],[-74.22856300021175,40.502209000290101],[-74.228450000233849,40.502237999672857],[-74.228332000233081,40.502237999672857],[-74.228188000293045,40.502237999672857],[-74.227456999823843,40.502274999738638],[-74.227062999638534,40.502237999672857],[-74.226997000414613,40.502191000242917],[-74.226763000062888,40.502144000096969],[-74.226669000351563,40.502105999954928],[-74.226322000021923,40.501984000036416],[-74.22599399995886,40.501843999755678],[-74.225824999904461,40.501787999971441],[-74.225553999742814,40.501702999855823],[-74.225244000121421,40.501666000157606],[-74.224935000324919,40.50160000010986],[-74.22467199966087,40.50155300023291],[-74.224504000329702,40.50160000010986],[-74.224157000000076,40.501702999855823],[-74.223912999602604,40.501825000285443],[-74.223696999692535,40.501927999685932],[-74.223529000361353,40.502077999836452],[-74.223434999751703,40.502134000061716],[-74.2231440003969,40.502265999724536],[-74.222816000333822,40.502358999812259],[-74.222554000393018,40.502396999811033],[-74.222150000161975,40.502452999769929],[-74.22191400016041,40.502420999799142],[-74.222113000352053,40.503183999726673],[-74.222084999864649,40.503409000053601],[-74.222074999818886,40.503624999793949],[-74.222057000275555,40.50404700017009],[-74.222084999864649,40.504272000334346],[-74.222459999783368,40.504459000251693],[-74.222694000135093,40.504591000120499],[-74.223115999909481,40.504844000167573],[-74.223191000252541,40.505125000167673],[-74.223191000252541,40.50546299980649],[-74.223182000031727,40.505715999979465],[-74.223115999909481,40.505987000280555],[-74.223088000320402,40.506362000217003],[-74.22303200024389,40.506747000137857],[-74.222915999892933,40.507226999924271],[-74.223017000175275,40.507710000134907],[-74.223214999643687,40.508658999911354],[-74.223777000058476,40.508599999948274],[-74.224712999668768,40.508500000274275],[-74.225793999942326,40.508389000072199],[-74.227613000357778,40.508203000097062],[-74.230056000213949,40.507729999907411],[-74.233063000134777,40.50675600023375],[-74.234895999895599,40.506189000029607],[-74.236328999623339,40.505900000126815],[-74.2374519997297,40.505674000008717],[-74.238180999650766,40.505527000245493],[-74.239317000175902,40.505293999858473],[-74.239810000095403,40.5051930000783],[-74.240498000008571,40.505061000028121],[-74.240733000185202,40.505012999883348],[-74.241638999658292,40.504831999925045]]]},"properties":{"OBJECTID":140226,"GEOID":"360850244021","STATE":"36","COUNTY":"085","AREALAND":1000041,"AREAWATER":771}},{"type":"Feature","id":140227,"geometry":{"type":"Polygon","coordinates":[[[-74.253114000045869,40.512123999705608],[-74.253078999885773,40.512099999774691],[-74.25272200040871,40.511975999880626],[-74.252745999799842,40.512202999787689],[-74.250989000206999,40.513347999819899],[-74.249513999748132,40.514156999868057],[-74.249102999844396,40.514314000107284],[-74.248456999764016,40.514538999974498],[-74.24774299991158,40.514736999970665],[-74.246229999817885,40.515156999786008],[-74.245326999819568,40.515419999688568],[-74.243699000098147,40.515893000272136],[-74.243622999930167,40.515833000045035],[-74.243528000393923,40.51577700033102],[-74.241755000009235,40.514069000243055],[-74.239701000315463,40.511946000070111],[-74.238901000249314,40.51245800018684],[-74.238799000142038,40.512523999794674],[-74.238172000328248,40.512981999961255],[-74.237461999775448,40.513466000217974],[-74.2373599996682,40.513513999776464],[-74.236667999557071,40.513875000320411],[-74.236009999781132,40.514202999967544],[-74.235638000235454,40.514387999870735],[-74.234571000205591,40.515051999908088],[-74.232822000110346,40.516337000147146],[-74.232304000076496,40.516850999766405],[-74.231594000422007,40.517533999802531],[-74.231305999643624,40.517873000179186],[-74.230918000204412,40.51833000024029],[-74.230787999609745,40.518477999698383],[-74.230636999997003,40.518615999886144],[-74.230493000056967,40.518725999792778],[-74.230312000306995,40.51883999990288],[-74.23021900042059,40.518892999846081],[-74.230093000023885,40.51895399981909],[-74.229928999992353,40.519013000232782],[-74.229785999877222,40.519047999735989],[-74.229650000333095,40.519071000160551],[-74.229482000103616,40.519084000337642],[-74.229554000073634,40.519448000175217],[-74.22957099979206,40.51954200008236],[-74.229584000210849,40.519611999883999],[-74.229591999708461,40.519648999925217],[-74.229602999579114,40.519699000003804],[-74.229638999564131,40.519785000270311],[-74.229698000013684,40.519872999904756],[-74.229769000158782,40.519946999678673],[-74.229858999672146,40.520016999740264],[-74.229944000060968,40.520062999916583],[-74.230104999719458,40.520155999909349],[-74.230343000269144,40.520278000232892],[-74.230575999897638,40.520380999974975],[-74.230693999898421,40.520429000046043],[-74.23075300034796,40.520459999888715],[-74.230810000249377,40.520507999903202],[-74.230850000432341,40.520565999903319],[-74.230867999975686,40.520626999719738],[-74.231452999956716,40.520857999965706],[-74.231596999896752,40.520879000321074],[-74.231777999646724,40.520892000147562],[-74.231981000036299,40.520887999885993],[-74.232171000007099,40.520867000216334],[-74.232355999955033,40.520830000164537],[-74.232484999826454,40.52079399981762],[-74.232627999941585,40.520741999737695],[-74.232787999775155,40.520698000163883],[-74.232944000309089,40.520666000021087],[-74.233115000013314,40.520643999871403],[-74.23332099987762,40.520633000135298],[-74.233536999787688,40.520640000277986],[-74.233695999796353,40.520658999881164],[-74.233870999698553,40.520691000027256],[-74.233920000102358,40.520703000163451],[-74.235111999805682,40.520917000069403],[-74.237462999600368,40.52112699972777],[-74.239460000291032,40.521279000078131],[-74.239266999947191,40.525056999862272],[-74.239266999947191,40.525179999802802],[-74.243654999717222,40.524975000231741],[-74.243879000023199,40.524959999822144],[-74.243787999786605,40.524888000131028],[-74.243622000105248,40.524825000081755],[-74.243432000134462,40.524766000003595],[-74.243179000414472,40.524558999827931],[-74.243047000169994,40.524371999967322],[-74.242924999971265,40.524175000104954],[-74.242832000084832,40.523874999985658],[-74.242849999628177,40.523527999707014],[-74.24284100030566,40.523265999888579],[-74.242859999673925,40.523003000036461],[-74.242832999909751,40.522782999738823],[-74.242775000183414,40.522665999730307],[-74.242709999886102,40.522469000316683],[-74.242699999840355,40.522280999702112],[-74.242765999962586,40.52205599986798],[-74.242859999673925,40.521849999909932],[-74.242924999971265,40.521691000139249],[-74.24298199987264,40.521512999952805],[-74.24298199987264,40.521484000027293],[-74.242982999697574,40.52134900011459],[-74.242944000237827,40.521250000051381],[-74.242861000397156,40.521164000298533],[-74.242786000054082,40.52069600002735],[-74.242416000158229,40.520324999962476],[-74.24196000004865,40.520283999996799],[-74.241922000413823,40.52018100010568],[-74.241874999659828,40.520078000056294],[-74.241818999583344,40.520003000006945],[-74.241754000184315,40.519966000161112],[-74.241659999574679,40.519974999848657],[-74.241472000152015,40.520013000109437],[-74.241322000364192,40.519806000278926],[-74.24133200040994,40.519796999885841],[-74.241416000075517,40.519730999925315],[-74.241519000007685,40.519590999814618],[-74.241442999839705,40.519348000289192],[-74.241274999610212,40.519102999698923],[-74.241509999786857,40.518980999968534],[-74.241697000282926,40.518906000057697],[-74.241790999994251,40.518850000178794],[-74.241969000269464,40.518663000098044],[-74.242109999836472,40.51850299983758],[-74.242324999921635,40.518380999698202],[-74.242521999565128,40.518305999799047],[-74.242888000161329,40.51829699988744],[-74.243066000436571,40.51829699988744],[-74.243449999677793,40.518325000063726],[-74.243787999786605,40.518344000322969],[-74.244003999696673,40.518399999941629],[-74.244340999980579,40.518484000306252],[-74.244669000043615,40.518391000042648],[-74.244857000364604,40.518241000182741],[-74.245110000084594,40.518062999713266],[-74.245296999682338,40.518033999661043],[-74.245531999858983,40.518128000185001],[-74.24571000013421,40.518062999713266],[-74.245719000355038,40.518024999712921],[-74.245686999669672,40.517944999893473],[-74.245541000079825,40.517716000078856],[-74.245409999660239,40.517527999792499],[-74.245372000025398,40.517331000303514],[-74.245485000003328,40.517162999994262],[-74.245729000400786,40.517050000228267],[-74.246233000190941,40.516824999909517],[-74.246553999683002,40.516722000167228],[-74.246656999615155,40.516796999789683],[-74.246797000255555,40.516909000198808],[-74.247003999944795,40.517106000244873],[-74.247359999596938,40.517508999984862],[-74.247510000283086,40.51764100011863],[-74.247640999804347,40.51767799988184],[-74.247640999804347,40.51762199966015],[-74.247613000215239,40.517575000084236],[-74.247454000206588,40.517433999793063],[-74.247388000084342,40.517359000200273],[-74.247182000220036,40.517087000317638],[-74.246993999899047,40.516947000148726],[-74.246824999844648,40.516834000018726],[-74.246714000414883,40.516715000298355],[-74.246609999759485,40.516591000060892],[-74.24656299990383,40.516468999856755],[-74.246511000025293,40.516308999823558],[-74.246525000269003,40.516169999873114],[-74.246648000292637,40.516158000291369],[-74.246771000316286,40.516146000024492],[-74.246910000233456,40.516093999753849],[-74.246993999899047,40.516046999789694],[-74.247125000318619,40.515915999730296],[-74.247491000016495,40.515727999859941],[-74.24823199963312,40.516497000113567],[-74.248700000336584,40.516178000276071],[-74.248662999628351,40.516112999962488],[-74.249620000053355,40.515569999713719],[-74.249254000355464,40.515091000038019],[-74.249357000287617,40.515033999892978],[-74.249844000359332,40.515530999862406],[-74.250153999980739,40.515316000029571],[-74.250004000192902,40.515109000037839],[-74.25168299996794,40.514023000051694],[-74.251924999817291,40.513872000151743],[-74.252066000282596,40.513749999780721],[-74.252122000359094,40.513619000014003],[-74.252084999650862,40.513478000281559],[-74.251971999672961,40.513243999678849],[-74.251924999817291,40.513075000215444],[-74.251963000350429,40.512916000121244],[-74.252946999641296,40.512269000329482],[-74.253114000045869,40.512123999705608]]]},"properties":{"OBJECTID":140227,"GEOID":"360850248003","STATE":"36","COUNTY":"085","AREALAND":1000451,"AREAWATER":15768}},{"type":"Feature","id":140228,"geometry":{"type":"Polygon","coordinates":[[[-74.166186999831964,40.635853999711422],[-74.166274999695517,40.633650000274443],[-74.165235000328153,40.633618999660769],[-74.164672000088444,40.633672000107431],[-74.163676000203708,40.633766999953764],[-74.162557000295308,40.633817000033865],[-74.161628000357709,40.633870999723818],[-74.160311000082601,40.633787999664726],[-74.160300000211947,40.634135999854351],[-74.160193000081833,40.637152000050094],[-74.160152999898855,40.638055999974341],[-74.160192000256913,40.640210999796686],[-74.160470999916171,40.638809000214536],[-74.161328999708658,40.638902000236094],[-74.160917999804909,40.640368000337894],[-74.162733999847319,40.641427999777839],[-74.163678999678424,40.641190999881822],[-74.164518000102646,40.641479000223548],[-74.164734999837634,40.639781999795396],[-74.164799000310055,40.639550000176264],[-74.164966999641223,40.638865999979252],[-74.165033999588374,40.637202000321956],[-74.165060000425967,40.636583999976942],[-74.165088000015061,40.635835000074174],[-74.166186999831964,40.635853999711422]]]},"properties":{"OBJECTID":140228,"GEOID":"360850319023","STATE":"36","COUNTY":"085","AREALAND":333436,"AREAWATER":0}},{"type":"Feature","id":140229,"geometry":{"type":"Polygon","coordinates":[[[-74.106172000190924,40.562295999872205],[-74.105576000339255,40.561989999702938],[-74.104844999870053,40.561596000177069],[-74.104131999842537,40.561172999887077],[-74.103818999848087,40.56100799971717],[-74.101733000367261,40.559900999885286],[-74.101598999574648,40.560058000112953],[-74.101524000129899,40.560143999768613],[-74.101238999724544,40.560468000288388],[-74.100807999729312,40.560942000081312],[-74.100271000327197,40.561546999767309],[-74.099964000180535,40.561885000178933],[-74.099642999790163,40.562249000235987],[-74.099350999712129,40.562570999870083],[-74.099196999726331,40.562740000092454],[-74.099050000311564,40.562902999846187],[-74.098820000157787,40.563160000024865],[-74.098535999577336,40.563478000287432],[-74.098258999567904,40.563788999992902],[-74.097972000411048,40.564112000169395],[-74.0976319997541,40.564483999812595],[-74.100021999906858,40.565642999679021],[-74.100787999637831,40.566014999684405],[-74.101549000244248,40.566385999941851],[-74.102089000019419,40.566646999972214],[-74.103182999813455,40.565463999820139],[-74.10432900038434,40.564255000032908],[-74.106172000190924,40.562295999872205]]]},"properties":{"OBJECTID":140229,"GEOID":"360850128042","STATE":"36","COUNTY":"085","AREALAND":274103,"AREAWATER":0}},{"type":"Feature","id":140299,"geometry":{"type":"Polygon","coordinates":[[[-74.142584000202007,40.534326000077968],[-74.143334000039459,40.533592000317036],[-74.135375000284029,40.527424000145686],[-74.133714999877228,40.526137000090081],[-74.133514999860694,40.525982000203932],[-74.10814499969382,40.544309999904904],[-74.108286999984045,40.544414999686936],[-74.109867000024892,40.545579999778681],[-74.112556999753295,40.547562999867715],[-74.112726999632613,40.54736099986399],[-74.112812000021435,40.547396000263085],[-74.112898000235162,40.547429999950694],[-74.112957999611282,40.547455000211841],[-74.113015000411011,40.547477999761298],[-74.114392000062267,40.548035000238563],[-74.115260999725393,40.547515000118025],[-74.116290000120415,40.54711699998645],[-74.117916000192025,40.545991999938416],[-74.119077999758119,40.544597000011422],[-74.120928000135692,40.544355999790675],[-74.122760999896542,40.543596000298542],[-74.12374799956045,40.542517000282409],[-74.127336999987548,40.538594000326846],[-74.133837000075971,40.531723999987818],[-74.135401000223283,40.53040700015012],[-74.137131000051951,40.529791000133656],[-74.137245999679692,40.529751000087536],[-74.137984999646477,40.530778999975965],[-74.140292999783469,40.533277000106338],[-74.139670000167627,40.535086999797194],[-74.135898000340731,40.535203999969859],[-74.134141999674483,40.535259000330484],[-74.128378999903035,40.540372000134113],[-74.127459000186278,40.542533000259027],[-74.127540000377124,40.542649000316572],[-74.129466999849299,40.545378999978865],[-74.132199000308788,40.546225000187491],[-74.135683000255582,40.546373000165012],[-74.133078000017676,40.543630999934614],[-74.142584000202007,40.534326000077968]]]},"properties":{"OBJECTID":140299,"GEOID":"360850154000","STATE":"36","COUNTY":"085","AREALAND":0,"AREAWATER":2690994}},{"type":"Feature","id":140300,"geometry":{"type":"Polygon","coordinates":[[[-74.122556999682033,40.613075999905597],[-74.122363000411596,40.612574999939881],[-74.122133000257818,40.612014000314062],[-74.122028999602449,40.611745000082095],[-74.121578000414047,40.610601999738883],[-74.121447999819395,40.610172999776168],[-74.121384000245286,40.609899000156631],[-74.121339000039441,40.609683999745641],[-74.119637999624771,40.610111999681841],[-74.117159999608475,40.610765000180621],[-74.116763999773354,40.610870000053779],[-74.115943999615709,40.611011000052635],[-74.11501399985319,40.611079999987162],[-74.113766999898289,40.610997000244993],[-74.113622999958238,40.610987999831273],[-74.113429999614397,40.610974999762014],[-74.113262000283214,40.610950999784762],[-74.113049999672796,40.610920000227672],[-74.11287200029588,40.61088199971708],[-74.112690999647597,40.610846999783938],[-74.111540999777063,40.61056599990988],[-74.111277000186419,40.610486000144604],[-74.111135999721114,40.610436000327944],[-74.110534999846578,40.61025399967005],[-74.110359000119487,40.610218000335536],[-74.110238999570569,40.610197999787573],[-74.110132000338766,40.610186999756436],[-74.110040000277252,40.610178999670644],[-74.109917000253617,40.610166999881152],[-74.109750999673949,40.610157000282236],[-74.109317000203987,40.610110999925773],[-74.108709999583354,40.6100749998322],[-74.107948000050342,40.610048000260804],[-74.106706000118308,40.610119999775598],[-74.106680000179026,40.610127000112648],[-74.105348999660222,40.61021499970812],[-74.105399999713839,40.610412999908718],[-74.105597000255656,40.611182000145291],[-74.105875999914915,40.611689999817663],[-74.106110000266625,40.612050000044917],[-74.106809999875367,40.613127000185528],[-74.106862999578809,40.613099999801506],[-74.107948999875262,40.614855999708908],[-74.108850000223754,40.614654999971158],[-74.109357000386936,40.614545999785896],[-74.11145399973843,40.61410700022347],[-74.113375000261115,40.613804999887549],[-74.114146000014969,40.613742000295652],[-74.115131999853986,40.613662000241241],[-74.115382999924137,40.613642000042205],[-74.116469000220576,40.613554000186326],[-74.116841999591159,40.613524999882969],[-74.118284000438067,40.613415999900006],[-74.119317999957644,40.613329999844247],[-74.120445000261952,40.61324200025939],[-74.120661999996926,40.613224000035558],[-74.121404000336781,40.613165000101361],[-74.122556999682033,40.613075999905597]]]},"properties":{"OBJECTID":140300,"GEOID":"360850169011","STATE":"36","COUNTY":"085","AREALAND":499625,"AREAWATER":0}},{"type":"Feature","id":140301,"geometry":{"type":"Polygon","coordinates":[[[-74.221775000243227,40.502415999802317],[-74.22191400016041,40.502420999799142],[-74.22163299995303,40.501071000102904],[-74.220687000296991,40.496739000024178],[-74.220633999695224,40.49648800032368],[-74.205764999772526,40.498940999995426],[-74.205579999824607,40.498973000260072],[-74.17368899965291,40.510878999720617],[-74.177889999825183,40.519462000024483],[-74.178078000146158,40.519571999908734],[-74.178152999590935,40.519627999867375],[-74.178247000200571,40.519627999867375],[-74.178350000132738,40.519656000170649],[-74.178424999577487,40.519815999727953],[-74.178453000064906,40.519899999684078],[-74.178575000263621,40.519974999848657],[-74.178715999830615,40.520059000288441],[-74.178913000372418,40.520106000171566],[-74.179156000046689,40.520078000056294],[-74.179258999978828,40.520096999818769],[-74.179550000231984,40.520378000097438],[-74.179888000340782,40.520518999659821],[-74.179981000227201,40.520527999956016],[-74.180383999735014,40.52054700027378],[-74.180712999622969,40.520593999814757],[-74.181059000127703,40.520658999881164],[-74.181388000015687,40.520641000005632],[-74.181659000177333,40.520527999956016],[-74.181752999888673,40.520490999717047],[-74.181941000209633,40.520388000143981],[-74.182044000141801,40.520350000095775],[-74.182193999929638,40.520340999775733],[-74.182306000082619,40.520283999996799],[-74.182578000069185,40.520124999926097],[-74.182877999644845,40.519974999848657],[-74.183168000073067,40.519904000004544],[-74.183440999884539,40.519806000278926],[-74.183862999658928,40.519749999786079],[-74.184190999721991,40.519646999757384],[-74.184500000416776,40.519459000105812],[-74.18475300013678,40.519300000127011],[-74.185475000385139,40.518803000098018],[-74.18596300028176,40.518456000196416],[-74.186778000416552,40.517808999913001],[-74.188128000303621,40.51654399976222],[-74.18875599994233,40.515924999961534],[-74.188981000073241,40.5155969998602],[-74.189094000051142,40.515362999823218],[-74.189150000127626,40.51527799983814],[-74.189299999915463,40.515287999962482],[-74.189488000236423,40.515297000278018],[-74.18965599956762,40.515259000075808],[-74.189759000398098,40.515184000098792],[-74.190058999973743,40.514874999663604],[-74.190958999599019,40.514003000107067],[-74.19116600018657,40.513749999780721],[-74.191352999784314,40.513544000251358],[-74.191550000326117,40.513300000142578],[-74.191633999991708,40.513178000096673],[-74.191916000024023,40.512963000231281],[-74.192158999698265,40.5128410002552],[-74.192271999676166,40.512746999831172],[-74.192496999807076,40.512662999791168],[-74.192608999960072,40.512643999970805],[-74.192665999861461,40.512577999798062],[-74.192741000204549,40.512400000001811],[-74.192805999603564,40.512297000291355],[-74.192871999725796,40.512202999787689],[-74.192947000068855,40.512099999774691],[-74.193188999918206,40.511932000017367],[-74.193444000186332,40.511705999736826],[-74.193743999761992,40.51130299994837],[-74.193846999694131,40.511152999939078],[-74.19400599970281,40.510909000008489],[-74.194221999612864,40.510665999749463],[-74.194325000443342,40.510580999956879],[-74.194644000285578,40.510319000079072],[-74.194803000294243,40.510140999750213],[-74.195034000272912,40.509993000329501],[-74.195196999581214,40.509897000235256],[-74.195871000148998,40.509757000079148],[-74.196481000244361,40.509775000144856],[-74.196819000353159,40.509916000151009],[-74.197194000271892,40.51012199989821],[-74.19750300006838,40.510319000079072],[-74.197784000275774,40.510524999954306],[-74.198402999693656,40.510899999786943],[-74.198703000167626,40.511049999679173],[-74.199002999743286,40.511180999683965],[-74.199303000217256,40.51130299994837],[-74.199447999982212,40.511303999815247],[-74.199622000059478,40.511349999823068],[-74.199750000105993,40.511445000021396],[-74.199950999947447,40.511698000166227],[-74.201197000077443,40.512934000021986],[-74.201919000325816,40.512859000176064],[-74.203783999873679,40.512455999804466],[-74.204619000099953,40.512297000291355],[-74.205055000118037,40.512252000103032],[-74.205312999860894,40.51225899975487],[-74.205790999711809,40.512212999687684],[-74.207318999874104,40.511903000045102],[-74.208106000419789,40.51161300031584],[-74.208677999982015,40.511369000010077],[-74.209344000153862,40.510983999986479],[-74.209681000437769,40.510740999999236],[-74.209970000142761,40.51047499986371],[-74.210422000054379,40.509943999729401],[-74.210571999842202,40.509671999817392],[-74.210591000108778,40.50962500013263],[-74.210656000406104,40.509427999961993],[-74.210769000384005,40.509222000131913],[-74.21092800039267,40.508969000207522],[-74.211105999769586,40.508780999983024],[-74.211453000099226,40.508518999902769],[-74.211725000085792,40.50822799996952],[-74.211838000063707,40.508143999732773],[-74.211987000026596,40.508012999942338],[-74.21210900022534,40.507833999721122],[-74.212240999571492,40.507694000039379],[-74.212362999770249,40.507553000142543],[-74.212671999566723,40.507272000069626],[-74.2131689996842,40.506869000272552],[-74.213366000226003,40.506615999667723],[-74.213459000112408,40.506522000079912],[-74.213516000013826,40.506456000028997],[-74.213702999611584,40.506419000220447],[-74.213974999598136,40.506399999997001],[-74.21433100014859,40.50633399982609],[-74.214593999914342,40.506240999785412],[-74.215080999986057,40.505978000081463],[-74.215558999836944,40.505575000022375],[-74.2158590003109,40.505238000222278],[-74.216141000343228,40.504852999835833],[-74.216450000139702,40.5044969997438],[-74.216815999837593,40.504065999694006],[-74.217256000053652,40.503502999905933],[-74.217369000031553,40.503380999795979],[-74.217388000298129,40.503306000194939],[-74.217396999620647,40.503221999941147],[-74.217499999552814,40.503213000054053],[-74.217753000171115,40.503250000265098],[-74.217940999593779,40.503230999826975],[-74.218278999702576,40.503043999901337],[-74.218466000198632,40.503016000174398],[-74.218738000185212,40.502959000011174],[-74.21902900043834,40.502866000072252],[-74.219291000379158,40.502772000010275],[-74.219571999688242,40.502649999936899],[-74.220012999729207,40.502631000011888],[-74.220247000080931,40.502631000011888],[-74.220707000388472,40.502603000112558],[-74.220950000062729,40.502575000201603],[-74.221129000162861,40.502518999661476],[-74.221335000027182,40.502433999789119],[-74.221550000112344,40.502340999805334],[-74.221653999869417,40.502368999814031],[-74.221719000166743,40.502396999811033],[-74.221775000243227,40.502415999802317]]]},"properties":{"OBJECTID":140301,"GEOID":"360850198000","STATE":"36","COUNTY":"085","AREALAND":0,"AREAWATER":4404763}},{"type":"Feature","id":153411,"geometry":{"type":"Polygon","coordinates":[[[-74.154329999852948,40.63744700029487],[-74.154774000266968,40.636796000276618],[-74.153620000198472,40.63680800005482],[-74.152861999965097,40.636864000127296],[-74.152973000293173,40.636080999659235],[-74.153025999996629,40.635711000227964],[-74.153046999913016,40.63556500026769],[-74.153102999989514,40.635161999999845],[-74.153211999769454,40.63450399968805],[-74.153258999625123,40.63422299978879],[-74.153267999845951,40.634173000012723],[-74.15186000023256,40.63417899979693],[-74.150850000104128,40.634192000122887],[-74.149620999692559,40.634115000252841],[-74.14951600011058,40.634128999987922],[-74.148029999781059,40.634328999681088],[-74.147042000292231,40.634516999950733],[-74.146704000183433,40.634656999735142],[-74.146128000423261,40.634972000051476],[-74.145631000305784,40.635245999775918],[-74.145565000183552,40.635459000292613],[-74.144961999760881,40.637383999822866],[-74.144782999660748,40.637952999927528],[-74.14393699956382,40.638347000253951],[-74.143600000178225,40.638513999853224],[-74.143086000342336,40.639783999782765],[-74.143253999673519,40.639795999705498],[-74.143776999730235,40.638754999746737],[-74.144745999850812,40.639313999748111],[-74.144859999653633,40.63939799975352],[-74.146140999943725,40.639264999696167],[-74.146120999852243,40.639141000085665],[-74.146545999999674,40.639041999687059],[-74.148820999626395,40.638904000249823],[-74.1491520000625,40.638716000063425],[-74.149537999851873,40.638186999678624],[-74.149412000353493,40.637557999975478],[-74.149968999847104,40.637571999670293],[-74.151072999686889,40.638951999878948],[-74.152732000268756,40.638837999766082],[-74.152333999885499,40.637710999840728],[-74.154329999852948,40.63744700029487]]]},"properties":{"OBJECTID":153411,"GEOID":"360850223002","STATE":"36","COUNTY":"085","AREALAND":344090,"AREAWATER":0}},{"type":"Feature","id":154510,"geometry":{"type":"Polygon","coordinates":[[[-74.111276000361514,40.581791999798391],[-74.11221000032198,40.581267000316039],[-74.110058999645517,40.580115000255141],[-74.109112000164572,40.579608999833965],[-74.108944999759984,40.579519999987063],[-74.108794999972162,40.579438000161261],[-74.108009999974612,40.580036999935466],[-74.107267999634757,40.580575000045762],[-74.106398999971631,40.581158999767247],[-74.105687999593925,40.581628000158339],[-74.105033000191028,40.582153000218632],[-74.103843000137545,40.583029999899011],[-74.103156999874187,40.583522000263287],[-74.102497000448409,40.58401600003031],[-74.102617000099016,40.584103999890459],[-74.102788999628146,40.584225000276568],[-74.105259000146859,40.585923000224888],[-74.105882999587593,40.585408000311702],[-74.106495000231121,40.584895000110535],[-74.107290000274403,40.584221999846761],[-74.107908999692285,40.583684999884014],[-74.109247999708685,40.582678999736032],[-74.11028600032455,40.582200000203748],[-74.111276000361514,40.581791999798391]]]},"properties":{"OBJECTID":154510,"GEOID":"360850114023","STATE":"36","COUNTY":"085","AREALAND":231898,"AREAWATER":0}},{"type":"Feature","id":154603,"geometry":{"type":"Polygon","coordinates":[[[-74.108009999974612,40.580036999935466],[-74.108794999972162,40.579438000161261],[-74.107110000349337,40.578536000219707],[-74.105599999730373,40.577577999797363],[-74.104958999672888,40.577100000149976],[-74.104233999949784,40.576740000007959],[-74.103689999976652,40.576504999675713],[-74.102972999751159,40.577254000229424],[-74.102315999800126,40.577944999819664],[-74.101669999719746,40.578623000239482],[-74.103797000106781,40.579766999753481],[-74.10513500029829,40.580479000089611],[-74.106398999971631,40.581158999767247],[-74.107267999634757,40.580575000045762],[-74.108009999974612,40.580036999935466]]]},"properties":{"OBJECTID":154603,"GEOID":"360850114022","STATE":"36","COUNTY":"085","AREALAND":146691,"AREAWATER":0}},{"type":"Feature","id":154604,"geometry":{"type":"Polygon","coordinates":[[[-74.157665999661731,40.583375000013575],[-74.157217000123154,40.583136999996341],[-74.156863000120822,40.582948000282364],[-74.15638500026995,40.582694000182997],[-74.155591999876478,40.58225699983651],[-74.155084999713267,40.581974999670976],[-74.153935999667638,40.581384999819221],[-74.15335900008256,40.581055999997417],[-74.152528000054247,40.580617000153843],[-74.149631999563212,40.583369999915853],[-74.150747000171961,40.583929999667504],[-74.150147000122331,40.584451000202947],[-74.149932999862088,40.584638000171395],[-74.149684000340073,40.584865000200416],[-74.150444000223246,40.585268000325371],[-74.15312200025609,40.586710999762737],[-74.153894999659769,40.587149999860586],[-74.155930999810181,40.585087000171818],[-74.157665999661731,40.583375000013575]]]},"properties":{"OBJECTID":154604,"GEOID":"360850277041","STATE":"36","COUNTY":"085","AREALAND":267183,"AREAWATER":0}},{"type":"Feature","id":154605,"geometry":{"type":"Polygon","coordinates":[[[-74.166088999922678,40.541655000159196],[-74.165555999820214,40.541061000065191],[-74.164997999603386,40.540446999918423],[-74.164450000330604,40.539850999787951],[-74.163916000403205,40.539269000307257],[-74.163357000361472,40.538656999720736],[-74.16280099979447,40.538048000139881],[-74.162271999889953,40.53746999996963],[-74.161795999688891,40.536948000099216],[-74.160256999655928,40.535266999820593],[-74.159675999872874,40.535918999771461],[-74.159110999983341,40.536552000333046],[-74.158520000154567,40.53723699998725],[-74.159141000120584,40.537899000047403],[-74.159557000047201,40.538334000305134],[-74.161024000110132,40.539898000128282],[-74.162527000158065,40.541503000282646],[-74.163593000363022,40.542641999742074],[-74.164231000047479,40.543301000103568],[-74.164764999974878,40.5426720001511],[-74.165375000070242,40.542150999944234],[-74.166088999922678,40.541655000159196]]]},"properties":{"OBJECTID":154605,"GEOID":"360850156021","STATE":"36","COUNTY":"085","AREALAND":202484,"AREAWATER":0}},{"type":"Feature","id":154606,"geometry":{"type":"Polygon","coordinates":[[[-74.138533999642476,40.62112800014765],[-74.138737000032052,40.620374000006606],[-74.137926999920154,40.6202469999104],[-74.137171000234929,40.620129000120095],[-74.136471999552782,40.620020000001411],[-74.135130999886542,40.619805999720242],[-74.13525499973511,40.619350999925231],[-74.135395000375496,40.618826999712972],[-74.134709000112153,40.618718999824637],[-74.134021000198985,40.618610000132804],[-74.1338959996272,40.619139000152266],[-74.133820000357531,40.619625999947054],[-74.133703000181669,40.620296999885831],[-74.13375699971003,40.621136999877265],[-74.133986999863794,40.621163000150084],[-74.133857999992372,40.622059999954324],[-74.134011000153237,40.622143000272196],[-74.13471499995994,40.622523999931559],[-74.135555000209081,40.62298600028614],[-74.13569300030133,40.623064999840842],[-74.136393999734977,40.623466999925185],[-74.137249999877653,40.623930000124702],[-74.137227000311427,40.62429599984447],[-74.138265999853886,40.624247999906075],[-74.138507999703194,40.622633000055288],[-74.138613000183497,40.621772999974382],[-74.138367000136213,40.621738000291572],[-74.138533999642476,40.62112800014765]]]},"properties":{"OBJECTID":154606,"GEOID":"360850201003","STATE":"36","COUNTY":"085","AREALAND":160283,"AREAWATER":0}},{"type":"Feature","id":154607,"geometry":{"type":"Polygon","coordinates":[[[-74.141487999859834,40.63326200004537],[-74.141543000111426,40.633164999976657],[-74.13987000018416,40.632439000238215],[-74.139426999595059,40.633029000170154],[-74.137669000177297,40.632262000060088],[-74.137121000006204,40.632778999853315],[-74.136541000048069,40.633342999896378],[-74.136115000075719,40.633960000165352],[-74.135674000034754,40.63461400010042],[-74.135554000384161,40.634800000112719],[-74.136408999803592,40.634895999784426],[-74.137183999755393,40.634983000091935],[-74.137268000319295,40.634993000065158],[-74.138281999747392,40.635014000072246],[-74.139593999999647,40.635043999973547],[-74.139705000327723,40.635046000102811],[-74.14067100007523,40.635150999988873],[-74.140762000311824,40.634896999851264],[-74.140946000434838,40.634379000022051],[-74.141276999972646,40.633442999972424],[-74.141487999859834,40.63326200004537]]]},"properties":{"OBJECTID":154607,"GEOID":"360850213002","STATE":"36","COUNTY":"085","AREALAND":106353,"AREAWATER":0}},{"type":"Feature","id":154608,"geometry":{"type":"Polygon","coordinates":[[[-74.122055000440014,40.628364000178756],[-74.121257000023675,40.627823000238926],[-74.120568000285587,40.626988000033222],[-74.120128999894447,40.626535999965149],[-74.118132999927013,40.627871999825445],[-74.117833000351354,40.627624000324204],[-74.116142999807337,40.628701999770499],[-74.116189999663007,40.628941000000424],[-74.116346000196913,40.629834999911701],[-74.116505000205592,40.630756000202567],[-74.118231999661191,40.630630000206658],[-74.119902999938645,40.630172000101609],[-74.119470000293589,40.629392000004209],[-74.122055000440014,40.628364000178756]]]},"properties":{"OBJECTID":154608,"GEOID":"360850125002","STATE":"36","COUNTY":"085","AREALAND":122591,"AREAWATER":0}},{"type":"Feature","id":154609,"geometry":{"type":"Polygon","coordinates":[[[-74.125132999607615,40.627101999926282],[-74.124842000252812,40.625825000058498],[-74.124730000099802,40.625041999680228],[-74.124745999993337,40.624380000335499],[-74.124741999795376,40.62395499976143],[-74.124696999589531,40.623681000068764],[-74.124602999878192,40.623342000053022],[-74.124515999839559,40.623028999908612],[-74.1242659995943,40.622304000003254],[-74.124023999744992,40.621702000325989],[-74.123997999805709,40.621624999690496],[-74.123735999864891,40.620971000047554],[-74.120077999840845,40.621666999924116],[-74.119668999586906,40.621745000093249],[-74.118572000318139,40.622544000199056],[-74.118532000135161,40.622836999715098],[-74.118405999738471,40.623760999716957],[-74.117126999996515,40.6245329997165],[-74.117557000166812,40.624693000285234],[-74.117876999833967,40.624833999748475],[-74.118100000315039,40.62496299973656],[-74.1182309998363,40.625076999677141],[-74.118459000340238,40.625269000249745],[-74.119164999796766,40.625823999855747],[-74.119666000112176,40.626184999800749],[-74.120128999894447,40.626535999965149],[-74.120568000285587,40.626988000033222],[-74.121257000023675,40.627823000238926],[-74.122161999671818,40.627477000229113],[-74.122645000443896,40.62741600025236],[-74.122955999890209,40.627377000081566],[-74.123648999826258,40.627290000090433],[-74.124248000050969,40.627212000260613],[-74.125132999607615,40.627101999926282]]]},"properties":{"OBJECTID":154609,"GEOID":"360850147001","STATE":"36","COUNTY":"085","AREALAND":324246,"AREAWATER":0}},{"type":"Feature","id":154610,"geometry":{"type":"Polygon","coordinates":[[[-74.087399000196854,40.639160000145417],[-74.087542000311998,40.638448999679255],[-74.087278999647936,40.637812000214581],[-74.084537999865915,40.638169000041486],[-74.081735999984517,40.638556999702864],[-74.081790000411189,40.639254999681143],[-74.081926999780237,40.639870999855482],[-74.082047000329155,40.640339000087721],[-74.082281999607474,40.640600999822155],[-74.085034000158458,40.640197999961096],[-74.087205999853012,40.639895999659572],[-74.087399000196854,40.639160000145417]]]},"properties":{"OBJECTID":154610,"GEOID":"360850011003","STATE":"36","COUNTY":"085","AREALAND":108311,"AREAWATER":0}},{"type":"Feature","id":154611,"geometry":{"type":"Polygon","coordinates":[[[-74.087617999581653,40.631648000127001],[-74.088077000064288,40.631080999711415],[-74.086823000436695,40.630318000264829],[-74.08649100017567,40.630110999859518],[-74.08636200030422,40.63003000017833],[-74.085207000410833,40.629312999751939],[-74.084562000155358,40.629733000279614],[-74.083881999739802,40.629285999773757],[-74.083029999795102,40.62872500002949],[-74.08173099996165,40.630011999705594],[-74.081407000096547,40.630301000005396],[-74.082014999643775,40.630891999866463],[-74.082602999997832,40.63146499986977],[-74.083442000422053,40.632275000077613],[-74.084912999784649,40.633640000100016],[-74.085199999839816,40.633763000300227],[-74.085334999559038,40.633810000133984],[-74.085433000366635,40.633844000225139],[-74.085748999835829,40.633954999760718],[-74.087140999555672,40.632239000337592],[-74.087617999581653,40.631648000127001]]]},"properties":{"OBJECTID":154611,"GEOID":"360850033001","STATE":"36","COUNTY":"085","AREALAND":166291,"AREAWATER":0}},{"type":"Feature","id":154612,"geometry":{"type":"Polygon","coordinates":[[[-74.123576000031306,40.616679999782782],[-74.123280999580217,40.616003000283079],[-74.122924999928074,40.615313999831329],[-74.122647000093721,40.614630999951871],[-74.122556999682033,40.613075999905597],[-74.121404000336781,40.613165000101361],[-74.120661999996926,40.613224000035558],[-74.120445000261952,40.61324200025939],[-74.119317999957644,40.613329999844247],[-74.118284000438067,40.613415999900006],[-74.116841999591159,40.613524999882969],[-74.116900000215793,40.614233000023304],[-74.116987000254426,40.614924999764462],[-74.117194999768586,40.615597999899499],[-74.117450000036698,40.616394999878679],[-74.117656999725924,40.61718999991448],[-74.118768000136726,40.61709400001866],[-74.119399000148491,40.617041000052588],[-74.122088999876894,40.616810000172684],[-74.123576000031306,40.616679999782782]]]},"properties":{"OBJECTID":154612,"GEOID":"360850147003","STATE":"36","COUNTY":"085","AREALAND":199473,"AREAWATER":0}},{"type":"Feature","id":168015,"geometry":{"type":"Polygon","coordinates":[[[-74.171215999659495,40.637435999978685],[-74.171207000336963,40.636720000040796],[-74.171195999567985,40.635949999912697],[-74.170264000155683,40.635929000199965],[-74.168612999969724,40.635894999807142],[-74.168253000119606,40.635889000177137],[-74.16750900012994,40.635877000233762],[-74.166186999831964,40.635853999711422],[-74.165088000015061,40.635835000074174],[-74.165060000425967,40.636583999976942],[-74.165033999588374,40.637202000321956],[-74.164966999641223,40.638865999979252],[-74.164799000310055,40.639550000176264],[-74.164734999837634,40.639781999795396],[-74.164518000102646,40.641479000223548],[-74.164713999921247,40.642275000205117],[-74.165573000436964,40.642433999889462],[-74.165648999706619,40.64140799971274],[-74.167422999916226,40.641995000255982],[-74.167824999599119,40.641274000280532],[-74.168110999829395,40.640827000010624],[-74.168161999883026,40.639354999763967],[-74.168183999624318,40.638662000202075],[-74.168198999692947,40.637974999706024],[-74.168213999761548,40.637256000000946],[-74.169693000418363,40.637343999990101],[-74.171215999659495,40.637435999978685]]]},"properties":{"OBJECTID":168015,"GEOID":"360850319022","STATE":"36","COUNTY":"085","AREALAND":225236,"AREAWATER":0}},{"type":"Feature","id":168016,"geometry":{"type":"Polygon","coordinates":[[[-74.195923000027534,40.635223999779839],[-74.19598800032486,40.635171999946259],[-74.192517999723464,40.633363999740702],[-74.192424999837044,40.633307000050429],[-74.192314000407279,40.633249000220019],[-74.186530999646024,40.630209999866601],[-74.186462000049048,40.630249999882963],[-74.186420000216245,40.630293999736928],[-74.184478999602064,40.629227999859395],[-74.183516000227598,40.628765000253573],[-74.181679000268815,40.627789999982312],[-74.180315000138037,40.626959000107114],[-74.178844999702065,40.626105999845493],[-74.177669999717168,40.625066000050225],[-74.176328000225993,40.623775999810803],[-74.176072999957881,40.623532999921501],[-74.175773000382236,40.623274000067937],[-74.175477999931147,40.623045999973719],[-74.175226000036062,40.622867999879581],[-74.175010999950899,40.622732000238756],[-74.174721000420988,40.622563000208977],[-74.174400999855536,40.622396999832027],[-74.174256999915499,40.622329000248577],[-74.174107999952582,40.622260000339722],[-74.173768000193959,40.622116999699045],[-74.173430000085148,40.621992000027802],[-74.173095000349377,40.621883999801625],[-74.169219999692032,40.621306000105726],[-74.168777000001242,40.621218999706663],[-74.16872500012272,40.621208999716224],[-74.168482000448464,40.621561999972293],[-74.168140999966624,40.622077999843064],[-74.167934000277384,40.622401000166334],[-74.167680999659083,40.622939999898193],[-74.167596000168572,40.623125000139353],[-74.16740399964965,40.623909000040825],[-74.166775000186021,40.626548000223686],[-74.166559000275953,40.627367000331276],[-74.166468000039359,40.628519000302724],[-74.166447000122957,40.629065000147847],[-74.166432000054343,40.630084999661157],[-74.166401999917113,40.630308999726978],[-74.166329999947095,40.632166000009917],[-74.166274999695517,40.633650000274443],[-74.166186999831964,40.635853999711422],[-74.16750900012994,40.635877000233762],[-74.168253000119606,40.635889000177137],[-74.168612999969724,40.635894999807142],[-74.170264000155683,40.635929000199965],[-74.171195999567985,40.635949999912697],[-74.171207000336963,40.636720000040796],[-74.171215999659495,40.637435999978685],[-74.171260999865325,40.639391999756661],[-74.171286999804607,40.640517999949942],[-74.17118499969736,40.641841999984699],[-74.171074000267581,40.643075000014441],[-74.172091999893638,40.643218000082967],[-74.17242800035261,40.64414400012766],[-74.173809000201828,40.645027999765475],[-74.175451999991864,40.645115999733228],[-74.175763000336488,40.643543000276651],[-74.176724000061142,40.643772999782527],[-74.178023999719485,40.642806000127813],[-74.17887400001436,40.643092999691945],[-74.178719000203671,40.644995999748453],[-74.179791000256401,40.645461999674289],[-74.180614999713697,40.645284000031076],[-74.180716999820945,40.644721999826402],[-74.183734999612412,40.644686999902135],[-74.183834000244929,40.643511000229225],[-74.185077000001868,40.644414999923335],[-74.186268999705192,40.643343000239838],[-74.18771499985175,40.642635999825366],[-74.18684799983842,40.640980999857582],[-74.187139000091577,40.640540000246418],[-74.189102000447065,40.642185999942065],[-74.190224999655101,40.641036999837738],[-74.19036600012042,40.640514000019188],[-74.193132000016789,40.639192000233734],[-74.194609999950387,40.637240000176334],[-74.194757000263479,40.637045999867951],[-74.194958000104933,40.636703000047966],[-74.195113999740556,40.636437999880705],[-74.195272999749207,40.63616400027631],[-74.195892000065399,40.635248999960744],[-74.195923000027534,40.635223999779839]]]},"properties":{"OBJECTID":168016,"GEOID":"360850323001","STATE":"36","COUNTY":"085","AREALAND":3867918,"AREAWATER":35248}},{"type":"Feature","id":168022,"geometry":{"type":"Polygon","coordinates":[[[-74.138064000187512,40.627568000001482],[-74.138059000164631,40.627068999995181],[-74.135809999578868,40.625064000303787],[-74.13547400001822,40.625279999843222],[-74.132555999785865,40.622899000029683],[-74.13225799986003,40.62277600027317],[-74.132076000285153,40.622702000260624],[-74.132065000414499,40.623095000337777],[-74.132057999843511,40.623386999924847],[-74.132053999645521,40.623661999695024],[-74.13203899957692,40.623754000126596],[-74.131917000276502,40.624545999875025],[-74.131590000038358,40.625497000255393],[-74.131561999550939,40.625580999917709],[-74.131412999588022,40.626019999762043],[-74.131309999655855,40.626327999913627],[-74.131135999578589,40.626898999843846],[-74.130993000361769,40.627374000224776],[-74.130692000062893,40.628336999816824],[-74.130533000054228,40.628796999870161],[-74.130329999664639,40.629385000322159],[-74.130246999823981,40.629609000009083],[-74.130461000084225,40.630896999818766],[-74.130610999872033,40.630902999897344],[-74.131073999654319,40.631147999805734],[-74.131617999627437,40.630583000179747],[-74.132284999624204,40.630019000003642],[-74.133437000042889,40.629075000325621],[-74.13408700032123,40.629541999734087],[-74.135860999632513,40.628061000036588],[-74.136045999580446,40.628188000274754],[-74.136741999889523,40.628662000190452],[-74.137306999779042,40.628189999927649],[-74.137858000323178,40.627690999796407],[-74.138064000187512,40.627568000001482]]]},"properties":{"OBJECTID":168022,"GEOID":"360850201001","STATE":"36","COUNTY":"085","AREALAND":294055,"AREAWATER":0}},{"type":"Feature","id":168111,"geometry":{"type":"Polygon","coordinates":[[[-74.119574000050676,40.566948000045457],[-74.120240000222523,40.566227999813229],[-74.119480000339351,40.565779000162927],[-74.118760999565708,40.565354999949882],[-74.118040000040594,40.564921999989217],[-74.117213000210242,40.564418000191857],[-74.116362000090447,40.563914999776017],[-74.115500000100013,40.564774999814816],[-74.114930000187613,40.565338000223335],[-74.11433799963558,40.56591699983958],[-74.113761999875422,40.566497000314428],[-74.113196999985888,40.567061000285726],[-74.112622000050621,40.567632999999752],[-74.112054999612951,40.568194999867835],[-74.111482000225848,40.56876299999265],[-74.113540000117581,40.569857999772275],[-74.115710000162281,40.571017000059335],[-74.115859000125198,40.57086499995723],[-74.116266999655892,40.570444000260245],[-74.116814999826985,40.569865000231083],[-74.117024999889267,40.569643999917169],[-74.117362000173159,40.569283000233739],[-74.117917999841836,40.568709999917054],[-74.11848199990645,40.56812800011069],[-74.11903599992533,40.567534000084159],[-74.119574000050676,40.566948000045457]]]},"properties":{"OBJECTID":168111,"GEOID":"360850134002","STATE":"36","COUNTY":"085","AREALAND":285393,"AREAWATER":0}},{"type":"Feature","id":168112,"geometry":{"type":"Polygon","coordinates":[[[-74.13230399989078,40.61243800008058],[-74.132310999563487,40.610258000049534],[-74.132150999729902,40.608551999913928],[-74.132123000140822,40.608274999753256],[-74.130954000003712,40.608327999853131],[-74.12878999980677,40.608486999900542],[-74.127322999743825,40.608661000329597],[-74.127901000052148,40.608893999971208],[-74.128118999612028,40.610595999882385],[-74.12838200027609,40.612642000186938],[-74.129157000227892,40.612579999899559],[-74.130215999861832,40.612536999688466],[-74.130718999827081,40.612557999937771],[-74.131307000181138,40.612518999956656],[-74.13230399989078,40.61243800008058]]]},"properties":{"OBJECTID":168112,"GEOID":"360850187011","STATE":"36","COUNTY":"085","AREALAND":162716,"AREAWATER":0}},{"type":"Feature","id":168113,"geometry":{"type":"Polygon","coordinates":[[[-74.13964500005325,40.617015000221123],[-74.139821999605275,40.616299999867778],[-74.138973999858521,40.616191999985581],[-74.138255999808109,40.616091000322939],[-74.13761800012368,40.616005999968657],[-74.136888000377709,40.615896000272201],[-74.136216000358061,40.615787000065801],[-74.135833999868339,40.617201000156555],[-74.135629999653816,40.617953000012619],[-74.135395000375496,40.618826999712972],[-74.13525499973511,40.619350999925231],[-74.135130999886542,40.619805999720242],[-74.136471999552782,40.620020000001411],[-74.137171000234929,40.620129000120095],[-74.137926999920154,40.6202469999104],[-74.138737000032052,40.620374000006606],[-74.13900200034594,40.619395000141168],[-74.139238000347476,40.618520000059213],[-74.139441999663674,40.617765999801854],[-74.13964500005325,40.617015000221123]]]},"properties":{"OBJECTID":168113,"GEOID":"360850197001","STATE":"36","COUNTY":"085","AREALAND":142540,"AREAWATER":0}},{"type":"Feature","id":169028,"geometry":{"type":"Polygon","coordinates":[[[-74.16096800003362,40.561460000065587],[-74.160778999887739,40.561025999668622],[-74.160735000405126,40.560924999916423],[-74.160455000022651,40.560294999833133],[-74.160151000249044,40.559600000196966],[-74.159984999669376,40.559219999986347],[-74.159849000125249,40.558910000048861],[-74.159644000085819,40.558446000027082],[-74.159541999978572,40.558213999833981],[-74.159203000044869,40.558258000026505],[-74.158573999682915,40.558339999873894],[-74.157623000004023,40.558463000139078],[-74.156704999937077,40.5586719996775],[-74.155820000380416,40.558898999769326],[-74.154929000077658,40.559125999773883],[-74.153923999972093,40.559383999953901],[-74.154228999570591,40.560077999963383],[-74.154446000203905,40.56057500029884],[-74.154524000021709,40.560752999771466],[-74.154589000319035,40.56089100025612],[-74.154828999620221,40.561440999747035],[-74.155133000292167,40.562129999949519],[-74.155302000346552,40.562513000058821],[-74.155432999867799,40.562806999783916],[-74.155731999618567,40.563487000272893],[-74.155851000342551,40.563774000084173],[-74.156750999967826,40.562886999959119],[-74.156846000402396,40.562799999951686],[-74.15695199980928,40.562718999890194],[-74.157103000320348,40.562627000063706],[-74.157268000176785,40.562550000297207],[-74.157412000116821,40.562499000332203],[-74.158258000213749,40.562201999884309],[-74.159157999839024,40.561935999929347],[-74.160056999639394,40.561705999824269],[-74.16096800003362,40.561460000065587]]]},"properties":{"OBJECTID":169028,"GEOID":"360850146081","STATE":"36","COUNTY":"085","AREALAND":208360,"AREAWATER":0}},{"type":"Feature","id":169029,"geometry":{"type":"Polygon","coordinates":[[[-74.159541999978572,40.558213999833981],[-74.159428000175751,40.557949000265381],[-74.159225999611095,40.557481000283445],[-74.158925000210516,40.556832000287322],[-74.158609999667931,40.55613700019002],[-74.158281999604881,40.555443000276838],[-74.157982000029222,40.554757999789253],[-74.157672000407814,40.554057999763067],[-74.156739000272268,40.554183000206962],[-74.155830000426164,40.554272000309822],[-74.154868999803199,40.554502000020037],[-74.153940999690519,40.554725000311208],[-74.153457999816766,40.554851999992032],[-74.152071999944667,40.555216999964003],[-74.152323000014832,40.55578199999826],[-74.152629000336603,40.556473000183381],[-74.15301199975292,40.557330999876903],[-74.153552000426401,40.558546000262446],[-74.153619000373553,40.558695999994164],[-74.153923999972093,40.559383999953901],[-74.154929000077658,40.559125999773883],[-74.155820000380416,40.558898999769326],[-74.156704999937077,40.5586719996775],[-74.157623000004023,40.558463000139078],[-74.158573999682915,40.558339999873894],[-74.159203000044869,40.558258000026505],[-74.159541999978572,40.558213999833981]]]},"properties":{"OBJECTID":169029,"GEOID":"360850146082","STATE":"36","COUNTY":"085","AREALAND":240270,"AREAWATER":0}},{"type":"Feature","id":169030,"geometry":{"type":"Polygon","coordinates":[[[-74.159731000124467,40.52737199974657],[-74.1598829995621,40.527369000181906],[-74.152569999887035,40.518761999884397],[-74.133820000357531,40.525764000109824],[-74.133514999860694,40.525982000203932],[-74.133714999877228,40.526137000090081],[-74.135375000284029,40.527424000145686],[-74.143334000039459,40.533592000317036],[-74.142584000202007,40.534326000077968],[-74.133078000017676,40.543630999934614],[-74.135683000255582,40.546373000165012],[-74.136433000093035,40.546053999852397],[-74.137204999671795,40.545725999744121],[-74.138393999900401,40.545064999940195],[-74.138918999606943,40.544695999717725],[-74.139698999581626,40.544151000175191],[-74.140590999709303,40.54385599969401],[-74.139969999743286,40.543390999722263],[-74.141473999616139,40.542254000204323],[-74.141969999908682,40.542553999966557],[-74.141728999884265,40.539340000118223],[-74.14212300006956,40.539223999791936],[-74.141882000045129,40.538593000184285],[-74.142121000419721,40.538030000155459],[-74.142149000008828,40.537593000339669],[-74.14216900010031,40.537293000206397],[-74.143325999643537,40.536693000006096],[-74.143551999599339,40.53664499997641],[-74.145170000173337,40.535755999866524],[-74.146094999912975,40.535518999996754],[-74.147126999782728,40.535233000103574],[-74.147932999696678,40.534899999954881],[-74.148550000363045,40.534615999871527],[-74.149225999682344,40.534244999706544],[-74.149398000109798,40.534113999707792],[-74.14953299982902,40.534035999711989],[-74.149708999556111,40.533952999931799],[-74.149782000249346,40.533859999965479],[-74.149797000317974,40.533720000007719],[-74.149782000249346,40.533662999999642],[-74.149761000332958,40.533610999662528],[-74.149735000393676,40.53354899983804],[-74.149735000393676,40.533485999737394],[-74.149823000257229,40.533388000069962],[-74.150039999992217,40.533216999735707],[-74.150537000109665,40.532778999704036],[-74.150700000316291,40.532594000029306],[-74.15072600025556,40.532578999959505],[-74.150824000164846,40.53255799985611],[-74.150881000066263,40.532574000163031],[-74.150994999869084,40.532662000076158],[-74.151082999732623,40.532728999823838],[-74.151251999787021,40.532680000137233],[-74.151518999750721,40.532499999991551],[-74.15159400009378,40.532443999862764],[-74.151659000391106,40.532396999755136],[-74.151772000369007,40.532303000123733],[-74.151883999623706,40.532228000098101],[-74.152005999822435,40.532163000326612],[-74.152147000287741,40.532105999676794],[-74.152436999817652,40.532031000113392],[-74.15263400035947,40.531927999838835],[-74.152933999935115,40.531666000084101],[-74.153553000251321,40.531131000170859],[-74.154171999669188,40.530662999848033],[-74.154330999677867,40.530521999775374],[-74.154359000165243,40.530438000157567],[-74.154575000075312,40.530258999718576],[-74.154602999664419,40.530240999689951],[-74.154658999740903,40.530146999765257],[-74.154800000206222,40.530194000085494],[-74.154893999917547,40.530202999765336],[-74.155052999926227,40.530184000136323],[-74.155194000391518,40.530080999753878],[-74.155418999624104,40.529911999718131],[-74.155596999899345,40.52973400019728],[-74.155802999763665,40.529527999939148],[-74.156074999750217,40.529283999967603],[-74.156431000300699,40.528937999984805],[-74.156525000012024,40.528900000004093],[-74.156651000408715,40.528932999916719],[-74.156909000151586,40.528975000340587],[-74.156975000273817,40.528984000184138],[-74.157115999840812,40.528918999997138],[-74.157433999858128,40.528768999797705],[-74.157536999790295,40.52872199984364],[-74.157752999700364,40.528627999836687],[-74.157958999564684,40.528524999793852],[-74.158062000395148,40.528422000275526],[-74.15823099955125,40.528272000329295],[-74.158484000169551,40.528045999821771],[-74.159047000409245,40.527709000290081],[-74.159327999718343,40.527521999658845],[-74.159505999993556,40.527400000229086],[-74.159562000070082,40.527352999997753],[-74.159675000047983,40.527325000178422],[-74.159702999637062,40.527343999935184],[-74.159731000124467,40.52737199974657]]]},"properties":{"OBJECTID":169030,"GEOID":"360850156030","STATE":"36","COUNTY":"085","AREALAND":0,"AREAWATER":2670770}},{"type":"Feature","id":169031,"geometry":{"type":"Polygon","coordinates":[[[-74.147103000391596,40.54101200032796],[-74.146407999907424,40.54022600010375],[-74.144979000377631,40.539200000005373],[-74.143817999738133,40.538366000204746],[-74.14332099962067,40.538005999941163],[-74.142788000416502,40.537620999964979],[-74.14216900010031,40.537293000206397],[-74.142149000008828,40.537593000339669],[-74.142121000419721,40.538030000155459],[-74.141882000045129,40.538593000184285],[-74.14212300006956,40.539223999791936],[-74.141728999884265,40.539340000118223],[-74.141969999908682,40.542553999966557],[-74.141473999616139,40.542254000204323],[-74.139969999743286,40.543390999722263],[-74.140590999709303,40.54385599969401],[-74.139698999581626,40.544151000175191],[-74.138918999606943,40.544695999717725],[-74.138393999900401,40.545064999940195],[-74.137204999671795,40.545725999744121],[-74.136433000093035,40.546053999852397],[-74.135683000255582,40.546373000165012],[-74.137006000378477,40.546968000270276],[-74.137448000244362,40.547305999882461],[-74.138200999556545,40.548035000238563],[-74.138640999772591,40.548475000179813],[-74.139415999724406,40.547897999879183],[-74.139515000356923,40.547831000283963],[-74.140444000294522,40.547132000214376],[-74.140886999985298,40.546803999924585],[-74.141403000369351,40.546418999999183],[-74.142066999993062,40.545920999669114],[-74.142718000096309,40.545434000177615],[-74.143584000284719,40.544734999665231],[-74.143733000247636,40.544629999702252],[-74.143889999708151,40.544505999911031],[-74.144053999739683,40.544355999790675],[-74.1442029997026,40.544196000111199],[-74.14433099974913,40.544034999988256],[-74.144442000077191,40.543868999842076],[-74.14454900020732,40.543690999853311],[-74.144666000383168,40.543533000088324],[-74.144772999614986,40.543409999702135],[-74.144910999707264,40.543273000121687],[-74.145077000286918,40.543134000111458],[-74.145160999952495,40.54307200022506],[-74.145911999614853,40.542423999915997],[-74.147103000391596,40.54101200032796]]]},"properties":{"OBJECTID":169031,"GEOID":"360850156033","STATE":"36","COUNTY":"085","AREALAND":393835,"AREAWATER":0}},{"type":"Feature","id":169032,"geometry":{"type":"Polygon","coordinates":[[[-74.179919000302917,40.536727999835371],[-74.180829999798846,40.535925000183418],[-74.179843999959857,40.535706999662622],[-74.179611000331349,40.535647000102578],[-74.179362999735915,40.535597000314361],[-74.17911099984083,40.535559000013436],[-74.178867000341668,40.53553500027941],[-74.178619999571154,40.535579999859031],[-74.178468000133492,40.535616999961015],[-74.178268999941878,40.535674999858436],[-74.178084999818864,40.535740999821847],[-74.177909999916665,40.53581499982765],[-74.176854999582375,40.536375999685696],[-74.176391999800117,40.536620999948674],[-74.176050000391655,40.536803999772346],[-74.175714999757602,40.536961999706747],[-74.174897999972998,40.537416999696141],[-74.174132000242025,40.537857999908866],[-74.173888999669458,40.537923999769944],[-74.173660000238911,40.537967000171946],[-74.173425999887186,40.537994000172162],[-74.173211999626957,40.538003000169759],[-74.172291999910172,40.538137999989353],[-74.17195600034951,40.538360000011352],[-74.171597000324311,40.538647999810948],[-74.170920000281797,40.539232000173975],[-74.170270999828375,40.539813999976168],[-74.170145000329981,40.539873999900493],[-74.169952999811059,40.539949000242416],[-74.169792999977474,40.539998000074512],[-74.169586000288248,40.54004699987081],[-74.169407000188102,40.540074999835824],[-74.16922600043813,40.540092999953465],[-74.169013000002806,40.540097999871506],[-74.168900000024905,40.540193000291289],[-74.16900999962975,40.540839000119085],[-74.169016000375862,40.540885999766232],[-74.16904300014005,40.540954999696844],[-74.16908800034588,40.541019999813841],[-74.169149000445231,40.541076000284114],[-74.169221000415263,40.541120000133155],[-74.169786000304796,40.541378000062842],[-74.170201000406479,40.541558999666513],[-74.170384999631182,40.541638999972854],[-74.170589999670597,40.541729999872409],[-74.17100999979516,40.54190899970417],[-74.171260999865325,40.542011000244841],[-74.171751000310095,40.542233999808296],[-74.172450999918837,40.542566999684652],[-74.173178000190063,40.542888999774298],[-74.173774000041732,40.543153000164281],[-74.174427999619709,40.543448999715842],[-74.175169000134645,40.543774999922313],[-74.17578300042797,40.544083000184109],[-74.176498000105312,40.544487000241993],[-74.176909000009061,40.543699999768243],[-74.177194000414417,40.542993999735984],[-74.177280999554739,40.542827999740474],[-74.177349000225107,40.54266400017989],[-74.177402999753468,40.542478999810655],[-74.177435000438834,40.542297999962265],[-74.177447999959313,40.542117000307464],[-74.177442000111526,40.541945000314314],[-74.177416999997163,40.541765999896086],[-74.177398999555507,40.541685999741375],[-74.177364000293736,40.54154300013991],[-74.177348000400201,40.541405000053608],[-74.177349000225107,40.541273999718584],[-74.177367999593372,40.541129999815546],[-74.177374000339469,40.540834000256361],[-74.177330999783436,40.54061899966198],[-74.177308000217224,40.540499999842808],[-74.177262000186474,40.540340999943851],[-74.1772350004223,40.540186000142761],[-74.177222999828416,40.540022999696411],[-74.177231000224339,40.539844000286422],[-74.177278000080008,40.539507000011525],[-74.177348000400201,40.539346000223787],[-74.177438999738484,40.539188999901221],[-74.177544000218788,40.539045999748176],[-74.177666000417531,40.538910000255122],[-74.177810000357567,40.538778999819769],[-74.177905999718718,40.538703000075159],[-74.178549000324352,40.538109999897408],[-74.179115999863711,40.537493000216969],[-74.179653999989043,40.536961999706747],[-74.179919000302917,40.536727999835371]]]},"properties":{"OBJECTID":169032,"GEOID":"360850170052","STATE":"36","COUNTY":"085","AREALAND":425378,"AREAWATER":0}},{"type":"Feature","id":169033,"geometry":{"type":"Polygon","coordinates":[[[-74.185253999553879,40.56454900029572],[-74.185201999675357,40.564396000076378],[-74.184645000181732,40.564350000307819],[-74.184379999867886,40.563271000288189],[-74.184312999920735,40.562346999991881],[-74.183685000282011,40.562375000188247],[-74.183426999640844,40.56135600019536],[-74.18319099963928,40.560457000264861],[-74.181542999826377,40.560613000057273],[-74.181276999687611,40.560525000009072],[-74.181173999755444,40.560539000148552],[-74.181088000440027,40.560536999836323],[-74.181004999701031,40.560521000066188],[-74.180930000256282,40.56049299977672],[-74.180408999849362,40.560538000333686],[-74.180423000093086,40.56066400009432],[-74.180577000078856,40.561370999963536],[-74.180722999668731,40.562066000321579],[-74.180868000332012,40.562766999660404],[-74.181012000272048,40.563470999842977],[-74.181121000051988,40.563989000047243],[-74.181162000059857,40.564183000259163],[-74.181311000022788,40.564877000332181],[-74.181394999688365,40.565237999897839],[-74.181581000359543,40.565312999814736],[-74.18178600039893,40.565378999917797],[-74.182003000133918,40.565431000159897],[-74.182203000150452,40.565465000243854],[-74.182397000319213,40.565486000267001],[-74.182603000183548,40.565494999982462],[-74.182819999918507,40.565491000336579],[-74.183076000011553,40.565466999726389],[-74.183282999700779,40.565431999901683],[-74.183403000249697,40.565405000043874],[-74.183712000046199,40.565312999814736],[-74.184004000124247,40.565210000216688],[-74.18427899958553,40.56509700026335],[-74.184544999724324,40.564971999724243],[-74.184774000053181,40.564851000000992],[-74.184995999811022,40.564719999805831],[-74.185253999553879,40.56454900029572]]]},"properties":{"OBJECTID":169033,"GEOID":"360850170072","STATE":"36","COUNTY":"085","AREALAND":146687,"AREAWATER":0}},{"type":"Feature","id":169034,"geometry":{"type":"Polygon","coordinates":[[[-74.174935999607825,40.547841000329704],[-74.175087999943784,40.546714000113646],[-74.174045000203392,40.546129000101033],[-74.173819000247562,40.545981000266956],[-74.173603000337508,40.545863999802286],[-74.173420000039386,40.545782999728445],[-74.172567000269794,40.54559899982025],[-74.170603999914306,40.54513899988622],[-74.168583999657386,40.545350000141333],[-74.168413999778096,40.544699999923395],[-74.167533000419382,40.544912000244487],[-74.166672000253854,40.545115000170973],[-74.165743000316283,40.545398000077448],[-74.166196999877698,40.547110999894336],[-74.166232999862714,40.547343000334216],[-74.166832000087425,40.547779000022203],[-74.166889999813762,40.547846999673808],[-74.166972999654419,40.547970000102993],[-74.167028999730917,40.548086000300714],[-74.167069999738814,40.548205000294793],[-74.167092000378432,40.548318000093488],[-74.16709900005111,40.548448000308568],[-74.167258999884695,40.549166999991371],[-74.167417999893345,40.549881000275718],[-74.167571999879129,40.550574999820064],[-74.168177999776546,40.550496999877915],[-74.169685000022454,40.550303000275406],[-74.172095000266694,40.549988000142314],[-74.17468200006293,40.549661000165905],[-74.174691000283758,40.549307999732996],[-74.174738999964347,40.549056000232845],[-74.174759000055815,40.548951000218089],[-74.174935999607825,40.547841000329704]]]},"properties":{"OBJECTID":169034,"GEOID":"360850170111","STATE":"36","COUNTY":"085","AREALAND":364938,"AREAWATER":0}},{"type":"Feature","id":169035,"geometry":{"type":"Polygon","coordinates":[[[-74.176216000073012,40.544834999899571],[-74.176498000105312,40.544487000241993],[-74.17578300042797,40.544083000184109],[-74.175169000134645,40.543774999922313],[-74.174427999619709,40.543448999715842],[-74.173774000041732,40.543153000164281],[-74.173178000190063,40.542888999774298],[-74.172450999918837,40.542566999684652],[-74.171751000310095,40.542233999808296],[-74.171260999865325,40.542011000244841],[-74.17100999979516,40.54190899970417],[-74.170589999670597,40.541729999872409],[-74.170384999631182,40.541638999972854],[-74.170201000406479,40.541558999666513],[-74.169786000304796,40.541378000062842],[-74.169221000415263,40.541120000133155],[-74.169149000445231,40.541076000284114],[-74.16908800034588,40.541019999813841],[-74.16904300014005,40.540954999696844],[-74.169016000375862,40.540885999766232],[-74.16900999962975,40.540839000119085],[-74.168900000024905,40.540193000291289],[-74.169013000002806,40.540097999871506],[-74.168227000180352,40.540249000087542],[-74.167793999636984,40.540455000154452],[-74.16751199960467,40.540637000316089],[-74.166955000111074,40.541150999962916],[-74.166908000255404,40.541193999658965],[-74.16675500009454,40.541319000222124],[-74.166608999606353,40.541416999894302],[-74.166453999795664,40.541503999699131],[-74.166262000175024,40.541593000269188],[-74.166088999922678,40.541655000159196],[-74.165375000070242,40.542150999944234],[-74.164764999974878,40.5426720001511],[-74.164231000047479,40.543301000103568],[-74.164788000439401,40.543802000312162],[-74.165296000427517,40.544272999825488],[-74.165401000009496,40.544433000003622],[-74.165488999873062,40.544652000169698],[-74.165743000316283,40.545398000077448],[-74.166672000253854,40.545115000170973],[-74.167533000419382,40.544912000244487],[-74.168413999778096,40.544699999923395],[-74.168583999657386,40.545350000141333],[-74.170603999914306,40.54513899988622],[-74.172567000269794,40.54559899982025],[-74.173420000039386,40.545782999728445],[-74.173603000337508,40.545863999802286],[-74.173819000247562,40.545981000266956],[-74.174045000203392,40.546129000101033],[-74.175087999943784,40.546714000113646],[-74.175235000256876,40.546398000138147],[-74.175385000044713,40.546107000118695],[-74.175559999946884,40.545797000220141],[-74.175754000115646,40.545485000172647],[-74.175986999744154,40.545142000020704],[-74.176216000073012,40.544834999899571]]]},"properties":{"OBJECTID":169035,"GEOID":"360850170112","STATE":"36","COUNTY":"085","AREALAND":354458,"AREAWATER":0}},{"type":"Feature","id":169119,"geometry":{"type":"Polygon","coordinates":[[[-74.175771999658991,40.553913000129747],[-74.175632999741836,40.553233999914177],[-74.175333999991082,40.551768999722952],[-74.175176999632257,40.550803999982875],[-74.175020000171727,40.550327000179273],[-74.17468200006293,40.549661000165905],[-74.172095000266694,40.549988000142314],[-74.169685000022454,40.550303000275406],[-74.168177999776546,40.550496999877915],[-74.167571999879129,40.550574999820064],[-74.167617999909893,40.550775999724806],[-74.167735000085756,40.551291000014658],[-74.167767999697716,40.551437999767053],[-74.167865999607017,40.551889999886136],[-74.167894000094407,40.552000999725102],[-74.168052000278152,40.552718000302562],[-74.168103000331797,40.552946000033977],[-74.16820600026395,40.553432000264998],[-74.168366999922426,40.554131000099801],[-74.168524000281252,40.554851999992032],[-74.170622000355962,40.554568999766254],[-74.173044000295775,40.554258000224827],[-74.174780999797136,40.554024000027873],[-74.175771999658991,40.553913000129747]]]},"properties":{"OBJECTID":169119,"GEOID":"360850170122","STATE":"36","COUNTY":"085","AREALAND":300179,"AREAWATER":0}},{"type":"Feature","id":169120,"geometry":{"type":"Polygon","coordinates":[[[-74.180721000018906,40.546672999909354],[-74.180428999940858,40.546531000056824],[-74.179904000234316,40.546268000039397],[-74.178883000235203,40.545756000137118],[-74.178095999689518,40.545354000308002],[-74.177302000369451,40.544928999697007],[-74.176498000105312,40.544487000241993],[-74.176216000073012,40.544834999899571],[-74.175986999744154,40.545142000020704],[-74.175754000115646,40.545485000172647],[-74.175559999946884,40.545797000220141],[-74.175385000044713,40.546107000118695],[-74.175235000256876,40.546398000138147],[-74.175087999943784,40.546714000113646],[-74.174935999607825,40.547841000329704],[-74.174759000055815,40.548951000218089],[-74.174738999964347,40.549056000232845],[-74.174691000283758,40.549307999732996],[-74.17468200006293,40.549661000165905],[-74.175020000171727,40.550327000179273],[-74.175176999632257,40.550803999982875],[-74.175333999991082,40.551768999722952],[-74.175632999741836,40.553233999914177],[-74.175771999658991,40.553913000129747],[-74.175835000306506,40.554244000136855],[-74.175958000330155,40.555114999742081],[-74.176760000046144,40.55340499966217],[-74.177777999672188,40.551439999668581],[-74.17808800019192,40.550856999902983],[-74.17835099995763,40.550365000293944],[-74.178682000393749,40.549601000134615],[-74.178930999915778,40.549284000146478],[-74.179593999714598,40.548066000280954],[-74.180721000018906,40.546672999909354]]]},"properties":{"OBJECTID":169120,"GEOID":"360850170123","STATE":"36","COUNTY":"085","AREALAND":286626,"AREAWATER":0}},{"type":"Feature","id":169121,"geometry":{"type":"Polygon","coordinates":[[[-74.177759000303936,40.519430999720306],[-74.177889999825183,40.519462000024483],[-74.17368899965291,40.510878999720617],[-74.152569999887035,40.518761999884397],[-74.1598829995621,40.527369000181906],[-74.159943999661479,40.527363999996751],[-74.160010999608616,40.527343000307511],[-74.160055999814475,40.52734500024566],[-74.160084000301893,40.52736099974895],[-74.160106999868106,40.527380999805438],[-74.160131000157534,40.527402000165587],[-74.16016799996747,40.527448000053631],[-74.160207000325528,40.52750800012732],[-74.160265000051837,40.527553000318029],[-74.160304000409909,40.527555999874465],[-74.16034100021983,40.527550000078683],[-74.160408999991901,40.527530000072623],[-74.160475000114133,40.527504000260642],[-74.160618000229263,40.527466999775527],[-74.160691999849107,40.527433999823849],[-74.160814999872741,40.527378999868311],[-74.160875000147229,40.527347999811404],[-74.160935000421659,40.527310999922989],[-74.161199000012317,40.527185999853508],[-74.161270999982335,40.527159999908079],[-74.161337999929486,40.527128000118992],[-74.161398000203931,40.527091999740541],[-74.161527000075381,40.527028999714531],[-74.161582000326959,40.527013000131987],[-74.161646999725974,40.527013999764634],[-74.161691999931804,40.527024000186785],[-74.161826999651026,40.527070999966028],[-74.161967000291426,40.52710400009645],[-74.162097999812687,40.527157000333901],[-74.162143999843437,40.527180000024551],[-74.162225999859203,40.527202000077516],[-74.162271999889953,40.527194000307396],[-74.162329999616261,40.52716599973882],[-74.162384999867868,40.527126000174313],[-74.162440999944351,40.527095000000386],[-74.162507000066597,40.527067999705103],[-74.16256499979292,40.527037000187114],[-74.162763000159643,40.526944000181686],[-74.162895000404106,40.5268900001413],[-74.163018000427755,40.52681700015664],[-74.163126000382803,40.526761000058364],[-74.163172000413553,40.526714999698839],[-74.16322699976682,40.526674999865172],[-74.163409000240009,40.526566999990244],[-74.163516000370123,40.526494999976975],[-74.163564000050712,40.526451999723506],[-74.163719999686322,40.526350000075816],[-74.163789000181609,40.526334000331225],[-74.16404399955141,40.52629400027017],[-74.164194000237558,40.526283999739093],[-74.164363000291956,40.526283999739093],[-74.164616000011961,40.526191000054339],[-74.164841000142843,40.52605899968556],[-74.164990999930666,40.525947000224079],[-74.165196999795,40.525740999933255],[-74.165308999947982,40.525638000233187],[-74.165618999569404,40.525534000037403],[-74.165946999632453,40.525375000128626],[-74.166153000395084,40.525271999866163],[-74.166883999965961,40.524806999959239],[-74.167155999952527,40.524624999814833],[-74.167530999871246,40.524400000337536],[-74.167793999636984,40.524250000266385],[-74.168018999767895,40.52415600013267],[-74.16818799982228,40.524080999866065],[-74.168412999953176,40.524015000026331],[-74.168544000372762,40.524006000198327],[-74.168655999627418,40.523977999663572],[-74.168768999605334,40.523883999831206],[-74.168863000214969,40.523800000087427],[-74.16899399973623,40.523630999918147],[-74.169078000300132,40.523555999746947],[-74.169238000133703,40.523462999691191],[-74.169500000074521,40.523340999701404],[-74.169630999595768,40.52325600027136],[-74.169941000115486,40.523124999958569],[-74.170034000001905,40.523087999787371],[-74.170183999789728,40.523049999904003],[-74.17047500004287,40.523058999860375],[-74.170700000173767,40.523153000166793],[-74.170840999740761,40.523302999961516],[-74.1710750000925,40.523490999758266],[-74.17119700029123,40.523472000274914],[-74.171731000218614,40.523340999701404],[-74.172005999679911,40.523263000140133],[-74.172753000042619,40.522878999820939],[-74.173466000070164,40.522431000082449],[-74.17600600001073,40.520688000163581],[-74.176427999785119,40.520340999775733],[-74.176784000335587,40.520003000006945],[-74.177299999821301,40.519581000332025],[-74.177478000096542,40.519384000046841],[-74.177497000363104,40.519338000087501],[-74.177524999952212,40.519290999665941],[-74.177600000295271,40.519281000138655],[-74.177683999960863,40.519356000312861],[-74.177730999816532,40.519394000241611],[-74.177759000303936,40.519430999720306]]]},"properties":{"OBJECTID":169121,"GEOID":"360850176000","STATE":"36","COUNTY":"085","AREALAND":0,"AREAWATER":2109347}},{"type":"Feature","id":169924,"geometry":{"type":"Polygon","coordinates":[[[-74.131907000230754,40.621653999887094],[-74.131804000298587,40.621021000162933],[-74.131696000343553,40.620360999717946],[-74.130800999842847,40.62044200021657],[-74.129883999600807,40.620512000240055],[-74.129065000166378,40.620577999746978],[-74.128177000236676,40.620645000150837],[-74.127160000435524,40.620726999902338],[-74.126488000415875,40.62057500026669],[-74.126375000437974,40.620587000232575],[-74.125683000326845,40.620662999739018],[-74.125611000356827,40.620014999916634],[-74.125514000272446,40.619307999980663],[-74.123391000083402,40.619166999761994],[-74.123575000206415,40.620270999957818],[-74.123735999864891,40.620971000047554],[-74.123997999805709,40.621624999690496],[-74.124023999744992,40.621702000325989],[-74.1242659995943,40.622304000003254],[-74.126184999568864,40.622096999985544],[-74.126418999920588,40.62207999967891],[-74.126476999646925,40.622076000007162],[-74.126880999877955,40.622048000253052],[-74.127333999614493,40.622016000130067],[-74.127399999736738,40.622050000089786],[-74.127505000217027,40.622085000290916],[-74.127612000347156,40.622101999914484],[-74.127722999776921,40.622101999914484],[-74.127810999640474,40.622090000220751],[-74.127902999701973,40.622064000308818],[-74.128003000159396,40.622017999967753],[-74.128075999954348,40.621964999817131],[-74.129240000068577,40.621862000176101],[-74.130409000205688,40.621771000129343],[-74.131517000243406,40.621684000335925],[-74.131907000230754,40.621653999887094]]]},"properties":{"OBJECTID":169924,"GEOID":"360850151002","STATE":"36","COUNTY":"085","AREALAND":131046,"AREAWATER":0}},{"type":"Feature","id":169925,"geometry":{"type":"Polygon","coordinates":[[[-74.131355999686619,40.618294000052231],[-74.131257999777333,40.617578000105141],[-74.131224000340453,40.617265000227235],[-74.131164999890899,40.616822000132991],[-74.131122000233219,40.616461000043579],[-74.131081000225322,40.616098000034384],[-74.130991999638553,40.615362000052471],[-74.127501999843972,40.615656000057896],[-74.124966000101367,40.615855999841727],[-74.124396000188966,40.615900000313921],[-74.123280999580217,40.616003000283079],[-74.123576000031306,40.616679999782782],[-74.123632999932724,40.617441000275882],[-74.123621000237165,40.618058999819482],[-74.123490999642513,40.618501999893603],[-74.125385000401025,40.618608999822008],[-74.126244000018417,40.618643000152105],[-74.127885999983533,40.618516999804676],[-74.131355999686619,40.618294000052231]]]},"properties":{"OBJECTID":169925,"GEOID":"360850151004","STATE":"36","COUNTY":"085","AREALAND":203574,"AREAWATER":0}},{"type":"Feature","id":169926,"geometry":{"type":"Polygon","coordinates":[[[-74.130991999638553,40.615362000052471],[-74.130991999638553,40.615328999776267],[-74.130960999676404,40.615010999812959],[-74.130931000437499,40.614755000072329],[-74.130919999668521,40.614674999867013],[-74.130911000346003,40.614582999887482],[-74.130849000421733,40.613954000147082],[-74.130779000101526,40.613263999995979],[-74.130736000443832,40.612796999971643],[-74.130718999827081,40.612557999937771],[-74.130215999861832,40.612536999688466],[-74.129157000227892,40.612579999899559],[-74.12838200027609,40.612642000186938],[-74.127805999617593,40.612686000047958],[-74.127111999856638,40.612749999670129],[-74.126870999832221,40.61276800002166],[-74.124767999734644,40.612944000324013],[-74.124636000388477,40.612952999792334],[-74.124074999798594,40.612987999986217],[-74.122556999682033,40.613075999905597],[-74.122647000093721,40.614630999951871],[-74.122924999928074,40.615313999831329],[-74.123280999580217,40.616003000283079],[-74.124396000188966,40.615900000313921],[-74.124966000101367,40.615855999841727],[-74.127501999843972,40.615656000057896],[-74.130991999638553,40.615362000052471]]]},"properties":{"OBJECTID":169926,"GEOID":"360850151005","STATE":"36","COUNTY":"085","AREALAND":222672,"AREAWATER":0}},{"type":"Feature","id":170009,"geometry":{"type":"Polygon","coordinates":[[[-74.139670000167627,40.535086999797194],[-74.140292999783469,40.533277000106338],[-74.137984999646477,40.530778999975965],[-74.137245999679692,40.529751000087536],[-74.137131000051951,40.529791000133656],[-74.135401000223283,40.53040700015012],[-74.133837000075971,40.531723999987818],[-74.127336999987548,40.538594000326846],[-74.12374799956045,40.542517000282409],[-74.122760999896542,40.543596000298542],[-74.120928000135692,40.544355999790675],[-74.119077999758119,40.544597000011422],[-74.117916000192025,40.545991999938416],[-74.116290000120415,40.54711699998645],[-74.115260999725393,40.547515000118025],[-74.114392000062267,40.548035000238563],[-74.113015000411011,40.547477999761298],[-74.112957999611282,40.547455000211841],[-74.112898000235162,40.547429999950694],[-74.112812000021435,40.547396000263085],[-74.112726999632613,40.54736099986399],[-74.11432099991714,40.549084999830825],[-74.114545000223146,40.549252000001879],[-74.114561000116666,40.549263999801944],[-74.114663000223914,40.549339999850893],[-74.114982999891069,40.549578999927668],[-74.11602399998165,40.549361000154569],[-74.118106999987731,40.550631999772833],[-74.118629000219556,40.55133999974047],[-74.118051999736139,40.552008000003944],[-74.119400999798302,40.552182999911444],[-74.119464000445817,40.55222500009419],[-74.119528000019926,40.552267000250644],[-74.123801000162217,40.555085000129047],[-74.124020000445341,40.555230999848526],[-74.125726999809459,40.556328000319972],[-74.127301000002532,40.557295000029626],[-74.127829999907036,40.556802000078591],[-74.128116999962216,40.556534999949129],[-74.128956000386438,40.555777999771983],[-74.129787000414751,40.555014999842044],[-74.130459000434385,40.554416999848243],[-74.131117000210338,40.553953000083496],[-74.131785000032025,40.553486000072922],[-74.132452999853697,40.55293999978155],[-74.133184000322885,40.552344000241476],[-74.1345579996011,40.55125500033256],[-74.136089000136451,40.550423999674756],[-74.137371000251463,40.549577999949115],[-74.138640999772591,40.548475000179813],[-74.138200999556545,40.548035000238563],[-74.137448000244362,40.547305999882461],[-74.137006000378477,40.546968000270276],[-74.135683000255582,40.546373000165012],[-74.132199000308788,40.546225000187491],[-74.129466999849299,40.545378999978865],[-74.127540000377124,40.542649000316572],[-74.127459000186278,40.542533000259027],[-74.128378999903035,40.540372000134113],[-74.134141999674483,40.535259000330484],[-74.135898000340731,40.535203999969859],[-74.139670000167627,40.535086999797194]]]},"properties":{"OBJECTID":170009,"GEOID":"360850154001","STATE":"36","COUNTY":"085","AREALAND":2220712,"AREAWATER":54209}},{"type":"Feature","id":170010,"geometry":{"type":"Polygon","coordinates":[[[-74.158865999760977,40.546255999702552],[-74.158801000361962,40.545965999781252],[-74.157359000413393,40.544492999886543],[-74.15578799969505,40.54290799989657],[-74.155073000017694,40.543319000036973],[-74.154349999944429,40.543733999966825],[-74.153631999894046,40.544146999936672],[-74.152917000216689,40.544560000090549],[-74.152201999641008,40.544971999698333],[-74.151425999864287,40.545405999722171],[-74.151628000428971,40.545753000030182],[-74.150646999714539,40.546090000282589],[-74.14992199999142,40.544863999960079],[-74.148720000242363,40.545273000299943],[-74.148936999977352,40.545672999858958],[-74.149424999873972,40.546563000136402],[-74.14995299995357,40.547452000181011],[-74.15043099980447,40.548195000303451],[-74.150629999996099,40.54911500008437],[-74.15074200014908,40.549568000162793],[-74.150839000233461,40.54996300014416],[-74.150907999830437,40.549856000237561],[-74.150988000196378,40.549761999846879],[-74.151086000105664,40.54967399986981],[-74.151215999802005,40.549584999798668],[-74.151343000023616,40.549520999781791],[-74.15146900042032,40.549473000070279],[-74.151589000070913,40.549439000054718],[-74.151741000406872,40.549410999908481],[-74.151780999691539,40.549406999984129],[-74.151885000346923,40.549403000059591],[-74.152656000100777,40.54937399991671],[-74.153370999778119,40.549241000183251],[-74.153558000274174,40.549172999899284],[-74.154199000331701,40.548875999716735],[-74.154329000028042,40.548811999704867],[-74.154645000395519,40.548674000260355],[-74.154904999788215,40.548542999807381],[-74.155139999964845,40.548411999780711],[-74.155365000095756,40.548272000198459],[-74.155589000401733,40.54811700031955],[-74.155822000030241,40.547937000010023],[-74.156054999658735,40.547733999763054],[-74.15618000023052,40.547645999851483],[-74.156330000018357,40.547552999780521],[-74.156557999623985,40.547432999982504],[-74.157068000160237,40.547198999826264],[-74.158865999760977,40.546255999702552]]]},"properties":{"OBJECTID":170010,"GEOID":"360850156011","STATE":"36","COUNTY":"085","AREALAND":331789,"AREAWATER":0}},{"type":"Feature","id":170011,"geometry":{"type":"Polygon","coordinates":[[[-74.155073000017694,40.543319000036973],[-74.15578799969505,40.54290799989657],[-74.154540999740149,40.541635000267043],[-74.154048999645539,40.54112899971085],[-74.153396999717387,40.54048000028844],[-74.15292999973714,40.540801000060725],[-74.151539999667108,40.541876000038123],[-74.149838000325843,40.543217000122802],[-74.1491520000625,40.542767000333754],[-74.148460999776262,40.542320999917315],[-74.14746499989154,40.543497000331648],[-74.148011000412794,40.544114000007887],[-74.148162000025536,40.544326000135889],[-74.148484000240828,40.544834999899571],[-74.148720000242363,40.545273000299943],[-74.14992199999142,40.544863999960079],[-74.150646999714539,40.546090000282589],[-74.151628000428971,40.545753000030182],[-74.151425999864287,40.545405999722171],[-74.152201999641008,40.544971999698333],[-74.152917000216689,40.544560000090549],[-74.153631999894046,40.544146999936672],[-74.154349999944429,40.543733999966825],[-74.155073000017694,40.543319000036973]]]},"properties":{"OBJECTID":170011,"GEOID":"360850156012","STATE":"36","COUNTY":"085","AREALAND":197936,"AREAWATER":0}},{"type":"Feature","id":170012,"geometry":{"type":"Polygon","coordinates":[[[-74.15292999973714,40.540801000060725],[-74.153396999717387,40.54048000028844],[-74.151789999912367,40.538842999861231],[-74.151390999704191,40.538479000218501],[-74.150009999854987,40.537701000195327],[-74.149590999555329,40.538067000269841],[-74.149358999751726,40.538326999962408],[-74.149024000015984,40.538714999717158],[-74.148543999616962,40.539288000090927],[-74.148142999758974,40.539774999894099],[-74.147894000236931,40.540066000116518],[-74.147103000391596,40.54101200032796],[-74.145911999614853,40.542423999915997],[-74.146811000313548,40.543003999821281],[-74.147293000362396,40.54335900017508],[-74.14746499989154,40.543497000331648],[-74.148460999776262,40.542320999917315],[-74.1491520000625,40.542767000333754],[-74.149838000325843,40.543217000122802],[-74.151539999667108,40.541876000038123],[-74.15292999973714,40.540801000060725]]]},"properties":{"OBJECTID":170012,"GEOID":"360850156013","STATE":"36","COUNTY":"085","AREALAND":202213,"AREAWATER":0}},{"type":"Feature","id":170013,"geometry":{"type":"Polygon","coordinates":[[[-74.156270999568804,40.538835000115384],[-74.156991999992243,40.538422000162896],[-74.156015000374083,40.5374309998884],[-74.154611000060328,40.536624999953901],[-74.155322000438034,40.535928000047861],[-74.155933000358317,40.535354000102345],[-74.153975000025696,40.534267999695523],[-74.153642999764699,40.534556000017183],[-74.153339999815984,40.534833000329769],[-74.153149000020264,40.534996999945555],[-74.152621999765586,40.535459000268354],[-74.152055000226241,40.535947000096378],[-74.151584999872966,40.536351000068244],[-74.151409000145847,40.536503000028581],[-74.151062999641127,40.536802000116488],[-74.150702999791022,40.537105999694028],[-74.150510000345491,40.537263000119196],[-74.150497999751607,40.537272999694665],[-74.150009999854987,40.537701000195327],[-74.151390999704191,40.538479000218501],[-74.151789999912367,40.538842999861231],[-74.153396999717387,40.54048000028844],[-74.15375499991768,40.540275999850735],[-74.154120999615571,40.540069999916064],[-74.154833999643103,40.539657000067706],[-74.155551999693515,40.539247000119751],[-74.156270999568804,40.538835000115384]]]},"properties":{"OBJECTID":170013,"GEOID":"360850156014","STATE":"36","COUNTY":"085","AREALAND":199847,"AREAWATER":0}},{"type":"Feature","id":170014,"geometry":{"type":"Polygon","coordinates":[[[-74.160122999761626,40.540401000078852],[-74.161024000110132,40.539898000128282],[-74.159557000047201,40.538334000305134],[-74.159141000120584,40.537899000047403],[-74.158520000154567,40.53723699998725],[-74.158346000077287,40.537030000099627],[-74.15815199990854,40.536823000255161],[-74.157935000173552,40.536618000115261],[-74.157741000004791,40.536453000196495],[-74.157536999790295,40.536294000250237],[-74.157267000351851,40.536106999680349],[-74.157043000045874,40.535967000321278],[-74.155933000358317,40.535354000102345],[-74.155322000438034,40.535928000047861],[-74.154611000060328,40.536624999953901],[-74.156015000374083,40.5374309998884],[-74.156991999992243,40.538422000162896],[-74.156270999568804,40.538835000115384],[-74.155551999693515,40.539247000119751],[-74.154833999643103,40.539657000067706],[-74.154120999615571,40.540069999916064],[-74.15375499991768,40.540275999850735],[-74.153396999717387,40.54048000028844],[-74.154048999645539,40.54112899971085],[-74.154540999740149,40.541635000267043],[-74.15578799969505,40.54290799989657],[-74.15650999994341,40.542493000310323],[-74.157228999818713,40.542081999880288],[-74.157950000242167,40.541666999955154],[-74.158660999721562,40.541246000254738],[-74.15938100032011,40.540834000256361],[-74.160122999761626,40.540401000078852]]]},"properties":{"OBJECTID":170014,"GEOID":"360850156015","STATE":"36","COUNTY":"085","AREALAND":244433,"AREAWATER":0}},{"type":"Feature","id":170015,"geometry":{"type":"Polygon","coordinates":[[[-74.164231000047479,40.543301000103568],[-74.163593000363022,40.542641999742074],[-74.162527000158065,40.541503000282646],[-74.161024000110132,40.539898000128282],[-74.160122999761626,40.540401000078852],[-74.15938100032011,40.540834000256361],[-74.158660999721562,40.541246000254738],[-74.157950000242167,40.541666999955154],[-74.157228999818713,40.542081999880288],[-74.15650999994341,40.542493000310323],[-74.15578799969505,40.54290799989657],[-74.157359000413393,40.544492999886543],[-74.158801000361962,40.545965999781252],[-74.158865999760977,40.546255999702552],[-74.159295000106368,40.546022000212247],[-74.159726999926505,40.545775000128749],[-74.163445000225025,40.543769000213445],[-74.164231000047479,40.543301000103568]]]},"properties":{"OBJECTID":170015,"GEOID":"360850156016","STATE":"36","COUNTY":"085","AREALAND":253736,"AREAWATER":0}},{"type":"Feature","id":170016,"geometry":{"type":"Polygon","coordinates":[[[-74.161515000379808,40.534281999863055],[-74.162303999677007,40.533880999660823],[-74.161491000090365,40.533170999711068],[-74.160923999652709,40.532672999886444],[-74.160306000059734,40.532140999853958],[-74.159668000375262,40.531583999663731],[-74.159085000044101,40.531067000272962],[-74.158510999933725,40.530565999728182],[-74.158150000258729,40.530685000123157],[-74.157844999761878,40.530806000141723],[-74.157587000019006,40.530925000110543],[-74.157320000055321,40.531064999763103],[-74.157047000243836,40.53122800015565],[-74.156806000219419,40.5313929999691],[-74.156577999715481,40.531569000050617],[-74.15640000033855,40.531722999742712],[-74.156213999667401,40.531901999684848],[-74.156020000396964,40.532114999782614],[-74.155530999777113,40.532630999732028],[-74.15502899963677,40.53316100020615],[-74.154497000257521,40.533721000223032],[-74.153975000025696,40.534267999695523],[-74.155933000358317,40.535354000102345],[-74.157043000045874,40.535967000321278],[-74.157267000351851,40.536106999680349],[-74.157536999790295,40.536294000250237],[-74.157741000004791,40.536453000196495],[-74.157935000173552,40.536618000115261],[-74.15815199990854,40.536823000255161],[-74.158346000077287,40.537030000099627],[-74.158520000154567,40.53723699998725],[-74.159110999983341,40.536552000333046],[-74.159675999872874,40.535918999771461],[-74.160256999655928,40.535266999820593],[-74.160855000055719,40.534713999791087],[-74.161515000379808,40.534281999863055]]]},"properties":{"OBJECTID":170016,"GEOID":"360850156022","STATE":"36","COUNTY":"085","AREALAND":258375,"AREAWATER":0}},{"type":"Feature","id":170017,"geometry":{"type":"Polygon","coordinates":[[[-74.169013000002806,40.540097999871506],[-74.168729000320667,40.539525999727751],[-74.168293000302583,40.538930999733033],[-74.1674499996804,40.539260999929581],[-74.166861000399749,40.539484999902228],[-74.166776999835847,40.539414999692539],[-74.166673999903693,40.539348999935001],[-74.166612999804315,40.539317999954029],[-74.166488000130826,40.539258999664362],[-74.166346999665535,40.539172999808564],[-74.166231000212889,40.539077999990333],[-74.166149000197123,40.538994000175414],[-74.166120999709719,40.538960000301635],[-74.165662000125408,40.538332000012247],[-74.165190999947228,40.537680000331854],[-74.164723999966981,40.537031999748734],[-74.16426500038267,40.536410999680569],[-74.163778000310955,40.535736999763841],[-74.163309999607492,40.535099000086916],[-74.162861000068929,40.534473999719758],[-74.162303999677007,40.533880999660823],[-74.161515000379808,40.534281999863055],[-74.160855000055719,40.534713999791087],[-74.160256999655928,40.535266999820593],[-74.161795999688891,40.536948000099216],[-74.162271999889953,40.53746999996963],[-74.16280099979447,40.538048000139881],[-74.163357000361472,40.538656999720736],[-74.163916000403205,40.539269000307257],[-74.164450000330604,40.539850999787951],[-74.164997999603386,40.540446999918423],[-74.165555999820214,40.541061000065191],[-74.166088999922678,40.541655000159196],[-74.166262000175024,40.541593000269188],[-74.166453999795664,40.541503999699131],[-74.166608999606353,40.541416999894302],[-74.16675500009454,40.541319000222124],[-74.166908000255404,40.541193999658965],[-74.166955000111074,40.541150999962916],[-74.16751199960467,40.540637000316089],[-74.167793999636984,40.540455000154452],[-74.168227000180352,40.540249000087542],[-74.169013000002806,40.540097999871506]]]},"properties":{"OBJECTID":170017,"GEOID":"360850156023","STATE":"36","COUNTY":"085","AREALAND":192868,"AREAWATER":0}},{"type":"Feature","id":170018,"geometry":{"type":"Polygon","coordinates":[[[-74.168293000302583,40.538930999733033],[-74.167864999782097,40.538325999815868],[-74.167453999878362,40.537718000112513],[-74.166979000400516,40.537117000140206],[-74.166560000100858,40.536525999925168],[-74.166120999709719,40.535922999818602],[-74.165714000003945,40.535308000179342],[-74.165264999567057,40.534747999771469],[-74.164857999861283,40.534104999870465],[-74.164414000345587,40.533503000041279],[-74.163947000365354,40.53293400025612],[-74.163503999776253,40.532318000255373],[-74.163077999803917,40.53171799988236],[-74.162630999915152,40.531126999837689],[-74.162194000072148,40.530524000301426],[-74.161753000031183,40.529931000107005],[-74.16134899980014,40.52937399998217],[-74.158510999933725,40.530565999728182],[-74.159085000044101,40.531067000272962],[-74.159668000375262,40.531583999663731],[-74.160306000059734,40.532140999853958],[-74.160923999652709,40.532672999886444],[-74.161491000090365,40.533170999711068],[-74.162303999677007,40.533880999660823],[-74.162861000068929,40.534473999719758],[-74.163309999607492,40.535099000086916],[-74.163778000310955,40.535736999763841],[-74.16426500038267,40.536410999680569],[-74.164723999966981,40.537031999748734],[-74.165190999947228,40.537680000331854],[-74.165662000125408,40.538332000012247],[-74.166120999709719,40.538960000301635],[-74.166149000197123,40.538994000175414],[-74.166231000212889,40.539077999990333],[-74.166346999665535,40.539172999808564],[-74.166488000130826,40.539258999664362],[-74.166612999804315,40.539317999954029],[-74.166673999903693,40.539348999935001],[-74.166776999835847,40.539414999692539],[-74.166861000399749,40.539484999902228],[-74.1674499996804,40.539260999929581],[-74.168293000302583,40.538930999733033]]]},"properties":{"OBJECTID":170018,"GEOID":"360850156024","STATE":"36","COUNTY":"085","AREALAND":227345,"AREAWATER":0}},{"type":"Feature","id":170019,"geometry":{"type":"Polygon","coordinates":[[[-74.16134899980014,40.52937399998217],[-74.16085900025368,40.528718000049416],[-74.160424999885421,40.528118999833403],[-74.160058000362611,40.527635000208541],[-74.159973999798709,40.527493000284629],[-74.1598829995621,40.527369000181906],[-74.159731000124467,40.52737199974657],[-74.159702999637062,40.527343999935184],[-74.159675000047983,40.527325000178422],[-74.159562000070082,40.527352999997753],[-74.159505999993556,40.527400000229086],[-74.159327999718343,40.527521999658845],[-74.159047000409245,40.527709000290081],[-74.158484000169551,40.528045999821771],[-74.15823099955125,40.528272000329295],[-74.158062000395148,40.528422000275526],[-74.157958999564684,40.528524999793852],[-74.157752999700364,40.528627999836687],[-74.157536999790295,40.52872199984364],[-74.157433999858128,40.528768999797705],[-74.157115999840812,40.528918999997138],[-74.156975000273817,40.528984000184138],[-74.156909000151586,40.528975000340587],[-74.156651000408715,40.528932999916719],[-74.156525000012024,40.528900000004093],[-74.156431000300699,40.528937999984805],[-74.156074999750217,40.529283999967603],[-74.155802999763665,40.529527999939148],[-74.155596999899345,40.52973400019728],[-74.155418999624104,40.529911999718131],[-74.155194000391518,40.530080999753878],[-74.155052999926227,40.530184000136323],[-74.154893999917547,40.530202999765336],[-74.154800000206222,40.530194000085494],[-74.154658999740903,40.530146999765257],[-74.154602999664419,40.530240999689951],[-74.154575000075312,40.530258999718576],[-74.154359000165243,40.530438000157567],[-74.154330999677867,40.530521999775374],[-74.154171999669188,40.530662999848033],[-74.153553000251321,40.531131000170859],[-74.152933999935115,40.531666000084101],[-74.15263400035947,40.531927999838835],[-74.152436999817652,40.532031000113392],[-74.152147000287741,40.532105999676794],[-74.152005999822435,40.532163000326612],[-74.151883999623706,40.532228000098101],[-74.151772000369007,40.532303000123733],[-74.151659000391106,40.532396999755136],[-74.15159400009378,40.532443999862764],[-74.151518999750721,40.532499999991551],[-74.151251999787021,40.532680000137233],[-74.151082999732623,40.532728999823838],[-74.150994999869084,40.532662000076158],[-74.150881000066263,40.532574000163031],[-74.150824000164846,40.53255799985611],[-74.15072600025556,40.532578999959505],[-74.150700000316291,40.532594000029306],[-74.150537000109665,40.532778999704036],[-74.150039999992217,40.533216999735707],[-74.149823000257229,40.533388000069962],[-74.149735000393676,40.533485999737394],[-74.149735000393676,40.53354899983804],[-74.149761000332958,40.533610999662528],[-74.149782000249346,40.533662999999642],[-74.149797000317974,40.533720000007719],[-74.149782000249346,40.533859999965479],[-74.150183000107347,40.534042999820329],[-74.150465000139647,40.534195000237581],[-74.152621999765586,40.535459000268354],[-74.153149000020264,40.534996999945555],[-74.153339999815984,40.534833000329769],[-74.153642999764699,40.534556000017183],[-74.153975000025696,40.534267999695523],[-74.154497000257521,40.533721000223032],[-74.15502899963677,40.53316100020615],[-74.155530999777113,40.532630999732028],[-74.156020000396964,40.532114999782614],[-74.156213999667401,40.531901999684848],[-74.15640000033855,40.531722999742712],[-74.156577999715481,40.531569000050617],[-74.156806000219419,40.5313929999691],[-74.157047000243836,40.53122800015565],[-74.157320000055321,40.531064999763103],[-74.157587000019006,40.530925000110543],[-74.157844999761878,40.530806000141723],[-74.158150000258729,40.530685000123157],[-74.158510999933725,40.530565999728182],[-74.16134899980014,40.52937399998217]]]},"properties":{"OBJECTID":170019,"GEOID":"360850156031","STATE":"36","COUNTY":"085","AREALAND":267984,"AREAWATER":0}},{"type":"Feature","id":170020,"geometry":{"type":"Polygon","coordinates":[[[-74.084962000188455,40.62462500031193],[-74.085250000068527,40.622800999659979],[-74.083824000013479,40.623252000218379],[-74.08277299987715,40.623587999982284],[-74.081188999638343,40.624091000321187],[-74.080323000348258,40.624365999920073],[-74.079970000170832,40.624483000184647],[-74.079435000418542,40.625071999970942],[-74.078165999824009,40.626466000118491],[-74.077624000399013,40.626492999873207],[-74.075646999799829,40.626663999884599],[-74.075943000075839,40.6271660000561],[-74.076379999918842,40.627137999708587],[-74.077518000093818,40.627743000001857],[-74.079724999948454,40.628951000196821],[-74.080379000424756,40.628261999663351],[-74.080447000196827,40.628222999986612],[-74.080513000319044,40.628146000050947],[-74.080569000395556,40.628073000021111],[-74.080586000113982,40.628015999904967],[-74.080591999961783,40.627922000229155],[-74.08061299987817,40.627819000229358],[-74.080626000296959,40.62773700032114],[-74.080644999665211,40.627675999900077],[-74.080684000023282,40.62756399997663],[-74.080725000031151,40.627493999843878],[-74.08078699995545,40.627434000061314],[-74.080831000336374,40.627408000184211],[-74.080924000222794,40.627364999971981],[-74.081016000284279,40.627343000106343],[-74.081139000307957,40.627325999771358],[-74.081371999936451,40.627332000170796],[-74.081530999945116,40.627339000068019],[-74.081694999976634,40.627366000151603],[-74.081876999551511,40.627402999970677],[-74.082057000374888,40.627436999915346],[-74.082206000337791,40.627474999873122],[-74.082335000209241,40.627473000198819],[-74.082573999685522,40.627440999947801],[-74.083033000168143,40.627371999865701],[-74.083394999668087,40.627119999819854],[-74.083762000089209,40.626775999953843],[-74.084153999726368,40.626267000251012],[-74.084962000188455,40.62462500031193]]]},"properties":{"OBJECTID":170020,"GEOID":"360850021003","STATE":"36","COUNTY":"085","AREALAND":235906,"AREAWATER":0}},{"type":"Feature","id":170133,"geometry":{"type":"Polygon","coordinates":[[[-74.155513000233739,40.628637999749145],[-74.155761999755782,40.625908999990102],[-74.154898000115523,40.625789000250251],[-74.154519999823748,40.625738000090983],[-74.153133999951649,40.625596999808991],[-74.152872000010845,40.627362000114665],[-74.152719999674886,40.628390999847937],[-74.15266699997143,40.628758999982892],[-74.152611999719838,40.629134999997412],[-74.152214000234892,40.631842999871523],[-74.151948999921018,40.633636999842892],[-74.15186000023256,40.63417899979693],[-74.153267999845951,40.634173000012723],[-74.153830000260754,40.634143999798219],[-74.155036000207787,40.634083999855079],[-74.155067000169922,40.633756999796866],[-74.155215000307919,40.632079000122161],[-74.155281000430165,40.631302000164609],[-74.155314000042125,40.630918999877061],[-74.155314999867045,40.630906000277321],[-74.155323000262953,40.630820000239346],[-74.155510999685617,40.628662999668919],[-74.155513000233739,40.628637999749145]]]},"properties":{"OBJECTID":170133,"GEOID":"360850231003","STATE":"36","COUNTY":"085","AREALAND":229805,"AREAWATER":0}},{"type":"Feature","id":170135,"geometry":{"type":"Polygon","coordinates":[[[-74.145565000183552,40.635459000292613],[-74.145631000305784,40.635245999775918],[-74.14480100010239,40.635580999812014],[-74.143812999715252,40.63605200027348],[-74.143253999673519,40.636322000155594],[-74.139681000038266,40.637948999843076],[-74.139772000274874,40.637697000175052],[-74.140034000215692,40.636955000059622],[-74.138208000127548,40.636833000324224],[-74.137294000258578,40.636811000169452],[-74.136942999730962,40.638580999987305],[-74.136904000271244,40.638745999664536],[-74.136710000102468,40.639561000144063],[-74.136664999896624,40.640224000311406],[-74.136372999818576,40.640231000220474],[-74.13638600023738,40.6403230003204],[-74.136498000390361,40.641169999772821],[-74.13651199973576,40.641463000047814],[-74.136520000131668,40.641750999897631],[-74.137679000223045,40.641565000165137],[-74.137639999864973,40.640965000244144],[-74.13887400029941,40.640741999779202],[-74.13970799980244,40.640675999749355],[-74.140564999770021,40.640559999889973],[-74.140902000053913,40.640511000070973],[-74.141225999919016,40.640449999731324],[-74.141190999758919,40.640110000325777],[-74.141488999684753,40.640068000102609],[-74.141513999799116,40.640401999815985],[-74.142328000108975,40.640307999853398],[-74.142312000215441,40.639656999786382],[-74.142573000331353,40.639526000240146],[-74.142922000310818,40.639595000033182],[-74.143086000342336,40.639783999782765],[-74.143600000178225,40.638513999853224],[-74.14393699956382,40.638347000253951],[-74.144782999660748,40.637952999927528],[-74.144961999760881,40.637383999822866],[-74.145565000183552,40.635459000292613]]]},"properties":{"OBJECTID":170135,"GEOID":"360850207011","STATE":"36","COUNTY":"085","AREALAND":263367,"AREAWATER":0}},{"type":"Feature","id":170136,"geometry":{"type":"Polygon","coordinates":[[[-74.140266000019281,40.636279000229784],[-74.14067100007523,40.635150999988873],[-74.139705000327723,40.635046000102811],[-74.139593999999647,40.635043999973547],[-74.138281999747392,40.635014000072246],[-74.137268000319295,40.634993000065158],[-74.137183999755393,40.634983000091935],[-74.136408999803592,40.634895999784426],[-74.136351999902189,40.635233000336903],[-74.136151000060735,40.63542499966043],[-74.136124000296562,40.636067999701091],[-74.136094999984238,40.636781999737373],[-74.137294000258578,40.636811000169452],[-74.138208000127548,40.636833000324224],[-74.140034000215692,40.636955000059622],[-74.140266000019281,40.636279000229784]]]},"properties":{"OBJECTID":170136,"GEOID":"360850207012","STATE":"36","COUNTY":"085","AREALAND":72499,"AREAWATER":0}},{"type":"Feature","id":170137,"geometry":{"type":"Polygon","coordinates":[[[-74.136942999730962,40.638580999987305],[-74.137294000258578,40.636811000169452],[-74.136094999984238,40.636781999737373],[-74.135133000434678,40.636760000247484],[-74.134631000294334,40.638195999836178],[-74.134313000277032,40.638875000045267],[-74.133651000303118,40.640303999910053],[-74.134488000179203,40.640286000162071],[-74.135130999886542,40.64026399978188],[-74.136372999818576,40.640231000220474],[-74.136664999896624,40.640224000311406],[-74.136710000102468,40.639561000144063],[-74.136904000271244,40.638745999664536],[-74.136942999730962,40.638580999987305]]]},"properties":{"OBJECTID":170137,"GEOID":"360850207013","STATE":"36","COUNTY":"085","AREALAND":81901,"AREAWATER":0}},{"type":"Feature","id":170138,"geometry":{"type":"Polygon","coordinates":[[[-74.136351999902189,40.635233000336903],[-74.136408999803592,40.634895999784426],[-74.135554000384161,40.634800000112719],[-74.135213999727213,40.635344999668511],[-74.134233999735997,40.63484200024174],[-74.133098000109172,40.634253000045504],[-74.131631000046227,40.63348699976757],[-74.130940999584922,40.633139000285702],[-74.131581999642421,40.631993999660033],[-74.130470000305053,40.631675999947049],[-74.130165999633107,40.63237099997108],[-74.129445999932912,40.633659999765584],[-74.129000999693986,40.634334000057699],[-74.130180999701722,40.634486999812673],[-74.130867999789999,40.63472699985816],[-74.130686000215121,40.635508999787326],[-74.131907000230754,40.636039000309687],[-74.13299699982683,40.636510000266881],[-74.134092000344083,40.636983999734838],[-74.134282000314897,40.63673499995069],[-74.135133000434678,40.636760000247484],[-74.136094999984238,40.636781999737373],[-74.136124000296562,40.636067999701091],[-74.136151000060735,40.63542499966043],[-74.136351999902189,40.635233000336903]]]},"properties":{"OBJECTID":170138,"GEOID":"360850207023","STATE":"36","COUNTY":"085","AREALAND":141146,"AREAWATER":0}},{"type":"Feature","id":170139,"geometry":{"type":"Polygon","coordinates":[[[-74.136520000131668,40.641750999897631],[-74.13651199973576,40.641463000047814],[-74.136498000390361,40.641169999772821],[-74.13638600023738,40.6403230003204],[-74.136372999818576,40.640231000220474],[-74.135130999886542,40.64026399978188],[-74.134488000179203,40.640286000162071],[-74.133651000303118,40.640303999910053],[-74.134313000277032,40.638875000045267],[-74.134631000294334,40.638195999836178],[-74.135133000434678,40.636760000247484],[-74.134282000314897,40.63673499995069],[-74.134092000344083,40.636983999734838],[-74.13299699982683,40.636510000266881],[-74.131907000230754,40.636039000309687],[-74.13145199994608,40.636654000124587],[-74.1309959998365,40.637273999884187],[-74.130497000069226,40.637940999673496],[-74.130008000347686,40.638565999810538],[-74.129285000274407,40.638840999789487],[-74.129522999925797,40.639181000205078],[-74.127682999593944,40.639278999714691],[-74.127014999772257,40.639318999751417],[-74.126962000068801,40.640181000172262],[-74.127469000232011,40.640158999757467],[-74.127465999858956,40.639877999801577],[-74.127814999838435,40.639910000227374],[-74.127860000044265,40.640717000291957],[-74.128578000094663,40.641284999964292],[-74.129250000114311,40.641272000337857],[-74.12984599996598,40.641488999905413],[-74.13081900028449,40.641200000316033],[-74.131282000066761,40.641681000323004],[-74.132441999983058,40.641834000281669],[-74.132713999969624,40.641552999878748],[-74.134052000161105,40.641976000321556],[-74.134413999661064,40.642090999806079],[-74.136520000131668,40.641750999897631]]]},"properties":{"OBJECTID":170139,"GEOID":"360850207021","STATE":"36","COUNTY":"085","AREALAND":280966,"AREAWATER":0}},{"type":"Feature","id":170140,"geometry":{"type":"Polygon","coordinates":[[[-74.13145199994608,40.636654000124587],[-74.131907000230754,40.636039000309687],[-74.130686000215121,40.635508999787326],[-74.130867999789999,40.63472699985816],[-74.130180999701722,40.634486999812673],[-74.129000999693986,40.634334000057699],[-74.128855999929016,40.635574000097023],[-74.128846999708173,40.636435999793093],[-74.128725000407769,40.637087999947397],[-74.128670000156163,40.637348000110798],[-74.12784699962549,40.637276999977864],[-74.126888000448972,40.637209999898445],[-74.126915000213145,40.637428999776532],[-74.126958999695759,40.637826999879124],[-74.127032000389008,40.638377000020888],[-74.127014999772257,40.639318999751417],[-74.127682999593944,40.639278999714691],[-74.129522999925797,40.639181000205078],[-74.129285000274407,40.638840999789487],[-74.130008000347686,40.638565999810538],[-74.130497000069226,40.637940999673496],[-74.1309959998365,40.637273999884187],[-74.13145199994608,40.636654000124587]]]},"properties":{"OBJECTID":170140,"GEOID":"360850207022","STATE":"36","COUNTY":"085","AREALAND":119921,"AREAWATER":0}},{"type":"Feature","id":170141,"geometry":{"type":"Polygon","coordinates":[[[-74.113745999981887,40.642926999906869],[-74.113852000287096,40.642890999775844],[-74.113504000132565,40.641168999799902],[-74.113366000040301,40.640453999665915],[-74.113203999658595,40.639632999888775],[-74.113161999825792,40.63941499974176],[-74.112793999579765,40.637530999922753],[-74.111980000168202,40.637618000205052],[-74.111748000364614,40.637643000171138],[-74.110807999658064,40.637746000014602],[-74.109542000334883,40.637986999953938],[-74.109778000336433,40.639244999664626],[-74.109917000253617,40.639946999912446],[-74.110158000278034,40.641197999689481],[-74.110236999920744,40.641610000027008],[-74.110390999906542,40.642446000017458],[-74.110589000273237,40.643464999665582],[-74.110653999672266,40.643819000133888],[-74.110816000053973,40.64464000022808],[-74.111980999993122,40.644099999858284],[-74.112752999571882,40.643112999933805],[-74.113017000060836,40.643087000027194],[-74.113258000085253,40.643049000092986],[-74.113504999957456,40.642995000328632],[-74.113545000140434,40.642984000245086],[-74.113745999981887,40.642926999906869]]]},"properties":{"OBJECTID":170141,"GEOID":"360850097012","STATE":"36","COUNTY":"085","AREALAND":188205,"AREAWATER":0}},{"type":"Feature","id":170142,"geometry":{"type":"Polygon","coordinates":[[[-74.112237999911059,40.644787000026625],[-74.112641000317197,40.644547000021433],[-74.112133000329081,40.644202999963056],[-74.111980999993122,40.644099999858284],[-74.110816000053973,40.64464000022808],[-74.110653999672266,40.643819000133888],[-74.110589000273237,40.643464999665582],[-74.110390999906542,40.642446000017458],[-74.110236999920744,40.641610000027008],[-74.110158000278034,40.641197999689481],[-74.109917000253617,40.639946999912446],[-74.109778000336433,40.639244999664626],[-74.109542000334883,40.637986999953938],[-74.109482000060424,40.638020999963047],[-74.109348000166122,40.638085999872111],[-74.109203000401166,40.638141000217622],[-74.109042999669285,40.638186999678624],[-74.108856999896446,40.638223000301629],[-74.108688999666953,40.638239999907405],[-74.108228000432831,40.638313999744888],[-74.107464000351669,40.638439000223684],[-74.107337000130059,40.638540000177805],[-74.107260999962065,40.638615999705053],[-74.107177000296488,40.638667000254209],[-74.107091000082747,40.638699999907089],[-74.106998000196356,40.63872000010192],[-74.106906000134842,40.638726000159181],[-74.105422000353457,40.638899000215439],[-74.105596000430737,40.639729000109178],[-74.105937000014265,40.641355999924329],[-74.106070999908582,40.64203799990824],[-74.10634999956784,40.643324999948121],[-74.106547000109643,40.644241999848788],[-74.107158999854818,40.644203999890522],[-74.1077970004376,40.645225999700187],[-74.106140000403869,40.645264999669706],[-74.104652000424522,40.64529999997248],[-74.104752999808554,40.645708999813422],[-74.104782999945797,40.645981999872205],[-74.106230999742138,40.645925000049587],[-74.1068049998525,40.645903000164779],[-74.109916000428697,40.645657999873379],[-74.110924000009021,40.645549999751424],[-74.112237999911059,40.644787000026625]]]},"properties":{"OBJECTID":170142,"GEOID":"360850097013","STATE":"36","COUNTY":"085","AREALAND":304232,"AREAWATER":0}},{"type":"Feature","id":170143,"geometry":{"type":"Polygon","coordinates":[[[-74.120928000135692,40.6418129996933],[-74.120658999623885,40.641195999744532],[-74.12056300026272,40.640942000111423],[-74.119682999830616,40.641091999796899],[-74.118066999804768,40.641298000269849],[-74.118069000352889,40.641213999928745],[-74.118007000428619,40.640561999853979],[-74.117757000183374,40.639849000020192],[-74.117645999855284,40.639376999762071],[-74.117648000403435,40.63896799997493],[-74.117656999725924,40.638062000091345],[-74.117087999638471,40.63812799997892],[-74.116413999968984,40.638202999957898],[-74.11578600033026,40.638274999803933],[-74.115191000303525,40.638347000253951],[-74.114994999586614,40.637291999762617],[-74.113735999936139,40.637428999776532],[-74.112793999579765,40.637530999922753],[-74.113161999825792,40.63941499974176],[-74.113203999658595,40.639632999888775],[-74.113366000040301,40.640453999665915],[-74.113504000132565,40.641168999799902],[-74.113852000287096,40.642890999775844],[-74.113745999981887,40.642926999906869],[-74.113545000140434,40.642984000245086],[-74.113504999957456,40.642995000328632],[-74.113258000085253,40.643049000092986],[-74.113017000060836,40.643087000027194],[-74.112752999571882,40.643112999933805],[-74.111980999993122,40.644099999858284],[-74.112133000329081,40.644202999963056],[-74.112641000317197,40.644547000021433],[-74.113042000175199,40.644694999944853],[-74.114098000334408,40.644351999892962],[-74.116314000409886,40.643526999914037],[-74.118429000203022,40.642777000255201],[-74.120374000116826,40.642351000251502],[-74.120928000135692,40.6418129996933]]]},"properties":{"OBJECTID":170143,"GEOID":"360850097011","STATE":"36","COUNTY":"085","AREALAND":303404,"AREAWATER":0}},{"type":"Feature","id":170231,"geometry":{"type":"Polygon","coordinates":[[[-74.165549999972413,40.56064200010988],[-74.165893999929011,40.56028299996251],[-74.164940999701969,40.560112000036618],[-74.163779000135875,40.560316999931622],[-74.16272100032684,40.560774999719428],[-74.161932999956235,40.561111000321766],[-74.161532000098262,40.561269000245453],[-74.16125599991372,40.561363000178588],[-74.16096800003362,40.561460000065587],[-74.160056999639394,40.561705999824269],[-74.159157999839024,40.561935999929347],[-74.158258000213749,40.562201999884309],[-74.157412000116821,40.562499000332203],[-74.157268000176785,40.562550000297207],[-74.157103000320348,40.562627000063706],[-74.15695199980928,40.562718999890194],[-74.156846000402396,40.562799999951686],[-74.156750999967826,40.562886999959119],[-74.155851000342551,40.563774000084173],[-74.155113000200672,40.564941000002115],[-74.155087000261389,40.564994000332888],[-74.154989000352117,40.56515600031112],[-74.15487399982608,40.56530600024464],[-74.154766999695951,40.565418999845122],[-74.154633999626554,40.565539999906385],[-74.154487000211773,40.565649999896301],[-74.154338000248856,40.565745000238429],[-74.154163000346685,40.565836999873738],[-74.153579000190575,40.566254000291963],[-74.152955999676422,40.566775999681909],[-74.152281000182043,40.56739299982744],[-74.151700000399003,40.567856999930029],[-74.150861999799673,40.568528999998975],[-74.150900000332825,40.568547999670294],[-74.151825000072463,40.569205000250491],[-74.152009000195477,40.569164000170325],[-74.152092000036163,40.569188000137068],[-74.151815000026716,40.569903999849465],[-74.151767000346155,40.569978000322635],[-74.152630999986414,40.570387000115538],[-74.155258999790533,40.569419999826877],[-74.156877000364531,40.56882499997635],[-74.157162999696482,40.568720000256391],[-74.157660999638864,40.568537000292203],[-74.162562000318189,40.56673200031144],[-74.164275000428404,40.565693000240287],[-74.164386999683103,40.56562500028673],[-74.164401999751703,40.565515000255672],[-74.164438999561625,40.565253000160915],[-74.164530999623139,40.56461300027923],[-74.164765999799769,40.562951000166947],[-74.164852999838416,40.562340000111547],[-74.16489200019646,40.562064999847102],[-74.164992999580505,40.56144699992003],[-74.165549999972413,40.56064200010988]]]},"properties":{"OBJECTID":170231,"GEOID":"360850279003","STATE":"36","COUNTY":"085","AREALAND":596418,"AREAWATER":52642}},{"type":"Feature","id":170232,"geometry":{"type":"Polygon","coordinates":[[[-74.1077970004376,40.645225999700187],[-74.107158999854818,40.644203999890522],[-74.106547000109643,40.644241999848788],[-74.10634999956784,40.643324999948121],[-74.106070999908582,40.64203799990824],[-74.105937000014265,40.641355999924329],[-74.105596000430737,40.639729000109178],[-74.105422000353457,40.638899000215439],[-74.104809999709971,40.638977000027197],[-74.104371000217128,40.639083999874131],[-74.103937999673775,40.63919000022868],[-74.103053000117114,40.639400999751757],[-74.102968999553198,40.63942199973566],[-74.10268999989394,40.63949000031981],[-74.102166000012318,40.639617999948349],[-74.101295999625933,40.639827000177647],[-74.100423999589751,40.640040999701718],[-74.099960999807493,40.640181000172262],[-74.100195000159204,40.6418129996933],[-74.100391999802696,40.643118000334184],[-74.099569000170334,40.643155000285951],[-74.099715999585101,40.644759000252236],[-74.100134000059839,40.644975000154943],[-74.100021999906858,40.645414999864428],[-74.102761000039052,40.646058999686929],[-74.104782999945797,40.645981999872205],[-74.104752999808554,40.645708999813422],[-74.104652000424522,40.64529999997248],[-74.106140000403869,40.645264999669706],[-74.1077970004376,40.645225999700187]]]},"properties":{"OBJECTID":170232,"GEOID":"360850097021","STATE":"36","COUNTY":"085","AREALAND":367494,"AREAWATER":1247}},{"type":"Feature","id":170233,"geometry":{"type":"Polygon","coordinates":[[[-74.110015000162903,40.620687999916662],[-74.109032999623551,40.620264000001725],[-74.107707000025911,40.619699999957987],[-74.107460999978613,40.619594000027533],[-74.10734100032802,40.619542999910983],[-74.106102999695608,40.618969000272813],[-74.105187000176826,40.61828199967448],[-74.104952999825088,40.618022999916811],[-74.104583999754141,40.617612000278115],[-74.103510999876519,40.616414000273778],[-74.102549000326945,40.616852999679487],[-74.101898000223713,40.617453000122801],[-74.101350000052619,40.618024000236332],[-74.099684999622966,40.619652999739415],[-74.09925799982571,40.620000999950015],[-74.098995999884878,40.620212999714873],[-74.098620000141239,40.620521000052726],[-74.09823199980373,40.620836999826601],[-74.098061999924425,40.620976000060786],[-74.098015999893661,40.621013000010585],[-74.09761400021074,40.62133999974499],[-74.097435999935527,40.62148499985723],[-74.096399999867799,40.622329000248577],[-74.096651999762884,40.622661999814305],[-74.09667000020454,40.622734000054969],[-74.09667000020454,40.622922999806107],[-74.096696000143808,40.623147000030734],[-74.09676800011384,40.623263999703312],[-74.096866999848032,40.623389999960672],[-74.097065000214755,40.623525000070067],[-74.09731700010984,40.623668999976914],[-74.097702999899212,40.624046000241819],[-74.097918999809281,40.624325000245122],[-74.09821500008529,40.624783000223594],[-74.09878400017277,40.625619000249728],[-74.098902999998458,40.625965000340358],[-74.098933999960593,40.62615799992151],[-74.098902999998458,40.626355999918992],[-74.098776999601768,40.626598000255058],[-74.098574999935394,40.626814000287673],[-74.098296000276136,40.627015000258709],[-74.097685000355867,40.627978000255027],[-74.097401999600322,40.628381999732149],[-74.097249000337769,40.628494000329034],[-74.097105000397733,40.628552999679215],[-74.09695300006176,40.628624999705337],[-74.09674999967217,40.628786000174145],[-74.096638000417499,40.628881000154337],[-74.096317999852047,40.629320000123265],[-74.096209000072093,40.629583000296996],[-74.096010999705371,40.629887999953141],[-74.095783999924663,40.630071999899052],[-74.095640999809518,40.63016099995032],[-74.095546000273274,40.630264999882897],[-74.095532999854484,40.630440000315119],[-74.095537000052445,40.630610999764599],[-74.095595999603674,40.630794999763559],[-74.095743999741686,40.631037999818936],[-74.095891999879683,40.631504999816109],[-74.095921000192007,40.631722999886343],[-74.097154999728119,40.631897999906236],[-74.097989999954393,40.631763999791893],[-74.098420999949624,40.631597999786116],[-74.098880000432246,40.63144599966531],[-74.099520999591419,40.631358000083083],[-74.09925700000079,40.62993300018681],[-74.099021999824132,40.628684000303309],[-74.10001199986111,40.628539000138566],[-74.100843999714328,40.628443999671859],[-74.100739999957256,40.627930000235722],[-74.100596999842125,40.627145000307905],[-74.100453999726994,40.626327999913627],[-74.102309000127448,40.626118999697852],[-74.102726999703862,40.626011000008532],[-74.102613999725961,40.625295000277745],[-74.10377899966511,40.625181000027389],[-74.104587999952102,40.625098000075596],[-74.10444300018716,40.624484999948429],[-74.104290999851187,40.623828999888062],[-74.104255999691091,40.623682000303603],[-74.104453000232894,40.622913000070767],[-74.105644000111297,40.622321000252882],[-74.106015999656989,40.622137999664481],[-74.10682199957094,40.621794000047963],[-74.107584999827182,40.621530999883539],[-74.108435000122057,40.621259999924511],[-74.110015000162903,40.620687999916662]]]},"properties":{"OBJECTID":170233,"GEOID":"360850059012","STATE":"36","COUNTY":"085","AREALAND":744091,"AREAWATER":6193}},{"type":"Feature","id":170234,"geometry":{"type":"Polygon","coordinates":[[[-74.105063000328258,40.62717800020144],[-74.104910000167379,40.626495999769517],[-74.104844000045134,40.626207000047842],[-74.104748999610592,40.625805000091695],[-74.104587999952102,40.625098000075596],[-74.10377899966511,40.625181000027389],[-74.102613999725961,40.625295000277745],[-74.102726999703862,40.626011000008532],[-74.102309000127448,40.626118999697852],[-74.100453999726994,40.626327999913627],[-74.100596999842125,40.627145000307905],[-74.100739999957256,40.627930000235722],[-74.100843999714328,40.628443999671859],[-74.10001199986111,40.628539000138566],[-74.099021999824132,40.628684000303309],[-74.09925700000079,40.62993300018681],[-74.099520999591419,40.631358000083083],[-74.100509999803478,40.631213999710859],[-74.101510999711095,40.631073000082317],[-74.102669999802472,40.630926000080024],[-74.10368300030396,40.63080599981047],[-74.103504000203813,40.630095999824981],[-74.103376000157297,40.629403000282174],[-74.103248000110767,40.628723999870168],[-74.103134000307975,40.628099000321043],[-74.103052000292209,40.62766100000038],[-74.10303600039866,40.627577000226971],[-74.103002999888403,40.627400000115117],[-74.104172000025514,40.627276000285015],[-74.105063000328258,40.62717800020144]]]},"properties":{"OBJECTID":170234,"GEOID":"360850059011","STATE":"36","COUNTY":"085","AREALAND":192809,"AREAWATER":0}},{"type":"Feature","id":170235,"geometry":{"type":"Polygon","coordinates":[[[-74.079970000170832,40.624483000184647],[-74.079597999726843,40.624602000004536],[-74.079217999785243,40.623871000099513],[-74.078154999953355,40.624193999934178],[-74.07568199995994,40.624918000244691],[-74.075983000258802,40.625509000018809],[-74.075030999856679,40.625602999681952],[-74.075244000292017,40.626005999690442],[-74.075646999799829,40.626663999884599],[-74.077624000399013,40.626492999873207],[-74.078165999824009,40.626466000118491],[-74.079435000418542,40.625071999970942],[-74.079970000170832,40.624483000184647]]]},"properties":{"OBJECTID":170235,"GEOID":"360850027002","STATE":"36","COUNTY":"085","AREALAND":71505,"AREAWATER":0}},{"type":"Feature","id":170236,"geometry":{"type":"Polygon","coordinates":[[[-74.18407799974409,40.602660999894752],[-74.183221999601429,40.602243999959022],[-74.178238999804648,40.599811000253737],[-74.175827999735503,40.601527000013114],[-74.174892000125226,40.602279000305536],[-74.174836000048714,40.602324000042067],[-74.174755999682773,40.602388000039525],[-74.174286000227809,40.602764999676239],[-74.173377000381706,40.60354200013672],[-74.172563999896738,40.604164000078022],[-74.170594999693478,40.604972000246427],[-74.169808999871023,40.605394999855136],[-74.168349000379067,40.606116999672921],[-74.167192999762449,40.606411999929904],[-74.165821999958979,40.606763000328698],[-74.165700999585141,40.606901999837184],[-74.165503999941649,40.607623999742664],[-74.165437999819432,40.6083450002494],[-74.164838999594693,40.610494999943988],[-74.165842000050461,40.610660999890314],[-74.169603000006688,40.611252000324221],[-74.175625000244239,40.612217999669049],[-74.176966999735384,40.610510000288862],[-74.178325000018376,40.608908999993481],[-74.178591999982061,40.608595999740253],[-74.179175000313251,40.607867000214959],[-74.179426000383415,40.607483999894512],[-74.179730000157036,40.607059000263988],[-74.179967999808397,40.606746000211992],[-74.18024499981783,40.606401999769147],[-74.180577000078856,40.606015999785086],[-74.18089300044636,40.60567099985434],[-74.181234000029889,40.605320999686313],[-74.181573999788512,40.6049909997977],[-74.181870000064535,40.604718999747554],[-74.182275000120484,40.604366999684316],[-74.182464000266364,40.604209999753884],[-74.18407799974409,40.602660999894752]]]},"properties":{"OBJECTID":170236,"GEOID":"360850291051","STATE":"36","COUNTY":"085","AREALAND":1113805,"AREAWATER":0}},{"type":"Feature","id":170237,"geometry":{"type":"Polygon","coordinates":[[[-74.174755999682773,40.602388000039525],[-74.174836000048714,40.602324000042067],[-74.174733000116561,40.602264000159288],[-74.174625999986432,40.602253000186288],[-74.172501000147548,40.602943999996675],[-74.172021999573445,40.602701999906614],[-74.171808000211513,40.602633000188249],[-74.171444000163433,40.602545000157477],[-74.17096700013748,40.602488000083412],[-74.170651999594881,40.602446000069563],[-74.17053899961698,40.602431999831737],[-74.170043000222734,40.602393999950927],[-74.169228000087955,40.602295000321412],[-74.167196999960396,40.602075999814062],[-74.166949000263301,40.602796000288059],[-74.166693999995161,40.603492999753932],[-74.16636000008431,40.604189000291299],[-74.165974000294938,40.604940999961812],[-74.165925999716052,40.605031999744384],[-74.16585600029417,40.605195000131914],[-74.165813999563056,40.605338999992952],[-74.165785000149043,40.605492999842035],[-74.165774000278418,40.605654999964578],[-74.165821999958979,40.606763000328698],[-74.167192999762449,40.606411999929904],[-74.168349000379067,40.606116999672921],[-74.169808999871023,40.605394999855136],[-74.170594999693478,40.604972000246427],[-74.172563999896738,40.604164000078022],[-74.173377000381706,40.60354200013672],[-74.174286000227809,40.602764999676239],[-74.174755999682773,40.602388000039525]]]},"properties":{"OBJECTID":170237,"GEOID":"360850291052","STATE":"36","COUNTY":"085","AREALAND":199558,"AREAWATER":533}},{"type":"Feature","id":170238,"geometry":{"type":"Polygon","coordinates":[[[-74.153635000267073,40.606739000202786],[-74.153678999749687,40.606666999773246],[-74.153394000242656,40.606559000006527],[-74.152878999683537,40.606390999795138],[-74.152343000106328,40.606228000278414],[-74.152184000097677,40.606167999808143],[-74.15216200035637,40.606159999923229],[-74.151999999974663,40.606081000155825],[-74.151864000430535,40.605999000160338],[-74.151708999721507,40.605880999757396],[-74.15159400009378,40.605769999939575],[-74.151496000184508,40.605650999991553],[-74.151415999818553,40.605527000026591],[-74.151358000092245,40.605406999819479],[-74.151165999573294,40.605519000064952],[-74.151046999747621,40.60564099971689],[-74.150985999648242,40.60576400033127],[-74.150967000279977,40.60587500015906],[-74.150897999784689,40.605932000072706],[-74.150744999623811,40.605988999937743],[-74.149275999911069,40.605969999988147],[-74.14864400007437,40.605951000033102],[-74.14842599961618,40.60588600021795],[-74.148304000315761,40.605871000199159],[-74.14828699969901,40.605000000337107],[-74.14828699969901,40.604950999659188],[-74.148252000437225,40.604950999659188],[-74.148112999621731,40.604935000279092],[-74.148009999689563,40.604913999680235],[-74.147894000236931,40.604878000197132],[-74.147766000190416,40.60479500025415],[-74.147659999885192,40.604701999792908],[-74.147572999846574,40.604596999776689],[-74.147510000097384,40.604490999755328],[-74.147469000089487,40.604386999931371],[-74.147443999975124,40.604275999678372],[-74.147439999777177,40.604212000124583],[-74.14741800003587,40.604093000130661],[-74.147376000203082,40.603967000307364],[-74.147315999928622,40.603843999796027],[-74.147237000285898,40.603727000214171],[-74.147155000270132,40.603631999925],[-74.147038999919175,40.6035259997373],[-74.146973999621849,40.603476000169501],[-74.146884999933405,40.60340199992207],[-74.146751999864009,40.603291000079381],[-74.14656500026625,40.603113999727633],[-74.146453999938174,40.602995999687479],[-74.145931999706363,40.603257000121388],[-74.144943000392615,40.603256000262782],[-74.14450400000149,40.603259999697144],[-74.144076000379314,40.603253000004813],[-74.143647000033909,40.603234999818426],[-74.143252999848613,40.603209999930357],[-74.143047999809184,40.603165000108255],[-74.142857999838398,40.603107999880912],[-74.142696000355002,40.603046000296338],[-74.142549000041896,40.602978999976649],[-74.142393000406315,40.602893000129463],[-74.142321000436283,40.602847000229268],[-74.142027999635005,40.60337200013025],[-74.143032999740583,40.603751000057656],[-74.144105999618219,40.604247000122569],[-74.14598500030813,40.604998999822541],[-74.146508000364847,40.605188999789974],[-74.147449999822911,40.605734000235564],[-74.147514000295345,40.60610300020403],[-74.147501999701461,40.60631300011368],[-74.147409999639947,40.607001999947506],[-74.147298000385277,40.607724999928422],[-74.147250999631282,40.608003000110479],[-74.147208999798494,40.608258999804896],[-74.14838100030866,40.608649000267526],[-74.149075999894507,40.609008000056001],[-74.149588999905504,40.609281000150581],[-74.149968999847104,40.609539999698924],[-74.150348999788704,40.609460999835122],[-74.152104999556641,40.609101999752312],[-74.153081000248221,40.608914000227472],[-74.153215999967415,40.60888599973066],[-74.153386999671653,40.608849999659149],[-74.153620000198472,40.608800999757982],[-74.153383000372003,40.608201999829916],[-74.153333000143277,40.608096000070276],[-74.153289999587258,40.607954000270269],[-74.153272000043913,40.607816000012321],[-74.153277000066794,40.607668999972582],[-74.153306000379104,40.607526000152546],[-74.153318999899582,40.607486000167221],[-74.153357000432734,40.607333999731786],[-74.153436000075445,40.607112999765143],[-74.153534999809651,40.606904000127322],[-74.153635000267073,40.606739000202786]]]},"properties":{"OBJECTID":170238,"GEOID":"360850273015","STATE":"36","COUNTY":"085","AREALAND":245188,"AREAWATER":94}},{"type":"Feature","id":170239,"geometry":{"type":"Polygon","coordinates":[[[-74.162732000197508,40.599332999888574],[-74.162360999578397,40.597404999899574],[-74.161900000344275,40.595298999684253],[-74.160354999565229,40.595342000072868],[-74.159891999782943,40.595169999716632],[-74.158915999989674,40.594629999704658],[-74.158433000115934,40.594358999776773],[-74.158003999770528,40.594119999970907],[-74.157957999739779,40.594087000118989],[-74.156366000003374,40.593197000015401],[-74.156103000237621,40.593046999850777],[-74.155372999593354,40.592597000066405],[-74.154508999953094,40.592135999708674],[-74.153927000345121,40.591811999711325],[-74.153104999639339,40.591356000264142],[-74.153070000377568,40.591336000211257],[-74.152352000327156,40.590936999985971],[-74.15216200035637,40.590835999672713],[-74.150969999754722,40.590175999867824],[-74.149727999822687,40.589493000256255],[-74.148692999579879,40.588843000218205],[-74.148578999777058,40.588760000148874],[-74.148465999799143,40.588697000142545],[-74.148333999554666,40.588640999935514],[-74.14819200016278,40.588598000012702],[-74.148055999720327,40.588570999951884],[-74.147896999711662,40.588556000140727],[-74.147760000342643,40.588556000140727],[-74.146873000237818,40.588573000108369],[-74.146454999763094,40.588558999693916],[-74.146335000112487,40.588550999748186],[-74.145833999797077,40.58856400008591],[-74.1456670002908,40.589965999742148],[-74.145829999599101,40.590044000080233],[-74.145959000368848,40.590115999996698],[-74.147158999569783,40.590783000028146],[-74.147238999935738,40.590827999999327],[-74.147666999557899,40.591086000068202],[-74.148151999979802,40.591369000056616],[-74.150569999721625,40.592791999890018],[-74.150718999684557,40.592871999688114],[-74.152221999732504,40.593688999939715],[-74.154204000354554,40.594872999669938],[-74.155246000270068,40.595479000190686],[-74.156770000234403,40.595856999881576],[-74.15767900008052,40.596050999780836],[-74.158568999660062,40.596239000018137],[-74.159453000290114,40.596598000301526],[-74.16163099983244,40.596414000235569],[-74.161722000069048,40.596667000110443],[-74.160870999949267,40.596812999837105],[-74.160978999904287,40.597800999904962],[-74.161537999946034,40.597731999902273],[-74.161860000161298,40.599388000091793],[-74.162732000197508,40.599332999888574]]]},"properties":{"OBJECTID":170239,"GEOID":"360850273013","STATE":"36","COUNTY":"085","AREALAND":384705,"AREAWATER":0}},{"type":"Feature","id":170240,"geometry":{"type":"Polygon","coordinates":[[[-74.088646999976689,40.608464000174422],[-74.088888000001091,40.608229999931389],[-74.088355999723547,40.607997000020632],[-74.087612999558786,40.607678999943758],[-74.08689799988143,40.607393999837271],[-74.086436999748997,40.607210999960877],[-74.085558999865029,40.606905999735382],[-74.084949999594556,40.606725999988889],[-74.083964999580473,40.606493000290484],[-74.083507999645988,40.606404999885712],[-74.082909000319574,40.60630699987211],[-74.081643999923017,40.606178000003908],[-74.08149599978502,40.60636599972355],[-74.08136699991357,40.606530000077328],[-74.081296999593377,40.606619000125832],[-74.080694999893922,40.607389000171551],[-74.080841000382108,40.60746600016558],[-74.081395000400988,40.607800999744704],[-74.080509000121083,40.608671999929989],[-74.080188999555645,40.609189000245806],[-74.080899000108431,40.609500000237084],[-74.081089999904151,40.609591999713707],[-74.081340000149396,40.609393999808411],[-74.081526999747155,40.609299000072646],[-74.08184200028974,40.609498999789885],[-74.082002000123296,40.609561000208146],[-74.082115999926117,40.609624000332197],[-74.082593999777004,40.60988700031681],[-74.08270799957981,40.609950000133573],[-74.082731000044362,40.609962999720317],[-74.082743999564826,40.609970000073801],[-74.083024999772235,40.610124000163118],[-74.083111999810853,40.610171000265865],[-74.083302999606573,40.610275999708492],[-74.083170000435487,40.610426999838701],[-74.083193999826634,40.610527999879892],[-74.084248000336004,40.609483000134638],[-74.085103999580355,40.608629999710182],[-74.085749999660734,40.607990999930252],[-74.085871999859464,40.607870000265819],[-74.085964999745897,40.607779000255448],[-74.086754999766313,40.608118000137125],[-74.086906000277352,40.608195999757946],[-74.088378000363178,40.608726000173739],[-74.088646999976689,40.608464000174422]]]},"properties":{"OBJECTID":170240,"GEOID":"360850040041","STATE":"36","COUNTY":"085","AREALAND":157997,"AREAWATER":0}},{"type":"Feature","id":170241,"geometry":{"type":"Polygon","coordinates":[[[-74.121339000039441,40.609683999745641],[-74.12127299991721,40.60936199976171],[-74.121169999985042,40.60883399984845],[-74.11834499963912,40.609143999675474],[-74.117425999747269,40.609290000112189],[-74.117069000270206,40.608204999865727],[-74.116492999611694,40.607655999939603],[-74.11596000040754,40.607452000297258],[-74.115876999668558,40.607158000339147],[-74.115791000353141,40.606862000160383],[-74.115675999827118,40.606133000134051],[-74.115546999955669,40.605397000190372],[-74.11544200037369,40.604695000251652],[-74.11537700007635,40.603983999766925],[-74.114870999738059,40.602136999740956],[-74.114196000243695,40.602435000126562],[-74.113869000005536,40.602581000215039],[-74.113020000433892,40.602958000127252],[-74.1126980002186,40.603067000118081],[-74.111950000030987,40.603329000132291],[-74.11136199967693,40.603505000059762],[-74.110072999889212,40.603778999977813],[-74.109301000310452,40.603900000228791],[-74.109236999838046,40.603910999930747],[-74.108462999711151,40.604035000165709],[-74.108267999717469,40.604064999660011],[-74.107091000082747,40.604313000010507],[-74.105805999594708,40.603711999710825],[-74.104760000379571,40.603357000229281],[-74.103972999833871,40.603093999781748],[-74.103834999741608,40.603053000010341],[-74.1037000000224,40.603028000054195],[-74.103560000280311,40.603017000206926],[-74.103408999769258,40.603018999931287],[-74.103270999676994,40.603037000175902],[-74.103139000330827,40.603067000118081],[-74.102983999621813,40.603115000270407],[-74.102875999666779,40.603167999688125],[-74.102793999651013,40.603222000286991],[-74.102724000229145,40.603285000248498],[-74.102662000304846,40.603361000339582],[-74.102616000274097,40.603442000305613],[-74.102268000119551,40.604192999669777],[-74.102190000301746,40.604360000107981],[-74.101956999774927,40.604842999847541],[-74.101822000055719,40.605156999775886],[-74.101672000267897,40.60592000020258],[-74.101338000357075,40.606721000273147],[-74.101438999741077,40.607183000114482],[-74.101534000175633,40.607896000246001],[-74.101899999873524,40.60837400007302],[-74.102791000176296,40.609166000079298],[-74.103647000318944,40.61003599976582],[-74.10543400004903,40.609826999721733],[-74.105348999660222,40.61021499970812],[-74.106680000179026,40.610127000112648],[-74.106706000118308,40.610119999775598],[-74.107948000050342,40.610048000260804],[-74.108709999583354,40.6100749998322],[-74.109317000203987,40.610110999925773],[-74.109750999673949,40.610157000282236],[-74.109917000253617,40.610166999881152],[-74.110040000277252,40.610178999670644],[-74.110132000338766,40.610186999756436],[-74.110238999570569,40.610197999787573],[-74.110359000119487,40.610218000335536],[-74.110534999846578,40.61025399967005],[-74.111135999721114,40.610436000327944],[-74.111277000186419,40.610486000144604],[-74.111540999777063,40.61056599990988],[-74.112690999647597,40.610846999783938],[-74.11287200029588,40.61088199971708],[-74.113049999672796,40.610920000227672],[-74.113262000283214,40.610950999784762],[-74.113429999614397,40.610974999762014],[-74.113622999958238,40.610987999831273],[-74.113766999898289,40.610997000244993],[-74.11501399985319,40.611079999987162],[-74.115943999615709,40.611011000052635],[-74.116763999773354,40.610870000053779],[-74.117159999608475,40.610765000180621],[-74.119637999624771,40.610111999681841],[-74.121339000039441,40.609683999745641]]]},"properties":{"OBJECTID":170241,"GEOID":"360850177012","STATE":"36","COUNTY":"085","AREALAND":972110,"AREAWATER":0}},{"type":"Feature","id":170329,"geometry":{"type":"Polygon","coordinates":[[[-74.105348999660222,40.61021499970812],[-74.10543400004903,40.609826999721733],[-74.103647000318944,40.61003599976582],[-74.102791000176296,40.609166000079298],[-74.101899999873524,40.60837400007302],[-74.101534000175633,40.607896000246001],[-74.101438999741077,40.607183000114482],[-74.101338000357075,40.606721000273147],[-74.101672000267897,40.60592000020258],[-74.101822000055719,40.605156999775886],[-74.098924999739779,40.60578599980181],[-74.097896000243054,40.606022000052782],[-74.097501000232839,40.605880999757396],[-74.097511000278601,40.605837000189609],[-74.09750600025572,40.605796999875345],[-74.097485000339333,40.605749000285101],[-74.097437999585338,40.605700999978318],[-74.097374999836148,40.605670000031836],[-74.097308999713917,40.605655999787302],[-74.097199000109057,40.605682999769172],[-74.097105000397733,40.605723000151613],[-74.097020999833816,40.605774999726407],[-74.096952000236854,40.605838000009605],[-74.096900000358318,40.605906999829372],[-74.096869000396183,40.606026000003595],[-74.096824000190324,40.606126999876309],[-74.096758999893012,40.606229999906709],[-74.096681999900127,40.606320999980284],[-74.09657899996796,40.6064140002347],[-74.096460999967178,40.606494999910851],[-74.096270000171458,40.606648999824223],[-74.096108999614671,40.606757999933762],[-74.095931000237755,40.606863999769658],[-74.095715000327701,40.606970999922474],[-74.095526000181806,40.607049000199993],[-74.095378999868714,40.607136999756797],[-74.095276999761438,40.60720700008099],[-74.095197000293822,40.607284000284714],[-74.095137999844283,40.607362999994109],[-74.095096000011495,40.607447999749795],[-74.095068000422401,40.607542000276396],[-74.095054000178706,40.608073000209593],[-74.095038000285157,40.608135999690504],[-74.095007000323022,40.608187000330943],[-74.094959999569042,40.608233999750091],[-74.094896999819852,40.608271999720586],[-74.094824000024929,40.60829800022637],[-74.094736999986296,40.608309999669473],[-74.094653000320704,40.608304000289188],[-74.094572000129844,40.60828300006694],[-74.094507999657424,40.608258000021117],[-74.094414999771004,40.608204000081138],[-74.094343999625906,40.608140999982339],[-74.094295999945317,40.608077000037646],[-74.094259999960315,40.608000000065651],[-74.094247000439822,40.607922000216078],[-74.094384999633775,40.607474999689678],[-74.094386000357005,40.607387999692747],[-74.09440499972527,40.60728299980434],[-74.094435999687406,40.607194999757837],[-74.094485000091211,40.607102999709284],[-74.094548999665307,40.607016999712464],[-74.094633000229209,40.606932000090609],[-74.094721000092761,40.606865000256299],[-74.094756000252858,40.606835999777871],[-74.094845999766235,40.606746000211992],[-74.094921000109295,40.606645999718616],[-74.094969999614804,40.60655500008756],[-74.095008000147942,40.606451999876079],[-74.095029999889235,40.606339000017599],[-74.095030999714155,40.606218999904435],[-74.095029000064343,40.606188000198223],[-74.095035999737036,40.606115999857096],[-74.095059000201559,40.606054000334737],[-74.095092999638439,40.605995000207855],[-74.095179999677086,40.605899999732287],[-74.095195999570606,40.605861999777055],[-74.095199999768553,40.605812999731114],[-74.095181000400302,40.60576500015231],[-74.095151000263058,40.605731999910425],[-74.095107999707054,40.605703000304388],[-74.095044000132944,40.60565700029202],[-74.094978999835618,40.605628999794561],[-74.094915000261523,40.605613999718095],[-74.094834999895582,40.605608999919163],[-74.094767000123511,40.60561699987003],[-74.094695000153493,40.605638000248],[-74.094633000229209,40.605670000031836],[-74.094581000350686,40.605713999709572],[-74.09445099975602,40.606029999954217],[-74.094157000028147,40.606291000134604],[-74.094099000301824,40.606346999881083],[-74.094013000088111,40.606407000190714],[-74.093912999630675,40.606457000293915],[-74.093803000025815,40.606493000290484],[-74.09370799959126,40.606511000281479],[-74.093602000184376,40.606519000124379],[-74.093488000381555,40.606515000203075],[-74.093429999756921,40.606511000281479],[-74.093346000091344,40.606520999743964],[-74.09326499990047,40.606548000058353],[-74.09320200015128,40.60658400000591],[-74.093153999572394,40.60663000006226],[-74.093120999960433,40.606680999806009],[-74.093101999693857,40.606739000202786],[-74.093089999998298,40.60681600026372],[-74.093062000409205,40.606901999837184],[-74.093006000332707,40.607001000144926],[-74.092946999883168,40.607071999731104],[-74.092867000415524,40.607143999724322],[-74.092766000133196,40.607210000161409],[-74.09266499985084,40.60725800006643],[-74.092547999674991,40.60729599990988],[-74.092429999674209,40.607319999835816],[-74.092383999643459,40.607339999881148],[-74.092268000190813,40.607379999953871],[-74.092145999992098,40.607409000196228],[-74.092029999641127,40.607426000144329],[-74.090960000136548,40.608629999710182],[-74.090801000127897,40.608778999915984],[-74.090567999601078,40.609002000056392],[-74.092489999948668,40.609772999685632],[-74.093259000052683,40.610032000055014],[-74.093888000414637,40.610205999871091],[-74.094473000395652,40.610329000267242],[-74.095279000309588,40.610440999765757],[-74.095963999849715,40.610476999662097],[-74.096877999718686,40.610500999809538],[-74.097657999693368,40.610502999991951],[-74.100026999929725,40.610415000093759],[-74.102147999570647,40.610318000257685],[-74.10414199988827,40.61025399967005],[-74.105348999660222,40.61021499970812]]]},"properties":{"OBJECTID":170329,"GEOID":"360850177011","STATE":"36","COUNTY":"085","AREALAND":408345,"AREAWATER":0}},{"type":"Feature","id":170330,"geometry":{"type":"Polygon","coordinates":[[[-74.114196000243695,40.602435000126562],[-74.114870999738059,40.602136999740956],[-74.113382999758741,40.600570000045209],[-74.113022999908623,40.600134999684947],[-74.111302000300768,40.598208000251361],[-74.111319999844142,40.597551000060896],[-74.111309999798394,40.597057000004739],[-74.110785999916743,40.596126999911377],[-74.110378000386049,40.595299999661833],[-74.110180000019326,40.594858999892402],[-74.110641000151787,40.59325199980956],[-74.10916700041615,40.592445999899724],[-74.10828500033422,40.591976000301997],[-74.107878999555041,40.591617999791055],[-74.10762199963709,40.591315000115124],[-74.107223000327252,40.590808999833264],[-74.106880000195559,40.590376000186545],[-74.105336000139744,40.590544999767836],[-74.101262000189081,40.591031999898227],[-74.100904999813693,40.591020000081876],[-74.100975999958806,40.591832000304059],[-74.100830000368944,40.592632000006631],[-74.100816999950155,40.592667999945583],[-74.10159100007705,40.593146000215484],[-74.102715000008303,40.593846000024286],[-74.103484999937237,40.594320000089404],[-74.104271999584611,40.595263999775767],[-74.104883000403206,40.595980000083422],[-74.10500800007668,40.596125999946111],[-74.105213999941,40.596367000007774],[-74.106156000297375,40.59658500016149],[-74.106341000245308,40.596541999890206],[-74.106310000283187,40.596508999869478],[-74.106162999970095,40.596369999892701],[-74.106024999877832,40.596215000205952],[-74.105915000272972,40.596064000024711],[-74.105808999967763,40.595883999728954],[-74.105731000149959,40.595712000084994],[-74.105680000096314,40.595561000131944],[-74.105638000263525,40.595382999799014],[-74.105618999996963,40.59521500014602],[-74.105976000372323,40.594985999813339],[-74.106654000239757,40.594556999885],[-74.10699599964822,40.595182000152427],[-74.107590999674954,40.596268000319682],[-74.10869500041305,40.598306999795021],[-74.108752000314468,40.598496999686759],[-74.108816999713483,40.598636000015787],[-74.108891000231651,40.598755000175792],[-74.108985999767881,40.598874000123963],[-74.109093999722916,40.598985999721208],[-74.109215999921659,40.599087000000992],[-74.108481000152807,40.5993950001888],[-74.108968000224536,40.60024799980134],[-74.109335999572238,40.600892999996027],[-74.10943699985458,40.601261000202399],[-74.109527000266255,40.601585000108187],[-74.111555000020772,40.601063000168914],[-74.111924000091705,40.601719000064875],[-74.1126980002186,40.603067000118081],[-74.113020000433892,40.602958000127252],[-74.113869000005536,40.602581000215039],[-74.114196000243695,40.602435000126562]]]},"properties":{"OBJECTID":170330,"GEOID":"360850177013","STATE":"36","COUNTY":"085","AREALAND":549522,"AREAWATER":2825}},{"type":"Feature","id":170331,"geometry":{"type":"Polygon","coordinates":[[[-74.073680000144691,40.595667999962238],[-74.074537999937178,40.595386999704367],[-74.073430999724366,40.593616999777609],[-74.07265699959747,40.592384999997705],[-74.073008999949963,40.592185000230607],[-74.071859000079428,40.589758999820717],[-74.071088000325574,40.590478999929715],[-74.069941999754704,40.590893000131629],[-74.06918699989437,40.591353000154307],[-74.068775000165729,40.591614999692915],[-74.067951999635028,40.592082999730209],[-74.068145999803789,40.59245600010199],[-74.068318000231244,40.592784999783781],[-74.069644999653775,40.595263999775767],[-74.069704999928234,40.595375999963984],[-74.070439999697058,40.596734999891986],[-74.071186000234889,40.596489999953462],[-74.072817000329337,40.595952000306887],[-74.073680000144691,40.595667999962238]]]},"properties":{"OBJECTID":170331,"GEOID":"360850070021","STATE":"36","COUNTY":"085","AREALAND":228974,"AREAWATER":0}},{"type":"Feature","id":170332,"geometry":{"type":"Polygon","coordinates":[[[-74.09402499978367,40.584748000149425],[-74.094711000047013,40.58420299985054],[-74.092604999576409,40.583120000011469],[-74.090830000440192,40.582208999718105],[-74.088754000106789,40.581140000265428],[-74.086604000153571,40.580034000000076],[-74.084502999705819,40.578982999800921],[-74.082874000159478,40.578143000084992],[-74.082176000200576,40.577783000097064],[-74.08110300032294,40.577216999932553],[-74.080788999605261,40.577048999673316],[-74.079150999838092,40.578051000310268],[-74.077801999775929,40.579249999765267],[-74.078328000205715,40.579533000033372],[-74.07993400018583,40.580357000230798],[-74.080326999647909,40.580559999805878],[-74.08218500042139,40.581517999824982],[-74.084313999559939,40.58259600020375],[-74.086541000404367,40.58373300030771],[-74.088496000363932,40.58478900023141],[-74.0891209996296,40.584143000078249],[-74.090894999839207,40.585056999665589],[-74.091648999874607,40.585444000046415],[-74.092616000345373,40.585940000179605],[-74.093407000190695,40.585240000156489],[-74.09402499978367,40.584748000149425]]]},"properties":{"OBJECTID":170332,"GEOID":"360850112013","STATE":"36","COUNTY":"085","AREALAND":465238,"AREAWATER":0}},{"type":"Feature","id":170333,"geometry":{"type":"Polygon","coordinates":[[[-74.239266999947191,40.525056999862272],[-74.239460000291032,40.521279000078131],[-74.237462999600368,40.52112699972777],[-74.235111999805682,40.520917000069403],[-74.233920000102358,40.520703000163451],[-74.233870999698553,40.520691000027256],[-74.233695999796353,40.520658999881164],[-74.233536999787688,40.520640000277986],[-74.23332099987762,40.520633000135298],[-74.233115000013314,40.520643999871403],[-74.232944000309089,40.520666000021087],[-74.232787999775155,40.520698000163883],[-74.232627999941585,40.520741999737695],[-74.232484999826454,40.52079399981762],[-74.232355999955033,40.520830000164537],[-74.232171000007099,40.520867000216334],[-74.231981000036299,40.520887999885993],[-74.231777999646724,40.520892000147562],[-74.231596999896752,40.520879000321074],[-74.231452999956716,40.520857999965706],[-74.230867999975686,40.520626999719738],[-74.230850000432341,40.520565999903319],[-74.230810000249377,40.520507999903202],[-74.23075300034796,40.520459999888715],[-74.230693999898421,40.520429000046043],[-74.230575999897638,40.520380999974975],[-74.230343000269144,40.520278000232892],[-74.230104999719458,40.520155999909349],[-74.229944000060968,40.520062999916583],[-74.229858999672146,40.520016999740264],[-74.229769000158782,40.519946999678673],[-74.229698000013684,40.519872999904756],[-74.229638999564131,40.519785000270311],[-74.229602999579114,40.519699000003804],[-74.229591999708461,40.519648999925217],[-74.229584000210849,40.519611999883999],[-74.22957099979206,40.51954200008236],[-74.229554000073634,40.519448000175217],[-74.229482000103616,40.519084000337642],[-74.22900500007762,40.519142000203992],[-74.228620000113168,40.519173999708478],[-74.228232999600564,40.519194999908485],[-74.227768999993373,40.519202999950416],[-74.227359999739448,40.519196000340585],[-74.226910000375995,40.519172000209366],[-74.226747999994274,40.519131000221435],[-74.226522000038472,40.519058999732216],[-74.226312999801095,40.518972999900114],[-74.226133999700963,40.518883000259443],[-74.225997000331901,40.518801999660056],[-74.225839000148156,40.518693000317768],[-74.225680000139505,40.518561999965279],[-74.225573999834296,40.518522000046431],[-74.225340000380868,40.518442999897538],[-74.22506800039433,40.518365999861686],[-74.224777999966093,40.518302000066129],[-74.224515000200356,40.518258000256566],[-74.224259000107324,40.518227999842225],[-74.224003000014278,40.518209999996856],[-74.223735000225673,40.518203000283343],[-74.225058000348582,40.520434999796436],[-74.224274000175924,40.521934999757185],[-74.224045999671986,40.522826000297641],[-74.224798000057575,40.523005000104156],[-74.224798000057575,40.523063999683835],[-74.224753999676636,40.523160999736433],[-74.224647000444833,40.523241999848764],[-74.224495999933779,40.523252999839613],[-74.224232000343136,40.52321000023759],[-74.224080999832083,40.523204000052758],[-74.223997999991425,40.523241999848764],[-74.223967999854182,40.523383000215517],[-74.223742999723285,40.524845000212224],[-74.223666999555292,40.525448999974166],[-74.223659999882614,40.525542999660196],[-74.223617000224891,40.526292000300664],[-74.226405999687515,40.52585400007171],[-74.228536000447576,40.525676999667574],[-74.230370999858224,40.525581999832696],[-74.231647999950383,40.525494999837029],[-74.233339000319305,40.525409999724339],[-74.235377000119541,40.525347999823211],[-74.237146000306268,40.525221000188047],[-74.238963000173584,40.525141000079287],[-74.239266999947191,40.525179999802802],[-74.239266999947191,40.525056999862272]]]},"properties":{"OBJECTID":170333,"GEOID":"360850226021","STATE":"36","COUNTY":"085","AREALAND":768456,"AREAWATER":710}},{"type":"Feature","id":170334,"geometry":{"type":"Polygon","coordinates":[[[-74.22453100009389,40.538196999900926],[-74.224525000246103,40.537437000164942],[-74.22453000026897,40.537028999933725],[-74.224268000328152,40.537086999974193],[-74.224142999756381,40.537114999810974],[-74.223787999929129,40.537194999962814],[-74.223300000032495,40.537289999720407],[-74.221349000270891,40.537455999785529],[-74.221028999705439,40.537484000150805],[-74.220774000335624,40.537505000075704],[-74.219463999733208,40.537614000230398],[-74.219427999748191,40.537617000019218],[-74.218933000178879,40.53765700014872],[-74.217800000026784,40.537750000306303],[-74.217738999927406,40.538030000155459],[-74.217709999615096,40.538311999810638],[-74.217677999828041,40.540130999730764],[-74.217769000064635,40.541126000079295],[-74.21800699971601,40.541828999720288],[-74.218082000059084,40.542011000244841],[-74.218164000074836,40.542226999873094],[-74.21843299968836,40.542936000031034],[-74.218443999559014,40.542964000153788],[-74.218532000320877,40.543174999751606],[-74.218737000360292,40.543667999686029],[-74.218886000323209,40.544070000077589],[-74.218994000278244,40.544309999904904],[-74.219297000226931,40.545053000070389],[-74.219543000274243,40.545700000166335],[-74.219815000260795,40.546438999828169],[-74.219871000337307,40.546576999782424],[-74.219974000269474,40.546834999854219],[-74.220058999759956,40.547079000076593],[-74.220066000330974,40.547097999692909],[-74.220081000399588,40.547137000289617],[-74.220091000445322,40.547161999977575],[-74.220359000233927,40.547835000302442],[-74.220551999679458,40.548324000077464],[-74.220649999588744,40.548605000090184],[-74.221202999782719,40.54782800026998],[-74.221667000288207,40.54712500010843],[-74.222106999605941,40.546390999955477],[-74.222585000355153,40.545493999846471],[-74.222982999840099,40.544663000059408],[-74.223233000085344,40.544140000201388],[-74.223270999720185,40.544061000212373],[-74.223469000086908,40.543570999962121],[-74.223715000134206,40.542793999764662],[-74.224052000418084,40.541518999818805],[-74.224223000122322,40.540791000329229],[-74.224377999933012,40.539977999687629],[-74.224458000298952,40.539269000307257],[-74.22453100009389,40.538196999900926]]]},"properties":{"OBJECTID":170334,"GEOID":"360850226011","STATE":"36","COUNTY":"085","AREALAND":478738,"AREAWATER":522}},{"type":"Feature","id":170425,"geometry":{"type":"Polygon","coordinates":[[[-74.103966000161179,40.595540999972513],[-74.104271999584611,40.595263999775767],[-74.103484999937237,40.594320000089404],[-74.102715000008303,40.593846000024286],[-74.10159100007705,40.593146000215484],[-74.100816999950155,40.592667999945583],[-74.100739999957256,40.592847000017308],[-74.10064100022305,40.593028000315229],[-74.100529999894974,40.59319600000633],[-74.100415000267233,40.593342999816144],[-74.100067000112688,40.593640999840289],[-74.099795999951041,40.593871000003723],[-74.09949200017742,40.59404800027297],[-74.099026999847013,40.594320000089404],[-74.098738000142021,40.594487999944874],[-74.098068999597118,40.594881000223609],[-74.097986999581352,40.594931000081282],[-74.097220999850379,40.59536500022179],[-74.095861999742453,40.595951000339014],[-74.094902999667653,40.596295999963871],[-74.094275999853835,40.596449000224091],[-74.093755000345254,40.596745000134888],[-74.095014999820634,40.597204000193088],[-74.096152999995596,40.597615999796531],[-74.097065000214755,40.597945000007414],[-74.097830999945728,40.598222000009727],[-74.098721000423581,40.598546000321534],[-74.099630000269698,40.598866000048126],[-74.100725999713546,40.597692000194279],[-74.101304000021869,40.597080000245789],[-74.10188900000287,40.597518999800542],[-74.102796000199163,40.596643999727306],[-74.103383999654895,40.596086999925255],[-74.103966000161179,40.595540999972513]]]},"properties":{"OBJECTID":170425,"GEOID":"360850177022","STATE":"36","COUNTY":"085","AREALAND":274954,"AREAWATER":0}},{"type":"Feature","id":170428,"geometry":{"type":"Polygon","coordinates":[[[-74.111950000030987,40.603329000132291],[-74.1126980002186,40.603067000118081],[-74.111924000091705,40.601719000064875],[-74.111555000020772,40.601063000168914],[-74.109527000266255,40.601585000108187],[-74.10943699985458,40.601261000202399],[-74.109335999572238,40.600892999996027],[-74.108968000224536,40.60024799980134],[-74.108481000152807,40.5993950001888],[-74.109215999921659,40.599087000000992],[-74.109093999722916,40.598985999721208],[-74.108985999767881,40.598874000123963],[-74.108891000231651,40.598755000175792],[-74.108816999713483,40.598636000015787],[-74.108752000314468,40.598496999686759],[-74.10869500041305,40.598306999795021],[-74.107590999674954,40.596268000319682],[-74.10699599964822,40.595182000152427],[-74.106654000239757,40.594556999885],[-74.105976000372323,40.594985999813339],[-74.105618999996963,40.59521500014602],[-74.105638000263525,40.595382999799014],[-74.105680000096314,40.595561000131944],[-74.105731000149959,40.595712000084994],[-74.105808999967763,40.595883999728954],[-74.105915000272972,40.596064000024711],[-74.106024999877832,40.596215000205952],[-74.106162999970095,40.596369999892701],[-74.106310000283187,40.596508999869478],[-74.106341000245308,40.596541999890206],[-74.106156000297375,40.59658500016149],[-74.105213999941,40.596367000007774],[-74.10500800007668,40.596125999946111],[-74.104883000403206,40.595980000083422],[-74.104271999584611,40.595263999775767],[-74.103966000161179,40.595540999972513],[-74.103383999654895,40.596086999925255],[-74.102796000199163,40.596643999727306],[-74.10188900000287,40.597518999800542],[-74.101304000021869,40.597080000245789],[-74.100725999713546,40.597692000194279],[-74.099630000269698,40.598866000048126],[-74.099370999803611,40.599138000043723],[-74.097845000189437,40.601427999781578],[-74.097546000438697,40.601985000099155],[-74.096917999901663,40.602133000239412],[-74.096517000043661,40.602425000052762],[-74.096250999904896,40.602655000007374],[-74.096077999652536,40.602977000251087],[-74.095780999551607,40.603448000122356],[-74.095501000067443,40.603578000339361],[-74.095342000058778,40.603613999840626],[-74.095019000018596,40.603588000240663],[-74.094351000196909,40.603491000043761],[-74.093458000244325,40.603355999690116],[-74.092608999774356,40.603229999841524],[-74.092586000208144,40.60514099976308],[-74.092652000330375,40.605658000114715],[-74.09268300029251,40.605912000288029],[-74.092777000003849,40.606439000288319],[-74.092761999935234,40.60659800005606],[-74.092660999652892,40.606799999966057],[-74.092400000435305,40.607071999731104],[-74.092257000320174,40.607208999679983],[-74.092029999641127,40.607426000144329],[-74.092145999992098,40.607409000196228],[-74.092268000190813,40.607379999953871],[-74.092383999643459,40.607339999881148],[-74.092429999674209,40.607319999835816],[-74.092547999674991,40.60729599990988],[-74.09266499985084,40.60725800006643],[-74.092766000133196,40.607210000161409],[-74.092867000415524,40.607143999724322],[-74.092946999883168,40.607071999731104],[-74.093006000332707,40.607001000144926],[-74.093062000409205,40.606901999837184],[-74.093089999998298,40.60681600026372],[-74.093101999693857,40.606739000202786],[-74.093120999960433,40.606680999806009],[-74.093153999572394,40.60663000006226],[-74.09320200015128,40.60658400000591],[-74.09326499990047,40.606548000058353],[-74.093346000091344,40.606520999743964],[-74.093429999756921,40.606511000281479],[-74.093488000381555,40.606515000203075],[-74.093602000184376,40.606519000124379],[-74.09370799959126,40.606511000281479],[-74.093803000025815,40.606493000290484],[-74.093912999630675,40.606457000293915],[-74.094013000088111,40.606407000190714],[-74.094099000301824,40.606346999881083],[-74.094157000028147,40.606291000134604],[-74.09445099975602,40.606029999954217],[-74.094581000350686,40.605713999709572],[-74.094633000229209,40.605670000031836],[-74.094695000153493,40.605638000248],[-74.094767000123511,40.60561699987003],[-74.094834999895582,40.605608999919163],[-74.094915000261523,40.605613999718095],[-74.094978999835618,40.605628999794561],[-74.095044000132944,40.60565700029202],[-74.095107999707054,40.605703000304388],[-74.095151000263058,40.605731999910425],[-74.095181000400302,40.60576500015231],[-74.095199999768553,40.605812999731114],[-74.095195999570606,40.605861999777055],[-74.095179999677086,40.605899999732287],[-74.095092999638439,40.605995000207855],[-74.095059000201559,40.606054000334737],[-74.095035999737036,40.606115999857096],[-74.095029000064343,40.606188000198223],[-74.095030999714155,40.606218999904435],[-74.095029999889235,40.606339000017599],[-74.095008000147942,40.606451999876079],[-74.094969999614804,40.60655500008756],[-74.094921000109295,40.606645999718616],[-74.094845999766235,40.606746000211992],[-74.094756000252858,40.606835999777871],[-74.094721000092761,40.606865000256299],[-74.094633000229209,40.606932000090609],[-74.094548999665307,40.607016999712464],[-74.094485000091211,40.607102999709284],[-74.094435999687406,40.607194999757837],[-74.09440499972527,40.60728299980434],[-74.094386000357005,40.607387999692747],[-74.094384999633775,40.607474999689678],[-74.094247000439822,40.607922000216078],[-74.094259999960315,40.608000000065651],[-74.094295999945317,40.608077000037646],[-74.094343999625906,40.608140999982339],[-74.094414999771004,40.608204000081138],[-74.094507999657424,40.608258000021117],[-74.094572000129844,40.60828300006694],[-74.094653000320704,40.608304000289188],[-74.094736999986296,40.608309999669473],[-74.094824000024929,40.60829800022637],[-74.094896999819852,40.608271999720586],[-74.094959999569042,40.608233999750091],[-74.095007000323022,40.608187000330943],[-74.095038000285157,40.608135999690504],[-74.095054000178706,40.608073000209593],[-74.095068000422401,40.607542000276396],[-74.095096000011495,40.607447999749795],[-74.095137999844283,40.607362999994109],[-74.095197000293822,40.607284000284714],[-74.095276999761438,40.60720700008099],[-74.095378999868714,40.607136999756797],[-74.095526000181806,40.607049000199993],[-74.095715000327701,40.606970999922474],[-74.095931000237755,40.606863999769658],[-74.096108999614671,40.606757999933762],[-74.096270000171458,40.606648999824223],[-74.096460999967178,40.606494999910851],[-74.09657899996796,40.6064140002347],[-74.096681999900127,40.606320999980284],[-74.096758999893012,40.606229999906709],[-74.096824000190324,40.606126999876309],[-74.096869000396183,40.606026000003595],[-74.096900000358318,40.605906999829372],[-74.096952000236854,40.605838000009605],[-74.097020999833816,40.605774999726407],[-74.097105000397733,40.605723000151613],[-74.097199000109057,40.605682999769172],[-74.097308999713917,40.605655999787302],[-74.097374999836148,40.605670000031836],[-74.097437999585338,40.605700999978318],[-74.097485000339333,40.605749000285101],[-74.09750600025572,40.605796999875345],[-74.097511000278601,40.605837000189609],[-74.097501000232839,40.605880999757396],[-74.097896000243054,40.606022000052782],[-74.098924999739779,40.60578599980181],[-74.101822000055719,40.605156999775886],[-74.101956999774927,40.604842999847541],[-74.102190000301746,40.604360000107981],[-74.102268000119551,40.604192999669777],[-74.102616000274097,40.603442000305613],[-74.102662000304846,40.603361000339582],[-74.102724000229145,40.603285000248498],[-74.102793999651013,40.603222000286991],[-74.102875999666779,40.603167999688125],[-74.102983999621813,40.603115000270407],[-74.103139000330827,40.603067000118081],[-74.103270999676994,40.603037000175902],[-74.103408999769258,40.603018999931287],[-74.103560000280311,40.603017000206926],[-74.1037000000224,40.603028000054195],[-74.103834999741608,40.603053000010341],[-74.103972999833871,40.603093999781748],[-74.104760000379571,40.603357000229281],[-74.105805999594708,40.603711999710825],[-74.107091000082747,40.604313000010507],[-74.108267999717469,40.604064999660011],[-74.108462999711151,40.604035000165709],[-74.109236999838046,40.603910999930747],[-74.109301000310452,40.603900000228791],[-74.110072999889212,40.603778999977813],[-74.11136199967693,40.603505000059762],[-74.111950000030987,40.603329000132291]]]},"properties":{"OBJECTID":170428,"GEOID":"360850177014","STATE":"36","COUNTY":"085","AREALAND":1005076,"AREAWATER":0}},{"type":"Feature","id":170429,"geometry":{"type":"Polygon","coordinates":[[[-74.221314999935714,40.550252999822327],[-74.221093000177859,40.549774000238102],[-74.220877000267791,40.549204000097561],[-74.220833999711772,40.549091999731914],[-74.220649999588744,40.548605000090184],[-74.220551999679458,40.548324000077464],[-74.220359000233927,40.547835000302442],[-74.220091000445322,40.547161999977575],[-74.219461000258477,40.547268000079825],[-74.218091000279912,40.547573999961955],[-74.217097000045001,40.547796000112207],[-74.215287999675283,40.548198000300992],[-74.214090000124187,40.548461000247933],[-74.2141129996904,40.548534999854745],[-74.214337999821296,40.549134999790866],[-74.214594999739234,40.549810000033837],[-74.214629999899358,40.549908000251811],[-74.21477700021245,40.550311000016791],[-74.214795999580716,40.550371000094479],[-74.214794999755782,40.550429000186796],[-74.214773999839394,40.550485000298792],[-74.214737000029473,40.550534999896108],[-74.214689000348898,40.550574999820064],[-74.213779999604483,40.550807999823782],[-74.213495000097424,40.551122000239531],[-74.213427000325353,40.551172999998499],[-74.213351999982308,40.551214000178057],[-74.213255999722833,40.55124899992861],[-74.21318100027807,40.55126599982038],[-74.213079000170822,40.5512769999889],[-74.212987000109308,40.551274000129283],[-74.212896999697634,40.551262000006815],[-74.212781000244988,40.551227000263061],[-74.212699000229222,40.551187000046006],[-74.21261600038855,40.551128999927691],[-74.212558999588836,40.55106999980287],[-74.212496999664538,40.551039999742606],[-74.212418000021827,40.551017000051303],[-74.212324000310502,40.551007999754489],[-74.212240999571492,40.551015000137141],[-74.211693000298752,40.551131999793796],[-74.212009999592823,40.551959000084373],[-74.212240999571492,40.552516000149396],[-74.212286999602256,40.552686999683431],[-74.212525000151956,40.553286999958587],[-74.212566999984745,40.553386999709268],[-74.212768999651118,40.553892999802663],[-74.212783999719733,40.553931999854839],[-74.21291500013929,40.554260999950749],[-74.213081999645553,40.554649000231137],[-74.213163999661319,40.554838999928315],[-74.213301999753583,40.555204999865687],[-74.213501999770116,40.555667999939217],[-74.214372000156487,40.555588000009386],[-74.214541000210886,40.555590999675744],[-74.214690999998709,40.555581000104823],[-74.214850000007374,40.555559999704236],[-74.215035999780213,40.555515999786067],[-74.215183000093305,40.555468000276669],[-74.215258000436378,40.555437000248226],[-74.217209000197997,40.554714999928422],[-74.217369999856473,40.554677000234733],[-74.217526000390379,40.554622000119068],[-74.217661999934521,40.554556000330123],[-74.217793000354078,40.554473000037824],[-74.217844000407709,40.554431999806106],[-74.217877000019669,40.554247999772286],[-74.217893999738109,40.554045000227731],[-74.217892999913204,40.553840000237876],[-74.217870000346991,40.55362800019423],[-74.217830000164014,40.553435000027982],[-74.217772000437677,40.553244999759421],[-74.217801999676595,40.553121000220216],[-74.217885000415578,40.55299300005872],[-74.218122000242047,40.552852999815187],[-74.218775999820039,40.552474000149175],[-74.221314999935714,40.550252999822327]]]},"properties":{"OBJECTID":170429,"GEOID":"360850208051","STATE":"36","COUNTY":"085","AREALAND":434780,"AREAWATER":0}},{"type":"Feature","id":170430,"geometry":{"type":"Polygon","coordinates":[[[-74.099370999803611,40.599138000043723],[-74.099630000269698,40.598866000048126],[-74.098721000423581,40.598546000321534],[-74.097830999945728,40.598222000009727],[-74.097065000214755,40.597945000007414],[-74.096152999995596,40.597615999796531],[-74.095014999820634,40.597204000193088],[-74.093755000345254,40.596745000134888],[-74.093363999634676,40.597032999804135],[-74.092724000300407,40.597464000105951],[-74.092285999734173,40.598082000248034],[-74.091928000432191,40.598503999877067],[-74.091782999768938,40.598719000103891],[-74.091778999570977,40.59923900009386],[-74.092837000278308,40.601089000068967],[-74.092822000209679,40.601809000261653],[-74.092720000102446,40.602498000147783],[-74.092608999774356,40.603229999841524],[-74.093458000244325,40.603355999690116],[-74.094351000196909,40.603491000043761],[-74.095019000018596,40.603588000240663],[-74.095342000058778,40.603613999840626],[-74.095501000067443,40.603578000339361],[-74.095780999551607,40.603448000122356],[-74.096077999652536,40.602977000251087],[-74.096250999904896,40.602655000007374],[-74.096517000043661,40.602425000052762],[-74.096917999901663,40.602133000239412],[-74.097546000438697,40.601985000099155],[-74.097845000189437,40.601427999781578],[-74.099370999803611,40.599138000043723]]]},"properties":{"OBJECTID":170430,"GEOID":"360850177021","STATE":"36","COUNTY":"085","AREALAND":311987,"AREAWATER":0}},{"type":"Feature","id":170456,"geometry":{"type":"Polygon","coordinates":[[[-74.254428999772855,40.502255999707415],[-74.254299000076529,40.501998000116707],[-74.254156999786289,40.501843999755678],[-74.254053999854122,40.501731000130825],[-74.253950000097049,40.501544000121889],[-74.25387499975399,40.501309000211641],[-74.253707000422807,40.500690999832123],[-74.253678999935403,40.500615999955748],[-74.253443999758758,40.500203000145227],[-74.253257000161,40.499922000018088],[-74.252909999831388,40.499613000298943],[-74.252581999768324,40.499416000093142],[-74.252132000404828,40.499191000034678],[-74.25159199973136,40.49894300009781],[-74.251287999957754,40.498740999703124],[-74.251204000292148,40.498647000008674],[-74.251138000169917,40.498533999780207],[-74.251053999606015,40.498375000049258],[-74.250969000115518,40.498233999689035],[-74.25086600018335,40.497999999861534],[-74.250574999930194,40.497709000058478],[-74.250190999790661,40.497250000028949],[-74.2496379995967,40.49683800007243],[-74.248765999560518,40.49616299970284],[-74.248020999745933,40.496064000024845],[-74.247628000283854,40.496044000189478],[-74.246993999899047,40.496059000237338],[-74.246760000445633,40.496082999760468],[-74.246506999827318,40.496177000314852],[-74.24621599957419,40.49638299990638],[-74.245896999731968,40.49662700008335],[-74.245616000422885,40.496869999973974],[-74.245171000183944,40.4971800001086],[-74.244926999786472,40.497291999809448],[-74.244735000165861,40.497344000314513],[-74.24382100029689,40.497480000131198],[-74.242938000390055,40.49752700012931],[-74.242540999831704,40.497512999799007],[-74.242381999823024,40.497493999785213],[-74.242315999700793,40.497465999791075],[-74.242119000057301,40.497390999724779],[-74.241987999637729,40.497427999731542],[-74.241621999939852,40.497512999799007],[-74.241416000075517,40.497558999702228],[-74.24107799996672,40.497524999984705],[-74.240918999958055,40.497625000310151],[-74.240693999827158,40.49764400028684],[-74.240524999772774,40.497606000328076],[-74.240318999908439,40.49750299975647],[-74.240113000044104,40.49745599974154],[-74.239757000391961,40.497493999785213],[-74.239522000215331,40.497681000154067],[-74.238782000423598,40.498506000220118],[-74.238481999949641,40.498788000184014],[-74.238266000039573,40.498908999715461],[-74.238107000030922,40.49893799984175],[-74.237891000120854,40.498881000311876],[-74.237773999944991,40.498830999737635],[-74.237629000180036,40.498816000309517],[-74.237506999981306,40.498843999740224],[-74.237450000079889,40.498919000231531],[-74.237431999638233,40.498956000078699],[-74.237431999638233,40.498965999904655],[-74.237431999638233,40.499069000279427],[-74.237489000437961,40.49916099996986],[-74.237450000079889,40.499274999871538],[-74.237366000414283,40.499406000334254],[-74.237254000261302,40.499565999712935],[-74.237046999673751,40.499752999771061],[-74.236850000030259,40.499903000003499],[-74.236663000432515,40.499977999993916],[-74.236615999678534,40.499977999993916],[-74.236578999868598,40.49996899967163],[-74.236512999746367,40.499941000027349],[-74.23628799961547,40.499893999671102],[-74.236486999807113,40.50041699990463],[-74.237908999664199,40.499698000330426],[-74.238102000008041,40.500208000306998],[-74.239011999679065,40.500025000291267],[-74.239917000225532,40.499842999814128],[-74.24077699966783,40.502340999805334],[-74.241638999658292,40.504831999925045],[-74.242538000356959,40.504651000161289],[-74.243449999677793,40.504468999940343],[-74.244329000285006,40.504290999794534],[-74.245201000321188,40.50411599978159],[-74.24609000007581,40.503940000018467],[-74.247023000211357,40.50375699993802],[-74.247936000255436,40.503570000112667],[-74.248829000208019,40.503388999675614],[-74.249702000069121,40.50321200006654],[-74.250521000401861,40.503041999921216],[-74.251364000125719,40.502878999975991],[-74.251830000281046,40.502773999998439],[-74.252890999564798,40.502696999728308],[-74.25352900014758,40.502443999779658],[-74.253930999830487,40.502320999792005],[-74.254428999772855,40.502255999707415]]]},"properties":{"OBJECTID":170456,"GEOID":"360850244022","STATE":"36","COUNTY":"085","AREALAND":822988,"AREAWATER":0}},{"type":"Feature","id":170457,"geometry":{"type":"Polygon","coordinates":[[[-74.258168999812682,40.508163000145174],[-74.258186000429433,40.507919000263506],[-74.257976000367151,40.507793000312965],[-74.255694000169427,40.507729999907411],[-74.255628999872101,40.507919000263506],[-74.255684999948599,40.50795599992756],[-74.25516899956456,40.508480999957349],[-74.255084999898983,40.508443999899924],[-74.2546639999495,40.508838999883245],[-74.254410000404604,40.508866000008098],[-74.254034999587546,40.509090999715198],[-74.25406300007495,40.509137999774218],[-74.253969000363625,40.509203000019582],[-74.253771999821822,40.509381000106217],[-74.253546999690911,40.509690999796888],[-74.253435000436241,40.509924999821628],[-74.253396999903089,40.510084000178111],[-74.253274999704374,40.510272000164761],[-74.253218999627848,40.510394000033983],[-74.253134999962271,40.510675000002422],[-74.253115999695694,40.511078000150107],[-74.253134999962271,40.511424999990815],[-74.253162999551364,40.511630999883359],[-74.253114000045869,40.512123999705608],[-74.252946999641296,40.512269000329482],[-74.251963000350429,40.512916000121244],[-74.251924999817291,40.513075000215444],[-74.251971999672961,40.513243999678849],[-74.252084999650862,40.513478000281559],[-74.252122000359094,40.513619000014003],[-74.252066000282596,40.513749999780721],[-74.251924999817291,40.513872000151743],[-74.25168299996794,40.514023000051694],[-74.250004000192902,40.515109000037839],[-74.250153999980739,40.515316000029571],[-74.249844000359332,40.515530999862406],[-74.249357000287617,40.515033999892978],[-74.249254000355464,40.515091000038019],[-74.249620000053355,40.515569999713719],[-74.248662999628351,40.516112999962488],[-74.248700000336584,40.516178000276071],[-74.24823199963312,40.516497000113567],[-74.247491000016495,40.515727999859941],[-74.247125000318619,40.515915999730296],[-74.246993999899047,40.516046999789694],[-74.246910000233456,40.516093999753849],[-74.246771000316286,40.516146000024492],[-74.246648000292637,40.516158000291369],[-74.246525000269003,40.516169999873114],[-74.246511000025293,40.516308999823558],[-74.24656299990383,40.516468999856755],[-74.246609999759485,40.516591000060892],[-74.246714000414883,40.516715000298355],[-74.246824999844648,40.516834000018726],[-74.246993999899047,40.516947000148726],[-74.247182000220036,40.517087000317638],[-74.247388000084342,40.517359000200273],[-74.247454000206588,40.517433999793063],[-74.247613000215239,40.517575000084236],[-74.247640999804347,40.51762199966015],[-74.247640999804347,40.51767799988184],[-74.247510000283086,40.51764100011863],[-74.247359999596938,40.517508999984862],[-74.247003999944795,40.517106000244873],[-74.246797000255555,40.516909000198808],[-74.246656999615155,40.516796999789683],[-74.246553999683002,40.516722000167228],[-74.246233000190941,40.516824999909517],[-74.245729000400786,40.517050000228267],[-74.245485000003328,40.517162999994262],[-74.245372000025398,40.517331000303514],[-74.245409999660239,40.517527999792499],[-74.245541000079825,40.517716000078856],[-74.245686999669672,40.517944999893473],[-74.245719000355038,40.518024999712921],[-74.24571000013421,40.518062999713266],[-74.245531999858983,40.518128000185001],[-74.245296999682338,40.518033999661043],[-74.245110000084594,40.518062999713266],[-74.244857000364604,40.518241000182741],[-74.244669000043615,40.518391000042648],[-74.244340999980579,40.518484000306252],[-74.244003999696673,40.518399999941629],[-74.243787999786605,40.518344000322969],[-74.243449999677793,40.518325000063726],[-74.243066000436571,40.51829699988744],[-74.242888000161329,40.51829699988744],[-74.242521999565128,40.518305999799047],[-74.242324999921635,40.518380999698202],[-74.242109999836472,40.51850299983758],[-74.241969000269464,40.518663000098044],[-74.241790999994251,40.518850000178794],[-74.241697000282926,40.518906000057697],[-74.241509999786857,40.518980999968534],[-74.241274999610212,40.519102999698923],[-74.241442999839705,40.519348000289192],[-74.241519000007685,40.519590999814618],[-74.241416000075517,40.519730999925315],[-74.24133200040994,40.519796999885841],[-74.241322000364192,40.519806000278926],[-74.241472000152015,40.520013000109437],[-74.241659999574679,40.519974999848657],[-74.241754000184315,40.519966000161112],[-74.241818999583344,40.520003000006945],[-74.241874999659828,40.520078000056294],[-74.241922000413823,40.52018100010568],[-74.24196000004865,40.520283999996799],[-74.242416000158229,40.520324999962476],[-74.242786000054082,40.52069600002735],[-74.242861000397156,40.521164000298533],[-74.242944000237827,40.521250000051381],[-74.242982999697574,40.52134900011459],[-74.24298199987264,40.521484000027293],[-74.24298199987264,40.521512999952805],[-74.242924999971265,40.521691000139249],[-74.242859999673925,40.521849999909932],[-74.242765999962586,40.52205599986798],[-74.242699999840355,40.522280999702112],[-74.242709999886102,40.522469000316683],[-74.242775000183414,40.522665999730307],[-74.242832999909751,40.522782999738823],[-74.242859999673925,40.523003000036461],[-74.24284100030566,40.523265999888579],[-74.242849999628177,40.523527999707014],[-74.242832000084832,40.523874999985658],[-74.242924999971265,40.524175000104954],[-74.243047000169994,40.524371999967322],[-74.243179000414472,40.524558999827931],[-74.243432000134462,40.524766000003595],[-74.243622000105248,40.524825000081755],[-74.243787999786605,40.524888000131028],[-74.243879000023199,40.524959999822144],[-74.246536000139656,40.524778999759114],[-74.24678200018694,40.524770999699776],[-74.246083000403118,40.521274999839719],[-74.24602700032662,40.520995000311956],[-74.246019999755603,40.520958000330751],[-74.253016999961503,40.516369000307563],[-74.254048000006335,40.515692000187848],[-74.254094999862005,40.515661000189212],[-74.254760000208961,40.514516999862956],[-74.255710000062962,40.512881000148653],[-74.25628699964804,40.511887000267023],[-74.256983999782051,40.510687999758545],[-74.257233000202376,40.510259000327984],[-74.258128999629704,40.508716999917098],[-74.258168999812682,40.508163000145174]]]},"properties":{"OBJECTID":170457,"GEOID":"360850248000","STATE":"36","COUNTY":"085","AREALAND":0,"AREAWATER":687380}},{"type":"Feature","id":170458,"geometry":{"type":"Polygon","coordinates":[[[-74.169919000374179,40.573973999880195],[-74.169834999810277,40.570878999981097],[-74.168452000311234,40.571633999999129],[-74.167781999941425,40.571998000260386],[-74.166677000276721,40.572601999999328],[-74.166221999992061,40.572856000206393],[-74.164681000309272,40.573717000286734],[-74.164554999912582,40.573787000122493],[-74.163933999946565,40.574174000202945],[-74.16179099966601,40.575370000082209],[-74.162430000073712,40.575713999858401],[-74.163054000412771,40.576051000101948],[-74.163779999960767,40.576444000244258],[-74.164378000360571,40.576840999775158],[-74.163733000105111,40.577445999707919],[-74.163699999594826,40.577732000141125],[-74.163480000385107,40.579283000116128],[-74.162805999817323,40.581241000212486],[-74.16273800004528,40.58152899979823],[-74.162650000181742,40.581807999941454],[-74.162551000447536,40.58206000032505],[-74.162423000401006,40.582331999781964],[-74.162278999562645,40.582589999880156],[-74.162141000368706,40.582805000111399],[-74.161989999857653,40.583015000209613],[-74.161814000130548,40.583233000231324],[-74.161607000441322,40.583461999880171],[-74.161423000318308,40.58364300033783],[-74.161245999867973,40.583805000196406],[-74.161008000216597,40.58405599973301],[-74.160333999648827,40.584794999675552],[-74.160778000062834,40.585045000141534],[-74.161164999677112,40.585261000113675],[-74.161517999854539,40.585462000247595],[-74.162028000390791,40.585752999758142],[-74.162267999691991,40.585890999857057],[-74.162989999940351,40.586299999931057],[-74.164204000283291,40.586987999917504],[-74.164400999926798,40.587104000042942],[-74.164611999813999,40.587228000072173],[-74.164842999792654,40.587364999760105],[-74.167613999711932,40.588927000257463],[-74.167689999879912,40.58882799978592],[-74.167726999689833,40.58877900021492],[-74.167807000055788,40.588648999870522],[-74.167827000147255,40.588616000047203],[-74.1678720003531,40.588523000271564],[-74.168075999669298,40.587897999839861],[-74.168212999936642,40.587302999901254],[-74.168524000281252,40.586106999825837],[-74.168592999878229,40.585802000181801],[-74.168713000427147,40.585284000319128],[-74.168797000092738,40.584286000117643],[-74.168953999553267,40.583101999862201],[-74.169021000398729,40.582625999767124],[-74.169052000360864,40.582399999814513],[-74.169078000300132,40.582205999880124],[-74.169471999587117,40.579372999811895],[-74.169731000053218,40.576964999726705],[-74.169756000167567,40.576688999939179],[-74.169919000374179,40.573973999880195]]]},"properties":{"OBJECTID":170458,"GEOID":"360850277022","STATE":"36","COUNTY":"085","AREALAND":922022,"AREAWATER":0}},{"type":"Feature","id":170459,"geometry":{"type":"Polygon","coordinates":[[[-74.164378000360571,40.576840999775158],[-74.163779999960767,40.576444000244258],[-74.163054000412771,40.576051000101948],[-74.162430000073712,40.575713999858401],[-74.162119999553994,40.575982000172054],[-74.162225000034283,40.57616200013647],[-74.161625999809587,40.576714999765009],[-74.161296999921618,40.577881000304608],[-74.160974999706326,40.57793999999835],[-74.160664000260013,40.577716999946006],[-74.160433000281344,40.577551000063885],[-74.159863000368944,40.578010999745793],[-74.159442000419475,40.578314999888136],[-74.159461999612631,40.578530000214165],[-74.158628999934507,40.57925500017091],[-74.159374999574013,40.579844999705749],[-74.159507999643395,40.579783999908294],[-74.16007599990597,40.579924999982119],[-74.160535000388592,40.580082999837565],[-74.160927000025751,40.580300999863226],[-74.161543999793807,40.580632999895677],[-74.161660000144764,40.580695999993239],[-74.161958000070612,40.580855999779466],[-74.162805999817323,40.581241000212486],[-74.163480000385107,40.579283000116128],[-74.163699999594826,40.577732000141125],[-74.163733000105111,40.577445999707919],[-74.164378000360571,40.576840999775158]]]},"properties":{"OBJECTID":170459,"GEOID":"360850277023","STATE":"36","COUNTY":"085","AREALAND":141673,"AREAWATER":0}},{"type":"Feature","id":170460,"geometry":{"type":"Polygon","coordinates":[[[-74.161265000134563,40.588076999718801],[-74.160521000144882,40.587641999934931],[-74.15977499960708,40.587207000050391],[-74.159018999921841,40.58678700027648],[-74.158248999992907,40.586363000148843],[-74.157480999713798,40.585941000297204],[-74.156716999632636,40.5855210000772],[-74.155930999810181,40.585087000171818],[-74.153894999659769,40.587149999860586],[-74.154681000380535,40.587594000270037],[-74.155071000367883,40.587813999872509],[-74.157659999813944,40.589283000032225],[-74.158442000336763,40.589726999923982],[-74.159193999824041,40.590151999925851],[-74.160313999557346,40.589028000043136],[-74.161265000134563,40.588076999718801]]]},"properties":{"OBJECTID":170460,"GEOID":"360850277052","STATE":"36","COUNTY":"085","AREALAND":162114,"AREAWATER":0}},{"type":"Feature","id":170461,"geometry":{"type":"Polygon","coordinates":[[[-74.162989999940351,40.586299999931057],[-74.162267999691991,40.585890999857057],[-74.162028000390791,40.585752999758142],[-74.161517999854539,40.585462000247595],[-74.161164999677112,40.585261000113675],[-74.160778000062834,40.585045000141534],[-74.160333999648827,40.584794999675552],[-74.15970900038316,40.584463999973245],[-74.158917999639499,40.584041000273686],[-74.158474000123817,40.583805999663682],[-74.15830699971923,40.583715999792084],[-74.158198999764195,40.583657999886405],[-74.158140000212967,40.58362599979931],[-74.157665999661731,40.583375000013575],[-74.155930999810181,40.585087000171818],[-74.156716999632636,40.5855210000772],[-74.157480999713798,40.585941000297204],[-74.158248999992907,40.586363000148843],[-74.159018999921841,40.58678700027648],[-74.15977499960708,40.587207000050391],[-74.160521000144882,40.587641999934931],[-74.161265000134563,40.588076999718801],[-74.162989999940351,40.586299999931057]]]},"properties":{"OBJECTID":170461,"GEOID":"360850277053","STATE":"36","COUNTY":"085","AREALAND":135764,"AREAWATER":0}},{"type":"Feature","id":170462,"geometry":{"type":"Polygon","coordinates":[[[-74.163111000314174,40.592662999860472],[-74.163317000178509,40.592507999765488],[-74.162413000355272,40.591988999973942],[-74.159938999638612,40.590579000051797],[-74.159193999824041,40.590151999925851],[-74.158530000200301,40.590908000100718],[-74.157099999947292,40.592424000131572],[-74.156366000003374,40.593197000015401],[-74.157957999739779,40.594087000118989],[-74.158003999770528,40.594119999970907],[-74.158433000115934,40.594358999776773],[-74.158915999989674,40.594629999704658],[-74.159891999782943,40.595169999716632],[-74.160354999565229,40.595342000072868],[-74.161900000344275,40.595298999684253],[-74.161898999621059,40.595142000283005],[-74.161937999979102,40.594572999702791],[-74.161999000078481,40.594341999915827],[-74.162066999850552,40.594135999893275],[-74.162165999584744,40.593892999977939],[-74.162280000285861,40.593662999890128],[-74.162424000225911,40.593417000284852],[-74.162604000150978,40.593157000322748],[-74.16275499976372,40.592988999851514],[-74.162912000122546,40.59283499984457],[-74.163111000314174,40.592662999860472]]]},"properties":{"OBJECTID":170462,"GEOID":"360850277061","STATE":"36","COUNTY":"085","AREALAND":186202,"AREAWATER":0}},{"type":"Feature","id":170520,"geometry":{"type":"Polygon","coordinates":[[[-74.126609999716308,40.60424099969552],[-74.126488000415875,40.60359700028696],[-74.126355000346493,40.602899999859439],[-74.126202000185614,40.602086999816187],[-74.126116999796793,40.601672000156448],[-74.126052000397792,40.601293999923598],[-74.125893000389141,40.600488000109095],[-74.12576399961938,40.599791000001609],[-74.125634999747959,40.599112000066924],[-74.125453000173096,40.598137000116296],[-74.125368999609194,40.598138000051485],[-74.125221000369478,40.598149999954543],[-74.125074000056387,40.598173999754152],[-74.12493000011635,40.598211000053674],[-74.124812999940488,40.598253000000128],[-74.12467499984821,40.59831599987028],[-74.124542999603733,40.598394999948447],[-74.123899000071503,40.598764000190727],[-74.123185000219067,40.599195000246134],[-74.12264299989576,40.599419000223591],[-74.122293999916295,40.599686999685403],[-74.120771999601786,40.600671999875168],[-74.120554000041906,40.601022999725821],[-74.120569999935412,40.601236000258098],[-74.120595999874695,40.60181000014191],[-74.120640000255619,40.602476000277044],[-74.120686000286369,40.603083999806536],[-74.121584000261834,40.602988999967565],[-74.122483000062189,40.602972000254894],[-74.123389000433562,40.602958000127252],[-74.123391999908307,40.603444999873062],[-74.123683999986355,40.60398899968736],[-74.123721999621182,40.604395000028461],[-74.12469199956665,40.604351000164421],[-74.125675999755828,40.604300999849748],[-74.126609999716308,40.60424099969552]]]},"properties":{"OBJECTID":170520,"GEOID":"360850187042","STATE":"36","COUNTY":"085","AREALAND":226206,"AREAWATER":0}},{"type":"Feature","id":170521,"geometry":{"type":"Polygon","coordinates":[[[-74.127322999743825,40.608661000329597],[-74.127296999804571,40.608449000052303],[-74.127233000230461,40.608156000173622],[-74.126905999992317,40.606006000247049],[-74.126609999716308,40.60424099969552],[-74.125675999755828,40.604300999849748],[-74.12469199956665,40.604351000164421],[-74.123721999621182,40.604395000028461],[-74.123683999986355,40.60398899968736],[-74.123391999908307,40.603444999873062],[-74.123389000433562,40.602958000127252],[-74.122483000062189,40.602972000254894],[-74.121584000261834,40.602988999967565],[-74.120686000286369,40.603083999806536],[-74.120737000339986,40.603846000177683],[-74.120781999647519,40.604531000169189],[-74.120835000249286,40.605215000131203],[-74.120919999739783,40.606358999674541],[-74.121169999985042,40.60883399984845],[-74.12127299991721,40.60936199976171],[-74.121339000039441,40.609683999745641],[-74.121384000245286,40.609899000156631],[-74.12317799964805,40.609419000111238],[-74.124195000347513,40.609210000183296],[-74.125844999810255,40.608861999685118],[-74.127322999743825,40.608661000329597]]]},"properties":{"OBJECTID":170521,"GEOID":"360850187041","STATE":"36","COUNTY":"085","AREALAND":312588,"AREAWATER":0}},{"type":"Feature","id":170522,"geometry":{"type":"Polygon","coordinates":[[[-74.21184399991148,40.536655999815558],[-74.211803999728502,40.536289000048299],[-74.211706999644136,40.535949999959833],[-74.211622000153625,40.535269000205048],[-74.211088000226241,40.530261000252537],[-74.21105399989105,40.529959999791807],[-74.211031000324823,40.529754000228394],[-74.209081000388153,40.530291000061034],[-74.20787299989297,40.530570999674438],[-74.203063000348564,40.531961000308641],[-74.202962000066222,40.531986999756974],[-74.202997000226304,40.532119000056859],[-74.203019999792531,40.532206000329559],[-74.203092999587469,40.532483000115896],[-74.203403999932092,40.533156999994112],[-74.20372600014737,40.533822000044907],[-74.204044999989591,40.534493999701674],[-74.204353999786093,40.535160999842589],[-74.204681000024237,40.535836000275701],[-74.204994999843592,40.53649699966838],[-74.205317999883775,40.537171000132091],[-74.205636999725996,40.537838000248456],[-74.208522000346392,40.537039000226777],[-74.21184399991148,40.536655999815558]]]},"properties":{"OBJECTID":170522,"GEOID":"360850208034","STATE":"36","COUNTY":"085","AREALAND":451551,"AREAWATER":0}},{"type":"Feature","id":170523,"geometry":{"type":"Polygon","coordinates":[[[-74.248007000400548,40.543093999838995],[-74.247922000011727,40.54305599969458],[-74.247687999659988,40.543102999834133],[-74.247106999876948,40.542708999749635],[-74.246648000292637,40.542297999962265],[-74.246440999705101,40.542165999919071],[-74.246244000061594,40.541856000211894],[-74.246112999642023,40.541556000054214],[-74.245935000265106,40.541208999848102],[-74.245756999989879,40.540993999774614],[-74.245531999858983,40.540722000229685],[-74.245474999957565,40.540534000300369],[-74.245438000147658,40.540233999683487],[-74.245465999736751,40.539944000313255],[-74.245438000147658,40.539663000144941],[-74.245391000291974,40.539446999758489],[-74.245315999948915,40.539119000064943],[-74.245269000093231,40.538930999733033],[-74.245156999940249,40.538705999815207],[-74.245024999695787,40.538433999855229],[-74.244987999885851,40.538358999865309],[-74.244894000174526,40.538246999796876],[-74.244857000364604,40.538209000316272],[-74.244978999665022,40.538209000316272],[-74.245100000038846,40.538227999717918],[-74.245242000329057,40.538247999944595],[-74.245428999926816,40.538190999692446],[-74.245521999813235,40.538116000113142],[-74.245663000278554,40.537834000315648],[-74.245746999944132,40.537619000333457],[-74.245756999989879,40.537468999810294],[-74.245737999723303,40.537243999761216],[-74.245700000088462,40.5371500001025],[-74.245568999668905,40.536868999820747],[-74.245362999804584,40.536755999822184],[-74.245203999795919,40.536634000135457],[-74.245007000152427,40.536391000270932],[-74.244696999632723,40.536325000265101],[-74.244331999759737,40.536221999764031],[-74.243937999574442,40.536128000036868],[-74.243581999922299,40.535959000232012],[-74.243282000346639,40.535733999890901],[-74.243104000071398,40.535575000286485],[-74.242868999894739,40.535424999966033],[-74.242738000373507,40.535209000252777],[-74.242682000297023,40.535040999690878],[-74.242521999565128,40.534796999994029],[-74.242334999967369,40.534638000214244],[-74.242156999692142,40.534440999804886],[-74.242062999980817,40.534271999841231],[-74.242006999904319,40.534019000226024],[-74.242016000125147,40.533775000221084],[-74.242053999759989,40.533597000037553],[-74.242129000103048,40.533531000010406],[-74.242212999768626,40.53344700006803],[-74.242241000256044,40.533391000047942],[-74.242278999890885,40.533204999791678],[-74.242288000111699,40.53308100001675],[-74.242268999845123,40.532913000263967],[-74.242043999714241,40.532659000065486],[-74.241847000070734,40.532527999696974],[-74.241688000062084,40.532237999742215],[-74.24156599986334,40.531787999941017],[-74.241482000197749,40.531394000219137],[-74.241462999931187,40.531066000018036],[-74.241556999642512,40.530719000099701],[-74.241724999872019,40.530438000157567],[-74.24183799984992,40.530258999718576],[-74.242035000391724,40.529941000093892],[-74.242227000012335,40.529628999936044],[-74.24241899963296,40.529125000078949],[-74.242600000281243,40.528412999673698],[-74.242859999673925,40.528102999828313],[-74.242924999971265,40.528009000318697],[-74.242944000237827,40.527963000132893],[-74.242954000283561,40.527774999906335],[-74.242931999643943,40.527517000167869],[-74.242944000237827,40.527231000260414],[-74.242991000093483,40.527043999661025],[-74.243104000071398,40.526828000243604],[-74.243293000217278,40.526542000127186],[-74.243459999723555,40.52627500021574],[-74.243571999876536,40.526040999894455],[-74.24362899977794,40.525778000005587],[-74.243769000418339,40.525365999800435],[-74.24385399990885,40.525233999855267],[-74.243966000061846,40.525253000204792],[-74.244041000404906,40.525253000204792],[-74.244049999727423,40.525197000165463],[-74.243993999650925,40.525121999698001],[-74.243937999574442,40.525066000232009],[-74.243879000023199,40.524959999822144],[-74.243654999717222,40.524975000231741],[-74.239266999947191,40.525179999802802],[-74.238963000173584,40.525141000079287],[-74.237146000306268,40.525221000188047],[-74.235377000119541,40.525347999823211],[-74.233339000319305,40.525409999724339],[-74.231647999950383,40.525494999837029],[-74.230370999858224,40.525581999832696],[-74.228536000447576,40.525676999667574],[-74.226405999687515,40.52585400007171],[-74.223617000224891,40.526292000300664],[-74.223621000422852,40.526512000006036],[-74.223622000247772,40.526602000329149],[-74.223628999920479,40.526994999914322],[-74.223643000164174,40.52772799993798],[-74.223973999701954,40.53107700009037],[-74.224083000380219,40.531862999776337],[-74.22413699990858,40.532292000252696],[-74.224253000259537,40.533695000082055],[-74.22441899994088,40.534859000029208],[-74.224483000413315,40.535718000338505],[-74.224541000139624,40.536410999680569],[-74.22453000026897,40.537028999933725],[-74.224525000246103,40.537437000164942],[-74.22453100009389,40.538196999900926],[-74.224458000298952,40.539269000307257],[-74.224377999933012,40.539977999687629],[-74.224223000122322,40.540791000329229],[-74.224052000418084,40.541518999818805],[-74.223715000134206,40.542793999764662],[-74.223469000086908,40.543570999962121],[-74.223270999720185,40.544061000212373],[-74.223233000085344,40.544140000201388],[-74.222982999840099,40.544663000059408],[-74.222585000355153,40.545493999846471],[-74.222106999605941,40.546390999955477],[-74.221667000288207,40.54712500010843],[-74.221202999782719,40.54782800026998],[-74.220649999588744,40.548605000090184],[-74.220833999711772,40.549091999731914],[-74.220877000267791,40.549204000097561],[-74.221093000177859,40.549774000238102],[-74.221314999935714,40.550252999822327],[-74.223296999659453,40.54904699967247],[-74.223478000307736,40.548920999891131],[-74.223670999753281,40.548802999794255],[-74.223890999861297,40.54868600016399],[-74.22410500012154,40.548587000212144],[-74.224353999643569,40.548489000108766],[-74.22461099956152,40.548404999808547],[-74.224844000088339,40.548343000023138],[-74.225294000350118,40.548240000252846],[-74.225608999994392,40.548158000322395],[-74.225901000072454,40.548074000289617],[-74.226277999640999,40.547951000051448],[-74.226659000305816,40.547811000188055],[-74.227010999760012,40.547665999996667],[-74.227344999670834,40.547514000108677],[-74.227687999802512,40.54734100031034],[-74.227986999553266,40.547177000195411],[-74.228291000225212,40.546994000038453],[-74.228534999724346,40.546834999854219],[-74.228764000053204,40.54667499995324],[-74.228872999833158,40.546601999679417],[-74.229783000402506,40.545968999878639],[-74.230515999623179,40.54545599969839],[-74.235571000288303,40.551395999773199],[-74.236372000179372,40.552337999935105],[-74.236541000233771,40.552169000072183],[-74.236568999822865,40.552075000198037],[-74.236549999556303,40.55199999978273],[-74.236249999980643,40.551644000232955],[-74.236174999637569,40.551474999983569],[-74.236166000315038,40.551259000146537],[-74.236222000391564,40.551034000001962],[-74.236335000369465,40.550827999707188],[-74.236438000301632,40.550641000120187],[-74.236597000310269,40.550480999756047],[-74.23682200044118,40.550340999721058],[-74.23716899987248,40.550238000293454],[-74.237384999782549,40.55020000010672],[-74.237656999769129,40.55009699977964],[-74.237806999556952,40.549881000275718],[-74.237974999786445,40.549684000322898],[-74.238229000229651,40.549356000245368],[-74.23862199969173,40.548980999849071],[-74.239316000350996,40.548466000223954],[-74.240000000066203,40.547950000048594],[-74.240544000039336,40.547546999727459],[-74.241228999579448,40.547219000104953],[-74.24170700032866,40.547012999678891],[-74.241931999561245,40.546956000058806],[-74.242217999791507,40.546925000185169],[-74.242565000121147,40.546979999796982],[-74.242720999756756,40.547081000108292],[-74.242924999971265,40.54712500010843],[-74.243591000143113,40.54764999988101],[-74.246178999764268,40.545633999774942],[-74.246699000346254,40.544858999715139],[-74.247631999583504,40.54350600027265],[-74.247706999926564,40.543525000219894],[-74.248007000400548,40.543093999838995]]]},"properties":{"OBJECTID":170523,"GEOID":"360850226022","STATE":"36","COUNTY":"085","AREALAND":4389519,"AREAWATER":27026}},{"type":"Feature","id":170524,"geometry":{"type":"Polygon","coordinates":[[[-74.077801999775929,40.579249999765267],[-74.076887000082039,40.578698999709317],[-74.076030999939377,40.578301000055575],[-74.073815999688804,40.580448000045941],[-74.069531999675874,40.584692000046793],[-74.064955999584882,40.589010000119522],[-74.065641000023319,40.589622000261791],[-74.065774999917622,40.589767999682302],[-74.065743000130567,40.589808000037962],[-74.065722000214151,40.58985600016026],[-74.065718999841096,40.589917000322856],[-74.065738999932606,40.5899750002581],[-74.065779000115569,40.590024000317072],[-74.06582900034428,40.590059000239762],[-74.066626000037388,40.590341999799371],[-74.068664999662559,40.58835499975482],[-74.070096999565394,40.5866099998888],[-74.070265999619792,40.586438999693677],[-74.071201000303489,40.585339999926141],[-74.071422000236424,40.58509499984968],[-74.072022000286054,40.584632000030986],[-74.072661999620323,40.584149000262578],[-74.073420999678603,40.58339300008933],[-74.074332999897763,40.582483999759297],[-74.074768999915861,40.582118999744345],[-74.077801999775929,40.579249999765267]]]},"properties":{"OBJECTID":170524,"GEOID":"360850070024","STATE":"36","COUNTY":"085","AREALAND":277319,"AREAWATER":0}},{"type":"Feature","id":170525,"geometry":{"type":"Polygon","coordinates":[[[-74.213501999770116,40.555667999939217],[-74.213301999753583,40.555204999865687],[-74.213163999661319,40.554838999928315],[-74.213081999645553,40.554649000231137],[-74.21291500013929,40.554260999950749],[-74.21094500011111,40.555054999819987],[-74.21078799975227,40.55474800009393],[-74.210406999985764,40.553779999855784],[-74.210129000151426,40.553177000128606],[-74.209831000225591,40.552423999951991],[-74.209517000406237,40.551603000316625],[-74.20921100008448,40.550869000098025],[-74.208881000371591,40.549974999816776],[-74.208570000026967,40.549260999852109],[-74.208271000276227,40.548526999901206],[-74.207646999937168,40.546929000257776],[-74.20708500042069,40.545605000047829],[-74.206800000015335,40.544888999813836],[-74.206465000279579,40.544108999707007],[-74.206128999820606,40.543542000024431],[-74.20563400025128,40.542663000098095],[-74.205245000088837,40.541967999707893],[-74.204500000274265,40.541961999837177],[-74.203491999795631,40.542152000033674],[-74.20218200009154,40.542381999730182],[-74.202074000136506,40.542428999660054],[-74.201952999762682,40.542462999821133],[-74.201847000355784,40.542477999726053],[-74.201828000089222,40.542480999979723],[-74.20171000008844,40.542484000233216],[-74.201617000202006,40.542475000154958],[-74.201120999909463,40.542615000249903],[-74.200424999600372,40.542804999959515],[-74.200239999652439,40.542846999880098],[-74.199529000173058,40.54294299989219],[-74.199300999669106,40.542966000308425],[-74.198652999938915,40.543037999690497],[-74.198346999617172,40.54307200022506],[-74.197308000074713,40.543262000003693],[-74.198409000439753,40.545306999700053],[-74.19860500025834,40.545680000116668],[-74.199120999744068,40.546709000006828],[-74.199849999665105,40.548132000323498],[-74.200144000291289,40.548800999813977],[-74.200970000296721,40.550789999855297],[-74.201850999655434,40.552689000230217],[-74.202162000000058,40.553359999770848],[-74.202248000213771,40.553570000142635],[-74.202628000155372,40.554342999915932],[-74.202910000187686,40.554945000164452],[-74.203213000136373,40.555776000000023],[-74.203342999832714,40.55613299998496],[-74.203984999715132,40.556616999859344],[-74.204932000094402,40.557213000267296],[-74.205144999631429,40.557346999726988],[-74.205703999673148,40.557502000081485],[-74.206461000081617,40.557590000008545],[-74.207031999818923,40.557615999747718],[-74.207708999861424,40.557517000030714],[-74.208253999659476,40.557429999868944],[-74.209088999885751,40.557323000291674],[-74.209803999563093,40.557185999824178],[-74.21031499992425,40.557092000168247],[-74.210588999560656,40.557021000064758],[-74.211257000280639,40.55679000026435],[-74.212008999767917,40.556513999847731],[-74.212329000333384,40.556367000318794],[-74.212593999748918,40.556208999745571],[-74.212890000024942,40.556005000121331],[-74.213501999770116,40.555667999939217]]]},"properties":{"OBJECTID":170525,"GEOID":"360850208062","STATE":"36","COUNTY":"085","AREALAND":1172847,"AREAWATER":0}},{"type":"Feature","id":170526,"geometry":{"type":"Polygon","coordinates":[[[-74.21291500013929,40.554260999950749],[-74.212783999719733,40.553931999854839],[-74.212768999651118,40.553892999802663],[-74.212566999984745,40.553386999709268],[-74.212525000151956,40.553286999958587],[-74.212286999602256,40.552686999683431],[-74.212240999571492,40.552516000149396],[-74.212009999592823,40.551959000084373],[-74.211693000298752,40.551131999793796],[-74.211474000015627,40.550543000292372],[-74.211426000335038,40.550373999994591],[-74.211268000151293,40.549969999953468],[-74.211073000157626,40.549522999740567],[-74.21102499957874,40.549397000172277],[-74.210781999904498,40.548785999959875],[-74.210526999636357,40.54814200032429],[-74.210494999849317,40.548052000263574],[-74.209884999753939,40.546430000281262],[-74.209048999702773,40.54429200023781],[-74.208799000355839,40.543671999953148],[-74.207973000350407,40.541670999659054],[-74.206989999986121,40.54174700013251],[-74.205245000088837,40.541967999707893],[-74.20563400025128,40.542663000098095],[-74.206128999820606,40.543542000024431],[-74.206465000279579,40.544108999707007],[-74.206800000015335,40.544888999813836],[-74.20708500042069,40.545605000047829],[-74.207646999937168,40.546929000257776],[-74.208271000276227,40.548526999901206],[-74.208570000026967,40.549260999852109],[-74.208881000371591,40.549974999816776],[-74.20921100008448,40.550869000098025],[-74.209517000406237,40.551603000316625],[-74.209831000225591,40.552423999951991],[-74.210129000151426,40.553177000128606],[-74.210406999985764,40.553779999855784],[-74.21078799975227,40.55474800009393],[-74.21094500011111,40.555054999819987],[-74.21291500013929,40.554260999950749]]]},"properties":{"OBJECTID":170526,"GEOID":"360850208061","STATE":"36","COUNTY":"085","AREALAND":296925,"AREAWATER":0}},{"type":"Feature","id":170553,"geometry":{"type":"Polygon","coordinates":[[[-74.208924000029299,40.579689999921399],[-74.209094999733537,40.578853000201725],[-74.206066999896322,40.579604999667062],[-74.206016999667611,40.579818999731771],[-74.205962000314329,40.580046999946553],[-74.205527000121137,40.581499999926912],[-74.205028000353863,40.581723999830068],[-74.203641999583482,40.585316999739902],[-74.204106999913876,40.586792000118763],[-74.204383999923309,40.588412999680472],[-74.2040590002333,40.589633000266645],[-74.20233600007731,40.591483000017256],[-74.199056000345053,40.594898999931132],[-74.198000000185843,40.596617000186797],[-74.19739299956521,40.596878000290268],[-74.197437999771054,40.598460000227625],[-74.197022999669358,40.59875899987945],[-74.197040000286108,40.599983000265219],[-74.198381999777268,40.600678999837776],[-74.198791000031179,40.600891000208065],[-74.199452000180173,40.601805999938733],[-74.20014900031417,40.603682999910326],[-74.202629999805197,40.605860999957471],[-74.202312999612786,40.608887000186982],[-74.202459999925878,40.60974099982046],[-74.202357999818631,40.613155000269181],[-74.200771999930012,40.614230000258175],[-74.200444999691854,40.616077999882634],[-74.200382999767584,40.616430999976707],[-74.201291999613687,40.619045999878743],[-74.201090999772234,40.620198999789707],[-74.201576000194137,40.62304199967803],[-74.201671999555288,40.623604999905112],[-74.201545000231974,40.625019999731194],[-74.201459999843181,40.62595000005637],[-74.201155000244654,40.629351000005755],[-74.200514000187155,40.63147099989736],[-74.199336999654122,40.632886000089847],[-74.198765999916816,40.633138000192481],[-74.198486000432638,40.633057000092791],[-74.197873999789152,40.632812999787781],[-74.197476000304192,40.632785999861333],[-74.197364999976116,40.63282699979586],[-74.197130999624378,40.633101000142297],[-74.19698199966146,40.633169999758756],[-74.196517000229377,40.633355000295147],[-74.196450000282226,40.633440999795141],[-74.19646100015288,40.633509999741925],[-74.196768000299542,40.633696000102873],[-74.196841000094466,40.633856999934643],[-74.196829000398907,40.634023999858059],[-74.196579000153648,40.63436300018968],[-74.196626000009317,40.634455000195928],[-74.196785999842902,40.634532999746192],[-74.19598800032486,40.635171999946259],[-74.197135999647259,40.635699000252593],[-74.19737599984677,40.63583400002139],[-74.197446999991897,40.635874000077166],[-74.198164000217375,40.634786999905145],[-74.200176000078358,40.633270000093901],[-74.200668000172925,40.632900000082664],[-74.202399999651433,40.631591999769988],[-74.202327999681401,40.62990699991915],[-74.202280999825746,40.628781000063789],[-74.202707999623001,40.627635000211662],[-74.203458000358779,40.625623999915021],[-74.20361700036743,40.62519800022659],[-74.203925000338998,40.624370000136466],[-74.2025450003147,40.617379999997652],[-74.202424999765782,40.616770000289485],[-74.202571000253968,40.616521000136949],[-74.203889000353982,40.614275999824876],[-74.204833000360196,40.606062000232335],[-74.203682999591351,40.604816000208359],[-74.202366000214553,40.603388999741128],[-74.199589000447517,40.600381999709981],[-74.199589000447517,40.597845999927678],[-74.20030300029994,40.596918999756554],[-74.202460999750798,40.594117999980384],[-74.203290999954191,40.593041999793996],[-74.203604999773546,40.59263500005914],[-74.204244000181234,40.59180800027422],[-74.20487699984281,40.590986000022198],[-74.207241999881205,40.587914999974714],[-74.207383000346525,40.587222000164068],[-74.208924000029299,40.579689999921399]]]},"properties":{"OBJECTID":170553,"GEOID":"360850291020","STATE":"36","COUNTY":"085","AREALAND":0,"AREAWATER":1215498}},{"type":"Feature","id":170554,"geometry":{"type":"Polygon","coordinates":[[[-74.205962000314329,40.580046999946553],[-74.206016999667611,40.579818999731771],[-74.204412000410713,40.580169999892327],[-74.202950000370663,40.58010200032188],[-74.200583999609023,40.579511000110948],[-74.200478000202139,40.579926999714942],[-74.200421000300722,40.579955000061112],[-74.200169000405637,40.580141000114075],[-74.20008999986463,40.580266000291928],[-74.199966999840967,40.580568000025231],[-74.199996000153305,40.580951999876859],[-74.200075999620921,40.581274999768567],[-74.200075999620921,40.581543999820873],[-74.199795000311852,40.582102999675676],[-74.199471000446735,40.582295999736772],[-74.199118000269323,40.582431999805941],[-74.198735999779572,40.582557999964322],[-74.198180999935815,40.582765999825654],[-74.197980000094361,40.582876000153419],[-74.197684999643258,40.58300799976211],[-74.196200999861873,40.5839610001442],[-74.194702999836792,40.584849000106374],[-74.194378999971704,40.585008000060526],[-74.194183999978037,40.585068999869669],[-74.193600999646847,40.585123000079321],[-74.19332500036063,40.585037999906504],[-74.192887999619316,40.585160000096657],[-74.192716000090186,40.585199999797425],[-74.192543999662732,40.585318999993703],[-74.192434000057887,40.585396000168444],[-74.192319000430146,40.58556999998865],[-74.191317999624218,40.585705000101875],[-74.191110000110072,40.585830000115394],[-74.190305000021041,40.585623999793754],[-74.190207000111741,40.58562200023129],[-74.189956000041576,40.58567499987285],[-74.189479999840515,40.586098000153747],[-74.188931999669435,40.586432999714795],[-74.188385000221572,40.586756999850635],[-74.187822999806784,40.587025999686738],[-74.187446000238225,40.587279000292561],[-74.187348000328939,40.587344999877935],[-74.18702299974062,40.587691000339007],[-74.186901000440187,40.58791100030453],[-74.186744999906253,40.588052999705724],[-74.18662600008058,40.588100999723324],[-74.186540999691772,40.588119999976605],[-74.186460000399222,40.588119999976605],[-74.186374000185509,40.588100999723324],[-74.186317000284092,40.588062999882759],[-74.186246000138979,40.588028999683971],[-74.186135999635823,40.588028999683971],[-74.185883999740739,40.588111999978366],[-74.185626999822787,40.588319000222661],[-74.185498999776257,40.588508999846695],[-74.18544600007283,40.58860900018599],[-74.185436999851987,40.588680000206473],[-74.185456000118563,40.588784999983346],[-74.185513000019981,40.588874999855804],[-74.185670000378806,40.588999000012194],[-74.185807999572759,40.589074999972404],[-74.18591700025101,40.589146000180385],[-74.185989000221042,40.589194000095681],[-74.186117000267558,40.589303000017011],[-74.186145999681557,40.589379999697911],[-74.186211999803788,40.589503000218009],[-74.186245000314074,40.589626999892126],[-74.186242999765938,40.58974400027607],[-74.18622199984955,40.589817999952608],[-74.186098000000982,40.589984000090617],[-74.185964999931585,40.590193000105778],[-74.185794000227375,40.590431000254604],[-74.185493999753405,40.590777999802079],[-74.185347000338624,40.590940000114472],[-74.1850510000626,40.591069000057281],[-74.184876000160429,40.591110999715291],[-74.184676000143895,40.591238999972035],[-74.184528000005884,40.59135800033733],[-74.184385999715658,40.591487000155922],[-74.18434300005795,40.591563000017139],[-74.184348000080831,40.591634000312126],[-74.184296000202295,40.591739000225829],[-74.18426299969201,40.591862999846612],[-74.184195999744858,40.591996000163512],[-74.183867999681809,40.592371999720648],[-74.183173000095934,40.593037999748354],[-74.182850000055751,40.593331999739434],[-74.182559999627514,40.593546000224023],[-74.182076999753761,40.594248999917994],[-74.179541000011142,40.596746000090889],[-74.178238999804648,40.599811000253737],[-74.180131999839929,40.598461000157975],[-74.182025999700144,40.597110000133135],[-74.183810999780391,40.595853999973642],[-74.184980999742407,40.595062999771478],[-74.185358000209291,40.59480400005593],[-74.186503000056931,40.594157999780286],[-74.186676000309291,40.59405200025823],[-74.186929999854186,40.593900999966728],[-74.188046000287855,40.593241999726338],[-74.188331999619805,40.593072000128956],[-74.1888179998666,40.59279499993535],[-74.189428999786884,40.592432000296178],[-74.190100999806546,40.5920270003122],[-74.190812000184238,40.591618999823737],[-74.191572999892344,40.59117300013672],[-74.192326000102838,40.590745999710791],[-74.192625999678484,40.590580000100012],[-74.192938999672947,40.59037900034027],[-74.193297999698146,40.59017499981362],[-74.193568000034873,40.590012000319881],[-74.194008000250946,40.589749999957867],[-74.195716000338308,40.588699000295257],[-74.197043999585759,40.58791000021639],[-74.198647999916034,40.587079000262278],[-74.198929000123428,40.587005999703187],[-74.202009999664099,40.585710000025053],[-74.202546999964525,40.585484000259555],[-74.203641999583482,40.585316999739902],[-74.205028000353863,40.581723999830068],[-74.205527000121137,40.581499999926912],[-74.205962000314329,40.580046999946553]]]},"properties":{"OBJECTID":170554,"GEOID":"360850291022","STATE":"36","COUNTY":"085","AREALAND":1147287,"AREAWATER":13423}},{"type":"Feature","id":170704,"geometry":{"type":"Polygon","coordinates":[[[-74.22413699990858,40.532292000252696],[-74.224083000380219,40.531862999776337],[-74.223973999701954,40.53107700009037],[-74.223643000164174,40.52772799993798],[-74.223628999920479,40.526994999914322],[-74.223622000247772,40.526602000329149],[-74.223621000422852,40.526512000006036],[-74.223617000224891,40.526292000300664],[-74.223336999842431,40.526363999849224],[-74.221182999691209,40.526922000044024],[-74.218293999771191,40.527718000303636],[-74.217481000184549,40.527938999726558],[-74.216609999973272,40.528177999691096],[-74.21671299990544,40.528382000095078],[-74.216736000369963,40.528426999698986],[-74.216845999974836,40.52864199981699],[-74.217014000204315,40.529121999909933],[-74.217254000403827,40.529874000289709],[-74.21748600020743,40.530623000322457],[-74.217755999645846,40.531449000293435],[-74.219010999996684,40.531608000130241],[-74.219705999582544,40.531658000164072],[-74.220227999814369,40.531769000078611],[-74.221104999873418,40.53188200029485],[-74.221275999577642,40.531904000169774],[-74.221359000316639,40.531915999664015],[-74.22218399959884,40.532021999996289],[-74.222398999684003,40.532049999901503],[-74.223073000251787,40.532129999956283],[-74.223823000089226,40.532243999801118],[-74.22413699990858,40.532292000252696]]]},"properties":{"OBJECTID":170704,"GEOID":"360850226013","STATE":"36","COUNTY":"085","AREALAND":291381,"AREAWATER":0}},{"type":"Feature","id":170706,"geometry":{"type":"Polygon","coordinates":[[[-74.224274000175924,40.521934999757185],[-74.225058000348582,40.520434999796436],[-74.223735000225673,40.518203000283343],[-74.223516999767483,40.518235999999547],[-74.223310999903148,40.518281000269248],[-74.223101999665786,40.518340999671409],[-74.222880999732837,40.518423999666311],[-74.222690999762051,40.518511999721525],[-74.220138000300992,40.519622000044798],[-74.217605999858009,40.52087200020334],[-74.217355999612749,40.520929999888523],[-74.214509000423831,40.521155000087774],[-74.213546000151055,40.521235000173924],[-74.213613999923126,40.521531999991375],[-74.213815999589485,40.52249500003331],[-74.213909000374215,40.523014999758757],[-74.213978999796097,40.523398999981701],[-74.213997000237754,40.523498000285308],[-74.214097999621771,40.524097999824569],[-74.215559999661849,40.523968000152585],[-74.215573999905558,40.524446999908371],[-74.215607000415829,40.525494999837029],[-74.215645000050671,40.525982000203932],[-74.215743999784877,40.526464000194011],[-74.215834000196566,40.526633999686595],[-74.215852999564817,40.526670000311064],[-74.216087999741461,40.527135999896991],[-74.216206999567135,40.527373000056684],[-74.216486000124718,40.527925999901186],[-74.216609999973272,40.528177999691096],[-74.217481000184549,40.527938999726558],[-74.218293999771191,40.527718000303636],[-74.221182999691209,40.526922000044024],[-74.223336999842431,40.526363999849224],[-74.223617000224891,40.526292000300664],[-74.223659999882614,40.525542999660196],[-74.223666999555292,40.525448999974166],[-74.223742999723285,40.524845000212224],[-74.223967999854182,40.523383000215517],[-74.223997999991425,40.523241999848764],[-74.224080999832083,40.523204000052758],[-74.224232000343136,40.52321000023759],[-74.224495999933779,40.523252999839613],[-74.224647000444833,40.523241999848764],[-74.224753999676636,40.523160999736433],[-74.224798000057575,40.523063999683835],[-74.224798000057575,40.523005000104156],[-74.224045999671986,40.522826000297641],[-74.224274000175924,40.521934999757185]]]},"properties":{"OBJECTID":170706,"GEOID":"360850226014","STATE":"36","COUNTY":"085","AREALAND":648816,"AREAWATER":0}},{"type":"Feature","id":170707,"geometry":{"type":"Polygon","coordinates":[[[-74.219297000226931,40.545053000070389],[-74.218994000278244,40.544309999904904],[-74.218886000323209,40.544070000077589],[-74.218737000360292,40.543667999686029],[-74.218532000320877,40.543174999751606],[-74.218443999559014,40.542964000153788],[-74.21843299968836,40.542936000031034],[-74.218164000074836,40.542226999873094],[-74.218082000059084,40.542011000244841],[-74.21800699971601,40.541828999720288],[-74.217769000064635,40.541126000079295],[-74.21668399959313,40.541213999682839],[-74.215850999914991,40.541302999955519],[-74.215789999815627,40.541309999987327],[-74.214771000364664,40.541368999835974],[-74.214256999630464,40.54136600021517],[-74.214054000139171,40.541365000113991],[-74.212813000032043,40.541321999845032],[-74.21229900019614,40.541355999885333],[-74.212077000438299,40.54137100003819],[-74.210998999639457,40.541450999886422],[-74.210053999808352,40.541517999719915],[-74.209887000302075,40.541553999857527],[-74.209143000312409,40.541602999880972],[-74.207973000350407,40.541670999659054],[-74.208799000355839,40.543671999953148],[-74.209048999702773,40.54429200023781],[-74.209884999753939,40.546430000281262],[-74.210828999760139,40.546320000109212],[-74.211762999720619,40.546209999756428],[-74.212732999666102,40.546094999753002],[-74.213700000136839,40.545981000266956],[-74.215303999568818,40.545758000208323],[-74.216307999849477,40.545671999822041],[-74.217290000388843,40.545465000058726],[-74.219297000226931,40.545053000070389]]]},"properties":{"OBJECTID":170707,"GEOID":"360850208053","STATE":"36","COUNTY":"085","AREALAND":406959,"AREAWATER":7412}},{"type":"Feature","id":170708,"geometry":{"type":"Polygon","coordinates":[[[-74.216609999973272,40.528177999691096],[-74.216486000124718,40.527925999901186],[-74.216206999567135,40.527373000056684],[-74.216087999741461,40.527135999896991],[-74.215852999564817,40.526670000311064],[-74.215834000196566,40.526633999686595],[-74.215743999784877,40.526464000194011],[-74.215645000050671,40.525982000203932],[-74.215607000415829,40.525494999837029],[-74.215573999905558,40.524446999908371],[-74.215559999661849,40.523968000152585],[-74.214097999621771,40.524097999824569],[-74.213519000386867,40.524148999674317],[-74.212293000348367,40.52427700033131],[-74.21173400030662,40.524355999750554],[-74.211424999611822,40.52441399983541],[-74.21028200031229,40.524720999990102],[-74.210100999664007,40.524808000307637],[-74.209959000272107,40.524894999829357],[-74.209815000332071,40.52500699968315],[-74.209703000179061,40.525115999684274],[-74.209611999942467,40.525227000192324],[-74.209380999963798,40.525245999861056],[-74.2085650000041,40.525313000195077],[-74.207302000155664,40.525281999865399],[-74.206681000189633,40.525351999818561],[-74.206666000121032,40.525353999816126],[-74.206553000143117,40.525371000134641],[-74.205460999998905,40.525543999997609],[-74.205260000157466,40.525575999860145],[-74.203687999614232,40.525783000309062],[-74.202768999722366,40.525906999932047],[-74.202175000418848,40.52606700027399],[-74.201526999790332,40.526264999681828],[-74.201395000444165,40.526394000036568],[-74.20130099983453,40.526512000006036],[-74.201228000039578,40.526631000088891],[-74.201171000138189,40.526753999872135],[-74.201645999616019,40.527637999761318],[-74.201966000181471,40.528262999707323],[-74.202022000257969,40.528376999985511],[-74.20224499984073,40.528870999860594],[-74.202571000253968,40.52959399981237],[-74.202685000056789,40.530307999809992],[-74.202803000057557,40.53104500012325],[-74.20289000009619,40.531711999776419],[-74.202962000066222,40.531986999756974],[-74.203063000348564,40.531961000308641],[-74.20787299989297,40.530570999674438],[-74.209081000388153,40.530291000061034],[-74.211031000324823,40.529754000228394],[-74.212864000085659,40.529229000164776],[-74.214680000128055,40.528707000272654],[-74.215400999653184,40.528501000271582],[-74.216609999973272,40.528177999691096]]]},"properties":{"OBJECTID":170708,"GEOID":"360850208032","STATE":"36","COUNTY":"085","AREALAND":682662,"AREAWATER":0}},{"type":"Feature","id":170709,"geometry":{"type":"Polygon","coordinates":[[[-74.199120999744068,40.546709000006828],[-74.19860500025834,40.545680000116668],[-74.198409000439753,40.545306999700053],[-74.197308000074713,40.543262000003693],[-74.196814000330292,40.543626999665051],[-74.195861999928169,40.544317999679578],[-74.195139999679796,40.544682999730163],[-74.193820999754877,40.545495999925507],[-74.193060999871676,40.545970999943492],[-74.192738999656413,40.546139999748185],[-74.192268000376529,40.546432999675304],[-74.191895999932527,40.546671999887423],[-74.191526999861594,40.546907999874087],[-74.19078600024497,40.547400000307547],[-74.190060999623569,40.547867999763071],[-74.189299000090543,40.548377999909071],[-74.188587999712837,40.548944000302271],[-74.18807600042507,40.549522999740567],[-74.187572999561525,40.550146999666616],[-74.188600000306721,40.550686999753133],[-74.188827999912363,40.550792999736643],[-74.189104000096876,40.550933000191769],[-74.189390000327151,40.551093000158495],[-74.189699000123611,40.551283999660861],[-74.189914000208788,40.551431000111194],[-74.190145000187471,40.551600999737396],[-74.190971000192889,40.550968000089192],[-74.191532999709366,40.550373999994591],[-74.192107999644634,40.549768999677198],[-74.192641999572032,40.54918199976013],[-74.193024000061769,40.548779000026805],[-74.193209000009688,40.548608000069358],[-74.193968999892874,40.548329000063667],[-74.194614999973254,40.548011000195828],[-74.196471000198628,40.547472999711516],[-74.197340999686674,40.547218000091114],[-74.198215000271006,40.546970000305286],[-74.199120999744068,40.546709000006828]]]},"properties":{"OBJECTID":170709,"GEOID":"360850170142","STATE":"36","COUNTY":"085","AREALAND":305023,"AREAWATER":0}},{"type":"Feature","id":170710,"geometry":{"type":"Polygon","coordinates":[[[-74.181147999816162,40.557240999881145],[-74.181061999602449,40.556885000213747],[-74.180901999768864,40.556184000022434],[-74.180746000133269,40.555476000083537],[-74.180562999835161,40.554658000038557],[-74.180262000434581,40.553284000189016],[-74.180099000227969,40.552582999835238],[-74.179942999694035,40.551876999929839],[-74.178155999963977,40.552113000003288],[-74.178745000142939,40.550996000266977],[-74.178366000026244,40.550904999987637],[-74.17808800019192,40.550856999902983],[-74.177777999672188,40.551439999668581],[-74.176760000046144,40.55340499966217],[-74.175958000330155,40.555114999742081],[-74.17601900042952,40.555332000001059],[-74.176015000231573,40.555410999662847],[-74.17611599961559,40.555936999880934],[-74.176390000150292,40.557279000167107],[-74.176462999945215,40.557633999928719],[-74.176741999604474,40.558961999856777],[-74.17743999956339,40.558907999687911],[-74.177695999656422,40.558888000170427],[-74.1778339997487,40.559565000034283],[-74.177981999886697,40.560238999735958],[-74.179351999865261,40.560080000289332],[-74.180326999833611,40.559971999664342],[-74.180161999977159,40.558876999887275],[-74.180132999664849,40.55872000030228],[-74.1801500002816,40.558574000001293],[-74.18018399971848,40.558433999825013],[-74.180249000015806,40.558277999732191],[-74.180659000094622,40.557720999825342],[-74.180979999586683,40.557407000325078],[-74.181001000401395,40.557385999814741],[-74.181147999816162,40.557240999881145]]]},"properties":{"OBJECTID":170710,"GEOID":"360850170162","STATE":"36","COUNTY":"085","AREALAND":297115,"AREAWATER":0}},{"type":"Feature","id":170711,"geometry":{"type":"Polygon","coordinates":[[[-74.112751999746962,40.556860000060503],[-74.113263999933039,40.556396000163197],[-74.10968999957457,40.552958999782739],[-74.109535999588786,40.552811000026345],[-74.108909999599888,40.553424000213909],[-74.106461999720821,40.555278000316889],[-74.105728999601823,40.55619500006555],[-74.105213999941,40.556642999976376],[-74.104012000191929,40.557690000157571],[-74.102504999946021,40.559003000044342],[-74.101890999652696,40.559719000203785],[-74.101733000367261,40.559900999885286],[-74.103818999848087,40.56100799971717],[-74.104131999842537,40.561172999887077],[-74.104844999870053,40.561596000177069],[-74.105576000339255,40.561989999702938],[-74.106172000190924,40.562295999872205],[-74.106906999959747,40.562668000053897],[-74.10710399960324,40.562771000151578],[-74.107869000407618,40.563145999751107],[-74.108615999872029,40.563527999736316],[-74.109362000409831,40.563908999824243],[-74.110139999836363,40.564311000182535],[-74.110821000076854,40.56342099966907],[-74.111489999723446,40.56254700026021],[-74.112263000025422,40.561457999780885],[-74.110270000431015,40.560334000250961],[-74.109549000007576,40.55993000024629],[-74.110101000376631,40.559367000075795],[-74.110624000433361,40.558819000287819],[-74.1109519995981,40.558516000139271],[-74.112355999911841,40.557220000001244],[-74.112751999746962,40.556860000060503]]]},"properties":{"OBJECTID":170711,"GEOID":"360850128065","STATE":"36","COUNTY":"085","AREALAND":609393,"AREAWATER":0}},{"type":"Feature","id":170712,"geometry":{"type":"Polygon","coordinates":[[[-74.083107999612892,40.612632000276434],[-74.083577999966181,40.611625000128761],[-74.082976000266726,40.611461000003139],[-74.082459000057796,40.612411999821695],[-74.082012000169058,40.613238999767823],[-74.081920000107544,40.61340899990752],[-74.081437000233777,40.61428299972647],[-74.080967999705393,40.61513299986634],[-74.081721999740822,40.615357000300982],[-74.08217399965244,40.614507999973497],[-74.082664000097211,40.613587999679417],[-74.082731000044362,40.613441999768213],[-74.083107999612892,40.612632000276434]]]},"properties":{"OBJECTID":170712,"GEOID":"360850040032","STATE":"36","COUNTY":"085","AREALAND":28042,"AREAWATER":0}},{"type":"Feature","id":170804,"geometry":{"type":"Polygon","coordinates":[[[-74.083170000435487,40.610426999838701],[-74.083302999606573,40.610275999708492],[-74.083111999810853,40.610171000265865],[-74.083024999772235,40.610124000163118],[-74.082743999564826,40.609970000073801],[-74.082731000044362,40.609962999720317],[-74.08270799957981,40.609950000133573],[-74.082593999777004,40.60988700031681],[-74.082115999926117,40.609624000332197],[-74.082002000123296,40.609561000208146],[-74.08184200028974,40.609498999789885],[-74.081526999747155,40.609299000072646],[-74.081340000149396,40.609393999808411],[-74.081089999904151,40.609591999713707],[-74.080899000108431,40.609500000237084],[-74.080188999555645,40.609189000245806],[-74.080509000121083,40.608671999929989],[-74.081395000400988,40.607800999744704],[-74.080841000382108,40.60746600016558],[-74.080694999893922,40.607389000171551],[-74.080109999912921,40.608135999690504],[-74.079428999672444,40.609098999756775],[-74.077842999783826,40.611655000307792],[-74.077556999553551,40.612137000109996],[-74.076204000191751,40.61441900020278],[-74.074547000158006,40.616942999953132],[-74.074911000206072,40.617391999855585],[-74.076353000154668,40.616573000174256],[-74.076806999716112,40.616323000306281],[-74.077507000223164,40.615964000267077],[-74.078263999733295,40.615587999749536],[-74.078150999755394,40.615488999888832],[-74.078109999747511,40.615442000117163],[-74.077656000186082,40.615083999799012],[-74.077313999879308,40.614805999752619],[-74.077272999871425,40.614492999844231],[-74.077273999696345,40.614428999845785],[-74.07769800001887,40.613573000025546],[-74.077989000271998,40.612885000142569],[-74.078098000051938,40.612695000232975],[-74.078266000281445,40.612753999900242],[-74.078312000312195,40.612768999737973],[-74.07834400009925,40.612777000195635],[-74.078382999558983,40.612787000084388],[-74.078421999917055,40.612794000142024],[-74.078463999749843,40.612799999801169],[-74.078504999757712,40.612804999744007],[-74.078563000382374,40.612808000255072],[-74.078614000435977,40.612808000255072],[-74.078647999872857,40.612806999857447],[-74.078683999857859,40.612804000028234],[-74.078709999797141,40.612801999914701],[-74.078736999561315,40.612797999687515],[-74.078755999827891,40.612794999857954],[-74.078794000361043,40.61278799980041],[-74.078838999668562,40.612777999911813],[-74.078907000338944,40.612756999731644],[-74.078951999646463,40.612741000174516],[-74.079006999898056,40.612715999750627],[-74.079072000195382,40.612683000213366],[-74.079105999632262,40.61266699995651],[-74.079125999723743,40.612657999767769],[-74.079141999617278,40.612650999695887],[-74.07916099988384,40.612642999905077],[-74.079177999602265,40.612635999831667],[-74.079202999716642,40.612625999920262],[-74.079218999610163,40.61262099996403],[-74.079245000447742,40.612611999769094],[-74.079263999815993,40.612606000093088],[-74.079277000234782,40.612601999854107],[-74.079287000280559,40.612579000180425],[-74.079303000174065,40.612555999816877],[-74.079318000242679,40.612538999809928],[-74.079339999983972,40.612518999956656],[-74.079360999900373,40.612504000062806],[-74.079386000014736,40.612491000288436],[-74.079416999976885,40.612477999829586],[-74.079452999961887,40.612467999894598],[-74.079479999726075,40.612462999926542],[-74.079504000015518,40.612460999802799],[-74.079534999977653,40.612460999802799],[-74.079560999916922,40.612462999926542],[-74.079592999703976,40.612467999894598],[-74.079620000366475,40.612474000264953],[-74.079642000107782,40.612460999802799],[-74.079653999803355,40.612453999710269],[-74.079668999871956,40.612445000174787],[-74.079680999567529,40.612438999801832],[-74.079709000054919,40.612426999736236],[-74.079745999864855,40.612413999946895],[-74.079802999766258,40.612396000181946],[-74.079857000192931,40.612376000285863],[-74.079909000071467,40.612355999701904],[-74.079954000277326,40.612339000325967],[-74.080012000003634,40.612315999879812],[-74.080034999569861,40.612307000325735],[-74.080057000209479,40.612300000217083],[-74.080083999973667,40.612290999978903],[-74.080104999890054,40.612285000274071],[-74.08013900022523,40.612276999757491],[-74.080160999966552,40.612271999775139],[-74.080182999707858,40.612266999792418],[-74.080211000195263,40.61226199980932],[-74.080247000180265,40.612256999825796],[-74.080282000340361,40.612253000247925],[-74.080328000371111,40.612251000117901],[-74.080351999762257,40.612249999711949],[-74.080365000181047,40.612244999727523],[-74.080388999572179,40.61223600016389],[-74.08040600018893,40.612231000178475],[-74.080421000257545,40.612228000323405],[-74.080436000326159,40.612226999917048],[-74.080464999740158,40.612228000323405],[-74.080480999633679,40.612229999772161],[-74.080495999702293,40.612234000033361],[-74.080508000296192,40.612238000294312],[-74.080523000364792,40.612244000003372],[-74.080541999733057,40.612253999971941],[-74.080597999809555,40.612295999959834],[-74.080648000038266,40.612325000114666],[-74.080687000396324,40.612342999898736],[-74.080733000427074,40.612362000082314],[-74.080780000282743,40.612377000008046],[-74.080824999590263,40.612387999678667],[-74.080873999994083,40.612398000307628],[-74.080920999849752,40.612404000002321],[-74.08097600010133,40.612408999974797],[-74.081031000352908,40.612408999974797],[-74.081094999927018,40.612406000127713],[-74.081581000173827,40.612315999879812],[-74.081628999854388,40.61230300006892],[-74.081672000410421,40.612286999721064],[-74.081761000098865,40.612241000148934],[-74.081872000426969,40.61215799980306],[-74.081994999552293,40.61223600016389],[-74.082459000057796,40.612411999821695],[-74.082976000266726,40.611461000003139],[-74.082770000402405,40.611404999768247],[-74.083193999826634,40.610527999879892],[-74.083170000435487,40.610426999838701]]]},"properties":{"OBJECTID":170804,"GEOID":"360850040021","STATE":"36","COUNTY":"085","AREALAND":208183,"AREAWATER":0}},{"type":"Feature","id":170805,"geometry":{"type":"Polygon","coordinates":[[[-74.09038199982821,40.609163999856925],[-74.090567999601078,40.609002000056392],[-74.088888000001091,40.608229999931389],[-74.088646999976689,40.608464000174422],[-74.088378000363178,40.608726000173739],[-74.086906000277352,40.608195999757946],[-74.086754999766313,40.608118000137125],[-74.085964999745897,40.607779000255448],[-74.085871999859464,40.607870000265819],[-74.085749999660734,40.607990999930252],[-74.085103999580355,40.608629999710182],[-74.084248000336004,40.609483000134638],[-74.083193999826634,40.610527999879892],[-74.082770000402405,40.611404999768247],[-74.082976000266726,40.611461000003139],[-74.083577999966181,40.611625000128761],[-74.084469000268939,40.61186900010302],[-74.0852619997641,40.612080000033131],[-74.085927999935961,40.612315999879812],[-74.086328999793949,40.612474000264953],[-74.087487000060406,40.612931999667168],[-74.087916000405812,40.612286999721064],[-74.088216999806377,40.611839999750288],[-74.088333000157334,40.611671999857691],[-74.088866000259799,40.610859000133274],[-74.088996999781045,40.610663999815685],[-74.089587999609847,40.609848000140708],[-74.090109000016767,40.609402999754806],[-74.09038199982821,40.609163999856925]]]},"properties":{"OBJECTID":170805,"GEOID":"360850040042","STATE":"36","COUNTY":"085","AREALAND":201238,"AREAWATER":0}},{"type":"Feature","id":170806,"geometry":{"type":"Polygon","coordinates":[[[-74.08806899966838,40.585240000156489],[-74.088496000363932,40.58478900023141],[-74.086541000404367,40.58373300030771],[-74.084313999559939,40.58259600020375],[-74.08218500042139,40.581517999824982],[-74.080326999647909,40.580559999805878],[-74.07993400018583,40.580357000230798],[-74.078328000205715,40.579533000033372],[-74.077801999775929,40.579249999765267],[-74.074768999915861,40.582118999744345],[-74.074332999897763,40.582483999759297],[-74.073420999678603,40.58339300008933],[-74.072661999620323,40.584149000262578],[-74.072022000286054,40.584632000030986],[-74.071422000236424,40.58509499984968],[-74.071201000303489,40.585339999926141],[-74.070265999619792,40.586438999693677],[-74.070096999565394,40.5866099998888],[-74.068664999662559,40.58835499975482],[-74.066626000037388,40.590341999799371],[-74.067166999637465,40.590866000315252],[-74.06751499979201,40.59133500017434],[-74.067951999635028,40.592082999730209],[-74.068775000165729,40.591614999692915],[-74.06918699989437,40.591353000154307],[-74.069941999754704,40.590893000131629],[-74.071088000325574,40.590478999929715],[-74.071859000079428,40.589758999820717],[-74.072556000213424,40.589090999737643],[-74.07322099966207,40.588214999797714],[-74.074819000144572,40.588938999767159],[-74.075408000323534,40.589217000312928],[-74.076507999965358,40.589793999882097],[-74.077498000002322,40.590304999920185],[-74.078048999648146,40.589733999668169],[-74.078520999651261,40.589210999901077],[-74.080239999609248,40.590067000005142],[-74.080535999885271,40.590432999673276],[-74.080887000412872,40.591002000012324],[-74.081249999737707,40.591607000112774],[-74.081648999945884,40.592210000148931],[-74.082144000413521,40.591812999741116],[-74.082823000105861,40.591324999804428],[-74.083387000170475,40.590746999756519],[-74.083922999747685,40.590161999789018],[-74.084233000267389,40.589473000328297],[-74.08481900007331,40.588902999867187],[-74.085414000100059,40.588345999703066],[-74.085896999973826,40.587773999688487],[-74.08633399981683,40.587184999923046],[-74.086832999584118,40.586599000068915],[-74.087554000007543,40.585804999858503],[-74.08806899966838,40.585240000156489]]]},"properties":{"OBJECTID":170806,"GEOID":"360850070023","STATE":"36","COUNTY":"085","AREALAND":1292994,"AREAWATER":0}},{"type":"Feature","id":170807,"geometry":{"type":"Polygon","coordinates":[[[-74.149968999847104,40.609539999698924],[-74.149588999905504,40.609281000150581],[-74.149075999894507,40.609008000056001],[-74.14838100030866,40.608649000267526],[-74.147208999798494,40.608258999804896],[-74.146807999940506,40.608157999744236],[-74.145868000132253,40.607920999745254],[-74.143991999815412,40.607741000004573],[-74.142795000089208,40.607735999682816],[-74.140901000229007,40.607786999946569],[-74.140924999620125,40.608089999988792],[-74.141077999781004,40.609800999810844],[-74.141203000352803,40.611305000108864],[-74.141036999773135,40.611985999752221],[-74.140909999551525,40.612458999679049],[-74.140857999672974,40.612647999859725],[-74.140665000227443,40.613366000229973],[-74.140411999609157,40.614310000314376],[-74.140231999684104,40.614980000093709],[-74.140047999561077,40.615656999730994],[-74.139821999605275,40.616299999867778],[-74.140724999603592,40.616414999935529],[-74.140982000419854,40.616447000014062],[-74.141616999731283,40.616521999797108],[-74.142337000329789,40.616607999835672],[-74.143262000069427,40.616741000018258],[-74.144195000205002,40.616871000289457],[-74.145124000142587,40.616966000170322],[-74.14603499963853,40.617013000233698],[-74.146407000082519,40.614273000061623],[-74.146458000136136,40.613891000013801],[-74.146544000349849,40.613261999896267],[-74.146703000358514,40.612072000173967],[-74.146802000092705,40.611334999749609],[-74.146893000329328,40.610631999695215],[-74.146968999598982,40.610150999703819],[-74.147741000076053,40.609998999874165],[-74.148936000152432,40.609751999925017],[-74.149542999874754,40.609627000304165],[-74.149968999847104,40.609539999698924]]]},"properties":{"OBJECTID":170807,"GEOID":"360850189011","STATE":"36","COUNTY":"085","AREALAND":523867,"AREAWATER":0}},{"type":"Feature","id":170808,"geometry":{"type":"Polygon","coordinates":[[[-74.167621000282921,40.599849000238841],[-74.167996000201668,40.59792200006396],[-74.167075999586586,40.597812999868509],[-74.165964000249204,40.597648999952902],[-74.165021999892815,40.597502000060963],[-74.16388999956564,40.597335000223097],[-74.163282000018384,40.597337000117442],[-74.162360999578397,40.597404999899574],[-74.162732000197508,40.599332999888574],[-74.162875000312624,40.600078000284036],[-74.162943999909615,40.600442999818618],[-74.163096000245559,40.600916000281401],[-74.163169000040497,40.601137000277632],[-74.163287000041265,40.601680999778722],[-74.165334000062344,40.601875999708],[-74.166264999649769,40.601978000273363],[-74.167196999960396,40.602075999814062],[-74.167621000282921,40.599849000238841]]]},"properties":{"OBJECTID":170808,"GEOID":"360850291061","STATE":"36","COUNTY":"085","AREALAND":195141,"AREAWATER":0}},{"type":"Feature","id":170809,"geometry":{"type":"Polygon","coordinates":[[[-74.166949000263301,40.602796000288059],[-74.167196999960396,40.602075999814062],[-74.166264999649769,40.601978000273363],[-74.165334000062344,40.601875999708],[-74.163287000041265,40.601680999778722],[-74.162480000302423,40.604377000149611],[-74.162378000195162,40.604619000313384],[-74.162214000163644,40.605306000222733],[-74.162233000430206,40.605932000072706],[-74.162271000065033,40.606698999746371],[-74.162382000393109,40.607190000077182],[-74.162395999738521,40.607227000160144],[-74.162435000096565,40.607366999864659],[-74.162450999990099,40.607513999886677],[-74.162444000317407,40.607645999964944],[-74.162418000378125,40.607779000255448],[-74.16237499982212,40.607900999873792],[-74.162323999768489,40.608003000110479],[-74.162250999973566,40.608115000097463],[-74.162163000110013,40.608219000258295],[-74.162056999804804,40.608320000226762],[-74.161938999804022,40.608408999937438],[-74.161185999593513,40.608835000305611],[-74.161031999607729,40.608933999795774],[-74.160902999736308,40.609032000049055],[-74.160778999887739,40.609145000127931],[-74.160669000282894,40.609269000199795],[-74.160569999650377,40.609405999736701],[-74.160494000380695,40.609542999674673],[-74.160435999756075,40.609682000220694],[-74.160402000319195,40.609806999738716],[-74.161496000113246,40.60996400016051],[-74.163875000395336,40.61033899984043],[-74.164838999594693,40.610494999943988],[-74.165437999819432,40.6083450002494],[-74.165503999941649,40.607623999742664],[-74.165700999585141,40.606901999837184],[-74.165821999958979,40.606763000328698],[-74.165774000278418,40.605654999964578],[-74.165785000149043,40.605492999842035],[-74.165813999563056,40.605338999992952],[-74.16585600029417,40.605195000131914],[-74.165925999716052,40.605031999744384],[-74.165974000294938,40.604940999961812],[-74.16636000008431,40.604189000291299],[-74.166693999995161,40.603492999753932],[-74.166949000263301,40.602796000288059]]]},"properties":{"OBJECTID":170809,"GEOID":"360850291053","STATE":"36","COUNTY":"085","AREALAND":294600,"AREAWATER":0}},{"type":"Feature","id":170810,"geometry":{"type":"Polygon","coordinates":[[[-74.163287000041265,40.601680999778722],[-74.163169000040497,40.601137000277632],[-74.163096000245559,40.600916000281401],[-74.162943999909615,40.600442999818618],[-74.162875000312624,40.600078000284036],[-74.162732000197508,40.599332999888574],[-74.161860000161298,40.599388000091793],[-74.161537999946034,40.597731999902273],[-74.160978999904287,40.597800999904962],[-74.160870999949267,40.596812999837105],[-74.161722000069048,40.596667000110443],[-74.16163099983244,40.596414000235569],[-74.159453000290114,40.596598000301526],[-74.158568999660062,40.596239000018137],[-74.15767900008052,40.596050999780836],[-74.156770000234403,40.595856999881576],[-74.155246000270068,40.595479000190686],[-74.1548400003892,40.595366000198432],[-74.153385999846734,40.598906999659405],[-74.153641000114874,40.599126000318059],[-74.15387700011641,40.599366999796317],[-74.153996999767017,40.599505999680559],[-74.154098999874265,40.599705000145214],[-74.154154999950762,40.599875999838183],[-74.15421000020234,40.600098999674081],[-74.154230000293836,40.600390000286474],[-74.154442000005943,40.601940000134455],[-74.15447700016604,40.602190999808705],[-74.154477999990959,40.602420000015321],[-74.154457999899449,40.602632000320305],[-74.154421999914447,40.6028330000754],[-74.154359999990177,40.603056000277235],[-74.154308000111641,40.603223000146116],[-74.15425799988293,40.603448999978099],[-74.154230000293836,40.603687000001173],[-74.154225000270955,40.603925999707378],[-74.15424100016449,40.604146999982213],[-74.154284999647118,40.604413999743812],[-74.154308000111641,40.604633999931139],[-74.154310999586372,40.604838999825894],[-74.154296000416068,40.605034000090484],[-74.154267000103744,40.605220999788784],[-74.154235000316717,40.605456999988832],[-74.15418199971495,40.605682999769172],[-74.154113999942879,40.605890999996106],[-74.154032999752033,40.606086999735666],[-74.153927000345121,40.606294000256142],[-74.153802999598255,40.606494999910851],[-74.153678999749687,40.606666999773246],[-74.153635000267073,40.606739000202786],[-74.153534999809651,40.606904000127322],[-74.153436000075445,40.607112999765143],[-74.153357000432734,40.607333999731786],[-74.153318999899582,40.607486000167221],[-74.153306000379104,40.607526000152546],[-74.153277000066794,40.607668999972582],[-74.153272000043913,40.607816000012321],[-74.153289999587258,40.607954000270269],[-74.153333000143277,40.608096000070276],[-74.153383000372003,40.608201999829916],[-74.153620000198472,40.608800999757982],[-74.154001999789898,40.608721999702546],[-74.155437000065774,40.608436000171046],[-74.156234999583788,40.608277000002239],[-74.156408999661068,40.608242999852713],[-74.157351000017456,40.608055999744124],[-74.159465999810593,40.607628000279647],[-74.160403000144115,40.607442000292082],[-74.161014999889304,40.607363999791289],[-74.162382000393109,40.607190000077182],[-74.162271000065033,40.606698999746371],[-74.162233000430206,40.605932000072706],[-74.162214000163644,40.605306000222733],[-74.162378000195162,40.604619000313384],[-74.162480000302423,40.604377000149611],[-74.163287000041265,40.601680999778722]]]},"properties":{"OBJECTID":170810,"GEOID":"360850273014","STATE":"36","COUNTY":"085","AREALAND":921266,"AREAWATER":0}},{"type":"Feature","id":170811,"geometry":{"type":"Polygon","coordinates":[[[-74.08110300032294,40.617788999735652],[-74.080479999808787,40.617294999919601],[-74.079879999759157,40.616834999746615],[-74.079834999553299,40.616798999866283],[-74.078873000003753,40.616018999741009],[-74.078755999827891,40.615925000228316],[-74.078263999733295,40.615587999749536],[-74.077507000223164,40.615964000267077],[-74.076806999716112,40.616323000306281],[-74.076353000154668,40.616573000174256],[-74.074911000206072,40.617391999855585],[-74.075246999766748,40.617818999874601],[-74.075482999768298,40.618191000205734],[-74.075562000309333,40.618492999808979],[-74.075916000311651,40.619000999809892],[-74.076415999903858,40.619569000122333],[-74.076954999854109,40.62016099978333],[-74.077691000346178,40.61977599979172],[-74.078053999671013,40.619585000089977],[-74.079389000387792,40.618886000102322],[-74.080001000132967,40.618553000123022],[-74.08110300032294,40.617788999735652]]]},"properties":{"OBJECTID":170811,"GEOID":"360850040011","STATE":"36","COUNTY":"085","AREALAND":141618,"AREAWATER":0}},{"type":"Feature","id":170812,"geometry":{"type":"Polygon","coordinates":[[[-74.082012000169058,40.613238999767823],[-74.082459000057796,40.612411999821695],[-74.081994999552293,40.61223600016389],[-74.081872000426969,40.61215799980306],[-74.081761000098865,40.612241000148934],[-74.081672000410421,40.612286999721064],[-74.081628999854388,40.61230300006892],[-74.081581000173827,40.612315999879812],[-74.081094999927018,40.612406000127713],[-74.081031000352908,40.612408999974797],[-74.08097600010133,40.612408999974797],[-74.080920999849752,40.612404000002321],[-74.080873999994083,40.612398000307628],[-74.080824999590263,40.612387999678667],[-74.080780000282743,40.612377000008046],[-74.080733000427074,40.612362000082314],[-74.080687000396324,40.612342999898736],[-74.080648000038266,40.612325000114666],[-74.080597999809555,40.612295999959834],[-74.080541999733057,40.612253999971941],[-74.080523000364792,40.612244000003372],[-74.080508000296192,40.612238000294312],[-74.080495999702293,40.612234000033361],[-74.080480999633679,40.612229999772161],[-74.080464999740158,40.612228000323405],[-74.080436000326159,40.612226999917048],[-74.080421000257545,40.612228000323405],[-74.08040600018893,40.612231000178475],[-74.080388999572179,40.61223600016389],[-74.080365000181047,40.612244999727523],[-74.080351999762257,40.612249999711949],[-74.080328000371111,40.612251000117901],[-74.080282000340361,40.612253000247925],[-74.080247000180265,40.612256999825796],[-74.080211000195263,40.61226199980932],[-74.080182999707858,40.612266999792418],[-74.080160999966552,40.612271999775139],[-74.08013900022523,40.612276999757491],[-74.080104999890054,40.612285000274071],[-74.080083999973667,40.612290999978903],[-74.080057000209479,40.612300000217083],[-74.080034999569861,40.612307000325735],[-74.080012000003634,40.612315999879812],[-74.079954000277326,40.612339000325967],[-74.079909000071467,40.612355999701904],[-74.079857000192931,40.612376000285863],[-74.079802999766258,40.612396000181946],[-74.079745999864855,40.612413999946895],[-74.079709000054919,40.612426999736236],[-74.079680999567529,40.612438999801832],[-74.079668999871956,40.612445000174787],[-74.079653999803355,40.612453999710269],[-74.079642000107782,40.612460999802799],[-74.079620000366475,40.612474000264953],[-74.079592999703976,40.612467999894598],[-74.079560999916922,40.612462999926542],[-74.079534999977653,40.612460999802799],[-74.079504000015518,40.612460999802799],[-74.079479999726075,40.612462999926542],[-74.079452999961887,40.612467999894598],[-74.079416999976885,40.612477999829586],[-74.079386000014736,40.612491000288436],[-74.079360999900373,40.612504000062806],[-74.079339999983972,40.612518999956656],[-74.079318000242679,40.612538999809928],[-74.079303000174065,40.612555999816877],[-74.079287000280559,40.612579000180425],[-74.079277000234782,40.612601999854107],[-74.079263999815993,40.612606000093088],[-74.079245000447742,40.612611999769094],[-74.079218999610163,40.61262099996403],[-74.079202999716642,40.612625999920262],[-74.079177999602265,40.612635999831667],[-74.07916099988384,40.612642999905077],[-74.079141999617278,40.612650999695887],[-74.079125999723743,40.612657999767769],[-74.079105999632262,40.61266699995651],[-74.079072000195382,40.612683000213366],[-74.079006999898056,40.612715999750627],[-74.078951999646463,40.612741000174516],[-74.078907000338944,40.612756999731644],[-74.078838999668562,40.612777999911813],[-74.078794000361043,40.61278799980041],[-74.078755999827891,40.612794999857954],[-74.078736999561315,40.612797999687515],[-74.078709999797141,40.612801999914701],[-74.078683999857859,40.612804000028234],[-74.078647999872857,40.612806999857447],[-74.078614000435977,40.612808000255072],[-74.078563000382374,40.612808000255072],[-74.078504999757712,40.612804999744007],[-74.078463999749843,40.612799999801169],[-74.078421999917055,40.612794000142024],[-74.078382999558983,40.612787000084388],[-74.07834400009925,40.612777000195635],[-74.078312000312195,40.612768999737973],[-74.078266000281445,40.612753999900242],[-74.078098000051938,40.612695000232975],[-74.077989000271998,40.612885000142569],[-74.07769800001887,40.613573000025546],[-74.077273999696345,40.614428999845785],[-74.077272999871425,40.614492999844231],[-74.077313999879308,40.614805999752619],[-74.077656000186082,40.615083999799012],[-74.078109999747511,40.615442000117163],[-74.078150999755394,40.615488999888832],[-74.078263999733295,40.615587999749536],[-74.078755999827891,40.615925000228316],[-74.078873000003753,40.616018999741009],[-74.079834999553299,40.616798999866283],[-74.079879999759157,40.616834999746615],[-74.080155000118779,40.616605999836004],[-74.080480999633679,40.616014999706429],[-74.080967999705393,40.61513299986634],[-74.081437000233777,40.61428299972647],[-74.081920000107544,40.61340899990752],[-74.082012000169058,40.613238999767823]]]},"properties":{"OBJECTID":170812,"GEOID":"360850040022","STATE":"36","COUNTY":"085","AREALAND":129191,"AREAWATER":0}},{"type":"Feature","id":170813,"geometry":{"type":"Polygon","coordinates":[[[-74.13654000022315,40.643082000306123],[-74.136520000131668,40.641750999897631],[-74.134413999661064,40.642090999806079],[-74.134052000161105,40.641976000321556],[-74.132713999969624,40.641552999878748],[-74.132441999983058,40.641834000281669],[-74.131282000066761,40.641681000323004],[-74.13081900028449,40.641200000316033],[-74.12984599996598,40.641488999905413],[-74.129250000114311,40.641272000337857],[-74.128578000094663,40.641284999964292],[-74.127860000044265,40.640717000291957],[-74.127814999838435,40.639910000227374],[-74.127465999858956,40.639877999801577],[-74.127469000232011,40.640158999757467],[-74.126962000068801,40.640181000172262],[-74.123744000260814,40.640201999910794],[-74.120658999623885,40.641195999744532],[-74.120928000135692,40.6418129996933],[-74.120952000425163,40.641877999999906],[-74.121642999813062,40.64375399967264],[-74.123443999786844,40.643091999747845],[-74.125459999845773,40.642355000072179],[-74.126018000062587,40.6421510000512],[-74.128076999779239,40.642607999830254],[-74.130221999709619,40.643085000138797],[-74.13181500016924,40.643437999957165],[-74.13292099965885,40.643684000153677],[-74.13427100044423,40.643459000034269],[-74.135838999891192,40.643198999815034],[-74.136199999566216,40.643138999830335],[-74.13654000022315,40.643082000306123]]]},"properties":{"OBJECTID":170813,"GEOID":"360850207020","STATE":"36","COUNTY":"085","AREALAND":0,"AREAWATER":289198}},{"type":"Feature","id":170891,"geometry":{"type":"Polygon","coordinates":[[[-74.160178000013218,40.549430000228405],[-74.15989900035396,40.54825500022924],[-74.15964699956055,40.54780600016317],[-74.159368999726212,40.547327000141351],[-74.158999999655279,40.546811000064082],[-74.158865999760977,40.546255999702552],[-74.157068000160237,40.547198999826264],[-74.156557999623985,40.547432999982504],[-74.156330000018357,40.547552999780521],[-74.15618000023052,40.547645999851483],[-74.156054999658735,40.547733999763054],[-74.155822000030241,40.547937000010023],[-74.155589000401733,40.54811700031955],[-74.155365000095756,40.548272000198459],[-74.155139999964845,40.548411999780711],[-74.154904999788215,40.548542999807381],[-74.154645000395519,40.548674000260355],[-74.154329000028042,40.548811999704867],[-74.154199000331701,40.548875999716735],[-74.153558000274174,40.549172999899284],[-74.153370999778119,40.549241000183251],[-74.152656000100777,40.54937399991671],[-74.151885000346923,40.549403000059591],[-74.151780999691539,40.549406999984129],[-74.151741000406872,40.549410999908481],[-74.151589000070913,40.549439000054718],[-74.15146900042032,40.549473000070279],[-74.151343000023616,40.549520999781791],[-74.151215999802005,40.549584999798668],[-74.151086000105664,40.54967399986981],[-74.150988000196378,40.549761999846879],[-74.150907999830437,40.549856000237561],[-74.150839000233461,40.54996300014416],[-74.150794999852536,40.550037000138985],[-74.15067900039989,40.550210999767813],[-74.1505530000032,40.550372000061238],[-74.150421999583628,40.550521999676768],[-74.150259000275327,40.550682999904993],[-74.150106000114434,40.550818000107519],[-74.150369999705106,40.551293999873515],[-74.150502999774488,40.551635000020411],[-74.150636999668777,40.551949999914171],[-74.150912999853318,40.552604999737845],[-74.151219999999981,40.553312000080886],[-74.151710000444737,40.55315499973144],[-74.152138999891818,40.553018000290784],[-74.152626999788453,40.55290500023235],[-74.153650000335688,40.552645999723168],[-74.154248999662101,40.552487999924679],[-74.154879999673852,40.552326999940881],[-74.155796999915879,40.552098000208474],[-74.156720999830625,40.551982000134657],[-74.15605600038198,40.550532000003216],[-74.157234999666514,40.550218000233791],[-74.158373999666381,40.549913000119751],[-74.159264000144233,40.549678999755265],[-74.160178000013218,40.549430000228405]]]},"properties":{"OBJECTID":170891,"GEOID":"360850146042","STATE":"36","COUNTY":"085","AREALAND":300083,"AREAWATER":0}},{"type":"Feature","id":170908,"geometry":{"type":"Polygon","coordinates":[[[-74.168284000081741,40.596433000173135],[-74.168835999552471,40.594720999882092],[-74.167776000093653,40.594209000172533],[-74.167418999718265,40.594063000216444],[-74.167116999594469,40.59395599986393],[-74.166786999881595,40.5938530000195],[-74.166483000107974,40.593770000029387],[-74.166140999801215,40.593689999941425],[-74.165775000103309,40.593618999783168],[-74.165436000169592,40.59356700030159],[-74.165084999642005,40.593526000143981],[-74.164744000058477,40.593499000026462],[-74.16439099988105,40.593481999946853],[-74.163603000408784,40.593374000022436],[-74.163507999974215,40.593271999971563],[-74.163317000178509,40.592507999765488],[-74.163111000314174,40.592662999860472],[-74.162912000122546,40.59283499984457],[-74.16275499976372,40.592988999851514],[-74.162604000150978,40.593157000322748],[-74.162424000225911,40.593417000284852],[-74.162280000285861,40.593662999890128],[-74.162165999584744,40.593892999977939],[-74.162066999850552,40.594135999893275],[-74.161999000078481,40.594341999915827],[-74.161937999979102,40.594572999702791],[-74.161898999621059,40.595142000283005],[-74.161900000344275,40.595298999684253],[-74.162360999578397,40.597404999899574],[-74.163282000018384,40.597337000117442],[-74.16388999956564,40.597335000223097],[-74.165021999892815,40.597502000060963],[-74.165964000249204,40.597648999952902],[-74.167075999586586,40.597812999868509],[-74.167996000201668,40.59792200006396],[-74.168284000081741,40.596433000173135]]]},"properties":{"OBJECTID":170908,"GEOID":"360850291062","STATE":"36","COUNTY":"085","AREALAND":235695,"AREAWATER":0}},{"type":"Feature","id":170909,"geometry":{"type":"Polygon","coordinates":[[[-74.22453000026897,40.537028999933725],[-74.224541000139624,40.536410999680569],[-74.224483000413315,40.535718000338505],[-74.22441899994088,40.534859000029208],[-74.224253000259537,40.533695000082055],[-74.22413699990858,40.532292000252696],[-74.223823000089226,40.532243999801118],[-74.223073000251787,40.532129999956283],[-74.222398999684003,40.532049999901503],[-74.22218399959884,40.532021999996289],[-74.221359000316639,40.531915999664015],[-74.221275999577642,40.531904000169774],[-74.221104999873418,40.53188200029485],[-74.220227999814369,40.531769000078611],[-74.219705999582544,40.531658000164072],[-74.219010999996684,40.531608000130241],[-74.217755999645846,40.531449000293435],[-74.21800699971601,40.53229899986048],[-74.218244000440791,40.534528999996937],[-74.218266000182112,40.534802999823732],[-74.218314999687578,40.535312000262955],[-74.218282000075618,40.535487000102826],[-74.218199000234961,40.535858999718528],[-74.218061999967588,40.536496000177245],[-74.21791100035486,40.537028999933725],[-74.217834000361975,40.53736800002433],[-74.217800000026784,40.537750000306303],[-74.218933000178879,40.53765700014872],[-74.219427999748191,40.537617000019218],[-74.219463999733208,40.537614000230398],[-74.220774000335624,40.537505000075704],[-74.221028999705439,40.537484000150805],[-74.221349000270891,40.537455999785529],[-74.223300000032495,40.537289999720407],[-74.223787999929129,40.537194999962814],[-74.224142999756381,40.537114999810974],[-74.224268000328152,40.537086999974193],[-74.22453000026897,40.537028999933725]]]},"properties":{"OBJECTID":170909,"GEOID":"360850226012","STATE":"36","COUNTY":"085","AREALAND":328887,"AREAWATER":0}},{"type":"Feature","id":170910,"geometry":{"type":"Polygon","coordinates":[[[-74.098933999960593,40.62615799992151],[-74.098902999998458,40.625965000340358],[-74.09878400017277,40.625619000249728],[-74.09821500008529,40.624783000223594],[-74.097918999809281,40.624325000245122],[-74.097702999899212,40.624046000241819],[-74.09731700010984,40.623668999976914],[-74.097065000214755,40.623525000070067],[-74.096866999848032,40.623389999960672],[-74.09676800011384,40.623263999703312],[-74.096696000143808,40.623147000030734],[-74.09667000020454,40.622922999806107],[-74.09667000020454,40.622734000054969],[-74.096651999762884,40.622661999814305],[-74.096399999867799,40.622329000248577],[-74.095151000263058,40.623352999963849],[-74.094509000380654,40.623878999909557],[-74.093953999638558,40.624334000225822],[-74.092238999878504,40.625742999747366],[-74.091581000102565,40.62654599983987],[-74.08890399989464,40.630292000147023],[-74.089672000173749,40.63053200027268],[-74.090416000163415,40.630674999940297],[-74.09296600014973,40.631184000133956],[-74.095921000192007,40.631722999886343],[-74.095891999879683,40.631504999816109],[-74.095743999741686,40.631037999818936],[-74.095595999603674,40.630794999763559],[-74.095537000052445,40.630610999764599],[-74.095532999854484,40.630440000315119],[-74.095546000273274,40.630264999882897],[-74.095640999809518,40.63016099995032],[-74.095783999924663,40.630071999899052],[-74.096010999705371,40.629887999953141],[-74.096209000072093,40.629583000296996],[-74.096317999852047,40.629320000123265],[-74.096638000417499,40.628881000154337],[-74.09674999967217,40.628786000174145],[-74.09695300006176,40.628624999705337],[-74.097105000397733,40.628552999679215],[-74.097249000337769,40.628494000329034],[-74.097401999600322,40.628381999732149],[-74.097685000355867,40.627978000255027],[-74.098296000276136,40.627015000258709],[-74.098574999935394,40.626814000287673],[-74.098776999601768,40.626598000255058],[-74.098902999998458,40.626355999918992],[-74.098933999960593,40.62615799992151]]]},"properties":{"OBJECTID":170910,"GEOID":"360850059021","STATE":"36","COUNTY":"085","AREALAND":450104,"AREAWATER":0}},{"type":"Feature","id":170911,"geometry":{"type":"Polygon","coordinates":[[[-74.101733000367261,40.559900999885286],[-74.101656000374362,40.559852000282184],[-74.101550999894073,40.559784999680474],[-74.100637000025102,40.55924899995992],[-74.100336999551132,40.559079999796033],[-74.099308000054407,40.559589000030805],[-74.098144999765083,40.559145999902753],[-74.095649000205441,40.562220999986856],[-74.095197000293822,40.562790000092612],[-74.09489000014716,40.562942000109416],[-74.095438000318254,40.563411999674777],[-74.0976319997541,40.564483999812595],[-74.097972000411048,40.564112000169395],[-74.098258999567904,40.563788999992902],[-74.098535999577336,40.563478000287432],[-74.098820000157787,40.563160000024865],[-74.099050000311564,40.562902999846187],[-74.099196999726331,40.562740000092454],[-74.099350999712129,40.562570999870083],[-74.099642999790163,40.562249000235987],[-74.099964000180535,40.561885000178933],[-74.100271000327197,40.561546999767309],[-74.100807999729312,40.560942000081312],[-74.101238999724544,40.560468000288388],[-74.101524000129899,40.560143999768613],[-74.101598999574648,40.560058000112953],[-74.101733000367261,40.559900999885286]]]},"properties":{"OBJECTID":170911,"GEOID":"360850128043","STATE":"36","COUNTY":"085","AREALAND":167859,"AREAWATER":0}},{"type":"Feature","id":170912,"geometry":{"type":"Polygon","coordinates":[[[-74.081648999945884,40.592210000148931],[-74.081249999737707,40.591607000112774],[-74.080887000412872,40.591002000012324],[-74.080535999885271,40.590432999673276],[-74.080239999609248,40.590067000005142],[-74.078520999651261,40.589210999901077],[-74.078048999648146,40.589733999668169],[-74.077498000002322,40.590304999920185],[-74.076507999965358,40.589793999882097],[-74.075408000323534,40.589217000312928],[-74.074819000144572,40.588938999767159],[-74.07322099966207,40.588214999797714],[-74.072556000213424,40.589090999737643],[-74.071859000079428,40.589758999820717],[-74.073008999949963,40.592185000230607],[-74.07265699959747,40.592384999997705],[-74.073430999724366,40.593616999777609],[-74.074537999937178,40.595386999704367],[-74.07539900010272,40.595103999668723],[-74.07626299974298,40.594822999768894],[-74.077149999847776,40.59453400014025],[-74.078021999883958,40.594254999877769],[-74.078882000224581,40.59394299989232],[-74.078467000122885,40.593300000188286],[-74.079363000448524,40.592993999912245],[-74.080297000408976,40.592667999945583],[-74.081648999945884,40.592210000148931]]]},"properties":{"OBJECTID":170912,"GEOID":"360850070022","STATE":"36","COUNTY":"085","AREALAND":367522,"AREAWATER":0}},{"type":"Feature","id":170913,"geometry":{"type":"Polygon","coordinates":[[[-74.08738900015112,40.592189999669266],[-74.087846999910525,40.591359999728297],[-74.08691700014802,40.590871999896429],[-74.086080000271934,40.590441000076041],[-74.085197000365085,40.589984000090617],[-74.084233000267389,40.589473000328297],[-74.083922999747685,40.590161999789018],[-74.083387000170475,40.590746999756519],[-74.082823000105861,40.591324999804428],[-74.082144000413521,40.591812999741116],[-74.081648999945884,40.592210000148931],[-74.08240999965399,40.593207000105359],[-74.083106999787987,40.594334999971863],[-74.083322999698055,40.594765999931617],[-74.083617000324253,40.595256999928324],[-74.083752000043447,40.595490999888895],[-74.084070000060777,40.595495999762534],[-74.084913999609569,40.595691999970775],[-74.085875000232519,40.595890000224131],[-74.086317999923295,40.594809999965854],[-74.086580999689033,40.594152999806589],[-74.086857999698466,40.593501000035545],[-74.087163000195304,40.592782999753275],[-74.08738900015112,40.592189999669266]]]},"properties":{"OBJECTID":170913,"GEOID":"360850070012","STATE":"36","COUNTY":"085","AREALAND":211514,"AREAWATER":0}},{"type":"Feature","id":170914,"geometry":{"type":"Polygon","coordinates":[[[-74.087210000050973,40.613306999739216],[-74.087487000060406,40.612931999667168],[-74.086328999793949,40.612474000264953],[-74.085927999935961,40.612315999879812],[-74.0852619997641,40.612080000033131],[-74.084469000268939,40.61186900010302],[-74.083577999966181,40.611625000128761],[-74.083107999612892,40.612632000276434],[-74.082731000044362,40.613441999768213],[-74.082664000097211,40.613587999679417],[-74.08217399965244,40.614507999973497],[-74.081721999740822,40.615357000300982],[-74.081632000227444,40.615528999857112],[-74.082510999936332,40.615770999870385],[-74.083234000009597,40.616220000148601],[-74.083312999652321,40.616163000145313],[-74.083793000051344,40.615809999999044],[-74.084049999969281,40.615626999985018],[-74.084649000193991,40.615205000039246],[-74.08546400032877,40.614582000198304],[-74.086174999808179,40.614062000237375],[-74.086281000113374,40.613974999951033],[-74.086929999668484,40.613499999752463],[-74.087210000050973,40.613306999739216]]]},"properties":{"OBJECTID":170914,"GEOID":"360850040033","STATE":"36","COUNTY":"085","AREALAND":125425,"AREAWATER":0}},{"type":"Feature","id":170915,"geometry":{"type":"Polygon","coordinates":[[[-74.187268999787918,40.564041999766985],[-74.187192999619938,40.563576000291327],[-74.187212999711406,40.563401999907136],[-74.187138000266657,40.562914999929603],[-74.187031999961448,40.562721000137223],[-74.186873999777703,40.561775999939861],[-74.18690700028796,40.561611999690314],[-74.186862999907035,40.561316999690533],[-74.186771999670455,40.560790000300223],[-74.18666000041577,40.560591999870148],[-74.186581999699655,40.559989000071297],[-74.186230000245459,40.560023000189737],[-74.185839000433205,40.560173999844714],[-74.184655000227494,40.560293000196097],[-74.18440699963206,40.560267999950582],[-74.184096000185747,40.560298999789559],[-74.18319099963928,40.560457000264861],[-74.183426999640844,40.56135600019536],[-74.183685000282011,40.562375000188247],[-74.184312999920735,40.562346999991881],[-74.184379999867886,40.563271000288189],[-74.184645000181732,40.564350000307819],[-74.185201999675357,40.564396000076378],[-74.185253999553879,40.56454900029572],[-74.185627999647707,40.564474999961234],[-74.186060000366155,40.564377999666299],[-74.186518999950465,40.564261999712926],[-74.186889999671209,40.564158000101585],[-74.187268999787918,40.564041999766985]]]},"properties":{"OBJECTID":170915,"GEOID":"360850170073","STATE":"36","COUNTY":"085","AREALAND":118597,"AREAWATER":0}},{"type":"Feature","id":170916,"geometry":{"type":"Polygon","coordinates":[[[-74.143086000342336,40.639783999782765],[-74.142922000310818,40.639595000033182],[-74.142573000331353,40.639526000240146],[-74.142312000215441,40.639656999786382],[-74.142328000108975,40.640307999853398],[-74.141513999799116,40.640401999815985],[-74.141488999684753,40.640068000102609],[-74.141190999758919,40.640110000325777],[-74.141225999919016,40.640449999731324],[-74.140902000053913,40.640511000070973],[-74.140564999770021,40.640559999889973],[-74.13970799980244,40.640675999749355],[-74.13887400029941,40.640741999779202],[-74.137639999864973,40.640965000244144],[-74.137679000223045,40.641565000165137],[-74.136520000131668,40.641750999897631],[-74.13654000022315,40.643082000306123],[-74.14179500000651,40.642207999688793],[-74.142003000418967,40.64217399976733],[-74.142236999872381,40.642135000036539],[-74.143086000342336,40.639783999782765]]]},"properties":{"OBJECTID":170916,"GEOID":"360850207010","STATE":"36","COUNTY":"085","AREALAND":0,"AREAWATER":106511}},{"type":"Feature","id":170917,"geometry":{"type":"Polygon","coordinates":[[[-74.066626000037388,40.590341999799371],[-74.06582900034428,40.590059000239762],[-74.065779000115569,40.590024000317072],[-74.065738999932606,40.5899750002581],[-74.065718999841096,40.589917000322856],[-74.065722000214151,40.58985600016026],[-74.065743000130567,40.589808000037962],[-74.065774999917622,40.589767999682302],[-74.065641000023319,40.589622000261791],[-74.064955999584882,40.589010000119522],[-74.061799999701151,40.592352999993302],[-74.059694000128829,40.594082000139984],[-74.060045999583011,40.594487999944874],[-74.060450999638988,40.594975000006997],[-74.061818000142821,40.594190000285082],[-74.06260099959222,40.593581999670832],[-74.0626769997602,40.59350500005354],[-74.062776000392716,40.593429999676594],[-74.062879000324884,40.593371000003096],[-74.062992000302785,40.593322999675379],[-74.06312100017422,40.593285000073635],[-74.063182000273585,40.593272999979504],[-74.063359999650515,40.592907000166605],[-74.064178999983227,40.592341999753771],[-74.064343000014759,40.592220999728013],[-74.06440999996191,40.592165999767971],[-74.065331000401898,40.591408000100891],[-74.066626000037388,40.590341999799371]]]},"properties":{"OBJECTID":170917,"GEOID":"360850074003","STATE":"36","COUNTY":"085","AREALAND":113832,"AREAWATER":0}},{"type":"Feature","id":170918,"geometry":{"type":"Polygon","coordinates":[[[-74.105038000213909,40.648064000100582],[-74.104782999945797,40.645981999872205],[-74.102761000039052,40.646058999686929],[-74.100021999906858,40.645414999864428],[-74.100240000365048,40.648064000100582],[-74.103927999628027,40.648064000100582],[-74.105038000213909,40.648064000100582]]]},"properties":{"OBJECTID":170918,"GEOID":"360850097020","STATE":"36","COUNTY":"085","AREALAND":0,"AREAWATER":98457}},{"type":"Feature","id":170919,"geometry":{"type":"Polygon","coordinates":[[[-74.076954999854109,40.62016099978333],[-74.076415999903858,40.619569000122333],[-74.075916000311651,40.619000999809892],[-74.075562000309333,40.618492999808979],[-74.075482999768298,40.618191000205734],[-74.075246999766748,40.617818999874601],[-74.074911000206072,40.617391999855585],[-74.074547000158006,40.616942999953132],[-74.071309000258523,40.619638999696882],[-74.070954000431271,40.620430999826304],[-74.071269999900466,40.620836000231073],[-74.071745000276607,40.621458999709809],[-74.072064000118843,40.62186000033374],[-74.072535000297037,40.622463999775029],[-74.073814000038993,40.621797000155382],[-74.075580999677584,40.620877000002139],[-74.076954999854109,40.62016099978333]]]},"properties":{"OBJECTID":170919,"GEOID":"360850040012","STATE":"36","COUNTY":"085","AREALAND":159042,"AREAWATER":0}},{"type":"Feature","id":170920,"geometry":{"type":"Polygon","coordinates":[[[-74.126697999579847,40.557853999778267],[-74.127301000002532,40.557295000029626],[-74.125726999809459,40.556328000319972],[-74.124020000445341,40.555230999848526],[-74.123801000162217,40.555085000129047],[-74.12374799956045,40.555162000291865],[-74.123365999969025,40.555728999881197],[-74.12294300036973,40.55638699990687],[-74.122807999752197,40.556292999811639],[-74.122405000244385,40.556016000193864],[-74.122079999656052,40.555829999965077],[-74.121693000041773,40.555607999830158],[-74.121564000170338,40.555533999849153],[-74.120899999648316,40.555152999869712],[-74.120214000283269,40.554758999690442],[-74.119430000110626,40.55430900032546],[-74.119132000184791,40.554545000017669],[-74.118522000089428,40.555147999710442],[-74.117579999733039,40.556025999699813],[-74.116648000320708,40.556882999792329],[-74.115712999637026,40.557767999910737],[-74.116440999733172,40.558211000285105],[-74.117171000377439,40.558652999932555],[-74.11791500036712,40.559103999966482],[-74.11864000009021,40.559541999858915],[-74.119377000407184,40.559984000273204],[-74.120051999901563,40.560394000219375],[-74.120576999608119,40.559919000134364],[-74.12073599961677,40.559810999932104],[-74.120908000044224,40.559713999703042],[-74.121092000167238,40.559630999662794],[-74.121158000289469,40.559605999852536],[-74.121354000108056,40.55954400020088],[-74.121539000055975,40.559501999831816],[-74.121729000026789,40.55947399979862],[-74.121922000370631,40.559459000287909],[-74.122169000242835,40.559459000287909],[-74.122370000084288,40.559476000142617],[-74.122453999749865,40.55948700032733],[-74.12368200033653,40.559633999830538],[-74.123884000002903,40.559633999830538],[-74.124074999798594,40.559620000184225],[-74.124275999640062,40.559592000200425],[-74.124472000356946,40.559549000031787],[-74.124689000091934,40.5594819998093],[-74.12480299989474,40.559439000252553],[-74.124963999553231,40.559358000218872],[-74.125141000003538,40.559252000144731],[-74.125304000210164,40.559132000154392],[-74.125450999624945,40.559002000206533],[-74.125501999678562,40.558949999747192],[-74.126102999553112,40.55840299980489],[-74.126697999579847,40.557853999778267]]]},"properties":{"OBJECTID":170920,"GEOID":"360850128051","STATE":"36","COUNTY":"085","AREALAND":362286,"AREAWATER":0}},{"type":"Feature","id":170979,"geometry":{"type":"Polygon","coordinates":[[[-74.155851000342551,40.563774000084173],[-74.155731999618567,40.563487000272893],[-74.155432999867799,40.562806999783916],[-74.155302000346552,40.562513000058821],[-74.155133000292167,40.562129999949519],[-74.154828999620221,40.561440999747035],[-74.154589000319035,40.56089100025612],[-74.154524000021709,40.560752999771466],[-74.154446000203905,40.56057500029884],[-74.154228999570591,40.560077999963383],[-74.153923999972093,40.559383999953901],[-74.153619000373553,40.558695999994164],[-74.153552000426401,40.558546000262446],[-74.15301199975292,40.557330999876903],[-74.15219400014341,40.55754500019988],[-74.150520000391239,40.557980999666292],[-74.149818000234362,40.558315000263981],[-74.148094000253465,40.559174999908386],[-74.147547999732211,40.558578000060557],[-74.147067000406594,40.558855999838045],[-74.146357999678699,40.559281999938079],[-74.145653000047105,40.559716000039856],[-74.146222000134586,40.560257999713258],[-74.146828000031988,40.56085099967013],[-74.147170000338747,40.561199000282087],[-74.147426000431793,40.561443000032256],[-74.147978999727428,40.561969999741343],[-74.148588999822792,40.562555999688392],[-74.149768999830556,40.563701000025326],[-74.150354999636491,40.564269999833854],[-74.150925000447188,40.564824999659649],[-74.151505000405336,40.565383000252808],[-74.152955999676422,40.566775999681909],[-74.153579000190575,40.566254000291963],[-74.154163000346685,40.565836999873738],[-74.154338000248856,40.565745000238429],[-74.154487000211773,40.565649999896301],[-74.154633999626554,40.565539999906385],[-74.154766999695951,40.565418999845122],[-74.15487399982608,40.56530600024464],[-74.154989000352117,40.56515600031112],[-74.155087000261389,40.564994000332888],[-74.155113000200672,40.564941000002115],[-74.155851000342551,40.563774000084173]]]},"properties":{"OBJECTID":170979,"GEOID":"360850146051","STATE":"36","COUNTY":"085","AREALAND":461283,"AREAWATER":6861}},{"type":"Feature","id":170980,"geometry":{"type":"Polygon","coordinates":[[[-74.152281000182043,40.56739299982744],[-74.152955999676422,40.566775999681909],[-74.151505000405336,40.565383000252808],[-74.150925000447188,40.564824999659649],[-74.150354999636491,40.564269999833854],[-74.149768999830556,40.563701000025326],[-74.148588999822792,40.562555999688392],[-74.147978999727428,40.561969999741343],[-74.147426000431793,40.561443000032256],[-74.147170000338747,40.561199000282087],[-74.146828000031988,40.56085099967013],[-74.146222000134586,40.560257999713258],[-74.145653000047105,40.559716000039856],[-74.144617999804296,40.558718999777746],[-74.143858999746016,40.559161000166078],[-74.142588000399968,40.559893999749171],[-74.143125999627003,40.560507999738277],[-74.148125000215629,40.564710000233596],[-74.148779999618498,40.565250000245072],[-74.150778000134096,40.566911999910722],[-74.151700000399003,40.567856999930029],[-74.152281000182043,40.56739299982744]]]},"properties":{"OBJECTID":170980,"GEOID":"360850146061","STATE":"36","COUNTY":"085","AREALAND":216824,"AREAWATER":0}},{"type":"Feature","id":171002,"geometry":{"type":"Polygon","coordinates":[[[-74.092073000197146,40.586544000260254],[-74.092616000345373,40.585940000179605],[-74.091648999874607,40.585444000046415],[-74.090894999839207,40.585056999665589],[-74.0891209996296,40.584143000078249],[-74.088496000363932,40.58478900023141],[-74.08806899966838,40.585240000156489],[-74.087554000007543,40.585804999858503],[-74.086832999584118,40.586599000068915],[-74.08633399981683,40.587184999923046],[-74.085896999973826,40.587773999688487],[-74.085414000100059,40.588345999703066],[-74.08481900007331,40.588902999867187],[-74.084233000267389,40.589473000328297],[-74.085197000365085,40.589984000090617],[-74.086080000271934,40.590441000076041],[-74.08691700014802,40.590871999896429],[-74.087846999910525,40.591359999728297],[-74.088364999944389,40.59075199998491],[-74.088871000282666,40.590177999976312],[-74.089378000445876,40.589604999878681],[-74.089878999862975,40.589038000074382],[-74.090384000376346,40.588467999998635],[-74.090770000165733,40.588028999683971],[-74.091118000320293,40.587633999879515],[-74.091617999912472,40.587067999837373],[-74.092073000197146,40.586544000260254]]]},"properties":{"OBJECTID":171002,"GEOID":"360850070011","STATE":"36","COUNTY":"085","AREALAND":261944,"AREAWATER":0}},{"type":"Feature","id":171003,"geometry":{"type":"Polygon","coordinates":[[[-74.236372000179372,40.552337999935105],[-74.235571000288303,40.551395999773199],[-74.230515999623179,40.54545599969839],[-74.229783000402506,40.545968999878639],[-74.228872999833158,40.546601999679417],[-74.228764000053204,40.54667499995324],[-74.228534999724346,40.546834999854219],[-74.228291000225212,40.546994000038453],[-74.227986999553266,40.547177000195411],[-74.227687999802512,40.54734100031034],[-74.227344999670834,40.547514000108677],[-74.227010999760012,40.547665999996667],[-74.226659000305816,40.547811000188055],[-74.226277999640999,40.547951000051448],[-74.225901000072454,40.548074000289617],[-74.225608999994392,40.548158000322395],[-74.225294000350118,40.548240000252846],[-74.224844000088339,40.548343000023138],[-74.22461099956152,40.548404999808547],[-74.224353999643569,40.548489000108766],[-74.22410500012154,40.548587000212144],[-74.223890999861297,40.54868600016399],[-74.223670999753281,40.548802999794255],[-74.223478000307736,40.548920999891131],[-74.223296999659453,40.54904699967247],[-74.221314999935714,40.550252999822327],[-74.218775999820039,40.552474000149175],[-74.218122000242047,40.552852999815187],[-74.217885000415578,40.55299300005872],[-74.217801999676595,40.553121000220216],[-74.217772000437677,40.553244999759421],[-74.217830000164014,40.553435000027982],[-74.217870000346991,40.55362800019423],[-74.217892999913204,40.553840000237876],[-74.217893999738109,40.554045000227731],[-74.217877000019669,40.554247999772286],[-74.217844000407709,40.554431999806106],[-74.217793000354078,40.554473000037824],[-74.217661999934521,40.554556000330123],[-74.217526000390379,40.554622000119068],[-74.217369999856473,40.554677000234733],[-74.217209000197997,40.554714999928422],[-74.215258000436378,40.555437000248226],[-74.215183000093305,40.555468000276669],[-74.215035999780213,40.555515999786067],[-74.214850000007374,40.555559999704236],[-74.214690999998709,40.555581000104823],[-74.214541000210886,40.555590999675744],[-74.214372000156487,40.555588000009386],[-74.213501999770116,40.555667999939217],[-74.212890000024942,40.556005000121331],[-74.212593999748918,40.556208999745571],[-74.212329000333384,40.556367000318794],[-74.212008999767917,40.556513999847731],[-74.211257000280639,40.55679000026435],[-74.210588999560656,40.557021000064758],[-74.21031499992425,40.557092000168247],[-74.209803999563093,40.557185999824178],[-74.209088999885751,40.557323000291674],[-74.208253999659476,40.557429999868944],[-74.207708999861424,40.557517000030714],[-74.207031999818923,40.557615999747718],[-74.20639199958633,40.55810200020607],[-74.207272000018435,40.558168999762245],[-74.207581999639828,40.558158999893863],[-74.207909999702906,40.558130999981451],[-74.208124999788055,40.558075000121534],[-74.208715999616828,40.557924999680857],[-74.209428999644373,40.557775000269167],[-74.209897000347837,40.557681000075199],[-74.210432000100127,40.557605999796735],[-74.210966000027511,40.557428000146331],[-74.211247000234891,40.557305999890204],[-74.211537999589723,40.557203000256131],[-74.211791000208024,40.55725000002267],[-74.211978999630688,40.557419000028737],[-74.212166000126757,40.557728000188675],[-74.212411000349121,40.55790499986972],[-74.212634999756816,40.557652999962869],[-74.212710000099889,40.557483999864978],[-74.212700000054141,40.55739999992818],[-74.212803999811214,40.557259000162979],[-74.213065999752033,40.557138000147063],[-74.213141000095092,40.557033999704807],[-74.213207000217338,40.556949999885916],[-74.213290999882929,40.55682800012378],[-74.213384999594254,40.556658999990837],[-74.213535000280402,40.556528000143565],[-74.213591000356899,40.556528000143565],[-74.213572000090323,40.556612999682905],[-74.213506999792997,40.556744000046429],[-74.213516000013826,40.556808999855498],[-74.21346900015817,40.557043999741232],[-74.213393999815096,40.557184000094274],[-74.213422000302501,40.557240999881145],[-74.213506999792997,40.55735300026695],[-74.213712999657332,40.557522000013016],[-74.213881999711717,40.557652999962869],[-74.21400399991046,40.557738000121432],[-74.214182000185673,40.557700000096006],[-74.214172000139939,40.557633999928719],[-74.21407900025352,40.557550000180136],[-74.213947000009043,40.557474999754916],[-74.213844000076875,40.557419000028737],[-74.213694000289067,40.557315999885994],[-74.213702999611584,40.557225000005772],[-74.213900000153387,40.557184000094274],[-74.214182000185673,40.557118999966768],[-74.214238000262199,40.557081000272504],[-74.21428500011784,40.556996999830076],[-74.214331999973524,40.556978000292268],[-74.214463000393081,40.557174999943875],[-74.214603999960076,40.557118999966768],[-74.214574999647766,40.556978000292268],[-74.214725000333914,40.556902999908772],[-74.214799999778677,40.556883999661785],[-74.214904000434046,40.556753000254766],[-74.214959999612219,40.556594000036135],[-74.214949999566485,40.556518999904988],[-74.214904000434046,40.556434000246256],[-74.214894000388313,40.556321999688087],[-74.214904000434046,40.556272000316859],[-74.21499700032048,40.556115999963829],[-74.215110000298381,40.556030999793506],[-74.215465999950524,40.555918999926192],[-74.215710000347997,40.555750000228819],[-74.21586000013582,40.555647000248449],[-74.21606600000014,40.555544000109627],[-74.216281999910208,40.555515999786067],[-74.216450000139702,40.555488000133288],[-74.21666600004977,40.555431000219023],[-74.217470000313895,40.555131000121747],[-74.217781999585114,40.554972000146265],[-74.217893999738109,40.555243999836129],[-74.217940999593779,40.555488000133288],[-74.217856999928202,40.555666000163967],[-74.217949999814593,40.55582499985637],[-74.218174999945489,40.555908999721737],[-74.21838199963473,40.556040999979736],[-74.218581999651278,40.555986000301971],[-74.218756999553477,40.555843999721368],[-74.218765999774291,40.55569399974226],[-74.218691000329528,40.555402999848219],[-74.218596999719892,40.555177999977772],[-74.218532000320877,40.55494400026604],[-74.218532000320877,40.554783999945677],[-74.218615999986469,40.554737999714582],[-74.218718999918622,40.554850000192417],[-74.218774999995119,40.555019000113951],[-74.218850000338193,40.555121999695366],[-74.21888799997302,40.555121999695366],[-74.218963000316108,40.555084000232675],[-74.21893499982869,40.554925000145637],[-74.218878999752206,40.55484099972827],[-74.218860000383941,40.554755999986824],[-74.21895400009528,40.55470899983451],[-74.219188000446991,40.55476599968096],[-74.219272000112582,40.554755999986824],[-74.219394000311325,40.554728000016219],[-74.219693999886971,40.554606000300303],[-74.219825000306557,40.554624999828697],[-74.219938000284458,40.554700000033939],[-74.220163000415354,40.55496299969851],[-74.220257000126693,40.555280999997116],[-74.220303999982335,40.55546900016725],[-74.220322000424005,40.555618999967976],[-74.220331999571428,40.555674999834686],[-74.220367999556444,40.555758999888248],[-74.220435000401906,40.555834000188234],[-74.220472000211828,40.5558630002635],[-74.220641000266241,40.55592800024543],[-74.220771999787488,40.55592800024543],[-74.220904000031965,40.555900000082467],[-74.220987999697542,40.555816000205802],[-74.221043999774054,40.55573100033709],[-74.221112000444421,40.555687999736143],[-74.221175000193611,40.55556300005437],[-74.221185000239373,40.555506000203955],[-74.22124999963836,40.555383999858066],[-74.221335000027182,40.555253000246111],[-74.221371999837103,40.555197000026432],[-74.221457000225925,40.555216000069649],[-74.221513000302423,40.555291000295426],[-74.221513000302423,40.555413000128247],[-74.221513000302423,40.555533999849153],[-74.221596999968014,40.555618999967976],[-74.221643999823684,40.555608999718714],[-74.221682000356836,40.555552999796745],[-74.221709999945915,40.555477999864451],[-74.221756999801585,40.555365999754599],[-74.221812999878082,40.555338000039129],[-74.221971999886733,40.555356000150077],[-74.222282000406452,40.555413000128247],[-74.222375000292857,40.555431000219023],[-74.222665999647688,40.555394000140929],[-74.222768999579841,40.555421999832973],[-74.222946999855097,40.555525000159484],[-74.223088000320402,40.555628000327545],[-74.223154000442634,40.55569399974226],[-74.223191000252541,40.55572199999137],[-74.223416000383438,40.555805999985971],[-74.224016000433068,40.5558630002635],[-74.224335000275303,40.555937999764524],[-74.22448500006314,40.555975000224507],[-74.224869000202688,40.556040999979736],[-74.225290999977062,40.556077999700285],[-74.225439999939979,40.556146999677942],[-74.225704000428948,40.556218999905212],[-74.22596600036978,40.556238000340926],[-74.226188000127621,40.556219999784595],[-74.226650000084987,40.556105999788805],[-74.226725000428047,40.556058999901687],[-74.226885000261632,40.556012999863988],[-74.227260000180351,40.555908999721737],[-74.227710000442144,40.555871999907801],[-74.22798200042871,40.555918999926192],[-74.228019000238618,40.555937999764524],[-74.228300000446026,40.556002999673581],[-74.22856300021175,40.556030999793506],[-74.228853999566581,40.556030999793506],[-74.229140999621762,40.555872999792356],[-74.229482000103616,40.555758999888248],[-74.229707000234512,40.555787999996006],[-74.229922000319661,40.55572199999137],[-74.230053999665827,40.555647000248449],[-74.230204000351975,40.555637999891431],[-74.230278999796724,40.555647000248449],[-74.230466000292793,40.555590999675744],[-74.230616000080616,40.555488000133288],[-74.230821999944936,40.555300000016558],[-74.230888000067182,40.555169000240248],[-74.231000000220163,40.555019000113951],[-74.231235000396808,40.554803000106091],[-74.231468999850222,40.554568999766254],[-74.23173199961596,40.554297000064352],[-74.231882000302107,40.554053000204625],[-74.23204999963329,40.553724999685791],[-74.232115999755507,40.553528000120977],[-74.232210000365157,40.553377999731005],[-74.232424999551995,40.553143999871367],[-74.232735000071699,40.552852999815187],[-74.232940999936034,40.552674999814187],[-74.23316600006693,40.552534000336486],[-74.233296999588191,40.552468999789845],[-74.233518000419437,40.552423999951991],[-74.233729000306639,40.552458999752666],[-74.233944000391787,40.552562999793452],[-74.234121999768703,40.55264700033846],[-74.234243999967447,40.552693999890508],[-74.234346999899614,40.552731000095577],[-74.234432000288436,40.552843999765152],[-74.234638000152742,40.552937999924829],[-74.234674999962678,40.552937999924829],[-74.234871999606156,40.55296599996138],[-74.235069000147959,40.55296599996138],[-74.236372000179372,40.552337999935105]]]},"properties":{"OBJECTID":171003,"GEOID":"360850226023","STATE":"36","COUNTY":"085","AREALAND":1120761,"AREAWATER":1099}},{"type":"Feature","id":171004,"geometry":{"type":"Polygon","coordinates":[[[-74.25028399967708,40.542300000136741],[-74.249937000245765,40.540559999835445],[-74.249734999681067,40.539551000208483],[-74.247460999879294,40.528171000335675],[-74.246834000065476,40.525032000118813],[-74.24678200018694,40.524770999699776],[-74.246536000139656,40.524778999759114],[-74.243879000023199,40.524959999822144],[-74.243937999574442,40.525066000232009],[-74.243993999650925,40.525121999698001],[-74.244049999727423,40.525197000165463],[-74.244041000404906,40.525253000204792],[-74.243966000061846,40.525253000204792],[-74.24385399990885,40.525233999855267],[-74.243769000418339,40.525365999800435],[-74.24362899977794,40.525778000005587],[-74.243571999876536,40.526040999894455],[-74.243459999723555,40.52627500021574],[-74.243293000217278,40.526542000127186],[-74.243104000071398,40.526828000243604],[-74.242991000093483,40.527043999661025],[-74.242944000237827,40.527231000260414],[-74.242931999643943,40.527517000167869],[-74.242954000283561,40.527774999906335],[-74.242944000237827,40.527963000132893],[-74.242924999971265,40.528009000318697],[-74.242859999673925,40.528102999828313],[-74.242600000281243,40.528412999673698],[-74.24241899963296,40.529125000078949],[-74.242227000012335,40.529628999936044],[-74.242035000391724,40.529941000093892],[-74.24183799984992,40.530258999718576],[-74.241724999872019,40.530438000157567],[-74.241556999642512,40.530719000099701],[-74.241462999931187,40.531066000018036],[-74.241482000197749,40.531394000219137],[-74.24156599986334,40.531787999941017],[-74.241688000062084,40.532237999742215],[-74.241847000070734,40.532527999696974],[-74.242043999714241,40.532659000065486],[-74.242268999845123,40.532913000263967],[-74.242288000111699,40.53308100001675],[-74.242278999890885,40.533204999791678],[-74.242241000256044,40.533391000047942],[-74.242212999768626,40.53344700006803],[-74.242129000103048,40.533531000010406],[-74.242053999759989,40.533597000037553],[-74.242016000125147,40.533775000221084],[-74.242006999904319,40.534019000226024],[-74.242062999980817,40.534271999841231],[-74.242156999692142,40.534440999804886],[-74.242334999967369,40.534638000214244],[-74.242521999565128,40.534796999994029],[-74.242682000297023,40.535040999690878],[-74.242738000373507,40.535209000252777],[-74.242868999894739,40.535424999966033],[-74.243104000071398,40.535575000286485],[-74.243282000346639,40.535733999890901],[-74.243581999922299,40.535959000232012],[-74.243937999574442,40.536128000036868],[-74.244331999759737,40.536221999764031],[-74.244696999632723,40.536325000265101],[-74.245007000152427,40.536391000270932],[-74.245203999795919,40.536634000135457],[-74.245362999804584,40.536755999822184],[-74.245568999668905,40.536868999820747],[-74.245700000088462,40.5371500001025],[-74.245737999723303,40.537243999761216],[-74.245756999989879,40.537468999810294],[-74.245746999944132,40.537619000333457],[-74.245663000278554,40.537834000315648],[-74.245521999813235,40.538116000113142],[-74.245428999926816,40.538190999692446],[-74.245242000329057,40.538247999944595],[-74.245100000038846,40.538227999717918],[-74.244978999665022,40.538209000316272],[-74.244857000364604,40.538209000316272],[-74.244894000174526,40.538246999796876],[-74.244987999885851,40.538358999865309],[-74.245024999695787,40.538433999855229],[-74.245156999940249,40.538705999815207],[-74.245269000093231,40.538930999733033],[-74.245315999948915,40.539119000064943],[-74.245391000291974,40.539446999758489],[-74.245438000147658,40.539663000144941],[-74.245465999736751,40.539944000313255],[-74.245438000147658,40.540233999683487],[-74.245474999957565,40.540534000300369],[-74.245531999858983,40.540722000229685],[-74.245756999989879,40.540993999774614],[-74.245935000265106,40.541208999848102],[-74.246112999642023,40.541556000054214],[-74.246244000061594,40.541856000211894],[-74.246440999705101,40.542165999919071],[-74.246648000292637,40.542297999962265],[-74.247106999876948,40.542708999749635],[-74.247687999659988,40.543102999834133],[-74.247922000011727,40.54305599969458],[-74.248007000400548,40.543093999838995],[-74.247706999926564,40.543525000219894],[-74.247631999583504,40.54350600027265],[-74.246699000346254,40.544858999715139],[-74.246178999764268,40.545633999774942],[-74.243591000143113,40.54764999988101],[-74.242924999971265,40.54712500010843],[-74.242720999756756,40.547081000108292],[-74.242565000121147,40.546979999796982],[-74.242217999791507,40.546925000185169],[-74.241931999561245,40.546956000058806],[-74.24170700032866,40.547012999678891],[-74.241228999579448,40.547219000104953],[-74.240544000039336,40.547546999727459],[-74.240000000066203,40.547950000048594],[-74.239316000350996,40.548466000223954],[-74.23862199969173,40.548980999849071],[-74.238229000229651,40.549356000245368],[-74.237974999786445,40.549684000322898],[-74.237806999556952,40.549881000275718],[-74.237656999769129,40.55009699977964],[-74.237384999782549,40.55020000010672],[-74.23716899987248,40.550238000293454],[-74.23682200044118,40.550340999721058],[-74.236597000310269,40.550480999756047],[-74.236438000301632,40.550641000120187],[-74.236335000369465,40.550827999707188],[-74.236222000391564,40.551034000001962],[-74.236166000315038,40.551259000146537],[-74.236174999637569,40.551474999983569],[-74.236249999980643,40.551644000232955],[-74.236549999556303,40.55199999978273],[-74.236568999822865,40.552075000198037],[-74.236541000233771,40.552169000072183],[-74.236372000179372,40.552337999935105],[-74.235069000147959,40.55296599996138],[-74.234871999606156,40.55296599996138],[-74.234674999962678,40.552937999924829],[-74.234638000152742,40.552937999924829],[-74.234432000288436,40.552843999765152],[-74.234346999899614,40.552731000095577],[-74.234243999967447,40.552693999890508],[-74.234121999768703,40.55264700033846],[-74.233944000391787,40.552562999793452],[-74.233729000306639,40.552458999752666],[-74.233518000419437,40.552423999951991],[-74.233296999588191,40.552468999789845],[-74.23316600006693,40.552534000336486],[-74.232940999936034,40.552674999814187],[-74.232735000071699,40.552852999815187],[-74.232424999551995,40.553143999871367],[-74.232210000365157,40.553377999731005],[-74.232115999755507,40.553528000120977],[-74.23204999963329,40.553724999685791],[-74.231882000302107,40.554053000204625],[-74.23173199961596,40.554297000064352],[-74.231468999850222,40.554568999766254],[-74.231235000396808,40.554803000106091],[-74.231000000220163,40.555019000113951],[-74.230888000067182,40.555169000240248],[-74.230821999944936,40.555300000016558],[-74.230616000080616,40.555488000133288],[-74.230466000292793,40.555590999675744],[-74.230278999796724,40.555647000248449],[-74.230204000351975,40.555637999891431],[-74.230053999665827,40.555647000248449],[-74.229922000319661,40.55572199999137],[-74.229707000234512,40.555787999996006],[-74.229482000103616,40.555758999888248],[-74.229140999621762,40.555872999792356],[-74.228853999566581,40.556030999793506],[-74.22856300021175,40.556030999793506],[-74.228300000446026,40.556002999673581],[-74.228019000238618,40.555937999764524],[-74.22798200042871,40.555918999926192],[-74.227710000442144,40.555871999907801],[-74.227260000180351,40.555908999721737],[-74.226885000261632,40.556012999863988],[-74.226725000428047,40.556058999901687],[-74.226650000084987,40.556105999788805],[-74.226188000127621,40.556219999784595],[-74.22596600036978,40.556238000340926],[-74.225704000428948,40.556218999905212],[-74.225439999939979,40.556146999677942],[-74.225290999977062,40.556077999700285],[-74.224869000202688,40.556040999979736],[-74.22448500006314,40.555975000224507],[-74.224335000275303,40.555937999764524],[-74.224016000433068,40.5558630002635],[-74.223416000383438,40.555805999985971],[-74.223191000252541,40.55572199999137],[-74.223154000442634,40.55569399974226],[-74.223088000320402,40.555628000327545],[-74.222946999855097,40.555525000159484],[-74.222768999579841,40.555421999832973],[-74.222665999647688,40.555394000140929],[-74.222375000292857,40.555431000219023],[-74.222282000406452,40.555413000128247],[-74.221971999886733,40.555356000150077],[-74.221812999878082,40.555338000039129],[-74.221756999801585,40.555365999754599],[-74.221709999945915,40.555477999864451],[-74.221682000356836,40.555552999796745],[-74.221643999823684,40.555608999718714],[-74.221596999968014,40.555618999967976],[-74.221513000302423,40.555533999849153],[-74.221513000302423,40.555413000128247],[-74.221513000302423,40.555291000295426],[-74.221457000225925,40.555216000069649],[-74.221371999837103,40.555197000026432],[-74.221335000027182,40.555253000246111],[-74.22124999963836,40.555383999858066],[-74.221185000239373,40.555506000203955],[-74.221175000193611,40.55556300005437],[-74.221112000444421,40.555687999736143],[-74.221043999774054,40.55573100033709],[-74.220987999697542,40.555816000205802],[-74.220904000031965,40.555900000082467],[-74.220771999787488,40.55592800024543],[-74.220641000266241,40.55592800024543],[-74.220472000211828,40.5558630002635],[-74.220435000401906,40.555834000188234],[-74.220367999556444,40.555758999888248],[-74.220331999571428,40.555674999834686],[-74.220322000424005,40.555618999967976],[-74.220303999982335,40.55546900016725],[-74.220257000126693,40.555280999997116],[-74.220163000415354,40.55496299969851],[-74.219938000284458,40.554700000033939],[-74.219825000306557,40.554624999828697],[-74.219693999886971,40.554606000300303],[-74.219394000311325,40.554728000016219],[-74.219272000112582,40.554755999986824],[-74.219188000446991,40.55476599968096],[-74.21895400009528,40.55470899983451],[-74.218860000383941,40.554755999986824],[-74.218878999752206,40.55484099972827],[-74.21893499982869,40.554925000145637],[-74.218963000316108,40.555084000232675],[-74.21888799997302,40.555121999695366],[-74.218850000338193,40.555121999695366],[-74.218774999995119,40.555019000113951],[-74.218718999918622,40.554850000192417],[-74.218615999986469,40.554737999714582],[-74.218532000320877,40.554783999945677],[-74.218532000320877,40.55494400026604],[-74.218596999719892,40.555177999977772],[-74.218691000329528,40.555402999848219],[-74.218765999774291,40.55569399974226],[-74.218756999553477,40.555843999721368],[-74.218581999651278,40.555986000301971],[-74.21838199963473,40.556040999979736],[-74.218174999945489,40.555908999721737],[-74.217949999814593,40.55582499985637],[-74.217856999928202,40.555666000163967],[-74.217940999593779,40.555488000133288],[-74.217893999738109,40.555243999836129],[-74.217781999585114,40.554972000146265],[-74.217470000313895,40.555131000121747],[-74.21666600004977,40.555431000219023],[-74.216450000139702,40.555488000133288],[-74.216281999910208,40.555515999786067],[-74.21606600000014,40.555544000109627],[-74.21586000013582,40.555647000248449],[-74.215710000347997,40.555750000228819],[-74.215465999950524,40.555918999926192],[-74.215110000298381,40.556030999793506],[-74.21499700032048,40.556115999963829],[-74.214904000434046,40.556272000316859],[-74.214894000388313,40.556321999688087],[-74.214904000434046,40.556434000246256],[-74.214949999566485,40.556518999904988],[-74.214959999612219,40.556594000036135],[-74.214904000434046,40.556753000254766],[-74.214799999778677,40.556883999661785],[-74.214725000333914,40.556902999908772],[-74.214574999647766,40.556978000292268],[-74.214603999960076,40.557118999966768],[-74.214463000393081,40.557174999943875],[-74.214331999973524,40.556978000292268],[-74.21428500011784,40.556996999830076],[-74.214238000262199,40.557081000272504],[-74.214182000185673,40.557118999966768],[-74.213900000153387,40.557184000094274],[-74.213702999611584,40.557225000005772],[-74.213694000289067,40.557315999885994],[-74.213844000076875,40.557419000028737],[-74.213947000009043,40.557474999754916],[-74.21407900025352,40.557550000180136],[-74.214172000139939,40.557633999928719],[-74.214182000185673,40.557700000096006],[-74.21400399991046,40.557738000121432],[-74.213881999711717,40.557652999962869],[-74.213712999657332,40.557522000013016],[-74.213506999792997,40.55735300026695],[-74.213422000302501,40.557240999881145],[-74.213393999815096,40.557184000094274],[-74.21346900015817,40.557043999741232],[-74.213516000013826,40.556808999855498],[-74.213506999792997,40.556744000046429],[-74.213572000090323,40.556612999682905],[-74.213591000356899,40.556528000143565],[-74.213535000280402,40.556528000143565],[-74.213384999594254,40.556658999990837],[-74.213290999882929,40.55682800012378],[-74.213207000217338,40.556949999885916],[-74.213141000095092,40.557033999704807],[-74.213065999752033,40.557138000147063],[-74.212803999811214,40.557259000162979],[-74.212700000054141,40.55739999992818],[-74.212710000099889,40.557483999864978],[-74.212634999756816,40.557652999962869],[-74.212411000349121,40.55790499986972],[-74.216495000345546,40.558587999866347],[-74.21800300041636,40.557057999926236],[-74.227411999618013,40.55854799995172],[-74.228306000293799,40.55869000025708],[-74.231415000321888,40.559182000119634],[-74.232134000197178,40.55874300007757],[-74.239134999702713,40.554472000132357],[-74.239640000216085,40.554165999690767],[-74.247484000343817,40.549376999861444],[-74.247527000001512,40.549269999701124],[-74.248982000368898,40.545592000236702],[-74.249192000431179,40.545061999802265],[-74.25028399967708,40.542300000136741]]]},"properties":{"OBJECTID":171004,"GEOID":"360850226020","STATE":"36","COUNTY":"085","AREALAND":0,"AREAWATER":2082878}},{"type":"Feature","id":171606,"geometry":{"type":"Polygon","coordinates":[[[-74.20624799964628,40.514414999810207],[-74.206030999911306,40.514020999716003],[-74.20563300042636,40.513296999948167],[-74.205459000349094,40.512981000119396],[-74.205281000073853,40.51266000025123],[-74.205055000118037,40.512252000103032],[-74.204619000099953,40.512297000291355],[-74.203783999873679,40.512455999804466],[-74.201919000325816,40.512859000176064],[-74.201197000077443,40.512934000021986],[-74.199950999947447,40.511698000166227],[-74.199750000105993,40.511445000021396],[-74.199622000059478,40.511349999823068],[-74.199447999982212,40.511303999815247],[-74.199303000217256,40.51130299994837],[-74.199002999743286,40.511180999683965],[-74.198703000167626,40.511049999679173],[-74.198402999693656,40.510899999786943],[-74.197784000275774,40.510524999954306],[-74.197124999776605,40.512417000190744],[-74.197058999654345,40.512612000081404],[-74.196851000140228,40.513200999803239],[-74.196676000238028,40.513663000136262],[-74.19668000043599,40.514141999769407],[-74.19674300018518,40.514968999836206],[-74.196791999690674,40.515553000324182],[-74.196820000178064,40.515928000038343],[-74.196841000094466,40.516209000035722],[-74.196908000041631,40.516934000240155],[-74.196995999905184,40.517864999978549],[-74.197135999647259,40.519126000104563],[-74.197197999571529,40.519683999779282],[-74.197298999853885,40.519976000269111],[-74.19747399975607,40.520266999753851],[-74.197566999642476,40.520504000301671],[-74.198705999642357,40.52205599986798],[-74.19879299968099,40.522176000055573],[-74.199150999881283,40.52265500032594],[-74.199259999661223,40.522800000026578],[-74.199741999710085,40.523533000178347],[-74.199954000320503,40.523853000206309],[-74.200078000169057,40.524044000222574],[-74.200367999698955,40.524492999776029],[-74.200463000133524,40.524640999967389],[-74.200803999717067,40.52516500012193],[-74.200965000273854,40.525413000059523],[-74.201526999790332,40.526264999681828],[-74.202175000418848,40.52606700027399],[-74.202768999722366,40.525906999932047],[-74.203687999614232,40.525783000309062],[-74.205260000157466,40.525575999860145],[-74.205460999998905,40.525543999997609],[-74.205281999898773,40.524475999917705],[-74.205226999647167,40.524131999728745],[-74.205136000308897,40.523572999838606],[-74.2047980002001,40.521488000253228],[-74.204759999666948,40.521250999769933],[-74.204567000221417,40.520276000083875],[-74.204007000354764,40.518316999916969],[-74.203687999614232,40.517644000118658],[-74.203066999648215,40.51696600011563],[-74.202786000339117,40.516623999887635],[-74.202984999632434,40.516497000113567],[-74.204762000215084,40.515358999914731],[-74.20624799964628,40.514414999810207]]]},"properties":{"OBJECTID":171606,"GEOID":"360850198003","STATE":"36","COUNTY":"085","AREALAND":847891,"AREAWATER":39294}},{"type":"Feature","id":171607,"geometry":{"type":"Polygon","coordinates":[[[-74.203092999587469,40.532483000115896],[-74.203019999792531,40.532206000329559],[-74.202997000226304,40.532119000056859],[-74.202962000066222,40.531986999756974],[-74.200474999829083,40.53269099994457],[-74.198871000397119,40.53313700029593],[-74.197433999573093,40.533498000313799],[-74.19630499961896,40.533825000003503],[-74.195261999878554,40.534117999862694],[-74.194361000428358,40.534459000070818],[-74.193274000307028,40.534884999718514],[-74.193404000003355,40.535143999959374],[-74.193561000362195,40.535406999959626],[-74.193771000424476,40.53583399990822],[-74.194096999939404,40.536508000214553],[-74.194440000071083,40.537156999885561],[-74.194683999570216,40.537662000248559],[-74.194762000286346,40.537830999853902],[-74.19507699993062,40.53848700000686],[-74.195425000085152,40.539178999929092],[-74.195764000018869,40.539838999666735],[-74.196092000081919,40.540497000183137],[-74.19640199970334,40.541173000207756],[-74.19671300004795,40.541847000049252],[-74.197021999844438,40.542526999756248],[-74.197308000074713,40.543262000003693],[-74.198346999617172,40.54307200022506],[-74.198652999938915,40.543037999690497],[-74.199300999669106,40.542966000308425],[-74.199529000173058,40.54294299989219],[-74.200239999652439,40.542846999880098],[-74.200424999600372,40.542804999959515],[-74.201120999909463,40.542615000249903],[-74.201617000202006,40.542475000154958],[-74.20171000008844,40.542484000233216],[-74.201828000089222,40.542480999979723],[-74.201847000355784,40.542477999726053],[-74.201952999762682,40.542462999821133],[-74.202074000136506,40.542428999660054],[-74.20218200009154,40.542381999730182],[-74.201999999618337,40.541947999909141],[-74.201669000080543,40.541264000057687],[-74.20153500018624,40.540965000086537],[-74.201435999553738,40.540743999932793],[-74.201347999690171,40.540546000297084],[-74.201048000114525,40.53989700000519],[-74.200751999838516,40.539213999825023],[-74.200468999981297,40.538530000047501],[-74.20016600003261,40.537851000199097],[-74.199849999665105,40.537180000240298],[-74.199545000066578,40.536482999963681],[-74.199222000026396,40.535835000091964],[-74.198872000222025,40.535153999851048],[-74.198580999968883,40.534480999782389],[-74.198912000404988,40.534247000121461],[-74.199309999889948,40.533984999875663],[-74.199662000242455,40.533769999831136],[-74.199954000320503,40.533601000223264],[-74.200356000003396,40.533383000333849],[-74.200704999982861,40.533207000237695],[-74.203092999587469,40.532483000115896]]]},"properties":{"OBJECTID":171607,"GEOID":"360850208042","STATE":"36","COUNTY":"085","AREALAND":476128,"AREAWATER":0}},{"type":"Feature","id":171608,"geometry":{"type":"Polygon","coordinates":[[[-74.161049000224494,40.641752999825954],[-74.161255000088815,40.641789999852776],[-74.160192000256913,40.640210999796686],[-74.158613000040987,40.639897000333164],[-74.157869999876226,40.639815000260441],[-74.156704999937077,40.639801999666055],[-74.156095999666618,40.639170000174666],[-74.155200000239304,40.639210000276705],[-74.154500999557172,40.639196000243707],[-74.154329999852948,40.63744700029487],[-74.152333999885499,40.637710999840728],[-74.152732000268756,40.638837999766082],[-74.151072999686889,40.638951999878948],[-74.149968999847104,40.637571999670293],[-74.149412000353493,40.637557999975478],[-74.149537999851873,40.638186999678624],[-74.1491520000625,40.638716000063425],[-74.148820999626395,40.638904000249823],[-74.146545999999674,40.639041999687059],[-74.146120999852243,40.639141000085665],[-74.146140999943725,40.639264999696167],[-74.144859999653633,40.63939799975352],[-74.144745999850812,40.639313999748111],[-74.143776999730235,40.638754999746737],[-74.143253999673519,40.639795999705498],[-74.143086000342336,40.639783999782765],[-74.142236999872381,40.642135000036539],[-74.143109999733468,40.641989999771504],[-74.149095000161097,40.64269500031218],[-74.15794299967115,40.643738000042234],[-74.158106999702696,40.643757000156683],[-74.15755199985891,40.643239000229279],[-74.157242000237517,40.643011000137143],[-74.157212999925193,40.642935000160548],[-74.157304999986707,40.642835999935727],[-74.157453000124718,40.642820000085273],[-74.157632000224851,40.642773999727048],[-74.157783999662499,40.642645000064732],[-74.157888000317882,40.642530000171462],[-74.157982000029222,40.642385000082854],[-74.157986000227183,40.642263000046327],[-74.158048000151453,40.642186999899749],[-74.158158999581218,40.642156999800079],[-74.158283000328098,40.642056999825016],[-74.158365000343878,40.641981000125469],[-74.158419999697145,40.641836000207505],[-74.158453000207416,40.641751999861818],[-74.158587999926638,40.641661000333656],[-74.158833000149016,40.641547000075583],[-74.159192000174201,40.641447999836991],[-74.159520000237265,40.641378999914394],[-74.159947000034521,40.641455000299366],[-74.160507999726107,40.641585000183234],[-74.161049000224494,40.641752999825954]]]},"properties":{"OBJECTID":171608,"GEOID":"360850223000","STATE":"36","COUNTY":"085","AREALAND":0,"AREAWATER":606238}},{"type":"Feature","id":172173,"geometry":{"type":"Polygon","coordinates":[[[-74.169827000312665,40.561077999880268],[-74.169736000076071,40.560249999795303],[-74.169476999609998,40.559125999773883],[-74.169316999776413,40.558410000096913],[-74.169166000163685,40.557700000096006],[-74.169002000132153,40.556971999718705],[-74.168843000123488,40.556268999998501],[-74.168684000114837,40.555567000293536],[-74.168524000281252,40.554851999992032],[-74.168366999922426,40.554131000099801],[-74.16820600026395,40.553432000264998],[-74.168103000331797,40.552946000033977],[-74.168052000278152,40.552718000302562],[-74.168067000346781,40.552944000177433],[-74.167931999729234,40.552937999924829],[-74.167694999902778,40.552883999674954],[-74.167475999619654,40.552848000166712],[-74.167263000082656,40.552823999801255],[-74.166827999889463,40.552798000248856],[-74.166658000010145,40.552805999692175],[-74.166509999872147,40.552824999731342],[-74.166324999924228,40.552867000193999],[-74.166180999984178,40.552916000131631],[-74.165240000351019,40.553089999787623],[-74.164339999827419,40.553196000062542],[-74.163394000171394,40.553316999694715],[-74.162462999685673,40.553435999948924],[-74.161262999586427,40.553589999883648],[-74.16031299973244,40.553716999669717],[-74.160552000107032,40.55442299996831],[-74.160792000306529,40.555117000216313],[-74.161024999935037,40.555807999757036],[-74.161029999957918,40.555823000085802],[-74.163892999938668,40.555452999868415],[-74.163966999558525,40.555807999757036],[-74.163989000198143,40.555912999940183],[-74.164261000184709,40.557225000005772],[-74.164287000123977,40.557349000134543],[-74.164338000177594,40.557590999867443],[-74.164529999798233,40.558306000265631],[-74.164683999784003,40.559010000273574],[-74.164940999701969,40.560112000036618],[-74.165893999929011,40.56028299996251],[-74.166889999813762,40.560476000180287],[-74.169827000312665,40.561077999880268]]]},"properties":{"OBJECTID":172173,"GEOID":"360850146071","STATE":"36","COUNTY":"085","AREALAND":401346,"AREAWATER":0}},{"type":"Feature","id":172174,"geometry":{"type":"Polygon","coordinates":[[[-74.138496999832554,40.589314000074332],[-74.138666999711873,40.589020000153461],[-74.13408399994816,40.586383000324673],[-74.133940000008124,40.586298999818879],[-74.13384899977153,40.586232999883421],[-74.133745999839363,40.58613799997574],[-74.133652000128038,40.586023999771918],[-74.133584000355967,40.58590699970177],[-74.133535999777081,40.585784000072074],[-74.133509000012907,40.58564799999634],[-74.133508000188002,40.585513999892029],[-74.133529000104389,40.585391000221804],[-74.133567999564136,40.5852749998541],[-74.133627999838595,40.585161000225916],[-74.133662999998705,40.585086000041457],[-74.133700999633518,40.584968000244935],[-74.133720999725014,40.58483699986283],[-74.133719000075189,40.584719999762854],[-74.133702000356763,40.58461200001372],[-74.133662000173786,40.584484000034706],[-74.133600000249515,40.584360999834765],[-74.133519999883561,40.584249000298932],[-74.133433999669847,40.584168999736058],[-74.133293999927744,40.584056999878776],[-74.133165999881214,40.583970000103854],[-74.132992999628883,40.583870999798918],[-74.132826999947525,40.583792999765549],[-74.132662000091074,40.583729999855834],[-74.132481000341116,40.58367499973459],[-74.132317000309584,40.583635999956115],[-74.13216099977565,40.583608999938683],[-74.131974000177905,40.583586999992278],[-74.131872999895577,40.583565000038575],[-74.131651000137722,40.583504000222248],[-74.131463999641653,40.583441000040338],[-74.131253999579371,40.583355000302689],[-74.131098999768668,40.583277999824993],[-74.130907000148042,40.58316900031739],[-74.130722000200123,40.583042999945448],[-74.130544999749802,40.582898999814518],[-74.130399999984846,40.582759000034358],[-74.129424000191591,40.583675999886054],[-74.129322000084343,40.583787999699069],[-74.129240000068577,40.583910000122614],[-74.129178000144279,40.584040000127679],[-74.129141000334371,40.584164999841839],[-74.128937000119876,40.585014000167256],[-74.128980999602476,40.585361999978183],[-74.129101999976299,40.586291000284973],[-74.127782000226475,40.587449000291471],[-74.12779999976982,40.588319000222661],[-74.127820999686207,40.589437000033598],[-74.126384999585397,40.59072500011154],[-74.1262850000263,40.593454999811577],[-74.125788999733757,40.594266999795664],[-74.12264299989576,40.599419000223591],[-74.123185000219067,40.599195000246134],[-74.123899000071503,40.598764000190727],[-74.124542999603733,40.598394999948447],[-74.12467499984821,40.59831599987028],[-74.124812999940488,40.598253000000128],[-74.12493000011635,40.598211000053674],[-74.125074000056387,40.598173999754152],[-74.125221000369478,40.598149999954543],[-74.125368999609194,40.598138000051485],[-74.125453000173096,40.598137000116296],[-74.127146000191829,40.598331000220412],[-74.127981000418089,40.598421000204112],[-74.128889000439287,40.598548000179647],[-74.129830000072459,40.598671000205179],[-74.130804000215889,40.598841999814802],[-74.130919999668521,40.598856000122481],[-74.130953000178792,40.598729000050028],[-74.131010999905129,40.598598999951534],[-74.131093999745801,40.59846699973977],[-74.13118699963222,40.598360000296594],[-74.131239000409067,40.598310000274985],[-74.132053999645521,40.597819000190505],[-74.13281299970383,40.597240999665253],[-74.133775000151687,40.59633299993849],[-74.135101999574232,40.594535000129319],[-74.135491999561566,40.593854000018759],[-74.135539000315532,40.593713999977851],[-74.136397999932939,40.591973000219973],[-74.137310000152084,40.590759999667334],[-74.138496999832554,40.589314000074332]]]},"properties":{"OBJECTID":172174,"GEOID":"360850181001","STATE":"36","COUNTY":"085","AREALAND":1193372,"AREAWATER":0}},{"type":"Feature","id":172175,"geometry":{"type":"Polygon","coordinates":[[[-74.226747999994274,40.519131000221435],[-74.226910000375995,40.519172000209366],[-74.226634000191453,40.517251000338796],[-74.222903000372469,40.508936000028207],[-74.223214999643687,40.508658999911354],[-74.223017000175275,40.507710000134907],[-74.222915999892933,40.507226999924271],[-74.22303200024389,40.506747000137857],[-74.223088000320402,40.506362000217003],[-74.223115999909481,40.505987000280555],[-74.223182000031727,40.505715999979465],[-74.223191000252541,40.50546299980649],[-74.223191000252541,40.505125000167673],[-74.223115999909481,40.504844000167573],[-74.222694000135093,40.504591000120499],[-74.222459999783368,40.504459000251693],[-74.222084999864649,40.504272000334346],[-74.222057000275555,40.50404700017009],[-74.222074999818886,40.503624999793949],[-74.222084999864649,40.503409000053601],[-74.222113000352053,40.503183999726673],[-74.22191400016041,40.502420999799142],[-74.221775000243227,40.502415999802317],[-74.221719000166743,40.502396999811033],[-74.221653999869417,40.502368999814031],[-74.221550000112344,40.502340999805334],[-74.221335000027182,40.502433999789119],[-74.221129000162861,40.502518999661476],[-74.220950000062729,40.502575000201603],[-74.220707000388472,40.502603000112558],[-74.220247000080931,40.502631000011888],[-74.220012999729207,40.502631000011888],[-74.219571999688242,40.502649999936899],[-74.219291000379158,40.502772000010275],[-74.21902900043834,40.502866000072252],[-74.218738000185212,40.502959000011174],[-74.218466000198632,40.503016000174398],[-74.218278999702576,40.503043999901337],[-74.217940999593779,40.503230999826975],[-74.217753000171115,40.503250000265098],[-74.217499999552814,40.503213000054053],[-74.217396999620647,40.503221999941147],[-74.217388000298129,40.503306000194939],[-74.217369000031553,40.503380999795979],[-74.217256000053652,40.503502999905933],[-74.216815999837593,40.504065999694006],[-74.216450000139702,40.5044969997438],[-74.216141000343228,40.504852999835833],[-74.2158590003109,40.505238000222278],[-74.215558999836944,40.505575000022375],[-74.215080999986057,40.505978000081463],[-74.214593999914342,40.506240999785412],[-74.21433100014859,40.50633399982609],[-74.213974999598136,40.506399999997001],[-74.213702999611584,40.506419000220447],[-74.213516000013826,40.506456000028997],[-74.213459000112408,40.506522000079912],[-74.213366000226003,40.506615999667723],[-74.2131689996842,40.506869000272552],[-74.212671999566723,40.507272000069626],[-74.212362999770249,40.507553000142543],[-74.212240999571492,40.507694000039379],[-74.21210900022534,40.507833999721122],[-74.211987000026596,40.508012999942338],[-74.211838000063707,40.508143999732773],[-74.211725000085792,40.50822799996952],[-74.211453000099226,40.508518999902769],[-74.211105999769586,40.508780999983024],[-74.21092800039267,40.508969000207522],[-74.210769000384005,40.509222000131913],[-74.210656000406104,40.509427999961993],[-74.210591000108778,40.50962500013263],[-74.210571999842202,40.509671999817392],[-74.210422000054379,40.509943999729401],[-74.209970000142761,40.51047499986371],[-74.209681000437769,40.510740999999236],[-74.209344000153862,40.510983999986479],[-74.208677999982015,40.511369000010077],[-74.208106000419789,40.51161300031584],[-74.207318999874104,40.511903000045102],[-74.205790999711809,40.512212999687684],[-74.205312999860894,40.51225899975487],[-74.205055000118037,40.512252000103032],[-74.205281000073853,40.51266000025123],[-74.205459000349094,40.512981000119396],[-74.20563300042636,40.513296999948167],[-74.206030999911306,40.514020999716003],[-74.20624799964628,40.514414999810207],[-74.206491000218847,40.514855999787081],[-74.206825999954589,40.515466000287397],[-74.20717599975896,40.516118000304019],[-74.20755599970056,40.516865999941935],[-74.208766999670473,40.519175000140883],[-74.208821999922051,40.519305000230844],[-74.209136999566326,40.520000999849721],[-74.209298000123113,40.520357999999874],[-74.209616000140443,40.521329000306778],[-74.209652999950364,40.521436000028764],[-74.209685999562311,40.521546999802439],[-74.209718000247676,40.52169899988332],[-74.209729999943249,40.521814000110808],[-74.209734999966116,40.521861999838642],[-74.20973199959306,40.522050000262666],[-74.209710999676673,40.522210999956023],[-74.2096839999125,40.52233700012922],[-74.209495999591525,40.52322100023369],[-74.209584000353388,40.523394000183231],[-74.209664999645909,40.523542999754241],[-74.209849999593843,40.523872000264475],[-74.209887000302075,40.523900000160658],[-74.209996999906934,40.523998000046731],[-74.210087000318623,40.524099999859601],[-74.210166999786253,40.524217999770769],[-74.210230000433754,40.524351000023458],[-74.210263999870648,40.524463000103431],[-74.21028300013721,40.52458500009952],[-74.21028200031229,40.524720999990102],[-74.211424999611822,40.52441399983541],[-74.21173400030662,40.524355999750554],[-74.212293000348367,40.52427700033131],[-74.213519000386867,40.524148999674317],[-74.214097999621771,40.524097999824569],[-74.213997000237754,40.523498000285308],[-74.213978999796097,40.523398999981701],[-74.213909000374215,40.523014999758757],[-74.213815999589485,40.52249500003331],[-74.213613999923126,40.521531999991375],[-74.213546000151055,40.521235000173924],[-74.214509000423831,40.521155000087774],[-74.217355999612749,40.520929999888523],[-74.217605999858009,40.52087200020334],[-74.220138000300992,40.519622000044798],[-74.222690999762051,40.518511999721525],[-74.222880999732837,40.518423999666311],[-74.223101999665786,40.518340999671409],[-74.223310999903148,40.518281000269248],[-74.223516999767483,40.518235999999547],[-74.223735000225673,40.518203000283343],[-74.224003000014278,40.518209999996856],[-74.224259000107324,40.518227999842225],[-74.224515000200356,40.518258000256566],[-74.224777999966093,40.518302000066129],[-74.22506800039433,40.518365999861686],[-74.225340000380868,40.518442999897538],[-74.225573999834296,40.518522000046431],[-74.225680000139505,40.518561999965279],[-74.225839000148156,40.518693000317768],[-74.225997000331901,40.518801999660056],[-74.226133999700963,40.518883000259443],[-74.226312999801095,40.518972999900114],[-74.226522000038472,40.519058999732216],[-74.226747999994274,40.519131000221435]]]},"properties":{"OBJECTID":172175,"GEOID":"360850198001","STATE":"36","COUNTY":"085","AREALAND":2404503,"AREAWATER":20734}},{"type":"Feature","id":172176,"geometry":{"type":"Polygon","coordinates":[[[-74.21028200031229,40.524720999990102],[-74.21028300013721,40.52458500009952],[-74.210263999870648,40.524463000103431],[-74.210230000433754,40.524351000023458],[-74.210166999786253,40.524217999770769],[-74.210087000318623,40.524099999859601],[-74.209996999906934,40.523998000046731],[-74.209887000302075,40.523900000160658],[-74.209849999593843,40.523872000264475],[-74.209664999645909,40.523542999754241],[-74.209584000353388,40.523394000183231],[-74.209495999591525,40.52322100023369],[-74.2096839999125,40.52233700012922],[-74.209710999676673,40.522210999956023],[-74.20973199959306,40.522050000262666],[-74.209734999966116,40.521861999838642],[-74.209729999943249,40.521814000110808],[-74.209718000247676,40.52169899988332],[-74.209685999562311,40.521546999802439],[-74.209652999950364,40.521436000028764],[-74.209616000140443,40.521329000306778],[-74.209298000123113,40.520357999999874],[-74.209136999566326,40.520000999849721],[-74.208821999922051,40.519305000230844],[-74.208766999670473,40.519175000140883],[-74.20755599970056,40.516865999941935],[-74.20717599975896,40.516118000304019],[-74.206825999954589,40.515466000287397],[-74.206491000218847,40.514855999787081],[-74.20624799964628,40.514414999810207],[-74.204762000215084,40.515358999914731],[-74.202984999632434,40.516497000113567],[-74.202786000339117,40.516623999887635],[-74.203066999648215,40.51696600011563],[-74.203687999614232,40.517644000118658],[-74.204007000354764,40.518316999916969],[-74.204567000221417,40.520276000083875],[-74.204759999666948,40.521250999769933],[-74.2047980002001,40.521488000253228],[-74.205136000308897,40.523572999838606],[-74.205226999647167,40.524131999728745],[-74.205281999898773,40.524475999917705],[-74.205460999998905,40.525543999997609],[-74.206553000143117,40.525371000134641],[-74.206666000121032,40.525353999816126],[-74.206681000189633,40.525351999818561],[-74.207302000155664,40.525281999865399],[-74.2085650000041,40.525313000195077],[-74.209380999963798,40.525245999861056],[-74.209611999942467,40.525227000192324],[-74.209703000179061,40.525115999684274],[-74.209815000332071,40.52500699968315],[-74.209959000272107,40.524894999829357],[-74.210100999664007,40.524808000307637],[-74.21028200031229,40.524720999990102]]]},"properties":{"OBJECTID":172176,"GEOID":"360850198002","STATE":"36","COUNTY":"085","AREALAND":426029,"AREAWATER":268}},{"type":"Feature","id":178614,"geometry":{"type":"Polygon","coordinates":[[[-74.143543000276836,40.631392000059364],[-74.143755999813848,40.630553999769518],[-74.143402999636422,40.630487999893823],[-74.14254999986683,40.630327000119642],[-74.140601999579943,40.629658000330423],[-74.139907999818988,40.630241000017712],[-74.139506000136095,40.63057099996449],[-74.13928799967789,40.630744000018453],[-74.13894000042167,40.631042000317457],[-74.13879800013143,40.631180999766478],[-74.138371000334175,40.631591000335362],[-74.138229999868869,40.631727999776423],[-74.137737999774259,40.632196999934656],[-74.137669000177297,40.632262000060088],[-74.139426999595059,40.633029000170154],[-74.13987000018416,40.632439000238215],[-74.141543000111426,40.633164999976657],[-74.141487999859834,40.63326200004537],[-74.141276999972646,40.633442999972424],[-74.141457999722604,40.633485000273339],[-74.142138999963095,40.633642999675317],[-74.142774000172807,40.633791999998493],[-74.143375999872248,40.631944999689331],[-74.143404000359666,40.631849999977618],[-74.143543000276836,40.631392000059364]]]},"properties":{"OBJECTID":178614,"GEOID":"360850213004","STATE":"36","COUNTY":"085","AREALAND":132379,"AREAWATER":0}},{"type":"Feature","id":185011,"geometry":{"type":"Polygon","coordinates":[[[-74.136161000106469,40.603429000132458],[-74.137233999984119,40.603248999888052],[-74.136094000159332,40.602430000089818],[-74.135859999807579,40.602232000108856],[-74.13498399957345,40.601509999928673],[-74.134454999668932,40.601128999790554],[-74.133863000015225,40.60065399967575],[-74.133428999646966,40.600307000226877],[-74.13324799989698,40.600175999882026],[-74.132507000280384,40.599631999728238],[-74.130989999988728,40.599502999936348],[-74.131067999806532,40.600114000306206],[-74.131101000316818,40.60035399973092],[-74.13116900008886,40.600832000298027],[-74.131248999556504,40.601406000240736],[-74.131401999717369,40.602556999951453],[-74.131405000090425,40.602577999926829],[-74.131569000121956,40.603769999956072],[-74.131774000161371,40.605593999838256],[-74.131892000162139,40.606677999701787],[-74.131947000413732,40.60734200015817],[-74.132043999599787,40.607756000285661],[-74.132088999805646,40.608057000212867],[-74.132123000140822,40.608274999753256],[-74.136006000295779,40.608071999741028],[-74.13639999958275,40.608022999951416],[-74.136406000328847,40.607813999749489],[-74.1358380000663,40.607555000331558],[-74.134906999580551,40.607599999925952],[-74.133975000168221,40.607655999939603],[-74.1338959996272,40.6067939997682],[-74.133982999665832,40.606537999917954],[-74.133897000350416,40.605631000122735],[-74.133771999778645,40.604413999743812],[-74.133540999799962,40.604172000201842],[-74.133432000020008,40.603580999900707],[-74.134338000391381,40.603508000306427],[-74.134561999799061,40.603500000103118],[-74.135227999970922,40.603472999921408],[-74.136161000106469,40.603429000132458]]]},"properties":{"OBJECTID":185011,"GEOID":"360850189021","STATE":"36","COUNTY":"085","AREALAND":236926,"AREAWATER":0}},{"type":"Feature","id":185012,"geometry":{"type":"Polygon","coordinates":[[[-74.140901000229007,40.607786999946569],[-74.140881999962431,40.607587999673363],[-74.140854000373338,40.607291000236835],[-74.140703999687204,40.605630000299691],[-74.140605999777904,40.604469999698992],[-74.140600999755037,40.604422999678889],[-74.140461999837868,40.603069999702356],[-74.139517000006734,40.603135000210052],[-74.139281000005184,40.60315299974139],[-74.138591000442204,40.603206999670327],[-74.137654000108682,40.603254999722111],[-74.137233999984119,40.603248999888052],[-74.136161000106469,40.603429000132458],[-74.135227999970922,40.603472999921408],[-74.134561999799061,40.603500000103118],[-74.134338000391381,40.603508000306427],[-74.133432000020008,40.603580999900707],[-74.133540999799962,40.604172000201842],[-74.133771999778645,40.604413999743812],[-74.133897000350416,40.605631000122735],[-74.133982999665832,40.606537999917954],[-74.1338959996272,40.6067939997682],[-74.133975000168221,40.607655999939603],[-74.134906999580551,40.607599999925952],[-74.1358380000663,40.607555000331558],[-74.136406000328847,40.607813999749489],[-74.13639999958275,40.608022999951416],[-74.139830999826103,40.607825000171232],[-74.140901000229007,40.607786999946569]]]},"properties":{"OBJECTID":185012,"GEOID":"360850189022","STATE":"36","COUNTY":"085","AREALAND":289785,"AREAWATER":0}},{"type":"Feature","id":185013,"geometry":{"type":"Polygon","coordinates":[[[-74.137227000311427,40.62429599984447],[-74.137249999877653,40.623930000124702],[-74.136393999734977,40.623466999925185],[-74.13569300030133,40.623064999840842],[-74.135555000209081,40.62298600028614],[-74.13471499995994,40.622523999931559],[-74.134011000153237,40.622143000272196],[-74.133857999992372,40.622059999954324],[-74.133986999863794,40.621163000150084],[-74.13375699971003,40.621136999877265],[-74.133703000181669,40.620296999885831],[-74.133820000357531,40.619625999947054],[-74.1338959996272,40.619139000152266],[-74.134021000198985,40.618610000132804],[-74.13425800002544,40.617738000286771],[-74.133567999564136,40.617628999676171],[-74.132881000374184,40.617520999896719],[-74.1322129996542,40.617416000246806],[-74.131224000340453,40.617265000227235],[-74.131257999777333,40.617578000105141],[-74.131355999686619,40.618294000052231],[-74.131378000326251,40.618407999783251],[-74.13147000038775,40.619007000275367],[-74.131696000343553,40.620360999717946],[-74.131804000298587,40.621021000162933],[-74.131907000230754,40.621653999887094],[-74.132076000285153,40.622702000260624],[-74.13225799986003,40.62277600027317],[-74.132555999785865,40.622899000029683],[-74.13547400001822,40.625279999843222],[-74.135809999578868,40.625064000303787],[-74.13618200002287,40.624837999936837],[-74.137227000311427,40.62429599984447]]]},"properties":{"OBJECTID":185013,"GEOID":"360850201002","STATE":"36","COUNTY":"085","AREALAND":173849,"AREAWATER":0}},{"type":"Feature","id":185014,"geometry":{"type":"Polygon","coordinates":[[[-74.218282000075618,40.535487000102826],[-74.218314999687578,40.535312000262955],[-74.218266000182112,40.534802999823732],[-74.218244000440791,40.534528999996937],[-74.21800699971601,40.53229899986048],[-74.217755999645846,40.531449000293435],[-74.21748600020743,40.530623000322457],[-74.217254000403827,40.529874000289709],[-74.217014000204315,40.529121999909933],[-74.216845999974836,40.52864199981699],[-74.216736000369963,40.528426999698986],[-74.21671299990544,40.528382000095078],[-74.216609999973272,40.528177999691096],[-74.215400999653184,40.528501000271582],[-74.214680000128055,40.528707000272654],[-74.212864000085659,40.529229000164776],[-74.211031000324823,40.529754000228394],[-74.21105399989105,40.529959999791807],[-74.211088000226241,40.530261000252537],[-74.211622000153625,40.535269000205048],[-74.211706999644136,40.535949999959833],[-74.211803999728502,40.536289000048299],[-74.21184399991148,40.536655999815558],[-74.211944000368916,40.537273999856936],[-74.211980000353918,40.537996999943907],[-74.211986000201705,40.538108000280531],[-74.212048000125975,40.538465000245253],[-74.212070999692202,40.538792999727399],[-74.21212599994378,40.539510999844445],[-74.212134000339702,40.540436000019028],[-74.212077000438299,40.54137100003819],[-74.21229900019614,40.541355999885333],[-74.212813000032043,40.541321999845032],[-74.214054000139171,40.541365000113991],[-74.214256999630464,40.54136600021517],[-74.214771000364664,40.541368999835974],[-74.215789999815627,40.541309999987327],[-74.215850999914991,40.541302999955519],[-74.21668399959313,40.541213999682839],[-74.217769000064635,40.541126000079295],[-74.217677999828041,40.540130999730764],[-74.217709999615096,40.538311999810638],[-74.217738999927406,40.538030000155459],[-74.217800000026784,40.537750000306303],[-74.217834000361975,40.53736800002433],[-74.21791100035486,40.537028999933725],[-74.218061999967588,40.536496000177245],[-74.218199000234961,40.535858999718528],[-74.218282000075618,40.535487000102826]]]},"properties":{"OBJECTID":185014,"GEOID":"360850208031","STATE":"36","COUNTY":"085","AREALAND":721894,"AREAWATER":0}},{"type":"Feature","id":185015,"geometry":{"type":"Polygon","coordinates":[[[-74.206989999986121,40.54174700013251],[-74.206897999924621,40.541293000298957],[-74.206748999961704,40.54057799982273],[-74.206533999876555,40.539877999711493],[-74.206259000415258,40.53918200033052],[-74.205958999941288,40.53851799968966],[-74.205636999725996,40.537838000248456],[-74.205317999883775,40.537171000132091],[-74.204994999843592,40.53649699966838],[-74.204681000024237,40.535836000275701],[-74.204353999786093,40.535160999842589],[-74.204044999989591,40.534493999701674],[-74.20372600014737,40.533822000044907],[-74.203403999932092,40.533156999994112],[-74.203092999587469,40.532483000115896],[-74.200704999982861,40.533207000237695],[-74.200356000003396,40.533383000333849],[-74.199954000320503,40.533601000223264],[-74.199662000242455,40.533769999831136],[-74.199309999889948,40.533984999875663],[-74.198912000404988,40.534247000121461],[-74.198580999968883,40.534480999782389],[-74.198872000222025,40.535153999851048],[-74.199222000026396,40.535835000091964],[-74.199545000066578,40.536482999963681],[-74.199849999665105,40.537180000240298],[-74.20016600003261,40.537851000199097],[-74.200468999981297,40.538530000047501],[-74.200751999838516,40.539213999825023],[-74.201048000114525,40.53989700000519],[-74.201347999690171,40.540546000297084],[-74.201435999553738,40.540743999932793],[-74.20153500018624,40.540965000086537],[-74.201669000080543,40.541264000057687],[-74.201999999618337,40.541947999909141],[-74.20218200009154,40.542381999730182],[-74.203491999795631,40.542152000033674],[-74.204500000274265,40.541961999837177],[-74.205245000088837,40.541967999707893],[-74.206989999986121,40.54174700013251]]]},"properties":{"OBJECTID":185015,"GEOID":"360850208041","STATE":"36","COUNTY":"085","AREALAND":444254,"AREAWATER":0}},{"type":"Feature","id":185016,"geometry":{"type":"Polygon","coordinates":[[[-74.160300000211947,40.634135999854351],[-74.160311000082601,40.633787999664726],[-74.159329000441573,40.633856999934643],[-74.158106999702696,40.633938999826746],[-74.157033000000141,40.633921999807519],[-74.156116999583006,40.634119999963751],[-74.155036000207787,40.634083999855079],[-74.153830000260754,40.634143999798219],[-74.153267999845951,40.634173000012723],[-74.153258999625123,40.63422299978879],[-74.153211999769454,40.63450399968805],[-74.153102999989514,40.635161999999845],[-74.153046999913016,40.63556500026769],[-74.153025999996629,40.635711000227964],[-74.152973000293173,40.636080999659235],[-74.152861999965097,40.636864000127296],[-74.153620000198472,40.63680800005482],[-74.154774000266968,40.636796000276618],[-74.154329999852948,40.63744700029487],[-74.154500999557172,40.639196000243707],[-74.155200000239304,40.639210000276705],[-74.156095999666618,40.639170000174666],[-74.156704999937077,40.639801999666055],[-74.157869999876226,40.639815000260441],[-74.158613000040987,40.639897000333164],[-74.160192000256913,40.640210999796686],[-74.160152999898855,40.638055999974341],[-74.160193000081833,40.637152000050094],[-74.160300000211947,40.634135999854351]]]},"properties":{"OBJECTID":185016,"GEOID":"360850223001","STATE":"36","COUNTY":"085","AREALAND":343665,"AREAWATER":0}},{"type":"Feature","id":189598,"geometry":{"type":"Polygon","coordinates":[[[-74.087424000311216,40.647573000294528],[-74.08696300017877,40.647020999815162],[-74.086538000031325,40.646490000027782],[-74.085756000406832,40.646832000109399],[-74.085602000421034,40.646857999920393],[-74.085410999727031,40.646877999715649],[-74.08522800032722,40.646885000290055],[-74.085045999854032,40.646881000059295],[-74.085007000394285,40.646877999715649],[-74.084895000241303,40.646869000047076],[-74.084706000095409,40.646841999670897],[-74.084501999880899,40.646797999817039],[-74.084431999560707,40.646778999886656],[-74.081433999860721,40.646023999782145],[-74.081091999553962,40.646610999944102],[-74.080684000023282,40.647316000067669],[-74.084500000231088,40.648228000324814],[-74.085398000206538,40.648426000307914],[-74.085615999766432,40.648398000015476],[-74.085910000392616,40.648349999681635],[-74.086373999999807,40.648179999868695],[-74.087424000311216,40.647573000294528]]]},"properties":{"OBJECTID":189598,"GEOID":"360850007003","STATE":"36","COUNTY":"085","AREALAND":82853,"AREAWATER":0}},{"type":"Feature","id":189599,"geometry":{"type":"Polygon","coordinates":[[[-74.059694000128829,40.594082000139984],[-74.056344999901256,40.590361000098127],[-74.054866000142752,40.58878399990828],[-74.050802000237837,40.595423000206331],[-74.047153000434605,40.601380999668592],[-74.046325999705971,40.602731999999151],[-74.043995999827644,40.606401999769147],[-74.043740999559532,40.606690999925057],[-74.043794999986204,40.606772999753474],[-74.043831999796126,40.606827999972914],[-74.043888999697543,40.606912999727086],[-74.043944999774027,40.606995999767797],[-74.044073999645462,40.607187999795663],[-74.04411399982844,40.607248000032214],[-74.045196999751809,40.608863000141852],[-74.046451000277742,40.610735000283988],[-74.047514000109629,40.612318999730931],[-74.056746999584178,40.608102999937344],[-74.056807999683542,40.608064999870713],[-74.056729999865738,40.607877000156563],[-74.056796999812889,40.607782000310202],[-74.056473999772706,40.607265000021272],[-74.056017999663112,40.606747000018387],[-74.055744000026735,40.606522000235742],[-74.055470000390343,40.606480000028746],[-74.0553480001916,40.606516000012931],[-74.05523900041166,40.606668000262843],[-74.055184000160082,40.6066260001476],[-74.055148000175066,40.606722999886685],[-74.055014000280764,40.606655999842857],[-74.05505000026578,40.606559000006527],[-74.055123000060718,40.606570999761871],[-74.055201999703428,40.606407000190714],[-74.055134999756277,40.606291000134604],[-74.054794999997654,40.606156999795608],[-74.054557000346264,40.606089999866377],[-74.053839000295881,40.60592000020258],[-74.053639000279333,40.605238000293447],[-74.054034000289548,40.604940000128387],[-74.053864000410243,40.604830999781896],[-74.053779000021422,40.604679000128243],[-74.053656999822664,40.604441000227425],[-74.053595999723314,40.604198000256666],[-74.053589999875527,40.604076000016789],[-74.053620000012756,40.603996999832141],[-74.053582000377929,40.603801000101775],[-74.05352200010347,40.603609999745458],[-74.053370999592431,40.603164000248263],[-74.053415999798261,40.602873999981753],[-74.05331600023915,40.602578999795583],[-74.053260999987558,40.602256999680655],[-74.053102999803798,40.602025999843661],[-74.053091000108253,40.601818999745554],[-74.053085000260452,40.60159999972479],[-74.053139999613734,40.601246999716388],[-74.053266999835344,40.601033999901176],[-74.053333999782495,40.600777999814483],[-74.053474000422895,40.600608000280879],[-74.053486000118454,40.600443999719317],[-74.053182000344847,40.600205999744176],[-74.053096999956026,40.600132999874305],[-74.052999000046739,40.599979999860345],[-74.053556000438661,40.599500000192009],[-74.059694000128829,40.594082000139984]]]},"properties":{"OBJECTID":189599,"GEOID":"360850018000","STATE":"36","COUNTY":"085","AREALAND":0,"AREAWATER":1451608}},{"type":"Feature","id":189600,"geometry":{"type":"Polygon","coordinates":[[[-74.073578000037458,40.637781000170122],[-74.073502999694369,40.637311999697573],[-74.073419000028778,40.637256000000946],[-74.073362000127389,40.636786999930315],[-74.073325000317453,40.636599999958726],[-74.071741000078646,40.636741000186369],[-74.071721999812084,40.636665999928312],[-74.073352999906547,40.636525000223962],[-74.073296999830063,40.636271999906313],[-74.073183999852134,40.6362810003221],[-74.073166000308802,40.636047000025535],[-74.073127999775636,40.635981000125717],[-74.073127999775636,40.635916000212227],[-74.0732220003853,40.635643999940321],[-74.073061999653405,40.63508100031045],[-74.072997000254404,40.634566000079133],[-74.073024999843497,40.634106000226794],[-74.07292199991133,40.63357199969257],[-74.073034000064325,40.633083999909708],[-74.073296999830063,40.631977999937888],[-74.072950000398734,40.632024999664623],[-74.072902999644739,40.631828000226001],[-74.073230999707803,40.63177200001995],[-74.07320300011871,40.631678000177196],[-74.072968999766985,40.631715999766939],[-74.07292199991133,40.631472000015485],[-74.07320300011871,40.631424999899515],[-74.072958999721251,40.630318999718455],[-74.072902999644739,40.630243999745701],[-74.068074999658663,40.628781000063789],[-74.068150000001751,40.628565999737042],[-74.072902999644739,40.629991000170556],[-74.072480999870365,40.627824999902707],[-74.072415999573025,40.627655999805782],[-74.072350000349118,40.627450000190407],[-74.072311999815966,40.62717800020144],[-74.072476999672404,40.627328000131804],[-74.072509000357769,40.627314000334401],[-74.072566000259187,40.627314000334401],[-74.072654999947645,40.627291000271192],[-74.072691999757552,40.627238999713782],[-74.07274799983405,40.62717800020144],[-74.072931000132158,40.627107999664098],[-74.073029999866364,40.627089000265272],[-74.073127999775636,40.627093999820524],[-74.073330000340334,40.627052000272244],[-74.073446999617872,40.626985999662523],[-74.073505000242506,40.626876000319506],[-74.073465999884462,40.626741999672653],[-74.073264000218089,40.626760999851946],[-74.073277999563487,40.626887000330171],[-74.072907999667621,40.626924999919098],[-74.072851999591137,40.626919999669404],[-74.072716000046995,40.626878000011693],[-74.072686999734671,40.626844999969911],[-74.072664000168459,40.626752000198287],[-74.072635999681069,40.626555000203041],[-74.072608000091975,40.626344000307711],[-74.072579999604557,40.626208000244866],[-74.072532999748901,40.625982999858579],[-74.072480999870365,40.625805000091695],[-74.072429999816734,40.625598000015088],[-74.072415999573025,40.625463000004899],[-74.072415999573025,40.625308000287959],[-74.072411000448469,40.625124999701576],[-74.072368999717369,40.624975000277736],[-74.0723219998617,40.624862999915521],[-74.065837999666812,40.625131999830131],[-74.056827999775024,40.625103999993435],[-74.055323999902157,40.625102999779877],[-74.056630000306612,40.627287000229742],[-74.056467999924919,40.631715000334161],[-74.056261000235679,40.637406999818104],[-74.056232999748275,40.638177000183802],[-74.064774999834896,40.638123999904948],[-74.07257499958169,40.637972000325348],[-74.072546999992596,40.63786600008185],[-74.073578000037458,40.637781000170122]]]},"properties":{"OBJECTID":189600,"GEOID":"360850021000","STATE":"36","COUNTY":"085","AREALAND":0,"AREAWATER":2017877}},{"type":"Feature","id":189601,"geometry":{"type":"Polygon","coordinates":[[[-74.061799999701151,40.592352999993302],[-74.064955999584882,40.589010000119522],[-74.061045999665737,40.585999999704249],[-74.059886999574374,40.585086000041457],[-74.059608999740021,40.584866999785504],[-74.055101000319397,40.588611999736798],[-74.054866000142752,40.58878399990828],[-74.056344999901256,40.590361000098127],[-74.059694000128829,40.594082000139984],[-74.061799999701151,40.592352999993302]]]},"properties":{"OBJECTID":189601,"GEOID":"360850074000","STATE":"36","COUNTY":"085","AREALAND":0,"AREAWATER":442359}},{"type":"Feature","id":189880,"geometry":{"type":"Polygon","coordinates":[[[-74.101350000052619,40.618024000236332],[-74.101898000223713,40.617453000122801],[-74.101165000104686,40.617041999704966],[-74.100441000206501,40.616629000169212],[-74.099723999981023,40.616220000148601],[-74.098995999884878,40.615807000304656],[-74.098117000176003,40.615296999844176],[-74.097954999794297,40.614943999895694],[-74.097635999952061,40.614302999733674],[-74.097526000347202,40.614074999706098],[-74.097923000007242,40.613478999799227],[-74.098109999604986,40.612791000312235],[-74.099350999712129,40.612418999918617],[-74.098514999660935,40.611386999731494],[-74.098466999980374,40.611349999905919],[-74.098102999932294,40.610961999690183],[-74.097883999649184,40.610749999893038],[-74.097657999693368,40.610502999991951],[-74.096877999718686,40.610500999809538],[-74.095963999849715,40.610476999662097],[-74.095279000309588,40.610440999765757],[-74.094473000395652,40.610329000267242],[-74.093888000414637,40.610205999871091],[-74.093259000052683,40.610032000055014],[-74.092489999948668,40.609772999685632],[-74.090567999601078,40.609002000056392],[-74.09038199982821,40.609163999856925],[-74.090109000016767,40.609402999754806],[-74.089587999609847,40.609848000140708],[-74.088996999781045,40.610663999815685],[-74.088866000259799,40.610859000133274],[-74.088333000157334,40.611671999857691],[-74.088216999806377,40.611839999750288],[-74.087916000405812,40.612286999721064],[-74.087487000060406,40.612931999667168],[-74.087210000050973,40.613306999739216],[-74.087429000334097,40.61441900020278],[-74.087776999590318,40.61494300021193],[-74.087832999666801,40.615317999907887],[-74.087703999795394,40.615526999825164],[-74.087414000265468,40.615929999937364],[-74.089600000203731,40.616607999835672],[-74.08980199987009,40.61680800017912],[-74.089853999748627,40.616859999993046],[-74.090307000383461,40.616952000246584],[-74.090468999866872,40.616990000032693],[-74.090698000195729,40.617054999957681],[-74.090913000280878,40.617133000056924],[-74.091109000099451,40.617220000322433],[-74.091278000153849,40.617308000123032],[-74.091478999995317,40.617430999719879],[-74.091663999943236,40.617566999925145],[-74.091817000104115,40.617700999886729],[-74.092000000402223,40.617801000202],[-74.092269000015733,40.61796299980859],[-74.092534000329607,40.618141000017772],[-74.092643000109547,40.61821200004168],[-74.092747999691539,40.618260999860539],[-74.092858000194695,40.618296000001351],[-74.092977999845303,40.618318000119409],[-74.09308099977747,40.618325000279469],[-74.093207999999066,40.618320999701062],[-74.093310999931219,40.618305999745971],[-74.093409999665425,40.61828100004066],[-74.093511999772687,40.618241999990673],[-74.093603999834201,40.618195000110092],[-74.093684000200142,40.618139999699999],[-74.093767999865733,40.618062000094589],[-74.093829999789989,40.617981000119492],[-74.09407099981442,40.617704000177973],[-74.094302999618023,40.616655000150899],[-74.096233000361551,40.615720000244792],[-74.096443000423832,40.615620000224176],[-74.096646999740003,40.615522999761104],[-74.097147000230521,40.61528500029187],[-74.097387000430047,40.616597000177855],[-74.097702000074321,40.618809000311963],[-74.097814000227302,40.618853999828268],[-74.098405000056076,40.619090000295579],[-74.098683999715334,40.619202000110022],[-74.098949000029208,40.619311999818088],[-74.099684999622966,40.619652999739415],[-74.101350000052619,40.618024000236332]]]},"properties":{"OBJECTID":189880,"GEOID":"360850047001","STATE":"36","COUNTY":"085","AREALAND":754155,"AREAWATER":0}},{"type":"Feature","id":200714,"geometry":{"type":"Polygon","coordinates":[[[-74.164940999701969,40.560112000036618],[-74.164683999784003,40.559010000273574],[-74.164529999798233,40.558306000265631],[-74.164338000177594,40.557590999867443],[-74.164287000123977,40.557349000134543],[-74.164261000184709,40.557225000005772],[-74.163989000198143,40.555912999940183],[-74.163966999558525,40.555807999757036],[-74.163892999938668,40.555452999868415],[-74.161029999957918,40.555823000085802],[-74.161024999935037,40.555807999757036],[-74.160792000306529,40.555117000216313],[-74.160552000107032,40.55442299996831],[-74.16031299973244,40.553716999669717],[-74.157672000407814,40.554057999763067],[-74.157982000029222,40.554757999789253],[-74.158281999604881,40.555443000276838],[-74.158609999667931,40.55613700019002],[-74.158925000210516,40.556832000287322],[-74.159225999611095,40.557481000283445],[-74.159428000175751,40.557949000265381],[-74.159541999978572,40.558213999833981],[-74.159644000085819,40.558446000027082],[-74.159849000125249,40.558910000048861],[-74.159984999669376,40.559219999986347],[-74.160151000249044,40.559600000196966],[-74.160455000022651,40.560294999833133],[-74.160735000405126,40.560924999916423],[-74.160778999887739,40.561025999668622],[-74.16096800003362,40.561460000065587],[-74.16125599991372,40.561363000178588],[-74.161532000098262,40.561269000245453],[-74.161932999956235,40.561111000321766],[-74.16272100032684,40.560774999719428],[-74.163779000135875,40.560316999931622],[-74.164940999701969,40.560112000036618]]]},"properties":{"OBJECTID":200714,"GEOID":"360850146072","STATE":"36","COUNTY":"085","AREALAND":282133,"AREAWATER":0}},{"type":"Feature","id":229921,"geometry":{"type":"Polygon","coordinates":[[[-74.082743999564826,40.616581000176431],[-74.083234000009597,40.616220000148601],[-74.082510999936332,40.615770999870385],[-74.081632000227444,40.615528999857112],[-74.081721999740822,40.615357000300982],[-74.080967999705393,40.61513299986634],[-74.080480999633679,40.616014999706429],[-74.080155000118779,40.616605999836004],[-74.079879999759157,40.616834999746615],[-74.080479999808787,40.617294999919601],[-74.08110300032294,40.617788999735652],[-74.081740000182464,40.617310999750032],[-74.082743999564826,40.616581000176431]]]},"properties":{"OBJECTID":229921,"GEOID":"360850040031","STATE":"36","COUNTY":"085","AREALAND":42016,"AREAWATER":0}},{"type":"Feature","id":229922,"geometry":{"type":"Polygon","coordinates":[[[-74.087677999856112,40.573071000334721],[-74.086009999951727,40.572250999708622],[-74.085007000394285,40.57175800004805],[-74.083911000052126,40.572728000249398],[-74.080933000443622,40.574833000018032],[-74.079237999876739,40.576031999831649],[-74.076923999891974,40.577662000338925],[-74.07621699971223,40.578120999705398],[-74.076030999939377,40.578301000055575],[-74.076887000082039,40.578698999709317],[-74.077801999775929,40.579249999765267],[-74.079150999838092,40.578051000310268],[-74.080788999605261,40.577048999673316],[-74.081715999893035,40.57652000014258],[-74.08243999979122,40.576108000197976],[-74.082906999771453,40.575834999728137],[-74.083341999964631,40.575579000049977],[-74.083767999936981,40.575331999831825],[-74.084258000381737,40.575046000056048],[-74.084887999670286,40.574678000220807],[-74.085457999582673,40.574328999803114],[-74.085802000437582,40.574134999661524],[-74.087677999856112,40.573071000334721]]]},"properties":{"OBJECTID":229922,"GEOID":"360850112014","STATE":"36","COUNTY":"085","AREALAND":207263,"AREAWATER":0}},{"type":"Feature","id":229923,"geometry":{"type":"Polygon","coordinates":[[[-74.120959999922746,40.644000999998184],[-74.121642999813062,40.64375399967264],[-74.120952000425163,40.641877999999906],[-74.120928000135692,40.6418129996933],[-74.120374000116826,40.642351000251502],[-74.118429000203022,40.642777000255201],[-74.116314000409886,40.643526999914037],[-74.114098000334408,40.644351999892962],[-74.113042000175199,40.644694999944853],[-74.112641000317197,40.644547000021433],[-74.112237999911059,40.644787000026625],[-74.110924000009021,40.645549999751424],[-74.109916000428697,40.645657999873379],[-74.1068049998525,40.645903000164779],[-74.106230999742138,40.645925000049587],[-74.104782999945797,40.645981999872205],[-74.105038000213909,40.648064000100582],[-74.106142999878585,40.648064000100582],[-74.109847999758301,40.648064000100582],[-74.119293999668187,40.644609999867747],[-74.120959999922746,40.644000999998184]]]},"properties":{"OBJECTID":229923,"GEOID":"360850097010","STATE":"36","COUNTY":"085","AREALAND":0,"AREAWATER":336112}},{"type":"Feature","id":229924,"geometry":{"type":"Polygon","coordinates":[[[-74.073815999688804,40.580448000045941],[-74.076030999939377,40.578301000055575],[-74.072069999966615,40.576111999891708],[-74.071981000278157,40.576062999874821],[-74.070915000073214,40.575474000010637],[-74.059608999740021,40.584866999785504],[-74.059886999574374,40.585086000041457],[-74.061045999665737,40.585999999704249],[-74.064955999584882,40.589010000119522],[-74.069531999675874,40.584692000046793],[-74.073815999688804,40.580448000045941]]]},"properties":{"OBJECTID":229924,"GEOID":"360850070020","STATE":"36","COUNTY":"085","AREALAND":0,"AREAWATER":866081}},{"type":"Feature","id":229969,"geometry":{"type":"Polygon","coordinates":[[[-74.103537999640693,40.634698999954125],[-74.10333599997432,40.633753000142733],[-74.103187999836322,40.633081000309346],[-74.103038999873419,40.632389999912327],[-74.102890999735394,40.63169700031564],[-74.102669999802472,40.630926000080024],[-74.101510999711095,40.631073000082317],[-74.100509999803478,40.631213999710859],[-74.099520999591419,40.631358000083083],[-74.098880000432246,40.63144599966531],[-74.098420999949624,40.631597999786116],[-74.097989999954393,40.631763999791893],[-74.097154999728119,40.631897999906236],[-74.097198000284152,40.632883999895881],[-74.097266999881128,40.633997999819869],[-74.098386999614434,40.634004999700039],[-74.099414000359644,40.634106000226794],[-74.100463999772728,40.634292000290891],[-74.102141999722861,40.634594000038945],[-74.102525999862422,40.63466300015763],[-74.103537999640693,40.634698999954125]]]},"properties":{"OBJECTID":229969,"GEOID":"360850067003","STATE":"36","COUNTY":"085","AREALAND":165167,"AREAWATER":0}},{"type":"Feature","id":229970,"geometry":{"type":"Polygon","coordinates":[[[-74.127014999772257,40.639318999751417],[-74.127032000389008,40.638377000020888],[-74.126958999695759,40.637826999879124],[-74.126915000213145,40.637428999776532],[-74.126888000448972,40.637209999898445],[-74.12565200036471,40.637198000192505],[-74.124605000426342,40.637466000155015],[-74.12433300043979,40.63540800001951],[-74.123252999991124,40.635493000225757],[-74.123144000211184,40.634665999686923],[-74.123067000218299,40.634078000062331],[-74.121938000264151,40.634160999760915],[-74.121227999711351,40.634220000239587],[-74.120641000080525,40.634259999898944],[-74.120239000397632,40.634300000216058],[-74.120636000057658,40.636573000200265],[-74.119752000325917,40.636666999968675],[-74.117548999770904,40.636954000023557],[-74.117656999725924,40.638062000091345],[-74.117648000403435,40.63896799997493],[-74.117645999855284,40.639376999762071],[-74.117757000183374,40.639849000020192],[-74.118007000428619,40.640561999853979],[-74.118069000352889,40.641213999928745],[-74.118066999804768,40.641298000269849],[-74.119682999830616,40.641091999796899],[-74.12056300026272,40.640942000111423],[-74.120658999623885,40.641195999744532],[-74.123744000260814,40.640201999910794],[-74.126962000068801,40.640181000172262],[-74.127014999772257,40.639318999751417]]]},"properties":{"OBJECTID":229970,"GEOID":"360850133022","STATE":"36","COUNTY":"085","AREALAND":409003,"AREAWATER":0}},{"type":"Feature","id":229971,"geometry":{"type":"Polygon","coordinates":[[[-74.12838200027609,40.612642000186938],[-74.128118999612028,40.610595999882385],[-74.127901000052148,40.608893999971208],[-74.127322999743825,40.608661000329597],[-74.125844999810255,40.608861999685118],[-74.124195000347513,40.609210000183296],[-74.12317799964805,40.609419000111238],[-74.121384000245286,40.609899000156631],[-74.121447999819395,40.610172999776168],[-74.121578000414047,40.610601999738883],[-74.122028999602449,40.611745000082095],[-74.122133000257818,40.612014000314062],[-74.122363000411596,40.612574999939881],[-74.122556999682033,40.613075999905597],[-74.124074999798594,40.612987999986217],[-74.124636000388477,40.612952999792334],[-74.124767999734644,40.612944000324013],[-74.126870999832221,40.61276800002166],[-74.127111999856638,40.612749999670129],[-74.127805999617593,40.612686000047958],[-74.12838200027609,40.612642000186938]]]},"properties":{"OBJECTID":229971,"GEOID":"360850187012","STATE":"36","COUNTY":"085","AREALAND":222438,"AREAWATER":0}},{"type":"Feature","id":229972,"geometry":{"type":"Polygon","coordinates":[[[-74.162444000317407,40.607645999964944],[-74.162450999990099,40.607513999886677],[-74.162435000096565,40.607366999864659],[-74.162395999738521,40.607227000160144],[-74.162382000393109,40.607190000077182],[-74.161014999889304,40.607363999791289],[-74.160403000144115,40.607442000292082],[-74.159465999810593,40.607628000279647],[-74.157351000017456,40.608055999744124],[-74.156408999661068,40.608242999852713],[-74.156234999583788,40.608277000002239],[-74.155437000065774,40.608436000171046],[-74.154001999789898,40.608721999702546],[-74.153620000198472,40.608800999757982],[-74.153386999671653,40.608849999659149],[-74.153215999967415,40.60888599973066],[-74.153081000248221,40.608914000227472],[-74.152104999556641,40.609101999752312],[-74.150348999788704,40.609460999835122],[-74.149968999847104,40.609539999698924],[-74.15050600014753,40.609905999834844],[-74.152384999939116,40.611352000062915],[-74.15313800014961,40.611937999833479],[-74.153688999795435,40.612322000263816],[-74.153820000215006,40.612428000139602],[-74.154704999771653,40.613146000146166],[-74.154913000184123,40.613308000129408],[-74.155993999559371,40.614139999739429],[-74.156380000247069,40.614435999731413],[-74.157311999659399,40.615154999662209],[-74.157386000177567,40.614991000017739],[-74.157432000208317,40.614891999954338],[-74.157660999638864,40.61439200034085],[-74.158761000178984,40.613006999986382],[-74.159179999580331,40.612526999762295],[-74.159266999618964,40.612362999804702],[-74.159432000373727,40.611942999840871],[-74.159997000263246,40.610703999944732],[-74.160402000319195,40.609806999738716],[-74.160435999756075,40.609682000220694],[-74.160494000380695,40.609542999674673],[-74.160569999650377,40.609405999736701],[-74.160669000282894,40.609269000199795],[-74.160778999887739,40.609145000127931],[-74.160902999736308,40.609032000049055],[-74.161031999607729,40.608933999795774],[-74.161185999593513,40.608835000305611],[-74.161938999804022,40.608408999937438],[-74.162056999804804,40.608320000226762],[-74.162163000110013,40.608219000258295],[-74.162250999973566,40.608115000097463],[-74.162323999768489,40.608003000110479],[-74.16237499982212,40.607900999873792],[-74.162418000378125,40.607779000255448],[-74.162444000317407,40.607645999964944]]]},"properties":{"OBJECTID":229972,"GEOID":"360850291044","STATE":"36","COUNTY":"085","AREALAND":413530,"AREAWATER":0}},{"type":"Feature","id":229973,"geometry":{"type":"Polygon","coordinates":[[[-74.258753999793683,40.500103000247044],[-74.258717999808667,40.500102000213126],[-74.255428999855553,40.494847000176861],[-74.254824999607976,40.493901000057384],[-74.253079999710693,40.491166999983733],[-74.233925999950131,40.494296000291349],[-74.233905999858649,40.494300000089815],[-74.220633999695224,40.49648800032368],[-74.220687000296991,40.496739000024178],[-74.22163299995303,40.501071000102904],[-74.22191400016041,40.502420999799142],[-74.222150000161975,40.502452999769929],[-74.222554000393018,40.502396999811033],[-74.222816000333822,40.502358999812259],[-74.2231440003969,40.502265999724536],[-74.223434999751703,40.502134000061716],[-74.223529000361353,40.502077999836452],[-74.223696999692535,40.501927999685932],[-74.223912999602604,40.501825000285443],[-74.224157000000076,40.501702999855823],[-74.224504000329702,40.50160000010986],[-74.22467199966087,40.50155300023291],[-74.224935000324919,40.50160000010986],[-74.225244000121421,40.501666000157606],[-74.225553999742814,40.501702999855823],[-74.225824999904461,40.501787999971441],[-74.22599399995886,40.501843999755678],[-74.226322000021923,40.501984000036416],[-74.226669000351563,40.502105999954928],[-74.226763000062888,40.502144000096969],[-74.226997000414613,40.502191000242917],[-74.227062999638534,40.502237999672857],[-74.227456999823843,40.502274999738638],[-74.228188000293045,40.502237999672857],[-74.228332000233081,40.502237999672857],[-74.228450000233849,40.502237999672857],[-74.22856300021175,40.502209000290101],[-74.228825000152568,40.502200000267138],[-74.22906899965173,40.502191000242917],[-74.229237999706129,40.502125000028641],[-74.229612999624862,40.502031000294416],[-74.230043999620079,40.5018810000388],[-74.230138000229729,40.501843999755678],[-74.230307000284128,40.50177799988306],[-74.230437999805375,40.501797000049685],[-74.230635000347178,40.501806000126763],[-74.230794000355843,40.501816000210923],[-74.230924999877089,40.501806000126763],[-74.230971999732773,40.501787999971441],[-74.231093999931517,40.501693999764974],[-74.231216000130232,40.501637999855468],[-74.231375000138911,40.501666000157606],[-74.231488000116812,40.501675000252213],[-74.231693999981132,40.501646999953877],[-74.231769000324192,40.501627999744777],[-74.231909999891201,40.501562999671748],[-74.232088000166428,40.501487000073936],[-74.232171999832019,40.501468999833072],[-74.232472000305989,40.501374999862669],[-74.232649999682906,40.501262000130808],[-74.232781999927383,40.501103000034668],[-74.23286599959296,40.500972000153432],[-74.232921999669458,40.500794000290718],[-74.232956000004648,40.500677000162099],[-74.232997000012531,40.500677000162099],[-74.233457000320072,40.500558999802308],[-74.233737999629142,40.500587999898428],[-74.234294000196158,40.500603000296486],[-74.234544000441417,40.500672000035287],[-74.234647000373585,40.500681000263299],[-74.234816000427983,40.500597000137667],[-74.234984999584057,40.500530999721249],[-74.235125000224457,40.500512999906896],[-74.235331999913711,40.500475000207039],[-74.235528999557189,40.500437999831462],[-74.235743999642338,40.500334000161985],[-74.235912999696751,40.5002690002013],[-74.236007000306387,40.500146999674122],[-74.236054000162056,40.500081000181112],[-74.236118999561086,40.500006000305838],[-74.23628799961547,40.499893999671102],[-74.236512999746367,40.499941000027349],[-74.236578999868598,40.49996899967163],[-74.236615999678534,40.499977999993916],[-74.236663000432515,40.499977999993916],[-74.236850000030259,40.499903000003499],[-74.237046999673751,40.499752999771061],[-74.237254000261302,40.499565999712935],[-74.237366000414283,40.499406000334254],[-74.237450000079889,40.499274999871538],[-74.237489000437961,40.49916099996986],[-74.237431999638233,40.499069000279427],[-74.237431999638233,40.498965999904655],[-74.237431999638233,40.498956000078699],[-74.237450000079889,40.498919000231531],[-74.237506999981306,40.498843999740224],[-74.237629000180036,40.498816000309517],[-74.237773999944991,40.498830999737635],[-74.237891000120854,40.498881000311876],[-74.238107000030922,40.49893799984175],[-74.238266000039573,40.498908999715461],[-74.238481999949641,40.498788000184014],[-74.238782000423598,40.498506000220118],[-74.239522000215331,40.497681000154067],[-74.239757000391961,40.497493999785213],[-74.240113000044104,40.49745599974154],[-74.240318999908439,40.49750299975647],[-74.240524999772774,40.497606000328076],[-74.240693999827158,40.49764400028684],[-74.240918999958055,40.497625000310151],[-74.24107799996672,40.497524999984705],[-74.241416000075517,40.497558999702228],[-74.241621999939852,40.497512999799007],[-74.241987999637729,40.497427999731542],[-74.242119000057301,40.497390999724779],[-74.242315999700793,40.497465999791075],[-74.242381999823024,40.497493999785213],[-74.242540999831704,40.497512999799007],[-74.242938000390055,40.49752700012931],[-74.24382100029689,40.497480000131198],[-74.244735000165861,40.497344000314513],[-74.244926999786472,40.497291999809448],[-74.245171000183944,40.4971800001086],[-74.245616000422885,40.496869999973974],[-74.245896999731968,40.49662700008335],[-74.24621599957419,40.49638299990638],[-74.246506999827318,40.496177000314852],[-74.246760000445633,40.496082999760468],[-74.246993999899047,40.496059000237338],[-74.247628000283854,40.496044000189478],[-74.248020999745933,40.496064000024845],[-74.248765999560518,40.49616299970284],[-74.2496379995967,40.49683800007243],[-74.250190999790661,40.497250000028949],[-74.250574999930194,40.497709000058478],[-74.25086600018335,40.497999999861534],[-74.250969000115518,40.498233999689035],[-74.251053999606015,40.498375000049258],[-74.251138000169917,40.498533999780207],[-74.251204000292148,40.498647000008674],[-74.251287999957754,40.498740999703124],[-74.25159199973136,40.49894300009781],[-74.252132000404828,40.499191000034678],[-74.252581999768324,40.499416000093142],[-74.252909999831388,40.499613000298943],[-74.253257000161,40.499922000018088],[-74.253443999758758,40.500203000145227],[-74.253678999935403,40.500615999955748],[-74.253707000422807,40.500690999832123],[-74.25387499975399,40.501309000211641],[-74.253950000097049,40.501544000121889],[-74.254053999854122,40.501731000130825],[-74.254156999786289,40.501843999755678],[-74.254299000076529,40.501998000116707],[-74.254428999772855,40.502255999707415],[-74.254587999781521,40.502302999774891],[-74.258595999609923,40.502280999747427],[-74.258703999564972,40.500789000172624],[-74.258753999793683,40.500103000247044]]]},"properties":{"OBJECTID":229973,"GEOID":"360850244020","STATE":"36","COUNTY":"085","AREALAND":0,"AREAWATER":2064759}},{"type":"Feature","id":232270,"geometry":{"type":"Polygon","coordinates":[[[-74.187572999561525,40.550146999666616],[-74.186671000286438,40.549670999938385],[-74.185891000311756,40.549288000078178],[-74.185117000184846,40.548894000199688],[-74.184348999905723,40.548491000098416],[-74.183558000060387,40.548103000312828],[-74.182777000260828,40.547709000288627],[-74.181995999562915,40.547323000092575],[-74.18128500008352,40.546958000094229],[-74.180940000302016,40.546784000204596],[-74.180721000018906,40.546672999909354],[-74.179593999714598,40.548066000280954],[-74.178930999915778,40.549284000146478],[-74.178682000393749,40.549601000134615],[-74.17835099995763,40.550365000293944],[-74.17808800019192,40.550856999902983],[-74.178366000026244,40.550904999987637],[-74.178745000142939,40.550996000266977],[-74.178155999963977,40.552113000003288],[-74.179942999694035,40.551876999929839],[-74.180099000227969,40.552582999835238],[-74.180262000434581,40.553284000189016],[-74.180562999835161,40.554658000038557],[-74.180746000133269,40.555476000083537],[-74.180901999768864,40.556184000022434],[-74.181061999602449,40.556885000213747],[-74.181147999816162,40.557240999881145],[-74.18153799980351,40.556818000055095],[-74.181942999859459,40.556402999982559],[-74.181967000148902,40.556378000331854],[-74.182038000294014,40.556304999714961],[-74.183180999593532,40.555201000287425],[-74.183469000371957,40.55493100022013],[-74.184152000262245,40.554296000156249],[-74.184538999876537,40.553912000215917],[-74.184645000181732,40.553807000307394],[-74.184888999680894,40.553549999713049],[-74.185050000237695,40.553356000082381],[-74.185439000400123,40.552908999947718],[-74.186144000031732,40.551972999967546],[-74.187572999561525,40.550146999666616]]]},"properties":{"OBJECTID":232270,"GEOID":"360850170151","STATE":"36","COUNTY":"085","AREALAND":457623,"AREAWATER":0}},{"type":"Feature","id":232271,"geometry":{"type":"Polygon","coordinates":[[[-74.220091000445322,40.547161999977575],[-74.220081000399588,40.547137000289617],[-74.220066000330974,40.547097999692909],[-74.220058999759956,40.547079000076593],[-74.219974000269474,40.546834999854219],[-74.219871000337307,40.546576999782424],[-74.219815000260795,40.546438999828169],[-74.219543000274243,40.545700000166335],[-74.219297000226931,40.545053000070389],[-74.217290000388843,40.545465000058726],[-74.216307999849477,40.545671999822041],[-74.215303999568818,40.545758000208323],[-74.213700000136839,40.545981000266956],[-74.212732999666102,40.546094999753002],[-74.211762999720619,40.546209999756428],[-74.210828999760139,40.546320000109212],[-74.209884999753939,40.546430000281262],[-74.210494999849317,40.548052000263574],[-74.210526999636357,40.54814200032429],[-74.210781999904498,40.548785999959875],[-74.21102499957874,40.549397000172277],[-74.211073000157626,40.549522999740567],[-74.211268000151293,40.549969999953468],[-74.211426000335038,40.550373999994591],[-74.211474000015627,40.550543000292372],[-74.211693000298752,40.551131999793796],[-74.212240999571492,40.551015000137141],[-74.212324000310502,40.551007999754489],[-74.212418000021827,40.551017000051303],[-74.212496999664538,40.551039999742606],[-74.212558999588836,40.55106999980287],[-74.21261600038855,40.551128999927691],[-74.212699000229222,40.551187000046006],[-74.212781000244988,40.551227000263061],[-74.212896999697634,40.551262000006815],[-74.212987000109308,40.551274000129283],[-74.213079000170822,40.5512769999889],[-74.21318100027807,40.55126599982038],[-74.213255999722833,40.55124899992861],[-74.213351999982308,40.551214000178057],[-74.213427000325353,40.551172999998499],[-74.213495000097424,40.551122000239531],[-74.213779999604483,40.550807999823782],[-74.214689000348898,40.550574999820064],[-74.214737000029473,40.550534999896108],[-74.214773999839394,40.550485000298792],[-74.214794999755782,40.550429000186796],[-74.214795999580716,40.550371000094479],[-74.21477700021245,40.550311000016791],[-74.214629999899358,40.549908000251811],[-74.214594999739234,40.549810000033837],[-74.214337999821296,40.549134999790866],[-74.2141129996904,40.548534999854745],[-74.214090000124187,40.548461000247933],[-74.215287999675283,40.548198000300992],[-74.217097000045001,40.547796000112207],[-74.218091000279912,40.547573999961955],[-74.219461000258477,40.547268000079825],[-74.220091000445322,40.547161999977575]]]},"properties":{"OBJECTID":232271,"GEOID":"360850208052","STATE":"36","COUNTY":"085","AREALAND":285550,"AREAWATER":204}},{"type":"Feature","id":232272,"geometry":{"type":"Polygon","coordinates":[[[-74.200144000291289,40.548800999813977],[-74.199849999665105,40.548132000323498],[-74.199120999744068,40.546709000006828],[-74.198215000271006,40.546970000305286],[-74.197340999686674,40.547218000091114],[-74.196471000198628,40.547472999711516],[-74.194614999973254,40.548011000195828],[-74.193968999892874,40.548329000063667],[-74.193209000009688,40.548608000069358],[-74.193024000061769,40.548779000026805],[-74.192641999572032,40.54918199976013],[-74.192107999644634,40.549768999677198],[-74.191532999709366,40.550373999994591],[-74.190971000192889,40.550968000089192],[-74.190145000187471,40.551600999737396],[-74.190731999818297,40.552115999825361],[-74.191014999675517,40.552399000180714],[-74.191428000127388,40.552801000040191],[-74.191604999679399,40.552602999871112],[-74.192362999912774,40.552408000290562],[-74.193424999919756,40.552235000166306],[-74.194117999855791,40.551606000161549],[-74.194486000101818,40.551324999772504],[-74.195331000373827,40.551194999681783],[-74.196307000167096,40.550890999881176],[-74.196739999812138,40.550739999765838],[-74.197000000103131,40.550002999727191],[-74.197432999748173,40.549960000225632],[-74.198170999890081,40.549578999927668],[-74.198948000390004,40.549401000097177],[-74.19973900023534,40.549213999938225],[-74.199622999884383,40.548928999797603],[-74.200144000291289,40.548800999813977]]]},"properties":{"OBJECTID":232272,"GEOID":"360850170141","STATE":"36","COUNTY":"085","AREALAND":248849,"AREAWATER":0}},{"type":"Feature","id":232273,"geometry":{"type":"Polygon","coordinates":[[[-74.16273800004528,40.58152899979823],[-74.162805999817323,40.581241000212486],[-74.161958000070612,40.580855999779466],[-74.161660000144764,40.580695999993239],[-74.161543999793807,40.580632999895677],[-74.160927000025751,40.580300999863226],[-74.160535000388592,40.580082999837565],[-74.16007599990597,40.579924999982119],[-74.159507999643395,40.579783999908294],[-74.159374999574013,40.579844999705749],[-74.158628999934507,40.57925500017091],[-74.158054999824159,40.579799999849357],[-74.157482000437028,40.580346000064822],[-74.157393999675165,40.580690000181434],[-74.156889000060104,40.581215000098815],[-74.156601000180004,40.581299999671891],[-74.156340000064091,40.581462999931624],[-74.156196000124055,40.581628000158339],[-74.155853999817296,40.581986000251284],[-74.155591999876478,40.58225699983651],[-74.15638500026995,40.582694000182997],[-74.156863000120822,40.582948000282364],[-74.157217000123154,40.583136999996341],[-74.157665999661731,40.583375000013575],[-74.158140000212967,40.58362599979931],[-74.158198999764195,40.583657999886405],[-74.15830699971923,40.583715999792084],[-74.158474000123817,40.583805999663682],[-74.158917999639499,40.584041000273686],[-74.15970900038316,40.584463999973245],[-74.160333999648827,40.584794999675552],[-74.161008000216597,40.58405599973301],[-74.161245999867973,40.583805000196406],[-74.161423000318308,40.58364300033783],[-74.161607000441322,40.583461999880171],[-74.161814000130548,40.583233000231324],[-74.161989999857653,40.583015000209613],[-74.162141000368706,40.582805000111399],[-74.162278999562645,40.582589999880156],[-74.162423000401006,40.582331999781964],[-74.162551000447536,40.58206000032505],[-74.162650000181742,40.581807999941454],[-74.16273800004528,40.58152899979823]]]},"properties":{"OBJECTID":232273,"GEOID":"360850277024","STATE":"36","COUNTY":"085","AREALAND":202770,"AREAWATER":0}},{"type":"Feature","id":232274,"geometry":{"type":"Polygon","coordinates":[[[-74.181394999688365,40.565237999897839],[-74.181311000022788,40.564877000332181],[-74.181162000059857,40.564183000259163],[-74.181121000051988,40.563989000047243],[-74.181012000272048,40.563470999842977],[-74.180868000332012,40.562766999660404],[-74.180722999668731,40.562066000321579],[-74.180577000078856,40.561370999963536],[-74.180423000093086,40.56066400009432],[-74.180408999849362,40.560538000333686],[-74.180326999833611,40.559971999664342],[-74.179351999865261,40.560080000289332],[-74.177981999886697,40.560238999735958],[-74.1778339997487,40.559565000034283],[-74.177695999656422,40.558888000170427],[-74.17743999956339,40.558907999687911],[-74.176741999604474,40.558961999856777],[-74.176462999945215,40.557633999928719],[-74.176390000150292,40.557279000167107],[-74.17611599961559,40.555936999880934],[-74.176015000231573,40.555410999662847],[-74.17601900042952,40.555332000001059],[-74.175958000330155,40.555114999742081],[-74.175007999577858,40.556628999704586],[-74.174350999626824,40.557663999764635],[-74.173984999928919,40.558198000191098],[-74.173960999639476,40.558321000034724],[-74.173934999700222,40.55845500000661],[-74.173912999958901,40.558543000046001],[-74.173898999715206,40.558600000040812],[-74.173876000148979,40.558688999732098],[-74.173810000026748,40.558957999820457],[-74.173777000414773,40.559091000045818],[-74.173421999689225,40.559853000107303],[-74.173275000274458,40.560093999839445],[-74.172510000368376,40.560938000163354],[-74.172280000214613,40.56117599998565],[-74.171877999633381,40.561566000055834],[-74.172255000100265,40.561704000229319],[-74.17348500033674,40.562266999853691],[-74.174217999557428,40.562567999834023],[-74.174887999927265,40.562825999714732],[-74.175399000288422,40.562964999799043],[-74.176594000364787,40.563241000235145],[-74.177617999838631,40.563803999898269],[-74.177945000076789,40.563983000102048],[-74.181394999688365,40.565237999897839]]]},"properties":{"OBJECTID":232274,"GEOID":"360850170161","STATE":"36","COUNTY":"085","AREALAND":364310,"AREAWATER":0}},{"type":"Feature","id":232275,"geometry":{"type":"Polygon","coordinates":[[[-74.203342999832714,40.55613299998496],[-74.203213000136373,40.555776000000023],[-74.202910000187686,40.554945000164452],[-74.202628000155372,40.554342999915932],[-74.202248000213771,40.553570000142635],[-74.202162000000058,40.553359999770848],[-74.201850999655434,40.552689000230217],[-74.200970000296721,40.550789999855297],[-74.200144000291289,40.548800999813977],[-74.199622999884383,40.548928999797603],[-74.19973900023534,40.549213999938225],[-74.198948000390004,40.549401000097177],[-74.198170999890081,40.549578999927668],[-74.197432999748173,40.549960000225632],[-74.197000000103131,40.550002999727191],[-74.196739999812138,40.550739999765838],[-74.196307000167096,40.550890999881176],[-74.195331000373827,40.551194999681783],[-74.195569999850107,40.552386000323239],[-74.195851000057516,40.552343000304219],[-74.196436999863437,40.552386000323239],[-74.197129999799486,40.552754999811803],[-74.197368000349158,40.553101000339112],[-74.197498000045499,40.553664999883196],[-74.198170000065161,40.553968000145318],[-74.198776999787469,40.554032999919308],[-74.199668000090227,40.554692000134359],[-74.19977299967222,40.554769999967689],[-74.199946999749486,40.555051000232766],[-74.199925000008193,40.555484999779793],[-74.199274999729838,40.55628599998078],[-74.199771000022395,40.556870000122906],[-74.200058999902495,40.556578000006098],[-74.200193999621689,40.556443999689819],[-74.200345999957662,40.556317000298655],[-74.200510999814099,40.55620199990593],[-74.200695999762019,40.556092999968513],[-74.200792999846414,40.556045000190295],[-74.20100000043395,40.555980000322016],[-74.201206000298285,40.555931999780213],[-74.201418000010392,40.555896999747397],[-74.201643999966194,40.555876000128457],[-74.201849000005595,40.555871000023181],[-74.202054000045024,40.555877999897426],[-74.202338999552069,40.555910000288264],[-74.203145000364316,40.556088999760824],[-74.203342999832714,40.55613299998496]]]},"properties":{"OBJECTID":232275,"GEOID":"360850170131","STATE":"36","COUNTY":"085","AREALAND":272825,"AREAWATER":0}},{"type":"Feature","id":232276,"geometry":{"type":"Polygon","coordinates":[[[-74.199925000008193,40.555484999779793],[-74.199946999749486,40.555051000232766],[-74.19977299967222,40.554769999967689],[-74.199668000090227,40.554692000134359],[-74.198776999787469,40.554032999919308],[-74.198170000065161,40.553968000145318],[-74.197498000045499,40.553664999883196],[-74.197368000349158,40.553101000339112],[-74.197129999799486,40.552754999811803],[-74.196436999863437,40.552386000323239],[-74.195851000057516,40.552343000304219],[-74.195569999850107,40.552386000323239],[-74.195331000373827,40.551194999681783],[-74.194486000101818,40.551324999772504],[-74.194117999855791,40.551606000161549],[-74.193424999919756,40.552235000166306],[-74.192362999912774,40.552408000290562],[-74.191604999679399,40.552602999871112],[-74.191428000127388,40.552801000040191],[-74.192752000075188,40.55408699992509],[-74.193584999753327,40.554878000111955],[-74.19474300001977,40.556000000025691],[-74.196604000267996,40.557813000251976],[-74.197694999688991,40.558887000330898],[-74.199466000423854,40.557180999816794],[-74.199771000022395,40.556870000122906],[-74.199274999729838,40.55628599998078],[-74.199925000008193,40.555484999779793]]]},"properties":{"OBJECTID":232276,"GEOID":"360850170132","STATE":"36","COUNTY":"085","AREALAND":283823,"AREAWATER":219}},{"type":"Feature","id":232277,"geometry":{"type":"Polygon","coordinates":[[[-74.141036999773135,40.611985999752221],[-74.141203000352803,40.611305000108864],[-74.140218000338706,40.611496000296583],[-74.139209999860086,40.611691999964485],[-74.13843599973319,40.611839000020076],[-74.138229000043935,40.611874999845213],[-74.136633000109569,40.612169000191685],[-74.136040999557565,40.61226199980932],[-74.135108000320315,40.612293999831088],[-74.134170000161902,40.612330000093053],[-74.13323500037653,40.612376000285863],[-74.13230399989078,40.61243800008058],[-74.131307000181138,40.612518999956656],[-74.130718999827081,40.612557999937771],[-74.130736000443832,40.612796999971643],[-74.131606999756784,40.613051000288998],[-74.132087999980712,40.613233999857457],[-74.133299999775545,40.614521000037371],[-74.133487000271614,40.614718999753123],[-74.133590000203753,40.614829000023576],[-74.134185000230516,40.615362999729967],[-74.134279999766761,40.615425000162574],[-74.134379000399264,40.615471000270347],[-74.134498000224966,40.615507999859723],[-74.134601999982038,40.615524999793145],[-74.134725000005673,40.615528999857112],[-74.134851000402364,40.61554599978524],[-74.135096999551351,40.615589999779623],[-74.13553799959233,40.615668999898396],[-74.136216000358061,40.615787000065801],[-74.136888000377709,40.615896000272201],[-74.13761800012368,40.616005999968657],[-74.138255999808109,40.616091000322939],[-74.138973999858521,40.616191999985581],[-74.139821999605275,40.616299999867778],[-74.140047999561077,40.615656999730994],[-74.140231999684104,40.614980000093709],[-74.140411999609157,40.614310000314376],[-74.140665000227443,40.613366000229973],[-74.140857999672974,40.612647999859725],[-74.140909999551525,40.612458999679049],[-74.141036999773135,40.611985999752221]]]},"properties":{"OBJECTID":232277,"GEOID":"360850189013","STATE":"36","COUNTY":"085","AREALAND":280503,"AREAWATER":0}},{"type":"Feature","id":232278,"geometry":{"type":"Polygon","coordinates":[[[-74.132123000140822,40.608274999753256],[-74.132088999805646,40.608057000212867],[-74.132043999599787,40.607756000285661],[-74.131947000413732,40.60734200015817],[-74.131892000162139,40.606677999701787],[-74.131774000161371,40.605593999838256],[-74.131569000121956,40.603769999956072],[-74.130629000313704,40.603883000065835],[-74.129732000163145,40.603963000233286],[-74.128840000035481,40.604040999929268],[-74.128659000285523,40.602787999999535],[-74.127835999754822,40.602878999985279],[-74.126355000346493,40.602899999859439],[-74.126488000415875,40.60359700028696],[-74.126609999716308,40.60424099969552],[-74.126905999992317,40.606006000247049],[-74.127233000230461,40.608156000173622],[-74.127296999804571,40.608449000052303],[-74.127322999743825,40.608661000329597],[-74.12878999980677,40.608486999900542],[-74.130954000003712,40.608327999853131],[-74.132123000140822,40.608274999753256]]]},"properties":{"OBJECTID":232278,"GEOID":"360850187031","STATE":"36","COUNTY":"085","AREALAND":231408,"AREAWATER":0}},{"type":"Feature","id":232279,"geometry":{"type":"Polygon","coordinates":[[[-74.131569000121956,40.603769999956072],[-74.131405000090425,40.602577999926829],[-74.131401999717369,40.602556999951453],[-74.131248999556504,40.601406000240736],[-74.13116900008886,40.600832000298027],[-74.131101000316818,40.60035399973092],[-74.131067999806532,40.600114000306206],[-74.130989999988728,40.599502999936348],[-74.130928999889363,40.599098999733663],[-74.130919999668521,40.598856000122481],[-74.130804000215889,40.598841999814802],[-74.129830000072459,40.598671000205179],[-74.128889000439287,40.598548000179647],[-74.127981000418089,40.598421000204112],[-74.127146000191829,40.598331000220412],[-74.125453000173096,40.598137000116296],[-74.125634999747959,40.599112000066924],[-74.12576399961938,40.599791000001609],[-74.125893000389141,40.600488000109095],[-74.126052000397792,40.601293999923598],[-74.126116999796793,40.601672000156448],[-74.126202000185614,40.602086999816187],[-74.126355000346493,40.602899999859439],[-74.127835999754822,40.602878999985279],[-74.128659000285523,40.602787999999535],[-74.128840000035481,40.604040999929268],[-74.129732000163145,40.603963000233286],[-74.130629000313704,40.603883000065835],[-74.131569000121956,40.603769999956072]]]},"properties":{"OBJECTID":232279,"GEOID":"360850187032","STATE":"36","COUNTY":"085","AREALAND":243098,"AREAWATER":0}},{"type":"Feature","id":232280,"geometry":{"type":"Polygon","coordinates":[[[-74.147501999701461,40.60631300011368],[-74.147514000295345,40.60610300020403],[-74.147449999822911,40.605734000235564],[-74.146508000364847,40.605188999789974],[-74.14598500030813,40.604998999822541],[-74.144105999618219,40.604247000122569],[-74.143032999740583,40.603751000057656],[-74.142027999635005,40.60337200013025],[-74.140461999837868,40.603069999702356],[-74.140600999755037,40.604422999678889],[-74.140605999777904,40.604469999698992],[-74.140703999687204,40.605630000299691],[-74.140854000373338,40.607291000236835],[-74.140881999962431,40.607587999673363],[-74.140901000229007,40.607786999946569],[-74.142795000089208,40.607735999682816],[-74.143991999815412,40.607741000004573],[-74.145868000132253,40.607920999745254],[-74.146807999940506,40.608157999744236],[-74.147208999798494,40.608258999804896],[-74.147250999631282,40.608003000110479],[-74.147298000385277,40.607724999928422],[-74.147409999639947,40.607001999947506],[-74.147501999701461,40.60631300011368]]]},"properties":{"OBJECTID":232280,"GEOID":"360850189023","STATE":"36","COUNTY":"085","AREALAND":228366,"AREAWATER":0}},{"type":"Feature","id":232281,"geometry":{"type":"Polygon","coordinates":[[[-74.16043400010625,40.627995999912493],[-74.160501999878306,40.62653000017594],[-74.160244000135449,40.626498000154882],[-74.159408999909189,40.626417000182137],[-74.158567999835142,40.626312999711168],[-74.157826000393612,40.626218000168649],[-74.156677000347997,40.626047999896528],[-74.155761999755782,40.625908999990102],[-74.155513000233739,40.628637999749145],[-74.155510999685617,40.628662999668919],[-74.15659100013427,40.628781000063789],[-74.157274000024572,40.628786000174145],[-74.157955000265034,40.628787999809092],[-74.16040399996902,40.628804000295581],[-74.160424000060502,40.628249000228145],[-74.16043400010625,40.627995999912493]]]},"properties":{"OBJECTID":232281,"GEOID":"360850231002","STATE":"36","COUNTY":"085","AREALAND":115278,"AREAWATER":0}},{"type":"Feature","id":233947,"geometry":{"type":"Polygon","coordinates":[[[-74.161536000296209,40.644156999876344],[-74.161484000417659,40.643429999763725],[-74.16133100025678,40.642226000281738],[-74.161255000088815,40.641789999852776],[-74.161049000224494,40.641752999825954],[-74.160507999726107,40.641585000183234],[-74.159947000034521,40.641455000299366],[-74.159520000237265,40.641378999914394],[-74.159192000174201,40.641447999836991],[-74.158833000149016,40.641547000075583],[-74.158587999926638,40.641661000333656],[-74.158453000207416,40.641751999861818],[-74.158419999697145,40.641836000207505],[-74.158365000343878,40.641981000125469],[-74.158283000328098,40.642056999825016],[-74.158158999581218,40.642156999800079],[-74.158048000151453,40.642186999899749],[-74.157986000227183,40.642263000046327],[-74.157982000029222,40.642385000082854],[-74.157888000317882,40.642530000171462],[-74.157783999662499,40.642645000064732],[-74.157632000224851,40.642773999727048],[-74.157453000124718,40.642820000085273],[-74.157304999986707,40.642835999935727],[-74.157212999925193,40.642935000160548],[-74.157242000237517,40.643011000137143],[-74.15755199985891,40.643239000229279],[-74.158106999702696,40.643757000156683],[-74.159904000376841,40.643969000170394],[-74.161209999882971,40.644123000266035],[-74.161327999883738,40.644136999947314],[-74.161428000341175,40.644147999840854],[-74.161536000296209,40.644156999876344]]]},"properties":{"OBJECTID":233947,"GEOID":"360850223003","STATE":"36","COUNTY":"085","AREALAND":78561,"AREAWATER":0}}]}