site_id,layer,matches,status,candidate_geoids
dfs_09dc1cdf11a17fc2,acs2023,1,unique,360470606001
dfs_09dc1cdf11a17fc2,sld2021,1,unique,360470606001
dfs_324eddf80b83f62e,acs2023,1,unique,360610068004
dfs_324eddf80b83f62e,sld2021,1,unique,360610064001
dfs_c922852f36743f38,acs2023,1,unique,360810869002
dfs_c922852f36743f38,sld2021,1,unique,360810869002
dfs_887cfaf39f0edbc6,acs2023,1,unique,360810683003
dfs_887cfaf39f0edbc6,sld2021,1,unique,360810683003
dfs_3d08f164d6a3b867,acs2023,1,unique,360810654011
dfs_3d08f164d6a3b867,sld2021,1,unique,360810654001
dfs_99c928a1f341d15e,acs2023,1,unique,360610016001
dfs_99c928a1f341d15e,sld2021,1,unique,360610016001
dfs_a2a347789eb92af9,acs2023,1,unique,360610099012
dfs_a2a347789eb92af9,sld2021,1,unique,360610099001
dfs_351f04b6ac3a60af,acs2023,1,unique,360470260001
dfs_351f04b6ac3a60af,sld2021,1,unique,360470260001
dfs_f5d8a3140106f796,acs2023,1,unique,360470354002
dfs_f5d8a3140106f796,sld2021,1,unique,360470354002
dfs_2b8103d04a58419f,acs2023,1,unique,360610271002
dfs_2b8103d04a58419f,sld2021,1,unique,360610271002
dfs_48295340da20d958,acs2023,1,unique,360610021001
dfs_48295340da20d958,sld2021,1,unique,360610021001
dfs_753e448f3375dbf8,acs2023,1,unique,360050092003
dfs_753e448f3375dbf8,sld2021,1,unique,360050092003
dfs_b9bc0f0ba8d05423,acs2023,1,unique,360470234001
dfs_b9bc0f0ba8d05423,sld2021,1,unique,360470234001
dfs_074610a926460e25,acs2023,1,unique,360610104001
dfs_074610a926460e25,sld2021,1,unique,360610104001
dfs_d2e64e706db36600,acs2023,1,unique,360610067002
dfs_d2e64e706db36600,sld2021,1,unique,360610067002
dfs_8b0f9b46b2ada6eb,acs2023,1,unique,360610257001
dfs_8b0f9b46b2ada6eb,sld2021,1,unique,360610257001
dfs_84773a53c23595ee,acs2023,1,unique,360610091004
dfs_84773a53c23595ee,sld2021,1,unique,360610091001
dfs_d80ac125ec5ac77f,acs2023,1,unique,360811467001
dfs_d80ac125ec5ac77f,sld2021,1,unique,360811467001
dfs_428cf3787eca310c,acs2023,1,unique,360810629001
dfs_428cf3787eca310c,sld2021,1,unique,360810629001
dfs_b79d2ef68fdd3cb3,acs2023,1,unique,360610055022
dfs_b79d2ef68fdd3cb3,sld2021,1,unique,360610055022
dfs_e143fb92ef5fef1d,acs2023,1,unique,360610238031
dfs_e143fb92ef5fef1d,sld2021,1,unique,360610238011
dfs_252be5537019291f,acs2023,1,unique,360470160004
dfs_252be5537019291f,sld2021,1,unique,360470160004
dfs_d5f43f3ba5c010a3,acs2023,1,unique,360850277022
dfs_d5f43f3ba5c010a3,sld2021,1,unique,360850277022
dfs_a01410f8346f8232,acs2023,1,unique,360470554003
dfs_a01410f8346f8232,sld2021,1,unique,360470554002
dfs_f713586d38b300cb,acs2023,1,unique,360470234002
dfs_f713586d38b300cb,sld2021,1,unique,360470234002
dfs_900edd74b0f37fd1,acs2023,1,unique,360470600005
dfs_900edd74b0f37fd1,sld2021,1,unique,360470600005
dfs_dc8081ace0ff09d3,acs2023,1,unique,360810743001
dfs_dc8081ace0ff09d3,sld2021,1,unique,360810743001
dfs_815e713bb112cd00,acs2023,1,unique,360470606001
dfs_815e713bb112cd00,sld2021,1,unique,360470606001
dfs_f914f1313df19a45,acs2023,1,unique,360850070023
dfs_f914f1313df19a45,sld2021,1,unique,360850070003
dfs_4b7380df88c0194b,acs2023,1,unique,360470578001
dfs_4b7380df88c0194b,sld2021,1,unique,360470578001
dfs_bf482492b1085acb,acs2023,1,unique,360610108011
dfs_bf482492b1085acb,sld2021,1,unique,360610108007
dfs_e03b586629bf4348,acs2023,1,unique,360470009001
dfs_e03b586629bf4348,sld2021,1,unique,360470009001
dfs_b19bfa0a80b38b5d,acs2023,1,unique,360610094002
dfs_b19bfa0a80b38b5d,sld2021,1,unique,360610094001
dfs_354bcd03dd9af739,acs2023,1,unique,360470160004
dfs_354bcd03dd9af739,sld2021,1,unique,360470160004
dfs_a3e1f5cffe53b1ca,acs2023,1,unique,360850277022
dfs_a3e1f5cffe53b1ca,sld2021,1,unique,360850277022
dfs_ba8d10f9a1e3e618,acs2023,1,unique,360050200004
dfs_ba8d10f9a1e3e618,sld2021,1,unique,360050200001
dfs_9da6a4c9ccdee9f5,acs2023,1,unique,360470284003
dfs_9da6a4c9ccdee9f5,sld2021,1,unique,360470284003
dfs_df60fc85f5c5dadb,acs2023,1,unique,360610015011
dfs_df60fc85f5c5dadb,sld2021,1,unique,360610015011
dfs_0a80b2868057fc15,acs2023,1,unique,360050295001
dfs_0a80b2868057fc15,sld2021,1,unique,360050295001
dfs_8c3876569c7c0ce6,acs2023,1,unique,360470337011
dfs_8c3876569c7c0ce6,sld2021,1,unique,360470337003
dfs_f1f2464637572ccb,acs2023,1,unique,360470534004
dfs_f1f2464637572ccb,sld2021,1,unique,360470534004
dfs_3ee01d22734e7ae2,acs2023,1,unique,360810849022
dfs_3ee01d22734e7ae2,sld2021,1,unique,360810849002
dfs_36a8fc34a980331b,acs2023,1,unique,360610100001
dfs_36a8fc34a980331b,sld2021,1,unique,360610100001
dfs_b7441961ef66c44f,acs2023,1,unique,360610082002
dfs_b7441961ef66c44f,sld2021,1,unique,360610082001
dfs_04584da2c9ac5a8f,acs2023,1,unique,360810115002
dfs_04584da2c9ac5a8f,sld2021,1,unique,360810115002
dfs_103f2af167945642,acs2023,1,unique,360810657031
dfs_103f2af167945642,sld2021,1,unique,360810657031
dfs_fe709364d770269f,acs2023,1,unique,360050449021
dfs_fe709364d770269f,sld2021,1,unique,360050449021
dfs_ca686707e7ffa1c4,acs2023,1,unique,360050425006
dfs_ca686707e7ffa1c4,sld2021,1,unique,360050425006
dfs_5392085d2fd1be62,acs2023,1,unique,360810797014
dfs_5392085d2fd1be62,sld2021,1,unique,360810797013
dfs_e243a36ebb3781c1,acs2023,1,unique,360610022021
dfs_e243a36ebb3781c1,sld2021,1,unique,360610022021
dfs_0a763d1d9cc54cb7,acs2023,1,unique,360050065004
dfs_0a763d1d9cc54cb7,sld2021,1,unique,360050065004
dfs_84d3e338cf3c93f0,acs2023,1,unique,360610018003
dfs_84d3e338cf3c93f0,sld2021,1,unique,360610018002
dfs_f239d2357141dc6d,acs2023,1,unique,360610092003
dfs_f239d2357141dc6d,sld2021,1,unique,360610092001
dfs_64b8f71facc815d7,acs2023,1,unique,360850128063
dfs_64b8f71facc815d7,sld2021,1,unique,360850128063
dfs_2c22a1372d3ad6a5,acs2023,1,unique,360810557003
dfs_2c22a1372d3ad6a5,sld2021,1,unique,360810557003
dfs_bd5dac6aaf4895f2,acs2023,1,unique,360811507011
dfs_bd5dac6aaf4895f2,sld2021,1,unique,360811507011
dfs_470c77758ed9aa39,acs2023,1,unique,360050338012
dfs_470c77758ed9aa39,sld2021,1,unique,360050338004
dfs_0907374a4d0095eb,acs2023,1,unique,360610159006
dfs_0907374a4d0095eb,sld2021,1,unique,360610159006
dfs_237854274a67e491,acs2023,1,unique,360610083001
dfs_237854274a67e491,sld2021,1,unique,360610081002
dfs_af04b3a730d03d08,acs2023,1,unique,360810265012
dfs_af04b3a730d03d08,sld2021,0,unmatched,
dfs_893273cd9f591446,acs2023,1,unique,360470510012
dfs_893273cd9f591446,sld2021,1,unique,360470510012
dfs_57776d4743da69cd,acs2023,1,unique,360610043003
dfs_57776d4743da69cd,sld2021,1,unique,360610043003
dfs_0575cf6c2bf03ae0,acs2023,1,unique,360610086034
dfs_0575cf6c2bf03ae0,sld2021,1,unique,360610086034
dfs_47c11efaafb251a5,acs2023,1,unique,360610013003
dfs_47c11efaafb251a5,sld2021,0,unmatched,
dfs_d5faa618283e7cf5,acs2023,1,unique,360610140005
dfs_d5faa618283e7cf5,sld2021,1,unique,360610140002
dfs_0d7ffa45e8befda0,acs2023,1,unique,360810460001
dfs_0d7ffa45e8befda0,sld2021,0,unmatched,
dfs_c25e6e3dc5f5288a,acs2023,1,unique,360470350002
dfs_c25e6e3dc5f5288a,sld2021,1,unique,360470350002
dfs_659b0d941d1dfed0,acs2023,1,unique,360050145001
dfs_659b0d941d1dfed0,sld2021,1,unique,360050149003
dfs_aca5e91cfdc659b8,acs2023,1,unique,360810987002
dfs_aca5e91cfdc659b8,sld2021,1,unique,360810987002
dfs_47a5131f02935210,acs2023,1,unique,360470232003
dfs_47a5131f02935210,sld2021,1,unique,360470232003
dfs_2d1175df8f71294c,acs2023,1,unique,360470554001
dfs_2d1175df8f71294c,sld2021,1,unique,360470554001
dfs_983a46f3bd84712d,acs2023,1,unique,360050369011
dfs_983a46f3bd84712d,sld2021,1,unique,360050369011
dfs_235b1f307929d9bd,acs2023,1,unique,360610073004
dfs_235b1f307929d9bd,sld2021,1,unique,360610073006
dfs_efeec7fa5b9a6b3d,acs2023,1,unique,360810455001
dfs_efeec7fa5b9a6b3d,sld2021,1,unique,360810455001
dfs_b8ae1a380f9675d0,acs2023,1,unique,360470064002
dfs_b8ae1a380f9675d0,sld2021,1,unique,360470064002
dfs_6e38689a5e16fcf6,acs2023,1,unique,360610074001
dfs_6e38689a5e16fcf6,sld2021,1,unique,360610074002
dfs_aa6476c805b1d564,acs2023,1,unique,360470129012
dfs_aa6476c805b1d564,sld2021,1,unique,360470129022
dfs_865b2f7282670643,acs2023,1,unique,360050462055
dfs_865b2f7282670643,sld2021,1,unique,360050462019
dfs_d355539b9f0e1bbc,acs2023,1,unique,360610074005
dfs_d355539b9f0e1bbc,sld2021,1,unique,360610074001
dfs_639680c2afc1011c,acs2023,1,unique,360470160004
dfs_639680c2afc1011c,sld2021,1,unique,360470160004
dfs_0b5ac4baadd0c8f3,acs2023,1,unique,360470199003
dfs_0b5ac4baadd0c8f3,sld2021,1,unique,360470199003
dfs_8ba9c766e9dd1b81,acs2023,1,unique,360610175007
dfs_8ba9c766e9dd1b81,sld2021,1,unique,360610175007
dfs_0c28316449d83790,acs2023,1,unique,360610222001
dfs_0c28316449d83790,sld2021,1,unique,360610222001
dfs_e6745c7aa51020e2,acs2023,1,unique,360610196003
dfs_e6745c7aa51020e2,sld2021,1,unique,360610196003
dfs_d43a49c2dbc293a4,acs2023,1,unique,360610157007
dfs_d43a49c2dbc293a4,sld2021,1,unique,360610157007
dfs_8dc989492fdda649,acs2023,1,unique,360470220002
dfs_8dc989492fdda649,sld2021,1,unique,360470220002
dfs_cb441654b0d43346,acs2023,1,unique,360850122002
dfs_cb441654b0d43346,sld2021,1,unique,360850122002
dfs_5be820b7477609f0,acs2023,1,unique,360610076002
dfs_5be820b7477609f0,sld2021,1,unique,360610074003
dfs_af4b09123e7edb8c,acs2023,1,unique,360470039001
dfs_af4b09123e7edb8c,sld2021,1,unique,360470039001
dfs_975d266f13e49229,acs2023,1,unique,360811347011
dfs_975d266f13e49229,sld2021,1,unique,360811347001
dfs_3fe8a4f9d7146f0b,acs2023,1,unique,360610257001
dfs_3fe8a4f9d7146f0b,sld2021,1,unique,360610222001
dfs_ca7d124978d2e190,acs2023,1,unique,360610112031
dfs_ca7d124978d2e190,sld2021,1,unique,360610112031
dfs_6acb3227d4e8542e,acs2023,1,unique,360610029022
dfs_6acb3227d4e8542e,sld2021,1,unique,360610029003
dfs_604a00e75135497a,acs2023,1,unique,360610031002
dfs_604a00e75135497a,sld2021,0,unmatched,
dfs_dad606e6fb07ab29,acs2023,1,unique,360811467001
dfs_dad606e6fb07ab29,sld2021,1,unique,360811467001
dfs_c70abc1dd7955cb3,acs2023,1,unique,360610091005
dfs_c70abc1dd7955cb3,sld2021,1,unique,360610091001
dfs_8cf18445d30dd918,acs2023,1,unique,360810713032
dfs_8cf18445d30dd918,sld2021,1,unique,360810713032
dfs_0a555f7ea62c5ff6,acs2023,1,unique,360050237031
dfs_0a555f7ea62c5ff6,sld2021,1,unique,360050237031
dfs_ab82c47f632be81a,acs2023,1,unique,360050263001
dfs_ab82c47f632be81a,sld2021,1,unique,360050263001
dfs_cf219ebb189c50d0,acs2023,1,unique,360470037001
dfs_cf219ebb189c50d0,sld2021,1,unique,360470037001
dfs_5220038e0e3c73c8,acs2023,1,unique,360610196003
dfs_5220038e0e3c73c8,sld2021,1,unique,360610196003
dfs_27765d6f8b36e445,acs2023,1,unique,360810375021
dfs_27765d6f8b36e445,sld2021,1,unique,360810375001
dfs_107a4d82bc2a8281,acs2023,1,unique,360470486001
dfs_107a4d82bc2a8281,sld2021,1,unique,360470486001
dfs_8cbde93b58c25164,acs2023,1,unique,360610159004
dfs_8cbde93b58c25164,sld2021,1,unique,360610159004
dfs_088802ae88228a36,acs2023,1,unique,360471070011
dfs_088802ae88228a36,sld2021,1,unique,360471070001
dfs_2b93d09b39942a6f,acs2023,1,unique,360470362002
dfs_2b93d09b39942a6f,sld2021,1,unique,360470360022
dfs_c4a700d88616e12a,acs2023,1,unique,360610182003
dfs_c4a700d88616e12a,sld2021,1,unique,360610182003
dfs_a1ba7952f71057b6,acs2023,1,unique,360470106021
dfs_a1ba7952f71057b6,sld2021,1,unique,360470106002
dfs_3b14b11e5e9940d2,acs2023,1,unique,360610068001
dfs_3b14b11e5e9940d2,sld2021,1,unique,360610068001
dfs_88a84cd2fe9ca72f,acs2023,1,unique,360470534001
dfs_88a84cd2fe9ca72f,sld2021,1,unique,360470534001
dfs_69fb52600b67bc28,acs2023,1,unique,360050062005
dfs_69fb52600b67bc28,sld2021,0,unmatched,
dfs_26b3052d25d15d4b,acs2023,1,unique,360610273003
dfs_26b3052d25d15d4b,sld2021,1,unique,360610273003
dfs_48dfd7c52cd27c21,acs2023,1,unique,360610311001
dfs_48dfd7c52cd27c21,sld2021,1,unique,360610311001
dfs_60cad2288987ad81,acs2023,1,unique,360470474002
dfs_60cad2288987ad81,sld2021,1,unique,360470474002
dfs_c0f872c323e78132,acs2023,1,unique,360810865003
dfs_c0f872c323e78132,sld2021,1,unique,360810865001
dfs_4a15a422dcf93f38,acs2023,1,unique,360470245004
dfs_4a15a422dcf93f38,sld2021,1,unique,360470247002
dfs_7eee513ab830498a,acs2023,1,unique,360610104001
dfs_7eee513ab830498a,sld2021,1,unique,360610104001
dfs_487b108d2db09190,acs2023,1,unique,360050152002
dfs_487b108d2db09190,sld2021,1,unique,360050152002
dfs_b1e43278dc6a4cac,acs2023,1,unique,360610080001
dfs_b1e43278dc6a4cac,sld2021,1,unique,360610080001
dfs_1c3ff9ca0db21f53,acs2023,1,unique,360470696011
dfs_1c3ff9ca0db21f53,sld2021,1,unique,360470696011
dfs_c33446ea3d9e5fcd,acs2023,1,unique,360610093002
dfs_c33446ea3d9e5fcd,sld2021,1,unique,360610091004
dfs_8493a19cbcbc8b22,acs2023,1,unique,360610140005
dfs_8493a19cbcbc8b22,sld2021,2,ambiguous,360610140005|360610140002
dfs_b40576f4e676a8db,acs2023,1,unique,360050462055
dfs_b40576f4e676a8db,sld2021,1,unique,360050462011
dfs_c9be4bd19fe93df8,acs2023,1,unique,360050241003
dfs_c9be4bd19fe93df8,sld2021,1,unique,360050241003
dfs_22a51c8bbf1e0bb4,acs2023,1,unique,360610161006
dfs_22a51c8bbf1e0bb4,sld2021,1,unique,360610161006
dfs_84feaf0ed772ff26,acs2023,1,unique,360610271002
dfs_84feaf0ed772ff26,sld2021,1,unique,360610271002
dfs_67abc792d755382f,acs2023,1,unique,360610148012
dfs_67abc792d755382f,sld2021,1,unique,360610148012
dfs_4c1665643ad8e740,acs2023,1,unique,360810871002
dfs_4c1665643ad8e740,sld2021,1,unique,360810871002
dfs_b28a5baefcb4e2a5,acs2023,1,unique,360610014012
dfs_b28a5baefcb4e2a5,sld2021,1,unique,360610014012
dfs_f17043b11a9d32f1,acs2023,1,unique,360850248003
dfs_f17043b11a9d32f1,sld2021,1,unique,360850248003
dfs_82a365b40d8cb621,acs2023,1,unique,360610063005
dfs_82a365b40d8cb621,sld2021,1,unique,360610063005
dfs_1d64d5c69dcb6401,acs2023,1,unique,360050224032
dfs_1d64d5c69dcb6401,sld2021,1,unique,360050224032
dfs_1d3e4b235e31aea6,acs2023,1,unique,360610183006
dfs_1d3e4b235e31aea6,sld2021,1,unique,360610183006
dfs_2eadff8dfbab0e72,acs2023,1,unique,360610195005
dfs_2eadff8dfbab0e72,sld2021,1,unique,360610195005
dfs_1fd823cd10ad655b,acs2023,1,unique,360610052002
dfs_1fd823cd10ad655b,sld2021,1,unique,360610052002
dfs_fe01be3a16d763f9,acs2023,1,unique,360850059011
dfs_fe01be3a16d763f9,sld2021,1,unique,360850059002
dfs_52ea8d4edc2fcec2,acs2023,1,unique,360470247002
dfs_52ea8d4edc2fcec2,sld2021,1,unique,360470247002
dfs_d5ee51e17e56d1b7,acs2023,1,unique,360810583003
dfs_d5ee51e17e56d1b7,sld2021,1,unique,360810583003
dfs_b74e3f448cfe27b9,acs2023,1,unique,360810062024
dfs_b74e3f448cfe27b9,sld2021,1,unique,360810062024
dfs_1bd8799123cd2d45,acs2023,1,unique,360610271004
dfs_1bd8799123cd2d45,sld2021,1,unique,360610271004
dfs_872c177b9976b606,acs2023,1,unique,360610149002
dfs_872c177b9976b606,sld2021,1,unique,360610149002
dfs_9eb12eaed2a8bc0b,acs2023,1,unique,360470157001
dfs_9eb12eaed2a8bc0b,sld2021,1,unique,360470157001
dfs_f85ae358f8e33206,acs2023,1,unique,360811227042
dfs_f85ae358f8e33206,sld2021,1,unique,360811227014
dfs_e5e1aa6b27c942d6,acs2023,1,unique,360050067001
dfs_e5e1aa6b27c942d6,sld2021,1,unique,360050071002
dfs_90aaa5d7d92325df,acs2023,1,unique,360050421002
dfs_90aaa5d7d92325df,sld2021,1,unique,360050421003
dfs_153055f95bd7a785,acs2023,1,unique,360610038001
dfs_153055f95bd7a785,sld2021,1,unique,360610038001
dfs_bff7b35228f999b4,acs2023,1,unique,360610115001
dfs_bff7b35228f999b4,sld2021,1,unique,360610113001
dfs_b6636d81f9dc0733,acs2023,1,unique,360610101001
dfs_b6636d81f9dc0733,sld2021,1,unique,360610101001
dfs_9120eae87b180155,acs2023,1,unique,360470774001
dfs_9120eae87b180155,sld2021,1,unique,360470774001
dfs_a1304b911730b99d,acs2023,1,unique,360610099012
dfs_a1304b911730b99d,sld2021,1,unique,360610099001
dfs_bec996fc8d84cb6f,acs2023,1,unique,360470525001
dfs_bec996fc8d84cb6f,sld2021,1,unique,360470525001
dfs_a24bd1498f46be17,acs2023,1,unique,360811467001
dfs_a24bd1498f46be17,sld2021,1,unique,360811467001
dfs_dee660f19cd32c99,acs2023,1,unique,360810683001
dfs_dee660f19cd32c99,sld2021,1,unique,360810683001
dfs_96498dc670fc685e,acs2023,1,unique,360610096001
dfs_96498dc670fc685e,sld2021,0,unmatched,
dfs_69a6d6e7644dce07,acs2023,1,unique,360050065001
dfs_69a6d6e7644dce07,sld2021,1,unique,360050065001
dfs_cfafe4e0ef3dfe04,acs2023,1,unique,360470606001
dfs_cfafe4e0ef3dfe04,sld2021,1,unique,360470606001
dfs_33ecd20869d21580,acs2023,1,unique,360470337022
dfs_33ecd20869d21580,sld2021,2,ambiguous,360470337001|360470337002
dfs_815611b3f413a441,acs2023,1,unique,360470570001
dfs_815611b3f413a441,sld2021,1,unique,360470570003
dfs_e40720d651a2510f,acs2023,1,unique,360810136002
dfs_e40720d651a2510f,sld2021,1,unique,360810140002
dfs_cc6a9a6cb0f29634,acs2023,1,unique,360050063011
dfs_cc6a9a6cb0f29634,sld2021,1,unique,360050063003
dfs_94e1e4b3f9c36efb,acs2023,1,unique,360610014021
dfs_94e1e4b3f9c36efb,sld2021,1,unique,360610014021
dfs_b76f1de721511937,acs2023,1,unique,360810123011
dfs_b76f1de721511937,sld2021,1,unique,360810123011
dfs_a31e4beba5c32cdf,acs2023,1,unique,360610118006
dfs_a31e4beba5c32cdf,sld2021,1,unique,360610118006
dfs_7702431c908ade2d,acs2023,1,unique,360610181003
dfs_7702431c908ade2d,sld2021,1,unique,360610181003
dfs_d3dd977034f9b974,acs2023,1,unique,360470436002
dfs_d3dd977034f9b974,sld2021,1,unique,360470432001
dfs_f1a65a2ba9fbac8a,acs2023,1,unique,360610040024
dfs_f1a65a2ba9fbac8a,sld2021,1,unique,360610040003
dfs_16af1602876554ad,acs2023,1,unique,360610259001
dfs_16af1602876554ad,sld2021,1,unique,360610259002
dfs_00794f902290c13b,acs2023,1,unique,360610092001
dfs_00794f902290c13b,sld2021,1,unique,360610092001
dfs_e147ef8f6341374a,acs2023,1,unique,360050065004
dfs_e147ef8f6341374a,sld2021,1,unique,360050065004
dfs_fd4f1e299572d8b6,acs2023,1,unique,360810019021
dfs_fd4f1e299572d8b6,sld2021,1,unique,360810019001
dfs_9dcc022ee0658d0b,acs2023,1,unique,360470009001
dfs_9dcc022ee0658d0b,sld2021,1,unique,360470009001
dfs_a624ba8d7d0fd237,acs2023,1,unique,360610065004
dfs_a624ba8d7d0fd237,sld2021,1,unique,360610065004
dfs_3a07cf2e13f760ec,acs2023,1,unique,360470768001
dfs_3a07cf2e13f760ec,sld2021,1,unique,360470538003
dfs_9ebd27eccf09abfe,acs2023,1,unique,360610195003
dfs_9ebd27eccf09abfe,sld2021,1,unique,360610195003
dfs_9d917b6a8fe64a17,acs2023,1,unique,360050283002
dfs_9d917b6a8fe64a17,sld2021,1,unique,360050283002
dfs_54038e2a95d35b31,acs2023,1,unique,360470260003
dfs_54038e2a95d35b31,sld2021,0,unmatched,
dfs_264f9ce91410f4b4,acs2023,1,unique,360610131001
dfs_264f9ce91410f4b4,sld2021,1,unique,360610131001
dfs_f12b335fdf08fc26,acs2023,1,unique,360470736002
dfs_f12b335fdf08fc26,sld2021,1,unique,360470738003
dfs_ad6afc553f47b575,acs2023,1,unique,360811171001
dfs_ad6afc553f47b575,sld2021,1,unique,360811171001
dfs_10631758b56712e7,acs2023,1,unique,360610303002
dfs_10631758b56712e7,sld2021,0,unmatched,
dfs_d55bdaff61f58508,acs2023,1,unique,360610084002
dfs_d55bdaff61f58508,sld2021,1,unique,360610084002
dfs_62db0d0d4e915f9b,acs2023,1,unique,360610081002
dfs_62db0d0d4e915f9b,sld2021,1,unique,360610081002
dfs_53e32c26b06385bd,acs2023,1,unique,360610131001
dfs_53e32c26b06385bd,sld2021,1,unique,360610131002
dfs_59832588165e5b0d,acs2023,1,unique,360610101001
dfs_59832588165e5b0d,sld2021,1,unique,360610101001
dfs_2b24da7489c0b2da,acs2023,1,unique,360470075005
dfs_2b24da7489c0b2da,sld2021,1,unique,360470075005
dfs_1d576857ac259b4f,acs2023,1,unique,360470142002
dfs_1d576857ac259b4f,sld2021,1,unique,360470142002
dfs_9c231b4ccf4ebe10,acs2023,1,unique,360811579025
dfs_9c231b4ccf4ebe10,sld2021,1,unique,360811579025
dfs_30cc5616be6f9152,acs2023,1,unique,360810473002
dfs_30cc5616be6f9152,sld2021,1,unique,360810473002
dfs_fbb0a0860b3a9d6e,acs2023,1,unique,360610109001
dfs_fbb0a0860b3a9d6e,sld2021,1,unique,360610109001
dfs_ae4187b0641e117b,acs2023,1,unique,360810654013
dfs_ae4187b0641e117b,sld2021,1,unique,360810654003
dfs_e5e4b9a95991c4e3,acs2023,1,unique,360470582001
dfs_e5e4b9a95991c4e3,sld2021,1,unique,360470582001
dfs_8619bf4d98edc4d7,acs2023,1,unique,360470153001
dfs_8619bf4d98edc4d7,sld2021,1,unique,360470153001
dfs_e1039acb59b0e74f,acs2023,1,unique,360810987001
dfs_e1039acb59b0e74f,sld2021,1,unique,360810987001
dfs_aa35476ddbb4d160,acs2023,1,unique,360470580002
dfs_aa35476ddbb4d160,sld2021,1,unique,360470580002
dfs_5e23f7e21c58ba03,acs2023,1,unique,360850303021
dfs_5e23f7e21c58ba03,sld2021,1,unique,360850303021
dfs_5cd02b7574360ad0,acs2023,1,unique,360050072003
dfs_5cd02b7574360ad0,sld2021,1,unique,360050072003
dfs_50c956fa7e3011c1,acs2023,1,unique,360610088001
dfs_50c956fa7e3011c1,sld2021,1,unique,360610088001
dfs_7f7139b01fa31035,acs2023,1,unique,360470768003
dfs_7f7139b01fa31035,sld2021,1,unique,360470768003
dfs_13ba2c1c851ca3a8,acs2023,1,unique,360810849021
dfs_13ba2c1c851ca3a8,sld2021,2,ambiguous,360810849001|360810853002
dfs_71841f28610a0ac1,acs2023,1,unique,360470212002
dfs_71841f28610a0ac1,sld2021,1,unique,360470212002
dfs_7943b4b13b12a816,acs2023,1,unique,360470130002
dfs_7943b4b13b12a816,sld2021,1,unique,360470130002
dfs_354d4ca5780abc4e,acs2023,1,unique,360050224011
dfs_354d4ca5780abc4e,sld2021,1,unique,360050224012
dfs_64e3ca5db83d42fd,acs2023,1,unique,360610114021
dfs_64e3ca5db83d42fd,sld2021,1,unique,360610114021
dfs_1ed9a679e3ba4033,acs2023,1,unique,360610050003
dfs_1ed9a679e3ba4033,sld2021,1,unique,360610050004
dfs_9b7403cbec3dd1f2,acs2023,1,unique,360610076001
dfs_9b7403cbec3dd1f2,sld2021,1,unique,360610076001
dfs_9c3c4cbd63d0902f,acs2023,1,unique,360810183005
dfs_9c3c4cbd63d0902f,sld2021,1,unique,360810183005
dfs_e9c2013345f78dc7,acs2023,1,unique,360610119001
dfs_e9c2013345f78dc7,sld2021,1,unique,360610119001
dfs_5180e1d4fdfc802a,acs2023,1,unique,360610057001
dfs_5180e1d4fdfc802a,sld2021,1,unique,360610057001
dfs_f78bc9395edf8b52,acs2023,1,unique,360610021003
dfs_f78bc9395edf8b52,sld2021,1,unique,360610021002
dfs_f16f0372431d6a40,acs2023,1,unique,360810639002
dfs_f16f0372431d6a40,sld2021,1,unique,360810639002
dfs_2e339efd4f298b86,acs2023,1,unique,360610052002
dfs_2e339efd4f298b86,sld2021,1,unique,360610052002
dfs_dd8912d36d1d0ebf,acs2023,1,unique,360050158001
dfs_dd8912d36d1d0ebf,sld2021,2,ambiguous,360050152002|360050158001
dfs_6177ad46c11e9a22,acs2023,1,unique,360810466002
dfs_6177ad46c11e9a22,sld2021,1,unique,360810466002
dfs_c408f4d1703853c8,acs2023,1,unique,360610287003
dfs_c408f4d1703853c8,sld2021,1,unique,360610287003
dfs_b86c856e744a460b,acs2023,1,unique,360810283003
dfs_b86c856e744a460b,sld2021,1,unique,360810283003
dfs_ecd98c13eeba835d,acs2023,1,unique,360810249003
dfs_ecd98c13eeba835d,sld2021,1,unique,360810249003
dfs_0400bd341ac2618e,acs2023,1,unique,360811451011
dfs_0400bd341ac2618e,sld2021,1,unique,360811451011
dfs_6c3b582e7fcb7613,acs2023,1,unique,360610113001
dfs_6c3b582e7fcb7613,sld2021,1,unique,360610113001
dfs_5fbd4ab8b0f174d0,acs2023,1,unique,360610095001
dfs_5fbd4ab8b0f174d0,sld2021,1,unique,360610095001
dfs_538b2fe450a87121,acs2023,1,unique,360610068001
dfs_538b2fe450a87121,sld2021,1,unique,360610068001
dfs_800d856b9483aa95,acs2023,1,unique,360610007007
dfs_800d856b9483aa95,sld2021,1,unique,360610007001
dfs_ea1b89d93df34dbe,acs2023,1,unique,360050054002
dfs_ea1b89d93df34dbe,sld2021,1,unique,360050050021
dfs_65ecfe2dd60382a6,acs2023,1,unique,360610101001
dfs_65ecfe2dd60382a6,sld2021,1,unique,360610101001
dfs_f59087db84b5454b,acs2023,1,unique,360610229003
dfs_f59087db84b5454b,sld2021,1,unique,360610229003
dfs_069855f2726fdcbf,acs2023,1,unique,360610118004
dfs_069855f2726fdcbf,sld2021,1,unique,360610118004
dfs_5d3541fb4837acfa,acs2023,1,unique,360610104001
dfs_5d3541fb4837acfa,sld2021,1,unique,360610104001
dfs_9ed0b17383fedc30,acs2023,1,unique,360811157003
dfs_9ed0b17383fedc30,sld2021,1,unique,360811157003
dfs_79509e7e0872bf21,acs2023,1,unique,360470077004
dfs_79509e7e0872bf21,sld2021,1,unique,360470077004
dfs_655a8bdeb5e73bea,acs2023,1,unique,360610029022
dfs_655a8bdeb5e73bea,sld2021,1,unique,360610029003
dfs_363fab56f0f1c82f,acs2023,1,unique,360610124003
dfs_363fab56f0f1c82f,sld2021,1,unique,360610124003
dfs_e9ad50cbf1f2f460,acs2023,1,unique,360811161002
dfs_e9ad50cbf1f2f460,sld2021,1,unique,360811161002
dfs_021d97693a19233e,acs2023,1,unique,360470018041
dfs_021d97693a19233e,sld2021,1,unique,360470018001
dfs_eef150ccf9b1b0e5,acs2023,1,unique,360810853004
dfs_eef150ccf9b1b0e5,sld2021,1,unique,360810853004
dfs_03dc65fcbdaba84d,acs2023,1,unique,360610253004
dfs_03dc65fcbdaba84d,sld2021,1,unique,360610253004
dfs_d64e6738c62a3ddc,acs2023,1,unique,360470692001
dfs_d64e6738c62a3ddc,sld2021,1,unique,360470692001
dfs_fb3f9d0a43dc021a,acs2023,1,unique,360610013002
dfs_fb3f9d0a43dc021a,sld2021,1,unique,360610013002
dfs_b2e895b5ec15e27e,acs2023,1,unique,360610222001
dfs_b2e895b5ec15e27e,sld2021,1,unique,360610222001
dfs_245eec2a84ccd548,acs2023,1,unique,360810775002
dfs_245eec2a84ccd548,sld2021,1,unique,360810775002
dfs_09241ef47d35ea2a,acs2023,1,unique,360470178001
dfs_09241ef47d35ea2a,sld2021,1,unique,360470178001
dfs_9a2dfbb1704d7833,acs2023,1,unique,360810466002
dfs_9a2dfbb1704d7833,sld2021,1,unique,360810462001
dfs_355a0fbc63062d38,acs2023,1,unique,360810240001
dfs_355a0fbc63062d38,sld2021,1,unique,360810212001
dfs_5ebc853d52cee0cd,acs2023,1,unique,360610052001
dfs_5ebc853d52cee0cd,sld2021,1,unique,360610052001
dfs_0f57f9987899c3b7,acs2023,1,unique,360470195002
dfs_0f57f9987899c3b7,sld2021,1,unique,360470195002
dfs_f66fcced9a2d38f6,acs2023,1,unique,360610218001
dfs_f66fcced9a2d38f6,sld2021,1,unique,360610218001
dfs_d7101b1887680e76,acs2023,1,unique,360610045001
dfs_d7101b1887680e76,sld2021,1,unique,360610031001
dfs_84db50db1f4fcbca,acs2023,1,unique,360470508012
dfs_84db50db1f4fcbca,sld2021,1,unique,360470508011
dfs_ac696ec73685deb1,acs2023,1,unique,360810285003
dfs_ac696ec73685deb1,sld2021,1,unique,360810285004
dfs_fcd33750fed7aba5,acs2023,1,unique,360610099012
dfs_fcd33750fed7aba5,sld2021,1,unique,360610099001
dfs_815bcccf892d8d2d,acs2023,1,unique,360050216025
dfs_815bcccf892d8d2d,sld2021,1,unique,360050216023
dfs_16d71b0522c41d75,acs2023,1,unique,360470596003
dfs_16d71b0522c41d75,sld2021,1,unique,360470596003
dfs_cc00e94ac86f28ba,acs2023,1,unique,360610091005
dfs_cc00e94ac86f28ba,sld2021,1,unique,360610091001
dfs_54e85dc4d9b52d4e,acs2023,1,unique,360050462055
dfs_54e85dc4d9b52d4e,sld2021,1,unique,360050462011
dfs_c06da3b3acb3a1b9,acs2023,1,unique,360610253005
dfs_c06da3b3acb3a1b9,sld2021,1,unique,360610253005
dfs_437811111cd4a532,acs2023,1,unique,360470098004
dfs_437811111cd4a532,sld2021,1,unique,360470098004
dfs_3db7deaa0b0f885e,acs2023,1,unique,360610031002
dfs_3db7deaa0b0f885e,sld2021,0,unmatched,
dfs_6bbbf0f17a675071,acs2023,1,unique,360610167004
dfs_6bbbf0f17a675071,sld2021,1,unique,360610167004
dfs_981324897083d521,acs2023,1,unique,360810155001
dfs_981324897083d521,sld2021,1,unique,360810155001
dfs_8ad5fbe802c7e5cb,acs2023,1,unique,360470578001
dfs_8ad5fbe802c7e5cb,sld2021,1,unique,360470578001
dfs_2ce24d3379993443,acs2023,1,unique,360610082002
dfs_2ce24d3379993443,sld2021,1,unique,360610082001
dfs_41e536765bf454f2,acs2023,1,unique,360470491002
dfs_41e536765bf454f2,sld2021,1,unique,360470491002
dfs_ca129311b915d656,acs2023,1,unique,360810869001
dfs_ca129311b915d656,sld2021,1,unique,360810869001
dfs_9ae6632aead478ec,acs2023,1,unique,360470232002
dfs_9ae6632aead478ec,sld2021,1,unique,360470232002
dfs_a3bc25e3750353e1,acs2023,1,unique,360050061001
dfs_a3bc25e3750353e1,sld2021,1,unique,360050061001
dfs_d779f7c22821dc6c,acs2023,1,unique,360610066001
dfs_d779f7c22821dc6c,sld2021,1,unique,360610066001
dfs_69fcb8479849c5bf,acs2023,1,unique,360470218001
dfs_69fcb8479849c5bf,sld2021,1,unique,360470238003
dfs_66f2542f1c5979e9,acs2023,1,unique,360470195004
dfs_66f2542f1c5979e9,sld2021,1,unique,360470195004
dfs_ed060d718cbbe831,acs2023,1,unique,360810216011
dfs_ed060d718cbbe831,sld2021,1,unique,360810216001
dfs_ba02c46d8dcd8bc0,acs2023,1,unique,360810627002
dfs_ba02c46d8dcd8bc0,sld2021,1,unique,360810629002
dfs_f9f6ccd38af4ca2e,acs2023,1,unique,360811571012
dfs_f9f6ccd38af4ca2e,sld2021,1,unique,360811571012
dfs_b9afee0688593579,acs2023,1,unique,360610137006
dfs_b9afee0688593579,sld2021,1,unique,360610137003
dfs_7a60e3333adc1300,acs2023,1,unique,360470491002
dfs_7a60e3333adc1300,sld2021,1,unique,360470491002
dfs_91ef980230417f30,acs2023,1,unique,360610247002
dfs_91ef980230417f30,sld2021,1,unique,360610247002
dfs_ab9a5096710891df,acs2023,1,unique,360470537002
dfs_ab9a5096710891df,sld2021,1,unique,360471237002
dfs_32f723c1a1a28f1b,acs2023,1,unique,360470519003
dfs_32f723c1a1a28f1b,sld2021,1,unique,360470519003
dfs_0755276e96deaf1f,acs2023,1,unique,360610153024
dfs_0755276e96deaf1f,sld2021,1,unique,360610153002
dfs_366f293cbbdd38b1,acs2023,1,unique,360470134002
dfs_366f293cbbdd38b1,sld2021,1,unique,360470134003
dfs_a9f3400839a98fc4,acs2023,1,unique,360810065021
dfs_a9f3400839a98fc4,sld2021,1,unique,360810147003
dfs_3f2db526f0f735fa,acs2023,1,unique,360470096004
dfs_3f2db526f0f735fa,sld2021,1,unique,360470096004
dfs_ea14ecab11c821f9,acs2023,1,unique,360470552003
dfs_ea14ecab11c821f9,sld2021,1,unique,360470552003
dfs_41f268d4079c7600,acs2023,1,unique,360470535003
dfs_41f268d4079c7600,sld2021,1,unique,360470535003
dfs_102bcf5d475097db,acs2023,1,unique,360610045001
dfs_102bcf5d475097db,sld2021,1,unique,360610045001
dfs_3970dab80675c862,acs2023,1,unique,360810892012
dfs_3970dab80675c862,sld2021,1,unique,360810892003
dfs_9aabab98d56ba113,acs2023,1,unique,360610139004
dfs_9aabab98d56ba113,sld2021,1,unique,360610139004
dfs_1777366e20519328,acs2023,1,unique,360610082002
dfs_1777366e20519328,sld2021,1,unique,360610082001
dfs_a5d13ec888db7c8d,acs2023,1,unique,360810253022
dfs_a5d13ec888db7c8d,sld2021,1,unique,360810253022
dfs_1ed21ec7ce97ae37,acs2023,1,unique,360610109001
dfs_1ed21ec7ce97ae37,sld2021,1,unique,360610109001
dfs_a842dd094518d969,acs2023,1,unique,360610018001
dfs_a842dd094518d969,sld2021,2,ambiguous,360610018001|360610016004
dfs_7f5271262f48137b,acs2023,1,unique,360470354001
dfs_7f5271262f48137b,sld2021,1,unique,360470354001
dfs_90c72856c81fb865,acs2023,1,unique,360610092002
dfs_90c72856c81fb865,sld2021,1,unique,360610092001
dfs_35cd9a50f2a0228d,acs2023,1,unique,360050266023
dfs_35cd9a50f2a0228d,sld2021,1,unique,360050266023
dfs_341743c990a01ab6,acs2023,1,unique,360810998014
dfs_341743c990a01ab6,sld2021,1,unique,360810998014
dfs_8738bcce0d3ccd15,acs2023,1,unique,360610181005
dfs_8738bcce0d3ccd15,sld2021,1,unique,360610181005
dfs_dfaf576a77029764,acs2023,1,unique,360850277022
dfs_dfaf576a77029764,sld2021,1,unique,360850277022
dfs_f073cbc306bccee6,acs2023,1,unique,360810779061
dfs_f073cbc306bccee6,sld2021,1,unique,360810779061
dfs_363b4b2fafb990c5,acs2023,1,unique,360610112031
dfs_363b4b2fafb990c5,sld2021,1,unique,360610108006
dfs_eb1c294b3a51abdd,acs2023,1,unique,360470236001
dfs_eb1c294b3a51abdd,sld2021,1,unique,360470236001
dfs_2b8c093ff5844e48,acs2023,1,unique,360610098002
dfs_2b8c093ff5844e48,sld2021,1,unique,360610098002
dfs_1c3d8c9281692e56,acs2023,1,unique,360050223003
dfs_1c3d8c9281692e56,sld2021,1,unique,360050221021
dfs_61a85344eb145892,acs2023,1,unique,360610136033
dfs_61a85344eb145892,sld2021,1,unique,360610136003
dfs_6636656e72fa0f7b,acs2023,1,unique,360610146011
dfs_6636656e72fa0f7b,sld2021,1,unique,360610146011
dfs_57570248d06c9245,acs2023,1,unique,360610128004
dfs_57570248d06c9245,sld2021,1,unique,360610128001
dfs_49511bbb6d1a27f6,acs2023,1,unique,360850146044
dfs_49511bbb6d1a27f6,sld2021,1,unique,360850146044
dfs_bfd8f6d1b064079d,acs2023,1,unique,360811171002
dfs_bfd8f6d1b064079d,sld2021,1,unique,360811171002
dfs_6d06179c4219ed9b,acs2023,1,unique,360470141011
dfs_6d06179c4219ed9b,sld2021,1,unique,360470141001
dfs_3f06441d85389383,acs2023,1,unique,360470375002
dfs_3f06441d85389383,sld2021,1,unique,360470375002
dfs_f56e9bc97e219078,acs2023,1,unique,360610021002
dfs_f56e9bc97e219078,sld2021,1,unique,360610021001
dfs_828cfc76ea1f036f,acs2023,1,unique,360610134003
dfs_828cfc76ea1f036f,sld2021,1,unique,360610134003
dfs_11cd60872c9ce35c,acs2023,1,unique,360470561002
dfs_11cd60872c9ce35c,sld2021,1,unique,360470561002
dfs_9dbcadcc765b78ca,acs2023,1,unique,360810629002
dfs_9dbcadcc765b78ca,sld2021,1,unique,360810629002
dfs_6ab568bdf90a3140,acs2023,1,unique,360610099012
dfs_6ab568bdf90a3140,sld2021,1,unique,360610099001
dfs_601836d279af19bf,acs2023,1,unique,360050297001
dfs_601836d279af19bf,sld2021,1,unique,360050295001
dfs_6904f06855d9e4e2,acs2023,1,unique,360470037001
dfs_6904f06855d9e4e2,sld2021,1,unique,360470037001
dfs_e30889de347e8d34,acs2023,1,unique,360810711004
dfs_e30889de347e8d34,sld2021,1,unique,360810737001
dfs_c03a7c2f30941e0d,acs2023,1,unique,360610082002
dfs_c03a7c2f30941e0d,sld2021,1,unique,360610082001
dfs_3888023a2b41f33a,acs2023,1,unique,360470480002
dfs_3888023a2b41f33a,sld2021,1,unique,360470480002
dfs_db03243aca301d35,acs2023,1,unique,360810717012
dfs_db03243aca301d35,sld2021,1,unique,360810717012
dfs_a38b4e6f51ee07be,acs2023,1,unique,360470794003
dfs_a38b4e6f51ee07be,sld2021,1,unique,360470794001
dfs_0204c9fe0bd76c03,acs2023,1,unique,360810053004
dfs_0204c9fe0bd76c03,sld2021,1,unique,360810051001
dfs_a4c985b8c5d14968,acs2023,1,unique,360470431003
dfs_a4c985b8c5d14968,sld2021,1,unique,360470431003
dfs_c3d825ced956bc83,acs2023,1,unique,360810155002
dfs_c3d825ced956bc83,sld2021,1,unique,360810155001
dfs_8bf8f6c67f3f711f,acs2023,1,unique,360610094001
dfs_8bf8f6c67f3f711f,sld2021,1,unique,360610094001
dfs_d1326ce0acb3a28d,acs2023,1,unique,360610149002
dfs_d1326ce0acb3a28d,sld2021,1,unique,360610149002
dfs_d346b554b0b4a928,acs2023,1,unique,360610061001
dfs_d346b554b0b4a928,sld2021,1,unique,360610061001
dfs_89dbcc7c76560bd7,acs2023,1,unique,360610070014
dfs_89dbcc7c76560bd7,sld2021,1,unique,360610070004
dfs_7234521721090f07,acs2023,1,unique,360470561003
dfs_7234521721090f07,sld2021,1,unique,360470561003
dfs_6ab7c99f7a065ed0,acs2023,1,unique,360810358001
dfs_6ab7c99f7a065ed0,sld2021,1,unique,360810358001
dfs_1b4f005685075917,acs2023,1,unique,360810073001
dfs_1b4f005685075917,sld2021,1,unique,360810073001
dfs_d61e558c30d7cf42,acs2023,1,unique,360810051002
dfs_d61e558c30d7cf42,sld2021,1,unique,360810051002
dfs_3986ecf9293bc4f1,acs2023,1,unique,360470198001
dfs_3986ecf9293bc4f1,sld2021,1,unique,360470198001
dfs_2ee9f73bc8283d6d,acs2023,1,unique,360470902001
dfs_2ee9f73bc8283d6d,sld2021,1,unique,360470902001
dfs_b187d7f9451cd276,acs2023,1,unique,360610185002
dfs_b187d7f9451cd276,sld2021,1,unique,360610185002
dfs_1ae31cbdf53dd32f,acs2023,1,unique,360470774001
dfs_1ae31cbdf53dd32f,sld2021,1,unique,360470774001
dfs_ecff52c2f70dc683,acs2023,1,unique,360610179004
dfs_ecff52c2f70dc683,sld2021,1,unique,360610179004
dfs_0d0b3fd2934daa10,acs2023,1,unique,360610092002
dfs_0d0b3fd2934daa10,sld2021,1,unique,360610092001
dfs_d3b55208db236d0e,acs2023,1,unique,360610007006
dfs_d3b55208db236d0e,sld2021,1,unique,360610007001
dfs_9e99c9168e670475,acs2023,1,unique,360470009001
dfs_9e99c9168e670475,sld2021,1,unique,360470009001
dfs_75e5bd6954fb5d14,acs2023,1,unique,360810071004
dfs_75e5bd6954fb5d14,sld2021,1,unique,360810071004
dfs_9fd1caba95ab582c,acs2023,1,unique,360050227031
dfs_9fd1caba95ab582c,sld2021,1,unique,360050227031
dfs_61dabad4768b46d8,acs2023,1,unique,360610071005
dfs_61dabad4768b46d8,sld2021,1,unique,360610065001
dfs_701c8647372dc58b,acs2023,1,unique,360470554003
dfs_701c8647372dc58b,sld2021,1,unique,360470554002
dfs_9eb32c98ecb7b9f5,acs2023,1,unique,360610038003
dfs_9eb32c98ecb7b9f5,sld2021,2,ambiguous,360610038003|360610038005
dfs_9acb0d56b9e25d64,acs2023,1,unique,360810460002
dfs_9acb0d56b9e25d64,sld2021,1,unique,360810460002
dfs_f293bc99edfe11bb,acs2023,1,unique,360470145001
dfs_f293bc99edfe11bb,sld2021,1,unique,360470145001
dfs_aa2cda6b01d2a4ee,acs2023,1,unique,360810212001
dfs_aa2cda6b01d2a4ee,sld2021,1,unique,360810212001
dfs_cf5603a50966c4c7,acs2023,1,unique,360811467002
dfs_cf5603a50966c4c7,sld2021,1,unique,360811467002
dfs_2803c91e9f698cb7,acs2023,1,unique,360810929003
dfs_2803c91e9f698cb7,sld2021,1,unique,360810929004
dfs_3786027acf3a03d1,acs2023,1,unique,360470362001
dfs_3786027acf3a03d1,sld2021,1,unique,360470360022
dfs_25e1e891fdfb52f9,acs2023,1,unique,360470554001
dfs_25e1e891fdfb52f9,sld2021,1,unique,360470554001
dfs_0c477812fd3a4b3a,acs2023,1,unique,360610118008
dfs_0c477812fd3a4b3a,sld2021,1,unique,360610118008
dfs_5aa840524e04b320,acs2023,1,unique,360610092002
dfs_5aa840524e04b320,sld2021,1,unique,360610092001
dfs_cb7f8e909bfb0726,acs2023,1,unique,360810043002
dfs_cb7f8e909bfb0726,sld2021,1,unique,360810043002
dfs_977283ef4f2d92e7,acs2023,1,unique,360610091002
dfs_977283ef4f2d92e7,sld2021,1,unique,360610091004
dfs_5eb9e44cfdd07f18,acs2023,1,unique,360610013003
dfs_5eb9e44cfdd07f18,sld2021,1,unique,360610013002
dfs_289a5f248f13eead,acs2023,1,unique,360810269011
dfs_289a5f248f13eead,sld2021,1,unique,360810269011
dfs_949b58e4fe74927e,acs2023,1,unique,360810019011
dfs_949b58e4fe74927e,sld2021,1,unique,360810019001
dfs_e0c78307c35215fc,acs2023,1,unique,360050399011
dfs_e0c78307c35215fc,sld2021,1,unique,360050399011
dfs_30ec6cd993b9a3a9,acs2023,1,unique,360610066004
dfs_30ec6cd993b9a3a9,sld2021,1,unique,360610066004
dfs_52a0c77608c47489,acs2023,1,unique,360610291004
dfs_52a0c77608c47489,sld2021,1,unique,360610291004
dfs_6715ceeab6eabbe0,acs2023,1,unique,360610015021
dfs_6715ceeab6eabbe0,sld2021,1,unique,360610015021
dfs_e205e7a44da4b56a,acs2023,1,unique,360610101001
dfs_e205e7a44da4b56a,sld2021,1,unique,360610101001
dfs_d2ddb64f5c927267,acs2023,1,unique,360610054001
dfs_d2ddb64f5c927267,sld2021,1,unique,360610054001
dfs_a8cc4e591ebb5183,acs2023,1,unique,360470139004
dfs_a8cc4e591ebb5183,sld2021,1,unique,360470139004
dfs_363d8dc0ce7838a9,acs2023,1,unique,360050119001
dfs_363d8dc0ce7838a9,sld2021,1,unique,360050119001
dfs_274560dcef1de683,acs2023,1,unique,360810113001
dfs_274560dcef1de683,sld2021,1,unique,360810113001
dfs_50d4bdb18f523a28,acs2023,1,unique,360810532002
dfs_50d4bdb18f523a28,sld2021,0,unmatched,
dfs_bdcb660f23345c45,acs2023,1,unique,360470219003
dfs_bdcb660f23345c45,sld2021,1,unique,360470219003
dfs_57805ce8a5badaaa,acs2023,1,unique,360610137004
dfs_57805ce8a5badaaa,sld2021,1,unique,360610137004
dfs_81fead61030d51d5,acs2023,1,unique,360470159001
dfs_81fead61030d51d5,sld2021,1,unique,360470159002
dfs_d37679609ae233db,acs2023,1,unique,360050399024
dfs_d37679609ae233db,sld2021,1,unique,360050399024
dfs_a041e0facd9bf814,acs2023,1,unique,360610094002
dfs_a041e0facd9bf814,sld2021,1,unique,360610094001
dfs_5736c80131dada55,acs2023,1,unique,360470794003
dfs_5736c80131dada55,sld2021,1,unique,360470794001
dfs_b3f8d250898d3c1b,acs2023,1,unique,360610149005
dfs_b3f8d250898d3c1b,sld2021,1,unique,360610149005
dfs_c762487f0fe9df95,acs2023,1,unique,360050297001
dfs_c762487f0fe9df95,sld2021,1,unique,360050295001
dfs_c22aad794dec6ce5,acs2023,1,unique,360470525001
dfs_c22aad794dec6ce5,sld2021,1,unique,360470525001
dfs_152997bacba9e34f,acs2023,1,unique,360810553001
dfs_152997bacba9e34f,sld2021,1,unique,360810553001
dfs_0eaf04b48333c6dc,acs2023,1,unique,360610121022
dfs_0eaf04b48333c6dc,sld2021,1,unique,360610115002
dfs_c26dfe0349d2dd05,acs2023,1,unique,360810485003
dfs_c26dfe0349d2dd05,sld2021,1,unique,360810485003
dfs_83631792359ccdd5,acs2023,1,unique,360470746002
dfs_83631792359ccdd5,sld2021,1,unique,360470746002
dfs_1861787e85cd7ae8,acs2023,1,unique,360610183005
dfs_1861787e85cd7ae8,sld2021,1,unique,360610183005
dfs_6de66517f4abddba,acs2023,1,unique,360610153023
dfs_6de66517f4abddba,sld2021,1,unique,360610153003
dfs_f7d2d7c85ed5bfeb,acs2023,1,unique,360470160004
dfs_f7d2d7c85ed5bfeb,sld2021,1,unique,360470160004
dfs_164f14f86b950fac,acs2023,1,unique,360610101001
dfs_164f14f86b950fac,sld2021,1,unique,360610101001
dfs_1a918c7ffff33214,acs2023,1,unique,360470596003
dfs_1a918c7ffff33214,sld2021,1,unique,360470596003
dfs_80e3aeb8c9c780a4,acs2023,1,unique,360610113001
dfs_80e3aeb8c9c780a4,sld2021,1,unique,360610113001
dfs_574b7b33d6ec5cd7,acs2023,1,unique,360610088001
dfs_574b7b33d6ec5cd7,sld2021,1,unique,360610088001
dfs_aa05fd8c3a2efac2,acs2023,1,unique,360850021002
dfs_aa05fd8c3a2efac2,sld2021,1,unique,360850021002
dfs_f24270bcc656c175,acs2023,1,unique,360811017003
dfs_f24270bcc656c175,sld2021,1,unique,360811017003
dfs_59f97f8dbd448434,acs2023,1,unique,360470035001
dfs_59f97f8dbd448434,sld2021,1,unique,360470035001
dfs_1cf48a456a13e90c,acs2023,1,unique,360850248003
dfs_1cf48a456a13e90c,sld2021,1,unique,360850248003
dfs_4ba136650c268617,acs2023,1,unique,360470354002
dfs_4ba136650c268617,sld2021,1,unique,360470354002
dfs_4c8ab00f4fb1dd87,acs2023,1,unique,360811367006
dfs_4c8ab00f4fb1dd87,sld2021,1,unique,360811367001
dfs_a46536a89f286a95,acs2023,1,unique,360610029025
dfs_a46536a89f286a95,sld2021,1,unique,360610029004
dfs_6064ebc0d7c5dffa,acs2023,1,unique,360050266022
dfs_6064ebc0d7c5dffa,sld2021,1,unique,360050266022
dfs_348656ab857ed5f4,acs2023,1,unique,360810446011
dfs_348656ab857ed5f4,sld2021,1,unique,360810246001
dfs_68d975543163f832,acs2023,1,unique,360610029022
dfs_68d975543163f832,sld2021,1,unique,360610029003
dfs_86e6b1c63e0058e9,acs2023,1,unique,360610041005
dfs_86e6b1c63e0058e9,sld2021,1,unique,360610041005
dfs_b4c937833ca7850f,acs2023,1,unique,360050419003
dfs_b4c937833ca7850f,sld2021,1,unique,360050419003
dfs_635571e01ec47c8b,acs2023,1,unique,360470238003
dfs_635571e01ec47c8b,sld2021,1,unique,360470238003
dfs_917d09918af07da5,acs2023,1,unique,360610084001
dfs_917d09918af07da5,sld2021,1,unique,360610084001
dfs_ea0912d8a092559f,acs2023,1,unique,360610112021
dfs_ea0912d8a092559f,sld2021,1,unique,360610112021
dfs_c6824e8be3731122,acs2023,1,unique,360470066002
dfs_c6824e8be3731122,sld2021,1,unique,360470066002
dfs_93c62fd79388eec3,acs2023,1,unique,360610148012
dfs_93c62fd79388eec3,sld2021,1,unique,360610148012
dfs_969a81cac7323648,acs2023,1,unique,360810934023
dfs_969a81cac7323648,sld2021,1,unique,360810934021
dfs_f1d766afc0b5fab6,acs2023,1,unique,360810446012
dfs_f1d766afc0b5fab6,sld2021,1,unique,360810446012
dfs_5cbd22e4a0114104,acs2023,1,unique,360610061003
dfs_5cbd22e4a0114104,sld2021,1,unique,360610052001
dfs_d22465046f738784,acs2023,1,unique,360610062002
dfs_d22465046f738784,sld2021,1,unique,360610062002
dfs_815bbb243b7c0303,acs2023,1,unique,360610203002
dfs_815bbb243b7c0303,sld2021,1,unique,360610203002
dfs_fe820daa7fa3955e,acs2023,1,unique,360470325003
dfs_fe820daa7fa3955e,sld2021,1,unique,360470325003
dfs_31dc8123b16190a9,acs2023,1,unique,360470329003
dfs_31dc8123b16190a9,sld2021,1,unique,360470329003
dfs_01a6eb32998d0464,acs2023,1,unique,360610062001
dfs_01a6eb32998d0464,sld2021,1,unique,360610062001
dfs_84a5e98f2216fc74,acs2023,1,unique,360610142004
dfs_84a5e98f2216fc74,sld2021,1,unique,360610142002
dfs_6d6691de4e2131fe,acs2023,1,unique,360810671002
dfs_6d6691de4e2131fe,sld2021,1,unique,360810671002
dfs_f44788b69aca9275,acs2023,1,unique,360610190002
dfs_f44788b69aca9275,sld2021,1,unique,360610190001
dfs_c2eb86d7c0e5d09a,acs2023,1,unique,360470262002
dfs_c2eb86d7c0e5d09a,sld2021,1,unique,360470262002
dfs_d405025c90af5f30,acs2023,1,unique,360610183006
dfs_d405025c90af5f30,sld2021,1,unique,360610183006
dfs_60a80d5cbe738ab4,acs2023,1,unique,360610146022
dfs_60a80d5cbe738ab4,sld2021,1,unique,360610146022
dfs_562bbdcdbf0cef3a,acs2023,1,unique,360610096002
dfs_562bbdcdbf0cef3a,sld2021,1,unique,360610096001
dfs_6ff557ffe2cd11e4,acs2023,1,unique,360610086034
dfs_6ff557ffe2cd11e4,sld2021,1,unique,360610086034
dfs_035861e5ea828e84,acs2023,1,unique,360610110001
dfs_035861e5ea828e84,sld2021,1,unique,360610110001
dfs_5c0921d8a7f2d6a0,acs2023,1,unique,360810884002
dfs_5c0921d8a7f2d6a0,sld2021,1,unique,360810884002
dfs_b665427a0cd6e313,acs2023,1,unique,360610098002
dfs_b665427a0cd6e313,sld2021,1,unique,360610098002
dfs_838f35da12b11f55,acs2023,1,unique,360610137006
dfs_838f35da12b11f55,sld2021,1,unique,360610137003
dfs_2c36966ced755dee,acs2023,1,unique,360050451021
dfs_2c36966ced755dee,sld2021,1,unique,360050451021
dfs_9f3aab42173732dd,acs2023,1,unique,360050283001
dfs_9f3aab42173732dd,sld2021,1,unique,360050283001
dfs_85b6bc41dec02ddc,acs2023,1,unique,360050323001
dfs_85b6bc41dec02ddc,sld2021,1,unique,360050323001
dfs_6e3588128efd60ef,acs2023,1,unique,360610031002
dfs_6e3588128efd60ef,sld2021,0,unmatched,
dfs_51c9893d875fc6c9,acs2023,1,unique,360811032021
dfs_51c9893d875fc6c9,sld2021,1,unique,360811008021
dfs_9ab9979385807a23,acs2023,1,unique,360810473002
dfs_9ab9979385807a23,sld2021,1,unique,360810473002
dfs_ce4e151a2669cafa,acs2023,1,unique,360610026012
dfs_ce4e151a2669cafa,sld2021,1,unique,360610026011
dfs_38357a10be6bf4b4,acs2023,1,unique,360810061001
dfs_38357a10be6bf4b4,sld2021,1,unique,360810061001
dfs_eac96c0a995b051d,acs2023,1,unique,360470247001
dfs_eac96c0a995b051d,sld2021,1,unique,360470247001
dfs_2eea8bbe2053defb,acs2023,1,unique,360810657031
dfs_2eea8bbe2053defb,sld2021,1,unique,360810619002
dfs_19659b564a626020,acs2023,1,unique,360471184003
dfs_19659b564a626020,sld2021,1,unique,360471184003
dfs_4b2e480bb08e59c3,acs2023,1,unique,360850291062
dfs_4b2e480bb08e59c3,sld2021,1,unique,360850291035
dfs_2b53ab03439f9a9d,acs2023,1,unique,360610160013
dfs_2b53ab03439f9a9d,sld2021,1,unique,360610160012
dfs_8ae7e12caefb7d2f,acs2023,1,unique,360470431001
dfs_8ae7e12caefb7d2f,sld2021,1,unique,360470431001
dfs_5fa4fe0d883ed407,acs2023,1,unique,360470129022
dfs_5fa4fe0d883ed407,sld2021,1,unique,360470129021
dfs_5e73a3fd2b353128,acs2023,1,unique,360470022001
dfs_5e73a3fd2b353128,sld2021,1,unique,360470022001
dfs_33391a70735714da,acs2023,1,unique,360810779072
dfs_33391a70735714da,sld2021,1,unique,360810779072
dfs_08dfbc7b7b25ce7f,acs2023,1,unique,360810871002
dfs_08dfbc7b7b25ce7f,sld2021,1,unique,360810853001
dfs_1fa5ea07ead75720,acs2023,1,unique,360470133001
dfs_1fa5ea07ead75720,sld2021,1,unique,360470133001
dfs_2ecb9bb057e750a2,acs2023,1,unique,360470290003
dfs_2ecb9bb057e750a2,sld2021,1,unique,360470290003
dfs_f57bf4d52a2c32ba,acs2023,1,unique,360810869001
dfs_f57bf4d52a2c32ba,sld2021,1,unique,360810869001
dfs_e720db02490968bb,acs2023,1,unique,360050405013
dfs_e720db02490968bb,sld2021,1,unique,360050405013
dfs_5a4515597f0a2726,acs2023,1,unique,360810280001
dfs_5a4515597f0a2726,sld2021,1,unique,360810280001
dfs_ae4319fca5a066fe,acs2023,1,unique,360470550003
dfs_ae4319fca5a066fe,sld2021,1,unique,360470550003
dfs_f105ace28ed715cb,acs2023,1,unique,360470252004
dfs_f105ace28ed715cb,sld2021,1,unique,360470252001
dfs_8bca2907f6dc706e,acs2023,1,unique,360470600004
dfs_8bca2907f6dc706e,sld2021,1,unique,360470600004
dfs_d1a91463ef3b5405,acs2023,1,unique,360850187012
dfs_d1a91463ef3b5405,sld2021,1,unique,360850187012
dfs_ba02a381a4e35944,acs2023,1,unique,360810711004
dfs_ba02a381a4e35944,sld2021,1,unique,360810737001
dfs_f0660fa8c0df0cb8,acs2023,1,unique,360470138003
dfs_f0660fa8c0df0cb8,sld2021,1,unique,360470138003
dfs_04c03f898aead8d4,acs2023,1,unique,360470104021
dfs_04c03f898aead8d4,sld2021,1,unique,360470104001
dfs_6846d4b5c381fd1b,acs2023,1,unique,360610013004
dfs_6846d4b5c381fd1b,sld2021,0,unmatched,
dfs_4a126837e19f1730,acs2023,1,unique,360811227042
dfs_4a126837e19f1730,sld2021,1,unique,360811227014
dfs_a9b8805867711874,acs2023,1,unique,360610139003
dfs_a9b8805867711874,sld2021,0,unmatched,
dfs_2818688a11e94331,acs2023,1,unique,360811467001
dfs_2818688a11e94331,sld2021,1,unique,360811467001
dfs_255abec223a99c49,acs2023,1,unique,360810115001
dfs_255abec223a99c49,sld2021,1,unique,360810115001
dfs_eea547e30be8cef5,acs2023,1,unique,360050224032
dfs_eea547e30be8cef5,sld2021,1,unique,360050224032
dfs_21a81387c0780d5e,acs2023,1,unique,360810814002
dfs_21a81387c0780d5e,sld2021,1,unique,360810814002
dfs_f9511afb4e0cccfe,acs2023,1,unique,360471058044
dfs_f9511afb4e0cccfe,sld2021,1,unique,360471058044
dfs_fb8637ca3fe33f5e,acs2023,1,unique,360610033002
dfs_fb8637ca3fe33f5e,sld2021,1,unique,360610033003
dfs_ca2e072347d34c64,acs2023,1,unique,360470035001
dfs_ca2e072347d34c64,sld2021,1,unique,360470035001
dfs_785753b3e333aefe,acs2023,1,unique,360610072002
dfs_785753b3e333aefe,sld2021,1,unique,360610072002
dfs_85bd8f32a14b4c5a,acs2023,1,unique,360470580001
dfs_85bd8f32a14b4c5a,sld2021,1,unique,360470580001
dfs_5fe8ff7a4d5c53da,acs2023,1,unique,360610145001
dfs_5fe8ff7a4d5c53da,sld2021,1,unique,360610145001
dfs_d21b82f1ea01d8e6,acs2023,1,unique,360050061004
dfs_d21b82f1ea01d8e6,sld2021,1,unique,360050061003
dfs_5ce617c997ca9780,acs2023,1,unique,360471198001
dfs_5ce617c997ca9780,sld2021,1,unique,360471198001
dfs_11a0cfb33fbcc15b,acs2023,1,unique,360470570004
dfs_11a0cfb33fbcc15b,sld2021,1,unique,360470570004
dfs_7b5e0ff7543fa1ec,acs2023,1,unique,360610055012
dfs_7b5e0ff7543fa1ec,sld2021,1,unique,360610055012
dfs_1c1e1ae7dd4b454d,acs2023,1,unique,360610076001
dfs_1c1e1ae7dd4b454d,sld2021,1,unique,360610076001
dfs_5506b51ac331e874,acs2023,1,unique,360610008001
dfs_5506b51ac331e874,sld2021,1,unique,360610008001
dfs_ab0246590acdd907,acs2023,1,unique,360610108031
dfs_ab0246590acdd907,sld2021,1,unique,360610108006
dfs_eb9b4d8477e03097,acs2023,1,unique,360470561002
dfs_eb9b4d8477e03097,sld2021,1,unique,360470561002
dfs_5efbdbcc74e4c873,acs2023,1,unique,360610083002
dfs_5efbdbcc74e4c873,sld2021,1,unique,360610081005
dfs_8adb64bd87ad02f1,acs2023,1,unique,360470260003
dfs_8adb64bd87ad02f1,sld2021,1,unique,360470260002
dfs_ca3f498912aa3ab7,acs2023,1,unique,360610100002
dfs_ca3f498912aa3ab7,sld2021,1,unique,360610098003
dfs_733ee6edc5693fca,acs2023,1,unique,360610211006
dfs_733ee6edc5693fca,sld2021,1,unique,360610209012
dfs_56291cee1facee97,acs2023,1,unique,360810599001
dfs_56291cee1facee97,sld2021,2,ambiguous,360810599001|360810599002
dfs_a5161dd91d2977c4,acs2023,1,unique,360810216011
dfs_a5161dd91d2977c4,sld2021,1,unique,360810216001
dfs_dae7a55bdec87320,acs2023,1,unique,360050387001
dfs_dae7a55bdec87320,sld2021,1,unique,360050387001
dfs_9495bbe56f47bc4f,acs2023,1,unique,360610102001
dfs_9495bbe56f47bc4f,sld2021,1,unique,360610102001
dfs_4f5d6518486991cd,acs2023,1,unique,360610232001
dfs_4f5d6518486991cd,sld2021,1,unique,360610232001
dfs_1bb178e841773599,acs2023,1,unique,360470328002
dfs_1bb178e841773599,sld2021,1,unique,360470328002
dfs_55f2104e597149e5,acs2023,1,unique,360610039002
dfs_55f2104e597149e5,sld2021,1,unique,360610039002
dfs_76180ee954d64c9a,acs2023,1,unique,360610128002
dfs_76180ee954d64c9a,sld2021,1,unique,360610128002
dfs_8137ddb5acd6c258,acs2023,1,unique,360810493021
dfs_8137ddb5acd6c258,sld2021,1,unique,360810493021
dfs_0c51a5b92a55f0da,acs2023,1,unique,360610096001
dfs_0c51a5b92a55f0da,sld2021,1,unique,360610096001
dfs_654e2d092ca952e1,acs2023,1,unique,360610032004
dfs_654e2d092ca952e1,sld2021,1,unique,360610032005
dfs_519e449dfcabe51f,acs2023,1,unique,360470068002
dfs_519e449dfcabe51f,sld2021,1,unique,360470068002
dfs_96ee53a0f61fa72c,acs2023,1,unique,360470157002
dfs_96ee53a0f61fa72c,sld2021,1,unique,360470157002
dfs_926a714b9d46920c,acs2023,1,unique,360810255001
dfs_926a714b9d46920c,sld2021,1,unique,360810255001
dfs_12bb61a730f70200,acs2023,1,unique,360470868001
dfs_12bb61a730f70200,sld2021,1,unique,360470868001
dfs_dc245a2cd94a049a,acs2023,1,unique,360810528001
dfs_dc245a2cd94a049a,sld2021,1,unique,360810394001
dfs_1d35bc5daa632405,acs2023,1,unique,360610094002
dfs_1d35bc5daa632405,sld2021,1,unique,360610094001
dfs_8e2fdf0ede289cd5,acs2023,1,unique,360050401005
dfs_8e2fdf0ede289cd5,sld2021,1,unique,360050401005
dfs_0d394b0e1e636ac2,acs2023,1,unique,360610045001
dfs_0d394b0e1e636ac2,sld2021,1,unique,360610045001
dfs_f37e079df0fa28d2,acs2023,1,unique,360610009001
dfs_f37e079df0fa28d2,sld2021,1,unique,360610009001
dfs_90c9deb7bd1fec0f,acs2023,1,unique,360610036021
dfs_90c9deb7bd1fec0f,sld2021,1,unique,360610036021
dfs_c112138e24fd11bf,acs2023,1,unique,360810803013
dfs_c112138e24fd11bf,sld2021,1,unique,360810803013
dfs_5a1730c7dd9328b8,acs2023,1,unique,360810657032
dfs_5a1730c7dd9328b8,sld2021,1,unique,360810657032
dfs_681a894fefc68bee,acs2023,1,unique,360850198004
dfs_681a894fefc68bee,sld2021,1,unique,360850198003
dfs_6d9e8d7d7d2dffb1,acs2023,1,unique,360470049001
dfs_6d9e8d7d7d2dffb1,sld2021,1,unique,360470049001
dfs_8aae7ce34a0e9965,acs2023,1,unique,360810143002
dfs_8aae7ce34a0e9965,sld2021,1,unique,360810143002
dfs_357a98417d28f988,acs2023,1,unique,360810865002
dfs_357a98417d28f988,sld2021,1,unique,360810871002
dfs_4a5c43791bcacdad,acs2023,1,unique,360810566002
dfs_4a5c43791bcacdad,sld2021,0,unmatched,
dfs_996888fe27dbaee2,acs2023,1,unique,360810853001
dfs_996888fe27dbaee2,sld2021,1,unique,360810853001
dfs_a1550d8471e55baa,acs2023,1,unique,360810158023
dfs_a1550d8471e55baa,sld2021,2,ambiguous,360810158022|360810158023
dfs_d348acfa8ecb6807,acs2023,1,unique,360610057001
dfs_d348acfa8ecb6807,sld2021,1,unique,360610057001
dfs_4ce2023bc1785519,acs2023,1,unique,360810595012
dfs_4ce2023bc1785519,sld2021,1,unique,360810595003
dfs_1b72821e3bdae502,acs2023,1,unique,360811247003
dfs_1b72821e3bdae502,sld2021,1,unique,360811247003
dfs_35c07e07cdd9aba4,acs2023,1,unique,360610253006
dfs_35c07e07cdd9aba4,sld2021,1,unique,360610253004
dfs_783c4e2afccbe480,acs2023,1,unique,360470077004
dfs_783c4e2afccbe480,sld2021,1,unique,360470077004
dfs_e4d93d6286d17dc5,acs2023,1,unique,360470662001
dfs_e4d93d6286d17dc5,sld2021,1,unique,360470662001
dfs_024a4b57366ce6fb,acs2023,1,unique,360050338012
dfs_024a4b57366ce6fb,sld2021,1,unique,360050338004
dfs_85faed5a0397cde7,acs2023,1,unique,360470575004
dfs_85faed5a0397cde7,sld2021,1,unique,360470561002
dfs_1f90a39366baa177,acs2023,1,unique,360850141002
dfs_1f90a39366baa177,sld2021,1,unique,360850151001
dfs_dd99c160d4a099fc,acs2023,1,unique,360610110003
dfs_dd99c160d4a099fc,sld2021,1,unique,360610110003
dfs_9bdb4dd16d720019,acs2023,1,unique,360850114021
dfs_9bdb4dd16d720019,sld2021,1,unique,360850114021
dfs_1b1426a501c15cdd,acs2023,1,unique,360610016001
dfs_1b1426a501c15cdd,sld2021,1,unique,360610016001
dfs_b0747043b4110f17,acs2023,1,unique,360610100001
dfs_b0747043b4110f17,sld2021,1,unique,360610100001
dfs_78f8992693445a17,acs2023,1,unique,360610038001
dfs_78f8992693445a17,sld2021,1,unique,360610038001
dfs_c73fd653fe79337a,acs2023,1,unique,360470561003
dfs_c73fd653fe79337a,sld2021,1,unique,360470561003
dfs_9802191238978efa,acs2023,1,unique,360810149002
dfs_9802191238978efa,sld2021,1,unique,360810149002
dfs_c18fbd46323255fb,acs2023,1,unique,360470172001
dfs_c18fbd46323255fb,sld2021,1,unique,360470172001
dfs_499c55bc5f2e1ae1,acs2023,1,unique,360610037002
dfs_499c55bc5f2e1ae1,sld2021,1,unique,360610037002
dfs_e8b32f41e4bea9be,acs2023,1,unique,360050155002
dfs_e8b32f41e4bea9be,sld2021,1,unique,360050155002
dfs_ec04ba2a3b816705,acs2023,1,unique,360610109001
dfs_ec04ba2a3b816705,sld2021,1,unique,360610109001
dfs_d85975ad40f633e9,acs2023,1,unique,360810289003
dfs_d85975ad40f633e9,sld2021,1,unique,360810289003
dfs_c5b34e7cdecd3ef1,acs2023,1,unique,360610021001
dfs_c5b34e7cdecd3ef1,sld2021,1,unique,360610021001
dfs_a5321c316184ce54,acs2023,1,unique,360810566002
dfs_a5321c316184ce54,sld2021,1,unique,360810566002
dfs_e196f482b1a09f22,acs2023,1,unique,360470220002
dfs_e196f482b1a09f22,sld2021,1,unique,360470220002
dfs_17d9a361af12e67f,acs2023,1,unique,360810849022
dfs_17d9a361af12e67f,sld2021,1,unique,360810849002
dfs_af7123c81be8cf47,acs2023,1,unique,360470606001
dfs_af7123c81be8cf47,sld2021,1,unique,360470606001
dfs_3b2ce15a077f666c,acs2023,1,unique,360050421003
dfs_3b2ce15a077f666c,sld2021,1,unique,360050421003
dfs_ccc1e1610f08172e,acs2023,1,unique,360610153021
dfs_ccc1e1610f08172e,sld2021,1,unique,360610153001
dfs_ef730c03b9dbcece,acs2023,1,unique,360610068002
dfs_ef730c03b9dbcece,sld2021,1,unique,360610068002
dfs_1186f6e539405cc3,acs2023,1,unique,360610154022
dfs_1186f6e539405cc3,sld2021,1,unique,360610154002
dfs_4f0eeb3ec4eb7417,acs2023,1,unique,360610200002
dfs_4f0eeb3ec4eb7417,sld2021,1,unique,360610200002
dfs_78cafa8a2505f139,acs2023,1,unique,360610092002
dfs_78cafa8a2505f139,sld2021,1,unique,360610092001
dfs_c58f6c978677760b,acs2023,1,unique,360850201002
dfs_c58f6c978677760b,sld2021,1,unique,360850201002
dfs_f1d32b837783e979,acs2023,1,unique,360470037001
dfs_f1d32b837783e979,sld2021,1,unique,360470037001
dfs_490d737e4d82b967,acs2023,1,unique,360470009001
dfs_490d737e4d82b967,sld2021,1,unique,360470009001
dfs_fad2115c66ed4244,acs2023,1,unique,360610090005
dfs_fad2115c66ed4244,sld2021,1,unique,360610090005
dfs_d4f336e53dbf34b1,acs2023,1,unique,360810947002
dfs_d4f336e53dbf34b1,sld2021,1,unique,360810947002
dfs_9046b6a518bd88f5,acs2023,1,unique,360811301003
dfs_9046b6a518bd88f5,sld2021,1,unique,360811301003
dfs_09b0b4f8a586ccb5,acs2023,1,unique,360470534003
dfs_09b0b4f8a586ccb5,sld2021,1,unique,360470534003
dfs_caddeb1f11479c84,acs2023,1,unique,360810019011
dfs_caddeb1f11479c84,sld2021,1,unique,360810019001
dfs_8f9db524b43d65eb,acs2023,1,unique,360470247001
dfs_8f9db524b43d65eb,sld2021,1,unique,360470247001
dfs_6ede0ea901b3474d,acs2023,1,unique,360470136003
dfs_6ede0ea901b3474d,sld2021,1,unique,360470136003
dfs_295f2d9482abb498,acs2023,1,unique,360610100001
dfs_295f2d9482abb498,sld2021,1,unique,360610100002
dfs_84b664a6b0636a69,acs2023,1,unique,360810269011
dfs_84b664a6b0636a69,sld2021,1,unique,360810269011
dfs_a8366e98614b56e6,acs2023,1,unique,360470794003
dfs_a8366e98614b56e6,sld2021,1,unique,360470794001
dfs_34c1d2a8443af401,acs2023,1,unique,360610198002
dfs_34c1d2a8443af401,sld2021,1,unique,360610198002
dfs_861d6a0afe4d08f8,acs2023,1,unique,360050426001
dfs_861d6a0afe4d08f8,sld2021,1,unique,360050426001
dfs_43891e80638cae30,acs2023,1,unique,360810621001
dfs_43891e80638cae30,sld2021,1,unique,360810657031
dfs_b331e772c50894a1,acs2023,1,unique,360610165004
dfs_b331e772c50894a1,sld2021,1,unique,360610165004
dfs_b66731cd4f081fb7,acs2023,1,unique,360470009001
dfs_b66731cd4f081fb7,sld2021,1,unique,360470009001
dfs_381912b46f4b1f32,acs2023,1,unique,360050237031
dfs_381912b46f4b1f32,sld2021,1,unique,360050237031
dfs_fc39be1581e2d8eb,acs2023,1,unique,360470439003
dfs_fc39be1581e2d8eb,sld2021,1,unique,360470439003
dfs_4d166233b03c04a5,acs2023,1,unique,360610104001
dfs_4d166233b03c04a5,sld2021,1,unique,360610104001
dfs_ce79ce24eb39e307,acs2023,1,unique,360610054002
dfs_ce79ce24eb39e307,sld2021,1,unique,360610052002
dfs_896c195d96a39d66,acs2023,1,unique,360610015022
dfs_896c195d96a39d66,sld2021,1,unique,360610015021
dfs_fcafe240e1b9ce91,acs2023,1,unique,360810246001
dfs_fcafe240e1b9ce91,sld2021,1,unique,360810246001
dfs_89fe981afca1aaa5,acs2023,1,unique,360050250001
dfs_89fe981afca1aaa5,sld2021,1,unique,360050250001
dfs_1ecd845c90e0c5f0,acs2023,1,unique,360470137003
dfs_1ecd845c90e0c5f0,sld2021,1,unique,360470137003
dfs_06ad3447191f9f73,acs2023,1,unique,360811123002
dfs_06ad3447191f9f73,sld2021,1,unique,360811123002
dfs_6999aa81742b9c63,acs2023,1,unique,360810849022
dfs_6999aa81742b9c63,sld2021,2,ambiguous,360810853002|360810849002
dfs_e47bbd146a76d081,acs2023,1,unique,360610073004
dfs_e47bbd146a76d081,sld2021,1,unique,360610073004
dfs_2283279c52bc809a,acs2023,1,unique,360470035001
dfs_2283279c52bc809a,sld2021,1,unique,360470035001
dfs_2f98876367b11f56,acs2023,1,unique,360610109001
dfs_2f98876367b11f56,sld2021,1,unique,360610109001
dfs_c03d06bf5ec8f8af,acs2023,1,unique,360610094001
dfs_c03d06bf5ec8f8af,sld2021,1,unique,360610094001
dfs_02f4e236037e4bb1,acs2023,1,unique,360610134002
dfs_02f4e236037e4bb1,sld2021,1,unique,360610134002
dfs_01843a305fcfef2f,acs2023,1,unique,360470054002
dfs_01843a305fcfef2f,sld2021,1,unique,360470054002
dfs_e0f042c8c847c7bf,acs2023,1,unique,360610102002
dfs_e0f042c8c847c7bf,sld2021,1,unique,360610102001
dfs_c25b9edd2c04439b,acs2023,1,unique,360050420001
dfs_c25b9edd2c04439b,sld2021,1,unique,360050420001
dfs_8fc53df29305ebdc,acs2023,1,unique,360610093002
dfs_8fc53df29305ebdc,sld2021,1,unique,360610093002
dfs_af021aaa1fff103e,acs2023,1,unique,360610171001
dfs_af021aaa1fff103e,sld2021,1,unique,360610171001
dfs_1b7191d9d81b3379,acs2023,1,unique,360470553001
dfs_1b7191d9d81b3379,sld2021,1,unique,360470553001
dfs_165b81da815a6fb4,acs2023,1,unique,360610108023
dfs_165b81da815a6fb4,sld2021,1,unique,360610108003
dfs_8338be11ce59d85a,acs2023,1,unique,360610040024
dfs_8338be11ce59d85a,sld2021,1,unique,360610040003
dfs_b30673ec9eaaf2dd,acs2023,1,unique,360850070011
dfs_b30673ec9eaaf2dd,sld2021,1,unique,360850070002
dfs_aabf16db09fd6419,acs2023,1,unique,360610099012
dfs_aabf16db09fd6419,sld2021,1,unique,360610099001
dfs_0a85f7b02d8964eb,acs2023,1,unique,360050297002
dfs_0a85f7b02d8964eb,sld2021,1,unique,360050297002
dfs_4099a5dfc4ebfa60,acs2023,1,unique,360610126014
dfs_4099a5dfc4ebfa60,sld2021,1,unique,360610126008
dfs_91b03290a2e7d767,acs2023,1,unique,360610092001
dfs_91b03290a2e7d767,sld2021,2,ambiguous,360610092001|360610090001
dfs_34940b6568e4501d,acs2023,1,unique,360610259001
dfs_34940b6568e4501d,sld2021,1,unique,360610259002
dfs_afe58524539cacaa,acs2023,1,unique,360811467001
dfs_afe58524539cacaa,sld2021,1,unique,360811467001
dfs_39824fcce40c0cf9,acs2023,1,unique,360610118004
dfs_39824fcce40c0cf9,sld2021,1,unique,360610118004
dfs_14f2df95cd22eaab,acs2023,1,unique,360810104001
dfs_14f2df95cd22eaab,sld2021,1,unique,360810104001
dfs_e6862b0dd2c363d7,acs2023,1,unique,360470009001
dfs_e6862b0dd2c363d7,sld2021,1,unique,360470009001
dfs_cac13f5ce6d67410,acs2023,1,unique,360811139003
dfs_cac13f5ce6d67410,sld2021,1,unique,360811139003
dfs_6aee0f8d08ed5ea8,acs2023,1,unique,360050462033
dfs_6aee0f8d08ed5ea8,sld2021,1,unique,360050462011
dfs_1644760a0d084655,acs2023,1,unique,360610143001
dfs_1644760a0d084655,sld2021,0,unmatched,
dfs_c17227adaa5fcfb9,acs2023,1,unique,360470198001
dfs_c17227adaa5fcfb9,sld2021,1,unique,360470198001
dfs_58d8f8d27b380ccd,acs2023,1,unique,360610084002
dfs_58d8f8d27b380ccd,sld2021,1,unique,360610084002
dfs_5f93c62a632937ac,acs2023,1,unique,360470066002
dfs_5f93c62a632937ac,sld2021,1,unique,360470066002
dfs_f6461df5856b5548,acs2023,1,unique,360470974001
dfs_f6461df5856b5548,sld2021,1,unique,360470974001
dfs_f8d070106cc64a4a,acs2023,1,unique,360810142021
dfs_f8d070106cc64a4a,sld2021,1,unique,360810142021
dfs_6393a106913a2ed6,acs2023,1,unique,360610271003
dfs_6393a106913a2ed6,sld2021,1,unique,360610271003
dfs_13d082a3f3ae1a8d,acs2023,1,unique,360470301003
dfs_13d082a3f3ae1a8d,sld2021,1,unique,360470301003
dfs_43b97dc7c4ace56c,acs2023,1,unique,360810743004
dfs_43b97dc7c4ace56c,sld2021,1,unique,360810743004
dfs_9272e7d43cbde2fc,acs2023,1,unique,360810938003
dfs_9272e7d43cbde2fc,sld2021,1,unique,360810938003
dfs_b1cc80c5cebcc3f5,acs2023,1,unique,360470153002
dfs_b1cc80c5cebcc3f5,sld2021,1,unique,360470153002
dfs_96954dc0428511e6,acs2023,1,unique,360810717013
dfs_96954dc0428511e6,sld2021,1,unique,360810717013
dfs_bd4a5b77b47915f5,acs2023,1,unique,360470862003
dfs_bd4a5b77b47915f5,sld2021,1,unique,360470862003
dfs_32a485301c591bda,acs2023,1,unique,360050284001
dfs_32a485301c591bda,sld2021,1,unique,360050284001
dfs_bcac2264b24f6da5,acs2023,1,unique,360810613012
dfs_bcac2264b24f6da5,sld2021,1,unique,360810613012
dfs_73bfc6a5f662d8f9,acs2023,1,unique,360810849022
dfs_73bfc6a5f662d8f9,sld2021,1,unique,360810849002
dfs_df2751ad0b6e06d4,acs2023,1,unique,360811551041
dfs_df2751ad0b6e06d4,sld2021,1,unique,360811551024
dfs_71cdd5ee12168c79,acs2023,1,unique,360810115002
dfs_71cdd5ee12168c79,sld2021,1,unique,360810115002
dfs_6e53221eda3a6f82,acs2023,1,unique,360470060001
dfs_6e53221eda3a6f82,sld2021,1,unique,360470060001
dfs_bab5f4ce5d29665d,acs2023,1,unique,360810997044
dfs_bab5f4ce5d29665d,sld2021,1,unique,360810997044
dfs_a639ef12b4198feb,acs2023,1,unique,360811277001
dfs_a639ef12b4198feb,sld2021,1,unique,360811277001
dfs_9d84319c4905a761,acs2023,1,unique,360050144006
dfs_9d84319c4905a761,sld2021,1,unique,360050144006
dfs_d2b664a42a5ba139,acs2023,1,unique,360610120004
dfs_d2b664a42a5ba139,sld2021,1,unique,360610120004
dfs_7fecbcdb76fd8a1f,acs2023,1,unique,360610104001
dfs_7fecbcdb76fd8a1f,sld2021,1,unique,360610104001
dfs_535eacb4ff99d453,acs2023,1,unique,360610122003
dfs_535eacb4ff99d453,sld2021,1,unique,360610122002
dfs_15193832fda3ca65,acs2023,1,unique,360470296002
dfs_15193832fda3ca65,sld2021,1,unique,360470296002
dfs_beff705e8a1fffbc,acs2023,1,unique,360811139001
dfs_beff705e8a1fffbc,sld2021,1,unique,360811139001
dfs_a5420a118d1050b9,acs2023,1,unique,360470362001
dfs_a5420a118d1050b9,sld2021,1,unique,360470362001
dfs_bea4910cdf6452af,acs2023,1,unique,360470195003
dfs_bea4910cdf6452af,sld2021,1,unique,360470195003
dfs_0386be8441c7bba1,acs2023,1,unique,360850132012
dfs_0386be8441c7bba1,sld2021,1,unique,360850132012
dfs_fe4b4d3953f52bd0,acs2023,1,unique,360470400003
dfs_fe4b4d3953f52bd0,sld2021,1,unique,360470400003
dfs_f9535e42f5726819,acs2023,1,unique,360810106001
dfs_f9535e42f5726819,sld2021,1,unique,360810106001
dfs_adb1dcb36300c09a,acs2023,1,unique,360610092001
dfs_adb1dcb36300c09a,sld2021,1,unique,360610092001
dfs_0399404e242a4bd9,acs2023,1,unique,360050323005
dfs_0399404e242a4bd9,sld2021,1,unique,360050323003
dfs_54dc95bc7ad6ef5a,acs2023,1,unique,360470508012
dfs_54dc95bc7ad6ef5a,sld2021,1,unique,360470508012
dfs_70759790a7430d81,acs2023,1,unique,360470130002
dfs_70759790a7430d81,sld2021,1,unique,360470130002
dfs_75404f58255ec679,acs2023,1,unique,360050117012
dfs_75404f58255ec679,sld2021,1,unique,360050117002
dfs_7968c553e5878c6c,acs2023,1,unique,360470768001
dfs_7968c553e5878c6c,sld2021,1,unique,360470538003
dfs_1579f6bbef4e5e7f,acs2023,1,unique,360850146062
dfs_1579f6bbef4e5e7f,sld2021,1,unique,360850146062
dfs_2a1b9d5054fcb173,acs2023,1,unique,360610026011
dfs_2a1b9d5054fcb173,sld2021,1,unique,360610022021
dfs_82c06b2c5ff37efe,acs2023,1,unique,360610039003
dfs_82c06b2c5ff37efe,sld2021,1,unique,360610039004
dfs_ea159f06bce9d006,acs2023,1,unique,360610058002
dfs_ea159f06bce9d006,sld2021,1,unique,360610058001
dfs_5aa08c73129d7893,acs2023,1,unique,360470720001
dfs_5aa08c73129d7893,sld2021,1,unique,360470720001
dfs_0cbfad7c45974428,acs2023,1,unique,360850303012
dfs_0cbfad7c45974428,sld2021,1,unique,360850303012
dfs_ee0e44cb2c18970d,acs2023,1,unique,360810283004
dfs_ee0e44cb2c18970d,sld2021,1,unique,360810283003
dfs_daab51135a62d909,acs2023,1,unique,360050200004
dfs_daab51135a62d909,sld2021,1,unique,360050200001
dfs_32334d1a6c0a0ced,acs2023,1,unique,360810179011
dfs_32334d1a6c0a0ced,sld2021,1,unique,360810179002
dfs_911b2f2ff6849e07,acs2023,1,unique,360610096001
dfs_911b2f2ff6849e07,sld2021,1,unique,360610096001
dfs_ffb5cbb365bdb223,acs2023,1,unique,360610100001
dfs_ffb5cbb365bdb223,sld2021,1,unique,360610100001
dfs_7d5bfb61075957d5,acs2023,1,unique,360610084002
dfs_7d5bfb61075957d5,sld2021,1,unique,360610084002
dfs_24a39d653c6a0526,acs2023,1,unique,360610094001
dfs_24a39d653c6a0526,sld2021,1,unique,360610094001
dfs_e997df54ac65dfbd,acs2023,1,unique,360610303002
dfs_e997df54ac65dfbd,sld2021,1,unique,360610293004
dfs_f156e4e0f3fc5459,acs2023,1,unique,360610157007
dfs_f156e4e0f3fc5459,sld2021,1,unique,360610157007
dfs_9cbed4e495654c65,acs2023,1,unique,360810061003
dfs_9cbed4e495654c65,sld2021,1,unique,360810059001
dfs_5488f9c7b8c05466,acs2023,1,unique,360610199005
dfs_5488f9c7b8c05466,sld2021,1,unique,360610199005
dfs_23f86145bf1cd345,acs2023,1,unique,360610014021
dfs_23f86145bf1cd345,sld2021,1,unique,360610014011
dfs_72b0f9b8d952b43f,acs2023,1,unique,360471208031
dfs_72b0f9b8d952b43f,sld2021,1,unique,360471208005
dfs_d4b1ac89a4f964c3,acs2023,1,unique,360610044009
dfs_d4b1ac89a4f964c3,sld2021,1,unique,360610044007
dfs_b3b6ab6844a87c83,acs2023,1,unique,360470525001
dfs_b3b6ab6844a87c83,sld2021,1,unique,360470525001
dfs_b40a80ce74cfa1f0,acs2023,1,unique,360610058003
dfs_b40a80ce74cfa1f0,sld2021,1,unique,360610058001
dfs_8d3328b2515cd555,acs2023,1,unique,360610082002
dfs_8d3328b2515cd555,sld2021,1,unique,360610082001
dfs_020a573f324525d9,acs2023,1,unique,360810934011
dfs_020a573f324525d9,sld2021,1,unique,360810934011
dfs_3c378a4773124133,acs2023,1,unique,360470100004
dfs_3c378a4773124133,sld2021,1,unique,360470100004
dfs_8989312c4634377d,acs2023,1,unique,360811291031
dfs_8989312c4634377d,sld2021,1,unique,360811291031
dfs_5e3e968e8b28a29d,acs2023,1,unique,360610152002
dfs_5e3e968e8b28a29d,sld2021,1,unique,360610152002
dfs_68d40e66ffe0477f,acs2023,1,unique,360810871002
dfs_68d40e66ffe0477f,sld2021,1,unique,360810853001
dfs_9338703d7eed368a,acs2023,1,unique,360810147003
dfs_9338703d7eed368a,sld2021,1,unique,360810147003
dfs_afed731b79b5dd46,acs2023,1,unique,360470575004
dfs_afed731b79b5dd46,sld2021,0,unmatched,
dfs_d341663c7e201ba9,acs2023,1,unique,360810115002
dfs_d341663c7e201ba9,sld2021,1,unique,360810115002
dfs_cfc03445073f09bd,acs2023,1,unique,360470290003
dfs_cfc03445073f09bd,sld2021,1,unique,360470290003
dfs_2b96183bf82d6cf8,acs2023,1,unique,360610093007
dfs_2b96183bf82d6cf8,sld2021,1,unique,360610093007
dfs_c534fbcd6121e1c4,acs2023,1,unique,360050238002
dfs_c534fbcd6121e1c4,sld2021,1,unique,360050238002
dfs_a8bf8761401b6cc3,acs2023,1,unique,360470552003
dfs_a8bf8761401b6cc3,sld2021,1,unique,360470552003
dfs_62aeac2b91cbffd4,acs2023,1,unique,360810181013
dfs_62aeac2b91cbffd4,sld2021,1,unique,360810181013
dfs_d312ee04486256df,acs2023,1,unique,360850067002
dfs_d312ee04486256df,sld2021,1,unique,360850067002
dfs_dfcadb0b41eb922d,acs2023,1,unique,360050042006
dfs_dfcadb0b41eb922d,sld2021,1,unique,360050042006
dfs_245a6e17da394c04,acs2023,1,unique,360610108011
dfs_245a6e17da394c04,sld2021,1,unique,360610108007
dfs_5c3108c628d42fd0,acs2023,1,unique,360610160021
dfs_5c3108c628d42fd0,sld2021,1,unique,360610160021
dfs_2acc23d8a464d361,acs2023,1,unique,360610149004
dfs_2acc23d8a464d361,sld2021,1,unique,360610149004
dfs_7ef8e3ef4bbc3b07,acs2023,1,unique,360470106021
dfs_7ef8e3ef4bbc3b07,sld2021,1,unique,360470106001
dfs_ca87af021f5ddd42,acs2023,1,unique,360610108011
dfs_ca87af021f5ddd42,sld2021,1,unique,360610108004
dfs_108d9d3332e9a4ef,acs2023,1,unique,360810059003
dfs_108d9d3332e9a4ef,sld2021,1,unique,360810059003
dfs_1ed8524dc3b1cfa1,acs2023,1,unique,360050266023
dfs_1ed8524dc3b1cfa1,sld2021,1,unique,360050266023
dfs_3dde7644e7f04f96,acs2023,1,unique,360470497003
dfs_3dde7644e7f04f96,sld2021,1,unique,360470497003
dfs_874436bde7590c13,acs2023,1,unique,360810871002
dfs_874436bde7590c13,sld2021,1,unique,360810871001
dfs_df1e52d8c480ef13,acs2023,1,unique,360610203002
dfs_df1e52d8c480ef13,sld2021,1,unique,360610201011
dfs_deab932891ab81e0,acs2023,1,unique,360610102001
dfs_deab932891ab81e0,sld2021,1,unique,360610102001
dfs_0858cf59f6845689,acs2023,1,unique,360610096001
dfs_0858cf59f6845689,sld2021,1,unique,360610096001
dfs_6c48325ee16906fe,acs2023,1,unique,360470828001
dfs_6c48325ee16906fe,sld2021,1,unique,360470828001
dfs_daa6142c67eff88a,acs2023,1,unique,360471188001
dfs_daa6142c67eff88a,sld2021,1,unique,360471188001
dfs_639ee923fdf56592,acs2023,1,unique,360610015021
dfs_639ee923fdf56592,sld2021,2,ambiguous,360610013001|360610015021
dfs_fc032b292ae073be,acs2023,1,unique,360610175005
dfs_fc032b292ae073be,sld2021,1,unique,360610175005
dfs_ec021d941ff27a12,acs2023,1,unique,360470252004
dfs_ec021d941ff27a12,sld2021,1,unique,360470252001
dfs_36853798b96cadf8,acs2023,1,unique,360810981002
dfs_36853798b96cadf8,sld2021,1,unique,360810987002
dfs_dc1ec8044d87dd68,acs2023,1,unique,360470183001
dfs_dc1ec8044d87dd68,sld2021,1,unique,360470183001
dfs_1a084ce8cfc74b3d,acs2023,1,unique,360610076002
dfs_1a084ce8cfc74b3d,sld2021,1,unique,360610074003
dfs_4966feb86ac369d6,acs2023,1,unique,360610097004
dfs_4966feb86ac369d6,sld2021,1,unique,360610097004
dfs_483bc386112f77b8,acs2023,1,unique,360810287003
dfs_483bc386112f77b8,sld2021,1,unique,360810287003
dfs_5f7ef22b145cfb2f,acs2023,1,unique,360850070012
dfs_5f7ef22b145cfb2f,sld2021,1,unique,360850070001
dfs_9ce07318c3c0ba04,acs2023,1,unique,360610145002
dfs_9ce07318c3c0ba04,sld2021,1,unique,360610145002
dfs_ee113d63a8c5581f,acs2023,1,unique,360610029021
dfs_ee113d63a8c5581f,sld2021,1,unique,360610029002
dfs_43338cad4d119016,acs2023,1,unique,360811059004
dfs_43338cad4d119016,sld2021,1,unique,360811059004
dfs_14445e502c3045c1,acs2023,1,unique,360610188002
dfs_14445e502c3045c1,sld2021,1,unique,360610188002
dfs_f15a089aeb5fbe69,acs2023,1,unique,360810122002
dfs_f15a089aeb5fbe69,sld2021,2,ambiguous,360810122002|360810132002
dfs_c8f69806e7bb0845,acs2023,1,unique,360610112011
dfs_c8f69806e7bb0845,sld2021,1,unique,360610112011
dfs_d183c092a6c80f0f,acs2023,1,unique,360610137004
dfs_d183c092a6c80f0f,sld2021,1,unique,360610137004
dfs_566e2b2c7c8a399c,acs2023,1,unique,360610045001
dfs_566e2b2c7c8a399c,sld2021,1,unique,360610045001
dfs_6c33d5b6b7d12a40,acs2023,1,unique,360810871002
dfs_6c33d5b6b7d12a40,sld2021,1,unique,360810871002
dfs_3c35f770ef124fa5,acs2023,1,unique,360810460001
dfs_3c35f770ef124fa5,sld2021,0,unmatched,
dfs_d25c97507763ba5b,acs2023,1,unique,360610131001
dfs_d25c97507763ba5b,sld2021,1,unique,360610131001
dfs_ef06be1c7d31ddeb,acs2023,1,unique,360470041002
dfs_ef06be1c7d31ddeb,sld2021,1,unique,360470041003
dfs_045eb9271ec80960,acs2023,1,unique,360810711004
dfs_045eb9271ec80960,sld2021,1,unique,360810737001
dfs_b4b7f1534e127787,acs2023,1,unique,360470768003
dfs_b4b7f1534e127787,sld2021,1,unique,360470768003
dfs_81db30c4092d3783,acs2023,1,unique,360811579016
dfs_81db30c4092d3783,sld2021,1,unique,360811579016
dfs_bdc77b590b58d192,acs2023,1,unique,360610013002
dfs_bdc77b590b58d192,sld2021,1,unique,360610013002
dfs_182daadc09c41839,acs2023,1,unique,360470139002
dfs_182daadc09c41839,sld2021,1,unique,360470139002
dfs_147d7b3d809b359f,acs2023,1,unique,360610007007
dfs_147d7b3d809b359f,sld2021,1,unique,360610007001
dfs_4212d1e46e2fe1e2,acs2023,1,unique,360050092004
dfs_4212d1e46e2fe1e2,sld2021,1,unique,360050092004
dfs_3b6c6d6b80943720,acs2023,1,unique,360811047004
dfs_3b6c6d6b80943720,sld2021,1,unique,360811047004
dfs_e9ecd2cdd56e3fd2,acs2023,1,unique,360610104001
dfs_e9ecd2cdd56e3fd2,sld2021,1,unique,360610102001
dfs_270079b57a497289,acs2023,1,unique,360050250001
dfs_270079b57a497289,sld2021,1,unique,360050250001
dfs_ef72aa3087e1aae0,acs2023,1,unique,360050065004
dfs_ef72aa3087e1aae0,sld2021,1,unique,360050065004
dfs_163dd7ea6c081469,acs2023,1,unique,360810161001
dfs_163dd7ea6c081469,sld2021,1,unique,360810161001
dfs_385476af90324fb6,acs2023,1,unique,360610222001
dfs_385476af90324fb6,sld2021,1,unique,360610222001
dfs_11a0719a5219c9a0,acs2023,1,unique,360610082001
dfs_11a0719a5219c9a0,sld2021,1,unique,360610082001
dfs_1a8457296d519980,acs2023,1,unique,360610041002
dfs_1a8457296d519980,sld2021,1,unique,360610016001
dfs_4cceb83c3dbdcbaa,acs2023,1,unique,360811347021
dfs_4cceb83c3dbdcbaa,sld2021,1,unique,360811347004
dfs_a956f4be85537db4,acs2023,1,unique,360810693001
dfs_a956f4be85537db4,sld2021,1,unique,360810693001
dfs_423f63fa2634c81f,acs2023,1,unique,360810334042
dfs_423f63fa2634c81f,sld2021,1,unique,360810334024
dfs_e7f984fc35ba740d,acs2023,1,unique,360610047002
dfs_e7f984fc35ba740d,sld2021,1,unique,360610033001
dfs_c887941e388385ba,acs2023,1,unique,360850277022
dfs_c887941e388385ba,sld2021,1,unique,360850277022
dfs_e3bee7a990ec39f7,acs2023,1,unique,360610231002
dfs_e3bee7a990ec39f7,sld2021,1,unique,360610231001
dfs_1af5314be13f3203,acs2023,1,unique,360850128041
dfs_1af5314be13f3203,sld2021,1,unique,360850128041
dfs_45e9ec0f4fdd3124,acs2023,1,unique,360610088001
dfs_45e9ec0f4fdd3124,sld2021,1,unique,360610088001
dfs_7229da0928af37d9,acs2023,1,unique,360810113002
dfs_7229da0928af37d9,sld2021,1,unique,360810117001
dfs_7328d368006adace,acs2023,1,unique,360810987001
dfs_7328d368006adace,sld2021,1,unique,360810987001
dfs_332cd5f5f1e02b23,acs2023,1,unique,360610114011
dfs_332cd5f5f1e02b23,sld2021,1,unique,360610114011
dfs_fd62e1a7b7005b07,acs2023,1,unique,360811163012
dfs_fd62e1a7b7005b07,sld2021,1,unique,360811163004
dfs_67d9e30568341153,acs2023,1,unique,360810113003
dfs_67d9e30568341153,sld2021,1,unique,360810117002
dfs_aaacbf0ca7be42ff,acs2023,1,unique,360610102001
dfs_aaacbf0ca7be42ff,sld2021,1,unique,360610102001
dfs_16af0345c6c6866d,acs2023,1,unique,360850122003
dfs_16af0345c6c6866d,sld2021,1,unique,360850122003
dfs_3038c509a2e8f2e3,acs2023,1,unique,360610016001
dfs_3038c509a2e8f2e3,sld2021,1,unique,360610016001
dfs_8a0ecce59a0761c1,acs2023,1,unique,360470058002
dfs_8a0ecce59a0761c1,sld2021,1,unique,360470058002
dfs_78797c7488bb1e85,acs2023,1,unique,360810853002
dfs_78797c7488bb1e85,sld2021,1,unique,360810853002
dfs_39d3c654ba52acc5,acs2023,1,unique,360610145003
dfs_39d3c654ba52acc5,sld2021,1,unique,360610145004
dfs_039c8d16a280cc4b,acs2023,1,unique,360811017007
dfs_039c8d16a280cc4b,sld2021,1,unique,360811017007
dfs_83bd0f963099a3c0,acs2023,1,unique,360810737001
dfs_83bd0f963099a3c0,sld2021,1,unique,360810737002
dfs_80c8f19fd5a963a9,acs2023,1,unique,360470104021
dfs_80c8f19fd5a963a9,sld2021,1,unique,360470104002
dfs_d9bdf6669192e8d8,acs2023,1,unique,360811367006
dfs_d9bdf6669192e8d8,sld2021,1,unique,360811367001
dfs_ed735ef9a2240524,acs2023,1,unique,360610082001
dfs_ed735ef9a2240524,sld2021,1,unique,360610082001
dfs_19db609469c3761a,acs2023,1,unique,360610016001
dfs_19db609469c3761a,sld2021,1,unique,360610016001
dfs_d8b1cb712e0725aa,acs2023,1,unique,360610096002
dfs_d8b1cb712e0725aa,sld2021,1,unique,360610096001
dfs_c1cf1ec725c8ef2b,acs2023,1,unique,360811467001
dfs_c1cf1ec725c8ef2b,sld2021,1,unique,360811467001
dfs_a12e3dafb492653c,acs2023,1,unique,360610112021
dfs_a12e3dafb492653c,sld2021,1,unique,360610112021
dfs_518e733456aaf04a,acs2023,1,unique,360810892014
dfs_518e733456aaf04a,sld2021,1,unique,360810892005
dfs_a7253cb63d714d43,acs2023,1,unique,360610163005
dfs_a7253cb63d714d43,sld2021,1,unique,360610163005
dfs_756454753deda99b,acs2023,1,unique,360810779022
dfs_756454753deda99b,sld2021,1,unique,360810779022
dfs_f952266703939d51,acs2023,1,unique,360810065021
dfs_f952266703939d51,sld2021,1,unique,360810063003
dfs_4e58f20d20a03750,acs2023,1,unique,360470060001
dfs_4e58f20d20a03750,sld2021,1,unique,360470060001
dfs_c3ca4df97da60bf3,acs2023,1,unique,360810473002
dfs_c3ca4df97da60bf3,sld2021,1,unique,360810473002
dfs_87331313b6a7a549,acs2023,1,unique,360610071003
dfs_87331313b6a7a549,sld2021,2,ambiguous,360610071003|360610063002
dfs_a1e89ec6afe9cace,acs2023,1,unique,360470106021
dfs_a1e89ec6afe9cace,sld2021,1,unique,360470106002
dfs_108ea5c8dd1051ee,acs2023,1,unique,360610072003
dfs_108ea5c8dd1051ee,sld2021,1,unique,360610072003
dfs_49df9d4515aa510c,acs2023,1,unique,360810557003
dfs_49df9d4515aa510c,sld2021,1,unique,360810557003
dfs_c1a336c7702cc493,acs2023,1,unique,360610140002
dfs_c1a336c7702cc493,sld2021,1,unique,360610140003
dfs_b6a6cac540157167,acs2023,1,unique,360810997013
dfs_b6a6cac540157167,sld2021,1,unique,360810997013
dfs_c1cec98ae8b12d1d,acs2023,1,unique,360810945001
dfs_c1cec98ae8b12d1d,sld2021,1,unique,360810945001
dfs_84aee7f19abddae5,acs2023,1,unique,360610006001
dfs_84aee7f19abddae5,sld2021,1,unique,360610006001
dfs_715c8aefd32c0158,acs2023,1,unique,360810853004
dfs_715c8aefd32c0158,sld2021,1,unique,360810853004
dfs_e4dfcea77ec646df,acs2023,1,unique,360810115002
dfs_e4dfcea77ec646df,sld2021,1,unique,360810115002
dfs_3b593969f366e063,acs2023,1,unique,360610071001
dfs_3b593969f366e063,sld2021,1,unique,360610071001
dfs_90f041bb624143a2,acs2023,1,unique,360610101001
dfs_90f041bb624143a2,sld2021,1,unique,360610101001
dfs_8040e7e2f7e5ffcf,acs2023,1,unique,360810077001
dfs_8040e7e2f7e5ffcf,sld2021,1,unique,360810077001
dfs_b0dabd761c173a62,acs2023,1,unique,360610040024
dfs_b0dabd761c173a62,sld2021,1,unique,360610040003
dfs_d4944471c1d89f72,acs2023,1,unique,360610120004
dfs_d4944471c1d89f72,sld2021,1,unique,360610120004
dfs_1c0f2f81b59d8f58,acs2023,1,unique,360050462055
dfs_1c0f2f81b59d8f58,sld2021,1,unique,360050462011
dfs_79866bc340ab46ec,acs2023,1,unique,360610122003
dfs_79866bc340ab46ec,sld2021,1,unique,360610122002
dfs_5d3924383c75970b,acs2023,1,unique,360610287003
dfs_5d3924383c75970b,sld2021,1,unique,360610287003
dfs_2f61145fe71f5194,acs2023,1,unique,360610309001
dfs_2f61145fe71f5194,sld2021,1,unique,360610309001
dfs_f9970f873ee023a8,acs2023,1,unique,360810871002
dfs_f9970f873ee023a8,sld2021,1,unique,360810853001
dfs_b5303069336af0fb,acs2023,1,unique,360610142004
dfs_b5303069336af0fb,sld2021,1,unique,360610142003
dfs_971f83fb0735bbe7,acs2023,1,unique,360810115002
dfs_971f83fb0735bbe7,sld2021,1,unique,360810115002
dfs_435d220f06c7bff3,acs2023,1,unique,360610093007
dfs_435d220f06c7bff3,sld2021,1,unique,360610093007
dfs_c122ab1d2d9dfb80,acs2023,1,unique,360610114011
dfs_c122ab1d2d9dfb80,sld2021,1,unique,360610114011
dfs_28502d3d15cc00d1,acs2023,1,unique,360610081006
dfs_28502d3d15cc00d1,sld2021,1,unique,360610081006
dfs_4e7a0b621c88a9c8,acs2023,1,unique,360810987002
dfs_4e7a0b621c88a9c8,sld2021,1,unique,360810987002
dfs_96ed23de00cd28cd,acs2023,1,unique,360610015022
dfs_96ed23de00cd28cd,sld2021,1,unique,360610015021
dfs_1496b6b2763930c4,acs2023,1,unique,360810405021
dfs_1496b6b2763930c4,sld2021,1,unique,360810405001
dfs_4c8de67989ff6239,acs2023,1,unique,360610209011
dfs_4c8de67989ff6239,sld2021,1,unique,360610209011
dfs_b8e4f30884262ca1,acs2023,1,unique,360810775001
dfs_b8e4f30884262ca1,sld2021,0,unmatched,
dfs_9269348b1c9ef772,acs2023,1,unique,360050389003
dfs_9269348b1c9ef772,sld2021,1,unique,360050389003
dfs_281aad073cea5c3f,acs2023,1,unique,360850226014
dfs_281aad073cea5c3f,sld2021,1,unique,360850226004
dfs_451bb24a1cee04b1,acs2023,1,unique,360610153021
dfs_451bb24a1cee04b1,sld2021,1,unique,360610153001
dfs_3ef05f6974c9bde9,acs2023,1,unique,360610077004
dfs_3ef05f6974c9bde9,sld2021,1,unique,360610077004
dfs_9f03221c4c5b49dd,acs2023,1,unique,360811155002
dfs_9f03221c4c5b49dd,sld2021,1,unique,360811155002
dfs_fa3cdc98da7d6d16,acs2023,1,unique,360610054001
dfs_fa3cdc98da7d6d16,sld2021,1,unique,360610054001
dfs_e4aeb642813ebe72,acs2023,1,unique,360470247001
dfs_e4aeb642813ebe72,sld2021,1,unique,360470247001
dfs_0b329d47c7e0efe0,acs2023,1,unique,360050289001
dfs_0b329d47c7e0efe0,sld2021,1,unique,360050289001
dfs_43ab0b4699560226,acs2023,1,unique,360470159006
dfs_43ab0b4699560226,sld2021,1,unique,360470159001
dfs_6bc9b3018d4d453b,acs2023,1,unique,360050223003
dfs_6bc9b3018d4d453b,sld2021,1,unique,360050221021
dfs_eac655f4d4b0c7ea,acs2023,1,unique,360850146063
dfs_eac655f4d4b0c7ea,sld2021,1,unique,360850146063
dfs_1bf0cdcb9b1ad851,acs2023,1,unique,360810711004
dfs_1bf0cdcb9b1ad851,sld2021,1,unique,360810737001
dfs_8454b6322d5d3f08,acs2023,1,unique,360810717012
dfs_8454b6322d5d3f08,sld2021,2,ambiguous,360810697011|360810717012
dfs_2bd1e0e5e58ed168,acs2023,1,unique,360470077004
dfs_2bd1e0e5e58ed168,sld2021,1,unique,360470077004
dfs_3e57db7d490c7db5,acs2023,1,unique,360050063016
dfs_3e57db7d490c7db5,sld2021,1,unique,360050063002
dfs_f622a076a0509bbd,acs2023,1,unique,360811333003
dfs_f622a076a0509bbd,sld2021,1,unique,360811333003
dfs_3a9d568157214d58,acs2023,1,unique,360610197021
dfs_3a9d568157214d58,sld2021,1,unique,360610216005
dfs_74baf096aa9f73dc,acs2023,1,unique,360610013005
dfs_74baf096aa9f73dc,sld2021,1,unique,360610013001
dfs_0b28fe3454ebc056,acs2023,1,unique,360610052002
dfs_0b28fe3454ebc056,sld2021,1,unique,360610052002
dfs_9c79b8045d3856ce,acs2023,1,unique,360810859003
dfs_9c79b8045d3856ce,sld2021,1,unique,360810859003
dfs_c7d080bc4e66c234,acs2023,1,unique,360470069022
dfs_c7d080bc4e66c234,sld2021,1,unique,360470069002
dfs_ecc9e9163087af30,acs2023,1,unique,360471104004
dfs_ecc9e9163087af30,sld2021,1,unique,360471104004
dfs_c8e8de1e8616406f,acs2023,1,unique,360610113001
dfs_c8e8de1e8616406f,sld2021,1,unique,360610113001
dfs_caf81dd312b86597,acs2023,1,unique,360470531021
dfs_caf81dd312b86597,sld2021,1,unique,360470531001
dfs_13c152710ac546e5,acs2023,1,unique,360610048005
dfs_13c152710ac546e5,sld2021,1,unique,360610048005
dfs_94e6c0686c4ebf42,acs2023,1,unique,360470222002
dfs_94e6c0686c4ebf42,sld2021,1,unique,360470234002
dfs_6831029d2fd7d10f,acs2023,1,unique,360811467001
dfs_6831029d2fd7d10f,sld2021,1,unique,360811467001
dfs_d92481ddf65bd86c,acs2023,1,unique,360810287003
dfs_d92481ddf65bd86c,sld2021,1,unique,360810287003
dfs_8699eecaf1ffdfeb,acs2023,1,unique,360050364001
dfs_8699eecaf1ffdfeb,sld2021,1,unique,360050364001
dfs_e79e46560a882ddd,acs2023,1,unique,360610269004
dfs_e79e46560a882ddd,sld2021,1,unique,360610269004
dfs_a15ab652cc8faa0c,acs2023,1,unique,360470180001
dfs_a15ab652cc8faa0c,sld2021,1,unique,360470180001
dfs_5337052154a9c3b1,acs2023,1,unique,360470300001
dfs_5337052154a9c3b1,sld2021,1,unique,360470300001
dfs_a9ae30c485f64e48,acs2023,1,unique,360610092002
dfs_a9ae30c485f64e48,sld2021,1,unique,360610092001
dfs_8308f55642e5b24c,acs2023,1,unique,360050423003
dfs_8308f55642e5b24c,sld2021,0,unmatched,
dfs_ea76c9eeccb04277,acs2023,1,unique,360610036022
dfs_ea76c9eeccb04277,sld2021,1,unique,360610036022
dfs_a0e9dd2eb00672d8,acs2023,1,unique,360610124004
dfs_a0e9dd2eb00672d8,sld2021,1,unique,360610124008
dfs_2dfcb5b35d169fc8,acs2023,1,unique,360610071005
dfs_2dfcb5b35d169fc8,sld2021,1,unique,360610065001
dfs_6e61da5c76e59f44,acs2023,1,unique,360050462033
dfs_6e61da5c76e59f44,sld2021,1,unique,360050462012
dfs_e53a4fab67aca70e,acs2023,1,unique,360610109001
dfs_e53a4fab67aca70e,sld2021,1,unique,360610109001
dfs_9e9346a026c929e9,acs2023,1,unique,360470553002
dfs_9e9346a026c929e9,sld2021,1,unique,360470553002
dfs_3167b3142b0053d0,acs2023,1,unique,360810065021
dfs_3167b3142b0053d0,sld2021,1,unique,360810065021
dfs_3aabe408174f1437,acs2023,1,unique,360610148012
dfs_3aabe408174f1437,sld2021,1,unique,360610148012
dfs_31402e9ad6e7e953,acs2023,1,unique,360610071005
dfs_31402e9ad6e7e953,sld2021,1,unique,360610067001
dfs_671a327e3d364c78,acs2023,1,unique,360470610022
dfs_671a327e3d364c78,sld2021,1,unique,360470610022
dfs_37553c89f6b44837,acs2023,1,unique,360811227021
dfs_37553c89f6b44837,sld2021,1,unique,360811227022
dfs_0c823f3ffeb3c170,acs2023,1,unique,360050161001
dfs_0c823f3ffeb3c170,sld2021,1,unique,360050161001
dfs_712a89c225ca40f7,acs2023,1,unique,360470348002
dfs_712a89c225ca40f7,sld2021,1,unique,360470348002
dfs_66c05cfe0627d72c,acs2023,1,unique,360610102001
dfs_66c05cfe0627d72c,sld2021,1,unique,360610102001
dfs_bd16c39f04919c23,acs2023,1,unique,360610144021
dfs_bd16c39f04919c23,sld2021,1,unique,360610144012
dfs_31833065ae590d08,acs2023,1,unique,360850122002
dfs_31833065ae590d08,sld2021,1,unique,360850122002
dfs_2a5fcc4a1e8fe150,acs2023,1,unique,360050051001
dfs_2a5fcc4a1e8fe150,sld2021,1,unique,360050051001
dfs_679761650c91ed80,acs2023,1,unique,360810472003
dfs_679761650c91ed80,sld2021,1,unique,360810470001
dfs_06ef429a8e17ea3d,acs2023,1,unique,360610175004
dfs_06ef429a8e17ea3d,sld2021,1,unique,360610175004
dfs_2013dab34ebb177a,acs2023,1,unique,360610161006
dfs_2013dab34ebb177a,sld2021,1,unique,360610161006
dfs_4fc03c10e18c760b,acs2023,1,unique,360470362003
dfs_4fc03c10e18c760b,sld2021,1,unique,360470362003
dfs_2c5f5331382dc0df,acs2023,1,unique,360050216024
dfs_2c5f5331382dc0df,sld2021,1,unique,360050216022
dfs_48822d5acab51bb3,acs2023,1,unique,360470552002
dfs_48822d5acab51bb3,sld2021,1,unique,360470552002
dfs_597837c4bed57c02,acs2023,1,unique,360470561003
dfs_597837c4bed57c02,sld2021,1,unique,360470561003
dfs_bf17a20babf00c63,acs2023,1,unique,360810267002
dfs_bf17a20babf00c63,sld2021,1,unique,360810267002
dfs_ce71ae32a9d59390,acs2023,1,unique,360610137002
dfs_ce71ae32a9d59390,sld2021,1,unique,360610137005
dfs_63a1dfae1476eec7,acs2023,1,unique,360810532002
dfs_63a1dfae1476eec7,sld2021,1,unique,360810532002
dfs_6eba71e3373aec75,acs2023,1,unique,360470838001
dfs_6eba71e3373aec75,sld2021,1,unique,360470838001
dfs_e46e97890a04230d,acs2023,1,unique,360050358006
dfs_e46e97890a04230d,sld2021,1,unique,360050358006
dfs_db77b673e71d2bbc,acs2023,1,unique,360050399024
dfs_db77b673e71d2bbc,sld2021,1,unique,360050399024
dfs_b2f22d5f04fb3b5e,acs2023,1,unique,360610013003
dfs_b2f22d5f04fb3b5e,sld2021,0,unmatched,
dfs_5dfc8b65503893e7,acs2023,1,unique,360610045001
dfs_5dfc8b65503893e7,sld2021,1,unique,360610045001
dfs_69b072f0de9c48ad,acs2023,1,unique,360850201003
dfs_69b072f0de9c48ad,sld2021,1,unique,360850201003
dfs_bbd859ec248c0449,acs2023,1,unique,360610199004
dfs_bbd859ec248c0449,sld2021,1,unique,360610199004
dfs_911be92201050048,acs2023,1,unique,360470009001
dfs_911be92201050048,sld2021,1,unique,360470009001
dfs_ec75d73ba9486961,acs2023,1,unique,360050054004
dfs_ec75d73ba9486961,sld2021,1,unique,360050048002
dfs_6cc68ecd8fd2b115,acs2023,1,unique,360610013002
dfs_6cc68ecd8fd2b115,sld2021,1,unique,360610013002
dfs_c2a05c4ee2d8c8f3,acs2023,1,unique,360810283004
dfs_c2a05c4ee2d8c8f3,sld2021,1,unique,360810283004
dfs_52c44bc5816d49b3,acs2023,1,unique,360610170004
dfs_52c44bc5816d49b3,sld2021,1,unique,360610170004
dfs_f6e9b2dfa936b190,acs2023,1,unique,360850121002
dfs_f6e9b2dfa936b190,sld2021,1,unique,360850121002
dfs_2097a6f503c2f2cd,acs2023,1,unique,360050254001
dfs_2097a6f503c2f2cd,sld2021,1,unique,360050254001
dfs_48e47f5e381b9680,acs2023,1,unique,360610043003
dfs_48e47f5e381b9680,sld2021,1,unique,360610043003
dfs_832ee7d46fc6b6fa,acs2023,1,unique,360610038001
dfs_832ee7d46fc6b6fa,sld2021,1,unique,360610038001
dfs_215314e0e5f30750,acs2023,1,unique,360810737001
dfs_215314e0e5f30750,sld2021,1,unique,360810737001
dfs_a9d51716b9867872,acs2023,1,unique,360811181001
dfs_a9d51716b9867872,sld2021,1,unique,360811451011
dfs_954bfdbd5639c590,acs2023,1,unique,360610013004
dfs_954bfdbd5639c590,sld2021,1,unique,360610013001
dfs_61a6ae33837270f2,acs2023,1,unique,360610110005
dfs_61a6ae33837270f2,sld2021,1,unique,360610110005
dfs_74bcd4e184d938ae,acs2023,1,unique,360810669001
dfs_74bcd4e184d938ae,sld2021,1,unique,360810669001
dfs_7b9f022fec1bede6,acs2023,1,unique,360470058003
dfs_7b9f022fec1bede6,sld2021,1,unique,360470058003
dfs_da6b43618a7c66af,acs2023,1,unique,360811301002
dfs_da6b43618a7c66af,sld2021,1,unique,360811301002
dfs_eb074a60e1c9ee23,acs2023,1,unique,360470078003
dfs_eb074a60e1c9ee23,sld2021,1,unique,360470078003
dfs_8094ffa5c9b698c6,acs2023,1,unique,360471022001
dfs_8094ffa5c9b698c6,sld2021,1,unique,360471022001
dfs_98a8c3f46f9819da,acs2023,1,unique,360610108021
dfs_98a8c3f46f9819da,sld2021,1,unique,360610108002
dfs_66946713afa2966a,acs2023,1,unique,360050293022
dfs_66946713afa2966a,sld2021,1,unique,360050293022
dfs_5e33a1ef1b83fcb3,acs2023,1,unique,360610114022
dfs_5e33a1ef1b83fcb3,sld2021,0,unmatched,
dfs_0d5a31452d9d962d,acs2023,1,unique,360810158023
dfs_0d5a31452d9d962d,sld2021,1,unique,360810106001
dfs_289b1cecbbe0c4fa,acs2023,1,unique,360810238002
dfs_289b1cecbbe0c4fa,sld2021,1,unique,360810238002
dfs_2834d96357790568,acs2023,1,unique,360810871001
dfs_2834d96357790568,sld2021,1,unique,360810871001
dfs_e8641a2dbb0e4f3d,acs2023,1,unique,360610139004
dfs_e8641a2dbb0e4f3d,sld2021,1,unique,360610139004
dfs_8f89e4ad9adf4196,acs2023,1,unique,360610175006
dfs_8f89e4ad9adf4196,sld2021,1,unique,360610175006
dfs_98d78ea67d33f3fc,acs2023,1,unique,360610096001
dfs_98d78ea67d33f3fc,sld2021,1,unique,360610094001
dfs_97357eb332a7a74b,acs2023,1,unique,360810713033
dfs_97357eb332a7a74b,sld2021,1,unique,360810713033
dfs_fb9fdd49c2eafed5,acs2023,1,unique,360610086034
dfs_fb9fdd49c2eafed5,sld2021,1,unique,360610086034
dfs_3e45b64028b04490,acs2023,1,unique,360810869001
dfs_3e45b64028b04490,sld2021,1,unique,360810869001
dfs_0781c822637f09f3,acs2023,1,unique,360610057001
dfs_0781c822637f09f3,sld2021,1,unique,360610057002
dfs_cad3eecf6cf91d2d,acs2023,1,unique,360610131002
dfs_cad3eecf6cf91d2d,sld2021,1,unique,360610131001
dfs_d5bee389699dc3ae,acs2023,1,unique,360810098001
dfs_d5bee389699dc3ae,sld2021,1,unique,360810098001
dfs_84efea1177701214,acs2023,1,unique,360470362002
dfs_84efea1177701214,sld2021,0,unmatched,
dfs_2a3b1d062b063310,acs2023,1,unique,360850277022
dfs_2a3b1d062b063310,sld2021,1,unique,360850277022
dfs_0c082a9002887d13,acs2023,1,unique,360810063001
dfs_0c082a9002887d13,sld2021,1,unique,360810063001
dfs_80bbc96321c99769,acs2023,1,unique,360470068002
dfs_80bbc96321c99769,sld2021,1,unique,360470068002
dfs_479154c76d97fd31,acs2023,1,unique,360610233001
dfs_479154c76d97fd31,sld2021,1,unique,360610233001
dfs_f2ea2f6dd4a874fc,acs2023,1,unique,360810884002
dfs_f2ea2f6dd4a874fc,sld2021,1,unique,360810884002
dfs_749ef28a78fafd86,acs2023,1,unique,360610108013
dfs_749ef28a78fafd86,sld2021,1,unique,360610108005
dfs_86f95d066db8338d,acs2023,1,unique,360050222004
dfs_86f95d066db8338d,sld2021,1,unique,360050222004
dfs_b6ef8b3267694919,acs2023,1,unique,360470290002
dfs_b6ef8b3267694919,sld2021,1,unique,360470296002
dfs_0b92502e8bde71f4,acs2023,1,unique,360610183005
dfs_0b92502e8bde71f4,sld2021,1,unique,360610183005
dfs_002735ea840ad463,acs2023,1,unique,360470011001
dfs_002735ea840ad463,sld2021,1,unique,360470011001
dfs_8fd0f1a88100f150,acs2023,1,unique,360810871001
dfs_8fd0f1a88100f150,sld2021,1,unique,360810871001
dfs_aa47ae737e75af32,acs2023,1,unique,360610008001
dfs_aa47ae737e75af32,sld2021,1,unique,360610008001
dfs_e33a3ab0abf5aab1,acs2023,1,unique,360810124001
dfs_e33a3ab0abf5aab1,sld2021,1,unique,360810124001
dfs_2ef50e17da3dd6d8,acs2023,1,unique,360470862003
dfs_2ef50e17da3dd6d8,sld2021,1,unique,360470862003
dfs_08f2be08b8720f08,acs2023,1,unique,360811032024
dfs_08f2be08b8720f08,sld2021,1,unique,360811010014
dfs_5286a4581d3e0969,acs2023,1,unique,360810473002
dfs_5286a4581d3e0969,sld2021,1,unique,360810473002
dfs_7d27720d0c43ab20,acs2023,1,unique,360470009001
dfs_7d27720d0c43ab20,sld2021,1,unique,360470009001
dfs_5ffab38318a8d57b,acs2023,1,unique,360470495002
dfs_5ffab38318a8d57b,sld2021,1,unique,360470495002
dfs_1e983836874ba5e9,acs2023,1,unique,360050356002
dfs_1e983836874ba5e9,sld2021,1,unique,360050356002
dfs_3886c8ca0c046b74,acs2023,1,unique,360470198002
dfs_3886c8ca0c046b74,sld2021,1,unique,360470198002
dfs_a3acd1c4ab2de870,acs2023,1,unique,360610056003
dfs_a3acd1c4ab2de870,sld2021,1,unique,360610056003
dfs_6e9fd60a2a2f1960,acs2023,1,unique,360050216024
dfs_6e9fd60a2a2f1960,sld2021,1,unique,360050216022
dfs_740bab15389e174a,acs2023,1,unique,360610142004
dfs_740bab15389e174a,sld2021,1,unique,360610142004
dfs_7c7793c011724125,acs2023,1,unique,360610221022
dfs_7c7793c011724125,sld2021,1,unique,360610221022
dfs_b8a7255a92818d6a,acs2023,1,unique,360810446011
dfs_b8a7255a92818d6a,sld2021,1,unique,360810446011
dfs_35ec71bf9b32ac4c,acs2023,1,unique,360610013003
dfs_35ec71bf9b32ac4c,sld2021,1,unique,360610013002
dfs_3ca51f48947d84da,acs2023,1,unique,360470552003
dfs_3ca51f48947d84da,sld2021,1,unique,360470552003
dfs_aab28f01db29d1fd,acs2023,1,unique,360810769021
dfs_aab28f01db29d1fd,sld2021,1,unique,360810769021
dfs_337d61889e26678e,acs2023,1,unique,360470015021
dfs_337d61889e26678e,sld2021,1,unique,360470015003
dfs_a8fbf61c807a519d,acs2023,1,unique,360810954003
dfs_a8fbf61c807a519d,sld2021,1,unique,360810954003
dfs_f75ba64272ce6421,acs2023,1,unique,360470157003
dfs_f75ba64272ce6421,sld2021,1,unique,360470157003
dfs_3f9e91372c77604d,acs2023,1,unique,360810264001
dfs_3f9e91372c77604d,sld2021,1,unique,360810264001
dfs_1aa22ef38c59eb2a,acs2023,1,unique,360470319003
dfs_1aa22ef38c59eb2a,sld2021,2,ambiguous,360470319003|360470321004
dfs_9f92793a45353af2,acs2023,1,unique,360610033003
dfs_9f92793a45353af2,sld2021,1,unique,360610033001
dfs_4a75c53b9e41c526,acs2023,1,unique,360610199002
dfs_4a75c53b9e41c526,sld2021,1,unique,360610199002
dfs_a5a66797c5dcdad3,acs2023,1,unique,360470650002
dfs_a5a66797c5dcdad3,sld2021,1,unique,360470650001
dfs_49b9f6085806765a,acs2023,1,unique,360470906001
dfs_49b9f6085806765a,sld2021,1,unique,360470906001
dfs_74f45e4065d89026,acs2023,1,unique,360610067004
dfs_74f45e4065d89026,sld2021,1,unique,360610067004
dfs_3c3a69174db4ecfb,acs2023,1,unique,360811227021
dfs_3c3a69174db4ecfb,sld2021,1,unique,360811227022
dfs_d35e4da82efb65b9,acs2023,1,unique,360610251001
dfs_d35e4da82efb65b9,sld2021,1,unique,360610251001
dfs_ba8195d5562dac5c,acs2023,1,unique,360811551041
dfs_ba8195d5562dac5c,sld2021,1,unique,360811551024
dfs_96c3cd532586708d,acs2023,1,unique,360610021003
dfs_96c3cd532586708d,sld2021,1,unique,360610021002
dfs_e8681b668988e227,acs2023,1,unique,360811099002
dfs_e8681b668988e227,sld2021,1,unique,360811099002
dfs_e41347798a1d35b4,acs2023,1,unique,360610056001
dfs_e41347798a1d35b4,sld2021,1,unique,360610056001
dfs_3c0292a4bd36af68,acs2023,1,unique,360610033002
dfs_3c0292a4bd36af68,sld2021,1,unique,360610033003
dfs_cb34374265997282,acs2023,1,unique,360811467001
dfs_cb34374265997282,sld2021,1,unique,360811467001
dfs_9c277b7d5fb8fa9a,acs2023,1,unique,360610112032
dfs_9c277b7d5fb8fa9a,sld2021,1,unique,360610112032
dfs_f8fe5234346f146d,acs2023,1,unique,360470576001
dfs_f8fe5234346f146d,sld2021,1,unique,360470576001
dfs_ac9ec4cbaef78815,acs2023,1,unique,360470198001
dfs_ac9ec4cbaef78815,sld2021,1,unique,360470198001
dfs_8800c9840e7b7dd0,acs2023,1,unique,360810871001
dfs_8800c9840e7b7dd0,sld2021,1,unique,360810871001
dfs_321d8b8902862529,acs2023,1,unique,360610088001
dfs_321d8b8902862529,sld2021,1,unique,360610088001
dfs_a93b2f65c5ca581b,acs2023,1,unique,360610115001
dfs_a93b2f65c5ca581b,sld2021,1,unique,360610113001
dfs_5e1c3e7f49aa96cc,acs2023,1,unique,360050215011
dfs_5e1c3e7f49aa96cc,sld2021,1,unique,360050215011
dfs_cbc7763797eac8a0,acs2023,1,unique,360810693001
dfs_cbc7763797eac8a0,sld2021,1,unique,360810693001
dfs_75fdad535da4fce3,acs2023,1,unique,360470284003
dfs_75fdad535da4fce3,sld2021,1,unique,360470284003
dfs_11a7eb6fe835308a,acs2023,1,unique,360610104001
dfs_11a7eb6fe835308a,sld2021,1,unique,360610104001
dfs_ae2f91c6f9d5522c,acs2023,1,unique,360610098002
dfs_ae2f91c6f9d5522c,sld2021,1,unique,360610098002
dfs_ead2d597ab7f6464,acs2023,1,unique,360810114001
dfs_ead2d597ab7f6464,sld2021,1,unique,360810114001
dfs_fb53c4a6e55a86f4,acs2023,1,unique,360810853002
dfs_fb53c4a6e55a86f4,sld2021,0,unmatched,
dfs_6705ba2bcaa38d57,acs2023,1,unique,360610185002
dfs_6705ba2bcaa38d57,sld2021,1,unique,360610185002
dfs_f0a3119367ef057c,acs2023,1,unique,360810493022
dfs_f0a3119367ef057c,sld2021,1,unique,360810493022
dfs_52d323646659eb2d,acs2023,1,unique,360610150023
dfs_52d323646659eb2d,sld2021,1,unique,360610150012
dfs_e74b4584340223e3,acs2023,1,unique,360810062025
dfs_e74b4584340223e3,sld2021,1,unique,360810062025
dfs_4cc194217a99b99f,acs2023,1,unique,360470009001
dfs_4cc194217a99b99f,sld2021,1,unique,360470009001
dfs_bfddb1ab5088fee5,acs2023,1,unique,360471010001
dfs_bfddb1ab5088fee5,sld2021,1,unique,360471010001
dfs_7a339f37ac910c9b,acs2023,1,unique,360470460003
dfs_7a339f37ac910c9b,sld2021,1,unique,360470460003
dfs_e07024e8f2a96742,acs2023,1,unique,360610121022
dfs_e07024e8f2a96742,sld2021,1,unique,360610115002
dfs_083a58ffe9f681e1,acs2023,1,unique,360470100004
dfs_083a58ffe9f681e1,sld2021,1,unique,360470100004
dfs_40bc9362b637f5cd,acs2023,1,unique,360810779062
dfs_40bc9362b637f5cd,sld2021,1,unique,360810779062
dfs_e37143ef1b537e23,acs2023,1,unique,360610050001
dfs_e37143ef1b537e23,sld2021,1,unique,360610050002
dfs_4de165db131a99e9,acs2023,1,unique,360610029021
dfs_4de165db131a99e9,sld2021,1,unique,360610029002
dfs_fec1970a7ce47e26,acs2023,1,unique,360810535011
dfs_fec1970a7ce47e26,sld2021,1,unique,360810535001
dfs_c3c54ef17a0d0091,acs2023,1,unique,360810466002
dfs_c3c54ef17a0d0091,sld2021,1,unique,360810462001
dfs_d2df36d33c14fafc,acs2023,1,unique,360610065001
dfs_d2df36d33c14fafc,sld2021,1,unique,360610065001
dfs_52da513dae935985,acs2023,1,unique,360470485001
dfs_52da513dae935985,sld2021,1,unique,360470485001
dfs_f34cc17199629735,acs2023,1,unique,360610219001
dfs_f34cc17199629735,sld2021,1,unique,360610219001
dfs_3707f73509ccdc52,acs2023,1,unique,360610041003
dfs_3707f73509ccdc52,sld2021,1,unique,360610029003
dfs_dd408ff095cb6c62,acs2023,1,unique,360610074001
dfs_dd408ff095cb6c62,sld2021,1,unique,360610074002
dfs_ec5648cf2ff45577,acs2023,1,unique,360610092002
dfs_ec5648cf2ff45577,sld2021,1,unique,360610092001
dfs_4132bb1480f78fce,acs2023,1,unique,360050063011
dfs_4132bb1480f78fce,sld2021,1,unique,360050063003
dfs_e30e315d271e2dd6,acs2023,1,unique,360050072003
dfs_e30e315d271e2dd6,sld2021,1,unique,360050072003
dfs_7a6b33dc45565b2a,acs2023,1,unique,360050266022
dfs_7a6b33dc45565b2a,sld2021,1,unique,360050266022
dfs_3bf096145265a4c7,acs2023,1,unique,360610229005
dfs_3bf096145265a4c7,sld2021,1,unique,360610229005
dfs_d6c8f4c250b164d8,acs2023,1,unique,360811551041
dfs_d6c8f4c250b164d8,sld2021,1,unique,360811551024
dfs_ffac53ec665fffbf,acs2023,1,unique,360050127012
dfs_ffac53ec665fffbf,sld2021,1,unique,360050159001
dfs_5630b33408f6d27b,acs2023,1,unique,360470118003
dfs_5630b33408f6d27b,sld2021,1,unique,360470118001
dfs_5bf68d8ffdf64fca,acs2023,1,unique,360470021002
dfs_5bf68d8ffdf64fca,sld2021,1,unique,360470021002
dfs_3c6cca5f4c62ccda,acs2023,1,unique,360610317041
dfs_3c6cca5f4c62ccda,sld2021,1,unique,360610317041
dfs_97265acf2dfc436a,acs2023,1,unique,360810871002
dfs_97265acf2dfc436a,sld2021,1,unique,360810871002
dfs_bc02226adfd8cf72,acs2023,1,unique,360810214002
dfs_bc02226adfd8cf72,sld2021,1,unique,360810214002
dfs_48f31b2d36d0979a,acs2023,1,unique,360470774001
dfs_48f31b2d36d0979a,sld2021,1,unique,360470774001
dfs_9d93158b2bc13fa4,acs2023,1,unique,360810779043
dfs_9d93158b2bc13fa4,sld2021,1,unique,360810779043
dfs_28618a0f8a8bbf43,acs2023,1,unique,360610076001
dfs_28618a0f8a8bbf43,sld2021,1,unique,360610076001
dfs_0425d9542eb15302,acs2023,1,unique,360610057001
dfs_0425d9542eb15302,sld2021,1,unique,360610057001
dfs_eac195a44e60325c,acs2023,1,unique,360850064003
dfs_eac195a44e60325c,sld2021,1,unique,360850064003
dfs_a6df984f9c7bd8c1,acs2023,1,unique,360850114012
dfs_a6df984f9c7bd8c1,sld2021,1,unique,360850114012
dfs_2f11ffb23a82c580,acs2023,1,unique,360610161005
dfs_2f11ffb23a82c580,sld2021,1,unique,360610161005
dfs_07658d7b48f9382f,acs2023,1,unique,360610066001
dfs_07658d7b48f9382f,sld2021,1,unique,360610066001
dfs_80b6bb79f0e8c671,acs2023,1,unique,360810287003
dfs_80b6bb79f0e8c671,sld2021,1,unique,360810287003
dfs_c232fa63ccd61b68,acs2023,1,unique,360610153026
dfs_c232fa63ccd61b68,sld2021,1,unique,360610153003
dfs_73a955e4b37aff3c,acs2023,1,unique,360470580001
dfs_73a955e4b37aff3c,sld2021,1,unique,360470580001
dfs_c593752c1530ac22,acs2023,1,unique,360810334032
dfs_c593752c1530ac22,sld2021,1,unique,360810334025
dfs_82315fe634e17e51,acs2023,1,unique,360610054001
dfs_82315fe634e17e51,sld2021,1,unique,360610052002
dfs_1ac946b2ae4a1cec,acs2023,1,unique,360470131002
dfs_1ac946b2ae4a1cec,sld2021,1,unique,360470131002
dfs_469293b9a13780fa,acs2023,1,unique,360470600005
dfs_469293b9a13780fa,sld2021,1,unique,360470600005
dfs_ed0e69427ef3782a,acs2023,1,unique,360610108011
dfs_ed0e69427ef3782a,sld2021,1,unique,360610108007
dfs_8b6d1f2204e5b10d,acs2023,1,unique,360610050005
dfs_8b6d1f2204e5b10d,sld2021,1,unique,360610064003
dfs_27461123d0446d0f,acs2023,1,unique,360470058002
dfs_27461123d0446d0f,sld2021,1,unique,360470058002
dfs_c02331d0b3fbdc86,acs2023,1,unique,360610065004
dfs_c02331d0b3fbdc86,sld2021,1,unique,360610065004
dfs_63e0f5f805cc1cda,acs2023,1,unique,360050434004
dfs_63e0f5f805cc1cda,sld2021,1,unique,360050434004
dfs_f991bd200978a697,acs2023,1,unique,360470430001
dfs_f991bd200978a697,sld2021,1,unique,360470430001
dfs_27f80ddd45e8f1a9,acs2023,1,unique,360050063016
dfs_27f80ddd45e8f1a9,sld2021,1,unique,360050063002
dfs_09ef7cf7766ad351,acs2023,1,unique,360810613012
dfs_09ef7cf7766ad351,sld2021,1,unique,360810613012
dfs_8f552010d9624c74,acs2023,1,unique,360610183007
dfs_8f552010d9624c74,sld2021,1,unique,360610181001
dfs_293df3e4d0469e5f,acs2023,1,unique,360810711004
dfs_293df3e4d0469e5f,sld2021,1,unique,360810737001
dfs_0d5fa4b0148271ae,acs2023,1,unique,360610182003
dfs_0d5fa4b0148271ae,sld2021,1,unique,360610182003
dfs_9d287ff874d1f5a1,acs2023,1,unique,360810693001
dfs_9d287ff874d1f5a1,sld2021,1,unique,360810693001
dfs_e8fa9d47fb93125f,acs2023,1,unique,360610146022
dfs_e8fa9d47fb93125f,sld2021,1,unique,360610146011
dfs_d8fd946f57832a0b,acs2023,1,unique,360610148012
dfs_d8fd946f57832a0b,sld2021,1,unique,360610148012
dfs_d70621056681d020,acs2023,1,unique,360850128063
dfs_d70621056681d020,sld2021,1,unique,360850128063
dfs_2ff87a0b3572e808,acs2023,1,unique,360470219003
dfs_2ff87a0b3572e808,sld2021,1,unique,360470219003
dfs_ef6571808bcd52fd,acs2023,1,unique,360050380004
dfs_ef6571808bcd52fd,sld2021,1,unique,360050380004
dfs_7b9a106ca70eb7bf,acs2023,1,unique,360810255001
dfs_7b9a106ca70eb7bf,sld2021,1,unique,360810255001
dfs_7a6573a9f6759c4a,acs2023,1,unique,360610064006
dfs_7a6573a9f6759c4a,sld2021,1,unique,360610064006
dfs_24359b940653f931,acs2023,1,unique,360810945001
dfs_24359b940653f931,sld2021,1,unique,360810945002
dfs_7ed7ba8bef2a18a6,acs2023,1,unique,360810729002
dfs_7ed7ba8bef2a18a6,sld2021,1,unique,360810729002
dfs_0d8a81f3bb96676f,acs2023,1,unique,360610157006
dfs_0d8a81f3bb96676f,sld2021,1,unique,360610157006
dfs_4dce52de842ca531,acs2023,1,unique,360470768001
dfs_4dce52de842ca531,sld2021,1,unique,360470768003
dfs_bd0b43dc4648f75c,acs2023,1,unique,360810743001
dfs_bd0b43dc4648f75c,sld2021,1,unique,360810743001
dfs_93ed47ecf968a115,acs2023,1,unique,360610091005
dfs_93ed47ecf968a115,sld2021,1,unique,360610091001
dfs_077b1fab011cc908,acs2023,1,unique,360610052001
dfs_077b1fab011cc908,sld2021,1,unique,360610052001
dfs_cd74a590367a4a1c,acs2023,1,unique,360471058044
dfs_cd74a590367a4a1c,sld2021,1,unique,360471058044
dfs_04916dcea7eac564,acs2023,1,unique,360610150021
dfs_04916dcea7eac564,sld2021,1,unique,360610150022
dfs_c188c65385cd4a6d,acs2023,1,unique,360470696011
dfs_c188c65385cd4a6d,sld2021,1,unique,360470696011
dfs_4835968766c19858,acs2023,1,unique,360610098002
dfs_4835968766c19858,sld2021,1,unique,360610098006
dfs_ddc7bf6aee0d7c2e,acs2023,1,unique,360470234001
dfs_ddc7bf6aee0d7c2e,sld2021,1,unique,360470234001
dfs_fa9199284337a347,acs2023,1,unique,360610057001
dfs_fa9199284337a347,sld2021,1,unique,360610057001
dfs_ed83b588bdb524f5,acs2023,1,unique,360610154033
dfs_ed83b588bdb524f5,sld2021,1,unique,360610154002
dfs_d99255e49f8991b0,acs2023,1,unique,360050373003
dfs_d99255e49f8991b0,sld2021,1,unique,360050373003
dfs_72132e2fa3c05b2e,acs2023,1,unique,360470195004
dfs_72132e2fa3c05b2e,sld2021,1,unique,360470195004
dfs_3e2cca7997d4df19,acs2023,1,unique,360610293004
dfs_3e2cca7997d4df19,sld2021,1,unique,360610293004
dfs_030e3027c0a82b21,acs2023,1,unique,360610068003
dfs_030e3027c0a82b21,sld2021,1,unique,360610068003
dfs_b488e898198c2d0d,acs2023,1,unique,360050421001
dfs_b488e898198c2d0d,sld2021,1,unique,360050421001
dfs_c71ceddf8e0a4f87,acs2023,1,unique,360810568004
dfs_c71ceddf8e0a4f87,sld2021,1,unique,360810568004
dfs_3175148faddebc66,acs2023,1,unique,360610138009
dfs_3175148faddebc66,sld2021,1,unique,360610138009
dfs_d81abaccd812aee3,acs2023,1,unique,360470862003
dfs_d81abaccd812aee3,sld2021,1,unique,360470862003
dfs_9dc08e35be271518,acs2023,1,unique,360610195003
dfs_9dc08e35be271518,sld2021,1,unique,360610195003
dfs_2192d96c5a809af6,acs2023,1,unique,360850187041
dfs_2192d96c5a809af6,sld2021,1,unique,360850187022
dfs_577f5bb1cc3b5fa3,acs2023,1,unique,360810683001
dfs_577f5bb1cc3b5fa3,sld2021,1,unique,360810683001
dfs_fdb1ab1fc8c91d4c,acs2023,1,unique,360050266023
dfs_fdb1ab1fc8c91d4c,sld2021,1,unique,360050266023
dfs_77f5c8aaaeab0902,acs2023,1,unique,360810871002
dfs_77f5c8aaaeab0902,sld2021,1,unique,360810871002
dfs_5d277b10b67411dc,acs2023,1,unique,360810249003
dfs_5d277b10b67411dc,sld2021,1,unique,360810249003
dfs_aeeba16d0b2a0c96,acs2023,1,unique,360610058001
dfs_aeeba16d0b2a0c96,sld2021,1,unique,360610056001
dfs_8ead278e5cc6dfc0,acs2023,1,unique,360610257001
dfs_8ead278e5cc6dfc0,sld2021,1,unique,360610257001
dfs_27817d3212836f5d,acs2023,1,unique,360470688001
dfs_27817d3212836f5d,sld2021,1,unique,360470688001
dfs_89596153cca15538,acs2023,1,unique,360810100002
dfs_89596153cca15538,sld2021,1,unique,360810100002
dfs_2c3d484cd6ebb401,acs2023,1,unique,360610007003
dfs_2c3d484cd6ebb401,sld2021,1,unique,360610007001
dfs_8b0d1e9aee5332a0,acs2023,1,unique,360470137003
dfs_8b0d1e9aee5332a0,sld2021,1,unique,360470137003
dfs_cbede9dea5393191,acs2023,1,unique,360610148021
dfs_cbede9dea5393191,sld2021,1,unique,360610148021
dfs_46bb8d4b16175a98,acs2023,1,unique,360810405021
dfs_46bb8d4b16175a98,sld2021,1,unique,360810405001
dfs_da23a33180edbf1b,acs2023,1,unique,360811171003
dfs_da23a33180edbf1b,sld2021,1,unique,360811171003
dfs_bc25e7e7f15bed89,acs2023,1,unique,360610109001
dfs_bc25e7e7f15bed89,sld2021,1,unique,360610109001
dfs_87c5cc099e6f091e,acs2023,1,unique,360470534001
dfs_87c5cc099e6f091e,sld2021,1,unique,360470534001
dfs_7ad392579b80374a,acs2023,1,unique,360610136031
dfs_7ad392579b80374a,sld2021,1,unique,360610136004
dfs_baadfe1be49bc6f6,acs2023,1,unique,360470009002
dfs_baadfe1be49bc6f6,sld2021,1,unique,360470009002
dfs_e73aec3d7c215c50,acs2023,1,unique,360850248003
dfs_e73aec3d7c215c50,sld2021,1,unique,360850248003
dfs_26e79939d5107b5d,acs2023,1,unique,360470696021
dfs_26e79939d5107b5d,sld2021,1,unique,360470702011
dfs_b6d5ecde74c3b4b3,acs2023,1,unique,360610092001
dfs_b6d5ecde74c3b4b3,sld2021,1,unique,360610092001
dfs_17001698a600337f,acs2023,1,unique,360810997044
dfs_17001698a600337f,sld2021,1,unique,360810997044
dfs_80eb32a774309a68,acs2023,1,unique,360470414011
dfs_80eb32a774309a68,sld2021,1,unique,360470414011
dfs_93a6bccbf013eccf,acs2023,1,unique,360610074002
dfs_93a6bccbf013eccf,sld2021,1,unique,360610074003
dfs_e416a5e3017aeff9,acs2023,1,unique,360850128041
dfs_e416a5e3017aeff9,sld2021,1,unique,360850128041
dfs_84adeabb0e066463,acs2023,1,unique,360811171001
dfs_84adeabb0e066463,sld2021,1,unique,360811171001
dfs_1d6b544659a7a06d,acs2023,1,unique,360810287003
dfs_1d6b544659a7a06d,sld2021,1,unique,360810287003
dfs_6b7854de8d4a46a0,acs2023,1,unique,360470134002
dfs_6b7854de8d4a46a0,sld2021,1,unique,360470134002
dfs_9334a0ac61960891,acs2023,1,unique,360470491002
dfs_9334a0ac61960891,sld2021,1,unique,360470491002
dfs_9f6b4900832acf48,acs2023,1,unique,360470970001
dfs_9f6b4900832acf48,sld2021,1,unique,360470970001
dfs_208d126a3c1a219e,acs2023,1,unique,360811347011
dfs_208d126a3c1a219e,sld2021,1,unique,360811347001
dfs_b6b365a90566e626,acs2023,1,unique,360610096001
dfs_b6b365a90566e626,sld2021,1,unique,360610096001
dfs_a69b5d603f90c70c,acs2023,1,unique,360610118008
dfs_a69b5d603f90c70c,sld2021,1,unique,360610118008
dfs_c3bdbb3680e88aae,acs2023,1,unique,360810219001
dfs_c3bdbb3680e88aae,sld2021,1,unique,360810219001
dfs_3a1c1a742b62824c,acs2023,1,unique,360470692001
dfs_3a1c1a742b62824c,sld2021,1,unique,360470692001
dfs_792093bfe12ab61a,acs2023,1,unique,360810713063
dfs_792093bfe12ab61a,sld2021,1,unique,360810713063
dfs_0178509cc6e964d0,acs2023,1,unique,360610196003
dfs_0178509cc6e964d0,sld2021,1,unique,360610196003
dfs_2b65a00e69906bdf,acs2023,1,unique,360610080005
dfs_2b65a00e69906bdf,sld2021,1,unique,360610080001
dfs_059321f4dbd3d4ac,acs2023,1,unique,360610018002
dfs_059321f4dbd3d4ac,sld2021,1,unique,360610018002
dfs_6b60a5dfda148ed7,acs2023,1,unique,360811277001
dfs_6b60a5dfda148ed7,sld2021,1,unique,360811277001
dfs_7489e2765847bc12,acs2023,1,unique,360810632002
dfs_7489e2765847bc12,sld2021,1,unique,360810632002
dfs_1a1c77dd587736a5,acs2023,1,unique,360470374021
dfs_1a1c77dd587736a5,sld2021,1,unique,360470374021
dfs_02ec33ede8d56365,acs2023,1,unique,360050395004
dfs_02ec33ede8d56365,sld2021,1,unique,360050395004
dfs_d1bf7b078c0915f8,acs2023,1,unique,360610018006
dfs_d1bf7b078c0915f8,sld2021,1,unique,360610016002
dfs_f0cc71008cc038d4,acs2023,1,unique,360470525001
dfs_f0cc71008cc038d4,sld2021,1,unique,360470525001
dfs_b1496be776e935c8,acs2023,1,unique,360610084002
dfs_b1496be776e935c8,sld2021,1,unique,360610082001
dfs_87e84c1401a28bb7,acs2023,1,unique,360610167003
dfs_87e84c1401a28bb7,sld2021,1,unique,360610167003
dfs_2e9da23ac14acfbd,acs2023,1,unique,360470554003
dfs_2e9da23ac14acfbd,sld2021,1,unique,360470554002
dfs_4540547961fa7c80,acs2023,1,unique,360810743004
dfs_4540547961fa7c80,sld2021,1,unique,360810743004
dfs_62dabf7d2855fb23,acs2023,1,unique,360610008001
dfs_62dabf7d2855fb23,sld2021,1,unique,360610008001
dfs_a4e38262c0ca14e6,acs2023,1,unique,360610092003
dfs_a4e38262c0ca14e6,sld2021,1,unique,360610090005
dfs_b19281d0d97dbcd4,acs2023,1,unique,360610104001
dfs_b19281d0d97dbcd4,sld2021,1,unique,360610104001
dfs_a0fff05c1d0223ca,acs2023,1,unique,360470051003
dfs_a0fff05c1d0223ca,sld2021,1,unique,360470051003
dfs_32d306931fce77e9,acs2023,1,unique,360610033003
dfs_32d306931fce77e9,sld2021,1,unique,360610033001
dfs_df6a831e1edde2e1,acs2023,1,unique,360810063001
dfs_df6a831e1edde2e1,sld2021,1,unique,360810063001
dfs_0461cb7a09f4fcee,acs2023,1,unique,360811529013
dfs_0461cb7a09f4fcee,sld2021,1,unique,360811529013
dfs_3019da440dfa00c4,acs2023,1,unique,360470142002
dfs_3019da440dfa00c4,sld2021,1,unique,360470142002
dfs_e92b1f2a03290018,acs2023,1,unique,360610088001
dfs_e92b1f2a03290018,sld2021,1,unique,360610088001
dfs_27e32a61be354666,acs2023,1,unique,360610080005
dfs_27e32a61be354666,sld2021,1,unique,360610080002
dfs_7be47bf7371b0190,acs2023,1,unique,360610029022
dfs_7be47bf7371b0190,sld2021,1,unique,360610029003
dfs_e1687690388be2ad,acs2023,1,unique,360811099003
dfs_e1687690388be2ad,sld2021,1,unique,360811099003
dfs_05e14d0bdacde1e3,acs2023,1,unique,360050297002
dfs_05e14d0bdacde1e3,sld2021,1,unique,360050297002
dfs_b9d770bca47db9df,acs2023,1,unique,360610088001
dfs_b9d770bca47db9df,sld2021,1,unique,360610088001
dfs_4e42b92b13761711,acs2023,1,unique,360610170001
dfs_4e42b92b13761711,sld2021,1,unique,360610170001
dfs_4639e33b3546aed8,acs2023,1,unique,360610068004
dfs_4639e33b3546aed8,sld2021,1,unique,360610064001
dfs_31f6150f6fced7e5,acs2023,1,unique,360810253013
dfs_31f6150f6fced7e5,sld2021,1,unique,360810253013
dfs_a3cdfc0d20b8d9fb,acs2023,1,unique,360470530003
dfs_a3cdfc0d20b8d9fb,sld2021,1,unique,360470534004
dfs_a56e2fc18b9bc39e,acs2023,1,unique,360610088001
dfs_a56e2fc18b9bc39e,sld2021,1,unique,360610088001
dfs_74221a2093f9d06f,acs2023,1,unique,360050403041
dfs_74221a2093f9d06f,sld2021,1,unique,360050403041
dfs_ffefe6cd4175a342,acs2023,1,unique,360470037001
dfs_ffefe6cd4175a342,sld2021,1,unique,360470037001
dfs_30b0ccc8c2df9d0e,acs2023,1,unique,360810038001
dfs_30b0ccc8c2df9d0e,sld2021,1,unique,360810040011
dfs_7c4c6a747b28e978,acs2023,1,unique,360050093021
dfs_7c4c6a747b28e978,sld2021,1,unique,360050093006
dfs_5a57a49f036da41c,acs2023,1,unique,360610096002
dfs_5a57a49f036da41c,sld2021,1,unique,360610096001
dfs_e115fb5e40708be4,acs2023,1,unique,360050195002
dfs_e115fb5e40708be4,sld2021,1,unique,360050195002
dfs_adf95f40e54f57ee,acs2023,1,unique,360810007012
dfs_adf95f40e54f57ee,sld2021,1,unique,360810007004
dfs_86c5d31cf9831dc9,acs2023,1,unique,360470824004
dfs_86c5d31cf9831dc9,sld2021,1,unique,360470824004
dfs_870e6b8f4822638f,acs2023,1,unique,360610027001
dfs_870e6b8f4822638f,sld2021,1,unique,360610027001
dfs_1ea85acd234d1a7e,acs2023,1,unique,360811163012
dfs_1ea85acd234d1a7e,sld2021,1,unique,360811163004
dfs_85488a395f96281e,acs2023,1,unique,360610125001
dfs_85488a395f96281e,sld2021,1,unique,360610125001
dfs_3dbc5cc63740ba78,acs2023,1,unique,360470392002
dfs_3dbc5cc63740ba78,sld2021,1,unique,360470392002
dfs_8ab0ff0b69720682,acs2023,1,unique,360610137004
dfs_8ab0ff0b69720682,sld2021,1,unique,360610137004
dfs_32b1b001ca96eac5,acs2023,1,unique,360810871002
dfs_32b1b001ca96eac5,sld2021,1,unique,360810871002
dfs_9a23deaad63114e2,acs2023,1,unique,360610007001
dfs_9a23deaad63114e2,sld2021,1,unique,360610007001
dfs_e170236ca685bc24,acs2023,1,unique,360050336011
dfs_e170236ca685bc24,sld2021,1,unique,360050336002
dfs_f9fa68cd71058463,acs2023,1,unique,360610150021
dfs_f9fa68cd71058463,sld2021,1,unique,360610150021
dfs_8468b95ed9198204,acs2023,1,unique,360610082001
dfs_8468b95ed9198204,sld2021,1,unique,360610082001
dfs_aabf99911726a4bf,acs2023,1,unique,360050462055
dfs_aabf99911726a4bf,sld2021,1,unique,360050462011
dfs_d2cc6bcdb3eb2aa8,acs2023,1,unique,360610126011
dfs_d2cc6bcdb3eb2aa8,sld2021,1,unique,360610126005
dfs_d4e2c1ca36c70423,acs2023,1,unique,360610102001
dfs_d4e2c1ca36c70423,sld2021,1,unique,360610102001
dfs_0c88888b2060b9d1,acs2023,1,unique,360610128005
dfs_0c88888b2060b9d1,sld2021,1,unique,360610128005
dfs_01a3b16adae1c3c0,acs2023,1,unique,360610058003
dfs_01a3b16adae1c3c0,sld2021,1,unique,360610058001
dfs_e438ec0659b58775,acs2023,1,unique,360610120004
dfs_e438ec0659b58775,sld2021,1,unique,360610120004
dfs_6b543db9445d9296,acs2023,1,unique,360810737001
dfs_6b543db9445d9296,sld2021,1,unique,360810737001
dfs_23d319816b763f6a,acs2023,1,unique,360470288002
dfs_23d319816b763f6a,sld2021,1,unique,360470288002
dfs_78320a8f4c4dce78,acs2023,1,unique,360610113001
dfs_78320a8f4c4dce78,sld2021,1,unique,360610113001
dfs_dec38bafd565ff9f,acs2023,1,unique,360850096012
dfs_dec38bafd565ff9f,sld2021,1,unique,360850096012
dfs_729022a8811ba8ac,acs2023,1,unique,360811507021
dfs_729022a8811ba8ac,sld2021,1,unique,360811507021
dfs_dac4b3ce76b3323a,acs2023,1,unique,360610041005
dfs_dac4b3ce76b3323a,sld2021,0,unmatched,
dfs_93156cbf0e78f46f,acs2023,1,unique,360610031002
dfs_93156cbf0e78f46f,sld2021,0,unmatched,
dfs_317ce0fe7b7815d0,acs2023,1,unique,360610145005
dfs_317ce0fe7b7815d0,sld2021,1,unique,360610145003
dfs_170517f86aef67cc,acs2023,1,unique,360610130002
dfs_170517f86aef67cc,sld2021,1,unique,360610130002
dfs_31059fb01484a987,acs2023,1,unique,360610061003
dfs_31059fb01484a987,sld2021,1,unique,360610061003
dfs_d5ab581ddb78f109,acs2023,1,unique,360610231003
dfs_d5ab581ddb78f109,sld2021,1,unique,360610227003
dfs_c9f8d2da2090162a,acs2023,1,unique,360050090004
dfs_c9f8d2da2090162a,sld2021,1,unique,360050090004
dfs_f314fd107340ac49,acs2023,1,unique,360470039001
dfs_f314fd107340ac49,sld2021,1,unique,360470039001
dfs_048df32835ed2730,acs2023,1,unique,360811291031
dfs_048df32835ed2730,sld2021,1,unique,360811291031
dfs_88fb90671f26fae8,acs2023,1,unique,360050295001
dfs_88fb90671f26fae8,sld2021,0,unmatched,
dfs_1c971fab0c057ed6,acs2023,1,unique,360610041005
dfs_1c971fab0c057ed6,sld2021,0,unmatched,
dfs_358893485986dd30,acs2023,1,unique,360470430001
dfs_358893485986dd30,sld2021,1,unique,360470430001
dfs_92235fdce105a703,acs2023,1,unique,360850277022
dfs_92235fdce105a703,sld2021,1,unique,360850277022
dfs_070ccf45086fd13e,acs2023,1,unique,360471188001
dfs_070ccf45086fd13e,sld2021,1,unique,360471188001
dfs_e15bb8f95c7b94a4,acs2023,1,unique,360610273002
dfs_e15bb8f95c7b94a4,sld2021,2,ambiguous,360610273001|360610273002
dfs_e0a2fdfc76492dc4,acs2023,1,unique,360850146044
dfs_e0a2fdfc76492dc4,sld2021,1,unique,360850146044
dfs_7b610871ce7c09cb,acs2023,1,unique,360050337003
dfs_7b610871ce7c09cb,sld2021,1,unique,360050337003
dfs_8faaf0ab76f3fcfb,acs2023,1,unique,360810033011
dfs_8faaf0ab76f3fcfb,sld2021,1,unique,360810033001
dfs_6f4ccfb3a87cf6e3,acs2023,1,unique,360810799001
dfs_6f4ccfb3a87cf6e3,sld2021,1,unique,360810799001
dfs_7aab1e6eabb5a6a0,acs2023,1,unique,360610134002
dfs_7aab1e6eabb5a6a0,sld2021,1,unique,360610134002
dfs_cf42e5e7145d7360,acs2023,1,unique,360470796022
dfs_cf42e5e7145d7360,sld2021,1,unique,360470508012
dfs_7d0e34335b5cf4b3,acs2023,1,unique,360610009001
dfs_7d0e34335b5cf4b3,sld2021,1,unique,360610009001
dfs_32ee8e96cc8cbce7,acs2023,1,unique,360610112032
dfs_32ee8e96cc8cbce7,sld2021,1,unique,360610112032
dfs_1f50e36bc0227952,acs2023,1,unique,360610120001
dfs_1f50e36bc0227952,sld2021,1,unique,360610120001
dfs_bff8237d122ca3a6,acs2023,1,unique,360810155002
dfs_bff8237d122ca3a6,sld2021,1,unique,360810155002
dfs_beb75e69e7a63e0b,acs2023,1,unique,360050425007
dfs_beb75e69e7a63e0b,sld2021,1,unique,360050425007
dfs_cef7e94b0b2c38e7,acs2023,1,unique,360050200004
dfs_cef7e94b0b2c38e7,sld2021,1,unique,360050200001
dfs_076df237776af954,acs2023,1,unique,360470120001
dfs_076df237776af954,sld2021,1,unique,360470120001
dfs_6ed1c3b36ed28238,acs2023,1,unique,360610041002
dfs_6ed1c3b36ed28238,sld2021,1,unique,360610041002
dfs_4caf430d57f2836a,acs2023,1,unique,360810934023
dfs_4caf430d57f2836a,sld2021,1,unique,360810934023
dfs_258542f50a0dc9c0,acs2023,1,unique,360850096022
dfs_258542f50a0dc9c0,sld2021,1,unique,360850096022
dfs_efbcad571bf5655d,acs2023,1,unique,360810478011
dfs_efbcad571bf5655d,sld2021,1,unique,360810478001
dfs_25f8564c60884b48,acs2023,1,unique,360470414011
dfs_25f8564c60884b48,sld2021,1,unique,360470414011
dfs_429f259481a4c0de,acs2023,1,unique,360810271013
dfs_429f259481a4c0de,sld2021,1,unique,360810271005
dfs_b8fc9538fdfbc660,acs2023,1,unique,360470141011
dfs_b8fc9538fdfbc660,sld2021,1,unique,360470141001
dfs_83887af8c6f4b464,acs2023,1,unique,360050300002
dfs_83887af8c6f4b464,sld2021,1,unique,360050300002
dfs_4af1312873e3d65f,acs2023,1,unique,360470104022
dfs_4af1312873e3d65f,sld2021,1,unique,360470104001
dfs_bfa5c9b131692c44,acs2023,1,unique,360470774001
dfs_bfa5c9b131692c44,sld2021,1,unique,360470774001
dfs_69ed0d4e889d5768,acs2023,1,unique,360470900007
dfs_69ed0d4e889d5768,sld2021,1,unique,360470892002
dfs_fdd0d80eb2472419,acs2023,1,unique,360810016001
dfs_fdd0d80eb2472419,sld2021,1,unique,360810016001
dfs_b40510abadc10422,acs2023,1,unique,360470596003
dfs_b40510abadc10422,sld2021,1,unique,360470596003
dfs_5c5c236d1c0a8553,acs2023,1,unique,360810375021
dfs_5c5c236d1c0a8553,sld2021,1,unique,360810375001
dfs_cadccf3f83fd3d31,acs2023,1,unique,360610094002
dfs_cadccf3f83fd3d31,sld2021,1,unique,360610094001
dfs_17726443ee2c58cb,acs2023,1,unique,360610015024
dfs_17726443ee2c58cb,sld2021,1,unique,360610015022
dfs_6055c6ec19230262,acs2023,1,unique,360610119001
dfs_6055c6ec19230262,sld2021,1,unique,360610119001
dfs_892ef7d812392763,acs2023,1,unique,360610055011
dfs_892ef7d812392763,sld2021,1,unique,360610055011
dfs_7cb5659b5a215678,acs2023,1,unique,360610077004
dfs_7cb5659b5a215678,sld2021,2,ambiguous,360610075003|360610077004
dfs_54ce1fd5444004cd,acs2023,1,unique,360470222001
dfs_54ce1fd5444004cd,sld2021,1,unique,360470232003
dfs_e437803864d27387,acs2023,1,unique,360610091003
dfs_e437803864d27387,sld2021,1,unique,360610091004
dfs_890a43b1171c26cb,acs2023,1,unique,360470037001
dfs_890a43b1171c26cb,sld2021,1,unique,360470037001
dfs_32d1d7ac35653dc6,acs2023,1,unique,360810212001
dfs_32d1d7ac35653dc6,sld2021,1,unique,360810212001
dfs_5b75c69df6d08599,acs2023,1,unique,360810437021
dfs_5b75c69df6d08599,sld2021,2,ambiguous,360810437021|360810455003
dfs_12575b659bb893ea,acs2023,1,unique,360610029022
dfs_12575b659bb893ea,sld2021,1,unique,360610029003
dfs_df15edee711d0e3a,acs2023,1,unique,360610013005
dfs_df15edee711d0e3a,sld2021,1,unique,360610013001
dfs_9a7e0504755ee1a4,acs2023,1,unique,360610223014
dfs_9a7e0504755ee1a4,sld2021,1,unique,360610223014
dfs_a6ea8c3a031f61b1,acs2023,1,unique,360470106021
dfs_a6ea8c3a031f61b1,sld2021,1,unique,360470106001
dfs_23be329fdb286896,acs2023,1,unique,360050239001
dfs_23be329fdb286896,sld2021,1,unique,360050239001
dfs_4dd444c89d42294e,acs2023,1,unique,360810405021
dfs_4dd444c89d42294e,sld2021,1,unique,360810405001
dfs_09d28d0cec63437b,acs2023,1,unique,360470349012
dfs_09d28d0cec63437b,sld2021,1,unique,360470349001
dfs_3307f067ef02591f,acs2023,1,unique,360850112031
dfs_3307f067ef02591f,sld2021,1,unique,360850112021
dfs_dcadbbf8f740a476,acs2023,1,unique,360470395002
dfs_dcadbbf8f740a476,sld2021,1,unique,360470387001
dfs_c11abb5808c799ee,acs2023,1,unique,360470220001
dfs_c11abb5808c799ee,sld2021,1,unique,360470236004
dfs_0cc3bccbabd0a2a4,acs2023,1,unique,360850133023
dfs_0cc3bccbabd0a2a4,sld2021,1,unique,360850133023
dfs_ef5b1ff4bc657077,acs2023,1,unique,360610169001
dfs_ef5b1ff4bc657077,sld2021,1,unique,360610169001
dfs_0a36821423d81c47,acs2023,1,unique,360850208061
dfs_0a36821423d81c47,sld2021,1,unique,360850208014
dfs_3cf2c8d716644710,acs2023,1,unique,360610074005
dfs_3cf2c8d716644710,sld2021,1,unique,360610074001
dfs_10dd0a64ece0db4e,acs2023,1,unique,360470220002
dfs_10dd0a64ece0db4e,sld2021,1,unique,360470220002
dfs_083cd29cacbfadd7,acs2023,1,unique,360850096022
dfs_083cd29cacbfadd7,sld2021,1,unique,360850096022
dfs_2611ef654155d613,acs2023,1,unique,360610212004
dfs_2611ef654155d613,sld2021,1,unique,360610212004
dfs_4c1c1344e4d1cb75,acs2023,1,unique,360470776001
dfs_4c1c1344e4d1cb75,sld2021,1,unique,360470774002
dfs_cb2ebcc59591462c,acs2023,1,unique,360811181001
dfs_cb2ebcc59591462c,sld2021,1,unique,360811181001
dfs_cbf566ff84b65560,acs2023,1,unique,360810155002
dfs_cbf566ff84b65560,sld2021,1,unique,360810155002
dfs_622dfa0666e3cdf6,acs2023,1,unique,360050237031
dfs_622dfa0666e3cdf6,sld2021,1,unique,360050237031
dfs_b7b84d0125c1a3e6,acs2023,1,unique,360470011001
dfs_b7b84d0125c1a3e6,sld2021,1,unique,360470011001
dfs_cfccabb7e78c93c0,acs2023,1,unique,360610131001
dfs_cfccabb7e78c93c0,sld2021,1,unique,360610131001
dfs_d79828ac0218e97f,acs2023,1,unique,360471198001
dfs_d79828ac0218e97f,sld2021,1,unique,360471198001
dfs_2dceff3df419a603,acs2023,1,unique,360050162001
dfs_2dceff3df419a603,sld2021,1,unique,360050162001
dfs_b316ff016ccb509c,acs2023,1,unique,360810657031
dfs_b316ff016ccb509c,sld2021,2,ambiguous,360810619002|360810657031
dfs_76149c340431753f,acs2023,1,unique,360610052001
dfs_76149c340431753f,sld2021,1,unique,360610052001
dfs_497afeecaceb60db,acs2023,1,unique,360610031002
dfs_497afeecaceb60db,sld2021,1,unique,360610031001
dfs_76e8669e5664565b,acs2023,1,unique,360050516013
dfs_76e8669e5664565b,sld2021,1,unique,360050516003
dfs_f42c241cb8261839,acs2023,1,unique,360610109001
dfs_f42c241cb8261839,sld2021,1,unique,360610109001
dfs_3a5d7b787b2f1c86,acs2023,1,unique,360470137003
dfs_3a5d7b787b2f1c86,sld2021,1,unique,360470137003
dfs_d12950ceeebbdd04,acs2023,1,unique,360050224041
dfs_d12950ceeebbdd04,sld2021,1,unique,360050224041
dfs_219b1655832e8f5b,acs2023,1,unique,360810059001
dfs_219b1655832e8f5b,sld2021,1,unique,360810059001
dfs_8a4e7fa5e3c17e06,acs2023,1,unique,360810113001
dfs_8a4e7fa5e3c17e06,sld2021,1,unique,360810113001
dfs_9ff14ffc027de13f,acs2023,1,unique,360610221022
dfs_9ff14ffc027de13f,sld2021,1,unique,360610221022
dfs_984d24e0faa605bd,acs2023,1,unique,360470362001
dfs_984d24e0faa605bd,sld2021,1,unique,360470362001
dfs_b6968c10c0da811e,acs2023,1,unique,360610100001
dfs_b6968c10c0da811e,sld2021,1,unique,360610100001
dfs_bd0ea331f63925a6,acs2023,1,unique,360610095001
dfs_bd0ea331f63925a6,sld2021,1,unique,360610095001
dfs_47cce3117ef1a618,acs2023,1,unique,360810287004
dfs_47cce3117ef1a618,sld2021,1,unique,360810287004
dfs_fe68d1ada39c9408,acs2023,1,unique,360610080006
dfs_fe68d1ada39c9408,sld2021,1,unique,360610080002
dfs_79cd96c75f925a4d,acs2023,1,unique,360050054002
dfs_79cd96c75f925a4d,sld2021,1,unique,360050050021
dfs_2ef5ecaa1de0b3d9,acs2023,1,unique,360470552002
dfs_2ef5ecaa1de0b3d9,sld2021,1,unique,360470552002
dfs_19dc28be3ece1984,acs2023,1,unique,360810637002
dfs_19dc28be3ece1984,sld2021,1,unique,360810637002
dfs_388bfc59bf74c0db,acs2023,1,unique,360850021002
dfs_388bfc59bf74c0db,sld2021,1,unique,360850021002
dfs_84ec40d5c582711b,acs2023,1,unique,360810717022
dfs_84ec40d5c582711b,sld2021,1,unique,360810717021
dfs_0caf18f4d630c483,acs2023,1,unique,360610092001
dfs_0caf18f4d630c483,sld2021,1,unique,360610092001
dfs_9afe38f7cb57ef07,acs2023,1,unique,360850134002
dfs_9afe38f7cb57ef07,sld2021,1,unique,360850134002
dfs_408b258925d30369,acs2023,1,unique,360811347012
dfs_408b258925d30369,sld2021,1,unique,360811347005
dfs_fec76f7b69fc6285,acs2023,1,unique,360610112032
dfs_fec76f7b69fc6285,sld2021,1,unique,360610112032
dfs_5758affb9e0fe4b6,acs2023,1,unique,360610108032
dfs_5758affb9e0fe4b6,sld2021,1,unique,360610108007
dfs_5fb8cf774bd1d259,acs2023,1,unique,360610209011
dfs_5fb8cf774bd1d259,sld2021,1,unique,360610257001
dfs_53b8b38e36240bbd,acs2023,1,unique,360811341001
dfs_53b8b38e36240bbd,sld2021,1,unique,360811341001
dfs_393110fe6566311d,acs2023,1,unique,360610233001
dfs_393110fe6566311d,sld2021,1,unique,360610233001
dfs_12fba9086478946c,acs2023,1,unique,360610200002
dfs_12fba9086478946c,sld2021,1,unique,360610200002
dfs_f561b46ae3c94619,acs2023,1,unique,360471184003
dfs_f561b46ae3c94619,sld2021,1,unique,360471184003
dfs_8df06aa925f43934,acs2023,1,unique,360470525001
dfs_8df06aa925f43934,sld2021,1,unique,360470525001
dfs_e36c95a2e5929707,acs2023,1,unique,360810697024
dfs_e36c95a2e5929707,sld2021,1,unique,360810697024
dfs_487271c4efd84e06,acs2023,1,unique,360850064003
dfs_487271c4efd84e06,sld2021,1,unique,360850064003
dfs_81cda237030310e8,acs2023,1,unique,360610074003
dfs_81cda237030310e8,sld2021,1,unique,360610074003
dfs_48f4b40596464b2e,acs2023,1,unique,360050330001
dfs_48f4b40596464b2e,sld2021,1,unique,360050330001
dfs_967c2003f9bd242d,acs2023,1,unique,360810352001
dfs_967c2003f9bd242d,sld2021,1,unique,360810352001
dfs_e0179df89af7c3ce,acs2023,1,unique,360050421002
dfs_e0179df89af7c3ce,sld2021,1,unique,360050421003
dfs_78bd833789d93793,acs2023,1,unique,360810713052
dfs_78bd833789d93793,sld2021,1,unique,360810713053
dfs_09e908c75f978fb1,acs2023,1,unique,360810375022
dfs_09e908c75f978fb1,sld2021,1,unique,360810375002
dfs_f0597958528adec2,acs2023,1,unique,360610159005
dfs_f0597958528adec2,sld2021,1,unique,360610159005
dfs_b624b3aec57ca775,acs2023,1,unique,360610064005
dfs_b624b3aec57ca775,sld2021,1,unique,360610064005
dfs_c51f22d6e918b342,acs2023,1,unique,360810517001
dfs_c51f22d6e918b342,sld2021,1,unique,360810517001
dfs_c9cb8216f003dd1b,acs2023,1,unique,360610200002
dfs_c9cb8216f003dd1b,sld2021,1,unique,360610200002
dfs_56ad5ce2fc6265fc,acs2023,1,unique,360470159004
dfs_56ad5ce2fc6265fc,sld2021,1,unique,360470159005
dfs_e0a0b547eb620a58,acs2023,1,unique,360610072005
dfs_e0a0b547eb620a58,sld2021,1,unique,360610070002
dfs_5059f49cc6c13203,acs2023,1,unique,360470241002
dfs_5059f49cc6c13203,sld2021,1,unique,360470241002
dfs_0b81134838eefa8c,acs2023,1,unique,360850187012
dfs_0b81134838eefa8c,sld2021,1,unique,360850187012
dfs_286ce115edb50959,acs2023,1,unique,360850170132
dfs_286ce115edb50959,sld2021,1,unique,360850170102
dfs_1298e6c1b5453b43,acs2023,1,unique,360810711004
dfs_1298e6c1b5453b43,sld2021,1,unique,360810711004
dfs_0972b3cf473031e9,acs2023,1,unique,360850114011
dfs_0972b3cf473031e9,sld2021,1,unique,360850114011
dfs_fe6a128b7932d5d9,acs2023,1,unique,360810613014
dfs_fe6a128b7932d5d9,sld2021,1,unique,360810613014
dfs_ef5a52668266f31e,acs2023,1,unique,360810683003
dfs_ef5a52668266f31e,sld2021,1,unique,360810683003
dfs_a9353db7b2ad5067,acs2023,1,unique,360470480002
dfs_a9353db7b2ad5067,sld2021,1,unique,360470480002
dfs_4f47f2c781fe2709,acs2023,1,unique,360850303021
dfs_4f47f2c781fe2709,sld2021,1,unique,360850303021
dfs_46af17cd54acb342,acs2023,1,unique,360050462033
dfs_46af17cd54acb342,sld2021,1,unique,360050462011
dfs_3bc02023ad36d744,acs2023,1,unique,360850146052
dfs_3bc02023ad36d744,sld2021,1,unique,360850146052
dfs_d79d54662dcd0c37,acs2023,1,unique,360471220002
dfs_d79d54662dcd0c37,sld2021,1,unique,360471220002
dfs_8add2e22501e8ce9,acs2023,1,unique,360470138001
dfs_8add2e22501e8ce9,sld2021,1,unique,360470138001
dfs_264f401163213a04,acs2023,1,unique,360850213002
dfs_264f401163213a04,sld2021,2,ambiguous,360850213001|360850213002
dfs_0a059b19f7a3af92,acs2023,1,unique,360610031001
dfs_0a059b19f7a3af92,sld2021,1,unique,360610031001
dfs_239921bf41560b46,acs2023,1,unique,360850156032
dfs_239921bf41560b46,sld2021,1,unique,360850156032
dfs_8d8c56505b494812,acs2023,1,unique,360050093021
dfs_8d8c56505b494812,sld2021,1,unique,360050093006
dfs_986ea9d0e1000531,acs2023,1,unique,360810253013
dfs_986ea9d0e1000531,sld2021,1,unique,360810253013
dfs_fd718c03d9d7fd1a,acs2023,1,unique,360810849022
dfs_fd718c03d9d7fd1a,sld2021,1,unique,360810849002
dfs_ca77d87407cfdff8,acs2023,1,unique,360470252002
dfs_ca77d87407cfdff8,sld2021,1,unique,360470252001
dfs_4ca6e8a487c328b5,acs2023,1,unique,360610096002
dfs_4ca6e8a487c328b5,sld2021,1,unique,360610096001
dfs_82e66e752e91f891,acs2023,1,unique,360610015021
dfs_82e66e752e91f891,sld2021,1,unique,360610015021
dfs_6986b148e38e5428,acs2023,1,unique,360850226022
dfs_6986b148e38e5428,sld2021,1,unique,360850226001
dfs_ebf0e59136814a8d,acs2023,1,unique,360050065004
dfs_ebf0e59136814a8d,sld2021,0,unmatched,
dfs_03b40f8854d18602,acs2023,1,unique,360810613012
dfs_03b40f8854d18602,sld2021,1,unique,360810613012
dfs_715c798fcb5b6537,acs2023,1,unique,360810729002
dfs_715c798fcb5b6537,sld2021,1,unique,360810729002
dfs_3e1e0e58a3b9d498,acs2023,1,unique,360470136003
dfs_3e1e0e58a3b9d498,sld2021,1,unique,360470136003
dfs_d29fa9111f314147,acs2023,1,unique,360610096001
dfs_d29fa9111f314147,sld2021,1,unique,360610084001
dfs_29b08c43565ae69f,acs2023,1,unique,360850291044
dfs_29b08c43565ae69f,sld2021,1,unique,360850291044
dfs_688403df9cc0ecba,acs2023,1,unique,360610112021
dfs_688403df9cc0ecba,sld2021,1,unique,360610112021
dfs_23764f4313baecdf,acs2023,1,unique,360050065001
dfs_23764f4313baecdf,sld2021,1,unique,360050065001
dfs_672a62992be947df,acs2023,1,unique,360850198003
dfs_672a62992be947df,sld2021,1,unique,360850198003
dfs_7bc6acda4ba0eb7f,acs2023,1,unique,360811479001
dfs_7bc6acda4ba0eb7f,sld2021,1,unique,360811479001
dfs_b3caa6b7f712b0a6,acs2023,1,unique,360050243001
dfs_b3caa6b7f712b0a6,sld2021,1,unique,360050251003
dfs_f65f0ab7d94ea66c,acs2023,1,unique,360850128041
dfs_f65f0ab7d94ea66c,sld2021,1,unique,360850128041
dfs_c05c3c2defca8a6f,acs2023,1,unique,360850291043
dfs_c05c3c2defca8a6f,sld2021,1,unique,360850291043
dfs_156264d269bdc335,acs2023,1,unique,360810747002
dfs_156264d269bdc335,sld2021,1,unique,360810747002
dfs_a300818b763522e8,acs2023,1,unique,360470232003
dfs_a300818b763522e8,sld2021,1,unique,360470232003
dfs_f1e8cd33c2b3cac1,acs2023,1,unique,360810717012
dfs_f1e8cd33c2b3cac1,sld2021,2,ambiguous,360810697011|360810717012
dfs_ff530f174352f0c8,acs2023,1,unique,360810427002
dfs_ff530f174352f0c8,sld2021,1,unique,360810427002
dfs_b26a5bc4d80b1626,acs2023,1,unique,360470400003
dfs_b26a5bc4d80b1626,sld2021,1,unique,360470400003
dfs_caf5653aa66832a4,acs2023,1,unique,360470580001
dfs_caf5653aa66832a4,sld2021,1,unique,360470580001
dfs_0bd602d8157b9c6d,acs2023,1,unique,360470736002
dfs_0bd602d8157b9c6d,sld2021,1,unique,360470736002
dfs_39b2d422439a9b88,acs2023,1,unique,360810925001
dfs_39b2d422439a9b88,sld2021,1,unique,360810925001
dfs_69e2179e24c3e832,acs2023,1,unique,360610108011
dfs_69e2179e24c3e832,sld2021,1,unique,360610108005
dfs_0c6dec05d23bd02c,acs2023,1,unique,360850170112
dfs_0c6dec05d23bd02c,sld2021,1,unique,360850170112
dfs_2d8253d0a8afcbc3,acs2023,1,unique,360470774001
dfs_2d8253d0a8afcbc3,sld2021,1,unique,360470774001
dfs_faff757f0bf15bc1,acs2023,1,unique,360470138001
dfs_faff757f0bf15bc1,sld2021,1,unique,360470138001
dfs_ac77ff58f88fe1dc,acs2023,1,unique,360470211003
dfs_ac77ff58f88fe1dc,sld2021,1,unique,360470543002
dfs_d826c9aad414cfdb,acs2023,1,unique,360610037001
dfs_d826c9aad414cfdb,sld2021,1,unique,360610037001
dfs_2df031bb54db8e5d,acs2023,1,unique,360810245001
dfs_2df031bb54db8e5d,sld2021,2,ambiguous,360810245001|360810249001
dfs_fe1fcd8a169b1a61,acs2023,1,unique,360811291024
dfs_fe1fcd8a169b1a61,sld2021,1,unique,360811291024
dfs_ce21009cc5d4a71f,acs2023,1,unique,360810945002
dfs_ce21009cc5d4a71f,sld2021,1,unique,360810945002
dfs_83e0a58349a8455d,acs2023,1,unique,360810012002
dfs_83e0a58349a8455d,sld2021,1,unique,360810012002
dfs_5fb03400ee9754b1,acs2023,1,unique,360470352001
dfs_5fb03400ee9754b1,sld2021,1,unique,360470352001
dfs_f1013594f49ad29a,acs2023,1,unique,360810779072
dfs_f1013594f49ad29a,sld2021,1,unique,360810779072
dfs_2a5cffe48242af39,acs2023,1,unique,360810551001
dfs_2a5cffe48242af39,sld2021,1,unique,360810557003
dfs_479715c79c345474,acs2023,1,unique,360470692001
dfs_479715c79c345474,sld2021,1,unique,360470692001
dfs_a6e0b9b2aaa0c2bf,acs2023,1,unique,360810511002
dfs_a6e0b9b2aaa0c2bf,sld2021,1,unique,360810511002
dfs_e3ecb321a111c1d1,acs2023,1,unique,360810557002
dfs_e3ecb321a111c1d1,sld2021,1,unique,360810557002
dfs_52db3ff399a5ac1b,acs2023,1,unique,360850277022
dfs_52db3ff399a5ac1b,sld2021,1,unique,360850277022
dfs_5118ee04fa66536a,acs2023,1,unique,360810871002
dfs_5118ee04fa66536a,sld2021,1,unique,360810853001
dfs_0399fe060d189e0c,acs2023,1,unique,360810104001
dfs_0399fe060d189e0c,sld2021,1,unique,360810104001
dfs_ba2d22cde7e763ee,acs2023,1,unique,360050065004
dfs_ba2d22cde7e763ee,sld2021,1,unique,360050065004
dfs_fd69979d22f08039,acs2023,1,unique,360850226022
dfs_fd69979d22f08039,sld2021,1,unique,360850226001
dfs_aa64f2fc82ff22c9,acs2023,1,unique,360470038001
dfs_aa64f2fc82ff22c9,sld2021,1,unique,360470038001
dfs_b612d2f917df8618,acs2023,1,unique,360050166001
dfs_b612d2f917df8618,sld2021,1,unique,360050166001
dfs_3d3bf9ca5be525c9,acs2023,1,unique,360610271003
dfs_3d3bf9ca5be525c9,sld2021,1,unique,360610271003
dfs_a86f7125c647fca8,acs2023,1,unique,360810007012
dfs_a86f7125c647fca8,sld2021,1,unique,360810007004
dfs_dd2a9491fc24c44e,acs2023,1,unique,360470011001
dfs_dd2a9491fc24c44e,sld2021,1,unique,360470011001
dfs_07581cc8e6e61a47,acs2023,1,unique,360850170051
dfs_07581cc8e6e61a47,sld2021,1,unique,360850170051
dfs_877f49b65584fc6f,acs2023,1,unique,360610059001
dfs_877f49b65584fc6f,sld2021,1,unique,360610059001
dfs_a1afca4cef908104,acs2023,1,unique,360850197002
dfs_a1afca4cef908104,sld2021,1,unique,360850151004
dfs_e52894fb4431a747,acs2023,1,unique,360811171001
dfs_e52894fb4431a747,sld2021,1,unique,360811171001
dfs_212df93a629e1b42,acs2023,1,unique,360610056003
dfs_212df93a629e1b42,sld2021,1,unique,360610056003
dfs_7d026f95ebcd4d77,acs2023,1,unique,360610031002
dfs_7d026f95ebcd4d77,sld2021,1,unique,360610031001
dfs_24cc448d83965e1f,acs2023,1,unique,360850169012
dfs_24cc448d83965e1f,sld2021,1,unique,360850169012
dfs_74672c41bff441ec,acs2023,1,unique,360050065004
dfs_74672c41bff441ec,sld2021,1,unique,360050065004
dfs_2c108161e53e4fbc,acs2023,1,unique,360050119001
dfs_2c108161e53e4fbc,sld2021,1,unique,360050119001
dfs_13f924fbcc0740f2,acs2023,1,unique,360050279004
dfs_13f924fbcc0740f2,sld2021,1,unique,360050409001
dfs_1a8d4d46939c4589,acs2023,1,unique,360470172001
dfs_1a8d4d46939c4589,sld2021,1,unique,360470172001
dfs_64af649499065a2e,acs2023,1,unique,360810283003
dfs_64af649499065a2e,sld2021,1,unique,360810283003
dfs_887c56dec10c0106,acs2023,1,unique,360610146012
dfs_887c56dec10c0106,sld2021,1,unique,360610144012
dfs_8ac863336a2d937e,acs2023,1,unique,360811507023
dfs_8ac863336a2d937e,sld2021,1,unique,360811507023
dfs_3ca3724b3fdb6e60,acs2023,1,unique,360810038001
dfs_3ca3724b3fdb6e60,sld2021,1,unique,360810040011
dfs_1315dca537598fea,acs2023,1,unique,360470192002
dfs_1315dca537598fea,sld2021,1,unique,360470192002
dfs_1176fa18237ddbbb,acs2023,1,unique,360050250001
dfs_1176fa18237ddbbb,sld2021,1,unique,360050254001
dfs_393c996287b4b109,acs2023,1,unique,360811123002
dfs_393c996287b4b109,sld2021,1,unique,360811123002
dfs_d79630cd55ffa4b3,acs2023,1,unique,360470720001
dfs_d79630cd55ffa4b3,sld2021,1,unique,360470720001
dfs_f59aa843624d1344,acs2023,1,unique,360470774001
dfs_f59aa843624d1344,sld2021,1,unique,360470774001
dfs_c46f39142074e7d9,acs2023,1,unique,360610074002
dfs_c46f39142074e7d9,sld2021,1,unique,360610074003
dfs_c15088fcee686a8f,acs2023,1,unique,360470252004
dfs_c15088fcee686a8f,sld2021,1,unique,360470252001
dfs_924fdce892b11e5f,acs2023,1,unique,360050289001
dfs_924fdce892b11e5f,sld2021,1,unique,360050289001
dfs_057686788d34a5b8,acs2023,1,unique,360610188002
dfs_057686788d34a5b8,sld2021,1,unique,360610188002
dfs_1d3c826b4432591b,acs2023,1,unique,360850128063
dfs_1d3c826b4432591b,sld2021,1,unique,360850128063
dfs_1abc36e0abfe28c1,acs2023,1,unique,360050266023
dfs_1abc36e0abfe28c1,sld2021,1,unique,360050266023
dfs_60c7bea540cb347e,acs2023,1,unique,360470062002
dfs_60c7bea540cb347e,sld2021,1,unique,360470062002
dfs_14aa5145277e9d36,acs2023,1,unique,360610091002
dfs_14aa5145277e9d36,sld2021,1,unique,360610091004
dfs_57d6b9f2d5a9b8dd,acs2023,1,unique,360470552002
dfs_57d6b9f2d5a9b8dd,sld2021,1,unique,360470552002
dfs_1d86b6d42e9495d9,acs2023,1,unique,360050310002
dfs_1d86b6d42e9495d9,sld2021,1,unique,360050310002
dfs_dc59953ca9234b69,acs2023,1,unique,360610170001
dfs_dc59953ca9234b69,sld2021,1,unique,360610170001
dfs_fed34f0857c4203d,acs2023,1,unique,360470288003
dfs_fed34f0857c4203d,sld2021,1,unique,360470288003
dfs_429dc9bb8861f479,acs2023,1,unique,360810517001
dfs_429dc9bb8861f479,sld2021,1,unique,360810517001
dfs_1395c60e7f19cc42,acs2023,1,unique,360850146044
dfs_1395c60e7f19cc42,sld2021,1,unique,360850146044
dfs_d6271c33596b8a3c,acs2023,1,unique,360050223001
dfs_d6271c33596b8a3c,sld2021,1,unique,360050221012
dfs_37eb6ee14e52c20e,acs2023,1,unique,360850067001
dfs_37eb6ee14e52c20e,sld2021,1,unique,360850067001
dfs_3f1da4d229ecea85,acs2023,1,unique,360810938002
dfs_3f1da4d229ecea85,sld2021,1,unique,360810938002
dfs_77e5b5b99618ff6f,acs2023,1,unique,360810884002
dfs_77e5b5b99618ff6f,sld2021,1,unique,360810884002
dfs_6a925d9ae387419d,acs2023,1,unique,360850114012
dfs_6a925d9ae387419d,sld2021,1,unique,360850114012
dfs_8f60de2c083f8072,acs2023,1,unique,360610126021
dfs_8f60de2c083f8072,sld2021,1,unique,360610126001
dfs_d282dedc90651121,acs2023,1,unique,360470234001
dfs_d282dedc90651121,sld2021,1,unique,360470234001
dfs_1d5a68868555b76b,acs2023,1,unique,360810499004
dfs_1d5a68868555b76b,sld2021,1,unique,360810499001
dfs_555af94df575a073,acs2023,1,unique,360810375022
dfs_555af94df575a073,sld2021,0,unmatched,
dfs_4c8b7d44d527e336,acs2023,1,unique,360811181001
dfs_4c8b7d44d527e336,sld2021,1,unique,360811451011
dfs_f1e8e7db7a4bd417,acs2023,1,unique,360810063002
dfs_f1e8e7db7a4bd417,sld2021,1,unique,360810063002
dfs_6011f2674ca5dc7c,acs2023,1,unique,360810884002
dfs_6011f2674ca5dc7c,sld2021,1,unique,360810884002
dfs_5fe4e64250a23a4c,acs2023,1,unique,360470362001
dfs_5fe4e64250a23a4c,sld2021,2,ambiguous,360470362001|360470360022
dfs_318792577b7db1e5,acs2023,1,unique,360050065001
dfs_318792577b7db1e5,sld2021,1,unique,360050065001
dfs_558905e1fd5fe81e,acs2023,1,unique,360850021002
dfs_558905e1fd5fe81e,sld2021,1,unique,360850021002
dfs_403cda0d9438848d,acs2023,1,unique,360810581002
dfs_403cda0d9438848d,sld2021,1,unique,360810581002
dfs_917322c101a745c4,acs2023,1,unique,360050338012
dfs_917322c101a745c4,sld2021,1,unique,360050330001
dfs_711cda7250d6734b,acs2023,1,unique,360850291044
dfs_711cda7250d6734b,sld2021,1,unique,360850291044
dfs_cb50450f8fe19879,acs2023,1,unique,360811617004
dfs_cb50450f8fe19879,sld2021,1,unique,360811617004
dfs_30ae86a41cf2330e,acs2023,1,unique,360850064001
dfs_30ae86a41cf2330e,sld2021,2,ambiguous,360850064001|360850064003
dfs_01d94561904aea6f,acs2023,1,unique,360050389003
dfs_01d94561904aea6f,sld2021,1,unique,360050391005
dfs_b6e253a99b6b8fc6,acs2023,1,unique,360470069012
dfs_b6e253a99b6b8fc6,sld2021,1,unique,360470069004
dfs_6e6b02b74da6e666,acs2023,1,unique,360810119002
dfs_6e6b02b74da6e666,sld2021,1,unique,360810119002
dfs_8ef614e79351af0d,acs2023,1,unique,360470566002
dfs_8ef614e79351af0d,sld2021,1,unique,360470570004
dfs_73b7b706374e49e7,acs2023,1,unique,360470571004
dfs_73b7b706374e49e7,sld2021,1,unique,360470571004
dfs_d46b2838214911ce,acs2023,1,unique,360470426001
dfs_d46b2838214911ce,sld2021,1,unique,360470426001
dfs_36334c63915554f2,acs2023,1,unique,360810028001
dfs_36334c63915554f2,sld2021,2,ambiguous,360810024002|360810028001
dfs_fa0688ca05f01186,acs2023,1,unique,360810061001
dfs_fa0688ca05f01186,sld2021,1,unique,360810061001
dfs_38485f7fc0ca43fc,acs2023,1,unique,360050206011
dfs_38485f7fc0ca43fc,sld2021,1,unique,360050206011
dfs_46615d57e360745c,acs2023,1,unique,360470198002
dfs_46615d57e360745c,sld2021,1,unique,360470198002
dfs_ae4a9cabee986fd6,acs2023,1,unique,360850208043
dfs_ae4a9cabee986fd6,sld2021,1,unique,360850208043
dfs_ea05cbe270a708c9,acs2023,1,unique,360470047001
dfs_ea05cbe270a708c9,sld2021,1,unique,360470047001
dfs_b07712d5a06bfe7b,acs2023,1,unique,360470554003
dfs_b07712d5a06bfe7b,sld2021,1,unique,360470554002
dfs_67405179f87ce8df,acs2023,1,unique,360470565003
dfs_67405179f87ce8df,sld2021,1,unique,360470565003
dfs_64c6aa6127fd324f,acs2023,1,unique,360470139001
dfs_64c6aa6127fd324f,sld2021,1,unique,360470139001
dfs_06f1135a25474943,acs2023,1,unique,360811163012
dfs_06f1135a25474943,sld2021,1,unique,360811163004
dfs_43aee8eda8bee043,acs2023,1,unique,360470045004
dfs_43aee8eda8bee043,sld2021,1,unique,360470045004
dfs_dbce3f1b3684e8dd,acs2023,1,unique,360810737002
dfs_dbce3f1b3684e8dd,sld2021,1,unique,360810737002
dfs_cd3751ca8bd03063,acs2023,1,unique,360850247002
dfs_cd3751ca8bd03063,sld2021,1,unique,360850247002
dfs_c68115bee089631b,acs2023,1,unique,360850146071
dfs_c68115bee089631b,sld2021,1,unique,360850146071
dfs_cdfa3f2f131812e3,acs2023,1,unique,360610048006
dfs_cdfa3f2f131812e3,sld2021,1,unique,360610048006
dfs_49e1ec851ff10de9,acs2023,1,unique,360810713063
dfs_49e1ec851ff10de9,sld2021,1,unique,360810713063
dfs_3f57fa40b74b0548,acs2023,1,unique,360610265002
dfs_3f57fa40b74b0548,sld2021,1,unique,360610265002
dfs_a641b573bf8aada6,acs2023,1,unique,360470400001
dfs_a641b573bf8aada6,sld2021,1,unique,360470400001
dfs_0f925b1b48b1754b,acs2023,1,unique,360610132033
dfs_0f925b1b48b1754b,sld2021,1,unique,360610132003
dfs_889a2fd632746897,acs2023,1,unique,360810062024
dfs_889a2fd632746897,sld2021,1,unique,360810062025
dfs_e79423a881fa4cae,acs2023,1,unique,360850226014
dfs_e79423a881fa4cae,sld2021,1,unique,360850226004
dfs_b644968ef3d12abd,acs2023,1,unique,360850147003
dfs_b644968ef3d12abd,sld2021,1,unique,360850169011
dfs_06f68809d618b392,acs2023,1,unique,360470590001
dfs_06f68809d618b392,sld2021,1,unique,360470590001
dfs_d55b06264e11fc99,acs2023,1,unique,360811617001
dfs_d55b06264e11fc99,sld2021,1,unique,360811617001
dfs_1fc41c5ac4edb76a,acs2023,1,unique,360050127011
dfs_1fc41c5ac4edb76a,sld2021,0,unmatched,
dfs_e50a5ef6729769a3,acs2023,1,unique,360810155002
dfs_e50a5ef6729769a3,sld2021,1,unique,360810149002
dfs_d90c3792a5a6e777,acs2023,1,unique,360850105002
dfs_d90c3792a5a6e777,sld2021,2,ambiguous,360850121003|360850105002
dfs_5194d4c37cfc5ba8,acs2023,1,unique,360810061003
dfs_5194d4c37cfc5ba8,sld2021,1,unique,360810059001
dfs_7329c021e5243882,acs2023,1,unique,360050421002
dfs_7329c021e5243882,sld2021,1,unique,360050421003
dfs_67f227c84a2bee16,acs2023,1,unique,360810028001
dfs_67f227c84a2bee16,sld2021,2,ambiguous,360810024002|360810028001
dfs_85339d63eb079641,acs2023,1,unique,360610081002
dfs_85339d63eb079641,sld2021,1,unique,360610081001
dfs_40ad5c0f4e31e094,acs2023,1,unique,360050152002
dfs_40ad5c0f4e31e094,sld2021,1,unique,360050152002
dfs_850d5e3b65874105,acs2023,1,unique,360850067002
dfs_850d5e3b65874105,sld2021,1,unique,360850067002
dfs_58e74cab8b014625,acs2023,1,unique,360470232002
dfs_58e74cab8b014625,sld2021,1,unique,360470232002
dfs_b2e5e03b5367935a,acs2023,1,unique,360610091006
dfs_b2e5e03b5367935a,sld2021,1,unique,360610091002
dfs_2061dd14dbe9515b,acs2023,1,unique,360610015021
dfs_2061dd14dbe9515b,sld2021,2,ambiguous,360610013001|360610015021
dfs_6e4e7b9b3ba92fe3,acs2023,1,unique,360470266003
dfs_6e4e7b9b3ba92fe3,sld2021,1,unique,360470266003
dfs_b4a32b39167c1e18,acs2023,1,unique,360850105004
dfs_b4a32b39167c1e18,sld2021,1,unique,360850121002
dfs_6b9ca5dbaa55bc5a,acs2023,1,unique,360610092002
dfs_6b9ca5dbaa55bc5a,sld2021,1,unique,360610092001
dfs_28d056883a5906d2,acs2023,1,unique,360610104001
dfs_28d056883a5906d2,sld2021,1,unique,360610104001
dfs_bd45a8fe491f4d66,acs2023,1,unique,360470138002
dfs_bd45a8fe491f4d66,sld2021,1,unique,360470142003
dfs_cfec7977f19005c9,acs2023,1,unique,360850096023
dfs_cfec7977f19005c9,sld2021,1,unique,360850096023
dfs_6f103d85677593e2,acs2023,1,unique,360470300001
dfs_6f103d85677593e2,sld2021,1,unique,360470300001
dfs_1c2f8aeb4a343b48,acs2023,1,unique,360610041002
dfs_1c2f8aeb4a343b48,sld2021,1,unique,360610029003
dfs_10c2316bb15059d7,acs2023,1,unique,360810557003
dfs_10c2316bb15059d7,sld2021,1,unique,360810557003
dfs_ad666e9769d7b5a4,acs2023,1,unique,360810799001
dfs_ad666e9769d7b5a4,sld2021,1,unique,360810799001
dfs_45174d7b80f8516d,acs2023,1,unique,360470418001
dfs_45174d7b80f8516d,sld2021,1,unique,360470418001
dfs_cff905b2218bade8,acs2023,1,unique,360610241005
dfs_cff905b2218bade8,sld2021,1,unique,360610241005
dfs_82d33ad0b7c72920,acs2023,1,unique,360610102001
dfs_82d33ad0b7c72920,sld2021,1,unique,360610102001
dfs_f83761fab7ed86b9,acs2023,1,unique,360610088001
dfs_f83761fab7ed86b9,sld2021,1,unique,360610088001
dfs_f093e7cee95fe205,acs2023,1,unique,360470580001
dfs_f093e7cee95fe205,sld2021,1,unique,360470580001
dfs_85faafdf68204bcc,acs2023,1,unique,360610126013
dfs_85faafdf68204bcc,sld2021,1,unique,360610126007
dfs_cda34cabfdf5e0cf,acs2023,1,unique,360610145005
dfs_cda34cabfdf5e0cf,sld2021,1,unique,360610145003
dfs_cebf976a5e28fdf2,acs2023,1,unique,360610109001
dfs_cebf976a5e28fdf2,sld2021,1,unique,360610109001
dfs_0f2a32971f9f0f2e,acs2023,1,unique,360810729002
dfs_0f2a32971f9f0f2e,sld2021,1,unique,360810645002
dfs_255cd9c5828efe68,acs2023,1,unique,360610082001
dfs_255cd9c5828efe68,sld2021,1,unique,360610082001
dfs_0866f18925978133,acs2023,1,unique,360470556003
dfs_0866f18925978133,sld2021,1,unique,360470556003
dfs_475460049922dfcc,acs2023,1,unique,360610080005
dfs_475460049922dfcc,sld2021,1,unique,360610080002
dfs_a932de97fd9545fa,acs2023,1,unique,360610153023
dfs_a932de97fd9545fa,sld2021,1,unique,360610153003
dfs_ae140e975602a121,acs2023,1,unique,360470220001
dfs_ae140e975602a121,sld2021,2,ambiguous,360470220001|360470234003
dfs_1b3d4c79841f294f,acs2023,1,unique,360610078001
dfs_1b3d4c79841f294f,sld2021,1,unique,360610078001
dfs_808e6c71a28b0c74,acs2023,1,unique,360470064001
dfs_808e6c71a28b0c74,sld2021,1,unique,360470064001
dfs_7d4c9d861254fcad,acs2023,1,unique,360850156016
dfs_7d4c9d861254fcad,sld2021,1,unique,360850156011
dfs_6f824bf7720f97dd,acs2023,1,unique,360470776001
dfs_6f824bf7720f97dd,sld2021,1,unique,360470776001
dfs_e08c57b7c388beb1,acs2023,1,unique,360850151005
dfs_e08c57b7c388beb1,sld2021,1,unique,360850151005
dfs_c3d84d5820ae8d2a,acs2023,1,unique,360610169003
dfs_c3d84d5820ae8d2a,sld2021,1,unique,360610169003
dfs_f4e438ee5c963041,acs2023,1,unique,360610090007
dfs_f4e438ee5c963041,sld2021,1,unique,360610090001
dfs_a02e927e80064f05,acs2023,1,unique,360610104001
dfs_a02e927e80064f05,sld2021,1,unique,360610104001
dfs_a0c57c95f93ae3a1,acs2023,1,unique,360610103002
dfs_a0c57c95f93ae3a1,sld2021,1,unique,360610103001
dfs_86dee87fec7413d9,acs2023,1,unique,360470892004
dfs_86dee87fec7413d9,sld2021,2,ambiguous,360470892003|360470892004
dfs_3c4627f752d3c76f,acs2023,1,unique,360810747002
dfs_3c4627f752d3c76f,sld2021,1,unique,360810747002
dfs_41b02a8c4c67bcf9,acs2023,1,unique,360470288003
dfs_41b02a8c4c67bcf9,sld2021,1,unique,360470288003
dfs_58f32983d675b2c7,acs2023,1,unique,360610056002
dfs_58f32983d675b2c7,sld2021,1,unique,360610056002
dfs_2faea1ac1b2bb0ff,acs2023,1,unique,360610317031
dfs_2faea1ac1b2bb0ff,sld2021,1,unique,360610317031
dfs_3b213d7c025eb8e4,acs2023,1,unique,360850146042
dfs_3b213d7c025eb8e4,sld2021,1,unique,360850146042
dfs_845861d48f085b35,acs2023,1,unique,360470520002
dfs_845861d48f085b35,sld2021,1,unique,360470520002
dfs_9cdeb59e0b79ce5b,acs2023,1,unique,360850248001
dfs_9cdeb59e0b79ce5b,sld2021,1,unique,360850248001
dfs_b22b491b4b142e87,acs2023,1,unique,360810871002
dfs_b22b491b4b142e87,sld2021,1,unique,360810871002
dfs_8132d2617b05d952,acs2023,1,unique,360810479002
dfs_8132d2617b05d952,sld2021,2,ambiguous,360810479002|360810485001
dfs_b82e4f9d551d5f66,acs2023,1,unique,360610076002
dfs_b82e4f9d551d5f66,sld2021,1,unique,360610074003
dfs_d5dfdb75a56ba2dd,acs2023,1,unique,360810281004
dfs_d5dfdb75a56ba2dd,sld2021,1,unique,360810269014
dfs_4c503a4371dd6f22,acs2023,1,unique,360470588001
dfs_4c503a4371dd6f22,sld2021,1,unique,360470588001
dfs_b4baeacb9c7674eb,acs2023,1,unique,360610064004
dfs_b4baeacb9c7674eb,sld2021,1,unique,360610064004
dfs_502bcbbd24732143,acs2023,1,unique,360610091002
dfs_502bcbbd24732143,sld2021,1,unique,360610091004
dfs_edc7dbf2ffa58655,acs2023,1,unique,360810737001
dfs_edc7dbf2ffa58655,sld2021,1,unique,360810737001
dfs_1c7ed3ee4051e274,acs2023,1,unique,360810632002
dfs_1c7ed3ee4051e274,sld2021,1,unique,360810632002
dfs_c9bc110e217ca3b8,acs2023,1,unique,360470362003
dfs_c9bc110e217ca3b8,sld2021,1,unique,360470362003
dfs_f60edb852654866f,acs2023,1,unique,360610074005
dfs_f60edb852654866f,sld2021,1,unique,360610074001
dfs_f4b7a3b826367881,acs2023,1,unique,360610101001
dfs_f4b7a3b826367881,sld2021,2,ambiguous,360610076001|360610101001
dfs_554ef63d0e9bf9d2,acs2023,1,unique,360810779052
dfs_554ef63d0e9bf9d2,sld2021,1,unique,360810779052
dfs_ea9801cff8b1a021,acs2023,1,unique,360470075005
dfs_ea9801cff8b1a021,sld2021,1,unique,360470075005
dfs_3a3dd45227a15002,acs2023,1,unique,360470193001
dfs_3a3dd45227a15002,sld2021,1,unique,360470193004
dfs_85958aa8dc93e06f,acs2023,1,unique,360470561003
dfs_85958aa8dc93e06f,sld2021,1,unique,360470561003
dfs_c613a271940f4e1a,acs2023,1,unique,360610052001
dfs_c613a271940f4e1a,sld2021,1,unique,360610052001
dfs_3cf0f835314088d8,acs2023,1,unique,360470252002
dfs_3cf0f835314088d8,sld2021,0,unmatched,
dfs_889f05b45f7bacbe,acs2023,1,unique,360811507021
dfs_889f05b45f7bacbe,sld2021,2,ambiguous,360811507021|360811479001
dfs_9ad3e38a8e2833e7,acs2023,1,unique,360610175006
dfs_9ad3e38a8e2833e7,sld2021,1,unique,360610175006
dfs_db3181e849951e85,acs2023,1,unique,360470196002
dfs_db3181e849951e85,sld2021,1,unique,360470196002
dfs_0dd0125c28ec5039,acs2023,1,unique,360610052002
dfs_0dd0125c28ec5039,sld2021,1,unique,360610052002
dfs_d199ef406ea5651b,acs2023,1,unique,360810113002
dfs_d199ef406ea5651b,sld2021,1,unique,360810113002
dfs_5efcf7ab3d34aa91,acs2023,1,unique,360610087001
dfs_5efcf7ab3d34aa91,sld2021,1,unique,360610087001
dfs_d6bb6b09a8299228,acs2023,1,unique,360810542003
dfs_d6bb6b09a8299228,sld2021,0,unmatched,
dfs_397b68ba398050bb,acs2023,1,unique,360610080001
dfs_397b68ba398050bb,sld2021,1,unique,360610080001
dfs_95f90c19f9d992a0,acs2023,1,unique,360610098001
dfs_95f90c19f9d992a0,sld2021,1,unique,360610098001
dfs_f877d9030748fb01,acs2023,1,unique,360470534002
dfs_f877d9030748fb01,sld2021,1,unique,360470534002
dfs_57db1863e7b66fac,acs2023,1,unique,360610095002
dfs_57db1863e7b66fac,sld2021,1,unique,360610095002
dfs_e9f11f6c29782a56,acs2023,1,unique,360610016003
dfs_e9f11f6c29782a56,sld2021,1,unique,360610016003
dfs_2449b8f64ac7bb34,acs2023,1,unique,360470194001
dfs_2449b8f64ac7bb34,sld2021,1,unique,360470194001
dfs_73b8273f192c1112,acs2023,1,unique,360850112013
dfs_73b8273f192c1112,sld2021,1,unique,360850112011
dfs_041b09fc3aefae5f,acs2023,1,unique,360610037002
dfs_041b09fc3aefae5f,sld2021,1,unique,360610037002
dfs_b99b4f287aba9a39,acs2023,1,unique,360850134001
dfs_b99b4f287aba9a39,sld2021,1,unique,360850134001
dfs_47796f232999477d,acs2023,1,unique,360811467001
dfs_47796f232999477d,sld2021,1,unique,360811467001
dfs_4faefc10bf926fed,acs2023,1,unique,360610182003
dfs_4faefc10bf926fed,sld2021,1,unique,360610188004
dfs_2c86a605e3bc2a32,acs2023,1,unique,360610131001
dfs_2c86a605e3bc2a32,sld2021,1,unique,360610131002
dfs_d898cc156be337c5,acs2023,1,unique,360470037001
dfs_d898cc156be337c5,sld2021,1,unique,360470037001
dfs_f11223fca41a5134,acs2023,1,unique,360811471002
dfs_f11223fca41a5134,sld2021,1,unique,360811471002
dfs_6ae39adb172a1dd4,acs2023,1,unique,360610021003
dfs_6ae39adb172a1dd4,sld2021,1,unique,360610021002
dfs_1eb6ba63285d18f0,acs2023,1,unique,360811157002
dfs_1eb6ba63285d18f0,sld2021,1,unique,360811157002
dfs_5afd5058ce79cfb3,acs2023,1,unique,360050289003
dfs_5afd5058ce79cfb3,sld2021,1,unique,360050289003
dfs_4c67406d30c1c4dd,acs2023,1,unique,360470169003
dfs_4c67406d30c1c4dd,sld2021,1,unique,360470169003
dfs_70c761ae7f9fcc0c,acs2023,1,unique,360810739005
dfs_70c761ae7f9fcc0c,sld2021,1,unique,360810739005
dfs_67154071dee3999e,acs2023,1,unique,360610148022
dfs_67154071dee3999e,sld2021,1,unique,360610146024
dfs_124185a694d41bc4,acs2023,1,unique,360810155002
dfs_124185a694d41bc4,sld2021,2,ambiguous,360810155002|360810155001
dfs_7b7ab786cd8f3518,acs2023,1,unique,360811265001
dfs_7b7ab786cd8f3518,sld2021,1,unique,360811265001
dfs_27fac05193fecd12,acs2023,1,unique,360850247002
dfs_27fac05193fecd12,sld2021,1,unique,360850247002
dfs_b94b2f755443e063,acs2023,1,unique,360850006001
dfs_b94b2f755443e063,sld2021,1,unique,360850006001
dfs_f0dc8cf416c0235a,acs2023,1,unique,360610103001
dfs_f0dc8cf416c0235a,sld2021,1,unique,360610103001
dfs_a82d9aaf3a1114c7,acs2023,1,unique,360610195003
dfs_a82d9aaf3a1114c7,sld2021,1,unique,360610195003
dfs_58b111252789d935,acs2023,1,unique,360610108031
dfs_58b111252789d935,sld2021,1,unique,360610108006
dfs_393268733df29bc6,acs2023,1,unique,360610082002
dfs_393268733df29bc6,sld2021,1,unique,360610082001
dfs_6ae8c231b59be4f1,acs2023,1,unique,360811507012
dfs_6ae8c231b59be4f1,sld2021,1,unique,360811507012
dfs_9760530abe029c6b,acs2023,1,unique,360470570004
dfs_9760530abe029c6b,sld2021,1,unique,360470570004
dfs_67cd734430bb6c32,acs2023,1,unique,360470549001
dfs_67cd734430bb6c32,sld2021,1,unique,360470549001
dfs_00910f80c8d58196,acs2023,1,unique,360810769012
dfs_00910f80c8d58196,sld2021,1,unique,360810769012
dfs_6b9cce30f83bb65c,acs2023,1,unique,360050394004
dfs_6b9cce30f83bb65c,sld2021,1,unique,360050394004
dfs_9e637b875ba9c4c8,acs2023,1,unique,360610163004
dfs_9e637b875ba9c4c8,sld2021,1,unique,360610159004
dfs_d80ad1ece31f6a06,acs2023,1,unique,360470232002
dfs_d80ad1ece31f6a06,sld2021,1,unique,360470232002
dfs_3ae07c7d4cc651e7,acs2023,1,unique,360470021001
dfs_3ae07c7d4cc651e7,sld2021,1,unique,360470021001
dfs_51989bb72b65fbb0,acs2023,1,unique,360850247002
dfs_51989bb72b65fbb0,sld2021,1,unique,360850247002
dfs_59d5e7cc24141950,acs2023,1,unique,360810779022
dfs_59d5e7cc24141950,sld2021,1,unique,360810779022
dfs_a6fdf50e3bed6643,acs2023,1,unique,360810007022
dfs_a6fdf50e3bed6643,sld2021,1,unique,360810007002
dfs_d08083aafd66b636,acs2023,1,unique,360610112032
dfs_d08083aafd66b636,sld2021,1,unique,360610112032
dfs_b01349e23d4498c4,acs2023,1,unique,360810339002
dfs_b01349e23d4498c4,sld2021,1,unique,360810339002
dfs_6f1bdb3d3780bb4c,acs2023,1,unique,360610158011
dfs_6f1bdb3d3780bb4c,sld2021,1,unique,360610156013
dfs_9254ddced0981256,acs2023,1,unique,360810916034
dfs_9254ddced0981256,sld2021,1,unique,360810916013
dfs_7235e7dc7cd2dba8,acs2023,1,unique,360850114021
dfs_7235e7dc7cd2dba8,sld2021,2,ambiguous,360850112012|360850114021
dfs_021746bc50cd6e0d,acs2023,1,unique,360850277063
dfs_021746bc50cd6e0d,sld2021,1,unique,360850277063
dfs_b7a6d2ded0d4eb37,acs2023,1,unique,360610042002
dfs_b7a6d2ded0d4eb37,sld2021,1,unique,360610042001
dfs_fe5366c0720ff214,acs2023,1,unique,360810621002
dfs_fe5366c0720ff214,sld2021,1,unique,360810621002
dfs_8989470f61b70380,acs2023,1,unique,360810309062
dfs_8989470f61b70380,sld2021,1,unique,360810309024
dfs_b9ae15fbf2156885,acs2023,1,unique,360610013003
dfs_b9ae15fbf2156885,sld2021,0,unmatched,
dfs_81fdbb81dfd07d6e,acs2023,1,unique,360850303012
dfs_81fdbb81dfd07d6e,sld2021,1,unique,360850303012
dfs_c332f608a853d5c4,acs2023,1,unique,360610036022
dfs_c332f608a853d5c4,sld2021,1,unique,360610036022
dfs_8c00a90f1aeefcd7,acs2023,1,unique,360050264003
dfs_8c00a90f1aeefcd7,sld2021,1,unique,360050194001
dfs_d1a82630472ac27f,acs2023,1,unique,360810892016
dfs_d1a82630472ac27f,sld2021,1,unique,360810892007
dfs_c86fc1e460b95bd1,acs2023,1,unique,360850105004
dfs_c86fc1e460b95bd1,sld2021,1,unique,360850121002
dfs_b46a5470f8426637,acs2023,1,unique,360610087006
dfs_b46a5470f8426637,sld2021,1,unique,360610054001
dfs_f9e4c7a8fe61bffa,acs2023,1,unique,360050065001
dfs_f9e4c7a8fe61bffa,sld2021,1,unique,360050065004
dfs_23ee2a54d16dfba7,acs2023,1,unique,360610167003
dfs_23ee2a54d16dfba7,sld2021,1,unique,360610167003
dfs_d0597e3c12f0135a,acs2023,1,unique,360850201002
dfs_d0597e3c12f0135a,sld2021,1,unique,360850201002
dfs_3771a8f6eb8c16b6,acs2023,1,unique,360470178001
dfs_3771a8f6eb8c16b6,sld2021,1,unique,360470178001
dfs_65fb5a92946f4fd1,acs2023,1,unique,360610061002
dfs_65fb5a92946f4fd1,sld2021,1,unique,360610061002
dfs_496b3e3fc825ec4c,acs2023,1,unique,360050288002
dfs_496b3e3fc825ec4c,sld2021,1,unique,360050250001
dfs_a35d1209a1095925,acs2023,1,unique,360470062002
dfs_a35d1209a1095925,sld2021,1,unique,360470062002
dfs_fe5750be96992a3c,acs2023,1,unique,360610045001
dfs_fe5750be96992a3c,sld2021,1,unique,360610045001
dfs_12f1558ce9c894e1,acs2023,1,unique,360610029021
dfs_12f1558ce9c894e1,sld2021,1,unique,360610029002
dfs_5a01804c0377f14e,acs2023,1,unique,360810521001
dfs_5a01804c0377f14e,sld2021,1,unique,360810521002
dfs_2b2f82c965106c6b,acs2023,1,unique,360850208043
dfs_2b2f82c965106c6b,sld2021,1,unique,360850208043
dfs_db7547dc0e08880c,acs2023,1,unique,360470058001
dfs_db7547dc0e08880c,sld2021,1,unique,360470058001
dfs_855768e6b9907911,acs2023,1,unique,360470600005
dfs_855768e6b9907911,sld2021,1,unique,360470600005
dfs_97856326cabffcbe,acs2023,1,unique,360810997033
dfs_97856326cabffcbe,sld2021,1,unique,360810997033
dfs_1a3efd2b982d9d8e,acs2023,1,unique,360050224011
dfs_1a3efd2b982d9d8e,sld2021,1,unique,360050224011
dfs_3cdd341223947b82,acs2023,1,unique,360610031002
dfs_3cdd341223947b82,sld2021,0,unmatched,
dfs_68b34cac845297c5,acs2023,1,unique,360810040021
dfs_68b34cac845297c5,sld2021,1,unique,360810040021
dfs_cc50a847b69bbc2a,acs2023,1,unique,360810166001
dfs_cc50a847b69bbc2a,sld2021,1,unique,360810166001
dfs_bfaf254b4dfda64b,acs2023,1,unique,360610174012
dfs_bfaf254b4dfda64b,sld2021,1,unique,360610174012
dfs_1ba5b7fe98c65855,acs2023,1,unique,360810115002
dfs_1ba5b7fe98c65855,sld2021,1,unique,360810115002
dfs_615f7908209bbef1,acs2023,1,unique,360610121022
dfs_615f7908209bbef1,sld2021,1,unique,360610121002
dfs_feaf8a5b5763c17e,acs2023,1,unique,360610056003
dfs_feaf8a5b5763c17e,sld2021,1,unique,360610056003
dfs_429791480706d3ae,acs2023,1,unique,360050072002
dfs_429791480706d3ae,sld2021,1,unique,360050072002
dfs_dcfde44ba5213b6f,acs2023,1,unique,360850187012
dfs_dcfde44ba5213b6f,sld2021,1,unique,360850187012
dfs_343dadf480b5ac81,acs2023,1,unique,360610015024
dfs_343dadf480b5ac81,sld2021,1,unique,360610015022
dfs_109f57a93206f65e,acs2023,1,unique,360470054002
dfs_109f57a93206f65e,sld2021,1,unique,360470054003
dfs_1feb0378de0737ce,acs2023,1,unique,360470043004
dfs_1feb0378de0737ce,sld2021,1,unique,360470043004
dfs_5bd6df91df241d3f,acs2023,1,unique,360610102001
dfs_5bd6df91df241d3f,sld2021,1,unique,360610102001
dfs_978007a12d677216,acs2023,1,unique,360610118008
dfs_978007a12d677216,sld2021,1,unique,360610118008
dfs_65f911e18a0f5326,acs2023,1,unique,360610061003
dfs_65f911e18a0f5326,sld2021,1,unique,360610061003
dfs_7099db5f966f0785,acs2023,1,unique,360050212001
dfs_7099db5f966f0785,sld2021,1,unique,360050212001
dfs_944dcca92e268316,acs2023,1,unique,360810236002
dfs_944dcca92e268316,sld2021,1,unique,360810236002
dfs_cc30cb13224a6789,acs2023,1,unique,360610016004
dfs_cc30cb13224a6789,sld2021,1,unique,360610016004
dfs_261431367e9779e5,acs2023,1,unique,360610007001
dfs_261431367e9779e5,sld2021,1,unique,360610007001
dfs_e79332b7516e918c,acs2023,1,unique,360610109001
dfs_e79332b7516e918c,sld2021,1,unique,360610109001
dfs_f4994643871491c0,acs2023,1,unique,360850226021
dfs_f4994643871491c0,sld2021,1,unique,360850226004
dfs_8b9ac85060cddebd,acs2023,1,unique,360470422003
dfs_8b9ac85060cddebd,sld2021,1,unique,360470422003
dfs_4096e20a62dcc730,acs2023,1,unique,360810577001
dfs_4096e20a62dcc730,sld2021,1,unique,360810577002
dfs_6fe6e6c486e6ab0b,acs2023,1,unique,360810179021
dfs_6fe6e6c486e6ab0b,sld2021,1,unique,360810179001
dfs_f4e21be342f000b0,acs2023,1,unique,360850003002
dfs_f4e21be342f000b0,sld2021,1,unique,360850003002
dfs_b14b14b5a2ea9a33,acs2023,1,unique,360810739004
dfs_b14b14b5a2ea9a33,sld2021,1,unique,360810739004
dfs_15498b0de2d90949,acs2023,1,unique,360610068002
dfs_15498b0de2d90949,sld2021,1,unique,360610068002
dfs_b914d960fbe1c23e,acs2023,1,unique,360470294001
dfs_b914d960fbe1c23e,sld2021,1,unique,360470294001
dfs_f156cf05bf939ede,acs2023,1,unique,360610102002
dfs_f156cf05bf939ede,sld2021,1,unique,360610102001
dfs_ae2708fdcbc4ec5a,acs2023,1,unique,360470162002
dfs_ae2708fdcbc4ec5a,sld2021,0,unmatched,
dfs_dec0193c919095a3,acs2023,1,unique,360470005013
dfs_dec0193c919095a3,sld2021,1,unique,360470005013
dfs_7353cfd8ba925806,acs2023,1,unique,360850064003
dfs_7353cfd8ba925806,sld2021,1,unique,360850064003
dfs_ca56fe706b1a0ca8,acs2023,1,unique,360810353002
dfs_ca56fe706b1a0ca8,sld2021,1,unique,360810353002
dfs_20f494b0fb274d5c,acs2023,1,unique,360850187012
dfs_20f494b0fb274d5c,sld2021,1,unique,360850187012
dfs_e1fc8334da2c4a6f,acs2023,1,unique,360470570004
dfs_e1fc8334da2c4a6f,sld2021,1,unique,360470570004
dfs_6a28d3223d94e309,acs2023,1,unique,360610135022
dfs_6a28d3223d94e309,sld2021,1,unique,360610135001
dfs_e54a038be84d31a9,acs2023,1,unique,360470248002
dfs_e54a038be84d31a9,sld2021,1,unique,360470248001
dfs_62906e4a802340fe,acs2023,1,unique,360470009001
dfs_62906e4a802340fe,sld2021,1,unique,360470009001
dfs_0fb6298a4fa6aed1,acs2023,1,unique,360470294001
dfs_0fb6298a4fa6aed1,sld2021,1,unique,360470294001
dfs_49cd43a6b5047356,acs2023,1,unique,360610090005
dfs_49cd43a6b5047356,sld2021,1,unique,360610090004
dfs_56bdfdca592cb396,acs2023,1,unique,360610146013
dfs_56bdfdca592cb396,sld2021,1,unique,360610146013
dfs_0aebae736da60d41,acs2023,1,unique,360470160003
dfs_0aebae736da60d41,sld2021,1,unique,360470160003
dfs_6e7ff0594aaa7159,acs2023,1,unique,360050065001
dfs_6e7ff0594aaa7159,sld2021,1,unique,360050065001
dfs_f826f38955f408db,acs2023,1,unique,360810981002
dfs_f826f38955f408db,sld2021,1,unique,360810981002
dfs_d4ac4d9c72e841e7,acs2023,1,unique,360610108023
dfs_d4ac4d9c72e841e7,sld2021,1,unique,360610108003
dfs_ff92a93ac18f57d1,acs2023,1,unique,360610039003
dfs_ff92a93ac18f57d1,sld2021,1,unique,360610039004
dfs_c33af7ea39bba40f,acs2023,1,unique,360810289003
dfs_c33af7ea39bba40f,sld2021,1,unique,360810289003
dfs_3b468b2a7b1bbdfb,acs2023,1,unique,360810480001
dfs_3b468b2a7b1bbdfb,sld2021,1,unique,360810480001
dfs_1ca34b9fbebdf563,acs2023,1,unique,360470530003
dfs_1ca34b9fbebdf563,sld2021,1,unique,360470530003
dfs_286f1b251b49c2cb,acs2023,1,unique,360610195001
dfs_286f1b251b49c2cb,sld2021,1,unique,360610195001
dfs_5d78dee98a3a1713,acs2023,1,unique,360470768002
dfs_5d78dee98a3a1713,sld2021,1,unique,360470768002
dfs_726f0ae426c65555,acs2023,1,unique,360050342002
dfs_726f0ae426c65555,sld2021,1,unique,360050342002
dfs_192f0c2a91d331a4,acs2023,1,unique,360610059004
dfs_192f0c2a91d331a4,sld2021,1,unique,360610059003
dfs_7717865521cf4006,acs2023,1,unique,360850156032
dfs_7717865521cf4006,sld2021,1,unique,360850156032
dfs_68ce708ed7ef6ef2,acs2023,1,unique,360610015013
dfs_68ce708ed7ef6ef2,sld2021,1,unique,360610015013
dfs_c08037849376c64f,acs2023,1,unique,360470043004
dfs_c08037849376c64f,sld2021,2,ambiguous,360470009002|360470043004
dfs_749fa7d22e7740c1,acs2023,1,unique,360610118004
dfs_749fa7d22e7740c1,sld2021,1,unique,360610118004
dfs_b69461eb69077786,acs2023,1,unique,360470794003
dfs_b69461eb69077786,sld2021,1,unique,360470794001
dfs_1812f347eaa3c731,acs2023,1,unique,360610150011
dfs_1812f347eaa3c731,sld2021,1,unique,360610150011
dfs_79721f55efe653ec,acs2023,1,unique,360610103002
dfs_79721f55efe653ec,sld2021,1,unique,360610101001
dfs_de89ef90ba2403e6,acs2023,1,unique,360610191006
dfs_de89ef90ba2403e6,sld2021,1,unique,360610191006
dfs_99ea16db4ec9ed64,acs2023,1,unique,360610045001
dfs_99ea16db4ec9ed64,sld2021,1,unique,360610045001
dfs_679cfab706e12cae,acs2023,1,unique,360470134002
dfs_679cfab706e12cae,sld2021,1,unique,360470134002
dfs_a510f5123fa866d8,acs2023,1,unique,360810871002
dfs_a510f5123fa866d8,sld2021,1,unique,360810871002
dfs_3be466ce92b742fc,acs2023,1,unique,360470323003
dfs_3be466ce92b742fc,sld2021,1,unique,360470323003
dfs_4f4f9e65d6533d7c,acs2023,1,unique,360810657032
dfs_4f4f9e65d6533d7c,sld2021,1,unique,360810657032
dfs_b593ef73bf317978,acs2023,1,unique,360610257001
dfs_b593ef73bf317978,sld2021,1,unique,360610257001
dfs_b9fc9186c66130b1,acs2023,1,unique,360610031001
dfs_b9fc9186c66130b1,sld2021,1,unique,360610031001
dfs_693931df6aa41535,acs2023,1,unique,360470133004
dfs_693931df6aa41535,sld2021,1,unique,360470133004
dfs_a50c29ac7fedd5d1,acs2023,1,unique,360850070011
dfs_a50c29ac7fedd5d1,sld2021,1,unique,360850070002
dfs_d92ad0ed98d3d363,acs2023,1,unique,360470696011
dfs_d92ad0ed98d3d363,sld2021,1,unique,360470696011
dfs_e6dbffc1a1e91e4c,acs2023,1,unique,360850128063
dfs_e6dbffc1a1e91e4c,sld2021,1,unique,360850128063
dfs_d7ae859430d84fd6,acs2023,1,unique,360610112021
dfs_d7ae859430d84fd6,sld2021,1,unique,360610112021
dfs_67d95026038f8356,acs2023,1,unique,360811047004
dfs_67d95026038f8356,sld2021,1,unique,360811047004
dfs_07ab1a453ad10ce0,acs2023,1,unique,360610131001
dfs_07ab1a453ad10ce0,sld2021,1,unique,360610131001
dfs_53ef094ad83da669,acs2023,1,unique,360470966001
dfs_53ef094ad83da669,sld2021,1,unique,360470966001
dfs_1471b190d8c3a984,acs2023,1,unique,360610096002
dfs_1471b190d8c3a984,sld2021,1,unique,360610096001
dfs_8b17009387db97f9,acs2023,1,unique,360470252004
dfs_8b17009387db97f9,sld2021,1,unique,360470252001
dfs_38e48bb2f2aa3ad9,acs2023,1,unique,360470290003
dfs_38e48bb2f2aa3ad9,sld2021,1,unique,360470290003
dfs_695b8a85cec83b15,acs2023,1,unique,360810096002
dfs_695b8a85cec83b15,sld2021,1,unique,360810096002
dfs_ef2282b367b159a8,acs2023,1,unique,360470554002
dfs_ef2282b367b159a8,sld2021,1,unique,360470554002
dfs_dbcfa868a9731c1a,acs2023,1,unique,360810059001
dfs_dbcfa868a9731c1a,sld2021,1,unique,360810059001
dfs_222f3c37318fe37c,acs2023,1,unique,360610084002
dfs_222f3c37318fe37c,sld2021,1,unique,360610084002
dfs_1d546262b6e0385f,acs2023,1,unique,360470084002
dfs_1d546262b6e0385f,sld2021,1,unique,360470084002
dfs_00a8e7a60d12f0dc,acs2023,1,unique,360810775002
dfs_00a8e7a60d12f0dc,sld2021,1,unique,360810134003
dfs_4ab560e73e25f82c,acs2023,1,unique,360470011001
dfs_4ab560e73e25f82c,sld2021,1,unique,360470011001
dfs_f6bd49e694e03d8c,acs2023,1,unique,360850198004
dfs_f6bd49e694e03d8c,sld2021,1,unique,360850198004
dfs_a210d91cc3223dd4,acs2023,1,unique,360850146044
dfs_a210d91cc3223dd4,sld2021,1,unique,360850146044
dfs_a33c3aeecfc143b8,acs2023,1,unique,360610303002
dfs_a33c3aeecfc143b8,sld2021,1,unique,360610293004
dfs_55532cab6bb3fe90,acs2023,1,unique,360810747002
dfs_55532cab6bb3fe90,sld2021,1,unique,360810747002
dfs_ff0d30c8ca9a5cd5,acs2023,1,unique,360610033003
dfs_ff0d30c8ca9a5cd5,sld2021,1,unique,360610033001
dfs_0ffbb8288669c595,acs2023,1,unique,360850248003
dfs_0ffbb8288669c595,sld2021,1,unique,360850248003
dfs_beb86af1075ace47,acs2023,1,unique,360811039003
dfs_beb86af1075ace47,sld2021,1,unique,360811039003
dfs_0e138186757ef13a,acs2023,1,unique,360810737001
dfs_0e138186757ef13a,sld2021,1,unique,360810737001
dfs_277709abff50a451,acs2023,1,unique,360470249004
dfs_277709abff50a451,sld2021,1,unique,360470249004
dfs_23145da140d38664,acs2023,1,unique,360470398001
dfs_23145da140d38664,sld2021,1,unique,360470398001
dfs_8b1a80deb25c2f74,acs2023,1,unique,360610077001
dfs_8b1a80deb25c2f74,sld2021,1,unique,360610077002
dfs_a7fb9524948e704e,acs2023,1,unique,360470053023
dfs_a7fb9524948e704e,sld2021,1,unique,360470053004
dfs_f381f815eaec047a,acs2023,1,unique,360610110002
dfs_f381f815eaec047a,sld2021,1,unique,360610110002
dfs_923e9ad8e9b4c9d5,acs2023,1,unique,360850003001
dfs_923e9ad8e9b4c9d5,sld2021,1,unique,360850003001
dfs_2e7b403d8b28c41f,acs2023,1,unique,360810693001
dfs_2e7b403d8b28c41f,sld2021,1,unique,360810693001
dfs_2430d57dfc070029,acs2023,1,unique,360610168003
dfs_2430d57dfc070029,sld2021,1,unique,360610168003
dfs_c3d1c6130f61514e,acs2023,1,unique,360610148012
dfs_c3d1c6130f61514e,sld2021,1,unique,360610148012
dfs_92268ec0db546f1e,acs2023,1,unique,360810892016
dfs_92268ec0db546f1e,sld2021,1,unique,360810892007
dfs_1bcad76437990086,acs2023,1,unique,360810019011
dfs_1bcad76437990086,sld2021,1,unique,360810019001
dfs_edbd7d3697437696,acs2023,1,unique,360470504011
dfs_edbd7d3697437696,sld2021,1,unique,360470504001
dfs_6de2479e69da04ed,acs2023,1,unique,360610055022
dfs_6de2479e69da04ed,sld2021,1,unique,360610055022
dfs_e26f4ff49bb26185,acs2023,1,unique,360810743001
dfs_e26f4ff49bb26185,sld2021,1,unique,360810743001
dfs_3ff9902607a8ea04,acs2023,1,unique,360470674001
dfs_3ff9902607a8ea04,sld2021,1,unique,360470674001
dfs_ffc7cb9f0b188970,acs2023,1,unique,360810593001
dfs_ffc7cb9f0b188970,sld2021,1,unique,360810593001
dfs_c2af28f08dd70b73,acs2023,1,unique,360850021003
dfs_c2af28f08dd70b73,sld2021,1,unique,360850021003
dfs_a61cae48ae9e58b3,acs2023,1,unique,360610128002
dfs_a61cae48ae9e58b3,sld2021,1,unique,360610128002
dfs_9d9dcb84c0e7a438,acs2023,1,unique,360811157002
dfs_9d9dcb84c0e7a438,sld2021,1,unique,360811157002
dfs_ff85c44e210ee411,acs2023,1,unique,360610042001
dfs_ff85c44e210ee411,sld2021,1,unique,360610040003
dfs_0fd0d5add40994d8,acs2023,1,unique,360810069003
dfs_0fd0d5add40994d8,sld2021,1,unique,360810069003
dfs_8464d77fb30ea29e,acs2023,1,unique,360470532001
dfs_8464d77fb30ea29e,sld2021,1,unique,360470532002
dfs_8bff338abfa61ba7,acs2023,1,unique,360610033001
dfs_8bff338abfa61ba7,sld2021,1,unique,360610033002
dfs_a7618cc0cabccc57,acs2023,1,unique,360850132043
dfs_a7618cc0cabccc57,sld2021,2,ambiguous,360850132043|360850146063
dfs_0a6fb5038078ca04,acs2023,1,unique,360610072001
dfs_0a6fb5038078ca04,sld2021,1,unique,360610072001
dfs_115b7997aa18c8af,acs2023,1,unique,360470009001
dfs_115b7997aa18c8af,sld2021,1,unique,360470009001
dfs_b83bb7ab69289bb1,acs2023,1,unique,360810497002
dfs_b83bb7ab69289bb1,sld2021,0,unmatched,
dfs_7f9812bcae9091ae,acs2023,1,unique,360050389002
dfs_7f9812bcae9091ae,sld2021,1,unique,360050389002
dfs_e89072881da47a71,acs2023,1,unique,360850176001
dfs_e89072881da47a71,sld2021,1,unique,360850176001
dfs_f7b98c112a47b06d,acs2023,1,unique,360610137004
dfs_f7b98c112a47b06d,sld2021,1,unique,360610137004
dfs_d4b7d52b6eccaec9,acs2023,1,unique,360810478011
dfs_d4b7d52b6eccaec9,sld2021,1,unique,360810478001
dfs_704fcf4f09f87db7,acs2023,1,unique,360610222002
dfs_704fcf4f09f87db7,sld2021,1,unique,360610222002
dfs_fe86ac2d5a2738c4,acs2023,1,unique,360810557003
dfs_fe86ac2d5a2738c4,sld2021,1,unique,360810557003
dfs_de049f84f27ac695,acs2023,1,unique,360850291044
dfs_de049f84f27ac695,sld2021,1,unique,360850291044
dfs_d9b0457bfebc3f97,acs2023,1,unique,360610081002
dfs_d9b0457bfebc3f97,sld2021,1,unique,360610081002
dfs_198f3d55d1eb3167,acs2023,1,unique,360810120002
dfs_198f3d55d1eb3167,sld2021,1,unique,360810106001
dfs_2df5d4490ab7e9df,acs2023,1,unique,360850273014
dfs_2df5d4490ab7e9df,sld2021,1,unique,360850273012
dfs_21d45e40a57ae567,acs2023,1,unique,360610084002
dfs_21d45e40a57ae567,sld2021,1,unique,360610084002
dfs_123beee94c759e19,acs2023,1,unique,360610134005
dfs_123beee94c759e19,sld2021,1,unique,360610134005
dfs_528829b43ca74740,acs2023,1,unique,360610146011
dfs_528829b43ca74740,sld2021,1,unique,360610146011
dfs_a26ff1d041e0f5d3,acs2023,1,unique,360811181001
dfs_a26ff1d041e0f5d3,sld2021,1,unique,360811451011
dfs_411a5c6d6cddbff8,acs2023,1,unique,360610137006
dfs_411a5c6d6cddbff8,sld2021,1,unique,360610137003
dfs_2911f19b6d1e21dc,acs2023,1,unique,360850114012
dfs_2911f19b6d1e21dc,sld2021,1,unique,360850114012
dfs_d5469eb737cd73a8,acs2023,1,unique,360810997051
dfs_d5469eb737cd73a8,sld2021,1,unique,360810997051
dfs_110d7e1223154c5e,acs2023,1,unique,360610052001
dfs_110d7e1223154c5e,sld2021,1,unique,360610052001
dfs_8733828898e85b93,acs2023,1,unique,360470476003
dfs_8733828898e85b93,sld2021,1,unique,360470476003
dfs_b42de37cc9e05243,acs2023,1,unique,360470561003
dfs_b42de37cc9e05243,sld2021,1,unique,360470561003
dfs_d19893153db0ca16,acs2023,1,unique,360610171001
dfs_d19893153db0ca16,sld2021,1,unique,360610171001
dfs_75b69075a435aaec,acs2023,1,unique,360610096001
dfs_75b69075a435aaec,sld2021,1,unique,360610096001
dfs_8a9178ad87f54a3f,acs2023,1,unique,360810871002
dfs_8a9178ad87f54a3f,sld2021,1,unique,360810871002
dfs_a4d5d50d1e180aae,acs2023,1,unique,360610098002
dfs_a4d5d50d1e180aae,sld2021,1,unique,360610098002
dfs_1c74315d216fcfb6,acs2023,1,unique,360610092002
dfs_1c74315d216fcfb6,sld2021,1,unique,360610092001
dfs_c26efaf46c3a4697,acs2023,1,unique,360050295001
dfs_c26efaf46c3a4697,sld2021,1,unique,360050295001
dfs_3ce56a2bd3a2d0a4,acs2023,1,unique,360610095001
dfs_3ce56a2bd3a2d0a4,sld2021,1,unique,360610058001
dfs_a06b649fea2ecc08,acs2023,1,unique,360811471001
dfs_a06b649fea2ecc08,sld2021,1,unique,360811471001
dfs_af0a17cfbbb1e1d7,acs2023,1,unique,360610074001
dfs_af0a17cfbbb1e1d7,sld2021,1,unique,360610074002
dfs_0baccfae53d506a5,acs2023,1,unique,360610134001
dfs_0baccfae53d506a5,sld2021,1,unique,360610134001
dfs_394e16fad466c195,acs2023,1,unique,360610083003
dfs_394e16fad466c195,sld2021,1,unique,360610083001
dfs_befc7db42cbba3e5,acs2023,1,unique,360610042003
dfs_befc7db42cbba3e5,sld2021,1,unique,360610042001
dfs_01ef0e708e5da6f2,acs2023,1,unique,360610063002
dfs_01ef0e708e5da6f2,sld2021,1,unique,360610063002
dfs_a1db363f6022948e,acs2023,1,unique,360610102001
dfs_a1db363f6022948e,sld2021,1,unique,360610102001
dfs_49a8951b68def988,acs2023,1,unique,360610076001
dfs_49a8951b68def988,sld2021,1,unique,360610074001
dfs_af7c22fdc71596e1,acs2023,1,unique,360610113001
dfs_af7c22fdc71596e1,sld2021,1,unique,360610113001
dfs_302900efcb2b2c18,acs2023,1,unique,360810253012
dfs_302900efcb2b2c18,sld2021,1,unique,360810253022
dfs_c2dd892d8207730f,acs2023,1,unique,360610081002
dfs_c2dd892d8207730f,sld2021,1,unique,360610081001
dfs_1a309fbe9a5fdd02,acs2023,1,unique,360610088001
dfs_1a309fbe9a5fdd02,sld2021,1,unique,360610088001
dfs_9327b0d52838d8e7,acs2023,1,unique,360610057001
dfs_9327b0d52838d8e7,sld2021,1,unique,360610057001
dfs_cf25f2a449362395,acs2023,1,unique,360610112032
dfs_cf25f2a449362395,sld2021,1,unique,360610112031
dfs_bef226352d3cf75e,acs2023,1,unique,360610218001
dfs_bef226352d3cf75e,sld2021,1,unique,360610218001
dfs_3c40f1aa9d241ed9,acs2023,1,unique,360610102002
dfs_3c40f1aa9d241ed9,sld2021,1,unique,360610102001
dfs_c3d82528191137c1,acs2023,1,unique,360610137005
dfs_c3d82528191137c1,sld2021,1,unique,360610137005
dfs_4b82487f7c705fee,acs2023,1,unique,360610009001
dfs_4b82487f7c705fee,sld2021,1,unique,360610009001
dfs_b12bcee59d956caf,acs2023,1,unique,360610086034
dfs_b12bcee59d956caf,sld2021,1,unique,360610086034
dfs_48374abb9dcd4f9a,acs2023,1,unique,360810061003
dfs_48374abb9dcd4f9a,sld2021,1,unique,360810059001
dfs_c586d8cb24f153ad,acs2023,1,unique,360811139003
dfs_c586d8cb24f153ad,sld2021,1,unique,360811139003
dfs_9578086b8a386644,acs2023,1,unique,360810884002
dfs_9578086b8a386644,sld2021,1,unique,360810884002
dfs_daa2ef403cadbd78,acs2023,1,unique,360050397001
dfs_daa2ef403cadbd78,sld2021,1,unique,360050387001
dfs_cdb70df74dbf3fe4,acs2023,1,unique,360610033004
dfs_cdb70df74dbf3fe4,sld2021,1,unique,360610033001
dfs_687dc63396c36978,acs2023,1,unique,360050284001
dfs_687dc63396c36978,sld2021,1,unique,360050284001
dfs_4b3e56d6ffc68e83,acs2023,1,unique,360810884002
dfs_4b3e56d6ffc68e83,sld2021,1,unique,360810884002
dfs_eec617b030204211,acs2023,1,unique,360810713052
dfs_eec617b030204211,sld2021,1,unique,360810713053
dfs_8eba9ad74c3ad2ef,acs2023,1,unique,360610041002
dfs_8eba9ad74c3ad2ef,sld2021,1,unique,360610041002
dfs_e0ba8638f39f3277,acs2023,1,unique,360810593001
dfs_e0ba8638f39f3277,sld2021,1,unique,360810593001
dfs_da44c16c38071b80,acs2023,1,unique,360610131001
dfs_da44c16c38071b80,sld2021,1,unique,360610131001
dfs_f8dfbeb8b9f1cf29,acs2023,1,unique,360810107011
dfs_f8dfbeb8b9f1cf29,sld2021,1,unique,360810107011
dfs_c91928fddf686d04,acs2023,1,unique,360610013002
dfs_c91928fddf686d04,sld2021,1,unique,360610013002
dfs_780faa0e900efd0f,acs2023,1,unique,360610052002
dfs_780faa0e900efd0f,sld2021,1,unique,360610052002
dfs_994e40479d0c4f0f,acs2023,1,unique,360610013002
dfs_994e40479d0c4f0f,sld2021,1,unique,360610013002
dfs_b488acc7add61614,acs2023,1,unique,360810535021
dfs_b488acc7add61614,sld2021,1,unique,360810535001
dfs_b587daa490159ec6,acs2023,1,unique,360610145004
dfs_b587daa490159ec6,sld2021,1,unique,360610137004
dfs_54af7258b67763e7,acs2023,1,unique,360610145004
dfs_54af7258b67763e7,sld2021,0,unmatched,
dfs_14e1b1eab0384fd5,acs2023,1,unique,360810779043
dfs_14e1b1eab0384fd5,sld2021,1,unique,360810779043
dfs_cc4f6b0388548e95,acs2023,1,unique,360610221022
dfs_cc4f6b0388548e95,sld2021,1,unique,360610221022
dfs_fc8128e0edf09fc2,acs2023,1,unique,360811617004
dfs_fc8128e0edf09fc2,sld2021,1,unique,360811617004
dfs_744419513c8adee5,acs2023,1,unique,360610094002
dfs_744419513c8adee5,sld2021,1,unique,360610094001
dfs_1f0adca02c75a757,acs2023,1,unique,360470137003
dfs_1f0adca02c75a757,sld2021,1,unique,360470137003
dfs_e23c85436ab99131,acs2023,1,unique,360610073004
dfs_e23c85436ab99131,sld2021,1,unique,360610073004
dfs_496b8e8159ff9b31,acs2023,1,unique,360610146012
dfs_496b8e8159ff9b31,sld2021,1,unique,360610144012
dfs_ef246f8646ab7926,acs2023,1,unique,360850291044
dfs_ef246f8646ab7926,sld2021,1,unique,360850291044
dfs_16d62a025094404c,acs2023,1,unique,360610222002
dfs_16d62a025094404c,sld2021,1,unique,360610222002
dfs_c53fe394bc0589ab,acs2023,1,unique,360810657032
dfs_c53fe394bc0589ab,sld2021,1,unique,360810657032
dfs_21bd75fcc5008952,acs2023,1,unique,360470504011
dfs_21bd75fcc5008952,sld2021,1,unique,360470504001
dfs_35cf6c7b9902360a,acs2023,1,unique,360810593001
dfs_35cf6c7b9902360a,sld2021,1,unique,360810593001
dfs_60aaf712c80b13d7,acs2023,1,unique,360470043004
dfs_60aaf712c80b13d7,sld2021,0,unmatched,
dfs_5013e4789ef30039,acs2023,1,unique,360050288002
dfs_5013e4789ef30039,sld2021,1,unique,360050288002
dfs_bcb5d53c6384dd3b,acs2023,1,unique,360470606001
dfs_bcb5d53c6384dd3b,sld2021,1,unique,360470606001
dfs_cad4c40e18a87a9a,acs2023,1,unique,360610042002
dfs_cad4c40e18a87a9a,sld2021,1,unique,360610042001
dfs_73ef9bcb88401e09,acs2023,1,unique,360811471002
dfs_73ef9bcb88401e09,sld2021,1,unique,360811471002
dfs_bc1c0e9c2a7c6fe5,acs2023,1,unique,360050223003
dfs_bc1c0e9c2a7c6fe5,sld2021,1,unique,360050221021
dfs_6d15d146116cc19c,acs2023,1,unique,360610095001
dfs_6d15d146116cc19c,sld2021,1,unique,360610095001
dfs_f906e8b5a44736e3,acs2023,1,unique,360810713063
dfs_f906e8b5a44736e3,sld2021,1,unique,360810713063
dfs_bd32349c4f0cf337,acs2023,1,unique,360610029022
dfs_bd32349c4f0cf337,sld2021,1,unique,360610029003
dfs_032144fd4cbd5b99,acs2023,1,unique,360610291004
dfs_032144fd4cbd5b99,sld2021,1,unique,360610291004
dfs_1181512c10fe107d,acs2023,1,unique,360810458001
dfs_1181512c10fe107d,sld2021,1,unique,360810458001
dfs_a7859007bd4311ed,acs2023,1,unique,360470534003
dfs_a7859007bd4311ed,sld2021,1,unique,360470534003
dfs_02b883aaaffb5ed0,acs2023,1,unique,360470580002
dfs_02b883aaaffb5ed0,sld2021,1,unique,360470580002
dfs_2676a77d5fbd064e,acs2023,1,unique,360610008001
dfs_2676a77d5fbd064e,sld2021,1,unique,360610008001
dfs_be61cd582eb81844,acs2023,1,unique,360811467001
dfs_be61cd582eb81844,sld2021,1,unique,360811467001
dfs_cc412a6322080272,acs2023,1,unique,360470553002
dfs_cc412a6322080272,sld2021,1,unique,360470553002
dfs_974808c9a341bec7,acs2023,1,unique,360470108022
dfs_974808c9a341bec7,sld2021,1,unique,360470108001
dfs_d309bf3597fd6b4e,acs2023,1,unique,360610061003
dfs_d309bf3597fd6b4e,sld2021,1,unique,360610061003
dfs_de3380b0416edce8,acs2023,1,unique,360470525001
dfs_de3380b0416edce8,sld2021,1,unique,360470525001
dfs_e0be57b761c2ae35,acs2023,1,unique,360610109001
dfs_e0be57b761c2ae35,sld2021,1,unique,360610109001
dfs_d35d481f02f2d45f,acs2023,1,unique,360470075005
dfs_d35d481f02f2d45f,sld2021,1,unique,360470075005
dfs_dca6e8f73cc9876e,acs2023,1,unique,360050224032
dfs_dca6e8f73cc9876e,sld2021,1,unique,360050224032
dfs_8b426e1ef6f36c5d,acs2023,1,unique,360810149002
dfs_8b426e1ef6f36c5d,sld2021,1,unique,360810149002
dfs_a9d36e3d1de16a41,acs2023,1,unique,360610109001
dfs_a9d36e3d1de16a41,sld2021,1,unique,360610109001
dfs_e9d99d493df817a9,acs2023,1,unique,360610091002
dfs_e9d99d493df817a9,sld2021,1,unique,360610091003
dfs_7b1335b80bfb9f5e,acs2023,1,unique,360850251001
dfs_7b1335b80bfb9f5e,sld2021,1,unique,360850251001
dfs_7a0b3bd2ed88c574,acs2023,1,unique,360811347011
dfs_7a0b3bd2ed88c574,sld2021,1,unique,360811347001
dfs_fea9d2a2e7f882bb,acs2023,1,unique,360610013003
dfs_fea9d2a2e7f882bb,sld2021,1,unique,360610013002
dfs_613eb73b663f6327,acs2023,1,unique,360610293003
dfs_613eb73b663f6327,sld2021,1,unique,360610293003
dfs_78502a64c5fce5e2,acs2023,1,unique,360610092002
dfs_78502a64c5fce5e2,sld2021,1,unique,360610092001
dfs_1aaa554e5b7e6189,acs2023,1,unique,360610196003
dfs_1aaa554e5b7e6189,sld2021,1,unique,360610196003
dfs_6f089fb1540d0cd3,acs2023,1,unique,360610271002
dfs_6f089fb1540d0cd3,sld2021,1,unique,360610271002
dfs_c5a4e8e0d41bf55e,acs2023,1,unique,360810865003
dfs_c5a4e8e0d41bf55e,sld2021,1,unique,360810865001
dfs_81beac877ea9c6de,acs2023,1,unique,360470260002
dfs_81beac877ea9c6de,sld2021,1,unique,360470260002
dfs_85d4ee3e5945d3f1,acs2023,1,unique,360470296002
dfs_85d4ee3e5945d3f1,sld2021,1,unique,360470296002
dfs_b1cb50bd977290e9,acs2023,1,unique,360470138001
dfs_b1cb50bd977290e9,sld2021,1,unique,360470138001
dfs_8fce031355724715,acs2023,1,unique,360810062024
dfs_8fce031355724715,sld2021,1,unique,360810062024
dfs_787b57b9baf958d7,acs2023,1,unique,360850147003
dfs_787b57b9baf958d7,sld2021,1,unique,360850169011
dfs_30b17703be84ae8c,acs2023,1,unique,360470561003
dfs_30b17703be84ae8c,sld2021,1,unique,360470561003
dfs_0eea5e02f218d9ee,acs2023,1,unique,360810061003
dfs_0eea5e02f218d9ee,sld2021,1,unique,360810059001
dfs_8567a0ddfc9defaf,acs2023,1,unique,360470554003
dfs_8567a0ddfc9defaf,sld2021,1,unique,360470554003
dfs_bd013114a48bc390,acs2023,1,unique,360470578002
dfs_bd013114a48bc390,sld2021,1,unique,360470578002
dfs_3c8c238807eb3e79,acs2023,1,unique,360470525001
dfs_3c8c238807eb3e79,sld2021,1,unique,360470525001
dfs_fed231e8b3e70a4b,acs2023,1,unique,360810283001
dfs_fed231e8b3e70a4b,sld2021,1,unique,360810283001
dfs_df659158e75d43ec,acs2023,1,unique,360610092002
dfs_df659158e75d43ec,sld2021,1,unique,360610092001
dfs_8827269e742acf97,acs2023,1,unique,360810010001
dfs_8827269e742acf97,sld2021,1,unique,360810010001
dfs_0bd52dbca9555bf0,acs2023,1,unique,360610074002
dfs_0bd52dbca9555bf0,sld2021,1,unique,360610074003
dfs_5656f48718313dd6,acs2023,1,unique,360470232003
dfs_5656f48718313dd6,sld2021,1,unique,360470232003
dfs_2973f1442df625ad,acs2023,1,unique,360470077004
dfs_2973f1442df625ad,sld2021,1,unique,360470077004
dfs_7679fd47d1f6e145,acs2023,1,unique,360850291051
dfs_7679fd47d1f6e145,sld2021,1,unique,360850291031
dfs_1558c6ab4ac65d34,acs2023,1,unique,360811181001
dfs_1558c6ab4ac65d34,sld2021,1,unique,360811451011
dfs_a7684e513fcad706,acs2023,1,unique,360850187011
dfs_a7684e513fcad706,sld2021,1,unique,360850187011
dfs_0d33e965fa6fcc6e,acs2023,1,unique,360610102001
dfs_0d33e965fa6fcc6e,sld2021,1,unique,360610102001
dfs_385c6903f9b7baff,acs2023,1,unique,360810022002
dfs_385c6903f9b7baff,sld2021,1,unique,360810022002
dfs_4d06ccbe1f5b3b6c,acs2023,1,unique,360470301003
dfs_4d06ccbe1f5b3b6c,sld2021,1,unique,360470301003
dfs_8b27a27d41b40e35,acs2023,1,unique,360810551001
dfs_8b27a27d41b40e35,sld2021,1,unique,360810557003
dfs_8cd548f88bf221e9,acs2023,1,unique,360050016003
dfs_8cd548f88bf221e9,sld2021,1,unique,360050016003
dfs_0a894f689db4731d,acs2023,1,unique,360470525001
dfs_0a894f689db4731d,sld2021,1,unique,360470525001
dfs_365bd0319c833ac7,acs2023,1,unique,360470234001
dfs_365bd0319c833ac7,sld2021,1,unique,360470234001
dfs_a34efb8130f6bbe3,acs2023,1,unique,360470362002
dfs_a34efb8130f6bbe3,sld2021,1,unique,360470362002
dfs_14ceba2e31f737d2,acs2023,1,unique,360850208061
dfs_14ceba2e31f737d2,sld2021,1,unique,360850208014
dfs_2ee8b98c2bf35f85,acs2023,1,unique,360470534003
dfs_2ee8b98c2bf35f85,sld2021,1,unique,360470534003
dfs_df20bfec9bff564d,acs2023,1,unique,360610103001
dfs_df20bfec9bff564d,sld2021,1,unique,360610103001
dfs_e65e50cf7bf0cd4b,acs2023,1,unique,360470742002
dfs_e65e50cf7bf0cd4b,sld2021,1,unique,360470742002
dfs_1644c7a721836a57,acs2023,1,unique,360470031011
dfs_1644c7a721836a57,sld2021,1,unique,360470031001
dfs_b372617f65272b2c,acs2023,1,unique,360610054003
dfs_b372617f65272b2c,sld2021,1,unique,360610052002
dfs_6cf6cb26d068a67e,acs2023,1,unique,360810871002
dfs_6cf6cb26d068a67e,sld2021,1,unique,360810871002
dfs_bae7b0f979a062b2,acs2023,1,unique,360610016001
dfs_bae7b0f979a062b2,sld2021,1,unique,360610016001
dfs_7efab100396aca18,acs2023,1,unique,360810253013
dfs_7efab100396aca18,sld2021,1,unique,360810253013
dfs_a991de4ccb0e350a,acs2023,1,unique,360610080006
dfs_a991de4ccb0e350a,sld2021,1,unique,360610080002
dfs_a3433c13ff4da00e,acs2023,1,unique,360811467001
dfs_a3433c13ff4da00e,sld2021,1,unique,360811467001
dfs_43b6b12548937c9d,acs2023,1,unique,360810114001
dfs_43b6b12548937c9d,sld2021,1,unique,360810114001
dfs_5a9cd832ca5a6a31,acs2023,1,unique,360811163011
dfs_5a9cd832ca5a6a31,sld2021,1,unique,360811163001
dfs_62741226c82c6197,acs2023,1,unique,360610095001
dfs_62741226c82c6197,sld2021,1,unique,360610095001
dfs_98b5a7c93a0a3211,acs2023,1,unique,360610029022
dfs_98b5a7c93a0a3211,sld2021,1,unique,360610029003
dfs_02e99c2991c5b46b,acs2023,1,unique,360470249004
dfs_02e99c2991c5b46b,sld2021,1,unique,360470247001
dfs_8f2d346af3cce176,acs2023,1,unique,360810871002
dfs_8f2d346af3cce176,sld2021,1,unique,360810871002
dfs_53cd4603cbe2de19,acs2023,1,unique,360470009001
dfs_53cd4603cbe2de19,sld2021,1,unique,360470009001
dfs_c7dec4f327b134e2,acs2023,1,unique,360850064003
dfs_c7dec4f327b134e2,sld2021,1,unique,360850064003
dfs_9163676e67993010,acs2023,1,unique,360610041003
dfs_9163676e67993010,sld2021,1,unique,360610029003
dfs_5f8de45372c09237,acs2023,1,unique,360470018011
dfs_5f8de45372c09237,sld2021,1,unique,360470018001
dfs_92845718720bebdd,acs2023,1,unique,360810240001
dfs_92845718720bebdd,sld2021,1,unique,360810240001
dfs_8b5d1e3775c4c06d,acs2023,1,unique,360811171003
dfs_8b5d1e3775c4c06d,sld2021,1,unique,360811171003
dfs_0f02f43245931eeb,acs2023,1,unique,360810473002
dfs_0f02f43245931eeb,sld2021,1,unique,360810473002
dfs_4592b51f9c099af3,acs2023,1,unique,360470276001
dfs_4592b51f9c099af3,sld2021,1,unique,360470276001
dfs_7a54b71779647472,acs2023,1,unique,360610029022
dfs_7a54b71779647472,sld2021,1,unique,360610029003
dfs_05cd3bd5dd8b5e28,acs2023,1,unique,360610137002
dfs_05cd3bd5dd8b5e28,sld2021,1,unique,360610137005
dfs_45fbe1652b21e7f1,acs2023,1,unique,360050237021
dfs_45fbe1652b21e7f1,sld2021,1,unique,360050237021
dfs_c4e8a290cee30bce,acs2023,1,unique,360810769021
dfs_c4e8a290cee30bce,sld2021,1,unique,360810769021
dfs_6fcd1efaf4f5be4f,acs2023,1,unique,360810122002
dfs_6fcd1efaf4f5be4f,sld2021,2,ambiguous,360810122002|360810132002
dfs_4d8c637de1d95974,acs2023,1,unique,360050389003
dfs_4d8c637de1d95974,sld2021,1,unique,360050389003
dfs_b029d60db69139b6,acs2023,1,unique,360050387001
dfs_b029d60db69139b6,sld2021,1,unique,360050387001
dfs_3973f684b8231845,acs2023,1,unique,360610056001
dfs_3973f684b8231845,sld2021,1,unique,360610056001
dfs_294a6c6400c3ca5d,acs2023,1,unique,360610077004
dfs_294a6c6400c3ca5d,sld2021,1,unique,360610077004
dfs_b060ef7e8cbcef89,acs2023,1,unique,360610100001
dfs_b060ef7e8cbcef89,sld2021,1,unique,360610100001
dfs_bb4d5d17f7c618c8,acs2023,1,unique,360610137004
dfs_bb4d5d17f7c618c8,sld2021,1,unique,360610137004
dfs_d9309609d7241ef7,acs2023,1,unique,360470160004
dfs_d9309609d7241ef7,sld2021,1,unique,360470160004
dfs_bca27e088b2bf124,acs2023,1,unique,360050223003
dfs_bca27e088b2bf124,sld2021,1,unique,360050221021
dfs_fd67bab855b0b7fa,acs2023,1,unique,360610200002
dfs_fd67bab855b0b7fa,sld2021,1,unique,360610200002
dfs_ed3a725dda89dd1a,acs2023,1,unique,360610098002
dfs_ed3a725dda89dd1a,sld2021,1,unique,360610098002
dfs_5e849045db92deb0,acs2023,1,unique,360850208061
dfs_5e849045db92deb0,sld2021,1,unique,360850208014
dfs_d7c46b2af996f612,acs2023,1,unique,360850128041
dfs_d7c46b2af996f612,sld2021,1,unique,360850128041
dfs_0a807ebe0c6d351d,acs2023,1,unique,360610169003
dfs_0a807ebe0c6d351d,sld2021,1,unique,360610169003
dfs_94525a2b912b58e9,acs2023,1,unique,360610108022
dfs_94525a2b912b58e9,sld2021,1,unique,360610108002
dfs_74ae4881d598e828,acs2023,1,unique,360470610022
dfs_74ae4881d598e828,sld2021,1,unique,360470610022
dfs_b02556c4b6c399c2,acs2023,1,unique,360610271003
dfs_b02556c4b6c399c2,sld2021,1,unique,360610271003
dfs_a9ea74f9f5c2e61b,acs2023,1,unique,360810934023
dfs_a9ea74f9f5c2e61b,sld2021,1,unique,360810934023
dfs_c08c246d37fd5737,acs2023,1,unique,360470234002
dfs_c08c246d37fd5737,sld2021,1,unique,360470476003
dfs_b9f0cb979f71e031,acs2023,1,unique,360610056002
dfs_b9f0cb979f71e031,sld2021,1,unique,360610056002
dfs_8036de0bfc3bd52e,acs2023,1,unique,360470139001
dfs_8036de0bfc3bd52e,sld2021,1,unique,360470139001
dfs_03752612db99ea08,acs2023,1,unique,360610052001
dfs_03752612db99ea08,sld2021,1,unique,360610052001
dfs_567469c502c8eeaf,acs2023,1,unique,360810871001
dfs_567469c502c8eeaf,sld2021,1,unique,360810871001
dfs_d652e8821931541c,acs2023,1,unique,360050403042
dfs_d652e8821931541c,sld2021,1,unique,360050403042
dfs_16bbc6fd8b370a0c,acs2023,1,unique,360811551011
dfs_16bbc6fd8b370a0c,sld2021,1,unique,360811551011
dfs_79daf3fb5038a85b,acs2023,1,unique,360810871002
dfs_79daf3fb5038a85b,sld2021,1,unique,360810871002
dfs_9c9d98c2b45d53d3,acs2023,1,unique,360610007003
dfs_9c9d98c2b45d53d3,sld2021,1,unique,360610007001
dfs_a48599acf20f4417,acs2023,1,unique,360810309032
dfs_a48599acf20f4417,sld2021,1,unique,360810309033
dfs_b0751ca232003c03,acs2023,1,unique,360850146044
dfs_b0751ca232003c03,sld2021,1,unique,360850146044
dfs_5cc3b4d8e342a485,acs2023,1,unique,360810799001
dfs_5cc3b4d8e342a485,sld2021,1,unique,360810799001
dfs_f1616a4646623e72,acs2023,1,unique,360470531021
dfs_f1616a4646623e72,sld2021,1,unique,360470531001
dfs_60551ed355060425,acs2023,1,unique,360470037001
dfs_60551ed355060425,sld2021,1,unique,360470037001
dfs_cf5767cfbe4d412e,acs2023,1,unique,360810446011
dfs_cf5767cfbe4d412e,sld2021,1,unique,360810446011
dfs_81ffbd0aa3fafc85,acs2023,1,unique,360610160012
dfs_81ffbd0aa3fafc85,sld2021,1,unique,360610160012
dfs_35ca359793027fb3,acs2023,1,unique,360050127012
dfs_35ca359793027fb3,sld2021,1,unique,360050159001
dfs_41de2b40b80487fb,acs2023,1,unique,360470736002
dfs_41de2b40b80487fb,sld2021,1,unique,360470736002
dfs_d9a999cf48142c36,acs2023,1,unique,360610009001
dfs_d9a999cf48142c36,sld2021,1,unique,360610009001
dfs_bf0c0c4f9f71de5d,acs2023,1,unique,360470348002
dfs_bf0c0c4f9f71de5d,sld2021,1,unique,360470348002
dfs_54d9c4f93f653358,acs2023,1,unique,360610094001
dfs_54d9c4f93f653358,sld2021,1,unique,360610094001
dfs_b43185e9d7044877,acs2023,1,unique,360610103001
dfs_b43185e9d7044877,sld2021,1,unique,360610103001
dfs_f479c9b767826f00,acs2023,1,unique,360050241002
dfs_f479c9b767826f00,sld2021,1,unique,360050241002
dfs_6aefe3ba4f6aec66,acs2023,1,unique,360610076001
dfs_6aefe3ba4f6aec66,sld2021,1,unique,360610074001
dfs_f2682ff0f16ce49c,acs2023,1,unique,360470552002
dfs_f2682ff0f16ce49c,sld2021,1,unique,360470552002
dfs_c0be9e9f85ce6e83,acs2023,1,unique,360610102001
dfs_c0be9e9f85ce6e83,sld2021,1,unique,360610102001
dfs_0c02a95f0ac732ec,acs2023,1,unique,360610212004
dfs_0c02a95f0ac732ec,sld2021,1,unique,360610212004
dfs_6c1c38766b791fa4,acs2023,1,unique,360610104001
dfs_6c1c38766b791fa4,sld2021,1,unique,360610104001
dfs_dba1aeabacd2b4da,acs2023,1,unique,360610099032
dfs_dba1aeabacd2b4da,sld2021,1,unique,360610099001
dfs_467329ac0d943157,acs2023,1,unique,360810019031
dfs_467329ac0d943157,sld2021,1,unique,360810019001
dfs_251acafbef904e79,acs2023,1,unique,360810954003
dfs_251acafbef904e79,sld2021,1,unique,360810954003
dfs_573eab4f56b6103d,acs2023,1,unique,360850201003
dfs_573eab4f56b6103d,sld2021,1,unique,360850201003
dfs_36622cabc4db3bef,acs2023,1,unique,360610108011
dfs_36622cabc4db3bef,sld2021,1,unique,360610108005
dfs_40d2c1f54bdfc3d1,acs2023,1,unique,360610074001
dfs_40d2c1f54bdfc3d1,sld2021,1,unique,360610074002
dfs_2b9f56ec7704246b,acs2023,1,unique,360850096012
dfs_2b9f56ec7704246b,sld2021,1,unique,360850096012
dfs_3ea38aa83e5de2a3,acs2023,1,unique,360470575004
dfs_3ea38aa83e5de2a3,sld2021,0,unmatched,
dfs_78e979dbfa2b01b9,acs2023,1,unique,360050330001
dfs_78e979dbfa2b01b9,sld2021,1,unique,360050330001
dfs_1dd8016b499ca257,acs2023,1,unique,360610257003
dfs_1dd8016b499ca257,sld2021,1,unique,360610220004
dfs_c23101206462ce13,acs2023,1,unique,360610183007
dfs_c23101206462ce13,sld2021,1,unique,360610183007
dfs_74ce056717b34f8f,acs2023,1,unique,360811507021
dfs_74ce056717b34f8f,sld2021,1,unique,360811507021
dfs_864faa4178d6c1b2,acs2023,1,unique,360610013005
dfs_864faa4178d6c1b2,sld2021,1,unique,360610013001
dfs_50541a8a41596aca,acs2023,1,unique,360810853002
dfs_50541a8a41596aca,sld2021,1,unique,360810853002
dfs_c8c089dd2a103c30,acs2023,1,unique,360850070012
dfs_c8c089dd2a103c30,sld2021,1,unique,360850070001
dfs_ade0c05a896f99f5,acs2023,1,unique,360610021003
dfs_ade0c05a896f99f5,sld2021,1,unique,360610021002
dfs_ed554d4b20f4316b,acs2023,1,unique,360610293004
dfs_ed554d4b20f4316b,sld2021,1,unique,360610293004
dfs_8a8687ed6942865d,acs2023,1,unique,360050093021
dfs_8a8687ed6942865d,sld2021,1,unique,360050093006
dfs_76e7a3d69faac1ce,acs2023,1,unique,360610101001
dfs_76e7a3d69faac1ce,sld2021,1,unique,360610101001
dfs_d194d10ea116a813,acs2023,1,unique,360610148022
dfs_d194d10ea116a813,sld2021,1,unique,360610148012
dfs_d0e84027f82459a8,acs2023,1,unique,360470698002
dfs_d0e84027f82459a8,sld2021,1,unique,360470698002
dfs_6c596ae9cb2869bb,acs2023,1,unique,360610130002
dfs_6c596ae9cb2869bb,sld2021,1,unique,360610130002
dfs_b1185c32ec1d58c9,acs2023,1,unique,360610009001
dfs_b1185c32ec1d58c9,sld2021,1,unique,360610009001
dfs_c004a5e8eb679313,acs2023,1,unique,360470220001
dfs_c004a5e8eb679313,sld2021,1,unique,360470236004
dfs_7dc8fbce86458455,acs2023,1,unique,360470553001
dfs_7dc8fbce86458455,sld2021,1,unique,360470553001
dfs_4e09a5fd40caacf5,acs2023,1,unique,360610031001
dfs_4e09a5fd40caacf5,sld2021,1,unique,360610031001
dfs_41dfd8339580191f,acs2023,1,unique,360811341003
dfs_41dfd8339580191f,sld2021,1,unique,360811341003
dfs_3068852f31c013b8,acs2023,1,unique,360050237031
dfs_3068852f31c013b8,sld2021,1,unique,360050237031
dfs_eea3ac2d22dbe5b8,acs2023,1,unique,360470220002
dfs_eea3ac2d22dbe5b8,sld2021,1,unique,360470220002
dfs_b8b9950559d8b720,acs2023,1,unique,360610041003
dfs_b8b9950559d8b720,sld2021,1,unique,360610029003
dfs_0c32f6146546d424,acs2023,1,unique,360811451011
dfs_0c32f6146546d424,sld2021,1,unique,360811451011
dfs_8f902b557af30dbd,acs2023,1,unique,360470118003
dfs_8f902b557af30dbd,sld2021,1,unique,360470118001
dfs_5f100c5b14df57ca,acs2023,1,unique,360610148012
dfs_5f100c5b14df57ca,sld2021,1,unique,360610148012
dfs_50e90cac8e265a6b,acs2023,1,unique,360050224032
dfs_50e90cac8e265a6b,sld2021,1,unique,360050224032
dfs_928ac69f2e4aca9e,acs2023,1,unique,360850187011
dfs_928ac69f2e4aca9e,sld2021,1,unique,360850187011
dfs_066b5ab4c7ab93f5,acs2023,1,unique,360470100004
dfs_066b5ab4c7ab93f5,sld2021,1,unique,360470100004
dfs_19e7d9571e2adde7,acs2023,1,unique,360470009001
dfs_19e7d9571e2adde7,sld2021,1,unique,360470009001
dfs_63ad266626a2e283,acs2023,1,unique,360050061001
dfs_63ad266626a2e283,sld2021,1,unique,360050061001
dfs_c6426ec7019b2399,acs2023,1,unique,360610045001
dfs_c6426ec7019b2399,sld2021,1,unique,360610031001
dfs_f9d2078dd13a35b0,acs2023,1,unique,360470288003
dfs_f9d2078dd13a35b0,sld2021,1,unique,360470288003
dfs_c4398a841478a1ff,acs2023,1,unique,360470009002
dfs_c4398a841478a1ff,sld2021,1,unique,360470009002
dfs_298cc876d719fd8a,acs2023,1,unique,360610131001
dfs_298cc876d719fd8a,sld2021,1,unique,360610131001
dfs_1253fd94da2eeaed,acs2023,1,unique,360610203002
dfs_1253fd94da2eeaed,sld2021,1,unique,360610203002
dfs_88a40cb2d6cc65ce,acs2023,1,unique,360050266023
dfs_88a40cb2d6cc65ce,sld2021,1,unique,360050266023
dfs_cc14aa01fb373ab4,acs2023,1,unique,360610118007
dfs_cc14aa01fb373ab4,sld2021,1,unique,360610118007
dfs_17c6c5189e131a25,acs2023,1,unique,360470794003
dfs_17c6c5189e131a25,sld2021,1,unique,360470794001
dfs_0aea54a616ede5e3,acs2023,1,unique,360610074002
dfs_0aea54a616ede5e3,sld2021,1,unique,360610074003
dfs_574c6c6c40f2ae38,acs2023,1,unique,360470555001
dfs_574c6c6c40f2ae38,sld2021,1,unique,360470555001
dfs_e82acaaf43cf0cd0,acs2023,1,unique,360470159004
dfs_e82acaaf43cf0cd0,sld2021,1,unique,360470159005
dfs_41bd82cda93fcb39,acs2023,1,unique,360810334011
dfs_41bd82cda93fcb39,sld2021,1,unique,360810334011
dfs_247d19f19768695c,acs2023,1,unique,360850156032
dfs_247d19f19768695c,sld2021,1,unique,360850156032
dfs_46d8cb0c10061a5c,acs2023,1,unique,360610096001
dfs_46d8cb0c10061a5c,sld2021,1,unique,360610084001
dfs_4522d55c9d6bcfb1,acs2023,1,unique,360050197002
dfs_4522d55c9d6bcfb1,sld2021,1,unique,360050197002
dfs_ed9dd175619012c2,acs2023,1,unique,360850303012
dfs_ed9dd175619012c2,sld2021,1,unique,360850303012
dfs_2e3815b578c1e0c8,acs2023,1,unique,360610113001
dfs_2e3815b578c1e0c8,sld2021,1,unique,360610113001
dfs_9708815b7dfa97d2,acs2023,1,unique,360610101001
dfs_9708815b7dfa97d2,sld2021,1,unique,360610101001
dfs_371fc6bd13e2e60a,acs2023,1,unique,360470195004
dfs_371fc6bd13e2e60a,sld2021,1,unique,360470195004
dfs_59601fcbb7e37ff9,acs2023,1,unique,360050394002
dfs_59601fcbb7e37ff9,sld2021,1,unique,360050394002
dfs_4326367b11b6518e,acs2023,1,unique,360470249004
dfs_4326367b11b6518e,sld2021,1,unique,360470247001
dfs_9bfd4e112a86cd36,acs2023,1,unique,360610013005
dfs_9bfd4e112a86cd36,sld2021,1,unique,360610013001
dfs_ae141eee71f30d00,acs2023,1,unique,360810871002
dfs_ae141eee71f30d00,sld2021,1,unique,360810853001
dfs_48ad24a7e99fd133,acs2023,1,unique,360610102002
dfs_48ad24a7e99fd133,sld2021,1,unique,360610102001
dfs_e35011fa954530c2,acs2023,1,unique,360610170001
dfs_e35011fa954530c2,sld2021,1,unique,360610170002
dfs_915412a7d40f5df6,acs2023,1,unique,360850146062
dfs_915412a7d40f5df6,sld2021,1,unique,360850146062
dfs_f2c928fc7f7759f3,acs2023,1,unique,360610074002
dfs_f2c928fc7f7759f3,sld2021,1,unique,360610074003
dfs_ad46e74c0951dd50,acs2023,1,unique,360610146022
dfs_ad46e74c0951dd50,sld2021,1,unique,360610146011
dfs_e8ff9f782b26f868,acs2023,1,unique,360470820003
dfs_e8ff9f782b26f868,sld2021,1,unique,360470824004
dfs_578097b8b2b616df,acs2023,1,unique,360811277001
dfs_578097b8b2b616df,sld2021,1,unique,360811277001
dfs_1aa8f6245de34dfc,acs2023,1,unique,360470053011
dfs_1aa8f6245de34dfc,sld2021,1,unique,360470053002
dfs_051052f4e9473eae,acs2023,1,unique,360470227004
dfs_051052f4e9473eae,sld2021,1,unique,360470227003
dfs_6f26b4041f65f7f5,acs2023,1,unique,360610021001
dfs_6f26b4041f65f7f5,sld2021,1,unique,360610021001
dfs_22df4aed8ffb11ea,acs2023,1,unique,360610124002
dfs_22df4aed8ffb11ea,sld2021,1,unique,360610124002
dfs_9789b450b9d25f0a,acs2023,1,unique,360810281001
dfs_9789b450b9d25f0a,sld2021,1,unique,360810281001
dfs_56218377242b9d43,acs2023,1,unique,360810398001
dfs_56218377242b9d43,sld2021,1,unique,360810366001
dfs_71b01e9f1459fe4a,acs2023,1,unique,360610112032
dfs_71b01e9f1459fe4a,sld2021,1,unique,360610112031
dfs_5c525fcb9a3904ec,acs2023,1,unique,360050221012
dfs_5c525fcb9a3904ec,sld2021,1,unique,360050221012
dfs_d3f6252cb81bf11c,acs2023,1,unique,360810557003
dfs_d3f6252cb81bf11c,sld2021,1,unique,360810557003
dfs_19ce778db63c8e3d,acs2023,1,unique,360050462055
dfs_19ce778db63c8e3d,sld2021,1,unique,360050462019
dfs_aef4f6b0109275c4,acs2023,1,unique,360050054002
dfs_aef4f6b0109275c4,sld2021,1,unique,360050050021
dfs_44e1b16479eedf5e,acs2023,1,unique,360050197003
dfs_44e1b16479eedf5e,sld2021,1,unique,360050197003
dfs_204844aa0ef9ffd1,acs2023,1,unique,360050237031
dfs_204844aa0ef9ffd1,sld2021,1,unique,360050237031
dfs_445e555a5b85a7fe,acs2023,1,unique,360470129022
dfs_445e555a5b85a7fe,sld2021,1,unique,360470129022
dfs_d26971d65dbc92af,acs2023,1,unique,360050265001
dfs_d26971d65dbc92af,sld2021,1,unique,360050265001
dfs_9de9625bfcc2c854,acs2023,1,unique,360050380004
dfs_9de9625bfcc2c854,sld2021,1,unique,360050380004
dfs_fe89e6525897df35,acs2023,1,unique,360050237031
dfs_fe89e6525897df35,sld2021,1,unique,360050237031
dfs_761f9cc2d6532864,acs2023,1,unique,360050369011
dfs_761f9cc2d6532864,sld2021,1,unique,360050369011
dfs_02357ccbf0b58355,acs2023,1,unique,360610089004
dfs_02357ccbf0b58355,sld2021,1,unique,360610089005
dfs_f9ae48ec98f0c7e7,acs2023,1,unique,360610073001
dfs_f9ae48ec98f0c7e7,sld2021,2,ambiguous,360610075003|360610073001
dfs_7fde2ab3a4512040,acs2023,1,unique,360811451011
dfs_7fde2ab3a4512040,sld2021,1,unique,360811451011
dfs_de4ccacaeb6d2cef,acs2023,1,unique,360610200002
dfs_de4ccacaeb6d2cef,sld2021,1,unique,360610200002
dfs_9a00cd3e43ebba7d,acs2023,1,unique,360610157008
dfs_9a00cd3e43ebba7d,sld2021,1,unique,360610157008
dfs_47b6bc627a0ae7ba,acs2023,1,unique,360810063004
dfs_47b6bc627a0ae7ba,sld2021,1,unique,360810063004
dfs_ae2bc198f5e6df07,acs2023,1,unique,360610138008
dfs_ae2bc198f5e6df07,sld2021,1,unique,360610138008
dfs_4310ddef2c6bc470,acs2023,1,unique,360610108031
dfs_4310ddef2c6bc470,sld2021,1,unique,360610108006
dfs_c20ef9c5bf1e8d67,acs2023,1,unique,360610076001
dfs_c20ef9c5bf1e8d67,sld2021,1,unique,360610101001
dfs_18fa9089162932f1,acs2023,1,unique,360850147003
dfs_18fa9089162932f1,sld2021,1,unique,360850169011
dfs_28c17ad5a76bbdb8,acs2023,1,unique,360470139004
dfs_28c17ad5a76bbdb8,sld2021,1,unique,360470139004
dfs_869a0d500a06a058,acs2023,1,unique,360811171003
dfs_869a0d500a06a058,sld2021,1,unique,360811171003
dfs_e3fd88c2ac1ab094,acs2023,1,unique,360610099032
dfs_e3fd88c2ac1ab094,sld2021,1,unique,360610099001
dfs_eece94a5d54a162a,acs2023,1,unique,360610134006
dfs_eece94a5d54a162a,sld2021,1,unique,360610134006
dfs_89fe305c6ceb31b5,acs2023,1,unique,360610127005
dfs_89fe305c6ceb31b5,sld2021,1,unique,360610127005
dfs_1ed95296817f488f,acs2023,1,unique,360610102001
dfs_1ed95296817f488f,sld2021,1,unique,360610102001
dfs_5c422af3b656c3c6,acs2023,1,unique,360610200002
dfs_5c422af3b656c3c6,sld2021,1,unique,360610200002
dfs_49a149940dd94e99,acs2023,1,unique,360610016001
dfs_49a149940dd94e99,sld2021,1,unique,360610016001
dfs_3bce5596c21ca7e0,acs2023,1,unique,360610117003
dfs_3bce5596c21ca7e0,sld2021,1,unique,360610117001
dfs_b2fb847f2857b795,acs2023,1,unique,360811471001
dfs_b2fb847f2857b795,sld2021,1,unique,360811471001
dfs_f746b99126606206,acs2023,1,unique,360610099032
dfs_f746b99126606206,sld2021,1,unique,360610099001
dfs_e48359ea6f77e460,acs2023,1,unique,360610092002
dfs_e48359ea6f77e460,sld2021,1,unique,360610092001
dfs_cb332c186e715d95,acs2023,1,unique,360610201021
dfs_cb332c186e715d95,sld2021,1,unique,360610218004
dfs_a84c634d36ab4434,acs2023,1,unique,360610045001
dfs_a84c634d36ab4434,sld2021,1,unique,360610045001
dfs_e9c666975879e482,acs2023,1,unique,360610146011
dfs_e9c666975879e482,sld2021,1,unique,360610146011
dfs_bf2a9203ae28dd11,acs2023,1,unique,360610091001
dfs_bf2a9203ae28dd11,sld2021,1,unique,360610091002
dfs_da634e80d8404195,acs2023,1,unique,360610063001
dfs_da634e80d8404195,sld2021,1,unique,360610063001
dfs_6afd5dd73800c5b2,acs2023,1,unique,360810249003
dfs_6afd5dd73800c5b2,sld2021,1,unique,360810249003
dfs_b36db5850c485560,acs2023,1,unique,360610076002
dfs_b36db5850c485560,sld2021,1,unique,360610074003
dfs_3c851d13288a667f,acs2023,1,unique,360470153004
dfs_3c851d13288a667f,sld2021,1,unique,360470153004
dfs_f3be928b635a7243,acs2023,1,unique,360810717012
dfs_f3be928b635a7243,sld2021,1,unique,360810717012
dfs_35831bef7d7bfc93,acs2023,1,unique,360610175004
dfs_35831bef7d7bfc93,sld2021,1,unique,360610175004
dfs_de905cc70c53c48a,acs2023,1,unique,360610115002
dfs_de905cc70c53c48a,sld2021,1,unique,360610115002
dfs_6932a48a71b576f7,acs2023,1,unique,360810987002
dfs_6932a48a71b576f7,sld2021,1,unique,360810987002
dfs_1db542a0001c0b5c,acs2023,1,unique,360610099032
dfs_1db542a0001c0b5c,sld2021,1,unique,360610099001
dfs_8560c4d43526310f,acs2023,1,unique,360810779072
dfs_8560c4d43526310f,sld2021,1,unique,360810779072
dfs_54b2b4fde7707d8e,acs2023,1,unique,360610101001
dfs_54b2b4fde7707d8e,sld2021,1,unique,360610101001
dfs_15b48e4957373b98,acs2023,1,unique,360610099032
dfs_15b48e4957373b98,sld2021,1,unique,360610099001
dfs_5a8b2cfd1f2fbe9a,acs2023,1,unique,360610014021
dfs_5a8b2cfd1f2fbe9a,sld2021,1,unique,360610014022
dfs_d8f90ab18d9ffa9b,acs2023,1,unique,360610036013
dfs_d8f90ab18d9ffa9b,sld2021,1,unique,360610036013
dfs_7e9d04c946a522fe,acs2023,1,unique,360610099032
dfs_7e9d04c946a522fe,sld2021,1,unique,360610099001
dfs_ccf650c6101773d7,acs2023,1,unique,360610043003
dfs_ccf650c6101773d7,sld2021,1,unique,360610043003
dfs_949f84b644c076b7,acs2023,1,unique,360610122003
dfs_949f84b644c076b7,sld2021,1,unique,360610122003
dfs_49fbf579599ffbfc,acs2023,1,unique,360050284001
dfs_49fbf579599ffbfc,sld2021,1,unique,360050284001
dfs_a78d183c5c20b91f,acs2023,1,unique,360810737001
dfs_a78d183c5c20b91f,sld2021,1,unique,360810737001
dfs_21ae6ee7996ce9e6,acs2023,1,unique,360810289003
dfs_21ae6ee7996ce9e6,sld2021,1,unique,360810289003
dfs_cb046b4036c008e1,acs2023,1,unique,360811377001
dfs_cb046b4036c008e1,sld2021,1,unique,360811377001
dfs_1f6e4a20e11b7d08,acs2023,1,unique,360050391005
dfs_1f6e4a20e11b7d08,sld2021,1,unique,360050391005
dfs_6840b216ff0fec5a,acs2023,1,unique,360050389002
dfs_6840b216ff0fec5a,sld2021,1,unique,360050389002
dfs_a3fab52ac53ad0df,acs2023,1,unique,360810871002
dfs_a3fab52ac53ad0df,sld2021,1,unique,360810871001
dfs_84b816f60b490efc,acs2023,1,unique,360610113001
dfs_84b816f60b490efc,sld2021,1,unique,360610113001
dfs_9eef3edd25c613ef,acs2023,1,unique,360610299002
dfs_9eef3edd25c613ef,sld2021,1,unique,360610299002
dfs_1664661ce7f4ab31,acs2023,1,unique,360610299003
dfs_1664661ce7f4ab31,sld2021,1,unique,360610299002
dfs_51e5f80868cf783c,acs2023,1,unique,360810019011
dfs_51e5f80868cf783c,sld2021,1,unique,360810019001
dfs_1507807b322b23ee,acs2023,1,unique,360610165004
dfs_1507807b322b23ee,sld2021,1,unique,360610165004
dfs_e5417a55b15c853a,acs2023,1,unique,360850277022
dfs_e5417a55b15c853a,sld2021,1,unique,360850277022
dfs_089447b5dbec3bcd,acs2023,1,unique,360610082001
dfs_089447b5dbec3bcd,sld2021,1,unique,360610082001
dfs_464c6355300210e5,acs2023,1,unique,360050283002
dfs_464c6355300210e5,sld2021,1,unique,360050283002
dfs_fff7e04ef6d7ab43,acs2023,1,unique,360610092001
dfs_fff7e04ef6d7ab43,sld2021,1,unique,360610090001
dfs_474d703b446c1f93,acs2023,1,unique,360610143001
dfs_474d703b446c1f93,sld2021,1,unique,360610143001
dfs_0e6c8b015faee950,acs2023,1,unique,360810295002
dfs_0e6c8b015faee950,sld2021,1,unique,360810295002
dfs_845ec3ca9f658baf,acs2023,1,unique,360850277022
dfs_845ec3ca9f658baf,sld2021,1,unique,360850277022
dfs_3791a2a5f28da0ef,acs2023,1,unique,360610066009
dfs_3791a2a5f28da0ef,sld2021,1,unique,360610062001
dfs_a7eb5e71ae35e4f1,acs2023,1,unique,360850070012
dfs_a7eb5e71ae35e4f1,sld2021,1,unique,360850070001
dfs_93e794fa4561c151,acs2023,1,unique,360610137006
dfs_93e794fa4561c151,sld2021,1,unique,360610137003
dfs_44b9858d3152dc6b,acs2023,1,unique,360850064001
dfs_44b9858d3152dc6b,sld2021,1,unique,360850064001
dfs_cfe14f7880c8c11f,acs2023,1,unique,360850170112
dfs_cfe14f7880c8c11f,sld2021,1,unique,360850170112
dfs_fd6ace9c8dd2ea1b,acs2023,1,unique,360810997044
dfs_fd6ace9c8dd2ea1b,sld2021,1,unique,360810997044
dfs_046c0cbce0fd3fac,acs2023,1,unique,360850070012
dfs_046c0cbce0fd3fac,sld2021,1,unique,360850070001
dfs_3536db91c60f3538,acs2023,1,unique,360050462055
dfs_3536db91c60f3538,sld2021,1,unique,360050462011
dfs_fd108459ba408101,acs2023,1,unique,360850070012
dfs_fd108459ba408101,sld2021,1,unique,360850070001
dfs_4e4fe1791544aeb2,acs2023,1,unique,360050072003
dfs_4e4fe1791544aeb2,sld2021,1,unique,360050072003
dfs_d1ff58db17459aef,acs2023,1,unique,360610009001
dfs_d1ff58db17459aef,sld2021,1,unique,360610009001
dfs_0d6ceb5971c67346,acs2023,1,unique,360610221022
dfs_0d6ceb5971c67346,sld2021,1,unique,360610221022
dfs_a32dca8337e1cb3c,acs2023,1,unique,360811551011
dfs_a32dca8337e1cb3c,sld2021,1,unique,360811551011
dfs_19fc175b005054c1,acs2023,1,unique,360850128063
dfs_19fc175b005054c1,sld2021,1,unique,360850128063
dfs_6c96f4696aba7337,acs2023,1,unique,360811267001
dfs_6c96f4696aba7337,sld2021,1,unique,360811267001
dfs_0c469399fee46017,acs2023,1,unique,360610265002
dfs_0c469399fee46017,sld2021,1,unique,360610265002
dfs_014d7c6ce8fa05d8,acs2023,1,unique,360610167005
dfs_014d7c6ce8fa05d8,sld2021,1,unique,360610167005
dfs_4b6b1f2e8d6b2656,acs2023,1,unique,360850064003
dfs_4b6b1f2e8d6b2656,sld2021,1,unique,360850064003
dfs_b5998f5754894bf4,acs2023,1,unique,360610156013
dfs_b5998f5754894bf4,sld2021,1,unique,360610156013
dfs_a9b20b125356a09f,acs2023,1,unique,360850096012
dfs_a9b20b125356a09f,sld2021,1,unique,360850096012
dfs_6f584400de01c220,acs2023,1,unique,360610099032
dfs_6f584400de01c220,sld2021,1,unique,360610099001
dfs_616b9bb0ba9a8a25,acs2023,1,unique,360610091002
dfs_616b9bb0ba9a8a25,sld2021,1,unique,360610091003
dfs_d468780c945e9a72,acs2023,1,unique,360610029022
dfs_d468780c945e9a72,sld2021,1,unique,360610029003
dfs_7f2f582f532fcf04,acs2023,1,unique,360610108011
dfs_7f2f582f532fcf04,sld2021,1,unique,360610108005
dfs_eb097b79772cee27,acs2023,1,unique,360610112021
dfs_eb097b79772cee27,sld2021,1,unique,360610112021
dfs_812d69a981e8958b,acs2023,1,unique,360471198001
dfs_812d69a981e8958b,sld2021,1,unique,360471198001
dfs_717ff686d8efc0ff,acs2023,1,unique,360610081002
dfs_717ff686d8efc0ff,sld2021,1,unique,360610081001
dfs_5d1fad61dc2e4fbb,acs2023,1,unique,360850156032
dfs_5d1fad61dc2e4fbb,sld2021,1,unique,360850156032
dfs_9ac54f4c59eaf14b,acs2023,1,unique,360610071005
dfs_9ac54f4c59eaf14b,sld2021,2,ambiguous,360610071005|360610065001
dfs_9bf444993c7d477c,acs2023,1,unique,360610102002
dfs_9bf444993c7d477c,sld2021,1,unique,360610102001
dfs_cda58ec0de78edea,acs2023,1,unique,360610061003
dfs_cda58ec0de78edea,sld2021,1,unique,360610061003
dfs_76e4adda2e823cbb,acs2023,1,unique,360470035001
dfs_76e4adda2e823cbb,sld2021,1,unique,360470039001
dfs_473cd444c2114483,acs2023,1,unique,360610108031
dfs_473cd444c2114483,sld2021,1,unique,360610108006
dfs_1381bb691e5c17fb,acs2023,1,unique,360610086034
dfs_1381bb691e5c17fb,sld2021,1,unique,360610086021
dfs_e2be9eb7d8133dd6,acs2023,1,unique,360471058044
dfs_e2be9eb7d8133dd6,sld2021,1,unique,360471058044
dfs_fcbf15f40996e561,acs2023,1,unique,360050284001
dfs_fcbf15f40996e561,sld2021,1,unique,360050284001
dfs_de8a7a6e12a538a1,acs2023,1,unique,360050016003
dfs_de8a7a6e12a538a1,sld2021,1,unique,360050016003
dfs_7cecb1230426cf23,acs2023,1,unique,360810697011
dfs_7cecb1230426cf23,sld2021,1,unique,360810697011
dfs_af6726f1a665fecb,acs2023,1,unique,360850064003
dfs_af6726f1a665fecb,sld2021,1,unique,360850064003
dfs_3921e9b09ce540f5,acs2023,1,unique,360050462055
dfs_3921e9b09ce540f5,sld2021,1,unique,360050462011
dfs_d6f7089b01152cf3,acs2023,1,unique,360811267001
dfs_d6f7089b01152cf3,sld2021,1,unique,360811267001
dfs_ffc2d2d20ba0a4b4,acs2023,1,unique,360810309031
dfs_ffc2d2d20ba0a4b4,sld2021,1,unique,360810309032
dfs_00b188e5cf09faf0,acs2023,1,unique,360810031002
dfs_00b188e5cf09faf0,sld2021,1,unique,360810031002
dfs_37472a72ec00cdab,acs2023,1,unique,360811451011
dfs_37472a72ec00cdab,sld2021,1,unique,360811451011
dfs_8ff582ed32d681b1,acs2023,1,unique,360470294001
dfs_8ff582ed32d681b1,sld2021,1,unique,360470294001
dfs_e229abd8cce09de7,acs2023,1,unique,360850070011
dfs_e229abd8cce09de7,sld2021,1,unique,360850070002
dfs_3f7fe22642e4d712,acs2023,1,unique,360811451011
dfs_3f7fe22642e4d712,sld2021,1,unique,360811451011
dfs_3886998cd2b38f27,acs2023,1,unique,360299805001
dfs_3886998cd2b38f27,sld2021,1,unique,360290046021
dfs_79bca88e6d2debe0,acs2023,1,unique,360290165002
dfs_79bca88e6d2debe0,sld2021,1,unique,360290165001
dfs_699d3e16e9cad15d,acs2023,1,unique,360290069031
dfs_699d3e16e9cad15d,sld2021,1,unique,360290069021
dfs_86ad9cc384b94c48,acs2023,1,unique,360290049022
dfs_86ad9cc384b94c48,sld2021,1,unique,360290049002
dfs_3b2d873a91b5f9fb,acs2023,1,unique,360290045001
dfs_3b2d873a91b5f9fb,sld2021,1,unique,360290045002
dfs_cfd2433b4f3ab2a9,acs2023,1,unique,360290040022
dfs_cfd2433b4f3ab2a9,sld2021,1,unique,360290040015
dfs_4cdf93f33e060d37,acs2023,1,unique,360290165001
dfs_4cdf93f33e060d37,sld2021,1,unique,360290165001
dfs_40d83861a4148d6a,acs2023,1,unique,360290055003
dfs_40d83861a4148d6a,sld2021,1,unique,360290055003
dfs_ee7d9ce3f379f59f,acs2023,1,unique,360290165001
dfs_ee7d9ce3f379f59f,sld2021,1,unique,360290165001
dfs_c035b624edba282d,acs2023,1,unique,360290036001
dfs_c035b624edba282d,sld2021,1,unique,360290036001
dfs_73501d2380cdf6cb,acs2023,1,unique,360290071021
dfs_73501d2380cdf6cb,sld2021,1,unique,360290071021
dfs_9eed7791430009f3,acs2023,1,unique,360290164003
dfs_9eed7791430009f3,sld2021,1,unique,360290164004
dfs_847e5c34aa34e454,acs2023,1,unique,360290001102
dfs_847e5c34aa34e454,sld2021,1,unique,360290001104
dfs_cbbe035777871e49,acs2023,1,unique,360290067022
dfs_cbbe035777871e49,sld2021,1,unique,360290067023
dfs_0275d22fbd4de4aa,acs2023,1,unique,360290071021
dfs_0275d22fbd4de4aa,sld2021,1,unique,360290071021
dfs_769eb5927951ec89,acs2023,1,unique,360290010003
dfs_769eb5927951ec89,sld2021,1,unique,360290010003
dfs_411f35aaadb4b3d0,acs2023,1,unique,360290165002
dfs_411f35aaadb4b3d0,sld2021,1,unique,360290165001
dfs_9bf65cc8291ad866,acs2023,1,unique,360290050003
dfs_9bf65cc8291ad866,sld2021,1,unique,360290050003
dfs_6fdcdafa4b3fb1a1,acs2023,1,unique,360290165001
dfs_6fdcdafa4b3fb1a1,sld2021,1,unique,360290165001
dfs_66387fc226948722,acs2023,1,unique,360290165002
dfs_66387fc226948722,sld2021,1,unique,360290165001
dfs_c1feea62b3b1df5a,acs2023,1,unique,360290050003
dfs_c1feea62b3b1df5a,sld2021,1,unique,360290050003
dfs_ac9c90beea125df0,acs2023,1,unique,360290063012
dfs_ac9c90beea125df0,sld2021,1,unique,360290063012
dfs_39d701f175069cdc,acs2023,1,unique,360290052013
dfs_39d701f175069cdc,sld2021,1,unique,360290052013
dfs_120f0391cb881c3d,acs2023,1,unique,360290058022
dfs_120f0391cb881c3d,sld2021,1,unique,360290058022
dfs_0652d1f3493fc900,acs2023,1,unique,360290007003
dfs_0652d1f3493fc900,sld2021,1,unique,360290007003
dfs_638de1f9a09a9fa5,acs2023,1,unique,360290165001
dfs_638de1f9a09a9fa5,sld2021,1,unique,360290165001
dfs_bd21d373f903e955,acs2023,1,unique,360290163002
dfs_bd21d373f903e955,sld2021,1,unique,360290167003
dfs_46ca344068e72f6c,acs2023,1,unique,360290002001
dfs_46ca344068e72f6c,sld2021,1,unique,360290002001
dfs_49be6c1f460b2bdc,acs2023,1,unique,360290042002
dfs_49be6c1f460b2bdc,sld2021,1,unique,360290042002
dfs_b5043c6b081b819f,acs2023,1,unique,360290165002
dfs_b5043c6b081b819f,sld2021,1,unique,360290165001
dfs_99615c7be7056b65,acs2023,1,unique,360290042001
dfs_99615c7be7056b65,sld2021,1,unique,360290042001
dfs_765428c440dcf313,acs2023,1,unique,360290050001
dfs_765428c440dcf313,sld2021,1,unique,360290050001
dfs_88a29f36b5fdfea1,acs2023,1,unique,360290165002
dfs_88a29f36b5fdfea1,sld2021,1,unique,360290165001
dfs_f78eba4e9843e79c,acs2023,1,unique,360290010003
dfs_f78eba4e9843e79c,sld2021,1,unique,360290010003
dfs_8873e4cc2851aac5,acs2023,1,unique,360290055003
dfs_8873e4cc2851aac5,sld2021,1,unique,360290055003
dfs_416f4e543f149bd0,acs2023,1,unique,360290050003
dfs_416f4e543f149bd0,sld2021,1,unique,360290050003
dfs_81686564b0b3532e,acs2023,1,unique,360290052013
dfs_81686564b0b3532e,sld2021,1,unique,360290052013
dfs_3309772265b1f072,acs2023,1,unique,360290066012
dfs_3309772265b1f072,sld2021,1,unique,360290066012
dfs_05f1e35f45b220bc,acs2023,1,unique,360290167001
dfs_05f1e35f45b220bc,sld2021,1,unique,360290167001
dfs_b0ee454f7dbd1134,acs2023,1,unique,360290010003
dfs_b0ee454f7dbd1134,sld2021,1,unique,360290010003
dfs_9e304fc147b054cb,acs2023,1,unique,360290165001
dfs_9e304fc147b054cb,sld2021,1,unique,360290165001
dfs_6243f71a97c838a8,acs2023,1,unique,360290165002
dfs_6243f71a97c838a8,sld2021,1,unique,360290165001
dfs_71015e03b5964c9f,acs2023,1,unique,360290061004
dfs_71015e03b5964c9f,sld2021,1,unique,360290061004
dfs_a798d8fcf2285c21,acs2023,1,unique,360290048002
dfs_a798d8fcf2285c21,sld2021,1,unique,360290048002
dfs_2016d2a79015558a,acs2023,1,unique,360290040022
dfs_2016d2a79015558a,sld2021,1,unique,360290040014
dfs_989ee4cd8a667963,acs2023,1,unique,360290071041
dfs_989ee4cd8a667963,sld2021,1,unique,360290071013
dfs_4a07ea8e8efc7b47,acs2023,1,unique,360290033021
dfs_4a07ea8e8efc7b47,sld2021,1,unique,360290033021
dfs_77601ac5f00bc064,acs2023,1,unique,360290165001
dfs_77601ac5f00bc064,sld2021,1,unique,360290165001
dfs_a0b50fb75dbf9e57,acs2023,1,unique,360290061003
dfs_a0b50fb75dbf9e57,sld2021,1,unique,360290061003
dfs_be34331872a1e3c5,acs2023,1,unique,360290164001
dfs_be34331872a1e3c5,sld2021,1,unique,360290164001
dfs_0d40f6ddcea6133d,acs2023,1,unique,360290164002
dfs_0d40f6ddcea6133d,sld2021,1,unique,360290164003
dfs_90911e99223e1f8e,acs2023,1,unique,360290050001
dfs_90911e99223e1f8e,sld2021,1,unique,360290050001
dfs_93886223e34fbefd,acs2023,1,unique,360290164002
dfs_93886223e34fbefd,sld2021,1,unique,360290164003
dfs_d88eae6ccd7a8045,acs2023,1,unique,360290067013
dfs_d88eae6ccd7a8045,sld2021,1,unique,360290067011
dfs_8c9f6f2f2d553c21,acs2023,1,unique,360290052021
dfs_8c9f6f2f2d553c21,sld2021,1,unique,360290052021
dfs_991c56a32e9cd118,acs2023,1,unique,360290016021
dfs_991c56a32e9cd118,sld2021,1,unique,360290016004
dfs_2925389dfa0a33eb,acs2023,1,unique,360290063011
dfs_2925389dfa0a33eb,sld2021,1,unique,360290063011
dfs_b0d8becc50e7051b,acs2023,1,unique,360290016021
dfs_b0d8becc50e7051b,sld2021,1,unique,360290016004
dfs_e581ff6317a87a50,acs2023,1,unique,360290059005
dfs_e581ff6317a87a50,sld2021,1,unique,360290059005
dfs_4e1d9eeb8835fa95,acs2023,1,unique,360290014041
dfs_4e1d9eeb8835fa95,sld2021,1,unique,360290014022
dfs_809986e1cc5faddc,acs2023,1,unique,360290065011
dfs_809986e1cc5faddc,sld2021,1,unique,360290065011
dfs_d3709192987363a3,acs2023,1,unique,360290165001
dfs_d3709192987363a3,sld2021,1,unique,360290165001
dfs_3f6f202f266fa9b5,acs2023,1,unique,360290068011
dfs_3f6f202f266fa9b5,sld2021,1,unique,360290068002
dfs_55ea817d8fd62e16,acs2023,1,unique,360290165001
dfs_55ea817d8fd62e16,sld2021,1,unique,360290165001
dfs_cc01e844ba9f9019,acs2023,1,unique,360290165001
dfs_cc01e844ba9f9019,sld2021,1,unique,360290165001
dfs_bd62bd47b0919eef,acs2023,1,unique,360290069031
dfs_bd62bd47b0919eef,sld2021,1,unique,360290069021
dfs_089842ccfc25c26a,acs2023,1,unique,360290050001
dfs_089842ccfc25c26a,sld2021,1,unique,360290050001
dfs_14463fd146ecef79,acs2023,1,unique,360290165002
dfs_14463fd146ecef79,sld2021,1,unique,360290165001
dfs_0bc7d524efb67136,acs2023,1,unique,360290165002
dfs_0bc7d524efb67136,sld2021,1,unique,360290165001
dfs_2e5a33979427395d,acs2023,1,unique,360290052013
dfs_2e5a33979427395d,sld2021,1,unique,360290052013
dfs_a14abf45b6d87f28,acs2023,1,unique,360290052013
dfs_a14abf45b6d87f28,sld2021,1,unique,360290052013
dfs_5d7e29267e1f6a2d,acs2023,1,unique,360290165001
dfs_5d7e29267e1f6a2d,sld2021,1,unique,360290165001
dfs_1c3fd68bd664cabf,acs2023,1,unique,360290036001
dfs_1c3fd68bd664cabf,sld2021,1,unique,360290036001
dfs_0ba8c2c6fb24577f,acs2023,1,unique,360290061004
dfs_0ba8c2c6fb24577f,sld2021,1,unique,360290061004
dfs_5d2cfaf19202cf65,acs2023,1,unique,360290165002
dfs_5d2cfaf19202cf65,sld2021,1,unique,360290165001
dfs_37f37bd591789fa1,acs2023,1,unique,360290034005
dfs_37f37bd591789fa1,sld2021,1,unique,360290034005
dfs_c26e789a1b390638,acs2023,1,unique,360290071021
dfs_c26e789a1b390638,sld2021,1,unique,360290071021
dfs_8294514597815711,acs2023,1,unique,360290050003
dfs_8294514597815711,sld2021,1,unique,360290050003
dfs_08c75b62ec116542,acs2023,1,unique,360290067012
dfs_08c75b62ec116542,sld2021,1,unique,360290067013
dfs_2c5c3b2822312a3d,acs2023,1,unique,360290010002
dfs_2c5c3b2822312a3d,sld2021,1,unique,360290010002
dfs_7bd403758af40b76,acs2023,1,unique,360290165002
dfs_7bd403758af40b76,sld2021,1,unique,360290165001
dfs_3af920f85ffcd094,acs2023,1,unique,360290055004
dfs_3af920f85ffcd094,sld2021,1,unique,360290055004
dfs_8340b8d6a14c6220,acs2023,1,unique,360290165001
dfs_8340b8d6a14c6220,sld2021,1,unique,360290165001
dfs_7c389cd0d745ca6c,acs2023,1,unique,360290165002
dfs_7c389cd0d745ca6c,sld2021,1,unique,360290165001
dfs_8ba2c99a4ba487ec,acs2023,1,unique,360290050003
dfs_8ba2c99a4ba487ec,sld2021,1,unique,360290050003
dfs_67eae18f8b520420,acs2023,1,unique,360290165002
dfs_67eae18f8b520420,sld2021,1,unique,360290165001
dfs_977fc95895fa07e9,acs2023,1,unique,360290015003
dfs_977fc95895fa07e9,sld2021,1,unique,360290015002
dfs_6507553346504962,acs2023,1,unique,360290016021
dfs_6507553346504962,sld2021,1,unique,360290016004
dfs_4c33644e807d4e02,acs2023,1,unique,360290168011
dfs_4c33644e807d4e02,sld2021,1,unique,360290168001
dfs_6d2b73be3145563b,acs2023,1,unique,360290067023
dfs_6d2b73be3145563b,sld2021,1,unique,360290067022
dfs_83c023660da1f655,acs2023,1,unique,360290166004
dfs_83c023660da1f655,sld2021,1,unique,360290166004
dfs_2bbb1d3e40d88475,acs2023,1,unique,360290050003
dfs_2bbb1d3e40d88475,sld2021,1,unique,360290050003
dfs_bdd44f42cb6455c5,acs2023,1,unique,360290001102
dfs_bdd44f42cb6455c5,sld2021,1,unique,360290001104
dfs_5ccadfa28fcaef0a,acs2023,1,unique,360290168011
dfs_5ccadfa28fcaef0a,sld2021,1,unique,360290168001
dfs_b435f7c0924b2d9a,acs2023,1,unique,360290016021
dfs_b435f7c0924b2d9a,sld2021,1,unique,360290016004
dfs_f437682b742ceab2,acs2023,1,unique,360290165002
dfs_f437682b742ceab2,sld2021,1,unique,360290165001
dfs_224afd536ac32598,acs2023,1,unique,360550038064
dfs_224afd536ac32598,sld2021,1,unique,360550038054
dfs_32bd5fdec29348ec,acs2023,1,unique,360550094041
dfs_32bd5fdec29348ec,sld2021,1,unique,360550094003
dfs_011e2e213148822f,acs2023,1,unique,360550094041
dfs_011e2e213148822f,sld2021,1,unique,360550094003
dfs_3210e3700973f429,acs2023,1,unique,360550094041
dfs_3210e3700973f429,sld2021,1,unique,360550094003
dfs_633e1e9f9f65ae97,acs2023,1,unique,360550031012
dfs_633e1e9f9f65ae97,sld2021,1,unique,360550031001
dfs_9fbbd6ee7702ecb2,acs2023,1,unique,360550076003
dfs_9fbbd6ee7702ecb2,sld2021,1,unique,360550076004
dfs_238502b6353dea7e,acs2023,1,unique,360550038062
dfs_238502b6353dea7e,sld2021,1,unique,360550038053
dfs_7fcecada14761565,acs2023,1,unique,360550093021
dfs_7fcecada14761565,sld2021,0,unmatched,
dfs_0a417253652e5916,acs2023,1,unique,360550038064
dfs_0a417253652e5916,sld2021,1,unique,360550038054
dfs_c95905c085cfa431,acs2023,1,unique,360550029001
dfs_c95905c085cfa431,sld2021,1,unique,360550029004
dfs_8558c24f5babf9d2,acs2023,1,unique,360550081001
dfs_8558c24f5babf9d2,sld2021,1,unique,360550081001
dfs_c1b5a9505997c121,acs2023,1,unique,360550094021
dfs_c1b5a9505997c121,sld2021,1,unique,360550094002
dfs_8114a043f4b23dc0,acs2023,1,unique,360550038065
dfs_8114a043f4b23dc0,sld2021,1,unique,360550038054
dfs_f4d84445ec4acc1b,acs2023,1,unique,360550038071
dfs_f4d84445ec4acc1b,sld2021,1,unique,360550038051
dfs_cea3aee00c0bf47f,acs2023,1,unique,360550038065
dfs_cea3aee00c0bf47f,sld2021,1,unique,360550038054
dfs_4d75618a8115915f,acs2023,1,unique,360550035001
dfs_4d75618a8115915f,sld2021,1,unique,360550035001
dfs_21e1056cc4855ea7,acs2023,1,unique,360550081001
dfs_21e1056cc4855ea7,sld2021,1,unique,360550081001
dfs_ccff27da08fe2cb1,acs2023,1,unique,360550038072
dfs_ccff27da08fe2cb1,sld2021,1,unique,360550038021
dfs_0dda13c1a8c4582f,acs2023,1,unique,360550083011
dfs_0dda13c1a8c4582f,sld2021,1,unique,360550083011
dfs_9deb8d86783b1ae4,acs2023,1,unique,360550020002
dfs_9deb8d86783b1ae4,sld2021,1,unique,360550020002
dfs_505a97e8ac349c24,acs2023,1,unique,360550061002
dfs_505a97e8ac349c24,sld2021,1,unique,360550061002
dfs_9c80a2c2fcb567f7,acs2023,1,unique,360550094021
dfs_9c80a2c2fcb567f7,sld2021,1,unique,360550094002
dfs_4606e978a45cc55a,acs2023,1,unique,360550094012
dfs_4606e978a45cc55a,sld2021,1,unique,360550094004
dfs_3699c865fdc46142,acs2023,1,unique,360550038062
dfs_3699c865fdc46142,sld2021,1,unique,360550038053
dfs_8a609a381506974c,acs2023,1,unique,360550094021
dfs_8a609a381506974c,sld2021,1,unique,360550094002
dfs_c5309d3801217e58,acs2023,1,unique,360550038065
dfs_c5309d3801217e58,sld2021,1,unique,360550038054
dfs_15ba4cfedbf54719,acs2023,1,unique,360550061002
dfs_15ba4cfedbf54719,sld2021,1,unique,360550061002
dfs_810ade59d6f68ea4,acs2023,1,unique,360550038072
dfs_810ade59d6f68ea4,sld2021,1,unique,360550038021
dfs_cad8ecde2f34fa25,acs2023,1,unique,360550038071
dfs_cad8ecde2f34fa25,sld2021,1,unique,360550038051
dfs_61f9a4642fb8a7ba,acs2023,1,unique,360550085001
dfs_61f9a4642fb8a7ba,sld2021,1,unique,360550085002
dfs_643f4db7c1980f06,acs2023,1,unique,360550094021
dfs_643f4db7c1980f06,sld2021,1,unique,360550094002
dfs_89c77045ca341c10,acs2023,1,unique,360550016003
dfs_89c77045ca341c10,sld2021,1,unique,360550015001
dfs_eaa673ff4c6479ee,acs2023,1,unique,360550031021
dfs_eaa673ff4c6479ee,sld2021,1,unique,360550031005
dfs_86e5c36c97e00333,acs2023,1,unique,360550038064
dfs_86e5c36c97e00333,sld2021,1,unique,360550038054
dfs_65f1246d8c224b05,acs2023,1,unique,360550083011
dfs_65f1246d8c224b05,sld2021,1,unique,360550083011
dfs_a63fd6b45b19514e,acs2023,1,unique,360550010001
dfs_a63fd6b45b19514e,sld2021,1,unique,360550010001
dfs_cb462e3d552291fb,acs2023,1,unique,360550078021
dfs_cb462e3d552291fb,sld2021,1,unique,360550078021
dfs_ebb7713f72c5c825,acs2023,1,unique,360550088014
dfs_ebb7713f72c5c825,sld2021,1,unique,360550087014
dfs_a0f2abfe63aa90fe,acs2023,1,unique,360550094041
dfs_a0f2abfe63aa90fe,sld2021,1,unique,360550094003
dfs_13b555d9b484aee9,acs2023,1,unique,360550094021
dfs_13b555d9b484aee9,sld2021,1,unique,360550094001
dfs_1fd0868c718adcf2,acs2023,1,unique,360550002002
dfs_1fd0868c718adcf2,sld2021,1,unique,360550002001
dfs_6edb1819b2224303,acs2023,1,unique,360550076003
dfs_6edb1819b2224303,sld2021,1,unique,360550076002
dfs_247c3098348cdf3e,acs2023,1,unique,360550059002
dfs_247c3098348cdf3e,sld2021,1,unique,360550059002
dfs_88691d07b3a702ce,acs2023,1,unique,360550094041
dfs_88691d07b3a702ce,sld2021,1,unique,360550094003
dfs_a728a336c1f97c39,acs2023,1,unique,360550094041
dfs_a728a336c1f97c39,sld2021,1,unique,360550094003
dfs_497685504704a47a,acs2023,1,unique,360550094021
dfs_497685504704a47a,sld2021,1,unique,360550094002
dfs_06d73906417b2be2,acs2023,1,unique,360550059001
dfs_06d73906417b2be2,sld2021,1,unique,360550059001
dfs_9f198afac612868f,acs2023,1,unique,360550094021
dfs_9f198afac612868f,sld2021,1,unique,360550094002
dfs_23e3941803569a84,acs2023,1,unique,360550023001
dfs_23e3941803569a84,sld2021,1,unique,360550023001
dfs_e592d6c9a3870c49,acs2023,1,unique,360550056001
dfs_e592d6c9a3870c49,sld2021,1,unique,360550056001
dfs_97799947c5f67e23,acs2023,1,unique,360550085001
dfs_97799947c5f67e23,sld2021,1,unique,360550085002
dfs_beb9b24ffa1518f7,acs2023,1,unique,360550013001
dfs_beb9b24ffa1518f7,sld2021,1,unique,360550013001
dfs_e99261cdb104b20e,acs2023,1,unique,360550094021
dfs_e99261cdb104b20e,sld2021,1,unique,360550094002
dfs_45c9f5d981c0c3dc,acs2023,1,unique,360550010001
dfs_45c9f5d981c0c3dc,sld2021,1,unique,360550010001
dfs_2798d2745c5fd380,acs2023,1,unique,360550094041
dfs_2798d2745c5fd380,sld2021,1,unique,360550094003
dfs_439907953911ad6d,acs2023,1,unique,360550096011
dfs_439907953911ad6d,sld2021,1,unique,360550096011
dfs_434b01749593b572,acs2023,1,unique,360550094021
dfs_434b01749593b572,sld2021,1,unique,360550094002
dfs_7c1e78337a20ec5c,acs2023,1,unique,360550094021
dfs_7c1e78337a20ec5c,sld2021,1,unique,360550094002
