{"type":"FeatureCollection","features":[{"type":"Feature","id":31463,"geometry":{"type":"MultiPolygon","coordinates":[[[[-77.701631999583796,43.188348999997807],[-77.701588000101182,43.18756299975724],[-77.701506999910322,43.187575999741846],[-77.683189000200954,43.191510000096784],[-77.683122000253803,43.191527000236292],[-77.682798000388686,43.191608999956777],[-77.682312999966797,43.191700000308352],[-77.682169999851681,43.191732000313365],[-77.680348999786418,43.192139000141239],[-77.680182000280141,43.192173000065203],[-77.674907000405312,43.193245999875977],[-77.674703000190817,43.193288000288717],[-77.670225000009111,43.194199000210801],[-77.66686200043614,43.195015000323586],[-77.665402000045901,43.19393099967801],[-77.661199000223803,43.187419000246123],[-77.660678999641803,43.186783999705419],[-77.66074700031217,43.181384999868619],[-77.660769000053492,43.179741999834839],[-77.661031999819215,43.179753000273898],[-77.661491000301851,43.17972999977043],[-77.666289000150698,43.179741999834839],[-77.666447000334458,43.179734999852151],[-77.666585000426707,43.179727000245236],[-77.667817000313008,43.179734999852151],[-77.668679000303456,43.179736000130461],[-77.669711000173209,43.179743999736154],[-77.670623000392368,43.179778000013876],[-77.671163000167539,43.179755999797813],[-77.672416999795132,43.179738000031975],[-77.672688999781684,43.179738000031975],[-77.672927000331384,43.17972999977043],[-77.674668000030707,43.179734999852151],[-77.674960000108754,43.179736000130461],[-77.678127999688058,43.179698000023869],[-77.680571000442569,43.179720000260829],[-77.682680000387933,43.179708000192093],[-77.682680000387933,43.179267000124405],[-77.682758000205723,43.179256000252821],[-77.682981999613403,43.179265000207465],[-77.683150999667802,43.179272000244048],[-77.683439000446199,43.179263999921439],[-77.683391999692219,43.178741000056917],[-77.68301599994858,43.177491999911425],[-77.682964999894963,43.177323000147467],[-77.682785999794817,43.175337000224971],[-77.682863999612621,43.173589000174708],[-77.682826999802685,43.173444999803287],[-77.681291999967698,43.172591000295206],[-77.680686000070295,43.172173000010979],[-77.679573000009668,43.171337999792613],[-77.679053000325993,43.170883999944508],[-77.678854999959299,43.170615000132187],[-77.678451999553161,43.170111999773773],[-77.67800499966441,43.169476000256019],[-77.677298000382976,43.167841999841819],[-77.676217999934323,43.164692999889283],[-77.674015000277649,43.157982999952587],[-77.673939000109655,43.157750999723952],[-77.673929000063907,43.157722000206846],[-77.673730999697199,43.157124999880928],[-77.6714989997282,43.149954000320079],[-77.670917000120227,43.148293999801488],[-77.670890000356053,43.148225000080835],[-77.669988000182641,43.145891000099923],[-77.669342000102276,43.144603999714263],[-77.668603000135462,43.143606000187816],[-77.665944000369194,43.14022199974729],[-77.665566000077419,43.139710999950559],[-77.665484999886573,43.139655999696025],[-77.663866000385994,43.137737999813432],[-77.663320999689617,43.137069000113343],[-77.662168000344366,43.135650000051086],[-77.660624000288536,43.133785999684633],[-77.658302999732754,43.130884000315199],[-77.657415999627958,43.129899000200055],[-77.656291999696705,43.128794000320411],[-77.654694000112485,43.127801999950329],[-77.654677000394059,43.127913999729749],[-77.654438999844373,43.127769999882005],[-77.654408999707144,43.127769999882005],[-77.654371000072317,43.127741999726588],[-77.654347999607765,43.127733999867125],[-77.654124000200113,43.127621999758126],[-77.65397400041229,43.127539000183113],[-77.653862000259281,43.127522999754405],[-77.653674999763226,43.127528000175637],[-77.653637000128384,43.127511999744101],[-77.653503000234082,43.127435000272257],[-77.653478000119733,43.127433999793162],[-77.65342000039341,43.12739599993229],[-77.653269999707263,43.12732499992196],[-77.65299299969783,43.127177000032603],[-77.652611000106418,43.126989999841975],[-77.652289999716047,43.126825000008914],[-77.652109999790994,43.126721000195403],[-77.652072000156153,43.126694000050968],[-77.652072000156153,43.126666000058606],[-77.652042000018923,43.126594999856643],[-77.652005000209002,43.126557000130212],[-77.65193800026185,43.126517999886083],[-77.651825000283949,43.1264739997657],[-77.651780000078105,43.126435999964144],[-77.65174999994089,43.126435999964144],[-77.651713000130954,43.126407999853676],[-77.651676000321032,43.126397000298468],[-77.651570999840743,43.126331000303381],[-77.651481000327379,43.126315000214326],[-77.651384000242984,43.126266000079639],[-77.651159000112088,43.12616699984823],[-77.650957000445729,43.126072999996772],[-77.650265000334585,43.125748000094809],[-77.650222999603486,43.125727999792232],[-77.6500960002802,43.125676000286354],[-77.649901000286519,43.125579000119053],[-77.64984100001206,43.125562999833321],[-77.649743999927693,43.125512999896998],[-77.649639000345715,43.125470000220616],[-77.6495410004364,43.12542000020828],[-77.649423000435647,43.125366000070315],[-77.649338999871745,43.125326999722517],[-77.649314999582288,43.125320000060952],[-77.64892700014309,43.125095999976956],[-77.648482999729083,43.125053000007505],[-77.648379999796916,43.124991999846479],[-77.648245000077694,43.124904000001443],[-77.647959999672338,43.12474000031014],[-77.64779599964082,43.1246520001026],[-77.64739899998078,43.124415999755549],[-77.646860000030529,43.124087000061145],[-77.646771000342071,43.124044000038083],[-77.646598000089696,43.12394400026411],[-77.646478000439103,43.123861000288194],[-77.64642499983735,43.123845000208775],[-77.646260999805818,43.123729999883793],[-77.646193000033747,43.12370199984607],[-77.645946000161544,43.123553999714723],[-77.645900999955686,43.123516000066218],[-77.645669000152111,43.123373000245785],[-77.645617000273575,43.123356000148632],[-77.64547499998335,43.123262999803408],[-77.645433000150547,43.123242000107766],[-77.645392999967569,43.12322300018959],[-77.644965000345408,43.123015999835879],[-77.644792999917954,43.122923000285162],[-77.644433999892755,43.122742000260729],[-77.644388999686925,43.122709000267385],[-77.644359000448006,43.122709000267385],[-77.644253999967702,43.122643000227299],[-77.643437000183113,43.122227000322795],[-77.643629999628644,43.122093999876412],[-77.643761000048201,43.12200300006004],[-77.645290999860336,43.121291999954629],[-77.645388999769622,43.121246000160333],[-77.645560000372171,43.121167000162025],[-77.645659999931283,43.121119999691352],[-77.651955999805196,43.117491000079504],[-77.652524999892691,43.117963000176388],[-77.653524999975403,43.119563000254566],[-77.654525000058101,43.119162999731373],[-77.653524999975403,43.117362999770215],[-77.652825000366661,43.117162999857477],[-77.654526999707926,43.116163000324477],[-77.662631999951557,43.1125990002351],[-77.660049000353268,43.112641999776734],[-77.659933000002312,43.11266399989654],[-77.659844000313853,43.112692999803876],[-77.659770999620605,43.112741000253557],[-77.659729999612722,43.112784999758297],[-77.659698999650587,43.112836000322112],[-77.659681999932147,43.112896000082308],[-77.659634000251572,43.113160999959128],[-77.65961199961194,43.113257000086641],[-77.659584000022861,43.11332399981324],[-77.659543999839897,43.113378000087572],[-77.65947000022004,43.113445999733749],[-77.658743999773719,43.113946000135272],[-77.658393000144429,43.114079999973725],[-77.65789600002698,43.114165000184045],[-77.658189999754853,43.113953999830478],[-77.658742000123908,43.113517000113056],[-77.658944999615173,43.113335999805436],[-77.65926699983045,43.112990999910267],[-77.65939400005206,43.112836999728408],[-77.659461999824131,43.112782000225323],[-77.659498999634039,43.112721999697527],[-77.659521000273671,43.112694999932664],[-77.659537000167191,43.112640000302008],[-77.65956599958119,43.112618000173569],[-77.65956599958119,43.11259000029672],[-77.659580999649805,43.112562999817875],[-77.659604000114342,43.112545999996037],[-77.659621999657674,43.112490000163682],[-77.659640999924264,43.112474999801748],[-77.659640999924264,43.112425999730462],[-77.659671000061479,43.112408999870567],[-77.659671000061479,43.112381999967617],[-77.659686000130108,43.112353999982837],[-77.659706000221604,43.112340000313516],[-77.659708999696335,43.112321999703504],[-77.659726000313086,43.112309000097582],[-77.659746000404553,43.112283000221602],[-77.659760999574857,43.112245000130869],[-77.659829000245253,43.112184000315501],[-77.659829000245253,43.112162000023147],[-77.659926000329619,43.112035999865668],[-77.659970999637139,43.111991999822436],[-77.660158000133208,43.1117840000841],[-77.660329999662352,43.111650999890358],[-77.660427999571638,43.111586999891358],[-77.660680000365019,43.111457000179222],[-77.660704999581071,43.111455000009983],[-77.66073200024357,43.11143500028134],[-77.660757000357933,43.111433000111376],[-77.660831999802681,43.111411000204811],[-77.66092200021437,43.111373000228461],[-77.660974999917812,43.1113619999375],[-77.660995000009294,43.111345999868462],[-77.661020000123656,43.111344999782006],[-77.66104699988783,43.111330999881936],[-77.661072000002179,43.111328999708583],[-77.661091000268755,43.111316999978605],[-77.661199000223803,43.111284999812817],[-77.661491000301851,43.111208000247125],[-77.661590999860962,43.111176000024344],[-77.661560999723733,43.110769999844095],[-77.661554999875946,43.110680999775823],[-77.661545999655104,43.11059800017027],[-77.661947000411416,43.110533999725924],[-77.661780000006843,43.110301999767664],[-77.661718999907478,43.110226999830488],[-77.661656000158288,43.110144000265088],[-77.661317000224585,43.109697999867009],[-77.661085000420982,43.109391999831487],[-77.661015999925695,43.109302999726921],[-77.660873999635484,43.109119999827314],[-77.660644000380017,43.108823000019072],[-77.660408000378467,43.108514999934577],[-77.660071999919495,43.108085999880906],[-77.660380999715969,43.107534000295701],[-77.660579000082677,43.107175999790314],[-77.662745999754378,43.103307000315596],[-77.662412999668433,43.103318000086517],[-77.659818000374585,43.103406999710977],[-77.657953999753303,43.103446000257307],[-77.656325000206962,43.103480999919171],[-77.654272000338125,43.103528999722812],[-77.653252999988837,43.103553000266388],[-77.652881000443145,43.10419599987636],[-77.652844999559832,43.104259000186836],[-77.65263200002282,43.104628999775272],[-77.652197999654547,43.104635999836333],[-77.652195000179802,43.1045350002832],[-77.652160000019705,43.103562000221835],[-77.652036999996056,43.103562999779562],[-77.651079999571053,43.103569999962509],[-77.651137000370781,43.104511000124603],[-77.650729999766696,43.104515000260989],[-77.65068000043631,43.103574000160428],[-77.650268999634235,43.103577000144661],[-77.64914899990093,43.103590999850731],[-77.649117000113876,43.103652999915845],[-77.648972000348948,43.103926000153734],[-77.648527000110008,43.104759999754698],[-77.64817200028277,43.105423999719662],[-77.647300000246588,43.107057000301829],[-77.646428000210392,43.107086999742741],[-77.646269000201727,43.107090999710849],[-77.646182000163094,43.107094999678644],[-77.64569699974119,43.107110000047456],[-77.644838999948703,43.108692999682717],[-77.645538999557459,43.108667000238121],[-77.645931000092929,43.108647999728987],[-77.646090000101594,43.108638999865391],[-77.646207000277457,43.108633999867784],[-77.646884000319972,43.108598999872868],[-77.647980999588739,43.108547000236953],[-77.64787099998388,43.108748999710144],[-77.647599999822219,43.109248000327021],[-77.647400999630605,43.109627999762381],[-77.647265000086477,43.109895999692021],[-77.647192000291554,43.110028999764644],[-77.647091999834117,43.110217000094224],[-77.646987000252139,43.110411999902752],[-77.646848000334955,43.11067100011374],[-77.646781000387804,43.110802000279158],[-77.646714000440653,43.110928999791327],[-77.646700000196944,43.110955000242463],[-77.646576000348404,43.111184000081636],[-77.646434999883084,43.11143799988033],[-77.646306000011663,43.111696999684384],[-77.64623400004163,43.111822999883934],[-77.646167000094493,43.111948999824129],[-77.646029999827135,43.112207000016497],[-77.645899000305874,43.112454999750618],[-77.645721999855567,43.112762999681983],[-77.645680000022764,43.112848999816102],[-77.645907999628406,43.112838999852485],[-77.645798999848452,43.1130429997053],[-77.646063000337421,43.113035999949851],[-77.646521999921717,43.113021999780806],[-77.64691000025924,43.113004000027118],[-77.64727400030732,43.112989999850697],[-77.64757100040822,43.112982000029525],[-77.648235999856865,43.112961000084042],[-77.647951000349835,43.113509999756083],[-77.647915000364819,43.113596000152008],[-77.64653600016544,43.113644999942267],[-77.64615299985077,43.113657999920193],[-77.643469999795073,43.113749999735511],[-77.642837000133497,43.113772000112746],[-77.642761999790409,43.113775000253028],[-77.642575000192679,43.113780999877314],[-77.640554999935759,43.113850999822517],[-77.639071999979294,43.113908999810128],[-77.637645000099326,43.113966999742765],[-77.635305000175308,43.117011000325931],[-77.635192000197378,43.117104999675263],[-77.63517299993083,43.117145000010325],[-77.635146999991548,43.117219000003864],[-77.635124000425336,43.117283000014723],[-77.635112999656371,43.117313999678288],[-77.635014999747085,43.117475000301397],[-77.634947999799934,43.117584000018454],[-77.63493399955621,43.117609000281135],[-77.634830999624057,43.11770999990064],[-77.63475799982912,43.117783999866631],[-77.634601000368605,43.117705999970816],[-77.63425700041202,43.117536000088755],[-77.634262000434902,43.117512999767612],[-77.634198999787387,43.117466999755045],[-77.634141999885983,43.117428000273257],[-77.634068000266126,43.11737800024553],[-77.634001000318989,43.117334000108627],[-77.633932999648593,43.117291999918685],[-77.633864000051616,43.117249999699858],[-77.633794999556329,43.11720900009859],[-77.633724000309542,43.117168999805351],[-77.633652000339509,43.117130000133642],[-77.633578999646261,43.117091999773834],[-77.633436000429455,43.11702100026357],[-77.633069000008334,43.116828999863841],[-77.632971000099047,43.116779000002396],[-77.632896999580893,43.116730000098578],[-77.632837000204759,43.116702000135881],[-77.632746999793056,43.116719000114756],[-77.632701999587212,43.116719000114756],[-77.632673000173213,43.116704000133637],[-77.63264999970869,43.116731000096983],[-77.632110999758424,43.116473999962878],[-77.631918000312893,43.116382000308278],[-77.630832999841374,43.115831000144837],[-77.62915099969328,43.114982000157902],[-77.62905699998197,43.11493600020993],[-77.628651000101073,43.114739000326885],[-77.627758000148518,43.11434700004456],[-77.627385999704515,43.114189999876302],[-77.627010999785782,43.114042999729556],[-77.626633000392331,43.11390000006439],[-77.626251999727501,43.11376200029995],[-77.625713999602169,43.113577999911364],[-77.623403999815352,43.112870999861499],[-77.623303000431321,43.112842000038455],[-77.620866000422922,43.112094999680224],[-77.620710999713893,43.112048000110413],[-77.616126000300383,43.11064400009986],[-77.616021999644985,43.110601999908887],[-77.615999999903693,43.11059299967684],[-77.615907000017273,43.110554999848375],[-77.614702999720066,43.110173000054907],[-77.614675999955892,43.110159999992533],[-77.614424999885728,43.110068000026978],[-77.6143870002509,43.110063000146063],[-77.614342000045042,43.110040999747092],[-77.614260000029262,43.110018999996036],[-77.614193000082111,43.110008000117546],[-77.613848000300635,43.109887000011923],[-77.613788000026162,43.109876000109708],[-77.613742999820332,43.10985400029935],[-77.613601000428417,43.109826999925062],[-77.613562999895265,43.10980500009709],[-77.613398999863762,43.109749999836694],[-77.613218999938681,43.109712000140668],[-77.61313600009801,43.109673999765164],[-77.613023999945014,43.109662999824671],[-77.612987000135092,43.109634999907612],[-77.612941999929248,43.109629999991334],[-77.612921000012847,43.109609000207335],[-77.612863000286538,43.109592000220751],[-77.612755000331518,43.109558999693306],[-77.612710000125659,43.109541999692887],[-77.612657000422203,43.109530999728612],[-77.612612000216373,43.10951499983674],[-77.612515999956884,43.109486999851974],[-77.611699000172308,43.111005000271895],[-77.611207000077698,43.111907999950148],[-77.612038999930931,43.111881999903872],[-77.611726999761387,43.112871999922966],[-77.611250999560326,43.114397999962414],[-77.6104739999587,43.114422000179076],[-77.609838999748973,43.114439000135583],[-77.609570999960368,43.114926999959508],[-77.608568000402926,43.116763000038127],[-77.608324999830373,43.11720900009859],[-77.608248999662379,43.117347999947008],[-77.607448999596215,43.118813000079143],[-77.606795000018238,43.119951000125816],[-77.606196999618447,43.121122000200351],[-77.603983999916011,43.12522799993836],[-77.60376200015817,43.125237999844373],[-77.603322999767016,43.12525599993333],[-77.602919000434298,43.125274000016951],[-77.600675999696321,43.129716000264359],[-77.599017999837685,43.129893999972651],[-77.596986999710126,43.130118000187977],[-77.596770999800057,43.130601000011964],[-77.596314999690478,43.1316019999879],[-77.596273999682595,43.131687999867331],[-77.595963000236281,43.132390999866345],[-77.595883999695275,43.132559000293341],[-77.595642999670829,43.133077000289056],[-77.594519999564483,43.133112000050794],[-77.594420000005357,43.133114999898353],[-77.593434000166354,43.133151999754006],[-77.593256999716047,43.133207999687791],[-77.592942000071773,43.1333050002128],[-77.59234700004501,43.133497000041281],[-77.591779999607368,43.133679000087028],[-77.59176700008689,43.13368400000499],[-77.591671999652334,43.133606000058087],[-77.591474000183936,43.133233999850354],[-77.591413999909463,43.133126999942569],[-77.591398999840848,43.133100999734523],[-77.591327999695736,43.132972999961062],[-77.591194999626353,43.133165999906119],[-77.590863000263653,43.133636999973298],[-77.590797000141393,43.133730000280067],[-77.589367999713289,43.135793999701505],[-77.589186999963346,43.13580100013111],[-77.586139999859554,43.135918999760484],[-77.584676000169679,43.135976000122071],[-77.584249000372409,43.135992999989611],[-77.582404000017689,43.136065000108928],[-77.582803000225852,43.13564100022554],[-77.582905000333113,43.135533000249318],[-77.583515000428477,43.135328000297811],[-77.584257999694927,43.135078000130378],[-77.584957000377059,43.134161999977671],[-77.583050999922975,43.13442300003701],[-77.58275299999714,43.133836999788386],[-77.581183999826962,43.134359000256154],[-77.580197000163039,43.134702999929594],[-77.580073000314499,43.134746000326324],[-77.579735000205702,43.134864999726851],[-77.579257000354787,43.135017000133729],[-77.579212999973862,43.134943999735341],[-77.578905000002294,43.13442099996292],[-77.578889999933679,43.134396000014732],[-77.575897000256575,43.13538499989923],[-77.575478999781822,43.136094999751194],[-77.575437999773953,43.136160999699051],[-77.575030000243245,43.13581199996176],[-77.572333999768745,43.135886000320376],[-77.569854999927557,43.135990999966879],[-77.565792999672439,43.136141999860421],[-77.561743999836139,43.136270000211823],[-77.561782000369263,43.136309999816042],[-77.561436999689462,43.136390999934079],[-77.561312999840908,43.136284000305714],[-77.560872999624863,43.136297999740869],[-77.560284000344197,43.136317999864843],[-77.558213000033689,43.136388000247258],[-77.553934000043597,43.136538999815961],[-77.553355999735288,43.136556999856928],[-77.55328399976527,43.136558999861109],[-77.553081000274005,43.136566000203146],[-77.552855000318175,43.136572999888834],[-77.552452999736971,43.136584999910049],[-77.551695000401907,43.136608000271849],[-77.551363999965801,43.136618999957342],[-77.551265000231595,43.136622000288362],[-77.551106000222944,43.136626999965713],[-77.550081999850789,43.136658999988768],[-77.549705000282245,43.136670999993093],[-77.54912299977596,43.136688000322962],[-77.549130000346977,43.137155000171227],[-77.549156000286231,43.139094999780312],[-77.549167999981805,43.140510000117622],[-77.549159999585868,43.141767000047061],[-77.549158999760976,43.141816999805485],[-77.548635999704246,43.141653999826225],[-77.548025999608882,43.141473000168496],[-77.547968999707479,43.141570000037198],[-77.547527999666499,43.142327000118328],[-77.547424999734346,43.142606999869109],[-77.547290000015138,43.142797000186953],[-77.547228000090854,43.142883000053878],[-77.547161999968623,43.142960999965766],[-77.547142999702046,43.142994999744921],[-77.547045999617652,43.143165000323613],[-77.5469290003401,43.143369000000732],[-77.546816000362199,43.143567999887793],[-77.546356000054672,43.144364999714767],[-77.546308000374083,43.144452999743748],[-77.54623800005389,43.144600999774909],[-77.543515999640107,43.14930900022695],[-77.543255000422519,43.149761999735794],[-77.543108999934333,43.150017000052692],[-77.542604000319272,43.150011000049751],[-77.542046999927365,43.150003999936352],[-77.541795999857186,43.150001000262009],[-77.539245999870872,43.154461000139349],[-77.539471999826688,43.154450999769004],[-77.540379999847886,43.154408000123915],[-77.540698999690093,43.154394000248182],[-77.540111000234361,43.155381999707998],[-77.539677999691008,43.156110000160091],[-77.539527000078266,43.156365000203714],[-77.539167000228147,43.15697000005877],[-77.539100000280996,43.157082000151497],[-77.53904800040246,43.157170000220717],[-77.5389730000594,43.15732500019088],[-77.538916999982888,43.1574410002411],[-77.538815999700574,43.157650000035581],[-77.538602000338642,43.158047999884118],[-77.538388000078385,43.158484999957359],[-77.538000999565782,43.159228000178693],[-77.537957999908087,43.159312999905858],[-77.537331999919189,43.160491000139181],[-77.536763999656614,43.161540999690253],[-77.536471999578566,43.162102000022053],[-77.536153999561236,43.162708999883847],[-77.535722999566019,43.163513000303205],[-77.53556799975533,43.163803000131686],[-77.533847999972394,43.167034000069542],[-77.533545000023693,43.167607000238291],[-77.533575000160937,43.167607000238291],[-77.533847999972394,43.167612000002322],[-77.534314000127708,43.16762300000579],[-77.534453999869811,43.167619999885943],[-77.534494000052774,43.167619999885943],[-77.534400000341449,43.16860699992823],[-77.534042000141156,43.168870999751228],[-77.533863999865929,43.169007000068454],[-77.533600000275285,43.169075000113509],[-77.533428999672736,43.169663000236021],[-77.533680999567821,43.169958999706694],[-77.535689999954073,43.170827000029625],[-77.53574100000769,43.171712000226243],[-77.536079000116487,43.171032999942021],[-77.537851999602864,43.167472999727906],[-77.538321000131248,43.167468999776595],[-77.538630999752627,43.167468999776595],[-77.538711000118582,43.167464999825022],[-77.538876999799939,43.167457999745345],[-77.538923999655594,43.167456000096855],[-77.543554000173259,43.167246999775443],[-77.546074999847264,43.167133000311296],[-77.548111999822595,43.167054999796704],[-77.550094000444673,43.166979000157099],[-77.55123300044454,43.166936000155324],[-77.553122000281874,43.16687000001756],[-77.553380000024731,43.166870999851398],[-77.554689999728836,43.166831999766885],[-77.55678100013084,43.16676399984555],[-77.557029999652869,43.166758000176436],[-77.557650999618886,43.167482000108762],[-77.558100000055774,43.168351999871994],[-77.558593999800195,43.169013999970623],[-77.558977000114822,43.169838000255815],[-77.559346000185784,43.170598000065262],[-77.559501999821379,43.171479999718962],[-77.55898799998549,43.172324000283872],[-77.558741000113287,43.173029999977416],[-77.558242000345999,43.173850999988581],[-77.556867000344567,43.176395000135486],[-77.557320000081106,43.17730000003877],[-77.560005999611548,43.179997999773605],[-77.560173000016107,43.181023000188169],[-77.560205999628081,43.182288000014609],[-77.560285000169117,43.184085000296982],[-77.559838000280365,43.184308999761058],[-77.559102999613202,43.184619999996485],[-77.557617000182034,43.185172000191997],[-77.557295999791663,43.186053000087064],[-77.557884999970625,43.186280000048193],[-77.557783999688283,43.186550999963949],[-77.557234999692298,43.186525000210274],[-77.556737999574835,43.186549000285567],[-77.556130000027593,43.186562999997633],[-77.55488999974537,43.18732299994663],[-77.554190999961563,43.188380999794866],[-77.554141999557757,43.188747000251055],[-77.553955999784918,43.188959000076984],[-77.553655000384353,43.189009999993232],[-77.553540999683207,43.188991999680908],[-77.552989000212463,43.189081999879463],[-77.552646999905704,43.189012999717264],[-77.551604999990218,43.18896400005783],[-77.550915000427224,43.189122000288968],[-77.550362000233278,43.189323000099698],[-77.55034999963938,43.18932699992952],[-77.54924800034776,43.189998999715833],[-77.548844999941622,43.190403999759369],[-77.548599999719229,43.190653000140372],[-77.5476259995758,43.190676999902507],[-77.546627000216318,43.191233000045322],[-77.545899000120173,43.191371999944586],[-77.545167999650985,43.191556000078158],[-77.54513599986393,43.191550000224908],[-77.544888000166821,43.191481000233061],[-77.543958000404317,43.19193999993692],[-77.543826000159839,43.192699999738643],[-77.543612999724502,43.193452000126747],[-77.543951999658219,43.194136000193815],[-77.543958000404317,43.194269999829764],[-77.54396900027497,43.194468000258517],[-77.543443999670103,43.194795999700787],[-77.543356999631456,43.195214999694358],[-77.543286000384654,43.195560000031755],[-77.542876000305853,43.195788000015703],[-77.542749999909148,43.196027999940213],[-77.54281600003138,43.196563999747127],[-77.542559000113442,43.196731999949058],[-77.542646000152075,43.197363999840228],[-77.542384000211243,43.197581999774364],[-77.541907000185262,43.197231999777912],[-77.541531000441651,43.197465000002673],[-77.54149399973339,43.197438000325732],[-77.541463999596175,43.197426999799085],[-77.541419000288641,43.197420999868143],[-77.54135099961826,43.197431999741042],[-77.541298999739723,43.197465000002673],[-77.541268999602494,43.197498000246448],[-77.541261999929816,43.197521999936285],[-77.541246000036267,43.19753599975094],[-77.541246000036267,43.197574999872714],[-77.541230999967681,43.197618999896143],[-77.541179000089116,43.197652000056642],[-77.541133999883286,43.197673999717161],[-77.541088999677442,43.197690000120154],[-77.541005999836784,43.197742999910652],[-77.540249000326639,43.197487999718057],[-77.539746000361376,43.19765300004137],[-77.538930000401677,43.198267000020174],[-77.537813999968037,43.198379999672689],[-77.537096999742545,43.199095000278042],[-77.534967999705714,43.199520999900592],[-77.534336999693934,43.199905000064376],[-77.534135999852495,43.200091999843799],[-77.534174000385633,43.200119000310892],[-77.534150999921096,43.200140999736746],[-77.534126999631653,43.200147000055026],[-77.533843999774433,43.200129999697403],[-77.533303999999276,43.200129999697403],[-77.533154000211439,43.200140999736746],[-77.533134000119972,43.200151999774157],[-77.532941999601022,43.200162999809528],[-77.532530999697286,43.200162999809528],[-77.532118999968645,43.200146000111168],[-77.532073999762801,43.200151999774157],[-77.531935999670537,43.200181000101317],[-77.531878999769134,43.200206999931297],[-77.531848999631904,43.200212000300311],[-77.531810999997063,43.200250000079173],[-77.531810999997063,43.200288999775914],[-77.531878999769134,43.200332999806818],[-77.531903999883482,43.200332999806818],[-77.53200599999073,43.200316000155816],[-77.532081000333818,43.200310999795327],[-77.532291000396086,43.200272000112655],[-77.532313999962312,43.200288999775914],[-77.532081000333818,43.200474999749609],[-77.531923999974993,43.200485999726794],[-77.531886000340137,43.200507999675175],[-77.531788000430851,43.200606999999557],[-77.531759000118527,43.200579999748427],[-77.531735999654003,43.200513999957373],[-77.531683999775453,43.200448000094916],[-77.531594000262089,43.200376999805982],[-77.531481000284188,43.200354999810372],[-77.531455000344906,43.200355999750805],[-77.531369000131193,43.200375999865891],[-77.53133099959804,43.200397999853934],[-77.531293999788119,43.200426000124892],[-77.531286000290521,43.20045299978932],[-77.531270000396972,43.200467000241233],[-77.531248999582274,43.200513999957373],[-77.53121900034337,43.200541000237699],[-77.531174000137526,43.200617999952904],[-77.531165999741603,43.200650999801134],[-77.53118900020614,43.200699999899989],[-77.531217999620125,43.200732999703824],[-77.531230000214009,43.200770999813045],[-77.531241000084677,43.200787999992123],[-77.531241000084677,43.200832000317959],[-77.531217999620125,43.200847999892822],[-77.531193000404087,43.200849999757523],[-77.531165999741603,43.200869999710676],[-77.531165999741603,43.200897999765026],[-77.531188000381221,43.200947000320362],[-77.531277999894584,43.201056999806653],[-77.531421000009729,43.201166999749411],[-77.531481000284188,43.201199999955541],[-77.531555999728951,43.201216000088706],[-77.531856000202922,43.201216000088706],[-77.532057999869281,43.201237999773859],[-77.532358000343237,43.201237999773859],[-77.53240299965077,43.201254999822815],[-77.534752999620551,43.201170000185606],[-77.53539399967805,43.201146999893673],[-77.536572000036003,43.200514999895205],[-77.53787099986944,43.199709000153113],[-77.53865599986699,43.199601000106725],[-77.540026999670459,43.199239999704098],[-77.543631999991064,43.197617999910847],[-77.543421999928782,43.19665299991167],[-77.543451000241106,43.196619999865803],[-77.543457999913798,43.196595999821241],[-77.543473999807318,43.196565999752238],[-77.54349600044695,43.196554999723233],[-77.543510999617254,43.196522000279259],[-77.54351300016539,43.19650400021775],[-77.543534000081777,43.196494000181346],[-77.543534000081777,43.19647200009539],[-77.543570999891699,43.196427999899718],[-77.543596999830967,43.196384000327228],[-77.544822000044576,43.196963000126331],[-77.545089999833166,43.195135000286669],[-77.545121999620221,43.194964000185948],[-77.545300999720382,43.194874000147287],[-77.545519000178587,43.19476399999256],[-77.545822999952193,43.19466299994378],[-77.54581299990646,43.193810999966999],[-77.545319999986944,43.192624999989512],[-77.545140999886812,43.192159999749805],[-77.545341999728251,43.192108999845921],[-77.546212000114636,43.191919000252689],[-77.546457000337,43.191794000111592],[-77.547114000288047,43.19197099973826],[-77.54823700039438,43.191229999775445],[-77.549127999798841,43.191023999883711],[-77.549578000060635,43.19044000020083],[-77.550038000368176,43.19027700023387],[-77.550593000211933,43.189938000170201],[-77.550630000021883,43.189915999685638],[-77.550804000099149,43.189840999790079],[-77.551035000077832,43.189674999841991],[-77.55129600019373,43.189900999975869],[-77.551497999860104,43.189882999926304],[-77.55213200024491,43.189906999991216],[-77.552118000001215,43.189560000208978],[-77.553043999565745,43.189561999788715],[-77.553422999682454,43.189674999841991],[-77.553959999982879,43.189701000218747],[-77.554195000159524,43.189863000301678],[-77.554189000311737,43.189646999877269],[-77.55438599995523,43.189456999824074],[-77.554931999578159,43.189217000255915],[-77.555494999817881,43.188337999797632],[-77.555016000142061,43.187954999689069],[-77.555235000425185,43.187799000004404],[-77.556581000114292,43.187292999903981],[-77.556941999789331,43.187291999749476],[-77.557208999753016,43.187286000132062],[-77.55769300035,43.18706500027676],[-77.558299000247416,43.18697700004352],[-77.558278000331015,43.18630599990616],[-77.558016000390182,43.18592199997066],[-77.558034999758448,43.185887999839508],[-77.55832500018667,43.18540799985832],[-77.558824999778864,43.185113000132844],[-77.560296000039784,43.184588999736619],[-77.560310000283465,43.185542000317419],[-77.560353999766079,43.188185000201599],[-77.560385999553134,43.188667999701231],[-77.560882999670596,43.18864799967848],[-77.560932999899308,43.188899000275129],[-77.560992000348861,43.190641000255802],[-77.561013000265248,43.191099000290393],[-77.561062999595649,43.192183000154813],[-77.561107999801507,43.192996000189055],[-77.561149999634296,43.193798000000527],[-77.561183000144567,43.194508999794053],[-77.561216999581447,43.195007000099331],[-77.561234000198198,43.195535000205716],[-77.561250999916638,43.195845000206035],[-77.561262999612211,43.196032999996802],[-77.561281000053853,43.196332000017613],[-77.561281999878773,43.196356000165999],[-77.561297999772293,43.196523000282504],[-77.561382000336195,43.19737899968041],[-77.561471999849559,43.198291000062426],[-77.561482999720226,43.198477000233218],[-77.56154200016978,43.199448999887366],[-77.561589000025421,43.200226000152668],[-77.561616999614515,43.200678999955983],[-77.561676999888974,43.201573000250214],[-77.561768999950488,43.203500999838582],[-77.561953999898407,43.207229000132131],[-77.56144699973521,43.208283000048517],[-77.561275000206081,43.208654999791769],[-77.560957000188765,43.209341999705856],[-77.560459000246382,43.2104150000971],[-77.559941000212532,43.211528000070587],[-77.559844999953057,43.211761000041065],[-77.559526000110836,43.212418999936659],[-77.559367000102185,43.212726000051077],[-77.559074000199217,43.213292999916725],[-77.558632000333347,43.214175000141239],[-77.558136999865695,43.215087000190806],[-77.557393999700949,43.21598500018878],[-77.556188999578822,43.217146000300538],[-77.55577400037545,43.217547999908525],[-77.555692000359684,43.217622000133794],[-77.555243999747717,43.218132999689225],[-77.555365000121526,43.218126000181591],[-77.555456000358134,43.218145000059046],[-77.55591300029262,43.217656000260256],[-77.558700999930309,43.21860999996921],[-77.558694000257603,43.218815000049268],[-77.558649999876678,43.218928999900939],[-77.558367999844393,43.219782000278968],[-77.558250999668516,43.220095000305854],[-77.558228999927209,43.220179999757583],[-77.557890999818412,43.220512000154308],[-77.557561000105508,43.220908000242964],[-77.556147999570953,43.222488999710087],[-77.556144000271303,43.222662999938152],[-77.556144000271303,43.223554000106375],[-77.555521999582055,43.223262999759903],[-77.55391300012721,43.223173000228513],[-77.553764999989212,43.223475000109183],[-77.553795000126428,43.224170999876875],[-77.5546529999189,43.224100999913524],[-77.554849999562393,43.224418999717308],[-77.555120999724053,43.225267000248429],[-77.555120999724053,43.226101999827677],[-77.554961999715402,43.226793000213782],[-77.554497000283305,43.226819999989381],[-77.54714900044813,43.226948000192927],[-77.54713699985426,43.226981999700698],[-77.546817000187119,43.22759900012133],[-77.546592000056208,43.228057000251091],[-77.547666999583669,43.227977000056349],[-77.548112999647515,43.228012999927913],[-77.551162000299428,43.227915999861771],[-77.55178499991527,43.227897999900016],[-77.55164400034829,43.22914399968375],[-77.55151700012668,43.234459999711994],[-77.550526000264796,43.235363999846768],[-77.550323999700126,43.235717999696043],[-77.549804000016437,43.236577000117016],[-77.558150000284499,43.238702999968964],[-77.564447999808237,43.240435999809357],[-77.574488999744872,43.245375999729276],[-77.577400000304522,43.243166000306246],[-77.577643999803669,43.242804000038369],[-77.57847900002993,43.242250999796752],[-77.578752999666335,43.241867999823171],[-77.581448000315916,43.23809399985813],[-77.584167000356643,43.236843999815179],[-77.588257000200826,43.232297999801773],[-77.585596999711342,43.232119999944111],[-77.584542000275377,43.232071000215569],[-77.584421999726459,43.232063999690133],[-77.581337999812746,43.231893999772794],[-77.581220999636869,43.231908000207412],[-77.581126999925544,43.231901000317762],[-77.581035999688964,43.231878999911324],[-77.580953999673198,43.231847000020011],[-77.580735000288385,43.231719999712872],[-77.580634999830977,43.231666999990871],[-77.580557000013158,43.231631000313911],[-77.580439999837296,43.231602999968729],[-77.580338999554954,43.231590000201479],[-77.580259999912229,43.23158699995269],[-77.578952999682869,43.231625999902597],[-77.578515999839865,43.231646000236417],[-77.578385000318605,43.231654000237228],[-77.577007999769037,43.231421999787806],[-77.576091000425322,43.231113000026781],[-77.575751999593294,43.231514999828583],[-77.575337000389922,43.231479000061903],[-77.573003000313648,43.23159700012684],[-77.571650999878457,43.231664999827551],[-77.572336000316881,43.227457999981638],[-77.571805999689161,43.227460999779112],[-77.571824999955723,43.226644000170609],[-77.570738999659284,43.226699000004899],[-77.570686999780762,43.226703000002836],[-77.565390000164626,43.227403000177603],[-77.563419000311526,43.227357999884504],[-77.56331999967901,43.226557999747065],[-77.561921000286446,43.226757999783899],[-77.560389999751095,43.226455999802909],[-77.560280000146236,43.226443999759738],[-77.560132000008238,43.226427999698537],[-77.560104000419145,43.226454000123148],[-77.55998100039551,43.226544000047227],[-77.559858000371861,43.226455999802909],[-77.559792000249615,43.22642600001786],[-77.55920899991844,43.22425699974049],[-77.558772999900341,43.22425699974049],[-77.556306999579604,43.224263000304902],[-77.55632599984618,43.223775000035381],[-77.556335999891914,43.222667000200865],[-77.556345999937648,43.22253999974938],[-77.557732999634652,43.220961999758217],[-77.558033000108622,43.220582999919706],[-77.558391000308916,43.220226999996569],[-77.558439999814397,43.220094000034379],[-77.55852900040118,43.219779000103614],[-77.558792000166918,43.218939999823704],[-77.558815999558036,43.21884500030653],[-77.558890999901095,43.218553999741303],[-77.556099999890364,43.217566999966095],[-77.556472000334352,43.217146000300538],[-77.557705000045573,43.215979999803331],[-77.558044999804196,43.215568000149517],[-77.558397999981608,43.215092999693724],[-77.558864000136921,43.214164000013639],[-77.559306999827726,43.213294000299804],[-77.559752999891572,43.212418999936659],[-77.560137999856011,43.211531999754449],[-77.560213000199084,43.211517000120217],[-77.560137999856011,43.211519000289904],[-77.560660000087836,43.210412000115603],[-77.561147000159551,43.209340999912698],[-77.561501000161883,43.208663000190796],[-77.561661999820373,43.208279000151599],[-77.561660999995453,43.208234000147328],[-77.562165999610514,43.20727699970417],[-77.562071999899189,43.20536199975065],[-77.56196800014213,43.203434999933329],[-77.561850999966254,43.201566000151587],[-77.561818000354279,43.200675000215313],[-77.561799000087717,43.200221999727439],[-77.561743999836139,43.199435999812231],[-77.561683999561666,43.198476000261984],[-77.561686999934736,43.198282000293254],[-77.561633000406374,43.19765599999554],[-77.561609999941822,43.197383000292042],[-77.561562000261247,43.196512000245747],[-77.561565999560898,43.196474000103521],[-77.561546000367727,43.196353000147973],[-77.561544999644497,43.196330000004821],[-77.561526000276245,43.196030999974212],[-77.561513999682361,43.195844000191663],[-77.561495000314096,43.195536000225147],[-77.561460999978905,43.195009000155487],[-77.561435000039651,43.194512999938937],[-77.561337000130365,43.193793999808783],[-77.561297999772293,43.19298899976129],[-77.561264000335413,43.192176000288725],[-77.56125699976441,43.191787000200883],[-77.561244000243946,43.191092999737322],[-77.561199000038101,43.190635999757376],[-77.561108999626398,43.188897000018741],[-77.561101999953721,43.188656000081359],[-77.56182199965393,43.188662999696177],[-77.562348000083716,43.188617000154203],[-77.563475000388038,43.188458999925793],[-77.56462799973329,43.188455000039042],[-77.565775000129079,43.188544000240441],[-77.566910999755933,43.18846699969847],[-77.568043000083108,43.188427000169625],[-77.569247000380301,43.188384000204799],[-77.570562000107287,43.188335000040425],[-77.571639000182884,43.188295999908163],[-77.572587000387074,43.188270000242824],[-77.573521000347526,43.188231000069088],[-77.574460000330859,43.188190999730651],[-77.575395999941151,43.188158999833981],[-77.576336999574309,43.188129999688023],[-77.577299999847085,43.188097999759371],[-77.578446000417983,43.188060000272607],[-77.579782999886262,43.18801599990659],[-77.581342000010707,43.187999000099069],[-77.583723999767528,43.1879040002013],[-77.583723999767528,43.188313000287962],[-77.583723999767528,43.189013999843567],[-77.583734999638182,43.189794999825992],[-77.58370000037641,43.190608999678766],[-77.584025999891324,43.190568000142903],[-77.584300000426026,43.190531999777001],[-77.584311000296694,43.190782999830454],[-77.584318999794291,43.190931000299329],[-77.584365999649947,43.191783999958247],[-77.584419000251714,43.192569000134199],[-77.584456000061635,43.193273000097861],[-77.584560999643614,43.194799999826849],[-77.58457999991019,43.195135000286669],[-77.58459699962863,43.195411000288566],[-77.586113000095381,43.195318000185324],[-77.591624999796664,43.195068999844992],[-77.591699000314819,43.196283999692469],[-77.592388000052907,43.196389999705232],[-77.594671999900442,43.195905999741832],[-77.595252999683481,43.195922999966612],[-77.600096999563107,43.195160000276516],[-77.602417000293968,43.194909999916732],[-77.6042640002985,43.194608000028445],[-77.606183000273063,43.194495999976262],[-77.607760999765759,43.194403999826392],[-77.607817999667176,43.195319000208322],[-77.607727000328879,43.195976999994279],[-77.609038999682824,43.195617999798245],[-77.609078999865787,43.196205999738432],[-77.609139000140232,43.19714499978906],[-77.609200000239611,43.198098000137819],[-77.609261000338975,43.199085000011394],[-77.612531000025513,43.198998000045115],[-77.615491000090657,43.198925000105717],[-77.617870000372761,43.198868000172972],[-77.618186999666847,43.198860999763987],[-77.622375000318641,43.203011999827545],[-77.623146999897401,43.204054000058825],[-77.623224999715205,43.204962000082446],[-77.623424999731753,43.205862000231051],[-77.620924999974136,43.208661999731753],[-77.616564999793226,43.211996999679862],[-77.614907999759467,43.216134999778745],[-77.61282399992848,43.221661999741158],[-77.613125000227356,43.225162000197294],[-77.614424999885728,43.230862000300498],[-77.614754999598588,43.231438999932557],[-77.615691000107205,43.232972000265718],[-77.615922999910794,43.233362000250644],[-77.613906999851849,43.23616200022709],[-77.612895000073593,43.23910700001435],[-77.612956000172957,43.241280000303817],[-77.612187999893848,43.244381000092929],[-77.611756999898617,43.244462000220473],[-77.611525000095028,43.245161999929785],[-77.611837000264558,43.245642000279013],[-77.611601000263022,43.246038000042773],[-77.610858000098261,43.247291999869546],[-77.610402999813573,43.248057000064456],[-77.610013999651159,43.248712999912442],[-77.608935999750656,43.25015700031129],[-77.608345999746774,43.250918000138832],[-77.607881000314677,43.251547999748972],[-77.607734999826491,43.251741999739387],[-77.60700500008052,43.252712000236251],[-77.606965999722476,43.252762999848358],[-77.606790999820277,43.252995999906368],[-77.606744999789541,43.253109000220036],[-77.60669299991099,43.253210000317146],[-77.606636000009573,43.253321000127045],[-77.606589999978823,43.25338000030321],[-77.606543000123168,43.253438000043609],[-77.606512000161018,43.253476999747761],[-77.60598499990634,43.254128999943781],[-77.605147000205335,43.25393300027347],[-77.604915000401746,43.253876999784481],[-77.604301000108421,43.253730999692813],[-77.604205999673866,43.253859000293971],[-77.60391600014394,43.254249999769129],[-77.603798000143172,43.254409000060875],[-77.603674000294632,43.254780999701843],[-77.60366400024887,43.254808000162463],[-77.603558999768566,43.255089000126105],[-77.603520000308819,43.255199999782448],[-77.603497999669216,43.255261999838361],[-77.603425999699184,43.255543000324117],[-77.603417000376666,43.255577000234375],[-77.602038000177274,43.257083999973304],[-77.600149000339954,43.25859200000103],[-77.601089000148207,43.259075999678046],[-77.600392000014196,43.259874999838303],[-77.600370000272903,43.259869999782325],[-77.598016999930053,43.262520000035678],[-77.598098000120899,43.262567999906388],[-77.598493999956034,43.263316000142957],[-77.598847999958366,43.263983000121797],[-77.598913000255692,43.264031000147341],[-77.601952999788466,43.26067099985567],[-77.602663000341266,43.259886999840248],[-77.60598499990634,43.261596999808688],[-77.620443999750222,43.269045000315458],[-77.622424999649027,43.267762000105179],[-77.623372000028297,43.266990999893494],[-77.623543999557427,43.266836999888369],[-77.623787999954914,43.266799999901288],[-77.623740000274339,43.266628999934092],[-77.623828000137891,43.266529000017606],[-77.623936999917831,43.266586000153687],[-77.624033000177292,43.266494000171519],[-77.624136999934365,43.266554999684615],[-77.624330000278221,43.266427999771615],[-77.624213000102344,43.266363000120563],[-77.624158999675672,43.266395999710554],[-77.624095000101576,43.266371000141724],[-77.624189999637807,43.266308000109987],[-77.62429599994303,43.2661910000649],[-77.622428999847003,43.264924000303097],[-77.621581000100264,43.264421999722401],[-77.620658000010451,43.263980000159819],[-77.619818999586244,43.263468999683596],[-77.618979000235413,43.262818000283815],[-77.618257999811959,43.262424999757492],[-77.617460000293931,43.261883999974991],[-77.616661999877593,43.261341999715668],[-77.615846999742814,43.260687999689942],[-77.615794000039358,43.260422999694121],[-77.615634000205787,43.259603000251005],[-77.615395999656116,43.258668000048139],[-77.615512999831978,43.256039000135772],[-77.615512000007058,43.255684999938971],[-77.615510000357233,43.254845999942326],[-77.615508999634017,43.254335000005561],[-77.616820999886258,43.253100999764726],[-77.616900000427293,43.253025999697449],[-77.617899999611666,43.253126000202776],[-77.617711000364096,43.255832000265038],[-77.619310999598127,43.255832000265038],[-77.619340999735329,43.253049000050673],[-77.620308000206094,43.253049999781375],[-77.620904000057735,43.253049999781375],[-77.62094099986767,43.253049000050673],[-77.621047000172879,43.253032999777417],[-77.621289999847122,43.253056000127998],[-77.621470999597094,43.253046999934938],[-77.621552999612845,43.253042999703311],[-77.62211800040069,43.253036000278783],[-77.621859999759522,43.252558999835102],[-77.622554000418788,43.249229000186865],[-77.626547000178604,43.245286000131465],[-77.627344999696646,43.244477000256516],[-77.628641000055339,43.241750999930332],[-77.628817999607335,43.239562000193509],[-77.629099999639649,43.236210999938592],[-77.629267999869157,43.230862999740815],[-77.629157000439378,43.230751000144046],[-77.629227999686179,43.228589999695096],[-77.629248999602567,43.22795199976936],[-77.629266000219317,43.227790000017798],[-77.629312000250081,43.227465999877573],[-77.629373000349446,43.227143000134689],[-77.629431999900675,43.226899999738983],[-77.629451000167251,43.226822999818211],[-77.629544999878576,43.226505000118266],[-77.62965500038176,43.226188999756943],[-77.62978000005522,43.22587600025129],[-77.629920999622229,43.225568000047176],[-77.630076000331229,43.225263000156261],[-77.630247999860373,43.224962000160644],[-77.630269999601666,43.224925999796376],[-77.630432999808306,43.22466600031612],[-77.630633999649746,43.224376000242223],[-77.630848999734894,43.224090000267331],[-77.636024000050611,43.218076999677834],[-77.636482999634921,43.217543000305859],[-77.637389000006294,43.217547000249901],[-77.641286000404961,43.217591999929411],[-77.644686999612759,43.217616000225021],[-77.645245999654492,43.217639999856523],[-77.645232000309107,43.21723200025388],[-77.645252000400589,43.215579999714812],[-77.645259999898201,43.214754999715744],[-77.645266999570879,43.213931999775895],[-77.645283000362738,43.213059000174589],[-77.645316999799604,43.211740999730118],[-77.645489000227059,43.211208000287279],[-77.645489000227059,43.210990999701963],[-77.643105999746993,43.21048400028539],[-77.642466000412725,43.210441999923887],[-77.643956999866788,43.208362999896131],[-77.644108000377841,43.208151999850486],[-77.646515000249039,43.204797999748465],[-77.647063000420104,43.204032000079472],[-77.647220999705553,43.203814000272232],[-77.647983999961781,43.204056999698217],[-77.649281000145407,43.204471000249995],[-77.651696000412528,43.204747999798499],[-77.652488000082769,43.204873000251403],[-77.652739999977854,43.204090000305527],[-77.652790000206565,43.203956999852259],[-77.652986000025123,43.203984999799431],[-77.65376599999982,43.204097000114565],[-77.656962999891434,43.204433999699788],[-77.657696000010446,43.204512000267208],[-77.658044999989897,43.204587999683227],[-77.658095000218609,43.204589000209097],[-77.658484000381037,43.204600000099305],[-77.659082999707437,43.20479299975532],[-77.659292999769718,43.204865000010038],[-77.659624000205838,43.2049639998123],[-77.659821999674236,43.205044999947717],[-77.660302999898164,43.205005000152966],[-77.660425999921799,43.204752999795339],[-77.660426999746718,43.204540999831544],[-77.66034100043133,43.204390999881589],[-77.660471000127657,43.203427000158243],[-77.660456000059042,43.20283799983828],[-77.660526000379249,43.198663999805241],[-77.660517000158421,43.198218999907461],[-77.660482999823216,43.196452000010396],[-77.660461000081924,43.195312000047061],[-77.664898000255747,43.195561000050766],[-77.666645999627775,43.195972999945376],[-77.669421999569892,43.195030000086277],[-77.670449000315088,43.194778999816954],[-77.674693000145069,43.193820999788215],[-77.674883000115869,43.193777999694021],[-77.680091999868452,43.192601999751083],[-77.680342000113697,43.192544999806238],[-77.68224500019474,43.192254000154385],[-77.68233700025624,43.192239999782814],[-77.682788000342953,43.192170999916108],[-77.683104999637052,43.192182000080393],[-77.685677000262984,43.191796000273037],[-77.688247000340795,43.191108999901026],[-77.701499000412738,43.188379000176482],[-77.701631999583796,43.188348999997807]]],[[[-77.68303299966702,43.119001000309851],[-77.68293800013079,43.118861000318546],[-77.682820000130008,43.118624999926567],[-77.682713999824784,43.118347999786238],[-77.6826369998319,43.118064999843916],[-77.6826080004179,43.117836000179103],[-77.682267999760967,43.117397000011707],[-77.681107999844684,43.117760000312828],[-77.680900000330539,43.11738900011089],[-77.680713999659389,43.117063999976843],[-77.680575999567111,43.116809999921301],[-77.680789000002463,43.116738000085554],[-77.681508999702686,43.116494000012075],[-77.681387000402253,43.116120999986492],[-77.681311000234274,43.116158000285736],[-77.679891999851904,43.116565000133818],[-77.679851999668927,43.116220000081334],[-77.679782000247059,43.115612000156332],[-77.680373000075846,43.115600999971583],[-77.680635000016665,43.115595999886914],[-77.680525000411819,43.115419999925862],[-77.680110000310108,43.114756000195328],[-77.678456999576014,43.113681999771302],[-77.676721999724478,43.112735999935254],[-77.67505899984296,43.112418999904484],[-77.674376999777564,43.112414000215622],[-77.670615999821365,43.112481000209272],[-77.67004599990895,43.112773999721128],[-77.669689000431887,43.112936999950243],[-77.66834200001955,43.113512999909162],[-77.668424000035316,43.11425000027635],[-77.668480000111828,43.115400000181459],[-77.668561000302674,43.115427000064408],[-77.66905300039727,43.115588999767716],[-77.668389999700125,43.115689000082952],[-77.667685999893436,43.115703000297636],[-77.667233999981818,43.115711999778227],[-77.666686999635644,43.115722999943067],[-77.665786000185463,43.115742000223115],[-77.665265999603449,43.115751999712366],[-77.665001000187914,43.11574500026677],[-77.664828999760459,43.115730000046902],[-77.663166999703847,43.115731000061693],[-77.659721000290205,43.117205000136018],[-77.659625999855649,43.117243999759928],[-77.659918999758602,43.117720999706314],[-77.658171000386588,43.118456999915324],[-77.657880999958351,43.117966000111146],[-77.656516000002682,43.118530000320341],[-77.654534000278943,43.119366000185984],[-77.654410000430374,43.119418999764221],[-77.654607999898772,43.119921999723694],[-77.653509999906788,43.12033299986664],[-77.653412999822393,43.119842000035362],[-77.652442000052019,43.120245999817868],[-77.653629999557367,43.124208000284007],[-77.654016000245079,43.124698999826833],[-77.65420799986569,43.124942999963309],[-77.654114000154365,43.125046000314541],[-77.653936999704044,43.125237999844373],[-77.65397400041229,43.125497000249652],[-77.653956999795525,43.125775000001092],[-77.655621000400288,43.125867999805763],[-77.657174999603541,43.126471000248095],[-77.657352000053848,43.126533999921982],[-77.657449000138229,43.126649000220894],[-77.658424000106592,43.127761000208082],[-77.658728999705104,43.128068999806224],[-77.658978000125444,43.128373999740347],[-77.659265000180639,43.128835999826435],[-77.659337999975563,43.129027999917106],[-77.659389999854099,43.129210000149989],[-77.659410999770486,43.129516999874021],[-77.659410999770486,43.129938000255329],[-77.659420999816234,43.130275000133842],[-77.659426999664021,43.130494000086685],[-77.659436999709769,43.130721999806134],[-77.659441999732621,43.130871999830823],[-77.660435999967561,43.130857999809116],[-77.660769000053492,43.130859999999736],[-77.661262999797884,43.130854000083289],[-77.661484999555768,43.130851000124871],[-77.66175700044063,43.130848000166303],[-77.662694999700747,43.130825000260408],[-77.663365999895476,43.130797999960777],[-77.66445300001682,43.130766000148704],[-77.664514000116185,43.130767999686732],[-77.66585200030768,43.130769999880293],[-77.669331000231608,43.130772000073748],[-77.670522999934931,43.130763000185922],[-77.672241000068027,43.130750999677851],[-77.672851000163391,43.130746000175698],[-77.672918000110542,43.130746000175698],[-77.673036999936244,43.130618999833956],[-77.673048999631817,43.13053799993768],[-77.673230000280086,43.13025799998799],[-77.673464999558419,43.13026399996285],[-77.673683999841529,43.130276999687929],[-77.673801999842311,43.130284000093475],[-77.673822999758698,43.130118000187977],[-77.674269999647464,43.129606999870475],[-77.677565000346661,43.125836999886566],[-77.680947000186208,43.12164999985179],[-77.681265000203524,43.121399000240459],[-77.682282000004662,43.119942999903195],[-77.68303299966702,43.119001000309851]]]]},"properties":{"AREALAND":92621737,"AREAWATER":3650731,"BASENAME":"Rochester","CBSAPCI":"Y","CENTLAT":"+43.1688606","CENTLON":"-077.6159307","FUNCSTAT":"A","GEOID":"3663000","INTPTLAT":"+43.1699272","INTPTLON":"-077.6168907","LSADC":"25","MTFCC":"G4110","NAME":"Rochester city","NECTAPCI":"N","OBJECTID":31463,"OID":"27890104615829","PLACE":"63000","PLACECC":"C5","PLACENS":"00979426","STATE":"36","DISP_CLR":5}},{"type":"Feature","id":31949,"geometry":{"type":"MultiPolygon","coordinates":[[[[-74.258753999793683,40.500103000247044],[-74.258843000380466,40.498874999999039],[-74.258136000200707,40.497389000259247],[-74.257116999851434,40.495244999942685],[-74.256290000021096,40.49350600023071],[-74.256134000385472,40.493182999785795],[-74.253634999554478,40.487919999933297],[-74.253299999818722,40.487215000094231],[-74.253143000358207,40.486886000094536],[-74.253036000228079,40.486660000142578],[-74.249947000291499,40.485536000039168],[-74.248969999774999,40.485181000181768],[-74.246668000384119,40.484343000180601],[-74.243811000251128,40.483300999670625],[-74.240981999707245,40.482273999779508],[-74.23795600041818,40.481172000145179],[-74.235290000080909,40.480202000209232],[-74.229518000088632,40.478101999675182],[-74.228195999790628,40.477621000230087],[-74.227763000145586,40.477462999832312],[-74.22533100016004,40.476578000223199],[-74.218540999643409,40.477747000133718],[-74.216801999593883,40.478045999891471],[-74.206442999639961,40.479817999978479],[-74.200002999825969,40.480938000262768],[-74.176332000423983,40.485011999699694],[-74.162206999592627,40.487444000211539],[-74.158820999555147,40.488023000185187],[-74.137059999906853,40.491771999962047],[-74.130578000260087,40.492887999702432],[-74.102546999778809,40.497713000336603],[-74.098035000160237,40.498488999920355],[-74.094681999734703,40.499067000180844],[-74.092727999600044,40.499406000334254],[-74.091911999640359,40.499543000111743],[-74.091263999910154,40.499663000290298],[-74.085619999964379,40.500627000243419],[-74.083243000230439,40.501037000116028],[-74.069720999821769,40.503368999974761],[-74.056729000040818,40.505599000239478],[-74.043779999917589,40.507828000209123],[-74.042279000417778,40.508084999999632],[-74.013522000388519,40.513006000259509],[-73.977873999560245,40.519095000327916],[-73.947794000306402,40.508389999982533],[-73.902139999701618,40.492121000247693],[-73.889645000038158,40.486510999918224],[-73.886652000361039,40.489793999748905],[-73.886542999682788,40.489929000336573],[-73.882272000088633,40.495210000312021],[-73.881839000443591,40.495689999998952],[-73.876777999930681,40.501126999802665],[-73.87002900032023,40.502485999723795],[-73.860609000349626,40.508386000341083],[-73.854843000205136,40.511999999855988],[-73.837815999933284,40.518453000232732],[-73.82987499972117,40.521464000259698],[-73.826158000145881,40.522873999983631],[-73.818919000090659,40.524504999914434],[-73.804241999788587,40.527814999766264],[-73.792855000162845,40.530381999671121],[-73.783969000119626,40.532387000134747],[-73.776981000134569,40.533012000169236],[-73.772964000085324,40.533370999736846],[-73.768781000354707,40.533746999671216],[-73.768738999623594,40.533873000005244],[-73.767629999760942,40.537151999748026],[-73.767271999560649,40.538111000047174],[-73.76493199963663,40.544402000327494],[-73.762234000410615,40.550203000014491],[-73.758255999821102,40.555363999970325],[-73.758046999583726,40.557268000302081],[-73.75690900030709,40.567651999925445],[-73.755700999811921,40.578687999952997],[-73.75557000029066,40.583093999945916],[-73.755566999917605,40.583186000289849],[-73.755501999620265,40.585386999718445],[-73.755182999778043,40.585649000118302],[-73.75237099985091,40.587965000266095],[-73.752120999605651,40.588181999760288],[-73.750978000306134,40.589049000175294],[-73.747748999729168,40.591503000026172],[-73.744468999996869,40.592904000126303],[-73.743828999764276,40.592870999674169],[-73.743603999633379,40.592859000187893],[-73.743380000225699,40.592847000017308],[-73.743237000110568,40.592838999902405],[-73.741627999757412,40.592871999688114],[-73.740019000302567,40.592906000153185],[-73.73846799967572,40.592936999879981],[-73.738389999857915,40.592938999905883],[-73.737231999591472,40.592964000224441],[-73.737184999735817,40.592965000236987],[-73.737225999743686,40.59304799986208],[-73.737414000064675,40.593425000330598],[-73.737420999737367,40.593457999827152],[-73.737450999874582,40.593603999740083],[-73.737521000194789,40.593919999936347],[-73.737604000035461,40.594209000172533],[-73.737636999647421,40.594414999970233],[-73.737655999913997,40.594417999942678],[-73.737703999594572,40.594437999755918],[-73.737819000120624,40.594482999995854],[-73.737925000425832,40.594525000237986],[-73.737977000304355,40.594543000041298],[-73.738077999688386,40.594586000234045],[-73.738091999932081,40.594632999667468],[-73.738462999652867,40.595866000286655],[-73.738464000376084,40.595923999836572],[-73.738465000201003,40.59604999981444],[-73.738466000025895,40.596454000026093],[-73.738449000307469,40.596982000201756],[-73.738446999759333,40.59713900005687],[-73.738446999759333,40.597480999855136],[-73.738438000436815,40.597814999748557],[-73.73842199964497,40.598017000283384],[-73.738404999926544,40.598187000267309],[-73.738400999728583,40.598334000017218],[-73.738397000428932,40.598473000003061],[-73.738395999705702,40.598532999878202],[-73.738370999591339,40.599489999679129],[-73.738288999575587,40.601621999883854],[-73.738269000382402,40.602307000160323],[-73.738265000184455,40.602556999951453],[-73.738358000070875,40.602660000027228],[-73.73842199964497,40.602767000090132],[-73.738462999652867,40.60283599967017],[-73.738491999965177,40.602983999972267],[-73.738498999637855,40.603062999990193],[-73.738518999729365,40.603127999822654],[-73.738584999851597,40.603209999930357],[-73.738732999989594,40.603396999957724],[-73.73878499986813,40.603462000147417],[-73.738901000219087,40.603608000038783],[-73.739029000265603,40.603769000105132],[-73.739235000129938,40.60402799987255],[-73.739401999636186,40.604178999797881],[-73.739462999735565,40.604234999949952],[-73.740291000289119,40.604598000297223],[-73.740570999773297,40.604879999865815],[-73.741148000256715,40.605460000147815],[-73.741771999697448,40.606021000235536],[-73.742073999821244,40.606266000025556],[-73.742463999808592,40.606594000139481],[-73.742873000062502,40.606932999894227],[-73.743167999615281,40.607176999951015],[-73.743212999821139,40.607204999799926],[-73.74329200036216,40.60725100011085],[-73.743550999929923,40.607452000297258],[-73.743392999746192,40.607569000178302],[-73.743203999600297,40.607704999998305],[-73.743069999705995,40.607886000307253],[-73.743145999873988,40.607957000317214],[-73.743058999835341,40.607997999808319],[-73.743215000369275,40.608233999750091],[-73.743310999730426,40.608383999938688],[-73.743451000370811,40.608600000218992],[-73.743622999899941,40.608869000153945],[-73.743675999603411,40.608956000268783],[-73.744450999555198,40.610169000073505],[-73.745168999605596,40.611300000053781],[-73.745491999645793,40.611805000318924],[-73.745530000178945,40.611871000244427],[-73.745792999944683,40.611768999774114],[-73.746074999976997,40.611661000069198],[-73.746387000146512,40.611540000230328],[-73.746746999996617,40.6114030002948],[-73.746854999951665,40.611574000066263],[-73.746941999990298,40.611775000207246],[-73.74711900044062,40.612035999773006],[-73.747193999885383,40.611997999897021],[-73.747495000184273,40.611887999739423],[-73.747614000009946,40.611997999897021],[-73.747993000126613,40.61231000017721],[-73.748215999709387,40.612010999767293],[-73.749120000430935,40.611793999870379],[-73.750087999828281,40.611640999953124],[-73.750651999892895,40.611453000069865],[-73.753457999972255,40.610519999834914],[-73.75473199969133,40.610404999849969],[-73.754946999776493,40.610497000126564],[-73.755197000021766,40.610593999702765],[-73.757234999821989,40.610992999909747],[-73.757546000166613,40.611037000174662],[-73.758910000297405,40.61120600003953],[-73.759333999721619,40.611258000121808],[-73.759630999822519,40.61129700015691],[-73.760020999809868,40.611349000168381],[-73.762083999724467,40.612731999995695],[-73.763453999703017,40.613690000100739],[-73.763476000342649,40.613706000112572],[-73.764349000203751,40.614315999837444],[-73.76524399980616,40.614941999846266],[-73.766719000265013,40.615003999987579],[-73.766756999899854,40.615283999931286],[-73.767459000056718,40.620510999957787],[-73.767571000209713,40.621476999760503],[-73.768552999850769,40.623154999927451],[-73.76858399981289,40.623312999907391],[-73.768609999752172,40.623372999983118],[-73.768643000262443,40.623431000209628],[-73.768643000262443,40.623491999735215],[-73.768668000376792,40.623589000218523],[-73.768762000088117,40.623760999716957],[-73.768757000065264,40.623819999839313],[-73.76883800025611,40.623951999750943],[-73.768804999745839,40.624026999971917],[-73.768829999860188,40.624100000333428],[-73.768777000156746,40.624195000161293],[-73.768783999829438,40.624289000310178],[-73.768761000263225,40.624352000183599],[-73.768709000384689,40.624386000317848],[-73.76864900011023,40.624465999803462],[-73.768623999995867,40.624585000335422],[-73.768603999904386,40.624733000197075],[-73.768562999896503,40.624801000060373],[-73.768500000147313,40.624896999789648],[-73.768418000131547,40.624988999883684],[-73.768326000070033,40.625096999861995],[-73.768292999559776,40.625236000094752],[-73.76826900016863,40.625295000277745],[-73.768249999902054,40.625398000079414],[-73.768153999642593,40.625448999816491],[-73.768141999947019,40.625463000004899],[-73.767932999709643,40.625755000148395],[-73.767782000096901,40.625911999912688],[-73.767772000051167,40.625995999734869],[-73.767757999807472,40.626112999871182],[-73.767707999578747,40.626208000244866],[-73.767506999737293,40.626469000016009],[-73.767424999721541,40.626605999738423],[-73.748000999624225,40.634630999943504],[-73.746022000273541,40.635211999716986],[-73.744176999918821,40.637355999669744],[-73.743940999917285,40.63754100019603],[-73.743651000387374,40.637768999885125],[-73.743294999836905,40.638047999817587],[-73.742360999876425,40.63809300000537],[-73.741501000434127,40.637849999721745],[-73.741200999960157,40.637590000150084],[-73.741186999716447,40.63741199996425],[-73.741269999557133,40.63725700003242],[-73.742081000392247,40.636381000087965],[-73.742530999755743,40.635714999764801],[-73.742580000159535,40.635648000162831],[-73.74262899966503,40.635537000033381],[-73.742673000045968,40.63540800001951],[-73.742649999581431,40.635045000038211],[-73.74223700002787,40.634851000168531],[-73.741677999986123,40.634837999970891],[-73.741094999654948,40.634931000070658],[-73.740801999751994,40.634986000288578],[-73.740140999603,40.635110000117919],[-73.739959999853014,40.635144000228848],[-73.739471000131488,40.635705999954432],[-73.739558000170121,40.635863000183498],[-73.74028399971813,40.637175000125261],[-73.740662000009891,40.637833000016663],[-73.741031999905758,40.638476000042381],[-73.741125999617083,40.638656000139051],[-73.741224000424694,40.638827999687095],[-73.741262999884427,40.638905000256621],[-73.741534000046087,40.63923000031874],[-73.74228300005862,40.640121000201347],[-73.741427999740864,40.640502000225517],[-73.742051000255032,40.641473999700438],[-73.74187299997979,40.641804000023342],[-73.741759000176998,40.642016000105478],[-73.741661000267683,40.642198000114647],[-73.741642999826027,40.642440000294549],[-73.741631999955374,40.642586000215374],[-73.741622999734531,40.642715999941409],[-73.741484999642282,40.645247999808099],[-73.741467999923842,40.645563999814939],[-73.74144799983236,40.645941999738696],[-73.741440000334762,40.646085999698286],[-73.741438999611518,40.646344999681347],[-73.741436999961707,40.646888999839028],[-73.739189999924079,40.648122000009842],[-73.739045000159123,40.648200999816929],[-73.738799000111825,40.648296999982847],[-73.737625999776753,40.648753000077988],[-73.737460000095425,40.64881799976007],[-73.736978999871482,40.649005000264474],[-73.73673500037232,40.649100000101335],[-73.735135000239993,40.649732000308376],[-73.734387999877285,40.649821000050878],[-73.732207999786809,40.650091000128519],[-73.731426999987221,40.650171000168882],[-73.731055000441543,40.650230999965864],[-73.730004000305215,40.6504799998417],[-73.729738999991355,40.650557999751285],[-73.729497000142004,40.650636000251247],[-73.728990999803713,40.650838999726936],[-73.728702999923627,40.650916000071554],[-73.728529999671267,40.650972999720679],[-73.727024000148589,40.651497999687422],[-73.726872999637536,40.65154100003263],[-73.726818000284254,40.651577000268631],[-73.726670999971162,40.651685000178595],[-73.726515000335553,40.651752999855503],[-73.726429999946745,40.651791000286224],[-73.726188999922329,40.651861000162143],[-73.725946000248086,40.651960999760064],[-73.725681999759104,40.652057999778961],[-73.725495999986279,40.652114999815602],[-73.725248000289156,40.65219299985862],[-73.725051999572273,40.652340999864272],[-73.724983999800202,40.652678000264167],[-73.724820999593589,40.653019999983499],[-73.724874000195342,40.653446999828738],[-73.724787000156709,40.654000999872657],[-73.725335000327803,40.655323999826557],[-73.725758999752017,40.656998000291672],[-73.725881999775666,40.657537000151493],[-73.72592699998151,40.657731000190829],[-73.726027000438918,40.657996000323536],[-73.726210999663621,40.65847900000751],[-73.72644400019044,40.659161999850419],[-73.726809999888346,40.659794999850625],[-73.727208000271602,40.660421999826582],[-73.727592000411164,40.661093999713522],[-73.727931000344867,40.661748999898464],[-73.728153000102722,40.662454000218887],[-73.728331000377963,40.663043999925847],[-73.728085000330651,40.663070999878819],[-73.727814000169005,40.663223999860072],[-73.727763000115374,40.663985000066212],[-73.727814999993925,40.664689999920668],[-73.727823000389847,40.664806000084532],[-73.727840000108273,40.665053000166623],[-73.72795399991108,40.665343999933825],[-73.728030999903993,40.665518999709278],[-73.728224000247835,40.665964999883535],[-73.72827199992841,40.66644000030481],[-73.728264000430812,40.666606000197937],[-73.728221999699699,40.667313999708441],[-73.728264000430812,40.668072999759922],[-73.728178000217085,40.66871900009869],[-73.728095000376385,40.669441999715225],[-73.727999999941829,40.670112000265853],[-73.727937000192654,40.670545999861048],[-73.727941000390615,40.670808999762457],[-73.727905000405599,40.670840000135875],[-73.727886999963928,40.671050000219871],[-73.727855000176902,40.671260999845856],[-73.727840000108273,40.671388999855452],[-73.727833000435581,40.671445000208173],[-73.72782900023762,40.67147399988572],[-73.727813000344113,40.671612000104929],[-73.727789000054642,40.671787999979998],[-73.727726000305452,40.672280000278619],[-73.727681000099622,40.672645999957318],[-73.727631999695816,40.673031999802184],[-73.727577000342535,40.673475999807913],[-73.727527999938729,40.673870999732266],[-73.727547000205305,40.674084000291671],[-73.727557000251068,40.67410100030061],[-73.727542000182439,40.674160000217817],[-73.727440999900111,40.674428999744471],[-73.727301000158036,40.674739000307099],[-73.727141000324451,40.675096000164913],[-73.726944999607539,40.675551999676259],[-73.726850999896214,40.675769000177226],[-73.726712999803965,40.676090000037497],[-73.726542999924646,40.676486999713497],[-73.726455999886014,40.676747999784382],[-73.726354999603657,40.676973000059071],[-73.726198000143143,40.677380999791986],[-73.726010999647087,40.678078000286746],[-73.725902999692053,40.678507000015877],[-73.725840999767783,40.678752999672774],[-73.725788000064327,40.678961999952946],[-73.725629999880582,40.67958800018986],[-73.725686999781985,40.680249999747332],[-73.725714000444484,40.680528999869978],[-73.725753999729136,40.680946000161654],[-73.725795999561939,40.681359999733054],[-73.725824000049343,40.681635999835393],[-73.725906999890015,40.682656999807875],[-73.725860999859265,40.683223000044876],[-73.725843000315919,40.683575000018863],[-73.725820999676287,40.683949999798003],[-73.725798000110061,40.684353999716919],[-73.725877999577705,40.685514000333846],[-73.725911000087962,40.686085000055435],[-73.725917999760668,40.686098999786765],[-73.725926000156591,40.686224999960949],[-73.725941000225205,40.686399000134266],[-73.725995999578473,40.686932000304246],[-73.726089000363203,40.687774000228174],[-73.726157999960165,40.68846999972866],[-73.726174999678605,40.688649999825692],[-73.726199999792968,40.688984000193493],[-73.726217000409719,40.689305999697375],[-73.726230999755117,40.689660000093674],[-73.726239000151025,40.689815000219753],[-73.726259000242521,40.690269000017388],[-73.726258000417616,40.690610999748635],[-73.726263000440468,40.690772999761542],[-73.726502999741683,40.696886000217042],[-73.726508999589456,40.697521999783824],[-73.726511000137592,40.69778100028455],[-73.726525000381301,40.69825799973929],[-73.726543999749552,40.69898300003274],[-73.726654000252736,40.701112000251314],[-73.726712999803965,40.701448000305966],[-73.726737999918313,40.70158799994207],[-73.726783000124158,40.701986999776175],[-73.726751000337103,40.702080000259429],[-73.72672799987258,40.702146000150101],[-73.726746000314236,40.702473000098827],[-73.726762000207771,40.702768000262054],[-73.726767000230637,40.702872000079694],[-73.726772000253504,40.702954000279767],[-73.726778999926196,40.703082000041455],[-73.726780999576022,40.703144999764682],[-73.726835000002708,40.704405999808323],[-73.72687099998771,40.705237000206267],[-73.726895000277139,40.705800000276014],[-73.727046999714815,40.709496999877608],[-73.726896000102073,40.709975999794942],[-73.726900000300034,40.709997000032331],[-73.726971000445133,40.710714999884459],[-73.727086000072859,40.711259000000297],[-73.727093999570457,40.711293000115347],[-73.727164999715569,40.711588000024022],[-73.727317000051542,40.712216000049558],[-73.727332000120171,40.712272000145887],[-73.727363999907226,40.712392000290933],[-73.727511000220304,40.71295100011934],[-73.727697999818048,40.713661999747799],[-73.728064000414264,40.715051000063376],[-73.728188000262818,40.71552400024148],[-73.728312999936293,40.715997999995473],[-73.728418000416582,40.716391000089594],[-73.728501000257282,40.716705999841409],[-73.728553999960695,40.716898000255924],[-73.728575999702016,40.716980000207499],[-73.728939999750082,40.718305999766116],[-73.729175999751646,40.719166999839281],[-73.729255000292667,40.719381000127818],[-73.729432999669584,40.719864999839928],[-73.72966100017355,40.720482999997714],[-73.72969499961043,40.720570999802447],[-73.730325999622181,40.722156999782797],[-73.729884999581216,40.72239299983891],[-73.729647999754761,40.722518000017168],[-73.729502999989791,40.722594999966581],[-73.72923400037628,40.722705000128762],[-73.728783000289567,40.722876000007595],[-73.728261000057756,40.723062999794244],[-73.728174999844029,40.723092000158275],[-73.728066000064089,40.723128999993961],[-73.727984999873243,40.723158999753629],[-73.727496999976594,40.723342999799407],[-73.727331000295237,40.72340700019933],[-73.727213000294483,40.723453000087069],[-73.726932000087089,40.723569000106792],[-73.726465000106842,40.723751000188066],[-73.726453000411283,40.723755999988796],[-73.726031999563475,40.7239119998451],[-73.725682999584038,40.724025000149865],[-73.725526000123509,40.724076000067932],[-73.725080000059677,40.724196000041374],[-73.724848000256074,40.724259000213131],[-73.724720000209572,40.724298000257171],[-73.724551000155145,40.724350000053377],[-73.724403999842053,40.724394999883486],[-73.724141000076344,40.724469000128074],[-73.724026000448603,40.724501000134694],[-73.723745000241223,40.72457500026136],[-73.723431000421854,40.72464900030576],[-73.722929000281511,40.724783999779198],[-73.722909000190043,40.724790000263788],[-73.722576000104112,40.724878999900092],[-73.722499999936133,40.724900000202297],[-73.722051000397556,40.725025999834173],[-73.721340999844756,40.725224999917764],[-73.7211960000798,40.725265000150074],[-73.720919000070353,40.725341000253017],[-73.720386999792808,40.72548699977721],[-73.719987999584632,40.725596999925251],[-73.718287999893192,40.726042999751748],[-73.71785400042323,40.72615699990245],[-73.717527000185086,40.726242000198241],[-73.717266999894093,40.726301000243652],[-73.716898999648052,40.72638699973151],[-73.716493999592103,40.72645400009457],[-73.71594700014424,40.72653000020123],[-73.715865000128474,40.726541000119909],[-73.714972000175891,40.726646999676248],[-73.714879000289486,40.726658000256322],[-73.714141000147592,40.7267510003228],[-73.714075000025346,40.726760000102715],[-73.713445999663421,40.7268420001595],[-73.712763999598025,40.72693099977473],[-73.712402999923,40.726977999997807],[-73.711780000307144,40.727058999739377],[-73.710913000293843,40.727173000191961],[-73.710499000017066,40.7272269998724],[-73.710484999773371,40.72723000000466],[-73.710310999696077,40.727266000219494],[-73.709940999800239,40.727345000206633],[-73.709760000050267,40.727381999720301],[-73.70967899985942,40.727399999789064],[-73.709119999817659,40.727518999856251],[-73.708575000019636,40.727635000277616],[-73.707938999985004,40.727770999856808],[-73.707902000175082,40.727837000153059],[-73.707747000364378,40.728049999765425],[-73.707164999858108,40.728933000145808],[-73.706691000205169,40.729666000114207],[-73.706543000067157,40.729883000015782],[-73.70586000017687,40.73091699971819],[-73.705303999609868,40.731755999882665],[-73.705178999936408,40.731930000251431],[-73.704674000321333,40.732713999985712],[-73.704564999643068,40.73289700020274],[-73.704020999669936,40.73373200012059],[-73.703725000292252,40.734164999983932],[-73.703511999856914,40.734489000122998],[-73.703460999803283,40.734565999835752],[-73.703369999566689,40.734711000290552],[-73.703116000021794,40.73508700006807],[-73.703028000158241,40.735225999844332],[-73.702737999730019,40.735664999698706],[-73.702699000270272,40.735723000321805],[-73.7023340003973,40.736265999689088],[-73.702234999764784,40.736415000146984],[-73.702202000152809,40.736464000288592],[-73.702101999695373,40.73661899972106],[-73.702069000083426,40.73667000019752],[-73.701828999883915,40.737022000230965],[-73.701586000209673,40.737403000016762],[-73.701486999577142,40.737555000317478],[-73.701267000367437,40.737904999984906],[-73.701032000190793,40.738264000118818],[-73.700950000175027,40.738391000187661],[-73.700848000067779,40.738534000044623],[-73.700714999998382,40.73871099999873],[-73.700638999830403,40.738827999836786],[-73.700530999875383,40.738992000054516],[-73.70050599976102,40.739060999709878],[-73.700383999562277,40.739190000027719],[-73.700169000375439,40.739539999941172],[-73.700360000171145,40.741030999726227],[-73.700581999929,40.743183999756234],[-73.700767999701839,40.745014000261243],[-73.700791000166376,40.745082000019302],[-73.700987999809868,40.746877999727268],[-73.701001000228658,40.747086000224613],[-73.701205000443167,40.748861000037088],[-73.701238000055113,40.749010999901365],[-73.701424999652872,40.750660000203517],[-73.701422000178127,40.750751999694856],[-73.701421000353221,40.750803999913259],[-73.701473000231772,40.751329000311131],[-73.701540000178909,40.751924999915232],[-73.701633000065328,40.752493000179236],[-73.702177999863366,40.752885999796938],[-73.702735000255274,40.753251000010593],[-73.702967999883782,40.753383000340278],[-73.703203000060412,40.753514999727372],[-73.703336000129823,40.753599000128823],[-73.703468000374286,40.753682999743688],[-73.705270999997907,40.754769999858183],[-73.706189999889759,40.755301000017219],[-73.707008000397593,40.755757999951847],[-73.707825000182183,40.756215999755732],[-73.70812899995579,40.756414000167922],[-73.70937400026088,40.757227000307672],[-73.709500999584193,40.757309999829559],[-73.710112000402759,40.757708000204389],[-73.71060600014718,40.758030000138447],[-73.710858000042265,40.758195000216659],[-73.711340999916018,40.758513000177103],[-73.711547999605244,40.758648999914058],[-73.712033999852068,40.758967999991469],[-73.712108000370222,40.759016999848534],[-73.71244899995375,40.759241999853259],[-73.712604999589374,40.7593280003071],[-73.712761000123294,40.75941500020992],[-73.712898000390652,40.759489999847098],[-73.713325000187908,40.759729999750355],[-73.713498000440268,40.759831999923115],[-73.71363200033457,40.75992000007988],[-73.713655999725688,40.759935999724682],[-73.714126000078977,40.760245000190288],[-73.716067999619767,40.761462000033234],[-73.716081999863462,40.761450999764875],[-73.716599000072392,40.761768000273698],[-73.719165999777161,40.763333999823601],[-73.719528000175401,40.763556000329501],[-73.720138000270779,40.763928000324064],[-73.720507000341726,40.764150999695758],[-73.720580000136664,40.764195000331597],[-73.720999000436308,40.764453999989222],[-73.721058999812456,40.764498999908305],[-73.721231000239897,40.764606999861805],[-73.721514000097116,40.764774999743089],[-73.721616000204364,40.76484100006622],[-73.722154000329724,40.765176000108234],[-73.722934000304392,40.765658999930046],[-73.723510999889484,40.766016999783808],[-73.723819999685972,40.766210999704718],[-73.723830999556625,40.766217999992868],[-73.725096999778103,40.766989000101631],[-73.725771000345887,40.767392999716236],[-73.725901000042228,40.767455999801861],[-73.726046999632104,40.767527000096806],[-73.726328999664403,40.767704999879868],[-73.726758999834715,40.767977000240364],[-73.726906000147807,40.768082999764239],[-73.727049000262951,40.768169999773434],[-73.727449000296033,40.76842700005809],[-73.727762000290468,40.768631000087353],[-73.727993000269166,40.768780000149896],[-73.728815999901542,40.76927899974806],[-73.728964999864459,40.769373000188224],[-73.729121000398379,40.76947100017258],[-73.729216999759529,40.769529999975475],[-73.729523999906192,40.76973400002025],[-73.72973700034153,40.76986600027579],[-73.730293999835126,40.770203999714106],[-73.730471000285462,40.770314000074272],[-73.73050999974518,40.7703379998689],[-73.7308260001127,40.770535999714753],[-73.731166999696214,40.77074699988372],[-73.731274999651262,40.770820000202121],[-73.731735999783709,40.771097999767065],[-73.731926999579414,40.771215999832762],[-73.732072000242695,40.771296000069448],[-73.732118000273445,40.771320000189711],[-73.733036000340377,40.771882999786783],[-73.733089999868724,40.771918000273665],[-73.733961999904935,40.772449000189461],[-73.73418100018803,40.772581999856122],[-73.73467400010756,40.772884999805875],[-73.735220999555409,40.773218000049553],[-73.735525000227341,40.773402999766112],[-73.735769999551394,40.7735530000407],[-73.736294000331355,40.773873000038826],[-73.736348999684623,40.773906000112497],[-73.736805999619122,40.774197999947454],[-73.73692500034312,40.774266999807217],[-73.737023000252407,40.774346999771751],[-73.737619999928981,40.77473800010042],[-73.73768100002836,40.77476399967707],[-73.737732000081976,40.774785999886497],[-73.737809000074876,40.774815000151463],[-73.73809000028227,40.774989000114743],[-73.738457999629986,40.775216999799078],[-73.738758999928848,40.775403000071947],[-73.739035999938295,40.775573999863383],[-73.739184999901212,40.775666000249316],[-73.739311000297903,40.77574399989998],[-73.739427999575469,40.775817000170349],[-73.739538000078639,40.775814000188781],[-73.739487999849914,40.775849999958751],[-73.739422999552588,40.775902000272261],[-73.739332000214304,40.7759599998152],[-73.739375999696918,40.776014000024425],[-73.739598000353098,40.776075000119782],[-73.740080000401932,40.776208999998708],[-73.740365999733896,40.776390000289425],[-73.740759999919192,40.776694999840366],[-73.741534999870993,40.777110999999167],[-73.743421000233582,40.778224000229571],[-73.744106999598614,40.778642000239579],[-73.744210000429092,40.778704999863329],[-73.745435999569295,40.779497000044927],[-73.746367999879951,40.780120000266145],[-73.746799999700087,40.78037799982927],[-73.747068000386989,40.780545999971025],[-73.749333999792867,40.781907999694162],[-73.749664000404067,40.782105999749966],[-73.750295000415832,40.782477999969352],[-73.750337000248621,40.782511999742837],[-73.750457999724134,40.782610000072964],[-73.750816999749318,40.782887000071369],[-73.756187000058716,40.788702999988331],[-73.757102999577526,40.789692000071994],[-73.763712000344199,40.793803000102983],[-73.766228999820257,40.79676000011235],[-73.770898999622574,40.802246000333014],[-73.774868999816178,40.806909999931165],[-73.778957999835455,40.811712999777704],[-73.780193000094798,40.826400000039591],[-73.774976999771198,40.830879000258037],[-73.774519999836713,40.831273000260992],[-73.773429000415717,40.832213999817142],[-73.766500999806809,40.838182000230454],[-73.762174000136156,40.841911000162987],[-73.761640000208772,40.842372000257541],[-73.757967000116111,40.845536000142822],[-73.757801000434753,40.845678999793009],[-73.753786999860225,40.856408999845577],[-73.753731999608647,40.856555999678299],[-73.748060000073764,40.871720999907431],[-73.749482999755784,40.872101000320271],[-73.760988000280619,40.875177999912957],[-73.781202000398324,40.880477999865754],[-73.782266999880065,40.880729000008813],[-73.782837999617357,40.880868000006004],[-73.783408000428068,40.88100599994408],[-73.783518999857847,40.881032999765416],[-73.783554999842849,40.881041999703392],[-73.783702000155941,40.881078000122336],[-73.785796999857595,40.881600000261251],[-73.791993000172411,40.883170000044132],[-73.793015999821321,40.883360999996114],[-73.79328399960994,40.88341900002532],[-73.794107000140627,40.883631000332009],[-73.794841999909465,40.883822000311923],[-73.794960999735153,40.88385299991883],[-73.796246000223221,40.88418600027989],[-73.797353000436047,40.884467999942309],[-73.799279000083288,40.884964999680747],[-73.801932000001784,40.885648000046949],[-73.803016999574979,40.885926000141325],[-73.804401999622158,40.886281000178855],[-73.804996999648907,40.886433000044981],[-73.80536800026799,40.886527999953834],[-73.806397999589606,40.886794999875193],[-73.80757500012264,40.887097999938504],[-73.808756999780215,40.887402000322354],[-73.809650999557718,40.887636999909986],[-73.809923000442595,40.887683999863185],[-73.809941999810846,40.887689999898157],[-73.810407999966174,40.887831999887915],[-73.810999999619881,40.88798299992532],[-73.811280999827275,40.888054000322988],[-73.812323999567695,40.888321000199326],[-73.812439000093718,40.88835300007149],[-73.813665999957138,40.888661000087289],[-73.814177000318296,40.888795000118499],[-73.815047999631275,40.888951000269081],[-73.815164999807152,40.888999000293644],[-73.815328999838655,40.889065999661383],[-73.815603000373358,40.88917799992268],[-73.816103999790485,40.88927600025044],[-73.816205999897718,40.889316000190078],[-73.816483999732071,40.889386000196012],[-73.816619000349604,40.889418999872348],[-73.816749000045945,40.889454000169671],[-73.817595999967779,40.889675000280519],[-73.817614000409435,40.889679000183548],[-73.818503000164057,40.889878000146773],[-73.81873199959459,40.889939999784424],[-73.818929000136407,40.889992999965301],[-73.819418999682853,40.890125000077518],[-73.819499999873699,40.890147000070584],[-73.819557999600036,40.890163000246183],[-73.819719000156823,40.890205999892501],[-73.820993999700818,40.890543000053711],[-73.821703000428698,40.890729999938706],[-73.822958999706145,40.891056000304765],[-73.82300300008707,40.891077999988276],[-73.823244000111501,40.891199000154323],[-73.823281999746328,40.891081999806502],[-73.82330199983781,40.890989000235692],[-73.82325599980706,40.890961000105641],[-73.823204999753429,40.890918000270872],[-73.823131999958491,40.890870999898382],[-73.823112999691929,40.890776999732303],[-73.823120000262932,40.890647999785493],[-73.823172000141469,40.890544999979028],[-73.823244999936392,40.890474000216877],[-73.823217000347313,40.890364999668606],[-73.823275000073636,40.890222000053825],[-73.823304000385946,40.890057000114332],[-73.823100999996356,40.889891999763371],[-73.822899000329983,40.889926000177994],[-73.822666999628083,40.889957999953083],[-73.822507999619432,40.889882000037538],[-73.822362999854477,40.889640000100144],[-73.822375000448361,40.889477000025096],[-73.823567000151684,40.889824999873781],[-73.823639000121716,40.889850000225678],[-73.823781000411927,40.889809000295564],[-73.823962999986804,40.889763000128426],[-73.824017000413477,40.889750000119655],[-73.824035999781728,40.889822999926714],[-73.824046999652381,40.889865999793983],[-73.824009000017554,40.889978000059344],[-73.824024999911103,40.889978000059344],[-73.82440300020285,40.889978000059344],[-73.825002000427574,40.890178000110204],[-73.825240999903855,40.890244000014697],[-73.82525599997247,40.890247999883272],[-73.827224000350824,40.890785000083937],[-73.827268999658344,40.890797000270055],[-73.827943000226128,40.890927999840095],[-73.82812499980102,40.891051000190465],[-73.828715999629821,40.891274000303255],[-73.830022000034262,40.89168600013943],[-73.830087000331588,40.89170000005258],[-73.830817999902479,40.89187899984455],[-73.830971999888277,40.891934999994909],[-73.83170300035745,40.892177999964908],[-73.831855999620004,40.892216999910524],[-73.832503000423628,40.892376999882032],[-73.832700000067106,40.892438000299833],[-73.832715999960627,40.892443000309314],[-73.833594999669501,40.892705999732378],[-73.835173999885455,40.893170000247409],[-73.835604999880658,40.893315000122961],[-73.836281999923187,40.893531000313033],[-73.837337000257477,40.893813999790304],[-73.837368000219612,40.8938210002011],[-73.838406999762071,40.894060999966754],[-73.838985000070366,40.895601999757467],[-73.83941100004273,40.896693000044493],[-73.83961500025724,40.897139999712834],[-73.839655000440203,40.897248999963821],[-73.83967700018151,40.897322999844974],[-73.839696000448086,40.897384999975252],[-73.839718000189393,40.897510999776301],[-73.83972400003718,40.89763299991543],[-73.839719999839218,40.897694000240115],[-73.839648999694106,40.897891000158744],[-73.839509999776936,40.898183999827936],[-73.839390999951249,40.898410000213424],[-73.839257000056946,40.898707000336032],[-73.839241000163412,40.898744000150451],[-73.839207999653141,40.898818999894246],[-73.839149000101912,40.899061000207936],[-73.839154000124793,40.899199000231711],[-73.839154999949685,40.899226000099375],[-73.839185000086928,40.899359999782398],[-73.839221000071944,40.899475000094547],[-73.839287000194176,40.899594000189381],[-73.839363000362155,40.899713000070065],[-73.840036000206695,40.900566999802514],[-73.840048999727188,40.900584999795896],[-73.840084999712204,40.900633999677574],[-73.840159000230358,40.900734999776525],[-73.840171999750837,40.900752999724205],[-73.840179000321839,40.900761999696215],[-73.840190000192493,40.900776999873109],[-73.840210000283975,40.900803999775647],[-73.840444999562308,40.901123999893166],[-73.840561999738185,40.901284000050353],[-73.840649999601723,40.901413999765779],[-73.840729000142744,40.901567000310003],[-73.840786999869067,40.901693000292738],[-73.840832000074911,40.901819000035395],[-73.84087300008278,40.901978999869286],[-73.840957999573291,40.902515999906726],[-73.840998999581174,40.902811999808179],[-73.841017000022845,40.902979000076364],[-73.84104799998498,40.903161999670552],[-73.841062000228675,40.903214000011943],[-73.841135999848532,40.903486999775687],[-73.841280999613488,40.903886000327965],[-73.841290999659222,40.903913000319221],[-73.841318000321706,40.90398700021359],[-73.841386000093777,40.904174000119035],[-73.842373999582605,40.90416600002861],[-73.843398999779666,40.904170999830626],[-73.844419999778779,40.90417199992676],[-73.844911000048455,40.904190000296921],[-73.844948999683297,40.904706000225708],[-73.844901000002707,40.905080000194332],[-73.844948999683297,40.905555999687643],[-73.845392000272398,40.905646999679938],[-73.845845999833827,40.905758999707437],[-73.846244000217098,40.905891000272256],[-73.846810999756428,40.906053999963262],[-73.847087999765876,40.90613600003077],[-73.847430999897554,40.906244000328826],[-73.847871000113599,40.906440999902799],[-73.848652999738093,40.906778000191231],[-73.848810000096947,40.90685599981785],[-73.850081000341305,40.90746799975323],[-73.850138000242708,40.907495999685779],[-73.850327000388575,40.907276000090334],[-73.850452000062063,40.907183000201769],[-73.850661000299425,40.906925000220305],[-73.850986999814353,40.90653999983931],[-73.851473000061148,40.906699999793688],[-73.852478000166741,40.907068999765684],[-73.852688000229023,40.907143000202161],[-73.853527999579839,40.907465000293143],[-73.853068999995529,40.908020999959767],[-73.852714000168291,40.908445999779673],[-73.852369000386787,40.908879999808768],[-73.852078000133659,40.908886999982975],[-73.852046000346604,40.908958999695322],[-73.851872000269324,40.909159000068968],[-73.851811999994879,40.909229000124732],[-73.851633999719638,40.909426000310646],[-73.851483999931816,40.909592000156358],[-73.851123000256791,40.910008999999881],[-73.851379000349823,40.910044000266005],[-73.852184000438854,40.909514999698992],[-73.852678000183275,40.909898999721825],[-73.85289999994113,40.90991599988169],[-73.852935000101212,40.909918999909443],[-73.853713000426083,40.909446999978783],[-73.853997000108208,40.909275999674442],[-73.854037000291186,40.909231000164048],[-73.854233999934664,40.909010000207871],[-73.854341999889712,40.908974000049831],[-73.854880999839963,40.908217000315155],[-73.854796000349452,40.908173000119696],[-73.854767999862062,40.908159000298234],[-73.854485000004843,40.908011000258611],[-73.854301999706735,40.908090999862452],[-73.854203999797448,40.908067000330895],[-73.853982999864499,40.908005000029831],[-73.853822000206037,40.907773000270886],[-73.853803999764366,40.907680999766512],[-73.853802000114541,40.907178999999189],[-73.854007000153942,40.906841999717557],[-73.854104000238323,40.906678999932083],[-73.854127999629469,40.906674999699064],[-73.854704000287953,40.90657800008416],[-73.855104000321049,40.906378000051156],[-73.855315000208236,40.90626300019958],[-73.855533999593035,40.906143999882886],[-73.855573999776013,40.906121999778051],[-73.855686999753914,40.906059999690136],[-73.855740000355681,40.906059999690136],[-73.855997000273632,40.906059999690136],[-73.856074000266517,40.906059999690136],[-73.856107999703383,40.906059999690136],[-73.856152999909241,40.906081999815598],[-73.856227000427381,40.906119000256957],[-73.856323999613451,40.906165999980402],[-73.856325000336682,40.90596600005918],[-73.856326000161602,40.905801000008317],[-73.856279000305932,40.905728000179529],[-73.856203999962858,40.905475000335279],[-73.856117999749117,40.905454000084681],[-73.856000999573268,40.905405999777706],[-73.85595899974048,40.905387999738515],[-73.855943999671865,40.905256000206485],[-73.856178000023604,40.905106999698127],[-73.856203999962858,40.905090999742036],[-73.856393999933658,40.905045000016464],[-73.856434000116636,40.90502699987897],[-73.856696999882345,40.904910000223893],[-73.856956000348447,40.904952999790446],[-73.857103999588134,40.904978999941072],[-73.857136000273499,40.904984999765468],[-73.857321000221432,40.905016999725071],[-73.857449000267948,40.904837000090517],[-73.857587000360198,40.904668999672715],[-73.857449000267948,40.904600999721737],[-73.85740400006209,40.904578999782544],[-73.857231999634649,40.90449300013514],[-73.857079000372082,40.904415999850713],[-73.857004000029022,40.904377999721376],[-73.857004000029022,40.904169000317232],[-73.857004000029022,40.904041000102616],[-73.857004000029022,40.903860999848462],[-73.857004000029022,40.903819999774875],[-73.857003000204116,40.903736000024963],[-73.856999999831061,40.90357900000425],[-73.857199000022689,40.90287800000926],[-73.857707000010805,40.902571999879584],[-73.857804999920106,40.902540000094895],[-73.857825000011587,40.902532999927736],[-73.857920000446128,40.902493999952931],[-73.858041999746547,40.902443999968945],[-73.858199999930306,40.902379000136946],[-73.858220999846708,40.902335000130897],[-73.858302000037554,40.902077000246891],[-73.858469000442128,40.902159999940402],[-73.85901400024018,40.902432999980995],[-73.859097000080837,40.902470999869919],[-73.859113999799291,40.902471999991761],[-73.859604000244062,40.902178000179241],[-73.85939199963363,40.90189499981804],[-73.859302999945172,40.901778000053888],[-73.859018000438141,40.901492999744832],[-73.859003000369512,40.901477999730261],[-73.859036999806406,40.901469999992706],[-73.859404000227514,40.901378000225321],[-73.859307999968053,40.901137999845972],[-73.859215000081619,40.900905999760532],[-73.859204000210966,40.900877999753703],[-73.85929999957213,40.900494000307212],[-73.859309999617864,40.900479000066134],[-73.85939300035686,40.900381000036731],[-73.859632999658061,40.900458000266021],[-73.860005999926955,40.900565000180158],[-73.860103999836241,40.900578000100822],[-73.860256999997134,40.900615999697521],[-73.860320999571229,40.900638000276047],[-73.860775000030984,40.90078699998918],[-73.860955999780941,40.900845999828412],[-73.861590000165762,40.901051000333666],[-73.862041000252461,40.901203000218601],[-73.862401000102594,40.901340999847356],[-73.862556999738189,40.901427000198559],[-73.862642999951916,40.901473999861636],[-73.862859999686904,40.901525000036088],[-73.862878999953466,40.90153799976806],[-73.864669000056594,40.901793000000367],[-73.865255999687434,40.901949000057201],[-73.865268000281304,40.90196199970589],[-73.865634999804101,40.9020860000387],[-73.866952000079223,40.902474999678311],[-73.867875999993942,40.902982999854025],[-73.869045999955972,40.903333000169347],[-73.870730999578797,40.903825999704416],[-73.870939999816173,40.903886999749439],[-73.872734999942168,40.904414999758266],[-73.87291300021738,40.904466999793435],[-73.873949000285123,40.904767000138008],[-73.874087000377372,40.904807000216948],[-73.874622999954582,40.904959999701411],[-73.874797000031847,40.905009999820081],[-73.875558999564873,40.905232000325022],[-73.875598999747851,40.905243999927364],[-73.876228999934696,40.905430000275025],[-73.876454999890498,40.905496999976414],[-73.876587999959895,40.905538999764744],[-73.87762800022557,40.905853999703325],[-73.877741000203471,40.905888000061744],[-73.877855000006292,40.905921999723809],[-73.878012000365132,40.905964999990182],[-73.878188999917143,40.905982999872322],[-73.878219999879278,40.905982999872322],[-73.878349999575605,40.905982999872322],[-73.878826999601586,40.9061880000706],[-73.879239000228537,40.906364999912682],[-73.879531000306599,40.906440999902799],[-73.880111000264733,40.906591000180811],[-73.880636999796195,40.906744999668675],[-73.880928999874257,40.906829999726192],[-73.881442999710146,40.907003999726832],[-73.881825000199896,40.907133999740644],[-73.88282899958223,40.907381999789294],[-73.882992999613762,40.907422999691292],[-73.884053999795825,40.907496999731627],[-73.884105999674389,40.907500999914916],[-73.884126999590777,40.9075030000065],[-73.884246000314775,40.907511999738865],[-73.884725999815487,40.907684999938681],[-73.884832000120696,40.907723000204541],[-73.885401000208162,40.907977000312805],[-73.88600999958031,40.907978999711062],[-73.886124000281455,40.908015999769944],[-73.886165000289324,40.908030000300556],[-73.886237000259356,40.908051999770628],[-73.887983999806451,40.908593000174264],[-73.888393999885295,40.908719999697801],[-73.891805000037138,40.909777999815596],[-73.891928000060773,40.909809000160564],[-73.89220500007022,40.909878000197239],[-73.892799000272063,40.910057999688377],[-73.896542999611526,40.911292999671467],[-73.89663399984812,40.911323999984965],[-73.897253000164312,40.91165499992978],[-73.897360000294427,40.91167200031704],[-73.89742399986855,40.911692999950738],[-73.898120000177627,40.911798000055818],[-73.898681999694105,40.911870999972429],[-73.899505000224806,40.911977999751038],[-73.899788999906946,40.912071999661123],[-73.899969999656903,40.912132000270461],[-73.90069699992813,40.91238099987541],[-73.902106000264752,40.912878999666212],[-73.902454000419311,40.912979000109821],[-73.903805999956191,40.913353000129547],[-73.9041940002937,40.913460000225143],[-73.905910999703593,40.913937999711173],[-73.905946999688609,40.913947999873692],[-73.908301999681257,40.914608999727079],[-73.908327999620539,40.914615999973606],[-73.908813999867334,40.914746999892628],[-73.908839999806602,40.914754000124596],[-73.909470999818367,40.914923999904673],[-73.909495999932716,40.914931000117853],[-73.910005999570657,40.915075999809055],[-73.910279000280454,40.915187000228578],[-73.910516000106909,40.915282000256092],[-73.910808000184957,40.915371999834697],[-73.918316999678623,40.917705000258394],[-73.918346999815824,40.917630000210266],[-73.919209999631192,40.915449000259422],[-73.919430999564128,40.914891999987454],[-73.919934000427688,40.913623000266334],[-73.919946000123247,40.913591999673095],[-73.920967999947251,40.911013000276427],[-73.921240999758737,40.910322999688113],[-73.922466999797265,40.907236000146973],[-73.923307000046393,40.905062000066359],[-73.923841999798682,40.903674999840611],[-73.924235000159072,40.902735999721301],[-73.92495300020947,40.901017999669271],[-73.925665000412096,40.899151000138048],[-73.925922000330047,40.898477000236376],[-73.926549000143837,40.89687899999543],[-73.927119000056251,40.895496000190874],[-73.927242000079886,40.895197999679503],[-73.92829400004112,40.892562000151962],[-73.929186999993718,40.890307999920935],[-73.929428000018135,40.889692000206253],[-73.929454999782308,40.889621999844934],[-73.929821000378524,40.888682000236848],[-73.931728999584109,40.885578000161559],[-73.932573000031212,40.884210000326824],[-73.933651999756634,40.882462999920008],[-73.933808000290554,40.882213999737949],[-73.933788000199073,40.882207000136638],[-73.93390700002476,40.882011999884],[-73.938118000242767,40.875134000155548],[-73.938176999793995,40.875038000336382],[-73.938354000244331,40.874749000181858],[-73.938909000088103,40.873841999862172],[-73.93894599989801,40.873782999715722],[-73.94295299990155,40.867237000299909],[-73.943041999589994,40.867091999669782],[-73.945783000270339,40.862615000105798],[-73.945840000171756,40.862519999845304],[-73.945885000377586,40.862447999864663],[-73.948292000248784,40.858516999676127],[-73.948335999731398,40.858446000207799],[-73.948821999978193,40.857651000036483],[-73.952397000161582,40.851812000047723],[-73.95248599985004,40.85166600009115],[-73.952565000391076,40.85153700002467],[-73.952828999981719,40.851106000262064],[-73.953988000073082,40.848468000058993],[-73.954193999937416,40.848002999854295],[-73.954311999938184,40.847732000050804],[-73.955661000000347,40.844660999906054],[-73.955727000122579,40.844510000270589],[-73.957795999884965,40.839800999935363],[-73.957831000045061,40.83972100000301],[-73.95801900036605,40.83929200029867],[-73.958704999731083,40.837732000087556],[-73.95882399955677,40.837462000166695],[-73.960085999580301,40.834587000172121],[-73.960135999809012,40.834474000204011],[-73.961211000234769,40.832026999815078],[-73.961263000113334,40.831910000247106],[-73.961329000235551,40.831759000110203],[-73.961646000427962,40.831036000091238],[-73.961679999864842,40.830960999671795],[-73.96246300021258,40.829177000139545],[-73.962585000411309,40.828901000118783],[-73.962654000008285,40.828742000235451],[-73.963577000098084,40.82664200000648],[-73.96378700016038,40.826354999914678],[-73.963814999749459,40.826315999917703],[-73.965019999871586,40.824665999791293],[-73.965137999872354,40.824504000129117],[-73.965169999659409,40.824460000018234],[-73.965592000332109,40.823883000250618],[-73.965718999655422,40.823708999928144],[-73.965900000303691,40.823460999718712],[-73.965980999596226,40.823349999738454],[-73.966470000216091,40.822680000163004],[-73.966563000102497,40.822553000040465],[-73.96780300038472,40.820853999668657],[-73.96786500030899,40.820770999996732],[-73.967893999722989,40.820731000117796],[-73.970693000129657,40.816896999694421],[-73.971123000299968,40.816307999992105],[-73.971151999713967,40.8162690002058],[-73.971616000219484,40.815633000298398],[-73.973486999615133,40.813071000218727],[-73.97508500009765,40.810882000130228],[-73.977172000301692,40.808025000201582],[-73.978863999597223,40.805707000052742],[-73.979093999750987,40.805392000220877],[-73.980633999608855,40.803283000229868],[-73.982515999773497,40.800706000247125],[-73.982654999690681,40.800516000264118],[-73.984361999953123,40.798179000054184],[-73.984739000419978,40.79766199983964],[-73.984904000276416,40.79743599969251],[-73.986255999813309,40.795585000215098],[-73.986276999729711,40.79555600017752],[-73.988149999673524,40.792990999669712],[-73.990009000271939,40.790444999824281],[-73.991371999679487,40.788579000206816],[-73.991689999696803,40.788143000211498],[-73.992997999751083,40.786353000284116],[-73.993939000282566,40.785062999664959],[-73.994844999755614,40.783823000322045],[-73.995768999670332,40.782558000248969],[-73.995868000302849,40.782422999678687],[-73.997408000160732,40.780312999899273],[-73.997807000368894,40.779766999881012],[-73.998640000047033,40.778624999704682],[-73.999636999756689,40.777260000092873],[-74.000446999868586,40.776151999981735],[-74.000912000198994,40.775513999986693],[-74.001617999655508,40.774547999955004],[-74.002302000269026,40.773610000246705],[-74.002953000372287,40.772719000098846],[-74.003421000177426,40.772078000320874],[-74.004085999626071,40.771168000188759],[-74.004653000063726,40.770390999809905],[-74.005371000114138,40.769407999956272],[-74.006168999632152,40.768314999762367],[-74.006582999908943,40.767748000088488],[-74.008603000165834,40.764980999730653],[-74.009525000430742,40.763718999946946],[-74.00988399955763,40.763225999842604],[-74.010045999939322,40.763005999968534],[-74.010136000351025,40.762881999842321],[-74.010235000085217,40.762747000111347],[-74.011104999573277,40.761555999963491],[-74.012009000294825,40.760317999797664],[-74.012951999577794,40.759026000026658],[-74.014028999653405,40.757550999706794],[-74.014248999761435,40.756656000173244],[-74.015012999842583,40.753506000164094],[-74.015504999937178,40.751483000131508],[-74.01601299992528,40.749395999955226],[-74.016606000302218,40.746961999666134],[-74.017283000344733,40.744180000175092],[-74.017344000444098,40.743929000181076],[-74.017397999972459,40.743705999671029],[-74.017886999693999,40.741696000069091],[-74.018136000114353,40.740666999660455],[-74.018398999880077,40.73959399979492],[-74.019183999877626,40.736365999969287],[-74.019321000144984,40.735807000054884],[-74.019426999551868,40.735368999697918],[-74.01960700037526,40.734630000333645],[-74.020061999761609,40.732759000286599],[-74.020387000349928,40.731425000182291],[-74.020639000245012,40.730391000205223],[-74.020968000132967,40.729036999942828],[-74.020999999920022,40.728905000303605],[-74.021020000011518,40.728830000206273],[-74.021311000264646,40.727623999858984],[-74.021332000181033,40.727543000124335],[-74.021352000272543,40.727462000291091],[-74.021831999773241,40.72548699977721],[-74.02186199991047,40.725362999800801],[-74.02189000039786,40.725250999799208],[-74.02200300037579,40.724782999698384],[-74.022288999707726,40.723610000071254],[-74.022698999786556,40.721922999818354],[-74.023019000352008,40.720611000108534],[-74.023066000207677,40.720414000139009],[-74.023636999944983,40.718069000016641],[-74.023980999901568,40.715839000010284],[-74.02413099968939,40.714843000173616],[-74.024271000329804,40.713939999998999],[-74.02439699982817,40.713110999767878],[-74.024678999860484,40.711269000116069],[-74.024951999671956,40.709474000222784],[-74.025126999574127,40.708342999965438],[-74.025293999978715,40.707261999763894],[-74.02567599957014,40.704763999816919],[-74.026152999596093,40.701649000221657],[-74.026390000320887,40.700102999681974],[-74.03355300020813,40.688257000177757],[-74.035442999870384,40.685124999884728],[-74.035790000199995,40.684550000097019],[-74.037460999579139,40.681783999913215],[-74.042768999964238,40.672996000242982],[-74.04345100002962,40.671866999699276],[-74.043518999801677,40.671754000140965],[-74.045848999679976,40.667894999792466],[-74.045970999878719,40.667694000260987],[-74.047331999636427,40.665439999964825],[-74.047689000011815,40.664849000029427],[-74.047955999975514,40.664406999749332],[-74.048248000053547,40.663922999745743],[-74.048976000149707,40.662718000337911],[-74.049630999552591,40.66163400021707],[-74.049987999927964,40.661042999947341],[-74.050664999970479,40.659921999688116],[-74.050735000290686,40.659807000264138],[-74.051285999936496,40.658893000068545],[-74.05172399960442,40.658167999779522],[-74.053045999902409,40.655979999854054],[-74.053229000200503,40.655656999766663],[-74.053483999570332,40.655203000034213],[-74.05419800032108,40.654071000156094],[-74.054422999553651,40.653695999971049],[-74.054517999988221,40.653536000068442],[-74.054596999630917,40.653404000030307],[-74.055354999864292,40.652135000079994],[-74.055749000049602,40.65147600027673],[-74.05577400016395,40.65147600027673],[-74.069780000271308,40.65148899996035],[-74.071660999712705,40.651496000051104],[-74.072557000038344,40.651492000096688],[-74.086985999744982,40.651506000276797],[-74.090615000355029,40.64957199976066],[-74.091126999642796,40.649300999776713],[-74.093442000350791,40.648064999970195],[-74.094189999640093,40.648064999970195],[-74.100240000365048,40.648064000100582],[-74.103927999628027,40.648064000100582],[-74.105038000213909,40.648064000100582],[-74.106142999878585,40.648064000100582],[-74.109847999758301,40.648064000100582],[-74.119293999668187,40.644609999867747],[-74.120959999922746,40.644000999998184],[-74.121642999813062,40.64375399967264],[-74.123443999786844,40.643091999747845],[-74.125459999845773,40.642355000072179],[-74.126018000062587,40.6421510000512],[-74.128076999779239,40.642607999830254],[-74.130221999709619,40.643085000138797],[-74.13181500016924,40.643437999957165],[-74.13292099965885,40.643684000153677],[-74.13427100044423,40.643459000034269],[-74.135838999891192,40.643198999815034],[-74.136199999566216,40.643138999830335],[-74.13654000022315,40.643082000306123],[-74.14179500000651,40.642207999688793],[-74.142003000418967,40.64217399976733],[-74.142236999872381,40.642135000036539],[-74.143109999733468,40.641989999771504],[-74.149095000161097,40.64269500031218],[-74.15794299967115,40.643738000042234],[-74.158106999702696,40.643757000156683],[-74.159904000376841,40.643969000170394],[-74.161209999882971,40.644123000266035],[-74.161327999883738,40.644136999947314],[-74.161428000341175,40.644147999840854],[-74.161536000296209,40.644156999876344],[-74.162124999576861,40.644230999970688],[-74.170623000180882,40.645230000030146],[-74.177372999616239,40.646024999682318],[-74.17759600009731,40.646050999807656],[-74.181649999956505,40.64652800004766],[-74.185641000066497,40.64604200002757],[-74.185688999747072,40.646009999815107],[-74.186985000105778,40.645110000250334],[-74.187755999859633,40.644574999884753],[-74.189216000249885,40.643560999827947],[-74.191429999777199,40.642024999746795],[-74.195241999787058,40.63859500014928],[-74.196203000410023,40.637733999723352],[-74.196246999892651,40.637688999975282],[-74.19739299956521,40.635956000218926],[-74.197415000204842,40.635920999788326],[-74.197446999991897,40.635874000077166],[-74.198164000217375,40.634786999905145],[-74.200176000078358,40.633270000093901],[-74.200668000172925,40.632900000082664],[-74.202399999651433,40.631591999769988],[-74.202327999681401,40.62990699991915],[-74.202280999825746,40.628781000063789],[-74.202707999623001,40.627635000211662],[-74.203458000358779,40.625623999915021],[-74.20361700036743,40.62519800022659],[-74.203925000338998,40.624370000136466],[-74.2025450003147,40.617379999997652],[-74.202424999765782,40.616770000289485],[-74.202571000253968,40.616521000136949],[-74.203889000353982,40.614275999824876],[-74.204833000360196,40.606062000232335],[-74.203682999591351,40.604816000208359],[-74.202366000214553,40.603388999741128],[-74.199589000447517,40.600381999709981],[-74.199589000447517,40.597845999927678],[-74.20030300029994,40.596918999756554],[-74.202460999750798,40.594117999980384],[-74.203290999954191,40.593041999793996],[-74.203604999773546,40.59263500005914],[-74.204244000181234,40.59180800027422],[-74.20487699984281,40.590986000022198],[-74.207241999881205,40.587914999974714],[-74.207383000346525,40.587222000164068],[-74.208924000029299,40.579689999921399],[-74.209094999733537,40.578853000201725],[-74.209544000170425,40.576666000189803],[-74.210144000220041,40.573723999659528],[-74.210667000276757,40.572166999879215],[-74.211884000094457,40.568544000206792],[-74.212029999684304,40.568110999723672],[-74.214574999647766,40.560532999894157],[-74.216495000345546,40.558587999866347],[-74.21800300041636,40.557057999926236],[-74.227411999618013,40.55854799995172],[-74.228306000293799,40.55869000025708],[-74.231415000321888,40.559182000119634],[-74.232134000197178,40.55874300007757],[-74.239134999702713,40.554472000132357],[-74.239640000216085,40.554165999690767],[-74.247484000343817,40.549376999861444],[-74.247527000001512,40.549269999701124],[-74.248982000368898,40.545592000236702],[-74.249192000431179,40.545061999802265],[-74.25028399967708,40.542300000136741],[-74.249937000245765,40.540559999835445],[-74.249734999681067,40.539551000208483],[-74.247460999879294,40.528171000335675],[-74.246834000065476,40.525032000118813],[-74.24678200018694,40.524770999699776],[-74.246083000403118,40.521274999839719],[-74.24602700032662,40.520995000311956],[-74.246019999755603,40.520958000330751],[-74.253016999961503,40.516369000307563],[-74.254048000006335,40.515692000187848],[-74.254094999862005,40.515661000189212],[-74.254760000208961,40.514516999862956],[-74.255710000062962,40.512881000148653],[-74.25628699964804,40.511887000267023],[-74.256983999782051,40.510687999758545],[-74.257233000202376,40.510259000327984],[-74.258128999629704,40.508716999917098],[-74.258168999812682,40.508163000145174],[-74.258186000429433,40.507919000263506],[-74.258290000186506,40.506493999755797],[-74.258312999752718,40.506177999971023],[-74.258392000293753,40.505078999988143],[-74.258558999800016,40.502781999950464],[-74.258576000416767,40.502545000284002],[-74.258595999609923,40.502280999747427],[-74.258703999564972,40.500789000172624],[-74.258753999793683,40.500103000247044]]],[[[-74.040747000057522,40.700166999949325],[-74.040740000384815,40.700131000061909],[-74.040718999570103,40.700095999925672],[-74.040701999851677,40.700071000206329],[-74.04069099998101,40.700050000244055],[-74.040686999783048,40.70000999984368],[-74.040684000308332,40.699982999866286],[-74.04067400026257,40.699961999876322],[-74.04067400026257,40.699934999879467],[-74.04066300039193,40.6999070000982],[-74.040644000125354,40.699883000081712],[-74.040624000033858,40.699859999830799],[-74.04061499981303,40.699828000238419],[-74.040617000361181,40.699802999737386],[-74.040612000338299,40.699765999877613],[-74.04059999974443,40.699738999801369],[-74.040578000003109,40.699710000161254],[-74.04055299988876,40.699680000050598],[-74.040531000147453,40.699656999729591],[-74.040511999880877,40.699627000276116],[-74.040484000291769,40.699594999890742],[-74.040470000048074,40.699557999915442],[-74.040465999850127,40.699527999736326],[-74.040466999675019,40.69949299996432],[-74.040454999979474,40.699467000238549],[-74.04043800026102,40.699437999798967],[-74.04042599966715,40.699412999832617],[-74.040402000276018,40.699393000125212],[-74.040351000222387,40.699374999974793],[-74.04031600006229,40.699365000116131],[-74.040278000427463,40.699350999766679],[-74.040243000267367,40.699333000285918],[-74.040210999581987,40.69931500011927],[-74.0401899996656,40.699277999988503],[-74.0401899996656,40.699245000333043],[-74.040186000365949,40.699215000012963],[-74.040157999878545,40.69919699981444],[-74.040070000014993,40.699171999757645],[-74.039979999603304,40.69912399986751],[-74.039947999816249,40.699097999997718],[-74.039899000310768,40.699068000292492],[-74.039863000325752,40.69904499976019],[-74.039845999709001,40.699031999811147],[-74.039817000295002,40.699008999947416],[-74.039796000378601,40.698976999946233],[-74.039798000028441,40.698937000263562],[-74.039823999967709,40.698911000320784],[-74.039868000348633,40.698893000040115],[-74.039910000181436,40.698883000109106],[-74.039951000189305,40.698882000320211],[-74.039986000349401,40.698886999945501],[-74.04002800018219,40.698897999664524],[-74.040044000075724,40.698902999969633],[-74.040059000144353,40.698906999804819],[-74.040095999954261,40.698934000218301],[-74.040145000358081,40.698896999875906],[-74.040214999779948,40.69885400009634],[-74.040234000046524,40.698832999750458],[-74.040078000410929,40.69871499995395],[-74.039931000097823,40.69859000003386],[-74.039669999981911,40.698774999668828],[-74.039650999715334,40.698795000242832],[-74.039632000347083,40.69878999992963],[-74.039584999593089,40.69878999992963],[-74.039537999737448,40.698786999877747],[-74.039507999600204,40.698779999983152],[-74.039488000407047,40.698776999930828],[-74.039469000140471,40.698751999716407],[-74.039438000178336,40.698738999710137],[-74.039411000414134,40.698737000128062],[-74.039376000254038,40.698731000019393],[-74.039365000383384,40.698708999843248],[-74.039341000093941,40.698684000284381],[-74.039316999804498,40.698665000150285],[-74.039285000017443,40.698632000191147],[-74.03924499983448,40.698613999835082],[-74.039204999651517,40.698603999862193],[-74.039167999841581,40.698594999681013],[-74.039115000138139,40.698592000301367],[-74.039060999711467,40.698596999948371],[-74.039006000358185,40.698593999887798],[-74.038960000327421,40.698594999681013],[-74.038925000167339,40.698606999922319],[-74.038879000136575,40.698610999775276],[-74.038827000258053,40.698623999806479],[-74.038780000402369,40.698636000042605],[-74.038744000417353,40.698636999835145],[-74.038711999732016,40.698653999711652],[-74.038680999769852,40.698659999827306],[-74.038653000180773,40.69866299988491],[-74.038633999914211,40.698666999734506],[-74.038621000393718,40.698671000264888],[-74.038602999952062,40.698676999697945],[-74.038623000043543,40.698698000093003],[-74.038606000325103,40.69871800000908],[-74.038568999616871,40.698730000228267],[-74.038526999784082,40.698711999898698],[-74.038505000042761,40.698701999940504],[-74.038453000164239,40.698681000227729],[-74.038419999653954,40.698665000150285],[-74.03839200006486,40.698665999942371],[-74.038371999973378,40.698668999999704],[-74.038367999775417,40.698686999659884],[-74.038380000369287,40.698714000162539],[-74.038396000262821,40.698728999756007],[-74.038434999722568,40.698792000191133],[-74.03845499981405,40.698825000070997],[-74.038467000407934,40.698870000128451],[-74.038463000209973,40.698924000293438],[-74.038459000012011,40.698980999776929],[-74.038467000407934,40.699017000285842],[-74.038498000370083,40.699073999689745],[-74.038494000172108,40.699114999756581],[-74.038510000065642,40.699146999691472],[-74.038532999631855,40.699171999757645],[-74.038561000119273,40.699192999996704],[-74.038597999929195,40.69920999973133],[-74.038632000264371,40.699239000270126],[-74.038664000051412,40.699262999837586],[-74.038696999663401,40.699278999771408],[-74.038722999602641,40.699302000222929],[-74.038741999869231,40.699334999850095],[-74.038758999587657,40.699368000141988],[-74.038772000006446,40.699397999712097],[-74.038782999877114,40.699406000003812],[-74.038796000295918,40.699439000260519],[-74.03880200014369,40.699486999923742],[-74.038814999664154,40.699532000215001],[-74.038838000128706,40.699561999711264],[-74.03887999996148,40.699601999699645],[-74.038893000380284,40.699625000039632],[-74.038936000037992,40.699655000175063],[-74.038989999566354,40.699661999977714],[-74.039023999901531,40.699661999977714],[-74.039074999955176,40.699668000002532],[-74.039120999985926,40.699671000014789],[-74.039162999818714,40.69967700003879],[-74.039254999880228,40.699686999850613],[-74.039286999667254,40.69970799992727],[-74.039330000223288,40.699726999763932],[-74.039381000276919,40.699750000060774],[-74.039428000132574,40.699762999869691],[-74.039476999638069,40.699781999690671],[-74.03951099997326,40.69981600021702],[-74.039546999958276,40.699843000262106],[-74.039586000316334,40.699853000049011],[-74.03962200030135,40.699856000052883],[-74.03966499995903,40.699873000299313],[-74.039689000248487,40.699898999866669],[-74.039712999639619,40.699928000105501],[-74.039745000324984,40.69994999987906],[-74.039782999959812,40.699952000105782],[-74.039824999792614,40.699955000105199],[-74.039859000127805,40.699966000328935],[-74.039900000135674,40.69998100032155],[-74.039933999572554,40.69999400008539],[-74.03996600025792,40.700018000061888],[-74.039993999847013,40.700041000258246],[-74.040022000334417,40.700060999771097],[-74.040048000273686,40.700074000200381],[-74.040081999710566,40.700092000161924],[-74.040121000068623,40.700101000140847],[-74.040152999855678,40.700102999681974],[-74.040187000190869,40.700113999881317],[-74.040249000115139,40.700116999873437],[-74.040282999552019,40.70011099988902],[-74.040328999582769,40.700101000140847],[-74.040376000336749,40.700112000340518],[-74.040414999796496,40.700125999848986],[-74.040460000002327,40.700149000008047],[-74.040495999987343,40.700161999739151],[-74.040527999774397,40.700175999918159],[-74.040568999782266,40.700187999874707],[-74.040612000338299,40.700201000279208],[-74.040648000323316,40.700214000000116],[-74.040696999828796,40.700214999768967],[-74.040730000339082,40.700193000082983],[-74.040747000057522,40.700166999949325]]],[[[-74.047206999962981,40.690892999819859],[-74.047206999962981,40.690843000275905],[-74.047196000092313,40.690794999833791],[-74.047190000244541,40.6907859999599],[-74.047145999863602,40.69071500015535],[-74.047047999954302,40.690626999716969],[-74.047027000037914,40.690589000296725],[-74.04703100023589,40.690560000079344],[-74.047041000281624,40.690482999863583],[-74.047150000061563,40.690426999836525],[-74.047182999673524,40.690410999820166],[-74.046921999557597,40.690096000333234],[-74.046910999686972,40.6900820000793],[-74.046484999714608,40.689588999770535],[-74.046247999888152,40.689319000181996],[-74.045370000004169,40.688877999931819],[-74.04507399972816,40.688735000326901],[-74.04479199969586,40.688589999847366],[-74.044717000251097,40.688575999958204],[-74.044445000264531,40.688526000037996],[-74.044349000005084,40.688507999676098],[-74.044132000270096,40.688538000049483],[-74.043958000192816,40.688566999784605],[-74.04394200029931,40.688568999671922],[-74.043619000259113,40.688760000213307],[-74.043498999710195,40.68917199974171],[-74.043455000227581,40.689630000225407],[-74.043862999758261,40.690166000196534],[-74.043885000397893,40.690185000029992],[-74.04456999993802,40.690559000165543],[-74.045034000443508,40.690731000098729],[-74.045426999905587,40.690895000318513],[-74.045970000053799,40.691103000083139],[-74.045981999749358,40.69110900019767],[-74.04611300016893,40.691125000046441],[-74.046143000306159,40.691123000235834],[-74.046164000222561,40.69109799987374],[-74.046176999743039,40.691091999758171],[-74.046308999987517,40.691089999946577],[-74.046487000262758,40.691077999713499],[-74.046535999768224,40.691075999901479],[-74.04696500011363,40.691051000202854],[-74.047041000281624,40.691040999775879],[-74.047099000007933,40.691017999877886],[-74.047149000236644,40.690985000217772],[-74.047186999871471,40.690936999877955],[-74.047191999894352,40.69092600020673],[-74.047206999962981,40.690892999819859]]]]},"properties":{"AREALAND":778246958,"AREAWATER":445342187,"BASENAME":"New York","CBSAPCI":"Y","CENTLAT":"+40.6624941","CENTLON":"-073.9389041","FUNCSTAT":"A","GEOID":"3651000","INTPTLAT":"+40.6627117","INTPTLON":"-073.9386769","LSADC":"25","MTFCC":"G4110","NAME":"New York city","NECTAPCI":"N","OBJECTID":31949,"OID":"27890287325779","PLACE":"51000","PLACECC":"C1","PLACENS":"02395220","STATE":"36","DISP_CLR":2}},{"type":"Feature","id":32404,"geometry":{"type":"Polygon","coordinates":[[[-78.956877000295236,42.832709999688582],[-78.945251000294903,42.832594999695708],[-78.937956000163183,42.832657000125181],[-78.930548000053548,42.832651000022565],[-78.924889000039173,42.832643999902174],[-78.87599700043323,42.832345999968879],[-78.872943999583356,42.832327000205126],[-78.87060899968219,42.832307999776788],[-78.870196000128615,42.83230499970864],[-78.868965000067234,42.832299000230641],[-78.865677999763946,42.832283999886151],[-78.864039999996777,42.832276999724201],[-78.86279100039205,42.832272000266762],[-78.862283000403934,42.832270000220177],[-78.860228999811838,42.832262000033154],[-78.857294999685962,42.83225799993923],[-78.853768000081473,42.832248999727014],[-78.853128999673785,42.832246999679683],[-78.852957000144656,42.832245000291081],[-78.852546000240935,42.832237000100818],[-78.852518999578422,42.832237000100818],[-78.850110000057427,42.832191000304292],[-78.848269999725574,42.832246999679683],[-78.847395000214661,42.83227300029003],[-78.847146999619227,42.832267000150139],[-78.846958000371657,42.832264000079995],[-78.844598000356129,42.832214000206832],[-78.840561000215388,42.831971999801084],[-78.840121999824234,42.831971999801084],[-78.839684000156325,42.831972999829212],[-78.838952999687152,42.831959000092738],[-78.838828000013663,42.831961000149434],[-78.838114000161227,42.831961000149434],[-78.838089000046864,42.831961000149434],[-78.837596000127363,42.83195499997926],[-78.837058000002017,42.831893000163085],[-78.836646000273376,42.831858999812475],[-78.836336999578577,42.831250000304529],[-78.835739999902003,42.830013999999849],[-78.835494999679625,42.829477999872474],[-78.835309999731692,42.829045999740096],[-78.835125999608678,42.828580999787548],[-78.834596999704175,42.827101000215343],[-78.834425000175031,42.826507999835265],[-78.83432800009065,42.826152000146358],[-78.834133999921889,42.826132999796307],[-78.833755999630128,42.826094999737442],[-78.833029000257199,42.826023000047343],[-78.832886999966988,42.826766999828784],[-78.830409999775597,42.826830000286407],[-78.829649000067477,42.826887000017585],[-78.827877000406019,42.82689099980027],[-78.827243999846118,42.826875000009174],[-78.823999000273943,42.82687899979264],[-78.823991999702926,42.827314999672211],[-78.823979000182462,42.828116000289747],[-78.823959999915886,42.829290999958552],[-78.823942000372526,42.830460000033888],[-78.823938000174564,42.830742999777989],[-78.823930999603547,42.831226000003056],[-78.823933000151712,42.831294000064425],[-78.825140999748555,42.832065999739122],[-78.82390999968716,42.832041999754551],[-78.820802000382344,42.832030000088118],[-78.819731999979425,42.832028000033709],[-78.818700999934578,42.832025999979237],[-78.81774600005771,42.83202199987003],[-78.815666000424685,42.832013000282238],[-78.815297000353738,42.832012000254764],[-78.81511300023071,42.832011000227268],[-78.814859999612423,42.832010000199766],[-78.813699999696155,42.832004000034345],[-78.812545999627659,42.832004000034345],[-78.809658000430844,42.832005000061947],[-78.809163999788126,42.832007000117102],[-78.808605999571284,42.832008000144661],[-78.808499000339481,42.832009000172199],[-78.807360000339614,42.832013000282238],[-78.806547999679566,42.831994999785138],[-78.805621000290088,42.831991999701792],[-78.803960000058396,42.831986000193403],[-78.803414000435453,42.831985000165503],[-78.802384000215511,42.831985000165503],[-78.801697000127263,42.831984000137524],[-78.801076999986151,42.831982000081616],[-78.801061999917536,42.832368999813696],[-78.801059000442805,42.832423000303748],[-78.801054000419924,42.832536999938903],[-78.801046000024016,42.832794999689007],[-78.801019000259828,42.83354700032794],[-78.801003000366322,42.834022999756158],[-78.800974999878903,42.834471999809111],[-78.800973000229078,42.834501000103842],[-78.800934999695926,42.835056999715675],[-78.80091899980242,42.835507000132019],[-78.800906000281927,42.836475999942387],[-78.800900000434154,42.836942999678492],[-78.800882999817404,42.837300999678988],[-78.800859000426257,42.838094999830211],[-78.800850000205429,42.838404000190799],[-78.800847999657293,42.838490000186816],[-78.800834000311909,42.8389530001919],[-78.800815999870252,42.839571000008398],[-78.800815999870252,42.839598999981604],[-78.80080699964941,42.841086999687995],[-78.80079099975589,42.84154400009556],[-78.80061699967861,42.841285999985509],[-78.800419000210212,42.841257000240233],[-78.800139999652629,42.841227999822657],[-78.800195999729127,42.839267999674817],[-78.799661999801756,42.839123000028671],[-78.798506000083435,42.838832999715585],[-78.79727500002204,42.838527999871225],[-78.796880999836745,42.838424999909826],[-78.79665900007889,42.83837199997788],[-78.795156999855863,42.841134999868046],[-78.795223999803014,42.841155000096769],[-78.795500999812447,42.841219000258107],[-78.795896999647567,42.841343000217393],[-78.796074000097889,42.841413999970513],[-78.796151999915693,42.841445000050498],[-78.796483000351799,42.841683999974968],[-78.796664999926676,42.841940999873593],[-78.79671199978236,42.842116000030821],[-78.796796000346262,42.84230200014008],[-78.796896999730265,42.842445999712595],[-78.796917999646666,42.842476999933446],[-78.797060999761797,42.84265699982479],[-78.797218999945557,42.842777000119675],[-78.797505000175818,42.84295000018394],[-78.79776000044393,42.843086000119008],[-78.797911000056686,42.84315199995055],[-78.798224999876041,42.843291000293249],[-78.798269000256965,42.843305000097203],[-78.796904000301282,42.84552200010701],[-78.79752699991711,42.845751000040302],[-78.797952999889475,42.845906999744599],[-78.798253000363445,42.846016999670759],[-78.798608000190683,42.846146999989664],[-78.799081999843608,42.846321000292285],[-78.7992290001567,42.846374999786896],[-78.800649000363975,42.845433999740031],[-78.800623000424707,42.845992999835296],[-78.800583000241744,42.847098999965553],[-78.800583000241744,42.847532000132809],[-78.800559999777207,42.848165000200986],[-78.800523999792205,42.849574000311769],[-78.800505000423939,42.850157999760349],[-78.800466999890787,42.851125999928556],[-78.800431999730691,42.852105000091946],[-78.800424000233079,42.852427999902908],[-78.800372000354528,42.853638999870398],[-78.800326000323778,42.854562000195649],[-78.80030200003435,42.855676999765514],[-78.800245000132946,42.858476999769643],[-78.80016099956903,42.861520000303955],[-78.800086999949187,42.863752000319835],[-78.80008199992632,42.86442499995286],[-78.800080000276481,42.864844000273436],[-78.80014499967551,42.865986000241904],[-78.800122000109283,42.867135000316949],[-78.799602000425608,42.867312999888043],[-78.799594999854605,42.86862000008842],[-78.799568999915323,42.870072000025047],[-78.799554999671628,42.871211999952195],[-78.79992100026783,42.871230000215306],[-78.799903999651079,42.871731000055895],[-78.799864000366412,42.873570000253793],[-78.799816999612446,42.874712000075647],[-78.799753000038336,42.875858999711276],[-78.799754999688162,42.876178999772605],[-78.799757000236298,42.876332999700253],[-78.79975399986327,42.877157999680676],[-78.799664000349892,42.877660000059315],[-78.799662999626648,42.877711999907064],[-78.799654000304145,42.880758999793322],[-78.79962300034201,42.88116400004629],[-78.799561000417725,42.882153999785196],[-78.79956300006755,42.882293999762766],[-78.799552000196897,42.884555999965968],[-78.799548999823841,42.88458200028056],[-78.799518999686612,42.884733999976532],[-78.799454000287611,42.885058999880066],[-78.799461999785208,42.885104999801001],[-78.79954600034911,42.885693999935405],[-78.799554999671628,42.885758000015791],[-78.799472999655862,42.887270999998947],[-78.799354999655094,42.889777999926672],[-78.799358999853055,42.891036000283918],[-78.799315000370427,42.895575000024238],[-78.799269000339677,42.8987690001196],[-78.799255999920888,42.899067000056796],[-78.799245999875154,42.899289000328167],[-78.799241999677193,42.899466999938738],[-78.799238000377542,42.899631000160291],[-78.799230999806525,42.899944000247125],[-78.799224999958753,42.900200999832698],[-78.799219000110966,42.900427000255092],[-78.799214000088099,42.90060900014447],[-78.799208000240299,42.900886999784554],[-78.79919900001947,42.901250000036086],[-78.799197000369645,42.901340999820327],[-78.799190999623548,42.901590999960675],[-78.79918300012595,42.901936999714479],[-78.799173999905122,42.902283000158647],[-78.799163999859374,42.902693999792866],[-78.799156000361776,42.903044000052681],[-78.799156000361776,42.903524999751156],[-78.799154999638532,42.905040999972442],[-78.799154999638532,42.90543599980424],[-78.799158999836493,42.906829000081842],[-78.799059000277381,42.909744000168942],[-78.799054000254515,42.909862000184425],[-78.799154999638532,42.911273000214365],[-78.799050999881473,42.913617000026775],[-78.799051999706364,42.916162999857285],[-78.799146000316028,42.918480000087129],[-78.799147000140948,42.919003000275069],[-78.799163000034454,42.921676999932124],[-78.799164999684294,42.922110999813533],[-78.799158000011602,42.922336000282677],[-78.799147000140948,42.922787999817601],[-78.799289000431145,42.926543000070453],[-78.799435000021035,42.927671999924016],[-78.799482999701596,42.928914000308573],[-78.799547000174016,42.929542000306846],[-78.798961000368095,42.929670000149351],[-78.798982000284497,42.929876999732592],[-78.798978999911441,42.929908000115525],[-78.79897999973636,42.929927999866258],[-78.798989999782108,42.931401000128233],[-78.79899300015515,42.932459000198357],[-78.798995999629881,42.932753000212294],[-78.798999000002951,42.93309200007004],[-78.798999999827842,42.933170000093362],[-78.798999999827842,42.933230999798241],[-78.798999999827842,42.93334199967768],[-78.798999999827842,42.933496000251509],[-78.799000999652762,42.933692000185722],[-78.799002000375992,42.933791999965514],[-78.799004999850723,42.934412000106015],[-78.799008000223765,42.935096000092663],[-78.799007000398859,42.935463000105628],[-78.79901200042174,42.935837000164284],[-78.799019999919338,42.936523999715256],[-78.799020999744243,42.936562000218196],[-78.799024000117285,42.937061000199009],[-78.799024999942205,42.937342000065222],[-78.799024999942205,42.938063999965983],[-78.799081999843608,42.938116999802801],[-78.799034000163047,42.940934999679307],[-78.799034999987938,42.942826999732922],[-78.798562000159933,42.94409899990648],[-78.798554999588916,42.945056000229528],[-78.798543999718248,42.945263000045117],[-78.798505000258515,42.946164000136584],[-78.798454000204899,42.947257999934237],[-78.798455000029819,42.948657999779591],[-78.798378000036919,42.948899000326001],[-78.798255000013256,42.949257000009659],[-78.803409000412586,42.949379999804229],[-78.803448999697238,42.949389000036135],[-78.811492999841505,42.949458999676267],[-78.811410999825739,42.94947800021302],[-78.811312999916439,42.949514999857108],[-78.811221999679844,42.949560999685708],[-78.811060000196463,42.949666999903222],[-78.810931000325027,42.949769000225501],[-78.81079800025563,42.949869000196877],[-78.810850000134167,42.950941999672636],[-78.81081499997407,42.951050999699682],[-78.810761000445709,42.951155999911094],[-78.81068799975246,42.951254000122141],[-78.810597000414191,42.951344000299308],[-78.810490000284062,42.951423999688757],[-78.810414000116083,42.951460000070462],[-78.81035600038976,42.952157000077676],[-78.808757000082338,42.952260000270577],[-78.808659000173051,42.954654000201344],[-78.804678000108808,42.954583999894844],[-78.803881000415686,42.95455600014445],[-78.803879999692455,42.955006999904533],[-78.80387800004263,42.955736999710034],[-78.803874999669588,42.956410000303137],[-78.804331999604088,42.956598999744827],[-78.807683000379797,42.956543000092523],[-78.807734000433413,42.957638000121491],[-78.807794999634467,42.958932000021363],[-78.808829999877261,42.959027999799389],[-78.808942000030271,42.961415999983004],[-78.809012000350464,42.961389999861765],[-78.811146000410176,42.960540000213534],[-78.812126000401406,42.960153000006237],[-78.812651999932868,42.95994499971814],[-78.813186999685158,42.959729999869658],[-78.81386899975054,42.959456999771383],[-78.813902000260839,42.959443000020251],[-78.814282000202411,42.959294000264642],[-78.814939999978364,42.959036999935279],[-78.815790000273253,42.958704999895602],[-78.815976999870998,42.95863400030408],[-78.816287000390702,42.958512999839272],[-78.817674999912612,42.957970999960708],[-78.818428000123106,42.95767600008368],[-78.818509000313966,42.957643999909493],[-78.81869300043698,42.957571999785415],[-78.81888099985963,42.957405999981866],[-78.81922900001419,42.958013000209256],[-78.819738999652117,42.958027000285753],[-78.820933999728496,42.958058000302906],[-78.820967000238767,42.958058000302906],[-78.822373000202347,42.958090000261798],[-78.823805999930102,42.958124000117706],[-78.823840000265278,42.958126000031307],[-78.824897000249393,42.958143999908195],[-78.825001999831386,42.958146999777576],[-78.825036999991482,42.958146999777576],[-78.825446000245392,42.958154000129696],[-78.825568000444122,42.958156999998586],[-78.825900999631742,42.958161999779762],[-78.826461000396719,42.958171999998342],[-78.8279259999115,42.958200000075792],[-78.8290930003988,42.958224000319817],[-78.829295999890064,42.958228000140458],[-78.829925000252018,42.95824100021315],[-78.830217000330052,42.958247999897139],[-78.831369999675331,42.958274000031231],[-78.831917000021505,42.958285000185846],[-78.83210399961925,42.958289000002466],[-78.836241000217427,42.958367000319967],[-78.83703700008563,42.958384000173744],[-78.838262000299224,42.95841100020256],[-78.838287000413587,42.958412000154681],[-78.839342999674486,42.958427000092271],[-78.839418000017545,42.958428000044179],[-78.840433999993778,42.958441000074572],[-78.8406320003605,42.958443999929472],[-78.841525000313084,42.958455000053689],[-78.84245900027355,42.958468000078369],[-78.842605999688317,42.958469000029609],[-78.843806999612482,42.958487999757047],[-78.844974999924673,42.958502999676114],[-78.845005000061903,42.958502999676114],[-78.845964000136732,42.958517000298514],[-78.84611700029761,42.958519000199345],[-78.846943000303028,42.958531000260329],[-78.847457999963851,42.958538999861439],[-78.847950000058418,42.958547000118884],[-78.848615000405374,42.958556000325089],[-78.84978700001723,42.958575000025654],[-78.850327999617306,42.958584000227802],[-78.850906999750535,42.958592999771192],[-78.851259999927947,42.958599000123463],[-78.852024000009109,42.958611000168851],[-78.852197000261455,42.958613000066627],[-78.853132000046855,42.958626000057933],[-78.853259000268451,42.958627999955219],[-78.853598000202155,42.958632999698125],[-78.854066999832227,42.95863800009807],[-78.854291000138204,42.95863800009807],[-78.85500599981556,42.958640999943363],[-78.855791999638015,42.958642999840151],[-78.855942000324148,42.958643999788556],[-78.858642999923219,42.958652999980565],[-78.861587000094843,42.958668999807394],[-78.864240000013325,42.958681999786869],[-78.865336000355498,42.958686000235176],[-78.865820999879077,42.958688000130515],[-78.86947399988027,42.958685000287453],[-78.869594000429174,42.958717999867467],[-78.869620000368442,42.958685000287453],[-78.86976900033136,42.958685000287453],[-78.870751999797307,42.958679999891388],[-78.871699000176562,42.958675000152255],[-78.872643000182777,42.958669999755323],[-78.873599999709469,42.958665000015422],[-78.87454899973855,42.958660000275117],[-78.876009000128803,42.958652000032359],[-78.8763759996516,42.958649000187599],[-78.876644000338501,42.958647000290995],[-78.876799000149205,42.958645999685253],[-78.878385000037824,42.958636000201103],[-78.878737000390359,42.95863400030408],[-78.87936800040211,42.958628999903866],[-78.880381000005286,42.958623000211915],[-78.88140000035456,42.958615999913143],[-78.881954000373426,42.958612000117725],[-78.882356999881253,42.958611000168851],[-78.882585000385205,42.95861000021997],[-78.882761000112296,42.95861000021997],[-78.883422000261291,42.958603999868728],[-78.884048000250175,42.958599000123463],[-78.885233000280806,42.95859700022524],[-78.885804999843032,42.958592999771192],[-78.88710600022462,42.958588000025038],[-78.889169999964125,42.958575000025654],[-78.889248999606849,42.958572000177142],[-78.889287000139987,42.958572000177142],[-78.889494999654133,42.958569000328481],[-78.89060799971476,42.95856699977184],[-78.89235500016018,42.961058999936931],[-78.892533000435392,42.961261000311374],[-78.893470999695523,42.962038999703537],[-78.893516999726259,42.962079999912362],[-78.893554000434506,42.962113000301059],[-78.893541000015716,42.962214999717339],[-78.894156999958852,42.962747000209184],[-78.894833000176476,42.963330999994675],[-78.895374999601444,42.963799000193418],[-78.89609199982695,42.964414999809406],[-78.896433000308789,42.964715000150697],[-78.896761000371853,42.964990000273957],[-78.89745900033077,42.965501999755112],[-78.898420999880329,42.966216000115587],[-78.89875399996626,42.96645499996847],[-78.899605999910946,42.965828000283089],[-78.900368000342297,42.965264999825322],[-78.901322000394231,42.964555000326051],[-78.901923000268781,42.964105999926801],[-78.902159000270316,42.963931999788478],[-78.902929000199265,42.963361999969059],[-78.903279000003636,42.963102999788042],[-78.903714000196814,42.962786000184167],[-78.903930000106868,42.962627999711458],[-78.904494000171496,42.962210000265507],[-78.904676999571279,42.962073999899509],[-78.90505599968796,42.961800999683348],[-78.905383999751038,42.961559999697045],[-78.906071999664206,42.961055000300327],[-78.906545000390537,42.960699000046723],[-78.906851999638874,42.960473999703105],[-78.906992000279274,42.960372000030105],[-78.907418000251624,42.960060999712667],[-78.907810999713689,42.959771000302332],[-78.908641999742002,42.959160999847015],[-78.908680000275154,42.959133000206918],[-78.908789999880014,42.959053000319649],[-78.909760999650402,42.958340000271797],[-78.910989000237052,42.95743499971843],[-78.911954000159653,42.956732999762544],[-78.912064999589433,42.956646000176747],[-78.912079999658019,42.956570000271689],[-78.912202999681682,42.956486999731794],[-78.912391999827562,42.956368000275369],[-78.912432999835445,42.956342999979071],[-78.912449999553886,42.95624799994404],[-78.914007999853425,42.94247900027456],[-78.914247000228031,42.94033199968824],[-78.91326600041188,42.938994000071212],[-78.912359000215616,42.937756999864924],[-78.909158999950947,42.933256999977573],[-78.907722999850151,42.92955600028202],[-78.905659000110646,42.923356999948652],[-78.905758999669743,42.92115699977392],[-78.905758999669743,42.913056999702341],[-78.905757999844852,42.908048999714111],[-78.905768999715477,42.906941999763184],[-78.905757999844852,42.906050000223374],[-78.905757999844852,42.899957000123877],[-78.906219999802204,42.899032000231571],[-78.909758000175657,42.891957000163558],[-78.91244799990406,42.88655499995965],[-78.915358999565413,42.88075700000001],[-78.930558999924216,42.850105000014537],[-78.956877000295236,42.832709999688582]]]},"properties":{"AREALAND":104572755,"AREAWATER":31342095,"BASENAME":"Buffalo","CBSAPCI":"Y","CENTLAT":"+42.8922399","CENTLON":"-078.8594380","FUNCSTAT":"A","GEOID":"3611000","INTPTLAT":"+42.8924919","INTPTLON":"-078.8596862","LSADC":"25","MTFCC":"G4110","NAME":"Buffalo city","NECTAPCI":"N","OBJECTID":32404,"OID":"27890115740547","PLACE":"11000","PLACECC":"C5","PLACENS":"00978764","STATE":"36","DISP_CLR":4}}]}